plant,day,idx30
ARE_FUJAIRAH,2025-01-04,
ARE_FUJAIRAH,2025-01-05,
ARE_FUJAIRAH,2025-01-06,
ARE_FUJAIRAH,2025-01-07,
ARE_FUJAIRAH,2025-01-10,
ARE_FUJAIRAH,2025-01-11,
ARE_FUJAIRAH,2025-01-12,
ARE_FUJAIRAH,2025-01-14,0.6391826316793331
ARE_FUJAIRAH,2025-01-16,0.6951675140513945
ARE_FUJAIRAH,2025-01-17,0.6174359158353238
ARE_FUJAIRAH,2025-01-20,0.5548870095128821
ARE_FUJAIRAH,2025-01-22,0.5193305136555212
ARE_FUJAIRAH,2025-01-23,0.497541651847093
ARE_FUJAIRAH,2025-01-24,0.4933288482310144
ARE_FUJAIRAH,2025-01-25,0.5035430262560323
ARE_FUJAIRAH,2025-01-26,0.5223096261292866
ARE_FUJAIRAH,2025-01-27,0.6096194855756979
ARE_FUJAIRAH,2025-01-29,0.5532746205019943
ARE_FUJAIRAH,2025-01-30,0.5719768961510715
ARE_FUJAIRAH,2025-02-01,0.5624480666849047
ARE_FUJAIRAH,2025-02-03,0.46652318160697537
ARE_FUJAIRAH,2025-02-04,0.46653394788719804
ARE_FUJAIRAH,2025-02-05,0.47331268404052806
ARE_FUJAIRAH,2025-02-06,0.4576684628933771
ARE_FUJAIRAH,2025-02-10,0.4357519196995551
ARE_FUJAIRAH,2025-02-11,0.447339037089532
ARE_FUJAIRAH,2025-02-12,0.4589713997403768
ARE_FUJAIRAH,2025-02-13,0.5066369731062739
ARE_FUJAIRAH,2025-02-19,0.4825296421248729
ARE_FUJAIRAH,2025-02-20,0.49706325767979803
ARE_FUJAIRAH,2025-02-21,0.5463246292951822
ARE_FUJAIRAH,2025-02-22,0.6175791593411315
ARE_FUJAIRAH,2025-02-23,0.6182760137326611
ARE_FUJAIRAH,2025-03-01,0.4744461214299239
ARE_FUJAIRAH,2025-03-03,0.4804684576214206
ARE_FUJAIRAH,2025-03-05,0.571652529522153
ARE_FUJAIRAH,2025-03-06,0.599485432393016
ARE_FUJAIRAH,2025-03-07,0.5821349585332414
ARE_FUJAIRAH,2025-03-14,0.6416361859443295
ARE_FUJAIRAH,2025-03-15,0.5838294166168009
ARE_FUJAIRAH,2025-03-16,0.5466712378900028
ARE_FUJAIRAH,2025-03-19,0.5704274030235531
ARE_FUJAIRAH,2025-03-20,0.740751961206815
ARE_FUJAIRAH,2025-03-21,0.8118730604193718
ARE_FUJAIRAH,2025-03-22,0.8771518422525223
ARE_FUJAIRAH,2025-03-24,0.8357673707402598
ARE_FUJAIRAH,2025-03-26,0.8224241561006146
ARE_FUJAIRAH,2025-03-27,0.7820444607698658
ARE_FUJAIRAH,2025-03-28,0.798180856300709
ARE_FUJAIRAH,2025-03-29,0.8478195827199703
ARE_FUJAIRAH,2025-03-30,0.8820900062857766
ARE_FUJAIRAH,2025-03-31,1.0140115238765794
ARE_FUJAIRAH,2025-04-01,1.05997990463455
ARE_FUJAIRAH,2025-04-02,1.2365606987122397
ARE_FUJAIRAH,2025-04-03,1.2553336408749933
ARE_FUJAIRAH,2025-04-05,1.3585292117452914
ARE_FUJAIRAH,2025-04-06,1.4359554275917714
ARE_FUJAIRAH,2025-04-09,1.3754959400544986
ARE_FUJAIRAH,2025-04-10,1.3786395583115507
ARE_FUJAIRAH,2025-04-11,1.3850218974742352
ARE_FUJAIRAH,2025-04-12,1.4017325689164573
ARE_FUJAIRAH,2025-04-13,1.3876138021878233
ARE_FUJAIRAH,2025-04-14,1.4592266507995473
ARE_FUJAIRAH,2025-04-15,1.5961066173927565
ARE_FUJAIRAH,2025-04-16,1.4824332873073323
ARE_FUJAIRAH,2025-04-18,1.4334474963088129
ARE_FUJAIRAH,2025-04-20,1.3719059508315272
ARE_FUJAIRAH,2025-04-21,1.33567236642096
ARE_FUJAIRAH,2025-04-22,1.3184624414549722
ARE_FUJAIRAH,2025-04-23,1.3540877257803337
ARE_FUJAIRAH,2025-04-24,1.329085670340224
ARE_FUJAIRAH,2025-04-25,1.340434028984604
ARE_FUJAIRAH,2025-04-26,1.4299698767182085
ARE_FUJAIRAH,2025-04-27,1.5358812465267015
ARE_FUJAIRAH,2025-04-28,1.5943536930618438
ARE_FUJAIRAH,2025-05-01,1.5883806562358835
ARE_FUJAIRAH,2025-05-02,1.4631464377598415
ARE_FUJAIRAH,2025-05-03,1.4991574749538907
ARE_FUJAIRAH,2025-05-04,1.3931086388233096
ARE_FUJAIRAH,2025-05-05,1.2297896266834973
ARE_FUJAIRAH,2025-05-06,1.1237830493145997
ARE_FUJAIRAH,2025-05-08,1.1190243751140785
ARE_FUJAIRAH,2025-05-09,1.136778560446439
ARE_FUJAIRAH,2025-05-10,1.0899251843342692
ARE_FUJAIRAH,2025-05-11,1.0625275299375139
ARE_FUJAIRAH,2025-05-12,1.0715681525020493
ARE_FUJAIRAH,2025-05-13,1.1076526389693047
ARE_FUJAIRAH,2025-05-14,1.1099683853614666
ARE_FUJAIRAH,2025-05-17,1.051008436807103
ARE_FUJAIRAH,2025-05-18,1.1043410490350365
ARE_FUJAIRAH,2025-05-19,1.103962591013909
ARE_FUJAIRAH,2025-05-20,1.162482155320217
ARE_FUJAIRAH,2025-05-21,1.211184109142278
ARE_FUJAIRAH,2025-05-22,1.2257048858976927
ARE_FUJAIRAH,2025-05-23,1.2443004762070182
ARE_FUJAIRAH,2025-05-24,1.3453509679689697
ARE_FUJAIRAH,2025-05-25,1.4070590237202771
ARE_FUJAIRAH,2025-05-26,1.3625358379706223
ARE_FUJAIRAH,2025-05-27,1.2642539829050279
ARE_FUJAIRAH,2025-05-28,1.1698971034317776
ARE_FUJAIRAH,2025-05-29,1.202955800420834
ARE_FUJAIRAH,2025-05-30,1.243636720707613
ARE_FUJAIRAH,2025-05-31,1.2442357036271035
ARE_FUJAIRAH,2025-06-01,1.2281436476425553
ARE_FUJAIRAH,2025-06-02,1.1827585328326038
ARE_FUJAIRAH,2025-06-03,1.2750435707208088
ARE_FUJAIRAH,2025-06-04,1.3550269260196222
ARE_FUJAIRAH,2025-06-05,1.396689885666558
ARE_FUJAIRAH,2025-06-10,1.5257864657031686
ARE_FUJAIRAH,2025-06-11,1.490961343231728
ARE_FUJAIRAH,2025-06-12,1.5847950441961238
ARE_FUJAIRAH,2025-06-13,1.5693181648394139
ARE_FUJAIRAH,2025-06-14,1.6372348249005244
ARE_FUJAIRAH,2025-06-15,1.6999557103157739
ARE_FUJAIRAH,2025-06-16,1.7430560870733465
ARE_FUJAIRAH,2025-06-17,1.7552944331505567
ARE_FUJAIRAH,2025-06-18,1.750165065607604
ARE_FUJAIRAH,2025-06-19,1.6770216604784696
ARE_FUJAIRAH,2025-06-22,1.5534464796027982
ARE_FUJAIRAH,2025-06-23,1.3978986679182732
ARE_FUJAIRAH,2025-06-24,1.2843218363831022
ARE_FUJAIRAH,2025-06-25,1.2725596339766547
ARE_FUJAIRAH,2025-06-26,1.256830451907509
ARE_FUJAIRAH,2025-06-27,1.2523918653741135
ARE_FUJAIRAH,2025-06-28,1.1903433518825364
ARE_FUJAIRAH,2025-06-29,1.1198348255188835
ARE_FUJAIRAH,2025-06-30,1.07949151233733
ARE_FUJAIRAH,2025-07-01,1.0862648519168585
ARE_FUJAIRAH,2025-07-02,1.0703806774762061
ARE_FUJAIRAH,2025-07-03,1.0401132177616608
ARE_FUJAIRAH,2025-07-04,1.030207674445763
ARE_FUJAIRAH,2025-07-06,1.0359733532671067
ARE_FUJAIRAH,2025-07-07,1.0145274810932217
ARE_FUJAIRAH,2025-07-08,1.0024208597397135
ARE_FUJAIRAH,2025-07-09,0.9949354707991993
ARE_FUJAIRAH,2025-07-10,0.9862767766289718
ARE_FUJAIRAH,2025-07-11,0.9543191149295202
ARE_FUJAIRAH,2025-07-12,0.8154047452445629
ARE_FUJAIRAH,2025-07-13,0.766377537899865
ARE_FUJAIRAH,2025-07-14,0.7170109453739761
ARE_FUJAIRAH,2025-07-15,0.6223545341209652
ARE_FUJAIRAH,2025-07-16,0.6552029474551603
ARE_FUJAIRAH,2025-07-17,0.6726533638711578
ARE_FUJAIRAH,2025-07-18,0.6455654134236392
ARE_FUJAIRAH,2025-07-19,0.6481074647848416
ARE_FUJAIRAH,2025-07-20,0.6580290772735771
ARE_FUJAIRAH,2025-07-21,0.6502041041828267
ARE_FUJAIRAH,2025-07-22,0.6751144328360443
ARE_FUJAIRAH,2025-07-23,0.712579608038624
ARE_FUJAIRAH,2025-07-24,0.7452951222641112
ARE_FUJAIRAH,2025-07-25,0.7180130657776871
ARE_FUJAIRAH,2025-07-26,0.7039979919034116
ARE_FUJAIRAH,2025-07-27,0.7117453911379845
ARE_FUJAIRAH,2025-07-28,0.7195115383826451
ARE_FUJAIRAH,2025-07-29,0.7301405612010983
ARE_FUJAIRAH,2025-08-02,0.7117460013162012
ARE_FUJAIRAH,2025-08-04,0.7043292713893045
ARE_FUJAIRAH,2025-08-05,0.7087505562861237
ARE_FUJAIRAH,2025-08-06,0.719915192098253
ARE_FUJAIRAH,2025-08-07,0.7077814816253863
ARE_FUJAIRAH,2025-08-08,0.6974838322018964
ARE_FUJAIRAH,2025-08-09,0.67226015271509
ARE_FUJAIRAH,2025-08-10,0.6850959744071669
ARE_FUJAIRAH,2025-08-11,0.7028210398679865
ARE_FUJAIRAH,2025-08-13,0.6560392103857393
ARE_FUJAIRAH,2025-08-14,0.6501329104976893
ARE_FUJAIRAH,2025-08-16,0.5456780968458962
ARE_FUJAIRAH,2025-08-17,0.5967773480246832
ARE_FUJAIRAH,2025-08-18,0.5964750941423056
ARE_FUJAIRAH,2025-08-19,0.5866266537499301
ARE_FUJAIRAH,2025-08-20,0.5803041728388588
ARE_FUJAIRAH,2025-08-21,0.5800329030013809
ARE_FUJAIRAH,2025-08-22,0.6002440456717045
ARE_FUJAIRAH,2025-08-24,0.6211245248725952
ARE_FUJAIRAH,2025-08-26,0.617874689951175
ARE_FUJAIRAH,2025-08-27,0.5928482703955609
ARE_FUJAIRAH,2025-08-28,0.5749560288659673
ARE_FUJAIRAH,2025-08-29,0.6493032459705547
ARE_FUJAIRAH,2025-08-30,0.6617275360192044
ARE_FUJAIRAH,2025-08-31,0.6531075316466476
ARE_FUJAIRAH,2025-09-01,0.6875484301366135
ARE_FUJAIRAH,2025-09-02,0.6852725941554965
ARE_FUJAIRAH,2025-09-03,0.6913480045008831
ARE_FUJAIRAH,2025-09-04,0.6794867599385636
ARE_FUJAIRAH,2025-09-05,0.6969583324267445
ARE_FUJAIRAH,2025-09-07,0.731633005158705
ARE_FUJAIRAH,2025-09-08,0.7372663887587575
ARE_FUJAIRAH,2025-09-09,0.7256549257502685
ARE_FUJAIRAH,2025-09-10,0.7262634800535673
ARE_FUJAIRAH,2025-09-13,0.7225992446407101
ARE_FUJAIRAH,2025-09-14,0.7062030806290872
ARE_FUJAIRAH,2025-09-15,0.7430277457165793
ARE_FUJAIRAH,2025-09-16,0.7053242059747737
ARE_FUJAIRAH,2025-09-17,0.7313867375990418
ARE_FUJAIRAH,2025-09-18,0.7582299690813379
ARE_FUJAIRAH,2025-09-19,0.7701116778694176
ARE_FUJAIRAH,2025-09-21,0.7739542238220706
ARE_FUJAIRAH,2025-09-22,0.7939438202240652
ARE_FUJAIRAH,2025-09-23,0.8109495500848933
ARE_FUJAIRAH,2025-09-24,0.7963600747839035
ARE_FUJAIRAH,2025-09-25,0.7992243586396595
ARE_FUJAIRAH,2025-09-26,0.8086101465730382
ARE_FUJAIRAH,2025-09-27,0.805268473269473
ARE_FUJAIRAH,2025-09-28,0.7629360489242989
ARE_FUJAIRAH,2025-09-30,0.7781138532168622
ARE_FUJAIRAH,2025-10-01,0.8125176991023025
ARE_FUJAIRAH,2025-10-02,0.8154269186968578
ARE_FUJAIRAH,2025-10-03,0.8367653143225737
ARE_FUJAIRAH,2025-10-04,0.846392002190352
ARE_FUJAIRAH,2025-10-05,0.8562397227826153
ARE_FUJAIRAH,2025-10-06,0.844974215791958
ARE_FUJAIRAH,2025-10-07,0.8406214394688774
ARE_FUJAIRAH,2025-10-08,0.8323762487080747
ARE_FUJAIRAH,2025-10-09,0.8764447856063466
ARE_FUJAIRAH,2025-10-10,0.8749936120162825
ARE_FUJAIRAH,2025-10-12,0.8516668380786127
ARE_FUJAIRAH,2025-10-14,0.8982735543488396
ARE_FUJAIRAH,2025-10-15,0.8966731770933903
ARE_FUJAIRAH,2025-10-16,0.9017335837871502
ARE_FUJAIRAH,2025-10-17,0.8800778731005562
ARE_FUJAIRAH,2025-10-18,0.8600053837573848
ARE_FUJAIRAH,2025-10-20,0.904870610373852
ARE_FUJAIRAH,2025-10-21,0.9234497757860068
ARE_FUJAIRAH,2025-10-22,0.9962789635920503
ARE_FUJAIRAH,2025-10-23,1.0509541736769934
ARE_FUJAIRAH,2025-10-24,1.0935650760429245
ARE_FUJAIRAH,2025-10-25,1.087771034491726
ARE_FUJAIRAH,2025-10-26,1.131677282430768
ARE_FUJAIRAH,2025-10-27,1.1967899563456768
ARE_FUJAIRAH,2025-10-28,1.2365321923736667
ARE_FUJAIRAH,2025-10-29,1.2646533712519235
ARE_FUJAIRAH,2025-10-30,1.293902745492969
ARE_FUJAIRAH,2025-10-31,1.290384419218529
ARE_FUJAIRAH,2025-11-01,1.342696101896502
ARE_FUJAIRAH,2025-11-02,1.323448790009987
ARE_FUJAIRAH,2025-11-06,1.3649481514535495
ARE_FUJAIRAH,2025-11-07,1.3606374724308516
ARE_FUJAIRAH,2025-11-08,1.356062217687511
ARE_FUJAIRAH,2025-11-09,1.3966156067308722
ARE_FUJAIRAH,2025-11-10,1.4097378209054008
ARE_FUJAIRAH,2025-11-11,1.4507592219235195
ARE_FUJAIRAH,2025-11-12,1.4361422561859385
ARE_FUJAIRAH,2025-11-13,1.555180748593793
ARE_FUJAIRAH,2025-11-14,1.5803833780499137
ARE_FUJAIRAH,2025-11-15,1.6504033097778028
ARE_FUJAIRAH,2025-11-16,1.6656510158935258
ARE_FUJAIRAH,2025-11-17,1.6778169643716296
ARE_FUJAIRAH,2025-11-18,1.712333842894127
ARE_FUJAIRAH,2025-11-19,1.7035752403739468
ARE_FUJAIRAH,2025-11-20,1.7308507998361464
ARE_FUJAIRAH,2025-11-21,1.7706818847415418
ARE_FUJAIRAH,2025-11-22,1.717855668952632
ARE_FUJAIRAH,2025-11-23,1.6913586552906525
ARE_FUJAIRAH,2025-11-24,1.7448230308185078
ARE_FUJAIRAH,2025-11-25,1.7778491346848373
ARE_FUJAIRAH,2025-11-26,1.8053962580795488
ARE_FUJAIRAH,2025-11-27,1.7769909678605682
ARE_FUJAIRAH,2025-11-28,1.7396223998491753
ARE_FUJAIRAH,2025-11-29,1.7011316192766468
ARE_FUJAIRAH,2025-11-30,1.7023160397390087
ARE_FUJAIRAH,2025-12-01,1.7036597190826521
ARE_FUJAIRAH,2025-12-02,1.7201530167765302
ARE_FUJAIRAH,2025-12-03,1.7945756080630169
ARE_FUJAIRAH,2025-12-04,1.7563616957700359
ARE_FUJAIRAH,2025-12-07,1.7902491159798664
ARE_FUJAIRAH,2025-12-08,1.7655534075465609
ARE_FUJAIRAH,2025-12-09,1.7616603483862523
ARE_FUJAIRAH,2025-12-10,1.7325457378327525
ARE_FUJAIRAH,2025-12-22,1.4604043875036647
ARE_FUJAIRAH,2025-12-23,1.4344881054287268
ARE_FUJAIRAH,2025-12-24,1.3690709354701676
ARE_FUJAIRAH,2025-12-25,1.2342096981461188
ARE_FUJAIRAH,2025-12-27,1.1757935260986683
ARE_FUJAIRAH,2025-12-31,0.9799181053060393
ARE_FUJAIRAH,2026-01-02,0.6159423648928452
ARE_FUJAIRAH,2026-01-03,0.6345467739117201
ARE_FUJAIRAH,2026-01-12,0.6032257994099134
ARE_FUJAIRAH,2026-01-13,0.677806519461658
ARE_FUJAIRAH,2026-01-17,0.6340413584764764
ARE_FUJAIRAH,2026-01-20,0.5778480996941692
ARE_FUJAIRAH,2026-01-21,0.6174930668012236
ARE_FUJAIRAH,2026-01-22,0.6631661101689547
ARE_FUJAIRAH,2026-01-23,0.6132087973219218
ARE_FUJAIRAH,2026-01-24,0.6922344585709426
ARE_FUJAIRAH,2026-01-30,0.5787016753199936
ARE_FUJAIRAH,2026-01-31,0.4309350854787363
ARE_FUJAIRAH,2026-02-01,0.5180160322697027
ARE_FUJAIRAH,2026-02-02,0.5416625243915628
ARE_FUJAIRAH,2026-02-03,0.558541278686859
ARE_FUJAIRAH,2026-02-04,0.5389026403262216
ARE_FUJAIRAH,2026-02-05,0.5806437213018254
ARE_FUJAIRAH,2026-02-07,0.5897214164377855
ARE_FUJAIRAH,2026-02-09,0.5246142723522517
ARE_FUJAIRAH,2026-02-10,0.5104571251274234
ARE_FUJAIRAH,2026-02-11,0.4575219148868553
ARE_FUJAIRAH,2026-02-12,0.40696778685094936
ARE_FUJAIRAH,2026-02-13,0.4915149585020749
ARE_FUJAIRAH,2026-02-14,0.5785497464478631
ARE_FUJAIRAH,2026-02-15,0.49465444684180954
ARE_FUJAIRAH,2026-02-16,0.5233705955796017
ARE_FUJAIRAH,2026-02-17,0.5231851977894361
ARE_FUJAIRAH,2026-02-18,0.516223152927724
ARE_FUJAIRAH,2026-02-19,0.6021732187722414
ARE_FUJAIRAH,2026-02-20,0.5962844555503303
ARE_FUJAIRAH,2026-02-21,0.626643399438144
ARE_FUJAIRAH,2026-02-23,0.6597589558382739
ARE_FUJAIRAH,2026-02-24,0.7234632069061641
ARE_FUJAIRAH,2026-02-26,0.6421464942587295
ARE_FUJAIRAH,2026-02-27,0.5913889343294608
ARE_FUJAIRAH,2026-02-28,0.6171077075160919
ARE_FUJAIRAH,2026-03-01,0.6752155673797227
ARE_FUJAIRAH,2026-03-02,0.776264300139957
ARE_FUJAIRAH,2026-03-03,0.7869148724059397
ARE_FUJAIRAH,2026-03-14,0.9667146588502562
ARE_FUJAIRAH,2026-03-15,0.9573276309509087
ARE_FUJAIRAH,2026-03-16,0.9121166619254938
ARE_FUJAIRAH,2026-03-19,1.0602077618448575
ARE_FUJAIRAH,2026-04-01,
ARE_FUJAIRAH,2026-04-02,
ARE_FUJAIRAH,2026-04-03,
ARE_FUJAIRAH,2026-04-04,0.8767925905301103
ARE_FUJAIRAH,2026-04-08,0.8093247112822343
ARE_FUJAIRAH,2026-04-17,
ARE_FUJAIRAH,2026-04-18,
ARE_FUJAIRAH,2026-04-19,0.11204575834613442
ARE_FUJAIRAH,2026-04-23,0.207787617007741
ARE_FUJAIRAH,2026-04-24,0.30812742866423176
ARE_FUJAIRAH,2026-04-29,0.3751706065518671
ARE_FUJAIRAH,2026-05-03,0.42717034162683515
ARE_FUJAIRAH,2026-05-04,0.26345707014667974
ARE_FUJAIRAH,2026-05-05,0.3653902993386931
ARE_FUJAIRAH,2026-05-06,0.45743403294798635
ARE_FUJAIRAH,2026-05-08,0.37220786934328703
ARE_FUJAIRAH,2026-05-10,0.3225079078422725
ARE_FUJAIRAH,2026-05-11,0.3562160710701281
ARE_FUJAIRAH,2026-05-12,0.421922057827601
ARE_FUJAIRAH,2026-05-16,0.4512637327723907
ARE_FUJAIRAH,2026-05-17,0.5897682047601094
ARE_FUJAIRAH,2026-05-19,0.5468846493531023
ARE_FUJAIRAH,2026-05-22,0.6523171110918254
ARE_FUJAIRAH,2026-05-24,0.61176125530567
ARE_FUJAIRAH,2026-05-25,0.6858045010742561
ARE_FUJAIRAH,2026-05-27,0.6529605138091293
ARE_FUJAIRAH,2026-05-28,0.6678624412115723
ARE_FUJAIRAH,2026-05-29,0.6589821732854066
ARE_FUJAIRAH,2026-05-30,0.5355356927510571
ARE_FUJAIRAH,2026-05-31,0.4884123820325361
ARE_FUJAIRAH,2026-06-04,0.5685552565609215
ARE_FUJAIRAH,2026-06-05,0.5266858852805728
ARE_FUJAIRAH,2026-06-06,0.5403604079419311
ARE_FUJAIRAH,2026-06-07,0.6704376966608216
ARE_FUJAIRAH,2026-06-08,0.5875622701653436
ARE_FUJAIRAH,2026-06-10,0.653735085512465
ARE_FUJAIRAH,2026-06-11,0.7135648102599342
ARE_FUJAIRAH,2026-06-12,0.7235323824666053
ARE_FUJAIRAH,2026-06-13,0.789606322628089
ARE_FUJAIRAH,2026-06-14,0.8118026473885722
ARE_FUJAIRAH,2026-06-15,0.8625592474159285
ARE_FUJAIRAH,2026-06-16,0.8804282057605013
ARE_FUJAIRAH,2026-06-17,0.868942363184284
ARE_FUJAIRAH,2026-06-18,0.939490124469653
ARE_FUJAIRAH,2026-06-19,0.930846030782505
ARE_FUJAIRAH,2026-06-21,0.8763790676335207
ARE_FUJAIRAH,2026-06-23,0.8759161441472925
ARE_FUJAIRAH,2026-06-24,0.8544616412283285
ARE_FUJAIRAH,2026-06-25,0.8562670382685035
ARE_FUJAIRAH,2026-06-27,0.8655716932951465
ARE_FUJAIRAH,2026-06-28,0.8636202553217218
ARE_FUJAIRAH,2026-06-29,0.974756192357323
ARE_FUJAIRAH,2026-06-30,1.0364132084060902
ARE_FUJAIRAH,2026-07-01,1.0244604416669743
ARE_FUJAIRAH,2026-07-02,1.0252231908400746
ARE_FUJAIRAH,2026-07-03,0.9986932797368262
ARE_FUJAIRAH,2026-07-04,1.0278746864303756
ARE_FUJAIRAH,2026-07-06,0.9524701684685306
ARE_FUJAIRAH,2026-07-08,1.0398747760631613
ARE_FUJAIRAH,2026-07-09,1.0206917469373564
ARE_FUJAIRAH,2026-07-10,1.0122345917041802
ARE_FUJAIRAH,2026-07-11,0.9133221848964245
ARE_FUJAIRAH,2026-07-12,0.8763189027454764
ARE_FUJAIRAH,2026-07-13,0.8076740990590555
ARE_FUJAIRAH,2026-07-14,0.8046103708865004
ARE_FUJAIRAH,2026-07-15,0.7507694077541351
ARE_FUJAIRAH,2026-07-16,0.7219213400511139
ARE_FUJAIRAH,2026-07-17,0.7110868249834655
ARE_FUJAIRAH,2026-07-18,0.6941071311367172
ARE_FUJAIRAH,2026-07-20,0.583526847785367
ARE_FUJAIRAH,2026-07-23,0.5842823973891121
ARE_FUJAIRAH,2026-07-24,0.5876087805159689
ARE_FUJAIRAH,2026-07-25,0.5827318164632262
ARE_FUJAIRAH,2026-07-26,0.582979628230721
ARE_FUJAIRAH,2026-07-27,0.6136693404544385
ARE_FUJAIRAH,2026-07-28,0.6437154711918638
ARE_FUJAIRAH,2026-07-31,0.683165838218153
ARE_FUJAIRAH,2026-08-01,0.7664593446767237
ARE_FUJAIRAH,2026-08-03,0.7308369898055536
ARE_FUJAIRAH,2026-08-04,0.7315752434319359
ARE_FUJAIRAH,2026-08-05,0.8774343362536478
ARE_FUJAIRAH,2026-08-07,0.8529674611848045
ARE_FUJAIRAH,2026-08-08,0.8523699950586652
ARE_FUJAIRAH,2026-08-09,0.830436228459433
ARE_FUJAIRAH,2026-08-10,0.8999140698619198
ARE_FUJAIRAH,2026-08-11,0.9651492427212736
ARE_FUJAIRAH,2026-08-12,1.0163173601611448
ARE_FUJAIRAH,2026-08-13,0.9944989719355223
ARE_FUJAIRAH,2026-08-14,1.0550599286588318
ARE_FUJAIRAH,2026-08-15,1.1193423726120155
ARE_FUJAIRAH,2026-08-17,1.160705958613291
ARE_FUJAIRAH,2026-08-18,1.1298147325862544
ARE_FUJAIRAH,2026-08-19,1.247199955845223
ARE_FUJAIRAH,2026-08-21,1.2299523721542314
ARE_FUJAIRAH,2026-08-23,1.2398332373778465
ARE_FUJAIRAH,2026-08-24,1.2882688241062534
ARE_FUJAIRAH,2026-08-25,1.310004563037137
ARE_FUJAIRAH,2026-08-26,1.3085152250735883
ARE_FUJAIRAH,2026-08-27,1.3116857328637983
ARE_FUJAIRAH,2026-08-28,1.3341541040993168
ARE_FUJAIRAH,2026-08-29,1.3086387403779514
ARE_FUJAIRAH,2026-08-31,1.1932880370003234
ARE_FUJAIRAH,2026-09-01,1.1920113992380468
ARE_FUJAIRAH,2026-09-05,1.2132727827427754
ARE_FUJAIRAH,2026-09-06,1.2081459921205016
ARE_FUJAIRAH,2026-09-08,1.2267101645285265
ARE_FUJAIRAH,2026-09-09,1.2303595081629959
ARE_JEBELALI,2025-01-04,
ARE_JEBELALI,2025-01-05,
ARE_JEBELALI,2025-01-06,
ARE_JEBELALI,2025-01-09,
ARE_JEBELALI,2025-01-10,
ARE_JEBELALI,2025-01-11,
ARE_JEBELALI,2025-01-14,
ARE_JEBELALI,2025-01-15,0.7858312207010267
ARE_JEBELALI,2025-01-16,0.8919385781594431
ARE_JEBELALI,2025-01-17,0.9051335698607611
ARE_JEBELALI,2025-01-20,0.8726219238872215
ARE_JEBELALI,2025-01-22,0.8955059707627742
ARE_JEBELALI,2025-01-23,0.8808737776069502
ARE_JEBELALI,2025-01-24,0.8946463623365519
ARE_JEBELALI,2025-01-25,0.9318121753979287
ARE_JEBELALI,2025-01-26,1.0113684772621694
ARE_JEBELALI,2025-01-27,1.048090303643372
ARE_JEBELALI,2025-01-28,1.012045059453816
ARE_JEBELALI,2025-01-29,0.9889456910705766
ARE_JEBELALI,2025-01-30,0.9716449540578811
ARE_JEBELALI,2025-02-03,0.9512787056783134
ARE_JEBELALI,2025-02-04,0.9719394808523983
ARE_JEBELALI,2025-02-07,0.9750109209196065
ARE_JEBELALI,2025-02-09,0.9589900237223694
ARE_JEBELALI,2025-02-10,0.9199767846480754
ARE_JEBELALI,2025-02-11,0.9491776614362933
ARE_JEBELALI,2025-02-12,0.9493685401283307
ARE_JEBELALI,2025-02-13,0.9804294180965103
ARE_JEBELALI,2025-02-15,0.8956298367489754
ARE_JEBELALI,2025-02-17,0.8362626902036302
ARE_JEBELALI,2025-02-19,0.8394354743207992
ARE_JEBELALI,2025-02-20,0.8395013118345014
ARE_JEBELALI,2025-02-21,0.851728045531691
ARE_JEBELALI,2025-02-22,0.8589102303759582
ARE_JEBELALI,2025-02-23,0.8445950575693372
ARE_JEBELALI,2025-02-26,0.6739335263714487
ARE_JEBELALI,2025-03-01,0.7096204217475843
ARE_JEBELALI,2025-03-02,0.6813508298509127
ARE_JEBELALI,2025-03-03,0.6942049017856812
ARE_JEBELALI,2025-03-04,0.7053717078336594
ARE_JEBELALI,2025-03-06,0.720708476206482
ARE_JEBELALI,2025-03-07,0.7113228228714809
ARE_JEBELALI,2025-03-08,0.717241443663454
ARE_JEBELALI,2025-03-11,0.7703954982124042
ARE_JEBELALI,2025-03-12,0.8124441498153361
ARE_JEBELALI,2025-03-13,0.7662405944612564
ARE_JEBELALI,2025-03-14,0.780417855321953
ARE_JEBELALI,2025-03-15,0.7623083084561636
ARE_JEBELALI,2025-03-16,0.7255636985636112
ARE_JEBELALI,2025-03-18,0.7679320764354429
ARE_JEBELALI,2025-03-19,0.8337793894085133
ARE_JEBELALI,2025-03-20,0.8726816811748308
ARE_JEBELALI,2025-03-21,0.8802386512282866
ARE_JEBELALI,2025-03-22,0.8709109191328729
ARE_JEBELALI,2025-03-26,0.8566101047406025
ARE_JEBELALI,2025-03-27,0.8539446871169751
ARE_JEBELALI,2025-03-28,0.8446374552983574
ARE_JEBELALI,2025-03-30,0.8247898950815777
ARE_JEBELALI,2025-03-31,0.8055888985157152
ARE_JEBELALI,2025-04-01,0.8595852089801771
ARE_JEBELALI,2025-04-02,0.935402937044974
ARE_JEBELALI,2025-04-03,0.9555254094762545
ARE_JEBELALI,2025-04-05,0.9531936568040437
ARE_JEBELALI,2025-04-06,0.9789963673080649
ARE_JEBELALI,2025-04-07,1.0341435582321212
ARE_JEBELALI,2025-04-08,1.0532821672286083
ARE_JEBELALI,2025-04-09,1.0471334423552758
ARE_JEBELALI,2025-04-10,1.0282627342354032
ARE_JEBELALI,2025-04-11,1.0349618005227856
ARE_JEBELALI,2025-04-12,1.1312858330266133
ARE_JEBELALI,2025-04-13,1.1088121703816167
ARE_JEBELALI,2025-04-14,1.0948956119944937
ARE_JEBELALI,2025-04-15,1.1276594862696305
ARE_JEBELALI,2025-04-16,1.1060112855187954
ARE_JEBELALI,2025-04-17,1.0738405748860789
ARE_JEBELALI,2025-04-19,1.0197249678892184
ARE_JEBELALI,2025-04-20,1.009509682188557
ARE_JEBELALI,2025-04-21,1.0349582764434506
ARE_JEBELALI,2025-04-22,1.051800163489198
ARE_JEBELALI,2025-04-23,1.0985834668435954
ARE_JEBELALI,2025-04-24,1.1086598840914332
ARE_JEBELALI,2025-04-25,1.130184253849898
ARE_JEBELALI,2025-04-28,1.2136804643515897
ARE_JEBELALI,2025-04-29,1.2745687232166565
ARE_JEBELALI,2025-05-01,1.3013831843665238
ARE_JEBELALI,2025-05-02,1.225859751696281
ARE_JEBELALI,2025-05-03,1.2120402122654912
ARE_JEBELALI,2025-05-04,1.202655513787278
ARE_JEBELALI,2025-05-05,1.2121018115994509
ARE_JEBELALI,2025-05-06,1.182929388181274
ARE_JEBELALI,2025-05-10,1.1591778579836305
ARE_JEBELALI,2025-05-11,1.1242104947266733
ARE_JEBELALI,2025-05-12,1.0565303163742406
ARE_JEBELALI,2025-05-13,1.0773690657441368
ARE_JEBELALI,2025-05-14,1.1046561714191756
ARE_JEBELALI,2025-05-15,1.1208120763347396
ARE_JEBELALI,2025-05-16,1.1597596699243635
ARE_JEBELALI,2025-05-17,1.1670299452197828
ARE_JEBELALI,2025-05-18,1.1458021913718455
ARE_JEBELALI,2025-05-19,1.2202578156548467
ARE_JEBELALI,2025-05-20,1.2484850381242059
ARE_JEBELALI,2025-05-21,1.2280700194216905
ARE_JEBELALI,2025-05-22,1.2093257739642442
ARE_JEBELALI,2025-05-23,1.2303807990756626
ARE_JEBELALI,2025-05-24,1.2537309135714636
ARE_JEBELALI,2025-05-25,1.2379173300922206
ARE_JEBELALI,2025-05-26,1.2537621472006824
ARE_JEBELALI,2025-05-27,1.2264450046737454
ARE_JEBELALI,2025-05-28,1.182169681384155
ARE_JEBELALI,2025-05-29,1.1730378489443223
ARE_JEBELALI,2025-05-30,1.1710956768395067
ARE_JEBELALI,2025-05-31,1.1500810339192808
ARE_JEBELALI,2025-06-01,1.143819014520862
ARE_JEBELALI,2025-06-02,1.1396179200286307
ARE_JEBELALI,2025-06-03,1.1278564548678252
ARE_JEBELALI,2025-06-04,1.1150531249250668
ARE_JEBELALI,2025-06-05,1.1247838636042726
ARE_JEBELALI,2025-06-06,1.095008201696522
ARE_JEBELALI,2025-06-07,1.063140122113466
ARE_JEBELALI,2025-06-08,1.0352494024686374
ARE_JEBELALI,2025-06-09,1.0184545490727728
ARE_JEBELALI,2025-06-11,1.0477770803394066
ARE_JEBELALI,2025-06-12,1.045721018167734
ARE_JEBELALI,2025-06-13,1.0701580088871645
ARE_JEBELALI,2025-06-14,1.0844822692555505
ARE_JEBELALI,2025-06-15,1.0711999844777587
ARE_JEBELALI,2025-06-16,1.1530501301107794
ARE_JEBELALI,2025-06-17,1.1576097724812773
ARE_JEBELALI,2025-06-18,1.0998626334714003
ARE_JEBELALI,2025-06-19,1.0844377911887733
ARE_JEBELALI,2025-06-20,1.0904925727008912
ARE_JEBELALI,2025-06-21,1.095250322184374
ARE_JEBELALI,2025-06-22,1.025257492130097
ARE_JEBELALI,2025-06-23,0.9817639184304865
ARE_JEBELALI,2025-06-24,0.9667083302037951
ARE_JEBELALI,2025-06-25,0.9462645964998492
ARE_JEBELALI,2025-06-26,0.9615724540585107
ARE_JEBELALI,2025-06-27,0.9750599654317231
ARE_JEBELALI,2025-06-28,0.9326620730747628
ARE_JEBELALI,2025-06-29,0.907187610898081
ARE_JEBELALI,2025-06-30,0.9050298155760556
ARE_JEBELALI,2025-07-01,0.9409003041207514
ARE_JEBELALI,2025-07-02,0.9743833345890367
ARE_JEBELALI,2025-07-03,0.9800292064805636
ARE_JEBELALI,2025-07-05,0.9886614888745239
ARE_JEBELALI,2025-07-06,0.9927026376475376
ARE_JEBELALI,2025-07-07,1.0146856962829418
ARE_JEBELALI,2025-07-08,1.037583589713027
ARE_JEBELALI,2025-07-09,1.0592978027612001
ARE_JEBELALI,2025-07-10,1.063625508758255
ARE_JEBELALI,2025-07-11,1.0292928472051128
ARE_JEBELALI,2025-07-15,0.9536420380123745
ARE_JEBELALI,2025-07-16,0.876108264014886
ARE_JEBELALI,2025-07-17,0.8847721501287121
ARE_JEBELALI,2025-07-18,0.8884424492291199
ARE_JEBELALI,2025-07-19,0.8702999643528422
ARE_JEBELALI,2025-07-20,0.8504934172542815
ARE_JEBELALI,2025-07-22,0.8393342497523898
ARE_JEBELALI,2025-07-23,0.8417832653969844
ARE_JEBELALI,2025-07-24,0.8202040392648936
ARE_JEBELALI,2025-07-25,0.7956341431281344
ARE_JEBELALI,2025-07-27,0.7656016206826255
ARE_JEBELALI,2025-07-28,0.8159432789272153
ARE_JEBELALI,2025-07-29,0.8673701871240472
ARE_JEBELALI,2025-07-30,0.8667192127012907
ARE_JEBELALI,2025-08-01,0.7790601736864842
ARE_JEBELALI,2025-08-02,0.7619602495493294
ARE_JEBELALI,2025-08-03,0.747494976741959
ARE_JEBELALI,2025-08-04,0.7579652543342043
ARE_JEBELALI,2025-08-05,0.7674993048939956
ARE_JEBELALI,2025-08-06,0.7823667828913563
ARE_JEBELALI,2025-08-07,0.7780132035915513
ARE_JEBELALI,2025-08-08,0.7577820580498096
ARE_JEBELALI,2025-08-09,0.7307158985692485
ARE_JEBELALI,2025-08-10,0.718256508641853
ARE_JEBELALI,2025-08-11,0.7279241392161397
ARE_JEBELALI,2025-08-12,0.738823620620092
ARE_JEBELALI,2025-08-13,0.7430609601698023
ARE_JEBELALI,2025-08-14,0.8064689390520455
ARE_JEBELALI,2025-08-16,0.7780071219482143
ARE_JEBELALI,2025-08-17,0.7638937934488573
ARE_JEBELALI,2025-08-18,0.7624283288440452
ARE_JEBELALI,2025-08-19,0.7717965636838092
ARE_JEBELALI,2025-08-22,0.7684825642793132
ARE_JEBELALI,2025-08-23,0.8004837026580321
ARE_JEBELALI,2025-08-24,0.8055778908921772
ARE_JEBELALI,2025-08-25,0.8526769157255294
ARE_JEBELALI,2025-08-26,0.8786691492969562
ARE_JEBELALI,2025-08-28,0.7922871814195078
ARE_JEBELALI,2025-08-29,0.802552724515362
ARE_JEBELALI,2025-08-30,0.7933270264127811
ARE_JEBELALI,2025-08-31,0.7902657828232468
ARE_JEBELALI,2025-09-02,0.8116896666584438
ARE_JEBELALI,2025-09-03,0.8212931350837834
ARE_JEBELALI,2025-09-05,0.7903805579596795
ARE_JEBELALI,2025-09-06,0.7872209225953464
ARE_JEBELALI,2025-09-07,0.772342948579997
ARE_JEBELALI,2025-09-08,0.7854484522920743
ARE_JEBELALI,2025-09-09,0.7899085374537074
ARE_JEBELALI,2025-09-11,0.7523161209565178
ARE_JEBELALI,2025-09-12,0.7401401338753154
ARE_JEBELALI,2025-09-13,0.665546114008913
ARE_JEBELALI,2025-09-15,0.6842994002016771
ARE_JEBELALI,2025-09-16,0.6941744796808905
ARE_JEBELALI,2025-09-17,0.7263780724704992
ARE_JEBELALI,2025-09-18,0.7417128361131644
ARE_JEBELALI,2025-09-19,0.75892347201674
ARE_JEBELALI,2025-09-21,0.736937457652898
ARE_JEBELALI,2025-09-22,0.7282282293799914
ARE_JEBELALI,2025-09-23,0.7534514582102081
ARE_JEBELALI,2025-09-26,0.6784034727490336
ARE_JEBELALI,2025-09-28,0.6930793896560434
ARE_JEBELALI,2025-09-29,0.6984987751925196
ARE_JEBELALI,2025-09-30,0.7593530563118285
ARE_JEBELALI,2025-10-01,0.7997652975882
ARE_JEBELALI,2025-10-02,0.8408690554921713
ARE_JEBELALI,2025-10-03,0.8358172624266244
ARE_JEBELALI,2025-10-04,0.8258057541613871
ARE_JEBELALI,2025-10-05,0.8579481919053892
ARE_JEBELALI,2025-10-06,0.863476123936993
ARE_JEBELALI,2025-10-07,0.8667591671212146
ARE_JEBELALI,2025-10-08,0.8641067811647395
ARE_JEBELALI,2025-10-09,0.8890315543015697
ARE_JEBELALI,2025-10-10,0.899857322887259
ARE_JEBELALI,2025-10-11,0.917300595922388
ARE_JEBELALI,2025-10-12,0.9144099406026638
ARE_JEBELALI,2025-10-14,0.9162903697658555
ARE_JEBELALI,2025-10-15,0.948862724585377
ARE_JEBELALI,2025-10-17,0.9558358947066753
ARE_JEBELALI,2025-10-18,0.9520649970546113
ARE_JEBELALI,2025-10-19,0.9409310653339543
ARE_JEBELALI,2025-10-20,0.9517129091075911
ARE_JEBELALI,2025-10-21,0.9857881943985564
ARE_JEBELALI,2025-10-22,1.0110073071166603
ARE_JEBELALI,2025-10-23,1.042621931019714
ARE_JEBELALI,2025-10-24,1.0478918677322935
ARE_JEBELALI,2025-10-25,1.050631913964538
ARE_JEBELALI,2025-10-26,1.0429945940911665
ARE_JEBELALI,2025-10-27,1.039398566203585
ARE_JEBELALI,2025-10-28,1.0758403828972782
ARE_JEBELALI,2025-10-29,1.1301704141593027
ARE_JEBELALI,2025-10-30,1.1233520548368934
ARE_JEBELALI,2025-10-31,1.136094284491738
ARE_JEBELALI,2025-11-01,1.1400022156909346
ARE_JEBELALI,2025-11-02,1.1292716366400586
ARE_JEBELALI,2025-11-04,1.1319109471456092
ARE_JEBELALI,2025-11-05,1.1618979623818344
ARE_JEBELALI,2025-11-06,1.1869183649751873
ARE_JEBELALI,2025-11-09,1.2054666974730512
ARE_JEBELALI,2025-11-10,1.2208849964571935
ARE_JEBELALI,2025-11-11,1.2495116521205165
ARE_JEBELALI,2025-11-12,1.2625759035973358
ARE_JEBELALI,2025-11-13,1.2962817643686355
ARE_JEBELALI,2025-11-14,1.302323148598903
ARE_JEBELALI,2025-11-15,1.3062409099146972
ARE_JEBELALI,2025-11-17,1.3463553362667504
ARE_JEBELALI,2025-11-18,1.3800590319577444
ARE_JEBELALI,2025-11-20,1.4256413867349644
ARE_JEBELALI,2025-11-21,1.4436472482072296
ARE_JEBELALI,2025-11-24,1.4614825442406607
ARE_JEBELALI,2025-11-25,1.526909222358846
ARE_JEBELALI,2025-11-26,1.5323922715735847
ARE_JEBELALI,2025-11-29,1.4808057957304936
ARE_JEBELALI,2025-12-01,1.4098765885064544
ARE_JEBELALI,2025-12-02,1.3890812089455467
ARE_JEBELALI,2025-12-03,1.4016642348068447
ARE_JEBELALI,2025-12-07,1.435123614867782
ARE_JEBELALI,2025-12-08,1.4135236344137752
ARE_JEBELALI,2025-12-09,1.3992776918936891
ARE_JEBELALI,2025-12-10,1.4051003960265285
ARE_JEBELALI,2025-12-12,1.4053048750647064
ARE_JEBELALI,2025-12-13,1.3643453523888962
ARE_JEBELALI,2025-12-15,1.3339055520500152
ARE_JEBELALI,2025-12-22,1.2009872955340488
ARE_JEBELALI,2025-12-23,1.2348976849666473
ARE_JEBELALI,2025-12-28,1.069136568319742
ARE_JEBELALI,2026-01-01,1.0792186156308867
ARE_JEBELALI,2026-01-02,1.0119182431388165
ARE_JEBELALI,2026-01-03,1.0248193174342402
ARE_JEBELALI,2026-01-04,1.001507105870345
ARE_JEBELALI,2026-01-05,0.9994081723814906
ARE_JEBELALI,2026-01-06,0.9577687825837292
ARE_JEBELALI,2026-01-07,0.9770385348655826
ARE_JEBELALI,2026-01-08,1.0611194379135032
ARE_JEBELALI,2026-01-09,1.0583363382492916
ARE_JEBELALI,2026-01-11,0.993266580653785
ARE_JEBELALI,2026-01-12,1.0464887374400476
ARE_JEBELALI,2026-01-13,1.0887821574064103
ARE_JEBELALI,2026-01-14,1.0926209634652029
ARE_JEBELALI,2026-01-17,1.0500383730720837
ARE_JEBELALI,2026-01-18,1.0226139757458452
ARE_JEBELALI,2026-01-19,1.0381015440289154
ARE_JEBELALI,2026-01-20,1.087527184994547
ARE_JEBELALI,2026-01-22,1.018739832325538
ARE_JEBELALI,2026-01-23,1.0083702074753693
ARE_JEBELALI,2026-01-26,0.9842854402685466
ARE_JEBELALI,2026-01-28,1.033236134183254
ARE_JEBELALI,2026-01-29,1.0199044919898326
ARE_JEBELALI,2026-01-30,1.0055428206850856
ARE_JEBELALI,2026-01-31,1.0445622140450421
ARE_JEBELALI,2026-02-01,1.02944284795242
ARE_JEBELALI,2026-02-02,1.0436634602574417
ARE_JEBELALI,2026-02-03,1.0862426012998503
ARE_JEBELALI,2026-02-04,1.0845643933563414
ARE_JEBELALI,2026-02-05,1.108320757490694
ARE_JEBELALI,2026-02-07,1.0194015105282672
ARE_JEBELALI,2026-02-09,0.9918103039081999
ARE_JEBELALI,2026-02-10,1.023788495403945
ARE_JEBELALI,2026-02-11,0.9740122225560026
ARE_JEBELALI,2026-02-12,0.9495471701601282
ARE_JEBELALI,2026-02-13,0.9591011737565164
ARE_JEBELALI,2026-02-14,1.0041905949197485
ARE_JEBELALI,2026-02-15,1.0024753948731748
ARE_JEBELALI,2026-02-16,1.011349969572396
ARE_JEBELALI,2026-02-17,1.0159498454533686
ARE_JEBELALI,2026-02-18,0.9662530076630156
ARE_JEBELALI,2026-02-22,0.9506002659708378
ARE_JEBELALI,2026-02-23,0.9690819385416497
ARE_JEBELALI,2026-02-24,1.0242818457139364
ARE_JEBELALI,2026-02-25,1.092470499763411
ARE_JEBELALI,2026-02-26,1.0817774904841513
ARE_JEBELALI,2026-02-27,1.084100226217843
ARE_JEBELALI,2026-02-28,1.0858191389626628
ARE_JEBELALI,2026-03-02,1.0788316789639836
ARE_JEBELALI,2026-03-03,1.1332724636016644
ARE_JEBELALI,2026-03-04,1.0656409622616623
ARE_JEBELALI,2026-03-05,1.0133230130212134
ARE_JEBELALI,2026-03-07,1.0326436675056845
ARE_JEBELALI,2026-03-14,1.1599456840856386
ARE_JEBELALI,2026-03-15,1.1092164769271067
ARE_JEBELALI,2026-03-16,1.0353929266988675
ARE_JEBELALI,2026-03-17,1.0352092743341998
ARE_JEBELALI,2026-03-19,1.0979424185120623
ARE_JEBELALI,2026-03-28,0.9439337942241631
ARE_JEBELALI,2026-04-01,0.8768380477079643
ARE_JEBELALI,2026-04-02,0.7575115884316284
ARE_JEBELALI,2026-04-03,0.8278832507788123
ARE_JEBELALI,2026-04-05,0.8240239342686028
ARE_JEBELALI,2026-04-08,0.7551383114952681
ARE_JEBELALI,2026-04-16,0.5818387931836231
ARE_JEBELALI,2026-04-17,0.5605983276571497
ARE_JEBELALI,2026-04-18,0.4554328593799039
ARE_JEBELALI,2026-04-19,0.4649125581988738
ARE_JEBELALI,2026-04-20,0.47303494300801074
ARE_JEBELALI,2026-04-22,0.4344533784270499
ARE_JEBELALI,2026-04-23,0.46852981899361634
ARE_JEBELALI,2026-04-24,0.49952174900938584
ARE_JEBELALI,2026-04-27,0.5151832992579888
ARE_JEBELALI,2026-04-28,0.5324355613283307
ARE_JEBELALI,2026-04-30,0.5311583478291585
ARE_JEBELALI,2026-05-01,0.5325175371121889
ARE_JEBELALI,2026-05-02,0.5504844277401509
ARE_JEBELALI,2026-05-03,0.5545621927967653
ARE_JEBELALI,2026-05-04,0.5547685647568774
ARE_JEBELALI,2026-05-05,0.6102950378919654
ARE_JEBELALI,2026-05-06,0.598203004966829
ARE_JEBELALI,2026-05-07,0.6079111476908753
ARE_JEBELALI,2026-05-08,0.615441516788153
ARE_JEBELALI,2026-05-10,0.5995160712502582
ARE_JEBELALI,2026-05-11,0.6178567969225508
ARE_JEBELALI,2026-05-12,0.6194914074615961
ARE_JEBELALI,2026-05-13,0.6491529734855073
ARE_JEBELALI,2026-05-16,0.6750862371321373
ARE_JEBELALI,2026-05-17,0.6868372116155382
ARE_JEBELALI,2026-05-18,0.7003207347350563
ARE_JEBELALI,2026-05-19,0.7133356649481561
ARE_JEBELALI,2026-05-21,0.715596883369284
ARE_JEBELALI,2026-05-22,0.7419318731964583
ARE_JEBELALI,2026-05-23,0.7393879953242595
ARE_JEBELALI,2026-05-24,0.7148340435481166
ARE_JEBELALI,2026-05-25,0.7114245774156007
ARE_JEBELALI,2026-05-26,0.7087860666994851
ARE_JEBELALI,2026-05-27,0.7074899456625967
ARE_JEBELALI,2026-05-28,0.6999138445655672
ARE_JEBELALI,2026-05-29,0.6978817755396302
ARE_JEBELALI,2026-05-30,0.7101711748363838
ARE_JEBELALI,2026-05-31,0.7083316344922413
ARE_JEBELALI,2026-06-01,0.7131534284239969
ARE_JEBELALI,2026-06-03,0.7321653075344727
ARE_JEBELALI,2026-06-04,0.7324790215911381
ARE_JEBELALI,2026-06-05,0.7447445961535278
ARE_JEBELALI,2026-06-06,0.7455469928911382
ARE_JEBELALI,2026-06-07,0.7372048432810919
ARE_JEBELALI,2026-06-08,0.751654784522124
ARE_JEBELALI,2026-06-10,0.7631179308694253
ARE_JEBELALI,2026-06-11,0.7681497760292502
ARE_JEBELALI,2026-06-12,0.7509359002092947
ARE_JEBELALI,2026-06-15,0.734062219686331
ARE_JEBELALI,2026-06-17,0.7401599843710623
ARE_JEBELALI,2026-06-18,0.7323195474027805
ARE_JEBELALI,2026-06-19,0.734168687883305
ARE_JEBELALI,2026-06-21,0.7329822533361412
ARE_JEBELALI,2026-06-23,0.737659835339545
ARE_JEBELALI,2026-06-24,0.7353806662462388
ARE_JEBELALI,2026-06-25,0.7404155304713139
ARE_JEBELALI,2026-06-26,0.7509631018837645
ARE_JEBELALI,2026-06-27,0.7751416868800761
ARE_JEBELALI,2026-06-28,0.7707614125547293
ARE_JEBELALI,2026-06-29,0.7989238793932117
ARE_JEBELALI,2026-06-30,0.8072445821065617
ARE_JEBELALI,2026-07-01,0.7996206705839721
ARE_JEBELALI,2026-07-02,0.792484809342274
ARE_JEBELALI,2026-07-03,0.7701533424456363
ARE_JEBELALI,2026-07-04,0.7897921954376219
ARE_JEBELALI,2026-07-05,0.7858343978998263
ARE_JEBELALI,2026-07-06,0.7807165204785318
ARE_JEBELALI,2026-07-07,0.7905888526968338
ARE_JEBELALI,2026-07-08,0.7670174496279475
ARE_JEBELALI,2026-07-10,0.7599943782861943
ARE_JEBELALI,2026-07-11,0.7519964308428921
ARE_JEBELALI,2026-07-12,0.7346033101433251
ARE_JEBELALI,2026-07-13,0.7299104724742064
ARE_JEBELALI,2026-07-15,0.7487941878418547
ARE_JEBELALI,2026-07-16,0.7433904577783219
ARE_JEBELALI,2026-07-17,0.7355713078673626
ARE_JEBELALI,2026-07-19,0.7370514543809175
ARE_JEBELALI,2026-07-20,0.7557456716903063
ARE_JEBELALI,2026-07-21,0.7713489043001727
ARE_JEBELALI,2026-07-22,0.7659666055342991
ARE_JEBELALI,2026-07-23,0.7767992273562477
ARE_JEBELALI,2026-07-24,0.8054552795360811
ARE_JEBELALI,2026-07-25,0.8611432066220155
ARE_JEBELALI,2026-07-26,0.8678843955406284
ARE_JEBELALI,2026-07-27,0.8379125966355501
ARE_JEBELALI,2026-07-28,0.8547124893084067
ARE_JEBELALI,2026-07-31,0.8783786117320411
ARE_JEBELALI,2026-08-01,0.9037917965680813
ARE_JEBELALI,2026-08-03,0.8724256193885246
ARE_JEBELALI,2026-08-04,0.868171756344681
ARE_JEBELALI,2026-08-05,0.8813977246916224
ARE_JEBELALI,2026-08-06,0.9105663619515311
ARE_JEBELALI,2026-08-07,0.9011943664733685
ARE_JEBELALI,2026-08-08,0.8794682086001901
ARE_JEBELALI,2026-08-10,0.9038803653126745
ARE_JEBELALI,2026-08-11,0.9649440714518503
ARE_JEBELALI,2026-08-12,0.9780320602111919
ARE_JEBELALI,2026-08-13,0.9752756254420183
ARE_JEBELALI,2026-08-14,0.9587811185636019
ARE_JEBELALI,2026-08-15,0.9909317872160496
ARE_JEBELALI,2026-08-17,1.0124393970045396
ARE_JEBELALI,2026-08-18,0.9881462733932227
ARE_JEBELALI,2026-08-19,0.9688475475737467
ARE_JEBELALI,2026-08-21,0.9609321719638609
ARE_JEBELALI,2026-08-23,0.9535156537346011
ARE_JEBELALI,2026-08-24,0.8981050601440598
ARE_JEBELALI,2026-08-25,0.9219911215883672
ARE_JEBELALI,2026-08-26,0.9464237659356721
ARE_JEBELALI,2026-08-27,0.9460780001879759
ARE_JEBELALI,2026-08-28,0.9204340907905538
ARE_JEBELALI,2026-08-29,0.9019004964390496
ARE_JEBELALI,2026-08-30,0.8478545558985969
ARE_JEBELALI,2026-08-31,0.8502395467508286
ARE_JEBELALI,2026-09-01,0.837311618262449
ARE_JEBELALI,2026-09-02,0.8290822571422655
ARE_JEBELALI,2026-09-04,0.8350287440722439
ARE_JEBELALI,2026-09-05,0.825445306839505
ARE_JEBELALI,2026-09-06,0.8489956658094409
ARE_JEBELALI,2026-09-07,0.8798723824222651
ARE_JEBELALI,2026-09-08,0.8751050892180305
ARE_JEBELALI,2026-09-09,0.8712354749832953
ARE_JEBELALI,2026-09-10,0.8285705516567762
ARE_MIRFA,2025-01-05,
ARE_MIRFA,2025-01-06,
ARE_MIRFA,2025-01-07,
ARE_MIRFA,2025-01-09,
ARE_MIRFA,2025-01-10,
ARE_MIRFA,2025-01-11,
ARE_MIRFA,2025-01-12,
ARE_MIRFA,2025-01-13,0.43426447477859115
ARE_MIRFA,2025-01-14,0.39062994411576507
ARE_MIRFA,2025-01-15,0.3461681378324921
ARE_MIRFA,2025-01-16,0.5363049842250668
ARE_MIRFA,2025-01-17,0.5344534450105057
ARE_MIRFA,2025-01-18,0.4575226773878975
ARE_MIRFA,2025-01-19,0.37626977519135746
ARE_MIRFA,2025-01-20,0.39772149630554715
ARE_MIRFA,2025-01-21,0.38290447646822007
ARE_MIRFA,2025-01-22,0.21025378138409476
ARE_MIRFA,2025-01-23,0.3841964187724416
ARE_MIRFA,2025-01-24,0.27223596331250993
ARE_MIRFA,2025-01-25,0.3325559821834315
ARE_MIRFA,2025-01-26,0.3158610781265789
ARE_MIRFA,2025-01-27,0.36515496368039335
ARE_MIRFA,2025-01-28,0.38815237586657525
ARE_MIRFA,2025-01-29,0.4148607089634644
ARE_MIRFA,2025-01-31,0.3849509338456475
ARE_MIRFA,2025-02-01,0.3513305632726492
ARE_MIRFA,2025-02-02,0.23834761017460074
ARE_MIRFA,2025-02-03,0.24368027855004848
ARE_MIRFA,2025-02-04,0.26585820832621804
ARE_MIRFA,2025-02-05,0.30675584494781855
ARE_MIRFA,2025-02-06,0.24919892753555647
ARE_MIRFA,2025-02-09,0.2653970680445061
ARE_MIRFA,2025-02-10,0.2961136918253074
ARE_MIRFA,2025-02-11,0.23679977194767404
ARE_MIRFA,2025-02-15,0.16154607864225612
ARE_MIRFA,2025-02-19,0.18688790764754484
ARE_MIRFA,2025-02-20,0.204435119486828
ARE_MIRFA,2025-02-21,0.325487856942934
ARE_MIRFA,2025-02-22,0.16542817139431967
ARE_MIRFA,2025-02-23,0.34650564065394296
ARE_MIRFA,2025-02-26,0.21832593582488086
ARE_MIRFA,2025-02-27,0.10074639319722585
ARE_MIRFA,2025-02-28,0.03170135987901352
ARE_MIRFA,2025-03-02,0.08781261899251297
ARE_MIRFA,2025-03-03,0.11642443194199273
ARE_MIRFA,2025-03-06,0.2469429468870399
ARE_MIRFA,2025-03-07,0.3551878535696113
ARE_MIRFA,2025-03-12,0.42635796424458083
ARE_MIRFA,2025-03-13,0.5049316051881942
ARE_MIRFA,2025-03-14,0.5195058888240418
ARE_MIRFA,2025-03-15,0.5122523655045538
ARE_MIRFA,2025-03-16,0.5166271658090478
ARE_MIRFA,2025-03-17,0.5914645718448704
ARE_MIRFA,2025-03-18,0.6203565047564502
ARE_MIRFA,2025-03-19,0.5834389219209499
ARE_MIRFA,2025-03-20,0.6129349688174972
ARE_MIRFA,2025-03-22,0.689838634104703
ARE_MIRFA,2025-03-26,0.7227490293925809
ARE_MIRFA,2025-03-27,0.7354577332886817
ARE_MIRFA,2025-03-28,0.8269801615142885
ARE_MIRFA,2025-03-29,0.9457877580372682
ARE_MIRFA,2025-03-30,0.9641840262612061
ARE_MIRFA,2025-03-31,0.952200475037618
ARE_MIRFA,2025-04-02,1.1603697812684917
ARE_MIRFA,2025-04-03,1.125448127561747
ARE_MIRFA,2025-04-06,1.132619385263441
ARE_MIRFA,2025-04-07,1.387632950557459
ARE_MIRFA,2025-04-08,1.3639923972700656
ARE_MIRFA,2025-04-10,1.4387674401683233
ARE_MIRFA,2025-04-11,1.4546617575480163
ARE_MIRFA,2025-04-12,1.5041272265472239
ARE_MIRFA,2025-04-13,1.463129731748596
ARE_MIRFA,2025-04-14,1.4731528001513523
ARE_MIRFA,2025-04-19,1.583339620011249
ARE_MIRFA,2025-04-20,1.5293223898235204
ARE_MIRFA,2025-04-21,1.4853204997733072
ARE_MIRFA,2025-04-22,1.434897959980892
ARE_MIRFA,2025-04-24,1.3547432715659364
ARE_MIRFA,2025-04-25,1.3771913936341813
ARE_MIRFA,2025-04-29,1.3764603307607826
ARE_MIRFA,2025-05-01,1.512808469362935
ARE_MIRFA,2025-05-02,1.3666574227550172
ARE_MIRFA,2025-05-03,1.4738691936763735
ARE_MIRFA,2025-05-04,1.3999799214607356
ARE_MIRFA,2025-05-05,1.4066591023615869
ARE_MIRFA,2025-05-10,0.9702535030009538
ARE_MIRFA,2025-05-11,0.9810969866207562
ARE_MIRFA,2025-05-12,0.9153049244609404
ARE_MIRFA,2025-05-13,1.0826085140965187
ARE_MIRFA,2025-05-15,1.284348356959491
ARE_MIRFA,2025-05-18,1.2767221943514222
ARE_MIRFA,2025-05-19,1.3083539707191123
ARE_MIRFA,2025-05-20,1.510828223255529
ARE_MIRFA,2025-05-21,1.4554141381468604
ARE_MIRFA,2025-05-22,1.6266135423822667
ARE_MIRFA,2025-05-23,1.4237012244702547
ARE_MIRFA,2025-05-24,1.5814985508603332
ARE_MIRFA,2025-05-25,1.6072423578825656
ARE_MIRFA,2025-05-26,1.5346786519360518
ARE_MIRFA,2025-05-28,1.469319102347079
ARE_MIRFA,2025-05-29,1.6418468599026903
ARE_MIRFA,2025-05-30,1.6920956401023275
ARE_MIRFA,2025-06-02,1.543108378634035
ARE_MIRFA,2025-06-06,1.510360065146879
ARE_MIRFA,2025-06-07,1.4624024006431506
ARE_MIRFA,2025-06-08,1.5189825294479138
ARE_MIRFA,2025-06-09,1.551726773532998
ARE_MIRFA,2025-06-10,1.4646840525441884
ARE_MIRFA,2025-06-11,1.3938553297018292
ARE_MIRFA,2025-06-12,1.3803751407185456
ARE_MIRFA,2025-06-13,1.3488996219532188
ARE_MIRFA,2025-06-14,1.140578723139774
ARE_MIRFA,2025-06-15,1.268474355441661
ARE_MIRFA,2025-06-16,1.2918615314715145
ARE_MIRFA,2025-06-17,1.2971548924980254
ARE_MIRFA,2025-06-18,1.2562932647104674
ARE_MIRFA,2025-06-20,1.1619318359622932
ARE_MIRFA,2025-06-21,1.170843821948718
ARE_MIRFA,2025-06-22,1.268921548831358
ARE_MIRFA,2025-06-23,1.1641497091730508
ARE_MIRFA,2025-06-26,1.1938925871993462
ARE_MIRFA,2025-06-28,1.1261854789822436
ARE_MIRFA,2025-06-29,1.0025542025990557
ARE_MIRFA,2025-06-30,0.9672599014000736
ARE_MIRFA,2025-07-01,0.9835223750407174
ARE_MIRFA,2025-07-07,1.0909562054090425
ARE_MIRFA,2025-07-08,0.9684391616019224
ARE_MIRFA,2025-07-09,0.9240825142916689
ARE_MIRFA,2025-07-10,0.9172304476836841
ARE_MIRFA,2025-07-11,0.9958080138865233
ARE_MIRFA,2025-07-13,0.9612559853483467
ARE_MIRFA,2025-07-14,1.0329209151695595
ARE_MIRFA,2025-07-15,0.9226989554365073
ARE_MIRFA,2025-07-16,0.8259819079044343
ARE_MIRFA,2025-07-17,1.0358140158407472
ARE_MIRFA,2025-07-18,1.1224367987280612
ARE_MIRFA,2025-07-19,1.0776595748701814
ARE_MIRFA,2025-07-20,1.0886850086833788
ARE_MIRFA,2025-07-21,1.0559582481320038
ARE_MIRFA,2025-07-22,1.0822705803887014
ARE_MIRFA,2025-07-23,1.1029408584376068
ARE_MIRFA,2025-07-24,1.1427557017958438
ARE_MIRFA,2025-07-25,1.1389780337956148
ARE_MIRFA,2025-07-26,1.0989264036664574
ARE_MIRFA,2025-07-27,1.0667274166770924
ARE_MIRFA,2025-07-28,1.1254777876497704
ARE_MIRFA,2025-07-29,1.1884192949962502
ARE_MIRFA,2025-07-30,1.1504962394508238
ARE_MIRFA,2025-08-01,1.1765804735889953
ARE_MIRFA,2025-08-02,1.2757260328023798
ARE_MIRFA,2025-08-03,1.2748618808210948
ARE_MIRFA,2025-08-04,1.256429142994413
ARE_MIRFA,2025-08-05,1.2259245511194432
ARE_MIRFA,2025-08-06,1.2323146287249673
ARE_MIRFA,2025-08-11,1.3170661634800922
ARE_MIRFA,2025-08-12,1.2938833463416493
ARE_MIRFA,2025-08-13,1.2993316483980264
ARE_MIRFA,2025-08-14,1.306403443519911
ARE_MIRFA,2025-08-16,1.1933856432955083
ARE_MIRFA,2025-08-18,1.2728277701110227
ARE_MIRFA,2025-08-19,1.2310680405463938
ARE_MIRFA,2025-08-20,1.14695129554025
ARE_MIRFA,2025-08-21,1.1096304338078102
ARE_MIRFA,2025-08-22,1.1140904382951606
ARE_MIRFA,2025-08-23,1.0624550147274716
ARE_MIRFA,2025-08-24,1.005897867864847
ARE_MIRFA,2025-08-25,1.1171413037493338
ARE_MIRFA,2025-08-26,1.09201146415411
ARE_MIRFA,2025-08-27,1.0063168022098963
ARE_MIRFA,2025-08-28,0.9536637132236977
ARE_MIRFA,2025-08-29,0.9789705781583117
ARE_MIRFA,2025-08-30,0.9541929290502313
ARE_MIRFA,2025-08-31,0.8958924278591752
ARE_MIRFA,2025-09-01,0.7884356282755544
ARE_MIRFA,2025-09-02,0.7872652960102838
ARE_MIRFA,2025-09-03,0.7532011940066363
ARE_MIRFA,2025-09-04,0.8002304421327054
ARE_MIRFA,2025-09-05,0.7951106228668064
ARE_MIRFA,2025-09-07,0.7407755601222027
ARE_MIRFA,2025-09-08,0.7007924068988081
ARE_MIRFA,2025-09-09,0.7034324705005348
ARE_MIRFA,2025-09-10,0.8289454799489788
ARE_MIRFA,2025-09-11,0.8183991474727947
ARE_MIRFA,2025-09-12,0.7999506684992883
ARE_MIRFA,2025-09-13,0.7324054312736139
ARE_MIRFA,2025-09-14,0.7035634612621632
ARE_MIRFA,2025-09-16,0.6848313212843881
ARE_MIRFA,2025-09-17,0.6132691372097773
ARE_MIRFA,2025-09-18,0.6686264845981728
ARE_MIRFA,2025-09-19,0.7215416680394073
ARE_MIRFA,2025-09-20,0.7457179434913079
ARE_MIRFA,2025-09-22,0.7491177094016602
ARE_MIRFA,2025-09-23,0.7964321860072775
ARE_MIRFA,2025-09-25,0.7511012919064854
ARE_MIRFA,2025-09-26,0.797505278643816
ARE_MIRFA,2025-09-27,0.824741101675814
ARE_MIRFA,2025-09-28,0.8716848582379927
ARE_MIRFA,2025-09-29,0.8990989470006162
ARE_MIRFA,2025-09-30,0.8998004009677895
ARE_MIRFA,2025-10-01,0.8648619691503837
ARE_MIRFA,2025-10-02,0.8490960112778073
ARE_MIRFA,2025-10-03,0.8897157543038823
ARE_MIRFA,2025-10-04,0.867356574711052
ARE_MIRFA,2025-10-05,0.8661044555268987
ARE_MIRFA,2025-10-07,0.8887760568564149
ARE_MIRFA,2025-10-08,0.9404029420695706
ARE_MIRFA,2025-10-09,0.9965716374226872
ARE_MIRFA,2025-10-10,0.8840226728271089
ARE_MIRFA,2025-10-11,0.9213544405313796
ARE_MIRFA,2025-10-15,1.030670295169512
ARE_MIRFA,2025-10-16,1.051390098111004
ARE_MIRFA,2025-10-17,1.0965636553199836
ARE_MIRFA,2025-10-18,1.1358544506422015
ARE_MIRFA,2025-10-20,1.0707930889496144
ARE_MIRFA,2025-10-21,1.0595959848838576
ARE_MIRFA,2025-10-22,1.0905961681554737
ARE_MIRFA,2025-10-23,1.1029011232280739
ARE_MIRFA,2025-10-24,1.1098522788791576
ARE_MIRFA,2025-10-25,1.1385979191291804
ARE_MIRFA,2025-10-26,1.1459240656275858
ARE_MIRFA,2025-10-27,1.1648826261501033
ARE_MIRFA,2025-10-28,1.2341985837769376
ARE_MIRFA,2025-10-31,1.2932855879059997
ARE_MIRFA,2025-11-01,1.2774290027286868
ARE_MIRFA,2025-11-02,1.277586714822213
ARE_MIRFA,2025-11-03,1.2586780171079683
ARE_MIRFA,2025-11-04,1.2697346355527979
ARE_MIRFA,2025-11-05,1.3307921275514525
ARE_MIRFA,2025-11-06,1.361412961018132
ARE_MIRFA,2025-11-07,1.3275114214562207
ARE_MIRFA,2025-11-08,1.2270029062745118
ARE_MIRFA,2025-11-09,1.2821191773523288
ARE_MIRFA,2025-11-10,1.3576843746293203
ARE_MIRFA,2025-11-11,1.3690307018845818
ARE_MIRFA,2025-11-13,1.3271962018243215
ARE_MIRFA,2025-11-16,1.2337474184697523
ARE_MIRFA,2025-11-17,1.1372857177539804
ARE_MIRFA,2025-11-18,1.1411864228719886
ARE_MIRFA,2025-11-19,1.1460824076925813
ARE_MIRFA,2025-11-20,1.1138343539104931
ARE_MIRFA,2025-11-21,1.0972435819493958
ARE_MIRFA,2025-11-22,1.0697871592688626
ARE_MIRFA,2025-11-23,1.0634508189217824
ARE_MIRFA,2025-11-25,0.9587820623980413
ARE_MIRFA,2025-11-26,0.9550077412923844
ARE_MIRFA,2025-11-27,0.8561044768818311
ARE_MIRFA,2025-11-29,0.8314621202409842
ARE_MIRFA,2025-11-30,0.8706436760497557
ARE_MIRFA,2025-12-01,0.8619487279196981
ARE_MIRFA,2025-12-05,0.8387715449028268
ARE_MIRFA,2025-12-06,0.957219751200515
ARE_MIRFA,2025-12-07,0.9670839179360915
ARE_MIRFA,2025-12-08,1.015291041514336
ARE_MIRFA,2025-12-10,0.9208188356794095
ARE_MIRFA,2025-12-12,0.8681545567001284
ARE_MIRFA,2025-12-13,0.9445829812079486
ARE_MIRFA,2025-12-15,1.0266053650415643
ARE_MIRFA,2025-12-16,1.0633295327449528
ARE_MIRFA,2025-12-20,1.1781587228296588
ARE_MIRFA,2025-12-21,1.1477881211921288
ARE_MIRFA,2025-12-22,1.0967086423984689
ARE_MIRFA,2025-12-23,1.0563833361170534
ARE_MIRFA,2025-12-25,1.0608552829750428
ARE_MIRFA,2025-12-28,1.0116584620369407
ARE_MIRFA,2025-12-29,0.9527633236818355
ARE_MIRFA,2025-12-30,0.8799019343701291
ARE_MIRFA,2026-01-01,0.8872219388934416
ARE_MIRFA,2026-01-02,0.8759549055334939
ARE_MIRFA,2026-01-03,0.8724140810640378
ARE_MIRFA,2026-01-05,0.651369374239588
ARE_MIRFA,2026-01-06,0.5932424432503826
ARE_MIRFA,2026-01-07,0.6276042738508377
ARE_MIRFA,2026-01-08,0.6142010596685716
ARE_MIRFA,2026-01-09,0.6006739768445505
ARE_MIRFA,2026-01-11,0.728712054102379
ARE_MIRFA,2026-01-12,0.7732380919060335
ARE_MIRFA,2026-01-14,0.818819636959374
ARE_MIRFA,2026-01-17,0.7784180396642887
ARE_MIRFA,2026-01-18,0.781629062668341
ARE_MIRFA,2026-01-19,0.8263731593088834
ARE_MIRFA,2026-01-20,0.9711939550461692
ARE_MIRFA,2026-01-23,0.9535479885359253
ARE_MIRFA,2026-01-30,1.2140459492804272
ARE_MIRFA,2026-01-31,1.3240865031309736
ARE_MIRFA,2026-02-02,1.496448308972911
ARE_MIRFA,2026-02-04,1.5868593761940732
ARE_MIRFA,2026-02-05,1.6518584717901
ARE_MIRFA,2026-02-08,1.6644068820570241
ARE_MIRFA,2026-02-09,1.6013567149542625
ARE_MIRFA,2026-02-10,1.516637791671247
ARE_MIRFA,2026-02-12,1.492775335581364
ARE_MIRFA,2026-02-15,1.316930834071388
ARE_MIRFA,2026-02-17,1.4826724938776419
ARE_MIRFA,2026-02-18,1.4498133245815839
ARE_MIRFA,2026-02-19,1.5022995136691737
ARE_MIRFA,2026-02-20,1.4411494418295299
ARE_MIRFA,2026-02-21,1.3827393187346513
ARE_MIRFA,2026-02-22,1.480406686581743
ARE_MIRFA,2026-02-23,1.4507977200296576
ARE_MIRFA,2026-02-24,1.3794786454652153
ARE_MIRFA,2026-02-25,1.5387905722101936
ARE_MIRFA,2026-02-26,1.5176101297542428
ARE_MIRFA,2026-02-27,1.4923854167278738
ARE_MIRFA,2026-02-28,1.4005828680289205
ARE_MIRFA,2026-03-01,1.4372974074541842
ARE_MIRFA,2026-03-05,1.2787421475853262
ARE_MIRFA,2026-03-14,1.3512588973128563
ARE_MIRFA,2026-03-15,1.2977475122192017
ARE_MIRFA,2026-03-16,1.265000298761784
ARE_MIRFA,2026-03-17,1.252804867233466
ARE_MIRFA,2026-03-22,1.0146875470612822
ARE_MIRFA,2026-03-28,0.8454586640170756
ARE_MIRFA,2026-04-01,0.8483905251239453
ARE_MIRFA,2026-04-04,1.0178557766869503
ARE_MIRFA,2026-04-05,1.0988152546594014
ARE_MIRFA,2026-04-08,1.030440163329176
ARE_MIRFA,2026-04-17,
ARE_MIRFA,2026-04-18,0.7138316963263173
ARE_MIRFA,2026-04-19,0.7021841917759866
ARE_MIRFA,2026-04-20,0.6158685152912926
ARE_MIRFA,2026-04-21,0.7638804823951212
ARE_MIRFA,2026-04-22,0.5492252286511977
ARE_MIRFA,2026-04-23,0.513901587091166
ARE_MIRFA,2026-04-24,0.5149582947993827
ARE_MIRFA,2026-04-25,0.4969574863596545
ARE_MIRFA,2026-04-26,0.5153083332862379
ARE_MIRFA,2026-04-27,0.5131047589019386
ARE_MIRFA,2026-04-28,0.5116023669271816
ARE_MIRFA,2026-04-29,0.45681387573023635
ARE_MIRFA,2026-04-30,0.500040850909141
ARE_MIRFA,2026-05-01,0.5064929740625804
ARE_MIRFA,2026-05-02,0.5092587813307032
ARE_MIRFA,2026-05-03,0.5714189255822555
ARE_MIRFA,2026-05-04,0.5270248497549888
ARE_MIRFA,2026-05-05,0.6238808751975029
ARE_MIRFA,2026-05-06,0.6884319479632316
ARE_MIRFA,2026-05-08,0.7622693373318773
ARE_MIRFA,2026-05-12,0.7799942989211425
ARE_MIRFA,2026-05-13,0.9310311471713087
ARE_MIRFA,2026-05-14,0.9090880024223367
ARE_MIRFA,2026-05-15,0.891850845199361
ARE_MIRFA,2026-05-16,0.8898231859537007
ARE_MIRFA,2026-05-17,0.9720772480855628
ARE_MIRFA,2026-05-18,0.9999516278947412
ARE_MIRFA,2026-05-19,0.9746427150347609
ARE_MIRFA,2026-05-21,1.0042470254026137
ARE_MIRFA,2026-05-22,1.0465259561076627
ARE_MIRFA,2026-05-23,1.1050222940411676
ARE_MIRFA,2026-05-24,1.150239328537803
ARE_MIRFA,2026-05-25,1.2685220104102095
ARE_MIRFA,2026-05-26,1.3196440437769295
ARE_MIRFA,2026-05-27,1.4309339872208238
ARE_MIRFA,2026-05-28,1.6371065711962303
ARE_MIRFA,2026-05-29,1.8859035086739584
ARE_MIRFA,2026-05-30,1.8747103460389405
ARE_MIRFA,2026-05-31,1.9175303667866097
ARE_MIRFA,2026-06-01,1.948208824141783
ARE_MIRFA,2026-06-02,1.9218142767446917
ARE_MIRFA,2026-06-03,1.9288087026351766
ARE_MIRFA,2026-06-07,1.8138851393967221
ARE_MIRFA,2026-06-08,1.7995717273590461
ARE_MIRFA,2026-06-09,1.7885810050712798
ARE_MIRFA,2026-06-10,1.7734268265125346
ARE_MIRFA,2026-06-11,1.793827981346761
ARE_MIRFA,2026-06-12,1.7021326349096557
ARE_MIRFA,2026-06-13,1.8130594255753267
ARE_MIRFA,2026-06-14,1.9669398975471486
ARE_MIRFA,2026-06-15,1.9818238436921536
ARE_MIRFA,2026-06-18,2.0859161706412093
ARE_MIRFA,2026-06-19,2.0123865603298015
ARE_MIRFA,2026-06-21,2.0801122549804534
ARE_MIRFA,2026-06-23,2.068722736779294
ARE_MIRFA,2026-06-24,2.020186295181264
ARE_MIRFA,2026-06-25,1.9865072701577802
ARE_MIRFA,2026-06-26,1.8420775449015732
ARE_MIRFA,2026-06-27,1.682475725635842
ARE_MIRFA,2026-06-28,1.439601878035316
ARE_MIRFA,2026-06-29,1.4859361064315064
ARE_MIRFA,2026-06-30,1.4644983098031
ARE_MIRFA,2026-07-01,1.395815503834751
ARE_MIRFA,2026-07-02,1.4215191122535566
ARE_MIRFA,2026-07-03,1.4453998930677752
ARE_MIRFA,2026-07-04,1.4239660347725493
ARE_MIRFA,2026-07-05,1.4346921548025182
ARE_MIRFA,2026-07-06,1.3956316145400283
ARE_MIRFA,2026-07-08,1.381412008667715
ARE_MIRFA,2026-07-09,1.3859740481883538
ARE_MIRFA,2026-07-10,1.534501338561409
ARE_MIRFA,2026-07-11,1.5919242700774074
ARE_MIRFA,2026-07-12,1.5108057622905668
ARE_MIRFA,2026-07-13,1.4323531727164944
ARE_MIRFA,2026-07-14,1.331284602646204
ARE_MIRFA,2026-07-15,1.3637892412299133
ARE_MIRFA,2026-07-16,1.319108241229774
ARE_MIRFA,2026-07-19,1.392133074730789
ARE_MIRFA,2026-07-20,1.4028215656098728
ARE_MIRFA,2026-07-21,1.408901602489825
ARE_MIRFA,2026-07-23,1.4335225732874066
ARE_MIRFA,2026-07-24,1.3741014896533448
ARE_MIRFA,2026-07-25,1.3250882790484737
ARE_MIRFA,2026-07-26,1.3812465415781552
ARE_MIRFA,2026-07-27,1.3730300972987073
ARE_MIRFA,2026-07-28,1.463797897258928
ARE_MIRFA,2026-07-29,1.435733783017807
ARE_MIRFA,2026-07-30,1.4065558095128905
ARE_MIRFA,2026-07-31,1.4252151547174097
ARE_MIRFA,2026-08-01,1.2695253376269944
ARE_MIRFA,2026-08-03,1.3101239123313326
ARE_MIRFA,2026-08-04,1.2460794841374783
ARE_MIRFA,2026-08-05,1.2051689299781954
ARE_MIRFA,2026-08-06,1.2181423213163411
ARE_MIRFA,2026-08-07,1.2324684210705226
ARE_MIRFA,2026-08-08,1.1628531283619077
ARE_MIRFA,2026-08-12,0.978068368061061
ARE_MIRFA,2026-08-13,0.9894008043942802
ARE_MIRFA,2026-08-14,0.9016106516627181
ARE_MIRFA,2026-08-15,0.9096766633893898
ARE_MIRFA,2026-08-16,0.9037255448402428
ARE_MIRFA,2026-08-17,0.9799277830646664
ARE_MIRFA,2026-08-18,0.9742024046215566
ARE_MIRFA,2026-08-19,0.9438212711810592
ARE_MIRFA,2026-08-21,0.9672256208527915
ARE_MIRFA,2026-08-22,0.9356134004763585
ARE_MIRFA,2026-08-23,0.8983950998628516
ARE_MIRFA,2026-08-24,0.9306523839042106
ARE_MIRFA,2026-08-25,0.9069277082236014
ARE_MIRFA,2026-08-28,0.9074620680287597
ARE_MIRFA,2026-08-29,0.9272374913629566
ARE_MIRFA,2026-08-30,0.937823479719566
ARE_MIRFA,2026-08-31,1.038780099748059
ARE_MIRFA,2026-09-01,1.0046345850595428
ARE_MIRFA,2026-09-02,0.9435046384985775
ARE_MIRFA,2026-09-03,0.9433535243920034
ARE_MIRFA,2026-09-04,0.9682682659439861
ARE_MIRFA,2026-09-05,0.9461930477720025
ARE_MIRFA,2026-09-06,0.9929624637422162
ARE_MIRFA,2026-09-08,1.008093060728828
ARE_MIRFA,2026-09-09,1.048600394504637
ARE_MIRFA,2026-09-10,1.0485714616904716
ARE_SHUWEIHAT,2025-01-03,
ARE_SHUWEIHAT,2025-01-04,
ARE_SHUWEIHAT,2025-01-05,
ARE_SHUWEIHAT,2025-01-07,
ARE_SHUWEIHAT,2025-01-08,
ARE_SHUWEIHAT,2025-01-10,
ARE_SHUWEIHAT,2025-01-11,
ARE_SHUWEIHAT,2025-01-13,0.7851363495665802
ARE_SHUWEIHAT,2025-01-14,0.7691425783898176
ARE_SHUWEIHAT,2025-01-17,0.7820396338110482
ARE_SHUWEIHAT,2025-01-19,0.7560299842808057
ARE_SHUWEIHAT,2025-01-20,0.7825033165051382
ARE_SHUWEIHAT,2025-01-21,0.8215344267713842
ARE_SHUWEIHAT,2025-01-22,0.8186415863485771
ARE_SHUWEIHAT,2025-01-23,0.8047372072357792
ARE_SHUWEIHAT,2025-01-24,0.8172889931944354
ARE_SHUWEIHAT,2025-01-25,0.8227454524210319
ARE_SHUWEIHAT,2025-01-26,0.8348169343646747
ARE_SHUWEIHAT,2025-01-27,0.8238345341079831
ARE_SHUWEIHAT,2025-01-28,0.8127846583241528
ARE_SHUWEIHAT,2025-01-29,0.7977491222504149
ARE_SHUWEIHAT,2025-01-31,0.7791055062839441
ARE_SHUWEIHAT,2025-02-02,0.8010899000812807
ARE_SHUWEIHAT,2025-02-03,0.7726912939909216
ARE_SHUWEIHAT,2025-02-04,0.7979278164260929
ARE_SHUWEIHAT,2025-02-05,0.7912182512039883
ARE_SHUWEIHAT,2025-02-09,0.7277367063461653
ARE_SHUWEIHAT,2025-02-10,0.7030648330269945
ARE_SHUWEIHAT,2025-02-11,0.7140775946661725
ARE_SHUWEIHAT,2025-02-12,0.6980781334202922
ARE_SHUWEIHAT,2025-02-21,0.6552720629040325
ARE_SHUWEIHAT,2025-02-22,0.6874948137962952
ARE_SHUWEIHAT,2025-02-28,0.6163398333538709
ARE_SHUWEIHAT,2025-03-02,0.615214358638253
ARE_SHUWEIHAT,2025-03-03,0.6089665914301651
ARE_SHUWEIHAT,2025-03-05,0.6108571917982383
ARE_SHUWEIHAT,2025-03-07,0.5603491300572034
ARE_SHUWEIHAT,2025-03-11,0.6574607337372526
ARE_SHUWEIHAT,2025-03-12,0.7029199853744038
ARE_SHUWEIHAT,2025-03-13,0.6540553132139877
ARE_SHUWEIHAT,2025-03-14,0.7761244140047515
ARE_SHUWEIHAT,2025-03-15,0.7897542107315086
ARE_SHUWEIHAT,2025-03-17,0.7485627324036397
ARE_SHUWEIHAT,2025-03-18,0.8979043916158266
ARE_SHUWEIHAT,2025-03-19,0.9133297820423648
ARE_SHUWEIHAT,2025-03-20,0.9198711140806982
ARE_SHUWEIHAT,2025-03-21,0.9225996362269273
ARE_SHUWEIHAT,2025-03-26,0.8898472479923666
ARE_SHUWEIHAT,2025-03-27,0.9270041188204049
ARE_SHUWEIHAT,2025-03-28,0.9555796208058526
ARE_SHUWEIHAT,2025-03-30,0.9749384685081404
ARE_SHUWEIHAT,2025-03-31,0.9477342636851752
ARE_SHUWEIHAT,2025-04-01,0.9833443283122757
ARE_SHUWEIHAT,2025-04-02,1.0456296905680391
ARE_SHUWEIHAT,2025-04-03,1.0993313145700216
ARE_SHUWEIHAT,2025-04-06,1.1656026643744624
ARE_SHUWEIHAT,2025-04-07,1.2792337204739608
ARE_SHUWEIHAT,2025-04-08,1.2424132611402865
ARE_SHUWEIHAT,2025-04-09,1.2175440852974162
ARE_SHUWEIHAT,2025-04-10,1.24411957043679
ARE_SHUWEIHAT,2025-04-11,1.2854625825523862
ARE_SHUWEIHAT,2025-04-12,1.3777876526465278
ARE_SHUWEIHAT,2025-04-13,1.3916430604952352
ARE_SHUWEIHAT,2025-04-18,1.3801834494477365
ARE_SHUWEIHAT,2025-04-19,1.3546994235780063
ARE_SHUWEIHAT,2025-04-20,1.34551175061512
ARE_SHUWEIHAT,2025-04-21,1.3438861238237503
ARE_SHUWEIHAT,2025-04-22,1.3632795174091932
ARE_SHUWEIHAT,2025-04-23,1.3664787094749795
ARE_SHUWEIHAT,2025-04-24,1.3635665661695504
ARE_SHUWEIHAT,2025-04-25,1.415937736000993
ARE_SHUWEIHAT,2025-05-01,1.5746824930824268
ARE_SHUWEIHAT,2025-05-02,1.5993314545291988
ARE_SHUWEIHAT,2025-05-03,1.5893866892329367
ARE_SHUWEIHAT,2025-05-04,1.6120397446677557
ARE_SHUWEIHAT,2025-05-09,1.5637263881313554
ARE_SHUWEIHAT,2025-05-10,1.5019245649963537
ARE_SHUWEIHAT,2025-05-11,1.4486064823373497
ARE_SHUWEIHAT,2025-05-12,1.4127832510078
ARE_SHUWEIHAT,2025-05-13,1.3867487005555488
ARE_SHUWEIHAT,2025-05-15,1.420464252978435
ARE_SHUWEIHAT,2025-05-16,1.3860746843278156
ARE_SHUWEIHAT,2025-05-18,1.4268844804941567
ARE_SHUWEIHAT,2025-05-19,1.4853639374330545
ARE_SHUWEIHAT,2025-05-20,1.5260087672581981
ARE_SHUWEIHAT,2025-05-21,1.5098380578891195
ARE_SHUWEIHAT,2025-05-22,1.493880478952144
ARE_SHUWEIHAT,2025-05-23,1.4804940577248344
ARE_SHUWEIHAT,2025-05-24,1.5397265874021453
ARE_SHUWEIHAT,2025-05-25,1.517207451075115
ARE_SHUWEIHAT,2025-05-26,1.4916025936785853
ARE_SHUWEIHAT,2025-05-27,1.4450841172073556
ARE_SHUWEIHAT,2025-05-28,1.4571172367754692
ARE_SHUWEIHAT,2025-05-29,1.4978917186727765
ARE_SHUWEIHAT,2025-05-30,1.5136233057852868
ARE_SHUWEIHAT,2025-06-05,1.3478731853224604
ARE_SHUWEIHAT,2025-06-06,1.3238498151570455
ARE_SHUWEIHAT,2025-06-07,1.3719537597373914
ARE_SHUWEIHAT,2025-06-08,1.4073489749708128
ARE_SHUWEIHAT,2025-06-09,1.4312791272115848
ARE_SHUWEIHAT,2025-06-10,1.415522622022263
ARE_SHUWEIHAT,2025-06-11,1.3837516570360808
ARE_SHUWEIHAT,2025-06-12,1.439290873431014
ARE_SHUWEIHAT,2025-06-13,1.4558686964846996
ARE_SHUWEIHAT,2025-06-14,1.465830209204788
ARE_SHUWEIHAT,2025-06-15,1.5225744142527426
ARE_SHUWEIHAT,2025-06-16,1.540221878831832
ARE_SHUWEIHAT,2025-06-17,1.5294668344139213
ARE_SHUWEIHAT,2025-06-19,1.4868719486562076
ARE_SHUWEIHAT,2025-06-20,1.4888745269102655
ARE_SHUWEIHAT,2025-06-21,1.5236581315145168
ARE_SHUWEIHAT,2025-06-22,1.5084192687436035
ARE_SHUWEIHAT,2025-06-23,1.4307715480227259
ARE_SHUWEIHAT,2025-06-24,1.400799824414821
ARE_SHUWEIHAT,2025-06-26,1.4520186264855979
ARE_SHUWEIHAT,2025-06-28,1.347121979620235
ARE_SHUWEIHAT,2025-06-29,1.27316200006792
ARE_SHUWEIHAT,2025-06-30,1.2880515875160812
ARE_SHUWEIHAT,2025-07-01,1.3008802338644367
ARE_SHUWEIHAT,2025-07-04,1.2619095521008914
ARE_SHUWEIHAT,2025-07-07,1.2244523578615918
ARE_SHUWEIHAT,2025-07-08,1.2083216567476978
ARE_SHUWEIHAT,2025-07-09,1.1785349433743817
ARE_SHUWEIHAT,2025-07-10,1.2215590188837033
ARE_SHUWEIHAT,2025-07-11,1.2283237368155453
ARE_SHUWEIHAT,2025-07-12,1.1836370479857319
ARE_SHUWEIHAT,2025-07-13,1.1483185159749072
ARE_SHUWEIHAT,2025-07-14,1.0925176508110244
ARE_SHUWEIHAT,2025-07-15,1.050834883416599
ARE_SHUWEIHAT,2025-07-16,1.0701537129893126
ARE_SHUWEIHAT,2025-07-18,1.0966916347480222
ARE_SHUWEIHAT,2025-07-20,1.1084078596241125
ARE_SHUWEIHAT,2025-07-21,1.042243649624197
ARE_SHUWEIHAT,2025-07-22,1.0684574030110265
ARE_SHUWEIHAT,2025-07-23,1.0735918939881162
ARE_SHUWEIHAT,2025-07-24,1.0862689217588795
ARE_SHUWEIHAT,2025-07-25,1.0795970369492458
ARE_SHUWEIHAT,2025-07-26,1.0424391485307805
ARE_SHUWEIHAT,2025-07-27,1.0446021333118394
ARE_SHUWEIHAT,2025-07-28,1.1162922096674348
ARE_SHUWEIHAT,2025-07-29,1.1443940258294427
ARE_SHUWEIHAT,2025-07-30,1.1351567155963285
ARE_SHUWEIHAT,2025-08-01,1.1063799158326122
ARE_SHUWEIHAT,2025-08-02,1.0932692071402235
ARE_SHUWEIHAT,2025-08-03,1.1380917270926068
ARE_SHUWEIHAT,2025-08-04,1.112563235318509
ARE_SHUWEIHAT,2025-08-05,1.0969387261174357
ARE_SHUWEIHAT,2025-08-06,1.0971296241607666
ARE_SHUWEIHAT,2025-08-08,1.1191742721171913
ARE_SHUWEIHAT,2025-08-09,1.0674146855145685
ARE_SHUWEIHAT,2025-08-10,1.0585324974935537
ARE_SHUWEIHAT,2025-08-11,1.0506839504507584
ARE_SHUWEIHAT,2025-08-12,1.071213780497209
ARE_SHUWEIHAT,2025-08-13,1.1028163256313486
ARE_SHUWEIHAT,2025-08-14,1.1098975238288924
ARE_SHUWEIHAT,2025-08-16,1.031743807142934
ARE_SHUWEIHAT,2025-08-17,1.0038298816275264
ARE_SHUWEIHAT,2025-08-18,1.0248849747929416
ARE_SHUWEIHAT,2025-08-19,1.000104429939999
ARE_SHUWEIHAT,2025-08-20,1.0100691070011878
ARE_SHUWEIHAT,2025-08-22,1.0105397266904101
ARE_SHUWEIHAT,2025-08-23,1.0403866235199355
ARE_SHUWEIHAT,2025-08-24,1.0955687426512524
ARE_SHUWEIHAT,2025-08-25,1.13673120141105
ARE_SHUWEIHAT,2025-08-26,1.1152928359139374
ARE_SHUWEIHAT,2025-08-27,1.086605352359238
ARE_SHUWEIHAT,2025-08-28,1.0932961099762095
ARE_SHUWEIHAT,2025-08-29,1.101785505146641
ARE_SHUWEIHAT,2025-08-30,1.085276082173738
ARE_SHUWEIHAT,2025-08-31,1.0831473207561855
ARE_SHUWEIHAT,2025-09-01,1.1037743093332861
ARE_SHUWEIHAT,2025-09-02,1.0851184802080325
ARE_SHUWEIHAT,2025-09-03,1.1115610826636297
ARE_SHUWEIHAT,2025-09-04,1.0993815550996955
ARE_SHUWEIHAT,2025-09-05,1.0963758023191932
ARE_SHUWEIHAT,2025-09-07,1.0835912597561217
ARE_SHUWEIHAT,2025-09-08,1.1106720472496994
ARE_SHUWEIHAT,2025-09-09,1.119577498115336
ARE_SHUWEIHAT,2025-09-10,1.146855404620805
ARE_SHUWEIHAT,2025-09-11,1.1186095364721678
ARE_SHUWEIHAT,2025-09-12,1.0761150114660083
ARE_SHUWEIHAT,2025-09-13,1.057579405034098
ARE_SHUWEIHAT,2025-09-14,1.0564472990337723
ARE_SHUWEIHAT,2025-09-15,1.0912867708845015
ARE_SHUWEIHAT,2025-09-16,1.0826251808278262
ARE_SHUWEIHAT,2025-09-17,1.0809640176940536
ARE_SHUWEIHAT,2025-09-18,1.134788999442623
ARE_SHUWEIHAT,2025-09-19,1.1722277854212015
ARE_SHUWEIHAT,2025-09-20,1.152010598893054
ARE_SHUWEIHAT,2025-09-21,1.1303571998248103
ARE_SHUWEIHAT,2025-09-22,1.104479911793329
ARE_SHUWEIHAT,2025-09-23,1.0523279571826698
ARE_SHUWEIHAT,2025-09-25,1.0388440933665561
ARE_SHUWEIHAT,2025-09-26,1.0371718911381689
ARE_SHUWEIHAT,2025-09-27,1.0310119188813518
ARE_SHUWEIHAT,2025-09-28,0.9995351861405469
ARE_SHUWEIHAT,2025-09-30,0.9918324097115199
ARE_SHUWEIHAT,2025-10-01,0.962920852082086
ARE_SHUWEIHAT,2025-10-02,0.9474596798579953
ARE_SHUWEIHAT,2025-10-03,0.9369284183673143
ARE_SHUWEIHAT,2025-10-04,0.9581490064313379
ARE_SHUWEIHAT,2025-10-05,0.9906900501284406
ARE_SHUWEIHAT,2025-10-07,0.9799501251506908
ARE_SHUWEIHAT,2025-10-08,0.9837558714818143
ARE_SHUWEIHAT,2025-10-09,0.9485124710434826
ARE_SHUWEIHAT,2025-10-10,0.9409206288057421
ARE_SHUWEIHAT,2025-10-11,0.9502331915375476
ARE_SHUWEIHAT,2025-10-12,0.94701293589319
ARE_SHUWEIHAT,2025-10-13,0.9312017911603347
ARE_SHUWEIHAT,2025-10-15,0.9226627270669249
ARE_SHUWEIHAT,2025-10-16,0.9187647731031073
ARE_SHUWEIHAT,2025-10-18,0.8469800904950323
ARE_SHUWEIHAT,2025-10-19,0.8003164580553771
ARE_SHUWEIHAT,2025-10-21,0.8242039782017637
ARE_SHUWEIHAT,2025-10-22,0.8181449063588623
ARE_SHUWEIHAT,2025-10-23,0.823370613280718
ARE_SHUWEIHAT,2025-10-24,0.8397561216984193
ARE_SHUWEIHAT,2025-10-25,0.8661383376213724
ARE_SHUWEIHAT,2025-10-26,0.8589946028264334
ARE_SHUWEIHAT,2025-10-27,0.8546930228293864
ARE_SHUWEIHAT,2025-10-28,0.866624018345092
ARE_SHUWEIHAT,2025-10-29,0.873217812212242
ARE_SHUWEIHAT,2025-10-30,0.9092320778677363
ARE_SHUWEIHAT,2025-11-01,0.9489868147795036
ARE_SHUWEIHAT,2025-11-02,0.948056006064484
ARE_SHUWEIHAT,2025-11-03,0.936191931454482
ARE_SHUWEIHAT,2025-11-04,0.9058450407854359
ARE_SHUWEIHAT,2025-11-05,0.8804469897327815
ARE_SHUWEIHAT,2025-11-06,0.8845268987028921
ARE_SHUWEIHAT,2025-11-07,0.8480850947467029
ARE_SHUWEIHAT,2025-11-08,0.8582633547930822
ARE_SHUWEIHAT,2025-11-10,0.8379836935410131
ARE_SHUWEIHAT,2025-11-11,0.9081331894166936
ARE_SHUWEIHAT,2025-11-14,0.9307402297589004
ARE_SHUWEIHAT,2025-11-16,0.9261025229189811
ARE_SHUWEIHAT,2025-11-19,0.9284026876658001
ARE_SHUWEIHAT,2025-11-20,0.9130267963158778
ARE_SHUWEIHAT,2025-11-21,0.8914723083547275
ARE_SHUWEIHAT,2025-11-23,0.874964915211715
ARE_SHUWEIHAT,2025-11-25,0.8430504929010234
ARE_SHUWEIHAT,2025-11-27,0.8302634703209465
ARE_SHUWEIHAT,2025-11-28,0.7974303121910084
ARE_SHUWEIHAT,2025-11-30,0.7687715034584566
ARE_SHUWEIHAT,2025-12-01,0.7369045260098883
ARE_SHUWEIHAT,2025-12-08,0.7770834076312935
ARE_SHUWEIHAT,2025-12-10,0.8089168281761114
ARE_SHUWEIHAT,2025-12-12,0.7445855496873097
ARE_SHUWEIHAT,2025-12-13,0.7062155476808436
ARE_SHUWEIHAT,2025-12-14,0.6336700887486827
ARE_SHUWEIHAT,2025-12-19,0.6136461798896411
ARE_SHUWEIHAT,2025-12-20,0.6130955248689164
ARE_SHUWEIHAT,2025-12-21,0.607531700509948
ARE_SHUWEIHAT,2025-12-22,0.6138543710992214
ARE_SHUWEIHAT,2025-12-23,0.5598635514544892
ARE_SHUWEIHAT,2025-12-25,0.5650917101272406
ARE_SHUWEIHAT,2025-12-26,0.6164214260812397
ARE_SHUWEIHAT,2025-12-28,0.6008915894951209
ARE_SHUWEIHAT,2025-12-29,0.6182461062672392
ARE_SHUWEIHAT,2025-12-30,0.6390800615255804
ARE_SHUWEIHAT,2025-12-31,0.595850302568072
ARE_SHUWEIHAT,2026-01-01,0.6068678244366199
ARE_SHUWEIHAT,2026-01-02,0.6401844861708237
ARE_SHUWEIHAT,2026-01-03,0.663201148591208
ARE_SHUWEIHAT,2026-01-05,0.658100723595689
ARE_SHUWEIHAT,2026-01-07,0.6579372416328206
ARE_SHUWEIHAT,2026-01-09,0.6146769656515833
ARE_SHUWEIHAT,2026-01-11,0.5652206769275063
ARE_SHUWEIHAT,2026-01-12,0.5861848432708218
ARE_SHUWEIHAT,2026-01-14,0.6230989216954734
ARE_SHUWEIHAT,2026-01-16,0.5949644863986998
ARE_SHUWEIHAT,2026-01-17,0.572646801406258
ARE_SHUWEIHAT,2026-01-18,0.5904547467816024
ARE_SHUWEIHAT,2026-01-19,0.5998101288786045
ARE_SHUWEIHAT,2026-01-20,0.6382265658847537
ARE_SHUWEIHAT,2026-01-27,0.6288266512578552
ARE_SHUWEIHAT,2026-01-29,0.6419174976475744
ARE_SHUWEIHAT,2026-01-30,0.6919637967420145
ARE_SHUWEIHAT,2026-01-31,0.7334170400316327
ARE_SHUWEIHAT,2026-02-02,0.6885344332521316
ARE_SHUWEIHAT,2026-02-04,0.7335677338922084
ARE_SHUWEIHAT,2026-02-05,0.733783545401072
ARE_SHUWEIHAT,2026-02-09,0.7468757760992755
ARE_SHUWEIHAT,2026-02-10,0.8965551182396189
ARE_SHUWEIHAT,2026-02-11,0.9149959892933683
ARE_SHUWEIHAT,2026-02-12,0.8963173359760316
ARE_SHUWEIHAT,2026-02-15,0.9351153731414666
ARE_SHUWEIHAT,2026-02-17,0.9789806628752389
ARE_SHUWEIHAT,2026-02-18,0.958112221923635
ARE_SHUWEIHAT,2026-02-19,0.9420322677009731
ARE_SHUWEIHAT,2026-02-20,0.8812328555309195
ARE_SHUWEIHAT,2026-02-21,0.9396983917139755
ARE_SHUWEIHAT,2026-02-22,0.9768974783155977
ARE_SHUWEIHAT,2026-02-23,0.9818122805773122
ARE_SHUWEIHAT,2026-02-25,0.9837163713370062
ARE_SHUWEIHAT,2026-02-26,0.9801207338057282
ARE_SHUWEIHAT,2026-02-27,1.0076931163388325
ARE_SHUWEIHAT,2026-02-28,0.9747048325670807
ARE_SHUWEIHAT,2026-03-01,0.9921587216052379
ARE_SHUWEIHAT,2026-03-05,0.9402320090356773
ARE_SHUWEIHAT,2026-03-13,0.8307768479553784
ARE_SHUWEIHAT,2026-03-14,0.8540956732425414
ARE_SHUWEIHAT,2026-03-15,0.8279859548997588
ARE_SHUWEIHAT,2026-03-16,0.8013406218391314
ARE_SHUWEIHAT,2026-03-17,0.797091448362846
ARE_SHUWEIHAT,2026-03-18,0.7763437523032021
ARE_SHUWEIHAT,2026-03-19,0.8006473377847781
ARE_SHUWEIHAT,2026-03-22,0.8651149424644001
ARE_SHUWEIHAT,2026-03-28,0.6750183437053698
ARE_SHUWEIHAT,2026-03-29,0.615779407730288
ARE_SHUWEIHAT,2026-04-01,0.5442157599623035
ARE_SHUWEIHAT,2026-04-02,0.5583572463465988
ARE_SHUWEIHAT,2026-04-04,0.5736416649996123
ARE_SHUWEIHAT,2026-04-05,0.5719114568706894
ARE_SHUWEIHAT,2026-04-06,0.5500022804209789
ARE_SHUWEIHAT,2026-04-07,0.5316683770109096
ARE_SHUWEIHAT,2026-04-08,0.5223087648627494
ARE_SHUWEIHAT,2026-04-13,0.5226020976523024
ARE_SHUWEIHAT,2026-04-16,0.5258537242587386
ARE_SHUWEIHAT,2026-04-17,0.5196652027050159
ARE_SHUWEIHAT,2026-04-18,0.5585882870997187
ARE_SHUWEIHAT,2026-04-19,0.6129244576439546
ARE_SHUWEIHAT,2026-04-20,0.6701007966090625
ARE_SHUWEIHAT,2026-04-21,0.7227474574970119
ARE_SHUWEIHAT,2026-04-22,0.7025770388321938
ARE_SHUWEIHAT,2026-04-23,0.6926940932984097
ARE_SHUWEIHAT,2026-04-25,0.6742855644361682
ARE_SHUWEIHAT,2026-04-26,0.6660568796621896
ARE_SHUWEIHAT,2026-04-27,0.6813303869859257
ARE_SHUWEIHAT,2026-04-29,0.6896115481842684
ARE_SHUWEIHAT,2026-04-30,0.6924818665238452
ARE_SHUWEIHAT,2026-05-01,0.7143847095664804
ARE_SHUWEIHAT,2026-05-02,0.7519513106453326
ARE_SHUWEIHAT,2026-05-03,0.7646069085190075
ARE_SHUWEIHAT,2026-05-04,0.7767189602587773
ARE_SHUWEIHAT,2026-05-05,0.8319270673979129
ARE_SHUWEIHAT,2026-05-06,0.8664266468193478
ARE_SHUWEIHAT,2026-05-08,0.9245968694871126
ARE_SHUWEIHAT,2026-05-11,0.9005262524570173
ARE_SHUWEIHAT,2026-05-12,0.9289215537037466
ARE_SHUWEIHAT,2026-05-13,1.0526470219489787
ARE_SHUWEIHAT,2026-05-14,1.0351364744359512
ARE_SHUWEIHAT,2026-05-15,1.021964132078482
ARE_SHUWEIHAT,2026-05-16,1.0481070261996546
ARE_SHUWEIHAT,2026-05-17,1.0659992665384816
ARE_SHUWEIHAT,2026-05-18,1.0202151132629735
ARE_SHUWEIHAT,2026-05-19,1.0028081553080972
ARE_SHUWEIHAT,2026-05-21,0.9715002203929264
ARE_SHUWEIHAT,2026-05-22,1.1465112387585856
ARE_SHUWEIHAT,2026-05-23,1.1531561750164971
ARE_SHUWEIHAT,2026-05-24,1.1404386101967112
ARE_SHUWEIHAT,2026-05-25,1.1976822361312442
ARE_SHUWEIHAT,2026-05-26,1.252301783519043
ARE_SHUWEIHAT,2026-05-27,1.3033823703020722
ARE_SHUWEIHAT,2026-05-28,1.333502352074707
ARE_SHUWEIHAT,2026-05-29,1.357797408647586
ARE_SHUWEIHAT,2026-05-30,1.3787238016519228
ARE_SHUWEIHAT,2026-05-31,1.3876467995704949
ARE_SHUWEIHAT,2026-06-01,1.3727243867036047
ARE_SHUWEIHAT,2026-06-02,1.389411042757356
ARE_SHUWEIHAT,2026-06-03,1.4069471505014586
ARE_SHUWEIHAT,2026-06-04,1.3625051054679533
ARE_SHUWEIHAT,2026-06-07,1.4186694752964164
ARE_SHUWEIHAT,2026-06-08,1.4124547442673452
ARE_SHUWEIHAT,2026-06-09,1.3814795460857343
ARE_SHUWEIHAT,2026-06-10,1.4079915425044207
ARE_SHUWEIHAT,2026-06-11,1.3921919297387875
ARE_SHUWEIHAT,2026-06-12,1.3156022087089865
ARE_SHUWEIHAT,2026-06-13,1.3652433334639613
ARE_SHUWEIHAT,2026-06-14,1.3807812342611558
ARE_SHUWEIHAT,2026-06-15,1.3800292878250464
ARE_SHUWEIHAT,2026-06-16,1.3771019048498854
ARE_SHUWEIHAT,2026-06-19,1.3989904378505058
ARE_SHUWEIHAT,2026-06-21,1.2498768516080982
ARE_SHUWEIHAT,2026-06-23,1.3136037525853193
ARE_SHUWEIHAT,2026-06-24,1.3011772594988082
ARE_SHUWEIHAT,2026-06-25,1.2402712649981351
ARE_SHUWEIHAT,2026-06-26,1.1894789168648239
ARE_SHUWEIHAT,2026-06-27,1.1589296427747915
ARE_SHUWEIHAT,2026-06-28,1.1306411943803958
ARE_SHUWEIHAT,2026-06-29,1.1400205402044445
ARE_SHUWEIHAT,2026-06-30,1.1403965927840711
ARE_SHUWEIHAT,2026-07-01,1.112290644151859
ARE_SHUWEIHAT,2026-07-02,1.1084216218413105
ARE_SHUWEIHAT,2026-07-03,1.09146578175156
ARE_SHUWEIHAT,2026-07-04,1.1200859601482547
ARE_SHUWEIHAT,2026-07-05,1.1395933047993692
ARE_SHUWEIHAT,2026-07-06,1.1355251176292267
ARE_SHUWEIHAT,2026-07-09,1.1127076021863795
ARE_SHUWEIHAT,2026-07-10,1.1441670941745603
ARE_SHUWEIHAT,2026-07-11,1.1513881978579381
ARE_SHUWEIHAT,2026-07-12,1.1171155214612474
ARE_SHUWEIHAT,2026-07-13,1.0746755352112698
ARE_SHUWEIHAT,2026-07-14,1.1042352919711576
ARE_SHUWEIHAT,2026-07-15,1.0986534849939078
ARE_SHUWEIHAT,2026-07-16,1.1073069259577135
ARE_SHUWEIHAT,2026-07-17,1.0776775231725704
ARE_SHUWEIHAT,2026-07-18,1.0568290852766036
ARE_SHUWEIHAT,2026-07-19,1.0823720344344958
ARE_SHUWEIHAT,2026-07-21,1.0749439671014174
ARE_SHUWEIHAT,2026-07-22,1.0714173954796569
ARE_SHUWEIHAT,2026-07-23,1.0631596147689966
ARE_SHUWEIHAT,2026-07-24,1.0553393585357114
ARE_SHUWEIHAT,2026-07-25,1.0409831813508588
ARE_SHUWEIHAT,2026-07-26,1.0399163355085883
ARE_SHUWEIHAT,2026-07-27,1.0137305419561844
ARE_SHUWEIHAT,2026-07-28,1.0128374031477654
ARE_SHUWEIHAT,2026-07-29,1.0199072459440341
ARE_SHUWEIHAT,2026-07-30,1.0215460618239491
ARE_SHUWEIHAT,2026-07-31,1.03773494694417
ARE_SHUWEIHAT,2026-08-01,1.0377165728005802
ARE_SHUWEIHAT,2026-08-03,1.0548551358791707
ARE_SHUWEIHAT,2026-08-04,1.0123479018534705
ARE_SHUWEIHAT,2026-08-05,0.9904216002655356
ARE_SHUWEIHAT,2026-08-06,0.9857932611314271
ARE_SHUWEIHAT,2026-08-07,0.9898803358376983
ARE_SHUWEIHAT,2026-08-08,0.9648974325553665
ARE_SHUWEIHAT,2026-08-10,0.934572278864939
ARE_SHUWEIHAT,2026-08-11,0.9673663755486706
ARE_SHUWEIHAT,2026-08-13,0.9336678558586283
ARE_SHUWEIHAT,2026-08-14,0.9148119705056104
ARE_SHUWEIHAT,2026-08-15,0.9710622475681828
ARE_SHUWEIHAT,2026-08-16,1.0073358247394972
ARE_SHUWEIHAT,2026-08-17,1.036289867534097
ARE_SHUWEIHAT,2026-08-18,1.0056983339512853
ARE_SHUWEIHAT,2026-08-19,0.9848976623478133
ARE_SHUWEIHAT,2026-08-21,0.9846743975027318
ARE_SHUWEIHAT,2026-08-22,0.9377199922685857
ARE_SHUWEIHAT,2026-08-23,0.9046451603881012
ARE_SHUWEIHAT,2026-08-24,0.9518777861276069
ARE_SHUWEIHAT,2026-08-25,1.0209294374732265
ARE_SHUWEIHAT,2026-08-26,1.0293022800110845
ARE_SHUWEIHAT,2026-08-27,1.0235787483849754
ARE_SHUWEIHAT,2026-08-28,1.0163736156136376
ARE_SHUWEIHAT,2026-08-29,1.0494466920072067
ARE_SHUWEIHAT,2026-08-31,1.05868370857106
ARE_SHUWEIHAT,2026-09-01,1.0459093449573673
ARE_SHUWEIHAT,2026-09-02,1.0094659232879806
ARE_SHUWEIHAT,2026-09-03,1.0035780088883601
ARE_SHUWEIHAT,2026-09-04,1.027875699746597
ARE_SHUWEIHAT,2026-09-05,1.0375457922991933
ARE_SHUWEIHAT,2026-09-06,1.0563330804920819
ARE_SHUWEIHAT,2026-09-08,1.0729545120720565
ARE_SHUWEIHAT,2026-09-09,1.0771289454252317
ARE_SHUWEIHAT,2026-09-10,1.0635780766290077
ARE_TAWEELAH,2025-01-04,
ARE_TAWEELAH,2025-01-05,
ARE_TAWEELAH,2025-01-06,
ARE_TAWEELAH,2025-01-08,
ARE_TAWEELAH,2025-01-09,
ARE_TAWEELAH,2025-01-10,
ARE_TAWEELAH,2025-01-11,
ARE_TAWEELAH,2025-01-12,1.229807891605816
ARE_TAWEELAH,2025-01-14,1.1323230983449701
ARE_TAWEELAH,2025-01-15,1.1346671468765757
ARE_TAWEELAH,2025-01-17,1.1341184906732564
ARE_TAWEELAH,2025-01-19,1.067429600508398
ARE_TAWEELAH,2025-01-20,1.0155086950419052
ARE_TAWEELAH,2025-01-21,0.9567898424375115
ARE_TAWEELAH,2025-01-22,1.0545406029390316
ARE_TAWEELAH,2025-01-23,1.0366909153723294
ARE_TAWEELAH,2025-01-25,1.0231710051983804
ARE_TAWEELAH,2025-01-26,1.0969637491955357
ARE_TAWEELAH,2025-01-27,1.0871778005144672
ARE_TAWEELAH,2025-01-28,1.0530615902050737
ARE_TAWEELAH,2025-01-29,1.024972508389319
ARE_TAWEELAH,2025-01-30,0.9904599236040545
ARE_TAWEELAH,2025-02-01,1.046811332781839
ARE_TAWEELAH,2025-02-02,1.0055358283733644
ARE_TAWEELAH,2025-02-03,0.9692571382121885
ARE_TAWEELAH,2025-02-04,0.9787465654957438
ARE_TAWEELAH,2025-02-06,0.8989376257886831
ARE_TAWEELAH,2025-02-08,0.888411419828763
ARE_TAWEELAH,2025-02-09,0.9241488797639359
ARE_TAWEELAH,2025-02-10,0.7924617321892068
ARE_TAWEELAH,2025-02-11,0.793384707929107
ARE_TAWEELAH,2025-02-12,0.7956508288667979
ARE_TAWEELAH,2025-02-13,0.8130675246856612
ARE_TAWEELAH,2025-02-15,0.7778315900978691
ARE_TAWEELAH,2025-02-19,0.7816427697025837
ARE_TAWEELAH,2025-02-20,0.8161624893033358
ARE_TAWEELAH,2025-02-21,0.7837929217628059
ARE_TAWEELAH,2025-02-22,0.7866918528916504
ARE_TAWEELAH,2025-02-23,0.78080037958956
ARE_TAWEELAH,2025-02-26,0.674861041198948
ARE_TAWEELAH,2025-03-01,0.706733855658327
ARE_TAWEELAH,2025-03-02,0.6813961661838481
ARE_TAWEELAH,2025-03-03,0.5837465625213343
ARE_TAWEELAH,2025-03-06,0.7196715877481975
ARE_TAWEELAH,2025-03-11,0.8514899482494895
ARE_TAWEELAH,2025-03-13,0.8229269020728736
ARE_TAWEELAH,2025-03-14,0.7984056145643581
ARE_TAWEELAH,2025-03-15,0.8526942351375572
ARE_TAWEELAH,2025-03-17,0.8806561836361398
ARE_TAWEELAH,2025-03-18,0.8920586492549281
ARE_TAWEELAH,2025-03-19,0.9103451765434771
ARE_TAWEELAH,2025-03-21,0.9319320962834474
ARE_TAWEELAH,2025-03-22,0.9331400267547421
ARE_TAWEELAH,2025-03-26,0.8784404407968941
ARE_TAWEELAH,2025-03-27,1.017308275105621
ARE_TAWEELAH,2025-03-28,1.0020678360425899
ARE_TAWEELAH,2025-04-01,1.1200988761709243
ARE_TAWEELAH,2025-04-02,1.2484867353905704
ARE_TAWEELAH,2025-04-03,1.307240836638768
ARE_TAWEELAH,2025-04-05,1.2018856961788942
ARE_TAWEELAH,2025-04-06,1.1634520308429215
ARE_TAWEELAH,2025-04-07,1.2515443374125823
ARE_TAWEELAH,2025-04-08,1.225289694140617
ARE_TAWEELAH,2025-04-09,1.1897483988852127
ARE_TAWEELAH,2025-04-10,1.1534344680708077
ARE_TAWEELAH,2025-04-11,1.1915127337776081
ARE_TAWEELAH,2025-04-12,1.4706427479816833
ARE_TAWEELAH,2025-04-13,1.474004678960247
ARE_TAWEELAH,2025-04-14,1.4652549512301491
ARE_TAWEELAH,2025-04-15,1.468124297018157
ARE_TAWEELAH,2025-04-16,1.4629296719269314
ARE_TAWEELAH,2025-04-17,1.4359194072197072
ARE_TAWEELAH,2025-04-18,1.399236223245705
ARE_TAWEELAH,2025-04-19,1.3515414574923397
ARE_TAWEELAH,2025-04-20,1.3353483954667182
ARE_TAWEELAH,2025-04-21,1.3285432572244447
ARE_TAWEELAH,2025-04-22,1.3160178064947339
ARE_TAWEELAH,2025-04-24,1.2918432778832931
ARE_TAWEELAH,2025-04-25,1.2873072300181596
ARE_TAWEELAH,2025-04-27,1.28112608409771
ARE_TAWEELAH,2025-04-28,1.391310752142246
ARE_TAWEELAH,2025-04-29,1.417554520573121
ARE_TAWEELAH,2025-05-01,1.425558693505804
ARE_TAWEELAH,2025-05-02,1.374440965424262
ARE_TAWEELAH,2025-05-03,1.3261558960070159
ARE_TAWEELAH,2025-05-04,1.313842072606782
ARE_TAWEELAH,2025-05-05,1.3509524036604321
ARE_TAWEELAH,2025-05-06,1.343522381653772
ARE_TAWEELAH,2025-05-10,1.3170996883821857
ARE_TAWEELAH,2025-05-11,1.232814801194863
ARE_TAWEELAH,2025-05-12,1.0328411351698825
ARE_TAWEELAH,2025-05-13,1.0983027203589202
ARE_TAWEELAH,2025-05-14,1.0911465139297978
ARE_TAWEELAH,2025-05-15,1.1092422872649141
ARE_TAWEELAH,2025-05-16,1.1110382460745616
ARE_TAWEELAH,2025-05-17,1.1085601393496523
ARE_TAWEELAH,2025-05-18,1.1201735603694052
ARE_TAWEELAH,2025-05-19,1.1340628290519137
ARE_TAWEELAH,2025-05-20,1.1651002932026457
ARE_TAWEELAH,2025-05-21,1.1669355949807498
ARE_TAWEELAH,2025-05-23,1.2226328561394897
ARE_TAWEELAH,2025-05-24,1.2678937624668494
ARE_TAWEELAH,2025-05-25,1.2914834559454726
ARE_TAWEELAH,2025-05-26,1.2796441139501402
ARE_TAWEELAH,2025-05-27,1.22894772459766
ARE_TAWEELAH,2025-05-28,1.0943498794513047
ARE_TAWEELAH,2025-05-29,1.0958173305878733
ARE_TAWEELAH,2025-05-30,1.0900313377964674
ARE_TAWEELAH,2025-06-01,1.0460313662879148
ARE_TAWEELAH,2025-06-02,1.0397346211086416
ARE_TAWEELAH,2025-06-03,1.0519057210543157
ARE_TAWEELAH,2025-06-04,1.0083321279112778
ARE_TAWEELAH,2025-06-05,1.009387919089085
ARE_TAWEELAH,2025-06-06,0.9835917919918317
ARE_TAWEELAH,2025-06-07,0.9619292483523574
ARE_TAWEELAH,2025-06-08,0.9437140529523329
ARE_TAWEELAH,2025-06-09,0.9395454759608876
ARE_TAWEELAH,2025-06-11,0.9518439977773515
ARE_TAWEELAH,2025-06-12,0.9699614471546527
ARE_TAWEELAH,2025-06-13,0.9697655284884488
ARE_TAWEELAH,2025-06-14,0.9465707397538451
ARE_TAWEELAH,2025-06-15,0.9498222841206383
ARE_TAWEELAH,2025-06-16,0.9900109014295753
ARE_TAWEELAH,2025-06-17,0.9973657520540862
ARE_TAWEELAH,2025-06-18,1.0048135307588266
ARE_TAWEELAH,2025-06-19,0.9973245476512611
ARE_TAWEELAH,2025-06-20,0.9988514314909681
ARE_TAWEELAH,2025-06-21,0.9779130718261028
ARE_TAWEELAH,2025-06-22,0.9084480743575517
ARE_TAWEELAH,2025-06-23,0.8549006522438504
ARE_TAWEELAH,2025-06-24,0.8339396266505339
ARE_TAWEELAH,2025-06-25,0.8263053753912486
ARE_TAWEELAH,2025-06-26,0.8450425763183732
ARE_TAWEELAH,2025-06-27,0.8489183796079426
ARE_TAWEELAH,2025-06-28,0.8014857660178158
ARE_TAWEELAH,2025-06-30,0.784079893503992
ARE_TAWEELAH,2025-07-01,0.8012786413098818
ARE_TAWEELAH,2025-07-02,0.7921422898596951
ARE_TAWEELAH,2025-07-03,0.7571546414690984
ARE_TAWEELAH,2025-07-04,0.7494705351076661
ARE_TAWEELAH,2025-07-05,0.7460459253987477
ARE_TAWEELAH,2025-07-07,0.7652387502987703
ARE_TAWEELAH,2025-07-08,0.781439064133849
ARE_TAWEELAH,2025-07-09,0.7846437048160382
ARE_TAWEELAH,2025-07-10,0.7963513413702766
ARE_TAWEELAH,2025-07-11,0.8155288915692316
ARE_TAWEELAH,2025-07-13,0.7127829456696354
ARE_TAWEELAH,2025-07-14,0.665102326511225
ARE_TAWEELAH,2025-07-15,0.6977431851225101
ARE_TAWEELAH,2025-07-16,0.7224999156467921
ARE_TAWEELAH,2025-07-17,0.7548645808793902
ARE_TAWEELAH,2025-07-18,0.7745628556756713
ARE_TAWEELAH,2025-07-19,0.7479553840020786
ARE_TAWEELAH,2025-07-20,0.7313871642803333
ARE_TAWEELAH,2025-07-21,0.7625802850758722
ARE_TAWEELAH,2025-07-22,0.7989247789019124
ARE_TAWEELAH,2025-07-23,0.8138114880658257
ARE_TAWEELAH,2025-07-24,0.8220522260302685
ARE_TAWEELAH,2025-07-26,0.8144193156425612
ARE_TAWEELAH,2025-07-27,0.8388591564814301
ARE_TAWEELAH,2025-07-28,0.8589143947896514
ARE_TAWEELAH,2025-07-29,0.8534220989941388
ARE_TAWEELAH,2025-07-30,0.8547882496274612
ARE_TAWEELAH,2025-07-31,0.863381969874835
ARE_TAWEELAH,2025-08-01,0.8725581549064105
ARE_TAWEELAH,2025-08-02,0.9027167650834517
ARE_TAWEELAH,2025-08-03,0.9205626117929299
ARE_TAWEELAH,2025-08-04,0.9509058882238587
ARE_TAWEELAH,2025-08-05,0.9426591079597024
ARE_TAWEELAH,2025-08-06,0.957906347971485
ARE_TAWEELAH,2025-08-07,0.9766897242314362
ARE_TAWEELAH,2025-08-08,1.0059627673263447
ARE_TAWEELAH,2025-08-09,0.9898682107086162
ARE_TAWEELAH,2025-08-10,0.9680353213283767
ARE_TAWEELAH,2025-08-11,0.9571761879986667
ARE_TAWEELAH,2025-08-12,0.9921981582883421
ARE_TAWEELAH,2025-08-13,1.0214102083122076
ARE_TAWEELAH,2025-08-14,1.009890400599873
ARE_TAWEELAH,2025-08-16,0.9238567591860851
ARE_TAWEELAH,2025-08-17,0.9052726819768493
ARE_TAWEELAH,2025-08-18,0.9335635137767134
ARE_TAWEELAH,2025-08-19,0.937741271918899
ARE_TAWEELAH,2025-08-20,0.9010511222965237
ARE_TAWEELAH,2025-08-22,0.8747058449187389
ARE_TAWEELAH,2025-08-23,0.8941447589196649
ARE_TAWEELAH,2025-08-24,0.8789627712537224
ARE_TAWEELAH,2025-08-26,0.9041306022566481
ARE_TAWEELAH,2025-08-27,0.9643124764839338
ARE_TAWEELAH,2025-08-28,1.0025256908902873
ARE_TAWEELAH,2025-08-29,1.0174767253738326
ARE_TAWEELAH,2025-08-30,1.0186701580330018
ARE_TAWEELAH,2025-08-31,0.9888630274696696
ARE_TAWEELAH,2025-09-01,0.9827776689635144
ARE_TAWEELAH,2025-09-02,0.9722366021093459
ARE_TAWEELAH,2025-09-03,1.0555771746707145
ARE_TAWEELAH,2025-09-04,1.0618329547267433
ARE_TAWEELAH,2025-09-06,1.0414010163400405
ARE_TAWEELAH,2025-09-08,1.0243988143399252
ARE_TAWEELAH,2025-09-09,1.0201056679130212
ARE_TAWEELAH,2025-09-10,1.0323551597665428
ARE_TAWEELAH,2025-09-11,1.0207239590720152
ARE_TAWEELAH,2025-09-12,1.0254549073795598
ARE_TAWEELAH,2025-09-13,0.9893481883533133
ARE_TAWEELAH,2025-09-15,0.9976534286937341
ARE_TAWEELAH,2025-09-16,0.9892965836363784
ARE_TAWEELAH,2025-09-17,0.9806181493613007
ARE_TAWEELAH,2025-09-18,0.9852147997708104
ARE_TAWEELAH,2025-09-19,1.0090045432815262
ARE_TAWEELAH,2025-09-20,0.9906768217969416
ARE_TAWEELAH,2025-09-21,0.9755705430052293
ARE_TAWEELAH,2025-09-22,0.9747016200535653
ARE_TAWEELAH,2025-09-23,0.9840844880551354
ARE_TAWEELAH,2025-09-25,0.9291063221955157
ARE_TAWEELAH,2025-09-26,0.8451212213158301
ARE_TAWEELAH,2025-09-28,0.8125882366205647
ARE_TAWEELAH,2025-09-29,0.7864384717742118
ARE_TAWEELAH,2025-09-30,0.8262410668140354
ARE_TAWEELAH,2025-10-01,0.8115160070969922
ARE_TAWEELAH,2025-10-02,0.8106705366816805
ARE_TAWEELAH,2025-10-03,0.6992391928680141
ARE_TAWEELAH,2025-10-04,0.6825661231956235
ARE_TAWEELAH,2025-10-05,0.668958016871662
ARE_TAWEELAH,2025-10-06,0.6986786054376997
ARE_TAWEELAH,2025-10-07,0.6697603188186463
ARE_TAWEELAH,2025-10-08,0.6842068322448367
ARE_TAWEELAH,2025-10-09,0.6907225662983353
ARE_TAWEELAH,2025-10-10,0.6803401777346344
ARE_TAWEELAH,2025-10-11,0.6739822858215097
ARE_TAWEELAH,2025-10-12,0.6411838353413826
ARE_TAWEELAH,2025-10-14,0.6420114773104837
ARE_TAWEELAH,2025-10-15,0.6452446982562386
ARE_TAWEELAH,2025-10-16,0.6416092336094357
ARE_TAWEELAH,2025-10-17,0.626508580919335
ARE_TAWEELAH,2025-10-18,0.6297854662972049
ARE_TAWEELAH,2025-10-19,0.6325732103501032
ARE_TAWEELAH,2025-10-20,0.6434830067324746
ARE_TAWEELAH,2025-10-21,0.6859612240599385
ARE_TAWEELAH,2025-10-22,0.748475666724152
ARE_TAWEELAH,2025-10-23,0.7589836001200658
ARE_TAWEELAH,2025-10-24,0.7574137850334611
ARE_TAWEELAH,2025-10-25,0.7657798993200887
ARE_TAWEELAH,2025-10-26,0.7614588707654338
ARE_TAWEELAH,2025-10-27,0.7625784068006025
ARE_TAWEELAH,2025-10-28,0.7572349626772654
ARE_TAWEELAH,2025-10-29,0.7742967853445762
ARE_TAWEELAH,2025-10-30,0.7773262647905292
ARE_TAWEELAH,2025-10-31,0.7926132531911312
ARE_TAWEELAH,2025-11-01,0.8027224180184664
ARE_TAWEELAH,2025-11-02,0.8008512653782552
ARE_TAWEELAH,2025-11-04,0.7599613525275216
ARE_TAWEELAH,2025-11-05,0.8378998385904683
ARE_TAWEELAH,2025-11-06,0.9932275581149941
ARE_TAWEELAH,2025-11-09,1.016799010286899
ARE_TAWEELAH,2025-11-10,1.022586855547365
ARE_TAWEELAH,2025-11-12,1.1067763498819345
ARE_TAWEELAH,2025-11-13,1.117758643886903
ARE_TAWEELAH,2025-11-14,1.187511091040803
ARE_TAWEELAH,2025-11-15,1.205334461482233
ARE_TAWEELAH,2025-11-17,1.3380933341724242
ARE_TAWEELAH,2025-11-18,1.3587485406577176
ARE_TAWEELAH,2025-11-20,1.3974924844971905
ARE_TAWEELAH,2025-11-21,1.3234776861631088
ARE_TAWEELAH,2025-11-22,1.3747829889767067
ARE_TAWEELAH,2025-11-23,1.4184396576370044
ARE_TAWEELAH,2025-11-24,1.4936932178489115
ARE_TAWEELAH,2025-11-25,1.4390225634881135
ARE_TAWEELAH,2025-11-27,1.4809499574087506
ARE_TAWEELAH,2025-11-28,1.4998939943783112
ARE_TAWEELAH,2025-12-02,1.569512958247905
ARE_TAWEELAH,2025-12-03,1.550654293246432
ARE_TAWEELAH,2025-12-06,1.3997987960928246
ARE_TAWEELAH,2025-12-07,1.4170692277225825
ARE_TAWEELAH,2025-12-09,1.3716510417105874
ARE_TAWEELAH,2025-12-10,1.3818193565841175
ARE_TAWEELAH,2025-12-12,1.294774273446966
ARE_TAWEELAH,2025-12-13,1.3258297382330972
ARE_TAWEELAH,2025-12-15,1.3435533132244102
ARE_TAWEELAH,2025-12-20,1.147676829392072
ARE_TAWEELAH,2025-12-22,1.0126588736989
ARE_TAWEELAH,2025-12-23,1.050440623542845
ARE_TAWEELAH,2025-12-24,1.0210491827661623
ARE_TAWEELAH,2025-12-28,1.0575432872761756
ARE_TAWEELAH,2025-12-29,1.0238661051973335
ARE_TAWEELAH,2026-01-01,1.0307008699707827
ARE_TAWEELAH,2026-01-02,0.985632794361509
ARE_TAWEELAH,2026-01-03,0.9626330165208722
ARE_TAWEELAH,2026-01-04,0.925213842213208
ARE_TAWEELAH,2026-01-05,0.9111623833048701
ARE_TAWEELAH,2026-01-06,0.9370677490673276
ARE_TAWEELAH,2026-01-07,0.9254683712966622
ARE_TAWEELAH,2026-01-08,0.9822205995556461
ARE_TAWEELAH,2026-01-09,0.9993791886694761
ARE_TAWEELAH,2026-01-11,0.9791481244079469
ARE_TAWEELAH,2026-01-12,0.9634604327362494
ARE_TAWEELAH,2026-01-13,0.9747037126166269
ARE_TAWEELAH,2026-01-14,0.9039747239095081
ARE_TAWEELAH,2026-01-16,0.8731570925842724
ARE_TAWEELAH,2026-01-17,0.8418177978159846
ARE_TAWEELAH,2026-01-18,0.8188315426103071
ARE_TAWEELAH,2026-01-20,0.9308923047377244
ARE_TAWEELAH,2026-01-21,0.9486871292682921
ARE_TAWEELAH,2026-01-22,0.8496635246839229
ARE_TAWEELAH,2026-01-23,0.8744688433879854
ARE_TAWEELAH,2026-01-28,0.9151118041195323
ARE_TAWEELAH,2026-01-29,0.9616794850685974
ARE_TAWEELAH,2026-01-30,0.9343016841047891
ARE_TAWEELAH,2026-01-31,0.9775178693511459
ARE_TAWEELAH,2026-02-01,0.9836184439903527
ARE_TAWEELAH,2026-02-02,1.005127001307284
ARE_TAWEELAH,2026-02-04,1.0342452546686243
ARE_TAWEELAH,2026-02-05,0.9686956398211
ARE_TAWEELAH,2026-02-07,0.9624633551084644
ARE_TAWEELAH,2026-02-09,0.926909030264025
ARE_TAWEELAH,2026-02-10,0.944410708685688
ARE_TAWEELAH,2026-02-12,0.9247364671293626
ARE_TAWEELAH,2026-02-13,0.9337530078884079
ARE_TAWEELAH,2026-02-14,0.9737449590726254
ARE_TAWEELAH,2026-02-15,1.0454068279697224
ARE_TAWEELAH,2026-02-19,1.0890391662722945
ARE_TAWEELAH,2026-02-22,1.0684268481729906
ARE_TAWEELAH,2026-02-23,1.0563304935316535
ARE_TAWEELAH,2026-02-24,1.1063652025510184
ARE_TAWEELAH,2026-02-25,1.1006212022935056
ARE_TAWEELAH,2026-02-26,1.0689352693324228
ARE_TAWEELAH,2026-02-27,1.049207231217002
ARE_TAWEELAH,2026-02-28,0.9743798974421269
ARE_TAWEELAH,2026-03-01,1.0434081948976022
ARE_TAWEELAH,2026-03-02,1.0217717733218972
ARE_TAWEELAH,2026-03-03,1.0758102734724875
ARE_TAWEELAH,2026-03-04,1.0788051287221387
ARE_TAWEELAH,2026-03-05,1.0468361469430787
ARE_TAWEELAH,2026-03-14,1.1606657367182271
ARE_TAWEELAH,2026-03-15,1.1192563028895919
ARE_TAWEELAH,2026-03-16,1.149577477070767
ARE_TAWEELAH,2026-03-17,1.063533448357517
ARE_TAWEELAH,2026-03-19,1.043283657432478
ARE_TAWEELAH,2026-03-22,0.9416776643385647
ARE_TAWEELAH,2026-03-28,0.86372150715042
ARE_TAWEELAH,2026-04-01,0.8051989308346914
ARE_TAWEELAH,2026-04-02,0.6579242896330355
ARE_TAWEELAH,2026-04-03,0.5733580376067766
ARE_TAWEELAH,2026-04-05,0.5626717724833651
ARE_TAWEELAH,2026-04-06,0.5281329125335427
ARE_TAWEELAH,2026-04-08,0.49786478135674994
ARE_TAWEELAH,2026-04-16,0.24132782519330695
ARE_TAWEELAH,2026-04-17,0.22167975575867746
ARE_TAWEELAH,2026-04-18,0.1722495120509859
ARE_TAWEELAH,2026-04-19,0.19161322795265476
ARE_TAWEELAH,2026-04-20,0.2137846849828734
ARE_TAWEELAH,2026-04-22,0.2133401487568253
ARE_TAWEELAH,2026-04-23,0.2625669942917023
ARE_TAWEELAH,2026-04-24,0.31770861035728104
ARE_TAWEELAH,2026-04-25,0.31824130302026893
ARE_TAWEELAH,2026-04-26,0.3219685972893873
ARE_TAWEELAH,2026-04-27,0.33618434036288986
ARE_TAWEELAH,2026-04-28,0.3434715708118647
ARE_TAWEELAH,2026-04-29,0.39125087247080365
ARE_TAWEELAH,2026-04-30,0.3956692896144399
ARE_TAWEELAH,2026-05-01,0.4106085327602445
ARE_TAWEELAH,2026-05-02,0.4374605626718656
ARE_TAWEELAH,2026-05-03,0.4639174370590681
ARE_TAWEELAH,2026-05-04,0.4608032936444343
ARE_TAWEELAH,2026-05-06,0.4875838283014452
ARE_TAWEELAH,2026-05-07,0.5604305617874452
ARE_TAWEELAH,2026-05-08,0.5786812460288159
ARE_TAWEELAH,2026-05-10,0.5682221976283741
ARE_TAWEELAH,2026-05-11,0.5749463243067858
ARE_TAWEELAH,2026-05-12,0.5863851012008398
ARE_TAWEELAH,2026-05-13,0.6111962628692253
ARE_TAWEELAH,2026-05-14,0.6023430479013944
ARE_TAWEELAH,2026-05-16,0.6135509027664203
ARE_TAWEELAH,2026-05-17,0.6884470134022396
ARE_TAWEELAH,2026-05-20,0.7102012392519966
ARE_TAWEELAH,2026-05-21,0.6985784783008948
ARE_TAWEELAH,2026-05-22,0.714203282624446
ARE_TAWEELAH,2026-05-23,0.7003751945396931
ARE_TAWEELAH,2026-05-24,0.6813833669476469
ARE_TAWEELAH,2026-05-25,0.7015627353672166
ARE_TAWEELAH,2026-05-26,0.7147567663693499
ARE_TAWEELAH,2026-05-27,0.7243989136021289
ARE_TAWEELAH,2026-05-28,0.7387459059532913
ARE_TAWEELAH,2026-05-29,0.7210798447588774
ARE_TAWEELAH,2026-05-30,0.7314037646697089
ARE_TAWEELAH,2026-05-31,0.7227707291526868
ARE_TAWEELAH,2026-06-01,0.7202704567011621
ARE_TAWEELAH,2026-06-03,0.7276532634522407
ARE_TAWEELAH,2026-06-04,0.721025748204596
ARE_TAWEELAH,2026-06-05,0.7241308149631156
ARE_TAWEELAH,2026-06-06,0.6665423909772642
ARE_TAWEELAH,2026-06-07,0.6608624022622362
ARE_TAWEELAH,2026-06-08,0.6717042025059254
ARE_TAWEELAH,2026-06-09,0.6851513620605493
ARE_TAWEELAH,2026-06-10,0.6725354657892021
ARE_TAWEELAH,2026-06-11,0.6606670773301891
ARE_TAWEELAH,2026-06-12,0.6372126118994728
ARE_TAWEELAH,2026-06-14,0.6450350132051124
ARE_TAWEELAH,2026-06-15,0.6431586699436421
ARE_TAWEELAH,2026-06-18,0.6034748772039891
ARE_TAWEELAH,2026-06-19,0.6291591331669936
ARE_TAWEELAH,2026-06-21,0.6277519744580444
ARE_TAWEELAH,2026-06-23,0.6451214077631737
ARE_TAWEELAH,2026-06-24,0.6656360007003725
ARE_TAWEELAH,2026-06-25,0.6971020726147291
ARE_TAWEELAH,2026-06-26,0.6923056373946465
ARE_TAWEELAH,2026-06-27,0.6842716097668083
ARE_TAWEELAH,2026-06-28,0.6706821136188251
ARE_TAWEELAH,2026-06-29,0.6754780409313157
ARE_TAWEELAH,2026-06-30,0.6791654407910448
ARE_TAWEELAH,2026-07-01,0.6634086442571525
ARE_TAWEELAH,2026-07-02,0.6543130466108426
ARE_TAWEELAH,2026-07-03,0.6820600168096373
ARE_TAWEELAH,2026-07-04,0.7052705981560075
ARE_TAWEELAH,2026-07-05,0.703697346525232
ARE_TAWEELAH,2026-07-06,0.7001960469656968
ARE_TAWEELAH,2026-07-07,0.704853139231307
ARE_TAWEELAH,2026-07-08,0.6951959738385903
ARE_TAWEELAH,2026-07-10,0.7082938997961549
ARE_TAWEELAH,2026-07-11,0.7113688201773529
ARE_TAWEELAH,2026-07-12,0.7025275482988484
ARE_TAWEELAH,2026-07-13,0.6907093172479708
ARE_TAWEELAH,2026-07-14,0.7095328741977838
ARE_TAWEELAH,2026-07-15,0.7683585459108605
ARE_TAWEELAH,2026-07-16,0.7773544565615141
ARE_TAWEELAH,2026-07-17,0.7484513452089034
ARE_TAWEELAH,2026-07-18,0.7322917547181381
ARE_TAWEELAH,2026-07-19,0.7430830456173415
ARE_TAWEELAH,2026-07-20,0.7929594722704828
ARE_TAWEELAH,2026-07-21,0.8032137400026979
ARE_TAWEELAH,2026-07-22,0.7863648611937674
ARE_TAWEELAH,2026-07-23,0.7687536502220046
ARE_TAWEELAH,2026-07-24,0.7587414273679433
ARE_TAWEELAH,2026-07-25,0.7879705471831371
ARE_TAWEELAH,2026-07-26,0.8157066460805128
ARE_TAWEELAH,2026-07-27,0.8193657739260826
ARE_TAWEELAH,2026-07-28,0.8290359798265093
ARE_TAWEELAH,2026-07-29,0.8221869375358364
ARE_TAWEELAH,2026-07-30,0.8516631224773418
ARE_TAWEELAH,2026-07-31,0.869450541147231
ARE_TAWEELAH,2026-08-01,0.8853842775153595
ARE_TAWEELAH,2026-08-03,0.8537047219583312
ARE_TAWEELAH,2026-08-04,0.8905996446588417
ARE_TAWEELAH,2026-08-05,0.9192130754844167
ARE_TAWEELAH,2026-08-06,0.9613144795305174
ARE_TAWEELAH,2026-08-07,0.9799811416407945
ARE_TAWEELAH,2026-08-09,0.9710430294422284
ARE_TAWEELAH,2026-08-10,0.9911152876339822
ARE_TAWEELAH,2026-08-11,1.1227265403682802
ARE_TAWEELAH,2026-08-13,1.1181773600458231
ARE_TAWEELAH,2026-08-14,1.1080566833511316
ARE_TAWEELAH,2026-08-15,1.096914692831613
ARE_TAWEELAH,2026-08-17,1.178385858214286
ARE_TAWEELAH,2026-08-19,1.122616453004371
ARE_TAWEELAH,2026-08-21,1.1477979646865881
ARE_TAWEELAH,2026-08-24,1.1327882498230872
ARE_TAWEELAH,2026-08-25,1.143401826662373
ARE_TAWEELAH,2026-08-26,1.2063801696981165
ARE_TAWEELAH,2026-08-27,1.2225361538751167
ARE_TAWEELAH,2026-08-28,1.2306670291902597
ARE_TAWEELAH,2026-08-29,1.2018239273849742
ARE_TAWEELAH,2026-08-30,1.1997925560851526
ARE_TAWEELAH,2026-08-31,1.2523872479446507
ARE_TAWEELAH,2026-09-01,1.233557010460163
ARE_TAWEELAH,2026-09-02,1.2499842388533973
ARE_TAWEELAH,2026-09-03,1.19987761887093
ARE_TAWEELAH,2026-09-04,1.1797526462616823
ARE_TAWEELAH,2026-09-05,1.1335986736563242
ARE_TAWEELAH,2026-09-06,1.1104254369821465
ARE_TAWEELAH,2026-09-07,1.1127670704745478
ARE_TAWEELAH,2026-09-08,1.131077125958328
ARE_TAWEELAH,2026-09-09,1.1077002820376358
ARE_TAWEELAH,2026-09-10,0.9570325890788173
BHR_ALDUR,2025-01-02,
BHR_ALDUR,2025-01-03,
BHR_ALDUR,2025-01-04,
BHR_ALDUR,2025-01-05,
BHR_ALDUR,2025-01-06,
BHR_ALDUR,2025-01-08,
BHR_ALDUR,2025-01-09,
BHR_ALDUR,2025-01-10,0.4631190581512005
BHR_ALDUR,2025-01-14,0.4848212397216062
BHR_ALDUR,2025-01-15,0.5657984315587251
BHR_ALDUR,2025-01-16,0.7881224933762033
BHR_ALDUR,2025-01-18,0.7459043019786716
BHR_ALDUR,2025-01-19,0.7333197504154664
BHR_ALDUR,2025-01-20,0.7561211077325235
BHR_ALDUR,2025-01-21,0.6521198832519615
BHR_ALDUR,2025-01-22,0.7526555905848116
BHR_ALDUR,2025-01-28,0.7313143813304855
BHR_ALDUR,2025-01-29,0.721234056716896
BHR_ALDUR,2025-01-30,0.7021429835203291
BHR_ALDUR,2025-01-31,0.6958022560627737
BHR_ALDUR,2025-02-01,0.7329427258575949
BHR_ALDUR,2025-02-02,0.8265652496502074
BHR_ALDUR,2025-02-03,0.8968286460882331
BHR_ALDUR,2025-02-04,0.9340508211271962
BHR_ALDUR,2025-02-08,1.0437947760175308
BHR_ALDUR,2025-02-09,1.0565619706582994
BHR_ALDUR,2025-02-10,1.0473142755550202
BHR_ALDUR,2025-02-11,1.0456107605332143
BHR_ALDUR,2025-02-17,0.9771103638385216
BHR_ALDUR,2025-02-19,0.9943656140576017
BHR_ALDUR,2025-02-21,0.991498906218446
BHR_ALDUR,2025-02-22,1.0176365121128303
BHR_ALDUR,2025-03-01,1.1460199151656683
BHR_ALDUR,2025-03-03,1.1433819631278845
BHR_ALDUR,2025-03-11,0.9039136273359456
BHR_ALDUR,2025-03-14,0.8083860835326151
BHR_ALDUR,2025-03-15,0.8361824419344184
BHR_ALDUR,2025-03-17,0.9124062129487939
BHR_ALDUR,2025-03-18,1.0073761384418156
BHR_ALDUR,2025-03-19,1.0650019243795195
BHR_ALDUR,2025-03-20,1.101765925594821
BHR_ALDUR,2025-03-25,1.123010359188696
BHR_ALDUR,2025-03-26,1.0753195342146018
BHR_ALDUR,2025-03-27,1.0826130604416226
BHR_ALDUR,2025-03-29,1.1521234058843854
BHR_ALDUR,2025-03-30,1.1293167650317086
BHR_ALDUR,2025-03-31,1.1432753547493764
BHR_ALDUR,2025-04-03,1.2329813957508624
BHR_ALDUR,2025-04-08,1.1836946208049284
BHR_ALDUR,2025-04-11,1.1926810256082503
BHR_ALDUR,2025-04-14,1.270139155113749
BHR_ALDUR,2025-04-18,1.0691258690063359
BHR_ALDUR,2025-04-19,0.983716784762822
BHR_ALDUR,2025-04-21,1.0488112202944113
BHR_ALDUR,2025-04-23,0.9840336922655702
BHR_ALDUR,2025-04-24,0.995210568584729
BHR_ALDUR,2025-04-25,1.0182918077711776
BHR_ALDUR,2025-04-26,1.0473647002374056
BHR_ALDUR,2025-04-27,1.0892368163080866
BHR_ALDUR,2025-04-28,1.0958654228754634
BHR_ALDUR,2025-05-01,1.1154361826911698
BHR_ALDUR,2025-05-05,1.0574646017818063
BHR_ALDUR,2025-05-10,1.0839867590977081
BHR_ALDUR,2025-05-12,1.1172950409785891
BHR_ALDUR,2025-05-13,1.135605338886747
BHR_ALDUR,2025-05-14,1.1890984091000913
BHR_ALDUR,2025-05-15,1.2095207886364523
BHR_ALDUR,2025-05-18,1.2502864512339436
BHR_ALDUR,2025-05-20,1.2641712011040098
BHR_ALDUR,2025-05-21,1.1921906624954937
BHR_ALDUR,2025-05-23,1.204692651409378
BHR_ALDUR,2025-05-25,1.241451592834985
BHR_ALDUR,2025-05-26,1.185245073663715
BHR_ALDUR,2025-05-27,1.1149361422840396
BHR_ALDUR,2025-05-29,0.890441972755906
BHR_ALDUR,2025-06-05,0.825758456595916
BHR_ALDUR,2025-06-06,0.8223908115350625
BHR_ALDUR,2025-06-07,0.8775775864913248
BHR_ALDUR,2025-06-08,0.9276104123461129
BHR_ALDUR,2025-06-09,1.0009847342219529
BHR_ALDUR,2025-06-10,1.0156988071242221
BHR_ALDUR,2025-06-11,0.9846131978436605
BHR_ALDUR,2025-06-12,1.0196249111057125
BHR_ALDUR,2025-06-14,1.0422232266687874
BHR_ALDUR,2025-06-15,1.0606175751357414
BHR_ALDUR,2025-06-16,1.0579296418683242
BHR_ALDUR,2025-06-21,1.0828740853614982
BHR_ALDUR,2025-06-22,1.0789261480689964
BHR_ALDUR,2025-06-23,1.0444199730830948
BHR_ALDUR,2025-06-27,1.0543458113763569
BHR_ALDUR,2025-06-28,1.1781812054144158
BHR_ALDUR,2025-06-29,1.1572512808582145
BHR_ALDUR,2025-06-30,1.126525226642441
BHR_ALDUR,2025-07-01,1.1417122822705625
BHR_ALDUR,2025-07-07,1.1739393844344232
BHR_ALDUR,2025-07-08,1.096830259169862
BHR_ALDUR,2025-07-09,1.0292294960297514
BHR_ALDUR,2025-07-10,1.0303816456574564
BHR_ALDUR,2025-07-11,1.102945793420522
BHR_ALDUR,2025-07-12,1.1494602706585515
BHR_ALDUR,2025-07-13,1.1414122971485001
BHR_ALDUR,2025-07-16,0.9672654336431045
BHR_ALDUR,2025-07-17,1.0568841630511383
BHR_ALDUR,2025-07-25,1.1415318781125268
BHR_ALDUR,2025-07-26,1.1773665491793737
BHR_ALDUR,2025-07-27,1.2484738237408026
BHR_ALDUR,2025-07-28,1.371109258885713
BHR_ALDUR,2025-07-30,1.3812578765197758
BHR_ALDUR,2025-08-02,1.40160414101737
BHR_ALDUR,2025-08-03,1.354708313479579
BHR_ALDUR,2025-08-04,1.3140977187473066
BHR_ALDUR,2025-08-05,1.3366779855813478
BHR_ALDUR,2025-08-06,1.3610220042316452
BHR_ALDUR,2025-08-07,1.4279131994275496
BHR_ALDUR,2025-08-08,1.4291414320725069
BHR_ALDUR,2025-08-09,1.4085904441232358
BHR_ALDUR,2025-08-10,1.330961639519655
BHR_ALDUR,2025-08-11,1.2522545226831463
BHR_ALDUR,2025-08-12,1.2826915785679913
BHR_ALDUR,2025-08-13,1.214788731497932
BHR_ALDUR,2025-08-14,1.189777627695245
BHR_ALDUR,2025-08-15,1.2024324674968396
BHR_ALDUR,2025-08-16,1.0875256158659665
BHR_ALDUR,2025-08-19,1.0980367207278707
BHR_ALDUR,2025-08-20,1.0713659847489105
BHR_ALDUR,2025-08-21,1.050552502827449
BHR_ALDUR,2025-08-22,1.0107347102088775
BHR_ALDUR,2025-08-24,1.0124600701176567
BHR_ALDUR,2025-08-25,0.9230058054186209
BHR_ALDUR,2025-08-26,0.9017356269368713
BHR_ALDUR,2025-08-27,0.8234628650279157
BHR_ALDUR,2025-08-28,0.8563835745048703
BHR_ALDUR,2025-08-30,0.8710761222476218
BHR_ALDUR,2025-08-31,0.9006828577362511
BHR_ALDUR,2025-09-03,0.9168379443254461
BHR_ALDUR,2025-09-04,0.8829484036665697
BHR_ALDUR,2025-09-05,0.8316181378164118
BHR_ALDUR,2025-09-06,0.8136282125309414
BHR_ALDUR,2025-09-07,0.7995961049411958
BHR_ALDUR,2025-09-08,0.8085737871179343
BHR_ALDUR,2025-09-09,0.8870004626227178
BHR_ALDUR,2025-09-10,0.9159548068585169
BHR_ALDUR,2025-09-11,0.8885538589161204
BHR_ALDUR,2025-09-12,0.9197815708267304
BHR_ALDUR,2025-09-13,0.9013018892854873
BHR_ALDUR,2025-09-16,0.9430801933552402
BHR_ALDUR,2025-09-18,0.9545877659442403
BHR_ALDUR,2025-09-19,0.9702634501856673
BHR_ALDUR,2025-09-20,1.0292309180863435
BHR_ALDUR,2025-09-21,1.0560235051852407
BHR_ALDUR,2025-09-22,1.0434502354782904
BHR_ALDUR,2025-09-25,1.1065441719046818
BHR_ALDUR,2025-09-28,1.0883902088313366
BHR_ALDUR,2025-09-30,1.06207631711541
BHR_ALDUR,2025-10-02,1.0292514774402344
BHR_ALDUR,2025-10-03,0.9681200976218656
BHR_ALDUR,2025-10-04,0.9172837011801922
BHR_ALDUR,2025-10-06,0.9519586812302355
BHR_ALDUR,2025-10-07,0.9954841578320164
BHR_ALDUR,2025-10-10,0.823976165008408
BHR_ALDUR,2025-10-12,0.8109437083912737
BHR_ALDUR,2025-10-13,0.8742679353931653
BHR_ALDUR,2025-10-14,0.8683111215313214
BHR_ALDUR,2025-10-15,0.8821509706365266
BHR_ALDUR,2025-10-16,0.9539787595772414
BHR_ALDUR,2025-10-20,0.8446195528446575
BHR_ALDUR,2025-10-21,0.8486900118716713
BHR_ALDUR,2025-10-22,0.9003723402851049
BHR_ALDUR,2025-10-23,0.844194738683914
BHR_ALDUR,2025-10-24,0.817230211769152
BHR_ALDUR,2025-10-25,0.9032446016578729
BHR_ALDUR,2025-10-26,0.9982230811216608
BHR_ALDUR,2025-10-27,0.9912243600619223
BHR_ALDUR,2025-10-29,0.9456748641490869
BHR_ALDUR,2025-10-30,0.9035651256148141
BHR_ALDUR,2025-11-02,0.986938632098107
BHR_ALDUR,2025-11-03,1.0297252862172135
BHR_ALDUR,2025-11-04,1.1067843334429874
BHR_ALDUR,2025-11-05,1.1127737262377277
BHR_ALDUR,2025-11-06,1.1276830709417958
BHR_ALDUR,2025-11-14,1.2089271853736245
BHR_ALDUR,2025-11-15,1.1608939117897994
BHR_ALDUR,2025-11-17,1.1861517330983002
BHR_ALDUR,2025-11-20,1.2532452069293323
BHR_ALDUR,2025-11-21,1.174537735575628
BHR_ALDUR,2025-11-22,1.1816489683703748
BHR_ALDUR,2025-11-23,1.181451778612979
BHR_ALDUR,2025-11-25,1.0079588143459115
BHR_ALDUR,2025-11-26,1.064135037261751
BHR_ALDUR,2025-11-27,0.9917805184413344
BHR_ALDUR,2025-11-28,1.0534623876581664
BHR_ALDUR,2025-11-29,1.0697854843225822
BHR_ALDUR,2025-11-30,1.095813892219809
BHR_ALDUR,2025-12-03,1.2005895227736376
BHR_ALDUR,2025-12-05,1.0791412400279068
BHR_ALDUR,2025-12-06,1.0591980140571806
BHR_ALDUR,2025-12-07,1.0724415352263896
BHR_ALDUR,2025-12-14,1.028951326046796
BHR_ALDUR,2025-12-17,0.9691944314518112
BHR_ALDUR,2025-12-20,0.8794050997528933
BHR_ALDUR,2025-12-22,1.007003598341298
BHR_ALDUR,2025-12-23,1.188175357255375
BHR_ALDUR,2025-12-26,1.052308487449356
BHR_ALDUR,2025-12-29,1.2401696413723318
BHR_ALDUR,2025-12-30,1.0787401111063772
BHR_ALDUR,2025-12-31,1.0521713308043916
BHR_ALDUR,2026-01-01,1.061163118711303
BHR_ALDUR,2026-01-02,0.8636427991167067
BHR_ALDUR,2026-01-05,0.7504015926138343
BHR_ALDUR,2026-01-06,0.7010437320068027
BHR_ALDUR,2026-01-07,0.695783378618314
BHR_ALDUR,2026-01-08,0.7183101785688404
BHR_ALDUR,2026-01-09,0.7515880540303312
BHR_ALDUR,2026-01-11,0.7427163565386945
BHR_ALDUR,2026-01-13,0.7303556119536804
BHR_ALDUR,2026-01-14,0.691103460532292
BHR_ALDUR,2026-01-15,0.7089472889183741
BHR_ALDUR,2026-01-16,0.6771109566853287
BHR_ALDUR,2026-01-17,0.7033849969722603
BHR_ALDUR,2026-01-18,0.7131546035226728
BHR_ALDUR,2026-01-19,0.7566213162760353
BHR_ALDUR,2026-01-20,0.7934203388947371
BHR_ALDUR,2026-01-22,0.6691911355770153
BHR_ALDUR,2026-01-26,0.7018645804882733
BHR_ALDUR,2026-01-27,0.7018929153802632
BHR_ALDUR,2026-01-28,0.6933305558858358
BHR_ALDUR,2026-01-29,0.6883863404461761
BHR_ALDUR,2026-01-30,0.7100594577716525
BHR_ALDUR,2026-01-31,0.7870383233018075
BHR_ALDUR,2026-02-01,0.8435956324389068
BHR_ALDUR,2026-02-03,0.8441796176250219
BHR_ALDUR,2026-02-04,0.8704135165505985
BHR_ALDUR,2026-02-05,0.8704113774890977
BHR_ALDUR,2026-02-08,0.8679879927735589
BHR_ALDUR,2026-02-11,0.8865475188818648
BHR_ALDUR,2026-02-12,0.8922710003053188
BHR_ALDUR,2026-02-13,0.9317444978799662
BHR_ALDUR,2026-02-14,0.9266665232122442
BHR_ALDUR,2026-02-17,0.9543209858970229
BHR_ALDUR,2026-02-19,0.9829661138664151
BHR_ALDUR,2026-02-21,0.9593545235307881
BHR_ALDUR,2026-02-22,0.9662031109434474
BHR_ALDUR,2026-02-24,0.9803678674995885
BHR_ALDUR,2026-02-26,0.9946196836535434
BHR_ALDUR,2026-02-27,1.0236409249051432
BHR_ALDUR,2026-02-28,1.1719708631673216
BHR_ALDUR,2026-03-05,1.0059243032393168
BHR_ALDUR,2026-03-06,0.9713938927633401
BHR_ALDUR,2026-03-07,0.94011604789411
BHR_ALDUR,2026-03-11,0.8838934485128024
BHR_ALDUR,2026-03-14,0.8630900174857037
BHR_ALDUR,2026-03-15,0.809464232668247
BHR_ALDUR,2026-03-21,0.6701110209507932
BHR_ALDUR,2026-03-22,0.6527997048702235
BHR_ALDUR,2026-03-23,0.6221855531576691
BHR_ALDUR,2026-03-27,0.4850001777053211
BHR_ALDUR,2026-03-28,0.4646720837550295
BHR_ALDUR,2026-03-29,0.39777616521589415
BHR_ALDUR,2026-03-31,0.22128832009180427
BHR_ALDUR,2026-04-01,0.2213886495693955
BHR_ALDUR,2026-04-02,0.22498078637583505
BHR_ALDUR,2026-04-06,0.23962419813952304
BHR_ALDUR,2026-04-10,0.2659711065335583
BHR_ALDUR,2026-04-14,0.29121252396033886
BHR_ALDUR,2026-04-22,0.2763572611065387
BHR_ALDUR,2026-04-25,0.29082251778867707
BHR_ALDUR,2026-05-01,
BHR_ALDUR,2026-05-02,
BHR_ALDUR,2026-05-03,0.5163272384236491
BHR_ALDUR,2026-05-04,0.5566352199997843
BHR_ALDUR,2026-05-07,0.5379336500327985
BHR_ALDUR,2026-05-08,0.49665160623665017
BHR_ALDUR,2026-05-13,0.41861697102776685
BHR_ALDUR,2026-05-14,0.40676189865096096
BHR_ALDUR,2026-05-15,0.40668060373881415
BHR_ALDUR,2026-05-16,0.5419969518182725
BHR_ALDUR,2026-05-18,0.5234462171483609
BHR_ALDUR,2026-05-21,0.4771532969861728
BHR_ALDUR,2026-05-25,0.4749862725684369
BHR_ALDUR,2026-05-26,0.47102364049796946
BHR_ALDUR,2026-05-27,0.45949308275381767
BHR_ALDUR,2026-05-28,0.45850426196417216
BHR_ALDUR,2026-05-29,0.4499159447274716
BHR_ALDUR,2026-05-31,0.4409188037195115
BHR_ALDUR,2026-06-01,0.4503809016659043
BHR_ALDUR,2026-06-02,0.4581510045131166
BHR_ALDUR,2026-06-03,0.4686313854738544
BHR_ALDUR,2026-06-04,0.45330105998357606
BHR_ALDUR,2026-06-08,0.5108105402600412
BHR_ALDUR,2026-06-09,0.5215296852875908
BHR_ALDUR,2026-06-11,0.5651624359694536
BHR_ALDUR,2026-06-12,0.6026505249600297
BHR_ALDUR,2026-06-14,0.6457773402200168
BHR_ALDUR,2026-06-15,0.6257838584719402
BHR_ALDUR,2026-06-18,0.6989644471585099
BHR_ALDUR,2026-06-19,0.7097092576623176
BHR_ALDUR,2026-06-21,0.7685080132048937
BHR_ALDUR,2026-06-24,0.8478772589068024
BHR_ALDUR,2026-06-26,0.8646481490888339
BHR_ALDUR,2026-06-27,0.8194578680283282
BHR_ALDUR,2026-06-28,0.8871090058147907
BHR_ALDUR,2026-06-29,0.8683679955108929
BHR_ALDUR,2026-07-01,0.8923030172126896
BHR_ALDUR,2026-07-02,0.8400256445548777
BHR_ALDUR,2026-07-03,0.8077295505928397
BHR_ALDUR,2026-07-05,0.7650223292499203
BHR_ALDUR,2026-07-06,0.7336221498685574
BHR_ALDUR,2026-07-07,0.7156638234868633
BHR_ALDUR,2026-07-10,0.6977004433571331
BHR_ALDUR,2026-07-12,0.6583118394278351
BHR_ALDUR,2026-07-13,0.6587195652839432
BHR_ALDUR,2026-07-14,0.6386940625686867
BHR_ALDUR,2026-07-16,0.601407828056307
BHR_ALDUR,2026-07-17,0.5962521930823633
BHR_ALDUR,2026-07-19,0.5916005859274382
BHR_ALDUR,2026-07-21,0.561680521112188
BHR_ALDUR,2026-07-22,0.5668611064158677
BHR_ALDUR,2026-07-23,0.5545764356461425
BHR_ALDUR,2026-07-27,0.546083318103878
BHR_ALDUR,2026-07-28,0.48491211043126464
BHR_ALDUR,2026-07-29,0.4893671996443879
BHR_ALDUR,2026-07-31,0.5054756614145484
BHR_ALDUR,2026-08-03,0.5659475335560906
BHR_ALDUR,2026-08-04,0.6694122387729478
BHR_ALDUR,2026-08-05,0.7129825063489773
BHR_ALDUR,2026-08-06,0.7307291197547356
BHR_ALDUR,2026-08-08,0.8126555157703631
BHR_ALDUR,2026-08-10,0.860034110696136
BHR_ALDUR,2026-08-12,0.8471317213993541
BHR_ALDUR,2026-08-13,0.8779070329500773
BHR_ALDUR,2026-08-14,0.8726315900383138
BHR_ALDUR,2026-08-16,0.9869734685461462
BHR_ALDUR,2026-08-17,0.9868371430800079
BHR_ALDUR,2026-08-18,0.9387017060358472
BHR_ALDUR,2026-08-19,0.9262766808056438
BHR_ALDUR,2026-08-21,0.9514441973802378
BHR_ALDUR,2026-08-24,0.9988198963363537
BHR_ALDUR,2026-08-25,1.0712184400012228
BHR_ALDUR,2026-08-26,1.1319750389495575
BHR_ALDUR,2026-08-27,1.1555820452226653
BHR_ALDUR,2026-08-28,1.1909018069387076
BHR_ALDUR,2026-08-30,1.217889928269792
BHR_ALDUR,2026-08-31,1.2058651479475198
BHR_ALDUR,2026-09-03,1.1649088238099643
BHR_ALDUR,2026-09-04,1.1768757188366439
BHR_ALDUR,2026-09-05,1.165113823936336
BHR_ALDUR,2026-09-06,1.1292379676518474
BHR_ALDUR,2026-09-07,1.0826090169830382
BHR_ALDUR,2026-09-08,1.0964430988802123
BHR_ALDUR,2026-09-09,1.1025946260731043
IRN_ALIABAD,2025-01-03,
IRN_ALIABAD,2025-01-12,
IRN_ALIABAD,2025-01-22,
IRN_ALIABAD,2025-01-23,
IRN_ALIABAD,2025-01-29,
IRN_ALIABAD,2025-01-30,
IRN_ALIABAD,2025-02-05,
IRN_ALIABAD,2025-02-12,
IRN_ALIABAD,2025-02-14,
IRN_ALIABAD,2025-02-16,0.43308265856804923
IRN_ALIABAD,2025-02-18,0.3880232830468748
IRN_ALIABAD,2025-02-19,0.3751861281640362
IRN_ALIABAD,2025-02-27,0.24999026764696763
IRN_ALIABAD,2025-02-28,0.08335553030762351
IRN_ALIABAD,2025-03-03,0.009519571379209068
IRN_ALIABAD,2025-03-07,0.07348926440984699
IRN_ALIABAD,2025-03-13,0.1840780150717935
IRN_ALIABAD,2025-03-15,0.5207978632347181
IRN_ALIABAD,2025-03-17,0.7173013247377142
IRN_ALIABAD,2025-03-19,0.9942783270678988
IRN_ALIABAD,2025-03-28,1.1116268419525588
IRN_ALIABAD,2025-03-29,1.0950473406800405
IRN_ALIABAD,2025-03-30,1.0815390405933059
IRN_ALIABAD,2025-03-31,0.9642472238408739
IRN_ALIABAD,2025-04-02,0.9829986453478059
IRN_ALIABAD,2025-04-06,1.070492181290597
IRN_ALIABAD,2025-04-08,1.1547637009544134
IRN_ALIABAD,2025-04-10,1.1216160034446705
IRN_ALIABAD,2025-04-25,0.5472379911871093
IRN_ALIABAD,2025-05-04,
IRN_ALIABAD,2025-05-19,
IRN_ALIABAD,2025-05-29,
IRN_ALIABAD,2025-06-01,
IRN_ALIABAD,2025-06-02,
IRN_ALIABAD,2025-06-06,
IRN_ALIABAD,2025-06-10,
IRN_ALIABAD,2025-06-13,
IRN_ALIABAD,2025-06-15,1.0438725672430702
IRN_ALIABAD,2025-06-20,0.7558806688375891
IRN_ALIABAD,2025-06-21,0.8650175650870539
IRN_ALIABAD,2025-06-28,0.8617548233174559
IRN_ALIABAD,2025-07-12,
IRN_ALIABAD,2025-07-13,
IRN_ALIABAD,2025-07-14,
IRN_ALIABAD,2025-07-15,
IRN_ALIABAD,2025-07-17,0.6323084421509725
IRN_ALIABAD,2025-07-20,0.603036126029358
IRN_ALIABAD,2025-07-21,0.42319012206390366
IRN_ALIABAD,2025-07-22,0.4406030477386373
IRN_ALIABAD,2025-07-23,0.4113317005151179
IRN_ALIABAD,2025-07-24,0.3853276548668076
IRN_ALIABAD,2025-07-28,0.36609041557089567
IRN_ALIABAD,2025-07-29,0.3842924758584098
IRN_ALIABAD,2025-07-31,0.6170514476062461
IRN_ALIABAD,2025-08-01,0.7774692891780232
IRN_ALIABAD,2025-08-02,0.9222114906464028
IRN_ALIABAD,2025-08-03,1.224270703829465
IRN_ALIABAD,2025-08-04,1.440434067093089
IRN_ALIABAD,2025-08-05,1.431321445202549
IRN_ALIABAD,2025-08-06,1.5006201880272072
IRN_ALIABAD,2025-08-07,1.5597494766465962
IRN_ALIABAD,2025-08-08,1.6442847677233894
IRN_ALIABAD,2025-08-09,1.7141484095093669
IRN_ALIABAD,2025-08-19,2.263910784503675
IRN_ALIABAD,2025-08-21,2.3406472275779575
IRN_ALIABAD,2025-08-23,2.4842802552057304
IRN_ALIABAD,2025-08-24,2.3492010798847307
IRN_ALIABAD,2025-08-25,2.2409050272971975
IRN_ALIABAD,2025-08-26,2.143660405977505
IRN_ALIABAD,2025-09-01,2.199145079158912
IRN_ALIABAD,2025-09-04,1.8445851434217693
IRN_ALIABAD,2025-09-19,1.0888128502902368
IRN_ALIABAD,2025-10-10,
IRN_ALIABAD,2025-10-29,
IRN_ALIABAD,2025-11-04,
IRN_ALIABAD,2025-11-18,
IRN_ALIABAD,2025-11-29,
IRN_ALIABAD,2025-11-30,
IRN_ALIABAD,2025-12-05,
IRN_ALIABAD,2025-12-13,
IRN_ALIABAD,2025-12-31,
IRN_ALIABAD,2026-01-09,
IRN_ALIABAD,2026-01-11,
IRN_ALIABAD,2026-01-13,
IRN_ALIABAD,2026-01-17,
IRN_ALIABAD,2026-01-22,
IRN_ALIABAD,2026-01-28,
IRN_ALIABAD,2026-02-16,
IRN_ALIABAD,2026-02-17,
IRN_ALIABAD,2026-02-19,
IRN_ALIABAD,2026-02-21,
IRN_ALIABAD,2026-02-26,
IRN_ALIABAD,2026-03-04,
IRN_ALIABAD,2026-03-06,
IRN_ALIABAD,2026-03-07,0.6447443760792344
IRN_ALIABAD,2026-03-19,
IRN_ALIABAD,2026-03-22,
IRN_ALIABAD,2026-03-26,
IRN_ALIABAD,2026-04-08,
IRN_ALIABAD,2026-04-10,
IRN_ALIABAD,2026-04-18,
IRN_ALIABAD,2026-04-19,
IRN_ALIABAD,2026-04-23,
IRN_ALIABAD,2026-04-24,
IRN_ALIABAD,2026-05-04,
IRN_ALIABAD,2026-05-29,
IRN_ALIABAD,2026-06-07,
IRN_ALIABAD,2026-06-13,
IRN_ALIABAD,2026-06-21,
IRN_ALIABAD,2026-08-06,
IRN_ALIABAD,2026-08-08,
IRN_ALIABAD,2026-08-31,
IRN_ALIABAD,2026-09-04,
IRN_BANDARABBAS,2025-01-02,
IRN_BANDARABBAS,2025-01-09,
IRN_BANDARABBAS,2025-01-17,
IRN_BANDARABBAS,2025-01-18,
IRN_BANDARABBAS,2025-01-19,
IRN_BANDARABBAS,2025-01-20,
IRN_BANDARABBAS,2025-01-21,
IRN_BANDARABBAS,2025-01-23,1.1602849659439274
IRN_BANDARABBAS,2025-01-27,1.2311137492141109
IRN_BANDARABBAS,2025-01-30,1.2003678129672832
IRN_BANDARABBAS,2025-01-31,1.1608722954822417
IRN_BANDARABBAS,2025-02-03,1.108634049237325
IRN_BANDARABBAS,2025-02-04,1.0790985540564053
IRN_BANDARABBAS,2025-02-05,1.0594463808422079
IRN_BANDARABBAS,2025-02-09,0.9817409627625098
IRN_BANDARABBAS,2025-02-21,0.803158179835783
IRN_BANDARABBAS,2025-02-23,0.850160767458724
IRN_BANDARABBAS,2025-02-25,0.8426961886763802
IRN_BANDARABBAS,2025-02-28,0.7795382977827789
IRN_BANDARABBAS,2025-03-01,0.8834459570658255
IRN_BANDARABBAS,2025-03-02,0.9394356711252737
IRN_BANDARABBAS,2025-03-03,1.0192966863752881
IRN_BANDARABBAS,2025-03-04,0.9823193610201004
IRN_BANDARABBAS,2025-03-08,1.0351778618964704
IRN_BANDARABBAS,2025-03-12,1.1072260883747183
IRN_BANDARABBAS,2025-03-13,1.0760309441716525
IRN_BANDARABBAS,2025-03-14,1.0365048440778386
IRN_BANDARABBAS,2025-03-15,1.014918467736926
IRN_BANDARABBAS,2025-03-16,1.0568146297191692
IRN_BANDARABBAS,2025-03-18,1.0577810225627138
IRN_BANDARABBAS,2025-03-19,1.0258067669015212
IRN_BANDARABBAS,2025-03-21,1.0109898755174485
IRN_BANDARABBAS,2025-03-22,0.9630160327260343
IRN_BANDARABBAS,2025-03-24,0.9901226059049963
IRN_BANDARABBAS,2025-03-25,0.9589113010004083
IRN_BANDARABBAS,2025-03-26,0.9419468493692978
IRN_BANDARABBAS,2025-03-27,0.9515611817108054
IRN_BANDARABBAS,2025-03-28,0.940794451013469
IRN_BANDARABBAS,2025-03-29,0.9267391203881923
IRN_BANDARABBAS,2025-03-30,0.9251435215781934
IRN_BANDARABBAS,2025-03-31,0.9044598589685019
IRN_BANDARABBAS,2025-04-01,0.8992972021323898
IRN_BANDARABBAS,2025-04-03,0.9161584197781313
IRN_BANDARABBAS,2025-04-05,0.904101718405885
IRN_BANDARABBAS,2025-04-06,0.9469345097884975
IRN_BANDARABBAS,2025-04-08,0.9363619621525483
IRN_BANDARABBAS,2025-04-09,0.9314568776402241
IRN_BANDARABBAS,2025-04-10,0.9512180040386511
IRN_BANDARABBAS,2025-04-11,0.9684100719016033
IRN_BANDARABBAS,2025-04-12,1.0011042524180025
IRN_BANDARABBAS,2025-04-13,1.0331768366977072
IRN_BANDARABBAS,2025-04-14,1.0831734275816505
IRN_BANDARABBAS,2025-04-15,1.0492113127345604
IRN_BANDARABBAS,2025-04-16,1.0469112248023975
IRN_BANDARABBAS,2025-04-17,1.0590690823522468
IRN_BANDARABBAS,2025-04-18,1.0843947925215809
IRN_BANDARABBAS,2025-04-19,1.0755825313614908
IRN_BANDARABBAS,2025-04-20,1.071187421911832
IRN_BANDARABBAS,2025-04-21,1.1094184842287773
IRN_BANDARABBAS,2025-04-22,1.1099274716424263
IRN_BANDARABBAS,2025-04-23,1.154726777797006
IRN_BANDARABBAS,2025-04-24,1.239634190531331
IRN_BANDARABBAS,2025-04-25,1.2608269879385026
IRN_BANDARABBAS,2025-04-27,1.2592730837790684
IRN_BANDARABBAS,2025-04-28,1.2870527784155568
IRN_BANDARABBAS,2025-04-29,1.3100843276756082
IRN_BANDARABBAS,2025-05-01,1.3070668508732737
IRN_BANDARABBAS,2025-05-02,1.3105495464500667
IRN_BANDARABBAS,2025-05-03,1.3104625343290708
IRN_BANDARABBAS,2025-05-04,1.326769014550913
IRN_BANDARABBAS,2025-05-05,1.3418015540885098
IRN_BANDARABBAS,2025-05-06,1.3075377516078215
IRN_BANDARABBAS,2025-05-07,1.305676631840957
IRN_BANDARABBAS,2025-05-08,1.3197442283137788
IRN_BANDARABBAS,2025-05-09,1.343336293589187
IRN_BANDARABBAS,2025-05-10,1.3178570642375718
IRN_BANDARABBAS,2025-05-11,1.2980008191151036
IRN_BANDARABBAS,2025-05-12,1.2642995483611288
IRN_BANDARABBAS,2025-05-13,1.2997537634093217
IRN_BANDARABBAS,2025-05-14,1.3297959866724793
IRN_BANDARABBAS,2025-05-15,1.4053234153166945
IRN_BANDARABBAS,2025-05-16,1.4359696103481927
IRN_BANDARABBAS,2025-05-17,1.4200553472290482
IRN_BANDARABBAS,2025-05-18,1.4158938271790638
IRN_BANDARABBAS,2025-05-19,1.4554738798044882
IRN_BANDARABBAS,2025-05-20,1.5297156566348795
IRN_BANDARABBAS,2025-05-21,1.5342662716711344
IRN_BANDARABBAS,2025-05-22,1.5729734812293246
IRN_BANDARABBAS,2025-05-23,1.5372889942930874
IRN_BANDARABBAS,2025-05-24,1.4481246079299679
IRN_BANDARABBAS,2025-05-25,1.4261529102956072
IRN_BANDARABBAS,2025-05-26,1.4040399987457999
IRN_BANDARABBAS,2025-05-27,1.4050790456632283
IRN_BANDARABBAS,2025-05-28,1.3826510569567174
IRN_BANDARABBAS,2025-05-30,1.3583723744590013
IRN_BANDARABBAS,2025-05-31,1.3787259535948542
IRN_BANDARABBAS,2025-06-01,1.3762209669420247
IRN_BANDARABBAS,2025-06-02,1.3359798938640326
IRN_BANDARABBAS,2025-06-03,1.3289621959471163
IRN_BANDARABBAS,2025-06-04,1.345453729880957
IRN_BANDARABBAS,2025-06-05,1.344730892936286
IRN_BANDARABBAS,2025-06-07,1.336011157945417
IRN_BANDARABBAS,2025-06-08,1.298753868457948
IRN_BANDARABBAS,2025-06-09,1.3154731021361348
IRN_BANDARABBAS,2025-06-10,1.3595472047789556
IRN_BANDARABBAS,2025-06-11,1.4085264377168236
IRN_BANDARABBAS,2025-06-12,1.3575489617890246
IRN_BANDARABBAS,2025-06-13,1.2860328569032304
IRN_BANDARABBAS,2025-06-14,1.2370626726464273
IRN_BANDARABBAS,2025-06-15,1.2371431989318773
IRN_BANDARABBAS,2025-06-16,1.2964335727602292
IRN_BANDARABBAS,2025-06-18,1.2547286032785172
IRN_BANDARABBAS,2025-06-19,1.2031365042326398
IRN_BANDARABBAS,2025-06-20,1.2301629375306706
IRN_BANDARABBAS,2025-06-21,1.2446690555649258
IRN_BANDARABBAS,2025-06-22,1.260675125890367
IRN_BANDARABBAS,2025-06-23,1.2670267977211385
IRN_BANDARABBAS,2025-06-24,1.2721259835820946
IRN_BANDARABBAS,2025-06-25,1.3062466910180415
IRN_BANDARABBAS,2025-06-26,1.3466741224986274
IRN_BANDARABBAS,2025-06-27,1.3336877366171382
IRN_BANDARABBAS,2025-06-28,1.2968564450415616
IRN_BANDARABBAS,2025-06-29,1.27253090172562
IRN_BANDARABBAS,2025-06-30,1.2220663934734455
IRN_BANDARABBAS,2025-07-01,1.1968208074623523
IRN_BANDARABBAS,2025-07-02,1.1913969241227018
IRN_BANDARABBAS,2025-07-03,1.1601905029344035
IRN_BANDARABBAS,2025-07-04,1.1164604333138757
IRN_BANDARABBAS,2025-07-05,1.1059013189258464
IRN_BANDARABBAS,2025-07-06,1.0873374633633348
IRN_BANDARABBAS,2025-07-07,1.1028840696011235
IRN_BANDARABBAS,2025-07-08,1.1188532909297366
IRN_BANDARABBAS,2025-07-10,1.0653682231234347
IRN_BANDARABBAS,2025-07-11,1.0133578679674415
IRN_BANDARABBAS,2025-07-12,0.9951029937070075
IRN_BANDARABBAS,2025-07-13,0.9806247575249417
IRN_BANDARABBAS,2025-07-14,0.9817582677494592
IRN_BANDARABBAS,2025-07-15,0.9429243683550955
IRN_BANDARABBAS,2025-07-17,0.8909211020523083
IRN_BANDARABBAS,2025-07-18,0.8835971542579095
IRN_BANDARABBAS,2025-07-19,0.8520608999294218
IRN_BANDARABBAS,2025-07-20,0.8020971234868722
IRN_BANDARABBAS,2025-07-21,0.7229012478011684
IRN_BANDARABBAS,2025-07-22,0.6805407760161533
IRN_BANDARABBAS,2025-07-23,0.669513855693264
IRN_BANDARABBAS,2025-07-24,0.6597976251033951
IRN_BANDARABBAS,2025-07-25,0.6109029433933731
IRN_BANDARABBAS,2025-07-26,0.5700590424580417
IRN_BANDARABBAS,2025-07-27,0.5989503900064298
IRN_BANDARABBAS,2025-07-28,0.6298568227144274
IRN_BANDARABBAS,2025-07-29,0.6868504153805259
IRN_BANDARABBAS,2025-07-30,0.7197409034426604
IRN_BANDARABBAS,2025-07-31,0.7233145800152937
IRN_BANDARABBAS,2025-08-01,0.7217339006283655
IRN_BANDARABBAS,2025-08-02,0.7151044955806111
IRN_BANDARABBAS,2025-08-03,0.7211720177747855
IRN_BANDARABBAS,2025-08-04,0.7139709982250929
IRN_BANDARABBAS,2025-08-05,0.7042478662708355
IRN_BANDARABBAS,2025-08-06,0.685764156427627
IRN_BANDARABBAS,2025-08-07,0.6720419191024166
IRN_BANDARABBAS,2025-08-08,0.6693299633926322
IRN_BANDARABBAS,2025-08-09,0.6637391845735129
IRN_BANDARABBAS,2025-08-10,0.6597227682414977
IRN_BANDARABBAS,2025-08-11,0.6739730469370554
IRN_BANDARABBAS,2025-08-12,0.6972273788101657
IRN_BANDARABBAS,2025-08-13,0.699686791756741
IRN_BANDARABBAS,2025-08-14,0.7107327972750276
IRN_BANDARABBAS,2025-08-15,0.697851088202148
IRN_BANDARABBAS,2025-08-16,0.6706220755849637
IRN_BANDARABBAS,2025-08-17,0.6791941889665207
IRN_BANDARABBAS,2025-08-18,0.6783145516709415
IRN_BANDARABBAS,2025-08-19,0.680505063779058
IRN_BANDARABBAS,2025-08-20,0.6782642553151572
IRN_BANDARABBAS,2025-08-21,0.6828452339300485
IRN_BANDARABBAS,2025-08-22,0.697017410641496
IRN_BANDARABBAS,2025-08-26,0.7069126966375128
IRN_BANDARABBAS,2025-08-27,0.6826422969184839
IRN_BANDARABBAS,2025-08-28,0.6316761775805179
IRN_BANDARABBAS,2025-08-29,0.6186558409051578
IRN_BANDARABBAS,2025-08-30,0.6650602392083081
IRN_BANDARABBAS,2025-08-31,0.6652843762805951
IRN_BANDARABBAS,2025-09-01,0.6657364361447078
IRN_BANDARABBAS,2025-09-02,0.6840404902167364
IRN_BANDARABBAS,2025-09-03,0.6882187656664791
IRN_BANDARABBAS,2025-09-04,0.6920774428296044
IRN_BANDARABBAS,2025-09-05,0.6993312847435874
IRN_BANDARABBAS,2025-09-06,0.717243663024163
IRN_BANDARABBAS,2025-09-07,0.7374842367031289
IRN_BANDARABBAS,2025-09-08,0.7874009555439758
IRN_BANDARABBAS,2025-09-09,0.7906144189134379
IRN_BANDARABBAS,2025-09-10,0.7823505408038088
IRN_BANDARABBAS,2025-09-12,0.7156626054600786
IRN_BANDARABBAS,2025-09-13,0.6876714031207322
IRN_BANDARABBAS,2025-09-14,0.694721581648698
IRN_BANDARABBAS,2025-09-15,0.712737993641106
IRN_BANDARABBAS,2025-09-17,0.734596334179058
IRN_BANDARABBAS,2025-09-18,0.7384645312593655
IRN_BANDARABBAS,2025-09-19,0.7520802485194493
IRN_BANDARABBAS,2025-09-20,0.7502686579889243
IRN_BANDARABBAS,2025-09-21,0.7254121949403733
IRN_BANDARABBAS,2025-09-22,0.7133194208783776
IRN_BANDARABBAS,2025-09-23,0.712981731051079
IRN_BANDARABBAS,2025-09-24,0.7232702121759463
IRN_BANDARABBAS,2025-09-25,0.7558034298536357
IRN_BANDARABBAS,2025-09-26,0.7568477914547607
IRN_BANDARABBAS,2025-09-27,0.7603582808579457
IRN_BANDARABBAS,2025-09-28,0.7516667379889145
IRN_BANDARABBAS,2025-09-29,0.719751291442151
IRN_BANDARABBAS,2025-09-30,0.7613280139035502
IRN_BANDARABBAS,2025-10-01,0.7833736050244989
IRN_BANDARABBAS,2025-10-02,0.7768762441933118
IRN_BANDARABBAS,2025-10-03,0.7786157172767842
IRN_BANDARABBAS,2025-10-04,0.7991485065995704
IRN_BANDARABBAS,2025-10-05,0.8111690601187093
IRN_BANDARABBAS,2025-10-06,0.8089902594421169
IRN_BANDARABBAS,2025-10-07,0.7907271538711144
IRN_BANDARABBAS,2025-10-08,0.7394395005030726
IRN_BANDARABBAS,2025-10-09,0.7335424847120502
IRN_BANDARABBAS,2025-10-10,0.7349522006720642
IRN_BANDARABBAS,2025-10-11,0.7433878575507794
IRN_BANDARABBAS,2025-10-12,0.7563074944866214
IRN_BANDARABBAS,2025-10-14,0.7759860708402064
IRN_BANDARABBAS,2025-10-15,0.7782373853696016
IRN_BANDARABBAS,2025-10-16,0.7648286913468211
IRN_BANDARABBAS,2025-10-17,0.7465487490871398
IRN_BANDARABBAS,2025-10-18,0.7501333347876695
IRN_BANDARABBAS,2025-10-19,0.753397114316285
IRN_BANDARABBAS,2025-10-20,0.7904067306091117
IRN_BANDARABBAS,2025-10-22,0.839593527644202
IRN_BANDARABBAS,2025-10-23,0.8583260296655293
IRN_BANDARABBAS,2025-10-24,0.8825357786504748
IRN_BANDARABBAS,2025-10-25,0.9192305737269315
IRN_BANDARABBAS,2025-10-26,0.9727474864195693
IRN_BANDARABBAS,2025-10-27,1.0091290386807399
IRN_BANDARABBAS,2025-10-28,1.0236837103850076
IRN_BANDARABBAS,2025-10-29,1.059212755513094
IRN_BANDARABBAS,2025-10-30,1.0555450221975817
IRN_BANDARABBAS,2025-10-31,1.053149354276861
IRN_BANDARABBAS,2025-11-01,1.0611319718143764
IRN_BANDARABBAS,2025-11-02,1.1119638237388938
IRN_BANDARABBAS,2025-11-03,1.1336535829308352
IRN_BANDARABBAS,2025-11-04,1.1365948172660227
IRN_BANDARABBAS,2025-11-05,1.1565877566854799
IRN_BANDARABBAS,2025-11-06,1.1836461909582092
IRN_BANDARABBAS,2025-11-07,1.2140488591789325
IRN_BANDARABBAS,2025-11-10,1.2905020105665426
IRN_BANDARABBAS,2025-11-11,1.30865677937921
IRN_BANDARABBAS,2025-11-12,1.3202206345199765
IRN_BANDARABBAS,2025-11-15,1.4238287345829455
IRN_BANDARABBAS,2025-11-19,1.5117222405723962
IRN_BANDARABBAS,2025-11-21,1.536485709724576
IRN_BANDARABBAS,2025-11-22,1.5621042451014284
IRN_BANDARABBAS,2025-11-24,1.5074384527990972
IRN_BANDARABBAS,2025-12-06,1.4143819526122632
IRN_BANDARABBAS,2025-12-13,
IRN_BANDARABBAS,2025-12-14,1.2571771333209254
IRN_BANDARABBAS,2025-12-15,1.140504081062062
IRN_BANDARABBAS,2025-12-21,
IRN_BANDARABBAS,2025-12-30,
IRN_BANDARABBAS,2025-12-31,
IRN_BANDARABBAS,2026-01-05,
IRN_BANDARABBAS,2026-01-16,
IRN_BANDARABBAS,2026-01-17,
IRN_BANDARABBAS,2026-01-18,
IRN_BANDARABBAS,2026-01-20,
IRN_BANDARABBAS,2026-01-21,0.9652804432471553
IRN_BANDARABBAS,2026-01-27,1.0265423440878794
IRN_BANDARABBAS,2026-01-30,1.1737215833533938
IRN_BANDARABBAS,2026-01-31,1.1959136916805433
IRN_BANDARABBAS,2026-02-02,1.1393987494150757
IRN_BANDARABBAS,2026-02-03,1.1087149620085706
IRN_BANDARABBAS,2026-02-08,1.0866438985014961
IRN_BANDARABBAS,2026-02-09,1.0770712340907933
IRN_BANDARABBAS,2026-02-11,1.0912525656861773
IRN_BANDARABBAS,2026-02-13,1.0360355273862676
IRN_BANDARABBAS,2026-02-15,1.0302871935125664
IRN_BANDARABBAS,2026-02-16,1.0421009554324694
IRN_BANDARABBAS,2026-02-18,1.069077139512993
IRN_BANDARABBAS,2026-02-19,0.9793964229902203
IRN_BANDARABBAS,2026-02-20,0.9900079549473768
IRN_BANDARABBAS,2026-02-21,1.005069558272823
IRN_BANDARABBAS,2026-02-22,0.9751788766976508
IRN_BANDARABBAS,2026-02-23,0.9663611790668277
IRN_BANDARABBAS,2026-02-24,0.927186014067355
IRN_BANDARABBAS,2026-02-25,0.9455589610787007
IRN_BANDARABBAS,2026-02-27,0.9345611099911577
IRN_BANDARABBAS,2026-02-28,0.9435646544383729
IRN_BANDARABBAS,2026-03-01,0.873403709188427
IRN_BANDARABBAS,2026-03-04,0.8397933691452334
IRN_BANDARABBAS,2026-03-05,0.8183558291396741
IRN_BANDARABBAS,2026-03-07,0.8051168433603028
IRN_BANDARABBAS,2026-03-09,0.8009123863687829
IRN_BANDARABBAS,2026-03-14,0.7942429520678258
IRN_BANDARABBAS,2026-03-15,0.8199369170577322
IRN_BANDARABBAS,2026-03-16,0.7923486107620317
IRN_BANDARABBAS,2026-03-18,0.7870656164225541
IRN_BANDARABBAS,2026-03-19,0.7624615358444793
IRN_BANDARABBAS,2026-03-22,0.7099117883327399
IRN_BANDARABBAS,2026-03-28,0.652536864914705
IRN_BANDARABBAS,2026-03-29,0.5985297899384303
IRN_BANDARABBAS,2026-03-30,0.5947444099695302
IRN_BANDARABBAS,2026-04-01,0.5881605377752978
IRN_BANDARABBAS,2026-04-02,0.5640979678151843
IRN_BANDARABBAS,2026-04-06,0.5947743226889918
IRN_BANDARABBAS,2026-04-07,0.6162837283214433
IRN_BANDARABBAS,2026-04-08,0.6010534685391352
IRN_BANDARABBAS,2026-04-10,0.5951283436815515
IRN_BANDARABBAS,2026-04-13,0.549687266161169
IRN_BANDARABBAS,2026-04-15,0.5920451874324982
IRN_BANDARABBAS,2026-04-16,0.6431775477259934
IRN_BANDARABBAS,2026-04-17,0.6401897447706398
IRN_BANDARABBAS,2026-04-18,0.6564654846446902
IRN_BANDARABBAS,2026-04-20,0.6790060606498439
IRN_BANDARABBAS,2026-04-24,0.7229909982781391
IRN_BANDARABBAS,2026-04-25,0.7234930588436963
IRN_BANDARABBAS,2026-04-26,0.7590106311297925
IRN_BANDARABBAS,2026-04-27,0.755060416150445
IRN_BANDARABBAS,2026-04-29,0.7355816507290673
IRN_BANDARABBAS,2026-04-30,0.7283034338960577
IRN_BANDARABBAS,2026-05-01,0.7727680253511034
IRN_BANDARABBAS,2026-05-02,0.8019950148430808
IRN_BANDARABBAS,2026-05-03,0.7836807618439788
IRN_BANDARABBAS,2026-05-04,0.7729419565293723
IRN_BANDARABBAS,2026-05-05,0.7926172235356417
IRN_BANDARABBAS,2026-05-06,0.850389254461686
IRN_BANDARABBAS,2026-05-07,0.9113117560502818
IRN_BANDARABBAS,2026-05-08,0.9427767718100865
IRN_BANDARABBAS,2026-05-09,0.9373924600756456
IRN_BANDARABBAS,2026-05-10,0.960072286505151
IRN_BANDARABBAS,2026-05-11,0.9951527131462946
IRN_BANDARABBAS,2026-05-12,1.0256613805891976
IRN_BANDARABBAS,2026-05-13,1.0362257912813968
IRN_BANDARABBAS,2026-05-14,1.0309655701140408
IRN_BANDARABBAS,2026-05-15,1.0222760883233943
IRN_BANDARABBAS,2026-05-16,1.0010183011040712
IRN_BANDARABBAS,2026-05-17,0.9848631628909491
IRN_BANDARABBAS,2026-05-18,1.002590896873575
IRN_BANDARABBAS,2026-05-19,0.9921889331272122
IRN_BANDARABBAS,2026-05-21,0.9795330659541134
IRN_BANDARABBAS,2026-05-22,0.9792753167224032
IRN_BANDARABBAS,2026-05-23,1.0120351352097958
IRN_BANDARABBAS,2026-05-24,1.037623842767141
IRN_BANDARABBAS,2026-05-25,1.0921189437114924
IRN_BANDARABBAS,2026-05-26,1.1072500923882425
IRN_BANDARABBAS,2026-05-27,1.151722769563379
IRN_BANDARABBAS,2026-05-28,1.1741322082126904
IRN_BANDARABBAS,2026-05-29,1.2343038940099476
IRN_BANDARABBAS,2026-05-30,1.2722685480647224
IRN_BANDARABBAS,2026-05-31,1.2675792381997903
IRN_BANDARABBAS,2026-06-01,1.2939866845529227
IRN_BANDARABBAS,2026-06-02,1.32773140912847
IRN_BANDARABBAS,2026-06-03,1.365138529131461
IRN_BANDARABBAS,2026-06-04,1.3691663391368645
IRN_BANDARABBAS,2026-06-05,1.3541900839245098
IRN_BANDARABBAS,2026-06-06,1.3116365163737
IRN_BANDARABBAS,2026-06-07,1.3063633654992115
IRN_BANDARABBAS,2026-06-08,1.3392858495222222
IRN_BANDARABBAS,2026-06-09,1.3428797034210955
IRN_BANDARABBAS,2026-06-10,1.3258406593147396
IRN_BANDARABBAS,2026-06-11,1.2926403537932774
IRN_BANDARABBAS,2026-06-12,1.2862703561132365
IRN_BANDARABBAS,2026-06-13,1.297377711367834
IRN_BANDARABBAS,2026-06-14,1.2839469468393647
IRN_BANDARABBAS,2026-06-15,1.285112182269374
IRN_BANDARABBAS,2026-06-16,1.2947183057844682
IRN_BANDARABBAS,2026-06-17,1.3048638503796293
IRN_BANDARABBAS,2026-06-18,1.3247516893707292
IRN_BANDARABBAS,2026-06-19,1.3187853892630972
IRN_BANDARABBAS,2026-06-21,1.3231891421394137
IRN_BANDARABBAS,2026-06-23,1.2553741763210604
IRN_BANDARABBAS,2026-06-24,1.1936198511286256
IRN_BANDARABBAS,2026-06-25,1.1529651180737492
IRN_BANDARABBAS,2026-06-26,1.1062899902690342
IRN_BANDARABBAS,2026-06-27,1.0617921117158937
IRN_BANDARABBAS,2026-06-28,1.003905454265693
IRN_BANDARABBAS,2026-06-29,0.9869520638793273
IRN_BANDARABBAS,2026-06-30,0.9873703325093918
IRN_BANDARABBAS,2026-07-01,0.9550388032471405
IRN_BANDARABBAS,2026-07-02,0.9175830680195499
IRN_BANDARABBAS,2026-07-03,0.8666653179534024
IRN_BANDARABBAS,2026-07-04,0.8441769301716232
IRN_BANDARABBAS,2026-07-05,0.8266140979814702
IRN_BANDARABBAS,2026-07-06,0.8437309823199184
IRN_BANDARABBAS,2026-07-07,0.8355641777491775
IRN_BANDARABBAS,2026-07-08,0.827434701694796
IRN_BANDARABBAS,2026-07-09,0.8347780459886464
IRN_BANDARABBAS,2026-07-10,0.8269923403522814
IRN_BANDARABBAS,2026-07-11,0.8424271139112696
IRN_BANDARABBAS,2026-07-12,0.8550184899973433
IRN_BANDARABBAS,2026-07-13,0.8529567631432118
IRN_BANDARABBAS,2026-07-14,0.8675808282708459
IRN_BANDARABBAS,2026-07-15,0.8561302027188313
IRN_BANDARABBAS,2026-07-16,0.8468832546834216
IRN_BANDARABBAS,2026-07-17,0.8122511257266422
IRN_BANDARABBAS,2026-07-18,0.7796405769279513
IRN_BANDARABBAS,2026-07-19,0.7745234391703235
IRN_BANDARABBAS,2026-07-20,0.8044580367858502
IRN_BANDARABBAS,2026-07-21,0.8239221224849113
IRN_BANDARABBAS,2026-07-22,0.8230511193992059
IRN_BANDARABBAS,2026-07-23,0.8209210605433619
IRN_BANDARABBAS,2026-07-24,0.8146277450443716
IRN_BANDARABBAS,2026-07-25,0.819257844272101
IRN_BANDARABBAS,2026-07-26,0.8304926681625826
IRN_BANDARABBAS,2026-07-27,0.8226307033331077
IRN_BANDARABBAS,2026-07-28,0.8371858084373915
IRN_BANDARABBAS,2026-07-29,0.8316098965656384
IRN_BANDARABBAS,2026-07-30,0.8645508351679823
IRN_BANDARABBAS,2026-07-31,0.8765408150911923
IRN_BANDARABBAS,2026-08-03,0.9039138085296267
IRN_BANDARABBAS,2026-08-04,0.9065814920705824
IRN_BANDARABBAS,2026-08-05,0.9177979270660399
IRN_BANDARABBAS,2026-08-06,0.9389174043479468
IRN_BANDARABBAS,2026-08-07,0.9214553958976403
IRN_BANDARABBAS,2026-08-08,0.8895082098097516
IRN_BANDARABBAS,2026-08-09,0.866818649534499
IRN_BANDARABBAS,2026-08-10,0.8459404988358356
IRN_BANDARABBAS,2026-08-11,0.8716277734885868
IRN_BANDARABBAS,2026-08-12,0.8565540955070612
IRN_BANDARABBAS,2026-08-13,0.8308371860859339
IRN_BANDARABBAS,2026-08-14,0.8273154746021055
IRN_BANDARABBAS,2026-08-15,0.837758147388224
IRN_BANDARABBAS,2026-08-16,0.8460037643199785
IRN_BANDARABBAS,2026-08-17,0.8513673243885778
IRN_BANDARABBAS,2026-08-18,0.8247587702781638
IRN_BANDARABBAS,2026-08-19,0.7765461002327545
IRN_BANDARABBAS,2026-08-21,0.7527134453521636
IRN_BANDARABBAS,2026-08-22,0.7645975278579855
IRN_BANDARABBAS,2026-08-23,0.7855414828368544
IRN_BANDARABBAS,2026-08-24,0.7955969442243118
IRN_BANDARABBAS,2026-08-25,0.7854179437378069
IRN_BANDARABBAS,2026-08-26,0.7930588654308546
IRN_BANDARABBAS,2026-08-27,0.8082299505289307
IRN_BANDARABBAS,2026-08-28,0.8160897773030945
IRN_BANDARABBAS,2026-08-29,0.8004167538923996
IRN_BANDARABBAS,2026-08-30,0.8108744942739959
IRN_BANDARABBAS,2026-08-31,0.8190889860401037
IRN_BANDARABBAS,2026-09-01,0.8321890441295955
IRN_BANDARABBAS,2026-09-02,0.8372898809071088
IRN_BANDARABBAS,2026-09-03,0.8099237686588252
IRN_BANDARABBAS,2026-09-04,0.7608688291896404
IRN_BANDARABBAS,2026-09-05,0.7406658416606411
IRN_BANDARABBAS,2026-09-06,0.731437173849714
IRN_BANDARABBAS,2026-09-07,0.7428273444819343
IRN_BANDARABBAS,2026-09-08,0.7686926760392375
IRN_BANDARABBAS,2026-09-09,0.7742381678310198
IRN_BANDARABBAS,2026-09-10,0.7505649400975072
IRN_DAMAVAND,2025-01-03,
IRN_DAMAVAND,2025-01-05,
IRN_DAMAVAND,2025-01-07,
IRN_DAMAVAND,2025-01-09,
IRN_DAMAVAND,2025-01-10,
IRN_DAMAVAND,2025-01-11,
IRN_DAMAVAND,2025-01-14,
IRN_DAMAVAND,2025-01-15,0.37043891404510565
IRN_DAMAVAND,2025-01-16,0.42331424198222634
IRN_DAMAVAND,2025-01-17,0.5809028627960469
IRN_DAMAVAND,2025-01-22,0.7125603042215843
IRN_DAMAVAND,2025-01-30,0.7216245220662795
IRN_DAMAVAND,2025-01-31,0.7067363214981849
IRN_DAMAVAND,2025-02-01,0.7401405156707399
IRN_DAMAVAND,2025-02-02,0.7817662232114246
IRN_DAMAVAND,2025-02-08,0.8184022006667808
IRN_DAMAVAND,2025-02-11,1.022735077456013
IRN_DAMAVAND,2025-02-12,1.0085349537905743
IRN_DAMAVAND,2025-02-15,1.1474379692855823
IRN_DAMAVAND,2025-02-16,1.000189306105304
IRN_DAMAVAND,2025-02-18,0.9899115745068578
IRN_DAMAVAND,2025-02-20,1.06019546114492
IRN_DAMAVAND,2025-03-01,1.0070468732722035
IRN_DAMAVAND,2025-03-02,1.0205248965964853
IRN_DAMAVAND,2025-03-11,0.8633733027239541
IRN_DAMAVAND,2025-03-13,0.6714717738356266
IRN_DAMAVAND,2025-03-14,0.6333243761892721
IRN_DAMAVAND,2025-03-15,0.619636822322624
IRN_DAMAVAND,2025-03-16,0.6751934538256713
IRN_DAMAVAND,2025-03-17,0.6212209421303317
IRN_DAMAVAND,2025-03-19,0.5720208797150369
IRN_DAMAVAND,2025-03-23,0.3461942338480456
IRN_DAMAVAND,2025-03-30,0.37203639222840046
IRN_DAMAVAND,2025-04-02,0.2586905813785106
IRN_DAMAVAND,2025-04-03,0.236324698084293
IRN_DAMAVAND,2025-04-08,0.2286082031729739
IRN_DAMAVAND,2025-04-09,0.22957529642148905
IRN_DAMAVAND,2025-04-10,0.24396073870654034
IRN_DAMAVAND,2025-04-13,0.3306758913207877
IRN_DAMAVAND,2025-04-14,0.33443930408480654
IRN_DAMAVAND,2025-04-15,0.2568861543090633
IRN_DAMAVAND,2025-04-16,0.24971620944772524
IRN_DAMAVAND,2025-04-18,0.30442645169285754
IRN_DAMAVAND,2025-04-19,0.3665558717589243
IRN_DAMAVAND,2025-04-20,0.42017534522609984
IRN_DAMAVAND,2025-04-21,0.501343754952405
IRN_DAMAVAND,2025-04-22,0.6175808420985359
IRN_DAMAVAND,2025-04-23,0.564438906561803
IRN_DAMAVAND,2025-04-24,0.533781822891958
IRN_DAMAVAND,2025-04-25,0.5130333692650537
IRN_DAMAVAND,2025-04-27,0.5135261856538696
IRN_DAMAVAND,2025-05-02,0.5164282131398932
IRN_DAMAVAND,2025-05-03,0.5481430176377429
IRN_DAMAVAND,2025-05-06,0.5283487434140625
IRN_DAMAVAND,2025-05-07,0.5355112679207773
IRN_DAMAVAND,2025-05-08,0.615938119224826
IRN_DAMAVAND,2025-05-09,0.648581214948037
IRN_DAMAVAND,2025-05-10,0.6681934068025976
IRN_DAMAVAND,2025-05-11,0.6717788579297693
IRN_DAMAVAND,2025-05-12,0.6664298492259071
IRN_DAMAVAND,2025-05-13,0.6504551485945688
IRN_DAMAVAND,2025-05-16,0.6843775159265865
IRN_DAMAVAND,2025-05-17,0.7348443289703488
IRN_DAMAVAND,2025-05-18,0.7197723152589697
IRN_DAMAVAND,2025-05-19,0.6972131280813662
IRN_DAMAVAND,2025-05-20,0.6666947617368825
IRN_DAMAVAND,2025-05-21,0.6043661319813127
IRN_DAMAVAND,2025-05-22,0.5512077778372844
IRN_DAMAVAND,2025-05-23,0.6055783302420424
IRN_DAMAVAND,2025-05-24,0.6738607013559896
IRN_DAMAVAND,2025-05-27,0.7262596087859785
IRN_DAMAVAND,2025-05-29,0.735981924307038
IRN_DAMAVAND,2025-05-30,0.7345479468408073
IRN_DAMAVAND,2025-05-31,0.7705951158558774
IRN_DAMAVAND,2025-06-01,0.7912423572167636
IRN_DAMAVAND,2025-06-02,0.8024195598376087
IRN_DAMAVAND,2025-06-04,0.7988715308854141
IRN_DAMAVAND,2025-06-05,0.8346891261433732
IRN_DAMAVAND,2025-06-06,0.8216386928562195
IRN_DAMAVAND,2025-06-11,0.7817432178091871
IRN_DAMAVAND,2025-06-12,0.8393734758316693
IRN_DAMAVAND,2025-06-14,0.8315090848431316
IRN_DAMAVAND,2025-06-15,0.8633768560514452
IRN_DAMAVAND,2025-06-16,0.8042795637970215
IRN_DAMAVAND,2025-06-17,0.8314810845019509
IRN_DAMAVAND,2025-06-18,0.8290685481425252
IRN_DAMAVAND,2025-06-19,0.8378657885592712
IRN_DAMAVAND,2025-06-20,0.8600550785806158
IRN_DAMAVAND,2025-06-21,0.8823836926562902
IRN_DAMAVAND,2025-06-22,0.8875184936116483
IRN_DAMAVAND,2025-06-23,0.8726024973512316
IRN_DAMAVAND,2025-06-24,0.8805587411171398
IRN_DAMAVAND,2025-06-25,0.9251300497997724
IRN_DAMAVAND,2025-06-26,0.9228219606659706
IRN_DAMAVAND,2025-06-27,0.9240984425961698
IRN_DAMAVAND,2025-06-28,0.9120627585952068
IRN_DAMAVAND,2025-06-29,0.9172377289749559
IRN_DAMAVAND,2025-06-30,0.917029469115943
IRN_DAMAVAND,2025-07-01,0.9505459658704775
IRN_DAMAVAND,2025-07-02,0.9705454760138559
IRN_DAMAVAND,2025-07-03,0.9954003961423541
IRN_DAMAVAND,2025-07-04,1.0151620547797926
IRN_DAMAVAND,2025-07-06,1.0360873678018077
IRN_DAMAVAND,2025-07-08,1.0672643945907943
IRN_DAMAVAND,2025-07-09,1.0766559495993004
IRN_DAMAVAND,2025-07-11,1.0841670150480966
IRN_DAMAVAND,2025-07-12,1.0681282969824046
IRN_DAMAVAND,2025-07-15,1.0929921802354237
IRN_DAMAVAND,2025-07-16,1.121547205356085
IRN_DAMAVAND,2025-07-17,1.1240835752081058
IRN_DAMAVAND,2025-07-18,1.1307691047866946
IRN_DAMAVAND,2025-07-20,1.14855999250047
IRN_DAMAVAND,2025-07-21,1.1334525339983081
IRN_DAMAVAND,2025-07-22,1.1567415300441428
IRN_DAMAVAND,2025-07-23,1.2041541519875858
IRN_DAMAVAND,2025-07-24,1.2128882370066176
IRN_DAMAVAND,2025-07-25,1.166563016605768
IRN_DAMAVAND,2025-07-26,1.1616480014174015
IRN_DAMAVAND,2025-07-27,1.185884017880584
IRN_DAMAVAND,2025-07-28,1.2294782491918383
IRN_DAMAVAND,2025-07-31,1.1835994715171714
IRN_DAMAVAND,2025-08-01,1.1877447927932954
IRN_DAMAVAND,2025-08-02,1.180841364836609
IRN_DAMAVAND,2025-08-03,1.1876208385145774
IRN_DAMAVAND,2025-08-04,1.1830231345740376
IRN_DAMAVAND,2025-08-05,1.1773231344301986
IRN_DAMAVAND,2025-08-09,1.1653702238544414
IRN_DAMAVAND,2025-08-10,1.1706643305566142
IRN_DAMAVAND,2025-08-11,1.1718333459520203
IRN_DAMAVAND,2025-08-12,1.1858258310520822
IRN_DAMAVAND,2025-08-14,1.189563913361212
IRN_DAMAVAND,2025-08-15,1.1692941779200428
IRN_DAMAVAND,2025-08-16,1.1604986331495395
IRN_DAMAVAND,2025-08-17,1.2057724195185124
IRN_DAMAVAND,2025-08-18,1.2145592229964277
IRN_DAMAVAND,2025-08-19,1.2828154369286795
IRN_DAMAVAND,2025-08-20,1.3349558116541778
IRN_DAMAVAND,2025-08-21,1.327992114480182
IRN_DAMAVAND,2025-08-22,1.3342594884875023
IRN_DAMAVAND,2025-08-23,1.3769120119418259
IRN_DAMAVAND,2025-08-24,1.434514684209758
IRN_DAMAVAND,2025-08-25,1.5332519996237044
IRN_DAMAVAND,2025-08-26,1.5638906550356033
IRN_DAMAVAND,2025-08-27,1.5867093863420003
IRN_DAMAVAND,2025-08-29,1.5689425088210631
IRN_DAMAVAND,2025-08-30,1.5993554301663802
IRN_DAMAVAND,2025-08-31,1.60691257846021
IRN_DAMAVAND,2025-09-01,1.6153026890989002
IRN_DAMAVAND,2025-09-02,1.6618332382731225
IRN_DAMAVAND,2025-09-03,1.6796403981045325
IRN_DAMAVAND,2025-09-04,1.7208651102457544
IRN_DAMAVAND,2025-09-05,1.6948495502697645
IRN_DAMAVAND,2025-09-06,1.6998257724294297
IRN_DAMAVAND,2025-09-07,1.685255530231785
IRN_DAMAVAND,2025-09-08,1.7094879443242414
IRN_DAMAVAND,2025-09-09,1.7285455337212832
IRN_DAMAVAND,2025-09-10,1.723612910060348
IRN_DAMAVAND,2025-09-11,1.703245208280186
IRN_DAMAVAND,2025-09-12,1.6567231005702345
IRN_DAMAVAND,2025-09-13,1.6623427342561903
IRN_DAMAVAND,2025-09-14,1.7051788126097567
IRN_DAMAVAND,2025-09-15,1.7135775201058148
IRN_DAMAVAND,2025-09-16,1.7007160130564138
IRN_DAMAVAND,2025-09-17,1.6970057285024531
IRN_DAMAVAND,2025-09-18,1.6665621793931444
IRN_DAMAVAND,2025-09-19,1.6290671681873663
IRN_DAMAVAND,2025-09-21,1.5870449192909764
IRN_DAMAVAND,2025-09-22,1.5627097052859766
IRN_DAMAVAND,2025-09-23,1.5362871122334105
IRN_DAMAVAND,2025-09-25,1.4168584692756752
IRN_DAMAVAND,2025-09-26,1.372160400475319
IRN_DAMAVAND,2025-09-27,1.3532343287020272
IRN_DAMAVAND,2025-09-28,1.347756304159989
IRN_DAMAVAND,2025-09-29,1.341366234788136
IRN_DAMAVAND,2025-09-30,1.3741180129255413
IRN_DAMAVAND,2025-10-01,1.3893085737499684
IRN_DAMAVAND,2025-10-02,1.350779806673661
IRN_DAMAVAND,2025-10-03,1.3414431676614444
IRN_DAMAVAND,2025-10-05,1.3670880315049958
IRN_DAMAVAND,2025-10-06,1.3724603127339297
IRN_DAMAVAND,2025-10-08,1.3134594674914137
IRN_DAMAVAND,2025-10-09,1.2744047411458728
IRN_DAMAVAND,2025-10-10,1.2943020085201646
IRN_DAMAVAND,2025-10-11,1.291020451032023
IRN_DAMAVAND,2025-10-12,1.2991206191684816
IRN_DAMAVAND,2025-10-13,1.2681413102030583
IRN_DAMAVAND,2025-10-14,1.2069998942116107
IRN_DAMAVAND,2025-10-15,1.2458903737762672
IRN_DAMAVAND,2025-10-16,1.2659807352406565
IRN_DAMAVAND,2025-10-17,1.254560997624551
IRN_DAMAVAND,2025-10-18,1.2360538373128012
IRN_DAMAVAND,2025-10-19,1.2722046222769907
IRN_DAMAVAND,2025-10-20,1.269420734316172
IRN_DAMAVAND,2025-10-21,1.273416138279544
IRN_DAMAVAND,2025-10-22,1.247302680009408
IRN_DAMAVAND,2025-10-23,1.2079513852300374
IRN_DAMAVAND,2025-10-24,1.1551892442004092
IRN_DAMAVAND,2025-10-25,1.1773951682244033
IRN_DAMAVAND,2025-10-27,1.1418535663176976
IRN_DAMAVAND,2025-10-28,1.0950421265296169
IRN_DAMAVAND,2025-10-31,0.9880059490004001
IRN_DAMAVAND,2025-11-01,0.9645924651614781
IRN_DAMAVAND,2025-11-02,0.9382176188906193
IRN_DAMAVAND,2025-11-03,0.9715267333950688
IRN_DAMAVAND,2025-11-04,0.9753566535374604
IRN_DAMAVAND,2025-11-05,0.9645537163400693
IRN_DAMAVAND,2025-11-07,0.9551310630736698
IRN_DAMAVAND,2025-11-08,0.9213825054860976
IRN_DAMAVAND,2025-11-09,0.8686561810259453
IRN_DAMAVAND,2025-11-10,0.8933512868426778
IRN_DAMAVAND,2025-11-11,0.9345485962259162
IRN_DAMAVAND,2025-11-13,0.9361061929346808
IRN_DAMAVAND,2025-11-14,0.8945452580206529
IRN_DAMAVAND,2025-11-16,0.8180793401697706
IRN_DAMAVAND,2025-11-17,0.7513895043004957
IRN_DAMAVAND,2025-11-20,0.7667355712150726
IRN_DAMAVAND,2025-11-21,0.8167077101627135
IRN_DAMAVAND,2025-11-22,0.7918157631319566
IRN_DAMAVAND,2025-11-30,0.9222305156455501
IRN_DAMAVAND,2025-12-03,0.9387353748974423
IRN_DAMAVAND,2025-12-04,0.9014671750349298
IRN_DAMAVAND,2025-12-06,0.8420199205197428
IRN_DAMAVAND,2025-12-13,1.0970648705623651
IRN_DAMAVAND,2025-12-14,1.0780434622094026
IRN_DAMAVAND,2025-12-21,0.9669396089247569
IRN_DAMAVAND,2025-12-29,0.9966868263024721
IRN_DAMAVAND,2026-01-04,
IRN_DAMAVAND,2026-01-06,
IRN_DAMAVAND,2026-01-16,
IRN_DAMAVAND,2026-01-22,
IRN_DAMAVAND,2026-01-24,
IRN_DAMAVAND,2026-01-27,
IRN_DAMAVAND,2026-01-30,
IRN_DAMAVAND,2026-02-02,0.5044482349704987
IRN_DAMAVAND,2026-02-12,
IRN_DAMAVAND,2026-02-19,
IRN_DAMAVAND,2026-02-20,0.5578634920244647
IRN_DAMAVAND,2026-02-21,0.7003612864398305
IRN_DAMAVAND,2026-02-22,0.6818632541332587
IRN_DAMAVAND,2026-02-23,0.6885595502398963
IRN_DAMAVAND,2026-02-26,0.71724257837751
IRN_DAMAVAND,2026-02-27,0.727437395823554
IRN_DAMAVAND,2026-03-01,0.6914993518522492
IRN_DAMAVAND,2026-03-03,0.6582425200914026
IRN_DAMAVAND,2026-03-05,0.664927817090179
IRN_DAMAVAND,2026-03-06,0.6312492860240518
IRN_DAMAVAND,2026-03-14,0.7132316382399218
IRN_DAMAVAND,2026-03-17,0.667759184673607
IRN_DAMAVAND,2026-03-18,0.7004122022556177
IRN_DAMAVAND,2026-03-21,0.5745177042368431
IRN_DAMAVAND,2026-03-27,0.42121987340546574
IRN_DAMAVAND,2026-04-03,0.3818136794573452
IRN_DAMAVAND,2026-04-04,0.2537692011619809
IRN_DAMAVAND,2026-04-10,0.3063567381661348
IRN_DAMAVAND,2026-04-11,0.3880186569142894
IRN_DAMAVAND,2026-04-16,0.5187624972679235
IRN_DAMAVAND,2026-04-17,0.4638436318735668
IRN_DAMAVAND,2026-04-18,0.5121849230418871
IRN_DAMAVAND,2026-04-23,0.5379249950988662
IRN_DAMAVAND,2026-04-24,0.4923602260009886
IRN_DAMAVAND,2026-04-28,0.5871791447338708
IRN_DAMAVAND,2026-04-30,0.551918805089752
IRN_DAMAVAND,2026-05-01,0.5280235969186712
IRN_DAMAVAND,2026-05-03,0.5467610839942023
IRN_DAMAVAND,2026-05-04,0.5841967625732717
IRN_DAMAVAND,2026-05-07,0.552393472124927
IRN_DAMAVAND,2026-05-09,0.5154522891821826
IRN_DAMAVAND,2026-05-10,0.5990673670266821
IRN_DAMAVAND,2026-05-12,0.6293957688233471
IRN_DAMAVAND,2026-05-14,0.5974587690647719
IRN_DAMAVAND,2026-05-15,0.5660085265884319
IRN_DAMAVAND,2026-05-21,0.42543538854795415
IRN_DAMAVAND,2026-05-22,0.41183721479754876
IRN_DAMAVAND,2026-05-23,0.4071968686562791
IRN_DAMAVAND,2026-05-24,0.41683830631710966
IRN_DAMAVAND,2026-05-25,0.38808027069506346
IRN_DAMAVAND,2026-05-27,0.37761356310937505
IRN_DAMAVAND,2026-05-28,0.34947163294711436
IRN_DAMAVAND,2026-05-29,0.351966466484236
IRN_DAMAVAND,2026-05-30,0.34383342594605254
IRN_DAMAVAND,2026-05-31,0.3257035805990929
IRN_DAMAVAND,2026-06-01,0.32740186965888335
IRN_DAMAVAND,2026-06-03,0.3490266253868908
IRN_DAMAVAND,2026-06-06,0.39278681885360744
IRN_DAMAVAND,2026-06-07,0.40743692679666493
IRN_DAMAVAND,2026-06-08,0.4164733203160204
IRN_DAMAVAND,2026-06-09,0.36028831756921353
IRN_DAMAVAND,2026-06-10,0.37860327475448086
IRN_DAMAVAND,2026-06-11,0.3628414295697264
IRN_DAMAVAND,2026-06-12,0.3857135763485644
IRN_DAMAVAND,2026-06-13,0.4163594084412211
IRN_DAMAVAND,2026-06-14,0.4485075948417118
IRN_DAMAVAND,2026-06-15,0.43530111299624985
IRN_DAMAVAND,2026-06-16,0.4488623306992255
IRN_DAMAVAND,2026-06-18,0.48920084943396036
IRN_DAMAVAND,2026-06-19,0.5198858683041037
IRN_DAMAVAND,2026-06-21,0.5808944469423228
IRN_DAMAVAND,2026-06-23,0.6370683111660886
IRN_DAMAVAND,2026-06-25,0.65397037753105
IRN_DAMAVAND,2026-06-27,0.6962150351089637
IRN_DAMAVAND,2026-06-28,0.736684383630746
IRN_DAMAVAND,2026-06-29,0.7754720453949563
IRN_DAMAVAND,2026-06-30,0.8573525469581305
IRN_DAMAVAND,2026-07-03,0.9002208285352096
IRN_DAMAVAND,2026-07-04,0.9268140941472514
IRN_DAMAVAND,2026-07-05,0.9500685140781812
IRN_DAMAVAND,2026-07-06,0.957146110412458
IRN_DAMAVAND,2026-07-10,1.0243024584734537
IRN_DAMAVAND,2026-07-11,1.0458997878410365
IRN_DAMAVAND,2026-07-12,1.0560618923834366
IRN_DAMAVAND,2026-07-13,1.0805141927039421
IRN_DAMAVAND,2026-07-14,1.116042758722723
IRN_DAMAVAND,2026-07-15,1.1970433984995639
IRN_DAMAVAND,2026-07-16,1.2314715508658682
IRN_DAMAVAND,2026-07-17,1.2209318476146411
IRN_DAMAVAND,2026-07-18,1.226288172372458
IRN_DAMAVAND,2026-07-19,1.2282197470241372
IRN_DAMAVAND,2026-07-20,1.2283151980019813
IRN_DAMAVAND,2026-07-21,1.254861418628858
IRN_DAMAVAND,2026-07-22,1.2697616173457817
IRN_DAMAVAND,2026-07-24,1.2704093961915996
IRN_DAMAVAND,2026-07-25,1.3095946400029659
IRN_DAMAVAND,2026-07-26,1.3164581013691754
IRN_DAMAVAND,2026-07-27,1.3417063439568242
IRN_DAMAVAND,2026-07-28,1.3373341310435418
IRN_DAMAVAND,2026-07-29,1.3539525726504562
IRN_DAMAVAND,2026-07-30,1.3457115093821257
IRN_DAMAVAND,2026-07-31,1.3258349358627646
IRN_DAMAVAND,2026-08-04,1.3278406213279994
IRN_DAMAVAND,2026-08-05,1.3365892446416987
IRN_DAMAVAND,2026-08-06,1.338937443460683
IRN_DAMAVAND,2026-08-08,1.3247457725268006
IRN_DAMAVAND,2026-08-09,1.3438159788949278
IRN_DAMAVAND,2026-08-10,1.3360081941702315
IRN_DAMAVAND,2026-08-11,1.360041550065013
IRN_DAMAVAND,2026-08-12,1.3507456797491637
IRN_DAMAVAND,2026-08-13,1.3325155175542351
IRN_DAMAVAND,2026-08-14,1.3049243977924365
IRN_DAMAVAND,2026-08-15,1.284389513757838
IRN_DAMAVAND,2026-08-16,1.2841624806682312
IRN_DAMAVAND,2026-08-18,1.2478872204104874
IRN_DAMAVAND,2026-08-19,1.2353157605699674
IRN_DAMAVAND,2026-08-21,1.2101707664417214
IRN_DAMAVAND,2026-08-23,1.2390548259430607
IRN_DAMAVAND,2026-08-24,1.2188214532241317
IRN_DAMAVAND,2026-08-25,1.2473433522608177
IRN_DAMAVAND,2026-08-26,1.2784786350381645
IRN_DAMAVAND,2026-08-27,1.3086995818694223
IRN_DAMAVAND,2026-08-29,1.300486557833407
IRN_DAMAVAND,2026-08-30,1.3085944763773443
IRN_DAMAVAND,2026-09-01,1.3393470339453055
IRN_DAMAVAND,2026-09-02,1.3918488718547761
IRN_DAMAVAND,2026-09-03,1.387911218146801
IRN_DAMAVAND,2026-09-04,1.3866662086047679
IRN_DAMAVAND,2026-09-05,1.4048545424770291
IRN_DAMAVAND,2026-09-06,1.418416789521598
IRN_DAMAVAND,2026-09-07,1.4169527366244672
IRN_DAMAVAND,2026-09-09,1.3986357621992926
IRN_DAMAVAND,2026-09-10,1.3694552741638448
IRN_FARS,2025-01-01,
IRN_FARS,2025-01-03,
IRN_FARS,2025-01-09,
IRN_FARS,2025-01-10,
IRN_FARS,2025-01-16,
IRN_FARS,2025-01-17,
IRN_FARS,2025-01-18,
IRN_FARS,2025-01-19,0.6863857229092699
IRN_FARS,2025-01-20,0.8086705853062117
IRN_FARS,2025-01-21,0.7813153288092922
IRN_FARS,2025-01-22,0.7281137508427699
IRN_FARS,2025-01-23,0.6710910063272202
IRN_FARS,2025-01-29,0.6687059815906261
IRN_FARS,2025-01-31,0.6474500881416805
IRN_FARS,2025-02-04,0.7859181227360789
IRN_FARS,2025-02-08,0.7678100610619196
IRN_FARS,2025-02-09,0.7543892014669225
IRN_FARS,2025-02-10,0.7856861030377653
IRN_FARS,2025-02-18,0.8070658259473414
IRN_FARS,2025-02-21,0.7532625114326774
IRN_FARS,2025-02-22,0.8732482650837186
IRN_FARS,2025-02-25,0.8315636344058162
IRN_FARS,2025-02-27,0.8171854432100175
IRN_FARS,2025-02-28,0.904560376474922
IRN_FARS,2025-03-01,0.9187201221952104
IRN_FARS,2025-03-02,0.9219427402076222
IRN_FARS,2025-03-13,0.8265711474612716
IRN_FARS,2025-03-14,0.7619889837074894
IRN_FARS,2025-03-15,0.7200434398862732
IRN_FARS,2025-03-19,0.792072605364044
IRN_FARS,2025-03-24,0.7015869972315476
IRN_FARS,2025-03-25,0.6680185812041485
IRN_FARS,2025-03-28,0.74697069098744
IRN_FARS,2025-03-29,0.7786467539285973
IRN_FARS,2025-03-30,0.7725572785429932
IRN_FARS,2025-03-31,0.7646069222974283
IRN_FARS,2025-04-01,0.7960545719250487
IRN_FARS,2025-04-05,0.7576395750095096
IRN_FARS,2025-04-06,0.7797314287648174
IRN_FARS,2025-04-10,0.8207028664780301
IRN_FARS,2025-04-15,0.895540308260886
IRN_FARS,2025-04-16,0.9246398638026793
IRN_FARS,2025-04-17,0.9246775929428629
IRN_FARS,2025-04-21,1.0117002021147403
IRN_FARS,2025-04-23,1.0376040408339349
IRN_FARS,2025-04-26,1.1061116202201562
IRN_FARS,2025-04-27,1.0319986059489101
IRN_FARS,2025-05-01,1.0132228523218398
IRN_FARS,2025-05-02,0.9712133881874374
IRN_FARS,2025-05-03,1.0042726926612848
IRN_FARS,2025-05-06,0.990762063752615
IRN_FARS,2025-05-11,1.0125270227950798
IRN_FARS,2025-05-12,1.0263977496718661
IRN_FARS,2025-05-14,1.0054635650552937
IRN_FARS,2025-05-15,1.0126114596646891
IRN_FARS,2025-05-16,0.9667673227146155
IRN_FARS,2025-05-23,0.989294270969963
IRN_FARS,2025-05-24,1.0030415533002932
IRN_FARS,2025-05-25,0.9599368680492946
IRN_FARS,2025-05-26,0.9139098966502129
IRN_FARS,2025-05-27,0.9153128252407191
IRN_FARS,2025-05-30,0.9077728313409794
IRN_FARS,2025-06-01,0.9179496404520825
IRN_FARS,2025-06-03,0.9724752034196309
IRN_FARS,2025-06-04,1.0226881026672932
IRN_FARS,2025-06-05,1.1042419742511072
IRN_FARS,2025-06-07,1.0782163322736982
IRN_FARS,2025-06-09,1.0668956403104881
IRN_FARS,2025-06-10,1.0584876554529319
IRN_FARS,2025-06-11,1.0675153157370776
IRN_FARS,2025-06-12,1.0705565234322199
IRN_FARS,2025-06-13,1.061977173022325
IRN_FARS,2025-06-14,1.0706420603137203
IRN_FARS,2025-06-15,1.0780135164979763
IRN_FARS,2025-06-17,1.1298815815165149
IRN_FARS,2025-06-18,1.1210511893927624
IRN_FARS,2025-06-19,1.1164190762702344
IRN_FARS,2025-06-20,1.1284355805129862
IRN_FARS,2025-06-21,1.1091810498502326
IRN_FARS,2025-06-22,1.0553066248272223
IRN_FARS,2025-06-23,1.047988919614611
IRN_FARS,2025-06-26,1.1498900077088965
IRN_FARS,2025-06-27,1.1827388792427074
IRN_FARS,2025-06-28,1.1897523398664156
IRN_FARS,2025-06-29,1.2057280838674136
IRN_FARS,2025-07-01,1.2883284796424583
IRN_FARS,2025-07-02,1.3165233658719089
IRN_FARS,2025-07-03,1.2607717751832208
IRN_FARS,2025-07-04,1.2127724853869033
IRN_FARS,2025-07-05,1.2103398996861825
IRN_FARS,2025-07-06,1.2381558671539075
IRN_FARS,2025-07-07,1.2650785275155807
IRN_FARS,2025-07-08,1.2343008267912654
IRN_FARS,2025-07-09,1.2168211619101696
IRN_FARS,2025-07-10,1.1845295796091746
IRN_FARS,2025-07-14,1.1925583956804207
IRN_FARS,2025-07-19,1.1610597798941922
IRN_FARS,2025-07-20,1.1169900174131588
IRN_FARS,2025-07-21,1.128585318128064
IRN_FARS,2025-07-22,1.1248346909857188
IRN_FARS,2025-07-23,1.1161234990367193
IRN_FARS,2025-07-24,1.093557263801557
IRN_FARS,2025-07-25,1.0670526389935662
IRN_FARS,2025-07-26,1.0299825498133712
IRN_FARS,2025-07-27,0.9730636204962745
IRN_FARS,2025-07-28,0.9358354638370855
IRN_FARS,2025-08-02,0.7795909479488689
IRN_FARS,2025-08-03,0.7797236004565578
IRN_FARS,2025-08-04,0.7538094382906451
IRN_FARS,2025-08-05,0.690915413056777
IRN_FARS,2025-08-06,0.6557237539718513
IRN_FARS,2025-08-07,0.6611676744949739
IRN_FARS,2025-08-08,0.6665175673768925
IRN_FARS,2025-08-09,0.6483113202504982
IRN_FARS,2025-08-10,0.6402393289053581
IRN_FARS,2025-08-11,0.6907308632671654
IRN_FARS,2025-08-12,0.7458151221220565
IRN_FARS,2025-08-13,0.7894399771879275
IRN_FARS,2025-08-14,0.7870660141545175
IRN_FARS,2025-08-15,0.7799125460635659
IRN_FARS,2025-08-19,0.8004097684477236
IRN_FARS,2025-08-20,0.8011326061638099
IRN_FARS,2025-08-23,0.7748758670202898
IRN_FARS,2025-08-25,0.7906675389333369
IRN_FARS,2025-08-26,0.794358213638989
IRN_FARS,2025-08-27,0.7953158282016717
IRN_FARS,2025-08-28,0.8006136908158711
IRN_FARS,2025-08-29,0.795547799332531
IRN_FARS,2025-08-30,0.7918980097435436
IRN_FARS,2025-09-12,0.769726049785393
IRN_FARS,2025-09-14,0.8593546233929328
IRN_FARS,2025-09-15,0.9647445824809676
IRN_FARS,2025-09-16,1.0633741078744217
IRN_FARS,2025-09-17,1.0395153286849574
IRN_FARS,2025-09-18,1.1009712753376826
IRN_FARS,2025-09-20,1.0780516377840927
IRN_FARS,2025-09-21,1.145946001223689
IRN_FARS,2025-09-23,1.1504505587636225
IRN_FARS,2025-09-27,1.2000447994080674
IRN_FARS,2025-09-28,1.1076361950635039
IRN_FARS,2025-09-29,1.1219223395885152
IRN_FARS,2025-10-01,1.1319974921623643
IRN_FARS,2025-10-02,1.1784492235742596
IRN_FARS,2025-10-03,1.1910353821179671
IRN_FARS,2025-10-05,1.1966119613576827
IRN_FARS,2025-10-09,1.2643543689565881
IRN_FARS,2025-10-10,1.2955605045193868
IRN_FARS,2025-10-11,1.325151916559208
IRN_FARS,2025-10-14,1.2884939766939147
IRN_FARS,2025-10-16,1.228297032272585
IRN_FARS,2025-10-19,1.204092404116491
IRN_FARS,2025-10-20,1.2773078882217819
IRN_FARS,2025-10-21,1.216278950968457
IRN_FARS,2025-10-22,1.2231296289158025
IRN_FARS,2025-10-27,1.4526326192450039
IRN_FARS,2025-10-31,1.5916727138595113
IRN_FARS,2025-11-03,1.57159515362651
IRN_FARS,2025-11-04,1.4760672454428294
IRN_FARS,2025-11-10,1.277212166668655
IRN_FARS,2025-11-15,1.2991568796288528
IRN_FARS,2025-11-21,
IRN_FARS,2025-11-22,1.1388724594313109
IRN_FARS,2025-11-23,1.075049235890194
IRN_FARS,2025-11-24,1.0008221263480546
IRN_FARS,2025-12-05,
IRN_FARS,2025-12-08,1.199396979895936
IRN_FARS,2025-12-13,1.2092850300898235
IRN_FARS,2025-12-14,1.2449351808564932
IRN_FARS,2025-12-18,1.1360124154592446
IRN_FARS,2025-12-21,1.0845840547095003
IRN_FARS,2025-12-26,
IRN_FARS,2026-01-02,1.412653326278149
IRN_FARS,2026-01-04,1.3127972068443488
IRN_FARS,2026-01-05,1.2309166292521403
IRN_FARS,2026-01-13,
IRN_FARS,2026-01-16,1.0221675921425217
IRN_FARS,2026-01-20,
IRN_FARS,2026-01-21,1.111286318142984
IRN_FARS,2026-01-22,1.0468150903847697
IRN_FARS,2026-01-31,1.1142453698565902
IRN_FARS,2026-02-01,1.1857570671716569
IRN_FARS,2026-02-03,1.2928559567298639
IRN_FARS,2026-02-06,1.3827120403696722
IRN_FARS,2026-02-11,1.409317510357594
IRN_FARS,2026-02-13,1.3478935070131208
IRN_FARS,2026-02-14,1.2807591109845575
IRN_FARS,2026-02-15,1.1418272293680751
IRN_FARS,2026-02-16,1.0687899445349318
IRN_FARS,2026-02-17,0.9901688742934329
IRN_FARS,2026-02-23,1.0833648480260694
IRN_FARS,2026-02-24,1.1036263804202076
IRN_FARS,2026-02-25,1.0430443826824485
IRN_FARS,2026-03-05,0.7925017461004974
IRN_FARS,2026-03-09,0.6808238790707463
IRN_FARS,2026-03-14,0.724903360498962
IRN_FARS,2026-03-17,0.7348842585067656
IRN_FARS,2026-03-21,0.7968997491533278
IRN_FARS,2026-03-22,0.7208803234500297
IRN_FARS,2026-03-29,
IRN_FARS,2026-03-30,0.5867595162123925
IRN_FARS,2026-04-01,0.5363236234239298
IRN_FARS,2026-04-05,0.4775554206874313
IRN_FARS,2026-04-06,0.46857932896957416
IRN_FARS,2026-04-08,0.4671475489521618
IRN_FARS,2026-04-11,0.4806719855801418
IRN_FARS,2026-04-13,0.3262981739232344
IRN_FARS,2026-04-14,0.3348772042637453
IRN_FARS,2026-04-24,0.3916290438514143
IRN_FARS,2026-04-27,0.3773783344865816
IRN_FARS,2026-04-28,0.3464811708175767
IRN_FARS,2026-04-29,0.30832402179045565
IRN_FARS,2026-04-30,0.2976058954355189
IRN_FARS,2026-05-01,0.31713905421467675
IRN_FARS,2026-05-03,0.3699960357112872
IRN_FARS,2026-05-04,0.3586856834280528
IRN_FARS,2026-05-08,0.39757193744013875
IRN_FARS,2026-05-09,0.38899616569383993
IRN_FARS,2026-05-10,0.3959505112160449
IRN_FARS,2026-05-12,0.4731307111006036
IRN_FARS,2026-05-13,0.4703320888353031
IRN_FARS,2026-05-14,0.46773368701403617
IRN_FARS,2026-05-16,0.5202214095029283
IRN_FARS,2026-05-18,0.5618056453016068
IRN_FARS,2026-05-20,0.548612781674238
IRN_FARS,2026-05-21,0.5239450828348199
IRN_FARS,2026-05-22,0.506959663551848
IRN_FARS,2026-05-24,0.5293274193067354
IRN_FARS,2026-05-25,0.525684960020375
IRN_FARS,2026-05-26,0.5241442416787362
IRN_FARS,2026-05-27,0.517882341855642
IRN_FARS,2026-05-29,0.5892627393099004
IRN_FARS,2026-05-30,0.6088243726355487
IRN_FARS,2026-05-31,0.61817153245397
IRN_FARS,2026-06-01,0.6160466936823984
IRN_FARS,2026-06-02,0.5912823902594718
IRN_FARS,2026-06-03,0.6393085105215904
IRN_FARS,2026-06-04,0.6445239853935475
IRN_FARS,2026-06-05,0.6506143487804668
IRN_FARS,2026-06-07,0.6508365057931811
IRN_FARS,2026-06-08,0.6618515017770517
IRN_FARS,2026-06-09,0.6814648396943366
IRN_FARS,2026-06-13,0.6936183621354655
IRN_FARS,2026-06-14,0.7873046450658944
IRN_FARS,2026-06-18,0.7757234538150483
IRN_FARS,2026-06-21,0.8533959716315579
IRN_FARS,2026-06-23,0.850725481254115
IRN_FARS,2026-06-25,0.8784776009981622
IRN_FARS,2026-06-26,0.933661623879829
IRN_FARS,2026-06-27,0.9354049364627631
IRN_FARS,2026-06-28,0.9053748565527312
IRN_FARS,2026-06-29,0.9602181979190121
IRN_FARS,2026-06-30,0.9904073605040825
IRN_FARS,2026-07-01,0.9818064764855442
IRN_FARS,2026-07-02,0.9730258405628582
IRN_FARS,2026-07-03,0.948016096346674
IRN_FARS,2026-07-04,0.9590535726418253
IRN_FARS,2026-07-08,1.0546834494514277
IRN_FARS,2026-07-09,1.1141800737302199
IRN_FARS,2026-07-11,1.0903354343468306
IRN_FARS,2026-07-12,1.0583276451091097
IRN_FARS,2026-07-13,1.0147566628454392
IRN_FARS,2026-07-14,0.8958107692120811
IRN_FARS,2026-07-15,0.9049649790978214
IRN_FARS,2026-07-17,0.9113166275561972
IRN_FARS,2026-07-21,0.9402341427543774
IRN_FARS,2026-07-22,0.9223831678892797
IRN_FARS,2026-07-24,0.932490706538068
IRN_FARS,2026-07-28,0.9185144383068322
IRN_FARS,2026-07-30,0.8481478981730624
IRN_FARS,2026-07-31,0.8547396151060537
IRN_FARS,2026-08-01,0.8698191923130039
IRN_FARS,2026-08-03,0.8440721128040158
IRN_FARS,2026-08-06,0.826040279976915
IRN_FARS,2026-08-07,0.7627423611471201
IRN_FARS,2026-08-13,0.7356972516926203
IRN_FARS,2026-08-15,0.703577782166212
IRN_FARS,2026-08-16,0.6936610405457291
IRN_FARS,2026-08-17,0.6618257841554126
IRN_FARS,2026-08-19,0.7940884221896201
IRN_FARS,2026-08-22,0.7284583288671034
IRN_FARS,2026-08-23,0.6898332978680356
IRN_FARS,2026-08-24,0.6812758605566019
IRN_FARS,2026-08-25,0.6985678210090199
IRN_FARS,2026-08-26,0.7175353536133569
IRN_FARS,2026-08-27,0.7551873191714601
IRN_FARS,2026-08-30,0.7772485547264616
IRN_FARS,2026-09-01,0.7930171268611799
IRN_FARS,2026-09-02,0.952522812637469
IRN_FARS,2026-09-03,0.9430572510737233
IRN_FARS,2026-09-04,0.9129462873453777
IRN_FARS,2026-09-05,0.9570593390895115
IRN_FARS,2026-09-06,1.0244242023096017
IRN_FARS,2026-09-07,1.016107781000222
IRN_FARS,2026-09-09,0.9862707209352799
IRN_FARS,2026-09-10,0.9746506579768799
IRN_KAZEROON,2025-01-03,
IRN_KAZEROON,2025-01-04,
IRN_KAZEROON,2025-01-06,
IRN_KAZEROON,2025-01-09,
IRN_KAZEROON,2025-01-10,
IRN_KAZEROON,2025-01-11,
IRN_KAZEROON,2025-01-13,
IRN_KAZEROON,2025-01-15,0.7066539632216253
IRN_KAZEROON,2025-01-16,0.7616801611566789
IRN_KAZEROON,2025-01-19,0.7454253350742338
IRN_KAZEROON,2025-01-20,0.7455280494953613
IRN_KAZEROON,2025-01-21,0.7352218066633261
IRN_KAZEROON,2025-01-22,0.7876348162261461
IRN_KAZEROON,2025-01-24,0.7924166281866639
IRN_KAZEROON,2025-01-28,0.7780934501565947
IRN_KAZEROON,2025-01-29,0.7659305336694283
IRN_KAZEROON,2025-02-01,0.8149976368617277
IRN_KAZEROON,2025-02-02,0.8649748247248793
IRN_KAZEROON,2025-02-03,0.8813096248260454
IRN_KAZEROON,2025-02-04,0.8833977333492639
IRN_KAZEROON,2025-02-05,0.8966826848238427
IRN_KAZEROON,2025-02-09,0.8759943519920753
IRN_KAZEROON,2025-02-18,0.8336597635406142
IRN_KAZEROON,2025-02-21,0.7852751498102379
IRN_KAZEROON,2025-02-22,0.7690124750305487
IRN_KAZEROON,2025-02-25,0.7094377585383139
IRN_KAZEROON,2025-02-28,0.7266280810800754
IRN_KAZEROON,2025-03-02,0.6858470979846857
IRN_KAZEROON,2025-03-03,0.6041650914792464
IRN_KAZEROON,2025-03-12,0.5594628077564219
IRN_KAZEROON,2025-03-13,0.5501474738563578
IRN_KAZEROON,2025-03-15,0.6077147717769519
IRN_KAZEROON,2025-03-16,0.6544700101979296
IRN_KAZEROON,2025-03-19,0.7163242761688151
IRN_KAZEROON,2025-03-24,0.7242558056465898
IRN_KAZEROON,2025-03-25,0.7111838351095467
IRN_KAZEROON,2025-03-26,0.7948218926876994
IRN_KAZEROON,2025-03-27,0.8572486355057415
IRN_KAZEROON,2025-03-28,1.0128243149834253
IRN_KAZEROON,2025-03-29,1.0153385565890665
IRN_KAZEROON,2025-03-30,1.0553880684228154
IRN_KAZEROON,2025-04-01,1.0888620847348807
IRN_KAZEROON,2025-04-05,1.0697134144669835
IRN_KAZEROON,2025-04-08,1.0516494792700588
IRN_KAZEROON,2025-04-09,1.0546183462860947
IRN_KAZEROON,2025-04-10,1.090635189518433
IRN_KAZEROON,2025-04-15,1.100523378111635
IRN_KAZEROON,2025-04-16,1.0513306863820655
IRN_KAZEROON,2025-04-17,1.1107079439396277
IRN_KAZEROON,2025-04-18,1.1140265699357725
IRN_KAZEROON,2025-04-19,1.0912006280380528
IRN_KAZEROON,2025-04-20,1.0657513950442903
IRN_KAZEROON,2025-04-21,1.0928653445240637
IRN_KAZEROON,2025-04-22,1.0795417373795384
IRN_KAZEROON,2025-04-23,1.1056955305807643
IRN_KAZEROON,2025-04-24,1.142419571614017
IRN_KAZEROON,2025-04-25,1.0787068719261685
IRN_KAZEROON,2025-04-26,1.0485903866520505
IRN_KAZEROON,2025-04-27,0.9309121473511777
IRN_KAZEROON,2025-04-28,0.9155110859317428
IRN_KAZEROON,2025-04-29,0.894851485225112
IRN_KAZEROON,2025-05-01,0.8719990428842488
IRN_KAZEROON,2025-05-02,0.8539299641533605
IRN_KAZEROON,2025-05-03,0.8492765125990701
IRN_KAZEROON,2025-05-05,0.8466562178994862
IRN_KAZEROON,2025-05-06,0.820806911090746
IRN_KAZEROON,2025-05-07,0.8152998057027917
IRN_KAZEROON,2025-05-08,0.8250999375918114
IRN_KAZEROON,2025-05-09,0.8213545316419193
IRN_KAZEROON,2025-05-10,0.7615567870634522
IRN_KAZEROON,2025-05-11,0.7605978666795543
IRN_KAZEROON,2025-05-12,0.7417106602185617
IRN_KAZEROON,2025-05-13,0.7770961679261829
IRN_KAZEROON,2025-05-14,0.7798293644921156
IRN_KAZEROON,2025-05-15,0.7681604586204128
IRN_KAZEROON,2025-05-16,0.7662387947939495
IRN_KAZEROON,2025-05-17,0.7205219076090972
IRN_KAZEROON,2025-05-18,0.7008213387687156
IRN_KAZEROON,2025-05-19,0.6981081267672736
IRN_KAZEROON,2025-05-20,0.7101849455470644
IRN_KAZEROON,2025-05-21,0.681569137148494
IRN_KAZEROON,2025-05-22,0.6874349531156405
IRN_KAZEROON,2025-05-23,0.7302276041987595
IRN_KAZEROON,2025-05-24,0.7220984592966613
IRN_KAZEROON,2025-05-25,0.7210536399324938
IRN_KAZEROON,2025-05-26,0.7437740970789702
IRN_KAZEROON,2025-05-27,0.7209940258104715
IRN_KAZEROON,2025-05-28,0.7167348805746794
IRN_KAZEROON,2025-05-30,0.7128163848296218
IRN_KAZEROON,2025-05-31,0.7785632719014092
IRN_KAZEROON,2025-06-01,0.7975115686096013
IRN_KAZEROON,2025-06-02,0.8286145098265828
IRN_KAZEROON,2025-06-03,0.890283095266947
IRN_KAZEROON,2025-06-04,0.9391680724797934
IRN_KAZEROON,2025-06-05,0.9731686407062781
IRN_KAZEROON,2025-06-06,0.9799415604088163
IRN_KAZEROON,2025-06-07,0.9713934412284191
IRN_KAZEROON,2025-06-08,0.9668572254204144
IRN_KAZEROON,2025-06-09,1.008535521012185
IRN_KAZEROON,2025-06-10,1.0294486011454345
IRN_KAZEROON,2025-06-11,1.0514484772015233
IRN_KAZEROON,2025-06-12,1.0094093663006574
IRN_KAZEROON,2025-06-13,1.012619995335356
IRN_KAZEROON,2025-06-14,1.102208313224018
IRN_KAZEROON,2025-06-15,1.1268326560929363
IRN_KAZEROON,2025-06-16,1.1223462735403231
IRN_KAZEROON,2025-06-17,1.1064070511268458
IRN_KAZEROON,2025-06-18,1.119488521159792
IRN_KAZEROON,2025-06-19,1.1381673048681091
IRN_KAZEROON,2025-06-20,1.1540878531211136
IRN_KAZEROON,2025-06-21,1.1306371936608453
IRN_KAZEROON,2025-06-22,1.0948488693311829
IRN_KAZEROON,2025-06-23,1.1048890626562033
IRN_KAZEROON,2025-06-24,1.1377578424874686
IRN_KAZEROON,2025-06-25,1.1890000773054183
IRN_KAZEROON,2025-06-26,1.2125079877974965
IRN_KAZEROON,2025-06-27,1.2600018844540506
IRN_KAZEROON,2025-06-28,1.25301651958091
IRN_KAZEROON,2025-06-29,1.2522860937107962
IRN_KAZEROON,2025-06-30,1.2060903171543649
IRN_KAZEROON,2025-07-01,1.1990824077383884
IRN_KAZEROON,2025-07-02,1.1707502551272704
IRN_KAZEROON,2025-07-03,1.1034448000851727
IRN_KAZEROON,2025-07-04,1.0995345487506958
IRN_KAZEROON,2025-07-05,1.0930587432688903
IRN_KAZEROON,2025-07-06,1.1122778221733722
IRN_KAZEROON,2025-07-07,1.1378128326042116
IRN_KAZEROON,2025-07-08,1.1281201874870797
IRN_KAZEROON,2025-07-09,1.0914137596815947
IRN_KAZEROON,2025-07-10,1.069537088198823
IRN_KAZEROON,2025-07-11,1.0664752050147213
IRN_KAZEROON,2025-07-14,1.00311076802245
IRN_KAZEROON,2025-07-19,1.026198810016429
IRN_KAZEROON,2025-07-20,0.9752810226634572
IRN_KAZEROON,2025-07-21,0.988200301202037
IRN_KAZEROON,2025-07-22,0.9921637530717016
IRN_KAZEROON,2025-07-23,1.0099160475383997
IRN_KAZEROON,2025-07-25,0.9028349693633594
IRN_KAZEROON,2025-07-26,0.883916638821092
IRN_KAZEROON,2025-07-27,0.815560894341805
IRN_KAZEROON,2025-08-03,0.7879261970542746
IRN_KAZEROON,2025-08-04,0.7538974470366879
IRN_KAZEROON,2025-08-05,0.7015277165068023
IRN_KAZEROON,2025-08-06,0.6478821130236141
IRN_KAZEROON,2025-08-08,0.6220064605946435
IRN_KAZEROON,2025-08-10,0.6244611924111131
IRN_KAZEROON,2025-08-11,0.6728813850676734
IRN_KAZEROON,2025-08-12,0.7566854304509716
IRN_KAZEROON,2025-08-13,0.7194194193984037
IRN_KAZEROON,2025-08-14,0.7429096051534818
IRN_KAZEROON,2025-08-16,0.7846233894760998
IRN_KAZEROON,2025-08-19,0.8277433935846163
IRN_KAZEROON,2025-08-20,0.8210363525428748
IRN_KAZEROON,2025-08-21,0.7936995275721618
IRN_KAZEROON,2025-08-22,0.7193987279739558
IRN_KAZEROON,2025-08-23,0.721294827095643
IRN_KAZEROON,2025-08-24,0.7864224408380762
IRN_KAZEROON,2025-08-25,0.8369131338748901
IRN_KAZEROON,2025-08-26,0.8537304589547595
IRN_KAZEROON,2025-08-27,0.8910418691577948
IRN_KAZEROON,2025-08-28,0.9221694761212896
IRN_KAZEROON,2025-08-29,0.9424316476941748
IRN_KAZEROON,2025-08-30,0.9366638134713436
IRN_KAZEROON,2025-08-31,0.9249431141000123
IRN_KAZEROON,2025-09-01,0.9617787738668351
IRN_KAZEROON,2025-09-02,0.9616320374679505
IRN_KAZEROON,2025-09-07,1.0692259384053902
IRN_KAZEROON,2025-09-08,1.0633540386354634
IRN_KAZEROON,2025-09-09,1.1099256149363639
IRN_KAZEROON,2025-09-10,1.0935654526229581
IRN_KAZEROON,2025-09-11,1.0404655249795347
IRN_KAZEROON,2025-09-12,1.0721761921588882
IRN_KAZEROON,2025-09-13,1.131201024252904
IRN_KAZEROON,2025-09-14,1.1572150053747527
IRN_KAZEROON,2025-09-15,1.1669311288834354
IRN_KAZEROON,2025-09-16,1.153435025780831
IRN_KAZEROON,2025-09-17,1.1547434693459095
IRN_KAZEROON,2025-09-18,1.2190516413155674
IRN_KAZEROON,2025-09-19,1.244655452315731
IRN_KAZEROON,2025-09-20,1.2384911071801095
IRN_KAZEROON,2025-09-21,1.2540009447685745
IRN_KAZEROON,2025-09-22,1.2429998907471662
IRN_KAZEROON,2025-09-23,1.2018919824487286
IRN_KAZEROON,2025-09-24,1.2173944201273312
IRN_KAZEROON,2025-09-25,1.2813886458687316
IRN_KAZEROON,2025-09-26,1.2608009810342993
IRN_KAZEROON,2025-09-27,1.2527503962777968
IRN_KAZEROON,2025-09-28,1.2424943311027685
IRN_KAZEROON,2025-09-29,1.2534200075437525
IRN_KAZEROON,2025-09-30,1.3239411055728472
IRN_KAZEROON,2025-10-01,1.2662665606832084
IRN_KAZEROON,2025-10-02,1.2639498370616757
IRN_KAZEROON,2025-10-03,1.2463598131533247
IRN_KAZEROON,2025-10-04,1.2559655495844626
IRN_KAZEROON,2025-10-05,1.3259591861948912
IRN_KAZEROON,2025-10-06,1.3192259541484936
IRN_KAZEROON,2025-10-07,1.31234419897176
IRN_KAZEROON,2025-10-08,1.3164616534516598
IRN_KAZEROON,2025-10-09,1.3076650804944911
IRN_KAZEROON,2025-10-10,1.305891587899125
IRN_KAZEROON,2025-10-11,1.3118550399535356
IRN_KAZEROON,2025-10-12,1.313824140212568
IRN_KAZEROON,2025-10-13,1.2646286450330657
IRN_KAZEROON,2025-10-14,1.2522940484966965
IRN_KAZEROON,2025-10-15,1.2467382258057336
IRN_KAZEROON,2025-10-16,1.2615231733250212
IRN_KAZEROON,2025-10-17,1.2430551131204481
IRN_KAZEROON,2025-10-18,1.1883928211845205
IRN_KAZEROON,2025-10-19,1.184739422314226
IRN_KAZEROON,2025-10-20,1.218371790754302
IRN_KAZEROON,2025-10-21,1.2119596208560737
IRN_KAZEROON,2025-10-22,1.2308226616713827
IRN_KAZEROON,2025-10-23,1.2359274780722287
IRN_KAZEROON,2025-10-24,1.2113762009852536
IRN_KAZEROON,2025-10-25,1.1637040163675272
IRN_KAZEROON,2025-10-26,1.187992063971581
IRN_KAZEROON,2025-10-27,1.1915502021411464
IRN_KAZEROON,2025-10-28,1.1710444167154856
IRN_KAZEROON,2025-10-29,1.2025688584980414
IRN_KAZEROON,2025-10-30,1.1631029377242144
IRN_KAZEROON,2025-10-31,1.1814377505809277
IRN_KAZEROON,2025-11-01,1.1722804922915553
IRN_KAZEROON,2025-11-02,1.167144996195693
IRN_KAZEROON,2025-11-03,1.145255178106308
IRN_KAZEROON,2025-11-04,1.069065389187314
IRN_KAZEROON,2025-11-05,1.073389024181476
IRN_KAZEROON,2025-11-06,1.0934376174902012
IRN_KAZEROON,2025-11-07,1.1104938265631104
IRN_KAZEROON,2025-11-08,1.0888734342617046
IRN_KAZEROON,2025-11-09,1.1040820944752707
IRN_KAZEROON,2025-11-10,1.1705874632179243
IRN_KAZEROON,2025-11-11,1.2269274271352848
IRN_KAZEROON,2025-11-12,1.2398001004084434
IRN_KAZEROON,2025-11-14,1.2310788039021092
IRN_KAZEROON,2025-11-16,1.2580596583809598
IRN_KAZEROON,2025-11-17,1.2747029921021313
IRN_KAZEROON,2025-11-18,1.279016002793418
IRN_KAZEROON,2025-11-22,1.331636095171134
IRN_KAZEROON,2025-11-23,1.348020425453601
IRN_KAZEROON,2025-11-27,1.4122847989915543
IRN_KAZEROON,2025-11-28,1.3449794430824682
IRN_KAZEROON,2025-11-30,1.3178752638366813
IRN_KAZEROON,2025-12-04,1.414161226039199
IRN_KAZEROON,2025-12-05,1.4062854106676501
IRN_KAZEROON,2025-12-06,1.3748178094922503
IRN_KAZEROON,2025-12-07,1.3896028084495122
IRN_KAZEROON,2025-12-13,1.1851346380013819
IRN_KAZEROON,2025-12-14,1.1019266798400642
IRN_KAZEROON,2025-12-21,1.020577382767205
IRN_KAZEROON,2025-12-24,1.0126261656794453
IRN_KAZEROON,2025-12-25,0.993835091704313
IRN_KAZEROON,2025-12-26,0.9759385432595574
IRN_KAZEROON,2026-01-03,0.997390409121105
IRN_KAZEROON,2026-01-04,0.9585733938380857
IRN_KAZEROON,2026-01-05,1.0079462761754754
IRN_KAZEROON,2026-01-07,0.9335462342231476
IRN_KAZEROON,2026-01-08,0.9216466169447197
IRN_KAZEROON,2026-01-09,0.9451325790319763
IRN_KAZEROON,2026-01-12,0.9267365540473547
IRN_KAZEROON,2026-01-13,0.9317773687483731
IRN_KAZEROON,2026-01-16,0.8876065651322093
IRN_KAZEROON,2026-01-17,0.8676159734775496
IRN_KAZEROON,2026-01-24,0.8696284821418593
IRN_KAZEROON,2026-01-26,0.8879871385895822
IRN_KAZEROON,2026-01-27,0.8947287124286872
IRN_KAZEROON,2026-02-02,0.8870074337749797
IRN_KAZEROON,2026-02-05,0.8390326949752233
IRN_KAZEROON,2026-02-06,0.8140879039694867
IRN_KAZEROON,2026-02-09,0.7479271268323899
IRN_KAZEROON,2026-02-14,0.8913909853401757
IRN_KAZEROON,2026-02-15,0.9019335773942867
IRN_KAZEROON,2026-02-16,0.9289712299867144
IRN_KAZEROON,2026-02-18,1.0181131641886312
IRN_KAZEROON,2026-02-20,1.0425293198122711
IRN_KAZEROON,2026-02-22,1.028749638451096
IRN_KAZEROON,2026-02-23,0.9670563281615681
IRN_KAZEROON,2026-02-24,0.9375575625071219
IRN_KAZEROON,2026-02-25,0.9160309460778991
IRN_KAZEROON,2026-02-26,0.8793231666406089
IRN_KAZEROON,2026-02-27,0.8584604701349207
IRN_KAZEROON,2026-03-05,0.8135622191028103
IRN_KAZEROON,2026-03-06,0.7992408588941381
IRN_KAZEROON,2026-03-07,0.7906621614949461
IRN_KAZEROON,2026-03-17,0.7331367998599887
IRN_KAZEROON,2026-03-18,0.7168684629020018
IRN_KAZEROON,2026-04-01,
IRN_KAZEROON,2026-04-02,
IRN_KAZEROON,2026-04-03,0.3410951649705142
IRN_KAZEROON,2026-04-06,
IRN_KAZEROON,2026-04-07,
IRN_KAZEROON,2026-04-08,0.2494095030511595
IRN_KAZEROON,2026-04-10,0.26075516900496587
IRN_KAZEROON,2026-04-11,0.2677607694867217
IRN_KAZEROON,2026-04-13,0.2668953355244032
IRN_KAZEROON,2026-04-14,0.2675909743545029
IRN_KAZEROON,2026-04-16,0.27571064455580085
IRN_KAZEROON,2026-04-17,0.25173802201018197
IRN_KAZEROON,2026-04-18,0.2819423848321517
IRN_KAZEROON,2026-04-24,0.26715125900188774
IRN_KAZEROON,2026-04-27,0.2916693717720221
IRN_KAZEROON,2026-04-28,0.28039598746773975
IRN_KAZEROON,2026-04-30,0.2842042739924895
IRN_KAZEROON,2026-05-01,0.30240463381354415
IRN_KAZEROON,2026-05-03,0.3228864117930186
IRN_KAZEROON,2026-05-04,0.3378766012565142
IRN_KAZEROON,2026-05-06,0.35408267544776617
IRN_KAZEROON,2026-05-07,0.40391226836279226
IRN_KAZEROON,2026-05-09,0.4068451632957281
IRN_KAZEROON,2026-05-10,0.46848028396592517
IRN_KAZEROON,2026-05-11,0.5211032837199049
IRN_KAZEROON,2026-05-12,0.5658123474654165
IRN_KAZEROON,2026-05-13,0.5713123602248449
IRN_KAZEROON,2026-05-14,0.5695299070182718
IRN_KAZEROON,2026-05-15,0.5789339519042542
IRN_KAZEROON,2026-05-16,0.6103600418486885
IRN_KAZEROON,2026-05-17,0.6217223379778157
IRN_KAZEROON,2026-05-18,0.6181571253637481
IRN_KAZEROON,2026-05-19,0.5945233294438399
IRN_KAZEROON,2026-05-20,0.5888622595119445
IRN_KAZEROON,2026-05-21,0.5779345807730786
IRN_KAZEROON,2026-05-22,0.5694085917339102
IRN_KAZEROON,2026-05-23,0.5834575804086344
IRN_KAZEROON,2026-05-24,0.6060220436859189
IRN_KAZEROON,2026-05-25,0.5969075162283375
IRN_KAZEROON,2026-05-26,0.6451161018478346
IRN_KAZEROON,2026-05-27,0.6820793921216358
IRN_KAZEROON,2026-05-28,0.7026816447960283
IRN_KAZEROON,2026-05-29,0.7298910268255361
IRN_KAZEROON,2026-05-30,0.7554032648226547
IRN_KAZEROON,2026-05-31,0.7686410222793825
IRN_KAZEROON,2026-06-01,0.7821180065156453
IRN_KAZEROON,2026-06-02,0.7913797666829406
IRN_KAZEROON,2026-06-03,0.8087045130814635
IRN_KAZEROON,2026-06-04,0.7916638321994046
IRN_KAZEROON,2026-06-05,0.8023545233567768
IRN_KAZEROON,2026-06-06,0.7879955731779066
IRN_KAZEROON,2026-06-07,0.7685853127604952
IRN_KAZEROON,2026-06-08,0.77052203076958
IRN_KAZEROON,2026-06-09,0.7350955525170259
IRN_KAZEROON,2026-06-10,0.7118929319857141
IRN_KAZEROON,2026-06-11,0.6861035935165212
IRN_KAZEROON,2026-06-12,0.7304927285144508
IRN_KAZEROON,2026-06-13,0.7925966757739279
IRN_KAZEROON,2026-06-14,0.7791046864466952
IRN_KAZEROON,2026-06-15,0.7551071723241866
IRN_KAZEROON,2026-06-16,0.7598173191784052
IRN_KAZEROON,2026-06-17,0.8119123856224179
IRN_KAZEROON,2026-06-18,0.8197793335379321
IRN_KAZEROON,2026-06-19,0.8745330718221683
IRN_KAZEROON,2026-06-21,0.9305922165142123
IRN_KAZEROON,2026-06-23,0.9423806385128025
IRN_KAZEROON,2026-06-24,0.9810149361885034
IRN_KAZEROON,2026-06-25,0.9625051254628204
IRN_KAZEROON,2026-06-26,0.931814381676233
IRN_KAZEROON,2026-06-27,0.9587635183828791
IRN_KAZEROON,2026-06-28,0.953882341584891
IRN_KAZEROON,2026-06-29,1.0201860380421206
IRN_KAZEROON,2026-06-30,1.0055169844036511
IRN_KAZEROON,2026-07-01,0.9740285274981354
IRN_KAZEROON,2026-07-02,0.9658074341347502
IRN_KAZEROON,2026-07-03,0.976436849903956
IRN_KAZEROON,2026-07-04,1.037712699795097
IRN_KAZEROON,2026-07-05,1.0617424880258837
IRN_KAZEROON,2026-07-06,1.067416988585882
IRN_KAZEROON,2026-07-07,1.0934063694754022
IRN_KAZEROON,2026-07-08,1.1454236222445044
IRN_KAZEROON,2026-07-09,1.1777410869961398
IRN_KAZEROON,2026-07-10,1.2251573965007796
IRN_KAZEROON,2026-07-11,1.265178804385938
IRN_KAZEROON,2026-07-12,1.2253983529264176
IRN_KAZEROON,2026-07-13,1.2108108516364957
IRN_KAZEROON,2026-07-14,1.2313701749416328
IRN_KAZEROON,2026-07-15,1.238306743941759
IRN_KAZEROON,2026-07-16,1.249386526661318
IRN_KAZEROON,2026-07-17,1.2026504169218495
IRN_KAZEROON,2026-07-18,1.218335762208578
IRN_KAZEROON,2026-07-20,1.1702568912523215
IRN_KAZEROON,2026-07-21,1.180075578854315
IRN_KAZEROON,2026-07-22,1.1796063587782144
IRN_KAZEROON,2026-07-23,1.1824033597500436
IRN_KAZEROON,2026-07-24,1.1675175223324148
IRN_KAZEROON,2026-07-25,1.1952767447815036
IRN_KAZEROON,2026-07-28,1.1554936940774945
IRN_KAZEROON,2026-07-30,1.1029299381512419
IRN_KAZEROON,2026-07-31,1.1358969858016001
IRN_KAZEROON,2026-08-01,1.1575102370139916
IRN_KAZEROON,2026-08-03,1.1065946117850802
IRN_KAZEROON,2026-08-13,0.9617539651553451
IRN_KAZEROON,2026-08-14,0.9643994028201596
IRN_KAZEROON,2026-08-15,1.063972540578651
IRN_KAZEROON,2026-08-17,1.114951317285802
IRN_KAZEROON,2026-08-18,1.0974743220297811
IRN_KAZEROON,2026-08-19,1.142710831315543
IRN_KAZEROON,2026-08-21,1.1180873688618407
IRN_KAZEROON,2026-08-22,1.1280939918147037
IRN_KAZEROON,2026-08-23,1.0716446574874312
IRN_KAZEROON,2026-08-24,0.9850673925410202
IRN_KAZEROON,2026-08-25,1.0045607463460706
IRN_KAZEROON,2026-08-26,0.9745332150047997
IRN_KAZEROON,2026-08-27,1.063483842987199
IRN_KAZEROON,2026-08-28,1.0956371092039443
IRN_KAZEROON,2026-08-30,1.1404439545315994
IRN_KAZEROON,2026-08-31,1.1771306687629046
IRN_KAZEROON,2026-09-01,1.1479898186531856
IRN_KAZEROON,2026-09-02,1.204308595197126
IRN_KAZEROON,2026-09-03,1.1883935911758332
IRN_KAZEROON,2026-09-04,1.2141690844328905
IRN_KAZEROON,2026-09-05,1.22185469737065
IRN_KAZEROON,2026-09-06,1.2388253069406012
IRN_KAZEROON,2026-09-07,1.2085956104970954
IRN_KAZEROON,2026-09-08,1.1779680700045116
IRN_KAZEROON,2026-09-09,1.1572594461316041
IRN_KAZEROON,2026-09-10,1.138055621613316
IRN_KERMAN,2025-01-06,
IRN_KERMAN,2025-01-10,
IRN_KERMAN,2025-01-19,
IRN_KERMAN,2025-01-21,
IRN_KERMAN,2025-01-31,
IRN_KERMAN,2025-02-03,
IRN_KERMAN,2025-02-10,
IRN_KERMAN,2025-02-21,
IRN_KERMAN,2025-02-28,
IRN_KERMAN,2025-03-01,
IRN_KERMAN,2025-03-03,
IRN_KERMAN,2025-03-11,
IRN_KERMAN,2025-03-12,
IRN_KERMAN,2025-03-19,
IRN_KERMAN,2025-03-26,
IRN_KERMAN,2025-03-27,0.8135997585672547
IRN_KERMAN,2025-03-28,0.7941921541721072
IRN_KERMAN,2025-03-29,0.8266368317751173
IRN_KERMAN,2025-04-01,0.7849285352998149
IRN_KERMAN,2025-04-08,0.7340014919091699
IRN_KERMAN,2025-04-10,0.7928333268917315
IRN_KERMAN,2025-04-15,0.8684536218522212
IRN_KERMAN,2025-04-17,0.8943956519628818
IRN_KERMAN,2025-04-18,0.9309963322720621
IRN_KERMAN,2025-04-19,0.9776694763250817
IRN_KERMAN,2025-04-20,1.0600241872150062
IRN_KERMAN,2025-04-21,1.078759882005882
IRN_KERMAN,2025-04-23,1.0878537855884862
IRN_KERMAN,2025-04-25,1.1134696071699695
IRN_KERMAN,2025-04-29,1.158131060087673
IRN_KERMAN,2025-05-01,1.2148454834559133
IRN_KERMAN,2025-05-04,1.2110293218580228
IRN_KERMAN,2025-05-06,1.2325737654294253
IRN_KERMAN,2025-05-07,1.2434253571642109
IRN_KERMAN,2025-05-08,1.2772073025485728
IRN_KERMAN,2025-05-13,1.2934261995158345
IRN_KERMAN,2025-05-14,1.2730196155547373
IRN_KERMAN,2025-05-16,1.260225500103724
IRN_KERMAN,2025-05-19,1.1925937961360389
IRN_KERMAN,2025-05-20,1.1136795318517878
IRN_KERMAN,2025-05-22,1.09166096608033
IRN_KERMAN,2025-05-24,1.0704454489704849
IRN_KERMAN,2025-05-25,1.032751603088155
IRN_KERMAN,2025-05-26,1.050845041417133
IRN_KERMAN,2025-05-28,0.9877204273842725
IRN_KERMAN,2025-05-30,0.9364144046471494
IRN_KERMAN,2025-05-31,0.9443195970004394
IRN_KERMAN,2025-06-01,0.9212281788365446
IRN_KERMAN,2025-06-02,0.9110271803642043
IRN_KERMAN,2025-06-04,0.8584968176682634
IRN_KERMAN,2025-06-05,0.8111531317128664
IRN_KERMAN,2025-06-06,0.7653616928004596
IRN_KERMAN,2025-06-08,0.696013385519271
IRN_KERMAN,2025-06-10,0.7125994325174869
IRN_KERMAN,2025-06-14,0.6479526349317208
IRN_KERMAN,2025-06-15,0.608119496656343
IRN_KERMAN,2025-06-16,0.5967381740334257
IRN_KERMAN,2025-06-18,0.6141456439262555
IRN_KERMAN,2025-06-19,0.6053053942254726
IRN_KERMAN,2025-06-21,0.5630618793389347
IRN_KERMAN,2025-06-22,0.5889448322934341
IRN_KERMAN,2025-06-28,0.588008046288758
IRN_KERMAN,2025-06-29,0.5959434821393765
IRN_KERMAN,2025-06-30,0.5502909960400698
IRN_KERMAN,2025-07-03,0.5619629562313408
IRN_KERMAN,2025-07-04,0.6302420171907531
IRN_KERMAN,2025-07-06,0.6164407441712304
IRN_KERMAN,2025-07-07,0.6498991390231688
IRN_KERMAN,2025-07-08,0.6811720198786364
IRN_KERMAN,2025-07-14,0.6851333147451937
IRN_KERMAN,2025-07-16,0.7144092046258107
IRN_KERMAN,2025-07-17,0.7260949974177139
IRN_KERMAN,2025-07-18,0.7228643562060246
IRN_KERMAN,2025-07-19,0.7760104974573916
IRN_KERMAN,2025-07-20,0.7750832837907825
IRN_KERMAN,2025-07-21,0.7834000081477435
IRN_KERMAN,2025-07-22,0.8516558509337625
IRN_KERMAN,2025-07-25,0.9102864484515955
IRN_KERMAN,2025-07-26,0.8995769145253144
IRN_KERMAN,2025-07-27,0.8883404019608637
IRN_KERMAN,2025-07-28,0.9342914691317079
IRN_KERMAN,2025-07-29,0.9547933992370319
IRN_KERMAN,2025-07-30,0.9789372450537716
IRN_KERMAN,2025-08-04,0.987006742808777
IRN_KERMAN,2025-08-05,0.9915226173790193
IRN_KERMAN,2025-08-07,0.9664274358226538
IRN_KERMAN,2025-08-08,0.9903381443385206
IRN_KERMAN,2025-08-09,0.9609410453564203
IRN_KERMAN,2025-08-10,0.9667498447193126
IRN_KERMAN,2025-08-11,0.9305018362233348
IRN_KERMAN,2025-08-12,0.9003494108236957
IRN_KERMAN,2025-08-13,0.920690467765504
IRN_KERMAN,2025-08-14,0.9527873636704519
IRN_KERMAN,2025-08-15,0.9932558730972356
IRN_KERMAN,2025-08-16,1.0089250346499
IRN_KERMAN,2025-08-17,1.0218582789400552
IRN_KERMAN,2025-08-18,0.9972523631609728
IRN_KERMAN,2025-08-19,1.015720188964509
IRN_KERMAN,2025-08-21,1.0767910019616833
IRN_KERMAN,2025-08-22,1.0498103764245343
IRN_KERMAN,2025-08-23,1.0317722883629077
IRN_KERMAN,2025-08-25,0.9948193734955034
IRN_KERMAN,2025-08-26,1.0584216120113497
IRN_KERMAN,2025-08-29,1.0355828085123298
IRN_KERMAN,2025-08-30,1.0351869219159553
IRN_KERMAN,2025-08-31,1.0397055465473022
IRN_KERMAN,2025-09-01,1.0180926014068918
IRN_KERMAN,2025-09-02,1.0201127080923749
IRN_KERMAN,2025-09-06,1.037781123490027
IRN_KERMAN,2025-09-07,1.0220097909756654
IRN_KERMAN,2025-09-08,1.0359987542232296
IRN_KERMAN,2025-09-11,1.1585311033840957
IRN_KERMAN,2025-09-12,1.173702485546507
IRN_KERMAN,2025-09-14,1.1668073609299876
IRN_KERMAN,2025-09-15,1.2067675511186426
IRN_KERMAN,2025-09-17,1.2333961789902161
IRN_KERMAN,2025-09-19,1.2795677565190902
IRN_KERMAN,2025-09-20,1.1945373632159229
IRN_KERMAN,2025-09-22,1.321840472619188
IRN_KERMAN,2025-09-23,1.3012159007816249
IRN_KERMAN,2025-09-24,1.3727160394180358
IRN_KERMAN,2025-09-26,1.3243236322136167
IRN_KERMAN,2025-09-28,1.3484005039038627
IRN_KERMAN,2025-09-29,1.346849028409645
IRN_KERMAN,2025-10-03,1.4265981126384166
IRN_KERMAN,2025-10-04,1.4818966887733387
IRN_KERMAN,2025-10-05,1.4704134581688795
IRN_KERMAN,2025-10-06,1.4685223861966445
IRN_KERMAN,2025-10-07,1.4704996120002842
IRN_KERMAN,2025-10-08,1.4761847845309934
IRN_KERMAN,2025-10-09,1.4322385959455135
IRN_KERMAN,2025-10-10,1.4518103801419706
IRN_KERMAN,2025-10-14,1.3688837376021796
IRN_KERMAN,2025-10-20,1.241662355711331
IRN_KERMAN,2025-10-26,1.1120068739295244
IRN_KERMAN,2025-11-01,1.0690082474417102
IRN_KERMAN,2025-11-03,0.9430175455755411
IRN_KERMAN,2025-11-17,
IRN_KERMAN,2025-11-18,
IRN_KERMAN,2025-11-21,
IRN_KERMAN,2025-11-22,
IRN_KERMAN,2025-11-23,1.5234214273564786
IRN_KERMAN,2025-11-27,1.6130081648150192
IRN_KERMAN,2025-12-04,
IRN_KERMAN,2025-12-06,1.5414885138778414
IRN_KERMAN,2025-12-12,1.429583794880996
IRN_KERMAN,2025-12-14,1.353006416572596
IRN_KERMAN,2025-12-24,
IRN_KERMAN,2025-12-30,
IRN_KERMAN,2026-01-02,
IRN_KERMAN,2026-01-04,
IRN_KERMAN,2026-01-07,
IRN_KERMAN,2026-01-18,
IRN_KERMAN,2026-01-20,
IRN_KERMAN,2026-01-22,0.6280612817806293
IRN_KERMAN,2026-01-24,0.7250384233240114
IRN_KERMAN,2026-01-30,0.7146120507458282
IRN_KERMAN,2026-01-31,0.7005293006145432
IRN_KERMAN,2026-02-01,0.7871605958701149
IRN_KERMAN,2026-02-09,0.5689934401230841
IRN_KERMAN,2026-02-14,0.6597932933711884
IRN_KERMAN,2026-02-22,
IRN_KERMAN,2026-02-23,
IRN_KERMAN,2026-02-27,0.972205122829082
IRN_KERMAN,2026-02-28,0.9234188503351015
IRN_KERMAN,2026-03-06,
IRN_KERMAN,2026-03-11,
IRN_KERMAN,2026-03-14,0.9550958826967287
IRN_KERMAN,2026-03-15,0.9102330982861141
IRN_KERMAN,2026-03-18,0.8235308684090218
IRN_KERMAN,2026-03-19,0.7888045305132527
IRN_KERMAN,2026-03-21,0.7495652678947302
IRN_KERMAN,2026-03-22,0.7261587212339305
IRN_KERMAN,2026-03-28,0.6010549017602781
IRN_KERMAN,2026-03-29,0.4754236158934018
IRN_KERMAN,2026-03-30,0.44504951632115797
IRN_KERMAN,2026-04-05,0.461182915278069
IRN_KERMAN,2026-04-06,0.441524293894684
IRN_KERMAN,2026-04-07,0.47317223301783723
IRN_KERMAN,2026-04-08,0.4531259368758228
IRN_KERMAN,2026-04-10,0.4064223417705346
IRN_KERMAN,2026-04-13,0.42636338003164914
IRN_KERMAN,2026-04-18,0.45899332399555465
IRN_KERMAN,2026-04-27,0.4982317124205869
IRN_KERMAN,2026-04-29,0.5478486450478075
IRN_KERMAN,2026-04-30,0.5377048269794614
IRN_KERMAN,2026-05-01,0.5145033724727582
IRN_KERMAN,2026-05-02,0.519812568040643
IRN_KERMAN,2026-05-03,0.5208685496746649
IRN_KERMAN,2026-05-04,0.5262209746348593
IRN_KERMAN,2026-05-05,0.5805641691773236
IRN_KERMAN,2026-05-06,0.611395414738694
IRN_KERMAN,2026-05-10,0.6655376697077203
IRN_KERMAN,2026-05-11,0.6839806851383272
IRN_KERMAN,2026-05-12,0.7007266155134163
IRN_KERMAN,2026-05-14,0.7141419285529957
IRN_KERMAN,2026-05-15,0.6701136490556359
IRN_KERMAN,2026-05-16,0.6746056503170162
IRN_KERMAN,2026-05-18,0.6254702347248594
IRN_KERMAN,2026-05-19,0.6218247696093968
IRN_KERMAN,2026-05-21,0.6429227513544817
IRN_KERMAN,2026-05-23,0.642937770202384
IRN_KERMAN,2026-05-24,0.7130582514688482
IRN_KERMAN,2026-05-25,0.7114830582338115
IRN_KERMAN,2026-05-26,0.7019753099740325
IRN_KERMAN,2026-05-28,0.7591958634367294
IRN_KERMAN,2026-05-30,0.7898909501427293
IRN_KERMAN,2026-05-31,0.8067967329051604
IRN_KERMAN,2026-06-01,0.8208103151408886
IRN_KERMAN,2026-06-02,0.8347930606240281
IRN_KERMAN,2026-06-03,0.9230211199231801
IRN_KERMAN,2026-06-04,0.9094848292457539
IRN_KERMAN,2026-06-05,0.9894135567442387
IRN_KERMAN,2026-06-07,0.9795157199983148
IRN_KERMAN,2026-06-08,0.9903377950804062
IRN_KERMAN,2026-06-11,0.9947986100599702
IRN_KERMAN,2026-06-14,1.0414965532127076
IRN_KERMAN,2026-06-15,1.0358002460804179
IRN_KERMAN,2026-06-16,1.043883633480414
IRN_KERMAN,2026-06-19,1.153171630154273
IRN_KERMAN,2026-06-21,1.1444670386019455
IRN_KERMAN,2026-06-23,1.1668929860823203
IRN_KERMAN,2026-06-24,1.2047486443154822
IRN_KERMAN,2026-06-26,1.197888597000277
IRN_KERMAN,2026-06-27,1.184215154890679
IRN_KERMAN,2026-06-29,1.2165121630523255
IRN_KERMAN,2026-07-01,1.2858535820024188
IRN_KERMAN,2026-07-02,1.2886386458237162
IRN_KERMAN,2026-07-03,1.2284649136548491
IRN_KERMAN,2026-07-04,1.2559425023619681
IRN_KERMAN,2026-07-05,1.2162346077897972
IRN_KERMAN,2026-07-06,1.2981367732914724
IRN_KERMAN,2026-07-07,1.332089718520556
IRN_KERMAN,2026-07-08,1.321825248478569
IRN_KERMAN,2026-07-09,1.2757883020840295
IRN_KERMAN,2026-07-10,1.2496680565822103
IRN_KERMAN,2026-07-11,1.2541157787493096
IRN_KERMAN,2026-07-12,1.2293688612647478
IRN_KERMAN,2026-07-13,1.1982388703280176
IRN_KERMAN,2026-07-14,1.214399952733602
IRN_KERMAN,2026-07-15,1.2686338853571042
IRN_KERMAN,2026-07-16,1.3191083424969547
IRN_KERMAN,2026-07-17,1.3109577880570213
IRN_KERMAN,2026-07-18,1.2775699442004966
IRN_KERMAN,2026-07-19,1.215226041286137
IRN_KERMAN,2026-07-20,1.2006929846336916
IRN_KERMAN,2026-07-21,1.2026172999980873
IRN_KERMAN,2026-07-22,1.2122677498183465
IRN_KERMAN,2026-07-23,1.1847167317633098
IRN_KERMAN,2026-07-27,1.1770354750479282
IRN_KERMAN,2026-07-28,1.1720745795412282
IRN_KERMAN,2026-07-29,1.1723967917608908
IRN_KERMAN,2026-07-31,1.1529296828626103
IRN_KERMAN,2026-08-01,1.1637256717481312
IRN_KERMAN,2026-08-03,1.144818354395409
IRN_KERMAN,2026-08-05,1.0474773111640039
IRN_KERMAN,2026-08-06,1.0836671082189413
IRN_KERMAN,2026-08-09,1.113269439000886
IRN_KERMAN,2026-08-10,1.1133167931586188
IRN_KERMAN,2026-08-11,1.1429913379697922
IRN_KERMAN,2026-08-15,1.065551490717154
IRN_KERMAN,2026-08-16,1.0668283093288706
IRN_KERMAN,2026-08-17,1.162202994423081
IRN_KERMAN,2026-08-18,1.1703592036603638
IRN_KERMAN,2026-08-19,1.148728782210653
IRN_KERMAN,2026-08-22,1.178416087813444
IRN_KERMAN,2026-08-23,1.172844950589488
IRN_KERMAN,2026-08-27,1.1807519325570706
IRN_KERMAN,2026-08-28,1.1559125410307463
IRN_KERMAN,2026-08-29,1.150763825167482
IRN_KERMAN,2026-08-30,1.1458051673074132
IRN_KERMAN,2026-08-31,1.1446392497856521
IRN_KERMAN,2026-09-01,1.1662629506359583
IRN_KERMAN,2026-09-02,1.221463279155543
IRN_KERMAN,2026-09-04,1.2245379785091004
IRN_KERMAN,2026-09-05,1.1707633711250025
IRN_KERMAN,2026-09-07,1.2562151162336446
IRN_KERMAN,2026-09-08,1.3534474269229446
IRN_KERMAN,2026-09-09,1.4371010918304286
IRN_MONTAZERI,2025-01-04,
IRN_MONTAZERI,2025-01-13,
IRN_MONTAZERI,2025-01-20,
IRN_MONTAZERI,2025-01-21,
IRN_MONTAZERI,2025-01-24,
IRN_MONTAZERI,2025-02-01,
IRN_MONTAZERI,2025-02-02,
IRN_MONTAZERI,2025-02-05,
IRN_MONTAZERI,2025-02-10,1.3060164645968413
IRN_MONTAZERI,2025-02-14,1.290089524852655
IRN_MONTAZERI,2025-02-15,1.2657659196576772
IRN_MONTAZERI,2025-02-16,1.2241221223702978
IRN_MONTAZERI,2025-02-19,1.063041710604224
IRN_MONTAZERI,2025-02-21,0.9989854150200147
IRN_MONTAZERI,2025-02-25,0.9441380981977165
IRN_MONTAZERI,2025-02-27,0.9684007382873542
IRN_MONTAZERI,2025-02-28,0.8981595613755461
IRN_MONTAZERI,2025-03-01,0.9075929683083064
IRN_MONTAZERI,2025-03-03,0.8275337532834004
IRN_MONTAZERI,2025-03-10,0.7631999635841585
IRN_MONTAZERI,2025-03-13,0.8327504153855035
IRN_MONTAZERI,2025-03-14,0.8719562671971286
IRN_MONTAZERI,2025-03-15,0.9645460335675088
IRN_MONTAZERI,2025-03-18,0.9307744767425685
IRN_MONTAZERI,2025-03-19,0.8451628428519947
IRN_MONTAZERI,2025-03-23,0.919625899412916
IRN_MONTAZERI,2025-03-24,0.85833157699963
IRN_MONTAZERI,2025-03-25,0.8164399431825735
IRN_MONTAZERI,2025-03-26,0.7976519241040718
IRN_MONTAZERI,2025-03-27,0.7861791366652324
IRN_MONTAZERI,2025-03-28,0.7579217824416494
IRN_MONTAZERI,2025-03-29,0.6827673212284919
IRN_MONTAZERI,2025-04-01,0.6822888235947562
IRN_MONTAZERI,2025-04-08,0.6693842864343388
IRN_MONTAZERI,2025-04-09,0.5853793354682322
IRN_MONTAZERI,2025-04-10,0.5843255447082335
IRN_MONTAZERI,2025-04-13,0.537267906075206
IRN_MONTAZERI,2025-04-14,0.43005906423900747
IRN_MONTAZERI,2025-04-18,0.4800211986739387
IRN_MONTAZERI,2025-04-19,0.5491099622451276
IRN_MONTAZERI,2025-04-20,0.6091588636925535
IRN_MONTAZERI,2025-04-21,0.6881278349740202
IRN_MONTAZERI,2025-04-23,0.6987960636793097
IRN_MONTAZERI,2025-04-24,0.7557974413375397
IRN_MONTAZERI,2025-04-25,0.78751508158471
IRN_MONTAZERI,2025-05-09,1.0528017077630218
IRN_MONTAZERI,2025-05-10,1.1540255200834124
IRN_MONTAZERI,2025-05-12,1.1135547303328697
IRN_MONTAZERI,2025-05-13,1.0143266792569743
IRN_MONTAZERI,2025-05-14,1.0136701564033253
IRN_MONTAZERI,2025-05-15,0.9898404771965702
IRN_MONTAZERI,2025-05-16,0.9418799403745611
IRN_MONTAZERI,2025-05-17,0.9777184895726856
IRN_MONTAZERI,2025-05-18,1.026949960363389
IRN_MONTAZERI,2025-05-23,0.9413810572646817
IRN_MONTAZERI,2025-05-24,0.9108657663756494
IRN_MONTAZERI,2025-05-25,0.9002839264637172
IRN_MONTAZERI,2025-05-27,0.8789263948558041
IRN_MONTAZERI,2025-05-30,0.8406166457533967
IRN_MONTAZERI,2025-06-01,0.8270735366992314
IRN_MONTAZERI,2025-06-02,0.8469960223753912
IRN_MONTAZERI,2025-06-03,0.9048650537469143
IRN_MONTAZERI,2025-06-04,0.8961721606284458
IRN_MONTAZERI,2025-06-05,0.9010262077010157
IRN_MONTAZERI,2025-06-06,0.8675872556436106
IRN_MONTAZERI,2025-06-07,0.8390672098550341
IRN_MONTAZERI,2025-06-11,0.8233518166446491
IRN_MONTAZERI,2025-06-12,0.8221023462595108
IRN_MONTAZERI,2025-06-16,0.8361522425590897
IRN_MONTAZERI,2025-06-17,0.8544644277425579
IRN_MONTAZERI,2025-06-19,0.882808112401336
IRN_MONTAZERI,2025-06-20,0.8615609440923161
IRN_MONTAZERI,2025-06-21,0.8698924515387472
IRN_MONTAZERI,2025-06-22,0.8396322299177403
IRN_MONTAZERI,2025-06-23,0.8127693731420579
IRN_MONTAZERI,2025-06-24,0.7606425079799967
IRN_MONTAZERI,2025-06-25,0.7761295947065869
IRN_MONTAZERI,2025-06-26,0.8022755604589653
IRN_MONTAZERI,2025-06-27,0.806767116107455
IRN_MONTAZERI,2025-06-28,0.802424810566238
IRN_MONTAZERI,2025-06-29,0.8296528212513992
IRN_MONTAZERI,2025-06-30,0.7998440194154901
IRN_MONTAZERI,2025-07-01,0.7998697780319463
IRN_MONTAZERI,2025-07-02,0.7809371891780315
IRN_MONTAZERI,2025-07-03,0.7193885892485403
IRN_MONTAZERI,2025-07-04,0.6999396889181154
IRN_MONTAZERI,2025-07-05,0.6900526809159134
IRN_MONTAZERI,2025-07-06,0.7215281206597264
IRN_MONTAZERI,2025-07-07,0.7510011320087507
IRN_MONTAZERI,2025-07-08,0.7545027128234003
IRN_MONTAZERI,2025-07-09,0.7399309425471138
IRN_MONTAZERI,2025-07-11,0.721070808115012
IRN_MONTAZERI,2025-07-12,0.7450524498114355
IRN_MONTAZERI,2025-07-13,0.7559919361753861
IRN_MONTAZERI,2025-07-14,0.7485313979054117
IRN_MONTAZERI,2025-07-15,0.7499069213022967
IRN_MONTAZERI,2025-07-16,0.7612500070103785
IRN_MONTAZERI,2025-07-17,0.7328778374131965
IRN_MONTAZERI,2025-07-18,0.7313920280880658
IRN_MONTAZERI,2025-07-19,0.708926695118941
IRN_MONTAZERI,2025-07-20,0.7109050256642241
IRN_MONTAZERI,2025-07-21,0.7107771486634591
IRN_MONTAZERI,2025-07-22,0.7511097675425291
IRN_MONTAZERI,2025-07-23,0.8134537964357055
IRN_MONTAZERI,2025-07-24,0.8566147180570131
IRN_MONTAZERI,2025-07-25,0.8366564177993574
IRN_MONTAZERI,2025-07-26,0.8134711075824114
IRN_MONTAZERI,2025-07-27,0.8173430539580909
IRN_MONTAZERI,2025-07-31,0.848192443939939
IRN_MONTAZERI,2025-08-01,0.8507926050272603
IRN_MONTAZERI,2025-08-02,0.8897120256529599
IRN_MONTAZERI,2025-08-03,0.9580655778744063
IRN_MONTAZERI,2025-08-04,0.9662965459479472
IRN_MONTAZERI,2025-08-05,0.945920983784672
IRN_MONTAZERI,2025-08-10,0.9879059143459507
IRN_MONTAZERI,2025-08-11,0.9800343131243544
IRN_MONTAZERI,2025-08-12,1.0012516088218768
IRN_MONTAZERI,2025-08-13,1.0270553949010153
IRN_MONTAZERI,2025-08-14,1.017762570583704
IRN_MONTAZERI,2025-08-15,0.9891144597829509
IRN_MONTAZERI,2025-08-16,0.9447000998021318
IRN_MONTAZERI,2025-08-17,0.9516613581124664
IRN_MONTAZERI,2025-08-18,0.9989630004724933
IRN_MONTAZERI,2025-08-19,1.0585573550032579
IRN_MONTAZERI,2025-08-20,1.065247648018572
IRN_MONTAZERI,2025-08-22,1.0252736634822022
IRN_MONTAZERI,2025-08-23,1.0263352973153355
IRN_MONTAZERI,2025-08-24,1.0622684871489765
IRN_MONTAZERI,2025-08-25,1.1018450542108154
IRN_MONTAZERI,2025-08-26,1.1181176162947108
IRN_MONTAZERI,2025-08-27,1.1165742394592013
IRN_MONTAZERI,2025-08-28,1.1262724982155612
IRN_MONTAZERI,2025-08-29,1.1028210234495122
IRN_MONTAZERI,2025-08-30,1.0996066163092817
IRN_MONTAZERI,2025-08-31,1.088805896658875
IRN_MONTAZERI,2025-09-01,1.0750945530238523
IRN_MONTAZERI,2025-09-02,1.0598785701346491
IRN_MONTAZERI,2025-09-03,1.1145235650723604
IRN_MONTAZERI,2025-09-04,1.1673219480429775
IRN_MONTAZERI,2025-09-07,1.174063172856902
IRN_MONTAZERI,2025-09-08,1.1923139267719767
IRN_MONTAZERI,2025-09-09,1.2066306770952078
IRN_MONTAZERI,2025-09-10,1.2011771879251625
IRN_MONTAZERI,2025-09-11,1.1558220536854946
IRN_MONTAZERI,2025-09-12,1.1214736208239167
IRN_MONTAZERI,2025-09-13,1.1973127926135168
IRN_MONTAZERI,2025-09-14,1.2310580300947314
IRN_MONTAZERI,2025-09-16,1.2848773203645791
IRN_MONTAZERI,2025-09-17,1.233400364155629
IRN_MONTAZERI,2025-09-18,1.1800608086886222
IRN_MONTAZERI,2025-09-19,1.1854631254265524
IRN_MONTAZERI,2025-09-22,1.136687765046946
IRN_MONTAZERI,2025-09-25,1.1540627275309192
IRN_MONTAZERI,2025-09-26,1.1638210698391556
IRN_MONTAZERI,2025-09-27,1.1562917945918998
IRN_MONTAZERI,2025-09-28,1.1638686889789178
IRN_MONTAZERI,2025-09-29,1.2440110640283053
IRN_MONTAZERI,2025-09-30,1.2930967805788707
IRN_MONTAZERI,2025-10-01,1.2640117073204162
IRN_MONTAZERI,2025-10-02,1.244202063759636
IRN_MONTAZERI,2025-10-03,1.1906163133222547
IRN_MONTAZERI,2025-10-05,1.226057576717706
IRN_MONTAZERI,2025-10-06,1.2359869019143948
IRN_MONTAZERI,2025-10-11,1.312493260538751
IRN_MONTAZERI,2025-10-12,1.3703727191721895
IRN_MONTAZERI,2025-10-15,1.3364357597646848
IRN_MONTAZERI,2025-10-16,1.319666937908267
IRN_MONTAZERI,2025-10-18,1.3510902318955316
IRN_MONTAZERI,2025-10-19,1.2929584586139562
IRN_MONTAZERI,2025-10-20,1.2911746678615588
IRN_MONTAZERI,2025-10-21,1.3086991158357342
IRN_MONTAZERI,2025-10-22,1.3569008057980645
IRN_MONTAZERI,2025-10-24,1.3069090832877734
IRN_MONTAZERI,2025-10-25,1.238556201037837
IRN_MONTAZERI,2025-10-26,1.2948407851010677
IRN_MONTAZERI,2025-10-27,1.2504451358257587
IRN_MONTAZERI,2025-10-29,1.2031393925070464
IRN_MONTAZERI,2025-10-30,1.151591182249867
IRN_MONTAZERI,2025-10-31,1.1736940009690964
IRN_MONTAZERI,2025-11-01,1.182020066188921
IRN_MONTAZERI,2025-11-02,1.1110772248266652
IRN_MONTAZERI,2025-11-03,1.0812738762949519
IRN_MONTAZERI,2025-11-04,1.0531362063410978
IRN_MONTAZERI,2025-11-05,1.0703272016902112
IRN_MONTAZERI,2025-11-06,1.1073827722104115
IRN_MONTAZERI,2025-11-07,1.151744707684553
IRN_MONTAZERI,2025-11-10,1.132567783028593
IRN_MONTAZERI,2025-11-11,1.107342415384043
IRN_MONTAZERI,2025-11-12,1.1325607977079901
IRN_MONTAZERI,2025-11-14,1.077104959488957
IRN_MONTAZERI,2025-11-17,1.1326375862318128
IRN_MONTAZERI,2025-12-10,
IRN_MONTAZERI,2025-12-13,
IRN_MONTAZERI,2025-12-14,
IRN_MONTAZERI,2025-12-29,
IRN_MONTAZERI,2026-01-02,
IRN_MONTAZERI,2026-01-09,
IRN_MONTAZERI,2026-01-24,
IRN_MONTAZERI,2026-01-28,
IRN_MONTAZERI,2026-01-29,
IRN_MONTAZERI,2026-01-30,
IRN_MONTAZERI,2026-01-31,
IRN_MONTAZERI,2026-02-01,
IRN_MONTAZERI,2026-02-02,0.8623434762559727
IRN_MONTAZERI,2026-02-05,0.8256059714199044
IRN_MONTAZERI,2026-02-10,0.9718195409181339
IRN_MONTAZERI,2026-02-13,0.9344699725286084
IRN_MONTAZERI,2026-02-14,1.0258028429407375
IRN_MONTAZERI,2026-02-16,1.0284179540891876
IRN_MONTAZERI,2026-02-19,1.146328198753036
IRN_MONTAZERI,2026-02-20,1.0950851539889874
IRN_MONTAZERI,2026-02-21,1.153377901790198
IRN_MONTAZERI,2026-02-23,0.9663305557356768
IRN_MONTAZERI,2026-02-25,0.9643314556552253
IRN_MONTAZERI,2026-02-26,0.976903301077237
IRN_MONTAZERI,2026-02-27,1.0101577167610818
IRN_MONTAZERI,2026-03-05,1.1507149361871687
IRN_MONTAZERI,2026-03-06,1.0887339630996276
IRN_MONTAZERI,2026-03-07,1.107243710399313
IRN_MONTAZERI,2026-03-11,1.0953724687146242
IRN_MONTAZERI,2026-03-17,1.054871499378736
IRN_MONTAZERI,2026-03-29,
IRN_MONTAZERI,2026-04-01,
IRN_MONTAZERI,2026-04-03,0.6629287987698622
IRN_MONTAZERI,2026-04-06,
IRN_MONTAZERI,2026-04-10,
IRN_MONTAZERI,2026-04-11,
IRN_MONTAZERI,2026-04-14,0.6403860990715584
IRN_MONTAZERI,2026-04-15,0.6853338878213315
IRN_MONTAZERI,2026-04-18,0.5412676945493856
IRN_MONTAZERI,2026-04-22,0.5424973292873853
IRN_MONTAZERI,2026-04-23,0.5427398942629108
IRN_MONTAZERI,2026-04-28,0.5694018172565918
IRN_MONTAZERI,2026-05-01,0.6567553140862091
IRN_MONTAZERI,2026-05-02,0.6470400737722989
IRN_MONTAZERI,2026-05-03,0.705348918915337
IRN_MONTAZERI,2026-05-04,0.6907282569576932
IRN_MONTAZERI,2026-05-10,0.74193841009071
IRN_MONTAZERI,2026-05-12,0.7324858109899591
IRN_MONTAZERI,2026-05-13,0.7354557257979418
IRN_MONTAZERI,2026-05-14,0.7320734236334091
IRN_MONTAZERI,2026-05-15,0.6634631133662261
IRN_MONTAZERI,2026-05-18,0.7403896173552369
IRN_MONTAZERI,2026-05-24,0.8709420926351146
IRN_MONTAZERI,2026-05-28,0.859803375096989
IRN_MONTAZERI,2026-06-02,0.7535408698658164
IRN_MONTAZERI,2026-06-03,0.8319471255347957
IRN_MONTAZERI,2026-06-04,0.7798876839927043
IRN_MONTAZERI,2026-06-05,0.7399769313166967
IRN_MONTAZERI,2026-06-06,0.7597325387226153
IRN_MONTAZERI,2026-06-07,0.7906875632288107
IRN_MONTAZERI,2026-06-08,0.8128960406427095
IRN_MONTAZERI,2026-06-11,0.7875528965485296
IRN_MONTAZERI,2026-06-12,0.8168506485410693
IRN_MONTAZERI,2026-06-13,0.8359213693086959
IRN_MONTAZERI,2026-06-14,0.9838747434470789
IRN_MONTAZERI,2026-06-15,0.9745559122522014
IRN_MONTAZERI,2026-06-16,0.9802392206104791
IRN_MONTAZERI,2026-06-17,1.0068122943657394
IRN_MONTAZERI,2026-06-18,1.0018822394415605
IRN_MONTAZERI,2026-06-19,1.0008523087485168
IRN_MONTAZERI,2026-06-21,0.9910367772871345
IRN_MONTAZERI,2026-06-23,0.9762677975509559
IRN_MONTAZERI,2026-06-24,0.963141908701302
IRN_MONTAZERI,2026-06-25,0.9833934879520967
IRN_MONTAZERI,2026-06-26,0.9599832665210837
IRN_MONTAZERI,2026-06-27,0.9475536753434615
IRN_MONTAZERI,2026-06-28,0.9574321830996604
IRN_MONTAZERI,2026-06-29,0.966513036167964
IRN_MONTAZERI,2026-06-30,0.967850547972918
IRN_MONTAZERI,2026-07-01,0.9603275602962629
IRN_MONTAZERI,2026-07-02,1.025304007438037
IRN_MONTAZERI,2026-07-03,1.027508161485477
IRN_MONTAZERI,2026-07-04,1.0748945345288894
IRN_MONTAZERI,2026-07-06,1.0963511176910434
IRN_MONTAZERI,2026-07-07,1.0699252499128475
IRN_MONTAZERI,2026-07-08,1.0569705697423442
IRN_MONTAZERI,2026-07-09,1.0699972651337184
IRN_MONTAZERI,2026-07-10,1.0850373841747984
IRN_MONTAZERI,2026-07-11,1.101904796531567
IRN_MONTAZERI,2026-07-12,1.1125213599474835
IRN_MONTAZERI,2026-07-13,1.1247327176693522
IRN_MONTAZERI,2026-07-14,1.0927478276851734
IRN_MONTAZERI,2026-07-15,1.1196626516723982
IRN_MONTAZERI,2026-07-16,1.115283025609578
IRN_MONTAZERI,2026-07-18,1.1363978302801596
IRN_MONTAZERI,2026-07-20,1.157652722636177
IRN_MONTAZERI,2026-07-21,1.165975126767738
IRN_MONTAZERI,2026-07-22,1.148221059420999
IRN_MONTAZERI,2026-07-23,1.114382112821942
IRN_MONTAZERI,2026-07-24,1.1328971395880882
IRN_MONTAZERI,2026-07-25,1.1302575988148231
IRN_MONTAZERI,2026-07-26,1.1732274370185414
IRN_MONTAZERI,2026-07-27,1.20703399919594
IRN_MONTAZERI,2026-07-28,1.1836193525554584
IRN_MONTAZERI,2026-07-29,1.1792119555699745
IRN_MONTAZERI,2026-07-30,1.1833876613451144
IRN_MONTAZERI,2026-07-31,1.1685925957892278
IRN_MONTAZERI,2026-08-01,1.1249827673313453
IRN_MONTAZERI,2026-08-04,1.0827108685941798
IRN_MONTAZERI,2026-08-05,1.1106222294185384
IRN_MONTAZERI,2026-08-06,1.1374277252017124
IRN_MONTAZERI,2026-08-07,1.127502340314046
IRN_MONTAZERI,2026-08-08,1.1048697455310827
IRN_MONTAZERI,2026-08-11,1.1064473131709205
IRN_MONTAZERI,2026-08-12,1.110785663811643
IRN_MONTAZERI,2026-08-16,1.1145799450540659
IRN_MONTAZERI,2026-08-17,1.1212098635429986
IRN_MONTAZERI,2026-08-18,1.1082784428926435
IRN_MONTAZERI,2026-08-19,1.0789457030953218
IRN_MONTAZERI,2026-08-21,1.1010947219194782
IRN_MONTAZERI,2026-08-24,1.1245405663438424
IRN_MONTAZERI,2026-08-25,1.1067253037915294
IRN_MONTAZERI,2026-08-26,1.1771187672767633
IRN_MONTAZERI,2026-08-30,1.2677769111757138
IRN_MONTAZERI,2026-08-31,1.3112636178084496
IRN_MONTAZERI,2026-09-01,1.3799369401057133
IRN_MONTAZERI,2026-09-02,1.3498518863475963
IRN_MONTAZERI,2026-09-03,1.378930029681436
IRN_MONTAZERI,2026-09-04,1.3888653731581033
IRN_MONTAZERI,2026-09-05,1.3826864677779456
IRN_MONTAZERI,2026-09-06,1.3959049804453056
IRN_MONTAZERI,2026-09-08,1.4147642278116024
IRN_MONTAZERI,2026-09-09,1.3547478225550436
IRN_NEKA,2025-01-03,
IRN_NEKA,2025-01-07,
IRN_NEKA,2025-01-08,
IRN_NEKA,2025-01-09,
IRN_NEKA,2025-01-11,
IRN_NEKA,2025-01-14,
IRN_NEKA,2025-01-18,
IRN_NEKA,2025-01-21,1.274085853119966
IRN_NEKA,2025-01-22,1.166580631578028
IRN_NEKA,2025-01-24,1.1222834398532262
IRN_NEKA,2025-01-29,1.0734744488618007
IRN_NEKA,2025-01-30,1.1141421580141773
IRN_NEKA,2025-01-31,1.1123836042446418
IRN_NEKA,2025-02-03,1.1289119250035995
IRN_NEKA,2025-02-04,1.1387943607222957
IRN_NEKA,2025-02-12,0.8335584471726694
IRN_NEKA,2025-02-14,0.8541579206936337
IRN_NEKA,2025-02-15,0.8072642466890901
IRN_NEKA,2025-02-16,0.7719827199005399
IRN_NEKA,2025-02-18,0.6817920115075923
IRN_NEKA,2025-02-19,0.6969121576178149
IRN_NEKA,2025-02-26,0.7943618834036316
IRN_NEKA,2025-02-28,0.7823368326576526
IRN_NEKA,2025-03-10,0.5873749263357352
IRN_NEKA,2025-03-11,0.5604301577130824
IRN_NEKA,2025-03-12,0.5779943083236952
IRN_NEKA,2025-03-13,0.5724965387806299
IRN_NEKA,2025-03-14,0.5770419147032574
IRN_NEKA,2025-03-15,0.65803930026514
IRN_NEKA,2025-03-16,0.6685074805359308
IRN_NEKA,2025-03-17,0.6945372948785822
IRN_NEKA,2025-03-18,0.7514348848413768
IRN_NEKA,2025-03-19,0.7205569889765593
IRN_NEKA,2025-03-27,0.7057411932985183
IRN_NEKA,2025-03-29,0.6916430337566227
IRN_NEKA,2025-04-06,0.6900531381638811
IRN_NEKA,2025-04-20,
IRN_NEKA,2025-04-21,
IRN_NEKA,2025-04-22,
IRN_NEKA,2025-04-23,
IRN_NEKA,2025-04-24,0.6336440821348738
IRN_NEKA,2025-04-27,0.6694905347586898
IRN_NEKA,2025-05-02,0.6951067502309962
IRN_NEKA,2025-05-03,0.6730465714992999
IRN_NEKA,2025-05-08,0.6971664609121196
IRN_NEKA,2025-05-09,0.6829096458822074
IRN_NEKA,2025-05-11,0.6673261616864824
IRN_NEKA,2025-05-12,0.6833545226972508
IRN_NEKA,2025-05-18,0.6776830700557664
IRN_NEKA,2025-05-19,0.6485823610951398
IRN_NEKA,2025-05-26,0.609313843871707
IRN_NEKA,2025-05-27,0.6475774609299654
IRN_NEKA,2025-05-28,0.6788148720691354
IRN_NEKA,2025-05-29,0.662470250512074
IRN_NEKA,2025-05-30,0.6508431628574272
IRN_NEKA,2025-05-31,0.6674011025935533
IRN_NEKA,2025-06-01,0.7336457533177779
IRN_NEKA,2025-06-02,0.8635449817858316
IRN_NEKA,2025-06-03,0.8280177215290523
IRN_NEKA,2025-06-06,0.8212631753460593
IRN_NEKA,2025-06-09,0.8958122881448493
IRN_NEKA,2025-06-11,0.9784905642695243
IRN_NEKA,2025-06-12,0.9427952283920217
IRN_NEKA,2025-06-13,0.9176061694037718
IRN_NEKA,2025-06-14,0.9280624864793771
IRN_NEKA,2025-06-20,1.0069138526142485
IRN_NEKA,2025-06-21,0.9928703780449868
IRN_NEKA,2025-06-28,1.083037464686938
IRN_NEKA,2025-06-29,1.094661927712784
IRN_NEKA,2025-06-30,1.0658730958231453
IRN_NEKA,2025-07-01,0.9753412462750591
IRN_NEKA,2025-07-13,0.9015124267060256
IRN_NEKA,2025-07-14,0.8800385784490298
IRN_NEKA,2025-07-15,0.8861804250011294
IRN_NEKA,2025-07-18,0.8675262344738286
IRN_NEKA,2025-07-20,0.8608570349305875
IRN_NEKA,2025-07-21,0.8799526999929423
IRN_NEKA,2025-07-22,0.8764325047616207
IRN_NEKA,2025-07-23,0.8539264761727076
IRN_NEKA,2025-07-24,0.8383583795628652
IRN_NEKA,2025-07-26,0.8089167493063364
IRN_NEKA,2025-07-27,0.8479572670385446
IRN_NEKA,2025-07-28,0.8403273825352621
IRN_NEKA,2025-07-29,0.8340123087933441
IRN_NEKA,2025-07-31,0.9214897560189032
IRN_NEKA,2025-08-01,0.9531897557213924
IRN_NEKA,2025-08-02,0.9835827906690175
IRN_NEKA,2025-08-03,1.0146604047688055
IRN_NEKA,2025-08-04,1.015775020468223
IRN_NEKA,2025-08-05,1.0131374397445259
IRN_NEKA,2025-08-06,0.9982079085997626
IRN_NEKA,2025-08-07,0.9940463840301302
IRN_NEKA,2025-08-08,0.9955093489704834
IRN_NEKA,2025-08-18,1.0717083581993307
IRN_NEKA,2025-08-19,1.0852709831455518
IRN_NEKA,2025-08-22,1.0829053870486747
IRN_NEKA,2025-08-25,1.1907423485958062
IRN_NEKA,2025-08-26,1.151376266895992
IRN_NEKA,2025-08-27,1.0942843347897473
IRN_NEKA,2025-09-03,1.348810310878269
IRN_NEKA,2025-09-17,
IRN_NEKA,2025-09-18,
IRN_NEKA,2025-09-19,1.4269568136958497
IRN_NEKA,2025-09-21,1.4753458913749289
IRN_NEKA,2025-09-26,
IRN_NEKA,2025-09-27,
IRN_NEKA,2025-10-08,
IRN_NEKA,2025-10-09,0.9502224421056866
IRN_NEKA,2025-10-10,0.8887907276759094
IRN_NEKA,2025-10-13,0.8995747321041113
IRN_NEKA,2025-10-23,
IRN_NEKA,2025-10-24,0.8799491311328649
IRN_NEKA,2025-10-25,0.9002351792135445
IRN_NEKA,2025-10-26,0.9248525492759535
IRN_NEKA,2025-10-28,0.9597762675835914
IRN_NEKA,2025-10-29,1.009785867422487
IRN_NEKA,2025-11-01,1.0373037119045863
IRN_NEKA,2025-11-05,1.0993336452210594
IRN_NEKA,2025-11-06,1.097238716693428
IRN_NEKA,2025-11-07,1.2225872395276605
IRN_NEKA,2025-11-08,1.2412016856033754
IRN_NEKA,2025-11-09,1.2701646006020628
IRN_NEKA,2025-11-10,1.2522210810583776
IRN_NEKA,2025-11-11,1.2515809010245689
IRN_NEKA,2025-11-16,1.2754152370673864
IRN_NEKA,2025-11-18,1.3039744412169916
IRN_NEKA,2025-11-19,1.287452985268623
IRN_NEKA,2025-11-20,1.2931625104411957
IRN_NEKA,2025-11-21,1.2880120634409093
IRN_NEKA,2025-11-23,1.3277960343628523
IRN_NEKA,2025-11-28,1.3414308581776715
IRN_NEKA,2025-11-29,1.3004769161882572
IRN_NEKA,2025-12-05,1.2584402154596424
IRN_NEKA,2025-12-12,1.2394760956705966
IRN_NEKA,2025-12-13,1.196958396208757
IRN_NEKA,2025-12-15,1.1948760484765326
IRN_NEKA,2025-12-23,
IRN_NEKA,2026-01-01,
IRN_NEKA,2026-01-03,
IRN_NEKA,2026-01-04,
IRN_NEKA,2026-01-05,1.2391873067954562
IRN_NEKA,2026-01-06,1.3367120787341367
IRN_NEKA,2026-01-07,1.4973014511413427
IRN_NEKA,2026-01-11,1.4943003634147922
IRN_NEKA,2026-01-12,1.5134492037267313
IRN_NEKA,2026-01-16,1.4402447287606053
IRN_NEKA,2026-01-17,1.3465196525390712
IRN_NEKA,2026-01-18,1.4588822554886518
IRN_NEKA,2026-01-22,1.3137332233238153
IRN_NEKA,2026-01-24,1.2461157651527173
IRN_NEKA,2026-01-26,1.2127660312086836
IRN_NEKA,2026-01-28,1.1980444952349123
IRN_NEKA,2026-01-30,1.1670080669227847
IRN_NEKA,2026-01-31,1.0282407629831205
IRN_NEKA,2026-02-06,0.95914854002034
IRN_NEKA,2026-02-09,0.9596385051531171
IRN_NEKA,2026-02-16,1.0008011692378493
IRN_NEKA,2026-02-17,0.7827350486035705
IRN_NEKA,2026-02-18,0.7731577637475735
IRN_NEKA,2026-02-19,0.7259458914764302
IRN_NEKA,2026-02-21,0.7396706549589097
IRN_NEKA,2026-03-04,0.7599661616948516
IRN_NEKA,2026-03-06,0.7211569326863498
IRN_NEKA,2026-03-10,0.531506773967054
IRN_NEKA,2026-03-11,0.5213557907415808
IRN_NEKA,2026-03-14,0.5295318618774205
IRN_NEKA,2026-03-19,0.5404624159039224
IRN_NEKA,2026-03-26,
IRN_NEKA,2026-03-28,0.5031707304541432
IRN_NEKA,2026-03-30,0.48482958595637005
IRN_NEKA,2026-04-02,0.45805434971710524
IRN_NEKA,2026-04-07,0.446163112607509
IRN_NEKA,2026-04-13,
IRN_NEKA,2026-04-17,0.38480476046660683
IRN_NEKA,2026-04-18,0.3800011959487421
IRN_NEKA,2026-04-23,0.3788506065014757
IRN_NEKA,2026-04-24,0.4425439379548529
IRN_NEKA,2026-04-27,0.4713692668023314
IRN_NEKA,2026-05-04,0.5209717594124255
IRN_NEKA,2026-05-10,0.6045261954055599
IRN_NEKA,2026-05-11,0.6681559789953464
IRN_NEKA,2026-05-12,0.7238939757240199
IRN_NEKA,2026-05-14,0.7618085580465841
IRN_NEKA,2026-05-15,0.8117476684910485
IRN_NEKA,2026-05-18,0.907829897753331
IRN_NEKA,2026-05-19,0.9229688287012204
IRN_NEKA,2026-05-21,0.8886587727571938
IRN_NEKA,2026-05-25,0.872042145291579
IRN_NEKA,2026-05-27,0.9231037987140156
IRN_NEKA,2026-05-28,0.9568975491843341
IRN_NEKA,2026-05-31,0.976594454487365
IRN_NEKA,2026-06-02,1.0056551499535729
IRN_NEKA,2026-06-06,1.1160615189540228
IRN_NEKA,2026-06-11,1.0524223018266141
IRN_NEKA,2026-06-12,1.011607728807277
IRN_NEKA,2026-06-13,1.0193287443393073
IRN_NEKA,2026-06-14,1.0051706472028872
IRN_NEKA,2026-06-18,1.0601832707957197
IRN_NEKA,2026-06-27,1.0987519001555421
IRN_NEKA,2026-06-30,1.0979479122412852
IRN_NEKA,2026-07-02,1.0100944828816762
IRN_NEKA,2026-07-03,0.9836465128841724
IRN_NEKA,2026-07-06,0.8427993969004746
IRN_NEKA,2026-07-14,
IRN_NEKA,2026-07-25,
IRN_NEKA,2026-07-26,1.0565525884977227
IRN_NEKA,2026-08-04,
IRN_NEKA,2026-08-05,
IRN_NEKA,2026-08-08,
IRN_NEKA,2026-08-09,
IRN_NEKA,2026-08-10,1.4111887055601287
IRN_NEKA,2026-08-22,1.362867400581168
IRN_NEKA,2026-08-23,1.336313125825284
IRN_NEKA,2026-09-04,
IRN_NEKA,2026-09-07,
IRN_RAJAEE,2025-01-04,
IRN_RAJAEE,2025-01-09,
IRN_RAJAEE,2025-01-10,
IRN_RAJAEE,2025-01-11,
IRN_RAJAEE,2025-01-13,
IRN_RAJAEE,2025-01-21,
IRN_RAJAEE,2025-01-22,
IRN_RAJAEE,2025-01-30,1.334956476946819
IRN_RAJAEE,2025-01-31,1.2759468335432615
IRN_RAJAEE,2025-02-01,1.1080946749734042
IRN_RAJAEE,2025-02-02,1.0661181986899382
IRN_RAJAEE,2025-02-03,0.9140413591082024
IRN_RAJAEE,2025-02-08,1.0949838891619534
IRN_RAJAEE,2025-02-10,0.9702178479603767
IRN_RAJAEE,2025-02-12,0.7268447342501101
IRN_RAJAEE,2025-02-23,0.7864519094845428
IRN_RAJAEE,2025-02-25,0.7840795479935352
IRN_RAJAEE,2025-02-27,0.8897492551476914
IRN_RAJAEE,2025-02-28,0.8904502215370561
IRN_RAJAEE,2025-03-01,1.0564542616831294
IRN_RAJAEE,2025-03-02,1.0450943595987383
IRN_RAJAEE,2025-03-04,1.2161084225786114
IRN_RAJAEE,2025-03-13,1.2586082217138252
IRN_RAJAEE,2025-03-14,1.4064674171458256
IRN_RAJAEE,2025-03-15,1.417241746353966
IRN_RAJAEE,2025-03-16,1.4239093173147375
IRN_RAJAEE,2025-03-17,1.3771433320361874
IRN_RAJAEE,2025-03-23,1.3078548442924736
IRN_RAJAEE,2025-03-25,1.2892734831376675
IRN_RAJAEE,2025-03-26,1.2486949585581517
IRN_RAJAEE,2025-03-27,1.2872071200029669
IRN_RAJAEE,2025-03-29,1.1898943872868293
IRN_RAJAEE,2025-03-30,1.1272328458080447
IRN_RAJAEE,2025-04-06,0.8885530298352423
IRN_RAJAEE,2025-04-09,0.8592955715617193
IRN_RAJAEE,2025-04-13,0.7101237170311667
IRN_RAJAEE,2025-04-17,0.526803519020215
IRN_RAJAEE,2025-04-18,0.6751539454641192
IRN_RAJAEE,2025-04-19,0.6123462714650153
IRN_RAJAEE,2025-04-20,0.6263264645993168
IRN_RAJAEE,2025-04-21,0.6911625679644381
IRN_RAJAEE,2025-05-01,0.7553318387678755
IRN_RAJAEE,2025-05-03,0.736819127857596
IRN_RAJAEE,2025-05-06,0.7599677968920863
IRN_RAJAEE,2025-05-07,0.7351180025434275
IRN_RAJAEE,2025-05-08,0.8332620908594434
IRN_RAJAEE,2025-05-09,0.7313443430602741
IRN_RAJAEE,2025-05-11,0.6956365326507818
IRN_RAJAEE,2025-05-12,0.6293986601640587
IRN_RAJAEE,2025-05-16,0.6544964420281764
IRN_RAJAEE,2025-05-17,0.7022772891759057
IRN_RAJAEE,2025-05-18,0.7329189435850739
IRN_RAJAEE,2025-05-19,0.8285475918734683
IRN_RAJAEE,2025-05-20,0.8553488825316397
IRN_RAJAEE,2025-05-21,0.792740679739435
IRN_RAJAEE,2025-05-22,0.8382963982229245
IRN_RAJAEE,2025-05-23,0.9053758541125637
IRN_RAJAEE,2025-05-25,0.9860691191007424
IRN_RAJAEE,2025-05-26,1.0177392820426499
IRN_RAJAEE,2025-05-27,0.9955971833100168
IRN_RAJAEE,2025-05-29,1.0086946109124044
IRN_RAJAEE,2025-05-30,1.0099496396679997
IRN_RAJAEE,2025-05-31,1.0971075032985491
IRN_RAJAEE,2025-06-01,1.1226666678682555
IRN_RAJAEE,2025-06-03,1.1385668285446569
IRN_RAJAEE,2025-06-04,1.1614725605265408
IRN_RAJAEE,2025-06-05,1.2263030160609252
IRN_RAJAEE,2025-06-06,1.2211287574497474
IRN_RAJAEE,2025-06-08,1.3497954380303316
IRN_RAJAEE,2025-06-12,1.4451127482788149
IRN_RAJAEE,2025-06-14,1.4419755842847457
IRN_RAJAEE,2025-06-15,1.4577906539001844
IRN_RAJAEE,2025-06-17,1.4329871052374532
IRN_RAJAEE,2025-06-18,1.459616311556262
IRN_RAJAEE,2025-06-19,1.479779877862431
IRN_RAJAEE,2025-06-20,1.5058311494468537
IRN_RAJAEE,2025-06-21,1.4817094337843237
IRN_RAJAEE,2025-06-22,1.478875368281678
IRN_RAJAEE,2025-06-23,1.451499010036326
IRN_RAJAEE,2025-06-24,1.4463047046481365
IRN_RAJAEE,2025-06-25,1.4298698677166883
IRN_RAJAEE,2025-06-26,1.438863112049707
IRN_RAJAEE,2025-06-27,1.4275813491212506
IRN_RAJAEE,2025-06-28,1.392699466622263
IRN_RAJAEE,2025-06-30,1.3472300070209513
IRN_RAJAEE,2025-07-01,1.3685825328128716
IRN_RAJAEE,2025-07-02,1.3917138100958426
IRN_RAJAEE,2025-07-03,1.3860559498722507
IRN_RAJAEE,2025-07-04,1.3695696721737614
IRN_RAJAEE,2025-07-05,1.3867093872361484
IRN_RAJAEE,2025-07-06,1.414232156337487
IRN_RAJAEE,2025-07-09,1.3385414376453344
IRN_RAJAEE,2025-07-10,1.3376344743886912
IRN_RAJAEE,2025-07-12,1.3619348464080325
IRN_RAJAEE,2025-07-15,1.3732805444158986
IRN_RAJAEE,2025-07-17,1.3406625503946512
IRN_RAJAEE,2025-07-18,1.2872114122443434
IRN_RAJAEE,2025-07-19,1.2235629144005546
IRN_RAJAEE,2025-07-22,1.3122769475576115
IRN_RAJAEE,2025-07-23,1.322216295146692
IRN_RAJAEE,2025-07-24,1.251497260883179
IRN_RAJAEE,2025-07-25,1.2364143640305376
IRN_RAJAEE,2025-07-26,1.2482957087314015
IRN_RAJAEE,2025-07-27,1.2750752203549718
IRN_RAJAEE,2025-07-28,1.332190004647061
IRN_RAJAEE,2025-07-31,1.281205351812228
IRN_RAJAEE,2025-08-01,1.294446724038405
IRN_RAJAEE,2025-08-02,1.354356271456469
IRN_RAJAEE,2025-08-03,1.381377728557812
IRN_RAJAEE,2025-08-11,1.3398081104921014
IRN_RAJAEE,2025-08-12,1.3144213340250286
IRN_RAJAEE,2025-08-13,1.2710205025349264
IRN_RAJAEE,2025-08-14,1.2504951429391804
IRN_RAJAEE,2025-08-15,1.1966391764743483
IRN_RAJAEE,2025-08-16,1.1721515375922402
IRN_RAJAEE,2025-08-17,1.1915974570882475
IRN_RAJAEE,2025-08-18,1.2263954951196747
IRN_RAJAEE,2025-08-19,1.2675989161983694
IRN_RAJAEE,2025-08-20,1.2352201010602368
IRN_RAJAEE,2025-08-21,1.107313084162165
IRN_RAJAEE,2025-08-22,1.107129852434539
IRN_RAJAEE,2025-08-23,1.2112762711181706
IRN_RAJAEE,2025-08-24,1.2408483147253726
IRN_RAJAEE,2025-08-25,1.2450969073456513
IRN_RAJAEE,2025-08-26,1.1812494871887445
IRN_RAJAEE,2025-08-27,1.179260580794898
IRN_RAJAEE,2025-08-28,1.1779847033733999
IRN_RAJAEE,2025-08-29,1.1575741350697921
IRN_RAJAEE,2025-08-30,1.1737015023677813
IRN_RAJAEE,2025-08-31,1.1144995426595237
IRN_RAJAEE,2025-09-01,1.1739046724260234
IRN_RAJAEE,2025-09-02,1.1440656783574277
IRN_RAJAEE,2025-09-03,1.1653360344753163
IRN_RAJAEE,2025-09-04,1.141997192323461
IRN_RAJAEE,2025-09-05,1.122664537331545
IRN_RAJAEE,2025-09-06,1.1100841440296738
IRN_RAJAEE,2025-09-07,1.1902322841988513
IRN_RAJAEE,2025-09-08,1.1895793143564313
IRN_RAJAEE,2025-09-09,1.1782659797299642
IRN_RAJAEE,2025-09-10,1.2041868258567692
IRN_RAJAEE,2025-09-11,1.2378230641133139
IRN_RAJAEE,2025-09-12,1.2632521853926992
IRN_RAJAEE,2025-09-13,1.2849882873788432
IRN_RAJAEE,2025-09-14,1.3208109379144657
IRN_RAJAEE,2025-09-15,1.343606363872786
IRN_RAJAEE,2025-09-16,1.3165644611107832
IRN_RAJAEE,2025-09-18,1.2682005310076332
IRN_RAJAEE,2025-09-20,1.301421753249292
IRN_RAJAEE,2025-09-21,1.3018094039091888
IRN_RAJAEE,2025-09-22,1.2180344679114898
IRN_RAJAEE,2025-09-25,1.2650269648123782
IRN_RAJAEE,2025-09-26,1.2406761106858113
IRN_RAJAEE,2025-09-27,1.2033666057213153
IRN_RAJAEE,2025-09-29,1.2383665110452626
IRN_RAJAEE,2025-09-30,1.1652016792191267
IRN_RAJAEE,2025-10-01,1.1338866514544508
IRN_RAJAEE,2025-10-02,1.103690557671732
IRN_RAJAEE,2025-10-03,1.0683539790214922
IRN_RAJAEE,2025-10-04,1.1053593155416415
IRN_RAJAEE,2025-10-05,1.1078749129120566
IRN_RAJAEE,2025-10-06,1.1339635139675905
IRN_RAJAEE,2025-10-07,1.0558847919654282
IRN_RAJAEE,2025-10-08,1.046215188432672
IRN_RAJAEE,2025-10-09,1.0314799897136777
IRN_RAJAEE,2025-10-10,0.9891583101912361
IRN_RAJAEE,2025-10-12,0.9458215191558108
IRN_RAJAEE,2025-10-13,0.8523559090744485
IRN_RAJAEE,2025-10-14,0.8495279868232232
IRN_RAJAEE,2025-10-15,0.8025310511519406
IRN_RAJAEE,2025-10-16,0.8185770598819762
IRN_RAJAEE,2025-10-18,0.8441219981926023
IRN_RAJAEE,2025-10-19,0.826013559436499
IRN_RAJAEE,2025-10-20,0.7668886384677275
IRN_RAJAEE,2025-10-21,0.7633213578059648
IRN_RAJAEE,2025-10-22,0.7823750799228557
IRN_RAJAEE,2025-10-23,0.808401001114232
IRN_RAJAEE,2025-10-25,0.8155197085056738
IRN_RAJAEE,2025-10-27,0.8480070213418442
IRN_RAJAEE,2025-10-28,0.8780950990908664
IRN_RAJAEE,2025-10-29,0.7932177330363909
IRN_RAJAEE,2025-10-30,0.8912701780121085
IRN_RAJAEE,2025-10-31,0.8115076223985539
IRN_RAJAEE,2025-11-01,0.7770845263957982
IRN_RAJAEE,2025-11-02,0.7338789668437827
IRN_RAJAEE,2025-11-03,0.7481935426128916
IRN_RAJAEE,2025-11-04,0.7544350871414642
IRN_RAJAEE,2025-11-05,0.7398108259532374
IRN_RAJAEE,2025-11-06,0.7107995433482499
IRN_RAJAEE,2025-11-07,0.7197909145325763
IRN_RAJAEE,2025-11-08,0.747286744269133
IRN_RAJAEE,2025-11-09,0.7766139892828252
IRN_RAJAEE,2025-11-10,0.7180146529490995
IRN_RAJAEE,2025-11-11,0.654094117592483
IRN_RAJAEE,2025-11-12,0.6430118318783067
IRN_RAJAEE,2025-11-13,0.6512081333517709
IRN_RAJAEE,2025-11-14,0.690314757088075
IRN_RAJAEE,2025-11-16,0.6773298372637204
IRN_RAJAEE,2025-11-18,0.6909961308091893
IRN_RAJAEE,2025-11-19,0.7457844826568264
IRN_RAJAEE,2025-11-20,0.8203669139301084
IRN_RAJAEE,2025-11-23,0.790662477853757
IRN_RAJAEE,2025-11-24,0.7401502405199544
IRN_RAJAEE,2025-11-27,0.7244443972691855
IRN_RAJAEE,2025-11-28,0.7741957616486542
IRN_RAJAEE,2025-11-29,0.6317544058524035
IRN_RAJAEE,2025-11-30,0.642070430080457
IRN_RAJAEE,2025-12-04,0.7291760994901904
IRN_RAJAEE,2025-12-05,0.6815128447526053
IRN_RAJAEE,2025-12-17,0.9354483927608531
IRN_RAJAEE,2025-12-20,0.9779841191950436
IRN_RAJAEE,2025-12-25,1.034855299709037
IRN_RAJAEE,2025-12-29,
IRN_RAJAEE,2026-01-04,
IRN_RAJAEE,2026-01-05,
IRN_RAJAEE,2026-01-16,
IRN_RAJAEE,2026-01-25,
IRN_RAJAEE,2026-01-30,
IRN_RAJAEE,2026-02-05,
IRN_RAJAEE,2026-02-16,
IRN_RAJAEE,2026-02-17,
IRN_RAJAEE,2026-02-18,
IRN_RAJAEE,2026-02-20,
IRN_RAJAEE,2026-02-21,-0.13028849896858355
IRN_RAJAEE,2026-02-22,-0.09928306645999135
IRN_RAJAEE,2026-02-26,0.09101674580931474
IRN_RAJAEE,2026-03-03,0.07767935785777264
IRN_RAJAEE,2026-03-05,0.0760585096128473
IRN_RAJAEE,2026-03-06,0.12866062571041328
IRN_RAJAEE,2026-03-07,0.06489638326195765
IRN_RAJAEE,2026-03-17,0.15130323586435376
IRN_RAJAEE,2026-03-22,0.4758728525422585
IRN_RAJAEE,2026-04-01,
IRN_RAJAEE,2026-04-02,
IRN_RAJAEE,2026-04-10,
IRN_RAJAEE,2026-04-11,
IRN_RAJAEE,2026-04-14,
IRN_RAJAEE,2026-04-15,0.5204423306999415
IRN_RAJAEE,2026-04-16,0.37628728609530343
IRN_RAJAEE,2026-04-17,0.2397153091638201
IRN_RAJAEE,2026-04-18,0.18386056166100379
IRN_RAJAEE,2026-04-20,0.1744654342789359
IRN_RAJAEE,2026-04-23,0.21615775212574953
IRN_RAJAEE,2026-04-24,0.2228756142421221
IRN_RAJAEE,2026-04-30,0.2881078430521279
IRN_RAJAEE,2026-05-01,0.2317510554657467
IRN_RAJAEE,2026-05-06,0.2913486497834628
IRN_RAJAEE,2026-05-07,0.36663919808527584
IRN_RAJAEE,2026-05-09,0.43918298213697077
IRN_RAJAEE,2026-05-10,0.5347954254167069
IRN_RAJAEE,2026-05-12,0.5528227991869715
IRN_RAJAEE,2026-05-15,0.6226665759961575
IRN_RAJAEE,2026-05-21,0.9918127693066839
IRN_RAJAEE,2026-05-23,1.0520388550125057
IRN_RAJAEE,2026-05-24,1.1279945339835928
IRN_RAJAEE,2026-05-25,1.0978274433590183
IRN_RAJAEE,2026-05-26,1.0743791219783563
IRN_RAJAEE,2026-05-27,1.0977038702008957
IRN_RAJAEE,2026-05-28,1.1532835280223201
IRN_RAJAEE,2026-05-31,1.162404411890589
IRN_RAJAEE,2026-06-01,1.143307558881285
IRN_RAJAEE,2026-06-02,1.1660279767468507
IRN_RAJAEE,2026-06-03,1.167045396854983
IRN_RAJAEE,2026-06-04,1.1565608148499433
IRN_RAJAEE,2026-06-06,1.179996199781841
IRN_RAJAEE,2026-06-08,1.1844146668715698
IRN_RAJAEE,2026-06-09,1.1008276962142731
IRN_RAJAEE,2026-06-10,1.0605195556875822
IRN_RAJAEE,2026-06-11,1.0787478191339344
IRN_RAJAEE,2026-06-12,1.066572430274509
IRN_RAJAEE,2026-06-13,1.0951128831074461
IRN_RAJAEE,2026-06-15,1.070679709385729
IRN_RAJAEE,2026-06-16,1.092996672454237
IRN_RAJAEE,2026-06-17,1.0929557855618584
IRN_RAJAEE,2026-06-18,1.1008563235853963
IRN_RAJAEE,2026-06-19,1.1011989658711108
IRN_RAJAEE,2026-06-21,1.0864010931097636
IRN_RAJAEE,2026-06-23,1.1063690693772281
IRN_RAJAEE,2026-06-24,1.1152637883115164
IRN_RAJAEE,2026-06-25,1.1493090330267248
IRN_RAJAEE,2026-06-26,1.1592748523015757
IRN_RAJAEE,2026-06-27,1.1096382815991017
IRN_RAJAEE,2026-06-28,1.1122467451154094
IRN_RAJAEE,2026-06-29,1.182986599208605
IRN_RAJAEE,2026-06-30,1.1670499394290206
IRN_RAJAEE,2026-07-02,1.1588231175319061
IRN_RAJAEE,2026-07-03,1.1891666126571474
IRN_RAJAEE,2026-07-04,1.191133284229292
IRN_RAJAEE,2026-07-06,1.1689302993551998
IRN_RAJAEE,2026-07-07,1.1407716380749928
IRN_RAJAEE,2026-07-09,1.1310922337776297
IRN_RAJAEE,2026-07-10,1.141656219104749
IRN_RAJAEE,2026-07-11,1.142320715591689
IRN_RAJAEE,2026-07-12,1.1255141826918387
IRN_RAJAEE,2026-07-13,1.1025115350665728
IRN_RAJAEE,2026-07-14,1.0951701534752136
IRN_RAJAEE,2026-07-15,1.1286114324073124
IRN_RAJAEE,2026-07-16,1.0947220719261455
IRN_RAJAEE,2026-07-17,1.077983729295441
IRN_RAJAEE,2026-07-18,1.064134723443007
IRN_RAJAEE,2026-07-19,1.0694999982875304
IRN_RAJAEE,2026-07-20,1.13037051836122
IRN_RAJAEE,2026-07-21,1.145338998443493
IRN_RAJAEE,2026-07-22,1.149481828781239
IRN_RAJAEE,2026-07-23,1.1236586828818582
IRN_RAJAEE,2026-07-24,1.1445763637279698
IRN_RAJAEE,2026-07-25,1.139577844231025
IRN_RAJAEE,2026-07-26,1.1366174944482796
IRN_RAJAEE,2026-07-27,1.1194722051520638
IRN_RAJAEE,2026-07-28,1.0968290887223577
IRN_RAJAEE,2026-07-29,1.038929821597245
IRN_RAJAEE,2026-08-03,1.0376002665236645
IRN_RAJAEE,2026-08-04,1.0620862748774968
IRN_RAJAEE,2026-08-05,1.1083297373717367
IRN_RAJAEE,2026-08-06,1.144962310397468
IRN_RAJAEE,2026-08-07,1.1115170664304659
IRN_RAJAEE,2026-08-08,1.1014952983867132
IRN_RAJAEE,2026-08-09,1.1258204203159397
IRN_RAJAEE,2026-08-11,1.1771202865005719
IRN_RAJAEE,2026-08-12,1.1851862889389437
IRN_RAJAEE,2026-08-13,1.1629056113635887
IRN_RAJAEE,2026-08-14,1.1334099315407904
IRN_RAJAEE,2026-08-15,1.1335916915477113
IRN_RAJAEE,2026-08-17,1.1312998823838119
IRN_RAJAEE,2026-08-18,1.096764341866408
IRN_RAJAEE,2026-08-19,1.0091540366802247
IRN_RAJAEE,2026-08-21,0.9866441178277412
IRN_RAJAEE,2026-08-22,0.9861462296144105
IRN_RAJAEE,2026-08-23,0.9691687892603243
IRN_RAJAEE,2026-08-24,0.9514560770074258
IRN_RAJAEE,2026-08-25,1.0143252359971364
IRN_RAJAEE,2026-08-26,1.0762491544715167
IRN_RAJAEE,2026-08-27,1.0871265751836083
IRN_RAJAEE,2026-08-29,1.0597035410713425
IRN_RAJAEE,2026-09-01,1.0793384027640143
IRN_RAJAEE,2026-09-02,1.055961214056113
IRN_RAJAEE,2026-09-03,1.041904684757111
IRN_RAJAEE,2026-09-04,0.9877577709723141
IRN_RAJAEE,2026-09-05,0.9665841077164088
IRN_RAJAEE,2026-09-06,0.9789096497167833
IRN_RAJAEE,2026-09-07,0.9909915391729287
IRN_RAJAEE,2026-09-09,0.9609530961412815
IRN_RAJAEE,2026-09-10,0.974991704521249
IRN_RAMIN,2025-01-01,
IRN_RAMIN,2025-01-04,
IRN_RAMIN,2025-01-05,
IRN_RAMIN,2025-01-09,
IRN_RAMIN,2025-01-11,
IRN_RAMIN,2025-01-13,
IRN_RAMIN,2025-01-14,
IRN_RAMIN,2025-01-15,1.3608447540350304
IRN_RAMIN,2025-01-17,1.2980242950931578
IRN_RAMIN,2025-01-20,1.3112645457018606
IRN_RAMIN,2025-01-21,1.302030460977132
IRN_RAMIN,2025-01-22,1.3363336395767622
IRN_RAMIN,2025-01-28,1.2477641372973003
IRN_RAMIN,2025-01-29,1.1721169332714563
IRN_RAMIN,2025-01-30,1.0877619803684373
IRN_RAMIN,2025-01-31,1.067937949308135
IRN_RAMIN,2025-02-01,1.1291425381510967
IRN_RAMIN,2025-02-02,1.0804435105583174
IRN_RAMIN,2025-02-03,0.9617937040391176
IRN_RAMIN,2025-02-05,0.9367916930586463
IRN_RAMIN,2025-02-10,0.8462572633281803
IRN_RAMIN,2025-02-14,0.8358947316302524
IRN_RAMIN,2025-02-17,0.8212061886544589
IRN_RAMIN,2025-02-18,0.8168666362065585
IRN_RAMIN,2025-02-21,0.6220059948006209
IRN_RAMIN,2025-02-22,0.7446372578461978
IRN_RAMIN,2025-02-23,0.7212713054470866
IRN_RAMIN,2025-02-25,0.6843529298569312
IRN_RAMIN,2025-02-26,0.6869554523292237
IRN_RAMIN,2025-02-27,0.73798094654631
IRN_RAMIN,2025-02-28,0.7802998164839129
IRN_RAMIN,2025-03-02,0.7405346844945174
IRN_RAMIN,2025-03-03,0.6807283706538991
IRN_RAMIN,2025-03-12,0.6939305207128672
IRN_RAMIN,2025-03-15,0.7281264240022844
IRN_RAMIN,2025-03-19,0.7930208772888759
IRN_RAMIN,2025-03-23,0.7846331717199851
IRN_RAMIN,2025-03-24,0.6494300692003223
IRN_RAMIN,2025-03-25,0.6834075693144692
IRN_RAMIN,2025-03-30,0.7128329782476839
IRN_RAMIN,2025-03-31,0.7729821025073578
IRN_RAMIN,2025-04-08,0.7540474348882957
IRN_RAMIN,2025-04-09,0.7157150575941771
IRN_RAMIN,2025-04-13,0.7053175909190741
IRN_RAMIN,2025-04-15,0.6481911759492791
IRN_RAMIN,2025-04-16,0.6890495205450488
IRN_RAMIN,2025-04-17,0.7068484423278559
IRN_RAMIN,2025-04-18,0.7850307845808534
IRN_RAMIN,2025-04-19,0.7725061345073672
IRN_RAMIN,2025-04-20,0.8583440669686083
IRN_RAMIN,2025-04-22,0.9811219669023522
IRN_RAMIN,2025-04-24,0.9648743279144558
IRN_RAMIN,2025-04-25,0.8295069692462305
IRN_RAMIN,2025-04-28,0.8095072870680937
IRN_RAMIN,2025-05-01,0.7358762837554724
IRN_RAMIN,2025-05-05,0.6747366732001877
IRN_RAMIN,2025-05-06,0.7104093331224567
IRN_RAMIN,2025-05-07,0.8279507205002679
IRN_RAMIN,2025-05-08,0.9218086570089108
IRN_RAMIN,2025-05-09,0.999188171581896
IRN_RAMIN,2025-05-10,0.9372843956571258
IRN_RAMIN,2025-05-11,0.9338007718185982
IRN_RAMIN,2025-05-12,1.0100755169924311
IRN_RAMIN,2025-05-13,1.0976010805508103
IRN_RAMIN,2025-05-14,1.1459198353346018
IRN_RAMIN,2025-05-15,1.0742693980168336
IRN_RAMIN,2025-05-16,1.0632292013695301
IRN_RAMIN,2025-05-17,1.0759725896378531
IRN_RAMIN,2025-05-18,1.0244049026018882
IRN_RAMIN,2025-05-19,0.9266973646390463
IRN_RAMIN,2025-05-20,0.905230020566522
IRN_RAMIN,2025-05-21,0.8946016067030559
IRN_RAMIN,2025-05-23,0.8596498620805242
IRN_RAMIN,2025-05-24,1.1224041476059632
IRN_RAMIN,2025-05-25,1.2125477407213638
IRN_RAMIN,2025-05-26,1.1854544476849782
IRN_RAMIN,2025-05-27,1.1779175814152694
IRN_RAMIN,2025-05-28,1.2460046612824984
IRN_RAMIN,2025-05-29,1.3166428719914702
IRN_RAMIN,2025-05-30,1.302351342190149
IRN_RAMIN,2025-05-31,1.3104902050122784
IRN_RAMIN,2025-06-01,1.3064403158431903
IRN_RAMIN,2025-06-02,1.3104750160949583
IRN_RAMIN,2025-06-04,1.3712867798302237
IRN_RAMIN,2025-06-05,1.3417476750087638
IRN_RAMIN,2025-06-06,1.2894259935843435
IRN_RAMIN,2025-06-07,1.2783723847197408
IRN_RAMIN,2025-06-08,1.2979487093095783
IRN_RAMIN,2025-06-09,1.342697214141414
IRN_RAMIN,2025-06-10,1.3455417120253172
IRN_RAMIN,2025-06-11,1.2856160092450264
IRN_RAMIN,2025-06-12,1.2456749329578465
IRN_RAMIN,2025-06-13,1.2028010845957942
IRN_RAMIN,2025-06-15,1.279424845413701
IRN_RAMIN,2025-06-16,1.222965608180984
IRN_RAMIN,2025-06-17,1.205906018848185
IRN_RAMIN,2025-06-18,1.286068906874017
IRN_RAMIN,2025-06-19,1.2779045717183355
IRN_RAMIN,2025-06-21,1.3307762453686802
IRN_RAMIN,2025-06-22,1.387577216649965
IRN_RAMIN,2025-06-24,1.2134034008334107
IRN_RAMIN,2025-06-25,1.3262878342982867
IRN_RAMIN,2025-06-26,1.3531318817522735
IRN_RAMIN,2025-06-27,1.3645737895808652
IRN_RAMIN,2025-06-28,1.2903728616383898
IRN_RAMIN,2025-06-29,1.39242091482174
IRN_RAMIN,2025-07-01,1.4598901185910491
IRN_RAMIN,2025-07-02,1.4522629227655892
IRN_RAMIN,2025-07-03,1.405732669666276
IRN_RAMIN,2025-07-04,1.3994907816891744
IRN_RAMIN,2025-07-05,1.4991682343984323
IRN_RAMIN,2025-07-06,1.551578807860532
IRN_RAMIN,2025-07-07,1.5216387193995575
IRN_RAMIN,2025-07-08,1.4128648945145303
IRN_RAMIN,2025-07-09,1.3826156660221511
IRN_RAMIN,2025-07-10,1.3965438139995514
IRN_RAMIN,2025-07-11,1.3996252443162003
IRN_RAMIN,2025-07-12,1.36009443309254
IRN_RAMIN,2025-07-15,1.3799480640440211
IRN_RAMIN,2025-07-17,1.446886469012988
IRN_RAMIN,2025-07-18,1.479252436944703
IRN_RAMIN,2025-07-19,1.442050203247259
IRN_RAMIN,2025-07-20,1.4400668124201308
IRN_RAMIN,2025-07-21,1.3858049392322556
IRN_RAMIN,2025-07-22,1.3645580375569957
IRN_RAMIN,2025-07-23,1.4304662957853413
IRN_RAMIN,2025-07-24,1.4320257939354
IRN_RAMIN,2025-07-25,1.3136929543768257
IRN_RAMIN,2025-07-26,1.269630746980171
IRN_RAMIN,2025-07-27,1.2223274125957493
IRN_RAMIN,2025-07-28,1.1740081963506943
IRN_RAMIN,2025-07-29,1.0259287968757744
IRN_RAMIN,2025-07-30,1.022896261675945
IRN_RAMIN,2025-08-01,0.95911449780143
IRN_RAMIN,2025-08-02,0.9684271930435581
IRN_RAMIN,2025-08-03,0.9429602647470847
IRN_RAMIN,2025-08-04,0.8517868781759923
IRN_RAMIN,2025-08-05,0.7688427599813394
IRN_RAMIN,2025-08-06,0.7612365642127746
IRN_RAMIN,2025-08-07,0.8208419891822349
IRN_RAMIN,2025-08-09,0.7865135158258093
IRN_RAMIN,2025-08-10,0.7851333818063836
IRN_RAMIN,2025-08-11,0.8140622524348153
IRN_RAMIN,2025-08-12,0.7648975091623266
IRN_RAMIN,2025-08-13,0.7512916740700488
IRN_RAMIN,2025-08-14,0.7168504972741842
IRN_RAMIN,2025-08-15,0.7392772726451167
IRN_RAMIN,2025-08-16,0.7671736844361167
IRN_RAMIN,2025-08-18,0.723572767198495
IRN_RAMIN,2025-08-19,0.76040434450772
IRN_RAMIN,2025-08-20,0.7622478057549315
IRN_RAMIN,2025-08-21,0.7074706784035606
IRN_RAMIN,2025-08-22,0.6283915827883143
IRN_RAMIN,2025-08-23,0.6284046850678128
IRN_RAMIN,2025-08-24,0.6449304394481106
IRN_RAMIN,2025-08-25,0.6367116584350085
IRN_RAMIN,2025-08-26,0.6235551646856032
IRN_RAMIN,2025-08-27,0.6460698339816651
IRN_RAMIN,2025-08-28,0.7067679743516634
IRN_RAMIN,2025-08-30,0.7003162694920896
IRN_RAMIN,2025-08-31,0.7211454221053017
IRN_RAMIN,2025-09-01,0.7506252456926505
IRN_RAMIN,2025-09-02,0.790406652236908
IRN_RAMIN,2025-09-03,0.8129913284757976
IRN_RAMIN,2025-09-05,0.7979017522135303
IRN_RAMIN,2025-09-07,0.8238793299597253
IRN_RAMIN,2025-09-08,0.9252166641030996
IRN_RAMIN,2025-09-09,0.9237904268214188
IRN_RAMIN,2025-09-11,0.9790111330199914
IRN_RAMIN,2025-09-13,1.0738015785355162
IRN_RAMIN,2025-09-14,1.0801946830227511
IRN_RAMIN,2025-09-15,1.01991661656347
IRN_RAMIN,2025-09-17,1.044081686245243
IRN_RAMIN,2025-09-18,0.9686372728628352
IRN_RAMIN,2025-09-19,1.089003201859634
IRN_RAMIN,2025-09-20,1.0750070599996107
IRN_RAMIN,2025-09-22,1.04097273472762
IRN_RAMIN,2025-09-23,1.0457913981466735
IRN_RAMIN,2025-09-24,1.079114117365409
IRN_RAMIN,2025-09-26,1.0120046277331396
IRN_RAMIN,2025-09-28,0.9654928205718647
IRN_RAMIN,2025-09-29,0.9763272567873973
IRN_RAMIN,2025-10-01,1.0059614498098615
IRN_RAMIN,2025-10-02,0.9771194058213647
IRN_RAMIN,2025-10-03,0.9603615310620768
IRN_RAMIN,2025-10-04,0.9931457464537382
IRN_RAMIN,2025-10-05,1.0101997047073652
IRN_RAMIN,2025-10-06,1.095744059574704
IRN_RAMIN,2025-10-09,0.9218419301869203
IRN_RAMIN,2025-10-10,0.9517863935886232
IRN_RAMIN,2025-10-11,0.990587250963889
IRN_RAMIN,2025-10-12,0.9336262096555082
IRN_RAMIN,2025-10-14,0.8244441864127499
IRN_RAMIN,2025-10-15,0.8625152008764783
IRN_RAMIN,2025-10-16,0.9071544276587461
IRN_RAMIN,2025-10-19,0.7738872505347956
IRN_RAMIN,2025-10-21,0.8125289422517942
IRN_RAMIN,2025-10-23,0.8472018288992775
IRN_RAMIN,2025-10-24,0.8192292992550442
IRN_RAMIN,2025-10-25,0.8734978435940874
IRN_RAMIN,2025-10-26,0.9683919864045238
IRN_RAMIN,2025-10-28,0.9996546231026623
IRN_RAMIN,2025-10-30,1.0326867846391705
IRN_RAMIN,2025-11-01,0.9299379085019405
IRN_RAMIN,2025-11-02,0.8995359651988146
IRN_RAMIN,2025-11-03,0.8653848999846682
IRN_RAMIN,2025-11-05,0.8975201984516123
IRN_RAMIN,2025-11-09,0.9814992275726794
IRN_RAMIN,2025-11-14,1.3035298180601589
IRN_RAMIN,2025-11-17,1.2353592094166232
IRN_RAMIN,2025-11-18,1.2754214344610164
IRN_RAMIN,2025-11-19,1.294468494957484
IRN_RAMIN,2025-11-20,1.2812359726736717
IRN_RAMIN,2025-11-21,1.181768699598835
IRN_RAMIN,2025-11-22,1.1181101875583426
IRN_RAMIN,2025-11-25,1.08806039876021
IRN_RAMIN,2025-11-28,1.2105779535718877
IRN_RAMIN,2025-11-29,1.1199070547111158
IRN_RAMIN,2025-12-04,1.2477604468482264
IRN_RAMIN,2025-12-06,1.2421969823484444
IRN_RAMIN,2025-12-14,0.9873400215075677
IRN_RAMIN,2025-12-16,0.8754508875042544
IRN_RAMIN,2026-01-01,
IRN_RAMIN,2026-01-04,
IRN_RAMIN,2026-01-05,
IRN_RAMIN,2026-01-06,
IRN_RAMIN,2026-01-09,
IRN_RAMIN,2026-01-14,
IRN_RAMIN,2026-01-15,
IRN_RAMIN,2026-01-16,0.6718318214157054
IRN_RAMIN,2026-01-17,0.7178993347250453
IRN_RAMIN,2026-01-21,0.8694329533487665
IRN_RAMIN,2026-01-22,0.8687456172854123
IRN_RAMIN,2026-01-24,0.8694336493365663
IRN_RAMIN,2026-01-31,0.9723543302612007
IRN_RAMIN,2026-02-04,1.0835440623739059
IRN_RAMIN,2026-02-05,1.1313985587162725
IRN_RAMIN,2026-02-09,1.1116005187303775
IRN_RAMIN,2026-02-10,1.0533000319787689
IRN_RAMIN,2026-02-13,1.0036090535183217
IRN_RAMIN,2026-02-19,0.8208723827989448
IRN_RAMIN,2026-02-22,0.6785229287100131
IRN_RAMIN,2026-02-25,0.6492048343913961
IRN_RAMIN,2026-02-26,0.664494230642609
IRN_RAMIN,2026-02-28,0.638501654481701
IRN_RAMIN,2026-03-03,0.6008440206609641
IRN_RAMIN,2026-03-04,0.5590713016655057
IRN_RAMIN,2026-03-09,0.467648482309898
IRN_RAMIN,2026-03-10,0.4709795563220441
IRN_RAMIN,2026-03-17,0.6553742265610898
IRN_RAMIN,2026-03-18,0.7398506133067784
IRN_RAMIN,2026-03-21,0.8104656625574638
IRN_RAMIN,2026-03-27,0.7198411959632806
IRN_RAMIN,2026-04-01,0.6966376927329475
IRN_RAMIN,2026-04-02,0.6648548983455833
IRN_RAMIN,2026-04-05,0.731442044907031
IRN_RAMIN,2026-04-06,0.6912184030007439
IRN_RAMIN,2026-04-07,0.6496841483198326
IRN_RAMIN,2026-04-14,0.6773753361163148
IRN_RAMIN,2026-04-17,0.49484241922934985
IRN_RAMIN,2026-04-21,0.43015852714017
IRN_RAMIN,2026-04-22,0.42255129003667025
IRN_RAMIN,2026-04-23,0.44798846421346766
IRN_RAMIN,2026-04-26,0.48722697292193545
IRN_RAMIN,2026-04-27,0.41789994093045424
IRN_RAMIN,2026-04-29,0.4299545282321262
IRN_RAMIN,2026-04-30,0.42440195020709753
IRN_RAMIN,2026-05-02,0.7111534077002364
IRN_RAMIN,2026-05-06,0.779616472913344
IRN_RAMIN,2026-05-07,0.8007389405569582
IRN_RAMIN,2026-05-09,0.8140013886784196
IRN_RAMIN,2026-05-10,1.016860288215863
IRN_RAMIN,2026-05-11,1.0547257294943875
IRN_RAMIN,2026-05-12,1.0710967811588599
IRN_RAMIN,2026-05-13,1.096392162615489
IRN_RAMIN,2026-05-14,1.1093836839860773
IRN_RAMIN,2026-05-15,1.1558016676715102
IRN_RAMIN,2026-05-16,1.1974381349708678
IRN_RAMIN,2026-05-17,1.2118097018618268
IRN_RAMIN,2026-05-18,1.1964509867630728
IRN_RAMIN,2026-05-20,1.203628765302773
IRN_RAMIN,2026-05-21,1.3466013744760903
IRN_RAMIN,2026-05-22,1.4452000356757804
IRN_RAMIN,2026-05-23,1.4962523657378333
IRN_RAMIN,2026-05-26,1.5757922644545281
IRN_RAMIN,2026-05-27,1.6508965234472706
IRN_RAMIN,2026-05-28,1.6333665197619913
IRN_RAMIN,2026-05-30,1.7001355251128771
IRN_RAMIN,2026-05-31,1.6696959810214964
IRN_RAMIN,2026-06-01,1.5393438074171664
IRN_RAMIN,2026-06-02,1.5352414480123602
IRN_RAMIN,2026-06-03,1.476080374101457
IRN_RAMIN,2026-06-04,1.4952771713919746
IRN_RAMIN,2026-06-05,1.498603198529132
IRN_RAMIN,2026-06-06,1.5200477280533873
IRN_RAMIN,2026-06-07,1.4710303495350014
IRN_RAMIN,2026-06-08,1.4653808425345956
IRN_RAMIN,2026-06-09,1.3198490580035558
IRN_RAMIN,2026-06-10,1.2870252133118265
IRN_RAMIN,2026-06-11,1.2702089526706606
IRN_RAMIN,2026-06-12,1.2390299176278499
IRN_RAMIN,2026-06-14,1.2097811675979422
IRN_RAMIN,2026-06-15,1.1561078901256163
IRN_RAMIN,2026-06-16,1.1385277240562939
IRN_RAMIN,2026-06-17,1.1632155567026328
IRN_RAMIN,2026-06-18,1.227648244537512
IRN_RAMIN,2026-06-19,1.2531158013860328
IRN_RAMIN,2026-06-21,1.0832495029001392
IRN_RAMIN,2026-06-23,1.066013423346261
IRN_RAMIN,2026-06-24,1.074347143993922
IRN_RAMIN,2026-06-25,1.0243236713773156
IRN_RAMIN,2026-06-26,1.0251068527368257
IRN_RAMIN,2026-06-27,1.0231077348133144
IRN_RAMIN,2026-06-28,1.051672412719986
IRN_RAMIN,2026-06-29,1.0503024678763835
IRN_RAMIN,2026-06-30,1.1044497282574273
IRN_RAMIN,2026-07-01,1.1569216542207281
IRN_RAMIN,2026-07-03,1.1489982098159024
IRN_RAMIN,2026-07-04,1.11206982008977
IRN_RAMIN,2026-07-05,1.0961937679894231
IRN_RAMIN,2026-07-06,1.0697549852215125
IRN_RAMIN,2026-07-07,1.081615216937262
IRN_RAMIN,2026-07-08,1.0902285359462192
IRN_RAMIN,2026-07-09,1.1219498186225347
IRN_RAMIN,2026-07-10,1.11023759031247
IRN_RAMIN,2026-07-11,1.1196595706003072
IRN_RAMIN,2026-07-12,1.1469858252112222
IRN_RAMIN,2026-07-13,1.1765420692450494
IRN_RAMIN,2026-07-14,1.1406811887825514
IRN_RAMIN,2026-07-15,1.1459546770258464
IRN_RAMIN,2026-07-16,1.1988883503987566
IRN_RAMIN,2026-07-17,1.1748536505017102
IRN_RAMIN,2026-07-18,1.1324303217098726
IRN_RAMIN,2026-07-21,1.1319495436382452
IRN_RAMIN,2026-07-22,1.1176332625190737
IRN_RAMIN,2026-07-23,1.087881712383503
IRN_RAMIN,2026-07-24,1.0805770545845403
IRN_RAMIN,2026-07-25,1.0423017959935086
IRN_RAMIN,2026-07-26,0.9821350641477187
IRN_RAMIN,2026-07-27,0.9723209786083045
IRN_RAMIN,2026-07-28,0.9293266551405251
IRN_RAMIN,2026-07-29,0.9330407177836949
IRN_RAMIN,2026-08-01,0.7304269421788785
IRN_RAMIN,2026-08-03,0.7458076362148978
IRN_RAMIN,2026-08-08,0.7339179358243852
IRN_RAMIN,2026-08-09,0.7822428127750234
IRN_RAMIN,2026-08-10,0.7622657600238075
IRN_RAMIN,2026-08-11,0.7017416238112864
IRN_RAMIN,2026-08-12,0.630133239169843
IRN_RAMIN,2026-08-13,0.637173398702102
IRN_RAMIN,2026-08-14,0.634486860465781
IRN_RAMIN,2026-08-15,0.49717300509957435
IRN_RAMIN,2026-08-16,0.45390096569081917
IRN_RAMIN,2026-08-17,0.37188787354259917
IRN_RAMIN,2026-08-19,0.39985270704430975
IRN_RAMIN,2026-08-21,0.4002987959954779
IRN_RAMIN,2026-08-22,0.417622356316438
IRN_RAMIN,2026-08-23,0.3771574911576002
IRN_RAMIN,2026-08-24,0.41872678760115467
IRN_RAMIN,2026-08-26,0.5109358164060482
IRN_RAMIN,2026-08-28,0.4799802193982469
IRN_RAMIN,2026-08-29,0.48683054733989894
IRN_RAMIN,2026-08-30,0.47103221522618893
IRN_RAMIN,2026-08-31,0.5191783579185272
IRN_RAMIN,2026-09-01,0.5229388940322729
IRN_RAMIN,2026-09-02,0.5312916207013874
IRN_RAMIN,2026-09-03,0.5519986345213931
IRN_RAMIN,2026-09-04,0.5999742455283332
IRN_RAMIN,2026-09-05,0.5903950240501458
IRN_RAMIN,2026-09-06,0.5865524789684771
IRN_RAMIN,2026-09-07,0.5461766931432877
IRN_RAMIN,2026-09-08,0.48745088422832633
IRN_RAMIN,2026-09-09,0.4946414994761529
IRN_RAMIN,2026-09-10,0.5443566830783862
IRN_SHAZAND,2025-01-09,
IRN_SHAZAND,2025-01-15,
IRN_SHAZAND,2025-01-22,
IRN_SHAZAND,2025-01-31,
IRN_SHAZAND,2025-02-03,
IRN_SHAZAND,2025-02-04,
IRN_SHAZAND,2025-02-07,
IRN_SHAZAND,2025-02-08,
IRN_SHAZAND,2025-02-09,0.9025936367905091
IRN_SHAZAND,2025-02-12,0.8432582614185775
IRN_SHAZAND,2025-02-13,0.8353792878803313
IRN_SHAZAND,2025-02-14,0.6947511492164073
IRN_SHAZAND,2025-02-15,0.6937832578624796
IRN_SHAZAND,2025-02-25,0.5963888686789944
IRN_SHAZAND,2025-02-27,0.5641734032822389
IRN_SHAZAND,2025-02-28,0.5817046913938753
IRN_SHAZAND,2025-03-01,0.5961976327401598
IRN_SHAZAND,2025-03-03,0.636793987556726
IRN_SHAZAND,2025-03-13,0.6198245071841171
IRN_SHAZAND,2025-03-14,0.6356027520522854
IRN_SHAZAND,2025-03-15,0.6070624781898639
IRN_SHAZAND,2025-03-18,0.6060462121248662
IRN_SHAZAND,2025-03-19,0.5957353665847179
IRN_SHAZAND,2025-03-23,0.5734113608560724
IRN_SHAZAND,2025-03-25,0.5504863607091918
IRN_SHAZAND,2025-03-26,0.5495509003352497
IRN_SHAZAND,2025-03-27,0.6112005316144531
IRN_SHAZAND,2025-03-29,0.6866365621707187
IRN_SHAZAND,2025-04-01,0.6384699566081867
IRN_SHAZAND,2025-04-08,0.6272382137615133
IRN_SHAZAND,2025-04-09,0.6247380309883526
IRN_SHAZAND,2025-04-13,0.6304082305972722
IRN_SHAZAND,2025-04-19,0.6230203963109486
IRN_SHAZAND,2025-04-23,0.6968364076618998
IRN_SHAZAND,2025-05-02,
IRN_SHAZAND,2025-05-07,
IRN_SHAZAND,2025-05-10,
IRN_SHAZAND,2025-05-11,
IRN_SHAZAND,2025-05-16,
IRN_SHAZAND,2025-05-17,0.804747357598658
IRN_SHAZAND,2025-05-18,0.8496418895810152
IRN_SHAZAND,2025-05-19,0.9950803452403654
IRN_SHAZAND,2025-05-20,0.9884279248431028
IRN_SHAZAND,2025-05-21,0.9657191242039187
IRN_SHAZAND,2025-05-22,0.9500856820493303
IRN_SHAZAND,2025-05-23,0.9803021748403836
IRN_SHAZAND,2025-05-26,0.9264682708497625
IRN_SHAZAND,2025-05-30,0.9373639156567508
IRN_SHAZAND,2025-05-31,0.9555658121389198
IRN_SHAZAND,2025-06-01,0.9296150924383012
IRN_SHAZAND,2025-06-02,0.941610840076108
IRN_SHAZAND,2025-06-03,0.9703485226139685
IRN_SHAZAND,2025-06-06,1.0170401915090697
IRN_SHAZAND,2025-06-13,0.9519116297818938
IRN_SHAZAND,2025-06-14,0.9010233350610413
IRN_SHAZAND,2025-06-15,0.9991446999187485
IRN_SHAZAND,2025-06-16,1.0156761786218824
IRN_SHAZAND,2025-06-17,1.0391052944517378
IRN_SHAZAND,2025-06-18,1.0997038537476147
IRN_SHAZAND,2025-06-19,1.0983673183636715
IRN_SHAZAND,2025-06-20,1.1110666078782605
IRN_SHAZAND,2025-06-21,1.1305556298846435
IRN_SHAZAND,2025-06-22,1.097427076151166
IRN_SHAZAND,2025-06-23,1.1372809445953813
IRN_SHAZAND,2025-06-25,1.17798582899817
IRN_SHAZAND,2025-06-26,1.1538671547174264
IRN_SHAZAND,2025-06-27,1.125219418627306
IRN_SHAZAND,2025-06-28,1.0969213139435823
IRN_SHAZAND,2025-06-29,1.1505695927316713
IRN_SHAZAND,2025-06-30,1.1912053018416053
IRN_SHAZAND,2025-07-01,1.2280135501379204
IRN_SHAZAND,2025-07-02,1.2863491807110952
IRN_SHAZAND,2025-07-03,1.2873873250473364
IRN_SHAZAND,2025-07-04,1.2306084694454862
IRN_SHAZAND,2025-07-05,1.2427247732987186
IRN_SHAZAND,2025-07-06,1.2349223670022618
IRN_SHAZAND,2025-07-07,1.2145601029252884
IRN_SHAZAND,2025-07-08,1.1892011783561247
IRN_SHAZAND,2025-07-14,1.2377480548985285
IRN_SHAZAND,2025-07-18,1.099856948830622
IRN_SHAZAND,2025-07-19,1.07698311644617
IRN_SHAZAND,2025-07-22,1.062484760745558
IRN_SHAZAND,2025-07-23,1.034940796312919
IRN_SHAZAND,2025-07-24,1.0050984989552583
IRN_SHAZAND,2025-07-25,0.988288860528837
IRN_SHAZAND,2025-08-03,0.8016468566769744
IRN_SHAZAND,2025-08-04,0.6947452248156449
IRN_SHAZAND,2025-08-05,0.6739847207208941
IRN_SHAZAND,2025-08-10,0.6677688885267222
IRN_SHAZAND,2025-08-17,0.6103798995690493
IRN_SHAZAND,2025-08-18,0.6653568710197266
IRN_SHAZAND,2025-08-19,0.6807855851882848
IRN_SHAZAND,2025-08-20,0.6467749452556927
IRN_SHAZAND,2025-08-21,0.7794108052294547
IRN_SHAZAND,2025-08-22,0.634955423939505
IRN_SHAZAND,2025-08-23,0.6495577806646469
IRN_SHAZAND,2025-08-24,0.685929672103906
IRN_SHAZAND,2025-08-25,0.6870270035889785
IRN_SHAZAND,2025-08-26,0.7140121127582564
IRN_SHAZAND,2025-08-27,0.6916991281852443
IRN_SHAZAND,2025-08-28,0.7298742192996773
IRN_SHAZAND,2025-08-29,0.7162649502067696
IRN_SHAZAND,2025-08-30,0.7153379614370409
IRN_SHAZAND,2025-08-31,0.7215433607023818
IRN_SHAZAND,2025-09-01,0.748189278486454
IRN_SHAZAND,2025-09-02,0.7429354169725676
IRN_SHAZAND,2025-09-03,0.7618092188234253
IRN_SHAZAND,2025-09-05,0.8345704905539625
IRN_SHAZAND,2025-09-06,0.8748665135221072
IRN_SHAZAND,2025-09-07,0.9371599215274977
IRN_SHAZAND,2025-09-09,1.0009589529681153
IRN_SHAZAND,2025-09-10,1.0058872006105124
IRN_SHAZAND,2025-09-11,0.9974713469531139
IRN_SHAZAND,2025-09-12,0.9997507134078824
IRN_SHAZAND,2025-09-13,1.0016557394726249
IRN_SHAZAND,2025-09-14,0.9780300357492839
IRN_SHAZAND,2025-09-15,0.9933331624769279
IRN_SHAZAND,2025-09-16,0.9959066122799374
IRN_SHAZAND,2025-09-17,1.0003198867558625
IRN_SHAZAND,2025-09-18,0.998548648264431
IRN_SHAZAND,2025-09-22,1.0640305271012145
IRN_SHAZAND,2025-09-23,1.018947434746381
IRN_SHAZAND,2025-09-26,1.048150139422973
IRN_SHAZAND,2025-09-27,1.021746290013169
IRN_SHAZAND,2025-09-28,1.0581839954566477
IRN_SHAZAND,2025-09-29,1.029403871878604
IRN_SHAZAND,2025-09-30,1.0849626100357448
IRN_SHAZAND,2025-10-01,1.0763191204142013
IRN_SHAZAND,2025-10-02,1.0459871677415606
IRN_SHAZAND,2025-10-05,1.011723423221986
IRN_SHAZAND,2025-10-07,0.9734165048531933
IRN_SHAZAND,2025-10-08,1.028912995412516
IRN_SHAZAND,2025-10-09,1.054406332511749
IRN_SHAZAND,2025-10-10,1.0515535840518355
IRN_SHAZAND,2025-10-11,1.0933007065627032
IRN_SHAZAND,2025-10-12,1.1151451641096939
IRN_SHAZAND,2025-10-13,1.0950453507112081
IRN_SHAZAND,2025-10-14,1.120052322933918
IRN_SHAZAND,2025-10-15,1.155353149983973
IRN_SHAZAND,2025-10-16,1.2230552623938478
IRN_SHAZAND,2025-10-19,1.287028038537982
IRN_SHAZAND,2025-10-20,1.2677348861902413
IRN_SHAZAND,2025-10-21,1.2755972051039526
IRN_SHAZAND,2025-10-22,1.2745892105790662
IRN_SHAZAND,2025-10-23,1.3114364725001497
IRN_SHAZAND,2025-10-24,1.315592698530699
IRN_SHAZAND,2025-10-26,1.3133350481108146
IRN_SHAZAND,2025-10-27,1.3543519655522671
IRN_SHAZAND,2025-10-29,1.4141514160087212
IRN_SHAZAND,2025-10-30,1.3661952566608404
IRN_SHAZAND,2025-10-31,1.3352904201387683
IRN_SHAZAND,2025-11-01,1.4402039255075403
IRN_SHAZAND,2025-11-02,1.4737014108190938
IRN_SHAZAND,2025-11-03,1.4479057577630943
IRN_SHAZAND,2025-11-04,1.404330573571197
IRN_SHAZAND,2025-11-09,1.2807933297659841
IRN_SHAZAND,2025-11-10,1.2355072572335208
IRN_SHAZAND,2025-11-12,1.3296591047874495
IRN_SHAZAND,2025-11-19,1.2401523151921192
IRN_SHAZAND,2025-11-20,1.1641283233250643
IRN_SHAZAND,2025-11-21,1.194713858232718
IRN_SHAZAND,2025-11-22,1.2279426678608718
IRN_SHAZAND,2025-11-23,1.2142811217652578
IRN_SHAZAND,2025-12-04,1.3527263191388592
IRN_SHAZAND,2025-12-07,1.3604398238934614
IRN_SHAZAND,2026-01-08,
IRN_SHAZAND,2026-01-11,
IRN_SHAZAND,2026-01-12,
IRN_SHAZAND,2026-01-16,
IRN_SHAZAND,2026-01-26,
IRN_SHAZAND,2026-01-27,
IRN_SHAZAND,2026-01-28,
IRN_SHAZAND,2026-01-31,1.0620765482221237
IRN_SHAZAND,2026-02-05,1.0128199450204807
IRN_SHAZAND,2026-02-06,1.113809414760882
IRN_SHAZAND,2026-02-17,
IRN_SHAZAND,2026-02-18,1.2448779699239167
IRN_SHAZAND,2026-02-21,1.303418996876684
IRN_SHAZAND,2026-02-22,1.3200871467821251
IRN_SHAZAND,2026-02-23,1.2445054263825266
IRN_SHAZAND,2026-02-25,1.2009087109052228
IRN_SHAZAND,2026-02-26,1.1719711066357048
IRN_SHAZAND,2026-03-03,1.1100770872898156
IRN_SHAZAND,2026-03-05,1.0545569807065103
IRN_SHAZAND,2026-03-06,1.019914692046047
IRN_SHAZAND,2026-03-10,0.9118343570933208
IRN_SHAZAND,2026-03-14,0.9488894569871128
IRN_SHAZAND,2026-03-17,0.9168606281975467
IRN_SHAZAND,2026-03-19,0.8671439914932548
IRN_SHAZAND,2026-03-21,0.8165526139333426
IRN_SHAZAND,2026-04-01,0.5975788481611839
IRN_SHAZAND,2026-04-02,0.5888541024622763
IRN_SHAZAND,2026-04-06,0.5455195070422647
IRN_SHAZAND,2026-04-11,0.5800356843940991
IRN_SHAZAND,2026-04-15,0.45068463874221554
IRN_SHAZAND,2026-04-17,0.389739372385023
IRN_SHAZAND,2026-04-23,
IRN_SHAZAND,2026-04-24,0.4541835475657971
IRN_SHAZAND,2026-04-25,0.49828750901115604
IRN_SHAZAND,2026-04-28,0.5175865273078474
IRN_SHAZAND,2026-04-30,0.5142500735273327
IRN_SHAZAND,2026-05-01,0.5734798504583419
IRN_SHAZAND,2026-05-03,0.5642342883677589
IRN_SHAZAND,2026-05-09,0.581482018622184
IRN_SHAZAND,2026-05-10,0.6594259055272168
IRN_SHAZAND,2026-05-11,0.6523904476153217
IRN_SHAZAND,2026-05-12,0.7100438880781295
IRN_SHAZAND,2026-05-15,0.7311935925296489
IRN_SHAZAND,2026-05-20,0.7750835473570741
IRN_SHAZAND,2026-05-23,0.829475285978331
IRN_SHAZAND,2026-05-27,0.8459854381900035
IRN_SHAZAND,2026-05-28,0.8626551333782776
IRN_SHAZAND,2026-06-02,0.9563602964193262
IRN_SHAZAND,2026-06-04,0.9331865055067854
IRN_SHAZAND,2026-06-05,0.9090179707515306
IRN_SHAZAND,2026-06-06,0.9886511750248665
IRN_SHAZAND,2026-06-08,1.0830197288363395
IRN_SHAZAND,2026-06-09,1.0666551124495134
IRN_SHAZAND,2026-06-11,1.0394287164576814
IRN_SHAZAND,2026-06-12,1.116661420292987
IRN_SHAZAND,2026-06-13,1.1106491594247563
IRN_SHAZAND,2026-06-14,1.1591023467960035
IRN_SHAZAND,2026-06-16,1.0756306323334222
IRN_SHAZAND,2026-06-17,1.0683278767516615
IRN_SHAZAND,2026-06-18,1.0333512168408316
IRN_SHAZAND,2026-06-21,1.076076986532994
IRN_SHAZAND,2026-06-24,1.0429353121597267
IRN_SHAZAND,2026-06-25,1.0650014139946675
IRN_SHAZAND,2026-06-26,1.0519016708864184
IRN_SHAZAND,2026-06-27,1.0952919714060139
IRN_SHAZAND,2026-06-28,1.1483983092582777
IRN_SHAZAND,2026-06-30,1.1329754239688912
IRN_SHAZAND,2026-07-01,1.1553038870698071
IRN_SHAZAND,2026-07-02,1.1530192760501006
IRN_SHAZAND,2026-07-03,1.085563298060765
IRN_SHAZAND,2026-07-04,1.1199212656629405
IRN_SHAZAND,2026-07-05,1.159246918122527
IRN_SHAZAND,2026-07-06,1.0745491771209212
IRN_SHAZAND,2026-07-07,1.0174529821743534
IRN_SHAZAND,2026-07-08,0.9836820538174694
IRN_SHAZAND,2026-07-09,0.9073737638157655
IRN_SHAZAND,2026-07-12,0.8651363555085126
IRN_SHAZAND,2026-07-13,0.877988589513829
IRN_SHAZAND,2026-07-15,0.8643807625857728
IRN_SHAZAND,2026-07-16,0.8965614030350132
IRN_SHAZAND,2026-07-18,0.8539410793328853
IRN_SHAZAND,2026-07-19,0.9034329649619143
IRN_SHAZAND,2026-07-21,0.8751781271247631
IRN_SHAZAND,2026-07-22,0.8649699140360737
IRN_SHAZAND,2026-07-24,0.8366254216073399
IRN_SHAZAND,2026-07-25,0.8023551436452674
IRN_SHAZAND,2026-07-27,0.7396009995832998
IRN_SHAZAND,2026-07-28,0.6782505310964843
IRN_SHAZAND,2026-07-29,0.6733920894856873
IRN_SHAZAND,2026-07-30,0.6550824837888999
IRN_SHAZAND,2026-07-31,0.6136460072584599
IRN_SHAZAND,2026-08-01,0.5913641566779637
IRN_SHAZAND,2026-08-08,0.6783705631213577
IRN_SHAZAND,2026-08-10,0.694783686578623
IRN_SHAZAND,2026-08-11,0.710364027618958
IRN_SHAZAND,2026-08-12,0.6815774198625122
IRN_SHAZAND,2026-08-13,0.6810636354045837
IRN_SHAZAND,2026-08-17,0.7968479540076803
IRN_SHAZAND,2026-08-18,0.7600851722063758
IRN_SHAZAND,2026-08-22,0.753647041169732
IRN_SHAZAND,2026-08-23,0.763201358697144
IRN_SHAZAND,2026-08-24,0.771272714334901
IRN_SHAZAND,2026-08-25,0.7489742528333554
IRN_SHAZAND,2026-08-26,0.7914768668867719
IRN_SHAZAND,2026-08-28,0.8588632254307554
IRN_SHAZAND,2026-09-01,1.0036180260028222
IRN_SHAZAND,2026-09-02,0.9902571871562815
IRN_SHAZAND,2026-09-03,0.9609544251780937
IRN_SHAZAND,2026-09-04,0.9025354422024496
IRN_SHAZAND,2026-09-05,0.9284666380315628
IRN_SHAZAND,2026-09-06,0.9461175120657256
IRN_SHAZAND,2026-09-09,0.945792190984587
IRN_SHAZAND,2026-09-10,0.9387447071648233
IRN_SHIRVAN,2025-01-02,
IRN_SHIRVAN,2025-01-03,
IRN_SHIRVAN,2025-01-04,
IRN_SHIRVAN,2025-01-08,
IRN_SHIRVAN,2025-01-09,
IRN_SHIRVAN,2025-01-11,
IRN_SHIRVAN,2025-01-18,
IRN_SHIRVAN,2025-01-22,0.8237225131969143
IRN_SHIRVAN,2025-01-23,0.9033825966902044
IRN_SHIRVAN,2025-01-24,0.8924880246075914
IRN_SHIRVAN,2025-01-31,0.8360563614862246
IRN_SHIRVAN,2025-02-01,0.8582042245303927
IRN_SHIRVAN,2025-02-10,
IRN_SHIRVAN,2025-02-16,0.7140838986471628
IRN_SHIRVAN,2025-02-19,0.8070499763743546
IRN_SHIRVAN,2025-03-06,
IRN_SHIRVAN,2025-03-07,
IRN_SHIRVAN,2025-03-20,
IRN_SHIRVAN,2025-03-28,
IRN_SHIRVAN,2025-03-29,
IRN_SHIRVAN,2025-04-01,
IRN_SHIRVAN,2025-04-03,
IRN_SHIRVAN,2025-04-06,
IRN_SHIRVAN,2025-04-11,
IRN_SHIRVAN,2025-04-14,0.7191025095486278
IRN_SHIRVAN,2025-04-16,0.7313813809389524
IRN_SHIRVAN,2025-04-20,0.7634121626719792
IRN_SHIRVAN,2025-04-22,0.8328227924821767
IRN_SHIRVAN,2025-04-24,0.8317165674194743
IRN_SHIRVAN,2025-04-25,0.8377353454848016
IRN_SHIRVAN,2025-04-29,0.8146870975155026
IRN_SHIRVAN,2025-05-02,0.799275416393455
IRN_SHIRVAN,2025-05-04,0.830286773662764
IRN_SHIRVAN,2025-05-05,0.8381485705668265
IRN_SHIRVAN,2025-05-08,0.8362187779098417
IRN_SHIRVAN,2025-05-11,0.9195990204774294
IRN_SHIRVAN,2025-05-12,1.0394119926266858
IRN_SHIRVAN,2025-05-13,0.995593591936907
IRN_SHIRVAN,2025-05-16,1.098969338379413
IRN_SHIRVAN,2025-05-17,1.075477317638258
IRN_SHIRVAN,2025-05-18,1.0471618892513666
IRN_SHIRVAN,2025-05-19,1.0861683431973879
IRN_SHIRVAN,2025-05-20,1.1256773925064394
IRN_SHIRVAN,2025-05-23,1.0605305088263557
IRN_SHIRVAN,2025-05-24,1.0411292219461696
IRN_SHIRVAN,2025-05-28,1.0054385563421926
IRN_SHIRVAN,2025-05-29,1.0283717092541915
IRN_SHIRVAN,2025-05-30,1.044173811629811
IRN_SHIRVAN,2025-05-31,1.128982242279489
IRN_SHIRVAN,2025-06-04,1.1794024942726464
IRN_SHIRVAN,2025-06-05,1.1463166673732137
IRN_SHIRVAN,2025-06-06,1.1251833985514013
IRN_SHIRVAN,2025-06-09,1.116890127071634
IRN_SHIRVAN,2025-06-14,1.0559828902125143
IRN_SHIRVAN,2025-06-15,1.0051975967728066
IRN_SHIRVAN,2025-06-16,1.0737471628557504
IRN_SHIRVAN,2025-06-17,1.1127895266695131
IRN_SHIRVAN,2025-06-18,1.0578784524919875
IRN_SHIRVAN,2025-06-19,0.9872058065212046
IRN_SHIRVAN,2025-06-20,0.9944902926167523
IRN_SHIRVAN,2025-06-21,1.0446496648895705
IRN_SHIRVAN,2025-06-23,1.075873979883606
IRN_SHIRVAN,2025-06-24,1.068163861649453
IRN_SHIRVAN,2025-06-25,1.033101298024909
IRN_SHIRVAN,2025-06-26,1.007384771531918
IRN_SHIRVAN,2025-06-28,1.0133294633607874
IRN_SHIRVAN,2025-06-29,0.982418340397767
IRN_SHIRVAN,2025-06-30,0.8745146931518345
IRN_SHIRVAN,2025-07-01,0.8551236456917307
IRN_SHIRVAN,2025-07-02,0.8732446714199804
IRN_SHIRVAN,2025-07-03,0.8721516809346991
IRN_SHIRVAN,2025-07-04,0.858273907426274
IRN_SHIRVAN,2025-07-05,0.8736001838670617
IRN_SHIRVAN,2025-07-06,0.8607190964496296
IRN_SHIRVAN,2025-07-07,0.8348004225505197
IRN_SHIRVAN,2025-07-09,0.8779635720360462
IRN_SHIRVAN,2025-07-10,0.8665633923205541
IRN_SHIRVAN,2025-07-11,0.8541318606752547
IRN_SHIRVAN,2025-07-12,0.8251492475382908
IRN_SHIRVAN,2025-07-16,0.7430383423613516
IRN_SHIRVAN,2025-07-17,0.7254980019601317
IRN_SHIRVAN,2025-07-22,0.7704746031100291
IRN_SHIRVAN,2025-07-23,0.7901669798943028
IRN_SHIRVAN,2025-07-24,0.8038147367219773
IRN_SHIRVAN,2025-07-25,0.8438001372396767
IRN_SHIRVAN,2025-07-26,0.8837266622658613
IRN_SHIRVAN,2025-07-27,0.8851775096382108
IRN_SHIRVAN,2025-07-28,0.9623955302852039
IRN_SHIRVAN,2025-07-29,1.0006125209218064
IRN_SHIRVAN,2025-07-30,1.0620022854469096
IRN_SHIRVAN,2025-07-31,1.1015214954206287
IRN_SHIRVAN,2025-08-01,1.0685486899952643
IRN_SHIRVAN,2025-08-02,1.1349939918758456
IRN_SHIRVAN,2025-08-03,1.1933041974851835
IRN_SHIRVAN,2025-08-04,1.239932964573599
IRN_SHIRVAN,2025-08-06,1.306725908939573
IRN_SHIRVAN,2025-08-07,1.3180105406787967
IRN_SHIRVAN,2025-08-08,1.3017469699085362
IRN_SHIRVAN,2025-08-09,1.3476508445721065
IRN_SHIRVAN,2025-08-10,1.3872015474232884
IRN_SHIRVAN,2025-08-11,1.4002590611277956
IRN_SHIRVAN,2025-08-12,1.3908333892311058
IRN_SHIRVAN,2025-08-15,1.4135886448334034
IRN_SHIRVAN,2025-08-16,1.4165668812533132
IRN_SHIRVAN,2025-08-18,1.3961759540865326
IRN_SHIRVAN,2025-08-21,1.2962211472233793
IRN_SHIRVAN,2025-08-23,1.2990143308640676
IRN_SHIRVAN,2025-08-24,1.31005140959826
IRN_SHIRVAN,2025-08-27,1.277191854587212
IRN_SHIRVAN,2025-08-28,1.241519786710174
IRN_SHIRVAN,2025-08-29,1.1870073222143804
IRN_SHIRVAN,2025-08-30,1.2009082073224673
IRN_SHIRVAN,2025-08-31,1.2361971278490853
IRN_SHIRVAN,2025-09-02,1.1566189900560562
IRN_SHIRVAN,2025-09-03,1.096369307336894
IRN_SHIRVAN,2025-09-04,1.1949723461055795
IRN_SHIRVAN,2025-09-09,1.1337489488866193
IRN_SHIRVAN,2025-09-11,1.1890503526238079
IRN_SHIRVAN,2025-09-12,1.1605388862003396
IRN_SHIRVAN,2025-09-13,1.143784017781208
IRN_SHIRVAN,2025-09-15,1.1497955871688283
IRN_SHIRVAN,2025-09-16,1.1582733396010365
IRN_SHIRVAN,2025-09-17,1.1718703893970812
IRN_SHIRVAN,2025-09-18,1.1958716684069841
IRN_SHIRVAN,2025-09-20,1.302594901164916
IRN_SHIRVAN,2025-09-21,1.2887115436172834
IRN_SHIRVAN,2025-09-22,1.294496411231305
IRN_SHIRVAN,2025-09-23,1.2503209319982682
IRN_SHIRVAN,2025-09-24,1.248439868494149
IRN_SHIRVAN,2025-09-27,1.3013655889580433
IRN_SHIRVAN,2025-09-28,1.3289545685310225
IRN_SHIRVAN,2025-09-29,1.2951148660768226
IRN_SHIRVAN,2025-10-01,1.3018968327676785
IRN_SHIRVAN,2025-10-02,1.2801784583287987
IRN_SHIRVAN,2025-10-04,1.218409945508942
IRN_SHIRVAN,2025-10-05,1.1993253393137149
IRN_SHIRVAN,2025-10-10,1.2504095783104447
IRN_SHIRVAN,2025-10-11,1.244516874706799
IRN_SHIRVAN,2025-10-14,1.2620205231246597
IRN_SHIRVAN,2025-10-15,1.2284354100821846
IRN_SHIRVAN,2025-10-19,1.1737561831774768
IRN_SHIRVAN,2025-10-20,1.0400589078795885
IRN_SHIRVAN,2025-10-22,1.0644491211165232
IRN_SHIRVAN,2025-10-23,1.0704929241375234
IRN_SHIRVAN,2025-10-24,1.0792560771287643
IRN_SHIRVAN,2025-10-25,1.0277403887490963
IRN_SHIRVAN,2025-10-26,1.0151504875892836
IRN_SHIRVAN,2025-10-27,0.9805344007289977
IRN_SHIRVAN,2025-10-28,0.9468166771197575
IRN_SHIRVAN,2025-10-30,0.9351368904323097
IRN_SHIRVAN,2025-10-31,0.8881276641774127
IRN_SHIRVAN,2025-11-01,0.8595864517152774
IRN_SHIRVAN,2025-11-02,0.8519064095507369
IRN_SHIRVAN,2025-11-04,0.8252103387108668
IRN_SHIRVAN,2025-11-05,0.845699303864883
IRN_SHIRVAN,2025-11-06,0.8639469324130957
IRN_SHIRVAN,2025-11-07,0.8923512240045595
IRN_SHIRVAN,2025-11-08,0.9194984179846055
IRN_SHIRVAN,2025-11-09,0.8798448237691339
IRN_SHIRVAN,2025-11-10,0.861011568463774
IRN_SHIRVAN,2025-11-16,0.8762722920246317
IRN_SHIRVAN,2025-11-20,0.8858011673351498
IRN_SHIRVAN,2025-11-29,0.8754683261886658
IRN_SHIRVAN,2025-12-04,0.9243850539592737
IRN_SHIRVAN,2025-12-08,
IRN_SHIRVAN,2025-12-22,
IRN_SHIRVAN,2025-12-23,
IRN_SHIRVAN,2026-01-01,
IRN_SHIRVAN,2026-01-05,
IRN_SHIRVAN,2026-01-09,
IRN_SHIRVAN,2026-01-11,
IRN_SHIRVAN,2026-01-12,
IRN_SHIRVAN,2026-01-13,0.939475673115448
IRN_SHIRVAN,2026-01-17,0.8870311189838911
IRN_SHIRVAN,2026-01-21,0.8386829322327413
IRN_SHIRVAN,2026-01-22,0.7711684014093436
IRN_SHIRVAN,2026-01-27,0.8245747952398332
IRN_SHIRVAN,2026-01-28,0.8264900414523488
IRN_SHIRVAN,2026-01-31,0.7849026341749465
IRN_SHIRVAN,2026-02-01,0.8019521076826269
IRN_SHIRVAN,2026-02-06,0.8028119859190141
IRN_SHIRVAN,2026-02-07,0.8081753561231808
IRN_SHIRVAN,2026-02-17,0.8436671696411895
IRN_SHIRVAN,2026-02-18,0.9251933183683227
IRN_SHIRVAN,2026-02-19,0.9262617425302682
IRN_SHIRVAN,2026-02-21,1.0549109402680101
IRN_SHIRVAN,2026-02-23,1.042990530331348
IRN_SHIRVAN,2026-02-24,1.0140138193367088
IRN_SHIRVAN,2026-02-26,0.9546969043726334
IRN_SHIRVAN,2026-02-27,0.9487591368494673
IRN_SHIRVAN,2026-02-28,0.9515912284822519
IRN_SHIRVAN,2026-03-11,0.8887304283522359
IRN_SHIRVAN,2026-03-13,0.8527083248675318
IRN_SHIRVAN,2026-03-15,0.85888503569985
IRN_SHIRVAN,2026-03-20,0.7555430927258387
IRN_SHIRVAN,2026-03-22,0.6862998489439373
IRN_SHIRVAN,2026-03-23,0.6145892753987763
IRN_SHIRVAN,2026-04-03,
IRN_SHIRVAN,2026-04-11,
IRN_SHIRVAN,2026-04-12,
IRN_SHIRVAN,2026-04-16,
IRN_SHIRVAN,2026-04-18,0.4688095966397213
IRN_SHIRVAN,2026-04-24,
IRN_SHIRVAN,2026-04-26,
IRN_SHIRVAN,2026-04-27,0.5890525309083653
IRN_SHIRVAN,2026-05-04,0.5896386734057175
IRN_SHIRVAN,2026-05-05,0.5651714843821185
IRN_SHIRVAN,2026-05-10,0.5656912458462473
IRN_SHIRVAN,2026-05-12,0.6297727832819735
IRN_SHIRVAN,2026-05-13,0.7213877337088083
IRN_SHIRVAN,2026-05-15,0.6877325415388396
IRN_SHIRVAN,2026-05-16,0.6349941380298911
IRN_SHIRVAN,2026-05-23,0.6631433664207562
IRN_SHIRVAN,2026-05-24,0.7953335581773594
IRN_SHIRVAN,2026-05-26,0.7359828785792182
IRN_SHIRVAN,2026-05-27,0.7075505620466465
IRN_SHIRVAN,2026-05-29,0.703670587898315
IRN_SHIRVAN,2026-05-31,0.682994343186977
IRN_SHIRVAN,2026-06-01,0.7119213833538709
IRN_SHIRVAN,2026-06-11,0.8222941002096321
IRN_SHIRVAN,2026-06-14,0.8592214884780665
IRN_SHIRVAN,2026-06-16,0.874053496867622
IRN_SHIRVAN,2026-06-19,0.942623988053358
IRN_SHIRVAN,2026-06-21,0.9968918285478221
IRN_SHIRVAN,2026-06-23,0.9743597673013997
IRN_SHIRVAN,2026-06-24,0.9761427393190751
IRN_SHIRVAN,2026-06-25,1.039302316459062
IRN_SHIRVAN,2026-06-26,1.0832235139022723
IRN_SHIRVAN,2026-06-27,1.0589592294986614
IRN_SHIRVAN,2026-06-28,1.038537114290824
IRN_SHIRVAN,2026-06-30,1.0921136322439784
IRN_SHIRVAN,2026-07-02,1.0607375218701087
IRN_SHIRVAN,2026-07-03,1.0472273502047995
IRN_SHIRVAN,2026-07-05,1.0310938554096598
IRN_SHIRVAN,2026-07-07,1.0057421015921257
IRN_SHIRVAN,2026-07-08,0.9780664674454954
IRN_SHIRVAN,2026-07-10,0.9623076255684663
IRN_SHIRVAN,2026-07-11,0.9025474367867284
IRN_SHIRVAN,2026-07-13,0.8886694484571515
IRN_SHIRVAN,2026-07-14,0.8509216875298672
IRN_SHIRVAN,2026-07-15,0.8544676274324898
IRN_SHIRVAN,2026-07-16,0.8699572049672317
IRN_SHIRVAN,2026-07-17,0.8462857372146511
IRN_SHIRVAN,2026-07-18,0.8234238273811123
IRN_SHIRVAN,2026-07-19,0.7775504757215994
IRN_SHIRVAN,2026-07-23,0.7296312913493919
IRN_SHIRVAN,2026-07-24,0.743046925286799
IRN_SHIRVAN,2026-07-25,0.7532194534644057
IRN_SHIRVAN,2026-07-26,0.7936665894333569
IRN_SHIRVAN,2026-07-27,0.8493593747173863
IRN_SHIRVAN,2026-07-28,0.8674312736152734
IRN_SHIRVAN,2026-07-29,0.8635694762565224
IRN_SHIRVAN,2026-07-30,0.8242606821670274
IRN_SHIRVAN,2026-07-31,0.82138796136108
IRN_SHIRVAN,2026-08-01,0.8171653408275555
IRN_SHIRVAN,2026-08-04,0.811531138552808
IRN_SHIRVAN,2026-08-05,0.7954146888235757
IRN_SHIRVAN,2026-08-07,0.8087628966558477
IRN_SHIRVAN,2026-08-09,0.8062032499203745
IRN_SHIRVAN,2026-08-10,0.9025121705595084
IRN_SHIRVAN,2026-08-11,0.9137793958901493
IRN_SHIRVAN,2026-08-13,0.9680340972349248
IRN_SHIRVAN,2026-08-16,1.0143206173558972
IRN_SHIRVAN,2026-08-18,1.033309163971999
IRN_SHIRVAN,2026-08-19,1.0259916514963439
IRN_SHIRVAN,2026-08-23,0.9970223109965576
IRN_SHIRVAN,2026-08-24,0.9596703762134275
IRN_SHIRVAN,2026-08-25,0.9722175232960866
IRN_SHIRVAN,2026-08-26,0.9434749895227093
IRN_SHIRVAN,2026-08-28,1.0610016814812597
IRN_SHIRVAN,2026-08-29,1.1537732516187367
IRN_SHIRVAN,2026-08-30,1.222078176866205
IRN_SHIRVAN,2026-08-31,1.2373247985679503
IRN_SHIRVAN,2026-09-01,1.2074698933870025
IRN_SHIRVAN,2026-09-03,1.2379986623200203
IRN_SHIRVAN,2026-09-04,1.2891315222772282
IRN_SHIRVAN,2026-09-05,1.2916302538024549
IRN_SHIRVAN,2026-09-06,1.3233643394175538
IRN_SHIRVAN,2026-09-08,1.3323728547058418
IRN_SHIRVAN,2026-09-10,1.2720703755304064
IRQ_ANBAR,2025-01-01,
IRQ_ANBAR,2025-01-02,
IRQ_ANBAR,2025-01-03,
IRQ_ANBAR,2025-01-08,
IRQ_ANBAR,2025-01-09,
IRQ_ANBAR,2025-01-13,
IRQ_ANBAR,2025-01-14,
IRQ_ANBAR,2025-01-17,0.46569282768167924
IRQ_ANBAR,2025-01-18,0.5391770183633661
IRQ_ANBAR,2025-01-19,0.5755837189955584
IRQ_ANBAR,2025-01-20,0.5924259610283835
IRQ_ANBAR,2025-01-21,0.6264234740738542
IRQ_ANBAR,2025-01-23,0.26618681562175844
IRQ_ANBAR,2025-01-24,0.3852022550764526
IRQ_ANBAR,2025-01-25,0.3919876223487014
IRQ_ANBAR,2025-01-26,0.4001872857708757
IRQ_ANBAR,2025-01-27,0.4590545583624794
IRQ_ANBAR,2025-01-28,0.4578738060801651
IRQ_ANBAR,2025-01-29,0.4947176071518811
IRQ_ANBAR,2025-01-30,0.5134893359150274
IRQ_ANBAR,2025-01-31,0.49329850567614286
IRQ_ANBAR,2025-02-01,0.5066506676970108
IRQ_ANBAR,2025-02-02,0.5011941143775162
IRQ_ANBAR,2025-02-04,0.5480561335262217
IRQ_ANBAR,2025-02-05,0.7161794102017267
IRQ_ANBAR,2025-02-09,0.7948605832415144
IRQ_ANBAR,2025-02-11,0.9852916045064571
IRQ_ANBAR,2025-02-12,0.9546870365965279
IRQ_ANBAR,2025-02-13,0.9490755406846955
IRQ_ANBAR,2025-02-14,0.9441687087680206
IRQ_ANBAR,2025-02-15,0.925682186194947
IRQ_ANBAR,2025-02-18,0.9410446610801849
IRQ_ANBAR,2025-02-20,1.1027828570980294
IRQ_ANBAR,2025-02-22,1.321970920845976
IRQ_ANBAR,2025-02-23,1.26578078129096
IRQ_ANBAR,2025-02-24,1.2838544720238534
IRQ_ANBAR,2025-02-25,1.385384479465411
IRQ_ANBAR,2025-02-26,1.3797855823075593
IRQ_ANBAR,2025-03-02,1.450202179833284
IRQ_ANBAR,2025-03-03,1.464272545499373
IRQ_ANBAR,2025-03-06,1.4563832653890034
IRQ_ANBAR,2025-03-11,1.287248475146078
IRQ_ANBAR,2025-03-12,1.222896029285889
IRQ_ANBAR,2025-03-13,0.9585803355617031
IRQ_ANBAR,2025-03-14,1.0295667742913501
IRQ_ANBAR,2025-03-15,0.9881988997867661
IRQ_ANBAR,2025-03-16,0.9612396562360985
IRQ_ANBAR,2025-03-19,1.0170170933861133
IRQ_ANBAR,2025-03-22,0.7773407124491748
IRQ_ANBAR,2025-03-23,0.772304376395763
IRQ_ANBAR,2025-03-25,0.7864617610402386
IRQ_ANBAR,2025-03-28,0.4648150949798527
IRQ_ANBAR,2025-03-29,0.4855492892518794
IRQ_ANBAR,2025-03-31,0.46520239746092457
IRQ_ANBAR,2025-04-01,0.44142233204615183
IRQ_ANBAR,2025-04-03,0.4048776671281258
IRQ_ANBAR,2025-04-05,0.4805704286977338
IRQ_ANBAR,2025-04-06,0.3990610465553483
IRQ_ANBAR,2025-04-07,0.38388557010732366
IRQ_ANBAR,2025-04-12,0.4059924479852894
IRQ_ANBAR,2025-04-13,0.41293444607853047
IRQ_ANBAR,2025-04-15,0.40825585275471477
IRQ_ANBAR,2025-04-17,0.4104125710391047
IRQ_ANBAR,2025-04-18,0.3458318702133167
IRQ_ANBAR,2025-04-19,0.33060565650830703
IRQ_ANBAR,2025-04-20,0.3567254918919341
IRQ_ANBAR,2025-04-22,0.2702680550474826
IRQ_ANBAR,2025-04-23,0.28842700151709766
IRQ_ANBAR,2025-04-27,0.3974535796921139
IRQ_ANBAR,2025-04-29,0.34971386188729026
IRQ_ANBAR,2025-05-01,0.49266387241570275
IRQ_ANBAR,2025-05-02,0.5006133056068869
IRQ_ANBAR,2025-05-03,0.5146055590889865
IRQ_ANBAR,2025-05-06,0.5756732541213457
IRQ_ANBAR,2025-05-07,0.6273305324719692
IRQ_ANBAR,2025-05-08,0.6972314549919841
IRQ_ANBAR,2025-05-09,0.6958090588553327
IRQ_ANBAR,2025-05-10,0.7382545059876072
IRQ_ANBAR,2025-05-11,0.6411863485617226
IRQ_ANBAR,2025-05-12,0.6859951385157296
IRQ_ANBAR,2025-05-13,0.7033668124263187
IRQ_ANBAR,2025-05-14,0.6986097805307286
IRQ_ANBAR,2025-05-15,0.7128294931679419
IRQ_ANBAR,2025-05-16,0.7014768429778575
IRQ_ANBAR,2025-05-17,0.7362543700412505
IRQ_ANBAR,2025-05-18,0.8029836628326602
IRQ_ANBAR,2025-05-19,0.8438632513251207
IRQ_ANBAR,2025-05-20,0.828484072984955
IRQ_ANBAR,2025-05-21,0.8155483754594488
IRQ_ANBAR,2025-05-22,0.8697707802796336
IRQ_ANBAR,2025-05-23,0.8525715285385461
IRQ_ANBAR,2025-05-26,0.8483060459694852
IRQ_ANBAR,2025-05-27,0.8430365990288511
IRQ_ANBAR,2025-05-28,0.8810818375249764
IRQ_ANBAR,2025-05-29,0.955054087200959
IRQ_ANBAR,2025-05-30,0.9456046242955606
IRQ_ANBAR,2025-05-31,0.867967592367549
IRQ_ANBAR,2025-06-01,0.9108661806242229
IRQ_ANBAR,2025-06-03,0.9876478557551618
IRQ_ANBAR,2025-06-04,0.9850426254099282
IRQ_ANBAR,2025-06-05,0.9446740547987711
IRQ_ANBAR,2025-06-06,0.9246586735610597
IRQ_ANBAR,2025-06-07,0.9067821270357433
IRQ_ANBAR,2025-06-08,0.9201095098006346
IRQ_ANBAR,2025-06-13,0.976797386374901
IRQ_ANBAR,2025-06-14,0.988545358877334
IRQ_ANBAR,2025-06-16,1.0011629686967292
IRQ_ANBAR,2025-06-17,0.9996814066523235
IRQ_ANBAR,2025-06-20,1.0564095857902571
IRQ_ANBAR,2025-06-21,1.0946941250118543
IRQ_ANBAR,2025-06-22,1.1744250187961403
IRQ_ANBAR,2025-06-23,1.1721506116164506
IRQ_ANBAR,2025-06-24,1.1771086093170524
IRQ_ANBAR,2025-06-26,1.2251747991246824
IRQ_ANBAR,2025-06-27,1.2066309552503727
IRQ_ANBAR,2025-06-28,1.2064027122750434
IRQ_ANBAR,2025-06-29,1.236050746512728
IRQ_ANBAR,2025-07-01,1.2819277183420645
IRQ_ANBAR,2025-07-02,1.2696473929286476
IRQ_ANBAR,2025-07-04,1.2373219637177075
IRQ_ANBAR,2025-07-05,1.2603710738522629
IRQ_ANBAR,2025-07-07,1.2979360977710983
IRQ_ANBAR,2025-07-08,1.3006815991403406
IRQ_ANBAR,2025-07-09,1.312744203784391
IRQ_ANBAR,2025-07-10,1.3522717888737736
IRQ_ANBAR,2025-07-11,1.3524542334550171
IRQ_ANBAR,2025-07-16,1.431555395957813
IRQ_ANBAR,2025-07-17,1.3899424469117005
IRQ_ANBAR,2025-07-18,1.3501446321426709
IRQ_ANBAR,2025-07-19,1.3609655630302837
IRQ_ANBAR,2025-07-20,1.3446200012504907
IRQ_ANBAR,2025-07-21,1.4785571057667026
IRQ_ANBAR,2025-07-22,1.4930982802000756
IRQ_ANBAR,2025-07-24,1.516523438079552
IRQ_ANBAR,2025-07-25,1.5218287307614105
IRQ_ANBAR,2025-07-28,1.4969267512502293
IRQ_ANBAR,2025-07-29,1.5290549551592936
IRQ_ANBAR,2025-07-30,1.4817679034791853
IRQ_ANBAR,2025-07-31,1.4811793678475262
IRQ_ANBAR,2025-08-01,1.4967121909905068
IRQ_ANBAR,2025-08-02,1.4757337081819761
IRQ_ANBAR,2025-08-03,1.4496428763645592
IRQ_ANBAR,2025-08-04,1.4509661520989676
IRQ_ANBAR,2025-08-06,1.4668216329242894
IRQ_ANBAR,2025-08-07,1.5255016334021925
IRQ_ANBAR,2025-08-08,1.4907370338953654
IRQ_ANBAR,2025-08-09,1.4958975718307814
IRQ_ANBAR,2025-08-10,1.5192889307332231
IRQ_ANBAR,2025-08-11,1.5349054250211567
IRQ_ANBAR,2025-08-12,1.5241816604332328
IRQ_ANBAR,2025-08-13,1.555185991270487
IRQ_ANBAR,2025-08-14,1.5260467616282534
IRQ_ANBAR,2025-08-17,1.5874429096925537
IRQ_ANBAR,2025-08-18,1.5785360841935372
IRQ_ANBAR,2025-08-19,1.5933921216785034
IRQ_ANBAR,2025-08-20,1.4980190705524368
IRQ_ANBAR,2025-08-21,1.4733394819045873
IRQ_ANBAR,2025-08-22,1.5075442997914448
IRQ_ANBAR,2025-08-23,1.5283807749072065
IRQ_ANBAR,2025-08-24,1.5288002384048616
IRQ_ANBAR,2025-08-25,1.5072425534036589
IRQ_ANBAR,2025-08-26,1.515428127984904
IRQ_ANBAR,2025-08-27,1.5280347832670367
IRQ_ANBAR,2025-08-28,1.525309604692376
IRQ_ANBAR,2025-09-01,1.5928609928907749
IRQ_ANBAR,2025-09-02,1.6270633266443093
IRQ_ANBAR,2025-09-03,1.6388305328331525
IRQ_ANBAR,2025-09-06,1.5766424826137355
IRQ_ANBAR,2025-09-07,1.5641664857108362
IRQ_ANBAR,2025-09-08,1.5734686840910352
IRQ_ANBAR,2025-09-09,1.526441861718468
IRQ_ANBAR,2025-09-10,1.4673111739010483
IRQ_ANBAR,2025-09-11,1.473008475053581
IRQ_ANBAR,2025-09-12,1.445875985176813
IRQ_ANBAR,2025-09-13,1.506454358847016
IRQ_ANBAR,2025-09-14,1.5339225427646912
IRQ_ANBAR,2025-09-15,1.5348496526342732
IRQ_ANBAR,2025-09-16,1.5140921416563375
IRQ_ANBAR,2025-09-17,1.4870198661375633
IRQ_ANBAR,2025-09-18,1.5980087422803484
IRQ_ANBAR,2025-09-19,1.5780417270713167
IRQ_ANBAR,2025-09-20,1.559109289214909
IRQ_ANBAR,2025-09-21,1.521059916825685
IRQ_ANBAR,2025-09-22,1.5126481797536568
IRQ_ANBAR,2025-09-23,1.5012550191289622
IRQ_ANBAR,2025-09-24,1.5034956547335339
IRQ_ANBAR,2025-09-25,1.4495882125727102
IRQ_ANBAR,2025-09-26,1.4215029275833777
IRQ_ANBAR,2025-09-27,1.4129718161263003
IRQ_ANBAR,2025-09-30,1.3822788264530226
IRQ_ANBAR,2025-10-01,1.3699070232267763
IRQ_ANBAR,2025-10-02,1.36653636083093
IRQ_ANBAR,2025-10-03,1.3625285663874938
IRQ_ANBAR,2025-10-04,1.3270269617681356
IRQ_ANBAR,2025-10-05,1.3304449548047776
IRQ_ANBAR,2025-10-06,1.3272400767052797
IRQ_ANBAR,2025-10-09,1.3348684775810635
IRQ_ANBAR,2025-10-10,1.319480404750013
IRQ_ANBAR,2025-10-11,1.2849275406243263
IRQ_ANBAR,2025-10-12,1.2367509596761446
IRQ_ANBAR,2025-10-13,1.1764452041834317
IRQ_ANBAR,2025-10-14,1.1433124655926634
IRQ_ANBAR,2025-10-18,0.9944289987687153
IRQ_ANBAR,2025-10-19,1.065526208337824
IRQ_ANBAR,2025-10-20,1.0910365371518767
IRQ_ANBAR,2025-10-21,1.0302235743777333
IRQ_ANBAR,2025-10-22,1.0738056008864851
IRQ_ANBAR,2025-10-23,0.9954530576870999
IRQ_ANBAR,2025-10-25,1.1613849729126797
IRQ_ANBAR,2025-10-26,1.2379315021988633
IRQ_ANBAR,2025-10-29,1.236997708589187
IRQ_ANBAR,2025-10-30,1.2424369712568117
IRQ_ANBAR,2025-10-31,1.249204659032834
IRQ_ANBAR,2025-11-01,1.2114963567149684
IRQ_ANBAR,2025-11-02,1.2112937342005041
IRQ_ANBAR,2025-11-03,1.195114430989372
IRQ_ANBAR,2025-11-04,1.1522801954440915
IRQ_ANBAR,2025-11-06,1.0915888020879996
IRQ_ANBAR,2025-11-08,1.0550301162996585
IRQ_ANBAR,2025-11-09,1.1854564814216213
IRQ_ANBAR,2025-11-11,1.235472492399791
IRQ_ANBAR,2025-11-17,1.2497813554217887
IRQ_ANBAR,2025-11-18,1.1053834834913918
IRQ_ANBAR,2025-11-19,1.108776959625816
IRQ_ANBAR,2025-11-20,1.2013947051692253
IRQ_ANBAR,2025-11-21,1.1316274308029854
IRQ_ANBAR,2025-11-22,1.2597079972303367
IRQ_ANBAR,2025-11-23,1.2807623510778197
IRQ_ANBAR,2025-11-26,1.1151026617207889
IRQ_ANBAR,2025-11-27,1.1432539793755154
IRQ_ANBAR,2025-11-28,1.1152480115101142
IRQ_ANBAR,2025-12-01,1.2572460098821592
IRQ_ANBAR,2025-12-02,1.2143850447515352
IRQ_ANBAR,2025-12-03,1.2273391346549334
IRQ_ANBAR,2025-12-05,1.1353256124624282
IRQ_ANBAR,2025-12-06,1.1996360397141295
IRQ_ANBAR,2025-12-10,1.0724006340774306
IRQ_ANBAR,2025-12-11,1.082260614230712
IRQ_ANBAR,2025-12-14,1.0683158840135452
IRQ_ANBAR,2025-12-18,1.0994177455597167
IRQ_ANBAR,2025-12-20,0.9338022889561712
IRQ_ANBAR,2025-12-22,0.8318158100316004
IRQ_ANBAR,2025-12-25,0.7744455517271646
IRQ_ANBAR,2025-12-30,0.6849378475390265
IRQ_ANBAR,2026-01-01,0.4999886400809477
IRQ_ANBAR,2026-01-03,0.5279841462399503
IRQ_ANBAR,2026-01-04,0.6699029339407344
IRQ_ANBAR,2026-01-05,0.7075305644793505
IRQ_ANBAR,2026-01-06,0.7220314331626432
IRQ_ANBAR,2026-01-12,0.7159974211586161
IRQ_ANBAR,2026-01-14,0.7053596963892893
IRQ_ANBAR,2026-01-15,0.720275742061021
IRQ_ANBAR,2026-01-16,0.734737283588471
IRQ_ANBAR,2026-01-20,0.8343036123876656
IRQ_ANBAR,2026-01-21,0.8272690233732651
IRQ_ANBAR,2026-01-23,0.541190172309604
IRQ_ANBAR,2026-01-24,0.35627511562366626
IRQ_ANBAR,2026-01-25,0.39194092035901273
IRQ_ANBAR,2026-01-26,0.4305264836725607
IRQ_ANBAR,2026-01-27,0.3275924366912428
IRQ_ANBAR,2026-01-29,0.2564272001213459
IRQ_ANBAR,2026-01-31,0.2941422907070733
IRQ_ANBAR,2026-02-01,0.3744634195454747
IRQ_ANBAR,2026-02-02,0.36455759696558415
IRQ_ANBAR,2026-02-07,0.2364258954055599
IRQ_ANBAR,2026-02-10,0.281106953048119
IRQ_ANBAR,2026-02-13,0.1898713798462259
IRQ_ANBAR,2026-02-15,0.14259920244303295
IRQ_ANBAR,2026-02-16,0.1701999244154264
IRQ_ANBAR,2026-02-17,0.15139029933486206
IRQ_ANBAR,2026-02-19,0.12943920332387004
IRQ_ANBAR,2026-02-20,0.06827760443074295
IRQ_ANBAR,2026-02-21,0.11072356723783533
IRQ_ANBAR,2026-02-22,0.4158779154577544
IRQ_ANBAR,2026-02-23,0.5208261688441881
IRQ_ANBAR,2026-02-25,0.49640150142026385
IRQ_ANBAR,2026-02-27,0.598890255492365
IRQ_ANBAR,2026-02-28,0.6287968262143578
IRQ_ANBAR,2026-03-01,0.6551393012565265
IRQ_ANBAR,2026-03-02,0.6375210143057025
IRQ_ANBAR,2026-03-03,0.5828482075623369
IRQ_ANBAR,2026-03-04,0.6241614201932264
IRQ_ANBAR,2026-03-08,0.6061207058297547
IRQ_ANBAR,2026-03-09,0.6414347785673066
IRQ_ANBAR,2026-03-10,0.6144904198666481
IRQ_ANBAR,2026-03-16,0.6665300391910826
IRQ_ANBAR,2026-03-17,0.6929563123537994
IRQ_ANBAR,2026-03-18,0.6778006042185986
IRQ_ANBAR,2026-03-20,0.6942720972289372
IRQ_ANBAR,2026-03-28,0.718444257077065
IRQ_ANBAR,2026-03-30,0.7243129385958498
IRQ_ANBAR,2026-04-04,0.6283592092848042
IRQ_ANBAR,2026-04-05,0.6409380901149976
IRQ_ANBAR,2026-04-08,0.760874719442632
IRQ_ANBAR,2026-04-10,0.8013106903582491
IRQ_ANBAR,2026-04-12,0.75816306178985
IRQ_ANBAR,2026-04-14,0.730118525055499
IRQ_ANBAR,2026-04-15,0.7049481171784516
IRQ_ANBAR,2026-04-17,0.6505705187622266
IRQ_ANBAR,2026-04-19,0.8082904778596623
IRQ_ANBAR,2026-04-21,0.8321755549816015
IRQ_ANBAR,2026-04-22,0.7989407919621063
IRQ_ANBAR,2026-04-23,0.7482034125903094
IRQ_ANBAR,2026-04-24,0.713910495773802
IRQ_ANBAR,2026-04-25,0.6436735911461572
IRQ_ANBAR,2026-04-26,0.56670119470036
IRQ_ANBAR,2026-04-30,0.5219933671654123
IRQ_ANBAR,2026-05-02,0.4578599225318753
IRQ_ANBAR,2026-05-03,0.5039371181255847
IRQ_ANBAR,2026-05-04,0.5245302311571667
IRQ_ANBAR,2026-05-05,0.5588092945819211
IRQ_ANBAR,2026-05-06,0.5874606665169835
IRQ_ANBAR,2026-05-07,0.5822788486375345
IRQ_ANBAR,2026-05-08,0.5262953732636666
IRQ_ANBAR,2026-05-09,0.51752463943011
IRQ_ANBAR,2026-05-10,0.5579481402114538
IRQ_ANBAR,2026-05-11,0.3662921159248215
IRQ_ANBAR,2026-05-13,0.39547894582793075
IRQ_ANBAR,2026-05-14,0.47019487193097637
IRQ_ANBAR,2026-05-17,0.5093851081953261
IRQ_ANBAR,2026-05-20,0.522042893163547
IRQ_ANBAR,2026-05-21,0.5535958516244954
IRQ_ANBAR,2026-05-22,0.5792757798796236
IRQ_ANBAR,2026-05-23,0.6397357827019047
IRQ_ANBAR,2026-05-25,0.7796879288094857
IRQ_ANBAR,2026-05-26,0.8179711687039625
IRQ_ANBAR,2026-05-27,0.788676077741713
IRQ_ANBAR,2026-05-28,0.8093134420951968
IRQ_ANBAR,2026-05-29,0.7930738184549162
IRQ_ANBAR,2026-05-30,0.7958397120377497
IRQ_ANBAR,2026-05-31,0.7968291989180325
IRQ_ANBAR,2026-06-01,0.8587230813713176
IRQ_ANBAR,2026-06-02,0.955807255349116
IRQ_ANBAR,2026-06-03,0.975426588883975
IRQ_ANBAR,2026-06-04,1.0335408390795207
IRQ_ANBAR,2026-06-05,1.074261815641463
IRQ_ANBAR,2026-06-06,1.232184370041918
IRQ_ANBAR,2026-06-08,1.3514448988151866
IRQ_ANBAR,2026-06-10,1.2811983277906838
IRQ_ANBAR,2026-06-11,1.3655601050534998
IRQ_ANBAR,2026-06-12,1.3778222580794546
IRQ_ANBAR,2026-06-13,1.3606217933086122
IRQ_ANBAR,2026-06-14,1.3648994790554747
IRQ_ANBAR,2026-06-15,1.407728231229047
IRQ_ANBAR,2026-06-16,1.4293411400693887
IRQ_ANBAR,2026-06-17,1.4219414669609267
IRQ_ANBAR,2026-06-18,1.458609664001584
IRQ_ANBAR,2026-06-21,1.414889400198316
IRQ_ANBAR,2026-06-23,1.5584396870697776
IRQ_ANBAR,2026-06-25,1.5953951487923073
IRQ_ANBAR,2026-06-26,1.6440662275730313
IRQ_ANBAR,2026-06-27,1.681382878073374
IRQ_ANBAR,2026-06-28,1.7690465255053984
IRQ_ANBAR,2026-06-29,1.7835717829254236
IRQ_ANBAR,2026-06-30,1.8078151610329831
IRQ_ANBAR,2026-07-03,1.7969309126812603
IRQ_ANBAR,2026-07-04,1.7509012172279255
IRQ_ANBAR,2026-07-05,1.717714941568975
IRQ_ANBAR,2026-07-06,1.5862451443967855
IRQ_ANBAR,2026-07-07,1.6305323146540223
IRQ_ANBAR,2026-07-08,1.6436968281420348
IRQ_ANBAR,2026-07-09,1.6489027371620821
IRQ_ANBAR,2026-07-10,1.9170922370566066
IRQ_ANBAR,2026-07-12,1.8656624074505594
IRQ_ANBAR,2026-07-13,1.8980197371641285
IRQ_ANBAR,2026-07-14,1.8849881034556222
IRQ_ANBAR,2026-07-15,1.834640550845798
IRQ_ANBAR,2026-07-16,1.840823436116176
IRQ_ANBAR,2026-07-17,1.874747067967808
IRQ_ANBAR,2026-07-18,1.9260116945235968
IRQ_ANBAR,2026-07-19,1.8878247500755856
IRQ_ANBAR,2026-07-21,1.9040130856925421
IRQ_ANBAR,2026-07-24,1.7709248100788277
IRQ_ANBAR,2026-07-25,1.7977066109675686
IRQ_ANBAR,2026-07-26,1.7870918149632093
IRQ_ANBAR,2026-07-28,1.7608961718370435
IRQ_ANBAR,2026-07-29,1.80620913122967
IRQ_ANBAR,2026-07-30,1.849488449341171
IRQ_ANBAR,2026-07-31,1.8406020425419465
IRQ_ANBAR,2026-08-01,1.829688146931475
IRQ_ANBAR,2026-08-05,1.805480710904474
IRQ_ANBAR,2026-08-06,1.7500557439472169
IRQ_ANBAR,2026-08-07,1.6708386981398426
IRQ_ANBAR,2026-08-08,1.6352820526854956
IRQ_ANBAR,2026-08-09,1.6198016869496408
IRQ_ANBAR,2026-08-10,1.6838209608781747
IRQ_ANBAR,2026-08-11,1.7875395452899068
IRQ_ANBAR,2026-08-12,1.701436723874384
IRQ_ANBAR,2026-08-14,1.7432755343722077
IRQ_ANBAR,2026-08-15,1.7443571754478817
IRQ_ANBAR,2026-08-16,1.687528076818608
IRQ_ANBAR,2026-08-17,1.5705783001814517
IRQ_ANBAR,2026-08-18,1.5753472260523893
IRQ_ANBAR,2026-08-19,1.5632307702281436
IRQ_ANBAR,2026-08-22,1.5409415158521973
IRQ_ANBAR,2026-08-23,1.5175817979344142
IRQ_ANBAR,2026-08-24,1.478652179295489
IRQ_ANBAR,2026-08-25,1.4569047102307382
IRQ_ANBAR,2026-08-26,1.436199458487309
IRQ_ANBAR,2026-08-27,1.3849012297494279
IRQ_ANBAR,2026-08-28,1.3339153403102049
IRQ_ANBAR,2026-08-29,1.341112689846338
IRQ_ANBAR,2026-08-30,1.3301449883495446
IRQ_ANBAR,2026-08-31,1.3565834665426169
IRQ_ANBAR,2026-09-01,1.3856301524952273
IRQ_ANBAR,2026-09-02,1.3630031623107504
IRQ_ANBAR,2026-09-03,1.335952963784498
IRQ_ANBAR,2026-09-04,1.3832916387056402
IRQ_ANBAR,2026-09-06,1.591044971969415
IRQ_ANBAR,2026-09-08,1.6743647183103545
IRQ_ANBAR,2026-09-09,1.6923437666547745
IRQ_ANBAR,2026-09-10,1.7263732184438954
IRQ_ERBIL,2025-01-01,
IRQ_ERBIL,2025-01-02,
IRQ_ERBIL,2025-01-04,
IRQ_ERBIL,2025-01-07,
IRQ_ERBIL,2025-01-08,
IRQ_ERBIL,2025-01-10,
IRQ_ERBIL,2025-01-13,
IRQ_ERBIL,2025-01-16,0.3775935239599809
IRQ_ERBIL,2025-01-17,0.3493445152316569
IRQ_ERBIL,2025-01-18,0.36635023172632264
IRQ_ERBIL,2025-01-25,0.4224595542955916
IRQ_ERBIL,2025-01-26,0.5012358184630342
IRQ_ERBIL,2025-01-27,0.4123504368340267
IRQ_ERBIL,2025-01-28,0.38647866506424927
IRQ_ERBIL,2025-01-29,0.4123204894241764
IRQ_ERBIL,2025-01-30,0.38083803012848455
IRQ_ERBIL,2025-01-31,0.2671328357586377
IRQ_ERBIL,2025-02-01,0.2700492480858105
IRQ_ERBIL,2025-02-13,0.4223418244955179
IRQ_ERBIL,2025-02-15,0.23814356886036883
IRQ_ERBIL,2025-02-18,0.3853737131508895
IRQ_ERBIL,2025-02-25,0.2762811988369636
IRQ_ERBIL,2025-02-26,0.4540007897221951
IRQ_ERBIL,2025-02-27,0.5163707830986903
IRQ_ERBIL,2025-02-28,0.48812961703351654
IRQ_ERBIL,2025-03-12,0.8347390041246937
IRQ_ERBIL,2025-03-13,0.8229303348488343
IRQ_ERBIL,2025-03-14,0.7805864483899951
IRQ_ERBIL,2025-03-15,0.6620035563275788
IRQ_ERBIL,2025-03-17,1.0192591017889474
IRQ_ERBIL,2025-03-23,0.9474080770148211
IRQ_ERBIL,2025-03-27,1.0631408069115384
IRQ_ERBIL,2025-03-28,1.0568318025059376
IRQ_ERBIL,2025-04-03,1.130078142820821
IRQ_ERBIL,2025-04-07,1.1095985138762348
IRQ_ERBIL,2025-04-12,1.0877135953742865
IRQ_ERBIL,2025-04-17,
IRQ_ERBIL,2025-04-19,1.0191699808080505
IRQ_ERBIL,2025-04-20,0.9855645318994094
IRQ_ERBIL,2025-04-22,0.877439840059153
IRQ_ERBIL,2025-04-23,0.8270803480612157
IRQ_ERBIL,2025-04-29,0.6643106580307764
IRQ_ERBIL,2025-05-01,0.7550890077276043
IRQ_ERBIL,2025-05-05,0.7591638718234827
IRQ_ERBIL,2025-05-07,0.7729143169441175
IRQ_ERBIL,2025-05-08,0.8436295620565065
IRQ_ERBIL,2025-05-09,0.8494749268858035
IRQ_ERBIL,2025-05-10,0.8255249671897242
IRQ_ERBIL,2025-05-11,0.9317208823364147
IRQ_ERBIL,2025-05-15,0.9373890090844357
IRQ_ERBIL,2025-05-16,0.9429909997231365
IRQ_ERBIL,2025-05-17,0.920966544053789
IRQ_ERBIL,2025-05-18,0.9026241976832232
IRQ_ERBIL,2025-05-19,0.9306486862227952
IRQ_ERBIL,2025-05-20,0.9562416554691279
IRQ_ERBIL,2025-05-22,1.089116797435427
IRQ_ERBIL,2025-05-23,1.1403950105834118
IRQ_ERBIL,2025-05-24,1.1549800985094314
IRQ_ERBIL,2025-05-25,1.0614642324448593
IRQ_ERBIL,2025-05-28,1.0664344799769996
IRQ_ERBIL,2025-05-29,1.09912554791469
IRQ_ERBIL,2025-05-31,1.0449180618787144
IRQ_ERBIL,2025-06-01,1.0786553181096172
IRQ_ERBIL,2025-06-02,1.078454617869655
IRQ_ERBIL,2025-06-03,1.1157371048110212
IRQ_ERBIL,2025-06-05,1.0952577543901307
IRQ_ERBIL,2025-06-06,1.0667716667011933
IRQ_ERBIL,2025-06-08,1.055665772137154
IRQ_ERBIL,2025-06-10,0.986176142101171
IRQ_ERBIL,2025-06-12,0.9685045723105977
IRQ_ERBIL,2025-06-14,1.035293095226874
IRQ_ERBIL,2025-06-15,1.072756270341686
IRQ_ERBIL,2025-06-16,1.07419893016484
IRQ_ERBIL,2025-06-17,1.084475960216144
IRQ_ERBIL,2025-06-18,1.111852380499105
IRQ_ERBIL,2025-06-19,1.1204207360563576
IRQ_ERBIL,2025-06-20,1.0460433188757596
IRQ_ERBIL,2025-06-21,1.0112044851202517
IRQ_ERBIL,2025-06-22,1.0224820731230884
IRQ_ERBIL,2025-06-23,1.0105304808928075
IRQ_ERBIL,2025-06-24,1.1020252134614028
IRQ_ERBIL,2025-06-25,1.0736562432496832
IRQ_ERBIL,2025-06-26,1.0308221146385719
IRQ_ERBIL,2025-06-27,0.9998589790115258
IRQ_ERBIL,2025-06-29,1.00783355279646
IRQ_ERBIL,2025-06-30,1.0589233063763124
IRQ_ERBIL,2025-07-01,1.0332684044619889
IRQ_ERBIL,2025-07-02,1.0395847460012553
IRQ_ERBIL,2025-07-03,1.065956152001103
IRQ_ERBIL,2025-07-04,1.1352245073217413
IRQ_ERBIL,2025-07-05,1.217462938777303
IRQ_ERBIL,2025-07-06,1.2292517967732046
IRQ_ERBIL,2025-07-07,1.185247088203697
IRQ_ERBIL,2025-07-09,1.1533703260505483
IRQ_ERBIL,2025-07-10,1.1617209392361476
IRQ_ERBIL,2025-07-11,1.1171149737271537
IRQ_ERBIL,2025-07-13,1.0907395478027093
IRQ_ERBIL,2025-07-14,1.0962554337344446
IRQ_ERBIL,2025-07-16,1.1145256091002613
IRQ_ERBIL,2025-07-17,1.1281576643540054
IRQ_ERBIL,2025-07-18,1.0966654691485949
IRQ_ERBIL,2025-07-19,1.09180736000307
IRQ_ERBIL,2025-07-20,1.1652107938385752
IRQ_ERBIL,2025-07-21,1.1480064294803867
IRQ_ERBIL,2025-07-22,1.186233273815025
IRQ_ERBIL,2025-07-23,1.1980526920241474
IRQ_ERBIL,2025-07-24,1.2349522375665936
IRQ_ERBIL,2025-07-25,1.2678033732703615
IRQ_ERBIL,2025-07-26,1.3255931128887541
IRQ_ERBIL,2025-07-27,1.4097588876748843
IRQ_ERBIL,2025-07-30,1.4193741397836377
IRQ_ERBIL,2025-07-31,1.4504679196966526
IRQ_ERBIL,2025-08-01,1.4754353547149077
IRQ_ERBIL,2025-08-02,1.4291102382552874
IRQ_ERBIL,2025-08-03,1.3528448875429968
IRQ_ERBIL,2025-08-04,1.2916374205141812
IRQ_ERBIL,2025-08-05,1.3055600538773757
IRQ_ERBIL,2025-08-07,1.3463069804676737
IRQ_ERBIL,2025-08-08,1.357287398362189
IRQ_ERBIL,2025-08-09,1.4028851459156035
IRQ_ERBIL,2025-08-10,1.4550102399379155
IRQ_ERBIL,2025-08-11,1.5253388595127328
IRQ_ERBIL,2025-08-12,1.5795042161567836
IRQ_ERBIL,2025-08-13,1.488973249898623
IRQ_ERBIL,2025-08-14,1.4351231296628824
IRQ_ERBIL,2025-08-15,1.3835096151733959
IRQ_ERBIL,2025-08-16,1.437966059721178
IRQ_ERBIL,2025-08-17,1.4850663793338563
IRQ_ERBIL,2025-08-18,1.5212315871619955
IRQ_ERBIL,2025-08-19,1.507377653420703
IRQ_ERBIL,2025-08-20,1.510475649311653
IRQ_ERBIL,2025-08-21,1.5220869229429719
IRQ_ERBIL,2025-08-22,1.4798873170843412
IRQ_ERBIL,2025-08-23,1.4379944511672522
IRQ_ERBIL,2025-08-24,1.4381728610280915
IRQ_ERBIL,2025-08-25,1.449077003750098
IRQ_ERBIL,2025-08-26,1.4137688388282754
IRQ_ERBIL,2025-08-27,1.4029998240450012
IRQ_ERBIL,2025-08-28,1.4181163647951947
IRQ_ERBIL,2025-08-29,1.3720541228164411
IRQ_ERBIL,2025-08-30,1.3494192850163336
IRQ_ERBIL,2025-08-31,1.317316953075158
IRQ_ERBIL,2025-09-01,1.305816536143886
IRQ_ERBIL,2025-09-03,1.3688213168136474
IRQ_ERBIL,2025-09-04,1.377478881799879
IRQ_ERBIL,2025-09-05,1.3616196515065868
IRQ_ERBIL,2025-09-06,1.384228300520013
IRQ_ERBIL,2025-09-07,1.394488159580384
IRQ_ERBIL,2025-09-08,1.370654842918833
IRQ_ERBIL,2025-09-09,1.3619957356495198
IRQ_ERBIL,2025-09-10,1.2882541182609528
IRQ_ERBIL,2025-09-11,1.3103072121469947
IRQ_ERBIL,2025-09-12,1.3903777995928337
IRQ_ERBIL,2025-09-13,1.429873701491626
IRQ_ERBIL,2025-09-14,1.4760083329389544
IRQ_ERBIL,2025-09-16,1.401849874689005
IRQ_ERBIL,2025-09-17,1.3526168707950714
IRQ_ERBIL,2025-09-19,1.343018857925866
IRQ_ERBIL,2025-09-20,1.3018076914073686
IRQ_ERBIL,2025-09-21,1.3494760375526036
IRQ_ERBIL,2025-09-22,1.3351995707085165
IRQ_ERBIL,2025-09-23,1.3056384022640388
IRQ_ERBIL,2025-09-24,1.29117154410321
IRQ_ERBIL,2025-09-25,1.2376974227679005
IRQ_ERBIL,2025-09-26,1.1940605971067089
IRQ_ERBIL,2025-09-27,1.181777565565148
IRQ_ERBIL,2025-09-28,1.1896249739945455
IRQ_ERBIL,2025-09-29,1.1952803843968907
IRQ_ERBIL,2025-09-30,1.2015668273837694
IRQ_ERBIL,2025-10-01,1.1843703571113589
IRQ_ERBIL,2025-10-02,1.172919164377141
IRQ_ERBIL,2025-10-03,1.1325964920683889
IRQ_ERBIL,2025-10-04,1.1183129516241757
IRQ_ERBIL,2025-10-05,1.1373073134018692
IRQ_ERBIL,2025-10-06,1.109971460186739
IRQ_ERBIL,2025-10-07,1.1189671009563806
IRQ_ERBIL,2025-10-08,1.1589087932701994
IRQ_ERBIL,2025-10-09,1.1639692336466223
IRQ_ERBIL,2025-10-10,1.1446916067401696
IRQ_ERBIL,2025-10-11,1.1005866417409167
IRQ_ERBIL,2025-10-13,1.063098047620689
IRQ_ERBIL,2025-10-15,1.0221947843212063
IRQ_ERBIL,2025-10-16,1.031527092365189
IRQ_ERBIL,2025-10-17,1.0173927901558995
IRQ_ERBIL,2025-10-18,1.0148345117225916
IRQ_ERBIL,2025-10-19,1.0310291800416553
IRQ_ERBIL,2025-10-20,0.9947839484194371
IRQ_ERBIL,2025-10-22,0.9347223490878308
IRQ_ERBIL,2025-10-23,0.9416057308898798
IRQ_ERBIL,2025-10-25,0.9748180991681121
IRQ_ERBIL,2025-10-26,1.023691330538988
IRQ_ERBIL,2025-10-27,0.9977417840776268
IRQ_ERBIL,2025-10-28,1.0049252120096868
IRQ_ERBIL,2025-10-30,1.031759825960657
IRQ_ERBIL,2025-10-31,0.9857712686018953
IRQ_ERBIL,2025-11-01,0.957070816825297
IRQ_ERBIL,2025-11-02,0.9416031270553185
IRQ_ERBIL,2025-11-03,0.9597589452170147
IRQ_ERBIL,2025-11-04,0.9336148495815556
IRQ_ERBIL,2025-11-05,0.9493387524607826
IRQ_ERBIL,2025-11-06,0.9158288414549208
IRQ_ERBIL,2025-11-07,0.8382451761237304
IRQ_ERBIL,2025-11-08,0.8181046658769925
IRQ_ERBIL,2025-11-09,0.796131403181485
IRQ_ERBIL,2025-11-10,0.7783358659687323
IRQ_ERBIL,2025-11-12,0.7887001953548979
IRQ_ERBIL,2025-11-14,0.7842621951741777
IRQ_ERBIL,2025-11-18,0.7384973048503738
IRQ_ERBIL,2025-11-19,0.7291690155734635
IRQ_ERBIL,2025-11-20,0.7357552312260696
IRQ_ERBIL,2025-11-21,0.7665761878997771
IRQ_ERBIL,2025-11-30,0.6560951436114274
IRQ_ERBIL,2025-12-01,0.7322780481829272
IRQ_ERBIL,2025-12-02,0.7324426970468146
IRQ_ERBIL,2025-12-19,
IRQ_ERBIL,2025-12-20,
IRQ_ERBIL,2025-12-21,
IRQ_ERBIL,2026-01-04,
IRQ_ERBIL,2026-01-05,
IRQ_ERBIL,2026-01-16,
IRQ_ERBIL,2026-01-21,
IRQ_ERBIL,2026-01-24,
IRQ_ERBIL,2026-01-25,
IRQ_ERBIL,2026-01-27,
IRQ_ERBIL,2026-02-15,
IRQ_ERBIL,2026-02-16,
IRQ_ERBIL,2026-02-19,
IRQ_ERBIL,2026-02-20,
IRQ_ERBIL,2026-02-22,0.6613775186701698
IRQ_ERBIL,2026-02-23,0.6406086404071453
IRQ_ERBIL,2026-03-03,
IRQ_ERBIL,2026-03-04,0.5615608738745151
IRQ_ERBIL,2026-03-06,0.4688960128048887
IRQ_ERBIL,2026-03-07,0.43974064437576965
IRQ_ERBIL,2026-03-10,0.40759002270641614
IRQ_ERBIL,2026-03-16,0.37987042004585875
IRQ_ERBIL,2026-03-18,0.33714926901885056
IRQ_ERBIL,2026-04-01,0.17780090419499864
IRQ_ERBIL,2026-04-14,
IRQ_ERBIL,2026-04-15,
IRQ_ERBIL,2026-04-16,
IRQ_ERBIL,2026-04-17,
IRQ_ERBIL,2026-04-22,
IRQ_ERBIL,2026-04-26,
IRQ_ERBIL,2026-04-30,0.3329223666074014
IRQ_ERBIL,2026-05-03,0.2990755498859953
IRQ_ERBIL,2026-05-04,0.35934058211737313
IRQ_ERBIL,2026-05-05,0.46393628132484627
IRQ_ERBIL,2026-05-06,0.4402062112821162
IRQ_ERBIL,2026-05-08,0.4257123632645355
IRQ_ERBIL,2026-05-09,0.4240596613823595
IRQ_ERBIL,2026-05-11,0.3984814794238803
IRQ_ERBIL,2026-05-13,0.39676421071293466
IRQ_ERBIL,2026-05-21,0.4329468675924691
IRQ_ERBIL,2026-05-23,0.44178530833262686
IRQ_ERBIL,2026-05-24,0.43242110980820136
IRQ_ERBIL,2026-05-25,0.43199333542609963
IRQ_ERBIL,2026-05-26,0.4491689853658947
IRQ_ERBIL,2026-05-27,0.44600826238639474
IRQ_ERBIL,2026-05-28,0.4269436509177206
IRQ_ERBIL,2026-05-29,0.43091042143109903
IRQ_ERBIL,2026-05-31,0.4634573041276735
IRQ_ERBIL,2026-06-01,0.488209212350889
IRQ_ERBIL,2026-06-03,0.5037402911361879
IRQ_ERBIL,2026-06-04,0.4589941594237303
IRQ_ERBIL,2026-06-05,0.5091627368505673
IRQ_ERBIL,2026-06-06,0.5728401464926167
IRQ_ERBIL,2026-06-08,0.6143756483899422
IRQ_ERBIL,2026-06-09,0.6327949765919421
IRQ_ERBIL,2026-06-11,0.7083041177825206
IRQ_ERBIL,2026-06-12,0.7512308826283166
IRQ_ERBIL,2026-06-13,0.7938141449095426
IRQ_ERBIL,2026-06-14,0.7701611526501748
IRQ_ERBIL,2026-06-15,0.7836738232040319
IRQ_ERBIL,2026-06-16,0.7745010978959026
IRQ_ERBIL,2026-06-17,0.7294665188920607
IRQ_ERBIL,2026-06-19,0.7391777143741903
IRQ_ERBIL,2026-06-21,0.7387933459651904
IRQ_ERBIL,2026-06-23,0.782978709524627
IRQ_ERBIL,2026-06-24,0.7986040326755885
IRQ_ERBIL,2026-06-25,0.8140397554945027
IRQ_ERBIL,2026-06-26,0.8340535244061951
IRQ_ERBIL,2026-06-27,0.8777871643196353
IRQ_ERBIL,2026-06-28,0.922496997816904
IRQ_ERBIL,2026-06-30,0.9043636593673545
IRQ_ERBIL,2026-07-01,0.9230460343499808
IRQ_ERBIL,2026-07-02,0.906039194840536
IRQ_ERBIL,2026-07-03,0.9416475898376871
IRQ_ERBIL,2026-07-04,0.9615919214264949
IRQ_ERBIL,2026-07-05,0.9525016296394765
IRQ_ERBIL,2026-07-06,0.9206268979302829
IRQ_ERBIL,2026-07-07,0.9318484781406718
IRQ_ERBIL,2026-07-08,0.9534737828675155
IRQ_ERBIL,2026-07-09,0.9957789022245166
IRQ_ERBIL,2026-07-10,0.9816344931170965
IRQ_ERBIL,2026-07-11,0.958128265284977
IRQ_ERBIL,2026-07-12,0.9811712084358715
IRQ_ERBIL,2026-07-13,0.9760716406319448
IRQ_ERBIL,2026-07-14,1.0008540580653262
IRQ_ERBIL,2026-07-15,1.017390795025121
IRQ_ERBIL,2026-07-16,1.0443419224551558
IRQ_ERBIL,2026-07-17,1.1004818934463185
IRQ_ERBIL,2026-07-18,1.075897985070033
IRQ_ERBIL,2026-07-19,1.0579844881338716
IRQ_ERBIL,2026-07-20,1.0506315961233876
IRQ_ERBIL,2026-07-21,1.0229218356735827
IRQ_ERBIL,2026-07-22,0.9998635374158064
IRQ_ERBIL,2026-07-24,0.9881482751227747
IRQ_ERBIL,2026-07-25,0.9718762539604325
IRQ_ERBIL,2026-07-26,0.9502642639791129
IRQ_ERBIL,2026-07-27,0.9455937250298136
IRQ_ERBIL,2026-07-28,0.9123820482701722
IRQ_ERBIL,2026-07-29,0.8725604198587757
IRQ_ERBIL,2026-07-31,0.8683726771561169
IRQ_ERBIL,2026-08-01,0.883497936179832
IRQ_ERBIL,2026-08-03,0.8362830482244211
IRQ_ERBIL,2026-08-04,0.8674472409006637
IRQ_ERBIL,2026-08-05,0.8655296277544887
IRQ_ERBIL,2026-08-06,0.8504433711009156
IRQ_ERBIL,2026-08-07,0.8301481047687694
IRQ_ERBIL,2026-08-08,0.8194789975230612
IRQ_ERBIL,2026-08-09,0.8335400368883554
IRQ_ERBIL,2026-08-10,0.8460480671870187
IRQ_ERBIL,2026-08-11,0.8263844543283753
IRQ_ERBIL,2026-08-13,0.8091044324458939
IRQ_ERBIL,2026-08-14,0.7854002327164786
IRQ_ERBIL,2026-08-15,0.7958144507630313
IRQ_ERBIL,2026-08-16,0.7711223107665889
IRQ_ERBIL,2026-08-17,0.7747196328418154
IRQ_ERBIL,2026-08-18,0.7910154596878025
IRQ_ERBIL,2026-08-19,0.8133242785025089
IRQ_ERBIL,2026-08-21,0.8707537395116735
IRQ_ERBIL,2026-08-22,0.8648694134083462
IRQ_ERBIL,2026-08-24,0.9006870519997725
IRQ_ERBIL,2026-08-25,0.9240692193878577
IRQ_ERBIL,2026-08-26,0.9271971102576305
IRQ_ERBIL,2026-08-27,0.9486943835263801
IRQ_ERBIL,2026-08-28,1.0181359538548964
IRQ_ERBIL,2026-08-31,1.0563910568167807
IRQ_ERBIL,2026-09-01,1.0482674013950801
IRQ_ERBIL,2026-09-02,1.0541930844839367
IRQ_ERBIL,2026-09-03,0.9757654720557487
IRQ_ERBIL,2026-09-04,0.9390903668522632
IRQ_ERBIL,2026-09-05,0.9581924266696253
IRQ_ERBIL,2026-09-06,0.9807433373257612
IRQ_ERBIL,2026-09-08,0.9494762989923878
IRQ_ERBIL,2026-09-09,1.018652957627664
IRQ_MUSSAIB,2025-01-01,
IRQ_MUSSAIB,2025-01-02,
IRQ_MUSSAIB,2025-01-03,
IRQ_MUSSAIB,2025-01-04,
IRQ_MUSSAIB,2025-01-08,
IRQ_MUSSAIB,2025-01-09,
IRQ_MUSSAIB,2025-01-13,
IRQ_MUSSAIB,2025-01-14,0.5177294560018023
IRQ_MUSSAIB,2025-01-17,0.4864577199301918
IRQ_MUSSAIB,2025-01-18,0.452153717348126
IRQ_MUSSAIB,2025-01-19,0.443222545541521
IRQ_MUSSAIB,2025-01-21,0.4905014217665868
IRQ_MUSSAIB,2025-01-25,0.5057808039388821
IRQ_MUSSAIB,2025-01-27,0.5006370595632436
IRQ_MUSSAIB,2025-01-28,0.4901049346806385
IRQ_MUSSAIB,2025-01-29,0.4997200407886605
IRQ_MUSSAIB,2025-01-30,0.49975919338744496
IRQ_MUSSAIB,2025-01-31,0.5340502891070552
IRQ_MUSSAIB,2025-02-01,0.5432092066508218
IRQ_MUSSAIB,2025-02-02,0.5382896239485216
IRQ_MUSSAIB,2025-02-04,0.49416087186728413
IRQ_MUSSAIB,2025-02-09,0.5074165113831559
IRQ_MUSSAIB,2025-02-11,0.5605573527787514
IRQ_MUSSAIB,2025-02-12,0.6395813667445571
IRQ_MUSSAIB,2025-02-14,0.6460312652872535
IRQ_MUSSAIB,2025-02-15,0.6381359007045173
IRQ_MUSSAIB,2025-02-17,0.6859822146309972
IRQ_MUSSAIB,2025-02-18,0.7178554356395486
IRQ_MUSSAIB,2025-02-21,0.6747683152596444
IRQ_MUSSAIB,2025-02-24,0.6485751001162932
IRQ_MUSSAIB,2025-02-25,0.6405930281850954
IRQ_MUSSAIB,2025-02-27,0.7561945462965
IRQ_MUSSAIB,2025-02-28,0.8198589262215832
IRQ_MUSSAIB,2025-03-02,0.813444156009223
IRQ_MUSSAIB,2025-03-06,0.8470262222210182
IRQ_MUSSAIB,2025-03-12,0.8302652363026525
IRQ_MUSSAIB,2025-03-13,0.7514270284463659
IRQ_MUSSAIB,2025-03-14,0.6465002120016985
IRQ_MUSSAIB,2025-03-15,0.62602976221538
IRQ_MUSSAIB,2025-03-16,0.6809123582906947
IRQ_MUSSAIB,2025-03-22,0.6514185778615147
IRQ_MUSSAIB,2025-03-23,0.6494096909135408
IRQ_MUSSAIB,2025-03-24,0.6103767248887577
IRQ_MUSSAIB,2025-03-25,0.5988445328894332
IRQ_MUSSAIB,2025-03-29,0.47949207656712584
IRQ_MUSSAIB,2025-04-01,0.3961397523402621
IRQ_MUSSAIB,2025-04-03,0.3728957466881152
IRQ_MUSSAIB,2025-04-05,0.38541743783438187
IRQ_MUSSAIB,2025-04-07,0.38330316071253767
IRQ_MUSSAIB,2025-04-11,0.4054159234670199
IRQ_MUSSAIB,2025-04-12,0.406461483117799
IRQ_MUSSAIB,2025-04-13,0.44119718931472435
IRQ_MUSSAIB,2025-04-14,0.4821981262139477
IRQ_MUSSAIB,2025-04-15,0.4398368353871171
IRQ_MUSSAIB,2025-04-16,0.47119283754909447
IRQ_MUSSAIB,2025-04-17,0.4581921215698527
IRQ_MUSSAIB,2025-04-18,0.44656120615742817
IRQ_MUSSAIB,2025-04-19,0.44003708215446014
IRQ_MUSSAIB,2025-04-20,0.4521771433035746
IRQ_MUSSAIB,2025-04-22,0.46869831967734094
IRQ_MUSSAIB,2025-04-23,0.5235437616538775
IRQ_MUSSAIB,2025-04-24,0.5215306879406394
IRQ_MUSSAIB,2025-04-27,0.5621617517681411
IRQ_MUSSAIB,2025-05-02,0.6083848158354827
IRQ_MUSSAIB,2025-05-04,0.6335949204066682
IRQ_MUSSAIB,2025-05-05,0.6358903519915002
IRQ_MUSSAIB,2025-05-06,0.6320283573258353
IRQ_MUSSAIB,2025-05-07,0.6443713547260209
IRQ_MUSSAIB,2025-05-08,0.6407016160060688
IRQ_MUSSAIB,2025-05-09,0.6334487141555245
IRQ_MUSSAIB,2025-05-10,0.6287609205669034
IRQ_MUSSAIB,2025-05-12,0.6884409599279925
IRQ_MUSSAIB,2025-05-14,0.6665699695164589
IRQ_MUSSAIB,2025-05-15,0.6529267186661966
IRQ_MUSSAIB,2025-05-19,0.7032161296974813
IRQ_MUSSAIB,2025-05-20,0.8544203318395139
IRQ_MUSSAIB,2025-05-21,0.8965536869309161
IRQ_MUSSAIB,2025-05-22,0.9255289675266167
IRQ_MUSSAIB,2025-05-23,1.1298153799852149
IRQ_MUSSAIB,2025-05-24,1.200202635426429
IRQ_MUSSAIB,2025-05-25,1.1594871325734264
IRQ_MUSSAIB,2025-05-26,1.1517722258310736
IRQ_MUSSAIB,2025-05-27,1.2350320071225935
IRQ_MUSSAIB,2025-05-28,1.212759934714749
IRQ_MUSSAIB,2025-05-29,1.1920319127340488
IRQ_MUSSAIB,2025-05-30,1.206111192128873
IRQ_MUSSAIB,2025-05-31,1.2135625719505425
IRQ_MUSSAIB,2025-06-01,1.2033573685143166
IRQ_MUSSAIB,2025-06-04,1.2233968313350747
IRQ_MUSSAIB,2025-06-05,1.2177591204682268
IRQ_MUSSAIB,2025-06-06,1.2256423968955013
IRQ_MUSSAIB,2025-06-07,1.2482077574071295
IRQ_MUSSAIB,2025-06-08,1.3141801774769524
IRQ_MUSSAIB,2025-06-10,1.3124012358465307
IRQ_MUSSAIB,2025-06-12,1.35255425443552
IRQ_MUSSAIB,2025-06-13,1.4105579896317866
IRQ_MUSSAIB,2025-06-14,1.5005300774376664
IRQ_MUSSAIB,2025-06-15,1.4295917562157625
IRQ_MUSSAIB,2025-06-16,1.412987363653424
IRQ_MUSSAIB,2025-06-17,1.397238307143002
IRQ_MUSSAIB,2025-06-18,1.3940043391754446
IRQ_MUSSAIB,2025-06-19,1.2901038693387281
IRQ_MUSSAIB,2025-06-21,1.2664298257163353
IRQ_MUSSAIB,2025-06-22,1.097111633805409
IRQ_MUSSAIB,2025-06-23,1.0605143363829743
IRQ_MUSSAIB,2025-06-24,1.0693898094783367
IRQ_MUSSAIB,2025-06-26,0.972634433416085
IRQ_MUSSAIB,2025-06-27,0.9634275789852361
IRQ_MUSSAIB,2025-06-28,0.9811969161217996
IRQ_MUSSAIB,2025-06-29,1.0301475443512729
IRQ_MUSSAIB,2025-06-30,1.0039115678765735
IRQ_MUSSAIB,2025-07-01,0.9961600852818195
IRQ_MUSSAIB,2025-07-02,0.9779812502064708
IRQ_MUSSAIB,2025-07-04,0.9891240803732171
IRQ_MUSSAIB,2025-07-05,0.9962474778621818
IRQ_MUSSAIB,2025-07-09,0.9502211732388407
IRQ_MUSSAIB,2025-07-10,0.9683733969202915
IRQ_MUSSAIB,2025-07-11,0.9720029121255919
IRQ_MUSSAIB,2025-07-12,0.8962162203672467
IRQ_MUSSAIB,2025-07-13,0.8291779565348615
IRQ_MUSSAIB,2025-07-14,0.7448529347131766
IRQ_MUSSAIB,2025-07-16,0.7963851537215791
IRQ_MUSSAIB,2025-07-17,0.8677372668021922
IRQ_MUSSAIB,2025-07-18,0.9089162240624726
IRQ_MUSSAIB,2025-07-19,0.9082994881617461
IRQ_MUSSAIB,2025-07-20,0.9101822811538862
IRQ_MUSSAIB,2025-07-21,0.9978840082704231
IRQ_MUSSAIB,2025-07-22,1.0022747189775187
IRQ_MUSSAIB,2025-07-24,1.0101080329560148
IRQ_MUSSAIB,2025-07-25,1.0646495687010586
IRQ_MUSSAIB,2025-07-27,1.2079444737947929
IRQ_MUSSAIB,2025-07-28,1.2112973731550014
IRQ_MUSSAIB,2025-07-29,1.1306146793201237
IRQ_MUSSAIB,2025-07-30,1.1476801372975272
IRQ_MUSSAIB,2025-07-31,1.1909212647658296
IRQ_MUSSAIB,2025-08-01,1.1980240834230587
IRQ_MUSSAIB,2025-08-02,1.3166581310840428
IRQ_MUSSAIB,2025-08-07,1.4198222975163686
IRQ_MUSSAIB,2025-08-08,1.4335616367488215
IRQ_MUSSAIB,2025-08-09,1.437152332025019
IRQ_MUSSAIB,2025-08-10,1.427964818930191
IRQ_MUSSAIB,2025-08-12,1.4935697018831418
IRQ_MUSSAIB,2025-08-13,1.5160350868389365
IRQ_MUSSAIB,2025-08-16,1.4553338640110265
IRQ_MUSSAIB,2025-08-17,1.4264631025417025
IRQ_MUSSAIB,2025-08-18,1.4279162115139896
IRQ_MUSSAIB,2025-08-19,1.4033401261952674
IRQ_MUSSAIB,2025-08-20,1.3132625570730259
IRQ_MUSSAIB,2025-08-21,1.3343837552693094
IRQ_MUSSAIB,2025-08-22,1.3589335885934712
IRQ_MUSSAIB,2025-08-23,1.3585110382811925
IRQ_MUSSAIB,2025-08-24,1.2820772350427634
IRQ_MUSSAIB,2025-08-25,1.2552251820759708
IRQ_MUSSAIB,2025-08-27,1.1298538629952295
IRQ_MUSSAIB,2025-08-28,1.140286023122803
IRQ_MUSSAIB,2025-09-01,0.9556317895806142
IRQ_MUSSAIB,2025-09-02,0.9487940918734091
IRQ_MUSSAIB,2025-09-03,1.105000113788592
IRQ_MUSSAIB,2025-09-04,1.1821982302412033
IRQ_MUSSAIB,2025-09-05,1.2658309000046313
IRQ_MUSSAIB,2025-09-06,1.416910461008536
IRQ_MUSSAIB,2025-09-07,1.667715120478869
IRQ_MUSSAIB,2025-09-08,1.6221168068717389
IRQ_MUSSAIB,2025-09-09,1.6274813124773433
IRQ_MUSSAIB,2025-09-10,1.70281768362604
IRQ_MUSSAIB,2025-09-11,1.7760207923438731
IRQ_MUSSAIB,2025-09-12,1.786993709552892
IRQ_MUSSAIB,2025-09-13,1.7503702834504373
IRQ_MUSSAIB,2025-09-14,1.7168896063220744
IRQ_MUSSAIB,2025-09-15,1.708115878147362
IRQ_MUSSAIB,2025-09-16,1.7673353882401328
IRQ_MUSSAIB,2025-09-18,1.792086769990581
IRQ_MUSSAIB,2025-09-19,1.793798677390777
IRQ_MUSSAIB,2025-09-20,1.774484775524495
IRQ_MUSSAIB,2025-09-21,1.7212435257500314
IRQ_MUSSAIB,2025-09-22,1.7237978616952125
IRQ_MUSSAIB,2025-09-23,1.7292892730671128
IRQ_MUSSAIB,2025-09-24,1.7275090590538829
IRQ_MUSSAIB,2025-09-25,1.6951599408548814
IRQ_MUSSAIB,2025-09-26,1.725190446725404
IRQ_MUSSAIB,2025-09-27,1.7270783587375893
IRQ_MUSSAIB,2025-09-28,1.7361376357686582
IRQ_MUSSAIB,2025-09-29,1.7399275190200694
IRQ_MUSSAIB,2025-09-30,1.705167626584403
IRQ_MUSSAIB,2025-10-01,1.701578322866355
IRQ_MUSSAIB,2025-10-02,1.6898772208084887
IRQ_MUSSAIB,2025-10-03,1.567054199927026
IRQ_MUSSAIB,2025-10-04,1.4972961233111965
IRQ_MUSSAIB,2025-10-05,1.4112592000852155
IRQ_MUSSAIB,2025-10-06,1.2394415969996344
IRQ_MUSSAIB,2025-10-07,1.0395833304808701
IRQ_MUSSAIB,2025-10-09,1.0796156296853463
IRQ_MUSSAIB,2025-10-10,0.9894572025358539
IRQ_MUSSAIB,2025-10-11,0.903927822356619
IRQ_MUSSAIB,2025-10-12,0.9259432274963879
IRQ_MUSSAIB,2025-10-13,0.9173552072527107
IRQ_MUSSAIB,2025-10-14,0.9230013425618526
IRQ_MUSSAIB,2025-10-15,0.9186089020139291
IRQ_MUSSAIB,2025-10-19,0.9191109751641312
IRQ_MUSSAIB,2025-10-20,0.9340963931348172
IRQ_MUSSAIB,2025-10-21,0.9656293946407887
IRQ_MUSSAIB,2025-10-23,1.0220985041082025
IRQ_MUSSAIB,2025-10-25,1.0859014990575024
IRQ_MUSSAIB,2025-10-26,1.0643631671995906
IRQ_MUSSAIB,2025-10-27,1.07123978143733
IRQ_MUSSAIB,2025-10-28,1.030353435017741
IRQ_MUSSAIB,2025-10-30,1.0086398076514869
IRQ_MUSSAIB,2025-10-31,1.024964903868491
IRQ_MUSSAIB,2025-11-01,1.0325560938856413
IRQ_MUSSAIB,2025-11-02,1.0316642192919872
IRQ_MUSSAIB,2025-11-03,1.019492504532947
IRQ_MUSSAIB,2025-11-04,1.0139033399674295
IRQ_MUSSAIB,2025-11-05,1.0201972972414026
IRQ_MUSSAIB,2025-11-07,1.0174006679664012
IRQ_MUSSAIB,2025-11-08,1.0234792855324848
IRQ_MUSSAIB,2025-11-09,1.0208302706695154
IRQ_MUSSAIB,2025-11-10,1.032335656000587
IRQ_MUSSAIB,2025-11-11,0.9928322824033016
IRQ_MUSSAIB,2025-11-13,1.0720896172490457
IRQ_MUSSAIB,2025-11-16,1.0930963479461306
IRQ_MUSSAIB,2025-11-17,1.099672392234945
IRQ_MUSSAIB,2025-11-18,1.0671739010776147
IRQ_MUSSAIB,2025-11-19,1.0424822209543414
IRQ_MUSSAIB,2025-11-20,1.0146448991820203
IRQ_MUSSAIB,2025-11-21,1.0083356935954613
IRQ_MUSSAIB,2025-11-22,0.9628056859959336
IRQ_MUSSAIB,2025-11-23,0.9581746156666996
IRQ_MUSSAIB,2025-11-26,0.867179229868713
IRQ_MUSSAIB,2025-11-27,0.870446294828419
IRQ_MUSSAIB,2025-11-28,0.8565788495599621
IRQ_MUSSAIB,2025-12-02,0.8650206873452743
IRQ_MUSSAIB,2025-12-03,0.871092977635549
IRQ_MUSSAIB,2025-12-04,0.9073186100818438
IRQ_MUSSAIB,2025-12-06,0.8878408859122624
IRQ_MUSSAIB,2025-12-14,0.7898544133193519
IRQ_MUSSAIB,2025-12-20,0.8378489301898951
IRQ_MUSSAIB,2025-12-22,0.8548595253050955
IRQ_MUSSAIB,2025-12-25,0.8151762963985245
IRQ_MUSSAIB,2025-12-26,0.8962818837799595
IRQ_MUSSAIB,2025-12-27,1.0090714617166034
IRQ_MUSSAIB,2025-12-30,1.0173134784082167
IRQ_MUSSAIB,2026-01-01,0.9777950388632181
IRQ_MUSSAIB,2026-01-02,1.0568821968008866
IRQ_MUSSAIB,2026-01-03,1.1037685942826656
IRQ_MUSSAIB,2026-01-04,1.0578117460370675
IRQ_MUSSAIB,2026-01-05,1.0710512157804684
IRQ_MUSSAIB,2026-01-06,1.0393694011560513
IRQ_MUSSAIB,2026-01-07,1.000862588933198
IRQ_MUSSAIB,2026-01-08,0.9956186627833318
IRQ_MUSSAIB,2026-01-10,0.955686887706979
IRQ_MUSSAIB,2026-01-12,0.9353649074938813
IRQ_MUSSAIB,2026-01-13,0.9320635168164889
IRQ_MUSSAIB,2026-01-14,0.9083430992509849
IRQ_MUSSAIB,2026-01-15,0.8904191805051589
IRQ_MUSSAIB,2026-01-16,0.8823434374674687
IRQ_MUSSAIB,2026-01-18,0.9466872517675158
IRQ_MUSSAIB,2026-01-19,0.9705635714733968
IRQ_MUSSAIB,2026-01-20,0.9494987279503939
IRQ_MUSSAIB,2026-01-21,0.952173968064428
IRQ_MUSSAIB,2026-01-25,0.9459352035605719
IRQ_MUSSAIB,2026-01-26,0.8653504368893853
IRQ_MUSSAIB,2026-01-27,0.8880861331765761
IRQ_MUSSAIB,2026-01-31,0.8984001331412615
IRQ_MUSSAIB,2026-02-01,0.8641493138371443
IRQ_MUSSAIB,2026-02-02,0.8529099842360408
IRQ_MUSSAIB,2026-02-04,0.8481611203884037
IRQ_MUSSAIB,2026-02-09,0.9554404367766336
IRQ_MUSSAIB,2026-02-10,0.9214381065369387
IRQ_MUSSAIB,2026-02-12,0.9959835949480469
IRQ_MUSSAIB,2026-02-13,1.0045285182203614
IRQ_MUSSAIB,2026-02-15,1.0222868090981887
IRQ_MUSSAIB,2026-02-16,0.9833710809851032
IRQ_MUSSAIB,2026-02-17,0.9472624023069613
IRQ_MUSSAIB,2026-02-19,0.8721567750766912
IRQ_MUSSAIB,2026-02-20,0.8329487865852593
IRQ_MUSSAIB,2026-02-21,0.8312915069027275
IRQ_MUSSAIB,2026-02-22,0.8298787776049092
IRQ_MUSSAIB,2026-02-23,0.8796664981389111
IRQ_MUSSAIB,2026-02-24,0.8985771485761982
IRQ_MUSSAIB,2026-02-25,0.90583864283175
IRQ_MUSSAIB,2026-02-26,0.9194154490965165
IRQ_MUSSAIB,2026-02-27,0.8995007892902247
IRQ_MUSSAIB,2026-02-28,0.8972504057603291
IRQ_MUSSAIB,2026-03-01,0.888465294425913
IRQ_MUSSAIB,2026-03-02,0.8990088988403407
IRQ_MUSSAIB,2026-03-03,0.8957632175999909
IRQ_MUSSAIB,2026-03-04,0.8565295218702058
IRQ_MUSSAIB,2026-03-05,0.8424938543617463
IRQ_MUSSAIB,2026-03-07,0.869126594890389
IRQ_MUSSAIB,2026-03-08,0.8531015550764568
IRQ_MUSSAIB,2026-03-09,0.8469488718012761
IRQ_MUSSAIB,2026-03-10,0.8436150943136079
IRQ_MUSSAIB,2026-03-13,0.835255181745845
IRQ_MUSSAIB,2026-03-16,0.7796387215493331
IRQ_MUSSAIB,2026-03-17,0.7954340623129509
IRQ_MUSSAIB,2026-03-18,0.8017326267776865
IRQ_MUSSAIB,2026-03-20,0.7580719607742346
IRQ_MUSSAIB,2026-03-28,0.6799911949015358
IRQ_MUSSAIB,2026-03-31,0.7037997233435419
IRQ_MUSSAIB,2026-04-01,0.7025343642979754
IRQ_MUSSAIB,2026-04-03,0.687926463949288
IRQ_MUSSAIB,2026-04-04,0.6717241433692085
IRQ_MUSSAIB,2026-04-05,0.6843985348737275
IRQ_MUSSAIB,2026-04-12,0.6579860148639516
IRQ_MUSSAIB,2026-04-13,0.6411644212980657
IRQ_MUSSAIB,2026-04-14,0.651859076325603
IRQ_MUSSAIB,2026-04-15,0.7633345822208344
IRQ_MUSSAIB,2026-04-17,0.7386773958943723
IRQ_MUSSAIB,2026-04-19,0.7555547603780445
IRQ_MUSSAIB,2026-04-21,0.7436666511880252
IRQ_MUSSAIB,2026-04-22,0.7266014691953337
IRQ_MUSSAIB,2026-04-24,0.7364670313338613
IRQ_MUSSAIB,2026-04-27,0.7712740939336152
IRQ_MUSSAIB,2026-04-29,0.7676849466281486
IRQ_MUSSAIB,2026-04-30,0.7401531002022141
IRQ_MUSSAIB,2026-05-02,0.7313061507020275
IRQ_MUSSAIB,2026-05-03,0.8076534323148996
IRQ_MUSSAIB,2026-05-04,0.8085168138111469
IRQ_MUSSAIB,2026-05-05,0.7914177243471111
IRQ_MUSSAIB,2026-05-06,0.8001289648825369
IRQ_MUSSAIB,2026-05-07,0.7950232622446319
IRQ_MUSSAIB,2026-05-08,0.811007559992446
IRQ_MUSSAIB,2026-05-10,1.006796404040512
IRQ_MUSSAIB,2026-05-12,0.9687150776076505
IRQ_MUSSAIB,2026-05-13,0.9956991595675208
IRQ_MUSSAIB,2026-05-14,1.004497307083775
IRQ_MUSSAIB,2026-05-17,0.9846062174033329
IRQ_MUSSAIB,2026-05-18,0.9709054527788851
IRQ_MUSSAIB,2026-05-20,0.9733382976701342
IRQ_MUSSAIB,2026-05-21,0.9870124694084328
IRQ_MUSSAIB,2026-05-22,1.0217078472991887
IRQ_MUSSAIB,2026-05-24,1.0001826520399701
IRQ_MUSSAIB,2026-05-25,1.0162193316852313
IRQ_MUSSAIB,2026-05-26,1.0911597576162855
IRQ_MUSSAIB,2026-05-27,1.0821099275877346
IRQ_MUSSAIB,2026-05-29,1.0679775020216538
IRQ_MUSSAIB,2026-05-30,1.0855118075611596
IRQ_MUSSAIB,2026-05-31,1.1038378871393442
IRQ_MUSSAIB,2026-06-01,1.1753031566301002
IRQ_MUSSAIB,2026-06-03,1.2187438059550824
IRQ_MUSSAIB,2026-06-04,1.2740133421835864
IRQ_MUSSAIB,2026-06-05,1.2771852231321288
IRQ_MUSSAIB,2026-06-08,1.3152705139457876
IRQ_MUSSAIB,2026-06-10,1.057632151980791
IRQ_MUSSAIB,2026-06-11,1.1374653701434136
IRQ_MUSSAIB,2026-06-12,1.1977966267177993
IRQ_MUSSAIB,2026-06-13,1.257518106882421
IRQ_MUSSAIB,2026-06-14,1.2443935420481538
IRQ_MUSSAIB,2026-06-15,1.2791867175306426
IRQ_MUSSAIB,2026-06-16,1.2856924958016966
IRQ_MUSSAIB,2026-06-17,1.3030378608814832
IRQ_MUSSAIB,2026-06-18,1.300943704082034
IRQ_MUSSAIB,2026-06-19,1.3248531769723255
IRQ_MUSSAIB,2026-06-21,1.4332788310550997
IRQ_MUSSAIB,2026-06-23,1.5606663352375754
IRQ_MUSSAIB,2026-06-24,1.5356380337080655
IRQ_MUSSAIB,2026-06-25,1.4595678644010568
IRQ_MUSSAIB,2026-06-26,1.464844679569815
IRQ_MUSSAIB,2026-06-27,1.5079953635591403
IRQ_MUSSAIB,2026-06-28,1.536244911976078
IRQ_MUSSAIB,2026-06-30,1.5227009338956492
IRQ_MUSSAIB,2026-07-02,1.4754432939985134
IRQ_MUSSAIB,2026-07-03,1.4578222757066468
IRQ_MUSSAIB,2026-07-04,1.4431618057499407
IRQ_MUSSAIB,2026-07-05,1.4456657988913804
IRQ_MUSSAIB,2026-07-06,1.4934794926975528
IRQ_MUSSAIB,2026-07-07,1.5947867606238404
IRQ_MUSSAIB,2026-07-08,1.5801665349267588
IRQ_MUSSAIB,2026-07-12,1.5915698544574879
IRQ_MUSSAIB,2026-07-13,1.5261698427105153
IRQ_MUSSAIB,2026-07-14,1.6522054504924868
IRQ_MUSSAIB,2026-07-15,1.7312395013837607
IRQ_MUSSAIB,2026-07-16,1.7302667327758474
IRQ_MUSSAIB,2026-07-17,1.7386725109801089
IRQ_MUSSAIB,2026-07-18,1.7963248645785768
IRQ_MUSSAIB,2026-07-19,1.860274894385732
IRQ_MUSSAIB,2026-07-21,1.7525468268350817
IRQ_MUSSAIB,2026-07-23,1.6461136809919714
IRQ_MUSSAIB,2026-07-24,1.65371331055781
IRQ_MUSSAIB,2026-07-25,1.6924134621724192
IRQ_MUSSAIB,2026-07-28,1.6767949733349166
IRQ_MUSSAIB,2026-07-29,1.6550414954042927
IRQ_MUSSAIB,2026-07-30,1.6766454495986203
IRQ_MUSSAIB,2026-07-31,1.6697149040904689
IRQ_MUSSAIB,2026-08-01,1.6564792253838942
IRQ_MUSSAIB,2026-08-04,1.6811246588252364
IRQ_MUSSAIB,2026-08-05,1.6867498521777122
IRQ_MUSSAIB,2026-08-06,1.7311143697653655
IRQ_MUSSAIB,2026-08-07,1.7424203360643722
IRQ_MUSSAIB,2026-08-08,1.7982621303746849
IRQ_MUSSAIB,2026-08-09,1.7578294410749717
IRQ_MUSSAIB,2026-08-11,1.8035678951948053
IRQ_MUSSAIB,2026-08-12,1.8392737235116576
IRQ_MUSSAIB,2026-08-13,1.7233445452878247
IRQ_MUSSAIB,2026-08-14,1.6265369315905567
IRQ_MUSSAIB,2026-08-15,1.6363495751837558
IRQ_MUSSAIB,2026-08-16,1.6312688169356337
IRQ_MUSSAIB,2026-08-17,1.5465418134576305
IRQ_MUSSAIB,2026-08-18,1.5341838112160056
IRQ_MUSSAIB,2026-08-19,1.5075688511190466
IRQ_MUSSAIB,2026-08-21,1.5028520682019186
IRQ_MUSSAIB,2026-08-22,1.5201410682804513
IRQ_MUSSAIB,2026-08-23,1.53711225652035
IRQ_MUSSAIB,2026-08-24,1.508532229320519
IRQ_MUSSAIB,2026-08-25,1.507415955096762
IRQ_MUSSAIB,2026-08-26,1.620933511002491
IRQ_MUSSAIB,2026-08-27,1.6649028299929802
IRQ_MUSSAIB,2026-08-29,1.7245252518021637
IRQ_MUSSAIB,2026-08-31,1.8549027702335794
IRQ_MUSSAIB,2026-09-01,1.8170368060439333
IRQ_MUSSAIB,2026-09-02,1.7664381410654206
IRQ_MUSSAIB,2026-09-03,1.7575400973531599
IRQ_MUSSAIB,2026-09-04,1.7132937680503622
IRQ_MUSSAIB,2026-09-05,1.6634533953177029
IRQ_MUSSAIB,2026-09-06,1.6811917829109777
IRQ_MUSSAIB,2026-09-07,1.60578802375851
IRQ_MUSSAIB,2026-09-08,1.6139239008412845
IRQ_MUSSAIB,2026-09-09,1.6421844676529573
IRQ_MUSSAIB,2026-09-10,1.6610597845848138
IRQ_SHATTBASRA,2025-01-02,
IRQ_SHATTBASRA,2025-01-03,
IRQ_SHATTBASRA,2025-01-04,
IRQ_SHATTBASRA,2025-01-09,
IRQ_SHATTBASRA,2025-01-10,
IRQ_SHATTBASRA,2025-01-11,
IRQ_SHATTBASRA,2025-01-13,
IRQ_SHATTBASRA,2025-01-14,0.7259651075317212
IRQ_SHATTBASRA,2025-01-15,0.7349570872307489
IRQ_SHATTBASRA,2025-01-18,0.7162630768536983
IRQ_SHATTBASRA,2025-01-19,0.6835625219166324
IRQ_SHATTBASRA,2025-01-20,0.787856124336526
IRQ_SHATTBASRA,2025-01-21,0.701093435259387
IRQ_SHATTBASRA,2025-01-22,0.7609822334631943
IRQ_SHATTBASRA,2025-01-25,0.7204588158580537
IRQ_SHATTBASRA,2025-01-27,0.7202296708637279
IRQ_SHATTBASRA,2025-01-28,0.7478590290253349
IRQ_SHATTBASRA,2025-01-29,0.7550458805954305
IRQ_SHATTBASRA,2025-01-31,0.761187201260718
IRQ_SHATTBASRA,2025-02-01,0.8022234442911745
IRQ_SHATTBASRA,2025-02-02,0.8134176331922386
IRQ_SHATTBASRA,2025-02-03,0.8465743675055718
IRQ_SHATTBASRA,2025-02-04,0.8117486762514791
IRQ_SHATTBASRA,2025-02-06,0.7633048354975036
IRQ_SHATTBASRA,2025-02-07,0.7339563293110938
IRQ_SHATTBASRA,2025-02-08,0.7167541791711035
IRQ_SHATTBASRA,2025-02-09,0.6935318715027406
IRQ_SHATTBASRA,2025-02-14,0.6798912081240477
IRQ_SHATTBASRA,2025-02-17,0.7659130062395278
IRQ_SHATTBASRA,2025-02-18,0.81548432722029
IRQ_SHATTBASRA,2025-02-19,0.7895680527459842
IRQ_SHATTBASRA,2025-02-20,0.8208850778069929
IRQ_SHATTBASRA,2025-02-21,0.7770252424162237
IRQ_SHATTBASRA,2025-02-22,0.7654070006057424
IRQ_SHATTBASRA,2025-02-24,0.7775427635881591
IRQ_SHATTBASRA,2025-02-25,0.7631038651197745
IRQ_SHATTBASRA,2025-02-26,0.7920871483454732
IRQ_SHATTBASRA,2025-02-28,0.7604640854982436
IRQ_SHATTBASRA,2025-03-01,0.7838718160090207
IRQ_SHATTBASRA,2025-03-03,0.7974133430934371
IRQ_SHATTBASRA,2025-03-09,0.8907415355345959
IRQ_SHATTBASRA,2025-03-10,0.9118071226349557
IRQ_SHATTBASRA,2025-03-12,0.933775419650329
IRQ_SHATTBASRA,2025-03-13,0.933190064979863
IRQ_SHATTBASRA,2025-03-14,0.9036779058634602
IRQ_SHATTBASRA,2025-03-18,0.8603092120647556
IRQ_SHATTBASRA,2025-03-19,0.7720580061653387
IRQ_SHATTBASRA,2025-03-25,0.7324332141644881
IRQ_SHATTBASRA,2025-03-26,0.7662197193728622
IRQ_SHATTBASRA,2025-03-27,0.8070909561966113
IRQ_SHATTBASRA,2025-03-29,0.7276949519767694
IRQ_SHATTBASRA,2025-04-08,0.6159746442717986
IRQ_SHATTBASRA,2025-04-09,0.6104035331392367
IRQ_SHATTBASRA,2025-04-11,0.5858604035783513
IRQ_SHATTBASRA,2025-04-12,0.5062635055151063
IRQ_SHATTBASRA,2025-04-13,0.507266620299969
IRQ_SHATTBASRA,2025-04-15,0.4862273963844585
IRQ_SHATTBASRA,2025-04-16,0.5535162223841538
IRQ_SHATTBASRA,2025-04-18,0.5687594008283025
IRQ_SHATTBASRA,2025-04-19,0.582238058245252
IRQ_SHATTBASRA,2025-04-20,0.5635068111337417
IRQ_SHATTBASRA,2025-04-24,0.5699454574764211
IRQ_SHATTBASRA,2025-04-26,0.5354897825001497
IRQ_SHATTBASRA,2025-05-02,0.5485465602759118
IRQ_SHATTBASRA,2025-05-04,0.5521004875225003
IRQ_SHATTBASRA,2025-05-05,0.5080186244025314
IRQ_SHATTBASRA,2025-05-11,0.5052472610451008
IRQ_SHATTBASRA,2025-05-14,0.5577572336771344
IRQ_SHATTBASRA,2025-05-15,0.45139815400424216
IRQ_SHATTBASRA,2025-05-16,0.3886601855366158
IRQ_SHATTBASRA,2025-05-18,0.4222902179963206
IRQ_SHATTBASRA,2025-05-23,0.42347745913413487
IRQ_SHATTBASRA,2025-05-24,0.42286437098917307
IRQ_SHATTBASRA,2025-05-26,0.3777538732684346
IRQ_SHATTBASRA,2025-05-27,0.49638731817761556
IRQ_SHATTBASRA,2025-05-28,0.5228188034076275
IRQ_SHATTBASRA,2025-05-29,0.5726429699760979
IRQ_SHATTBASRA,2025-06-05,0.5968470333943229
IRQ_SHATTBASRA,2025-06-06,0.6174611002739243
IRQ_SHATTBASRA,2025-06-07,0.6589959567413738
IRQ_SHATTBASRA,2025-06-08,0.7530071189280465
IRQ_SHATTBASRA,2025-06-09,0.7261019708140102
IRQ_SHATTBASRA,2025-06-11,0.7388719786414158
IRQ_SHATTBASRA,2025-06-13,0.7442531935622999
IRQ_SHATTBASRA,2025-06-14,0.903276114809481
IRQ_SHATTBASRA,2025-06-16,0.8806528322695795
IRQ_SHATTBASRA,2025-06-26,0.9395427327519851
IRQ_SHATTBASRA,2025-06-27,1.0161980749048256
IRQ_SHATTBASRA,2025-06-28,1.0166738671003472
IRQ_SHATTBASRA,2025-06-29,1.2422461011496166
IRQ_SHATTBASRA,2025-06-30,1.2334626763618182
IRQ_SHATTBASRA,2025-07-07,1.3406319941612337
IRQ_SHATTBASRA,2025-07-08,1.222674095273071
IRQ_SHATTBASRA,2025-07-09,1.2092613684205384
IRQ_SHATTBASRA,2025-07-10,1.1441861590918097
IRQ_SHATTBASRA,2025-07-11,1.2115889961404933
IRQ_SHATTBASRA,2025-07-12,1.2657201547382324
IRQ_SHATTBASRA,2025-07-13,1.3437013585612048
IRQ_SHATTBASRA,2025-07-14,1.3294024079230105
IRQ_SHATTBASRA,2025-07-15,1.2551777412942031
IRQ_SHATTBASRA,2025-07-16,1.292414655209481
IRQ_SHATTBASRA,2025-07-17,1.2708057840415048
IRQ_SHATTBASRA,2025-07-19,1.2566081704863883
IRQ_SHATTBASRA,2025-07-27,1.1125063860671696
IRQ_SHATTBASRA,2025-07-28,1.0926189633018093
IRQ_SHATTBASRA,2025-07-29,0.8215034836993814
IRQ_SHATTBASRA,2025-08-01,0.8700512145082973
IRQ_SHATTBASRA,2025-08-02,0.9143592683613408
IRQ_SHATTBASRA,2025-08-05,1.0915977655143196
IRQ_SHATTBASRA,2025-08-08,1.2024693601451015
IRQ_SHATTBASRA,2025-08-09,1.1874680733669678
IRQ_SHATTBASRA,2025-08-10,1.2227398410903463
IRQ_SHATTBASRA,2025-08-11,1.1759301772891564
IRQ_SHATTBASRA,2025-08-12,1.0749044955740708
IRQ_SHATTBASRA,2025-08-14,1.1326200418770278
IRQ_SHATTBASRA,2025-08-15,1.0499229389785678
IRQ_SHATTBASRA,2025-08-16,1.0316511499321952
IRQ_SHATTBASRA,2025-08-17,1.186543695456808
IRQ_SHATTBASRA,2025-08-18,1.2684275624588428
IRQ_SHATTBASRA,2025-08-19,1.2518062930432208
IRQ_SHATTBASRA,2025-08-21,1.322681992235768
IRQ_SHATTBASRA,2025-08-22,1.3544521687382278
IRQ_SHATTBASRA,2025-08-23,1.3669362648092238
IRQ_SHATTBASRA,2025-08-24,1.435545430490339
IRQ_SHATTBASRA,2025-08-25,1.3947551077926919
IRQ_SHATTBASRA,2025-08-27,1.4380783996569624
IRQ_SHATTBASRA,2025-08-28,1.5071921349126833
IRQ_SHATTBASRA,2025-08-29,1.5101656951069564
IRQ_SHATTBASRA,2025-08-30,1.5229752168031718
IRQ_SHATTBASRA,2025-09-02,1.5104797700325512
IRQ_SHATTBASRA,2025-09-03,1.4905107207103894
IRQ_SHATTBASRA,2025-09-05,1.3869370165311614
IRQ_SHATTBASRA,2025-09-08,1.4155718917595932
IRQ_SHATTBASRA,2025-09-09,1.4174795458656038
IRQ_SHATTBASRA,2025-09-11,1.4640161568510233
IRQ_SHATTBASRA,2025-09-14,1.6179487692109267
IRQ_SHATTBASRA,2025-09-15,1.6351968332883402
IRQ_SHATTBASRA,2025-09-16,1.5318290568449304
IRQ_SHATTBASRA,2025-09-17,1.484310604780464
IRQ_SHATTBASRA,2025-09-18,1.522112393441683
IRQ_SHATTBASRA,2025-09-19,1.493427655076756
IRQ_SHATTBASRA,2025-09-20,1.3870768234331743
IRQ_SHATTBASRA,2025-09-22,1.3188970238179407
IRQ_SHATTBASRA,2025-09-23,1.3169842849548694
IRQ_SHATTBASRA,2025-09-25,1.3786303279686352
IRQ_SHATTBASRA,2025-09-26,1.4031455839293507
IRQ_SHATTBASRA,2025-09-27,1.4409974700681305
IRQ_SHATTBASRA,2025-09-28,1.4166720173271823
IRQ_SHATTBASRA,2025-10-03,1.4093214153915627
IRQ_SHATTBASRA,2025-10-04,1.4456303299658382
IRQ_SHATTBASRA,2025-10-05,1.3857940293293285
IRQ_SHATTBASRA,2025-10-06,1.3347412374567438
IRQ_SHATTBASRA,2025-10-07,1.3118030376492662
IRQ_SHATTBASRA,2025-10-12,1.3765843561084978
IRQ_SHATTBASRA,2025-10-13,1.4091856735120298
IRQ_SHATTBASRA,2025-10-14,1.3986493188032174
IRQ_SHATTBASRA,2025-10-15,1.4319722368435266
IRQ_SHATTBASRA,2025-10-16,1.4336764820032806
IRQ_SHATTBASRA,2025-10-17,1.422694492065355
IRQ_SHATTBASRA,2025-10-19,1.5048413824702325
IRQ_SHATTBASRA,2025-10-20,1.6499621694175908
IRQ_SHATTBASRA,2025-10-21,1.6361818650482007
IRQ_SHATTBASRA,2025-10-22,1.737222149348073
IRQ_SHATTBASRA,2025-10-23,1.7423572417489077
IRQ_SHATTBASRA,2025-10-24,1.718884718829053
IRQ_SHATTBASRA,2025-10-25,1.7359436565925697
IRQ_SHATTBASRA,2025-10-26,1.7459879171398858
IRQ_SHATTBASRA,2025-10-29,1.811421485441885
IRQ_SHATTBASRA,2025-10-30,1.8514435818594326
IRQ_SHATTBASRA,2025-10-31,1.8602038474439047
IRQ_SHATTBASRA,2025-11-01,1.8554406386874458
IRQ_SHATTBASRA,2025-11-02,1.8515385656754102
IRQ_SHATTBASRA,2025-11-04,1.911614334182005
IRQ_SHATTBASRA,2025-11-05,1.9084308438336501
IRQ_SHATTBASRA,2025-11-06,1.9391344990893848
IRQ_SHATTBASRA,2025-11-09,1.9647765623024704
IRQ_SHATTBASRA,2025-11-10,1.9035218849858306
IRQ_SHATTBASRA,2025-11-14,1.81833893582851
IRQ_SHATTBASRA,2025-11-17,1.8156805175430715
IRQ_SHATTBASRA,2025-11-18,1.7196843015182193
IRQ_SHATTBASRA,2025-11-20,1.6322790073700069
IRQ_SHATTBASRA,2025-11-21,1.5094618544784257
IRQ_SHATTBASRA,2025-11-22,1.408118630693976
IRQ_SHATTBASRA,2025-11-23,1.4382375931105102
IRQ_SHATTBASRA,2025-11-24,1.4596256956178448
IRQ_SHATTBASRA,2025-11-26,1.4170831150104695
IRQ_SHATTBASRA,2025-11-27,1.3493202423232555
IRQ_SHATTBASRA,2025-11-28,1.2963861744977674
IRQ_SHATTBASRA,2025-11-29,1.2450380614306322
IRQ_SHATTBASRA,2025-11-30,1.1628379088357608
IRQ_SHATTBASRA,2025-12-04,1.0612240644945563
IRQ_SHATTBASRA,2025-12-06,1.1486051891612628
IRQ_SHATTBASRA,2025-12-10,1.05895035861724
IRQ_SHATTBASRA,2025-12-14,1.0999811097821013
IRQ_SHATTBASRA,2025-12-20,1.0675156243799484
IRQ_SHATTBASRA,2025-12-23,0.9674201759422417
IRQ_SHATTBASRA,2025-12-25,0.7382996597677817
IRQ_SHATTBASRA,2025-12-26,0.7783587428383223
IRQ_SHATTBASRA,2025-12-28,0.7679944433532533
IRQ_SHATTBASRA,2025-12-29,0.6913418140434053
IRQ_SHATTBASRA,2025-12-31,0.754607949193015
IRQ_SHATTBASRA,2026-01-01,0.7352843935072432
IRQ_SHATTBASRA,2026-01-05,0.5612761335900797
IRQ_SHATTBASRA,2026-01-06,0.5177948687974413
IRQ_SHATTBASRA,2026-01-07,0.6186871669011518
IRQ_SHATTBASRA,2026-01-08,0.6641034740571866
IRQ_SHATTBASRA,2026-01-10,0.6387638149406858
IRQ_SHATTBASRA,2026-01-11,0.6746453411849985
IRQ_SHATTBASRA,2026-01-12,0.6822266686338477
IRQ_SHATTBASRA,2026-01-14,0.6908320409420905
IRQ_SHATTBASRA,2026-01-15,0.6584012934359942
IRQ_SHATTBASRA,2026-01-16,0.6588319523964922
IRQ_SHATTBASRA,2026-01-17,0.643140895478787
IRQ_SHATTBASRA,2026-01-19,0.6064924308281758
IRQ_SHATTBASRA,2026-01-22,0.6475947476119405
IRQ_SHATTBASRA,2026-01-24,0.6710971397707723
IRQ_SHATTBASRA,2026-01-26,0.6360031339491496
IRQ_SHATTBASRA,2026-01-29,0.6134588478811835
IRQ_SHATTBASRA,2026-01-30,0.5803767853873347
IRQ_SHATTBASRA,2026-01-31,0.587114809806925
IRQ_SHATTBASRA,2026-02-01,0.590491630912471
IRQ_SHATTBASRA,2026-02-04,0.5709136466501651
IRQ_SHATTBASRA,2026-02-05,0.5356311178314039
IRQ_SHATTBASRA,2026-02-06,0.5069721539028749
IRQ_SHATTBASRA,2026-02-08,0.46413167410592493
IRQ_SHATTBASRA,2026-02-09,0.5180894922422745
IRQ_SHATTBASRA,2026-02-12,0.44700020812214863
IRQ_SHATTBASRA,2026-02-13,0.3788163462989914
IRQ_SHATTBASRA,2026-02-16,0.3991271716941896
IRQ_SHATTBASRA,2026-02-18,0.45577881545023463
IRQ_SHATTBASRA,2026-02-19,0.43619367598857406
IRQ_SHATTBASRA,2026-02-20,0.4182484854416701
IRQ_SHATTBASRA,2026-02-21,0.4628959644056681
IRQ_SHATTBASRA,2026-02-22,0.45512716978427536
IRQ_SHATTBASRA,2026-02-23,0.4914850623550047
IRQ_SHATTBASRA,2026-02-25,0.5250215651099829
IRQ_SHATTBASRA,2026-02-26,0.5631520648489966
IRQ_SHATTBASRA,2026-02-27,0.5415381045581104
IRQ_SHATTBASRA,2026-03-01,0.5384564093031178
IRQ_SHATTBASRA,2026-03-04,0.5410915745239709
IRQ_SHATTBASRA,2026-03-05,0.5449107283518833
IRQ_SHATTBASRA,2026-03-08,0.5375246331634821
IRQ_SHATTBASRA,2026-03-09,0.5372799205584922
IRQ_SHATTBASRA,2026-03-10,0.5471407279596177
IRQ_SHATTBASRA,2026-03-11,0.5128579451015693
IRQ_SHATTBASRA,2026-03-17,0.5505516826879232
IRQ_SHATTBASRA,2026-03-18,0.5295499519887698
IRQ_SHATTBASRA,2026-03-27,0.4434550972027953
IRQ_SHATTBASRA,2026-03-28,0.34243263401635765
IRQ_SHATTBASRA,2026-03-29,0.36156118629827305
IRQ_SHATTBASRA,2026-03-30,0.3542948075506844
IRQ_SHATTBASRA,2026-03-31,0.36138006071347967
IRQ_SHATTBASRA,2026-04-01,0.34485336793836574
IRQ_SHATTBASRA,2026-04-05,0.30084133212764336
IRQ_SHATTBASRA,2026-04-06,0.3037399280542695
IRQ_SHATTBASRA,2026-04-07,0.3335749163720067
IRQ_SHATTBASRA,2026-04-08,0.3046974247998771
IRQ_SHATTBASRA,2026-04-13,0.2766106591318725
IRQ_SHATTBASRA,2026-04-14,0.2834176606986347
IRQ_SHATTBASRA,2026-04-15,0.2947613871254046
IRQ_SHATTBASRA,2026-04-17,0.294311688289277
IRQ_SHATTBASRA,2026-04-18,0.3476338529931777
IRQ_SHATTBASRA,2026-04-22,0.3508850170826515
IRQ_SHATTBASRA,2026-04-25,0.34946118984073904
IRQ_SHATTBASRA,2026-04-26,0.353929341947707
IRQ_SHATTBASRA,2026-04-27,0.3666240936225977
IRQ_SHATTBASRA,2026-04-29,0.37859286307902335
IRQ_SHATTBASRA,2026-04-30,0.3792911457676815
IRQ_SHATTBASRA,2026-05-01,0.3899333991696122
IRQ_SHATTBASRA,2026-05-02,0.4112763134431719
IRQ_SHATTBASRA,2026-05-03,0.40954542399543314
IRQ_SHATTBASRA,2026-05-04,0.4235301747329655
IRQ_SHATTBASRA,2026-05-05,0.45179205489503677
IRQ_SHATTBASRA,2026-05-09,0.4922888878018711
IRQ_SHATTBASRA,2026-05-11,0.4687954282007344
IRQ_SHATTBASRA,2026-05-12,0.4282823916817044
IRQ_SHATTBASRA,2026-05-15,0.43761358912566245
IRQ_SHATTBASRA,2026-05-17,0.4219596032592323
IRQ_SHATTBASRA,2026-05-18,0.3926559399687331
IRQ_SHATTBASRA,2026-05-19,0.44036097863425916
IRQ_SHATTBASRA,2026-05-22,0.4379790445627937
IRQ_SHATTBASRA,2026-05-23,0.4388863872983706
IRQ_SHATTBASRA,2026-05-24,0.39052395286985625
IRQ_SHATTBASRA,2026-05-26,0.47070587826751253
IRQ_SHATTBASRA,2026-05-27,0.5570216366597665
IRQ_SHATTBASRA,2026-05-30,0.6060858872603605
IRQ_SHATTBASRA,2026-05-31,0.6632103383099107
IRQ_SHATTBASRA,2026-06-01,0.7275138365159349
IRQ_SHATTBASRA,2026-06-02,0.8041071283620198
IRQ_SHATTBASRA,2026-06-03,0.8444492783105457
IRQ_SHATTBASRA,2026-06-04,0.8670199169503376
IRQ_SHATTBASRA,2026-06-06,0.9110407751774351
IRQ_SHATTBASRA,2026-06-08,0.9628686947264328
IRQ_SHATTBASRA,2026-06-10,1.210023696680876
IRQ_SHATTBASRA,2026-06-11,1.395213173308782
IRQ_SHATTBASRA,2026-06-13,1.3956415078724482
IRQ_SHATTBASRA,2026-06-14,1.3967213171879496
IRQ_SHATTBASRA,2026-06-15,1.391956644767535
IRQ_SHATTBASRA,2026-06-18,1.599776351374864
IRQ_SHATTBASRA,2026-06-19,1.6832028628446885
IRQ_SHATTBASRA,2026-06-21,1.80687433098385
IRQ_SHATTBASRA,2026-06-26,2.006437728073211
IRQ_SHATTBASRA,2026-06-27,2.0169704084540276
IRQ_SHATTBASRA,2026-06-28,2.048887782464358
IRQ_SHATTBASRA,2026-07-03,2.25159874540693
IRQ_SHATTBASRA,2026-07-04,2.3672039937391833
IRQ_SHATTBASRA,2026-07-05,2.3773500978292392
IRQ_SHATTBASRA,2026-07-06,2.3866883717077005
IRQ_SHATTBASRA,2026-07-08,2.3982449332570135
IRQ_SHATTBASRA,2026-07-10,2.257763516678277
IRQ_SHATTBASRA,2026-07-17,2.4080529820506973
IRQ_SHATTBASRA,2026-07-18,2.3691314341388496
IRQ_SHATTBASRA,2026-07-22,2.1853166439392635
IRQ_SHATTBASRA,2026-07-23,2.165393529858902
IRQ_SHATTBASRA,2026-07-24,2.1919578253184873
IRQ_SHATTBASRA,2026-07-25,2.234760679288404
IRQ_SHATTBASRA,2026-07-26,2.3412704882846054
IRQ_SHATTBASRA,2026-07-29,2.3891569913836768
IRQ_SHATTBASRA,2026-07-31,2.564827315766616
IRQ_SHATTBASRA,2026-08-03,2.4761819346454357
IRQ_SHATTBASRA,2026-08-04,2.955425607460963
IRQ_SHATTBASRA,2026-08-07,3.0046413391851226
IRQ_SHATTBASRA,2026-08-09,2.9934887814796842
IRQ_SHATTBASRA,2026-08-11,2.898349966614855
IRQ_SHATTBASRA,2026-08-12,2.7751337594026024
IRQ_SHATTBASRA,2026-08-14,2.8165145561444045
IRQ_SHATTBASRA,2026-08-15,2.8140460650690415
IRQ_SHATTBASRA,2026-08-16,2.828029399108873
IRQ_SHATTBASRA,2026-08-17,2.7408044581161306
IRQ_SHATTBASRA,2026-08-18,2.6851878291989575
IRQ_SHATTBASRA,2026-08-21,2.7397477300364654
IRQ_SHATTBASRA,2026-08-22,2.7928126669734077
IRQ_SHATTBASRA,2026-08-23,2.7843724132071355
IRQ_SHATTBASRA,2026-08-25,2.7393208435886107
IRQ_SHATTBASRA,2026-08-26,2.7525202053665665
IRQ_SHATTBASRA,2026-08-27,2.705212518379524
IRQ_SHATTBASRA,2026-08-28,2.6683100164687503
IRQ_SHATTBASRA,2026-08-29,2.603200213096337
IRQ_SHATTBASRA,2026-08-30,2.4574040733253484
IRQ_SHATTBASRA,2026-08-31,2.439733352512398
IRQ_SHATTBASRA,2026-09-04,2.203422735099033
IRQ_SHATTBASRA,2026-09-06,2.2450615634933966
IRQ_SHATTBASRA,2026-09-07,2.1893403967105325
IRQ_SHATTBASRA,2026-09-08,2.1582301063816676
IRQ_SHATTBASRA,2026-09-09,2.169273213176554
IRQ_SHEMAL,2025-01-01,
IRQ_SHEMAL,2025-01-02,
IRQ_SHEMAL,2025-01-07,
IRQ_SHEMAL,2025-01-08,
IRQ_SHEMAL,2025-01-09,
IRQ_SHEMAL,2025-01-10,
IRQ_SHEMAL,2025-01-13,
IRQ_SHEMAL,2025-01-16,1.180714008027044
IRQ_SHEMAL,2025-01-24,1.197620665322058
IRQ_SHEMAL,2025-01-25,1.1978002721159924
IRQ_SHEMAL,2025-01-26,1.1870544606242666
IRQ_SHEMAL,2025-01-27,1.1460731307149359
IRQ_SHEMAL,2025-01-28,1.0491594860272349
IRQ_SHEMAL,2025-01-29,1.092552640212795
IRQ_SHEMAL,2025-01-31,1.2720869689121055
IRQ_SHEMAL,2025-02-01,1.2259516604082101
IRQ_SHEMAL,2025-02-04,1.1313029305278708
IRQ_SHEMAL,2025-02-12,1.1742082145010768
IRQ_SHEMAL,2025-02-15,1.3541064930362097
IRQ_SHEMAL,2025-02-16,1.514442572422903
IRQ_SHEMAL,2025-02-17,1.4941433994594293
IRQ_SHEMAL,2025-02-21,1.4316411229633885
IRQ_SHEMAL,2025-02-22,1.3658735873745522
IRQ_SHEMAL,2025-02-25,1.3256726627652335
IRQ_SHEMAL,2025-02-27,1.5834884537709286
IRQ_SHEMAL,2025-02-28,1.6814500916046213
IRQ_SHEMAL,2025-03-12,1.450318909216723
IRQ_SHEMAL,2025-03-14,1.3945826222979893
IRQ_SHEMAL,2025-03-16,1.3642772582920957
IRQ_SHEMAL,2025-03-20,0.9277358535257467
IRQ_SHEMAL,2025-03-23,0.8839993838002799
IRQ_SHEMAL,2025-03-27,1.2618465997659416
IRQ_SHEMAL,2025-03-28,1.2729492534849876
IRQ_SHEMAL,2025-04-01,0.6882962533608652
IRQ_SHEMAL,2025-04-02,0.5939543882461263
IRQ_SHEMAL,2025-04-07,0.6647571520741453
IRQ_SHEMAL,2025-04-11,0.662598283458976
IRQ_SHEMAL,2025-04-17,0.5586420113504933
IRQ_SHEMAL,2025-04-18,0.6088581490898621
IRQ_SHEMAL,2025-04-19,0.5832698977373088
IRQ_SHEMAL,2025-04-28,0.34772219511712255
IRQ_SHEMAL,2025-05-03,
IRQ_SHEMAL,2025-05-05,0.421705134544165
IRQ_SHEMAL,2025-05-07,0.35055348736362735
IRQ_SHEMAL,2025-05-08,0.38358034082660875
IRQ_SHEMAL,2025-05-09,0.37757674587086965
IRQ_SHEMAL,2025-05-15,0.3723372246817039
IRQ_SHEMAL,2025-05-16,0.3768758978438329
IRQ_SHEMAL,2025-05-17,0.4213954066249545
IRQ_SHEMAL,2025-05-18,0.3774589167469356
IRQ_SHEMAL,2025-05-19,0.45888851269606756
IRQ_SHEMAL,2025-05-20,0.540591861143332
IRQ_SHEMAL,2025-05-21,0.5408467431148402
IRQ_SHEMAL,2025-05-22,0.5568619383607347
IRQ_SHEMAL,2025-05-24,0.5927752337588129
IRQ_SHEMAL,2025-05-25,0.5782831427889844
IRQ_SHEMAL,2025-05-27,0.6080995343221318
IRQ_SHEMAL,2025-05-28,0.5731464124902572
IRQ_SHEMAL,2025-05-29,0.5665694940884523
IRQ_SHEMAL,2025-05-31,0.5568929302243327
IRQ_SHEMAL,2025-06-01,0.5820237516071749
IRQ_SHEMAL,2025-06-02,0.6317628171580283
IRQ_SHEMAL,2025-06-03,0.6265735297921855
IRQ_SHEMAL,2025-06-05,0.6169682288541216
IRQ_SHEMAL,2025-06-06,0.6033296556705623
IRQ_SHEMAL,2025-06-10,0.6506850119278412
IRQ_SHEMAL,2025-06-12,0.6315311352140772
IRQ_SHEMAL,2025-06-13,0.659640771160746
IRQ_SHEMAL,2025-06-14,0.67719583622257
IRQ_SHEMAL,2025-06-15,0.759546074593899
IRQ_SHEMAL,2025-06-16,0.7879827976812454
IRQ_SHEMAL,2025-06-17,0.7935464950108152
IRQ_SHEMAL,2025-06-19,0.8181170569127538
IRQ_SHEMAL,2025-06-20,0.9251454704390185
IRQ_SHEMAL,2025-06-21,0.915365940367126
IRQ_SHEMAL,2025-06-22,0.9279052733350355
IRQ_SHEMAL,2025-06-23,0.901597316971138
IRQ_SHEMAL,2025-06-26,0.8922584718773715
IRQ_SHEMAL,2025-06-27,0.9456610422237853
IRQ_SHEMAL,2025-06-29,0.9421159180479897
IRQ_SHEMAL,2025-06-30,0.9789577880579712
IRQ_SHEMAL,2025-07-01,1.0274652769385986
IRQ_SHEMAL,2025-07-02,1.157450884139364
IRQ_SHEMAL,2025-07-03,1.1630005369283156
IRQ_SHEMAL,2025-07-04,1.1200195763720449
IRQ_SHEMAL,2025-07-05,1.1482025063847214
IRQ_SHEMAL,2025-07-06,1.1533708484999972
IRQ_SHEMAL,2025-07-07,1.1125415984626013
IRQ_SHEMAL,2025-07-08,1.0681059658955996
IRQ_SHEMAL,2025-07-09,1.051311970124899
IRQ_SHEMAL,2025-07-13,1.0515394204274995
IRQ_SHEMAL,2025-07-14,1.0357575785430098
IRQ_SHEMAL,2025-07-16,0.9826725811671739
IRQ_SHEMAL,2025-07-17,1.022285924109709
IRQ_SHEMAL,2025-07-18,0.9872580660372109
IRQ_SHEMAL,2025-07-19,0.961254510312845
IRQ_SHEMAL,2025-07-20,0.8729810266064074
IRQ_SHEMAL,2025-07-21,0.8999760721143063
IRQ_SHEMAL,2025-07-22,0.9229297349527409
IRQ_SHEMAL,2025-07-23,0.9355824881398623
IRQ_SHEMAL,2025-07-24,0.9921017480838957
IRQ_SHEMAL,2025-07-25,0.9922528189567449
IRQ_SHEMAL,2025-07-26,1.0726937896917161
IRQ_SHEMAL,2025-07-29,1.1096548755444624
IRQ_SHEMAL,2025-07-30,1.119312683109002
IRQ_SHEMAL,2025-08-01,1.054012152644318
IRQ_SHEMAL,2025-08-02,1.0601304883779696
IRQ_SHEMAL,2025-08-03,1.0793817202113178
IRQ_SHEMAL,2025-08-04,1.0746332700986994
IRQ_SHEMAL,2025-08-05,1.0799443250244585
IRQ_SHEMAL,2025-08-06,1.1255001860406206
IRQ_SHEMAL,2025-08-07,1.1734846108782453
IRQ_SHEMAL,2025-08-08,1.1716887327011019
IRQ_SHEMAL,2025-08-09,1.1375356907978726
IRQ_SHEMAL,2025-08-10,1.1019184659240349
IRQ_SHEMAL,2025-08-12,1.1813963485339805
IRQ_SHEMAL,2025-08-14,1.1906852124044969
IRQ_SHEMAL,2025-08-15,1.2208330627012574
IRQ_SHEMAL,2025-08-16,1.178407939595691
IRQ_SHEMAL,2025-08-17,1.234103903349832
IRQ_SHEMAL,2025-08-18,1.2431826345999586
IRQ_SHEMAL,2025-08-19,1.2570258012211029
IRQ_SHEMAL,2025-08-20,1.2217251312596524
IRQ_SHEMAL,2025-08-21,1.2007349279518325
IRQ_SHEMAL,2025-08-23,1.1358589011655447
IRQ_SHEMAL,2025-08-24,1.1728370672113122
IRQ_SHEMAL,2025-08-25,1.1366847877313582
IRQ_SHEMAL,2025-08-26,1.12466510179597
IRQ_SHEMAL,2025-08-27,1.1112720916089969
IRQ_SHEMAL,2025-08-28,1.074990143611355
IRQ_SHEMAL,2025-08-29,1.0527158204556892
IRQ_SHEMAL,2025-08-30,1.042345167562902
IRQ_SHEMAL,2025-08-31,0.98186138365888
IRQ_SHEMAL,2025-09-01,1.002301142369694
IRQ_SHEMAL,2025-09-03,1.0661835076096042
IRQ_SHEMAL,2025-09-04,1.0791041736892883
IRQ_SHEMAL,2025-09-05,1.072940484383024
IRQ_SHEMAL,2025-09-06,1.0664679689957952
IRQ_SHEMAL,2025-09-07,1.0735733274049222
IRQ_SHEMAL,2025-09-09,1.10877504654233
IRQ_SHEMAL,2025-09-10,1.0832484644365346
IRQ_SHEMAL,2025-09-11,0.9986078741750306
IRQ_SHEMAL,2025-09-12,0.9769430992869091
IRQ_SHEMAL,2025-09-13,1.0710258018539907
IRQ_SHEMAL,2025-09-14,1.0502033095371504
IRQ_SHEMAL,2025-09-16,1.0411839866944446
IRQ_SHEMAL,2025-09-19,1.0162249120016582
IRQ_SHEMAL,2025-09-21,1.0024103273562557
IRQ_SHEMAL,2025-09-22,1.004610281997153
IRQ_SHEMAL,2025-09-23,0.9390432957717594
IRQ_SHEMAL,2025-09-26,1.0190361493663198
IRQ_SHEMAL,2025-09-27,1.0008810792064418
IRQ_SHEMAL,2025-09-28,1.0017053319865448
IRQ_SHEMAL,2025-09-29,1.0269539482934968
IRQ_SHEMAL,2025-09-30,1.0434283688057269
IRQ_SHEMAL,2025-10-01,1.0031576009252192
IRQ_SHEMAL,2025-10-02,0.983474134848718
IRQ_SHEMAL,2025-10-03,0.9564251149351075
IRQ_SHEMAL,2025-10-04,0.9393573539696524
IRQ_SHEMAL,2025-10-05,0.967093129084264
IRQ_SHEMAL,2025-10-06,0.9427042562671105
IRQ_SHEMAL,2025-10-07,0.943253147563387
IRQ_SHEMAL,2025-10-08,0.9713320731327207
IRQ_SHEMAL,2025-10-09,0.9715027246863666
IRQ_SHEMAL,2025-10-10,0.9698063468332264
IRQ_SHEMAL,2025-10-11,0.9654247850498595
IRQ_SHEMAL,2025-10-12,0.8760466699767621
IRQ_SHEMAL,2025-10-13,0.7617097296173179
IRQ_SHEMAL,2025-10-14,0.7450173340646461
IRQ_SHEMAL,2025-10-17,0.751329437340289
IRQ_SHEMAL,2025-10-20,0.8145251566593797
IRQ_SHEMAL,2025-10-22,0.7767814993424914
IRQ_SHEMAL,2025-10-23,0.803767152022231
IRQ_SHEMAL,2025-10-26,0.6953002124964782
IRQ_SHEMAL,2025-10-27,0.6593270669919644
IRQ_SHEMAL,2025-10-28,0.6487746742574166
IRQ_SHEMAL,2025-10-30,0.6042927789180919
IRQ_SHEMAL,2025-11-01,0.7604355555837122
IRQ_SHEMAL,2025-11-02,0.7281274917700535
IRQ_SHEMAL,2025-11-08,0.6668168269064322
IRQ_SHEMAL,2025-11-09,0.684759088165097
IRQ_SHEMAL,2025-11-10,0.7773374076877728
IRQ_SHEMAL,2025-11-18,1.1217617901393433
IRQ_SHEMAL,2025-11-19,1.1376572313515458
IRQ_SHEMAL,2025-11-20,1.1683910776765798
IRQ_SHEMAL,2025-11-21,1.3022874612847004
IRQ_SHEMAL,2025-11-22,1.527444151710425
IRQ_SHEMAL,2025-11-27,1.8459182420736138
IRQ_SHEMAL,2025-11-28,1.895412933547463
IRQ_SHEMAL,2025-11-30,1.8785373020250515
IRQ_SHEMAL,2025-12-02,1.82533954600751
IRQ_SHEMAL,2025-12-04,1.9364762154938973
IRQ_SHEMAL,2025-12-06,1.8013934237792346
IRQ_SHEMAL,2025-12-18,1.9647647494504588
IRQ_SHEMAL,2025-12-19,1.9546053697330172
IRQ_SHEMAL,2025-12-20,1.91597815787827
IRQ_SHEMAL,2025-12-24,1.565173463000956
IRQ_SHEMAL,2025-12-30,1.2268842454227562
IRQ_SHEMAL,2026-01-03,
IRQ_SHEMAL,2026-01-04,0.6607318223449069
IRQ_SHEMAL,2026-01-05,0.8299557000298085
IRQ_SHEMAL,2026-01-06,1.1364880833850521
IRQ_SHEMAL,2026-01-07,1.3089681830712687
IRQ_SHEMAL,2026-01-11,1.2310112767878716
IRQ_SHEMAL,2026-01-20,0.9564773744297536
IRQ_SHEMAL,2026-01-24,1.0386512995443344
IRQ_SHEMAL,2026-01-25,1.0050233056688884
IRQ_SHEMAL,2026-02-15,
IRQ_SHEMAL,2026-02-16,
IRQ_SHEMAL,2026-02-19,
IRQ_SHEMAL,2026-02-20,
IRQ_SHEMAL,2026-02-22,
IRQ_SHEMAL,2026-02-23,
IRQ_SHEMAL,2026-02-25,
IRQ_SHEMAL,2026-03-03,0.6044923659987452
IRQ_SHEMAL,2026-03-04,0.7151177309126349
IRQ_SHEMAL,2026-03-05,0.6562328161141984
IRQ_SHEMAL,2026-03-10,0.64953849016961
IRQ_SHEMAL,2026-03-12,0.6106647203915042
IRQ_SHEMAL,2026-03-13,0.5438865458015221
IRQ_SHEMAL,2026-03-18,0.6168526117849692
IRQ_SHEMAL,2026-03-30,0.5830332816706659
IRQ_SHEMAL,2026-04-01,0.4903881314361855
IRQ_SHEMAL,2026-04-05,
IRQ_SHEMAL,2026-04-14,
IRQ_SHEMAL,2026-04-15,
IRQ_SHEMAL,2026-04-17,
IRQ_SHEMAL,2026-04-22,
IRQ_SHEMAL,2026-04-29,
IRQ_SHEMAL,2026-04-30,0.18968752780547318
IRQ_SHEMAL,2026-05-03,0.21827562537786893
IRQ_SHEMAL,2026-05-04,0.23084510884328274
IRQ_SHEMAL,2026-05-05,0.34847341789378666
IRQ_SHEMAL,2026-05-08,0.3375656425415575
IRQ_SHEMAL,2026-05-09,0.3268367242000274
IRQ_SHEMAL,2026-05-11,0.2856496866624521
IRQ_SHEMAL,2026-05-13,0.30108591150583597
IRQ_SHEMAL,2026-05-17,0.26501345641025414
IRQ_SHEMAL,2026-05-20,0.3054387644719257
IRQ_SHEMAL,2026-05-24,0.30908417459747883
IRQ_SHEMAL,2026-05-25,0.3010856684521116
IRQ_SHEMAL,2026-05-26,0.3387365831280075
IRQ_SHEMAL,2026-05-28,0.31426363752731373
IRQ_SHEMAL,2026-05-29,0.3090000060775958
IRQ_SHEMAL,2026-05-30,0.2923954441984982
IRQ_SHEMAL,2026-05-31,0.30121472102025765
IRQ_SHEMAL,2026-06-01,0.30073437158339
IRQ_SHEMAL,2026-06-03,0.33086659155688225
IRQ_SHEMAL,2026-06-05,0.3020754970304088
IRQ_SHEMAL,2026-06-06,0.3349298524960475
IRQ_SHEMAL,2026-06-08,0.4141839220421931
IRQ_SHEMAL,2026-06-09,0.42229761862111803
IRQ_SHEMAL,2026-06-10,0.4717196002655387
IRQ_SHEMAL,2026-06-11,0.45811390705414745
IRQ_SHEMAL,2026-06-12,0.4494813961942975
IRQ_SHEMAL,2026-06-13,0.470330859022641
IRQ_SHEMAL,2026-06-14,0.48094674517889413
IRQ_SHEMAL,2026-06-15,0.46866783503325915
IRQ_SHEMAL,2026-06-19,0.4898841948446447
IRQ_SHEMAL,2026-06-21,0.4860492385272826
IRQ_SHEMAL,2026-06-23,0.5537812382105471
IRQ_SHEMAL,2026-06-24,0.5595324850036404
IRQ_SHEMAL,2026-06-25,0.5682382287721444
IRQ_SHEMAL,2026-06-26,0.5506162420529462
IRQ_SHEMAL,2026-06-27,0.5614143309993687
IRQ_SHEMAL,2026-06-30,0.6841469654394023
IRQ_SHEMAL,2026-07-03,0.7074358847431619
IRQ_SHEMAL,2026-07-05,0.7291782770298141
IRQ_SHEMAL,2026-07-06,0.6981857515832839
IRQ_SHEMAL,2026-07-07,0.6838879814088823
IRQ_SHEMAL,2026-07-08,0.6437245099236956
IRQ_SHEMAL,2026-07-09,0.658365049940736
IRQ_SHEMAL,2026-07-10,0.6573412995085268
IRQ_SHEMAL,2026-07-11,0.6702374528424089
IRQ_SHEMAL,2026-07-12,0.6671020099505445
IRQ_SHEMAL,2026-07-13,0.6680427934336806
IRQ_SHEMAL,2026-07-14,0.6963025778593993
IRQ_SHEMAL,2026-07-15,0.7394385117261385
IRQ_SHEMAL,2026-07-16,0.7485256921697299
IRQ_SHEMAL,2026-07-17,0.7438012033432911
IRQ_SHEMAL,2026-07-18,0.7390961937208893
IRQ_SHEMAL,2026-07-19,0.7554161607575267
IRQ_SHEMAL,2026-07-20,0.7329889042748702
IRQ_SHEMAL,2026-07-24,0.7545051122644182
IRQ_SHEMAL,2026-07-25,0.7542295978248398
IRQ_SHEMAL,2026-07-26,0.768338890543681
IRQ_SHEMAL,2026-07-27,0.7686957463433917
IRQ_SHEMAL,2026-07-28,0.8101251771191842
IRQ_SHEMAL,2026-07-30,0.7342921280027583
IRQ_SHEMAL,2026-07-31,0.6811147206010383
IRQ_SHEMAL,2026-08-01,0.6680250311200362
IRQ_SHEMAL,2026-08-03,0.6553073676894114
IRQ_SHEMAL,2026-08-04,0.6840099202292466
IRQ_SHEMAL,2026-08-05,0.7414939370524297
IRQ_SHEMAL,2026-08-06,0.7686141816888391
IRQ_SHEMAL,2026-08-08,0.7941298730137653
IRQ_SHEMAL,2026-08-09,0.8021677600929756
IRQ_SHEMAL,2026-08-10,0.823772905989023
IRQ_SHEMAL,2026-08-11,0.8502581582302943
IRQ_SHEMAL,2026-08-13,0.8259004191587229
IRQ_SHEMAL,2026-08-15,0.8115431225559636
IRQ_SHEMAL,2026-08-16,0.8511417915096738
IRQ_SHEMAL,2026-08-17,0.8402556726931845
IRQ_SHEMAL,2026-08-18,0.8222050305615153
IRQ_SHEMAL,2026-08-19,0.8379026256702065
IRQ_SHEMAL,2026-08-21,0.8507721473543368
IRQ_SHEMAL,2026-08-22,0.795252410450619
IRQ_SHEMAL,2026-08-23,0.8369755023589133
IRQ_SHEMAL,2026-08-24,0.8377289112399146
IRQ_SHEMAL,2026-08-25,0.8391856737345856
IRQ_SHEMAL,2026-08-26,0.8719126280250354
IRQ_SHEMAL,2026-08-27,0.8239277256011457
IRQ_SHEMAL,2026-08-28,0.8082974231809118
IRQ_SHEMAL,2026-08-29,0.8300596270382996
IRQ_SHEMAL,2026-08-30,0.8564055737117119
IRQ_SHEMAL,2026-08-31,0.8712027808539282
IRQ_SHEMAL,2026-09-01,0.8334282240524872
IRQ_SHEMAL,2026-09-02,0.8430907020775289
IRQ_SHEMAL,2026-09-04,0.757537222557077
IRQ_SHEMAL,2026-09-05,0.753027692942706
IRQ_SHEMAL,2026-09-06,0.7424900379801194
IRQ_SHEMAL,2026-09-07,0.7643052938054387
IRQ_SHEMAL,2026-09-08,0.7373130219916374
IRQ_SHEMAL,2026-09-09,0.7832866253725239
KWT_AZZOUR,2025-01-01,
KWT_AZZOUR,2025-01-02,
KWT_AZZOUR,2025-01-03,
KWT_AZZOUR,2025-01-04,
KWT_AZZOUR,2025-01-09,
KWT_AZZOUR,2025-01-10,
KWT_AZZOUR,2025-01-11,
KWT_AZZOUR,2025-01-13,0.5878517292323119
KWT_AZZOUR,2025-01-14,0.6510223424805631
KWT_AZZOUR,2025-01-15,0.6682493134342801
KWT_AZZOUR,2025-01-16,0.6128934597602099
KWT_AZZOUR,2025-01-18,0.5893361242574984
KWT_AZZOUR,2025-01-19,0.5561446981859528
KWT_AZZOUR,2025-01-21,0.4173591318266525
KWT_AZZOUR,2025-01-22,0.4173566868002684
KWT_AZZOUR,2025-01-23,0.4180478727926814
KWT_AZZOUR,2025-01-25,0.4054149753542448
KWT_AZZOUR,2025-01-27,0.39110111349386617
KWT_AZZOUR,2025-01-28,0.45832348643585014
KWT_AZZOUR,2025-01-29,0.4693638348614863
KWT_AZZOUR,2025-01-30,0.4952584446472749
KWT_AZZOUR,2025-01-31,0.5138458468357291
KWT_AZZOUR,2025-02-01,0.44574704700923334
KWT_AZZOUR,2025-02-02,0.40065516656544176
KWT_AZZOUR,2025-02-03,0.42361853455929016
KWT_AZZOUR,2025-02-04,0.39919180603534987
KWT_AZZOUR,2025-02-07,0.3951767709561269
KWT_AZZOUR,2025-02-08,0.3605654233519111
KWT_AZZOUR,2025-02-09,0.3544983393066177
KWT_AZZOUR,2025-02-10,0.3677867242344546
KWT_AZZOUR,2025-02-14,0.2693152104511395
KWT_AZZOUR,2025-02-17,0.2763604009640648
KWT_AZZOUR,2025-02-18,0.35103065563112174
KWT_AZZOUR,2025-02-19,0.3711045083094709
KWT_AZZOUR,2025-02-20,0.4571479553443057
KWT_AZZOUR,2025-02-21,0.46044545538123893
KWT_AZZOUR,2025-02-22,0.4820682929732619
KWT_AZZOUR,2025-02-28,0.49801474173229326
KWT_AZZOUR,2025-03-01,0.452236753103036
KWT_AZZOUR,2025-03-02,0.4855315956673625
KWT_AZZOUR,2025-03-03,0.5757524649815277
KWT_AZZOUR,2025-03-12,0.761246411008282
KWT_AZZOUR,2025-03-13,0.7361674083285923
KWT_AZZOUR,2025-03-14,0.7370754056742006
KWT_AZZOUR,2025-03-19,0.7892484709612048
KWT_AZZOUR,2025-03-23,0.7479999258263912
KWT_AZZOUR,2025-03-24,0.6802286818279044
KWT_AZZOUR,2025-03-25,0.6964648696657387
KWT_AZZOUR,2025-03-26,0.6513369618641959
KWT_AZZOUR,2025-03-27,0.6969633888416298
KWT_AZZOUR,2025-03-28,0.7246418748943195
KWT_AZZOUR,2025-03-29,0.7212209379288895
KWT_AZZOUR,2025-04-01,0.6133023278718726
KWT_AZZOUR,2025-04-08,0.5909199284883023
KWT_AZZOUR,2025-04-09,0.5601640369659795
KWT_AZZOUR,2025-04-13,0.5321567541698397
KWT_AZZOUR,2025-04-15,0.5366213536614353
KWT_AZZOUR,2025-04-17,0.5915372667673566
KWT_AZZOUR,2025-04-18,0.5975758660148333
KWT_AZZOUR,2025-04-19,0.5792695353748893
KWT_AZZOUR,2025-04-20,0.6120865530911286
KWT_AZZOUR,2025-04-21,0.6204286915990733
KWT_AZZOUR,2025-04-22,0.6103486737483497
KWT_AZZOUR,2025-04-23,0.667524581952048
KWT_AZZOUR,2025-04-24,0.6155384325781017
KWT_AZZOUR,2025-04-26,0.6089704626669212
KWT_AZZOUR,2025-04-27,0.5775879512294034
KWT_AZZOUR,2025-04-29,0.557396948108492
KWT_AZZOUR,2025-05-02,0.596271413861994
KWT_AZZOUR,2025-05-04,0.5852123571473784
KWT_AZZOUR,2025-05-05,0.5561248788134506
KWT_AZZOUR,2025-05-07,0.5226270340863358
KWT_AZZOUR,2025-05-09,0.5502131231444953
KWT_AZZOUR,2025-05-10,0.5961478867722639
KWT_AZZOUR,2025-05-11,0.6155497775972566
KWT_AZZOUR,2025-05-12,0.6221958059279787
KWT_AZZOUR,2025-05-13,0.7181152913698098
KWT_AZZOUR,2025-05-14,0.7651247571164691
KWT_AZZOUR,2025-05-15,0.7746653766353163
KWT_AZZOUR,2025-05-16,0.7532696277152929
KWT_AZZOUR,2025-05-17,0.7311269630421902
KWT_AZZOUR,2025-05-18,0.7557932369128454
KWT_AZZOUR,2025-05-19,0.8036926053471621
KWT_AZZOUR,2025-05-20,0.7738586618479532
KWT_AZZOUR,2025-05-23,0.7675880548652424
KWT_AZZOUR,2025-05-26,0.7007697603100744
KWT_AZZOUR,2025-05-27,0.67322227126507
KWT_AZZOUR,2025-05-28,0.6659050574490996
KWT_AZZOUR,2025-05-29,0.7734553149313006
KWT_AZZOUR,2025-05-31,0.7856449587803191
KWT_AZZOUR,2025-06-01,0.850800617953201
KWT_AZZOUR,2025-06-04,0.8992585828693107
KWT_AZZOUR,2025-06-05,0.872030178110527
KWT_AZZOUR,2025-06-06,0.8969786552568683
KWT_AZZOUR,2025-06-07,0.8921989308682502
KWT_AZZOUR,2025-06-08,0.9075867566485035
KWT_AZZOUR,2025-06-09,0.8783607338799675
KWT_AZZOUR,2025-06-11,0.9106308121251775
KWT_AZZOUR,2025-06-12,0.8602924249885674
KWT_AZZOUR,2025-06-13,0.9466216667304223
KWT_AZZOUR,2025-06-14,0.9917623589271444
KWT_AZZOUR,2025-06-15,1.0389652528026585
KWT_AZZOUR,2025-06-16,0.9928636082579995
KWT_AZZOUR,2025-06-20,0.9766964783875007
KWT_AZZOUR,2025-06-21,1.0105799788830925
KWT_AZZOUR,2025-06-22,1.043231445575562
KWT_AZZOUR,2025-06-23,1.0522546562313049
KWT_AZZOUR,2025-06-25,1.1535190626726284
KWT_AZZOUR,2025-06-26,1.2429004713220606
KWT_AZZOUR,2025-06-27,1.2344117723133117
KWT_AZZOUR,2025-06-28,1.121394695098745
KWT_AZZOUR,2025-06-29,1.1413808072175584
KWT_AZZOUR,2025-06-30,1.1696226098702034
KWT_AZZOUR,2025-07-02,1.1074344672403031
KWT_AZZOUR,2025-07-03,1.0530486687842635
KWT_AZZOUR,2025-07-04,1.0486593802341553
KWT_AZZOUR,2025-07-06,1.0742516711745622
KWT_AZZOUR,2025-07-07,1.0443508668005326
KWT_AZZOUR,2025-07-08,0.9746229658458054
KWT_AZZOUR,2025-07-10,0.9252714288787058
KWT_AZZOUR,2025-07-12,0.9904263832323956
KWT_AZZOUR,2025-07-13,0.93003924802202
KWT_AZZOUR,2025-07-14,0.9557544278270057
KWT_AZZOUR,2025-07-15,0.9641063416262057
KWT_AZZOUR,2025-07-16,0.9876439288217196
KWT_AZZOUR,2025-07-17,0.9694497595928216
KWT_AZZOUR,2025-07-19,0.9737281418425828
KWT_AZZOUR,2025-07-23,0.8824942466144565
KWT_AZZOUR,2025-07-25,0.9105351215141679
KWT_AZZOUR,2025-07-26,0.8874897985836829
KWT_AZZOUR,2025-07-28,0.9025704398663533
KWT_AZZOUR,2025-07-29,0.7996302667171779
KWT_AZZOUR,2025-08-01,0.6790112361639148
KWT_AZZOUR,2025-08-02,0.6933741038260903
KWT_AZZOUR,2025-08-03,0.7304875318133113
KWT_AZZOUR,2025-08-04,0.7154788509270168
KWT_AZZOUR,2025-08-05,0.7955128563955471
KWT_AZZOUR,2025-08-06,0.9735311848890598
KWT_AZZOUR,2025-08-07,1.095583529433268
KWT_AZZOUR,2025-08-08,1.075178167613446
KWT_AZZOUR,2025-08-09,1.1188365605928259
KWT_AZZOUR,2025-08-10,1.1735036873378655
KWT_AZZOUR,2025-08-11,1.065601168744375
KWT_AZZOUR,2025-08-12,0.9956804277357271
KWT_AZZOUR,2025-08-13,0.9556037587898888
KWT_AZZOUR,2025-08-14,0.9090456332495499
KWT_AZZOUR,2025-08-15,0.9771092188740645
KWT_AZZOUR,2025-08-16,0.995130077390834
KWT_AZZOUR,2025-08-17,1.0035082457690292
KWT_AZZOUR,2025-08-18,1.0451504913313177
KWT_AZZOUR,2025-08-19,1.072214741297609
KWT_AZZOUR,2025-08-20,1.066433439790627
KWT_AZZOUR,2025-08-21,1.0984595221860816
KWT_AZZOUR,2025-08-22,1.122908410903852
KWT_AZZOUR,2025-08-23,1.2356271072884337
KWT_AZZOUR,2025-08-24,1.169722064261953
KWT_AZZOUR,2025-08-25,1.1980233470520953
KWT_AZZOUR,2025-08-27,1.255341342551037
KWT_AZZOUR,2025-08-28,1.3128449255639478
KWT_AZZOUR,2025-08-29,1.318078507703823
KWT_AZZOUR,2025-08-30,1.2878356554252588
KWT_AZZOUR,2025-08-31,1.3757030378098405
KWT_AZZOUR,2025-09-02,1.431007975048978
KWT_AZZOUR,2025-09-03,1.5230529717742722
KWT_AZZOUR,2025-09-04,1.4814158434304066
KWT_AZZOUR,2025-09-05,1.403295992813027
KWT_AZZOUR,2025-09-06,1.3964149536024146
KWT_AZZOUR,2025-09-07,1.4547156628002047
KWT_AZZOUR,2025-09-08,1.4522794165984243
KWT_AZZOUR,2025-09-09,1.464181202201105
KWT_AZZOUR,2025-09-10,1.4741496795767632
KWT_AZZOUR,2025-09-11,1.4639138350470797
KWT_AZZOUR,2025-09-12,1.4157165139580774
KWT_AZZOUR,2025-09-13,1.4855279009263054
KWT_AZZOUR,2025-09-14,1.6006038436671841
KWT_AZZOUR,2025-09-15,1.6897794859216269
KWT_AZZOUR,2025-09-16,1.7224802253492306
KWT_AZZOUR,2025-09-17,1.775187473541166
KWT_AZZOUR,2025-09-18,1.710308450060952
KWT_AZZOUR,2025-09-19,1.7056539017190733
KWT_AZZOUR,2025-09-20,1.6448186574644357
KWT_AZZOUR,2025-09-22,1.5322749773487303
KWT_AZZOUR,2025-09-23,1.5873026435376492
KWT_AZZOUR,2025-09-24,1.6088274634046538
KWT_AZZOUR,2025-09-25,1.5807796228988535
KWT_AZZOUR,2025-09-26,1.5601378633802354
KWT_AZZOUR,2025-09-27,1.533533736147153
KWT_AZZOUR,2025-09-28,1.5084506871177923
KWT_AZZOUR,2025-09-30,1.5897767330755403
KWT_AZZOUR,2025-10-01,1.5696391600585202
KWT_AZZOUR,2025-10-02,1.5219068707611967
KWT_AZZOUR,2025-10-03,1.4378725856167445
KWT_AZZOUR,2025-10-04,1.4410770452813335
KWT_AZZOUR,2025-10-05,1.48200300834192
KWT_AZZOUR,2025-10-06,1.5182047261995106
KWT_AZZOUR,2025-10-07,1.4828996584224445
KWT_AZZOUR,2025-10-08,1.5777469468276024
KWT_AZZOUR,2025-10-09,1.5283184116109274
KWT_AZZOUR,2025-10-10,1.542708935942727
KWT_AZZOUR,2025-10-11,1.558715011331302
KWT_AZZOUR,2025-10-12,1.6015828389780427
KWT_AZZOUR,2025-10-13,1.538184050549992
KWT_AZZOUR,2025-10-14,1.4813761942617092
KWT_AZZOUR,2025-10-15,1.4472157228368503
KWT_AZZOUR,2025-10-16,1.4576695582245522
KWT_AZZOUR,2025-10-17,1.3597074604307582
KWT_AZZOUR,2025-10-18,1.3756624602161243
KWT_AZZOUR,2025-10-19,1.4567418881496512
KWT_AZZOUR,2025-10-20,1.5394357830162917
KWT_AZZOUR,2025-10-21,1.5586857938983956
KWT_AZZOUR,2025-10-22,1.5817004531586976
KWT_AZZOUR,2025-10-23,1.596129642132022
KWT_AZZOUR,2025-10-24,1.513976224030179
KWT_AZZOUR,2025-10-25,1.4384039565138638
KWT_AZZOUR,2025-10-26,1.455851018642916
KWT_AZZOUR,2025-10-27,1.5541361996581344
KWT_AZZOUR,2025-10-28,1.5817830257655345
KWT_AZZOUR,2025-10-29,1.5526032834295376
KWT_AZZOUR,2025-10-30,1.5331153291909116
KWT_AZZOUR,2025-10-31,1.592140341601281
KWT_AZZOUR,2025-11-01,1.6529244038961866
KWT_AZZOUR,2025-11-02,1.7003628899270917
KWT_AZZOUR,2025-11-03,1.759764729547015
KWT_AZZOUR,2025-11-04,1.7912663774606201
KWT_AZZOUR,2025-11-05,1.69507220868741
KWT_AZZOUR,2025-11-06,1.6360034140044744
KWT_AZZOUR,2025-11-07,1.5708621002124832
KWT_AZZOUR,2025-11-09,1.5738262946657877
KWT_AZZOUR,2025-11-10,1.6158559450949754
KWT_AZZOUR,2025-11-11,1.536599238265831
KWT_AZZOUR,2025-11-13,1.4635763748544774
KWT_AZZOUR,2025-11-14,1.383778574717498
KWT_AZZOUR,2025-11-17,1.3292662922040097
KWT_AZZOUR,2025-11-19,1.2173259905040552
KWT_AZZOUR,2025-11-20,1.1810373381828052
KWT_AZZOUR,2025-11-21,1.2210038728093768
KWT_AZZOUR,2025-11-22,1.1879695079455415
KWT_AZZOUR,2025-11-23,1.2017568595924701
KWT_AZZOUR,2025-11-24,1.3030857142491943
KWT_AZZOUR,2025-11-27,1.1314642585799581
KWT_AZZOUR,2025-11-28,1.1291886890360923
KWT_AZZOUR,2025-11-29,1.0746563716734578
KWT_AZZOUR,2025-11-30,0.9966280381385751
KWT_AZZOUR,2025-12-01,0.9316035159438145
KWT_AZZOUR,2025-12-04,0.6107559053358965
KWT_AZZOUR,2025-12-12,0.6418524962025041
KWT_AZZOUR,2025-12-13,0.7442453620798702
KWT_AZZOUR,2025-12-20,0.7769897015441278
KWT_AZZOUR,2025-12-21,0.65510004702064
KWT_AZZOUR,2025-12-23,0.6326842387478744
KWT_AZZOUR,2025-12-24,0.5822465374457472
KWT_AZZOUR,2025-12-28,0.6493882961975042
KWT_AZZOUR,2025-12-31,0.641656933589066
KWT_AZZOUR,2026-01-01,0.6076038330593565
KWT_AZZOUR,2026-01-02,0.5723859273235984
KWT_AZZOUR,2026-01-05,0.768568237155248
KWT_AZZOUR,2026-01-06,0.8667821437497006
KWT_AZZOUR,2026-01-07,0.9963972728575285
KWT_AZZOUR,2026-01-08,1.1340143380993228
KWT_AZZOUR,2026-01-09,1.139925425182867
KWT_AZZOUR,2026-01-10,1.0887575476803633
KWT_AZZOUR,2026-01-11,1.147685655998128
KWT_AZZOUR,2026-01-12,1.1365224270015488
KWT_AZZOUR,2026-01-14,1.075751559907722
KWT_AZZOUR,2026-01-16,1.064186584378155
KWT_AZZOUR,2026-01-17,1.0529305453676732
KWT_AZZOUR,2026-01-19,1.2047331049046914
KWT_AZZOUR,2026-01-20,1.2962133760294374
KWT_AZZOUR,2026-01-22,1.3000273120120973
KWT_AZZOUR,2026-01-26,1.357918429688995
KWT_AZZOUR,2026-01-29,1.3439377373564856
KWT_AZZOUR,2026-01-31,1.3470929531431564
KWT_AZZOUR,2026-02-01,1.3616737386736777
KWT_AZZOUR,2026-02-04,1.349552563425686
KWT_AZZOUR,2026-02-05,1.2505919685247664
KWT_AZZOUR,2026-02-08,1.0123162441938187
KWT_AZZOUR,2026-02-14,0.9902707116502767
KWT_AZZOUR,2026-02-15,1.071650635817779
KWT_AZZOUR,2026-02-16,1.0813646364965686
KWT_AZZOUR,2026-02-17,1.0264161969886285
KWT_AZZOUR,2026-02-18,0.8400077757689887
KWT_AZZOUR,2026-02-19,0.7429824201079078
KWT_AZZOUR,2026-02-20,0.803615529168669
KWT_AZZOUR,2026-02-21,0.7875583449641305
KWT_AZZOUR,2026-02-22,0.7478610087816845
KWT_AZZOUR,2026-02-23,0.7618746672733013
KWT_AZZOUR,2026-02-25,0.703064168986536
KWT_AZZOUR,2026-02-26,0.7034034591966134
KWT_AZZOUR,2026-02-27,0.6907195045924047
KWT_AZZOUR,2026-02-28,0.6649505128028301
KWT_AZZOUR,2026-03-04,0.6777826565103946
KWT_AZZOUR,2026-03-05,0.6059538727026105
KWT_AZZOUR,2026-03-06,0.5583639513320305
KWT_AZZOUR,2026-03-07,0.5906289774886566
KWT_AZZOUR,2026-03-09,0.5757829519751654
KWT_AZZOUR,2026-03-10,0.5713416064019485
KWT_AZZOUR,2026-03-14,0.5607935836446721
KWT_AZZOUR,2026-03-18,0.5736856518803399
KWT_AZZOUR,2026-03-20,0.5516317364173492
KWT_AZZOUR,2026-03-21,0.5453281378852622
KWT_AZZOUR,2026-03-23,0.501303213158103
KWT_AZZOUR,2026-03-27,0.4645235183335311
KWT_AZZOUR,2026-03-28,0.4574792375576673
KWT_AZZOUR,2026-03-29,0.4444480770675734
KWT_AZZOUR,2026-04-01,0.5056946278151067
KWT_AZZOUR,2026-04-05,0.5508227985461558
KWT_AZZOUR,2026-04-06,0.5558077134554438
KWT_AZZOUR,2026-04-07,0.5575460266509139
KWT_AZZOUR,2026-04-10,0.7239829747380765
KWT_AZZOUR,2026-04-13,0.7653694949004881
KWT_AZZOUR,2026-04-14,0.7648234363001227
KWT_AZZOUR,2026-04-15,0.7732367239041635
KWT_AZZOUR,2026-04-17,0.6349744425612721
KWT_AZZOUR,2026-04-18,0.6555138456040664
KWT_AZZOUR,2026-04-22,0.6722031117122036
KWT_AZZOUR,2026-04-26,0.7183744246113832
KWT_AZZOUR,2026-04-27,0.7187795877808074
KWT_AZZOUR,2026-04-29,0.7662179398196148
KWT_AZZOUR,2026-04-30,0.8325913672165656
KWT_AZZOUR,2026-05-01,0.8723128137831021
KWT_AZZOUR,2026-05-02,0.8836572294459039
KWT_AZZOUR,2026-05-03,0.8285672211926368
KWT_AZZOUR,2026-05-04,0.9336421540156673
KWT_AZZOUR,2026-05-05,1.0157099335286182
KWT_AZZOUR,2026-05-09,1.015763181740715
KWT_AZZOUR,2026-05-10,0.9997034911482797
KWT_AZZOUR,2026-05-12,1.1479935847980838
KWT_AZZOUR,2026-05-13,1.1441752999264014
KWT_AZZOUR,2026-05-15,1.205125703149629
KWT_AZZOUR,2026-05-16,1.156943372674231
KWT_AZZOUR,2026-05-17,1.213247270849875
KWT_AZZOUR,2026-05-18,1.2565451536778687
KWT_AZZOUR,2026-05-19,1.2397926721138242
KWT_AZZOUR,2026-05-20,1.1858539169971922
KWT_AZZOUR,2026-05-22,1.2293980240754638
KWT_AZZOUR,2026-05-23,1.2234945533094927
KWT_AZZOUR,2026-05-24,1.1803323472045666
KWT_AZZOUR,2026-05-25,1.1583825453898438
KWT_AZZOUR,2026-05-26,1.1759219371958085
KWT_AZZOUR,2026-05-28,1.2014038051100595
KWT_AZZOUR,2026-05-29,1.195390905921993
KWT_AZZOUR,2026-05-31,1.160524226246292
KWT_AZZOUR,2026-06-01,1.1511119011429551
KWT_AZZOUR,2026-06-02,1.2362073981947204
KWT_AZZOUR,2026-06-03,1.1628574227700332
KWT_AZZOUR,2026-06-04,1.067078634629996
KWT_AZZOUR,2026-06-06,1.0978348309866206
KWT_AZZOUR,2026-06-08,1.1991593610437026
KWT_AZZOUR,2026-06-09,1.205517735524975
KWT_AZZOUR,2026-06-10,1.305380113573912
KWT_AZZOUR,2026-06-11,1.1085722283529402
KWT_AZZOUR,2026-06-13,1.1880177392540776
KWT_AZZOUR,2026-06-14,1.2146601672332353
KWT_AZZOUR,2026-06-15,1.2498168252373765
KWT_AZZOUR,2026-06-18,1.2033861850911038
KWT_AZZOUR,2026-06-19,1.3076090094534791
KWT_AZZOUR,2026-06-21,1.395593106441323
KWT_AZZOUR,2026-06-23,1.5454692810361066
KWT_AZZOUR,2026-06-25,1.5238656039329073
KWT_AZZOUR,2026-06-26,1.4268881022232685
KWT_AZZOUR,2026-06-27,1.56105634756809
KWT_AZZOUR,2026-06-29,1.54818716874454
KWT_AZZOUR,2026-06-30,1.4942692447125883
KWT_AZZOUR,2026-07-01,1.4394830862528498
KWT_AZZOUR,2026-07-02,1.3552870873080654
KWT_AZZOUR,2026-07-03,1.3995832635918033
KWT_AZZOUR,2026-07-04,1.5988518664500797
KWT_AZZOUR,2026-07-05,1.6481008493563711
KWT_AZZOUR,2026-07-06,1.5583591523602962
KWT_AZZOUR,2026-07-07,1.5016757360850066
KWT_AZZOUR,2026-07-09,1.3638477959863282
KWT_AZZOUR,2026-07-10,1.256434628346977
KWT_AZZOUR,2026-07-11,1.3270453329752816
KWT_AZZOUR,2026-07-12,1.296733732308453
KWT_AZZOUR,2026-07-13,1.1867252571244915
KWT_AZZOUR,2026-07-15,1.1519455545460278
KWT_AZZOUR,2026-07-17,1.2393533678534983
KWT_AZZOUR,2026-07-18,1.4197064691562193
KWT_AZZOUR,2026-07-19,1.3527293681017394
KWT_AZZOUR,2026-07-21,1.253629790591965
KWT_AZZOUR,2026-07-22,1.1754298338582247
KWT_AZZOUR,2026-07-24,1.1668919733856142
KWT_AZZOUR,2026-07-25,1.2899061737469715
KWT_AZZOUR,2026-07-26,1.2986205050548578
KWT_AZZOUR,2026-07-27,1.144710353773526
KWT_AZZOUR,2026-07-29,1.1346873624729221
KWT_AZZOUR,2026-07-31,1.3879210619605102
KWT_AZZOUR,2026-08-01,1.4470093458044857
KWT_AZZOUR,2026-08-03,1.3731918280259954
KWT_AZZOUR,2026-08-04,1.522461788603495
KWT_AZZOUR,2026-08-05,1.6373365145380914
KWT_AZZOUR,2026-08-06,1.6976849589953298
KWT_AZZOUR,2026-08-07,1.6944559931702414
KWT_AZZOUR,2026-08-08,1.689632820730461
KWT_AZZOUR,2026-08-09,1.7707629739195812
KWT_AZZOUR,2026-08-10,1.7924715287799604
KWT_AZZOUR,2026-08-12,1.844549904981259
KWT_AZZOUR,2026-08-13,1.883035710088536
KWT_AZZOUR,2026-08-14,1.884811460035985
KWT_AZZOUR,2026-08-15,1.861883011382169
KWT_AZZOUR,2026-08-17,1.604735428654616
KWT_AZZOUR,2026-08-18,1.5947661298784526
KWT_AZZOUR,2026-08-19,1.5861064423117466
KWT_AZZOUR,2026-08-21,1.6567143538680766
KWT_AZZOUR,2026-08-22,1.672074293643039
KWT_AZZOUR,2026-08-23,1.6519136010067939
KWT_AZZOUR,2026-08-24,1.6583553675589187
KWT_AZZOUR,2026-08-25,1.6607104110507775
KWT_AZZOUR,2026-08-26,1.6921283773884082
KWT_AZZOUR,2026-08-27,1.6586090448814628
KWT_AZZOUR,2026-08-28,1.682546024661591
KWT_AZZOUR,2026-08-29,1.6997331098833088
KWT_AZZOUR,2026-08-30,1.547593779849014
KWT_AZZOUR,2026-08-31,1.5120582990191194
KWT_AZZOUR,2026-09-01,1.5006277099331777
KWT_AZZOUR,2026-09-02,1.415773993508454
KWT_AZZOUR,2026-09-03,1.1782780727037445
KWT_AZZOUR,2026-09-04,1.197551512504843
KWT_AZZOUR,2026-09-05,1.1957642058217581
KWT_AZZOUR,2026-09-06,1.1575520682556062
KWT_AZZOUR,2026-09-07,1.1672316710528607
KWT_AZZOUR,2026-09-08,1.0319458161722164
KWT_AZZOUR,2026-09-09,1.0264591401388303
KWT_AZZOUR,2026-09-10,1.0497878763790707
KWT_DOHA,2025-01-01,
KWT_DOHA,2025-01-02,
KWT_DOHA,2025-01-03,
KWT_DOHA,2025-01-04,
KWT_DOHA,2025-01-09,
KWT_DOHA,2025-01-11,
KWT_DOHA,2025-01-12,
KWT_DOHA,2025-01-13,0.7530239859259051
KWT_DOHA,2025-01-14,0.7276823087307371
KWT_DOHA,2025-01-17,0.679844789058814
KWT_DOHA,2025-01-18,0.6536662079591891
KWT_DOHA,2025-01-19,0.6856593756169503
KWT_DOHA,2025-01-21,0.6643926152030216
KWT_DOHA,2025-01-22,0.6353182441375537
KWT_DOHA,2025-01-23,0.6648194748913848
KWT_DOHA,2025-01-25,0.6309139707871323
KWT_DOHA,2025-01-27,0.6584971766430928
KWT_DOHA,2025-01-28,0.6503448770659789
KWT_DOHA,2025-01-29,0.6531739730100643
KWT_DOHA,2025-01-30,0.6377992880839656
KWT_DOHA,2025-01-31,0.6457311148976889
KWT_DOHA,2025-02-01,0.6829785529175405
KWT_DOHA,2025-02-02,0.6932039185209288
KWT_DOHA,2025-02-03,0.7056803182440881
KWT_DOHA,2025-02-05,0.7251122268184632
KWT_DOHA,2025-02-07,0.7066281584316966
KWT_DOHA,2025-02-08,0.7061630862232363
KWT_DOHA,2025-02-09,0.7152326389955688
KWT_DOHA,2025-02-14,0.6616728378707883
KWT_DOHA,2025-02-17,0.6835518049785814
KWT_DOHA,2025-02-18,0.6579376248000777
KWT_DOHA,2025-02-20,0.6561563650283984
KWT_DOHA,2025-02-21,0.6767331000896138
KWT_DOHA,2025-02-22,0.6668253847786375
KWT_DOHA,2025-02-24,0.6845553841612563
KWT_DOHA,2025-02-25,0.6610307992524047
KWT_DOHA,2025-02-26,0.644516312330661
KWT_DOHA,2025-02-27,0.6401071206858081
KWT_DOHA,2025-02-28,0.6359334680159554
KWT_DOHA,2025-03-01,0.6294501734237581
KWT_DOHA,2025-03-02,0.6300408045214467
KWT_DOHA,2025-03-09,0.5570188218057569
KWT_DOHA,2025-03-12,0.5086462818892995
KWT_DOHA,2025-03-13,0.5180482589289763
KWT_DOHA,2025-03-14,0.5306950120488387
KWT_DOHA,2025-03-15,0.5772137278120107
KWT_DOHA,2025-03-19,0.5948037475805341
KWT_DOHA,2025-03-23,0.5870781343434345
KWT_DOHA,2025-03-25,0.5621930026801244
KWT_DOHA,2025-03-26,0.6015682701840764
KWT_DOHA,2025-03-28,0.5796600715206245
KWT_DOHA,2025-03-29,0.5603538399159629
KWT_DOHA,2025-03-30,0.5833063680379128
KWT_DOHA,2025-04-01,0.5960082616062308
KWT_DOHA,2025-04-10,0.6540012585708901
KWT_DOHA,2025-04-11,0.6377745464929245
KWT_DOHA,2025-04-12,0.6019051600788162
KWT_DOHA,2025-04-13,0.5837493163785814
KWT_DOHA,2025-04-14,0.4564038302461524
KWT_DOHA,2025-04-15,0.4756556611370049
KWT_DOHA,2025-04-16,0.5153913664156609
KWT_DOHA,2025-04-17,0.5280375410433553
KWT_DOHA,2025-04-18,0.5370278388704103
KWT_DOHA,2025-04-19,0.551004895942863
KWT_DOHA,2025-04-20,0.5817010475084846
KWT_DOHA,2025-04-21,0.6320796536708423
KWT_DOHA,2025-04-22,0.6376345964566368
KWT_DOHA,2025-04-23,0.6893566582976246
KWT_DOHA,2025-04-25,0.6925910683224107
KWT_DOHA,2025-04-26,0.6572699710523177
KWT_DOHA,2025-04-28,0.7359517830214619
KWT_DOHA,2025-05-01,0.8248926229704696
KWT_DOHA,2025-05-02,0.8432658276824981
KWT_DOHA,2025-05-04,0.8475404092154202
KWT_DOHA,2025-05-05,0.8600117244663095
KWT_DOHA,2025-05-06,0.8569289130393375
KWT_DOHA,2025-05-10,0.8243799586368457
KWT_DOHA,2025-05-12,0.8851737444433228
KWT_DOHA,2025-05-13,0.8720464777127771
KWT_DOHA,2025-05-14,0.9456378860662505
KWT_DOHA,2025-05-15,0.9865582654474161
KWT_DOHA,2025-05-16,0.966933364999783
KWT_DOHA,2025-05-18,1.0293638543832746
KWT_DOHA,2025-05-19,1.066362031792608
KWT_DOHA,2025-05-21,1.0481220519036256
KWT_DOHA,2025-05-23,1.103891227974565
KWT_DOHA,2025-05-25,1.1153345319989618
KWT_DOHA,2025-05-26,1.1694268542190318
KWT_DOHA,2025-05-27,1.2277117150952939
KWT_DOHA,2025-05-29,1.2926192799370726
KWT_DOHA,2025-05-30,1.2682203343897147
KWT_DOHA,2025-05-31,1.1957376873562444
KWT_DOHA,2025-06-01,1.1906058691164496
KWT_DOHA,2025-06-05,1.204880670848195
KWT_DOHA,2025-06-06,1.1819824937723757
KWT_DOHA,2025-06-09,1.2235127604094729
KWT_DOHA,2025-06-10,1.1971759950385386
KWT_DOHA,2025-06-11,1.1455891180164413
KWT_DOHA,2025-06-12,1.1727578849046245
KWT_DOHA,2025-06-14,1.1759496772032338
KWT_DOHA,2025-06-15,1.1991700847366982
KWT_DOHA,2025-06-16,1.2437389225041353
KWT_DOHA,2025-06-26,1.0966043017979903
KWT_DOHA,2025-06-27,1.0874279703285068
KWT_DOHA,2025-06-28,1.0160533742554603
KWT_DOHA,2025-06-29,1.114075962735697
KWT_DOHA,2025-07-07,1.2018819214289034
KWT_DOHA,2025-07-08,1.204454424452654
KWT_DOHA,2025-07-09,1.1723995886151184
KWT_DOHA,2025-07-10,1.3243942271186067
KWT_DOHA,2025-07-12,1.493507161305674
KWT_DOHA,2025-07-13,1.5060848738244392
KWT_DOHA,2025-07-14,1.48508255749183
KWT_DOHA,2025-07-15,1.580997066593977
KWT_DOHA,2025-07-16,1.5787981938004367
KWT_DOHA,2025-07-17,1.5674314233704447
KWT_DOHA,2025-07-19,1.5248053808121713
KWT_DOHA,2025-07-24,1.4754102800358218
KWT_DOHA,2025-07-29,1.4563134438322523
KWT_DOHA,2025-07-31,1.4443580376338454
KWT_DOHA,2025-08-01,1.4314419747139098
KWT_DOHA,2025-08-02,1.4538755751325487
KWT_DOHA,2025-08-03,1.4174775155909827
KWT_DOHA,2025-08-05,1.40669234808063
KWT_DOHA,2025-08-06,1.4002499638127488
KWT_DOHA,2025-08-07,1.3950129925418957
KWT_DOHA,2025-08-08,1.3513175377343838
KWT_DOHA,2025-08-09,1.2429186516659199
KWT_DOHA,2025-08-10,1.227072503163088
KWT_DOHA,2025-08-11,1.2088182604256386
KWT_DOHA,2025-08-14,1.093878737049165
KWT_DOHA,2025-08-15,0.9976497804935354
KWT_DOHA,2025-08-16,0.962499064129513
KWT_DOHA,2025-08-17,0.9588417189108207
KWT_DOHA,2025-08-18,0.9729366286491429
KWT_DOHA,2025-08-19,0.9796179229354692
KWT_DOHA,2025-08-21,1.0646683801602328
KWT_DOHA,2025-08-22,1.1448448080477345
KWT_DOHA,2025-08-24,1.172427587802156
KWT_DOHA,2025-08-25,1.1766102528746532
KWT_DOHA,2025-08-27,1.16205133671573
KWT_DOHA,2025-08-28,1.1769073876073712
KWT_DOHA,2025-08-29,1.1612981359270125
KWT_DOHA,2025-08-30,1.138337433380846
KWT_DOHA,2025-08-31,1.119098790101648
KWT_DOHA,2025-09-02,1.1144445137551913
KWT_DOHA,2025-09-05,1.1017985641485855
KWT_DOHA,2025-09-06,1.1304818184845233
KWT_DOHA,2025-09-08,1.2336523229507588
KWT_DOHA,2025-09-09,1.2813743985996033
KWT_DOHA,2025-09-11,1.3071953460397783
KWT_DOHA,2025-09-12,1.301554565816727
KWT_DOHA,2025-09-14,1.359266734429226
KWT_DOHA,2025-09-15,1.3747249763435105
KWT_DOHA,2025-09-16,1.3906224985509488
KWT_DOHA,2025-09-17,1.410236966931334
KWT_DOHA,2025-09-18,1.4812308744260834
KWT_DOHA,2025-09-19,1.4621091325931184
KWT_DOHA,2025-09-20,1.3745582724534733
KWT_DOHA,2025-09-21,1.2769243533232708
KWT_DOHA,2025-09-22,1.2730576945753738
KWT_DOHA,2025-09-23,1.268215627897956
KWT_DOHA,2025-09-25,1.2590113085103922
KWT_DOHA,2025-09-27,1.320036701634231
KWT_DOHA,2025-09-28,1.3504146433901905
KWT_DOHA,2025-10-03,1.3755371616196812
KWT_DOHA,2025-10-04,1.3912232781568152
KWT_DOHA,2025-10-05,1.4369712757915316
KWT_DOHA,2025-10-06,1.4286748413055588
KWT_DOHA,2025-10-09,1.3105008952601875
KWT_DOHA,2025-10-10,1.2841851199855474
KWT_DOHA,2025-10-12,1.279789467527065
KWT_DOHA,2025-10-13,1.2416130220686543
KWT_DOHA,2025-10-14,1.2315355818974072
KWT_DOHA,2025-10-15,1.2187646174567353
KWT_DOHA,2025-10-16,1.1892801343997106
KWT_DOHA,2025-10-17,1.1274219957431955
KWT_DOHA,2025-10-19,1.0671194387438248
KWT_DOHA,2025-10-20,1.1034946130900576
KWT_DOHA,2025-10-21,1.1553146466313406
KWT_DOHA,2025-10-22,1.2039428332662259
KWT_DOHA,2025-10-23,1.2391557707046035
KWT_DOHA,2025-10-25,1.3007825297891826
KWT_DOHA,2025-10-26,1.2971917534504758
KWT_DOHA,2025-10-27,1.23872731068057
KWT_DOHA,2025-10-28,1.2088700697453247
KWT_DOHA,2025-10-29,1.22030184058858
KWT_DOHA,2025-10-30,1.2603077632240762
KWT_DOHA,2025-10-31,1.2534338052990848
KWT_DOHA,2025-11-01,1.247161791083393
KWT_DOHA,2025-11-02,1.251482606902952
KWT_DOHA,2025-11-03,1.216226004209229
KWT_DOHA,2025-11-04,1.2059584910009868
KWT_DOHA,2025-11-05,1.246596232561977
KWT_DOHA,2025-11-06,1.2389755377832137
KWT_DOHA,2025-11-14,1.3220887215924901
KWT_DOHA,2025-11-17,1.3790895775434608
KWT_DOHA,2025-11-18,1.3324192620267485
KWT_DOHA,2025-11-19,1.2914815074712984
KWT_DOHA,2025-11-20,1.242622330096822
KWT_DOHA,2025-11-21,1.1784964656191268
KWT_DOHA,2025-11-22,1.127108700935561
KWT_DOHA,2025-11-23,1.1358230309729374
KWT_DOHA,2025-11-24,1.0960435984774997
KWT_DOHA,2025-11-26,1.1307488176361642
KWT_DOHA,2025-11-28,1.0848473172813242
KWT_DOHA,2025-11-29,1.0452529768341614
KWT_DOHA,2025-11-30,1.0242673145273333
KWT_DOHA,2025-12-04,0.9724117279781973
KWT_DOHA,2025-12-06,0.889993749375062
KWT_DOHA,2025-12-16,0.9517110360629542
KWT_DOHA,2025-12-20,1.054100997654495
KWT_DOHA,2025-12-23,1.1073394867072566
KWT_DOHA,2025-12-31,
KWT_DOHA,2026-01-01,
KWT_DOHA,2026-01-04,
KWT_DOHA,2026-01-05,
KWT_DOHA,2026-01-06,0.8687149016916196
KWT_DOHA,2026-01-07,0.8928150800259442
KWT_DOHA,2026-01-08,0.8645809036444627
KWT_DOHA,2026-01-09,0.9301422610685344
KWT_DOHA,2026-01-10,0.8825261447810626
KWT_DOHA,2026-01-11,0.8848531479514777
KWT_DOHA,2026-01-14,0.8726135143830887
KWT_DOHA,2026-01-16,0.7937746589226944
KWT_DOHA,2026-01-17,0.8062204633219937
KWT_DOHA,2026-01-19,0.8161750579205164
KWT_DOHA,2026-01-20,0.8348889777585834
KWT_DOHA,2026-01-22,0.7881079115298508
KWT_DOHA,2026-01-24,0.8001799875005585
KWT_DOHA,2026-01-26,0.7824738289413845
KWT_DOHA,2026-01-28,0.7743845595530007
KWT_DOHA,2026-01-29,0.8025283532334054
KWT_DOHA,2026-01-31,0.8301128321791722
KWT_DOHA,2026-02-01,0.8322187215141253
KWT_DOHA,2026-02-04,0.8608452159444632
KWT_DOHA,2026-02-05,0.8597592499104273
KWT_DOHA,2026-02-06,0.8711351779907468
KWT_DOHA,2026-02-08,0.8321989250847794
KWT_DOHA,2026-02-09,0.9269418977562695
KWT_DOHA,2026-02-14,0.9228166604259783
KWT_DOHA,2026-02-15,0.9353713405930034
KWT_DOHA,2026-02-16,0.9079384190100621
KWT_DOHA,2026-02-18,0.9211552130639097
KWT_DOHA,2026-02-19,0.935712794805678
KWT_DOHA,2026-02-20,0.9345975565392054
KWT_DOHA,2026-02-21,0.9525725178982393
KWT_DOHA,2026-02-23,0.9385586279917629
KWT_DOHA,2026-02-25,0.9358517051629259
KWT_DOHA,2026-02-26,0.9299267296639124
KWT_DOHA,2026-02-27,0.9650278135405952
KWT_DOHA,2026-02-28,0.9192131335754418
KWT_DOHA,2026-03-01,0.8924332163671037
KWT_DOHA,2026-03-04,0.8631866395059122
KWT_DOHA,2026-03-07,0.8706082277564552
KWT_DOHA,2026-03-08,0.8176652458573064
KWT_DOHA,2026-03-09,0.8040355182139489
KWT_DOHA,2026-03-10,0.7907643576870519
KWT_DOHA,2026-03-11,0.7099447348508713
KWT_DOHA,2026-03-17,0.7083895008259344
KWT_DOHA,2026-03-18,0.7095448503523684
KWT_DOHA,2026-03-20,0.6609506623709273
KWT_DOHA,2026-03-21,0.6126754906625713
KWT_DOHA,2026-03-27,0.5397286230202882
KWT_DOHA,2026-04-01,0.4636145488494847
KWT_DOHA,2026-04-05,0.45485874297893675
KWT_DOHA,2026-04-06,0.42972718719961195
KWT_DOHA,2026-04-07,0.47032575033870305
KWT_DOHA,2026-04-08,0.5063813571892664
KWT_DOHA,2026-04-10,0.5852836714485817
KWT_DOHA,2026-04-13,0.5208597356127571
KWT_DOHA,2026-04-14,0.5360257184156181
KWT_DOHA,2026-04-15,0.5458232886821758
KWT_DOHA,2026-04-17,0.5885125136205789
KWT_DOHA,2026-04-18,0.6056775993173255
KWT_DOHA,2026-04-22,0.6171314191016605
KWT_DOHA,2026-04-25,0.5882326157617392
KWT_DOHA,2026-04-27,0.625791960493889
KWT_DOHA,2026-04-28,0.6198425315691459
KWT_DOHA,2026-04-30,0.6326441773400435
KWT_DOHA,2026-05-01,0.6328326329240593
KWT_DOHA,2026-05-02,0.658638970651614
KWT_DOHA,2026-05-03,0.706687453453408
KWT_DOHA,2026-05-04,0.6497644028199102
KWT_DOHA,2026-05-06,0.6589222651722835
KWT_DOHA,2026-05-09,0.6322544047710759
KWT_DOHA,2026-05-10,0.609050779111768
KWT_DOHA,2026-05-11,0.6371500086607066
KWT_DOHA,2026-05-14,0.7001669234681974
KWT_DOHA,2026-05-15,0.7476410788673293
KWT_DOHA,2026-05-16,0.7621996730740025
KWT_DOHA,2026-05-17,0.7640476499764826
KWT_DOHA,2026-05-19,0.7125956824066892
KWT_DOHA,2026-05-20,0.709583633144784
KWT_DOHA,2026-05-22,0.7247560798569185
KWT_DOHA,2026-05-23,0.7450235211461335
KWT_DOHA,2026-05-24,0.7417508902114448
KWT_DOHA,2026-05-26,0.793149572371593
KWT_DOHA,2026-05-28,0.7790694977302316
KWT_DOHA,2026-05-30,0.7665466311878013
KWT_DOHA,2026-05-31,0.7808396366438435
KWT_DOHA,2026-06-01,0.791811492860644
KWT_DOHA,2026-06-02,0.7661232173101306
KWT_DOHA,2026-06-03,0.9238561053299972
KWT_DOHA,2026-06-04,0.9315013262927058
KWT_DOHA,2026-06-05,0.9658899477603414
KWT_DOHA,2026-06-06,1.0378966174676982
KWT_DOHA,2026-06-08,1.0696218786022478
KWT_DOHA,2026-06-09,1.1469304470275887
KWT_DOHA,2026-06-10,1.1633305626451154
KWT_DOHA,2026-06-11,1.175097438398669
KWT_DOHA,2026-06-13,1.195727688050345
KWT_DOHA,2026-06-14,1.2157616602291668
KWT_DOHA,2026-06-15,1.2370657799011269
KWT_DOHA,2026-06-18,1.3368986042805668
KWT_DOHA,2026-06-19,1.3466884988877519
KWT_DOHA,2026-06-21,1.438901498160166
KWT_DOHA,2026-06-26,1.4884990318714404
KWT_DOHA,2026-06-27,1.586094739432785
KWT_DOHA,2026-07-01,1.696892126244033
KWT_DOHA,2026-07-02,1.714038976751371
KWT_DOHA,2026-07-03,1.6385141031238846
KWT_DOHA,2026-07-04,1.6630832061511613
KWT_DOHA,2026-07-05,1.6788908869022072
KWT_DOHA,2026-07-06,1.593819963850714
KWT_DOHA,2026-07-07,1.5722547915054041
KWT_DOHA,2026-07-08,1.565767154604326
KWT_DOHA,2026-07-11,1.4687832180581393
KWT_DOHA,2026-07-12,1.4546651938042154
KWT_DOHA,2026-07-13,1.4481921020281925
KWT_DOHA,2026-07-14,1.4137187911407052
KWT_DOHA,2026-07-17,1.4427907091326613
KWT_DOHA,2026-07-23,1.3758615224011117
KWT_DOHA,2026-07-24,1.3887150121526284
KWT_DOHA,2026-07-25,1.4113533900885245
KWT_DOHA,2026-07-26,1.40924554404301
KWT_DOHA,2026-07-29,1.3851874434525753
KWT_DOHA,2026-07-31,1.3554800027894793
KWT_DOHA,2026-08-01,1.3704696657746673
KWT_DOHA,2026-08-03,1.406203514900092
KWT_DOHA,2026-08-04,1.3565989980455122
KWT_DOHA,2026-08-05,1.3745606148249265
KWT_DOHA,2026-08-06,1.3663099281237523
KWT_DOHA,2026-08-07,1.3777270486804205
KWT_DOHA,2026-08-08,1.373099140372684
KWT_DOHA,2026-08-09,1.3304174923681158
KWT_DOHA,2026-08-10,1.33651580589522
KWT_DOHA,2026-08-11,1.3416856584593677
KWT_DOHA,2026-08-12,1.3361775910966107
KWT_DOHA,2026-08-13,1.2636359505615695
KWT_DOHA,2026-08-14,1.3164217696200844
KWT_DOHA,2026-08-15,1.3897318789423925
KWT_DOHA,2026-08-16,1.3411527809795578
KWT_DOHA,2026-08-17,1.3265413624679154
KWT_DOHA,2026-08-18,1.3302254345562934
KWT_DOHA,2026-08-21,1.3055472838427695
KWT_DOHA,2026-08-22,1.277076958057776
KWT_DOHA,2026-08-23,1.2500009420115017
KWT_DOHA,2026-08-24,1.2538818222779182
KWT_DOHA,2026-08-26,1.220120426185
KWT_DOHA,2026-08-27,1.1720176086488239
KWT_DOHA,2026-08-28,1.1423806146583113
KWT_DOHA,2026-08-31,1.1477455458159698
KWT_DOHA,2026-09-01,1.13915416376726
KWT_DOHA,2026-09-03,1.1141473132132187
KWT_DOHA,2026-09-04,1.0532070044170019
KWT_DOHA,2026-09-05,1.074922432774608
KWT_DOHA,2026-09-06,1.0557433156745053
KWT_DOHA,2026-09-07,1.0282037929418202
KWT_DOHA,2026-09-08,1.0239901727361864
KWT_DOHA,2026-09-09,1.0337767613958548
KWT_DOHA,2026-09-10,1.0740658915734518
KWT_SABIYA,2025-01-02,
KWT_SABIYA,2025-01-03,
KWT_SABIYA,2025-01-04,
KWT_SABIYA,2025-01-05,
KWT_SABIYA,2025-01-09,
KWT_SABIYA,2025-01-10,
KWT_SABIYA,2025-01-11,
KWT_SABIYA,2025-01-13,0.8220350713358829
KWT_SABIYA,2025-01-14,0.7671933639336657
KWT_SABIYA,2025-01-15,0.9312630166206901
KWT_SABIYA,2025-01-16,1.0768519688782652
KWT_SABIYA,2025-01-18,1.0237967240784653
KWT_SABIYA,2025-01-19,1.054718893056814
KWT_SABIYA,2025-01-20,1.1135681185585702
KWT_SABIYA,2025-01-22,0.9898504145822735
KWT_SABIYA,2025-01-25,1.0234802868654667
KWT_SABIYA,2025-01-27,0.8677745563776791
KWT_SABIYA,2025-01-28,0.8234073197565348
KWT_SABIYA,2025-01-29,0.7949672939106068
KWT_SABIYA,2025-01-31,0.7944186565596306
KWT_SABIYA,2025-02-01,0.8798441810536852
KWT_SABIYA,2025-02-02,0.8904367200148734
KWT_SABIYA,2025-02-03,0.9097884820424351
KWT_SABIYA,2025-02-04,1.1222653000072398
KWT_SABIYA,2025-02-07,1.1023247214414107
KWT_SABIYA,2025-02-08,1.1406907044307264
KWT_SABIYA,2025-02-09,1.14770118626219
KWT_SABIYA,2025-02-10,0.940450938286394
KWT_SABIYA,2025-02-14,0.8692169179219831
KWT_SABIYA,2025-02-17,0.6850884649944227
KWT_SABIYA,2025-02-18,0.6438368274882347
KWT_SABIYA,2025-02-19,0.5012532724595191
KWT_SABIYA,2025-02-20,0.4918077645832866
KWT_SABIYA,2025-02-21,0.5668573434525097
KWT_SABIYA,2025-02-22,0.56766562823008
KWT_SABIYA,2025-02-24,0.48865957827043427
KWT_SABIYA,2025-02-25,0.5092615178454422
KWT_SABIYA,2025-02-26,0.6813499199964321
KWT_SABIYA,2025-02-28,0.765951547853491
KWT_SABIYA,2025-03-01,0.7954512031959262
KWT_SABIYA,2025-03-03,0.7744770350866185
KWT_SABIYA,2025-03-09,0.6420767677931057
KWT_SABIYA,2025-03-12,0.7470460991032987
KWT_SABIYA,2025-03-13,0.7441614521481571
KWT_SABIYA,2025-03-14,0.7649421755631396
KWT_SABIYA,2025-03-15,0.9091340392297079
KWT_SABIYA,2025-03-17,0.849120501949031
KWT_SABIYA,2025-03-18,0.8636783633514841
KWT_SABIYA,2025-03-19,0.9902379330587253
KWT_SABIYA,2025-03-23,1.1468351029413948
KWT_SABIYA,2025-03-25,1.1431212089354605
KWT_SABIYA,2025-03-26,1.197113788077577
KWT_SABIYA,2025-03-27,1.1441071535157787
KWT_SABIYA,2025-03-28,0.9912334320627784
KWT_SABIYA,2025-03-29,1.0283970491358136
KWT_SABIYA,2025-03-30,0.9764428027562376
KWT_SABIYA,2025-04-08,0.6411795043433918
KWT_SABIYA,2025-04-09,0.635373889488698
KWT_SABIYA,2025-04-11,0.6297599073010103
KWT_SABIYA,2025-04-14,0.5618133573219614
KWT_SABIYA,2025-04-15,0.565702869190113
KWT_SABIYA,2025-04-16,0.6584948816993265
KWT_SABIYA,2025-04-17,0.61621445206729
KWT_SABIYA,2025-04-18,0.5732273712749492
KWT_SABIYA,2025-04-19,0.5893013159690715
KWT_SABIYA,2025-04-20,0.5173933992623929
KWT_SABIYA,2025-04-21,0.6071044683443658
KWT_SABIYA,2025-04-22,0.6468789844099958
KWT_SABIYA,2025-04-23,0.6169461235396736
KWT_SABIYA,2025-04-24,0.5838838108106091
KWT_SABIYA,2025-04-25,0.6212351557715627
KWT_SABIYA,2025-04-26,0.8529947544207223
KWT_SABIYA,2025-04-28,0.8552543432830034
KWT_SABIYA,2025-05-01,0.9504247736499265
KWT_SABIYA,2025-05-02,0.9309237548004983
KWT_SABIYA,2025-05-04,0.9095215601066371
KWT_SABIYA,2025-05-05,0.7966690309541921
KWT_SABIYA,2025-05-11,0.777427793365825
KWT_SABIYA,2025-05-13,0.8405236653819959
KWT_SABIYA,2025-05-14,0.7607119682174798
KWT_SABIYA,2025-05-15,0.7770134914413894
KWT_SABIYA,2025-05-16,0.8445960234377639
KWT_SABIYA,2025-05-18,0.9245058201137935
KWT_SABIYA,2025-05-19,0.9936282921955286
KWT_SABIYA,2025-05-23,1.1264011590514382
KWT_SABIYA,2025-05-26,1.0285982422545776
KWT_SABIYA,2025-05-27,0.8690046958600188
KWT_SABIYA,2025-05-28,1.0853705645899205
KWT_SABIYA,2025-05-29,0.9925515841916431
KWT_SABIYA,2025-06-06,1.1493848090696668
KWT_SABIYA,2025-06-07,1.0455540955020692
KWT_SABIYA,2025-06-08,1.1754717109624289
KWT_SABIYA,2025-06-11,1.2314393526942327
KWT_SABIYA,2025-06-12,1.1167809831631188
KWT_SABIYA,2025-06-13,0.9626180967091859
KWT_SABIYA,2025-06-14,0.9885535987808916
KWT_SABIYA,2025-06-15,0.9526215323293685
KWT_SABIYA,2025-06-16,0.9618616642745786
KWT_SABIYA,2025-06-26,0.9309008678699403
KWT_SABIYA,2025-06-28,0.8970813499224387
KWT_SABIYA,2025-06-29,1.0564845696940568
KWT_SABIYA,2025-06-30,0.9252353079919202
KWT_SABIYA,2025-07-07,1.0885569729821307
KWT_SABIYA,2025-07-08,0.914524891766315
KWT_SABIYA,2025-07-09,0.97503747046561
KWT_SABIYA,2025-07-10,0.8931305247263481
KWT_SABIYA,2025-07-11,1.0185041709257174
KWT_SABIYA,2025-07-12,0.9643511048934543
KWT_SABIYA,2025-07-13,1.1593589392199826
KWT_SABIYA,2025-07-14,1.1574057477462338
KWT_SABIYA,2025-07-15,1.1032627845440726
KWT_SABIYA,2025-07-16,0.8731911580987306
KWT_SABIYA,2025-07-17,0.8479618288831491
KWT_SABIYA,2025-07-19,0.8945071505979862
KWT_SABIYA,2025-07-25,0.7389085950966954
KWT_SABIYA,2025-07-26,0.6038171401556844
KWT_SABIYA,2025-07-27,0.29650566945160234
KWT_SABIYA,2025-07-28,0.33407459213524004
KWT_SABIYA,2025-07-29,0.25437875898362283
KWT_SABIYA,2025-08-01,0.38149129590332953
KWT_SABIYA,2025-08-02,0.4148656996012077
KWT_SABIYA,2025-08-06,0.4095814521140228
KWT_SABIYA,2025-08-07,0.4953906246828983
KWT_SABIYA,2025-08-08,0.49878834105989706
KWT_SABIYA,2025-08-09,0.5506687385881575
KWT_SABIYA,2025-08-10,0.5253487087941355
KWT_SABIYA,2025-08-11,0.6494653373883519
KWT_SABIYA,2025-08-12,0.5250526414129046
KWT_SABIYA,2025-08-14,0.5780237075091097
KWT_SABIYA,2025-08-15,0.8528394700869918
KWT_SABIYA,2025-08-16,0.9512018563486347
KWT_SABIYA,2025-08-17,1.1240317988546547
KWT_SABIYA,2025-08-21,1.1056835977037265
KWT_SABIYA,2025-08-22,1.0359627532327003
KWT_SABIYA,2025-08-24,1.173747862397295
KWT_SABIYA,2025-08-25,1.263124867759983
KWT_SABIYA,2025-08-26,1.6363172434442532
KWT_SABIYA,2025-08-27,1.6813923367972614
KWT_SABIYA,2025-08-28,1.6820895855407052
KWT_SABIYA,2025-08-29,1.6935350293415836
KWT_SABIYA,2025-08-30,1.6894397114558517
KWT_SABIYA,2025-08-31,1.7015544420376152
KWT_SABIYA,2025-09-02,1.737497080940165
KWT_SABIYA,2025-09-03,1.6285636692492134
KWT_SABIYA,2025-09-04,1.4973190578117637
KWT_SABIYA,2025-09-05,1.4670327221557506
KWT_SABIYA,2025-09-06,1.4573586085463577
KWT_SABIYA,2025-09-08,1.5027016889194926
KWT_SABIYA,2025-09-09,1.531297553125481
KWT_SABIYA,2025-09-11,1.5377492803562427
KWT_SABIYA,2025-09-14,1.4243788659945429
KWT_SABIYA,2025-09-15,1.3872402557940848
KWT_SABIYA,2025-09-16,1.2410940529570327
KWT_SABIYA,2025-09-17,1.3100569887758697
KWT_SABIYA,2025-09-18,1.3041527173001446
KWT_SABIYA,2025-09-19,1.3455694501963302
KWT_SABIYA,2025-09-20,1.369892238561305
KWT_SABIYA,2025-09-21,1.4108367155467427
KWT_SABIYA,2025-09-22,1.372176741334635
KWT_SABIYA,2025-09-23,1.4844978609269797
KWT_SABIYA,2025-09-25,1.4031010947765317
KWT_SABIYA,2025-09-26,1.2766483647387212
KWT_SABIYA,2025-09-27,1.1488587516329651
KWT_SABIYA,2025-09-28,1.085183457672018
KWT_SABIYA,2025-10-03,1.1092294961683686
KWT_SABIYA,2025-10-04,1.2957507621170057
KWT_SABIYA,2025-10-05,1.3221406519766201
KWT_SABIYA,2025-10-06,1.3055298020104344
KWT_SABIYA,2025-10-07,1.4158553371098828
KWT_SABIYA,2025-10-08,1.3534643667180153
KWT_SABIYA,2025-10-12,1.4092824592014654
KWT_SABIYA,2025-10-13,1.4661470601332913
KWT_SABIYA,2025-10-14,1.5265381534728186
KWT_SABIYA,2025-10-15,1.4683588363957514
KWT_SABIYA,2025-10-16,1.4376292161827653
KWT_SABIYA,2025-10-17,1.3178422526217306
KWT_SABIYA,2025-10-19,1.26479547638703
KWT_SABIYA,2025-10-20,1.2603454542843846
KWT_SABIYA,2025-10-21,1.3164350222460501
KWT_SABIYA,2025-10-22,1.425104249663025
KWT_SABIYA,2025-10-23,1.3796643903530583
KWT_SABIYA,2025-10-24,1.382057216763241
KWT_SABIYA,2025-10-25,1.4467018578130857
KWT_SABIYA,2025-10-26,1.4173146259162794
KWT_SABIYA,2025-10-29,1.6373206426510647
KWT_SABIYA,2025-10-30,1.6011099997993519
KWT_SABIYA,2025-10-31,1.5899179495856834
KWT_SABIYA,2025-11-01,1.5440951074319136
KWT_SABIYA,2025-11-02,1.4940205820220458
KWT_SABIYA,2025-11-04,1.4646621475571704
KWT_SABIYA,2025-11-05,1.5225678282040291
KWT_SABIYA,2025-11-06,1.4120229309909411
KWT_SABIYA,2025-11-08,1.3304442100270681
KWT_SABIYA,2025-11-09,1.1971737210446887
KWT_SABIYA,2025-11-10,1.1806094866361996
KWT_SABIYA,2025-11-13,1.015244580696693
KWT_SABIYA,2025-11-14,1.0543934784464557
KWT_SABIYA,2025-11-19,1.0734872696065019
KWT_SABIYA,2025-11-20,0.9908596387423128
KWT_SABIYA,2025-11-21,0.9041530248133866
KWT_SABIYA,2025-11-22,0.7735737068846981
KWT_SABIYA,2025-11-23,0.785593885788782
KWT_SABIYA,2025-11-24,0.6644672289004244
KWT_SABIYA,2025-11-26,0.8015252255540393
KWT_SABIYA,2025-11-28,0.7559870574775447
KWT_SABIYA,2025-11-29,0.8040873527038321
KWT_SABIYA,2025-11-30,0.7283771641118232
KWT_SABIYA,2025-12-01,0.6965757612856416
KWT_SABIYA,2025-12-16,0.7306803614686818
KWT_SABIYA,2025-12-20,0.7477568266618058
KWT_SABIYA,2025-12-23,0.7738737576664985
KWT_SABIYA,2025-12-24,0.8314789867861041
KWT_SABIYA,2025-12-28,0.5636230088816153
KWT_SABIYA,2025-12-29,0.38061185525948193
KWT_SABIYA,2025-12-31,
KWT_SABIYA,2026-01-05,0.6577684809553863
KWT_SABIYA,2026-01-06,0.6908743663629278
KWT_SABIYA,2026-01-07,0.8031125443062992
KWT_SABIYA,2026-01-08,0.7871674099123092
KWT_SABIYA,2026-01-09,0.8645324980743793
KWT_SABIYA,2026-01-10,0.8517080909654988
KWT_SABIYA,2026-01-11,0.8472681677286331
KWT_SABIYA,2026-01-12,0.7866411690694446
KWT_SABIYA,2026-01-14,0.769300553567548
KWT_SABIYA,2026-01-16,0.7932608781510555
KWT_SABIYA,2026-01-18,0.8559497685727036
KWT_SABIYA,2026-01-19,0.9389992927873013
KWT_SABIYA,2026-01-20,0.9142534174979278
KWT_SABIYA,2026-01-22,0.864083884748584
KWT_SABIYA,2026-01-26,0.8508444839166482
KWT_SABIYA,2026-01-29,0.8970188668248887
KWT_SABIYA,2026-01-30,0.9345905562363614
KWT_SABIYA,2026-01-31,0.9048289959011737
KWT_SABIYA,2026-02-01,0.8992633545555686
KWT_SABIYA,2026-02-04,0.8533501995546885
KWT_SABIYA,2026-02-05,0.8969673979701579
KWT_SABIYA,2026-02-06,0.8587250175107319
KWT_SABIYA,2026-02-08,0.8281970539296347
KWT_SABIYA,2026-02-09,0.9645609971204533
KWT_SABIYA,2026-02-16,1.0728526573707218
KWT_SABIYA,2026-02-17,0.9119307769602358
KWT_SABIYA,2026-02-18,1.0374431522414613
KWT_SABIYA,2026-02-19,1.1286899894326627
KWT_SABIYA,2026-02-20,1.1351144958174668
KWT_SABIYA,2026-02-21,1.1128523631212086
KWT_SABIYA,2026-02-22,1.0730765508996516
KWT_SABIYA,2026-02-23,1.1358600288639462
KWT_SABIYA,2026-02-25,1.1556021928226907
KWT_SABIYA,2026-02-26,1.1407339647264034
KWT_SABIYA,2026-02-27,1.141180745981061
KWT_SABIYA,2026-02-28,1.097360237745359
KWT_SABIYA,2026-03-04,1.1725937446553143
KWT_SABIYA,2026-03-05,1.1366927927502875
KWT_SABIYA,2026-03-09,1.0536194301607724
KWT_SABIYA,2026-03-10,0.9837561047023063
KWT_SABIYA,2026-03-11,0.8582607577718603
KWT_SABIYA,2026-03-14,0.7166113464880194
KWT_SABIYA,2026-03-17,0.714353912494626
KWT_SABIYA,2026-03-18,0.7160919916207311
KWT_SABIYA,2026-03-21,0.5502913972008197
KWT_SABIYA,2026-03-27,0.3678506165897713
KWT_SABIYA,2026-03-31,0.12564854944989945
KWT_SABIYA,2026-04-01,0.16446852559513278
KWT_SABIYA,2026-04-05,0.03284168858088046
KWT_SABIYA,2026-04-06,0.06625697008507019
KWT_SABIYA,2026-04-07,0.10986666693983219
KWT_SABIYA,2026-04-08,0.28048821431469884
KWT_SABIYA,2026-04-10,0.16075101600637773
KWT_SABIYA,2026-04-12,0.21887268681414324
KWT_SABIYA,2026-04-13,0.3456128329855718
KWT_SABIYA,2026-04-14,0.38679065852427724
KWT_SABIYA,2026-04-15,0.4264910141441457
KWT_SABIYA,2026-04-17,0.4846011086153933
KWT_SABIYA,2026-04-18,0.6842454236790654
KWT_SABIYA,2026-04-22,0.704346056128411
KWT_SABIYA,2026-04-26,0.6953913404601144
KWT_SABIYA,2026-04-27,0.6850343617662342
KWT_SABIYA,2026-04-29,0.6195118161611671
KWT_SABIYA,2026-04-30,0.7836430080726411
KWT_SABIYA,2026-05-01,0.7226906997763597
KWT_SABIYA,2026-05-02,0.7186622880546625
KWT_SABIYA,2026-05-03,0.6220702452466267
KWT_SABIYA,2026-05-04,0.6701499371309135
KWT_SABIYA,2026-05-05,0.753722199399748
KWT_SABIYA,2026-05-09,0.6576572460476396
KWT_SABIYA,2026-05-12,0.7530470772823685
KWT_SABIYA,2026-05-14,0.8110664155760953
KWT_SABIYA,2026-05-15,0.8607085817937601
KWT_SABIYA,2026-05-16,0.9126621258252767
KWT_SABIYA,2026-05-17,0.8659576427825058
KWT_SABIYA,2026-05-18,0.5768114620530218
KWT_SABIYA,2026-05-19,0.6953285843245316
KWT_SABIYA,2026-05-23,0.6815510498640539
KWT_SABIYA,2026-05-24,0.70823823953139
KWT_SABIYA,2026-05-26,0.7791521432057985
KWT_SABIYA,2026-05-31,0.8685326502964434
KWT_SABIYA,2026-06-01,0.9318695849507181
KWT_SABIYA,2026-06-02,1.0359519107125559
KWT_SABIYA,2026-06-03,1.0589498434372984
KWT_SABIYA,2026-06-04,1.0731891979743322
KWT_SABIYA,2026-06-06,1.1132074669653012
KWT_SABIYA,2026-06-08,1.3285911057209154
KWT_SABIYA,2026-06-09,1.2931395442564175
KWT_SABIYA,2026-06-10,1.254063057660293
KWT_SABIYA,2026-06-11,1.3934944344707152
KWT_SABIYA,2026-06-13,1.5657719991274766
KWT_SABIYA,2026-06-14,1.5129483547999498
KWT_SABIYA,2026-06-15,1.4772085205643224
KWT_SABIYA,2026-06-18,1.6747196445050803
KWT_SABIYA,2026-06-19,1.7039777764384212
KWT_SABIYA,2026-06-21,1.802939885316436
KWT_SABIYA,2026-06-26,1.9335170326184061
KWT_SABIYA,2026-06-27,1.8628578707399943
KWT_SABIYA,2026-07-03,2.272400519581184
KWT_SABIYA,2026-07-04,2.2827671202402526
KWT_SABIYA,2026-07-05,2.2707803214066717
KWT_SABIYA,2026-07-06,2.307515898180517
KWT_SABIYA,2026-07-08,2.249175827594447
KWT_SABIYA,2026-07-10,2.4835588754065494
KWT_SABIYA,2026-07-12,2.4270366712939855
KWT_SABIYA,2026-07-13,2.453195886629516
KWT_SABIYA,2026-07-17,2.532283644264798
KWT_SABIYA,2026-07-18,2.4071801488023827
KWT_SABIYA,2026-07-22,2.3056065878128247
KWT_SABIYA,2026-07-23,2.3310785844003896
KWT_SABIYA,2026-07-24,2.4611715088361334
KWT_SABIYA,2026-07-26,2.4558559447267423
KWT_SABIYA,2026-07-29,2.661022534866765
KWT_SABIYA,2026-07-30,2.4361264811614487
KWT_SABIYA,2026-07-31,2.5541591828555825
KWT_SABIYA,2026-08-01,2.4661435968949035
KWT_SABIYA,2026-08-04,2.440847360423822
KWT_SABIYA,2026-08-05,2.3438693646357938
KWT_SABIYA,2026-08-06,2.3834932117001095
KWT_SABIYA,2026-08-07,2.3954972576406464
KWT_SABIYA,2026-08-08,2.4314831960685566
KWT_SABIYA,2026-08-09,2.4535774016114136
KWT_SABIYA,2026-08-10,2.4687592549176673
KWT_SABIYA,2026-08-12,2.1843333982643873
KWT_SABIYA,2026-08-13,2.2267565157775997
KWT_SABIYA,2026-08-14,2.1786082470913195
KWT_SABIYA,2026-08-15,2.137898948051581
KWT_SABIYA,2026-08-16,2.241380710114507
KWT_SABIYA,2026-08-17,2.251526835766652
KWT_SABIYA,2026-08-18,2.2595921216709898
KWT_SABIYA,2026-08-21,2.266813325810729
KWT_SABIYA,2026-08-22,2.2464431367456568
KWT_SABIYA,2026-08-23,2.1851026547735373
KWT_SABIYA,2026-08-24,2.2438587485822894
KWT_SABIYA,2026-08-25,2.326668350845582
KWT_SABIYA,2026-08-26,2.370218875383469
KWT_SABIYA,2026-08-28,2.2657438685559232
KWT_SABIYA,2026-08-29,2.2601754260304308
KWT_SABIYA,2026-08-30,2.4149239601249337
KWT_SABIYA,2026-08-31,2.408404959995333
KWT_SABIYA,2026-09-04,2.340495543523398
KWT_SABIYA,2026-09-05,2.5077902269213195
KWT_SABIYA,2026-09-06,2.491506383245801
KWT_SABIYA,2026-09-07,2.4606026991699177
KWT_SABIYA,2026-09-09,2.4187515338491745
KWT_SABIYA,2026-09-10,2.4247354675077837
QAT_MESAIEED,2025-01-01,
QAT_MESAIEED,2025-01-03,
QAT_MESAIEED,2025-01-04,
QAT_MESAIEED,2025-01-05,
QAT_MESAIEED,2025-01-06,
QAT_MESAIEED,2025-01-08,
QAT_MESAIEED,2025-01-10,
QAT_MESAIEED,2025-01-13,0.578850271446696
QAT_MESAIEED,2025-01-14,0.5388312460891935
QAT_MESAIEED,2025-01-16,0.5497365985242958
QAT_MESAIEED,2025-01-17,0.4488046943120221
QAT_MESAIEED,2025-01-18,0.4606285803248122
QAT_MESAIEED,2025-01-19,0.4698064614462497
QAT_MESAIEED,2025-01-21,0.6279842355232476
QAT_MESAIEED,2025-01-22,0.6425559720636655
QAT_MESAIEED,2025-01-23,0.624503996271246
QAT_MESAIEED,2025-01-24,0.5955660011765636
QAT_MESAIEED,2025-01-27,0.6048448057000383
QAT_MESAIEED,2025-01-28,0.6040284114801956
QAT_MESAIEED,2025-01-29,0.6192717581844491
QAT_MESAIEED,2025-01-31,0.6165681451515176
QAT_MESAIEED,2025-02-02,0.6557203496925685
QAT_MESAIEED,2025-02-03,0.6693860428123093
QAT_MESAIEED,2025-02-04,0.7095392201371529
QAT_MESAIEED,2025-02-05,0.6845938834075807
QAT_MESAIEED,2025-02-08,0.643351355609322
QAT_MESAIEED,2025-02-09,0.6351916262457592
QAT_MESAIEED,2025-02-10,0.6390022981027386
QAT_MESAIEED,2025-02-11,0.6327662109085371
QAT_MESAIEED,2025-02-21,0.5979050821855668
QAT_MESAIEED,2025-02-22,0.6197118789025727
QAT_MESAIEED,2025-02-23,0.6015805270519837
QAT_MESAIEED,2025-02-28,0.5525883342564899
QAT_MESAIEED,2025-03-03,0.5703068231089496
QAT_MESAIEED,2025-03-06,0.5319165857984075
QAT_MESAIEED,2025-03-08,0.47057566417397945
QAT_MESAIEED,2025-03-11,0.5026658235245011
QAT_MESAIEED,2025-03-13,0.4699274118986864
QAT_MESAIEED,2025-03-14,0.4473910162034933
QAT_MESAIEED,2025-03-15,0.49282339040097206
QAT_MESAIEED,2025-03-17,0.5366584270767503
QAT_MESAIEED,2025-03-18,0.6012203848791037
QAT_MESAIEED,2025-03-19,0.6804022484795603
QAT_MESAIEED,2025-03-20,0.6993113374970757
QAT_MESAIEED,2025-03-27,0.7953112247000492
QAT_MESAIEED,2025-03-28,0.8696326314831638
QAT_MESAIEED,2025-03-29,0.921397612254739
QAT_MESAIEED,2025-03-30,0.9249977310667649
QAT_MESAIEED,2025-03-31,0.9259230739720534
QAT_MESAIEED,2025-04-01,1.0285666927610722
QAT_MESAIEED,2025-04-02,1.1909051847658834
QAT_MESAIEED,2025-04-03,1.1393362553158644
QAT_MESAIEED,2025-04-05,1.1163982126706407
QAT_MESAIEED,2025-04-06,1.1139264442907229
QAT_MESAIEED,2025-04-08,1.1198609758877414
QAT_MESAIEED,2025-04-10,1.2569637335765322
QAT_MESAIEED,2025-04-11,1.2280277356921798
QAT_MESAIEED,2025-04-12,1.2682320893035546
QAT_MESAIEED,2025-04-13,1.2944812103461403
QAT_MESAIEED,2025-04-14,1.2827156453235047
QAT_MESAIEED,2025-04-17,1.26166188106768
QAT_MESAIEED,2025-04-18,1.1805571499248608
QAT_MESAIEED,2025-04-19,1.1518221515302351
QAT_MESAIEED,2025-04-21,1.1569523576545393
QAT_MESAIEED,2025-04-22,1.1231140118003198
QAT_MESAIEED,2025-04-23,1.0887253776896357
QAT_MESAIEED,2025-04-24,1.0647799897618972
QAT_MESAIEED,2025-04-25,1.0575822358103844
QAT_MESAIEED,2025-04-27,1.0627477449513523
QAT_MESAIEED,2025-04-29,1.0700395299655936
QAT_MESAIEED,2025-05-01,1.1385169888745372
QAT_MESAIEED,2025-05-02,1.0565562648204814
QAT_MESAIEED,2025-05-04,1.224612332862804
QAT_MESAIEED,2025-05-05,1.2672561765421806
QAT_MESAIEED,2025-05-10,1.1861478831902954
QAT_MESAIEED,2025-05-11,1.2362821158126251
QAT_MESAIEED,2025-05-12,1.2749301297371212
QAT_MESAIEED,2025-05-13,1.323129681333022
QAT_MESAIEED,2025-05-15,1.4386148619175336
QAT_MESAIEED,2025-05-16,1.404592297604776
QAT_MESAIEED,2025-05-18,1.4665517449357057
QAT_MESAIEED,2025-05-20,1.5232534542454779
QAT_MESAIEED,2025-05-21,1.5322551204039319
QAT_MESAIEED,2025-05-22,1.5421613125596205
QAT_MESAIEED,2025-05-23,1.564590690568009
QAT_MESAIEED,2025-05-24,1.8006539436232039
QAT_MESAIEED,2025-05-25,1.847614412562086
QAT_MESAIEED,2025-05-26,1.8066277591050344
QAT_MESAIEED,2025-05-27,1.7602986160908713
QAT_MESAIEED,2025-05-28,1.7006480480961212
QAT_MESAIEED,2025-05-29,1.8750374584255989
QAT_MESAIEED,2025-05-30,1.8252668361190467
QAT_MESAIEED,2025-06-05,1.5716429601429411
QAT_MESAIEED,2025-06-06,1.5113822036918385
QAT_MESAIEED,2025-06-07,1.4934415355564454
QAT_MESAIEED,2025-06-08,1.5249978910650563
QAT_MESAIEED,2025-06-09,1.5341128545894824
QAT_MESAIEED,2025-06-10,1.4851372143679258
QAT_MESAIEED,2025-06-11,1.4427996806921966
QAT_MESAIEED,2025-06-14,1.3430843238118202
QAT_MESAIEED,2025-06-15,1.3152821301771398
QAT_MESAIEED,2025-06-16,1.2580210175404056
QAT_MESAIEED,2025-06-21,1.282365143926857
QAT_MESAIEED,2025-06-22,1.2736911348587685
QAT_MESAIEED,2025-06-27,1.0810600043637737
QAT_MESAIEED,2025-06-28,0.8117118832451663
QAT_MESAIEED,2025-06-29,0.7920587283480314
QAT_MESAIEED,2025-06-30,0.7814596701329359
QAT_MESAIEED,2025-07-01,0.8175830579872185
QAT_MESAIEED,2025-07-07,0.8117886213883391
QAT_MESAIEED,2025-07-08,0.6803575137660636
QAT_MESAIEED,2025-07-09,0.6343605888199673
QAT_MESAIEED,2025-07-11,0.6135411172173504
QAT_MESAIEED,2025-07-12,0.6984134085561554
QAT_MESAIEED,2025-07-13,0.6897454427432563
QAT_MESAIEED,2025-07-14,0.7149360739404109
QAT_MESAIEED,2025-07-15,0.8711953079241413
QAT_MESAIEED,2025-07-16,1.2002397566840628
QAT_MESAIEED,2025-07-17,1.2557617637754306
QAT_MESAIEED,2025-07-18,1.2042842603831252
QAT_MESAIEED,2025-07-21,1.1998188984817493
QAT_MESAIEED,2025-07-22,1.233428745157274
QAT_MESAIEED,2025-07-23,1.198290796650061
QAT_MESAIEED,2025-07-24,1.1733100289064913
QAT_MESAIEED,2025-07-25,1.1389734704713015
QAT_MESAIEED,2025-07-26,1.1572976052317572
QAT_MESAIEED,2025-07-27,1.2066316529898922
QAT_MESAIEED,2025-07-29,1.277049910819935
QAT_MESAIEED,2025-07-30,1.2796985099887443
QAT_MESAIEED,2025-08-02,1.2570998403626918
QAT_MESAIEED,2025-08-03,1.244852781439062
QAT_MESAIEED,2025-08-04,1.2179145244163971
QAT_MESAIEED,2025-08-05,1.2112306214133688
QAT_MESAIEED,2025-08-06,1.2356082150282197
QAT_MESAIEED,2025-08-07,1.2682214407647465
QAT_MESAIEED,2025-08-08,1.295705976090105
QAT_MESAIEED,2025-08-09,1.2742367128046135
QAT_MESAIEED,2025-08-10,1.281743733844672
QAT_MESAIEED,2025-08-11,1.2366361411770566
QAT_MESAIEED,2025-08-12,1.2589237752990592
QAT_MESAIEED,2025-08-14,1.1871113514607519
QAT_MESAIEED,2025-08-16,0.924570943375798
QAT_MESAIEED,2025-08-17,0.9529889382434221
QAT_MESAIEED,2025-08-20,0.9543653424451384
QAT_MESAIEED,2025-08-22,0.9533055590199687
QAT_MESAIEED,2025-08-24,1.0089374256048362
QAT_MESAIEED,2025-08-25,0.9682613829185075
QAT_MESAIEED,2025-08-27,0.8806259338697567
QAT_MESAIEED,2025-08-28,0.855318953978349
QAT_MESAIEED,2025-08-29,0.855929972496465
QAT_MESAIEED,2025-08-30,0.842732851069571
QAT_MESAIEED,2025-08-31,0.845403360287834
QAT_MESAIEED,2025-09-01,0.8579705826448631
QAT_MESAIEED,2025-09-02,0.8511746005271142
QAT_MESAIEED,2025-09-03,0.8471782888008595
QAT_MESAIEED,2025-09-04,0.8371869415774226
QAT_MESAIEED,2025-09-05,0.8095132343854168
QAT_MESAIEED,2025-09-06,0.8284223463717886
QAT_MESAIEED,2025-09-07,0.809331069825293
QAT_MESAIEED,2025-09-08,0.821409008747666
QAT_MESAIEED,2025-09-09,0.8046546843951043
QAT_MESAIEED,2025-09-10,0.818020802452128
QAT_MESAIEED,2025-09-11,0.8263611956473961
QAT_MESAIEED,2025-09-12,0.8142896589222732
QAT_MESAIEED,2025-09-13,0.7842340854135655
QAT_MESAIEED,2025-09-14,0.7631925462747466
QAT_MESAIEED,2025-09-15,0.7746415762336316
QAT_MESAIEED,2025-09-16,0.7906391638671693
QAT_MESAIEED,2025-09-17,0.8152565954583968
QAT_MESAIEED,2025-09-19,0.7879792813687178
QAT_MESAIEED,2025-09-20,0.7913714479888092
QAT_MESAIEED,2025-09-21,0.7958330186136365
QAT_MESAIEED,2025-09-22,0.8007593358243243
QAT_MESAIEED,2025-09-23,0.7725037829030723
QAT_MESAIEED,2025-09-25,0.7615689790667363
QAT_MESAIEED,2025-09-26,0.7683545679852084
QAT_MESAIEED,2025-09-27,0.7472746880910043
QAT_MESAIEED,2025-09-28,0.7627746292156072
QAT_MESAIEED,2025-09-30,0.7689427690368276
QAT_MESAIEED,2025-10-02,0.7337932943230988
QAT_MESAIEED,2025-10-03,0.7421852552763011
QAT_MESAIEED,2025-10-04,0.7299288571266238
QAT_MESAIEED,2025-10-06,0.7869164669330463
QAT_MESAIEED,2025-10-07,0.8324078253022682
QAT_MESAIEED,2025-10-08,0.8477597228596798
QAT_MESAIEED,2025-10-09,0.8519443890964241
QAT_MESAIEED,2025-10-10,0.8382847110278943
QAT_MESAIEED,2025-10-11,0.8058070942384354
QAT_MESAIEED,2025-10-13,0.8317131629276604
QAT_MESAIEED,2025-10-15,0.9042651913309719
QAT_MESAIEED,2025-10-16,0.9322926230538302
QAT_MESAIEED,2025-10-19,0.9809361699521196
QAT_MESAIEED,2025-10-20,1.0623435164803616
QAT_MESAIEED,2025-10-21,1.049305802215236
QAT_MESAIEED,2025-10-25,1.0786314230817156
QAT_MESAIEED,2025-10-26,1.074398926030591
QAT_MESAIEED,2025-10-28,1.1009132409481603
QAT_MESAIEED,2025-10-31,1.09661845847594
QAT_MESAIEED,2025-11-03,1.1445665607447228
QAT_MESAIEED,2025-11-04,1.1797182135635984
QAT_MESAIEED,2025-11-05,1.1091776311542603
QAT_MESAIEED,2025-11-06,1.1298066104331987
QAT_MESAIEED,2025-11-07,1.1021419047540078
QAT_MESAIEED,2025-11-08,1.1587750721843966
QAT_MESAIEED,2025-11-09,1.1361782903122295
QAT_MESAIEED,2025-11-11,1.2904723743477573
QAT_MESAIEED,2025-11-13,1.3586050545639794
QAT_MESAIEED,2025-11-14,1.31286620199542
QAT_MESAIEED,2025-11-15,1.320914071493965
QAT_MESAIEED,2025-11-16,1.3958584981333442
QAT_MESAIEED,2025-11-18,1.3666429373696818
QAT_MESAIEED,2025-11-20,1.289277849458149
QAT_MESAIEED,2025-11-22,1.2493725926527306
QAT_MESAIEED,2025-11-24,1.3094741775749954
QAT_MESAIEED,2025-11-25,1.3547664853025654
QAT_MESAIEED,2025-11-26,1.331712406181309
QAT_MESAIEED,2025-11-27,1.3451523236015757
QAT_MESAIEED,2025-11-28,1.2953018222873025
QAT_MESAIEED,2025-11-29,1.2703140370247685
QAT_MESAIEED,2025-11-30,1.2723083399324506
QAT_MESAIEED,2025-12-03,1.3544954992441858
QAT_MESAIEED,2025-12-06,1.3104102762947933
QAT_MESAIEED,2025-12-07,1.3417757166835298
QAT_MESAIEED,2025-12-12,1.2415762923122042
QAT_MESAIEED,2025-12-13,1.166642830124941
QAT_MESAIEED,2025-12-17,1.013841611399237
QAT_MESAIEED,2025-12-19,0.9482777071257295
QAT_MESAIEED,2025-12-20,0.915226500172647
QAT_MESAIEED,2025-12-21,0.8654226111840438
QAT_MESAIEED,2025-12-24,0.8698759601183715
QAT_MESAIEED,2025-12-25,0.8539012830318795
QAT_MESAIEED,2025-12-26,0.8240225242646847
QAT_MESAIEED,2025-12-28,0.8110130786477103
QAT_MESAIEED,2025-12-29,0.8080822072466735
QAT_MESAIEED,2025-12-30,0.8107252354691031
QAT_MESAIEED,2025-12-31,0.7486849959093553
QAT_MESAIEED,2026-01-02,0.6461166460243504
QAT_MESAIEED,2026-01-03,0.6659945341198281
QAT_MESAIEED,2026-01-05,0.6135877471770126
QAT_MESAIEED,2026-01-06,0.5106729506703455
QAT_MESAIEED,2026-01-07,0.5268962604234795
QAT_MESAIEED,2026-01-08,0.48950346069385925
QAT_MESAIEED,2026-01-10,0.5124825678973097
QAT_MESAIEED,2026-01-11,0.48554796867314387
QAT_MESAIEED,2026-01-13,0.5166939340824349
QAT_MESAIEED,2026-01-14,0.538089519300806
QAT_MESAIEED,2026-01-17,0.5113662963088986
QAT_MESAIEED,2026-01-18,0.5524929680690858
QAT_MESAIEED,2026-01-20,0.6296801087871451
QAT_MESAIEED,2026-01-28,0.6455840264048267
QAT_MESAIEED,2026-01-29,0.6257935283812729
QAT_MESAIEED,2026-01-30,0.6547584232597037
QAT_MESAIEED,2026-01-31,0.7753035596489019
QAT_MESAIEED,2026-02-01,0.8128709350119366
QAT_MESAIEED,2026-02-02,0.7985652479857528
QAT_MESAIEED,2026-02-03,0.8277101299942766
QAT_MESAIEED,2026-02-04,0.7996636630353717
QAT_MESAIEED,2026-02-05,0.8589859038270886
QAT_MESAIEED,2026-02-08,0.9297841011363767
QAT_MESAIEED,2026-02-11,0.9974387819385524
QAT_MESAIEED,2026-02-12,0.967536107992901
QAT_MESAIEED,2026-02-13,0.9625117462379023
QAT_MESAIEED,2026-02-14,0.9779565195460231
QAT_MESAIEED,2026-02-15,0.8815839070756024
QAT_MESAIEED,2026-02-17,0.9479536870463965
QAT_MESAIEED,2026-02-18,0.9523803054782051
QAT_MESAIEED,2026-02-19,1.00162141496202
QAT_MESAIEED,2026-02-20,0.9919292424918327
QAT_MESAIEED,2026-02-21,1.0456481339987054
QAT_MESAIEED,2026-02-24,1.083636577146685
QAT_MESAIEED,2026-02-26,1.0651221520238436
QAT_MESAIEED,2026-02-28,1.0384423457584357
QAT_MESAIEED,2026-03-01,1.0429768012188727
QAT_MESAIEED,2026-03-05,0.9042630076036358
QAT_MESAIEED,2026-03-11,0.9361155023891399
QAT_MESAIEED,2026-03-13,0.8705464676491693
QAT_MESAIEED,2026-03-14,0.8664790257734223
QAT_MESAIEED,2026-03-15,0.8350059001202995
QAT_MESAIEED,2026-03-17,0.8803172250098138
QAT_MESAIEED,2026-03-22,0.691128813814564
QAT_MESAIEED,2026-03-23,0.5330399299218498
QAT_MESAIEED,2026-03-25,0.5206952272218931
QAT_MESAIEED,2026-03-28,0.36741001674623486
QAT_MESAIEED,2026-03-29,0.35906511274287245
QAT_MESAIEED,2026-04-01,0.32975384331432983
QAT_MESAIEED,2026-04-02,0.32058680401547895
QAT_MESAIEED,2026-04-07,0.33307635296734583
QAT_MESAIEED,2026-04-10,0.331468811121204
QAT_MESAIEED,2026-04-18,0.3939859821652939
QAT_MESAIEED,2026-04-19,0.4039025642339194
QAT_MESAIEED,2026-04-20,0.4787550480145537
QAT_MESAIEED,2026-04-25,0.49533457091091326
QAT_MESAIEED,2026-04-26,0.48648400220838117
QAT_MESAIEED,2026-04-27,0.6537300750706004
QAT_MESAIEED,2026-04-28,0.7067005934479025
QAT_MESAIEED,2026-04-29,0.7051304256051933
QAT_MESAIEED,2026-04-30,0.6961239619380942
QAT_MESAIEED,2026-05-01,0.6983964384228989
QAT_MESAIEED,2026-05-02,0.7337411556729483
QAT_MESAIEED,2026-05-03,0.7936928793752706
QAT_MESAIEED,2026-05-05,0.8832016720703398
QAT_MESAIEED,2026-05-06,0.880609530215259
QAT_MESAIEED,2026-05-08,0.8848413034827588
QAT_MESAIEED,2026-05-09,0.8644964416006475
QAT_MESAIEED,2026-05-12,0.9174176082780343
QAT_MESAIEED,2026-05-13,1.045705010366993
QAT_MESAIEED,2026-05-14,1.0320592390905496
QAT_MESAIEED,2026-05-15,1.00001661280676
QAT_MESAIEED,2026-05-16,1.1218474412738781
QAT_MESAIEED,2026-05-17,1.1019236657983844
QAT_MESAIEED,2026-05-18,1.0616983766487313
QAT_MESAIEED,2026-05-21,1.0739972592374734
QAT_MESAIEED,2026-05-24,1.050485745603204
QAT_MESAIEED,2026-05-25,1.0803569573436693
QAT_MESAIEED,2026-05-26,1.1147969099258936
QAT_MESAIEED,2026-05-27,1.0737763688794337
QAT_MESAIEED,2026-05-30,1.0891968120180358
QAT_MESAIEED,2026-05-31,1.0969942684028366
QAT_MESAIEED,2026-06-01,1.0963530346437285
QAT_MESAIEED,2026-06-03,1.0643791581543796
QAT_MESAIEED,2026-06-04,0.9868878229712195
QAT_MESAIEED,2026-06-07,1.0698647422792178
QAT_MESAIEED,2026-06-08,1.1242918563723114
QAT_MESAIEED,2026-06-09,1.0929695739732899
QAT_MESAIEED,2026-06-10,1.0374172770712224
QAT_MESAIEED,2026-06-11,1.02202168458975
QAT_MESAIEED,2026-06-14,0.9670896869467922
QAT_MESAIEED,2026-06-15,0.8395235755810071
QAT_MESAIEED,2026-06-17,0.8696953266818861
QAT_MESAIEED,2026-06-19,0.8457453805869889
QAT_MESAIEED,2026-06-21,0.8359023044380689
QAT_MESAIEED,2026-06-24,0.8657024650226425
QAT_MESAIEED,2026-06-26,0.7972357683444882
QAT_MESAIEED,2026-06-27,0.7981507524539238
QAT_MESAIEED,2026-06-28,0.8080913299476056
QAT_MESAIEED,2026-06-29,0.8519192147818796
QAT_MESAIEED,2026-07-01,0.8437376270115631
QAT_MESAIEED,2026-07-02,0.8310546873366402
QAT_MESAIEED,2026-07-03,0.8152662644336292
QAT_MESAIEED,2026-07-05,0.8083557851379937
QAT_MESAIEED,2026-07-06,0.7949525391879722
QAT_MESAIEED,2026-07-09,0.6990500886885574
QAT_MESAIEED,2026-07-10,0.7242450071696473
QAT_MESAIEED,2026-07-11,0.6814785836605158
QAT_MESAIEED,2026-07-12,0.668039355379934
QAT_MESAIEED,2026-07-13,0.6522045746906143
QAT_MESAIEED,2026-07-14,0.6498205540165444
QAT_MESAIEED,2026-07-15,0.6458769311787869
QAT_MESAIEED,2026-07-16,0.6561567467032305
QAT_MESAIEED,2026-07-17,0.6383183419212417
QAT_MESAIEED,2026-07-18,0.6440762720152413
QAT_MESAIEED,2026-07-19,0.7410699484317081
QAT_MESAIEED,2026-07-20,0.7104939922603397
QAT_MESAIEED,2026-07-21,0.7002645753120273
QAT_MESAIEED,2026-07-23,0.6845021647624394
QAT_MESAIEED,2026-07-24,0.6823834837140286
QAT_MESAIEED,2026-07-25,0.6898755372796219
QAT_MESAIEED,2026-07-26,0.7146459914760885
QAT_MESAIEED,2026-07-27,0.7296993882445661
QAT_MESAIEED,2026-07-28,0.7230118361952917
QAT_MESAIEED,2026-07-29,0.7331857497665465
QAT_MESAIEED,2026-07-30,0.7625815841351474
QAT_MESAIEED,2026-07-31,0.7829190568801407
QAT_MESAIEED,2026-08-01,0.8475844327909101
QAT_MESAIEED,2026-08-03,0.8768022060320555
QAT_MESAIEED,2026-08-04,0.8772449384844
QAT_MESAIEED,2026-08-05,0.875223544096938
QAT_MESAIEED,2026-08-07,0.8653279563174356
QAT_MESAIEED,2026-08-08,0.858948734847977
QAT_MESAIEED,2026-08-10,0.9089812721480862
QAT_MESAIEED,2026-08-11,0.9597364436924953
QAT_MESAIEED,2026-08-12,0.9913224472224573
QAT_MESAIEED,2026-08-13,0.9885310701252703
QAT_MESAIEED,2026-08-14,0.9840899395357235
QAT_MESAIEED,2026-08-15,1.0818059878154849
QAT_MESAIEED,2026-08-16,1.1268716317904746
QAT_MESAIEED,2026-08-17,1.131757839735984
QAT_MESAIEED,2026-08-18,1.0678531046727748
QAT_MESAIEED,2026-08-19,1.0846554342241692
QAT_MESAIEED,2026-08-21,1.079748087164405
QAT_MESAIEED,2026-08-22,1.0975135245407397
QAT_MESAIEED,2026-08-23,1.0808326461035258
QAT_MESAIEED,2026-08-24,1.11607392919181
QAT_MESAIEED,2026-08-25,1.1471146868250208
QAT_MESAIEED,2026-08-26,1.1617123889255292
QAT_MESAIEED,2026-08-27,1.1863227838140373
QAT_MESAIEED,2026-08-28,1.1638317408938659
QAT_MESAIEED,2026-08-29,1.1586411555775329
QAT_MESAIEED,2026-08-30,1.196917149026205
QAT_MESAIEED,2026-08-31,1.107575068957544
QAT_MESAIEED,2026-09-03,1.100324377909905
QAT_MESAIEED,2026-09-04,1.1095870119022022
QAT_MESAIEED,2026-09-05,1.0764831604297118
QAT_MESAIEED,2026-09-06,1.0705860963756813
QAT_MESAIEED,2026-09-07,1.096876421763486
QAT_MESAIEED,2026-09-08,1.088324795375392
QAT_MESAIEED,2026-09-09,1.0927295010535336
QAT_MESAIEED,2026-09-10,1.0313616547395346
QAT_RASLAFFAN,2025-01-03,
QAT_RASLAFFAN,2025-01-05,
QAT_RASLAFFAN,2025-01-06,
QAT_RASLAFFAN,2025-01-08,
QAT_RASLAFFAN,2025-01-10,
QAT_RASLAFFAN,2025-01-15,
QAT_RASLAFFAN,2025-01-16,
QAT_RASLAFFAN,2025-01-19,0.6798083762027655
QAT_RASLAFFAN,2025-01-20,0.6562989930345347
QAT_RASLAFFAN,2025-01-21,0.6103419248781925
QAT_RASLAFFAN,2025-01-22,0.669348582456876
QAT_RASLAFFAN,2025-01-23,0.6612895685574928
QAT_RASLAFFAN,2025-01-24,0.6536838096556223
QAT_RASLAFFAN,2025-01-25,0.7041939241019366
QAT_RASLAFFAN,2025-01-26,0.7584242227811697
QAT_RASLAFFAN,2025-01-29,0.7384529745580704
QAT_RASLAFFAN,2025-02-01,0.7981742647938055
QAT_RASLAFFAN,2025-02-02,0.7951944295657228
QAT_RASLAFFAN,2025-02-03,0.7909095059952063
QAT_RASLAFFAN,2025-02-04,0.7765089904646606
QAT_RASLAFFAN,2025-02-08,0.7365975619254842
QAT_RASLAFFAN,2025-02-09,0.7279861790487795
QAT_RASLAFFAN,2025-02-10,0.7175655635265497
QAT_RASLAFFAN,2025-02-11,0.7353074700296679
QAT_RASLAFFAN,2025-02-12,0.7175995194148379
QAT_RASLAFFAN,2025-02-17,0.708570911232297
QAT_RASLAFFAN,2025-02-19,0.7510097199406914
QAT_RASLAFFAN,2025-02-21,0.7426180681794551
QAT_RASLAFFAN,2025-02-22,0.7862167080934326
QAT_RASLAFFAN,2025-03-01,0.7275074080359429
QAT_RASLAFFAN,2025-03-11,0.7199253732704141
QAT_RASLAFFAN,2025-03-14,
QAT_RASLAFFAN,2025-03-15,0.7068804714964092
QAT_RASLAFFAN,2025-03-18,0.7134867305081751
QAT_RASLAFFAN,2025-03-19,0.7325435761563125
QAT_RASLAFFAN,2025-03-20,0.72525280404703
QAT_RASLAFFAN,2025-03-27,0.7484068729453648
QAT_RASLAFFAN,2025-03-28,0.7629523270472008
QAT_RASLAFFAN,2025-03-29,0.821513904600085
QAT_RASLAFFAN,2025-03-30,0.8622602858981817
QAT_RASLAFFAN,2025-04-01,0.8983473651429286
QAT_RASLAFFAN,2025-04-02,0.8804882176056325
QAT_RASLAFFAN,2025-04-05,0.8749999647551326
QAT_RASLAFFAN,2025-04-10,1.0182188302598911
QAT_RASLAFFAN,2025-04-11,1.02722008015357
QAT_RASLAFFAN,2025-04-12,1.016742188830974
QAT_RASLAFFAN,2025-04-14,1.0951336677064083
QAT_RASLAFFAN,2025-04-18,1.0903502910406184
QAT_RASLAFFAN,2025-04-19,1.0776026115556192
QAT_RASLAFFAN,2025-04-21,1.1225727727706414
QAT_RASLAFFAN,2025-04-22,1.1414859552426047
QAT_RASLAFFAN,2025-04-23,1.1442065309195315
QAT_RASLAFFAN,2025-04-25,1.150009038389364
QAT_RASLAFFAN,2025-04-26,1.1179928352666868
QAT_RASLAFFAN,2025-04-27,1.1368357066075965
QAT_RASLAFFAN,2025-04-29,1.2398864140354438
QAT_RASLAFFAN,2025-05-01,1.2358316664872397
QAT_RASLAFFAN,2025-05-02,1.307131713960486
QAT_RASLAFFAN,2025-05-05,1.3535035388100207
QAT_RASLAFFAN,2025-05-10,1.2426129897327425
QAT_RASLAFFAN,2025-05-11,1.3147293672148268
QAT_RASLAFFAN,2025-05-12,1.3137199724155024
QAT_RASLAFFAN,2025-05-13,1.2824534481026628
QAT_RASLAFFAN,2025-05-15,1.2825169534132224
QAT_RASLAFFAN,2025-05-18,1.3053151578697135
QAT_RASLAFFAN,2025-05-19,1.3745852434019576
QAT_RASLAFFAN,2025-05-20,1.347856153900587
QAT_RASLAFFAN,2025-05-21,1.290987710590511
QAT_RASLAFFAN,2025-05-22,1.2638092428084724
QAT_RASLAFFAN,2025-05-23,1.2920414754783955
QAT_RASLAFFAN,2025-05-26,1.2824275419066695
QAT_RASLAFFAN,2025-05-27,1.260145906136045
QAT_RASLAFFAN,2025-05-28,1.2647499314904123
QAT_RASLAFFAN,2025-05-29,1.1784877817335728
QAT_RASLAFFAN,2025-06-06,1.1137101386569324
QAT_RASLAFFAN,2025-06-07,1.1495354710493202
QAT_RASLAFFAN,2025-06-08,1.1769845769113796
QAT_RASLAFFAN,2025-06-09,1.2048007169568367
QAT_RASLAFFAN,2025-06-10,1.1222875573177342
QAT_RASLAFFAN,2025-06-11,1.125852606235194
QAT_RASLAFFAN,2025-06-12,1.1701383297236407
QAT_RASLAFFAN,2025-06-13,1.1482099258935208
QAT_RASLAFFAN,2025-06-14,1.1739570060422024
QAT_RASLAFFAN,2025-06-15,1.218319697054405
QAT_RASLAFFAN,2025-06-16,1.2090134901111
QAT_RASLAFFAN,2025-06-21,1.2528087433652222
QAT_RASLAFFAN,2025-06-27,1.2513612369607423
QAT_RASLAFFAN,2025-06-28,1.1755876437999675
QAT_RASLAFFAN,2025-06-29,1.1712251875145627
QAT_RASLAFFAN,2025-06-30,1.1527423520227502
QAT_RASLAFFAN,2025-07-01,1.1735056746305004
QAT_RASLAFFAN,2025-07-08,1.1276242061159298
QAT_RASLAFFAN,2025-07-09,1.0953397444083062
QAT_RASLAFFAN,2025-07-10,1.1545161753846656
QAT_RASLAFFAN,2025-07-11,1.1955517360019046
QAT_RASLAFFAN,2025-07-12,1.237374020698681
QAT_RASLAFFAN,2025-07-13,1.2807371855697447
QAT_RASLAFFAN,2025-07-14,1.2283465015584578
QAT_RASLAFFAN,2025-07-15,1.1809062424014583
QAT_RASLAFFAN,2025-07-16,1.2275401773945935
QAT_RASLAFFAN,2025-07-17,1.2568233881718711
QAT_RASLAFFAN,2025-07-18,1.2653254168352606
QAT_RASLAFFAN,2025-07-21,1.2677286644356123
QAT_RASLAFFAN,2025-07-22,1.242474907949088
QAT_RASLAFFAN,2025-07-24,1.2043208339156106
QAT_RASLAFFAN,2025-07-25,1.174680730040941
QAT_RASLAFFAN,2025-07-26,1.184490079134537
QAT_RASLAFFAN,2025-07-27,1.2248908964923397
QAT_RASLAFFAN,2025-07-28,1.252957884534611
QAT_RASLAFFAN,2025-07-29,1.239895111842777
QAT_RASLAFFAN,2025-07-30,1.2184525912821749
QAT_RASLAFFAN,2025-08-02,1.2344425375879335
QAT_RASLAFFAN,2025-08-03,1.2017787542737912
QAT_RASLAFFAN,2025-08-04,1.1777288161275004
QAT_RASLAFFAN,2025-08-05,1.1594067091061449
QAT_RASLAFFAN,2025-08-06,1.1351143399018764
QAT_RASLAFFAN,2025-08-07,1.107771802647986
QAT_RASLAFFAN,2025-08-08,1.1094589105801322
QAT_RASLAFFAN,2025-08-09,1.0664163138088008
QAT_RASLAFFAN,2025-08-10,1.0419903312691337
QAT_RASLAFFAN,2025-08-11,0.9639620795143737
QAT_RASLAFFAN,2025-08-12,0.9196517264559949
QAT_RASLAFFAN,2025-08-13,0.938283193010691
QAT_RASLAFFAN,2025-08-14,0.9207205849486131
QAT_RASLAFFAN,2025-08-15,0.8749410689047994
QAT_RASLAFFAN,2025-08-16,0.8310090398443559
QAT_RASLAFFAN,2025-08-17,0.8166931805326427
QAT_RASLAFFAN,2025-08-20,0.8111380663601899
QAT_RASLAFFAN,2025-08-21,0.8115596996480045
QAT_RASLAFFAN,2025-08-22,0.799575588737488
QAT_RASLAFFAN,2025-08-23,0.830344839171681
QAT_RASLAFFAN,2025-08-24,0.8233965392311925
QAT_RASLAFFAN,2025-08-25,0.8142360100641108
QAT_RASLAFFAN,2025-08-26,0.8025332184469357
QAT_RASLAFFAN,2025-08-27,0.8005229673789477
QAT_RASLAFFAN,2025-08-28,0.8209885298683945
QAT_RASLAFFAN,2025-08-29,0.8549364143546629
QAT_RASLAFFAN,2025-08-30,0.8562951577370428
QAT_RASLAFFAN,2025-08-31,0.8782226324543253
QAT_RASLAFFAN,2025-09-01,0.8310161058193727
QAT_RASLAFFAN,2025-09-02,0.8402206768917743
QAT_RASLAFFAN,2025-09-03,0.8421250703606099
QAT_RASLAFFAN,2025-09-04,0.8471521686898246
QAT_RASLAFFAN,2025-09-05,0.8404779677862445
QAT_RASLAFFAN,2025-09-06,0.8766339003526696
QAT_RASLAFFAN,2025-09-07,0.8748631258734573
QAT_RASLAFFAN,2025-09-08,0.8791473952207349
QAT_RASLAFFAN,2025-09-09,0.8758816420812421
QAT_RASLAFFAN,2025-09-10,0.8920896454329618
QAT_RASLAFFAN,2025-09-11,0.9088852762777668
QAT_RASLAFFAN,2025-09-12,0.8921937357211608
QAT_RASLAFFAN,2025-09-13,0.8802900160940421
QAT_RASLAFFAN,2025-09-14,0.8779299253792529
QAT_RASLAFFAN,2025-09-16,0.8792401898604455
QAT_RASLAFFAN,2025-09-17,0.8794138472932908
QAT_RASLAFFAN,2025-09-18,0.8892541112420576
QAT_RASLAFFAN,2025-09-19,0.9065378927534816
QAT_RASLAFFAN,2025-09-20,0.9251145071433058
QAT_RASLAFFAN,2025-09-21,0.9360445104002387
QAT_RASLAFFAN,2025-09-25,0.915130115293847
QAT_RASLAFFAN,2025-09-26,0.905140466606665
QAT_RASLAFFAN,2025-09-27,0.891998794115546
QAT_RASLAFFAN,2025-09-28,0.8810805562500174
QAT_RASLAFFAN,2025-10-03,0.8760855363743117
QAT_RASLAFFAN,2025-10-04,0.8682551312503187
QAT_RASLAFFAN,2025-10-05,0.9016358300283287
QAT_RASLAFFAN,2025-10-06,0.8548574188868482
QAT_RASLAFFAN,2025-10-07,0.8961859813749949
QAT_RASLAFFAN,2025-10-08,0.9390098068092345
QAT_RASLAFFAN,2025-10-09,0.9433363530657984
QAT_RASLAFFAN,2025-10-10,0.9435129665510469
QAT_RASLAFFAN,2025-10-13,0.9465655029612858
QAT_RASLAFFAN,2025-10-14,0.964865097072046
QAT_RASLAFFAN,2025-10-15,0.9656673598993754
QAT_RASLAFFAN,2025-10-16,1.0045163075748027
QAT_RASLAFFAN,2025-10-17,1.013240151017352
QAT_RASLAFFAN,2025-10-18,0.9941500518708339
QAT_RASLAFFAN,2025-10-19,0.9734189250122324
QAT_RASLAFFAN,2025-10-20,0.9609430659875292
QAT_RASLAFFAN,2025-10-21,0.9770095200636391
QAT_RASLAFFAN,2025-10-22,0.9717463054219452
QAT_RASLAFFAN,2025-10-23,0.9815914441723178
QAT_RASLAFFAN,2025-10-24,0.993700215087799
QAT_RASLAFFAN,2025-10-25,1.0119512127084347
QAT_RASLAFFAN,2025-10-26,1.0326782702332589
QAT_RASLAFFAN,2025-10-28,1.0166274965816868
QAT_RASLAFFAN,2025-10-29,1.0153308576796283
QAT_RASLAFFAN,2025-10-31,0.9836225679978498
QAT_RASLAFFAN,2025-11-01,0.9663460679390854
QAT_RASLAFFAN,2025-11-02,0.9650723679433771
QAT_RASLAFFAN,2025-11-03,0.9675767677251674
QAT_RASLAFFAN,2025-11-04,0.9763482793538585
QAT_RASLAFFAN,2025-11-05,1.0087911700181957
QAT_RASLAFFAN,2025-11-06,1.0041522009335364
QAT_RASLAFFAN,2025-11-07,1.011966584355187
QAT_RASLAFFAN,2025-11-08,1.0421455410538993
QAT_RASLAFFAN,2025-11-09,1.0601769469213107
QAT_RASLAFFAN,2025-11-11,1.0499564446741099
QAT_RASLAFFAN,2025-11-14,1.05871314326135
QAT_RASLAFFAN,2025-11-16,1.1352201844369727
QAT_RASLAFFAN,2025-11-17,1.1485847512503595
QAT_RASLAFFAN,2025-11-22,1.150863792448512
QAT_RASLAFFAN,2025-11-23,1.0985940805764467
QAT_RASLAFFAN,2025-11-24,1.0867756836654672
QAT_RASLAFFAN,2025-11-25,1.065090458596491
QAT_RASLAFFAN,2025-11-27,1.0640657286939317
QAT_RASLAFFAN,2025-11-28,1.0485908935971602
QAT_RASLAFFAN,2025-11-29,1.0355456658463558
QAT_RASLAFFAN,2025-11-30,1.0716263845992897
QAT_RASLAFFAN,2025-12-01,1.1234457162069797
QAT_RASLAFFAN,2025-12-05,1.0994317355150613
QAT_RASLAFFAN,2025-12-06,1.0773220140274469
QAT_RASLAFFAN,2025-12-07,1.044477666360029
QAT_RASLAFFAN,2025-12-12,1.0281528076147581
QAT_RASLAFFAN,2025-12-13,1.0301944335221893
QAT_RASLAFFAN,2025-12-14,1.057434720460924
QAT_RASLAFFAN,2025-12-17,0.8746477600894479
QAT_RASLAFFAN,2025-12-20,0.8357634034341134
QAT_RASLAFFAN,2025-12-23,0.9117546131755209
QAT_RASLAFFAN,2025-12-24,0.8927955242216987
QAT_RASLAFFAN,2025-12-25,0.9102665959281712
QAT_RASLAFFAN,2025-12-29,0.9319424749291476
QAT_RASLAFFAN,2025-12-30,0.9217451735005376
QAT_RASLAFFAN,2026-01-02,0.8630373863321884
QAT_RASLAFFAN,2026-01-03,0.904638756536545
QAT_RASLAFFAN,2026-01-05,0.8970787437076446
QAT_RASLAFFAN,2026-01-06,0.8473762848633928
QAT_RASLAFFAN,2026-01-07,0.799950982930853
QAT_RASLAFFAN,2026-01-08,0.8244932955882464
QAT_RASLAFFAN,2026-01-09,0.9335402835737961
QAT_RASLAFFAN,2026-01-12,0.8843499522168585
QAT_RASLAFFAN,2026-01-13,0.875086776559789
QAT_RASLAFFAN,2026-01-18,0.892565905063019
QAT_RASLAFFAN,2026-01-20,0.9233601648356605
QAT_RASLAFFAN,2026-01-23,0.9171995489460729
QAT_RASLAFFAN,2026-01-25,0.9670657481253465
QAT_RASLAFFAN,2026-01-28,0.9588660461799566
QAT_RASLAFFAN,2026-01-29,0.9743065449455103
QAT_RASLAFFAN,2026-01-30,0.9464029953369761
QAT_RASLAFFAN,2026-01-31,0.9564137214553048
QAT_RASLAFFAN,2026-02-01,0.9806092484955684
QAT_RASLAFFAN,2026-02-02,0.9643089281721703
QAT_RASLAFFAN,2026-02-03,0.931217078571295
QAT_RASLAFFAN,2026-02-04,0.9606191263362887
QAT_RASLAFFAN,2026-02-05,0.9586720656863827
QAT_RASLAFFAN,2026-02-08,0.934891372763652
QAT_RASLAFFAN,2026-02-11,0.945932949102034
QAT_RASLAFFAN,2026-02-12,0.9321477482247568
QAT_RASLAFFAN,2026-02-13,0.8956376330935367
QAT_RASLAFFAN,2026-02-14,0.9770190599177906
QAT_RASLAFFAN,2026-02-15,1.0255096125249077
QAT_RASLAFFAN,2026-02-17,1.0151270155305354
QAT_RASLAFFAN,2026-02-19,1.0922783713344582
QAT_RASLAFFAN,2026-02-20,1.1061723703114565
QAT_RASLAFFAN,2026-02-21,1.1015280942961485
QAT_RASLAFFAN,2026-02-22,1.1219966619292
QAT_RASLAFFAN,2026-02-23,1.145533154549073
QAT_RASLAFFAN,2026-02-24,1.163535856727196
QAT_RASLAFFAN,2026-02-27,1.1728644135525415
QAT_RASLAFFAN,2026-02-28,1.169271039608082
QAT_RASLAFFAN,2026-03-07,1.253977284218415
QAT_RASLAFFAN,2026-03-11,1.1758049662493295
QAT_RASLAFFAN,2026-03-12,1.1526226221428508
QAT_RASLAFFAN,2026-03-13,1.1303172412538816
QAT_RASLAFFAN,2026-03-14,1.1271665481021038
QAT_RASLAFFAN,2026-03-15,1.1465887950381668
QAT_RASLAFFAN,2026-03-16,1.0082498508781148
QAT_RASLAFFAN,2026-03-22,0.8088375326455196
QAT_RASLAFFAN,2026-03-25,0.654924269074031
QAT_RASLAFFAN,2026-03-29,0.4746997447495271
QAT_RASLAFFAN,2026-04-01,0.411041497479426
QAT_RASLAFFAN,2026-04-10,0.42755619040959375
QAT_RASLAFFAN,2026-04-18,
QAT_RASLAFFAN,2026-04-19,
QAT_RASLAFFAN,2026-05-02,
QAT_RASLAFFAN,2026-05-03,
QAT_RASLAFFAN,2026-05-04,
QAT_RASLAFFAN,2026-05-05,
QAT_RASLAFFAN,2026-05-06,1.2911136700307406
QAT_RASLAFFAN,2026-05-07,1.2815504508063396
QAT_RASLAFFAN,2026-05-12,1.3157476921685844
QAT_RASLAFFAN,2026-05-13,1.2799633941749116
QAT_RASLAFFAN,2026-05-15,1.1908957047474247
QAT_RASLAFFAN,2026-05-16,1.1960661215081838
QAT_RASLAFFAN,2026-05-19,1.1133170374060612
QAT_RASLAFFAN,2026-05-21,1.0719068772225198
QAT_RASLAFFAN,2026-05-26,1.0383653971242326
QAT_RASLAFFAN,2026-05-28,1.0060047661894467
QAT_RASLAFFAN,2026-05-29,0.9825098095275939
QAT_RASLAFFAN,2026-06-01,0.9112166204393989
QAT_RASLAFFAN,2026-06-07,0.7107307248431826
QAT_RASLAFFAN,2026-06-09,0.7226120500460332
QAT_RASLAFFAN,2026-06-10,0.7326918714194777
QAT_RASLAFFAN,2026-06-11,0.7218847060519837
QAT_RASLAFFAN,2026-06-14,0.7220649199158907
QAT_RASLAFFAN,2026-06-15,0.6565792379428984
QAT_RASLAFFAN,2026-06-19,0.718237997323704
QAT_RASLAFFAN,2026-06-21,0.7628320886022878
QAT_RASLAFFAN,2026-06-23,0.7993104362284895
QAT_RASLAFFAN,2026-06-24,0.8264074879979422
QAT_RASLAFFAN,2026-06-26,0.8119852832396743
QAT_RASLAFFAN,2026-06-27,0.8283977167942279
QAT_RASLAFFAN,2026-06-28,0.833232466530107
QAT_RASLAFFAN,2026-07-02,0.8360578817115275
QAT_RASLAFFAN,2026-07-03,0.8699500076681626
QAT_RASLAFFAN,2026-07-05,0.9121074662925512
QAT_RASLAFFAN,2026-07-06,0.9223008760382004
QAT_RASLAFFAN,2026-07-13,0.9267462142447516
QAT_RASLAFFAN,2026-07-14,1.0198589111347443
QAT_RASLAFFAN,2026-07-15,1.075649574481676
QAT_RASLAFFAN,2026-07-16,1.073835757422834
QAT_RASLAFFAN,2026-07-17,1.0307016547985433
QAT_RASLAFFAN,2026-07-18,1.018196554709516
QAT_RASLAFFAN,2026-07-19,0.9805731866574374
QAT_RASLAFFAN,2026-07-20,0.9884299680128221
QAT_RASLAFFAN,2026-07-23,0.9625711449245483
QAT_RASLAFFAN,2026-07-24,0.9900447409833188
QAT_RASLAFFAN,2026-07-25,0.9875670214896082
QAT_RASLAFFAN,2026-07-26,1.0163083070979568
QAT_RASLAFFAN,2026-07-27,1.018481610491136
QAT_RASLAFFAN,2026-07-28,1.012013123725058
QAT_RASLAFFAN,2026-07-29,1.0134684903628841
QAT_RASLAFFAN,2026-07-30,1.0261086939366661
QAT_RASLAFFAN,2026-07-31,1.0639737823417696
QAT_RASLAFFAN,2026-08-01,1.089370740143143
QAT_RASLAFFAN,2026-08-03,1.1083156662361244
QAT_RASLAFFAN,2026-08-04,1.079371264598644
QAT_RASLAFFAN,2026-08-05,1.0907460819904489
QAT_RASLAFFAN,2026-08-06,1.0766069679706591
QAT_RASLAFFAN,2026-08-07,1.0382162327233357
QAT_RASLAFFAN,2026-08-08,1.0165247011118717
QAT_RASLAFFAN,2026-08-09,1.0020557005039072
QAT_RASLAFFAN,2026-08-10,0.98779433861833
QAT_RASLAFFAN,2026-08-11,0.9798909500170953
QAT_RASLAFFAN,2026-08-12,0.990862932515791
QAT_RASLAFFAN,2026-08-13,0.9441675245314423
QAT_RASLAFFAN,2026-08-14,0.9193169342376245
QAT_RASLAFFAN,2026-08-15,0.929631387950826
QAT_RASLAFFAN,2026-08-16,0.966368408725488
QAT_RASLAFFAN,2026-08-18,0.9676324544923697
QAT_RASLAFFAN,2026-08-19,0.947983928737582
QAT_RASLAFFAN,2026-08-21,0.9399003884198665
QAT_RASLAFFAN,2026-08-22,0.929535949177369
QAT_RASLAFFAN,2026-08-23,0.8993822914250563
QAT_RASLAFFAN,2026-08-24,0.9067324762291062
QAT_RASLAFFAN,2026-08-25,0.8989754363449721
QAT_RASLAFFAN,2026-08-26,0.912919807146658
QAT_RASLAFFAN,2026-08-27,0.9208024767695154
QAT_RASLAFFAN,2026-08-28,0.8958242539200392
QAT_RASLAFFAN,2026-08-29,0.882222650790571
QAT_RASLAFFAN,2026-08-31,0.8507085994191302
QAT_RASLAFFAN,2026-09-03,0.7908106680026455
QAT_RASLAFFAN,2026-09-04,0.7907608115277306
QAT_RASLAFFAN,2026-09-05,0.7897078705948138
QAT_RASLAFFAN,2026-09-06,0.8316822701290139
QAT_RASLAFFAN,2026-09-07,0.8242380780986446
QAT_RASLAFFAN,2026-09-08,0.8175792385448721
QAT_RASLAFFAN,2026-09-09,0.8028936469943294
QAT_RASLAFFAN,2026-09-10,0.8029590655495887
SAU_FARAS,2025-01-01,
SAU_FARAS,2025-01-02,
SAU_FARAS,2025-01-03,
SAU_FARAS,2025-01-04,
SAU_FARAS,2025-01-07,
SAU_FARAS,2025-01-09,
SAU_FARAS,2025-01-11,
SAU_FARAS,2025-01-13,-0.1018531222031262
SAU_FARAS,2025-01-14,0.09371520276754303
SAU_FARAS,2025-01-18,0.20116412202692063
SAU_FARAS,2025-01-19,0.21505259775159785
SAU_FARAS,2025-01-21,0.2053158368365837
SAU_FARAS,2025-01-23,0.3292624147814448
SAU_FARAS,2025-01-24,0.30213237080663014
SAU_FARAS,2025-01-28,0.4091681241750168
SAU_FARAS,2025-01-30,0.3534347345648384
SAU_FARAS,2025-01-31,0.010352854232204722
SAU_FARAS,2025-02-01,0.006062962101135057
SAU_FARAS,2025-02-02,0.3076261185212683
SAU_FARAS,2025-02-03,0.3008438664021091
SAU_FARAS,2025-02-04,0.8788621294043719
SAU_FARAS,2025-02-07,1.3147244586644098
SAU_FARAS,2025-02-08,1.2776385284230798
SAU_FARAS,2025-02-09,1.2664706684460987
SAU_FARAS,2025-02-14,1.2416839900291388
SAU_FARAS,2025-02-18,1.1800074027860161
SAU_FARAS,2025-02-19,1.8777650130887698
SAU_FARAS,2025-02-20,1.8400879927990872
SAU_FARAS,2025-02-22,1.892512675546601
SAU_FARAS,2025-02-24,2.35987802796238
SAU_FARAS,2025-02-25,2.257809388871147
SAU_FARAS,2025-02-28,2.3310555334805834
SAU_FARAS,2025-03-01,3.5824596191165465
SAU_FARAS,2025-03-02,3.83942092326776
SAU_FARAS,2025-03-05,4.153524310205214
SAU_FARAS,2025-03-09,3.5959303675696757
SAU_FARAS,2025-03-11,3.831830243063884
SAU_FARAS,2025-03-12,3.676469709966661
SAU_FARAS,2025-03-13,3.5160202057756376
SAU_FARAS,2025-03-14,3.468847953751871
SAU_FARAS,2025-03-15,3.173312054003912
SAU_FARAS,2025-03-19,2.731091856699477
SAU_FARAS,2025-03-21,2.286813019643319
SAU_FARAS,2025-03-22,2.4221399833240977
SAU_FARAS,2025-03-23,2.2106637677667127
SAU_FARAS,2025-03-24,2.106092713023565
SAU_FARAS,2025-03-26,1.7216426118292514
SAU_FARAS,2025-03-27,1.762278675782309
SAU_FARAS,2025-03-28,1.805484208979654
SAU_FARAS,2025-03-29,1.7976806167022643
SAU_FARAS,2025-03-30,1.6957839676653133
SAU_FARAS,2025-04-01,0.7835230064444478
SAU_FARAS,2025-04-02,0.5159695144363281
SAU_FARAS,2025-04-08,0.8466541396814675
SAU_FARAS,2025-04-12,1.6662988109668304
SAU_FARAS,2025-04-13,2.0281936647975676
SAU_FARAS,2025-04-15,2.2620701215951073
SAU_FARAS,2025-04-16,2.393169013496531
SAU_FARAS,2025-04-17,2.2957222781862163
SAU_FARAS,2025-04-18,2.6691324362033058
SAU_FARAS,2025-04-19,2.489102616174625
SAU_FARAS,2025-04-21,2.566584705975468
SAU_FARAS,2025-04-22,2.0437835824327033
SAU_FARAS,2025-04-23,1.9791885022829554
SAU_FARAS,2025-04-25,1.8111254651323405
SAU_FARAS,2025-04-26,1.297659631247391
SAU_FARAS,2025-04-27,1.6299317185407407
SAU_FARAS,2025-04-28,1.7920652859514155
SAU_FARAS,2025-05-02,2.2123741908128474
SAU_FARAS,2025-05-03,2.0843160795173254
SAU_FARAS,2025-05-09,1.6218358867554183
SAU_FARAS,2025-05-10,1.4483495414734675
SAU_FARAS,2025-05-11,1.3747774835263429
SAU_FARAS,2025-05-12,0.6560750337658148
SAU_FARAS,2025-05-14,0.2868397584686612
SAU_FARAS,2025-05-15,0.20071210652170843
SAU_FARAS,2025-05-16,-0.14680622014890085
SAU_FARAS,2025-05-18,-0.1414241642276401
SAU_FARAS,2025-05-19,0.4431451482035226
SAU_FARAS,2025-05-20,0.5225343490536423
SAU_FARAS,2025-05-21,0.44672934100047196
SAU_FARAS,2025-05-22,1.0779428260021433
SAU_FARAS,2025-05-23,1.15654981312883
SAU_FARAS,2025-05-24,1.1793503200268878
SAU_FARAS,2025-05-25,1.5378621467202298
SAU_FARAS,2025-05-26,1.9357223533738963
SAU_FARAS,2025-05-27,1.5710979534254705
SAU_FARAS,2025-05-28,1.4454097626725622
SAU_FARAS,2025-05-29,1.489725263033804
SAU_FARAS,2025-05-30,1.3151790299525876
SAU_FARAS,2025-05-31,1.2967730214725333
SAU_FARAS,2025-06-01,1.1319303893566213
SAU_FARAS,2025-06-02,1.1602543466653157
SAU_FARAS,2025-06-03,1.160637441628551
SAU_FARAS,2025-06-04,1.0944285464088046
SAU_FARAS,2025-06-06,0.8843209704969964
SAU_FARAS,2025-06-07,0.8527262001342736
SAU_FARAS,2025-06-09,1.008163066973332
SAU_FARAS,2025-06-10,1.0561320868681099
SAU_FARAS,2025-06-11,0.9830037240582246
SAU_FARAS,2025-06-12,0.8688933265988625
SAU_FARAS,2025-06-13,0.9309294027147131
SAU_FARAS,2025-06-14,0.7799846407322327
SAU_FARAS,2025-06-15,0.783529220294048
SAU_FARAS,2025-06-16,0.8409773764563767
SAU_FARAS,2025-06-17,0.8165998767889139
SAU_FARAS,2025-06-18,0.5624056344367745
SAU_FARAS,2025-06-22,0.27789634678424785
SAU_FARAS,2025-06-23,0.18677795683893605
SAU_FARAS,2025-06-24,0.18497984299555828
SAU_FARAS,2025-06-25,0.336869418921056
SAU_FARAS,2025-06-27,0.15157297550866208
SAU_FARAS,2025-06-28,0.07037132769410352
SAU_FARAS,2025-06-30,0.1250227362059845
SAU_FARAS,2025-07-02,0.29221802875159997
SAU_FARAS,2025-07-03,0.2289160378373101
SAU_FARAS,2025-07-04,0.1680967681798964
SAU_FARAS,2025-07-05,0.14810201060514466
SAU_FARAS,2025-07-09,0.3662248292039645
SAU_FARAS,2025-07-10,0.39532773093249224
SAU_FARAS,2025-07-11,0.6778097207125017
SAU_FARAS,2025-07-12,0.8174265687533511
SAU_FARAS,2025-07-13,0.6297092861530872
SAU_FARAS,2025-07-14,0.6824017619967202
SAU_FARAS,2025-07-15,0.9064604395203114
SAU_FARAS,2025-07-16,0.7755707582845184
SAU_FARAS,2025-07-17,0.6603783484478384
SAU_FARAS,2025-07-18,0.717444328073458
SAU_FARAS,2025-07-19,0.6474889611820612
SAU_FARAS,2025-07-21,0.7455218357788663
SAU_FARAS,2025-07-22,0.9841849156719737
SAU_FARAS,2025-07-25,0.708308228474884
SAU_FARAS,2025-07-26,0.788378213373302
SAU_FARAS,2025-07-27,0.8483386536999439
SAU_FARAS,2025-07-28,0.9059214756923253
SAU_FARAS,2025-07-29,0.8097486020036355
SAU_FARAS,2025-07-30,0.8309620762291751
SAU_FARAS,2025-07-31,0.8350927571068212
SAU_FARAS,2025-08-01,0.7480950489633926
SAU_FARAS,2025-08-02,0.7586656948135216
SAU_FARAS,2025-08-03,0.9040084846106701
SAU_FARAS,2025-08-04,0.8269356536720466
SAU_FARAS,2025-08-05,0.8198699236026651
SAU_FARAS,2025-08-06,0.824549220364786
SAU_FARAS,2025-08-07,1.320264087777589
SAU_FARAS,2025-08-08,1.171178964220945
SAU_FARAS,2025-08-09,1.1507624354904358
SAU_FARAS,2025-08-10,1.1893510042507918
SAU_FARAS,2025-08-11,1.2455777753276354
SAU_FARAS,2025-08-12,1.2935674050699584
SAU_FARAS,2025-08-13,1.361837892473098
SAU_FARAS,2025-08-15,1.3158383611526863
SAU_FARAS,2025-08-16,1.4614318332153797
SAU_FARAS,2025-08-17,1.3996334168193914
SAU_FARAS,2025-08-18,1.4087766975687386
SAU_FARAS,2025-08-19,1.353604917352972
SAU_FARAS,2025-08-20,1.2271920027233933
SAU_FARAS,2025-08-21,1.0403625105188627
SAU_FARAS,2025-08-23,1.1856329659297529
SAU_FARAS,2025-08-24,1.238694348989877
SAU_FARAS,2025-08-25,1.1229878519488399
SAU_FARAS,2025-08-26,1.1913144090761807
SAU_FARAS,2025-08-28,1.130823211055724
SAU_FARAS,2025-08-29,1.131764568639727
SAU_FARAS,2025-08-30,1.1038184711296684
SAU_FARAS,2025-09-01,1.180413447268071
SAU_FARAS,2025-09-02,1.0949485096064924
SAU_FARAS,2025-09-03,1.2204298445811956
SAU_FARAS,2025-09-05,1.5022292886369826
SAU_FARAS,2025-09-06,1.003319949391226
SAU_FARAS,2025-09-07,1.3384271445760032
SAU_FARAS,2025-09-08,1.3925313422434282
SAU_FARAS,2025-09-09,1.473262904125835
SAU_FARAS,2025-09-10,1.119868082445772
SAU_FARAS,2025-09-11,0.9620345886621748
SAU_FARAS,2025-09-12,1.1791563895033428
SAU_FARAS,2025-09-13,1.2989096958215625
SAU_FARAS,2025-09-14,1.3711603831034818
SAU_FARAS,2025-09-15,0.5665688568214157
SAU_FARAS,2025-09-16,0.5101682751448667
SAU_FARAS,2025-09-17,0.5772595635970128
SAU_FARAS,2025-09-18,0.6539113072505036
SAU_FARAS,2025-09-20,1.0715693505749406
SAU_FARAS,2025-09-21,1.7318677105698315
SAU_FARAS,2025-09-23,1.5695263469072491
SAU_FARAS,2025-09-24,1.6097101211606764
SAU_FARAS,2025-09-25,1.5693315659666502
SAU_FARAS,2025-09-27,1.2310207936602
SAU_FARAS,2025-09-28,1.1155423531546926
SAU_FARAS,2025-09-29,1.3173173099203384
SAU_FARAS,2025-09-30,1.2646468000354854
SAU_FARAS,2025-10-01,1.1563384265692365
SAU_FARAS,2025-10-02,1.216694002923168
SAU_FARAS,2025-10-03,1.2217000493155439
SAU_FARAS,2025-10-04,1.2352711706293353
SAU_FARAS,2025-10-05,0.9631178589088216
SAU_FARAS,2025-10-06,0.920317533961331
SAU_FARAS,2025-10-07,0.8614328209274433
SAU_FARAS,2025-10-09,0.4751500957137906
SAU_FARAS,2025-10-10,0.6229825207926071
SAU_FARAS,2025-10-11,0.6527475163809441
SAU_FARAS,2025-10-14,0.2658810683639002
SAU_FARAS,2025-10-15,1.044282283623816
SAU_FARAS,2025-10-16,1.086198846523962
SAU_FARAS,2025-10-17,1.0284284156293053
SAU_FARAS,2025-10-18,0.8850472494837828
SAU_FARAS,2025-10-19,0.9442059988964624
SAU_FARAS,2025-10-20,0.7315841420683716
SAU_FARAS,2025-10-21,-0.27385316460236897
SAU_FARAS,2025-10-22,-0.21876055481108664
SAU_FARAS,2025-10-23,-0.21046671480894139
SAU_FARAS,2025-10-24,-0.18676067292893528
SAU_FARAS,2025-10-25,-0.20568230946117916
SAU_FARAS,2025-10-26,0.005798179674563181
SAU_FARAS,2025-10-28,0.5701958575222007
SAU_FARAS,2025-10-29,0.4241116628880397
SAU_FARAS,2025-10-30,0.48149777971978014
SAU_FARAS,2025-10-31,0.820030746439335
SAU_FARAS,2025-11-01,0.9330382772432493
SAU_FARAS,2025-11-02,0.9009946358985699
SAU_FARAS,2025-11-03,0.8813580184350116
SAU_FARAS,2025-11-04,1.063794329138093
SAU_FARAS,2025-11-05,1.1178019578527347
SAU_FARAS,2025-11-06,1.053959534863376
SAU_FARAS,2025-11-08,1.1847947094952649
SAU_FARAS,2025-11-09,1.3637843264273983
SAU_FARAS,2025-11-10,1.5912893868650557
SAU_FARAS,2025-11-11,1.74493688645772
SAU_FARAS,2025-11-13,1.7430422096647749
SAU_FARAS,2025-11-14,1.8229811837471748
SAU_FARAS,2025-11-18,1.90667799886553
SAU_FARAS,2025-11-19,1.8661877210492486
SAU_FARAS,2025-11-20,1.9868312621525064
SAU_FARAS,2025-11-21,2.100654219186761
SAU_FARAS,2025-11-22,1.7564288847123801
SAU_FARAS,2025-11-23,1.5476637216173976
SAU_FARAS,2025-11-24,1.5698969067632556
SAU_FARAS,2025-11-25,1.3147450796454359
SAU_FARAS,2025-11-26,1.2524489819025473
SAU_FARAS,2025-11-28,0.7372428297429817
SAU_FARAS,2025-11-30,0.3062197682922902
SAU_FARAS,2025-12-01,-0.10542835491489506
SAU_FARAS,2025-12-03,-0.32259663251574805
SAU_FARAS,2025-12-04,-0.1045292732419317
SAU_FARAS,2025-12-05,-0.1402589777434289
SAU_FARAS,2025-12-07,-0.1845938720123172
SAU_FARAS,2025-12-17,-1.2169191212560653
SAU_FARAS,2025-12-20,-1.014441229827643
SAU_FARAS,2025-12-22,-0.6677676526704772
SAU_FARAS,2025-12-23,-0.7301734369756636
SAU_FARAS,2025-12-24,-1.5721222252886713
SAU_FARAS,2025-12-25,-1.3920404006741383
SAU_FARAS,2025-12-27,-0.6571983864363486
SAU_FARAS,2025-12-28,0.10257729788523505
SAU_FARAS,2026-01-01,0.6938244488522686
SAU_FARAS,2026-01-02,1.2327959197256744
SAU_FARAS,2026-01-03,-1.1376864175290045
SAU_FARAS,2026-01-04,-1.971156925757543
SAU_FARAS,2026-01-05,-1.7884693046526547
SAU_FARAS,2026-01-06,-1.846392209097378
SAU_FARAS,2026-01-07,-1.767845913103711
SAU_FARAS,2026-01-08,-1.5038160686500597
SAU_FARAS,2026-01-09,-0.6078226146977881
SAU_FARAS,2026-01-10,-0.5435308346028839
SAU_FARAS,2026-01-11,-0.5117469888046702
SAU_FARAS,2026-01-12,-0.24119585957028175
SAU_FARAS,2026-01-14,-0.1827155583843092
SAU_FARAS,2026-01-15,-0.10996153601012036
SAU_FARAS,2026-01-16,-0.05309298141274228
SAU_FARAS,2026-01-19,-0.047384384885974455
SAU_FARAS,2026-01-21,-0.17076767708784532
SAU_FARAS,2026-01-22,0.26253805170976086
SAU_FARAS,2026-01-26,0.24854321316071887
SAU_FARAS,2026-01-29,0.32955073914522515
SAU_FARAS,2026-01-31,-0.03433741067130889
SAU_FARAS,2026-02-01,-0.10637705353610923
SAU_FARAS,2026-02-02,1.0213733384767396
SAU_FARAS,2026-02-04,1.5751147787141666
SAU_FARAS,2026-02-05,1.6166684580665176
SAU_FARAS,2026-02-07,1.5800957192014393
SAU_FARAS,2026-02-08,0.8178232962358529
SAU_FARAS,2026-02-10,1.2438620848930513
SAU_FARAS,2026-02-13,1.3856751647348888
SAU_FARAS,2026-02-15,1.3770412971263937
SAU_FARAS,2026-02-16,1.4302305283066676
SAU_FARAS,2026-02-18,2.189705770551525
SAU_FARAS,2026-02-19,1.3075074878352566
SAU_FARAS,2026-02-20,1.3268955631146204
SAU_FARAS,2026-02-21,1.1048199594565438
SAU_FARAS,2026-02-23,1.5532867825843901
SAU_FARAS,2026-02-25,1.6128745610230466
SAU_FARAS,2026-02-26,1.5168552042567995
SAU_FARAS,2026-02-27,1.443218196989017
SAU_FARAS,2026-02-28,1.618731697850284
SAU_FARAS,2026-03-01,0.6255051108635327
SAU_FARAS,2026-03-02,1.219113657095032
SAU_FARAS,2026-03-04,0.7936836585998914
SAU_FARAS,2026-03-08,0.7393287667541192
SAU_FARAS,2026-03-09,0.8053590419239927
SAU_FARAS,2026-03-10,1.0986051089017153
SAU_FARAS,2026-03-13,0.539513515063241
SAU_FARAS,2026-03-14,0.5370238958092048
SAU_FARAS,2026-03-15,-0.1582266367822564
SAU_FARAS,2026-03-17,-0.21014096732345688
SAU_FARAS,2026-03-18,-0.250745324165664
SAU_FARAS,2026-03-20,-0.9921328086627417
SAU_FARAS,2026-03-21,-0.3096575727715177
SAU_FARAS,2026-03-23,-0.23561766086398622
SAU_FARAS,2026-03-27,-0.790079358153092
SAU_FARAS,2026-03-28,-0.6538234791040831
SAU_FARAS,2026-04-01,-0.15900897944528505
SAU_FARAS,2026-04-05,0.3249384357198142
SAU_FARAS,2026-04-08,-0.1157432622097075
SAU_FARAS,2026-04-10,-0.494370135137971
SAU_FARAS,2026-04-11,-0.453340630999925
SAU_FARAS,2026-04-14,0.702534998752555
SAU_FARAS,2026-04-15,0.8515267126248827
SAU_FARAS,2026-04-17,0.6015807913092511
SAU_FARAS,2026-04-18,0.6244970672793764
SAU_FARAS,2026-04-22,0.7101135890360907
SAU_FARAS,2026-04-24,0.9381564647310012
SAU_FARAS,2026-04-27,0.970756768495876
SAU_FARAS,2026-04-29,1.0333318863755045
SAU_FARAS,2026-04-30,0.9017248110710361
SAU_FARAS,2026-05-01,0.9706060551368002
SAU_FARAS,2026-05-02,0.79350807860282
SAU_FARAS,2026-05-03,0.771130254253176
SAU_FARAS,2026-05-05,-0.3349770067806036
SAU_FARAS,2026-05-06,-0.3477600368964835
SAU_FARAS,2026-05-07,-0.08822944335922471
SAU_FARAS,2026-05-09,0.4782464793612076
SAU_FARAS,2026-05-10,0.623381032004999
SAU_FARAS,2026-05-11,0.707531795591668
SAU_FARAS,2026-05-13,0.7304751383933147
SAU_FARAS,2026-05-14,0.38023653272346175
SAU_FARAS,2026-05-16,-0.4357157439296721
SAU_FARAS,2026-05-18,-0.4464082016734819
SAU_FARAS,2026-05-19,-0.36322823996246034
SAU_FARAS,2026-05-20,-0.372562242055155
SAU_FARAS,2026-05-21,-1.6359484768757522
SAU_FARAS,2026-05-22,-1.642043263785847
SAU_FARAS,2026-05-23,-1.0750102168229851
SAU_FARAS,2026-05-24,-1.1160580743097919
SAU_FARAS,2026-05-25,-0.9949112292419969
SAU_FARAS,2026-05-26,-0.722599656562911
SAU_FARAS,2026-05-28,-0.8751418663516831
SAU_FARAS,2026-05-29,-1.184394542349528
SAU_FARAS,2026-05-30,-1.1137891256359729
SAU_FARAS,2026-05-31,-0.9574325680327908
SAU_FARAS,2026-06-01,-1.0674493080391372
SAU_FARAS,2026-06-02,-1.4746852991533783
SAU_FARAS,2026-06-03,-1.469926872401623
SAU_FARAS,2026-06-04,-0.9089316183312084
SAU_FARAS,2026-06-05,-0.7341578000582187
SAU_FARAS,2026-06-07,-0.8605209696106063
SAU_FARAS,2026-06-08,-0.7800721994709157
SAU_FARAS,2026-06-09,-0.5211509710717824
SAU_FARAS,2026-06-10,-0.6423497597120682
SAU_FARAS,2026-06-11,-0.6351099810596798
SAU_FARAS,2026-06-12,-0.6053096183254492
SAU_FARAS,2026-06-14,-0.7010258935150733
SAU_FARAS,2026-06-15,-0.10442135440440244
SAU_FARAS,2026-06-16,-0.016967190061149398
SAU_FARAS,2026-06-18,-0.020933500789675423
SAU_FARAS,2026-06-19,0.5066397747082116
SAU_FARAS,2026-06-21,1.5961861108499642
SAU_FARAS,2026-06-23,1.1486346012024853
SAU_FARAS,2026-06-24,1.0660359721696924
SAU_FARAS,2026-06-25,0.8922209763331224
SAU_FARAS,2026-06-26,0.8236164068284968
SAU_FARAS,2026-06-27,0.881058985169194
SAU_FARAS,2026-06-28,1.3369106027426736
SAU_FARAS,2026-06-29,1.3703529297858006
SAU_FARAS,2026-07-03,2.0269150463542256
SAU_FARAS,2026-07-04,1.369529714065839
SAU_FARAS,2026-07-05,1.2921761049444125
SAU_FARAS,2026-07-06,1.2217859139663836
SAU_FARAS,2026-07-09,0.5770820331934393
SAU_FARAS,2026-07-10,0.7857876614082909
SAU_FARAS,2026-07-11,0.7587576716902374
SAU_FARAS,2026-07-12,0.7307914932080045
SAU_FARAS,2026-07-13,0.9202929999996798
SAU_FARAS,2026-07-14,1.1050935396868957
SAU_FARAS,2026-07-15,0.9736135926943587
SAU_FARAS,2026-07-16,0.8676056648508056
SAU_FARAS,2026-07-17,0.626779490098425
SAU_FARAS,2026-07-18,0.8814957287284461
SAU_FARAS,2026-07-19,0.30781457729767964
SAU_FARAS,2026-07-21,0.268185501067939
SAU_FARAS,2026-07-22,0.35718082518878874
SAU_FARAS,2026-07-23,0.34811193133544477
SAU_FARAS,2026-07-24,0.4676263282619381
SAU_FARAS,2026-07-25,0.40560377968416145
SAU_FARAS,2026-07-26,0.6976042298527956
SAU_FARAS,2026-07-29,0.41153844918358035
SAU_FARAS,2026-07-30,0.40683185831097957
SAU_FARAS,2026-07-31,0.40201343644796633
SAU_FARAS,2026-08-01,1.3549433259032326
SAU_FARAS,2026-08-03,2.313019041836243
SAU_FARAS,2026-08-04,2.4042836689165927
SAU_FARAS,2026-08-05,2.839018251615165
SAU_FARAS,2026-08-06,2.8135815716108867
SAU_FARAS,2026-08-07,2.662919754540872
SAU_FARAS,2026-08-10,2.8140399457633785
SAU_FARAS,2026-08-11,2.797675122249318
SAU_FARAS,2026-08-13,2.7885053724461857
SAU_FARAS,2026-08-14,2.865391366047517
SAU_FARAS,2026-08-15,2.6684912161512324
SAU_FARAS,2026-08-16,2.9349201105859195
SAU_FARAS,2026-08-18,2.5991508486731196
SAU_FARAS,2026-08-19,2.460100624733758
SAU_FARAS,2026-08-21,2.493215955126589
SAU_FARAS,2026-08-22,2.4926012706801863
SAU_FARAS,2026-08-23,2.216187905940853
SAU_FARAS,2026-08-24,2.2807363204887108
SAU_FARAS,2026-08-25,1.9150018335615768
SAU_FARAS,2026-08-26,1.9957905597570247
SAU_FARAS,2026-08-27,1.952834955950436
SAU_FARAS,2026-08-30,0.704072892522806
SAU_FARAS,2026-08-31,0.3793499046540136
SAU_FARAS,2026-09-01,0.38284110254565645
SAU_FARAS,2026-09-02,0.1734589514576927
SAU_FARAS,2026-09-03,-0.021400569689299202
SAU_FARAS,2026-09-04,-0.2830639498801107
SAU_FARAS,2026-09-05,-0.2677159059042097
SAU_FARAS,2026-09-06,-0.13867442763683102
SAU_FARAS,2026-09-07,0.20729384305595358
SAU_FARAS,2026-09-09,0.5075372843551267
SAU_FARAS,2026-09-10,0.6010821694058939
SAU_GHAZLAN,2025-01-03,
SAU_GHAZLAN,2025-01-04,
SAU_GHAZLAN,2025-01-05,
SAU_GHAZLAN,2025-01-06,
SAU_GHAZLAN,2025-01-09,
SAU_GHAZLAN,2025-01-10,
SAU_GHAZLAN,2025-01-11,
SAU_GHAZLAN,2025-01-14,1.1224711922040655
SAU_GHAZLAN,2025-01-15,1.1329750547699622
SAU_GHAZLAN,2025-01-18,1.097756587009074
SAU_GHAZLAN,2025-01-19,1.1182542944554763
SAU_GHAZLAN,2025-01-20,1.1746441472034759
SAU_GHAZLAN,2025-01-21,1.228148943098331
SAU_GHAZLAN,2025-01-22,1.1904422029566664
SAU_GHAZLAN,2025-01-23,1.1935622819439626
SAU_GHAZLAN,2025-01-24,1.159143331274802
SAU_GHAZLAN,2025-01-25,1.1475160821235006
SAU_GHAZLAN,2025-01-28,1.0997212517180515
SAU_GHAZLAN,2025-01-29,1.0698350291242325
SAU_GHAZLAN,2025-01-31,1.016080555632248
SAU_GHAZLAN,2025-02-01,1.051999631029003
SAU_GHAZLAN,2025-02-02,1.0837816963293267
SAU_GHAZLAN,2025-02-03,1.0442028056606436
SAU_GHAZLAN,2025-02-05,0.9918237993999387
SAU_GHAZLAN,2025-02-08,0.9594499890369615
SAU_GHAZLAN,2025-02-09,0.9060803134943056
SAU_GHAZLAN,2025-02-10,0.8807948661841813
SAU_GHAZLAN,2025-02-11,0.8540954156845659
SAU_GHAZLAN,2025-02-12,0.8539339713610402
SAU_GHAZLAN,2025-02-19,0.7554775102571771
SAU_GHAZLAN,2025-02-20,0.6603890767446835
SAU_GHAZLAN,2025-02-21,0.622342490235519
SAU_GHAZLAN,2025-02-22,0.5849343929740668
SAU_GHAZLAN,2025-03-01,0.6031961824274447
SAU_GHAZLAN,2025-03-03,0.5407617181652803
SAU_GHAZLAN,2025-03-15,
SAU_GHAZLAN,2025-03-17,0.5274352001954177
SAU_GHAZLAN,2025-03-18,0.5004175189070169
SAU_GHAZLAN,2025-03-19,0.6659695027415863
SAU_GHAZLAN,2025-03-22,0.7299762563627442
SAU_GHAZLAN,2025-03-27,1.008614030137828
SAU_GHAZLAN,2025-03-28,1.0120240597633194
SAU_GHAZLAN,2025-03-29,0.9596118396510447
SAU_GHAZLAN,2025-03-30,0.9469734083765649
SAU_GHAZLAN,2025-04-01,0.9058143058746893
SAU_GHAZLAN,2025-04-02,0.9546822286947463
SAU_GHAZLAN,2025-04-03,0.9052593034922612
SAU_GHAZLAN,2025-04-08,0.8550448591583897
SAU_GHAZLAN,2025-04-10,0.8097128477465648
SAU_GHAZLAN,2025-04-11,0.7783633510285707
SAU_GHAZLAN,2025-04-12,0.7739353265146748
SAU_GHAZLAN,2025-04-14,0.7784316661183756
SAU_GHAZLAN,2025-04-18,0.6214665040651584
SAU_GHAZLAN,2025-04-19,0.6040909775029806
SAU_GHAZLAN,2025-04-23,0.6385653587533653
SAU_GHAZLAN,2025-04-24,0.6458453330683445
SAU_GHAZLAN,2025-04-25,0.7072987312633038
SAU_GHAZLAN,2025-04-26,0.7553763536488961
SAU_GHAZLAN,2025-04-27,0.8096148033905858
SAU_GHAZLAN,2025-04-28,0.8355519175422303
SAU_GHAZLAN,2025-04-29,0.8292293566965074
SAU_GHAZLAN,2025-05-01,0.8306928789862613
SAU_GHAZLAN,2025-05-02,0.814848782922663
SAU_GHAZLAN,2025-05-05,0.821492576016295
SAU_GHAZLAN,2025-05-10,0.8855728983613536
SAU_GHAZLAN,2025-05-11,0.9863420930769972
SAU_GHAZLAN,2025-05-12,1.0522160475456932
SAU_GHAZLAN,2025-05-13,1.0491190706264835
SAU_GHAZLAN,2025-05-15,1.0810538877574636
SAU_GHAZLAN,2025-05-20,1.1666686332653367
SAU_GHAZLAN,2025-05-23,1.1263875689365133
SAU_GHAZLAN,2025-05-24,1.2387008690455592
SAU_GHAZLAN,2025-05-25,1.1810828203803168
SAU_GHAZLAN,2025-05-26,1.0211785898390646
SAU_GHAZLAN,2025-05-27,0.9721693292610954
SAU_GHAZLAN,2025-05-28,1.0631470457012602
SAU_GHAZLAN,2025-05-29,1.1745839695344484
SAU_GHAZLAN,2025-06-05,1.2644917813068195
SAU_GHAZLAN,2025-06-06,1.2174400367410987
SAU_GHAZLAN,2025-06-07,1.2061111320534017
SAU_GHAZLAN,2025-06-08,1.235047392793684
SAU_GHAZLAN,2025-06-09,1.2784751439431699
SAU_GHAZLAN,2025-06-11,1.1489127709587446
SAU_GHAZLAN,2025-06-12,1.157715143125048
SAU_GHAZLAN,2025-06-13,1.1830409633365613
SAU_GHAZLAN,2025-06-14,1.250731242539292
SAU_GHAZLAN,2025-06-16,1.2095711968149745
SAU_GHAZLAN,2025-06-22,1.2490985350563104
SAU_GHAZLAN,2025-06-28,1.0118238481448074
SAU_GHAZLAN,2025-06-29,1.1199195417910242
SAU_GHAZLAN,2025-06-30,1.2077003684949315
SAU_GHAZLAN,2025-07-09,1.2687956235367017
SAU_GHAZLAN,2025-07-10,1.295483806456652
SAU_GHAZLAN,2025-07-11,1.4724624026791828
SAU_GHAZLAN,2025-07-12,1.5120664511328898
SAU_GHAZLAN,2025-07-13,1.5680413391067665
SAU_GHAZLAN,2025-07-14,1.52702336748166
SAU_GHAZLAN,2025-07-15,1.5167806544072855
SAU_GHAZLAN,2025-07-16,1.6709922474567518
SAU_GHAZLAN,2025-07-17,1.638495032969358
SAU_GHAZLAN,2025-07-25,1.6337313360117538
SAU_GHAZLAN,2025-07-26,1.6768372079680458
SAU_GHAZLAN,2025-07-27,1.6881749085557738
SAU_GHAZLAN,2025-07-28,1.7061555152796957
SAU_GHAZLAN,2025-07-29,1.587975968066744
SAU_GHAZLAN,2025-08-02,1.4597544022664748
SAU_GHAZLAN,2025-08-03,1.3908626820733918
SAU_GHAZLAN,2025-08-04,1.3309613260551116
SAU_GHAZLAN,2025-08-05,1.307530892172352
SAU_GHAZLAN,2025-08-06,1.2988581767092602
SAU_GHAZLAN,2025-08-07,1.3108924003623341
SAU_GHAZLAN,2025-08-08,1.3034493207633564
SAU_GHAZLAN,2025-08-09,1.2661699405898275
SAU_GHAZLAN,2025-08-10,1.1966600299306323
SAU_GHAZLAN,2025-08-11,1.1865271000515965
SAU_GHAZLAN,2025-08-12,1.1004237735846807
SAU_GHAZLAN,2025-08-15,0.9784847050654507
SAU_GHAZLAN,2025-08-16,0.9435102201498312
SAU_GHAZLAN,2025-08-17,0.9593993141572682
SAU_GHAZLAN,2025-08-18,0.9419667992064037
SAU_GHAZLAN,2025-08-19,0.9250714789081765
SAU_GHAZLAN,2025-08-21,0.9161349413140137
SAU_GHAZLAN,2025-08-22,0.905863469522593
SAU_GHAZLAN,2025-08-23,0.9523633859604503
SAU_GHAZLAN,2025-08-24,1.0175240800469267
SAU_GHAZLAN,2025-08-25,0.9865198674141505
SAU_GHAZLAN,2025-08-26,0.9420460684657083
SAU_GHAZLAN,2025-08-27,0.9420597529425568
SAU_GHAZLAN,2025-08-28,0.9689657948971911
SAU_GHAZLAN,2025-08-29,0.9750907496777722
SAU_GHAZLAN,2025-08-31,0.9822199187479874
SAU_GHAZLAN,2025-09-02,1.0352038407821305
SAU_GHAZLAN,2025-09-03,1.1247360295771736
SAU_GHAZLAN,2025-09-04,1.1191433001893305
SAU_GHAZLAN,2025-09-05,1.0888038978606973
SAU_GHAZLAN,2025-09-06,1.0689071025844121
SAU_GHAZLAN,2025-09-07,1.0875597105021413
SAU_GHAZLAN,2025-09-08,1.161465124145696
SAU_GHAZLAN,2025-09-09,1.192765806694132
SAU_GHAZLAN,2025-09-10,1.1561354848611232
SAU_GHAZLAN,2025-09-11,1.1587298718578316
SAU_GHAZLAN,2025-09-12,1.1265464606517102
SAU_GHAZLAN,2025-09-14,1.1307012903181883
SAU_GHAZLAN,2025-09-15,1.1561146816087378
SAU_GHAZLAN,2025-09-16,1.1467482543854588
SAU_GHAZLAN,2025-09-17,1.1444945071898138
SAU_GHAZLAN,2025-09-18,1.2074838711011953
SAU_GHAZLAN,2025-09-19,1.220382343086835
SAU_GHAZLAN,2025-09-20,1.2421911933139598
SAU_GHAZLAN,2025-09-21,1.2298294343195493
SAU_GHAZLAN,2025-09-25,1.1717535916247224
SAU_GHAZLAN,2025-09-26,1.1496224410256752
SAU_GHAZLAN,2025-09-27,1.1371684514907208
SAU_GHAZLAN,2025-09-28,1.1091177758173167
SAU_GHAZLAN,2025-10-01,1.0689675923246025
SAU_GHAZLAN,2025-10-03,0.9747513043113648
SAU_GHAZLAN,2025-10-04,0.9778053948991877
SAU_GHAZLAN,2025-10-05,0.9912279024203187
SAU_GHAZLAN,2025-10-06,0.9789148909909275
SAU_GHAZLAN,2025-10-07,0.9266001469591119
SAU_GHAZLAN,2025-10-08,0.8274587389870655
SAU_GHAZLAN,2025-10-09,0.7841328827533169
SAU_GHAZLAN,2025-10-10,0.8102549309644994
SAU_GHAZLAN,2025-10-12,0.8286967073491129
SAU_GHAZLAN,2025-10-13,0.8145559747296625
SAU_GHAZLAN,2025-10-14,0.7831090890559523
SAU_GHAZLAN,2025-10-16,0.7305855710685344
SAU_GHAZLAN,2025-10-17,0.7396782887493056
SAU_GHAZLAN,2025-10-18,0.7905680466595651
SAU_GHAZLAN,2025-10-19,0.7754216489362459
SAU_GHAZLAN,2025-10-20,0.7868624926325606
SAU_GHAZLAN,2025-10-21,0.7904348492411001
SAU_GHAZLAN,2025-10-22,0.7932467835577005
SAU_GHAZLAN,2025-10-23,0.817474127230343
SAU_GHAZLAN,2025-10-24,0.8328680936455842
SAU_GHAZLAN,2025-10-25,0.8769528721931786
SAU_GHAZLAN,2025-10-26,0.9113921918686225
SAU_GHAZLAN,2025-10-27,0.8807800523060217
SAU_GHAZLAN,2025-10-29,0.8943305116421361
SAU_GHAZLAN,2025-10-30,0.96571894192708
SAU_GHAZLAN,2025-10-31,0.9872255009371721
SAU_GHAZLAN,2025-11-01,1.0061565900962006
SAU_GHAZLAN,2025-11-02,1.0078036313132097
SAU_GHAZLAN,2025-11-03,1.0158948404501567
SAU_GHAZLAN,2025-11-04,1.0116885027411824
SAU_GHAZLAN,2025-11-05,1.0866479224087724
SAU_GHAZLAN,2025-11-06,1.2316449605282132
SAU_GHAZLAN,2025-11-09,1.2433314097264507
SAU_GHAZLAN,2025-11-10,1.239480411417694
SAU_GHAZLAN,2025-11-17,1.2974670692678594
SAU_GHAZLAN,2025-11-22,1.3901895356207727
SAU_GHAZLAN,2025-11-23,1.4037282556486133
SAU_GHAZLAN,2025-11-24,1.3142963427912633
SAU_GHAZLAN,2025-11-25,1.2821671915669721
SAU_GHAZLAN,2025-11-26,1.3340621381829934
SAU_GHAZLAN,2025-11-27,1.3156555063927842
SAU_GHAZLAN,2025-11-28,1.3994954515274032
SAU_GHAZLAN,2025-11-29,1.3403877800226554
SAU_GHAZLAN,2025-11-30,1.4067617465396838
SAU_GHAZLAN,2025-12-03,1.515135730588169
SAU_GHAZLAN,2025-12-05,1.4055817124656267
SAU_GHAZLAN,2025-12-06,1.1787146302935245
SAU_GHAZLAN,2025-12-14,1.2213404463812625
SAU_GHAZLAN,2025-12-17,1.18929035299665
SAU_GHAZLAN,2025-12-21,1.105326218005922
SAU_GHAZLAN,2025-12-22,1.0679434849242666
SAU_GHAZLAN,2025-12-24,0.9820568377669054
SAU_GHAZLAN,2025-12-27,0.9450773586711078
SAU_GHAZLAN,2025-12-29,0.7265628588221463
SAU_GHAZLAN,2025-12-31,0.6065513003419228
SAU_GHAZLAN,2026-01-01,0.4969725576482204
SAU_GHAZLAN,2026-01-02,0.44970909223834293
SAU_GHAZLAN,2026-01-06,0.5284241583959355
SAU_GHAZLAN,2026-01-07,0.6015270454445748
SAU_GHAZLAN,2026-01-08,0.6276439483479417
SAU_GHAZLAN,2026-01-10,0.6094578882051277
SAU_GHAZLAN,2026-01-11,0.588973570714299
SAU_GHAZLAN,2026-01-12,0.6339012458538151
SAU_GHAZLAN,2026-01-17,0.6506559624905051
SAU_GHAZLAN,2026-01-19,0.6632954376317055
SAU_GHAZLAN,2026-01-20,0.6968090333879484
SAU_GHAZLAN,2026-01-22,0.6442447877839355
SAU_GHAZLAN,2026-01-24,0.6760580760949623
SAU_GHAZLAN,2026-01-26,0.6541207480271896
SAU_GHAZLAN,2026-01-30,0.7735204293934133
SAU_GHAZLAN,2026-01-31,0.86984887988455
SAU_GHAZLAN,2026-02-03,0.8092440453235757
SAU_GHAZLAN,2026-02-05,0.7511124654363026
SAU_GHAZLAN,2026-02-08,0.6630414279933642
SAU_GHAZLAN,2026-02-13,0.661011267897858
SAU_GHAZLAN,2026-02-14,0.6474641331397244
SAU_GHAZLAN,2026-02-17,0.6718136061913196
SAU_GHAZLAN,2026-02-18,0.6840291544226422
SAU_GHAZLAN,2026-02-19,0.7013444720868708
SAU_GHAZLAN,2026-02-20,0.7097797278073374
SAU_GHAZLAN,2026-02-21,0.7417920196411977
SAU_GHAZLAN,2026-02-22,0.7417844832828594
SAU_GHAZLAN,2026-02-23,0.7328955247989933
SAU_GHAZLAN,2026-02-24,0.7458390300524328
SAU_GHAZLAN,2026-02-26,0.7925509352719063
SAU_GHAZLAN,2026-03-05,0.6922985045346337
SAU_GHAZLAN,2026-03-06,0.660926998763624
SAU_GHAZLAN,2026-03-07,0.7089814702026832
SAU_GHAZLAN,2026-03-11,0.7056679552897506
SAU_GHAZLAN,2026-03-14,0.6804926278853363
SAU_GHAZLAN,2026-03-15,0.6665358368394637
SAU_GHAZLAN,2026-03-21,0.6111799895271228
SAU_GHAZLAN,2026-03-22,0.5712180027995507
SAU_GHAZLAN,2026-03-27,0.48650336865957156
SAU_GHAZLAN,2026-03-28,0.48458732039361285
SAU_GHAZLAN,2026-03-31,0.4907146214485987
SAU_GHAZLAN,2026-04-02,0.5067869023265826
SAU_GHAZLAN,2026-04-06,0.4324393958323437
SAU_GHAZLAN,2026-04-07,0.41842971254888023
SAU_GHAZLAN,2026-04-08,0.47044914969602036
SAU_GHAZLAN,2026-04-10,0.4669223167327335
SAU_GHAZLAN,2026-04-13,0.48163825252676346
SAU_GHAZLAN,2026-04-14,0.47291631463004496
SAU_GHAZLAN,2026-04-17,0.4844844306644066
SAU_GHAZLAN,2026-04-18,0.4886790182556428
SAU_GHAZLAN,2026-05-01,0.4670542215610937
SAU_GHAZLAN,2026-05-02,0.43553896990832064
SAU_GHAZLAN,2026-05-03,0.47600152723753675
SAU_GHAZLAN,2026-05-04,0.5160854579631021
SAU_GHAZLAN,2026-05-05,0.5433932541592316
SAU_GHAZLAN,2026-05-10,0.5475531750823753
SAU_GHAZLAN,2026-05-11,0.5188101486887121
SAU_GHAZLAN,2026-05-12,0.5549762806870855
SAU_GHAZLAN,2026-05-14,0.5983344431479548
SAU_GHAZLAN,2026-05-15,0.5852104721397929
SAU_GHAZLAN,2026-05-16,0.6651740081082844
SAU_GHAZLAN,2026-05-18,0.6747651826723291
SAU_GHAZLAN,2026-05-19,0.6682187283465802
SAU_GHAZLAN,2026-05-21,0.6986478925225393
SAU_GHAZLAN,2026-05-27,0.6906025907048121
SAU_GHAZLAN,2026-05-28,0.7154879532569245
SAU_GHAZLAN,2026-06-01,0.7422109740395697
SAU_GHAZLAN,2026-06-02,0.7168457687349286
SAU_GHAZLAN,2026-06-03,0.7172230532115356
SAU_GHAZLAN,2026-06-04,0.6974012558715047
SAU_GHAZLAN,2026-06-08,0.6683059084323855
SAU_GHAZLAN,2026-06-09,0.7254944162973778
SAU_GHAZLAN,2026-06-10,0.7738398850860322
SAU_GHAZLAN,2026-06-11,0.770044957520894
SAU_GHAZLAN,2026-06-13,0.7615563348162161
SAU_GHAZLAN,2026-06-14,0.8007138372232576
SAU_GHAZLAN,2026-06-15,0.7389469215709941
SAU_GHAZLAN,2026-06-18,0.7753008452854286
SAU_GHAZLAN,2026-06-19,0.7986692408839685
SAU_GHAZLAN,2026-06-21,0.7842267756712482
SAU_GHAZLAN,2026-06-23,0.867292846093941
SAU_GHAZLAN,2026-06-24,0.8765714555874637
SAU_GHAZLAN,2026-06-25,0.8510081249906317
SAU_GHAZLAN,2026-06-26,0.8701632468300146
SAU_GHAZLAN,2026-06-27,0.9045553416646596
SAU_GHAZLAN,2026-06-28,0.8980270533734294
SAU_GHAZLAN,2026-07-03,1.0097353298246015
SAU_GHAZLAN,2026-07-04,1.0709659183221165
SAU_GHAZLAN,2026-07-05,1.0534584855968492
SAU_GHAZLAN,2026-07-06,1.0423154137037802
SAU_GHAZLAN,2026-07-16,1.1311218973355783
SAU_GHAZLAN,2026-07-17,1.105120065770093
SAU_GHAZLAN,2026-07-18,1.1432543688379444
SAU_GHAZLAN,2026-07-19,1.13797741658185
SAU_GHAZLAN,2026-07-22,1.1378304595290507
SAU_GHAZLAN,2026-07-23,1.0725325751722858
SAU_GHAZLAN,2026-07-24,1.07799571513834
SAU_GHAZLAN,2026-07-25,1.1241176456416018
SAU_GHAZLAN,2026-07-26,1.0897100166983007
SAU_GHAZLAN,2026-07-29,1.0463675540813937
SAU_GHAZLAN,2026-07-30,1.147933100277982
SAU_GHAZLAN,2026-07-31,1.1532980752066044
SAU_GHAZLAN,2026-08-01,1.1467499708151554
SAU_GHAZLAN,2026-08-03,1.1295921195782435
SAU_GHAZLAN,2026-08-04,1.234702018294953
SAU_GHAZLAN,2026-08-05,1.196212084971106
SAU_GHAZLAN,2026-08-06,1.1938970866263525
SAU_GHAZLAN,2026-08-07,1.1539183481546413
SAU_GHAZLAN,2026-08-08,1.1763660525560777
SAU_GHAZLAN,2026-08-10,1.1836316207589135
SAU_GHAZLAN,2026-08-11,1.189877931944115
SAU_GHAZLAN,2026-08-12,1.1713368752717788
SAU_GHAZLAN,2026-08-13,1.186642269632329
SAU_GHAZLAN,2026-08-14,1.1948911672933664
SAU_GHAZLAN,2026-08-15,1.2557279981581826
SAU_GHAZLAN,2026-08-16,1.2521790147468814
SAU_GHAZLAN,2026-08-17,1.199248396755619
SAU_GHAZLAN,2026-08-18,1.1789500582244212
SAU_GHAZLAN,2026-08-21,1.1709158231714951
SAU_GHAZLAN,2026-08-22,1.1813548274104586
SAU_GHAZLAN,2026-08-23,1.1624808130328397
SAU_GHAZLAN,2026-08-24,1.1420806710125035
SAU_GHAZLAN,2026-08-25,1.229612396090122
SAU_GHAZLAN,2026-08-26,1.219463459322484
SAU_GHAZLAN,2026-08-27,1.1673648033784583
SAU_GHAZLAN,2026-08-28,1.1423439835069846
SAU_GHAZLAN,2026-08-29,1.1010594933424402
SAU_GHAZLAN,2026-08-30,1.1284138882608985
SAU_GHAZLAN,2026-09-03,1.0423662796615882
SAU_GHAZLAN,2026-09-04,1.097426198884606
SAU_GHAZLAN,2026-09-05,1.083789993565852
SAU_GHAZLAN,2026-09-06,1.1077242741754236
SAU_GHAZLAN,2026-09-07,1.1208196130229207
SAU_GHAZLAN,2026-09-09,1.0870422733199232
SAU_GHAZLAN,2026-09-10,1.0660697828502814
SAU_JAZAN,2025-01-03,
SAU_JAZAN,2025-01-05,
SAU_JAZAN,2025-01-06,
SAU_JAZAN,2025-01-07,
SAU_JAZAN,2025-01-08,
SAU_JAZAN,2025-01-09,
SAU_JAZAN,2025-01-11,
SAU_JAZAN,2025-01-13,0.546631378534224
SAU_JAZAN,2025-01-14,0.5403257441075908
SAU_JAZAN,2025-01-16,0.530693182802856
SAU_JAZAN,2025-01-18,0.5542292337349708
SAU_JAZAN,2025-01-19,0.5757127479012706
SAU_JAZAN,2025-01-21,0.542933760582786
SAU_JAZAN,2025-01-22,0.5375546701423052
SAU_JAZAN,2025-01-30,0.5859833046533076
SAU_JAZAN,2025-02-03,0.5974287819347015
SAU_JAZAN,2025-02-04,0.6023892646121943
SAU_JAZAN,2025-02-06,0.6164801885743699
SAU_JAZAN,2025-02-07,0.5875581632522785
SAU_JAZAN,2025-02-08,0.5780737866060733
SAU_JAZAN,2025-02-09,0.605726149171028
SAU_JAZAN,2025-02-10,0.6526700949981592
SAU_JAZAN,2025-02-11,0.6523030396376459
SAU_JAZAN,2025-02-13,0.6668697137448107
SAU_JAZAN,2025-02-14,0.6403605555854675
SAU_JAZAN,2025-02-15,0.652663450740443
SAU_JAZAN,2025-02-19,0.6240356459237517
SAU_JAZAN,2025-02-21,0.6817915598127524
SAU_JAZAN,2025-02-22,0.6691932245839978
SAU_JAZAN,2025-02-23,0.6651994045456059
SAU_JAZAN,2025-02-24,0.6676874644502149
SAU_JAZAN,2025-02-25,0.6847498054925931
SAU_JAZAN,2025-02-26,0.6929912993044877
SAU_JAZAN,2025-02-27,0.7405793128886649
SAU_JAZAN,2025-02-28,0.72334917729278
SAU_JAZAN,2025-03-02,0.6959748254402003
SAU_JAZAN,2025-03-05,0.6681472699391046
SAU_JAZAN,2025-03-06,0.6631546315298864
SAU_JAZAN,2025-03-07,0.6436088793268091
SAU_JAZAN,2025-03-13,0.6716046415851199
SAU_JAZAN,2025-03-14,0.6795025001295429
SAU_JAZAN,2025-03-15,0.6933233540673169
SAU_JAZAN,2025-03-17,0.7166063881220763
SAU_JAZAN,2025-03-18,0.7111214043884789
SAU_JAZAN,2025-03-19,0.7187779619219586
SAU_JAZAN,2025-03-20,0.7233525310204325
SAU_JAZAN,2025-03-21,0.6987472161531484
SAU_JAZAN,2025-03-25,0.7091128946467873
SAU_JAZAN,2025-03-26,0.6914501811949082
SAU_JAZAN,2025-03-28,0.6683719927674237
SAU_JAZAN,2025-03-29,0.6250276056276378
SAU_JAZAN,2025-03-30,0.6467179005946954
SAU_JAZAN,2025-03-31,0.637066606891562
SAU_JAZAN,2025-04-01,0.6388035353725812
SAU_JAZAN,2025-04-02,0.6631478419928083
SAU_JAZAN,2025-04-03,0.7092762789815429
SAU_JAZAN,2025-04-05,0.7533327476674124
SAU_JAZAN,2025-04-06,0.7803620253692684
SAU_JAZAN,2025-04-07,0.7773291048128679
SAU_JAZAN,2025-04-08,0.7776163158651004
SAU_JAZAN,2025-04-09,0.806265579586142
SAU_JAZAN,2025-04-10,0.8397754069960509
SAU_JAZAN,2025-04-11,0.8261956934263287
SAU_JAZAN,2025-04-12,0.7951247432819577
SAU_JAZAN,2025-04-16,0.8022014538650853
SAU_JAZAN,2025-04-17,0.8129595178223141
SAU_JAZAN,2025-04-18,0.8343847269761043
SAU_JAZAN,2025-04-19,0.8851222308745019
SAU_JAZAN,2025-04-21,0.9264429108321224
SAU_JAZAN,2025-04-22,0.9152567665750613
SAU_JAZAN,2025-04-25,0.9572464577800436
SAU_JAZAN,2025-04-26,0.9897567363975943
SAU_JAZAN,2025-04-27,1.0155878359949033
SAU_JAZAN,2025-04-28,1.0021097230570777
SAU_JAZAN,2025-04-29,1.0298568282897953
SAU_JAZAN,2025-05-01,1.1134642837867605
SAU_JAZAN,2025-05-02,1.126444610715706
SAU_JAZAN,2025-05-03,1.07919605476077
SAU_JAZAN,2025-05-07,1.1084346943216974
SAU_JAZAN,2025-05-08,1.088122732915266
SAU_JAZAN,2025-05-09,1.0500265040004573
SAU_JAZAN,2025-05-10,1.0505118764601709
SAU_JAZAN,2025-05-11,1.1327717098507055
SAU_JAZAN,2025-05-12,1.1739351900652761
SAU_JAZAN,2025-05-13,1.205931097194354
SAU_JAZAN,2025-05-14,1.1854514745572342
SAU_JAZAN,2025-05-15,1.1870253865139082
SAU_JAZAN,2025-05-16,1.1960749685913596
SAU_JAZAN,2025-05-17,1.210269959648576
SAU_JAZAN,2025-05-18,1.22074286651109
SAU_JAZAN,2025-05-19,1.1783712267214672
SAU_JAZAN,2025-05-20,1.1689726770356197
SAU_JAZAN,2025-05-21,1.2241553871098056
SAU_JAZAN,2025-05-22,1.2426317598352798
SAU_JAZAN,2025-05-23,1.2130639226292619
SAU_JAZAN,2025-05-24,1.1825234561580673
SAU_JAZAN,2025-05-25,1.1856076533828501
SAU_JAZAN,2025-05-26,1.1560982836512363
SAU_JAZAN,2025-05-27,1.1706215345465085
SAU_JAZAN,2025-05-28,1.2180387431202229
SAU_JAZAN,2025-05-29,1.2056766462646282
SAU_JAZAN,2025-05-30,1.1846837314290803
SAU_JAZAN,2025-05-31,1.1460583669151891
SAU_JAZAN,2025-06-01,1.1291392709081098
SAU_JAZAN,2025-06-02,1.1536156041315226
SAU_JAZAN,2025-06-03,1.1291745847869898
SAU_JAZAN,2025-06-04,1.1032472361763115
SAU_JAZAN,2025-06-05,1.09347337536763
SAU_JAZAN,2025-06-06,1.1102708367052083
SAU_JAZAN,2025-06-07,1.140979574586481
SAU_JAZAN,2025-06-08,1.151352571873692
SAU_JAZAN,2025-06-09,1.1385148439177095
SAU_JAZAN,2025-06-10,1.1051665239172945
SAU_JAZAN,2025-06-11,1.1302070433220635
SAU_JAZAN,2025-06-12,1.1509851295977325
SAU_JAZAN,2025-06-13,1.175906380955726
SAU_JAZAN,2025-06-14,1.1782491405193956
SAU_JAZAN,2025-06-15,1.1756486583006636
SAU_JAZAN,2025-06-16,1.1706779168158739
SAU_JAZAN,2025-06-17,1.148273237825357
SAU_JAZAN,2025-06-18,1.1355192850820415
SAU_JAZAN,2025-06-19,1.1186001962193532
SAU_JAZAN,2025-06-20,1.0505431935659748
SAU_JAZAN,2025-06-21,1.0275735320665977
SAU_JAZAN,2025-06-22,1.0306620288390362
SAU_JAZAN,2025-06-23,1.045564639248069
SAU_JAZAN,2025-06-26,1.0172903514480531
SAU_JAZAN,2025-06-27,0.983315032975774
SAU_JAZAN,2025-06-28,1.006191095806266
SAU_JAZAN,2025-07-06,1.0540985127147715
SAU_JAZAN,2025-07-08,1.0745946806477729
SAU_JAZAN,2025-07-13,0.9269561212105137
SAU_JAZAN,2025-07-15,0.8943356101105226
SAU_JAZAN,2025-07-18,0.9550065769242742
SAU_JAZAN,2025-07-23,1.1379559835882473
SAU_JAZAN,2025-07-24,1.115792215873535
SAU_JAZAN,2025-07-25,1.1517088426660704
SAU_JAZAN,2025-07-26,1.181953389693935
SAU_JAZAN,2025-07-29,1.1664001614383415
SAU_JAZAN,2025-07-30,1.1781455439534128
SAU_JAZAN,2025-08-02,1.1256707401994361
SAU_JAZAN,2025-08-08,1.0898626405195049
SAU_JAZAN,2025-08-11,1.0507679033323463
SAU_JAZAN,2025-08-25,
SAU_JAZAN,2025-09-03,
SAU_JAZAN,2025-09-05,
SAU_JAZAN,2025-09-06,
SAU_JAZAN,2025-09-07,
SAU_JAZAN,2025-09-08,
SAU_JAZAN,2025-09-09,0.8743093274641338
SAU_JAZAN,2025-09-12,0.8790952904313829
SAU_JAZAN,2025-09-14,0.9276640554493459
SAU_JAZAN,2025-09-15,1.0091538298978417
SAU_JAZAN,2025-09-16,1.0518215290285577
SAU_JAZAN,2025-09-18,1.07556518063776
SAU_JAZAN,2025-09-23,1.0315138237002501
SAU_JAZAN,2025-09-25,1.0137988638592847
SAU_JAZAN,2025-09-28,1.019243534974196
SAU_JAZAN,2025-09-29,0.9897607413791895
SAU_JAZAN,2025-09-30,0.9974731294006077
SAU_JAZAN,2025-10-01,1.0334036442530257
SAU_JAZAN,2025-10-02,1.0779204084285612
SAU_JAZAN,2025-10-03,1.157372094932071
SAU_JAZAN,2025-10-04,1.1438428943810923
SAU_JAZAN,2025-10-05,1.1572017368569718
SAU_JAZAN,2025-10-06,1.1220855321226582
SAU_JAZAN,2025-10-07,1.1959303771053496
SAU_JAZAN,2025-10-08,1.3114316668037744
SAU_JAZAN,2025-10-09,1.3675246591286259
SAU_JAZAN,2025-10-10,1.3448050102707076
SAU_JAZAN,2025-10-11,1.332252519929905
SAU_JAZAN,2025-10-12,1.3748800838456035
SAU_JAZAN,2025-10-13,1.3782506368184888
SAU_JAZAN,2025-10-14,1.3915144549495935
SAU_JAZAN,2025-10-15,1.3939531519799768
SAU_JAZAN,2025-10-16,1.3721043993627686
SAU_JAZAN,2025-10-17,1.3999138260841693
SAU_JAZAN,2025-10-19,1.3929395458148408
SAU_JAZAN,2025-10-20,1.4118090913171162
SAU_JAZAN,2025-10-21,1.4118447853375842
SAU_JAZAN,2025-10-22,1.428803947543411
SAU_JAZAN,2025-10-23,1.435338943297038
SAU_JAZAN,2025-10-24,1.423353672432123
SAU_JAZAN,2025-10-25,1.471210744546662
SAU_JAZAN,2025-10-26,1.477059239765851
SAU_JAZAN,2025-10-27,1.52281779188557
SAU_JAZAN,2025-10-28,1.5313656049205102
SAU_JAZAN,2025-10-29,1.5974024764158783
SAU_JAZAN,2025-10-30,1.609721270865328
SAU_JAZAN,2025-10-31,1.5984494896137462
SAU_JAZAN,2025-11-01,1.5796022433489274
SAU_JAZAN,2025-11-02,1.5793301014700036
SAU_JAZAN,2025-11-03,1.592626067199637
SAU_JAZAN,2025-11-04,1.59881823332874
SAU_JAZAN,2025-11-05,1.6054130848876746
SAU_JAZAN,2025-11-06,1.590520062430182
SAU_JAZAN,2025-11-07,1.5377278872426696
SAU_JAZAN,2025-11-08,1.493285237742862
SAU_JAZAN,2025-11-09,1.4877121784683047
SAU_JAZAN,2025-11-10,1.4915868004041735
SAU_JAZAN,2025-11-11,1.464893218285046
SAU_JAZAN,2025-11-12,1.4497335993362082
SAU_JAZAN,2025-11-13,1.442143505074265
SAU_JAZAN,2025-11-14,1.403179290737537
SAU_JAZAN,2025-11-15,1.3908104564620558
SAU_JAZAN,2025-11-17,1.3414809140118826
SAU_JAZAN,2025-11-18,1.3262186378028842
SAU_JAZAN,2025-11-19,1.3205948516503319
SAU_JAZAN,2025-11-20,1.3103640864338022
SAU_JAZAN,2025-11-22,1.2890601448052765
SAU_JAZAN,2025-11-23,1.2796998907093136
SAU_JAZAN,2025-11-24,1.2700151141481981
SAU_JAZAN,2025-11-25,1.2464434943046019
SAU_JAZAN,2025-11-26,1.174268518480123
SAU_JAZAN,2025-11-27,1.1638950355580984
SAU_JAZAN,2025-11-28,1.1297273504366436
SAU_JAZAN,2025-11-29,1.1119123573385974
SAU_JAZAN,2025-11-30,1.098987388534985
SAU_JAZAN,2025-12-01,1.0843446799759493
SAU_JAZAN,2025-12-02,1.0430920695276404
SAU_JAZAN,2025-12-03,1.039876030360402
SAU_JAZAN,2025-12-04,1.035096888239462
SAU_JAZAN,2025-12-05,1.004295733741292
SAU_JAZAN,2025-12-06,0.9814841789958686
SAU_JAZAN,2025-12-07,0.9669738404477203
SAU_JAZAN,2025-12-08,0.9549674556936124
SAU_JAZAN,2025-12-09,0.9616173841557679
SAU_JAZAN,2025-12-10,0.9855113976622311
SAU_JAZAN,2025-12-11,0.981053090944107
SAU_JAZAN,2025-12-19,0.9673476665617368
SAU_JAZAN,2025-12-20,0.934112303257995
SAU_JAZAN,2025-12-21,0.9383203069522308
SAU_JAZAN,2025-12-22,0.9488665492823205
SAU_JAZAN,2025-12-25,0.9254797958182293
SAU_JAZAN,2025-12-26,0.9123418088558556
SAU_JAZAN,2025-12-28,0.8807397502781473
SAU_JAZAN,2025-12-30,0.8831200110095373
SAU_JAZAN,2025-12-31,0.942896545938097
SAU_JAZAN,2026-01-01,0.9442939160215489
SAU_JAZAN,2026-01-02,0.9226117800807971
SAU_JAZAN,2026-01-03,0.900485362925487
SAU_JAZAN,2026-01-04,0.895852698635136
SAU_JAZAN,2026-01-06,0.8977018559435062
SAU_JAZAN,2026-01-07,0.8919617620294348
SAU_JAZAN,2026-01-08,0.8655308181760064
SAU_JAZAN,2026-01-10,0.8078421386787213
SAU_JAZAN,2026-01-11,0.7873169885346524
SAU_JAZAN,2026-01-12,0.7694023519632237
SAU_JAZAN,2026-01-15,0.7688073848742562
SAU_JAZAN,2026-01-16,0.7567261178073897
SAU_JAZAN,2026-01-18,0.7776885998403694
SAU_JAZAN,2026-01-22,0.766503212325247
SAU_JAZAN,2026-01-23,0.7434377038915371
SAU_JAZAN,2026-01-24,0.7137571188419679
SAU_JAZAN,2026-01-27,0.6983704568038008
SAU_JAZAN,2026-02-01,0.591418678223389
SAU_JAZAN,2026-02-02,0.5872391218362731
SAU_JAZAN,2026-02-07,0.6153163405563004
SAU_JAZAN,2026-02-08,0.61771185094436
SAU_JAZAN,2026-02-09,0.6424132365191485
SAU_JAZAN,2026-02-10,0.6564712055751402
SAU_JAZAN,2026-02-11,0.6793116540765959
SAU_JAZAN,2026-02-16,0.6914317572064784
SAU_JAZAN,2026-02-17,0.7159315132946295
SAU_JAZAN,2026-02-18,0.7613986661666269
SAU_JAZAN,2026-02-19,0.7532501615487791
SAU_JAZAN,2026-02-20,0.7355792193109691
SAU_JAZAN,2026-02-21,0.7322314646502669
SAU_JAZAN,2026-02-22,0.7571957306050693
SAU_JAZAN,2026-02-23,0.7671093743893841
SAU_JAZAN,2026-03-14,0.7541327508980485
SAU_JAZAN,2026-03-15,0.7221061448735623
SAU_JAZAN,2026-03-16,0.712620040346454
SAU_JAZAN,2026-03-17,0.7126907353101742
SAU_JAZAN,2026-03-18,0.6905829899313036
SAU_JAZAN,2026-03-20,0.541038574623975
SAU_JAZAN,2026-03-21,0.5111991496707632
SAU_JAZAN,2026-03-23,0.5127390230737798
SAU_JAZAN,2026-03-25,0.45468887088250415
SAU_JAZAN,2026-03-29,0.45247912034428434
SAU_JAZAN,2026-03-30,0.49094794448389895
SAU_JAZAN,2026-03-31,0.517890553534222
SAU_JAZAN,2026-04-01,0.5786332124855769
SAU_JAZAN,2026-04-02,0.6602801219406548
SAU_JAZAN,2026-04-03,0.6456424791356098
SAU_JAZAN,2026-04-04,0.6285358583345996
SAU_JAZAN,2026-04-05,0.6199710975138946
SAU_JAZAN,2026-04-07,0.6434807577701772
SAU_JAZAN,2026-04-10,0.6344022788531872
SAU_JAZAN,2026-04-14,0.6593216476384529
SAU_JAZAN,2026-04-15,0.6518326273009545
SAU_JAZAN,2026-04-16,0.6531283371820704
SAU_JAZAN,2026-04-17,0.6680947841925785
SAU_JAZAN,2026-04-18,0.6803897292278869
SAU_JAZAN,2026-04-19,0.7027691877422088
SAU_JAZAN,2026-04-20,0.7190813895605928
SAU_JAZAN,2026-04-21,0.7360101312327553
SAU_JAZAN,2026-04-22,0.7777252961816384
SAU_JAZAN,2026-04-23,0.802264005964787
SAU_JAZAN,2026-04-25,0.8380518368763361
SAU_JAZAN,2026-04-27,0.8552262113463616
SAU_JAZAN,2026-04-28,0.8836641770780775
SAU_JAZAN,2026-04-29,0.896099670841437
SAU_JAZAN,2026-04-30,0.9002111516168886
SAU_JAZAN,2026-05-01,0.8736652856031718
SAU_JAZAN,2026-05-02,0.8427311670195448
SAU_JAZAN,2026-05-03,0.916189680897999
SAU_JAZAN,2026-05-04,0.9873654425161501
SAU_JAZAN,2026-05-05,1.0066453771643173
SAU_JAZAN,2026-05-06,1.0174062667082582
SAU_JAZAN,2026-05-07,1.0249362154550987
SAU_JAZAN,2026-05-08,1.0571660621708778
SAU_JAZAN,2026-05-09,1.079727719597904
SAU_JAZAN,2026-05-10,1.1048645781466597
SAU_JAZAN,2026-05-11,1.1009641697037738
SAU_JAZAN,2026-05-12,1.1042647980824343
SAU_JAZAN,2026-05-13,1.1082895085418252
SAU_JAZAN,2026-05-14,1.157065231370933
SAU_JAZAN,2026-05-15,1.169844041429213
SAU_JAZAN,2026-05-16,1.1692306470084843
SAU_JAZAN,2026-05-17,1.1747956408097624
SAU_JAZAN,2026-05-18,1.16916956834273
SAU_JAZAN,2026-05-19,1.2106958146863402
SAU_JAZAN,2026-05-20,1.2659259182139027
SAU_JAZAN,2026-05-21,1.2814124589336695
SAU_JAZAN,2026-05-22,1.2537809337690577
SAU_JAZAN,2026-05-23,1.2286311499739944
SAU_JAZAN,2026-05-24,1.2144409100866953
SAU_JAZAN,2026-05-25,1.2310378002012423
SAU_JAZAN,2026-05-26,1.227647606878707
SAU_JAZAN,2026-05-27,1.2126514010771303
SAU_JAZAN,2026-05-28,1.21099757469253
SAU_JAZAN,2026-05-29,1.2140803270163203
SAU_JAZAN,2026-05-30,1.2306195805309368
SAU_JAZAN,2026-05-31,1.2467616925957772
SAU_JAZAN,2026-06-02,1.2193125373589329
SAU_JAZAN,2026-06-03,1.1968954448942222
SAU_JAZAN,2026-06-04,1.2049339709905182
SAU_JAZAN,2026-06-05,1.2122052018419196
SAU_JAZAN,2026-06-06,1.1974676677735
SAU_JAZAN,2026-06-07,1.1610347740677276
SAU_JAZAN,2026-06-08,1.158426029556715
SAU_JAZAN,2026-06-09,1.1590385338442726
SAU_JAZAN,2026-06-10,1.1581965486967014
SAU_JAZAN,2026-06-11,1.152264049438365
SAU_JAZAN,2026-06-12,1.1413873173263696
SAU_JAZAN,2026-06-13,1.1081293413557567
SAU_JAZAN,2026-06-14,1.1133705765060207
SAU_JAZAN,2026-06-15,1.1347601969633765
SAU_JAZAN,2026-06-16,1.1415324971842078
SAU_JAZAN,2026-06-17,1.145533381340331
SAU_JAZAN,2026-06-18,1.1075723269463371
SAU_JAZAN,2026-06-19,1.057992521070348
SAU_JAZAN,2026-06-21,1.0667528694569088
SAU_JAZAN,2026-06-23,1.079882896883608
SAU_JAZAN,2026-06-25,1.0662615970759353
SAU_JAZAN,2026-06-26,1.089832567634039
SAU_JAZAN,2026-06-27,1.0930034377922822
SAU_JAZAN,2026-06-28,1.0667062938915692
SAU_JAZAN,2026-06-29,1.0480977294456242
SAU_JAZAN,2026-06-30,1.0445599983655618
SAU_JAZAN,2026-07-01,1.0829450767102229
SAU_JAZAN,2026-07-02,1.084580995381928
SAU_JAZAN,2026-07-03,1.0735467027602912
SAU_JAZAN,2026-07-05,1.065971464300217
SAU_JAZAN,2026-07-06,1.066920751209388
SAU_JAZAN,2026-07-07,1.071165890702961
SAU_JAZAN,2026-07-09,1.0310477052090303
SAU_JAZAN,2026-07-12,1.063288972610923
SAU_JAZAN,2026-07-16,1.0951834179020532
SAU_JAZAN,2026-07-18,1.1230896377557615
SAU_JAZAN,2026-07-20,1.108077590828437
SAU_JAZAN,2026-07-21,1.0764577138383786
SAU_JAZAN,2026-07-23,1.11818499902684
SAU_JAZAN,2026-07-24,1.1104677379436383
SAU_JAZAN,2026-07-27,1.1007293854852305
SAU_JAZAN,2026-07-28,1.154071500728838
SAU_JAZAN,2026-07-29,1.1475009982017845
SAU_JAZAN,2026-07-30,1.1205312878487683
SAU_JAZAN,2026-07-31,1.0239176934387586
SAU_JAZAN,2026-08-03,0.9663580883566218
SAU_JAZAN,2026-08-04,0.9187126746700026
SAU_JAZAN,2026-08-05,0.897224310370633
SAU_JAZAN,2026-08-06,0.8799434701827111
SAU_JAZAN,2026-08-08,0.9216290338839083
SAU_JAZAN,2026-08-10,0.9008712043307318
SAU_JAZAN,2026-08-14,0.8677679340034157
SAU_JAZAN,2026-08-16,0.8169415468607775
SAU_JAZAN,2026-08-18,0.8457931493537358
SAU_JAZAN,2026-08-26,0.7922201774293016
SAU_JAZAN,2026-08-27,0.7522343106949136
SAU_JAZAN,2026-09-03,0.9056221838284522
SAU_JAZAN,2026-09-05,1.0574616611858572
SAU_JAZAN,2026-09-06,1.0407693827425812
SAU_JAZAN,2026-09-08,1.0769162122015603
SAU_JUBAIL,2025-01-02,
SAU_JUBAIL,2025-01-03,
SAU_JUBAIL,2025-01-04,
SAU_JUBAIL,2025-01-05,
SAU_JUBAIL,2025-01-06,
SAU_JUBAIL,2025-01-09,
SAU_JUBAIL,2025-01-10,
SAU_JUBAIL,2025-01-13,1.1514624623655063
SAU_JUBAIL,2025-01-14,1.1084158673883098
SAU_JUBAIL,2025-01-15,1.160205049367344
SAU_JUBAIL,2025-01-18,1.1437332659919552
SAU_JUBAIL,2025-01-19,1.144163580849044
SAU_JUBAIL,2025-01-20,1.1617644039849075
SAU_JUBAIL,2025-01-21,1.2284505900289169
SAU_JUBAIL,2025-01-22,1.1967727301225015
SAU_JUBAIL,2025-01-23,1.1903263104753372
SAU_JUBAIL,2025-01-24,1.1338024356280876
SAU_JUBAIL,2025-01-25,1.1057244332754426
SAU_JUBAIL,2025-01-28,1.0983473595357651
SAU_JUBAIL,2025-01-29,1.0846291718764305
SAU_JUBAIL,2025-01-31,1.0534139314885027
SAU_JUBAIL,2025-02-01,1.1085546912820816
SAU_JUBAIL,2025-02-02,1.146556311758542
SAU_JUBAIL,2025-02-03,1.1315489917893284
SAU_JUBAIL,2025-02-05,1.0851256190575724
SAU_JUBAIL,2025-02-08,1.0692512120364552
SAU_JUBAIL,2025-02-09,1.0102778292407955
SAU_JUBAIL,2025-02-10,1.0186299308447972
SAU_JUBAIL,2025-02-11,0.9935432939652903
SAU_JUBAIL,2025-02-12,1.0182738615687674
SAU_JUBAIL,2025-02-18,0.9565405125438105
SAU_JUBAIL,2025-02-19,0.91016806027435
SAU_JUBAIL,2025-02-20,0.8159756007696078
SAU_JUBAIL,2025-02-21,0.7934317446714226
SAU_JUBAIL,2025-02-22,0.7734612023447066
SAU_JUBAIL,2025-03-01,0.8394399405700064
SAU_JUBAIL,2025-03-03,0.7930149451231965
SAU_JUBAIL,2025-03-09,0.7093745126910759
SAU_JUBAIL,2025-03-13,0.6591349299895215
SAU_JUBAIL,2025-03-15,0.6378981978499461
SAU_JUBAIL,2025-03-18,0.5925535721898935
SAU_JUBAIL,2025-03-19,0.6112886833553818
SAU_JUBAIL,2025-03-22,0.6745543319582938
SAU_JUBAIL,2025-03-26,0.7567169302208736
SAU_JUBAIL,2025-03-27,0.9235721652794249
SAU_JUBAIL,2025-03-28,0.9155422915128323
SAU_JUBAIL,2025-03-29,0.8425719841534597
SAU_JUBAIL,2025-03-30,0.8190626728141981
SAU_JUBAIL,2025-04-01,0.7250485562738813
SAU_JUBAIL,2025-04-02,0.7219718938705377
SAU_JUBAIL,2025-04-03,0.6918039692268749
SAU_JUBAIL,2025-04-09,0.6683247381693722
SAU_JUBAIL,2025-04-10,0.6197898771334862
SAU_JUBAIL,2025-04-11,0.601000657658146
SAU_JUBAIL,2025-04-12,0.6229481861627155
SAU_JUBAIL,2025-04-14,0.5944924260055742
SAU_JUBAIL,2025-04-18,0.6213772777484867
SAU_JUBAIL,2025-04-19,0.619061631740548
SAU_JUBAIL,2025-04-20,0.6331572088138541
SAU_JUBAIL,2025-04-23,0.6581155557903458
SAU_JUBAIL,2025-04-24,0.6735767219826578
SAU_JUBAIL,2025-04-25,0.665200728714688
SAU_JUBAIL,2025-04-26,0.6376826093526611
SAU_JUBAIL,2025-04-27,0.6775317786977229
SAU_JUBAIL,2025-04-28,0.7239970783318355
SAU_JUBAIL,2025-04-29,0.7236464686083025
SAU_JUBAIL,2025-05-01,0.7682074885316691
SAU_JUBAIL,2025-05-02,0.7760453922503238
SAU_JUBAIL,2025-05-05,0.7949645520304505
SAU_JUBAIL,2025-05-10,0.8695521331254944
SAU_JUBAIL,2025-05-11,0.9796901611293495
SAU_JUBAIL,2025-05-12,0.9416788263173052
SAU_JUBAIL,2025-05-13,0.9236135863757872
SAU_JUBAIL,2025-05-14,0.9071403247349311
SAU_JUBAIL,2025-05-15,0.9119657795233994
SAU_JUBAIL,2025-05-18,0.9589733094623429
SAU_JUBAIL,2025-05-20,0.9966343164856395
SAU_JUBAIL,2025-05-23,0.9656289713058119
SAU_JUBAIL,2025-05-24,1.0494425711205577
SAU_JUBAIL,2025-05-25,1.0586861397760676
SAU_JUBAIL,2025-05-26,0.9873490129603444
SAU_JUBAIL,2025-05-27,0.9703489030631393
SAU_JUBAIL,2025-05-28,1.023384079446348
SAU_JUBAIL,2025-05-29,1.1370933968272208
SAU_JUBAIL,2025-06-05,1.1843427542967546
SAU_JUBAIL,2025-06-06,1.1640574715606349
SAU_JUBAIL,2025-06-07,1.152583689942439
SAU_JUBAIL,2025-06-08,1.15735400561292
SAU_JUBAIL,2025-06-09,1.1463565858398688
SAU_JUBAIL,2025-06-10,1.0890031015394506
SAU_JUBAIL,2025-06-11,1.0948645769148215
SAU_JUBAIL,2025-06-12,1.1176807885649367
SAU_JUBAIL,2025-06-13,1.197231113875749
SAU_JUBAIL,2025-06-14,1.2479539179303993
SAU_JUBAIL,2025-06-16,1.242069169276424
SAU_JUBAIL,2025-06-22,1.2604968926509659
SAU_JUBAIL,2025-06-23,1.1888190968115286
SAU_JUBAIL,2025-06-28,1.0787237338703326
SAU_JUBAIL,2025-06-29,1.1469982134945986
SAU_JUBAIL,2025-06-30,1.1751780508156078
SAU_JUBAIL,2025-07-08,1.2176067294898059
SAU_JUBAIL,2025-07-10,1.3125778482088624
SAU_JUBAIL,2025-07-11,1.4376172474660394
SAU_JUBAIL,2025-07-12,1.4167422671866952
SAU_JUBAIL,2025-07-13,1.4298129834887605
SAU_JUBAIL,2025-07-14,1.3816319418083702
SAU_JUBAIL,2025-07-15,1.3524971421464487
SAU_JUBAIL,2025-07-16,1.4190441789142119
SAU_JUBAIL,2025-07-17,1.3986682613559673
SAU_JUBAIL,2025-07-25,1.388044378065385
SAU_JUBAIL,2025-07-26,1.4641315762002385
SAU_JUBAIL,2025-07-27,1.4985678654634351
SAU_JUBAIL,2025-07-28,1.4755822062808155
SAU_JUBAIL,2025-07-29,1.3789714135778357
SAU_JUBAIL,2025-08-01,1.3186127797681384
SAU_JUBAIL,2025-08-02,1.2758550644439188
SAU_JUBAIL,2025-08-03,1.2277470173598186
SAU_JUBAIL,2025-08-04,1.1908544876101843
SAU_JUBAIL,2025-08-05,1.1899713724600578
SAU_JUBAIL,2025-08-06,1.161339687579985
SAU_JUBAIL,2025-08-07,1.171219249580671
SAU_JUBAIL,2025-08-08,1.146477917249966
SAU_JUBAIL,2025-08-09,1.0856516867640291
SAU_JUBAIL,2025-08-10,1.0260280125410088
SAU_JUBAIL,2025-08-12,0.9712399837839385
SAU_JUBAIL,2025-08-15,0.874008381439119
SAU_JUBAIL,2025-08-16,0.8405656213691195
SAU_JUBAIL,2025-08-17,0.8463316335961121
SAU_JUBAIL,2025-08-18,0.8505282226058432
SAU_JUBAIL,2025-08-19,0.8523795943832999
SAU_JUBAIL,2025-08-21,0.8432352777885861
SAU_JUBAIL,2025-08-22,0.828800254527467
SAU_JUBAIL,2025-08-23,0.8274199965259315
SAU_JUBAIL,2025-08-24,0.8871364195420437
SAU_JUBAIL,2025-08-25,0.8451180844932477
SAU_JUBAIL,2025-08-26,0.7903870500793165
SAU_JUBAIL,2025-08-27,0.7942179510092142
SAU_JUBAIL,2025-08-28,0.8054611910754553
SAU_JUBAIL,2025-08-29,0.8125645889524888
SAU_JUBAIL,2025-08-31,0.8324605988273732
SAU_JUBAIL,2025-09-02,0.8488047550025356
SAU_JUBAIL,2025-09-03,0.9246352400405683
SAU_JUBAIL,2025-09-04,0.8930956216406739
SAU_JUBAIL,2025-09-05,0.8829317452053745
SAU_JUBAIL,2025-09-06,0.8725375877871747
SAU_JUBAIL,2025-09-07,0.9136715422425173
SAU_JUBAIL,2025-09-08,0.9706011630535207
SAU_JUBAIL,2025-09-09,0.993362578332957
SAU_JUBAIL,2025-09-10,0.9767155352004757
SAU_JUBAIL,2025-09-11,0.9868140905798286
SAU_JUBAIL,2025-09-12,0.9647847900350808
SAU_JUBAIL,2025-09-14,0.9701082912640924
SAU_JUBAIL,2025-09-15,0.9897284502238628
SAU_JUBAIL,2025-09-16,0.99812036607532
SAU_JUBAIL,2025-09-17,0.991391524414992
SAU_JUBAIL,2025-09-18,1.0687651767542947
SAU_JUBAIL,2025-09-19,1.0677778934924997
SAU_JUBAIL,2025-09-20,1.0941356807163527
SAU_JUBAIL,2025-09-21,1.090743977478998
SAU_JUBAIL,2025-09-25,1.0893235738301963
SAU_JUBAIL,2025-09-26,1.075020194620936
SAU_JUBAIL,2025-09-27,1.0713415503407213
SAU_JUBAIL,2025-09-28,1.0554319061939443
SAU_JUBAIL,2025-10-01,1.0280727216557832
SAU_JUBAIL,2025-10-03,0.9808969956916541
SAU_JUBAIL,2025-10-04,1.008949703924388
SAU_JUBAIL,2025-10-05,1.020171451411741
SAU_JUBAIL,2025-10-06,1.0087971219889074
SAU_JUBAIL,2025-10-07,0.9365381426893381
SAU_JUBAIL,2025-10-08,0.8581627978576591
SAU_JUBAIL,2025-10-09,0.8217598446574156
SAU_JUBAIL,2025-10-10,0.8446957595210811
SAU_JUBAIL,2025-10-12,0.8678128582812807
SAU_JUBAIL,2025-10-13,0.8469422888516587
SAU_JUBAIL,2025-10-14,0.8295175570944803
SAU_JUBAIL,2025-10-15,0.8274440050581809
SAU_JUBAIL,2025-10-16,0.7968648296481853
SAU_JUBAIL,2025-10-17,0.8045028328583953
SAU_JUBAIL,2025-10-18,0.7796699535197114
SAU_JUBAIL,2025-10-19,0.8042156911857752
SAU_JUBAIL,2025-10-20,0.8000892227904705
SAU_JUBAIL,2025-10-21,0.8155439769263267
SAU_JUBAIL,2025-10-22,0.8460126741401068
SAU_JUBAIL,2025-10-23,0.8799738739755876
SAU_JUBAIL,2025-10-24,0.9057210917536712
SAU_JUBAIL,2025-10-25,0.9266749582336209
SAU_JUBAIL,2025-10-26,1.00702802954978
SAU_JUBAIL,2025-10-27,0.9978505680442662
SAU_JUBAIL,2025-10-29,1.0290877618443055
SAU_JUBAIL,2025-10-30,1.0712248299737976
SAU_JUBAIL,2025-10-31,1.0817196250797156
SAU_JUBAIL,2025-11-01,1.0936277895490918
SAU_JUBAIL,2025-11-02,1.1031197563322335
SAU_JUBAIL,2025-11-03,1.1073405197959028
SAU_JUBAIL,2025-11-04,1.1277508380254448
SAU_JUBAIL,2025-11-05,1.208781886214618
SAU_JUBAIL,2025-11-06,1.28390020143179
SAU_JUBAIL,2025-11-09,1.3162542079006911
SAU_JUBAIL,2025-11-10,1.3153440374086325
SAU_JUBAIL,2025-11-17,1.4395331650865477
SAU_JUBAIL,2025-11-22,1.5011650710579618
SAU_JUBAIL,2025-11-23,1.5037684355206509
SAU_JUBAIL,2025-11-24,1.449806030937795
SAU_JUBAIL,2025-11-25,1.3863241032104436
SAU_JUBAIL,2025-11-26,1.472378689105416
SAU_JUBAIL,2025-11-27,1.4450533244917774
SAU_JUBAIL,2025-11-28,1.433217241335003
SAU_JUBAIL,2025-11-29,1.4079839398553315
SAU_JUBAIL,2025-11-30,1.461993831276252
SAU_JUBAIL,2025-12-03,1.5050686949084375
SAU_JUBAIL,2025-12-05,1.3692651617314366
SAU_JUBAIL,2025-12-06,1.3000920723812834
SAU_JUBAIL,2025-12-07,1.277764112046743
SAU_JUBAIL,2025-12-14,1.340667319040959
SAU_JUBAIL,2025-12-17,1.3032951600477083
SAU_JUBAIL,2025-12-21,1.2449531517144308
SAU_JUBAIL,2025-12-22,1.179665872894389
SAU_JUBAIL,2025-12-27,0.9764872295247016
SAU_JUBAIL,2025-12-29,0.9074718855893219
SAU_JUBAIL,2025-12-30,0.8248701003763557
SAU_JUBAIL,2025-12-31,0.8241684540884985
SAU_JUBAIL,2026-01-01,0.7309409862338957
SAU_JUBAIL,2026-01-03,0.7671188883421476
SAU_JUBAIL,2026-01-05,0.7373573739198432
SAU_JUBAIL,2026-01-06,0.7698538108320769
SAU_JUBAIL,2026-01-07,0.8770388464858251
SAU_JUBAIL,2026-01-08,0.949328347200753
SAU_JUBAIL,2026-01-10,0.9177724024685924
SAU_JUBAIL,2026-01-11,0.8930682101178318
SAU_JUBAIL,2026-01-12,0.9105976091495488
SAU_JUBAIL,2026-01-17,0.9411150961512835
SAU_JUBAIL,2026-01-19,0.9256725153730452
SAU_JUBAIL,2026-01-20,0.9624453507534243
SAU_JUBAIL,2026-01-22,0.9259396497314158
SAU_JUBAIL,2026-01-24,0.9221305850393607
SAU_JUBAIL,2026-01-26,0.9313637863562598
SAU_JUBAIL,2026-01-30,0.9704518083502887
SAU_JUBAIL,2026-01-31,1.0215700276525768
SAU_JUBAIL,2026-02-01,0.9919878919233371
SAU_JUBAIL,2026-02-03,0.8990490987436256
SAU_JUBAIL,2026-02-05,0.8747268513975479
SAU_JUBAIL,2026-02-08,0.6888318542436632
SAU_JUBAIL,2026-02-13,0.6657500311857828
SAU_JUBAIL,2026-02-14,0.6547846097210807
SAU_JUBAIL,2026-02-17,0.6945344582889099
SAU_JUBAIL,2026-02-18,0.6816955913584579
SAU_JUBAIL,2026-02-19,0.6304034811471817
SAU_JUBAIL,2026-02-21,0.7025113566685242
SAU_JUBAIL,2026-02-22,0.7284950950376976
SAU_JUBAIL,2026-02-24,0.7240666081176532
SAU_JUBAIL,2026-02-26,0.7668404505994355
SAU_JUBAIL,2026-03-05,0.7945380637712246
SAU_JUBAIL,2026-03-06,0.7932023128630151
SAU_JUBAIL,2026-03-07,0.8377984692654604
SAU_JUBAIL,2026-03-11,0.8477448029532693
SAU_JUBAIL,2026-03-13,0.8274268449661817
SAU_JUBAIL,2026-03-14,0.8045615080076066
SAU_JUBAIL,2026-03-15,0.8153005718960068
SAU_JUBAIL,2026-03-20,0.784527441442295
SAU_JUBAIL,2026-03-21,0.7824867726960565
SAU_JUBAIL,2026-03-22,0.7463218810108169
SAU_JUBAIL,2026-03-27,0.6317753429978777
SAU_JUBAIL,2026-03-28,0.590846891320462
SAU_JUBAIL,2026-03-31,0.586980448006867
SAU_JUBAIL,2026-04-02,0.5984459103463102
SAU_JUBAIL,2026-04-05,0.5172321599273334
SAU_JUBAIL,2026-04-06,0.4650663298849637
SAU_JUBAIL,2026-04-07,0.46939214918013067
SAU_JUBAIL,2026-04-08,0.4989875677223987
SAU_JUBAIL,2026-04-10,0.49026413188482887
SAU_JUBAIL,2026-04-13,0.4895369531118088
SAU_JUBAIL,2026-04-14,0.4683288125160233
SAU_JUBAIL,2026-04-17,0.4827719104837367
SAU_JUBAIL,2026-04-18,0.47698787393739694
SAU_JUBAIL,2026-04-24,0.501990758570295
SAU_JUBAIL,2026-04-27,0.48235585042413853
SAU_JUBAIL,2026-05-01,0.4652024366078623
SAU_JUBAIL,2026-05-02,0.43510352345204517
SAU_JUBAIL,2026-05-03,0.45258321640821675
SAU_JUBAIL,2026-05-04,0.4710762133391079
SAU_JUBAIL,2026-05-05,0.5185631349603208
SAU_JUBAIL,2026-05-10,0.4966088093895407
SAU_JUBAIL,2026-05-11,0.5179743278052293
SAU_JUBAIL,2026-05-12,0.5663581003785212
SAU_JUBAIL,2026-05-14,0.6020247449469367
SAU_JUBAIL,2026-05-15,0.6019392692994935
SAU_JUBAIL,2026-05-16,0.6080422811235591
SAU_JUBAIL,2026-05-18,0.6368295063749565
SAU_JUBAIL,2026-05-19,0.6169408356298688
SAU_JUBAIL,2026-05-21,0.6363165016367786
SAU_JUBAIL,2026-05-24,0.6642835380017934
SAU_JUBAIL,2026-05-26,0.6533554865824707
SAU_JUBAIL,2026-05-27,0.6696272690240306
SAU_JUBAIL,2026-05-28,0.7010453556242587
SAU_JUBAIL,2026-06-01,0.7330619345759153
SAU_JUBAIL,2026-06-02,0.7392813254389431
SAU_JUBAIL,2026-06-03,0.7818635179852148
SAU_JUBAIL,2026-06-04,0.7727515941105713
SAU_JUBAIL,2026-06-08,0.7526645666639811
SAU_JUBAIL,2026-06-09,0.7993235096394615
SAU_JUBAIL,2026-06-10,0.8234954242456116
SAU_JUBAIL,2026-06-11,0.8191090856119192
SAU_JUBAIL,2026-06-13,0.8040342078540279
SAU_JUBAIL,2026-06-14,0.835856247667756
SAU_JUBAIL,2026-06-15,0.8391985070626191
SAU_JUBAIL,2026-06-18,0.8806832534187882
SAU_JUBAIL,2026-06-19,0.8841348148376172
SAU_JUBAIL,2026-06-21,0.8752177070730751
SAU_JUBAIL,2026-06-23,0.9334947630944814
SAU_JUBAIL,2026-06-24,0.9370247082909219
SAU_JUBAIL,2026-06-25,0.9342030464669865
SAU_JUBAIL,2026-06-26,0.9350494315413226
SAU_JUBAIL,2026-06-27,0.9351781379240951
SAU_JUBAIL,2026-06-28,0.9279092283782078
SAU_JUBAIL,2026-07-03,0.9632830286241614
SAU_JUBAIL,2026-07-04,1.0140411717563251
SAU_JUBAIL,2026-07-05,0.9702972730653341
SAU_JUBAIL,2026-07-06,0.9623256264265491
SAU_JUBAIL,2026-07-13,0.9977561512530865
SAU_JUBAIL,2026-07-16,0.9713808579372244
SAU_JUBAIL,2026-07-17,0.9501778767887715
SAU_JUBAIL,2026-07-18,0.9818027298829433
SAU_JUBAIL,2026-07-19,0.9836654759618723
SAU_JUBAIL,2026-07-22,0.9849959715483034
SAU_JUBAIL,2026-07-23,0.9486490125703397
SAU_JUBAIL,2026-07-24,0.9261616873704821
SAU_JUBAIL,2026-07-25,1.003952528801557
SAU_JUBAIL,2026-07-26,0.9952289435119756
SAU_JUBAIL,2026-07-27,0.9391105572059295
SAU_JUBAIL,2026-07-29,0.936025544939119
SAU_JUBAIL,2026-07-30,1.0006982308779957
SAU_JUBAIL,2026-07-31,0.9985135736915358
SAU_JUBAIL,2026-08-01,0.9917474240468526
SAU_JUBAIL,2026-08-03,0.964837590204744
SAU_JUBAIL,2026-08-04,1.0757942447218771
SAU_JUBAIL,2026-08-05,1.0305408122248938
SAU_JUBAIL,2026-08-06,1.0274090057724736
SAU_JUBAIL,2026-08-07,0.9950940721808108
SAU_JUBAIL,2026-08-08,1.0097135262318049
SAU_JUBAIL,2026-08-09,1.0235021772089652
SAU_JUBAIL,2026-08-10,1.0156017887426072
SAU_JUBAIL,2026-08-11,1.0144764169534324
SAU_JUBAIL,2026-08-12,0.9968515056499679
SAU_JUBAIL,2026-08-13,0.9961277999278084
SAU_JUBAIL,2026-08-14,1.0017484987296204
SAU_JUBAIL,2026-08-15,1.0481910824995169
SAU_JUBAIL,2026-08-16,1.047286753442194
SAU_JUBAIL,2026-08-17,1.0006512572326458
SAU_JUBAIL,2026-08-18,0.9918268768441589
SAU_JUBAIL,2026-08-21,0.9957611061277176
SAU_JUBAIL,2026-08-22,0.9922738359861244
SAU_JUBAIL,2026-08-23,0.9948288704653828
SAU_JUBAIL,2026-08-24,0.9478344916450306
SAU_JUBAIL,2026-08-25,0.9996781381233222
SAU_JUBAIL,2026-08-26,1.002101242653144
SAU_JUBAIL,2026-08-27,0.9584879453532605
SAU_JUBAIL,2026-08-28,0.9331693010705608
SAU_JUBAIL,2026-08-29,0.9108824966465738
SAU_JUBAIL,2026-08-30,0.9272441163958097
SAU_JUBAIL,2026-09-03,0.8495341084902168
SAU_JUBAIL,2026-09-04,0.8944043172211897
SAU_JUBAIL,2026-09-05,0.8923761521074978
SAU_JUBAIL,2026-09-06,0.9153208928116956
SAU_JUBAIL,2026-09-07,0.9027114336679365
SAU_JUBAIL,2026-09-10,0.8839331211144024
SAU_QASSIM,2025-01-01,
SAU_QASSIM,2025-01-02,
SAU_QASSIM,2025-01-03,
SAU_QASSIM,2025-01-05,
SAU_QASSIM,2025-01-07,
SAU_QASSIM,2025-01-09,
SAU_QASSIM,2025-01-10,
SAU_QASSIM,2025-01-11,0.4712951038270397
SAU_QASSIM,2025-01-12,0.4528073897094238
SAU_QASSIM,2025-01-13,0.4575746730133482
SAU_QASSIM,2025-01-14,0.483043719806402
SAU_QASSIM,2025-01-15,0.5234105038032003
SAU_QASSIM,2025-01-17,0.4888264300062549
SAU_QASSIM,2025-01-19,0.4877251018044691
SAU_QASSIM,2025-01-21,0.5042890352792896
SAU_QASSIM,2025-01-23,0.5068130286720314
SAU_QASSIM,2025-01-24,0.4886527935471039
SAU_QASSIM,2025-01-25,0.48792998674624855
SAU_QASSIM,2025-01-29,0.4857430785512006
SAU_QASSIM,2025-01-30,0.4751291554101836
SAU_QASSIM,2025-02-02,0.4857472842953977
SAU_QASSIM,2025-02-03,0.5186053679226714
SAU_QASSIM,2025-02-04,0.49733610023724506
SAU_QASSIM,2025-02-05,0.4886371213685542
SAU_QASSIM,2025-02-07,0.4821840619241568
SAU_QASSIM,2025-02-09,0.4797316654823729
SAU_QASSIM,2025-02-20,0.451419018570439
SAU_QASSIM,2025-02-21,0.47111859279062773
SAU_QASSIM,2025-02-22,0.44957754072402756
SAU_QASSIM,2025-02-23,0.4556096405821211
SAU_QASSIM,2025-02-24,0.4353038148231438
SAU_QASSIM,2025-02-25,0.4198155550773738
SAU_QASSIM,2025-02-28,0.41704835761364834
SAU_QASSIM,2025-03-01,0.40767872572128766
SAU_QASSIM,2025-03-02,0.4298027171981246
SAU_QASSIM,2025-03-03,0.4253310646181211
SAU_QASSIM,2025-03-10,0.3548182222856591
SAU_QASSIM,2025-03-11,0.33246547619287486
SAU_QASSIM,2025-03-12,0.32586717870519777
SAU_QASSIM,2025-03-13,0.3231303324234144
SAU_QASSIM,2025-03-14,0.3183774294234058
SAU_QASSIM,2025-03-15,0.2985692225101406
SAU_QASSIM,2025-03-16,0.29034649747757735
SAU_QASSIM,2025-03-17,0.30212715133948215
SAU_QASSIM,2025-03-18,0.303427622330247
SAU_QASSIM,2025-03-21,0.2978178902277485
SAU_QASSIM,2025-03-22,0.2873852220052979
SAU_QASSIM,2025-03-23,0.2570344515179664
SAU_QASSIM,2025-03-24,0.2596689916945921
SAU_QASSIM,2025-03-25,0.29112463447210823
SAU_QASSIM,2025-03-26,0.3201617600918152
SAU_QASSIM,2025-03-28,0.33089867958441377
SAU_QASSIM,2025-03-31,0.32673361566617504
SAU_QASSIM,2025-04-02,0.2949179655452851
SAU_QASSIM,2025-04-07,0.28643201097618814
SAU_QASSIM,2025-04-08,0.30589713262462004
SAU_QASSIM,2025-04-09,0.31618549759755366
SAU_QASSIM,2025-04-10,0.33880886108370845
SAU_QASSIM,2025-04-12,0.3470675938271956
SAU_QASSIM,2025-04-13,0.3472531429169095
SAU_QASSIM,2025-04-15,0.3806699207504302
SAU_QASSIM,2025-04-16,0.371403880821824
SAU_QASSIM,2025-04-17,0.3777517905209076
SAU_QASSIM,2025-04-18,0.36873509125727383
SAU_QASSIM,2025-04-19,0.37622465013270123
SAU_QASSIM,2025-04-21,0.40601233818929866
SAU_QASSIM,2025-04-22,0.482054735929011
SAU_QASSIM,2025-04-23,0.5076805734083071
SAU_QASSIM,2025-04-24,0.5155687459737065
SAU_QASSIM,2025-04-25,0.5049241680763212
SAU_QASSIM,2025-04-26,0.5657742990176479
SAU_QASSIM,2025-05-01,0.6247181902187929
SAU_QASSIM,2025-05-02,0.6511425184478132
SAU_QASSIM,2025-05-03,0.6525954988185582
SAU_QASSIM,2025-05-04,0.6438511996447739
SAU_QASSIM,2025-05-06,0.6669942273809665
SAU_QASSIM,2025-05-07,0.7047637813753039
SAU_QASSIM,2025-05-08,0.7063362740154641
SAU_QASSIM,2025-05-09,0.707935663003921
SAU_QASSIM,2025-05-10,0.7158799601168473
SAU_QASSIM,2025-05-11,0.7086223944701666
SAU_QASSIM,2025-05-12,0.7371137267384155
SAU_QASSIM,2025-05-13,0.7682955770206725
SAU_QASSIM,2025-05-14,0.7810418294314005
SAU_QASSIM,2025-05-15,0.8163241966110458
SAU_QASSIM,2025-05-16,0.8162481524339685
SAU_QASSIM,2025-05-17,0.828062966879988
SAU_QASSIM,2025-05-18,0.8516079723923521
SAU_QASSIM,2025-05-20,0.8552077386522967
SAU_QASSIM,2025-05-21,0.913928094786793
SAU_QASSIM,2025-05-22,0.9582531567630342
SAU_QASSIM,2025-05-23,0.9856644940887898
SAU_QASSIM,2025-05-24,1.0145250637277485
SAU_QASSIM,2025-05-25,1.072690480750699
SAU_QASSIM,2025-05-26,1.060318151600611
SAU_QASSIM,2025-05-27,1.111122707964069
SAU_QASSIM,2025-05-29,1.1535644659283741
SAU_QASSIM,2025-05-30,1.1329266600054775
SAU_QASSIM,2025-05-31,1.1163125868159132
SAU_QASSIM,2025-06-01,1.1469829757418322
SAU_QASSIM,2025-06-02,1.1935111147909996
SAU_QASSIM,2025-06-03,1.2231714724359632
SAU_QASSIM,2025-06-04,1.2181253764631104
SAU_QASSIM,2025-06-05,1.2048767435689265
SAU_QASSIM,2025-06-06,1.1963879499335655
SAU_QASSIM,2025-06-08,1.2551235851978986
SAU_QASSIM,2025-06-09,1.2595124335404082
SAU_QASSIM,2025-06-10,1.2964303221637354
SAU_QASSIM,2025-06-11,1.3866690147221516
SAU_QASSIM,2025-06-12,1.4793797775366053
SAU_QASSIM,2025-06-13,1.4972753285748535
SAU_QASSIM,2025-06-14,1.536729602081706
SAU_QASSIM,2025-06-16,1.6751188678212185
SAU_QASSIM,2025-06-17,1.7599846338789489
SAU_QASSIM,2025-06-18,1.7426493457534518
SAU_QASSIM,2025-06-19,1.779170257933045
SAU_QASSIM,2025-06-23,1.7418214173080964
SAU_QASSIM,2025-06-24,1.7422565147036366
SAU_QASSIM,2025-06-25,1.7377690286259728
SAU_QASSIM,2025-06-26,1.7041879574623637
SAU_QASSIM,2025-06-27,1.7104572915128722
SAU_QASSIM,2025-06-28,1.7090786739496215
SAU_QASSIM,2025-06-29,1.7542389135728558
SAU_QASSIM,2025-06-30,1.778457452385268
SAU_QASSIM,2025-07-01,1.7838815089657245
SAU_QASSIM,2025-07-02,1.7640128689558308
SAU_QASSIM,2025-07-04,1.79795646139426
SAU_QASSIM,2025-07-05,1.845053370322688
SAU_QASSIM,2025-07-06,1.868998802178843
SAU_QASSIM,2025-07-07,1.8383377718283225
SAU_QASSIM,2025-07-08,1.8365986219056711
SAU_QASSIM,2025-07-09,1.862035456827093
SAU_QASSIM,2025-07-10,1.8623392094860818
SAU_QASSIM,2025-07-11,1.7887010763367632
SAU_QASSIM,2025-07-12,1.7268834833171294
SAU_QASSIM,2025-07-13,1.7307404034846743
SAU_QASSIM,2025-07-14,1.7444172828262297
SAU_QASSIM,2025-07-15,1.8241474028248323
SAU_QASSIM,2025-07-16,1.7442300884667943
SAU_QASSIM,2025-07-17,1.6832367861261566
SAU_QASSIM,2025-07-18,1.6763260546547705
SAU_QASSIM,2025-07-19,1.6762538151290154
SAU_QASSIM,2025-07-20,1.6853905617095621
SAU_QASSIM,2025-07-22,1.658725043747485
SAU_QASSIM,2025-07-23,1.6771414951922121
SAU_QASSIM,2025-07-24,1.6687667602783063
SAU_QASSIM,2025-07-25,1.673530825171511
SAU_QASSIM,2025-07-27,1.7305465437460643
SAU_QASSIM,2025-07-28,1.7115261727911417
SAU_QASSIM,2025-07-29,1.6988304247852895
SAU_QASSIM,2025-07-30,1.7297871788374521
SAU_QASSIM,2025-07-31,1.7653415354067576
SAU_QASSIM,2025-08-02,1.7707553421338669
SAU_QASSIM,2025-08-03,1.7615889152782964
SAU_QASSIM,2025-08-04,1.770230825818042
SAU_QASSIM,2025-08-05,1.7903809752873447
SAU_QASSIM,2025-08-06,1.8075519126592243
SAU_QASSIM,2025-08-07,1.803927939175738
SAU_QASSIM,2025-08-08,1.771597938815857
SAU_QASSIM,2025-08-11,1.769305794000968
SAU_QASSIM,2025-08-12,1.7879777594755861
SAU_QASSIM,2025-08-13,1.7515285900144137
SAU_QASSIM,2025-08-14,1.690723435614144
SAU_QASSIM,2025-08-15,1.692728470880155
SAU_QASSIM,2025-08-17,1.7242115149361872
SAU_QASSIM,2025-08-18,1.73002648993185
SAU_QASSIM,2025-08-19,1.695890214634962
SAU_QASSIM,2025-08-20,1.7339317482942775
SAU_QASSIM,2025-08-21,1.7769874050895687
SAU_QASSIM,2025-08-22,1.778271164302421
SAU_QASSIM,2025-08-23,1.7994941602929972
SAU_QASSIM,2025-08-24,1.8133915871880404
SAU_QASSIM,2025-08-26,1.794437246398314
SAU_QASSIM,2025-08-27,1.8292488092208294
SAU_QASSIM,2025-08-28,1.8389219118697206
SAU_QASSIM,2025-08-29,1.7879523695038089
SAU_QASSIM,2025-08-30,1.73524114739849
SAU_QASSIM,2025-08-31,1.7981324220399462
SAU_QASSIM,2025-09-03,1.814864866697759
SAU_QASSIM,2025-09-05,1.8324144890645149
SAU_QASSIM,2025-09-06,1.8483350530154783
SAU_QASSIM,2025-09-07,1.8852413356811093
SAU_QASSIM,2025-09-08,1.8424441101337765
SAU_QASSIM,2025-09-11,1.855010165273242
SAU_QASSIM,2025-09-12,1.8512187265098883
SAU_QASSIM,2025-09-14,1.8243501743365653
SAU_QASSIM,2025-09-15,1.8140355438962386
SAU_QASSIM,2025-09-18,1.8701810418319194
SAU_QASSIM,2025-09-19,1.7892129734491933
SAU_QASSIM,2025-09-20,1.7592153562609667
SAU_QASSIM,2025-09-21,1.7382430349912195
SAU_QASSIM,2025-09-22,1.6577221691398296
SAU_QASSIM,2025-09-23,1.6222168056884534
SAU_QASSIM,2025-09-24,1.5878912047492286
SAU_QASSIM,2025-09-25,1.5035870071628779
SAU_QASSIM,2025-09-26,1.4093226372698355
SAU_QASSIM,2025-09-27,1.3845443059689044
SAU_QASSIM,2025-09-28,1.4376174879691888
SAU_QASSIM,2025-10-01,1.3503773405504573
SAU_QASSIM,2025-10-03,1.3351920264507275
SAU_QASSIM,2025-10-04,1.3544684293661005
SAU_QASSIM,2025-10-05,1.321179129672483
SAU_QASSIM,2025-10-06,1.290927452696064
SAU_QASSIM,2025-10-07,1.3140172534578272
SAU_QASSIM,2025-10-10,1.300829603510058
SAU_QASSIM,2025-10-11,1.22584082304059
SAU_QASSIM,2025-10-12,1.1894596236891002
SAU_QASSIM,2025-10-13,1.1710881540155267
SAU_QASSIM,2025-10-14,1.163291426406042
SAU_QASSIM,2025-10-15,1.1237231038896949
SAU_QASSIM,2025-10-16,1.1075942676576724
SAU_QASSIM,2025-10-17,1.0762803434306618
SAU_QASSIM,2025-10-18,1.0338873094440093
SAU_QASSIM,2025-10-21,1.0145815853570972
SAU_QASSIM,2025-10-22,1.035418072243839
SAU_QASSIM,2025-10-26,1.0921004335783473
SAU_QASSIM,2025-10-27,1.0806263005033885
SAU_QASSIM,2025-10-29,1.0471876310648074
SAU_QASSIM,2025-10-30,1.0339165619429829
SAU_QASSIM,2025-10-31,0.987260700882699
SAU_QASSIM,2025-11-01,1.0020202633849087
SAU_QASSIM,2025-11-08,0.8685152735918032
SAU_QASSIM,2025-11-10,0.9866057867389018
SAU_QASSIM,2025-11-11,0.9974731650730997
SAU_QASSIM,2025-11-13,1.044991660476486
SAU_QASSIM,2025-11-14,1.0363859918095402
SAU_QASSIM,2025-11-17,1.1324966062966622
SAU_QASSIM,2025-11-18,1.1013197065056677
SAU_QASSIM,2025-11-19,1.0920711013579765
SAU_QASSIM,2025-11-20,1.063621917696093
SAU_QASSIM,2025-11-22,1.0616818174974165
SAU_QASSIM,2025-11-23,1.0913792998301701
SAU_QASSIM,2025-11-24,1.106184810036613
SAU_QASSIM,2025-11-25,1.1009614861095536
SAU_QASSIM,2025-11-26,1.0784875045173097
SAU_QASSIM,2025-11-28,1.03445895011659
SAU_QASSIM,2025-11-29,1.0243826023181934
SAU_QASSIM,2025-12-03,1.0472726067492675
SAU_QASSIM,2025-12-05,1.0085855046255978
SAU_QASSIM,2025-12-14,0.8886673852225039
SAU_QASSIM,2025-12-17,0.8357601099055322
SAU_QASSIM,2025-12-19,0.7911914731045481
SAU_QASSIM,2025-12-20,0.788832660343794
SAU_QASSIM,2025-12-22,0.7857381041404099
SAU_QASSIM,2025-12-23,0.7415446974500661
SAU_QASSIM,2025-12-28,0.6421946396998858
SAU_QASSIM,2025-12-29,0.6749693849790004
SAU_QASSIM,2025-12-30,0.6736278828134113
SAU_QASSIM,2025-12-31,0.6468105018612422
SAU_QASSIM,2026-01-01,0.6415584894263664
SAU_QASSIM,2026-01-02,0.6243187974087001
SAU_QASSIM,2026-01-03,0.5939348552169358
SAU_QASSIM,2026-01-04,0.5778050445370806
SAU_QASSIM,2026-01-05,0.5807593777369053
SAU_QASSIM,2026-01-07,0.6040733623090159
SAU_QASSIM,2026-01-09,0.5761826412626994
SAU_QASSIM,2026-01-10,0.5673869205217585
SAU_QASSIM,2026-01-11,0.5652956616031937
SAU_QASSIM,2026-01-12,0.5636206437295366
SAU_QASSIM,2026-01-13,0.5592602322852757
SAU_QASSIM,2026-01-14,0.5620926043848776
SAU_QASSIM,2026-01-15,0.5550082513624002
SAU_QASSIM,2026-01-16,0.5494776557067292
SAU_QASSIM,2026-01-17,0.5682576188694917
SAU_QASSIM,2026-01-19,0.600808881428995
SAU_QASSIM,2026-01-20,0.6074816107834987
SAU_QASSIM,2026-01-21,0.5819927681629643
SAU_QASSIM,2026-01-22,0.5531935266790555
SAU_QASSIM,2026-01-24,0.5628618457798826
SAU_QASSIM,2026-01-25,0.553895648559791
SAU_QASSIM,2026-01-27,0.5677341254905142
SAU_QASSIM,2026-01-30,0.5523337364786771
SAU_QASSIM,2026-01-31,0.5403221867873903
SAU_QASSIM,2026-02-01,0.5397406382309764
SAU_QASSIM,2026-02-02,0.5669209471834655
SAU_QASSIM,2026-02-03,0.5781080038927435
SAU_QASSIM,2026-02-04,0.5715864846337478
SAU_QASSIM,2026-02-07,0.5374193890234833
SAU_QASSIM,2026-02-08,0.5694866495674257
SAU_QASSIM,2026-02-11,0.5929891516686706
SAU_QASSIM,2026-02-13,0.592602323783631
SAU_QASSIM,2026-02-14,0.5994169534240279
SAU_QASSIM,2026-02-15,0.5992976736169904
SAU_QASSIM,2026-02-17,0.6022773287421652
SAU_QASSIM,2026-02-18,0.5643658297101017
SAU_QASSIM,2026-02-19,0.5583069279128311
SAU_QASSIM,2026-02-20,0.5432659819064269
SAU_QASSIM,2026-02-21,0.546322336960947
SAU_QASSIM,2026-02-22,0.539425655040508
SAU_QASSIM,2026-02-23,0.5225299404974358
SAU_QASSIM,2026-02-24,0.5293085318874231
SAU_QASSIM,2026-02-25,0.5173533161495477
SAU_QASSIM,2026-02-26,0.499280422208873
SAU_QASSIM,2026-02-27,0.48754078639465154
SAU_QASSIM,2026-02-28,0.47404248920536124
SAU_QASSIM,2026-03-01,0.46687427987589275
SAU_QASSIM,2026-03-02,0.46541742731067154
SAU_QASSIM,2026-03-04,0.4288994891005771
SAU_QASSIM,2026-03-06,0.44750429416041154
SAU_QASSIM,2026-03-08,0.451474009528403
SAU_QASSIM,2026-03-09,0.4514168289873442
SAU_QASSIM,2026-03-12,0.42163992307744275
SAU_QASSIM,2026-03-13,0.402627356196228
SAU_QASSIM,2026-03-14,0.3956229247738505
SAU_QASSIM,2026-03-17,0.38425107045410134
SAU_QASSIM,2026-03-18,0.3732783200726782
SAU_QASSIM,2026-03-21,0.3186808890552577
SAU_QASSIM,2026-03-22,0.32652728928483526
SAU_QASSIM,2026-03-23,0.30978811959021113
SAU_QASSIM,2026-03-24,0.3068004440949201
SAU_QASSIM,2026-03-27,0.2812098777134403
SAU_QASSIM,2026-03-28,0.2773264568716399
SAU_QASSIM,2026-03-29,0.30608052253871765
SAU_QASSIM,2026-03-31,0.32013797409919503
SAU_QASSIM,2026-04-06,0.2858138127416145
SAU_QASSIM,2026-04-08,0.3619385816203534
SAU_QASSIM,2026-04-10,0.35351485457844894
SAU_QASSIM,2026-04-12,0.40424479069140024
SAU_QASSIM,2026-04-13,0.4482828732503161
SAU_QASSIM,2026-04-14,0.47171930489606034
SAU_QASSIM,2026-04-15,0.47801740167858947
SAU_QASSIM,2026-04-17,0.5080310813409901
SAU_QASSIM,2026-04-18,0.5282334272259672
SAU_QASSIM,2026-04-22,0.5836685252934569
SAU_QASSIM,2026-04-26,0.6055236739772046
SAU_QASSIM,2026-04-28,0.6510863640114555
SAU_QASSIM,2026-04-29,0.649397976749076
SAU_QASSIM,2026-04-30,0.6702313248066575
SAU_QASSIM,2026-05-01,0.6649127975830386
SAU_QASSIM,2026-05-02,0.6755323186871416
SAU_QASSIM,2026-05-03,0.7362517683701472
SAU_QASSIM,2026-05-04,0.8229411770092028
SAU_QASSIM,2026-05-05,0.8965624842200738
SAU_QASSIM,2026-05-06,0.9407563680812402
SAU_QASSIM,2026-05-09,0.8986453149420753
SAU_QASSIM,2026-05-10,0.9796539541549192
SAU_QASSIM,2026-05-11,0.9804422105133025
SAU_QASSIM,2026-05-12,1.0076063438288279
SAU_QASSIM,2026-05-13,1.0529438007035572
SAU_QASSIM,2026-05-14,1.1899187062097227
SAU_QASSIM,2026-05-15,1.2138826480359808
SAU_QASSIM,2026-05-16,1.2221108930330542
SAU_QASSIM,2026-05-17,1.290927664393316
SAU_QASSIM,2026-05-18,1.3143525133046883
SAU_QASSIM,2026-05-19,1.2994401834477516
SAU_QASSIM,2026-05-21,1.3078966114038009
SAU_QASSIM,2026-05-22,1.3366381342933182
SAU_QASSIM,2026-05-23,1.328483834677278
SAU_QASSIM,2026-05-24,1.3082100976281166
SAU_QASSIM,2026-05-25,1.3090134488188405
SAU_QASSIM,2026-05-27,1.330575288811243
SAU_QASSIM,2026-05-28,1.3253097006001286
SAU_QASSIM,2026-05-29,1.3324962654585222
SAU_QASSIM,2026-05-30,1.3659128246452896
SAU_QASSIM,2026-05-31,1.415021194534669
SAU_QASSIM,2026-06-01,1.4724102222977218
SAU_QASSIM,2026-06-02,1.4785295346310636
SAU_QASSIM,2026-06-03,1.4700558383767361
SAU_QASSIM,2026-06-04,1.4506541631490533
SAU_QASSIM,2026-06-05,1.4529887756681354
SAU_QASSIM,2026-06-08,1.4760581131367492
SAU_QASSIM,2026-06-09,1.5173696112310457
SAU_QASSIM,2026-06-10,1.6030444572836844
SAU_QASSIM,2026-06-11,1.6403784135265722
SAU_QASSIM,2026-06-15,1.5921586487144792
SAU_QASSIM,2026-06-16,1.6085295976095275
SAU_QASSIM,2026-06-19,1.6239171360768367
SAU_QASSIM,2026-06-21,1.6947520106768945
SAU_QASSIM,2026-06-23,1.798448728235159
SAU_QASSIM,2026-06-24,1.8042777211405654
SAU_QASSIM,2026-06-27,1.9045800370344808
SAU_QASSIM,2026-06-28,1.9959308061028118
SAU_QASSIM,2026-06-29,2.000214100502508
SAU_QASSIM,2026-07-01,2.0772673339479213
SAU_QASSIM,2026-07-02,2.2038580734654545
SAU_QASSIM,2026-07-05,2.2896776281853533
SAU_QASSIM,2026-07-06,2.2820430350629612
SAU_QASSIM,2026-07-07,2.310437417319946
SAU_QASSIM,2026-07-08,2.356748309262926
SAU_QASSIM,2026-07-09,2.313489750433203
SAU_QASSIM,2026-07-11,2.225658191378694
SAU_QASSIM,2026-07-12,2.2324807081644575
SAU_QASSIM,2026-07-13,2.2606782203441407
SAU_QASSIM,2026-07-14,2.2413085726159787
SAU_QASSIM,2026-07-16,2.3034601783730215
SAU_QASSIM,2026-07-17,2.336558948104388
SAU_QASSIM,2026-07-18,2.3750408301906485
SAU_QASSIM,2026-07-20,2.4016208519167996
SAU_QASSIM,2026-07-23,2.421089390718637
SAU_QASSIM,2026-07-24,2.3995440182250496
SAU_QASSIM,2026-07-25,2.439181295584125
SAU_QASSIM,2026-07-26,2.3905322116288565
SAU_QASSIM,2026-07-27,2.4016763740573768
SAU_QASSIM,2026-07-28,2.387873262339896
SAU_QASSIM,2026-07-29,2.474257906894245
SAU_QASSIM,2026-07-30,2.5015661987109263
SAU_QASSIM,2026-07-31,2.4238187125889463
SAU_QASSIM,2026-08-03,2.354094840004968
SAU_QASSIM,2026-08-04,2.353485407509166
SAU_QASSIM,2026-08-05,2.3112414687551226
SAU_QASSIM,2026-08-06,2.2829212063898363
SAU_QASSIM,2026-08-08,2.3368884055090744
SAU_QASSIM,2026-08-09,2.3393607018140545
SAU_QASSIM,2026-08-10,2.412707289711171
SAU_QASSIM,2026-08-11,2.3747361077907074
SAU_QASSIM,2026-08-12,2.3723919259959345
SAU_QASSIM,2026-08-13,2.389207182116362
SAU_QASSIM,2026-08-14,2.35253903315968
SAU_QASSIM,2026-08-15,2.320927596992815
SAU_QASSIM,2026-08-17,2.285222347479843
SAU_QASSIM,2026-08-19,2.305317227009063
SAU_QASSIM,2026-08-21,2.2608322207101046
SAU_QASSIM,2026-08-23,2.3463783324061596
SAU_QASSIM,2026-08-24,2.389459400379467
SAU_QASSIM,2026-08-26,2.463108764630294
SAU_QASSIM,2026-08-27,2.467220213093216
SAU_QASSIM,2026-08-28,2.4438797857554637
SAU_QASSIM,2026-08-29,2.453214396364759
SAU_QASSIM,2026-08-30,2.511826391413931
SAU_QASSIM,2026-08-31,2.485747271395079
SAU_QASSIM,2026-09-01,2.43413350252252
SAU_QASSIM,2026-09-03,2.41610511718558
SAU_QASSIM,2026-09-04,2.433530048188059
SAU_QASSIM,2026-09-05,2.435091594632007
SAU_QASSIM,2026-09-06,2.3856991407116914
SAU_QASSIM,2026-09-09,2.3177999434878913
SAU_QASSIM,2026-09-10,2.341018095235083
SAU_QURAYYAH,2025-01-03,
SAU_QURAYYAH,2025-01-04,
SAU_QURAYYAH,2025-01-05,
SAU_QURAYYAH,2025-01-06,
SAU_QURAYYAH,2025-01-08,
SAU_QURAYYAH,2025-01-09,
SAU_QURAYYAH,2025-01-10,
SAU_QURAYYAH,2025-01-11,0.4064669953642005
SAU_QURAYYAH,2025-01-14,0.31459956754695184
SAU_QURAYYAH,2025-01-15,0.23318621767322795
SAU_QURAYYAH,2025-01-18,0.2605784139380985
SAU_QURAYYAH,2025-01-19,0.29202070768251404
SAU_QURAYYAH,2025-01-21,0.18128942261411143
SAU_QURAYYAH,2025-01-22,0.16695194419363663
SAU_QURAYYAH,2025-01-23,-0.1334809397807078
SAU_QURAYYAH,2025-01-28,-0.057168528586038006
SAU_QURAYYAH,2025-01-29,-0.11365258402537501
SAU_QURAYYAH,2025-01-31,-0.1388010248456417
SAU_QURAYYAH,2025-02-01,-0.11526974489435812
SAU_QURAYYAH,2025-02-02,-0.19601770887561773
SAU_QURAYYAH,2025-02-03,-0.2026228272780875
SAU_QURAYYAH,2025-02-08,-0.36232485289963895
SAU_QURAYYAH,2025-02-09,-0.20558276300016728
SAU_QURAYYAH,2025-02-10,0.022313271744575758
SAU_QURAYYAH,2025-02-11,0.26349999222259246
SAU_QURAYYAH,2025-02-12,0.20838683819628961
SAU_QURAYYAH,2025-02-19,0.37111688507774776
SAU_QURAYYAH,2025-02-21,0.502483879826076
SAU_QURAYYAH,2025-02-22,1.0551297283437764
SAU_QURAYYAH,2025-02-23,1.2045311383166797
SAU_QURAYYAH,2025-03-01,1.2597959579959614
SAU_QURAYYAH,2025-03-02,1.5348384825291224
SAU_QURAYYAH,2025-03-03,1.748144334113589
SAU_QURAYYAH,2025-03-12,1.9910149979105498
SAU_QURAYYAH,2025-03-13,1.542307782206236
SAU_QURAYYAH,2025-03-14,1.6403519118868686
SAU_QURAYYAH,2025-03-15,1.3889019178838515
SAU_QURAYYAH,2025-03-17,1.3399833541529735
SAU_QURAYYAH,2025-03-18,1.3646733198656913
SAU_QURAYYAH,2025-03-19,1.3651163642784734
SAU_QURAYYAH,2025-03-20,1.380676837880475
SAU_QURAYYAH,2025-03-23,1.3611553076196568
SAU_QURAYYAH,2025-03-26,0.9645739536784745
SAU_QURAYYAH,2025-03-27,0.5441229125761945
SAU_QURAYYAH,2025-03-28,0.5009760795692336
SAU_QURAYYAH,2025-03-29,0.5522181833974582
SAU_QURAYYAH,2025-03-30,0.56444890126977
SAU_QURAYYAH,2025-03-31,0.6528450453968354
SAU_QURAYYAH,2025-04-01,0.5451327353045861
SAU_QURAYYAH,2025-04-02,0.38791301125083133
SAU_QURAYYAH,2025-04-03,0.5119107763702727
SAU_QURAYYAH,2025-04-08,0.5365615561197217
SAU_QURAYYAH,2025-04-10,0.638870752658754
SAU_QURAYYAH,2025-04-12,0.6353226137895742
SAU_QURAYYAH,2025-04-13,0.6532659035719129
SAU_QURAYYAH,2025-04-15,0.7913516012595337
SAU_QURAYYAH,2025-04-17,0.8156168941313874
SAU_QURAYYAH,2025-04-18,0.7609285792734006
SAU_QURAYYAH,2025-04-19,0.5980115336084223
SAU_QURAYYAH,2025-04-23,0.5780599596266173
SAU_QURAYYAH,2025-04-24,0.5022387977758914
SAU_QURAYYAH,2025-04-25,0.4794101483720447
SAU_QURAYYAH,2025-04-26,0.8657266407560936
SAU_QURAYYAH,2025-04-27,1.088172903974159
SAU_QURAYYAH,2025-04-28,1.1596042005721239
SAU_QURAYYAH,2025-04-29,1.2775197332816428
SAU_QURAYYAH,2025-05-01,1.298385811718335
SAU_QURAYYAH,2025-05-02,1.628944383843936
SAU_QURAYYAH,2025-05-03,0.9824767130371479
SAU_QURAYYAH,2025-05-05,0.9538281560710224
SAU_QURAYYAH,2025-05-09,0.9498054082624862
SAU_QURAYYAH,2025-05-10,1.0887202245679881
SAU_QURAYYAH,2025-05-11,1.3252780449904855
SAU_QURAYYAH,2025-05-12,1.4488191395441379
SAU_QURAYYAH,2025-05-13,1.568579365320515
SAU_QURAYYAH,2025-05-14,1.6020716489876277
SAU_QURAYYAH,2025-05-15,1.6912352603617753
SAU_QURAYYAH,2025-05-16,1.6539920100350947
SAU_QURAYYAH,2025-05-18,1.6915278041286232
SAU_QURAYYAH,2025-05-20,1.660493315515359
SAU_QURAYYAH,2025-05-21,1.5891070543802561
SAU_QURAYYAH,2025-05-23,1.6744405463436658
SAU_QURAYYAH,2025-05-24,1.4531711074344058
SAU_QURAYYAH,2025-05-25,1.9351070643953767
SAU_QURAYYAH,2025-05-26,2.0065645211163807
SAU_QURAYYAH,2025-05-27,1.9536558072883665
SAU_QURAYYAH,2025-05-28,1.7735490310181208
SAU_QURAYYAH,2025-05-29,1.433932593920636
SAU_QURAYYAH,2025-05-30,1.4425692831272834
SAU_QURAYYAH,2025-05-31,1.417701211441381
SAU_QURAYYAH,2025-06-01,1.233266462457515
SAU_QURAYYAH,2025-06-05,1.7320975462959025
SAU_QURAYYAH,2025-06-06,1.6346632762672666
SAU_QURAYYAH,2025-06-07,1.6678626726848076
SAU_QURAYYAH,2025-06-08,1.759987777942662
SAU_QURAYYAH,2025-06-09,1.690829886048513
SAU_QURAYYAH,2025-06-10,1.5413276140884384
SAU_QURAYYAH,2025-06-11,1.5294954931321136
SAU_QURAYYAH,2025-06-12,1.5130908977313435
SAU_QURAYYAH,2025-06-13,1.4165441416112545
SAU_QURAYYAH,2025-06-14,1.0937176189310263
SAU_QURAYYAH,2025-06-15,1.2876252648994677
SAU_QURAYYAH,2025-06-16,1.3562594779186
SAU_QURAYYAH,2025-06-20,1.5367244396862847
SAU_QURAYYAH,2025-06-21,1.600068309384941
SAU_QURAYYAH,2025-06-22,1.6147604407302103
SAU_QURAYYAH,2025-06-23,1.8345588553145304
SAU_QURAYYAH,2025-06-26,1.2727677932997423
SAU_QURAYYAH,2025-06-27,1.4314610494401199
SAU_QURAYYAH,2025-06-28,1.7455449501441833
SAU_QURAYYAH,2025-06-29,1.8309911445852072
SAU_QURAYYAH,2025-06-30,1.916554582126205
SAU_QURAYYAH,2025-07-01,1.6929017673720146
SAU_QURAYYAH,2025-07-08,1.7392937549005296
SAU_QURAYYAH,2025-07-09,1.4101173149613322
SAU_QURAYYAH,2025-07-10,1.2525877962163947
SAU_QURAYYAH,2025-07-11,1.112474046901984
SAU_QURAYYAH,2025-07-12,1.0284518354386227
SAU_QURAYYAH,2025-07-13,1.2943973801991107
SAU_QURAYYAH,2025-07-14,1.5992914408201628
SAU_QURAYYAH,2025-07-15,1.3971879495394215
SAU_QURAYYAH,2025-07-16,1.506905079562842
SAU_QURAYYAH,2025-07-17,1.5927112505521797
SAU_QURAYYAH,2025-07-19,1.5712517321036672
SAU_QURAYYAH,2025-07-24,1.6171764159775006
SAU_QURAYYAH,2025-07-25,1.611322519544829
SAU_QURAYYAH,2025-07-26,1.7332610816616114
SAU_QURAYYAH,2025-07-27,1.9686217297524329
SAU_QURAYYAH,2025-07-28,1.797554344123214
SAU_QURAYYAH,2025-07-29,1.3145259700700063
SAU_QURAYYAH,2025-07-30,1.1556839850311968
SAU_QURAYYAH,2025-08-01,1.4230916094018091
SAU_QURAYYAH,2025-08-02,1.7988594256104986
SAU_QURAYYAH,2025-08-05,1.9326935095624325
SAU_QURAYYAH,2025-08-06,1.9730096486168571
SAU_QURAYYAH,2025-08-07,1.9677986628294868
SAU_QURAYYAH,2025-08-08,2.197555627450068
SAU_QURAYYAH,2025-08-09,2.315397155603426
SAU_QURAYYAH,2025-08-10,2.518106733508883
SAU_QURAYYAH,2025-08-11,2.6048383591874082
SAU_QURAYYAH,2025-08-12,2.4523661322679295
SAU_QURAYYAH,2025-08-13,2.392980635063005
SAU_QURAYYAH,2025-08-14,2.557608028619763
SAU_QURAYYAH,2025-08-15,2.440318022072554
SAU_QURAYYAH,2025-08-16,2.448052496059898
SAU_QURAYYAH,2025-08-17,2.5218174022576347
SAU_QURAYYAH,2025-08-19,2.4662162609629767
SAU_QURAYYAH,2025-08-20,2.427861561335612
SAU_QURAYYAH,2025-08-21,2.420504687877002
SAU_QURAYYAH,2025-08-22,2.3501263615112307
SAU_QURAYYAH,2025-08-23,2.1805767175572797
SAU_QURAYYAH,2025-08-24,2.063364697288164
SAU_QURAYYAH,2025-08-25,1.9585440491068438
SAU_QURAYYAH,2025-08-26,1.5847368117089873
SAU_QURAYYAH,2025-08-27,1.6421720904339097
SAU_QURAYYAH,2025-08-28,2.0093565087194345
SAU_QURAYYAH,2025-08-29,2.010086706041803
SAU_QURAYYAH,2025-08-30,2.0065076990202546
SAU_QURAYYAH,2025-08-31,1.8184301047391107
SAU_QURAYYAH,2025-09-02,1.5667030407434177
SAU_QURAYYAH,2025-09-03,1.5658622725601616
SAU_QURAYYAH,2025-09-04,1.4534926859076993
SAU_QURAYYAH,2025-09-05,1.3859703233745955
SAU_QURAYYAH,2025-09-06,1.4177347253001662
SAU_QURAYYAH,2025-09-07,1.3579746029276458
SAU_QURAYYAH,2025-09-08,1.2421870961366266
SAU_QURAYYAH,2025-09-09,1.122330241651042
SAU_QURAYYAH,2025-09-10,1.0255473472044419
SAU_QURAYYAH,2025-09-11,1.0717327280815285
SAU_QURAYYAH,2025-09-12,1.1309849950320454
SAU_QURAYYAH,2025-09-13,1.0312856649301099
SAU_QURAYYAH,2025-09-14,1.0653993365719807
SAU_QURAYYAH,2025-09-15,1.0539085331228693
SAU_QURAYYAH,2025-09-16,0.9923382597709974
SAU_QURAYYAH,2025-09-17,1.0357820390042456
SAU_QURAYYAH,2025-09-18,0.9911422014517035
SAU_QURAYYAH,2025-09-19,0.9249531401765332
SAU_QURAYYAH,2025-09-20,0.8530962873734753
SAU_QURAYYAH,2025-09-21,0.8702427415361643
SAU_QURAYYAH,2025-09-22,1.0217654586875438
SAU_QURAYYAH,2025-09-23,1.1143723991828618
SAU_QURAYYAH,2025-09-25,1.2637103963056495
SAU_QURAYYAH,2025-09-26,1.2697693699838557
SAU_QURAYYAH,2025-09-27,1.2022527493981288
SAU_QURAYYAH,2025-09-28,1.3633665769249592
SAU_QURAYYAH,2025-09-30,1.5313504655759973
SAU_QURAYYAH,2025-10-01,1.5366205725042261
SAU_QURAYYAH,2025-10-02,1.510568990651652
SAU_QURAYYAH,2025-10-03,1.4889780949153786
SAU_QURAYYAH,2025-10-04,1.458623948717472
SAU_QURAYYAH,2025-10-05,1.4085896738021073
SAU_QURAYYAH,2025-10-06,1.394206312325911
SAU_QURAYYAH,2025-10-07,1.4563850842334067
SAU_QURAYYAH,2025-10-08,1.6103641171654022
SAU_QURAYYAH,2025-10-09,1.71735404437374
SAU_QURAYYAH,2025-10-10,1.7107922264304432
SAU_QURAYYAH,2025-10-12,1.7176553160041206
SAU_QURAYYAH,2025-10-13,1.679637617628879
SAU_QURAYYAH,2025-10-14,1.5712690060277053
SAU_QURAYYAH,2025-10-15,1.5155303774353646
SAU_QURAYYAH,2025-10-16,1.6182800608957353
SAU_QURAYYAH,2025-10-17,1.5236656321213222
SAU_QURAYYAH,2025-10-18,1.629584350874714
SAU_QURAYYAH,2025-10-19,1.710839039013418
SAU_QURAYYAH,2025-10-20,1.7108104148189287
SAU_QURAYYAH,2025-10-21,1.763776869525053
SAU_QURAYYAH,2025-10-22,1.5768486639209922
SAU_QURAYYAH,2025-10-23,1.4470597173312993
SAU_QURAYYAH,2025-10-24,1.346470611286985
SAU_QURAYYAH,2025-10-25,1.2851590311519092
SAU_QURAYYAH,2025-10-26,1.3305193672180757
SAU_QURAYYAH,2025-10-27,1.409974533831381
SAU_QURAYYAH,2025-10-28,1.3099867913144938
SAU_QURAYYAH,2025-10-29,1.1920895423534772
SAU_QURAYYAH,2025-10-30,0.9863252445892305
SAU_QURAYYAH,2025-11-02,0.8247181125365982
SAU_QURAYYAH,2025-11-03,0.7525088535385402
SAU_QURAYYAH,2025-11-04,0.6908690843237028
SAU_QURAYYAH,2025-11-05,0.5396125920182708
SAU_QURAYYAH,2025-11-06,0.4787537751336309
SAU_QURAYYAH,2025-11-07,0.4177174566003299
SAU_QURAYYAH,2025-11-09,0.08393030559387747
SAU_QURAYYAH,2025-11-10,0.025028696049000595
SAU_QURAYYAH,2025-11-11,-0.019032671421179276
SAU_QURAYYAH,2025-11-13,-0.15273147202962958
SAU_QURAYYAH,2025-11-15,-0.36894009096577823
SAU_QURAYYAH,2025-11-19,-0.5253984270739992
SAU_QURAYYAH,2025-11-20,-0.6871694142602136
SAU_QURAYYAH,2025-11-21,-0.4647912344038014
SAU_QURAYYAH,2025-11-22,-0.3806331707021295
SAU_QURAYYAH,2025-11-23,-0.36071845674679087
SAU_QURAYYAH,2025-11-24,-0.44009841343997985
SAU_QURAYYAH,2025-11-25,-0.6057058140024194
SAU_QURAYYAH,2025-11-26,-0.926209804796984
SAU_QURAYYAH,2025-11-28,-0.9134722290997767
SAU_QURAYYAH,2025-11-29,-0.8291748921328319
SAU_QURAYYAH,2025-11-30,-0.8619771425217362
SAU_QURAYYAH,2025-12-05,-0.6321069829092231
SAU_QURAYYAH,2025-12-06,-0.6516293253957639
SAU_QURAYYAH,2025-12-10,-0.34775089000738235
SAU_QURAYYAH,2025-12-14,-0.25386938871174414
SAU_QURAYYAH,2025-12-17,-0.33635581719923396
SAU_QURAYYAH,2025-12-20,-0.3147473584460994
SAU_QURAYYAH,2025-12-21,-0.3536674173843482
SAU_QURAYYAH,2025-12-22,-0.5400346455164359
SAU_QURAYYAH,2025-12-23,-0.5398483181401861
SAU_QURAYYAH,2025-12-25,-0.6514016512123687
SAU_QURAYYAH,2025-12-26,-0.4319697104118642
SAU_QURAYYAH,2025-12-29,-0.2014451867666842
SAU_QURAYYAH,2025-12-31,-0.07581186633816406
SAU_QURAYYAH,2026-01-01,0.022076648831522945
SAU_QURAYYAH,2026-01-03,0.14883373183545945
SAU_QURAYYAH,2026-01-05,0.11944707381099454
SAU_QURAYYAH,2026-01-06,0.07221534749570653
SAU_QURAYYAH,2026-01-07,-0.05378940145276201
SAU_QURAYYAH,2026-01-08,-0.242876478268131
SAU_QURAYYAH,2026-01-11,-0.3270163003803116
SAU_QURAYYAH,2026-01-12,-0.3293575389297711
SAU_QURAYYAH,2026-01-13,-0.42219143317822727
SAU_QURAYYAH,2026-01-14,-0.3710812436550211
SAU_QURAYYAH,2026-01-15,-0.20123341666368164
SAU_QURAYYAH,2026-01-17,-0.21980622385802512
SAU_QURAYYAH,2026-01-20,-0.4302531970147027
SAU_QURAYYAH,2026-01-22,-0.08347902674475785
SAU_QURAYYAH,2026-01-26,0.16665131659313787
SAU_QURAYYAH,2026-01-28,0.10474856576150823
SAU_QURAYYAH,2026-01-30,0.25695430806367525
SAU_QURAYYAH,2026-01-31,0.32668302685420275
SAU_QURAYYAH,2026-02-01,0.4979036600544242
SAU_QURAYYAH,2026-02-02,0.4023250555080354
SAU_QURAYYAH,2026-02-03,0.4637527087995419
SAU_QURAYYAH,2026-02-04,0.6959274724207202
SAU_QURAYYAH,2026-02-05,0.9682175073383694
SAU_QURAYYAH,2026-02-08,1.4069346685333766
SAU_QURAYYAH,2026-02-10,1.5271895735384229
SAU_QURAYYAH,2026-02-11,1.6010527352717798
SAU_QURAYYAH,2026-02-12,1.6483094263633984
SAU_QURAYYAH,2026-02-13,1.666537308261951
SAU_QURAYYAH,2026-02-14,1.5614322628288182
SAU_QURAYYAH,2026-02-17,1.6337051185648226
SAU_QURAYYAH,2026-02-18,1.744353112675427
SAU_QURAYYAH,2026-02-19,1.9389218866524598
SAU_QURAYYAH,2026-02-21,1.7283993368912494
SAU_QURAYYAH,2026-02-22,1.629725117557527
SAU_QURAYYAH,2026-02-24,1.6612094702384572
SAU_QURAYYAH,2026-02-26,1.8238231170776236
SAU_QURAYYAH,2026-02-28,1.8457466727541827
SAU_QURAYYAH,2026-03-05,1.6719954840910025
SAU_QURAYYAH,2026-03-06,1.59595053072301
SAU_QURAYYAH,2026-03-11,1.3258515936364799
SAU_QURAYYAH,2026-03-13,1.227590526928362
SAU_QURAYYAH,2026-03-14,1.2805094572439988
SAU_QURAYYAH,2026-03-15,1.2408975168502292
SAU_QURAYYAH,2026-03-16,1.2088288796238862
SAU_QURAYYAH,2026-03-18,1.336790185781547
SAU_QURAYYAH,2026-03-20,1.1195097993209069
SAU_QURAYYAH,2026-03-22,1.0759407870345465
SAU_QURAYYAH,2026-03-23,1.2684350715311792
SAU_QURAYYAH,2026-03-27,1.2639573672242101
SAU_QURAYYAH,2026-03-28,1.0780623098093611
SAU_QURAYYAH,2026-03-31,0.9784222112144253
SAU_QURAYYAH,2026-04-01,0.9289846528628274
SAU_QURAYYAH,2026-04-02,0.8740250609183509
SAU_QURAYYAH,2026-04-03,0.9180277361171107
SAU_QURAYYAH,2026-04-05,0.9299881870238115
SAU_QURAYYAH,2026-04-06,1.0035213396487128
SAU_QURAYYAH,2026-04-07,1.0150891602507184
SAU_QURAYYAH,2026-04-08,1.2004757295660804
SAU_QURAYYAH,2026-04-13,1.5631203191845773
SAU_QURAYYAH,2026-04-18,1.5705323585975757
SAU_QURAYYAH,2026-04-25,1.7240242498288252
SAU_QURAYYAH,2026-05-01,2.1214678671284615
SAU_QURAYYAH,2026-05-02,2.5027604081524037
SAU_QURAYYAH,2026-05-03,1.9751071330375747
SAU_QURAYYAH,2026-05-04,2.267734045297532
SAU_QURAYYAH,2026-05-05,2.496628530899706
SAU_QURAYYAH,2026-05-06,3.0215294932338383
SAU_QURAYYAH,2026-05-07,2.975589449970906
SAU_QURAYYAH,2026-05-09,2.7911941240746114
SAU_QURAYYAH,2026-05-10,2.784801770974493
SAU_QURAYYAH,2026-05-11,2.6514821958495918
SAU_QURAYYAH,2026-05-12,2.797851557295047
SAU_QURAYYAH,2026-05-14,2.7070307858399345
SAU_QURAYYAH,2026-05-15,2.7106928531967145
SAU_QURAYYAH,2026-05-16,3.036484542558756
SAU_QURAYYAH,2026-05-17,2.9976366759695456
SAU_QURAYYAH,2026-05-18,3.048425915123482
SAU_QURAYYAH,2026-05-19,2.795436259630908
SAU_QURAYYAH,2026-05-20,2.7548247392295067
SAU_QURAYYAH,2026-05-21,3.0332639131444314
SAU_QURAYYAH,2026-05-24,2.913486305887505
SAU_QURAYYAH,2026-05-26,2.8903342528962144
SAU_QURAYYAH,2026-05-27,2.8106499580711604
SAU_QURAYYAH,2026-05-28,2.728939512724697
SAU_QURAYYAH,2026-05-29,2.635629059020039
SAU_QURAYYAH,2026-05-30,2.58840813841415
SAU_QURAYYAH,2026-05-31,2.645576199670086
SAU_QURAYYAH,2026-06-01,2.5984582845084243
SAU_QURAYYAH,2026-06-02,2.937557336871507
SAU_QURAYYAH,2026-06-03,2.896621737691118
SAU_QURAYYAH,2026-06-04,2.8104997140456747
SAU_QURAYYAH,2026-06-07,2.4699643839238115
SAU_QURAYYAH,2026-06-08,2.492976189681206
SAU_QURAYYAH,2026-06-09,2.5378571419226916
SAU_QURAYYAH,2026-06-10,2.755133724553316
SAU_QURAYYAH,2026-06-11,2.641778457522556
SAU_QURAYYAH,2026-06-12,2.639092018221435
SAU_QURAYYAH,2026-06-14,2.5302201384323912
SAU_QURAYYAH,2026-06-15,2.4412464022854974
SAU_QURAYYAH,2026-06-17,2.4983317271612018
SAU_QURAYYAH,2026-06-18,2.897167551313179
SAU_QURAYYAH,2026-06-19,2.940806959433908
SAU_QURAYYAH,2026-06-21,2.7132418667617593
SAU_QURAYYAH,2026-06-24,2.5687839886806083
SAU_QURAYYAH,2026-06-26,2.633721329995776
SAU_QURAYYAH,2026-06-27,2.567963894806073
SAU_QURAYYAH,2026-06-28,2.763180247054221
SAU_QURAYYAH,2026-06-29,2.861579892904257
SAU_QURAYYAH,2026-06-30,2.8378908688340534
SAU_QURAYYAH,2026-07-02,2.668355055287271
SAU_QURAYYAH,2026-07-03,2.724057480635643
SAU_QURAYYAH,2026-07-04,2.748229982096468
SAU_QURAYYAH,2026-07-05,2.8239062270850086
SAU_QURAYYAH,2026-07-06,2.735951952235544
SAU_QURAYYAH,2026-07-07,3.016057964950788
SAU_QURAYYAH,2026-07-08,2.98476346707879
SAU_QURAYYAH,2026-07-09,2.8517208905550375
SAU_QURAYYAH,2026-07-10,2.6082813210132376
SAU_QURAYYAH,2026-07-11,2.499663734582885
SAU_QURAYYAH,2026-07-12,2.4046019949709905
SAU_QURAYYAH,2026-07-13,2.4007296949892165
SAU_QURAYYAH,2026-07-17,2.2197180026431225
SAU_QURAYYAH,2026-07-18,2.1069048288106966
SAU_QURAYYAH,2026-07-19,2.129066126407183
SAU_QURAYYAH,2026-07-23,2.046695774459861
SAU_QURAYYAH,2026-07-24,2.3932886422670703
SAU_QURAYYAH,2026-07-28,2.4442013347595397
SAU_QURAYYAH,2026-07-29,2.436852280571526
SAU_QURAYYAH,2026-07-30,2.517499079625664
SAU_QURAYYAH,2026-07-31,2.456466452849057
SAU_QURAYYAH,2026-08-01,2.4675626258376897
SAU_QURAYYAH,2026-08-03,2.4997254077391107
SAU_QURAYYAH,2026-08-04,2.7002050965013424
SAU_QURAYYAH,2026-08-05,2.7873678621467635
SAU_QURAYYAH,2026-08-06,2.634345779150243
SAU_QURAYYAH,2026-08-07,2.5868984946821643
SAU_QURAYYAH,2026-08-08,3.1264125410875385
SAU_QURAYYAH,2026-08-09,3.321290989352461
SAU_QURAYYAH,2026-08-10,3.5017883691368503
SAU_QURAYYAH,2026-08-11,3.499331306730828
SAU_QURAYYAH,2026-08-12,3.391747938175205
SAU_QURAYYAH,2026-08-13,3.5543162059600424
SAU_QURAYYAH,2026-08-14,3.6130987818134273
SAU_QURAYYAH,2026-08-15,3.6179118906038843
SAU_QURAYYAH,2026-08-16,3.5598055657836567
SAU_QURAYYAH,2026-08-17,3.4920360562939106
SAU_QURAYYAH,2026-08-18,3.4714413783531914
SAU_QURAYYAH,2026-08-21,3.4549303612853586
SAU_QURAYYAH,2026-08-22,3.3057374149978607
SAU_QURAYYAH,2026-08-23,3.1757352281959395
SAU_QURAYYAH,2026-08-24,3.1617400674788136
SAU_QURAYYAH,2026-08-25,3.0810894254114043
SAU_QURAYYAH,2026-08-26,3.1093468452631265
SAU_QURAYYAH,2026-08-27,3.0483441056430007
SAU_QURAYYAH,2026-08-29,3.0226068300866444
SAU_QURAYYAH,2026-08-30,3.1805660800818174
SAU_QURAYYAH,2026-08-31,3.1761537825953643
SAU_QURAYYAH,2026-09-02,2.997038756057065
SAU_QURAYYAH,2026-09-03,2.7805997397561177
SAU_QURAYYAH,2026-09-04,2.7708816571802526
SAU_QURAYYAH,2026-09-05,2.87898006479714
SAU_QURAYYAH,2026-09-06,2.9538497606750838
SAU_QURAYYAH,2026-09-07,2.584701890002966
SAU_QURAYYAH,2026-09-08,2.475754993429427
SAU_QURAYYAH,2026-09-10,2.4452662763646633
SAU_RABIGH,2025-01-01,
SAU_RABIGH,2025-01-02,
SAU_RABIGH,2025-01-04,
SAU_RABIGH,2025-01-07,
SAU_RABIGH,2025-01-10,
SAU_RABIGH,2025-01-11,
SAU_RABIGH,2025-01-13,
SAU_RABIGH,2025-01-14,0.46272810254375496
SAU_RABIGH,2025-01-16,0.5435085013901662
SAU_RABIGH,2025-01-18,0.5771160339656503
SAU_RABIGH,2025-01-19,0.6820596676814016
SAU_RABIGH,2025-01-20,0.7273514345838228
SAU_RABIGH,2025-01-21,0.687834199691628
SAU_RABIGH,2025-01-23,0.7185986593811045
SAU_RABIGH,2025-01-24,0.7482861058893782
SAU_RABIGH,2025-01-27,0.7657874367790278
SAU_RABIGH,2025-01-29,0.7644685703055255
SAU_RABIGH,2025-01-30,0.7617540089128694
SAU_RABIGH,2025-02-01,0.7951448884900261
SAU_RABIGH,2025-02-02,0.7797295742156218
SAU_RABIGH,2025-02-04,0.888356439044237
SAU_RABIGH,2025-02-06,0.8877309862872582
SAU_RABIGH,2025-02-07,0.8807513678186615
SAU_RABIGH,2025-02-08,0.870162400292589
SAU_RABIGH,2025-02-09,0.8525671282264234
SAU_RABIGH,2025-02-10,0.8863956290995849
SAU_RABIGH,2025-02-11,0.8833354153437545
SAU_RABIGH,2025-02-14,0.9520059911088875
SAU_RABIGH,2025-02-17,0.9322558771214879
SAU_RABIGH,2025-02-18,0.8803955203913475
SAU_RABIGH,2025-02-20,0.890676341179514
SAU_RABIGH,2025-02-21,0.878809460464814
SAU_RABIGH,2025-02-22,0.8473141262911345
SAU_RABIGH,2025-02-23,0.8327234604518602
SAU_RABIGH,2025-02-25,0.793805789081776
SAU_RABIGH,2025-02-26,0.7866201100007094
SAU_RABIGH,2025-02-28,0.7907879006554681
SAU_RABIGH,2025-03-01,0.7880630014633332
SAU_RABIGH,2025-03-02,0.7781896548635023
SAU_RABIGH,2025-03-07,0.700458152157542
SAU_RABIGH,2025-03-08,0.7235083543875859
SAU_RABIGH,2025-03-09,0.7232478991571967
SAU_RABIGH,2025-03-10,0.713138416489071
SAU_RABIGH,2025-03-11,0.7187310386007288
SAU_RABIGH,2025-03-12,0.6886913353662621
SAU_RABIGH,2025-03-14,0.6969022108091002
SAU_RABIGH,2025-03-15,0.6942148484190057
SAU_RABIGH,2025-03-16,0.6576189511635213
SAU_RABIGH,2025-03-17,0.6609641062693039
SAU_RABIGH,2025-03-18,0.6970852217038314
SAU_RABIGH,2025-03-19,0.7125498648852049
SAU_RABIGH,2025-03-23,0.7266627824951605
SAU_RABIGH,2025-03-26,0.7133569630080787
SAU_RABIGH,2025-03-27,0.7532184578181935
SAU_RABIGH,2025-03-28,0.743479032979742
SAU_RABIGH,2025-03-29,0.7985543676287894
SAU_RABIGH,2025-03-30,0.8130915984165512
SAU_RABIGH,2025-03-31,0.8189561633089726
SAU_RABIGH,2025-04-01,0.8265274642790412
SAU_RABIGH,2025-04-02,0.8256092941158244
SAU_RABIGH,2025-04-03,0.890848925800913
SAU_RABIGH,2025-04-06,0.8785276885270672
SAU_RABIGH,2025-04-07,0.8880481488338373
SAU_RABIGH,2025-04-08,0.9012447794726512
SAU_RABIGH,2025-04-09,0.9390778905375192
SAU_RABIGH,2025-04-10,0.9408516895973782
SAU_RABIGH,2025-04-13,0.9589885972069337
SAU_RABIGH,2025-04-14,0.9733705523089748
SAU_RABIGH,2025-04-15,1.0001614886107415
SAU_RABIGH,2025-04-16,0.9968843391793937
SAU_RABIGH,2025-04-17,0.9694155613221553
SAU_RABIGH,2025-04-18,0.9514091139396715
SAU_RABIGH,2025-04-19,0.9482478544675988
SAU_RABIGH,2025-04-20,0.9556411373935099
SAU_RABIGH,2025-04-23,0.9811989261543204
SAU_RABIGH,2025-04-24,0.982245269528629
SAU_RABIGH,2025-04-26,1.044232225823421
SAU_RABIGH,2025-04-27,1.0509876701781224
SAU_RABIGH,2025-04-28,1.022809136213282
SAU_RABIGH,2025-04-29,1.0224539336343674
SAU_RABIGH,2025-05-01,1.0352184884327857
SAU_RABIGH,2025-05-02,1.0447644275672348
SAU_RABIGH,2025-05-08,1.010089459217985
SAU_RABIGH,2025-05-09,0.9936994565042727
SAU_RABIGH,2025-05-10,1.0021957146168594
SAU_RABIGH,2025-05-11,1.0040793864839679
SAU_RABIGH,2025-05-12,1.0060406262165504
SAU_RABIGH,2025-05-13,0.9960869371590102
SAU_RABIGH,2025-05-14,0.9768003009775421
SAU_RABIGH,2025-05-18,0.9969198237220854
SAU_RABIGH,2025-05-19,0.9740929472131451
SAU_RABIGH,2025-05-20,0.9679294151481387
SAU_RABIGH,2025-05-21,0.9546798273973152
SAU_RABIGH,2025-05-22,0.9710443529365144
SAU_RABIGH,2025-05-24,0.9192023376616953
SAU_RABIGH,2025-05-25,0.9575158484195088
SAU_RABIGH,2025-05-26,0.9545233771525788
SAU_RABIGH,2025-05-27,0.9904338042002623
SAU_RABIGH,2025-05-29,0.9509838289121805
SAU_RABIGH,2025-05-30,0.9407475677287616
SAU_RABIGH,2025-05-31,0.9528810655847325
SAU_RABIGH,2025-06-01,0.9405127923265004
SAU_RABIGH,2025-06-04,0.9203587006364948
SAU_RABIGH,2025-06-05,0.9451166488226945
SAU_RABIGH,2025-06-06,0.9509644442667439
SAU_RABIGH,2025-06-07,0.9375228463123869
SAU_RABIGH,2025-06-08,0.9036258795438701
SAU_RABIGH,2025-06-09,0.8843910380531076
SAU_RABIGH,2025-06-10,0.8593652023525489
SAU_RABIGH,2025-06-11,0.8653536412792439
SAU_RABIGH,2025-06-12,0.8741083735431623
SAU_RABIGH,2025-06-13,0.8808508962818984
SAU_RABIGH,2025-06-14,0.9221960444950043
SAU_RABIGH,2025-06-16,0.9659265614370004
SAU_RABIGH,2025-06-17,1.0029353737660707
SAU_RABIGH,2025-06-20,1.024143119896996
SAU_RABIGH,2025-06-21,0.9997063233455477
SAU_RABIGH,2025-06-22,1.0030490855877139
SAU_RABIGH,2025-06-23,1.0152634096133974
SAU_RABIGH,2025-06-24,0.976174028049869
SAU_RABIGH,2025-06-25,0.9270397738861251
SAU_RABIGH,2025-06-26,0.9059016482779708
SAU_RABIGH,2025-06-27,0.9169086241643511
SAU_RABIGH,2025-06-28,0.9455444720914364
SAU_RABIGH,2025-06-29,0.9939630423776471
SAU_RABIGH,2025-06-30,1.0189821755823754
SAU_RABIGH,2025-07-01,1.0356158280925858
SAU_RABIGH,2025-07-02,1.03873872395276
SAU_RABIGH,2025-07-03,1.0170850621697478
SAU_RABIGH,2025-07-04,1.036948544348236
SAU_RABIGH,2025-07-05,1.0034030079996157
SAU_RABIGH,2025-07-06,0.9844869539688902
SAU_RABIGH,2025-07-07,1.0031997074423074
SAU_RABIGH,2025-07-08,1.0662923821104677
SAU_RABIGH,2025-07-09,1.1107295914567976
SAU_RABIGH,2025-07-10,1.1695142254984043
SAU_RABIGH,2025-07-11,1.1458495264098425
SAU_RABIGH,2025-07-12,1.1225459887003875
SAU_RABIGH,2025-07-13,1.1353899956304145
SAU_RABIGH,2025-07-15,1.10597531697168
SAU_RABIGH,2025-07-16,1.057727646407685
SAU_RABIGH,2025-07-17,1.0371811224214809
SAU_RABIGH,2025-07-18,1.0334520778596674
SAU_RABIGH,2025-07-24,1.07759480697918
SAU_RABIGH,2025-07-25,1.0905799252193293
SAU_RABIGH,2025-07-26,1.1395905209531152
SAU_RABIGH,2025-07-27,1.148572734498201
SAU_RABIGH,2025-07-28,1.1590235018009516
SAU_RABIGH,2025-07-29,1.191704938544891
SAU_RABIGH,2025-07-30,1.2179360954225704
SAU_RABIGH,2025-07-31,1.2486060634090828
SAU_RABIGH,2025-08-01,1.2221575942763536
SAU_RABIGH,2025-08-02,1.2416188284627163
SAU_RABIGH,2025-08-03,1.2384125206114287
SAU_RABIGH,2025-08-08,1.3324785298799973
SAU_RABIGH,2025-08-09,1.2983354775520322
SAU_RABIGH,2025-08-10,1.4049979621969935
SAU_RABIGH,2025-08-11,1.464518536950806
SAU_RABIGH,2025-08-12,1.457819473792409
SAU_RABIGH,2025-08-13,1.4352487887313305
SAU_RABIGH,2025-08-14,1.4691824430460452
SAU_RABIGH,2025-08-15,1.4909829394696044
SAU_RABIGH,2025-08-17,1.6282533383120192
SAU_RABIGH,2025-08-18,1.624746020583289
SAU_RABIGH,2025-08-19,1.6447322368603543
SAU_RABIGH,2025-08-20,1.6275005410753791
SAU_RABIGH,2025-08-21,1.592224042400251
SAU_RABIGH,2025-08-23,1.581223155265022
SAU_RABIGH,2025-08-24,1.6012299834349653
SAU_RABIGH,2025-08-25,1.5502811272364811
SAU_RABIGH,2025-08-26,1.5490187974500864
SAU_RABIGH,2025-08-29,1.436213678187542
SAU_RABIGH,2025-08-30,1.4149469584998082
SAU_RABIGH,2025-09-02,1.4889371574709007
SAU_RABIGH,2025-09-03,1.4728149155478016
SAU_RABIGH,2025-09-04,1.4540238117617952
SAU_RABIGH,2025-09-05,1.4252611359738097
SAU_RABIGH,2025-09-07,1.3597808744177649
SAU_RABIGH,2025-09-08,1.3347816966969186
SAU_RABIGH,2025-09-09,1.2518476196442174
SAU_RABIGH,2025-09-11,1.245781534371885
SAU_RABIGH,2025-09-12,1.2587962546223128
SAU_RABIGH,2025-09-13,1.2200690980589919
SAU_RABIGH,2025-09-14,1.2052435637946255
SAU_RABIGH,2025-09-15,1.2071830954830711
SAU_RABIGH,2025-09-16,1.122888631933215
SAU_RABIGH,2025-09-17,1.1049905343680506
SAU_RABIGH,2025-09-18,1.0422802897293777
SAU_RABIGH,2025-09-19,1.0216192595571656
SAU_RABIGH,2025-09-20,1.0341878467459344
SAU_RABIGH,2025-09-21,1.058059983181
SAU_RABIGH,2025-09-24,1.0751454014010093
SAU_RABIGH,2025-09-26,1.053175479146108
SAU_RABIGH,2025-09-27,1.049008505219683
SAU_RABIGH,2025-09-29,1.033387275871528
SAU_RABIGH,2025-09-30,1.0834554322989978
SAU_RABIGH,2025-10-01,1.07654391494307
SAU_RABIGH,2025-10-02,1.0731107365366996
SAU_RABIGH,2025-10-03,1.0504282911993534
SAU_RABIGH,2025-10-04,1.0390473714886417
SAU_RABIGH,2025-10-05,1.0302308105292235
SAU_RABIGH,2025-10-06,1.0336199059311837
SAU_RABIGH,2025-10-07,1.0540506656657247
SAU_RABIGH,2025-10-08,1.1127436409239817
SAU_RABIGH,2025-10-10,1.1201670185215944
SAU_RABIGH,2025-10-11,1.1067361910757503
SAU_RABIGH,2025-10-12,1.105918741233905
SAU_RABIGH,2025-10-13,1.1317175264569432
SAU_RABIGH,2025-10-14,1.1449535298459872
SAU_RABIGH,2025-10-15,1.1336056592386499
SAU_RABIGH,2025-10-16,1.1265368900632189
SAU_RABIGH,2025-10-17,1.1194950895059939
SAU_RABIGH,2025-10-18,1.147028773033831
SAU_RABIGH,2025-10-19,1.1522391958440492
SAU_RABIGH,2025-10-20,1.1295229231947348
SAU_RABIGH,2025-10-21,1.0939627197528565
SAU_RABIGH,2025-10-22,1.0719136587841034
SAU_RABIGH,2025-10-23,1.05083468554754
SAU_RABIGH,2025-10-24,1.0190299737317101
SAU_RABIGH,2025-10-26,1.0342395456315943
SAU_RABIGH,2025-10-27,1.0143326730294673
SAU_RABIGH,2025-10-28,1.0337579766340128
SAU_RABIGH,2025-10-29,1.153319742301603
SAU_RABIGH,2025-10-30,1.123262281876299
SAU_RABIGH,2025-10-31,1.1153445378243005
SAU_RABIGH,2025-11-01,1.1127047718204368
SAU_RABIGH,2025-11-02,1.130262477816028
SAU_RABIGH,2025-11-03,1.133581202171983
SAU_RABIGH,2025-11-05,1.1387812981202021
SAU_RABIGH,2025-11-06,1.1413778539400643
SAU_RABIGH,2025-11-08,1.0838298642134097
SAU_RABIGH,2025-11-10,1.069835771144603
SAU_RABIGH,2025-11-11,1.0594559091752027
SAU_RABIGH,2025-11-12,1.0240579050602072
SAU_RABIGH,2025-11-13,1.0051352708652281
SAU_RABIGH,2025-11-15,1.0028849984593022
SAU_RABIGH,2025-11-16,1.014391087657569
SAU_RABIGH,2025-11-17,1.0081870159277049
SAU_RABIGH,2025-11-18,1.0317066079693948
SAU_RABIGH,2025-11-19,1.0321432879191645
SAU_RABIGH,2025-11-22,1.0778778634138297
SAU_RABIGH,2025-11-23,1.1030029761465012
SAU_RABIGH,2025-11-27,1.090797136271701
SAU_RABIGH,2025-11-28,0.9571656927220906
SAU_RABIGH,2025-11-29,0.9194347607361317
SAU_RABIGH,2025-12-02,0.9544256256492707
SAU_RABIGH,2025-12-03,0.9828061262847149
SAU_RABIGH,2025-12-06,0.9491344718640337
SAU_RABIGH,2025-12-10,1.0007476869055818
SAU_RABIGH,2025-12-12,1.0018290694409038
SAU_RABIGH,2025-12-13,1.0158765305482114
SAU_RABIGH,2025-12-14,1.058030468421883
SAU_RABIGH,2025-12-15,1.0592024841273844
SAU_RABIGH,2025-12-17,1.0197708260261715
SAU_RABIGH,2025-12-18,0.9534195932828046
SAU_RABIGH,2025-12-19,0.9626206456358544
SAU_RABIGH,2025-12-27,1.0098858341458032
SAU_RABIGH,2025-12-28,0.9704462904870805
SAU_RABIGH,2025-12-29,1.0325794100959744
SAU_RABIGH,2025-12-30,1.0204822596762413
SAU_RABIGH,2025-12-31,1.0626531260576164
SAU_RABIGH,2026-01-01,1.0410904606052371
SAU_RABIGH,2026-01-02,1.0006705403647007
SAU_RABIGH,2026-01-03,1.0164362303742054
SAU_RABIGH,2026-01-04,0.978508663754048
SAU_RABIGH,2026-01-06,0.9185914317022537
SAU_RABIGH,2026-01-07,0.9020776683519605
SAU_RABIGH,2026-01-08,0.8668859832926209
SAU_RABIGH,2026-01-09,0.8500746753004845
SAU_RABIGH,2026-01-12,0.8485025925380133
SAU_RABIGH,2026-01-15,0.771139759207399
SAU_RABIGH,2026-01-16,0.7462585804157915
SAU_RABIGH,2026-01-17,0.7596563963141347
SAU_RABIGH,2026-01-19,0.7591754032665222
SAU_RABIGH,2026-01-20,0.7626122199446985
SAU_RABIGH,2026-01-22,0.7545317645405313
SAU_RABIGH,2026-01-23,0.7532615104957731
SAU_RABIGH,2026-01-25,0.7432252145722488
SAU_RABIGH,2026-01-27,0.7390084031740135
SAU_RABIGH,2026-01-29,0.6811641921644365
SAU_RABIGH,2026-01-30,0.6262107232650141
SAU_RABIGH,2026-01-31,0.6006096193788264
SAU_RABIGH,2026-02-01,0.599621314831189
SAU_RABIGH,2026-02-02,0.5976804435639834
SAU_RABIGH,2026-02-06,0.6715084654555237
SAU_RABIGH,2026-02-07,0.7391073258751751
SAU_RABIGH,2026-02-08,0.8248625131976348
SAU_RABIGH,2026-02-09,0.8411979200671561
SAU_RABIGH,2026-02-10,0.853603178888951
SAU_RABIGH,2026-02-11,0.8974440852003163
SAU_RABIGH,2026-02-12,0.8986300579746556
SAU_RABIGH,2026-02-13,0.9278408416691444
SAU_RABIGH,2026-02-14,0.9832170465037052
SAU_RABIGH,2026-02-15,1.000752225419046
SAU_RABIGH,2026-02-16,0.9786661719164169
SAU_RABIGH,2026-02-17,0.9864354716912042
SAU_RABIGH,2026-02-18,0.9955920235488034
SAU_RABIGH,2026-02-19,1.0047232052458692
SAU_RABIGH,2026-02-20,0.9800571965152062
SAU_RABIGH,2026-02-21,0.985839829162387
SAU_RABIGH,2026-02-22,1.0323451426231876
SAU_RABIGH,2026-02-23,1.0278210219365032
SAU_RABIGH,2026-02-26,1.009601295947946
SAU_RABIGH,2026-02-27,0.9919872101125529
SAU_RABIGH,2026-02-28,1.0050534370691095
SAU_RABIGH,2026-03-02,1.0200523317174728
SAU_RABIGH,2026-03-03,1.0029348342477904
SAU_RABIGH,2026-03-06,0.996078668023937
SAU_RABIGH,2026-03-08,0.9972651341844404
SAU_RABIGH,2026-03-09,0.9681645064473683
SAU_RABIGH,2026-03-10,0.9080079614638529
SAU_RABIGH,2026-03-11,0.8959602046244345
SAU_RABIGH,2026-03-12,0.8791305356708369
SAU_RABIGH,2026-03-13,0.8457541815137207
SAU_RABIGH,2026-03-14,0.8516169507029203
SAU_RABIGH,2026-03-16,0.7844113301352954
SAU_RABIGH,2026-03-21,0.7944580428576968
SAU_RABIGH,2026-03-22,0.8108126643456997
SAU_RABIGH,2026-03-23,0.7944823192687706
SAU_RABIGH,2026-03-24,0.7254059500702126
SAU_RABIGH,2026-03-27,0.707283626744321
SAU_RABIGH,2026-03-28,0.717786365379465
SAU_RABIGH,2026-03-29,0.8061815684783071
SAU_RABIGH,2026-03-30,0.8650416071120857
SAU_RABIGH,2026-03-31,0.8554859836722402
SAU_RABIGH,2026-04-03,0.8874600415358578
SAU_RABIGH,2026-04-06,0.9067709086661346
SAU_RABIGH,2026-04-07,0.986843248433839
SAU_RABIGH,2026-04-08,0.9999611128995982
SAU_RABIGH,2026-04-10,1.0095504984288766
SAU_RABIGH,2026-04-12,1.0358488597837003
SAU_RABIGH,2026-04-13,1.0632527529220344
SAU_RABIGH,2026-04-14,1.034794208553706
SAU_RABIGH,2026-04-17,1.029312181685631
SAU_RABIGH,2026-04-18,1.0535984688520124
SAU_RABIGH,2026-04-19,1.0607447968279644
SAU_RABIGH,2026-04-22,1.1171658628103645
SAU_RABIGH,2026-04-25,1.112246277831679
SAU_RABIGH,2026-04-27,1.155760890171022
SAU_RABIGH,2026-04-29,1.0210183776794595
SAU_RABIGH,2026-04-30,1.0183078225044797
SAU_RABIGH,2026-05-01,1.0174298708154488
SAU_RABIGH,2026-05-02,1.0142254365420642
SAU_RABIGH,2026-05-03,1.0290099503908896
SAU_RABIGH,2026-05-04,1.1449451103193011
SAU_RABIGH,2026-05-09,1.0619727914832213
SAU_RABIGH,2026-05-10,1.076509305150326
SAU_RABIGH,2026-05-11,1.049245454760718
SAU_RABIGH,2026-05-13,1.0356896812189096
SAU_RABIGH,2026-05-14,1.0623145485953178
SAU_RABIGH,2026-05-15,1.0434766482349052
SAU_RABIGH,2026-05-19,1.086102217295666
SAU_RABIGH,2026-05-20,1.0997836917215031
SAU_RABIGH,2026-05-21,1.0600699862819818
SAU_RABIGH,2026-05-28,1.1116802778540607
SAU_RABIGH,2026-05-31,1.1792835205619097
SAU_RABIGH,2026-06-02,1.224493836686967
SAU_RABIGH,2026-06-03,1.0722430977246855
SAU_RABIGH,2026-06-04,1.0784732014458964
SAU_RABIGH,2026-06-05,1.0987660332730258
SAU_RABIGH,2026-06-06,1.1249536649076224
SAU_RABIGH,2026-06-09,1.1413738402092055
SAU_RABIGH,2026-06-10,1.2101815825347282
SAU_RABIGH,2026-06-11,1.2067524976156414
SAU_RABIGH,2026-06-12,1.1824698506922042
SAU_RABIGH,2026-06-21,1.2121312372197435
SAU_RABIGH,2026-06-23,1.1730208538176332
SAU_RABIGH,2026-06-24,1.1859243445293453
SAU_RABIGH,2026-06-27,1.1616026712575203
SAU_RABIGH,2026-07-03,1.1192912019825692
SAU_RABIGH,2026-07-04,1.0999247619519255
SAU_RABIGH,2026-07-05,1.0950216315244832
SAU_RABIGH,2026-07-08,1.0654036218428493
SAU_RABIGH,2026-07-12,1.0324610828538567
SAU_RABIGH,2026-07-13,1.040591810942155
SAU_RABIGH,2026-07-14,1.044102198263216
SAU_RABIGH,2026-07-15,1.0434741439909399
SAU_RABIGH,2026-07-16,1.0825650961914524
SAU_RABIGH,2026-07-18,1.0820541192115163
SAU_RABIGH,2026-07-22,1.0814828016889708
SAU_RABIGH,2026-07-23,1.1290420300440078
SAU_RABIGH,2026-07-24,1.0922972064725835
SAU_RABIGH,2026-07-25,1.0844930398654307
SAU_RABIGH,2026-07-26,1.0775118160346902
SAU_RABIGH,2026-07-27,1.1558001352322518
SAU_RABIGH,2026-07-30,1.1384133495678415
SAU_RABIGH,2026-07-31,1.1238293590606592
SAU_RABIGH,2026-08-01,1.1151519932524565
SAU_RABIGH,2026-08-03,1.1250075723417667
SAU_RABIGH,2026-08-04,1.1341615262525622
SAU_RABIGH,2026-08-05,1.1180421998181362
SAU_RABIGH,2026-08-08,1.1278778855055454
SAU_RABIGH,2026-08-10,1.0915597999389204
SAU_RABIGH,2026-08-11,1.0797314720763616
SAU_RABIGH,2026-08-17,1.0826613420306117
SAU_RABIGH,2026-08-18,1.1215960372202922
SAU_RABIGH,2026-08-21,1.138472188460885
SAU_RABIGH,2026-08-22,1.1304804004345488
SAU_RABIGH,2026-08-23,1.178326977522243
SAU_RABIGH,2026-08-24,1.1829053889902204
SAU_RABIGH,2026-08-25,1.2669592143049915
SAU_RABIGH,2026-08-26,1.2067159406373802
SAU_RABIGH,2026-08-27,1.2083074992148668
SAU_RABIGH,2026-08-28,1.234217933173978
SAU_RABIGH,2026-08-29,1.33825731865619
SAU_RABIGH,2026-08-30,1.3769962361045989
SAU_RABIGH,2026-08-31,1.3768395125201676
SAU_RABIGH,2026-09-03,1.3882611001780352
SAU_RABIGH,2026-09-05,1.412586170920047
SAU_RABIGH,2026-09-06,1.3744051169253861
SAU_RABIGH,2026-09-07,1.375561978145447
SAU_RABIGH,2026-09-08,1.4324646451284688
SAU_RABIGH,2026-09-09,1.512795584922587
SAU_RABIGH,2026-09-10,1.4972603379207396
SAU_RASALKHAIR,2025-01-01,
SAU_RASALKHAIR,2025-01-02,
SAU_RASALKHAIR,2025-01-03,
SAU_RASALKHAIR,2025-01-04,
SAU_RASALKHAIR,2025-01-05,
SAU_RASALKHAIR,2025-01-09,
SAU_RASALKHAIR,2025-01-10,
SAU_RASALKHAIR,2025-01-11,-0.43301814525381943
SAU_RASALKHAIR,2025-01-14,-0.5639062917162287
SAU_RASALKHAIR,2025-01-15,-0.44424683775147533
SAU_RASALKHAIR,2025-01-18,-0.2968459190536991
SAU_RASALKHAIR,2025-01-19,-0.21618630763487554
SAU_RASALKHAIR,2025-01-20,-0.03434242006949836
SAU_RASALKHAIR,2025-01-21,0.4355865968201977
SAU_RASALKHAIR,2025-01-22,0.5357787367163739
SAU_RASALKHAIR,2025-01-28,0.5009806124832983
SAU_RASALKHAIR,2025-01-29,0.4171511789059724
SAU_RASALKHAIR,2025-01-30,0.5795290933237135
SAU_RASALKHAIR,2025-01-31,0.5388235597727253
SAU_RASALKHAIR,2025-02-01,0.6207205678720364
SAU_RASALKHAIR,2025-02-02,0.4933389367608765
SAU_RASALKHAIR,2025-02-03,0.4845523849670283
SAU_RASALKHAIR,2025-02-05,0.6302718114510174
SAU_RASALKHAIR,2025-02-08,0.8849611005390288
SAU_RASALKHAIR,2025-02-09,0.9279671705353265
SAU_RASALKHAIR,2025-02-10,1.2427354419105623
SAU_RASALKHAIR,2025-02-18,1.4564485109962582
SAU_RASALKHAIR,2025-02-19,1.4639483425536268
SAU_RASALKHAIR,2025-02-20,1.0930158823065428
SAU_RASALKHAIR,2025-02-21,1.1133000626353144
SAU_RASALKHAIR,2025-03-01,1.3240235593654655
SAU_RASALKHAIR,2025-03-02,1.3642423743020542
SAU_RASALKHAIR,2025-03-03,1.268764039420052
SAU_RASALKHAIR,2025-03-12,1.1481398118076684
SAU_RASALKHAIR,2025-03-13,1.0366070832448766
SAU_RASALKHAIR,2025-03-14,1.0061356280159168
SAU_RASALKHAIR,2025-03-15,0.8419262473245859
SAU_RASALKHAIR,2025-03-17,0.8197973673288516
SAU_RASALKHAIR,2025-03-18,0.9275309655942722
SAU_RASALKHAIR,2025-03-19,0.6975457513370769
SAU_RASALKHAIR,2025-03-26,0.4789892304739169
SAU_RASALKHAIR,2025-03-27,0.6290553134570503
SAU_RASALKHAIR,2025-03-28,0.6628656996790241
SAU_RASALKHAIR,2025-03-29,0.768672513179646
SAU_RASALKHAIR,2025-03-30,0.6765019046730405
SAU_RASALKHAIR,2025-04-01,0.3523013814045299
SAU_RASALKHAIR,2025-04-02,0.31466172827739186
SAU_RASALKHAIR,2025-04-06,0.35716870369424314
SAU_RASALKHAIR,2025-04-08,0.37079483808808117
SAU_RASALKHAIR,2025-04-09,0.38682995666511716
SAU_RASALKHAIR,2025-04-10,0.31387894555764134
SAU_RASALKHAIR,2025-04-17,0.26968580117758495
SAU_RASALKHAIR,2025-04-18,0.42598306514489764
SAU_RASALKHAIR,2025-04-19,0.4558314879174891
SAU_RASALKHAIR,2025-04-20,0.5457182725180567
SAU_RASALKHAIR,2025-04-21,1.012425623740493
SAU_RASALKHAIR,2025-04-23,1.0938115614807904
SAU_RASALKHAIR,2025-04-24,1.0674708137957951
SAU_RASALKHAIR,2025-04-25,1.1868884352319329
SAU_RASALKHAIR,2025-04-27,1.1256515341470772
SAU_RASALKHAIR,2025-04-29,1.181285758361897
SAU_RASALKHAIR,2025-05-01,1.4219859551851344
SAU_RASALKHAIR,2025-05-02,1.5357422728151846
SAU_RASALKHAIR,2025-05-05,1.4993656699272835
SAU_RASALKHAIR,2025-05-09,1.6316654206488104
SAU_RASALKHAIR,2025-05-10,1.740365853755732
SAU_RASALKHAIR,2025-05-11,1.8501966991318957
SAU_RASALKHAIR,2025-05-12,1.7001015542617453
SAU_RASALKHAIR,2025-05-13,1.463643166358297
SAU_RASALKHAIR,2025-05-15,1.477065033029155
SAU_RASALKHAIR,2025-05-18,1.598809805446284
SAU_RASALKHAIR,2025-05-20,1.6666267274917757
SAU_RASALKHAIR,2025-05-21,1.1025176096211986
SAU_RASALKHAIR,2025-05-23,1.002347301026775
SAU_RASALKHAIR,2025-05-24,1.0732115794898378
SAU_RASALKHAIR,2025-05-25,1.0202080495363925
SAU_RASALKHAIR,2025-05-26,0.99427211790478
SAU_RASALKHAIR,2025-05-27,1.036219399006983
SAU_RASALKHAIR,2025-05-28,1.1341692633279423
SAU_RASALKHAIR,2025-05-29,1.2399853281017565
SAU_RASALKHAIR,2025-06-02,0.9473817914272542
SAU_RASALKHAIR,2025-06-05,0.907343550365306
SAU_RASALKHAIR,2025-06-06,0.8971579059922683
SAU_RASALKHAIR,2025-06-07,1.0241888331744964
SAU_RASALKHAIR,2025-06-08,1.0560302064438272
SAU_RASALKHAIR,2025-06-09,0.7814507566041616
SAU_RASALKHAIR,2025-06-11,0.43795221468057516
SAU_RASALKHAIR,2025-06-12,0.6258432832285452
SAU_RASALKHAIR,2025-06-13,0.6745009829151687
SAU_RASALKHAIR,2025-06-14,0.7233732263012443
SAU_RASALKHAIR,2025-06-16,0.8601364289957717
SAU_RASALKHAIR,2025-06-21,0.9134957771860316
SAU_RASALKHAIR,2025-06-23,0.994855942591341
SAU_RASALKHAIR,2025-06-26,0.8355757371677456
SAU_RASALKHAIR,2025-06-28,0.4874589850134787
SAU_RASALKHAIR,2025-06-29,0.9005137202465567
SAU_RASALKHAIR,2025-06-30,0.9844141833333232
SAU_RASALKHAIR,2025-07-03,1.0228687504654723
SAU_RASALKHAIR,2025-07-06,0.9292645271467477
SAU_RASALKHAIR,2025-07-07,0.6478967902920683
SAU_RASALKHAIR,2025-07-08,0.6164436676613979
SAU_RASALKHAIR,2025-07-09,1.0149570612201972
SAU_RASALKHAIR,2025-07-10,1.0641182289144162
SAU_RASALKHAIR,2025-07-12,1.5220537768631162
SAU_RASALKHAIR,2025-07-13,1.4902801138277357
SAU_RASALKHAIR,2025-07-14,1.4551979094582732
SAU_RASALKHAIR,2025-07-15,1.4301381994445257
SAU_RASALKHAIR,2025-07-16,1.4121771643141865
SAU_RASALKHAIR,2025-07-17,1.6085976381556695
SAU_RASALKHAIR,2025-07-25,1.6593960862254746
SAU_RASALKHAIR,2025-07-26,1.9247451703526977
SAU_RASALKHAIR,2025-07-28,2.1084001605628564
SAU_RASALKHAIR,2025-07-29,1.7089877886341132
SAU_RASALKHAIR,2025-08-01,1.677389601139466
SAU_RASALKHAIR,2025-08-03,1.8449144346010289
SAU_RASALKHAIR,2025-08-04,1.7272117814972552
SAU_RASALKHAIR,2025-08-05,1.829781089698538
SAU_RASALKHAIR,2025-08-06,2.122909668671378
SAU_RASALKHAIR,2025-08-07,2.143906844187111
SAU_RASALKHAIR,2025-08-08,2.093621358163721
SAU_RASALKHAIR,2025-08-09,2.050384197488622
SAU_RASALKHAIR,2025-08-10,1.8792942391714558
SAU_RASALKHAIR,2025-08-11,1.807932760090153
SAU_RASALKHAIR,2025-08-12,1.90251933334274
SAU_RASALKHAIR,2025-08-13,1.6078584391870117
SAU_RASALKHAIR,2025-08-15,1.7403032283259772
SAU_RASALKHAIR,2025-08-16,1.6090157189815923
SAU_RASALKHAIR,2025-08-17,1.6980756533806178
SAU_RASALKHAIR,2025-08-18,1.7105861117847652
SAU_RASALKHAIR,2025-08-19,1.6013324483594882
SAU_RASALKHAIR,2025-08-20,1.542570581211433
SAU_RASALKHAIR,2025-08-21,1.5488698157363923
SAU_RASALKHAIR,2025-08-22,1.621391709086341
SAU_RASALKHAIR,2025-08-23,1.7095942555507113
SAU_RASALKHAIR,2025-08-24,1.6695927284574876
SAU_RASALKHAIR,2025-08-25,1.4568856057463233
SAU_RASALKHAIR,2025-08-26,1.4239863488001794
SAU_RASALKHAIR,2025-08-27,1.3372214493074166
SAU_RASALKHAIR,2025-08-28,1.7787276464299446
SAU_RASALKHAIR,2025-08-29,1.7648615725297563
SAU_RASALKHAIR,2025-08-31,1.8347014842707026
SAU_RASALKHAIR,2025-09-02,1.7428641010639752
SAU_RASALKHAIR,2025-09-03,1.8234897129694214
SAU_RASALKHAIR,2025-09-04,1.7487420176179422
SAU_RASALKHAIR,2025-09-05,1.632337046385186
SAU_RASALKHAIR,2025-09-06,1.6947907920596068
SAU_RASALKHAIR,2025-09-07,1.6233209578720877
SAU_RASALKHAIR,2025-09-08,1.6622823382098022
SAU_RASALKHAIR,2025-09-09,1.7180188299331365
SAU_RASALKHAIR,2025-09-10,1.6853396833089396
SAU_RASALKHAIR,2025-09-11,1.6866643150501242
SAU_RASALKHAIR,2025-09-12,1.8525038992333602
SAU_RASALKHAIR,2025-09-14,1.7023848616387758
SAU_RASALKHAIR,2025-09-15,1.6198711482951311
SAU_RASALKHAIR,2025-09-16,1.5570554550796356
SAU_RASALKHAIR,2025-09-17,1.6016331035097706
SAU_RASALKHAIR,2025-09-18,1.7331632168794715
SAU_RASALKHAIR,2025-09-19,1.7615716906126753
SAU_RASALKHAIR,2025-09-20,1.7227942301428953
SAU_RASALKHAIR,2025-09-21,1.6225812251413005
SAU_RASALKHAIR,2025-09-25,1.4920181961415457
SAU_RASALKHAIR,2025-09-26,1.5143131277452488
SAU_RASALKHAIR,2025-09-27,1.178164111039146
SAU_RASALKHAIR,2025-09-28,1.1511511073788132
SAU_RASALKHAIR,2025-09-30,0.8484293195983225
SAU_RASALKHAIR,2025-10-03,1.019414584987301
SAU_RASALKHAIR,2025-10-05,1.236040533748182
SAU_RASALKHAIR,2025-10-06,1.272717569710943
SAU_RASALKHAIR,2025-10-07,1.4071699473722539
SAU_RASALKHAIR,2025-10-08,1.3793327395133366
SAU_RASALKHAIR,2025-10-09,1.5185225616210374
SAU_RASALKHAIR,2025-10-10,1.5386696543860046
SAU_RASALKHAIR,2025-10-12,1.5063680227571405
SAU_RASALKHAIR,2025-10-13,1.4981913802740978
SAU_RASALKHAIR,2025-10-14,1.4952165113672884
SAU_RASALKHAIR,2025-10-15,1.40181586558908
SAU_RASALKHAIR,2025-10-16,1.3487541526070048
SAU_RASALKHAIR,2025-10-17,1.2428333223694266
SAU_RASALKHAIR,2025-10-18,1.0531857528932491
SAU_RASALKHAIR,2025-10-19,1.116443863570243
SAU_RASALKHAIR,2025-10-20,1.1062287950076544
SAU_RASALKHAIR,2025-10-21,1.1074405500973656
SAU_RASALKHAIR,2025-10-22,1.2320790782325874
SAU_RASALKHAIR,2025-10-23,1.1741681695155173
SAU_RASALKHAIR,2025-10-24,0.9789507057317408
SAU_RASALKHAIR,2025-10-25,1.139808150519359
SAU_RASALKHAIR,2025-10-26,1.1266685768887843
SAU_RASALKHAIR,2025-10-27,0.9528766028645744
SAU_RASALKHAIR,2025-10-28,0.8905444066064615
SAU_RASALKHAIR,2025-10-29,0.8875485423584605
SAU_RASALKHAIR,2025-10-30,1.013481375957359
SAU_RASALKHAIR,2025-10-31,0.9955993981796721
SAU_RASALKHAIR,2025-11-01,1.1150735319267728
SAU_RASALKHAIR,2025-11-02,0.9648552074523243
SAU_RASALKHAIR,2025-11-03,0.8829382019632555
SAU_RASALKHAIR,2025-11-04,0.6673541812082281
SAU_RASALKHAIR,2025-11-05,0.6176192280289385
SAU_RASALKHAIR,2025-11-06,0.5956050161974731
SAU_RASALKHAIR,2025-11-07,0.4276948231447411
SAU_RASALKHAIR,2025-11-09,0.30262004085297184
SAU_RASALKHAIR,2025-11-10,0.25405074302388125
SAU_RASALKHAIR,2025-11-11,0.33161919735726575
SAU_RASALKHAIR,2025-11-13,0.30125206868564475
SAU_RASALKHAIR,2025-11-14,0.4211346365077833
SAU_RASALKHAIR,2025-11-17,0.6135527754367126
SAU_RASALKHAIR,2025-11-21,0.32495847722821014
SAU_RASALKHAIR,2025-11-22,0.2782925689661681
SAU_RASALKHAIR,2025-11-23,0.34320280675251125
SAU_RASALKHAIR,2025-11-24,0.2255593647531242
SAU_RASALKHAIR,2025-11-25,0.12148358073995254
SAU_RASALKHAIR,2025-11-26,0.36801295552238356
SAU_RASALKHAIR,2025-11-27,0.5358526383788104
SAU_RASALKHAIR,2025-11-28,0.5314367317538636
SAU_RASALKHAIR,2025-11-29,0.49696531342107947
SAU_RASALKHAIR,2025-11-30,0.6097307946842697
SAU_RASALKHAIR,2025-12-01,0.4309336403890125
SAU_RASALKHAIR,2025-12-03,0.6803722478010392
SAU_RASALKHAIR,2025-12-05,0.9124733453118342
SAU_RASALKHAIR,2025-12-17,0.8295004644041132
SAU_RASALKHAIR,2025-12-20,0.8120978434860471
SAU_RASALKHAIR,2025-12-21,0.8934268646923672
SAU_RASALKHAIR,2025-12-22,1.2839382052672277
SAU_RASALKHAIR,2025-12-23,1.6162928135950412
SAU_RASALKHAIR,2025-12-27,1.6987886514143555
SAU_RASALKHAIR,2025-12-29,1.9702550617045802
SAU_RASALKHAIR,2025-12-31,1.9579516709952844
SAU_RASALKHAIR,2026-01-01,1.774095016382911
SAU_RASALKHAIR,2026-01-02,1.6567363271089006
SAU_RASALKHAIR,2026-01-03,1.3674536153695387
SAU_RASALKHAIR,2026-01-05,1.6878202232519446
SAU_RASALKHAIR,2026-01-06,1.3806072521574033
SAU_RASALKHAIR,2026-01-07,1.157835001681942
SAU_RASALKHAIR,2026-01-08,0.6230430752695029
SAU_RASALKHAIR,2026-01-10,0.8334408078153377
SAU_RASALKHAIR,2026-01-11,0.7818092554553503
SAU_RASALKHAIR,2026-01-14,0.7732178103720904
SAU_RASALKHAIR,2026-01-15,0.788698180043848
SAU_RASALKHAIR,2026-01-17,0.8436089896039431
SAU_RASALKHAIR,2026-01-18,0.8904270266086807
SAU_RASALKHAIR,2026-01-19,0.9952601242131436
SAU_RASALKHAIR,2026-01-20,0.9109228634051366
SAU_RASALKHAIR,2026-01-22,0.5410884515787231
SAU_RASALKHAIR,2026-01-26,0.4383206873122106
SAU_RASALKHAIR,2026-01-29,0.4105030344860805
SAU_RASALKHAIR,2026-01-30,0.3551964268187156
SAU_RASALKHAIR,2026-01-31,0.507909637884962
SAU_RASALKHAIR,2026-02-01,0.48422617148585756
SAU_RASALKHAIR,2026-02-02,0.7697062383209174
SAU_RASALKHAIR,2026-02-03,0.7973195519849354
SAU_RASALKHAIR,2026-02-04,0.46138458738860894
SAU_RASALKHAIR,2026-02-05,0.516486365044005
SAU_RASALKHAIR,2026-02-07,0.8271961363179865
SAU_RASALKHAIR,2026-02-08,0.8396961950330084
SAU_RASALKHAIR,2026-02-10,0.5006297470042519
SAU_RASALKHAIR,2026-02-13,0.5481999171178219
SAU_RASALKHAIR,2026-02-14,0.4689851773006335
SAU_RASALKHAIR,2026-02-17,0.43775290568818304
SAU_RASALKHAIR,2026-02-18,0.40285271315636617
SAU_RASALKHAIR,2026-02-19,0.5720869802027111
SAU_RASALKHAIR,2026-02-21,0.6951026006508345
SAU_RASALKHAIR,2026-02-22,0.5822728993526921
SAU_RASALKHAIR,2026-02-24,0.47643652544307147
SAU_RASALKHAIR,2026-02-26,0.5500718309752735
SAU_RASALKHAIR,2026-02-27,0.540070356088204
SAU_RASALKHAIR,2026-03-05,0.13420033558233924
SAU_RASALKHAIR,2026-03-06,0.21302494139461295
SAU_RASALKHAIR,2026-03-07,0.6037457596279339
SAU_RASALKHAIR,2026-03-13,1.1564471245651913
SAU_RASALKHAIR,2026-03-14,1.2347955783001334
SAU_RASALKHAIR,2026-03-18,1.279782550231221
SAU_RASALKHAIR,2026-03-20,1.0678250933836129
SAU_RASALKHAIR,2026-03-21,1.0004784092985075
SAU_RASALKHAIR,2026-03-27,1.4077925595241234
SAU_RASALKHAIR,2026-03-28,1.273916426817781
SAU_RASALKHAIR,2026-03-31,1.3088826414732664
SAU_RASALKHAIR,2026-04-02,1.1172170639552765
SAU_RASALKHAIR,2026-04-05,1.123090886309668
SAU_RASALKHAIR,2026-04-06,0.657313493021635
SAU_RASALKHAIR,2026-04-07,0.6109628215837403
SAU_RASALKHAIR,2026-04-08,0.7646842715900732
SAU_RASALKHAIR,2026-04-10,0.766222511847373
SAU_RASALKHAIR,2026-04-13,0.6934765752507114
SAU_RASALKHAIR,2026-04-14,0.7921686656525785
SAU_RASALKHAIR,2026-04-17,0.881134203207146
SAU_RASALKHAIR,2026-04-18,0.9587278031719012
SAU_RASALKHAIR,2026-04-27,1.1069354354082608
SAU_RASALKHAIR,2026-04-30,1.1752107983612408
SAU_RASALKHAIR,2026-05-01,1.1891938677828462
SAU_RASALKHAIR,2026-05-02,1.4846580575164607
SAU_RASALKHAIR,2026-05-03,1.653407392771477
SAU_RASALKHAIR,2026-05-04,1.8485952569942539
SAU_RASALKHAIR,2026-05-05,2.3746703454800584
SAU_RASALKHAIR,2026-05-08,2.569005788220657
SAU_RASALKHAIR,2026-05-09,2.4481940563498528
SAU_RASALKHAIR,2026-05-10,2.4400411163260167
SAU_RASALKHAIR,2026-05-11,2.3279280866352803
SAU_RASALKHAIR,2026-05-12,2.5045824583139265
SAU_RASALKHAIR,2026-05-14,2.520036122367718
SAU_RASALKHAIR,2026-05-15,2.5079320207937164
SAU_RASALKHAIR,2026-05-16,2.4454516105862996
SAU_RASALKHAIR,2026-05-17,2.4241505400482146
SAU_RASALKHAIR,2026-05-18,2.4604373008627003
SAU_RASALKHAIR,2026-05-19,2.3440847908659643
SAU_RASALKHAIR,2026-05-20,2.282661506460266
SAU_RASALKHAIR,2026-05-21,2.2266295487691274
SAU_RASALKHAIR,2026-05-23,2.195738059124779
SAU_RASALKHAIR,2026-05-24,2.141431366603093
SAU_RASALKHAIR,2026-05-26,2.091227258082824
SAU_RASALKHAIR,2026-05-27,2.141572871295462
SAU_RASALKHAIR,2026-05-28,2.168352042730097
SAU_RASALKHAIR,2026-06-01,2.1889141436525668
SAU_RASALKHAIR,2026-06-02,2.160938864827185
SAU_RASALKHAIR,2026-06-03,1.9736518630160766
SAU_RASALKHAIR,2026-06-04,1.7074268014221945
SAU_RASALKHAIR,2026-06-06,1.6900444178101903
SAU_RASALKHAIR,2026-06-08,1.8006185734646132
SAU_RASALKHAIR,2026-06-09,1.9481466508604883
SAU_RASALKHAIR,2026-06-10,2.088881911897481
SAU_RASALKHAIR,2026-06-11,2.0397934989356226
SAU_RASALKHAIR,2026-06-13,2.0286936279481917
SAU_RASALKHAIR,2026-06-14,2.086952137205121
SAU_RASALKHAIR,2026-06-15,2.2941002991001036
SAU_RASALKHAIR,2026-06-18,2.474683154922066
SAU_RASALKHAIR,2026-06-19,2.64324649640768
SAU_RASALKHAIR,2026-06-21,2.6348990367036587
SAU_RASALKHAIR,2026-06-23,2.8759386668256917
SAU_RASALKHAIR,2026-06-25,2.8712455588477903
SAU_RASALKHAIR,2026-06-26,2.802535494333487
SAU_RASALKHAIR,2026-06-27,2.9551929973605877
SAU_RASALKHAIR,2026-06-29,2.8887803770010625
SAU_RASALKHAIR,2026-07-01,2.8889952591969434
SAU_RASALKHAIR,2026-07-02,2.7959415365403557
SAU_RASALKHAIR,2026-07-03,3.036501936989886
SAU_RASALKHAIR,2026-07-04,3.1181860044377165
SAU_RASALKHAIR,2026-07-05,3.630136126504815
SAU_RASALKHAIR,2026-07-06,3.5638272337246883
SAU_RASALKHAIR,2026-07-10,3.5232217625436024
SAU_RASALKHAIR,2026-07-13,3.5043429988490717
SAU_RASALKHAIR,2026-07-16,3.422151786564756
SAU_RASALKHAIR,2026-07-17,3.406663706363789
SAU_RASALKHAIR,2026-07-18,3.4033101911947767
SAU_RASALKHAIR,2026-07-19,3.186526163025927
SAU_RASALKHAIR,2026-07-22,3.1803809491852904
SAU_RASALKHAIR,2026-07-23,3.05155836881978
SAU_RASALKHAIR,2026-07-24,2.9387346855027077
SAU_RASALKHAIR,2026-07-25,2.839311061792544
SAU_RASALKHAIR,2026-07-26,2.6812856851553777
SAU_RASALKHAIR,2026-07-29,2.7163395768275986
SAU_RASALKHAIR,2026-07-30,2.6904507143735326
SAU_RASALKHAIR,2026-07-31,2.791803382387577
SAU_RASALKHAIR,2026-08-01,2.844671221115456
SAU_RASALKHAIR,2026-08-03,2.9812949971444906
SAU_RASALKHAIR,2026-08-04,2.332702294458081
SAU_RASALKHAIR,2026-08-05,2.479972310359983
SAU_RASALKHAIR,2026-08-06,2.584556989169574
SAU_RASALKHAIR,2026-08-07,2.5023516162937645
SAU_RASALKHAIR,2026-08-08,2.58578061794744
SAU_RASALKHAIR,2026-08-09,2.5529975634354307
SAU_RASALKHAIR,2026-08-10,2.545109594025195
SAU_RASALKHAIR,2026-08-11,2.6018639301183795
SAU_RASALKHAIR,2026-08-12,2.588335117186449
SAU_RASALKHAIR,2026-08-13,2.551281564536801
SAU_RASALKHAIR,2026-08-14,2.514749198253631
SAU_RASALKHAIR,2026-08-15,2.4833839793040555
SAU_RASALKHAIR,2026-08-16,2.4105358763074083
SAU_RASALKHAIR,2026-08-17,2.28939764213364
SAU_RASALKHAIR,2026-08-18,2.360459411737612
SAU_RASALKHAIR,2026-08-19,2.2263641634901172
SAU_RASALKHAIR,2026-08-21,2.1987188517849314
SAU_RASALKHAIR,2026-08-22,2.157729624306083
SAU_RASALKHAIR,2026-08-23,2.191523916861853
SAU_RASALKHAIR,2026-08-24,2.229471492289089
SAU_RASALKHAIR,2026-08-25,2.418611376958075
SAU_RASALKHAIR,2026-08-26,2.3537115907182145
SAU_RASALKHAIR,2026-08-27,2.304336348254434
SAU_RASALKHAIR,2026-08-28,2.147412611321992
SAU_RASALKHAIR,2026-08-29,2.075949689121456
SAU_RASALKHAIR,2026-08-30,2.118510243408294
SAU_RASALKHAIR,2026-09-02,1.7268116471109443
SAU_RASALKHAIR,2026-09-03,1.721567883981553
SAU_RASALKHAIR,2026-09-04,1.7072034828400375
SAU_RASALKHAIR,2026-09-05,1.5851842935074596
SAU_RASALKHAIR,2026-09-06,1.7080833420434243
SAU_RASALKHAIR,2026-09-07,1.4876743121225198
SAU_RASALKHAIR,2026-09-08,1.466680065941311
SAU_RASALKHAIR,2026-09-09,1.5400579345277006
SAU_RASALKHAIR,2026-09-10,1.542558436025052
SAU_RIYADH10,2025-01-02,
SAU_RIYADH10,2025-01-03,
SAU_RIYADH10,2025-01-05,
SAU_RIYADH10,2025-01-06,
SAU_RIYADH10,2025-01-08,
SAU_RIYADH10,2025-01-09,
SAU_RIYADH10,2025-01-11,
SAU_RIYADH10,2025-01-13,0.6299143187086814
SAU_RIYADH10,2025-01-14,0.6941515410916212
SAU_RIYADH10,2025-01-17,0.6511010247390481
SAU_RIYADH10,2025-01-18,0.6533700924343191
SAU_RIYADH10,2025-01-19,0.6530729291739538
SAU_RIYADH10,2025-01-20,0.6520256426006726
SAU_RIYADH10,2025-01-21,0.7715005756534834
SAU_RIYADH10,2025-01-22,0.7559907166449094
SAU_RIYADH10,2025-01-23,0.7341774278594515
SAU_RIYADH10,2025-01-24,0.7091636624390794
SAU_RIYADH10,2025-01-30,0.7062647624618068
SAU_RIYADH10,2025-01-31,0.6945310081292178
SAU_RIYADH10,2025-02-01,0.6952486783253228
SAU_RIYADH10,2025-02-02,0.7134198302584462
SAU_RIYADH10,2025-02-03,0.7075645273841027
SAU_RIYADH10,2025-02-04,0.706325284406362
SAU_RIYADH10,2025-02-05,0.7078446041018334
SAU_RIYADH10,2025-02-07,0.6899832355321044
SAU_RIYADH10,2025-02-09,0.6791718714059674
SAU_RIYADH10,2025-02-10,0.6827087737377222
SAU_RIYADH10,2025-02-11,0.668061220583317
SAU_RIYADH10,2025-02-17,0.6277116095840731
SAU_RIYADH10,2025-02-19,0.5979707423649426
SAU_RIYADH10,2025-02-20,0.47225261344533953
SAU_RIYADH10,2025-02-21,0.4632353673895501
SAU_RIYADH10,2025-02-22,0.45567847619148205
SAU_RIYADH10,2025-02-24,0.44380323842246105
SAU_RIYADH10,2025-02-27,0.4324971814327647
SAU_RIYADH10,2025-02-28,0.42028310270802366
SAU_RIYADH10,2025-03-01,0.3991187200152833
SAU_RIYADH10,2025-03-02,0.38075194188658085
SAU_RIYADH10,2025-03-03,0.3672524747543306
SAU_RIYADH10,2025-03-05,0.3174997832888425
SAU_RIYADH10,2025-03-08,0.32452222586043655
SAU_RIYADH10,2025-03-10,0.3157354658043887
SAU_RIYADH10,2025-03-11,0.2957734839533016
SAU_RIYADH10,2025-03-14,0.3025897686169129
SAU_RIYADH10,2025-03-15,0.3069730172484359
SAU_RIYADH10,2025-03-17,0.30004431414575355
SAU_RIYADH10,2025-03-18,0.32703810964450625
SAU_RIYADH10,2025-03-19,0.3383381159705337
SAU_RIYADH10,2025-03-23,0.34238051011941834
SAU_RIYADH10,2025-03-24,0.3406055162566993
SAU_RIYADH10,2025-03-25,0.3627271855189857
SAU_RIYADH10,2025-03-26,0.4496410760039049
SAU_RIYADH10,2025-03-30,0.461746460567015
SAU_RIYADH10,2025-03-31,0.4574674383998617
SAU_RIYADH10,2025-04-01,0.4631731101901968
SAU_RIYADH10,2025-04-02,0.44372064868348154
SAU_RIYADH10,2025-04-03,0.46134424852433753
SAU_RIYADH10,2025-04-05,0.46167270163627516
SAU_RIYADH10,2025-04-07,0.4331969058046235
SAU_RIYADH10,2025-04-08,0.4270222534980947
SAU_RIYADH10,2025-04-09,0.45186174774050786
SAU_RIYADH10,2025-04-11,0.4653216784494123
SAU_RIYADH10,2025-04-12,0.503855605699439
SAU_RIYADH10,2025-04-13,0.4813697356153053
SAU_RIYADH10,2025-04-14,0.4853470459944349
SAU_RIYADH10,2025-04-15,0.48523882938444834
SAU_RIYADH10,2025-04-16,0.4932067331433365
SAU_RIYADH10,2025-04-17,0.47260535291940375
SAU_RIYADH10,2025-04-18,0.47165233076006285
SAU_RIYADH10,2025-04-20,0.49363259011135613
SAU_RIYADH10,2025-04-23,0.5531460328511391
SAU_RIYADH10,2025-04-24,0.6100017610072309
SAU_RIYADH10,2025-04-26,0.6381775073400092
SAU_RIYADH10,2025-04-27,0.6847185570705242
SAU_RIYADH10,2025-04-28,0.7305171210023672
SAU_RIYADH10,2025-04-29,0.7775801563998567
SAU_RIYADH10,2025-05-01,0.848906760345519
SAU_RIYADH10,2025-05-02,0.8627717559834968
SAU_RIYADH10,2025-05-03,0.8572646603148474
SAU_RIYADH10,2025-05-07,0.9031736560075677
SAU_RIYADH10,2025-05-08,0.9406759927407523
SAU_RIYADH10,2025-05-11,1.0059513421385584
SAU_RIYADH10,2025-05-12,1.0040330773987725
SAU_RIYADH10,2025-05-13,1.0435991628993135
SAU_RIYADH10,2025-05-14,1.062732513347328
SAU_RIYADH10,2025-05-15,1.0936816208176574
SAU_RIYADH10,2025-05-16,1.1039033210295073
SAU_RIYADH10,2025-05-17,1.1403612525361053
SAU_RIYADH10,2025-05-18,1.170540484834861
SAU_RIYADH10,2025-05-19,1.1699343365307922
SAU_RIYADH10,2025-05-20,1.276867487803878
SAU_RIYADH10,2025-05-21,1.2932662338192022
SAU_RIYADH10,2025-05-22,1.3828442985367448
SAU_RIYADH10,2025-05-23,1.4639724013570883
SAU_RIYADH10,2025-05-24,1.5689833834291138
SAU_RIYADH10,2025-05-25,1.5657805299660268
SAU_RIYADH10,2025-05-26,1.5197417289521427
SAU_RIYADH10,2025-05-27,1.5592177911519087
SAU_RIYADH10,2025-05-28,1.559814054714866
SAU_RIYADH10,2025-05-29,1.5987817375606788
SAU_RIYADH10,2025-05-30,1.5906832590511975
SAU_RIYADH10,2025-05-31,1.5830300047910513
SAU_RIYADH10,2025-06-03,1.671876813656433
SAU_RIYADH10,2025-06-04,1.6563582161924872
SAU_RIYADH10,2025-06-08,1.721533784050523
SAU_RIYADH10,2025-06-09,1.6957205215974935
SAU_RIYADH10,2025-06-10,1.669283050149604
SAU_RIYADH10,2025-06-14,1.8763711439459703
SAU_RIYADH10,2025-06-15,1.9338397259899687
SAU_RIYADH10,2025-06-16,1.9614102257392114
SAU_RIYADH10,2025-06-17,2.0102634006865463
SAU_RIYADH10,2025-06-18,2.035675352399208
SAU_RIYADH10,2025-06-19,1.9783381397133455
SAU_RIYADH10,2025-06-20,1.9450767605196229
SAU_RIYADH10,2025-06-21,1.8345948113496002
SAU_RIYADH10,2025-06-22,1.7906961227674087
SAU_RIYADH10,2025-06-23,1.7027481068660961
SAU_RIYADH10,2025-06-26,1.6600157857665703
SAU_RIYADH10,2025-06-27,1.618505552992976
SAU_RIYADH10,2025-06-29,1.6192678153135263
SAU_RIYADH10,2025-06-30,1.6416131693364802
SAU_RIYADH10,2025-07-01,1.6106653972243141
SAU_RIYADH10,2025-07-02,1.5727954925559782
SAU_RIYADH10,2025-07-03,1.5408594223989245
SAU_RIYADH10,2025-07-05,1.5420001629544684
SAU_RIYADH10,2025-07-06,1.5702745114083785
SAU_RIYADH10,2025-07-07,1.549769214182813
SAU_RIYADH10,2025-07-08,1.5345545694742575
SAU_RIYADH10,2025-07-09,1.604142617195817
SAU_RIYADH10,2025-07-11,1.6915223710457552
SAU_RIYADH10,2025-07-12,1.7893622990512927
SAU_RIYADH10,2025-07-13,1.7925855421067896
SAU_RIYADH10,2025-07-14,1.7100449626770833
SAU_RIYADH10,2025-07-15,1.7006086363742767
SAU_RIYADH10,2025-07-16,1.7095473555884637
SAU_RIYADH10,2025-07-17,1.6918700288683428
SAU_RIYADH10,2025-07-18,1.6522003541546446
SAU_RIYADH10,2025-07-19,1.6463268413789427
SAU_RIYADH10,2025-07-20,1.655845491888408
SAU_RIYADH10,2025-07-21,1.6771155259477857
SAU_RIYADH10,2025-07-22,1.6642376793186306
SAU_RIYADH10,2025-07-23,1.665973897599528
SAU_RIYADH10,2025-07-24,1.6621936154151722
SAU_RIYADH10,2025-07-25,1.6502197628934434
SAU_RIYADH10,2025-07-29,1.7022193051024033
SAU_RIYADH10,2025-07-31,1.7499552601692596
SAU_RIYADH10,2025-08-01,1.787872075598998
SAU_RIYADH10,2025-08-02,1.7872336562763793
SAU_RIYADH10,2025-08-03,1.7541850077133767
SAU_RIYADH10,2025-08-04,1.7735609050336543
SAU_RIYADH10,2025-08-05,1.747215316220674
SAU_RIYADH10,2025-08-06,1.776958180054934
SAU_RIYADH10,2025-08-07,1.89458643650375
SAU_RIYADH10,2025-08-10,1.7866304187010007
SAU_RIYADH10,2025-08-13,1.6712766739477871
SAU_RIYADH10,2025-08-14,1.6448512593168751
SAU_RIYADH10,2025-08-15,1.6208622005025441
SAU_RIYADH10,2025-08-16,1.6502163293377992
SAU_RIYADH10,2025-08-17,1.6864522657797232
SAU_RIYADH10,2025-08-18,1.6583282158028525
SAU_RIYADH10,2025-08-19,1.6411130798662297
SAU_RIYADH10,2025-08-22,1.5776677632099936
SAU_RIYADH10,2025-08-24,1.664290319585286
SAU_RIYADH10,2025-08-25,1.8103149128005682
SAU_RIYADH10,2025-08-26,1.7891613641762472
SAU_RIYADH10,2025-08-27,1.7855730278924467
SAU_RIYADH10,2025-08-28,1.7780595920970812
SAU_RIYADH10,2025-08-29,1.7336082438483167
SAU_RIYADH10,2025-08-30,1.6900716278654877
SAU_RIYADH10,2025-08-31,1.675531268351899
SAU_RIYADH10,2025-09-01,1.6853001187409766
SAU_RIYADH10,2025-09-05,1.685493312459516
SAU_RIYADH10,2025-09-06,1.5063650276652156
SAU_RIYADH10,2025-09-07,1.5469703139644684
SAU_RIYADH10,2025-09-09,1.484818768142338
SAU_RIYADH10,2025-09-10,1.470808465899728
SAU_RIYADH10,2025-09-11,1.4509259838677706
SAU_RIYADH10,2025-09-12,1.4636751363064886
SAU_RIYADH10,2025-09-14,1.4509859775474574
SAU_RIYADH10,2025-09-15,1.381589264226991
SAU_RIYADH10,2025-09-16,1.3830006520032732
SAU_RIYADH10,2025-09-17,1.3833400993247331
SAU_RIYADH10,2025-09-18,1.4596173507047132
SAU_RIYADH10,2025-09-20,1.437134217481831
SAU_RIYADH10,2025-09-21,1.4695924871210837
SAU_RIYADH10,2025-09-22,1.450681607091272
SAU_RIYADH10,2025-09-23,1.353785615327731
SAU_RIYADH10,2025-09-24,1.1940637117843929
SAU_RIYADH10,2025-09-26,1.1416956061743142
SAU_RIYADH10,2025-09-27,1.1058926612745958
SAU_RIYADH10,2025-09-28,1.0975525956695324
SAU_RIYADH10,2025-09-29,1.0843295760316527
SAU_RIYADH10,2025-09-30,1.0894610031816852
SAU_RIYADH10,2025-10-01,1.1086620262329159
SAU_RIYADH10,2025-10-02,1.0928870079425146
SAU_RIYADH10,2025-10-03,1.0716373100753334
SAU_RIYADH10,2025-10-04,1.0569833192261406
SAU_RIYADH10,2025-10-05,1.0608987963291336
SAU_RIYADH10,2025-10-06,1.0697026554035607
SAU_RIYADH10,2025-10-07,1.0049439620780123
SAU_RIYADH10,2025-10-08,1.0667459251021034
SAU_RIYADH10,2025-10-09,1.116694837088998
SAU_RIYADH10,2025-10-10,1.0997227469077013
SAU_RIYADH10,2025-10-11,1.0786204800067243
SAU_RIYADH10,2025-10-14,1.050273970354432
SAU_RIYADH10,2025-10-15,1.0392616103076884
SAU_RIYADH10,2025-10-16,0.988852696921336
SAU_RIYADH10,2025-10-17,0.9685297492469854
SAU_RIYADH10,2025-10-18,0.9053821226706139
SAU_RIYADH10,2025-10-19,0.9115469247971082
SAU_RIYADH10,2025-10-20,0.9195493552906774
SAU_RIYADH10,2025-10-23,0.87250434055332
SAU_RIYADH10,2025-10-24,0.866943024712564
SAU_RIYADH10,2025-10-25,0.903727123268575
SAU_RIYADH10,2025-10-26,0.9349772222510276
SAU_RIYADH10,2025-10-27,0.9551575209679396
SAU_RIYADH10,2025-10-28,1.0147646172713527
SAU_RIYADH10,2025-10-29,1.1110992742104047
SAU_RIYADH10,2025-10-30,1.1720787680268587
SAU_RIYADH10,2025-10-31,1.1379353205992513
SAU_RIYADH10,2025-11-01,1.1679024029317395
SAU_RIYADH10,2025-11-02,1.1827002445158237
SAU_RIYADH10,2025-11-03,1.2379889573007783
SAU_RIYADH10,2025-11-04,1.2547714314069718
SAU_RIYADH10,2025-11-05,1.282083631370868
SAU_RIYADH10,2025-11-10,1.3282711080757847
SAU_RIYADH10,2025-11-13,1.3604246251514724
SAU_RIYADH10,2025-11-14,1.3548803621487466
SAU_RIYADH10,2025-11-15,1.359497462904803
SAU_RIYADH10,2025-11-17,1.3820186870982876
SAU_RIYADH10,2025-11-18,1.3450637429915897
SAU_RIYADH10,2025-11-19,1.3017767924908743
SAU_RIYADH10,2025-11-20,1.2992944248200404
SAU_RIYADH10,2025-11-21,1.285327262954372
SAU_RIYADH10,2025-11-22,1.3194434796827246
SAU_RIYADH10,2025-11-23,1.3379209775382515
SAU_RIYADH10,2025-11-25,1.3043802506072288
SAU_RIYADH10,2025-11-26,1.2766487848044354
SAU_RIYADH10,2025-11-27,1.3362831492737905
SAU_RIYADH10,2025-11-28,1.2212687183406994
SAU_RIYADH10,2025-12-05,0.9677097650531993
SAU_RIYADH10,2025-12-06,0.9580624816842052
SAU_RIYADH10,2025-12-07,0.9361182009948978
SAU_RIYADH10,2025-12-08,0.913526772489937
SAU_RIYADH10,2025-12-09,0.8877829810442661
SAU_RIYADH10,2025-12-11,0.8338997693677037
SAU_RIYADH10,2025-12-17,0.8593873287019838
SAU_RIYADH10,2025-12-19,0.894692841873034
SAU_RIYADH10,2025-12-20,0.8739336858873672
SAU_RIYADH10,2025-12-22,0.8163323068332472
SAU_RIYADH10,2025-12-23,0.7719292426158051
SAU_RIYADH10,2025-12-25,0.7426331093395108
SAU_RIYADH10,2025-12-26,0.7164032301446202
SAU_RIYADH10,2025-12-27,0.509237057409484
SAU_RIYADH10,2025-12-30,0.5214993378301499
SAU_RIYADH10,2025-12-31,0.5243922863036454
SAU_RIYADH10,2026-01-01,0.5363977836973357
SAU_RIYADH10,2026-01-03,0.5970301724466196
SAU_RIYADH10,2026-01-04,0.5850531836043058
SAU_RIYADH10,2026-01-05,0.6071393588915444
SAU_RIYADH10,2026-01-09,0.6145065493115726
SAU_RIYADH10,2026-01-10,0.6195250082850177
SAU_RIYADH10,2026-01-11,0.597419658488957
SAU_RIYADH10,2026-01-12,0.5931611784400861
SAU_RIYADH10,2026-01-13,0.5782705603987894
SAU_RIYADH10,2026-01-14,0.5790953240785595
SAU_RIYADH10,2026-01-18,0.6104924577801737
SAU_RIYADH10,2026-01-19,0.5678109153603254
SAU_RIYADH10,2026-01-20,0.5625688983004209
SAU_RIYADH10,2026-01-21,0.5562869388881176
SAU_RIYADH10,2026-01-22,0.5694006151364491
SAU_RIYADH10,2026-01-23,0.5495078557745542
SAU_RIYADH10,2026-01-26,0.5579340340809379
SAU_RIYADH10,2026-01-27,0.5522164360217172
SAU_RIYADH10,2026-01-28,0.5440451089286609
SAU_RIYADH10,2026-01-29,0.5269496700291818
SAU_RIYADH10,2026-01-30,0.5240459112139878
SAU_RIYADH10,2026-01-31,0.5005685140124132
SAU_RIYADH10,2026-02-02,0.44601643879432207
SAU_RIYADH10,2026-02-03,0.4476867155052651
SAU_RIYADH10,2026-02-04,0.41372352048404587
SAU_RIYADH10,2026-02-07,0.403967440639706
SAU_RIYADH10,2026-02-08,0.4028782920900765
SAU_RIYADH10,2026-02-09,0.4174219901428052
SAU_RIYADH10,2026-02-10,0.4147132609346331
SAU_RIYADH10,2026-02-12,0.4116381534553187
SAU_RIYADH10,2026-02-13,0.3943923880233082
SAU_RIYADH10,2026-02-14,0.38551254077903446
SAU_RIYADH10,2026-02-15,0.37505093984137994
SAU_RIYADH10,2026-02-16,0.37104400838606444
SAU_RIYADH10,2026-02-18,0.3706905703169277
SAU_RIYADH10,2026-02-19,0.3657584203275245
SAU_RIYADH10,2026-02-23,0.37651372138541755
SAU_RIYADH10,2026-02-24,0.36642524938237014
SAU_RIYADH10,2026-02-25,0.3527315424857194
SAU_RIYADH10,2026-02-26,0.34262264826302813
SAU_RIYADH10,2026-02-27,0.3308574579736475
SAU_RIYADH10,2026-02-28,0.3561228817213987
SAU_RIYADH10,2026-03-01,0.33887871529850183
SAU_RIYADH10,2026-03-08,0.32657744202694483
SAU_RIYADH10,2026-03-11,0.2936705649613394
SAU_RIYADH10,2026-03-14,0.2904444665232713
SAU_RIYADH10,2026-03-15,0.2877895536303611
SAU_RIYADH10,2026-03-16,0.2915153920759755
SAU_RIYADH10,2026-03-18,0.32466665182050086
SAU_RIYADH10,2026-03-20,0.31180445153685477
SAU_RIYADH10,2026-03-21,0.3013065831260588
SAU_RIYADH10,2026-03-22,0.2900902803928226
SAU_RIYADH10,2026-03-25,0.25714176284321144
SAU_RIYADH10,2026-03-27,0.25275952638567445
SAU_RIYADH10,2026-03-29,0.26709930252689446
SAU_RIYADH10,2026-04-03,0.28713500764738026
SAU_RIYADH10,2026-04-04,0.29592598826025457
SAU_RIYADH10,2026-04-05,0.2868173172306976
SAU_RIYADH10,2026-04-06,0.2846487131545297
SAU_RIYADH10,2026-04-07,0.29761398830624297
SAU_RIYADH10,2026-04-10,0.30788338369549406
SAU_RIYADH10,2026-04-13,0.30623992374324266
SAU_RIYADH10,2026-04-14,0.33009580514255255
SAU_RIYADH10,2026-04-15,0.3487161726790317
SAU_RIYADH10,2026-04-16,0.3931830377562826
SAU_RIYADH10,2026-04-17,0.3809771719509323
SAU_RIYADH10,2026-04-18,0.38385544012557
SAU_RIYADH10,2026-04-21,0.4099097537216044
SAU_RIYADH10,2026-04-22,0.40462896225205697
SAU_RIYADH10,2026-04-23,0.38930334258571164
SAU_RIYADH10,2026-04-24,0.4058326118501914
SAU_RIYADH10,2026-04-30,0.43185146995623336
SAU_RIYADH10,2026-05-01,0.4296710420982684
SAU_RIYADH10,2026-05-02,0.43030997419225797
SAU_RIYADH10,2026-05-03,0.45481613882813987
SAU_RIYADH10,2026-05-05,0.48256861572378895
SAU_RIYADH10,2026-05-06,0.5150658382274986
SAU_RIYADH10,2026-05-09,0.5280266466569767
SAU_RIYADH10,2026-05-10,0.5633900993969481
SAU_RIYADH10,2026-05-12,0.5789532839261513
SAU_RIYADH10,2026-05-13,0.6271421627235375
SAU_RIYADH10,2026-05-14,0.6868949501758671
SAU_RIYADH10,2026-05-15,0.7057339877297364
SAU_RIYADH10,2026-05-17,0.722699891223488
SAU_RIYADH10,2026-05-18,0.7385190278989227
SAU_RIYADH10,2026-05-19,0.7520078114245132
SAU_RIYADH10,2026-05-20,0.790214614603777
SAU_RIYADH10,2026-05-21,0.8343907539068693
SAU_RIYADH10,2026-05-22,0.8590069370941027
SAU_RIYADH10,2026-05-23,0.9115001890735467
SAU_RIYADH10,2026-05-26,1.012097815217324
SAU_RIYADH10,2026-05-27,1.0088249326006338
SAU_RIYADH10,2026-05-28,1.00019991672998
SAU_RIYADH10,2026-05-29,0.9902351579472526
SAU_RIYADH10,2026-05-30,1.0159561776308048
SAU_RIYADH10,2026-05-31,1.1000731994994415
SAU_RIYADH10,2026-06-01,1.1472162263126087
SAU_RIYADH10,2026-06-02,1.1763017168492567
SAU_RIYADH10,2026-06-04,1.2794484374093273
SAU_RIYADH10,2026-06-05,1.3137369657456095
SAU_RIYADH10,2026-06-06,1.3102112218977437
SAU_RIYADH10,2026-06-07,1.3630783422585795
SAU_RIYADH10,2026-06-08,1.3805196729717215
SAU_RIYADH10,2026-06-09,1.389384837694877
SAU_RIYADH10,2026-06-10,1.3929795598783064
SAU_RIYADH10,2026-06-11,1.435007286064925
SAU_RIYADH10,2026-06-12,1.4425190310246305
SAU_RIYADH10,2026-06-15,1.4390453287654466
SAU_RIYADH10,2026-06-16,1.456258436003225
SAU_RIYADH10,2026-06-17,1.525596983134726
SAU_RIYADH10,2026-06-21,1.5915900343720317
SAU_RIYADH10,2026-06-23,1.715738036811282
SAU_RIYADH10,2026-06-24,1.6992423899125775
SAU_RIYADH10,2026-06-25,1.661412115959661
SAU_RIYADH10,2026-06-28,1.764942502607931
SAU_RIYADH10,2026-06-29,1.8058060718418445
SAU_RIYADH10,2026-06-30,1.7842530267808354
SAU_RIYADH10,2026-07-01,1.908222525674814
SAU_RIYADH10,2026-07-02,1.9197393973287082
SAU_RIYADH10,2026-07-03,1.907913873090025
SAU_RIYADH10,2026-07-04,1.863933235948012
SAU_RIYADH10,2026-07-05,1.866808863303057
SAU_RIYADH10,2026-07-06,1.869978248122461
SAU_RIYADH10,2026-07-08,1.866477689901735
SAU_RIYADH10,2026-07-09,1.8925005986797374
SAU_RIYADH10,2026-07-10,1.8646459905892419
SAU_RIYADH10,2026-07-11,1.8348201205696644
SAU_RIYADH10,2026-07-12,1.8731708226649608
SAU_RIYADH10,2026-07-14,1.8687431949542521
SAU_RIYADH10,2026-07-15,1.8725173932121792
SAU_RIYADH10,2026-07-16,1.8923829367997032
SAU_RIYADH10,2026-07-17,1.955161328626619
SAU_RIYADH10,2026-07-18,2.017296781179584
SAU_RIYADH10,2026-07-21,2.021351872834259
SAU_RIYADH10,2026-07-22,2.012226423099706
SAU_RIYADH10,2026-07-23,1.9494663001114887
SAU_RIYADH10,2026-07-24,1.9483628313654808
SAU_RIYADH10,2026-07-25,1.9265071078396412
SAU_RIYADH10,2026-07-26,1.8817835295151157
SAU_RIYADH10,2026-07-27,1.8432264400665224
SAU_RIYADH10,2026-07-29,1.8472011578957903
SAU_RIYADH10,2026-07-30,1.8592034472358434
SAU_RIYADH10,2026-07-31,1.7357811897784061
SAU_RIYADH10,2026-08-01,1.6891953176366288
SAU_RIYADH10,2026-08-03,1.6860434007289093
SAU_RIYADH10,2026-08-04,1.687494095685074
SAU_RIYADH10,2026-08-05,1.7700836011506016
SAU_RIYADH10,2026-08-06,1.7678521462449843
SAU_RIYADH10,2026-08-09,1.8282000995994259
SAU_RIYADH10,2026-08-13,1.883412932392425
SAU_RIYADH10,2026-08-14,1.9192215967389243
SAU_RIYADH10,2026-08-15,1.9884550322193664
SAU_RIYADH10,2026-08-16,1.8685974209343565
SAU_RIYADH10,2026-08-17,1.9489089211850692
SAU_RIYADH10,2026-08-19,1.9388103871347617
SAU_RIYADH10,2026-08-21,1.9267224780028964
SAU_RIYADH10,2026-08-22,1.8589561250872193
SAU_RIYADH10,2026-08-23,1.8523718140876688
SAU_RIYADH10,2026-08-26,1.9581373567473677
SAU_RIYADH10,2026-08-27,1.964287290193608
SAU_RIYADH10,2026-08-29,1.9947734901756466
SAU_RIYADH10,2026-08-30,2.033905857501782
SAU_RIYADH10,2026-09-01,2.0165316519014422
SAU_RIYADH10,2026-09-02,1.9445853751632476
SAU_RIYADH10,2026-09-03,1.9184101487025318
SAU_RIYADH10,2026-09-05,1.9443457462745992
SAU_RIYADH10,2026-09-06,1.9238395134150226
SAU_RIYADH10,2026-09-07,1.8652857649726837
SAU_RIYADH10,2026-09-08,1.8036451074881121
SAU_RIYADH10,2026-09-09,1.824186129961018
SAU_RIYADH1112,2025-01-01,
SAU_RIYADH1112,2025-01-02,
SAU_RIYADH1112,2025-01-03,
SAU_RIYADH1112,2025-01-05,
SAU_RIYADH1112,2025-01-07,
SAU_RIYADH1112,2025-01-08,
SAU_RIYADH1112,2025-01-09,
SAU_RIYADH1112,2025-01-10,1.3914855824426622
SAU_RIYADH1112,2025-01-13,1.3003930572885891
SAU_RIYADH1112,2025-01-14,1.2635966739931956
SAU_RIYADH1112,2025-01-15,0.7897121750897443
SAU_RIYADH1112,2025-01-16,0.8412723058073125
SAU_RIYADH1112,2025-01-17,0.848455982506954
SAU_RIYADH1112,2025-01-18,0.8142445044613549
SAU_RIYADH1112,2025-01-19,0.8881411865945359
SAU_RIYADH1112,2025-01-20,1.0536005313606374
SAU_RIYADH1112,2025-01-21,1.0868569837443443
SAU_RIYADH1112,2025-01-22,0.6907392799935582
SAU_RIYADH1112,2025-01-23,0.6868383535764341
SAU_RIYADH1112,2025-01-30,0.6894158391298701
SAU_RIYADH1112,2025-01-31,0.6955689148210422
SAU_RIYADH1112,2025-02-01,0.7466505995448975
SAU_RIYADH1112,2025-02-02,0.706764290446394
SAU_RIYADH1112,2025-02-04,0.6881465625229215
SAU_RIYADH1112,2025-02-05,0.7071050518938924
SAU_RIYADH1112,2025-02-07,0.676142054791318
SAU_RIYADH1112,2025-02-09,0.4434275861130674
SAU_RIYADH1112,2025-02-11,0.44587215290492405
SAU_RIYADH1112,2025-02-12,0.47864741348817585
SAU_RIYADH1112,2025-02-20,0.21103075954288403
SAU_RIYADH1112,2025-02-21,0.6558575588669693
SAU_RIYADH1112,2025-02-22,0.665387250692167
SAU_RIYADH1112,2025-03-01,0.6601104136193352
SAU_RIYADH1112,2025-03-02,0.6372855605237961
SAU_RIYADH1112,2025-03-03,0.8446996490652855
SAU_RIYADH1112,2025-03-10,0.7882588055217011
SAU_RIYADH1112,2025-03-11,0.8246539778042512
SAU_RIYADH1112,2025-03-12,0.7629773065064217
SAU_RIYADH1112,2025-03-14,0.7154546929854405
SAU_RIYADH1112,2025-03-15,0.7675115011723089
SAU_RIYADH1112,2025-03-17,0.7620625979631638
SAU_RIYADH1112,2025-03-18,0.8089855451491493
SAU_RIYADH1112,2025-03-19,0.8260626918818633
SAU_RIYADH1112,2025-03-24,0.9777094544754902
SAU_RIYADH1112,2025-03-25,1.0223795826622124
SAU_RIYADH1112,2025-03-26,1.0891763047843332
SAU_RIYADH1112,2025-03-28,1.1115762132348548
SAU_RIYADH1112,2025-03-29,1.1028805136460622
SAU_RIYADH1112,2025-03-30,1.0886235900504442
SAU_RIYADH1112,2025-03-31,1.1118915627874273
SAU_RIYADH1112,2025-04-02,0.8709665251477473
SAU_RIYADH1112,2025-04-03,0.873771945459705
SAU_RIYADH1112,2025-04-08,0.6959789463445145
SAU_RIYADH1112,2025-04-09,0.7760095867166833
SAU_RIYADH1112,2025-04-12,0.8587352420181632
SAU_RIYADH1112,2025-04-13,0.771897781303998
SAU_RIYADH1112,2025-04-14,0.7462256876476071
SAU_RIYADH1112,2025-04-15,0.7629995210746852
SAU_RIYADH1112,2025-04-16,0.7922673339353971
SAU_RIYADH1112,2025-04-17,0.530737442194084
SAU_RIYADH1112,2025-04-18,0.46708193995122915
SAU_RIYADH1112,2025-04-19,0.4581070347056465
SAU_RIYADH1112,2025-04-20,0.48031872948658183
SAU_RIYADH1112,2025-04-22,0.4723662536136172
SAU_RIYADH1112,2025-04-23,0.4739721251643755
SAU_RIYADH1112,2025-04-24,0.3873394895530047
SAU_RIYADH1112,2025-04-25,0.3465348800645894
SAU_RIYADH1112,2025-04-26,0.4093041879961341
SAU_RIYADH1112,2025-04-27,0.4232960742370029
SAU_RIYADH1112,2025-04-28,0.39367264621371967
SAU_RIYADH1112,2025-04-29,0.3889820654736026
SAU_RIYADH1112,2025-05-01,0.45915551588026715
SAU_RIYADH1112,2025-05-02,0.47799139553177616
SAU_RIYADH1112,2025-05-04,0.4679009688726648
SAU_RIYADH1112,2025-05-05,0.4839323104461999
SAU_RIYADH1112,2025-05-06,0.507257307371215
SAU_RIYADH1112,2025-05-07,0.5372498783977397
SAU_RIYADH1112,2025-05-08,0.6665105306083369
SAU_RIYADH1112,2025-05-10,0.7238459274828907
SAU_RIYADH1112,2025-05-11,0.7495899518770577
SAU_RIYADH1112,2025-05-12,0.7887002052935461
SAU_RIYADH1112,2025-05-13,0.9054405255330509
SAU_RIYADH1112,2025-05-14,0.9136291490117251
SAU_RIYADH1112,2025-05-15,1.0208004653512393
SAU_RIYADH1112,2025-05-16,0.9481134428607376
SAU_RIYADH1112,2025-05-17,1.1250266296728473
SAU_RIYADH1112,2025-05-19,1.1679421588808112
SAU_RIYADH1112,2025-05-20,1.3423125764191675
SAU_RIYADH1112,2025-05-21,0.8835023274880864
SAU_RIYADH1112,2025-05-24,1.105155230596641
SAU_RIYADH1112,2025-05-25,1.0896597985959833
SAU_RIYADH1112,2025-05-26,0.9373672526922711
SAU_RIYADH1112,2025-05-27,1.1379052891038561
SAU_RIYADH1112,2025-05-28,1.1842166535042504
SAU_RIYADH1112,2025-05-29,1.3057241874184158
SAU_RIYADH1112,2025-05-31,1.3207172572970767
SAU_RIYADH1112,2025-06-01,1.3673804894905806
SAU_RIYADH1112,2025-06-02,1.386169716198081
SAU_RIYADH1112,2025-06-03,1.4173088247305154
SAU_RIYADH1112,2025-06-10,1.467365344884264
SAU_RIYADH1112,2025-06-14,1.3434249480107632
SAU_RIYADH1112,2025-06-15,1.4408592452234457
SAU_RIYADH1112,2025-06-16,1.4487381834596074
SAU_RIYADH1112,2025-06-17,1.3815059349131587
SAU_RIYADH1112,2025-06-19,1.2262133568806644
SAU_RIYADH1112,2025-06-20,1.912768230155181
SAU_RIYADH1112,2025-06-21,1.8684328196476854
SAU_RIYADH1112,2025-06-22,1.8806777212426673
SAU_RIYADH1112,2025-06-24,2.403422343907327
SAU_RIYADH1112,2025-06-25,2.1890869965413127
SAU_RIYADH1112,2025-06-27,1.9470068900230018
SAU_RIYADH1112,2025-06-28,1.8421082978603256
SAU_RIYADH1112,2025-06-29,1.7824305304827268
SAU_RIYADH1112,2025-06-30,1.6875893713195804
SAU_RIYADH1112,2025-07-01,1.657796379070983
SAU_RIYADH1112,2025-07-02,1.5912165284092317
SAU_RIYADH1112,2025-07-03,1.6026491319442775
SAU_RIYADH1112,2025-07-04,1.6452977439104524
SAU_RIYADH1112,2025-07-05,1.6576714910155927
SAU_RIYADH1112,2025-07-06,1.6539093860391227
SAU_RIYADH1112,2025-07-07,1.6056743360322956
SAU_RIYADH1112,2025-07-08,1.5749174906200736
SAU_RIYADH1112,2025-07-09,1.5865294522353173
SAU_RIYADH1112,2025-07-10,1.6475295459768846
SAU_RIYADH1112,2025-07-11,1.6432906640551357
SAU_RIYADH1112,2025-07-12,1.6392765567973995
SAU_RIYADH1112,2025-07-13,1.612680291394044
SAU_RIYADH1112,2025-07-14,1.5764974146423807
SAU_RIYADH1112,2025-07-15,1.607024062586441
SAU_RIYADH1112,2025-07-16,1.7077753076746265
SAU_RIYADH1112,2025-07-17,1.7429562117360593
SAU_RIYADH1112,2025-07-18,1.7246904815440942
SAU_RIYADH1112,2025-07-19,1.7219890763528285
SAU_RIYADH1112,2025-07-20,1.7264592685232716
SAU_RIYADH1112,2025-07-21,1.7338281405227867
SAU_RIYADH1112,2025-07-22,1.699096326726624
SAU_RIYADH1112,2025-07-23,1.7134867421357265
SAU_RIYADH1112,2025-07-24,1.3406329606480958
SAU_RIYADH1112,2025-07-25,1.5818739738624188
SAU_RIYADH1112,2025-07-28,1.537522652061147
SAU_RIYADH1112,2025-07-29,1.4405174706470245
SAU_RIYADH1112,2025-07-30,1.5177969568208696
SAU_RIYADH1112,2025-07-31,1.5550505546706588
SAU_RIYADH1112,2025-08-01,1.5683211361070128
SAU_RIYADH1112,2025-08-02,1.599790495396114
SAU_RIYADH1112,2025-08-04,1.567777274241738
SAU_RIYADH1112,2025-08-05,1.5650569817919564
SAU_RIYADH1112,2025-08-06,1.604427150097668
SAU_RIYADH1112,2025-08-07,1.5947226826769711
SAU_RIYADH1112,2025-08-08,1.600159822275402
SAU_RIYADH1112,2025-08-10,1.5043097919478685
SAU_RIYADH1112,2025-08-14,1.487477418983514
SAU_RIYADH1112,2025-08-15,1.3593664890806338
SAU_RIYADH1112,2025-08-17,1.3481250821769082
SAU_RIYADH1112,2025-08-18,1.3162702855263522
SAU_RIYADH1112,2025-08-19,1.263962073641889
SAU_RIYADH1112,2025-08-20,1.237290152020564
SAU_RIYADH1112,2025-08-21,1.250680762836308
SAU_RIYADH1112,2025-08-22,1.317025286462729
SAU_RIYADH1112,2025-08-23,1.3806005399341397
SAU_RIYADH1112,2025-08-24,1.3885933674166073
SAU_RIYADH1112,2025-08-25,1.3996282259306698
SAU_RIYADH1112,2025-08-26,1.4067529373583252
SAU_RIYADH1112,2025-08-27,1.4179849049753785
SAU_RIYADH1112,2025-08-28,1.538002361760281
SAU_RIYADH1112,2025-08-29,1.4045502463010342
SAU_RIYADH1112,2025-08-30,1.3480905087982904
SAU_RIYADH1112,2025-08-31,1.3692845629105932
SAU_RIYADH1112,2025-09-01,1.34184220083964
SAU_RIYADH1112,2025-09-02,1.4194852208004232
SAU_RIYADH1112,2025-09-03,1.4150724937256596
SAU_RIYADH1112,2025-09-05,1.4423863394722225
SAU_RIYADH1112,2025-09-06,1.4380192884158187
SAU_RIYADH1112,2025-09-07,1.2668721155152436
SAU_RIYADH1112,2025-09-10,1.3101490018572084
SAU_RIYADH1112,2025-09-12,1.257988842247869
SAU_RIYADH1112,2025-09-14,1.284602085979184
SAU_RIYADH1112,2025-09-15,1.2833146943857203
SAU_RIYADH1112,2025-09-16,1.3533764582729224
SAU_RIYADH1112,2025-09-17,1.3306985770705595
SAU_RIYADH1112,2025-09-18,1.2561315460707625
SAU_RIYADH1112,2025-09-21,1.1822023302222218
SAU_RIYADH1112,2025-09-22,0.8408351871304444
SAU_RIYADH1112,2025-09-25,1.012186042832588
SAU_RIYADH1112,2025-09-26,1.016806885406433
SAU_RIYADH1112,2025-09-27,1.0417100404158641
SAU_RIYADH1112,2025-09-28,0.8540272522406525
SAU_RIYADH1112,2025-09-29,0.7223643453995068
SAU_RIYADH1112,2025-09-30,0.8639589049234898
SAU_RIYADH1112,2025-10-02,0.7540798139663873
SAU_RIYADH1112,2025-10-04,0.7361705538523176
SAU_RIYADH1112,2025-10-05,0.6646970820188528
SAU_RIYADH1112,2025-10-06,0.7000506954983201
SAU_RIYADH1112,2025-10-07,0.8437132037560261
SAU_RIYADH1112,2025-10-08,0.84939265963919
SAU_RIYADH1112,2025-10-09,0.9139022111510268
SAU_RIYADH1112,2025-10-10,0.46974299634554184
SAU_RIYADH1112,2025-10-11,0.17238114937636756
SAU_RIYADH1112,2025-10-12,0.2502980260198755
SAU_RIYADH1112,2025-10-14,0.34743060233377776
SAU_RIYADH1112,2025-10-15,0.3107123936054461
SAU_RIYADH1112,2025-10-16,0.21101709135963925
SAU_RIYADH1112,2025-10-17,0.1870704270885664
SAU_RIYADH1112,2025-10-18,0.3381537131657511
SAU_RIYADH1112,2025-10-19,0.35273588136733597
SAU_RIYADH1112,2025-10-20,0.5133420687042818
SAU_RIYADH1112,2025-10-21,0.5365078797207969
SAU_RIYADH1112,2025-10-23,0.7713747735752868
SAU_RIYADH1112,2025-10-24,0.786581731342355
SAU_RIYADH1112,2025-10-25,0.506996838400352
SAU_RIYADH1112,2025-10-27,0.5147805583163728
SAU_RIYADH1112,2025-10-31,0.6063544741899443
SAU_RIYADH1112,2025-11-01,0.5393301362612383
SAU_RIYADH1112,2025-11-02,0.5535187317407456
SAU_RIYADH1112,2025-11-03,0.5442947202594689
SAU_RIYADH1112,2025-11-04,0.5484247713678837
SAU_RIYADH1112,2025-11-05,0.5189136911138662
SAU_RIYADH1112,2025-11-10,1.3378526550867933
SAU_RIYADH1112,2025-11-11,1.2675394652235237
SAU_RIYADH1112,2025-11-13,1.229897028310774
SAU_RIYADH1112,2025-11-14,1.2634622303372542
SAU_RIYADH1112,2025-11-18,0.8226511789278973
SAU_RIYADH1112,2025-11-19,0.5623910483595376
SAU_RIYADH1112,2025-11-20,0.5078236607029712
SAU_RIYADH1112,2025-11-22,0.5268493101146949
SAU_RIYADH1112,2025-11-23,0.4886935187726329
SAU_RIYADH1112,2025-11-24,0.8025802337326908
SAU_RIYADH1112,2025-11-25,0.9419244768126753
SAU_RIYADH1112,2025-11-26,0.8971737741408629
SAU_RIYADH1112,2025-11-28,0.7402619741003442
SAU_RIYADH1112,2025-11-29,0.7472503258028922
SAU_RIYADH1112,2025-11-30,0.8339104540852649
SAU_RIYADH1112,2025-12-05,0.8664122077704078
SAU_RIYADH1112,2025-12-06,0.8669909186488556
SAU_RIYADH1112,2025-12-07,0.8278490760736977
SAU_RIYADH1112,2025-12-08,0.8133300040419216
SAU_RIYADH1112,2025-12-11,0.6185869790656835
SAU_RIYADH1112,2025-12-17,0.5915228390602751
SAU_RIYADH1112,2025-12-19,1.2479741469012526
SAU_RIYADH1112,2025-12-20,1.2933996127844065
SAU_RIYADH1112,2025-12-21,1.0658948951345653
SAU_RIYADH1112,2025-12-22,1.0633492000441147
SAU_RIYADH1112,2025-12-23,1.0794285510053974
SAU_RIYADH1112,2025-12-28,0.8391006053147095
SAU_RIYADH1112,2025-12-29,1.03100326999534
SAU_RIYADH1112,2025-12-30,0.9231005110737088
SAU_RIYADH1112,2025-12-31,1.0137404205916196
SAU_RIYADH1112,2026-01-01,1.0216549988086188
SAU_RIYADH1112,2026-01-02,1.0741124780173663
SAU_RIYADH1112,2026-01-03,1.2848034897447254
SAU_RIYADH1112,2026-01-04,1.2580440815595233
SAU_RIYADH1112,2026-01-09,1.3889407200023478
SAU_RIYADH1112,2026-01-10,1.4312844330897936
SAU_RIYADH1112,2026-01-12,1.3840759026631475
SAU_RIYADH1112,2026-01-14,1.314993612301876
SAU_RIYADH1112,2026-01-15,1.2547403729871582
SAU_RIYADH1112,2026-01-16,1.137555361539399
SAU_RIYADH1112,2026-01-17,1.230628056773969
SAU_RIYADH1112,2026-01-18,1.2409792024997475
SAU_RIYADH1112,2026-01-19,1.2028668735704495
SAU_RIYADH1112,2026-01-20,1.655368493278501
SAU_RIYADH1112,2026-01-21,1.6174098019718652
SAU_RIYADH1112,2026-01-22,1.5292982587130775
SAU_RIYADH1112,2026-01-27,1.534716611773659
SAU_RIYADH1112,2026-01-29,1.4134442687972495
SAU_RIYADH1112,2026-01-30,1.3763181785358114
SAU_RIYADH1112,2026-01-31,1.3516739985078199
SAU_RIYADH1112,2026-02-01,1.3182873566444666
SAU_RIYADH1112,2026-02-02,1.1317862369663552
SAU_RIYADH1112,2026-02-04,1.1208697842338067
SAU_RIYADH1112,2026-02-05,1.0494984805587761
SAU_RIYADH1112,2026-02-07,1.0020644084000996
SAU_RIYADH1112,2026-02-08,0.9950500259751522
SAU_RIYADH1112,2026-02-09,1.0570025743782543
SAU_RIYADH1112,2026-02-11,1.060340526580936
SAU_RIYADH1112,2026-02-12,1.0536642560125775
SAU_RIYADH1112,2026-02-13,1.1027677552528723
SAU_RIYADH1112,2026-02-14,1.1399262118913651
SAU_RIYADH1112,2026-02-15,1.1437293881905104
SAU_RIYADH1112,2026-02-16,1.0179838652372457
SAU_RIYADH1112,2026-02-18,1.0093152124308735
SAU_RIYADH1112,2026-02-19,0.7437098729363831
SAU_RIYADH1112,2026-02-20,0.7696385176953603
SAU_RIYADH1112,2026-02-22,0.9010194579589775
SAU_RIYADH1112,2026-02-23,0.9177258342900604
SAU_RIYADH1112,2026-02-24,0.910460758250981
SAU_RIYADH1112,2026-02-25,0.9041201300949968
SAU_RIYADH1112,2026-02-27,0.8937285690047814
SAU_RIYADH1112,2026-02-28,0.8608507709851501
SAU_RIYADH1112,2026-03-02,0.9671692390393867
SAU_RIYADH1112,2026-03-04,0.9085740423230516
SAU_RIYADH1112,2026-03-09,0.992133396486673
SAU_RIYADH1112,2026-03-10,0.9808419950995646
SAU_RIYADH1112,2026-03-11,0.8445144223666932
SAU_RIYADH1112,2026-03-13,0.8133445141135549
SAU_RIYADH1112,2026-03-14,0.7402764749603884
SAU_RIYADH1112,2026-03-16,0.6889524903268789
SAU_RIYADH1112,2026-03-18,0.8608866533373702
SAU_RIYADH1112,2026-03-20,0.8351373301694972
SAU_RIYADH1112,2026-03-21,0.8207881335820634
SAU_RIYADH1112,2026-03-22,0.7933067843011692
SAU_RIYADH1112,2026-03-23,0.8355683433007822
SAU_RIYADH1112,2026-03-25,0.7658937330427382
SAU_RIYADH1112,2026-03-27,0.7497660457578414
SAU_RIYADH1112,2026-03-29,0.7567846679408513
SAU_RIYADH1112,2026-03-31,0.8336567762839246
SAU_RIYADH1112,2026-04-01,0.6744405845278775
SAU_RIYADH1112,2026-04-02,1.0178304807115839
SAU_RIYADH1112,2026-04-03,1.0580396604025788
SAU_RIYADH1112,2026-04-05,0.926075270607472
SAU_RIYADH1112,2026-04-06,1.1326357700298102
SAU_RIYADH1112,2026-04-10,1.3077246915933955
SAU_RIYADH1112,2026-04-12,1.3750353588009252
SAU_RIYADH1112,2026-04-13,2.0907956235021725
SAU_RIYADH1112,2026-04-14,1.4004747013419858
SAU_RIYADH1112,2026-04-15,1.401320806562995
SAU_RIYADH1112,2026-04-17,1.2915750398913932
SAU_RIYADH1112,2026-04-22,1.4024729086416021
SAU_RIYADH1112,2026-04-23,1.3481177919372003
SAU_RIYADH1112,2026-04-29,1.3845458895344935
SAU_RIYADH1112,2026-04-30,1.1144218550311606
SAU_RIYADH1112,2026-05-01,1.2043874094649494
SAU_RIYADH1112,2026-05-02,0.8191437900138137
SAU_RIYADH1112,2026-05-03,0.8549312411048561
SAU_RIYADH1112,2026-05-04,1.1167882485733502
SAU_RIYADH1112,2026-05-05,1.2338562791284051
SAU_RIYADH1112,2026-05-07,0.6341146352221774
SAU_RIYADH1112,2026-05-10,0.693166987862871
SAU_RIYADH1112,2026-05-11,0.7283155423813471
SAU_RIYADH1112,2026-05-12,0.7577151109535805
SAU_RIYADH1112,2026-05-13,0.09974568061774915
SAU_RIYADH1112,2026-05-14,0.7770959303028901
SAU_RIYADH1112,2026-05-15,0.8460607203741816
SAU_RIYADH1112,2026-05-16,0.9285305391062527
SAU_RIYADH1112,2026-05-17,0.9247047940716162
SAU_RIYADH1112,2026-05-18,0.9433473184792667
SAU_RIYADH1112,2026-05-20,1.0136183770386649
SAU_RIYADH1112,2026-05-21,0.997494449499
SAU_RIYADH1112,2026-05-22,0.9983164272103906
SAU_RIYADH1112,2026-05-23,0.20600932982856893
SAU_RIYADH1112,2026-05-24,0.27509440159033505
SAU_RIYADH1112,2026-05-26,0.4020822675861725
SAU_RIYADH1112,2026-05-27,0.4347167694029455
SAU_RIYADH1112,2026-05-28,0.41645099330994495
SAU_RIYADH1112,2026-05-29,0.4960589948279178
SAU_RIYADH1112,2026-05-30,0.6103812085512486
SAU_RIYADH1112,2026-05-31,0.5926954500300928
SAU_RIYADH1112,2026-06-01,0.6256055837195579
SAU_RIYADH1112,2026-06-02,0.628296830330245
SAU_RIYADH1112,2026-06-03,0.4967930971383013
SAU_RIYADH1112,2026-06-04,0.45091430536459554
SAU_RIYADH1112,2026-06-05,0.7208525996444565
SAU_RIYADH1112,2026-06-06,0.962399871516874
SAU_RIYADH1112,2026-06-07,1.0164054786237904
SAU_RIYADH1112,2026-06-08,1.1633438954346516
SAU_RIYADH1112,2026-06-10,1.1408161350497734
SAU_RIYADH1112,2026-06-11,1.170756930344831
SAU_RIYADH1112,2026-06-12,1.2005979375494038
SAU_RIYADH1112,2026-06-14,1.2255960328841526
SAU_RIYADH1112,2026-06-15,1.2188579261220918
SAU_RIYADH1112,2026-06-16,1.4143805383079118
SAU_RIYADH1112,2026-06-17,1.4627568381360792
SAU_RIYADH1112,2026-06-21,1.4836749804093465
SAU_RIYADH1112,2026-06-23,2.6914296160830204
SAU_RIYADH1112,2026-06-24,2.6300712320859305
SAU_RIYADH1112,2026-06-25,2.595319326140471
SAU_RIYADH1112,2026-06-27,2.6963093564523537
SAU_RIYADH1112,2026-06-29,2.9774016767432645
SAU_RIYADH1112,2026-06-30,3.0392625207360355
SAU_RIYADH1112,2026-07-01,3.131277977965539
SAU_RIYADH1112,2026-07-02,3.1813342269551343
SAU_RIYADH1112,2026-07-03,3.1833248038160136
SAU_RIYADH1112,2026-07-04,3.3582882284921496
SAU_RIYADH1112,2026-07-05,3.0793709052654936
SAU_RIYADH1112,2026-07-08,3.042998667813157
SAU_RIYADH1112,2026-07-09,2.980140779486467
SAU_RIYADH1112,2026-07-10,2.9564711475856513
SAU_RIYADH1112,2026-07-11,2.911628983246022
SAU_RIYADH1112,2026-07-12,2.9012278506345814
SAU_RIYADH1112,2026-07-13,2.9034843678508433
SAU_RIYADH1112,2026-07-14,2.9183451391733914
SAU_RIYADH1112,2026-07-15,2.8807523934895447
SAU_RIYADH1112,2026-07-18,2.687930089048431
SAU_RIYADH1112,2026-07-19,2.662908085612047
SAU_RIYADH1112,2026-07-20,2.620529451560489
SAU_RIYADH1112,2026-07-21,2.5931559064170497
SAU_RIYADH1112,2026-07-22,2.5926887961408465
SAU_RIYADH1112,2026-07-23,2.186539491172917
SAU_RIYADH1112,2026-07-24,2.2439018138410565
SAU_RIYADH1112,2026-07-25,2.2334834803355395
SAU_RIYADH1112,2026-07-26,2.1990040700586486
SAU_RIYADH1112,2026-07-27,2.2081646190888535
SAU_RIYADH1112,2026-07-28,2.1775461863606784
SAU_RIYADH1112,2026-07-29,2.0675091524433706
SAU_RIYADH1112,2026-07-30,1.9990722321269436
SAU_RIYADH1112,2026-07-31,1.9373896987931458
SAU_RIYADH1112,2026-08-01,1.8688492772268352
SAU_RIYADH1112,2026-08-03,1.8283203170843803
SAU_RIYADH1112,2026-08-04,1.829499424280559
SAU_RIYADH1112,2026-08-05,1.8011823737881358
SAU_RIYADH1112,2026-08-07,1.7748993450116504
SAU_RIYADH1112,2026-08-09,1.794266418580394
SAU_RIYADH1112,2026-08-10,1.8048032988319813
SAU_RIYADH1112,2026-08-11,1.7446144429106945
SAU_RIYADH1112,2026-08-13,1.7273953071032704
SAU_RIYADH1112,2026-08-14,1.780685978517828
SAU_RIYADH1112,2026-08-15,1.8729648308510105
SAU_RIYADH1112,2026-08-16,1.8913062506453997
SAU_RIYADH1112,2026-08-19,2.276459405547282
SAU_RIYADH1112,2026-08-21,2.2668160473249612
SAU_RIYADH1112,2026-08-22,2.2255012524908113
SAU_RIYADH1112,2026-08-23,2.205889596762256
SAU_RIYADH1112,2026-08-24,2.1783810535470836
SAU_RIYADH1112,2026-08-25,2.277865091825779
SAU_RIYADH1112,2026-08-26,2.341739140060179
SAU_RIYADH1112,2026-08-27,1.9806556662825214
SAU_RIYADH1112,2026-08-29,1.3723574521631816
SAU_RIYADH1112,2026-09-03,1.2271145258326084
SAU_RIYADH1112,2026-09-07,1.2139275097845486
SAU_RIYADH1112,2026-09-08,1.201722284940742
SAU_RIYADH1112,2026-09-10,1.2440630061317592
SAU_RIYADH9,2025-01-01,
SAU_RIYADH9,2025-01-02,
SAU_RIYADH9,2025-01-03,
SAU_RIYADH9,2025-01-05,
SAU_RIYADH9,2025-01-08,
SAU_RIYADH9,2025-01-09,
SAU_RIYADH9,2025-01-11,
SAU_RIYADH9,2025-01-13,0.22087341921699005
SAU_RIYADH9,2025-01-14,0.22672220203937987
SAU_RIYADH9,2025-01-16,0.23422059896616892
SAU_RIYADH9,2025-01-17,0.22368534167214377
SAU_RIYADH9,2025-01-18,0.236673058113407
SAU_RIYADH9,2025-01-19,0.23377081258067633
SAU_RIYADH9,2025-01-20,0.222005123615494
SAU_RIYADH9,2025-01-21,0.238738858180657
SAU_RIYADH9,2025-01-22,0.30660757451458703
SAU_RIYADH9,2025-01-23,0.2934199800429839
SAU_RIYADH9,2025-01-24,0.2830559606566416
SAU_RIYADH9,2025-01-30,0.2908016499251919
SAU_RIYADH9,2025-01-31,0.29505614704024463
SAU_RIYADH9,2025-02-02,0.3189415036977048
SAU_RIYADH9,2025-02-03,0.3435434676613463
SAU_RIYADH9,2025-02-04,0.3745872770810877
SAU_RIYADH9,2025-02-05,0.39320318694286926
SAU_RIYADH9,2025-02-07,0.4025562893127475
SAU_RIYADH9,2025-02-08,0.41797043665394523
SAU_RIYADH9,2025-02-09,0.4631072747275101
SAU_RIYADH9,2025-02-11,0.473685975769842
SAU_RIYADH9,2025-02-19,0.5920809397515819
SAU_RIYADH9,2025-02-20,0.5816429725458979
SAU_RIYADH9,2025-02-21,0.52809520392163
SAU_RIYADH9,2025-02-22,0.5427011416065898
SAU_RIYADH9,2025-03-01,0.5536872014904959
SAU_RIYADH9,2025-03-02,0.5749249334245182
SAU_RIYADH9,2025-03-03,0.6132715909095302
SAU_RIYADH9,2025-03-05,0.582430379578839
SAU_RIYADH9,2025-03-07,0.5097299611344385
SAU_RIYADH9,2025-03-11,0.4606966013707748
SAU_RIYADH9,2025-03-12,0.43782744620040864
SAU_RIYADH9,2025-03-13,0.4344116789434402
SAU_RIYADH9,2025-03-14,0.4409932010450659
SAU_RIYADH9,2025-03-15,0.45953386037179256
SAU_RIYADH9,2025-03-17,0.4912889680088518
SAU_RIYADH9,2025-03-19,0.4927359943733246
SAU_RIYADH9,2025-03-25,0.49103895557238936
SAU_RIYADH9,2025-03-26,0.4874897768849274
SAU_RIYADH9,2025-03-28,0.44857089055519545
SAU_RIYADH9,2025-03-29,0.4619009101649083
SAU_RIYADH9,2025-03-30,0.4526986539794939
SAU_RIYADH9,2025-04-01,0.4543774198563192
SAU_RIYADH9,2025-04-02,0.41094696696462085
SAU_RIYADH9,2025-04-03,0.45466097318617227
SAU_RIYADH9,2025-04-08,0.5302561136622599
SAU_RIYADH9,2025-04-09,0.5444993663635547
SAU_RIYADH9,2025-04-11,0.6023543470737399
SAU_RIYADH9,2025-04-12,0.6906327040657575
SAU_RIYADH9,2025-04-13,0.7006585616624575
SAU_RIYADH9,2025-04-14,0.7089249045153231
SAU_RIYADH9,2025-04-15,0.713073886789854
SAU_RIYADH9,2025-04-16,0.7279891837305961
SAU_RIYADH9,2025-04-17,0.7306379535388597
SAU_RIYADH9,2025-04-18,0.7298050811757424
SAU_RIYADH9,2025-04-19,0.7427013444932358
SAU_RIYADH9,2025-04-20,0.7286765059824571
SAU_RIYADH9,2025-04-23,0.7371000233714011
SAU_RIYADH9,2025-04-24,0.8125150301796422
SAU_RIYADH9,2025-04-26,0.8537697748466856
SAU_RIYADH9,2025-04-27,0.9799015409092322
SAU_RIYADH9,2025-04-28,0.9275236658205114
SAU_RIYADH9,2025-04-29,0.971431255130717
SAU_RIYADH9,2025-05-01,1.0005034478566064
SAU_RIYADH9,2025-05-02,1.0116405761189475
SAU_RIYADH9,2025-05-05,0.9899393536981177
SAU_RIYADH9,2025-05-06,0.9678605782427737
SAU_RIYADH9,2025-05-07,0.940409551133254
SAU_RIYADH9,2025-05-08,0.9078276859709734
SAU_RIYADH9,2025-05-09,0.8978077607224201
SAU_RIYADH9,2025-05-11,0.8808086861459108
SAU_RIYADH9,2025-05-12,0.870124690764103
SAU_RIYADH9,2025-05-13,0.891427380340256
SAU_RIYADH9,2025-05-14,0.879831164662534
SAU_RIYADH9,2025-05-15,0.8661533350126931
SAU_RIYADH9,2025-05-16,0.8520830121331598
SAU_RIYADH9,2025-05-19,0.8914160377846886
SAU_RIYADH9,2025-05-20,0.922860978483637
SAU_RIYADH9,2025-05-21,0.9961791153069531
SAU_RIYADH9,2025-05-22,1.0185079102824621
SAU_RIYADH9,2025-05-23,1.036366253943528
SAU_RIYADH9,2025-05-24,0.997506620977007
SAU_RIYADH9,2025-05-25,1.0230538152171798
SAU_RIYADH9,2025-05-26,1.0522270874011128
SAU_RIYADH9,2025-05-28,1.0714889381184103
SAU_RIYADH9,2025-05-29,1.1331875561927724
SAU_RIYADH9,2025-05-30,1.1198661953011029
SAU_RIYADH9,2025-05-31,1.1334702688455265
SAU_RIYADH9,2025-06-01,1.137982669618489
SAU_RIYADH9,2025-06-02,1.3197262840580415
SAU_RIYADH9,2025-06-03,1.299537233031959
SAU_RIYADH9,2025-06-04,1.3051805009524864
SAU_RIYADH9,2025-06-06,1.3468454000068357
SAU_RIYADH9,2025-06-07,1.3672594968767842
SAU_RIYADH9,2025-06-08,1.413816760045689
SAU_RIYADH9,2025-06-09,1.4087662641477428
SAU_RIYADH9,2025-06-10,1.3912937553362474
SAU_RIYADH9,2025-06-11,1.4045451059722498
SAU_RIYADH9,2025-06-12,1.660205647102688
SAU_RIYADH9,2025-06-14,1.7627642612460457
SAU_RIYADH9,2025-06-15,1.797834228838679
SAU_RIYADH9,2025-06-16,1.7821773397275382
SAU_RIYADH9,2025-06-17,1.8241002693178043
SAU_RIYADH9,2025-06-18,1.856375813664597
SAU_RIYADH9,2025-06-19,1.8481385496226292
SAU_RIYADH9,2025-06-21,1.7938266686576294
SAU_RIYADH9,2025-06-22,1.7845444383721767
SAU_RIYADH9,2025-06-23,1.7947055299389487
SAU_RIYADH9,2025-06-24,1.7911979843045118
SAU_RIYADH9,2025-06-25,1.8287784321623308
SAU_RIYADH9,2025-06-26,1.7925140860121005
SAU_RIYADH9,2025-06-27,1.7534784154494314
SAU_RIYADH9,2025-06-28,1.7177888777258215
SAU_RIYADH9,2025-07-02,1.5945610733146722
SAU_RIYADH9,2025-07-03,1.597549483174595
SAU_RIYADH9,2025-07-04,1.5954960438599757
SAU_RIYADH9,2025-07-05,1.5707720936925076
SAU_RIYADH9,2025-07-06,1.5689619903685124
SAU_RIYADH9,2025-07-07,1.5535941864460199
SAU_RIYADH9,2025-07-08,1.5125154848462332
SAU_RIYADH9,2025-07-09,1.4832095611831
SAU_RIYADH9,2025-07-10,1.507875217190505
SAU_RIYADH9,2025-07-11,1.4655889280236358
SAU_RIYADH9,2025-07-12,1.1790228690658422
SAU_RIYADH9,2025-07-13,1.1807372847668804
SAU_RIYADH9,2025-07-14,1.1504273551837672
SAU_RIYADH9,2025-07-15,1.1528601274162136
SAU_RIYADH9,2025-07-16,1.2769294851353987
SAU_RIYADH9,2025-07-17,1.1956120552917993
SAU_RIYADH9,2025-07-18,1.1382044373048918
SAU_RIYADH9,2025-07-23,1.1700142473231134
SAU_RIYADH9,2025-07-24,1.144317286406266
SAU_RIYADH9,2025-07-25,1.0623177030678013
SAU_RIYADH9,2025-07-26,1.1084841351598183
SAU_RIYADH9,2025-07-27,1.1777742244400942
SAU_RIYADH9,2025-07-28,1.2912069337237178
SAU_RIYADH9,2025-07-31,1.2782781280461963
SAU_RIYADH9,2025-08-01,1.297616447905619
SAU_RIYADH9,2025-08-02,1.2942976540622626
SAU_RIYADH9,2025-08-03,1.3006069923393615
SAU_RIYADH9,2025-08-04,1.3127319026873314
SAU_RIYADH9,2025-08-05,1.321224223712523
SAU_RIYADH9,2025-08-06,1.3368021643634986
SAU_RIYADH9,2025-08-07,1.3671558342074566
SAU_RIYADH9,2025-08-10,1.523966540332976
SAU_RIYADH9,2025-08-11,1.595064098624004
SAU_RIYADH9,2025-08-13,1.6023628237774494
SAU_RIYADH9,2025-08-15,1.4008806471122406
SAU_RIYADH9,2025-08-17,1.4513524529693616
SAU_RIYADH9,2025-08-18,1.448550388289741
SAU_RIYADH9,2025-08-19,1.3983445361032365
SAU_RIYADH9,2025-08-22,1.374322242773905
SAU_RIYADH9,2025-08-23,1.4350223781432643
SAU_RIYADH9,2025-08-24,1.4305081013861471
SAU_RIYADH9,2025-08-25,1.3734598441693247
SAU_RIYADH9,2025-08-26,1.3092213513190412
SAU_RIYADH9,2025-08-27,1.1360094939201595
SAU_RIYADH9,2025-08-28,1.1121329539635667
SAU_RIYADH9,2025-08-29,1.0762190506732734
SAU_RIYADH9,2025-08-30,1.0521708113597874
SAU_RIYADH9,2025-08-31,1.035406947170869
SAU_RIYADH9,2025-09-01,1.0300421115866307
SAU_RIYADH9,2025-09-02,1.0176115372452839
SAU_RIYADH9,2025-09-03,1.0155872374797
SAU_RIYADH9,2025-09-05,1.0241323856107423
SAU_RIYADH9,2025-09-06,1.0047333823626503
SAU_RIYADH9,2025-09-07,1.0584685291055267
SAU_RIYADH9,2025-09-08,1.1072787800437391
SAU_RIYADH9,2025-09-09,1.153010729582993
SAU_RIYADH9,2025-09-10,1.1241104787632925
SAU_RIYADH9,2025-09-11,1.1448221648960613
SAU_RIYADH9,2025-09-12,1.171978548091772
SAU_RIYADH9,2025-09-13,1.1571391568802316
SAU_RIYADH9,2025-09-14,1.1517407977555507
SAU_RIYADH9,2025-09-16,1.1468079181180575
SAU_RIYADH9,2025-09-17,1.1463184827840158
SAU_RIYADH9,2025-09-18,1.2229118175795932
SAU_RIYADH9,2025-09-19,1.276494212888215
SAU_RIYADH9,2025-09-20,1.3523212039657966
SAU_RIYADH9,2025-09-21,1.4132120443590028
SAU_RIYADH9,2025-09-22,1.4076055073261808
SAU_RIYADH9,2025-09-23,1.4253369956098365
SAU_RIYADH9,2025-09-24,1.4435004604179376
SAU_RIYADH9,2025-09-25,1.4417103550930488
SAU_RIYADH9,2025-09-27,1.4916241267757182
SAU_RIYADH9,2025-09-28,1.574965885521085
SAU_RIYADH9,2025-09-29,1.5948984076835213
SAU_RIYADH9,2025-09-30,1.6093921368069435
SAU_RIYADH9,2025-10-01,1.6244954158923457
SAU_RIYADH9,2025-10-02,1.632785027900647
SAU_RIYADH9,2025-10-03,1.6139795334088762
SAU_RIYADH9,2025-10-04,1.5911040462426123
SAU_RIYADH9,2025-10-05,1.585973500346185
SAU_RIYADH9,2025-10-06,1.5901643390273699
SAU_RIYADH9,2025-10-07,1.5635523589755738
SAU_RIYADH9,2025-10-08,1.576934371562396
SAU_RIYADH9,2025-10-09,1.6099818948506286
SAU_RIYADH9,2025-10-10,1.587163309148881
SAU_RIYADH9,2025-10-11,1.5649242326388813
SAU_RIYADH9,2025-10-14,1.6025024145035986
SAU_RIYADH9,2025-10-15,1.5898756621149224
SAU_RIYADH9,2025-10-16,1.5814288144678998
SAU_RIYADH9,2025-10-17,1.5692499391450307
SAU_RIYADH9,2025-10-18,1.5043272227555542
SAU_RIYADH9,2025-10-20,1.4084717365192725
SAU_RIYADH9,2025-10-21,1.3629362111069125
SAU_RIYADH9,2025-10-22,1.3768186920880536
SAU_RIYADH9,2025-10-23,1.3549160676538827
SAU_RIYADH9,2025-10-24,1.3433272341034184
SAU_RIYADH9,2025-10-25,1.404970252649779
SAU_RIYADH9,2025-10-26,1.4331546044557004
SAU_RIYADH9,2025-10-27,1.425804248938906
SAU_RIYADH9,2025-10-28,1.384081325053944
SAU_RIYADH9,2025-10-29,1.381213514169453
SAU_RIYADH9,2025-10-30,1.4135715058122014
SAU_RIYADH9,2025-10-31,1.4006052309051003
SAU_RIYADH9,2025-11-01,1.4129905685256958
SAU_RIYADH9,2025-11-02,1.422933761416341
SAU_RIYADH9,2025-11-03,1.409783240671812
SAU_RIYADH9,2025-11-04,1.4076160459305282
SAU_RIYADH9,2025-11-05,1.4345475374850511
SAU_RIYADH9,2025-11-10,1.259640162049773
SAU_RIYADH9,2025-11-14,1.236205547905879
SAU_RIYADH9,2025-11-15,1.2249549999225233
SAU_RIYADH9,2025-11-17,1.2339594195373085
SAU_RIYADH9,2025-11-18,1.2298645844857463
SAU_RIYADH9,2025-11-19,1.17978716520814
SAU_RIYADH9,2025-11-20,1.1742046954881444
SAU_RIYADH9,2025-11-21,1.101978341213113
SAU_RIYADH9,2025-11-22,1.0864081809178145
SAU_RIYADH9,2025-11-23,1.1113788337443729
SAU_RIYADH9,2025-11-24,1.1424394265190558
SAU_RIYADH9,2025-11-25,1.0864251329308565
SAU_RIYADH9,2025-11-26,1.0588794118567977
SAU_RIYADH9,2025-11-28,1.0805244541867558
SAU_RIYADH9,2025-12-05,1.0260871947961632
SAU_RIYADH9,2025-12-06,0.9939320055654919
SAU_RIYADH9,2025-12-07,0.9540460241653543
SAU_RIYADH9,2025-12-08,0.9115283933991765
SAU_RIYADH9,2025-12-09,0.8879690944266211
SAU_RIYADH9,2025-12-11,0.8328158880891151
SAU_RIYADH9,2025-12-14,0.8386322425687124
SAU_RIYADH9,2025-12-17,0.866954532543816
SAU_RIYADH9,2025-12-20,0.7836352853347117
SAU_RIYADH9,2025-12-22,0.7534743963553271
SAU_RIYADH9,2025-12-23,0.6723519460837549
SAU_RIYADH9,2025-12-25,0.48461178485551953
SAU_RIYADH9,2025-12-26,0.47930290113625273
SAU_RIYADH9,2025-12-28,0.4397796718570567
SAU_RIYADH9,2025-12-30,0.4302605445230252
SAU_RIYADH9,2026-01-01,0.5012052904652127
SAU_RIYADH9,2026-01-02,0.5904657197209193
SAU_RIYADH9,2026-01-03,0.57611780458149
SAU_RIYADH9,2026-01-04,0.5746034020744433
SAU_RIYADH9,2026-01-05,0.5828615789499803
SAU_RIYADH9,2026-01-09,0.6390679671004058
SAU_RIYADH9,2026-01-10,0.6445226173861386
SAU_RIYADH9,2026-01-11,0.6531226366778727
SAU_RIYADH9,2026-01-12,0.6372055307130122
SAU_RIYADH9,2026-01-13,0.6603233850476798
SAU_RIYADH9,2026-01-14,0.6492687974036615
SAU_RIYADH9,2026-01-15,0.631788918513286
SAU_RIYADH9,2026-01-16,0.6004706171928087
SAU_RIYADH9,2026-01-18,0.6092159281580665
SAU_RIYADH9,2026-01-19,0.6404975784108982
SAU_RIYADH9,2026-01-20,0.6370776657654047
SAU_RIYADH9,2026-01-21,0.6414672278649425
SAU_RIYADH9,2026-01-22,0.694910685535005
SAU_RIYADH9,2026-01-26,0.7071647354355846
SAU_RIYADH9,2026-01-27,0.6635823159181123
SAU_RIYADH9,2026-01-28,0.6567016142481571
SAU_RIYADH9,2026-01-29,0.6583220217659596
SAU_RIYADH9,2026-01-30,0.6450838279665663
SAU_RIYADH9,2026-01-31,0.5976316414603078
SAU_RIYADH9,2026-02-01,0.5400108981928932
SAU_RIYADH9,2026-02-02,0.5441825217258998
SAU_RIYADH9,2026-02-03,0.5442118499338917
SAU_RIYADH9,2026-02-04,0.5337571555698218
SAU_RIYADH9,2026-02-08,0.6015779615742014
SAU_RIYADH9,2026-02-09,0.6151778153612831
SAU_RIYADH9,2026-02-10,0.589145565993735
SAU_RIYADH9,2026-02-12,0.5921993702497422
SAU_RIYADH9,2026-02-13,0.5845862513178522
SAU_RIYADH9,2026-02-15,0.6145231801534367
SAU_RIYADH9,2026-02-16,0.5977436055836317
SAU_RIYADH9,2026-02-18,0.5567715549889032
SAU_RIYADH9,2026-02-19,0.5471830896867003
SAU_RIYADH9,2026-02-21,0.5826944927814186
SAU_RIYADH9,2026-02-23,0.5858795788095138
SAU_RIYADH9,2026-02-24,0.6006705557650857
SAU_RIYADH9,2026-02-25,0.5982884361933176
SAU_RIYADH9,2026-02-26,0.6311182716598873
SAU_RIYADH9,2026-02-27,0.6156293821471254
SAU_RIYADH9,2026-02-28,0.6289089565960292
SAU_RIYADH9,2026-03-01,0.6586040566606169
SAU_RIYADH9,2026-03-08,0.7095374753390229
SAU_RIYADH9,2026-03-11,0.5965745258756251
SAU_RIYADH9,2026-03-14,0.5929088649896201
SAU_RIYADH9,2026-03-16,0.6309227972937193
SAU_RIYADH9,2026-03-18,0.6683507333424432
SAU_RIYADH9,2026-03-20,0.6671899935836959
SAU_RIYADH9,2026-03-21,0.6546925544362758
SAU_RIYADH9,2026-03-23,0.545307741870269
SAU_RIYADH9,2026-03-24,0.5631105335677912
SAU_RIYADH9,2026-03-25,0.5876585207604207
SAU_RIYADH9,2026-03-27,0.5621147990012385
SAU_RIYADH9,2026-03-28,0.5478017529048093
SAU_RIYADH9,2026-03-29,0.5706905584095121
SAU_RIYADH9,2026-04-02,0.6057276582700852
SAU_RIYADH9,2026-04-03,0.6347194254542213
SAU_RIYADH9,2026-04-06,0.6533874388678339
SAU_RIYADH9,2026-04-07,0.7319876892090501
SAU_RIYADH9,2026-04-10,0.7409859839899391
SAU_RIYADH9,2026-04-12,0.7330097102468095
SAU_RIYADH9,2026-04-13,0.7435024632807654
SAU_RIYADH9,2026-04-14,0.7520869374792709
SAU_RIYADH9,2026-04-17,0.7195007515963349
SAU_RIYADH9,2026-04-18,0.7285674917305486
SAU_RIYADH9,2026-04-22,0.8289971593805732
SAU_RIYADH9,2026-04-24,0.777477846708938
SAU_RIYADH9,2026-04-30,0.8932240387639548
SAU_RIYADH9,2026-05-01,0.8573129439136811
SAU_RIYADH9,2026-05-02,0.7987358525782373
SAU_RIYADH9,2026-05-03,0.8020177286052969
SAU_RIYADH9,2026-05-05,0.8550033637224737
SAU_RIYADH9,2026-05-06,0.8632509876479566
SAU_RIYADH9,2026-05-09,0.8178097724369121
SAU_RIYADH9,2026-05-10,0.8729548038024594
SAU_RIYADH9,2026-05-11,0.959243208610632
SAU_RIYADH9,2026-05-12,0.9809951622733045
SAU_RIYADH9,2026-05-13,1.0093118672719092
SAU_RIYADH9,2026-05-15,0.9879508707921486
SAU_RIYADH9,2026-05-16,1.0072641878666087
SAU_RIYADH9,2026-05-17,1.026125966357414
SAU_RIYADH9,2026-05-18,1.0085511310111834
SAU_RIYADH9,2026-05-20,1.0058790798296153
SAU_RIYADH9,2026-05-21,1.0371027664870391
SAU_RIYADH9,2026-05-22,1.0364954959766273
SAU_RIYADH9,2026-05-23,1.0606362214593483
SAU_RIYADH9,2026-05-26,1.0997488021835222
SAU_RIYADH9,2026-05-27,1.0865522578270945
SAU_RIYADH9,2026-05-28,1.0698985750945071
SAU_RIYADH9,2026-05-29,1.0567353614457227
SAU_RIYADH9,2026-05-30,1.0752027823281198
SAU_RIYADH9,2026-05-31,1.111618274580051
SAU_RIYADH9,2026-06-01,1.1188408985744565
SAU_RIYADH9,2026-06-02,1.2153777669788015
SAU_RIYADH9,2026-06-03,1.3263077631676785
SAU_RIYADH9,2026-06-04,1.3898463798971823
SAU_RIYADH9,2026-06-05,1.4169110369293254
SAU_RIYADH9,2026-06-06,1.4978468547550188
SAU_RIYADH9,2026-06-07,1.5241567821759419
SAU_RIYADH9,2026-06-08,1.501496494019192
SAU_RIYADH9,2026-06-09,1.5198155756911538
SAU_RIYADH9,2026-06-10,1.6464868031650157
SAU_RIYADH9,2026-06-11,1.722148162839263
SAU_RIYADH9,2026-06-12,1.7161269375461474
SAU_RIYADH9,2026-06-14,1.78801794788488
SAU_RIYADH9,2026-06-15,1.987400398783262
SAU_RIYADH9,2026-06-16,2.0473242752048533
SAU_RIYADH9,2026-06-17,2.0547092233670705
SAU_RIYADH9,2026-06-18,2.042989529994598
SAU_RIYADH9,2026-06-19,2.081364950973808
SAU_RIYADH9,2026-06-21,2.1841986066950403
SAU_RIYADH9,2026-06-24,2.166559162088006
SAU_RIYADH9,2026-06-25,2.1678493791753506
SAU_RIYADH9,2026-06-26,2.192536056232384
SAU_RIYADH9,2026-06-28,2.3698534542444785
SAU_RIYADH9,2026-06-29,2.3806554592271856
SAU_RIYADH9,2026-06-30,2.3741630190339604
SAU_RIYADH9,2026-07-01,2.3786359793055682
SAU_RIYADH9,2026-07-02,2.293124458498291
SAU_RIYADH9,2026-07-03,2.1805113369837046
SAU_RIYADH9,2026-07-04,2.0980967100507244
SAU_RIYADH9,2026-07-05,2.0676596113304813
SAU_RIYADH9,2026-07-08,2.0208684694305776
SAU_RIYADH9,2026-07-09,1.988489492246428
SAU_RIYADH9,2026-07-10,1.7774446329991331
SAU_RIYADH9,2026-07-11,1.6827457199909546
SAU_RIYADH9,2026-07-12,1.684904926838093
SAU_RIYADH9,2026-07-13,1.6753323715405093
SAU_RIYADH9,2026-07-14,1.6306256014076006
SAU_RIYADH9,2026-07-15,1.4083141250091782
SAU_RIYADH9,2026-07-16,1.3878916424661405
SAU_RIYADH9,2026-07-17,1.452336026318064
SAU_RIYADH9,2026-07-18,1.4639306782973989
SAU_RIYADH9,2026-07-21,1.3693476707095384
SAU_RIYADH9,2026-07-22,1.5275188794575714
SAU_RIYADH9,2026-07-23,1.5473359020836597
SAU_RIYADH9,2026-07-24,1.5491860477813313
SAU_RIYADH9,2026-07-25,1.5733337449728304
SAU_RIYADH9,2026-07-26,1.540040915683037
SAU_RIYADH9,2026-07-30,1.41741855407203
SAU_RIYADH9,2026-07-31,1.4032932693679658
SAU_RIYADH9,2026-08-01,1.427925976634456
SAU_RIYADH9,2026-08-05,1.4775242065925547
SAU_RIYADH9,2026-08-06,1.470737753773539
SAU_RIYADH9,2026-08-07,1.5010862122880098
SAU_RIYADH9,2026-08-09,1.5762101933993362
SAU_RIYADH9,2026-08-11,1.677188222664547
SAU_RIYADH9,2026-08-13,1.7219120227749327
SAU_RIYADH9,2026-08-14,1.7874264646175129
SAU_RIYADH9,2026-08-16,1.841154242215724
SAU_RIYADH9,2026-08-17,1.8632202498714483
SAU_RIYADH9,2026-08-18,1.9257513867904301
SAU_RIYADH9,2026-08-19,1.9679786746418002
SAU_RIYADH9,2026-08-22,1.7603835872531464
SAU_RIYADH9,2026-08-23,1.7676777221276172
SAU_RIYADH9,2026-08-24,1.7811879567152948
SAU_RIYADH9,2026-08-26,2.1471052022463977
SAU_RIYADH9,2026-08-27,2.086472210106785
SAU_RIYADH9,2026-08-28,2.1939126547215175
SAU_RIYADH9,2026-08-29,2.27568302980779
SAU_RIYADH9,2026-08-30,2.602552836480362
SAU_RIYADH9,2026-09-01,2.6219269275972836
SAU_RIYADH9,2026-09-03,2.6221047423617803
SAU_RIYADH9,2026-09-04,2.625851563942374
SAU_RIYADH9,2026-09-05,2.638400268329548
SAU_RIYADH9,2026-09-06,2.6104597689411992
SAU_RIYADH9,2026-09-07,2.5312879082418602
SAU_RIYADH9,2026-09-10,2.685261987699257
SAU_SHOAIBA,2025-01-01,
SAU_SHOAIBA,2025-01-02,
SAU_SHOAIBA,2025-01-03,
SAU_SHOAIBA,2025-01-04,
SAU_SHOAIBA,2025-01-07,
SAU_SHOAIBA,2025-01-08,
SAU_SHOAIBA,2025-01-09,
SAU_SHOAIBA,2025-01-12,0.5594495851683293
SAU_SHOAIBA,2025-01-13,0.5719979413404926
SAU_SHOAIBA,2025-01-14,0.5868541059021991
SAU_SHOAIBA,2025-01-15,0.6112184449037129
SAU_SHOAIBA,2025-01-17,0.6947378853263072
SAU_SHOAIBA,2025-01-18,0.7582271224724144
SAU_SHOAIBA,2025-01-19,0.7508375570987779
SAU_SHOAIBA,2025-01-20,0.7591535346660486
SAU_SHOAIBA,2025-01-21,0.7640606861645464
SAU_SHOAIBA,2025-01-22,0.8047218691270497
SAU_SHOAIBA,2025-01-24,0.7835644738461114
SAU_SHOAIBA,2025-01-27,0.764678375720561
SAU_SHOAIBA,2025-01-28,0.7366106397144113
SAU_SHOAIBA,2025-01-29,0.7483809637828417
SAU_SHOAIBA,2025-01-30,0.7429135585604513
SAU_SHOAIBA,2025-02-01,0.7047258431168554
SAU_SHOAIBA,2025-02-03,0.7241749420184707
SAU_SHOAIBA,2025-02-07,0.7674297280844801
SAU_SHOAIBA,2025-02-08,0.7439535868358419
SAU_SHOAIBA,2025-02-09,0.7215324341030084
SAU_SHOAIBA,2025-02-10,0.6957222919495878
SAU_SHOAIBA,2025-02-14,0.7142593980178011
SAU_SHOAIBA,2025-02-18,0.6229886840888818
SAU_SHOAIBA,2025-02-20,0.5773414574611521
SAU_SHOAIBA,2025-02-21,0.4967248595588687
SAU_SHOAIBA,2025-02-23,0.5065058220629389
SAU_SHOAIBA,2025-02-24,0.5010031724087027
SAU_SHOAIBA,2025-02-25,0.5408626485852046
SAU_SHOAIBA,2025-02-26,0.5528408718824618
SAU_SHOAIBA,2025-03-02,0.5766901084806946
SAU_SHOAIBA,2025-03-07,0.5518999586463885
SAU_SHOAIBA,2025-03-08,0.5649498150563562
SAU_SHOAIBA,2025-03-09,0.5721400938638903
SAU_SHOAIBA,2025-03-10,0.5526053975056185
SAU_SHOAIBA,2025-03-11,0.5831817152668002
SAU_SHOAIBA,2025-03-12,0.6642072517666324
SAU_SHOAIBA,2025-03-14,0.6892645510241197
SAU_SHOAIBA,2025-03-15,0.6864467273304125
SAU_SHOAIBA,2025-03-16,0.6877229806187997
SAU_SHOAIBA,2025-03-17,0.6930830692878917
SAU_SHOAIBA,2025-03-18,0.6762014093932968
SAU_SHOAIBA,2025-03-19,0.690844624271751
SAU_SHOAIBA,2025-03-21,0.6532721583877098
SAU_SHOAIBA,2025-03-23,0.6816183446523928
SAU_SHOAIBA,2025-03-24,0.7197215770126493
SAU_SHOAIBA,2025-03-25,0.7514076698447792
SAU_SHOAIBA,2025-03-26,0.7596508524144455
SAU_SHOAIBA,2025-03-27,0.7459055933198607
SAU_SHOAIBA,2025-03-28,0.74512171815666
SAU_SHOAIBA,2025-03-31,0.7436327782023959
SAU_SHOAIBA,2025-04-01,0.7048428631070748
SAU_SHOAIBA,2025-04-02,0.6897018068498174
SAU_SHOAIBA,2025-04-03,0.70562627725611
SAU_SHOAIBA,2025-04-07,0.7465938668410129
SAU_SHOAIBA,2025-04-08,0.8200034067041829
SAU_SHOAIBA,2025-04-09,0.8577516633429209
SAU_SHOAIBA,2025-04-10,0.8696638825349182
SAU_SHOAIBA,2025-04-16,0.8375418590595185
SAU_SHOAIBA,2025-04-17,0.8557526940563399
SAU_SHOAIBA,2025-04-18,0.8274929890166309
SAU_SHOAIBA,2025-04-19,0.8021877118636455
SAU_SHOAIBA,2025-04-20,0.811500209155361
SAU_SHOAIBA,2025-04-21,0.8966946307964794
SAU_SHOAIBA,2025-04-22,0.9008087335029714
SAU_SHOAIBA,2025-04-23,0.8684370088099932
SAU_SHOAIBA,2025-04-24,0.8388554051663946
SAU_SHOAIBA,2025-04-25,0.8566305360167672
SAU_SHOAIBA,2025-04-26,0.8509710764310707
SAU_SHOAIBA,2025-04-27,0.8466162239020818
SAU_SHOAIBA,2025-04-28,0.8100359909385388
SAU_SHOAIBA,2025-04-29,0.7947405562753307
SAU_SHOAIBA,2025-05-01,0.82905919077072
SAU_SHOAIBA,2025-05-02,0.909347783828336
SAU_SHOAIBA,2025-05-08,0.777079151202306
SAU_SHOAIBA,2025-05-09,0.7573879124496612
SAU_SHOAIBA,2025-05-10,0.8171655815868273
SAU_SHOAIBA,2025-05-11,0.9377712514752705
SAU_SHOAIBA,2025-05-17,0.9832483068367693
SAU_SHOAIBA,2025-05-18,1.0541609371964844
SAU_SHOAIBA,2025-05-19,1.0946524469222252
SAU_SHOAIBA,2025-05-20,1.1988805845201764
SAU_SHOAIBA,2025-05-21,1.1468298043322571
SAU_SHOAIBA,2025-05-22,1.3032449397597379
SAU_SHOAIBA,2025-05-27,1.5382067439389453
SAU_SHOAIBA,2025-06-04,1.7583632713958615
SAU_SHOAIBA,2025-06-05,1.7907185916475317
SAU_SHOAIBA,2025-06-06,1.8037494276817931
SAU_SHOAIBA,2025-06-08,2.080613503013326
SAU_SHOAIBA,2025-06-09,2.0336066600869396
SAU_SHOAIBA,2025-06-10,2.0115865766490133
SAU_SHOAIBA,2025-06-12,2.0383200016398098
SAU_SHOAIBA,2025-06-13,1.9722699652528204
SAU_SHOAIBA,2025-06-14,1.9355265701442692
SAU_SHOAIBA,2025-06-15,2.0167684003588455
SAU_SHOAIBA,2025-06-26,2.0155761598781443
SAU_SHOAIBA,2025-06-28,2.017988810679617
SAU_SHOAIBA,2025-06-29,1.9963238701706014
SAU_SHOAIBA,2025-06-30,1.993148218482634
SAU_SHOAIBA,2025-07-01,2.031273987206483
SAU_SHOAIBA,2025-07-03,1.978352118472747
SAU_SHOAIBA,2025-07-07,1.8889216812961471
SAU_SHOAIBA,2025-07-08,1.7917661902806064
SAU_SHOAIBA,2025-07-09,1.7475975973043103
SAU_SHOAIBA,2025-07-10,1.596427058588236
SAU_SHOAIBA,2025-07-11,1.5526863060608869
SAU_SHOAIBA,2025-07-12,1.472292766276695
SAU_SHOAIBA,2025-07-14,1.5199800765909461
SAU_SHOAIBA,2025-07-25,1.3722257361060604
SAU_SHOAIBA,2025-07-26,1.3588087440738263
SAU_SHOAIBA,2025-07-27,1.2964769444170277
SAU_SHOAIBA,2025-07-28,1.2573812449993498
SAU_SHOAIBA,2025-07-29,1.2122769444142643
SAU_SHOAIBA,2025-07-30,1.3231175308260632
SAU_SHOAIBA,2025-07-31,1.2051197152253161
SAU_SHOAIBA,2025-08-01,1.1933646553022643
SAU_SHOAIBA,2025-08-02,1.1776991455893913
SAU_SHOAIBA,2025-08-08,1.2792742704757372
SAU_SHOAIBA,2025-08-09,1.2629294572498246
SAU_SHOAIBA,2025-08-10,1.3141516674198717
SAU_SHOAIBA,2025-08-11,1.2875506085531931
SAU_SHOAIBA,2025-08-12,1.2359216922091787
SAU_SHOAIBA,2025-08-13,1.2031744073847195
SAU_SHOAIBA,2025-08-14,1.2353446366451648
SAU_SHOAIBA,2025-08-15,1.315187377678126
SAU_SHOAIBA,2025-08-17,1.2781856038170627
SAU_SHOAIBA,2025-08-18,1.2478064887628872
SAU_SHOAIBA,2025-08-19,1.232315019173159
SAU_SHOAIBA,2025-08-21,1.2061963938610292
SAU_SHOAIBA,2025-08-22,1.1941275969486094
SAU_SHOAIBA,2025-08-25,1.1841533152732673
SAU_SHOAIBA,2025-08-26,1.2297673927393609
SAU_SHOAIBA,2025-08-29,1.0787175585782978
SAU_SHOAIBA,2025-08-31,1.1999504444186284
SAU_SHOAIBA,2025-09-01,1.2441420224850772
SAU_SHOAIBA,2025-09-02,1.2263993555408146
SAU_SHOAIBA,2025-09-03,1.2020146099546767
SAU_SHOAIBA,2025-09-04,1.2817279131023247
SAU_SHOAIBA,2025-09-06,1.2634234147232004
SAU_SHOAIBA,2025-09-07,1.2289168190222746
SAU_SHOAIBA,2025-09-08,1.2508668772649039
SAU_SHOAIBA,2025-09-11,1.2820160022596834
SAU_SHOAIBA,2025-09-12,1.2677909180663594
SAU_SHOAIBA,2025-09-13,1.2208534896480219
SAU_SHOAIBA,2025-09-15,1.2108324291785004
SAU_SHOAIBA,2025-09-16,1.2776651340291845
SAU_SHOAIBA,2025-09-17,1.3331036481339653
SAU_SHOAIBA,2025-09-18,1.3329219709008835
SAU_SHOAIBA,2025-09-19,1.361170596142362
SAU_SHOAIBA,2025-09-20,1.4093749846414851
SAU_SHOAIBA,2025-09-21,1.4247055419122325
SAU_SHOAIBA,2025-09-23,1.3865481935991326
SAU_SHOAIBA,2025-09-24,1.3956913567303402
SAU_SHOAIBA,2025-09-29,1.4088879441412832
SAU_SHOAIBA,2025-09-30,1.3372663826697657
SAU_SHOAIBA,2025-10-04,1.2184736982160913
SAU_SHOAIBA,2025-10-05,1.28579494724103
SAU_SHOAIBA,2025-10-06,1.3615787246624207
SAU_SHOAIBA,2025-10-07,1.3904189972599446
SAU_SHOAIBA,2025-10-08,1.5016083022327695
SAU_SHOAIBA,2025-10-09,1.4851509698605545
SAU_SHOAIBA,2025-10-10,1.460425987296853
SAU_SHOAIBA,2025-10-11,1.4744823087230379
SAU_SHOAIBA,2025-10-12,1.514198048176117
SAU_SHOAIBA,2025-10-13,1.5317530978697125
SAU_SHOAIBA,2025-10-14,1.5455019465207565
SAU_SHOAIBA,2025-10-15,1.4833312783135462
SAU_SHOAIBA,2025-10-17,1.4188933353041715
SAU_SHOAIBA,2025-10-18,1.4567457308495744
SAU_SHOAIBA,2025-10-19,1.43958450445086
SAU_SHOAIBA,2025-10-20,1.4047022363923372
SAU_SHOAIBA,2025-10-21,1.391530815907685
SAU_SHOAIBA,2025-10-22,1.4003219914243639
SAU_SHOAIBA,2025-10-23,1.4491108599468154
SAU_SHOAIBA,2025-10-24,1.4635531850082932
SAU_SHOAIBA,2025-10-25,1.4325428595389869
SAU_SHOAIBA,2025-10-26,1.4020869241943634
SAU_SHOAIBA,2025-10-27,1.4664561768000897
SAU_SHOAIBA,2025-10-28,1.4901943571015326
SAU_SHOAIBA,2025-10-29,1.5866099970120862
SAU_SHOAIBA,2025-10-31,1.595928230881435
SAU_SHOAIBA,2025-11-01,1.6046910279450712
SAU_SHOAIBA,2025-11-02,1.592674047086946
SAU_SHOAIBA,2025-11-03,1.6269677867135754
SAU_SHOAIBA,2025-11-04,1.569270609775754
SAU_SHOAIBA,2025-11-05,1.5474183754163058
SAU_SHOAIBA,2025-11-06,1.532974711792788
SAU_SHOAIBA,2025-11-07,1.490552527573158
SAU_SHOAIBA,2025-11-08,1.471853807339436
SAU_SHOAIBA,2025-11-11,1.4470201755483296
SAU_SHOAIBA,2025-11-12,1.4288334272381102
SAU_SHOAIBA,2025-11-17,1.4228065921034232
SAU_SHOAIBA,2025-11-18,1.4022911828925986
SAU_SHOAIBA,2025-11-19,1.398144384928203
SAU_SHOAIBA,2025-11-20,1.3890362662852629
SAU_SHOAIBA,2025-11-21,1.3372388287563541
SAU_SHOAIBA,2025-11-22,1.278272993431925
SAU_SHOAIBA,2025-11-23,1.2327374641635958
SAU_SHOAIBA,2025-11-24,1.227359342222981
SAU_SHOAIBA,2025-11-25,1.2121964047969471
SAU_SHOAIBA,2025-11-27,1.0587827778936874
SAU_SHOAIBA,2025-11-28,0.9532326176670535
SAU_SHOAIBA,2025-11-29,0.961261907652452
SAU_SHOAIBA,2025-11-30,0.928616649748316
SAU_SHOAIBA,2025-12-02,0.8513912215820866
SAU_SHOAIBA,2025-12-05,0.7785222281394198
SAU_SHOAIBA,2025-12-06,0.7424441967282348
SAU_SHOAIBA,2025-12-08,0.6497539200168664
SAU_SHOAIBA,2025-12-10,0.5960485254596465
SAU_SHOAIBA,2025-12-12,0.5682374487682209
SAU_SHOAIBA,2025-12-13,0.5319382286183698
SAU_SHOAIBA,2025-12-14,0.5410905730617671
SAU_SHOAIBA,2025-12-15,0.5141216141278928
SAU_SHOAIBA,2025-12-16,0.48476471130134496
SAU_SHOAIBA,2025-12-17,0.43180696102142696
SAU_SHOAIBA,2025-12-18,0.37379285080613656
SAU_SHOAIBA,2025-12-19,0.3962734685551283
SAU_SHOAIBA,2025-12-20,0.4045431064361568
SAU_SHOAIBA,2025-12-21,0.4068162430970101
SAU_SHOAIBA,2025-12-29,0.32465177336106765
SAU_SHOAIBA,2025-12-30,0.26714216664739104
SAU_SHOAIBA,2025-12-31,0.28883716720202857
SAU_SHOAIBA,2026-01-01,0.286399531402697
SAU_SHOAIBA,2026-01-03,0.2899501454923276
SAU_SHOAIBA,2026-01-04,0.2813308743440019
SAU_SHOAIBA,2026-01-06,0.2829118196847118
SAU_SHOAIBA,2026-01-07,0.31491676797858037
SAU_SHOAIBA,2026-01-08,0.32560235783667013
SAU_SHOAIBA,2026-01-09,0.358430673644311
SAU_SHOAIBA,2026-01-10,0.3791030802491794
SAU_SHOAIBA,2026-01-11,0.41046795695872956
SAU_SHOAIBA,2026-01-15,0.492180491007779
SAU_SHOAIBA,2026-01-16,0.5116570039185961
SAU_SHOAIBA,2026-01-19,0.4540844531847875
SAU_SHOAIBA,2026-01-20,0.4421381512944764
SAU_SHOAIBA,2026-01-22,0.43737701325772765
SAU_SHOAIBA,2026-01-25,0.4223526740468801
SAU_SHOAIBA,2026-01-26,0.4223127243633348
SAU_SHOAIBA,2026-01-27,0.410428666317027
SAU_SHOAIBA,2026-01-28,0.3860043510367048
SAU_SHOAIBA,2026-01-29,0.38331281414320695
SAU_SHOAIBA,2026-01-30,0.36599907624284456
SAU_SHOAIBA,2026-01-31,0.3569457021506836
SAU_SHOAIBA,2026-02-02,0.3551130696469221
SAU_SHOAIBA,2026-02-03,0.35072112865623783
SAU_SHOAIBA,2026-02-06,0.32189810148503845
SAU_SHOAIBA,2026-02-07,0.322298033578928
SAU_SHOAIBA,2026-02-08,0.30519924081776617
SAU_SHOAIBA,2026-02-09,0.28844611577031176
SAU_SHOAIBA,2026-02-10,0.27541652151592
SAU_SHOAIBA,2026-02-11,0.29026459011143096
SAU_SHOAIBA,2026-02-12,0.37564306673748316
SAU_SHOAIBA,2026-02-13,0.42278308757600364
SAU_SHOAIBA,2026-02-14,0.44099244963234124
SAU_SHOAIBA,2026-02-15,0.47488429717974373
SAU_SHOAIBA,2026-02-16,0.46856496293947325
SAU_SHOAIBA,2026-02-17,0.4690311674272923
SAU_SHOAIBA,2026-02-18,0.6713633431466124
SAU_SHOAIBA,2026-02-19,0.6976313550057832
SAU_SHOAIBA,2026-02-20,0.7160497230023938
SAU_SHOAIBA,2026-02-21,0.7156827236866523
SAU_SHOAIBA,2026-02-22,0.7673510264278994
SAU_SHOAIBA,2026-02-23,0.7619258163600151
SAU_SHOAIBA,2026-02-25,0.7764685326674942
SAU_SHOAIBA,2026-02-27,0.8192147757958476
SAU_SHOAIBA,2026-02-28,0.8279430032985505
SAU_SHOAIBA,2026-03-01,0.8252486037739228
SAU_SHOAIBA,2026-03-04,0.8588950383185495
SAU_SHOAIBA,2026-03-05,0.8733510119294197
SAU_SHOAIBA,2026-03-08,0.8795003546372109
SAU_SHOAIBA,2026-03-10,0.904105347840634
SAU_SHOAIBA,2026-03-13,0.9238678270725473
SAU_SHOAIBA,2026-03-16,0.8016879437770669
SAU_SHOAIBA,2026-03-17,0.7774003472315035
SAU_SHOAIBA,2026-03-21,0.5182535231237729
SAU_SHOAIBA,2026-03-22,0.4972229701589737
SAU_SHOAIBA,2026-03-27,0.36801406267314485
SAU_SHOAIBA,2026-03-28,0.37242489697706727
SAU_SHOAIBA,2026-03-29,0.3713443783344808
SAU_SHOAIBA,2026-03-30,0.4269911057782948
SAU_SHOAIBA,2026-03-31,0.5308322256194937
SAU_SHOAIBA,2026-04-01,0.6597412193252036
SAU_SHOAIBA,2026-04-02,0.6735021371267813
SAU_SHOAIBA,2026-04-03,0.7018405938028297
SAU_SHOAIBA,2026-04-12,0.7914542792772241
SAU_SHOAIBA,2026-04-13,0.760578709813505
SAU_SHOAIBA,2026-04-15,0.7661793493691729
SAU_SHOAIBA,2026-04-20,0.7942520433553721
SAU_SHOAIBA,2026-04-21,0.8129654911647671
SAU_SHOAIBA,2026-04-23,0.7396310676341719
SAU_SHOAIBA,2026-04-25,0.7192597890627421
SAU_SHOAIBA,2026-04-26,0.7706578679501458
SAU_SHOAIBA,2026-04-27,0.6562088461684278
SAU_SHOAIBA,2026-05-01,0.39100187344162546
SAU_SHOAIBA,2026-05-02,0.5141749103234293
SAU_SHOAIBA,2026-05-03,0.5407183936151461
SAU_SHOAIBA,2026-05-04,0.7592675297524416
SAU_SHOAIBA,2026-05-11,0.7847762608095615
SAU_SHOAIBA,2026-05-12,0.8873247700743433
SAU_SHOAIBA,2026-05-13,1.0427521023450093
SAU_SHOAIBA,2026-05-17,1.0695470773928568
SAU_SHOAIBA,2026-05-18,1.2371723779750974
SAU_SHOAIBA,2026-05-19,1.303978717233036
SAU_SHOAIBA,2026-05-20,1.3683459367954134
SAU_SHOAIBA,2026-05-21,1.351672915537605
SAU_SHOAIBA,2026-05-27,1.745054987298937
SAU_SHOAIBA,2026-05-28,1.7425972788093003
SAU_SHOAIBA,2026-06-03,1.6950453454623513
SAU_SHOAIBA,2026-06-04,1.6812402014144505
SAU_SHOAIBA,2026-06-05,1.6753792989156981
SAU_SHOAIBA,2026-06-10,1.7267273026932015
SAU_SHOAIBA,2026-06-11,1.674442897537614
SAU_SHOAIBA,2026-06-12,1.5583146736701916
SAU_SHOAIBA,2026-06-13,1.6245605601857351
SAU_SHOAIBA,2026-06-14,1.6470111008287736
SAU_SHOAIBA,2026-06-15,1.7331461560409656
SAU_SHOAIBA,2026-06-21,1.6946599896726158
SAU_SHOAIBA,2026-06-23,1.6822670523991723
SAU_SHOAIBA,2026-07-03,1.665981350696278
SAU_SHOAIBA,2026-07-05,1.8029576390691422
SAU_SHOAIBA,2026-07-07,1.8145387236754758
SAU_SHOAIBA,2026-07-13,1.9735029771217265
SAU_SHOAIBA,2026-07-14,1.8992523867812823
SAU_SHOAIBA,2026-07-15,1.7290834020948878
SAU_SHOAIBA,2026-07-21,1.656889860159755
SAU_SHOAIBA,2026-07-22,1.564899697914922
SAU_SHOAIBA,2026-07-23,1.5431422133098982
SAU_SHOAIBA,2026-07-24,1.4268599277124212
SAU_SHOAIBA,2026-07-25,1.3806286295844148
SAU_SHOAIBA,2026-07-26,1.3376143756503518
SAU_SHOAIBA,2026-07-28,1.3673694219363983
SAU_SHOAIBA,2026-07-30,1.3597158618019904
SAU_SHOAIBA,2026-07-31,1.3016133378375783
SAU_SHOAIBA,2026-08-04,1.1533817034684062
SAU_SHOAIBA,2026-08-10,1.1186030063361767
SAU_SHOAIBA,2026-08-21,0.9529324230628134
SAU_SHOAIBA,2026-08-22,0.9715543151754531
SAU_SHOAIBA,2026-08-23,1.054410990522347
SAU_SHOAIBA,2026-08-26,1.0155443238782302
SAU_SHOAIBA,2026-08-27,1.1429096980200888
SAU_SHOAIBA,2026-08-28,1.199112276139579
SAU_SHOAIBA,2026-08-29,1.241824662573667
SAU_SHOAIBA,2026-08-30,1.3157262819322078
SAU_SHOAIBA,2026-08-31,1.2931101708205468
SAU_SHOAIBA,2026-09-02,1.3310262537875157
SAU_SHOAIBA,2026-09-06,1.3601819644436601
SAU_SHOAIBA,2026-09-07,1.4116740751890409
SAU_SHOAIBA,2026-09-08,1.5301164860692544
SAU_SHOAIBA,2026-09-09,1.599962389476821
SAU_SHOAIBA,2026-09-10,1.5978865342353863
SAU_SHUQAIQ,2025-01-02,
SAU_SHUQAIQ,2025-01-03,
SAU_SHUQAIQ,2025-01-05,
SAU_SHUQAIQ,2025-01-08,
SAU_SHUQAIQ,2025-01-09,
SAU_SHUQAIQ,2025-01-11,
SAU_SHUQAIQ,2025-01-13,
SAU_SHUQAIQ,2025-01-15,0.63087765750818
SAU_SHUQAIQ,2025-01-16,0.639576277377599
SAU_SHUQAIQ,2025-01-19,0.6253978445014369
SAU_SHUQAIQ,2025-01-20,0.6088667860049587
SAU_SHUQAIQ,2025-01-22,0.5749929910884033
SAU_SHUQAIQ,2025-02-06,0.5184835673186712
SAU_SHUQAIQ,2025-02-07,0.49169059417016403
SAU_SHUQAIQ,2025-02-08,0.4804137059774535
SAU_SHUQAIQ,2025-02-09,0.5257714951588699
SAU_SHUQAIQ,2025-02-10,0.5895964711434171
SAU_SHUQAIQ,2025-02-11,0.5725825285939524
SAU_SHUQAIQ,2025-02-16,0.5547072187119005
SAU_SHUQAIQ,2025-02-18,0.5225973105524286
SAU_SHUQAIQ,2025-02-19,0.5294589784097299
SAU_SHUQAIQ,2025-02-20,0.5212918317751568
SAU_SHUQAIQ,2025-02-21,0.5604938062728008
SAU_SHUQAIQ,2025-02-22,0.5581972426659038
SAU_SHUQAIQ,2025-02-23,0.5523136643921894
SAU_SHUQAIQ,2025-02-24,0.5724692568126238
SAU_SHUQAIQ,2025-02-25,0.5792311623007385
SAU_SHUQAIQ,2025-02-26,0.6168240570152025
SAU_SHUQAIQ,2025-02-27,0.6199426616827208
SAU_SHUQAIQ,2025-02-28,0.6140604063475857
SAU_SHUQAIQ,2025-03-01,0.6073863131658784
SAU_SHUQAIQ,2025-03-02,0.6112270490582998
SAU_SHUQAIQ,2025-03-03,0.6183354982574313
SAU_SHUQAIQ,2025-03-06,0.5971983065186568
SAU_SHUQAIQ,2025-03-07,0.5745705963043924
SAU_SHUQAIQ,2025-03-11,0.5478480421116894
SAU_SHUQAIQ,2025-03-13,0.5564426100268327
SAU_SHUQAIQ,2025-03-14,0.5881233561966301
SAU_SHUQAIQ,2025-03-15,0.5903924834735748
SAU_SHUQAIQ,2025-03-17,0.5731924623220167
SAU_SHUQAIQ,2025-03-18,0.5760741976159403
SAU_SHUQAIQ,2025-03-19,0.565863778111696
SAU_SHUQAIQ,2025-03-20,0.5803278618924815
SAU_SHUQAIQ,2025-03-21,0.565110104423315
SAU_SHUQAIQ,2025-03-24,0.5716988627944706
SAU_SHUQAIQ,2025-03-25,0.584093370026489
SAU_SHUQAIQ,2025-03-26,0.5701039065994655
SAU_SHUQAIQ,2025-03-28,0.5295527263003172
SAU_SHUQAIQ,2025-03-29,0.5289562002104111
SAU_SHUQAIQ,2025-03-30,0.5323901499765294
SAU_SHUQAIQ,2025-03-31,0.5428509373332981
SAU_SHUQAIQ,2025-04-01,0.5457695699557789
SAU_SHUQAIQ,2025-04-02,0.5447719908677138
SAU_SHUQAIQ,2025-04-03,0.5692307936603228
SAU_SHUQAIQ,2025-04-05,0.5860188942043933
SAU_SHUQAIQ,2025-04-06,0.6196313457308071
SAU_SHUQAIQ,2025-04-08,0.6110652091740548
SAU_SHUQAIQ,2025-04-09,0.6559915393740643
SAU_SHUQAIQ,2025-04-10,0.6882005757374333
SAU_SHUQAIQ,2025-04-11,0.6760827712366809
SAU_SHUQAIQ,2025-04-12,0.6605293607188554
SAU_SHUQAIQ,2025-04-13,0.6331014949914147
SAU_SHUQAIQ,2025-04-14,0.6347031476582358
SAU_SHUQAIQ,2025-04-16,0.6546159340803968
SAU_SHUQAIQ,2025-04-17,0.650315388273458
SAU_SHUQAIQ,2025-04-18,0.6844404481389054
SAU_SHUQAIQ,2025-04-19,0.7163809662855551
SAU_SHUQAIQ,2025-04-20,0.7629773762371607
SAU_SHUQAIQ,2025-04-21,0.7620180220212786
SAU_SHUQAIQ,2025-04-22,0.7500868530624725
SAU_SHUQAIQ,2025-04-24,0.7677435929651938
SAU_SHUQAIQ,2025-04-25,0.8115137933463806
SAU_SHUQAIQ,2025-04-26,0.830347575650732
SAU_SHUQAIQ,2025-04-27,0.8306725841161327
SAU_SHUQAIQ,2025-04-28,0.8268987992536594
SAU_SHUQAIQ,2025-04-29,0.8436521704180341
SAU_SHUQAIQ,2025-05-01,0.8637604558175275
SAU_SHUQAIQ,2025-05-02,0.8632603599599254
SAU_SHUQAIQ,2025-05-03,0.8297586941798518
SAU_SHUQAIQ,2025-05-05,0.8436205649797393
SAU_SHUQAIQ,2025-05-07,0.8615431450829749
SAU_SHUQAIQ,2025-05-08,0.8708888244330832
SAU_SHUQAIQ,2025-05-09,0.8326167556016819
SAU_SHUQAIQ,2025-05-10,0.8343458267223225
SAU_SHUQAIQ,2025-05-11,0.8847963518796317
SAU_SHUQAIQ,2025-05-12,0.8897621847304371
SAU_SHUQAIQ,2025-05-13,0.922449874759906
SAU_SHUQAIQ,2025-05-14,0.9530667817973378
SAU_SHUQAIQ,2025-05-15,0.9905224664646359
SAU_SHUQAIQ,2025-05-16,0.9901665528933978
SAU_SHUQAIQ,2025-05-17,0.998134153126267
SAU_SHUQAIQ,2025-05-18,0.9909872828417376
SAU_SHUQAIQ,2025-05-19,0.98745240787435
SAU_SHUQAIQ,2025-05-20,0.9861000597513281
SAU_SHUQAIQ,2025-05-21,1.0452359003025298
SAU_SHUQAIQ,2025-05-22,1.0910920532384063
SAU_SHUQAIQ,2025-05-23,1.0900901875750735
SAU_SHUQAIQ,2025-05-24,1.091483320552533
SAU_SHUQAIQ,2025-05-25,1.0661194364744258
SAU_SHUQAIQ,2025-05-26,1.0784737332286591
SAU_SHUQAIQ,2025-05-27,1.1071152363255388
SAU_SHUQAIQ,2025-05-28,1.1206331889058962
SAU_SHUQAIQ,2025-05-29,1.1323341890335192
SAU_SHUQAIQ,2025-06-02,1.1770000391562192
SAU_SHUQAIQ,2025-06-03,1.1760196392092996
SAU_SHUQAIQ,2025-06-04,1.1599461755313811
SAU_SHUQAIQ,2025-06-05,1.1598433230551908
SAU_SHUQAIQ,2025-06-06,1.1501755676223946
SAU_SHUQAIQ,2025-06-07,1.227211811851913
SAU_SHUQAIQ,2025-06-08,1.2729358418238208
SAU_SHUQAIQ,2025-06-09,1.290800281344165
SAU_SHUQAIQ,2025-06-10,1.287387493390421
SAU_SHUQAIQ,2025-06-11,1.3414307019206477
SAU_SHUQAIQ,2025-06-12,1.369089106294182
SAU_SHUQAIQ,2025-06-13,1.3855148806183184
SAU_SHUQAIQ,2025-06-14,1.3923504791440737
SAU_SHUQAIQ,2025-06-15,1.4334040471434695
SAU_SHUQAIQ,2025-06-16,1.4560304558620198
SAU_SHUQAIQ,2025-06-17,1.5081953905432341
SAU_SHUQAIQ,2025-06-22,1.506261798317137
SAU_SHUQAIQ,2025-06-23,1.5375581151237956
SAU_SHUQAIQ,2025-06-24,1.5501000595181267
SAU_SHUQAIQ,2025-06-25,1.5344885898359102
SAU_SHUQAIQ,2025-06-26,1.5174652841792111
SAU_SHUQAIQ,2025-06-27,1.518775030144175
SAU_SHUQAIQ,2025-07-29,
SAU_SHUQAIQ,2025-08-05,
SAU_SHUQAIQ,2025-08-06,
SAU_SHUQAIQ,2025-08-31,
SAU_SHUQAIQ,2025-09-06,
SAU_SHUQAIQ,2025-09-08,
SAU_SHUQAIQ,2025-09-09,
SAU_SHUQAIQ,2025-09-14,
SAU_SHUQAIQ,2025-09-15,
SAU_SHUQAIQ,2025-09-16,
SAU_SHUQAIQ,2025-09-20,1.434223454325284
SAU_SHUQAIQ,2025-09-21,1.3362314107902977
SAU_SHUQAIQ,2025-09-23,1.3497894472900969
SAU_SHUQAIQ,2025-09-24,1.2972769278291474
SAU_SHUQAIQ,2025-09-25,1.2821106601481649
SAU_SHUQAIQ,2025-09-26,1.2358838579867997
SAU_SHUQAIQ,2025-09-28,1.1909764148365027
SAU_SHUQAIQ,2025-09-29,1.1790023915929075
SAU_SHUQAIQ,2025-09-30,1.1366448518674828
SAU_SHUQAIQ,2025-10-01,1.1474805926468141
SAU_SHUQAIQ,2025-10-03,1.1442061784872615
SAU_SHUQAIQ,2025-10-05,1.1205852452204577
SAU_SHUQAIQ,2025-10-06,1.019341255382358
SAU_SHUQAIQ,2025-10-07,1.0247643454511628
SAU_SHUQAIQ,2025-10-08,1.084531134624478
SAU_SHUQAIQ,2025-10-10,1.08266970502317
SAU_SHUQAIQ,2025-10-11,1.0796887303072513
SAU_SHUQAIQ,2025-10-13,1.109982822419691
SAU_SHUQAIQ,2025-10-14,1.1231114181492952
SAU_SHUQAIQ,2025-10-15,1.0477550754664864
SAU_SHUQAIQ,2025-10-16,1.015538608043808
SAU_SHUQAIQ,2025-10-20,1.0168445996567248
SAU_SHUQAIQ,2025-10-21,1.039783792797442
SAU_SHUQAIQ,2025-10-23,1.0075317743905612
SAU_SHUQAIQ,2025-10-24,1.0200240313403117
SAU_SHUQAIQ,2025-10-25,1.0361074583040808
SAU_SHUQAIQ,2025-10-26,1.0436814666267378
SAU_SHUQAIQ,2025-10-27,1.0538600016411346
SAU_SHUQAIQ,2025-10-28,1.1311459805984956
SAU_SHUQAIQ,2025-10-29,1.2090626404667768
SAU_SHUQAIQ,2025-10-30,1.2619210423718337
SAU_SHUQAIQ,2025-10-31,1.2903329827200676
SAU_SHUQAIQ,2025-11-01,1.2888011928545604
SAU_SHUQAIQ,2025-11-02,1.29673947540059
SAU_SHUQAIQ,2025-11-03,1.3032026073807443
SAU_SHUQAIQ,2025-11-04,1.3347979200886047
SAU_SHUQAIQ,2025-11-05,1.3367557139788815
SAU_SHUQAIQ,2025-11-06,1.3165741626794403
SAU_SHUQAIQ,2025-11-07,1.2753791374932986
SAU_SHUQAIQ,2025-11-08,1.2590486559747418
SAU_SHUQAIQ,2025-11-12,1.2389328204154029
SAU_SHUQAIQ,2025-11-13,1.217908462769566
SAU_SHUQAIQ,2025-11-14,1.2247887198261527
SAU_SHUQAIQ,2025-11-15,1.2252818659832447
SAU_SHUQAIQ,2025-11-19,1.2842698990754509
SAU_SHUQAIQ,2025-11-20,1.3038815624542894
SAU_SHUQAIQ,2025-11-21,1.2974764274292798
SAU_SHUQAIQ,2025-11-22,1.3209680613796302
SAU_SHUQAIQ,2025-11-23,1.3827733390707344
SAU_SHUQAIQ,2025-11-24,1.3794678508661002
SAU_SHUQAIQ,2025-11-25,1.3960170170778028
SAU_SHUQAIQ,2025-11-26,1.392737045139037
SAU_SHUQAIQ,2025-11-27,1.3479578312978278
SAU_SHUQAIQ,2025-11-28,1.3030683853932437
SAU_SHUQAIQ,2025-11-29,1.2789911137564038
SAU_SHUQAIQ,2025-11-30,1.254284920408262
SAU_SHUQAIQ,2025-12-01,1.2679312998214904
SAU_SHUQAIQ,2025-12-02,1.2467170865949775
SAU_SHUQAIQ,2025-12-03,1.2333521949442305
SAU_SHUQAIQ,2025-12-05,1.2389790562566396
SAU_SHUQAIQ,2025-12-06,1.2594879206558327
SAU_SHUQAIQ,2025-12-07,1.245876196534006
SAU_SHUQAIQ,2025-12-08,1.2508169428021696
SAU_SHUQAIQ,2025-12-09,1.2488648821457338
SAU_SHUQAIQ,2025-12-10,1.26386174490234
SAU_SHUQAIQ,2025-12-14,1.3237533887177695
SAU_SHUQAIQ,2025-12-17,1.3557844343329652
SAU_SHUQAIQ,2025-12-19,1.2873480821980348
SAU_SHUQAIQ,2025-12-20,1.2760035935020424
SAU_SHUQAIQ,2025-12-21,1.262760894319041
SAU_SHUQAIQ,2025-12-22,1.2281694531620808
SAU_SHUQAIQ,2025-12-25,1.1477260760411843
SAU_SHUQAIQ,2025-12-26,1.1214925988783147
SAU_SHUQAIQ,2025-12-29,1.0674795918232238
SAU_SHUQAIQ,2025-12-30,1.0549608005339963
SAU_SHUQAIQ,2025-12-31,1.070577565675373
SAU_SHUQAIQ,2026-01-01,1.1298504140521024
SAU_SHUQAIQ,2026-01-05,1.1031437238575268
SAU_SHUQAIQ,2026-01-07,1.1161049162459236
SAU_SHUQAIQ,2026-01-08,1.112081773078294
SAU_SHUQAIQ,2026-01-09,1.0395145630899034
SAU_SHUQAIQ,2026-01-10,1.010687297895516
SAU_SHUQAIQ,2026-01-11,0.9859570699682051
SAU_SHUQAIQ,2026-01-18,0.9810785810666132
SAU_SHUQAIQ,2026-01-22,0.9846907543592712
SAU_SHUQAIQ,2026-01-24,0.9733746629452943
SAU_SHUQAIQ,2026-01-26,0.9943997436631509
SAU_SHUQAIQ,2026-02-01,0.8187107333920398
SAU_SHUQAIQ,2026-02-02,0.8233055239725089
SAU_SHUQAIQ,2026-02-03,0.8029570267950311
SAU_SHUQAIQ,2026-02-07,0.7959700045162174
SAU_SHUQAIQ,2026-02-08,0.8274122036830928
SAU_SHUQAIQ,2026-02-09,0.8620934139052185
SAU_SHUQAIQ,2026-02-10,0.8790803388642691
SAU_SHUQAIQ,2026-02-11,0.8901013700998793
SAU_SHUQAIQ,2026-02-12,0.9070807110752672
SAU_SHUQAIQ,2026-02-15,0.8760810189337
SAU_SHUQAIQ,2026-02-16,0.8863568760464624
SAU_SHUQAIQ,2026-02-17,0.9129427624202424
SAU_SHUQAIQ,2026-02-18,0.9768525692406996
SAU_SHUQAIQ,2026-02-21,0.9868585899007536
SAU_SHUQAIQ,2026-02-22,0.9771248804849402
SAU_SHUQAIQ,2026-02-23,1.0313459970791494
SAU_SHUQAIQ,2026-02-25,1.0135747594413724
SAU_SHUQAIQ,2026-02-26,0.984328384127908
SAU_SHUQAIQ,2026-03-05,1.050114620554435
SAU_SHUQAIQ,2026-03-13,1.0964782102569324
SAU_SHUQAIQ,2026-03-14,1.078980110826997
SAU_SHUQAIQ,2026-03-15,1.0344467409338551
SAU_SHUQAIQ,2026-03-16,1.021537735625171
SAU_SHUQAIQ,2026-03-17,1.071514678546335
SAU_SHUQAIQ,2026-03-18,1.069166027874765
SAU_SHUQAIQ,2026-03-21,0.8731156599435862
SAU_SHUQAIQ,2026-03-29,0.8282389961096345
SAU_SHUQAIQ,2026-03-30,0.8045519182039552
SAU_SHUQAIQ,2026-03-31,0.790825502882416
SAU_SHUQAIQ,2026-04-01,0.8414618121348871
SAU_SHUQAIQ,2026-04-02,0.9157252441849703
SAU_SHUQAIQ,2026-04-03,0.9443929550604252
SAU_SHUQAIQ,2026-04-04,0.8666789902165871
SAU_SHUQAIQ,2026-04-07,0.8748370853672364
SAU_SHUQAIQ,2026-04-08,0.8900463423662647
SAU_SHUQAIQ,2026-04-13,0.8666718825541836
SAU_SHUQAIQ,2026-04-14,0.8902079725983784
SAU_SHUQAIQ,2026-04-15,0.8504384599360042
SAU_SHUQAIQ,2026-04-16,0.8115019105614352
SAU_SHUQAIQ,2026-04-17,0.7871722147648167
SAU_SHUQAIQ,2026-04-19,0.7777965347263808
SAU_SHUQAIQ,2026-04-20,0.7995747074720179
SAU_SHUQAIQ,2026-04-21,0.7937374728899917
SAU_SHUQAIQ,2026-04-22,0.7891969236237266
SAU_SHUQAIQ,2026-04-23,0.7971580484975037
SAU_SHUQAIQ,2026-04-25,0.7961848141893261
SAU_SHUQAIQ,2026-04-26,0.7790811162342128
SAU_SHUQAIQ,2026-04-27,0.7912345697318384
SAU_SHUQAIQ,2026-04-28,0.7988797337930684
SAU_SHUQAIQ,2026-04-29,0.8204173050538408
SAU_SHUQAIQ,2026-04-30,0.8314355102139995
SAU_SHUQAIQ,2026-05-01,0.7948631271514544
SAU_SHUQAIQ,2026-05-02,0.7461527775211302
SAU_SHUQAIQ,2026-05-03,0.7602276886317899
SAU_SHUQAIQ,2026-05-04,0.8209238476598589
SAU_SHUQAIQ,2026-05-05,0.8144281275157426
SAU_SHUQAIQ,2026-05-06,0.8207405728968163
SAU_SHUQAIQ,2026-05-07,0.8093198595295825
SAU_SHUQAIQ,2026-05-08,0.8063453830405237
SAU_SHUQAIQ,2026-05-09,0.85116567525728
SAU_SHUQAIQ,2026-05-10,0.8504178105994977
SAU_SHUQAIQ,2026-05-11,0.8610896830637372
SAU_SHUQAIQ,2026-05-12,0.8682966985986812
SAU_SHUQAIQ,2026-05-13,0.8941688576183776
SAU_SHUQAIQ,2026-05-14,0.8904921010099522
SAU_SHUQAIQ,2026-05-15,0.9483129982904458
SAU_SHUQAIQ,2026-05-16,0.9682865674633022
SAU_SHUQAIQ,2026-05-17,0.9805198810105381
SAU_SHUQAIQ,2026-05-18,0.9900018179284857
SAU_SHUQAIQ,2026-05-19,1.0102060839148244
SAU_SHUQAIQ,2026-05-20,1.0497781848007646
SAU_SHUQAIQ,2026-05-21,1.0778822907978713
SAU_SHUQAIQ,2026-05-23,1.0780095984836744
SAU_SHUQAIQ,2026-05-24,1.0629691334400866
SAU_SHUQAIQ,2026-05-25,1.0733400968295652
SAU_SHUQAIQ,2026-05-26,1.091213011691977
SAU_SHUQAIQ,2026-05-27,1.0816743909930187
SAU_SHUQAIQ,2026-05-28,1.086450913211386
SAU_SHUQAIQ,2026-05-29,1.0870237671479803
SAU_SHUQAIQ,2026-05-30,1.1003619722944413
SAU_SHUQAIQ,2026-05-31,1.1102979829316648
SAU_SHUQAIQ,2026-06-01,1.118160937942013
SAU_SHUQAIQ,2026-06-02,1.0909171180605464
SAU_SHUQAIQ,2026-06-03,1.068244805368383
SAU_SHUQAIQ,2026-06-04,1.084709251160521
SAU_SHUQAIQ,2026-06-05,1.1087338333736725
SAU_SHUQAIQ,2026-06-07,1.107590926104597
SAU_SHUQAIQ,2026-06-08,1.0741124730588791
SAU_SHUQAIQ,2026-06-09,1.0946860323036105
SAU_SHUQAIQ,2026-06-10,1.1082793470801602
SAU_SHUQAIQ,2026-06-11,1.111831788316955
SAU_SHUQAIQ,2026-06-12,1.1060933045481174
SAU_SHUQAIQ,2026-06-13,1.140454678465607
SAU_SHUQAIQ,2026-06-14,1.1073534666870621
SAU_SHUQAIQ,2026-06-15,1.1255820111246007
SAU_SHUQAIQ,2026-06-16,1.1448015140504566
SAU_SHUQAIQ,2026-06-17,1.1382980532836002
SAU_SHUQAIQ,2026-06-18,1.142882715661115
SAU_SHUQAIQ,2026-06-19,1.125699933844755
SAU_SHUQAIQ,2026-06-21,1.1279824929047442
SAU_SHUQAIQ,2026-06-23,1.1736303227025144
SAU_SHUQAIQ,2026-06-26,1.1854957789037164
SAU_SHUQAIQ,2026-06-28,1.1972245943885496
SAU_SHUQAIQ,2026-06-29,1.2083873632489441
SAU_SHUQAIQ,2026-06-30,1.2293044532532502
SAU_SHUQAIQ,2026-07-01,1.2659194775641356
SAU_SHUQAIQ,2026-07-02,1.3180971792650233
SAU_SHUQAIQ,2026-07-03,1.3290208960970988
SAU_SHUQAIQ,2026-07-04,1.3080234304318687
SAU_SHUQAIQ,2026-07-05,1.3019244741218605
SAU_SHUQAIQ,2026-07-06,1.3228942656349807
SAU_SHUQAIQ,2026-07-07,1.3625908562722722
SAU_SHUQAIQ,2026-07-08,1.3878684937205674
SAU_SHUQAIQ,2026-07-12,1.4069693766647982
SAU_SHUQAIQ,2026-07-15,1.3823927839001104
SAU_SHUQAIQ,2026-07-16,1.3997682616380243
SAU_SHUQAIQ,2026-07-20,1.417207957439823
SAU_SHUQAIQ,2026-07-21,1.365284374747914
SAU_SHUQAIQ,2026-07-22,1.3113446239274704
SAU_SHUQAIQ,2026-07-23,1.3122699934027393
SAU_SHUQAIQ,2026-07-28,1.410749293567578
SAU_SHUQAIQ,2026-07-29,1.4462426074383945
SAU_SHUQAIQ,2026-08-04,1.3724075166270222
SAU_SHUQAIQ,2026-08-05,1.3300848802695444
SAU_SHUQAIQ,2026-08-06,1.277437980542835
SAU_SHUQAIQ,2026-08-08,1.3258830115466345
SAU_SHUQAIQ,2026-08-10,1.2759635350970855
SAU_SHUQAIQ,2026-08-11,1.2765775223950848
SAU_SHUQAIQ,2026-08-14,1.3073870885248282
SAU_SHUQAIQ,2026-08-16,1.2178580872605291
SAU_SHUQAIQ,2026-08-18,1.2192131681901435
SAU_SHUQAIQ,2026-08-23,1.3550171027863194
SAU_SHUQAIQ,2026-08-24,1.4639141513042102
SAU_SHUQAIQ,2026-08-28,1.3379509866698616
SAU_SHUQAIQ,2026-08-29,1.3389885138304298
SAU_SHUQAIQ,2026-09-01,1.2904547644075108
SAU_SHUQAIQ,2026-09-02,1.2572187046433296
SAU_SHUQAIQ,2026-09-05,1.33610186207968
SAU_SHUQAIQ,2026-09-08,1.3978266773062846
