plant_id_eia,ba
70402,ISNE
70379,MISO
70368,CISO
70366,SWPP
70364,PJM
70334,PJM
70301,MISO
70287,PJM
70271,SWPP
70240,PJM
70189,ISNE
70157,PJM
70134,NYIS
70126,PJM
70082,PJM
70037,LDWP
70027,NYIS
70026,MISO
70017,PJM
70002,NYIS
69988,CPLE
69973,PNM
69963,PJM
69956,CISO
69955,ISNE
69937,MISO
69874,MISO
69865,ERCO
69858,CISO
69843,MISO
69834,NYIS
69818,PJM
69771,CPLW
69754,NYIS
69739,MISO
69736,ISNE
69726,PJM
69718,NYIS
69707,ISNE
69700,NYIS
69682,PACW
69647,MISO
69603,ISNE
69597,NYIS
69580,ERCO
69576,ERCO
69538,SWPP
69511,ERCO
69495,MISO
69482,BPAT
69472,NYIS
69413,ERCO
69378,ERCO
69363,CISO
69298,ERCO
69272,ERCO
69256,AZPS
69253,ERCO
69213,PJM
69196,DUK
69183,MISO
69169,MISO
69154,NYIS
69132,CISO
69130,NYIS
69050,PJM
69045,ERCO
69042,PNM
69041,PACE
69022,MISO
69013,ISNE
69007,PJM
69005,PJM
69004,ERCO
68951,MISO
68947,NYIS
68945,WACM
68934,MISO
68932,CISO
68928,MISO
68927,MISO
68920,MISO
68884,NYIS
68856,ERCO
68839,ERCO
68829,FPL
68827,FPL
68826,FPL
68798,CISO
68795,CISO
68787,CISO
68766,ERCO
68750,MISO
68724,SWPP
68710,SWPP
68660,NYIS
68611,CEA
68564,TVA
68529,SRP
68525,CISO
68486,CISO
68474,ERCO
68472,TEC
68462,PACW
68452,AZPS
68430,ISNE
68393,PJM
68390,ISNE
68371,PACE
68360,ERCO
68358,ERCO
68353,ERCO
68343,PSCO
68338,IPCO
68305,ERCO
68285,HECO
68277,SWPP
68243,SOCO
68242,MISO
68232,MISO
68221,CISO
68198,ERCO
68195,PJM
68182,SWPP
68156,MISO
68114,TVA
68112,TVA
68075,PJM
68065,ERCO
68020,NYIS
68004,NYIS
67980,PGE
67979,NYIS
67974,NYIS
67969,DUK
67962,PJM
67883,NYIS
67882,NYIS
67848,CISO
67843,ERCO
67792,MISO
67791,SWPP
67772,ERCO
67761,ERCO
67749,CISO
67723,CPLE
67702,MISO
67679,NYIS
67671,PJM
67660,ERCO
67618,NYIS
67612,NYIS
67611,NYIS
67594,NYIS
67574,NYIS
67560,ERCO
67559,ERCO
67548,MISO
67539,MISO
67519,MISO
67508,PJM
67474,AZPS
67468,ISNE
67430,MISO
67424,ERCO
67409,ISNE
67377,ISNE
67325,NYIS
67311,ERCO
67303,WACM
67268,NYIS
67255,MISO
67250,ERCO
67249,ERCO
67243,PJM
67239,PJM
67233,TVA
67222,ERCO
67209,FPC
67194,ISNE
67127,SEPA
67121,PJM
67105,CISO
67064,PJM
67044,CPLE
67031,NYIS
66983,NEVP
66965,PJM
66958,MISO
66945,PSCO
66944,PJM
66943,PJM
66942,PACW
66897,ERCO
66881,MISO
66867,PJM
66825,SOCO
66807,CISO
66803,PJM
66798,PJM
66797,CISO
66778,MISO
66763,NYIS
66761,NYIS
66752,NYIS
66741,ISNE
66737,SWPP
66736,SWPP
66715,CISO
66709,SCEG
66707,MISO
66694,PNM
66692,ERCO
66655,PJM
66647,PJM
66645,NYIS
66622,CISO
66604,ERCO
66580,MISO
66545,PJM
66544,SOCO
66539,PJM
66429,ISNE
66416,MISO
66402,ISNE
66377,DUK
66374,CPLE
66318,ISNE
66283,ISNE
66271,PSCO
66248,SWPP
66236,NYIS
66226,NYIS
66144,WACM
66141,WACM
66119,PJM
66093,MISO
66081,ISNE
66059,MISO
66005,DUK
66000,MISO
65978,FPL
65967,MISO
65965,CISO
65892,SEPA
65889,CISO
65880,ERCO
65878,FPL
65860,ERCO
65858,ISNE
65853,ERCO
65785,ISNE
65781,CPLE
65750,PGE
65728,SOCO
65716,ISNE
65713,MISO
65707,CISO
65703,CISO
65628,NYIS
65627,NYIS
65625,NYIS
65571,ERCO
65568,CISO
65543,ERCO
65514,MISO
65503,CPLE
65489,ERCO
65476,ISNE
65474,ISNE
65457,CISO
65431,FPL
65389,DUK
65351,MISO
65329,PJM
65326,BPAT
65311,PACE
65305,PJM
65297,NYIS
65227,MISO
65217,NYIS
65198,ISNE
65171,FPC
65156,NYIS
65114,ISNE
65105,CISO
65075,MISO
65037,FPL
64993,CISO
64977,ISNE
64940,ERCO
64930,MISO
64922,ERCO
64919,PJM
64918,PJM
64901,ERCO
64884,ERCO
64877,CISO
64837,CISO
64813,ERCO
64805,ERCO
64779,PJM
64747,NYIS
64711,PJM
64709,PJM
64670,MISO
64654,WACM
64653,WACM
64640,CPLW
64628,PJM
64615,ISNE
64583,SOCO
64581,MISO
64567,MISO
64562,NYIS
64531,CISO
64480,MISO
64473,SWPP
64469,SOCO
64433,PJM
64431,MISO
64418,LDWP
64408,ISNE
64388,PSCO
64378,ISNE
64372,NYIS
64352,WACM
64337,ISNE
64300,FPL
64270,CISO
64252,PJM
64220,CISO
64179,MISO
64153,MISO
64146,FPC
64144,PJM
64133,ERCO
64125,NYIS
64121,CPLE
64117,CPLE
64106,CISO
64097,PJM
64060,ISNE
64044,NYIS
64033,PGE
64019,PJM
64018,PJM
64012,PJM
63993,CISO
63986,CISO
63981,PNM
63950,ISNE
63820,MISO
63801,PJM
63795,BPAT
63791,MISO
63790,MISO
63760,DUK
63745,PJM
63722,PSCO
63720,DUK
63680,MISO
63673,ISNE
63637,ISNE
63623,CISO
63601,MISO
63590,SWPP
63587,WACM
63586,WACM
63571,ISNE
63527,CISO
63516,CISO
63498,NYIS
63496,PJM
63493,CISO
63478,PJM
63472,ISNE
63447,DUK
63436,WACM
63414,CISO
63407,NYIS
63398,ISNE
63387,BANC
63385,CISO
63376,CISO
63371,NYIS
63351,ERCO
63346,CPLE
63324,MISO
63312,MISO
63302,ISNE
63273,ERCO
63232,ISNE
63219,MISO
63203,ISNE
63189,CISO
63159,MISO
63107,NYIS
63076,PJM
63061,PACE
63059,NYIS
63047,ISNE
63038,MISO
63027,ERCO
63020,MISO
62963,MISO
62894,NYIS
62890,ISNE
62887,SOCO
62876,PJM
62855,ERCO
62762,ERCO
62760,ISNE
62732,CISO
62720,PJM
62688,CISO
62673,CISO
62669,DUK
62659,CPLE
62657,ISNE
62656,PACE
62633,FPL
62585,ISNE
62489,WACM
62482,PJM
62462,TVA
62433,PJM
62425,TVA
62419,CISO
62405,PJM
62401,PJM
62400,PJM
62385,PJM
62368,ISNE
62356,ERCO
62315,CPLE
62301,ISNE
62295,CPLE
62287,LDWP
62275,CISO
62272,PACW
62265,ISNE
62255,PSCO
62246,CISO
62206,FPL
62185,CPLE
62174,NYIS
62171,PGE
62168,CPLE
62164,TVA
62132,MISO
62128,CPLE
62122,CPLE
62079,MISO
62064,ISNE
62061,MISO
62022,MISO
61945,DUK
61938,CPLE
61923,PJM
61913,AZPS
61912,NEVP
61895,ERCO
61888,NYIS
61875,ERCO
61825,NEVP
61816,MISO
61789,SWPP
61771,ISNE
61762,MISO
61743,ISNE
61742,ERCO
61715,MISO
61703,ISNE
61697,ERCO
61679,SWPP
61676,CPLE
61673,NYIS
61668,SWPP
61640,ISNE
61596,ISNE
61584,CISO
61582,CISO
61540,SWPP
61536,CPLE
61532,ERCO
61524,ERCO
61509,NYIS
61507,PJM
61466,PJM
61463,CISO
61450,SWPP
61430,PACW
61415,ISNE
61402,ERCO
61379,MISO
61354,PJM
61348,LDWP
61336,NWMT
61321,PJM
61314,WACM
61310,PJM
61256,CPLE
61209,BANC
61190,WACM
61167,CISO
61048,PACW
61046,MISO
61037,ISNE
61021,FPL
60994,PJM
60983,ERCO
60982,CPLE
60966,MISO
60953,LDWP
60944,MISO
60912,ISNE
60903,ISNE
60894,MISO
60847,PJM
60841,PJM
60835,MISO
60830,MISO
60789,ERCO
60779,DUK
60778,DUK
60772,PJM
60769,PJM
60768,SRP
60760,CISO
60748,IPCO
60745,IID
60724,PSCO
60708,PJM
60706,SWPP
60704,SWPP
60688,SWPP
60681,PJM
60673,SWPP
60667,PJM
60653,ISNE
60652,MISO
60635,DUK
60584,PJM
60568,CISO
60538,DUK
60535,SCEG
60533,MISO
60502,ERCO
60481,CISO
60466,CISO
60464,PJM
60442,ISNE
60411,ISNE
60398,DUK
60376,PJM
60339,ERCO
60330,IPCO
60254,MISO
60237,IID
60232,NYIS
60219,BANC
60208,PJM
60199,DUK
60185,CISO
60118,MISO
60107,DUK
60098,NYIS
60087,ERCO
60062,TEPC
60057,PGE
60028,DUK
60025,JEA
59995,PJM
59966,DUK
59905,PJM
59904,PJM
59852,MISO
59840,LDWP
59827,NEVP
59812,ERCO
59811,PJM
59779,TEPC
59732,ERCO
59722,IID
59713,SWPP
59691,SOCO
59676,DUK
59636,ISNE
59629,NYIS
59600,CISO
59595,DUK
59574,PJM
59532,LDWP
59526,PJM
59516,PJM
59515,PJM
59488,DUK
59481,MISO
59478,PJM
59459,SEPA
59435,SWPP
59423,CISO
59411,CISO
59365,PJM
59362,ISNE
59330,CISO
59326,PJM
59316,LDWP
59308,LDWP
59297,PJM
59296,PJM
59260,MISO
59253,CISO
59251,SWPP
59245,ERCO
59244,SWPP
59203,CISO
59200,MISO
59172,MISO
59107,CPLE
59102,DUK
59084,SWPP
59083,PSCO
59055,PJM
59013,ISNE
58999,SWPP
58981,SWPP
58972,TEPC
58944,MISO
58903,MISO
58877,PJM
58856,CPLE
58805,DUK
58801,DUK
58789,NYIS
58771,SWPP
58732,DUK
58719,MISO
58717,ERCO
58709,AZPS
58635,PJM
58613,SWPP
58569,PJM
58556,MISO
58550,NYIS
58535,PJM
58516,AZPS
58509,CISO
58507,NYIS
58478,MISO
58474,SWPP
58460,MISO
58434,MISO
58423,ISNE
58422,LDWP
58408,PJM
58374,CISO
58357,PJM
58340,CPLE
58326,PJM
58316,CPLE
58293,AZPS
58252,PJM
58219,MISO
58208,PJM
58197,MISO
58172,PJM
58169,CISO
58156,NYIS
58118,CISO
58116,ISNE
58112,CISO
58051,PJM
58047,PJM
58010,EPE
57988,CISO
57972,NYIS
57967,WACM
57956,SWPP
57942,ISNE
57933,BANC
57892,CISO
57843,PJM
57828,SWPP
57801,MISO
57761,PACE
57746,PJM
57712,ISNE
57673,AZPS
57670,BANC
57652,PGE
57651,CISO
57632,MISO
57628,PJM
57597,SPA
57593,SWPP
57586,CISO
57561,AZPS
57531,ISNE
57515,CISO
57509,WACM
57504,ERCO
57458,PJM
57448,PJM
57428,IPCO
57419,CISO
57409,TVA
57378,CISO
57356,PJM
57353,PACE
57340,CISO
57327,PACE
57320,AVRN
57311,LDWP
57308,LDWP
57197,ERCO
57141,PSCO
57115,PJM
57093,PACE
57043,CISO
57029,DUK
57026,SOCO
57020,ERCO
57011,CISO
56993,PJM
56977,PJM
56968,PACW
56952,BPAT
56925,MISO
56911,PJM
56865,PJM
56860,MISO
56856,MISO
56813,CISO
56763,ERCO
56707,CISO
56705,NYIS
56704,NYIS
56703,NYIS
56700,PJM
56693,PJM
56659,MISO
56607,SWPP
56587,MISO
56569,IID
56564,SWPP
56559,SWPP
56522,SOCO
56458,SWPP
56423,PJM
56422,PJM
56420,PJM
56395,ERCO
56294,PJM
56252,MISO
56247,MISO
56244,MISO
56241,MISO
56223,BPAT
56209,MISO
56112,CISO
56111,ERCO
56098,MISO
56097,PNM
56093,PACE
56060,DUK
56047,ISNE
56039,CISO
55990,PJM
55963,CISO
55954,PJM
55860,ISNE
55835,PSCO
55833,TEC
55818,BPAT
55811,CISO
55804,MISO
55799,MISO
55790,NYIS
55786,NYIS
55778,NYIS
55690,PJM
55672,SOCO
55662,BPAT
55654,PJM
55620,MISO
55597,MISO
55593,PJM
55584,ISNE
55557,LDWP
55555,MISO
55513,CISO
55508,CISO
55457,SWPP
55433,MISO
55429,MISO
55397,PJM
55391,MISO
55285,PJM
55270,MISO
55237,MISO
55223,ERCO
55207,PSCO
55155,NYIS
55123,ERCO
55112,BANC
55107,ISNE
55077,CISO
55075,MISO
55035,MISO
54989,MISO
54965,MISO
54950,BPAT
54935,PJM
54913,PJM
54909,CISO
54906,SOCO
54856,SOCO
54782,NYIS
54677,MISO
54656,CPLE
54640,PJM
54540,PJM
54520,ERCO
54517,CISO
54410,CISO
54409,ISNE
54406,MISO
54374,PACE
54364,ERCO
54358,SOCO
54335,PJM
54291,ERCO
54267,PSEI
54219,CISO
54103,MISO
52085,CISO
52068,PJM
52064,CISO
50920,PJM
50907,NYIS
50873,ISNE
50872,ISNE
50846,MISO
50827,PSEI
50764,IID
50736,ISNE
50700,BPAT
50654,NEVP
50494,CISO
50426,PACW
50382,BPAT
50368,NYIS
50359,SOCO
50341,MISO
50307,SWPP
50305,MISO
50243,ISNE
50219,CISO
50208,ISNE
50203,NYIS
50191,BPAT
50188,CPLE
50166,ISNE
50136,NYIS
50131,CISO
50105,PGE
50083,AVA
50011,PJM
50006,NYIS
50001,CISO
10869,PACW
10865,MISO
10862,SWPP
10799,DUK
10763,IID
10726,ISNE
10670,ERCO
10649,CISO
10643,PJM
10638,ERCO
10600,CISO
10570,ISNE
10546,PJM
10493,ISNE
10442,CISO
10441,CISO
10342,CISO
10301,MISO
10280,DUK
10162,CISO
10143,PJM
10120,SOCO
10111,MISO
10091,CISO
10032,MISO
10005,CISO
8029,MISO
8004,ISNE
7982,MISO
7972,MISO
7935,SWPP
7930,SWPP
7913,NYIS
7883,TVA
7780,PJM
7719,TVA
7577,PJM
7432,SWPP
7406,AECI
7381,ISNE
7325,ERCO
7315,TIDC
7288,PJM
7268,MISO
7232,CISO
7229,CISO
7131,SWPP
7111,PACE
7058,MISO
7056,ISNE
6553,PACE
6518,NEVP
6419,SPA
6418,TVA
6403,BPAT
6231,MISO
6225,MISO
6188,SOCO
6178,ERCO
6175,BPAT
6150,TVA
6103,PJM
6077,SWPP
6074,SWPP
4940,SWPP
4256,TIDC
4183,WAUW
4102,MISO
4100,MISO
4079,MISO
4071,MISO
4068,MISO
4057,MISO
4008,MISO
3991,MISO
3982,MISO
3974,MISO
3971,MISO
3878,BPAT
3782,PJM
3765,ISNE
3754,ISNE
3739,ISNE
3710,ISNE
3698,PACE
3557,ERCO
3484,SWPP
3457,MISO
3426,TVA
3413,TVA
3396,TVA
3318,SC
3297,SCEG
3287,SCEG
3131,PJM
3117,PJM
3081,BPAT
3075,BPAT
3049,PGE
3033,PACW
2986,SWPP
2980,SWPP
2950,SWPP
2937,PJM
2902,PJM
2880,PJM
2864,PJM
2815,SWPP
2801,MISO
2757,PJM
2707,CPLE
2681,NYIS
2641,NYIS
2634,NYIS
2613,NYIS
2599,NYIS
2583,NYIS
2572,NYIS
2530,NYIS
2527,NYIS
2341,CISO
2308,SWPP
2289,SWPP
2271,SWPP
2255,SWPP
2121,SWPP
2067,MISO
2062,MISO
1987,MISO
1977,MISO
1961,MISO
1896,MISO
1868,MISO
1851,MISO
1787,MISO
1771,MISO
1757,MISO
1756,MISO
1728,MISO
1701,MISO
1700,MISO
1456,MISO
1435,MISO
1381,MISO
1379,TVA
1361,LGEE
1354,LGEE
1334,SWPP
1286,SWPP
1280,SWPP
1263,SWPP
1261,SWPP
1235,SWPP
1193,MISO
1169,MISO
1037,MISO
1020,PACE
998,MISO
961,PJM
940,MISO
934,MISO
790,PACE
688,TAL
682,CISO
678,ISNE
637,FPC
621,FPL
561,ISNE
537,CISO
481,CISO
480,CISO
473,PSCO
441,BANC
404,LDWP
388,IID
365,CISO
356,CISO
339,CISO
276,CISO
254,CISO
250,CISO
180,CISO
167,MISO
53,SOCO
16,SOCO
70450,BPAT
67840,NYIS
67662,PJM
67651,ERCO
66865,PJM
66551,CISO
66196,PJM
65822,MISO
68307,PJM
65345,MISO
65137,ISNE
65061,ISNE
64205,DUK
64181,PJM
63529,CISO
63234,ERCO
61783,EPE
60910,ERCO
60595,WAUW
59806,ERCO
57533,CISO
56849,CPLE
56655,PJM
55869,SWPP
68984,CISO
68574,MISO
67128,TVA
62212,CPLE
60781,PJM
66362,DUK
65192,CISO
62284,SCEG
60859,ERCO
62281,CPLE
62279,CPLE
64737,ERCO
63631,PJM
60175,DUK
60162,DUK
58744,DUK
55352,CISO
60650,CISO
59298,ERCO
59161,CPLE
10604,HECO
60719,DUK
59753,ISNE
56452,WACM
59307,PJM
58764,PACE
59215,DUK
59214,CPLE
56105,NBSO
59700,IPCO
59699,IPCO
59697,IPCO
56816,CPLE
56576,PJM
70383,CISO
70357,PSCO
70320,NYIS
70305,CPLE
70302,CPLE
70267,PJM
70262,PJM
70252,PJM
70251,PJM
70233,PJM
70226,SWPP
70211,PJM
70194,AZPS
70192,ISNE
70176,MISO
70149,ISNE
70144,ISNE
70141,ISNE
70104,PSCO
70058,ISNE
70012,CISO
70011,NYIS
69986,NYIS
69980,BANC
69970,PJM
69958,MISO
69938,MISO
69930,LDWP
69923,PJM
69867,TVA
69857,NEVP
69856,CISO
69851,MISO
69846,MISO
69825,MISO
69821,MISO
69806,CISO
69793,MISO
69787,MISO
69786,CISO
69763,PJM
69746,NYIS
69727,PJM
69722,ISNE
69711,CISO
69701,PJM
69660,ERCO
69656,MISO
69629,MISO
69604,PJM
69601,NYIS
69582,PJM
69550,PJM
69546,ISNE
69530,EPE
69515,ISNE
69496,ERCO
69493,MISO
69470,MISO
69457,ERCO
69453,ERCO
69446,DUK
69437,CISO
69423,ERCO
69420,MISO
69417,ERCO
69394,MISO
69393,ERCO
69360,ERCO
69348,ERCO
69341,ERCO
69315,PJM
69312,MISO
69285,NYIS
69250,FPC
69166,MISO
69134,ISNE
69091,NYIS
69090,NYIS
69075,ISNE
69070,MISO
69055,CISO
69044,ERCO
69029,PJM
69024,CISO
69018,NYIS
69016,WACM
68989,PJM
68955,MISO
68891,CISO
68878,ERCO
68855,CISO
68851,ERCO
68847,SWPP
68828,FPL
68816,CISO
68810,PJM
68796,CISO
68793,CISO
68777,MISO
68771,MISO
68767,ERCO
68756,MISO
68739,ERCO
68732,ERCO
68693,SWPP
68684,ERCO
68648,NYIS
68604,ERCO
68598,PJM
68585,NYIS
68578,SWPP
68549,SOCO
68545,NYIS
68536,TVA
68532,CISO
68528,CISO
68522,CISO
68507,NYIS
68501,MISO
68471,CISO
68460,ERCO
68427,CISO
68401,NYIS
68394,ISNE
68344,BPAT
68299,PGE
68287,WALC
68273,SWPP
68270,CISO
68224,TVA
68216,ISNE
68191,NYIS
68180,ERCO
68179,MISO
68175,ERCO
68138,PJM
68074,PJM
68069,ISNE
68066,MISO
68062,PJM
68048,MISO
68047,MISO
68045,CISO
68043,CPLE
68026,NYIS
68007,SWPP
68006,SWPP
67999,MISO
67986,MISO
67955,PJM
67954,PJM
67942,MISO
67918,ERCO
67910,PJM
67902,ISNE
67871,PJM
67861,ERCO
67859,CISO
67828,CISO
67815,MISO
67805,MISO
67797,TEPC
67781,ERCO
67779,ERCO
67773,ERCO
67766,NWMT
67747,CISO
67715,PJM
67677,MISO
67655,PSCO
67637,PJM
67622,PJM
67616,NYIS
67598,ERCO
67591,NEVP
67589,NYIS
67561,ERCO
67558,ERCO
67550,NYIS
67542,ERCO
67538,MISO
67499,ISNE
67497,PACE
67489,MISO
67487,MISO
67450,ISNE
67427,ISNE
67420,PJM
67414,NYIS
67413,NYIS
67396,ISNE
67388,ISNE
67386,MISO
67361,PSCO
67347,PJM
67339,ISNE
67287,CISO
67254,NYIS
67228,NYIS
67226,SOCO
67195,DUK
67185,ISNE
67181,NYIS
67172,PJM
67166,PJM
67135,TVA
67130,TVA
67126,TVA
67102,MISO
67079,TVA
67054,MISO
67042,CPLE
67041,CPLE
66968,PJM
66959,CISO
66915,ERCO
66884,SWPP
66862,NYIS
66859,ERCO
66846,NYIS
66811,AVA
66779,AZPS
66748,MISO
66747,MISO
66719,CPLE
66703,MISO
66701,AECI
66686,LDWP
66664,ISNE
66639,FPC
66627,SRP
66616,ERCO
66609,SWPP
66607,MISO
66591,SWPP
66589,MISO
66587,SWPP
66549,ERCO
66542,SOCO
66532,CISO
66529,NYIS
66521,NYIS
66512,ISNE
66490,NYIS
66483,NYIS
66433,MISO
66425,NYIS
66420,ERCO
66417,ISNE
66404,PACE
66389,MISO
66361,NYIS
66341,ERCO
66337,ERCO
66286,CISO
66224,NYIS
66202,JEA
66189,CISO
66174,ISNE
66084,MISO
66069,PJM
66066,HECO
66064,NYIS
66046,ERCO
66027,SOCO
66019,PJM
66014,PSCO
66001,AZPS
65983,PJM
65982,PJM
65972,TEPC
65969,MISO
65951,PJM
65924,FPL
65910,FPL
65891,ERCO
65864,FPL
65842,ERCO
65832,ERCO
65821,PJM
65809,ERCO
65784,ISNE
65783,CISO
65779,CPLE
65753,NYIS
65742,MISO
65723,ISNE
65721,ISNE
65702,MISO
65697,SOCO
65696,ERCO
65690,ISNE
65688,ISNE
65683,TEC
65677,CISO
65620,NYIS
65614,CISO
65524,CISO
65520,PSCO
65499,PJM
65495,NYIS
65490,ERCO
65461,ISNE
65452,MISO
65425,PJM
65414,PJM
65362,ISNE
65352,ISNE
65312,PJM
65230,MISO
65210,CISO
65166,ISNE
65122,NYIS
65121,NYIS
65104,CISO
65082,PJM
65070,ERCO
65043,PJM
65041,FPL
65039,FPL
65014,ISNE
65011,MISO
65003,MISO
64947,ERCO
64937,ERCO
64916,ERCO
64912,NYIS
64905,PJM
64860,ISNE
64840,SOCO
64812,ERCO
64807,ERCO
64763,ISNE
64750,SWPP
64679,NYIS
64641,TEC
64638,TEPC
64589,ISNE
64587,ISNE
64553,PJM
64532,ISNE
64523,CISO
64520,CPLE
64519,IID
64446,BPAT
64432,ISNE
64397,CISO
64356,WACM
64350,NYIS
64339,SWPP
64332,NWMT
64326,CISO
64319,ERCO
64318,ERCO
64317,ERCO
64288,MISO
64271,DUK
64231,ISNE
64216,PNM
64207,MISO
64185,ISNE
64184,ISNE
64170,ISNE
64164,ERCO
64158,PJM
64155,DUK
64142,PJM
64103,CISO
64101,PJM
64087,NYIS
64077,NYIS
64037,NYIS
64022,PGE
64011,SOCO
64005,CISO
64001,MISO
63995,FPC
63988,PJM
63964,PGE
63954,PJM
63933,NEVP
63923,MISO
63921,MISO
63908,PGE
63903,PJM
63892,ERCO
63889,MISO
63827,DUK
63776,PSCO
63726,MISO
63716,CISO
63704,CISO
63695,CPLE
63694,PGE
63689,MISO
63684,MISO
63661,NYIS
63578,SWPP
63551,ISNE
63537,ISNE
63517,FPC
63512,PJM
63467,PGE
63456,PGE
63455,CISO
63441,AVRN
63411,NYIS
63368,ISNE
63350,SOCO
63349,WALC
63323,PJM
63293,PJM
63291,NYIS
63253,PJM
63245,ISNE
63239,ISNE
63229,PJM
63224,NYIS
63220,MISO
63212,ISNE
63168,MISO
63163,WACM
63161,NYIS
63160,MISO
63122,MISO
63119,MISO
63077,PJM
63062,SOCO
63058,NYIS
63048,ISNE
63039,MISO
63009,MISO
62995,PNM
62992,ISNE
62987,CISO
62974,ISNE
62972,ISNE
62949,PJM
62924,FPL
62884,SOCO
62879,SOCO
62870,ISNE
62860,NYIS
62839,NYIS
62836,ERCO
62782,MISO
62754,CISO
62703,CISO
62692,PJM
62686,PJM
62679,SCEG
62621,CPLE
62615,ISNE
62543,FPC
62538,MISO
62504,NYIS
62500,NYIS
62491,FPL
62486,NYIS
62465,CISO
62453,NYIS
62452,NYIS
62447,NYIS
62438,PJM
62424,NYIS
62422,MISO
62406,PNM
62347,CPLE
62346,SCEG
62323,PJM
62267,MISO
62260,PSCO
62235,SCEG
62209,MISO
62199,ISNE
62160,NYIS
62140,PJM
62131,CPLE
62126,CPLE
62108,ISNE
62098,MISO
62080,MISO
61972,SCEG
61967,ERCO
61949,CPLE
61926,SWPP
61898,NYIS
61877,DUK
61851,HECO
61830,PGE
61781,PJM
61780,FPL
61754,CISO
61728,ISNE
61667,TEC
61652,MISO
61629,ISNE
61590,ISNE
61589,SWPP
61579,NYIS
61567,NYIS
61563,PSCO
61557,PNM
61555,ISNE
61521,SCEG
61520,CPLE
61515,PJM
61493,ERCO
61486,MISO
61483,MISO
61457,PJM
61452,MISO
61399,ISNE
61382,MISO
61380,MISO
61352,CPLE
61345,AVRN
61343,ERCO
61339,CISO
61330,PJM
61289,NWMT
61271,CPLW
61267,MISO
61248,PJM
61205,ERCO
61204,CISO
61201,PACW
61176,MISO
61172,HECO
61153,CISO
61093,CPLE
61089,DUK
61059,MISO
61058,MISO
61043,NYIS
61020,FPL
60997,PJM
60984,CISO
60981,CISO
60956,SWPP
60930,SOCO
60923,PJM
60911,MISO
60901,ERCO
60876,MISO
60863,PJM
60860,ISNE
60825,IID
60808,PJM
60804,PJM
60775,ISNE
60756,ISNE
60754,ISNE
60750,SWPP
60742,PJM
60736,ISNE
60728,PJM
60720,PSCO
60695,MISO
60683,ISNE
60614,ISNE
60593,ISNE
60574,SWPP
60570,CISO
60566,CISO
60552,SOCO
60551,PJM
60547,ISNE
60500,PJM
60499,PJM
60487,PJM
60473,ISNE
60469,SOCO
60461,PJM
60427,ERCO
60426,CISO
60425,NYIS
60416,DUK
60402,DUK
60389,LDWP
60359,DUK
60357,PJM
60348,MISO
60336,IID
60329,PJM
60326,MISO
60306,SOCO
60258,PNM
60240,DUK
60235,PJM
60228,ISNE
60160,CPLE
60156,DUK
60146,DUK
60089,PJM
60082,SOCO
60053,DUK
60045,NYIS
60040,ISNE
60035,CISO
60021,BPAT
60000,DUK
59990,MISO
59964,CISO
59961,CISO
59912,DUK
59901,CPLE
59891,SOCO
59842,PJM
59830,PJM
59816,NYIS
59802,CISO
59776,MISO
59775,ISNE
59767,ISNE
59717,ISNE
59705,NYIS
59654,ERCO
59632,SWPP
59618,PNM
59542,CPLE
59474,DUK
59472,NEVP
59468,ISNE
59464,ISNE
59428,CISO
59424,MISO
59361,ISNE
59317,LDWP
59312,SWPP
59265,CISO
59255,MISO
59204,ERCO
59201,MISO
59178,ISNE
59177,PJM
59129,CISO
59114,DUK
59113,CPLE
59078,ISNE
59068,ERCO
59049,ISNE
59038,DUK
59003,NWMT
58961,PACW
58959,SWPP
58952,CPLE
58949,CISO
58939,SWPP
58920,CISO
58889,CISO
58870,ERCO
58867,CPLE
58851,DUK
58826,PJM
58815,NYIS
58809,CPLE
58793,PJM
58791,DUK
58765,ERCO
58707,SC
58702,ISNE
58668,DUK
58666,SWPP
58647,NYIS
58618,GVL
58598,PACE
58585,CISO
58546,MISO
58538,DUK
58490,NEVP
58485,SOCO
58473,PJM
58442,PJM
58431,TVA
58421,SWPP
58397,CISO
58388,CISO
58385,ISNE
58336,CPLE
58327,ISNE
58311,CPLE
58254,MISO
58229,MISO
58226,CISO
58221,NYIS
58210,ISNE
58206,CISO
58196,MISO
58175,NWMT
58141,ISNE
58138,MISO
58129,MISO
58089,MISO
58085,CISO
58057,PJM
58041,SWPP
58036,PJM
58012,TEC
57991,PJM
57981,ERCO
57968,MISO
57950,MISO
57908,PJM
57889,SWPP
57877,ERCO
57866,SWPP
57857,CISO
57838,ISNE
57824,MISO
57819,BANC
57816,BANC
57805,PJM
57798,NYIS
57796,CISO
57792,CISO
57788,PJM
57786,PJM
57778,BANC
57768,PJM
57750,PJM
57741,SWPP
57714,CISO
57699,ERCO
57675,MISO
57640,PJM
57607,DUK
57600,ISNE
57582,PJM
57530,AVA
57523,CISO
57517,SWPP
57514,CISO
57501,MISO
57489,SWPP
57480,NWMT
57431,IPCO
57424,MISO
57396,MISO
57390,PJM
57337,PJM
57300,PJM
57282,CISO
57236,CISO
57227,CISO
57223,CISO
57200,DUK
57130,ISNE
57071,ERCO
57046,SWPP
57024,MISO
57007,CISO
56986,NYIS
56962,DUK
56948,SRP
56878,MISO
56877,PJM
56864,ERCO
56857,NYIS
56804,SWPP
56779,ERCO
56774,ERCO
56669,MISO
56610,SWPP
56596,WACM
56588,MISO
56577,MISO
56560,SWPP
56549,DUK
56520,MISO
56517,MISO
56502,SWPP
56501,MISO
56476,CISO
56468,AVRN
56435,IPCO
56415,MISO
56414,MISO
56394,ERCO
56371,PSCO
56363,PJM
56342,DUK
56336,PNM
56320,PSCO
56312,PACE
56277,PJM
56237,PACE
56213,CISO
56204,MISO
56194,MISO
56117,MISO
56074,MISO
56050,PJM
56012,CISO
55970,BANC
55882,BPAT
55762,MISO
55757,NYIS
55708,ERCO
55609,PACE
55605,PJM
55600,NYIS
55566,MISO
55565,MISO
55542,CISO
55512,CISO
55505,PSCO
55447,MISO
55401,PJM
55392,PJM
55368,NYIS
55264,PJM
55259,MISO
55226,ERCO
55218,MISO
55212,ISNE
55187,ERCO
55182,CISO
55176,SWPP
55170,ISNE
55141,SOCO
55131,PJM
55080,TVA
55057,MISO
55044,SOCO
55042,ISNE
54953,NYIS
54939,MISO
54931,CISO
54890,MISO
54882,CPLE
54854,NEVP
54731,MISO
54720,MISO
54710,MISO
54708,PJM
54700,MISO
54686,CISO
54566,SOCO
54534,TEC
54523,PJM
54518,MISO
54462,SOCO
54457,SOCO
54429,SOCO
54418,ISNE
54392,SOCO
54330,ERCO
54249,BPAT
54224,MISO
54207,PJM
54085,ISNE
54035,PJM
54017,CISO
54006,NWMT
54004,SOCO
52106,PJM
52076,CISO
50895,IPCO
50875,TEC
50765,NEVP
50699,ISNE
50630,PGE
50626,MISO
50615,ERCO
50611,PJM
50540,CISO
50431,MISO
50413,MISO
50409,MISO
50323,IPCO
50311,PJM
50279,PJM
50189,PJM
50103,ISNE
50087,ISNE
50082,ISNE
50081,ISNE
50074,PJM
10882,CISO
10822,MISO
10784,NWMT
10771,PJM
10737,PACW
10700,ISNE
10685,CISO
10656,PJM
10623,LDWP
10556,ISNE
10547,NYIS
10444,CISO
10433,PJM
10343,PJM
10305,NYIS
10216,SOCO
10180,PSCO
10144,CISO
10140,PACE
10128,CISO
10062,FPL
8009,NYIS
8005,ISNE
7985,MISO
7981,DUK
7963,FPC
7941,PJM
7891,MISO
7886,MISO
7882,MISO
7824,IID
7814,DUK
7813,SOCO
7709,SOCO
7701,PJM
7605,BPAT
7588,BPAT
7583,NYIS
7526,CISO
7508,PGE
7429,PJM
7350,PGE
7302,FPC
7294,FPC
7153,PJM
7113,GCPD
6664,MISO
6586,ISNE
6563,AECI
6537,PACE
6530,NEVP
6449,CISO
6431,SCL
6405,WAUW
6393,BPAT
6378,ISNE
6358,MISO
6248,PSCO
6210,AVA
6177,SRP
6170,MISO
6155,MISO
6140,AECI
6127,SCEG
6076,NWMT
6073,SOCO
6065,SWPP
6046,FPC
6038,DUK
6026,PJM
6014,CPLE
4151,WACM
4143,MISO
4112,MISO
3996,MISO
3973,MISO
3972,MISO
3921,BPAT
3846,PACW
3735,ISNE
3714,ISNE
3655,PACE
3627,ERCO
3507,ERCO
3421,TVA
3401,TVA
3394,TVA
3346,SWPP
3342,SWPP
3323,SEPA
3321,SC
3159,PJM
3138,PJM
3112,PJM
3083,BPAT
3067,BPAT
3048,PGE
2824,MISO
2729,DUK
2693,NYIS
2625,NYIS
2589,NYIS
2559,NYIS
2543,NYIS
2521,NYIS
2513,NYIS
2503,NYIS
2486,NYIS
2385,PJM
2384,PJM
2369,ISNE
2354,ISNE
2353,ISNE
2303,SWPP
2277,SWPP
2214,SWPP
2177,MISO
2168,AECI
2114,MPS
2104,MISO
2099,AECI
2039,MISO
2021,MISO
1995,SWPP
1881,MISO
1873,MISO
1867,MISO
1848,MISO
1842,MISO
1837,MISO
1708,MISO
1660,ISNE
1620,ISNE
1603,ISNE
1571,PJM
1553,PJM
1513,NBSO
1484,ISNE
1396,MISO
1376,LGEE
1363,LGEE
1308,SWPP
1294,SWPP
1283,SWPP
1258,SWPP
1241,SWPP
1240,SWPP
1181,SWPP
1168,SWPP
1157,SWPP
971,MISO
959,MISO
957,MISO
860,MISO
761,SOCO
729,SOCO
724,SOCO
720,SOCO
714,CISO
711,SOCO
620,FPL
548,ISNE
518,WACM
513,WACM
445,BANC
410,CISO
409,CISO
380,CISO
342,CISO
327,CISO
324,CISO
238,CISO
236,CISO
225,CISO
195,SWPP
169,MISO
166,MISO
55,SOCO
38,SOCO
67877,PJM
67659,ERCO
67541,MISO
68251,MISO
68181,ERCO
68087,PJM
68005,PACE
65419,NEVP
64540,ERCO
64537,SOCO
62787,SOCO
60286,DUK
57209,SOCO
57088,ISNE
56885,PJM
56352,TEC
55845,CISO
7877,SOCO
62819,NYIS
58997,SEC
58930,ERCO
66808,CISO
65062,ISNE
62811,NYIS
62312,SCEG
62189,SCEG
64576,ISNE
62685,ERCO
62153,PJM
60628,CPLE
64666,SWPP
62803,ERCO
62354,DUK
62343,SCEG
60202,PJM
63006,MISO
62334,MISO
59662,PJM
58723,CPLE
61317,NYIS
56582,MISO
59925,CISO
59696,IPCO
10028,PACE
57371,PJM
56999,CISO
59101,DUK
58736,DUK
58729,CPLE
57416,CISO
57149,IPCO
70358,WACM
70352,MISO
70344,SWPP
70337,PSCO
70331,PSCO
70304,CPLE
70265,PJM
70222,FPC
70209,PJM
70185,PJM
70184,ISNE
70121,WACM
70108,MISO
70103,PSCO
70097,MISO
70076,PJM
70029,PJM
70008,PJM
69994,PJM
69991,MISO
69982,ERCO
69974,PNM
69940,MISO
69936,MISO
69920,PJM
69906,PJM
69899,CISO
69885,PJM
69878,MISO
69871,PJM
69863,PJM
69847,MISO
69814,PJM
69807,ISNE
69788,PJM
69760,ERCO
69755,ERCO
69749,LDWP
69706,CISO
69673,ISNE
69661,CISO
69659,MISO
69653,MISO
69639,MISO
69615,PSCO
69614,PSCO
69600,NYIS
69598,MISO
69591,LDWP
69589,MISO
69523,TEC
69521,MISO
69481,SWPP
69461,TEC
69442,PJM
69438,PJM
69434,PJM
69425,NYIS
69403,ERCO
69369,NYIS
69339,ERCO
69331,ERCO
69307,MISO
69301,ERCO
69296,ERCO
69259,PJM
69247,PJM
69219,NYIS
69218,NYIS
69198,CISO
69192,ERCO
69191,CISO
69190,CISO
69181,NYIS
69176,MISO
69171,DUK
69164,MISO
69136,CISO
69135,PJM
69108,PJM
69101,ERCO
69094,NYIS
69092,NYIS
68980,CISO
68966,ISNE
68965,NYIS
68924,CISO
68914,ERCO
68912,ERCO
68835,FPL
68789,CISO
68776,MISO
68775,PJM
68757,MISO
68755,MISO
68748,ERCO
68711,SWPP
68696,SWPP
68695,SWPP
68678,SWPP
68675,NYIS
68664,ISNE
68654,NYIS
68618,SOCO
68615,PJM
68607,CISO
68605,HECO
68601,DUK
68596,PACE
68594,ERCO
68582,ERCO
68573,MISO
68543,ISNE
68514,PJM
68482,PJM
68476,ISNE
68465,CISO
68463,PACW
68451,PGE
68448,PGE
68419,NYIS
68409,LDWP
68373,MISO
68363,ERCO
68315,NWMT
68295,SWPP
68271,PJM
68268,CISO
68264,NYIS
68247,DUK
68244,ERCO
68240,CISO
68234,PSCO
68219,ISNE
68148,MISO
68146,ERCO
68133,PJM
68120,PJM
68110,TVA
68103,TVA
68068,LDWP
68057,SOCO
68056,MISO
68054,MISO
68037,NYIS
68036,MISO
68030,ERCO
68003,NYIS
67998,MISO
67984,PJM
67975,NYIS
67932,NYIS
67911,NYIS
67908,NYIS
67870,PJM
67860,ERCO
67830,ISNE
67824,SRP
67816,MISO
67806,MISO
67704,MISO
67694,PJM
67693,NYIS
67690,PJM
67676,CISO
67669,BPAT
67648,CISO
67592,NYIS
67579,CISO
67531,PJM
67524,MISO
67515,MISO
67514,SWPP
67490,PJM
67482,NYIS
67479,NYIS
67467,PSCO
67458,PJM
67438,ISNE
67418,NYIS
67395,MISO
67318,ERCO
67284,ERCO
67253,MISO
67236,ERCO
67210,ISNE
67207,FPC
67198,PJM
67161,PJM
67156,ISNE
67154,ISNE
67153,PJM
67118,CISO
67073,CISO
67058,ERCO
67011,ISNE
67009,MISO
66986,CPLE
66955,ISNE
66940,NYIS
66938,MISO
66928,ERCO
66919,ERCO
66913,ERCO
66906,PJM
66901,PJM
66885,CISO
66852,TVA
66841,PJM
66835,NYIS
66806,CISO
66795,ERCO
66740,SWPP
66739,SWPP
66735,NYIS
66721,CPLE
66706,MISO
66661,CISO
66657,PJM
66637,CISO
66635,PJM
66608,MISO
66599,CISO
66570,SWPP
66565,ERCO
66562,ERCO
66533,CISO
66522,NYIS
66509,CISO
66504,NYIS
66481,NYIS
66479,MISO
66470,CISO
66447,ISNE
66421,ERCO
66405,SWPP
66392,JEA
66391,ERCO
66387,NYIS
66364,PJM
66317,ISNE
66250,PJM
66237,DUK
66188,CISO
66180,ISNE
66173,SOCO
66166,ISNE
66123,ERCO
66117,PJM
66115,PJM
66078,MISO
66032,MISO
66031,MISO
66024,SOCO
66009,ERCO
65991,MISO
65971,SWPP
65961,PJM
65959,PJM
65941,SWPP
65940,CISO
65921,FPL
65866,FPL
65833,ERCO
65817,DUK
65813,ERCO
65797,MISO
65793,ERCO
65780,CPLE
65766,CISO
65756,PJM
65735,CISO
65711,IID
65684,TEC
65673,CISO
65643,NYIS
65641,TVA
65640,TVA
65506,CPLE
65500,ISNE
65494,MISO
65492,ERCO
65453,MISO
65420,FPL
65397,CISO
65390,MISO
65368,PJM
65366,ISNE
65364,CISO
65346,MISO
65331,LDWP
65316,MISO
65313,PJM
65310,ERCO
65308,ERCO
65296,SWPP
65274,ERCO
65269,ERCO
65267,ERCO
65262,ERCO
65258,PJM
65253,CISO
65249,CPLE
65215,PJM
65209,ISNE
65176,PJM
65161,NYIS
65090,NYIS
65089,PACW
65059,WACM
64989,MISO
64969,MISO
64925,ERCO
64904,MISO
64883,ERCO
64878,CISO
64875,ISNE
64864,CISO
64824,ERCO
64793,ERCO
64744,WACM
64725,ISNE
64720,ISNE
64683,PJM
64680,NYIS
64675,ISNE
64672,ERCO
64669,LDWP
64659,PJM
64603,ISNE
64594,NYIS
64592,WACM
64557,NYIS
64546,FPL
64530,ISNE
64527,CPLE
64508,CPLE
64503,MISO
64488,MISO
64487,MISO
64485,MISO
64462,MISO
64447,ERCO
64444,SWPP
64440,NYIS
64428,CISO
64423,ERCO
64416,MISO
64415,PJM
64414,PJM
64322,ERCO
64293,ERCO
64282,SOCO
64266,PSCO
64242,MISO
64234,ERCO
64096,PJM
64081,MISO
64072,MISO
64053,PACW
64042,ISNE
64026,ERCO
64000,ISNE
63994,CISO
63967,PJM
63940,CISO
63939,MISO
63934,MISO
63930,CISO
63896,ISNE
63882,ERCO
63869,PSCO
63829,PJM
63821,MISO
63811,DUK
63793,MISO
63769,ERCO
63727,CISO
63712,CISO
63698,PJM
63692,CPLE
63681,PSCO
63675,NYIS
63672,ISNE
63650,MISO
63640,MISO
63639,MISO
63622,CISO
63599,MISO
63595,MISO
63593,MISO
63555,ISNE
63554,WALC
63543,MISO
63534,MISO
63507,AVRN
63485,PJM
63480,MISO
63448,DUK
63408,NYIS
63394,MISO
63343,ERCO
63307,MISO
63292,NYIS
63289,PJM
63238,NYIS
63230,NYIS
63206,PGE
63202,ERCO
63184,PNM
63179,MISO
63164,WACM
63148,MISO
63112,NYIS
63109,FPL
63082,PNM
63021,CISO
63015,CPLE
63011,ISNE
62986,MISO
62984,MISO
62970,ISNE
62892,CISO
62881,SOCO
62854,MISO
62837,SWPP
62823,NYIS
62798,PJM
62784,NYIS
62767,MISO
62745,BPAT
62731,MISO
62711,SWPP
62631,FPL
62618,ERCO
62578,CISO
62573,CISO
62572,NYIS
62547,CISO
62546,CISO
62536,MISO
62533,NYIS
62488,SWPP
62485,MISO
62475,SWPP
62472,NYIS
62468,TVA
62464,CISO
62459,CISO
62450,NYIS
62432,TVA
62421,NYIS
62412,NYIS
62396,SC
62387,PJM
62340,PJM
62333,SWPP
62309,SC
62303,NYIS
62268,PACW
62251,PSCO
62244,PSCO
62221,CPLE
62196,ISNE
62181,CPLE
62176,CISO
62169,PGE
62163,SOCO
62146,NYIS
62124,CPLE
62121,CPLE
62117,MISO
62075,TEPC
62072,ISNE
62067,PSEI
62065,ISNE
62045,MISO
62025,ISNE
62016,CISO
61982,FPC
61968,MISO
61942,CPLE
61919,MISO
61908,PJM
61903,NYIS
61874,ERCO
61872,ERCO
61866,SWPP
61863,NYIS
61839,MISO
61819,PJM
61805,PJM
61793,MISO
61773,ERCO
61724,NYIS
61708,MISO
61647,MISO
61641,NYIS
61637,PJM
61605,PSCO
61588,SWPP
61586,MISO
61494,MISO
61491,CPLE
61488,NYIS
61487,NYIS
61461,ISNE
61436,PJM
61431,LDWP
61334,MISO
61316,SWPP
61303,PJM
61297,ISNE
61265,CISO
61260,DUK
61255,CPLE
61224,PJM
61206,PJM
61191,WACM
61178,MISO
61169,LDWP
61168,LDWP
61163,ISNE
61118,CISO
61092,SWPP
61079,MISO
61067,CISO
61001,ERCO
60996,TEPC
60989,ERCO
60978,CISO
60967,NYIS
60948,DUK
60943,MISO
60935,MISO
60917,PJM
60902,ERCO
60895,MISO
60886,PACE
60873,MISO
60865,ISNE
60833,MISO
60811,PJM
60809,PJM
60787,PJM
60747,PJM
60741,SOCO
60684,TEPC
60659,SCEG
60647,MISO
60639,SWPP
60631,MISO
60609,ISNE
60571,CISO
60474,CISO
60462,ISNE
60460,ERCO
60418,PSEI
60392,ISNE
60369,PJM
60363,PJM
60351,PSCO
60347,MISO
60320,PSCO
60280,CISO
60267,PJM
60265,PJM
60256,SWPP
60207,PJM
60178,DUK
60134,DUK
60126,PJM
60104,ERCO
60093,CISO
60061,FPL
60059,ERCO
60044,ERCO
60012,IPCO
59989,MISO
59976,CISO
59950,DUK
59926,MISO
59899,CPLE
59882,ISNE
59874,SEPA
59865,SOCO
59804,CISO
59803,CISO
59800,CISO
59797,PJM
59770,MISO
59733,ERCO
59730,CISO
59711,CPLE
59692,ISNE
59653,PNM
59645,CPLE
59578,DUK
59562,CPLE
59549,PJM
59548,PJM
59484,ISNE
59482,MISO
59465,ISNE
59452,MISO
59427,PJM
59413,CISO
59391,ERCO
59390,ISNE
59334,CISO
59331,CISO
59311,SWPP
59275,NYIS
59257,CISO
59247,SWPP
59233,TEPC
59222,ISNE
59150,CISO
59147,PJM
59109,CPLE
59090,ISNE
59057,PJM
59042,DUK
59033,ISNE
59028,ISNE
59018,MISO
58953,MISO
58938,SWPP
58879,DUK
58861,DUK
58848,CPLE
58838,ERCO
58795,MISO
58794,PNM
58788,NYIS
58754,CISO
58725,DUK
58714,PJM
58691,MISO
58690,MISO
58688,PSEI
58669,DUK
58654,PJM
58638,DUK
58630,PJM
58604,PACE
58600,PACE
58525,CISO
58515,TVA
58501,AZPS
58472,CISO
58449,CISO
58444,MISO
58438,WACM
58410,ISNE
58395,CISO
58378,ERCO
58352,BPAT
58351,MISO
58344,CPLE
58343,CPLE
58342,CPLE
58324,PACW
58290,CISO
58270,ISNE
58264,DUK
58255,SWPP
58224,ISNE
58186,NYIS
58184,ISNE
58181,PJM
58177,PJM
58176,ISNE
58168,CISO
58157,NYIS
58102,CISO
58091,PJM
58077,MISO
58062,IID
58053,CISO
58043,MISO
58038,MISO
58025,ISNE
58016,PJM
58011,SOCO
58009,ERCO
58001,ERCO
57999,PJM
57993,CISO
57970,CISO
57965,NWMT
57963,NWMT
57959,CISO
57934,ISNE
57865,SWPP
57853,MISO
57833,CISO
57830,MISO
57790,AZPS
57726,PJM
57697,BANC
57667,PJM
57636,NYIS
57630,DUK
57617,ERCO
57616,SWPP
57581,PJM
57579,CISO
57465,PJM
57436,DUK
57425,IPCO
57403,AZPS
57397,PJM
57380,ISNE
57361,CISO
57358,SWPP
57292,CISO
57286,SWPP
57278,SWPP
57253,ISNE
57243,WACM
57239,PJM
57213,NEVP
57205,CISO
57169,DUK
57136,IPCO
57049,GWA
57035,MISO
57016,ISNE
57010,CISO
57005,CISO
56998,PSCO
56994,MISO
56980,PJM
56961,ERCO
56938,CPLE
56922,PSCO
56921,ERCO
56901,NYIS
56895,CISO
56894,PJM
56893,BPAT
56823,ERCO
56786,MISO
56768,CISO
56767,MISO
56753,PACE
56751,PACE
56701,PJM
56670,MISO
56639,CISO
56635,MISO
56634,NYIS
56623,IPCO
56621,SWPP
56570,CISO
56568,NEVP
56558,SWPP
56538,AECI
56532,CISO
56526,NYIS
56498,IPCO
56472,CISO
56446,CISO
56442,IPCO
56421,PJM
56380,SWPP
56373,ERCO
56348,SWPP
56345,DUK
56344,DUK
56311,ERCO
56297,PJM
56276,CISO
56270,ERCO
56261,DUK
56259,NYIS
56238,SWPP
56233,ERCO
56135,BANC
56116,MISO
56061,DUK
56035,CPLE
56002,MISO
55988,NEVP
55967,ISNE
55953,PJM
55933,CISO
55928,TVA
55820,CISO
55749,NWMT
55748,CISO
55734,SWPP
55719,CISO
55664,SWPP
55640,PJM
55611,PJM
55601,CISO
55571,MISO
55564,MISO
55556,MISO
55525,MISO
55455,SRP
55382,SOCO
55375,NYIS
55350,PJM
55304,SOCO
55247,PJM
55224,MISO
55208,MISO
55183,PJM
55144,ERCO
55126,ISNE
55097,ERCO
55094,CISO
55093,ISNE
55074,PJM
55011,MISO
54987,PJM
54979,ERCO
54929,MISO
54894,YAD
54844,PJM
54842,MISO
54812,IPCO
54766,PJM
54763,SOCO
54755,PJM
54718,MISO
54714,MISO
54647,CISO
54586,ISNE
54580,NYIS
54574,NYIS
54538,SOCO
54531,MISO
54471,ISNE
54408,MISO
54407,MISO
54365,FPC
54294,MISO
54235,PJM
54203,MISO
54148,ISNE
52171,ISNE
52151,SCEG
52140,SOCO
52099,CISO
52096,CISO
52083,CISO
52081,CISO
52015,CISO
51034,NYIS
50972,PACE
50897,PJM
50807,SOCO
50801,ISNE
50788,PJM
50751,CISO
50722,PJM
50656,NYIS
50650,ISNE
50569,ERCO
50565,NYIS
50564,ISNE
50558,SWPP
50553,CISO
50536,CISO
50424,MISO
50411,PJM
50398,SOCO
50395,MISO
50366,PJM
50363,IID
50322,CISO
50310,FPL
50275,PJM
50270,CISO
50241,EPE
50231,BPAT
50153,ERCO
50026,ERCO
10825,ISNE
10810,CISO
10809,IPCO
10797,TVA
10739,PJM
10729,TVA
10718,CISO
10690,MISO
10687,NYIS
10634,IID
10610,MISO
10593,MISO
10511,NYIS
10481,CISO
10473,CISO
10397,MISO
10392,CISO
10300,IID
10298,ERCO
10208,MISO
10205,TEC
10187,MISO
10138,NWMT
10113,PJM
10081,PSCO
10070,WACM
10059,ISNE
8037,SWPP
7970,MISO
7966,SWPP
7916,SOCO
7897,SOCO
7855,SWPP
7849,MISO
7829,SOCO
7783,PJM
7603,PJM
7578,PJM
7541,WAUW
7439,PJM
7366,MISO
7338,CISO
7296,SWPP
7189,BANC
7155,MISO
7137,MISO
7066,NEVP
7044,ISNE
7040,SWPP
6646,CISO
6612,BANC
6507,BPAT
6440,TVA
6377,PJM
6258,SOCO
6208,WACM
6153,MISO
6131,SOCO
6126,SCEG
6125,ISNE
6101,PACE
6087,SOCO
6071,LGEE
6051,SOCO
6035,MISO
6002,SOCO
5083,PJM
4195,ERCO
4067,MISO
4046,MISO
4020,MISO
3926,BPAT
3868,AVA
3845,BPAT
3799,PJM
3712,ISNE
3699,WACM
3675,PACE
3661,PACE
3630,ERCO
3594,ERCO
3494,ERCO
3478,SWPP
3420,TVA
3286,SCEG
3053,PGE
3008,SWPP
3004,SPA
2981,SWPP
2956,SWPP
2951,SWPP
2914,PJM
2709,CPLE
2694,NYIS
2638,NYIS
2629,NYIS
2607,NYIS
2580,NYIS
2556,NYIS
2547,NYIS
2487,NYIS
2367,ISNE
2364,ISNE
2358,ISNE
2315,SWPP
2260,SWPP
2225,SWPP
2203,BPAT
2166,SPA
2148,SWPP
2132,SWPP
2103,MISO
2083,MISO
2063,MISO
2059,MISO
2042,MISO
2009,MISO
1925,MISO
1904,MISO
1826,MISO
1825,MISO
1822,MISO
1780,MISO
1775,MISO
1751,MISO
1715,MISO
1714,MISO
1586,ISNE
1500,ISNE
1455,MISO
1416,SWPP
1402,MISO
1384,PJM
1296,SWPP
1218,MISO
1156,MISO
1038,MISO
987,PACE
965,MISO
925,PACE
917,GCPD
892,MISO
863,MISO
846,CISO
844,PACE
835,AVA
733,SOCO
707,SOCO
638,FPC
583,ISNE
566,ISNE
529,BANC
521,WACM
454,CISO
443,BANC
442,BANC
427,CISO
397,LDWP
325,CISO
322,CISO
286,CISO
243,CISO
231,CISO
182,SPA
159,PACE
50,TVA
48,TVA
30,MISO
19,SOCO
11,SOCO
70445,PJM
70418,PJM
70230,CISO
67691,CISO
68227,MISO
68134,PJM
68128,PJM
65446,PJM
65108,ISNE
63799,HECO
63316,MISO
62934,NEVP
62515,CISO
60973,CISO
60692,CPLE
60674,MISO
60606,ISNE
60192,CISO
57218,CISO
68503,PACE
68111,SOCO
67742,ERCO
66640,TEC
64199,SWPP
62534,HECO
59048,ERCO
64240,NYIS
61159,SWPP
65685,LDWP
64320,CISO
63348,MISO
62277,CPLE
59196,MISO
64845,PNM
62362,MISO
61749,TVA
61395,PACE
61071,MISO
60949,DUK
58928,WACM
56628,MISO
62341,DUK
61992,MISO
60646,CISO
60090,PJM
56578,MISO
59895,CPLE
59212,CPLE
59608,CISO
59585,CPLE
58841,PACW
57717,TEPC
59016,DUK
58950,MISO
58817,PJM
58819,PJM
58606,CISO
57686,FPC
57175,WACM
70413,PGE
70394,PSCO
70390,PJM
70387,ISNE
70361,PJM
70348,MISO
70335,PSCO
70309,NYIS
70299,SWPP
70291,PJM
70259,SWPP
70255,PJM
70253,PJM
70243,NYIS
70225,AVRN
70224,ERCO
70214,PJM
70196,PJM
70181,PJM
70175,ERCO
70120,PJM
70118,WACM
70110,PJM
70094,CISO
70061,CISO
70049,WALC
70035,MISO
70033,AZPS
70013,MISO
69996,PJM
69961,MISO
69957,MISO
69900,CISO
69897,PJM
69895,CISO
69888,PNM
69877,ERCO
69862,PJM
69853,PJM
69845,MISO
69833,PJM
69801,ISNE
69792,PJM
69790,PJM
69783,SWPP
69775,MISO
69772,CPLW
69766,HECO
69753,PJM
69742,PJM
69695,MISO
69686,SWPP
69680,PJM
69666,PJM
69665,ERCO
69640,ERCO
69622,NYIS
69607,ERCO
69587,PJM
69566,ERCO
69558,PNM
69545,ISNE
69529,PNM
69518,PACW
69517,EPE
69516,PJM
69469,AZPS
69465,MISO
69422,ERCO
69364,ERCO
69353,ERCO
69321,MISO
69310,NYIS
69275,NYIS
69263,ERCO
69217,MISO
69211,LDWP
69170,MISO
69151,ERCO
69148,DUK
69105,PNM
69087,PJM
69083,NYIS
69052,PJM
69015,MISO
69000,GVL
68995,PJM
68982,PSCO
68978,PACW
68959,PJM
68954,CISO
68911,PJM
68868,PNM
68840,CISO
68806,NYIS
68791,CISO
68785,MISO
68769,ERCO
68760,ERCO
68752,MISO
68731,ERCO
68727,MISO
68723,SWPP
68701,MISO
68686,ERCO
68673,CISO
68669,SOCO
68667,ERCO
68649,NYIS
68642,ISNE
68638,ISNE
68628,NYIS
68622,SOCO
68612,CISO
68610,TVA
68592,ERCO
68569,MISO
68567,MISO
68512,SOCO
68481,ERCO
68478,ERCO
68404,NYIS
68387,NYIS
68369,PJM
68361,ERCO
68330,SWPP
68259,NYIS
68248,TVA
68241,CISO
68235,PJM
68217,ISNE
68205,PJM
68201,ERCO
68200,ERCO
68199,PJM
68188,NYIS
68178,ERCO
68163,NYIS
68109,TVA
68077,PJM
68063,PJM
68009,SWPP
68008,NYIS
68002,SOCO
67995,MISO
67967,PJM
67966,PJM
67948,SWPP
67916,PACE
67846,PJM
67836,CISO
67812,MISO
67809,PJM
67788,ERCO
67768,ERCO
67743,CISO
67740,ERCO
67725,MISO
67689,MISO
67683,PJM
67650,NYIS
67603,CISO
67599,NYIS
67593,NYIS
67551,MISO
67546,MISO
67544,ERCO
67510,CISO
67507,MISO
67503,AZPS
67498,CISO
67495,ERCO
67466,PSCO
67462,ISNE
67457,ISNE
67441,PSCO
67431,ISNE
67421,PJM
67384,MISO
67376,ISNE
67364,PSCO
67362,PSCO
67353,ERCO
67350,ISNE
67331,MISO
67281,NYIS
67277,CISO
67260,EPE
67240,SOCO
67237,ERCO
67227,NYIS
67224,SPA
67212,NYIS
67184,AZPS
67165,MISO
67152,PJM
67144,NYIS
67140,MISO
67138,PJM
67104,MISO
67095,ERCO
67023,ERCO
66947,NYIS
66894,ERCO
66809,CISO
66766,NYIS
66733,CISO
66722,DUK
66689,ERCO
66681,MISO
66654,PJM
66595,ERCO
66572,ERCO
66566,ERCO
66480,MISO
66475,CISO
66474,ISNE
66450,PJM
66441,MISO
66400,ERCO
66396,ERCO
66394,CISO
66352,DUK
66206,NYIS
66203,PJM
66195,SWPP
66182,ISNE
66165,ISNE
66150,NYIS
66128,TEC
66118,PJM
66116,PJM
66100,ISNE
66089,PJM
66048,MISO
66043,ISNE
66039,LDWP
65986,MISO
65977,NEVP
65954,ISNE
65937,ERCO
65929,PJM
65916,FPL
65897,CISO
65840,NYIS
65839,NYIS
65837,ERCO
65829,ERCO
65790,ERCO
65782,CPLE
65758,PJM
65740,CISO
65710,ISNE
65665,PJM
65656,CISO
65636,ISNE
65629,TVA
65626,NYIS
65566,ISNE
65563,PJM
65559,ISNE
65536,ERCO
65535,ERCO
65507,CISO
65491,ERCO
65475,ISNE
65472,NEVP
65469,CISO
65440,MISO
65436,NYIS
65409,CISO
65374,SWPP
65361,CISO
65353,ISNE
65343,PJM
65338,PJM
65337,NYIS
65306,ERCO
65266,ERCO
65263,ERCO
65220,PJM
65212,NYIS
65201,NYIS
65196,CISO
65191,CISO
65143,MISO
65111,CPLE
65110,CPLE
65095,PJM
65088,MISO
65084,WACM
65071,NYIS
65036,FPL
64996,MISO
64943,ERCO
64938,ERCO
64933,ERCO
64917,ERCO
64900,ERCO
64899,ERCO
64880,PSCO
64867,NYIS
64863,ISNE
64826,ERCO
64817,PJM
64811,ERCO
64800,ERCO
64792,ERCO
64778,ERCO
64767,PJM
64765,ISNE
64749,NYIS
64746,NYIS
64730,PJM
64712,CISO
64710,ERCO
64637,MISO
64635,PJM
64622,CISO
64582,SOCO
64574,ISNE
64566,SRP
64565,SOCO
64554,NYIS
64549,ISNE
64544,ERCO
64533,FPC
64518,CISO
64510,CPLE
64489,CISO
64477,CPLE
64443,ISNE
64421,NYIS
64404,SRP
64389,ERCO
64363,CPLE
64351,NYIS
64306,MISO
64299,ISNE
64281,SOCO
64267,IID
64209,CISO
64204,ERCO
64198,BPAT
64159,MISO
64145,FPC
64135,PJM
64115,ISNE
64098,NEVP
64071,ISNE
64064,ISNE
64059,MISO
64041,NYIS
64031,PSCO
64029,MISO
64006,PGE
63973,CPLE
63970,PJM
63962,PGE
63949,PJM
63943,CISO
63914,PACE
63900,HECO
63857,NYIS
63855,NYIS
63849,CISO
63839,SCEG
63831,MISO
63816,MISO
63794,MISO
63784,PJM
63773,PJM
63737,ERCO
63723,HECO
63715,CISO
63701,CISO
63690,ISNE
63676,ISNE
63662,NYIS
63641,MISO
63627,SWPP
63626,PJM
63618,MISO
63606,LDWP
63585,NYIS
63582,FMPP
63556,ISNE
63553,NYIS
63509,AVRN
63487,IID
63482,CISO
63477,PNM
63465,PGE
63417,MISO
63416,CISO
63406,MISO
63402,MISO
63393,SWPP
63380,MISO
63249,MISO
63216,MISO
63207,PGE
63186,JEA
63183,MISO
63176,MISO
63173,PJM
63142,MISO
63141,MISO
63138,MISO
63117,MISO
63114,WALC
63113,NEVP
63100,ERCO
63089,PJM
63075,PJM
63068,CISO
63057,NYIS
63050,PACW
63037,MISO
63010,MISO
63008,MISO
62968,ISNE
62950,PJM
62931,SWPP
62911,ISNE
62874,CISO
62848,MISO
62843,NYIS
62825,ISNE
62815,MISO
62764,ISNE
62758,PJM
62756,PNM
62753,ERCO
62739,PJM
62735,MISO
62729,CISO
62712,PJM
62696,MISO
62532,NYIS
62517,NYIS
62507,NYIS
62478,SWPP
62470,PACE
62455,ISNE
62454,PJM
62440,NEVP
62436,SOCO
62384,PJM
62381,ISNE
62380,MISO
62366,NYIS
62324,ISNE
62248,NEVP
62220,SWPP
62188,SCEG
62158,NYIS
62147,NYIS
62069,PSEI
62058,SOCO
62056,CISO
62047,MISO
62019,MISO
61977,MISO
61973,SCEG
61959,ISNE
61953,CPLE
61925,PNM
61921,ERCO
61909,MISO
61899,NYIS
61894,CISO
61893,PJM
61854,IPCO
61850,MISO
61842,PJM
61832,PGE
61828,PGE
61817,MISO
61809,NEVP
61796,PJM
61787,MISO
61774,ISNE
61767,FPL
61745,SWPP
61732,ISNE
61693,CPLE
61663,TEC
61660,PJM
61635,ISNE
61622,ISNE
61606,PSCO
61603,ISNE
61600,PJM
61597,ISNE
61569,NYIS
61558,PNM
61544,MISO
61534,DUK
61503,CISO
61469,NYIS
61468,SOCO
61443,CISO
61407,SWPP
61398,ISNE
61389,NYIS
61376,NYIS
61335,NWMT
61325,SCEG
61312,PJM
61280,CPLE
61246,FMPP
61238,NYIS
61198,PJM
61194,CPLE
61186,ISNE
61124,ISNE
61121,PACE
61088,CPLE
61085,CPLE
61074,PJM
61072,MISO
61051,FPL
61031,PJM
61015,NYIS
61010,ISNE
60962,MISO
60916,PJM
60881,DUK
60868,PGE
60836,MISO
60831,ISNE
60822,AZPS
60821,WACM
60797,PJM
60784,DUK
60744,IID
60738,ISNE
60703,LGEE
60583,SOCO
60534,MISO
60528,MISO
60492,ISNE
60446,CISO
60435,MISO
60432,PACE
60331,IPCO
60300,EPE
60288,DUK
60285,TEPC
60264,ERCO
60249,CISO
60238,MISO
60218,SPA
60142,CISO
60130,WACM
60099,ISNE
60092,CISO
60091,CISO
60086,CISO
60001,DUK
59996,DUK
59957,PJM
59954,FPC
59936,DUK
59921,CPLE
59911,PJM
59839,ISNE
59831,CPLE
59817,PACE
59782,SWPP
59765,ISNE
59754,TEC
59739,CISO
59710,TVA
59703,CISO
59671,CPLE
59667,DUK
59661,CISO
59655,SWPP
59631,PJM
59605,CPLE
59604,DUK
59579,CPLE
59575,CPLE
59566,DUK
59556,SOCO
59553,CPLE
59547,PJM
59544,PJM
59520,DUK
59500,CPLE
59470,NYIS
59449,SOCO
59440,CISO
59417,SWPP
59382,PACW
59363,ISNE
59324,PJM
59274,NYIS
59250,CISO
59236,CISO
59220,PJM
59207,ERCO
59170,PJM
59143,WACM
59139,CISO
59070,ISNE
59030,ISNE
59001,PJM
58985,CISO
58966,NWMT
58923,MISO
58921,PJM
58918,CISO
58876,ISNE
58803,DUK
58780,PJM
58763,CISO
58697,CPLE
58694,PJM
58663,MISO
58645,MISO
58636,BANC
58586,ISNE
58576,SWPP
58575,CPLE
58570,PACE
58518,DUK
58513,CISO
58502,CISO
58489,NEVP
58456,MISO
58450,CISO
58428,MISO
58402,PJM
58394,CISO
58389,CISO
58384,IPCO
58379,CISO
58356,PJM
58325,SWPP
58313,CPLE
58308,CISO
58300,CISO
58277,HECO
58274,CPLE
58272,ISNE
58244,CISO
58231,PJM
58223,CISO
58193,SWPP
58174,ISNE
58171,TEPC
58163,NYIS
58145,ISNE
58111,MISO
58083,CISO
58079,PJM
58044,MISO
58030,PJM
58018,SWPP
57998,PJM
57987,SWPP
57984,MISO
57918,MISO
57902,AVA
57900,CISO
57884,MISO
57881,SWPP
57874,MISO
57869,PJM
57864,PJM
57851,MISO
57776,PJM
57737,SWPP
57710,NYIS
57703,WACM
57681,PSCO
57665,MISO
57614,SWPP
57613,PJM
57609,MISO
57601,ISNE
57584,CISO
57516,SWPP
57487,PJM
57484,CISO
57456,NEVP
57446,NEVP
57434,MISO
57432,MISO
57420,CISO
57417,MISO
57399,MISO
57369,PNM
57345,PACE
57334,DUK
57332,SWPP
57294,CISO
57293,CISO
57283,SWPP
57212,ERCO
57128,FPC
57123,JEA
57112,PJM
57075,CISO
57070,ISNE
57038,MISO
57034,MISO
57019,BPAT
57018,PJM
57015,BPAT
56960,WAUW
56959,ERCO
56932,AVA
56908,NWMT
56883,PJM
56855,BPAT
56837,SWPP
56809,MISO
56797,MISO
56777,PJM
56702,BPAT
56697,BPAT
56690,PJM
56666,BPAT
56646,MISO
56606,SWPP
56605,MISO
56599,MISO
56590,MISO
56552,DUK
56550,DUK
56537,AECI
56478,SWPP
56467,CISO
56466,PACW
56459,MISO
56457,ERCO
56428,CISO
56427,MISO
56419,PJM
56392,MISO
56337,ERCO
56251,MISO
56229,TEPC
56190,MISO
56181,PJM
56174,MISO
56169,PJM
56153,MISO
56131,DUK
56128,AECI
56076,SOCO
56054,MISO
56041,CISO
56037,MISO
56013,SWPP
55987,SWPP
55936,PJM
55836,MISO
55830,ISNE
55821,FPC
55810,CISO
55796,ERCO
55795,ERCO
55759,MISO
55706,TVA
55661,ISNE
55638,MISO
55596,MISO
55591,PJM
55573,MISO
55545,ERCO
55544,AVRN
55516,PJM
55499,CISO
55451,TVA
55393,CISO
55381,PJM
55353,MISO
55308,TVA
55288,ISNE
55262,PJM
55244,SOCO
55241,SOCO
55228,PJM
55225,SWPP
55221,MISO
55151,CISO
55117,MISO
55081,TVA
55047,ERCO
55006,ISNE
54934,PJM
54850,PJM
54848,SOCO
54788,PJM
54751,MISO
54693,PJM
54682,CISO
54674,AVA
54665,NEVP
54654,CISO
54634,PJM
54624,FPL
54604,MISO
54558,IPCO
54554,CISO
54548,NYIS
54447,CISO
54415,MISO
54414,MISO
54395,NYIS
54391,NYIS
54372,PSCO
54337,CISO
54268,PSEI
54261,CISO
54114,NYIS
54096,SOCO
54015,CISO
52149,PJM
52148,PJM
52078,CISO
52072,PJM
52071,ERCO
52065,ERCO
51038,NYIS
51026,ISNE
50966,PJM
50963,CISO
50936,MISO
50935,MISO
50852,PJM
50849,CISO
50813,PJM
50806,CPLE
50739,ISNE
50721,MISO
50649,NYIS
50648,ISNE
50628,PJM
50622,CISO
50509,CPLE
50493,CISO
50461,MISO
50456,PJM
50447,ISNE
50435,PSCO
50380,AVA
50328,MISO
50326,PJM
50318,MISO
50299,CISO
50269,NYIS
50250,SOCO
50205,WACM
50200,CISO
50192,SWPP
50146,SOCO
50141,SWPP
50101,MISO
50047,ISNE
50043,ERCO
50028,MISO
10878,IID
10874,CISO
10806,IPCO
10792,CPLE
10789,MISO
10735,IPCO
10661,CISO
10648,CISO
10640,CISO
10601,CISO
10467,NYIS
10440,CISO
10438,CISO
10377,PJM
10362,SWPP
10346,MISO
10308,PJM
10290,ISNE
10282,CISO
10234,MISO
10211,MISO
10198,MISO
10195,MISO
10188,TEC
10152,PJM
10125,NYIS
10039,MISO
8222,MISO
8102,PJM
8036,SWPP
8027,MISO
8011,PJM
8010,PACE
7977,MISO
7946,SOCO
7925,MISO
7901,MISO
7887,SWPP
7869,NYIS
7834,SC
7831,MISO
7771,SWPP
7760,MISO
7678,SWPP
7546,SWPP
7537,PJM
7474,MISO
7425,MISO
7415,MISO
7369,CISO
7345,FPC
7343,MISO
7242,TEC
7185,SWPP
7146,NYIS
7138,PJM
7135,MISO
7116,MISO
7048,ISNE
7012,PACE
6554,MISO
6544,PJM
6526,NYIS
6475,ISNE
6451,ISNE
6410,ERCO
6172,BPAT
6159,WACM
6156,ISNE
6142,SPA
6139,SWPP
6136,ERCO
6072,MISO
6022,PJM
4257,PJM
4130,MISO
4119,MISO
4074,MISO
4005,MISO
3998,MISO
3993,MISO
3943,PJM
3917,TPWR
3855,PSEI
3803,PJM
3798,PJM
3773,PJM
3709,ISNE
3624,ERCO
3586,ERCO
3585,ERCO
3493,ERCO
3477,SWPP
3453,ERCO
3437,ERCO
3343,SWPP
3293,SCEG
3284,SCEG
3272,DUK
3270,DUK
3259,DUK
3170,PJM
3160,PJM
3134,PJM
3078,BPAT
3037,PACW
3003,SPA
2982,SWPP
2861,PJM
2847,PJM
2817,SWPP
2706,CPLE
2640,NYIS
2639,NYIS
2628,NYIS
2600,NYIS
2588,NYIS
2566,NYIS
2548,NYIS
2546,NYIS
2504,NYIS
2442,AZPS
2378,PJM
2349,ISNE
2326,NEVP
2312,SWPP
2310,SWPP
2256,SWPP
2248,SWPP
2243,SWPP
2234,SWPP
2231,SWPP
2229,SWPP
2171,SWPP
2163,SWPP
2162,MISO
2140,SWPP
2127,AECI
2102,MISO
2096,MISO
2076,SWPP
2049,SOCO
2048,SOCO
1999,MISO
1985,MISO
1958,MISO
1956,SWPP
1874,MISO
1821,MISO
1777,MISO
1754,PJM
1750,MISO
1734,MISO
1733,MISO
1597,ISNE
1595,ISNE
1580,PJM
1514,NBSO
1365,LGEE
1358,LGEE
1330,SWPP
1327,SWPP
1326,SWPP
1313,SWPP
1295,SWPP
1287,SWPP
1252,SWPP
1188,MISO
1177,MISO
1135,MISO
1132,MISO
1126,MISO
1120,SWPP
1105,MISO
1043,MISO
1011,MISO
1007,MISO
941,MISO
861,MISO
827,PACE
826,PACE
757,TVA
732,SOCO
696,FPL
642,SOCO
628,FPC
619,FPL
612,FPL
592,PJM
591,PJM
579,NYIS
552,ISNE
544,ISNE
479,CISO
465,PSCO
435,BANC
428,CISO
407,LDWP
393,LDWP
391,LDWP
387,IID
381,CISO
298,ERCO
249,CISO
244,CISO
242,CISO
232,CISO
223,CISO
188,SPA
145,SRP
113,AZPS
87,WACM
49,TVA
8,SOCO
70449,LDWP
70439,NYIS
70416,PJM
66498,ISNE
66440,PJM
68663,NYIS
68125,PJM
64913,NYIS
64094,HECO
63880,ERCO
63866,NYIS
63227,NYIS
61859,NWMT
60828,DUK
60295,DUK
59892,SOCO
58827,PJM
57960,CISO
57894,FPC
57304,LDWP
55507,AZPS
54713,MISO
7727,CPLE
68735,ERCO
60515,SOCO
66548,MISO
65023,NWMT
62867,PACW
62316,DUK
60626,CPLE
60289,WALC
63886,PJM
62297,CPLE
62285,CPLE
62283,CPLE
62180,CPLE
59885,CISO
61393,PACE
61306,PJM
60216,PJM
60214,PJM
60168,DUK
59073,PJM
2877,PJM
61812,MISO
62807,CPLE
59918,ERCO
61361,PJM
60969,DUK
60305,DUK
60031,CISO
58878,PJM
57611,PJM
59679,DUK
57206,CEA
6293,CEA
59420,PJM
59210,DUK
59208,CPLE
57906,CISO
58567,CPLE
57370,CPLE
57147,IPCO
57146,IPCO
57142,IPCO
70411,PGE
70385,ISNE
70373,PJM
70365,ERCO
70342,PJM
70339,PJM
70325,NYIS
70312,NYIS
70300,ERCO
70274,PJM
70272,PJM
70258,MISO
70250,PJM
70248,PJM
70236,SRP
70204,ERCO
70197,SWPP
70163,ISNE
70153,PJM
70135,ERCO
70128,PJM
70098,MISO
70093,ERCO
70091,CISO
70084,SOCO
70075,PJM
70070,PJM
70067,PJM
70042,NBSO
70032,PJM
70009,MISO
70001,MISO
69978,MISO
69932,MISO
69929,MISO
69894,MISO
69831,PJM
69789,MISO
69785,CISO
69779,AZPS
69759,CISO
69758,PNM
69741,PJM
69717,NYIS
69714,NYIS
69712,CISO
69702,PJM
69699,PJM
69683,PJM
69642,MISO
69625,NYIS
69616,PJM
69605,ERCO
69593,PJM
69583,MISO
69575,ERCO
69569,ISNE
69562,CISO
69561,PJM
69548,JEA
69525,PJM
69478,SWPP
69460,ERCO
69450,MISO
69429,CPLW
69410,NYIS
69404,CPLW
69402,NYIS
69401,PJM
69392,ERCO
69381,PJM
69374,PJM
69359,ERCO
69354,FPC
69345,ERCO
69337,ERCO
69335,ERCO
69323,ERCO
69306,PJM
69289,ERCO
69283,ERCO
69262,ERCO
69241,MISO
69214,NYIS
69180,NYIS
69174,MISO
69173,ERCO
69156,MISO
69106,EPE
69077,MISO
69076,ISNE
69074,ISNE
69067,NYIS
69033,MISO
69026,ERCO
69020,PGE
69012,ISNE
68990,PJM
68942,PJM
68938,PJM
68909,IID
68881,MISO
68873,ERCO
68862,NYIS
68833,FPL
68830,FPL
68823,FPL
68790,CISO
68786,SWPP
68773,ISNE
68738,ERCO
68728,MISO
68714,SWPP
68702,SWPP
68698,SWPP
68689,SWPP
68637,ISNE
68599,CISO
68597,PJM
68565,TVA
68520,CISO
68438,ISNE
68402,NYIS
68378,SWPP
68375,SWPP
68368,MISO
68328,AZPS
68267,CISO
68253,SOCO
68220,CISO
68218,ISNE
68207,NYIS
68155,ERCO
68147,MISO
68143,PJM
68116,ISNE
68053,ERCO
68033,ERCO
68014,PJM
67959,MISO
67958,MISO
67957,SOCO
67949,ERCO
67919,ERCO
67903,ISNE
67899,PJM
67898,NEVP
67880,NYIS
67845,ERCO
67833,MISO
67802,ISNE
67798,ERCO
67790,MISO
67776,ERCO
67713,PJM
67682,PJM
67663,CPLE
67654,ERCO
67652,ERCO
67643,PJM
67638,NYIS
67617,NYIS
67590,NYIS
67571,NYIS
67564,ERCO
67543,ERCO
67449,ISNE
67337,NYIS
67315,ERCO
67308,ERCO
67307,PSCO
67304,WACM
67292,PJM
67291,AZPS
67274,PJM
67246,SOCO
67245,SOCO
67244,PJM
67201,PSCO
67190,IPCO
67169,CISO
67168,MISO
67164,TVA
67129,DUK
67117,ISNE
67096,MISO
67078,ERCO
67072,PJM
67061,ISNE
67028,PJM
67024,ERCO
67022,PJM
67019,ERCO
66960,PJM
66950,CISO
66929,ERCO
66918,PJM
66909,NYIS
66904,MISO
66837,PJM
66834,ISNE
66831,PJM
66823,NYIS
66818,TVA
66813,PJM
66788,ERCO
66787,CISO
66777,NYIS
66770,PJM
66750,NYIS
66724,DUK
66697,MISO
66643,MISO
66630,MISO
66613,ERCO
66606,ISNE
66588,MISO
66541,PJM
66528,NYIS
66526,NYIS
66473,NYIS
66471,ERCO
66456,CISO
66448,PJM
66437,PJM
66411,ERCO
66385,DUK
66332,CISO
66331,CISO
66265,CISO
66261,PJM
66245,ISNE
66213,NYIS
66183,NWMT
66168,ERCO
66159,MISO
66138,PJM
66126,NYIS
66065,NYIS
66062,NYIS
66044,ISNE
66022,MISO
66020,PJM
65994,SOCO
65993,MISO
65984,PJM
65968,MISO
65942,MISO
65920,FPL
65867,FPL
65831,ERCO
65820,CISO
65804,SWPP
65794,LDWP
65752,NYIS
65736,MISO
65692,NYIS
65662,ERCO
65624,NYIS
65575,ERCO
65564,CISO
65552,CPLE
65525,CISO
65522,NYIS
65511,SWPP
65493,ERCO
65477,ISNE
65463,ERCO
65462,PJM
65458,CISO
65391,SWPP
65387,PJM
65381,MISO
65360,CISO
65340,PJM
65328,MISO
65268,ERCO
65256,CISO
65244,CPLE
65200,CISO
65174,ISNE
65173,FPC
65086,MISO
65081,PJM
65022,PJM
64992,MISO
64983,PJM
64892,ERCO
64870,MISO
64852,CISO
64836,CISO
64782,ISNE
64772,ERCO
64768,PJM
64761,NYIS
64753,ISNE
64728,MISO
64724,ISNE
64648,WACM
64644,PJM
64607,IPCO
64600,CISO
64575,ISNE
64573,ISNE
64526,ISNE
64513,CPLE
64509,CPLE
64497,MISO
64481,CISO
64437,ISNE
64419,ISNE
64396,CISO
64384,TEPC
64334,ISNE
64316,ERCO
64301,FPL
64286,SOCO
64283,SOCO
64280,SOCO
64265,WACM
64249,PJM
64243,MISO
64226,SOCO
64212,PSCO
64192,CPLE
64171,PJM
64109,ISNE
64068,ISNE
64066,PNM
64035,CPLE
64025,PJM
64014,ISNE
64013,PJM
63987,MISO
63941,CISO
63936,MISO
63929,MISO
63927,PJM
63925,BPAT
63924,PJM
63858,NYIS
63846,PJM
63842,CPLE
63823,PJM
63813,SC
63810,SC
63781,NYIS
63777,DUK
63768,PJM
63751,NYIS
63747,NYIS
63703,PJM
63677,ISNE
63624,ERCO
63611,CISO
63605,CISO
63594,MISO
63581,NYIS
63565,ISNE
63563,ISNE
63559,ISNE
63544,NYIS
63521,MISO
63488,BPAT
63474,ISNE
63464,PGE
63461,DUK
63432,MISO
63431,MISO
63430,MISO
63422,CISO
63415,NYIS
63403,MISO
63401,MISO
63383,CPLE
63342,ERCO
63332,PJM
63321,MISO
63318,MISO
63300,CISO
63298,PJM
63288,ISNE
63266,PJM
63243,DUK
63215,MISO
63185,PJM
63157,MISO
63084,PJM
63071,PJM
63030,ERCO
62961,MISO
62953,ERCO
62952,PSCO
62948,PJM
62940,JEA
62895,NYIS
62889,CISO
62878,SOCO
62869,MISO
62853,ERCO
62846,ERCO
62831,NYIS
62806,CISO
62805,PACE
62799,MISO
62792,PJM
62785,NYIS
62783,ERCO
62779,MISO
62776,MISO
62713,PJM
62697,CISO
62687,CISO
62677,MISO
62661,DUK
62655,CISO
62649,CISO
62616,PJM
62589,NYIS
62583,ISNE
62579,ISNE
62535,MISO
62490,FPL
62483,ERCO
62456,NYIS
62431,SWPP
62367,SOCO
62365,MISO
62329,PJM
62320,CISO
62304,CPLE
62291,SWPP
62252,PSCO
62249,ERCO
62201,ISNE
62197,ISNE
62179,CPLE
62144,MISO
62141,ERCO
62119,PJM
62115,CISO
62104,CPLE
62102,CPLE
62086,MISO
62055,ISNE
62051,NYIS
62035,MISO
62012,PJM
62010,MISO
62000,MISO
61989,CISO
61988,FPC
61979,MISO
61970,ERCO
61957,SWPP
61950,CPLE
61937,DUK
61928,ISNE
61892,PJM
61891,PJM
61890,PJM
61870,MISO
61847,NYIS
61838,PJM
61815,ISNE
61807,FPC
61798,SWPP
61795,CISO
61741,ERCO
61725,NYIS
61683,IID
61682,IID
61651,MISO
61636,ISNE
61626,MISO
61599,PJM
61575,NYIS
61565,MISO
61548,MISO
61545,MISO
61523,SCEG
61451,MISO
61425,WACM
61416,NYIS
61411,ERCO
61391,MISO
61383,MISO
61369,PACE
61367,ISNE
61328,MISO
61323,SCEG
61281,PACW
61243,ISNE
61218,CPLE
61213,SOCO
61208,SOCO
61196,CPLE
61189,WACM
61182,MISO
61162,PJM
61152,BANC
61116,CISO
61042,NYIS
61013,CISO
61011,PJM
61003,NYIS
60990,PJM
60987,ERCO
60979,CISO
60925,MISO
60905,MISO
60887,MISO
60879,ISNE
60875,ISNE
60858,ISNE
60851,ISNE
60840,PJM
60820,PJM
60783,PJM
60764,PSCO
60763,PJM
60761,DUK
60731,ISNE
60712,MISO
60710,ISNE
60686,MISO
60668,PJM
60615,ISNE
60603,TEPC
60585,SOCO
60560,TVA
60550,SOCO
60479,NYIS
60478,NYIS
60477,NYIS
60458,ISNE
60413,SRP
60404,ISNE
60383,CPLE
60380,CPLE
60366,ERCO
60353,PJM
60334,IPCO
60319,PJM
60314,SWPP
60304,PSCO
60291,DUK
60272,ERCO
60270,SWPP
60266,PJM
60226,BANC
60206,PJM
60157,DUK
60149,CPLE
60131,DUK
60088,WACM
60084,SOCO
60073,ISNE
60067,ISNE
60017,MISO
59984,MISO
59983,MISO
59968,PJM
59949,PJM
59947,SPA
59939,CISO
59929,DUK
59927,ISNE
59915,CISO
59871,CISO
59834,MISO
59825,CPLE
59783,PJM
59764,PJM
59734,ERCO
59731,ISNE
59666,CPLE
59651,LDWP
59650,SOCO
59642,PJM
59613,NYIS
59564,DUK
59560,PNM
59540,CISO
59534,CPLE
59533,CPLE
59518,PJM
59505,CPLE
59498,DUK
59493,IPCO
59489,PJM
59485,ISNE
59473,CISO
59446,PJM
59433,MISO
59412,CISO
59410,CISO
59379,MISO
59302,ISNE
59280,CISO
59227,MISO
59180,MISO
59151,FPC
59122,CISO
59056,PJM
59053,MISO
59034,ERCO
58965,MISO
58935,ISNE
58907,CISO
58898,PJM
58883,MISO
58832,TEPC
58812,CPLE
58790,NYIS
58735,DUK
58726,DUK
58680,ISNE
58675,DUK
58664,ISNE
58661,ISNE
58642,CISO
58624,ISNE
58610,CISO
58607,CISO
58591,BPAT
58588,PNM
58578,CISO
58527,IID
58519,PJM
58508,CISO
58496,MISO
58492,DUK
58488,ERCO
58487,CPLE
58483,PJM
58453,DUK
58417,CISO
58363,SWPP
58359,PJM
58341,DUK
58332,DUK
58331,CPLE
58296,CISO
58284,PNM
58269,PJM
58248,LDWP
58242,ERCO
58238,ISNE
58220,PJM
58202,CISO
58199,AZPS
58185,ISNE
58155,AZPS
58147,AZPS
58100,CISO
58097,ISNE
58063,MISO
58048,ERCO
58003,CISO
57982,CISO
57977,CISO
57973,SWPP
57953,MISO
57932,MISO
57926,PJM
57901,CISO
57896,DUK
57895,CISO
57855,ISNE
57821,BANC
57809,CISO
57783,BANC
57702,CISO
57685,FPC
57678,SWPP
57645,PSCO
57624,ISNE
57620,PJM
57567,PNM
57544,CISO
57422,CISO
57410,PJM
57323,CISO
57321,DUK
57305,LDWP
57299,PACE
57262,SWPP
57257,MISO
57252,SWPP
57211,PACE
57210,PSCO
57190,MISO
57183,PJM
57174,WACM
57162,SPA
57138,SCEG
57137,BPAT
57094,PJM
56981,ERCO
56928,ISNE
56923,MISO
56915,CPLE
56851,MISO
56765,MISO
56764,MISO
56687,PJM
56671,PJM
56616,AZPS
56608,SWPP
56591,NWMT
56547,DUK
56546,DUK
56512,PJM
56497,SWPP
56491,PJM
56465,MISO
56439,IPCO
56400,FMPP
56368,PJM
56367,PJM
56358,AZPS
56350,ERCO
56340,DUK
56309,MISO
56283,MISO
56271,CISO
56242,MISO
56239,CISO
56201,MISO
56191,DOPD
56124,PGE
56119,PJM
56102,PACE
56065,DUK
56058,DUK
56036,CISO
56032,NYIS
56006,PJM
56004,PJM
55841,NEVP
55817,MISO
55733,IPCO
55699,NYIS
55698,CISO
55538,CISO
55534,DUK
55480,ERCO
55402,MISO
55390,ERCO
55372,SRP
55265,MISO
55253,PJM
55231,PJM
55211,ISNE
55204,MISO
55198,PJM
55173,MISO
55156,PJM
55128,SOCO
55109,PJM
55084,CISO
55058,PJM
55049,CISO
55041,ISNE
55040,SOCO
55033,SWPP
55025,ERCO
55014,PJM
55013,MISO
55005,PJM
54970,PJM
54912,CISO
54897,YAD
54880,SOCO
54818,SOCO
54809,SCL
54761,PACW
54756,MISO
54748,MISO
54745,SOCO
54721,PACW
54691,NYIS
54680,PSCO
54667,PNM
54661,MISO
54659,PJM
54657,ISNE
54515,ISNE
54384,ISNE
54349,NEVP
54333,PJM
54258,CISO
54201,MISO
54087,SC
54045,PJM
54041,NYIS
54033,FPL
52175,MISO
52104,CISO
52073,LDWP
52057,NYIS
51033,NYIS
50990,MISO
50987,IPCO
50980,PACW
50978,NYIS
50961,PACW
50938,PACW
50887,FPL
50879,PJM
50864,CISO
50774,FPC
50762,IID
50712,CISO
50674,CISO
50647,MISO
50575,PJM
50568,NYIS
50560,CISO
50530,LDWP
50437,MISO
50365,ISNE
50362,IPCO
50360,IPCO
50350,CISO
50282,PJM
50223,CISO
50175,PJM
50152,MISO
50109,ERCO
50067,SWPP
50036,PJM
50031,NYIS
50002,ISNE
10819,MISO
10796,PJM
10774,PJM
10612,MISO
10611,FPL
10525,CPLE
10469,CISO
10424,PSCO
10416,SOCO
10382,CPLE
10245,MISO
10244,PJM
10183,ISNE
10169,CISO
10159,PJM
10155,PJM
10151,PJM
10025,NYIS
10004,TEC
9674,MISO
8069,PACE
8055,MISO
8030,WACM
8024,MISO
8022,AVA
8007,NYIS
8000,SWPP
7976,SWPP
7919,PJM
7910,NYIS
7903,SWPP
7839,PJM
7764,SOCO
7725,BPAT
7706,MISO
7548,PACE
7513,NBSO
7489,CISO
7441,PJM
7318,PJM
6789,SC
6761,PSCO
6704,CISO
6647,CISO
6595,MISO
6456,ISNE
6422,NWMT
6356,MISO
6264,PJM
6180,ERCO
6146,ERCO
6118,PJM
6113,MISO
6100,CISO
6064,SWPP
6055,MISO
6041,PJM
6000,PJM
4937,ERCO
4271,MISO
4122,MISO
4107,MISO
4078,MISO
4061,MISO
4050,MISO
4015,MISO
3984,MISO
3975,MISO
3946,PJM
3942,PJM
3927,BPAT
3888,GCPD
3860,PSEI
3853,PSEI
3852,PACW
3833,PJM
3789,PJM
3775,PJM
3711,ISNE
3658,PACE
3656,PACE
3611,ERCO
3609,ERCO
3598,ERCO
3584,ERCO
3581,ERCO
3561,ERCO
3504,ERCO
3489,ERCO
3470,ERCO
3412,TVA
3400,TVA
3347,SWPP
3277,SCEG
3251,CPLE
3250,CPLE
3145,PJM
3132,PJM
3118,PJM
3116,PJM
3113,PJM
3020,PACW
2952,SWPP
2903,PJM
2857,PJM
2838,PJM
2773,DUK
2741,DUK
2736,DUK
2718,DUK
2685,NYIS
2624,NYIS
2623,NYIS
2614,NYIS
2598,NYIS
2582,NYIS
2574,NYIS
2526,NYIS
2499,NYIS
2496,NYIS
2493,NYIS
2451,PNM
2446,SWPP
2409,PJM
2388,PJM
2359,ISNE
2355,ISNE
2204,WAUW
2195,NWMT
2192,NWMT
2181,NWMT
2167,AECI
2145,AECI
2125,AECI
2092,SWPP
2052,MISO
2022,MISO
1996,MISO
1980,MISO
1979,MISO
1971,MISO
1912,MISO
1892,MISO
1846,MISO
1840,MISO
1832,MISO
1829,MISO
1704,MISO
1637,ISNE
1629,ISNE
1590,ISNE
1559,PJM
1509,ISNE
1488,ISNE
1487,ISNE
1407,MISO
1325,SWPP
1322,SWPP
1300,SWPP
1292,SWPP
1166,AECI
1150,MISO
1145,MISO
1129,MISO
1124,MISO
1104,MISO
1097,MISO
1067,MISO
989,PJM
960,PJM
884,PJM
851,BPAT
776,CISO
753,SOCO
718,SOCO
676,FMPP
674,WAUW
632,CISO
593,PJM
585,IID
581,ISNE
540,ISNE
531,CISO
469,PSCO
440,TIDC
413,CISO
341,CISO
336,CISO
319,CISO
262,CISO
241,CISO
217,CISO
210,SWPP
170,MISO
154,WALC
150,SRP
141,SRP
120,AZPS
60,SWPP
47,TVA
20,SOCO
14,SOCO
9,EPE
70443,SWPP
67841,NYIS
67656,ERCO
66556,PJM
66493,ERCO
65928,ERCO
68314,PJM
68015,ERCO
65398,CISO
65327,MISO
64626,DUK
62605,ISNE
60807,SWPP
60360,DUK
60358,DUK
59756,PACE
57924,PACW
57479,CISO
57263,SWPP
57127,CISO
56566,PSCO
56370,NYIS
50826,CISO
7148,CISO
68841,CISO
68304,ERCO
67890,MISO
67120,TEC
63201,ERCO
61108,NWMT
65115,MISO
63980,ISNE
63785,PJM
62866,PACW
61837,SWPP
65848,ERCO
65404,CISO
61049,ERCO
60018,MISO
59935,NEVP
56453,PJM
63435,ISNE
63134,PJM
61396,PACE
61286,PJM
60907,PJM
60268,ERCO
60167,DUK
60155,DUK
58800,PJM
58743,CPLE
54872,SOCO
52143,CISO
62913,MISO
61372,CISO
59252,PNM
60950,DUK
59716,ERCO
56926,CISO
57958,CISO
60148,DUK
59707,PJM
59674,DUK
58910,ERCO
58637,FPC
56892,DUK
59398,CISO
59211,CPLE
59403,LDWP
58530,CPLE
57596,CPLE
57503,MISO
57143,IPCO
70424,PJM
70419,BPAT
70400,ERCO
70391,PJM
70382,MISO
70338,PJM
70332,MISO
70328,NYIS
70306,CPLE
70296,PJM
70294,PJM
70263,PJM
70218,DOPD
70215,PJM
70205,MISO
70171,PJM
70169,PJM
70156,PJM
70151,PJM
70145,ISNE
70140,ISNE
70136,SWPP
70125,WACM
70111,CISO
70101,CISO
70100,PJM
70099,MISO
70071,PJM
70047,ERCO
70019,NYIS
70007,PJM
70000,PJM
69992,MISO
69987,PJM
69969,SWPP
69965,CISO
69960,MISO
69951,PJM
69950,PJM
69913,PJM
69911,PJM
69870,DUK
69861,PJM
69850,MISO
69832,PJM
69823,SOCO
69820,CISO
69794,ISNE
69745,SOCO
69744,NYIS
69715,ISNE
69708,CISO
69672,ISNE
69633,MISO
69613,PSCO
69599,MISO
69585,ERCO
69564,CPLE
69557,PNM
69552,PJM
69539,CISO
69534,ERCO
69492,MISO
69488,MISO
69464,MISO
69455,ERCO
69448,ISNE
69388,MISO
69375,NYIS
69366,ERCO
69357,CPLW
69349,ERCO
69338,ERCO
69318,ERCO
69207,PJM
69200,ERCO
69168,ERCO
69119,CPLE
69113,PJM
69099,CHPD
69098,PJM
69081,PJM
69043,MISO
69025,GLHB
69019,ISNE
69011,ISNE
69003,MISO
68998,ERCO
68963,MISO
68939,MISO
68926,MISO
68921,MISO
68907,CISO
68876,MISO
68872,MISO
68849,WACM
68837,CISO
68825,FPL
68814,ERCO
68754,MISO
68753,CISO
68733,ERCO
68721,SWPP
68706,SWPP
68694,SWPP
68680,ISNE
68658,ISNE
68617,PNM
68606,ERCO
68589,CISO
68588,ERCO
68579,SWPP
68553,SOCO
68542,CISO
68535,MISO
68518,CISO
68505,MISO
68494,CISO
68491,ISNE
68455,MISO
68453,LGEE
68440,CISO
68396,BPAT
68379,SWPP
68365,ERCO
68357,ERCO
68349,ERCO
68342,BPAT
68332,SOCO
68323,CISO
68294,SWPP
68249,TVA
68229,TVA
68206,NYIS
68152,NYIS
68106,DUK
68089,SWPP
68085,PJM
68076,PJM
68072,PJM
68071,PJM
68044,PACE
68040,PJM
68027,CISO
68023,CISO
68019,PJM
67978,NEVP
67977,DUK
67976,ERCO
67947,ISNE
67946,ISNE
67941,MISO
67922,ISNE
67920,ISNE
67913,CISO
67876,PJM
67850,IID
67829,CISO
67793,CISO
67758,MISO
67753,PJM
67738,ERCO
67724,MISO
67684,MISO
67680,CISO
67639,NYIS
67629,PJM
67581,ERCO
67570,ERCO
67526,SWPP
67523,MISO
67517,MISO
67511,PACE
67493,ERCO
67491,FPC
67470,ISNE
67446,PSCO
67445,PACE
67407,ISNE
67387,MISO
67367,ISNE
67351,ISNE
67334,PJM
67314,ERCO
67298,TVA
67296,ISNE
67288,CISO
67265,PJM
67257,CISO
67235,PJM
67211,IPCO
67197,MISO
67192,TVA
67115,PJM
67101,MISO
67097,MISO
67071,MISO
67062,PJM
66978,MISO
66972,MISO
66941,ERCO
66931,ERCO
66890,CISO
66878,ISNE
66868,PJM
66866,SWPP
66856,NYIS
66828,NYIS
66792,ERCO
66786,ISNE
66774,ERCO
66690,ERCO
66659,CISO
66636,CISO
66602,CPLE
66592,MISO
66577,MISO
66564,ERCO
66558,MISO
66554,MISO
66550,ERCO
66519,ERCO
66502,CISO
66488,NYIS
66452,PJM
66442,NYIS
66393,PJM
66382,DUK
66373,CPLE
66365,PJM
66357,NEVP
66350,SOCO
66338,ERCO
66320,ISNE
66280,CISO
66278,CISO
66243,ISNE
66242,CISO
66234,NYIS
66222,NYIS
66220,NYIS
66217,NYIS
66163,PNM
66155,SWPP
66137,ERCO
66135,NBSO
66122,PJM
66114,MISO
66109,MISO
66067,HECO
66025,SOCO
65979,ERCO
65970,CISO
65949,ISNE
65914,FPL
65907,FPL
65903,PJM
65893,ERCO
65879,FPL
65862,FPL
65841,NYIS
65823,PACE
65773,NEVP
65770,CISO
65763,ERCO
65747,PGE
65745,PGE
65737,PACW
65732,MISO
65681,MISO
65679,NYIS
65674,CISO
65660,ERCO
65635,CISO
65592,FPL
65574,ERCO
65560,ISNE
65539,ERCO
65508,PJM
65439,MISO
65426,DUK
65424,FPL
65412,MISO
65393,MISO
65385,NYIS
65359,PJM
65332,PJM
65307,PJM
65301,PJM
65292,FPL
65250,CPLE
65224,PJM
65205,CISO
65142,ISNE
65125,NYIS
65124,NYIS
65112,ISNE
65094,PJM
65093,ISNE
65087,MISO
65085,ISNE
65066,MISO
65031,PJM
65019,NWMT
65013,PJM
64997,MISO
64975,ISNE
64973,PJM
64963,ERCO
64950,ERCO
64898,ERCO
64896,ERCO
64859,ERCO
64803,ERCO
64799,ERCO
64785,PJM
64784,PJM
64781,ISNE
64760,ISNE
64755,MISO
64701,CISO
64696,ISNE
64688,MISO
64682,DUK
64660,PJM
64646,PJM
64642,PJM
64634,CISO
64633,CISO
64611,CISO
64604,PJM
64601,CISO
64593,NYIS
64538,ERCO
64516,CPLE
64486,MISO
64472,DUK
64470,MISO
64467,PJM
64461,MISO
64459,MISO
64451,NYIS
64448,PJM
64401,CISO
64391,CISO
64380,PJM
64362,MISO
64360,PJM
64357,WACM
64346,FPC
64345,FPC
64285,SOCO
64258,ERCO
64195,PJM
64188,NYIS
64175,DUK
64163,NYIS
64148,NEVP
64105,CISO
64104,CISO
64090,NYIS
64089,ERCO
64078,ISNE
64073,PJM
64061,DUK
63999,FPC
63965,PJM
63961,PGE
63938,MISO
63877,PJM
63875,CISO
63863,NYIS
63859,CISO
63851,CISO
63836,CPLE
63812,CPLE
63798,AZPS
63775,SOCO
63766,MISO
63702,PJM
63648,NYIS
63638,CISO
63632,TVA
63628,SWPP
63598,MISO
63588,ISNE
63561,ISNE
63539,NYIS
63522,SOCO
63495,TEC
63486,CISO
63462,PGE
63450,NYIS
63405,NYIS
63399,MISO
63386,ISNE
63377,CPLE
63340,NYIS
63334,PJM
63313,MISO
63308,MISO
63286,PJM
63285,LDWP
63256,FPL
63223,ERCO
63204,CISO
63181,PJM
63171,MISO
63070,PJM
63052,NYIS
63044,ISNE
63042,MISO
63035,MISO
63026,TVA
63019,MISO
63016,DUK
62990,PJM
62989,PJM
62988,BANC
62982,MISO
62966,MISO
62958,PJM
62951,PJM
62925,FPL
62915,FPL
62899,SRP
62886,SOCO
62861,MISO
62844,ISNE
62842,ISNE
62830,MISO
62810,NYIS
62795,MISO
62768,PJM
62766,MISO
62755,ERCO
62693,PJM
62683,SWPP
62672,ISNE
62662,CPLE
62645,FPL
62641,PJM
62629,PJM
62598,PJM
62574,LDWP
62570,ISNE
62559,ISNE
62523,NYIS
62521,NYIS
62499,CISO
62473,NYIS
62408,PJM
62357,NYIS
62259,ERCO
62257,ISNE
62253,PSCO
62247,SWPP
62228,DUK
62207,ERCO
62202,ISNE
62190,SCEG
62161,MISO
62157,NYIS
62107,ISNE
62100,CPLE
62096,CPLE
62091,ISNE
62071,PSEI
62060,MISO
62053,MISO
62028,CISO
61998,MISO
61951,CPLE
61916,MISO
61884,SWPP
61849,PJM
61810,ERCO
61769,ISNE
61750,CISO
61730,ISNE
61698,BANC
61696,SOCO
61689,MISO
61671,MISO
61661,CISO
61657,TEC
61656,TEC
61620,CISO
61604,NYIS
61594,LDWP
61583,CISO
61580,PACW
61559,PACW
61552,PJM
61519,PJM
61512,CPLE
61475,CISO
61470,NYIS
61467,SWPP
61462,PSCO
61460,ISNE
61458,PJM
61456,MISO
61437,PJM
61432,SCEG
61422,PJM
61421,CISO
61405,CPLE
61388,JEA
61386,SOCO
61357,MISO
61295,ISNE
61294,ISNE
61259,CPLE
61217,IPCO
61145,PJM
61140,MISO
61104,TEPC
61055,PJM
61028,PJM
61026,NYIS
61007,ISNE
60998,PJM
60974,LDWP
60968,PJM
60933,PJM
60918,CISO
60864,MISO
60846,BANC
60843,PJM
60837,MISO
60796,MISO
60792,NEVP
60774,ERCO
60707,SWPP
60702,SOCO
60678,CISO
60670,IID
60661,CISO
60656,PJM
60644,ISNE
60637,PJM
60611,PJM
60608,ISNE
60575,CPLE
60572,CISO
60555,TVA
60527,MISO
60523,MISO
60513,SOCO
60493,ISNE
60486,NWMT
60472,ERCO
60467,AZPS
60439,CPLE
60431,NYIS
60410,PJM
60396,DUK
60390,PJM
60344,ISNE
60337,TVA
60324,CISO
60312,DUK
60299,PJM
60283,WACM
60262,SWPP
60195,PNM
60193,CISO
60132,PJM
60123,ERCO
60122,ERCO
60120,CISO
60115,ISNE
60112,PACW
60100,CISO
60069,SWPP
60055,DUK
59994,ERCO
59974,PSCO
59955,CPLE
59951,PJM
59942,CISO
59928,DUK
59922,PJM
59916,CISO
59861,PJM
59850,PSCO
59849,PSCO
59824,CPLE
59771,MISO
59761,CPLE
59737,CISO
59714,MISO
59656,PSCO
59648,PJM
59633,CISO
59576,DUK
59572,CPLE
59551,CPLE
59504,CPLE
59491,IPCO
59486,DUK
59453,NYIS
59387,PACE
59383,SWPP
59335,SOCO
59327,PJM
59314,ISNE
59295,ISNE
59284,SWPP
59281,PACE
59276,NYIS
59185,PJM
59184,TVA
59181,MISO
59171,PJM
59162,DUK
59140,ISNE
59135,ISNE
59111,DUK
59087,CISO
59071,MISO
59014,ISNE
58996,MISO
58984,CISO
58971,CISO
58956,CPLE
58945,ISNE
58913,CISO
58897,PJM
58873,NYIS
58835,SWPP
58813,PJM
58802,CPLE
58783,WACM
58773,ERCO
58757,CISO
58682,ISNE
58679,NYIS
58648,FPC
58596,ERCO
58594,SWPP
58587,MISO
58579,MISO
58571,PGE
58563,MISO
58551,ISNE
58514,CISO
58500,CISO
58476,PJM
58436,CISO
58416,PJM
58392,NWMT
58370,CISO
58361,PJM
58360,PJM
58349,CPLE
58317,CPLE
58310,MISO
58299,CISO
58298,CISO
58297,CISO
58283,ISNE
58280,ISNE
58263,PJM
58258,LDWP
58246,PJM
58218,NWMT
58216,CISO
58215,DUK
58207,PJM
58200,MISO
58190,CISO
58162,SWPP
58154,CISO
58152,ISNE
58142,IPCO
58134,PJM
58130,PACE
58084,ISNE
58073,CISO
58070,PJM
58056,CISO
58049,PJM
58037,AZPS
58020,MISO
58007,CISO
58004,ISNE
57994,DUK
57986,EPE
57985,EPE
57974,ERCO
57945,SC
57944,PJM
57941,ISNE
57917,PJM
57913,CISO
57912,PJM
57886,DUK
57868,PJM
57850,BANC
57841,CISO
57823,MISO
57802,ERCO
57791,CISO
57784,BANC
57770,CISO
57739,SWPP
57734,PJM
57729,CISO
57706,MISO
57700,CISO
57695,CISO
57672,MISO
57661,PJM
57650,CISO
57649,MISO
57608,DUK
57605,ISNE
57592,CISO
57589,NYIS
57577,PNM
57565,FPC
57563,AZPS
57547,MISO
57505,DUK
57474,SWPP
57473,ISNE
57471,PJM
57433,PJM
57427,IPCO
57385,MISO
57362,PJM
57351,MISO
57346,SWPP
57343,IPCO
57319,AVRN
57310,LDWP
57285,PJM
57245,CISO
57229,CISO
57198,MISO
57173,PJM
57165,ERCO
57108,SWPP
57107,LDWP
57040,PACE
57008,CISO
57002,ISNE
56976,CISO
56973,PACW
56912,MISO
56871,PJM
56859,SWPP
56846,PJM
56818,SWPP
56799,JEA
56694,BPAT
56688,CPLE
56684,PJM
56645,SWPP
56622,PJM
56496,NWMT
56464,PJM
56417,PJM
56408,MISO
56383,MISO
56377,NWMT
56372,ERCO
56308,IPCO
56298,BANC
56290,NYIS
56217,MISO
56215,MISO
56188,NYIS
56142,MISO
56122,SC
56106,WACM
56100,MISO
56090,CISO
56078,TIDC
56069,MISO
56064,DUK
56059,DUK
56040,PJM
56031,MISO
56017,BPAT
56001,PJM
55999,ISNE
55985,CISO
55871,AVRN
55807,CISO
55650,PSCO
55572,MISO
55551,ERCO
55522,WALC
55488,DUK
55482,PSEI
55453,PSCO
55419,MISO
55411,SOCO
55348,PJM
55250,PJM
55238,PJM
55233,PJM
55217,CISO
55215,ERCO
55202,MISO
55193,PJM
55192,FPC
55148,MISO
55146,SWPP
55098,ERCO
55064,SWPP
55037,TVA
55009,CISO
55004,PJM
54998,PJM
54933,PJM
54927,MISO
54908,MISO
54829,PJM
54814,WALC
54813,SOCO
54769,NYIS
54768,CISO
54757,MISO
54715,MISO
54592,NYIS
54567,CISO
54562,BPAT
54555,CISO
54537,PSEI
54524,IPCO
54476,PSEI
54464,SOCO
54423,FPC
54373,ISNE
54297,CISO
54262,MISO
54238,CISO
54057,MISO
54034,NYIS
52051,PJM
50903,MISO
50888,PJM
50837,CISO
50770,MISO
50733,MISO
50729,PJM
50707,PSCO
50666,FPC
50661,ISNE
50577,MISO
50571,CISO
50512,NYIS
50495,CISO
50489,MISO
50476,MISO
50451,NYIS
50436,MISO
50421,PACW
50414,ISNE
50404,ERCO
50373,PJM
50344,NYIS
50278,ISNE
50277,NYIS
50276,CISO
50273,ISNE
50268,NYIS
50215,PJM
50210,IID
50202,NYIS
50158,MISO
50112,CISO
50110,CISO
50088,MISO
50071,FPL
10873,CISO
10863,MISO
10860,MISO
10850,CISO
10837,CISO
10817,NYIS
10781,IPCO
10777,CISO
10639,MISO
10632,IID
10544,NYIS
10526,ISNE
10472,CISO
10381,CPLE
10380,CPLE
10339,PNM
10324,PACW
10296,IPCO
10287,NEVP
10253,CISO
10252,TVA
10224,PJM
10110,CISO
10071,PJM
10066,ISNE
10063,ISNE
10049,IPCO
10045,PJM
8105,MISO
8073,PGE
8067,PSCO
8025,MISO
8023,MISO
8020,SWPP
8002,ISNE
7971,MISO
7965,SWPP
7962,PJM
7960,TVA
7954,FPL
7860,AECI
7843,MISO
7827,PJM
7825,SWPP
7806,MISO
7784,NYIS
7777,PJM
7715,FPL
7594,PJM
7593,WACM
7579,PJM
7555,SWPP
7551,BANC
7481,SWPP
7393,SWPP
7279,PJM
7129,CISO
7119,MISO
7072,CISO
6643,LDWP
6579,SWPP
6565,PJM
6512,NEVP
6479,LDWP
6450,ISNE
6398,BPAT
6204,WACM
6158,BANC
6137,MISO
6092,SWPP
6089,MISO
6049,ISNE
6016,MISO
4204,BPAT
4177,WAUW
4048,MISO
3847,PACW
3825,PJM
3764,ISNE
3753,ISNE
3740,ISNE
3734,ISNE
3731,ISNE
3659,PACE
3602,SWPP
3597,ERCO
3497,ERCO
3483,SWPP
3482,SWPP
3442,ERCO
3424,TVA
3406,TVA
3397,TVA
3375,SWPP
3291,SCEG
3266,DUK
3264,DUK
3256,DUK
3182,PJM
3178,PJM
3163,PJM
3148,PJM
3074,BPAT
3035,PACW
3032,PACW
3006,SWPP
2958,SWPP
2947,SWPP
2942,PJM
2840,PJM
2723,DUK
2722,DUK
2720,DUK
2710,CPLE
2695,NYIS
2679,NYIS
2633,NYIS
2532,NYIS
2528,NYIS
2517,NYIS
2512,NYIS
2480,NYIS
2468,PSCO
2434,PJM
2401,PJM
2380,PJM
2306,NPPD
2221,SWPP
2215,SWPP
2196,NWMT
2182,NWMT
2080,SWPP
2071,MISO
2015,MISO
1983,MISO
1934,MISO
1915,MISO
1911,MISO
1818,MISO
1786,MISO
1776,MISO
1744,MISO
1741,MISO
1642,ISNE
1607,ISNE
1556,PJM
1511,ISNE
1482,ISNE
1385,PJM
1377,TVA
1359,PJM
1306,SWPP
1305,SWPP
1289,SWPP
1279,SWPP
1278,SWPP
1270,SWPP
1265,SWPP
1242,SWPP
1233,SWPP
1230,SWPP
1130,MISO
1127,AECI
1081,MISO
1047,MISO
1016,CPLE
991,MISO
972,PJM
946,MISO
902,CISO
897,MISO
891,MISO
874,PJM
864,MISO
820,IPCO
760,SOCO
751,CISO
745,CISO
722,SOCO
715,SOCO
675,FMPP
624,FPC
484,CISO
450,BANC
436,CISO
415,CISO
412,CISO
401,LDWP
400,LDWP
332,CISO
323,CISO
279,CISO
277,CISO
270,CISO
264,CISO
253,CISO
248,CISO
246,CISO
220,CISO
149,SRP
124,TEPC
100,SRP
88,NYIS
26,SOCO
70434,CISO
70429,CISO
67844,ERCO
67223,NYIS
66665,ISNE
66304,ERCO
65895,NEVP
65856,ERCO
68311,PJM
68167,ERCO
65226,PJM
65180,CISO
64668,CISO
64082,PJM
63865,NYIS
63740,CISO
62888,NEVP
62522,ERCO
61045,BPAT
60373,PJM
60362,ERCO
60309,CISO
59846,SWPP
57923,CISO
57543,CISO
57532,CISO
56663,MISO
10826,ISNE
8057,MISO
68931,CISO
68291,PACE
67789,ERCO
66547,PJM
64850,DUK
64649,WACM
63513,SOCO
58917,PJM
67608,CISO
64921,CISO
60205,NYIS
57546,PACE
65021,NWMT
64756,CISO
64501,ISNE
62864,PACW
62684,ERCO
61240,DUK
60786,PJM
62872,CISO
61797,PJM
60630,DUK
63135,ISNE
61845,CISO
61301,PJM
60294,DUK
60140,DUK
59992,ISNE
59616,ERCO
58821,PJM
63600,MISO
60896,IPCO
62665,MISO
60946,CISO
59813,NYIS
59209,CPLE
57957,CISO
56401,ERCO
55966,CEA
96,CEA
58895,ERCO
57273,CISO
55120,MISO
70415,PJM
70388,CISO
70384,NYIS
70377,ERCO
70370,CISO
70355,PJM
70350,MISO
70327,NYIS
70319,NYIS
70317,NYIS
70283,PJM
70261,SWPP
70232,PJM
70139,NYIS
70138,TVA
70131,MISO
70124,WACM
70115,WACM
70114,PJM
70057,ISNE
70004,PJM
69962,MISO
69904,ERCO
69866,ERCO
69840,MISO
69770,ERCO
69732,MISO
69731,PJM
69724,MISO
69719,PJM
69710,CISO
69667,ISNE
69641,ERCO
69632,MISO
69595,AZPS
69578,MISO
69572,MISO
69565,CPLE
69547,PJM
69500,PJM
69486,MISO
69477,PJM
69474,PJM
69473,NYIS
69467,MISO
69418,ERCO
69395,NYIS
69385,MISO
69382,PJM
69373,NYIS
69336,ERCO
69313,MISO
69254,TEPC
69243,MISO
69165,TEC
69157,PJM
69150,ERCO
69143,MISO
69122,PSCO
69097,PJM
69089,NYIS
69065,NYIS
69036,SWPP
69035,WACM
69030,CISO
69028,PJM
69010,ERCO
69008,PJM
68974,MISO
68957,WACM
68949,NYIS
68935,MISO
68933,MISO
68929,MISO
68918,MISO
68915,ERCO
68901,ERCO
68882,MISO
68875,ISNE
68865,NYIS
68821,FPL
68820,FPL
68813,NEVP
68794,CISO
68783,NYIS
68781,ISNE
68764,NYIS
68736,ERCO
68715,MISO
68629,NYIS
68616,PNM
68593,ERCO
68587,ERCO
68568,TVA
68566,TVA
68555,SCEG
68548,CISO
68498,SWPP
68493,ISNE
68488,WACM
68485,CISO
68483,ERCO
68466,AZPS
68461,CISO
68444,PACW
68436,CISO
68435,ISNE
68432,ISNE
68428,ERCO
68426,MISO
68423,ERCO
68422,ERCO
68412,MISO
68397,AZPS
68376,SWPP
68350,ERCO
68325,MISO
68320,PACW
68284,HECO
68274,NYIS
68266,CISO
68255,TVA
68237,CISO
68215,ISNE
68202,ERCO
68173,ERCO
68165,ERCO
68162,NYIS
68159,NYIS
68158,NYIS
68145,ERCO
68117,ISNE
68115,NYIS
68107,TVA
68105,SOCO
68099,TVA
68046,MISO
68042,ISNE
68041,PSCO
68032,WALC
67945,CISO
67931,CISO
67930,MISO
67923,ISNE
67915,MISO
67879,PJM
67856,MISO
67855,AZPS
67786,MISO
67778,ERCO
67774,ERCO
67752,ERCO
67744,ISNE
67741,PACW
67708,PJM
67698,PGE
67692,FPC
67653,BPAT
67649,ERCO
67620,NYIS
67604,NYIS
67586,NYIS
67547,MISO
67505,ISNE
67472,ISNE
67448,ISNE
67447,ISNE
67434,ERCO
67429,ISNE
67412,NYIS
67379,MISO
67374,PJM
67346,NYIS
67328,AZPS
67295,NYIS
67248,NYIS
67242,ISNE
67216,PJM
67199,MISO
67188,SPA
67170,CISO
67167,MISO
67146,ISNE
67133,TVA
67131,TVA
67082,TVA
67080,TVA
67069,CISO
67040,CPLE
67037,PJM
67030,CISO
67026,WACM
67012,ISNE
67002,SWPP
66999,PJM
66969,MISO
66962,ISNE
66956,ISNE
66948,CISO
66935,ERCO
66905,ERCO
66886,NYIS
66855,ISNE
66844,PJM
66836,NYIS
66820,PJM
66814,PNM
66772,CISO
66745,MISO
66732,NYIS
66720,DUK
66716,SRP
66685,CISO
66625,MISO
66623,MISO
66618,NEVP
66617,CISO
66612,ERCO
66610,MISO
66582,ISNE
66571,ERCO
66511,CISO
66489,NYIS
66477,MISO
66443,PJM
66434,PJM
66419,MISO
66409,CISO
66395,LDWP
66384,BPAT
66380,NYIS
66368,PGE
66333,SRP
66310,ERCO
66282,MISO
66276,PJM
66270,CISO
66266,CISO
66240,MISO
66232,NYIS
66231,NYIS
66229,NYIS
66228,NYIS
66225,NYIS
66218,NYIS
66198,PJM
66184,NWMT
66169,WACM
66167,CISO
66151,ISNE
66146,CISO
66133,PJM
66125,SRP
66094,NYIS
66036,ISNE
66033,MISO
65989,MISO
65985,PJM
65980,CISO
65934,NYIS
65874,FPL
65838,ERCO
65827,NYIS
65799,PJM
65762,ERCO
65757,NYIS
65731,MISO
65726,MISO
65717,ISNE
65708,ISNE
65705,PJM
65661,ERCO
65657,CISO
65639,TVA
65638,TVA
65633,MISO
65623,PJM
65619,ISNE
65616,CISO
65611,PJM
65569,CISO
65554,CPLE
65551,CPLE
65532,ISNE
65526,CISO
65516,MISO
65496,NYIS
65483,MISO
65434,NYIS
65383,CISO
65382,CISO
65379,NYIS
65370,ISNE
65367,SWPP
65323,PJM
65309,NYIS
65282,MISO
65281,PJM
65259,ERCO
65221,PJM
65162,ERCO
65151,PJM
65139,ISNE
65131,CISO
65107,CPLE
65051,NYIS
65049,MISO
65047,ISNE
65007,MISO
65006,MISO
65001,MISO
64985,MISO
64980,ISNE
64951,ERCO
64939,ERCO
64931,NYIS
64928,CISO
64879,CISO
64874,PJM
64866,MISO
64851,CISO
64848,PJM
64828,ERCO
64825,ERCO
64821,ERCO
64797,ERCO
64759,ISNE
64719,ISNE
64717,ISNE
64708,PJM
64702,DUK
64687,CISO
64678,PJM
64676,CISO
64665,SWPP
64662,MISO
64631,TEC
64619,ISNE
64586,SOCO
64560,NYIS
64552,MISO
64535,PJM
64524,SWPP
64496,MISO
64484,MISO
64466,MISO
64441,IID
64413,MISO
64407,SWPP
64383,ERCO
64379,PJM
64353,WACM
64340,SWPP
64327,PJM
64314,ERCO
64307,MISO
64255,TVA
64245,PJM
64241,PJM
64229,MISO
64225,SWPP
64221,CISO
64218,ISNE
64215,CISO
64197,CISO
64152,WACM
64149,ERCO
64139,SWPP
64130,MISO
64120,ISNE
64102,NYIS
64100,MISO
64058,MISO
64028,CISO
64004,NYIS
63990,PJM
63984,PACE
63979,CPLE
63928,CISO
63919,MISO
63893,ISNE
63845,MISO
63817,MISO
63759,DUK
63752,NYIS
63744,MISO
63719,TVA
63706,PJM
63679,MISO
63668,ISNE
63645,PJM
63617,CISO
63579,PNM
63548,SCEG
63546,NYIS
63541,ISNE
63530,PJM
63525,PJM
63520,PJM
63503,PJM
63500,SWPP
63489,SWPP
63427,MISO
63423,PACE
63421,CISO
63418,CISO
63391,PNM
63389,MISO
63373,NYIS
63347,PJM
63338,ISNE
63297,NYIS
63255,ERCO
63180,ERCO
63167,MISO
63149,PJM
63139,MISO
63124,PNM
63116,MISO
63105,MISO
63097,MISO
63051,NYIS
63041,ISNE
62999,NYIS
62964,AZPS
62942,PJM
62939,NWMT
62935,PACW
62933,ERCO
62932,ERCO
62918,PJM
62914,FPL
62904,PJM
62898,ISNE
62840,PSCO
62833,SWPP
62824,ISNE
62790,MISO
62788,NYIS
62780,PJM
62774,ERCO
62757,ISNE
62746,PJM
62730,PJM
62719,PSCO
62682,SWPP
62678,CPLE
62675,PJM
62602,CPLW
62601,CPLE
62584,SOCO
62562,ERCO
62556,NYIS
62526,NYIS
62481,SWPP
62471,NYIS
62461,MISO
62448,ERCO
62389,NYIS
62383,ISNE
62376,WACM
62373,WACM
62372,ISNE
62369,ISNE
62364,MISO
62363,ISNE
62360,MISO
62327,PJM
62299,SCEG
62289,MISO
62250,NYIS
62241,PACW
62208,PJM
62204,CPLE
62203,ISNE
62200,PJM
62165,SOCO
62150,CISO
62149,PNM
62112,ISNE
62111,ISNE
62097,ISNE
62040,MISO
62032,MISO
62020,CISO
62018,CPLE
62014,PJM
61987,HECO
61969,ERCO
61962,ERCO
61915,PJM
61861,SRP
61820,ISNE
61801,CISO
61788,MISO
61776,ERCO
61768,FPL
61746,SWPP
61711,MISO
61702,ISNE
61681,SWPP
61670,MISO
61650,MISO
61619,CISO
61611,NEVP
61570,MISO
61561,CPLE
61537,ISNE
61529,SCEG
61474,CISO
61449,CISO
61433,SCEG
61403,CPLE
61377,BANC
61360,PJM
61356,PJM
61347,CPLE
61315,ISNE
61299,ISNE
61298,ISNE
61269,SWPP
61266,MISO
61242,ERCO
61211,TVA
61181,MISO
61141,MISO
61070,MISO
61060,MISO
61009,ISNE
60999,SWPP
60980,CPLE
60959,ISNE
60958,MISO
60954,ISNE
60939,MISO
60922,CPLE
60915,PJM
60889,MISO
60883,MISO
60852,ISNE
60844,CISO
60818,NYIS
60727,PJM
60726,PSCO
60723,PSCO
60713,MISO
60709,PJM
60663,PJM
60642,ERCO
60621,ISNE
60619,PSCO
60616,PACW
60607,ISNE
60569,CISO
60561,SOCO
60558,CISO
60530,MISO
60522,MISO
60514,SOCO
60504,MISO
60497,WACM
60489,PJM
60485,CISO
60455,NYIS
60444,PSEI
60428,CISO
60394,DUK
60384,PJM
60375,PJM
60276,ISNE
60263,PGE
60255,CISO
60251,MISO
60230,AZPS
60220,CISO
60210,ERCO
60198,PNM
60182,CISO
60180,DUK
60153,CISO
60125,HECO
60101,DUK
60094,CISO
60083,CISO
60063,SOCO
60046,MISO
59965,PACE
59959,PJM
59946,PACE
59894,SOCO
59855,PJM
59848,WACM
59836,MISO
59772,SWPP
59751,PJM
59683,PJM
59634,SRP
59599,CISO
59559,MISO
59536,CISO
59509,CPLE
59494,IPCO
59476,ISNE
59426,PJM
59393,PNM
59358,ISNE
59338,SRP
59282,PJM
59249,CISO
59225,MISO
59206,ERCO
59192,CPLE
59190,CPLE
59163,CPLE
59156,CPLE
59138,CISO
59130,CISO
59123,CPLE
59106,CPLE
59091,PJM
59066,ERCO
59061,PJM
59051,DUK
59021,MISO
59011,ISNE
59005,ERCO
58998,SWPP
58954,BANC
58940,SWPP
58904,PJM
58863,DUK
58854,CPLE
58845,CPLE
58825,PJM
58814,CISO
58808,CPLE
58807,CPLE
58792,DUK
58753,CISO
58752,CISO
58748,CISO
58715,PJM
58704,MISO
58687,BPAT
58686,ISNE
58628,SOCO
58620,ISNE
58593,BANC
58582,CISO
58574,PSCO
58565,PJM
58548,WACM
58452,CISO
58443,PJM
58435,CISO
58424,ERCO
58399,NYIS
58365,ISNE
58318,CPLE
58306,CISO
58302,CISO
58250,PJM
58243,PJM
58239,PJM
58217,CISO
58198,CISO
58146,NBSO
58139,PACE
58128,CISO
58127,PSCO
58106,PACE
58104,CISO
58099,AVRN
58096,PJM
58076,CISO
58034,CISO
58026,ISNE
58015,PJM
58014,PJM
58006,PACE
58002,CISO
57995,WWA
57989,ISNE
57969,BPAT
57964,PJM
57951,PJM
57949,MISO
57939,AZPS
57930,TEPC
57909,SOCO
57887,SWPP
57879,PJM
57873,MISO
57835,CISO
57822,PJM
57817,BANC
57815,PJM
57804,ISNE
57800,MISO
57799,PJM
57763,BPAT
57762,SWPP
57758,PJM
57749,IPCO
57716,PJM
57715,CISO
57696,CISO
57687,DUK
57684,NEVP
57668,PJM
57631,MISO
57588,PJM
57559,CISO
57556,TEPC
57550,BPAT
57540,CISO
57508,ERCO
57486,PJM
57485,PJM
57460,CISO
57451,NEVP
57441,CISO
57439,CISO
57438,GVL
57437,PACW
57415,ERCO
57401,PJM
57354,ISNE
57338,EPE
57318,SRP
57274,MISO
57267,CISO
57231,CISO
57219,CISO
57208,MISO
57195,BPAT
57159,BPAT
57156,ERCO
57121,MISO
57100,CISO
57099,TPWR
57076,SOCO
57073,CISO
57047,MISO
57041,CISO
57031,MISO
57028,IPCO
56974,PACW
56939,CISO
56867,SOCO
56836,SWPP
56833,SWPP
56832,IID
56780,PJM
56699,PJM
56580,MISO
56575,NYIS
56565,SWPP
56540,NEVP
56536,AECI
56533,LDWP
56528,ERCO
56524,ERCO
56521,MISO
56519,PJM
56506,ERCO
56504,MISO
56480,MISO
56460,PSCO
56429,PJM
56413,MISO
56412,MISO
56356,CISO
56347,MISO
56343,DUK
56327,PJM
56324,NYIS
56313,PJM
56293,SWPP
56250,NYIS
56218,MISO
56196,NYIS
56160,PJM
56016,AVA
55998,MISO
55977,WACM
55969,NYIS
55964,PJM
55951,CISO
55950,CISO
55875,CISO
55874,CISO
55867,MISO
55856,MISO
55824,MISO
55803,PJM
55802,PNM
55761,PJM
55741,PSCO
55701,PJM
55684,MISO
55603,CISO
55569,MISO
55518,CISO
55503,PJM
55481,SRP
55467,MISO
55439,PJM
55422,FPL
55418,MISO
55347,PJM
55334,MISO
55319,SOCO
55306,SRP
55299,ERCO
55283,WACM
55197,TVA
55129,SRP
55124,GRIF
55099,MISO
55089,MISO
55061,SOCO
55029,MISO
55010,MISO
54956,MISO
54915,MISO
54895,YAD
54779,SWPP
54749,CISO
54743,SOCO
54716,MISO
54707,PJM
54679,PSCO
54627,FPL
54573,NYIS
54512,MISO
54469,CISO
54466,FPC
54343,CISO
54308,CISO
54276,DUK
54271,NEVP
54214,MISO
54202,ISNE
54111,IID
54098,MISO
54050,BPAT
52176,ERCO
52147,CISO
52130,MISO
52095,CISO
52077,CISO
52049,DUK
52005,MISO
51030,ISNE
50835,MISO
50819,CISO
50818,CISO
50811,PJM
50804,SOCO
50799,PJM
50771,PJM
50759,NYIS
50704,ISNE
50690,CISO
50637,AVA
50555,PJM
50533,CISO
50492,CISO
50485,CISO
50482,FPC
50463,PJM
50396,PACW
50315,NYIS
50312,ISNE
50296,TVA
50280,NYIS
50267,PSCO
50229,ERCO
50224,CISO
50177,ISNE
50137,ERCO
50130,PJM
50093,NYIS
50054,ERCO
10883,ISNE
10853,NYIS
10811,CISO
10805,PJM
10795,CPLE
10787,DUK
10769,CISO
10746,PJM
10733,CISO
10694,ISNE
10652,CISO
10629,PJM
10617,NYIS
10586,CISO
10490,NYIS
10488,MISO
10435,PJM
10430,MISO
10427,CISO
10417,ISNE
10408,ISNE
10395,CISO
10390,CISO
10384,PJM
10307,ISNE
10255,ISNE
10233,SOCO
10220,NYIS
10109,ISNE
10033,MISO
10026,CISO
9096,AVA
8076,CISO
8054,MISO
8019,MISO
7994,GCPD
7974,SWPP
7953,IPCO
7929,SWPP
7914,NYIS
7842,MISO
7795,MISO
7768,SOCO
7580,PJM
7556,MISO
7449,CISO
7431,BPAT
7368,CISO
7335,PJM
7231,CISO
7213,PJM
7158,PJM
7151,CISO
7118,MISO
6706,MISO
6561,PJM
6558,MISO
6509,NEVP
6505,PGE
6482,PACW
6469,SWPP
6459,PACE
6409,WAUW
6280,SWPP
6253,MISO
6249,SC
6212,CISO
6145,ERCO
6141,SPA
6132,SEPA
6112,PSCO
6043,FPL
6023,PJM
6006,PJM
4266,ERCO
4214,PGE
4185,WAUW
4180,WAUW
4148,MISO
4075,MISO
4063,MISO
4009,MISO
3992,MISO
3918,TPWR
3827,PJM
3724,ISNE
3720,ISNE
3686,PACE
3628,ERCO
3595,ERCO
3454,ERCO
3411,TVA
3405,TVA
3320,SC
3285,SCEG
3275,DUK
3261,DUK
3258,DUK
3254,DUK
3176,PJM
3155,PJM
3149,PJM
3143,PJM
3139,PJM
3077,BPAT
3041,PACW
3036,PACW
3031,PACW
3026,PACW
2985,SPA
2828,PJM
2783,PJM
2758,PJM
2756,PJM
2711,CPLE
2678,NYIS
2644,NYIS
2612,NYIS
2606,NYIS
2518,NYIS
2447,PNM
2444,EPE
2410,PJM
2400,PJM
2360,ISNE
2357,ISNE
2322,NEVP
2249,SWPP
2235,SWPP
2230,SWPP
2222,SWPP
2186,NWMT
2185,NWMT
2176,MISO
2165,AECI
2098,SWPP
2046,SOCO
2024,MISO
2011,MISO
2001,MISO
1990,SWPP
1900,MISO
1894,MISO
1875,MISO
1778,MISO
1773,MISO
1772,MISO
1730,MISO
1712,MISO
1606,ISNE
1560,PJM
1555,PJM
1472,ISNE
1382,MISO
1364,LGEE
1319,SWPP
1315,SWPP
1299,SWPP
1291,SWPP
1274,SWPP
1243,SWPP
1191,MISO
1190,MISO
1167,MISO
1162,MISO
1158,MISO
1077,MISO
1052,MISO
1004,MISO
963,MISO
949,MISO
943,MISO
843,PACE
821,IPCO
788,ISNE
754,SEPA
728,SOCO
708,SOCO
673,FMPP
667,JEA
626,CISO
563,ISNE
550,AVA
533,SOCO
520,WACM
517,WACM
494,WACM
432,BANC
418,CISO
385,IID
377,LDWP
354,CISO
353,CISO
335,CISO
303,CISO
301,CISO
292,CISO
261,CISO
228,CISO
227,CISO
222,CISO
215,CISO
2,SOCO
70452,PACW
70438,PJM
70426,PJM
70417,PJM
67897,SWPP
67658,ERCO
66854,PJM
66705,MISO
66305,ERCO
66296,ERCO
65884,DUK
69162,PJM
68382,SWPP
67953,PJM
65138,ISNE
65136,ISNE
64855,SWPP
64344,SWPP
62428,PJM
60972,CISO
59998,DUK
57398,PACW
57312,LDWP
68987,CISO
68985,CISO
67775,ERCO
66514,ISNE
65939,MISO
65144,PJM
64834,ISNE
62317,CPLE
67892,MISO
65020,NWMT
65004,MISO
62863,PACW
62232,SCEG
62298,CPLE
62222,CPLE
61760,PJM
62361,MISO
60374,PNM
60170,DUK
58816,PJM
56653,PJM
56625,MISO
61823,MISO
60898,IPCO
60897,IPCO
62348,DUK
61130,DUK
56584,MISO
61081,CISO
59920,CPLE
59609,CISO
56107,MISO
60671,TVA
57036,CEA
6291,CEA
59681,DUK
59399,CISO
59397,CISO
8003,MISO
57641,CISO
56817,CPLE
70378,MISO
70326,NYIS
70321,NYIS
70308,NYIS
70295,PJM
70290,PJM
70273,PJM
70269,PJM
70249,PJM
70245,PJM
70242,NYIS
70239,PJM
70217,PJM
70208,PJM
70193,AZPS
70177,MISO
70162,ISNE
70133,MISO
70129,WACM
70095,CISO
70092,MISO
70087,CISO
70043,PJM
70040,CISO
70006,PJM
69985,NYIS
69968,SWPP
69931,MISO
69928,SWPP
69924,PJM
69884,PNM
69883,PNM
69855,NYIS
69852,MISO
69849,MISO
69839,PJM
69813,MISO
69796,PJM
69774,PSCO
69730,CISO
69713,CISO
69697,PJM
69681,ERCO
69676,MISO
69655,MISO
69649,MISO
69638,MISO
69624,NYIS
69620,PSCO
69602,ISNE
69590,MISO
69568,ISNE
69551,ISNE
69544,ISNE
69541,CISO
69535,ISNE
69524,PNM
69506,ERCO
69487,MISO
69475,MISO
69435,SWPP
69433,MISO
69428,MISO
69421,MISO
69419,MISO
69405,NYIS
69347,ERCO
69342,ERCO
69325,MISO
69320,ERCO
69304,MISO
69284,NYIS
69281,NYIS
69273,ISNE
69235,PJM
69216,NYIS
69215,MISO
69203,PJM
69146,PJM
69145,SWPP
69129,ISNE
69128,PJM
69104,PNM
69096,NYIS
69079,MISO
69062,PNM
69048,MISO
68956,MISO
68922,CISO
68886,PJM
68879,ERCO
68853,ERCO
68844,CISO
68831,FPL
68782,ISNE
68759,ERCO
68742,ISNE
68741,WACM
68713,SWPP
68704,NYIS
68700,SWPP
68671,ERCO
68657,ISNE
68632,NBSO
68630,CISO
68614,CISO
68603,DUK
68584,NYIS
68580,ERCO
68575,CISO
68541,CISO
68500,ERCO
68454,ISNE
68441,ISNE
68417,SWPP
68416,ISNE
68356,ERCO
68322,CISO
68316,PGE
68288,MISO
68278,LGEE
68252,GCPD
68246,ERCO
68236,CISO
68204,ERCO
68193,MISO
68185,ISNE
68161,PJM
68123,PJM
68108,TVA
68064,CISO
68052,FPC
68051,MISO
68034,ERCO
68001,SOCO
67996,ERCO
67968,ERCO
67965,MISO
67956,ERCO
67940,NBSO
67928,ISNE
67905,TEPC
67886,NYIS
67872,MISO
67865,ISNE
67825,NEVP
67770,CISO
67769,PACE
67733,MISO
67721,ERCO
67701,LGEE
67686,PJM
67678,MISO
67673,FPL
67667,ERCO
67664,ERCO
67634,NYIS
67627,PJM
67624,PJM
67615,NYIS
67577,ISNE
67567,ERCO
67562,ERCO
67516,BANC
67506,ISNE
67502,SWPP
67475,ISNE
67459,PJM
67442,NYIS
67439,PJM
67433,ERCO
67392,PJM
67385,MISO
67371,ISNE
67332,MISO
67323,PSCO
67312,ERCO
67282,NYIS
67275,NYIS
67266,ISNE
67264,PJM
67215,PJM
67204,PNM
67187,ISNE
67174,EPE
67150,ISNE
67108,PJM
67052,DUK
67045,NYIS
67038,MISO
67036,PJM
67016,ISNE
67007,PJM
67001,CISO
66997,PJM
66964,PJM
66927,ERCO
66898,PJM
66873,ISNE
66872,ERCO
66850,PJM
66830,PJM
66768,ISNE
66764,NYIS
66759,MISO
66730,PJM
66725,CPLE
66717,CPLE
66699,CISO
66698,PJM
66691,ERCO
66666,CISO
66652,PJM
66631,MISO
66628,MISO
66626,SOCO
66605,CPLE
66600,SCEG
66578,MISO
66563,ERCO
66560,BPAT
66553,FPC
66538,PJM
66527,NYIS
66506,CISO
66501,NYIS
66499,PJM
66466,PACW
66464,PJM
66428,PJM
66408,EPE
66375,CPLE
66363,DUK
66353,SOCO
66334,SRP
66325,IPCO
66321,ERCO
66267,WAUW
66263,SRP
66246,ISNE
66238,PJM
66205,SOCO
66156,SWPP
66143,CISO
66079,MISO
66047,PJM
66045,ISNE
66030,MISO
65956,SRP
65922,FPL
65919,FPL
65917,FPL
65912,FPL
65909,FPL
65902,PJM
65865,FPL
65861,ERCO
65857,CISO
65847,ERCO
65815,NYIS
65801,ISNE
65777,ISNE
65775,ISNE
65754,NYIS
65746,PGE
65699,ERCO
65691,PJM
65664,CISO
65655,CISO
65646,ISNE
65644,ERCO
65630,TVA
65593,FPL
65570,CISO
65505,CPLE
65486,PJM
65481,SOCO
65467,PJM
65451,MISO
65413,MISO
65401,MISO
65348,PJM
65339,PJM
65322,PJM
65302,PJM
65299,NYIS
65293,MISO
65280,PJM
65252,CISO
65251,CISO
65248,CPLE
65243,CPLE
65242,ISNE
65240,CPLE
65225,PJM
65223,MISO
65214,PJM
65199,CISO
65194,PJM
65175,ISNE
65168,CISO
65141,NEVP
65132,CISO
65123,NYIS
65067,NYIS
65060,ISNE
65058,HECO
65015,ISNE
64998,MISO
64995,MISO
64991,MISO
64990,MISO
64976,MISO
64965,NYIS
64948,ERCO
64926,ERCO
64920,PJM
64890,ERCO
64888,ERCO
64886,ERCO
64853,PJM
64832,PJM
64829,ERCO
64816,ERCO
64809,ERCO
64802,ERCO
64775,ERCO
64752,FPC
64743,CISO
64741,MISO
64727,ISNE
64686,NYIS
64650,WACM
64639,ERCO
64629,MISO
64627,ISNE
64623,MISO
64616,ISNE
64610,PJM
64602,PJM
64590,MISO
64588,ISNE
64585,SOCO
64522,CPLE
64517,BANC
64511,CPLE
64505,BPAT
64468,PJM
64456,MISO
64445,NYIS
64422,PJM
64377,SWPP
64375,MISO
64358,WACM
64341,SWPP
64331,PJM
64325,ERCO
64291,NYIS
64278,SOCO
64263,SWPP
64261,MISO
64259,ERCO
64257,MISO
64246,MISO
64244,PJM
64213,ISNE
64201,MISO
64167,DUK
64122,MISO
64118,DUK
64084,NYIS
64079,ERCO
64052,BPAT
63985,ERCO
63975,CPLE
63974,DUK
63963,PGE
63956,PGE
63920,PJM
63918,MISO
63906,NEVP
63891,CISO
63884,ERCO
63786,PJM
63748,NYIS
63742,MISO
63724,MISO
63721,SOCO
63705,CISO
63691,PJM
63678,MISO
63664,PGE
63636,BPAT
63621,PJM
63574,SWPP
63569,ISNE
63558,ISNE
63518,FPC
63499,SWPP
63453,MISO
63452,PJM
63446,DUK
63444,DUK
63440,CISO
63409,NYIS
63404,PJM
63400,MISO
63390,PJM
63388,ERCO
63375,ISNE
63331,PGE
63325,CISO
63322,MISO
63315,MISO
63240,ISNE
63169,MISO
63165,MISO
63152,MISO
63128,MISO
63106,NYIS
63088,CISO
63085,PJM
63040,MISO
63024,PJM
62981,NYIS
62978,ISNE
62967,MISO
62906,PJM
62862,MISO
62857,ISNE
62828,SCEG
62826,ISNE
62813,PJM
62778,JEA
62771,ISNE
62752,PJM
62725,NYIS
62708,MISO
62701,CISO
62698,CISO
62666,PACE
62663,WACM
62642,SWPP
62603,CPLW
62596,CPLE
62595,CPLE
62590,SWPP
62588,ISNE
62587,ERCO
62564,CISO
62529,HECO
62527,NYIS
62516,PACE
62498,NYIS
62480,NYIS
62423,NYIS
62417,ERCO
62377,SOCO
62342,CPLE
62322,NYIS
62306,PJM
62269,MISO
62224,PSCO
62219,ISNE
62205,CPLE
62172,MISO
62162,MISO
62154,NYIS
62127,CPLE
62120,CPLE
62109,ISNE
62106,ISNE
62103,MISO
62093,ISNE
62073,ISNE
62062,MISO
62013,PJM
62003,NYIS
61920,ERCO
61914,PJM
61906,ERCO
61869,SPA
61860,IPCO
61855,IPCO
61853,PACE
61782,ERCO
61779,SEC
61756,MISO
61734,NYIS
61729,PJM
61704,MISO
61687,MISO
61675,CPLE
61672,MISO
61666,TEC
61664,TEC
61662,PNM
61653,TEC
61610,DUK
61592,NYIS
61587,MISO
61576,NYIS
61571,MISO
61566,SWPP
61542,MISO
61500,MISO
61446,CISO
61417,ERCO
61412,TVA
61406,PJM
61371,ISNE
61351,CPLE
61332,TVA
61319,LDWP
61292,CPLE
61277,CPLE
61261,SWPP
61258,CPLE
61241,ERCO
61199,SRP
61193,NEVP
61185,PJM
61179,MISO
61097,ISNE
61096,CPLE
61076,PJM
61069,ISNE
61047,WACM
61040,WACM
61039,ISNE
61027,CISO
61019,CPLE
61005,PJM
60993,CPLE
60992,PJM
60975,CISO
60965,CPLE
60947,CISO
60936,MISO
60928,MISO
60914,LDWP
60878,ISNE
60861,BANC
60853,TVA
60832,MISO
60817,NYIS
60805,PJM
60803,PJM
60776,PJM
60746,PJM
60735,PJM
60722,PSCO
60714,MISO
60665,PJM
60632,MISO
60617,PJM
60597,DUK
60582,TAL
60545,SWPP
60537,ISNE
60529,MISO
60517,PSEI
60501,PJM
60495,ISNE
60484,PJM
60468,ERCO
60434,DUK
60417,PJM
60415,PJM
60399,DUK
60393,DUK
60365,NYIS
60361,DUK
60354,SWPP
60349,PACE
60335,IPCO
60316,PJM
60271,ERCO
60247,WACM
60150,NYIS
60145,GRIS
60143,PSCO
60096,PJM
60077,CISO
60064,SOCO
60038,PJM
60034,CISO
60032,CISO
60006,FPL
59997,DUK
59977,CISO
59971,ERCO
59900,CISO
59897,SOCO
59881,NYIS
59833,CPLE
59823,MISO
59818,DUK
59795,PJM
59789,NYIS
59781,ISNE
59745,ISNE
59744,TEC
59742,PSCO
59736,SWPP
59728,DUK
59709,MISO
59690,SOCO
59687,CISO
59678,CPLE
59665,DUK
59658,CISO
59652,LDWP
59639,ISNE
59627,PJM
59593,CPLE
59541,CISO
59524,CISO
59519,DUK
59512,CPLE
59503,DUK
59496,PACE
59463,ISNE
59450,SOCO
59406,DUK
59396,ISNE
59395,CISO
59388,PACE
59375,CPLE
59368,ISNE
59366,PJM
59322,CISO
59313,ISNE
59309,LDWP
59306,ISNE
59301,ISNE
59267,CISO
59197,MISO
59168,TEPC
59164,CPLE
59132,CISO
59116,PJM
59072,PJM
59052,DUK
59047,PNM
59032,ISNE
58979,NYIS
58978,CISO
58943,PJM
58936,ISNE
58919,CISO
58891,MISO
58885,MISO
58864,CPLE
58862,CPLE
58847,PJM
58806,CPLE
58798,PJM
58787,NYIS
58777,NYIS
58775,ERCO
58768,NYIS
58751,CISO
58749,ISNE
58746,DUK
58731,DUK
58720,ERCO
58708,AZPS
58667,DUK
58658,MISO
58621,IID
58612,CISO
58608,ISNE
58589,PNM
58577,MISO
58557,SRP
58555,MISO
58544,NEVP
58539,AZPS
58534,ISNE
58475,PJM
58470,PACW
58467,CISO
58465,SWPP
58463,PJM
58432,CISO
58413,SRP
58400,DUK
58390,DUK
58339,CPLE
58335,DUK
58330,MISO
58322,SWPP
58321,ERCO
58305,CPLE
58301,CISO
58275,ISNE
58213,AZPS
58203,SWPP
58187,PJM
58170,CISO
58161,MISO
58114,CISO
58110,PJM
58108,MISO
58093,PJM
58068,ERCO
58055,MISO
58032,ISNE
58029,PJM
58028,CISO
57992,ISNE
57948,PJM
57882,PGE
57876,CISO
57875,MISO
57871,LDWP
57861,IPCO
57820,BANC
57813,MISO
57806,BANC
57781,BANC
57771,CISO
57769,PJM
57757,CISO
57747,PJM
57738,SWPP
57736,SWPP
57730,LDWP
57728,PJM
57725,CISO
57723,PJM
57676,ISNE
57659,ERCO
57647,PJM
57638,PJM
57621,CISO
57519,PJM
57475,IID
57444,IPCO
57412,PJM
57393,IPCO
57386,MISO
57379,AZPS
57352,PJM
57301,CISO
57287,NYIS
57260,ERCO
57250,PJM
57249,PJM
57244,WACM
57224,CISO
57161,SPA
57120,MISO
57116,MISO
57097,MISO
57074,CISO
57050,GWA
57037,SOCO
57017,MISO
56983,ERCO
56978,MISO
56967,PACW
56958,NYIS
56957,PJM
56920,ERCO
56889,PJM
56884,PJM
56852,MISO
56826,MISO
56825,MISO
56812,AZPS
56803,CISO
56776,ERCO
56771,ERCO
56755,MISO
56708,ERCO
56654,CISO
56644,ERCO
56640,PJM
56636,IPCO
56572,PJM
56571,PJM
56534,CISO
56531,PJM
56529,MISO
56510,PJM
56489,SWPP
56487,BPAT
56484,ERCO
56471,CISO
56432,SWPP
56418,PJM
56376,MISO
56338,PJM
56314,PJM
56304,SWPP
56289,PJM
56284,CISO
56263,DUK
56253,PACE
56249,CPLE
56216,MISO
56199,MISO
56182,MISO
56177,PACE
56152,ERCO
56151,SWPP
56149,MISO
56148,SWPP
56130,SC
56104,MISO
56070,MISO
56067,DUK
55991,NEVP
55989,BPAT
55981,MISO
55976,PJM
55934,CISO
55885,PJM
55880,CISO
55866,NWMT
55767,PJM
55747,ERCO
55667,PJM
55599,DUK
55579,SWPP
55396,CISO
55302,PACE
55263,PJM
55243,NYIS
55229,MISO
55222,PJM
55220,MISO
55166,DUK
55152,SOCO
55125,BPAT
55067,PJM
55063,TVA
55056,PJM
55034,ISNE
54925,MISO
54863,NYIS
54851,MISO
54832,PJM
54817,ERCO
54816,SOCO
54746,PJM
54744,MISO
54735,MISO
54724,IID
54712,MISO
54690,IPCO
54688,ISNE
54678,MISO
54630,PSCO
54539,MISO
54525,PJM
54472,PACE
54355,ISNE
54290,SOCO
54240,MISO
54211,SWPP
54100,MISO
54047,PJM
54038,IID
52186,CISO
52168,NYIS
52160,CISO
52152,PJM
52142,CISO
52087,PJM
52063,CISO
52061,ISNE
52056,NYIS
50997,PNM
50951,PACE
50942,PACE
50882,NYIS
50878,ISNE
50851,CISO
50810,MISO
50782,PJM
50732,PJM
50497,PJM
50465,SOCO
50427,NYIS
50400,CISO
50388,CISO
50385,PJM
50384,ISNE
50324,ISNE
50261,NEVP
50254,PJM
50244,CPLE
50242,SOCO
50230,ISNE
50218,TIDC
50184,TVA
50178,PJM
50150,ERCO
50126,ISNE
50121,ERCO
50080,ISNE
50068,CISO
50061,CISO
50051,ISNE
10881,CISO
10879,IID
10870,PJM
10867,MISO
10755,PSCO
10751,PJM
10728,ISNE
10707,CISO
10686,MISO
10682,PSCO
10678,PJM
10655,MISO
10597,CISO
10555,ISNE
10530,NYIS
10504,IPCO
10496,CISO
10405,CISO
10276,ISNE
10218,NYIS
10214,NYIS
10118,PJM
10061,PJM
10030,PJM
10014,IPCO
8108,MISO
8100,WACM
8049,FPC
7998,SRP
7975,PNM
7958,SC
7936,BPAT
7918,PJM
7846,JEA
7737,SCEG
7730,WACM
7699,FPC
7698,SOCO
7657,PJM
7604,AECI
7512,ERCO
7438,PJM
7307,BANC
7237,MISO
7212,PJM
7147,CISO
7125,DUK
7030,ERCO
7018,SWPP
6824,MISO
6772,SWPP
6741,MISO
6480,LDWP
6421,PACW
6359,PACE
6254,MISO
6237,MISO
6144,SWPP
6119,ISNE
6098,MISO
6090,MISO
6068,SWPP
6060,IID
6052,SOCO
6047,ISNE
6018,PJM
4251,PACE
4150,WACM
4142,MISO
4118,MISO
4040,MISO
3944,PJM
3935,PJM
3883,CHPD
3785,PJM
3777,PJM
3708,ISNE
3599,ERCO
3503,ERCO
3395,TVA
3298,SCEG
3280,SCEG
3175,PJM
3166,PJM
3147,PJM
3144,PJM
3140,PJM
3124,PJM
2881,PJM
2790,MISO
2778,TVA
2750,DUK
2713,CPLE
2692,NYIS
2691,NYIS
2686,NYIS
2646,NYIS
2578,NYIS
2575,NYIS
2569,NYIS
2568,NYIS
2550,NYIS
2549,NYIS
2533,NYIS
2519,NYIS
2500,NYIS
2351,ISNE
2300,SWPP
2297,SWPP
2274,SWPP
2244,SWPP
2237,SWPP
2236,SWPP
2194,NWMT
2144,SWPP
2136,SWPP
2135,SWPP
2123,MISO
2115,SWPP
2113,AECI
2081,SWPP
2003,MISO
1997,MISO
1993,MISO
1972,MISO
1927,MISO
1926,MISO
1902,MISO
1895,MISO
1855,PJM
1853,MISO
1819,MISO
1769,MISO
1745,MISO
1726,MISO
1723,MISO
1713,MISO
1696,MISO
1695,MISO
1694,MISO
1693,MISO
1630,ISNE
1599,ISNE
1479,ISNE
1475,ISNE
1417,SWPP
1409,MISO
1371,TVA
1312,SWPP
1180,MISO
1155,MISO
1122,MISO
1091,MISO
1084,MISO
1082,MISO
986,PJM
983,PJM
969,MISO
913,MISO
880,PJM
867,PJM
833,AVA
831,PACE
815,IPCO
805,ISNE
719,SOCO
710,SOCO
704,SOCO
629,FPC
589,ISNE
586,IID
568,ISNE
565,ISNE
535,BANC
508,PSCO
506,PSCO
504,WACM
493,WACM
466,PSCO
431,BANC
426,CISO
425,CISO
399,LDWP
383,IID
316,LDWP
296,PACW
293,CISO
291,CISO
285,CISO
284,CISO
266,CISO
235,CISO
233,CISO
207,JEA
204,MISO
197,MISO
172,MISO
46,TVA
34,CISO
70448,MISO
70430,CPLE
70428,CISO
70425,MISO
70408,SPA
67220,NYIS
66781,MISO
66557,SWPP
66295,ERCO
68308,PJM
68225,MISO
68174,ERCO
68083,MISO
65150,ISNE
65126,CPLW
64671,PACW
64598,NYIS
64539,ERCO
63898,ISNE
63281,PNM
61103,NYIS
60273,ERCO
59216,CPLE
57264,SWPP
57233,CISO
56676,CISO
56662,ERCO
56642,NEVP
55852,CISO
7950,TVA
68385,ERCO
65597,NYIS
64693,CISO
62832,NYIS
66641,TEC
62215,SCEG
61111,PJM
59659,PSCO
66917,MISO
64605,ISNE
62350,SCEG
65824,LDWP
63412,CISO
61214,PJM
62114,BANC
61300,PJM
60166,DUK
58737,CPLE
58724,DUK
61061,WACM
60884,PJM
56675,SOCO
50823,CISO
56710,MISO
56595,MISO
57619,PJM
6283,CEA
59640,PJM
58875,PJM
58286,CISO
58285,CISO
57527,CISO
56438,IPCO
70422,MISO
70401,ISNE
70397,MISO
70386,ISNE
70354,MISO
70336,PJM
70324,NYIS
70311,NYIS
70310,NYIS
70303,CPLE
70289,PJM
70281,PJM
70275,PJM
70264,PJM
70241,MISO
70223,FPC
70195,SPA
70146,ISNE
70132,PJM
70080,PJM
70069,PJM
70066,PJM
70046,PJM
70028,PJM
69997,MISO
69964,CISO
69959,MISO
69935,MISO
69925,CISO
69890,SWPP
69886,PJM
69879,SWPP
69848,MISO
69837,PJM
69829,PJM
69828,NYIS
69819,PJM
69817,PJM
69799,ERCO
69795,HECO
69781,BPAT
69756,NYIS
69729,ISNE
69721,ISNE
69705,ISNE
69703,PJM
69684,AZPS
69678,PACE
69674,ERCO
69671,ISNE
69664,CISO
69663,CISO
69651,PJM
69645,MISO
69570,PJM
69553,IPCO
69536,TVA
69533,CISO
69494,MISO
69484,MISO
69468,MISO
69462,MISO
69432,MISO
69416,ERCO
69400,NYIS
69355,FPC
69333,ERCO
69324,ERCO
69317,PJM
69290,DOPD
69282,ISNE
69271,ERCO
69270,PNM
69268,ERCO
69233,BANC
69209,NYIS
69194,DUK
69185,MISO
69167,ERCO
69144,CPLE
69126,ISNE
69125,ISNE
69117,PJM
69110,ERCO
69107,SWPP
69100,PSCO
69078,PJM
69073,ISNE
69072,CISO
69064,PJM
69040,PSCO
69032,MISO
69023,CPLE
68992,PJM
68967,CISO
68962,NYIS
68940,BANC
68937,TEPC
68903,ERCO
68895,ERCO
68889,CISO
68869,NYIS
68860,NYIS
68859,NYIS
68858,NYIS
68854,CISO
68850,MISO
68803,PJM
68780,PJM
68765,ERCO
68763,BPAT
68758,CISO
68747,CISO
68734,ERCO
68726,SWPP
68725,SWPP
68718,SWPP
68716,SWPP
68666,ERCO
68659,NYIS
68651,ISNE
68650,NYIS
68640,PSCO
68639,PSCO
68635,PACE
68627,SOCO
68576,SWPP
68557,MISO
68554,SOCO
68502,MISO
68484,ISNE
68458,ERCO
68442,CISO
68439,CISO
68431,PJM
68421,NYIS
68413,MISO
68359,ERCO
68335,PJM
68298,AZPS
68293,LGEE
68292,LGEE
68283,AZPS
68272,CISO
68262,PJM
68254,TVA
68230,MISO
68197,PJM
68194,PJM
68157,MISO
68127,PJM
68121,PJM
68086,PJM
68084,ERCO
68073,PJM
68055,PJM
68050,MISO
68038,BANC
68016,CISO
67937,PJM
67924,ISNE
67912,NYIS
67896,ERCO
67878,CISO
67847,ISNE
67837,ERCO
67782,ERCO
67760,PJM
67757,MISO
67754,MISO
67750,CISO
67731,MISO
67716,PJM
67711,PGE
67700,ERCO
67696,MISO
67657,ERCO
67632,NYIS
67626,PJM
67582,NYIS
67555,ERCO
67549,IPCO
67535,ERCO
67500,ERCO
67469,ISNE
67461,PJM
67443,ERCO
67437,NYIS
67428,ISNE
67415,NYIS
67406,NYIS
67393,PJM
67389,ISNE
67382,MISO
67342,PJM
67324,NYIS
67289,WACM
67280,NYIS
67272,PJM
67271,NYIS
67256,MISO
67231,MISO
67178,WALC
67176,AZPS
67175,ERCO
67159,MISO
67149,ISNE
67134,TVA
67124,TVA
67122,SWPP
67092,CISO
67089,MISO
67083,ERCO
67070,PJM
67067,PJM
67046,ERCO
67027,PJM
67003,PNM
66966,ISNE
66954,MISO
66946,CISO
66939,MISO
66923,CISO
66912,ERCO
66896,ERCO
66882,SWPP
66842,PJM
66810,CISO
66700,CPLE
66672,PJM
66653,PJM
66597,ERCO
66584,ISNE
66575,CISO
66574,PNM
66573,MISO
66536,PJM
66524,NYIS
66495,NYIS
66426,LDWP
66412,SWPP
66406,IPCO
66401,ERCO
66358,CPLE
66330,IPCO
66324,ERCO
66249,PJM
66233,NYIS
66214,NYIS
66210,NYIS
66140,PJM
66110,SRP
66105,MISO
66098,NEVP
66063,NYIS
66061,NYIS
66055,DUK
66035,LDWP
66028,PJM
66010,PJM
65997,PJM
65988,CISO
65987,CISO
65953,PJM
65952,PJM
65948,SWPP
65925,FPL
65913,FPL
65900,PJM
65873,FPL
65850,ERCO
65836,ERCO
65819,DUK
65798,ISNE
65761,MISO
65744,CISO
65659,MISO
65637,ISNE
65621,NYIS
65613,NYIS
65586,ISNE
65578,ERCO
65573,ERCO
65479,ISNE
65406,LGEE
65372,ERCO
65347,MISO
65342,ISNE
65335,ERCO
65319,PJM
65315,PJM
65286,PJM
65271,ERCO
65261,ERCO
65241,CPLE
65236,PSCO
65231,PSCO
65228,PGE
65208,CISO
65169,CISO
65155,NYIS
65149,ISNE
65079,PJM
65069,MISO
65057,ISNE
65052,NYIS
65024,MISO
64984,MISO
64962,ERCO
64936,ERCO
64927,ERCO
64924,ERCO
64862,MISO
64858,WACM
64838,SOCO
64787,MISO
64783,ISNE
64777,ERCO
64766,CISO
64721,ISNE
64707,ISNE
64704,ISNE
64673,ISNE
64656,HECO
64595,NYIS
64551,ERCO
64542,NYIS
64515,ISNE
64514,CPLE
64500,MISO
64463,MISO
64436,ISNE
64427,PACE
64412,DUK
64374,NYIS
64343,PJM
64342,MISO
64312,ERCO
64308,CISO
64290,CISO
64277,SOCO
64254,MISO
64253,NYIS
64230,MISO
64208,AZPS
64202,ERCO
64196,MISO
64194,PJM
64183,MISO
64182,ISNE
64176,DUK
64143,NYIS
64140,ISNE
64114,ISNE
64099,MISO
64080,MISO
64075,ERCO
64051,BPAT
64047,SWPP
64040,MISO
63997,ISNE
63969,PGE
63952,MISO
63951,PJM
63947,CISO
63922,PJM
63915,PACE
63912,MISO
63911,MISO
63905,ERCO
63904,PJM
63878,NWMT
63832,MISO
63824,PJM
63804,ISNE
63746,PJM
63735,CISO
63732,CPLE
63700,PJM
63674,LDWP
63669,NYIS
63653,CISO
63609,CISO
63607,CISO
63603,CISO
63531,TEPC
63497,NYIS
63491,NEVP
63476,SRP
63463,DUK
63459,PJM
63454,MISO
63451,PJM
63438,ISNE
63410,NYIS
63372,NYIS
63353,PJM
63314,MISO
63303,CISO
63301,PACW
63299,CPLE
63296,DUK
63259,MISO
63251,PJM
63236,NYIS
63231,MISO
63222,ERCO
63155,MISO
63143,MISO
63140,MISO
63123,PNM
63108,NYIS
63053,MISO
63033,MISO
62943,MISO
62919,FPL
62909,ERCO
62907,ISNE
62858,MISO
62845,ERCO
62835,ISNE
62829,MISO
62827,ISNE
62814,PJM
62781,ISNE
62772,ERCO
62770,PJM
62747,PJM
62734,NYIS
62733,NYIS
62710,PJM
62709,MISO
62680,PJM
62668,DUK
62652,ISNE
62651,MISO
62643,AZPS
62632,FPL
62625,ISNE
62604,ISNE
62594,DUK
62582,NYIS
62568,ISNE
62548,ERCO
62495,WACM
62487,CPLE
62484,MISO
62479,NYIS
62474,NYIS
62442,MISO
62370,ISNE
62359,MISO
62335,MISO
62325,PJM
62290,MISO
62280,CPLE
62258,ERCO
62227,ERCO
62194,MISO
62155,NYIS
62133,MISO
62089,CPLE
62063,ISNE
62031,MISO
62029,NYIS
62026,ISNE
61983,MISO
61952,DUK
61936,CPLE
61911,MISO
61876,SWPP
61867,ERCO
61836,SWPP
61822,PJM
61818,PJM
61800,PJM
61786,ISNE
61777,FPL
61770,ISNE
61758,DUK
61751,PJM
61747,MISO
61739,NYIS
61738,PJM
61735,PJM
61707,MISO
61691,PJM
61690,MISO
61632,MISO
61535,DUK
61522,SCEG
61516,MISO
61442,CISO
61392,MISO
61374,PJM
61365,CISO
61355,ERCO
61353,CISO
61349,LDWP
61296,ISNE
61268,WALC
61250,CISO
61221,SWPP
61135,SWPP
61131,PJM
61120,PACE
61056,SWPP
61016,ISNE
61012,NYIS
61004,PJM
60995,CISO
60991,SWPP
60971,MISO
60937,MISO
60929,DUK
60927,MISO
60867,ISNE
60819,NYIS
60813,CISO
60802,PJM
60798,DUK
60729,PJM
60721,MISO
60711,MISO
60689,SWPP
60679,SOCO
60654,WALC
60640,ISNE
60633,DUK
60605,ISNE
60604,PJM
60598,DUK
60581,ERCO
60580,CPLE
60544,SOCO
60542,ISNE
60536,SWPP
60518,ISNE
60480,DUK
60476,ISNE
60465,PJM
60459,ERCO
60456,NYIS
60451,ISNE
60443,ISNE
60429,CPLE
60423,ISNE
60422,PJM
60405,SWPP
60387,PJM
60370,CPLE
60355,SWPP
60321,CISO
60311,CISO
60308,CISO
60298,DUK
60297,PJM
60278,ISNE
60261,NEVP
60242,CISO
60222,TVA
60128,PJM
60058,TVA
60049,CISO
60024,HECO
60016,BPAT
59986,MISO
59985,MISO
59979,CISO
59973,FPC
59969,CISO
59943,ERCO
59940,CISO
59937,DUK
59913,PJM
59866,ISNE
59853,PJM
59851,PJM
59837,SWPP
59820,ISNE
59808,MISO
59801,ISNE
59780,ISNE
59778,DUK
59712,ERCO
59704,BPAT
59657,IID
59637,MISO
59603,CPLE
59570,DUK
59555,CISO
59546,PJM
59537,CISO
59531,CISO
59529,IPCO
59514,PJM
59483,MISO
59458,CISO
59439,DUK
59432,MISO
59392,PJM
59386,PACE
59376,CPLE
59333,CPLE
59321,ERCO
59299,CISO
59269,CISO
59248,PJM
59234,SWPP
59226,MISO
59198,PSCO
59193,ERCO
59191,CPLE
59183,CISO
59176,PJM
59169,CISO
59167,CISO
59153,PJM
59142,FPL
59118,ERCO
59060,ISNE
59050,DUK
59024,PJM
59015,ISNE
59009,CISO
58995,MISO
58987,CISO
58973,CISO
58958,ISNE
58957,CPLE
58937,ISNE
58914,CISO
58906,CISO
58902,SWPP
58900,SWPP
58881,PJM
58880,DUK
58872,MISO
58842,TEPC
58836,MISO
58833,TEPC
58830,MISO
58810,CPLE
58772,ERCO
58767,SWPP
58756,CISO
58721,CISO
58703,MISO
58692,MISO
58689,PNM
58683,AECI
58626,CISO
58611,CISO
58595,ISNE
58584,PJM
58541,ISNE
58495,CPLE
58494,CPLE
58491,CPLE
58466,SRP
58464,SWPP
58433,PJM
58381,PJM
58237,ISNE
58233,CISO
58166,ISNE
58149,CISO
58144,ISNE
58125,SWPP
58124,MISO
58119,BANC
58109,BPAT
58090,PJM
58059,PJM
58052,MISO
57971,CISO
57952,SWPP
57943,SWPP
57929,PJM
57927,ERCO
57916,IID
57891,CISO
57852,MISO
57845,PJM
57807,CISO
57803,IPCO
57773,CISO
57760,PACE
57753,BANC
57745,PJM
57707,CISO
57666,ISNE
57664,NYIS
57653,BPAT
57644,MISO
57637,PJM
57585,CISO
57578,BPAT
57575,PNM
57574,PJM
57571,PNM
57555,CISO
57522,CISO
57520,ERCO
57482,CISO
57469,MISO
57455,CISO
57404,NYIS
57374,MISO
57363,PJM
57349,PJM
57348,NEVP
57330,PJM
57309,LDWP
57290,PSCO
57280,PJM
57268,PJM
57254,CISO
57241,GVL
57237,CISO
57207,MISO
57192,NEVP
57188,PSEI
57186,NYIS
57182,PJM
57167,ERCO
57133,CISO
57131,MISO
57102,CISO
57044,PJM
57042,CISO
57014,PJM
57006,CISO
57003,NYIS
56997,IPCO
56996,CISO
56989,ISNE
56982,NEVP
56963,PJM
56956,ERCO
56936,NYIS
56931,ERCO
56930,FPL
56900,PJM
56890,PJM
56870,SOCO
56863,PJM
56853,PACE
56834,SWPP
56827,MISO
56805,PJM
56800,ISNE
56614,PJM
56597,MISO
56586,MISO
56581,MISO
56554,PACE
56553,DUK
56551,DUK
56535,CISO
56530,PSCO
56441,IPCO
56430,PJM
56411,MISO
56404,SWPP
56323,NYIS
56296,MISO
56288,PJM
56240,ERCO
56232,CISO
56226,PJM
56225,SWPP
56224,NEVP
56207,MISO
56189,ISNE
56171,CISO
56163,PACE
56073,MISO
56053,MISO
56046,LDWP
56018,SOCO
55965,SOCO
55944,MISO
55935,CISO
55816,MISO
55787,NYIS
55753,CISO
55742,MISO
55710,PJM
55687,NEVP
55622,PACE
55589,ISNE
55558,MISO
55536,EPE
55438,PJM
55281,PJM
55276,PJM
55274,SOCO
55245,MISO
55200,PSCO
55164,PJM
55162,FPL
55086,ERCO
55079,ISNE
55062,ERCO
55060,PJM
55054,PJM
54996,IID
54984,DUK
54974,PJM
54967,MISO
54951,CISO
54910,MISO
54896,YAD
54887,CPLE
54849,SOCO
54839,SOCO
54808,NYIS
54795,PJM
54772,NYIS
54734,PNM
54723,PJM
54662,PJM
54594,WALC
54572,ISNE
54549,MISO
54529,FMPP
54449,CISO
54394,PACE
54342,MISO
54322,SOCO
54321,MISO
54281,SOCO
52173,PJM
52031,MISO
52024,ISNE
51008,MISO
50976,FPL
50949,TEC
50931,NWMT
50898,PJM
50884,FPC
50877,ISNE
50859,PJM
50820,CISO
50776,PJM
50750,CISO
50748,CISO
50713,ISNE
50663,PJM
50545,ISNE
50472,NYIS
50397,PJM
50393,CISO
50371,TEC
50348,NYIS
50337,PJM
50180,CISO
50156,CISO
50147,CISO
50079,NYIS
50041,ISNE
50024,CISO
50010,PJM
50003,CISO
10884,LDWP
10875,CISO
10808,IPCO
10772,CISO
10722,MISO
10709,CISO
10693,PJM
10613,NBSO
10605,SOCO
10548,CISO
10538,NYIS
10532,MISO
10521,NYIS
10515,PJM
10495,ISNE
10486,MISO
10478,CISO
10436,ERCO
10361,SOCO
10354,ISNE
10323,PACW
10275,FPC
10232,MISO
10222,CISO
10203,ERCO
10202,JEA
10199,CISO
10186,ISNE
10165,ISNE
10139,CISO
10108,ISNE
10099,PJM
10075,MISO
8066,PACE
8053,NYIS
8042,DUK
7990,MISO
7987,LDWP
7957,DUK
7931,BPAT
7909,NYIS
7870,PSEI
7844,MISO
7837,PJM
7822,MISO
7791,PJM
7789,WACM
7770,PJM
7767,PACE
7759,MISO
7758,MISO
7749,AECI
7690,PJM
7515,SWPP
7497,MISO
7397,PJM
7372,WACM
7339,SWPP
7259,BPAT
7233,WACM
7191,SOCO
7132,PACE
7060,MISO
7015,PACE
6705,MISO
6624,SWPP
6562,PJM
6532,NEVP
6516,PSCO
6484,PACW
6483,ISNE
6462,MISO
6408,WAUW
6379,ISNE
6251,ERCO
6207,WACM
6195,SWPP
6194,SWPP
6128,ERCO
6105,PJM
6099,CISO
6034,MISO
4941,SRP
4140,MISO
4080,MISO
4011,MISO
4000,MISO
3976,MISO
3945,PJM
3869,AVA
3780,PJM
3746,ISNE
3743,ISNE
3651,PACE
3631,ERCO
3583,ERCO
3574,ERCO
3559,ERCO
3502,ERCO
3417,TVA
3348,MISO
3325,WACM
3181,PJM
3152,PJM
3142,PJM
3014,IPCO
2835,PJM
2831,PJM
2830,PJM
2719,DUK
2712,CPLE
2616,NYIS
2605,NYIS
2514,NYIS
2511,NYIS
2408,PJM
2362,ISNE
2324,NEVP
2311,SWPP
2188,NWMT
2150,AECI
2108,MISO
2051,MISO
2023,MISO
2018,MISO
1982,MISO
1929,MISO
1871,MISO
1760,PJM
1702,MISO
1615,ISNE
1588,ISNE
1564,PJM
1478,ISNE
1394,MISO
1380,TVA
1357,LGEE
1285,SWPP
1275,SWPP
1271,SWPP
1267,SWPP
1266,SWPP
1199,MISO
1160,SWPP
1154,MISO
1153,MISO
1149,MISO
1146,MISO
1068,MISO
1058,MISO
1048,MISO
1024,MISO
999,MISO
964,MISO
944,MISO
903,MISO
895,MISO
822,IPCO
816,IPCO
811,IPCO
794,ERCO
709,SOCO
698,SWPP
692,WAUW
672,FMPP
649,SOCO
630,FPC
609,FPL
542,ISNE
417,CISO
416,CISO
403,LDWP
378,MISO
360,CISO
329,CISO
328,CISO
317,CISO
295,PACW
275,CISO
224,CISO
187,MISO
147,SRP
143,SRP
117,AZPS
99,PSEI
21,SOCO
13,SOCO
70447,MISO
70444,MISO
70432,CPLE
67553,ERCO
67010,ISNE
66399,ERCO
66293,ERCO
66060,PJM
65899,ERCO
68169,ERCO
65488,ERCO
65179,CISO
63619,PJM
63250,MISO
63226,NYIS
62501,ERCO
61841,ISNE
61624,ERCO
61390,CISO
60988,CISO
59791,PJM
59069,PJM
58804,PJM
58211,IID
56398,NYIS
56305,CISO
68098,TVA
66343,PJM
66072,MISO
65932,ERCO
66674,NYIS
66311,MISO
65202,CISO
63736,CISO
60420,NYIS
65101,MISO
63630,CISO
62865,PACW
64368,PJM
63095,ERCO
61302,PJM
60215,PJM
60171,DUK
60169,DUK
59991,ISNE
62965,AZPS
60718,NWMT
61400,ERCO
57552,CISO
55360,PACE
59668,DUK
58712,ISNE
57704,BPAT
57117,PACE
50822,CISO
60296,DUK
60138,FPC
59672,DUK
59089,ISNE
59673,DUK
59041,NYIS
57905,CISO
59400,LDWP
57150,IPCO
57145,IPCO
70404,ISNE
70396,ISNE
70359,PJM
70340,SWPP
70298,NYIS
70292,MISO
70284,PJM
70238,CISO
70235,CISO
70227,PJM
70210,NYIS
70188,SWPP
70159,ISNE
70158,ISNE
70155,PJM
70147,ISNE
70089,PJM
70051,ISNE
70050,SWPP
70048,MISO
70024,PJM
69981,MISO
69922,PJM
69919,PJM
69893,PSCO
69869,MISO
69815,PJM
69780,ERCO
69768,PJM
69738,HECO
69735,MISO
69728,PJM
69691,ERCO
69652,MISO
69631,SWPP
69611,PSCO
69596,NYIS
69584,ERCO
69581,ISNE
69542,PJM
69527,PJM
69522,TEC
69519,PACW
69510,ERCO
69476,MISO
69449,MISO
69444,CPLE
69439,MISO
69427,PSCO
69426,MISO
69406,NYIS
69398,NYIS
69383,NYIS
69377,PJM
69358,CISO
69351,ERCO
69328,PJM
69311,MISO
69294,BPAT
69265,ERCO
69260,ERCO
69258,SWPP
69245,ERCO
69205,NYIS
69197,PJM
69187,TEC
69161,MISO
69160,MISO
69141,PJM
69121,CISO
69112,PJM
69084,ISNE
69066,MISO
69061,PNM
69054,CISO
68988,MISO
68969,PJM
68948,NYIS
68946,NYIS
68908,CISO
68906,DOPD
68902,ERCO
68900,MISO
68894,PJM
68877,PNM
68870,NYIS
68866,EPE
68846,CISO
68792,CISO
68788,CISO
68768,ERCO
68743,ISNE
68729,SWPP
68682,ISNE
68652,ISNE
68647,NYIS
68645,NYIS
68643,ISNE
68641,ISNE
68590,SWPP
68563,TVA
68560,TVA
68558,SOCO
68538,PJM
68533,CISO
68516,MISO
68515,MISO
68513,ERCO
68508,PGE
68407,NYIS
68403,NYIS
68395,CISO
68370,PGE
68367,SOCO
68290,LGEE
68286,SWPP
68282,PSEI
68212,PJM
68208,MISO
68186,PJM
68142,PJM
68136,PJM
68130,PJM
68124,PJM
68122,PJM
68118,PJM
68091,NYIS
68031,MISO
67993,MISO
67991,MISO
67989,SOCO
67983,BANC
67982,CISO
67973,AZPS
67972,MISO
67950,NYIS
67935,PJM
67929,ISNE
67914,MISO
67894,CISO
67875,ERCO
67868,CISO
67864,SOCO
67827,EPE
67814,MISO
67808,PJM
67799,SRP
67785,ERCO
67762,ERCO
67736,CISO
67735,MISO
67718,PJM
67672,FPL
67661,NYIS
67606,NYIS
67588,MISO
67584,NYIS
67554,MISO
67545,MISO
67537,MISO
67512,CISO
67486,PJM
67455,AZPS
67453,ISNE
67435,NYIS
67419,WACM
67405,PJM
67400,ISNE
67397,PJM
67373,PJM
67372,ISNE
67356,ERCO
67338,NYIS
67333,ISNE
67326,ISNE
67309,ERCO
67301,PSCO
67297,PJM
67286,ISNE
67285,AZPS
67276,ISNE
67273,PJM
67218,PJM
67179,CISO
67177,EPE
67147,WACM
67113,NYIS
67106,PJM
67093,CISO
67065,PJM
67059,ERCO
67056,MISO
67025,SWPP
67000,CISO
66996,PJM
66991,SOCO
66971,MISO
66949,CISO
66936,SOCO
66934,ERCO
66910,ERCO
66880,ERCO
66861,MISO
66838,PJM
66812,NYIS
66805,CISO
66791,ERCO
66773,CISO
66758,PJM
66757,CISO
66742,MISO
66677,CISO
66669,CISO
66668,MISO
66642,SPA
66638,CISO
66634,PJM
66561,ERCO
66487,DUK
66472,CISO
66460,NYIS
66422,MISO
66418,SOCO
66414,ERCO
66413,PACE
66403,ISNE
66388,NYIS
66381,ISNE
66370,ISNE
66360,NYIS
66346,SOCO
66340,PACW
66336,ERCO
66312,PJM
66274,NYIS
66273,NYIS
66259,NYIS
66227,NYIS
66219,NYIS
66216,ERCO
66215,NYIS
66212,NYIS
66199,SOCO
66157,ERCO
66129,TEC
66099,NEVP
66041,ISNE
66034,ISNE
66029,MISO
66008,ERCO
65990,PSCO
65962,CISO
65945,PJM
65918,FPL
65915,FPL
65885,FPL
65883,FPL
65882,FPL
65876,ERCO
65869,FPL
65868,FPL
65834,ERCO
65807,BANC
65764,MISO
65751,PGE
65743,CISO
65719,ISNE
65678,PACE
65670,ISNE
65668,ISNE
65652,CISO
65548,CPLE
65521,ERCO
65512,SWPP
65473,ISNE
65456,CISO
65450,NYIS
65449,MISO
65447,CISO
65442,MISO
65422,FPL
65421,FPL
65416,SWPP
65415,MISO
65206,CISO
65188,CISO
65186,CISO
65178,PSCO
65165,NYIS
65133,PJM
65130,PJM
65098,SWPP
65083,ISNE
65005,PJM
64968,SWPP
64955,ERCO
64952,ERCO
64929,CISO
64887,ERCO
64846,LDWP
64844,ISNE
64827,ERCO
64823,ERCO
64822,CPLE
64806,ERCO
64798,ERCO
64796,ERCO
64786,MISO
64742,MISO
64736,PJM
64731,ISNE
64714,MISO
64681,NYIS
64663,PGE
64618,ISNE
64614,CISO
64563,MISO
64556,NYIS
64545,ERCO
64521,IID
64512,CPLE
64506,MISO
64458,MISO
64442,NYIS
64402,CISO
64400,HECO
64371,NYIS
64366,CPLE
64355,WACM
64264,LDWP
64250,MISO
64248,PJM
64247,PJM
64237,CPLE
64190,HECO
64189,NWMT
64178,MISO
64168,DUK
64150,SOCO
64141,CISO
64138,SWPP
64128,ISNE
64074,SWPP
64065,PNM
64054,PNM
64049,CISO
64036,PJM
64027,CISO
64021,PSCO
64015,PJM
63996,FPC
63983,PACE
63977,MISO
63971,PJM
63960,PGE
63910,PJM
63894,ISNE
63852,MISO
63848,CISO
63841,CISO
63825,PJM
63818,PJM
63814,SOCO
63805,ISNE
63787,PJM
63741,MISO
63738,ERCO
63710,AVRN
63665,PGE
63658,MISO
63647,NYIS
63610,CISO
63550,NYIS
63549,PJM
63514,CISO
63469,ISNE
63426,MISO
63420,CISO
63397,MISO
63374,ISNE
63366,PJM
63330,PGE
63311,MISO
63309,MISO
63290,ISNE
63287,MISO
63263,ISNE
63252,MISO
63246,PJM
63244,ISNE
63235,PGE
63205,PSEI
63182,MISO
63172,PNM
63158,MISO
63102,SWPP
63081,PNM
63074,CISO
63060,NYIS
63012,NYIS
62983,MISO
62980,NEVP
62979,MISO
62976,ISNE
62969,ISNE
62955,MISO
62936,AVA
62901,PJM
62883,SOCO
62882,SOCO
62875,CISO
62871,SWPP
62868,MISO
62777,NYIS
62765,ERCO
62744,MISO
62738,NYIS
62728,ISNE
62722,NYIS
62702,CISO
62699,CISO
62689,CISO
62639,ISNE
62637,PJM
62558,ISNE
62528,NYIS
62524,NYIS
62497,CISO
62476,NYIS
62467,PNM
62446,NYIS
62430,TVA
62416,ERCO
62415,ERCO
62379,PSCO
62358,MISO
62337,MISO
62332,PJM
62326,PJM
62313,CPLE
62293,CPLE
62262,NYIS
62245,PSCO
62234,CPLE
62226,ISNE
62198,ISNE
62170,PGE
62135,ISNE
62116,CISO
62105,MISO
62099,MISO
62092,ISNE
62081,MISO
62050,NYIS
62043,PJM
62039,CISO
62017,NYIS
62015,CISO
61980,MISO
61975,SCEG
61960,DUK
61944,CPLE
61907,PJM
61889,SWPP
61882,CPLE
61879,FPC
61846,CISO
61844,IPCO
61804,NYIS
61799,MISO
61794,PJM
61784,SWPP
61755,ISNE
61748,SCEG
61722,CISO
61721,CISO
61718,LDWP
61706,MISO
61700,ERCO
61699,SCEG
61695,MISO
61658,CPLE
61648,SOCO
61644,MISO
61634,ISNE
61627,MISO
61609,MISO
61607,CISO
61581,PJM
61573,MISO
61572,MISO
61568,NYIS
61554,SOCO
61547,MISO
61538,ISNE
61482,CISO
61465,PJM
61423,PACW
61413,NYIS
61385,SOCO
61384,MISO
61368,ERCO
61364,HECO
61362,ERCO
61344,PJM
61331,NYIS
61326,SCEG
61318,PJM
61311,PJM
61276,CPLE
61245,ISNE
61207,NYIS
61174,MISO
61164,ISNE
61101,HECO
61035,PJM
61025,NYIS
61022,FPL
60976,PACW
60955,MISO
60945,MISO
60940,MISO
60913,PJM
60874,ISNE
60869,CISO
60834,MISO
60791,CISO
60790,CISO
60771,PJM
60752,PJM
60737,PJM
60730,ISNE
60725,PSCO
60717,MISO
60716,MISO
60698,CISO
60677,NYIS
60666,PJM
60664,PJM
60662,PJM
60657,ERCO
60641,CISO
60625,ISNE
60589,PJM
60587,PJM
60567,CISO
60556,TVA
60554,SOCO
60540,CPLE
60524,MISO
60510,PJM
60496,PJM
60463,ISNE
60401,DUK
60400,DUK
60395,PJM
60381,WALC
60352,NEVP
60318,PJM
60301,EPE
60290,DUK
60279,CISO
60275,CISO
60248,WACM
60241,DUK
60227,PJM
60196,PNM
60135,DUK
60133,DUK
60121,DUK
60119,PSCO
60085,CISO
60078,CISO
60075,ISNE
60074,ISNE
60070,BPAT
60020,DUK
60019,MISO
60011,IPCO
59999,DUK
59914,CPLE
59903,MISO
59873,ISNE
59868,CISO
59843,SEPA
59838,SWPP
59829,CPLE
59790,PACW
59787,PACE
59766,ISNE
59759,PJM
59752,ISNE
59749,PJM
59727,DUK
59726,SWPP
59719,ISNE
59677,DUK
59660,PACE
59620,PACE
59586,CPLE
59577,DUK
59569,CPLE
59543,ISNE
59521,DUK
59517,PJM
59510,DUK
59502,CPLE
59480,MISO
59479,PJM
59477,ISNE
59461,CISO
59445,ISNE
59434,MISO
59381,ERCO
59378,ERCO
59377,CPLE
59373,PJM
59273,CISO
59271,CISO
59166,PJM
59121,ISNE
59120,DUK
59110,SWPP
59105,DUK
59099,CISO
59098,CISO
59096,CISO
59095,CISO
59080,ISNE
59077,ISNE
59059,PJM
59040,ISNE
59019,MISO
58994,SWPP
58993,ISNE
58986,CISO
58975,CISO
58969,IPCO
58951,PJM
58915,LDWP
58901,WACM
58871,ISNE
58831,CISO
58829,DUK
58828,DUK
58824,ISNE
58797,MISO
58706,SC
58695,SWPP
58685,PJM
58676,HECO
58631,PJM
58605,DUK
58603,PACE
58602,PACE
58592,CISO
58581,CISO
58545,IID
58542,CISO
58537,ERCO
58536,PJM
58533,NEVP
58524,DUK
58504,PJM
58493,CPLE
58482,SOCO
58479,SWPP
58477,NEVP
58445,CISO
58426,PJM
58418,CISO
58391,MISO
58383,AZPS
58382,PACW
58376,CISO
58373,CISO
58346,DUK
58334,CPLE
58333,CPLE
58329,PJM
58271,ISNE
58260,PJM
58251,CISO
58241,PJM
58236,MISO
58234,CISO
58209,SWPP
58205,SWPP
58173,DUK
58165,PJM
58158,ISNE
58153,ISNE
58126,PSCO
58122,CISO
58101,CISO
58094,PJM
58080,ERCO
58069,ERCO
58040,PJM
58039,CISO
58017,CISO
57938,MISO
57919,CPLE
57911,PACW
57904,CISO
57903,MISO
57899,PACE
57888,MISO
57870,CISO
57867,NYIS
57860,CISO
57856,CISO
57844,MISO
57832,MISO
57818,BANC
57811,CISO
57794,PJM
57756,BPAT
57748,NWMT
57711,ISNE
57680,AZPS
57663,SWPP
57594,CISO
57590,SWPP
57576,PNM
57568,ISNE
57507,PSCO
57506,CISO
57467,SOCO
57449,PJM
57430,IPCO
57429,IPCO
57384,PJM
57372,PGE
57365,DUK
57350,ISNE
57326,SWPP
57315,PSCO
57281,MISO
57265,ISNE
57251,SWPP
57217,CISO
57153,ERCO
57151,PJM
57134,WACM
57132,SWPP
57126,IPCO
57122,CISO
57119,MISO
57110,PJM
57101,CISO
57081,PJM
57072,MISO
57048,MISO
57033,MISO
57022,PJM
56990,ISNE
56943,CISO
56941,PJM
56924,MISO
56898,CISO
56875,BANC
56828,MISO
56798,ISNE
56782,MISO
56698,AVA
56682,PJM
56618,NYIS
56613,PSCO
56604,MISO
56602,ERCO
56563,PSCO
56544,MISO
56513,PJM
56500,NEVP
56495,PJM
56494,MISO
56463,MISO
56451,PJM
56406,PSEI
56386,MISO
56365,PJM
56349,ERCO
56333,PJM
56301,PACE
56295,CISO
56278,PJM
56274,MISO
56255,BPAT
56243,MISO
56234,NYIS
56212,ERCO
56206,MISO
56125,CISO
56066,CPLE
56051,CISO
56025,MISO
55997,PJM
55984,IID
55931,PSCO
55857,MISO
55855,CISO
55801,PJM
55765,PJM
55740,PACE
55588,ERCO
55587,PJM
55585,ISNE
55561,MISO
55526,ERCO
55479,WACM
55409,SOCO
55370,PJM
55349,PJM
55311,ERCO
55309,MISO
55294,ISNE
55284,PJM
55242,FPL
55239,PJM
55203,PSCO
55178,SWPP
55177,WALC
55165,MISO
55153,ERCO
55122,MISO
55059,MISO
54918,MISO
54901,TVA
54877,SOCO
54865,NYIS
54841,SOCO
54793,MISO
54685,CISO
54638,PJM
54526,NYIS
54385,ISNE
54327,LDWP
54318,PACE
54310,MISO
54285,MISO
54283,MISO
54216,SOCO
54131,NYIS
54124,ISNE
52204,CISO
52188,SWPP
52158,CISO
52122,SWPP
52094,CISO
52010,FPL
50985,CISO
50952,PJM
50904,PJM
50893,PJM
50858,TEC
50850,CISO
50815,ERCO
50754,CISO
50752,CISO
50709,PSCO
50688,ISNE
50651,NYIS
50539,ISNE
50534,CISO
50450,NYIS
50361,IPCO
50353,ISNE
50329,SCL
50274,IPCO
50271,CPLE
50216,CISO
50151,PJM
50076,CISO
50066,CISO
50035,ISNE
10800,DUK
10776,CISO
10768,CISO
10743,PJM
10740,IPCO
10725,NYIS
10650,CISO
10631,IID
10569,ERCO
10487,MISO
10477,MISO
10434,TEC
10387,CISO
10378,CPLE
10285,PJM
10262,CISO
10258,DUK
10215,PACE
10206,CISO
10173,DUK
10168,CISO
10137,ISNE
10124,NYIS
10036,ISNE
10018,NEVP
8907,NYIS
8226,PJM
8223,TEPC
8219,WACM
8050,MISO
8048,FPC
8008,PJM
7973,SWPP
7964,MISO
7940,PJM
7937,WACM
7928,SWPP
7856,MISO
7854,MISO
7828,PJM
7776,PJM
7754,AECI
7693,CISO
7646,CISO
7480,DUK
7479,DUK
7469,SWPP
7450,CISO
7440,PJM
7203,MISO
7166,MISO
7127,TPWR
7051,ISNE
7028,PACE
6776,PJM
6768,SPA
6531,NEVP
6508,BPAT
6481,LDWP
6463,MISO
6438,DUK
6404,WAUW
6238,MISO
6223,SWPP
6220,MISO
6213,MISO
6211,CISO
6183,ERCO
6174,PACW
6171,PJM
6147,ERCO
6133,SOCO
6122,NYIS
6110,NYIS
6058,MISO
6030,MISO
6011,PJM
4939,ERCO
4178,WAUW
4065,MISO
4053,MISO
3986,MISO
3983,MISO
3913,TPWR
3778,PJM
3716,ISNE
3704,WACM
3666,PACE
3610,ERCO
3604,SWPP
3490,ERCO
3466,ERCO
3441,ERCO
3428,TVA
3415,TVA
3341,SWPP
3319,SC
3290,SCEG
3283,SCEG
3271,DUK
3255,DUK
3146,PJM
3071,BPAT
3040,PACW
3025,PACW
2963,SWPP
2953,SWPP
2945,PJM
2867,PJM
2848,PJM
2791,SWPP
2751,DUK
2708,CPLE
2682,NYIS
2630,NYIS
2621,NYIS
2617,NYIS
2610,NYIS
2601,NYIS
2590,NYIS
2555,NYIS
2552,NYIS
2544,NYIS
2540,NYIS
2539,NYIS
2520,NYIS
2515,NYIS
2490,NYIS
2483,NYIS
2465,WACM
2450,PNM
2330,NEVP
2313,SWPP
2302,SWPP
2296,SWPP
2278,SWPP
2253,SWPP
2250,SWPP
2240,SWPP
2232,SWPP
2227,SWPP
2161,SWPP
2142,SWPP
2094,SWPP
2090,SWPP
2082,MISO
2050,MISO
2038,MISO
2005,MISO
1994,MISO
1975,MISO
1967,MISO
1943,MISO
1913,MISO
1901,MISO
1891,MISO
1866,MISO
1865,MISO
1830,MISO
1785,MISO
1706,MISO
1670,ISNE
1638,ISNE
1570,PJM
1504,ISNE
1493,ISNE
1474,ISNE
1447,MISO
1392,MISO
1378,TVA
1353,PJM
1239,SWPP
1125,MISO
1060,MISO
1010,MISO
1008,MISO
1001,MISO
996,MISO
899,MISO
839,CISO
817,IPCO
693,FMPP
658,FMPP
645,TEC
584,WACM
564,FMPP
557,ISNE
539,ISNE
527,WACM
511,WACM
482,CISO
476,PSCO
472,PSCO
467,PSCO
446,CISO
439,TIDC
430,BANC
392,LDWP
376,CISO
358,CISO
338,CISO
337,CISO
320,CISO
267,CISO
201,SWPP
193,SPA
174,MISO
168,MISO
151,BANC
108,SWPP
51,MISO
70410,PJM
70372,CISO
66754,CISO
66518,ERCO
68306,ERCO
64941,ERCO
64369,CPLE
64095,HECO
63868,NYIS
60829,DUK
59869,NEVP
59064,ERCO
59062,SWPP
57922,AZPS
57921,CISO
57478,CISO
57307,LDWP
56955,CISO
56822,CISO
55937,CISO
55642,CISO
68468,WACM
67780,ERCO
66012,DUK
65063,ISNE
64134,PJM
62183,CPLE
59924,ERCO
59923,ERCO
67891,MISO
67607,CISO
66693,ERCO
63248,MISO
63065,MISO
62345,CPLE
64667,SWPP
62802,NWMT
62294,CPLE
62276,CPLE
62070,PSEI
60002,DUK
61394,PACE
59006,ERCO
58728,CPLE
63885,ERCO
57693,PSCO
62134,MISO
61994,MISO
61401,ERCO
60693,PJM
58926,MISO
57618,PJM
59970,DUK
59538,PJM
59680,DUK
59580,CPLE
59108,CPLE
59401,LDWP
59202,LDWP
57148,IPCO
56907,CISO
55952,NEVP
50724,SOCO
70423,PJM
70374,PJM
70367,ERCO
70345,SWPP
70341,WACM
70315,NYIS
70279,PJM
70277,ISNE
70247,PJM
70246,PJM
70206,PSCO
70203,PJM
70190,ISNE
70154,PJM
70150,PJM
70127,WACM
70107,MISO
70105,CISO
70102,PSCO
70079,PJM
70063,ISNE
70045,PJM
70030,NYIS
70025,MISO
70021,ERCO
70003,PJM
69999,PJM
69989,MISO
69977,MISO
69972,PSCO
69971,PJM
69952,MISO
69916,PJM
69912,PJM
69891,CISO
69887,MISO
69873,PSCO
69864,ERCO
69841,MISO
69827,PJM
69822,NYIS
69791,PJM
69778,AZPS
69769,PJM
69716,PJM
69698,PJM
69696,PJM
69648,CISO
69627,FPC
69617,MISO
69612,PSCO
69610,PSCO
69606,ERCO
69579,ERCO
69559,PNM
69520,ERCO
69508,CISO
69507,ERCO
69505,NYIS
69504,MISO
69498,PJM
69458,ERCO
69445,MISO
69399,NYIS
69397,PJM
69386,ISNE
69370,CISO
69365,ERCO
69350,ERCO
69346,ERCO
69322,ERCO
69314,PJM
69303,MISO
69300,ERCO
69277,ERCO
69267,ERCO
69266,PNM
69261,ERCO
69246,ERCO
69237,CISO
69227,ISNE
69223,MISO
69221,PJM
69142,MISO
69114,CISO
69088,PJM
69051,PJM
69039,CISO
69021,MISO
69014,ISNE
68991,WACM
68975,MISO
68972,MISO
68960,MISO
68958,MISO
68923,CISO
68899,TVA
68892,PJM
68874,ERCO
68804,NYIS
68799,IPCO
68774,PJM
68770,MISO
68761,ERCO
68737,ERCO
68712,MISO
68699,SWPP
68687,ERCO
68679,ISNE
68623,AZPS
68540,CISO
68537,ERCO
68530,MISO
68526,CISO
68523,CISO
68519,CISO
68487,IPCO
68480,SOCO
68473,NYIS
68434,ISNE
68386,WACM
68355,ERCO
68340,MISO
68334,ERCO
68296,SWPP
68276,FPL
68275,ERCO
68214,MISO
68183,MISO
68168,ERCO
68149,ERCO
68126,PJM
68113,TVA
68102,TVA
68058,WACM
68022,WACM
68018,CISO
67994,LDWP
67990,PJM
67885,NYIS
67863,CISO
67838,NYIS
67767,ERCO
67764,CISO
67756,MISO
67695,CISO
67687,PJM
67685,MISO
67674,ERCO
67641,NYIS
67613,NYIS
67602,CISO
67595,NYIS
67587,MISO
67578,ISNE
67576,MISO
67572,PJM
67569,PJM
67534,CISO
67529,PJM
67483,ISNE
67465,PSCO
67463,LGEE
67451,ISNE
67444,PJM
67440,NYIS
67416,NYIS
67402,ISNE
67398,ISNE
67368,PJM
67348,PJM
67335,NYIS
67321,AZPS
67300,WACM
67278,CISO
67263,AECI
67261,BPAT
67241,SOCO
67203,TEC
67202,NYIS
67193,WACM
67162,ISNE
67075,MISO
67050,PJM
67033,NYIS
67017,ISNE
66988,CPLE
66980,SOCO
66970,MISO
66951,CISO
66924,CISO
66914,ERCO
66908,CISO
66899,PJM
66879,ISNE
66858,TVA
66839,PJM
66829,NYIS
66822,NYIS
66771,NYIS
66751,PJM
66731,NYIS
66714,CISO
66713,CISO
66696,MISO
66656,PJM
66648,CISO
66593,ERCO
66579,MISO
66520,ERCO
66516,ERCO
66507,MISO
66476,CISO
66461,CISO
66446,PJM
66444,PJM
66390,ERCO
66378,PGE
66351,BPAT
66345,DUK
66327,IPCO
66322,NYIS
66285,CISO
66281,CISO
66269,PJM
66256,NYIS
66211,NYIS
66192,MISO
66187,NYIS
66176,NYIS
66171,SOCO
66152,ISNE
66120,PJM
66112,MISO
66107,MISO
66095,WACM
66082,MISO
66074,ISNE
66042,ISNE
66021,PJM
65998,ERCO
65957,PJM
65955,SC
65933,CISO
65931,NYIS
65898,PSCO
65870,ERCO
65851,ERCO
65805,NYIS
65796,PJM
65786,ISNE
65748,PGE
65741,PJM
65715,MISO
65687,TEC
65675,CISO
65618,PACE
65617,CISO
65609,PSCO
65577,PSEI
65550,CPLE
65544,ERCO
65540,ERCO
65528,CISO
65523,CISO
65517,CISO
65510,CISO
65465,PJM
65464,CISO
65444,MISO
65443,MISO
65438,FPL
65428,FPL
65407,NWMT
65371,ISNE
65349,MISO
65325,PACW
65321,PJM
65317,PJM
65303,ERCO
65295,SWPP
65287,ISNE
65285,PJM
65277,CISO
65239,NYIS
65233,NYIS
65232,NYIS
65229,CISO
65211,CISO
65187,CISO
65185,TEPC
65177,CISO
65172,FPC
65170,FPC
65167,PJM
65164,MISO
65146,ISNE
65140,CISO
65129,SWPP
65106,CPLE
65091,CISO
65073,CISO
65046,ISNE
65042,FPL
65040,FPL
65035,NYIS
65034,ERCO
65025,MISO
65000,MISO
64987,MISO
64981,ERCO
64964,NYIS
64956,ERCO
64953,ERCO
64942,ERCO
64923,ERCO
64915,ERCO
64911,NYIS
64910,DUK
64902,ERCO
64868,PJM
64856,MISO
64831,SWPP
64830,PGE
64791,ERCO
64780,MISO
64758,NYIS
64740,PACE
64718,ISNE
64716,ISNE
64697,MISO
64677,PJM
64661,MISO
64658,PJM
64632,CISO
64624,CISO
64620,ISNE
64580,TEPC
64579,CISO
64578,NYIS
64571,SOCO
64569,SOCO
64561,NYIS
64559,ISNE
64536,MISO
64430,PJM
64429,CISO
64425,ERCO
64409,DUK
64403,CISO
64393,MISO
64381,MISO
64373,NYIS
64367,DUK
64365,SWPP
64309,SWPP
64304,PJM
64302,PJM
64295,ERCO
64284,SOCO
64275,SOCO
64256,HECO
64239,ERCO
64210,CISO
64200,PSCO
64187,ISNE
64111,ISNE
64032,NWMT
64030,NYIS
64023,PJM
64009,PGE
64008,PGE
64003,SWPP
63998,FPC
63992,PJM
63957,PGE
63946,MISO
63945,MISO
63942,ISNE
63926,BPAT
63897,ISNE
63870,CISO
63856,NYIS
63807,DUK
63770,PSCO
63764,ERCO
63762,CISO
63753,PSCO
63750,NYIS
63687,MISO
63671,NYIS
63656,MISO
63655,ERCO
63651,CISO
63604,CISO
63583,FMPP
63580,NYIS
63566,PJM
63562,ISNE
63552,DUK
63545,CISO
63540,PJM
63536,PSCO
63533,MISO
63523,PJM
63479,SWPP
63470,ISNE
63425,MISO
63395,MISO
63379,PSCO
63367,MISO
63363,CISO
63356,PJM
63352,NEVP
63337,NYIS
63305,MISO
63278,PSCO
63272,DUK
63270,DUK
63264,ISNE
63218,MISO
63211,ERCO
63209,ERCO
63208,PGE
63198,PJM
63194,ERCO
63153,MISO
63146,MISO
63121,MISO
63096,NYIS
63086,NYIS
63054,CISO
63025,AECI
63023,PJM
63005,MISO
63000,NYIS
62998,NYIS
62971,ISNE
62959,PJM
62957,PJM
62954,NYIS
62937,MISO
62923,FPL
62908,MISO
62859,ISNE
62847,MISO
62821,DUK
62737,NYIS
62736,NYIS
62667,PSCO
62664,WACM
62654,CISO
62644,ISNE
62627,CPLE
62614,NYIS
62612,PJM
62597,PNM
62580,NYIS
62531,NYIS
62494,SWPP
62463,CISO
62458,CISO
62404,PJM
62402,TVA
62399,PACE
62397,SC
62388,PJM
62371,ISNE
62355,PJM
62336,MISO
62310,CPLE
62271,NYIS
62243,PSCO
62223,CPLE
62184,SCEG
62167,CPLE
62145,NYIS
62137,MISO
62123,CPLE
62101,CPLE
62095,CPLE
62090,ISNE
62084,MISO
62076,ISNE
62052,IID
62048,MISO
62042,MISO
62030,MISO
62027,PJM
62004,CISO
61961,SCEG
61935,CPLE
61924,TVA
61922,NYIS
61918,SCEG
61886,WACM
61883,CPLE
61831,PGE
61811,PSCO
61790,SCEG
61778,PJM
61764,NYIS
61717,NYIS
61688,IPCO
61665,TEC
61617,SWPP
61616,SWPP
61591,ISNE
61553,PACW
61550,ISNE
61530,SCEG
61528,CPLE
61510,NYIS
61497,PACW
61473,PJM
61459,SOCO
61448,CISO
61434,SCEG
61424,PACW
61414,NYIS
61378,NYIS
61341,ISNE
61327,SCEG
61324,SCEG
61322,PJM
61278,CPLE
61257,CPLE
61249,LDWP
61247,FMPP
61219,CPLE
61202,CISO
61158,DUK
61139,MISO
61134,PJM
61128,DUK
61100,SWPP
61094,CPLE
61086,DUK
61073,PJM
61066,CISO
61050,FPL
61032,ERCO
61030,NYIS
61029,FPL
61023,PJM
61018,ISNE
60957,MISO
60924,SWPP
60890,MISO
60880,ISNE
60877,ISNE
60857,PJM
60855,ISNE
60849,PJM
60842,PJM
60827,CISO
60815,ISNE
60766,PJM
60740,PJM
60705,SWPP
60691,CPLE
60680,SOCO
60624,CPLE
60612,ISNE
60610,MISO
60601,CPLE
60599,DUK
60591,CISO
60590,CISO
60562,ISNE
60541,MISO
60509,CISO
60507,NYIS
60490,CISO
60457,ISNE
60453,NYIS
60440,CPLE
60414,SWPP
60350,NEVP
60340,SOCO
60327,PJM
60317,PNM
60284,DUK
60236,PJM
60234,PJM
60231,CISO
60181,DUK
60179,DUK
60129,DUK
60127,PJM
60117,MISO
60108,DUK
60079,CISO
60027,CISO
60022,ISNE
60008,PSCO
59953,ISNE
59917,CPLE
59902,MISO
59880,NYIS
59879,CISO
59876,SOCO
59860,PJM
59856,PJM
59798,LDWP
59748,CISO
59738,CISO
59688,CPLE
59670,DUK
59638,CISO
59635,MISO
59630,PJM
59598,CISO
59597,CISO
59589,DUK
59587,DUK
59557,CISO
59552,CPLE
59513,PJM
59495,ISNE
59487,DUK
59457,CISO
59451,CPLE
59444,AZPS
59443,CISO
59441,CISO
59422,CISO
59414,CISO
59408,CISO
59404,NEVP
59389,PACE
59337,CPLE
59272,CISO
59254,ISNE
59246,ERCO
59241,ISNE
59188,TVA
59158,CPLE
59155,PJM
59152,DUK
59148,PJM
59145,ERCO
59131,ISNE
59115,CPLE
59088,IID
59086,CISO
59079,ISNE
59075,ISNE
59074,CISO
59063,ERCO
59043,ISNE
58948,ISNE
58929,MISO
58892,SOCO
58890,CISO
58887,PJM
58843,PJM
58796,MISO
58786,NYIS
58784,WACM
58761,CISO
58740,DUK
58722,DUK
58710,ERCO
58684,HECO
58673,PJM
58650,ISNE
58644,CISO
58627,CISO
58625,CISO
58622,WACM
58617,MISO
58580,MISO
58561,ISNE
58554,ISNE
58552,MISO
58529,CPLE
58528,CISO
58522,CISO
58521,PNM
58512,PJM
58484,SOCO
58458,MISO
58440,LDWP
58414,MISO
58412,ISNE
58401,TVA
58375,PJM
58371,CISO
58362,ISNE
58354,CISO
58319,NEVP
58304,CISO
58282,ISNE
58253,LDWP
58137,SWPP
58121,MISO
58086,BANC
58078,SWPP
58065,ISNE
58021,ERCO
58008,MISO
57966,MISO
57962,CISO
57862,PJM
57858,SWPP
57837,CISO
57777,BANC
57775,AZPS
57774,CISO
57766,IPCO
57742,PJM
57713,CISO
57677,DUK
57643,WACM
57639,SWPP
57629,DUK
57598,ISNE
57562,AZPS
57553,MISO
57535,CISO
57492,CPLE
57462,PJM
57406,PJM
57317,PSCO
57298,PSEI
57295,CISO
57275,NEVP
57256,PJM
57248,MISO
57246,CISO
57201,CISO
57160,SPA
57139,PJM
57125,IPCO
57118,SWPP
57111,MISO
57106,SWPP
57068,ISNE
57030,DUK
57013,SOCO
57009,CISO
57001,CISO
56995,SC
56970,PACW
56937,MISO
56933,PACW
56888,PJM
56873,PJM
56868,PJM
56842,PACE
56841,PACE
56840,MISO
56839,SWPP
56835,SWPP
56815,PSCO
56796,PJM
56790,AVRN
56783,ERCO
56775,ERCO
56648,SWPP
56573,MISO
56543,MISO
56523,MISO
56511,PJM
56503,MISO
56482,TEPC
56479,ERCO
56475,CISO
56470,PJM
56456,MISO
56437,IPCO
56416,MISO
56364,PJM
56361,AVRN
56357,MISO
56335,SWPP
56303,SWPP
56300,PJM
56299,PJM
56273,SWPP
56262,DUK
56260,DUK
56248,MISO
56227,PGE
56210,MISO
56202,MISO
56184,CISO
56176,MISO
56170,CISO
56167,CISO
56162,SWPP
56138,MISO
56127,AECI
56121,DUK
56108,MISO
56080,CISO
55995,SWPP
55938,PJM
55851,CISO
55788,NYIS
55779,ISNE
55774,PJM
55739,BPAT
55645,PSCO
55610,PACE
55608,PACE
55598,MISO
55595,MISO
55592,PJM
55576,MISO
55560,BPAT
55501,ERCO
55496,MISO
55494,NEVP
55417,MISO
55377,PJM
55327,ERCO
55312,PNM
55296,PJM
55210,PNM
55199,PJM
55139,ERCO
55138,SOCO
55104,MISO
55076,TVA
55036,TVA
55007,IPCO
54980,PJM
54975,EPE
54966,ERCO
54945,ISNE
54903,MISO
54899,TVA
54886,PJM
54855,PJM
54830,SOCO
54753,IPCO
54607,ERCO
54593,NYIS
54561,CISO
54371,CISO
54340,MISO
54304,PJM
54251,PACW
54099,NYIS
54091,MISO
54081,PJM
54056,ISNE
52166,ISNE
52165,CISO
52162,CISO
52109,CISO
52069,ERCO
52036,PJM
52034,PJM
51035,NYIS
50989,MISO
50832,ISNE
50831,CISO
50763,NEVP
50760,NEVP
50696,CISO
50638,MISO
50625,MISO
50578,PJM
50576,MISO
50572,FPL
50544,BPAT
50513,NYIS
50475,ERCO
50473,FPC
50351,ISNE
50298,CISO
50293,CISO
50263,ERCO
50252,MISO
50190,MISO
50111,NEVP
50091,AVA
50062,CISO
10855,MISO
10848,NYIS
10836,CISO
10767,CISO
10698,MISO
10523,ISNE
10476,MISO
10471,CISO
10458,CISO
10439,CISO
10422,WACM
10421,PSCO
10391,CISO
10360,MISO
10333,FPC
10294,CISO
10190,NYIS
10171,MISO
10116,NYIS
10031,CISO
10003,PSCO
8056,MISO
8012,PJM
7997,FMPP
7989,MISO
7988,MISO
7944,MPS
7934,MISO
7915,NYIS
7911,CISO
7907,CISO
7851,MISO
7845,TVA
7838,PJM
7782,PJM
7766,SWPP
7722,TVA
7501,ISNE
7400,SWPP
7376,MISO
7164,WALC
7097,ERCO
7032,PJM
6650,MISO
6623,WAUW
6519,ISNE
6514,NEVP
6513,NEVP
6506,BPAT
6424,CHPD
6414,ERCO
6413,MISO
6402,WACM
6396,BPAT
6181,ERCO
6088,TEPC
6085,MISO
6082,NYIS
6015,CPLE
6004,PJM
4270,MISO
4263,PACE
4125,MISO
4044,MISO
4018,MISO
3954,PJM
3895,BPAT
3834,PJM
3779,PJM
3751,ISNE
3688,PACE
3643,PACE
3601,ERCO
3582,ERCO
3549,ERCO
3508,ERCO
3485,SWPP
3476,SWPP
3443,ERCO
3418,TVA
3416,TVA
3414,TVA
3409,TVA
3407,TVA
3402,TVA
3257,DUK
3169,PJM
3153,PJM
3098,PJM
3050,PGE
2995,SWPP
2935,PJM
2921,PJM
2909,PJM
2866,PJM
2821,MISO
2631,NYIS
2591,NYIS
2516,NYIS
2497,NYIS
2494,NYIS
2411,PJM
2390,PJM
2294,SWPP
2266,SWPP
2217,SWPP
2190,NWMT
2169,AECI
2164,AECI
2141,AECI
2020,MISO
2014,MISO
1989,MISO
1973,MISO
1960,MISO
1898,MISO
1827,MISO
1743,MISO
1722,MISO
1705,MISO
1682,ISNE
1619,ISNE
1498,ISNE
1464,MISO
1449,MISO
1404,MISO
1328,SWPP
1206,MISO
1173,MISO
1165,MISO
1143,MISO
1138,MISO
1131,MISO
1109,MISO
1012,MISO
995,MISO
976,MISO
955,MISO
936,MISO
883,PJM
810,IPCO
808,NYIS
762,SWPP
758,TVA
725,SOCO
723,SOCO
706,SOCO
679,NSB
666,JEA
643,FPL
634,FPC
625,NYIS
560,ISNE
489,TIDC
478,PSCO
462,PSCO
448,CISO
437,CISO
371,BPAT
363,CISO
357,CISO
340,CISO
330,CISO
305,CISO
294,PACW
219,CISO
202,MISO
165,SWPP
153,WALC
148,SRP
59,SWPP
7,SOCO
4,SOCO
70433,CPLE
70431,MISO
70412,PGE
70407,SPA
70405,TEPC
67668,ERCO
66953,CISO
66297,ERCO
68662,MISO
67951,PJM
65290,FPC
65181,CISO
63228,NYIS
62427,PJM
62403,PJM
61075,PACE
60826,CISO
60430,CPLE
59907,PJM
59883,PACE
59067,ERCO
58776,PJM
57538,CISO
57235,CISO
57193,NYIS
56821,CISO
56820,CISO
10859,SOCO
7539,CPLE
1445,MISO
68986,CISO
68239,PJM
67247,CISO
66190,SOCO
58785,NYIS
66702,PJM
65065,MISO
62880,SOCO
57622,MISO
65102,MISO
63091,CISO
59721,BPAT
59195,MISO
59007,ERCO
63890,ERCO
61033,SWPP
60176,DUK
60173,DUK
60141,DUK
59615,ERCO
50345,NYIS
62261,NYIS
60970,DUK
57476,PNM
62237,CPLE
61714,MISO
60963,DUK
59571,CPLE
56709,MISO
56585,MISO
60379,DUK
60246,MISO
7367,CEA
59582,PJM
59419,PJM
56454,PJM
70395,TEC
70307,ISNE
70288,PJM
70280,PJM
70244,PJM
70221,DUK
70198,MISO
70187,MISO
70183,ERCO
70174,CISO
70148,ISNE
70142,ISNE
70123,PJM
70119,SWPP
70113,PSCO
70088,CISO
70086,CISO
70083,PJM
70054,NYIS
70053,PSCO
70052,ERCO
70039,CISO
70034,EPE
70031,MISO
70022,MISO
70014,PJM
70010,NYIS
69990,MISO
69975,ERCO
69966,PNM
69949,MISO
69943,ISNE
69934,MISO
69909,PJM
69902,ERCO
69882,PJM
69876,NYIS
69816,PJM
69811,MISO
69809,SWPP
69808,SWPP
69800,MISO
69782,BPAT
69767,PJM
69750,MISO
69740,TEPC
69709,ISNE
69694,PJM
69689,ERCO
69675,MISO
69668,PACE
69658,MISO
69654,CISO
69646,MISO
69626,JEA
69608,MISO
69594,MISO
69573,MISO
69560,PJM
69549,NEVP
69537,MISO
69531,ISNE
69491,MISO
69485,MISO
69466,MISO
69452,MISO
69443,PJM
69441,PJM
69412,NYIS
69390,NYIS
69380,NYIS
69372,NYIS
69356,FPC
69340,ERCO
69334,ERCO
69329,ERCO
69309,NYIS
69305,MISO
69302,ERCO
69291,PJM
69269,ERCO
69244,ERCO
69239,SWPP
69228,PJM
69226,ERCO
69225,PJM
69195,DUK
69189,WACM
69188,PJM
69155,ERCO
69149,ERCO
69127,ISNE
69124,ISNE
69116,PJM
69115,MISO
69102,MISO
69086,NYIS
69082,ISNE
69080,PJM
69053,MISO
69046,PJM
69027,ERCO
69009,SWPP
68979,NYIS
68977,ISNE
68943,WACM
68936,MISO
68917,SPA
68904,PGE
68890,CISO
68883,AZPS
68864,NYIS
68857,PJM
68822,FPL
68807,NYIS
68784,NYIS
68719,SWPP
68709,MISO
68703,SWPP
68692,SWPP
68670,SOCO
68668,ERCO
68646,NYIS
68624,CISO
68600,CISO
68586,ISNE
68572,MISO
68559,TVA
68551,TEC
68504,ERCO
68499,ERCO
68495,ERCO
68492,SRP
68459,ERCO
68450,PGE
68443,NYIS
68433,AZPS
68337,CPLE
68324,CISO
68302,PJM
68281,AZPS
68256,MISO
68238,CISO
68233,MISO
68226,SOCO
68222,SWPP
68210,PNM
68190,NYIS
68097,MISO
68079,PSCO
68070,PJM
68013,ISNE
67944,ISNE
67943,MISO
67925,ISNE
67909,MISO
67884,PJM
67853,CISO
67823,WALC
67820,CISO
67804,PJM
67745,NYIS
67730,MISO
67727,MISO
67710,PNM
67709,PJM
67665,DUK
67647,PJM
67645,MISO
67636,PJM
67633,MISO
67630,PJM
67619,NYIS
67609,NYIS
67600,NYIS
67585,NYIS
67583,PJM
67580,ERCO
67575,ERCO
67533,CISO
67532,PJM
67528,EPE
67520,MISO
67494,ERCO
67478,ISNE
67477,ISNE
67456,ISNE
67425,ERCO
67422,ISNE
67357,ERCO
67354,ERCO
67345,NYIS
67341,ERCO
67327,ISNE
67319,ERCO
67316,ERCO
67306,WACM
67305,WACM
67294,PJM
67283,CISO
67267,MISO
67230,EPE
67180,PJM
67173,PJM
67158,TVA
67141,NYIS
67136,NYIS
67116,ISNE
67099,MISO
67098,MISO
67091,NEVP
67081,TVA
67048,SOCO
67035,NYIS
67013,ISNE
66990,SOCO
66975,MISO
66961,ISNE
66925,TEPC
66900,PJM
66889,PJM
66888,PNM
66860,PJM
66826,MISO
66817,NYIS
66801,ERCO
66800,CISO
66796,PJM
66784,ERCO
66783,ERCO
66762,NYIS
66729,NYIS
66695,PJM
66688,ERCO
66679,CISO
66670,AZPS
66650,CISO
66649,MISO
66546,PJM
66540,ERCO
66537,PJM
66523,NYIS
66503,NYIS
66496,SWPP
66478,PNM
66465,DUK
66451,PJM
66438,PJM
66427,ISNE
66424,NYIS
66397,ERCO
66369,MISO
66367,PJM
66329,IPCO
66328,IPCO
66314,PJM
66287,PNM
66264,MISO
66262,ERCO
66239,MISO
66208,CISO
66191,MISO
66181,ISNE
66172,SOCO
66148,CISO
66108,MISO
66104,MISO
66086,ISNE
66085,MISO
66083,MISO
66053,ISNE
66052,NYIS
66037,ISNE
66018,ISNE
66017,MISO
66006,ERCO
66004,MISO
66002,HECO
65964,MISO
65960,PJM
65946,SWPP
65911,FPL
65828,NYIS
65812,ERCO
65808,BANC
65803,MISO
65778,IPCO
65774,MISO
65772,TEC
65765,NYIS
65755,NYIS
65733,CISO
65727,SOCO
65714,MISO
65706,CISO
65698,ERCO
65694,ERCO
65693,ERCO
65680,MISO
65671,MISO
65663,CISO
65610,PJM
65594,FPL
65589,ERCO
65580,ERCO
65562,CISO
65549,CPLE
65542,ERCO
65541,ERCO
65538,ERCO
65527,CISO
65485,CISO
65484,SWPP
65482,MISO
65478,ISNE
65468,PJM
65445,TVA
65432,FPL
65423,FPL
65396,CISO
65384,BANC
65373,ERCO
65358,PJM
65350,MISO
65344,ERCO
65334,SWPP
65324,PJM
65257,MISO
65255,CISO
65216,ISNE
65193,CISO
65184,ISNE
65163,NYIS
65159,NYIS
65127,MISO
65072,CISO
65068,MISO
65056,ISNE
65033,CISO
65032,PSCO
65018,SOCO
65016,PJM
65012,MISO
64988,MISO
64954,ERCO
64932,MISO
64909,CISO
64908,CISO
64895,ERCO
64882,CPLW
64865,MISO
64861,CISO
64857,WACM
64847,WACM
64841,SOCO
64814,ERCO
64801,ERCO
64795,ERCO
64794,ERCO
64776,ERCO
64745,PSCO
64738,MISO
64732,PJM
64729,MISO
64700,CISO
64651,WACM
64608,PJM
64606,PJM
64577,NYIS
64572,ISNE
64547,SWPP
64541,NYIS
64499,MISO
64482,MISO
64452,MISO
64420,SWPP
64398,CISO
64385,PJM
64276,SOCO
64251,MISO
64227,ERCO
64223,SWPP
64186,PACE
64162,ISNE
64124,MISO
63991,PJM
63937,MISO
63935,MISO
63899,MISO
63888,MISO
63861,MISO
63837,CPLE
63834,CISO
63830,MISO
63828,PJM
63782,CISO
63780,NYIS
63763,ISNE
63729,NYIS
63713,PJM
63693,CPLE
63688,ERCO
63686,MISO
63685,CISO
63660,MISO
63649,NYIS
63642,PGE
63625,NYIS
63573,ISNE
63567,DUK
63508,CISO
63494,SWPP
63492,PJM
63468,ISNE
63466,PGE
63434,MISO
63392,PJM
63384,MISO
63370,MISO
63369,NYIS
63326,CISO
63271,SCEG
63267,PJM
63262,ISNE
63237,PJM
63150,PJM
63131,ISNE
63127,CISO
63103,SWPP
63094,CISO
63093,ISNE
63078,CISO
63073,PJM
63069,PJM
63064,CPLW
63056,NYIS
63046,MISO
62996,CPLE
62985,MISO
62944,PJM
62926,PJM
62916,FPL
62905,PJM
62903,PJM
62822,DUK
62816,NYIS
62797,LGEE
62775,TVA
62763,ISNE
62704,CISO
62695,ISNE
62640,ISNE
62623,CPLW
62619,NYIS
62606,PJM
62600,CPLW
62567,ISNE
62561,ERCO
62560,PACW
62541,FPC
62537,MISO
62496,NYIS
62493,FPL
62492,PJM
62439,PJM
62434,PJM
62413,NYIS
62411,ERCO
62409,SOCO
62395,SC
62392,SOCO
62328,PJM
62318,ISNE
62288,CISO
62286,LDWP
62264,ISNE
62256,PSCO
62254,PSCO
62240,CPLE
62225,PJM
62195,MISO
62193,MISO
62186,CPLE
62175,CISO
62143,MISO
62125,CPLE
62085,MISO
62034,NYIS
61995,CISO
61993,CISO
61986,PJM
61985,PJM
61978,CPLE
61974,SCEG
61966,ERCO
61956,SCEG
61947,CPLE
61941,CPLE
61939,CPLE
61933,AVA
61910,MISO
61904,NYIS
61901,TVA
61873,ERCO
61856,IPCO
61852,NEVP
61843,CISO
61824,CISO
61803,CISO
61753,PSCO
61737,PJM
61731,ISNE
61720,NYIS
61716,MISO
61713,MISO
61674,SWPP
61643,ERCO
61633,ISNE
61630,PJM
61593,LDWP
61577,NYIS
61574,MISO
61551,NYIS
61526,ISNE
61513,ERCO
61511,SWPP
61506,MISO
61504,MISO
61484,MISO
61476,CISO
61455,MISO
61445,CISO
61439,PSCO
61435,MISO
61426,MISO
61420,CISO
61404,CPLE
61397,SOCO
61340,ISNE
61338,PGE
61333,MISO
61309,ERCO
61291,NWMT
61287,PJM
61284,DUK
61274,CPLE
61220,DUK
61203,MISO
61200,PACW
61192,PJM
61180,MISO
61175,MISO
61173,FPL
61165,PNM
61160,DUK
61115,CISO
61091,DUK
61090,CPLE
61084,NEVP
61080,TAL
61041,NYIS
61017,ISNE
60986,ISNE
60961,DUK
60942,MISO
60866,ISNE
60848,PJM
60824,LDWP
60816,ISNE
60810,PJM
60799,ISNE
60762,PJM
60755,PJM
60645,ERCO
60636,DUK
60622,PJM
60620,SWPP
60613,ISNE
60602,DUK
60578,CPLE
60564,MISO
60548,PACW
60532,MISO
60531,MISO
60521,MISO
60520,MISO
60511,WACM
60505,MISO
60491,LDWP
60470,PJM
60454,NYIS
60452,NYIS
60449,PACE
60448,SOCO
60437,PJM
60342,MISO
60328,HECO
60303,MISO
60277,CISO
60259,PACE
60224,CISO
60201,PJM
60161,CPLE
60152,GRIS
60147,DUK
60111,ISNE
60106,DUK
60105,DUK
60097,NYIS
60080,CISO
60068,IPCO
60056,ISNE
60052,DUK
60047,MISO
59987,MISO
59962,CISO
59958,PACE
59956,CPLE
59952,CISO
59930,DUK
59919,NEVP
59888,SWPP
59887,CPLE
59884,PJM
59864,SOCO
59863,SOCO
59841,PJM
59807,SWPP
59805,CISO
59784,TEPC
59693,PJM
59684,SWPP
59675,DUK
59663,CPLE
59647,SWPP
59646,CPLE
59622,ISNE
59610,CISO
59607,CISO
59596,CPLE
59592,CPLE
59583,CPLE
59535,SOCO
59530,PJM
59528,CISO
59523,CISO
59492,IPCO
59466,ISNE
59455,TEPC
59442,ERCO
59437,ISNE
59431,CISO
59405,CISO
59374,PACW
59323,BANC
59319,PJM
59318,PJM
59292,SWPP
59279,CISO
59242,ISNE
59240,FPL
59239,PSCO
59237,CISO
59230,MISO
59228,MISO
59221,SOCO
59199,PSCO
59179,ISNE
59174,PJM
59173,PJM
59154,PJM
59128,ISNE
59117,DUK
59112,CPLE
59103,CPLE
59097,PJM
59093,MISO
59085,ISNE
59065,SWPP
59058,CISO
59046,ISNE
59039,DUK
59012,PJM
59010,EPE
59008,CISO
58980,PJM
58970,IPCO
58967,IPCO
58964,ISNE
58955,CPLE
58927,MISO
58925,MISO
58909,CISO
58865,DUK
58730,DUK
58711,CISO
58698,CISO
58670,DUK
58643,PJM
58629,PNM
58568,ISNE
58553,MISO
58531,CPLE
58517,AZPS
58510,CISO
58499,CISO
58446,CISO
58441,PSEI
58403,ISNE
58355,CISO
58323,CPLE
58312,CPLE
58289,CISO
58268,DUK
58249,LDWP
58240,PNM
58227,CISO
58212,DUK
58192,SWPP
58167,NYIS
58148,CISO
58131,BPAT
58088,NYIS
58075,SWPP
58058,CISO
58042,AZPS
58005,ERCO
57997,AZPS
57893,PJM
57885,DUK
57863,PJM
57859,NEVP
57842,MISO
57836,CISO
57831,CISO
57797,CISO
57780,BANC
57755,SWPP
57724,PJM
57721,ISNE
57698,BANC
57689,ISNE
57654,ISNE
57602,ISNE
57595,PJM
57570,PJM
57534,CISO
57526,BPAT
57468,MISO
57466,PJM
57457,BPAT
57435,PJM
57408,SOCO
57400,MISO
57382,PJM
57381,PJM
57366,CPLE
57364,WALC
57357,PNM
57341,PJM
57335,DUK
57331,CISO
57313,LDWP
57270,ISNE
57221,CISO
57214,MISO
57199,MISO
57194,SWPP
57172,MISO
57170,PJM
57152,BPAT
57096,AVRN
57090,PACE
57069,MISO
57039,PACE
57021,NYIS
57012,CISO
56991,ISNE
56985,SWPP
56984,ERCO
56975,PACW
56972,PACW
56951,DUK
56945,PNM
56942,MISO
56935,IPCO
56899,WALC
56897,CISO
56869,PJM
56858,BPAT
56850,PJM
56843,PACE
56819,SWPP
56787,MISO
56679,MISO
56677,MISO
56668,PJM
56651,PJM
56647,MISO
56638,ERCO
56620,NYIS
56617,MISO
56603,MISO
56598,MISO
56592,ERCO
56539,MISO
56505,MISO
56433,LDWP
56409,MISO
56402,ERCO
56339,DUK
56317,BPAT
56208,MISO
56193,PACW
56185,CISO
56173,PSCO
56172,MISO
56164,MISO
56113,ERCO
56092,WACM
56075,CISO
56068,MISO
56015,SOCO
56005,PJM
55983,IID
55961,SOCO
55939,PJM
55893,TEC
55861,MISO
55782,MISO
55738,PJM
55714,MISO
55700,PSEI
55694,TVA
55641,MISO
55625,CISO
55602,CISO
55568,MISO
55562,MISO
55524,PJM
55477,WACM
55464,ERCO
55440,SOCO
55386,SCEG
55365,ERCO
55364,MISO
55333,CISO
55322,NEVP
55293,TVA
55279,PJM
55236,PJM
55196,PJM
55185,CISO
55184,CISO
55161,CISO
55135,MISO
55133,MISO
55096,MISO
55066,MISO
55052,ERCO
55043,SC
55031,ISNE
55000,ERCO
54985,SOCO
54936,CISO
54867,MISO
54845,SOCO
54835,MISO
54823,CPLE
54800,CISO
54687,CISO
54681,CISO
54676,ERCO
54675,DUK
54666,NEVP
54653,CISO
54625,PJM
54618,DUK
54578,IPCO
54569,PJM
54513,PJM
54468,CISO
54451,LDWP
54424,TEC
54360,MISO
54324,ISNE
54306,IPCO
54300,CISO
54298,CISO
54286,MISO
54250,PJM
54225,ISNE
54221,WACM
54213,MISO
54210,MISO
54149,NYIS
54076,NYIS
52161,CISO
52138,NEVP
52092,CISO
52088,ERCO
52082,CISO
52048,TVA
52026,ISNE
52021,PJM
50974,PJM
50973,MISO
50969,MISO
50965,PJM
50933,MISO
50896,IPCO
50891,IPCO
50890,CPLE
50865,CISO
50821,CISO
50768,NYIS
50766,IID
50676,PSCO
50662,NYIS
50660,SWPP
50657,PJM
50639,MISO
50629,FPC
50624,CISO
50623,CISO
50573,PJM
50563,PJM
50561,PJM
50532,CISO
50491,PJM
50490,MISO
50488,MISO
50481,PJM
50464,CISO
50386,CISO
50346,NYIS
50316,PJM
50251,MISO
50206,WACM
50187,BPAT
50185,BPAT
50179,PACW
50176,NYIS
50169,SWPP
50089,CISO
50049,CISO
50039,PJM
10872,NYIS
10864,MISO
10812,CISO
10803,NYIS
10759,IID
10753,NYIS
10745,MISO
10692,ERCO
10684,CISO
10642,NYIS
10606,MISO
10603,PJM
10566,PJM
10539,NYIS
10519,ISNE
10437,CISO
10388,CISO
10349,CISO
10286,NYIS
10213,CISO
10181,CPLE
10157,PJM
10122,PJM
10051,CPLE
10029,ISNE
10002,CISO
9095,AVA
8902,WALC
8227,PJM
8110,AECI
8068,SRP
8017,SWPP
7948,MISO
7924,TVA
7902,SWPP
7898,PJM
7878,PJM
7874,PJM
7848,AECI
7836,PJM
7835,PJM
7821,MISO
7805,CPLE
7779,PJM
7710,SOCO
7575,PJM
7447,SWPP
7405,AECI
7398,MISO
7396,ISNE
7380,SEC
7283,SPA
7281,SWPP
7246,MISO
7238,FMPP
7145,MISO
7115,MISO
7080,PACE
6652,MISO
6648,ERCO
6639,MISO
6636,PJM
6522,PJM
6521,NEVP
6515,TEPC
6407,BPAT
6390,PJM
6229,SWPP
6189,SOCO
6115,ISNE
6096,SWPP
6086,MISO
6083,ISNE
6081,ISNE
6061,MISO
6013,LDWP
6012,ISNE
4213,PGE
4176,WAUW
4147,MISO
4124,MISO
4060,MISO
4054,MISO
4042,MISO
4021,MISO
3988,MISO
3891,AVA
3861,PSEI
3850,PACW
3809,PJM
3806,PJM
3730,ISNE
3459,MISO
3452,ERCO
3440,ERCO
3436,ERCO
3423,TVA
3398,TVA
3317,SC
3267,DUK
3265,DUK
3136,PJM
3130,PJM
3122,PJM
3109,PJM
3084,BPAT
3082,BPAT
3024,PACW
2943,PJM
2836,PJM
2811,MISO
2749,DUK
2747,DUK
2745,DUK
2743,DUK
2727,DUK
2714,CPLE
2632,NYIS
2597,NYIS
2596,NYIS
2595,NYIS
2586,NYIS
2581,NYIS
2564,NYIS
2562,NYIS
2551,NYIS
2485,NYIS
2403,PJM
2398,PJM
2379,PJM
2295,SWPP
2241,SWPP
2233,SWPP
2216,SWPP
2199,AVA
2126,AECI
2122,SWPP
2120,SWPP
2106,MISO
2007,MISO
1976,MISO
1966,MISO
1910,MISO
1899,MISO
1897,MISO
1893,MISO
1889,MISO
1843,MISO
1753,PJM
1746,MISO
1737,MISO
1718,MISO
1710,MISO
1698,MISO
1574,PJM
1563,PJM
1507,ISNE
1486,ISNE
1483,ISNE
1453,MISO
1403,MISO
1336,SWPP
1332,SWPP
1314,SWPP
1268,SWPP
1260,SECI
1251,SWPP
1225,SWPP
1224,SWPP
1176,MISO
1144,MISO
1134,MISO
1123,MISO
1013,MISO
1002,MISO
997,MISO
948,MISO
862,MISO
850,BPAT
736,SCEG
712,SOCO
665,HST
594,PJM
547,ISNE
546,ISNE
516,WACM
515,WACM
492,WACM
490,WACM
464,PSCO
455,CISO
451,BANC
444,BANC
408,LDWP
398,LDWP
396,LDWP
345,CISO
321,CISO
315,CISO
287,CISO
283,CISO
280,CISO
271,CISO
268,CISO
229,CISO
192,SPA
130,SC
118,AZPS
104,CISO
72,CISO
3,SOCO
70442,MISO
70389,CISO
67258,CISO
67229,CISO
65973,ERCO
65944,MISO
65788,ERCO
68633,WACM
68309,PJM
68258,MISO
68245,MISO
68177,ERCO
67981,SCEG
65388,PJM
65377,NEVP
65356,PJM
65078,PJM
64083,PJM
62947,NYIS
61531,CPLE
59799,LDWP
58779,NYIS
57537,CISO
57180,CISO
56658,ERCO
56656,PNM
7876,SOCO
2908,PJM
1189,MISO
309,CISO
68497,PACE
66073,MISO
66070,MISO
60066,MISO
67887,MISO
64833,ISNE
62187,CPLE
60194,ERCO
65792,MISO
65100,MISO
63196,PJM
62808,NWMT
62282,CPLE
60325,CISO
10681,NEVP
7394,ERCO
63217,MISO
62593,CPLW
62338,MISO
60174,DUK
60163,DUK
60159,DUK
60158,DUK
59720,PJM
57612,ISNE
57255,MISO
56624,MISO
59909,PJM
60557,DUK
60872,CISO
57961,CISO
6292,CEA
59644,PJM
59594,CPLE
59590,DUK
59218,CPLE
58820,PJM
55780,TEPC
59385,PJM
59402,LDWP
59259,PJM
58857,CPLE
58133,SOCO
57615,BPAT
57144,IPCO
56906,BPAT
70421,MISO
70392,NYIS
70369,CISO
70363,PJM
70362,PJM
70360,MISO
70351,MISO
70323,NYIS
70316,NYIS
70285,PJM
70231,PJM
70216,PJM
70207,PSCO
70201,PSCO
70199,SWPP
70178,CISO
70172,PJM
70152,PJM
70122,WACM
70096,CISO
70085,CISO
70074,PJM
69984,ERCO
69967,PNM
69947,CISO
69939,MISO
69917,PJM
69898,CISO
69881,PNM
69868,MISO
69830,PJM
69751,ERCO
69693,ISNE
69690,PJM
69670,PJM
69657,MISO
69637,ERCO
69635,SOCO
69621,NYIS
69586,MISO
69509,CISO
69471,MISO
69459,ERCO
69454,ERCO
69431,MISO
69389,NYIS
69367,ERCO
69362,ERCO
69343,ERCO
69332,ERCO
69316,MISO
69297,ERCO
69295,ERCO
69288,CISO
69278,PSCO
69274,NYIS
69255,ERCO
69252,ERCO
69249,PJM
69242,LDWP
69238,CISO
69234,ERCO
69232,MISO
69231,MISO
69229,NYIS
69224,SWPP
69222,CISO
69220,NYIS
69210,PGE
69193,PJM
69184,MISO
69163,PJM
69137,CISO
69123,ISNE
69120,ERCO
69111,PJM
69103,PNM
69085,PJM
69069,PJM
69068,CISO
69059,IPCO
69058,AZPS
69038,SWPP
69001,GVL
68999,PJM
68973,MISO
68968,PJM
68964,WACM
68950,ISNE
68930,PJM
68925,CISO
68913,ERCO
68898,MISO
68861,NYIS
68852,ERCO
68845,MISO
68842,ERCO
68836,FPL
68832,FPL
68818,FPL
68808,CISO
68749,CISO
68722,MISO
68683,ERCO
68677,NYIS
68625,ISNE
68595,FPC
68571,MISO
68570,MISO
68562,TVA
68547,CISO
68521,CISO
68477,SRP
68470,ERCO
68467,PJM
68429,MISO
68424,MISO
68410,ERCO
68406,ISNE
68399,NYIS
68392,PJM
68388,NYIS
68362,ERCO
68348,ERCO
68336,PJM
68329,BPAT
68317,WACM
68297,MISO
68260,NWMT
68203,ERCO
68196,PJM
68176,ERCO
68172,ERCO
68160,NYIS
68151,CISO
68144,PJM
68119,PJM
68101,MISO
68096,TVA
68082,ERCO
68061,PJM
68039,CISO
68028,MISO
68025,NYIS
68011,SWPP
67960,SWPP
67952,WACM
67938,ISNE
67933,PJM
67926,ISNE
67901,ISNE
67874,PJM
67869,PGE
67858,DUK
67851,PJM
67842,ISNE
67839,NYIS
67822,PJM
67813,MISO
67807,ISNE
67803,MISO
67777,ERCO
67771,ISNE
67748,CISO
67746,CISO
67722,SWPP
67717,MISO
67703,MISO
67699,SWPP
67675,PJM
67635,PJM
67628,PJM
67625,PJM
67621,NYIS
67614,PJM
67601,SWPP
67597,MISO
67573,IPCO
67540,MISO
67504,MISO
67492,FPC
67485,CISO
67484,ISNE
67471,ISNE
67391,PJM
67381,ERCO
67369,ISNE
67366,ISNE
67360,CISO
67349,ISNE
67329,NYIS
67322,PSCO
67320,SWPP
67299,CISO
67293,NYIS
67290,ISNE
67252,PJM
67225,PJM
67219,PJM
67213,NYIS
67200,PJM
67186,ISNE
67160,PSCO
67155,ISNE
67123,ERCO
67110,ISNE
67103,MISO
67090,NYIS
67074,PJM
67063,PJM
67060,PJM
67055,MISO
67039,CISO
67029,DUK
66994,MISO
66989,CPLE
66957,CISO
66952,MISO
66930,ERCO
66920,TEC
66902,ERCO
66893,ERCO
66892,CISO
66891,ERCO
66875,ISNE
66870,PJM
66845,PJM
66827,NYIS
66821,ERCO
66794,ERCO
66785,NYIS
66734,NYIS
66723,DUK
66718,DUK
66680,TIDC
66675,NYIS
66673,ERCO
66667,CISO
66662,CISO
66660,CISO
66651,PACE
66646,PJM
66633,MISO
66621,MISO
66619,CISO
66583,NYIS
66567,ERCO
66552,CISO
66530,NYIS
66494,CISO
66482,NYIS
66468,CISO
66458,CISO
66435,MISO
66432,WACM
66423,CISO
66410,ERCO
66344,SOCO
66339,MISO
66335,ERCO
66323,ERCO
66279,CISO
66272,NYIS
66258,NYIS
66244,ISNE
66230,NYIS
66207,NYIS
66200,SOCO
66162,PJM
66147,WACM
66136,NBSO
66121,PJM
66111,MISO
66103,MISO
66102,MISO
66050,CISO
66040,ISNE
65995,SOCO
65974,MISO
65926,FPL
65905,FPL
65871,FPL
65855,ERCO
65849,ERCO
65811,ERCO
65810,ERCO
65802,ISNE
65771,TEC
65768,ISNE
65759,SOCO
65729,SOCO
65722,ISNE
65672,CISO
65667,ISNE
65658,PJM
65654,ERCO
65645,ERCO
65590,ERCO
65585,ISNE
65583,CPLE
65556,CPLE
65553,CPLE
65537,ERCO
65533,ISNE
65513,NYIS
65502,CPLE
65498,MISO
65480,PSCO
65470,PJM
65459,NYIS
65433,FPL
65411,SWPP
65408,CISO
65405,MISO
65395,CISO
65376,SOCO
65333,ERCO
65294,ISNE
65279,ISNE
65278,CISO
65276,MISO
65247,CPLE
65219,PJM
65204,CISO
65190,CISO
65183,ISNE
65182,CISO
65153,ISNE
65135,ISNE
65053,CISO
65048,ERCO
65044,PJM
65028,ERCO
65002,LDWP
64967,PJM
64960,ERCO
64958,ERCO
64906,MISO
64903,PNM
64897,ERCO
64893,ERCO
64881,EPE
64876,ISNE
64871,MISO
64854,MISO
64843,TVA
64820,CPLE
64790,PJM
64770,ERCO
64769,ERCO
64739,PACE
64734,PJM
64726,ISNE
64723,ISNE
64705,ISNE
64698,MISO
64674,CPLE
64657,TEC
64636,CISO
64568,MISO
64529,TVA
64498,MISO
64479,MISO
64471,CISO
64465,MISO
64457,MISO
64453,NYIS
64450,PJM
64439,PJM
64435,ISNE
64392,SWPP
64386,PSCO
64382,ISNE
64329,PJM
64328,PJM
64311,PJM
64305,MISO
64303,PJM
64298,ERCO
64273,CPLE
64269,MISO
64260,ERCO
64224,MISO
64217,ISNE
64193,DUK
64191,SOCO
64177,MISO
64174,DUK
64172,SWPP
64157,PJM
64151,SOCO
64136,PJM
64132,ERCO
64085,ISNE
64076,PNM
64067,ISNE
64055,CISO
64048,PGE
64045,ISNE
64034,PGE
64020,MISO
64016,MISO
64010,PJM
63958,PGE
63917,PJM
63916,PACE
63844,SWPP
63843,CISO
63819,MISO
63806,DUK
63800,NYIS
63796,BPAT
63789,CPLE
63765,SOCO
63758,CISO
63756,SC
63755,IPCO
63749,NYIS
63743,MISO
63739,ERCO
63718,ISNE
63714,CISO
63708,CISO
63697,ISNE
63683,MISO
63682,MISO
63620,PJM
63615,CISO
63589,ISNE
63584,NYIS
63535,SOCO
63532,MISO
63519,ERCO
63510,CISO
63484,MISO
63483,PJM
63481,MISO
63449,DUK
63445,DUK
63442,PGE
63429,MISO
63428,PJM
63419,CISO
63396,MISO
63381,CPLE
63378,MISO
63345,CPLE
63328,ERCO
63327,SWPP
63269,MISO
63260,PJM
63242,DUK
63241,DUK
63187,TAL
63170,MISO
63125,PNM
63110,FPL
63104,SWPP
63099,MISO
63063,DUK
63031,PJM
63028,SWPP
63013,NYIS
63007,MISO
62994,PNM
62993,SWPP
62991,PJM
62941,PJM
62938,MISO
62912,PJM
62897,ISNE
62896,NYIS
62856,PJM
62812,PACE
62804,ERCO
62794,PJM
62786,CPLE
62749,PJM
62740,MISO
62723,NYIS
62721,NYIS
62718,PSCO
62715,ERCO
62705,CISO
62674,CISO
62658,PJM
62634,FPL
62620,ERCO
62610,ERCO
62609,ERCO
62607,MISO
62586,PJM
62576,NYIS
62571,LDWP
62566,ERCO
62565,PJM
62563,MISO
62557,ISNE
62551,ISNE
62508,NYIS
62505,ERCO
62451,MISO
62378,LDWP
62375,SOCO
62274,CISO
62242,CISO
62236,CPLE
62151,IPCO
62148,MISO
62129,CPLE
62088,MISO
62082,ISNE
62074,PJM
62049,MISO
62044,MISO
62041,PJM
62036,MISO
62021,ISNE
62011,PJM
61999,MISO
61997,MISO
61991,PSCO
61990,MISO
61971,MISO
61958,NYIS
61954,MISO
61948,CPLE
61946,CPLE
61943,CPLE
61931,NEVP
61927,SOCO
61905,NYIS
61887,EPE
61881,CPLE
61871,ERCO
61840,ISNE
61835,PGE
61813,PJM
61752,PSCO
61740,SOCO
61726,ISNE
61701,SCEG
61680,MISO
61669,MISO
61646,MISO
61628,CISO
61614,SWPP
61602,ISNE
61598,ISNE
61562,ISNE
61533,CPLE
61498,SCEG
61496,PACW
61464,CISO
61444,CISO
61441,SOCO
61438,PJM
61419,CISO
61387,SOCO
61363,MISO
61288,CPLE
61283,CPLE
61279,CPLE
61272,TEPC
61244,ISNE
61212,ERCO
61197,TEPC
61107,CISO
61054,PJM
61052,FPL
61024,FPL
61002,ISNE
61000,SOCO
60951,MISO
60919,MISO
60892,MISO
60856,ERCO
60823,SWPP
60696,EPE
60694,MISO
60660,PJM
60655,SWPP
60638,PJM
60629,DUK
60627,CPLE
60586,SOCO
60559,MISO
60506,ERCO
60494,ISNE
60475,CISO
60450,CISO
60447,PJM
60397,DUK
60368,PJM
60341,PNM
60333,IPCO
60307,CISO
60281,CISO
60257,DUK
60253,PJM
60223,CISO
60213,PJM
60209,PJM
60197,PNM
60191,DUK
60190,PJM
60165,DUK
60071,FPC
60030,PJM
60010,IPCO
59988,MISO
59980,ISNE
59975,PSCO
59967,ISNE
59963,CISO
59960,PJM
59945,PACE
59870,CISO
59867,FPC
59862,SOCO
59854,PJM
59819,WALC
59809,TVA
59786,PACE
59777,ISNE
59768,ISNE
59757,PACE
59747,NEVP
59743,PJM
59729,SWPP
59702,PACE
59695,IPCO
59682,ISNE
59628,PJM
59611,FMPP
59591,PJM
59573,ISNE
59563,CPLE
59550,CISO
59499,CPLE
59497,DUK
59475,SWPP
59456,CISO
59438,ISNE
59429,PJM
59421,CISO
59416,CISO
59371,PJM
59370,PJM
59367,PJM
59328,CISO
59310,AECI
59262,CISO
59261,LDWP
59217,DUK
59189,CPLE
59186,PJM
59175,PJM
59149,PJM
59146,DUK
59144,WACM
59124,CPLE
59094,CISO
59076,PACW
59044,TEPC
59029,ISNE
59026,PJM
59023,ISNE
59020,AZPS
59017,DUK
59002,CISO
58992,ISNE
58963,CISO
58946,ERCO
58934,ISNE
58911,CISO
58886,MISO
58855,CPLE
58849,CPLE
58822,PJM
58811,PJM
58799,CPLE
58782,DUK
58774,ERCO
58762,CISO
58745,DUK
58742,DUK
58665,PJM
58660,PACE
58609,CISO
58601,PACE
58590,CISO
58564,PJM
58558,DUK
58505,PJM
58503,PGE
58497,PJM
58471,ERCO
58461,MISO
58451,CISO
58448,CISO
58429,CISO
58419,CISO
58386,PJM
58372,ERCO
58345,CPLE
58338,CPLE
58337,DUK
58295,NYIS
58276,ISNE
58261,BANC
58257,DUK
58201,NYIS
58195,PJM
58191,PACE
58178,MISO
58159,ISNE
58136,PJM
58132,CISO
58113,CISO
58098,PNM
58095,PJM
58064,SOCO
58045,MISO
57990,ISNE
57983,ERCO
57980,PSCO
57979,ISNE
57976,MISO
57946,SWPP
57907,CISO
57751,ERCO
57740,SWPP
57732,MISO
57701,CISO
57679,AZPS
57648,NYIS
57646,PJM
57635,BPAT
57580,CISO
57573,CISO
57551,PACE
57499,CISO
57493,MISO
57490,CISO
57470,SC
57443,MISO
57421,MISO
57342,MISO
57306,LDWP
57289,MISO
57258,SWPP
57247,CISO
57226,CISO
57203,PJM
57129,NYIS
57091,WAUW
57045,SWPP
56979,ERCO
56954,DUK
56947,SWPP
56934,IPCO
56929,FPL
56919,MISO
56917,CISO
56887,PJM
56880,SWPP
56866,TVA
56854,BPAT
56831,MISO
56829,ISNE
56810,MISO
56808,PJM
56807,PJM
56806,ERCO
56795,ERCO
56785,PJM
56770,PJM
56706,CISO
56681,PJM
56680,PJM
56673,ERCO
56649,ERCO
56641,PJM
56594,NYIS
56557,SWPP
56556,LGEE
56499,WAUW
56488,SWPP
56481,PSCO
56469,PACW
56448,NBSO
56440,IPCO
56434,IPCO
56410,MISO
56391,MISO
56307,MISO
56291,ERCO
56275,CISO
56205,MISO
56200,MISO
56166,MISO
56144,CISO
56143,CISO
56141,NYIS
56120,SC
56081,SWPP
56079,MISO
56063,DUK
56052,PJM
56038,PJM
55996,MISO
55980,MISO
55927,SCEG
55925,MISO
55809,MISO
55770,MISO
55766,BANC
55752,CISO
55651,SWPP
55627,CISO
55607,PACE
55594,PJM
55586,ISNE
55567,MISO
55540,CISO
55405,NYIS
55400,CISO
55399,ERCO
55358,MISO
55318,FMPP
55313,ERCO
55298,PJM
55286,FPL
55188,PJM
55172,ERCO
55154,ERCO
55149,ISNE
55127,PSCO
55110,PJM
55088,MISO
55087,MISO
55068,ISNE
55065,SWPP
55053,ERCO
55051,MISO
55048,ISNE
55015,ERCO
54930,MISO
54926,MISO
54858,MISO
54803,ISNE
54780,MISO
54719,MISO
54668,BPAT
54639,ISNE
54626,CISO
54620,ISNE
54605,ISNE
54579,BPAT
54547,NYIS
54541,NYIS
54533,MISO
54459,ERCO
54426,FPC
54363,DUK
54341,MISO
54316,CPLE
54265,PJM
54242,CISO
54123,ISNE
54097,SWPP
54044,PJM
52163,CISO
52120,ERCO
52118,PJM
52084,SOCO
52058,NYIS
52017,MISO
50993,PACW
50960,PJM
50921,BPAT
50905,PNM
50900,PJM
50885,PJM
50758,ISNE
50755,CISO
50730,SOCO
50718,IPCO
50640,MISO
50632,CISO
50610,CISO
50566,MISO
50537,CISO
50514,NYIS
50498,ISNE
50479,PJM
50468,CPLE
50466,FPC
50433,MISO
50416,NYIS
50410,PJM
50389,MISO
50352,CISO
50292,NYIS
50234,CISO
50160,MISO
50159,MISO
50148,LDWP
50134,CISO
50129,CISO
50099,IPCO
50094,PJM
10902,NYIS
10839,ISNE
10824,ISNE
10823,ISNE
10807,IPCO
10802,ISNE
10790,ERCO
10766,ISNE
10741,ERCO
10706,CISO
10676,PJM
10562,JEA
10560,SOCO
10550,DUK
10479,CISO
10464,NYIS
10431,JEA
10398,PJM
10350,CISO
10204,TEC
10123,PJM
10121,SOCO
10074,CISO
10020,FPC
10008,JEA
8225,PJM
8224,NEVP
8106,MISO
8063,ERCO
8016,MISO
8013,MISO
7967,PNM
7942,CISO
7932,MISO
7922,MISO
7917,SOCO
7873,TEC
7857,MISO
7853,SWPP
7790,PACE
7775,PJM
7757,AECI
7705,JEA
7549,MISO
7470,MISO
7456,AVA
7436,CISO
7413,PACW
7336,PJM
7314,NYIS
7286,PJM
7277,DUK
7270,MISO
7159,MISO
7082,NEVP
7011,SWPP
6823,MISO
6594,AECI
6417,TVA
6416,ERCO
6415,SWPP
6395,BPAT
6394,BPAT
6391,PJM
6369,MISO
6206,WACM
6168,PJM
6166,PJM
6151,TVA
6138,SWPP
6106,PGE
6036,DUK
6021,WACM
6017,MISO
6009,MISO
6008,SRP
6001,SOCO
4182,WAUW
4162,PACE
4146,MISO
4139,MISO
4113,MISO
4043,MISO
4007,MISO
3995,MISO
3929,BPAT
3854,PSEI
3762,ISNE
3737,ISNE
3691,PACE
3665,PACE
3613,ERCO
3469,ERCO
3464,ERCO
3460,ERCO
3439,ERCO
3373,SWPP
3289,SCEG
3262,DUK
3179,PJM
3168,PJM
3154,PJM
3076,BPAT
3047,PGE
2991,SWPP
2975,SWPP
2966,SWPP
2936,PJM
2917,PJM
2878,PJM
2872,PJM
2852,PJM
2851,PJM
2843,PJM
2837,PJM
2780,TVA
2746,DUK
2735,DUK
2728,DUK
2576,NYIS
2560,NYIS
2399,PJM
2393,PJM
2383,PJM
2382,PJM
2299,SWPP
2273,SWPP
2193,NWMT
2137,MISO
2079,SWPP
2070,MISO
2053,MISO
2004,MISO
2002,MISO
1998,MISO
1969,MISO
1922,MISO
1774,MISO
1735,MISO
1729,MISO
1720,MISO
1707,MISO
1505,ISNE
1469,ISNE
1468,ISNE
1401,MISO
1393,MISO
1368,LGEE
1324,SWPP
1321,SWPP
1316,SWPP
1307,SWPP
1272,SWPP
1264,SWPP
1203,MISO
1200,MISO
1194,MISO
1192,MISO
1163,MISO
1137,SWPP
1128,MISO
1079,MISO
1046,MISO
1040,PJM
994,MISO
937,MISO
935,MISO
894,MISO
886,PJM
879,PJM
825,PACE
752,SOCO
701,SOCO
690,FPL
681,NSB
627,FPC
602,PJM
599,PJM
597,PJM
519,WACM
510,CISO
477,PSCO
468,PSCO
460,PSCO
433,BANC
419,CISO
402,LDWP
394,LDWP
318,CISO
314,IID
302,CISO
299,PACE
281,CISO
269,CISO
260,CISO
255,CISO
239,CISO
237,CISO
221,CISO
56,SOCO
17,SOCO
12,SOCO
70451,PACW
70440,PJM
70229,CISO
67800,PJM
66911,NYIS
66708,MISO
66301,ERCO
66131,MISO
66054,PJM
65844,ERCO
68797,CISO
68300,PSEI
65145,PJM
64599,NYIS
64156,DUK
63879,ERCO
63864,NYIS
63568,CPLE
63162,DUK
61038,ISNE
60934,MISO
59890,BPAT
59264,CISO
58778,BPAT
57528,CISO
57477,CISO
57228,CISO
57164,CISO
3506,ERCO
68994,CISO
65437,SCEG
63902,BPAT
67889,MISO
64203,SWPP
64166,DUK
62726,CISO
58303,CISO
57518,PJM
63066,MISO
62349,CPLE
62218,DUK
62213,CPLE
59471,AZPS
63822,PJM
61285,CISO
62230,DUK
61305,PJM
59418,PJM
58733,CPLE
58727,DUK
56657,PJM
60900,IPCO
57692,PSCO
52144,CISO
62796,MISO
61188,PJM
58291,CISO
56711,MISO
56583,MISO
55248,PJM
59859,ERCO
58087,PJM
3823,PJM
57709,TVA
59372,CISO
58916,CISO
58288,CISO
58287,CISO
58566,CPLE
56019,BPAT
70403,MISO
70399,MISO
70398,MISO
70380,MISO
70376,PJM
70356,PJM
70349,MISO
70333,PSCO
70313,NYIS
70270,PJM
70256,BANC
70254,PJM
70237,SWPP
70228,PJM
70219,SRP
70200,ERCO
70191,ISNE
70186,SWPP
70168,PJM
70166,PJM
70165,PJM
70164,PJM
70143,ISNE
70137,PSCO
70117,WACM
70109,CISO
70106,CISO
70090,MISO
70078,PJM
70068,PJM
70064,MISO
70059,ISNE
70056,PJM
70044,PJM
70038,CISO
70023,PJM
70020,SC
70016,MISO
69993,MISO
69976,ERCO
69946,PSCO
69944,MISO
69933,MISO
69914,PJM
69910,PJM
69908,PJM
69905,PJM
69896,CISO
69892,ERCO
69880,NWMT
69872,PJM
69860,PJM
69859,PJM
69842,PJM
69826,PJM
69812,MISO
69805,PJM
69804,MISO
69773,WALC
69762,NEVP
69757,PNM
69733,MISO
69725,MISO
69723,ISNE
69692,PJM
69662,CISO
69650,MISO
69643,PSCO
69623,NYIS
69588,ERCO
69571,NYIS
69563,CISO
69555,PJM
69554,PJM
69543,NYIS
69540,MISO
69532,EPE
69526,PJM
69512,ERCO
69503,MISO
69502,MISO
69501,MISO
69483,PSCO
69479,MISO
69451,AZPS
69447,ISNE
69415,ERCO
69408,PACW
69407,ERCO
69376,NYIS
69368,MISO
69308,MISO
69276,NYIS
69264,WALC
69248,NEVP
69212,NYIS
69201,PJM
69182,PJM
69179,NYIS
69178,MISO
69172,DUK
69152,ERCO
69109,PJM
69093,NYIS
69047,PJM
69031,PJM
69006,MISO
68996,MISO
68971,PJM
68970,PJM
68941,WACM
68919,MISO
68896,ERCO
68888,PACW
68887,LDWP
68863,NYIS
68843,MISO
68838,ERCO
68834,FPL
68819,FPL
68812,CPLE
68811,PJM
68802,SWPP
68801,WALC
68772,MISO
68762,ERCO
68744,MISO
68708,SWPP
68707,SWPP
68688,SPA
68626,SOCO
68583,ERCO
68581,ERCO
68552,NYIS
68531,MISO
68524,CISO
68490,ISNE
68469,PJM
68464,PACW
68445,PGE
68425,ERCO
68418,PJM
68377,SWPP
68372,FPC
68366,PSEI
68364,ERCO
68352,MISO
68351,ERCO
68327,ISNE
68321,CISO
68280,PJM
68279,PJM
68269,CISO
68265,CISO
68257,MISO
68228,NYIS
68223,DUK
68192,MISO
68184,MISO
68171,ERCO
68166,ERCO
68150,CISO
68137,PJM
68135,PJM
68100,MISO
68092,NYIS
68078,ERCO
68067,NYIS
67939,ISNE
67921,ISNE
67900,ISNE
67866,CISO
67852,MISO
67834,PJM
67819,NEVP
67796,MISO
67759,MISO
67755,MISO
67737,ERCO
67734,CISO
67732,MISO
67726,MISO
67719,PJM
67706,PJM
67666,PSCO
67596,MISO
67568,ERCO
67565,CISO
67552,ERCO
67527,MISO
67522,MISO
67496,ERCO
67488,TVA
67473,PJM
67452,ISNE
67417,ISNE
67411,ISNE
67403,NYIS
67401,PJM
67399,PJM
67394,MISO
67370,ISNE
67365,CISO
67358,ERCO
67313,ERCO
67302,WACM
67234,CISO
67217,PJM
67214,PJM
67208,FPC
67196,MISO
67171,PJM
67132,TVA
67119,ISNE
67111,ISNE
67107,PJM
67100,MISO
67088,MISO
67068,PJM
67066,PJM
67057,MISO
67053,DUK
67034,NYIS
67032,ISNE
67018,WACM
67008,MISO
67006,ERCO
66993,MISO
66987,MISO
66937,MISO
66921,TEC
66883,SWPP
66863,CISO
66840,PJM
66816,NYIS
66799,CISO
66790,ERCO
66789,ERCO
66767,NYIS
66756,MISO
66753,MISO
66749,NYIS
66743,MISO
66728,ISNE
66727,ISNE
66710,CPLE
66678,CISO
66620,CISO
66601,ERCO
66594,ERCO
66525,NYIS
66508,MISO
66500,CISO
66486,PJM
66485,PJM
66462,CISO
66459,CISO
66453,PJM
66445,PJM
66436,PSCO
66415,MISO
66398,ERCO
66356,DUK
66355,PGE
66349,BPAT
66342,ERCO
66326,IPCO
66316,PJM
66315,PJM
66247,PSCO
66235,NYIS
66221,NYIS
66185,MISO
66175,MISO
66097,PJM
66087,ISNE
66075,ISNE
66049,PJM
66026,SOCO
66016,MISO
66011,BPAT
65981,ERCO
65975,ERCO
65958,PJM
65936,PJM
65927,FPL
65908,FPL
65901,NYIS
65896,PJM
65888,FPL
65875,FPL
65872,FPL
65835,ERCO
65830,ERCO
65814,ERCO
65800,PJM
65776,ISNE
65738,SWPP
65700,ERCO
65676,CISO
65631,ERCO
65595,MISO
65581,ERCO
65576,ERCO
65567,CPLE
65555,CPLE
65534,ISNE
65531,MISO
65519,SEC
65501,FPC
65487,NYIS
65448,MISO
65435,NYIS
65403,PACE
65386,ISNE
65378,NYIS
65369,ISNE
65357,PJM
65320,PJM
65314,PJM
65298,NYIS
65289,PJM
65254,BANC
65245,CPLE
65237,PSCO
65222,NYIS
65213,PJM
65189,CISO
65158,NYIS
65157,NYIS
65109,ISNE
65050,PJM
64994,BANC
64986,MISO
64982,SWPP
64957,ERCO
64944,ERCO
64935,ERCO
64934,ERCO
64891,ERCO
64872,WACM
64849,PNM
64842,PJM
64818,MISO
64722,ISNE
64706,ISNE
64655,WACM
64647,PJM
64643,PJM
64630,CISO
64617,ISNE
64564,CISO
64478,CPLE
64476,CPLE
64454,ISNE
64426,TEPC
64417,ISNE
64411,PJM
64410,DUK
64406,CISO
64364,PJM
64349,ERCO
64347,ERCO
64336,SWPP
64335,SOCO
64330,PJM
64315,ERCO
64296,ERCO
64279,SOCO
64268,ISNE
64232,ISNE
64211,SOCO
64165,ERCO
64160,ISNE
64147,ISNE
64137,ISNE
64129,ISNE
64127,NYIS
64119,CPLE
64110,ISNE
64108,ISNE
64107,ISNE
64092,NYIS
64070,ISNE
64069,ISNE
64043,MISO
63989,PJM
63982,FPC
63966,MISO
63932,CISO
63913,NEVP
63907,MISO
63854,NYIS
63850,CISO
63835,DUK
63833,DUK
63778,BPAT
63734,DUK
63731,PSCO
63728,PNM
63725,MISO
63717,CISO
63709,MISO
63667,ISNE
63666,PJM
63654,PJM
63643,NYIS
63629,MISO
63612,CISO
63596,MISO
63577,MISO
63570,ISNE
63564,ISNE
63538,MISO
63524,PJM
63505,CPLE
63501,PJM
63458,SWPP
63457,PJM
63424,MISO
63361,CISO
63344,BPAT
63339,NYIS
63336,ISNE
63335,ERCO
63329,ERCO
63317,MISO
63295,MISO
63294,PJM
63277,PSCO
63258,SWPP
63254,FPC
63214,ISNE
63177,MISO
63136,ISNE
63133,WACM
63130,NYIS
63126,CISO
63118,MISO
63080,NEVP
63079,NYIS
63072,PJM
63055,NYIS
63036,MISO
63034,MISO
63029,PJM
63022,WACM
63017,DUK
63001,NEVP
62975,ISNE
62956,SWPP
62946,PJM
62921,FPL
62873,SEPA
62793,MISO
62791,PJM
62750,TEC
62724,NYIS
62700,CISO
62690,CISO
62646,ISNE
62628,PJM
62624,AECI
62611,CISO
62581,ISNE
62575,CISO
62569,MISO
62552,ISNE
62550,ISNE
62545,BANC
62544,PJM
62542,FPC
62530,NYIS
62519,NYIS
62502,NYIS
62407,PJM
62393,SOCO
62374,PJM
62330,PJM
62321,MISO
62305,MISO
62238,CPLE
62217,CPLE
62210,MISO
62113,CISO
62110,ISNE
62087,MISO
62077,BANC
62038,ERCO
62037,MISO
62002,NYIS
61976,SCEG
61955,MISO
61930,NEVP
61865,ERCO
61864,PJM
61827,PGE
61821,JEA
61766,FPL
61763,FPL
61759,SWPP
61744,PJM
61736,ISNE
61712,MISO
61618,SWPP
61613,ISNE
61585,MISO
61560,PACW
61556,PNM
61539,ISNE
61525,CPLE
61514,ERCO
61505,MISO
61501,CISO
61485,MISO
61478,MISO
61472,PSCO
61454,MISO
61453,MISO
61447,CISO
61428,MISO
61418,IID
61409,ERCO
61375,PJM
61366,CISO
61359,PJM
61337,NWMT
61313,SWPP
61282,PJM
61223,SWPP
61195,CPLE
61183,MISO
61177,MISO
61154,CISO
61119,PACE
61099,HECO
61008,ISNE
60938,MISO
60932,SWPP
60909,ISNE
60908,ISNE
60906,ISNE
60904,NYIS
60893,MISO
60888,MISO
60850,DUK
60839,PJM
60838,MISO
60806,PJM
60795,MISO
60765,PJM
60734,PJM
60733,PJM
60715,MISO
60701,FPC
60658,SCEG
60651,CPLE
60600,DUK
60594,CISO
60579,CPLE
60573,MISO
60539,CPLE
60519,MISO
60436,ERCO
60421,PACE
60419,NEVP
60406,SWPP
60403,DUK
60391,ISNE
60385,CISO
60372,ERCO
60345,FPL
60332,IPCO
60313,DUK
60274,ISNE
60200,DUK
60188,PJM
60186,CISO
60184,SOCO
60183,CISO
60154,CISO
60124,FMPP
60113,PJM
60072,DUK
60065,ISNE
60054,ISNE
60048,DUK
60013,SWPP
60009,IPCO
60007,CISO
60004,NYIS
59993,FPL
59948,PACW
59938,ERCO
59908,CPLE
59878,CISO
59875,MISO
59857,PJM
59847,PJM
59844,PJM
59826,CISO
59815,ISNE
59810,MISO
59794,PJM
59792,PJM
59769,TEC
59762,CPLE
59755,ISNE
59735,MISO
59724,ISNE
59723,IID
59706,DUK
59694,DUK
59669,CPLE
59625,ISNE
59601,PJM
59581,DUK
59561,CPLE
59558,PNM
59554,DUK
59539,CISO
59507,CPLE
59469,CISO
59467,MISO
59454,TEPC
59415,ISNE
59409,CISO
59407,EPE
59380,CISO
59332,ERCO
59329,CISO
59300,CISO
59277,PJM
59270,CISO
59256,CISO
59238,ERCO
59137,ISNE
59126,DUK
59125,CPLE
59100,CPLE
59082,ISNE
58990,CISO
58942,MISO
58933,PJM
58896,PJM
58853,CPLE
58844,PJM
58840,DUK
58834,MISO
58769,PSCO
58747,MISO
58741,CPLE
58716,ERCO
58681,ERCO
58674,DUK
58652,WALC
58633,CISO
58632,TEPC
58599,PACE
58583,ISNE
58572,SOCO
58543,AZPS
58520,PNM
58506,CISO
58498,CISO
58486,TEPC
58480,PJM
58459,MISO
58447,CISO
58437,CISO
58420,PJM
58407,MISO
58387,ISNE
58364,PJM
58347,CPLE
58315,DUK
58314,CPLE
58279,ISNE
58245,PJM
58228,PJM
58222,MISO
58194,PJM
58183,SWPP
58151,ERCO
58140,PJM
58105,CISO
58081,PSCO
58074,CISO
58035,ISNE
58000,ERCO
57978,CISO
57947,EPE
57914,NWMT
57898,FPL
57897,PJM
57878,ERCO
57872,SWPP
57846,PJM
57840,CISO
57839,PJM
57827,CISO
57764,CISO
57754,PJM
57690,NWMT
57682,CISO
57662,PJM
57655,CISO
57606,DUK
57591,EPE
57587,PJM
57560,AZPS
57557,CISO
57554,WACM
57502,FPL
57496,PACW
57459,CISO
57447,PJM
57411,PJM
57405,MISO
57402,DUK
57383,PJM
57376,NEVP
57375,MISO
57360,CISO
57359,CISO
57347,MISO
57324,AZPS
57291,CISO
57261,SWPP
57259,SWPP
57240,PJM
57232,CISO
57204,PJM
57202,JEA
57191,PJM
57189,AECI
57177,PJM
57113,PJM
57109,PJM
57095,ERCO
57079,LDWP
57025,MISO
56987,NYIS
56953,NYIS
56946,SWPP
56902,NYIS
56896,MISO
56862,CISO
56838,SWPP
56814,CISO
56792,MISO
56791,CISO
56752,PACE
56695,AVA
56633,NYIS
56626,MISO
56619,NYIS
56611,ERCO
56600,MISO
56545,DUK
56516,PSCO
56485,PGE
56483,ERCO
56450,PJM
56443,IPCO
56407,FPL
56405,NEVP
56399,ISNE
56359,AVRN
56341,DUK
56328,SWPP
56302,CISO
56279,PJM
56266,MISO
56231,SOCO
56219,SWPP
56211,ERCO
56203,MISO
56195,PACW
56192,BPAT
56134,CISO
56123,MISO
56094,SWPP
56011,CISO
55986,PJM
55972,SWPP
55968,ERCO
55763,PJM
55578,EPE
55570,MISO
55563,MISO
55414,FPC
55367,ERCO
55345,CISO
55339,CISO
55337,PJM
55320,ERCO
55315,MISO
55269,TVA
55257,TEPC
55232,TVA
55206,ERCO
55168,ERCO
55142,PJM
55100,ISNE
55091,ERCO
55039,PNM
55027,SWPP
55026,ISNE
55002,CPLE
54969,PJM
54968,MISO
54937,ISNE
54885,MISO
54860,PSEI
54857,MISO
54801,DUK
54794,MISO
54781,PJM
54758,ISNE
54717,MISO
54655,PJM
54556,PJM
54514,IPCO
54477,CISO
54453,CISO
54350,NEVP
54299,CISO
54296,CISO
54142,PSCO
54134,ISNE
54051,BPAT
52174,NEVP
52127,PACE
52115,CISO
52108,MISO
52107,CISO
52091,NYIS
52089,PJM
52054,MISO
52039,PACE
52007,PJM
50964,CISO
50955,ISNE
50886,AVA
50876,CISO
50803,JEA
50744,NYIS
50741,ISNE
50612,CISO
50570,TVA
50535,CISO
50487,MISO
50458,NYIS
50449,NYIS
50439,MISO
50375,CISO
50304,ERCO
50281,CISO
50245,TVA
50228,BPAT
50118,ERCO
50037,CISO
10903,PJM
10880,CISO
10849,MISO
10801,DUK
10765,ISNE
10761,NEVP
10752,NYIS
10748,CISO
10720,CISO
10699,SOCO
10672,JEA
10608,ISNE
10553,ISNE
10520,MISO
10503,NYIS
10501,CISO
10480,CISO
10466,MISO
10453,MISO
10443,CISO
10423,WACM
10325,PACE
10250,SOCO
10243,ERCO
10237,NYIS
10196,NYIS
10148,MISO
10129,PJM
10058,PJM
10027,CISO
9038,ISNE
8031,MISO
8026,WACM
8015,SPA
7995,PSCO
7984,MISO
7947,MISO
7867,PSEI
7858,GLHB
7847,SWPP
7832,BPAT
7826,DUK
7820,MISO
7810,MISO
7807,PJM
7627,BPAT
7595,MISO
7545,SWPP
7507,CISO
7458,PSCO
7452,BANC
7399,MISO
7377,MISO
7373,WACM
7317,WAUW
7266,BANC
7247,SWPP
7128,PJM
7079,IPCO
7063,SOCO
7039,NWMT
6791,SWPP
6598,ISNE
6585,ISNE
6560,PJM
6546,PJM
6543,PJM
6517,DUK
6510,NEVP
6433,SCL
6400,WAUW
6388,ISNE
6265,PACW
6202,SCL
6120,PSEI
6094,PJM
6042,FPL
6031,PJM
6019,PJM
4258,PJM
4201,MISO
4120,MISO
4114,MISO
4064,MISO
4062,MISO
4019,MISO
3948,PJM
3947,PJM
3936,PJM
3925,BPAT
3887,BPAT
3866,AVA
3826,PJM
3800,PJM
3772,PJM
3723,ISNE
3646,PACE
3612,ERCO
3492,ERCO
3468,ERCO
3456,EPE
3455,ERCO
3399,TVA
3393,TVA
3236,ISNE
3157,PJM
3115,PJM
3034,PACW
2906,PJM
2876,PJM
2869,PJM
2822,MISO
2779,TVA
2732,DUK
2721,DUK
2716,CPLE
2715,CPLE
2642,NYIS
2608,NYIS
2604,NYIS
2594,NYIS
2579,NYIS
2573,NYIS
2571,NYIS
2522,NYIS
2265,SWPP
2228,SWPP
2223,SWPP
2158,SPA
2138,MISO
2134,SWPP
2107,MISO
2078,SWPP
2068,MISO
2013,MISO
1740,MISO
1716,MISO
1678,ISNE
1634,ISNE
1604,ISNE
1592,ISNE
1510,ISNE
1508,ISNE
1491,ISNE
1448,MISO
1391,MISO
1374,LGEE
1355,LGEE
1298,SWPP
1276,SWPP
1202,MISO
1184,MISO
1172,MISO
1121,SWPP
1032,MISO
1005,MISO
988,PJM
898,MISO
876,PJM
869,PJM
814,IPCO
813,IPCO
785,SWPP
748,TEC
727,SOCO
703,SOCO
702,SOCO
685,FMPP
613,FPL
610,FPL
562,ISNE
551,ISNE
514,WACM
507,WACM
487,CISO
483,CISO
424,CISO
420,CISO
384,PJM
361,CISO
289,CISO
274,CISO
265,CISO
258,CISO
226,CISO
214,CISO
199,SPA
173,MISO
161,TIDC
136,SEC
116,AZPS
18,SOCO
15,SOCO
10,SOCO
70441,SWPP
66869,TEC
66744,SEPA
66704,ERCO
66510,CISO
66431,SOCO
66306,ERCO
66300,ERCO
66298,ERCO
66130,PJM
65904,PJM
65852,ERCO
65789,CISO
68527,CISO
68345,NWMT
68313,PJM
68310,PJM
65148,ISNE
64236,NYIS
64206,DUK
63867,NYIS
63783,CISO
63310,MISO
62429,PJM
60697,SWPP
60212,PJM
60211,PJM
59758,PACE
58941,PJM
58894,BPAT
57391,TEPC
57234,CISO
56306,CISO
7956,MISO
7732,EPE
7728,CPLE
68381,SWPP
58406,SWPP
55655,SWPP
65064,PJM
64348,SOCO
62577,CISO
62307,CPLE
66038,ISNE
63067,MISO
62182,CPLE
61239,ISNE
65651,LDWP
64819,CISO
58888,ERCO
61517,ISNE
60871,MISO
60221,ERCO
60164,DUK
60139,DUK
56903,NYIS
60899,IPCO
58988,WALC
56579,MISO
59612,FMPP
58693,MISO
56214,CISO
58188,CISO
57215,SC
70381,MISO
70375,MISO
70330,ERCO
70322,NYIS
70314,NYIS
70297,SWPP
70286,PJM
70234,PJM
70220,CPLE
70213,SWPP
70182,PJM
70170,PJM
70167,PJM
70130,TVA
70116,WACM
70112,PACE
70081,PJM
70073,PJM
70072,PJM
70055,PJM
70036,PJM
70018,NYIS
70005,PJM
69995,PJM
69979,PJM
69945,MISO
69942,ISNE
69921,PJM
69915,PJM
69907,PJM
69875,PJM
69844,MISO
69835,PJM
69797,MISO
69764,PJM
69752,ERCO
69748,PACE
69737,LDWP
69734,CISO
69704,PJM
69688,SOCO
69630,PJM
69628,ERCO
69618,NYIS
69577,MISO
69574,ERCO
69499,ISNE
69497,PNM
69490,MISO
69489,MISO
69480,MISO
69430,MISO
69414,ERCO
69411,ERCO
69409,NYIS
69396,NYIS
69391,NYIS
69387,PJM
69384,NYIS
69379,NYIS
69371,PJM
69361,ERCO
69352,ERCO
69344,ERCO
69330,PJM
69327,MISO
69326,MISO
69287,PSCO
69286,ERCO
69280,NYIS
69251,ERCO
69230,PJM
69204,MISO
69202,PJM
69199,CISO
69175,MISO
69159,MISO
69158,MISO
69153,NYIS
69133,ISNE
69118,PJM
69071,SWPP
69063,MISO
69057,AZPS
69056,AZPS
69034,MISO
69002,ISNE
68983,BANC
68953,CISO
68944,WACM
68905,ISNE
68897,MISO
68893,MISO
68880,MISO
68817,FPL
68809,ERCO
68751,MISO
68745,MISO
68730,ERCO
68720,SWPP
68717,MISO
68691,SWPP
68690,SWPP
68685,ERCO
68674,ISNE
68672,CISO
68661,CISO
68655,ISNE
68653,NYIS
68636,ISNE
68634,CISO
68631,NYIS
68621,SOCO
68609,SOCO
68608,PJM
68602,DUK
68591,PJM
68556,TVA
68550,PACW
68517,SWPP
68511,PJM
68510,PJM
68496,ERCO
68489,PJM
68479,ERCO
68456,ERCO
68449,PGE
68446,PGE
68420,NYIS
68415,MISO
68414,AZPS
68411,ERCO
68398,MISO
68391,PJM
68389,NYIS
68380,ERCO
68354,ERCO
68347,ERCO
68346,NYIS
68341,PSEI
68339,MISO
68326,TVA
68319,MISO
68301,PJM
68263,MISO
68211,PJM
68209,CISO
68154,NYIS
68141,PJM
68140,PJM
68132,PJM
68104,SOCO
68095,TVA
68094,MISO
68080,ERCO
68035,CISO
68029,MISO
68021,PACE
68010,NYIS
68000,PJM
67997,DUK
67992,MISO
67988,SOCO
67964,AZPS
67963,ERCO
67936,WACM
67904,ISNE
67873,MISO
67832,MISO
67831,ISNE
67821,TEPC
67818,CISO
67811,PJM
67801,PJM
67795,MISO
67765,ERCO
67751,PJM
67720,PJM
67714,PJM
67712,PGE
67705,MISO
67688,MISO
67681,PJM
67670,PJM
67646,PJM
67644,MISO
67640,NYIS
67631,NYIS
67623,PJM
67610,NYIS
67605,NYIS
67563,ERCO
67557,PJM
67556,ERCO
67536,MISO
67530,PJM
67518,SWPP
67513,MISO
67501,PACE
67460,PJM
67436,IPCO
67432,CISO
67426,NYIS
67423,ISNE
67383,MISO
67378,NYIS
67340,ISNE
67336,ISNE
67330,ISNE
67317,ERCO
67310,ERCO
67269,PJM
67221,NYIS
67206,FPC
67182,FPL
67157,PACW
67145,PJM
67143,ISNE
67142,ISNE
67139,PJM
67125,TVA
67114,PJM
67084,PJM
67047,SOCO
67043,CPLE
67015,ISNE
67014,ISNE
66995,MISO
66977,MISO
66976,ERCO
66973,MISO
66963,PJM
66933,ERCO
66932,ERCO
66922,ERCO
66907,ISNE
66903,ERCO
66874,ISNE
66851,MISO
66843,PJM
66815,PJM
66780,MISO
66738,SWPP
66687,TVA
66684,LDWP
66682,NYIS
66671,SOCO
66663,NYIS
66658,PJM
66615,MISO
66603,CISO
66598,CISO
66596,ERCO
66590,MISO
66585,ISNE
66569,IPCO
66559,ERCO
66543,SOCO
66505,CISO
66497,ISNE
66469,CISO
66454,PJM
66449,NYIS
66386,NYIS
66383,DUK
66376,CPLE
66372,DUK
66366,MISO
66354,PGE
66309,ERCO
66275,NYIS
66268,ISNE
66223,NYIS
66209,NYIS
66201,ISNE
66178,WACM
66177,NYIS
66170,ERCO
66160,PJM
66113,SWPP
66076,ISNE
66015,MISO
66007,ERCO
65963,AZPS
65947,ERCO
65906,FPL
65894,ERCO
65890,PJM
65863,FPL
65859,ISNE
65854,ERCO
65826,NYIS
65791,PJM
65749,PACW
65709,ISNE
65701,ERCO
65695,ERCO
65669,ISNE
65650,ISNE
65632,MISO
65615,CISO
65591,CISO
65587,NYIS
65579,ERCO
65572,MISO
65561,NYIS
65547,CPLE
65546,ERCO
65530,MISO
65497,MISO
65471,PJM
65455,MISO
65441,MISO
65430,FPL
65399,NYIS
65380,PACE
65330,LDWP
65318,PJM
65284,PJM
65246,CPLE
65103,PNM
65092,ISNE
65077,PJM
65076,PJM
65055,ISNE
65054,ISNE
65038,FPL
65029,MISO
64999,ERCO
64972,PJM
64949,ERCO
64945,ERCO
64914,CISO
64907,MISO
64873,PJM
64869,MISO
64815,ERCO
64808,ERCO
64789,MISO
64788,NYIS
64773,ERCO
64771,ERCO
64757,FPL
64715,ISNE
64692,ISNE
64689,PJM
64612,CISO
64584,SOCO
64570,SOCO
64550,PJM
64548,SWPP
64543,PJM
64525,NYIS
64507,TVA
64502,PJM
64483,MISO
64434,ISNE
64424,ERCO
64399,CISO
64387,ISNE
64376,CISO
64370,ISNE
64310,NYIS
64297,ERCO
64294,ERCO
64233,ERCO
64228,MISO
64222,SWPP
64219,ISNE
64180,PJM
64173,DUK
64169,PJM
64123,PACE
64116,ISNE
64093,PJM
64091,NYIS
64056,MISO
64024,PSCO
64007,PGE
63972,PACE
63959,PGE
63944,ISNE
63909,PJM
63883,ERCO
63860,PNM
63853,MISO
63840,ERCO
63838,PJM
63808,SC
63802,FPC
63797,ERCO
63779,BPAT
63761,CISO
63711,CISO
63699,CISO
63696,PJM
63659,ISNE
63657,MISO
63652,CISO
63646,NYIS
63616,CISO
63614,CISO
63613,CISO
63602,NYIS
63597,MISO
63575,SWPP
63557,ISNE
63526,PJM
63511,NYIS
63490,CISO
63475,ISNE
63460,MISO
63439,CISO
63413,PJM
63341,NYIS
63320,ERCO
63319,MISO
63279,NYIS
63257,PJM
63233,ERCO
63225,CPLE
63221,MISO
63213,MISO
63195,PJM
63178,MISO
63166,MISO
63156,MISO
63151,MISO
63147,MISO
63144,MISO
63132,ISNE
63129,NYIS
63120,MISO
63101,ERCO
63092,WACM
63049,PACW
63045,MISO
63004,MISO
62997,CPLE
62977,ISNE
62922,FPL
62920,NYIS
62910,PJM
62902,CISO
62900,TVA
62885,SOCO
62849,MISO
62820,DUK
62773,ERCO
62761,NYIS
62748,PJM
62741,PJM
62681,MISO
62676,MISO
62671,CISO
62670,PJM
62653,PJM
62647,MISO
62630,ERCO
62622,PJM
62592,PJM
62525,NYIS
62520,NYIS
62503,ISNE
62477,NYIS
62469,PACE
62441,CISO
62437,MISO
62398,NYIS
62394,FPL
62382,ISNE
62352,CPLE
62344,CPLE
62319,NWMT
62302,ISNE
62263,AVA
62239,PSCO
62229,SC
62216,CPLE
62178,CISO
62177,CISO
62159,NYIS
62139,MISO
62138,MISO
62118,ISNE
62057,SOCO
62046,MISO
62023,ISNE
61932,NEVP
61885,MISO
61857,ISNE
61834,CISO
61833,DUK
61829,PGE
61826,MISO
61792,CISO
61791,CISO
61775,ISNE
61733,TVA
61723,CISO
61710,MISO
61709,MISO
61705,MISO
61694,FPC
61678,SRP
61677,SWPP
61621,CISO
61615,SWPP
61608,PJM
61601,PJM
61595,MISO
61578,NYIS
61564,MISO
61543,MISO
61541,ISNE
61518,ISNE
61508,PACE
61499,ISNE
61429,ISNE
61427,MISO
61408,ISNE
61370,ERCO
61346,ERCO
61342,ISNE
61308,ISNE
61307,ISNE
61290,NWMT
61275,CPLE
61270,SWPP
61264,CISO
61263,PJM
61262,MISO
61237,ISNE
61216,CISO
61215,CISO
61210,NYIS
61187,CPLE
61157,DUK
61156,DUK
61155,NWMT
61144,MISO
61142,MISO
61129,CPLE
61126,PJM
61125,ISNE
61106,MISO
61087,CPLE
61053,PJM
60985,PJM
60960,LDWP
60921,CPLE
60920,CPLE
60885,NEVP
60882,PJM
60782,PJM
60777,CISO
60757,ISNE
60751,SWPP
60743,ERCO
60739,PJM
60699,CISO
60682,ERCO
60675,AVA
60618,PJM
60592,SWPP
60577,CPLE
60576,CPLE
60565,CISO
60549,DUK
60526,MISO
60525,MISO
60516,CISO
60471,PJM
60445,IPCO
60424,ISNE
60409,DUK
60367,CPLE
60364,DUK
60356,PJM
60346,MISO
60310,CISO
60302,PJM
60252,MISO
60217,ERCO
60189,PJM
60151,CISO
60110,ISNE
60102,MISO
60081,CISO
60076,ISNE
60050,DUK
60043,CISO
60039,CISO
60033,CISO
60023,PSCO
60015,PJM
59982,MISO
59981,MISO
59978,PACW
59972,ERCO
59944,PJM
59941,PACE
59931,MISO
59910,PJM
59906,PJM
59872,CISO
59835,CPLE
59832,CPLE
59828,CPLE
59822,ISNE
59814,CISO
59763,CPLE
59750,ISNE
59746,CISO
59740,CISO
59715,PJM
59701,ISNE
59689,SOCO
59686,FPL
59649,ERCO
59643,PJM
59641,PJM
59626,ISNE
59624,ISNE
59619,PNM
59614,PJM
59565,CPLE
59545,PJM
59527,PJM
59525,CISO
59522,CISO
59508,CPLE
59501,CPLE
59490,IPCO
59462,SWPP
59425,MISO
59384,ERCO
59360,CISO
59357,PACW
59339,CISO
59315,LDWP
59305,ISNE
59283,CISO
59268,CISO
59235,CISO
59231,MISO
59224,MISO
59219,CISO
59187,SWPP
59157,CPLE
59119,DUK
59045,SWPP
59031,ISNE
58983,CISO
58960,CISO
58932,MISO
58912,CISO
58908,MISO
58884,MISO
58882,PJM
58839,ISNE
58823,MISO
58818,PJM
58770,MISO
58766,ERCO
58755,CISO
58739,DUK
58700,SC
58677,MISO
58657,MISO
58653,PJM
58646,CISO
58634,CISO
58616,CISO
58562,EPE
58560,PJM
58559,TVA
58540,PNM
58523,BPAT
58481,WACM
58462,CISO
58457,MISO
58454,CISO
58439,PJM
58430,CISO
58411,ISNE
58404,SWPP
58398,IID
58377,PJM
58366,CISO
58348,DUK
58328,PJM
58320,CISO
58281,HECO
58273,CPLE
58235,PJM
58230,MISO
58214,ISNE
58204,CISO
58164,MISO
58150,PACW
58123,PJM
58082,PJM
58071,MISO
58066,MISO
58046,DUK
58027,ERCO
58024,SWPP
58022,IPCO
58019,IPCO
57936,SOCO
57928,MISO
57910,SWPP
57890,BPAT
57880,MISO
57848,PJM
57834,CISO
57829,AZPS
57795,AZPS
57793,CISO
57789,NYIS
57785,BANC
57779,BANC
57767,MISO
57765,AZPS
57743,CISO
57722,CISO
57708,CISO
57683,CISO
57674,ISNE
57669,BANC
57660,PJM
57625,MISO
57604,ISNE
57521,CISO
57500,MISO
57498,CISO
57497,CISO
57494,PJM
57491,CISO
57488,PJM
57483,CISO
57481,ISNE
57472,NYIS
57463,PJM
57414,ISNE
57394,CISO
57377,PSCO
57373,CISO
57367,PJM
57333,AVRN
57303,ERCO
57302,CISO
57284,PJM
57269,ISNE
57222,CISO
57220,CISO
57216,PJM
57196,DUK
57184,ISNE
57179,ISNE
57163,CISO
57124,IPCO
57103,ISNE
57083,ISNE
57078,NYIS
57027,CISO
57023,SWPP
57004,CISO
56964,NYIS
56944,CISO
56913,MISO
56909,CISO
56904,NYIS
56891,ISNE
56876,MISO
56874,CISO
56872,PJM
56848,PJM
56793,MISO
56784,SWPP
56781,PACW
56773,ERCO
56696,BPAT
56683,PJM
56674,ERCO
56661,ERCO
56631,TIDC
56629,ISNE
56609,WACM
56593,ERCO
56589,MISO
56562,SWPP
56527,ISNE
56525,MISO
56518,GVL
56474,CISO
56473,CISO
56461,PACW
56445,PSCO
56355,MISO
56351,SWPP
56346,CISO
56322,PSEI
56280,PJM
56269,MISO
56245,MISO
56139,MISO
56126,AECI
56114,MISO
56062,DUK
56010,MISO
55864,HECO
55853,CISO
55829,ISNE
55736,PJM
55718,MISO
55685,MISO
55618,PJM
55590,ISNE
55574,MISO
55554,ERCO
55552,ERCO
55510,CISO
55486,MISO
55478,WACM
55463,SWPP
55412,TEC
55404,MISO
55395,MISO
55380,MISO
55357,MISO
55354,MISO
55342,MISO
55332,SOCO
55328,GRID
55317,ISNE
55297,PJM
55295,CISO
55292,TVA
55278,WACM
55267,SOCO
55251,TVA
55230,ERCO
55201,MISO
55179,AVA
55132,ERCO
55090,AVA
54932,PJM
54924,PJM
54898,TVA
54878,NYIS
54802,SOCO
54790,PJM
54785,PJM
54775,MISO
54752,SOCO
54730,SOCO
54729,WACM
54705,MISO
54694,AZPS
54663,ISNE
54658,TEC
54637,MISO
54623,FPL
54564,NYIS
54550,SOCO
54536,MISO
54458,ERCO
54454,CISO
54427,MISO
54387,PSEI
54386,IPCO
54347,TEC
54338,ERCO
54302,ISNE
54101,SOCO
52193,PJM
52187,PACW
52169,CISO
52155,PACW
52132,ERCO
52006,MISO
50945,PACW
50937,MISO
50906,PNM
50892,CISO
50860,MISO
50664,ISNE
50658,PJM
50621,ISNE
50620,MISO
50541,CISO
50510,TEC
50423,PACW
50260,MISO
50157,MISO
50128,CISO
50034,NYIS
50012,PJM
10840,CISO
10838,ISNE
10815,CISO
10793,PJM
10732,PJM
10708,CISO
10671,SWPP
10646,ISNE
10641,PJM
10627,MISO
10620,NYIS
10568,MISO
10567,ISNE
10554,ERCO
10540,NYIS
10491,ISNE
10446,CISO
10426,SOCO
10418,ERCO
10356,NBSO
10302,PJM
10288,CISO
10279,SWPP
10261,ERCO
10197,NYIS
10191,CISO
10184,ERCO
10167,ERCO
10156,CISO
10149,MISO
10072,SWPP
10052,CISO
10048,LDWP
10043,PJM
10042,CISO
10034,CISO
10017,PJM
10013,MISO
9842,SCL
8906,NYIS
8059,SWPP
7991,MISO
7921,MISO
7884,MISO
7872,PJM
7865,MISO
7863,MISO
7850,MISO
7818,MISO
7799,MISO
7778,PJM
7774,PJM
7552,BANC
7527,BANC
7511,BPAT
7505,MISO
7504,WACM
7451,CISO
7427,BPAT
7392,SWPP
7378,MISO
7210,SCEG
7200,MISO
7190,IPCO
7013,SWPP
6645,CISO
6641,MISO
6635,ISNE
6618,ISNE
6527,NYIS
6524,NEVP
6432,SCL
6406,BPAT
6397,IPCO
6257,SOCO
6250,CPLE
6192,SOCO
6179,ERCO
6165,PACE
6149,PJM
6130,SOCO
6124,SOCO
6095,SWPP
6063,MISO
6045,FPL
6040,PJM
6020,PJM
4259,MISO
4121,MISO
4077,MISO
4072,MISO
4059,MISO
4056,MISO
4041,MISO
4014,MISO
3989,MISO
3920,TPWR
3916,TPWR
3915,TPWR
3886,DOPD
3867,AVA
3821,PJM
3750,ISNE
3745,ISNE
3722,ISNE
3683,PACE
3676,PACE
3648,PACE
3548,ERCO
3487,SWPP
3438,ERCO
3356,SWPP
3344,SWPP
3305,DUK
3162,PJM
3161,PJM
3120,PJM
3111,PJM
3110,PJM
3080,BPAT
3068,BPAT
3044,PGE
3028,PACW
3021,PACW
3000,SWPP
2987,SPA
2933,PJM
2860,PJM
2832,PJM
2726,DUK
2611,NYIS
2609,NYIS
2563,NYIS
2561,NYIS
2557,NYIS
2545,NYIS
2502,NYIS
2491,NYIS
2481,NYIS
2469,SWPP
2454,SWPP
2406,PJM
2404,PJM
2356,ISNE
2336,NEVP
2316,SWPP
2238,SWPP
2139,SWPP
2124,SPA
2060,MISO
2012,MISO
2008,MISO
1970,MISO
1964,MISO
1888,MISO
1880,MISO
1877,MISO
1856,PJM
1844,MISO
1831,MISO
1784,MISO
1781,MISO
1761,PJM
1739,MISO
1732,MISO
1731,MISO
1727,MISO
1719,MISO
1626,ISNE
1605,ISNE
1573,PJM
1567,PJM
1557,PJM
1501,ISNE
1492,ISNE
1480,ISNE
1443,MISO
1439,MISO
1366,LGEE
1320,SWPP
1262,SWPP
1250,SWPP
1248,SWPP
1186,MISO
1175,MISO
1164,SWPP
1142,MISO
1073,MISO
990,MISO
889,MISO
856,MISO
823,IPCO
819,IPCO
818,IPCO
812,IPCO
809,IPCO
759,SOCO
717,SOCO
683,FMPP
664,GVL
663,GVL
554,ISNE
553,ISNE
534,BANC
505,WAUW
495,WACM
491,PSCO
471,PSCO
414,CISO
389,IID
386,IID
382,CISO
344,CISO
331,CISO
326,CISO
297,PACW
290,CISO
240,CISO
218,CISO
196,SPA
171,MISO
160,WALC
126,TEPC
70409,PJM
67895,ERCO
66303,ERCO
829,PACE
68312,PJM
68250,TVA
68231,ERCO
68170,ERCO
68164,ERCO
65394,PJM
64703,ISNE
64131,ERCO
63876,CISO
62435,PJM
62426,PJM
61802,CISO
60292,DUK
60269,ERCO
60003,DUK
59263,CISO
59036,DUK
57920,WALC
57545,CISO
57541,CISO
57539,CISO
66746,PJM
64652,WACM
58931,ERCO
65147,PJM
65128,PJM
64558,NEVP
64474,ISNE
62636,NEVP
62351,CPLE
62273,NYIS
65704,SWPP
63210,PJM
61057,MISO
63014,DUK
60177,DUK
60172,DUK
59617,ERCO
56627,MISO
59165,CPLE
62608,MISO
58409,PJM
59258,CPLE
59568,DUK
58976,SWPP
57634,ISNE
57276,WALC
58922,CISO
58738,DUK
7939,PJM
58189,CISO
58120,NWMT
56455,PJM
56436,IPCO
70393,PJM
70371,CISO
70353,MISO
70347,PJM
70346,PJM
70343,ERCO
70329,NYIS
70318,NYIS
70293,PJM
70282,PJM
70278,PJM
70276,ISNE
70268,PJM
70266,PJM
70260,NYIS
70257,MISO
70202,PSCO
70180,FPL
70179,FMPP
70173,CISO
70161,ISNE
70160,ISNE
70077,PJM
70065,MISO
70062,PSCO
70060,ISNE
70041,MISO
70015,PJM
69998,PJM
69983,MISO
69954,ISNE
69953,PJM
69948,PJM
69926,PSCO
69918,PJM
69903,ERCO
69889,PNM
69854,NYIS
69838,MISO
69836,PJM
69824,ISNE
69810,MISO
69803,NYIS
69802,ISNE
69798,ERCO
69776,MISO
69761,MISO
69743,HECO
69720,ISNE
69687,ERCO
69679,PACE
69677,PACE
69644,ERCO
69636,ERCO
69619,PJM
69609,CISO
69592,NYIS
69567,PJM
69556,SWPP
69528,SWPP
69463,MISO
69456,ERCO
69440,MISO
69436,SOCO
69424,PACE
69319,MISO
69299,MISO
69293,PSCO
69279,ERCO
69240,MISO
69236,MISO
69208,NYIS
69206,NYIS
69177,MISO
69147,TVA
69140,PJM
69131,ISNE
69095,NYIS
69060,AZPS
69049,PJM
69037,SWPP
69017,WACM
68997,CISO
68993,PJM
68981,CISO
68976,ISNE
68961,MISO
68952,MISO
68885,PJM
68871,CPLE
68824,FPL
68800,MISO
68779,PJM
68778,PJM
68746,NYIS
68740,MISO
68705,WACM
68697,SWPP
68681,PJM
68676,NYIS
68665,ERCO
68656,ISNE
68644,MISO
68620,ISNE
68619,SOCO
68613,ERCO
68577,SWPP
68561,TVA
68546,SOCO
68544,PJM
68539,PJM
68534,MISO
68509,CISO
68506,MISO
68475,ISNE
68457,MISO
68437,ISNE
68408,PJM
68405,NYIS
68400,NYIS
68374,MISO
68333,SOCO
68331,FPL
68318,MISO
68213,ISNE
68189,ERCO
68153,PACE
68139,PJM
68131,PJM
68129,PJM
68090,ERCO
68088,SWPP
68060,DUK
68059,MISO
68049,MISO
68012,CISO
67987,ERCO
67985,ERCO
67927,ISNE
67917,ERCO
67907,MISO
67893,MISO
67867,ERCO
67862,SC
67857,DUK
67849,ERCO
67835,CISO
67826,ISNE
67810,PJM
67794,CISO
67784,ERCO
67783,ERCO
67763,ERCO
67739,ERCO
67729,MISO
67728,MISO
67707,PJM
67642,MISO
67566,ERCO
67521,MISO
67509,CISO
67481,NYIS
67480,NYIS
67476,ISNE
67464,ISNE
67454,AZPS
67410,ISNE
67408,ISNE
67404,PJM
67380,BANC
67375,ISNE
67359,ERCO
67352,PJM
67279,ISNE
67270,PJM
67262,AECI
67238,WACM
67205,FPC
67183,IPCO
67163,PJM
67151,ISNE
67137,PJM
67087,NYIS
67086,NYIS
67077,SWPP
67076,MISO
67051,DUK
67049,FPC
67021,SOCO
67005,MISO
66992,ERCO
66985,MISO
66974,MISO
66967,NYIS
66926,ERCO
66916,ERCO
66895,ERCO
66877,ISNE
66876,ISNE
66871,ERCO
66832,ISNE
66819,PJM
66804,ERCO
66802,PJM
66782,ERCO
66776,PJM
66775,ERCO
66769,NYIS
66765,NYIS
66760,MISO
66726,CISO
66712,CPLE
66711,CPLE
66683,MISO
66676,CISO
66632,MISO
66629,MISO
66624,MISO
66614,ERCO
66586,NYIS
66576,MISO
66568,PJM
66531,ERCO
66517,ERCO
66513,ISNE
66492,CISO
66484,PACE
66457,NYIS
66455,ISNE
66371,DUK
66359,PJM
66313,PJM
66193,MISO
66145,CISO
66142,CISO
66132,ERCO
66124,PJM
66088,CISO
66077,ISNE
66068,AECI
66023,CISO
66003,MISO
65999,PJM
65996,ISNE
65992,MISO
65976,MISO
65950,ISNE
65935,MISO
65930,PJM
65887,FPL
65886,FPL
65877,FPL
65818,DUK
65806,PSCO
65760,ERCO
65734,CISO
65730,SOCO
65725,MISO
65724,ISNE
65720,ISNE
65653,ISNE
65647,NYIS
65642,TVA
65622,PJM
65612,PJM
65588,ERCO
65584,CPLE
65515,MISO
65466,PJM
65460,ISNE
65429,FPL
65427,FPL
65418,PJM
65417,MISO
65410,ERCO
65402,PJM
65400,MISO
65365,CISO
65304,PJM
65300,NYIS
65291,TVA
65265,ERCO
65264,ERCO
65238,CISO
65235,PSCO
65203,CISO
65197,ISNE
65160,MISO
65154,ISNE
65152,ISNE
65080,PJM
65045,ISNE
65030,MISO
65027,PJM
65026,ERCO
65010,MISO
65009,MISO
65008,MISO
64979,ISNE
64978,ISNE
64974,AVRN
64971,PJM
64970,ISNE
64961,ERCO
64959,ERCO
64946,ERCO
64889,ERCO
64885,ERCO
64835,SWPP
64810,ERCO
64804,ERCO
64774,ERCO
64764,ISNE
64751,CISO
64748,NYIS
64735,PJM
64733,PJM
64713,CISO
64695,PNM
64690,PJM
64664,ISNE
64645,PJM
64591,ERCO
64555,NYIS
64534,MISO
64528,ERCO
64504,MISO
64464,MISO
64460,MISO
64438,CISO
64395,ISNE
64333,ISNE
64323,CISO
64321,ERCO
64262,MISO
64238,CPLE
64161,ISNE
64154,MISO
64126,NYIS
64113,ISNE
64112,ISNE
64088,PJM
64086,PJM
64062,ISNE
64057,BPAT
64050,CPLE
64046,NYIS
64017,NYIS
64002,CPLE
63978,FPC
63976,CPLE
63968,MISO
63953,ISNE
63948,PJM
63931,PJM
63901,NYIS
63895,ISNE
63887,ISNE
63862,NYIS
63826,MISO
63803,PSCO
63792,MISO
63774,NYIS
63772,NYIS
63757,ERCO
63754,FPL
63733,CPLE
63663,PGE
63644,NYIS
63635,DUK
63592,ISNE
63576,MISO
63572,ISNE
63542,MISO
63506,ISNE
63504,NEVP
63502,TEPC
63473,ISNE
63443,PGE
63433,MISO
63365,NEVP
63358,ISNE
63357,PJM
63355,PJM
63354,ISNE
63304,MISO
63276,PSCO
63247,MISO
63200,PJM
63193,ERCO
63191,ISNE
63175,MISO
63174,MISO
63154,MISO
63145,MISO
63137,MISO
63098,AECI
63090,MISO
63087,PJM
63083,PJM
63043,MISO
63003,PJM
62973,ISNE
62962,MISO
62960,SOCO
62945,ERCO
62917,FPL
62893,MISO
62891,MISO
62877,PSCO
62834,NYIS
62809,ERCO
62801,CISO
62800,MISO
62769,MISO
62759,NYIS
62707,MISO
62706,MISO
62691,PJM
62660,CPLE
62638,PJM
62617,MISO
62613,NYIS
62591,PACE
62549,NYIS
62540,CPLE
62539,CPLE
62518,NYIS
62460,CISO
62449,SOCO
62445,PSCO
62444,PJM
62443,ISNE
62420,MISO
62418,CISO
62414,MISO
62391,MISO
62390,PJM
62386,PJM
62353,SCEG
62339,MISO
62331,PJM
62296,CPLE
62270,NYIS
62266,ISNE
62233,CPLE
62211,SCEG
62192,MISO
62191,PNM
62173,TVA
62156,NYIS
62152,ERCO
62142,ERCO
62136,DUK
62130,MISO
62066,ISNE
62059,ISNE
62054,PJM
62024,ISNE
62001,NYIS
61996,SC
61984,SWPP
61965,PJM
61940,CPLE
61934,PJM
61917,NYIS
61902,NYIS
61900,NYIS
61878,MISO
61868,ERCO
61862,NEVP
61858,NWMT
61848,ERCO
61814,ISNE
61785,SOCO
61765,NYIS
61761,PACW
61727,ISNE
61719,NYIS
61692,IID
61686,MISO
61655,TEC
61654,TEC
61645,MISO
61642,NYIS
61638,MISO
61631,PACW
61625,ERCO
61612,ISNE
61527,DUK
61502,CISO
61495,MISO
61490,SCEG
61489,SCEG
61471,NYIS
61410,ERCO
61381,MISO
61373,ISNE
61358,PJM
61350,ISNE
61329,MISO
61222,CISO
61170,LDWP
61161,MISO
61138,MISO
61127,DUK
61117,CISO
61098,NEVP
61095,CPLE
61077,MISO
61044,PNM
61006,CISO
60964,WALC
60941,MISO
60931,SWPP
60926,MISO
60891,MISO
60854,ISNE
60801,PSCO
60800,DUK
60788,FPC
60785,NEVP
60759,PJM
60753,ISNE
60732,PJM
60700,ISNE
60690,ERCO
60687,SWPP
60685,TEPC
60672,SWPP
60669,PJM
60649,ERCO
60634,DUK
60623,CPLE
60596,NYIS
60553,CPLE
60512,SOCO
60503,MISO
60498,ISNE
60441,PGE
60438,PJM
60412,CISO
60408,DUK
60388,PJM
60386,CISO
60378,PJM
60371,TEC
60338,ERCO
60315,IID
60293,SCEG
60287,CPLE
60239,MISO
60233,CISO
60229,ISNE
60225,ISNE
60187,CISO
60144,DUK
60137,PJM
60136,DUK
60116,ISNE
60114,ISNE
60109,ISNE
60095,CISO
60060,CISO
60051,DUK
60036,PJM
60029,PJM
60026,LDWP
60014,FPL
60005,FPL
59934,SEPA
59932,PACE
59898,PJM
59896,SOCO
59877,CISO
59858,ISNE
59845,PJM
59821,ISNE
59796,PJM
59788,ISNE
59785,MISO
59774,MISO
59773,PJM
59760,CPLE
59741,ISNE
59725,ISNE
59708,CPLE
59685,PJM
59664,SWPP
59623,NYIS
59621,ERCO
59606,CPLE
59584,DUK
59567,CPLE
59511,DUK
59506,CPLE
59460,SPA
59448,MISO
59447,CISO
59436,MISO
59430,NEVP
59394,ISNE
59364,PJM
59359,CISO
59325,DUK
59320,ERCO
59278,PJM
59243,ERCO
59232,MISO
59223,MISO
59213,CPLE
59205,ERCO
59182,CISO
59136,ISNE
59134,ISNE
59133,CISO
59127,CPLE
59081,ISNE
59022,ISNE
59004,PJM
58991,CISO
58974,ISNE
58968,IPCO
58947,PJM
58924,MISO
58899,PNM
58893,SOCO
58874,CPLE
58868,CPLE
58866,CPLE
58859,CPLE
58846,CPLE
58750,CISO
58718,CISO
58713,CISO
58701,DUK
58699,CISO
58696,PSEI
58678,NYIS
58649,DUK
58623,CPLE
58619,CISO
58615,MISO
58614,ERCO
58597,PACE
58547,PSCO
58526,CPLE
58455,PACW
58427,MISO
58358,PJM
58350,CPLE
58309,CISO
58307,CISO
58292,AZPS
58266,PGE
58265,MISO
58262,AZPS
58256,PNM
58232,CISO
58180,ISNE
58179,TVA
58160,ISNE
58135,CPLE
58103,MISO
58061,TVA
58054,ISNE
58050,DUK
58023,PJM
58013,ERCO
57975,SWPP
57955,PJM
57940,PJM
57937,SWPP
57931,ISNE
57915,PACE
57883,SRP
57854,LDWP
57849,BANC
57847,PJM
57808,CISO
57787,SWPP
57782,BANC
57772,PJM
57759,PACW
57752,ERCO
57744,PJM
57735,CISO
57733,PJM
57727,PJM
57671,BANC
57657,TEPC
57656,CISO
57626,CISO
57623,PJM
57603,ISNE
57599,ISNE
57566,CISO
57564,CISO
57549,BPAT
57524,TEPC
57461,DUK
57442,NEVP
57392,TEPC
57387,MISO
57368,PSCO
57344,IPCO
57336,DUK
57325,PJM
57322,ERCO
57314,LDWP
57296,MISO
57230,CISO
57225,CISO
57185,NYIS
57176,PJM
57171,MISO
57168,FPL
57166,NEVP
57154,IID
57135,PJM
57098,SRP
57080,ISNE
57032,MISO
56971,PACW
56969,PACW
56966,PJM
56940,NYIS
56914,CISO
56905,SWPP
56879,SWPP
56847,ISNE
56824,MISO
56811,MISO
56794,MISO
56789,AVRN
56754,ERCO
56750,MISO
56692,PJM
56686,PJM
56665,SWPP
56650,SWPP
56643,MISO
56637,IPCO
56630,MISO
56615,CISO
56561,SWPP
56555,AECI
56548,DUK
56541,NEVP
56509,PACE
56493,TVA
56462,PJM
56426,ISNE
56424,MISO
56397,PJM
56379,MISO
56374,ERCO
56369,PJM
56362,CISO
56360,BPAT
56326,SWPP
56321,NEVP
56319,WACM
56318,PJM
56292,CPLE
56256,ISNE
56228,AZPS
56150,SOCO
56132,DUK
56129,DUK
56118,MISO
56099,MISO
56072,MISO
56026,CISO
56022,SWPP
55992,ERCO
55847,CISO
55813,CISO
55805,PJM
55776,ISNE
55773,PJM
55769,NYIS
55768,PJM
55764,MISO
55760,PJM
55656,CISO
55637,EPE
55626,CISO
55619,NYIS
55581,ERCO
55541,CISO
55517,ISNE
55514,NEVP
55504,WACM
55502,PJM
55470,ERCO
55460,PJM
55415,FPC
55406,SOCO
55343,PNM
55340,AECI
55287,MISO
55282,DEAA
55271,SOCO
55234,MISO
55216,PJM
55163,ISNE
55160,CISO
55137,ERCO
55116,DUK
55111,MISO
55103,AVRN
55102,MISO
55101,MISO
55046,ISNE
54995,MISO
54981,ISNE
54914,NYIS
54907,ISNE
54900,TVA
54852,ISNE
54805,ISNE
54789,SOCO
54750,CISO
54689,IID
54650,CISO
54628,EPE
54606,ERCO
54587,ISNE
54323,SOCO
54301,ISNE
54239,SOCO
54236,ISNE
54228,ISNE
54212,MISO
54144,PJM
54104,SWPP
52133,SWPP
52105,CISO
52086,CISO
52019,PJM
50999,ISNE
50971,FPL
50956,TVA
50932,MISO
50917,BPAT
50894,PJM
50883,ISNE
50881,CISO
50880,ISNE
50772,MISO
50702,ISNE
50652,NYIS
50636,MISO
50633,TEC
50627,PJM
50614,MISO
50552,CISO
50546,CISO
50474,FPC
50408,MISO
50407,SOCO
50406,ISNE
50354,NYIS
50300,CISO
50290,ISNE
50285,ISNE
50284,PJM
50240,MISO
50233,CISO
50225,ISNE
50201,SOCO
50170,CISO
50127,ERCO
50123,NYIS
50119,CISO
50115,CISO
50077,MISO
50064,CISO
50060,PJM
10866,MISO
10861,MISO
10857,SWPP
10820,CISO
10798,PJM
10773,PJM
10764,CISO
10731,PJM
10697,MISO
10677,CISO
10635,CISO
10633,PJM
10621,NYIS
10549,NYIS
10545,NYIS
10531,NYIS
10502,CISO
10494,ISNE
10475,MISO
10425,MISO
10379,CPLE
10328,MISO
10319,MISO
10238,NYIS
10223,MISO
10221,NYIS
10219,NYIS
10176,ISNE
10175,CISO
10154,ERCO
10115,CISO
10090,CISO
10050,MISO
10012,PJM
9864,ISNE
8034,SWPP
8028,WACM
8006,NYIS
7999,BPAT
7955,SWPP
7927,TVA
7926,MISO
7920,MISO
7912,NYIS
7900,ERCO
7888,MISO
7798,PJM
7797,PJM
7781,PJM
7763,MISO
7721,SOCO
7697,SOCO
7602,MISO
7584,MISO
7576,PJM
7538,CPLE
7408,PACE
7348,SOCO
7337,ISNE
7304,AECI
7179,WALC
7034,PACE
6651,MISO
6644,CISO
6619,WACM
6584,FMPP
6552,BPAT
6533,NEVP
6529,ISNE
6520,ISNE
6486,NYIS
6430,SCL
6373,SWPP
6246,FPL
6243,ERCO
6200,CHPD
6196,CISO
6193,SWPP
6190,MISO
6167,PJM
6163,BPAT
6152,TVA
4158,PACE
4127,MISO
4076,MISO
4045,MISO
4012,MISO
4002,MISO
3938,PJM
3914,TPWR
3804,PJM
3797,PJM
3796,PJM
3790,PJM
3776,PJM
3774,PJM
3728,ISNE
3725,ISNE
3717,ISNE
3697,PACE
3644,PACE
3600,ERCO
3576,ERCO
3491,ERCO
3419,TVA
3408,TVA
3404,TVA
3403,TVA
3352,MISO
3338,SWPP
3295,SCEG
3281,SCEG
3253,DUK
3164,PJM
3114,PJM
3096,PJM
3045,PGE
3029,PACW
3013,IPCO
2984,SWPP
2965,SWPP
2964,SWPP
2854,PJM
2850,PJM
2823,MISO
2730,DUK
2700,NYIS
2627,NYIS
2619,NYIS
2554,NYIS
2535,NYIS
2475,PNM
2453,SWPP
2368,ISNE
2352,ISNE
2305,SWPP
2292,SWPP
2291,SWPP
2290,SWPP
2268,SWPP
2226,SWPP
2191,NWMT
2187,NWMT
2146,AECI
2131,SWPP
2047,SOCO
1914,MISO
1852,MISO
1725,MISO
1643,ISNE
1631,ISNE
1587,ISNE
1572,PJM
1554,PJM
1552,PJM
1516,NBSO
1497,ISNE
1481,ISNE
1466,ISNE
1400,MISO
1383,MISO
1356,LGEE
1329,SWPP
1317,SWPP
1297,SWPP
1259,SWPP
1217,SWPP
1201,MISO
1198,MISO
1187,MISO
1141,MISO
1006,MISO
992,MISO
958,MISO
956,FPC
905,CISO
887,GLHB
841,PACE
840,BPAT
791,ERCO
689,TAL
650,NYIS
641,FPL
622,SCL
617,FPL
607,PSEI
559,ISNE
541,ISNE
525,PSCO
524,WACM
512,WACM
502,WACM
496,WACM
474,PSCO
470,WACM
457,CISO
447,WALC
438,CISO
422,CISO
350,CISO
282,CISO
272,CISO
259,CISO
203,MISO
198,SPA
162,TIDC
152,WALC
127,SWPP
114,AZPS
54,PJM
70446,MISO
70437,ISNE
70427,MISO
70420,BPAT
70414,PJM
70406,WALC
67881,PJM
67787,SOCO
66755,CISO
66302,ERCO
66294,ERCO
66139,PJM
65846,ERCO
65845,ERCO
65843,ERCO
68261,WACM
68093,SPA
68017,NEVP
67934,ERCO
64235,NYIS
63815,NYIS
63282,SOCO
61078,MISO
57181,CISO
56886,PJM
56366,MISO
55846,CISO
54311,MISO
7890,SEC
7708,SOCO
68383,ERCO
65938,MISO
64359,WACM
67888,MISO
65017,MISO
63955,PJM
63730,ERCO
62278,SCEG
52033,ISNE
63197,PJM
60483,IPCO
65795,LDWP
62314,CPLE
62311,DUK
62308,DUK
62292,CPLE
62068,PSEI
59194,MISO
64394,MISO
61304,PJM
59369,PJM
59336,ISNE
62231,SCEG
62214,DUK
61320,PJM
57694,PSCO
62650,NYIS
60780,DUK
56712,MISO
50743,NYIS
61123,CISO
58781,DUK
59588,CPLE
59229,MISO
59698,IPCO
58734,DUK
58532,CPLE
