plant_id_eia,max_mw,mean_mw,frac_off,ctypes,ttypes,n_cool,plant_name_eia,state,latitude,longitude,fuel
55250,290.0,8.645947176684881,0.9426229508196722,,,,University Park South,IL,41.440893,-87.753189,gas
55542,94.0,3.4642531876138434,0.9355646630236795,,,,Larkspur Energy Facility,CA,32.567041,-116.944197,gas
55625,49.0,0.8981102003642987,0.9707422586520947,,,,Creed Energy Center,CA,38.242158,-121.854722,gas
56143,198.0,10.123861566484518,0.9048269581056466,,,,Riverside Energy Resource Center,CA,33.9636,-117.4528,gas
60698,89.0,0.42349726775956287,0.985655737704918,,,,Stanton Energy Reliability Center Hybrid,CA,33.806801,-117.985758,gas
61966,97.0,24.87682149362477,0.6608606557377049,,,,Victoria Port Power II LLC,TX,28.698477,-96.946125,gas
62565,646.0,593.4295309653917,0.04815573770491803,RF,MW,1.0,"Hill Top Energy Center, LLC",PA,39.894212,-79.938201,gas
2880,372.0,38.58105646630237,0.7901867030965392,,,,Richland,OH,41.305203,-84.334622,gas
6095,1108.0,216.9005009107468,0.5630692167577414,RC,,1.0,Sooner,OK,36.45307,-97.05279,coal
55151,1025.0,250.06124772313296,0.27743624772313297,RI,MW,2.0,La Paloma Generating LLC,CA,35.2956,-119.5919,gas
55667,668.0,464.15744535519127,0.1305783242258652,RI,MW,1.0,Lower Mount Bethel Energy,PA,40.801924,-75.107563,gas
57978,203.0,59.5233378870674,0.63683970856102,RI,MW,1.0,Lodi Energy Center,CA,38.088056,-121.3875,gas
59004,811.0,557.3763661202186,0.15551001821493624,HRI,WD,1.0,Stonewall,VA,39.058056,-77.545,gas
2038,190.0,4.554075591985428,0.9510473588342441,,,,Cambridge CT,MN,45.601,-93.2081,gas
2042,22.0,0.020150273224043717,0.9981785063752276,,,,Maple Lake,MN,45.229073,-94.009673,oil
3441,671.0,212.10576047358833,0.3638433515482696,ON,,1.0,Nueces Bay,TX,27.819412,-97.419203,gas
52019,1244.0,648.2775500910747,0.007399817850637523,DC,MD,2.0,Doswell Energy Center,VA,37.820805,-77.446246,gas
54099,,0.0,,,,,Ticonderoga Mill,NY,43.891437,-73.396998,gas
55229,132.0,10.83879781420765,0.844148451730419,,,,Montpelier Electric Generating Station,IN,40.6206,-85.3057,gas
55402,699.0,126.19148451730419,0.6624544626593807,,,,Renaissance Power Plant,MI,43.1864,-84.8429,gas
55401,837.0,201.48622495446267,0.6375227686703097,,,,Rolling Hills Generating,OH,39.0839,-82.3328,gas
56471,50.0,1.1295537340619308,0.9711976320582878,,,,McGrath Peaker,CA,34.205556,-119.246944,gas
56596,113.0,85.44501366120218,0.10678506375227687,DC,MD,1.0,Wygen III,WY,44.2919,-105.3806,coal
3,3035.0,1641.621698542805,0.0,"ON,RI",MW,5.0,Barry,AL,31.0069,-88.0103,gas
113,417.0,165.90107012750457,0.47062841530054644,"RI,RC",MW,3.0,Cholla,AZ,34.9394,-110.3033,coal
1353,308.0,131.62374772313296,0.2604735883424408,RN,NW,1.0,Big Sandy,KY,38.1707,-82.6176,gas
6068,2349.0,699.2301912568306,0.16108834244080145,RI,MW,3.0,Jeffrey Energy Center,KS,39.286453,-96.117231,coal
880025,,0.0,,,,,"ConocoPhillips Co., Trainer Refinery",PA,39.8228,-75.4033,
880045,,0.0,,,,,University of Michigan,MI,42.2808,-83.7342,
880072,,0.0,,,,,Entriken Compressor Station,PA,40.3086,-78.1389,
880079,55.0,44.80316484517304,0.01081511839708561,,,,Tate & Lyle-Loudon,TN,35.7433,-84.3208,
2393,362.0,7.072062841530054,0.9586748633879781,RI,MW,1.0,Gilbert,NJ,40.565833,-75.163889,gas
54805,220.0,30.614640255009107,0.7933743169398907,RI,MD,1.0,Milford Power LP,MA,42.129361,-71.511496,gas
57703,113.0,42.79314663023679,0.1938752276867031,,,,Cheyenne Prairie Generating Station,WY,41.123611,-104.72,gas
404,649.0,124.93806921675774,0.5276639344262295,"DC,ON",MD,2.0,Scattergood,CA,33.918151,-118.427648,gas
470,1156.0,687.6131602914389,0.052823315118397086,"HRI,RI","WD,MW",3.0,Comanche (CO),CO,38.2081,-104.5747,coal
1403,2077.0,1042.6124772313296,0.05293715846994536,ON,,3.0,Nine Mile Point,LA,29.9472,-90.1458,gas
6041,1481.0,968.8724954462659,0.0,RI,MW,4.0,H L Spurlock,KY,38.7,-83.8181,coal
55320,821.0,406.3816029143898,0.35359744990892533,RI,MW,1.0,Wise County Power LLC,TX,33.0583,-97.9103,gas
6035,1092.0,177.12135701275045,0.5250455373406193,RC,,1.0,Greenwood (MI),MI,43.1056,-82.6964,gas
10244,,0.0,,,,,P H Glatfelter Co -Chillicothe Facility,OH,39.324611,-82.974039,waste
10294,121.0,4.40129781420765,0.9459244080145719,,,,King City Power Plant,CA,36.225,-121.1278,gas
55811,47.0,1.6724726775956285,0.9537795992714025,,,,King City Peaking,CA,36.224758,-121.124633,gas
10350,60.0,0.5297131147540983,0.9834927140255009,,,,Greenleaf 1 Power Plant,CA,39.052922,-121.696072,gas
10620,58.0,0.39344262295081966,0.9906648451730419,,,,Carthage Energy LLC,NY,43.9842,-75.6225,gas
10678,182.0,75.40384615384616,0.31204212454212454,,,,AES Warrior Run Cogeneration Facility,MD,39.595171,-78.745333,
54271,96.0,24.853597449908925,0.7160746812386156,,,,Saguaro Power,NV,36.0417,-115.0117,gas
54365,111.0,49.11247723132969,0.39230418943533696,,,,Orange Cogeneration Facility,FL,27.87082,-81.825061,gas
55654,100.0,23.454234972677597,0.7029826958105647,,,,Allegheny Energy Units 12 & 13,PA,39.866944,-77.685833,gas
315,1318.0,288.320810564663,0.4977231329690346,ON,,3.0,AES Alamitos LLC,CA,33.7688,-118.1009,gas
2081,394.0,3.589367030965392,0.9652777777777778,,,,Northeast (MO),MO,39.1228,-94.5606,oil
7504,126.0,82.76183970856103,0.04656193078324226,,,,Neil Simpson II,WY,44.2856,-105.3833,coal
7551,172.0,72.96857923497268,0.04747267759562841,,,,SCA Cogen 2,CA,38.530943,-121.400128,gas
7759,354.0,76.91586976320583,0.4862249544626594,,,,Georgetown,IN,39.902556,-86.24405,gas
4005,176.0,0.3566712204007286,0.9896402550091075,,,,French Island,WI,43.8292,-91.2597,oil
7336,173.0,18.681124772313296,0.8219489981785064,,,,Anderson,IN,40.0529,-85.7389,gas
50612,45.0,1.3198998178506376,0.96117941712204,,,,McKittrick Limited,CA,35.319503,-119.661992,gas
50732,,0.0,,,,,Mon Valley Works,PA,40.3925,-79.8564,gas
55112,573.0,200.04804189435336,0.30145719489981787,DC,MD,1.0,Sutter Energy Center,CA,39.053139,-121.695873,gas
55129,711.0,321.06102003642985,0.2797131147540984,RI,MW,1.0,Desert Basin,AZ,32.9042,-111.7889,gas
56238,99.0,22.213000910746814,0.644011839708561,,,,Groton Generating Station,SD,45.3735,-98.098689,gas
55927,967.0,539.9049408014572,0.1725865209471767,RI,MW,1.0,Jasper,SC,32.3594,-81.1242,gas
50481,,0.0,,ON,,1.0,Tennessee Eastman Operations,TN,36.5219,-82.5431,coal
55087,967.0,657.3967440801457,0.043943533697632056,RI,MW,1.0,Zeeland Generating Station,MI,42.8206,-85.9975,gas
55089,552.0,379.3678278688525,0.01104280510018215,RI,MW,1.0,Taft Cogeneration Facility,LA,29.9888,-90.4599,gas
673,,0.0,,,,,Tom G Smith,FL,26.612767,-80.0677,gas
683,132.0,8.230760473588342,0.845856102003643,,,,Indian River Plant,FL,28.493232,-80.780124,gas
703,3376.0,1334.0285746812385,0.008652094717668488,RN,NW,4.0,Bowen,GA,34.1256,-84.9222,coal
3490,652.0,124.68852459016394,0.549408014571949,RC,,1.0,Graham,TX,33.1344,-98.6117,gas
1233,157.0,13.300432604735883,0.730988160291439,RI,MW,1.0,Fort Dodge,KS,37.7328,-99.9497,gas
3264,919.0,660.1898907103825,0.08367486338797814,"RI,ON",MW,2.0,W S Lee,SC,34.6022,-82.435,gas
1595,320.0,264.18078324225866,0.08652094717668488,,,,Kendall Square Station,MA,42.3633,-71.0792,gas
3785,29.0,0.23713570127504555,0.9879326047358834,,,,Tasley,VA,37.7061,-75.7031,oil
3845,708.0,346.0662568306011,0.37852914389799636,RI,MW,1.0,Transalta Centralia Generation,WA,46.755938,-122.859764,coal
6463,29.0,0.06454918032786885,0.995787795992714,,,,Ames GT,IA,42.0272,-93.5828,oil
55197,903.0,603.8663479052823,0.07661657559198543,RI,MW,3.0,Caledonia,MS,33.6464,-88.2717,gas
7013,27.0,0.8170537340619308,0.9478597449908925,,,,East 12th Street,KS,37.2367,-96.9625,gas
7138,67.0,0.8303734061930783,0.9788251366120219,,,,Forked River,NJ,39.8154,-74.2098,gas
10743,,0.0,,,,,Morgantown Energy Facility,WV,39.6397,-79.960556,coal
2266,36.0,0.5947176684881603,0.9779143897996357,,,,Hebron,NE,40.187928,-97.577857,oil
7288,90.0,3.1413934426229506,0.9540072859744991,,,,Sherman Avenue,NJ,39.451,-75.0578,gas
7315,203.0,21.876024590163933,0.6492486338797814,,,,Almond Power Plant,CA,37.5744,-120.985,gas
8222,456.0,269.68875227686704,0.13513205828779598,RI,MW,1.0,Coyote,ND,47.221447,-101.815722,coal
55357,637.0,398.0182149362477,0.23098816029143898,RI,MW,1.0,Jack Fusco Energy Center,TX,29.4731,-95.6244,gas
1507,574.0,3.9229280510018216,0.9793943533697632,ON,,4.0,William F Wyman Hybrid,ME,43.7508,-70.1567,oil
56808,,0.0,,DC,MD,1.0,Virginia City Hybrid Energy Center,VA,36.916389,-82.338055,coal
880088,,0.0,,,,,Marathon Ashland Petroleum LLC,IL,39.0,-87.7222,
55544,102.0,16.434426229508198,0.7364526411657559,,,,Klamath Expansion Project,OR,42.172718,-121.814393,gas
56196,700.0,432.0499772313297,0.09483151183970856,DC,MD,1.0,500MW CC,NY,40.7889,-73.9069,gas
60925,1050.0,746.093010018215,0.09483151183970856,RI,MW,1.0,Montgomery County,TX,30.44083,-95.5275,gas
60903,707.0,139.52140255009107,0.6033697632058288,DC,MD,2.0,Salem Harbor Power Development LP,MA,42.525486,-70.878239,gas
62926,1255.0,838.5821948998179,0.14162112932604737,DC,MD,2.0,"Jackson Generation, LLC",IL,41.438536,-88.110626,gas
2271,36.0,0.42896174863387976,0.9844034608378871,,,,McCook,NE,40.2214,-100.6508,oil
1573,97.0,0.3013433515482696,0.9947632058287796,,,,Morgantown Generating Plant,MD,38.3592,-76.9767,oil
55172,802.0,415.29280510018214,0.13877504553734063,RI,MW,1.0,Bosque County Peaking,TX,31.8594,-97.3586,gas
55706,919.0,697.0783242258652,0.1302367941712204,DC,MD,1.0,Choctaw County,MS,33.2881,-89.4201,gas
55710,415.0,317.0994990892532,0.08743169398907104,RI,MW,1.0,Allegheny Energy Units 3 4 & 5,PA,40.545278,-79.768611,gas
883,,0.0,,ON,,2.0,Waukegan,IL,42.3833,-87.8133,oil
1678,60.0,0.5944899817850637,0.981443533697632,,,,Waters River,MA,42.542949,-70.928314,gas
1710,1496.0,1015.2564890710382,0.0,ON,,3.0,J H Campbell,MI,42.910296,-86.20074,coal
3469,972.0,62.65733151183971,0.8038479052823315,RI,MW,1.0,T H Wharton,TX,29.9417,-95.5306,gas
54131,44.0,23.266165755919854,0.3739754098360656,,,,Fortistar North Tonawanda,NY,43.0483,-78.8539,gas
55228,242.0,14.281876138433516,0.8754553734061931,,,,Greenville Electric Generating Station,OH,40.075783,-84.615136,gas
56671,791.0,593.5226548269582,0.17201730418943534,RI,MW,1.0,Longview Power Plant,WV,39.707893,-79.958974,coal
1248,181.0,3.606102003642987,0.8931010928961749,,,,Hutchinson Energy Center,KS,38.0906,-97.874722,gas
1378,1821.0,896.1383196721312,0.0932377049180328,"RN,RI","MW,NW",2.0,Paradise,KY,37.2608,-86.9783,gas
2527,112.0,82.19125683060109,0.028005464480874317,ON,,1.0,Greenidge Generation LLC,NY,42.6789,-76.9483,gas
2706,921.0,447.6231785063752,0.000569216757741348,RI,MW,4.0,Asheville,NC,35.4731,-82.5417,gas
6064,341.0,99.81648451730419,0.45309653916211295,RI,MW,1.0,Nearman Creek,KS,39.1681,-94.6975,coal
7826,1073.0,482.51047358834245,0.05111566484517304,RI,MW,1.0,Rowan,NC,35.7314,-80.6019,gas
7835,707.0,21.78540528233151,0.9354508196721312,,,,NAEA Rock Springs LLC,MD,39.71901,-76.15976,gas
55514,578.0,232.49795081967213,0.2915528233151184,DC,MD,1.0,Apex Generating Station,NV,36.415999,-114.960916,gas
880071,,0.0,,,,,Armagh Compressor Station,PA,40.4319,-79.085,
7155,35.0,0.018442622950819672,0.9990892531876139,,,,Lime Creek,IA,43.2481,-93.205,oil
7294,0.0,0.0,1.0,,,,Central Energy Plant,FL,28.4263,-81.5809,
54634,,0.0,,,,,St Nicholas Cogen Project,PA,40.8222,-76.1736,coal
54785,121.0,101.4306693989071,0.0625,,,,Grays Ferry Cogeneration,PA,39.942219,-75.188069,gas
55047,875.0,626.2328096539162,0.00011384335154826958,RI,MW,2.0,Pasadena Cogeneration,TX,29.72475,-95.176479,gas
57073,,0.0,,DC,MD,1.0,Ivanpah 2,CA,35.556111,-115.468611,solar
57482,738.0,54.67691256830601,0.8698770491803278,,,,"Sentinel Energy Center, LLC",CA,33.934167,-116.571388,gas
57794,761.0,638.1772540983607,0.0651183970856102,RI,MW,1.0,St Joseph Energy Center,IN,41.698992,-86.479699,gas
6250,,0.0,,RI,MW,1.0,Mayo,NC,36.5278,-78.8917,coal
8007,298.0,2.619193989071038,0.948884335154827,,,,Holtsville,NY,40.817037,-73.066265,oil
7887,174.0,16.119877049180328,0.719148451730419,,,,Terry Bundy Generating Station,NE,40.909653,-96.613086,gas
10307,243.0,31.079348816029142,0.8282103825136612,DC,MD,1.0,Bellingham Cogeneration Facility,MA,42.0925,-71.4833,gas
10617,98.0,1.0114981785063752,0.9823542805100182,,,,CH Resources Beaver Falls,NY,43.8861,-75.4342,gas
10698,,0.0,,,,,Graphic Packaging,MI,42.306809,-85.578969,
54547,1192.0,717.9370446265938,0.08765938069216758,RI,MW,2.0,Sithe Independence Station,NY,43.495,-76.4511,gas
55651,286.0,22.339139344262296,0.8586065573770492,,,,Spring Creek Energy Center,OK,35.7422,-97.655,gas
3403,1334.0,526.984858834244,0.0,ON,,1.0,Gallatin (TN),TN,36.3156,-86.4006,coal
56964,633.0,76.59631147540983,0.6605191256830601,,,,Bayonne Energy Center,NJ,40.652834,-74.09155,gas
57001,48.0,1.2686703096539163,0.9590163934426229,,,,El Cajon Energy Center,CA,32.796106,-116.972073,gas
4125,,0.0,,ON,,1.0,Manitowoc,WI,44.082,-87.6558,coal
7910,85.0,13.491689435336976,0.7665072859744991,,,,Joseph J Seymour Power Project,NY,40.6631,-74.0,gas
55116,900.0,163.60086520947178,0.6943306010928961,,,,Rockingham County CT Station,NC,36.3297,-79.8297,gas
56239,96.0,2.008879781420765,0.9600409836065574,,,,Malaga Power LLC,CA,36.7,-119.7404,gas
55847,48.0,5.867486338797814,0.7986111111111112,,,,Feather River Energy Center,CA,39.109344,-121.60931,gas
55972,315.0,24.370673952641166,0.8849043715846995,,,,Cass County,NE,40.947913,-95.964026,gas
4040,1352.0,880.0687613843352,0.04918032786885246,ON,,2.0,Port Washington Generating Station,WI,43.3842,-87.8689,gas
7987,45.0,1.6757741347905282,0.9495673952641166,,,,Lake One,CA,34.1772,-118.3147,gas
57068,192.0,0.8878642987249544,0.9850865209471766,,,,GenConn Middletown LLC,CT,41.554444,-72.576666,oil
7709,942.0,27.58344717668488,0.9206511839708561,,,,Dahlberg,GA,34.042267,-83.397721,gas
55220,534.0,344.8732923497268,0.26855646630236796,RI,MW,1.0,Attala,MS,33.0147,-89.6753,gas
3140,1499.0,418.1492486338798,0.23964025500910746,ON,MW,3.0,Brunner Island,PA,40.096111,-76.6962,gas
3161,607.0,7.756716757741348,0.9575364298724954,ON,,2.0,Eddystone Generating Station,PA,39.858,-75.323,gas
3236,360.0,107.64412568306011,0.5187841530054644,ON,,3.0,Manchester Street,RI,41.8167,-71.4042,gas
3548,248.0,11.09483151183971,0.8901411657559198,ON,,1.0,Decker Creek,TX,30.3033,-97.6128,gas
6179,1715.0,880.3514344262295,0.0,RC,,3.0,Fayette Power Project,TX,29.9172,-96.7506,coal
862,,0.0,,,,,Grand Tower Energy Center LLC,IL,37.6577,-89.511161,
10773,,0.0,,,,,Altavista Power Station,VA,37.118674,-79.273551,waste
55282,603.0,420.23132969034606,0.10701275045537341,RI,MW,1.0,Arlington Valley Energy Facility,AZ,33.3417,-112.8897,gas
6824,69.0,0.21197632058287796,0.9733606557377049,,,,St Bonifacius,MN,44.905026,-93.820761,oil
2241,79.0,0.8084016393442623,0.9760928961748634,,,,C W Burdick,NE,40.9228,-98.3269,gas
7296,686.0,270.23952641165755,0.23383424408014572,RI,MW,1.0,State Line Combined Cycle,MO,37.0659,-94.614,gas
7302,1399.0,907.1683743169399,0.0,RC,MW,1.0,Hines Energy Complex,FL,27.788215,-81.869983,gas
55841,990.0,330.70514571948996,0.14833788706739526,DC,MD,1.0,Silverhawk,NV,36.4078,-114.9606,gas
3344,,0.0,,,,,Huron,SD,44.369507,-98.17223,
10030,102.0,13.989071038251366,0.7371357012750456,,,,NRG Energy Center Dover,DE,39.149549,-75.547335,gas
55178,687.0,243.25113843351548,0.4602686703096539,RI,MW,1.0,Dogwood Energy Facility,MO,38.7931,-94.3006,gas
55799,29.0,16.544171220400727,0.20833333333333334,,,,Otsego Mill Power Plant,MI,42.4628,-85.6961,gas
56806,380.0,169.1905737704918,0.3501821493624772,OC,,2.0,Cedar Bayou 4,TX,29.751645,-94.92312,gas
55622,200.0,93.4139344262295,0.17736794171220402,,,,West Valley Generation Project,UT,40.6667,-112.0317,gas
56041,151.0,42.35667122040073,0.13331056466302368,,,,Malburg,CA,33.9986,-118.2219,gas
60468,117.0,8.633424408014571,0.9015255009107468,,,,Friendswood Energy,TX,29.647267,-95.451516,gas
963,230.0,75.73474499089254,0.34301001821493626,"RI,OC",MW,2.0,Dallman,IL,39.754803,-89.602389,coal
2291,504.0,140.5651183970856,0.03267304189435337,ON,,5.0,North Omaha,NE,41.32909,-95.94466,coal
2336,901.0,473.06807832422584,0.0,"DC,RI","MW,MD",3.0,Tracy,NV,39.5625,-119.525,gas
2828,1933.0,1164.136839708561,0.009904371584699454,"RN,ON",NW,3.0,Cardinal,OH,40.2522,-80.6486,coal
2817,676.0,394.85154826958103,0.05122950819672131,ON,,2.0,Leland Olds,ND,47.280769,-101.321213,coal
2952,1543.0,370.4655054644809,0.26639344262295084,RI,MW,3.0,Muskogee,OK,35.76135,-95.28732,gas
8031,614.0,276.9947632058288,0.3928734061930783,RI,MW,1.0,Emery Station,IA,43.094,-93.292222,gas
8053,48.0,10.067850637522769,0.7670765027322405,,,,Pouch,NY,40.6182,-74.06849,gas
55664,575.0,383.3362932604736,0.20412112932604737,RI,MW,1.0,Harrison County Power Project,TX,32.3958,-94.4367,gas
1702,,0.0,,"ON,RI",MW,2.0,Dan E Karn,MI,43.644996,-83.840074,gas
1730,88.0,0.7545537340619308,0.9850865209471766,,,,Hancock,MI,42.5497,-83.4425,gas
3459,1407.0,496.7400956284153,0.18533697632058288,"ON,RI",MW,5.0,Sabine,TX,30.0242,-93.878,gas
52087,355.0,3.5868624772313296,0.9757513661202186,,,,Elizabeth River Power Station,VA,36.775,-76.3083,gas
54076,85.0,4.131830601092896,0.9326047358834244,,,,Indeck Olean Energy Center,NY,42.085944,-78.45425,gas
56609,453.0,339.305441712204,0.07661657559198543,DC,MD,1.0,Dry Fork Station,WY,44.388889,-105.460833,coal
1271,31.0,2.113615664845173,0.8780737704918032,,,,Coffeyville,KS,37.037344,-95.612689,gas
1336,188.0,8.906989981785063,0.7739071038251366,RI,MW,1.0,Garden City,KS,37.9703,-100.8956,gas
1356,2097.0,1318.3796675774136,0.0,RI,MW,4.0,Ghent,KY,38.7497,-85.035,coal
1363,757.0,522.3859289617486,0.24077868852459017,RI,MW,1.0,Cane Run,KY,38.1831,-85.8892,gas
6076,1619.0,1134.1614298724955,0.07650273224043716,RI,MW,2.0,Colstrip,MT,45.8831,-106.614,coal
55510,47.0,2.159608378870674,0.932832422586521,,,,CalPeak Power Border Peaker Plant,CA,32.562448,-116.943869,gas
880065,,0.0,,,,,Wickliffe Paper Company,KY,36.9461,-89.0792,
2398,1252.0,266.7309881602914,0.40425774134790526,RI,MW,2.0,Bergen Generating Station,NJ,40.8375,-74.0244,gas
2404,402.0,20.752732240437158,0.7670765027322405,,,,PSEG Kearny Generating Station,NJ,40.737283,-74.09646,gas
7270,367.0,27.344376138433514,0.8401639344262295,,,,Paris (WI),WI,42.6658,-88.0131,gas
54915,131.0,120.2009335154827,0.04223588342440802,,,,Michigan Power LP,MI,43.9375,-86.425,gas
55040,347.0,13.567964480874316,0.9390938069216758,RI,MW,1.0,Mid-Georgia Cogeneration Facility,GA,32.4856,-83.6039,gas
525,484.0,269.37887067395263,0.01855646630236794,RI,MW,2.0,Hayden,CO,40.4856,-107.185,coal
1383,68.0,2.4604963570127505,0.9198542805100182,,,,Robert A Reid,KY,37.6461,-87.5019,gas
6243,191.0,20.718920765027324,0.26559653916211295,ON,,1.0,Dansby,TX,30.7217,-96.4608,gas
55077,484.0,110.22472677595628,0.5507741347905283,DC,MD,1.0,Desert Star Energy Center,NV,35.788889,-114.994167,gas
55079,258.0,40.770947176684885,0.8014571948998178,RI,MW,1.0,Millennium Power,MA,42.112291,-72.015113,gas
57028,328.0,212.7700364298725,0.22734517304189436,RI,MW,1.0,Langley Gulch Power Plant,ID,43.904444,-116.819722,gas
6034,1526.0,762.6207877959927,0.09369307832422587,ON,,2.0,Belle River,MI,42.7756,-82.495,coal
10308,335.0,64.41234061930783,0.7246129326047359,DC,MD,1.0,Sayreville Cogeneration Facility,NJ,40.439,-74.3444,gas
55239,873.0,379.1120218579235,0.3850182149362477,RI,MW,1.0,Red Oak Power LLC,NJ,40.448674,-74.348879,gas
55656,738.0,422.8377732240437,0.21470856102003644,RI,MW,2.0,"Pastoria Energy Facility, LLC",CA,34.9556,-118.844,gas
56397,51.0,3.5823087431693987,0.9203096539162113,,,,Hunlock Unit 4,PA,41.2025,-76.068333,gas
358,1150.0,296.1059881602914,0.5151411657559198,RI,MW,2.0,Mountainview Generating Station,CA,34.0818,-117.2418,gas
341,244.0,1.2831284153005464,0.9788251366120219,,,,Long Beach Generation LLC,CA,33.7641,-118.2248,gas
2123,,0.0,,,,,Columbia (MO),MO,38.964646,-92.31677,gas
7721,295.0,232.08504098360655,0.04269125683060109,,,,Theodore Cogen Facility,AL,30.525445,-88.128477,gas
50956,,0.0,,,,,Bowater Newsprint Calhoun Operation,TN,35.2964,-84.7569,
620,2494.0,1051.6232923497269,0.12021857923497267,RC,,1.0,Sanford,FL,28.8419,-81.3256,gas
7915,49.0,8.954121129326047,0.7823315118397086,,,,North 1st,NY,40.7171,-73.9664,gas
56249,333.0,2.58617941712204,0.9787112932604736,,,,Anson County Generation Facility,NC,34.968651,-79.921738,gas
55358,1231.0,696.1633652094717,0.030054644808743168,RI,MW,4.0,Cottonwood Energy Project,TX,30.2588,-93.7353,gas
55393,601.0,326.43704462659383,0.3073770491803279,RI,MW,1.0,Metcalf Energy Center,CA,37.2207,-121.7457,gas
55965,1310.0,913.2340619307832,0.009904371584699454,RI,MW,2.0,Wansley Combined Cycle,GA,33.406385,-85.036988,gas
7984,75.0,5.4885018214936245,0.8767076502732241,,,,Kalkaska CT #1,MI,44.6889,-85.2019,gas
8006,999.0,29.16564207650273,0.918943533697632,ON,,2.0,Roseton Generating Facility,NY,41.573783,-73.966269,gas
59906,1076.0,911.2525045537341,0.009107468123861567,DC,MD,2.0,Moxie Freedom Generation Plant,PA,41.113056,-76.158056,gas
7782,32.0,0.3055555555555556,0.9846311475409836,,,,Hamilton Peaking,OH,39.3528,-84.5183,gas
55225,1184.0,668.9717668488161,0.1354735883424408,RI,MW,2.0,Oneta Energy Center,OK,36.0119,-95.6967,gas
3559,85.0,10.990892531876138,0.7533014571948998,,,,Silas Ray,TX,25.9131,-97.5214,gas
6177,858.0,351.9854280510018,0.02424863387978142,RI,MW,2.0,Coronado,AZ,34.5789,-109.2708,coal
6180,1826.0,1355.2218806921676,0.04326047358834244,RC,,1.0,Oak Grove (TX),TX,31.1803,-96.4866,coal
6190,1281.0,331.2218806921676,0.08208105646630237,OC,,3.0,Brame Energy Center,LA,31.395,-92.716667,coal
3943,1182.0,484.0514571948998,0.2095856102003643,RN,NW,2.0,FirstEnergy Fort Martin Power Station,WV,39.710833,-79.9275,coal
55801,927.0,766.5440573770492,0.04861111111111111,RI,MW,1.0,Marcus Hook Energy LP,PA,39.807038,-75.421606,gas
55835,654.0,345.60018214936247,0.1043943533697632,RI,MW,1.0,Rocky Mountain Energy Center,CO,40.0908,-104.5953,gas
3320,12.0,0.05293715846994536,0.9911202185792349,,,,Myrtle Beach,SC,33.708283,-78.924146,oil
10113,,0.0,,,,,John B Rich Memorial Power Station,PA,40.7903,-76.1983,coal
10143,127.0,96.12101548269581,0.07900728597449909,RI,MW,1.0,Colver Power Project,PA,40.6,-78.8,coal
10034,111.0,5.299977231329691,0.9347677595628415,,,,Gilroy Power Plant,CA,37.0001,-121.5367,gas
3628,544.0,59.39082422586521,0.3861566484517304,ON,,3.0,R W Miller,TX,32.6581,-98.3103,gas
55109,304.0,1.5193533697632058,0.9897540983606558,,,,Rocky Road Power LLC,IL,42.0931,-88.2397,gas
1091,549.0,98.95184426229508,0.712431693989071,ON,,1.0,George Neal North,IA,42.3,-96.361707,coal
55177,517.0,316.3540528233151,0.15141165755919855,RI,MW,1.0,South Point Energy Center,AZ,34.8678,-114.5317,gas
6664,815.0,339.135587431694,0.361908014571949,RI,MW,1.0,Louisa,IA,41.3181,-91.0931,coal
880108,,0.0,,,,,Grain Processing Corporation,IN,38.6552,-87.1814,
55259,376.0,268.6068989071038,0.0,RI,MW,1.0,Whiting Clean Energy,IN,41.6739,-87.4775,gas
56013,144.0,38.607468123861565,0.532103825136612,,,,Exira,IA,41.514365,-94.919729,gas
60910,,0.0,,,,,NET Power La Porte Station,TX,29.646791,-95.054145,
61241,81.0,4.602572859744991,0.8867258652094717,,,,Victoria City Power LLC,TX,28.7853,-97.0093,gas
63335,390.0,60.08936703096539,0.7270036429872495,,,,HO Clarke Generating,TX,29.64536,-95.45169,gas
976,286.0,92.66325136612022,0.15915300546448088,OC,,1.0,Marion,IL,37.619747,-88.953114,gas
990,930.0,444.64560564663026,0.003301457194899818,"ON,RI",MW,3.0,Harding Street,IN,39.711319,-86.196867,gas
1007,227.0,146.1009790528233,0.2192622950819672,RI,MW,2.0,Noblesville,IN,40.0969,-85.9714,gas
1594,,0.0,,,,,Blackstone,MA,42.3636,-71.1161,
2322,364.0,16.914162112932605,0.837431693989071,RI,MW,2.0,Clark (NVE),NV,36.0875,-115.0507,gas
2878,,0.0,,ON,,1.0,FirstEnergy Bay Shore,OH,41.6917,-83.4378,coal
6096,1400.0,741.0489526411658,0.003301457194899818,"ON,RI",MW,2.0,Nebraska City,NE,40.6214,-95.7764,coal
8016,17.0,0.007513661202185792,0.9993169398907104,,,,Factory,IL,39.825934,-89.637282,oil
55144,1129.0,639.4801912568306,0.16689435336976322,"RI,DC","MD,MW",4.0,Hays Energy Project,TX,29.7806,-97.9894,gas
55170,524.0,244.57536429872496,0.27607012750455373,RI,MW,1.0,Granite Ridge,NH,42.9042,-71.4261,gas
55718,324.0,88.16723588342441,0.6516393442622951,,,,DTE East China LLC,MI,42.8,-82.4953,gas
2718,393.0,29.281420765027324,0.8714708561020036,ON,,5.0,G G Allen,NC,35.1897,-81.0122,
2723,733.0,544.0911885245902,0.09528688524590163,RI,MW,1.0,Dan River,NC,36.4862,-79.7208,gas
3130,,0.0,,RI,MW,1.0,Seward (PA),PA,40.40625,-79.03366,coal
3457,516.0,261.83117030965394,0.11020036429872496,RC,,1.0,Lewis Creek,TX,30.4356,-95.5214,gas
7925,539.0,7.56841985428051,0.9423952641165756,,,,Lakefield Junction,MN,43.798439,-94.841451,gas
52176,146.0,16.24795081967213,0.8370901639344263,,,,C R Wing Cogen Plant,TX,32.273178,-101.422386,gas
54114,142.0,52.16302367941712,0.2547814207650273,,,,Kennedy International Airport Cogen,NY,40.6417,-73.7778,gas
55234,609.0,17.62693533697632,0.9439890710382514,,,,Audrain Generating Station,MO,39.3092,-91.5369,gas
55439,984.0,592.497723132969,0.21095173041894352,RI,MW,1.0,Tenaska Virginia Generating Station,VA,37.8667,-78.3813,gas
56445,319.0,56.36418488160292,0.7034380692167578,,,,Spindle Hill Energy Center,CO,40.092192,-104.887844,gas
47,814.0,102.88296903460838,0.7513661202185792,,,,Colbert,AL,34.7439,-87.8486,gas
117,633.0,257.1703096539162,0.17338342440801457,RI,MW,3.0,West Phoenix,AZ,33.4417,-112.1583,gas
118,77.0,12.452755009107468,0.774931693989071,,,,Saguaro,AZ,32.5517,-111.3,gas
2539,930.0,632.0802595628415,0.08242258652094718,RI,MW,1.0,Bethlehem Energy Center,NY,42.594196,-73.763752,gas
7834,929.0,414.5138888888889,0.042805100182149364,RI,MW,1.0,John S Rainey,SC,34.347734,-82.774478,gas
55508,52.0,1.5223132969034607,0.9596994535519126,,,,CalPeak Power Panoche Peaker Plant,CA,36.652905,-120.580609,gas
880029,,0.0,,,,,Marathon Petroleum Company LP,MI,42.165,-83.091,
7210,445.0,205.49442167577413,0.125,RI,MW,1.0,Cope,SC,33.3644,-81.03,gas
7268,116.0,12.09870218579235,0.7905282331511839,,,,491 E 48th Street,MI,42.7553,-86.0853,gas
54694,56.0,3.994990892531876,0.9148451730418944,,,,Yuma Cogeneration Associates,AZ,32.728822,-114.654053,gas
55029,188.0,17.209585610200364,0.8642987249544627,,,,De Pere Energy Center,WI,44.44861,-88.07204,gas
55263,26.0,0.2320127504553734,0.9872495446265938,,,,Galion Generating Station,OH,40.7167,-82.789,gas
57349,326.0,93.99692622950819,0.5745673952641166,HRI,MW,1.0,Garrison Energy Center LLC,DE,39.187195,-75.499396,gas
57842,192.0,57.32741347905282,0.6230646630236795,,,,Wabash Valley Power IGCC,IN,39.53,-87.4247,gas
880107,,0.0,,,,,SPMT Marcus Hook Industrial Complex,PA,39.8076,-75.4239,
422,91.0,3.905396174863388,0.8859289617486339,,,,Glenarm,CA,34.126,-118.1494,gas
1393,555.0,177.5724043715847,0.4375,RI,MW,4.0,R S Nelson,LA,30.2844,-93.2911,coal
6204,1743.0,844.6592668488161,0.001138433515482696,RI,MW,3.0,Laramie River Station,WY,42.108889,-104.8825,coal
7805,2008.0,956.1536885245902,0.0299408014571949,RI,MW,2.0,Sherwood H Smith Jr Energy Complex,NC,34.8392,-79.7406,gas
7869,96.0,17.079348816029142,0.7628642987249544,,,,Glenwood Landing,NY,40.8275,-73.6478,gas
55041,255.0,66.8752276867031,0.6854508196721312,RI,MW,1.0,Berkshire Power,MA,42.0476,-72.6478,gas
55317,823.0,380.2719717668488,0.12147085610200364,DC,MD,1.0,Fore River Generating Station,MA,42.2422,-70.9661,gas
55322,1296.0,651.8883196721312,0.11816939890710383,DC,MD,2.0,Chuck Lenzie Generating Station,NV,36.383719,-114.921779,gas
55347,757.0,125.92793715846994,0.7198315118397086,,,,Armstrong,PA,40.638021,-79.351725,gas
57027,199.0,10.055214025500911,0.8820582877959927,,,,Canyon Power Plant,CA,33.858056,-117.861667,gas
6021,1353.0,576.9711976320583,0.0,RI,MW,3.0,Craig (CO),CO,40.4627,-107.5912,coal
10252,,0.0,,,,,Domtar Kingsport Mill,TN,36.5489,-82.5667,gas
54476,92.0,53.88239981785064,0.34073315118397085,,,,Sumas Power Plant,WA,48.9905,-122.2733,gas
54638,,0.0,,,,,Johnsonburg Mill,PA,41.491466,-78.675759,waste
56407,3876.0,2325.6039389799635,0.0,RI,MW,3.0,West County Energy Center,FL,26.6986,-80.3747,gas
335,907.0,286.24351092896177,0.5201502732240437,ON,,1.0,AES Huntington Beach LLC,CA,33.6439,-117.9792,gas
377,47.0,5.567281420765028,0.8384562841530054,,,,Grayson,CA,34.1556,-118.2782,gas
2039,213.0,5.403119307832423,0.953551912568306,,,,Elk River,MN,45.296797,-93.558447,gas
2070,564.0,235.81466302367943,0.02982695810564663,RI,MW,1.0,Moselle,MS,31.528,-89.3004,gas
7527,71.0,12.203551912568306,0.6995673952641166,,,,Carson Ice-Gen Project,CA,38.445681,-121.462387,gas
7757,1049.0,780.7553506375227,0.002276867030965392,RI,MW,2.0,Chouteau,OK,36.222058,-95.277064,gas
7749,131.0,7.223246812386157,0.9143897996357013,,,,Essex,MO,36.868206,-89.840173,gas
50888,119.0,64.6709927140255,0.34289617486338797,RI,MW,1.0,Northampton Generating Company LP,PA,40.6917,-75.4792,coal
612,2700.0,1146.1760018214936,0.004326047358834244,ON,,1.0,Fort Myers,FL,26.6967,-81.7831,gas
4072,100.0,6.774248633879782,0.8961748633879781,,,,Pulliam,WI,44.54,-88.0086,gas
4266,119.0,1.5572632058287796,0.9509335154826958,RI,MW,2.0,Spencer,TX,33.1975,-97.1061,gas
56224,236.0,146.36896630236794,0.11168032786885246,RI,MW,1.0,TS Power Plant,NV,40.7461,-116.5297,coal
56237,1150.0,717.8924180327868,0.001366120218579235,RI,MW,3.0,Lake Side Power Plant,UT,40.331667,-111.754167,gas
260,1046.0,476.61088342440803,0.22893897996357013,ON,,2.0,Dynegy Moss Landing Power Plant Hybrid,CA,36.804837,-121.782241,gas
50451,56.0,2.575250455373406,0.9368169398907104,,,,Indeck Yerkes Energy Center,NY,42.9671,-78.9182,gas
50561,255.0,21.40676229508197,0.8793260473588342,,,,Eagle Point Power Generation,NJ,39.8746,-75.1592,gas
55970,604.0,450.0642076502732,0.10906193078324226,RI,MW,1.0,Cosumnes,CA,38.338475,-121.123978,gas
55977,57.0,33.65846994535519,0.3468806921675774,,,,Bluffview,NM,36.716628,-108.215282,gas
7146,136.0,0.9718806921675774,0.9824681238615665,,,,Wading River,NY,40.956932,-72.877411,oil
55271,586.0,204.86566484517303,0.2608151183970856,RI,MW,1.0,Tenaska Lindsay Hill Generating Station,AL,32.6514,-86.7386,gas
59764,917.0,741.7152777777778,0.07969034608378871,RI,MW,1.0,Oregon Clean Energy Center,OH,41.667928,-83.443664,gas
59812,1183.0,760.7280282331512,0.13308287795992715,DC,MD,1.0,Wolf Hollow II,TX,32.337679,-97.734612,gas
60387,362.0,84.10746812386157,0.6778233151183971,,,,Invenergy Nelson Expansion LLC,IL,41.774417,-89.606528,gas
564,1281.0,494.29371584699453,0.0017076502732240437,"RI,RN","NW,MW",3.0,Stanton Energy Center,FL,28.4822,-81.1678,coal
3470,3707.0,1495.8860428051003,0.022540983606557378,"RI,OC",MW,8.0,W A Parish,TX,29.4828,-95.6311,coal
1239,291.0,146.97119763205828,0.39913479052823314,RI,MW,1.0,Riverton,KS,37.072616,-94.698704,gas
55655,90.0,10.19148451730419,0.6911429872495446,,,,WFEC GenCo LLC,OK,35.0833,-98.2264,gas
6166,2740.0,617.2196038251366,0.48189890710382516,RN,NW,2.0,Rockport,IN,37.9256,-87.0372,coal
165,1006.0,397.7742486338798,0.13012295081967212,RI,MW,2.0,GREC,OK,36.190278,-95.2894,gas
201,189.0,56.48565573770492,0.5737704918032787,,,,Thomas Fitzhugh,AR,35.462382,-93.804926,gas
3648,254.0,47.87078779599271,0.4719945355191257,RI,MW,3.0,Gadsby,UT,40.7686,-111.9289,gas
3804,654.0,256.066029143898,0.45787795992714025,RI,MW,1.0,Possum Point,VA,38.5367,-77.2806,gas
50151,,0.0,,,,,Union Carbide South Charleston,WV,38.3688,-81.6786,
55102,132.0,2.2876821493624773,0.9669854280510018,,,,Livingston Generating Station,MI,45.030397,-84.730795,gas
55107,629.0,413.9240664845173,0.14469489981785064,RI,MW,1.0,Rhode Island State Energy Center,RI,41.8017,-71.5186,gas
2265,42.0,0.38979963570127507,0.9800774134790529,,,,Hallam,NE,40.558652,-96.786177,oil
55365,177.0,21.24863387978142,0.7958788706739527,,,,Exelon LaPorte Generating Station,TX,29.7028,-95.0718,gas
57664,626.0,472.5841302367942,0.05806010928961749,DC,MD,1.0,Astoria Energy II,NY,40.781321,-73.896618,gas
55802,155.0,9.08686247723133,0.8917349726775956,,,,Valencia Energy Facility,NM,34.611549,-106.732234,gas
3494,417.0,54.622723132969035,0.5462204007285975,,,,Permian Basin,TX,31.5839,-102.9633,gas
50733,,0.0,,ON,,1.0,Gary Works,IN,41.622426,-87.328936,gas
597,16.0,0.03460837887067395,0.9970400728597449,,,,West Station (DE),DE,39.7283,-75.6289,oil
10025,,0.0,,,,,"RED-Rochester, LLC",NY,43.1989,-77.6319,gas
2450,139.0,22.56830601092896,0.5918715846994536,RI,MW,3.0,Reeves,NM,35.171,-106.6019,gas
10803,,0.0,,,,,Ogdensburg Power,NY,44.7258,-75.4417,gas
55182,603.0,313.63365209471766,0.3251366120218579,RI,MW,1.0,Sunrise Power LLC,CA,35.2097,-119.585,gas
56948,508.0,27.55054644808743,0.8140938069216758,,,,Coolidge Generation Station,AZ,32.917399,-111.5033,gas
880093,,0.0,,,,,"Honeywell Intl, Inc Hopewell Plant",VA,37.1815,-77.1621,
55244,267.0,3.765710382513661,0.9585610200364298,,,,Doyle Energy Facility,GA,33.837699,-83.699577,gas
56068,1349.0,910.1506147540983,0.050204918032786885,ON,,1.0,Elm Road Generating Station,WI,42.8492,-87.8336,coal
60589,1106.0,881.4141621129326,0.07764116575591985,RF,MD,1.0,CPV Fairview Energy Center,PA,40.412,-78.855,gas
1012,383.0,225.33014571949,0.08663479052823315,ON,,2.0,F B Culley,IN,37.9111,-87.3275,coal
1016,207.0,4.186247723132969,0.9551457194899818,,,,Butler-Warner Generation Plant,NC,35.0986,-78.8294,gas
2290,130.0,1.8375455373406193,0.9475182149362478,,,,Jones Street,NE,41.251488,-95.922682,oil
2869,471.0,198.87602459016392,0.3312841530054645,,,,West Lorain,OH,41.429444,-82.264444,gas
6112,1145.0,513.3934426229508,0.010018214936247723,RI,MW,1.0,Fort St Vrain,CO,40.2461,-104.8742,gas
6124,544.0,4.967554644808743,0.9519581056466302,,,,McIntosh,GA,32.356287,-81.168347,gas
58124,,0.0,,,,,Rothschild Biomass Cogen Facility,WI,44.887778,-89.629722,waste
58236,717.0,409.45867486338796,0.27561475409836067,RI,MW,1.0,Marshalltown Generating Station,IA,42.043333,-92.872778,gas
58378,91.0,39.0393897996357,0.5045537340619308,,,,W.A. Parish Carbon Capture Plant,TX,29.475278,-95.634167,gas
58420,894.0,678.6771402550091,0.0,DC,MD,2.0,Hamilton Liberty,PA,41.7675,-76.39,gas
1893,1014.0,550.4371584699453,0.009448998178506375,RI,MW,2.0,Clay Boswell,MN,47.2611,-93.6528,coal
1915,551.0,72.77550091074681,0.841643897996357,ON,MW,1.0,Allen S King,MN,45.03,-92.7786,coal
2727,2192.0,908.6130464480874,0.007513661202185792,ON,,4.0,Marshall (NC),NC,35.5975,-80.9658,gas
3443,297.0,170.30339253187614,0.27607012750455373,"RI,ON",MW,2.0,Victoria,TX,28.7883,-97.01,gas
7947,48.0,15.175546448087431,0.5856102003642987,,,,Solway CT,MN,47.544582,-95.129652,gas
7975,132.0,31.53346994535519,0.47176684881602915,,,,Pyramid,NM,32.2363,-108.5494,gas
55411,832.0,514.1995673952641,0.10018214936247723,RI,MW,1.0,Hillabee Energy Center,AL,33.000669,-85.903278,gas
56502,685.0,182.76434426229508,0.377959927140255,,,,Emporia Energy Center,KS,38.445883,-96.065247,gas
56604,176.0,23.763547358834245,0.8087431693989071,,,,Hardin County Peaking Facility,TX,30.3038,-94.2526,gas
56606,97.0,29.780396174863387,0.49544626593806923,,,,Culbertson Generation Station,MT,48.21,-104.391667,gas
1241,1543.0,657.4160974499089,0.17008196721311475,OC,,2.0,La Cygne,KS,38.3481,-94.6456,coal
1355,1021.0,198.0349499089253,0.1160063752276867,RI,MW,1.0,E W Brown,KY,37.78831,-84.71257,gas
2517,446.0,42.19546903460838,0.6346766848816029,ON,,2.0,Port Jefferson,NY,40.949696,-73.078507,gas
2632,36.0,0.052026411657559196,0.9971539162112932,,,,Shoemaker,NY,41.4278,-74.4186,gas
6071,2201.0,1108.3814890710382,0.0,RI,"MW,NW",2.0,Trimble County,KY,38.5847,-85.4117,coal
55481,643.0,400.1882969034608,0.226775956284153,RI,MW,1.0,Mesquite Generating Station Block 2,AZ,33.345047,-112.864227,gas
880006,,0.0,,,,,Trigen Energy Corporation-Edison St,PA,39.949,-75.1557,
880053,,0.0,,,,,Bayer,WV,38.3844,-81.7764,
7159,392.0,21.45594262295082,0.8686247723132969,,,,Concord,WI,43.1669,-88.69,gas
7238,773.0,480.8468806921676,0.0,RI,MW,3.0,Cane Island,FL,28.2764,-81.533,gas
7242,1274.0,661.3180783242259,0.020947176684881604,RC,MW,1.0,Polk,FL,27.7286,-81.9897,gas
54640,187.0,18.106898907103826,0.8693078324225865,,,,NAEA Lakewood LLC,NJ,40.0613,-74.1686,gas
54761,483.0,387.6226092896175,0.001366120218579235,RI,MW,2.0,Hermiston Generating Plant,OR,45.8042,-119.37,gas
54795,,0.0,,,,,Domino Sugar Baltimore,MD,39.2744,-76.5956,gas
55026,189.0,60.451047358834245,0.6219262295081968,DC,MD,1.0,Dighton Power Plant,MA,41.8312,-71.1239,gas
55270,580.0,240.26889799635703,0.4139344262295082,RI,MW,1.0,Jackson Generating Station,MI,42.2488,-84.3767,gas
57267,777.0,19.259335154826957,0.947632058287796,,,,Marsh Landing Generating Station,CA,38.016944,-121.765,gas
57074,,0.0,,DC,MD,1.0,Ivanpah 1,CA,35.533056,-115.4525,solar
469,842.0,418.98804644808746,0.007058287795992714,RI,MW,2.0,Cherokee,CO,39.807275,-104.964548,gas
1400,294.0,2.7869990892531877,0.9807604735883424,,,,Teche,LA,29.822222,-91.5425,gas
56565,380.0,239.63422131147541,0.19023224043715847,RI,MW,1.0,J Lamar Stall Unit,LA,32.51947,-93.760125,gas
6213,1047.0,479.238160291439,0.06671220400728597,RC,,2.0,Merom,IN,39.0694,-87.5108,coal
55061,931.0,4.165072859744991,0.9845173041894353,,,,Tenaska Georgia Generation Facility,GA,33.3516,-84.9996,gas
55343,587.0,397.1148679417122,0.11202185792349727,RI,MW,1.0,Luna Energy Facility,NM,32.299349,-107.7834,gas
58697,728.0,464.37363387978144,0.10780965391621129,RC,,1.0,L V Sutton Combined Cycle,NC,34.283056,-77.985278,gas
6013,,0.0,,,,,Olive,CA,34.1764,-118.3147,gas
7870,120.0,60.65391621129326,0.3551912568306011,,,,Encogen,WA,48.746,-122.486,gas
10405,25.0,1.0474726775956285,0.9422814207650273,,,,Kingsburg Cogen,CA,36.5397,-119.5794,gas
10633,307.0,177.7740209471767,0.2675318761384335,,,,Hopewell Cogeneration,VA,37.291667,-77.281111,gas
54537,174.0,127.95844717668488,0.17941712204007285,,,,Ferndale Generating Station,WA,48.828996,-122.685114,gas
55241,255.0,108.03369763205829,0.48155737704918034,,,,Hog Bayou Energy Center,AL,30.7478,-88.0575,gas
57901,557.0,21.82946265938069,0.9180327868852459,DC,MD,2.0,El Segundo Energy Center LLC,CA,33.910556,-118.425,gas
2047,83.0,66.39435336976321,0.053847905282331514,,,,Chevron Oil,MS,30.34,-88.4919,gas
2092,76.0,6.058401639344262,0.7355418943533698,,,,Ralph Green,MO,38.78758,-94.277689,gas
2161,144.0,16.800318761384336,0.819216757741348,,,,James River Power Station,MO,37.108611,-93.261944,gas
613,2443.0,855.8431238615665,0.031762295081967214,,,,Lauderdale,FL,26.0686,-80.1984,gas
4162,682.0,349.3127276867031,0.0007969034608378871,RI,MW,3.0,Naughton,WY,41.7581,-110.5983,coal
55117,448.0,244.80384790528234,0.014116575591985429,RI,MW,1.0,RS Cogen,LA,30.221,-93.2992,gas
55124,608.0,426.5799180327869,0.09801912568306011,RI,MW,1.0,Griffith Energy LLC,AZ,35.054029,-114.133272,gas
55138,40.0,0.01058743169398907,0.9996584699453552,,,,Lee County,AL,32.54098,-85.038879,gas
55296,332.0,0.7174408014571949,0.9966985428051002,,,,Calumet Energy Team LLC,IL,41.6835,-87.5563,gas
203,,0.0,,ON,,1.0,McClellan (AR),AR,33.5648,-92.7917,gas
55386,645.0,382.2207422586521,0.07855191256830601,RI,MW,1.0,Columbia Energy Center (SC),SC,33.8697,-81.0178,gas
55939,1519.0,1093.02720856102,0.15243624772313297,DC,MD,1.0,Warren County,VA,38.971667,-78.177222,gas
55933,342.0,121.20571493624772,0.5104735883424408,DC,MD,1.0,Tracy Combined Cycle Power Plant,CA,37.7107,-121.4906,gas
55976,596.0,398.58526867030963,0.18203551912568305,DC,MD,1.0,Hunterstown Power Plant,PA,39.8725,-77.1672,gas
59926,430.0,59.06785063752277,0.7168715846994536,,,,Alpine Power Plant,MI,45.063748,-84.825348,gas
3492,431.0,3.2666211293260474,0.9669854280510018,,,,Morgan Creek,TX,32.3358,-100.9156,oil
3148,1583.0,307.1431010928962,0.5159380692167578,RN,NW,2.0,TalenEnergy Martins Creek,PA,40.797762,-75.105416,gas
3609,189.0,29.0757058287796,0.7857468123861566,,,,Leon Creek,TX,29.3525,-98.5761,gas
3612,1119.0,247.70081967213116,0.21983151183970856,RC,,3.0,V H Braunig,TX,29.2567,-98.3825,gas
170,538.0,35.939890710382514,0.8672586520947176,ON,,1.0,Lake Catherine,AR,34.4341,-92.9049,gas
50137,83.0,1.6374089253187614,0.9729052823315119,,,,Newgulf Cogen,TX,29.2639,-95.8997,gas
10745,1220.0,975.9501366120219,0.0,RC,,1.0,Midland Cogeneration Venture,MI,43.5861,-84.2242,gas
55286,779.0,61.80009107468124,0.7279143897996357,,,,Oleander Power Project LP,FL,28.3661,-80.7947,gas
2965,325.0,49.697518214936245,0.3005464480874317,RI,MW,2.0,Tulsa,OK,36.116492,-95.990974,gas
7030,349.0,268.305441712204,0.012978142076502733,RI,MW,2.0,Major Oak Power,TX,31.091925,-96.69503,coal
3285,92.0,1.7478369763205828,0.9729052823315119,,,,Hagood,SC,32.8265,-79.9634,gas
55372,667.0,245.14845173041894,0.42122040072859745,RI,MW,1.0,Harquahala Generating Project,AZ,33.47596,-113.113434,gas
1572,312.0,17.364184881602913,0.8933287795992714,,,,Dickerson,MD,39.2097,-77.4644,gas
10823,19.0,0.34335154826958103,0.9705145719489982,,,,Deer Island Treatment Plant,MA,42.353333,-70.962778,oil
55179,283.0,158.50956284153006,0.32581967213114754,RI,MW,1.0,Rathdrum Power LLC,ID,47.7858,-116.9203,gas
880110,,0.0,,,,,Holston Army Ammunition Plant,TN,36.5493,-82.6342,
55238,351.0,9.699795081967213,0.9550318761384335,,,,NRG Rockford I,IL,42.238558,-89.101202,gas
55627,48.0,1.7521630236794172,0.950591985428051,,,,Goose Haven Energy Center,CA,38.226752,-121.843271,gas
56026,147.0,104.43852459016394,0.1621129326047359,,,,Donald Von Raesfeld Power Plant,CA,37.3767,-121.9508,gas
56032,50.0,6.102231329690346,0.8516621129326047,,,,Equus Freeport Power,NY,40.6439,-73.5683,gas
56135,100.0,1.346311475409836,0.9661885245901639,,,,Ripon Generation Station,CA,37.7315,-121.116,gas
56166,301.0,75.95651183970855,0.6780510018214936,,,,Sheboygan Falls,WI,43.751826,-87.878056,gas
62949,1826.0,1349.9616347905283,0.0778688524590164,DC,MD,3.0,Guernsey Power Station,OH,39.9364,-81.5354,gas
63688,495.0,87.20434881602914,0.6732695810564663,,,,Topaz Generating,TX,29.426389,-94.97667,gas
1004,480.0,275.6631375227687,0.28654371584699456,RI,MW,1.0,Edwardsport,IN,38.8067,-87.2472,gas
6085,873.0,237.77823315118397,0.20719489981785064,RI,MW,4.0,R M Schahfer,IN,41.2164,-87.0261,coal
6098,496.0,188.9053961748634,0.1448087431693989,RC,,1.0,Big Stone,SD,45.303652,-96.510067,coal
57865,613.0,148.54166666666666,0.47404371584699456,,,,Antelope Station,TX,33.865,-101.8433,gas
58325,103.0,25.37625227686703,0.6923952641165756,,,,Charles D. Lamb Energy Center,OK,36.813889,-97.125278,gas
1891,102.0,19.40972222222222,0.623747723132969,ON,,1.0,Syl Laskin,MN,47.5306,-92.1619,gas
1912,634.0,352.76844262295083,0.24943078324225865,ON,,1.0,High Bridge,MN,44.9314,-93.1117,gas
2716,0.0,0.0,1.0,,,,W H Weatherspoon,NC,34.587538,-78.97552,oil
55409,703.0,37.9738160291439,0.9065346083788707,,,,Calhoun Energy Center,AL,33.5883,-85.9731,gas
120,96.0,18.481671220400727,0.7248406193078324,,,,Yucca,AZ,32.7214,-114.7106,gas
6063,225.0,1.3066939890710383,0.9870218579234973,,,,Electrifarm,IA,42.4407,-92.4205,gas
7825,167.0,22.975751366120218,0.8194444444444444,,,,Fulton (AR),AR,33.6094,-93.7924,gas
7837,555.0,64.22563752276866,0.7641165755919854,,,,Louisa Generation Facility,VA,38.1181,-78.2139,gas
7838,744.0,101.73098816029145,0.6908014571948998,,,,Remington,VA,38.5442,-77.7714,gas
880007,,0.0,,,,,Honeywell Resins & Chemicals LLC,PA,40.0067,-75.0686,
880038,,0.0,,,,,"Catlettsburg Refining, LLC",KY,38.375,-82.6042,
7266,110.0,28.21106557377049,0.01855646630236794,,,,Woodland,CA,37.652602,-121.020397,gas
55479,97.0,69.55191256830601,0.21914845173041894,,,,Wygen 1,WY,44.2858,-105.3833,coal
57515,518.0,36.310678506375226,0.8414162112932605,,,,Walnut Creek Energy Park,CA,34.008709,-117.944864,gas
400,1081.0,297.46095173041897,0.1696265938069217,ON,,3.0,Haynes,CA,33.764741,-118.0991,gas
492,156.0,19.075136612021858,0.7439663023679417,,,,Martin Drake,CO,38.824444,-104.833333,gas
2511,581.0,142.7209699453552,0.07320127504553733,ON,,2.0,E F Barrett,NY,40.616689,-73.647881,gas
6257,2726.0,923.0202641165756,0.0034153005464480873,RN,NW,3.0,Scherer,GA,33.0606,-83.8075,coal
6288,63.0,34.36566484517304,0.31898907103825136,,,,Healy,AK,63.8542,-148.95,coal
55068,361.0,182.69364754098362,0.0793488160291439,RI,MW,1.0,Maine Independence Station,ME,44.8242,-68.7094,gas
10176,64.0,0.18522313296903462,0.9944216757741348,,,,M Street Jet,MA,42.339387,-71.031407,oil
10649,47.0,3.4141621129326047,0.9065346083788707,,,,Bear Mountain Limited,CA,35.419181,-118.926643,gas
10682,131.0,8.956739526411658,0.850068306010929,RI,MW,2.0,Brush Generation Facility,CO,40.2415,-103.631,gas
54426,132.0,49.1313752276867,0.53882058287796,,,,Mulberry Cogeneration Facility,FL,27.8489,-81.8775,gas
55661,619.0,144.50831056466302,0.6871584699453552,RI,MW,1.0,Essential Power Newington LLC,NH,43.1047,-70.8061,gas
56319,101.0,73.32809653916212,0.09756375227686703,,,,Wygen 2,WY,44.2919,-105.3811,coal
350,839.0,4.7436247723132965,0.974271402550091,ON,,1.0,Ormond Beach,CA,34.1292,-119.1689,gas
2122,33.0,0.5055783242258652,0.9781420765027322,,,,Chillicothe,MO,39.783388,-93.564112,gas
7449,49.0,1.0310792349726776,0.9730191256830601,,,,Combustion Turbine Project No 2,CA,38.088138,-121.386944,gas
50949,86.0,2.258765938069217,0.9640255009107468,,,,Hardee Power Station,FL,27.6364,-81.9636,gas
55198,981.0,64.12909836065573,0.8635018214936248,,,,Riverside Generating LLC,KY,38.191661,-82.604586,gas
607,117.0,17.153460837887067,0.8002049180327869,,,,Fredonia,WA,48.4558,-122.4358,gas
7900,618.0,258.06898907103823,0.12488615664845173,RI,MW,1.0,Sand Hill,TX,30.2098,-97.6129,gas
50625,907.0,696.7991803278688,0.0,,,,ExxonMobil Beaumont Refinery,TX,30.0636,-94.0753,gas
55132,885.0,171.60291438979962,0.5352914389799636,RI,MW,1.0,Tenaska Gateway Generating Station,TX,32.017826,-94.619743,gas
55135,301.0,85.44148451730419,0.6366120218579235,,,,Alliant Energy Neenah,WI,44.1936,-88.5064,gas
55137,949.0,616.1263661202186,0.15357468123861567,RI,MW,1.0,Rio Nogales Power Project,TX,29.593056,-97.973215,gas
55295,496.0,78.09187158469945,0.6569899817850637,RI,MW,1.0,Blythe Energy Inc,CA,33.6157,-114.6865,gas
202,,0.0,,ON,,1.0,Carl Bailey,AR,35.260102,-91.363426,
55400,538.0,249.95013661202185,0.3405054644808743,RI,MW,1.0,Elk Hills Power LLC,CA,35.280318,-119.470707,gas
55963,50.0,2.9270264116575593,0.9211065573770492,,,,Riverview Energy Center,CA,38.014423,-121.790679,gas
55985,568.0,108.38410746812386,0.724271402550091,RI,MW,1.0,Palomar Energy,CA,33.1197,-117.117778,gas
55098,529.0,272.692281420765,0.3155737704918033,RI,MW,1.0,Frontera Energy Center,TX,26.208,-98.3992,gas
55281,,0.0,,,,,Southeast Chicago Energy Project,IL,41.7181,-87.5449,
55545,544.0,236.89640255009107,0.4402322404371585,RI,MW,1.0,Hidalgo Energy Center,TX,26.34172,-98.175759,gas
7763,144.0,41.73918488160292,0.5389344262295082,,,,Henry County,IN,39.9528,-85.5039,gas
667,1095.0,371.60462204007285,0.11475409836065574,ON,,3.0,Northside Generating Station,FL,30.4172,-81.5525,coal
1240,320.0,42.15585154826958,0.7147085610200364,,,,Gordon Evans Energy Center,KS,37.7903,-97.521667,gas
3111,47.0,0.4520719489981785,0.9784836065573771,,,,Mountain,PA,40.1,-77.1716,oil
3132,64.0,1.8358378870673953,0.9614071038251366,,,,Warren,PA,41.835947,-79.188668,gas
3138,333.0,84.2440801457195,0.43294626593806923,ON,,3.0,New Castle Plant,PA,40.937939,-80.369007,gas
7512,559.0,346.905737704918,0.21129326047358835,RC,,1.0,Arthur Von Rosenberg,TX,29.257046,-98.384045,gas
3734,,0.0,,,,,Berlin 5,VT,44.251,-72.6027,oil
6584,45.0,0.2657103825136612,0.9879326047358834,,,,Stock Island,FL,24.563333,-81.7342,oil
6641,1752.0,654.1370673952641,0.2252959927140255,RN,NW,2.0,Independence Steam Electric Station,AR,35.678442,-91.408761,coal
6650,71.0,0.09790528233151184,0.9974954462659381,,,,Mexico,MO,39.1481,-91.8306,oil
10866,,0.0,,,,,Archer Daniels Midland Peoria,IL,40.677188,-89.604911,gas
55196,100.0,16.563296903460838,0.782103825136612,,,,Springdale 1 & 2,PA,40.546667,-79.768333,gas
7082,717.0,347.2021857923497,0.1478825136612022,DC,MD,1.0,Harry Allen,NV,36.430554,-114.902405,gas
55787,82.0,0.23440346083788707,0.9939663023679417,,,,Shoreham Energy LLC,NY,40.957053,-72.865877,oil
592,17.0,0.04530965391621129,0.9968123861566485,,,,Delaware City 10,DE,39.600408,-75.626811,oil
2434,62.0,9.485428051001822,0.8232012750455373,,,,Howard Down,NJ,39.4889,-75.0347,gas
2480,233.0,2.269922586520947,0.9748406193078324,ON,,4.0,Danskammer Generating Station,NY,41.6,-73.974981,gas
2454,399.0,204.8719262295082,0.06261384335154827,RI,MW,2.0,Cunningham,NM,32.7131,-103.3533,gas
10805,21.0,15.920195810564662,0.07126593806921676,,,,Kenilworth Energy Facility,NJ,40.6781,-74.2744,gas
1068,142.0,9.51377504553734,0.8508652094717668,,,,Marshalltown,IA,42.0474,-92.859444,gas
10761,219.0,43.13171675774135,0.5595400728597449,,,,Las Vegas Generating Station,NV,36.2319,-115.1222,gas
10788,,0.0,,,,,Belle West Virginia Plant,WV,38.2425,-81.554166,
55187,1227.0,998.8269581056467,0.0,RI,MW,2.0,Channelview Cogeneration Plant,TX,29.836952,-95.121744,gas
55188,570.0,132.3410746812386,0.6770264116575592,RI,MW,1.0,Cordova Energy,IL,41.712216,-90.279679,gas
59220,1065.0,351.0389344262295,0.48440346083788705,RI,MW,1.0,Wildcat Point Generation Facility,MD,39.719364,-76.161625,gas
59325,501.0,378.3113615664845,0.04815573770491803,RI,MW,1.0,Kings Mountain Energy Center,NC,35.2025,-81.363056,gas
1571,1422.0,116.60928961748634,0.8131830601092896,RN,NW,2.0,Chalk Point LLC,MD,38.5444,-76.6861,gas
56908,147.0,56.6049635701275,0.00011384335154826958,,,,Dave Gates Generating Station,MT,46.104713,-112.876605,gas
55620,831.0,439.33094262295083,0.18351548269581056,RI,MW,1.0,Perryville Power Station,LA,32.6908,-92.0183,gas
56047,876.0,649.7225637522769,0.08401639344262295,DC,MD,1.0,CPV Towantic Energy Center,CT,41.481243,-73.123108,gas
61144,278.0,49.32843806921676,0.7622950819672131,,,,Astoria Station,SD,44.574965,-96.55942,gas
63259,255.0,110.64697176684882,0.09676684881602915,,,,Delta Energy Park,MI,42.690644,-84.657783,gas
63559,65.0,2.2683287795992713,0.9472905282331512,,,,MMWEC Simple Cycle Gas Turbine,MA,42.54342,-70.927967,gas
992,,0.0,,,,,CC Perry K,IN,39.7631,-86.1667,gas
2956,1558.0,278.93146630236794,0.41108834244080145,RC,,1.0,Seminole,OK,34.96645,-96.7258,gas
6113,3360.0,1255.0706967213114,0.0,RC,,5.0,Gibson,IN,38.372222,-87.765833,coal
8049,554.0,42.587204007285976,0.8039617486338798,,,,Intercession City,FL,28.262778,-81.548611,gas
55672,597.0,19.5228825136612,0.9171220400728597,,,,AL Sandersville LLC,GA,33.1189,-82.8608,gas
55662,509.0,310.1359289617486,0.0947176684881603,DC,MD,1.0,Chehalis Generating Facility,WA,46.6225,-122.9131,gas
55687,615.0,338.66894353369764,0.11873861566484517,DC,MD,1.0,Higgins Generating Station,NV,35.6139,-115.3561,gas
58122,50.0,1.1933060109289617,0.9609517304189436,,,,Delano Energy Center,CA,35.790864,-119.294469,gas
58413,88.0,1.356818181818182,0.9737878787878788,,,,Copper Crossing Energy Center,AZ,33.15512,-111.483636,gas
58562,362.0,135.3450591985428,0.15300546448087432,,,,Montana Power Station,TX,31.823889,-106.211944,gas
58933,191.0,116.29701730418944,0.0004553734061930783,RI,MW,1.0,Shell Chemical Appalachia LLC,PA,40.671667,-80.336389,gas
1682,110.0,16.289845173041893,0.7533014571948998,RI,MW,1.0,Cleary Flood Hybrid,MA,41.8653,-71.1061,gas
1733,3200.0,1622.9729052823316,0.0,ON,,4.0,Monroe (MI),MI,41.8906,-83.3464,coal
52130,,0.0,,,,,Whiting Refinery,IN,41.6703,-87.4803,gas
55232,738.0,8.207422586520947,0.9612932604735883,,,,Marshall Energy Facility,KY,37.0286,-88.3958,gas
55406,560.0,190.41541438979962,0.44888433515482695,RI,MW,1.0,Effingham County Power Project,GA,32.277252,-81.284411,gas
55414,524.0,47.01878415300546,0.8407331511839709,,,,Shady Hills Generating Station,FL,28.3665,-82.558611,gas
55418,606.0,237.18863843351548,0.4962431693989071,RI,MW,1.0,Hot Spring Generating Facility,AR,34.29759,-92.868344,gas
56476,582.0,333.0887978142076,0.27037795992714025,DC,MD,1.0,Gateway Generating Station,CA,38.0175,-121.7587,gas
56475,49.0,1.2252959927140255,0.9495673952641166,,,,Center Hybrid,CA,33.9296,-118.1046,gas
56564,688.0,351.969262295082,0.26525500910746813,RI,MW,1.0,John W Turk Jr Power Plant,AR,33.649722,-93.811944,coal
56611,987.0,373.10997267759564,0.232695810564663,RI,MW,1.0,Sandy Creek Energy Station,TX,31.474378,-96.957149,coal
56629,96.0,6.4341985428051,0.9033469945355191,,,,Waterbury Generation,CT,41.5444,-73.0417,gas
1250,537.0,153.2495446265938,0.14799635701275046,RI,MW,2.0,Lawrence Energy Center,KS,39.0072,-95.269167,coal
2679,55.0,3.6264799635701275,0.9060792349726776,,,,Plant No 2 Freeport,NY,40.6447,-73.5683,gas
6065,1697.0,509.5889116575592,0.4237249544626594,"RI,ON",MW,2.0,Iatan,MO,39.4472,-94.98,coal
7843,435.0,10.57695810564663,0.9299863387978142,,,,Pleasant Valley (MN),MN,43.799446,-92.682874,gas
55486,413.0,35.110769581056466,0.8752276867030966,,,,Washington Parish Energy Center,LA,30.791389,-89.909166,gas
55512,44.0,0.7581967213114754,0.9764344262295082,,,,Cuyamaca Peak Energy Plant,CA,32.796491,-116.972071,gas
56786,,0.0,,RI,MW,1.0,Spiritwood Station,ND,46.926423,-98.499713,gas
54538,362.0,20.69011839708561,0.863615664845173,,,,Hartwell Energy Facility,GA,34.339588,-82.819871,gas
2406,1554.0,561.2899590163935,0.11395719489981786,RI,MW,2.0,PSEG Linden Generating Station,NJ,40.6217,-74.2072,gas
7212,349.0,17.471653005464482,0.8524590163934426,,,,Darbytown,VA,37.498223,-77.368544,gas
54605,29.0,14.678392531876138,0.1765710382513661,,,,Pratt & Whitney,CT,41.748327,-72.636693,gas
55253,285.0,5.683173952641166,0.9575364298724954,,,,Crete Energy Venture LLC,IL,41.429444,-87.6187,gas
55269,888.0,538.8713570127504,0.10655737704918032,RI,MW,3.0,TVA Southaven Combined Cycle,MS,34.9939,-90.0378,gas
55480,2006.0,1138.6610883424407,0.1294398907103825,RI,MW,2.0,Forney Energy Center,TX,32.7563,-96.4916,gas
57483,200.0,12.556124772313296,0.8962887067395264,,,,Mariposa Energy Project,CA,37.789167,-121.601944,gas
66600,54.0,2.9291213768115942,0.9254981884057971,,,,Bushy Park Combustion Turbine Facility,SC,33.014915,-79.930045,gas
2500,1897.0,303.41051912568304,0.10484972677595629,"DC,ON",MD,4.0,Ravenswood,NY,40.759167,-73.94611,gas
2504,14.0,0.0031876138433515485,0.9997723132969034,,,,74th Street,NY,40.768,-73.9515,oil
6042,1536.0,779.3859289617486,0.11520947176684881,RC,,1.0,Manatee,FL,27.6058,-82.3456,gas
6055,1470.0,201.06773679417122,0.5105874316939891,"ON,RI",MW,3.0,Big Cajun 2,LA,30.7261,-91.3692,coal
55075,295.0,178.47210837887067,0.26240892531876137,,,,Pine Bluff Energy Center,AR,34.2181,-91.9025,gas
55299,1051.0,735.0603369763206,0.0,RI,MW,1.0,Channel Energy Center LLC,TX,29.7189,-95.2319,gas
55334,633.0,312.45525956284155,0.3028233151183971,RI,MW,1.0,Holland Energy Facility,IL,39.223144,-88.758406,gas
57029,763.0,86.56750910746813,0.7101548269581056,,,,Cleveland Cnty Generating Facility,NC,35.170547,-81.416648,gas
10328,,0.0,,,,,T B Simon Power Plant,MI,42.7178,-84.4836,gas
55645,287.0,63.123292349726775,0.6459471766848816,,,,Blue Spruce Energy Center,CO,39.747875,-104.681404,gas
2107,955.0,413.1251138433515,0.2350865209471767,ON,,2.0,Sioux,MO,38.915479,-90.290247,coal
7380,507.0,216.3763661202186,0.1680327868852459,OC,,1.0,Midulla Generating Station,FL,27.641667,-81.9625,gas
7456,174.0,99.65642076502732,0.2305327868852459,,,,Rathdrum,ID,47.80427,-116.867312,gas
4937,395.0,269.53950364298726,0.10132058287795993,ON,,1.0,Thomas C Ferguson,TX,30.558,-98.3705,gas
55294,615.0,367.2018442622951,0.17770947176684881,RI,MW,1.0,Westbrook Energy Center Power Plant,ME,43.6575,-70.375,gas
55297,1230.0,831.9545765027323,0.02174408014571949,RI,MW,3.0,New Covert Generating Facility,MI,42.32238,-86.29368,gas
55382,1430.0,1007.8652094717669,0.048724954462659384,RI,MW,2.0,Thomas A Smith Energy Facility,GA,34.7094,-84.9175,gas
55397,711.0,603.5557832422586,0.043943533697632056,RI,MW,1.0,Washington Energy Facility,OH,39.58,-81.6564,gas
55855,48.0,1.0268670309653916,0.968351548269581,,,,Wolfskill Energy Center,CA,38.228522,-122.07525,gas
60345,1715.0,1290.7937158469945,0.05407559198542805,RI,MW,1.0,Okeechobee Clean Energy Center,FL,27.634167,-80.791111,gas
2493,442.0,257.17338342440803,0.0,ON,,2.0,East River,NY,40.7281,-73.9742,gas
666,369.0,21.807149362477233,0.8290072859744991,,,,J D Kennedy,FL,30.364818,-81.625967,gas
664,124.0,93.74225865209472,0.138091985428051,,,,John R Kelly,FL,29.6461,-82.3208,gas
1230,54.0,6.902322404371585,0.7519353369763205,,,,Cimarron River,KS,37.1611,-100.7619,gas
3113,140.0,0.07342896174863388,0.9990892531876139,,,,Portland (PA),PA,40.910205,-75.079398,oil
3176,133.0,76.71948998178506,0.32103825136612024,,,,Hunlock Power Station,PA,41.200556,-76.07,gas
6194,1052.0,244.28836520947178,0.23668032786885246,RI,MW,2.0,Tolk,TX,34.186494,-102.56999,coal
3954,1735.0,512.1906876138434,0.32194899817850636,OC,,3.0,Mt Storm,WV,39.2008,-79.2636,coal
3991,29.0,0.036202185792349725,0.9955601092896175,,,,Fitchburg,WI,43.0147,-89.4603,gas
6469,937.0,633.0777550091075,0.009562841530054645,RF,MW,2.0,Antelope Valley,ND,47.370542,-101.83566,coal
10870,148.0,0.7469262295081968,0.9852003642987249,,,,Hazelton,PA,40.928161,-76.040929,gas
55193,606.0,417.22939435336974,0.15323315118397085,RI,MW,1.0,Ontelaunee Energy Center,PA,40.4219,-75.9356,gas
7063,671.0,32.154143897996356,0.8778460837887068,,,,McIntosh (AL),AL,31.2546,-88.0299,gas
2240,127.0,45.58982240437158,0.15107012750455373,"ON,RI",MW,3.0,Lon Wright,NE,41.4281,-96.4623,coal
55738,,0.0,,,,,Buchanan Generation LLC,VA,37.175278,-81.961388,gas
10017,,0.0,,RI,MW,1.0,WestRock-West Point Mill,VA,37.5392,-76.8053,waste
10151,,0.0,,,,,Grant Town Power Plant,WV,39.561831,-80.163138,coal
10169,41.0,1.875796903460838,0.9378415300546448,,,,Carson Cogeneration,CA,33.8759,-118.2491,gas
10751,148.0,12.599271402550091,0.876252276867031,,,,Camden Plant Holding LLC,NJ,39.9175,-75.1192,gas
55110,651.0,127.3186475409836,0.6270491803278688,,,,Madison,OH,39.4522,-84.4647,gas
6768,255.0,187.51070127504553,0.09005009107468123,RI,MW,1.0,Sikeston Power Station,MO,36.8791,-89.6209,coal
55558,49.0,31.583674863387976,0.27538706739526414,,,,Combined Locks Energy Center,WI,44.2717,-88.3011,gas
56177,149.0,95.84927140255009,0.14321493624772313,,,,Nebo Power Station,UT,40.0614,-111.7294,gas
62548,100.0,23.48428961748634,0.6695127504553734,,,,SJRR Power LLC,TX,29.88193,-95.11148,gas
2876,1117.0,618.0582877959927,0.042122040072859745,ON,,5.0,Kyger Creek,OH,38.9144,-82.1289,coal
2953,265.0,69.8360655737705,0.4838342440801457,,,,Mustang,OK,35.46988,-97.67498,gas
6155,1142.0,69.69729052823315,0.8691939890710383,ON,,2.0,Rush Island,MO,38.131248,-90.263157,
8042,2343.0,1156.9289617486338,0.034722222222222224,ON,,2.0,Belews Creek,NC,36.2811,-80.0603,gas
8048,1042.0,197.95343806921676,0.0389344262295082,ON,MW,2.0,Anclote,FL,28.184444,-82.788611,gas
55146,891.0,497.03051001821495,0.06443533697632059,RI,MW,3.0,Green Country Energy LLC,OK,35.9833,-95.9346,gas
55736,1442.0,1068.4348816029144,0.010245901639344262,RI,MW,2.0,Hanging Rock Energy Facility,OH,38.5731,-82.7833,gas
58001,1540.0,869.2556921675774,0.10769581056466303,RI,MW,2.0,Panda Temple Power Station,TX,31.055833,-97.317222,gas
58079,739.0,369.7447632058288,0.23394808743169399,RI,MW,1.0,Newark Energy Center,NJ,40.707222,-74.125833,gas
58471,354.0,76.44091530054645,0.655396174863388,,,,Ector County Energy Center,TX,32.069167,-102.585556,gas
58503,498.0,383.98668032786884,0.10097905282331512,RI,MW,1.0,Carty Generating Station,OR,45.698611,-119.813056,gas
1927,515.0,321.29542349726773,0.22472677595628415,ON,,1.0,Riverside (MN),MN,45.0203,-93.2753,gas
2369,17.0,0.1092896174863388,0.9861111111111112,,,,White Lake,NH,43.8478,-71.2069,oil
3006,432.0,160.42065118397085,0.19057377049180327,RI,MW,1.0,Anadarko Plant,OK,35.0847,-98.23,gas
7972,368.0,22.93761384335155,0.8819444444444444,,,,Sumpter,MI,42.167,-83.5318,gas
54034,80.0,2.164617486338798,0.968351548269581,,,,Rensselaer Cogen,NY,42.625325,-73.749955,gas
55433,293.0,13.841188524590164,0.8925318761384335,,,,Bayou Cove Peaking Power,LA,30.2825,-92.5997,gas
55438,500.0,7.300091074681238,0.9667577413479053,,,,Elgin Energy Center LLC,IL,42.000061,-88.244572,gas
56474,49.0,1.7522768670309654,0.9491120218579235,,,,Barre Peaker,CA,33.8073,-117.9832,gas
6073,2195.0,1125.3206967213114,0.0,"RI,RC",MW,2.0,Victor J Daniel Jr,MS,30.5322,-88.5553,gas
880067,,0.0,,,,,Wood River Refinery,IL,38.8375,-90.0675,
2367,18.0,0.049749544626593804,0.9936247723132969,ON,,3.0,Schiller,NH,43.0978,-70.7842,coal
7158,512.0,45.21413934426229,0.7145947176684881,,,,Woodsdale,OH,39.4492,-84.4611,gas
54768,45.0,1.4430783242258651,0.9570810564663024,,,,Live Oak Limited,CA,35.4837,-119.0298,gas
54817,292.0,154.59130236794172,0.26252276867030966,RI,MW,1.0,Johnson County,TX,32.3994,-97.4078,gas
54844,258.0,160.57251821493625,0.1489071038251366,DC,MD,2.0,Gordonsville Energy LP,VA,38.124688,-78.203543,gas
57241,107.0,33.62932604735884,0.42793715846994534,RI,MW,1.0,Deerhaven Renewable,FL,29.7675,-82.396388,waste
880102,512.0,374.7306466302368,0.0047814207650273225,,,,"AES Puerto Rico, LP",PR,17.9477,-66.154,
399,421.0,30.948315118397087,0.7157331511839709,,,,Harbor,CA,33.7706,-118.2656,gas
408,558.0,177.11703096539162,0.31671220400728595,RI,MW,1.0,Valley (CA),CA,34.244991,-118.391327,gas
1404,,0.0,,,,,Sterlington,LA,32.7047,-92.0792,gas
1417,197.0,22.417349726775956,0.6405965391621129,RC,,1.0,Lieberman,LA,32.7047,-93.9597,gas
6254,756.0,237.76923952641167,0.45685336976320584,RI,MW,1.0,Ottumwa,IA,41.0961,-92.555833,coal
55076,,0.0,,RI,MW,1.0,Red Hills Generating Facility,MS,33.3761,-89.2183,coal
55237,393.0,25.55646630236794,0.8716985428051002,,,,Energy Shelby County,IL,39.2794,-88.4772,gas
55306,589.0,341.92770947176683,0.20104735883424407,RI,MW,1.0,Gila River Power Station,AZ,32.975,-112.6944,gas
57037,808.0,491.51673497267757,0.07274590163934426,RI,MW,1.0,Ratcliffe,MS,32.654722,-88.762222,gas
6004,1390.0,133.9808743169399,0.8095400728597449,RN,NW,2.0,FirstEnergy Pleasants Power Station,WV,39.366667,-81.294444,coal
7873,1239.0,384.15459927140256,0.011270491803278689,ON,,2.0,H L Culbreath Bayside Power Station,FL,27.9072,-82.4231,gas
10349,49.0,4.968351548269581,0.8311703096539163,,,,Greenleaf 2 Power Plant,CA,39.1365,-121.6397,gas
10343,32.0,5.139913479052823,0.7840391621129326,,,,Foster Wheeler Mt Carmel Cogen,PA,40.811189,-76.452951,coal
54276,,0.0,,,,,Univ of NC Chapel Hill Cogen Facility,NC,35.9069,-79.0617,gas
55457,405.0,154.05828779599273,0.4425091074681239,RI,MW,1.0,McClain Energy Facility,OK,35.29774,-97.58985,gas
55464,1371.0,941.0675091074681,0.0,RI,MW,1.0,Deer Park Energy Center,TX,29.713414,-95.134508,gas
56350,633.0,285.8132969034608,0.20366575591985428,RI,MW,2.0,Colorado Bend Energy Center,TX,29.2878,-96.0683,gas
7605,263.0,180.87386156648452,0.2526183970856102,RI,MW,1.0,River Road Gen Plant,WA,45.6497,-122.7256,gas
50974,,0.0,,,,,Scrubgrass Generating Company LP,PA,41.2691,-79.8134,coal
55210,234.0,65.90038706739526,0.5977914389799636,HRI,WD,1.0,Afton Generating Station,NM,32.114185,-106.846483,gas
602,1395.0,281.1221539162113,0.43624772313296906,RI,MW,2.0,Brandon Shores,MD,39.2,-76.5389,coal
7897,1420.0,579.8507513661202,0.19057377049180327,RI,MW,2.0,E B Harris Electric Generating Plant,AL,32.381352,-86.574366,gas
55123,790.0,280.0367714025501,0.3492714025500911,RI,MW,1.0,Magic Valley Generating Station,TX,26.3403,-98.19,gas
55128,481.0,40.11372950819672,0.8186475409836066,,,,Walton County Power LLC,GA,33.8148,-83.6954,gas
56232,88.0,1.409608378870674,0.9733606557377049,,,,Miramar Energy Facility,CA,32.8769,-117.166389,gas
50555,128.0,1.4048269581056467,0.9830373406193078,,,,Rosemary Power Station,NC,36.4517,-77.6594,oil
55969,58.0,3.20264116575592,0.9280510018214936,,,,Hawkeye Energy Greenport LLC,NY,41.10603,-72.376155,oil
7985,414.0,164.05487249544626,0.44968123861566484,RI,MW,1.0,Greater Des Moines,IA,41.5563,-93.5283,gas
7988,273.0,50.66313752276867,0.6565346083788707,,,,Silver Creek,MS,31.6004,-89.9468,gas
50397,,0.0,,"ON,RF",MW,2.0,Pixelle Specialty Solutions LLC - Spring Grove Facility,PA,39.870935,-76.868117,coal
50240,,0.0,,,,,Purdue University,IN,40.4172,-86.9122,gas
50368,,0.0,,,,,Cornell University Central Heat,NY,42.4428,-76.4764,gas
55096,26.0,14.365664845173042,0.42873406193078323,,,,Portside Energy,IN,41.6317,-87.1728,gas
60464,1062.0,824.203893442623,0.072632058287796,RF,MW,1.0,Tenaska Westmoreland Generating Station,PA,40.175249,-79.696665,gas
2490,887.0,154.15220856102005,0.21903460837887068,ON,,2.0,Arthur Kill Generating Station,NY,40.591564,-74.200035,gas
55226,1149.0,802.1470856102004,0.03847905282331512,RI,MW,2.0,Freestone Energy Center,TX,31.8907,-96.1131,gas
3096,246.0,6.185792349726776,0.9495673952641166,RI,MW,1.0,Brunot Island,PA,40.464851,-80.043761,gas
1588,1615.0,197.28269464720194,0.8132603406326034,,,,Mystic Generating Station,MA,42.3908,-71.0675,
3992,103.0,6.531306921675774,0.7977003642987249,ON,,1.0,Blount Street,WI,43.0789,-89.3744,gas
50243,175.0,1.8094262295081966,0.9818989071038251,,,,Bucksport Generation LLC,ME,44.5738,-68.8046,gas
6823,454.0,311.2843806921676,0.21459471766848817,RI,MW,1.0,D B Wilson,KY,37.4497,-87.0806,coal
2168,1228.0,665.0852686703097,0.0012522768670309653,ON,,2.0,Thomas Hill,MO,39.5522,-92.6381,coal
55377,100.0,19.1382058287796,0.7581967213114754,,,,Gans,PA,39.7475,-79.838888,gas
56963,786.0,143.94842896174865,0.6598360655737705,RI,MW,2.0,West Deptford Energy Station,NJ,39.8414,-75.2214,gas
568,528.0,405.8287795992714,0.11464025500910746,DC,MW,1.0,Bridgeport Station,CT,41.1706,-73.1844,gas
1040,90.0,4.951730418943534,0.901183970856102,,,,Whitewater Valley,IN,39.8028,-84.8953,coal
1073,,0.0,,ON,,2.0,Prairie Creek,IA,41.944039,-91.639167,gas
56940,722.0,568.9568533697632,0.05225409836065574,DC,MD,1.0,CPV Valley Energy Center,NY,41.4122,-74.4378,gas
1586,30.0,0.05327868852459016,0.9956739526411658,,,,Exelon Framingham LLC,MA,42.2672,-71.3983,oil
6761,688.0,160.72620673952642,0.015141165755919854,RC,,1.0,Rawhide,CO,40.860905,-105.021207,gas
55540,38.0,0.29713114754098363,0.9877049180327869,,,,Chula Vista I,CA,32.591667,-117.058611,gas
55541,138.0,3.5150273224043715,0.9561703096539163,,,,Indigo Energy Facility,CA,33.910873,-116.552994,gas
56031,654.0,520.256033697632,0.07490892531876138,RI,MW,1.0,Fox Energy Center,WI,44.3204,-88.208889,gas
56104,732.0,318.69250910746814,0.3933287795992714,RI,MW,1.0,Mankato Energy Center,MN,44.1988,-94.003,gas
60927,1047.0,693.1462887067395,0.1984289617486339,RI,MW,1.0,Lake Charles Power,LA,30.3,-93.28861,gas
886,,0.0,,,,,Fisk Street,IL,41.8508,-87.6533,oil
983,1303.0,653.7204007285975,0.0,ON,,6.0,Clifty Creek,IN,38.7378,-85.4206,coal
991,754.0,628.2375910746813,0.06215846994535519,RI,MW,1.0,Eagle Valley (IN),IN,39.48517,-86.4183,gas
8054,757.0,46.59141621129326,0.8761384335154827,ON,,1.0,Gerald Andrus,MS,33.35,-91.1167,gas
55700,330.0,270.8181921675774,0.09688069216757741,RI,MW,1.0,Mint Farm Generating Station,WA,46.138824,-122.985506,gas
55701,744.0,442.2846083788707,0.15220856102003644,RI,MW,1.0,Fremont Energy Center,OH,41.377116,-83.161388,gas
58005,772.0,447.7708333333333,0.24020947176684881,RI,MW,1.0,Panda Sherman Power Station,TX,33.582573,-96.617893,gas
2720,735.0,498.4867941712204,0.15710382513661203,RI,MW,1.0,Buck,NC,35.7133,-80.3767,gas
3452,937.0,199.6516393442623,0.5073998178506375,RC,,1.0,Lake Hubbard,TX,32.8358,-96.5458,gas
55233,268.0,12.08674863387978,0.8496129326047359,,,,Handsome Lake Energy LLC,PA,41.2908,-79.8061,gas
55404,532.0,359.12067395264114,0.02413479052823315,RI,MW,1.0,Carville Energy LLC,LA,30.2294,-91.065,gas
56467,629.0,162.32627504553733,0.6073542805100182,RI,MW,1.0,Russell City Energy Center,CA,37.63466,-122.13381,gas
56610,307.0,132.48098816029145,0.39913479052823314,DC,MD,1.0,Deer Creek Station,SD,,-96.526667,gas
130,2292.0,1051.784039162113,0.0007969034608378871,RI,MW,4.0,Cross,SC,33.371506,-80.113235,coal
2625,1169.0,154.8094262295082,0.7338342440801457,ON,,2.0,Bowline Point,NY,41.2044,-73.9689,gas
7538,955.0,8.318989071038251,0.954804189435337,,,,Wayne County,NC,35.375789,-78.098052,gas
55463,1426.0,601.9924863387978,0.21106557377049182,RI,MW,4.0,Redbud Power Plant,OK,35.6856,-97.2264,gas
880042,,0.0,,,,,AK Steel Corporation - Middletown,OH,39.4968,-84.3901,
880076,,0.0,,,,,Lemont Refinery,IL,41.6439,-88.0467,
2390,3.0,0.0017076502732240437,0.998747723132969,,,,Sayreville,NJ,40.476525,-74.352336,oil
2411,575.0,308.7702641165756,0.22984972677595628,DC,MD,1.0,PSEG Sewaren Generating Station,NJ,40.5558,-74.2469,gas
54914,240.0,205.6987704918033,0.0014799635701275046,,,,Brooklyn Navy Yard Cogeneration,NY,40.699357,-73.976392,gas
55010,267.0,151.8360655737705,0.24373861566484517,RI,MW,1.0,LSP-Cottage Grove LP,MN,44.7956,-92.9119,gas
55015,472.0,354.52743624772313,0.0,,,,Sweeny Cogen Facility,TX,29.0728,-95.745,gas
55042,543.0,307.683970856102,0.29200819672131145,ON,,1.0,Bridgeport Energy Project,CT,41.1692,-73.1844,gas
55043,71.0,50.837659380692166,0.1711065573770492,,,,Cherokee County Cogen,SC,35.0727,-81.613,gas
55262,27.0,0.24237249544626593,0.9872495446265938,,,,Bowling Green Generating Station,OH,41.397369,-83.641236,gas
55267,626.0,29.458902550091075,0.885132058287796,,,,Edward L. Addison Generating Plant,GA,32.9111,-84.3064,gas
55482,313.0,243.5846994535519,0.14082422586520948,HRI,WD,1.0,Goldendale Generating Station,WA,45.8114,-120.833,gas
57185,1111.0,483.183970856102,0.12181238615664845,DC,MD,3.0,Cricket Valley Energy,NY,41.676111,-73.581111,gas
63931,1285.0,747.1288706739526,0.14685792349726776,DC,MD,2.0,CPV Three Rivers Energy Center,IL,41.372222,-88.284444,gas
533,553.0,230.8283242258652,0.23554189435336975,RI,MW,2.0,McWilliams,AL,31.400255,-86.476449,gas
6043,2270.0,881.008310564663,0.18772768670309653,"RI,RC",MW,2.0,Martin,FL,27.0536,-80.5628,gas
6002,2982.0,2265.243966302368,0.0,RN,NW,2.0,James H Miller Jr,AL,33.6319,-87.0597,coal
54350,93.0,44.592440801457194,0.45081967213114754,,,,Nevada Cogen Assoc#1 GarnetVly,NV,36.343229,-114.920686,gas
7515,96.0,1.7558060109289617,0.9326047358834244,,,,McPherson 3,KS,38.38932,-97.61108,gas
50776,,0.0,,,,,Panther Creek Energy Facility,PA,40.8556,-75.8781,coal
55200,126.0,31.256147540983605,0.5584016393442623,,,,Arapahoe Combustion Turbine Project,CO,39.6692,-105.0018,gas
55206,585.0,351.91473132969037,0.006033697632058288,RI,MW,1.0,Corpus Christi Energy Center,TX,27.8139,-97.4283,gas
55211,379.0,192.53768214936247,0.17270036429872496,DC,MD,2.0,ANP Bellingham Energy Project,MA,42.110577,-71.453468,gas
55216,179.0,65.97791438979964,0.0,,,,Morris Cogeneration LLC,IL,41.411944,-88.332778,gas
4271,426.0,115.66632513661202,0.28608834244080145,ON,,1.0,John P Madgett,WI,44.303583,-91.912647,coal
4939,868.0,188.3191029143898,0.4413706739526412,OC,,2.0,Barney M Davis,TX,27.6064,-97.3117,gas
7912,48.0,5.206170309653916,0.8744307832422586,,,,Brentwood,NY,40.787062,-73.293412,gas
55111,663.0,88.20571493624772,0.7407786885245902,,,,Vermillion Energy Facility,IN,39.922328,-87.446358,gas
56241,355.0,92.74430783242259,0.5535063752276868,,,,Cannon Falls Energy Center,MN,44.536688,-92.915528,gas
64854,89.0,79.46152094717668,0.011612021857923498,,,,Primient,IN,40.376319,-86.843695,gas
50450,61.0,6.00922131147541,0.8739754098360656,,,,Indeck Oswego Energy Center,NY,43.471745,-76.493474,gas
55391,490.0,46.65186703096539,0.8246812386156649,,,,RockGen Energy Center,WI,42.9767,-89.0492,gas
55392,483.0,44.53790983606557,0.8010018214936248,,,,Zion Energy Center,IL,42.4776,-87.895,gas
634,1235.0,731.9168943533698,0.012408925318761385,ON,,1.0,P L Bartow,FL,27.859535,-82.601759,gas
8002,427.0,7.088228597449909,0.9604963570127505,ON,,1.0,Newington,NH,43.1,-70.790833,gas
55086,674.0,79.74635701275045,0.5256147540983607,RI,MW,1.0,Gregory Power Facility,TX,27.88929,-97.258417,gas
60368,1157.0,874.6763433515483,0.12921220400728597,RI,MW,1.0,Hummel Station LLC,PA,40.839014,-76.825517,gas
60460,91.0,15.873406193078324,0.6678051001821493,,,,Chamon Power LLC,TX,29.883214,-95.111345,gas
542,41.0,0.057832422586520944,0.9968123861566485,,,,Cos Cob,CT,41.0289,-73.5989,oil
663,285.0,92.83151183970855,0.017759562841530054,RI,MW,2.0,Deerhaven Generating Station,FL,29.7592,-82.3878,gas
676,366.0,178.15437158469945,0.11372950819672131,RI,MW,1.0,C D McIntosh Jr,FL,28.0801,-81.9229,gas
3491,1211.0,104.98838797814207,0.6958105646630237,OC,,1.0,Handley,TX,32.7283,-97.2192,gas
3118,1813.0,444.8426684881603,0.41211293260473586,RN,NW,2.0,Conemaugh,PA,40.3842,-79.0611,coal
3611,854.0,298.47495446265935,0.1811247723132969,RC,,2.0,O W Sommers,TX,29.308056,-98.3242,gas
728,725.0,252.97301912568307,0.19808743169398907,RI,MW,2.0,Yates,GA,33.4622,-84.8986,gas
7546,100.0,2.648110200364299,0.9451275045537341,,,,Ponca City,OK,36.71979,-97.085758,gas
1592,92.0,0.3574681238615665,0.9903233151183971,,,,Exelon Medway LLC,MA,42.140028,-71.446441,oil
3944,2105.0,1307.9404599271402,0.0,RN,NW,2.0,FirstEnergy Harrison Power Station,WV,39.384167,-80.3325,coal
3948,1683.0,519.055441712204,0.18203551912568305,RN,NW,2.0,Mitchell (WV),WV,39.8297,-80.8153,coal
6358,42.0,0.19068761384335156,0.9931693989071039,,,,Hutchinson Plant #2,MN,44.888881,-94.349348,gas
56283,99.0,7.160177595628415,0.8702185792349727,,,,Hargis-Hebert Electric Generating,LA,30.1694,-91.9923,gas
2226,107.0,4.510018214936248,0.8384562841530054,ON,,1.0,Canaday,NE,40.6942,-99.7011,gas
55375,626.0,488.82934881602915,0.047586520947176685,DC,MD,1.0,Astoria Energy,NY,40.7825,-73.8964,gas
3393,1109.0,749.7363387978143,0.07889344262295082,RF,MW,1.0,Allen,TN,35.074087,-90.14868,gas
10776,49.0,1.2504553734061932,0.9568533697632058,,,,E F Oxnard Energy Facility,CA,34.1958,-119.1664,gas
1439,,0.0,,,,,Houma,LA,29.5806,-90.7225,gas
56846,783.0,425.18499544626593,0.19694899817850636,RI,MW,1.0,CPV St Charles Energy Center,MD,38.5686,-76.8919,gas
1131,38.0,0.7979280510018215,0.9277094717668488,,,,Streeter Station,IA,42.5267,-92.4394,gas
55640,521.0,15.311361566484518,0.9131375227686703,,,,University Park North,IL,41.4425,-87.7514,gas
56015,72.0,0.009562841530054645,0.9997723132969034,,,,Bainbridge,GA,30.910985,-84.547304,oil
56078,249.0,179.84915755919855,0.09847449908925318,RI,MW,1.0,Walnut Energy Center,CA,37.4878,-120.8956,gas
63628,66.0,1.7169854280510017,0.9512750455373407,,,,Tinker,OK,35.414719,-97.373445,gas
2951,479.0,73.52117486338798,0.5653460837887068,"RI,RC",MW,2.0,Horseshoe Lake,OK,35.50866,-97.17969,gas
6138,557.0,292.3915072859745,0.15846994535519127,RC,,1.0,Flint Creek,AR,36.2561,-94.5241,coal
6137,172.0,5.859289617486339,0.924863387978142,,,,A B Brown,IN,37.9053,-87.715,gas
8012,370.0,0.33777322404371585,0.9971539162112932,,,,Croydon CT Generating Station,PA,40.08,-74.8917,oil
8029,154.0,1.1499316939890711,0.981443533697632,,,,Sycamore (IA),IA,41.6722,-93.6769,gas
55153,1132.0,751.2009335154827,0.053051001821493624,RI,MW,2.0,Guadalupe Generating Station,TX,29.6244,-98.1419,gas
55176,476.0,324.03745446265935,0.07240437158469945,RI,MW,1.0,Eastman Cogeneration Facility,TX,32.4481,-94.6903,gas
55708,115.0,24.622495446265937,0.6391165755919854,RI,MW,1.0,Nacogdoches Power,TX,31.832132,-94.90064,waste
55748,309.0,29.444444444444443,0.8016848816029144,RI,MW,2.0,Los Esteros Critical Energy Center,CA,37.425,-121.9319,gas
2001,26.0,0.042805100182149364,0.9982923497267759,,,,New Ulm,MN,44.3159,-94.4581,oil
3439,209.0,6.108492714025501,0.9392076502732241,,,,Laredo,TX,27.5667,-99.5089,gas
3453,763.0,56.827185792349724,0.6238615664845173,ON,,1.0,Mountain Creek,TX,32.7231,-96.9358,gas
3460,1449.0,372.35200364298726,0.3483606557377049,OC,,2.0,Cedar Bayou,TX,29.75,-94.9256,gas
7948,282.0,13.261042805100182,0.8801229508196722,,,,Lawrence County Station,IN,38.8003,-86.4511,gas
55230,1322.0,795.4437613843352,0.027891621129326048,RI,MW,2.0,Jack County,TX,33.101,-97.9574,gas
55395,301.0,14.832991803278688,0.9109744990892532,,,,Crossroads Energy Center,MS,34.183,-90.5621,gas
56480,56.0,0.5136612021857924,0.9857695810564663,,,,Marshfield Utilities Gas Plant,WI,44.634722,-90.134444,gas
56668,26.0,18.682604735883423,0.1930783242258652,,,,NIH Cogeneration Facility,MD,39.0,-77.0939,gas
10,1166.0,181.40698998178507,0.2084471766848816,ON,,1.0,Greene County,AL,32.6017,-87.7811,gas
60,325.0,150.1879553734062,0.13422131147540983,RI,MW,2.0,Whelan Energy Center,NE,40.580872,-98.312437,coal
2628,36.0,0.07843806921675774,0.9944216757741348,,,,Hillburn,NY,41.1269,-74.1653,gas
6074,241.0,20.60735428051002,0.7059426229508197,,,,Greenwood (MO),MO,38.8615,-94.2982,gas
7836,581.0,47.39355646630237,0.8348132969034608,,,,Marsh Run Generation Facility,VA,38.5283,-77.7681,gas
55501,1386.0,626.3542805100183,0.207764116575592,RI,MW,2.0,Kiamichi Energy Facility,OK,34.6831,-95.9349,gas
55453,245.0,10.65334699453552,0.8949225865209471,,,,Fountain Valley Power Facility,CO,38.5569,-104.6875,gas
55518,879.0,543.4614071038251,0.2855191256830601,RI,MW,1.0,High Desert Power Plant,CA,34.5953,-117.3647,gas
880031,,0.0,,,,,The Dow Chemical Company,MI,43.6025,-84.2404,
880083,,0.0,,,,,Lima Refinery,OH,40.7234,-84.1133,
7237,377.0,28.67053734061931,0.8313979963570127,,,,Angus Anson,SD,43.60347,-96.6356,gas
7903,100.0,12.771288706739526,0.7931466302367942,,,,McCartney,MO,37.248431,-93.170839,gas
55264,25.0,0.23383424408014572,0.9871357012750456,,,,Napoleon Peaking Station,OH,41.4079,-84.1095,gas
6058,78.0,2.9356785063752278,0.9093806921675774,,,,Cascade Creek,MN,44.0322,-92.4908,gas
6223,258.0,16.295878870673953,0.6747495446265938,,,,Empire Energy Center,MO,37.1385,-94.1041,gas
6249,1193.0,475.1584699453552,0.007627504553734062,"RC,RI",MW,4.0,Winyah,SC,33.33184,-79.357236,coal
59784,599.0,376.44398907103823,0.06454918032786885,RI,MW,1.0,Gila River Power Block 3,AZ,32.975,-112.6944,gas
10190,76.0,10.15926684881603,0.8211520947176685,,,,Castleton Energy Center,NY,42.5375,-73.7433,gas
10464,,0.0,,,,,ReEnergy Black River,NY,44.03647,-75.77204,
10603,60.0,47.02766393442623,0.09437613843351549,,,,Ebensburg Power,PA,40.455,-78.7472,coal
10650,46.0,1.6253415300546448,0.9533242258652095,,,,Badger Creek Limited,CA,35.483736,-119.029856,gas
10725,406.0,12.265482695810565,0.9454690346083788,RI,MW,2.0,Selkirk Cogen,NY,42.5744,-73.8592,gas
54556,,0.0,,,,,Ingredion Incorporated,IL,41.7775,-87.8233,gas
389,279.0,123.89560564663023,0.0,RI,MW,3.0,El Centro Hybrid,CA,32.802222,-115.54,gas
2103,2591.0,1730.199339708561,0.0025045537340619307,ON,,4.0,Labadie,MO,38.562244,-90.837686,coal
2098,151.0,8.49146174863388,0.7538706739526412,"ON,RI",MW,4.0,Lake Road (MO),MO,39.7246,-94.8773,gas
7345,,0.0,,,,,University of Florida,FL,29.640278,-82.348611,gas
7697,160.0,125.88069216757741,0.08173952641165756,,,,Washington County Cogeneration Facility,AL,31.3,-88.0156,gas
50815,613.0,413.18317395264114,0.0,RI,MW,1.0,Optim Energy Altura Cogen LLC,TX,29.8161,-95.10773,gas
50744,41.0,0.31489071038251365,0.9885018214936248,,,,Sterling Power Plant,NY,43.080338,-75.600963,gas
593,659.0,43.012864298724956,0.7840391621129326,ON,,3.0,Edge Moor,DE,39.73886,-75.50384,gas
594,427.0,23.564093806921676,0.9000455373406193,RI,MW,1.0,Indian River Generating Station,DE,38.5857,-75.2341,coal
621,1362.0,810.9188296903461,0.07593351548269581,"RI,RC",MW,2.0,Turkey Point,FL,25.4356,-80.3308,nuclear
4076,107.0,3.909266848816029,0.9319216757741348,,,,West Marinette,WI,45.0869,-87.6881,gas
4195,56.0,1.604280510018215,0.9363615664845173,,,,Powerlane Plant,TX,33.1707,-96.1264,oil
7343,700.0,95.37659380692168,0.7748178506375227,ON,,1.0,George Neal South,IA,42.3006,-96.3617,coal
55293,856.0,512.333674863388,0.1413934426229508,RI,MW,1.0,Morgan Energy Center,AL,34.6397,-87.0639,gas
56253,83.0,18.616234061930783,0.6572176684881603,,,,Millcreek Power Generation,UT,37.112092,-113.516581,gas
50449,58.0,7.354166666666667,0.8235428051001822,,,,Indeck Silver Springs Energy Center,NY,42.6544,-78.0772,gas
50458,139.0,47.853597449908925,0.6094034608378871,,,,Indeck Corinth Energy Center,NY,43.25,-73.8125,gas
55381,306.0,3.272768670309654,0.9561703096539163,,,,Commonwealth Chesapeake,VA,37.9892,-75.54,oil
55938,369.0,22.437272313296905,0.9065346083788707,,,,NAEA Ocean Peaking Power LLC,NJ,40.0633,-74.1672,gas
50463,107.0,41.96880692167577,0.23337887067395263,,,,Procter & Gamble Mehoopany Mill,PA,41.574259,-76.043233,gas
59913,1760.0,1346.3130692167576,0.14321493624772313,DC,MD,1.0,Greensville County Power Station,VA,36.718236,-77.649559,gas
60302,791.0,567.3575819672132,0.04291894353369763,DC,MD,1.0,Keys Energy Center,MD,38.695519,-76.827785,gas
546,428.0,3.2328096539162114,0.9537795992714025,ON,,2.0,Montville Station,CT,41.4281,-72.1019,oil
7790,490.0,390.6921675774135,0.011953551912568305,RI,MW,1.0,Bonanza,UT,40.0864,-109.2844,coal
55223,380.0,193.89628870673954,0.35678506375227687,RI,MW,1.0,Ennis Power Company LLC,TX,32.32,-96.675,gas
3136,1844.0,395.79405737704917,0.5867486338797814,RN,NW,2.0,Keystone,PA,40.6604,-79.3411,coal
3250,254.0,2.2413479052823315,0.9848588342440802,,,,Darlington County,SC,34.4185,-80.1657,gas
6178,679.0,322.8014571948998,0.25944899817850636,RC,,1.0,Coleto Creek,TX,28.7128,-97.214167,coal
147,250.0,124.94729052823315,0.4049408014571949,RI,MW,1.0,Kyrene,AZ,33.3556,-111.9353,gas
1599,923.0,38.77174408014572,0.8546220400728597,ON,,2.0,Canal,MA,41.7694,-70.5097,oil
3775,477.0,23.345856102003644,0.8485883424408015,RI,MW,2.0,Clinch River,VA,36.9333,-82.1997,gas
10849,,0.0,,,,,Silver Bay Power,MN,47.286573,-91.260531,coal
50002,111.0,2.39606102003643,0.9670992714025501,,,,Pittsfield Generating LP,MA,42.4564,-73.2181,gas
56189,,0.0,,,,,"Waterside Power, LLC",CT,41.0372,-73.5564,oil
689,169.0,89.76787340619308,0.19080145719489983,RI,MW,1.0,S O Purdom,FL,30.162304,-84.200673,gas
7097,1418.0,740.7703779599271,0.03415300546448088,RC,,2.0,J K Spruce,TX,29.309722,-98.3203,coal
2250,29.0,0.09927140255009108,0.9911202185792349,,,,J Street,NE,40.80788,-96.710667,gas
3295,414.0,111.96960382513662,0.37056010928961747,ON,,1.0,Urquhart,SC,33.435,-81.9111,gas
3298,619.0,236.18283242258653,0.2570582877959927,ON,MW,1.0,Williams,SC,33.0158,-79.9297,coal
3338,62.0,3.8876366120218577,0.9181466302367942,,,,Aberdeen CT,SD,45.429884,-98.49396,gas
7314,112.0,36.33082877959927,0.5359744990892532,,,,Richard M Flynn,NY,40.8158,-73.064,gas
55836,53.0,1.3236566484517305,0.9341985428051002,,,,Island Street Peaking Plant,WI,44.2761,-88.2658,gas
8224,476.0,162.93032786885246,0.000569216757741348,RI,MW,2.0,North Valmy,NV,40.881317,-117.151605,coal
3631,145.0,19.289731329690348,0.6843123861566485,,,,Sam Rayburn,TX,28.8947,-97.135,gas
2442,1554.0,1041.0300546448088,0.007513661202185792,RC,,2.0,Four Corners,NM,36.69,-108.4814,coal
2444,304.0,119.88831967213115,0.01980874316939891,RI,MW,3.0,Rio Grande,NM,31.8047,-106.5472,gas
59326,522.0,421.23975409836066,0.08401639344262295,RI,MW,1.0,Middletown Energy Center,OH,39.465,-84.347778,gas
56799,360.0,91.92668488160291,0.5396174863387978,,,,Greenland Energy Center,FL,30.159131,-81.518415,gas
1122,94.0,38.19205373406193,0.08652094717668488,RI,MW,2.0,Ames Electric Services Power Plant,IA,42.0258,-93.6089,gas
2847,580.0,157.53597449908926,0.38080601092896177,,,,Frank M Tait,OH,39.727249,-84.211084,gas
56018,99.0,4.160177595628415,0.9543488160291439,,,,AMEA Peaking,AL,33.1661,-86.2825,gas
2861,27.0,0.015368852459016393,0.9988615664845173,,,,Niles Power Plant,OH,41.166928,-80.74769,oil
2963,1243.0,443.7498861566485,0.11577868852459017,RI,MW,3.0,Northeastern,OK,36.4317,-95.7008,gas
8056,433.0,35.30066029143898,0.8217213114754098,ON,,1.0,Waterford 1 & 2,LA,29.998884,-90.47684,gas
57881,138.0,70.03870673952642,0.16074681238615665,,,,Pioneer Generating Station,ND,48.2325,-103.9528,gas
58426,905.0,735.676912568306,0.02163023679417122,DC,MD,2.0,Hamilton Patriot Generation Plant,PA,41.180833,-76.839167,gas
879,1653.0,287.88433515482694,0.6008652094717668,RC,,2.0,Powerton,IL,40.5408,-89.6786,coal
2362,14.0,0.08173952641165756,0.9902094717668488,,,,Lost Nation,NH,44.595117,-71.494398,oil
3407,1286.0,444.82832422586523,0.0,ON,,1.0,Kingston,TN,35.8992,-84.5194,coal
3456,870.0,419.87101548269584,0.0,RI,MW,5.0,Newman,TX,31.983587,-106.431777,gas
52149,69.0,31.93340163934426,0.00022768670309653916,,,,West Point (PA),PA,40.217963,-75.29882,gas
56482,89.0,10.49203096539162,0.7801684881602914,,,,Black Mountain Generating Station,AZ,35.0361,-114.1594,gas
56603,183.0,17.487932604735885,0.817167577413479,,,,San Jacinto County Peaking Facility,TX,30.4193,-95.0118,gas
1295,95.0,1.2777777777777777,0.9521857923497268,,,,Quindaro,KS,39.1492,-94.6381,gas
1366,176.0,9.299408014571949,0.9305555555555556,,,,Paddys Run,KY,38.223592,-85.841704,gas
2594,857.0,6.516165755919855,0.9816712204007286,ON,,2.0,Oswego Harbor Power,NY,43.4586,-76.5319,oil
2682,44.0,3.2737932604735884,0.9076730418943534,,,,S A Carlson,NY,42.0933,-79.2478,gas
7818,118.0,3.8165983606557377,0.9014116575591985,,,,Alsey,IL,39.569771,-90.43602,gas
7844,45.0,0.7109517304189436,0.9821265938069217,,,,Minnesota River,MN,44.795231,-93.581013,gas
55505,136.0,31.782331511839708,0.5181010928961749,,,,Frank Knutson,CO,39.941129,-104.682015,gas
880041,,0.0,,,,,Ascend (Decatur Plant),AL,34.6339,-87.0244,
54751,40.0,12.926798724954462,0.0598816029143898,,,,Genesee Power Station LP,MI,43.08511,-83.669386,waste
55478,40.0,14.449112021857923,0.514344262295082,,,,Lange Gas Turbines,SD,44.1,-103.26,gas
65372,302.0,41.59301001821493,0.7782331511839709,,,,Mark One Power Station,TX,29.227109,-95.43076,gas
880100,,0.0,,,,,Ravenswood Steam Plant,NY,40.76,-73.75,
1384,331.0,57.45639799635701,0.7013888888888888,ON,MW,2.0,Cooper,KY,36.9981,-84.5919,coal
1391,783.0,425.19592440801455,0.0,,,,Louisiana 1,LA,30.4922,-91.1864,gas
6258,296.0,0.44205373406193077,0.9905510018214936,,,,Wilson,GA,33.137711,-81.748294,oil
55063,825.0,541.9544626593807,0.03312841530054645,RI,MW,1.0,Batesville Generation Facility,MS,34.3356,-89.9275,gas
57075,,0.0,,DC,MD,1.0,Ivanpah 3,CA,35.580833,-115.4825,solar
10621,95.0,2.0315346083788706,0.9714253187613844,,,,CH Resources Syracuse,NY,43.1,-76.2144,gas
10671,,0.0,,RI,MW,1.0,River Valley,OK,35.1931,-94.6458,coal
55641,1345.0,968.1976320582878,0.015141165755919854,RI,WD,1.0,Riverside Energy Center,WI,42.583056,-89.035833,gas
56326,485.0,198.51901183970855,0.2459016393442623,,,,Mustang Station Unit 4,TX,32.974554,-102.743607,gas
56349,509.0,360.0653460837887,0.0909608378870674,RI,MW,2.0,Quail Run Energy Center,TX,31.8414,-102.315,gas
2048,34.0,0.047244990892531875,0.9981785063752276,,,,Sweatt,MS,32.2925,-88.7461,gas
2167,1287.0,642.4238387978143,0.09289617486338798,ON,,2.0,New Madrid,MO,36.5147,-89.5617,coal
7552,191.0,87.91564207650273,0.38239981785063754,,,,SPA Cogen 3,CA,38.511,-121.4735,gas
55199,1403.0,26.349499089253186,0.9410291438979964,,,,Elwood Energy LLC,IL,41.4388,-88.1236,gas
55207,81.0,3.7222222222222223,0.8933287795992714,,,,Valmont Combustion Turbine Project,CO,40.0205,-105.2009,gas
55308,29.0,18.42554644808743,0.25956284153005466,,,,Calvert City,KY,37.048333,-88.353889,gas
7931,309.0,268.65459927140256,0.05931238615664845,RI,MW,1.0,Coyote Springs II,OR,45.848039,-119.673965,gas
7916,585.0,60.29189435336976,0.8098816029143898,,,,Talbot County Energy,GA,32.5892,-84.6917,gas
10789,544.0,344.2545537340619,0.12591074681238615,RI,MW,1.0,Sabine River Works,TX,30.0552,-93.7579,gas
55126,572.0,443.58652094717667,0.0017076502732240437,RI,MW,1.0,Milford Power Project,CT,41.224355,-73.099728,gas
55131,1302.0,544.6586976320583,0.271971766848816,RI,MW,2.0,Kendall County Generation Facility,IL,41.4797,-88.2581,gas
628,3414.0,1839.5245901639344,0.0,"RI,RN","NW,MW",4.0,Crystal River,FL,28.9656,-82.6977,gas
641,1638.0,337.21778233151184,0.06989981785063752,"ON,RI",MW,3.0,Crist,FL,30.5661,-87.2244,gas
7153,1008.0,202.22768670309654,0.5250455373406193,RI,MW,2.0,Hay Road,DE,39.7436,-75.5072,gas
55091,1724.0,740.4718806921676,0.286316029143898,DC,MD,6.0,Midlothian Energy Facility,TX,32.4302,-97.0537,gas
55101,76.0,28.136042805100182,0.5940346083788707,,,,Kalamazoo River Generating Station,MI,42.281345,-85.494956,gas
55279,922.0,43.51844262295082,0.8912795992714025,,,,Aurora,IL,41.8151,-88.2265,gas
60376,956.0,750.5045537340619,0.061247723132969036,RI,MW,1.0,"Clean Energy Future-Lordstown, LLC",OH,41.14889,-80.85162,gas
675,85.0,24.827185792349727,0.5348360655737705,,,,Larsen Memorial,FL,,-81.9228,gas
3476,352.0,39.126707650273225,0.626252276867031,OC,,1.0,Knox Lee,TX,32.3766,-94.6415,gas
3287,277.0,100.5922131147541,0.2321265938069217,ON,,1.0,McMeekin,SC,34.0556,-81.2172,gas
6193,1058.0,285.5461065573771,0.19626593806921674,RI,MW,3.0,Harrington,TX,35.29816,-101.747187,coal
124,76.0,0.3895719489981785,0.9894125683060109,,,,Demoss Petrie,AZ,32.252273,-110.992148,gas
160,480.0,276.29474043715845,0.0,RI,MW,2.0,Apache Station,AZ,32.0603,-109.8931,gas
10771,,0.0,,,,,Hopewell Power Station,VA,37.297834,-77.282982,waste
55285,289.0,24.67577413479053,0.823884335154827,,,,Wolf Hills Energy,VA,36.6644,-82.1044,gas
710,2868.0,2077.0114981785064,0.0,RI,MW,3.0,Jack McDonough,GA,33.8239,-84.4758,gas
7325,166.0,99.0389344262295,0.009904371584699454,,,,San Jacinto Steam Electric Station,TX,29.694838,-95.040622,gas
55810,144.0,3.303734061930783,0.9412568306010929,,,,Gilroy Peaking Energy Center,CA,36.999,-121.5363,gas
55349,390.0,259.12841530054646,0.12966757741347906,,,,Pleasants Energy LLC,WV,39.3325,-81.3642,gas
565,17.0,0.01639344262295082,0.9981785063752276,,,,Torrington Terminal,CT,41.776109,-73.120886,oil
2446,117.0,76.66302367941712,0.17520491803278687,RI,MW,1.0,Maddox,NM,32.714224,-103.301469,gas
55183,627.0,377.7000227686703,0.18806921675774135,RI,MW,2.0,Nelson Energy Center,IL,41.774444,-89.607222,gas
59093,142.0,104.72438524590164,0.10154826958105646,,,,Holland Energy Park,MI,42.7925,-86.092222,gas
55703,,0.0,,,,,Memphis Refinery,TN,35.0836,-90.0825,
1104,116.0,0.8208105646630237,0.9891848816029144,ON,,1.0,Burlington (IA),IA,40.7412,-91.116667,gas
55251,555.0,83.52345173041894,0.8058970856102003,,,,Gleason Generating Facility,TN,36.2454,-88.612,gas
55522,424.0,46.94683515482696,0.6240892531876139,,,,Sundance,AZ,32.9285,-111.5899,gas
55524,1433.0,1075.9873633879781,0.05714936247723133,RI,MW,1.0,York Energy Center,PA,39.7375,-76.306666,gas
56102,560.0,333.8795537340619,0.023451730418943533,DC,MD,1.0,Currant Creek,UT,39.82144,-111.89345,gas
56108,100.0,3.947290528233151,0.9255464480874317,,,,T J Labbe Electric Generating,LA,30.2554,-92.0433,gas
61028,1036.0,636.6512978142076,0.25147996357012753,RF,MW,1.0,Hickory Run Energy Station,PA,40.994444,-80.43,gas
61242,96.0,7.716530054644808,0.8655510018214936,,,,Victoria Port Power LLC,TX,28.7,-96.945409,gas
62192,1218.0,951.266393442623,0.1470856102003643,RI,MW,1.0,Blue Water Energy Center,MI,42.773716,-82.479331,gas
6081,307.0,4.3326502732240435,0.9600409836065574,RI,MW,1.0,Stony Brook,MA,42.1978,-72.5106,oil
6139,1122.0,533.9212204007285,0.006147540983606557,RC,MW,1.0,Welsh,TX,33.05522,-94.839993,coal
8027,349.0,38.17998633879781,0.8140938069216758,,,,Blue Lake,MN,44.7855,-93.4315,gas
8059,149.0,33.70207194899818,0.6509562841530054,RC,,1.0,Comanche (OK),OK,34.5431,-98.3244,gas
55148,184.0,20.51775956284153,0.8252504553734062,,,,Worthington Generation LLC,IN,39.0708,-87.0128,gas
55694,724.0,450.71778233151184,0.2207422586520947,RI,MW,1.0,Quantum Choctaw Power LLC,MS,33.3792,-89.2089,gas
57943,239.0,130.21584699453553,0.02459016393442623,,,,Lonesome Creek Station,ND,47.796667,-103.57861,gas
58260,1530.0,1085.6917122040072,0.19592440801457195,DC,MD,1.0,Brunswick County Power Station,VA,36.765,-77.713889,gas
58478,70.0,17.09335154826958,0.6849954462659381,,,,LEPA Unit No. 1,LA,29.691111,-91.192778,gas
59073,212.0,172.99886156648452,0.0010245901639344263,,,,Cove Point LNG Terminal,MD,38.385456,-76.409796,
1866,,0.0,,,,,Wyandotte,MI,42.2081,-83.1453,gas
1913,331.0,7.926912568306011,0.9230418943533698,,,,Inver Hills,MN,44.781,-93.042,gas
7962,103.0,9.035177595628415,0.8778460837887068,,,,Warren F Sam Beasley Generation Station,DE,39.279179,-75.623928,gas
7964,198.0,13.597791438979964,0.8151183970856102,,,,Peno Creek,MO,39.3531,-91.2295,gas
7967,84.0,15.021402550091075,0.5599954462659381,,,,Lordsburg Generating,NM,32.35051,-108.69799,gas
55405,1100.0,460.6329690346084,0.30714936247723135,DC,MD,3.0,Athens Generating Plant,NY,42.2728,-73.8492,gas
55415,734.0,88.57035519125684,0.7706056466302368,,,,Vandolah Power Station,FL,27.523607,-81.923951,gas
126,267.0,125.52390710382514,0.25250455373406194,RI,MW,2.0,H Wilson Sundt Generating Station,AZ,32.16,-110.9047,gas
1379,1191.0,725.6993397085611,0.0,ON,,1.0,Shawnee,KY,37.1517,-88.775,coal
2707,0.0,0.0,1.0,,,,Blewett,NC,34.9833,-79.8775,oil
2712,1094.0,413.77868852459017,0.2519353369763206,"OC,RI",MW,4.0,Roxboro,NC,36.4833,-79.0731,coal
7829,220.0,24.49476320582878,0.8401639344262295,,,,Smarr Energy Center,GA,32.9842,-83.8464,gas
55499,49.0,0.56841985428051,0.9844034608378871,,,,CalPeak Power Vaca Dixon Peaker Plant,CA,38.398867,-121.923973,gas
880023,,0.0,,,,,Kneeland Station,MA,42.35,-71.0583,
54749,52.0,1.4258879781420766,0.9633424408014571,,,,Goal Line LP,CA,33.1185,-117.0995,gas
55011,269.0,87.03312841530055,0.5793488160291439,RI,MW,1.0,LSP-Whitewater LP,WI,42.855463,-88.72992,gas
55039,149.0,48.525387067395265,0.5711520947176685,,,,Rio Bravo,NM,35.026,-106.644,gas
66604,342.0,46.666969696969694,0.7754545454545455,,,,Remy Jade Power Station,TX,29.848372,-95.0164,gas
2514,85.0,0.3629326047358834,0.9875910746812386,,,,Glenwood,NY,40.827149,-73.647473,oil
7845,1313.0,409.22677595628414,0.16063296903460839,RI,MW,1.0,Lagoon Creek,TN,35.6578,-89.3964,gas
7863,93.0,3.1585837887067396,0.9386384335154827,,,,Elk Mound,WI,44.902814,-91.568096,gas
55332,642.0,46.78142076502732,0.8136384335154827,,,,Washington County Power LLC,GA,33.092239,-82.979992,gas
5083,184.0,7.9533242258652095,0.9132513661202186,,,,Cumberland (NJ),NJ,39.3757,-74.9654,gas
6018,651.0,286.9729052823315,0.3242258652094718,RI,MW,1.0,East Bend,KY,38.9036,-84.8514,coal
10298,360.0,265.4566256830601,0.0,,,,Bayou Cogen Plant,TX,29.6225,-95.0458,gas
54466,124.0,82.32274590163935,0.2843806921675774,RI,MW,1.0,Orlando Cogen LP,FL,28.442623,-81.412343,gas
55455,1070.0,487.50409836065575,0.03301457194899818,RI,MW,2.0,Red Hawk,AZ,33.334562,-112.840641,gas
56292,342.0,18.002959927140257,0.8918488160291439,,,,Hamlet Generating Facility,NC,34.842311,-79.736087,gas
2082,49.0,0.0584016393442623,0.9974954462659381,,,,Fairgrounds,MO,38.5935,-92.2206,oil
7754,190.0,3.1487932604735884,0.9701730418943534,,,,Nodaway,MO,40.2877,-94.7913,gas
55204,119.0,0.19729052823315119,0.9966985428051002,,,,Kinmundy,IL,38.7619,-89.0128,gas
55215,1215.0,876.6296675774134,0.047928051001821494,RI,MW,2.0,Odessa-Ector Power Plant,TX,31.8403,-102.3264,gas
55217,627.0,415.0251593806922,0.03745446265938069,RI,MW,1.0,Los Medanos Energy Center,CA,38.030071,-121.873004,gas
4050,421.0,255.64116575591984,0.10268670309653916,ON,,1.0,Edgewater,WI,43.715142,-87.705863,coal
56259,650.0,340.45878870673954,0.17884790528233152,HRI,WD,1.0,Empire Generating Co LLC,NY,42.625239,-73.750021,gas
50491,,0.0,,ON,,1.0,Axiall Natrium Plant,WV,39.7475,-80.8547,gas
50472,,0.0,,,,,"Covanta Niagara I, LLC",NY,43.0839,-79.0056,waste
55097,1196.0,693.8584927140255,0.13706739526411657,RI,MW,2.0,Lamar Power Project,TX,33.6308,-95.59,gas
55100,282.0,74.94751821493625,0.6374089253187614,,,,Rumford Power LLC,ME,44.5303,-70.5219,gas
59773,754.0,624.0161657559198,0.08788706739526411,"RI,DC",MD,2.0,Carroll County Energy,OH,40.60441,-81.05918,gas
60122,1187.0,815.1032559198543,0.0763888888888889,DC,MD,1.0,Colorado Bend II,TX,29.289415,-96.065399,gas
60264,360.0,13.46983151183971,0.9036885245901639,,,,Bacliff,TX,29.49233,-94.98483,gas
3484,484.0,210.30009107468123,0.046903460837887066,RI,MW,3.0,Nichols,TX,35.283357,-101.746423,gas
3485,197.0,97.07798269581056,0.2725409836065574,RI,MW,2.0,Plant X,TX,34.1661,-102.4114,gas
1235,93.0,6.574567395264117,0.80066029143898,,,,Great Bend - Sunflower,KS,38.41,-98.8689,gas
3008,253.0,14.926798724954462,0.7252959927140255,RI,MW,3.0,Mooreland,OK,36.43725,-99.22543,gas
3131,618.0,189.7462431693989,0.4086976320582878,RI,MW,1.0,Shawville,PA,41.06755,-78.366228,gas
3604,,0.0,,,,,J Robert Massengale,TX,33.6039,-101.8408,
136,1857.0,1243.9875910746812,0.0,"RN,RI","NW,MW",3.0,Seminole (FL),FL,29.733056,-81.632778,gas
762,,0.0,,,,,Ponca,OK,36.71979,-97.085758,
876,1135.0,277.96618852459017,0.5020491803278688,ON,,2.0,Kincaid Generation LLC,IL,39.590556,-89.496389,coal
3935,3138.0,1201.2052595628415,0.0,RN,NW,3.0,John E Amos,WV,38.4731,-81.8233,coal
3982,34.0,18.766279599271403,0.05669398907103825,,,,Bay Front,WI,46.587222,-90.9017,gas
6481,1866.0,707.5618169398907,0.028460837887067394,RI,MW,2.0,Intermountain Power Project,UT,39.509731,-112.58018,coal
6639,494.0,90.96163479052824,0.5844717668488161,RI,MW,2.0,R D Green,KY,37.6461,-87.5,gas
10865,,0.0,,RI,MW,1.0,Archer Daniels Midland Decatur,IL,39.870074,-88.890756,coal
50279,47.0,9.592440801457196,0.761384335154827,,,,Archbald Power Station,PA,41.485,-75.5406,gas
3399,2449.0,1172.3695355191257,0.08743169398907104,ON,,1.0,Cumberland (TN),TN,36.3903,-87.6539,coal
8069,983.0,349.74043715846994,0.0,RI,MW,2.0,Huntington,UT,39.3792,-111.0781,coal
55350,679.0,533.8959471766849,0.0688752276867031,RI,MW,1.0,Dresden Energy Facility,OH,40.0928,-82.0276,gas
8906,1559.0,210.60974499089252,0.31397996357012753,ON,,3.0,Astoria Generating Station,NY,40.787674,-73.912561,gas
2964,569.0,101.15300546448087,0.1979735883424408,RI,MW,3.0,Southwestern,OK,35.1009,-98.3524,gas
1082,1602.0,797.2801684881603,0.18021402550091076,"ON,RI",MW,2.0,Walter Scott Jr Energy Center,IA,41.18,-95.8408,coal
6705,759.0,430.961179417122,0.00011384335154826958,ON,,2.0,Warrick,IN,37.915,-87.3328,coal
6772,453.0,172.61111111111111,0.42019581056466304,RI,MW,1.0,Hugo,OK,34.0158,-95.3206,coal
56914,102.0,3.2871129326047357,0.9480874316939891,,,,Orange Grove Peaking Facility,CA,33.3594,-117.1114,gas
880109,,0.0,,,,,"Pratt Paper (OH), LLC",OH,40.5379994,-84.1909398,
56150,1420.0,928.0107012750456,0.015141165755919854,RI,MW,2.0,McIntosh Combined Cycle Facility,GA,32.3478,-81.1817,gas
56151,346.0,33.39560564663024,0.8468806921675774,,,,South Harper,MO,38.6803,-94.4824,gas
2790,160.0,4.65528233151184,0.9221311475409836,,,,R M Heskett,ND,46.8669,-100.8836,gas
6146,2580.0,1228.1553961748634,0.047586520947176685,RC,,1.0,Martin Lake,TX,32.2606,-94.5706,coal
6156,296.0,4.424749544626594,0.9532103825136612,ON,,1.0,New Haven Harbor,CT,41.283997,-72.904323,oil
55154,370.0,204.30100182149363,0.26035974499089254,OC,,1.0,Lost Pines 1 Power Project,TX,30.1478,-97.2714,gas
55168,623.0,373.76377504553733,0.22392987249544627,RI,MW,1.0,Bastrop Energy Center,TX,30.1458,-97.55,gas
55699,119.0,9.25455373406193,0.825136612021858,,,,Bayswater Peaking Facility LLC,NY,40.610654,-73.762218,gas
55749,105.0,62.830031876138435,0.3072632058287796,RI,MW,1.0,Hardin Generator Project,MT,45.7578,-107.6,coal
55786,95.0,5.415072859744991,0.9140482695810564,,,,Edgewood Energy LLC,NY,40.7861,-73.2931,gas
1728,154.0,10.686475409836065,0.8926457194899818,,,,Delray,MI,42.2947,-83.1019,gas
1904,564.0,268.8658925318761,0.17577413479052822,OC,,1.0,Black Dog,MN,44.8108,-93.2501,gas
1897,,0.0,,,,,M L Hibbard,MN,46.735331,-92.151711,waste
3464,365.0,4.429189435336976,0.9592440801457195,,,,Greens Bayou,TX,29.822201,-95.219429,gas
7953,299.0,126.06693989071039,0.296448087431694,,,,Evander Andrews Power Complex,ID,43.179176,-115.734315,gas
7960,316.0,15.86122495446266,0.9275956284153005,,,,Kemper County,MS,32.7976,-88.606,gas
52089,,0.0,,,,,Celanese Acetate LLC,VA,37.3439,-80.765,gas
54149,83.0,60.32365664845173,0.07058287795992714,,,,Stony Brook Cogen Plant,NY,40.916833,-73.129056,gas
55127,290.0,25.72233606557377,0.8473360655737705,,,,Manchief Electric Generating Station,CO,40.217143,-103.68504,gas
55231,598.0,454.31124772313296,0.10416666666666667,RI,MW,1.0,Liberty Electric Power Plant,PA,39.8614,-75.3358,gas
56473,48.0,1.6045081967213115,0.9574225865209471,,,,Mira Loma Peaker,CA,34.0053,-117.5604,gas
54,971.0,74.04451275045537,0.724271402550091,,,,J K Smith,KY,37.8833,-84.1017,gas
59,110.0,45.721311475409834,0.35348360655737704,RI,MW,1.0,Platte,NE,40.854765,-98.348222,coal
1364,1607.0,874.7071948998179,0.015482695810564663,"RI,ON",MW,4.0,Mill Creek (KY),KY,38.0525,-85.9103,coal
2521,6.0,0.001935336976320583,0.9996584699453552,,,,West Babylon,NY,40.695485,-73.348573,oil
58215,1068.0,759.9962431693989,0.05771857923497268,RC,,1.0,Lee Combined Cycle Plant,NC,35.373611,-78.089444,gas
880004,,0.0,,,,,GSA Central Heating,DC,38.8856,-77.0244,
880086,,0.0,,,,,"Aventine Renewable Energy, Inc.",IL,40.555,-89.6628,
26,1673.0,409.8589480874317,0.22620673952641165,"RI,ON",MW,5.0,E C Gaston,AL,33.244211,-86.458056,gas
2399,196.0,6.51183970856102,0.942167577413479,,,,PSEG Burlington Generating Station,NJ,40.076611,-74.87917,gas
55477,38.0,3.5347222222222223,0.8620218579234973,,,,Neil Simpson Gas Turbine #2,WY,44.285,-105.3786,gas
58557,645.0,426.29382969034606,0.10564663023679417,RI,MW,1.0,Mesquite Generating Station Block 1,AZ,33.345,-112.864167,gas
1416,118.0,23.190573770491802,0.6187386156648452,RC,,1.0,Arsenal Hill,LA,32.5181,-93.7611,gas
2503,14.0,0.04622040072859745,0.9966985428051002,,,,59th Street,NY,40.771285,-73.99115,gas
7848,329.0,34.30043260473588,0.7785746812386156,,,,Holden,MO,38.7538,-93.9983,gas
55065,463.0,272.2330373406193,0.18010018214936246,RI,MW,1.0,Mustang Station,TX,32.9728,-102.7417,gas
55304,98.0,9.078551912568306,0.8352686703096539,,,,Baconton Power Plant,GA,31.3869,-84.08,gas
55327,949.0,623.9795081967213,0.0,RI,MW,1.0,Baytown Energy Center,TX,29.7731,-94.9019,gas
55333,889.0,365.35223132969037,0.47370218579234974,RI,MW,1.0,Delta Energy Center,CA,38.0169,-121.8439,gas
55340,647.0,463.63012295081967,0.08014571948998178,RI,MW,1.0,Dell Power Station,AR,35.8619,-90.0253,gas
55447,173.0,1.6689435336976322,0.9668715846994536,,,,Columbia Energy Center,MO,39.0192,-92.2629,gas
55460,1111.0,720.6317167577414,0.3012295081967213,DC,,1.0,Indeck Niles Energy Center,MI,41.862114,-86.221394,gas
55470,197.0,151.14993169398906,0.05362021857923497,,,,Green Power 2,TX,29.378097,-94.932773,gas
2131,40.0,0.8002049180327869,0.9759790528233151,,,,Higginsville,MO,39.073315,-93.714748,gas
51030,198.0,91.62773224043715,0.3512067395264117,,,,Ocean State Power,RI,42.009722,-71.668909,gas
55224,450.0,16.373292349726775,0.9451275045537341,,,,Wheatland Generating Facility,IN,38.6716,-87.2931,gas
591,37.0,0.05248178506375228,0.9980646630236795,,,,Christiana,DE,39.7302,-75.5371,oil
4042,,0.0,,ON,,2.0,Valley (WI),WI,43.0303,-87.9233,gas
55292,894.0,422.61851092896177,0.3303734061930783,RI,MW,1.0,Decatur Energy Center,AL,34.6292,-87.0214,gas
298,1765.0,676.022427140255,0.20856102003642987,RI,MW,2.0,Limestone,TX,31.4219,-96.2525,coal
50607,,0.0,,,,,Trigen Energy - Schuylkill,PA,39.9422,-75.1875,
55936,182.0,7.767873406193078,0.9456967213114754,,,,NRG Rockford II Energy Center,IL,42.2383,-89.1011,gas
55951,43.0,1.1213570127504553,0.9674408014571949,,,,Agua Mansa Power Plant,CA,34.0414,-117.3603,gas
8000,251.0,57.80407559198543,0.6848816029143898,,,,Beatrice,NE,40.330184,-96.808153,gas
60356,1238.0,998.3158014571949,0.02755009107468124,RI,MW,2.0,South Field Energy,OH,40.63534,-80.678245,gas
55221,460.0,128.64389799635703,0.563752276867031,RI,MW,1.0,Harry L. Oswald,AR,34.5923,-92.2166,gas
55222,380.0,1.2852914389799637,0.9912340619307832,,,,Lincoln Generating Facility,IL,41.393315,-87.943612,gas
3149,1578.0,355.15630692167576,0.507172131147541,RN,NW,2.0,TalenEnergy Montour,PA,41.0714,-76.6672,gas
3168,90.0,0.0389344262295082,0.9993169398907104,,,,Richmond Generating Station,PA,39.984469,-75.075247,oil
3507,241.0,44.1875,0.6675774134790529,RC,,1.0,Trinidad (TX),TX,32.124519,-96.101277,gas
3754,,0.0,,,,,Burlington GT,VT,44.4814,-73.2239,oil
50109,262.0,77.24715391621129,0.587431693989071,,,,Paris Energy Center,TX,33.6968,-95.5577,gas
55192,177.0,2.4349954462659382,0.9803051001821493,,,,Osceola,FL,28.1289,-81.0978,gas
7032,300.0,13.937727686703097,0.8767076502732241,,,,Gravel Neck,VA,37.1575,-76.6911,gas
10726,196.0,39.38410746812386,0.6987704918032787,,,,Masspower,MA,42.1575,-72.5225,gas
2176,40.0,0.322632058287796,0.9804189435336976,,,,Glendive GT,MT,47.0539,-104.74,gas
3318,29.0,0.11259107468123862,0.9874772313296903,,,,Hilton Head,SC,32.208871,-80.698754,oil
7335,87.0,8.092554644808743,0.8685109289617486,,,,Richmond,IN,39.839572,-84.965682,gas
8102,2901.0,1278.8635018214936,0.19729052823315119,RN,NW,2.0,"Gavin Power, LLC",OH,38.9347,-82.1158,coal
8219,268.0,140.73360655737704,0.21983151183970856,RI,MW,1.0,Ray D Nixon,CO,38.633451,-104.70577,coal
3601,580.0,126.96584699453553,0.42213114754098363,OC,,3.0,Sim Gideon,TX,30.1456,-97.2708,gas
50729,,0.0,,,,,Clairton Works,PA,40.3097,-79.8819,gas
6651,50.0,0.024020947176684883,0.9992030965391621,,,,Moberly,MO,39.4244,-92.4837,oil
6776,,0.0,,,,,West Station (NJ),NJ,39.4912,-75.0486,
55247,528.0,62.43715846994535,0.7827868852459017,,,,"Darby Power, LLC",OH,39.7139,-83.1778,gas
55538,50.0,1.2995218579234973,0.966643897996357,,,,Escondido Energy Center,CA,33.1261,-117.1172,gas
55626,48.0,1.334471766848816,0.9620901639344263,,,,Lambie Energy Center,CA,38.221577,-121.868333,gas
1001,1149.0,530.9117714025501,0.006375227686703097,ON,MW,3.0,Cayuga,IN,39.9242,-87.4244,coal
2330,207.0,61.43283242258652,0.0325591985428051,RC,,1.0,Fort Churchill,NV,39.1281,-119.1322,gas
2832,1121.0,691.7218806921676,0.12511384335154827,RN,MW,1.0,Miami Fort,OH,39.1128,-84.8036,coal
2721,1486.0,608.2471539162113,0.19330601092896174,RI,MW,2.0,James E. Rogers Energy Complex,NC,35.22,-81.7594,coal
6101,376.0,257.3904826958106,0.07001366120218579,DC,MD,1.0,Wyodak,WY,44.290128,-105.381482,coal
55164,499.0,13.814093806921676,0.9274817850637522,,,,Bluegrass Generating Station,KY,38.3902,-85.4133,gas
55166,899.0,63.975182149362475,0.8395947176684881,,,,Broad River Energy Center,SC,35.0786,-81.575,gas
55690,1107.0,711.5911885245902,0.006489071038251366,RI,MW,1.0,Bethlehem Power Plant,PA,40.6175,-75.3147,gas
55714,866.0,532.5629553734062,0.17008196721311475,RI,MW,1.0,Magnet Cove,AR,34.4297,-92.8317,gas
58054,76.0,46.0398451730419,0.22540983606557377,,,,Burgess BioPower,NH,44.471944,-71.175278,waste
58235,64.0,7.82695810564663,0.8580373406193078,,,,Clayville,NJ,39.4245,-75.0201,gas
58427,88.0,45.15630692167577,0.19250910746812386,,,,Lansing BWL REO Town Plant,MI,42.719722,-84.551667,gas
2364,451.0,27.519353369763206,0.8921903460837887,OC,,2.0,Merrimack,NH,43.1411,-71.4692,coal
52026,88.0,7.4533242258652095,0.8463114754098361,,,,Dartmouth Power Associates LP,MA,41.6731,-70.9994,gas
54041,150.0,15.280965391621129,0.8422131147540983,,,,Lockport Energy Associates LP,NY,43.161947,-78.744971,gas
55412,647.0,367.91279599271405,0.15744535519125682,RI,MW,1.0,Osprey Energy Center Power Plant,FL,28.0525,-81.8083,gas
56556,110.0,12.841302367941712,0.7856329690346083,,,,PPS Power Plant No 1,KY,37.03385,-88.615862,gas
56532,650.0,333.9101775956284,0.34289617486338797,DC,MD,1.0,Colusa Generating Station,CA,39.3661,-122.27,gas
1268,47.0,3.016848816029144,0.9085837887067395,,,,Chanute 2,KS,37.6953,-95.4586,gas
6077,1426.0,795.4158697632058,0.02390710382513661,OC,,2.0,Gerald Gentleman,NE,41.0808,-101.1408,coal
6061,591.0,311.7916666666667,0.39423952641165755,,,,R D Morrow,MS,31.2186,-89.394,gas
7839,935.0,95.77823315118397,0.7371357012750456,,,,Ladysmith,VA,38.0722,-77.5133,gas
56674,181.0,6.684995446265938,0.9099499089253188,,,,Winchester Power Park,TX,30.0,-96.9875,gas
7981,674.0,4.352231329690346,0.9803051001821493,,,,Mill Creek (SC),SC,35.1597,-81.4306,gas
54574,264.0,42.576502732240435,0.4996584699453552,,,,Saranac Facility,NY,44.7132,-73.4557,gas
54586,,0.0,,,,,Tanner Street Generation,MA,42.632124,-71.313235,
544,135.0,0.2767531876138434,0.99408014571949,,,,Devon Station,CT,41.209797,-73.108976,oil
1396,803.0,504.989412568306,0.0692167577413479,OC,MW,2.0,Coughlin Power Station,LA,30.8439,-92.261111,gas
2512,21.0,1.1008652094717668,0.9240664845173042,,,,East Hampton,NY,40.961706,-72.210277,oil
6253,89.0,3.5069444444444446,0.9363615664845173,,,,Germantown,WI,43.1952,-88.1496,oil
6264,1426.0,591.1268214936248,0.3365209471766849,RN,NW,1.0,Mountaineer,WV,38.9794,-81.9344,coal
7842,,0.0,,,,,Freedom Power Project,IL,39.103333,-88.85898,
7846,616.0,418.80054644808746,0.029485428051001822,RI,MW,2.0,Brandy Branch,FL,30.320556,-81.947222,gas
55062,922.0,501.0446265938069,0.1616575591985428,RI,MW,1.0,Tenaska Frontier Generation Station,TX,30.5924,-95.9178,gas
55064,290.0,207.99282786885246,0.0,,,,Black Hawk Station,TX,35.6957,-101.36,gas
55337,550.0,342.1966074681239,0.12408925318761384,RI,MW,1.0,Ironwood LLC,PA,40.3509,-76.3658,gas
6009,1348.0,251.40824225865208,0.45594262295081966,RN,NW,2.0,White Bluff,AR,34.4228,-92.1406,coal
7872,538.0,38.39048269581056,0.8616803278688525,,,,Robert P Mone Plant,OH,40.9297,-84.7392,gas
10567,41.0,1.2729963570127505,0.9479735883424408,,,,Algonquin Windsor Locks,CT,41.9227,-72.6255,gas
54324,195.0,70.17349726775956,0.4198542805100182,,,,Ocean State Power II,RI,42.0099,-71.6701,gas
55440,961.0,410.6863615664845,0.37352003642987247,RI,MW,1.0,Tenaska Central Alabama Generating Stn,AL,32.6497,-86.74,gas
56298,209.0,65.22495446265938,0.15926684881602915,,,,Roseville Energy Park,CA,38.7928,-121.3811,gas
56400,317.0,221.13308287795994,0.10336976320582877,RI,MW,1.0,Treasure Coast Energy Center,FL,27.383889,-80.3775,gas
2079,953.0,344.38000910746814,0.16860200364298725,ON,,2.0,Hawthorn,MO,39.1306,-94.4778,coal
7425,118.0,7.755692167577413,0.8968579234972678,,,,Interstate,IL,39.8233,-89.5891,gas
50865,38.0,30.413592896174862,0.1066712204007286,,,,Salinas River Cogeneration,CA,35.9515,-120.8679,gas
50900,,0.0,,,,,Covington Facility,VA,37.799722,-79.9947,waste
50951,59.0,45.05555555555556,0.1758879781420765,,,,Sunnyside Cogen Associates,UT,39.5472,-110.3917,coal
50978,82.0,15.340619307832423,0.6859061930783242,,,,Carr Street Generating Station,NY,43.06132,-76.08239,gas
55202,182.0,10.758082877959927,0.921448087431694,,,,Pinckneyville,IL,38.1114,-89.3467,gas
56998,383.0,165.18431238615665,0.0,,,,Pueblo Airport Generating Station,CO,38.320833,-104.52639,gas
50611,29.0,19.032331511839708,0.26138433515482695,,,,Westwood Generation LLC,PA,40.6191,-76.45,coal
56227,435.0,320.53574681238615,0.19694899817850636,RI,MW,1.0,Port Westward,OR,46.17894,-123.172039,gas
56234,373.0,218.6183970856102,0.2918943533697632,DC,MD,1.0,Caithness Long Island Energy Center,NY,40.8142,-72.9403,gas
55380,2414.0,1245.359858834244,0.08709016393442623,RI,MW,4.0,Union Power Station,AR,33.296146,-92.589364,gas
7989,138.0,36.87078779599271,0.6054189435336976,,,,Sylvarena,MS,31.982076,-89.412714,gas
50479,,0.0,,,,,Georgia-Pacific Big Island,VA,37.534,-79.357,gas
55081,528.0,35.84209927140255,0.8845628415300546,,,,Brownsville Peaking Power,TN,35.5438,-89.198,gas
55088,594.0,458.25250455373407,0.011839708561020037,ON,,1.0,Dearborn Industrial Generation,MI,42.3026,-83.154,gas
55276,559.0,56.47563752276867,0.7869990892531876,,,,Ceredo Generating Station,WV,38.3681,-82.5339,gas
60357,1491.0,1116.6244307832424,0.026297814207650275,,,,Lackawanna Energy Center,PA,41.471389,-75.544167,gas
7760,187.0,9.164959016393443,0.864867941712204,,,,Tilton,IL,40.106125,-87.653818,gas
688,323.0,169.1023451730419,0.058629326047358835,RI,MW,1.0,Arvah B Hopkins,FL,30.4522,-84.4,gas
3504,692.0,110.28460837887067,0.5867486338797814,RC,,1.0,Stryker Creek,TX,31.93985,-94.989834,gas
3576,320.0,5.16313752276867,0.918488160291439,ON,,3.0,Ray Olinger,TX,33.068055,-96.452481,gas
715,536.0,0.691712204007286,0.9900956284153005,,,,McManus,GA,31.213645,-81.546165,oil
2516,1465.0,446.2922358834244,0.0015938069216757742,ON,,4.0,Northport,NY,40.923565,-73.342323,gas
50006,1215.0,864.6232923497267,0.0,DC,MD,1.0,Linden Cogen Plant,NJ,40.6322,-74.2156,gas
55283,514.0,214.14560564663023,0.3027094717668488,DC,MD,1.0,Front Range Power Plant,CO,38.6281,-104.7069,gas
7318,40.0,0.15710382513661203,0.9946493624772313,,,,Van Sant Station,DE,39.145036,-75.548172,gas
55818,270.0,197.69592440801458,0.20708105646630237,RI,MW,1.0,Frederickson Power LP,WA,47.086111,-122.365674,gas
55821,677.0,405.4219034608379,0.15733151183970856,RI,MW,1.0,Curtis H Stanton Energy Center,FL,28.488246,-81.166944,gas
8068,999.0,610.8151183970856,0.0939207650273224,RI,MW,3.0,Santan,AZ,33.3325,-111.7503,gas
55364,637.0,466.63148907103823,0.11054189435336977,RI,MW,1.0,Sugar Creek Power,IN,39.3931,-87.5108,gas
2410,,0.0,,ON,,2.0,PSEG Salem Generating Station,NJ,39.4625,-75.5358,nuclear
10774,,0.0,,,,,Southampton Power Station,VA,36.6525,-76.9953,waste
56807,674.0,403.4258879781421,0.23861566484517305,RI,MW,1.0,Bear Garden,VA,37.695556,-78.285278,gas
880089,,0.0,,,,,"Flint Hills Resources, - Joliet Plant",IL,41.4417,-88.1728,
1217,106.0,1.1754326047358834,0.9496812386156649,,,,Earl F Wisdom,IA,43.1606,-95.2569,gas
56164,296.0,132.70765027322403,0.4197404371584699,RI,MW,1.0,Faribault Energy Park,MN,44.3356,-93.290556,gas
60926,1041.0,606.3571265938069,0.1785063752276867,RI,MW,1.0,St. Charles Power Station (LA),LA,30.01,-90.460833,gas
61035,502.0,430.79234972677597,0.08663479052823315,RF,MW,1.0,Birdsboro Power,PA,40.268522,-75.799669,gas
997,438.0,121.15721766848816,0.645264116575592,RN,NW,1.0,Michigan City,IN,41.7208,-86.9086,coal
2831,61.0,0.466643897996357,0.981443533697632,,,,Dicks Creek,OH,39.465,-84.3778,gas
6090,1657.0,784.039048269581,0.0194672131147541,RI,MW,3.0,Sherburne County,MN,45.3808,-93.8931,coal
8037,71.0,0.8040755919854281,0.9550318761384335,,,,Clifton,KS,39.6125,-97.2778,gas
8066,2185.0,965.4849726775956,0.0,RI,MW,4.0,Jim Bridger,WY,41.7378,-108.7875,gas
55141,555.0,79.79781420765028,0.7679872495446266,,,,Hawk Road Facility,GA,33.358472,-84.991391,gas
55149,602.0,432.057718579235,0.0,DC,MD,3.0,Lake Road Generating Plant,CT,41.872043,-71.895799,gas
55173,1206.0,753.9834927140255,0.0961976320582878,RI,MW,2.0,Acadia Energy Center,LA,30.428611,-92.413056,gas
55698,100.0,0.9562841530054644,0.9818989071038251,,,,Hanford Energy Park Peaker,CA,36.270072,-119.648055,gas
58284,40.0,0.9684653916211293,0.968351548269581,,,,La Luz Energy Center,NM,34.616111,-106.815,gas
1660,116.0,3.514799635701275,0.9337431693989071,,,,Potter Station 2,MA,42.235,-70.9672,gas
2823,756.0,547.0104735883424,0.030737704918032786,OC,,2.0,Milton R Young,ND,47.065854,-101.213093,coal
7946,379.0,263.4780282331512,0.08481329690346084,RI,MW,1.0,Wansley Unit 9,GA,33.4083,-85.0403,gas
52168,13.0,9.443533697632057,0.21789617486338797,,,,Riverbay,NY,40.869972,-73.824437,gas
55419,1473.0,1143.5578324225864,0.0,RI,MW,1.0,Plaquemine Cogeneration Plant,LA,30.3217,-91.2347,gas
56458,595.0,314.0833333333333,0.3073770491803279,DC,MD,1.0,Hobbs Generating Station,NM,32.728333,-103.309444,gas
56472,48.0,0.9971539162112932,0.9530965391621129,,,,Grapeland Hybrid,CA,34.0903,-117.5343,gas
56505,139.0,9.04075591985428,0.8874089253187614,,,,Jonesboro City Water & Light Plant,AR,35.848561,-90.725377,gas
56569,96.0,7.524817850637523,0.836976320582878,,,,Niland Gas Turbine Plant,CA,33.238842,-115.504456,gas
9,56.0,5.742827868852459,0.8468806921675774,,,,Copper,TX,31.7569,-106.375,gas
108,379.0,147.18362932604737,0.26707650273224043,RI,MW,1.0,Holcomb,KS,37.9308,-100.9725,coal
1305,157.0,4.235200364298725,0.9108606557377049,,,,McPherson 2,KS,38.363411,-97.68335,gas
55496,271.0,0.7638888888888888,0.9920309653916212,,,,Goose Creek Energy Center,IL,40.106931,-88.599867,gas
55502,1278.0,996.9838342440802,0.00808287795992714,RI,MW,2.0,"Lawrenceburg Power, LLC",IN,39.0911,-84.8669,gas
55503,996.0,780.2005919854281,0.0651183970856102,RI,MW,1.0,"Waterford Power, LLC",OH,39.5333,-81.7178,gas
55517,331.0,11.943647540983607,0.9033469945355191,,,,Wallingford Energy,CT,41.448694,-72.835364,gas
56798,640.0,341.6886384335155,0.3751138433515483,RI,MW,1.0,Kleen Energy Systems Project,CT,41.553227,-72.596867,gas
880030,,0.0,,,,,BP Husky Refining LLC,OH,41.6786,-83.4539,
7203,329.0,1.4288479052823315,0.9849726775956285,,,,South Fond Du Lac,WI,43.7353,-88.496667,gas
7909,84.0,15.852117486338798,0.7279143897996357,,,,Vernon Boulevard,NY,40.7537,-73.9508,gas
54592,54.0,0.9031193078324226,0.9807604735883424,,,,Massena Energy Facility,NY,44.9503,-74.8928,gas
54593,40.0,0.3028233151183971,0.9879326047358834,,,,Batavia Power Plant,NY,42.9828,-78.1592,gas
54832,262.0,67.1646174863388,0.5982468123861566,,,,Brandywine Power Facility,MD,38.6681,-76.8678,gas
57555,339.0,9.489754098360656,0.9319216757741348,,,,Pio Pico Energy Center,CA,32.573889,-116.917777,gas
57839,766.0,427.008310564663,0.20503187613843352,RI,MW,1.0,Woodbridge Energy Center,NJ,40.515,-74.318889,gas
57564,40.0,1.0150273224043715,0.9631147540983607,,,,Algonquin Power Sanger LLC,CA,36.6842,-119.5522,gas
65373,398.0,56.96994535519126,0.7379326047358834,,,,Brotman Power Station,TX,29.364128,-95.43507,gas
57070,175.0,0.7015027322404371,0.9890710382513661,,,,GenConn Devon LLC,CT,41.2108,-73.1075,oil
2499,272.0,5.428392531876138,0.9441029143897997,,,,Narrows Gas Turbines Generating,NY,40.648611,-74.02083,gas
6046,216.0,6.209471766848816,0.9067622950819673,,,,DeBary,FL,28.903863,-81.332329,oil
6373,187.0,2.9863387978142075,0.9475182149362478,,,,Rokeby,NE,40.7316,-96.7364,gas
60768,577.0,380.26969489981786,0.07798269581056466,RI,MW,1.0,Gila River Power Block 2,AZ,32.975,-112.694444,gas
55328,647.0,499.13262750455374,0.10849271402550091,RI,MW,1.0,Hermiston Power Partnership,OR,45.794046,-119.313323,gas
55348,734.0,106.3681693989071,0.756716757741348,,,,Troy Energy LLC,OH,41.47724,-83.45983,gas
6017,680.0,352.49783697632057,0.10621584699453553,OC,,1.0,Newton,IL,38.9361,-88.2781,coal
6030,1223.0,1028.1483378870673,0.0,RI,MW,1.0,Coal Creek,ND,47.377743,-101.157058,coal
10525,51.0,32.91882969034609,0.24920309653916212,,,,Craven County Wood Energy LP,NC,35.130193,-77.167883,waste
7784,67.0,1.9972677595628416,0.9546903460837887,,,,Allegany Cogen,NY,42.5027,-78.0686,gas
55467,867.0,619.0469034608379,0.09722222222222222,RI,MW,3.0,Ouachita,LA,32.7061,-92.0683,gas
56456,758.0,392.4612932604736,0.11657559198542805,RI,MW,1.0,Plum Point Energy Station,AR,35.6644,-89.9489,coal
50835,,0.0,,,,,TES Filer City Station,MI,44.217299,-86.28905,coal
55201,225.0,13.010132058287796,0.9108606557377049,,,,Gibson City Energy Center LLC,IL,40.4705,-88.3987,gas
55212,396.0,155.24658469945356,0.20218579234972678,DC,MD,2.0,ANP Blackstone Energy Project,MA,42.059876,-71.515811,gas
55298,1315.0,902.6618852459017,0.04075591985428051,RI,MW,2.0,Fairless Energy Center,PA,40.1475,-74.7411,gas
589,61.0,25.61725865209472,0.427367941712204,,,,J C McNeil,VT,44.4917,-73.208056,waste
617,1280.0,681.3259335154827,0.11042805100182149,ON,,1.0,Port Everglades,FL,26.0856,-80.1253,gas
2494,206.0,1.6458333333333333,0.966643897996357,,,,Gowanus Gas Turbines Generating,NY,40.6635,-74.0051,gas
4041,1086.0,288.79212204007285,0.3689663023679417,ON,,2.0,South Oak Creek,WI,42.8457,-87.8294,coal
7913,84.0,14.396402550091075,0.7600182149362478,,,,Hell Gate,NY,40.799,-73.9094,gas
64383,394.0,48.533242258652095,0.7379326047358834,,,,Braes Bayou Plant,TX,29.480277,-95.62028,gas
645,1359.0,842.0753642987249,0.009448998178506375,ON,,3.0,Big Bend,FL,27.7944,-82.4036,gas
2518,55.0,0.0778688524590164,0.9962431693989071,,,,Shoreham,NY,40.96159,-72.864976,oil
7991,155.0,39.66006375227687,0.39469489981785066,,,,West Campus Cogeneration Facility,WI,43.075071,-89.4251,gas
7999,675.0,325.9980646630237,0.30828779599271405,RI,MW,1.0,Grays Harbor Energy Facility,WA,46.9692,-123.48,gas
50627,25.0,13.2698087431694,0.3360655737704918,,,,ExxonMobil Oil Joliet Refinery,IL,41.4167,-88.1833,gas
59882,214.0,25.30327868852459,0.7068533697632058,,,,Exelon West Medway II LLC,MA,42.137218,-71.4447,gas
60459,84.0,9.99738160291439,0.7755009107468124,,,,Port Comfort Power LLC,TX,28.64807,-96.54621,gas
562,481.0,5.592554644808743,0.9489981785063752,"ON,RI",MW,3.0,Middletown,CT,41.554944,-72.579075,oil
7768,96.0,6.449225865209471,0.8747723132969034,,,,Sowega Power,GA,31.3869,-84.08,gas
7813,468.0,62.7929189435337,0.80066029143898,,,,Sewell Creek Energy,GA,33.9486,-85.2769,gas
3482,840.0,296.9664162112933,0.14754098360655737,RI,MW,2.0,Jones,TX,33.5239,-101.7392,gas
3478,888.0,143.7634335154827,0.21095173041894352,RC,MW,1.0,Wilkes,TX,32.848163,-94.547986,gas
6183,441.0,170.18271857923497,0.38091985428051,RI,MW,1.0,San Miguel,TX,28.7044,-98.4775,coal
3797,467.0,238.24180327868854,0.1665528233151184,ON,,4.0,Chesterfield,VA,37.3822,-77.3833,gas
50044,,0.0,,,,,The Ohio State University,OH,40.0008,-83.0158,
7145,176.0,2.5446265938069215,0.9618624772313297,,,,Pleasant Hill,IA,41.5572,-93.5242,gas
7917,549.0,340.63342440801455,0.16108834244080145,RI,MW,1.0,Chattahoochee Energy Facility,GA,33.4072,-85.0386,gas
2277,242.0,84.02481785063752,0.36953551912568305,RI,MW,2.0,Sheldon,NE,40.5589,-96.7847,coal
7307,119.0,31.29155282331512,0.2777777777777778,,,,Redding Power,CA,40.507292,-122.423281,gas
8223,1674.0,743.6697404371585,0.0,RI,MW,4.0,Springerville,AZ,34.3186,-109.1639,coal
6652,58.0,0.1328551912568306,0.9963570127504554,,,,Moreau,MO,38.555713,-92.102316,oil
1167,239.0,70.55840163934427,0.2978142076502732,ON,,3.0,Muscatine Plant #1,IA,41.3917,-91.0569,coal
55242,242.0,169.15220856102005,0.19376138433515483,,,,Santa Rosa Energy Center,FL,30.5664,-87.115,gas
56046,280.0,183.4035746812386,0.052026411657559196,RI,MW,1.0,Magnolia Power Project,CA,34.1786,-118.3153,gas
56188,80.0,9.530510018214937,0.8384562841530054,,,,Pinelawn Power LLC,NY,40.736611,-73.388424,gas
61322,498.0,438.2808515482696,0.1092896174863388,RF,MW,1.0,Long Ridge Energy Generation,OH,39.7,-80.841847,gas
913,321.0,3.123747723132969,0.976775956284153,,,,Venice,IL,38.6642,-90.1764,gas
994,1129.0,396.90642076502735,0.04189435336976321,"ON,RI",MW,4.0,AES Petersburg,IN,38.5281,-87.2525,coal
2292,299.0,24.717782331511838,0.7370218579234973,,,,Sarpy County,NE,41.170594,-95.970603,gas
2848,25.0,0.0711520947176685,0.9971539162112932,,,,O H Hutchings,OH,39.6088,-84.2921,gas
6165,1363.0,531.1838570127504,0.0,RI,MW,3.0,Hunter,UT,39.1747,-111.0289,coal
8023,1207.0,597.742941712204,0.00022768670309653916,RC,MW,2.0,Columbia (WI),WI,43.4864,-89.4203,coal
55165,385.0,11.2334927140255,0.9522996357012751,,,,Calcasieu,LA,30.1608,-93.345,gas
55733,205.0,105.53335610200364,0.37454462659380694,,,,Bennett Mountain,ID,43.147153,-115.666637,gas
889,1298.0,815.3487021857924,0.06944444444444445,RC,,1.0,Baldwin Energy Complex,IL,38.205,-89.8544,coal
2049,790.0,289.91188524590166,0.1497040072859745,"ON,RI",MW,2.0,Jack Watson,MS,30.4392,-89.0286,gas
3406,793.0,131.7165300546448,0.22096994535519127,,,,Johnsonville,TN,36.0278,-87.9861,gas
7929,320.0,58.819330601092894,0.7061703096539163,,,,West Gardner,KS,38.7875,-94.9861,gas
7928,92.0,6.961520947176685,0.8672586520947176,,,,Osawatomie,KS,38.532161,-94.902633,gas
52088,574.0,311.7367941712204,0.0,RI,MW,1.0,Texas City Power Plant,TX,29.378697,-94.943829,gas
52193,,0.0,,ON,MW,1.0,Delaware City Plant,DE,39.5871,-75.6343,gas
54081,,0.0,,RI,MW,1.0,Spruance Genco LLC,VA,37.4556,-77.4308,gas
54238,50.0,42.458447176684885,0.12135701275045538,,,,Stockton Biomass,CA,37.943633,-121.330433,waste
55236,660.0,14.768214936247723,0.944672131147541,,,,Lee Energy Facility,IL,41.8287,-89.4054,gas
55417,173.0,0.2578551912568306,0.9964708561020036,,,,Raccoon Creek Energy Center,IL,38.6996,-88.5392,gas
56639,117.0,2.237249544626594,0.9707422586520947,,,,Midway Peaking LLC,CA,36.654114,-120.579727,gas
56,720.0,495.85200364298726,0.19660746812386157,RI,MW,1.0,Charles R Lowman,AL,31.488019,-87.910747,gas
116,370.0,62.25079690346084,0.5555555555555556,,,,Ocotillo,AZ,33.4225,-111.9122,gas
55504,139.0,24.98007741347905,0.6194216757741348,,,,Limon Generating Station,CO,39.2038,-103.7005,gas
55513,46.0,0.8920765027322405,0.9747267759562842,,,,CalPeak Power Enterprise Peaker Plant,CA,33.121943,-117.117441,gas
55516,722.0,631.6411657559198,0.023679417122040074,RI,MW,1.0,Fayette Energy Facility,PA,39.8592,-79.9182,gas
7213,925.0,112.62716302367942,0.6772540983606558,RI,MW,2.0,Clover,VA,36.869,-78.704,coal
7277,773.0,15.445810564663024,0.9453551912568307,,,,Lincoln Combustion,NC,35.4317,-81.0347,gas
54854,220.0,4.730532786885246,0.9409153005464481,,,,Sun Peak Generating Station,NV,36.1375,-115.0339,gas
1402,913.0,149.64139344262296,0.3846766848816029,ON,,2.0,Little Gypsy,LA,30.005067,-90.461694,gas
3405,882.0,481.37704918032784,0.005919854280510018,RI,MW,1.0,John Sevier,TN,36.3767,-82.9639,gas
6195,593.0,290.12295081967216,0.0,RI,MW,2.0,John Twitty Energy Center,MO,37.151706,-93.38804,coal
6248,539.0,271.1705373406193,0.24112021857923496,RI,MW,1.0,Pawnee,CO,40.2217,-103.6803,coal
7764,312.0,4.547700364298725,0.9677823315118397,,,,MPC Generating,GA,33.8119,-83.6953,gas
8008,,0.0,,,,,Mickleton Station,NJ,39.8119,-75.249031,
55048,302.0,195.70275500910748,0.2372495446265938,DC,MD,1.0,Tiverton Power Plant,RI,41.6422,-71.1706,gas
59338,575.0,247.48929872495447,0.3800091074681239,RI,MW,1.0,Gila River Power Block 1,AZ,32.975,-112.694444,gas
55345,622.0,276.38365209471766,0.35963114754098363,DC,MD,1.0,Otay Mesa Generating Project,CA,32.581481,-116.914969,gas
4940,1038.0,162.54280510018214,0.4734744990892532,RI,MW,2.0,Riverside (OK),OK,35.9978,-95.9567,gas
54415,38.0,15.365551001821494,0.06363843351548269,,,,Cadillac Renewable Energy,MI,44.26169,-85.435224,waste
55451,1058.0,780.1912568306011,0.030965391621129327,RI,MW,3.0,Magnolia Power Plant,MS,34.835,-89.2026,gas
56328,378.0,32.80441712204007,0.8204690346083788,,,,Harry D Mattison Gas Plant,AR,36.1855,-94.2841,gas
7348,122.0,0.691712204007286,0.98816029143898,,,,Robins,GA,32.5792,-83.5822,oil
7604,509.0,203.54166666666666,0.3402777777777778,RI,MW,2.0,St Francis Energy Facility,MO,36.5852,-90.1779,gas
7698,133.0,113.1283014571949,0.006261384335154827,,,,General Electric Plastic,AL,32.310226,-86.52542,gas
7699,151.0,76.3851320582878,0.37841530054644806,,,,Tiger Bay,FL,27.746369,-81.849446,gas
7710,2097.0,1372.0050091074681,0.0017076502732240437,RI,MW,3.0,H Allen Franklin Combined Cycle,AL,32.6078,-85.0975,gas
609,1413.0,757.5498633879781,0.11771402550091074,ON,,1.0,Cape Canaveral,FL,28.4698,-80.7644,gas
619,1380.0,837.7145947176684,0.034380692167577415,ON,,1.0,Riviera,FL,26.7653,-80.0525,gas
4014,262.0,2.5552140255009106,0.9707422586520947,,,,Wheaton,WI,44.885416,-91.515833,gas
4078,971.0,503.4280510018215,0.022654826958105646,RI,MW,2.0,Weston,WI,44.8606,-89.6553,coal
7799,93.0,5.552367941712204,0.8969717668488161,,,,West Marinette 34,WI,45.0869,-87.6892,gas
4158,777.0,485.39719945355193,0.0,"ON,RI",MW,4.0,Dave Johnston,WY,42.8378,-105.7769,coal
7350,287.0,237.06773679417122,0.06409380692167578,,,,Coyote Springs,OR,45.847998,-119.67392,gas
7902,,0.0,,,,,Pirkey,TX,32.4607,-94.4852,
7914,85.0,15.010018214936247,0.7399817850637522,,,,Harlem River Yard,NY,40.7991,-73.9156,gas
50707,180.0,93.53665755919855,0.12340619307832422,RI,MW,1.0,JM Shafer Generating Station,CO,40.0986,-104.7736,gas
55139,770.0,375.6424180327869,0.35860655737704916,RI,MW,1.0,Wolf Hollow I LP,TX,32.33422,-97.731686,gas
59002,551.0,32.7271174863388,0.863615664845173,,,,Carlsbad Energy Center,CA,33.140507,-117.333916,gas
50558,131.0,84.57536429872495,0.2575136612021858,,,,Frontier,OK,35.4,-97.625,gas
55856,1762.0,1401.5597677595629,0.04189435336976321,RI,MW,2.0,Prairie State Generating Station,IL,38.279167,-89.666944,coal
643,681.0,462.8806921675774,0.12078779599271403,RI,MW,1.0,Lansing Smith,FL,30.2686,-85.7003,gas
60340,,0.0,,,,,Albany Green Energy,GA,31.5559,-84.1103,waste
540,17.0,0.015255009107468125,0.9984061930783242,,,,Branford,CT,41.2925,-72.7942,oil
561,17.0,0.014344262295081968,0.9988615664845173,,,,Franklin Drive,CT,41.798943,-73.116267,oil
7783,26.0,0.2847222222222222,0.9838342440801457,,,,Bowling Green Peaking,OH,41.3884,-83.6402,gas
55218,539.0,392.14981785063753,0.14606102003642987,RI,MW,1.0,Hinds Energy Facility,MS,32.378969,-90.219906,gas
3116,35.0,0.10428051001821494,0.9926001821493625,,,,Tolna,PA,39.760634,-76.635341,oil
141,485.0,25.340619307832423,0.8197859744990893,RI,MW,3.0,Agua Fria,AZ,33.5561,-112.2153,gas
6635,89.0,1.0692167577413478,0.9800774134790529,,,,A L Pierce,CT,41.44823,-72.834884,gas
50292,184.0,69.34744990892531,0.19330601092896174,,,,Bethpage Power Plant,NY,40.7469,-73.4994,gas
55284,325.0,37.008993624772316,0.785063752276867,,,,Big Sandy Peaker Plant,WV,38.3441,-82.5938,gas
55103,561.0,431.2291666666667,0.10325591985428051,RI,MW,1.0,Klamath Cogeneration Plant,OR,42.173889,-121.810556,gas
1564,166.0,0.8976548269581056,0.9865664845173042,RI,MW,1.0,Vienna Operations,MD,38.4878,-75.8208,oil
3297,710.0,280.5798041894353,0.12465846994535519,RI,MW,2.0,Wateree,SC,33.8264,-80.6228,coal
55807,98.0,1.2692395264116576,0.975523679417122,,,,Henrietta Peaker,CA,36.2397,-119.9044,gas
8063,355.0,7.340163934426229,0.9495673952641166,,,,DeCordova Steam Electric Station,TX,32.403056,-97.700556,gas
10156,49.0,0.3117030965391621,0.9852003642987249,,,,Fresno Cogen Partners,CA,36.617022,-120.099846,gas
10822,,0.0,,,,,Grayling Generating Station,MI,44.604921,-84.690578,waste
1464,361.0,18.17941712204007,0.799408014571949,RI,MW,2.0,Big Cajun 1,LA,30.6739,-91.3556,gas
2379,73.0,0.5107600732600732,0.9844322344322345,,,,Carlls Corner,NJ,39.4547,-75.2014,
6741,24.0,0.030737704918032786,0.9968123861566485,,,,Rock Lake CT,MN,45.805443,-92.97176,oil
1554,841.0,19.5099043715847,0.9023224043715847,ON,,3.0,Herbert A Wagner,MD,39.1781,-76.5268,oil
1556,388.0,19.4275956284153,0.8365209471766849,,,,Perryman,MD,39.442836,-76.221761,gas
2966,,0.0,,,,,Weleetka,OK,35.3233,-96.1352,gas
56803,434.0,162.20446265938068,0.4484289617486339,,,,Panoche Energy Center,CA,36.6514,-120.5833,gas
1206,31.0,0.5084244080145719,0.975523679417122,,,,Summit Lake,IA,41.1136,-94.3472,gas
