gid,name,ascii,alt,lat,lon,fclass,fcode,cc,cc2,a1,a2,a3,a4,pop,elev,dem,tz,mod,country,cont,region,n_ref_25,n_any_25,n_ref_50,n_any_50,cell,cams_pm2_5,cams_pm25_m1,cams_pm25_m2,cams_pm25_m3,cams_pm25_m4,cams_pm25_m5,cams_pm25_m6,cams_pm25_m7,cams_pm25_m8,cams_pm25_m9,cams_pm25_m10,cams_pm25_m11,cams_pm25_m12,viirs_aod
292223,Dubai,Dubai,"DXB,Dabei,Dibai,Dibay,Doubayi,Dubae,Dubai,Dubai City,Dubai emiraat,Dubaija,Dubaj,Dubajo,Dubajus,Dubay,Dubayy,Dubaï,Dubái,Dúbæ,Fort Dabei,Ntoumpai,dby,dbyy,di bai,dobai,du bai,duba'i,dubai,dubay,dube,dubi,dwbyy,tupai,Ντουμπάι,Дубаи,Дубай,Դուբայ,דובאי,דוביי,دبئی,دبى,دبي,دبی,دوبەی,دۇبائى,दुबई,দুবাই,ਦੁਬਈ,துபை,దుబాయ్,ದುಬೈ,ദുബായ്,ดูไบ,დუბაი,ዱቤ,ドバイ,杜拜,迪拜,두바이",25.07725,55.30927,P,PPLA,AE,,03,,,,3790000,,24,Asia/Dubai,2026-04-13,United Arab Emirates,AS,MENA,1,9,1,9,571,41.5277,28.591398,34.330807,33.875404,38.810833,38.37043,45.893196,58.834396,57.56666,46.278606,39.233604,39.959587,36.04664,0.5202304
292672,Sharjah,Sharjah,"Al Sharjah,Ash 'Mariqah,Ash Shariqa,Ash Shariqah,Ash Shāriqa,Ash Shāriqah,Ash ’Mariqah,Ash-Shariqah emiraat,Ash-Shāriqah emiraat,Charjah,Ch·ardj·a,SHJ,Sardza,Sardzsa,Sarika,Sarja,Sarjo,Sarza,Schardscha,Shardza,Shardzha,Shardzha kuorat,Sharga,Sharijah,Shariqah,Sharja,Sharjah,Sharjah city,Shārijah,Shāriqah,Shārja,Szardza,Szardża,Xarja,Xarjah,alsharqt,amart alsharqt,carja,charc ah,mdynt alsharqt,saraja,sarajaha,sarja,sharija,sharja,sharjh,sharuja,syaleuja,sʼrgh,xia er jia,Ŝarĵo,Şarika,Şarja,Šardža,Šardžá,Шарджа,Шарджа куорат,Шарџа,Шарҗә,Շարժա,שארגה,إمارة الشارقة,الشارقة,شارجه,شارجہ,مدينة الشارقة,शारजा,शारजाह,শারজাহ,ਸ਼ਾਰਜਾ,சார்ஜா,షార్జా,ಶಾರ್ಜ,ഷാർജ,ชาร์จาห์,შარჯა,ሻርጃ,シャールジャ,夏尔迦,샤르자",25.3342,55.41221,P,PPLA,AE,,06,,,,1800000,,15,Asia/Dubai,2026-04-13,United Arab Emirates,AS,MENA,1,2,1,9,572,41.040222,31.126879,35.18854,31.741135,34.17542,37.092205,43.178608,55.046505,54.250675,47.34278,42.787098,40.32181,39.692345,0.59273463
292913,Al Ain City,Al Ain City,"AAN,Ainas,Al Ain,Al Ain City,Al Ajn,Al Ayn,Al `Ayn,Al Ɛayn,Al ‘Ayn,Al-Ain,Al-Ajn,Al-Ayin,Al-Ayn,Al-Aïn,Ehl'-Ajn,El Ain,El-Ajn,ai yin,al ain,al-ain,al-aini,alʿyn,ela ena,mdynt alʿyn,Ел Аин,Эль-Айн,Ալ-Ային,אל-עין,العين,العین,مدينة العين,एल एन,அல் ஐன்,അൽ ഐൻ,ალ-აინი,アル・アイン,艾因,알아인",24.19167,55.76056,P,PPL,AE,,01,102,,,846747,,275,Asia/Dubai,2024-07-13,United Arab Emirates,AS,MENA,0,0,0,0,548,33.9089,32.355915,37.499702,24.312235,26.470694,30.943949,37.692085,46.654964,44.85121,34.13986,31.996235,27.253193,32.75914,0.49699247
292968,Abu Dhabi,Abu Dhabi,"A-pu-that-pi,AEbu Saby,AUH,Aboe Dhabi,Abou Dabi,Abu Dabi,Abu Dabis,Abu Daby,Abu Daibi,Abu Dhabi,Abu Dhabi Island and Internal Islands City,Abu Dhabi emiraat,Abu Zabi,Abu Zaby,Abu Zabye,Abu Zabyo,Abu Ḍabi,Abu Ḑabi,Abu-Dabi,Abu-Dabi khot,Abu-Dabio,Abu-Dzabi,Abú Dabí,Abú Daibí,Abú Zabí,Abû Daby,Abū Dabī,Abū Z̧aby,Abū Z̧abye,Abū Z̧abyo,Abū Z̧abī,Ampou Ntampi,Ebu Dabi,Ebu Dhabi,a bu zha bi,abu dhabi,abu-dabi,abudabi,abudhabi,abw zby,abwzby,aputapi,jzyrt abwzby wjzr dakhlyt akhry,xa bud abi,Â-pu-tha̍t-pí,Äbu Saby,Əbu-Dabi,Άμπου Ντάμπι,Αμπου Νταμπι,Αμπού Ντάμπι,Абу Даби,Абу-Даби,Абу-Даби хот,Абу-Дабі,Әбу-Даби,Աբու Դաբի,אבו דאבי,أبوظبي,ئەبووزەبی,ابو ظبى,ابوظبی,ابوظہبی,جزيرة أبوظبي وجزر داخلية اخرى,अबु धाबी,अबू धाबी,আবুধাবি,ਅਬੂ ਧਾਬੀ,ଆବୁଧାବି,அபுதாபி,ಅಬು ಧಾಬಿ,അബുദാബി,අබුඩාබි,อาบูดาบี,ཨ་པོའུ་དྷ་པེ།,အဘူဒါဘီမြို့,აბუ-დაბი,አቡ ዳቢ,アブダビ,阿布扎比,아부다비",24.45118,54.39696,P,PPLC,AE,,01,101,,,1807000,,6,Asia/Dubai,2026-06-30,United Arab Emirates,AS,MENA,2,2,2,2,554,37.730804,26.684946,27.860119,25.279703,28.999723,34.987904,45.036667,56.509274,49.650536,41.861526,37.79032,38.584587,38.684002,0.7224769
1133616,Mazār-e Sharīf,Mazar-e Sharif,"MZR,Masar-e Scharif,Mazar-e Charif,Mazar-e Sarif,Mazar-e Sharif,Mazar-e Sərif,Mazar-e Şərif,Mazar-e Šarif,Mazar-e-Sharif,Mazar-i Sharif,Mazar-i Szarif,Mazar-i-Sharif,Mazare Srif,Mazari Sharif,Mazari-Sharif,Mazori Sharif,Mazār-e Sharīf,Mazār-e Šarīf,Mazār-i-Sharīf,Mazāre S̄rīf,Mezirek-i Serif,Mezirek-i Şerif,majaleu-isyalipeu,majara-i saripha,mazara-e saripha,mazari-ʿo shariፍ,mazarisharifu,mzar shryf,Мазари-Шариф,Мазори Шариф,مزار شريف,مزار شریف,मज़ार-ए शरीफ,মাজার-ই শরীফ,ਮਜ਼ਾਰ-ਏ ਸ਼ਰੀਫ,ማዛር-ኦ ሻሪፍ,マザーリシャリーフ,마자르이샤리프",36.70904,67.11087,P,PPLA,AF,,30,1601,,,523300,,361,Asia/Kabul,2026-04-13,Afghanistan,AS,South Asia,0,0,0,0,978,13.545464,11.319756,13.427081,9.635218,11.431528,12.94731,18.229303,18.291399,17.51613,12.698749,13.106587,13.612914,10.37594,0.23654602
1138336,Kandahār,Kandahar,"Candahar,KDH,Kandagar,Kandahar,Kandaharo,Kandahār,Kandehar,Kandhar,Kˌandagar,Kˌandaҳor,Qandahar,Qandahor,Qandahār,Qanḏahāṟ,Qəndəhər,kadhara,kan da ha,kandahara,kandaharu,kandhara,kndhar,qanidahari,qndhar,qndhʼr,qndہar,Кандагар,Қандағар,Қандаҳор,קנדהאר,قندهار,قندہار,كندهار,कंधार,কান্দাহার,ਕੰਧਾਰ,ቃንዳሃር,カンダハール,坎大哈",31.61332,65.71013,P,PPLA,AF,,23,2401,,,523300,,1007,Asia/Kabul,2026-04-13,Afghanistan,AS,South Asia,0,0,0,0,753,23.782566,13.482392,29.035269,25.210215,30.998056,36.931316,32.25722,41.213448,27.47648,10.320278,14.0483885,11.208612,13.383599,0.24823773
1138958,Kabul,Kabul,"Cabool,Caboul,Cabul,Cabura,Cabúl,Caubul,KBL,Kabil,Kaboel,Kabol,Kaboul,Kabul,Kabula,Kabulas,Kabuli,Kabulo,Kabura,Kabúl,Kabûl,Kampoul,Kobul,Kubha,Kábul,Kâbil,Kābol,ka bu er,kabl,kabul,kabula,kabuli,kaburu,kabwl,kapul,ke bu er,khabul,Καμπούλ,Кабул,Кобул,Քաբուլ,קאבול,كابل,كابۇل,کابل,کابول,काबुल,কাবুল,ਕਾਬੁਲ,କାବୁଲ,காபூல்,ಕಾಬುಲ್,കാബൂൾ,කාබුල්,คาบูล,ཁ་པལ།,ཁ་པུལ།,ქაბული,ካቡል,ទីក្រុងកាបូល,カブール,カーブル,喀布尔,喀布爾,카불",34.52813,69.17233,P,PPLC,AF,,13,101,,,4434550,,1798,Asia/Kabul,2024-11-12,Afghanistan,AS,South Asia,0,0,0,0,852,14.779047,18.32204,16.751637,12.376747,11.5047245,13.95699,16.146112,16.268415,15.296908,13.4701395,15.214382,12.930832,15.137233,0.26397344
1140026,Herāt,Herat,"Gerat,Gerot,HEA,Herat,Herāt,Hérat,Kherat,Shahr-e Herat,Shahr-e Herāt,he la te,herata,herati,herato,hrat,Герат,Герот,Херат,هراة,هرات,ہrat,ہرات,हेरात,হেরাত,ਹੇਰਾਤ,ሄራት,ヘラート,赫拉特",34.34817,62.19967,P,PPLA,AF,,11,2001,,,574300,,927,Asia/Kabul,2026-04-13,Afghanistan,AS,South Asia,0,0,0,0,851,8.330638,7.0865593,11.57887,5.3875,9.063473,6.9641123,8.918612,6.078898,5.883065,7.6369433,11.477689,11.13986,9.177284,0.21324229
616052,Yerevan,Yerevan,"Ayrivan,Ayrivan  Erivan  Erevan  Ereun  Erivan  Iravan  Irvan  Revan  Rivan,Djerevan,EVN,Ehrivan',Eireavan,Eireaván,Ereban,Erebuni,Erehvan,Ereun,Erevan,Erevan osh,Erevana,Erevano,Erevanum,Erevàn,Ereván,Erevāna,Erewan,Erivan,Eriwan,Eruandawan,Ervandavan,Erywan,Erywań,Gierevan,Ierevan,Iereván,Iravan,Jerevan,Jerevanas,Jerevani,Jereván,Jerewan,Jerjewan,Revan,Siro Mayraqaxaq Yerevan,Yerevan,Yervandavan,Yerêvan,Yiriwan,Yèrèvan,Yérévan,ayrwan,ereban,erevani,iyerebhana,shhr ayrwan,ye li wen,yeleban,yeravana pranta,yere wan,yerevan,yerevana,yerevhana,yryfan,yrywan,Èrevan,Êrîvan,İrəvan,Γιερεβάν,Ερεβάν,Єреван,Јереван,Ереван,Ереван ош,Ерэван,Эривань,Այրիվան  Երիվան  Էրեվան  Էրեուն  Էրիվան  Իրավան  Իրվան  Րեվան  Րիվան,Երեւան,Երուանդաւան,Երվանդավան,Երևան,Էրեբունի,Յերեվան,יערעוואן,ירוואן,ایروان,شهر ایروان,يريفان,يېرېۋان,یریوان,یەریڤان,येरवान प्रान्त,येरेवान,येरेव्हान,ইয়েরেভান,யெரெவான்,เยเรวาน,ཡེ་རེ་ཝན།,ერევანი,ዬሬቫን,エレバン,葉里溫,예레반",40.17765,44.5126,P,PPLC,AM,,11,,,,1144700,,1002,Asia/Yerevan,2026-08-31,Armenia,AS,Other Asia,70,71,70,72,1095,16.57725,27.776075,23.474257,18.957394,14.899167,13.7056465,10.477639,12.300538,10.414382,9.957916,12.279569,22.389168,22.685747,0.30414376
2236500,Viana,Viana,"Viana,Виана",-8.90553,13.37499,P,PPLA2,AO,,20,,,,865863,,128,Africa/Luanda,2026-09-14,Angola,AF,Sub-Saharan Africa,0,0,0,0,137,16.018902,15.470161,14.469048,13.907527,11.728194,14.80793,17.550138,21.866262,24.533197,18.295277,14.328897,12.361389,12.625269,0.33315563
2239888,Maianga,Maianga,"Maianga,maianga,Маианга,マイアンガ",-8.84693,13.23698,P,PPLA2,AO,,20,,,,727681,,7,Africa/Luanda,2026-09-14,Angola,AF,Sub-Saharan Africa,0,0,0,0,137,16.018902,15.470161,14.469048,13.907527,11.728194,14.80793,17.550138,21.866262,24.533197,18.295277,14.328897,12.361389,12.625269,0.35067937
2240449,Luanda,Luanda,"LAD,Loanda,Louanda,Louanta,Luand,Luanda,Luandae,Luando,Lwanda,Lúanda,Saint Paul de Loanda,Sao Paolo de Loanda,Sao Paulo da Assuncao de Luanda,Sao Paulo de Loanda,Sao Paulo de Luanda,St Paul de Loanda,São Paolo de Loanda,São Paulo da Assunção de Luanda,São Paulo de Loanda,São Paulo de Luanda,lu an da,lu'anda,luanda,luo an da,luvanta,luxanda,luyanda,lwanda,ruanda,Λουάντα,Луандæ,Луанда,Լուանդա,לואנדה,לואנדע,لوآندا,لواندا,لونڈا,लुआंडा,लुआण्डा,লুয়ান্ডা,ਲੁਆਂਦਾ,லுவாண்டா,ลูอันดา,ལའུན་ཌ།,ლუანდა,ሏንዳ,ルアンダ,盧安達,罗安达,루안다",-8.83682,13.23432,P,PPLC,AO,,20,,,,2776168,,73,Africa/Luanda,2024-03-26,Angola,AF,Sub-Saharan Africa,0,0,0,0,137,16.018902,15.470161,14.469048,13.907527,11.728194,14.80793,17.550138,21.866262,24.533197,18.295277,14.328897,12.361389,12.625269,0.35067937
2242906,Calumbo,Calumbo,"Calumbo,Catumbo,Columbo,Kalumbo,Калумбо",-9.14692,13.41936,P,PPLA2,AO,,19,,,,652270,,15,Africa/Luanda,2026-09-14,Angola,AF,Sub-Saharan Africa,0,0,0,0,135,12.693068,11.974598,11.195685,10.382259,8.076113,10.689247,14.024306,18.143415,20.818283,14.941946,12.332258,9.864721,9.604435,0.44376385
2243271,Cabinda,Cabinda,"CAB,Cabinda,Kabenda,Kabinda,kabida,kabinda,kabinida,kabnda,kabndہ,kabynda,Кабинда,كابيندا,کابندا,کابندہ,کابیندا,कबिंडा,কাবিন্ডা,ਕਾਬਿੰਡਾ,ካቢንዳ,カビンダ",-5.56198,12.19476,P,PPLA,AO,,03,,,,550000,,1,Africa/Luanda,2026-04-13,Angola,AF,Sub-Saharan Africa,0,0,0,0,163,20.188408,14.842339,14.522173,14.177688,13.089582,24.672983,31.633055,31.349325,31.362902,19.629028,15.026616,13.951527,17.37621,0.5768714
2591953,Golfe,Golfe,"Golfe,Голфе",-8.86639,13.26173,P,PPLA2,AO,,20,,,,655796,,75,Africa/Luanda,2026-09-14,Angola,AF,Sub-Saharan Africa,0,0,0,0,137,16.018902,15.470161,14.469048,13.907527,11.728194,14.80793,17.550138,21.866262,24.533197,18.295277,14.328897,12.361389,12.625269,0.33315563
2591957,Camama,Camama,"Camama,Kamama,Камама",-8.93611,13.26518,P,PPLA2,AO,,20,,,,667094,,83,Africa/Luanda,2026-09-14,Angola,AF,Sub-Saharan Africa,0,0,0,0,137,16.018902,15.470161,14.469048,13.907527,11.728194,14.80793,17.550138,21.866262,24.533197,18.295277,14.328897,12.361389,12.625269,0.33315563
2591976,Talatona,Talatona,"Talatona,Талатона",-8.91783,13.18562,P,PPLA3,AO,,20,,,,500000,,56,Africa/Luanda,2026-09-14,Angola,AF,Sub-Saharan Africa,0,0,0,0,137,16.018902,15.470161,14.469048,13.907527,11.728194,14.80793,17.550138,21.866262,24.533197,18.295277,14.328897,12.361389,12.625269,0.35067937
3347762,Lubango,Lubango,"Lubangas,Lubango,SDD,Sa da Bandeira,Sá da Bandeira,lu ban ge,lubang-gu,lubango,lubanigo,lwbanghw,lwbangw,lwbanګw,lwbngw  angwla,rubango,Лубанго,لوبانغو,لوبانګو,لوبانگو,لوبنگو، آنگولا,लुबांगो,লুবাঙ্গো,ਲੁਬਾਂਗੋ,ሉባንጎ,ルバンゴ,盧班戈,루방구",-14.91717,13.4925,P,PPLA,AO,,09,,,,600751,,1760,Africa/Luanda,2026-05-08,Angola,AF,Sub-Saharan Africa,0,0,0,0,119,8.6533575,7.2767467,7.033333,6.465591,5.315138,4.872446,7.331667,9.892741,13.518815,14.973053,12.542205,7.5344443,6.944759,0.20225562
3348313,Huambo,Huambo,"Huambas,Huambo,Huamdo,Khuambo,NOV,Nova Lisboa,Uambo,hu'ambo,huyambo,hwambw,hwambw  angwla,uambu,uanbo,wambu,wan bo,Вилояти Ҳвамбо,Уамбо,Хуамбо,הואמבו,هوامبو,هوامبو، آنگولا,ہوامبو,हुआम्बो,হুয়াম্বো,ਹੁਆਂਬੋ,วัมบู,ሁwaምbo,ሁዋምቦ,ウアンボ,万博,우암부",-12.77611,15.73917,P,PPLA,AO,,08,,,,595304,,1716,Africa/Luanda,2026-05-02,Angola,AF,Sub-Saharan Africa,0,0,0,0,122,15.347042,8.299462,10.92128,9.522312,9.571528,8.496505,15.770972,23.54086,34.455917,27.350557,17.464516,9.681807,8.692339,0.22737755
3351663,Benguela,Benguela,"BUG,Bengela,Benguela,Benguella,Sao Felipe de Benguela,São Félipe de Benguela,ben ji la,bengera,bengu'ela,benguyela,benigela,bnghyla,bngwyla,bnګwyla,Бенгела,بنغيلا,بنګویلا,بنگوئلا,بنگویلا,बेंगुएला,বেঙ্গুয়েলা,ਬੇਂਗੁਏਲਾ,ቤንጌላ,ベンゲラ,本吉拉",-12.57674,13.40268,P,PPLA,AO,,01,,,,555124,,30,Africa/Luanda,2026-05-05,Angola,AF,Sub-Saharan Africa,0,0,0,0,127,13.528869,11.489113,15.538244,13.847848,12.07639,12.794892,15.667221,14.714648,17.14691,16.614305,11.571371,10.661249,10.44785,0.22875611
7758790,Kikolo,Kikolo,"Kikolo,Quicolo,Киколо",-8.7815,13.33384,P,PPLA3,AO,,20,,,,728205,,73,Africa/Luanda,2026-09-14,Angola,AF,Sub-Saharan Africa,0,0,0,0,137,16.018902,15.470161,14.469048,13.907527,11.728194,14.80793,17.550138,21.866262,24.533197,18.295277,14.328897,12.361389,12.625269,0.33315563
8307074,Mulenvos,Mulenvos,"Mulenvos,Муленвос",-8.86695,13.3344,P,PPLA2,AO,,20,,,,882014,,88,Africa/Luanda,2026-09-14,Angola,AF,Sub-Saharan Africa,0,0,0,0,137,16.018902,15.470161,14.469048,13.907527,11.728194,14.80793,17.550138,21.866262,24.533197,18.295277,14.328897,12.361389,12.625269,0.33315563
13631351,Hoji ya Henda,Hoji ya Henda,"Khoj Ja Khenda,Хой Я Хенда",-8.80523,13.2897,P,PPLA2,AO,,20,,,,642050,,7,Africa/Luanda,2026-09-14,Angola,AF,Sub-Saharan Africa,0,0,0,0,137,16.018902,15.470161,14.469048,13.907527,11.728194,14.80793,17.550138,21.866262,24.533197,18.295277,14.328897,12.361389,12.625269,0.33315563
3430863,Mar del Plata,Mar del Plata,"MDQ,Mar Del Plat,Mar de Plata,Mar del Plata,Mar del' Plata,Mar ntel Plata,Mar-dehl'-Plata,Mar-del'-Plata,Mar-del'-Platae,Mar-del-Plata,Mar-del-plata,ma de pu la ta,maleudelpeullata,mar del pla ta,mar dl plata,mar ڈyl plaٹa,mar ډl plata,mara dela palata,mara dela plata,mari deል ፕlata,maryh dyl blata,Μαρ ντελ Πλάτα,Мар дел Плата,Мар дель Плата,Мар-дель-Платæ,Мар-дель-Плата,Мар-дэль-Плата,Մար-դել-Պլատա,מאר דל פלאטה,مار دل پلاتا,مار ڈیل پلاٹا,مار ډل پلاتا,ماريه ديل بلاتا,मार डेल प्लाटा,মার ডেল প্লাটা,ਮਾਰ ਡੇਲ ਪਲਾਟਾ,มาร์เดลปลาตา,მარ-დელ-პლატა,ማር ዴል ፕላታ,マル・デル・プラタ,马德普拉塔,마르델플라타",-38.00042,-57.5562,P,PPLA2,AR,,01,06357,,,593337,,14,America/Argentina/Buenos_Aires,2026-04-16,Argentina,SA,South America,0,0,0,0,24,5.25637,5.890457,5.9738092,6.018683,4.731249,3.6772847,2.9099998,6.197043,4.4938173,5.8530564,5.221639,5.6001387,6.516398,0.0856059
3435910,Buenos Aires,Buenos Aires,"BUE,Baires,Bonaero,Bonaeropolis,Bonaëropolis,Bos Aires,Bouenos Aires,Bouonezar,Bouonézâr,Buehnas-Ajrehs,Buehnos Ajres,Buehnos-Ajres,Buehnos-Ajres osh,Buenos Aires,Buenos Airės,Buenos Ajres,Buenos Ares,Buenos Ayres,Buenos-Aires,Buenos-Ajres,Buenos-Ayres,Buenos-Aýres,Buenosairesa,Buénos Ayrés,Bwenoze,Bwènozè,Búenos Aíres,Ciudad Autonoma de Buenos Aires,Ciudad Autónoma de Buenos Aires,Ciudad de La Santisima Trinidad y Puerto de Santa Maria del Buen Ayre,Ciudad de La Santísima Trinidad y Puerto de Santa María del Buen Ayre,Lungsod ng Buenos Aires,Santa Maria del Buen Ayre,Santa María del Buen Ayre,bawnosxires,bu yi nuo si ai li si,bu'enosa a'iresa,buenos-airesi,buenosaires,buenoseuaileseu,buenosuairesu,buraenosa a'iresa,buyenosa a'iresa,bwyns ayrs,bwynws ayrs,bwynws ayrys,byu'enosa erisa,byunas airis,byunas ayels,bywns ayrs,puvenas airis,Μπουένος ΄Aιρες,Μπουένος Άιρες,Буенос Аирес,Буенос Айрес,Буенос Аірес,Буенос Ајрес,Буенос-Аирес,Буенос-Айрес,Буэнас-Айрэс,Буэнос Айрес,Буэнос-Айрес,Буэнос-Айрес ош,Բուենոս Այրես,בואנוס איירס,בוענאס איירעס,بوئنوس آیرس,بوينس آيرس,بوينوس ايريس,بۆینس ئایرس,بیونس آئرس,बुएनोस आइरेस,ब्युएनॉस एरीस,বুয়েনোস আইরেস,বুৱেনোস আইরেস,புவெனஸ் ஐரிஸ்,ಬ್ಯೂನಸ್ ಐರಿಸ್,ബ്യൂണസ് അയേഴ്സ്,บัวโนสไอเรส,པུ་ཨེ་ནོ་སི་ཨས་རི་སི།,ဗျူနိုအေးရိစ်မြို့,ბუენოს-აირესი,ብዌኖስ አይሬስ,ブエノスアイレス,布宜諾斯艾利斯,布宜诺斯艾利斯,부에노스아이레스",-34.61315,-58.37723,P,PPLC,AR,,07,,,,2891082,,31,America/Argentina/Buenos_Aires,2024-06-19,Argentina,SA,South America,1,2,1,3,39,8.854176,6.690591,9.667113,8.981451,8.158056,8.193953,11.242083,13.466396,7.945565,9.014584,6.352285,8.747499,7.925538,0.1732316
3836873,San Miguel de Tucumán,San Miguel de Tucuman,"San Migel De Tukuman,San Migel de Tukuman,San Miguel de Tucuman,San Miguel de Tucumán,San Minkel nte Toukouman,San-Migel'-de-Tukuman,San-Migel'-deh-Tukuman,Sanctus Michael Tucumanensis,TUC,Tucuman,Tucumán,Tukuman,Tukumanas,saina migi'u'ela de tukumana,saina migu'ela di tukumana,san mayjl dې twkwman,san mgyl ڈy tkwman,san mi kelde tu ku man,san myghyl dy twkwman,san mygwyyl dy twkwman,sana miguyela di tukumana,sani migeል de tukumani,sanmigeldetukuman,santyagw dwtwkwman,sheng mi ge er-de tu ku man,Σαν Μιγκέλ ντε Τουκουμάν,Сан Мигел де Тукуман,Сан-Мигель-де-Тукуман,Сан-Мігель-де-Тукуман,Сан-Мігель-дэ-Тукуман,Тукуман,Տուկուման,טוקומאן,سان مايجل دې توکومان,سان ميغيل دي توكومان,سان مگئل ڈی تکومان,سان میگوئیل دی توکومان,سانتیاگو دوتوکومان,सैन मिगुएल डी तुकुमान,সান মিগুয়েল ডি তুকুমান,ਸੈਨ ਮਿਗਿਊਏਲ ਡੇ ਤੁਕੁਮਾਨ,ซานมีเกลเดตูกูมัน,სან-მიგელ-დე-ტუკუმანი,ሳን ሚጌል ዴ ቱኩማን,サン・ミゲル・デ・トゥクマン,圣米格尔-德图库曼,산미겔데투쿠만",-26.81601,-65.21051,P,PPLA,AR,,24,90084,,,548866,,440,America/Argentina/Tucuman,2026-04-13,Argentina,SA,South America,0,0,0,0,69,14.907399,15.683467,10.973066,17.615591,20.71181,15.591266,12.742365,15.322446,12.272447,12.946109,14.72379,14.50014,15.46653,0.16559745
3838233,Salta,Salta,"Ciudad de Salta,SLA,Sal'ta,Salta,Salta llaqta,Saltaurbo,sa er ta,salata,salta,saruta,saልta,slth,Σάλτα,Салта,Сальта,Սալտա,סלטה,سالتا,साल्टा,সালটা,ਸਾਲਟਾ,სალტა,ሳልታ,サルタ,萨尔塔,살타",-24.80645,-65.41999,P,PPLA,AR,,17,66028,,,520683,,1054,America/Argentina/Salta,2026-04-13,Argentina,SA,South America,0,0,0,0,79,6.050316,6.0213723,4.5339284,5.620162,6.159445,5.7860217,4.902361,7.661963,7.180376,5.858473,6.713172,6.552778,5.443548,0.17085053
3838583,Rosario,Rosario,"ROS,Rasarya,Rosarijas,Rosario,Rosário,Rozariyo,Rozarîyo,Urbs Rosariensis,losalio,luo sa li ao,luo sha li ao,ro sa ri xo,rojhariyo,rosari'o,rosario,rosariyo,rwsaryw,rwsaryw  santa fh,Ροσάριο,Расарыа,Росарио,Росаріо,Ռոսարիո,רוסאריו,روساريو,روساریو,روساریو، سانتا فه,روساریو، سانتا فے,रोझारियो,रोसारियो,রোসারিও,ਰੋਸਾਰੀਓ,โรซารีโอ,როსარიო,ሮሳሪዮ,ロサリオ,罗萨里奥,羅沙里奧,로사리오",-32.94682,-60.63932,P,PPLA2,AR,,21,82084,,,948312,,38,America/Argentina/Cordoba,2026-04-16,Argentina,SA,South America,0,0,0,0,50,7.941979,6.4038973,7.360417,8.2780905,7.4002776,6.597984,8.202778,11.4838705,8.673656,5.895834,7.3884425,8.660556,8.849731,0.09900864
3860259,Córdoba,Cordoba,"COR,Ciudad de Cordoba,Ciudad de Córdoba,Cordoba,Cordoba i Argentina,Cordova,Corduba,Còrdoba,Córdoba,Córdoba i Argentina,Córdova,Kordava,Kordoba,Kordobo,Kordov,Kordova,Kordova khot,Kordovae,Kuorduoba,Vila de Cordoba,Vila de Córdoba,kardoba,kardwba,ke er duo wa,koleudoba,koradoba,kordoba,korudoba,kweridoba,kwrdwba,kwrdwba  arzhantyn,kxr do ba,qwrdwbh,Κόρδοβα,Кордава,Кордоба,Кордовæ,Кордова,Кордова хот,Կորդովա,קארדאבע,קורדובה,قرطبہ، ارجنٹائن,كوردوبا,کاردوبا,کوردوبا,کوردوبا، آرژانتین,कोर्डोबा,कोर्दोबा,কর্ডোবা,ਕੋਰਡੋਬਾ,กอร์โดบา,კორდოვა,ኮርዶባ,コルドバ,科尔多瓦,코르도바",-31.40648,-64.18853,P,PPLA,AR,,05,14014,,,2106734,,378,America/Argentina/Cordoba,2026-04-13,Argentina,SA,South America,0,0,0,0,53,8.112219,9.114382,7.5221725,9.627555,10.839723,8.095833,7.4323606,7.9680104,5.3103495,6.2334714,6.980779,9.594861,8.623253,0.113325365
2761369,Vienna,Vienna,"Bec,Bech,Becs,Beç,Beč,Bienne,Bécs,Dunaj,Fiena,VIE,Veen,Vena,Viden,Viden',Vieden,Viedeň,Vien,Viena,Vienna,Vienne,Vieno,Viin,Vin,Vinarborg,Vindobona,Vine,Viyana,Viên,Vjena,Vjenna,Vyana,Vídeň,Vín,Vínarborg,Vīne,Wean,Wene,Wenen,Wieden,Wiedeń,Wien,Wjedzyn,Wjedźyń,bienna,bin,fyyna,uin,vena,viyana,wei ye na,weiynna,wyn,wynh,Βιέννη,Беч,Вена,Виена,Відень,Վիեննա,וינה,فيينا,وین,वियना,เวียนนา,ཝ་ཨ་ན།,ཝི་ཨེ་ན།,ვენა,ቪየና,ウィーン,維也納,비엔나,빈",48.20849,16.37208,P,PPLC,AT,,09,900,,,1691468,171,193,Europe/Vienna,2025-11-01,Austria,EU,Europe,18,26,26,38,1400,12.950664,12.091127,17.941963,14.482662,10.952639,11.455109,12.455,10.884409,11.1957,10.065556,9.841935,16.992222,17.489515,0.18687396
2063523,Perth,Perth,"PER,Peairt,Pert,Perta,Pertas,Perth,Perth City,Perthia,Perto,Perþ,Pet,Pirth,Purt,Pērta,byrth,paratha,part,partha,pasu,peoseu,pert,pheirth,po si,prt,prt',prtھ,prtھ  asٹrylya,Περθ,Перт,Пертһ,Пърт,Պերթ,פרת',بيرث,پرت,پرتھ,پرتھ، آسٹریلیا,पर्थ,পার্থ,ਪਰਥ,பேர்த்,ಪರ್ತ್,പെർത്ത്,เพิร์ท,ပါ့သ်မြို့,პერთი,ፐrita,ፐርత,パース,珀斯,퍼스",-31.95224,115.8614,P,PPLA,AU,,08,57080,,,2384371,,34,Australia/Perth,2026-06-24,Australia,OC,Oceania,1,5,1,5,52,5.3370986,5.1770163,5.0172615,4.285619,4.379028,5.9848123,6.1150002,6.104569,6.2146506,5.5416656,6.283601,4.122361,4.7502685,0.11916209
2078025,Adelaide,Adelaide,"ADL,Adalet,Adehlaida,Adelaida,Adelaidae,Adelaide,Adelaidis,Adelaidė,Adelajda,Adelajdo,Adelaïda,Adelaïde,Adelejd,Adelàida,Adélaïde,Edelaid,Tarndanya,Tarndarnya,a de lai de,adelaida,aderedo,adilaid,adiled,adlayd,adylyd,aedeulleideu,aidileda,atileyit,ayڈlyڈ,aډlyd,ayadileda,edile'ida,edileda,ʿedeledi,Αδελαΐδα,Аделаидæ,Аделаида,Аделаїда,Аделейд,Аделејд,Адэлаіда,Ադելաիդա,אדלייד,آدلاید,أديليد,ئادېلايدې,اډلید,ایڈلیڈ,ایڈیلیڈ,एडिलेड,ॲdaleda,ॲडलेड,অ্যাডিলেড,ਐਡੀਲੇਡ,એડિલેઇડ,அடிலெயிட்,అడిలైడ్,ಅಡಿಲೇಡ್,അഡിലെയ്‌ഡ്,แอดิเลด,အက်ဒလိတ်မြို့,ადელაიდა,አዴሌድ,アデレード,阿德来得,阿德莱德,애들레이드",-34.92866,138.59863,P,PPLA,AU,,05,40070,,,1469163,,59,Australia/Adelaide,2026-06-24,Australia,OC,Oceania,1,4,1,5,41,4.705102,5.6340055,5.83125,4.6030917,4.268056,3.8404574,4.332083,4.6009407,4.378092,4.289167,4.9951615,4.5336103,5.21922,0.1159235
2147714,Sydney,Sydney,"SYD,Sanctus Dionysius,Sedniejos,Sek-na,Sidnef,Sidnei,Sidnej,Sidneja,Sidnejo,Sidnejus,Sidney,Sidneý,Sidni,Sidnéy,Sidnėjus,Sit-ni,Sit-nì,Syd,Sydneium,Sydney,Sydney City,Sék-nà̤,Sídney,Sîdney,Sėdniejos,citni,shidoni,sidani,sideuni,sidnei,sidni,sidniy,sydny,sډny,xi ni,xue li,Σίδνεϋ,Сиднеи,Сидней,Сиднеј,Сидни,Сідней,Сідні,Սիդնեյ,סידני,سيدنى,سيدني,سڈنی,سډني,سیدنی,ܣܝܕܢܝ,सिडनी,सिड्नी,सिद्नी,সিডনি,ਸਿਡਨੀ,સીડની,சிட்னி,సిడ్నీ,ಸಿಡ್ನಿ,സിഡ്നി,සිඩ්නි,ซิดนีย์,སིད་ནེ།,ဆစ်ဒနီမြို့,სიდნეი,ሲድኒ,ស៊ីដនីយ៏,シドニー,悉尼,雪梨,시드니",-33.86785,151.20732,P,PPLA,AU,,02,,,,5638830,,58,Australia/Sydney,2026-06-24,Australia,OC,Oceania,1,10,1,10,45,9.382809,9.543817,8.843155,8.50054,9.579722,9.864922,11.533054,8.562769,7.5956993,9.490694,9.061694,8.940278,11.0900545,0.1483571
2155472,Newcastle,Newcastle,"Avstralyn N'jukasl,N'jukasl,NTL,Newcastle,Niukasel,Niukaslas,Njukasl,Njukasul,Novkastelo,Nyukasl,n'yukaisala,n'yukesala,ni'ukaisala,ni'ukyasala,niu ka si er,niyukacil,niውkasiል,nyukaeseul,nyukassuru,nyw kasl,nywkasl,nywkasl  nyw sawt wlz,nywkasl  yyny gwnyy wlz,Њукасл,Австралын Ньюкасл,Ньюкасл,Нюкасъл,ניוקאסל,نيوكاسل,نيوکاسل,نیو کاسل,نیو کیسل، نیو ساؤتھ ویلز,نیوکاسل، نیو ساوت ولز,نیوکاسل، یئنی گونئی ولز,نیوکاسڵ,न्यूकॅसल,न्यूकैसल,নিউক্যাসল,ਨਿਊਕੈਸਲ,நியூகாசில்,ნიუკასლი,ኒውካስል,ニューカッスル,纽卡斯尔,뉴캐슬",-32.92953,151.7801,P,PPLA2,AU,,02,15900,,,508437,,48,Australia/Sydney,2026-04-16,Australia,OC,Oceania,0,1,0,1,51,7.8963833,8.156587,7.5488095,6.0084686,7.7838883,7.2934136,9.589722,6.8376346,7.617339,8.115555,8.399059,7.824722,9.603494,0.13458158
2158177,Melbourne,Melbourne,"Greater Melbourne,MEL,Mel'burn,Melben,Melborns,Melbourne,Melbourne City,Melbournum,Melburn,Melburna,Melburnas,Melburno,Melpurn,Melvourni,mailabarana,mel beirn,melaborna,melbeoleun,melbeon,melporn,meruborun,meልberini,mlbwrn,mo er ben,mylbrn,xin jin shan,Μελβούρνη,Мелбурн,Мелбърн,Мельбурн,Մելբուռն,Մելպուռն,מלבורן,ملبورن,میلبرن,مېلبۇرن,मेलबोर्न,মেলবোর্ন,ਮੈਲਬਰਨ,மெல்போர்ன்,เมลเบิร์น,མེར་བུན,መልበርን,メルボルン,墨尔本,墨爾本,新金山,멜버른,멜번",-37.814,144.96332,P,PPLA,AU,,07,24600,,,5435590,,25,Australia/Melbourne,2026-06-24,Australia,OC,Oceania,12,19,14,22,25,7.0869923,8.320699,6.9227676,7.6760755,7.3680553,8.569758,7.1486106,6.0672045,9.043549,4.779861,6.009274,5.394167,7.6099467,0.1515818
2165087,Gold Coast,Gold Coast,"City of Gold Coast,Costa Dorada,Gold,Gold Coast,Gold Koust,OOL,gorudokosuto,huang jin hai an,Голд Коуст,ゴールドコースト,ゴールド・コースト,黃金海岸,黄金海岸",-28.00029,153.43088,P,PPL,AU,,04,33430,,,640778,,12,Australia/Brisbane,2022-07-15,Australia,OC,Oceania,3,3,4,4,64,7.3267803,7.85793,7.708037,6.9354844,6.0858335,5.674059,5.6776395,6.357929,6.518415,8.425556,9.979435,8.746249,7.9797053,0.16567318
2174003,Brisbane,Brisbane,"BNE,Bresbens,Brisbane,Brisbane City,Brisbano,Brisbehn,Brisben,Brisbena,Brisbenas,Brisbin,Brismpein,Brizbejn,Brysben,Brėsbens,Pu-li-su-pan,Pu-lî-sṳ̂-pân,beulijeubeon,brisabena,brisben,brisbena,brizabana,brizbeni,brsban,brsbyn,brysban,bryzbn,bryzbyn,bryzbyyn,bu li si ban,bu li si ben,burisuben,pirispen,Μπρίσμπεϊν,Бризбейн,Бризбејн,Брисбен,Брисбэн,Брысбен,בריזביין,בריזבן,برسبان,برسبین,برىسبان,بريزبن,بریزبن,بریزبین,بریزبێن,ब्रिसबेन,ब्रिस्बेन,ব্রিসবেন,ਬ੍ਰਿਜ਼ਬਨ,பிரிஸ்பேன்,బ్రిస్బేన్,ಬ್ರಿಸ್ಬೇನ್‌,ബ്രിസ്ബെയ്ൻ,บริสเบน,ဘရစ်စဘိန်းမြို့,ბრიზბენი,ብርዝበን,ブリスベン,布里司班,布里斯本,布里斯班,브리즈번",-27.46794,153.02809,P,PPLA,AU,,04,31000,,,2780063,,27,Australia/Brisbane,2026-07-03,Australia,OC,Oceania,10,13,15,18,67,8.230937,8.297044,7.2752967,6.116936,7.1209726,6.541802,7.8790274,9.1599455,8.435617,9.695971,11.472579,8.71014,7.9889793,0.19032918
587084,Baku,Baku,"BAK,Bacu,Bacú,Bagu,Baki,Bako,Bakoe,Bakou,Baku,Bakue,Bakuo,Bakuu,Baky,Bakó,Bakú,Bakû,Bakü,Bakı,Baqu,Boku,Mpakou,Pakʻu,ba ku,bakku,bako,baku,bakw,bakww,pakku,Μπακού,Баку,Бакы,Баҡы,Боку,Բագու,Բաքու,Պաքու,באקו,باكو,باکو,باکوو,बाकु,बाकू,বাকু,பாக்கு,ബക്കു,บากู,པཱ་ཁི།,ბაქო,ባኩ,バクー,巴库,바쿠",40.37767,49.89201,P,PPLC,AZ,,09,,,,2351300,,-23,Asia/Baku,2026-06-02,Azerbaijan,AS,Other Asia,1,1,1,1,1115,12.793996,11.743279,10.0244055,12.599193,12.045417,12.722447,13.0479145,15.029031,14.859947,10.4109745,13.601209,19.44639,7.851479,0.21753246
3191281,Sarajevo,Sarajevo,"Bosna-Sarai,SJJ,Saarayego,Saireavo,Sairéavó,Saraeva,Saraevo,Saraevo osh,Saragebo,Saragiebo,Saragievo,Sarajeva,Sarajevas,Sarajevo,Sarajevs,Sarajevu,Sarajevó,Sarajewo,Sarajèvo,Saraxevo,Saraybosna,Sarayevo,Sarayevu,Seraium,Serayevo,Szarajevo,Szarajevó,Vrh Bosna,carayevo,sa la re wo,sai la ye fu,salayebo,saraevo,saraevuo,sarajyww,sarayavea,sarayebho,sarayevho,sarayevo,sarayewo,sarayh ww,sarayww,sarayyfw,srayyfw,srayyww,sryybw,Σαράγεβο,Σαράγιεβο,Σαραγιεβο,Сараева,Сараево,Сараево ош,Сараєво,Сарајево,Сараѥво,Սարաևո,סאראיעווא,סרייבו,ساراجیوو,ساراييفو,سارايېۋو,سارایه وو,سارایوو,سارایێڤۆ,سرائیوو,سراييفو,सारायेव्हो,সারায়েভো,ਸਾਰਾਯੇਵੋ,சாரயேவோ,സരയാവോ,ซาราเยโว,ས་ར་ཇི་བོ།,სარაევო,ሳራዬቮ,サラエヴォ,塞拉耶佛,薩拉熱窩,사라예보",43.84864,18.35644,P,PPLC,BA,,01,3343737,,,696731,,509,Europe/Sarajevo,2019-09-05,Bosnia and Herzegovina,EU,Europe,2,3,2,3,1236,10.072091,10.126479,12.795683,8.521102,12.495694,10.487635,10.576806,9.240726,9.47957,10.0095825,8.607122,7.0148616,11.767203,0.15791793
1185128,Rajshahi,Rajshahi,"RJH,Radzhshakhi,Rajshahi,Rampur Baolia,Rampur Bauleah,Rampur Boalia,Rājshāhi,rajasahi,rajishahi,rajshahy,rajshaہy,Раджшахи,راجشاهي,راجشاهی,راجشاہی,राजशाही,রাজশাহী,ਰਾਜਸ਼ਾਹੀ,ራጅሻሂ,ラージシャヒ",24.374,88.60114,P,PPLA,BD,,83,5081,508122,50812213,763580,,23,Asia/Dhaka,2026-04-13,Bangladesh,AS,South Asia,0,0,0,0,556,61.752747,118.545296,96.01146,69.68427,50.25542,46.05564,47.37097,28.689516,30.058064,32.74014,56.461967,77.165276,90.03708,0.8059416
1185186,Comilla,Comilla,"CLA,Comilla,Komila,Komilla,Komille,Kumilla,Kumillā,khu mi l la,komilla,kumilla,kumirra,kwmyla,Комилла,Комилле,کومیلا,कोमिल्ला,কুমিল্লা,คูมิลลา,クミッラ",23.46186,91.18503,P,PPL,BD,,84,2019,201967,20196700,634654,,17,Asia/Dhaka,2026-07-09,Bangladesh,AS,South Asia,0,0,1,1,539,39.928715,90.561424,79.13319,48.097847,31.655972,27.632257,16.903055,12.422715,13.183468,18.36722,32.634415,50.12222,60.848522,0.753886
1185188,Rangpur,Rangpur,"Kotwali,Kotwāli,Mosque Rangpur,RAU,Rangpur,Rangpur City,Rangpuras,Rongpur,lang bu er shi,langpuleu,ragapura,rampura,rangapura,raniግፑri,ranjbwr,ranpuru,rngpwr,rnګpwr,Рангпур,رانجبور,رنګپور,رنگپور,رنگپور شہر,रंगपुर,রংপুর,ਰੰਗਪੁਰ,ራንግፑር,ランプル,朗布尔市,랑푸르",25.74664,89.25166,P,PPLA,BD,,87,5585,558549,55854900,1031388,,36,Asia/Dhaka,2026-04-13,Bangladesh,AS,South Asia,0,0,0,0,590,55.570847,95.98172,88.87856,66.94287,54.809864,44.17567,42.32485,28.347445,29.144354,33.851112,52.173935,63.353752,69.18817,0.7828991
1185241,Dhaka,Dhaka,"DAC,Daaka,Daca,Dacca,Daka,Dakah,Dakk,Dakka,Dakkae,Dakke,Dako,Dakʻa,Deka,Dgaka,Dhaka,Dháka,Dhâkâ,Dəkkə,Mujib City,Ntaka,Ntakka,Tʻakʻa,da ka,daka,dakka,dhaka,dhakka,dka,takka,thaka,Ντάκα,Ντάκκα,Даака,Дака,Даккæ,Дакка,Дакке,Дгака,Դաքա,Դաքքա,Թաքա,דאקא,דאקה,داكا,داکا,دكا,ڈھاکہ,ޑާކާ,ढाका,ঢাকা,ਢਾਕਾ,ઢાકા,ଢାକା,டாக்கா,ఢాకా,ಢಾಕಾ,ഢാക്ക,ඩකා,ธากา,དྷ་ཁ།,ဒါကာမြို့,დაკა,ዳካ,ダッカ,达卡,達卡,다카",23.7104,90.40744,P,PPLC,BD,,81,3026,302640,30264072,10356500,,23,Asia/Dhaka,2026-09-07,Bangladesh,AS,South Asia,1,2,1,2,538,50.396137,108.38951,99.74867,55.554035,37.99486,31.37809,25.629723,18.919756,19.163036,26.800138,48.42151,61.455135,74.471634,0.83888626
1194041,Mohammadpur,Mohammadpur,"Mahammadpur,Mohammadpur,Mohāmmadpur,Mokhammadpur,Muhammadpur,Мохаммадпур",24.89843,88.52844,P,PPL,BD,,83,5064,506469,50646942,527571,,40,Asia/Dhaka,2026-09-14,Bangladesh,AS,South Asia,0,0,0,0,565,59.9404,105.61479,82.7939,65.56465,52.258186,49.951206,49.76958,31.34516,32.052418,33.575558,57.26465,71.917915,88.3484,0.80775636
1200109,Gazipur,Gazipur,"Gazipur,Jaydebpur,Joydebpur,Joydeypur,gajipura,gajipuru,gazipura,gaziፑri,ghazy pwr,ghazybwr,ghazy‌pwr,Газипур,Газіпур,غازي پور,غازيبور,غازی پور,غازی‌پور,गाजीपुर,গাজীপুর,ਗਾਜ਼ੀਪੁਰ,ጋዚፑር,ガジプール",23.99844,90.42234,P,PPLA2,BD,,81,3033,303330,,2674697,,12,Asia/Dhaka,2026-04-16,Bangladesh,AS,South Asia,1,2,1,2,549,50.4694,103.27971,96.60536,59.054707,40.90764,35.385212,28.555696,21.28441,20.966263,27.831667,47.09651,59.548477,68.12931,0.8353708
1205733,Chattogram,Chattogram,"CGP,Cattagram,Caṭṭagrām,Cetagons,Chattogram,Chitagong,Chittagong,Chittagong Ghat,Chottogram,Chytagong,Chôţţogram,Citagaon,Citagong,Citagonga,Citagongas,Citagongo,Cittaqonq,Cottogram,Csittagong,Islamabad,Tsitankon'nk,catagamva,catagrama,catimoግraም,cattagrama,chitagong,chittagon,chytagwng,chټgram,cirragean,cit ta kxng,citagonga,cittagang,cittagonga,cittakon,ji da gang,ji da gang shi,shytaghwngh,shytajwnj,zytgwng,Çitagong,Çittaqonq,Ćottogram,Ĉitagongo,Čattagrám,Čitagonga,Čitagongas,Čitágáon,Čėtagons,Τσιταγκόνγκ,Чаттограм,Читагонг,Читтагонг,Читтаґонґ,Чытагонг,טשיטאגאנג,ציטגונג,شيتاجونج,شيتاغونغ,چٹاگانگ,چټگرام,چیتاگونگ,चटगाँव,चट्टग्राम,चिटागोंग,চট্টগ্রাম,ਚੱਟਗ੍ਰਾਮ,ચિત્તાગોંગ,சிட்டகொங்,చిట్టగాంగ్,ಚಿತ್ತಗಾಂಗ್,ചിറ്റഗോങ്,จิตตะกอง,စစ်တကောင်းမြို့,ჩიტაგონგი,ቻትሞግራም,チッタゴン,吉大港,吉大港市,치타공",22.3384,91.83168,P,PPLA,BD,,84,2015,201541,20154122,3920222,,15,Asia/Dhaka,2026-04-13,Bangladesh,AS,South Asia,0,0,0,0,501,27.70438,61.235752,55.010124,44.38965,28.454306,19.150131,12.8780575,9.581585,9.285081,14.134027,18.879572,25.571806,35.56438,0.6186741
1336135,Khulna,Khulna,"Hulna,Khulna,Khulnâ,Kkhelna,Kkhulna,Kulna,Kulno,Kˌұlna,Xulna,khulana,khwlna,khwlnh,ku er na shi,kulna,kuruna,Кулна,Кхелна,Кхулна,Құлна,خولنا,خولنه,کھلنا,खुलना,খুলনা,ਖੁਲਨਾ,குல்னா,ኁልna,ኁልና,クルナ,库尔纳市,쿨나",22.80979,89.56439,P,PPLA,BD,,82,4047,404751,40475123,1500689,,8,Asia/Dhaka,2026-04-13,Bangladesh,AS,South Asia,0,0,0,0,513,45.84213,101.41559,81.27455,50.140182,29.549582,24.70215,25.868471,16.862904,15.479975,19.169306,38.697445,68.03403,81.025826,0.75798446
7696679,Pallabi,Pallabi,"Pallabi,Паллаби",23.825,90.37,P,PPLX,BD,,81,3026,302640,30264002,597574,,14,Asia/Dhaka,2026-09-14,Bangladesh,AS,South Asia,1,2,1,2,549,50.4694,103.27971,96.60536,59.054707,40.90764,35.385212,28.555696,21.28441,20.966263,27.831667,47.09651,59.548477,68.12931,0.8353708
11395976,Mirpur Model Thana,Mirpur Model Thana,"Mirpur Model Tana,Мирпур Модел Тана",23.80931,90.36093,P,PPLX,BD,,81,3026,302640,30264007,546503,,24,Asia/Dhaka,2026-09-14,Bangladesh,AS,South Asia,1,2,1,2,549,50.4694,103.27971,96.60536,59.054707,40.90764,35.385212,28.555696,21.28441,20.966263,27.831667,47.09651,59.548477,68.12931,0.8353708
2800866,Brussels,Brussels,"An Bhruiseil,An Bhruiséil,BRU,Brasels,Breissel,Brisel,Brisele,Briuselis,Brjuksel,Brjusel',Brjussel',Brueksel,Bruessel,Bruesszel,Bruiseal,Bruksel,Bruksela,Brukseli,Brukselo,Brusehl',Brusel,Brusela,Bruselas,Bruseles,Bruselj,Bruselo,Brusel·les,Brussel,Brussele,Brussels,Brussel·les,Bruxel,Bruxelas,Bruxellae,Bruxelles,Brwsel,Bryssel,Bryusel,Bryxelles,Bréissel,Brüksel,Brüssel,Brüsszel,Citta di Bruxelles,Città di Bruxelles,City of Brussels,Kota Brusel,beulwisel,bi lu xi,braselasa,braselsa,brassels,briuseli,brwksl,brysl,bu lu sai er,buryusseru,Βρυξέλλες,Брисел,Брусэль,Брюксел,Брюсель,Брюссель,Բրյուսել,בריסל,بروكسل,بروکسل,بريۇسسېل,ܒܪܘܟܣܠ,ब्रसेल्स,ব্রাসেলস,บรัสเซลส์,ბრიუსელი,ブリュッセル,布魯塞爾,布鲁塞尔,比律悉,브뤼셀",50.85045,4.34878,P,PPLC,BE,,BRU,BRU,21,,1019022,,28,Europe/Brussels,2024-05-03,Belgium,EU,Europe,16,35,57,83,1491,11.714441,15.022042,15.1567,16.799194,13.876528,9.890861,11.180557,11.477553,10.7059145,7.7680554,10.5606165,8.088751,10.187904,0.20140368
2803138,Antwerp,Antwerp,"ANR,Amberes,Amberis,Amversa,Anberes,Antuairp,Antuerpen,Antuerpia,Antuérpia,Antverpen,Antverpenas,Antverpene,Antverpeno,Antverpens,Antverpia,Antverpy,Antwarp,Antwerp,Antwerpa,Antwerpe,Antwerpen,Antwerpia,Antwerpium,Antwerpn,Antwyrpijo,Antwérp,Anvers,Anversa,Anverse,Anvèrs,Anvérse,Kota Antwerpen,On-thit-vi-phu,amtavarpa,an te wei pu,anteubeleupen,antouerupen,antowapu,antverp,antwrb,antwrp,antwyrb,Ôn-thi̍t-ví-phú,Αμβέρσα,Антверпен,Անտվերպեն,אנטווערפן,אנטוורפן,آنتورپ,أنتويرب,انتورب,انتويرب,انٹیورپ,अँटवर्प,ஆண்ட்வெர்ப்,ആന്റ്‌വെർപ്,แอนต์เวิร์ป,အန့်တွပ်မြို့,ანტვერპენი,アントウェルペン,アントワープ,安特卫普,安特衞普,안트베르펜",51.22047,4.40026,P,PPL,BE,,VLG,VAN,11,11002,529247,,13,Europe/Brussels,2026-06-08,Belgium,EU,Europe,35,39,55,77,1505,11.743592,13.712231,15.85134,17.643682,14.050694,8.977823,11.606945,12.29906,10.799866,7.9108334,9.605915,8.459307,10.243414,0.24558143
2357048,Ouagadougou,Ouagadougou,"Huagadugu,OUA,Ouagadouga,Ouagadougou,Ouankantounkou,Ougadougou,Owagadugu,Uagadougou,Uagadugu,Uagaduguo,Uagadugú,Uaqaduqu,Vagadugu,Waaduu,Wagadugu,Wàadúu,awagadwgw,uagadugu,vagadugu,vakatuku,wa jia du gu,wa ka du ku,wagadougu,wagadugu,wagadwgw,wagadwwgww,waghadwghw,Ουαγκαντουγκού,Ουαγκαντούγκου,Уагадугу,Ուագադուգու,ואגאדוגו,וואגאדוגו,آواگادوگو,اوآگادوگو,اوگاڈوگو,واغادوغو,واگادووگوو,واگادوگو,वागाडुगू,ਵਾਗਾਦੁਗੂ,வாகடூகு,วากาดูกู,ཨོ་འ་ག་དོའུ་གོའུ།,უაგადუგუ,ዋጋዱጉ,ワガドゥグー,瓦加杜古,와가두구",12.36566,-1.53388,P,PPLC,BF,,03,53,,,2415266,,299,Africa/Ouagadougou,2025-06-20,Burkina Faso,AF,Sub-Saharan Africa,0,0,0,0,320,27.232903,59.333065,68.148964,28.985216,24.044165,22.085617,14.056111,10.287635,8.8172035,9.641806,12.022581,22.076387,49.99409,0.25550658
2362344,Bobo-Dioulasso,Bobo-Dioulasso,"BOY,Bobo Dioulasso,Bobo Diulasas,Bobo-Dioulasso,Bobo-Diulaco shaary,Bobo-Diulaso,Bobo-Diulasso,Bobodjulaso,Bɔbɔjulaso,bo bo di wu la suo,bobo-di'ulaso,bobo-diyolaso,bobo-diውlaso,bobodiullaso,bwbw dywlasw,bwbw-dywlasw,bwbwdywlasw,Бобо-Диулаco шаары,Бобо-Диуласо,Бобо-Диулассо,Бобо-Діуласо,بوبو دیولاسو,بوبو-ديولاسو,بوبو-دیؤلاسو,بوبوديولاسو,बोबो-डिउलासो,বোবো-ডিয়োলাসো,ਬੋਬੋ-ਡਿਉਲਾਸੋ,ቦቦ-ዲውላሶ,ボボ・ディウラッソ,博博迪乌拉索,보보디울라소",11.18064,-4.29489,P,PPLA,BF,,09,51,,,904920,,453,Africa/Ouagadougou,2026-04-13,Burkina Faso,AF,Sub-Saharan Africa,0,0,0,0,303,23.641489,45.206715,61.704617,28.238838,24.154026,22.214111,11.624585,8.416264,6.9836025,8.019722,12.131721,21.176802,36.555916,0.21277648
727011,Sofia,Sofia,"SOF,Safija,Serdica,Sofi,Sofia,Sofiae,Sofie,Sofii,Sofij,Sofija,Sofija osh,Sofijo,Sofio,Sofiya,Sofiä,Sofiýa,Sofja,Sofya,Sofía,Soifia,Sophia,Sredets,Suofeje,Suofėjė,Szofia,Szófia,Sòfia,Sófia,Sófía,Sóifia,Ulpia Serdica,cohviya,saphiya,seaphiya,sofeiy,sofi'a,sofia,sophiya,sopia,suo fei ya,swfya,swfyh,swpyh,Σόφια,Сафія,Софи,Софий,София,София ош,Софија,Софія,Софїꙗ,Սոֆիա,סאפיע,סופיה,سوفىيە,سۆفیا,صوفيا,صوفیه,صوفیہ,صوٙفیە,सोफिया,সফিয়া,ਸੋਫ਼ੀਆ,சோஃவியா,സോഫിയ,โซเฟีย,སོ་ཧྥི་ཡ།,სოფია,ሶፊያ,ソフィア,索菲亞,소피아,𐍃𐍉𐍆𐌹𐌰",42.69751,23.32415,P,PPLC,BG,,42,SOF46,,,1152556,,562,Europe/Sofia,2023-09-08,Bulgaria,EU,Europe,2,9,2,11,1192,13.527421,17.918282,19.091814,15.857124,13.245139,11.8707,13.136667,11.093144,10.427018,9.019723,13.1205635,12.526807,15.3611555,0.1728316
425378,Bujumbura,Bujumbura,"BJM,Boujoumboura,Budzumbura,Bujumbura,Bujumburo,Bujumbúra,Buj·umbura,Buyumbura,Buzhumbura,Buzumbura,Buĵumburo,Bużumbura,Bužumbura,Bužumbūra,Bújúmbúra,Bûjûmbûra,Mpouzoumpoura,Usumbura,bajmbwra,bu cum bur a,bu qiong bu la,bu song bu la,bujubura,bujumabura,bujumbula,bujumbura,bujunbura,buzhumbura,bwgwmbwrh,bwjmbwra,bwjwmbra,bwjwmbwra,pucumpura,Μπουζουμπούρα,Бужумбура,Буџумбура,Буҷумбура,Բուժումբուրա,בוגומבורה,בוזשומבורע,باجمبورا,بوجمبورا,بوجومبرا,بوجومبورا,बुजुंबुरा,बुजुम्बुरा,বুজুম্বুরা,ਬੁਜੁੰਬੁਰਾ,ବୁଜୁମବୁରା,புசும்புரா,บูจุมบูรา,བུ་ཇུམ་བུ་ར།,ბუჟუმბურა,ቡጁምቡራ,ブジュンブラ,布松布拉,布琼布拉,부줌부라",-3.38193,29.36142,P,PPLA,BI,,24,12237757,,,769317,,807,Africa/Bujumbura,2026-04-13,Burundi,AF,Sub-Saharan Africa,0,0,0,0,174,23.019188,30.10121,23.854311,17.67164,12.391112,12.244353,23.444029,32.644894,38.452557,29.379028,21.992607,15.491248,18.277287,0.55342907
2394819,Cotonou,Cotonou,"Appi,COO,Catonou,Cotonou,Cotonu,Cotonú,Katanu,Kotonou,Kotonu,Kotonuo,Kutonu,Kútọnu,ji da nu,ke tuo nu,kotonu,kottonau,kwtwnw,qwtwnw,Κοτονού,Катану,Котону,קוטונו,كوتونو,کوتونو,कोतोनू,ਕੋਤੋਨੂ,கொட்டொனௌ,კოტონუ,コトヌー,吉大奴,科托努,코토누",6.36536,2.41833,P,PPLG,BJ,,14,,,,679012,,7,Africa/Porto-Novo,2023-11-29,Benin,AF,Sub-Saharan Africa,0,0,0,0,243,12.20281,30.249598,20.267712,9.873926,8.006804,9.520836,7.594167,11.299462,10.13481,8.467083,9.026612,10.13139,12.17043,0.4064366
3904906,Santa Cruz de la Sierra,Santa Cruz de la Sierra,"Ciudad Santa Cruz,Ciudad de Santa Cruz de la Sierra,SRZ,Santa Cruz,Santa Cruz da Serra,Santa Cruz de la Sierra,Santa Kruz de la Sijera,Santa-Krus-de-la-S'erra,Santa-Krus-de-la-Sierra,Santa-Krus-deh-la-S'era,Santa-Kruzo,sanita kiruዝ de la siyera,santa karuza de la si'era,santa kruja de la siyera,santa kruza di la si'era,santa krwz dy la syra,santa krwz dې la syra,santa krwz dے la syyra,santakurusu,snth qrws dh lh syyrh,Санта Круз де ла Сијера,Санта-Крус-де-ла-Сиерра,Санта-Крус-де-ла-Сьерра,Санта-Крус-де-ла-Сьєрра,Санта-Крус-дэ-ла-Сьера,סנטה קרוס דה לה סיירה,سانتا كروز دي لا سيرا,سانتا کروز دلاسیه‌را,سانتا کروز دې لا سیرا,سانتا کروز دے لا سیئرا,सांता क्रूज़ डी ला सिएरा,সান্তা ক্রুজ দে লা সিয়েরা,ਸਾਂਤਾ ਕਰੂਜ਼ ਦੇ ਲਾ ਸਿਏਰਾ,ሳንታ ክሩዝ ደ ላ ሲየራ,サンタクルス",-17.78629,-63.18117,P,PPLA,BO,,08,,,,1831434,,433,America/La_Paz,2026-04-13,Bolivia,SA,South America,0,0,0,0,107,8.721692,9.892339,4.79628,6.81801,8.334306,6.274732,7.199028,8.296909,8.939114,15.18639,12.451347,8.692779,7.5451612,0.17334677
3911925,La Paz,La Paz,"A Paz,Chukiyawu,Chuqi Yapu,Chuqiyapu,Ciudad La Paz,LPB,La Pas,La Pasas,La Paz,La-Pas,La-Pas shaary,La-Pazo,Lapasa,Nuestra Senora de La Paz,Nuestra Señora de La Paz,Pax,Soukre/La Paz,la ba si,la paja,la pajha,la pas,la pasa,la paz,labaz,lapaja,lapas,lapaseu,lapaz,rapasu,Λα Πας,Σούκρε/Λα Παζ,Ла Паз,Ла Пас,Ла-Пас,Ла-Пас шаары,Լա Պաս,לא פאז,לה פאס,لا پاز,لاباز,لاپاز,ला पाझ,ला पास,লা পাজ,ਲਾ ਪਾਸ,ଲାପାଜ,லா பாஸ்,ലാ പാസ്,ลาปาซ,ლა-პასი,ላፓዝ,ラパス,拉巴斯,라파스",-16.5,-68.15,P,PPLG,BO,,04,,,,2004652,,3782,America/La_Paz,2025-07-19,Bolivia,SA,South America,0,0,0,0,111,4.524728,3.6831987,3.3940475,3.2038982,3.66,5.072312,4.6273623,6.350134,5.441666,6.245278,4.6176076,4.0981946,3.8107524,0.22750312
3919968,Cochabamba,Cochabamba,"CBB,Ciudad Cochabamba,Cochabamba,Kocabamb,Kocabamba,Kochabamba,Kočabamb,Kočabamba,Kuchawampa,Quchapampa,ke qia ban ba,ko cha bam ba,kocabamba,kochabamba,kochabanba,kwchabamba,kwecabaምba,kwtshabamba,qwzbmbh,Кочабамба,קוצבמבה,كوتشابامبا,کوچابامبا,कोचाबम्बा,কোচাবাম্বা,ਕੋਚਾਬਾਂਬਾ,โกชาบัมบา,ཀོ་ཅ་བང་ལྦ་,კოჩაბამბა,ኮቻባምባ,コチャバンバ,科恰班巴,코차밤바",-17.38195,-66.15995,P,PPLA,BO,,02,,,,841276,,2537,America/La_Paz,2026-04-13,Bolivia,SA,South America,0,0,0,0,108,5.71603,5.0016127,5.3002977,4.199463,4.6661115,6.1357527,5.555556,7.787366,6.6940856,7.4816666,6.158064,5.3808336,4.1983867,0.1613922
3386496,Teresina,Teresina,"Poti,THE,Tehrehzina,Teresina,Terezina,Theresina,Therezina,Vila Nova do Poti,te lei xi na,te re si na,telejina,terejina,teresina,trysyna,trzynh,tyrysyna,Терезина,Терезіна,Тэрэзіна,תרזינה,تریسینا,تيريسينا,تیریسینا,ٹrysyna,ٹریسینا,तेरेसीना,টেরেসিনা,ਟੇਰੇਸੀਨਾ,เตเรซีนา,ტერეზინა,ቴሬሲና,テレジーナ,特雷西納,테레지나",-5.08917,-42.80194,P,PPLA,BR,,20,2211001,,,871126,,87,America/Fortaleza,2026-04-13,Brazil,SA,South America,0,0,0,0,166,9.75191,11.036289,8.441667,7.7701607,8.381528,8.742474,7.1884723,6.5658603,8.01801,10.571527,13.156989,12.060833,14.936291,0.17922743
3388368,São Luís,Sao Luis,"Maranham,Maranhao,Maranhão,SLZ,San Luis,San Luisas,San-Luis,Sao Louis,Sao Luis,Sao Luis do Maranhao,Sao Luiz,Sao Luiz de Maranhao,Sao Luiz do Maranhao,Saun Luis,Saun Luís,São Luis,São Luiz,São Luiz de Maranhão,São Luiz do Maranhão,São Luís,São Luís do Maranhão,cavo luyicu,sa'o lu'isa,san-luisi,sanglu-iseu,saw lwys,saw lwyys,saw lwyz,sayw lwyys  maranhaw,saʿo luʿisi,sheng lu yi si,Σάο Λουίς,Сан-Луис,Сан-Луіс,Сан-Луїс,Сао Луис,סאו לואיס,ساؤ لوئیس,ساؤ لوئیس، مارانہاؤ,سائو لوئیس، مارانهاو,ساو لويز,ساو لويس,साओ लुइस,साओ लुईस,সাও লুইস,ਸਾਓ ਲੁਈਸ,சாவோ லூயிசு,სან-ლუისი,ሳኦ ሉኢስ,サン・ルイス,圣路易斯,상루이스",-2.52972,-44.30278,P,PPLA,BR,,13,2111300,,,917237,,29,America/Fortaleza,2026-04-13,Brazil,SA,South America,0,0,0,0,179,6.523424,6.036559,5.21131,4.3827953,4.4527783,6.335753,5.936528,6.7219086,7.018682,8.760695,7.664516,7.498056,8.152419,0.28287238
3390760,Recife,Recife,"Arrecife,Fernambucum,Mauricea,Mauricéa,Pernambuco,REC,Recife,Recifo,Rehsifi,Resife,Resifi,Resifė,hesiphi,hesipi,lei xi fei,li si fei,re sifi,recihpi,reshife,resiphe,resipi,resiፌ,risifi,rsyph,rysyf,rysyfy,Ρεσίφε,Ресифе,Ресифи,Ресіфі,Рэсіфі,Ռեսիֆի,רסיפה,ريسيفي,ریسیف,रिसीफ़ी,रेसिफे,রেসিফে,হেসিফি,ਰੇਸਿਫੇ,ரெசிஃபி,เรซีฟี,რესიფი,ሬሲፌ,レシフェ,李斯腓,累西腓,헤시피",-8.05389,-34.88111,P,PPLA,BR,,30,2611606,,,1653461,,8,America/Recife,2026-04-13,Brazil,SA,South America,0,0,0,0,142,7.519784,8.5786295,7.3080344,6.7857533,6.633333,6.2766137,6.3687496,6.220027,6.720968,9.775556,8.768818,8.325833,8.487634,0.17737871
3394023,Natal,Natal,"NAT,Natal,Natalo,natal,natala,nataru,nataል,netala,Натал,נאטאל,ناتال,नेटाल,নাটাল,ਨਾਤਾਲ,ናታል,ナタル",-5.795,-35.20944,P,PPLA,BR,,22,2408102,,,896708,,32,America/Fortaleza,2026-04-13,Brazil,SA,South America,0,0,0,0,162,7.580719,8.886424,7.16116,6.635484,6.725557,6.502688,6.551805,6.417742,7.1946225,9.732362,8.554973,8.126805,8.464651,0.14422314
3395981,Maceió,Maceio,"MCZ,Macayo,Maceio,Maceió,Macejo,Macelo,Masejas,Masejo,Maseyo,Maçayó,ma sai yue,ma se xo,masayw,mase'i'o,maseio,maseyo,masyw,masyyw,msyw,msyyʼw,myasi'o,Масейо,Масејо,Мацейо,מסייאו,ماسئیو,ماسايو,ماسيو,ماسیو,مسیو,मासेइओ,মাসেইও,ম্যাসিও,ਮਾਸੇਇਓ,มาเซโอ,მასეიო,ማሴዮ,マセイオ,马塞约,마세이오",-9.66583,-35.73528,P,PPLA,BR,,02,2704302,,,1031597,,11,America/Maceio,2026-04-13,Brazil,SA,South America,0,0,0,0,134,8.786608,10.288037,8.918453,7.528092,7.2161107,7.139517,8.108611,8.006316,8.540189,9.905832,9.682392,9.899166,10.218816,0.13113965
3396016,Macapá,Macapa,"MCP,Macapa,Macapá,Makapa,ma ka pa,makaba,makapa,makaፓ,myakapa,Макапá,Макапа,מקאפה,ماكابا,ماکاپا,मकापा,মাকাপা,ম্যাকাপা,ਮਾਕਾਪਾ,มากาปา,მაკაპა,ማካፓ,マカパ,馬卡帕,마카파",0.03889,-51.06639,P,PPLA,BR,,03,1600303,,,512902,,17,America/Belem,2026-04-13,Brazil,SA,South America,0,0,0,0,194,5.374143,6.4607525,6.4443445,4.872447,4.084583,3.7272851,4.258473,4.910618,5.616667,7.57889,6.5518813,5.662917,4.427285,0.22341329
3397277,João Pessoa,Joao Pessoa,"Cidade Felipea,Cidade Felipéa,Fredericia,Frederícia,JPA,Joan-Pesoo,Joao Pessoa,João Pessoa,Parahiba,Parahyba,Paraiba,Paraíba,Zhoao Pesoa,Zhuan-Pesoa,Zhuan-Pessoa,Zoan Pesoa,Zoao Pesoa,co xea pes so xa,ho'ava peso'a,jo'a'o peso'a,joanpesoa,joya'o pesasoya,joya'o pesoya,joʿeʿo ፔsowa,juangpesoa,jwaw byswa,jwaw pswa,jwaw pyswa,ruo ang pei suo a,zhwaw pswa  parayyba,zwʼʼw pswʼh,Ĵoan-Pesoo,Žoan Pesoa,Ζοάο Πεσόα,Жоао Песоа,Жуан-Песоа,Жуан-Пессоа,ז'ואאו פזואה,זואאו פסואה,جوآو پیسوآ,جواو بيسوا,جواو پسوا,جواو پیسوا,ژواو پسوا، پارائیبا,जोआओ पेसोआ,होआव पेसोआ,জোয়াও পেসসোয়া,জোয়াও পেসোয়া,ਜੋਆਓ ਪੇਸੋਆ,โจเอาเปสโซอา,ჟუან-პესოა,ጆአኦ ፔሶዋ,ジョアンペソア,若昂佩索阿,주앙페소아",-7.115,-34.86306,P,PPLA,BR,,17,2507507,,,817511,,45,America/Fortaleza,2026-04-13,Brazil,SA,South America,0,0,0,0,146,7.5052395,8.447447,7.10372,6.635081,6.5244446,6.3415318,6.47111,6.2915306,6.8263435,10.021527,8.747178,8.27,8.384947,0.17803554
3399415,Fortaleza,Fortaleza,"Ceara,Ceará,FOR,Fartaleza,Fortalaetia,Fortaleza,Fortaleza Nova de Braganca,Fortaleza Nova de Bragança,Fortaleza de Nova Braganca,Fortaleza de Nova Bragança,Fortalezae,Fortalezo,f xr tale sa,forutareza,fu ta lei sa,fwrtalyza,fwrtalza,phartalija,phorataleza,phortaleja,phortalejha,poleutalleja,pwrtlzh,Φορταλέζα,Фарталеза,Форталезæ,Форталеза,פורטלזה,فورتالزا,فورتاليزا,فورتالیزا,फोर्टालेजा,फोर्तालेझा,ফর্তালিজা,ফোর্টালেজা,ਫੋਰਟਾਲੇਜ਼ਾ,ฟอร์ตาเลซา,ფორტალეზა,ፎritaleza,ፎርታሌዛ,フォルタレザ,福塔雷萨,福塔雷薩,포르탈레자",-3.71722,-38.54306,P,PPLA,BR,,06,2304400,,,2400000,,18,America/Fortaleza,2026-04-13,Brazil,SA,South America,0,0,0,0,172,7.0115514,7.2150545,6.3007436,5.618548,5.595277,5.997178,5.9520826,5.6463704,6.661424,8.990555,8.546908,8.625278,8.956451,0.14951937
3405870,Belém,Belem,"BEL,Belem,Belem do Para,Belem do Pará,Belemo,Belen,Belena,Belenas,Belém,Belém do Pará,Bethlehem,Para,Pará,Santa Maria de Belem do Grao Para,Santa Maria de Belém do Grão Pará,Vele,Velẽ,bei lun,belem,belema,beleng,beleni,beleም,belleng,beren,blm,bylym,Μπελέμ,Белем,Белен,בלם,بلم,بيليم,بیلیم,बेलेम,বেলেঁ,বেলেম,ਬੇਲੇਮ,เบเลง,ბელენი,ቤሌም,ベレン,贝伦,벨렝",-1.45583,-48.50444,P,PPLA,BR,,16,1501402,,,1499641,,15,America/Belem,2026-04-13,Brazil,SA,South America,0,1,0,1,184,7.2359276,8.446237,5.77753,5.1150527,5.0359726,6.0439515,6.307082,7.5524187,7.7623653,9.529166,8.572043,8.65625,7.9107523,0.3576899
3407669,Ananindeua,Ananindeua,"Ananindeua,a na ning de wa,ananinde-ua,ananinderaa,ananindeua,Ананиндеуа,Ананіндеуа,Անանինդեուա,אננינדאואה,انانین‌دوا، پارا,আনানিন্ডেৱা,アナニンデウア,阿納寧德瓦,아나닌데우아",-1.36556,-48.37222,P,PPL,BR,,16,1500800,,,535547,,19,America/Belem,2026-07-14,Brazil,SA,South America,0,1,0,1,186,6.8027973,7.8553762,5.4846725,4.8831983,4.6256943,5.829301,6.2222223,6.766802,7.1413975,9.04611,8.17043,7.935278,7.5654573,0.38383842
3445831,Uberlândia,Uberlandia,"UDI,Uberlandia,Uberlandija,Uberlândia,ubeleullanjia,uberlandiya,uberuranjia,wu bei lan di ya,xu ber lang deiy,Уберландия,Уберландија,উবের্লান্ডিয়া,อูเบร์ลังเดีย,ウベルランジア,烏貝蘭迪亞,우베를란지아",-18.91861,-48.27722,P,PPL,BR,,15,3170206,,,754954,,867,America/Sao_Paulo,2026-07-14,Brazil,SA,South America,0,0,0,0,104,5.7571697,7.1157255,6.051786,4.35336,5.5251384,5.0942206,5.0670824,6.0500007,5.510215,6.489722,6.713307,5.284583,5.8380375,0.10989711
3447399,Sorocaba,Sorocaba,"SOD,Sorocaba,Sorokaba,solokaba,sorokaba,suo luo ka ba,Сорокаба,সোরোকাবা,ソロカーバ,索羅卡巴,소로카바",-23.50167,-47.45806,P,PPLA2,BR,,27,3552205,,,762172,,602,America/Sao_Paulo,2026-07-13,Brazil,SA,South America,0,0,0,0,82,10.165058,9.940324,10.679017,8.353092,8.14611,10.056317,10.257223,10.578897,10.871639,9.725,10.979435,10.886389,11.503901,0.18372507
3447779,Serra,Serra,"Serra,Серра",-20.12861,-40.30778,P,PPL,BR,,08,3205002,,,520653,,57,America/Sao_Paulo,2025-05-24,Brazil,SA,South America,0,0,0,0,100,11.083789,10.061156,8.894643,10.557931,12.089306,11.807394,14.067639,12.424326,13.972579,10.444444,7.9142475,11.409861,9.268683,0.13391383
3448439,São Paulo,Sao Paulo,"SAO,Sampa,San Paolo,San Paul ed Brasil,San Paulas,San Paulo,San Paulu,San Paulu du Brasili,San Paulu dû Brasili,San Pauluw,San Pawlo,San Polo del Braxil,San Poulo,San Poło del Braxil,San Pàul ëd Brasil,San-Paulo,San-Paulu,San-Paŭlo,Sanpaulu,Sao Paolo,Sao Paulo,Sao Paulo capital,Saun Paulu,Sawo Palo,Sawo Pålo,São Paolo,São Paulo,São Paulo capital,Urbs Paulistana,cavo pavulo,sa'o pa'ulo,sa'o paulo,samu pa'ulu,sangpaollo,sangpaollu,sangpaullo,sangpaullu,sankt. paulos,sanpauro,savea pealea,savo palo,saw bawlw,saw palw,saw pawlw,saw pwlw,saywpaywlw,sea pea lu,sheng bao luo,Σάο Πάολο,Сан Пауло,Сан Паулу,Сан-Паулу,Сан-Паўлу,Сао Паоло,Сао Пауло,Սան Պաուլու,סאו פאולא,סאו פאולו,ساؤ پالو,ساؤ پولو,سائوپائولو,ساو باولو,ساو پاولو,ܣܐܘ ܦܐܘܠܘ,ސައޮ ޕައުލޯ,साओ पाउलो,সাঁউ পাউলু,সাও পাউলো,ਸਾਓ ਪਾਉਲੋ,சாவோ பாவுலோ,శఒ పౌలొ,ಸಾವೊ ಪಾಲೊ,സാവോ പോളോ,เซาเปาลู,ဆောပိုလိုမြို့,სან-პაულუ,ሳው ፓውሉ,サンパウロ,圣保罗,聖保羅,상파올로,상파올루,상파울로,상파울루",-23.5475,-46.63611,P,PPLA,BR,,27,,,,12400232,,769,America/Sao_Paulo,2026-04-13,Brazil,SA,South America,1,1,1,1,83,20.758759,17.90551,22.228422,21.166399,18.707083,23.392473,19.866392,26.576748,22.825003,19.741669,19.523928,19.039724,18.090727,0.28184444
3448636,São José dos Campos,Sao Jose dos Campos,"SJC,SJCampos,SJK,San Zoze dos Kamposas,San Žozė dos Kamposas,San-Zhoze-dus-Kampus,Sao Jose dos Campos,Sao Zhose dos Kampos,Sao Zhoze dos Kampos,Sao jose dos Campos,São José dos Campos,São josé dos Campos,Vale Paraiba,Vale do Paraiba,Vale do Paraíba,sa'o jose dosa kamposa,sangjojeduseukampuseu,sayw khwzh dws kamps,sheng ruo ze duo si kan bo si,Сан-Жозе-дус-Кампус,Сао Жозе дос Кампос,Сао Жосе дос Кампос,سائو خوزه دوس کامپس,সাও জোসে ডোস কাম্পোস,サン・ジョゼ・ドス・カンポス,聖若澤多斯坎波斯,상조제두스캄푸스",-23.17944,-45.88694,P,PPLA2,BR,,27,3549904,,,727078,600,596,America/Sao_Paulo,2026-07-13,Brazil,SA,South America,0,0,0,0,87,10.223581,9.079033,10.876935,9.588844,9.425694,9.748924,9.358334,12.448923,12.390455,10.231807,9.942472,10.214028,9.387096,0.13862397
3449344,São Bernardo do Campo,Sao Bernardo do Campo,"QSB,SBC,SBCampo,San-Bernardo-du-Kampu,Sao Bernardo,Sao Bernardo do Campo,São Bernardo,São Bernardo do Campo,Сан-Бернардо-ду-Кампу",-23.69389,-46.565,P,PPL,BR,,27,3548708,,,840499,,796,America/Sao_Paulo,2026-07-15,Brazil,SA,South America,1,1,1,1,84,20.261892,17.058065,22.559824,20.315727,18.743748,22.460754,19.82375,25.692875,22.470028,18.58153,18.057123,19.004305,18.439514,0.28184444
3449701,Santo André,Santo Andre,"Santo Andre,Santo Andre (Sao Paulo),Santo André,Santo André (São Paulo),Santu-Andre,Санту-Андре",-23.66389,-46.53833,P,PPL,BR,,27,3547809,,,662373,,801,America/Sao_Paulo,2019-09-19,Brazil,SA,South America,1,1,1,1,84,20.261892,17.058065,22.559824,20.315727,18.743748,22.460754,19.82375,25.692875,22.470028,18.58153,18.057123,19.004305,18.439514,0.28184444
3450554,Salvador,Salvador,"Bahia,Baia,Baía,Cidade do Sao Salvador da Bahia de Todos os Santos,Cidade do São Salvador da Bahia de Todos os Santos,SSA,Sal'vador,Salvador,Salvador da Bahia,Salvador de Bahia,Salvador de Bahio,Salvador de Bahía,Salvadora,Salvadoras,Salvadoro,Sao Salvador,Soteropolis,sa er wa duo,sal wad xr,salabhadora,salavadora,salfadwr,salfadwr  bahya,salvadori,salvedora,salvhadora da ba'iya,salwadwr,sarubadoru,saruvuadoru,saubadoleu,saልvadori,slbdwr,slwadwr,Σαλβαδόρ,Салвадор,Сальвадор,סלבדור,سالفادور,سالفادور، باهيا,سالوادور,سلوادور,साल्वेडोर,साल्व्हादोर दा बाईया,সালভাদোর,ਸਾਲਵਾਡੋਰ,ซัลวาดอร์,სალვადორი,ሳልቫዶር,サルバドール,サルヴァドール,萨尔瓦多,사우바도르",-12.97563,-38.49096,P,PPLA,BR,,05,2927408,,,2711840,,4,America/Bahia,2026-04-13,Brazil,SA,South America,0,0,0,0,121,7.901464,9.585888,7.5769343,7.3541665,8.037223,7.1450276,8.897777,7.134409,7.590323,7.5713887,7.4657254,8.449028,8.021775,0.15172462
3451190,Rio de Janeiro,Rio de Janeiro,"Ciutat de Rio de Janeiro,RIO,Rio,Rio De Janeiro,Rio d Janeiro,Rio de Janeiro,Rio de Janeiru,Rio de Janero,Rio de Janeyro,Rio de Janèro,Rio de Janêro,Rio de Zaneiras,Rio de Zaneiros,Rio de Zaneyro,Rio de Zhaneiro,Rio de Zhanejro,Rio de Žaneiras,Rio dé Janéyro,Rio dė Žaneiros,Rio nte Tzaneiro,Rio-de-Janejro,Rio-de-Janeyro,Rio-de-Zaneiro,Rio-de-Zanejro,Rio-de-Zaneyro,Rio-de-Zhanejro,Rio-de-janeiro,Rio-de-Ĵanejro,Rio-de-Žaneiro,Rio-de-Žaneýro,Riodezaneiro,Riodežaneiro,Riu de Janeiro,Riu de Janeiru,Riviethe de Janvyi,Riviéthe dé Janvyi,Rya-deh-Zhanehjra,Río de Janeiro,Sao Sebastiao do Rio de Janeiro,São Sebastião do Rio de Janeiro,Urbs Fluminensis,iriyo ti ceniro,li yue re nei lu,liudejaneilu,rath ri xode ca ne ro,ri xode ca ne ro,ri'o di janero,ri'o di jeneri'o,ri'o di jeniro,rio-de-zhaneiro,riodejaneiro,rios. dis. djaneiros,riyea di janirea,riyo di janairo,riyo di janero,riyo di jeneriyo,riyo di jenero,riyo di jyaneriyo,ryw dh znyyrw,ryw dw zhanyrw,ryw dwzhanyrw,ryw dy janyrw,Ρίο ντε Τζανέιρο,Рио де Жанеиро,Рио де Жанейро,Рио де Жанејро,Рио-де-Жанейро,Рыа-дэ-Жанэйра,Ріо де Жанейро,Ріо-де-Жанейро,Ռիո դե Ժանեյրո,ריא דע זשאנערא,ריו דה זניירו,ريو دى جانيرو,ريو دي جانيرو,ریو دو ژانیرو,ریو دوژانیرو,ریو دے جینیرو,ریو ڈی جینرو,ڕیۆ دێ ژانێرۆ,रियो डि जेनेरो,रियो दि जानेरो,रियो दि ज्यानेरियो,रियो दी जेनेरियो,রিও ডি জেনিরো,রিও দি জেনেরিও,ਰਿਓ ਡੀ ਜਨੇਰੋ,இரியோ டி செனீரோ,ರಿಯೋ ಡಿ ಜನೈರೊ,റിയോ ഡി ജനീറോ,รัฐรีโอเดจาเนโร,รีโอเดจาเนโร,རིའོ་ཌེ་ཇ་ནེའུ་རའོ།,ရီယို ဒီ ဂျီးနေးရိုးမြို့,რიო-დე-ჟანეირო,ሪዮ ዴ ጃኔይሮ,リオデジャネイロ,里約熱內盧,里约热内卢,리우데자네이루",-22.90642,-43.18223,P,PPLA,BR,,21,3304557,,,6747815,,12,America/Sao_Paulo,2026-04-13,Brazil,SA,South America,11,11,11,11,90,18.77097,20.830513,15.401192,16.677685,18.75361,19.21438,19.454859,23.54543,21.62151,16.785418,15.955511,19.502083,17.164383,0.18007338
3451328,Ribeirão Preto,Ribeirao Preto,"Entre Rios,RAO,Ribeiran Pretas,Ribeirao,Ribeirao Preto,Ribeirão,Ribeirão Preto,Ribejran-Pretu,Ribejrao Preto,hibeilangpeuletu,li bei lang pu lei tu,ribe'ira'o preto,Рибейран-Прету,Рибейрао Прето,Рибејрао Прето,Рібейран-Прету,রিবেইরাও প্রেটো,リベイラン・プレト,里貝朗普雷圖,히베이랑프레투",-21.1775,-47.81028,P,PPLA2,BR,,27,3543402,,,698642,,554,America/Sao_Paulo,2026-07-13,Brazil,SA,South America,0,0,0,0,93,33.701015,38.213177,32.305058,23.74032,24.015833,21.476074,32.455555,32.11774,29.890726,29.590834,31.78441,44.974586,63.591133,0.11680234
3452925,Porto Alegre,Porto Alegre,"POA,Porto Alegre,Porto Alegri,Porto Alegrė,Porto Alenkre,Porto de Sao Francisco dos Casaes,Porto-Alegro,Portu-Alegre,Portu-Alegri,Portu-Alegry,Portualegri,Portus Alacer,Puerto Alegre,Pôrto de São Francisco dos Casaes,a lei ge li gang,bwrtw alyghry,parto alegre,poleutuallegeuli,porato alegare,porto alegre,portu alegri,pwrtw algrh,pwrtw alygry,Πόρτο Αλέγκρε,Порто Алегре,Порто Алегри,Порту-Алегре,Порту-Алегри,Порту-Алегры,Порту-Алегрі,פורטו אלגרה,بورتو أليغري,پورتو الگره,پورتو الیگري,پورتو الیگرے,पोर्टो अलेग्रे,पोर्तू अलेग्री,পর্টো আলেগ্রে,পোর্তো আলেগ্রে,ਪੋਰਟੋ ਅਲੇਗਰੇ,პორტუ-ალეგრი,ፖrito ʿeleግre,ፖርቶ አለግሬ,ポルト・アレグレ,阿雷格里港,포르투알레그리",-30.03283,-51.23019,P,PPLA,BR,,23,4314902,,,1488252,,46,America/Sao_Paulo,2026-04-13,Brazil,SA,South America,0,0,0,0,54,10.830702,7.988306,10.01369,10.071909,10.782779,13.542205,13.266666,14.861425,11.399732,10.326389,9.10753,8.578193,9.938711,0.120673336
3455775,Osasco,Osasco,"Osasku,QOC,Осаску",-23.5325,-46.79167,P,PPL,BR,,27,3534401,,,728615,,750,America/Sao_Paulo,2026-07-17,Brazil,SA,South America,1,1,1,1,83,20.758759,17.90551,22.228422,21.166399,18.707083,23.392473,19.866392,26.576748,22.825003,19.741669,19.523928,19.039724,18.090727,0.25073218
3456160,Nova Iguaçu,Nova Iguacu,"Nova Iguacu,Nova Iguassu,Nova Iguassú,Nova Iguasu,Nova Iguaçu,Nova Iguaçú,Nova-Iguasu,nobaiguasu,nobha iguraaku,nova-iguasu,novha igvasu,xin yi gua su,Нова Игуасу,Нова-Ігуасу,Нова-Игуасу,नोव्हा इग्वासु,নোভা ইগুৱাকু,ნოვა-იგუასუ,ノヴァ・イグアス,新伊瓜蘇,노바이구아수",-22.75917,-43.45111,P,PPLA2,BR,,21,3303500,,,843046,,36,America/Sao_Paulo,2026-07-13,Brazil,SA,South America,7,7,11,11,89,21.003824,24.63011,21.647465,20.076344,18.997639,18.738977,20.665554,24.590725,21.350403,18.389584,18.911016,20.315695,23.612501,0.19897686
3456283,Niterói,Niteroi,"Nictheroi,Nictheroy,Niteroi,Niteroj,Niterói,Vila Real da Praia Grande,Villa Real da Praia Grande,niteroi,Нитерой,ニテロイ",-22.88333,-43.10361,P,PPL,BR,,21,3303302,,,515317,,44,America/Sao_Paulo,2026-07-15,Brazil,SA,South America,10,10,11,11,90,18.77097,20.830513,15.401192,16.677685,18.75361,19.21438,19.454859,23.54543,21.62151,16.785418,15.955511,19.502083,17.164383,0.18007338
3458449,Londrina,Londrina,"LDB,Londrina,londeulina,londrina,long de li na,lwndryna,rondorina,Лондрина,لوندرينا,لوندرینا,লোন্ড্রিনা,ロンドリーナ,隆德里納,론드리나",-23.31028,-51.16278,P,PPLA2,BR,,18,4113700,,,581382,,605,America/Sao_Paulo,2026-07-13,Brazil,SA,South America,0,0,0,0,86,12.031392,11.892204,10.375894,9.012365,9.036805,8.382527,11.274723,9.804437,12.176882,11.435,15.702955,17.25097,17.899864,0.11683708
3459505,Juiz de Fora,Juiz de Fora,"JDF,Juiz de Fora,Zhuis-di-Fora,Zhuiz de Fora,Zhuiz di Fora,Zhuiz-di-Fora,Zuis de Fora,chwis di f xra,ju'ija de phora,ju-iseujipola,ru yi si di fu la,Žuis de Fora,Жуиз де Фора,Жуиз ди Фора,Жуис-ди-Фора,Жуїз-ді-Фора,জুইজ ডে ফোরা,ชวีซ์ดีฟอรา,ジュイス・デ・フォーラ,茹伊斯迪福拉,주이스지포라",-21.76417,-43.35028,P,PPLA2,BR,,15,3136702,,,540756,,707,America/Sao_Paulo,2026-07-13,Brazil,SA,South America,0,0,0,0,92,7.7788386,7.537231,6.181398,6.670699,7.4798613,7.6782255,7.9395833,10.664113,9.183738,7.84889,7.852151,7.406945,6.7344084,0.13338496
3459712,Joinville,Joinville,"JOI,Joinville,Zhoinvile,Zhoinvili,Zhojnvili,Zoinvilis,jo'inabhilale,join'vuire,joinbilli,ruo yin wei lai,zwynwwyly,Žoinvilis,Жоинвиле,Жоинвили,Жойнвили,זוינווילי,জোইনভিললে,ジョインヴィレ,若茵维莱,조인빌리",-26.30444,-48.84556,P,PPL,BR,,26,4209102,,,664500,,9,America/Sao_Paulo,2026-07-14,Brazil,SA,South America,0,0,0,0,72,9.749599,8.306048,8.410119,7.5833325,8.041249,9.411022,10.863333,12.350269,14.173388,11.070416,9.48656,8.320972,8.82621,0.18729897
3461786,Guarulhos,Guarulhos,"GRU,Guarul'jus,Guarulhos,QCV,Гуарульюс",-23.46278,-46.53333,P,PPL,BR,,27,3518800,,,1345364,,774,America/Sao_Paulo,2026-07-14,Brazil,SA,South America,1,1,1,1,84,20.261892,17.058065,22.559824,20.315727,18.743748,22.460754,19.82375,25.692875,22.470028,18.58153,18.057123,19.004305,18.439514,0.21297066
3462377,Goiânia,Goiania,"Ciutat de Goiania,Ciutat de Goiânia,GYN,Goiana,Goiania,Goianá,Goiânia,Gojani,Gojanija,Gojas,Goyania,Goyaniya,gayaniya,ge ya ni ya,ghwyanya,go'anni'a,go'iyaniya,goiania,goyaniya,gwyanya,gwyyanya,jwyanya,ko ya neiy,Гойас,Гояни,Гояния,Гоянія,Гојанија,גואיאניה,جويانيا,غويانيا,گوئیانیا,گویانیا,गोयानिया,গয়ানিয়া,গোইয়ানিয়া,ਗੋਆਂਨੀਆ,โกยาเนีย,გოიანია,ጎያኒያ,ゴイアニア,戈亚尼亚,고이아니아",-16.67861,-49.25389,P,PPLA,BR,,29,5208707,,,1536097,,766,America/Sao_Paulo,2026-04-13,Brazil,SA,South America,0,0,0,0,109,6.7386847,8.398656,7.4101205,7.1603494,7.6577773,5.7504034,5.6722217,5.135618,4.9334683,7.644167,6.8677425,6.920417,7.4086027,0.12896696
3463237,Florianópolis,Florianopolis,"Destero,Desterro,FLN,Florianopolis,Florianópolis,Florijanopolis,Floripa,Florjanopolisa,Nossa Senhora do Desterro,Nossa Senhora do Destêrro,Santa Catherina,flwryanwbwlys,flwryanwplys,flwryanwpwls,flwryanwpwlys,flwrynwpwls,fol reiyn x polis,fu luo li ya nuo bo li si,furorianoporisu,peullolianopolliseu,phalori'anopolisa,phlori'anopolisa,phloriyanopolisa,Флорианополис,Флоријанополис,Флоріанополіс,פלוריאנופוליס,فلوريانوبوليس,فلوريانوپوليس,فلوریانوپلیس,فلوریانوپولس,فلورینوپولس,फ्लोरिआनोपोलिस,ফ্লোরিয়ানোপোলিস,ਫਲੋਰਿਆਨੋਪੋਲਿਸ,โฟลเรียนอโปลิส,ფლორიანოპოლისი,ፍloriyanoፖlisi,ፍሎሪያኖፖሊስ,フロリアノーポリス,弗洛里亚诺波利斯,플로리아노폴리스",-27.59667,-48.54917,P,PPLA,BR,,26,4205407,,,508826,,26,America/Sao_Paulo,2026-04-13,Brazil,SA,South America,0,1,0,1,65,7.979238,7.445833,7.82381,7.2139783,6.375834,7.41801,7.5370836,8.662366,9.521369,8.6181965,8.899059,8.287362,7.8974466,0.16493331
3463478,Feira de Santana,Feira de Santana,"FEC,Feira,Feira De Saint Anna,Feira de Sant'Anna,Feira de Santana,Fejra di Santana,Fejra-de-Santana,Fejra-di-Santana,fei la di sheng an na,peilajisantana,phe'ira de santana,Феира де Сантана,Фейра ди Сантана,Фейра-де-Сантана,Фейра-ди-Сантана,ফেইরা ডে সান্টানা,ფეირა-დი-სანტანა,フェイラ・デ・サンタナ,費拉迪聖安娜,페이라지산타나",-12.26667,-38.96667,P,PPL,BR,,05,2910800,,,616272,,223,America/Bahia,2026-07-14,Brazil,SA,South America,0,0,0,0,126,7.524899,9.324732,7.1641364,6.9784946,6.666112,5.856721,7.7149987,6.4184146,7.638978,8.124861,7.66828,8.14,8.5857525,0.20734204
3464374,Duque de Caxias,Duque de Caxias,"Caxias,Duke de Kashijas,Duke de Kasijasas,Duke de Kašijasas,Duki di Kashias,Duki di Kasias,Duki-di-Kashias,QDQ,duki ci ka cheiy s,dukijikasiaseu,dukuye de kaksa'iyasa,dwky dy kashys  ryw dw zhanyrw,dwq dy kaksyas,ka xi ya si gong jue cheng,Дуке де Кашијас,Дуки ди Кашиас,Дуки-ди-Кашиас,Դուկի դի Կաշիաս,دوق دي كاكسياس,دوکی دی کاشیس، ریو دو ژانیرو,ডুকুয়ে ডে কাক্সইয়াস,ดูกีจีกาเชียส,დუკი-დი-კაშიასი,ドゥケ・デ・カシアス,卡希亞斯公爵城,두키지카시아스",-22.78556,-43.31167,P,PPL,BR,,21,3301702,,,866347,,15,America/Sao_Paulo,2026-07-14,Brazil,SA,South America,11,11,11,11,90,18.77097,20.830513,15.401192,16.677685,18.75361,19.21438,19.454859,23.54543,21.62151,16.785418,15.955511,19.502083,17.164383,0.19897686
3464975,Curitiba,Curitiba,"CWB,Corityba,Curitiba,Curityba,Curytiba,Kouritiba,Kouritimpa,Kuritib,Kuritiba,Kuritibae,Kuritibo,Kuritiwa,Kuritiyba,Kuriytyva,Kuriytýva,Kuriṭiba,Kuryciba,Kurytyba,Kùrìtíbà,gu li ti ba,ku li qi ba,ku ri ti ba,kulichiba,kurichiba,kuritcibas,kuritiba,kuritipe,kwrytyba,qwrytybh,Κουριτίμπα,Коуритиба,Куритибæ,Куритиба,Курытыба,Курыціба,Կուրիտիբա,קוריטיבא,קוריטיבה,كوريتيبا,کوریتیبا,ܩܘܪܝܛܝܒܐ,कुरितिबा,কুরিটিবা,কুরিতিবা,ਕੁਰੀਤੀਬਾ,குரிடிபே,కురితీబా,ಕುರಿಟಿಬ,กูรีตีบา,კურიტიბა,ኩሪቺባ,ᎫᎵᏘᎦ,クリチバ,古里提巴,庫里奇巴,쿠리치바,𐌺𐌿𐍂𐌹𐍄𐌹𐌱𐌰",-25.42778,-49.27306,P,PPLA,BR,,18,4106902,,,1948626,,924,America/Sao_Paulo,2026-04-13,Brazil,SA,South America,0,0,0,0,76,9.110943,7.16949,7.840476,7.4733863,9.387778,9.321102,8.398333,12.491264,12.884407,9.813195,6.9565845,7.8712506,9.569757,0.1826105
3465038,Cuiabá,Cuiaba,"CGB,Cuiaba,Cuiabá,Culaba,Cuyaba,Cuyabá,Kouiampa,Kujaba,Kuyaba,Vila Real do Senhor Bom Jesus de Cuiaba,Vila Real do Senhor Bom Jesus de Cuiabá,ku ya ba,ku'i'aba,ku'iyaba,ku-iaba,kuiaba,kuyaba,kwyaba,kwyyaba,Κουιαμπά,Куяба,Кујаба,קויאבה,كويابا,کوئیابا,کویابا,कुइआबा,कुयाबा,কুইয়াবা,কুয়াবা,ਕੁਯਾਬਾ,กุยาบา,კუიაბა,ኩያባ,クイアバ,库亚巴,쿠이아바",-15.59611,-56.09667,P,PPLA,BR,,14,5103403,,,618124,,193,America/Cuiaba,2026-04-13,Brazil,SA,South America,0,0,0,0,113,7.6670403,8.063978,6.7702374,7.2979846,6.8933334,6.254032,6.52125,5.702017,6.6802416,12.486391,10.579167,7.2602777,7.489247,0.12548958
3465624,Contagem,Contagem,"Kontazhen,kong ta ren,kontagema,kontajen,kontajeng,Контажен,কোন্টাগেম,コンタジェン,孔塔任,콘타젱",-19.93167,-44.05361,P,PPL,BR,,15,3118601,,,627123,,945,America/Sao_Paulo,2012-08-03,Brazil,SA,South America,0,0,0,0,99,8.298691,8.059946,6.771726,7.535081,9.301945,8.911022,9.034583,9.240321,8.886157,7.9358344,8.523926,8.29111,6.988979,0.176988
3467747,Campo Grande,Campo Grande,"CGR,Campo Grande,Campus Magnus,Kampo Grande,Kampo Grandi,Kampo Grandė,Kampu-Grande,Kampu-Grandi,Kampu-Grandy,ge lan de ying,kaimpo grande,kambw ghrandy,kampo grande,kampugeulanji,kampwgrandh,kang pu krang ci,kaምፖ ግranide,kmpw grynڈے,kyampo grande,kympw grandے,kʼampʼu-grandi,qmpw grʼndh,Кампо Гранде,Кампо Гранди,Кампу-Гранде,Кампу-Гранди,Кампу-Гранды,Кампу-Гранді,קמפו גראנדה,كامبو غراندي,کامپوگرانده,کمپو گرینڈے,کیمپو گراندے,कैंपो ग्रांडे,কাম্পো গ্রান্ডে,ক্যাম্পো গ্রান্ডে,ਕੈਂਪੋ ਗ੍ਰਾਂਡੇ,กังปูกรังจี,კამპუ-გრანდი,ካምፖ ግራንዴ,カンポ・グランデ,格蘭德營,캄푸그란지",-20.44278,-54.64639,P,PPLA,BR,,11,5002704,,,906092,,592,America/Campo_Grande,2026-04-13,Brazil,SA,South America,0,0,0,0,98,4.8593163,5.962634,4.07247,4.8708334,4.966944,3.108602,4.191806,3.6879032,4.130243,5.778333,7.806318,4.275972,5.3763433,0.116871685
3467865,Campinas,Campinas,"CPQ,Campinas,Campinas e Regiao,Campinas e Região,Conceicao de Campinas,Conceição de Campinas,Kampinas,Kampinasas,Kampino,Regiao de Campinas,Região de Campinas,kamapinasa,kambynas,kampinaseu,kan pi na si,kanpinasu,kmpynas,Кампинас,Кампінас,קמפינאס,كامبيناس,کمپیناس,কামপিনাস,კამპინასი,カンピーナス,坎皮纳斯,캄피나스",-22.90556,-47.06083,P,PPL,BR,,27,3509502,,,1031554,,686,America/Sao_Paulo,2021-09-19,Brazil,SA,South America,0,0,0,0,88,17.073818,19.816938,16.428423,13.3539,13.699027,13.672716,16.196388,18.111961,17.608873,15.4608345,17.554974,20.746252,22.102285,0.12019497
3469058,Brasília,Brasilia,"BSB,Bahsihleihya,Brasilia,Brasiliopolis,Brasilía,Brasília,Braxilia,Braxiłia,Braxìlia,Brazileje,Brazilia,Braziliavaros,Brazilija,Brazilija shaary,Brazilja,Braziljo,Brazilėjė,Brazília,Brazíliaváros,Breselya,Bràsílíà,Mprazilia,ba xi li ya,beulajillia,bra si leiy,brajhiliya,brasili'a,brasiliya,brasylya,brazili'a,brazilia,brazylya,bresiliya,brzylyh,burajiria,byrazylya,piraciliya,Μπραζίλια,Бразилиа,Бразилия,Бразилия шаары,Бразилија,Бразиліа,Бразілія,Ҳавзаи федералии Бразилиа,Բրազիլիա,בראזיליא,ברזיליה,بئرازیلیا,برازيليا,برازیلیا,برازیلیہ,براسیلیا,بەڕازیلیا,ބްރަސީލިއާ,ब्रसिलिया,ब्राझिलिया,ब्रासीलिया,ব্রাসিলিয়া,ਬ੍ਰਾਜ਼ੀਲੀਆ,ବ୍ରାସିଲିଆ,பிரசிலியா,ಬ್ರೆಸಿಲಿಯಾ,ബ്രസീലിയ,บราซีเลีย,པུ་རུ་ཟི་ལི་ཡ།,ဘရာစေးလေးယားမြို့,ბრაზილია,ብራዚሊያ,ブラジリア,巴西利亚,巴西利亞,브라질리아",-15.77972,-47.92972,P,PPLC,BR,,07,5300108,,,2207718,,1136,America/Sao_Paulo,2024-06-29,Brazil,SA,South America,0,0,0,0,114,6.301655,8.163979,5.817708,5.745162,7.5644445,4.6665335,4.3880553,4.4192204,4.761827,7.9212503,7.251881,6.8679166,8.05457,0.16234514
3470127,Belo Horizonte,Belo Horizonte,"B.H.,BH,BHZ,Bel-Horizonto,Bello Horizonte,Belo Horizonte,Belo Horizontė,Belo Hte,Belo Khorizonte,Belo Orizonte,Belo Orizonti,Belu Orizonti,Belu-Aryzonty,Belu-Orizonti,Bhte,Cidade de Minas,Urbs Pulchri Horizontis,bailo orizonti,bei luo ao li cang te,belluolijonchi,belo hora'ijanta,belo horijhonte,belo horijonte,belo horizonite,belo xo ri sxn chi,beroorizonchi,beroorizonte,blw hwryzwnth,bylw afq,bylw hwryzwnty,bylw ہwrayzwnٹے,pelo aricanc,Μπέλο Οριζόντε,Бело Оризонте,Бело Оризонти,Бело Хоризонте,Белу-Арызонты,Белу-Оризонти,Белу-Оризонті,בלו הוריזונטה,بلو هوریزونته,بيلو أفق,بيلو هوريزونتي,بیلو ہورائزونٹے,بیلو ہوریزونتے,बेलो होरिजोंटे,बेलो होरिझोन्ते,বেলো হোরাইজন্ট,বেলো হোরিজোন্টে,ਬੈਲੋ ਓਰੀਜ਼ੋਂਤੀ,பெலோ அரிசாஞ்ச்,เบโลโอรีซอนชี,ბელუ-ორიზონტი,ቤሎ ሆሪዞንቴ,ベロオリゾンチ,ベロオリゾンテ,貝洛奥里藏特,贝洛奥里藏特,벨루오리존치",-19.92083,-43.93778,P,PPLA,BR,,15,3106200,,,2721564,888,872,America/Sao_Paulo,2026-04-13,Brazil,SA,South America,0,0,0,0,99,8.298691,8.059946,6.771726,7.535081,9.301945,8.911022,9.034583,9.240321,8.886157,7.9358344,8.523926,8.29111,6.988979,0.18330039
3470142,Belford Roxo,Belford Roxo,"Belford Rosho,Belford Roxo,Belford-Roshu,bei er fu luo shu,belaphorda rokso,Белфорд Рошо,Белфорд-Рошу,বেলফোর্ড রোক্সো,ベルフォード・ロッショ,貝爾福羅舒",-22.76417,-43.39944,P,PPL,BR,,21,3300456,,,518384,,22,America/Sao_Paulo,2026-07-14,Brazil,SA,South America,7,7,11,11,90,18.77097,20.830513,15.401192,16.677685,18.75361,19.21438,19.454859,23.54543,21.62151,16.785418,15.955511,19.502083,17.164383,0.19897686
3471872,Aracaju,Aracaju,"AJU,Aracaju,Arakazhu,Arakazu,Arakažu,Arasazhu,a la ka ru,alakaju,arakaju,arakajw,ayarakaju,xa ra ka cu,ʼrʼqzw,ʿerakaጁ,Аракажу,Арасажу,אראקזו,آراکاجو,أراكاجو,اراکاجو,अराकाजु,অ্যারাকাজু,আরাকাজু,ਅਰਾਕਾਜੂ,อารากาจู,არაკაჟუ,አራካጁ,アラカジュ,阿拉卡茹,아라카주",-10.91111,-37.07167,P,PPLA,BR,,28,2800308,,,664908,,11,America/Maceio,2026-04-13,Brazil,SA,South America,0,0,0,0,131,6.9145527,9.127688,6.494643,5.296102,5.472779,7.859004,6.139583,5.5321236,6.3045707,7.1145835,7.166264,8.085417,8.313978,0.14466508
3662762,Porto Velho,Porto Velho,"PVH,Porto Vel'o,Porto Velho,Porto Veljas,Porto Velo,Porto Velyo,Portu-Vel'ju,Portu-Velju,Pôrto Velho,Velho,bwrtw falyw,bwrtw fylyw,parto bhelaho,poleutubellyu,por tu wel yu,porato velo,porto bhel'ho,porto vel'ho,pwrtw wlyw,pwrٹw wylہw,wei liu gang,Порто Вельо,Порто Вељо,Порту-Велью,Порту-Велю,פורטו ולאהו,פורטו וליו,بورتو فاليو,بورتو فيليو,پورتو ولیو,پورتو ویلہو,پورٹو ویلہو,पोर्टो वेल्हो,পর্টো ভেলহো,পোর্তো ভেল্হো,ਪੋਰਟੋ ਵੇਲ਼ੋ,โปร์ตูเวลยู,პორტუ-ველიუ,ፖrito veልhiyo,ፖርቶ ቬልህዮ,ポルト・ヴェーリョ,韋柳港,포르투벨류",-8.76194,-63.90389,P,PPLA,BR,,24,1100205,,,548952,,90,America/Porto_Velho,2026-04-13,Brazil,SA,South America,0,1,0,1,136,9.806027,8.827284,8.501783,7.9712358,7.335,7.372043,9.329584,10.263306,14.137634,13.907776,11.15363,9.612917,9.16492,0.25015956
3663517,Manaus,Manaus,"Barra do Rio Negro,MAO,Manaos,Manaus,Manauso,Manaŭso,Manos,Manáos,ma nao si,mana'usa,manausu,manaws,manaውsi,mnaws,Манаус,Манаўс,מנאוס,ماناوس,مناؤس,مناوس,मनाउस,মানাউস,ਮਾਨਾਉਸ,ማናውስ,マナウス,马瑙斯",-3.10194,-60.025,P,PPLA,BR,,04,1302603,,,2219580,,20,America/Manaus,2026-04-13,Brazil,SA,South America,0,1,0,1,173,10.653839,11.351884,9.712501,8.994488,8.754166,8.783198,8.938749,10.643549,11.318953,13.601805,14.117472,13.183749,8.414517,0.2672212
6316406,Aparecida de Goiânia,Aparecida de Goiania,"Aparesida de Gojanija,Aparesida di Gojanija,Aparesida-di-Gojanija,a pa lei xi da di ge ya ni ya,aparesida de go'iyaniya,Апаресида де Гојанија,Апаресида ди Гояния,Апаресида-ди-Гояния,আপারেসিডা ডে গোইয়ানিয়া,アパレシダ・デ・ゴイアニア,阿帕雷西達迪戈亞尼亞",-16.82333,-49.24389,P,PPL,BR,,29,5201405,,,527796,,829,America/Sao_Paulo,2026-07-14,Brazil,SA,South America,0,0,0,0,109,6.7386847,8.398656,7.4101205,7.1603494,7.6577773,5.7504034,5.6722217,5.135618,4.9334683,7.644167,6.8677425,6.920417,7.4086027,0.12888862
6317344,Jaboatão dos Guararapes,Jaboatao dos Guararapes,"Zhaboatan-dus-Guararapis,Zhaboatao dos Guararapis,Zhaboatao dos Gvararapes,Zhabuatan-dus-Guararapis,jaboatangduseugualalapeseu,jaboraata'o dosa guraararapesa,re bo a tao,Жабоатан-дус-Гуарарапис,Жабоатао дос Гварарапес,Жабоатао дос Гуарарапис,Жабуатан-дус-Гуарарапіс,জাবোৱাটাও ডোস গুৱারারাপেস,ジャボアタン・ドス・グアララペス,熱博阿陶,자보아탕두스구아라라페스",-8.11278,-35.01472,P,PPLA2,BR,,30,2607901,,,644037,,48,America/Recife,2025-05-29,Brazil,SA,South America,0,0,0,0,141,12.522204,18.48441,12.961458,10.44301,10.130279,8.420027,9.338056,8.236828,10.445832,12.989305,13.369757,17.235003,18.242203,0.19517975
625144,Minsk,Minsk,"MSQ,Mins'k,Minsc,Minscum,Minsk,Minsk osh,Minska,Minskaj,Minskas,Minsko,Minszk,Mińsk,Myensk,Myenyesk,Mînsk,ming si ke,ming si ke shi,minseukeu,minsk,minsuku,min‍s‍ka,mnsk,mynsk,mynsq,mynysky,Μινσκ,Минск,Минск ош,Минскай,Мінск,Мінськ,Мѣньскъ,Մինսկ,מינסק,منسک,مىنىسكى,مينسك,مینسک,मिन्‍स्‍क,மின்ஸ்க்,ಮಿನ್ಸ್ಕ್,മിൻസ്ക്,มินสก์,མིན་སིཀ།,მინსკი,ミンスク,明斯克,明斯克市,민스크",53.90019,27.56653,P,PPLC,BY,,04,,,,1742124,,222,Europe/Minsk,2025-11-01,Belarus,EU,Europe,0,0,0,0,1596,9.336107,7.1194897,14.645835,13.143817,7.914445,8.127149,12.146528,10.3862915,8.409814,7.1025,7.949596,9.05486,6.5104837,0.20057711
627907,Homyel',Homyel',"GME,Gomel,Gomel',Gomela,Gomelis,Gomelj,Gomeļa,Gómel,Homel,Homel',Homelj,Homeľ,Homiel,Homyel,Homyel',Homyel’,Hòmiel,ge mei li,ghwmyl,gomela,gomeል,gwml,gwmyl,homel,homeri,hwml,komel,kx mel,Γόμελ,Гомел,Гомель,Гомељ,Гомєль,הומל,غوميل,ګwml,ګومل,گومل,گوميل,गोमेल,গোমেল,ਗੋਮੇਲ,கோமெல்,กอเมล,ጎሜል,ホメリ,戈梅利,호멜",52.4345,30.9754,P,PPLA,BY,,02,,,,501193,,138,Europe/Minsk,2026-07-09,Belarus,EU,Europe,0,0,0,0,1555,8.167979,5.970296,11.753424,11.509139,6.506805,8.537231,12.181946,8.924731,7.1400533,5.2183332,7.1638436,7.0826397,6.320027,0.21691127
5907364,Brampton,Brampton,"Brampton,Bramptonas,Bramptono,Bramptun,XPN,baraimpatana,beulaemteon,braimpatana,brambtwn,bramptan,bramtana,bremptana,brmptwn  antaryw,bu lan pu dun,buranputon,piramptan,Брамптон,Брамптън,برامبتون,برامپٹن، انٹاریو,برمپتون، انتاریو,بریمپٹن,ब्राम्टन,ब्रैंपटन,ਬਰੈਂਪਟਨ,બ્રેમ્પ્ટન,பிராம்ப்டன்,బ్రాంప్టన్,ബ്രംപ്ടൺ,බ්‍රැම්ටන්,ブランプトン,布兰普顿,브램턴",43.68341,-79.76633,P,PPL,CA,,08,3521,2110,,656480,,221,America/Toronto,2026-08-02,Canada,NA,North/Central America,5,6,13,32,1217,11.389608,6.851478,11.915772,10.297848,11.571528,11.939246,19.515833,15.479973,14.367339,13.475139,7.283199,7.4024997,6.8330655,0.24405521
5913490,Calgary,Calgary,"Calgaria,Calgary,Kalgari,Kalgario,Kalgaris,Kalgary,Kalnkari,Kalqari,Kelgery,YYC,ka er jia li,ka jia li,kaelgeoli,kailagari,kalgari,kalghary,kalgry,kalkari,karugari,kelgari,klgry,kyalgari,kylgry,qlgry,Κάλγκαρι,Калгари,Калгары,Калгарі,Կալգարի,קלגרי,كالغاري,کالگری,کلگری,کیلگری,कॅल्गारी,कैलगरी,ਕੈਲਗਰੀ,கால்கரி,కాల్గరీ,ಕ್ಯಾಲ್ಗರಿ,แคลกะรี,ကယ်လ်ဂရီမြို့,კალგარი,カルガリー,卡加利,卡尔加里,캘거리",51.05011,-114.08529,P,PPL,CA,,01,4806016,,,1306784,1048,1042,America/Edmonton,2026-01-20,Canada,NA,North/Central America,4,12,4,12,1501,10.035294,7.4493275,10.409225,9.98871,10.673751,9.1784935,15.555694,10.144086,9.283602,14.916529,5.6907253,8.725555,8.757928,0.23456429
5946768,Edmonton,Edmonton,"Edmonton,Edmontona,Edmontonas,Edmontono,Edmundopolis,Edmuntun,Ehdmantan,Ehdmonton,Entmonton,YEA,admwntn,admwntwn,ai de meng dun,aidamatana,edamantana,edamontana,edeumeonteon,edomonton,etmantan,xe dman tan,Édmonton,ʿedimoniteni,Έντμοντον,Едмонтон,Едмънтън,Эдмантан,Эдмонтон,Էդմոնտոն,אדמונטון,إدمونتون,ادمونتن,ادمونتون,ایڈمنٹن,एडमंटन,एडमॉन्टन,এডমন্টন,ਐਡਮੰਟਨ,எட்மன்டன்,เอดมันตัน,ཨེ་ཏི་མོན་ཐོན།,ედმონტონი,ኤድሞንተን,ᐊᒥᐢᑲᐧᒋᐊᐧᐢᑲᐦᐃᑲᐣ,エドモントン,埃德蒙顿,에드먼턴",53.55014,-113.46871,P,PPLA,CA,,01,4811061,,,1010899,668,610,America/Edmonton,2026-04-13,Canada,NA,North/Central America,10,22,13,25,1577,10.7754,9.25,12.289732,12.3403225,11.1883335,8.817743,14.519723,10.914114,9.5392475,15.289582,5.094758,8.427083,11.984678,0.23236302
5969782,Hamilton,Hamilton,"Gamil'tan,Gamil'ton,Gamilton,Hamilton,Hamilton i Ontario,Hamiltona,Hamiltonas,Hamiltono,Khamilton,Khamiltun,amiltan,ha mi er dun,haemilteon,hamiruton,hamyltwn,hemiltana,hmyltwn,hmyltwn  antaryw,Гамильтон,Гамільтан,Гамільтон,Хамилтон,Хамилтън,Համիլտոն,המילטון,هاميلتون,همیلتون، انتاریو,ہاملٹن,ہیملٹن، انٹاریو,हॅमिल्टन,ஆமில்டன்,හැමිල්ටන්,ჰამილტონი,ハミルトン,哈密尔顿,해밀턴",43.25011,-79.84963,P,PPL,CA,,08,3525,2518,,569353,,95,America/Toronto,2026-08-02,Canada,NA,North/Central America,3,8,9,16,1198,9.807683,5.8489246,10.12753,8.196101,9.755,10.294086,17.928194,13.130242,13.216128,11.773889,5.5004034,5.929305,6.221909,0.24539812
6075357,Mississauga,Mississauga,"Misisaga,Misisoga,Misisogo,Missisoga,Mississauga,Mississoga,mi xi sha jia,mishisaga,misisaga,misisogeo,mss saga,mssaga,mysysaga,mysysagha,mysyswgh,mysyswja,Мисисага,Мисисога,Миссиссога,Міссісога,מיסיסוגה,مسس ساگا,مسساگا,ميسيساغا,ميسيسوجا,میسیساگا,मिसिसागा,ਮਿਸੀਸਾਗਾ,මිසිසාගා,ミシサガ,密西沙加,미시소거",43.5789,-79.6583,P,PPL,CA,,08,3521,2105,,717961,,159,America/Toronto,2026-08-02,Canada,NA,North/Central America,6,13,13,31,1217,11.389608,6.851478,11.915772,10.297848,11.571528,11.939246,19.515833,15.479973,14.367339,13.475139,7.283199,7.4024997,6.8330655,0.22040647
6077243,Montréal,Montreal,"Lungsod ng Montreal,Lungsod ng Montréal,Manrehal',Monreal,Monreal',Monreala,Monrealis,Monreyal,Monreāla,Mons Regius,Mont-real,Montreal,Montreal - Montreal,Montreal City,Montreali,Montrealo,Montréal,Montʻreal,YMQ,meng te li er,monreali,monteuliol,montorioru,mwntral,mwntryal,Μοντρεαλ,Μόντρεαλ,Манрэаль,Монреал,Монреаль,Монтреал,Մոնթրէալ,Մոնրեալ,מונטריאול,مونترآل,مونتريال,مونتریال,مونترېئال,მონრეალი,ᒧᕆᐊᓪ,モントリオール,蒙特利尔,몬트리올",45.50884,-73.58781,P,PPLA2,CA,,10,06,66023,,1762949,,216,America/Toronto,2026-02-23,Canada,NA,North/Central America,13,21,15,25,1284,10.986234,10.369893,11.261459,12.95914,10.152778,8.306452,16.768333,14.92621,12.547177,10.808749,6.673521,8.206945,8.945028,0.30612788
6094817,Ottawa,Ottawa,"Atava,Otava,Otavo,Otawa,Ottaba,Ottahua,Ottava,Ottavae,Ottawa,YOW,atawa,atoya,attava,awtawa,otava,otawa,ottava,wo tai hua,xxttawa,AA¬²±,Οττάβα,Οτταβα,Атава,Отава,Оттавæ,Оттава,Օտտավա,אוטווה,אטאווא,أوتاوا,ئۆتاوا,اتاوا,اوتآوآ,اوٹاوا,اٹاوہ,ओटावा,অটোয়া,ਓਟਾਵਾ,ଓଟାୱା,ஒட்டாவா,ಆಟ್ಟಾವಾ,ഓട്ടവ,ออตตาวา,ཨོ་ཏ་ཝ།,အော့တဝမြို့,ოტავა,ኦታዋ,ᎠᏔᏩ,ᐊᑐᕚ/atavaa,オタワ,渥太華,오타와",45.41117,-75.69812,P,PPLC,CA,,08,3506,3506008,,1017449,,71,America/Toronto,2025-08-04,Canada,NA,North/Central America,3,12,4,15,1283,7.6330004,5.8723125,7.5873504,9.920295,8.472918,6.065725,12.235692,11.233738,8.908469,6.399444,4.7913976,4.8997216,5.2521505,0.2663638
6159905,Surrey,Surrey,"Sari,Suri,Surrej,sare,seoli,su li,swry,swry  kwlwmbya albrytanyt,Сари,Суррей,Съри,סארי,سوري، كولومبيا البريطانية,سوری,サレー,素里,서리",49.10635,-122.82509,P,PPL,CA,,02,5915,5915004,,568322,,82,America/Vancouver,2025-09-17,Canada,NA,North/Central America,11,14,32,42,1428,14.994487,18.178093,12.310862,11.440053,16.252361,14.332258,15.842919,14.010616,18.406988,23.491386,12.46008,11.2113905,11.957125,0.2093423
6167865,Toronto,Toronto,"Taronta,Torontas,Toronto,Torontu,Torontum,Torontó,Tʻorontʻo,YTO,YYZ,duo lun duo,roranro,taronto,teareantea,tho rxn to,tolonto,toramto,toranto,toronito,toronto,twrntw,twrwntw,Τορόντο,Таронта,Торонто,Թորոնթօ,Տորոնտո,טאראנטא,טורונטו,تورنتو,تورونتو,ٹورانٹو,ٹورنٹو,टोरण्टो,टोरन्टो,टोराँटो,तोरन्तो,টরোন্টো,ਟੋਰਾਂਟੋ,ரொறன்ரோ,టొరంటో,ಟೊರಾಂಟೋ,ടോറോണ്ടോ,โทรอนโต,တိုရွန်တိုမြို့,ტორონტო,ቶሮንቶ,トロント,多伦多,多倫多,토론토",43.70643,-79.39864,P,PPLA,CA,,08,,,,2794356,,161,America/Toronto,2026-04-13,Canada,NA,North/Central America,5,16,10,25,1218,10.62598,6.4248657,11.052977,9.837232,11.092777,11.815324,19.678335,16.870699,13.830378,11.417359,5.436962,5.1405554,5.1112905,0.189539
6173331,Vancouver,Vancouver,"Ban'kouber,Fankuver,Fankûver,Vancouver,Vancover,Vancuverium,Vancôver,Vanguve,Vangúve,Vankuver,Vankuvera,Vankuveris,Vankuvero,Vankuvur,Vankūvera,Venkuver,Venkûver,Wankuwer,Wankuwér,YVR,baenkubeo,bankuba,bankuba shi,bhyanakubhara,fankwfr,vainakuvara,vainkuvara,vankuvar,vhamkuvhara,wen ge hua,wnkwwr,wnkwwr  brytysh klmbya,wnqwbr,wynkwwr,Βανκούβερ,Ванкувер,Ванкувър,Վանկուվեր,ונקובר,فانكوفر,ونکوور,ونکوور، بریتیش کلمبیا,وینکوور,वैंकूवर,व्हँकूव्हर,ভ্যানকুভার,ਵੈਨਕੂਵਰ,வான்கூவர்,แวนคูเวอร์,ཝན་ཁུ་ཝེར།,ဗန်ကူးဗားမြို့,ვანკუვერი,ቫንኩቨር,バンクーバー,バンクーバー市,溫哥華,밴쿠버",49.24966,-123.11934,P,PPL,CA,,02,5915,,,662248,,70,America/Vancouver,2025-08-04,Canada,NA,North/Central America,22,25,28,33,1427,13.186244,13.81465,10.419046,10.043952,15.507222,13.221505,15.273334,12.928495,16.931047,19.800417,11.527687,9.733194,9.010751,0.21079035
6183235,Winnipeg,Winnipeg,"Gouinipenk,Uinipeg,Uinnipeg,Vinipeg,Vinipega,Vinipegas,Vinipego,Vinnipeg,Vinnipega,Vinnipeq,WPG,Winnipeg,Winnipeg City,Winnipég,YWG,u'inipega,uinipegu,vinipaiga,vinipega,vinippek,wen ni bo,win ni phek,winipeg,winiፔግ,wny pyg,wny pyګ,wnypg,wynybygh,wynypg,Γουίνιπεγκ,Винипег,Виннипег,Вінніпег,Вінніпеґ,Вініпег,Уинипег,Уиннипег,Վիննիպեգ,ויניפג,ونی پيګ,ونی پیگ,ونیپگ,وينيبيغ,وینیپگ,विनिपेग,উইনিপেগ,ਵਿਨੀਪੈਗ,வினிப்பெக்,วินนิเพก,ဝင်နီပက်မြို့,უინიპეგი,ዊኒፔግ,ᐄᐧᓂᐯᐠ,ウィニペグ,温尼伯,위니펙",49.8844,-97.14704,P,PPLA,CA,,03,,,,749607,,245,America/Winnipeg,2026-04-13,Canada,NA,North/Central America,0,3,0,4,1458,9.341117,5.2451615,7.6544642,9.008064,11.402083,8.213979,18.959307,20.909138,10.929971,6.1705556,4.1423388,3.7644446,5.6252685,0.35798445
6325494,Québec,Quebec,"Altepetl Quebec,Bandaraya Quebec,Cathair Quebec,Cathair Québec,Ciutat de Quebec,Jiji la Quebec,Kebec Vile,Kebek,Kebeko,Kebeku,Kebekurbo,Kempek,Kevek tava,Kota Quebec,Kuehbehk,Kvebek,Kvebeka,Kvebekas,Kwebek,Kwebek Shehiri,Kwébék,Kwébék Shehiri,Kébéc Vile,Kévek táva,Lungsod ng Quebec,Lungsod ng Québec,QC,Quebec,Quebec Ceety,Quebec City,Quebec Hiria,Quebec llaqta,Quebec-chhi,Quebec-su,Quebecborg,Quebecceaster,Quebecstad,Quebecum urbs,Québec,Québec-chhī,Québec-sṳ,Québecborg,Siudad ti Quebec,Tchubec,Thanh pho Quebec,Thành phố Québec,Vila de Quebec,Vila de Quebèc,Ville de Quebec,Ville de Québec,YQB,kbk,kebaika sahira,kh wibek,ki'ubeka,kiyupek nakaram,kui bei ke shi,kvebeka siti,kwebeg,kwibeki,kybk,kyubeka nagara,mdynt kybk,qwwybq syty,Κεμπέκ,Квебек,Куэбэк,Քվեբեկ,קוויבק סיטי,مدينة كيبك,کبک,کيبک,کیوبک شہر,क्यूबेक नगर,क्वेबेक सिटी,কিউবেক,ਕੇਬੈਕ ਸ਼ਹਿਰ,கியூபெக் நகரம்,ควิเบก,კვებეკი,ኵቤክ,ケベック・シティー,魁北克市,퀘벡",46.81228,-71.21454,P,PPLA,CA,,10,03,23027,,531902,,54,America/Toronto,2026-04-13,Canada,NA,North/Central America,5,6,5,6,1333,9.960287,9.986156,10.47976,11.709272,11.016943,7.193011,14.452639,12.255913,10.677553,9.643751,6.6626334,6.6959715,8.863575,0.24109338
204953,Tshikapa,Tshikapa,"Chikapa,TSH,Tshikapa,qi ka pa,tshykaba,tsuikapa,Чикапа,تشيكابا,ツィカパ,奇卡帕",-6.41621,20.79995,P,PPLA2,CD,,18,01,,,634529,,484,Africa/Lubumbashi,2023-11-29,Democratic Republic of the Congo,AF,Sub-Saharan Africa,0,0,0,0,153,31.541964,27.578762,31.597918,23.07809,15.782083,21.032393,39.28736,45.608196,71.32958,42.58667,22.795025,16.945696,20.514112,0.59198123
209228,Mbuji-Mayi,Mbuji-Mayi,"Bakwanga,Boutzi-Magi,MJM,Mbudzi Maji,Mbuji-Mayi,Mbuzhi-Mai,Mbuzhi-Maji,Mbuzhy-Mai,emabuji-mayi,mabuji-ma'i,mbuji-mayi,mbwg'y-mʼyy,mbwjy may,mbwjy mayy,mbwjy myy,mu bu ji ma yi,mubujimai,Μπούτζι-Μάγι,Мбужи-Майи,Мбужы-Маі,Мбужі-Маї,Мбуџи Маји,מבוג'י-מאיי,مبوجي ماي,مبوجی مایی,مبوجی میی,म्बुजी-मायी,এমবুজি-মায়ি,ਮਬੁਜੀ-ਮਾਈ,ምbuji-mayi,ምቡጂ-ማይ,ムブジマイ,姆布吉马伊",-6.13603,23.58979,P,PPLA,CD,,04,01,,,2101332,,621,Africa/Lubumbashi,2026-05-25,Democratic Republic of the Congo,AF,Sub-Saharan Africa,0,0,0,0,157,28.475641,28.769354,30.208776,19.064383,15.153749,17.481989,33.561802,42.939785,57.671772,37.54111,21.695835,17.364166,20.09086,0.5740244
212730,Kisangani,Kisangani,"FKI,Kisan'nkani,Kisangani,Kisanganis,Kisangáni,Singitini,Stanleystad,Stanleyville,ji sang jia ni,kisang-gani,kisangani,kisanigani,ksngany,kysangany,kysanjany,Κισανγκάνι,Кисангани,Кісангані,Կիսանգանի,كيسانجاني,کسنگانی,کیسانگانی,किसंगानी,কিসাঙ্গানি,ਕਿਸਾਂਗਾਨੀ,ኪሳንጋኒ,キサンガニ,基桑加尼,키상가니",0.51528,25.19099,P,PPLA,CD,,30,01,,,1602144,,400,Africa/Lubumbashi,2026-09-11,Democratic Republic of the Congo,AF,Sub-Saharan Africa,0,0,0,0,197,22.45541,27.064116,30.920977,26.758202,18.70486,18.287365,24.028612,21.072985,26.033464,22.766806,17.559948,15.853055,20.960619,0.71153855
214481,Kananga,Kananga,"KGA,Kanaga,Kananga,Kanange,Lulua,Luluabourg,Luluaburg,ka nan jia,kanang-ga,kananga,kanangha,kananiga,knanga,knanja,qnʼngh,Канага,Кананга,Կանանգա,קנאנגה,كانانغا,كنانجا,کنانگا,कनांगा,কানাঙ্গা,ਕਨਾਂਗਾ,ካናንጋ,カナンガ,卡南加,카낭가",-5.89624,22.41659,P,PPLA,CD,,23,01,,,1271704,,643,Africa/Lubumbashi,2026-09-11,Democratic Republic of the Congo,AF,Sub-Saharan Africa,0,0,0,0,156,26.36218,24.749464,30.000593,17.315054,12.172359,15.030376,30.006388,39.722046,57.400536,39.400696,20.040186,14.07125,16.473387,0.7050474
217831,Bukavu,Bukavu,"BKY,Bukavu,Costermansstad,Costermansville,bukabhu,bukavu,bwkafw,bwkaww,Букаву,بوكافو,بوکاوو,बुकावु,বুকাভু,ਬੁਕਾਵੂ,ቡካቩ,ブカヴ",-2.49077,28.84281,P,PPLA,CD,,12,01,,,816811,,1631,Africa/Lubumbashi,2026-04-13,Democratic Republic of the Congo,AF,Sub-Saharan Africa,0,0,0,0,180,22.526035,28.950403,28.343159,18.437767,10.69389,12.180243,22.549583,32.113037,35.76801,27.631947,20.34637,15.695695,17.728897,0.53388673
922704,Lubumbashi,Lubumbashi,"E'ville,Elisabethville,Elizabethstad,Elizabethville,E’ville,FBM,Lubumbashi,Lubumbashi shaary,Lubumbashy,Lubumbasi,Lubumbasis,Lubumbaši,Lubumbašis,Lumumbashi,lu ben ba xi,lubumabasi,lubumbasi,lubumbasi si,lubuምbashi,lwbmbashy,lwbwmbashy,rubunbashi,Élisabethville,Лубумбаши,Лубумбаши шаары,Лубумбашы,Лубумбаші,לובומבאשי,لوبمباشی,لوبومباشي,لوبومباشی,लुबुम्बाशी,লুবুম্বাশি,ਲੂਬੁਮਬਾਸ਼ੀ,ሉቡምባሺ,ルブンバシ,盧本巴希,루붐바시,루붐바시 시",-11.66089,27.47938,P,PPLA,CD,,14,01,,,2221925,,1260,Africa/Lubumbashi,2026-04-13,Democratic Republic of the Congo,AF,Sub-Saharan Africa,0,0,0,0,130,14.74577,14.388172,15.125146,10.093012,6.69264,5.804301,11.788196,16.4957,28.48992,25.603613,20.510885,11.915556,9.982527,0.25535867
922741,Likasi,Likasi,"Jadotstad,Jadotsville,Jadotville,Likasi,Likasis,laikasi,li ka xi,li kha chi,likaci,likasi,lykasy,rikashi,Λικάσι,Ликаси,Лікасі,Լիկասի,ליקאסי,ليكاسى,ليكاسي,لیکاسی,लिकासी,লিকাসি,લિકાસી,லிகாசி,లికాసి,ಲೈಕಾಸಿ,ලිකසි,ลิคาชิ,ლიკასი,リカシ,利卡西,리카시",-10.98303,26.7384,P,PPL,CD,,14,06,,,635768,,1288,Africa/Lubumbashi,2023-11-29,Democratic Republic of the Congo,AF,Sub-Saharan Africa,0,0,0,0,133,16.106453,15.722312,15.28274,9.37809,7.5695834,6.906855,15.30611,19.169085,31.944891,28.756805,21.593283,11.803053,9.733064,0.30375302
922773,Kolwezi,Kolwezi,"KWZ,Kolvezi,Kolwezi,Колвези,Колвезі",-10.71484,25.46674,P,PPLA2,CD,,22,01,,,790248,,1485,Africa/Lubumbashi,2026-08-30,Democratic Republic of the Congo,AF,Sub-Saharan Africa,0,0,0,0,132,15.91839,14.023253,15.336905,9.626883,8.034306,6.874732,17.14889,19.43427,31.461561,27.880833,20.807928,11.573196,8.792607,0.3590864
2314302,Kinshasa,Kinshasa,"FIH,Kincasa,Kinchasa,Kinchassa,Kinsas,Kinsasa,Kinsaso,Kinshasa,Kinshase,Kinsjasa,Kinszasa,Kinsásá,Kinxasa,Kinŝaso,Kinşasa,Kinšas,Kinšasa,Kînşasa,Leopoldstad,Leopoldville,Léopoldville,Quinxassa,jin sha sa,jin xia sha,kin cha sa,kinasasa,kinsaca,kinsasa,kinshasa,kinsyasa,knshasa,kynshasa,lei bao cheng,Κινσάσα,Киншаса,Киншасе,Кіншаса,Կինշասա,קינשאזע,קינשאסה,كينشاسا,کنشاسا,کنشاسہ,کینشاسا,किन्शासा,কিনশাসা,ਕਿਨਸ਼ਾਸਾ,கின்ஷாசா,കിൻഷസ,กินชาซา,ཀིན་ཤ་ས།,ကင်ရှာဆာမြို့,კინშასა,ኪንሻሳ,キンシャサ,金夏沙,金沙薩,雷堡城,킨샤사",-4.32758,15.31357,P,PPLC,CD,,06,00,,,16000000,,281,Africa/Kinshasa,2023-11-29,Democratic Republic of the Congo,AF,Sub-Saharan Africa,1,8,1,8,170,28.486208,24.267208,30.386755,27.613579,22.080837,27.60511,35.828476,37.058064,34.17688,33.273056,29.547977,18.74431,21.306719,0.71626025
2314705,Kikwit,Kikwit,"KKW,Kikgouit,Kikvit,Kikvita,Kikvitas,Kikvite,Kikwit,Kitwit,ji kui te,khikh with,kikavita,kikbita,kikivit,kikuuito,kikvit,kikwiteu,kykwyt,qyqbyt,Κικγουίτ,Киквит,Киквите,Кіквіт,Կիկվիտ,קיקביט,كيكويت,کیکویت,किकविट,কিক্বিট,કિકવિટ,கிகிவிட்,కిక్వీట్,ಕಿಕ್ವಿಟ್,කික්විට්,คิควิท,კიკვიტი,キクウィト,基奎特,키퀴트",-5.04098,18.81619,P,PPL,CD,,20,03,,,509367,,466,Africa/Kinshasa,2023-11-29,Democratic Republic of the Congo,AF,Sub-Saharan Africa,0,0,0,0,167,31.166687,26.561422,30.058033,23.645832,17.369305,26.170567,39.07042,43.63105,69.94598,42.206383,19.599463,15.662777,19.63777,0.677953
2389853,Bangui,Bangui,"BGF,Bangi,Bangis,Bangui,Mpan'nkoui,ban ji,bang-gi,bangi,bangwyy,Μπανγκουί,Банги,Бангі,בנגואי,بانگوئی,ባንጊ,バンギ,班基,방기",4.36122,18.55496,P,PPLC,CF,,18,7731897,,,812407,,351,Africa/Bangui,2023-11-29,Central African Republic,AF,Sub-Saharan Africa,0,0,0,0,217,22.582159,38.14946,46.138695,30.424732,17.220556,15.966804,18.984444,14.9698925,18.722448,12.030416,11.909544,19.008196,28.995699,0.4748855
2255414,Pointe-Noire,Pointe-Noire,"PNR,Pointe-Noire,Puehnt-Nuar,Puent Nuaras,bwant nwar,po'inta-noyara,ponta-nu'ara,powantonowaru,poyenta-noyara,puaengteunualeu,pwant nwar,pwanٹ nwar,pwanټ nwar,Пуэнт-Нуар,بوانت نوار,پوانت نوار,پوانٹ نوار,پوانټ نوار,पॉइंट-नोयर,পোয়েন্ট-নোয়ার,ਪੋਂਤ-ਨੁਆਰ,ፖyinite-nogeri,ፖይንተ-ኖገር,ポワントノワール,푸앵트누아르",-4.77609,11.86352,P,PPLA,CG,,15,,,,1032000,,12,Africa/Brazzaville,2026-04-13,Republic of the Congo,AF,Sub-Saharan Africa,0,0,0,0,169,22.301863,20.168682,20.490032,21.16747,18.653751,24.710886,26.125135,30.335348,29.39597,19.948751,14.88293,18.152779,23.21129,0.5492667
2260535,Brazzaville,Brazzaville,"BZV,Braza,Brazavil,Brazavil',Brazavilis,Brazavilo,Brazzavil,Brazzavil',Brazzaville,Maya-Maya,Mprazabil,N'Tamo,beulajabil,brazafyl,brazawyl,brzwwyl,bu la chai wei er,burazavuiru,Μπραζαβίλ,Бразавил,Бразавіль,Браззавиль,Браззавіль,ברזוויל,برازافيل,برازاویل,ብራዛቪል,ブラザヴィル,布拉柴维尔,브라자빌",-4.26613,15.28318,P,PPLC,CG,,12,,,,1982000,,284,Africa/Brazzaville,2025-10-31,Republic of the Congo,AF,Sub-Saharan Africa,1,8,1,8,170,28.486208,24.267208,30.386755,27.613579,22.080837,27.60511,35.828476,37.058064,34.17688,33.273056,29.547977,18.74431,21.306719,0.71626025
2290956,Bouaké,Bouake,"BYK,Bouake,Bouaké,Buake,Bvake,Bvakė,Bwake,baw ke,bu wa kai,bu'ake,buake,buwake,buyake,bwakh,bwaky,bwakې,bwakے,Буаке,بوآکے,بواكي,بواکه,بواکې,बुआके,বুয়াকে,ਬੁਆਕੇ,บัวเก,ბუაკე,ቡዋኬ,ブアケ,布瓦凯,부아케",7.69385,-5.03031,P,PPLA,CI,,90,,,,832371,,339,Africa/Abidjan,2026-04-13,Ivory Coast,AF,Sub-Saharan Africa,0,0,0,0,263,16.489258,42.839924,39.75402,14.331856,11.9349985,11.790322,8.483751,8.924597,6.829435,8.089584,9.839112,13.99347,22.554705,0.52856654
2293521,Abobo,Abobo,"Abobo,Abobo-Gare,Абобо",5.41613,-4.0159,P,PPL,CI,,93,,,,1340083,,105,Africa/Abidjan,2026-09-14,Ivory Coast,AF,Sub-Saharan Africa,19,19,19,19,227,10.617305,20.680643,18.255358,8.933064,8.20986,7.7469087,7.9009724,10.945699,8.673655,7.734862,7.1412635,9.556944,12.075135,0.64312524
2293538,Abidjan,Abidjan,"ABJ,Abican,Abidjan,Abidzan,Abidzana,Abidzanas,Abidzans,Abidzhan,Abidzhan shaary,Abidżan,Abidžan,Abidžana,Abidžanas,Abidžans,Abigano,Abijan,Abiyan,Abiyán,Abizhan khot,Abiĝano,Ampitzan,a bi rang,a bi ren,abdjan,abidajana,abijan,abijana,abijang,abijani,abydjan,abyjan,xabi can,ʼbydgʼn,ʿebijani,Αμπιτζάν,Абиджан,Абиджан шаары,Абижан хот,Абиџан,Абіджан,Աբիջան,אבידגאן,אבידזשאן,آبدجان,آبیجان,أبيدجان,ابیجان,अबिदजान,आबिजान,আবিজান,ਅਬੀਜਾਨ,അബിജാൻ,อาบีจาน,აბიჯანი,አቢጃን,アビジャン,阿必仁,阿比让,아비장",5.35444,-4.00167,P,PPLA,CI,,93,,,,6321017,,50,Africa/Abidjan,2026-04-13,Ivory Coast,AF,Sub-Saharan Africa,19,19,19,19,224,10.017084,18.912905,16.024107,8.149732,7.171805,6.871775,7.9569445,12.714651,11.003763,8.700555,6.250538,7.3225007,9.419489,0.64312524
3871336,Santiago,Santiago,"Ciles Santjagas,CiudadSantiago,SCL,Sanctiacobi,Sant'jago,Santiago,Santiago de Chile,Santiago de Xile,Santiago del Cile,Santiago do Chile,Santiago du Chili,Santiago du Ch·ili,Santianko,Santjago,Santjago de Chile,Santjago de Chili,Stgo.,santiago,santixako,santiyago,santyaghw,santyagw,santyyagw,sheng de ya ge,Čilės Santjagas,Σαντιάγκο,Σαντιάγο,Сантьяго,Сантяго де Чиле,Сантяго де Чили,Сантјаго,סנטיאגו דה צ'ילה,سانتىياگو,سانتياغو,سانتیاگو,সান্টিয়াগো,ซันติอาโก,სანტიაგო დე ჩილე,ሳንቲያጎ,サンティアゴ,圣地亚哥,聖地亞哥,산티아고",-33.45694,-70.64827,P,PPLC,CL,,12,131,13101,,4837295,,556,America/Santiago,2025-06-21,Chile,SA,South America,9,12,10,13,46,41.623543,16.612768,20.848658,28.0293,42.731808,64.10201,76.67931,85.34019,56.0125,42.483326,27.67742,19.063751,18.35766,0.13911532
3875024,Puente Alto,Puente Alto,"Puehnte-Al'to,Puente Alto,shang pu en te,Пуенте Алто,Пуэнте-Альто,პუენტე-ალტო,上普恩特",-33.61169,-70.57577,P,PPLA2,CL,,12,132,13201,,568106,,700,America/Santiago,2022-08-24,Chile,SA,South America,6,6,10,13,47,20.867224,18.274195,18.729465,19.982662,19.240694,17.454842,24.150139,26.044762,27.465591,23.899168,19.920431,19.128056,16.004839,0.12110865
3880980,Maipú,Maipu,"Maipu,Maipú,Маипу",-33.51421,-70.7651,P,PPL,CL,,12,131,13119,,503635,,478,America/Santiago,2026-09-14,Chile,SA,South America,9,9,10,13,46,41.623543,16.612768,20.848658,28.0293,42.731808,64.10201,76.67931,85.34019,56.0125,42.483326,27.67742,19.063751,18.35766,0.10361441
2220957,Yaoundé,Yaounde,"Giaounte,Jande,Jaunde,Jaundeh,Jaundeo,Jaundė,Jaúnde,Jánde,YAO,Yaounde,Yaoundé,Yaunde,Yaundé,Yawunde,iaunde,ya wen de,ya'unde,yaunde,yavunte,yawndy,yaxunde,yaywndh,ye wen de,Γιαουντέ,Јаунде,Яунде,Яўндэ,Յաունդե,יאונדה,יאונדע,ياوندي,یاؤندے,یائونده,یائوندێ,یاونڈی,याउंदे,ਯਾਊਂਦੇ,யாவுண்டே,ยาอุนเด,ཡོན་དྷི།,იაუნდე,ያዉንዴ,ヤウンデ,耶溫得,雅温得,야운데",3.86667,11.51667,P,PPLC,CM,,11,,,,1299369,,726,Africa/Douala,2024-07-20,Cameroon,AF,Sub-Saharan Africa,0,0,0,0,212,14.690859,24.183064,35.985565,16.134008,15.303335,14.690993,11.306807,6.113306,6.6360207,5.8675013,9.986694,14.044583,17.704304,0.4845074
2232593,Douala,Douala,"DLA,Douala,Doula,Dual,Duala,Dualao,Dóúala,Ntouala,dau'ala,douara,du a la,du xa la,du'ala,dualla,duwala,duyala,dwala,Ντουάλα,Дуала,דואלה,دوالا,डुआला,दौआला,ডুয়ালা,ਦੌਆਲਾ,ดูอาลา,ዱዋላ,ドゥアラ,杜阿拉,두알라",4.04827,9.70428,P,PPLA,CM,,05,,,,1338082,,19,Africa/Douala,2026-04-13,Cameroon,AF,Sub-Saharan Africa,0,1,0,1,211,16.754244,26.092068,28.052382,18.17177,17.318611,14.516937,12.763333,13.518549,12.555376,13.324445,12.407527,15.360001,17.797043,0.64840865
1280737,Lhasa,Lhasa,"LXA,La-sa-shih,Lasa,Lasao,Lassa,Lhas,Lhasa,Lhasa Shi,Lhasa-chhi,Lhasa-chhī,Lhasa-su,Lhasa-sṳ,Lhassa,Lhasza,Lhásza,Lkhas,Lkhasa,Lkhasa shaary,Lkhasae,Lkhase,Lása,l'hasa,la sa,la sa shi,laca,lasa,lassa si,lhasa,lhsh,rasa,rasa shi,Λάσα,Ласа,Лхас,Лхасæ,Лхаса,Лхаса балһсн,Лхаса шаары,Лхасе,Һаса,להסה,لاسا,لاسا شەھىرى,لهاسا,لہاسا,ल्हासा,লাসা,ਲਾਸਾ,ଲାସା,லாசா,ลาซา,ལ་ས།,ལྷ་ས།,ლჰასა,ላሳ,ラサ,ラサ市,拉萨,拉萨市,拉薩,拉薩市,라사,라싸 시",29.65,91.1,P,PPLA,CN,,14,5401,,,867900,,3651,Asia/Shanghai,2026-08-26,China,AS,China,0,0,0,0,679,8.207329,11.002151,11.580208,11.662768,8.325556,6.485349,6.9343047,6.079839,6.453898,6.88875,5.0793014,8.628333,9.627687,0.31798035
1280849,Kashgar,Kashgar,"K'a-shih,K'o-shih,KHG,Kachgar,Kaixgar,Kaschgar,Kasgar,Kasgara,Kasgaras,Kash,Kashgar,Kashgar Kona Shahr,Kashgar Kone Shahr,Kashi,Kashi Shi,Kashkar,Kasjgar,Kaszgar,Kaxgar,Kaŝgar,Kaşgar,Kašgar,Kašgara,Kašgaras,Kona Shahr,K̩əxk̩ər,K’a-shih,K’o-shih,Qashqar,Qasqar,Qaşqar,Qeshqer,Qeshqer Shehiri,Shu-fu,Su-fu,ka shen,ka shen shi,kasagara,kaseu si,kasgara,kashghr,kashqar,kashugaru,kashugaru shi,Кашгар,Кашкар,Қәшқәр,Կաշգար,קאשגאר,قەشقەر,قەشقەر شەھىرى,كاشغر,کاشغر,کاشقار,काश्गर,কাশগর,କାଶଗର,カシュガル,カシュガル市,喀什,喀什市,카스 시",39.46718,75.98675,P,PPLA2,CN,,13,6531,,,506640,,1284,Asia/Urumqi,2025-01-10,China,AS,China,0,0,0,0,1082,39.879063,32.07392,36.10982,77.830376,72.35096,53.449066,28.985003,32.221775,29.183874,39.967785,26.045294,22.978054,27.141798,0.59689957
1281673,Baoshan,Baoshan,"BSD,Bao Son,Baoshan,Baoshan Shi,Baoshan',Bo-sang,Bō̤-săng,Bảo Sơn,Pao-san,Pao-shan,Pao-shan-hsien,Pao-šan,Po-san-chhi,Pó-san-chhī,Yungchang,Yungchang-fu,bao shan,bao shan shi,baosan si,bawshan  ywnnan,pea san,Баошань,باوشان، یوننان,เป่าซาน,保山,保山市,바오산 시",25.11626,99.16366,P,PPLA2,CN,,29,5305,,,935618,,1680,Asia/Shanghai,2021-10-18,China,AS,China,0,0,0,0,576,18.102358,26.100945,28.843752,32.634815,28.915834,14.827823,10.900971,10.084544,9.992338,9.854166,12.062903,14.069583,19.700403,0.3178288
1529102,Ürümqi,UEruemqi,"Dihua,Dikhua,O'rumchi,OEremce,Ouroumtchi,Ouroumtsi,Oʻrumchi,Ti-hua,Ti-hua-ch'eng,Ti-hua-ch’eng,Ti-hua-hsien,Ti-hua-shih,Tihwa,Tihwafu,Tikhua,Tikhva,UEruemchi-su,UEruemci,UEruemcsi,UEruemqi,UEruemqi-chhi,URC,Urumchi,Urumchy,Urumci,Urumcio,Urumcis,Urumczi,Urumi City,Urumptsi,Urumqi,Urumtschi,Urumtsi,Urumutsi,Urumçi,Urumĉio,Urumči,Urumčis,Urunchi,Wu-lu-mu-ch'i,Wu-lu-mu-ch'i-shih,Wu-lu-mu-ch’i,Wu-lu-mu-ch’i-shih,Wulumuqi,Wurumch'ih,Wurumch’ih,arwmchy,awrwmchy,awrwmtshy,di hua,ulumuchi si,urumaci,urumaki,urumchi,urumucci,urumuchi,urumuchi shi,wu lu mu qi,wu lu mu qi shi,xu rum chi,yۈrۈmchy,Öremçe,Ürümchi,Ürümchi-sṳ,Ürümcsi,Ürümqi,Ürümqi-chhī,Ürümçi,ʿuruምci,Ουρουμτσί,Ουρούμτσι,Урумчи,Урумчы,Урумчі,Урумћи,Үрімжі,Үрүмчи,Үрүмчү,Өрөмч хот,Ուրումչի,אורומצי,أورومتشي,ئۈرۈمچى,ئۈرۈمچى شەھىرى,ئۈرۈمچی,ارومچی,اورومچی,उरुमची,उरुम्छी,উরুমকি,ਉਰੂਮਕੀ,உருமுச்சி,อุรุมชี,ཨུ་རུམ་ཆི་གྲོང་ཁྱེར།,ურუმჩი,ኡሩምቺ,ᠥᠷᠥᠮᠴᠢ,ウルムチ,ウルムチ市,乌鲁木齐,乌鲁木齐市,烏魯木齊,烏魯木齊市,迪化,우루무치 시",43.80096,87.60046,P,PPLA,CN,,13,6501,,,4054000,,862,Asia/Urumqi,2026-08-26,China,AS,China,0,0,0,0,1241,65.87858,55.832657,46.95863,65.542336,99.15861,96.49449,78.21833,71.13023,84.70201,45.623188,44.549732,46.31973,54.36975,0.38872582
1529195,Shihezi,Shihezi,"SHF,Shih-ho-tzu,Shih-yen-tzu,Shihezi,Shihezi Xiang,Shikhedze,Shikhedzy,Shikhehczy,Shixenze,Xihənzə,seuheojeu,shi he zi,shi he zi shi,shi he zi xiang,Шихэцзы,Шихәнзә,شىخەنزە,شىخەنزە شەھرى,شىخەنزە شەھىرى,石河子,石河子乡,石河子市,스허즈",44.3023,86.03694,P,PPLA3,CN,,13,12324192,,,572772,,467,Asia/Urumqi,2021-09-20,China,AS,China,0,0,0,0,1254,36.865345,27.913843,18.816523,37.004436,60.208054,73.38697,59.810562,36.138573,32.867344,24.422083,21.30336,21.677084,27.690454,0.5223796
1529376,Korla,Korla,"K'o-erh-lo,K'u-erh-le,K'u-erh-lo,K'u-erh-lo-chen,K'u-erh-lo-hsien,K'u-erh-lo-she-chih-chu,KRL,Khorol khot,Koria,Korla,Korla Shi,Kourla,Ku'erle,Ku'erle Shi,Kuerhlei,Kuerhli,Kuerle,Kuriya,Kurla,Kurlya,Ku’erle,Ku’erle Shi,K’o-erh-lo,K’u-erh-le,K’u-erh-lo,K’u-erh-lo-chen,K’u-erh-lo-hsien,K’u-erh-lo-she-chih-chü,Sayibage,korura,korura shi,ku er lei,ku er lei shi,kueolleo si,kwrla,sa yi ba ge,Корла,Корла балһсн,Хорол хот,كورلا,كورلا شەھىرى,کورلا,コルラ,コルラ市,库尔勒,库尔勒市,萨依巴格,쿠얼러 시",41.76055,86.15231,P,PPLA2,CN,,13,6528,,,549324,,945,Asia/Urumqi,2022-02-01,China,AS,China,0,0,0,0,1164,48.36324,32.09825,50.053864,74.53938,68.46431,53.474728,51.669456,56.343822,47.335613,48.438194,46.7926,26.792368,24.581718,0.38364974
1529660,Aqsu,Aqsu,"A-k'o-su,A-k'o-su-chen,A-k'o-su-hsien,A-k'o-su-hsin-ch'eng,A-k’o-su,A-k’o-su-chen,A-k’o-su-hsien,A-k’o-su-hsin-ch’eng,AKU,Ak Su Yangi Shahr,Akesu,Akesu Shi,Akoso,Aksou,Aksu,Aksu New City,Ak̩su,Aqsu,Aqsu New City,Aqsu Shehiri,Aqsu Yangi Shahr,Ciudad de Aksu,New Aksu,Yangi-shahr,a ke su,a ke su shi,akeossu si,aksw  snkyang,aksw  zynjyang,akusu,akusu shi,aqsw,Аксу,Ақсу,آکسو، سنکیانگ,أقسو,ئاقسۇ,ئاقسۇ شەھىرى,اکسو، زینجیانگ,アクス,アクス市,阿克苏,阿克苏市,아커쑤 시",41.18418,80.27921,P,PPLA2,CN,,13,6529,,,535657,,1119,Asia/Urumqi,2025-01-10,China,AS,China,0,0,0,0,1147,50.995426,34.443146,41.77039,111.08576,83.16625,64.017876,54.592083,45.034405,41.90282,50.411804,41.960747,20.771664,22.055647,0.6214245
1783621,Zunyi,Zunyi,"Chun-gi-chhi,Chun-gī-chhī,Cong-ngie,Cuenji,Cun-i,Cunji,Czun'i,Cŏng-ngiê,Dzuni,Gunji,Tsun-i,Tsun-i-ch'eng,Tsun-i-ch’eng,Tsun-i-hsien,Tsun-i-shih,Tsunyi,Tsunyi-hsien,Tuan Nghia,Tuân Nghĩa,ZYI,Zunji,Zunyi,Zūnyì,jjun-i si,zun yi,zun yi shi,zwnyay,zwnyy,zwnyyy,Ĝunji,Цзуньи,Цзуньї,Цуенји,زونئی,زونیئی,زونیای,遵义,遵义市,遵義,遵義市,쭌이 시",27.68667,106.90722,P,PPLA2,CN,,18,5203,,,2037775,,867,Asia/Shanghai,2026-01-15,China,AS,China,0,0,0,0,630,23.99985,36.446373,21.925745,27.900806,36.37903,24.020025,20.45889,16.122982,13.569489,12.194168,14.022176,26.484163,38.258205,0.5443993
1783633,Zoucheng,Zoucheng,"Chou-hsien,Czouchehn,Czouchen,Trau Thanh,Trâu Thành,Tsou,Tsou-hsien,Tsowhsien,Zoucheng,Zouxian,jjeoucheong si,zou cheng shi,Цзоучен,Цзоучэн,邹城市,鄒城市,쩌우청 시",35.40056,116.96556,P,PPL,CN,,25,3708,,,1116692,,76,Asia/Shanghai,2026-09-02,China,AS,China,0,0,0,0,924,64.78075,102.72203,82.860275,68.3789,51.853615,53.74207,51.516663,37.521233,52.56022,60.857502,54.694492,77.51321,84.33776,0.5319266
1783683,Ziyang,Ziyang,"Czyjan,Tszoyan,Tszöyan,Tzeyang,Tzeyang-hsien,Tzu-yang,Tzu-yang-hsien,Yanjiang,Ziyang,yan jiang,zi yang shi,Цзыян,资阳市,雁江",30.12108,104.64811,P,PPLA2,CN,,32,5120,,,905729,,365,Asia/Shanghai,2025-08-19,China,AS,China,0,0,0,0,693,38.77968,62.911156,48.039883,40.538845,41.930412,28.102417,27.621946,24.220966,24.43441,22.755695,26.034546,53.025833,66.32042,0.59483576
1783745,Zigong,Zigong,"C-kung,Ceu-gong,Chu-kong-chhi,Chū-kòng-chhī,Cigung,Czygun,Cê̤ṳ-góng,Dzigongas,Dzugun,Tu Cong,Tzekung,Tzeliuching,Tzeliutsing,Tzu-kung,Tzu-kung-shih,Tzu-liu-ching,Tzuliutsing,Tự Cống,ZKL,Zigong,jjeugung si,zi gong,zi gong shi,zygang,zygwng,zyjwnj,Дзъгун,Цзыгун,Цигунг,زيجونج,زیگانگ,زیگونگ,自貢,自貢市,自贡,自贡市,쯔궁 시",29.34162,104.77689,P,PPL,CN,,32,5103,,,1262064,,306,Asia/Shanghai,2021-10-19,China,AS,China,0,0,0,0,668,43.51429,69.31559,57.843304,47.026344,43.740982,29.790592,28.902222,26.213171,25.16962,27.920834,32.4,58.615147,76.14045,0.67714125
1783763,Zhuzhou,Zhuzhou,"Chu Chau,Chu Châu,Chu-chiu-chhi,Chu-chiu-chhī,Chu-chou,Chu-chou-shih,Chu-chu-su,Chu-chû-sṳ,Chuchow,Chzhuchzhou,Cu-cou,Cyu Cou,DHU,Dzhudzhou,Dzudzou,Dzudzov,Džudžou,Džudžov,Gugou,Jianning,Tu-ciu,Tṳ̆-ciŭ,Zhutsjou,Zhuzhou,Zhuzhou Shi,Zhūzhōu,jujeou si,zhanzhw,zhu zhou,zhu zhou shi,zhwzhww,Çyu Cou,Ču-čou,Ĝuĝou,Џуџоу,Джуджоу,Чжучжоу,ژانژو,ژوژوو,ཞུས་ཀྲོའུ།,株洲,株洲市,주저우 시",27.83333,113.15,P,PPLA2,CN,,11,4302,,,1129687,,54,Asia/Shanghai,2026-06-01,China,AS,China,0,0,0,0,637,43.19553,69.5707,57.66621,46.79987,50.96528,34.62151,27.175413,30.6293,21.843145,31.218195,33.6789,38.814163,75.97043,0.49651584
1783873,Zhumadian,Zhumadian,"Chu-ma-tien,Chu-ma-tien-chen,Chu-ma-tien-shih,Chzhumadjan',Hsin-chuang,Zhumadian,zhu ma dian,zhu ma dian shi,Чжумадянь,驻马店,驻马店市",32.98385,114.02586,P,PPLA2,CN,,09,4117,,,721670,,82,Asia/Shanghai,2026-06-17,China,AS,China,0,0,0,0,808,47.789146,69.34906,60.580658,53.642612,39.426807,37.667736,39.601246,26.480911,34.017334,35.606945,44.138577,48.46931,84.8215,0.5305317
1784055,Zhuanghe,Zhuanghe,"Chuang-ho,Chuang-ho-chen,Chuang-ho-chieh,Chuang-ho-hsien,Chwangho,Chzhuankheh,Zhuanghe,Чжуанхэ",39.70083,122.99111,P,PPL,CN,,19,2102,,,742496,,5,Asia/Shanghai,2026-09-14,China,AS,China,0,0,0,0,1086,24.40983,26.420029,27.17277,28.450672,26.901669,27.761557,22.32472,17.301208,18.286694,24.573195,20.626474,30.02069,23.545158,0.3327051
1784130,Zhoukou,Zhoukou,"Chiu-khau-chhi,Chiu-kháu-chhī,Chou-chia-k'ou,Chou-chia-k’ou,Chou-k'ou,Chou-k'ou-chen,Chou-k’ou,Chou-k’ou-chen,Chow-kia-kow,Chu Khau,Chu Khẩu,Chzhouko,Chzhoukou,Ciu-kau,Ciŭ-kāu,Cou-kchou,Dzoukou,Juko shehiri,Shang-shui-hsien,Tsjoukou,Zhoukou,Zhoukouzhen,jeoukeou si,zhou kou,zhou kou shi,zhwkw,zhwwkww,Čou-kchou,Џоукоу,Чжоуко,Чжоукоу,زهوكو,ژووکوو,周口,周口市,저우커우 시",33.63333,114.63333,P,PPLA2,CN,,09,4116,,,505171,,54,Asia/Shanghai,2021-10-18,China,AS,China,0,0,0,0,828,48.663567,78.842865,62.53378,55.84704,36.84278,37.95081,39.02236,23.723522,29.314114,34.769722,44.70672,55.680553,85.15645,0.59427196
1784285,Zhongwei,Zhongwei,"Chung-wei,Chung-wei-hsien,Chzhunvehj,Chzhunvey,Cung-wej,Dung-oi,Dṳ̆ng-ôi,Tiong-oe-chhi,Tiong-oē-chhī,Trung Ve,Trung Vệ,ZHY,Zhongwei,Zhongwei Shi,jung-wei si,zhong wei,zhong wei shi,zhwngwyy,Čung-wej,Чжунвэй,ژونگوئی,中卫,中卫市,中衛,中衛市,중웨이 시",37.51129,105.19067,P,PPLA2,CN,,21,6405,,,1174600,,1227,Asia/Shanghai,2026-04-17,China,AS,China,0,0,0,0,1010,25.149778,17.575941,41.227837,41.261955,52.63472,36.556183,23.030416,18.355513,14.279974,13.435834,16.481585,14.976526,13.649059,0.23783952
1784642,Zhenjiang,Zhenjiang,"Chen-chiang,Chen-chiang-ch'eng,Chen-chiang-ch’eng,Chen-chiang-hsien,Chen-chiang-shih,Chenkiang,Chinkiang,Chinkiang Fu,Chinking,Chzhehn'czjan,Tan-t'a,Tan-t'u,Tan-t’a,Tan-t’u,Tantuhsien,ZUJ,Zhenjiang,Zhenjiang Shi,zhen jiang,zhen jiang shi,Чжэньцзян,جېنجياڭ شەھىرى,鎮江,镇江,镇江市",32.21086,119.45508,P,PPLA2,CN,,04,3211,,,950516,,26,Asia/Shanghai,2026-09-14,China,AS,China,0,0,0,0,793,42.737675,72.03737,60.48452,46.82648,39.855145,38.68979,31.144995,21.721098,35.844627,35.21236,29.028893,49.544724,53.68965,0.5014713
1784658,Zhengzhou,Zhengzhou,"CGO,Cencou,Ceng-cou,Cengcou,Cheng,Cheng-chou,Cheng-chou-shih,Cheng-hsien,Chengchow,Chhiang-chu-su,Chhiáng-chû-sṳ,Chzhehnchzhou,Chzhenchzhou,Cjencjou,Csengcsou,Cwngcouh,Czengczou,Dang-ciu,Dzendzou,Dzengdzou,Dzengdzov,Dzhundzhou,Dâng-ciŭ,Džendžou,Džengdžou,Džengdžov,Genggouo,Trinh Chau,Trịnh Châu,Tsentsoou,Tēⁿ-chiu-chhī,Zengzou,Zhengtsjou,Zhengzhou,Zhengzhou Shi,canaco,cancau,ceing cow,cencavu,iPhone City,jenjya'o,jeongjeou si,jhengajho'u,tshnghtshw,zheng zhou,zheng zhou shi,zheniግzoው,zhngzhw,zhyngzhw,Çengçou,Çjençjou,Čeng-čou,Ĝengĝoŭo,Žengžou,Τσεντσόου,Џенгџоу,Джънджоу,Жөнжоу,Чженчжоу,Чжэнчжоу,Чжэнчжоў,تشنغتشو,جېڭجۇ شەھىرى,ژنگژو,ژینگژو,चंचौ,झेंगझोऊ,জেংজ্যাও,ਚੰਙਚੋ,செங்சவு,เจิ้งโจว,ကျင့်ကျိုးမြို့,ዠንግዞው,郑州,郑州市,鄭州,鄭州市,정저우 시",34.75778,113.64861,P,PPLA,CN,,09,4101,,,6650532,,104,Asia/Shanghai,2026-09-02,China,AS,China,0,0,0,0,876,60.774193,86.88965,76.67335,63.974995,47.91472,45.159943,47.033062,34.79812,47.35766,53.051533,58.429836,62.384438,106.10646,0.5299229
1784841,Zhaotong,Zhaotong,"Cao-tchung,Chao-t'ung,Chao-t'ung-hsien,Chao-t’ung,Chao-t’ung-hsien,Chiau-thong-chhi,Chiau-thong-chhī,Chieu Thong,Chiêu Thông,Chzhaotun,Cieu-tung,Ciĕu-tŭng,En-an,En-an-hsien,ZAT,Zhaotong,Zizipuwu,cea thng,jaotung si,zhao tong,zhao tong shi,zhawtwng,Čao-tchung,Чжаотун,ژاوتونگ,เจาทง,昭通,昭通市,자오퉁 시",27.31667,103.71667,P,PPL,CN,,29,5306,,,787845,,1974,Asia/Shanghai,2021-10-19,China,AS,China,0,0,0,0,622,16.953741,20.573523,14.366964,18.717339,20.903471,16.65336,17.57611,14.132121,14.996507,10.037778,11.195159,16.664305,27.292875,0.30353343
1784853,Zhaoqing,Zhaoqing,"Cao-cching,Chao-ch'ing,Chao-ch'ing-chen,Chao-chou,Chao-ch’ing,Chao-ch’ing-chen,Chao-king,Chzhaocin,Dieu-keng,Diêu-kéng,Dzaocing,Kao-yao,Kao-yao-hsien,Koyiu,Koyiu-hsien,Koynihsien,Sau-khin-su,Sau-khin-sṳ,Shiu Hing,Shiuhing,Shiuhingfu,Tiau-kheng-chhi,Tiāu-khèng-chhī,Trieu Khanh,Triệu Khánh,Zhaoqing,gʼwzyng,jaoching si,zhao qing,zhao qing shi,zhawchng,zhawchyng,zhawkyng,Čao-čching,Џаоћинг,Чжаоцин,גאוצינג,ژاؤچینگ,ژاوچنگ,ژاوکینگ,肇庆,肇庆市,肇慶,肇慶市,자오칭 시",23.04893,112.46091,P,PPLA2,CN,,30,4412,,,1553109,,16,Asia/Shanghai,2021-10-14,China,AS,China,0,0,0,0,526,32.276356,45.934944,37.536457,30.778221,43.026672,25.381723,18.652086,30.330912,24.96156,25.17472,32.464787,24.277224,48.726204,0.53875595
1784990,Zhanjiang,Zhanjiang,"Chan-chiang,Chan-chiang-shih,Chankiang,Chzhan'czjan,Fort Bayard,Hsi-ying,Kwangchow,Kwangchowan,Kwangchowwan,Tram Giang,Trạm Giang,Tsamkong,ZHA,Zhanjiang,Zhanjiang Shi,zhan jiang,zhan jiang shi,Чжаньцзян,جاڭجياڭ شەھىرى,湛江,湛江市",21.23391,110.38749,P,PPLA2,CN,,30,4408,,,1400709,,16,Asia/Shanghai,2021-12-15,China,AS,China,0,0,0,0,481,22.716066,35.78186,27.500444,26.786963,30.789722,15.649865,13.665,17.90874,14.690861,13.123057,19.856318,24.033472,32.970966,0.48098597
1785018,Zhangzhou,Zhangzhou,"Cang-cou,Chang-chou,Chang-chou-shih,Changchow,Changchowfu,Chiang-chiu-chhi,Chiang-chiu-chhī,Chong-chu-su,Chuong Chau,Chzhanchzhou,Chông-chû-sṳ,Chương Châu,Ciong-ciu,Ciŏng-ciŭ,Dzangdzou,Dzhandzhou,Gangou,Jyangju shehiri,Lung-ch'i,Lung-ch'i-hsien-ch'eng,Lung-ch’i,Lung-ch’i-hsien-ch’eng,Lungki,Lunki,Zhangtsjou,Zhangzhou,jangjaw,jangjeou si,shou zhou shi,zhang zhou,zhang zhou shi,zhangzhw,Čang-čou,Ĝanĝou,Џангџоу,Джанджоу,Чжанчжоу,جانگجاو,ژانگژو,ショウ州市,漳州,漳州市,장저우 시",24.51333,117.65556,P,PPLA2,CN,,07,3506,,,589831,,14,Asia/Shanghai,2021-09-20,China,AS,China,0,0,0,0,560,30.16917,37.50215,39.49093,36.34946,37.38861,27.192476,22.702497,21.93226,26.756721,30.55861,27.14677,23.327227,32.36828,0.4348303
1785036,Zhangye,Zhangye,"Campichu,Cang-jie,Chang-i,Chang-yeh,Chang-yeh-hsien,Chang-yeh-shih,Changyen,Chzhanue,Diong-ik,Diŏng-ĭk,Dzhanie,Ganzhou,Kan-chou,Kanchow,Tiuⁿ-e̍k-chhī,Truong Dich,Trương Dịch,YZY,Zhangye,Zhangye Shi,Zhanue,gan zhou,jang-ye si,zhang ye,zhang ye shi,Čang-jie,Джание,Жанъе,Чжанъе,Չժանիե,ژانگیے,ژانگیۓ,张掖,张掖市,張掖,張掖市,甘州,장예 시",38.93417,100.45167,P,PPLA2,CN,,15,6207,,,507433,,1481,Asia/Shanghai,2021-12-17,China,AS,China,0,0,0,0,1060,21.013447,24.368547,25.4311,28.09234,27.903608,19.334005,12.551805,15.78145,13.092071,18.191528,22.317335,21.220972,24.169085,0.26974675
1785286,Zibo,Zibo,"C-po,Chang-chou-shih,Chang-tien,Chang-tien-shih,Chu-phok-chhi,Chu-phok-chhī,Cu-bauk,Czybo,Cṳ̆-báuk,Dzubo,Truy Bac,Truy Bác,Tzu-po,Zhangdian,Zibo,jjeubo si,shi bo shi,zaybw,zi bo,zi bo shi,zibo,zybw,Дзъбо,Цзыбо,زایبو,زىبو شەھىرى,زيبو,زیبو,ਜ਼ੀਬੋ,シ博市,淄博,淄博市,쯔보 시",36.79056,118.06333,P,PPL,CN,,25,3703,,,4704138,,51,Asia/Shanghai,2026-08-25,China,AS,China,0,0,0,0,982,50.39613,81.57769,56.625893,53.550545,34.05778,38.458874,40.009026,32.4367,42.723522,54.07222,44.26398,63.0732,64.17204,0.5847559
1785294,Anyang,Anyang,"AYN,Ahn Yang,An Duong,An Dương,An'jan,An'jang,An-jang,An-yang-hsien,Anjan,Anjang,Anjangas,Anyang,Chang-te,Changte-fu,Changteh,Changten,Dengtalu,Zhangde,an yang shi,an-yang si,anyangh,deng ta lu,Аньян,Аньянг,Анян,Анјанг,انيانغ,അൻയാങ്,安阳市,安陽市,灯塔路,안양 시",36.096,114.38278,P,PPLA2,CN,,09,4105,,,1146839,,70,Asia/Shanghai,2021-10-20,China,AS,China,0,0,0,0,947,53.385136,77.42675,67.56756,53.02554,36.46902,37.518955,39.82347,35.62568,40.842342,51.43083,53.68818,58.572506,89.12432,0.5463303
1785412,Zhabei,Zhabei,"Cha-pei,Zhabei,zha bei,Жабеи,闸北",31.25861,121.45972,P,PPLX,CN,,23,12324204,,,840000,,10,Asia/Shanghai,2026-09-14,China,AS,China,1,1,2,2,749,53.08605,90.49555,72.3204,58.04342,52.08944,42.422714,38.884304,26.079706,49.05927,40.10861,31.096104,64.48389,73.26923,0.49040627
1785453,Zaozhuang,Zaozhuang,"Cao-cuang,Cao-čuang,Cho-chng-chhi,Chó-chng-chhī,Co-cong,Czaochzhuan,Cō̤-cŏng,I-hsien,Tao Trang,Tsao-chuang,Tsao-chuang-shih,Tsaochwang,Tssaochwang,Tảo Trang,Zaozhuang,jjaojwang si,zao zhuang,zao zhuang shi,zawzhwang,Цзаочжуан,زاوژوانگ,枣庄市,棗荘市,棗莊,짜오좡 시",34.86472,117.55417,P,PPL,CN,,25,3704,,,3855601,,79,Asia/Shanghai,2026-08-25,China,AS,China,0,0,0,0,878,48.39561,77.009674,62.561016,56.595295,40.729862,43.689518,40.548195,25.455511,36.946236,40.043335,36.45887,61.292503,60.43428,0.5284997
1785623,Kunshan,Kunshan,"Con Son,Côn Sơn,K'un-shan-ch'eng,K'un-shan-hsien,KVN,Kan-shan,Kchun-san,Kchun-šan,Kun'shan',Kunsan,Kunsanas,Kunshan,Kunshan Shi,Kunšan,Kunšanas,K’un-shan-ch’eng,K’un-shan-hsien,Yushan,Yushan Zhen,kun shan,kun shan shi,kunsan si,kwnshan,yu shan,Куншан,Куньшань,کونشان,崑山,崑山市,昆山,昆山市,玉山,쿤산 시",31.37762,120.95431,P,PPLA3,CN,,04,3205,,,2092496,,10,Asia/Shanghai,2026-01-20,China,AS,China,0,0,0,0,747,53.086617,77.42001,66.46636,52.25041,48.956253,44.644485,42.262505,32.559406,47.103893,53.236103,42.087635,63.78667,67.42782,0.5357898
1785725,Yunfu,Yunfu,"Hun-phu-chhi,Hung-pu,Hùng-pù,Hûn-phû-chhī,Juen-fu,Jun'fu,Jün-fu,Tung-an,Van Phu,Vân Phù,Wanfow,Yun-ch'eng,Yun-ch'eng-chen,Yun-fou,Yun-fou-hsien,Yunfu,Yün-ch’eng,Yün-ch’eng-chen,Yün-fou,Yün-fou-hsien,winpu si,yanfw,ynfw,yun fu,yun fu shi,ywnfw,Юньфу,یانفو,ینفو,یونفو,云浮,云浮市,雲浮,雲浮市,윈푸 시",22.92787,112.03809,P,PPLA2,CN,,30,4453,,,2612800,,67,Asia/Shanghai,2022-02-17,China,AS,China,0,0,0,0,516,29.458435,46.052956,36.418903,28.029568,36.660557,20.26008,14.729583,26.3047,19.75578,20.505278,29.490322,27.140554,48.22017,0.47922978
1785738,Yuncheng,Yuncheng,"An-i-hsien,Anyi,Anyihsien,Juen-ccheng,Jun'chehn,Juncheng,Jün-čcheng,Ong-siang,Van Thanh,Vận Thành,YCU,Yun'chen,Yun-ch'eng-chen,Yuncheng,Yuncheng Shi,Yun’chen,Yün-ch’eng-chen,an yi,wincheong si,yangchng,yun cheng,yun cheng shi,ywnchyng,Ông-siàng,Ūn-siâⁿ-chhī,Јунченг,Юньчэн,یانگچنگ,یونچینگ,安邑,运城,运城市,運城,運城市,윈청 시",35.02306,110.99278,P,PPLA2,CN,,24,1408,,,680036,,361,Asia/Shanghai,2025-08-20,China,AS,China,0,0,0,0,895,54.273354,69.221375,56.80655,73.841125,63.699024,58.73441,45.11111,48.61639,30.017206,32.581524,40.870705,56.35541,75.04637,0.4517946
1785781,Yulin,Yulin,"Giok-lim-chhi,Gio̍k-lîm-chhī,Jue-lin,Jujlin',Jü-lin,Ngiuk-lim-su,Ngiu̍k-lìm-sṳ,Ngoc Lam,Nguk-ling,Ngṳ̆k-lìng,Ngọc Lâm,Watlam,Watlam-hsien,YLX,Yo-ling,Yoglinz,Yu-lin-chen,Yu-lin-hsien,Yulin,Yü-lin-chen,Yü-lin-hsien,wilin si,yu lin,yu lin shi,ywlayn,ywln,ywln  gwangshy,Юйлинь,یولاین,یولن,یولن، گوانگشی,玉林,玉林市,위린 시",22.6305,110.14686,P,PPLA3,CN,,16,4509,,,1056743,,87,Asia/Shanghai,2021-10-14,China,AS,China,0,0,0,0,515,29.931902,47.334545,38.425602,30.706854,40.046116,20.731855,14.691249,22.58199,18.97809,19.06,27.474329,25.394308,53.917477,0.5457423
1786060,Yuanping,Yuanping,"Juan'pin,Yuanping,Yuanping Shi,yuan ping,yuan ping shi,Юаньпин,原平,原平市",38.71528,112.7575,P,PPL,CN,,24,1409,,,526000,,797,Asia/Shanghai,2026-09-14,China,AS,China,0,0,0,0,1062,31.253454,32.22299,29.902231,37.15135,27.101946,30.539917,32.12458,29.299997,30.333338,29.110416,28.784002,31.515278,36.65807,0.32398507
1786217,Yongzhou,Yongzhou,"Junchzhou,LLF,Langlin,Lingling,Yongzhou,Yung-chou,Yung-chow-fu,Yungchow,Yǒngzhōu,yong zhou,yong zhou shi,yungjeou si,Юнчжоу,永州,永州市,융저우 시",26.42389,111.61306,P,PPLA2,CN,,11,4311,,,1020715,,101,Asia/Shanghai,2026-09-14,China,AS,China,0,0,0,0,613,32.24642,58.53562,42.991817,32.312366,48.325558,23.189516,17.785557,21.068012,14.461155,19.356806,24.520832,28.530695,56.43549,0.4814284
1786455,Yishui,Yishui,"I-shui,I-shui-hsien,Ishuj,Yishui,Ишуй",35.78472,118.62806,P,PPL,CN,,25,3713,,,1007100,,156,Asia/Shanghai,2026-09-14,China,AS,China,0,0,0,0,926,39.59369,58.98925,50.92976,43.518547,31.842222,34.925003,34.432224,22.774464,30.210217,37.374866,27.47742,53.99542,49.728092,0.418962
1786657,Yinchuan,Yinchuan,"Gin-chhoan-chhi,Gîn-chhoan-chhī,Ho-lan,INC,In'chuan',Inchuan,Incuanas,Inčuanas,Jin-cchuan,Jin-čchuan,Jinchuan,Jincuan,Jinčuan,Ngan Xuyen,Ngung-chiong,Ngân Xuyên,Ngṳ̀ng-chiŏng,Ning-hsia,Ningsia,Ningsia-hsien,Ningsiafu,Thanh pho Ngan Xuyen,Thành phố Ngân Xuyên,Yin-ch'uan-shih,Yin-ch’uan-shih,Yinchuan,Yinchuan Shi,Yinzconh,Yínchuān,inacuyana,inchwan si,mdynt ynshwan,yin chuan,yin chuan shi,yinacu'ana,yinicuwani,yn chwan,ynchwan,yynchwan,Іньчуань,Їньчуань,Јинчуан,Инчуан,Иньчуань,مدينة ينشوان,يىنچۈئەن شەھىرى,ین چوان,ینچوآن,ینچوان,یینچوان,यिनचुआन,ইনচুয়ান,ਯਿਨਚੁਆਨ,യിഞ്ചുവാൻ,ཡིན་ཁྲོའོན་གྲོང་ཁྱེར།,ይንቹዋን,銀川,銀川市,银川,银川市,인촨 시",38.46806,106.27306,P,PPLA,CN,,21,6401,,,2859074,,1117,Asia/Shanghai,2026-08-26,China,AS,China,0,0,0,0,1049,44.534092,42.93401,44.34211,70.46358,92.728355,59.71828,38.533466,28.14516,27.8625,25.787638,31.209274,35.43264,37.696243,0.3569745
1786746,Yichun,Yichun,"Gi-chhun-chhi,Gî-chhun-chhī,I-cchun,I-ch'un,I-ch'un-chen,I-ch'un-hsien,I-ch’un,I-ch’un-chen,I-ch’un-hsien,I-čchun,Ichun',Nghi Xuan,Nghi Xuân,Ngi-chung,Ngì-chŭng,Ni-chhun-su,Nî-chhûn-sṳ,YIC,Yichun,Yichun Shi,Yichun i Jiangxi,Yuan-chou,Yuanchow,Yuen-chow-fu,Yüan-chou,Yüanchow,ichun si,ychan,yi chun,yi chun shi,yyshwn  jyangshy,Ичунь,یچان,ییشون، جیانگشی,宜春,宜春市,이춘 시",27.83333,114.4,P,PPLA2,CN,,03,3609,,,1045952,,99,Asia/Shanghai,2025-08-20,China,AS,China,0,0,0,0,639,35.98113,55.49126,46.76608,40.55739,43.0843,29.567476,22.16722,22.396772,19.220163,25.370695,29.29408,36.949722,61.424732,0.4642917
1786760,Yixing,Yixing,"I-ch'eng-chen,I-ch’eng-chen,I-hsing,I-hsing-ch'eng,I-hsing-ch’eng,I-hsing-hsien,Ihing,Isin,Yicheng,Yicheng Jiedao,Yixing,Yixing Shi,yi cheng,yi cheng jie dao,yi xing shi,Исин,宜兴市,宜城,宜城街道",31.36059,119.82016,P,PPLA3,CN,,04,3202,,,1285785,,8,Asia/Shanghai,2026-09-14,China,AS,China,0,0,0,0,745,42.313507,66.980515,55.700592,44.503227,45.40778,34.872173,30.367361,23.09556,29.739248,38.526253,33.82083,49.78083,56.096508,0.55530214
1786764,Yichang,Yichang,"Che-Keou-chan,Che-Kéou-chan,Gi-chhiong-chhi,Gî-chhiong-chhī,I-cchang,I-ch'ang-hsien,I-ch'ang-shih,I-chang,I-ch’ang-hsien,I-ch’ang-shih,I-čchang,Ican,Ichan,Ichang,Ičan,Jicang,Jichang,Jiĉang,Nghi Xuong,Nghi Xương,Ngi-chiong,Ngì-chiŏng,Tung-hu,YIH,Yichang,aychang,ichang si,ychng,yi chang,yi chang shi,Ічан,Јичанг,Ичан,ایچانگ,يىچاڭ شەھىرى,یچنگ,宜昌,宜昌市,이창 시",30.71444,111.28472,P,PPLA2,CN,,12,4205,,,1350150,,63,Asia/Shanghai,2021-10-12,China,AS,China,0,0,0,0,725,35.4646,55.03548,47.740025,40.158867,40.775417,34.71035,27.403334,22.386292,20.838577,20.170416,30.299461,33.895557,52.716663,0.58266574
1786770,Yibin,Yibin,"Gi-pin-chhi,Gî-pin-chhī,Hsu-chou,Hsü-chou,I-pin,I-pin-hsien,I-pin-shih,Ibin,Ibin',Jibin,Nghi Tan,Nghi Tân,Ngi-bing,Ngì-bĭng,Suchow,Suifu,Süchow,Xufu,Xuzhou Cheng,YBP,Yibin,Yibin Shi,ayblyn,ibin si,xu fu,xu zhou cheng,ybyn,yi bin,yi bin shi,Јибин,Ибин,Ибинь,ایبلین,یبین,叙州城,叙府,宜宾,宜宾市,宜賓,宜賓市,이빈 시",28.7593,104.63994,P,PPLA3,CN,,32,5115,1786767,,836340,,323,Asia/Shanghai,2021-10-19,China,AS,China,0,0,0,0,658,43.467316,66.11156,56.581543,47.7988,43.919304,32.174595,30.823473,27.186558,26.477957,29.123055,34.130913,56.046803,72.052155,0.6049339
1787093,Yantai,Yantai,"Chefoo,Chifu,Ian-tai-chhi,Ian-tâi-chhī,Ieng-dai,Iĕng-dài,Jan'taj,Jantai,Jantaj,Jen-tchaj,YNT,Yantai,Yantái,Yen GJai,Yen-t'ai,Yen-t'ai-shih,Yen-t’ai,Yen-t’ai-shih,Yên Đài,Yāntái,yan tai,yan tai shi,yantay,yantayy,yentai si,yeondae,yeontae,yntʼy,Јантај,Янтай,Яньтай,ינטאי,يەنتەي شەھىرى,یانتائی,یانتای,烟台,烟台市,煙台市,煙臺,연대,연태,옌타이 시",37.47649,121.44081,P,PPL,CN,,25,3706,,,7102100,,22,Asia/Shanghai,2026-08-25,China,AS,China,0,0,0,0,1016,24.789791,26.909277,24.836308,30.905916,24.287497,27.26761,25.562918,17.926344,18.723791,25.096527,17.844355,33.405415,25.012638,0.4046904
1787227,Yangzhou,Yangzhou,"Chiang-tu,Chiang-tu-hsien,Duong Chau,Dương Châu,Han-chiang,Inciue,Iong-chiu-chhi,Iong-ciu,Iòng-ciŭ,Iông-chiu-chhī,Janchzhou,Jancjou,Jandzhou,Jang-cou,Jang-čou,Jangdzou,Jangdzov,Jangdžov,Janĉĵou,Kiangtu,YTY,Yang-chou,Yang-chou-shih,Yang-chow-fu,Yangchow,Yangjo shehiri,Yangtsjou,Yangzhou,Yángzhōu,yang zhou,yang zhou shi,yanghtshw,yangjeou si,yangzhw,İnçiü,Јангџоу,Янджоу,Янчжоу,יאנגצו,يانغتشو,یانگژو,ཡྰང་ཀྲོའུ།,扬州,扬州市,揚州,揚州市,양저우 시",32.39722,119.43583,P,PPL,CN,,04,3210,,,4559797,,14,Asia/Shanghai,2026-08-25,China,AS,China,0,0,0,0,793,42.737675,72.03737,60.48452,46.82648,39.855145,38.68979,31.144995,21.721098,35.844627,35.21236,29.028893,49.544724,53.68965,0.56604385
1787331,Zhangjiagang,Zhangjiagang,"CJK,Chzhanczjagan,Sha-chou,Shazhou,Yang-she-chen,Yang-she-ying,Yangshe,Zhangjiagang Shi,zhang jia gang,zhang jia gang shi,Чжанцзяган,张家港,张家港市",31.865,120.53889,P,PPLA3,CN,,04,3205,,,1432044,,13,Asia/Shanghai,2026-09-14,China,AS,China,0,0,0,0,781,44.36681,70.83078,62.13556,44.33979,42.323875,39.208607,34.431526,22.75336,41.282932,38.1625,28.884007,52.66694,56.782673,0.5774242
1787351,Yangquan,Yangquan,"Duong Tuyen,Dương Tuyền,Iong-choan-chhi,Iong-ciong,Iòng-ciòng,Iông-choân-chhī,Jancjuan,Jancjuan',Jang-cchuean,Jang-čchüan,Jangcuen,Yang-ch'uan,Yang-ch'uan-chan,Yang-ch'uan-shih,Yang-ch’üan,Yang-ch’üan-chan,Yang-ch’üan-shih,Yangquan,Yangquan Shi,yang quan,yang quan shi,yangchwan,yangchwian si,yangkwan,Јангћуен,Янцюань,یانگچوان,یانگکوان,阳泉,阳泉市,陽泉,陽泉市,양취안 시",37.8575,113.56333,P,PPLA2,CN,,24,1403,,,731228,,722,Asia/Shanghai,2025-08-20,China,AS,China,0,0,0,0,1033,53.37706,49.241802,56.15655,56.08414,39.53667,45.77056,53.909996,59.78402,62.04166,57.239025,57.89408,43.57347,58.94113,0.36315867
1787375,Yangpu,Yangpu,"Janpu,Yangpu,yang pu,Янпу,杨浦",31.26193,121.51904,P,PPLA3,CN,,23,12324204,,,1210800,,9,Asia/Shanghai,2026-09-14,China,AS,China,1,1,2,2,749,53.08605,90.49555,72.3204,58.04342,52.08944,42.422714,38.884304,26.079706,49.05927,40.10861,31.096104,64.48389,73.26923,0.454752
1787746,Yancheng,Yancheng,"Diem Thanh,Diêm Thành,Iâm-siâⁿ-chhī,Jan'chehn,Jancengo,Jancheng,Janĉengo,Jen-ccheng,Jen-čcheng,Jenchun,Sieng-siang,Sièng-siàng,YNZ,Yancheng,Yancheng City,Yen-ch'eng,Yen-ch'eng-chen,Yen-ch'eng-hsien,Yen-ch’eng,Yen-ch’eng-chen,Yen-ch’eng-hsien,yan cheng,yan cheng shi,yanchng,yencheong si,ynchyng,Јанченг,Йенчън,Яньчэн,يەنچېن شەھىرى,یانچنگ,ینچینگ,塩城市,盐城,盐城市,鹽城,옌청 시",33.3575,120.1573,P,PPLA2,CN,,04,3209,,,1615717,,3,Asia/Shanghai,2024-05-17,China,AS,China,0,0,0,0,818,37.168648,54.85148,51.61578,37.933876,35.41111,34.31478,29.714863,20.744755,33.371506,32.366528,24.054976,45.916668,46.95551,0.5444905
1787816,Ya'an,Ya'an,"Jaan',Ya'an,Ya-an-hsien,Ya-an-shih,Ya-chou,Yachow,Ya’an,Yucheng,Yucheng Qu,ya an shi,yu cheng,yu cheng qu,Яань,雅安市,雨城,雨城区",29.98521,102.999,P,PPLA2,CN,,32,5118,,,612056,,591,Asia/Shanghai,2026-09-14,China,AS,China,0,0,0,0,691,27.803175,33.591263,22.490923,27.595293,31.614033,24.661156,25.539167,25.57876,25.745161,23.77972,22.311026,28.212086,41.938847,0.34937766
1787858,Shangrao,Shangrao,"Kuanghsin,Kwangsin,SQD,Sang-zao,Shang-jao,Shang-jao-hsien,Shang-jao-shih,Shangrao,Shangrao Shi,Shangzhao,Shanzhao,Siong-jiau-chhi,Siong-ngieu,Siông-ngièu,Siōng-jiâu-chhī,Sjangrao,Song-ngieu-su,Song-ngièu-sṳ,Thuong Nhieu,Thượng Nhiêu,Xuri,sanglao si,shang rao,shang rao shi,shangraw,Šang-žao,Шангжао,Шанжао,شانگراو,上饒,上饒市,上饶,上饶市,상라오 시",28.45179,117.94287,P,PPLA2,CN,,03,3611,,,1116486,,84,Asia/Shanghai,2021-10-07,China,AS,China,0,0,0,0,651,28.264397,46.005642,40.42976,33.17003,32.79528,26.2879,18.689444,14.873387,14.774999,17.027918,21.664246,29.824862,44.33172,0.39833954
1787957,Xuhui,Xuhui,"Hsu-chia-hui,Hsu-chia-hui-chen,Hsu-chia-t'ang,Hsu-hui,Hsü-chia-hui,Hsü-chia-hui-chen,Hsü-chia-t’ang,Hsü-hui,Siccawei,Sukhuj,Xuhui,xu hui,Сухуй,徐汇",31.19594,121.44709,P,PPLA3,CN,,23,12324204,,,1109800,,11,Asia/Shanghai,2026-09-14,China,AS,China,2,2,2,2,749,53.08605,90.49555,72.3204,58.04342,52.08944,42.422714,38.884304,26.079706,49.05927,40.10861,31.096104,64.48389,73.26923,0.45626798
1788046,Xuchang,Xuchang,"Hsu-ch'ang,Hsu-ch'ang-hsien,Hsu-ch'ang-shih,Hsu-chou,Hsuchow,Hsü-chou,Hsü-ch’ang,Hsü-ch’ang-hsien,Hsü-ch’ang-shih,Hsüchow,Jiangguanchi,Sjujchan,Syuychan,Xuchang,jiang guan chi,xu chang shi,Сюйчан,将官池,许昌市",34.03189,113.86299,P,PPLA2,CN,,09,4110,1788044,,1265536,,71,Asia/Shanghai,2026-09-14,China,AS,China,0,0,0,0,842,50.11479,76.91198,62.894787,54.297176,37.96125,36.902145,40.13111,25.980644,33.55296,40.33736,45.833065,56.88654,90.11411,0.5569274
1788081,Xuancheng,Xuancheng,"Hsuan-ch'eng,Hsuan-ch'eng-hsien,Hsüan-ch’eng,Hsüan-ch’eng-hsien,Ning-kuo,Ningkwo,Ningkwofu,Suan'chehn,Suancheng,Suancheng-hsien,Süancheng,Süancheng-hsien,Xuancheng,Xuanzhou,xuan cheng shi,Суаньчэн,宣城市",30.9525,118.75528,P,PPLA2,CN,,01,3418,,,774332,,25,Asia/Shanghai,2026-09-14,China,AS,China,0,0,0,0,728,29.953136,44.325943,42.454323,33.56451,34.251945,29.562767,18.307777,17.882122,17.78105,24.93459,27.409407,28.938473,40.80295,0.447961
1788450,Xinzhou,Xinzhou,"Han Chau,Hian-chiu-chhi,Hian-chiu-chhī,Hsin,Hsin-hsien,Hsin-hsien-ch'eng,Hsin-hsien-ch’eng,Hsin-ting,Hung-ciu,Hãn Châu,Hṳ̆ng-ciŭ,Sin'chzhou,Sin'dzhou,Sin-cou,Sin-čou,Sinchow,Sinhsien,WUT,Xinfu Qu,Xinxian,Xinzhou,Xinzhou Shi,shnzhww,shynjw,sinjeou si,xin fu qu,xin zhou,xin zhou shi,Синьчжоу,Сіньджоў,شنژوو,شینجو,忻州,忻州市,忻府区,신저우 시",38.40917,112.73333,P,PPLA2,CN,,24,1409,,,544683,,794,Asia/Shanghai,2024-07-13,China,AS,China,0,0,0,0,1050,33.321712,35.989784,34.913692,38.472847,27.290277,30.521643,32.475277,30.56613,31.302551,30.874166,35.437233,30.844164,40.946365,0.31822413
1788508,Xinyu,Xinyu,"Hsin-yu,Hsin-yu-chen,Hsin-yu-hsien,Hsin-yu-hsien-ch'eng,Hsin-yu-shih,Hsin-yü,Hsin-yü-chen,Hsin-yü-hsien,Hsin-yü-hsien-ch’eng,Hsin-yü-shih,Sin'juj,Sin-jue,Sin-jü,Sin-u-chhi,Sin-yi-su,Sin-û-chhī,Sing-u,Sinyu-hsien,Sinyü-hsien,Sîn-yì-sṳ,Sĭng-ṳ̀,Tan Du,Tân Dư,Xinyu,Xinyu Shi,shynyw,sin-wi si,xin yu,xin yu shi,Синьюй,شینیو,新余,新余市,新喻,신위 시",27.80429,114.93335,P,PPLA2,CN,,03,3605,,,839488,,68,Asia/Shanghai,2025-08-20,China,AS,China,0,0,0,0,640,35.954025,54.353897,47.068897,41.178356,43.695415,29.707663,21.080973,22.79328,17.988977,24.94,29.904573,38.027916,61.2656,0.44463977
1788534,Xinyang,Xinyang,"Czinan',Hsin-yang,Hsin-yang-hsien,Hsin-yang-shih,Sinyang,Sinyang-hsien,XAI,XYW,Xinyang,Xìnyáng,shynyanj,shyn‌yang,sin-yang si,xin yang,xin yang shi,Цзинань,شينيانج,شین‌یانگ,信阳,信阳市,信陽,信陽市,신양 시",32.12278,114.06556,P,PPL,CN,,09,4107,,,1416800,,89,Asia/Shanghai,2026-09-01,China,AS,China,0,0,0,0,778,42.099255,58.829704,56.0628,51.05511,38.857647,36.415455,36.51778,21.49395,27.400406,28.526669,36.473385,42.6925,71.51371,0.49956265
1788572,Xinxiang,Xinxiang,"Hsin-hsiang,Hsin-hsiang-hsien,Hsin-hsiang-shih,Hsinghsiang,Nangandao,Sin'sjan,Singsieng,Sinsiang-hsien,Xinxiang,nan gan dao,xin xiang shi,Синьсян,南干道,新乡市",35.19033,113.80151,P,PPLA2,CN,,09,4107,,,1047088,,82,Asia/Shanghai,2025-08-19,China,AS,China,0,0,0,0,898,53.982517,78.546776,68.60105,57.5277,40.624165,39.65847,41.280693,32.0789,39.703625,47.59528,51.479298,58.84556,92.37364,0.63554496
1788852,Xining,Xining,"Hsi-ning,Hsi-ning-shih,Hszining,Sa-ning,Se-leng-chhi,Se-lêng-chhī,Shinin,Shining shehiri,Si-nen-su,Si-ning,Sihningz,Siniin,Sinin,Sining,Sining-hsien,Siningas,Siningfu,Sinino,Sî-nèn-sṳ,Să̤-nìng,Tay Ninh,Tây Ninh,XNN,Xining,Xining Shi,Xīníng,jinim,shynyng,shynyngh,siniga,sinin,sining si,sininga,sinini,sininiግ,synyng,xi ning,xi ning shi,znng,Šining,Синиин,Синин,Сининг,Сінін,Шинин,שינינג,زننگ,شينينغ,شینینگ,शिनिंग,জিনিং,ਸ਼ਿਨਿੰਗ,ཟི་ལིང་།,სინინი,ስኒንግ,ᠰᠢᠨᠢᠩ,西宁,西宁市,西寧,西寧市,시닝 시",36.62554,101.75739,P,PPLA,CN,,06,6301,,,2467965,,2275,Asia/Shanghai,2026-08-26,China,AS,China,0,0,0,0,979,26.5355,37.622307,26.730207,30.68387,31.293613,23.42298,22.673887,21.675,20.621376,22.160698,20.815857,26.998613,33.649063,0.3156998
1788927,Xingtai,Xingtai,"Chin-t'ai,Chin-t’ai,Heng-tai-chhi,Hing-dai,Hinh GJai,Hsing-t'ai,Hsing-t'ai-hsien,Hsing-tai-shih,Hsing-t’ai,Hsing-t’ai-hsien,Hêng-tâi-chhī,Hìng-dài,Hình Đài,Setay,Shun'de,Shun-te,Shunteh,Shuntehfu,Shun’de,Sing-tchaj,Singtai,Singtaj,Sintaj,XNT,Xingtai,Yingtaihsien,kei tai shi,shngtayy,shyngtay,singtai si,xing tai,xing tai shi,Сингтај,Синтай,Сінтай,شنگتائی,شینگتای,ケイ台市,邢台,邢台市,싱타이 시",37.06217,114.49272,P,PPLA2,CN,,10,1305,,,798770,,71,Asia/Shanghai,2024-05-15,China,AS,China,0,0,0,0,1000,48.456196,61.090458,62.509674,49.874054,33.584858,34.909676,40.337776,41.677956,41.342476,39.105976,52.568954,49.67361,75.154976,0.4810865
1789065,Ankang,Ankang,"AKA,An-k'ang-hsien,An-k’ang-hsien,Ankan,Ankang,Hingan,Hinganfu,Hsing-an,Xing'an,Xing’an,an kang,an kang shi,Анкан,安康,安康市",32.68,109.01722,P,PPLA2,CN,,26,6109,,,870126,,273,Asia/Shanghai,2021-10-20,China,AS,China,0,0,0,0,806,25.923489,37.59274,34.575596,33.534676,32.122917,25.564919,20.342081,17.369356,15.4538965,12.665833,19.075806,28.326113,34.96492,0.36744344
1789176,Feicheng,Feicheng,"Fehjchehn,Fei-ch'eng-hsien,Fei-ch’eng-hsien,Feicheng,Feychen,Xincheng,Фэйчэн",36.24861,116.76583,P,PPL,CN,,25,3709,,,968100,,115,Asia/Shanghai,2026-09-14,China,AS,China,0,0,0,0,962,47.839893,71.11318,56.074398,54.10632,37.33403,39.948387,40.14695,29.55753,40.11962,46.451668,41.97218,56.234585,61.455784,0.4975494
1790254,Xiaogan,Xiaogan,"Hau-gang,Hau-kam-chhi,Hieu Cam,Hiếu Cảm,Hsiao-kan,Hsiao-kan-hsien,Hàu-kám-chhī,Háu-gāng,Siao-kan,Siaokan,Siaokanhsien,Sjaogan',XJW,Xiaogan,shyawgan,syaogan si,xiao gan,xiao gan shi,Сяогань,شياۋگەن شەھىرى,شیاوگان,孝感,孝感市,샤오간 시",30.92689,113.92221,P,PPLA2,CN,,12,4209,,,908266,,35,Asia/Shanghai,2021-10-20,China,AS,China,0,0,0,0,726,53.112988,84.385345,73.841805,57.855236,50.8,46.08925,42.54583,30.26573,35.494892,33.51389,38.134544,56.148476,89.33684,0.5750345
1790353,Xianyang,Xianyang,"Ham Duong,Ham-iong-chhi,Hang-iong,Hsien-yang,Hsien-yang-hsien,Hsien-yang-shih,Hszienjang,Hàm Dương,Hàng-iòng,Hâm-iông-chhī,San'jan,Sianjangas,Sien-jang,Sienjan,Sienyanghsien,Sjan'jan,Sjanjang,Sjanjango,Syanyan,Xianyang,Xianyang Shi,seiy n hyang,shyanyang,syen-yang si,xian yang,xian yang shi,Ŝjanjango,Саньян,Сиенян,Сяньян,Сјанјанг,شیانیانگ,شیان‌یانگ,เสียนหยาง,咸阳,咸阳市,咸陽,咸陽市,셴양 시",34.33778,108.70261,P,PPLA3,CN,,26,6104,,,1034081,,387,Asia/Shanghai,2021-09-20,China,AS,China,0,0,0,0,856,55.257656,87.34112,70.918594,52.49045,40.996944,40.51922,41.86597,37.637367,39.592743,47.29652,57.220833,62.713055,85.10631,0.46698418
1790396,Xianning,Xianning,"Hsien-ning,IUO,Sjan'nin,Xianning,xian ning shi,Сяньнин,咸宁市",29.84347,114.32201,P,PPLA2,CN,,12,4212,,,512517,,30,Asia/Shanghai,2025-08-19,China,AS,China,0,0,0,0,694,46.295055,67.42729,62.40759,52.690323,43.61139,39.51519,35.344162,31.022448,25.736692,40.65486,42.988705,43.85014,71.150665,0.46847227
1790437,Zhuhai,Zhuhai,"Chau Hai,Chu Hai,Chu Hoi,Chu Hải,Chu-hai,Chu-hai-chhi,Chu-hoi-su,Chu-hái-chhī,Chyu Hoy,Chzhukhaj,Châu Hải,Chû-hói-sṳ,Cio-hai,Ciŏ-hāi,Cu-chaj,Dzhukhaj,Dzukhaj,Guhaj,Heung chau,Hsiang-chou,Hsiang-chou-chen,Hsiang-chou-fou,Huengchow,Juxey shehiri,Xiangzhou,ZUH,Zhuhai,Zhūhǎi,Zyu Hoi,g'whʼy,juhai si,jwhay,zhu hai,zhu hai shi,zwhay,Ču-chaj,Ĝuhaj,Џухај,Джухай,Чжухай,ג'והאי,جوهای,زوهاي,ژوہوئی,珠海,珠海市,주하이 시",22.27694,113.56778,P,PPLA2,CN,,30,4404,6571326,,2207090,,35,Asia/Shanghai,2025-11-15,China,AS,China,0,0,2,2,505,32.65472,46.366398,41.46845,33.470028,37.812782,23.361156,14.455141,29.206047,19.911829,20.926388,32.30712,34.410416,58.27124,0.39349055
1790492,Xiangtan,Xiangtan,"Hsiang-t'an-ch'eng,Hsiang-t'an-hsien,Hsiang-t'an-shih,Hsiang-tan,Hsiang-t’an-ch’eng,Hsiang-t’an-hsien,Hsiang-t’an-shih,Siang-tchan,Siangtan,Siangtanhsien,Siong-tang,Siong-tham-chhi,Siong-tham-su,Siong-thâm-chhī,Siong-thâm-sṳ,Siŏng-tàng,Sjangtan,Sjantan,Sjantan',Tuong GJam,Tương Đàm,Xiangtan,Xiangtan Shi,shyangtan,syangtan si,xiang tan,xiang tan shi,Сянтан,Сянтань,Сјангтан,شیانگتان,სიანტანი,湘潭,湘潭市,샹탄 시",27.85,112.9,P,PPLA2,CN,,11,4303,,,959303,,31,Asia/Shanghai,2021-10-20,China,AS,China,0,0,0,0,636,47.616737,81.1754,63.66205,50.31358,55.37555,36.370434,30.823334,32.749596,22.34409,30.975,35.70806,45.856113,86.71533,0.5144155
1790587,Xiangyang,Xiangyang,"Fancheng,Fancheng Zhen,Hsiang-fan,Hsiang-yang,Hsiang-yang-hsien,Hsziangjang,Siang-jang,Siangfan,Siangyang,Siangyang-hsien,Sjan'jan,Sjangjang,Sjanujan,Tuong Duong,Tương Dương,XFN,Xiangfan,Xiangfan Shi,Xiangyang,Xiangyang Shi,Xiangyangfu,Xiāngfán,Xiāngyáng,fan cheng,fan cheng zhen,syang-yangsi,syʼng-yʼng,xiang fan,xiang fan shi,xiang yang,xiang yang fu,xiang yang shi,Šjangjang,Сян'ян,Сянъян,Сјангјанг,שיאנג-יאנג,شياڭفان شەھىرى,樊城,樊城镇,襄樊,襄樊市,襄阳,襄阳市,襄阳府,襄陽,襄陽市,샹양시",32.0422,112.14479,P,PPLA2,CN,,12,4206,,,1294733,,71,Asia/Shanghai,2026-01-19,China,AS,China,0,0,0,0,777,44.185524,71.93077,53.278713,47.38387,39.86889,37.897175,30.62486,28.69745,27.775002,29.727638,39.64758,44.769592,78.48065,0.5313653
1790630,Xi’an,Xi'an,"Ch'ang-an,Ch'ang-an-hsien,Ch’ang-an,Ch’ang-an-hsien,Hsi Gnan Fu,Hsi-an,Hsi-an-shih,Hsi-ching,Hsi-ching-shih,Hsingan,SIA,Si-Gan-Fu,Sian,Sian',Siana,Sianas,Sianfu,Siano,Siaņa,Siking,Singan,Singano,Sjan,Tay An,Tây An,Xi'an,Xi'an - xi an,Xi'an Shi,Xian,Xi’an,Xi’an Shi,Xī'ān,jiyana,shyan,si xan,si'ana,sian si,siyani,syan,xi an,xi an shi,Ŝiano,Ŝingano,Šjan,Сиань,Сіань,سیان,شىئەن شەھىرى,شيآن,शिआन,জিয়ান,ਸ਼ੀਆਨ,ซีอาน,ስያን,西安,西安市,시안 시",34.25833,108.92861,P,PPLA,CN,,26,6101,,,12952907,,416,Asia/Shanghai,2026-08-26,China,AS,China,0,0,0,0,856,55.257656,87.34112,70.918594,52.49045,40.996944,40.51922,41.86597,37.637367,39.592743,47.29652,57.220833,62.713055,85.10631,0.4640895
1790645,Xiamen,Xiamen,"A-muong,Amoy,E-mng-chhi,Ha Mon,Ha-mun-su,Ha-mùn-sṳ,Hiyamin,Hsia-men,Hsia-men-shih,Hsziamen,Hạ Môn,Shamen,Sia-men,Siamen,Siamenas,Sjamehn',Sjamen,Sjamen',Sjamun,Sjamyn',Ssu-ming,Ssu-ming-hsien,Szeming-hsien,XMN,Xiamen,Xiamen - sha men,Xiamen City,Xiamen Shi,seiy he min,sha men,sha men shi,shyamn,shyamyn,siamini,syameon si,Â-muòng,Ē-mn̂g-chhī,Šjamen,Σιαμέν,Сямень,Сямън,Сямынь,Сямэнь,Сјамен,שיאמן,شيامن,شيامېن شەھىرى,شیامن,شیامین,เซี่ยเหมิน,სიამინი,厦门,厦门市,廈門,廈門市,샤먼 시",24.47979,118.08187,P,PPLA2,CN,,07,,,,4617251,,12,Asia/Shanghai,2024-09-05,China,AS,China,1,1,1,1,561,31.912546,35.112637,44.070835,42.610214,44.563477,31.954298,24.34083,25.566933,26.467607,30.393892,24.016665,23.137638,31.723923,0.35359415
1790840,Wuzhou,Wuzhou,"Ng-chu-su,Ngo Chau,Ngo-chiu-chhi,Ngouzcouh,Ngu-ciu,Ngô Châu,Ngô͘-chiu-chhī,Ngù-ciŭ,Ts'ang-wu,Ts'ang-wu-hsien,Ts’ang-wu,Ts’ang-wu-hsien,Uchzhou,Vudzou,WUZ,Wu-chou,Wu-chou-shih,Wu-cou,Wu-čou,Wuchow,Wuzhou,ujeou si,wazhw,wu zhou,wu zhou shi,wwzhww,Ǹg-chû-sṳ,Вуџоу,Учжоу,واژو,ووژوؤ,ووژوو,梧州,梧州市,우저우 시",23.48054,111.28848,P,PPLA2,CN,,16,4504,,,761948,,51,Asia/Shanghai,2021-10-14,China,AS,China,0,0,0,0,541,25.581236,36.965054,33.89137,30.663443,41.818195,20.100672,14.077363,19.698118,17.939653,17.156944,22.11707,17.381527,35.586155,0.48021472
1790842,Wuzhong,Wuzhong,"Uchzhun,Uchzhunpu,Wu-chung,Wu-chung-p'u,Wu-chung-pao,Wu-chung-p’u,Wu-chung-shih,Wuzhong,Wuzhong Xian,Wuzhong Zhen,wu zhong,wu zhong shi,wu zhong zhen,Учжун,吴忠,吴忠市,吴忠镇",37.9867,106.201,P,PPLA2,CN,,21,6403,,,7202654,,1133,Asia/Shanghai,2026-08-13,China,AS,China,0,0,0,0,1031,27.927668,27.88616,33.839436,44.172714,53.33639,38.49261,24.887638,18.522043,17.644625,15.885418,20.727013,20.103888,20.2871,0.30274746
1790923,Wuxi,Wuxi,"Bu-sek-chhi,Bû-sek-chhī,U-sek,Usi,Usis,Vo Tich,Vuhszi,Vusi,Vusio,Vuzsiz,Vuŝio,Vuši,Vô Tích,WUX,Wu-hsi,Wu-hsi-hsien,Wu-hsi-shih,Wu-si,Wusih,Wusih-hsien,Wusihsien,Wuxi,Wuxi Shi,usi si,vukasi,wu xi,wu xi shi,wwshy,wwsy,xu si,Ù-sék,Вуси,Уси,Усі,Үshi,Үши,וושי,ووشي,ووشی,ۋۇشى شەھىرى,ਵੁਕਸੀ,อู๋ซี,ཝུའུ་ཞི།,无锡,无锡市,無錫,無錫市,우시 시",31.56887,120.28857,P,PPLA2,CN,,04,3202,,,4396835,,10,Asia/Shanghai,2025-02-26,China,AS,China,0,0,0,0,763,49.955467,80.469086,66.971886,49.62271,47.056946,42.843143,36.98986,25.716795,42.638844,45.073887,35.9793,61.889023,65.576614,0.520592
1791121,Changde,Changde,"CGD,Cangde,Cchang-te,Ch'ang-te,Ch'ang-te-ch'eng,Ch'ang-te-hsien,Ch'ang-te-shih,Chandeh,Changde,Changde Shi,Changteh,Changteh-hsien,Ch’ang-te,Ch’ang-te-ch’eng,Ch’ang-te-hsien,Ch’ang-te-shih,Siong-daik,Siong-tek-chhi,Siòng-dáik,Siông-tek-chhī,Song-tet-su,Sòng-tet-sṳ,Thuong GJuc,Thường Đức,Wuling,chang de,chang de shi,changda,changdeo si,changdy,Čangdė,Čchang-te,Чангде,Чандэ,چانگدا,چانگدی,常徳,常徳市,常德,常德市,창더 시",29.03205,111.69844,P,PPLA3,CN,,11,4307,,,1457419,,38,Asia/Shanghai,2025-03-18,China,AS,China,0,0,0,0,670,38.360657,60.835342,54.250896,45.69691,41.897358,31.675272,28.638752,23.108875,19.982931,23.851112,33.668552,36.992638,60.555096,0.4954293
1791236,Wuhu,Wuhu,"Bu-ho-chhi,Bû-hô͘-chhī,Ouhu,U-hu,Ukhu,Vu Ho,Vu Hồ,Vuhu,Vukhu,Vuĥu,WHU,Wu-chu,Wu-hu-hsien,Wu-hu-shih,Wuhu,Wuhu Shi,Wúhú,uhu si,waha,wu hu,wu hu shi,wwhw,Ù-hù,Вуху,Уху,Վուհու,ווחו,واها,ووہو,芜湖,芜湖市,蕪湖,蕪湖市,우후 시",31.35259,118.42947,P,PPLA2,CN,,01,3402,,,1598165,,9,Asia/Shanghai,2026-01-20,China,AS,China,0,0,0,0,744,39.87564,67.59113,53.39405,42.755775,37.782913,35.190853,27.585142,22.871506,25.212227,34.597916,34.129166,43.120285,55.05537,0.60313326
1791247,Wuhan,Wuhan,"Bu-han-chhi,Bú-hàn-chhī,Gouchan,Owhan,U-hang,Uhan,Uhana,Uhanas,Uhaņa,Ukhan,Ukhan',Uxan,Vu Han,Vu-hon-su,Vuhan,Vuhani,Vuhano,Vujhan,Vukhan,Vú-hon-sṳ,Vũ Hán,WUH,Wu-chan,Wu-han-shih,Wuhan,Wuhan Shi,uhan si,uhana,ukhani,uuxan,vuhana,vukan,vukhana,whan,wu han,wu han shi,wwhan,xu han,Ū-háng,Γουχάν,Вухан,Вухан балһсн,Ухан,Ухань,Үkhan',Үхань,Үһән,Ուհան,ווהאן,وهان,ووهان,ووھان,ووہان,ۋۇخەن شەھىرى,ܘܘܗܐܢ,वूहान,উহান,ਵੂਖ਼ਨ,வுகான்,വൂഹാൻ,อู่ฮั่น,ཝུའུ་ཧན་གྲོང་ཁྱེར།,ဝူဟန့်မြို့,უხანი,ዉሃን,武汉,武汉市,武漢,武漢市,우한 시,𐍅𐌿𐌷𐌰𐌽",30.58333,114.26667,P,PPLA,CN,,12,4201,,,13739000,,20,Asia/Shanghai,2026-08-26,China,AS,China,0,0,0,0,711,66.45535,104.17928,90.299545,72.97016,62.78402,53.76399,54.174862,36.806988,41.417465,49.35973,51.949463,76.16112,105.15187,0.5756823
1791351,Wuchang,Wuchang,"Uchan,Wu-ch'ang-sheng,Wu-ch'ang-shih,Wu-ch’ang-sheng,Wu-ch’ang-shih,Wuchang,Wuchang Fu,Учан",30.54314,114.30068,P,PPLX,CN,,12,4201,,,1102188,,42,Asia/Shanghai,2026-09-14,China,AS,China,0,0,0,0,711,66.45535,104.17928,90.299545,72.97016,62.78402,53.76399,54.174862,36.806988,41.417465,49.35973,51.949463,76.16112,105.15187,0.5756823
1791388,Wenzhou,Wenzhou,"On Chau,Un-chiu-chhi,Un-chiu-chhī,Ung-ciu,Uundzhou,Vehn'chzhou,Ven'chzhou,Vencsou,Vendzou,Vendžou,Vengou,Venĝou,Vun-chu-su,Vûn-chû-sṳ,WNZ,Wen-chou,Wen-chou-shih,Wen-cou,Wen-čou,Wenchow,Wenchow-fu,Wenju shehiri,Wentsjou,Wenzhou,Wenzhou Shi,Whenzou,Wénju shehiri,Wēnzhōu,Yongjia,Yung-chia,Yung-chia-hsien,Yungkai,Yungkia,Yungkia-hsien,wen zhou,wen zhou shi,wntshw,wnzhw,wonjeou si,Ôn Châu,Ŭng-ciŭ,Веньчжоу,Венџоу,Вэньчжоу,Уънджоу,ونتشو,ونژو,温州,温州市,溫州市,원저우 시",27.99942,120.66682,P,PPLA3,CN,,02,3303,,,2650000,,10,Asia/Shanghai,2026-04-05,China,AS,China,0,0,0,0,642,36.631325,55.567192,46.304756,51.745026,47.204304,37.108467,28.58708,19.5832,21.209543,26.005976,27.404976,36.91486,42.624466,0.45329455
1791544,Wenchang,Wenchang,"Bun-chhiong-chhi,Bûn-chhiong-chhī,Mencheong,Mencheonghsien,Van Xuong,Vehn'chan,Vun Sio,Văn Xương,WEC,Wen-ch'ang-hsien,Wen-ch'eng-chen,Wen-chiang,Wen-ch’ang-hsien,Wen-ch’eng-chen,Wenchang,Wenchang Shi,Wencheng,Wencheng Zhen,wen chang,wen chang shi,wen cheng,wen cheng zhen,wonchang si,wynchang,Вэньчан,وینچانگ,文城,文城镇,文昌,文昌市,원창 시",19.55158,110.80279,P,PPLA3,CN,,31,1791540,,,560894,,17,Asia/Shanghai,2022-11-11,China,AS,China,0,0,0,0,445,14.250685,22.259008,18.65506,17.524462,18.441528,8.684005,9.308332,10.042338,9.442741,7.8827786,12.041264,18.282084,18.77124,0.35019386
1791636,Weinan,Weinan,"Oi-nang,Ui-lam-chhi,Vehjnan',Veinan,Vejnan,Veynan,Vi Nam,Vị Nam,Wei-nan-hsien,Weinan,Weinan Shi,Wej-nan,waynan,wei nan,wei nan shi,weinan si,wyynan,Ôi-nàng,Ūi-lâm-chhī,Вејнан,Вэйнань,وئینان,واینان,渭南,渭南市,웨이난 시",34.50355,109.50891,P,PPLA2,CN,,26,6105,,,1199290,,354,Asia/Shanghai,2021-11-11,China,AS,China,0,0,0,0,857,34.14106,48.596638,44.33095,40.141396,33.327637,32.69543,28.6475,22.815458,25.432795,20.971943,27.272985,36.263474,49.622982,0.45102814
1791673,Weihai,Weihai,"Ui-hai,Ui-hai-chhi,Ui-hái-chhī,Uy Hai,Uy Hải,Vehjkhaj,Veihai,WEH,Wei-hai-shih,Wei-hai-wei,Wei-hai-wei-shih,Weihai,Weihai Shi,Wej-chaj,wei hai,wei hai shi,weihai si,wey hi,wihae,wyhay,Ŭi-hāi,Вэйхай,ویهای,وییہائی,ۋېيخەي شەھىرى,เวยไห่,威海,威海市,웨이하이 시,위해",37.50914,122.11356,P,PPLA2,CN,,25,3710,,,844310,,14,Asia/Shanghai,2021-10-09,China,AS,China,0,0,0,0,1017,24.144825,25.740461,23.572323,30.40591,23.7693,27.241268,25.20514,17.629705,18.522581,24.674864,17.873655,31.664171,23.66492,0.41540182
1791681,Weifang,Weifang,"Duy Phuong,Duy Phường,I-hng-chhi,Vehjfan,Vejfan,Vejfang,WEF,Wei,Wei-fang-shih,Wei-hsien,Weifang,Wej-fang,Wéifāng,i fang shi,wei fang,wei fang shi,weipang si,wyfang,Î-hng-chhī,Вейфан,Вејфанг,Вэйфан,ویفانگ,イ坊市,潍坊,潍坊市,濰坊,웨이팡 시",36.71,119.10194,P,PPL,CN,,25,3707,,,9386705,,30,Asia/Shanghai,2026-08-25,China,AS,China,0,0,0,0,983,41.370564,60.27016,47.14271,41.105377,30.553888,32.045696,32.86528,26.927956,35.558197,52.705418,30.735214,57.960556,49.412766,0.5474752
1791748,Wanxian,Wanxian,"Gaosuntang,Vansjan',Wan,Wan-Hsien,Wan-hsien-shih,Wanshien,Wanxian,wan zhou,Вансянь,万州",30.81601,108.37407,P,PPLA3,CN,,33,8739734,,,859662,,232,Asia/Shanghai,2026-09-14,China,AS,China,0,0,0,0,724,38.509014,71.38414,45.824703,43.75363,45.03583,33.71949,27.216251,20.512901,19.09852,19.12125,23.744219,45.614025,67.241264,0.49531308
1791779,Wanning,Wanning,"Maning,Manning,Manyun,Van Leng,Van'nin,WXJ,Wan,Wan-ch'eng-chen,Wan-ch’eng-chen,Wan-hsien,Wan-ning-hsien,Wancheng,Wanning,Wanning Shi,wan cheng,wan ning,wan ning shi,wanning si,wannyng,Ваньнин,واننینگ,万城,万宁市,万寧,万寧市,萬寧,완닝 시",18.79931,110.3841,P,PPLA2,CN,,31,1791778,,,545992,,15,Asia/Shanghai,2026-09-14,China,AS,China,0,0,0,0,425,14.035831,22.052956,18.082293,17.982124,18.285555,8.359947,9.406251,9.432258,9.75578,8.124027,11.777419,18.013752,17.474596,0.32041603
1792892,Tianshui,Tianshui,"THQ,Tianshui,Tiānshuǐ,Tjan'shuj,tian shui,tian shui shi,Тяньшуй,天水,天水市",34.57952,105.74238,P,PPLA3,CN,,15,6205,,,1212791,,1153,Asia/Shanghai,2026-09-14,China,AS,China,0,0,0,0,854,20.981358,31.104303,26.997173,22.930779,29.084166,21.45511,20.326391,12.969757,12.748789,13.775275,14.405781,20.785135,25.777418,0.28671503
1792947,Tianjin,Tianjin,"T'ien-chin,T'ien-ching,T'ien-ching-shih,TSN,Tchien-tin,Tchien-ťin,Tehnd'iin,Thien Tan,Thien-tsin,Thiên Tân,Thiên-tsîn,Tiandzinas,Tianjin,Tianjin Shi,Tianjing,Tianjín,Tiantzin,Tiencin,Tiencsin,Tiendzin,Tientsin,Tiençin,Tjan'czin',Tjandzin,Tjandzina,Tjandžin,Tjangino,Tjanĝino,Tjaņdziņa,Tjencin,Tyan'czin',Tyantszin,T’ien-chin,T’ien-ching,T’ien-ching-shih,cheonjin,theiyn cin,ti'anjina,tian jin,tian jin shi,tiyanajina,tiyanijini,tiyanjin,tyanjina,tyanjn,tyanjyn,tyenjin si,tyyng'yn,Τιαντζίν,Тиендзин,Тэндьиин,Тяньцзинь,Тяньцзінь,Тјенцин,טיינג'ין,تيانجين,تيەنجىن شەھىرى,تیانجن,تیانجین,तिआंजिन,त्यांजिन,তিয়ানজিন,ਤਿਆਂਜਿਨ,தியான்ஜின்,ടിയാൻജിൻ,เทียนจิน,ཐན་ཅིན ་གྲོང་ཁྱེར།,ထျန်းကျင်းမြို့,ტიანძინი,ትያንጂን,天津,天津市,천진,톈진 시",39.14222,117.17667,P,PPLA,CN,,28,12324202,,,13866009,,11,Asia/Shanghai,2026-08-26,China,AS,China,0,0,0,0,1072,60.25744,82.229034,72.473656,51.428356,38.102356,40.709408,42.360554,43.55994,49.26008,56.575832,64.587776,84.786385,97.57863,0.5057011
1793036,Chengtangcun,Chengtangcun,"Chengtangcun,T'eng,T'eng-hsien,Tehnchzhou,Teng Xian,Tengzhou,Tengzhou Shi,T’eng,T’eng-hsien,cheng tang cun,teng xian,teng zhou,teng zhou shi,Тэнчжоу,滕县,滕州,滕州市,程堂村",35.08357,117.19071,P,PPL,CN,,25,3704,,,1756300,,83,Asia/Shanghai,2026-09-02,China,AS,China,0,0,0,0,900,53.85504,84.20416,72.64137,61.00955,44.730694,46.097046,44.4175,28.318148,40.56358,46.791393,43.628895,66.708466,68.55577,0.5766736
1793346,Tangshan,Tangshan,"GJuong Son,T'ang-shan-chen,T'ang-shan-shih,TVS,Tan'nksan,Tangsan,Tangsanas,Tangsano,Tangshan,Tangŝano,Tangšan,Tangšanas,Tanshan,Tanshan',Tchang-san,Tchang-šan,Tongshan,Tángshān,T’ang-shan-chen,T’ang-shan-shih,tang shan,tang shan shi,tangasana,tangsan si,tangsana,tangshan,tʼngsʼn,Đường Sơn,Τανγκσάν,Тангшан,Таншан,Таншань,טאנגשאן,تانگشان,تاڭشەن شەھىرى,तांग्शान,ਤਾਂਗਸ਼ਾਨ,ടാങ്ഷാൻ,唐山,唐山市,탕산 시",39.64381,118.18319,P,PPLA2,CN,,10,1302,,,3372102,,7,Asia/Shanghai,2025-05-23,China,AS,China,0,0,0,0,1085,46.659954,54.29543,51.25119,44.335213,32.613884,38.277153,38.498753,38.706985,39.80511,49.663754,48.940186,60.55903,63.246105,0.49127665
1793424,Tanggu,Tanggu,"T'ang-ku,Taku,Tanggu,Tango,Tung-ku,T’ang-ku,tang gu,Танго,塘沽",39.02111,117.64694,P,PPL,CN,,28,12324202,,,535298,,6,Asia/Shanghai,2021-09-20,China,AS,China,0,0,0,0,1073,45.165573,54.716667,52.860416,45.08454,33.675415,34.975132,35.66389,34.845436,37.10363,44.83903,44.512638,60.38013,63.87769,0.53001064
1793505,Taizhou,Taizhou,"T'ai,T'ai-chou,T'ai-chou-shih,T'ai-hsien,T'ai-hsien-ch'eng,TZR,Tai-ciu,Taichow,Taitsjou,Taizhou,Taizhou Shi,Taizhou i Jiangsu,Tajchzhou,Tajdzhou,Tajdzou,Tajgou,Tajĝou,Tchaj-cou,Tchaj-čou,Teyju shehiri,Thai Chau,Thai-chiu-chhi,Thài-chiu-chhī,Thái Châu,Tái-ciŭ,T’ai,T’ai-chou,T’ai-chou-shih,T’ai-hsien,T’ai-hsien-ch’eng,YTY,tai zhou,tai zhou shi,taijeou si,tayyzhw  jyangsw,tayzhw,Тайджоу,Тайчжоу,Тајџоу,تائیژو، جیانگسو,تایژو,泰州,泰州市,타이저우 시",32.49069,119.90812,P,PPLA3,CN,,04,3212,,,1607108,,10,Asia/Shanghai,2026-01-14,China,AS,China,0,0,0,0,794,42.108322,67.39651,61.385418,43.28589,39.260273,36.958065,32.240696,21.781588,37.89328,35.431664,27.8703,49.706806,53.5742,0.5820493
1793511,Taiyuan,Taiyuan,"Daiyienz,T'ai-yuan-shih,TYN,Tai-nguong,Taigiouan,Taijuan,Taijuana,Taijuaņa,Taiyuan,Taiyuan Shi,Taiyuan-fu,Taiyuenum,Taiyüan-fu,Tajjuan',Tajjuean,Tajjuen,Tajjüan,Tajuanas,Tajuano,Tayyuan,Tchaj-juean,Tchaj-jüan,Thai Nguyen,Thai-goan-chhi,Thài-goân-chhī,Thái Nguyên,Tái-nguòng,T’ai-yüan-shih,Yang-ch'u,Yang-ch’ü,Yangku,Yangkü,Yanka,ta'iyu'ana,ta'iyuyana,tai yuan,tai yuan shi,taiwian si,tay ywan,tayiwani,tayy ywan,tayywan,thayyu'ana,thi hywn,Ταϊγιουάν,Таијуан,Тайюань,Тайюен,טאי-יואן,تائی یوآن,تائی‌یوان,تاي يوان,تاییوان,تەييۈەن شەھىرى,ताइयुआन,थाय्युआन,তাইয়ুয়ান,ਤਾਈਯੂਆਨ,ไท่หยวน,ታይዋን,太原,太原市,타이위안 시",37.86944,112.56028,P,PPLA,CN,,24,1401,,,5305061,,795,Asia/Shanghai,2026-08-26,China,AS,China,0,0,0,0,1032,37.000748,36.098255,37.0567,42.658596,30.53542,35.377285,37.8218,37.18508,37.410748,36.74819,42.712902,32.112778,37.948788,0.39820507
1793703,Taicang,Taicang,"Chengxiang,Chengxiang Zhen,T'ai-ts'ang,T'ai-ts'ang-ch'eng,T'ai-ts'ang-hsien,Taicang,Taicang Shi,Tajcan,T’ai-ts’ang,T’ai-ts’ang-ch’eng,T’ai-ts’ang-hsien,cheng xiang,cheng xiang zhen,tai cang,tai cang shi,Тайцан,城厢,城厢镇,太仓,太仓市",31.44778,121.09389,P,PPLA3,CN,,04,3205,,,831113,,4,Asia/Shanghai,2026-09-14,China,AS,China,0,0,1,1,765,58.421986,79.5957,67.44479,55.317337,57.250698,53.173256,56.469036,36.795425,66.07579,55.63722,38.04194,68.59652,67.67689,0.49782196
1793724,Tai’an,Tai'an,"T'ai-an-hsien,T'ai-an-shih,Tai'an,Taianfu,Tai’an,Tajan',T’ai-an-hsien,T’ai-an-shih,tai an shi,Тайань,泰安市",36.18528,117.12,P,PPLA2,CN,,25,3709,,,1735425,,143,Asia/Shanghai,2025-08-19,China,AS,China,0,0,0,0,948,56.33429,90.83092,71.97233,62.16008,42.98834,44.989784,44.239864,28.621508,43.69825,52.59097,46.678234,73.103195,75.25053,0.52791274
1793743,Suzhou,Suzhou,"Su-hsien,Suchow,Suchzhou,Suxian,Suzhou,su zhou shi,Сучжоу,شيۇجۇ شەھىرى,宿州市",33.63611,116.97889,P,PPLA2,CN,,01,3413,,,1647642,,34,Asia/Shanghai,2024-03-26,China,AS,China,0,0,0,0,829,52.033215,88.19181,70.83543,61.31331,44.650005,46.19623,38.68111,25.234678,36.176746,37.46153,45.682125,61.05639,69.89113,0.56882143
1793771,Suqian,Suqian,"Hsui-ch'ien,Hsui-ch’ien,Su-ch'eng-chen,Su-ch'ien,Su-ch'ien-ch'eng,Su-ch'ien-hsien,Su-ch’eng-chen,Su-ch’ien,Su-ch’ien-ch’eng,Su-ch’ien-hsien,Sucjan',Suqian,Sutsien,Sutsienhsien,su qian shi,Суцянь,宿迁市",33.94917,118.29583,P,PPLA2,CN,,04,3213,,,1437685,,23,Asia/Shanghai,2026-09-14,China,AS,China,0,1,0,2,845,41.182335,69.20147,54.46652,48.36559,35.357918,39.06908,31.519306,22.675268,29.336021,31.610971,30.86613,51.14111,51.377026,0.57586557
1793879,Suizhou,Suizhou,"Suej-cou,Suej-čou,Suejdzou,Sui,Sui-chiu-chhi,Sui-ciu,Sui-hsien,Suichow,Suixian,Sujchzhou,Suî-chiu-chhī,Sùi-ciŭ,Tuy Chau,Tùy Châu,ssu-ijeou si,sui zhou,sui zhou shi,swyzhw,Суејџоу,Суйчжоу,سویژؤ,随州市,隨州,쑤이저우 시",31.71111,113.36306,P,PPLA2,CN,,12,4213,,,618582,,67,Asia/Shanghai,2021-10-20,China,AS,China,0,0,0,0,759,36.838013,54.641266,45.36161,44.858467,34.951805,32.49731,30.771526,18.841938,22.815592,21.985691,34.14449,37.979446,63.333073,0.5106092
1793900,Suining,Suining,"Soi-ning,Suej-ning,Sui-leng-chhi,Sui-nen-su,Sui-ning-hsien,Suining,Sujnin,Suynin,Sôi-nìng,Súi-nèn-sṳ,Sūi-lêng-chhī,Toai Ninh,Toại Ninh,ssu-ining si,sui ning,sui ning shi,swynyng,Суйнин,سوئنینگ,سوینینگ,遂宁,遂宁市,遂寧,遂寧市,쑤이닝 시",30.50802,105.57332,P,PPLA3,CN,,32,5109,,,656760,,291,Asia/Shanghai,2021-10-19,China,AS,China,0,0,0,0,708,34.473976,56.38213,43.125446,36.928093,40.702637,26.187098,24.014864,20.010887,19.750404,19.120693,23.521103,47.194164,57.366,0.55034924
1794035,Songjiang,Songjiang,"Songjiang,Songjiang Qu,Sunchiang,Sunczjan,Sung-chiang,Sung-chiang-hsien,Sungkiang,Sungkiang-hsien,Sunkiang,Sunkiangfu,song jiang,song jiang qu,Сунцзян,松江,松江区",31.03443,121.22326,P,PPLA3,CN,,23,12324204,,,1973500,,3,Asia/Shanghai,2026-09-14,China,AS,China,1,1,2,2,748,83.156166,116.952705,96.76726,80.911156,74.01763,68.93253,76.2986,51.442204,79.44703,80.969864,66.48656,103.212776,103.81329,0.4754202
1794140,Sishui,Sishui,"Sishui,Ssu-shui,Ssu-shui-hsien,Syshuj,Szeshuihsien,Сышуй",35.64889,117.27583,P,PPL,CN,,25,3708,,,552300,,112,Asia/Shanghai,2026-09-14,China,AS,China,0,0,0,0,925,49.371334,78.83226,65.26786,56.12244,39.817226,41.52205,39.94653,24.774464,36.693954,43.956955,39.863308,61.898052,64.916534,0.4650708
1794903,Shiyan,Shiyan,"Chap-ian-chhi,Cha̍p-ián-chhī,S-jen,Sek-ieng,Shih-yen,Shih-yen-chen,Shih-yen-shih,Shijan',Shijen,Shiyan,Shiyan Shi,Shujen,Sĕk-iēng,Thap Yen,Thập Yển,WDS,seuyen si,shi yan,shi yan shi,shyyan,Š-jen,Шиянь,Шијен,Шъйен,شییان,十堰,十堰市,스옌 시",32.6475,110.77806,P,PPLA2,CN,,12,4203,,,3460000,,247,Asia/Shanghai,2018-12-06,China,AS,China,0,0,0,0,807,31.267513,46.37097,44.181698,37.23723,32.335693,29.350538,22.52264,21.662903,18.51183,18.430418,28.118547,29.857363,47.172844,0.40731177
1795270,Shijiazhuang,Shijiazhuang,"Chen-t'ou,Chen-t’ou,Chentow,Chioh-ka-chng-chhi,Chio̍h-ka-chng-chhī,S'-tia-cuang,SJW,Shicziyajuan,Shiczjachzhuan,Shih-chia-chuang,Shih-chia-chuang-shih,Shih-chuang-shih,Shih-men,Shih-men-shih,Shihjiazhuang,Shihkiachwan,Shihkiachwang,Shijiazhuang,Shijiazhuang Shi,Shitszyachzhuan,Shizhjazhuan,Shudzjadzhuan,Siciyajuang,Sicsiacsuang,Sidziadzuangas,Sidzjadzuana,Sidzjadzuang,Sigjaguango,Sioh-ga-cong,Sitziazouank,Siŏh-gă-cŏng,Swzgyahcuengh,Thach Gia Trang,Thạch Gia Trang,chux ceiy cwng,sa-cyacvanga,seujajwang si,sh-gyʼgwwʼng,shi jia zhuang,shi jia zhuang shi,shidziajuani,shijiyawaniግ,shjya jھwang,shyjyatshwangh,shyjyazhwang,sijiyajhu'anga,sijiyajhuyam,sizi'azu'anga,Ŝiĝjaĝŭango,Şiciyajuang,Šidziadžuangas,Šidzjadžuana,Šidžjadžuang,Š’-ťia-čuang,Σιτζιαζουάγκ,Шижяжуан,Шицзячжуан,Шиђаџуанг,Шъдзяджуан,Շիցզյաչժուան,שה-גיאגוואנג,شجیا جھوانگ,شىجياجۇاڭ شەھىرى,شيجياتشوانغ,شیجیاژوانگ,शिजियाझुआंग,ष-च्याच्वांग,শিজিয়াঝুয়াং,ਸ਼ੀਜ਼ੀਆਜ਼ੂਆਂਗ,ฉือเจียจวง,შიძიაჯუანი,ሺጂያዋንግ,石家庄,石家庄市,石家荘,石家荘市,石家莊,石家莊市,스자좡 시",38.04139,114.47861,P,PPLA,CN,,10,1301,,,5758403,,77,Asia/Shanghai,2026-09-02,China,AS,China,0,0,0,0,1034,61.550304,76.78415,72.08065,55.33628,38.689438,43.31116,49.651104,54.537098,61.984535,56.706387,69.4461,61.563896,98.2547,0.49943283
1795565,Shenzhen,Shenzhen,"Bao'an,Chhum-chun-su,Chhṳ̂m-chun-sṳ,Pao-an,Pao-an-hsien,SZX,Sam Zan,Sen-cen,Sencjen,Sencsen,Sendzenas,Senjeno,Senzden,Senzen,Sham Chan,Sham Chun,Sham Chun Hu,Shehn'chzhehn',Shen'chzhen',Shen-ch'uan,Shen-ch'uan-chen,Shen-ch'uan-hsu,Shen-ch'üan,Shen-ch'üan-chen,Shen-ch'üan-hsü,Shen-chen,Shen-chun,Shendzen,Shenzen,Shenzhen,Shiem Chun,Shumchun,Shumchün,Shundzhun,Shēnzhèn,Tham Quyen,Thâm Quyến,Tschhimtschun,bao an,cenccen,sainazaina,sein cein,senacena,sencena,senjhena,seonjeon si,shen zhen,shen zhen shi,shensen shi,shynzhyn,shynzyn,simcheon,sng'n,xin an,Ŝenĵeno,Şençjen,Šen-čen,Šendženas,Šenžden,Šenžen,Шеньчжень,Шенџен,Шънджън,Шэньчжэнь,שנג'ן,شن‌ژن,شينزين,شینژین,شېنجېن شەھىرى,शेन्झेन,षेंचेन,শেনচেন,ਸ਼ੈਨਜ਼ੈਨ,சென்ச்சென்,షెన్‌జెన్,เซินเจิ้น,宝安,寶安,新安,深セン市,深圳,深圳市,선전 시,심천",22.54554,114.0683,P,PPLA2,CN,,30,4403,,,17494398,,4,Asia/Shanghai,2025-10-22,China,AS,China,7,7,18,19,506,35.249905,43.878216,37.77619,35.256718,40.629585,28.744627,18.966114,35.210888,26.948256,26.47986,36.120964,34.767776,57.81398,0.4091092
1795855,Shaoxing,Shaoxing,"RNX,Sao-sing,Saosing,Shao-hsing,Shaohing,Shaohingfu,Shaosin,Shaosing,Shaoxing,Shaoxing City,Shawshin shehiri,Siau-heng-chhi,Sieu-hing,Siêu-hĭng,Siāu-heng-chhī,Sjaoxing,Thieu Hung,Thiệu Hưng,saosing si,shao xing,shao xing shi,shawksynj,shawshng,shawshyng,soheung,Ŝaosing,Šao-sing,Шаосин,Шаосинг,Шаосін,شاوشنگ,شاوشینگ,شاوكسينج,紹興,紹興市,绍兴,绍兴市,사오싱 시,소흥",30.00237,120.57864,P,PPLA3,CN,,02,3306,,,2300000,,21,Asia/Shanghai,2025-10-18,China,AS,China,0,0,0,0,696,48.706646,89.43978,65.41279,53.743275,48.065414,37.438168,33.640278,21.527283,28.280514,41.069447,36.484005,60.66222,69.96573,0.5278242
1795874,Shaoguan,Shaoguan,"Ch'u-chiang,Ch'u-chiang-hsien,Chao-kuan,Ch’ü-chiang,Ch’ü-chiang-hsien,HSC,Kakong,Kiukianghsien,Kukiang,Kukong,Kukong-hsien,Kükiang,Kükong,Kükong-hsien,Sao-kuan,Saoguan,Seu-koan-su,Shao-chou,Shao-kuan,Shaoguan,Shaoguan',Shaokwan,Shiuchow,Shiukuan,Siau-koan-chhi,Sieu-guang,Siâu-koan-chhī,Sièu-guăng,Sèu-kôan-sṳ,Thieu Quan,Thiều Quan,saogwan si,shao guan,shao guan shi,shawgwan,Ŝaoguan,Šao-kuan,Шаогуан,Шаогуань,שאוגואן,شاؤگوآن,شاوگوان,韶关,韶关市,韶関市,韶關,韶關市,사오관 시",24.8,113.58333,P,PPLA2,CN,,30,4402,,,1028460,,69,Asia/Shanghai,2021-10-14,China,AS,China,0,0,0,0,566,32.44236,46.69086,32.89717,32.626476,40.49973,27.5668,22.360558,25.70941,26.672583,27.651388,29.25336,25.918192,51.075542,0.42474198
1795940,Shantou,Shantou,"Chaoshan,Ciu San,Laiwu,SWA,San GJau,San Tau,San-tchou,San-theu-su,Sang-tau,Santau,Santou,Santouo,Santov,Shan'tou,Shan-t'ou-shih,Shan-t’ou-shih,Shantou,Shantow,Sjantou,Swatow,Sán Đầu,Sáng-tàu,Sân-thèu-sṳ,Sòaⁿ-thâu-chhī,chao shan,santeou si,saw thea,shan tou,shan tou shi,shantw,shantww,Ŝantoŭo,Šan-tchou,Šantou,Šantov,Шантоу,Шаньтоу,שנטאו,شانتو,شانتوؤ,شەنتۇ شەھىرى,ซัวเถา,汕头,汕头市,汕頭,汕頭市,潮汕,산터우 시",23.35489,116.67876,P,PPLA2,CN,,30,4405,,,3838900,,3,Asia/Shanghai,2025-10-26,China,AS,China,0,0,0,0,531,19.47644,22.44382,24.502676,23.83293,27.18125,18.615187,12.627776,19.186424,16.474327,15.180279,15.917473,18.478752,19.619625,0.40439007
1796068,Shangluo,Shangluo,"DFA,Shanchzhou,Shang,Shang-hsien,Shangchow,Shangluo,Shangxian,Shangzhou,Shanlo,Shansyan,shang luo shi,Шанло,商洛市",33.86667,109.93056,P,PPLA2,CN,,26,6110,,,531696,,702,Asia/Shanghai,2026-09-14,China,AS,China,0,0,0,0,841,23.707403,31.65941,32.354015,32.344894,27.015968,25.36586,20.41972,17.494085,15.961694,10.804999,15.850001,24.6825,30.988441,0.31293163
1796134,Shangqiu,Shangqiu,"Kuei-te,Kweiteh,Shanciu,Shang-ch'in,Shang-ch'iu,Shang-ch'iu-hsien,Shang-ch’in,Shang-ch’iu,Shang-ch’iu-hsien,Shangkiu,Shangkiuhsien,Shangqiu,shang qiu,shang qiu shi,Шанциу,商丘,商丘市",34.4143,115.65613,P,PPLA2,CN,,09,4114,,,1859723,,52,Asia/Shanghai,2026-09-14,China,AS,China,0,0,0,0,858,48.171837,77.78898,64.56398,55.966133,35.363052,38.124462,37.22778,25.00148,31.008736,36.055,44.468678,57.855694,75.379845,0.60656136
1796236,Shanghai,Shanghai,"Gaa Ding,Ka Ting,SHA,San'nkae,Sanchajus,Sangaj,Sangay,Sanghaj,Sanghay,Sanhaja,Sanhajo,Sanxay,Schanghai,Seung hoi,Shang-hai,Shang-hai-shih,Shangai,Shangaj,Shanghai,Shanghai City,Shankhaj,Shanxay,Sheung Hoi,Shànghǎi,Sjanghae,Sjanghai,Sjanghæ,Szanghaj,Thuong Hai,Thượng Hải,Xangai,cankay,hu,sagha'i,sangha'i,sanghae,sanghai,seiynghi,shang hai,shang hai shi,shanghay,shanghhay,shanhai,shaniግhayi,shnghay,shngھayy,zhong guo shang hai,Ŝanhajo,Şangay,Şanghay,Şanxay,Šanchajus,Šangaj,Šanghaj,Šanhaja,Σανγκάη,Шангај,Шанхай,שאנגחאי,شانغهاي,شانگهای,شاڭخەي,شاڭخەي شەھىرى,شنگهای,شنگھائی,शंघाई,সাংঘাই,ਸ਼ੰਘਾਈ,சாங்காய்,เซี่ยงไฮ้,ཧང་ཧའ་གང་ཁར།,ཧྲང་ཧའེ་གྲོང་ཁྱེར།,შანჰაი,ሻንግሃይ,上海,上海市,中国上海,沪,상하이,상해",31.22222,121.45806,P,PPLA,CN,,23,12324204,,,24874500,,12,Asia/Shanghai,2026-08-26,China,AS,China,2,2,2,2,749,53.08605,90.49555,72.3204,58.04342,52.08944,42.422714,38.884304,26.079706,49.05927,40.10861,31.096104,64.48389,73.26923,0.45626798
1796556,Sanya,Sanya,"SYX,Sam-a-chhi,Sam-a-chhī,Sama,Samah,San'ja,San-ah,San-ja,San-ya-chen,San-ya-chiang,San-ya-chiang-shih,Sang-a,Sanj,Sanya,Senya shehiri,Săng-ā,Tam A,Tam Á,Ya Xian,Ya-hsien,Yai-hsien,Yehsien,san ya,san ya shi,sanya,ssan-ya si,Санья,سانيا,سانیا,ซานย่า,སན་ཡ་གྲོང་ཁྱེར།,三亚,三亚市,三亜市,三亞,싼야 시",18.25435,109.50947,P,PPLA2,CN,,31,4602,,,1031396,,1,Asia/Shanghai,2024-02-08,China,AS,China,0,0,0,0,420,13.603798,20.504972,14.241073,17.192204,20.04778,10.023387,11.166528,9.742607,11.064113,8.957361,9.809411,15.841111,14.768281,0.30029687
1796663,Sanming,Sanming,"SQJ,Sam-beng-chhi,Sam-bêng-chhī,Sam-min-su,San'min,San-ming,San-ming-hsien,San-ming-shih,San-yuan,San-yuan-hsien,San-yüan,San-yüan-hsien,Sang-ming,Sanming,Senming shehiri,Sâm-mìn-sṳ,Săng-mìng,Tam Minh,san ming,san ming shi,sanmng,sanmyng,ssanming si,Санминг,Саньмин,سانمنگ,سانمینگ,三明,三明市,싼밍 시",26.24861,117.61861,P,PPLA2,CN,,07,3504,,,602166,,126,Asia/Shanghai,2021-10-08,China,AS,China,0,0,0,0,614,20.45482,25.889246,28.313833,25.758463,26.652363,20.038172,16.282082,14.727151,15.072444,14.480277,17.309277,16.102917,25.324327,0.29484835
1796669,Sanmenxia,Sanmenxia,"Hui-hsing,Sam-bun-kiap-chhi,Sam-bûn-kiap-chhī,San'mehn'sja,San'myn'sya,San-men-hsia,San-men-hsia-shih,San-men-sia,Sang-muong-hiek,Sanmensja,Sanmenxia,San’myn’sya,Shan-hsien,Săng-muòng-hiĕk,Tam Mon Hiep,Tam Môn Hiệp,samynshya,san men xia,san men xia shi,ssanmeonsya si,Санменсја,Саньмэнься,سامینشیا,三門峡市,三門峽,三门峡,三门峡市,싼먼샤 시",34.78081,111.19287,P,PPLA2,CN,,09,,,,669307,,385,Asia/Shanghai,2025-01-10,China,AS,China,0,0,0,0,874,41.4902,49.510624,45.507885,60.048664,50.020695,42.70712,35.118748,34.10188,28.033464,26.524027,33.322044,42.005688,50.974056,0.3482734
1796823,Sanhe,Sanhe,"San'kheh,San-ho,San-ho-ch'eng-kuan,San-ho-ch’eng-kuan,San-ho-hsien,Sanhe,Sunhohsien,san he,Саньхэ,三河",39.98049,117.06887,P,PPLA3,CN,,10,1310,,,965075,,24,Asia/Shanghai,2026-09-14,China,AS,China,0,0,0,0,1100,45.68131,54.47258,46.718452,44.51518,32.583057,38.75632,38.949024,37.041397,42.170563,49.45376,48.104706,54.25306,61.01653,0.46009198
1796989,Changsha,Changsha,"Ch'ang-sha-chen,Changsha,Changsha Jiedao,Chansha,Ch’ang-sha-chen,K'ai-p'ing-hsien,Kaiping,K’ai-p’ing-hsien,San-pu,San-pu-chen,Sanbu,kai ping,zhang sha,zhang sha jie dao,Чанша,开平,长沙,长沙街道",22.38124,112.68492,P,PPLA3,CN,,30,4407,,,688242,,6,Asia/Shanghai,2026-09-14,China,AS,China,0,0,0,0,503,32.353714,48.956997,43.476482,33.167606,36.553337,21.894627,12.906942,24.813307,18.395832,22.012503,35.106316,33.50639,57.742474,0.5780992
1797063,Rui’an,Rui'an,"Jui-an,Jui-an-hsien,Jui-an-hsien-ch'eng,Jui-an-hsien-ch’eng,Rui'an,Rui’an,Zhujan',rui an,Жуйань,瑞安",27.77605,120.65859,P,PPL,CN,,02,3303,,,1125000,,4,Asia/Shanghai,2026-09-14,China,AS,China,0,0,0,0,633,25.74886,43.107258,36.072018,37.620968,34.32458,28.004168,14.911665,11.917743,11.812232,13.146945,17.083601,28.830692,32.773518,0.45329455
1797121,Jieyang,Jieyang,"Chieh-yang,Chieh-yang-hsien,Chieh-yung,Chien Yang,Czejan,Giek-iong,Giék-iòng,Jieyang,Kiat-iong-chhi,Kiat-iông-chhī,Kiehyang,Kityang,Kityang-hsien,Rongcheng,SWA,Tie-jang,Yet Duong,Yết Dương,jie yang,jie yang shi,jieyang si,jy yang,jyyyang,Ťie-jang,Цзеян,جی یانگ,جیئیانگ,جیه‌یانگ,掲陽市,揭阳,揭阳市,揭陽,지에양 시",23.5418,116.36581,P,PPLA2,CN,,30,4452,,,1899394,,7,Asia/Shanghai,2021-10-07,China,AS,China,0,0,0,0,543,36.074905,44.447723,42.160713,39.227283,42.63708,32.357933,26.832222,29.150003,30.929703,36.729446,34.15793,30.664307,43.953896,0.45089576
1797264,Quzhou,Quzhou,"Cchue-cou,Ch'u,Ch'u-chou,Ch'u-hsien,Ch'u-hsien-ch'eng,Chu-chow,Chuchowfu,Ch’ü,Ch’ü-chou,Ch’ü-hsien,Ch’ü-hsien-ch’eng,Cjujchzhou,Cu Chau,Cù Châu,Gu-ciu,Gṳ̀-ciŭ,JUZ,Ku-chiu-chhi,Kû-chiu-chhī,Quxian,Quzhou,chwijeou si,chywzhww,kw zhw,kwjaw,qu zhou,qu zhou shi,Čchü-čou,Цюйчжоу,كو زهو,چیوژوو,کوجاو,衢州,衢州市,취저우 시",28.95944,118.86861,P,PPL,CN,,02,3308,,,902767,,77,Asia/Shanghai,2021-10-07,China,AS,China,0,0,0,0,661,25.175098,36.897846,34.22113,30.42729,30.690554,25.27029,17.426527,12.888441,13.625672,16.61875,21.324194,26.814165,36.47661,0.4134258
1797318,Qujing,Qujing,"Cchue-ting,Ch'u-ching,Ch'u-ching-hsien,Chiu-ch'u-ching,Chiu-ch’ü-ching,Ch’ü-ching,Ch’ü-ching-hsien,Cjujczin,Khiok-cheng-chhi,Khiok-chēng-chhī,Khuc Tinh,Khúc Tĩnh,Ku-tsing-fu,Kuoh-ceng,Kutsing,Kutsinghsien,Kuóh-cêng,Kü-tsing-fu,Kütsing,Nan-ning,Qujing,Qujing Hiria,chu cing,chwijing si,chwjng,qu jing,qu jing shi,Čchü-ťing,Цюйцзин,چوجنگ,ฉู่จิ้ง,曲靖,曲靖市,취징 시",25.48333,103.78333,P,PPL,CN,,29,5303,,,1408500,,1887,Asia/Shanghai,2021-10-14,China,AS,China,0,0,0,0,591,14.62441,18.479166,16.258183,21.045164,20.951805,11.388978,13.799861,12.135215,12.038575,8.178056,10.575269,12.885418,17.82876,0.39702973
1797353,Quanzhou,Quanzhou,"Cchuean-cou,Ch'uan-chou,Ch'uan-chou-shih,Chhien-chu-su,Chhièn-chû-sṳ,Chin-chiang,Chin-chiang-hsien,Chinchew,Chinchu,Choan-chiu-chhi,Chuanchowfu,Chueenju shehiri,Chôan-chiu-chhī,Chüanchowfu,Chüenju shehiri,Ch’üan-chou,Ch’üan-chou-shih,Ciong-ciu,Ciuandzou,Ciòng-ciŭ,Cjuan'chzhou,JJN,Quantsjou,Quanzhou,Tsin-chiang,Tsingkianghsien,Tsinkiang,Tuyen Chau,Tuyền Châu,Zaitun,Zayton,che wiyn cow,chwanzhw,chwianjeou si,chwynzhw,kwanzhw,quan zhou,quan zhou shi,tshwantshw,Čchüan-čou,Čiuandžou,Цюаньчжоу,تشوانتشو,چوئنژو,چوانژو,کوانژو,เฉวียนโจว,泉州,泉州市,취안저우 시",24.91389,118.58583,P,PPLA2,CN,,07,3505,,,1469157,,14,Asia/Shanghai,2024-07-13,China,AS,China,0,0,0,0,567,29.088142,30.811155,38.111904,37.95416,41.09889,29.626612,23.231113,25.081722,24.363977,30.26777,21.134275,20.373335,27.831718,0.4078531
1797551,Qinzhou,Qinzhou,"Cchin-cou,Ch'in,Ch'in-chou,Ch'in-chou-chen,Ch'in-chou-chuang-tsu-tzu-chih-hsien,Ch'in-hsien,Chinchow,Ch’in,Ch’in-chou,Ch’in-chou-chen,Ch’in-chou-chuang-tsu-tzu-chih-hsien,Ch’in-hsien,Cin'chzhou,Ginhcouh,Kham Chau,Khim-chiu-chhi,Khim-chiu-chhī,Khim-chu-su,Khâm Châu,Khîm-chû-sṳ,King-ciu,Kĭng-ciŭ,Qinzhou,Yamchow,Yamhsien,chinjeou si,chnzhww,kynzhw,qin zhou,qin zhou shi,Čchin-čou,Циньчжоу,چنژوؤ,چنژوو,کینژو,欽州,欽州市,钦州,钦州市,친저우 시",21.98247,108.65061,P,PPLA2,CN,,16,4507,,,1296300,,12,Asia/Shanghai,2021-10-13,China,AS,China,0,0,0,0,495,21.965816,39.06398,28.032736,26.167738,32.490147,15.168682,11.753889,14.905243,12.270295,11.68875,18.279034,18.41361,35.506855,0.5224111
1797595,Qinhuangdao,Qinhuangdao,"BPE,Cchin-chuang-tao,Ch'in-huang-tao,Ch'in-huang-tao-shih,Chin-hong-to-chhi,Ching Wang Tao,Chinwangtao,Chinxuangdaw shehiri,Chîn-hông-tó-chhī,Ch’in-huang-tao,Ch’in-huang-tao-shih,Cin'khuandao,Cing-huong-do,Cinhuangdao,Cinhuangdauo,Cinkhuandao,Cinkhuangdao,Cjinhuandao,Cjiņhuandao,Cìng-huòng-dō̤,Qinhuangdao,Qínhuángdǎo,SHP,Tan Hoang GJao,Tần Hoàng Đảo,chinhwangdao si,kynghwangdaw,qin huang dao,qin huang dao shi,tshnhwanghdaw,Ĉinhŭangdaŭo,Čchin-chuang-tao,Činhuangdao,Ћинхуангдао,Цинхуандао,Циньхуандао,Ціньхуандао,تشنهوانغداو,چینہوانگداو,کینگهوانگداو,秦皇岛,秦皇岛市,秦皇島,秦皇島市,친황다오 시",39.94104,119.58936,P,PPLA2,CN,,10,1303,,,759718,,2,Asia/Shanghai,2024-08-12,China,AS,China,0,0,0,0,1101,31.059196,30.750265,38.174107,37.73481,29.418476,33.755913,30.355837,27.317202,26.474869,31.546806,23.604301,36.045555,28.32177,0.43514046
1797658,Jinjiang,Jinjiang,"Ceng-gong,Ch'ing-yang,Ch'ing-yang-chen,Chin-chiang,Chin-kang-chhi,Chìn-kang-chhī,Ch’ing-yang,Ch’ing-yang-chen,Czin'czjan,Céng-gŏng,JJN,Jinjiang,Jinjiang Shi,Jìnjiāng,Qingyang,Qingyang Zhen,Tan Giang,Tsin-kong-su,Tsìn-kông-sṳ,Tấn Giang,jin jiang,jin jiang shi,jinjang si,jnjyang,jnjyang  fwjyan,jynjyang,qing yang,qing yang zhen,Цзиньцзян,جنجیانگ,جنجیانگ، فوجیان,جینجیانگ,晉江,晋江,晋江市,青阳,青阳镇,진장 시",24.81978,118.57415,P,PPLA3,CN,,07,3505,,,1416151,,33,Asia/Shanghai,2024-07-13,China,AS,China,0,0,0,0,567,29.088142,30.811155,38.111904,37.95416,41.09889,29.626612,23.231113,25.081722,24.363977,30.26777,21.134275,20.373335,27.831718,0.4078531
1797798,Qingpu,Qingpu,"Ch'ing-p'u,Ch'ing-p'u-hsien,Ch’ing-p’u,Ch’ing-p’u-hsien,Cinpu,Qingpu,Tsingpi hsien,Tsingpu,Tsingpu hsien,qing pu,Цинпу,青浦",31.15394,121.11408,P,PPLA3,CN,,23,12324204,,,1271424,,6,Asia/Shanghai,2026-09-14,China,AS,China,0,0,2,2,748,83.156166,116.952705,96.76726,80.911156,74.01763,68.93253,76.2986,51.442204,79.44703,80.969864,66.48656,103.212776,103.81329,0.4754202
1797873,Huai'an,Huai'an,"Ch'ing-chiang,Ch'ing-chiang-p'u,Ch'ing-chiang-shih,Chuaj-an,Ch’ing-chiang,Ch’ing-chiang-p’u,Ch’ing-chiang-shih,HIA,Huai'an,Huai-yin,Huai-yin-ch'eng,Huai-yin-ch’eng,Huai-yin-hsien,Huai-yin-shih,Huaiyin,Huai’an,Huái'ān,Hwaiyin,Hwaiyin-hsien,Khuajan,Khuajan',Qingjiang,Tsingkiangpo,Tsinkiangpu,huai an,huai an shi,hwaiansi,Хуайань,Хуајан,淮安,淮安市,화이안시",33.58861,119.01917,P,PPL,CN,,04,3208,,,4556230,,14,Asia/Shanghai,2026-08-25,China,AS,China,0,0,0,0,830,40.1725,66.88386,54.77218,45.00081,34.145973,37.065994,30.793606,23.40712,31.194351,31.227638,27.96532,49.648888,50.897312,0.5576516
1797929,Qingdao,Qingdao,"Cching-tao,Ch'ing-tao,Ch'ing-tao-shih,Chheng-to-chhi,Chheng-tó-chhī,Chindao,Ching-do,Chĭng-dō̤,Ch’ing-tao,Ch’ing-tao-shih,Cindao,Cingdao,Cjindao,Csingtao,Qingdao,Qingdao Shi,Sindao,TAO,Thanh GJao,Thanh Đảo,Tsin'nktao,Tsingtao,Tsingtau,ching tea,chingdao si,chngڈaw,chyngdaw,chyng‌dayw,cingada'o,kigada'o,kuyintavo,qing dao,qing dao shi,tshynghdaw,zyngdʼw,Čching-tao,Čingdao,Τσινγκτάο,Ћингдао,Циндао,Ціндао,Чиндао,Чиңдау,Ցինդաո,צינגדאו,تشينغداو,چنگڈاؤ,چىڭداۋ شەھىرى,چینگداؤ,چینگ‌دائو,चिंगदाओ,ਕਿੰਗਦਾਓ,குயிங்தவோ,ชิงเต่า,ချင်းတောင်မြို့,青岛,青岛市,青島,青島市,칭다오 시",36.06488,120.38042,P,PPLA2,CN,,25,3702,,,7172451,,16,Asia/Shanghai,2024-03-26,China,AS,China,0,0,0,0,951,32.996162,40.80041,36.48229,40.80847,36.035,35.75645,34.514725,28.545965,24.625404,26.614862,20.317205,40.435974,31.535753,0.5059387
1797945,Qingyuan,Qingyuan,"Cching-juean,Ch'ing-yuan,Ch'ing-yuan-hsien,Chheng-oan-chhi,Chheng-oán-chhī,Chhin-yen-su,Chhîn-yén-sṳ,Ching-uong,Chĭng-uōng,Ch’ing-yüan,Ch’ing-yüan-hsien,Cinujuan',Qingcheng,Qingyuan,Thanh Vien,Thanh Viễn,Tsingyuan,Tsingyun,Tsingyunhsien,Tsingyüan,Tsingyün,Tsingyünhsien,ching-wian si,chngywan,chyngywan,kyngwan,qing yuan,qing yuan shi,Čching-jüan,Цинъюань,چنگیوآن,چینگیوان,کینگوان,清远,清远市,清遠,清遠市,칭위안 시",23.7,113.03333,P,PPLA2,CN,,30,4418,,,1738424,,11,Asia/Shanghai,2021-10-14,China,AS,China,0,0,0,0,542,38.132908,47.745163,40.953423,38.208336,50.506252,33.857662,27.563887,34.085083,35.03885,33.31333,36.7086,25.115278,54.254566,0.5266245
1798425,Puyang,Puyang,"P'u-chiang,P'u-chiang-hsien-ch'eng,P'u-yang-chen,Pujan,Pujiang,Pukiang,Pukianghsien,Puyang,Puyang Jiedao,P’u-chiang,P’u-chiang-hsien-ch’eng,P’u-yang-chen,pu yang,pu yang jie dao,Пуян,浦阳,浦阳街道",29.45679,119.88872,P,PPLA3,CN,,02,3307,,,3590000,,76,Asia/Shanghai,2026-09-14,China,AS,China,0,0,0,0,685,37.415348,58.38818,50.736607,43.831856,42.476112,32.38441,28.493053,17.273521,21.754839,28.640001,28.923927,43.77347,53.394627,0.4026678
1798439,Putuo,Putuo,"P'u-t'o,Putuo,P’u-t’o,pu tuo,Путуо,普陀",31.251,121.3897,P,PPL,CN,,23,12324204,,,1239100,,10,Asia/Shanghai,2026-09-14,China,AS,China,1,1,2,2,748,83.156166,116.952705,96.76726,80.911156,74.01763,68.93253,76.2986,51.442204,79.44703,80.969864,66.48656,103.212776,103.81329,0.49040627
1798449,Putian,Putian,"Buo-dieng,Buò-dièng,Hinghwa,Hinghwafu,Hsing-hua,P'u-t'ien,P'u-t'ien-hsien,P'u-t'ien-hsien-ch'eng,Pchu-tchien,Pho-chhan-chhi,Phu GJien,Phu-thien-su,Phô͘-chhân-chhī,Phù-thièn-sṳ,Phủ Điền,Putian,Putian Shi,Putjan',Putjen,Putyen shehiri,P’u-t’ien,P’u-t’ien-hsien,P’u-t’ien-hsien-ch’eng,ho tian,ho tian shi,pu tian,pu tian shi,putyen si,pwtyan,Путянь,Путјен,پوتیان,ホ田,ホ田市,莆田,莆田市,푸톈 시",25.43944,119.01028,P,PPLA2,CN,,07,3503,,,1539389,,23,Asia/Shanghai,2021-12-13,China,AS,China,0,0,0,0,592,23.46343,30.195698,31.990774,30.60578,32.37305,25.033598,17.097225,17.401077,16.897043,18.164442,17.657528,19.811666,24.951748,0.30183172
1798524,Pudong,Pudong,"P'u-tung,Pho GJong,Phố Đông,Pootung,Pudong,Pudun,P’u-tung,pu dong,pu dong xin qu,shang hai pu dong,Пудун,上海浦东,浦东,浦东新区,浦東新区",31.23995,121.50094,P,PPLA4,CN,,23,12324204,,,5681512,,9,Asia/Shanghai,2026-03-31,China,AS,China,1,1,2,2,749,53.08605,90.49555,72.3204,58.04342,52.08944,42.422714,38.884304,26.079706,49.05927,40.10861,31.096104,64.48389,73.26923,0.44484758
1798654,Pingxiang,Pingxiang,"Bing-hiong,Binh Huong,Bìng-hiŏng,Bình Hương,Dingsiang,P'ing-hsiang,P'ing-hsiang-chen,P'ing-hsiang-hsien,P'ing-hsiang-hsien-ch'eng,P'ing-hsiang-shih,PXG,Pching-siang,Pheng-hiong-chhi,Phin-hiong-su,Phêng-hiong-chhī,Phìn-hiông-sṳ,Pingsiang,Pingsiang-hsien,Pingsjang,Pingxiang,Pingxiang Shi,Pinsjan,P’ing-hsiang,P’ing-hsiang-chen,P’ing-hsiang-hsien,P’ing-hsiang-hsien-ch’eng,P’ing-hsiang-shih,ping xiang,ping xiang shi,pingsyang si,pngshyang,pyngshyang,Пингсјанг,Пинсян,پنگشیانگ,پینگشیانگ,萍乡,萍乡市,萍郷,萍郷市,萍鄉,핑샹 시",27.61672,113.85353,P,PPLA2,CN,,03,3603,,,893550,,167,Asia/Shanghai,2021-10-20,China,AS,China,0,0,0,0,632,35.3225,53.75457,42.766666,36.59785,43.102085,28.42527,24.104588,26.852688,21.650402,26.896807,29.004305,34.63292,56.39705,0.4664781
1798760,Pingliang,Pingliang,"Bing-liong,Binh Luong,Bìng-liòng,Bình Lương,P'ing-liang-hsien,P'ing-liang-shih,Pching-liang,Peng-liang-chhi,Pilian,Pingliang,Pingliang Shi,Pinljan,Pinlyan,Pêng-liâng-chhī,P’ing-liang-hsien,P’ing-liang-shih,ping liang,ping liang shi,pinglyang si,pnglyang,Пинлян,Պիլիան,پنگلیانگ,平凉,平凉市,平涼,平涼市,핑량 시",35.53917,106.68611,P,PPLA2,CN,,15,6208,,,504848,,1354,Asia/Shanghai,2021-11-11,China,AS,China,0,0,0,0,919,21.227312,25.345165,26.53601,24.08279,26.7675,22.6082,20.312359,18.749731,15.188172,18.974445,17.314919,18.521667,20.829708,0.265264
1798821,Pingdu,Pingdu,"P'ing-tu,P'ing-tu-hsien,Pindu,Pingdu,P’ing-tu,P’ing-tu-hsien,ping du,Пинду,平度",36.78444,119.94639,P,PPLA3,CN,,25,3702,,,542234,,59,Asia/Shanghai,2022-04-01,China,AS,China,0,0,0,0,984,33.8343,45.94852,38.86845,35.723526,28.137505,31.27043,29.685831,21.955378,24.136827,38.071255,22.952015,49.791805,40.29113,0.45430723
1798827,Pingdingshan,Pingdingshan,"Bing-ding-sang,Binh GJinh Son,Bìng-dīng-săng,Bình Đỉnh Sơn,Chu-ko-chen,Chu-ko-miao,P'ing-ting-shan,P'ing-ting-shan-shih,Pching-ting-san,Pching-ting-šan,Peng-teng-san-chhi,Pindinshan,Pindinshan',Pindinshan’,Pingdingsano,Pingdingshan,Pingdingsjan,Pingdingŝano,Pêng-téng-san-chhī,P’ing-ting-shan,P’ing-ting-shan-shih,Tekshi choqqiliq tagh shehiri,ping ding shan,ping ding shan shi,pingdingsan si,pyngdyngshan,Пингдингшан,Пиндиншан,Пиндиншань,پنگڈنگشان,پینگدینگشان,平頂山,平頂山市,平顶山,平顶山市,핑딩산 시",33.73091,113.31554,P,PPLA2,CN,,09,4104,,,979130,,82,Asia/Shanghai,2025-12-15,China,AS,China,0,0,0,0,826,53.937183,85.33642,67.704765,57.497585,43.090977,38.95255,38.931675,31.03414,35.867878,45.039165,56.535355,59.44709,88.19784,0.5307541
1799194,Guang’an,Guang'an,"Guang'an,Guang’an,Guanuan',Kuang-an,Kuang-an-hsien,Kwang-an-hsien,Kwangan,Kwanganchow,Nonghui,guang an shi,Гуанъань,广安市",30.47413,106.63696,P,PPLA2,CN,,32,5116,,,858159,,244,Asia/Shanghai,2026-09-14,China,AS,China,0,0,0,0,709,41.698036,72.02016,48.233334,46.171238,48.226807,34.7789,29.732914,24.799463,21.253092,23.572084,28.47554,54.95556,68.45739,0.60125095
1799397,Ningbo,Ningbo,"Chiang-pei-an,Leng-pho-chhi,Lêng-pho-chhī,NGB,Nen-po-su,Ninbo,Ning-hsien,Ning-po,Ning-po-shih,Ningbo,Ningbo Shi,Ningbó,Ningpo,Ninh Ba,Nèn-pô-sṳ,Nìng-pŏ̤,Yin-hsien,hning paw,nangbw,ning bo,ning bo shi,ningbo si,nngbw,nynghbw,Нинбо,Нингбо,Нінбо,نانگبو,ننگبو,نىڭبو شەھىرى,نينغبو,หนิงปัว,宁波,宁波市,寧波,寧波市,닝보 시",29.87819,121.54945,P,PPLA2,CN,,02,3302,,,3731203,,15,Asia/Shanghai,2024-12-12,China,AS,China,0,0,0,0,699,34.40406,58.769764,46.64911,42.474327,40.50375,32.371372,27.817358,18.036827,20.615456,24.318752,20.94785,39.781254,41.58024,0.43687344
1799491,Neijiang,Neijiang,"Lai-kang-chhi,Lāi-kang-chhī,NJB,Nehjczjan,Nei-chiang,Nei-chiang-hsien,Nei-chiang-shih,Neijiang,Neikiang,Neikianghsien,Nej-tiang,Nej-ťiang,Nejgjan,Nejĝjan,Noi Giang,Noi-geng,Nui-kong-su,Nui-kông-sṳ,Nô̤i-gĕ̤ng,Nội Giang,nayjyang,nei jiang,nei jiang shi,neijang si,Нејђанг,Нэйцзян,نائجیانگ,نایجیانگ,內江,内江,内江市,네이장 시",29.58354,105.06216,P,PPLA3,CN,,32,5110,,,1251095,,349,Asia/Shanghai,2021-10-19,China,AS,China,0,0,0,0,682,39.6828,63.04663,50.718452,42.953365,44.469997,29.142069,28.739996,23.962637,23.290993,22.724308,26.460888,53.8575,67.60633,0.6527384
1799629,Nanyang,Nanyang,"Lam-iong-chhi,Lâm-iông-chhī,NNY,Nam Duong,Nam Dương,Nan'jan,Nan-jang,Nan-yang-shih,Nang-iong,Nanjang,Nanyan,Nanyang,Nanyang i Henan,Nenyang shehiri,Nàng-iòng,nan yang,nan yang shi,nan-yang si,Наньян,Нанјанг,نانیانگ، ہینان,南阳,南阳市,南陽,南陽市,난양 시",33.00524,112.54659,P,PPLA2,CN,,09,4113,,,1811812,,126,Asia/Shanghai,2026-03-10,China,AS,China,0,0,0,0,817,45.561623,65.58926,59.266224,50.68885,43.634724,41.7,35.329308,30.815853,30.11182,29.577223,42.69126,44.508335,73.21129,0.54132605
1799722,Nantong,Nantong,"Lam-thong-chhi,Lâm-thong-chhī,NTG,Nam Thong,Nam Thông,Nan'tun,Nan-t'ung,Nan-t'ung-hsien,Nan-t'ung-shih,Nan-tchung,Nan-t’ung,Nan-t’ung-hsien,Nan-t’ung-shih,Nang-tung,Nantong,Nantun,Nantung,Nentung shehiri,Nàng-tŭng,T'ung-chou,Tunchow,Tungchow,T’ung-chou,hna nthng,nan tong,nan tong shi,nantang,nantung si,nantwng,Нантун,Нантунг,Наньтун,نانتانگ,نانتونگ,หนานทง,南通,南通市,난퉁 시",32.03028,120.87472,P,PPLA2,CN,,04,3206,,,2273326,,6,Asia/Shanghai,2025-03-09,China,AS,China,0,0,0,0,782,41.804394,62.788303,56.1442,41.206314,42.6668,37.62231,33.691387,23.694353,44.26573,35.577225,24.77675,49.506943,50.913982,0.5552053
1799869,Nanning,Nanning,"Lam-leng-chhi,Lâm-lêng-chhī,NNG,Nam Ninh,Nam-nen-su,Namzningz,Nan'nin,Nan-ning,Nan-ning-shih,Nang-ning,Nanin,Naning,Naningas,Naningo,Nannin,Nannina,Nanning,Nanning Shi,Nanninq,Naņnina,Nàm-nèn-sṳ,Nàng-nìng,Yung-ning,Yung-ning-hsien,hnan hning,nan ning,nan ning shi,nananinga,naniga,nanim,nanininiግ,nanning si,nannyng,nanyng,nanyngh,Нанин,Нанинг,Наньнин,Наньнін,ناننینگ,نانينغ,نانينگ,نانینگ,نان‌نینگ,نەننىڭ شەھىرى,नाननींग,নানিং,ਨਾਨਿੰਗ,หนานหนิง,ནན་ཉིང་གྲོང་ཁྱེར།,ናንኒንግ,南宁,南宁市,南寧,南寧市,난닝 시",22.81667,108.31667,P,PPLA,CN,,16,4501,,,5977185,,91,Asia/Shanghai,2026-09-02,China,AS,China,0,0,0,0,514,24.93525,42.973118,27.732885,25.792475,35.320972,16.908335,13.488332,20.69933,15.970968,15.078888,20.550001,22.768055,41.78831,0.5662758
1799962,Nanjing,Nanjing,"Lâm-kiaⁿ-chhī,NKG,Nam Kinh,Nam-kin-su,Namkin,Nan'czin,Nan'zhin,Nan-ching,Nan-ching-shih,Nanchino,Nanchinum,Nandzing,Nandzjina,Nandžing,Nang-ging,Nanjing,Nanjing Shi,Nankijn,Nankin,Nankinas,Nanking,Nankingo,Nankín,Nanquim,Nanquin,Nanquín,Nantsin'nk,Nanzging,Naņdzjina,Nàm-kîn-sṳ,Nàng-gĭng,hnan cing,namgyeong,nan jing,nan jing shi,nanajiga,nanajim,nanajinga,nancin,nanijiniግ,nanjina,nanjing,nanjing si,nanjinga,nanjng,nanjyng,nanjyngh,nnjng,nʼngyng,Ναντσίνγκ,Нанкин,Нанкинг,Нанкін,Наньжин,Наньцзин,Нәнҗиң,Նանկին,נאנגינג,نانجنگ,نانجينغ,نانجینگ,ننجنگ,نەنجىڭ شەھىرى,नांजिंग,नानजिंग,नान्जिङ,নানজিং,ਨਾਨਜਿੰਗ,நாஞ்சிங்,നാൻജിങ്,หนานจิง,နန်ကျင်းမြို့,ნანკინი,ናንጂንግ,南京,南京市,난징,난징 시,남경",32.06167,118.77778,P,PPLA,CN,,04,3201,,,9314685,,22,Asia/Shanghai,2026-04-13,China,AS,China,0,0,0,0,780,49.406635,91.657394,67.13825,52.35148,44.52444,41.14046,35.5893,23.187365,34.295567,40.511673,38.63025,58.67264,66.30577,0.5326708
1800146,Nanchong,Nanchong,"Lam-chhiong-chhi,Lâm-chhiong-chhī,NAO,Nam Sung,Nan'chun,Nan-cchung,Nan-ch'ung,Nan-ch'ung-hsien,Nan-ch'ung-shih,Nan-ch’ung,Nan-ch’ung-hsien,Nan-ch’ung-shih,Nan-čchung,Nanchong,Nanchung,Nang-chung,Nan’chun,Nàng-chṳ̆ng,Shun'tsin,Shun-ch'ing,Shun-ch’ing,Shunking,Shun’tsin,nan chong,nan chong shi,nanchung si,nanchwng,Нанчунг,Наньчун,نانچونگ,南充,南充市,난충 시",30.79508,106.08473,P,PPLA2,CN,,32,5113,,,1858875,,287,Asia/Shanghai,2021-10-19,China,AS,China,0,0,0,0,723,36.02658,58.951748,45.0003,39.40807,41.493187,27.635212,23.917223,21.965324,22.043015,20.391666,24.394222,48.524723,59.147182,0.53782743
1800163,Nanchang,Nanchang,"KHN,Lam-chhiong-chhi,Lâm-chhiong-chhī,Nam Xuong,Nam Xương,Nam-chhong-su,Nan'chan,Nan-cchang,Nan-ch'ang-hsien,Nan-ch'ang-shih,Nan-ch’ang-hsien,Nan-ch’ang-shih,Nan-čchang,Nancan,Nancana,Nancang,Nancangas,Nancano,Nanchan,Nanchang,Nanchang-fu,Nancianga,Nancsang,Nang-chiong,Nanzcangh,Nançan,Nanĉano,Nančang,Nančangas,Naņčana,Nàm-chhông-sṳ,Nàng-chiŏng,nan chang,nan chang shi,nanacanga,nanacham,nanachanna,nanchang,nanchang si,nanicaniግ,nantshangh,nnchang,nʼnzʼng,Нанчан,Нанчанг,Наньчан,נאנצאנג,نانتشانغ,نانچانگ,ننچانگ,نەنچاڭ شەھىرى,नानचांग,নানছাং,ਨਾਨਛਾਂਙ,နန်ချောင့်မြို့,ናንቻንግ,南昌,南昌市,난창 시",28.68396,115.85306,P,PPLA,CN,,03,3601,,,2357839,,20,Asia/Shanghai,2026-04-13,China,AS,China,0,0,0,0,660,42.244442,67.974335,57.796135,50.198925,51.588886,36.122982,26.09208,23.311155,19.533604,28.02875,30.459408,44.697773,72.03549,0.49164498
1800480,Minhang,Minhang,"Min-hang-chen,Ming-hang,Minhang,Minkhan,Shang-hai,min xing,Минхан,闵行",31.10881,121.37471,P,PPLA4,CN,,23,12324204,,,2716600,,12,Asia/Shanghai,2026-09-14,China,AS,China,2,2,2,2,748,83.156166,116.952705,96.76726,80.911156,74.01763,68.93253,76.2986,51.442204,79.44703,80.969864,66.48656,103.212776,103.81329,0.45626798
1800519,Mingguang,Mingguang,"Chia-shan,Chia-shan-hsien,Jiashan,Ming-kuang,Ming-kuang-chen,Mingguang,Mingkwang,Minguan,Мингуан",32.78017,117.96378,P,PPL,CN,,01,3411,,,645000,,16,Asia/Shanghai,2026-09-14,China,AS,China,0,0,0,0,812,35.38312,54.80242,47.46533,41.975136,32.769447,38.053093,27.396807,18.590723,23.849867,25.362635,31.153227,39.037354,44.763447,0.44331214
1800627,Mianyang,Mianyang,"Bian-iong-chhi,Biân-iông-chhī,MIG,Mianyang,Mianyang Shi,Mien Duong,Mien-chou,Mien-jang,Mien-yang,Mien-yang-hsien,Mienchow,Mieng-iong,Mienjan,Mièng-iòng,Miên Dương,Mjan'jan,Mjenjang,Myan'yan,Myan’yan,mian yang,mian yang shi,myanyang,myen-yang si,Миенян,Мяньян,Мјенјанг,ميەنياڭ شەھىرى,میانیانگ,綿陽,綿陽市,绵阳,绵阳市,몐양 시",31.46784,104.68168,P,PPLA3,CN,,32,5107,,,1550000,,471,Asia/Shanghai,2021-12-13,China,AS,China,0,0,0,0,758,39.353966,57.64879,43.631695,38.73252,42.06722,32.72527,35.873615,32.056316,27.883337,26.552362,26.663576,49.514866,59.202156,0.59818506
1800779,Meizhou,Meizhou,"Chia-ying,Kaying,MXZ,Mai Chau,Mai Châu,Mehjchzhou,Mei,Mei-ch'eng-chen,Mei-ch’eng-chen,Mei-hsien,Meixian,Meizhou,Meizhou Shi,Mej-cou,Mej-čou,Moi-chiu-su,Mui-chiu-chhi,Mui-ciu,Mòi-chiu-sṳ,Mùi-ciŭ,Mûi-chiu-chhī,mawzhwa,mei zhou,mei zhou shi,meijeou si,myyyzhww,myyzhw,Мэйчжоу,مئیژو,ماوژوا,میئیژوؤ,梅州,梅州市,메이저우 시",24.28859,116.11768,P,PPLA2,CN,,30,4414,,,992351,,84,Asia/Shanghai,2024-07-13,China,AS,China,0,0,0,0,559,24.875696,30.967876,32.30268,26.042608,31.834581,23.700672,20.559164,19.197445,20.270563,20.150278,21.297176,18.773058,33.866802,0.3413267
1800818,Meishan,Meishan,"Bi-san-chhi,Bî-san-chhī,Mehjshan',Mei-chou,Mei-shan-hsien,Meichow,Meishan,Mej-san,Mej-šan,Meyshan',Meyshan’,Mi Son,Mi Sơn,Mi-sang,Mì-săng,mayshan,mei shan,mei shan shi,meisan si,myyshan,Мэйшань,مایشان,میئشان,眉山,眉山市,메이산 시",30.04392,103.83696,P,PPLA2,CN,,32,5114,,,1107742,,423,Asia/Shanghai,2021-10-19,China,AS,China,0,0,0,0,692,51.552124,72.664116,55.330956,50.61976,50.01487,38.574596,43.793194,40.65135,41.32997,38.990276,40.26465,64.45,82.01829,0.6460418
1800829,Wuchuan,Wuchuan,"Hai-lu,Mei-lu-shih,Mei-mao,Meilu,Muiluk,Uchuan',Wuchuan,wu chuan,Учуань,吴川",21.45713,110.76591,P,PPL,CN,,30,,,,907354,,8,Asia/Shanghai,2026-09-14,China,AS,China,0,0,0,0,490,26.667377,43.654976,31.873068,29.94597,32.818195,17.01371,14.023473,23.89637,15.187498,16.529306,24.907393,28.52278,41.662907,0.4287378
1801180,Maoming,Maoming,"Bo-beng-chhi,Bō͘-bêng-chhī,Chaozhou,Hsin-p'o,Hsin-p’o,Maiu-ming,Mao-ming,Mao-ming-shih,Maomin,Maoming,Mau Danh,Meu-miang-su,Meu-miàng-sṳ,Mâiu-mìng,Mậu Danh,mao ming,mao ming shi,maoming si,mawmng,mawmyng,Маомин,Маоминг,ماومنگ,ماومینگ,茂名,茂名市,마오밍 시",21.66625,110.91364,P,PPLA2,CN,,30,4409,,,1307802,,31,Asia/Shanghai,2022-01-16,China,AS,China,0,0,0,0,490,26.667377,43.654976,31.873068,29.94597,32.818195,17.01371,14.023473,23.89637,15.187498,16.529306,24.907393,28.52278,41.662907,0.5472915
1801620,Ma’anshan,Ma'anshan,"Kai-yuan,Ma'anshan,Ma'anshan Shi,Ma-an-shan-shih,Maan'shan',Mang-shan,Ma’anshan,Ma’anshan Shi,ma an shan,ma an shan shi,Мааньшань,马鞍山,马鞍山市",31.68579,118.51008,P,PPLA2,CN,,01,3405,,,741531,,24,Asia/Shanghai,2026-09-14,China,AS,China,0,0,0,0,761,44.49611,75.23307,58.20044,47.722446,41.02611,38.551205,33.259304,25.04516,32.687504,38.39722,36.27581,49.378056,58.989643,0.52472895
1801640,Luzhou,Luzhou,"Khehfehj,LZO,Lo Chau,Lo-chiu-chhi,Lu,Lu-chou,Lu-chou-shih,Lu-ciu,Lu-cou,Lu-hsien,Lu-čou,Luchow,Luchzhou,Ludzhou,Ludzou,Lutsjou,Luzhou,Lô Châu,Lô͘-chiu-chhī,Lù-ciŭ,lu zhou,lu zhou shi,lujeou si,lwjw,lwzhww,Луджоу,Лучжоу,Луџоу,Хэфэй,لوجو,لوژوو,泸州,泸州市,瀘州,瀘州市,루저우 시",28.8903,105.42575,P,PPLA2,CN,,32,5105,,,998900,,256,Asia/Shanghai,2024-11-12,China,AS,China,0,0,0,0,659,41.319073,66.90846,51.276787,47.062096,44.711388,29.33898,30.647362,21.823925,20.801613,25.954863,31.064383,55.285,71.637634,0.6351402
1801792,Luoyang,Luoyang,"Honan,Honanfu,LYA,Lac Duong,Lajan,Lo-yand,Lo-yang,Lo-yang-hsien,Lo-yang-shih,Lojan,Lojan shaary,Lojang,Lok-iong,Lok-iong-chhi,Louogian'nk,Lo̍k-iông-chhī,Luo-jang,Luojan,Luojang,Luojangas,Luojango,Luoyang,Luòyáng,Lŏk-iòng,Lŭojango,Lạc Dương,he nan fu,lk xei yng,loiani,lu'oyanga,luo yang,luo yang shi,lwoyang si,lwwyang,lwyangh,lwywyang,Λουογιάνγκ,Лаян,Лоян,Лоян шаары,Луоян,Луојанг,לוו-יאנג,لوئویانگ,لوویانگ,لويانغ,لوياڭ شەھىرى,लुओयांग,ลกเอี๋ยง,ལུའོ་དབྱང་།,ლოიანი,河南府,洛阳,洛阳市,洛陽,洛陽市,뤄양 시",34.67345,112.43684,P,PPLA2,CN,,09,4103,,,1390581,,128,Asia/Shanghai,2025-11-15,China,AS,China,0,0,0,0,875,53.706528,71.596504,63.762047,54.691406,44.7432,47.956585,51.01028,43.606586,47.96922,46.447495,53.120438,47.559307,72.17984,0.49780616
1801934,Luohe,Luohe,"Lo-he,Lo-ho,Lo-ho-chai,Lo-ho-shih,Lokheh,Lui-ho-chhi,Luo-che,Luohe,Luokhe,Lúi-hô-chhī,T'a-ho,T'a-ho-chai,Tak-o,Thap Ha,Tháp Hà,Ták-ò̤,T’a-ho,T’a-ho-chai,luo he,luo he shi,lwhy,lwoheo si,raku he shi,Лохэ,Луохе,لوهی,ラク河市,漯河,漯河市,뤄허 시",33.57424,114.03261,P,PPLA2,CN,,09,4111,,,1294974,,67,Asia/Shanghai,2026-05-11,China,AS,China,0,0,0,0,827,51.66481,79.93883,62.31086,54.827816,39.654583,39.07607,41.582222,27.695967,35.6586,41.80542,48.19476,56.95139,92.45108,0.54981315
1802204,Luancheng,Luancheng,"LCT,Luan'chehn,Luan'chen,Luan-ch'eng-ch'eng-kuan,Luan-ch'eng-hsien,Luan-ch’eng-ch’eng-kuan,Luan-ch’eng-hsien,Luancheng,Luan’chen,Lwanchenghsien,luan cheng,Луаньчэн,栾城",37.88452,114.64629,P,PPLA3,CN,,10,1301,1802203,,597130,,53,Asia/Shanghai,2026-09-14,China,AS,China,0,0,0,0,1035,60.43742,82.2164,72.938095,54.863712,37.867924,41.006046,48.110836,46.343143,52.592476,54.507084,65.79825,66.38889,102.70108,0.5010442
1802206,Lu’an,Lu'an,"LLQ,Liu-an,Liu-an-hsien,Liuanchow,Lu'an,Lu'an Shi,Luan',Lu’an,Lu’an Shi,liu an,liu an shi,Луань,六安,六安市",31.73561,116.51688,P,PPLA2,CN,,01,3415,,,1644344,,81,Asia/Shanghai,2021-10-18,China,AS,China,0,0,0,0,760,36.71542,58.377823,50.797474,44.37272,34.998753,33.130512,26.724445,20.560076,19.090458,26.393614,33.09879,36.478474,57.206444,0.44875994
1802276,Longyan,Longyan,"LCX,Leng-na-chhi,Liung-ngam-su,Liùng-ngâm-sṳ,Long Nham,Longyan,Longyan Shi,Longyen shehiri,Lung-jen,Lung-ngang,Lung-yen,Lung-yen-hsien,Lungyenchow,Lunujan',Lêng-nâ-chhī,Lṳ̀ng-ngàng,langyan,long yan,long yan shi,lung-yen si,lwnghyan,lwngyan,Лунъянь,لانگیان,لونغيان,لونگیان,竜岩,竜岩市,龍岩,龍岩市,龙岩,龙岩市,룽옌 시",25.07485,117.01775,P,PPLA2,CN,,07,3508,,,1025087,,318,Asia/Shanghai,2021-10-08,China,AS,China,0,0,0,0,580,21.298615,25.642605,29.162354,24.112902,27.023193,19.443684,17.37986,16.20363,16.870028,18.420557,19.68441,17.298748,24.938843,0.29328018
1802875,Guankou,Guankou,"Guankou,Liu-yang-hsien,Liujang,Liuyang,Liuyang Shi,guan kou,liu yang,liu yang shi,Лиуянг,关口,浏阳,浏阳市",28.15861,113.62709,P,PPLA3,CN,,11,4301,,,1380000,,79,Asia/Shanghai,2021-09-20,China,AS,China,0,0,0,0,638,35.224346,56.655773,46.256397,37.784405,43.70264,29.102283,22.456665,23.559273,18.342339,26.057222,26.777418,32.157772,60.3746,0.43106684
1802940,Puning,Puning,"Liu-sha-chen,Liu-sha-hsu,Liu-sha-hsü,Liusha,OPQ,P'u-ning-hsien,Pho Ninh,Phổ Ninh,Punin,Puning,P’u-ning-hsien,pu ning,pu ning shi,puning si,pwnyng,Пунин,پونینگ,普宁,普宁市,普寧,普寧市,푸닝 시",23.31072,116.16869,P,PPL,CN,,30,4452,1798477,,1998619,,12,Asia/Shanghai,2026-09-14,China,AS,China,0,0,0,0,530,30.517473,40.16089,36.75327,34.304436,36.319164,26.8922,19.710419,24.734543,24.24059,27.769308,29.927958,27.161669,38.48024,0.42172408
1803300,Liuzhou,Liuzhou,"LZH,Lieu Chau,Linzhou,Liou-cou,Liou-čou,Liu-chiang,Liu-chou,Liu-chou-shih,Liuchow,Liuchowfu,Liuzhou,Liǔzhōu,Liễu Châu,Ljuchzhou,Ljudzou,Ma-p'ing,Ma-p’ing,Mapinghsien,liu zhou,liu zhou shi,lyujeousi,lywg'wʼw,lywshw,Љуџоу,Лючжоу,ליוג'ואו,ليوشو,柳州,柳州市,류저우시",24.32405,109.40698,P,PPLA2,CN,,16,4502,,,1436599,,102,Asia/Shanghai,2026-04-29,China,AS,China,0,0,0,0,557,28.287235,43.082253,28.072172,27.505243,42.858746,21.445162,16.795418,21.117743,20.140593,19.475834,25.618279,23.811806,49.17339,0.50593406
1803318,Linyi,Linyi,"I-chou,Ichow,Ichowfu,LYI,Lam Nghi,Lan-shan,Lim-ki-chhi,Lin'i,Lin-i,Lin-i-hsien,Lin-i-shih,Ling-gi,Linji,Linyi,Liuyihsien,Lâm Nghi,Lìng-gì,Lîm-kî-chhī,Yichow,lin yi,lin yi shi,lin-i si,lnyy,lynyay,Линьи,Линји,لنیی,لینیای,临沂,临沂市,臨沂,臨沂市,린이 시",35.06306,118.34278,P,PPLA2,CN,,25,3713,,,2743843,,69,Asia/Shanghai,2024-07-20,China,AS,China,0,0,0,0,901,42.05216,66.6746,55.85893,48.332794,33.954445,36.77863,35.402916,21.106047,29.992872,36.551105,29.569893,57.821392,53.774055,0.62177384
1803567,Linfen,Linfen,"LFQ,Lam Phan,Lim-hun-chhi,Lin'fehn',Lin'fyn',Lin-fen,Lin-fen-hsien,Linfen,Linfen Shi,Ling-hung,Lâm Phần,Lìng-hŭng,Lîm-hun-chhī,Pingyang,Pingyangfu,Saratsi,Yaodu Qu,lin fen,lin fen shi,linpeon si,lynfn,lynfyn,ping yang,ping yang fu,yao dou qu,Линфен,Линьфынь,Линьфэнь,لینفن,لینفین,临汾,临汾市,尧都区,平阳,平阳府,臨汾,臨汾市,린펀 시",36.08889,111.51889,P,PPL,CN,,24,1410,,,959198,,451,Asia/Shanghai,2024-07-12,China,AS,China,0,0,0,0,945,75.97582,104.11681,87.031265,77.66531,59.781116,58.06962,62.660835,58.95081,62.143147,71.26833,81.506584,84.6293,104.13227,0.41521308
1803834,Liaocheng,Liaocheng,"Liao-ccheng,Liao-ch'eng-hsien,Liao-ch'eng-shih,Liao-ch’eng-hsien,Liao-ch’eng-shih,Liao-čcheng,Liaoceng,Liaocheng,Liaoĉeng,Lieu Thanh,Lieu-siang,Liâu-siâⁿ-chhī,Lièu-siàng,Liêu Thành,Ljaochehn,Ljaocheng,Tung-ch'ang,Tung-ch’ang,Tungchangfu,liao cheng,liao cheng shi,lyaocheong si,lyawchyng,Љаоченг,Ляочэн,لیاوچینگ,聊城,聊城市,랴오청 시",36.45064,116.00247,P,PPLA2,CN,,25,3715,,,1229768,,32,Asia/Shanghai,2021-10-20,China,AS,China,0,0,0,0,961,46.739914,75.111145,58.975155,50.76344,34.440834,36.531048,37.189865,28.839653,33.36533,42.824303,42.28562,53.302353,67.81465,0.610202
1803936,Wuwei,Wuwei,"Liang-chou,Liang-chow,Liangzhou,Uvehj,Wu-wei-hsien,Wuwei,Wuwei Shi,wu wei,wu wei shi,Увэй,武威,武威市",37.92672,102.63202,P,PPLA2,CN,,15,6206,,,1010295,,1542,Asia/Shanghai,2026-09-14,China,AS,China,0,0,0,0,1030,22.798283,25.753227,30.846725,29.18656,36.988194,23.976341,14.625001,14.670566,15.290994,16.79139,20.075539,22.29764,23.840189,0.31845638
1804120,Lianjiang,Lianjiang,"Lei-pei,Liancheng,Lianjiang,Lien-chiang,Lien-chiang-hsien,Limkong,Limkong-hsien,Ljan'czjan,Lunkong,Shih-ch'eng,Shih-ch’eng,lian jiang,Ляньцзян,廉江",21.64673,110.28172,P,PPL,CN,,30,4408,,,1363470,,46,Asia/Shanghai,2026-09-14,China,AS,China,0,0,0,0,489,25.782248,42.28092,31.074701,29.292744,33.70403,16.743412,14.598749,20.584003,15.509139,15.685555,23.536156,25.755835,40.702282,0.4957881
1804153,Leshan,Leshan,"Chia-ting,Kiating,Kiatingfu,LSG,Lac Son,Le-san,Le-šan,Lehshan',Leshan,Lo-shan,Lo-shan-hsien,Lok-san-chhi,Lok-sang,Lo̍k-san-chhī,Lŏk-săng,Lạc Sơn,le shan,le shan shi,leosan si,lyshan,Лэшань,لیشان,乐山,乐山市,楽山市,樂山,러산 시",29.56227,103.76386,P,PPL,CN,,32,5111,,,662814,,375,Asia/Shanghai,2025-05-12,China,AS,China,0,0,0,0,681,46.4713,64.60806,51.790623,45.55296,44.393883,35.29583,35.30472,35.03911,35.56398,36.49139,41.766396,57.420277,74.547035,0.51894385
1804430,Lanzhou,Lanzhou,"Kao-lan-hsien,Kaolan,LHW,Lan Chau,Lan Châu,Lan'chzhou,Lan'chzhou shaary,Lan'zhou,Lan-chiu-chhi,Lan-chou,Lan-chou-shih,Lan-cou,Lan-čou,Lanchjou,Lanchow,Lanchowfu,Lancjou,Lancsou,Landzhou,Landzou,Landzov,Landžou,Landžov,Lang-ciu,Langouo,Lantsjou,Lantsoou,Lanzcouh,Lanzhou,Lanzhou Shi,Lançjou,Lanĝoŭo,Laņdžou,Làng-ciŭ,Lân-chiu-chhī,hlan cow,lan jw,lan zhou,lan zhou shi,lanajha'u,lanazu,lanizoው,lanjeou si,lanjhu,lantshw,lanzhw,Λαντσόου,Ланджоу,Ланьжоу,Ланьчжоу,Ланьчжоу шаары,Ланьчжоў,Ланџоу,لان جو,لانتشو,لانزہو,لانژو,لەنجۇ شەھىرى,लान्झू,লানঝাউ,ਲਾਨਜ਼ੂ,หลานโจว,ལན་ཀྲོའུ།,ላንዞው,兰州,兰州市,蘭州,蘭州市,란저우 시",36.05701,103.83987,P,PPLA,CN,,15,6201,,,4359446,,1521,Asia/Shanghai,2026-08-26,China,AS,China,0,0,0,0,944,35.343674,49.088306,34.048664,45.737503,59.164997,43.367077,34.23597,20.690453,19.534409,22.156385,22.507526,32.089306,41.580643,0.35657176
1804540,Langfang,Langfang,"An-tz'u,An-tz’u,Anci,LFA,Lanfan,Lang-fang-chen,Langfang,lang fang,lang fang shi,Ланфан,廊坊,廊坊市",39.52079,116.71471,P,PPLA2,CN,,10,1310,,,868066,,19,Asia/Shanghai,2023-09-06,China,AS,China,0,0,0,0,1084,53.07744,69.51451,58.504913,48.07662,36.04667,40.116936,41.93347,39.586563,43.19556,51.242638,55.021244,73.38319,80.51949,0.438136
1804586,Laiyang,Laiyang,"Lai-yang-hsien,Lai-yank,Laiyang,Lajjan,Лайян",36.97583,120.71361,P,PPL,CN,,25,3706,,,872000,,40,Asia/Shanghai,2026-09-14,China,AS,China,0,0,0,0,985,29.32823,37.239647,32.4689,33.013577,25.977085,29.232794,28.877502,19.20766,19.072985,28.682362,20.16653,43.791523,34.835213,0.43397948
1804591,Laiwu,Laiwu,"Chiu-lai-wu,Lai Vu,Lai-bu-chhi,Lai-wu-hsien,Laiwu,Laj-wu,Laju,Lâi-bû-chhī,lai wu,lai wu shi,laiu si,layww,Лайу,لائوو,莱芜市,莱蕪市,萊蕪,라이우 시",36.19278,117.65694,P,PPLA3,CN,,25,3701,6573943,,989535,,182,Asia/Shanghai,2024-03-06,China,AS,China,0,0,0,0,949,50.72999,82.06534,66.75937,58.852955,38.819588,39.67836,38.142498,23.514921,35.021904,47.76069,42.42083,69.46403,67.52889,0.4479456
1804609,Laibin,Laibin,"Lai Tan,Lai Tân,Lai-bing,Lai-pin,Lai-pin-chen,Lai-pin-chhi,Lai-pin-hsien,Laibin,Laiping,Laj-pin,Lajbin',Leizbingz,Loi-pin-su,Lài-bĭng,Lâi-pin-chhī,Lòi-pîn-sṳ,lai bin,lai bin shi,laibin si,laybn,laybyn,layybn,Лайбинь,لائبن,لائیبن,لایبین,來賓,来宾,来宾市,来賓市,라이빈 시",23.74743,109.22222,P,PPLA2,CN,,16,4513,,,910282,,72,Asia/Shanghai,2021-10-14,China,AS,China,0,0,0,0,540,25.550581,41.390865,26.337347,25.893549,38.12792,19.292204,15.106248,19.425266,17.883467,16.79972,22.668146,19.94611,43.418137,0.48680615
1804651,Kunming,Kunming,"Con Minh,Côn Minh,Gvwnhmingz,K'un-ming-hsien,K'un-ming-shih,KMG,Kchun-ming,Khun-beng-chhi,Khun-bêng-chhī,Kong-ming,Kounmink,Kuenming,Kun'min,Kun'min shaary,Kun'min',Kunmin,Kunmina,Kunming,Kunming Shi,Kunmingas,Kunmingo,Kunminq,Kuņmina,Kŏng-mìng,Kүn'min,K’un-ming-hsien,K’un-ming-shih,Yun-nan,Yunnanfu,Yün-nan,Yünnanfu,kanamiga,khunh ming,kn ming,kun ming,kun ming shi,kunamim,kunaminga,kuniminiግ,kunming si,kunminga,kwnmng,kwnmyng,kwnmyngh,qwnmyng,Κουνμίγκ,Куенминг,Кунмин,Куньмин,Куньмин шаары,Куньминь,Куньмін,Күньмин,Կունմին,קונמינג,كونمينغ,كۈنمىڭ شەھىرى,کن مِنگ,کونمنگ,کونمینگ,کون‌مینگ,कुनमिंग,कुन्मिंग,কুনমিং,ਕਨਮਿੰਗ,คุนหมิง,ကူမင်းမြို့,კუნმინი,ኩንሚንግ,昆明,昆明市,쿤밍 시",25.03889,102.71833,P,PPLA,CN,,29,5301,,,5950578,,1895,Asia/Shanghai,2026-09-02,China,AS,China,0,0,0,0,578,22.66878,27.209143,25.155355,27.547043,25.722082,14.74758,19.369997,18.544624,18.43145,16.66389,19.151747,25.006527,34.59032,0.38467482
1804879,Kaifeng,Kaifeng,"K'ai-feng-hsien,K'ai-feng-shih,Kai Feng,Kai-feng Fu,Kai-fêng Fu,Kai-hung,Kaifeng,Kajfehn,Kajfen,Kajfeng,Kajfyn,Kayfin,Kchaj-feng,Keyfeng shehiri,Keyféng shehiri,Khai Phong,Khai-hong-chhi,Khai-hong-chhī,Kăi-hŭng,K’ai-feng-hsien,K’ai-feng-shih,kai feng,kai feng shi,kaipeong si,kayfng,kayfngh,kayfyng,khi feing,Кайфен,Кайфын,Кайфэн,Кајфенг,קאיפנג,كايفنغ,کائفینگ,کایفنگ,ไคเฟิง,კაიფინი,ካይፈንግ,开封,开封市,開封,開封市,카이펑 시",34.7986,114.30742,P,PPL,CN,,09,4102,,,1451741,,76,Asia/Shanghai,2021-10-20,China,AS,China,0,0,0,0,877,46.889854,70.9199,61.69941,51.47526,35.714172,35.11962,36.777504,26.610752,30.565725,37.44014,43.59597,50.626938,82.69529,0.59312433
1805179,Jiujiang,Jiujiang,"Chiu-chiang,Chiu-chiang-hsien,Chiu-chiang-shih,Ciuciang,Cuu Giang,Czjuczjan,Cửu Giang,Dzjudzjan,JIU,Jiujiang,Kiukiang,Kiukiang-hsien,Te-hua,Tiou-tiang,jiu jiang,jiu jiang shi,jujang si,Ťiou-ťiang,Ђуђанг,Дзюдзян,Цзюцзян,ཅིའུ་ཅང་།,九江,九江市,주장 시",29.70475,116.00206,P,PPLA2,CN,,03,3604,,,1164268,,41,Asia/Shanghai,2021-10-11,China,AS,China,0,0,0,0,684,43.413097,76.600006,57.9491,50.88145,51.14861,35.955105,25.68833,21.639246,22.070837,29.436947,33.81626,47.34528,69.1867,0.4648427
1805518,Jining,Jining,"Ca-ning,Che-leng-chhi,Chi-ning,Chi-ning-hsien,Chi-ning-shih,Chè-lêng-chhī,Csining,Czinin,Cá̤-nìng,Dzining,Džining,Gjining,JNG,Jining,Jǐníng,Te Ninh,Ti-ning,Tsi-ning-hsien,Tsining,Tế Ninh,gynyng,ji ning,ji ning shi,jining si,jnyng,jynyng,Đining,Ĝjining,Ťi-ning,Ђининг,Цзинин,Цзінін,גינינג,جنینگ,جینینگ,济宁,济宁市,済寧市,濟寗,濟寧,지닝 시",35.405,116.58139,P,PPL,CN,,25,3708,,,1241012,,43,Asia/Shanghai,2026-01-08,China,AS,China,0,0,0,0,923,60.38911,97.00659,76.35998,63.503094,48.538887,49.852955,46.597214,36.811024,47.03307,55.569717,52.822037,69.663055,81.77419,0.5775605
1805528,Jinhua,Jinhua,"Chin-hua,Chin-hua-hsien,Chin-hua-hsien-ch'eng,Chin-hua-hsien-ch’eng,Chin-hua-shih,Czin'khua,Ging-hua,Gĭng-huà,JHR,Jinhua,Jinhua Shi,Kim Hoa,Kim-fa-su,Kim-hoa-chhi,Kim-hoâ-chhī,Kinhwa,Kinhwa-hsien,Kinhwafu,Kîm-fà-sṳ,Tin-chua,jin hua,jin hua shi,jin hua xian,jinhwa si,jynhwa,Ťin-chua,Цзиньхуа,جنہوا,جينهوا,جینهوا,金华,金华市,金華,金華市,金華縣,진화 시",29.10678,119.64421,P,PPLA2,CN,,02,3307,,,1463990,,55,Asia/Shanghai,2026-01-22,China,AS,China,0,0,0,0,672,36.400406,57.975006,48.15446,42.339787,40.22556,32.567204,30.276249,17.47218,20.126343,25.067644,27.651075,42.41888,53.422176,0.42894652
1805540,Jingzhou,Jingzhou,"Chiang-ling,Chiang-ling-hsien,Ching-chou,Chingchou-fu,Czinchzhou,Dzindzhou,Ging-ciu,Gĭng-ciŭ,Jiangling,Jingtsjou,Jingzhou,Keng-chiu-chhi,Keng-chiu-chhī,Kiangling,Kiangling-hsien,Kingchow,Kingchowfu,Kingling,Kinh Chau,Kinh Châu,SHS,Ting-cou,jing zhou,jing zhou shi,jingjeou si,jngzhww,jyangzhw,Ťing-čou,Дзинджоу,Цзинчжоу,جنگژوو,جیانگژو,荆州市,荊州,荊州市,징저우 시",30.35028,112.19028,P,PPLA2,CN,,12,4210,,,1052282,,39,Asia/Shanghai,2021-10-20,China,AS,China,0,0,0,0,710,41.934185,73.28442,56.44375,48.927017,41.925003,32.956043,30.620836,22.636156,22.199865,22.244303,36.72299,45.6925,70.08227,0.57214606
1805611,Jingmen,Jingmen,"Ching-men,Ching-men-hsien,Czinmehn',Ging-muong,Gĭng-muòng,JJL,Jingmen,Keng-bun-chhi,Keng-bûn-chhī,King monn,King mönn,King-men-chow,Kingmen,Kingmen-hsien,Kinh Mon,Kinh Môn,Ting-men,jing men,jing men shi,jingmeon si,jngmyn,Ťing-men,Цзинмэнь,جنگمین,جىڭمېن شەھىرى,荆门市,荊門,荊門市,징먼 시",31.03361,112.20472,P,PPLA2,CN,,12,4208,,,632954,,94,Asia/Shanghai,2021-10-20,China,AS,China,0,0,0,0,743,39.612686,63.670296,49.479614,46.37661,38.970413,32.710487,30.738468,22.122179,22.86411,22.763193,35.749466,42.76486,67.34865,0.53732544
1805701,Jing’an,Jing'an,"Ching-an,Czinan,Jing'an,Jing’an,jing an,Цзинан,静安",31.22,121.41583,P,PPLX,CN,,23,12324204,,,936500,,32,Asia/Shanghai,2026-09-14,China,AS,China,2,2,2,2,749,53.08605,90.49555,72.3204,58.04342,52.08944,42.422714,38.884304,26.079706,49.05927,40.10861,31.096104,64.48389,73.26923,0.45626798
1805753,Jinan,Jinan,"Ca-nang,Che-lam-chhi,Chi-nam-su,Chi-nan,Chi-nan-shih,Chi-nàm-sṳ,Chè-lâm-chhī,Cijnanz,Cinanum,Csinan,Czinan',Cá̤-nàng,Dzinan,Dzinanas,Dzjinana,Dzjinaņa,Džinan,Ginano,Jinan,Jinan Shi,Li-ch'eng,Li-ch’eng,Szinan,TNA,Te Nam,Ti-nan,Tsi-nan-fu,Tsinah,Tsinan,Tzinan,Tế Nam,Zhinan',ci hnan,cinana,gynʼn,ji nan,ji nan shi,jinan si,jinana,jinani,jnan,jynan,Ĝinano,Ťi-nan,Τζινάν,Ђинан,Дзинан,Жинань,Цзинань,Цзінань,Ցզինան,גינאן,جنان,جىنەن شەھىرى,جينان,جینان,जीनान,জিনান,ਚੀਨਾਨ,จี่หนาน,ཅི་ནན།,ကျီနန်မြို့,ጂናን,济南,济南市,済南,済南市,濟南,濟南市,지난 시",36.66833,116.99722,P,PPLA,CN,,25,3701,,,8352574,,32,Asia/Shanghai,2026-09-02,China,AS,China,0,0,0,0,981,47.154682,72.96196,55.116817,52.82044,34.314724,38.421505,39.06708,30.445297,36.43078,45.34111,40.87957,57.264442,63.15551,0.52981997
1805953,Jiaxing,Jiaxing,"Chia-hsing,Chia-hsing-hsien,Chia-hsing-hsien-ch'eng,Chia-hsing-hsien-ch’eng,Chiahsing-Fu,Czjasin,Dziasingas,Dzjasin,Ga-hing,Gia Hung,Gia Hưng,Gă-hĭng,JXS,Jiaxing,Ka-heng-chhi,Ka-heng-chhī,Ka-shing-fu,Kashing,Kashing-hsien,Tia-sing,jasing si,jia xing,jia xing shi,jyashng,jyshang,Ťia-sing,Ђасинг,Дзясин,Цзясин,Цзясін,جياشىڭ شەھىرى,جیاشنگ,جیشانگ,嘉兴,嘉兴市,嘉興,嘉興市,자싱 시",30.7522,120.75,P,PPLA2,CN,,02,3304,,,1180000,,8,Asia/Shanghai,2025-03-18,China,AS,China,0,0,0,0,730,46.189663,70.68077,58.366367,48.976208,43.763893,34.61962,33.296253,25.914246,39.392075,43.779854,35.64516,57.135006,63.66586,0.56298757
1805987,Jiaozuo,Jiaozuo,"Chiao-tso,Chiao-tso-chen,Chiao-tso-kung-k'uang-ch'u,Chiao-tso-kung-k’uang-ch’ü,Chiao-tso-shih,Chiau-chok-chhi,Chiau-chok-chhī,Cieu-cauk,Ciĕu-cáuk,Czjaoczo,Gjaoguo,Jiaozuo,Tiao-cuo,Tieu Tac,Tiêu Tác,Tsiaotso,Tszyaotszochzhen,jaojjwo si,jiao zuo,jiao zuo shi,jyawzww,zhyawzw,Ĝjaoĝuo,Ťiao-cuo,Ђаоцуо,Цзяоцзо,جیاوزوو,ژیاوزو,焦作,焦作市,자오쭤 시",35.23925,113.23914,P,PPLA2,CN,,09,4108,,,865413,,90,Asia/Shanghai,2025-05-15,China,AS,China,0,0,0,0,897,56.308815,77.52728,70.25923,56.989384,46.41764,43.73467,46.728752,36.904564,49.30954,50.191257,55.790447,56.92528,85.47192,0.610123
1806096,Jiaozhou,Jiaozhou,"Chiao,Chiao-hsien,Czjaochzhou,Jiaocheng,Jiaoxian,Jiaozhou,Kiaochow,Kiaohsien,Цзяочжоу",36.28389,120.00333,P,PPLA3,CN,,25,3702,,,619266,,10,Asia/Shanghai,2026-09-14,China,AS,China,0,0,0,0,963,35.898586,50.18978,42.64419,36.268818,29.272503,31.916668,30.144999,23.28495,28.321373,40.256943,24.73239,51.329998,43.312366,0.48836258
1806299,Jiangmen,Jiangmen,"Chiang-men,Chiang-men-ch'eng,Chiang-men-ch’eng,Chiang-men-shih,Czjanmehn',Czjanmen',Czjanmyn',Dziangmenas,Dzjanmun,Geng-muong,Giang Mon,Giang Môn,Gjanmen,Gĕ̤ng-muòng,Hsin-hui,Hsin-hui-hsien,Jiangmen,Jiāngmén,Kang-mng-chhi,Kang-mn̂g-chhī,Kong-mun-su,Kongmoon,Kongmoon City,Kongmun,Kông-mùn-sṳ,Pakhai,Sunwui,Tiang-men,Wom Moon,ZBD,jangmeon si,jiang men,jiang men shi,jyangmn,jyangmyn,zhyangmn,Đangmen,Ĝjanmen,Ťiang-men,Ђангмен,Дзянмън,Цзянмень,Цзянмынь,Цзянмэнь,جیانگمن,جیانگمین,ژیانگمن,江門,江門市,江门,江门市,장먼 시",22.58333,113.08333,P,PPLA2,CN,,30,4407,,,1795459,,11,Asia/Shanghai,2025-12-14,China,AS,China,0,0,0,0,504,36.226353,53.564655,45.51949,35.511295,39.122368,24.978899,14.954029,30.312635,21.138172,24.926945,38.347042,39.44431,66.9422,0.62923235
1806408,Yangjiang,Yangjiang,"Chiang-ch'eng-chen,Chiang-ch’eng-chen,Duong Giang,Dương Giang,Iong-gong,Iong-kang-chhi,Iòng-gŏng,Iông-kang-chhī,Janczjan,Jang-tiang,Jang-ťiang,Jiangcheng,Liang-yang,Yang-chiang,Yang-chiang-hsien,Yangjiang,Yeungkong,Yeungkong-hsien,Yong-kong-su,Yòng-kông-sṳ,yang jiang,yang jiang shi,yang jyang,yangjang si,yangzhyang,yngjyang,Јангђанг,Янцзян,یانگ جیانگ,یانگژیانگ,ینگجیانگ,阳江,阳江市,陽江,陽江市,양장 시",21.85563,111.96272,P,PPLA2,CN,,30,4417,,,1292987,,15,Asia/Shanghai,2021-10-14,China,AS,China,0,0,0,0,496,23.938358,35.749058,32.03646,26.330242,30.483332,16.127283,11.750556,18.886423,15.605239,16.324165,23.488441,22.028055,38.745434,0.42495096
1806445,Ji’an,Ji'an,"Chi-an,Chi-an-shih,Czian',JGS,Ji'an,Ji'an Shi,Ji’an,Ji’an Shi,Kian,Kian-hsien,Kianfu,Luling,ji an,ji an shi,Цзиань,吉安,吉安市",27.11716,114.97927,P,PPLA2,CN,,03,3608,,,538699,,72,Asia/Shanghai,2021-10-11,China,AS,China,0,0,0,0,625,30.478186,47.04126,39.8625,34.645428,39.11708,24.357119,17.683193,19.618952,15.913037,20.045,24.95497,30.6075,52.333874,0.4321922
1806466,Guangyuan,Guangyuan,"GYS,Guangjuen,Guangyuan,Guanujuan',Guong-nguong,Guōng-nguòng,Gǔangyúan,Jialing,Kong-goan-chhi,Kuan-yuan,Kuan-yüan,Kuang-juean,Kuang-jüan,Kuang-yuan,Kuang-yuan-hsien,Kuang-yüan,Kuang-yüan-hsien,Kwangyuan,Kwangyuanhsien,Kwangyüan,Kwangyüanhsien,Kóng-goân-chhī,Quang Nguyen,Quảng Nguyên,guang yuan,guang yuan shi,gwang-wian si,gwangywan,Гуангјуен,Гуанъюань,گوانگیوان,广元,广元市,広元市,廣元,광위안 시",32.44201,105.823,P,PPLA2,CN,,32,5108,,,516424,,525,Asia/Shanghai,2024-07-13,China,AS,China,0,0,0,0,791,24.21368,33.42782,31.302383,29.680513,32.133614,23.241535,21.545828,16.227821,15.7481165,13.058057,15.734546,28.002916,31.078901,0.36814603
1806488,Qionghai,Qionghai,"BAR,Ch'iung-hai,Ch'iung-tung,Ch'iung-tung-hsien,Chia-chi,Chia-chi-chen,Chia-chi-shih,Ch’iung-hai,Ch’iung-tung,Ch’iung-tung-hsien,Cjunkhaj,Jiaji,Jiaji Zhen,Kachek,Katchek,QHX,Qionghai,Qionghai Shi,chunghai si,jia ji,qiong hai,qiong hai shi,Цюнхай,嘉积,琼海,琼海市,瓊海,瓊海市,충하이 시",19.2425,110.46417,P,PPLA2,CN,,31,1797544,,,528238,,24,Asia/Shanghai,2026-09-14,China,AS,China,0,0,0,0,435,14.310468,22.886158,17.36637,17.854435,18.626251,8.910215,9.634861,10.747715,9.277555,8.862639,11.933332,17.508335,18.3293,0.31674373
1806508,Jiading,Jiading,"Chia-tang,Chia-ting,Chia-ting-hsien,Czjadin,Jiading,Jiadingzhen,Jiadingzhen Jiedao,Kiating,Kiating Ku,jia ding,jia ding zhen,jia ding zhen jie dao,Цзядин,嘉定,嘉定镇,嘉定镇街道",31.38575,121.24465,P,PPLA4,CN,,23,12324204,,,1886100,,9,Asia/Shanghai,2026-09-14,China,AS,China,0,0,2,2,748,83.156166,116.952705,96.76726,80.911156,74.01763,68.93253,76.2986,51.442204,79.44703,80.969864,66.48656,103.212776,103.81329,0.49782196
1806535,Huzhou,Huzhou,"HZC,Hu-chou,Hu-chou-shih,Huchow,Huchowfu,Huhinghsien,Huzhou,Huzhou City,Huzhou Shi,Khuchzhou,Wu-hsing,Wu-hsing-hsien,Wu-hsing-hsien-ch'eng,Wu-hsing-hsien-ch’eng,Wuhing,Wuxing,Wuxing Qu,hu zhou,hu zhou shi,wu xing,wu xing qu,Хучжоу,吴兴,吴兴区,湖州,湖州市",30.8703,120.0933,P,PPLA2,CN,,02,3305,,,1015937,,6,Asia/Shanghai,2026-09-14,China,AS,China,0,0,0,0,729,44.59702,70.29704,57.996735,45.647175,47.68375,36.762768,34.299442,23.99677,35.9461,41.186394,32.80524,48.703613,60.925804,0.5663958
1806602,Cixi,Cixi,"CXD,Cixi,Cixi City,Cixi Shi,Cysi,Hu-shan-chen,Hu-shan-so-ch'eng,Hu-shan-so-ch’eng,Hushan,Tz'u-ch'i,Tz'u-hsi,Tz’u-ch’i,Tz’u-hsi,Xushan,Xushan Jiedao,ci xi,ci xi shi,hu shan,hu shan jie dao,Цыси,慈溪,慈溪市,浒山,浒山街道",30.1764,121.2457,P,PPLA3,CN,,02,3302,,,1457510,,11,Asia/Shanghai,2026-09-14,China,AS,China,0,0,0,0,698,37.63253,64.702835,52.000893,46.73387,41.748333,32.128357,27.839167,18.194757,21.854702,28.37625,25.88683,44.46875,48.784813,0.46403053
1806776,Huizhou,Huizhou,"Chuej-cou,Chuej-čou,Fi-chu-su,Fi-chû-sṳ,HUZ,Hie-ciu,Hiê-ciŭ,Hue Chau,Hui-chiu-chhi,Hui-chou,Hui-chou-ch'eng,Hui-chou-chen,Hui-chou-ch’eng,Hui-yang,Huichou-fu,Huitsjou,Huizhou,Hujdzov,Hujdžov,Huệ Châu,Hùizhōu,Hūi-chiu-chhī,Khojchzhou,Khuehjchzhou,Khuejchzhou,Khuejdzou,Kuei-shan,Waichow,Waichowfu,Waiyeung,Weichow,Xuyjo shehiri,hu-ijeou si,hui zhou,hui zhou shi,hwyzhw,Хойчжоу,Хуейчжоу,Хуејџоу,Хуэйчжоу,هویژو,ہوئیژوؤ,ہوئیژوو,恵州,恵州市,惠州,惠州市,후이저우 시",23.11147,114.41523,P,PPLA2,CN,,30,4413,,,2900113,,25,Asia/Shanghai,2025-11-01,China,AS,China,0,0,0,0,529,29.546465,37.655643,32.73348,30.184406,37.577217,25.49489,19.231249,32.25753,24.863575,21.529306,28.03616,21.418335,43.28952,0.45906064
1807234,Huangshi,Huangshi,"Chuang-s,Chuang-š,HSD,Hoang Thach,Hoàng Thạch,Huan-shi,Huan-shih,Huang-shih,Huang-shih-shih,Huangshi,Huangshi Shi,Huangsi,Huangsji,Huangŝi,Huangši,Hwangshih,Khuangshi,Khuanshi,Khuanshu,Ng-chioh-chhi,N̂g-chio̍h-chhī,Shi hui yao,Shi-hu-yao,Shihhweiyao,Shihpao,Shikhoyya,Uong-sioh,Uòng-siŏh,huang shi,huang shi shi,hwangseu si,hwangshy,Хуангши,Хуанши,Хуаншъ,خۇئاڭشى شەھىرى,هوانگشی,ہوانگشی,黃石市,黄石,黄石市,황스 시",30.24706,115.04814,P,PPLA2,CN,,12,4202,,,688090,,22,Asia/Shanghai,2021-09-20,China,AS,China,0,0,0,0,713,48.01055,71.1586,61.27544,61.391926,55.91597,44.994755,42.080276,26.424866,33.60054,33.346523,32.389652,45.944443,68.41156,0.5310125
1807681,Huainan,Huainan,"Huainan,Khuajnan',huai nan shi,Хуайнань,淮南市",32.62639,116.99694,P,PPL,CN,,01,3404,,,3033528,,47,Asia/Shanghai,2026-09-14,China,AS,China,0,0,0,0,810,56.645103,95.05781,78.01131,63.905376,47.01278,50.51075,45.577637,26.742874,40.288574,42.07333,52.1039,65.02042,74.63655,0.54688805
1807689,Huaihua,Huaihua,"Chuaj-chua,HJJ,Hoai Hoa,Hoai-hoa-chhi,Hoài Hóa,Hoâi-hoà-chhī,Huai-hua,Huaihua,Huài-huá,Khuajkhua,Yu-shu-wan-chen,Yushuwan,Yü-shu-wan-chen,huai hua,huai hua shi,hwaihwa si,Хуайхуа,ہوایہوا,怀化市,懐化市,懷化,화이화 시",27.56337,110.00404,P,PPLA2,CN,,11,4312,,,552622,,236,Asia/Shanghai,2021-10-13,China,AS,China,0,0,0,0,631,28.426819,51.250546,33.374554,34.659275,40.32514,24.348791,16.746387,19.260752,14.780914,16.00014,20.459543,24.964586,44.924595,0.42963788
1807700,Huaibei,Huaibei,"Chuaj-pej,Hoai Bac,Hoai-pak-chhi,Hoài Bắc,Hoâi-pak-chhī,Hsu-kou,Hsü-kou,Huai-baek,Huai-pei,Huai-pei-shih,Huaibei,Huaibejus,Huaibėjus,Huajbej,Huaybey,Huài-báe̤k,Khuajbehj,Khuajbej,Sui-hsi-shih,huai bei,huai bei shi,hwaibei si,hwayby,Хуайбей,Хуайбэй,Хуајбеј,Հուայբեյ,هوایبی,ہوآئیبئی,ہوائیبوئی,淮北,淮北市,화이베이 시",33.97444,116.79167,P,PPLA2,CN,,01,3406,,,1113321,,51,Asia/Shanghai,2021-10-18,China,AS,China,0,0,0,0,844,55.351402,94.54986,73.6494,64.06277,44.781666,45.68992,41.400414,26.402018,39.799194,42.160137,48.61196,68.67139,75.42217,0.5602489
1808090,Hongkou,Hongkou,"Hongkew,Hongkou,Hung-k'ou,Hung-k'ou-ch'u,Hung-k’ou,Hung-k’ou-ch’ü,Khunkou,hong kou,Хункоу,虹口",31.25,121.48917,P,PPLA3,CN,,23,12324204,,,687500,,-3,Asia/Shanghai,2026-09-14,China,AS,China,1,1,2,2,749,53.08605,90.49555,72.3204,58.04342,52.08944,42.422714,38.884304,26.079706,49.05927,40.10861,31.096104,64.48389,73.26923,0.49040627
1808198,Heze,Heze,"Caozhou,Che-ce,HZA,Ha Trach,Ha-tek-chhi,He-tse,Heze,Ho-dek,Ho-tse,Ho-tse-shih,Hotseh,Hotseh-hsien,Hà Trạch,Hâ-te̍k-chhī,Hê-tse,Hò̤-dĕk,Khece,Khehczeh,Ko-tse,Ko-tse-hsien,Ts'ao-chou,Ts'aochow,Tsaochowfu,Ts’ao-chou,Ts’aochow,he ze,he ze shi,heojjeo si,hzh,ka ze shi,Хеце,Хэцзэ,هزه,ہازا,カ沢市,菏泽,菏泽市,菏澤,허쩌 시",35.23929,115.47358,P,PPLA2,CN,,25,3717,,,1346717,,53,Asia/Shanghai,2022-01-14,China,AS,China,0,0,0,0,899,48.562523,79.63736,63.17857,53.61088,36.01264,37.34516,37.60167,28.868282,31.477152,38.93542,45.0246,55.288754,76.331985,0.6225943
1808316,Heshan,Heshan,"Heshan,Heshan Qu,I-yang,I-yang-ch'eng,I-yang-ch’eng,I-yang-hsien,I-yang-shih,I-yeng,Ijan,Yiyang,Yiyang Shi,Yiyang-hsien,he shan,he shan qu,yi yang,yi yang shi,Иян,益阳,益阳市,赫山,赫山区",28.56938,112.34733,P,PPLA2,CN,,11,4309,,,1249807,,73,Asia/Shanghai,2024-12-12,China,AS,China,0,0,0,0,650,38.791893,65.79476,55.991364,43.276615,44.742085,30.61949,25.5082,24.52769,17.583605,24.506248,29.834005,35.376255,68.59946,0.539265
1808370,Hengyang,Hengyang,"Cheng-jang,Fen-yong-su,Fên-yòng-sṳ,HNY,Hanh Duong,Henan,Henchow,Heng-chou,Heng-iong,Heng-iong-chhi,Heng-nan,Heng-nan-hsien,Heng-yang-ch'eng,Heng-yang-ch’eng,Heng-yang-shih,Hengchow,Hengchowfu,Hengjang,Hengjangas,Hengyang,Hengyang-hsien,Hành Dương,Hèng-iòng,Hêng-iông-chhī,Khehnujan,Khengjang,Khunjan,Xengyang shehiri,Xéngyang shehiri,heng yang,heng yang shi,heong-yang si,hngyang,Хенгјанг,Хънян,Хэнъян,Հենան,هنگیانگ,ہینگیانگ,衡阳市,衡陽,衡陽市,헝양 시",26.88946,112.61888,P,PPL,CN,,11,4304,,,1075516,,66,Asia/Shanghai,2021-10-12,China,AS,China,0,0,0,0,619,37.60626,65.35524,47.623806,39.99624,50.36583,28.35511,21.458612,25.245028,18.555513,24.162224,28.135883,33.65667,68.66399,0.50138193
1808392,Hengshui,Hengshui,"Cheng-suej,Cheng-šuej,Hanh Thuy,Heng-chui-chhi,Heng-cui,Heng-shui-ch'eng-kuan,Heng-shui-ch’eng-kuan,Heng-shui-hsien,Hengshui,Hành Thủy,Hèng-cūi,Hêng-chúi-chhī,Khehnshuj,Khengshuej,Khenshuy,heng shui,heng shui shi,heongsu-i si,hngshwy,Хенгшуеј,Хэншуй,هنگشوی,ہینگشوئی,衡水,衡水市,헝수이 시",37.73908,115.68348,P,PPLA2,CN,,10,1311,,,522147,,22,Asia/Shanghai,2023-12-11,China,AS,China,0,0,0,0,1013,43.166916,60.986427,51.45401,46.04597,30.967358,32.978897,36.648327,29.845568,30.203093,36.56666,41.1336,50.46167,70.931854,0.5423159
1808722,Hefei,Hefei,"Che-fej,Chefei,HFE,Hak-bui,Hap-pui-chhi,Ha̍p-pûi-chhī,Hefei,Hefei Shi,Hefej,Hefejo,Hefejus,Hefey,Hefėjus,Heyfey,Ho-fei,Ho-fei-hsien,Ho-fei-shih,Hofej,Hop Phi,Hozfeiz,Hăk-bùi,Hợp Phì,Khefej,Khehfehj,Khufej,Lu-chou,Luchow,Luchowfu,Lunchow,haphai,he fei,he fei shi,hefe'i,heopei si,hephe'i,hexfey,heፌyi,hfyy,khfy,Χεφέι,Хефей,Хефеј,Хъфей,Хэфэй,Хөфэй,Հեյֆեյ,خفي,خېفېي شەھىر,هفئی,ہیفئی,ہیفیئی,ہے fy,ہے فی,हफै,हेफ़ेई,হেফেই,ਹੇਫੇਈ,เหอเฝย์,ሄፌይ,合肥,合肥市,허페이 시",31.86389,117.28083,P,PPLA,CN,,01,3401,,,9465881,,24,Asia/Shanghai,2026-08-26,China,AS,China,0,0,0,0,779,42.059925,71.53817,59.419643,45.415993,35.480698,38.36802,32.63389,22.860758,25.51277,30.854452,35.460484,48.092503,60.078358,0.58022153
1808770,Hebi,Hebi,"Che-pi,Hac Bich,Hao-pi,Hao-pi-chen,Hao-pi-chi,Hao-pi-shih,Hebi,Ho-pi,Ho-pi-shih,Hok-biah,Hok-piah-chhi,Hopitsi,Ho̍k-piah-chhī,Hŏk-biáh,Hạc Bích,Khebi,Khehbi,he bi,he bi shi,heobi si,Хеби,Хэби,ہئبی,鶴壁,鶴壁市,鹤壁,鹤壁市,허비 시",35.73231,114.28616,P,PPLA2,CN,,09,4106,,,634721,,84,Asia/Shanghai,2025-03-11,China,AS,China,0,0,0,0,921,49.821056,73.81101,62.908623,51.85766,34.94514,36.1832,39.30514,32.0789,35.787766,45.435284,48.586693,53.56277,83.81719,0.56717604
1808857,Hanzhong,Hanzhong,"Chan-cung,Chan-čung,HZG,Han Trung,Han-chung,Han-chung-fu,Han-chung-shih,Han-tiong-chhi,Hang-dung,Hantai,Hantai Qu,Hanzhong,Hanzhong Shi,Hàn-tiong-chhī,Hán Trung,Háng-dṳ̆ng,Khan'chzhun,Khan’chzhun,Nan'chzhen,Nan-cheng,Nan-cheng-hsien,Nan’chzhen,han tai,han tai qu,han zhong,han zhong shi,hanjung si,Ханьчжун,ہانژونگ,汉中,汉中市,汉台,汉台区,漢中,漢中市,한중 시",33.07507,107.02214,P,PPLA2,CN,,26,6107,,,1006557,,517,Asia/Shanghai,2025-08-18,China,AS,China,0,0,0,0,816,33.73697,54.47487,46.198215,42.016262,35.81708,27.572718,27.107082,18.89637,18.41425,19.393333,24.29879,40.94264,50.54073,0.42014065
1808926,Hangzhou,Hangzhou,"Chan'nktsoou,Chang-cou,Chang-čou,HGH,Hancheum,Hanchow-fu,Hanczou,Handzou,Handžou,Hang,Hang Chau,Hang-chiu-chhi,Hang-chou,Hang-chou-shih,Hang-hsien,Hangchow,Hangcsou,Hangdzou,Hangdžou,Hanggouo,Hangtsjou,Hangzcouh,Hangzhou,Hangzhou City,Hangzhou Shi,Hangĝoŭo,Hančžou,Hong-chu-su,Hong-ciu,Hàng Châu,Hâng-chiu-chhī,Hòng-chû-sṳ,Hòng-ciŭ,Khanchzhou,Khandzhou,Khangdzou,Khangzhou,Khanzhou,Xanchjou,Xangzhou,hang cow,hang zhou,hang zhou shi,hangacau,hangajho'u,hanghtshw,hangjeou,hangjeou si,hangju,hangzhw,haniግzoው,hanjha,hannaco,hyanjha'o,hʼnggwʼw,kancu,Χανγκτσόου,Хангџоу,Ханджоу,Ханжоу,Ханчжоу,האנגגואו,خاڭجۇ شەھىر,هانغتشو,هانگژو,ہang jw,ہانگ جو,ہانگژو,हांगचौ,हांगझोऊ,হ্যাংঝাও,ਹਾਂਙਚੋ,காங்சூ,ഹാങ്ഝൗ,หางโจว,ཧང་ཀྲོའུ།,ሃንግዞው,杭州,杭州市,항저우,항저우 시,항주",30.29365,120.16142,P,PPLA,CN,,02,3301,,,11936010,,12,Asia/Shanghai,2026-08-26,China,AS,China,0,0,0,0,715,60.086506,102.57552,78.892555,58.384415,60.518753,48.514114,44.861805,30.037634,49.764385,53.301807,42.26425,66.4368,86.81452,0.5292929
1808956,Changzhi,Changzhi,"CIH,Cangdzi,Cangi,Cchang-c,Ch'ang-chih,Ch'ang-chih-hsien,Ch'ang-chih-shih,Chanchzhi,Chandzhu,Chang-chi,Changdzi,Changzhi,Changzhi Shi,Ch’ang-chih,Ch’ang-chih-hsien,Ch’ang-chih-shih,Diong-de,Diòng-dê,Handian,Lu'an,Lu'anfu,Lu’an,Lu’anfu,Tiong-ti-chhi,Tiông-tī-chhī,Truong Tri,Trường Trị,changjeu si,changjy,changzhy,lu an,lu an fu,zhang zhi,zhang zhi shi,Ĉanĝi,Čangdži,Čchang-č,Чангџи,Чанджъ,Чанчжи,چانگجی,چانگژی,潞安,潞安府,長治,長治市,长治,长治市,창즈 시",36.18389,113.10528,P,PPLA2,CN,,24,1404,,,1214940,,937,Asia/Shanghai,2025-08-20,China,AS,China,0,0,0,0,946,52.91685,64.826744,59.680805,56.981583,44.447365,47.454433,50.26111,42.390316,45.07299,50.56709,50.515995,58.23792,64.95752,0.3270127
1808963,Handan,Handan,"Chan-tan,HDG,Ham GJan,Han-tan,Han-tan-chhi,Han-tan-hsien,Han-tan-shih,Handan,Handanas,Handano,Hang-dang,Hàm Đan,Hàng-dăng,Hándān,Hân-tan-chhī,Khan'dan',Khandan,han dan,han dan shi,handan,handan si,Хандан,Ханьдань,האנדאן,خەندەن شەھىرى,هاندان,ہاندان,邯郸,邯郸市,邯鄲,邯鄲市,한단 시",36.60999,114.48764,P,PPLA2,CN,,10,1304,,,1358318,,61,Asia/Shanghai,2026-04-29,China,AS,China,0,0,0,0,980,56.09733,77.06451,73.132286,54.20699,37.211525,38.20013,44.563477,42.97608,46.497173,48.336113,59.935886,59.19487,92.36573,0.49332085
1809061,Jiaojiang,Jiaojiang,"Czjaoczjan,Hai-men-chen,Haimen,Jiaojiang,Jiaojiangcun,jiao jiang cun,Цзяоцзян,椒江村",28.69844,121.47331,P,PPLX,CN,,02,3310,1806069,,826100,,10,Asia/Shanghai,2026-09-14,China,AS,China,0,0,0,0,663,23.73526,40.88038,35.726933,29.210213,30.608332,24.384945,17.344305,12.085889,12.559005,13.68889,14.579034,26.81653,27.889917,0.42573568
1809078,Haikou,Haikou,"Chaj-kchou,HAK,Ha k'uo-shih,Ha k’uo-shih,Hai Khau,Hai-k'ou-shih,Hai-k'ou-so-ch'eng,Hai-kau,Hai-khau-chhi,Hai-k’ou-shih,Hai-k’ou-so-ch’eng,Haijgouj,Haik-how,Haikou,Haikou Shi,Haikow,Hajkou,Hajkouo,Hajkoŭo,Haykou,Heihow,Hoi Hao,Hoihau,Hoihow,Hái-kháu-chhī,Hāi-kāu,Hải Khẩu,Khajkou,Xeyko shehir,ha'iko,ha'iko'u,hai kou,hai kou shi,haikeou si,hayikwe,haykw,Хайкоу,Хајкоу,هايكو,هایکو,ہayykw,ہائکو,ہائیکؤ,ہائیکو,हाइकोऊ,হাইকো,ਹਾਈਕੋਊ,ཧའེ་ཁོའུ་གྲོང་ཁྱེར།,ဟိုင်းခိုမြို့,ሃይኮ,海口,海口市,하이커우 시",20.03421,110.34651,P,PPLA,CN,,31,4601,,,3001600,,9,Asia/Shanghai,2026-08-26,China,AS,China,0,0,0,0,454,23.508217,26.951616,21.411901,25.724464,38.89458,29.940056,21.662083,23.710615,21.318684,14.267364,14.559004,20.207777,23.279705,0.43533656
1809412,Guli,Guli,"Guli,Yongkang,Yung-k'ang,Yung-k'ang-hsien,Yung-k’ang,Yung-k’ang-hsien,Гули",28.88162,120.03308,P,PPL,CN,,02,3307,,,964203,,121,Asia/Shanghai,2026-08-25,China,AS,China,0,0,0,0,662,30.81786,48.5625,42.47277,37.793682,35.20402,26.751345,22.900417,15.70188,17.01465,19.455278,24.96828,36.278336,43.53468,0.37221792
1809461,Guiyang,Guiyang,"Goi-iong,Guejang,Guejjan,Guijang,Guijangas,Guijango,Guiyang,Guiyang Shi,Gujjan,Guyan,Guyyan,Gveiyangz,Gói-iòng,Gŭijango,KWE,Kuei-chu,Kuei-yang,Kuei-yang-shih,Kuej-jang,Kui-iong-chhi,Kweichu,Kweiyang,Kweiyangfu,Kùi-iông-chhī,Queiyanga,Quy Duong,Quyinq,Quý Dương,gayiyaniግ,ghwyyangh,gu'iyam,gu'iyanga,gu-iyang si,gui yang,gui yang shi,gwy yang,gwyyang,kuy hyang,Гуейян,Гуејанг,Гуйян,Ґуйян,Գույան,غوييانغ,گوئیانگ,گوی یانگ,گۇيياڭ شەھىرى,गुइयांग,গুইয়াং,ਗੁਈਯਾਂਗ,กุ้ยหยาง,ကွေ့ယန်မြို့,ጋይያንግ,貴陽,貴陽市,贵阳,贵阳市,구이양 시",26.58333,106.71667,P,PPLA,CN,,18,5201,,,4506134,,1087,Asia/Shanghai,2026-09-02,China,AS,China,0,0,0,0,612,20.07237,31.302687,16.454464,23.009682,30.310421,18.905912,17.187222,15.700538,14.213172,11.620974,11.9653225,18.443888,31.31613,0.4351438
1809498,Guilin,Guilin,"Garadskaja akruga Gujlin',Guejlin,Guilin,Guilin Shi,Gujlin,Gujlin',Gveilinz,KWL,Kuei-lin,Kuei-lin-shih,Kuej-lin,Kui-lim-su,Kui-lìm-sṳ,Kweilin,Kweilin-hsien,Lin-kuei,Lin-kuei-hsien,Lin-kwei,Ling-ch'uan,Ling-ch’uan,Que Lam,Quế Lâm,gu'ilina,gu-ilin si,gui lin,gui lin shi,kuy hlin,Гарадская акруга Гуйлінь,Гуейлин,Гуејлин,Гуйлинь,گۇيلىن شەھىرى,गुइलिन,กุ้ยหลิน,桂林,桂林市,구이린 시",25.28022,110.29639,P,PPLA2,CN,,16,4503,,,1572300,,141,Asia/Shanghai,2021-10-13,China,AS,China,0,0,0,0,579,24.58766,39.10403,28.245089,25.936962,41.302494,19.071638,14.320693,18.010218,16.077957,15.355971,20.86922,17.892086,38.91371,0.43339697
1809532,Guigang,Guigang,"Goi-geng,Guicheng,Guigang,Guixian,Gujgan,Gveigangj,Gói-gē̤ng,Kuei,Kuei-hsien,Kuej-kang,Kui-kang-chhi,Kui-kong-su,Kui-kóng-sṳ,Kweihsien,Kùi-káng-chhī,Quy Cang,Quý Cảng,gu-igang si,gui gang,gui gang shi,gwygang,gwyygang,Гуйган,گوئگانگ,گوئیگانگ,گویگانگ,貴港,貴港市,贵港,贵港市,구이강 시",23.11603,109.59472,P,PPLA2,CN,,16,4508,,,1086327,,40,Asia/Shanghai,2021-10-14,China,AS,China,0,0,0,0,525,31.58792,47.802418,32.495983,32.88226,46.241665,25.132391,18.02875,25.571373,22.142744,21.924862,29.331047,25.01736,52.08387,0.5313446
1809858,Guangzhou,Guangzhou,"CAN,Cantao,Canton,Cantão,Cantón,Fan-yu,Fan-yü,Guanchjou,Guanchzhou,Guanczou,Guand'ou,Guandzhou,Guandzou,Guandžou,Guangdzou,Guangdzov,Guangdžou,Guangdžov,Guangjow,Guangsu,Guangzhou,Guangzhou Shi,Guanzhou,Guančžou,Guaңҗu,Guong-ciu,Guōng-ciŭ,Guǎngzhōu,Gvangjcouh,Gwong Zau,Hiroshu,Hiroshū,Kanton,Kantono,Kng-chiu-chhi,Kong-chu-su,Koshu,Kouan'nktsoou,Kouang-chou,Kuang-chou,Kuang-chou-shih,Kwang-chowfu,Kwangchow,Kwangtsjou,Kwong Chau,Kóng-chû-sṳ,Kńg-chiu-chhī,Kōshū,P'an-yu,Puyun,Puyün,P’an-yü,Quancheum,Quancjou,Quang Chau,Quançjou,Quảng Châu,Shengcheng,ghwanzw,gu'angazu,guang zhou,guang zhou shi,guanjou,guyanjho,gvangajho'u,gvanjea,gwang jw,gwangjeou,gwangjeou si,gwangzhw,gwaniግzoው,gwʼnggwʼw,kantwn,kuvanco,kvangacau,kwang cow,shynyang,Κουανγκτσόου,Гуангџоу,Гуанджоу,Гуандьоу,Гуанжоу,Гуанчжоу,Гуанчжоў,Гуаңҗу,Кантон,Գուանչժոու,גואנגגואו,شینیانگ,غوانزو,کانتون,گوانگ جو,گوانگژو,گوانگ‌ژو,گۇاڭجۇ شەھىرى,क्वांगचौ,ग्वांगझोउ,গুয়ংঝো,ਗੁਆਂਗਜ਼ੂ,குவாங்சோ,ഗ്വാങ്ജോ,กว่างโจว,ກວ່າງໂຈວ,ཀོང་ཀྲོའུ་གྲོང་ཁྱེར།,ကွမ်ကျိုးမြို့,გუანჯოუ,ጓንግዞው,广州,广州市,広州,広州市,廣州,廣州市,광저우,광저우 시",23.11667,113.25,P,PPLA,CN,,30,4401,,,18676605,,15,Asia/Shanghai,2026-08-26,China,AS,China,1,1,1,1,527,50.85766,61.774464,51.61175,47.084003,59.917774,42.762913,33.281246,50.41505,45.134808,45.117504,51.002964,39.5743,81.86425,0.5660557
1810638,Ganzhou,Ganzhou,"Cam Chau,Cám Châu,Gan'chzhou,Gandzou,Gandzov,Gandžov,Gang-ciu,Gantsjou,Ganzhou,Ganzhou Shi,Gànzhōu,Gáng-ciŭ,KOW,Kam-chu-su,Kan,Kan-chou,Kan-chou-shih,Kan-cou,Kan-hsien,Kan-čou,Kanchow,Kong-chiu-chhi,Kàm-chû-sṳ,Kòng-chiu-chhī,gan zhou,gan zhou shi,ganjeou si,ganzhww,gong zhou,gʼngwʼw,kan zhou,kan zhou shi,Ганьчжоу,Ганџоу,Ґаньчжоу,Գանչժոու,גאנגואו,گانژوو,カン州,カン州市,贛州,赣州,赣州市,간저우 시",25.84664,114.9326,P,PPLA2,CN,,03,3607,,,1977253,,117,Asia/Shanghai,2025-12-15,China,AS,China,0,0,0,0,599,26.93232,42.49556,33.669044,30.185347,36.012077,22.71062,17.169027,16.372446,15.951748,15.55875,20.532797,26.469584,46.309006,0.43325877
1810820,Fuzhou,Fuzhou,"Bu-chiu-chhi,Bú-chiu-chhī,FUZ,Fu-chou,Fu-chou-shih,Fu-chow-fu,Fu-cou,Fu-čou,Fuchow,Fuchzhou,Fuzhou,Fuzhou i Jiangxi,Lin-ch'uan,Lin-ch'uan-hsien,Lin-ch’uan,Lin-ch’uan-hsien,Linchwan,Linchwanhsien,Phu Chau,Phủ Châu,U-ciu,Vu-chu-su,Vù-chû-sṳ,fu zhou,fu zhou shi,fwzhw  jyangshy,fwzhwa,pujeou si,Ū-ciŭ,Фучжоу,فوژو، جیانگشی,فوژوا,抚州,抚州市,撫州,撫州市,푸저우 시",27.95999,116.33333,P,PPLA2,CN,,03,3610,,,1089888,,53,Asia/Shanghai,2025-10-24,China,AS,China,0,0,0,0,641,30.191086,49.81882,42.910114,35.400536,36.550835,25.783466,15.505277,17.743818,13.379032,17.64236,22.409006,32.15208,53.61841,0.3800106
1810821,Fuzhou,Fuzhou,"FOC,Focheum,Foochow,Foutsoou,Fouzhou,Fu-chou,Fu-chou-shih,Fu-cou,Fu-čou,Fuchau,Fucheu,Fuchzhou,Fucjou,Fucsou,Fudzhou,Fudzou,Fudžou,Fugouo,Fuk-chu-su,Fuk-chû-sṳ,Futsjou,Fuzcouh,Fuzhou,Fuzov,Fuçjou,Fuĝoŭo,Fužov,Hok-chiu-chhi,Hok-chiu-chhī,Hok-ciu,Hók-ciŭ,Lin-sen,Lin-sen-hsien,Min Hsien,Min-hou,Min-hou-hsien,Min-hou-hsien-ch'eng,Min-hou-hsien-ch’eng,Minhow,Minhow-hsien,Phuc Chau,Phúc Châu,fu zhou,fu zhou shi,fuco,fujho'u,fw jw,fwjw,fwzhw,phucau,phujha'o,pujeou si,pwg'wʼw,Φουτσόου,Фуджоу,Фучжоу,Фучжоў,Фуџоу,פוג'ואו,فو جو,فوجو,فوزهو,فوژو,فۇجو شەھىرى,फ़ूझोउ,फूचौ,ফুঝাও,ਫ਼ੂਚੋ,ဖူကျိုးမြို့,ፉzoው,ፉዞው,福州,福州市,푸저우 시",26.06139,119.30611,P,PPLA,CN,,07,3501,,,4094491,,14,Asia/Shanghai,2026-09-02,China,AS,China,0,0,0,0,600,33.556446,46.640594,42.77842,42.720028,45.446945,34.234943,28.915833,21.938839,24.773252,25.024029,25.365726,28.291111,37.228897,0.38491115
1810845,Fuyang,Fuyang,"FUG,Fou-yang,Fou-yang-hsien,Fowyang,Fowyang-hsien,Fu-jang,Fu-yang-shih,Fujan,Fuyan,Fuyang,Hu-iong-chhi,Hū-iông-chhī,Inchzhou,Paiu-iong,Phu Duong,Phụ Dương,Puyanghsien,Pâiu-iòng,Ruyin,Ying-chou,Yingchow,Yingchow-fu,fu yang,fu yang shi,fwyang,puyang si,Фуян,Ֆույան,فویانگ,阜阳市,阜陽,阜陽市,푸양 시",32.9,115.81667,P,PPLA2,CN,,01,3412,,,1768947,,31,Asia/Shanghai,2021-10-18,China,AS,China,0,0,0,0,809,44.912518,76.940605,61.45849,50.73387,35.78875,41.149323,33.989166,21.47124,28.356993,30.826527,40.372314,47.61694,70.8332,0.5871609
1811103,Foshan,Foshan,"FUO,Fachan,Fak San,Fatshan,Fo Shan,Fo-san,Fo-shan-chen,Fo-shan-shih,Fo-šan,Fosan,Fosanas,Foshan,Foshan City,Foshan',Fosjan,Foŝan,Fošanas,Fu-shan-chen,Fuk Shan,Fut Shan,Fut-san-su,Fu̍t-sân-sṳ,Hotokeyama,Huk-sang,Hut-san-chhi,Hu̍t-san-chhī,Hŭk-săng,Namhoi,Nan-hai,Nanhai-hsien,Nanhoi,Nom Hoy,Phat Son,Phật Sơn,fo shan shi,fu shan,fu shan shi,fwshan,pocan,posan si,Φοσάν,Фошан,Фошань,فوشان,فۇشەن شەھىر,பொசன்,仏山市,佛山,佛山市,포산 시",23.02677,113.13148,P,PPLA2,CN,,30,4406,,,9042509,,5,Asia/Shanghai,2025-10-22,China,AS,China,1,1,1,1,527,50.85766,61.774464,51.61175,47.084003,59.917774,42.762913,33.281246,50.41505,45.134808,45.117504,51.002964,39.5743,81.86425,0.6616354
1812057,Xinyi,Xinyi,"Dongzhen,Hsin-i,Sin'i,Tung-chen,Tung-chen-chen,Tung-chen-hsu,Tung-chen-hsü,Xinyi,xin yi,Синьи,信宜",22.37303,110.94746,P,PPL,CN,,30,4409,,,1014577,,96,Asia/Shanghai,2026-09-14,China,AS,China,0,0,0,0,502,25.752626,41.34799,34.655205,27.496235,33.685413,16.976883,12.906804,20.776752,15.902687,17.621805,24.707796,21.470142,41.78629,0.4606842
1812101,Dongying,Dongying,"DOY,Dongying,Dongying city,Dun'in,Dungjing,Dunuin,GJong Dinh,Shengli,Shengli Jiedao,Tung-jing,Tung-ying,dong ying,dong ying shi,dung-ing si,sheng li,sheng li jie dao,Đông Dinh,Дунгјинг,Дунъин,Дуньин,东营市,東営市,東營,胜利,胜利街道,둥잉 시",37.46271,118.49165,P,PPLA2,CN,,25,3705,,,998968,,6,Asia/Shanghai,2025-03-12,China,AS,China,0,0,0,0,1015,35.472584,47.27473,40.517265,38.545967,26.656666,30.844353,32.206387,25.670832,28.98723,35.61139,26.377018,50.08611,43.46761,0.5137763
1812256,Dongsheng,Dongsheng,"DSN,Dongsheng,Dongsheng Qu,Dunshehn,Dunshen,Tung-sheng,Tung-sheng-hsien,dong sheng,dong sheng qu,Дуншэн,东胜,东胜区",39.81609,109.97763,P,PPL,CN,,20,1506,,,574242,,1439,Asia/Shanghai,2026-08-25,China,AS,China,0,0,0,0,1097,18.389427,13.345026,17.903273,26.267744,27.066668,23.375807,21.87389,17.196507,15.140189,13.5575,14.904838,16.512363,13.658063,0.27035668
1812545,Dongguan,Dongguan,"Deng-uang,Dongguan,Dongguan City,Dongwen shehiri,Dunguan,Dunguan',Dĕ̤ng-uāng,GJong Hoan,Ntonkouan,Tong-koan-chhi,Tong-kóan-chhī,Tung-kon-su,Tung-kuan,Tungkuan,Tungkun,Tûng-kón-sṳ,XHO,dong guan,dong guan shi,dong wan shi,donggu'ana,dung-gwan si,dwnghqwan,dwngwan,tonkuvan,Đông Hoản,Ντογκουάν,Донггуан,Дунгуан,Дунгуань,Дунґуань,דונגגוואן,دونغقوان,دونگوان,ڈwngwan,ڈونگ گوآن,ڈونگوان,डोंग्गूआन,டொங்குவான்,东莞,东莞市,東莞,東莞市,둥관 시",23.01797,113.74866,P,PPLA2,CN,,30,4419,,,9644871,,1,Asia/Shanghai,2024-03-26,China,AS,China,0,0,1,1,528,40.458115,49.227554,42.24524,38.10336,48.985558,34.975674,27.934998,45.45686,36.126476,34.22375,40.39288,28.291111,58.984406,0.5612014
1812621,Dongcun,Dongcun,"Dongcun,Haiyang,Khajjan,Tung-ts'un,Tung-ts'un-chi,Tung-ts’un,Tung-ts’un-chi,Хайян",36.77667,121.15972,P,PPL,CN,,25,3706,,,658000,,38,Asia/Shanghai,2026-09-14,China,AS,China,0,0,0,0,986,26.297142,31.808203,28.244493,30.499193,24.107086,27.163841,26.874025,18.556852,17.77258,25.205416,18.245028,38.003746,29.563978,0.346747
1812955,Dezhou,Dezhou,"Daik-ciu,Dedzou,Degou,Dehchzhou,Detsjou,Dezhou,Deĝoŭ,Dáik-ciŭ,GJuc Chau,Te,Te-chou,Te-chou-shih,Te-cou,Te-hsien,Te-čou,Techow,Teh-hsien,Tehchow,Tehetsouen,Tek-chiu-chhi,Tek-chiu-chhī,de zhou,de zhou shi,deojeou si,dyzhww,dzhw,Đức Châu,Деџоу,Дэчжоу,دژو,دیژوو,徳州市,德州,德州市,더저우 시",37.44661,116.36706,P,PPLA2,CN,,25,3714,,,679535,,25,Asia/Shanghai,2021-10-20,China,AS,China,0,0,0,0,1014,42.196537,60.467476,49.908634,46.72043,31.449718,35.09973,38.1343,28.11613,26.647446,39.84083,38.17782,51.269028,61.01196,0.55860424
1812961,Deyang,Deyang,"DEY,Daik-iong,Dehjan,Deyan,Deyang,Dáik-iòng,GJuc Duong,Te-jang,Te-yang,Te-yang-hsien,Tehyang,Tehyang-hsien,Tek-iong-chhi,Tek-iông-chhī,de yang,de yang shi,deoyang si,dyyang,Đức Dương,Дэян,Դեյան,دییانگ,徳陽市,德阳市,德陽,더양 시",31.13019,104.38198,P,PPLA2,CN,,32,5106,,,735070,,501,Asia/Shanghai,2021-10-19,China,AS,China,0,0,0,0,741,54.768513,77.35121,55.861904,48.976887,48.49097,43.055916,50.44514,49.62016,45.305103,45.045696,41.666794,68.74638,82.55712,0.6955857
1813206,Daye,Daye,"Dae,Daye,Ta-ye-li,Ta-yeh,Ta-yeh-ch'eng,Ta-yeh-ch’eng,Ta-yeh-hsien,Дае",30.08333,114.95,P,PPL,CN,,12,4202,,,871214,,25,Asia/Shanghai,2026-09-14,China,AS,China,0,0,0,0,695,60.72745,85.48494,73.52381,62.53091,59.75416,53.0086,52.14042,44.771374,42.202553,57.182087,51.763443,60.11792,87.04569,0.49861637
1813325,Dazhou,Dazhou,"DAX,Dachzhou,Dak-ciu,Dasyan',Dasyan’,Daxian,Dazhou,Dăk-ciŭ,GJat Chau,Sui-ting,Sui-ting-fu,Suting,Suydin,Ta,Ta-cou,Ta-hsien,Ta-čou,Tat-chiu-chhi,Ta̍t-chiu-chhī,That-chu-su,Tha̍t-chû-sṳ,da zhou,da zhou shi,dajeou si,dazhw,dazhww  sychwan,Đạt Châu,Дачжоу,داژو,داژوو، سیچوان,达州,达州市,達州,達州市,다저우 시",31.2106,107.46308,P,PPLA2,CN,,32,5117,1813320,,1589435,,292,Asia/Shanghai,2022-05-22,China,AS,China,0,0,0,0,742,38.043755,67.26398,44.82083,41.356575,44.812363,31.53078,25.97,22.018953,18.774057,19.901247,25.925266,51.70944,62.781857,0.5343666
1814087,Dalian,Dalian,"DLC,Dairen,Dal'niy,Dalian,Dalian City,Dalian Shi,Daljan',Dalny,Dal’niy,Lu-ta,Lu-ta-shih,Lueda,Lueta,Luta,Lü-ta,Lü-ta-shih,Lüda,Lüta,Ntalian,Ta-lien,Ta-lien-shih,da lian,da lian shi,daelyeon,dalyan,dalyen si,dʼlyyn,lu da,ta heliyn,Νταλιάν,Далянь,דאליין,داليان,دالیان,ต้าเหลียน,大连,大连市,大連,大連市,旅大,다롄 시,대련",38.91222,121.60222,P,PPL,CN,,19,2102,,,7450785,,33,Asia/Shanghai,2026-08-25,China,AS,China,0,0,0,0,1064,31.350624,26.008472,28.01622,36.779976,37.343052,38.248386,33.688194,30.458069,27.956186,35.332504,25.089516,33.261112,24.161825,0.42293012
1814757,Chuzhou,Chuzhou,"Cchu-cou,Ch'u,Ch'u-ch'uan,Ch'u-hsien,Chuchow,Chuchzhou,Chudzhou,Chudzou,Chuju shehiri,Chutsjou,Chuxian,Chuzhou,Ch’u,Ch’u-ch’üan,Ch’u-hsien,Du-ciu,Dṳ̀-ciŭ,Tru Chau,Trừ Châu,Tu-chiu-chhi,Tû-chiu-chhī,chajwa,chu zhou,chu zhou shi,chujeou si,chwzhww,jo zhou shi,Čchu-čou,Чуджоу,Чучжоу,Чуџоу,Չուչժոու,چاجوا,چوژوؤ,چوژوو,ジョ州市,滁州,滁州市,추저우 시",32.32194,118.29778,P,PPLA2,CN,,01,3411,,,782671,,24,Asia/Shanghai,2021-10-18,China,AS,China,0,0,0,0,792,39.106308,59.34812,51.712048,44.453495,36.58653,40.26949,33.33319,21.974596,28.647985,30.694164,32.934135,41.935135,48.15914,0.4862909
1814760,Chuxiong,Chuxiong,"Ch'u-hsiung,Ch'u-hsiung-hsien,Chusjun,Chuxiong,Ch’u-hsiung,Ch’u-hsiung-hsien,Luchengzhen,T'su-hsiung-fu,Tsu-yung-fu,Tsuyung,Tsuyung-hsien,T’su-hsiung-fu,chu xiong,chu xiong shi,Чусюн,楚雄,楚雄市",25.03639,101.54556,P,PPLA2,CN,,29,5323,,,555081,,1784,Asia/Shanghai,2026-09-14,China,AS,China,0,0,0,0,577,15.794363,18.931452,19.64702,26.304567,21.829165,11.883064,13.542918,13.712232,13.649059,9.077362,12.079705,12.9383335,16.123522,0.29965433
1814870,Yiwu,Yiwu,"Choucheng,I-wu,I-wu-hsien,Iu,YIW,Yiwu,Yiwuhsien,yi wu,yi wu xian,Иу,义乌,義烏縣",29.31506,120.07676,P,PPLA3,CN,,02,3307,,,1481384,,84,Asia/Shanghai,2021-12-13,China,AS,China,0,0,0,0,673,40.905895,69.13078,55.54657,48.866535,43.596104,34.52863,34.690006,19.146639,21.507795,26.686384,28.34126,49.58944,60.365322,0.42621672
1814906,Chongqing,Chongqing,"CKG,CQL,Cchung-cching,Ch'ung-ch'ing,Ch'ung-ch'ing-shih,Chongking,Chongqing,Chongqing (Chongqing Shi),Chongqing - zhong qing,Chongqing Shi,Chuncin,Chungking,Ch’ung-ch’ing,Ch’ung-ch’ing-shih,Congcing,Congcingas,Congcingo,Csungking,Cuncjina,Cunkinq,Pa,Pa-hsien,Trung Khanh,Trùng Khánh,Tshung-khin,Tshùng-khin,Tsjoengking,Yu-chou,Yuzhou,Yü-chou,cankim,caungakiga,ceancin,chng ching,chungching si,chwng kng,chwng kyng,chwngchng,congachinga,congkinga,coniግciniግ,conkin,tshwnghtshyngh,z'wngz'yng,zhong qing,zhong qing shi,Çongçing,Çunkinq,Ĉongĉingo,Čchung-čching,Čongčing,Čongčingas,Čuncjina,Чунгкинг,Чунцин,Чунцін,צ'ונגצ'ינג,تشونغتشينغ,چونگ کنگ,چونگ کینگ,چونگچنگ,چونگ‌کینگ,چۇڭچىڭ شەھىرى,चोंगछिंग,चोंग्किंग,চংকিং,ਚੌਂਗਕਿੰਗ,சோங்கிங்,ചോങ്ചിങ്,ฉงชิ่ง,ཁྲུང་ཆིན་གྲོང་ཁྱེར།,ቾንግቺንግ,重庆,重庆市,重慶,重慶市,충칭 시",29.56026,106.55771,P,PPLA,CN,,33,8739734,,,22000000,,289,Asia/Shanghai,2026-09-01,China,AS,China,0,0,0,0,683,70.26589,115.192604,79.73927,73.883064,75.99846,58.104298,55.482777,47.857,35.174862,41.621662,45.206184,93.8836,121.509674,0.67335886
1814934,Chizhou,Chizhou,"Ch'ih-chou,Ch'ih-chou-chen,Chichau,Chichzhou,Chih-chow-fu,Chihchow,Chizhou,Chizhou Shi,Ch’ih-chou,Ch’ih-chou-chen,Guichi,JUH,Kuei-ch'ih,Kuei-ch'ih-hsien,Kuei-ch’ih,Kuei-ch’ih-hsien,Kweichih,Kweichih-hsien,Kweighih,Tche Tcheou,chi zhou,chi zhou shi,Чичжоу,池州,池州市",30.66134,117.47783,P,PPLA2,CN,,01,3417,,,615274,,21,Asia/Shanghai,2026-09-14,China,AS,China,0,0,0,0,727,37.12445,59.04973,49.002235,42.06438,39.12667,35.254704,25.99264,21.16062,22.484007,28.829306,31.659008,37.878193,53.60336,0.47852758
1815059,Chenzhou,Chenzhou,"Ch'en,Ch'en-chou-shih,Ch'en-hsien,Chehn'chzhou,Chenchow,Chenzhou,Ch’en,Ch’en-chou-shih,Ch’en-hsien,LQP,chen zhou,Чэньчжоу,郴州",25.8,113.03333,P,PPLA2,CN,,11,4310,,,822534,,180,Asia/Shanghai,2022-01-17,China,AS,China,0,0,0,0,598,35.24537,56.066536,40.520386,35.384007,44.744442,27.24207,22.44222,25.902824,21.246775,26.615139,29.315996,33.484722,60.04798,0.4476376
1815251,Jiangyin,Jiangyin,"Chengjiang,Chengjiang Jiedao,Chiang-yin,Chiang-yin-ch'eng,Chiang-yin-ch’eng,Chiang-yin-hsien,Czjanuin',Jiangyin,Jiangyin Shi,Kiang Ying,Kiangyin,cheng jiang,cheng jiang jie dao,jiang yin shi,Цзянъинь,江阴市,澄江,澄江街道",31.91102,120.26302,P,PPLA3,CN,,04,3202,,,1779515,,7,Asia/Shanghai,2026-09-14,China,AS,China,0,0,0,0,781,44.36681,70.83078,62.13556,44.33979,42.323875,39.208607,34.431526,22.75336,41.282932,38.1625,28.884007,52.66694,56.782673,0.58144265
1815286,Chengdu,Chengdu,"CTU,Ccheng-tu,Cendu,Cengdu,Cengduo,Ch'eng-tu,Ch'eng-tu-hsien,Ch'eng-tu-shih,Chehndu,Chendu,Chengdu,Chengdu Shi,Chengdú,Chundu,Chөndү,Ch’eng-tu,Ch’eng-tu-hsien,Ch’eng-tu-shih,Csengtu,Cwngzduh,Hua-yang,Sang-tu-su,Seng-to-chhi,Sing-du,Sàng-tû-sṳ,Sêng-to͘-chhī,Sìng-dŭ,Thanh Do,Thành Đô,Tianfu,Tin fu,Tsen'nkntou,Txengdu,cendu,cengadu,ceniግdu,centu,chantu,cheing tu,cheng dou,cheng dou shi,cheongdu si,chng dw,chngdw,chyngdw,chېngdۇ shەھyr,tian fu,tshnghdw,zngdw,Çengdu,Ĉengduo,Čcheng-tu,Čendu,Čengdu,Τσενγκντού,Ченгду,Ченду,Чънду,Чыңду,Чэнду,Чөндү,Չենդու,צנגדו,تشنغدو,چنگ دو,چنگدو,چینگدو,چېڭدۇ شەھىر,चेंगदू,छंतू,চেংদু,ਚੇਂਗਦੂ,செங்டூ,เฉิงตู,ချင်းဒူမြို့,ቼንግዱ,天府,成都,成都市,청두 시",30.66667,104.06667,P,PPLA,CN,,32,5101,,,20937757,,499,Asia/Shanghai,2026-08-26,China,AS,China,0,0,0,0,722,77.91425,115.89516,80.09257,72.05228,66.56569,54.314507,65.139725,69.16962,63.267467,64.832924,59.950268,101.34626,122.11129,0.6477657
1815395,Chaozhou,Chaozhou,"Caodzou,Caogou,Cchao-cou,Ch'ao-an-hsien,Ch'ao-chou,Ch'ao-chou-chen,Ch'ao-chou-shih,Chao'an,Chaochow,Chaochowfu,Chaochzhou,Chaodzou,Chaotsjou,Chaozhou,Chao’an,Chau chu fu,Chauchow,Chheu-chu-su,Chhèu-chû-sṳ,Ch’ao-an-hsien,Ch’ao-chou,Ch’ao-chou-chen,Ch’ao-chou-shih,Dieu-ciu,Dièu-ciŭ,SWA,Tio-chiu-chhi,Tiô-chiu-chhī,Trieu Chau,Triều Châu,chao zhou,chao zhou shi,chaojeou si,chawzhw,chawzhww,tæciw,Ĉaoĝou,Čaodžou,Čchao-čou,Чаочжоу,Чаоџоу,چاؤژوؤ,چاوژو,چاوژوو,แต้จิ๋ว,潮州,潮州市,차오저우 시",23.65396,116.62262,P,PPLA2,CN,,30,4451,,,1750945,,23,Asia/Shanghai,2021-10-07,China,AS,China,0,0,0,0,544,26.814938,31.430643,32.45685,30.31304,34.760418,24.728497,19.95,24.552149,23.882524,26.21486,22.734274,22.716806,28.468418,0.4611952
1815456,Changzhou,Changzhou,"CZX,Cangdzou,Cangdzov,Canggouo,Cchang-cou,Ch'ang-chou,Ch'ang-chou-shih,Chanchzhou,Chandzhou,Chang-chow-fu,Changchow,Changdzou,Changtsjou,Changzhou,Chanzhou khot,Ch’ang-chou,Ch’ang-chou-shih,Csangcsou,Siong-chiu-chhi,Siong-ciu,Siòng-ciŭ,Siông-chiu-chhī,Thuong Chau,Thường Châu,Wu-chin,Wu-chin-hsien,Wujin,Wutsin,chang zhou,chang zhou shi,changjeou si,changzhw,Ĉangĝoŭo,Čangdžou,Čangdžov,Čchang-čou,Чангџоу,Чанджоу,Чанжоу хот,Чанчжоу,چانگژو,چاڭجو شەھىر,常州,常州市,창저우 시",31.77359,119.95401,P,PPLA2,CN,,04,3204,,,3290918,,9,Asia/Shanghai,2025-03-09,China,AS,China,0,0,0,0,762,46.753464,75.03669,62.0384,47.177284,45.07277,39.909542,35.060837,23.565054,36.65148,44.36958,36.77056,56.16236,60.501343,0.54664326
1815463,Changzhi,Changzhi,"Ch'ang-chih,Chanchzhi,Changzhi,Ch’ang-chih,Shih-t'ou-ko-t'a,Shih-t’ou-ko-t’a,Shitougeta,Чанчжи",35.20889,111.73861,P,PPL,CN,,24,1408,,,699514,,381,Asia/Shanghai,2021-09-20,China,AS,China,0,0,0,0,896,33.092655,38.208736,36.736908,42.10484,34.44111,30.002953,30.814444,26.048653,27.325132,26.806807,30.605913,32.194168,41.913166,0.37103915
1815577,Changsha,Changsha,"CSX,Cangsa,Cangzsah,Cansa,Cchang-sa,Ch'ang-sha-hsien,Ch'ang-sha-shih,Changsha,Changsha City,Changsja,Chansha,Chhong-sa-su,Chhòng-sâ-sṳ,Ch’ang-sha-hsien,Ch’ang-sha-shih,Csangsa,Diong-sa,Diòng-să,Tng-soa-chhi,Tn̂g-soa-chhī,Truong Sa,Trường Sa,Tsan'nksa,cangasa,caniግsha,cansa,chang cha,chang sha,changsa,changsa si,changsha,changsha shەھyr,channasa,tshanghsha,zhang sha,zhang sha shi,Çangşa,Ĉangŝa,Čangša,Čanša,Čchang-ša,Τσανγκσά,Чангша,Чанша,Չանշա,تشانغشا,چانگ شا,چانگشا,چاڭشا شەھىر,चांगशा,छांग्षा,চাংশা,ਛਾਂਙਸ਼ਾ,ฉางชา,ချနဆားမြ,ချန်ဆားမြို့,ቻንግሻ,長沙,長沙市,长沙,长沙市,창사 시",28.19874,112.97087,P,PPLA,CN,,11,4301,,,3093980,,67,Asia/Shanghai,2026-04-13,China,AS,China,0,0,0,0,636,47.616737,81.1754,63.66205,50.31358,55.37555,36.370434,30.823334,32.749596,22.34409,30.975,35.70806,45.856113,86.71533,0.56414175
1815611,Changning,Changning,"Changning,Channin,zhang ning,Чаннин,长宁",31.21739,121.42105,P,PPLA3,CN,,23,12324204,,,694900,,12,Asia/Shanghai,2026-09-14,China,AS,China,2,2,2,2,749,53.08605,90.49555,72.3204,58.04342,52.08944,42.422714,38.884304,26.079706,49.05927,40.10861,31.096104,64.48389,73.26923,0.45626798
1816080,Cangzhou,Cangzhou,"Canchzhou,Candzhou,Cangdzou,Cangou,Cangzhou,Cangzou,Canĝou,Cchang-cou,Cchang-čou,Changhsien,Chhong-chiu-chhi,Chhong-chiu-chhī,Chong-ciu,Chŏng-ciŭ,T'sang-chou-shih,Thuong Chau,Thương Châu,Ts'ang-chen,Ts'ang-chou,Ts'ang-hsien,Tsan'syan',Tsang,Tsangchow,Tsan’syan’,Ts’ang-chen,Ts’ang-chou,Ts’ang-hsien,T’sang-chou-shih,cang zhou,cang zhou shi,changjeou si,kangdhww,kangjw,sangjw shەھyry,Цангџоу,Цанджоу,Цанчжоу,ساڭجو شەھىرى,کانگجو,کانگذوو,沧州,沧州市,滄州,滄州市,창저우 시",38.31124,116.85334,P,PPLA2,CN,,10,1309,,,527681,,15,Asia/Shanghai,2023-09-06,China,AS,China,0,0,0,0,1051,42.147984,53.58965,49.758488,44.48079,30.987223,34.749737,37.083057,28.91989,29.779707,39.095272,39.71868,53.27264,64.814255,0.43374872
1816234,Bozhou,Bozhou,"BZJ,Bac Chau,Bochzhou,Bok-ciu,Boxian,Bozhou,Bŏk-ciŭ,Bạc Châu,Po,Po-cou,Po-hsien,Po-čou,Pochow,Pok-chiu-chhi,Po̍k-chiu-chhī,bo zhou,bo zhou shi,bojeou si,bwjwa,bwzhw,bwzhww,Бочжоу,Բոչժոու,بوجوا,بوژؤ,بوژوو,亳州,亳州市,보저우 시",33.87722,115.77028,P,PPLA2,CN,,01,3416,,,1409436,,40,Asia/Shanghai,2025-10-24,China,AS,China,0,0,0,0,843,48.50768,77.65416,64.40952,56.56505,37.46792,40.38132,39.02264,25.500809,30.789515,34.619865,43.05107,57.72847,75.62795,0.5880797
1816269,Baise,Baise,"AEB,Baicheng,Baicheng Jiedao,Baise,Baise City,Baise Zhen,Baksaek,Bose,Bose Zhen,Boze,Pai-se,Pai-se-chen,Pai-se-hsien,Po-se,Poseh,Poseh-hsien,bai cheng,bai cheng jie dao,bai se,bai se shi,bai se zhen,Бозе,百城,百城街道,百色,百色市,百色镇",23.89013,106.62684,P,PPLA2,CN,,16,4510,,,686078,,144,Asia/Shanghai,2025-08-19,China,AS,China,0,0,0,0,550,21.591373,36.53925,19.960566,27.878498,34.05264,18.050804,15.377917,16.091263,15.523115,13.199443,14.865324,14.533609,32.569355,0.5289537
1816336,Binzhou,Binzhou,"Beizhen,Bin'chzhou,Bindzhou,Bing-ciu,Bintsjou,Binzhou,Bĭng-ciŭ,CBZ,Hui-min,Pei-chen,Pin-chiu-chhi,Pin-chiu-chhī,Pin-cou,Pin-hsien,Pin-čou,Tan Chau,Tân Châu,bang zhou shi,bin zhou,bin zhou shi,binjeou si,bnzhww,bynzhw,Бинджоу,Биньчжоу,Біньчжоу,بنژوو,بینژو,浜州市,滨州市,濱州,빈저우 시",37.36667,118.01667,P,PPLA2,CN,,25,3716,,,682717,,14,Asia/Shanghai,2022-01-20,China,AS,China,0,0,0,0,1001,43.72397,66.30337,49.29241,47.21748,30.20014,35.950268,37.39791,29.14852,36.369358,44.950974,34.452957,57.59973,56.190056,0.5171074
1816373,Bijie,Bijie,"BFJ,Bek-ciek,Bicze,Bijie,Bék-ciék,Bìjíe,Pi-tie,Pi-ťie,Pit-chiat-chhi,Pit-chiat-chhī,Prefecture de Bijie,Préfecture de Bijie,Tat Tiet,Tất Tiết,bi jie,bi jie shi,bije si,byjay,byjyy,Бицзе,بیجئی,بیجای,毕节,毕节市,畢節,畢節市,비제 시",27.30193,105.28627,P,PPLA2,CN,,18,5205,,,1137383,,1471,Asia/Shanghai,2024-07-24,China,AS,China,0,0,0,0,623,18.907562,25.55887,17.320833,22.877691,27.757223,19.534004,18.858612,12.502017,12.339517,9.764724,10.12715,19.5075,30.597311,0.39743745
1816440,Bengbu,Bengbu,"BFU,Bang Phu,Bangbu,Behnbu,Benbu,Bengbu,Bunbu,Bạng Phụ,Pang-fou,Pang-fou-shih,Pang-po-chhi,Pang-pu,Paung-buo,Peng-pu,Pâung-buô,Pāng-pō-chhī,bang bu,bang bu shi,beongbu si,bngbw,byngbw,bېngbۇ shەھەry,Бенгбу,Бънбу,Бэнбу,Բենբու,بنگبو,بینگبو,بېڭبۇ شەھەرى,蚌埠,蚌埠市,벙부 시",32.94083,117.36083,P,PPL,CN,,01,3403,,,972784,,31,Asia/Shanghai,2021-10-07,China,AS,China,0,0,0,0,811,42.511055,71.8371,58.290035,48.620968,35.907497,40.416397,32.36528,20.507124,27.623924,30.108337,36.770565,49.56972,58.92997,0.5441801
1816670,Beijing,Beijing,"BJS,Bac Kinh,Baek-ging,Baekging,Bak Ging,Bak Ping,Behehzhin,Beijing,Beijing City,Beijing Shi,Beising,Beixin,Beixín,Bejdzing,Bejdżing,Bejing,Beyjing,Beȝcinȝ,Báe̤k-gĭng,Béising,Běijīng,Bắc Kinh,Dai Dou,Pechin,Pechino,Pechinu,Pechinum,Pecinum,Pei-ching,Pei-ching-shih,Pei-p'ing,Pei-p'ing-shih,Peken,Pekin,Pekin',Pekina,Pekinas,Peking,Pekini,Pekino,Pekín,Pekîn,Peping,Pequim,Pequin,Pequín,Pet-kin,Pet-kîn,Peycing,Pikkin,Pèquin,Pékin,Péqùin,Péycing,Pʻekʻin,Yin Ging,be'ijim,be'ijina,be'ijinga,bei jing,bei jing shi,beidjin,beijing,bijiga,bijing,bijinga,bkyn,buggyeong,byjng,bykyn,byyg'yng,byyzsyng,pakking,peyjin,pkn,Πεκίνο,Бейжің,Бээжин,Бәәҗң балһсн,Пекин,Пекинг,Пекін,Пекінґ,Պեկին,Փեքին,בייג'ינג,בייזשינג,بكين,بيكين,بیجنگ,بېجینګ,بېيجىڭ,بېيجىڭ شەھىرى,پکن,پێکەن,ބީޖިންގ,बीजिंग,बेइजिङ,বেইজিং,ਬੀਜਿੰਗ,બેઇજિંગ,பெய்ஜிங்,బీజింగ్,ಬೀಜಿಂಗ್,ബെയ്‌ജിങ്ങ്‌,බෙයිජිං,ปักกิ่ง,པེ་ཅིང་གྲོང་ཁྱེར།,ပေကျင်းမြို့,პეკინი,ቤዪጂንግ,ប៉េកាំង,北京,北京市,베이징,북경",39.9075,116.39723,P,PPLC,CN,,22,11876380,,,18960744,,49,Asia/Shanghai,2025-12-15,China,AS,China,1,2,1,2,1099,83.388794,124.35282,85.278275,77.624054,48.556667,54.9414,55.26875,60.69744,80.26196,79.34028,93.88038,108.30696,130.98184,0.43064058
1816705,Beihai,Beihai,"BHY,Bac Hai,Baek-hai,Baekhaij,Behjkhaj,Beihai,Beihai i Guangxi,Beihajus,Bejkhaj,Beyhay,Báe̤k-hāi,Bắc Hải,Pak-hai-chhi,Pak-hái-chhī,Pakhoi,Pei-hai,Pei-hai-shih,Pej-chaj,Pet-hoi-su,Pet-hói-sṳ,bei hai,bei hai shi,beihai si,byhay,Бейхай,Бејхај,Бэйхай,Բեյհայ,بیئہائی,بیئیہائی,بیهای,بېيخەي شەھىرى,北海,北海市,베이하이 시",21.48349,109.11549,P,PPLA2,CN,,16,4505,,,525329,,-9999,Asia/Shanghai,2026-07-21,China,AS,China,0,0,0,0,488,23.404003,40.459415,30.416521,29.398516,33.979168,17.07097,12.621527,13.825268,13.001345,12.657638,19.927015,21.622778,36.135754,0.5117584
1816917,Baoshan,Baoshan,"Baoshan,Pao-shan,Pao-shan-ch'eng,Pao-shan-ch’eng,Pao-shan-hsien,bao shan,Баошан,宝山",31.40845,121.48956,P,PPLA3,CN,,23,,,,2265900,,5,Asia/Shanghai,2026-09-14,China,AS,China,1,1,2,2,766,40.331596,62.16613,53.207584,42.56909,42.175274,33.161827,33.37042,21.118008,43.388844,32.03847,21.679033,48.855976,51.33696,0.49040627
1816920,Shaoyang,Shaoyang,"Baoqing,Chau-yong-su,Chàu-yòng-sṳ,Pao-ch'ing,Pao-ch'ing-hsien-ch'eng,Pao-ch’ing,Pao-ch’ing-hsien-ch’eng,Pao-king-fu,Paoking,Paoking-hsien,SYG,Sao-jang,Saojan,Shao-yang-ch'eng,Shao-yang-ch’eng,Shao-yang-hsien,Shao-yang-shih,Shaojan,Shaojang,Shaoyang,Siau-iong-chhi,Sieu-iong,Siêu-iòng,Siāu-iông-chhī,Sjaoyang,Thieu Duong,Thiệu Dương,WGN,saoyang si,shao yang,shao yang shi,shawyang,Ŝaojan,Šao-jang,Шаоян,Шаојанг,شاویانگ,邵阳市,邵陽,邵陽市,사오양 시",27.23818,111.46214,P,PPLA2,CN,,11,4305,1795851,,753194,,243,Asia/Shanghai,2021-10-13,China,AS,China,0,0,0,0,624,41.507442,77.11748,49.29971,42.962234,56.66875,31.789244,24.039726,28.375809,20.122046,23.976805,28.765858,38.781803,76.21599,0.45797965
1816971,Baoding,Baoding,"BVN,Bao GJinh,Baodin,Baodina,Baoding,Baodingas,Bawding shehiri,Bo-deng,Báoding,Bō̤-dêng,Bǎodìng,Bảo Định,Ch'ing-yuan-hsien,Ching-yuang,Ch’ing-yüan-hsien,Pao-ting,Pao-ting-shih,Po-teng-chhi,Prefettura di Baoding,Pó-tēng-chhī,Tsingyuan,Tsingyuan-hsien,Tsingyüan-hsien,bao ding,bao ding shi,baoding si,baywdyng,pea ting,Баодин,Баодинг,Баодін,Բաոդին,באודינג,بائودینگ,باوڈنگ,เป่าติ้ง,保定,保定市,바오딩 시",38.87288,115.46246,P,PPLA2,CN,,10,1306,,,2739887,,15,Asia/Shanghai,2025-11-04,China,AS,China,0,0,0,0,1063,54.427654,73.87675,66.13676,51.41089,37.71486,40.270966,42.24125,41.293285,41.712234,47.029995,56.543137,67.249725,88.02795,0.50466615
1817720,Shangyu,Shangyu,"Baiguan,Pai-kuan,Pai-kuan-chen,Pekwan,Pokwan,Shangyu,Shanujuj,shang yu,shang yu qu,shang yu shi,shang yu xian,Шанъюй,上虞,上虞区,上虞县,上虞市",30.01556,120.87111,P,PPL,CN,,02,3306,,,839747,,13,Asia/Shanghai,2026-09-14,China,AS,China,0,0,0,0,697,39.772743,70.23173,54.523518,46.794895,41.932777,32.47513,28.16319,18.718819,22.755243,31.934723,28.691933,48.061806,54.126076,0.5071127
1817968,Anshun,Anshun,"AVA,An Thuan,An Thuận,An'shun',An-shun-hsien,An-shun-hsien-ch'eng,An-shun-hsien-ch’eng,An-shun-shih,An-sun,An-sun-chhi,An-sūn-chhī,An-šun,Ang-song,Anshun,Anshunfu,Ansunas,Anšunas,P'u-ting,P’u-ting,an shun,an shun shi,anshwn,ansun si,Ăng-sông,Аншун,Аньшунь,انشون,安順,安順市,安顺市,안순 시",26.25,105.93333,P,PPLA2,CN,,18,5204,,,765313,,1374,Asia/Shanghai,2021-10-14,China,AS,China,0,0,0,0,611,18.795399,31.073254,17.78229,22.311293,27.489447,17.523117,16.50861,12.601614,11.7635765,9.767916,10.745431,17.290834,30.456184,0.43472347
1817993,Anqing,Anqing,"AQG,An Khanh,An Khánh,An'cin,An-cching,An-ch'ing,An-ch'ing-ch'eng,An-ch'ing-shih,An-ch’ing,An-ch’ing-ch’eng,An-ch’ing-shih,An-čching,Ancin,Ancing,Ancingas,Anking,Anqing,Anqing Shi,Ančingas,Ganking,Huai-ning,Huai-ning-hsien,Hwaining,Hwaining-hsien,Nganking,an qing,an qing shi,anching si,ankng,Анцин,Аньцин,Аньцін,Анћинг,ئەنچىڭ شەھىرى,انکنگ,安庆,安庆市,安慶,安慶市,안칭 시",30.51365,117.04723,P,PPLA2,CN,,01,3408,,,804493,,19,Asia/Shanghai,2021-10-18,China,AS,China,0,0,0,0,714,35.168816,49.74663,42.35119,41.816933,41.492214,35.737362,23.652363,20.375132,22.849062,27.891663,32.085217,34.354576,49.940044,0.49100554
1886760,Suzhou,Suzhou,"SZV,So-chiu-chhi,Soochow,Soutsoou,So͘-chiu-chhī,Su-chou,Su-chu-su,Su-ciu,Su-cou,Su-čou,Suchjou,Suchzhou,Sudzhou,Sudzou,Sudžou,Sugouo,Sutsjou,Suzhou,Suzhou Shi,Suzhou i Jiangsu,Suĝoŭo,Szucsou,Sû-chû-sṳ,Sŭ-ciŭ,To Chau,Tô Châu,Wu-hsien,cuco,ssujeou si,su cow,su zhou,su zhou shi,sujho'u,suzu,swgwʼw,swjw,swzhw,swzhww,Σουτσόου,Суджоу,Сучжоу,Сучжоў,Суџоу,Сүжоу,Սուչժոու,סוגואו,سوجو,سوژو,سوژوو,سۇجۇ شەھىرى,सूझोऊ,ਸੂਜ਼ੂ,சுசோ,ซูโจว,苏州,苏州市,蘇州,蘇州市,쑤저우 시",31.30408,120.59538,P,PPLA2,CN,,04,3205,,,6715559,,10,Asia/Shanghai,2024-03-26,China,AS,China,0,0,0,0,746,46.674267,74.5176,60.854168,48.810745,47.02195,37.557796,33.18097,25.761154,34.506992,42.384445,36.287636,57.977364,62.40483,0.52884257
1886762,Zhoushan,Zhoushan,"Chzhoushan',Dinghai Qu,HSN,Zhoushan,Zhoushan Shi,ding hai,ding hai qu,zhou shan,zhou shan shi,Чжоушань,定海,定海区,舟山,舟山市",29.98869,122.20488,P,PPLA3,CN,,02,3309,,,882932,,2,Asia/Shanghai,2025-08-20,China,AS,China,0,0,0,0,700,19.834274,29.150942,29.099552,26.448656,26.102634,22.54556,14.500415,13.770699,10.95941,13.0025,12.948388,22.49361,17.781052,0.3801067
1909733,Banan,Banan,"Banan,Banan Qu,Longzhouwan,ba nan qu,long zhou wan,Банан,巴南区,龙洲湾",29.37861,106.54,P,PPLA3,CN,,33,8739734,,,508703,,216,Asia/Shanghai,2026-09-14,China,AS,China,0,0,0,0,669,49.193993,80.08656,52.259373,54.99879,57.77153,39.986294,38.970142,30.025675,23.313572,29.165833,32.988846,66.199585,84.70767,0.61546975
1912214,Nanhai,Nanhai,"Nan'khaj,Nanhai,nan hai,Наньхай,南海",23.02193,113.14278,P,PPLX,CN,,30,4406,,,3667247,,2,Asia/Shanghai,2026-09-14,China,AS,China,1,1,1,1,527,50.85766,61.774464,51.61175,47.084003,59.917774,42.762913,33.281246,50.41505,45.134808,45.117504,51.002964,39.5743,81.86425,0.6616354
1927639,Yueyang,Yueyang,"Juee-jang,Juehjan,Juejang,Jüe-jang,Ngok-yong-su,Ngo̍k-yòng-sṳ,Nhac Duong,Nhạc Dương,YUG,YYA,Yochau,Yochow,Youchou,Youchow,Yueyang,weyang si,yue yang shi,Юэян,岳阳市,岳陽市,웨양 시",29.37455,113.09481,P,PPL,CN,,11,4306,,,991465,,43,Asia/Shanghai,2021-10-11,China,AS,China,0,0,0,0,671,40.21902,60.94423,56.000298,47.75524,44.446945,33.219757,27.161526,26.816668,19.280107,29.223608,32.574734,37.111805,68.88091,0.48266098
2033196,Zhangjiakou,Zhangjiakou,"Cang-tia-kchou,Chang-chia-k'ou,Chang-chia-k'ou-shih,Chang-chia-k’ou,Chang-chia-k’ou-shih,Chang-kia-k'ou,Chang-kia-k’ou,Changchiakow,Changkiakow,Chzhanczjakou,Chzhantseyakou,Diong-ga-kau,Diŏng-gă-kāu,Dzhandzjakou,Ganjakou,Kalgan,Khaalgan,Tiuⁿ-ka-kháu-chhī,Truong Gia Khau,Trương Gia Khẩu,Wan-ch'uan,Wan-ch'uan-hsien,Wan-ch’üan,Wan-ch’üan-hsien,ZQZ,Zhangjiakou,jangjakeou si,jangjyakw,zhang jia kou,zhang jia kou shi,zhangjyakww,Čang-ťia-kchou,Ĝanjakou,Џангђакоу,Джандзякоу,Хаалган,Чжанцзякоу,جانگجیاکو,ژانگجیاکوو,张家口,张家口市,張家口,張家口市,장자커우 시",40.78341,114.87139,P,PPLA2,CN,,10,1307,,,692602,,744,Asia/Shanghai,2022-02-17,China,AS,China,0,0,0,0,1134,23.56434,22.436424,18.261011,28.540325,22.372362,22.697447,24.730003,22.625135,24.704704,23.345695,23.186962,25.656948,23.761557,0.2273065
2033370,Yingkou,Yingkou,"Eiko,Inkou,Newchwang,Niu-chuang,YDD,YKH,Ying-k'ou-hsien,Ying-k'ou-shih,Ying-k’ou-hsien,Ying-k’ou-shih,Yingkou,Yingkou Shi,Yingkow,ingkeou si,ying kou,ying kou shi,Инкоу,営口,営口市,營口,营口,营口市,잉커우 시",40.66472,122.23176,P,PPLA2,CN,,19,2108,,,591159,,4,Asia/Shanghai,2025-08-20,China,AS,China,0,0,0,0,1137,75.14813,84.65497,68.0369,59.283867,63.813755,66.97488,73.560555,78.89006,94.84435,90.01889,77.32017,70.4511,73.15135,0.4248232
2033675,Xinmin,Xinmin,"Hsin-min,Hsin-min-chen,Hsin-min-hsien,Hsin-ming-t'ing,Hsin-ming-t’ing,Sin'min',Sinmin,Xinmin,Синьминь",41.99083,122.82528,P,PPL,CN,,19,2101,,,565634,,34,Asia/Shanghai,2026-08-26,China,AS,China,0,0,0,0,1177,29.802853,36.551483,33.70863,32.84745,30.434721,30.15968,30.091528,25.63414,25.448387,32.424026,27.011023,29.211946,24.58441,0.40808418
2034414,Tonghua,Tonghua,"T'ou-tao-chiang,T'ung-hua,T'ung-hua-hsien,T'ung-hua-shih,TNH,Tchung-chua,Thong Hoa,Thong-hoa-chhi,Thong-hoà-chhī,Thông Hóa,Tonghua,Tung-hua,Tunghwa,Tunkhua,Tŭng-huá,T’ou-tao-chiang,T’ung-hua,T’ung-hua-hsien,T’ung-hua-shih,tanghwa,tong hua,tong hua shi,tunghwa si,Тунхуа,تانگهوا,تونگہوا,通化,通化市,퉁화 시",41.71972,125.92639,P,PPLA2,CN,,05,2205,2034412,,510000,,375,Asia/Shanghai,2018-12-06,China,AS,China,0,0,0,0,1166,19.977226,28.8828,22.292257,26.091938,23.880278,20.827015,19.020142,12.227958,13.684944,13.966529,16.357662,23.555555,19.180243,0.32988265
2034714,Siping,Siping,"OSQ,S-pching,Se-bing,Siping,Sipingjie,Ssupingkai,Su-peng-chhi,Supin,Sypin,Szeping,Szepingkai,Sé-bìng,Sìpíng,Sìpíngjiē,Sù-pêng-chhī,Tu Binh,Tứ Bình,si ping,si ping jie,si ping shi,spng  jyln,sseuping si,sypyng,Сипинг,Съпин,Сыпин,سپنگ، جیلن,سیپینگ,四平,四平市,四平街,쓰핑 시",43.16143,124.37785,P,PPL,CN,,05,2203,,,627957,,176,Asia/Shanghai,2026-09-02,China,AS,China,0,0,0,0,1213,23.018866,32.318146,28.009674,30.78844,26.911526,23.712902,21.746387,14.801477,14.498253,19.26722,21.178493,24.574303,18.916262,0.3765978
2034786,Shuangyashan,Shuangyashan,"Chien-shan,Seng-ak-sang,Shuang-ya-shan-shih,Shuangjashan,Shuangyashan,Shuanujashan',Siang-ah-san-chhi,Siang-ah-san-chhī,Song Ap Son,Song Áp Sơn,Suang-ja-san,Sĕ̤ng-ák-săng,shuang ya shan,shuang ya shan shi,shwangyashan,swang-yasan si,Šuang-ja-šan,Шуангјашан,Шуанъяшань,شوانگیاشان,双鴨山市,双鸭山,双鸭山市,雙鴨山,솽야산 시",46.67686,131.13273,P,PPLA2,CN,,08,2305,,,600000,,153,Asia/Shanghai,2021-11-11,China,AS,China,0,0,0,0,1344,18.72092,35.53965,21.03006,20.623524,23.531666,20.724998,16.881945,9.636424,8.836695,8.992222,16.26559,21.358612,21.320297,0.3354022
2034937,Shenyang,Shenyang,"Feng-t'ien,Feng-t’ien,Moukden,Mukden,SHE,Sen'gian'nk,Sen-jang,Senjana,Senjang,Senjangas,Senjango,Senyanq,Shehn'jan,Shehn'jan khot,Shen'jan,Shen-yang-hsien,Shen-yang-shih,Shengking,Shenjang,Shenyan,Shenyang,Shenyang Shi,Shunjan,Sim-iong-chhi,Sing-iong,Sjenyang,Swnjyangh,Sím-iông-chhī,Sīng-iòng,Tham Duong,Thẩm Dương,cenyan,chen yang,chen yang shi,san'yanga,sein hyang,sen'yan,sena'iyam,senayanga,seon-yang,seon-yang si,shen yang,shen yang shi,sheniyaniግ,shnyang,shnyangh,shyn yang,shynyang,sim-yang,Ŝenjango,Şenyanq,Šen-jang,Šenjangas,Šeņjana,Σενγιάνγκ,Шеньян,Шеньяң,Шенјанг,Шънян,Шэньян,Шэньян хот,שן-יאנג,شنيانغ,شنیانگ,شن‌یانگ,شین یانگ,شینیانگ,شېنياڭ شەھىرى,शेनयांग,षन्यांग,শেনইয়াং,ਸ਼ੇਨਯਾਂਗ,சென்யாங்,ഷെന്യാങ്,เสิ่นหยาง,ሼንያንግ,沈阳,沈阳市,瀋陽,瀋陽市,선양,선양 시,심양",41.79222,123.43278,P,PPLA,CN,,19,2101,,,9070093,,53,Asia/Shanghai,2026-08-26,China,AS,China,1,1,1,1,1165,38.932632,54.0285,51.004757,39.301205,33.97708,33.059948,33.97153,31.424055,35.02769,37.23,39.04086,40.15347,39.80524,0.4697813
2035265,Qiqihar,Qiqihar,"Ca-ca-hak-i,Ch'i-ch'i-ha-erh,Ch'i-ch'i-ha-erh-shih,Chhe-chhe-ha-ngi-su,Chhè-chhè-hâ-ngì-sṳ,Ch’i-ch’i-ha-erh,Ch’i-ch’i-ha-erh-shih,Ciciharas,Ciciharo,Cicikar,Cicikhar,Cà̤-cà̤-hăk-ī,Jijihaer,Lung-chiang,Lung-chiang-hsien,Lungkiang,NDG,Qiqiha'er,Qiqiha'er Shi,Qiqihaer,Qiqihar,Qiqihar Shi,Qiqihar-chhi,Qiqihar-chhī,Qiqiha’er,Qiqiha’er Shi,Te Te Cap Nhi,Tsitsihar,Tề Tề Cáp Nhĩ,Zizikar,chichi har,chichiha-eol si,chichiharu,chichiharu shi,chychyhar,qi qi ha er,qi qi ha er shi,Ĉiĉiharo,Čičiharas,Ћићихар,Цицикар,Цицихар,Ціцікар,چىچىخار شەھىرى,چیچیهار,چیچیہار,ฉีฉีฮาร์,チチハル,チチハル市,齊齊哈爾,齊齊哈爾市,齐齐哈尔,齐齐哈尔市,치치하얼 시",47.33922,123.96154,P,PPLA2,CN,,08,2302,,,882364,,146,Asia/Shanghai,2024-05-07,China,AS,China,0,0,0,0,1356,22.859486,37.719624,24.726488,30.282263,24.516392,25.447176,24.772083,17.011023,16.00793,12.645418,16.04234,21.835276,23.241129,0.30008307
2035513,Panshan,Panshan,"P'an-shan-chen,P'an-shan-hsien,Panshan,P’an-shan-chen,P’an-shan-hsien,Shuang-t'ai-tzu,Shuang-t’ai-tzu,Паншан",41.18806,122.04944,P,PPL,CN,,19,2111,,,625040,,9,Asia/Shanghai,2026-09-14,China,AS,China,0,0,0,0,1150,35.095306,47.091667,36.407143,33.759007,30.773476,32.616665,32.81972,29.897715,36.256187,39.291245,30.281317,34.89333,37.099064,0.4076734
2035715,Mudanjiang,Mudanjiang,"Bo-tan-kang-chhi,Bó͘-tan-kang-chhī,MDG,Mau GJon Giang,Mu-dang-geng,Mu-tan-chiang,Mu-tan-chiang-shih,Mu-tan-tiang,Mu-tan-ťiang,Mudan'czjan,Mudancjan,Mudandziangas,Mudandzjan,Mudanjiang,Mudanjiang Shi,Mutankiang,Mū-dăng-gĕ̤ng,Mẫu Đơn Giang,mu dan jiang,mu dan jiang shi,mudanjang si,mwdanjyang,Мудандзян,Муданьцзян,Муданђанг,مودانجیانگ,مۇدەنجياڭ شەھىرى,牡丹江,牡丹江市,무단장 시",44.54804,129.62594,P,PPLA2,CN,,08,2310,,,665915,,254,Asia/Shanghai,2021-11-11,China,AS,China,0,0,0,0,1255,18.65563,33.644894,21.92128,23.647844,20.612083,17.664381,16.366386,8.9909935,10.955646,10.07625,14.804569,24.30153,21.09234,0.3260904
2036075,Lingyuan,Lingyuan,"Chien-ch'ang,Kienchang,Ling-yuan-chen,Ling-yuan-hsien,Ling-yüan-chen,Ling-yüan-hsien,Linujuan',T'a-kou,Линъюань",41.24,119.40111,P,PPL,CN,,19,2113,,,646000,,394,Asia/Shanghai,2026-09-14,China,AS,China,0,0,0,0,1148,21.983284,24.724195,22.92664,27.045835,17.6,23.929838,22.029306,19.04207,21.334541,20.90667,19.607529,22.94417,21.65618,0.2599828
2036113,Liaoyang,Liaoyang,"LQQ,Liao-jang,Liao-yang-hsien,Liao-yang-shih,Liaojangas,Liaoyang,Liau-iong-chhi,Lieu Duong,Lieu-iong,Liâu-iông-chhī,Lièu-iòng,Liêu Dương,Ljaojan,Ljaojang,liao yang,liao yang shi,lyaoyang si,lyawyang,Љаојанг,Ляоян,لياۋياڭ شەھەر,لیاویانگ,辽阳市,遼陽,遼陽市,랴오양 시",41.27194,123.17306,P,PPL,CN,,19,2110,,,687890,,33,Asia/Shanghai,2021-09-20,China,AS,China,0,0,0,0,1152,41.24015,55.151745,48.09286,39.9121,34.746807,35.719894,35.530563,35.56021,41.605515,42.026665,43.722046,42.00111,41.13199,0.42218712
2036427,Jinzhou,Jinzhou,"Cam Chau,Chien-hsien,Chin,Chin-chou,Chin-chou-shih,Chin-hsien,Chinchow,Czin'chzhou,Cẩm Châu,Dzindzou,Dzindžou,Ging-ciu,Gjingou,Gīng-ciŭ,JNZ,Jintsjou,Jinzhou,Kim-chiu-chhi,Kinchou,Kintschou,Kím-chiu-chhī,Tin-cou,dzinjou,jin zhou,jin zhou shi,jinjeou si,jnzhww,jynjw,Ĝjinĝou,Ťin-čou,Ђинџоу,Цзиньчжоу,Цзіньчжоу,جنژوو,جینجو,ძინჯოუ,錦州,錦州市,锦州市,진저우 시",41.10778,121.14167,P,PPL,CN,,19,2107,,,1524362,,26,Asia/Shanghai,2026-09-01,China,AS,China,0,0,0,0,1149,25.20957,29.037365,25.928423,29.287636,21.119026,27.30927,24.56903,22.118013,23.842876,26.111525,22.0957,26.370142,24.709278,0.32200292
2036502,Jilin,Jilin,"Cat Lam,Chi-lin,Chi-lin-shih,Chi-ling,Ciudad de Jilin,Csilin,Czilin',Cát Lâm,Dzilin,Dzilinas,Džilin,Gek-ling,Gilino,Girin,Girin khot,Gék-lìng,JIL,Jilin,Jilin Ceety,Jilin City,Jilin Hiria,Jilin Shi,Jilin i Jilin,Jilinstad,Kiat-lim-chhi,Kiat-lîm-chhī,Kilin,Kirin,Kota Jilin,Ti-lin,Yung-chi,Yung-chi-hsien,Yung-chi-shih,Yungki,gylyn,ji lin,ji lin shi,jilin si,jilina,Ĝilino,Ťi-lin,Ђилин,Гирин,Гирин хот,Дзилин,Цзилинь,Ґірін,גילין,جىلىن شەھىرى,جیلن شہر,جی‌لین,ਜਿਲਿਨ,吉林,吉林市,지린 시",43.84652,126.5608,P,PPLA2,CN,,05,2202,,,1895865,,188,Asia/Shanghai,2026-06-01,China,AS,China,0,0,0,0,1243,24.987263,41.72137,27.602528,32.232395,28.562223,23.671638,21.565136,14.987099,16.62997,16.808332,21.558601,32.54403,22.201612,0.41587445
2036581,Jiamusi,Jiamusi,"Ch'a-mu-ssu,Chia-mu-ssu,Chia-mu-ssu-shih,Chieh-mu-ssu,Ch’a-mu-ssu,Czjamusy,Dziamusi,Ga-muk-su,Giai Moc Tu,Giai Mộc Tư,Gjamusi,Gă-mŭk-sṳ̆,Hua-ch'uan-hsien,Hua-chuan,Hua-ch’uan-hsien,Hwachwan,JMU,Jiamusi,Jiamusi Shi,Ka-bok-su-chhi,Ka-bo̍k-su-chhī,Kiamusas,Kiamusze,Tia-mu-s',jamusseu si,jamusu,jamusu shi,jia mu si,jia mu si shi,jyamwsy,Ťia-mu-s’,Ђамуси,Цзямусы,جيامۇسى شەھىرى,جیاموسی,ジャムス,ジャムス市,佳木斯,佳木斯市,자무쓰 시",46.79711,130.31118,P,PPLA2,CN,,08,2308,,,549549,,66,Asia/Shanghai,2021-12-15,China,AS,China,0,0,0,0,1343,20.588503,41.088715,25.046724,23.461693,25.585697,20.729033,17.295557,9.763173,9.668951,8.089724,16.964787,24.034029,25.528357,0.362036
2036662,Huludao,Huludao,"Hu-lu-tao,Hu-lu-tao-hsien,Huludao,Khuludao,Koroto,hu lu dao,hu lu dao shi,Хулудао,葫芦岛,葫芦岛市",40.75243,120.83552,P,PPLA2,CN,,19,2114,,,944495,,17,Asia/Shanghai,2026-09-14,China,AS,China,0,0,0,0,1136,24.34832,23.807524,25.6683,29.829031,21.836945,28.522442,25.19264,22.827822,22.345835,24.805973,20.92406,24.82722,21.696236,0.27740467
2036892,Hohhot,Hohhot,"Choech Chot,Choech chot,Chöch Chot,Chöch chot,HET,Hohhot,Hohhot Shi,Hohhot-chhi,Hohhot-chhī,Hohhot-su,Hohhot-sṳ,Hohotas,Hohoto,Hou-ho,Hoxhot,Hoĥoto,Hu-ho-hao-t'e,Hu-ho-hao-t'e-shih,Hu-ho-hao-t’e,Hu-ho-hao-t’e-shih,Huhe Hoter,Huhehaote,Huhehot,Huhhot,Hūhéhàotè,Khokh khot,Khokhot,Khukh-Khoto,Koekxot shehiri,Kuei-hua,Kuei-sui,Kuei-sui-hsien,Kuei-sui-shih,Kuku-khoto,Kwei-hwa-cheng,Kwei-hwa-ting,Kweihwa,Kweihwa-Suiyuan,Kweisui,Kweisui-hsien,Kökxot shehiri,Suiyuan,Suiyüan,fufuhoto,fufuhoto shi,hohahata,hohhota,hohihoti,hohota,hu he hao te,hu he hao te shi,hu hxt,hu shi,huheohaoteo si,hwhhwt,hwhwt,Хох хот,Хохот,Хух-Хото,Хөх хот,חוחחוט,هوهوت,ہw ہaٹ,ہو ہاٹ,ہوہوٹ,होहोत,होह्होट,হোহহট,ਹੋਹ੍ਹੋਟ,ฮูฮอต,མཁར་སྔོན་གྲོང་ཁྱེར།,ሆህሆት,ᠬᠥᠬᠡᠬᠣᠲᠠ,フフホト,フフホト市,呼和浩特,呼和浩特市,呼市,후허하오터 시",40.81056,111.65222,P,PPLA,CN,,20,1501,,,3446100,,1051,Asia/Shanghai,2026-08-26,China,AS,China,1,1,1,1,1132,29.271975,40.11546,28.915176,31.66169,29.871666,23.973253,23.231806,24.254839,25.901476,24.230001,25.890997,35.259167,37.778633,0.272608
2036986,Hegang,Hegang,"Che-kang,Hac Cuong,Hao-kang,Hao-kang-shih,Hegang,Hegang Shi,Hegangas,Hingshanchen,Hinshanchen,Ho-kang,Hok-gong,Hok-kong-chhi,Ho̍k-kong-chhī,Hsian-yuan-t'un,Hsian-yüan-t’un,Hsiangyuantun,Hsing-shan,Hsing-shan-chen,Hsing-shan-chieh,Hsinganchen,Hŏk-gŏng,Hạc Cương,Khegan,Khegang,Khehgan,Khugan,Sinshan Chzhen,he gang,he gang shi,heogang si,hngang,hyghangh,Хеганг,Хъган,Хэган,هنگانگ,هيغانغ,ہیگانگ,鶴崗,鶴崗市,鹤岗,鹤岗市,허강 시",47.34727,130.29033,P,PPLA2,CN,,08,2304,,,743307,,190,Asia/Shanghai,2021-12-15,China,AS,China,0,0,0,0,1357,24.85776,45.57204,26.52738,26.644892,30.806532,25.217873,21.675835,13.323523,14.83132,14.630138,20.992607,27.469307,30.606853,0.3075725
2037013,Harbin,Harbin,"Cap Nhi Tan,Charbin,Charbinas,Charmpin,Cáp Nhĩ Tân,HRB,Ha'erbin,Ha-erh-pin,Ha-erh-pin-shih,Harbin,Harbin Shi,Harbin-chhi,Harbin-chhī,Harbina,Harbino,Harbinq,Ha’erbin,Kharbin,Lungsod ng Harbin,Pin-chiang,Pin-chiang-hsien,Pinkiang,Xarbin,ha er bin,ha er bin shi,ha-eolbin si,har bin,harabina,harbn,harbyn,haribini,harpina,harubin,harubin shi,hrbyn,kharbini,Χαρμπίν,Харбин,Харбін,Խարբին,חרבין,خاربىن شەھىرى,هاربن,هاربین,ہarbn,ہاربن,हारबिन,हार्पिन,হারবিন,ਹਾਰਬਿਨ,ฮาร์บิน,ဟာရ်ပင်းမြို့,ხარბინი,ሃርቢን,ハルビン,ハルビン市,哈尔滨,哈尔滨市,哈爾濱,하얼빈 시",45.75,126.65,P,PPLA,CN,,08,2301,,,10009854,,140,Asia/Shanghai,2026-08-26,China,AS,China,0,0,0,0,1300,29.214485,61.489925,37.4311,36.886833,30.414446,24.31102,24.464722,13.553091,15.621639,15.753194,23.836557,35.457775,31.80134,0.40383118
2037346,Fuxin,Fuxin,"FFF,Fou-hsin,Fou-hsin-shih,Fu-hsin,Fu-sin,Fusin,Fusin',Fusinas,Fuxin,Hu-sin-chhi,Hū-sin-chhī,Paiu-sing,Phu Tan,Phụ Tân,Pâiu-sĭng,faksyn,fu xin,fu xin shi,fwshn,pusin si,Фусин,Фусинь,Фүшинь хот,فاکسین,فوشن,阜新,阜新市,푸신 시",42.01556,121.65889,P,PPL,CN,,19,2109,,,689050,,142,Asia/Shanghai,2018-12-06,China,AS,China,0,0,0,0,1176,28.82254,35.18642,27.944195,33.46828,26.362082,28.293278,26.541945,23.243952,28.301613,30.676802,28.945568,30.84389,25.949327,0.24409008
2037355,Fushun,Fushun,"Bu-sun-chhi,Bú-sūn-chhī,Chiu-fu-shun,FUS,Fu-shan,Fu-shun-hsien,Fu-shun-shih,Fu-sun,Fu-šun,Fushun,Fushun',Fushuncheng,Fusjun,Fusun,Fusunas,Fusuno,Fuŝuno,Fušunas,Phu Thuan,Phủ Thuận,U-song,fu shun,fu shun shi,fusuna,fwshwn,pusun si,pwswn,Ū-sông,Фушун,Фушунь,פושון,فوشون,ਫ਼ੁਸ਼ੁਨ,抚顺市,撫順,撫順市,푸순 시",41.88669,123.94363,P,PPLA2,CN,,19,2104,,,1400646,,85,Asia/Shanghai,2021-09-20,China,AS,China,0,0,1,1,1178,33.322147,44.691406,44.442562,35.94086,31.608616,29.350534,29.96056,25.78844,28.66788,30.847223,32.578224,34.203053,32.647312,0.41562712
2037799,Datong,Datong,"DAT,Dagu,Daido,Datong,Datong City,Datongas,Datongo,Datun,Datung,Dàtóng,GJai GJong,Ta-jen,Ta-jen-hsien,Ta-ku,Ta-t'ung,Ta-t'ung-hsien,Ta-t'ung-shih,Ta-tchung,Ta-t’ung,Ta-t’ung-hsien,Ta-t’ung-shih,da tong shi,datung si,datwng,dʼtwng,Đại Đồng,Датун,Датунг,דאטונג,داتونگ,داتۇڭ شەھىر,大同市,다퉁 시",40.09361,113.29139,P,PPL,CN,,24,1402,,,3105591,,1054,Asia/Shanghai,2026-08-25,China,AS,China,0,0,0,0,1098,26.991144,28.66989,22.85759,31.823523,26.388746,25.819084,25.422087,26.108202,29.971235,24.805136,28.045965,25.934996,27.472715,0.26532957
2037860,Daqing,Daqing,"An-ta,An-ta-shih,Anda,DQA,DaCing,Dachin,Dacin,Dacing,Dacyn,Dai-keng,Daqing,Daqing CIty,Dačing,Dàqìng,Dâi-kéng,GJai Khanh,Sa-erh-t'u,Sa-erh-t’u,Sartu,Sha-erh-t'u,Sha-erh-t’u,Ta-cching,Ta-čching,Taching,Tai-kheng-chhi,Tāi-khèng-chhī,da qing,da qing shi,daching si,dachyng,dakyng,Đại Khánh,ДаЋинг,Дацин,Дацын,Дачин,داچىڭ شەھىر,داچینگ,داکینگ,ᠳᠠᠴᠢᠩ ᠬᠣᠲᠠ,ᡩᠠᡴᡳᠩ ᡥᠣᡨᠣᠨ,大庆,大庆市,大慶,大慶市,다칭 시",46.58333,125.0,P,PPLA2,CN,,08,2306,,,1604027,,146,Asia/Shanghai,2026-01-20,China,AS,China,0,0,0,0,1330,19.887808,32.782665,22.309376,28.253223,22.005419,22.342073,23.213612,14.48441,12.549999,10.182918,13.815996,19.059858,17.724329,0.383732
2037886,Dandong,Dandong,"An-tung-hsien,An-tung-shih,Andong,Antung,DDG,Dan'dun,Dandong,Dandong - dan dong,Dandong Shi,Dandun,Dandung,Dang-dung,Dăng-dŭng,GJan GJong,Sha-ho-ch'en,Sha-ho-ch’en,Sha-ho-tzu,Tan-tong-chhi,Tan-tong-chhī,Tan-tung,Tan-tung-shih,dan dong,dan dong shi,dandung si,dandwng,dandwngh,dandwnj,tan tng,Đan Đông,Дандун,Дандунг,Даньдун,Դանդուն,داندونج,داندونغ,داندونگ,ഡാൻദോങ്,ตานตง,丹东市,丹東,丹東市,단둥 시",40.12917,124.39472,P,PPL,CN,,19,2106,,,815858,,10,Asia/Shanghai,2026-09-02,China,AS,China,0,0,0,0,1102,23.145918,28.572716,28.234524,29.32083,26.484028,25.496906,21.585693,17.068148,15.754303,16.864584,18.834003,26.551523,23.440725,0.40908375
2038087,Chengde,Chengde,"CDE,Ccheng-te,Cengde,Ch'eng-te,Ch'eng-te-hsien,Ch'eng-te-shih,Chehndeh,Chengde,Chengdé,Chengteh,Ch’eng-te,Ch’eng-te-hsien,Ch’eng-te-shih,Je-ho,Jehoi,Jehol,Jo-ho,Seng-tek-chhi,Sing-daik,Sêng-tek-chhī,Sìng-dáik,Thua GJuc,Thừa Đức,Tschongto,cheng de,cheng de shi,cheongdeo si,chngdh,Čcheng-te,Čengdė,Ченгде,Чэндэ,چنگده,چینگدے,承徳市,承德,承德市,청더 시",40.9519,117.95883,P,PPL,CN,,10,1308,2038084,,920395,,318,Asia/Shanghai,2026-09-02,China,AS,China,0,0,0,0,1135,29.132826,26.375807,25.158186,34.69369,23.78111,31.151348,30.239445,27.625671,29.018682,33.54764,28.89207,30.863888,27.923119,0.2828292
2038180,Changchun,Changchun,"CGQ,Cancun,Cancuna,Cangcun,Cangcunas,Cangcuno,Cangzcenh,Cchang-cchun,Ch'ang-ch'un-hsien,Ch'ang-ch'un-shih,Chanchun,Chanchun',Changchuen,Changchun,Changchun Shi,Chhong-chhun-su,Chhòng-chhûn-sṳ,Ch’ang-ch’un-hsien,Ch’ang-ch’un-shih,Csangcsun,Diong-chung,Diòng-chŭng,Hsin-chin,Hsin-ching,Hsinking,K'ua-ch'eng-tzu,Kwan-cheng-tze,K’ua-ch’eng-tzu,Tiong-chhun-chhi,Tiông-chhun-chhī,Truong Xuan,Trường Xuân,Tschangtung,cancuna,cangacuna,caniግcuni,chang chwn,changachuna,changchun si,changchwn,jangchun,tshanghtshwn,zhang chun,zhang chun shi,Çangçun,Çançun,Ĉangĉuno,Čangčun,Čangčunas,Čančuņa,Čchang-čchun,Чангчуен,Чанчун,Чанчунь,Чанчүнь хот,Չանչուն,צאנגצון,تشانغتشون,چانگ چون,چانگچون,چاڭچۈن شەھىرى,चांगचून,छांगछुन,চাংচুন,ਚਾਂਗਚੁਨ,ചാങ്ചൻ,ချောင်ချွန်းမြို့,ቻንግቹን,長春,長春市,长春,长春市,장춘,창춘 시",43.88,125.32278,P,PPLA,CN,,05,2201,,,5691024,,206,Asia/Shanghai,2026-09-02,China,AS,China,0,3,0,3,1242,24.223791,40.826218,26.994053,32.98817,27.10056,23.309141,21.365694,14.82473,14.980913,17.203194,21.176342,28.630554,21.470295,0.46210113
2038300,Benxi,Benxi,"BYE,Ban Khe,Behn'si,Ben'si,Bensi,Benxi,Bunsi,Bản Khê,Pen Shi,Pen-ch'i,Pen-ch'i-hsien,Pen-ch'i-hu,Pen-ch'i-shih,Pen-ch’i,Pen-ch’i-hsien,Pen-ch’i-hu,Pen-ch’i-shih,Pen-hsi,Pen-hsi-shih,Pen-si,Penki,Penkihu,Pun-khe-chhi,Pún-khe-chhī,ben xi,ben xi shi,beonsi si,bnshy,bnsy,bynshy,Бенси,Беньсі,Бънси,Бэньси,Բենսի,בנשי,بنشی,بینشی,本渓,本渓市,本溪,本溪市,번시 시",41.28861,123.765,P,PPL,CN,,19,2105,,,865215,,212,Asia/Shanghai,2026-09-02,China,AS,China,0,0,0,0,1153,31.757269,41.470425,38.41622,33.7082,29.09264,29.66411,28.414032,23.22124,28.309277,29.408052,32.092873,34.17653,33.566532,0.3873226
2038432,Baotou,Baotou,"BAV,Baatou,Bao GJau,Bao Đầu,Baotou,Baotou shaary,Bau-tau,Bautouo,Baŭtoŭo,Bugat khot,Bāotóu,Bău-tàu,Pao-t'ou,Pao-tchou,Pao-tow,Pao-t’ou,Paotou,Pau-thau-chhi,Pau-theu-su,Pau-thâu-chhī,Pâu-thèu-sṳ,ba'otu,bao tou,bao tou shi,baoteou si,baywtw,bʼwtwʼw,Баатоў,Баотоу,Баотоу шаары,Бугат хот,Բաոտոու,באוטואו,بائوتو,باۋتۇ شەھىر,ਬਾਓਟੂ,ᠪᠤᠭᠤᠲᠤ ᠬᠣᠲᠠ,包头,包头市,包頭,包頭市,바오터우 시",40.6516,109.84389,P,PPL,CN,,20,1502,,,2761700,,1064,Asia/Shanghai,2026-08-25,China,AS,China,0,0,0,0,1131,24.851364,19.478361,19.362501,34.16075,34.46361,28.791132,28.007639,22.325539,20.577284,22.506527,18.210888,29.304998,20.97581,0.31828806
2038632,Anshan,Anshan,"AOG,An Son,An Sơn,An'shan',An-san,An-san-chhi,An-san-chhī,An-shan-shih,An-šan,Ang-sang,Ansanas,Ansano,Anshan,Anshan Shi,Ansjan,Anxan,Anŝano,Anšanas,an shan,an shan shi,anasana,ansan si,anshan,Ăng-săng,Аншан,Аньшань,אנשאן,آنشان,ئەنشەن شەھىرى,انشان,ਅਨਸ਼ਾਨ,鞍山,鞍山市,안산 시",41.12361,122.99,P,PPL,CN,,19,2103,,,3325372,,55,Asia/Shanghai,2026-08-25,China,AS,China,0,0,0,0,1151,47.952393,65.41317,54.982586,43.661694,39.727917,40.095165,44.40861,45.58266,50.36088,52.66222,46.603897,47.244316,45.115456,0.4334294
2050970,Hondlon,Hondlon,"Hondlon,Hondlon Qu,Khundlun,Хундлун",40.64833,109.79389,P,PPLX,CN,,20,1502,,,787681,,1062,Asia/Shanghai,2026-09-14,China,AS,China,0,0,0,0,1130,23.236649,14.390187,17.37515,32.170696,32.32236,29.660753,28.535002,24.191128,20.754976,21.998884,16.485888,24.283195,16.562231,0.31828806
2050971,Qingshan,Qingshan,"Cinshan',Qingshan,Qingshan Qu,Циншань",40.66306,109.88167,P,PPLX,CN,,20,1502,,,719255,,1060,Asia/Shanghai,2026-09-14,China,AS,China,0,0,0,0,1131,24.851364,19.478361,19.362501,34.16075,34.46361,28.791132,28.007639,22.325539,20.577284,22.506527,18.210888,29.304998,20.97581,0.31828806
6642286,E’zhou,E'zhou,"E'zhou,E'zhou Shi,Ezhou,E’zhou,E’zhou Shi,Wuchang,e zhou,e zhou shi,Ежоу,鄂州,鄂州市",30.39607,114.88655,P,PPLA2,CN,,12,4211,6642286,,668727,,29,Asia/Shanghai,2026-09-14,China,AS,China,0,0,0,0,712,55.1546,83.01613,72.68646,64.46479,59.65639,49.63952,48.126392,29.615858,37.85202,40.756947,39.89866,57.129036,80.22728,0.5428124
6929460,Panzhihua,Panzhihua,"PZI,Pan'chzhikhua,Panzhihua,pan zhi hua,pan zhi hua shi,Паньчжихуа,攀枝花,攀枝花市",26.58509,101.71276,P,PPLA2,CN,,32,5104,,,787177,,1101,Asia/Shanghai,2026-09-14,China,AS,China,0,0,0,0,609,34.22419,45.641125,38.40521,38.913174,34.11181,24.90363,27.169167,26.907526,27.911964,29.891249,32.944355,36.824024,47.184677,0.30960742
6986104,Zhongshan,Zhongshan,"Chung-san-su,Chzhunshan',Chûng-sân-sṳ,Cung-san,Dzungshan,HHS,Jongshen shehiri,Trung Son,Trung Sơn,Xiangshan,Zhongshan,Zhongshan Shi,Zongsan,jungsan si,zhong shan,zhong shan shi,Čung-šan,Žongšan,Џунгшан,Чжуншань,中山,中山市,중산 시",22.52306,113.37912,P,PPLA2,CN,,30,4420,,,3841873,,9,Asia/Shanghai,2024-10-08,China,AS,China,0,0,0,0,504,36.226353,53.564655,45.51949,35.511295,39.122368,24.978899,14.954029,30.312635,21.138172,24.926945,38.347042,39.44431,66.9422,0.58240014
7283386,Changshu,Changshu,"Chanshu,Чаншу",31.64615,120.74221,P,PPLA3,CN,,04,3205,,,1677050,,9,Asia/Shanghai,2026-09-14,China,AS,China,0,0,0,0,764,49.358536,74.122574,63.602673,47.90632,47.64042,44.792465,39.443188,29.241663,48.814114,45.720554,33.578495,58.758892,59.870293,0.5480184
7576887,Hezhou,Hezhou,"Che-cou,Che-čou,Fo-chu-su,Fo-chû-sṳ,Ha Chau,Ho-chiu-chhi,Ho-ciu,Hohcouh,Hô̤-ciŭ,Hō-chiu-chhī,Hạ Châu,Khehchzhou,he zhou,he zhou shi,heojeou si,hyzhw,Хэчжоу,هیژو,ہیژوؤ,ہیژوو,賀州,賀州市,贺州市,허저우 시",24.40357,111.56675,P,PPLA2,CN,,16,4511,,,1005490,,106,Asia/Shanghai,2021-10-14,China,AS,China,0,0,0,0,558,26.335806,40.320564,31.681845,30.573921,40.4575,20.263441,14.476386,19.95,16.374731,18.135693,22.952957,20.009584,40.95484,0.49241248
7602670,Zhu Cheng City,Zhu Cheng City,"Chzhuchehn,Чжучэн",35.99502,119.40259,P,PPLA3,CN,,25,3707,,,1000000,,67,Asia/Shanghai,2026-09-14,China,AS,China,0,0,0,0,950,34.32253,48.59718,42.432888,36.259953,28.334167,31.431717,29.612774,21.315056,26.377823,36.73528,23.441797,47.537914,40.737762,0.43522832
8307452,Huangpu,Huangpu,"Huangpu,Khvanpu,huang pu,Хванпу,黄浦",31.2378,121.4781,P,PPL,CN,,23,12324204,,,656200,,35,Asia/Shanghai,2026-09-14,China,AS,China,2,2,2,2,749,53.08605,90.49555,72.3204,58.04342,52.08944,42.422714,38.884304,26.079706,49.05927,40.10861,31.096104,64.48389,73.26923,0.45626798
8335361,Ulanqab,Ulanqab,"UCB,Ulanchab,Ulanqab,wu lan cha bu shi,Уланчаб,乌兰察布市",40.993,113.133,P,PPLA2,CN,,20,1509,,,550231,,1375,Asia/Shanghai,2026-09-14,China,AS,China,0,0,0,0,1133,18.432333,17.273521,14.444345,21.914246,22.32264,19.340862,19.932915,18.614918,18.884947,16.970974,16.77782,18.621525,15.836289,0.23456746
8347664,Ordos,Ordos,"DSN,Erdos,Ordos,Ordos khot,e er duo si shi,eoeoldwosseu si,orudosu shi,Ордос,Ордос хот,オルドス市,鄂尔多斯市,어얼둬쓰 시",39.6086,109.78157,P,PPL,CN,,20,1506,,,2153638,2149,1310,Asia/Shanghai,2026-08-25,China,AS,China,0,0,0,0,1083,16.769657,11.395162,18.326487,24.275536,24.133333,22.11868,19.90264,15.95914,13.857122,12.629445,13.954166,13.734167,11.207797,0.24607885
8400694,Taizhou,Taizhou,"Tai-chiu-chhi,Taitsjou,Taizhou,Taizhou Shi,Taizhou i Zhejiang,Tajchzhou,Tchaj-cou,Tchaj-čou,Thai Chau,Thai Châu,Thoi-chu-su,Thòi-chû-sṳ,Tâi-chiu-chhī,tai zhou,tai zhou shi,taijeou si,Тайчжоу,تەيجۇ شەھىرى,台州,台州市,타이저우 시",28.66266,121.43312,P,PPLA2,CN,,02,3310,,,1485502,,15,Asia/Shanghai,2021-12-13,China,AS,China,0,0,0,0,663,23.73526,40.88038,35.726933,29.210213,30.608332,24.384945,17.344305,12.085889,12.559005,13.68889,14.579034,26.81653,27.889917,0.42573568
8533133,Liupanshui,Liupanshui,"LPF,Lek-buang-cui,Liou-pchan-suej,Liou-pchan-šuej,Lio̍k-poâⁿ-chúi-chhī,Liupanshui,Ljupan'shuj,Luc Ban Thuy,Lĕ̤k-buàng-cūi,Lục Bàn Thủy,liu pan shui,liu pan shui shi,lyupansu-i si,lywbanshyw,lywpanshay,lywpanshwyy,Люпаньшуй,ليوبانشيو,لیوپانشای,لیوپانشوئی,六盘水市,六盤水,六盤水市,류판수이 시",26.59444,104.83333,P,PPL,CN,,18,5202,,,1320825,,1799,Asia/Shanghai,2021-10-14,China,AS,China,0,0,0,0,610,21.439137,29.899057,17.562944,23.993143,29.594172,20.580107,21.536665,17.468412,18.299059,12.522226,13.187634,20.051805,32.133064,0.36582577
9072919,Rizhao,Rizhao,"Jit-chiau-chhi,Ji̍t-chiàu-chhī,Nhat Chieu,Nhật Chiếu,Nik-cieu,Nĭk-ciéu,RIZ,Rizhao,Rizhao Shi,Z'-cao,Zhichzhao,Zhidzao,Zhudzhao,leujao si,ri zhao,ri zhao shi,ryzhaw,Ž’-čao,Жичжао,Жиџао,Жъджао,ریژاو,日照,日照市,르자오 시",35.41414,119.52908,P,PPLA2,CN,,25,3711,6573975,,661943,,25,Asia/Shanghai,2021-10-11,China,AS,China,0,0,0,0,927,32.847916,45.020027,40.52143,36.415863,28.989307,33.214787,31.809168,22.585617,25.914516,30.002083,20.42016,43.635277,36.487637,0.42509148
9181182,Puyang,Puyang,"Boc Duong,Buk-iong,Bŭk-iòng,Bộc Dương,Pchu-jang,Phok-iong-chhi,Phok-iông-chhī,Pujan,Pujang,Puyang,pu yang,pu yang shi,puyang si,pwyang,Пуян,Пујанг,پویانگ,濮阳,濮阳市,濮陽,濮陽市,푸양 시",35.75641,115.04363,P,PPLA2,CN,,09,4109,,,655674,,60,Asia/Shanghai,2025-05-15,China,AS,China,0,0,0,0,922,47.674076,79.28482,61.003273,51.030373,33.763752,34.61035,37.489582,28.937632,30.222984,39.47389,44.013176,53.622498,79.076744,0.57624036
10630003,Xuzhou,Xuzhou,"Pengcheng,Sjudzou,Sjujchzhou,XUZ,Xuzhou,Xúzhōu,shwzhw,swijeou si,xu zhou,xu zhou shi,Сюйчжоу,Сјуџоу,شوژو,徐州,徐州市,쉬저우 시",34.20442,117.28386,P,PPLA2,CN,,04,3203,,,1253991,,35,Asia/Shanghai,2025-05-08,China,AS,China,0,0,0,0,859,54.67457,90.00794,69.667114,62.122593,45.04458,47.21854,43.053753,28.61317,40.973118,46.06486,46.11948,67.917076,70.207535,0.58371425
10794003,Panjin,Panjin,"Pan'czin',pan jin shi,Паньцзинь,盘锦市",41.121,122.0739,P,PPLA2,CN,,19,2111,,,1166481,,7,Asia/Shanghai,2026-09-14,China,AS,China,0,0,0,0,1150,35.095306,47.091667,36.407143,33.759007,30.773476,32.616665,32.81972,29.897715,36.256187,39.291245,30.281317,34.89333,37.099064,0.4076734
10859300,Lianyungang,Lianyungang,"LYG,Lianyungang,Liányúngǎng,Ljan'jun'gan,lian yun gang,lian yun gang shi,lyen-wingang si,Ляньюньган,连云港,连云港市,連雲港,롄윈강 시",34.59845,119.21556,P,PPLA2,CN,,04,3207,,,2001009,,1,Asia/Shanghai,2025-08-20,China,AS,China,0,0,0,0,860,37.359077,57.56667,50.835117,43.632793,32.38444,34.81022,33.326668,20.85121,27.810484,28.069996,24.322044,50.070137,45.75322,0.5896691
10942283,Jinzhong,Jinzhong,"Czin'chzhun,jin zhong shi,Цзиньчжун,晋中市",37.68403,112.75471,P,PPLA2,CN,,24,1407,,,1226617,,821,Asia/Shanghai,2026-09-14,China,AS,China,0,0,0,0,1012,45.87144,54.63293,52.09569,49.63172,36.575832,38.490047,41.221943,40.228493,45.90417,42.717354,48.56801,44.97083,55.441936,0.33507654
10942359,Baoji,Baoji,"Baoczi,Baoji,Bǎojī,PJI,bao ji,bao ji shi,baoji si,bawzhy,Баоцзи,باوژی,宝鶏市,宝鸡,宝鸡市,寶雞,바오지 시",34.36775,107.23705,P,PPLA2,CN,,26,6103,,,1437802,,567,Asia/Shanghai,2025-08-18,China,AS,China,0,0,0,0,855,31.249203,44.68266,43.50238,33.550537,31.09333,25.830107,26.20028,25.0,21.860083,27.141115,26.033875,33.150833,37.891937,0.3852407
11072148,Puxi,Puxi,"Pusi,pu xi,Пуси,浦西",31.24414,121.46592,P,PPLX,CN,,23,12324204,,,6683712,0,9,Asia/Shanghai,2026-09-14,China,AS,China,1,1,2,2,749,53.08605,90.49555,72.3204,58.04342,52.08944,42.422714,38.884304,26.079706,49.05927,40.10861,31.096104,64.48389,73.26923,0.45626798
11838258,Bayan Nur,Bayan Nur,"Bajan Nur,ba yan nao er shi,Баян Нур,巴彦淖尔市",40.74143,107.38599,P,PPL,CN,,20,1508,,,1760000,1050,1041,Asia/Shanghai,2026-09-14,China,AS,China,0,0,0,0,1129,34.28032,18.414112,30.235716,73.77488,68.55333,47.582916,34.872227,22.661692,20.199327,23.392221,19.26371,35.322365,17.50699,0.21717428
11995100,Bazhong,Bazhong,"BZX,Bachzhun,Bazhong,Bāzhōng,ba zhong,ba zhong shi,bajungsi,batshwngh,bazhang,Бачжун,باتشونغ,باژانگ,巴中,巴中市,바중시",31.8694,106.74432,P,PPLA2,CN,,32,5119,,,2712894,,393,Asia/Shanghai,2026-04-17,China,AS,China,0,0,0,0,776,24.490845,36.590057,32.43438,30.673384,32.417778,23.268682,18.557917,16.189247,13.994493,9.714164,13.489919,28.556112,38.49139,0.4308612
12324556,Shizuishan,Shizuishan,"Shizujshan,shi zui shan shi,Шизуйшан,石嘴山市",38.98082,106.3892,P,PPLA2,CN,,21,6402,,,739400,,1112,Asia/Shanghai,2026-09-14,China,AS,China,0,0,0,0,1061,44.90276,25.163843,32.1189,85.55954,115.538605,67.3918,49.30278,31.588974,31.263437,26.165968,28.80215,23.97736,21.86384,0.39388558
12358576,Wanzhou,Wanzhou,"Vanzhou,wan zhou qu,Ванжоу,万州区",30.76451,108.39586,P,PPLA3,CN,,33,8739734,1791746,,1545900,,205,Asia/Shanghai,2026-09-14,China,AS,China,0,0,0,0,724,38.509014,71.38414,45.824703,43.75363,45.03583,33.71949,27.216251,20.512901,19.09852,19.12125,23.744219,45.614025,67.241264,0.49531308
12359313,Qingyang,Qingyang,"Cinujan,qing yang,qing yang shi,Цинъян,庆阳,庆阳市",35.70976,107.64455,P,PPLA2,CN,,15,6210,,,2125400,,1427,Asia/Shanghai,2026-09-14,China,AS,China,0,0,0,0,920,21.802704,26.429033,29.366072,25.902014,25.588055,22.04691,19.034445,18.367472,15.561022,18.216248,20.034676,19.601528,22.063034,0.32674003
12446699,Daxing’anling,Daxing'anling,"Dasinanlin,Daxing'anling,Daxing’anling,da xing an ling,Дасинанлин,大兴安岭",52.33385,124.71242,P,PPLA2,CN,,08,,,,520000,,348,Asia/Shanghai,2026-09-14,China,AS,China,0,0,0,0,1558,6.6040964,4.27379,3.4017856,6.1793013,13.523891,11.016936,9.529166,7.3180113,5.6720424,3.1266665,5.519489,6.690139,2.8962367,0.248087
12492662,"Mianzhu, Deyang, Sichuan","Mianzhu, Deyang, Sichuan","Mjan'zhu  Dejang  Sichuan',Мяньжу  Деянг  Сичуань",31.33786,104.22057,P,PPLL,CN,,32,5106,,,510000,,599,Asia/Shanghai,2026-09-14,China,AS,China,0,0,0,0,741,54.768513,77.35121,55.861904,48.976887,48.49097,43.055916,50.44514,49.62016,45.305103,45.045696,41.666794,68.74638,82.55712,0.6677368
13308620,Bao'an,Bao'an,"Baoan',Баоань",22.55213,113.88288,P,PPLA3,CN,,30,,,,4476554,,-9999,Asia/Shanghai,2026-09-14,China,AS,China,2,2,18,19,506,35.249905,43.878216,37.77619,35.256718,40.629585,28.744627,18.966114,35.210888,26.948256,26.47986,36.120964,34.767776,57.81398,0.5609745
13405906,Luohu District,Luohu District,"Rajon Luokhu,Район Луоху",22.54721,114.13149,P,PPLX,CN,,30,4403,,,1143801,,2,Asia/Shanghai,2026-09-14,China,AS,China,8,8,18,19,506,35.249905,43.878216,37.77619,35.256718,40.629585,28.744627,18.966114,35.210888,26.948256,26.47986,36.120964,34.767776,57.81398,0.4091092
13512502,Mengzi,Mengzi,"HMZ,Mehnzi,meng zi shi,Мэнзи,蒙自市",23.36779,103.38212,P,PPLA2,CN,,29,5325,,,595100,,1306,Asia/Shanghai,2026-09-14,China,AS,China,0,0,0,0,524,18.503551,30.435753,18.764135,34.63844,33.138187,11.838442,9.582637,11.865323,10.6942215,9.844305,13.153092,14.233473,23.646908,0.3659024
13512505,Lüliang,Lueliang,"Ljujljan,lu liang shi,Люйлян,吕梁市",37.5192,111.14436,P,PPLA2,CN,,24,1411,,,3346500,,959,Asia/Shanghai,2026-09-14,China,AS,China,0,0,0,0,1011,36.297337,38.542072,37.224255,39.881454,33.561943,33.401077,36.3675,33.91424,33.883194,35.245277,40.798798,33.610554,39.02097,0.28268453
13608000,Jinshan,Jinshan,"Czinshan,jin shan,jin shan qu,Цзиншан,金山,金山区",30.83556,121.29373,P,PPLA4,CN,,23,12324204,,,822776,,7,Asia/Shanghai,2026-09-14,China,AS,China,1,1,2,2,731,51.061153,77.2195,64.85164,55.35107,47.05736,38.14422,38.80083,29.666128,42.801884,46.742638,42.83293,64.21681,66.143814,0.4942478
13608002,Fengxiang,Fengxiang,"Fehnsjan,Fengsien,feng xian,feng xian qu,Фэнсян,奉贤,奉贤区",30.85841,121.46779,P,PPL,CN,,23,12324204,,,1140872,,5,Asia/Shanghai,2026-09-14,China,AS,China,1,1,2,2,732,39.439205,58.645294,49.924107,46.293686,41.540554,32.073387,27.057081,25.167072,42.984818,37.16736,28.84086,43.324306,40.986965,0.4942478
13608003,Chongming,Chongming,"Chunmin,Tsungming,chong ming,chong ming qu,Чунмин,崇明,崇明区",31.61852,121.69621,P,PPLA3,CN,,,,,,637921,,6,Asia/Shanghai,2026-09-14,China,AS,China,0,0,0,0,766,40.331596,62.16613,53.207584,42.56909,42.175274,33.161827,33.37042,21.118008,43.388844,32.03847,21.679033,48.855976,51.33696,0.47379088
3667905,Soacha,Soacha,"Soacha,Soachu,Соачу",4.57937,-74.21682,P,PPLA2,CO,,33,25754,,,655025,,2565,America/Bogota,2025-10-03,Colombia,SA,South America,1,3,2,4,216,16.55179,18.352152,21.509228,23.184008,20.232916,15.265324,12.660832,12.146101,13.532928,12.973333,14.468547,15.839998,18.790726,0.5161408
3674962,Medellín,Medellin,"MDE,Medegin,Medehl'in,Medel'in,Medelim,Medelin,Medeljina,Medeljinas,Medeljino,Medellin,Medellín,mai de lin,mdlyn,mdyyn,me de yin,medein,medejin,medelini,medellina,medeyina,meteyin,mydyllyn,mydylyn,myڈyln,myډyln,Μεδεγίν,Меделин,Медельín,Медельин,Медельїн,Медељин,Медэльін,מדיין,مدلین,ميديللين,ميديلين,میڈیلن,میډیلن,मेडेल्लिन,मेदेयीन,মেদেয়িন,ਮੇਦੇਯੀਨ,மெதெயின்,เมเดยิน,მედელინი,ሜዴሊን,ទីក្រុងមេឌេយីណ,メデジン,麦德林,메데인",6.245,-75.57151,P,PPLA,CO,,02,05001,,,1999979,1405,1528,America/Bogota,2026-04-13,Colombia,SA,South America,16,16,17,17,240,14.679445,15.924058,15.843007,18.540726,14.534027,13.780512,12.789999,14.002286,14.270835,14.828611,13.448388,12.010972,16.145563,0.28342205
3680656,Ibagué,Ibague,"IBE,Ibage,Ibageh,Ibague,Ibagué,Ibaguê,Ibagė,abajy,abygے,aybagwyh,ibage,ibagu,ibagu'e,ibagve,yi wa ge,ʿibage,Ібаге,Ібагэ,Ибаге,Ибагуé,أباجي,اباگوۓ,ابیگے,ایباگوئه,इबाग्वे,ইবাগু,ਇਬਾਗੂਏ,იბაგე,ኢባጌ,イバゲ,伊瓦格,이바게",4.43573,-75.20289,P,PPLA,CO,,28,73001,,,529635,,1047,America/Bogota,2026-04-13,Colombia,SA,South America,0,0,0,0,215,15.929322,16.856318,21.730505,20.313713,18.982779,14.481587,13.088333,11.043415,13.346505,11.253333,15.717204,16.867498,17.918413,0.2710937
3685533,Cúcuta,Cucuta,"CUC,Cucuta,Cúcuta,Kukuta,San Jose de Cucuta,San Jose de Guacimal,San José de Cùcuta,San José de Cúcuta,San José de Guacimal,ku ku ta,kukuta,kwkwta,swswta,Кукутá,Кукута,سوسوتا,كوكوتا,کوکوتا,कुकुटा,কুকুটা,ਕੁਕੁਟਾ,กูกูตา,კუკუტა,ኩኩታ,ククタ,库库塔,쿠쿠타",7.90745,-72.5049,P,PPLA,CO,,21,54001,,,777106,,298,America/Bogota,2026-04-13,Colombia,SA,South America,0,0,0,0,265,13.684752,15.916398,19.338545,25.782118,15.683056,11.704705,9.2826395,7.30121,10.636423,10.033054,11.519624,12.235138,15.089245,0.33866954
3687238,Cartagena,Cartagena,"CTG,Caratagena de Indias,Cartagena,Cartagena das Indias,Cartagena das Índias,Cartagena de Indias,Cartaxena de Indias,Carthagene,Carthagene des Indes,Carthagène,Carthagène des Indes,Kartachena,Kartageno,Kartakhena,Kartakhena de Indijas,ka ta he na,kaleutahena,karatajena,karitahena,kartagyna,kartahena,kartajena,kartajyna,kartakhna,karutahena,karٹajyna,qrtajnt  kwlwmbya,qrthnh,Картахена,Картахена де Индијас,קרטחנה,قرطاجنة، كولومبيا,کارتاجینا,کارتاخنا,کارتاگینا,کارٹاجینا,कार्टाजेना,কার্তাহেনা,ਕਾਰਟਾਜੇਨਾ,კარტახენა,ካርታሄና,カルタヘナ,卡塔赫纳,카르타헤나",10.39817,-75.49328,P,PPLA,CO,,35,13001,,,914552,,20,America/Bogota,2026-04-13,Colombia,SA,South America,0,0,0,0,288,9.534511,7.614651,10.213244,11.346372,10.284722,10.79906,10.746112,12.170027,10.26344,8.225278,6.275942,7.9506955,8.560214,0.34461096
3687925,Cali,Cali,"CLO,Cali,Calium,Cáli,Kali,Kalio,Kalis,Santiago de Cali,ka li,kali,kalli,kaly,santiago・de・kari,Кали,Калі,סנטיאגו דה קאלי,كالي,کالی,काली,কালি,ਕਾਲੀ,กาลี,ካሊ,サンティアゴ・デ・カリ,卡利,칼리",3.43054,-76.5199,P,PPLA,CO,,29,76001,,,2392877,,758,America/Bogota,2026-04-13,Colombia,SA,South America,0,1,0,1,209,8.447804,7.6936836,7.863393,11.960484,11.569445,9.302152,7.6580553,9.922984,8.682393,7.455417,6.7416663,5.9612503,6.46922,0.43782103
3688465,Bucaramanga,Bucaramanga,"BGA,Bucaramanga,Bucaramango,Bukaramanga,bu ka la man jia,bukalamang-ga,bukaramanga,bukaramaniga,bwkaramanga,bwkaramnga,bwkaramnګa,bwkaramyanja,Букараманга,Букараманґа,بوكاراميانجا,بوکارامانگا,بوکارامنګا,بوکارامنگا,बुकारामांगा,বুকারামাঙ্গা,ਬੁਕਾਰਾਮਾਂਗਾ,ბუკარამანგა,ቡካራማንጋ,ブカラマンガ,布卡拉曼加,부카라망가",7.125,-73.11895,P,PPLA,CO,,26,68001,,,581130,,1010,America/Bogota,2026-04-13,Colombia,SA,South America,0,2,0,2,256,16.902073,15.60766,22.186014,26.269222,18.5025,16.244759,15.827084,14.08199,14.452417,13.389584,14.395969,14.768055,17.445833,0.32650688
3688689,Bogotá,Bogota,"BOG,Bagata,Bogot,Bogota,Bogoto,Bogotà,Bogotá,Boqota,Buoguota,Bógóta,Mponkota,Santa-Fe-de-Bogota,Santafe de Bogota,Santafe de Bogotá,Santafé de Bogotá,Wukuta,beageatta,bo ge da,bogota,bokota,bwghwta,bwgwta,bwgwth,bwjwta,pokotta,Μπογκοτά,Багата,Богота,Боґота,Санта-Фе-де-Богота,Բոգոտա,באגאטא,בוגוטה,بوجوتا,بوغوتا,بوگوتا,بگوٹا,بۆگۆتا,बोगोटा,बोगोता,বোগোতা,ਬੋਗੋਤਾ,ବୋଗୋଟା,பொகோட்டா,ಬೊಗೋಟ,ബൊഗോട്ട,โบโกตา,པོ་གོ་ཏ,ဘိုဂိုတာမြို့,ბოგოტა,ቦጎታ,ទីក្រុងបូកូតា,ボゴタ,波哥大,보고타",4.60971,-74.08175,P,PPLC,CO,,34,11001,,,7674366,,2582,America/Bogota,2024-03-26,Colombia,SA,South America,1,3,2,4,219,17.91264,19.694757,24.65774,26.864515,19.244167,15.887768,12.019861,9.881722,13.806718,15.174581,18.026878,18.803888,21.335217,0.5161408
3689147,Barranquilla,Barranquilla,"BAQ,Barankil'ja,Barankila,Barankilija,Barankilijo,Barankilja,Barran'kigia,Barrancas de San Nicolas,Barrancas de San Nicolás,Barrankil'ja,Barrankilya,Barranquilha,Barranquilla,Killa,La Arenosa,Quilla,ba lan ji ya,ba leng ji ye,balangkiya,bar rang ki ya,barakwyla,baranakiya,baranaku'ila,baranikila,barankija,barankwla,barankwyla,beranakila,brnqyyh,byarenkvila,Μπαρρανκίγια,Баранкиля,Баранкиља,Баранкілья,Барранкилья,Барранкілья,ברנקייה,بارانكويلا,بارانکولا,بارانکویلا,باراکویلا,बेरानकिला,ब्यारेन्क्विला,বারানকুইলা,ਬਾਰਾਙਕੀਯਾ,บาร์รังกียา,ბარანკილია,ባራንኪላ,バランキージャ,巴兰基亚,巴冷基也,바랑키야",10.96854,-74.78132,P,PPLA,CO,,04,08001,,,1206319,,24,America/Bogota,2026-04-13,Colombia,SA,South America,0,0,0,0,295,10.788732,7.743952,10.38244,12.132796,10.575696,12.218549,13.353056,12.9981165,12.254031,10.418749,8.340456,9.960555,9.084275,0.28248176
7033318,Kennedy,Kennedy,"Kennedij,Kennedy,Кеннедий",4.6165,-74.14597,P,PPLX,CO,,34,11001,08,,979914,,2556,America/Bogota,2026-09-14,Colombia,SA,South America,1,3,2,4,219,17.91264,19.694757,24.65774,26.864515,19.244167,15.887768,12.019861,9.881722,13.806718,15.174581,18.026878,18.803888,21.335217,0.5161408
3536729,Santiago de Cuba,Santiago de Cuba,"Kubos Santjagas,SCU,Sant'jago-de-Kuba,Sant'jago-de-Kubae,Santiago,Santiago de Cuba,Santiago de Cúba,Santiago de Kubo,Santiago di Cuba,Santiago nte Kouva,Santijago de Kuba,Santjaga-deh-Kuba,Santjago de Kuba,Santyago de Kuba,Santyaqo de Kuba,sainti'ago de ki'uba,sainti'ego de kyuba,sanitiyago de kuba,santiagodekuba,santiyago de ki'uba,santyaghw dy kwba,santyagw d kwba,santyagw ڈے kywba,santyaګw ډy kywba,sheng de ya ge-de gu ba,Σαντιάγο ντε Κούβα,Сантијаго де Куба,Сантьяго-де-Кубæ,Сантьяго-де-Куба,Сантяга-дэ-Куба,Сантяго де Куба,סנטיאגו דה קובה,سانتياغو دي كوبا,سانتیاګو ډی کیوبا,سانتیاگو د کوبا,سانتیاگو ڈے کیوبا,सैंटिएगो डे क्यूबा,সান্টিয়াগো ডে কিউবা,ਸੈਂਟਿਆਗੋ ਡੇ ਕਿਊਬਾ,სანტიაგო-დე-კუბა,ሳንቲያጎ ደ ኩባ,サンティアーゴ・デ・クーバ,圣地亚哥-德古巴,산티아고데쿠바",20.02287,-75.82171,P,PPLA,CU,,15,3406,,,555865,,33,America/Havana,2026-04-13,Cuba,NA,North/Central America,0,0,0,0,448,7.658954,6.276211,7.404166,9.191667,6.935694,6.7545695,11.500277,10.476209,9.180242,7.0151386,6.129704,5.3179164,5.705241,0.21033247
3553478,Havana,Havana,"A Habana,Abana,Gavana,Gavanae,Gavane,HAV,Habana,Hafana,Hahvaxnaz,Havan,Havana,Havanna,Havano,Hawana,Khavana,L'Avana,LAvan-a,LAvana,LAvann-a,LHabana,LHavana,La Ahuana,La Avan,La Avàn,La Habana,La Havana,La Havane,abana,avana,ha wa na,habana,habhana,hafana,havana,hawana,xia wan na,Ħavana,ŁAvana,Αβάνα,Гaванa,Гаванæ,Гавана,Гаване,Хавана,Ҳавана,Һavana,Һавана,Հավանա,האוואנע,הוואנה,هافانا,هاوانا,ہوانا,हवाना,হাভানা,ਹਵਾਨਾ,ହାଭାନା,அவானா,ഹവാന,ฮาวานา,ཧ་ཝན,ဟာဗားနားမြို့,ჰავანა,ሀቫና,ሀኖይ,ハバナ,哈瓦那,夏灣拿,아바나",23.13302,-82.38304,P,PPLC,CU,,02,,,,2163824,,41,America/Havana,2025-10-31,Cuba,NA,North/Central America,0,0,0,0,518,6.921611,7.252688,6.3967257,8.436289,6.5387506,7.4817204,8.550416,9.252822,6.9247303,5.6334715,5.478898,5.452084,5.5611567,0.1904881
3067696,Prague,Prague,"PRG,Praag,Prag,Praga,Pragae,Prago,Prague,Praha,Pràg,Prág,Prága,Prâg,Prāga,Pʻrak,bragh,bu la ge,peulaha,prag,praga,prak,prg,puraha,Πράγα,Праг,Прагæ,Прага,Պրահա,Փրակ,פראג,براغ,پراگ,پراگا,ܦܪܓ,প্রাগ,ปราก,པུ་ལ་ཁེ,პრაღა,ፕራግ,プラハ,布拉格,프라하",50.08804,14.42076,P,PPLC,CZ,,52,,,,1165581,,202,Europe/Prague,2026-02-23,Czechia,EU,Europe,5,14,6,16,1464,16.523249,17.453762,27.666967,29.536291,14.639304,10.793146,10.650696,11.215594,10.851882,10.722362,13.663709,21.032776,20.83898,0.18792546
2825297,Stuttgart,Stuttgart,"Estugarda,STR,Shhutgart,Shtutgart,Shtutgarti,Shtuttgart,Stocarda,Stoccarda,Stoutnkarde,Stucarda,Stuggart,Stutgardia,Stutgartas,Stutgarte,Stutgarto,Stutqart,Stuttgart,ashtwtgart,ch tuthth kar th,icututkart,satutagarata,shtwtgart,shtwtghart,shutouttogaruto,si tu jia te,situtigariti,stutagarta,stwtgrt,syututeugaleuteu,sټwtګart,Ştutqart,Štutgartas,Štutgarte,Στουτγκάρδη,Штутгарт,Штуттгарт,Щутгарт,שטוטגארט,שטוטגרט,اشتوتگارت,سٹٹگارٹ,سټوتګارت,شتوتغارت,شتوتگارت,شٹوٹگارٹ,श्टुटगार्ट,স্টুটগার্ট,ਸ਼ਟੁਟਗਾਰਟ,સ્ટુટગાર્ટ,இசுடுட்கார்ட்,സ്റ്റുട്ട്ഗാർട്ട്,ชตุทท์การ์ท,შტუტგარტი,ስቱትጋርት,シュトゥットガルト,斯图加特,슈투트가르트",48.78232,9.17702,P,PPLA,DE,,01,081,08111,08111000,612663,,252,Europe/Berlin,2026-05-06,Germany,EU,Europe,6,7,14,18,1418,12.601902,10.779703,17.30372,15.725266,11.516111,9.906989,11.043751,10.654703,10.540458,10.2562475,12.669087,14.506529,16.675804,0.16304569
2861650,Nuremberg,Nuremberg,"NUE,Neurenberch,Neurenberg,Niamberg,Nirnberg,Nirnberga,Niurnbergas,Njurnberg,Norimberg,Norimberga,Norimberk,Norimbèrga,Norymberga,Nuernbarg,Nuernberg,Nuernberq,Nuremberg,Nuremberga,Nurembergo,Nuremburg,Nurembèrg,Nurenberg,Nurenbergo,Nurenburg,Nurnberg,Nyremberg,Nyremberge,Nyremvergi,Nyrëmberg,Nyurnberg,Nyurnbérg,Núremberg,Nürnbarg,Nürnberg,Nürnberq,n'yurnabarga,niu lun bao,niurnbergi,niyuramperk,nurem beirk,nwileunbeleukeu,nwrnbrg,nwrnbyrgh,nyrnbrg,nyurunberuku,nywrmbrg,Νυρεμβέργη,Νυρεμβεργη,Нирнберг,Нюрнберг,Нӳрнберг,נירנבערג,נירנברג,نورنبرگ,نورنبيرغ,نۆریمبێرگ,نیورمبرگ,न्युर्नबर्ग,நியூரம்பெர்க்,นูเรมเบิร์ก,เนือร์นแบร์ก,ნიურნბერგი,ニュルンベルク,纽伦堡,뉘른베르크",49.45421,11.07752,P,PPLA3,DE,,02,095,09564,09564000,515543,,300,Europe/Berlin,2026-05-07,Germany,EU,Europe,2,3,3,7,1448,10.251079,7.34086,13.997917,14.853763,10.175557,8.2638445,9.98375,9.286425,8.725404,8.39014,9.702554,12.394166,10.2592745,0.19800411
2867714,Munich,Munich,"Lungsod ng Muenchen,Lungsod ng München,MUC,Minca,Minche,Minga,Minhen,Minhene,Minkhen,Miunchenas,Miwnix,Mjunkhen,Mnichov,Mnichow,Mníchov,Monachium,Monacho,Monaco de Baviera,Monaco di Baviera,Monaco e Baviera,Monacu,Monacu di Baviera,Monacum,Muenchen,Muenegh,Muenhen,Muenih,Munchen,Munhen,Munic,Munich,Munich ed Baviera,Munih,Munike,Munique,Munix,Munkeno,Munkhen,Munîh,Mynihu,Myunxen,Myunxén,Mònacu,Mùnich ëd Baviera,Múnic,Múnich,München,Münegh,Münhen,Münih,mi wnik,mi'unika,mi'unikha,miunkheni,miyunik,miyuniki,mu ni hei,mwinhen,mwnkh,mwnykh,mynkn,myunhen,myunik,myunikha,myunsena,mywnkh,mywnykh,Μόναχο,Минхен,Мюнхен,Мүнхен,Мүнхэн,Мӱнхен,Միւնիխ,Մյունխեն,מינכן,مونخ,مونیخ,ميونخ,ميونيخ,میونخ,म्युन्शेन,म्यूनिख,মিউনিখ,ਮਿਊਨਿਕ,மியூனிக்,ಮ್ಯೂನಿಕ್,มิวนิก,မြူးနစ်ချ်မြို့,მიუნხენი,ሚዩኒክ,ミュンヘン,慕尼黑,뮌헨",48.13743,11.57549,P,PPLA,DE,,02,091,09162,09162000,1505005,,524,Europe/Berlin,2026-05-06,Germany,EU,Europe,4,16,5,19,1380,12.719189,10.037634,15.410266,13.457929,12.210694,10.802151,12.639304,12.011022,12.891128,10.691667,12.671372,13.919027,16.102821,0.17475237
2879139,Leipzig,Leipzig,"LEJ,Laeipcig,Lajpcig,Lajpcigu,Lajpcik,Laypʻcʻik,Leipciga,Leipcigas,Leipsia,Leipzig,Lejpcig,Lejpcyg,Leypsiq,Leypzig,Lipcse,Lipekika,Lipsca,Lipsia,Lipsk,Lipsko,Läipcig,Léypzig,Lípsia,la'ipajhisa,la'ipasisa,lai bi xi,laipcik,laipeuchihi,laiptsigi,laybzygh,laypzsh,laypzyg,lip sik,lipajiga,liph sik,lypzsh,lyypzyg,raiputsuihi,Λειψία,Лайпциг,Лајпциг,Лейпциг,Лейпцыг,Լայպցիգ,Լայփցիկ,לייפציג,لائپزش,لايبزيغ,لایپزیگ,لیپزش,लाइपझिश,लिपजिग,লাইপ্‌ৎসিশ,ਲਾਈਪਸਿਸ਼,லைப்சிக்,ไลป์ซิก,ไลพ์ซิก,လိုက်ပဆစ်မြို့,ლაიფციგი,ላይፕጽግ,ライプツィヒ,莱比锡,萊比錫,라이프치히",51.33962,12.37129,P,PPLA3,DE,,13,00,14713,14713000,504971,,116,Europe/Berlin,2026-02-23,Germany,EU,Europe,3,4,9,10,1509,9.656573,6.939516,15.811607,17.74503,10.257777,6.7393823,8.719027,8.830511,8.1875,6.9037495,8.008334,9.081388,9.132527,0.19756693
2886242,Köln,Koeln,"Augusta Ubiorum,CGN,Cologna,Cologne,Colonha,Colonia,Colonia Agrippina,Colonia Agrippinensis,Colonia Claudia Ara Agrippinensium,Colònia,Colônia,Cołogna,Culonia,Cwlen,K'oln,Kel'n,Keln,Kelnas,Kelne,Kelni,Keulen,Kiolns,Kjol'n,Koelle,Koeln,Kol'n,Kolin nad Rynem,Kolin nad Rynom,Koloin,Kolon,Kolonia,Kolonjo,Kolín nad Rýnem,Kolín nad Rýnom,Kyoln,Këlni,Kölle,Köln,Lungsod ng Cologne,Oppidum Ubiorum,gu long,kalana,kalon,ke long,kerun,kholoy,kln,klwn,koelleun,koln,kolon,kwln,kwlwn,kwlwnya,kyolna,qln,qlwnyt,quluniat,Ķelne,Κολωνία,Келн,Кельн,Кьолн,Кёльн,Кӧльн,Көлн,Քյոլն,קלן,קעלן,قلونية,قُلُونِيَة,كولن,كولونيا,کلن,کلون,کولون,क्योल्न,ਕਲਨ,கோல்ன்,కొలోన్,ಕಲೋನ್,โคโลญ,კელნი,ኮልን,ケルン,古龍,科隆,쾰른",50.93333,6.95,P,PPLA2,DE,,07,053,05315,05315000,1024621,,58,Europe/Berlin,2026-05-06,Germany,EU,Europe,8,11,23,31,1495,12.599861,11.825404,15.946726,19.487097,14.6548605,9.398924,12.290553,12.266263,12.003629,9.267639,11.512364,10.144165,12.59422,0.18188746
2910831,Hannover,Hannover,"Annobero,Gannovehr,Gannover,Ganover,HAJ,Hannauver,Hannober,Hannova,Hannover,Hannovera,Hannovere,Hannower,Hannóver,Hanobhar,Hanofer,Hanofér,Hanover,Hanoveri,Hanoveris,Hanovra,Hanovre,Hanovro,Hanower,Hanowery,Hanóver,Hanôver,Honovere,Hànobhar,IHanoveri,Khannover,Khanover,hainovara,han no wexr,han nuo wei,hanobeo,hanofa,hanophara,hanovara,hanoveri,hanwfr,hnwbr,Αννόβερο,Ганновер,Ганновэр,Гановер,Ханновер,Хановер,Հաննովեր,האנאווער,הנובר,هانوفر,ھانۆفەر,ہnwwr,ہنوور,ہینوور,हानोफर,हैनोवर,হানোফার,ਹਾਨੋਵਰ,ฮันโนเวอร์,ჰანოვერი,ሃኖቨር,ハノーファー,汉诺威,漢諾威,하노버",52.37052,9.73322,P,PPLA,DE,,06,00,03241,03241001,515140,,57,Europe/Berlin,2026-04-13,Germany,EU,Europe,2,2,3,3,1549,9.829414,9.464921,15.89762,16.019756,10.228334,6.899462,10.143334,8.201478,8.082526,6.6837506,7.095967,9.762499,9.979975,0.17665674
2911298,Hamburg,Hamburg,"Amborg,Ambourgo,Amburgo,Amburgu,Augusta Gambriviorum,Gamburg,HAM,HH,Hamboarch,Hamboerg,Hamboerj,Hamborg,Hambourg,Hamburch,Hamburg,Hamburga,Hamburgas,Hamburgo,Hamburgu,Hamburgum,Hamburk,Hamburq,Hambuurich,Hambörg,Hambörj,Hambùrk,Hambûrg,Hamepuka,Hammaburg [a. 832],Hampuri,Hanburgo,Khamburg,haimabaraga,haimbarga,ham bur k,hambuleukeu,hamburgi,hambwrg,hambwrgh,hambwrګ,han bao,han bao shi,hanburuku,haምberiግ,hemburga,hmbwrg,hyambarg,hyambarga,hʼambwrg,Ħamburg,Αμβούργο,Гамбург,Гамбурґ,Хамбург,Համբուրգ,האַמבורג,המבורג,هامبورغ,هامبورګ,هامبورگ,ہymbrg,ہیمبرگ,ܗܡܒܘܪܓ,हॅम्बुर्ग,हैम्बर्ग,হ্যাম্বার্গ,ਹੈਮਬਰਗ,ಹ್ಯಾಂಬರ್ಗ್,ฮัมบูร์ก,ჰამბურგი,ሃምበርግ,ハンブルク,汉堡,汉堡市,漢堡,함부르크",53.55073,9.99302,P,PPLA,DE,,04,00,02000,02000000,1973896,,9,Europe/Berlin,2026-05-06,Germany,EU,Europe,10,18,12,21,1586,10.5536,9.130777,16.53021,16.506048,11.310415,7.3295703,12.028473,9.211559,9.023789,7.6063886,7.6333327,10.542638,10.345028,0.19846678
2925533,Frankfurt am Main,Frankfurt am Main,"FFM,FRA,Francfort,Francfort - Frankfurt am Main,Francfort d'o Meno,Francfort del Meno,Francfort sul Main,Francfort-sur-le-Main,Francfòrt sul Main,Franckfurt,Francoforte,Francoforte sul Meno,Francofurtum ad Moenum,Francuforti supro Menu,Francuforti suprô Menu,Frankfet,Frankford-on-Main,Frankfort,Frankfort an'n Main,Frankfort an’n Main,Frankfort on the Main,Frankfurt,Frankfurt am Main,Frankfurt del Main,Frankfurt na Majn,Frankfurt na Majni,Frankfurt nad Menem,Frankfurt nad Mohanem,Frankfurt nad Mohanom,Frankfurt-na-Majne,Frankfurt/Main,Frankfurtas prie Maino,Frankfurte pie Mainas,Frankfurto ce Majno,Frankfurto ĉe Majno,Fráncfort,Fráncfort d'o Meno,Fráncfort del Meno,Phran'kphourte,fa lan ke fu,frankfwrt,peulangkeupuleuteu,phryankapharta,prnqpwrt,Φρανκφούρτη,Франкфурт,Франкфурт на Майн,Франкфурт на Мајни,Франкфурт-на-Майне,פרנקפורט,فرانكفورت,فرانکفورت,ফ্র্যাংকফার্ট,แฟรงค์เฟิร์ต,ფრანკფურტ-ამ-მაინი,フランクフルト・アム・マイン,法兰克福,法蘭克福,프랑크푸르트",50.11552,8.68417,P,PPLA3,DE,,05,064,06412,06412000,650000,,113,Europe/Berlin,2026-04-16,Germany,EU,Europe,8,13,18,27,1462,12.55444,11.721505,17.4939,19.634008,11.287083,7.597043,11.658611,10.916935,9.813441,9.879028,11.562904,15.366113,14.135217,0.18857114
2928810,Essen,Essen,"Asnithi,Assindia,ESS,Ehsehn,Ehssen,Esen,Esenas,Esene,Eseno,Esse,Essen,ai sen,aisana,asn,aysn,aysyn,ecan,esen,esena,eseni,essen,xes sein,Ésén,Έσσεν,Есен,Ессен,Эссен,Эсэн,Էսսեն,אסן,أسن,إسن,إيسن,اسن,ايسن,ایسن,ایسین,एसेन,এসেন,ਐੱਸਨ,எசன்,เอสเซิน,ესენი,エッセン,埃森,에센",51.45657,7.01228,P,PPLA3,DE,,07,051,05113,05113000,593085,,83,Europe/Berlin,2021-07-25,Germany,EU,Europe,14,15,32,36,1523,12.640698,14.061154,16.568455,18.739918,13.5125,9.341936,13.584445,12.056722,11.628762,9.498333,9.443279,11.881945,11.683736,0.22400224
2934246,Düsseldorf,Duesseldorf,"DUS,Diseldorf,Diseldorfa,Disseldorf,Diuseldorfas,Djuseldorf,Djussel'dorf,Duesseldoerp,Duesseldorf,Duessldorf,Duseldorfo,Dusseldoerp,Dusseldorf,Dusseldorpium,Dusseldörp,Dyuseldorf,Dyzeldorfi,Dzjusel'dorf,Düsseldorf,Düsseldörp,Düssldorf,Ntiselntorph,Ntysselntorf,dasaladorapha,daseladorfa,deyusserudorufu,diao su duo er fu,diuseldorpi,du sai er duo fu,dus se ld xrf,duseladarapha,dwiseldoleupeu,dwsldwrf,dysldwrp,dyuseladorpha,tiyucaltorhpu,Ντίσελντορφ,Ντύσσελντορφ,Дзюсельдорф,Диселдорф,Дюселдорф,Дюссельдорф,Дүсселдорф,Դյուսելդորֆ,דיסלדורף,دوسلدورف,دوسلدۆرف,ڈسلڈورف,ډsldwrf,ډسلدورف,डसेलडॉर्फ़,ड्युसेलडॉर्फ,ডুসেলডরফ,ਡਸਲਡੋਰਫ,தியூசல்டோர்ஃபு,ഡൂസൽഡോർഫ്,ดึสเซลดอร์ฟ,ဒပ်ဆဲလ်ဒေါ့ဖ်မြို့,დიუსელდორფი,ዲውስልዶርፍ,デュッセルドルフ,杜塞尔多夫,調素多爾夫,뒤셀도르프",51.22319,6.77927,P,PPLA,DE,,07,051,05111,05111000,618685,,42,Europe/Berlin,2026-05-06,Germany,EU,Europe,11,14,35,41,1507,14.075199,15.112364,18.098364,21.621235,15.625971,10.436695,13.650277,13.432931,12.627957,10.5925,11.3634405,12.817918,13.795563,0.19464535
2934691,Duisburg,Duisburg,"DUI,Disburga,Duisboerj,Duisborg,Duisbourg,Duisburch,Duisburg,Duisburg and Hamborn,Duisburg-Hamborn,Duisburgas,Duisburgo,Duisbörj,Duizburg,Dujsburg,Duusboerg,Duusbörg,Duysburg,Dīsburga,Ntouismpournk,Thuiscoburgum,deyusuburuku,du sburk,du yi si bao,du'isaburga,duisburgi,dwiseubuleukeu,dwysbwrg,dwysbwrgh,dysbwrg,Ντούισμπουργκ,Дуизбург,Дуйсбург,Дујсбург,Դույսբուրգ,דיסבורג,دويسبورغ,دویسبورگ,ڈوئسبرگ,ڈیسبورگ,डुइसबुर्ग,ดืสบูร์ก,დუისბურგი,ዱይስቡርግ፣ ጀርመን,デュースブルク,杜伊斯堡,뒤스부르크",51.43247,6.76516,P,PPLA3,DE,,07,051,05112,05112000,504358,,38,Europe/Berlin,2019-09-05,Germany,EU,Europe,16,17,34,39,1522,13.025297,14.687498,17.64896,19.697042,14.354584,9.549999,13.219026,12.416398,11.896772,9.8051405,9.407796,12.004167,11.975941,0.21005392
2935022,Dresden,Dresden,"DRS,Drazdany,Drazgany,Drehzdehn,Dresda,Dresde,Dresden,Dresdenas,Dresdeno,Dresdn,Drezda,Drezden,Drezdene,Drezno,Drjezdzany,Drježdźany,Drážďany,Drèsda,Drézdén,Drēzdene,de lei si dun,de rs dein,deuleseuden,diresideni,doresuden,dresadana,dresadena,dresdena,drezdeni,drsdn,drysdn,drzdn,drێsdn,Δρέσδη,Дрезден,Дрэздэн,Դրեզդեն,דרזדן,דרעזדן,درسدن,دريسدن,دریسدن,درێسدن,ڈrysڈn,ڈریسڈن,ډrysډn,ډریسډن,ڊrysڊn,ڊريسڊن,ड्रेसडन,ड्रेस्डेन,ড্রেসডেন,ਡ੍ਰੇਸਡਨ,เดรสเดิน,დრეზდენი,ድሬስደን,ドレスデン,德累斯顿,드레스덴",51.05089,13.73832,P,PPLA,DE,,13,00,14612,14612000,564904,,116,Europe/Berlin,2026-05-06,Germany,EU,Europe,4,4,10,11,1510,10.090795,6.922849,17.165625,17.250805,10.178472,7.2978487,9.523193,9.515455,8.10793,7.3079157,8.134946,10.639165,9.642472,0.17280208
2935517,Dortmund,Dortmund,"DTM,Dortmund,Dortmundas,Dortmunde,Dortmundi,Dortmundo,Dueoerpm,Düörpm,Ntortmount,Throtmenni,Tremonia,d xr thmund,doleuteumunteu,dortamunda,dorutomunto,duo te meng de,dwrtmwnd,Ντόρτμουντ,Дортмунд,דורטמונד,دورتموند,دۆرتمۆند,ڈارٹمنڈ,डॉर्टमुंड,ดอร์ทมุนด์,დორტმუნდი,ドルトムント,多特蒙德,도르트문트",51.51494,7.466,P,PPLA3,DE,,07,059,05913,05913000,588462,,96,Europe/Berlin,2021-07-25,Germany,EU,Europe,7,8,22,24,1524,12.2681,13.35766,15.768006,18.138575,13.054998,8.991129,13.265554,11.421775,11.357124,9.387083,9.524327,11.782778,11.455914,0.1988673
2944388,Bremen,Bremen,"BRE,Brehmehn,Brehmen,Brema,Breme,Bremen,Bremen hiria,Bremenas,Bremene,Bremeni,Bremeno,Bremy,Brèma,Bréma,Brémy,Brémén,Brême,Brēmene,Brėmenas,Byen Bremen,ber mein,beulemen,biremeni,bremana,bremena,bremeni,brmn,brymn,bu lai mei,buremen,mdynt brymn,Βρέμη,Бремен,Брэмен,Брэмэн,Բրեմեն,ברמן,برمن,بريمن,بریمن,مدينة بريمن,ब्रेमन,ब्रेमेन,ব্রেমেন,ਬ੍ਰੇਮਨ,เบรเมิน,ဘရီမန်မြို့,ბრემენი,ብሬመን,ブレーメン,不来梅,브레멘,𐌱𐍂𐌴𐌼𐌴𐌽",53.07582,8.80717,P,PPLA,DE,,03,00,04011,04011000,546501,,17,Europe/Berlin,2026-04-13,Germany,EU,Europe,3,3,4,6,1571,9.629862,8.229301,14.518006,13.991535,10.699168,7.1645164,11.8637495,8.782528,8.150671,6.8081956,6.828227,9.872361,9.146506,0.21883301
2950159,Berlin,Berlin,"BER,Beirlin,Beirlín,Belin,Berleno,Berlien,Berliin,Berliini,Berlijn,Berlim,Berlin,Berline,Berlini,Berlino,Berlyn,Berlynas,Berlëno,Berlín,Berlîn,Berlīne,Berolino,Berolinum,Birlinu,Bèrlîn,Estat de Berlin,Estat de Berlín,Perlin,bai lin,barlina,beleullin,berlini,berurin,bexrlin,brlyn,perlin,Βερολίνο,Берлин,Берлін,Бэрлін,Բեռլին,Պերլին,בערלין,ברלין,برلين,برلین,بېرلىن,ܒܪܠܝܢ,बर्लिन,বার্লিন,பெர்லின்,เบอร์ลิน,ბერლინი,ベルリン,柏林,베를린",52.52437,13.41053,P,PPLC,DE,,16,00,11000,11000000,3426354,74,43,Europe/Berlin,2025-07-22,Germany,EU,Europe,17,21,25,29,1551,12.557621,11.136962,21.245089,21.30161,11.506945,8.901612,12.383749,10.962902,10.618279,8.473612,9.419623,13.279027,12.154704,0.2211964
223817,Djibouti,Djibouti,"Byen Djibouti,Cibuti,Dinas Jibwti,Diobuiti,Diobúití,Djiboeti,Djibouti,Djibouti Chhi,Djibouti Chhī,Djibuti,Dschibuti,Dzhibuti,Dzhybuci,Dzibuti,Dzibutis,Dzjibuty,Dzjibûty,Dzsibuti,Dżibuti,Džibuti,Džibutis,Džíbútí,Gibuti,Gibuto,Gibutum,Ilu Djibouti,JIB,Jabuuti,Jiboti,Jibouti,Jibuti,Lungsod ng Djibouti,Mbanza ya Djibuti,Sita Jibouti,Syudad han Djibouti,Tzimpouti,Xibuti,Xibutí,Yibuti,Zhibuti shaary,ci buti,ciputti,dzsybwty,gybwty,jbwty,jbwty ʿlaqہ,ji bu de shi,ji bu ti cheng,jibuchi shi,jibuti,jybwty,jybwwty,Ìlú Djibouti,Ĝibuto,Τζιμπουτί,Џибути,Джибути,Джибуті,Джыбуці,Жибути шаары,Ҷибути,Ջիբութի,גיבוטי,דזשיבוטי,جبوتی,جبوتی علاقہ,جيبوتي,جیبوتی,جیبووتی,जिबूती,জিবুতি,ਜਿਬੂਤੀ,சீபூத்தீ,จิบูตี,ཇི་བའོ་ཊི།,ჯიბუტი,ジブチ市,吉布地市,吉布提城,지부티",11.58901,43.14503,P,PPLC,DJ,,07,,,,626512,,6,Africa/Djibouti,2023-11-29,Djibouti,AF,Sub-Saharan Africa,0,0,0,0,309,17.514524,19.874733,20.815628,21.227552,12.32611,15.435484,13.150695,18.237768,19.858332,20.757225,14.95578,17.464722,16.184546,0.3892261
7648070,Balbala,Balbala,"Balbala,balbala,barubara,blbala,Балбала,بالبالا,بلبالا,バルバラ",11.56194,43.10666,P,PPL,DJ,,07,,,,554350,,56,Africa/Djibouti,2026-09-14,Djibouti,AF,Sub-Saharan Africa,0,0,0,0,309,17.514524,19.874733,20.815628,21.227552,12.32611,15.435484,13.150695,18.237768,19.858332,20.757225,14.95578,17.464722,16.184546,0.3892261
2618425,Copenhagen,Copenhagen,"CPH,Cobanhavan,Copenaga,Copenaghen,Copenaguen,Copenhaga,Copenhagen,Copenhague,Copenhaguen,Cóbanhávan,Hafnia,Kapehngagen,Kaupmannahoefn,Kaupmannahöfn,Keypmannahavn,Kjobenhavn,Kjopenhamn,Kjøpenhamn,Kobenhamman,Kobenhaven,Kobenhavn,Kodan,Kodaň,Koebenhavn,Koeoepenhamina,Koepenhamn,Kopenage,Kopenchage,Kopengagen,Kopenhaagen,Kopenhag,Kopenhaga,Kopenhage,Kopenhagen,Kopenhagena,Kopenhago,Kopenhāgena,Kopenkhagen,Koppenhaga,Koppenhága,Kòpenhaga,Köbenhavn,Köpenhamn,Kööpenhamina,København,Københámman,ge ben ha gen,khopenheken,kopanahagana,kopenahagena,kopenahegena,kopenhagen,kwbnhaghn,kwpnhgn,qwpnhgn,Κοπεγχάγη,Капэнгаген,Копенгаген,Копенхаген,Կոպենհագեն,קופנהאגן,קופנהגן,كوبنهاغن,كوپېنھاگېن,ܟܘܦܢܗܓܢ,कोपनहागन,কোপেনহাগেন,কোপেনহেগেন,โคเปนเฮเกน,ཀའོ་པེན་ཧ་ཀེན,კოპენჰაგენი,ኮፐንሀገን,ኮፕንሀግ,コペンハーゲン,哥本哈根,코펜하겐",55.67594,12.56553,P,PPLC,DK,,17,101,,,1153615,,14,Europe/Copenhagen,2024-09-05,Denmark,EU,Europe,1,4,6,11,1616,8.71137,6.9009404,11.652084,12.4293,14.086389,6.6727157,8.308473,9.758735,8.00914,6.830694,5.0247316,7.5691676,7.6415324,0.1850818
3492908,Santo Domingo,Santo Domingo,"Ciudad Trujillo,SDQ,Saint Domingue,Santa-Daminga,Santo Domingo,Santo Domingo City,Santo Domingo de Guzman,Santo Domingo de Guzmán,Santo Ntomin'nko,Santo-Domingo,Santo-Dominqo,santodoming-go,sheng duo ming ge,sntw dwmyngw,Σάντο Ντομίνγκο,Санта-Дамінга,Санто Доминго,Санто-Доминго,Санто-Домінго,סנטו דומינגו,聖多明哥,산토도밍고",18.47186,-69.89232,P,PPLC,DO,,34,0101,010101,01010101,2201941,,24,America/Santo_Domingo,2025-03-09,Dominican Republic,NA,North/Central America,0,0,0,0,412,10.68897,8.033065,8.461309,11.549463,8.369999,10.316801,16.074446,14.364249,12.260215,10.673749,10.451076,8.516388,9.009677,0.22145407
3492914,Santiago de los Caballeros,Santiago de los Caballeros,"STI,Sant'jago-de-los-Kabal'eros,Sant'jago-de-los-Trejnta-Kabal'eros,Santiago,Santiago de los Caballeros,Santiago de los Kampagieros,Santjago de los Kabaljerosas,sainti'ago de losa kaibalerosa,saintiyago de losa kaibelerosa,sanitiyago de losi kabalerosi,santiagodeloseukabayeloseu,santiyago de lasa kabalerosa,santyaghw dy lws kabalyyrws,santyagw dls kabalyrws,santyaګw dy lws kabalyrws,sheng de ya ge,Σαντιάγο δε λος Καμπαγιέρος,Сантьяго-де-лос-Кабальерос,Сантьяго-де-лос-Трейнта-Кабальерос,Сантьяго-де-лос-Трейнта-Кабальєрос,סנטיאגו דה לוס קביירוס,سانتياغو دي لوس كابالييروس,سانتیاغو دے لوس کابائیروس,سانتیاګو دی لوس کابالیروس,سانتیاگو دلس کابالیروس,सैंटियागो डे लॉस कैबेलेरोस,সান্টিয়াগো ডে লস কাবালেরোস,ਸੈਂਟੀਆਗੋ ਦੇ ਲੋਸ ਕੈਬਾਲੇਰੋਸ,ሳንቲያጎ ዴ ሎስ ካባሌሮስ,サンティアゴ・デ・ロス・カバリェロス,聖地牙哥,산티아고데로스카바예로스",19.45036,-70.69085,P,PPLA,DO,,25,2501,250101,25010101,1200000,,209,America/Santo_Domingo,2026-04-13,Dominican Republic,NA,North/Central America,0,0,0,0,439,9.101335,8.302956,7.208037,9.792339,8.575138,8.307259,11.806525,9.91707,9.4048395,10.800556,9.674461,7.4251385,7.889516,0.1974471
7874116,Santo Domingo Oeste,Santo Domingo Oeste,"Santo Domingo Oeste,Санто Доминго Оесте",18.5,-70.0,P,PPL,DO,,37,3202,320201,32020101,701269,,58,America/Santo_Domingo,2026-09-14,Dominican Republic,NA,North/Central America,0,0,0,0,412,10.68897,8.033065,8.461309,11.549463,8.369999,10.316801,16.074446,14.364249,12.260215,10.673749,10.451076,8.516388,9.009677,0.2515304
8601412,Santo Domingo Este,Santo Domingo Este,"Santo Domingo Este,Santo-Domingo-Ehste,Santo-Domingo-Este,sanito dominigo ʿisite,santo domingo esate,santo domingo este,santodomingoesute,santw dwmynghw ayste,santw dwmyngw asth,santw dwmynګw asth,santw ڈwmngw aysٹے,Санто-Доминго-Есте,Санто-Доминго-Эсте,سانتو دومينغو إيسте,سانتو دومینګو استه,سانتو دومینگو استه,سانتو ڈومنگو ایسٹے,सांतो डोमिंगो एस्ते,সান্তো ডোমিঙ্গো এস্তে,ਸਾਂਤੋ ਡੋਮਿਂਗੋ ਏਸਟੇ,ሳንቶ ዶሚንጎ ኢስቴ,サントドミンゴエステ",18.48511,-69.84757,P,PPLA,DO,,37,3201,320101,32010101,700000,,41,America/Santo_Domingo,2026-04-13,Dominican Republic,NA,North/Central America,0,0,0,0,412,10.68897,8.033065,8.461309,11.549463,8.369999,10.316801,16.074446,14.364249,12.260215,10.673749,10.451076,8.516388,9.009677,0.22145407
2485926,Oran,Oran,"Aran,ORN,Ora,Oran,Orana,Oranas,Orano,Orà,Orán,Orã,Orāna,Ouahran,Wahran,Wahrān,Waradinne,Wehran,olang,oran,orana,orani,vahirana,wa he lan,whran,whran  aljzayr,wlayt whran,xx ran,ʿorani,Οράν,Аран,Оран,Оран қаласы,אוראן,ولاية وهران,وهران,وهران، الجزایر,وہران,وەھران,ओरान,ওরান,ਵਹਿਰਾਨ,ออราน,ორანი,ኦራን,オラン,瓦赫蘭,오랑",35.69906,-0.63588,P,PPLA,DZ,,09,,,,803329,,118,Africa/Algiers,2026-04-13,Algeria,AF,MENA,0,0,0,0,913,11.489444,10.083065,12.722766,9.813574,11.556248,10.900943,15.108057,11.944623,15.647041,11.985694,12.016265,8.023194,8.214247,0.174995
2507480,Algiers,Algiers,"ALG,Al Jazair,Al-jezair,Alcher,Alge,Algeirsborg,Alger,Algeri,Algero,Algier,Algiers,Algir,Alg·èr,Algê,Algír,Alje,Aljer,Aljir,Alse,Alxer,Alzer,Alzhir,Alzhir khot,Alzhir shaary,Alzhyr,Alziir,Alzir,Alzira,Alzirs,Alzyras,Alĝero,Alžiir,Alžir,Alžyras,Alžír,Alžěr,Alžīra,Alžīrs,Argel,Argier,Argièr,Arhel,Arjel,Arxel,Caesair,Cathair na hAilgeire,Cathair na hAilgéire,Cezayir,Cäsair,Icosium,Jazoir,Zzayer,a er ji er,ala-jaza'ira,alajiyarsa,alje,alji'ersa,aljiyars,aljiyarsa,aljyrz,aljzayr,aljzayr (mdynt),aljzayr alʿasmt,aljzyrh,alzhiri,aruje,jەzayyr,mdynt aljzayr,yaljyr,Əlcəzair,ʼlgyr,Αλγέρι,Алжир,Алжир хот,Алжир шаары,Алжыр,Алҷазоир,Ալժիր,אלגיר,אלזשירס,ئالجىر,الجزائر,الجزائر (مدينة),الجزائر العاصمة,الجزائر شہر,الجزيره,الجزیره,الجیرز,جەزائیر,مدينة الجزائر,ܓܙܐܐܪ,अल्जीएर्स,अल्जीयर्स,আলজিয়ার্স,ਅਲ-ਜਜ਼ਾਇਰ,அல்ஜியர்ஸ்,അൾജിയേഴ്സ്,แอลเจียร์,ཨཱལ་ཇི་ཡར་སི།,အယ်လဂျီးယားမြို့,ალჟირი,አልጀርስ,アルジェ,阿爾及爾,알제",36.73225,3.08746,P,PPLC,DZ,,01,,,,2364230,,113,Africa/Algiers,2024-08-05,Algeria,AF,MENA,1,1,1,1,973,13.220607,9.836963,12.944641,15.870429,13.633332,13.406719,18.084997,13.174058,16.855242,14.9279175,11.17043,8.984167,9.820293,0.13156718
3652462,Quito,Quito,"Kita,Kitas,Kito,Kitu,Kuito,Quito,Quitu,Quitum,San Francisco de Quito,UIO,ji duo,ki to,kito,kitto,kvirrea,kvito,kwytw,kytw,qytw,Κίτο,Кито,Кіта,Кіто,Կիտո,קיטא,קיטו,كىتو,كيتو,کوئتو,کیتو,کیٹو,क्वितो,क्वीटो,ਕੀਤੋ,கித்தோ,ക്വിറ്റോ,กีโต,ཁེ་ཐོ།,კიტო,ኪቶ,キト,基多,키토",-0.22985,-78.52495,P,PPLC,EC,,18,1701,170150,,2781641,,2854,America/Guayaquil,2025-12-15,Ecuador,SA,South America,0,2,0,2,191,7.5851917,10.861962,8.47753,7.0150547,7.2691665,6.137768,6.0598617,4.210215,5.5278225,6.201389,8.5186825,9.110972,11.663443,0.28420493
3657509,Guayaquil,Guayaquil,"GYE,Gouagiakil,Guaiaquil,Guaiaquilum,Guajakil,Guajakil',Guayaquil,Gvajakil,Gvajakila,Gvajakilis,Gvajakilo,Santiago de Guayaquil,Wayakil,ghwayakyl,gu'a'i'akila,gua ya ji er,guayakiru,gvayakila,gwayakil,gwayakl,gwayakwyl,gwayakywl,kwa yaki l,Γουαγιακίλ,Гвајакил,Гуаякил,Гуаякиль,Гуаякіль,Ґуаякіль,גואיאקיל,غواياكيل,گوآیاکوئل,گوایاکل,گوایاکیول,ग्वायाकिल,ਗੁਆਇਆਕੀਲ,กวายากิล,გუაიაკილი,グアヤキル,瓜亞基爾,과야킬",-2.19616,-79.88621,P,PPLA,EC,,10,0901,090150,,2723665,,14,America/Guayaquil,2024-11-09,Ecuador,SA,South America,0,1,0,1,182,9.451235,10.068011,6.7419634,7.291936,9.296389,9.897984,10.056528,9.19086,9.622983,9.800833,9.647581,9.755,11.818146,0.53102726
3658666,Cuenca,Cuenca,"CUE,Cuenca,Kuehnka,Kuehnka shaary,Kuehnkae,Kuenka,Kvenka,Santa Ana de los cuatro rios de Cuenca,Santa Ana de los cuatro ríos de Cuenca,Tumipampa,ke wng ka,kuengka,kuenka,kun ka,kwanka,kwynka,Квенка,Куенка,Куэнкæ,Куэнка,Куэнка шаары,Կուենկա,קואנקה,کوئنکا,کوئنکا، ایکواڈور,کوانکا,เกวงกา,კუენკა,クエンカ,昆卡,쿠엥카",-2.8953,-78.9963,P,PPLA,EC,,02,0101,010150,,636996,,2484,America/Guayaquil,2025-07-07,Ecuador,SA,South America,0,0,0,0,177,7.024006,7.777957,6.705952,7.154838,8.151528,7.805106,7.073055,5.0872316,6.0754037,6.228889,6.3490596,6.4661107,9.376477,0.28970602
347497,Tanta,Tanta,"Tanda,Tanta,Tantā,tnta,tnth,Ţanţā,Танта,טנטא,טנטה,طنطا,Ṭanṭa,Ṭanṭā",30.78847,31.00192,P,PPLA,EG,,05,,,,576648,,18,Africa/Cairo,2023-11-29,Egypt,AF,MENA,0,0,0,0,716,18.491562,27.513847,15.736461,18.255781,16.23264,15.217338,16.388056,19.974998,17.042068,15.217917,14.754974,25.270695,19.999731,0.2257453
349076,Shubrā al Khaymah,Shubra al Khaymah,"Shubra al Khaymah,Shubra al-Khayma,Shubra el-Kheima,Shubra-Ehl'-Khejma,Shubrā al Khaymah,shbra alkhymt,Шубра-Эль-Хейма,شبرا الخيمة",30.12511,31.25053,P,PPLA2,EG,,12,,,,1240289,,26,Africa/Cairo,2026-09-14,Egypt,AF,MENA,1,1,1,1,686,22.516901,29.560888,20.11265,25.306454,21.285831,19.021236,20.467081,22.196507,18.656048,17.536665,18.59852,32.800144,24.493282,0.24149938
353225,Madīnat an Naşr,Madinat an Nasr,"El Nasr City,Madinat an Nasr,Madinat-Nasr,Madinet el-Nasr,Madinet el-Naṣr,Madīnat an Naşr,Nasr City,Nasser City,Мадинат-Наср",30.06667,31.3,P,PPLX,EG,,11,,,,668413,,47,Africa/Cairo,2026-09-14,Egypt,AF,MENA,1,1,1,1,686,22.516901,29.560888,20.11265,25.306454,21.285831,19.021236,20.467081,22.196507,18.656048,17.536665,18.59852,32.800144,24.493282,0.24149938
358619,Port Said,Port Said,"Bor Sa`id,Bor Sayit,Bor Sa‘īd,Bur Sa`id,Bursaid,Būr Sa‘īd,Madinat Bur Sa`id,Madinet Port Said,Madînat Būr Sa‘īd,Madînet Port Said,PORTSAINT,PSD,Port Said,Port Saidas,Port Saíd,Port-Said,Port-Saïd,Porto Said,Puerto Said,Puerto Saíd,sai de gang,ΠΟΡΤΣΑΪΝΤ,Порт-Саид,Բոր Սայիտ,Պորտ Սաիդ,פורט סעיד,بور سعيد,بورسعيد,塞德港",31.26531,32.3019,P,PPLA,EG,,19,,,,780515,,16,Africa/Cairo,2026-02-23,Egypt,AF,MENA,0,0,0,0,735,12.195913,14.509944,9.35759,14.349596,11.828334,11.672715,13.52528,12.173117,10.938441,10.857637,8.497043,16.637499,11.860216,0.18567699
359783,Assiut,Assiut,"ATZ,As'jut,Assiout,Assiut,Assuit,Asyout,Asyut,Asyūţ,Licopolis,Likupulis,Lycopolis,Līkūpūlīs,Siut,asywt,Асьют,أسيوط",27.18096,31.18368,P,PPLA,EG,,17,,,,528669,,56,Africa/Cairo,2024-07-08,Egypt,AF,MENA,0,0,0,0,620,69.725716,59.31963,74.73615,54.555912,74.632645,85.56882,94.11055,56.19489,87.63373,73.96778,81.96908,53.6732,41.39476,0.2714605
359796,Suez,Suez,"Al Qulzum,As Suways,Clysma,El Seweis,El Suweis,El-Qulzum,Es Suweis,Klysma,Souez,Suais,Suec,Suecas,Suehc,Suehckij,Sues,Suesia,Suess,Sueveys,Suez,Suezi,Suezo,Suvajs,Suèz,Suës,Szuez,Súes,Süveyş,alswys,su yi shi,su'ejha,suejeu,suetsi,suezu,swys,swyyz,swyz,Σουέζ,Сувайс,Суец,Суэц,Суэцкий,Սուեզ,סואץ,السويس,سوئز,سوئیز,سويس,सुएझ,სუეცი,スエズ,苏伊士,蘇伊士,수에즈",29.97371,32.52627,P,PPLA,EG,,15,,,,699541,,11,Africa/Cairo,2022-04-18,Egypt,AF,MENA,0,0,0,0,687,13.7816925,14.902015,13.652381,15.13696,15.258058,13.78871,13.741807,14.157257,11.650539,11.09875,9.1856165,18.882084,14.038035,0.35801458
360630,Cairo,Cairo,"Al Qahirah,Al Qāhirah,CAI,Caire,Cairo,Cairu,Cairus,Caïro,El Caire,El Cairo,El Kahira,El Kahirah,El-Qahira,El-Qâhira,Gahire,Il Cairo,Kaherah,Kahira,Kahirae,Kahire,Kahirä,Kair,Kaira,Kairas,Kairo,Kairó,Kajro,Kayro,Kaíró,Kaïro,Káhira,Le Caire,Lo Cayiro,Lungsod ng Cairo,Masr,Misr,O Cairo,Qahirə,alqahrt,kai luo,kailo,kairo,kayaro,keyro,khiro,qahrh,qhyr,Ël Cairo,Ël Càiro,Κάιρο,Каир,Каиро,Кайро,Каїр,Գահիրէ,Կահիրե,קהיר,القاهرة,قاهره,قاھىرە,قاہرہ,কায়রো,கெய்ரோ,ไคโร,ཁ་ཡི་རོ,ქაირო,ካይሮ,カイロ,开罗,開羅,카이로",30.06263,31.24967,P,PPLC,EG,,11,,,,9606916,,23,Africa/Cairo,2026-08-29,Egypt,AF,MENA,1,1,1,1,686,22.516901,29.560888,20.11265,25.306454,21.285831,19.021236,20.467081,22.196507,18.656048,17.536665,18.59852,32.800144,24.493282,0.21274805
360761,Al Mansurah,Al Mansurah,"Al Mansurah,Al Manşūrah,Al-Mansura,Al-Mansurah,Al-Manṣūrah,Ehl'-Mansura,El Mansura,El-Mansura,El-Manṣûra,El-Masura,El-Masûra,Manoura,Mansoura,Mansourah,Mansura,Mansurah,Mansûra,almnswrt,mnswrh,mnswrt,Эль-Мансура,المنصورة,منصورة,منصوره",31.03637,31.38069,P,PPLA,EG,,01,,,,621953,,15,Africa/Cairo,2026-09-14,Egypt,AF,MENA,0,0,0,0,734,16.982677,27.163036,15.374852,18.156725,15.338192,14.221638,14.316805,16.343819,14.529436,13.232223,14.053764,22.263054,18.55336,0.20276254
360829,Al Maḩallah al Kubrá,Al Mahallah al Kubra,"Al Mahallah al Kubra,Al Maḩallah al Kubrá,Al-Mahallah al-Kubra',Al-Maḥallah al-Kubra’,Ehl'-Makhalla-ehl'-Kubra,El Mahalla,El Mahalla el Kubra,El Mehalla el Kubra,El-Mahalla el-Kubra,El-Maḥalla el-Kubra,Mahalla el Kubra,Mehalla el Kobra,almhlt alkbry,Эль-Махалла-эль-Кубра,المحلة الكبرى",30.97063,31.1669,P,PPL,EG,,05,,,,592573,,17,Africa/Cairo,2026-09-14,Egypt,AF,MENA,0,0,0,0,716,18.491562,27.513847,15.736461,18.255781,16.23264,15.217338,16.388056,19.974998,17.042068,15.217917,14.754974,25.270695,19.999731,0.2257453
360995,Giza,Giza,"Al Jizah,Al Jīzah,El Gizeh,El-Giza,El-Gîza,Ghizeh,Giza,Gizah,Gize,Gizeh,Gizo,Gizé,Guiza,Gíza,Gîza,SPX,aljyzt,giza,jyzh,Гиза,الجيزة,جیزه,ギーザ",30.00944,31.20861,P,PPLA,EG,,08,,,,4367343,,19,Africa/Cairo,2024-04-01,Egypt,AF,MENA,1,1,1,1,686,22.516901,29.560888,20.11265,25.306454,21.285831,19.021236,20.467081,22.196507,18.656048,17.536665,18.59852,32.800144,24.493282,0.21274805
361058,Alexandria,Alexandria,"ALY,Agekʻsandria,Agekʻsantria,Al Iskandariyah,Al Iskandarīyah,Alegsandiri,Alegsàndiri,Alehandriya,Aleixandria,Aleixandría,Alejandria,Alejandría,Aleksandria,Aleksandrii,Aleksandrij,Aleksandrija,Aleksandrio,Aleksandriya,Aleksandrje,Aleksandryja,Aleksandryjo,Alesandria dEgito,Alessandria,Alessandria d'Egitto,Alessandria dEggittu,Alessandria e Naggitto,Alexandreia,Alexandria,Alexandria Magna,Alexandrie,Alexandrië,Alexandría,Alexàndria,Ałesandria dEgito,Cathair Alastair,El Iskandariya,El Iskandarīya,Iskandariah,Iskandariya,Iskandariyah,Iskandri,Iskenderiye,Iskindiriya,Iskindirîya,Lisandria dEgittu,Lisàndria dEgittu,Ol'oksandrija,Taskendrit,alaksantriya,alaskndryt,alegjandriya,alekajandriya,alekcantiriya,alekjhandriya,aleksandria,aleksandriya,allegsandeulia,arekusandoria,askndryh,elekjhandriya,sikadari'a,sikandariya,xa lek san de riy,ya li shan da gang,ya li shan zhuo,yەskەndەryە,İsgəndəriyyə,İskenderiye,Αλεξάνδρεια,Александрий,Александрия,Александрија,Александрыя,Александрія,Искандри,Искәндәриә,Ӧльӧксандрия,Ալեքսանդրիա,Աղեքսանդրիա,Աղեքսանտրիա,אלכסנדריה,אלעקסאנדריע,ئەسکەندەریە,اسكندريه,اسکندریه,اسکندریہ,الإسكندرية,ܐܠܟܣܢܕܪܝܐ,अलेक्झांड्रिया,सिकन्दरिया,আলেকজান্দ্রিয়া,আলেক্সান্ড্রিয়া,ਸਿਕੰਦਰੀਆ,એલેક્ઝાન્ડ્રિયા,அலெக்சாந்திரியா,అలెగ్జాండ్రియా,ಅಲೆಕ್ಸಾಂಡ್ರಿಯ,അലക്സാണ്ട്രിയ,อะเล็กซานเดรีย,ཡ་ལི་ཧྲན་ད,အလက်ဇန္ဒရီးယားမြို့,ალექსანდრია,እስክንድርያ,アレクサンドリア,亚历山大港,亞歷山卓,亞歷山大港,알렉산드리아",31.20176,29.91582,P,PPLA,EG,,06,,,,5263542,,9,Africa/Cairo,2026-02-23,Egypt,AF,MENA,0,0,0,0,733,15.348424,19.291128,11.960268,18.19879,15.017637,16.024733,15.093194,14.319353,14.640593,12.369862,12.922042,18.456806,15.5440855,0.25754997
361320,Al Fayyum,Al Fayyum,"Al Fayyum,Al Fayyūm,Al'-Fajum,Al-Fayyum,Arsinoe,Arsinoë,Crocodilopolis,El Faiyum,El Faiyûm,El-Fayum,Faijum,Faium,Fajum,Fayoom,Fayoum,Fayum,Fayun,Fayyoum,Fayyum,Fayún,Krokodeilon Polis,Krokodeilopolis,Madinat al-Fayyum,Madinet el Faiyum,Madīnet el Faiyūm,Medinat Fayum,Medinat el-Fayoum,Médinat el-Fayoum,Shedit,alfywm,astan fywm,mhafzt alfywm,Κροκοδείλων Πόλις,Κροκοδειλόπολις,Аль-Фаюм,استان فیوم,الفيوم,محافظة الفيوم",29.30995,30.8418,P,PPLA,EG,,04,,,,519047,,29,Africa/Cairo,2023-11-29,Egypt,AF,MENA,0,0,0,0,665,28.088655,26.802423,24.1561,28.144491,34.30958,30.934408,32.630142,26.883736,28.564518,24.34042,25.930506,31.54028,22.784277,0.22674984
343300,Asmara,Asmara,"ASM,Asmar,Asmara,Asmaro,Asmehra,Asmera,Aszmara,a si ma la,asamara,aseumala,asmara,asmera,asmrh,asmrt,asumara,yەsmەrە,Əsməra,Ασμάρα,Асмара,Асмэра,Асмєра,Ասմարա,אסמרה,أسمرة,ئەسمەرە,اسمارا,اسمره,अस्मारा,ਅਸਮਾਰਾ,அஸ்மாரா,അസ്മാറ,แอสมารา,ཨཱ་སི་མི་ར།,ასმერა,አስመራ,ኣስመራ,アスマラ,阿斯馬拉,아스마라",15.33805,38.93184,P,PPLC,ER,,05,206,,,563930,,2334,Africa/Asmara,2021-03-10,Eritrea,AF,Sub-Saharan Africa,0,0,0,0,372,12.21225,8.10121,10.275892,11.76519,12.624305,14.679435,10.812501,11.289785,10.661291,14.289306,17.912905,14.63375,9.427285,0.23749347
2509954,Valencia,Valencia,"Balenzia,Pa-lun-si-a,Pâ-lùn-sî-â,VLC,Valantsa,Valence,Valencia,Valencia - Valencia,Valencie,Valencija,Valencio,Valenseje,Valensi,Valensia,Valensii,Valensij,Valensija,Valensiya,Valensyaa,Valensėjė,Valenthia,Valentia,Valentzia,Valenza,València,Valéncia,Valência,Vałénsia,Walencja,Walensiye,Walénsiye,ba len seiy,ba lun xi ya,ballensia,barenshia,blnsyt,hua lun xi ya,valainsi'a,valenciya,valensia,valensiya,valynsya,wa lun xi ya,walnsya,wlnsyh,wylnsya,Βαλένθια,Валенси,Валенсиа,Валенсий,Валенсия,Валенсија,Валенсія,Վալենսիա,וואלענציע,ולנסיה,بلنسية,والنسیا,ویلنسیا,ویلنسیہ,ڤالينسيا,ڤالێنسیا,वालेन्सिया,ਵਾਲੈਂਸੀਆ,வாலேன்சியா,บาเลนเซีย,ვალენსია,バレンシア,巴倫西亞,瓦伦西亚,瓦倫西亞,華倫西亞,발렌시아",39.47391,-0.37966,P,PPLA,ES,,60,V,46250,,824340,15,10,Europe/Madrid,2025-10-22,Spain,EU,Europe,11,12,15,16,1079,8.981731,6.140322,11.454761,7.272312,8.619722,8.461963,12.731109,8.82863,14.24691,8.920834,8.053763,5.2479157,8.028763,0.1436537
2510911,Sevilla,Sevilla,"Hispalis,Lungsod ng Sevilla,SVQ,Sebilla,Sebille,Sevidzheh,Sevil'ja,Sevila,Sevileje,Sevilha,Sevilia,Sevilija,Sevilja,Sevilla,Seville,Sevilo,Sevilya,Sevilėjė,Seviya,Seweliye,Sewilla,Sibilia,Siviglia,Sivilja,Séville,Séwéliye,ashbylyt,ceviya,isabili'a,sai wei li ya,sai wei ya,sbylyh,sebi ya,sebiria,sebirya,sebiya,sevilia,swya,sybyya,Σεβίλλη,Севиджэ,Севилья,Севиля,Севилја,Севиља,Севілья,Սեվիլիա,Սևիլյա,סביליה,סעווילא,إشبيلية,اشبیلیہ,سویا,سيبييا,سێڤیلیا,सेबिया,ਇਸ਼ਬੀਲੀਆ,செவீயா,เซบียา,სევილია,セビリア,セビリャ,塞維亞,塞维利亚,세비야",37.38283,-5.97317,P,PPLA,ES,,51,SE,41091,,686741,,16,Europe/Madrid,2026-03-23,Spain,EU,Europe,4,5,4,5,997,7.265433,7.8092747,8.61622,5.4400535,6.325417,6.32836,9.462915,6.4520154,9.345026,6.376112,7.648387,5.3695836,8.09328,0.10030407
2514256,Málaga,Malaga,"AGP,Malaca,Malaga,Malagae,Malago,Malaqa,Màlaga,Málaga,ma la jia,maalqat,malaga,malagha,malaja,malaka,malga,malka,mallaga,malqt,maraga,mlqt,Μάλαγα,Малагæ,Малага,Մալագա,מאלגה,מלאגה,مالاجا,مالاغا,مالاگا,مالقة,مالكا,مالگا,ملقة,مَاَلقَة,مەلەگا,मलागा,மாலாகா,มาลากา,მალაგა,マラガ,馬拉加,马拉加,말라가",36.72016,-4.42034,P,PPLA2,ES,,51,MA,29067,,592346,,22,Europe/Madrid,2026-04-30,Spain,EU,Europe,2,2,3,3,971,9.141987,9.142877,9.865477,7.4966407,8.036111,7.547715,13.023333,9.508064,13.665053,8.775138,8.598253,5.933611,8.155779,0.12435635
3104324,Zaragoza,Zaragoza,"Caesaraugusta,Caesarea Augusta,Caragoca,Salduba,Salduie,Saragoca,Saragosa,Saragosae,Saragoso,Saragossa,Saragosse,Saragoza,Saragozza,Saragoça,Saragòssa,Sarakosa,Saraqosa,ZAZ,ZGZ,Zaragosa,Zaragoza,Zargoza,sa la ge sa,sa ra ko sa,salagosa,saragosa,saragwsa,sarajwsa,srgwsh,srqstt,sەrەgۆsa,taragota,Çaragoça,Żaragoża,Σαραγόσα,Сарагосæ,Сарагоса,Сарагосо,Սարագոսա,Սարակոսա,סאראגאסא,סרגוסה,ساراجوسا,ساراگوسا,سرقسطة,سەرەگۆسا,सारागोसा,ਤਾਰਾਗੋਤਾ,ซาราโกซา,სარაგოსა,サラゴサ,萨拉戈萨,사라고사",41.65606,-0.87734,P,PPLA,ES,,52,Z,50297,,686986,,214,Europe/Madrid,2026-03-23,Spain,EU,Europe,4,4,4,4,1156,7.168892,7.446909,8.975744,5.424059,5.535695,6.084811,9.922915,5.442339,10.055646,5.2290277,6.3162637,4.440833,11.212902,0.16525908
3117735,Madrid,Madrid,"La Villa y Corte de Madrid,Los Madriles,Lungsod ng Madrid,MAD,Ma-daik-li,Ma-tet-li,Madrid,Madrid osh,Madridas,Madride,Madridi,Madrido,Madrids,Madril,Madrit,Madrite,Madryd,Madryt,Madríd,Madrîd,Magerit,Maidrid,Mairil,Makelika,Matrit,Matritum,Mâ-tet-lî,Mā-dáik-lī,ma de li,madarida,madeulideu,madorido,madorido shi,madri,madrid,madrida,madridi,madryd,matrit,mdryd,myadrida,mydrd,Μαδρίτη,Мaдрид,Мадрид,Мадрид ош,Мадрыд,Мадрід,Մադրիդ,Մատրիտ,מאדריד,מדריד,مادرىد,مادرید,مدريد,میدرد,مەدرید,ܡܕܪܝܕ,मद्रिद,मद्रिद्,माद्रिद,माद्री,म्याड्रिड,মাদ্রিদ,ਮਾਦਰੀਦ,ମାଡ୍ରିଦ,மத்ரித்,ಮಡ್ರಿಡ್,മാഡ്രിഡ്,มาดริด,མ་ད་རིད།,မဒရစ်မြို့,მადრიდი,ማድሪድ,マドリード,マドリード市,馬德里,马德里,마드리드",40.4165,-3.70256,P,PPLC,ES,,29,M,28079,,3255944,,665,Europe/Madrid,2026-02-23,Spain,EU,Europe,23,29,34,40,1108,12.007303,12.543011,18.701786,8.247044,10.068055,10.41586,13.67333,7.0805106,14.391265,9.379582,11.224597,12.964445,15.983331,0.14825702
3128760,Barcelona,Barcelona,"BCN,Barcellona,Barcellonn-a,Barcelona,Barcelone,Barcelono,Barceluna,Barcelůna,Barcełona,Barcillona,Barcino,Barkelone,Barseloana,Barselon,Barselona,Barselonae,Barselono,Barseluna,Barseluona,Barselóna,Barslon-a,Barsélona,Bartzellona,Bartzelona,Barzelona,Barçellonn-a,Barċellona,Baselona,Lungsod ng Barcelona,Parcʻhelona,Parselona,ba sa long na,ba sai long na,ba sai luo na,baleusellona,balsaleana,bar se lon a,barasilona,barselona,barsilona,barslwn,barslwna,barsylwna,barsێlۆna,baruserona,brshlwnt,brshlwnہ,brzlwnh,la Ciudad Condal,parcelona,Βαρκελώνη,Барселон,Барселонæ,Барселона,Барселоно,Բարսելոնա,Պարսելոնա,Պարցհելոնա,בארצעלאנע,ברצלונה,بارسلون,بارسلونا,بارسیلونا,بارسێلۆنا,برشلونة,برشلونہ,बार्सिलोना,बार्सेलोना,বার্সেলোনা,ਬਾਰਸੀਲੋਨਾ,பார்செலோனா,ബാഴ്സലോണ,บาร์เซโลนา,ບາກເຊໂລນ,བྷར་སེ་ལོ་ནཱ།,ဘာစီလိုနာမြို့,ბარსელონა,ባርሴሎና,バルセロナ,巴塞罗那,巴塞隆納,巴薩隆拿,바르셀로나",41.38879,2.15899,P,PPLA,ES,,56,B,08019,,1686208,15,47,Europe/Madrid,2026-05-20,Spain,EU,Europe,5,12,11,18,1142,12.495439,11.594758,15.790774,11.103359,14.824029,12.932929,15.429306,11.084811,15.796504,10.491667,9.96008,8.839026,12.404034,0.16583933
344979,Addis Ababa,Addis Ababa,"ADD,Addis Ababa,Addis Abaeba,Addis Abbaba,Addis Abeba,Addis Abäba,Addis-Abeba,Addis-Abebae,Addisaaba,Addisz-Abeba,Adis Ababa,Adis Abeba,Adis-Abebo,Adisabeba,Adys-Abeba,Adís Abeba,Antis Ampempa,Atis Apapa,Finfinne,Neanthopolis,Tungga,a di si a bei ba,addisa ababa,adis-abeba,adisa ababa,adiseuababa,adisuabeba,adys ababa,Ādīs Ābeba,Əddis-Əbəbə,Αντίς Αμπέμπα,Аддис-Абебæ,Аддис-Абеба,Адис Абеба,Адыс-Абеба,Ադիս Աբեբա,Ատիս Ապապա,אדיס אבבה,آدیس آبابا,أديس أبابا,ئەددىس -ئەبىبە,अदिस अबाबा,আদ্দিস আবাবা,ადის-აბება,አዲስ አበባ,アディスアベバ,阿迪斯阿貝巴,아디스아바바",9.02497,38.74689,P,PPLC,ET,,44,,,,3860000,,2405,Africa/Addis_Ababa,2026-02-23,Ethiopia,AF,Sub-Saharan Africa,2,2,2,2,274,19.886148,19.254162,14.606844,17.039787,16.09139,23.373388,28.848885,20.17715,15.722984,22.704586,22.904034,17.169859,20.399866,0.34161064
658225,Helsinki,Helsinki,"Elsin'ki,Elsinki,Elzinki,Gel'sinki,HEL,Heilsinci,Heilsincí,Hel'sinki,Helsenkis,Helsingfors,Helsingi,Helsingia,Helsinki,Helsinkis,Helsinkium,Helsinko,Helsinky,Helsinqui,Helsinquia,Helsset,Helsínquia,Helsînkî,Helsėnkis,Hèlsinki,Khel'sinki,Khel'sinki osh,Khelsinki,Khelzinki,Lungsod ng Helsinki,Stadi,Xelsinki,Xélsinki,elcinki,hailasiki,he er xin ji,helasinki,helsingki,helsinki,herushinki,hlsnky,hlsnqy,hlsynky,hlsynqy,hylsynky,Èlzinki,Ħelsinki,Ελσίνκι,Гельсінкі,Хелзинки,Хелсинки,Хельсинки,Хельсинки ош,Хельсінкі,Ҳелсинкӣ,Һel'sinki,Һельсинки,Հելսինկի,הלסינקי,העלסינקי,هلسنكي,هلسنڪي,هلسینکی,هيلسينكى,هیلسینکی,ھێلسینکی,ہلسنکی,ہیلسنکی,ܗܠܣܢܩܝ,हेलसिंकी,हेल्सिन्की,হেলসিঙ্কি,ਹੈਲਸਿੰਕੀ,எல்சிங்கி,ಹೆಲ್ಸಿಂಕಿ,ഹെൽസിങ്കി,เฮลซิงกิ,ཧེལ་སིན་ཀི།,ဟယ်လ်ဆင်ကီမြို့,ჰელსინკი,ሄልሲንኪ,Ḥélsinki,ヘルシンキ,赫尔辛基,赫爾辛基,헬싱키",60.16952,24.93545,P,PPLC,FI,,01,011,091,,658864,,26,Europe/Helsinki,2023-02-13,Finland,EU,Europe,6,6,8,8,1674,7.247156,4.733468,8.054464,7.326479,7.642083,8.958198,12.152917,9.454838,7.2662635,7.293056,5.1283603,4.960417,4.172178,0.21461397
2972315,Toulouse,Toulouse,"Lapangan Terbang Blagnac,TLS,Tolosa,Tolosa Okzitania,Tolosa de Francia,Tolosa de Llenguadoc,Toloxa,Toloza,Toulouse,Toulouz,Toulouzi,Tołoxa,Tuluz,Tuluza,Tuluzae,Tuluzo,Tulūza,Tólóza,touruzu,tu lu zi,tu lus,tullujeu,tulujha,tulus,tuluza,twlwz,Τουλούζη,Тулузæ,Тулуза,Тулузо,Թուլուզ,טולוז,تولوز,तुलूज़,तुलूझ,ਟੁਲੂਜ਼,துலூஸ்,ടൂളൂസ്,ตูลูซ,ཊོའུ་ལོའུ་སེ།,ტულუზა,ቱሉዝ,トゥールーズ,圖盧茲,圖魯茲,툴루즈",43.60426,1.44367,P,PPLA,FR,,76,31,313,31555,511684,,150,Europe/Paris,2025-12-09,France,EU,Europe,5,5,6,7,1223,8.18777,8.794087,9.6064005,7.7104845,5.7613883,7.2071238,9.931387,6.7134404,9.904168,6.6997223,7.1912637,7.814583,10.9744625,0.14594983
2988507,Paris,Paris,"Baariis,Bahliz,Baris,Bariz,Lungsod ng Paris,Lutece,Lutetia,Lutetia Parisorum,Lutèce,PAR,Pa-ri,Paarys,Palika,Paname,Pantruche,Paraeis,Paras,Pari,Paries,Parigge,Pariggi,Parighji,Parigi,Pariis,Pariisi,Pariizu,Pariižu,Parij,Parijs,Paris,Parisi,Parixe,Pariz,Parize,Parizh,Parizh osh,Parizh',Parizo,Parizs,Pariž,Parys,Paryz,Paryzh,Paryzius,Paryż,Paryžius,Paräis,París,Paríž,Parîs,Parĩ,Parī,Parīze,Paříž,Páras,Párizs,Pʻariz,Ville-Lumiere,Ville-Lumière,ba li,barys,pairisa,pali,pari,paris,parys,paryzh,perisa,pryz,pyaris,pyarisa,pyrs,Παρίσι,Париж,Париж ош,Парижь,Париз,Парис,Парыж,Паріж,Բարիզ,Փարիզ,פאריז,פריז,باريس,پارىژ,پاريس,پاریس,پیرس,ܦܐܪܝܣ,पॅरिस,पेरिस,पैरिस,প্যারিস,ਪੈਰਿਸ,પૅરિસ,பாரிஸ்,పారిస్,ಪ್ಯಾರಿಸ್,പാരിസ്,ปารีส,ཕ་རི།,ပါရီမြို့,პარიზი,ፓሪስ,ប៉ារីស,パリ,巴黎,파리",48.85341,2.3488,P,PPLC,FR,,11,75,751,75056,2138551,,42,Europe/Paris,2026-02-23,France,EU,Europe,14,17,18,22,1415,11.00382,12.8891115,13.790772,14.911962,9.960833,9.332393,11.149444,9.716531,9.673117,8.36889,10.224461,8.858054,13.256857,0.2125842
2995469,Marseille,Marseille,"MRS,Marseggia,Marsegia,Marseglia,Marseilla,Marseille,Marseilles,Marsej,Marseja,Marsejlo,Marsel,Marsel',Marsela,Marsele,Marselha,Marselis,Marsella,Marsella - Marseille,Marselye,Marsey,Marseya,Marseyl,Marseļa,Marsiella,Marsigghia,Marsiglia,Marsiho,Marsilha,Marsilia,Marsilija,Marsilya,Marsylia,Marsylijo,Marsèja,Marsêle,Marsêy,Massalia,Massilia,ma sai,maleuseyu,mar se,mar sæy,marcey,marsaiya,marsay,marsela,marseli,marsy,marsylya,marsylz,maruseiyu,mrsylya,mrsylyt,mrsyy,Μασσαλία,Марсель,Марсеј,Марсељ,Марсилия,Մարսել,Մարսէյլ,Մարսիլիա,מארסיי,מרסיי,مارساي,مارسيليا,مارسی,مارسیلز,مارسێی,مرسيليا,مرسيلية,मार्सेल,मार्सैय,மர்சேய்,มาร์เซ,มาร์แซย์,မာဆေးမြို့,მარსელი,ማርሴ,マルセイユ,马赛,마르세유",43.29695,5.38107,P,PPLA,FR,,93,13,133,13055,877215,,28,Europe/Paris,2026-03-23,France,EU,Europe,8,8,17,17,1204,11.144861,9.209678,11.951784,10.919086,12.213194,11.336021,18.063608,12.14207,14.625268,8.382639,10.588573,6.6616664,7.7467747,0.14006896
2996944,Lyon,Lyon,"LYS,Leon do Roine,León do Roine,Lijon,Lio,Lion,Liona,Lionas,Lione,Lioni,Liono,Liun,Liyon,Lió,Lión,Lugdunum,Lyon,Lyons,li ang,li yng,li'om,li'ona,lion,liong,lioni,liyon,lyom,lywn,riyon,Λυών,Лион,Ліон,Ліён,Լիոն,ליאן,ליון,ليون,لیون,لیۆن,ल्यों,ਲਿਓਂ,ଲିଓନ,லியோன்,ลียง,ལི་ཡོང་།,လီယွန်းမြို့,ლიონი,ልዮን,リヨン,里昂,리옹",45.74906,4.84789,P,PPLA,FR,,84,69,691,69123,520774,,173,Europe/Paris,2025-12-09,France,EU,Europe,5,6,10,11,1285,11.709287,13.5788965,16.511457,12.940457,9.043749,9.091936,11.535278,7.459677,9.401478,9.823611,11.920968,11.577222,17.934814,0.14103127
2399697,Libreville,Libreville,"LBV,Libarwil,Liberopolis,Librefille,Librehvil',Librevil,Librevil',Librevila,Librevilis,Libreville,Librevilo,Librvil,Libvil,Limprebil,Limprvil,Liuravila,lbrwl,lbrywyl,li be rx wil,li bo wei er,libaravila,libarevile,libeuleubil,librevhila,librevili,lipravil,lybrfyl,lybrwwyl,lybrwyl,riburuvuiru,Λιμπρβίλ,Λιμπρεβίλ,Либрвил,Либревил,Либревиль,Лібревіль,Лібрэвіль,Լիբրևիլ,ליברוויל,ליברעוויל,لبرول,لبریویل,ليبرفيل,لیبرویل,لیبرێڤیل,लिबरेविले,लिब्रेव्हिल,ਲਿਬਰਵਿਲ,லிப்ரவில்,ลีเบรอวิล,ལིབ་རེ་ཝིལ།,ლიბრევილი,ሊብረቪል,リーブルヴィル,利伯維爾,利伯维尔,리브르빌",0.39241,9.45356,P,PPLC,GA,,01,,,,846090,,8,Africa/Libreville,2023-12-01,Gabon,AF,Sub-Saharan Africa,0,0,0,0,196,12.45558,15.546237,17.48348,13.292473,10.614724,11.667337,15.274305,15.427957,13.427015,9.869861,8.60336,8.673471,9.899463,0.5672572
2638077,Sheffield,Sheffield,"DSA,Seffild,Sefild,Sefilda,Sefildas,Sefildo,Sefilnt,Sheffield,Sheffild,Shefild,Shehfild,chef fi ld,sefilda,sephild,sephilda,shefirudo,shepildi,shfyld,shyfyld,spyld,syepildeu,xie fei er de,Ŝefildo,Şeffild,Šefildas,Šefīlda,Σέφιλντ,Шефилд,Шеффилд,Шеффілд,Шэфілд,Շեֆիլդ,שעפילד,שפילד,شفيلد,شفیلد,شيفيلد,شیفیلڈ,شێفیڵد,शेफ़ील्ड,शेफील्ड,షెఫీల్డ్,เชฟฟีลด์,შეფილდი,シェフィールド,谢菲尔德,셰필드",53.38297,-1.4659,P,PPLA2,GB,,ENG,L9,,,556500,,75,Europe/London,2025-06-26,United Kingdom,EU,Europe,7,9,11,16,1569,7.357212,8.818278,6.820685,10.633064,9.424167,6.677015,8.097362,7.9424734,7.9249988,5.217778,6.9944897,4.4226394,5.188576,0.2038852
2643123,Manchester,Manchester,"MAN,Mameceaster,Manceinion,Mancesteris,Mancestra,Mancestro,Manchain,Manchehstehr,Manchester,Manchestur,Manchetre,Manchuin,Manchéstér,Manchêtre,Mancunium,Mancʻestʻər,Mantsester,Manĉestro,Mančesteris,Mančestra,Mencʻəstʻər,Mánchester,maencheseuteo,maincestara,mamcestara,man che si te,mancestar,manchesuta,manshstr,mnchstr,mnchystyr,mnz'str,myanacestara,myancestar,Μάντσεστερ,Манчестер,Манчестър,Манчэстэр,Մանչէսթըր,Մէնչըսթըր,מאנטשעסטער,מנצ'סטר,مانشستر,مانچسٹر,منچئستئر,منچستر,मँचेस्टर,मैन्चेस्टर,ম্যানচেস্টার,மான்செஸ்டர்,మాంచెస్టర్,ಮ್ಯಾಂಚೆಸ್ಟರ್,മാഞ്ചസ്റ്റർ,แมนเชสเตอร์,მანჩესტერი,ማንችስተር,マンチェスター,曼彻斯特,맨체스터",53.48095,-2.23743,P,PPLA2,GB,,ENG,I2,,,568996,,51,Europe/London,2026-03-23,United Kingdom,EU,Europe,4,11,10,19,1583,8.745784,10.469758,8.03125,12.641935,11.406943,7.3557796,9.405555,8.845967,8.69543,6.7069445,9.334678,5.630695,6.2962365,0.21640904
2643743,London,London,"ILondon,LON,Lakana,Landan,Landen,Ljondan,Llundain,Lodoni,Londain,Londan,Londar,Londe,Londen,Londin,Londinium,Londino,Londn,London,London osh,Londona,Londonas,Londoni,Londono,Londons,Londonu,Londra,Londres,Londrez,Londri,Londro,Londye,Londyn,Londýn,Lonn,Lonton,Lontoo,Lontra,Loundres,Luan GJon,Lun-tun,Lunden,Lundra,Lundun,Lundunir,Lundúnir,Lung-dung,Lunnainn,Lunnin,Lunnon,Luân Đôn,Lùn-tûn,Lùng-dŭng,Lûn-tun,Lākana,Lůndůn,Lọndọnu,Ranana,Rānana,ilantan,ladana,landan,landana,leondeon,lndn,london,londoni,lun dui,lun dun,lwndwn,lxndxn,rondon,Łondra,Λονδίνο,Лондан,Лондон,Лондон ош,Лондонъ,Лёндан,Լոնդոն,Լոնտոն,Լոնտրա,לאנדאן,לונדון,لأندأن,لندن,لوندون,لەندەن,ܠܘܢܕܘܢ,लंडन,लंदन,लण्डन,लन्डन्,लन्दन,লন্ডন,ਲੰਡਨ,લંડન,ଲଣ୍ଡନ,இலண்டன்,లండన్,ಲಂಡನ್,ലണ്ടൻ,ලන්ඩන්,ลอนดอน,ລອນດອນ,ལོན་ཊོན།,လန်ဒန်မြို့,ლონდონი,ለንደን,ᎫᎴ ᏗᏍᎪᏂᎯᏱ,ロンドン,伦敦,倫敦,런던",51.50853,-0.12574,P,PPLC,GB,,ENG,GLA,,,8961989,,25,Europe/London,2026-08-17,United Kingdom,EU,Europe,100,121,106,131,1517,9.565308,12.250672,10.673959,16.132124,11.537221,7.2516127,9.125693,8.818953,8.856452,7.0466676,8.75484,6.9937496,7.3342752,0.18894453
2644688,Leeds,Leeds,"LBA,Ledesia,Leeds,Lids,Lidsa,Lidsas,Lidso,Lijds,Lints,Loidis,Līdsa,Ritis,li ci,lidjha,lids,lidsa,lidzi,lie si,lijeu,lyds,lydz,rizu,Ληντς,Лидс,Лийдс,Лідс,Լիդս,לידז,לידס,ليدز,لیدز,لیڈز,ܠܝܕܣ,लीड्स,લીડ્ઝ,లీడ్స్,ಲೀಡ್ಸ್,ลีดส์,ლიდზი,リーズ,列斯,利兹,리즈",53.79648,-1.54785,P,PPLA2,GB,,ENG,H3,,,536280,,50,Europe/London,2025-06-26,United Kingdom,EU,Europe,2,2,10,12,1584,8.025549,9.483872,7.4244046,11.797716,10.457361,7.017607,8.575137,8.260216,8.51277,5.991528,7.912903,5.06875,5.6813173,0.19638044
2648579,Glasgow,Glasgow,"GLA,Glascho,Glaschu,Glaschú,Glasgovo,Glasgow,Glasgua,Glaskobe,Glazga,Glazgas,Glazgo,Glazgos,Glazgou,Glazgov,Glazgova,Glazgua,Glesga,Glázgua,Glāzgova,Kak-la-su-ko,Kak-là-sṳ̂-kô,Qlazqo,galasago,ge la si ge,geullaeseugo,ghlaskw,glasago,glasgo,glasgw,glasgwv,glazgo,glyasgo,gurasugo,jlasjw,kilasko,klas kow,Γλασκώβη,Глазга,Глазго,Глазгов,Глазгоу,Գլազգո,גלאזגא,גלאזגו,جلاسجو,غلاسكو,گلاسگو,گلاسگوۋ,گلاسگۆ,ग्लासगो,ग्लास्गो,গ্লাসগো,ਗਲਾਸਗੋ,கிளாஸ்கோ,గ్లాస్గో,ಗ್ಲ್ಯಾಸ್ಗೋ,กลาสโกว์,ဂလပ်စဂိုးမြို့,გლაზგო,ግላዝጎ,グラスゴー,格拉斯哥,글래스고",55.86515,-4.25763,P,PPLA2,GB,,SCT,V2,,,626410,,40,Europe/London,2023-02-25,United Kingdom,EU,Europe,2,7,4,11,1624,7.148117,6.475403,6.6093745,8.51707,9.965555,6.868144,8.262638,6.2534947,8.288575,5.2716665,9.297715,4.2395835,5.648522,0.17950922
2650225,Edinburgh,Edinburgh,"Aebura,Caeredin,Dinedin,Doon Edin,Dun Eideann,Dùn Èideann,Dún Éideann,EDI,Ebora,Edimborg,Edimborgh,Edimbourg,Edimbourgo,Edimburg,Edimburgh,Edimburgo,Edimburgu,Edimburgum,Edimbùrgh,Edinbo,Edinboarch,Edinborg,Edinburc,Edinburg,Edinburga,Edinburgas,Edinburgh,Edinburgo,Edinburq,Edinburrie,Edynburg,Ehdinburg,Ehdynburg,Embra,Etinpurk,Idinburg,adnbrt,adynbrw,ai ding bao,edeunbeoleo,edinabara,edinbara,edinburgi,etinparo,xedinbara,Édimbourg,Εδιμβούργο,Единбург,Эдинбург,Эдынбург,Էդինբուրգ,Էտինպուրկ,אדינבורו,עדינבורג,إدنبرة,ئێدینبەرە,ادینبرو,ایڈنبرا,एडिनबरा,एदिनबरा,এডিনবরা,எடின்பரோ,ಎಡಿನ್‌ಬರ್ಗ್‌‌,എഡിൻബറോ,เอดินบะระ,အက်ဒင်ဗာရာမြို့,ედინბურგი,エディンバラ,愛丁堡,爱丁堡,에든버러",55.95206,-3.19648,P,PPLA,GB,,SCT,U8,,,514990,,66,Europe/London,2026-09-07,United Kingdom,EU,Europe,2,3,3,4,1625,6.8888497,6.5112906,6.6199403,8.753629,9.2820835,6.465457,6.908612,6.1678767,7.929435,4.721945,9.289113,4.1884723,5.723118,0.19921117
2655603,Birmingham,Birmingham,"BHX,Birmin'gxam,Birmingam,Birmingamas,Birmingem,Birmingema,Birmingham,Birminghamia,Birminghamo,Birminghem,Brum,Mpermincham,bamingamu,barming'hyam,barmingahama,barmingahema,barmingham,barminghama,beoming-eom,birmingemi,bo ming han,bo ming han shi,brmngm,brmynghham,byrmngam,parminkam,Μπέρμιγχαμ,Бирмингам,Бирмингем,Бірмінгем,Բիրմինգհեմ,בירמינגהאם,ברמינגהאם,برمنگم,برمينغهام,بیرمنگام,बर्मिंगहॅम,बर्मिंघम,बर्मिङ्घम्,બર્મિંગહામ,பர்மிங்காம்,బర్మింగ్‌హామ్,ಬರ್ಮಿಂಗ್ಹ್ಯಾಮ್,เบอร์มิงแฮม,ბირმინგემი,በርሚንግሃም,バーミンガム,伯明翰,伯明翰市,버밍엄",52.48142,-1.89983,P,PPLA2,GB,,ENG,A7,,,1157603,,149,Europe/London,2025-06-26,United Kingdom,EU,Europe,4,14,6,20,1544,7.3715425,8.862096,7.795981,12.270698,9.68625,6.5962367,7.133194,7.0057797,7.4249997,5.365138,7.0125003,4.147222,5.097715,0.18402149
611717,Tbilisi,Tbilisi,"TBS,Tbilis,Tbilisi,Tbilisi osh,Tbilisis,Tbiliso,Tbilissi,Tbilisy,Tbiliszi,Tbilsi,Tblisi,Thbilisi,Tibilisi,Tiblisi,Tiblissi,Tiblíssi,Tibîlîsî,Tiflis,Tiphlida,Tpilisi,Tpʻgis,Triphelis,Ttuplis,Tíblisi,Tíflis,Tıflis,Tʻbilisi,Tʻiflis,di bi li si,karti,tbilisi,tblys,tblysy,tbylysy,teubillisi,tfls,tflys,thbi li si,thbilisi,tipilici,tobirishi,Τιφλίδα,Тбилис,Тбилиси,Тбилиси ош,Тбилисӣ,Тбілісі,Ттуплис,Қарҭ,Թբիլիսի,Թիֆլիս,Տփղիս,טביליסי,تبليسي,تبلیس,تبلیسی,تبىلىسى,تفلیس,طفلس,ܛܒܝܠܝܣܝ,त्बिलिसी,थ्बिलीसी,তিবি‌লিসি,திபிலீசி,ทบิลิซิ,ཁྲེ་བྷི་ལི་སི།,თბილისი,ქართი,ትብሊሲ,トビリシ,第比利斯,트빌리시",41.69143,44.83412,P,PPLC,GE,,51,,,,1049498,,433,Asia/Tbilisi,2026-06-11,Georgia,AS,Other Asia,0,0,0,0,1163,13.2519455,16.379972,14.899106,13.400133,11.888058,10.7592745,9.980834,15.508063,11.732124,11.073611,10.026614,20.34236,13.201478,0.2239979
2298890,Kumasi,Kumasi,"Coomassie,KMS,Kumase,Kumasi,Kumasi shaary,Kumasis,Kumaso,Kumassi,Kumasy,ku ma xi,kumashi,kumasi,kwmasy,Кумаси,Кумаси шаары,Кумасі,Կումասի,كوماسي,کوماسی,ਕੁਮਾਸੀ,クマシ,库马西,쿠마시",6.68848,-1.62443,P,PPLA,GH,,02,614,,,2544530,,270,Africa/Accra,2024-06-22,Ghana,AF,Sub-Saharan Africa,1,1,1,1,250,15.149129,38.78118,33.895092,14.058199,11.8713875,11.218011,7.467084,9.493816,6.995161,8.495278,9.467339,13.342084,17.89261,0.5063778
2306104,Accra,Accra,"ACC,Aakra,Aakrá,Accra,Acra,Akara,Akkr,Akkra,Akkrae,Akra,Akrao,Akʻra,Nkran,a ke la,akara,akeula,akra,akura,xak kra,yەkra,΄Aκκρα,Άκκρα,Аккрæ,Аккра,Акра,Աքրա,אקרא,אקרה,آکرا,أكرا,ئەکرا,اكرا,اکرا,عکرہ,अक्रा,आक्रा,আক্রা,ਅਕਰਾ,ଆକ୍ରା,அக்ரா,അക്ര,อักกรา,ཨ་ཁ་ར།,အက်ခရာမြို့,აკრა,አክራ,アクラ,阿克拉,아크라",5.55602,-0.1969,P,PPLC,GH,,01,304,,,1963264,,33,Africa/Accra,2026-04-29,Ghana,AF,Sub-Saharan Africa,19,26,19,30,229,10.841932,21.41344,17.836756,8.86492,7.6654162,7.7209673,7.3390284,12.773925,11.37473,9.196667,7.1047044,8.50236,10.6431465,0.27467844
2422465,Conakry,Conakry,"CKY,Conacri,Conakry,Konakri,Konakrio,Konakris,Konakry,ke na ke li,konakeuli,konakuri,Κόνακρι,Конакри,קונאקרי,コナクリ,科納克里,코나크리",9.53795,-13.67729,P,PPLC,GN,,04,8335012,,,1928389,,13,Africa/Conakry,2023-12-20,Guinea,AF,Sub-Saharan Africa,1,1,1,1,276,19.203045,35.445568,40.239433,25.05188,24.867777,21.989115,7.792916,7.2008057,6.254705,5.031527,9.421908,18.019444,30.476612,0.3103339
2422488,Camayenne,Camayenne,"Camayen,Camayenne,Kamaenne,Камаенне",9.535,-13.68778,P,PPL,GN,,04,,,,1871242,,6,Africa/Conakry,2026-09-14,Guinea,AF,Sub-Saharan Africa,1,1,1,1,276,19.203045,35.445568,40.239433,25.05188,24.867777,21.989115,7.792916,7.2008057,6.254705,5.031527,9.421908,18.019444,30.476612,0.3103339
264371,Athens,Athens,"ATH,Afina,Afini,Afiny,An Aithin,Ateena,Atehny,Aten,Atena,Atenai,Atenas,Atene,Atenes,Ateni,Ateno,Atenoj,Ateny,Athen,Athena,Athenae,Athenai,Athene,Athenes,Athens,Atheny,Athina,Athinai,Athinia,Athènes,Athén,Athénes,Athény,Athína,Athínai,Atina,Atény,Atēnas,Atėnai,Atʻenkʻ,Aþena,Kota Athena,Lungsod ng Athina,Lungsod ng Athína,atene,atene si,ateni,athensa,athyna,atn,etens,xethens,ya dian,Αθήνα,Αθήναι,Αθηνα,Αθηναι,Атина,Атэны,Афины,Афіни,Аѳины,Աթենք,Աթէնք,אתונה,آتن,أثينا,ئافېنا,ܐܬܝܢܐ,अथेन्स,ஏதென்ஸ்,เอเธนส์,ათენი,Ἀθῆναι,アテネ,雅典,아테네,아테네 시",37.98376,23.72784,P,PPLC,GR,,ESYE31,99,,,664046,70,84,Europe/Athens,2026-03-11,Greece,EU,Europe,7,12,7,12,1024,10.290316,14.000808,11.992262,11.612231,12.000692,10.5786295,10.824445,8.207661,7.47043,7.1695843,9.290052,10.113332,10.354301,0.3091309
3587902,Villa Nueva,Villa Nueva,"Vil'ja-Nuehva,Vilja Nueva,Viljanueva,Villa Nueva,bi ya nu ai wa,wya nwywa  gwatymala,Вилья-Нуэва,Вилянуева,ویا نویوا، گواتیمالا,比亞努埃瓦",14.52512,-90.58544,P,PPLA2,GT,,07,115,,,618397,,1331,America/Guatemala,2023-02-09,Guatemala,NA,North/Central America,2,2,2,2,347,24.880556,20.983068,22.2561,29.998388,29.454582,37.555916,26.717632,24.5125,23.794489,22.224028,21.489384,19.709717,19.57137,0.28338197
3598132,Guatemala City,Guatemala City,"Cidade da Guatemala,Citta del Guatemala,Città del Guatemala,Ciudad Guatemala,Ciudad de Guatemala,Ciutat de Guatemala,GUA,Guate,Guatemala,Guatemala City,Guatemala Hiria,Guatemala by,Guatemala la Nueva,Guatemala-Stadt,Guatemala-Urbo,Guatemala-stad,Gvatemala,Gvatemalurbo,Gwatemala,New Guatemala,Nueva Guatemala,Nueva Guatemala de la Asuncion,Nueva Guatemala de la Asunción,Pole tes Gouatemalas,Santiago de Guatimala,gua de ma la shi,guatemarashiti,gwatemalla si,gwatemallasiti,kawtemalasiti,mdynt ghwatymala,shhr gwatmala,Πόλη της Γουατεμάλας,Гватемала,גואטמלה סיטי,גוואטמלה סיטי,شهر گواتمالا,مدينة غواتيمالا,กัวเตมาลาซิตี,グアテマラシティ,瓜地馬拉市,과테말라 시,과테말라시티",14.64072,-90.51327,P,PPLC,GT,,07,101,,,994938,,1508,America/Guatemala,2020-07-15,Guatemala,NA,North/Central America,2,2,3,3,354,21.31964,17.916265,17.92381,25.934944,25.939867,37.645573,24.45486,20.71411,17.707525,18.030832,17.480915,16.457499,15.288172,0.28338197
1818446,Tuen Mun,Tuen Mun,"Tuen Mun,Tuenmen,tun men,Туен Мун,屯門,屯门",22.39175,113.97157,P,PPLA,HK,,NTM,,,,507900,,7,Asia/Hong_Kong,2026-08-30,Hong Kong,AS,Other Asia,12,12,18,19,506,35.249905,43.878216,37.77619,35.256718,40.629585,28.744627,18.966114,35.210888,26.948256,26.47986,36.120964,34.767776,57.81398,0.38767233
1819609,Kowloon,Kowloon,"Chiu-lung,Czjulun,Kaulunas,Koulun,Kowloon,jiu long,julung,Цзюлун,九龍,九龙,주룽",22.31667,114.18333,P,PPLX,HK,,00,,,,2232339,,92,Asia/Hong_Kong,2024-03-14,Hong Kong,AS,Other Asia,17,18,18,19,506,35.249905,43.878216,37.77619,35.256718,40.629585,28.744627,18.966114,35.210888,26.948256,26.47986,36.120964,34.767776,57.81398,0.3729494
1819729,Hong Kong,Hong Kong,"Chon'nk Kon'nk,Gankong,Gon Kong,Gonkong,HK,HKG,Heung Gong,Hiong-geng,Hiŏng-gē̤ng,Hong Kong,Hongkong,Honkong,Honkongo,Hồng Kông,Khongkong,Khonkong,Victoria,Xianggang,ankan,hamga kamga,hanakana,hang kang,hang kang nagaram,hangakanga,hang‌kang,hankam,heankean,hng kng,hon'ga kon'ga,hong-kʼongi,hongakonga,hongkong,honkongu,hwng kwng,hwng qwng,hwngh kwngh,hwnj kwnj,hxngkng,hʼng qʼng,shyanggang,xiang gang,Χονγκ Κονγκ,Ганконг,Гонконг,Хонгконг,Хонконг,Һoң Koң,Һоң Коң,Հոնկոնգ,האנג קאנג,הונג קונג,شياڭگاڭ,هانگ کانگ,هنگ کنگ,هونج كونج,هونغ كونغ,هونگ کونگ,ھwng kwng,ھونگ کونگ,ھۆng kۆng,ھۆنگ کۆنگ,ہang kang,ہانگ کانگ,ހޮންކޮންގު,हङकङ,हाँग काँग,हांगकांग,हांग् कांग् नगरम्,हॉन्ग कॉन्ग,হংকং,ਹਾਂਗਕਾਂਗ,હોંગકોંગ,ହଂକଂ,ஆங்காங்,హాంగ్‌కాంగ్,ಹಾಂಗ್ ಕಾಂಗ್,ഹോങ്കോങ്,හොංකොං,ฮ่องกง,ཧང་ཀང་།,ཧོང་ཀོང་།,ဟောငကောင,ဟောင်ကောင်,ჰონგ-კონგი,ሆንግ ኮንግ,ហងកង,ហុងកុង,香港,홍콩",22.27832,114.17469,P,PPLC,HK,,,,,,7396076,,60,Asia/Hong_Kong,2025-08-25,Hong Kong,AS,Other Asia,17,18,18,19,506,35.249905,43.878216,37.77619,35.256718,40.629585,28.744627,18.966114,35.210888,26.948256,26.47986,36.120964,34.767776,57.81398,0.3729494
1931681,Victoria,Victoria,"Victoria,Victoria City,Viktoria,Викториа",22.2875,114.14417,P,PPL,HK,,HCW,,,,956800,,31,Asia/Hong_Kong,2026-09-14,Hong Kong,AS,Other Asia,17,18,18,19,506,35.249905,43.878216,37.77619,35.256718,40.629585,28.744627,18.966114,35.210888,26.948256,26.47986,36.120964,34.767776,57.81398,0.3729494
12747063,New Territories,New Territories,"New Territories,New Territory Hong Kong,Novye Territorii,Xinjie,xin jie,Новые Территории,新界",22.42441,114.11095,P,PPLX,HK,,00,,,,3984077,,231,Asia/Hong_Kong,2026-09-14,Hong Kong,AS,Other Asia,17,18,18,19,506,35.249905,43.878216,37.77619,35.256718,40.629585,28.744627,18.966114,35.210888,26.948256,26.47986,36.120964,34.767776,57.81398,0.3729494
12747064,Hong Kong Island,Hong Kong Island,"Hong Kong,Hong Kong Island,Ostrov Gonkong,Xianggangdao,xiang gang dao,Остров Гонконг,香港岛,香港島",22.26302,114.18419,P,PPLX,HK,,00,,,,1195529,,170,Asia/Hong_Kong,2026-09-14,Hong Kong,AS,Other Asia,14,15,18,19,506,35.249905,43.878216,37.77619,35.256718,40.629585,28.744627,18.966114,35.210888,26.948256,26.47986,36.120964,34.767776,57.81398,0.3729494
3600949,Tegucigalpa,Tegucigalpa,"TGU,Tegousigalpa,Tegousigoualpa,Tegucigalpa,Tegucigalpo,Tegucigucigalpa,Tegusigal'pa,Tegusigalp,Tegusigalpa,Teguzigalpa,Tehgusigal'pa,Tenkousinkalpa,Tequsiqalpa,Teuctzincalpan,Tègucigalpa,de gu si jia ba,te gu xi jia er ba,tegushigarupa,tegusigalapa,tegusigalpa,tekucikalpa,tekusikalpa,tgwsygalpa,tgwsyglph,tyghwsyghalba,Τεγκουσιγκάλπα,Τεγουσιγάλπα,Тегусигалпа,Тегусигальпа,Тегусігальпа,Тэгусігальпа,Տեգուսիգալպա,טגוסיגלפה,טעגוסיגאלפע,تيغوسيغالبا,تگوسیگالپا,ٹیگوسیگلپا,तेगुसिगल्पा,তেগুসিগালপা,ਤੇਗੂਸੀਗਾਲਪਾ,டெகுசிகல்பா,ടെഗൂസിഗാൽപ,เตกูซิกัลปา,ཐེ་གུ་སི་གེ་པ།,ტეგუსიგალპა,ቴጉሲጋልፓ,テグシガルパ,德古斯加巴,特古西加爾巴,테구시갈파",14.0818,-87.20681,P,PPLC,HN,,08,0801,,,850848,,944,America/Tegucigalpa,2024-09-12,Honduras,NA,North/Central America,0,1,0,3,343,11.674871,8.0372305,8.895982,13.816531,11.842777,18.521774,11.248471,10.770564,13.440055,12.874445,11.893951,9.513613,8.934813,0.20865864
3601782,San Pedro Sula,San Pedro Sula,"SAP,San Pedro,San Pedro Sula,San Pedro Zollan,San Pedro Zōllān,San-Pedra-Sula,San-Pedro-Sula,san bydrw swla,san pe dor su la,sanpedeulosulla,san・pedoro・sura,sheng pei de luo su la,Сан Педро Сула,Сан-Педра-Сула,Сан-Педро-Сула,سان بيدرو سولا,سان پیڈرو سولا,ซานเปโดรซูลา,サン・ペドロ・スーラ,圣佩德罗苏拉,산페드로술라",15.50585,-88.02588,P,PPLA,HN,,06,0501,,,801259,,90,America/Tegucigalpa,2025-05-15,Honduras,NA,North/Central America,0,0,0,2,377,14.208755,11.602148,12.332887,15.612768,14.347639,21.105242,18.791945,14.978227,15.692071,11.732917,13.667203,11.731805,8.721236,0.30666995
3186886,Zagreb,Zagreb,"Agram,Andautonia,Lungsod ng Zagreb,Sagrab,Sagreb,Sagwzlwgbouh,Sakreb,Ságrab,ZAG,Zabrag,Zabreg,Zagabbria,Zagabria,Zagavria,Zagrab,Zagrabia,Zagreb,Zagreba,Zagrebas,Zagrebi,Zagrebo,Zagrebs,Zagrep,Zagrev,Zagrzeb,Zagrèb,Zagréb,Zagrėbs,Zagàbria,Zahreb,Zankremp,Zaqreb,Zágráb,Záhreb,Záhřeb,cakirep,jagareba,jageulebeu,jagriba,jhagreba,sa ge lei bu,sa kerb,sagreb,zagaraba,zaghrb,zagrb,zagrebi,zagurebu,zajryb,zghrb,Żagreb,Ζάγκρεμπ,Заграб,Загреб,Զագրեբ,זאגרב,זאגרעב,زاجريب,زاغرب,زاگرب,زاگرێب,زغرب,जग्रिब,झाग्रेब,জাগরেব,ਜ਼ਾਗਰਬ,சாகிரேப்,സാഗ്രെബ്,ซาเกร็บ,ཛག་རེབ།,ზაგრები,ዛግሬብ,ザグレブ,萨格勒布,薩格勒布,Ꙁагрєбъ,자그레브",45.81444,15.97798,P,PPLC,HR,,21,,,,663592,,135,Europe/Zagreb,2023-11-25,Croatia,EU,Europe,0,6,1,9,1314,16.179062,18.668951,26.68006,15.616129,12.62375,11.663173,11.234304,9.392473,11.494624,11.65889,13.328362,22.132502,30.443819,0.17302091
3718426,Port-au-Prince,Port-au-Prince,"PAP,Port au Prince,Port o Prens,Port o Prensas,Port-au-Prince,Port-o-Prehns,Port-o-Prens,Port-o-Prins,Porto Principe,Porto Príncipe,Portoprensa,Portoprinco,Portus Principis,Potoprens,Puerto Principe,Puerto Príncipe,Pòtoprens,Ville de Port-au-Prince,bwrt aw brans,poleutopeulaengseu,porata-o-prainsa,port-o-pirins,porta-a-prinsa,porta-au-prinsa,porta-o-prinsa,porutopuransu,pwrtw prns,pwrtwprns,tai zi gang,Πορτ-ο-Πρενς,Порт о Пренс,Порт-о-Пренс,Порт-о-Прэнс,Պորտ-օ-Պրենս,פורט או פרינס,פורט-או-פרנס,بورت أو برانس,پورتو پرنس,پورتوپرنس,پورٹ او پرنس,पोर्ट-ऑ-प्रिंस,पोर्ट-औ-प्रिन्स,পোর্ট-অ-প্রিন্স,ਪੋਰਤ-ਓ-ਪ੍ਰੈਂਸ,போர்ட்-ஓ-பிரின்ஸ்,പോർട്ട്-ഔ-പ്രിൻസ്,ปอร์โตแปรงซ์,པོ་རོ་ཊི་ཨའུ་པི་རིན་སི།,პორტ-ო-პრენსი,ፖርቶፕሪንስ,ポルトープランス,太子港,포르토프랭스",18.54349,-72.33881,P,PPLC,HT,,11,3718425,,,1234742,,27,America/Port-au-Prince,2019-09-05,Haiti,NA,North/Central America,0,0,0,0,411,30.3712,32.70511,29.966217,30.63199,26.562082,29.16277,36.0725,33.55833,31.924997,24.707638,22.631586,33.232918,33.229836,0.23773067
6201369,Carrefour,Carrefour,"Carrefour,Kafou,Karrefur,Каррефур",18.53333,-72.4,P,PPL,HT,,11,3718425,,,511345,,57,America/Port-au-Prince,2026-09-14,Haiti,NA,North/Central America,0,0,0,0,411,30.3712,32.70511,29.966217,30.63199,26.562082,29.16277,36.0725,33.55833,31.924997,24.707638,22.631586,33.232918,33.229836,0.23773067
3046446,Pest,Pest,"Peshha,Pesht,Peshta,Pest,Pest i Ungarn,Pesta,Peste,Pesth,Pestinum,Pestj,Pesto,Peszt,Peŝto,Peşte,Pešta,Pešť,bsht,pei si,peshuto,pesyuteu,Пешт,Пешта,Пеща,بشت,ペシュト,佩斯,페슈트",47.5,19.08333,P,PPLX,HU,,05,,,,1001748,,113,Europe/Budapest,2026-03-29,Hungary,EU,Europe,9,16,10,19,1376,15.379494,20.068415,29.991812,17.957525,10.409028,10.97594,10.553471,9.462098,10.015323,9.373889,10.662232,21.250692,24.927288,0.16321008
3054643,Budapest,Budapest,"BP,BUD,Boedapes,Boedapest,Boudapes,Boudapeste,Boudapès,Budaipeist,Budapescht,Budapeshha,Budapesht,Budapesht osh,Budapest,Budapesta,Budapestas,Budapeste,Budapesti,Budapestinum,Budapesto,Budapeszt,Budapeŝto,Budapeşt,Budapeşte,Budapešt,Budapešta,Budapeštas,Budapešť,Budapèst,Budapésht,Budimpeshta,Budimpesta,Budimpešta,Bùdapest,Bùdapeszt,Búdaipeist,Búdapest,Ofen-Pest,Putapʻestʻ,bu da pei si,budapaisata,budapeseuteu,budapesrr,budapest,budapesta,budapesuto,bwdabst,bwdabyst,bwdapst,bwdpst,putapest,Βουδαπέστη,Будапешт,Будапешт ош,Будапеща,Будимпешта,Բուդապեշտ,Պուտափեշթ,בודאפעשט,בודפשט,بودابست,بودابيست,بوداپست,بوداپێست,بوډاپسټ,बुडापेस्ट,बुदापेस्त,বুদাপেস্ট,ਬੁਦਾਪੈਸਤ,બુડાપેસ્ટ,ବୁଦାପେଷ୍ଟ,புடாபெஸ்ட்,ಬುಡಾಪೆಸ್ಟ್,ബുഡാപെസ്റ്റ്,บูดาเปสต์,བུ་ད་ཕེ་སིད།,ဗူးဒပက်မြို့,ბუდაპეშტი,ቡዳፔስት,ブダペスト,布达佩斯,부다페스트",47.49835,19.04045,P,PPLC,HU,,05,,,,1741041,,104,Europe/Budapest,2026-07-29,Hungary,EU,Europe,9,16,11,20,1376,15.379494,20.068415,29.991812,17.957525,10.409028,10.97594,10.553471,9.462098,10.015323,9.373889,10.662232,21.250692,24.927288,0.16798538
3054667,Buda,Buda,"Akouinkon,Altofen,Boeda,Buda,Budim,Budin,Budín,Ofen,bu da,bud x,buda,budeo,bwda,Буда,Будим,بودا,บูดอ,ブダ,布达,부더",47.5,19.03333,P,PPLX,HU,,05,,,,510108,,165,Europe/Budapest,2026-03-29,Hungary,EU,Europe,9,16,11,20,1376,15.379494,20.068415,29.991812,17.957525,10.409028,10.97594,10.553471,9.462098,10.015323,9.373889,10.662232,21.250692,24.927288,0.16321008
1214520,Medan,Medan,"Kota Medan,Kuta Medan,Kuta Mèdan,Kutha Medan,MES,Medan,Medana,Medanas,Medano,Mentan,mdan,me dan,medan,metan,mian lan,mydan,Μεντάν,Медан,مدان,ميدان,میدان ، انڈونیشیا,மேடான்,เมดาน,ᯔᯑᯉ᯳,ᯔᯩᯑᯉ᯳,メダン,棉蘭,메단",3.58333,98.66667,P,PPLA,ID,,26,1275,,,2486283,,26,Asia/Jakarta,2026-06-10,Indonesia,AS,Other Asia,0,0,0,0,210,32.719677,29.519085,33.972317,33.02984,27.929998,28.68185,35.817364,36.05296,36.730785,33.872494,34.263306,33.15431,29.729568,0.458702
1622786,Makassar,Makassar,"Djumpandang,Kota Makassar,Macassar,Makasar,Makasaras,Makassar,Makasser,UPG,Udjung Pandang,Ujungpandang,makasaleu,makasar,makassaru,Макассар,ماکاسار,マカッサル,마카사르",-5.14861,119.43194,P,PPLA,ID,,38,7371,,,1474393,,6,Asia/Makassar,2026-06-10,Indonesia,AS,Other Asia,0,0,0,0,168,22.573626,18.412498,17.870832,16.453897,20.243195,20.205914,20.475279,22.719755,24.781582,26.747223,31.641129,29.293056,21.792606,0.34093338
1624647,Tasikmalaya,Tasikmalaya,"Kota Tasikmalaya,TSY,Tasikmalaja,Tasikmalaya,Tasikmalaya kutha,Тасикмалая",-7.3274,108.2207,P,PPL,ID,,30,3278,,,770839,,354,Asia/Jakarta,2026-06-11,Indonesia,AS,Other Asia,0,0,0,0,147,49.6224,64.73333,60.0241,63.05954,40.05916,45.95968,42.88792,33.76412,41.732395,36.200974,45.97446,60.774033,60.70644,0.52419966
1624917,Bandar Lampung,Bandar Lampung,"Bandar Lampung,Bandar-Lampung,Bandarlampung,Kota Bandar Lampung,TKG,Tanjungkarang,Tanjungkarang-Telukbetung,Telukbetung,ban da nan bang,bandaleulampung,bandaruranpun,bndr lampwng,Бандар-Лампунг,بندر لامپونگ,バンダールランプン,班達楠榜,반다르람풍",-5.42917,105.26111,P,PPLA,ID,,15,1871,,,1166066,,95,Asia/Jakarta,2022-12-30,Indonesia,AS,Other Asia,0,0,0,0,164,20.652483,20.977552,18.762054,16.115728,14.521944,16.109138,20.424025,28.08925,24.335617,27.089998,19.930782,18.58153,22.644894,0.4117523
1625084,Tangerang,Tangerang,"Dang ge lang,Dāng gé lǎng,Kota Tangerang,Kutha Tangerang,RTO,Tangarang,Tangerang,Tangerangas,Tangerango,Tangèrang,Tanqeranq,dang ge lang,tan ge lang,tang-elang,tangeran,tangrang,tʼngrʼng,Тангеранг,טאנגראנג,تانگرانگ,ტანგერანგი,ᮒᮍᮛ,ᮒᮍᮨᮛᮀ,タンゲラン,坦格朗,當格朗,탕에랑",-6.17806,106.63,P,PPL,ID,,33,3671,,,1927815,,18,Asia/Jakarta,2026-06-11,Indonesia,AS,Other Asia,4,5,6,9,161,52.6131,33.957928,42.21087,40.03132,59.614304,60.435215,64.961525,65.04677,62.756588,59.668888,60.833057,40.811398,40.49382,0.7442712
1625812,Surakarta,Surakarta,"Kota Surakarta,Kutha Surakarta,SOC,Soerakarta,Solo,Sourakarta,Surakarta,Surakarte,sulakaleuta,suo luo,suo luo shi,surakarta,surakaruta,swrakarta,Σουρακάρτα,Суракарта,Суракарте,سوراكارتا,سوراکارتا,सुरकर्ता,სურაკარტა,スラカルタ,梭罗市,索罗,수라카르타",-7.55611,110.83167,P,PPL,ID,,07,3372,,,526870,,100,Asia/Jakarta,2026-06-11,Indonesia,AS,Other Asia,0,0,0,0,144,51.72793,49.05431,48.723217,66.29732,45.197777,47.679432,61.827637,46.219357,57.53939,54.599445,52.663578,46.81444,43.877823,0.56473297
1625822,Surabaya,Surabaya,"Kota Surabaya,Kutha Surabaya,SUB,Soerabaja,Soerabaya,Sourabaya,Sourampagia,Surabaia,Surabaja,Surabajo,Surabaya,si shui,sulabaya,sura ba ya,surabaia,surabaya,swrabaya,swrbyh,Σουραμπάγια,Сурабайа,Сурабая,Сурабаја,סורביה,سورابايا,سورابایا,สุราบายา,სურაბაია,スラバヤ,泗水,수라바야",-7.24917,112.75083,P,PPLA,ID,,08,3578,,,3018022,,8,Asia/Jakarta,2026-06-10,Indonesia,AS,Other Asia,0,0,0,0,148,47.486065,49.49006,40.209377,49.502285,53.932636,40.477154,43.877773,35.440865,34.02285,35.14778,51.697845,77.67098,58.326084,0.3693389
1626801,Situbondo,Situbondo,"Sitoebanda,Sitoebondo,Situbando,Situbondo,Ситубондо",-7.70623,114.00976,P,PPLA2,ID,,08,3512,,,685967,,36,Asia/Jakarta,2026-09-14,Indonesia,AS,Other Asia,0,0,0,0,145,17.226599,18.721506,20.950745,19.839247,17.29889,11.390593,14.852499,14.43992,15.600673,16.845695,16.003092,20.533472,20.623388,0.364688
1627549,Serang,Serang,"Kabupaten Serang,Serang,Серанг",-6.11528,106.15417,P,PPLA,ID,,33,3673,,,735651,,29,Asia/Jakarta,2026-09-14,Indonesia,AS,Other Asia,0,0,0,0,160,40.40905,20.94946,30.33616,26.49785,31.554585,37.562634,58.65222,61.360752,56.544487,59.742634,51.704838,21.803337,27.551073,0.58618593
1627896,Semarang,Semarang,"Kota Semarang,Kutha Semarang,SRG,Samarang,Semaran'nk,Semarang,Semarangas,Semaranq,cemaran,san bao long,san ma leng,se ma rang,semarangi,seumalang,smarang,smrʼng,sumaran,symarang,symaranj,Σεμαράνγκ,Семаранг,סמראנג,سمارانگ,سيمارانج,سیمارانگ,செமாராங்,เซมารัง,სემარანგი,スマラン,三孖冷,三宝垄,三寶瓏,ꦏꦛꦯꦩꦫ,ꦏꦸꦛꦯꦼꦩꦫꦁ,스마랑",-6.99306,110.42083,P,PPLA,ID,,07,3374,,,1694740,,18,Asia/Jakarta,2026-06-10,Indonesia,AS,Other Asia,0,0,0,0,152,28.428745,19.979702,15.966222,22.79785,30.887081,30.425943,34.40375,32.68293,31.705511,35.06014,35.531452,29.296387,21.715996,0.49935392
1629001,Samarinda,Samarinda,"Batoeng Panggol,Kota Samarinda,Kuta Samarinda,Kutha Samarinda,SRI,Samarinda,Samarynda,camarinta,sa ma rin da,samalinda,samarinda,samarynda,sha ma lin da,Самаринда,Самарында,ساماريندا,ساماریندا,سامارینڈا,சமாரிண்டா,ซามารินดา,サマリンダ,沙馬林達,사마린다",-0.49167,117.14583,P,PPLA,ID,,14,6472,,,865306,,24,Asia/Makassar,2026-06-11,Indonesia,AS,Other Asia,0,0,0,0,193,14.386227,13.728765,14.093751,12.417607,13.931945,14.061963,15.251529,12.267607,14.434007,16.966248,16.485348,15.431528,13.666398,0.346158
1630789,Pontianak,Pontianak,"Kota Pontianak,Kuta Pontianak,Kutha Pontianak,PNK,Pontianak,Pontianakas,Pontijanak,bwntyanak,kun dian,pn ti xa nak,pontianag,pontianakku,pwntyanak,pwnٹyank  anڈwnyshya,Понтианак,Понтіанак,פונטיאנק,بونتياناك,پونتیاناک,پونٹیاناک,پونٹیانک، انڈونیشیا,ปนตีอานัก,ポンティアナック,坤甸,폰티아낙",-0.03194,109.325,P,PPLA,ID,,11,6171,,,686019,,2,Asia/Pontianak,2026-06-11,Indonesia,AS,Other Asia,0,0,0,0,195,14.76139,11.343816,11.886904,11.781586,12.429583,13.129032,14.31125,18.554302,15.13777,14.483615,15.369222,21.236666,17.304838,0.33696425
1631761,Pekanbaru,Pekanbaru,"Kota Pekanbaru,Kutha Pekanbaru,PKU,Pakanbahru,Pakanbaroe,Pakanbaru,Pekanbaroe,Pekanbaru,bei gan ba lu,pekanbalu,pkanbarw,pukanbaru,pykanbarw,Пеканбару,پکانبارو,پیکانبارو,プカンバル,北干巴魯,페칸바루",0.51667,101.44167,P,PPLA,ID,,37,1471,,,1167599,,19,Asia/Jakarta,2026-06-10,Indonesia,AS,Other Asia,0,0,0,0,200,16.357737,13.356586,15.701338,15.442606,13.503472,18.022583,18.301807,22.028494,17.996906,15.93375,17.213173,16.236948,12.444623,0.42132583
1633070,Palembang,Palembang,"Kota Palembang,Kutha Palembang,PLM,Palembang,Palembangas,Palembanq,Palempan'nk,Palimbao,Palimbão,Palèmbang,Pelembang,Pelémbang,balymbanj,jiu gang,ju gang,pa lem bang,palembanga,pallembang,palmbang,palymbang,parenban,plmbʼng,Παλεμπάνγκ,Палембанг,פלמבאנג,باليمبانج,پالمبانگ,پالم‌بانگ,پالیمبانگ,पालेंबांग,ปาเล็มบัง,パレンバン,巨港,旧港,팔렘방",-2.91673,104.7458,P,PPLA,ID,,32,1671,,,1801367,,5,Asia/Jakarta,2026-06-10,Indonesia,AS,Other Asia,0,0,0,0,178,13.780633,8.806722,10.49494,9.900403,13.23875,14.954434,14.663749,14.441934,15.2938175,16.134027,15.931182,16.95278,14.426075,0.44773635
1633419,Padang,Padang,"Kota Padang,Kuta Padang,Kutha Padang,PDG,Padang,Padangas,Padango,ba dong,badangh,pa dang,padan,padang,padanga,padng  andwnzy,Паданг,بادانغ,پادانگ,پادنگ، اندونزی,پاڈانگ,पादांग,ปาดัง,パダン,巴東,파당",-0.94924,100.35427,P,PPLA,ID,,24,1371,,,942938,,6,Asia/Jakarta,2026-06-11,Indonesia,AS,Other Asia,0,0,0,0,189,16.093586,16.413979,18.313395,13.540459,12.975138,14.783869,17.637224,18.336695,18.223251,16.214027,20.121908,11.643473,14.943951,0.28647363
1636722,Malang,Malang,"Kabupaten Malang,Kota Malang,Kutha Malang,MLG,Maland,Malang,ma lang,malangh,malangi,mallang,malng,maran,Маланг,مالانغ,مالنگ,მალანგი,マラン,瑪琅,말랑",-7.9797,112.6304,P,PPL,ID,,08,3573,,,889359,,452,Asia/Jakarta,2026-06-11,Indonesia,AS,Other Asia,0,0,0,0,143,27.65941,24.92742,27.42515,29.16747,26.760277,26.18911,25.896248,21.555508,25.574461,25.082224,32.284676,35.846386,31.276348,0.6591707
1642548,Jepara,Jepara,"Djapara,Djepara,Dzhepara,Japara,Jepara,Yapara,jybara,Джепара,جيبارا",-6.5924,110.671,P,PPLA2,ID,,07,3320,,,1257912,,5,Asia/Jakarta,2026-09-14,Indonesia,AS,Other Asia,0,0,0,0,155,26.6293,19.793818,15.4632435,24.338175,31.845837,26.930513,28.417776,28.629972,26.324596,29.540277,31.3293,32.963894,23.417742,0.5450933
1642858,Jambi City,Jambi City,"DJB,Djambi,Dzhambi,Jambi,Jambi City,Sriindrapura,Telanaipura,jamby,Джамби,جامبي",-1.6,103.61667,P,PPLA,ID,,05,1571,,,635101,,21,Asia/Jakarta,2026-06-11,Indonesia,AS,Other Asia,0,0,0,0,185,14.085048,9.814784,11.657738,11.135484,13.603194,15.174461,13.953749,18.33535,15.504168,14.526669,15.526211,16.506666,13.119759,0.39631608
1642911,Jakarta,Jakarta,"Batavia,Big Durian,Cakarta,Cakʻartʻa,D'akarta,Daerah Khusus Ibukota Jakarta,Djakarta,Djogkarta,Dki Jakarta,Dzakarta,Dzhakarta,Dzhakartae,Dżakarta,Džakarta,Gakarto,Giacarta,Iacarta,Iacárta,JKT,Jacarta,Jakarta,Jakarte,Jakartè,Jayakarta,Jogkarta,Koningin van het Oosten,New York Van Java,Nga-ka-that Su-tu Thit-khi,Ngâ-kâ-tha̍t Sú-tû Thi̍t-khî,Sakata,Sunda Kelapa,Sundapura,Tzakarta,Xacarta,Xhakarta,Yajgyadaz,Yakarta,Zhakarta,ba da wei ya,batavuia,cakarta,g'qrth,jakaleuta,jakarata,jakarta,jakartta,jakaruta,jkarta,wu jiao wei,ya jia da,ye jia da,Ĝakarto,Τζακάρτα,Џакарта,Джакартæ,Джакарта,Дьакарта,Жакарта,Ճաքարթա,Ջակարտա,ג'קרטה,דזשאקארטא,جاكارتا,جاکارتا,جکارتا,جکارتہ,जकार्ता,জাকার্তা,ਜਕਾਰਤਾ,જાકાર્તા,ଜାକର୍ତା,ஜகார்த்தா,జకార్తా,ಜಕಾರ್ತ,ജക്കാർത്ത,จาการ์ตา,ཊ་ཁར་ཏ།,ဂျကာတာမြို့,ჯაკარტა,ጃካርታ,ចាការតា,ジャカルタ,バタヴィア,勿礁維,勿礁维,巴达威亚,耶加達,雅加达,雅加達,자카르타",-6.21462,106.84513,P,PPLC,ID,,04,,,,8540121,,16,Asia/Jakarta,2026-02-23,Indonesia,AS,Other Asia,6,9,6,10,154,72.88727,45.840588,56.859974,54.206722,72.6332,73.07916,91.4396,90.611824,92.58548,90.69848,93.78482,55.702213,56.26452,0.74315125
1645524,Depok,Depok,"Dehpak,Depok,Depok kutha,Depokas,Dèpok,Kota Depok,Kota Dépok,de bo,de bo shi,depokku,dpwq,Депок,Дэпак,Դեպոկ,דפוק,ᮓᮦᮕᮧᮊ᮪,デポック,德博,德博市",-6.4,106.81861,P,PPL,ID,,30,3276,,,2163635,,92,Asia/Jakarta,2026-06-11,Indonesia,AS,Other Asia,3,5,6,10,154,72.88727,45.840588,56.859974,54.206722,72.6332,73.07916,91.4396,90.611824,92.58548,90.69848,93.78482,55.702213,56.26452,0.6803179
1645528,Denpasar,Denpasar,"DPS,Dehnpasar,Dempasar,Dempassar,Denpasar,Denpasar - Bali,Denpasar Bali,Denpasaras,Kota Denpasar,Kutha Denpasar,Ntenpasar,dan pa sha,denapasara,denpasaleu,denpasaru,dnpasar,Ντενπασάρ,Денпасар,Дэнпасар,דנפסאר,دنپاسار,ڈنپاسار,ڈنپسار,देनपसार,દેનપસાર,ဒန်ပါဆာမြို့,დენპასარი,デンパサール,丹帕沙,덴파사르",-8.65,115.21667,P,PPLA,ID,,02,5171,,,670210,,33,Asia/Makassar,2026-06-10,Indonesia,AS,Other Asia,0,1,0,1,139,11.097201,10.994757,14.237648,12.883735,7.883333,10.291129,9.180279,9.523656,10.928629,11.07014,13.001074,10.928055,12.376076,0.30062333
1646448,Cimahi,Cimahi,"Chimahi,Cimahi,Cimahi kutha,Kimakhi,Kota Cimahi,Tjimahi,Tjimaki,Кимахи",-6.87222,107.5425,P,PPL,ID,,30,3277,,,581994,,764,Asia/Jakarta,2026-09-14,Indonesia,AS,Other Asia,0,0,0,0,151,67.782715,51.20551,55.07722,54.54476,61.51694,67.30699,74.856674,76.66088,72.9168,77.52195,83.271645,73.18166,64.616394,0.63257474
1648473,Bogor,Bogor,"Bogor,Bogoro,Buitenzorg,Kota Bogor,Kutha Bogor,bogoleu,bogori,bogoru,bwgwr,bwkwr,mao wu,Богор,بوكور,بوگور,ბოგორი,ボゴール,茂物,보고르",-6.59444,106.78917,P,PPL,ID,,30,3271,,,1078351,,245,Asia/Jakarta,2026-06-11,Indonesia,AS,Other Asia,0,2,4,8,154,72.88727,45.840588,56.859974,54.206722,72.6332,73.07916,91.4396,90.611824,92.58548,90.69848,93.78482,55.702213,56.26452,0.55120844
1649378,Bekasi,Bekasi,"Bekasi,Bekasis,Bekaso,Kota Bekasi,Kutha Bekasi,beukasi,bkasy,bukashi,bykasy,wu jia si,Μπεκάσι,Бекаси,Бекасі,בקאסי,بيكاسي,بکاسی,ბეკასი,ᎠᎴᏂ,ブカシ,勿加泗,브카시",-6.2349,106.9896,P,PPL,ID,,30,3275,,,2648272,,18,Asia/Jakarta,2026-06-11,Indonesia,AS,Other Asia,5,8,6,10,154,72.88727,45.840588,56.859974,54.206722,72.6332,73.07916,91.4396,90.611824,92.58548,90.69848,93.78482,55.702213,56.26452,0.74315125
1650213,Banjarmasin,Banjarmasin,"BDJ,Bandgermasin,Bandjarmasin,Bandjermasin,Bandjermassin,Bandzharmasin,Banjarmasin,Banjermasin,Banyermasin,Банджармасин",-3.31987,114.59075,P,PPLA2,ID,,12,6371,,,657663,,8,Asia/Makassar,2025-04-20,Indonesia,AS,Other Asia,0,0,0,0,176,14.06458,11.139649,13.404317,11.949464,13.496111,14.13508,14.669305,12.864785,15.304972,16.71139,16.609003,14.942363,13.5994625,0.30825385
1650357,Bandung,Bandung,"BDO,Bandoeng,Banduna,Bandung,Bandungas,Bandungo,Bandunq,Bantoun'nk,Kota Bandung,Kuta Bandung,Kutha Bandhung,ban dung,bandon,bandung,bandungi,bandwng,bandwnj,bndwng,pantun,wan long,Μπαντούνγκ,Бандунг,Бандуң,Բանդունգ,באנדונג,باندونج,باندونگ,بندونگ,بنڈونگ,பண்டுங்,บันดุง,ဘန်ဒေါင်းမြို့,ბანდუნგი,バンドン,万隆,萬隆,반둥",-6.92222,107.60694,P,PPLA,ID,,30,3273,,,2528163,,714,Asia/Jakarta,2026-06-10,Indonesia,AS,Other Asia,0,0,0,0,151,67.782715,51.20551,55.07722,54.54476,61.51694,67.30699,74.856674,76.66088,72.9168,77.52195,83.271645,73.18166,64.616394,0.63257474
1650527,Balikpapan,Balikpapan,"BPN,Balikpapan,Balikpapanas,Kota Balikpapan,Kutha Balikpapan,ba li ba ban,ba lik pa pan,balligpapan,balyk‌papan,barikupapan,Баликпапан,بالیک‌پاپان,บาลิก์ปาปัน,ဘာလစ်ပါပန်မြို့,ბალიკპაპანი,バリクパパン,巴厘巴板,발릭파판",-1.26753,116.82887,P,PPLA2,ID,,14,6471,,,695287,,67,Asia/Makassar,2023-02-08,Indonesia,AS,Other Asia,0,0,0,0,188,12.5141535,12.724057,14.164434,11.341937,12.940973,11.961425,11.413891,9.917204,11.798252,13.6416645,14.755241,13.809168,11.917742,0.2780909
6295587,Batam,Batam,"BTH,Batam,Kota Batam,Kutha Batam,ba dan dao,bata m,batam,batam seom,batama,batamu dao,batm,Батам,باتام,باتم,बाटम,บาตัม,バタム島,巴淡島,바탐 섬",1.14937,104.02491,P,PPL,ID,,37,,,,1296960,,38,Asia/Jakarta,2026-06-11,Indonesia,AS,Other Asia,1,2,6,11,202,17.418423,13.083736,14.48601,17.947042,18.029858,21.03562,20.08125,19.365725,14.911023,15.783332,20.605646,18.189306,15.2963705,0.32427084
8581443,South Tangerang,South Tangerang,"South Tangerang,South Tangerang City,Tangerang Selatan,Tangerang-Selatan,Тангеранг-Селатан",-6.28862,106.71789,P,PPL,ID,,33,3674,,,1429529,,39,Asia/Jakarta,2026-09-14,Indonesia,AS,Other Asia,4,7,6,10,154,72.88727,45.840588,56.859974,54.206722,72.6332,73.07916,91.4396,90.611824,92.58548,90.69848,93.78482,55.702213,56.26452,0.6584392
2964574,Dublin,Dublin,"Baile Atha Cliath,Baile Átha Cliath,Ciuda de Dublin,Ciudá de Dublín,DUB,Dablin,Diblin,Difelin,Divlyn,Doublino,Dublin,Dublin city,Dublina,Dublinas,Dublini,Dublino,Dublinu,Dublín,Dublîn,Dueblin,Dulenn,Dulyn,Dyflinn,Düblin,Eblana,dabalina,dablin,dablina,daburin,dbln,dblyn,deobeullin,dou bai lin,dublini,dwblyn,taplin,Δουβλίνο,Даблин,Дублин,Дублін,Дъблин,Դուբլին,דבלין,דובלין,دبلن,دوبلين,دوبلین,دۇبلىن,ڈبلن,ډبلن,ܕܒܠܢ,डब्लिन,दब्लिन,ডাবলিন,ਡਬਲਿਨ,டப்லின்,ಡಬ್ಲಿನ್,ഡബ്ലിൻ,ดับลิน,དུབ་ལིན།,ဒပ်ဗလင်မြို့,დუბლინი,ደብሊን,ダブリン,都柏林,더블린",53.33306,-6.24889,P,PPLC,IE,,L,33,,,1024027,,17,Europe/Dublin,2022-03-09,Ireland,EU,Europe,23,26,26,33,1566,6.5641,5.286559,5.101936,7.9799743,9.895834,8.778092,7.6737494,6.2729836,7.6805115,4.736806,6.7110224,3.6166666,4.882796,0.1981027
281184,Jerusalem,Jerusalem,"Aelia Capitolina,Al Quds,Al-Kuds,Al-Qudis,Al-Quds,Al-Qudıs,Ariel,Baitul Maqdis,Baitulmuqaddis,Bajtul Makudis,Bayt al-Maqdis,Bayt al-Muqaddas,Cherusalem,City of David,Colonia Aelia Capitolina,Djeruzalem,El Kuds,El Quds esh Sherif,Erusagem,Erusalim,Geruesalem,Gerusalem,Gerusalemme,Gerüsalem,Gierusalemme,Girusalemmi,Herusale,Herusalem,Herusalẽ,Hierosolyma,Hierousalem,Hierousalēm,Hierusalem,Hiruharama,IJerusalem,Ia-lo-sak-leng,Ia-lo-sat-leng,Iarusaileim,Iarúsailéim,Iebous,Iebus,Ierosolyma,Ierousalem,Ierousalimu,Ierusalem,Ierusalema,Ierusalim,Ir David,Ir Ha-Qdoosha,Ir Ha-Qodesh,Iyerusalim,Ià-lô-sák-lēng,Iâ-lō͘-sat-léng,Iýerusalim,JRS,Jarusalen,Jeriwsalem,Jerozale,Jerozalė,Jerozolema,Jerozolima,Jerozolëma,Jerusalem,Jerusalemi,Jerusalemo,Jerusalemu,Jerusalen,Jerusalim,Jerusalèm,Jerusalém,Jerusalén,Jeruusalemm,Jeruzale,Jeruzalem,Jeruzaleme,Jeruzalim,Jeruzalém,Jeruzalė,Jeruzsalem,Jeruzsálem,Jerúsalem,Jerúsálẹ́mù,Jorsala,Jorsalaborg,Jorsalir,Jérusalem,Jórsalaborg,Jórsalir,Kouds,Kudues,Kudus,Kudüs,Kuuds-GӀala,Moria,Morias,Orcalim,Orselim,Orşelîm,Quddus,Qudus,Queds,Qüds,Salem,Sion,Solyma,Urselim,Urshalim,Urusalim,Urušalim,Urşelim,Xerusalen,Xerusalén,Ya-lu-sat-lang,Yerusalem,Yerusalemi,Yerusalemu,Yerusalémi,Yerushalayim,Yerusəlim,Yirushalayim,Yirushalāyim,Yâ-lu-sat-lâng,Yérusalem,Zion,al-Balat,al-Quds as-Sarif,al-Quds aš-Šarīf,albla,alqds,alqds alshryf,alquds,aryyyl,auwrshalym,awly alqbltyn,awrsalm,awrshlym,awrshlym alqds,awrslyman,bayt‌almuqdas,byt almqds,erucalem,erusaremu,haqodes,ierusalimi,jerusalama,jerusalem,jerusalema,jeruselama,lqds,mdynt alqds,mrya,mworiyah,mwryh,quds,qudus,qۇds,salem,salym,shywn,slm,wrshlym,yarusalama,ybws,ye lu sa leng,ye ru sa lem,yebws,yelusallem,yerwsalami,yerwsalayim,yerwselem,yrwshlm,yrwslm,yrwslym,ywrshەlym,ziywon,zywn,Αριηλ,Ιεβους,Ιεροσολυμα,Ιεροσόλυμα,Ιερουσαλήμ,Ιερουσαλημ,Μωριας,Σαλημ,Σιων,Σολυμα,Єрусалим,Іерусалім,Їєроусалимъ,Јерусалим,Байтул Макъдис,Ерусалим,Иерусалим,Йерусалим,Кудус,Къудс-ГӀала,Уршалим,Երուսաղեմ,Երուսաղէմ,אֵילִיָּה קַפִּיטוֹלִינָה,הַקֹּדֶשׁ,יְבוּס,יְרוּשְׁלֶם,יְרוּשָׁלַיִם,יְרוּשָׁלַםִ,יְרוּשָׁלָםִ,יבוס,ירושלים,ירושלם,מוֹרִיָּה,מוריה,צִיּוֹן,ציון,שָׁלֵם,שלם,أورسالم,أورشليم,أورشليم القدس,أولى القبلتين,أُورشَليم,إيلياء,ئورشەلیم,اريئيل,البلا,القدس,القدس الشريف,القُدس,القُدْس,اورسلیمان,اورشلیم,بيت المقدس,بَیْت‌المُقدَّس,بیت المقدس,ساليم,صهيون,قُدس,قۇدس,لقدس,مدينة القدس,مريّا,ورشليم,يبوس,یروشلم,ܐܘܪܫܠܡ,ܨܗܝܘܢ,ޤުދުސް,जेरुसलेम,जेरुसेलम,जेरूसलम,यरुशलम,জেরুসালেম,ਜੇਰੂਸਲਮ,ଜେରୁସାଲେମ,எருசலேம்,జెరూసలేం,ಜೆರುಸಲೆಂ,ജെറുസലേം,เยรูซาเลม,ເຢ​ຣູ​ຊາ​ເລັມ,ཇེ་རུ་ས་ལེམ།,ဂျေရုဆလင်မြို့,იერუსალიმი,እየሩሳሌም,エルサレム,耶路撒冷,예루살렘,𐌹𐌰𐌹𐍂𐌿𐍃𐌰𐌿𐌻𐍅𐌼𐌰",31.76904,35.21633,P,PPLA,IL,,06,,,,971800,,786,Asia/Jerusalem,2025-09-23,Israel,AS,MENA,15,15,41,42,752,19.673136,25.696236,18.863392,25.330782,22.418612,17.444218,17.712776,16.27863,16.985888,14.737362,12.706722,29.274723,18.72581,0.18658113
1252948,Warangal,Warangal,"Ekasila Nagaram,Orugallu,Varangal,Varangalas,WGC,Warangal,raarangala,varangal,varangal jilla,varangala,varangala-nagaram,varankal,wa lang jia er,walang-gal,warangala,warangaru,warangl,wrnjl,Варангал,وارانگل,ورنجل,वरंगल,वरङ्गल-नगरम्,वारंगल,वारंगळ,ৱারাঙ্গাল,વારંગલ,ୱାରଙ୍ଗଲ,வாரங்கல்,వరంగల్ జిల్లా,ವರಂಗಲ್,വാറങ്കൽ,ワランガル,瓦朗加尔,와랑갈",18.0,79.58333,P,PPLA2,IN,,40,686,4695,,704570,,258,Asia/Kolkata,2025-08-05,India,AS,South Asia,0,0,0,0,406,32.357258,51.42419,40.142857,32.776478,30.279865,31.708868,23.406666,15.83656,18.689247,21.706251,25.443953,43.980976,53.320297,0.6620106
1253102,Visakhapatnam,Visakhapatnam,"VTZ,Vaisakhapattanam,Vaisākhapattanam,Visak,Visakha,Visakhapatnam,Visakhapatnamas,Vishakapatnam,Vishakhapatanam,Vishakhapatnam,Vishakkhapatnam,Vishākhapatnam,Visákhapatnam,Vizag,Vizag City,Vizagapatam,Vizagapatnam,bisakhapatana,bisakhapattama,bisyakapateunam,fshakabatnm,fysakhabatnam,fyshakhabatnam,vicakappattinam,visakhapatanama,visakhapatnam,visakhapattanam,visakhapattanama,vuishakapatonamu,w shakھa pٹnm,wei sha ka pa te nan,wisakha pat tnam,wshakapatnm,wshakھ pٹnm,wshakھapٹnm,wysakapatnam,Визагапатнам,Вишакхапатнaм,Вишакхапатнам,Вішакхапатнам,Վիշակհապատնամ,فشاكاباتنم,فيساخاباتنام,فيشاخاباتنام,و شاکھا پٹنم,وشاکاپاتنم,وشاکھ پٹنم,وشاکھاپٹنم,ويساکاپټنام,ویساکاپاتنام,ویساکھاپتنام,विशाखपट्टणम्,विशाखापट्टणम,विशाखापत्तनम,বিশাখাপত্তম,વિશાખાપટનમ,ବିଶାଖାପାଟଣା,விசாகப்பட்டினம்,విశాఖపట్నం,ವಿಶಾಖಪಟ್ಟಣಂ,വിശാഖപട്ടണം,วิศาขาปัตตนัม,ვიშაქაპატნამი,ვიშაქჰაპატნამი,ヴィシャーカパトナム,维沙卡帕特南,비샤카파트남",17.68009,83.20161,P,PPLA2,IN,,02,544,4869,,1063178,,24,Asia/Kolkata,2026-04-29,India,AS,South Asia,1,1,1,1,402,37.506493,64.77755,44.7311,31.182259,25.574163,30.891531,28.01375,21.903894,24.738577,31.165693,28.147446,47.38417,71.68978,0.63989335
1253133,Virār,Virar,"Vasai-Virar City,Virar,Virār,Вирар",19.45591,72.81136,P,PPL,IN,,16,665,4164,,1222390,,9,Asia/Kolkata,2026-09-14,India,AS,South Asia,3,3,34,34,440,27.146006,49.34516,34.124996,29.622849,26.183054,21.443283,18.137362,16.100807,14.628091,14.4881935,26.155241,41.403053,34.52527,0.6330587
1253184,Vijayawada,Vijayawada,"Bejawada,Bezawada,Bezwada,Bezwāda,VGA,Vidzajavada,Vidzhajavada,Vidzsajavada,Vidzsajavádá,Vidžajavada,Vijajauada,Vijajaŭada,Vijayavada,Vijayavādā,Vijayawada,Vijayawāda,Widzajawada,Widźajawada,bejavada,bijayabada,bijayarada,bijayawada,bijayawara,fjayawada,fyjayawada,vicayavata,vijaiavada,vijaivara,vijayavada,vijayavara,vijayavata,vuijayawada,wei jie ya wa da,wjyawada,wjyے waڑہ,wyjyawada,Виджаявада,Виџајавада,Віджаявада,ויגיאוואדה,فجاياوادا,فيجاياوادا,وجئے واڑہ,وجیاوادا,ويجیواډا,ویجایاواڈا,ویجیاوادا,विजयवाड़ा,विजयवाडा,বিজযবাডা,বিজয়াৱদা,ਵਿਜਯਵਾਡਾ,ਵਿਜੈਵਾੜਾ,વિજયવાડા,ବିଜୟୱାଡ଼ା,ଵିଜଯଵାଡା,விசயவாடா,விஜயவாடா,బెజవాడ,విజయవాడ,ವಿಜಯವಾಡ,വിജയവാഡ,ვიჯაიავადა,ヴィジャヤワーダ,维杰亚瓦达,비자야와다",16.50745,80.6466,P,PPL,IN,,02,749,5010,,1143232,,47,Asia/Kolkata,2025-02-26,India,AS,South Asia,5,5,5,5,387,32.704403,54.53859,36.67352,25.290457,22.07972,27.217073,24.909582,17.757929,20.046774,23.77653,21.91196,45.36403,72.797035,0.68366796
1253405,Varanasi,Varanasi,"Banaras,Banares,Banāras,Benares,Benarés,Bənarəs,Kashi,Kasi,Kāsi,VNS,Varanasi,Varanasio,Varanasis,Varanassi,Vârânasî,Vārānasi,Waranasi,balanasi,baranasi,bnars,faranasy,kasi,pha ran si,varanaci,varanasi,wa la na xi,waranashi,waranasy,waransy,Варанаси,Варанасі,بنارس,فاراناسي,واراناسی,وارانسي,وارانسی,काशी,वाराणसी,বারানসি,வாரணாசி,พาราณสี,ワーラーナシー,瓦臘納西,바라나시",25.31668,83.01041,P,PPL,IN,,36,197,996,,1164404,,86,Asia/Kolkata,2026-07-24,India,AS,South Asia,4,4,4,4,575,58.987923,103.35578,57.955204,44.24153,42.047783,42.302547,38.46014,36.84422,29.760483,37.285416,57.534008,93.46931,123.702415,0.81976604
1253573,Vadodara,Vadodara,"BDQ,Baroda,Vadadara,Vadodara,Vadodarae,Vadodaro,Vadódara,Vantontara,Vapadedara,ba luo da,badodala,barodara,bhadodara,fadwdara,radodara,vadeadara,vadodara,varodara,vatotara,vuadodara,wa duo da la,wadwdara,wdwdrh,wtho thra,Βαντόνταρα,Вaдодaрa,Вададара,Вадодарæ,Вадодара,Վադոդարա,ואדודארה,فادودارا,وادودارا,ودودره,وڈودرا,वड़ोदरा,वडोदरा,वदोदरा,বড়োদরা,ৱডোদরা,ਵਡੋਦਰਾ,વડોદરા,ଭଦୋଦରା,வடோதரா,వడోదర,ವಡೋದರಾ,വഡോദര,වඩොඩරා,วโฑทรา,ვადოდარა,ᱵᱚᱰᱳᱫᱚᱨᱟ,ヴァドダラ,ヴァドーダラー,巴罗达,瓦多达拉,瓦多達拉,바도다라",22.29941,73.20812,P,PPL,IN,,09,486,3898,,1822221,,46,Asia/Kolkata,2026-01-15,India,AS,South Asia,1,1,1,1,499,31.102913,48.17379,34.939434,29.524189,25.766247,26.91949,22.132221,20.116398,17.970835,22.469582,37.89503,53.45598,34.224064,0.60101473
1253894,Ulhasnagar,Ulhasnagar,"Oulasnankar,Ulasnagar,Ulasnagara,Ulasnagaras,Ulhasnagar,Ulhásnagar,Ulhāsnagar,Ulkhasnagar,awlasnagr,awlasnaqr,awlhasnghr,awlhasnjr,awlhsngr,ul'hacanakar,ul'hasanagara,ulahasanagara,ulhaseunagaleu,ulhasnagari,ullas nagar,ullasanagara,ullasnagara,uruhasunagaru,wu er ha si ne ge er,xul has sna kha,Ουλασναγκάρ,Уласнагар,Улхаснагар,أولهاسنغر,الھاس نگر ممبئي,الہاس نگر,الہسنگر,اولاسناقر,اولاسناگر,اولهاسنجر,اولهسنگر,उल्हासनगर,উল্লাসনগর,উল্লাসনগৰ,ਉਲਹਾਸਨਗਰ,ઉલ્હાસનગર,உல்ஹசநகர்,ఉల్లాస్ నగర్,ಉಲ್ಲಾಸ್ನಗರ,උල්හාස්නගර්,อุลหัสสนาคา,ულჰასნაგარი,ᱩᱞᱦᱟᱥᱱᱚᱜᱚᱨ,ウールハースナガル,乌尔哈斯讷格尔,烏爾哈斯訥格爾,울하스나가르",19.21667,73.15,P,PPL,IN,,16,517,4168,,516584,,10,Asia/Kolkata,2024-01-06,India,AS,South Asia,14,14,44,44,430,35.623405,57.81721,44.399708,43.578762,39.83125,34.282253,23.559305,18.526747,21.064648,24.543058,30.290052,48.05473,42.172714,0.78199625
1253914,Ujjain,Ujjain,"Outzen,Uddzhajn,Uddzsain,Uddzsaín,Udzaina,Udzainas,Udzajin,Udzdzain,Udzhdzhajn,Udžaina,Udžainas,Udždžain,Ujjain,Ujjaini,Ujjayn,ajyn,awjayn,awjayyn,awjyn,ujain,ujaina,ujaini,ujjain,ujjaina,ujjayin,ujjayini,ujjeyan,wu du yan na,wu gu yin,xuch chen,Ουτζέν,Удджайн,Уджджайн,Уџајин,אוג'יין,أوجاين,اجین,اوجائین,اوجاين,اوجین,اوجېن,उज्जयिनी,उज्जैन,উজ্জয়িনী,উজ্জৈন,ਉੱਜੈਨ,ઉજ્જૈન,ଉଜ୍ଜୈନ,உஜ்ஜைன்,ఉజ్జయిన్,ಉಜ್ಜೆಯನ್,ഉജ്ജയിൻ,උජ්ජයින්,อุชเชน,უჯაინი,ᱩᱡᱡᱮᱱ,ウッジャイン,乌贾因,烏賈因,鄔闍衍那,우자인",23.18239,75.77643,P,PPL,IN,,35,435,7007,,515215,,494,Asia/Kolkata,2025-05-25,India,AS,South Asia,1,1,4,4,520,30.328133,45.625267,28.167261,19.950937,21.315279,27.288576,20.966667,19.040997,20.95242,20.863195,41.734272,56.876534,40.905247,0.5660509
1254163,Thiruvananthapuram,Thiruvananthapuram,"City of Lord Anantha,TRV,TVM,Thiruvananthapuram,Tiruvananantapuram,Tiruvanantapuram,Tiruvanantapuramas,Tkhiruvanantkhapuram,Trivandrum,te li fan de lang,thyrwfananthabwram,tilubanantapulam,tiru'anantapuram,tirubanantapurama,tiruvanantapuram,tiruvanantapurama,tiruvuanantapuramu,tribanadrama,tribendrama,trywandrwm,trywwndrwm,Тируванантапурам,Тхіруванантхапурам,טריוונדרום,تریواندروم,تریوینڈرم,تھیروواننتھاپورم,ثيروفانانثابورام,तिरुअनन्तपुरम्,तिरुवनंतपुरम,तिरुवनन्तपुरम,तिरुवनन्तपुरम्,তিরুবনন্তপুরম,ত্রিবানদ্রাম,તિરુવનંતપુરમ્,ତ୍ରିବେନ୍ଦ୍ରମ,திருவனந்தபுரம்,తిరువనంతపురం,ತಿರುವನಂತಪುರಮ್,തിരുവനന്തപുരം,ティルヴァナンタプラム,特里凡得琅,티루바난타푸람",8.4855,76.94924,P,PPLA,IN,,13,601,5691,,788271,,18,Asia/Kolkata,2025-05-24,India,AS,South Asia,2,2,2,2,270,16.563791,28.972849,24.89092,17.31868,14.8975,11.825672,10.126249,9.892876,10.455244,10.14014,10.690054,16.105,33.772717,0.3975353
1254348,Tiruppur,Tiruppur,"Tiruppur,Tiruppūr,Tirupur,di lu pu,tiruppur,tiruppura,tiruppuru,tirupura,tyrwpwr,Тируппур,Тирупур,تيروپور,تیروپور,तिरुपुर,तिरुपूर,तिरूपुर,তিরুপ্পুর,திருப்பூர்,ತಿರುಪ್ಪೂರು,തിരുപ്പൂർ,蒂魯普",11.11541,77.35456,P,PPL,IN,,25,633,5968,,963173,,305,Asia/Kolkata,2024-01-06,India,AS,South Asia,1,1,3,3,307,24.204952,42.95739,35.200596,25.720024,28.67639,15.726344,12.578472,10.5372305,12.342875,14.011945,19.410353,34.02847,40.090725,0.3781117
1254361,Tirunelveli,Tirunelveli,"Nellai,Tinnevelli,Tinnevelly,Tinnevelly Junction,Tirunelveli,Tirunelweli,di lu nei er wei li,tilunelbelli,tirunalaveli,tirunelabeli,tirunelaveli,tirunelveli,tiruneruvueri,trwnlwyly,tyrwnlfly,tyrwnlwly,tyrwnlwyly,tyrwnylwyly,Тирунелвели,ترونلویلی,تيرونلفلي,تيرونيلويلي,تیرونلولی,تیرونلویلی,तिरुनलवेली,तिरुनॆल्वेलि,तिरुनेल्वेली,तिरूनेलवेली,তিরুনেলবেলি,તિરુનેલવેલી,திருநெல்வேலி,తిరునెల్వేలి,ತಿರುನೆಲ್ವೆಲಿ,തിരുനെൽ‌വേലി,ティルネルヴェーリ,蒂魯內爾維利,티루넬벨리",8.72742,77.6838,P,PPLA2,IN,,25,628,5876,,1435844,,49,Asia/Kolkata,2024-01-06,India,AS,South Asia,1,1,1,1,272,16.951618,27.016127,20.700745,19.569218,20.640139,10.986829,7.558889,6.157527,7.922312,8.681667,13.405783,26.790281,34.21935,0.3461891
1254388,Tiruchirappalli,Tiruchirappalli,"TRZ,Tiruccirappalli,Tiruccsirapalli,Tiruccsirápalli,Tiruchchinappalli,Tiruchchināppalli,Tiruchchirappalli,Tiruchchirāppalli,Tiruchi,Tiruchirapali,Tiruchirapalli,Tiruchirappalli,Tiruchirappal·li,Tirucirapali,Tiruĉirapali,Tiruččiráppalli,Trichinapalli,Trichinopoli,Trichinopoly,Trichy,Trinchinopoly,di lu ji la pa li,tiluchilapalli,tiruccirappalli,tiruchiraparri,tirucirapalli,tirutchirapparri,tricimalaidurgam,trwchraply,tyrwchyrapaly,tyrwchyraply,Тиручирапали,Тируччираппалли,Тіручірапаллі,تروچراپلی,تيروچيراپلي,تیروچیراپالی,ٹyrwchyrapaly,ٹیروچیراپالی,ट्रिचिमलैदुर्गम्,तिरुचिरापल्ली,तिरुचिरापळ्ळि,তিরুচিরাপল্লী,திருச்சிராப்பள்ளி,ತಿರುಚ್ಚಿರಾಪ್ಪಳ್ಳಿ,തിരുച്ചിറപ്പള്ളി,ティルチラーパッリ,ティルッチラーッパッリ,蒂魯吉拉帕利,티루치라팔리",10.8155,78.69651,P,PPL,IN,,25,614,5779,,1022518,,79,Asia/Kolkata,2024-01-06,India,AS,South Asia,2,2,4,4,298,21.119701,33.02016,33.489433,24.774063,22.711246,17.163443,10.406945,7.241667,11.08078,11.267639,17.357527,29.858751,35.931725,0.38453138
1254661,Thāne,Thane,"Tane,Tanna,Thana,Thane,Thāna,Thāne,Tkhana,Tkhane,ta na,tanh,tany,thane,thyn,tʼnh,tھanے,tہanہ,Τάνε,Тане,Тхана,Тхане,טאנה,تانه,تاني,تانی,تھانے,تہانہ,ثين,ठाणे,ਠਾਣੇ,ಠಾಣೆ,塔那",19.19704,72.96355,P,PPL,IN,,16,517,4165,,1841488,,23,Asia/Kolkata,2025-12-15,India,AS,South Asia,36,36,45,45,429,35.935875,62.394894,46.348507,39.727283,33.99361,26.821642,21.874304,19.781855,19.144625,19.259447,35.458736,54.715836,52.26895,0.6667993
1254745,Teni,Teni,"Teni,Theni,Tkheni,Тхени",10.01115,77.47772,P,PPLX,IN,,25,624,5844,,1034724,,300,Asia/Kolkata,2024-01-06,India,AS,South Asia,0,0,0,0,285,21.04709,35.903633,29.066513,22.188576,27.23625,16.012232,9.910279,7.930243,10.34637,11.7536125,16.425135,27.8075,38.51949,0.36746344
1255364,Surat,Surat,"STV,Surat,Suratas,Surate,Surato,Sūrat,curat,su la te,surata,surato,Сурат,सुरत,सूरत,সুরাত,સુરત,சூரத்,スーラト,苏拉特",21.19594,72.83023,P,PPLA2,IN,,09,492,3937,,4591246,,20,Asia/Kolkata,2026-08-30,India,AS,South Asia,1,1,1,1,474,41.237736,65.27487,53.692715,47.816536,38.740414,32.249325,26.306244,23.458065,23.145027,27.516947,47.5086,62.32528,47.699596,0.63308376
1255634,Srinagar,Srinagar,"Caspira,SXR,Shrinagar,Srinagar,Srinagaras,Srinagaro,Srinankar,Srinigar,Srynagar,Srīnagar,Suryanagar,Szrinagar,cirinakar,seulinagaleu,shurinagaru,si li na jia,sirinagara,siry nagar,srinagar,srinagara,srinagaram,srinagari,srinkhr,sry nghr,sry ngr,srynaghar,srynghr,sryngr,Śrinagar,Šrinagaras,Šrínagar,Σριναγκάρ,Сринагар,Срынагар,Срінагар,Шринагар,Սրինագար,סרינגאר,جموں,سري نغر,سري نگر,سريناغار,سرينغر,سری نگر,سرینگر,سِری نَگَر,श्रीनगर,श्रीनगरम्,सिरीनगर,শ্রীনগর,ਸ੍ਰੀਨਗਰ,શ્રીનગર,ଶ୍ରୀନଗର,சிறிநகர்,శ్రీనగర్,ಶ್ರೀನಗರ,ശ്രീനഗർ,ศรีนคร,სრინაგარი,シュリーナガル,斯利那加,스리나가르",34.08565,74.80555,P,PPLA,IN,,12,010,43,,1206419,,1589,Asia/Kolkata,2025-05-24,India,AS,South Asia,1,3,1,3,840,39.30669,61.01855,46.961754,39.859676,30.910557,28.086561,32.008472,28.496372,36.375813,33.571667,33.726883,45.20764,55.69611,0.5439293
1256436,Sholapur,Sholapur,"SSE,Sholapur,Sholāpur,Solapur,Solāpur,solapura,sollapura,sorapuru,Солапур,सोलापूर,ಸೊಲ್ಲಾಪುರ,ソーラープル",17.67152,75.91044,P,PPL,IN,,16,526,4247,,997281,,473,Asia/Kolkata,2024-01-06,India,AS,South Asia,3,3,3,3,400,21.40101,32.605644,27.454023,27.0246,27.871805,17.577015,13.559028,7.520026,10.200403,11.598749,19.626884,29.759579,32.50941,0.5275628
1256525,Siliguri,Siliguri,"Shiliguri,Silguri,Siligun,Siliguri,Silīguri,Silīgurí,siliguri,xi li gu li,Силигури,सिलीगुड़ी,শিলিগুড়ি,西里古里",26.71004,88.42851,P,PPL,IN,,28,327,2162,,515574,,124,Asia/Kolkata,2024-01-06,India,AS,South Asia,1,1,1,1,618,46.174133,77.78118,95.46086,72.55416,50.38042,36.736027,34.724026,22.597845,21.365053,21.764585,30.78441,38.428196,55.01156,0.71619797
1257416,Sāngli,Sangli,"Sangla,Sangli,Sāngli,Turmeric city,Сангли",16.85438,74.56417,P,PPL,IN,,16,531,4302,,601214,,553,Asia/Kolkata,2026-09-14,India,AS,South Asia,1,1,3,3,394,26.250706,48.40658,52.70193,38.47204,30.402224,14.602687,11.412916,5.771774,7.116399,8.298611,23.390589,34.586384,41.75134,0.5754749
1257629,Salem,Salem,"SXV,Salem,Selam,Szalem,Szálem,celam,sai lei mu,salema,sallem,salm,selam,selama,seramu,Салем,سالم,سالم ،تامل ناڈو,سیلم، تامل ناڈو,सेलम,সালেম,સેલમ,ସେଲମ୍,சேலம்,సేలం,ಸೇಲಂ‌,സേലം,セーラム,塞勒姆,살렘",11.65376,78.15538,P,PPL,IN,,25,608,5740,,917414,,283,Asia/Kolkata,2024-01-06,India,AS,South Asia,1,1,2,2,310,26.692322,42.087505,37.80209,32.2215,31.20472,21.300537,15.924305,12.952956,17.13414,16.72347,21.273926,31.377634,41.00793,0.46908113
1258393,Rasapūdipalem,Rasapudipalem,"Rasapudipalem,Rasapūdipalem,Raspari Palao,Visakhapatnam,Расапудипалем",17.73308,83.31622,P,PPL,IN,,02,544,4866,,1728128,,45,Asia/Kolkata,2026-09-14,India,AS,South Asia,1,1,1,1,402,37.506493,64.77755,44.7311,31.182259,25.574163,30.891531,28.01375,21.903894,24.738577,31.165693,28.147446,47.38417,71.68978,0.54985154
1258526,Ranchi,Ranchi,"IXR,Ranchi,Ranci,Rancis,Rancsi,Ranĉi,Rančis,Ráncsí,Ráňčí,Rānchi,Rānchī,lan qi,lanchi,raci,ramci,ranchi,ranchy,ranci,ranci jilla,ranshy,rʼnzy,Ранчи,Ранчі,ראנצי,رانشي,رانچي,رانچی,राँची,रांची,रांची जिल्ला,রাঁচি,রাচি,ਰਾਂਚੀ,રાંચી,ରାଞ୍ଚି,ராஞ்சி,రాంచీ,ರಾಂಚಿ,റാഞ്ചി,რანჩი,ラーンチー,蘭契,란치",23.34316,85.3094,P,PPLA,IN,,38,364,2684,,1120374,,643,Asia/Kolkata,2024-01-07,India,AS,South Asia,0,0,0,0,523,38.74142,59.773113,32.71161,28.876348,34.34014,34.852955,32.464863,23.668144,21.31949,21.61903,41.02406,58.487503,74.916405,0.67952347
1258847,Rājkot,Rajkot,"RAJ,Radzhkot,Radzkot,Radzkotas,Radźkot,Radžkotas,Rajkot,Rājkot,rajikotto,rajkot,Раджкот,ராஜ்கோட்,ラージコット",22.29161,70.79322,P,PPL,IN,,09,476,3803,,1390640,,140,Asia/Kolkata,2025-02-26,India,AS,South Asia,0,0,0,0,498,21.161312,27.727152,20.68661,14.351073,14.333609,18.355106,17.681805,17.475,14.509274,15.015836,25.975136,39.24681,28.585085,0.4999076
1258980,Raipur,Raipur,"RPR,Raipur,Raipura,Raipuras,Rajpur,Rajpuro,Rayapura,Raypur,Rájpur,lai bu er,laipuleu,ra'ipura,raipuru,ray pwr,rayapura,raybwr,rayppur,raypur,Райпур,Рајпур,Ռայպուր,رائے پور,رايبور,رای پور,رای‌پور,راۓپور,रायपुर,रायपूर,রাইপুর,রায়পুর,ਰਾਇਪੁਰ,રાયપુર,ରାୟପୁର,ராய்ப்பூர்,రాయ్‌పుర్,ರಾಯ್ಪುರ್,റായ്‌പൂർ,რაიპური,ラーイプル,賴布爾,라이푸르",21.23333,81.63333,P,PPLA,IN,,37,410,3332,,1027264,,296,Asia/Kolkata,2024-12-31,India,AS,South Asia,5,5,7,7,476,50.678574,74.95888,52.781094,51.544083,46.679028,43.25806,33.77389,26.906317,31.60255,36.120975,46.516396,74.862915,88.97849,0.7079358
1259229,Pune,Pune,"PNQ,Poona,Poune,Pun,Puna,Punae,Pune,Puneo,Puni,Puno,Puné,Púne,bwnh,poona,pu na,puna,pune,pune sahara,pwna,pwnh,pwny,Πούνε,Пунæ,Пуна,Пуне,Пуно,Պունի,פונה,بونه,پونا,پونه,پوني,پونی,پونے,پوونە,पुणे,पुणे शहर,পুণে,পুনে,ਪੂਨਾ,પુના,ପୁଣେ,புணே,పూణే,ಪುಣೆ,പൂണെ,පූන්,ปุเณ,პუნა,ᱯᱩᱱᱮ ᱱᱟᱝᱜᱽᱨᱟᱦᱟ,プネー,浦納,浦那,푸네",18.51957,73.85535,P,PPL,IN,,16,521,4194,,3124458,,554,Asia/Kolkata,2025-02-26,India,AS,South Asia,15,15,15,15,415,25.978714,51.509953,40.126335,35.110752,30.298473,18.779707,14.107362,6.761559,9.356854,12.358611,23.367477,36.925976,34.080776,0.5874181
1259425,Puducherry,Puducherry,"PNY,Pondicero,Pondicheri,Pondicherri,Pondicherry,Pondichery,Pondichéri,Pondichéry,Pondiseri,Pondisheri,Pondiĉero,Ponducherry,Pondy,Poudhucherry,Puduchcheri,Puducherri,Puducherry,Puduvai,Territoire de Pondichery,Territoire de Pondichéry,ben de zhi li,ben de zhi li shi,pandiceri,panticceri,pondiceri,pondisheri,Пондишери,Пондішері,पॉण्डिचेरी,পন্ডিচেরী,પૉંડિચેરી,பாண்டிச்சேரி,პონდიშერი,ポンディシェリ,本地治里,本地治里市",11.93381,79.82979,P,PPLA,IN,,22,635,5909,,657209,,11,Asia/Kolkata,2024-01-06,India,AS,South Asia,2,2,3,3,319,20.270514,29.139246,23.90268,16.484947,15.628055,19.545427,16.833889,13.781452,17.746637,16.814028,13.709003,25.789162,34.029034,0.4206312
1259652,Pimpri,Pimpri,"Pimpri,pimpari,pimpiri,pmpry,Пимпри,Пімпрі,پمپري,پمپری,पिंपरी,பிம்பிரி",18.62292,73.80696,P,PPL,IN,,16,521,4193,,1284606,,571,Asia/Kolkata,2026-08-30,India,AS,South Asia,15,15,15,15,422,24.50148,46.12312,33.458035,31.48723,29.998194,20.530508,14.478749,7.265188,9.724057,12.508887,21.891668,34.741665,32.474598,0.5874181
1260086,Patna,Patna,"'Azimabad,New Patna,PAT,Patna,Patna New City,Patnao,ba te na,batna,pat na,patana,pateuna,patna,patona,ptnh,ʿAẓīmābād,Πάτνα,Патна,Պատնա,פטנה,باتنا,پتنه,پٹنہ,پټنا,पटना,पाटणा,पाट्ना,পাটনা,ਪਟਨਾ,પટના,ପାଟଣା,பட்னா,பாட்னா,పాట్నా,ಪಟ್ನಾ,പട്ന,ปัฏนา,პატნა,パトナ,パトナー,巴特那,파트나",25.59408,85.13563,P,PPLA,IN,,34,230,1400,,1684297,,53,Asia/Kolkata,2025-10-18,India,AS,South Asia,7,7,9,9,589,62.98367,110.360886,72.19494,50.90282,45.592503,41.818275,40.540833,34.23145,32.42997,38.760696,58.395428,95.19944,135.24074,0.9137463
1261162,Nowrangapur,Nowrangapur,"Nabarangapur,Nabarangpur,Nowrangpur,Набарангпур",19.23114,82.54826,P,PPLA2,IN,,21,397,3196,,1220946,,578,Asia/Kolkata,2026-09-14,India,AS,South Asia,0,0,0,0,432,31.38548,47.72581,34.736156,34.446102,31.767084,28.898922,21.660143,13.836022,18.86922,20.362223,26.479437,43.65222,54.255238,0.44736493
1261529,Nellore,Nellore,"Nellore,Nellur,Nelluru,Nelor,Simhapuri,nei luo er,nellare,nellaura,nellora,nellur,nelluru,nelluru-nagaram,neruru,nlwr,nylwr,nylwry,sinhapuri,Неллуру,Нелор,نلور,نيلور,نيلوری,نیلور,नेल्लूरु-नगरम्,नेल्लोर,नेल्लौर,নেল্লরে,ନେଲ୍ଲୋର,நெல்லூர்,నెల్లూరు,సింహపురి,ネルール,內洛爾",14.44992,79.98697,P,PPLA2,IN,,02,550,5177,,547621,,21,Asia/Kolkata,2025-01-02,India,AS,South Asia,0,0,0,0,350,22.540804,39.0418,29.687944,20.560217,18.733194,19.435349,14.654303,9.312634,12.640861,13.5495825,12.435484,32.023605,48.74503,0.5326403
1261731,Nashik,Nashik,"ISK,Nashik,Nasik,Nasikas,Nasiko,Naszik,Našikas,Nászik,na xi ke,nacik,nashiku,nashk,nasik,nasika,nasikeu,nask,nasyk,Насик,Нашик,Нашік,ناسک,ناسیک,ناشک,नाशिक,नाशीक,नासिक,নাশিক,ਨਾਸ਼ਿਕ,નાસિક,ନାଶିକ,நாசிக்,నాసిక్,ನಾಸಿಕ್,ნაშიკი,ナーシク,纳西克,나시크",19.99727,73.79096,P,PPLA2,IN,,16,516,4152,,1486053,,584,Asia/Kolkata,2025-05-25,India,AS,South Asia,4,4,4,4,449,23.122753,44.332256,29.654165,26.260216,26.077642,20.477955,14.088472,9.435485,9.154031,10.479167,23.09798,35.615414,29.23132,0.5356593
1261809,Narela,Narela,"Narela,narela,nyrla,Нарела,نیرلا,நரேலா",28.85267,77.09288,P,PPL,IN,,07,091,6076,,800000,,219,Asia/Kolkata,2026-09-14,India,AS,South Asia,19,19,57,60,655,80.27776,124.0699,68.29345,77.50404,71.52625,83.08683,74.44084,58.356987,62.936558,42.120834,70.116,101.42458,127.2777,0.79386896
1261977,Nanded,Nanded,"NDC,Nandair,Nanded,Nander,Nānded,Nānder,nadera,nan dai de,nan ded,nan theth,nandd,nandeda,nandedeu,nandedo,nandera,nandyd,nantet,nantetu,nndyd,Нандед,Нандер,ناندد,ناندید,ناندیڑ,ننديد,नांदेड,नांदेड़,नान्देड,ਨੰਦੇੜ,நாந்தேடு,நான்தேட்,นันเดด,นันเทฑ,ナーンデード,楠代德,난데드",19.16023,77.31497,P,PPL,IN,,16,511,4100,,550564,,363,Asia/Kolkata,2024-01-06,India,AS,South Asia,1,1,1,1,431,29.542223,46.33898,36.91101,37.953762,34.40833,28.35551,18.76361,13.536959,14.3125,17.85361,25.645027,41.349308,39.604298,0.56877524
1262111,Najafgarh,Najafgarh,"Nadzhafgarkh,Najafgarh,Najafgarli,Najfargharh,na jia fu ga er,najafugaru,najaphagara,najaphagarha,najapkar,Наджафгарх,نجف گڑھ,नजफगढ़,নজফগড়,நஜாப்கர்,ナジャフガル,納嘉夫嘎爾",28.60922,76.97982,P,PPL,IN,,07,097,6086,,1365000,,215,Asia/Kolkata,2026-09-14,India,AS,South Asia,28,29,66,69,654,84.43202,123.434555,72.74806,85.71035,86.87569,101.44826,83.832634,59.84046,63.67123,41.422226,69.58172,99.71667,122.93684,0.70585424
1262180,Nagpur,Nagpur,"Ajni,NAG,Nagpore,Nagpur,Nagpura,Nagpuras,Nagpuro,Nankpour,Nágpur,Nāgpur,Nāgpura,na ge pu er,nagapur,nagapura,nagapuram,nageupuleu,naghbwr,nagpwr,nagupuru,nakpur,Ναγκπούρ,Нагпур,Наґпур,נאגפור,ناغبور,ناگپور,नागपुर,नागपुरम्,नागपूर,নাগপুর,ਨਾਗਪੁਰ,નાગપુર,ନାଗପୁର,நாக்பூர்,నాగపూర్,ನಾಗಪುರ,നാഗ്‌പൂർ,ნაგპური,ナーグプル,那格浦尔,나그푸르",21.14631,79.08491,P,PPLA2,IN,,16,505,4032,,2405665,,319,Asia/Kolkata,2025-05-25,India,AS,South Asia,4,5,4,5,475,34.39031,50.26639,33.82902,29.9418,39.218056,34.987095,26.042635,20.10995,23.27097,23.514858,36.58696,56.258198,38.844486,0.6423214
1262321,Mysuru,Mysuru,"MYQ,Mahisur,Mahisūr,Maisur,Maisuru,Maisúr,Maisūr,Maisūru,Majsor,Majsur,Majszur,Mysooru,Mysore,Mysuru,Mysūru,Májszúr,ma'isora,mahisura,mai suo er,maicur,maisoleu,maisoru,maisura,maisuru,mayswr,mhaisura,myswr,Майсур,Мајсор,مايسور,میسور,मैसूर,मैसूरु,म्हैसूर,মহীশূর,মাইসোর,ਮੈਸੂਰ,મૈસૂર,ମହୀଶୂର,மைசூர்,మైసూరు,ಮೈಸೂರು,മൈസൂരു,මයිසූර්,マイソール,迈索尔,마이소르",12.29791,76.63925,P,PPLA2,IN,,19,577,2604,,920550,,757,Asia/Kolkata,2025-05-24,India,AS,South Asia,0,0,1,1,321,18.705053,30.172045,26.264135,29.108335,33.12681,13.220836,6.904304,3.8125,6.1057796,7.453333,11.700806,25.600836,31.666529,0.3702203
1262801,Morādābād,Moradabad,"MZS,Moradabad,Morādābād,Muradabad,Murādābād,Морадабад",28.83893,78.77684,P,PPLA2,IN,,36,135,719,,721139,,205,Asia/Kolkata,2024-03-13,India,AS,South Asia,6,6,7,7,657,63.374523,109.298386,56.355804,45.865993,44.303616,53.540726,59.932228,43.581043,45.46276,37.813744,61.359547,79.50236,121.768,0.65431076
1263214,Meerut,Meerut,"Meerut,Meerut City,Merath,Meratkh,Mirat,Miratas,Mirut,Mirát,meluteu,meratha,merato,mi la te,mirarr,mirat,mirat nagaram,mirata,miruta,myrwt,Меерут,Мератх,Мирут,Мірут,מיראט,ميروت,ميروټ,میروت,میرٹھ,मीरत,मेरठ,মীরুট,ਮੇਰਠ,મેરઠ,ମିରଟ,மீரட்,మీరట్ నగరం,മീററ്റ്,メーラト,密拉特,메루트",28.98002,77.70636,P,PPL,IN,,36,138,734,,1223184,,228,Asia/Kolkata,2024-01-06,India,AS,South Asia,3,3,8,8,656,74.08498,120.67702,64.07604,68.47164,57.99431,71.76747,65.71638,50.054165,56.774326,39.89195,68.557396,97.4111,125.51975,0.7453434
1264521,Madurai,Madurai,"IXM,Madura,Madurai,Maduraj,Madurajus,Maduráj,Mathurai,m thu ri,ma du lai,madhura,madhurai,madourai,madulai,madura'i,madurai,madwray,maturai,mdwray,mdwrayy,Мадурай,Мадурај,مادورائ,مادوراي,مادورای,مدورائی,مدورای,मदुरई,मदुराई,मदुरै,मधुरै,মদুরাই,ਮਦੁਰਈ,મદુરાઇ,ମଦୁରାଇ,மதுரை,మదురై,ಮಧುರೈ,മധുര,มทุไร,მადურაი,マドゥライ,马杜赖,마두라이",9.919,78.11953,P,PPLA2,IN,,25,623,5962,,1465625,,139,Asia/Kolkata,2024-01-06,India,AS,South Asia,1,1,1,1,286,26.145327,34.718143,33.716072,26.189651,30.43764,22.889383,18.261108,14.976613,19.131453,20.590973,22.58293,32.312363,38.574192,0.40274456
1264527,Chennai,Chennai,"Cenaj,Cenajo,Cenajus,Cenay,Cennai,Cennaj,Chehnai,Chenaj,Chennai,Chennai - cennai,Chennaj,Csennai,MAA,Maderaspatanum,Madras,Madrás,Tamizhagam,Tamulinadu,Tsennai,cen ni,cena'i,cenna'i,cennai,chen'nai,chenai,chennai,chnay,chnayy,chynay,chynayy,jin nai,qing nai,tshynay,znʼy,Çenay,Çennai,Ćennaj,Ĉenajo,Čenaj,Čenajus,Čennai,Čennaí,Τσεννάι,Ченай,Ченај,Ченнаи,Ченнай,Ченнаї,Чэнаі,Չեննայ,צנאי,تشيناي,چنائی,چنای,چينای,چینائی,चेन्नई,चेन्नै,চেন্নাই,ਚੇਨਈ,ચેન્નઈ,ଚେନ୍ନାଇ,சென்னை,చెన్నై,ಚೆನ್ನೈ,ചെന്നൈ,චෙන්නායි,เจนไน,ချန်နိုင်းမြို့,ჩენაი,チェンナイ,清奈,金奈,첸나이",13.08784,80.27847,P,PPLA,IN,,25,603,,,4681087,,14,Asia/Kolkata,2024-09-05,India,AS,South Asia,9,9,12,12,331,21.781792,32.10766,26.80313,18.713573,17.040834,20.113174,17.886665,13.728091,17.684273,17.868334,14.179838,27.88153,37.652287,0.4579718
1264728,Ludhiana,Ludhiana,"LUH,Ludhiana,Ludhijana,Ludhiāna,Ludijana,Ludkhiana,Ludkhijana,lu di ya na,ludhi'ana,ludhiyana,lutiyana,lwdhyʼnh,rudiana,rudiyana,Лудијана,Лудхияна,Лудхіана,Лудхіяна,לודהיאנה,लुधियाना,ਲੁਧਿਆਣਾ,லூதியானா,ルディアーナ,ルディヤーナー,卢迪亚纳",30.91204,75.85379,P,PPL,IN,,23,041,227,,1618879,,256,Asia/Kolkata,2025-12-15,India,AS,South Asia,1,1,2,2,720,75.29814,148.60805,81.89732,41.3086,47.459305,73.80861,65.06375,56.401882,61.187763,48.512085,61.509003,87.923325,128.8512,0.6806808
1264733,Lucknow,Lucknow,"LKO,Lakhnau,Lakkhnau,Lakkhnau shaary,Laknaou,Laknau,Laknauo,Laknava,Laknaú,Laknaŭo,Lakʻhnau,Lucknow,Lucknow City,Luknow,ilakno,lakh nea,lakhana'u,lakhanau,laknau,lakno,laksnau,lei ke nao,leokeunau,lkhnw,lknaw,rakunau,Λάκναου,Лакнау,Лакхнау,Лакхнау шаары,Лакхнаў,Լաքհնաու,לאקנאו,لكهنؤ,لكهنو,لکناو,لکهنو,لکھنؤ,लखनऊ,लखनौ,লক্ষ্ণৌ,লখনৌ,ਲਖਨਊ,લખનૌ,ଲକ୍ଷ୍ନୌ,இலக்னோ,లక్నో,ಲಕ್ನೋ,ലഖ്‌നൗ,ลัคเนา,ლაქნაუ,ラクナウ,ラクナウー,勒克瑙,러크나우",26.83928,80.92313,P,PPLA,IN,,36,157,821,,2472011,,126,Asia/Kolkata,2025-02-27,India,AS,South Asia,6,6,6,6,616,60.516754,111.23441,54.57217,50.696777,41.363056,45.878906,49.546387,33.44046,32.69691,37.470276,55.4164,84.26569,128.09515,0.7597676
1264773,Loni,Loni,"Lone,Loni,Лоне",28.75143,77.29023,P,PPL,IN,,36,140,6089,,516082,,213,Asia/Kolkata,2025-10-20,India,AS,South Asia,42,44,61,64,655,80.27776,124.0699,68.29345,77.50404,71.52625,83.08683,74.44084,58.356987,62.936558,42.120834,70.116,101.42458,127.2777,0.72854775
1265873,Kozhikode,Kozhikode,"CCJ,Calecute,Calicut,Calicutium,City of Spices,Kal'kutta,Kalicut,Kalikuto,Kojikode,Kolikod,Kozhikkot,Kozhikod,Kozhikode,Kozikkot,Kozikode,Kozsikode,Kozsíkóde,Kožikodė,Kóžikkót,kajahikode,kajhikada,kalikotu,kalykwt,karikatto,ke ze ke de,kealikkeat,kealikkeat jilla,kho chi khod,kojhikora,kojikodeu,kolikkot,kolikkota,kolikkotu,kolikod,kolikoda,kolikora,qwzyqwd,Калькутта,Кожикод,Кожикоде,Կոժիկոդե,קוזיקוד,كاليكوت,کالیکوت,کالیکٹ,کوزیکوڈ,ކާލީކޯޓު,कोलिक्कोट,कोळिकोड,कोष़िक्कोड,কজহিকোদে,কঝিকড,কোঝিকোড়,કોળિક્કોટ્,କୋଳିକୋଡ଼,கோழிக்கோடு,కోళికోడ్,കോഴിക്കോട്,കോഴിക്കോട് ജില്ല,കോഴിക്കോട്‌,โคชิโคด,カリカット,科泽科德,코지코드",11.24802,75.7804,P,PPLA2,IN,,13,591,5640,,550440,,9,Asia/Kolkata,2024-01-06,India,AS,South Asia,0,0,0,0,305,20.046339,37.30417,38.93453,23.748924,22.095695,10.7793,9.24375,9.210887,9.637903,9.407915,11.653495,22.827501,37.004036,0.55552197
1266049,Kota,Kota,"KTU,Kota,Kotah,Kotah City,ke ta,kota,kotta,kwta,qwth,Κότα,Кота,קוטה,کوتا,کوٹا,कोटा,ਕੋਟਾ,કોટા,கோட்டா,コーター,科塔,코타",25.18254,75.83907,P,PPL,IN,,24,127,667,,1001694,,267,Asia/Kolkata,2026-01-15,India,AS,South Asia,3,3,4,4,574,32.785675,53.074333,35.08244,20.585217,20.698612,27.978222,24.4025,22.49167,23.726078,20.335003,36.61357,58.338757,50.086426,0.519886
1266285,Kolhāpur,Kolhapur,"KLH,Kolhapur,Kolhāpur,Kolkhapur,Колхапур",16.69563,74.23167,P,PPL,IN,,16,530,4287,,549236,,559,Asia/Kolkata,2026-09-14,India,AS,South Asia,2,2,3,3,394,26.250706,48.40658,52.70193,38.47204,30.402224,14.602687,11.412916,5.771774,7.116399,8.298611,23.390589,34.586384,41.75134,0.5312522
1267696,Karol Bāgh,Karol Bagh,"Karol Bagh,Karol Bagkh,Karol Bāgh,Карол Багх",28.65136,77.19072,P,PPLX,IN,,07,095,447,,505241,,231,Asia/Kolkata,2026-09-14,India,AS,South Asia,46,49,63,66,655,80.27776,124.0699,68.29345,77.50404,71.52625,83.08683,74.44084,58.356987,62.936558,42.120834,70.116,101.42458,127.2777,0.7447863
1267995,Kanpur,Kanpur,"Cawnpore,Cawnporne,KNU,Kanpour,Kanpur,Kanpuras,Kanpuro,Kanpwr,Kānpur,Kānpwr,kanapura,kanpur,kanpuru,Κανπούρ,Канпур,קאנפור,कानपुर,कानपूर,কানপুর,கான்பூர்,カーンプル",26.46523,80.34975,P,PPL,IN,,36,164,849,,2823249,,137,Asia/Kolkata,2025-03-09,India,AS,South Asia,3,3,3,3,608,58.90673,99.01854,48.099247,61.92836,51.58472,55.232258,49.233196,30.443682,29.202019,31.821253,50.593277,86.03014,112.10108,0.7963491
1268295,Kalyān,Kalyan,"Kal'jan,Kalyan,Kalyān,Кальян",19.2437,73.13554,P,PPL,IN,,16,517,4168,,1262255,,10,Asia/Kolkata,2024-01-06,India,AS,South Asia,13,13,44,44,430,35.623405,57.81721,44.399708,43.578762,39.83125,34.282253,23.559305,18.526747,21.064648,24.543058,30.290052,48.05473,42.172714,0.78199625
1268782,Jalandhar,Jalandhar,"Calandhar,Dzalandar,Dzalandhar,Dzalandhara,Dzalandharas,Dzhalandkhar,Dzsalandhar,Dzsálandhár,Dźalandhar,Džalandhar,Džalandhara,Džalandharas,Galangar,Jalandhar,Jullundur,Jullundur City,QJU,Tzalantar,chlan thra,gu lang da er,jaladhara,jalandar,jalandara,jalandhar,jalandhara,jalandhari,jalantar,jallandaleu,jarandaru,jlndr,Ĝalanĝar,Τζαλαντάρ,Џаландар,Джаландхар,Җаландһар,Ҷоландҳар,Ձալանդհար,ג'לאנדהאר,جالاندهار,جالندھر,جالنڌر,جلندر,جلندھر,جَلَندَر,جەلەندەر,जलंधर,जलन्धर,जालंदर,जालंधर,जालन्धर,জলন্ধর,ਜਲੰਧਰ,જલંધર,ଜଳନ୍ଧର,ஜலந்தர்,జలంధర్,ಜಲಂಧರ್,ജലന്ധർ,ජලන්ධර්,ชลันธระ,ჯალანდჰარი,ᱡᱚᱞᱚᱱᱫᱷᱚᱨ,ジャランダル,賈朗達爾,贾朗达尔,잘란다르",31.32556,75.57917,P,PPL,IN,,23,037,212,,868929,,243,Asia/Kolkata,2025-08-05,India,AS,South Asia,1,1,1,1,740,72.52828,148.74797,80.85938,38.593014,43.681526,65.10323,59.24945,58.755505,59.222443,47.98889,49.755383,85.76182,131.70322,0.6854612
1268865,Jodhpur,Jodhpur,"Codpur,Dzhodkhpur,Dzodhpur,Dzodhpura,Dzodhpuras,Dzodpur,Dzsodhpur,Dzsódhpur,Dźodhpur,Džodhpura,Džodhpuras,Džódpur,Godhpur,JDH,Jodhpur,Jodhpur City,Tzontchpour,cotpur,gwdpwr,jiao te bu er,jodeupuleu,jodhapura,jodhapuram,jodopuru,jwdapwr,jwdbwr,jwdpwr,jwdھpwr,yodapura,yodhapura,Ĝodhpur,Τζοντχπούρ,Џодпур,Джодхпур,גודפור,جوداپور,جودبور,جودپور,جودھ پور,جودھپور,जोधपुर,जोधपुरम्,जोधपूर,যোদপুর,যোধপুর,ਜੋਧਪੁਰ,જોધપુર,ଯୋଧପୁର,சோத்பூர்,ჯოდპური,ジョドプル,ジョードプル,焦特布尔,조드푸르",26.26841,73.00594,P,PPL,IN,,24,113,570,,1056191,,237,Asia/Kolkata,2025-08-05,India,AS,South Asia,5,5,5,5,605,25.33175,31.339651,21.345535,19.002687,24.41125,33.94328,29.874306,29.550402,22.250135,15.809581,25.750265,30.708609,19.592745,0.35819635
1269300,Jamshedpur,Jamshedpur,"Cemsidpur,Cemşidpur,Cəmşidpur,Dzamsedpur,Dzamsedpura,Dzamsedpuras,Dzamshedpur,Dzhamshedpur,Dzhamshehdpur,Dzsamsedpur,Džamšedpur,Džamšedpura,Džamšedpuras,Gamsedpur,IXW,Jamsedpur,Jamshedpur,Jamshidpur,Jarnshedpur,Tatanagar,Tzamsentpour,chamseth pu ra,gu mu xie de bu er,jamasedapura,jamcetpur,jamsedapura,jamshyd pwr,jamsyedeupuleu,jamushedopuru,jia mu xie de bu er,jmshdpwr,jmshyd pwr,jmshydbwr,jmshydpwr,zhe xue pu,Ĝamŝedpur,Τζάμσεντπουρ,Џамшедпур,Джамшедпур,Джамшэдпур,Ջամշեդպուր,ג'אמשדפור,جمشدپور,جمشيد پور,جمشيدبور,جمشیدپور,جَمشید پوٗر,जमशेदपुर,जमशेदपूर,जम्शेदपुर,জমশেদপুর,জামশেদপুর,ਜਮਸ਼ੇਦਪੁਰ,જમશેદપુર,ଜାମସେଦପୁର,ஜம்சேத்பூர்,జంషెడ్‌పూర్,ಜಮ್ಶೆಡ್‌ಪುರ,ജംഷദ്‌പൂര്‍,ජම්ශෙඩ්පුර්,ชัมเศทปุระ,ჯამშედპური,ᱡᱟᱢᱥᱮᱫᱽᱯᱩᱨ,ジャムシェドプル,ジャムシェードプル,哲雪舖,賈姆謝德布爾,贾姆谢德布尔,잠셰드푸르",22.80278,86.18545,P,PPL,IN,,38,357,2606,,1339438,,171,Asia/Kolkata,2024-01-07,India,AS,South Asia,0,0,0,0,511,50.994953,90.2988,55.314888,40.03374,40.900143,37.747307,41.511253,30.156588,24.591934,26.41847,52.08078,70.42083,102.08494,0.76151484
1269317,Jamnagar,Jamnagar,"Camnaqar,Dzamnagar,Dzamnagara,Dzamnagaras,Dzhamnagar,Dzhamnagarom,Dzsamnagar,Dzsámnagar,Džamnagaras,Džámnagar,Džāmnagara,Gamnagar,JGA,Jamnagar,Jamnogar,Jāmnagar,Navanagar,Navangar,Nawanagar,Nowanagar,Nowanuggur,Tzamnankar,cham nkhr,gu mu ne ge er,jam ngr,jam njr,jamanagara,jamanagara jilla,jamanagaram,jamnagaleu,jamnagar,jamnagari,jamnakar,jamngr,jamunagaru,jmngr,Ĝamnagar,Τζαμναγκάρ,Џамнагар,Джамнагар,Джамнагаром,ג'מנגאר,جام نجر,جام نگر,جامنگر,جام‌نقر,جام‌نگر,جمنگر,ڄام نگر,जामनगर,जामनगरम्,জামনগর,જામનગર,ଜାମନଗର ଜିଲ୍ଲା,ஜாம்நகர்,జామ్నగర్,ಜಾಮ್ನಗರ್,ජම්නගර්,ชัมนคร,ჯამნაგარი,ᱡᱟᱢᱱᱚᱜᱚᱨ,ジャームナガル,賈姆訥格爾,贾姆讷格尔,잠나가르",22.47292,70.06673,P,PPL,IN,,09,477,3814,,600943,,18,Asia/Kolkata,2024-12-31,India,AS,South Asia,0,0,0,0,497,19.880484,24.158062,21.921581,14.653629,14.152359,18.271908,18.246527,18.10067,15.0969095,14.561945,23.039114,31.768059,24.767069,0.48620448
1269321,Jammu,Jammu,"Dzammu,Dzamu,Dzhammu,Dzhamu,Džammú,Džamu,Gamu,IXJ,Jammu,Jammu City,cam'mu,gu mu mu,jam'mu,jammu,jamu,janmu,Ĝamu,Џаму,Джамму,Джаму,جموں,जम्मू,জম্মু,ਜੰਮੂ,சம்மு,ജമ്മു,ジャンムー,贾姆穆,잠무",32.73528,74.86167,P,PPLA,IN,,12,021,79,,576198,,357,Asia/Kolkata,2025-05-24,India,AS,South Asia,0,0,0,16,805,42.84447,66.46828,42.86146,26.125805,26.319723,34.94153,39.885967,45.22675,43.14745,37.766808,33.013035,48.020554,69.7328,0.5574327
1269515,Jaipur,Jaipur,"Caypur,Dzaipur,Dzaipuras,Dzajpur,Dzajpura,Dzhajpur,Dzsaipur,Dźajpur,Džaipur,Džaipuras,Džajpur,Džajpura,Gajpuro,Iaipura,JAI,Jainagar,Jaipur,Jaipur City,Jayapur,Jaypur,Jeypore,Tzaipour,Zhajpur,ceyppur,chay pu ra,gʼypwr,jaipuleu,jaipura,jaipuru,jayapura,jayapuram,jaybwr,jaypwr,jypwr,zhai pu er,zhai pu ya,Ĝajpuro,Τζαϊπούρ,Џајпур,Джайпур,Жайпур,Ջայպուր,גאיפור,جايبور,جایپور,جيپور,جے پور,जयपुर,जयपुरम्,जयपूर,জয়পুর,জয়পুৰ,ਜੈਪੁਰ,જયપુર,ଜୟପୁର,செய்ப்பூர்,ജയ്‌പൂർ,ชัยปุระ,ჯაიპური,ジャイプル,齋浦爾,齋葡亞,자이푸르",26.91962,75.78781,P,PPLA,IN,,24,110,546,,3046163,,435,Asia/Kolkata,2025-08-05,India,AS,South Asia,6,6,6,6,615,36.729534,52.157116,35.551044,32.299595,37.191257,43.987904,35.5693,28.310081,26.835888,18.516666,34.779434,52.189583,43.140995,0.46171096
1269633,Jabalpur,Jabalpur,"Dzabalpur,Dzabalpuras,Dzhabalpur,Dzsabalpur,Dżabalpur,Džabalpur,Džabalpuras,Gabalpuro,JLR,Jabalpur,Jubbulpore,gu ba er pu er,jabalapura,jabalapuram,jabalpuleu,jabalpur,jabarupuru,japalpur,jbl pwr,jblbwr,Ĝabalpuro,Џабалпур,Джабалпур,Ջաբալպուր,جبال‌پور,جبل پور,جبلبور,जबलपुर,जबलपुरम्,জবলপুর,જબલપુર,ଜାବାଲପୁର,ஜபல்பூர்,జబల్పూర్,ജബൽ‌പൂർ,ჯაბალპური,ジャバルプル,贾巴尔普尔,자발푸르",23.16697,79.95006,P,PPL,IN,,35,451,7025,,1081677,,416,Asia/Kolkata,2025-05-25,India,AS,South Asia,4,4,5,5,522,30.959963,42.489655,24.636011,21.831316,27.120554,28.929707,24.784725,19.093143,20.897715,21.07403,34.79342,60.743614,44.832657,0.54352176
1269743,Indore,Indore,"IDR,Indaur,Indhur,Indor,Indore,Indore Madhya Pradesh,Induras,Induro,andwr,ayndwr,idaura,indaura,indoleu,indor,indora,indori,indoru,indura,intor,yin duo er,Індаур,Индаур,Индор,إندور,اندور,ایندور,इंदूर,इन्दोर,इन्दौर,ইন্দোর,ਇੰਦੌਰ,ઈંદોર,ଇନ୍ଦୋର,இந்தோர்,ఇండోర్,ಇಂದೋರ್,ഇൻ‌ഡോർ,ინდორი,インドール,印多尔,인도르",22.71792,75.8333,P,PPL,IN,,35,439,3543,,1994397,,550,Asia/Kolkata,2025-06-20,India,AS,South Asia,9,9,11,11,510,30.135956,43.820698,26.620533,18.60309,23.403193,28.009947,22.216946,19.871641,21.116667,22.193193,41.83911,57.52125,36.229435,0.5987921
1269843,Hyderabad,Hyderabad,"Bhaganagar,HYD,Haidarabadas,Haiderabad,Hajdarabad,Hajdarábád,Hajderabad,Hyderabad,Hyderabad AP,Hyderābād,Khajdarabad,Khajderabad,hai de la ba,haidarabada,haidarabadu,haiderabado,haitarapat,hayadarabada ema. karporesana,hayadrabada,hydr abad,hydr abad dkn,hydrabad,Хайдарабад,Хајдерабад,حیدر آباد,حیدر آباد دکن,حیدرآباد,हैदराबाद,হায়দরাবাদ এম. কর্পোরেশন,হায়দ্রাবাদ,ஹைதராபாத்,హైదరాబాదు,ハイデラバード,海得拉巴",17.38405,78.45636,P,PPLA,IN,,40,536,,,6993262,,515,Asia/Kolkata,2025-08-05,India,AS,South Asia,13,13,15,15,398,28.238525,42.89744,34.141365,30.096102,31.445137,27.078493,18.0075,11.129436,14.339113,16.024582,23.279974,41.94708,48.86909,0.5872864
1269920,Hubballi,Hubballi,"HBX,Hubballi,Hubli,Hubli City,Khubli-Dkharvad,hubballi,Хубли-Дхарвад,ಹುಬ್ಬಳ್ಳಿ",15.34776,75.13378,P,PPL,IN,,19,562,0903,,943788,627,620,Asia/Kolkata,2025-05-24,India,AS,South Asia,2,2,2,2,374,17.904375,28.8,27.200445,26.460886,25.586945,10.560483,7.136945,3.6919353,4.90121,6.0750003,14.195834,27.943336,33.041798,0.46148035
1270396,Howrah,Howrah,"Haora,Haura,Hawrah,Howrah,Hāora,Khaora,ha'ora,haura,Хаора,হাওড়া,ハウラー,ハーウラー",22.57688,88.31857,P,PPL,IN,,28,341,2403,,1027672,,8,Asia/Kolkata,2026-09-14,India,AS,South Asia,14,15,14,15,500,60.74026,136.55807,83.792274,52.883865,32.965275,31.008202,42.57375,24.421774,19.126614,23.408611,55.027695,99.92194,128.00348,0.89494777
1270583,Gwalior,Gwalior,"GWL,Gvalior,Gwalior,Гвалиор",26.22983,78.17337,P,PPL,IN,,35,421,3399,,1054420,,220,Asia/Kolkata,2025-05-25,India,AS,South Asia,3,3,3,3,607,40.116165,64.84946,38.355064,33.531853,29.429586,35.56976,34.634163,24.337902,22.449465,21.58889,41.888973,68.8168,65.57796,0.48725104
1270642,Gurugram,Gurugram,"Guragaona,Gurgaon,Gurgaonas,Gurgaono,Gurgáon,Gurugram,Nkournkaon,gu er gang,gudaganva,guleugaon,guragamo,guragamva,guraganv,guraganva,guragavam,gurugrama,guruguramu,gwrgan,gwrgaw,jwrjawn,khuru khram,kurkavun,qwrqan,Γκούργκαον,Гургаон,Ґурґаон,Գուրգաոն,גורגאון,جورجاون,قورقان,گورگان,گورگاو,گڑگاؤں,गुडगांव,गुड़गाँव,गुड़गांव,गुरगांव,गुरुग्राम,গুরগাঁও,গুরুগ্রাম,ਗੁੜਗਾਵਾਂ,ગુડગાંવ,ଗୁରୁଗ୍ରାମ,குர்காவுன்,గుర్‌గావ్,ಗುರಗಾಂವ್,ഗുഡ്‌ഗാവ്,ගර්ජෝන්,คุรุคราม,ᱜᱩᱨᱩᱜᱟᱶ,グルグラム,古尔冈,古爾岡,구르가온",28.4601,77.02635,P,PPLA2,IN,,10,086,417,,886519,,228,Asia/Kolkata,2025-01-02,India,AS,South Asia,23,25,65,68,647,98.73477,123.39987,72.44181,133.20416,128.3582,138.77379,101.61182,55.06035,68.415855,45.33098,76.734,107.35903,131.1867,0.6656506
1270668,Guntur,Guntur,"Guntur,Guntura,Gunturas,Gunturu,Guntúr,Guntúru,Guntūr,Guntūra,Guntūras,Nkountour,ghntwr,gntwr,gnٹwr,gong tu er,guntouru,guntuleu,guntur,guntura,gunturu,gunturumandalam,gutura,gwntwr,jwntwr,khun tur,kuntur,Γκουντούρ,Гунтур,Гунтура,جونتور,غنتور,گنتور,گنٹر,گنٹور,گونتور,गुंटुर,गुंटूर,गुण्टूरुमण्डलम्,গুণ্টুর,গুন্তুর,ਗੁੰਟੂਰ,ગુન્ટુર,ଗୁଣ୍ଟୁର,குண்டூர்,గుంటూరు,గుంటూర్,ಗುಂಟೂರು,ഗുണ്ടൂർ,ගන්ටර්,คุนตูร์,ᱜᱩᱱᱴᱩᱨ,グントゥール,貢土爾,贡土尔,군투르",16.29974,80.45729,P,PPL,IN,,02,548,6833,,670073,,31,Asia/Kolkata,2024-12-30,India,AS,South Asia,1,1,5,5,386,33.244663,57.588444,37.605206,25.128765,22.711113,27.770967,23.660278,16.345163,19.44812,22.35569,22.962769,45.04126,78.12044,0.71036965
1270752,Kalaburagi,Kalaburagi,"GBI,Gul'barga,Gulbarga,Gulburga,Kalaburagi,Kalaburgi,Kalburgi,Kulbarga,glbrgh,gu er bo jia,gulabarga,gulbaleuga,gulbarga,gurubaruga,kalaburagi,kalaburgi,klbrkt,kulparka,Гулбарга,Гульбарга,كلبركة,گلبرگه,گلبرگہ,गुलबर्ग,गुलबर्गा,गुल्बर्गा,গুলবার্গ,ગુલબર્ગ,குல்பர்கா,గుల్బర్గా,ಕಲಬುರಗಿ,ಕಾಲಬೂರ್ಗಿ,ഗുൽബർഗ,გულბარგა,グルバルガ,古尔伯加,굴바르가",17.33583,76.83757,P,PPL,IN,,19,579,0403,,543147,,474,Asia/Kolkata,2025-05-24,India,AS,South Asia,2,2,2,2,397,23.11036,37.956043,32.161457,27.892876,28.762917,18.82715,14.181527,7.633333,10.241936,11.837916,20.199593,32.07014,36.255108,0.51471466
1270927,Gorakhpur,Gorakhpur,"GOP,Gorakhpur,Gorakhpuras,Gorakkhpur,Gorakpur,Gorakpura,Goruckpur,Górakhpur,Korakhpur,Nkorakpour,ge lei ke bu er,ghwrakhbwr,golakeupuleu,gorakhapura,gorakhapura loka sabha halaka,gorakhapura loka sabha nirbacana mandali,gorakhapura loka sabha nirvacana ksetra,gorakhapuram,goraksapura,gorakupuru,gwrkpwr,jwrakhbwr,kho rakh pu ra,korakpur,Γκορακπούρ,Горакпур,Горакпура,Горакхпур,גוראקפור,جوراخبور,غوراخبور,گورَکھ پوٗر,گورکپور,گورکھپور,गोरखपुर,गोरखपुर लोक सभा निर्वाचन क्षेत्र,गोरखपुरम्,गोरखपूर,গোরক্ষপুর,গোরখপুর,ਗੋਰਖਪੁਰ ਲੋਕ ਸਭਾ ਹਲਕਾ,ગોરખપુર,ଗୋରଖପୁର ଲୋକ ସଭା ନିର୍ବାଚନ ମଣ୍ଡଳୀ,கோரக்பூர்,గోరఖ్‌పూర్,ಗೋರಖಪುರ,ഗോരഖ്പൂർ,โคราฆปุระ,ᱜᱳᱨᱟᱠᱷᱯᱩᱨ,ゴーラクプル,戈勒克布尔,戈勒克布爾,고라크푸르",26.76628,83.36889,P,PPL,IN,,36,188,950,,674246,,83,Asia/Kolkata,2024-01-07,India,AS,South Asia,1,1,1,1,617,57.7401,104.47797,67.375,44.940456,42.53569,42.708607,43.07153,36.224327,33.16439,38.223057,47.45147,74.73861,117.857796,0.7334718
1271308,Ghāziābād,Ghaziabad,"Gaziabad,Gaziabade,Gaziabatʻ,Gazijabad,Ghaziabad,Ghaziabád,Ghazibad,Ghāziābād,HDO,gajhiyabad,gajhiyabada,gajiabadeu,gajiyabada,gajiyabada  uttara pradesa,gasiyabad,gazi'abada,gaziyabada,gazuiyabado,ghaji'abada,ghajiyabad,ghajiyabada,ghaziabadi,ghazy,ghazy abad  bھart,ghazy‌abad,gʼzyʼbʼd,jia ji a ba de,kaciyapat,Газиабад,Газијабад,Газіабад,Газіябад,Գազիաբաթ,גאזיאבאד,غازی,غازی آباد، بھارت,غازی‌آباد,ग़ाज़ियाबाद,गाजियाबाद,गाजियाबाद  उत्तर प्रदेश,गाझियाबाद,गाझियाबाद्,গাজিয়াবাদ,ঘাজিয়াবাদ,ਗ਼ਾਜ਼ਿਆਬਾਦ,ગાઝિયાબાદ,ଘଜିଆବାଦ,காசியாபாத்,ఘాజియాబాద్,ഗാസിയാബാദ്,ღაზიაბადი,ᱜᱟᱡᱤᱭᱟᱵᱟᱫᱽ,ガーズィヤーバード,加濟阿巴德,가지아바드",28.66535,77.43915,P,PPLA2,IN,,36,140,739,,1199191,,214,Asia/Kolkata,2026-04-29,India,AS,South Asia,27,29,61,64,656,74.08498,120.67702,64.07604,68.47164,57.99431,71.76747,65.71638,50.054165,56.774326,39.89195,68.557396,97.4111,125.51975,0.7676332
1271476,Guwahati,Guwahati,"GAU,Gauhati,Gauháti,Gauhāti,Gaukhati,Guvahati,Guvahatis,Guvakhati,Guwahati,gauhati,gu wa ha ti,gu'ahati,guhati,guraahati,guvahati,guvahatti,guwahati,guyahati,gwahty,gwaty,gwwaہaty,jwahaty,kavukatti,kuvahatti,kuvakatti,Гаухати,Гувахати,Ґувахаті,جواهاتي,گواتی,گواهتي,گوواہاتی,گوہاٹی,गुवहाटी,गुवाहाटी,গুয়াহাটি,গুৱাহাটি,গুৱাহাটী,ਗੁਹਾਟੀ,ગુવાહાટી,ଗୁଆହାଟୀ,கவுகாத்தி,குவகாத்தி,குவஹாத்தி,గౌహతి,ಗುವಾಹಾಟಿ,ഗുവഹാത്തി,グワハティ,グワーハーティー,古瓦哈提,구와하티",26.1844,91.7458,P,PPL,IN,,03,322,2128,,962334,,59,Asia/Kolkata,2025-02-25,India,AS,South Asia,5,5,6,6,597,32.92354,58.366795,61.317413,54.624187,40.685974,29.197985,22.422363,14.895563,15.454435,16.26847,20.84086,26.498749,36.4246,0.63222176
1271951,Faridabad,Faridabad,"Faridabad,Faridabadas,Faridabado,Farydabad,Farídábád,QNF,faridabado,frydabad,pharidabada,prydʼbʼd,Фаридабад,Фарыдабад,Ֆարիդաբադ,פרידאבאד,فریدآباد,फरीदाबाद,ਫਰੀਦਾਬਾਦ,ファリダバード,ファリーダーバード",28.41124,77.31316,P,PPLA2,IN,,10,088,6407,,1414050,,209,Asia/Kolkata,2025-11-04,India,AS,South Asia,25,28,61,64,647,98.73477,123.39987,72.44181,133.20416,128.3582,138.77379,101.61182,55.06035,68.415855,45.33098,76.734,107.35903,131.1867,0.7593012
1272013,Erode,Erode,"Brod,Erode,Irodu,Periyar,Periyār,ai luo de,elodeu,eroda,erode,iread,iroda,irodou,irotu,Брод,Ироду,اروڑ,इरोड,ईरोड,एरोड,এরোডে,ઇરોડ,ଇରୋଡ,ஈரோடு,ഈറോഡ്,イーロードゥ,埃罗德,에로드",11.3428,77.72741,P,PPL,IN,,25,610,5753,,521891,,170,Asia/Kolkata,2024-01-06,India,AS,South Asia,1,1,2,2,308,22.771532,41.481716,34.88646,23.551613,25.993471,15.383603,10.997916,9.169893,11.068685,12.428055,17.490725,31.31986,40.325,0.4685863
1272175,Durgapur,Durgapur,"Durgapur,RDP,dourugapuru,drgapwr,du er jia bu er,duleugapuleu,durgapura,duർgapuർ  pascima bangaൾ,dwrgapwr,turkapur,turkapur  merku vankalam,Дургапур,درگاپور,دورگاپور,दुर्गापुर,दुर्गापूर,দুর্গাপুর,துர்காபூர்,துர்காபூர்  மேற்கு வங்காளம்,ദുർഗാപൂർ,ദുർഗാപൂർ  പശ്ചിമ ബംഗാൾ,ドゥルガプル,杜爾加布爾,두르가푸르",23.51583,87.30801,P,PPL,IN,,28,704,2274,,518872,,100,Asia/Kolkata,2024-01-06,India,AS,South Asia,5,5,7,7,537,59.966625,91.97997,68.203865,56.36815,53.23694,50.993004,60.012924,40.498524,36.541393,36.781387,56.395565,69.56222,99.16923,0.7570825
1272423,Dombivali,Dombivali,"Dombivali,Dombivli,Kalyan-Dombivli,dombibali,dombivali,dong bi fu li,dwmbywly,tompivali,Домбивли,دومبیولی,डोंबिवली,ଡୋମ୍ବିବଲି,டோம்பிவலி,東比夫里",19.21667,73.08333,P,PPL,IN,,16,517,4168,,1247327,,11,Asia/Kolkata,2026-08-30,India,AS,South Asia,21,21,45,45,430,35.623405,57.81721,44.399708,43.578762,39.83125,34.282253,23.559305,18.526747,21.064648,24.543058,30.290052,48.05473,42.172714,0.78199625
1272866,Dhārāvi,Dharavi,"Bombay Dharavi,Dharavi,Dhārāvi,Dkharavi,Дхарави",19.05,72.86667,P,PPLX,IN,,16,519,999,,700000,,7,Asia/Kolkata,2026-09-14,India,AS,South Asia,36,36,45,45,429,35.935875,62.394894,46.348507,39.727283,33.99361,26.821642,21.874304,19.781855,19.144625,19.259447,35.458736,54.715836,52.26895,0.6667993
1272979,Dhanbad,Dhanbad,"DBD,Dhanabad,Dhanbad,Dhanbaid,Dhanbād,Dkhanbad,dan abad,danbad,danbado,dhanabada,dnbad,dھnbad,Дханбад,دان اباد,دانباد,دنباد,دھنباد,धनबाद,ধানাবাদ,ダンバード",23.79759,86.42992,P,PPLA2,IN,,38,354,2584,,1196214,,247,Asia/Kolkata,2024-01-07,India,AS,South Asia,2,2,2,2,535,68.04856,93.45888,68.55491,58.533607,64.16027,58.911827,63.19653,50.080513,46.333332,50.233337,69.014915,81.55999,112.172325,0.7311249
1273294,Delhi,Delhi,"DEL,Daehli,Dehli,Dehlī,Delchi,Delhi,Delhio,Delhí,Delhî,Deli,Delis,Delkhi,Dellium,Delí,Dilhi,Dilli,Dillí,Dillī,Dähli,Déhli,Faritani Delhi,New Delhi,Old Delhi,Sahdzahanabad,Stare Deli,de li,dehali,deli,delli,deri,dhilli,dhly,dhly qdym,dil'hi,dili,dilli,dlhy,dly,dlھy,dylhy,na'i dilli,prany dہly,tilli,Šáhdžahanabád,Δελχί,Дели,Делхи,Делі,Деҳли,Дэлі,Старе Делі,Դելի,דלהי,דעלהי,دلهي,دلھی,دلی,دهلي,دهلی قدیم,ديلهى,دہلی,دێھلی,پرانی دہلی,ډېلي,ދިއްލީ,दिल्ली,देहली,नई दिल्ली,দিল্লি,দিল্লী,ਦਿੱਲੀ,દિલ્હી,ଦିଲ୍ଲୀ,தில்லி,ఢిల్లీ,ದೆಹಲಿ,ഡെൽഹി,เดลี,დელი,デリー,德里,델리",28.65195,77.23149,P,PPLA,IN,,07,,,,11034555,,227,Asia/Kolkata,2024-12-31,India,AS,South Asia,49,52,63,66,655,80.27776,124.0699,68.29345,77.50404,71.52625,83.08683,74.44084,58.356987,62.936558,42.120834,70.116,101.42458,127.2777,0.7447863
1273313,Dehradun,Dehradun,"DED,Degradun,Deharaduna,Dehra,Dehra Dun,Dehra Dūn,Dehradun,Dehradunas,Dehradūnas,Dekhradun,Dekhradune,Deradun,Déhrádún,d'ehradun,de la dui,deharaduna,deheradoun,deladun,deraduna,dhradwn,teratun,Деградун,Дерадун,Дехрадун,Дехрадуне,دهرادون,ڈیرہ دون,देहरादुन,देहरादून,ডেরাদুন,দেরাদুন,ਦੇਹਰਾਦੂਨ,દેહરાદૂન,ଡେରାଡୁନ,தேராதூன்,డెహ్రాడూన్,ದೆಹರಾದೂನ್‌,ഡെറാഡൂൺ,デヘラードゥーン,德拉敦,데라둔",30.32443,78.03392,P,PPLA,IN,,39,060,304,,522081,,664,Asia/Kolkata,2026-01-22,India,AS,South Asia,1,1,2,2,707,33.85781,45.897446,31.805355,21.790323,28.090555,35.924458,41.792778,28.585886,27.26183,28.645973,26.86801,32.856106,56.4457,0.470233
1273780,Cuttack,Cuttack,"Katak,Kataka,Kattak,Kattake,katak,kataka,katakam,katakku,katk,kattak,ke ta ke,kutakeu,kuttaka,Катак,Каттак,Каттаке,کاتک,کوٹاک,کٹک,کټاک,कटक,कटकम्,কটক,কুত্তক,ਕਟਕ,કટક,କଟକ,கட்டக்,కటక్,കട്ടക്,カタック,克塔克,쿠타크",20.46497,85.87927,P,PPL,IN,,21,381,2968,,610189,,30,Asia/Kolkata,2025-08-05,India,AS,South Asia,2,2,3,3,460,43.157413,86.73226,46.040928,34.33817,23.337774,24.56452,30.224028,20.128223,19.334408,24.410835,34.691532,67.61069,105.8824,0.7352738
1273865,Coimbatore,Coimbatore,"CJB,Coimbatore,Koimbator,Koimbatore,Koimbatur,Kojambuttur,Kojambuttúr,Kovai,Koyambattur,Koyambattūr,Koyamuttur,Koyamuttūr,ge yin bai tuo,keayampattuർ,ko'ibatura,ko'imabatore,ko'imbatora,ko'imbatura,koimbatoleu,kovai,koyambattura,koyambatturu,koyambatura,koyampattur,koyamputtur,koyanbuttouru,kwymbatwr,kwymbtwr,Коимбатор,Коимбатур,Коїмбатор,كويمباتور,کوئمباتور,کويمبتور,کویمباتور,کویمبٹور,कोइंबतूर,कोयंबतूर,कोयम्बत्तूर,कोयम्बत्तूरु,কোইমবাতোরে,ਕੋਇੰਬਟੂਰ,કોઇમ્બતુર,କୋଇମ୍ବାଟୋର,கோயம்பத்தூர்,கோயம்புத்தூர்,கோவை,కోయంబత్తూరు,ಕೊಯಂಬತ್ತೂರು,കോയമ്പത്തൂർ,ကိုအင်ဘတောမြို့,კოიამპუტური,コーヤンブットゥール,哥印拜陀,코임바토르",11.00555,76.96612,P,PPL,IN,,25,632,5897,,2136916,411,425,Asia/Kolkata,2024-01-06,India,AS,South Asia,1,1,2,2,306,18.699913,31.361425,26.073063,24.392607,25.931252,11.923254,7.9726386,6.0333333,7.6376343,9.177638,13.718146,27.737776,33.025265,0.4126282
1273874,Kochi,Kochi,"British Cochin,COK,Cochim,Cochin,Cochín,Ernakulam,Fort Cochin,Kochi,Kochin,Koczin,Kuchi Bandar,ke zhi,keacci,kocci,kochi,koci,qwzy,Кочин,קוצי,कोच्चि,কোচি,கொச்சி,കൊച്ചി,コーチ,柯枝",9.93988,76.26022,P,PPL,IN,,13,595,5660,,633553,,9,Asia/Kolkata,2025-06-06,India,AS,South Asia,1,1,1,1,284,24.415438,39.16976,38.528717,28.06976,27.264442,17.360481,13.149585,11.146236,12.404167,13.087917,17.925404,31.94917,43.90135,0.5624816
1274746,Chandigarh,Chandigarh,"Candigarchas,Candigarh,Chandigar,Chandigarh,Chandigarkh,Chandīgarh,Czandigarh,IXC,cadigarha,candhigad,candigadh,candigadha,candigara,candigarha,cantikar,chandigadh,chandigarhi,chandigaru,chang di jia er,Čandigarchas,Čandígarh,Чандигар,Чандигарх,צ'אנדיגאר,चंडीगढ़,চন্ডিগড়,চন্ডীগড়,ਚੰਡੀਗੜ੍ਹ,ચંડીગઢ,சண்டிகர்,చండీగఢ్,ఛండీగఢ్,ചണ്ഢീഗഡ്,ჩანდიგარჰი,チャンディーガル,昌迪加尔",30.73629,76.7884,P,PPLA,IN,,05,055,277,,970602,,351,Asia/Kolkata,2024-12-31,India,AS,South Asia,5,5,8,8,721,44.235493,72.21196,43.65833,26.188307,27.419586,38.79261,43.578335,43.265728,44.894623,37.450974,36.4699,46.839584,69.30148,0.5780649
1275004,Kolkata,Kolkata,"CCU,Calcuta,Calcutta,Calcutá,Calcúta,Caligardamana,Kaelkuettae,Kal'kuta,Kal'kutta,Kal'kuttae,Kalikata,Kalikātā,Kalkata,Kalkota,Kalkouta,Kalkueta,Kalkuta,Kalkutta,Kalkútta,Kalküta,Kolkat,Kolkata,Kolkate,Kolkato,Kolkāta,Kälküttä,Kəlkətə,Sealdah,jia er ge da,jia li ji da,kalakata,kalakatta,kalikata,kalkata,keaൽkkatta,klkta,klkth,klkwth,ko l ka ta,kolakata,kolkata,kolkatta,kol‌kata,korukata,kwlkata,kʼolkʼatʼa,qwlqth,Καλκούτα,Калькута,Калькуттæ,Калькутта,Колката,Колкате,Կալկաթա,כלכותה,קאלקאטא,קולקטה,كلكتا,كولكاتا,کلکته,کلکتہ,کولکاتہ,کَلٕکَتا,کەلکەتە,कलकत्ता,कोलकाता,কলকাতা,ਕੋਲਕਾਤਾ,કોલકાતા,କଲିକତା,கொல்கத்தா,కోల్‌కాతా,ಕೊಲ್ಕತ್ತ,കൊൽക്കത്ത,โกลกาตา,ཀ་ལི་ཀུ་ཏ,ကာလကတ္တားမြို့,კოლკატა,ኮልካታ,コルカタ,加尔各答,架利吉打,콜카타",22.56263,88.36304,P,PPLA,IN,,28,342,999,,4631392,,11,Asia/Kolkata,2024-05-27,India,AS,South Asia,14,15,14,15,500,60.74026,136.55807,83.792274,52.883865,32.965275,31.008202,42.57375,24.421774,19.126614,23.408611,55.027695,99.92194,128.00348,0.89494777
1275248,Borivli,Borivli,"Borivali,Borivli,bao li wa li,boribali,borivali,bwry waly,porivali,Боривли,Բորիվալի,بوری والی,बोरिवली,বোরিবালি,બોરિવલી,போரிவலி,ಬೋರಿವಲಿ,ᱵᱚᱨᱤᱵᱷᱟᱞᱤ,包里瓦利",19.23496,72.85976,P,PPL,IN,,16,518,999,,609617,,22,Asia/Kolkata,2026-08-30,India,AS,South Asia,30,30,45,45,429,35.935875,62.394894,46.348507,39.727283,33.99361,26.821642,21.874304,19.781855,19.144625,19.259447,35.458736,54.715836,52.26895,0.6667993
1275339,Mumbai,Mumbai,"Asumumbay,BOM,Bombai,Bombaim,Bombaj,Bombay,Bombaya,Bombej,Bombejus,Bombėjus,Bumbaj,Bůmbaj,Dakbayan sa Bombay,Lungsod ng Mumbai,Moembaai,Mumbai,Mumbaj,Mumbaja,Mumbajo,Mumbajus,Mumbay,Mumbaî,Numbai,Vomvai,bamba'i,bmbyy,bwmbay,gretara mumba'i,meng mai,mmbay,mmbyy,mu0bai,muba'i,mum bi,mumba'i,mumbai,mumpai,munbai,mwmbay,mwmbyy,mymbais,pullapa mumba'i,Βομβάη,Бомбай,Бомбей,Мумбаи,Мумбай,Мумбаі,Мумбаї,Мумбај,Մումբայ,מומבאי,מומביי,بمبئی,بومباي,بَمبَے,ممبئي,ممبئی,ممبای,مومباى,مومباي,مومبای,މުންބާއީ,ग्रेटर मुम्बई,बम्बई,मुंबई,मुम्बई,পুল্লাপ মুম্বাই,মুম্বই,মুম্বাই,ਮੁੰਬਈ,મુંબઈ,ମୁମ୍ବାଇ,மும்பை,ముంబై,ಮುಂಬೈ,ಮು೦ಬೈ,മുംബൈ,มุมไบ,འབོམ་སྦེ,မွမ်ဘိုင်းမြို့,მუმბაი,ムンバイ,孟买,孟買,뭄바이",19.07283,72.88261,P,PPLA,IN,,16,,,,12691836,,8,Asia/Kolkata,2024-09-05,India,AS,South Asia,37,37,45,45,429,35.935875,62.394894,46.348507,39.727283,33.99361,26.821642,21.874304,19.781855,19.144625,19.259447,35.458736,54.715836,52.26895,0.6667993
1275362,Bokāro,Bokaro,"Bokaro,Bokaro Steel City,Bokāro,Бокаро",23.66934,86.15161,P,PPLA2,IN,,38,355,2595,,564319,,209,Asia/Kolkata,2024-01-07,India,AS,South Asia,0,0,2,2,534,65.42671,92.96009,63.69776,54.17903,60.627216,55.51667,60.025555,47.393948,42.929707,47.89904,66.582664,81.48139,111.28361,0.7871782
1275610,Bilimora,Bilimora,"Bilimor,Bilimora,Mora,Билимора",20.76957,72.96134,P,PPL,IN,,09,490,3924,,510879,,15,Asia/Kolkata,2026-09-14,India,AS,South Asia,0,0,2,2,466,31.875963,59.486027,48.74985,40.139915,24.71514,19.44234,18.289583,16.722448,13.747983,15.31264,34.89718,52.683052,39.42594,0.53032666
1275665,Bikaner,Bikaner,"BKB,Bikaner,Bîkâner,Bīkaner,Bīkāner,bikanera,Биканер,बीकानेर",28.01762,73.31495,P,PPL,IN,,24,101,473,,644406,,229,Asia/Kolkata,2025-08-05,India,AS,South Asia,1,1,1,1,634,24.752918,37.91129,20.939585,15.832661,17.6125,34.39287,33.19125,29.945024,22.831993,16.259583,24.433199,24.036945,19.02379,0.28433707
1275817,Bhubaneswar,Bhubaneswar,"BBI,BBSR,Bhubaneshwar,Bhubaneswar,Bhubaneśwar,Bkhubaneshvar,Ekamra-Kshetra,Temple City of India,bhubanesbara,bhuvanesvara,bubaneshuwaru,puvanecuvaram,Бхубанешвар,בובנשוואר,भुवनेश्वर,ভুবনেশ্বর,புவனேசுவரம்,ブバネーシュワル",20.27241,85.83385,P,PPLA,IN,,21,386,3055,,885363,,62,Asia/Kolkata,2026-03-27,India,AS,South Asia,3,3,3,3,460,43.157413,86.73226,46.040928,34.33817,23.337774,24.56452,30.224028,20.128223,19.334408,24.410835,34.691532,67.61069,105.8824,0.7352738
1275841,Bhopal,Bhopal,"BHO,Bhojpal,Bhopal,Bhopala,Bhopalas,Bhopalo,Bhopál,Bhopāl,Bhopāla,Bhópál,Bkhapal,Bkhopal,Bopal,Bópal,bhopal,bhopala,bo pa er,bopal,boparu,bwbal,bwpal,popal,Μποπάλ,Бопал,Бхапал,Бхопал,בופאל,بوبال,بوپال,بھوپال,بہوپال,भोपाल,भोपाळ,ভোপাল,ਭੋਪਾਲ,ભોપાલ,ଭୋପାଳ,போபால்,భోపాల్,ಭೊಪಾಲ್,ഭോപ്പാൽ,ბჰოპალი,ボパール,ボーパール,博帕尔,보팔",23.25469,77.40289,P,PPLA,IN,,35,444,3581,,1798218,,523,Asia/Kolkata,2025-10-12,India,AS,South Asia,4,4,4,4,521,27.882187,38.52231,22.749706,15.855646,22.34361,27.702017,22.981945,20.07137,21.771505,20.18444,38.121635,51.316944,32.63925,0.52863306
1275901,Bhiwandi,Bhiwandi,"Bhivandi,Bhivándi,Bhiwandi,Bhiwndi,Bivandi,Bkhivandi,bhi'oyadi,bhivandi,bhiwandi,biwandi,bywandy,pi wen di,Биванди,Бхиванди,بيوانډي,بھیواندی,بھیونڈی,بیواندی,भिवंडी,भिवन्दी,ভিওয়াদি,ભિવંડી,ଭିୱାନ୍ଦି,ビワンディー,皮文迪,비완디",19.30023,73.05881,P,PPL,IN,,16,517,4166,,874032,,9,Asia/Kolkata,2024-01-06,India,AS,South Asia,15,15,43,43,430,35.623405,57.81721,44.399708,43.578762,39.83125,34.282253,23.559305,18.526747,21.064648,24.543058,30.290052,48.05473,42.172714,0.6566837
1275971,Bhilai,Bhilai,"Bhilai,Bhilai Nagar,Bhilaj Nagar,Bhilajus,Bhilāī,Bilaj,Bkhilai,balay,bhila'i,bhila'i nagara,bhilai nagara,bi lai,billai,birai,pilay,Билај,Бхилаи,بالای,بھلائی,بھیلائ,भिलाई,भिलै नगर,ভিলাই নগর,ଭିଲାଇ,பிலாய்,ビラーイー,比萊,빌라이",21.20919,81.4285,P,PPL,IN,,37,409,3318,,627734,,307,Asia/Kolkata,2024-12-31,India,AS,South Asia,5,5,7,7,476,50.678574,74.95888,52.781094,51.544083,46.679028,43.25806,33.77389,26.906317,31.60255,36.120975,46.516396,74.862915,88.97849,0.6988086
1276014,Bhayandar,Bhayandar,"Bhayandar,Bhayander,Bhayndar,Bhayundar,Bkhajandar,Mira-Bhayandar,bha'indara,bhayandr,byandar,payantar,Бхаяндар,بهایاندر,بياندار,بھیئندر,भाईंदर,ভাঈন্দর,பாயந்தர்",19.30157,72.85107,P,PPL,IN,,16,517,4165,,809378,,9,Asia/Kolkata,2026-08-30,India,AS,South Asia,19,19,45,45,429,35.935875,62.394894,46.348507,39.727283,33.99361,26.821642,21.874304,19.781855,19.144625,19.259447,35.458736,54.715836,52.26895,0.6330587
1276032,Bhavnagar,Bhavnagar,"BHU,Baunagar,Bharnagar,Bhaunagar,Bhavnagar,Bhunagar,Bhāvnagar,Bkhavnagarom,ba fu na jia er,babeunagaleu,bavunagaru,bawngr,bhavanagara,bhav‌nagar,bھawngr,pavanakar,Бхавнагаром,باونگر,بھاونگر,भावनगर,ભાવનગર,பவநகர்,భావ్‌నగర్,バーヴナガル,巴夫那加尔,바브나가르",21.76287,72.15331,P,PPL,IN,,09,481,3854,,605882,,24,Asia/Kolkata,2024-01-06,India,AS,South Asia,0,0,0,0,485,23.008604,37.0055,21.79985,16.532793,15.355417,18.258467,16.687222,15.4627695,12.9901905,14.38917,28.971237,45.672222,32.86371,0.49447104
1277013,Bareilly,Bareilly,"BEK,Bareilly,Barejli,Bareli,Barelī,ba lei li,baleilli,baraili,bareli,bareri,bereli,bryly,pareli,Барейли,Барели,Барејли,بريلي,بریلی,बरेली,बरैली,বেরেলি,બરેલી,பரேலி,ಬರೇಲಿ,ബറേലി,バレーリー,巴雷利,바레일리",28.36678,79.43167,P,PPL,IN,,36,150,787,,745435,,178,Asia/Kolkata,2024-01-06,India,AS,South Asia,2,2,2,2,648,56.917492,99.54421,52.62277,39.605373,40.721806,48.583332,55.252644,36.697853,37.951614,35.774303,54.0914,71.83111,109.140724,0.6904382
1277333,Bengaluru,Bengaluru,"BLR,Ban'nkalor,Bangalor,Bangalore,Bangalore City,Bangalur,Bangaluri,Bangalúr,Bengalour,Bengaluras,Bengaluro,Bengaluru,Bengalurus,Bengalúru,Bengalūras,Bengalūru,baeng-geollo,bagalaura,ban jia luo er,bang kha l xr,bang-galloleu,bangalaura,bangalora,bangalura,bangaroru,beng-gallulu,bengalora,bengaluru,benguluru,bnghalwr,bnglwr,bynglwr,penkalur,Μπανγκαλόρ,Бангалор,Бенгалуру,Бенґалуру,בנגלור,بنغالور,بنگلور,بینگلور,बंगलौर,बंगळूर,बेङ्गलूरु,बेङ्गलोर,बेङ्गळूरु,বাঙ্গালোর,বেঙ্গালুরু,ਬੰਗਲੌਰ,બેંગલોર,ବେଙ୍ଗାଳୁରୁ,பெங்களூர்,బెంగుళూరు,ಬೆಂಗಳೂರು,ബെംഗളൂരു,බැංගලෝර්,บังคาลอร์,ဘန်ဂလိုမြို့,ბენგალურუ,バンガロール,班加罗尔,班加羅爾,방갈로르,뱅걸로,벵갈루루",12.97194,77.59369,P,PPLA,IN,,19,572,,,8495492,920,914,Asia/Kolkata,2025-05-24,India,AS,South Asia,12,14,14,16,326,21.854105,33.868687,29.389284,26.824461,34.09125,20.526478,9.063055,5.5716395,9.618953,10.7722225,17.055912,29.982359,36.101074,0.48195925
1278149,Aurangabad,Aurangabad,"Aurangabad,Aurangabad - aurangabada,Aurangabadas,Aurangabado,Aurangâbâd,Aurangābād,Chhatrapati Sambhaji Nagar,IXU,a'orangabada,a'urangabada,aurangabada,aurangabada sahara,aurangabado,awrng abad,awrng‌abad,awrnk abad,Аурангабад,أورنك آباد,اورنگ آباد,اورنگ‌آباد,औरंगाबाद,औरंगाबाद शहर,আউরঙ্গাবাদ,আওরঙ্গাবাদ,アウランガーバード",19.87757,75.34226,P,PPLA2,IN,,16,515,4137,,1175116,,588,Asia/Kolkata,2025-05-25,India,AS,South Asia,3,3,3,3,450,24.395088,43.98427,30.875294,25.760487,22.368748,22.52137,16.33736,10.697178,10.609678,15.030836,25.504436,37.93736,31.550537,0.53546923
1278314,Āsansol,Asansol,"Asanol,Asansol,asanasola,asansoru,Āsansol,Асансол,आसनसोल,আসানসোল,アサンソル",23.68333,86.98333,P,PPLA2,IN,,28,704,2269,,504271,,119,Asia/Kolkata,2024-01-06,India,AS,South Asia,4,4,7,7,536,55.848637,80.79193,56.978863,48.520836,52.59861,49.647987,55.44264,39.445564,36.163303,34.98792,52.882923,66.78528,95.609,0.8009917
1278710,Amritsar,Amritsar,"ATQ,Amricar,Amritsar,Amritsara,Amritsaras,Amritszar,Amritszár,Amrytsar,a mu li ze,aamritsar,ambrsr,amirtacaras,amlichaleu,amritasara,amrtasara,amrtasarah,amrtsr,amrytsar,amuritosaru,xmvt sra,yamrytsar,ʼmrytsr,Αμριτσάρ,Амритсар,Амрицар,Амрытсар,Амрітсар,Ամրիտսար,אמריטסר,أمريتسار,ئامریتسار,امبرسر,امرتسر,امريتسار,امریتسار,اَمرِتسَر,अमृतसर,अमृतसरः,অমৃতসর,ਅੰਮ੍ਰਿਤਸਰ,અમૃતસર,ଅମୃତସର,அமிர்தசரஸ்,అమృత్‌సర్,ಅಮೃತಸರ,അമൃത്‌സർ,අම්රිට්සාර්,อมฤตสระ,ამრიტსარი,ᱟᱢᱨᱤᱛᱥᱚᱨ,アムリトサル,阿姆利则,阿姆利則,암리차르",31.62234,74.87534,P,PPL,IN,,23,049,256,,1159227,,244,Asia/Kolkata,2026-01-09,India,AS,South Asia,1,1,1,7,757,70.421,134.4539,77.09181,38.586292,42.085003,60.55672,55.685837,55.115734,52.31989,43.74361,64.323524,96.8557,123.481865,0.6876697
1278718,Amravati,Amravati,"AVR,Amravati,amaravati,Амравати,अमरावती",20.93333,77.75,P,PPLA2,IN,,16,503,4009,,647057,,341,Asia/Kolkata,2026-09-14,India,AS,South Asia,2,2,2,2,467,29.307943,46.303635,29.008932,25.441935,26.89736,29.084003,19.855415,16.14879,16.317608,19.339306,30.825268,52.548756,39.94086,0.55503696
1278994,Prayagraj,Prayagraj,"Alahabadas,Alla Abba Habab,Allahabad,Allahabad - ilahabada,Allahābād,Allakhabad,Allāhābād,IXD,Ilahabad,Ilāhābād,Prayag,Prayagraj,Prayāg,alakapat,an la a ba de,arahabado,elahabada,ilahabada,irahabado,Аллахабад,إلٰه‌آباد,الہ آباد,इलाहाबाद,এলাহাবাদ,அலகாபாத்,アラハバード,イラーハーバード,安拉阿巴德",25.44478,81.84322,P,PPL,IN,,36,175,890,,1073438,,99,Asia/Kolkata,2024-09-05,India,AS,South Asia,3,3,3,3,588,60.10192,109.34005,59.456547,44.034008,40.95597,42.84933,40.30611,35.49086,30.473253,37.130688,58.49663,98.915276,122.96681,0.7697322
1279017,Alīgarh,Aligarh,"Aligarh,Aligarkh,Alīgarh,HRH,Koil,aligara,aligarha,Алигарх,علی گڑھ,अलीगढ़,আলিগড়",27.88145,78.07464,P,PPL,IN,,36,143,755,,753207,,189,Asia/Kolkata,2024-03-13,India,AS,South Asia,0,0,1,1,635,80.06084,119.095314,68.45818,93.72621,77.19209,91.47782,73.81778,42.552563,48.651882,40.08375,69.34113,103.33514,131.04219,0.70532554
1279159,Ajmer,Ajmer,"Acmer,Adzhmer,Adzmer,Adzmera,Adzmeras,Adzsmir,Adźmer,Adžmera,Adžmeras,Adžmér,Agmer,Ajmer,Ajmer City,Aĝmer,KQH,a jie mei er,ajamera,ajamira,ajimeleu,ajmer,ajmeri,ajmir,ajmyr,ajumeru,Ádzsmír,Аджмер,Аџмер,أجمير,اجمیر,اجمېر,अजमेर,অজমের,আজমির,ਅਜਮੇਰ,અજમેર,ଆଜମେର,அஜ்மீர்,అజ్మీర్,ಅಜ್ಮೇರ್,അജ്മീർ,აჯმერი,アジュメール,阿杰梅尔,아지메르",26.4521,74.63867,P,PPL,IN,,24,119,607,,542321,,475,Asia/Kolkata,2025-08-05,India,AS,South Asia,1,1,1,2,606,26.209972,44.722042,26.799547,15.66761,16.61125,25.915997,23.903475,22.790184,18.17473,16.29861,29.323656,42.184444,31.996773,0.37556413
1279233,Ahmedabad,Ahmedabad,"AMD,Achmentampant,Ahmadabad,Ahmadabadas,Ahmadabado,Ahmadobod,Ahmadábád,Ahmadābād,Ahmedabad,Akhmadabad,Akhmadabad shaary,Akhmedabad,Amadavad,Amdavada,Amdāvāda,Amedabato,Amedebatum,Exmetabad,a mei da ba de,a wa,afumadabado,aham'madabad,ahamadabad,ahamadabada,ahamedabada,ahimadabada,ahmadabad,ahmadabadi,ahmd abad,ahmdabad,ahmdabad - hyndystan,ai ha mai da ba de,ai ha mai de bao,akamatapat,amadabada,amadabadeu,amadaraada,amadavada,xah mda bad,ya mei da ba de,Əhmədabad,Αχμενταμπάντ,Ахмадабад,Ахмадабад шаары,Ахмедабад,Аҳмадобод,Әхмәдабад,Әхмәтабад,Ահմադաբադ,אחמדאבאד,אכמעדאבאד,أحمد آباد,احمد آباد,احمدآباد,احمدآباد - هیندیستان,احمداباد,अमदाबाद,अमदावाद,अहमदाबाद,अहमदाबाद्,অমদাৱাদ,আহমেদাবাদ,ਅਹਿਮਦਾਬਾਦ,અમદાવાદ,ଅହମଦାବାଦ,அகமதாபாத்,అహ్మదాబాద్,ಅಹ್ಮದಾಬಾದ್,അഹമ്മദാബാദ്,අහ්මදාබාද්,อัห์มดาบาด,အမယ်ဒါဘတ်မြို့,აჰმადაბადი,አሕምድባድ,ᱚᱦᱢᱚᱫᱟᱵᱟᱫᱽ,アフマダーバード,亞美達巴德,艾哈迈德堡,艾哈迈达巴德,阿哇,阿美達巴德,아마다바드",23.02579,72.58727,P,PPL,IN,,09,474,3781,,6357693,,56,Asia/Kolkata,2024-01-06,India,AS,South Asia,12,12,13,13,519,28.346432,40.745697,27.272173,19.695429,16.715279,24.05,20.873472,21.724598,20.204704,20.760418,36.167606,53.899723,37.90739,0.56254953
1279259,Agra,Agra,"AGR,Agra,Agra - agara,Agro,Aqra,Lungsod ng Agra,a ge la,agara,ageula,agra,agura,akra,Āgrā,Агра,Аґра,אגרה,آگرہ,आगरा,आग्रा,আগ্রা,ஆக்ரா,ಆಗ್ರಾ,アーグラ,アーグラー,阿格拉,아그라",27.18333,78.01667,P,PPLA2,IN,,36,146,766,,1430055,,166,Asia/Kolkata,2025-10-31,India,AS,South Asia,6,6,8,8,621,77.99875,107.297035,66.46162,94.65161,89.88346,96.497986,78.291115,34.667747,32.949734,35.03167,64.586426,107.9707,126.55283,0.63074195
6619347,Navi Mumbai,Navi Mumbai,"Navi Moembaai,Navi Mumbai,Navi Mumbaj,Navi-Mumbaj,New Bombay,Nova Bombaim,Novmumbajo,bmbyy nw,na'oyi mumba'i,nabi mumba'i,nabimumbai,nabimunbai,narai mumba'i,navamumba'i,navi mumba'i,navi mumbai,navi mumbayi,navi mumpai,nawy mwmbay,nwy mmbyy,xin meng mai,Нави Мумбаи,Нави Мумбај,Наві-Мумбай,נבי מומבאי,بمبئی نو,ناوي مومبای,نوی ممبئی,नवमुम्बई,नवि मुम्बई,नवी मुंबई,নাওয়ি মুম্বাই,নৱি মুম্বাই,નવી મુંબઈ,ନବି ମୁମ୍ବାଇ,நவி மும்பை,ನವೀ ಮುಂಬಯಿ,നവി മുംബൈ,ナビムンバイ,新孟買,나비뭄바이",19.03681,73.01582,P,PPLX,IN,,16,517,4165,,2600000,,14,Asia/Kolkata,2026-07-24,India,AS,South Asia,31,31,44,44,430,35.623405,57.81721,44.399708,43.578762,39.83125,34.282253,23.559305,18.526747,21.064648,24.543058,30.290052,48.05473,42.172714,0.78199625
6943660,Shivaji Nagar,Shivaji Nagar,"Shivadzhi-Nagar,Шиваджи-Нагар",18.53017,73.85263,P,PPLX,IN,,16,521,4194,,1000000,1000,559,Asia/Kolkata,2026-09-14,India,AS,South Asia,15,15,15,15,415,25.978714,51.509953,40.126335,35.110752,30.298473,18.779707,14.107362,6.761559,9.356854,12.358611,23.367477,36.925976,34.080776,0.5874181
7626690,Pimpri-Chinchwad,Pimpri-Chinchwad,"Pimpri Chinchwad,Pimpri-Chinchvad,Pimpri-Chinchwad,Pimpri-Cincvad,Pimpri-Csincsvad,Pimpri-Csincsvád,Pimpri-Ĉinĉvad,Pimpri-Činčvad,Pimpris-Cincvadas,Pimpris-Činčvadas,Pimpry-Chynchvad,Pimprí-Čiňčvad,bin bu li jin jie wo de,pimpari cinacaraada,pimpari cinca'oyara,pimpari cincavada,pimpari-cincavada,pimpeulichinchiwadeu,pimpiri-cincvatu,pympry-chynchwad,Пимпри-Чинчвад,Пімпры-Чынчвад,Пімпрі-Чінчвад,پمپری چنچواڈ,پمپری-چنچواڑ,پيمپري-چينچواد,پیمپری-چینچواد,पिंपरी चिंचवड,पिंपरी-चिंचवड,পিম্পরি চিঞ্চওয়াড়,পিম্পরি চিনচৱাদ,பிம்பிரி-சிஞ்ச்வடு,პიმპრი-ცინცვადი,ピンプリ・チンチワッド,賓布里金傑沃德,핌프리친치와드",18.61867,73.80375,P,PPL,IN,,16,521,4193,,1727692,,568,Asia/Kolkata,2026-01-08,India,AS,South Asia,15,15,15,15,422,24.50148,46.12312,33.458035,31.48723,29.998194,20.530508,14.478749,7.265188,9.724057,12.508887,21.891668,34.741665,32.474598,0.5874181
10581114,Jājmau,Jajmau,"Dzhajmau,Jajesmow,Jajmau,Jājmau,jajama'u,Джаймау,जाजमऊ",26.4304,80.4095,P,PPLX,IN,,36,164,849,,652831,,128,Asia/Kolkata,2026-09-14,India,AS,South Asia,3,3,3,3,608,58.90673,99.01854,48.099247,61.92836,51.58472,55.232258,49.233196,30.443682,29.202019,31.821253,50.593277,86.03014,112.10108,0.7963491
12069922,Rohini,Rohini,"Rokhini,Рохини",28.74322,77.06778,P,PPLX,IN,,07,091,430,,860000,,216,Asia/Kolkata,2026-09-14,India,AS,South Asia,32,32,62,65,655,80.27776,124.0699,68.29345,77.50404,71.52625,83.08683,74.44084,58.356987,62.936558,42.120834,70.116,101.42458,127.2777,0.7447863
12165956,Kallakurichi,Kallakurichi,"Kallakurikkhi,Каллакурикхи",11.73379,78.95925,P,PPLA2,IN,,25,729,5734,,1682687,,124,Asia/Kolkata,2026-09-14,India,AS,South Asia,0,0,0,0,311,27.276646,37.406723,37.17544,33.554703,32.488052,23.698923,18.973053,14.53172,19.567476,19.594446,20.905775,31.125555,39.032524,0.48513508
12501153,Kanayannur,Kanayannur,"Kanajannur,Канаяннур",9.96667,76.26667,P,PPL,IN,,13,595,5660,,851406,,1,Asia/Kolkata,2026-09-14,India,AS,South Asia,1,1,1,1,284,24.415438,39.16976,38.528717,28.06976,27.264442,17.360481,13.149585,11.146236,12.404167,13.087917,17.925404,31.94917,43.90135,0.5624816
94787,Kirkuk,Kirkuk,"KIK,Karkh Slukh,Karkuk,Karkúk,Karkūk,Kerkouk,Kerkuek,Kerkuk,Kerkûk,Kerkük,Kirkoek,Kirkouk,Kirkuk,Kirkukas,Kirkúk,Kirkūk,Kərkük,ji er ku ke,khir khuk,kileukukeu,kirukuku,krk slwk,krkwk,kyrkwk,Κιρκούκ,Киркук,Кіркук,Кәркүк,Քիրքուք,כירכוכ,كركوك,كەركوك,کرکوک,کەرکووک,ܟܪܟ ܣܠܘܟ,ܟܪܟܘܟ,കിർകുക്ക്,คีร์คูก,კირკუკი,キルクーク,基爾庫克,키르쿠크",35.46806,44.39222,P,PPLA,IQ,,13,94786,,,1031000,,346,Asia/Baghdad,2026-01-18,Iraq,AS,MENA,0,0,0,0,916,32.424522,24.420969,25.619196,27.464111,32.35542,31.512634,30.21778,36.299732,43.056984,41.00166,37.17836,31.30292,28.173122,0.30377865
94824,Karbala,Karbala,"Karbala,Karbala',Karbalaa,Karbalo,Karbalá,Karbalā’,Karbila,Karmpala,Kerbala,Kerbela,Kərbəla,Meshed Hussain,Meshed Hussein,Nainawa,Qerbelaja,Shathi'ul-Furat,Vilojati Karbalo,al-Ghadiriya,ka er ba la,kaleuballa,karabala,karbala,karpala,karubara,krbla,krblaʾ,krblaʾ almqdst,ktrbala,Καρμπάλα,Вилояти Карбало,Карбала,Кербала,Кербела,Քերբելա,כרבלא,كةربالا,كربلاء,كربلاء المقدسة,کربلا,کەربەلا,ڪربلا,करबला,কারবালা,ਕਰਬਲਾ,கர்பலா,കർബല,ქარბალა,カルバラー,卡爾巴拉,카르발라",32.61603,44.02488,P,PPLA,IQ,,12,94822,,,1218732,,32,Asia/Baghdad,2025-12-24,Iraq,AS,MENA,0,0,0,0,802,34.567444,20.76035,24.852827,26.16747,43.379444,41.85094,37.000553,49.2156,47.708187,33.837917,38.061695,23.772501,27.252419,0.36752424
95446,Erbil,Erbil,"Arbeel,Arbela,Arbil,Arbēla,Arbīl,Arvila,EBL,Ehrbil',Erbil,Erbil',Ermpil,Hawler,Hawlēr,Hewler,Hewlêr,Irbil,Irbíl,Irbīl,Viloati Arbil,ai er bi lei sheng,arbyl,arubiru xian,Ərbil,ʼrbyl,ʾrbyl,Ερμπίλ,Арбил,Вилояти Арбӣл,Ербил,Ербіль,Эрбиль,Эрбіль,Әрбил,Էրբիլ,ארביל,أربيل,إربيل,اربيل,اربیل,هەولێر,ھەwlێr,ھەولێر,ܐܪܒܝܠ,Ἄρβηλα,アルビール県,埃爾比勒省,𐎠𐎼𐎲𐎡𐎼𐎠𐏓,𒌨𒉈𒈝𒆠",36.19117,44.00943,P,PPLA,IQ,,11,95444,,,1612700,,429,Asia/Baghdad,2026-01-18,Iraq,AS,MENA,0,0,0,0,942,24.989782,16.750269,19.09851,24.033333,26.630974,26.16855,25.7268,30.31734,32.135483,31.255833,25.631582,19.713335,21.953901,0.2278954
98182,Baghdad,Baghdad,"BGW,Bagda,Bagdad,Bagdadas,Bagdado,Bagdat,Bagdate,Bagdatum,Bagdod,Bagdá,Bagdád,Baghdad,Baghdād,Bağdad,Bağdat,Beghdad,Bexda,Lungsod ng Baghdad,ba ge da,bagadada,bageudadeu,bagudado,bghdad,bەghdad,paktat,Βαγδάτη,Багдад,Бағдод,Բաղդադ,בגדאד,بغداد,بەغداد,ܒܓܕܐܕ,बगदाद,বাগদাদ,பக்தாத்,པ་ག་ཏ,ባግዳድ,バグダード,巴格达,巴格達,바그다드",33.34058,44.40088,P,PPLC,IQ,,07,9166668,,,7216000,,41,Asia/Baghdad,2024-02-14,Iraq,AS,MENA,3,3,3,3,815,49.741665,41.596104,46.418453,48.350136,57.70514,52.950535,43.779167,55.55417,55.715584,47.74125,54.09113,45.356384,47.17889,0.35189977
98463,Sulaymaniyah,Sulaymaniyah,"As-Sulajmanijja,ISU,Silemani,Silêmanî,Slemani,Slēmānī,Solimania,Souleimaniye,Sueleymaniye,Sueleymaniyyə,Sulaimaniya,Sulaimaniyya,Sulaymaniyah,Sulaymaniyya,Sulaymānīyah,Suleimania,Suleimaniya,Suleimaniyah,Sulejmanie,Sulejmanija,Sulejmánie,Suleymania,Süleymaniye,Süleymaniyyə,alslymanyt,as-Sulaimaniya,as-Sulaimānīya,as-Sulaymaniyyah,as-Sulaymāniyyah,slymanyh,slێmany,swlymnyh,swlymʾnyʾ,Сулеймания,Сулейманія,Сулејманија,Սուլեյմանիա,סולימניה,السليمانية,سلیمانیه,سلێمانی,ܣܘܠܝܡܐܢܝܐ",35.56496,45.4329,P,PPLA,IQ,,05,98464,,,878146,,847,Asia/Baghdad,2025-12-28,Iraq,AS,MENA,0,0,0,0,917,21.169817,17.207125,18.017414,22.01976,25.472363,25.049328,17.658195,24.73696,23.312094,22.901388,21.213305,18.38111,17.755108,0.24165101
98854,Nasiriyah,Nasiriyah,"Al-Nasiriya,An Nasiriya,An Nasiriyah,An Nāsirīya,An Nāşirīyah,An-Nasiriya,Muntafik,Muntifik,Nasirija,Nasirijja,Nasiriya,Nasiriyah,Nasiriyeh,Nasrie,Nasriye,Nāsirīyah,XNH,alnasryh,alnasryt,nashiriya,Насирия,الناصرية,الناصريه,ナーシリーヤ",31.05799,46.25726,P,PPLA,IQ,,09,98855,,,558400,,7,Asia/Baghdad,2024-02-14,Iraq,AS,MENA,0,0,0,0,736,28.717234,20.730108,26.913542,29.29328,33.649715,28.965862,28.425272,31.984272,36.015057,25.67472,27.486156,24.327362,30.876745,0.3258455
99071,Al Mawşil al Jadīdah,Al Mawsil al Jadidah,"Al Mavsil Al Dzhadidakh,Al Mawsil al Jadidah,Al Mawşil al Jadīdah,almwsl aljdydt,Ал Мавсил Ал Джадидах,الموصل الجديدة",36.33271,43.10555,P,PPLX,IQ,,15,9166649,,,2065597,,239,Asia/Baghdad,2026-09-14,Iraq,AS,MENA,0,0,0,0,959,29.004763,29.985352,25.668303,31.602688,29.052362,26.637636,25.540415,30.663036,29.990318,28.061668,28.66156,32.029858,29.797985,0.22275372
99072,Mosul,Mosul,"Al Mawsil,Al Mawşil,Al Mosul,Al Musil,Al Mūşil,Masul,Mausilium,Mosel,Mosoel,Mosouli,Mossoul,Mossul,Mosul,Mosul khot,Mosula,Mosulas,Mosulo,Moszul,Mousl,Moussoul,Musil,Musił,Musul,Musıl,Mûsil,OSM,almwsl,mo su er,mo sul,mocul,mosala,mosul,mosula,mosuli,mosuru,mwsl,mwswl,mwsڵ,Μοσούλη,Масул,Мосeл,Мосул,Мосул хот,Մոսուլ,מאסול,מוסול,الموصل,موسڵ,موصل,موصول,مووسڵ,ܡܘܨܠ,मोसुल,ਮੋਸਲ,மோசுல்,മൊസൂൾ,โมซูล,მოსული,モースル,摩苏尔,摩蘇爾,모술",36.335,43.11889,P,PPLA,IQ,,15,9166649,,,1683000,,228,Asia/Baghdad,2026-01-04,Iraq,AS,MENA,0,0,0,0,959,29.004763,29.985352,25.668303,31.602688,29.052362,26.637636,25.540415,30.663036,29.990318,28.061668,28.66156,32.029858,29.797985,0.22275372
99532,Basrah,Basrah,"Al Basrah,Al Başrah,Al-Basra,BSR,Bacora,Basora,Basra,Basrah,Bassora,Bassorah,Bassra,Baçorá,Besre,Busra,Busrah,Bussora,Bàssora,Bəsrə,Vasora,albsrt,ba shi la,ba si la,basara,basura,bsrh,bsrt,bzrh,Βασόρα,Басра,בצרה,البصرة,بصرة,بصره,ܒܨܪܐ,বসরা,バスラ,巴士拉,巴斯拉",30.50852,47.7804,P,PPLA,IQ,,02,99534,,,1326564,,4,Asia/Baghdad,2025-12-18,Iraq,AS,MENA,0,0,0,0,704,48.00062,37.64153,40.12188,41.471916,47.69431,46.67917,55.061665,60.197983,62.586426,41.300697,44.37836,46.522778,51.542343,0.48207763
100077,Abū Ghurayb,Abu Ghurayb,"Abou Ghraib,Abu Ghraib,Abu Ghraib - abw ghryb,Abu Ghraib Farms,Abu Ghuraib,Abu Ghurayb,Abu-Grejb,Abū Ghraib Farms,Abū Ghurayb,Mazari` Abi Gharib,Mazari` Abi Ghurayb,Mazāri‘ Abī Ghurayb,Mazārı‘ Abī Gharīb,abw ghryb,Абу-Грейб,אבו גרייב,أبو غريب,ابو غریب",33.30563,44.18477,P,PPLA2,IQ,,07,9166542,,,900000,,42,Asia/Baghdad,2024-09-05,Iraq,AS,MENA,3,3,3,3,814,38.05341,23.084547,27.300299,29.88091,47.04778,43.61721,40.403893,52.955776,52.755642,38.708332,42.1668,28.170002,29.577421,0.32713923
7802746,Sadr City,Sadr City,"Madinat-ehs-Sadr,Sadr,mdynt alsdr,Мадинат-эс-Садр,مدينة الصدر",33.3889,44.4583,P,PPL,IQ,,07,,,,1211849,,39,Asia/Baghdad,2026-09-14,Iraq,AS,MENA,3,3,3,3,815,49.741665,41.596104,46.418453,48.350136,57.70514,52.950535,43.779167,55.55417,55.715584,47.74125,54.09113,45.356384,47.17889,0.35189977
112931,Tehran,Tehran,"THR,Taekhran,Tahran,Techerane,Teera,Teerao,Teerã,Teerão,Tegeran,Teheran,Teherana,Teheranas,Teherano,Teherán,Teherāna,Tehran,Tehrano,Tekheran,Téhéran,Tʻehran,de hei lan,teharan,teharana,tehelan,teheran,tehran,teirani,thran,thrn,thrwn,tihran,Τεχεράνη,Тæхран,Тегеран,Техеран,Теҳрон,Թեհրան,Թէհրան,טהראן,טהרן,تهران,تهرون,تِهران,تہران,طهران,ܛܗܪܐܢ,तेहरान,তেহরান,தெஹ்ரான்,เตหะราน,ཏེ་ཧི་རན​།,თეირანი,ቴህራን,テヘラン,德黑兰,德黑蘭,테헤란",35.69439,51.42151,P,PPLC,IR,,26,,,,7153309,,1178,Asia/Tehran,2026-09-07,Iran,AS,MENA,0,0,0,0,918,26.710379,33.111156,28.762053,30.471779,24.128334,19.466263,18.555698,20.834679,18.550268,23.772917,29.49247,40.53903,33.04342,0.30329156
113646,Tabriz,Tabriz,"Davrez,Dawrez,TBZ,Tabrez,Tabris,Tabriz,Tabrizo,Tabríz,Tabrīz,Taebris,Taebriz,Tampriz,Tauris,Tebriz,Tebriza,Tebrizas,Tebrīza,Tehbryz,Tewrez,Tewrêz,Toewriz,Täbris,Täbriz,Töwriz,Təbriz,Tʻawriz,da bu li shi,ta bris,tabareza,tabariza,tabeulijeu,tabris,taburizu,tavrizi,tbryz,Ταμπρίζ,Табрез,Табриз,Тебриз,Тэбрыз,Тәбриз,Դավրէժ,Դաւրէժ,Թավրիզ,Թաւրիզ,טאבריז,תבריז,تبريز,تبریز,تەورێز,तबरेज़,ਤਬਰੀਜ਼,ടാബ്രിസ്,ตาบริซ,ཊ་བི་རི་ཛ།,თავრიზი,タブリーズ,大不里士,타브리즈",38.08,46.2919,P,PPLA,IR,,33,,,,1424641,,1396,Asia/Tehran,2026-08-27,Iran,AS,MENA,0,0,0,0,1028,14.945505,19.89637,16.769342,19.329033,15.888611,15.823791,10.948054,14.222851,9.92903,9.045416,12.766803,20.311806,14.475673,0.23485793
115019,Shiraz,Shiraz,"Chimaz,Chiraz,SYZ,Schiras,Sheroz,Shiraz,Shyraz,Shīrāz,Siraz,Siraza,Sirazas,Sirazo,Siráz,Sjiraz,Sziraz,Xiraz,chi ras,she la zi,shirazi,shirazu,shyraz,silajeu,Ŝirazo,Şiraz,Şîraz,Širaz,Širazas,Šíráz,Šīrāz,Šīrāza,Σιράζ,Шероз,Шираз,Шыраз,Շիրազ,שיראז,شيراز,شیراز,ชีราซ,შირაზი,シーラーズ,設拉子,시라즈",29.61031,52.53113,P,PPLA,IR,,07,449583,,,1249942,,1545,Asia/Tehran,2024-07-22,Iran,AS,MENA,0,0,0,0,676,26.475302,28.578362,25.466818,26.008604,24.7325,22.117874,23.996107,30.104437,24.301884,25.303331,27.231855,33.135277,26.669756,0.23220359
118743,Rasht,Rasht,"RAS,Raixt,Rascht,Rasht,Rasjt,Rast,Rasto,Raszt,Raŝto,Rašt,Reshh,Resht,Rest,Restas,Reşt,Reštas,Rəşt,la shen te,lasyuteu,rashuto,rasta,reshti,rsht,Рашт,Решт,Рещ,Рәшт,Ռեշտ,ראשת,رشت,ڕەشت,रश्त,แรชต์,რეშთი,ラシュト,拉什特,라슈트",37.27611,49.58862,P,PPLA,IR,,08,,,,594590,,4,Asia/Tehran,2019-02-27,Iran,AS,MENA,0,0,0,0,999,16.073305,17.362097,16.634224,18.072714,15.13139,12.778899,14.759169,18.78199,14.933737,11.963749,17.093412,22.646807,12.782527,0.36518887
119208,Qom,Qom,"Dakbayan sa Qom,Ghom,Homo,Kom,Kum,Kum shaary,Kumas,QUM,Qom,Qum,Qûm,gomu,koma,ku mu,kum,kuvom,qm,qwm,Ĥomo,Ком,Кум,Кум шаары,Қум,קום,قم,قوم,कोम,குவோம்,ゴム,库姆,쿰",34.6401,50.8764,P,PPLA,IR,,39,,,,900000,,935,Asia/Tehran,2019-09-05,Iran,AS,MENA,0,0,0,0,872,18.058994,19.394487,16.524702,18.16828,19.024445,15.225538,15.179028,16.317204,13.061158,16.281527,18.268682,26.322918,22.938978,0.27264977
121801,Orūmīyeh,Orumiyeh,"OMH,Orumieh,Orumiyeh,Orūmīyeh,Ourmia,Reza'iyeh,Rezaeyeh,Rezaiyye,Rezâiyye,Rezā’īyeh,Rizaiyeh,Rizāiyeh,Urmia,Urmija,Urmiya,Urmiye,Urmía,Urumija,Urumiyeh,Urūmiyeh,arwmyh,arwmyt,shhrstan arwmyh,Úrmia,Ûrmiye,Урмия,Урумия,אורמיה,أرومية,ارومیه,ارومیّه,شهرستان ارومیه,ܐܘܪܡܝܐ",37.55274,45.07605,P,PPLA,IR,,01,,,,577307,,1350,Asia/Tehran,2024-07-17,Iran,AS,MENA,0,0,0,0,1009,14.127769,16.381853,14.580655,18.627417,16.803333,16.620968,11.480139,15.162901,11.150672,8.986944,10.552152,18.008331,11.181854,0.36902586
124665,Mashhad,Mashhad,"Alexandria,MHD,Masant,Masat,Maschhad,Mashad,Mashado,Mashhad,Mashkhad,Masyhad,Maxhad,Maŝhado,Maşat,Mašhad,Mașhad,Meixad,Meshed,Mesheda,Meshedas,Meshkhed,MeshkhӀed,Meszhed,Mexed,Meşhed,Mešheda,Mešhedas,Məshəd,Məşhəd,Sanaabad,ma shen ha de,mach had,macukat,masahada,mashuhado,masyuhadeu,meshhedi,mshd,mshhd,snabad,Μασάντ,Машхад,Машҳад,Мешхед,МешхӀед,Мешһед,Мәшһәд,Մաշհադ,משהד,سناباد,مشهد,مشہد,مەشھەد,मशहद,মাশহাদ,ਮਸ਼ਹਦ,மசுகாத்,മശ്‌ഹദ്,มัชฮัด,მეშჰედი,マシュハド,馬什哈德,마슈하드",36.29807,59.60567,P,PPLA,IR,,42,,,,2307177,,980,Asia/Tehran,2025-03-09,Iran,AS,MENA,0,0,0,0,960,28.021465,39.523113,38.402676,31.797983,28.80875,19.926477,21.498339,15.965187,17.496908,20.70972,32.644886,37.50236,32.8707,0.25171217
128226,Kermanshah,Kermanshah,"Bahtaran,Bakhtaran,Bākhtarān,KSH,Kermansah,Kermansaho,Kermanschah,Kermanshah,Kermanshahan,Kermanshakh,Kermanŝaho,Kermanšah,Kermânsâh,Kermānschāh,Kermānshāh,Kermānshāhān,Kirmansah,Kirmanşah,Kirmasan,Kirmaşan,Province de Kermanshah,Provincia de Kermanshah,Provinco Kermansah,Provinco Kermanŝah,Província de Kermanshah,Qahremanshahr,Qahremānshahr,astan krmanshah,ke er man sha he,kerumansha,krmanshah,Керманшах,Кирмоншоҳ,Устони Кирмоншоҳ,استان کرمانشاه,كرمانشاه,کرمانشاه,ケルマーンシャー,克尔曼沙赫",34.31417,47.065,P,PPLA,IR,,13,,,,621100,,1392,Asia/Tehran,2024-07-17,Iran,AS,MENA,0,0,0,0,850,16.008854,13.211827,12.423811,14.450942,22.58319,18.204168,14.799305,21.366533,18.26895,15.090973,13.563439,14.191667,13.6893835,0.206609
128234,Kerman,Kerman,"Carmana,Dakbayan sa Kerman,Dakbayan sa Kermān,KER,Kerman,Kermanas,Kermano,Kermon,Kermán,Kermān,Kirman,Kirmon,karmana,ke er man,keleuman,kermani,keruman,krman,Керман,Кирмон,Կերման,כרמאן,كرمان,کرمان,कर्मान,ქერმანი,ケルマーン,克尔曼,케르만",30.28321,57.07879,P,PPLA,IR,,29,,,,577514,,1760,Asia/Tehran,2024-07-24,Iran,AS,MENA,0,0,0,0,705,15.24735,15.396104,13.524107,12.562231,14.596942,15.641938,16.023195,15.728228,9.755779,17.708334,19.5293,19.92278,12.646772,0.292849
128747,Karaj,Karaj,"Heredi,Karadj,Karadje,Karadsch,Karadz,Karadzs,Karadż,Karadž,Karago,Karaj,Karatz,Karaĝo,Karej,Kerec,Keredi,Keredzas,Keredzh,Keredžas,Kerezh,Kərəc,Leredi,PYK,QKC,Qasabeh-e Karaj,Qaşabeh-e Karaj,ka la ji,kairaija,kalaji,karaj,karaji,kha rac,krj,kyaraji,qasabihi karaj,Καράτζ,Карай,Караџ,Караҷ,Кередж,Кереж,כאראג,قَصَبِهِ كَرَج,كرج,کرج,کەرەج,कैरैज,கராஜ்,คาราจ,ქარაჯი,キャラジ,卡拉季,카라지",35.83266,50.99155,P,PPLA,IR,,44,,,,1448075,,1341,Asia/Tehran,2021-08-20,Iran,AS,MENA,0,0,0,0,943,20.313505,23.168684,22.694046,24.74987,20.383888,16.34489,16.070557,19.124598,15.509141,16.585278,18.67379,28.40139,22.292337,0.28028452
132144,Hamadān,Hamadan,"Ecbatana,HDM,Hamadan,Hamadān,Hamedan,Hamedān,Khamadan,hmdan,Хамадан,همدان",34.79922,48.51456,P,PPLA,IR,,09,,,,528256,,1820,Asia/Tehran,2024-07-22,Iran,AS,MENA,0,0,0,0,871,13.835114,13.4559145,14.349702,14.143146,19.283607,14.214516,11.823889,16.70484,11.677554,11.430278,11.518818,14.793193,12.73992,0.30968174
143127,Arāk,Arak,"Arak,Arak - sawh,Arok,Arāk,Ehrak,Soltanabad,Solţānābād,Sultanabad,Sultānābād,`Iraq,arak,sawh,sultan abad,Арак,Арок,Эрак,اراک,ساوه,سُلطان آباد,‘Irāq",34.09493,49.69809,P,PPLA,IR,,34,,,,503647,,1738,Asia/Tehran,2024-09-05,Iran,AS,MENA,0,0,0,0,838,16.345871,15.371909,14.680802,15.276076,20.076666,15.565457,16.239305,21.07258,13.624194,15.567083,15.41223,20.449167,12.877958,0.30858764
144448,Ahvaz,Ahvaz,"AWZ,Ahvaz,Ahvaz - ahwaz,Ahvaza,Ahvazas,Ahvazo,Ahvoz,Ahváz,Ahvāz,Ahvāza,Ahwas,Ahwaz,Ahwāz,Akhvaz,Akhvaz shaary,Axvaz,Bandar Nasiri,Bandar Nāsirī,Bandar-e Naser,Bandar-e Nāşer,Ehvaz,Naseri,Nasiri,Nāsiri,Nāşerī,a wa shi,abajeu,afuvuazu,ahabaja,ahavaza,ahvazi,ahwaz,akvacu,alahwaz,Əhvaz,Ахваз,Ахваз шаары,Аҳвоз,Ախվազ,אהוואז,ئەھواز,الأهواز,اهواز,اہواز,अहवाज़,আহবাজ,ਅਹਵਾਜ਼,ஆக்வாசு,ཨཱ་ཝཛ།,აჰვაზი,アフヴァーズ,阿瓦士,아바즈",31.31901,48.6842,P,PPLA,IR,,15,,,,841145,,23,Asia/Tehran,2024-09-05,Iran,AS,MENA,0,0,0,0,737,46.606182,36.3578,42.560116,37.484276,41.009033,45.710083,44.566257,52.94099,60.66842,49.88889,50.462627,51.845005,45.417736,0.30389944
418863,Isfahan,Isfahan,"Aspadana,Dakbayan sa Esfahan,Dakbayan sa Esfahān,Esfahan,Esfahano,Esfahān,Esfehan,Eşfahān,Eşfehān,Eṣfahān,IFN,Isfachan,Isfahan,Isfahana,Isfahanas,Isfahanum,Isfahon,Isfahán,Isfahāna,Isfakhan,Isfehan,Ispahan,Iszfahan,Iszfahán,Kota Isfahan,Spahan,Yspyhan,asfhan,aysfahan,esaphahana,esufahan,icupakan,isafahana,iseupahan,isfahana,isphahana,xis fa han,yi si fa han,Îsfehan,İsfahan,İsfehan,Ισφαχάν,Ісфахан,Исфахан,Исфаҳон,Исфаһан,Սպահան,אספהאן,أصفهان,ئسفأھان,ئەسفەھان,اصفهان,اصفہان,ایصفاهان,इस्फहान,इस्फ़हान,এসফাহন,ਇਸਫ਼ਹਾਨ,இசுபகான்,อิสฟาฮาน,ისპაანი,エスファハーン,伊斯法罕,이스파한",32.65246,51.67462,P,PPLA,IR,,28,,,,1547164,,1578,Asia/Tehran,2026-07-02,Iran,AS,MENA,0,0,0,0,803,28.922552,41.85578,23.978271,26.250402,23.035555,20.423788,22.288471,23.445702,18.872715,27.582777,31.564785,49.053886,38.44248,0.32614478
1159301,Zahedan,Zahedan,"Dowzdab,Dowzdāb,Duzdab,Duzdap,Duzdāb,Duzdāp,ZAH,Zahedan,Zahedan-e (Yek),Zahedanas,Zahedano,Zahedán,Zahidan,Zaidan,Zaidān,Zakhedan,Záhedán,Zāhedān,Zāhedān-e (Yek),cakitan,jahedan,jahedana,zahdan,zahedan,zahedana,zahedani,zha hei dan,Захедан,Зоҳидон,Զահեդան,زاهدان,زاہدان,ज़ाहेदान,জহেদন,சாகிதன்,ზაჰედანი,ザーヘダーン,扎黑丹,자헤단",29.4963,60.8629,P,PPLA,IR,,04,,,,551980,,1380,Asia/Tehran,2024-07-25,Iran,AS,MENA,0,0,0,0,677,12.294623,11.672851,15.047023,11.70027,12.06486,12.4561825,12.038056,9.516264,6.230242,12.648193,16.315456,14.974859,13.219758,0.18580027
2523920,Palermo,Palermo,"PMO,Palerm,Palerma,Palermas,Palerme,Palermo,Palermu,Panormus,Pałermo,ba lei mo shi,balarm,balrmw,balyrmw,blrm,blrmt,palermo,palleleumo,palrmw,palyrmw,parerumo,plrmw,Палерма,Палермо,פלרמו,بالرمو,باليرمو,بلرم,بلرمة,بَلَرْم,پالرمو,پاليرمو,پالیرمو,پلرمو,पलेर्मो,パレルモ,巴勒莫市,팔레르모",38.1166,13.3636,P,PPLA,IT,,15,PA,082053,,648260,14,20,Europe/Rome,2023-11-21,Italy,EU,Europe,0,0,0,0,1023,10.281531,11.355644,13.361907,12.477689,11.752776,9.444758,11.413192,7.666263,9.057528,8.3544445,8.488979,8.049166,12.203898,0.1459891
3165524,Turin,Turin,"Augusta Taurinorum,Julia Augusta Taurinorum,Lungsod ng Turino,TRN,Tori,Torin,Torino,Torinu,Torí,Tueri,Turen,Turijn,Turim,Turin,Turina,Turinas,Turino,Turinu,Turyn,Turén,Turìn,Turín,Turīna,Tórínó,Türì,dou ling,tolino,torino,tu rin,tulin,turin,turina,twryn,twrynw,Τορίνο,Торино,Турин,Турын,Թուրին,טורין,טורינו,تورينو,تورین,टोरीनो,तोरिनो,তুরিন,துரின்,ตูริน,ཊུ་རིན།,ტურინი,トリノ,都灵,토리노,투린",45.07049,7.68682,P,PPLA,IT,,12,TO,001272,0012721,847287,239,245,Europe/Rome,2025-07-07,Italy,EU,Europe,2,3,4,5,1271,22.852962,31.855911,30.56384,21.511158,16.742777,17.179705,20.479307,12.955242,16.09852,18.50708,30.704838,28.067225,30.07056,0.21909107
3169070,Rome,Rome,"An Roimh,An Ròimh,An Róimh,Erroma,Hrom,Lungsod ng Roma,Mji wa Roma,ROM,Ramma,Rhufain,Rim,Rim,Roeme,Rom,Roma,Rome,Romma,Romo,Romë,Rooma,Roum,Rym,Rzym,Råmma,Rím,Róm,Róma,Urbs,loma,luo ma,luo ma shi,rm,rom,roma,romi,rwm,rwma,rym,Řím,Ρώμη,Рим,Римъ,Ром,Рым,Հռոմ,רומא,رم,روم,روما,رىم,ܪܘܡܐ,रोम,रोमा,রোম,โรม,რომი,ሮማ,ローマ,罗马市,羅馬,로마",41.89193,12.51133,P,PPLC,IT,,07,RM,058091,,2318895,20,52,Europe/Rome,2025-07-22,Italy,EU,Europe,12,14,13,15,1174,14.73836,15.895162,18.97351,16.250134,15.303889,11.6436825,13.7415285,9.515053,12.597982,12.609029,12.716399,15.023891,22.926476,0.15147072
3172394,Naples,Naples,"NAP,Napels,Naples,Naplés,Napoles,Napoli,Napolo,Napols,Napoly,Nappoli,Napul,Napule,Napuli,Napulj,Napólí,Neapal',Neapel,Neapelj,Neapol,Neapol',Neapole,Neapolis,Noapels,Nàpoli,Nàpols,Nàpuli,Nàpułi,Nápoles,Nápoli,Nápols,Nápoly,Parthenope,na bu lei si,nabwly,napl,napoli,napolli,napori,napwly,nepalasa,nepalsa,nepeils,nyplz,Νάπολη,Напуљ,Неапаль,Неапол,Неаполь,Նեապոլ,נאפאלי,נאפולי,نابولي,ناپل,ناپولی,نیپلز,नापोलि,नापोली,नेपल्स,নেপলস,நாபொலி,เนเปิลส์,ნეაპოლი,ナポリ,那不勒斯,나폴리",40.85216,14.26811,P,PPLA,IT,,04,NA,063049,,909048,17,14,Europe/Rome,2026-04-17,Italy,EU,Europe,3,5,3,6,1121,17.361637,17.84812,19.560268,18.960752,18.779306,15.391265,17.240276,12.329435,20.049868,16.915,12.224194,17.103054,22.16989,0.19212763
3173435,Milan,Milan,"Lungsod ng Milano,MIL,Mailand,Mediolan,Mediolanum,Mila,Milaan,Milan,Milana,Milanas,Milano,Milanu,Milao,Milà,Milán,Miláno,Milánó,Milão,Milāna,Mílanó,Mилан,mi lan,milan,milana,milani,millano,mirano,mylan,mylanw,Милан,Милано,Мілан,Միլան,מילאנו,مىلان,ميلان,ميلانو,মিলান,மிலன்,มิลาน,მილანი,ミラノ,米蘭,밀라노",45.46427,9.18951,P,PPLA,IT,,09,MI,015146,,1371498,122,127,Europe/Rome,2026-04-01,Italy,EU,Europe,4,6,20,26,1289,27.234095,39.83992,40.18974,27.783468,19.496107,17.902554,21.248613,13.663978,19.447182,21.53097,29.29207,33.405003,43.83576,0.19766192
3176219,Genoa,Genoa,"Cenova,Dzenova,Dženova,GOA,Genes,Genoa,Genova,Genovo,Genua,Genuja,Genès,Genúa,Gènova,Génova,Gênes,Janov,Jenova,Xenova - Genova,Xénova,Zena,genua,jeno'a,jenoba,jenovua,jnwa,jnwt,re na ya,Ĝenovo,Ђенова,Генуа,Генуя,Գենուա,Ճենովա,Ջենովա,גנואה,جنوا,جنوة,जेनोआ,გენუა,ジェノヴァ,热那亚,제노바",44.40478,8.94439,P,PPLA,IT,,08,GE,010025,,580097,19,17,Europe/Rome,2026-03-23,Italy,EU,Europe,0,0,0,1,1245,14.033964,12.617743,17.28125,13.16035,12.647361,12.254569,16.620834,11.036426,13.371908,12.4208355,15.852959,15.74153,15.757799,0.16370656
3489297,New Kingston,New Kingston,"Nev Kingston,Нев Кингстон",18.00747,-76.78319,P,PPLX,JM,,08,15017,,,583958,,99,America/Jamaica,2026-09-14,Jamaica,NA,North/Central America,0,0,0,0,403,10.085013,8.325133,9.898809,11.848657,8.146945,7.767607,14.627359,11.511021,11.424732,9.751249,9.248924,9.625416,8.884677,0.26502827
3489854,Kingston,Kingston,"KIN,Kin'nkston,Kingston,Kingstono,jing si dui,kingseuteon,kingusuton,kyngstwn,Κίνγκστον,Кингстон,کینگستون,キングストン,京斯敦,킹스턴",17.99702,-76.79358,P,PPLC,JM,,17,,,,937700,,65,America/Jamaica,2021-08-01,Jamaica,NA,North/Central America,0,0,0,0,403,10.085013,8.325133,9.898809,11.848657,8.146945,7.767607,14.627359,11.511021,11.424732,9.751249,9.248924,9.625416,8.884677,0.18809251
248946,Irbid,Irbid,"Arbela,Arbēla,Irbid,Irbidas,Irbido,QIR,arbd,ileubideu,irubido,yi er bi de,İrbid,Ірбід,Ирбид,Ирбид қаласы,Իրբիդ,אירביד,إربد,اربد,イルビド,伊爾比德,이르비드",32.55556,35.85,P,PPLA,JO,,18,,,,569068,,570,Asia/Amman,2022-09-27,Jordan,AS,MENA,0,1,4,5,788,23.673979,26.2957,19.52976,30.547047,31.022915,23.530378,21.390831,19.979437,23.659136,21.113056,17.51398,28.654165,20.691662,0.18774414
250090,Zarqa,Zarqa,"Az Zarqa',Az Zarqā’,Ehz-Zarka,Kalaat el Zerka,QZA,Qal'at az Zarqa',Qal‘at az Zarqā’,Zarka,Zarqa,Zerka,jaleuka,zaruka,zha er ka,Зарка,Эз-Зарка,الزرقاء,زرقاء,ザルカ,扎尔卡,자르카",32.07275,36.08796,P,PPLA,JO,,17,,,,792665,,625,Asia/Amman,2013-04-21,Jordan,AS,MENA,2,2,2,2,771,41.58057,39.331184,26.684969,53.955917,61.84361,54.80645,42.79903,41.72554,48.152557,35.204163,26.234678,42.06097,25.22903,0.3114572
250441,Amman,Amman,"'Amman,AMM,Ama,Aman,Amanas,Amani,Amano,Amans,Amman,Ammana,Ammon,Ammán,Ammān,Ammāna,Amàn,Amán,Amã,Philadelphia,Rabbah,Rabbath Ammon,am'man,am'mana,aman,amana,amani,amman,an man,anman,xam man,yamman,ʻmʼn,ʿman,ʿmʾn,Αμμάν,Аман,Амман,Аммон,Ամման,אמאן,עמאן,ئاممان,امان,عمان,عمان شہر,عمّان,عَمّان,عەممان,ܥܡܐܢ,अम्मान,আম্মান,ਅਮਾਨ,அம்மான்,ಅಮ್ಮಾನ್,അമ്മാൻ,อัมมาน,ཨམ་མན།,ამანი,አማን,‘Ammān,アンマン,安曼,암만",31.95522,35.94503,P,PPLC,JO,,16,,,,1275857,,757,Asia/Amman,2019-09-05,Jordan,AS,MENA,2,2,2,2,771,41.58057,39.331184,26.684969,53.955917,61.84361,54.80645,42.79903,41.72554,48.152557,35.204163,26.234678,42.06097,25.22903,0.2829127
1848354,Yokohama,Yokohama,"Iokogama,Jakagama,Jokohama,Jokohamo,Jokokhama,YOK,Yokohama,Yokohama-shi,Yokohamashi,heng bang,heng bang shi,heng bin shi,yoa koa ha ma,yokohama,yokohama si,yokohamashi,ywkwhama,ywqwhmh,Јокохама,Иокогама,Йокохама,Якагама,יוקוהמה,يوكوهاما,โยะโกะฮะมะ,იოკოჰამა,よこはま,よこはまし,ヨコハマ,ヨコハマシ,横浜,横浜市,横滨市,요코하마 시",35.43333,139.65,P,PPLA,JP,,19,1848350,,,3777491,,21,Asia/Tokyo,2025-02-27,Japan,AS,Other Asia,77,80,204,208,933,26.899206,33.530106,24.130062,28.322447,27.282084,22.304571,24.33792,17.474998,25.369358,22.289446,23.244486,37.127083,37.220966,0.32224494
1849053,Utsunomiya,Utsunomiya,"Ucunomija,Utsunomiya,Utsunomiya-shi,Utsunomiyashi,usseunomiya si,utsunomiya,utsunomiyashi,yu dou gong,yu dou gong shi,Уцуномия,うつのみや,うつのみやし,ウツノミヤ,ウツノミヤシ,宇都宮,宇都宮市,우쓰노미야 시",36.56667,139.88333,P,PPLA,JP,,38,1849052,,,518757,,137,Asia/Tokyo,2024-12-29,Japan,AS,Other Asia,6,6,20,20,967,14.936022,12.640191,12.517263,16.915457,18.708471,14.995296,18.62028,18.695433,18.837633,12.712778,10.075807,12.34514,12.019624,0.30377653
1850147,Tokyo,Tokyo,"Edo,TYO,Tochiu,Tocio,Tokija,Tokijas,Tokio,Tokió,Tokyo,Toquio,Tòquio,Tókýó,Tóquio,Tōkyō,Tʻokʻio,dokyo,dong jing,dong jing dou,dong-gyeong,tokeiyw,toki'o,tokkiyo,tokyo,twkyw,twqyw,Τόκιο,Токио,Токіо,Թոքիօ,Տոկիո,טוקיו,توكيو,توکیو,طوكيو,ܛܘܟܝܘ,ܜܘܟܝܘ,टोक्यो,টোকিও,டோக்கியோ,โตเกียว,ტოკიო,东京,東京,東京都,도쿄,동경",35.6895,139.69171,P,PPLC,JP,,40,,,,9733276,,44,Asia/Tokyo,2025-07-22,Japan,AS,Other Asia,129,132,248,253,933,26.899206,33.530106,24.130062,28.322447,27.282084,22.304571,24.33792,17.474998,25.369358,22.289446,23.244486,37.127083,37.220966,0.42197457
1851717,Shizuoka,Shizuoka,"FSZ,Lungsod ng Shizuoka,Shidzuoka,Shizuoka,Shizuoka-shi,Shizuokashi,Siduoka,Sidzuok,Sidzuoka,Sizuoka,Sizuoka-chhi,Sizuoka-chhī,chisu xoa ka,jing gang,jing gang shi,shizuoka,shizuokashi,shyzwka,shyzwywka,sijeuoka si,sijhu'oka,Ŝizuoka,Şizuoka,Šidzuoka,Šizuoka,Сидзуока,Сідзуока,Шидзуока,Шизуока,שיזואוקה,شيزوكا,شیزوئوکا,شیزوکا,शिझुओका,ชิซุโอะกะ,しずおか,しずおかし,シズオカ,シズオカシ,静岡,静岡市,靜岡市,시즈오카 시",34.98333,138.38333,P,PPLA,JP,,37,1851714,,,693389,,23,Asia/Tokyo,2024-12-29,Japan,AS,Other Asia,13,13,21,21,887,10.343188,7.4029565,7.461011,13.206453,13.8475,11.293951,13.527638,11.777419,14.389784,10.163751,7.6376357,7.1786113,6.0604835,0.23921038
1853195,Sakai,Sakai,"Sacaia,Sacaium,Sakai,jie,jie shi,sakai si,Сакаи,堺,堺市,사카이 시",34.58216,135.46653,P,PPLA2,JP,,32,1853167,27141,,826161,,2,Asia/Tokyo,2024-12-29,Japan,AS,Other Asia,57,57,117,117,863,16.10023,16.10148,15.466517,17.381855,18.494581,14.633601,20.469305,16.8043,16.044085,13.378192,11.726345,17.516249,15.30094,0.50493884
1853909,Osaka,Osaka,"OSA,Osaacke,Osaca,Osaca - da ban shi,Osaka,Osaka-shi,Osako,Oszaka,awsaka,awzaka,da ban,da ban shi,oosakashi,osaka,osaka si,xo sa ka,ywsaka,Ósaka,Ószaka,Ōsaka,Ōsaka-shi,Осака,אוסקה,أوساكا,ئوساكا,اوزاکا,ওসাকা,โอซะกะ,ოსაკა,おおさかし,大阪,大阪市,오사카 시",34.69379,135.50107,P,PPLA,JP,,32,1853897,27127,,2753862,,4,Asia/Tokyo,2024-09-05,Japan,AS,Other Asia,68,68,125,125,884,19.911879,20.325003,20.218306,20.70618,20.370693,18.042606,25.479448,21.800673,19.82769,16.580418,13.619086,22.602362,19.57352,0.46695772
1854383,Okayama,Okayama,"OKJ,Okajama,Okayama,Okayama-shi,Okayamashi,gang shan,gang shan shi,okayama,okayama si,okayamashi,Окаяма,おかやま,おかやまし,オカヤマ,オカヤマシ,岡山,岡山市,오카야마 시",34.65,133.93333,P,PPLA,JP,,31,1854380,33102,,724691,,5,Asia/Tokyo,2024-12-29,Japan,AS,Other Asia,20,20,38,38,881,13.337679,13.244623,12.890031,16.653494,17.171944,12.447849,17.326529,13.658064,14.818143,9.496527,7.577823,13.423611,11.431451,0.33019868
1855431,Niigata,Niigata,"KIJ,Niahi-niigata,Nigita,Niigata,nigata si,niigata,niigatashi,xin xi,xin xi shi,Ниигата,にいがた,にいがたし,ニイガタ,ニイガタシ,新潟,新潟市,니가타 시",37.92259,139.04125,P,PPLA,JP,,29,1855427,15107,,797591,,1,Asia/Tokyo,2024-01-18,Japan,AS,Other Asia,11,11,12,12,1038,10.442785,6.856049,9.087649,13.802554,13.65014,13.934007,16.88389,14.04355,10.625269,7.0191665,6.379703,7.168333,5.8271503,0.3331763
1856057,Nagoya,Nagoya,"NGO,Nagoia,Nagoja,Nagojo,Nagoya,Nagoya City,Nagoya-shi,Naqoya,ming gu wu,ming gu wu shi,na ngoa ya,naghwya,nagoya si,nagoyashi,nagwya  aychy,ngwyh,Нагоя,Нагоја,Նագոյա,נגויה,ناغويا,ناگویا، آیچی,นะโงะยะ,なごやし,名古屋,名古屋市,나고야 시",35.18147,136.90641,P,PPLA,JP,,01,1856053,23106,,2332176,,23,Asia/Tokyo,2026-04-29,Japan,AS,Other Asia,39,39,77,77,908,18.066883,15.101209,15.834673,21.121103,20.696806,18.164246,21.892916,20.727552,18.983469,15.514307,15.667877,17.545,15.446506,0.38059303
1857910,Kyoto,Kyoto,"Kejuots,Kiaⁿ-to͘-chhī,Kijota,Kiotas,Kioto,Kiotó,Kjoto,Kjóto,Kyoto,Kyoto-shi,Kyotu,Kyotum,Kyōto,Kyōto-shi,Kėjuots,Lungsod ng Kyoto,Quioto,UKY,gyoto si,jing dou,jing dou shi,kheiyw toa,ki'oto,kiyoto,kiyotto,kyeattea,kyoto,kyouto,kyoutoshi,kywtw,qywtw,Κιότο,Киото,Кёто,Кіото,Кіёта,Кјото,Կիոտո,קיאטא,קיוטו,كيوتو,کیوتو,کیوٹو,ܩܝܘܛܘ,क्योटो,क्योतो,কিয়োটো,ਕਿਓਤੋ,கியோத்தோ,ക്യോത്തോ,ක්යෝතෝ,เคียวโตะ,ཁེཡོ་ཐྲོ།,ကျိုတိုမြို့,კიოტო,きょうとし,キョウト,京都,京都市,교토 시",35.02107,135.75385,P,PPLA,JP,,22,1857906,26102,,1463723,,50,Asia/Tokyo,2022-10-24,Japan,AS,Other Asia,30,30,81,81,907,13.748628,12.762095,13.729762,15.637633,15.713612,14.008601,17.677637,18.503227,14.653627,10.708195,7.498119,13.469863,10.702419,0.33612952
1858421,Kumamoto,Kumamoto,"KMJ,Kumamoto,Kumamoto-shi,gumamoto si,kumamotoshi,xiong ben,xiong ben shi,Кумамото,くまもとし,熊本,熊本市,구마모토 시",32.80589,130.69181,P,PPLA,JP,,21,1858418,43101,,738907,,9,Asia/Tokyo,2026-08-30,Japan,AS,Other Asia,15,15,26,26,813,13.414003,16.585484,13.24122,17.148521,16.320555,14.04301,11.955277,11.861962,13.9904585,8.762084,10.035617,14.218888,12.710887,0.3501915
1859171,Kobe,Kobe,"Kobe,Kobe-chhi,Kobe-shi,Kobeh,Kobeo,Kobė,Kompe,Kóbe,Kôbe-chhī,Kōbe,Kōbe-shi,Lungsod ng Kobe,gobe si,kaube,kho bea,kobe,kope,koubeshi,kwbh,qwbh,shen hu,shen hu shi,Κόμπε,Кобе,Кобэ,Կոբե,קובה,كوبه,کوبه,کوبے,कोबे,কৌবে,கோபே,โคเบะ,კობე,こうべし,神戶,神户市,神戸,神戸市,고베 시",34.6913,135.183,P,PPLA,JP,,13,1859161,28110,,1525152,,35,Asia/Tokyo,2026-06-01,Japan,AS,Other Asia,38,38,111,111,883,18.105135,15.185619,15.940477,18.77043,20.504307,18.155643,25.128885,27.530235,21.656853,16.23986,10.189517,15.16486,12.734408,0.33190808
1859307,Kitakyushu,Kitakyushu,"KKJ,Kita-Kjushju,Kitakiusiu,Kitakiūšiū,Kitakjushju,Kitakjushu,Kitakjusju,Kitakjusu,Kitakjuŝu,Kitakjúsú,Kitakjúšú,Kitakjūshū,Kitakyuesue,Kitakyushu,Kitakyusyu,Kitakyüşü,Kitakyūshū,Pak-kiu-chiu-chhi,Pak-kiú-chiu-chhī,bei jiu zhou,bei jiu zhou shi,gitakyusyu si,khi ta kiw chu,kytakywshw,kytakywshw  fwkwywka,Китакюсю,Китакюшу,Китакюшю,Китакјушу,Кіта-Кюшю,Կիտակյուսյու,كيتاكيوشو,کیتاکیوشو، فوکوئوکا,คิตะกีวชู,北九州,北九州市,기타큐슈 시",33.85181,130.85034,P,PPLA2,JP,,07,1859306,40106,,940978,,57,Asia/Tokyo,2022-09-02,Japan,AS,Other Asia,17,17,33,33,846,13.281702,15.108733,15.634822,15.888038,16.728334,15.710755,16.527777,13.391801,12.019355,8.624028,7.178092,12.061946,10.760753,0.31711534
1859642,Kawasaki,Kawasaki,"Cita de Kawasaki,Cità de Kawasaki,Kauasaki,Kavasaki,Kavasakis,Kavaszaki,Kawasaki,Kawasaki City,Kawasaki Si,Kawasaki-chhi,Kawasaki-chhī,Kaŭasaki,chuan qi,chuan qi shi,gawasaki si,kavasaki,kawasaky,kawasaky  kanagawa,kha wa saki,Καβασάκι,Кавасаки,Кавасакі,Կավասակի,קווסאקי,كاواساكي,کاواساکی، کاناگاوا,कावासाकी,คะวะซะกิ,川崎,川崎市,가와사키 시",35.52056,139.71722,P,PPLA2,JP,,19,1859635,,,1538262,,1,Asia/Tokyo,2024-12-29,Japan,AS,Other Asia,91,94,237,241,933,26.899206,33.530106,24.130062,28.322447,27.282084,22.304571,24.33792,17.474998,25.369358,22.289446,23.244486,37.127083,37.220966,0.42197457
1859730,Kawaguchi,Kawaguchi,"Kauaguchi,Kavaguchi,Kavagucis,Kavaguti,Kavagučis,Kavaquci,Kavaquçi,Kawaguchi,Kawaguti-chhi,Kawaguti-chhī,Kawagutsi,chuan kou,chuan kou shi,gawaguchi si,kawaghwtshy,kawaguchi,kawagwchy  saytama,kawagwchy  sayytama,kha wangu chi,Кавагути,Кавагучи,Каваґуті,Кауагучи,كاواغوتشي,کاواگوچی، سائیتاما,کاواگوچی، سایتاما,คะวะงุชิ,კავაგუტი,かわぐち,カワグチ,川口,川口市,가와구치 시",35.80521,139.71072,P,PPLA2,JP,,34,1859726,,,607373,,6,Asia/Tokyo,2022-09-02,Japan,AS,Other Asia,114,117,235,240,956,22.545256,22.851616,14.47381,22.739786,24.605968,20.346373,26.13986,20.99086,26.065321,19.249865,18.239649,27.219168,27.066668,0.34008667
1860827,Kagoshima,Kagoshima,"KOJ,Kagoshima,Kagoshima-shi,Kagoshimashi,Kagosima,Kagošima,gagosima si,kaghwshyma,kagoshima,kagoshimashi,lu er dao,lu er dao shi,lu r dao shi,Кагошима,كاغوشيما,かごしま,かごしまし,カゴシマ,カゴシマシ,鹿儿岛市,鹿児島,鹿児島市,가고시마 시",31.56667,130.55,P,PPLA,JP,,18,1860823,,,595049,,6,Asia/Tokyo,2026-08-30,Japan,AS,Other Asia,4,4,10,10,767,11.40143,14.279032,10.665476,14.705779,14.9558325,12.257793,10.996389,8.532393,10.188172,6.895278,9.627687,13.019582,10.630915,0.32791707
1861321,Itabashi,Itabashi,"Itabashi,Itabashicho,Itabashichō,Itabashimachi,ban qiao,itabashi,tabashi City,Итабаши,いたばし,イタバシ,板橋",35.74893,139.71497,P,PPLX,JP,,40,1861322,,,584483,,35,Asia/Tokyo,2026-09-14,Japan,AS,Other Asia,119,122,243,248,933,26.899206,33.530106,24.130062,28.322447,27.282084,22.304571,24.33792,17.474998,25.369358,22.289446,23.244486,37.127083,37.220966,0.42197457
1862415,Hiroshima,Hiroshima,"Chirosima,HIJ,Hiroshima,Hiroshima-shi,Hiroshimashi,Hirosima,Hirosimo,Hiroszima,Hiroxima,Hiroxima - guang dao shi,Hiroŝimo,Hiroşima,Hirošima,Hiroșima,Khiroshima,Khirosima,canghwad hi roa chi ma,guang dao,guang dao shi,hi ro chi ma,hilosima si,hiroshima,hiroshimashi,hirosima,hyrwshyma,hyrwsymh,Χιροσίμα,Хиросима,Хирошима,Хіросіма,הירושימה,هيروشيما,هیروشیما,हिरोशिमा,จังหวัดฮิโระชิมะ,ฮิโรชิมา,ჰიროსიმა,ჰიროშიმა,ひろしま,ひろしまし,ヒロシマ,ヒロシマシ,広島,広島市,廣島市,히로시마 시",34.4,132.45,P,PPLA,JP,,11,1862412,,,1200754,,16,Asia/Tokyo,2024-12-02,Japan,AS,Other Asia,13,14,20,21,861,13.586575,14.67043,13.886012,15.337366,15.646389,14.524462,16.787779,15.215725,13.602284,8.720416,8.448925,13.76514,12.48145,0.33008623
1862627,Himeji,Himeji,"Hime,Himeci,Himedi,Himegi,Himeji,Himezi,Himezi-chhi,Himezi-chhī,Himeĝi,Khimedzhi,Khimedzi,Khimehdzi,Khimeđi,hi mea ci,himeji si,hymgy,hymyjy,ji lu shi,zhen lu,Химеджи,Химедзи,Химеђи,Химэдзи,Хімедзі,Ҳимеҷи,הימגי,هيميجي,هیمه‌جی، هیوگو,ہیمیجی، ہیوگو,ฮิเมะจิ,姫路,姫路市,姬路市,히메지 시",34.81667,134.7,P,PPLA2,JP,,13,1862625,,,530495,,8,Asia/Tokyo,2025-06-21,Japan,AS,Other Asia,21,21,39,39,882,14.535408,12.177284,13.037201,16.375538,18.90931,15.422982,22.065138,20.16008,16.781452,11.246805,7.599597,11.203334,9.471641,0.32631385
1863289,Hamamatsu,Hamamatsu,"Hamamacu,Hamamatsu,Hamamatsu City,Hamamatsu-shi,Hamamatu,Hamamatu-chhi,Hamamatu-chhī,Khamamacu,bang song,bang song shi,bin song shi,ha ma masu,hamamasseu si,hamamatsw,hamamatsw  shyzwywka,Хамамацу,Хамамацү,Ҳамаматсу,هاماماتسو,هاماماتسو، شیزوئوکا,ہاماماتسو,ฮะมะมะสึ,浜松,浜松市,滨松市,하마마쓰 시",34.7,137.73333,P,PPLA2,JP,,37,1863288,22131,,791707,,3,Asia/Tokyo,2022-09-02,Japan,AS,Other Asia,12,12,24,24,886,11.086538,7.759139,8.869196,13.211157,14.4119425,12.672582,15.665557,13.356183,14.834947,10.802221,7.595296,7.5215282,6.2549734,0.24644125
1863440,Hachiōji,Hachioji,"Hachioji,Hachiouji,Hachiōji,Haciodzis,Haciogi,Hatiozi,Hatiozi-chhi,Hatiôzi,Hatiôzi-chhī,Haĉioĝi,Hačiodžis,Khachiodzhi,Khachiodzi,Khatiodzi,ba wang zi,ba wang zi shi,ha chi xo ci,hachioji si,hatshywwjy,Хатиодзи,Хатіодзі,Хачиоджи,Хачиоџи,Ҳачиоҷи,هاتشيؤوجي,هاچی‌اوجی، توکیو,ہاچیوجی، ٹوکیو,ฮะชิโอจิ,八王子,八王子市,하치오지 시",35.65583,139.32389,P,PPLA2,JP,,40,8304375,,,579355,,127,Asia/Tokyo,2024-12-29,Japan,AS,Other Asia,56,57,189,193,932,22.58866,21.63481,21.56667,24.154837,22.046806,21.871912,24.928196,22.947178,25.800535,19.800556,20.473253,23.48194,22.25511,0.3095892
1863905,Honchō,Honcho,"Funabashi,Funabasi,Funabaŝi,Funabaşi,Furabeshi,Honcho,Honchō,Hunabasi,Hunabasi-chhi,Hunabasi-chhī,ben ding,chuan qiao,chuan qiao shi,fu naba chi,fwnabashy,fwnabashy  chyba,hunabasi si,Фунабаси,Фунабасі,Фунабаши,فوناباشي,فوناباشی، چیبا,ฟุนะบะชิ,本町,船橋,船橋市,후나바시 시",35.70129,139.98648,P,PPLX,JP,,04,1863903,,,644668,,11,Asia/Tokyo,2022-08-15,Japan,AS,Other Asia,72,73,205,209,934,16.688437,21.36277,16.049852,18.682524,18.361666,13.763576,15.118473,11.49718,15.290321,12.80139,13.486424,21.955416,21.877686,0.46321532
1863967,Fukuoka,Fukuoka,"FUK,Fucuoca,Fukuoka,Fukuoka-shi,Fukuokashi,Fukuoko,Hukuoka,fu gang,fu gang shi,fukuoka,fukuokashi,fwkwka,hukuoka si,pwqwʼwqh,Фукуока,פוקואוקה,فوكوكا,ふくおか,ふくおかし,フクオカ,フクオカシ,福岡,福岡市,후쿠오카 시",33.6,130.41667,P,PPLA,JP,,07,1863955,40132,,1612392,,3,Asia/Tokyo,2026-01-20,Japan,AS,Other Asia,14,14,37,37,831,16.38175,20.743547,16.628124,17.5168,19.20403,18.832394,17.984583,16.369492,16.626078,11.446389,10.865858,15.646805,14.700537,0.37741065
1865689,Aihara,Aihara,"Aihara,Aikhara,Sagamihara,xiang yuan,Аихара,相原",35.6,139.31667,P,PPL,JP,,19,1853293,14151,,725493,,157,Asia/Tokyo,2026-09-14,Japan,AS,Other Asia,51,52,183,188,932,22.58866,21.63481,21.56667,24.154837,22.046806,21.871912,24.928196,22.947178,25.800535,19.800556,20.473253,23.48194,22.25511,0.3095892
1926099,Matsuyama,Matsuyama,"MYJ,Macujama,Matsujama,Matsuyama,Matsuyama-shi,Matuyama,Matuyama-chhi,Matuyama-chhī,masseuyama si,masu ya ma,matsuyamashi,matswyama,matswyama  ahymh,song shan,song shan shi,Матсуяма,Мацуяма,Мацујама,מצויאמה,ماتسوياما,ماتسویاما، اهیمه,ماتسویاما، اہیمے,มะสึยะมะ,まつやまし,松山,松山市,마쓰야마 시",33.83916,132.76574,P,PPLA,JP,,05,1857456,,,511192,,28,Asia/Tokyo,2024-12-02,Japan,AS,Other Asia,7,7,16,16,847,13.015133,14.83293,13.885269,14.884138,15.347225,12.902823,14.301945,14.747851,13.601479,8.511528,8.233468,13.255279,11.741127,0.27559137
2111149,Sendai,Sendai,"SDJ,Sendai,Sendai-shi,Sendaishi,Sendaj,sendai,sendaishi,xian tai,xian tai shi,Сендай,せんだい,せんだいし,センダイ,センダイシ,仙台,仙台市",38.26667,140.86667,P,PPLA,JP,,24,2111147,,,1096704,,53,Asia/Tokyo,2022-08-15,Japan,AS,Other Asia,19,19,30,30,1052,11.670805,9.462903,10.498364,14.165996,13.099444,12.754841,14.217499,16.801344,11.805242,8.859305,10.215592,9.695833,8.333602,0.2981538
2113015,Chiba,Chiba,"Chiba,Chiba-shi,Chibashi,Ciba,QCB,Tiba,chiba,chibashi,jiba si,qian ye,qian ye shi,tshyba,Ĉiba,Čiba,Ћиба,Чиба,تشيبا,ちば,ちばし,チバ,チバシ,千葉,千葉市,지바 시",35.6,140.11667,P,PPLA,JP,,04,2113012,12101,,979768,,5,Asia/Tokyo,2025-06-21,Japan,AS,Other Asia,44,44,157,160,934,16.688437,21.36277,16.049852,18.682524,18.361666,13.763576,15.118473,11.49718,15.290321,12.80139,13.486424,21.955416,21.877686,0.28353515
2128295,Sapporo,Sapporo,"SPK,Sapara,Saporas,Saporo,Sapporo,Sapporo-chhi,Sapporo-chhī,Sapporo-shi,Sapporoshi,Sapporum,Szapporo,capporo,sabwrw,sap poa roa,sapporo,sapporoshi,sapwrw,saspolo si,sypwrw,zha huang,zha huang shi,Σαππόρο,Сапара,Сапоро,Саппоро,Սապորո,סאפורו,سابورو,ساپورو,سیپورو,सप्पोरो,சப்போரோ,ซัปโปะโระ,საპორო,さっぽろ,さっぽろし,サッポロ,サッポロシ,札幌,札幌市,삿포로 시",43.06667,141.35,P,PPLA,JP,,12,2128291,,,1973832,,26,Asia/Tokyo,2025-11-03,Japan,AS,Other Asia,13,13,15,15,1215,10.392182,8.678494,9.910565,12.963173,11.47903,12.90269,13.610416,8.957123,8.312097,8.977222,9.242069,11.542918,8.214113,0.3433148
6940394,Saitama,Saitama,"Saitama,saitama,saytama,Саитама,سايتاما,さいたま",35.90807,139.65657,P,PPLA,JP,,34,1849187,11104,,1324854,,16,Asia/Tokyo,2025-02-18,Japan,AS,Other Asia,77,77,215,220,956,22.545256,22.851616,14.47381,22.739786,24.605968,20.346373,26.13986,20.99086,26.065321,19.249865,18.239649,27.219168,27.066668,0.34008667
8469289,Ōta,Ota,"Ota,Ota City,Ota-ku,da tian qu,Ōta,Ōta City,Ōta-ku,Ота,大田区",35.56126,139.71605,P,PPLA2,JP,,40,1853655,,,748081,,12,Asia/Tokyo,2026-09-14,Japan,AS,Other Asia,103,106,244,249,933,26.899206,33.530106,24.130062,28.322447,27.282084,22.304571,24.33792,17.474998,25.369358,22.289446,23.244486,37.127083,37.220966,0.42197457
10987897,Adachi,Adachi,"Adachi,Adachi City,zu li,zu li qu,Адачи,足立,足立区",35.76318,139.80761,P,PPLX,JP,,40,1865750,,,695043,,5,Asia/Tokyo,2026-09-14,Japan,AS,Other Asia,102,105,239,244,934,16.688437,21.36277,16.049852,18.682524,18.361666,13.763576,15.118473,11.49718,15.290321,12.80139,13.486424,21.955416,21.877686,0.32218504
11071717,Edogawe,Edogawe,"Edogave,Edogawa,Edogawa City,jiang hu chuan qu,Едогаве,江戸川区",35.69225,139.87308,P,PPLX,JP,,40,1864242,,,697932,0,1,Asia/Tokyo,2026-09-14,Japan,AS,Other Asia,101,104,235,239,934,16.688437,21.36277,16.049852,18.682524,18.361666,13.763576,15.118473,11.49718,15.290321,12.80139,13.486424,21.955416,21.877686,0.46321532
11209896,Kotō,Koto,"Koto,Koto City,Kotō,Kōtō City,hu dong,jiang dong qu,kotou,Кото,ことう,コトウ,江東区,湖東",32.77856,130.74537,P,PPL,JP,,21,1858418,43102,,543730,,8,Asia/Tokyo,2026-09-14,Japan,AS,Other Asia,14,14,24,24,813,13.414003,16.585484,13.24122,17.148521,16.320555,14.04301,11.955277,11.861962,13.9904585,8.762084,10.035617,14.218888,12.710887,0.3501915
11611609,Sagamihara,Sagamihara,"Sagamihara,Sagamikhara,saghamyhara,xiang mo yuan,Сагамихара,ساغاميهارا,相模原",35.56707,139.24167,P,PPLA2,JP,,19,1853293,14151,,720780,,237,Asia/Tokyo,2026-09-14,Japan,AS,Other Asia,31,32,164,168,932,22.58866,21.63481,21.56667,24.154837,22.046806,21.871912,24.928196,22.947178,25.800535,19.800556,20.473253,23.48194,22.25511,0.24493529
11790342,Setagaya,Setagaya,"Setagaja,Setagaya City,shi tian gu,shi tian gu qu,Сетагая,世田谷,世田谷区",35.64188,139.64715,P,PPLX,JP,,40,1852675,,,940071,,44,Asia/Tokyo,2026-09-14,Japan,AS,Other Asia,121,124,249,254,933,26.899206,33.530106,24.130062,28.322447,27.282084,22.304571,24.33792,17.474998,25.369358,22.289446,23.244486,37.127083,37.220966,0.42197457
11836117,Suginami,Suginami,"Suginami,Suginami City,shan bing,Сугинами,杉並",36.2013,140.28406,P,PPLX,JP,,14,7452800,,,588354,,25,Asia/Tokyo,2026-09-14,Japan,AS,Other Asia,6,7,35,36,968,12.390855,9.995969,10.175296,14.198118,15.758057,11.8106165,15.582916,14.901479,17.529434,10.251667,7.7846785,10.615555,9.957393,0.2611005
184622,Nakuru,Nakuru,"NUU,Nakuru,na ku lu,nakulu,nakuru,nakwrw,nakwrw  knya,Накуру,ناکورو,ناکورو، کنیا,ნაკურუ,ナクル,纳库鲁,나쿠루",-0.30719,36.07225,P,PPLA,KE,,39,,,,570674,,1802,Africa/Nairobi,2023-12-21,Kenya,AF,Sub-Saharan Africa,1,1,1,1,192,12.504677,12.861827,9.918452,10.600268,9.52028,9.85551,13.277362,17.498251,17.199596,14.384722,12.123118,10.9383335,11.566801,0.32054788
184745,Nairobi,Nairobi,"NBO,Nai-lok-pi,Nai-lo̍k-pí,Nairoba,Nairobi,Nairobia,Nairobis,Nairoby,Nairobî,Nairompi,Nairovi,Nairòbi,Nairóbi,Nairóvi,Najrobi,Najrobi osh,Najrobio,Najrobo,Nayiiroobii,Nayrobi,Nayroobi,Nayropi,Nayrubi,Naíróbí,Naýrobi,Tó Sikʼaz,lai luo bi,na'irobi,nai luo bi,nailobi,nairobi,nairopi,nayreabi,nayrwby,nei luo bi,nirobi,nyrwby,nyyrwby,Ναϊρόμπι,Найроби,Найроби ош,Найробі,Најроби,Նայրոբի,Նայրոպի,נייראבי,ניירובי,نايروبى,نايروبي,نایروبی,نایرۆبی,نيروبي,نیروبی,नैरोबी,নাইরোবি,ਨੈਰੋਬੀ,નૈરોબી,நைரோபி,నైరోబి,ನೈರೋಬಿ,നയ്റോബി,නයිරෝබි,ไนโรบี,ནའི་རོ་བི།,နိုင်ရိုဘီမြို့,ნაირობი,ናይሮቢ,ᱱᱟᱭᱨᱳᱵᱤ,ⵏⴰⵢⵔⵓⴱⵉ,ナイロビ,內羅比,内罗毕,奈洛比,賴羅比,ꯅꯥꯏꯔꯣꯕꯤ,나이로비",-1.28333,36.81667,P,PPLC,KE,,05,,,,4397073,,1684,Africa/Nairobi,2023-12-21,Kenya,AF,Sub-Saharan Africa,3,6,3,6,187,14.964564,14.200132,10.219345,11.424196,11.661944,14.861828,19.874584,26.708605,20.664516,14.63014,13.430508,9.9175,11.400538,0.31556988
186301,Mombasa,Mombasa,"MBA,Mambasa,Mombaaso,Mombaca,Mombasa,Mombaso,Mombassa,Mombaça,Mombása,Mompasa,Mvita,meng ba sa,mmbasa,momabaka,mombasa,monbasa,mwmbasa,mwmbsh,Μομπάσα,Мамбаса,Момбаса,מומבסה,ممباسا,مومباسا,मोम्बासा,মোমবাকা,მომბასა,モンバサ,蒙巴萨,몸바사",-4.05466,39.66359,P,PPLA,KE,,37,,,,1208333,,20,Africa/Nairobi,2022-09-26,Kenya,AF,Sub-Saharan Africa,0,0,0,0,171,7.899306,13.193417,13.321428,8.897445,3.0854163,4.1778226,5.19,6.5280924,7.2008066,7.14625,7.511963,9.015834,9.816936,0.21737021
195272,Kakamega,Kakamega,"GGM,Kakamega,Kakamege,ka ka mei jia,kakamga  knya,Какамега,Какамеге,کاکامگا، کنیا,კაკამეგა,卡卡梅加",0.28422,34.75229,P,PPLA,KE,,20,,,,1867579,,1563,Africa/Nairobi,2022-09-26,Kenya,AF,Sub-Saharan Africa,0,0,0,0,199,21.377533,20.312767,16.254763,19.551882,20.247362,20.201612,27.222082,28.687233,27.80847,22.710835,19.25108,16.791666,17.042068,0.31492087
1528675,Bishkek,Bishkek,"Bichkek,Biscecum,Bischkek,Bishkek,Bishkek osh,Bisjkek,Biskek,Biskeka,Biskekas,Biskeko,Biskekʻ,Bisqeq,Bisqueque,Biszkek,Bixkek,Biŝkeko,Bişkek,Bişqeq,Biškek,Biškeka,Biškekas,Bișkek,Bîşkek,FRU,Frunze,Mpiskek,Pishkek,Pishpek,bi shen kai ke,bichkhek,bisakeka,bishukeku,biskek,biskeka,biskekk,bisyukekeu,bshkyk,byshkk,byshkyk,bysqq,picukkek,Μπισκέκ,Бишкек,Бишкек ош,Бішкек,Բիշկեք,בישקעק,בישקק,بشکیک,بيشكك,بيشكيك,بيشکک,بیشکک,بیشکێک,बिश्केक,বিশকেক,ਬਿਸ਼ਕੇਕ,பிசுக்கெக்,ಬಿಷ್ಕೆಕ್,ബിഷ്കെക്ക്,บิชเคก,པི་སི་ཁེག,ბიშკეკი,ቢሽኬክ,ビシュケク,比什凯克,비슈케크",42.87,74.59,P,PPLC,KG,,01,,,,900000,,767,Asia/Bishkek,2025-08-22,Kyrgyzstan,AS,Central Asia,43,43,43,43,1195,14.841793,20.802418,20.107883,17.102152,11.33986,9.499329,14.102222,12.006856,9.304704,11.834304,14.712904,19.104166,18.597986,0.2605488
1821306,Phnom Penh,Phnom Penh,"Krong Chaktomuk,Nam Van,Nam-Vang,Nom Pen,PNH,Phnom Pen,Phnom Penh,Phnom Pénh,Phnom-Penh,Phnompen,Phnompenh,Phnum Penh,Phnum Peny,Phnum Pénh,Phnum Pény,Phnôm Pênh,Phon Phen,Pnampen',Pnom Pehn',Pnom Pen,Pnom Pen'ch,Pnom Pene,Pnom Penh,Pnompen,Pnompen',Pnompena,Pnompenis,Pnompeno,Pnompeņa,Ville de Phnom Penh,bnwm bnh,fnwm pn,fnwm pېn,jin bian,namapenha,panoma pena,peunompen,phnm pen,phnmpey,pnwm pn,punom pen,punonpen,Πνομ Πενχ,Пнампень,Пном Пен,Пном Пэнь,Пномпень,Պնոմպեն,פנום פן,بنوم بنه,فنوم پن,فنوم پېن,پنوم پن,پنوم‌پن,پنۆم پێن,नामपेन्ह,पनॉम पेन,প্‌নম পেন,புனோம் பென்,พนมเปญ,พนมเปณ,ཕོམ་ཕེན།,ဖနွမ်းပင်မြို့,პნომპენი,ፕኖም ፔን,ភនកពងតរាច,ភនពេញ,ភ្នំកំពង់ត្រាច,ភ្នំពេញ,プノンペン,金边,프놈펜",11.56245,104.91601,P,PPLC,KH,,22,,,,1573544,,20,Asia/Phnom_Penh,2025-10-19,Cambodia,AS,Other Asia,0,10,0,12,312,22.879131,20.637232,29.139435,42.864643,47.29847,36.431587,22.046665,10.810482,11.107122,11.34375,14.519757,14.837638,14.247984,0.30595812
1821940,Takeo,Takeo,"Prasat,Pràsàt,Takeo,Takev,Takéo,Takêv,take'o,takeo,takeyo,takyw,Такео,تاكيو,تاکئو,تاکيو,تاکیو,तकेओ,তাকেও,ਤਾਕੇਓ,ታኬዮ,タケオ",10.99081,104.78498,P,PPLA,KH,,19,2108,,,843931,,12,Asia/Phnom_Penh,2026-04-14,Cambodia,AS,Other Asia,0,0,0,0,299,25.668894,25.769487,29.995832,43.035355,50.569035,45.7008,28.675001,13.281988,10.510484,10.248889,16.057928,15.091528,19.570702,0.3559043
1871859,Pyongyang,Pyongyang,"Binh Nhuong,Bình Nhưỡng,FNJ,Heijo,Heijo-fu,Heijō,Heijō-fu,Heizyo,Heizyo Hu,Heizyō,Heizyō Hu,Hpyeng-yang,P'yongyang,P'yongyang-si,P'yŏngyang,P'yŏngyang-si,P-hjong-jang,P-hjöng-jang,Pchenjanas,Pchjongjang,Phenian,Phenjan,Phenjana,Phyeng-yang,Phyong-yang,Pienyang,Pingyang,Pion'gian'nk,Pion'nkgian'nk,Piongiang,Pionguiangue,Pionyang,Pjoengjang,Pjongian,Pjongjang,Pjongjango,Pjöngjang,Pkhen'jan,Pkhenjan,Pxenyan,Pyeongyang,Pyoengyang,Pyongyang,Pyongyang-si,Pyöngyang,bywnghyangh,peiyngyang,pi'ongayanga,ping rang,ping rang shi,piyam iyam,piyonyan,pkheniani,pyamgayanga,pyang yang,pyeong-yang,pyeong-yangjighalsi,pyeong-yangsi,pyon'gyang,pyongayanga,pywng yang,pywngyang,Πιονγιάνγκ,Πιονγκγιάνγκ,Пхеньян,Пхенян,Пјонгјанг,Փխենյան,פיאנגיאנג,פיונגיאנג,بيونغيانغ,پيونګيانګ,پيونگ يانگ,پيوڭياڭ,پیانگ یانگ,پیونگ‌یانگ,پیۆنگیانگ,प्याँगयांग,प्योंगयांग,পিয়ং ইয়াং,ਪਿਓਂਗਯਾਂਗ,பியொங்யாங்,ಪ್ಯೊನ್ಗ್ಯಾಂಗ್,เปียงยาง,ཕོང་ཡང་།,ფხენიანი,ፕዮንግያንግ,平壌,平壤,平壤市,평양,평양시,평양직할시",39.03385,125.75432,P,PPLC,KP,,12,,,,3222000,,43,Asia/Pyongyang,2024-06-19,North Korea,AS,Other Asia,0,0,0,0,1074,21.258863,27.3086,22.968157,27.550806,24.27764,25.65054,23.125832,17.402552,15.301611,13.86778,12.6947565,25.780558,19.408064,0.3541688
1877449,Hamhŭng,Hamhung,"Hamheung,Hamhung,Hamhungas,Hamhungo,Hamhŭng,Hienhing,Kanko,Kankō,Khamkhyn,hamahuga,hamahum,hamahunga,hamheung,hamheungsi,hamhwngh,haምሁniግ,hmhwng,xian xing shi,Хамхын,هامهونغ,همهونگ,ہmhwng,ہmہwng,ہمهونگ,ہمہونگ,हमहुंग,হামহুং,ਹਮਹੁੰਗ,ሃምሁንግ,咸興市,함흥,함흥시",39.91833,127.53639,P,PPLA,KP,,03,,,,559056,,16,Asia/Pyongyang,2026-04-14,North Korea,AS,Other Asia,0,0,0,0,1103,13.094226,15.053764,14.063096,21.547045,16.282084,16.479837,14.372359,8.355376,8.59207,7.0124993,9.970564,14.025834,11.447848,0.2752236
1833747,Ulsan,Ulsan,"USN,Ul'san,Ulsan,Ulsan-si,Ulsano,Urusan,alsan,alzan,awlsan,ulasana,ulsan,ulsangwang-yeogsi,ulsansi,wei shan,wei shan guang yu shi,ʿuልsani,Ульсан,ألسان,الزان,اولسان,उलसान,উলসান,ਉਲਸਾਨ,ኡልሳን,蔚山,蔚山広域市,울산,울산광역시,울산시",35.53722,129.31667,P,PPLA,KR,,21,,,,1098421,,10,Asia/Seoul,2026-04-14,South Korea,AS,Other Asia,27,27,61,61,930,18.763504,23.004705,18.79658,24.87769,21.306944,21.35981,21.858334,13.689517,16.610352,12.600416,12.75672,20.210142,18.123787,0.3177169
1835235,Daejeon,Daejeon,"Daejeon,Daejeon-si,Daejon,Daiden,Daigono,Daiĝono,QTW,Taejon,Taejŏn,Taiden,Tehdzhon,Tetyan,Thai-tyen,Thāi-tyen,Tētyan,da tian guang yu shi,da'ejona,daejeon,daejeongwang-yeogsi,daejeonsi,dayijoni,dayjywn,deji'ona,Тэджон,دائجئون,دايجيون,ڈyjywn,ڈیجیون,ډyjywn,ډیجیون,दाएजोन,ডেজিওন,ਦਾਏਜੋਨ,ዳይጆን,大田广域市,大田広域市,대전,대전광역시,대전시",36.34913,127.38493,P,PPLA,KR,,19,,,,1441203,,58,Asia/Seoul,2026-04-14,South Korea,AS,Other Asia,22,22,54,54,964,23.396097,27.621906,21.702234,30.444492,27.828747,28.187769,26.189997,15.828496,17.816126,19.24833,17.01895,27.355555,21.57366,0.380131
1835329,Daegu,Daegu,"Daegu,Daegu Kong-hek-chhi,Daegu Kóng-he̍k-chhī,Daegu-si,Daikyu,Daikyū,GJai Khau,Ntenkou,TAE,Taegu,Taikando,Taikandō,Taiku,Taikyu,Taikyū,Tegu,Teguo,Tehgu,Tägu,da qiu guang yu shi,da'egu,daegu,daegugwang-yeogsi,daegusi,daigu,dayigu,dayjw,degu,dyghw,tgw,Đại Khâu,Ντέγκου,Тегу,Тэгу,Тэгү,טגו,دائجو,ديغو,ڈygw,ڈیگو,ډygw,ډیگو,दाएगु,दैगू,ডেগু,ਦਾਏਗੂ,ദേഗു,แทกู,ዳይጉ,大邱广域市,大邱広域市,大邱廣域市,대구,대구광역시,대구시",35.87028,128.59111,P,PPLA,KR,,15,,,,2365523,,45,Asia/Seoul,2026-04-14,South Korea,AS,Other Asia,29,29,43,43,954,22.86406,28.193144,21.105806,30.549198,25.472363,26.936562,24.894444,14.299192,17.584814,17.225,17.459816,26.423058,24.137764,0.3407137
1835553,Suwon,Suwon,"SWU,Sououon,Suigen,Suvon,Suwon,Suwon-si,Suwŏn,shui yuan shi,su'oyana,suvona,suwon,suwoni,suwonsi,suwxn,swwn,swwwn,Σούουον,Сувон,سوون,سووون,सुवॉन,सुवोन,সুওয়ন,ਸੁਵੋਨ,ซูว็อน,ሱዎን,水原市,수원,수원시",37.29111,127.00889,P,PPLA,KR,,13,31010,,,1234582,,58,Asia/Seoul,2026-04-30,South Korea,AS,Other Asia,75,75,211,212,1004,28.646816,35.398926,27.881104,35.964653,31.483335,32.56358,29.271389,20.29933,25.187366,23.99472,19.997984,33.2425,28.5125,0.42635143
1835848,Seoul,Seoul,"Hanyang,SEL,Seoel,Seol,Seoul,Seoul-si,Seuel,Seul,Seula,Seulas,Seulo,Seulum,Seúl,Seül,Siul,Soeul,Sol,Soul,Sye-ul,Syou-ouen,Szoeul,Szöul,Séoul,Sêûl,Söul,Sŏul,Wang-ching,Wo-jo,Wō-jō,ciyol,gyeongseong,han-yang,hanseong,saul,seoul,seoulsi,seoulteugbyeolsi,seuli,shou er,shou er te bie shi,si'ula,siyola,sol,sola,souru,souru te bie shi,sywl,Σεούλ,Сеул,Соул,Сөүл,Սեուլ,סאול,סיאול,סעאל,سئول,سيول,سیول,سێئول,سېئول,सियोल,सोल,সিউল,சியோல்,ಸೌಲ್,സോൾ,โซล,སེ་ཨུལ།,ဆိုးလ်မြို့,სეული,ሶል,សេអ៊ូល,ソウル,ソウル特別市,首尔,首尔特别市,首爾,경성,서울,서울시,서울특별시,한성,한양",37.566,126.9784,P,PPLC,KR,,11,,,,10349312,,38,Asia/Seoul,2024-12-01,South Korea,AS,Other Asia,105,106,206,208,1019,29.672947,34.80726,26.204464,37.18481,33.069996,35.449997,30.900969,22.960888,25.532797,24.206808,20.938171,34.666527,29.950806,0.44100884
1838524,Busan,Busan,"Bousan,Busan,Busan-si,Busán,Fousan,Fusan,Fuzan,PUS,Phu San,Phủ San,Pusan,Pusana,Pusano,Tsau-liang-hai,busan,busana,busangwang-yeogsi,busani,busansi,bwsan,fu shan,fu shan guang yu shi,fu shan shi,pu san,pwsʼn,Μπούσαν,Бусан,Пусан,פוסאן,بوسان,बुसान,বুসান,ਬੁਸਾਨ,ปูซาน,ቡሳን,釜山,釜山市,釜山广域市,釜山広域市,부산,부산광역시,부산시",35.10168,129.03004,P,PPLA,KR,,10,,,,3285147,,15,Asia/Seoul,2026-04-14,South Korea,AS,Other Asia,47,47,73,73,905,18.215622,24.689783,18.959524,23.30094,20.13361,20.220833,20.641253,12.558736,16.386423,11.679165,12.294491,19.908888,17.869762,0.36804685
1838716,Bucheon-si,Bucheon-si,"Bucheon,Bucheon-si,Puchkhon,bucheon,bucheonsi,Пучхон,부천,부천시",37.49889,126.78306,P,PPL,KR,,13,31050,,,850731,,14,Asia/Seoul,2026-09-14,South Korea,AS,Other Asia,127,128,204,205,1019,29.672947,34.80726,26.204464,37.18481,33.069996,35.449997,30.900969,22.960888,25.532797,24.206808,20.938171,34.666527,29.950806,0.44366375
1841811,Gwangju,Gwangju,"Gouanjou,Gwangju,Gwangju Kong-hek-chhi,Gwangju Kóng-he̍k-chhī,Gwangju-si,KWJ,Koshu,Kosyu,Kuandzhu,Kuangju,Kuangjuo,Kvandzhu,Kvandzu,Kvandžu,Kvangdzsu,Kvangdzu,Kvanju,Kvanzhe,Kvaңdzhu,Kwang-choo,Kwang-dschu,Kwangdzu,Kwangdžu,Kwangju,Kōshū,Kōsyū,Kŭangĵuo,Quansua,ghwanghjw,goyanju,gu'angaju,guang zhou,guang zhou guang yu shi,guang zhou shi,gvangaju,gwang jw,gwangju,gwangjugwang-yeogsi,gwangjusi,gwangjw,gwaniጁ,gwanjw,kh wang cu,Квангџу,Кванджу,Кванже,Кваңджу,Куанджу,Куанжү,קוואנגגו,غوانغجو,گوانجو,گوانگ جو,گوانگجو,ग्वांगजु,ग्वांगजू,গোয়াংজু,ਗੁਆਂਗਜੂ,ควังจู,ጓንጁ,光州,光州市,光州广域市,光州広域市,光州廣域市,광주,광주광역시,광주시",35.15472,126.91556,P,PPLA,KR,,18,,,,1401235,,47,Asia/Seoul,2026-04-14,South Korea,AS,Other Asia,18,18,28,28,902,20.963535,24.887766,17.938095,27.496908,26.285555,28.575268,23.935139,15.152689,17.170835,14.856252,15.330378,22.49361,17.266935,0.39745286
1842485,Goyang-si,Goyang-si,"Goyang,Goyang city,Goyang-si,Kojan,Kojango,QYK,goyang,goyangsi,Коян,고양,고양시",37.65639,126.835,P,PPLA2,KR,,13,31100,,,1061752,,19,Asia/Seoul,2026-09-14,South Korea,AS,Other Asia,84,85,195,197,1019,29.672947,34.80726,26.204464,37.18481,33.069996,35.449997,30.900969,22.960888,25.532797,24.206808,20.938171,34.666527,29.950806,0.44100884
1842943,Kimhae,Kimhae,"Gimhae,Gimhae-si,Kimhae,Kimkheh,Kinkai,Kumhae,Kŭmhae,gimhaesi,Кимхэ,김해시",35.23417,128.88111,P,PPL,KR,,20,38070,,,531966,,13,Asia/Seoul,2025-04-01,South Korea,AS,Other Asia,53,53,82,82,904,19.401628,25.758339,18.88125,24.545296,21.050417,23.370296,22.65972,13.665725,17.476748,12.717361,13.688038,20.351807,18.57742,0.3497839
1843564,Incheon,Incheon,"Chemulpo,Incchon,Inch'on,Inch'ŏn,Incheon,Incheon-si,Inchkhon,Inchkhun,Inchon,Inchona,Incon,Inconas,Incono,Incshon,Incxon,Intson,Inĉono,Inčchon,Inčhona,Inčon,Inčonas,JCN,Nhan Xuyen,Nhân Xuyên,anchn,anchywn,antshwn,aynchywn,inaci'ona,inacom,incevona,incheon,incheongwang-yeogsi,incheonsi,inciyona,inkiyon,ren chuan guang yu shi,xin chxn,İncheon,İnçxon,ʿiniceʾoni,Ίντσον,Інчхон,Инчон,Инчхон,Инчхън,אינצ'ון,إنتشون,انچن,انچیون,اینچئون,इंचियॉन,इंचेवॉन,ইনচিওন,ਇਨਚੋਂ,இங்கியோன்,อินช็อน,ኢንቸዖን,仁川广域市,仁川広域市,仁川廣域市,인천,인천광역시,인천시",37.45646,126.70515,P,PPLA,KR,,12,,,,3015482,,43,Asia/Seoul,2026-04-14,South Korea,AS,Other Asia,98,98,196,197,1019,29.672947,34.80726,26.204464,37.18481,33.069996,35.449997,30.900969,22.960888,25.532797,24.206808,20.938171,34.666527,29.950806,0.47523263
1843847,Hwaseong-si,Hwaseong-si,"Hwaseong,Hwaseong-si,Khvason,hua cheng shi,hwaseong,hwaseongsi,Хвасон,华城市,華城市,화성,화성시",37.20682,126.8169,P,PPL,KR,,13,31240,,,640890,,19,Asia/Seoul,2026-05-10,South Korea,AS,Other Asia,55,55,195,196,1003,27.610384,33.184414,25.314878,34.091267,30.432638,32.48172,27.383747,19.971104,23.074598,23.668612,21.192741,33.01556,27.42204,0.49208483
1845457,Jeonju,Jeonju,"CHN,Chenju,Chonchzhu,Chondzhu,Chongju,Chonju,Chunju,Chŏngju,Chŏnju,Condzu,Dzondzu,Džondžu,Jenchu,Jeon Ju,Jeonju,Tjyen-tjyou,Tschon-dschu,Tschön-dschu,Tsiuentcheou,Tyondyu,Tyondyū,je'onaju,jeonju,jeonjusi,ji'onaju,joniጁ,jonju,jwnjw,jywnjw,quan zhou,quan zhou shi,Čondžu,Чонджу,Чончжу,Чоньжү,جئونجو,جونجو,جیونجو,जेओनजु,जॉन्जू,জিওনজু,ਜਿਓਨਜੁ,ጆንጁ,全州,全州市,전주,전주시",35.82194,127.14889,P,PPLA,KR,,03,35010,,,638421,,44,Asia/Seoul,2026-04-14,South Korea,AS,Other Asia,18,18,48,48,953,22.003086,27.21828,19.786013,28.983736,26.439167,27.502016,25.326666,14.925805,15.51398,16.672918,16.960081,24.607363,20.048658,0.4211724
1845604,Cheongju-si,Cheongju-si,"CJJ,Cheongju,Cheongju-si,Chkhundzhu,ceweniግጁ-si,cheongju,cheongjusi,chywngjw-sy,ci'ongaju-si,ci'onju-si,ciyonagju-si,qing zhou shi,tshywnghjw,Чхунджу,تشيونغجو,چئونگجو-سی,چیونگجو-سی,चियॉनग्जु-सी,চিওংজু-সি,ਚਿਓਂਗਜੂ-ਸੀ,ቼወንግጁ-ሲ,清州市,청주,청주시",36.63722,127.48972,P,PPLA,KR,,05,33010,,,852147,,49,Asia/Seoul,2026-04-14,South Korea,AS,Other Asia,18,18,63,63,990,22.668228,27.465858,23.271727,30.374195,26.462774,26.972446,25.602499,14.518817,18.967205,18.431946,14.0366955,24.507776,21.60484,0.44719672
1845759,Cheonan,Cheonan,"Cchonan,Ch'onan,Ch'ŏnan,Cheonan,Chkhonan,Chonan',Ch’ŏnan,Tenan,Thien-on-su,Thiên-ôn-sṳ,Thyen-an,Thyen-ān,cheon-an,cheon-ansi,chywnan,tian an shi,tshwnan,Čchonan,Чонань,Чхонан,تشونان,چئونان,چیونان,天安市,천안,천안시",36.8065,127.1522,P,PPL,KR,,17,34010,,,658831,,40,Asia/Seoul,2025-04-01,South Korea,AS,Other Asia,15,15,79,79,989,24.379642,29.144354,23.574703,31.31815,28.374718,28.629433,26.382639,16.591665,19.660753,20.403612,16.957659,28.246944,23.383196,0.47184193
1846326,Changwon,Changwon,"Cangvonas,Cangvono,Cchangwon,Ch'angwon,Ch'angwŏn,Changuon,Changwon,Chanvon,Chkhangvon,Chkhanvon,Ch’angwŏn,Cshangvon,Sangwon,Shogen,Shōgen,camoyana,canga vona,cangvona,caniግwoni,chang wwn,chang yuan,chang yuan shi,chang-wonsi,changwn,changwwn,tshanghwwn,zngwwn,Ĉangvono,Čangvonas,Čchangwon,Чанвон,Чангуон,Чханвон,Чхангвон,צנגוון,تشانغوون,چانگ وون,چانگون,چانگوون,چانگ‌وون,चांग्वॉन,চাংওয়ন,ਚਾਂਗ ਵੋਨ,ቻንግዎን,昌原,昌原市,창원시",35.22806,128.68111,P,PPLA,KR,,20,38110,,,1025702,,27,Asia/Seoul,2026-04-14,South Korea,AS,Other Asia,23,23,77,77,904,19.401628,25.758339,18.88125,24.545296,21.050417,23.370296,22.65972,13.665725,17.476748,12.717361,13.688038,20.351807,18.57742,0.3399074
1846898,Anyang-si,Anyang-si,"Anjang-Si,Anyang,Anyang-si,an-yang,an-yangsi,Анянг-Си,안양,안양시",37.3925,126.92694,P,PPL,KR,,13,31040,,,595644,,52,Asia/Seoul,2026-09-14,South Korea,AS,Other Asia,121,122,216,218,1003,27.610384,33.184414,25.314878,34.091267,30.432638,32.48172,27.383747,19.971104,23.074598,23.668612,21.192741,33.01556,27.42204,0.44366375
1846918,Ansan-si,Ansan-si,"Ansan,Ansan-si,an shan,an shan shi,ansan,ansansi,Ансан,安山,安山市,안산,안산시",37.32361,126.82194,P,PPL,KR,,13,31090,,,623256,,15,Asia/Seoul,2026-09-14,South Korea,AS,Other Asia,99,99,207,208,1003,27.610384,33.184414,25.314878,34.091267,30.432638,32.48172,27.383747,19.971104,23.074598,23.668612,21.192741,33.01556,27.42204,0.44366375
1897000,Seongnam-si,Seongnam-si,"Seongnam,Seongnam-Si,Seongnam-si,seongnam,seongnamsi,Сеонгнам-Си,성남,성남시",37.43861,127.13778,P,PPL,KR,,13,31020,,,914832,,80,Asia/Seoul,2026-09-14,South Korea,AS,Other Asia,89,90,210,212,1020,31.671186,38.137638,29.320087,39.84153,35.11444,36.367203,34.187084,24.851881,29.280512,25.67361,20.251612,35.442917,31.478764,0.42635143
285839,Al Aḩmadī,Al Ahmadi,"Ahmad,Ahmadi,Ahmedi,Al Ahmadi,Al Aħmadi,Al Aḩmadī,Ehl'-Akhmadi,El Ahmedi,aalaahmadi,ahmdy,ala ahamadi,alahmdy,aruahamadi,Əl-Ahmadi,Əl-Akhmadi,ʿeል ʿehimadi,Эль-Ахмади,Әл-Ахмади,احمدی,الأحمدي,الاحمدي,الاحمدی,اَلأَحْمَدِي,अल अहमदी,আল আহমাদি,ਅਲ ਅਹਮਦੀ,አል አህማዲ,アルアハマディ",29.07694,48.08389,P,PPLA,KW,,04,,,,637411,,70,Asia/Kuwait,2026-04-14,Kuwait,AS,MENA,1,1,1,1,666,70.51546,60.250134,58.367558,56.948246,63.736526,73.99557,79.49348,83.177956,97.82594,70.67,71.252556,66.05485,63.168953,0.46164593
610611,Aktobe,Aktobe,"AKX,Aktioube,Aktioubé,Aktiube,Aktiubinsk,Aktjubinsk,Aktobe,Aktoebe,Aktubinsk,Aktyubinsk,Aktöbe,Aktөbe,Aktөbə,Aktөbө,Akˌtөbe,Aqtobe,Aqtoebe,Aqtóbe,Aqtöbe,Ukhtiubinskii,a ke tuo bi,agtoebe,akatobe,aktobe,aktwby,aktwbې,aktwbے,aktʼobe,akutobe,aq‌tph  qzaqstan,ʼqtwbh,ʿekitobe,Актобе,Актюбинск,Актөбе,Актөбә,Актөбө,Ақтөбе,אקטובה,آق‌تپه، قزاقستان,أكتوبي,اکتوبې,اکتوبے,अक्टोबे,আক্টোবে,ਅਕਤੋਬੇ,აქტობე,አክቶቤ,アクトベ,阿克托比,악퇴베",50.27969,57.20718,P,PPLA,KZ,,04,828331,,,500757,,210,Asia/Aqtobe,2026-04-14,Kazakhstan,AS,Central Asia,0,0,0,0,1486,8.752659,5.624059,4.836905,10.765055,10.945416,7.762634,11.590696,9.605376,9.793952,8.275001,6.668952,11.148333,7.860753,0.16646752
1518980,Shymkent,Shymkent,"CIT,Chimkent,Chymken,Chymkent,Cimkent,Schymkent,Shimkent,Shymkent,Shımkent,Simkent,Simkenta,Simkento,Sjimkent,Sjymkent,Somkent,Symkent,Symkentas,Szymkent,Tsjimkent,Ximkent,Xymkent,chymknd,qi mu ken te,shimkenti,shimukento,shiምkiniti,shmknt,shmkynt,shymknt,simakata,simakenta,swimkenteu,symqnt,Çimkent,Çimkənd,Ŝimkento,Şımkent,Šimkent,Šimkenta,Šymkent,Šymkentas,Šõmkent,Șîmkent,Σιμκέντ,Чимкент,Чымкен,Шимкент,Шымкент,שימקנט,شمکنت,شمکینت,شمکێنت,شيمكنت,شیمکنت,چیمکند,शिमकेंट,शिमकेंत,শিমকেন্ট,ਸ਼ਿਮਕੰਟ,შიმქენთი,ሽምክንት,シムケント,奇姆肯特,쉼켄트",42.30988,69.60042,P,PPLA,KZ,,1537272,,,,1200000,,520,Asia/Almaty,2026-08-24,Kazakhstan,AS,Central Asia,0,0,0,0,1188,17.967926,29.6836,29.432886,17.517206,12.083194,10.4724455,14.084583,9.006585,8.9538965,9.124861,16.128223,29.605968,30.406319,0.23613368
1526273,Astana,Astana,"Ak-Mola,Akmola,Akmolins'k,Akmolinsk,Aqmola,Astana,Astano,Astanà,Astaná,Asztana,Aστάνα,Bozok,Cilinograd,NQZ,Noer-Soeltan,Nour-Soultan,Nur-Soltan,Nur-Sultan,Nur-Sultano,Nur-Sultán,Nursultʻan,Nұr-Sұltan,Ostona,Qaraotkel,Qaraötkel,TSE,Tselinograd,a si ta na,aseutana,astana,astanh,astant,astanٱ,astanہ,astʼana,asutana,nwr sltan,nwrsltan,nwrswltan,nۇrsۇltan,yastana,ʼstnh,Ак-Мола,Акмола,Акмолінськ,Астана,Нур-Солтан,Нур-Султан,Нұр-Сұлтан,Остона,Цілиноград,Աստանա,Նուրսուլթան,אסטנה,آستانا,آستانه,آستانٱ,آستانہ,أستانة,أسطانا,ئاستانا,استانا,استانه,نور سلطان,نورسلطان,نورسولتان,نۇرسۇلتان,আস্তানা,ასტანა,አስታና,アスタナ,阿斯塔纳,아스타나",51.1801,71.44598,P,PPLC,KZ,,05,,,,1544142,,358,Asia/Almaty,2026-06-12,Kazakhstan,AS,Central Asia,1,1,1,1,1514,9.279006,8.726479,7.820239,12.202418,8.910555,6.9025545,12.242779,11.053627,8.724866,6.7055545,10.447848,8.805696,8.649731,0.251486
1526384,Almaty,Almaty,"ALA,Alma-Ata,Almaato,Almata,Almati,Almato,Almaty,Almatî,Almatõ,Almatý,Almatı,Almatʻi,Ałmaty,Vernyj,Vernyy,Virnij,Werny,a la mu tu,alamati,almaaty,almati,almaty,arumatoi,xal mati,ʿeልmati,Αλμάτι,Алма-Ата,Алмаато,Алмати,Алматы,Верный,Вірний,Ալմաթի,אלמאטיע,אלמטי,آلماآتی,آلماتی,ألماتي,ئالمۇتا,الماتی,अलमाती,अल्माटी,আলমাটি,ਅਲਮਾਤੀ,อัลมาตี,ཨཱལ་མ་ཊི།,ალმათი,አልማቲ,アルマトイ,阿拉木圖,알마티",43.25249,76.9115,P,PPLA,KZ,,02,,,,1977011,,783,Asia/Almaty,2026-04-14,Kazakhstan,AS,Central Asia,38,40,38,40,1212,23.758284,37.756584,35.475296,26.336018,19.757221,15.049195,18.214443,16.059679,13.521235,16.403055,22.971508,26.792776,37.448933,0.26576707
1651944,Vientiane,Vientiane,"Bientian,Fanhyiengh,Nakhon Viangchan,V'ent'jan,VTE,Venc'jan,Vent'jan,Ventjan,Ventyan,Vianchan,Viang chan,Viangchan,Vien Can,Vien Chang,Vienciana,Vieng Quy,Vieng-Caen,Vieng-Chan,Vieng-Cæn,Viengchan,Viengtjan,Vientane,Vientian,Vientianas,Vientiane,Vientijan,Vientián,Vientjan,Vientyan,Vijentijan,Viêng Quý,Vjencana,Vjentiano,Vjentjan,Vjenčana,Vyantyan,Vyantyàn,Vyentyan,Wei-t'ien,Wei-t’ien,Wiang Chan,Wiangcan,Wien Tsjan,Wientian,Wiën Tsjan,Wyentyan,Wyéntyan,bhiyenatiyena,bientian,fyyntyan,vhi'antiyana,vi'anga cana,viyancan,viyen tiyen,vuienchan,vuienchan shi,wan xiang,weiyngcanthn,wyntyan,yong zhen,Βιεντιάν,Вентян,Венцьян,Виентијан,Виентян,Вијентијан,Вьентьян,Вєнтьян,Վիենտյան,ויינטיאן,فيينتيان,وینتیان,ڤیێنتیان,व्हिआंतियान,ভিয়েনতিয়েন,ਵਿਆਂਗ ਚਾਨ,வியஞ்சான்,ವಿಯೆನ್ ಟಿಯೇನ್,വിയന്റിയൻ,เวียงจันทน์,ວຽງຈນ,ວຽງຈັນ,ཝིན་ཆིའང་,ဗီယင်ကျန်းမြို့,ვიენტიანი,ቭየንትዬን,ヴィエンチャン,ヴィエンチャン市,万象,永珍,비엔티안",17.96667,102.6,P,PPLC,LA,,24,,,,840940,,174,Asia/Vientiane,2026-03-29,Laos,AS,Other Asia,2,15,2,18,409,20.897606,31.677818,21.870388,46.266396,42.651665,20.082932,16.66264,12.877015,10.253497,9.040557,10.695294,13.366114,15.360752,0.31758156
268743,Ra’s Bayrūt,Ra's Bayrut,"Ras-Bejrut,Рас-Бейрут",33.9,35.48333,P,PPLX,LB,,04,,,,1251739,,35,Asia/Beirut,2026-09-14,Lebanon,AS,MENA,0,0,0,0,837,21.977821,27.73602,18.445688,24.190187,18.957222,18.765324,25.457361,20.522987,23.461693,22.372225,18.434814,27.339447,17.909542,0.2229231
276781,Beirut,Beirut,"BEY,Baeyrut,Bairut,Bayrut,Bayrūt,Beiriut,Beiroet,Beirot,Beirots,Beirout,Beiroūt,Beirut,Beiruta,Beirutas,Beirute,Beirút,Beirût,Beirūta,Bejrut,Bejrut oshs',Bejruti,Bejruto,Bejrút,Berut,Berytos,Berytus,Bewout,Beyrouth,Beyrut,Bey­rutʻ,Birut,Bäyrut,Béiriút,Bêrût,Peyrutʻ,bairut,bairuta,bayrut,bei lu te,beiluteu,beiruti,beiruto,berut,beruta,beyaruta,beyruta,bey‌rutt,biruta,byrwt,byyrwt,peyrut,Βηρυτός,Бейрут,Бейрут ошсь,Бејрут,Бәйрут,Բեյ­րութ,Պէյրութ,ביירוט,ביירות,بيروت,بَيْرُوت,بیروت,بېيرۇت,بەیرووت,ܒܝܪܘܬ,बेयरूत,बेय्रुत,बैरूत,বৈরুত,ਬੇਰੂਤ,ବିରୁଟ,பெய்ரூத்,ಬೈರುತ್,ബെയ്‌റൂത്ത്,เบรุต,པ་ར་ཐ།,པེ་རུ་ཐེ།,ဘေရွတ်မြို့,ბეირუთი,ቤይሩት,ベイルート,貝魯特,贝鲁特,베이루트",33.89332,35.50157,P,PPLC,LB,,04,,,,1916100,,40,Asia/Beirut,2026-04-04,Lebanon,AS,MENA,0,0,0,0,837,21.977821,27.73602,18.445688,24.190187,18.957222,18.765324,25.457361,20.522987,23.461693,22.372225,18.434814,27.339447,17.909542,0.20227669
1248991,Colombo,Colombo,"CMB,Colombo,Columbo,Columbum,Kalomba,Kolombas,Kolombo,Kolompo,Kolonbo,ge lin bao,kalambo,kalombo,ke lun po,kealambea,kholambo,klmbw,kolabo,kolambo,kollombo,kolumpu,kolunbu,koronbo,kwlmbw,kwlwmbw,qwlwmbw,Κολόμπο,Каломба,Коломбо,Կոլոմբո,קולומבו,كولمبو,كولومبو,کلمبو,کولمبو,ކޮޅުނބު,कोलंबो,कोलम्बो,কলম্বো,ਕੋਲੰਬੋ,કોલંબો,କଲୋମ୍ବୋ,கொழும்பு,కొలంబో,ಕೊಲಂಬೊ,കൊളംബോ,කොළඹ,ෙකාළඹ,โคลัมโบ,ཁོ་ལུམ་པོ།,ကိုလံဘိုမြို့,კოლომბო,ኮሎምቦ,コロンボ,可倫坡,哥林堡,콜롬보",6.93548,79.84868,P,PPLC,LK,,36,11,1103,,648034,,7,Asia/Colombo,2019-09-05,Sri Lanka,AS,South Asia,2,2,2,2,253,21.803185,26.824865,37.057,36.502285,20.14208,14.656587,14.595415,15.320703,16.382795,14.936527,19.64355,20.85125,25.663036,0.3580679
2274895,Monrovia,Monrovia,"MLW,Manrovija,Monrobia,Monrofia,Monrovi,Monrovia,Monrovii,Monrovija,Monrovio,Monroviya,Monrowia,Monròvia,Monróvia,Monróvía,manarobhiya,manroweiy,manrwwya,meng luo wei ya,monarovi'a,monlobia,monrobia,monrovhiya,monrovia,monroviya,mwnrwbyh,mwnrwfya,mwnrwwya,Μονρόβια,Манровія,Монрови,Монровия,Монровија,Монровія,Մոնրովիա,מאנראוויע,מונרוביה,مانروویا,مونروفيا,مونروویا,مۆنرۆڤیا,मोन्रोव्हिया,মনরোভিয়া,ਮੋਨਰੋਵੀਆ,மொன்றோவியா,มันโรเวีย,མོང་རོ་ཝི་ཡ།,მონროვია,ሞንሮቪያ,モンロビア,蒙罗维亚,蒙羅維亞,몬로비아",6.30054,-10.7969,P,PPLC,LR,,14,,,,1542549,,32,Africa/Monrovia,2025-12-15,Liberia,AF,Sub-Saharan Africa,0,1,0,1,242,15.021136,24.106453,29.241669,20.619625,17.980558,12.075268,10.592222,11.448386,9.364516,8.595416,8.6530905,10.714167,17.84489,0.40132153
593116,Vilnius,Vilnius,"IVilnyusi,VNO,Vil'njus,Vil'no,Vil'nyus,Viln',Vilna,Vilnia,Vilnias,Vilniaus miestas,Vilnious,Vilnis,Vilnius,Vilnjus,Vilnjûs,Vilno,Vilnues,Vilnus,Vilnyus,Vilníus,Vilnüs,Viļņa,Vílnius,Wilna,Wilnius,Wilno,Wilnus,Wilñus,bhilani'usa,bilnyuseu,fylnyws,vhilniyasa,vilniusi,vilniyas,vuirinyusu,vylnyws,wei er niu si,wi lni xus,wlnys,wylnh,wylnyws,Βίλνα,Βίλνιους,Βιλνιους,Вилниус,Вилнус,Вилнюс,Вилн҄ь,Вильнюс,Вилњус,Виљнус,Вільнюс,Վիլնյուս,ווילנע,וילנה,فيلنيوس,ولنیس,ویلنیوس,ڤیلنیوس,व्हिल्नियस,ভিলনিউস,வில்னியஸ்,วิลนีอุส,ལྦེ་ནི་སུ་ནི།,ვილნიუსი,ቪልኒውስ,ᕕᓪᓂᐅᔅ/vilnius,ヴィリニュス,维尔纽斯,빌뉴스",54.68916,25.2798,P,PPLC,LT,,65,13,,,542366,,98,Europe/Vilnius,2021-07-25,Lithuania,EU,Europe,1,1,1,1,1606,8.692413,6.9598117,14.589286,12.578763,7.1709723,7.293817,10.520278,8.3474455,6.880377,7.593333,6.994892,9.054723,6.8819895,0.20419382
456172,Riga,Riga,"RIX,Reiga,Riga,Rigae,Rige,Rigg-a,Rigo,Riia,Riigaa,Riika,Rija,Riqa,Ryga,Ríga,Ríge,Rīga,li jia,liga,ri ka,riga,rika,ryga,rygh,rygha,ryja,Ρίγα,Ригæ,Рига,Рыга,Ріґа,Ռիգա,ריגה,ריגע,رىگا,ريجا,ريغا,ریگا,रिगा,रीगा,রিগা,ரீகா,รีกา,རི་ག,რიგა,ሪጋ,リガ,里加,리가",56.946,24.10589,P,PPLC,LV,,25,0010000,,,742572,,6,Europe/Riga,2019-09-05,Latvia,EU,Europe,1,1,1,2,1640,8.305384,5.9645166,13.671875,10.164784,8.83125,7.908065,10.690278,8.895162,6.44664,7.3765273,5.865322,8.202083,6.2280917,0.17200704
88319,Benghazi,Benghazi,"BEN,Baengasi,Banghazi,Banghāzī,Bengasi,Bengaze,Bengazi,Bengazis,Bengazy,Benghasi,Benghazi,Benghází,Bengázi,Bengāzī,Benqazi,Berenice,Bingazi,Binghazi,Binghāzī,Bängasi,Bèngasi,Hesperides,Vilojati Bengazi,ban jia xi,banagazi,ben ka si,benagajhi,beng-gaji,bengaji,benghazi,bnghazy,pankaci,Βεγγάζη,Бенгази,Бенгазі,Вилояти Бенғази,Բենղազի,בנגאזי,بنغازى,بنغازي,بنغازی,बेनगाझी,ਬਨਗ਼ਾਜ਼ੀ,பங்காசி,เบนกาซี,ბენღაზი,ⴱⵏⵖⴰⵣⵉ,ベンガジ,班加西,벵가지",32.11486,20.06859,P,PPLA,LY,,69,,,,757490,,3,Africa/Tripoli,2026-07-08,Libya,AF,MENA,0,0,0,0,769,13.832722,16.968416,13.682739,24.92701,12.806946,22.930105,12.637499,11.81586,10.999999,8.567916,8.412769,10.410556,11.466397,0.365214
2210247,Tripoli,Tripoli,"Aea,Ea,Oea,TIP,Tarables,Tarabulus,Tarabulus al Gharb,Tarabulus el Gharb,Taràbles,Trables,Trablus,Trablûs,Triboli,Tripili,Tripilí,Tripol,Tripole,Tripoli,Tripolis,Tripolo,Tripoly,Tripołi,Tripul,Tripuli,Trypali,Trypolis,Trìpoli,Trìpuli,Trípol,Trípoli,Trípólí,de li bo li,tarabalasa,tarabulasa,tarabulus,teulipolli,tirippoli,toripori,trabls,trabls  lybya,tripoli,trippeali,trypwly,Ţarābulus,Ţarābulus al Gharb,Τρίπολη,Триполи,Триполі,Трыпалі,Տրիպոլի,טריפאלי,טריפולי,ترابلس,ترىپولى,تەرابلوس,طرابلس,طرابلس، لیبیا,طَرَابُلُس,ताराबूलस,त्रिपोली,ত্রিপোলি,ਤਰਾਬਲਸ,திரிப்பொலி,ട്രിപ്പോളി,ตริโปลี,ཐི་རི་ཕོ་ལི,ტრიპოლი,ትሪፖሊ,Ṭrables,ⵟⵔⴰⴱⵍⵙ,トリポリ,的黎波里,트리폴리",32.88743,13.18733,P,PPLC,LY,,77,,,,1302947,,15,Africa/Tripoli,2026-07-08,Libya,AF,MENA,0,0,0,0,801,15.872224,19.381718,16.808035,24.823523,17.1275,18.467474,14.694306,12.659272,13.584679,10.901945,12.53387,15.485555,13.919089,0.3110659
2530335,Tangier,Tangier,"TNG,Tanca,Tanger,Tangeri,Tangero,Tangier,Tangiers,Tanjer,Tanzha,Tanzher,Tanĝero,Tingis,Tànger,Tánger,Tânger,tan ji ya,tanijeri,tanje,tanji'ara,tanji'e,tanjiyara,tnjh,tnjt,Тангер,Танжа,Танжер,تنجه,طنجة,ٹnjyr,ٹنجیر,ټnjh,ټنجه,तांजिए,তাঞ্জিয়ার,ਤਾਂਜੀਅਰ,ታንጄር,タンジェ,坦幾亞",35.76727,-5.79975,P,PPLA,MA,,01,511,1651101071,,1035141,,20,Africa/Casablanca,2026-04-14,Morocco,AF,MENA,0,0,1,1,912,8.543886,8.515459,8.38378,6.8439507,8.563613,7.606317,11.339444,8.682796,12.87554,8.340278,8.317338,6.6673613,6.3990602,0.14178488
2537763,Salé,Sale,"Sala,Sale,Sali,Sallee,Salé,Sla,Slà,sla,Сале,سلا",34.0531,-6.79846,P,PPL,MA,,04,441,,,972299,,34,Africa/Casablanca,2024-01-18,Morocco,AF,MENA,0,0,0,0,834,10.476005,8.714516,8.440924,7.0880375,10.628612,11.263709,13.30611,13.078763,15.37594,12.5112505,12.28172,7.2825003,5.6018825,0.1638062
2538475,Rabat,Rabat,"RBA,Raba,Rabat,Rabata,Rabatas,Rabato,Rabatum,Rabot,Rabāt,Rabāta,Rampat,Rbat,Rbaṭ,al-Rabat,al-Rabāṭ,al-Ribat,al-Ribāṭ,alrbat,ar-Rabat,ar-Rabāṭ,ar-Ribat,ar-Ribāṭ,la ba,la ba te,labateu,raba t,rabat,rabata,rabato,rabota,rapat,rbat,Ραμπάτ,Рабат,Ռաբատ,ראבאט,רבאט,الرباط,رابات,ربات,رباط,ڕەبات,रबाट,रबात,রাবাত,ਰਬਾਤ,ରବୋଟ,ரபாத்,ราบัต,ར་བ་ཐ།,ར་བ་ཐེ།,რაბატი,ራባት,ラバト,剌八,拉巴特,라바트",34.01325,-6.83255,P,PPLC,MA,,04,421,,,1655753,,46,Africa/Casablanca,2026-08-31,Morocco,AF,MENA,0,0,0,0,834,10.476005,8.714516,8.440924,7.0880375,10.628612,11.263709,13.30611,13.078763,15.37594,12.5112505,12.28172,7.2825003,5.6018825,0.1638062
2540483,Oujda,Oujda,"OUD,Oudja,Oudjda,Ouja,Oujda,Oujda-Angad,Ucda,Udzda,Udzhda,Udžda,Ugda,Ujda,Uzhda,Uĝda,Wadzda,Wadżda,Wejda,ujada,ujida,wgdh,wjdh,wjdt,wjdt-anjad,wjdt-ankad,wu ji da,Уджда,Уджда қаласы,Ужда,Уџда,וגדה,وجدة,وجدة-أنجاد,وجدة-أنكاد,وجده,وجدہ,उजडा,উজদা,ਉਜਡਾ,ውjada,ውጃዳ,ⵜⵉⵓⵊⴷ,ⵡⴰⵊⴷⴰ,ウジダ,乌季达,우지다",34.68139,-1.90858,P,PPLA,MA,,02,411,0841101231,,539711,,549,Africa/Casablanca,2026-04-14,Morocco,AF,MENA,0,0,0,0,865,10.4871235,8.743816,10.25119,9.413844,11.883748,9.332257,13.802638,10.647043,15.852152,10.965694,11.770295,7.8751388,5.3680105,0.15126212
2542715,Meknes,Meknes,"MEK,Mekinez,Meknes,Meknès,mei ke nei si,mekunesu,mknas,mqns,Мекнес,מקנס,مكناس,مکناس,ⴰⵎⴽⵏⴰⵙ,メクネス,梅克内斯",33.89352,-5.54727,P,PPLA2,MA,,03,061,1306101011,,568295,,531,Africa/Casablanca,2024-01-18,Morocco,AF,MENA,0,0,0,0,835,7.9031477,8.042607,6.2910705,6.180241,9.715694,7.739919,10.896668,7.8383074,10.543547,8.230972,7.617877,6.4930563,5.211962,0.093800776
2542997,Marrakesh,Marrakesh,"Marakes,Marakesh,Marakeso,Marakeŝo,Marakeş,Marakeš,Maraksh,Marrakech,Marrakes,Marrakesch,Marrakesh,Marrakesz,Marraqueix,Marraquexe,Marrokesh,Marràqueix,Marrákes,Marrákeš,Merrakex,Morocco City,RAK,ma la ke shen,marakesa,marakeshi,marakeshu,mraksh,Маракеш,Марракеш,Маррокеш,مراكش,مراکش,मराकेश,মারাকেশ,ਮਾਰਾਕੇਸ਼,ማራኬሽ,ⴰⵎⵓⵔⴰⴽⵓⵛ,マラケシュ,马拉喀什",31.63416,-7.99994,P,PPLA,MA,,07,351,0735101071,,995871,,457,Africa/Casablanca,2026-04-14,Morocco,AF,MENA,0,1,0,1,751,10.280686,10.115054,9.558481,9.745027,12.960002,12.246237,13.317082,8.599327,11.50793,10.492778,9.390724,8.648333,6.855914,0.12796998
2548885,Fes,Fes,"FEZ,Fes,Fez,Fès,fas,fezu,phesa,Фес,فاس,फेस,ফেস,ਫੇਸ,ፌsi,ፌስ,フェズ",34.03313,-5.00028,P,PPLA,MA,,03,231,1423101071,,1191905,,406,Africa/Casablanca,2026-04-14,Morocco,AF,MENA,0,0,0,0,836,7.866623,7.6029563,6.129315,6.120699,10.174862,8.039785,11.241944,7.476478,10.65941,8.416112,7.4209685,5.929028,5.1583323,0.15683687
2553604,Casablanca,Casablanca,"Ad Dar al Bayda,Ad Dar al Bayda',Ad Dār al Bayḑā’,Anafi,Anfa,CMN,Casa Branca,Casablanca,Casabranca,Dar-el-Beida,Dar-uel-Beyda,Darul Baidha,Dâr-ül-Beydâ,Ed Dar el Baida,Ed Dār el Baida,Kasablank,Kasablanka,Kasablankae,Kazablanka,Kazablanko,Kazamplan'ka,Tigemmi Tamellalt,White House,ad-Dar al-Baydaʼ,ad-Dar al-baydaʾ,ad-Dār al-Bayḍāʼ,ad-Dār al-bayḍāʾ,aldar albydaʾ,anfa,dar albydaʾ,daralbyda,ka sa bu lan ka,ka sab l xng ka,kacapilanka,kasabalanka,kasabeullangka,kasabilanika,kasablanka,kasaburanka,kazablanka,qzblnqh,Καζαμπλάνκα,Казабланка,Касабланкæ,Касабланка,Կասաբլանկա,קזבלנקה,أنفا,الدار البيضاء,دار البیضاء,دارالبیضا,كازابلانكا,کازابلانکا,کاسابلانکا,कसाबलांका,कासाब्लांका,কাসাব্লাংকা,ਕਾਸਾਬਲਾਂਕਾ,காசாபிளாங்கா,కాసాబ్లాంకా,ಕಾಸಾಬ್ಲಾಂಕಾ,കാസബ്ലങ്ക,กาซาบล็องกา,ກາຊາບັງກາ,ကာဆာဘလန်ကာမြို့,კასაბლანკა,ካሳብላንካ,ⴰⵏⴼⴰ,カサブランカ,卡萨布兰卡,카사블랑카",33.58831,-7.61138,P,PPLA,MA,,06,141,,,3665954,,27,Africa/Casablanca,2026-04-14,Morocco,AF,MENA,0,0,0,0,823,11.410745,10.674464,9.759671,7.90121,11.159028,11.426882,13.647638,13.470162,15.581853,13.560554,13.622984,8.564305,7.4419365,0.15474106
2561668,Agadir,Agadir,"AGA,Agadair,Agadir,Agadir - akadyr,Agadir Ighir,Agadiras,Agadyr,Agádír,Ankantir,Ağadir,Irhir,Santa Cruz,a jia di er,agadileu,agadira,agadiru,agadyr,aghadyr,akadyr,aګadyr,aݣadyr,ʿegadiri,Αγκαντίρ,Агадир,Агадыр,Агадір,אגאדיר,أغادير,أكادير,أگادیر,أݣادير,اغادیر,اګادير,اگادیر,अगादिर,अगादीर,আগাদির,ਅਗਾਦੀਰ,አጋዲር,アガディール,阿加迪尔,아가디르",30.42018,-9.59815,P,PPLA,MA,,09,001,0400101011,,698310,,31,Africa/Casablanca,2026-04-14,Morocco,AF,MENA,0,0,0,0,703,14.598533,13.989786,14.084228,12.095296,15.1247225,13.791666,17.370693,15.889247,19.714111,18.681805,14.745025,11.807361,7.9868283,0.14874944
618426,Chisinau,Chisinau,"Chisinau,Chişinău,Chișinău,KIV,Kischinew,Kiscinev,Kishinef,Kishinehu,Kishinev,Kishiniv,Kishinjov,Kishinëv,Kisinaou,Kisinev,Kisineva,Kisinevo,Kisiniovas,Kisinjev,Kisinov,Kisinyov,Kisyneu,Kiszyniow,Kiszyniów,Kiŝinevo,Kişinev,Kišiniovas,Kišinjev,Kišiněv,Kišiņeva,Kišiňov,RMO,cisina'u,cisinau,ji xi ne wu,kishinau,kisineou,kyshynaw,qysynb,qysynyʼww,qʻsʻnʻww,Κισινάου,Κισιναου,Кишинев,Кишинэу,Кишинёв,Кишињев,Кішынёў,Կիշինյով,קישינאו,קישינב,קישיניאוו,קעשענעוו,كيشيناو,चिशिनाउ,चिशिनौ,კიშინიოვი,ኪሺንው,キシナウ,基希讷乌,키시너우",47.00902,28.85938,P,PPLC,MD,,57,,,,635994,,24,Europe/Chisinau,2025-06-12,Moldova,EU,Europe,0,3,0,3,1354,10.514236,13.570563,15.526787,11.812098,7.909445,7.4755373,10.685694,8.217742,8.021639,7.2886114,8.459273,14.376111,13.254435,0.17015958
1070940,Antananarivo,Antananarivo,"Antananarifo,Antananarivo,Antananarivu,Antananariwo,Antananaryvas,Antananaryvu,Antananarywa,Antananarívó,Antenenerivo,TNR,Tana,Tananaribe,Tananarive,an ta na na li fu,anatananaribho,anrananarivea,antananalibo,antananaribho,antananaribo,antananarivho,antananarivo,antananaryfw,antananaryww,antʼananarivu,atananarivo,ta na na li fu,xan ta nana ri wo,Ανταναναρίβο,Ταναναρίβη,Антананариво,Антананариву,Антананарыву,Антананаріву,Тананариве,Անտանանարիվու,אנטאנאנאריווא,אנטננריבו,آنتاناناریوو,أنتاناناريفو,ئانتاناناریڤۆ,انٹاناناریوو,اینٹانانیریو,अंतानानारिव्हो,अन्टाननरीवो,আনতানানারিভো,আন্তানানারিভো,ਅੰਤਾਨਾਨਾਰੀਵੋ,அண்டனானரீவோ,ആന്റനനറീവൊ,อันตานานาริโว,ཨེན་ཊ་ན་ན་རི་བོ།,ანტანანარივუ,አንታናናሪቮ,アンタナナリボ,塔那那利佛,安塔那那利佛,안타나나리보",-18.91368,47.53613,P,PPLC,MG,,11,,,,1349501,,1274,Indian/Antananarivo,2025-05-18,Madagascar,AF,Sub-Saharan Africa,1,1,1,1,105,5.7787776,6.748925,5.6726184,4.2401886,4.0930552,3.5061827,5.903611,3.9557793,5.0419354,6.555694,9.668683,8.88375,5.139516,0.17201781
2460596,Bamako,Bamako,"BKO,Bamaco,Bamaco - Bamako,Bamakas,Bamako,Bamaku,Bamakó,Bamakɔ,Bammaco,Bammako,Bàmakɔ,Mpamako,ba ma ke,bamako,bamakw,bmqw,Μπαμάκο,Бамако,Բամակո,במקו,باماكو,باماکو,ባማኮ,バマコ,巴馬科,바마코",12.60915,-7.97522,P,PPLC,ML,,01,,,,4227569,,374,Africa/Bamako,2025-02-18,Mali,AF,Sub-Saharan Africa,1,1,1,1,323,19.619299,28.94113,40.49584,26.057932,22.77125,30.189924,14.835972,8.744221,6.619624,6.7558336,12.507393,16.938889,22.039785,0.20402612
1298824,Yangon,Yangon,"Dagon,Gian'nkon,Jangon,Jangon khot,Jangona,Jangono,Jangun,Jangún,Ngiong-kong,Ngióng-kông,RGN,Rangon,Rangoon,Rangoun,Rangum,Rangun,Rangunas,Rangún,Rangūnas,Yangjgvangh,Yangon,Yangôn,Yankoun,Yanqon,iangoni,iyanguna,raankone,raankonemyahoet,raguna,ranguna,rngwn,yang guang,yang-gon,yanghwn,yangkung,yangon,yanguna,yangwn,yanjwn,yankon,Ýangon,Γιανγκόν,Јангон,Рангун,Янгон,Янгон хот,Յանգոն,יאנגון,رنگون,يانجون,يانغون,یانگون,यांगून,रङ्गुन,रङ्गून,ইয়াংগুন,ਰੰਗੂਨ,யங்கோன்,యాంగోన్,യംഗോൺ,ย่างกุ้ง,ཡང་ཀོང་།,ရန်ကုန်,ရန်ကုန်မြို့,იანგონი,ያንጎን,យ៉ាំងហ្គូន,ヤンゴン,仰光,양곤",16.80528,96.15611,P,PPLA,MM,,17,MMR013D004,MMR013044,,4477638,,30,Asia/Yangon,2026-04-14,Myanmar,AS,Other Asia,1,2,1,2,395,22.38036,28.367071,36.24345,34.503498,28.02736,22.940725,20.150417,16.791803,13.465592,12.61889,16.442204,20.33764,19.746775,0.47972646
1311874,Mandalay,Mandalay,"MDL,Mandalaj,Mandalaja,Mandalajo,Mandalajus,Mandalay,Mandalay piirkond,Mandale,Mandalej,madale,man de lei,mandalay,mandale,mandallei,mandaly,mandare,manidale,mantalai,manth a ley,Мандалай,Мандалеј,ماندالاي,ماندالی,ماندالے,मांडले,माण्डले,মান্দালে,ਮੰਡਲੇ,மண்டலை,మాండలే,มัณฑะเลย์,မန္တလေးမြို့,ማንዳሌ,マンダレー,曼德勒,만달레이",21.97473,96.08359,P,PPLA,MM,,08,MMR010D001,MMR010002,,1208099,,83,Asia/Yangon,2026-04-14,Myanmar,AS,Other Asia,0,0,0,0,494,23.325493,27.113977,39.203423,48.875004,35.47903,21.802013,11.248474,9.739784,11.035081,15.032501,18.617474,19.693888,23.219625,0.38150537
6611854,Nay Pyi Taw,Nay Pyi Taw,"Kyatpyay,Kyetpyay,NYT,Naipidau,Najp'ido,Nay Pyi Taw,Naypyidaw,Naypyitaw,Ne Pyi Daw,Nejp'ido,Nejpjido,Nepjido,Pyinmana,naepido,nepido,Найп’їдо,Нейпьидо,Нејпјидо,내피도,네피도",19.745,96.12972,P,PPLC,MM,,18,MMR018D002,MMR018002,,925000,,122,Asia/Yangon,2025-05-08,Myanmar,AS,Other Asia,0,0,0,0,441,20.247131,22.710348,36.326633,49.84261,38.413883,15.774462,8.6466675,7.002151,7.6540327,8.680695,14.181452,16.559998,18.44852,0.2866738
8740157,Hlaingthaya,Hlaingthaya,"Hlaing Thar Yar,Hlaing Tharyar,Khlaingtaja,Хлаингтая,လငသာယာ မြနယ,လှိုင်သာယာ မြို့နယ်",16.85,96.06667,P,PPL,MM,,17,MMR013D001,MMR013008,,687867,,5,Asia/Yangon,2026-09-14,Myanmar,AS,Other Asia,1,2,1,2,395,22.38036,28.367071,36.24345,34.503498,28.02736,22.940725,20.150417,16.791803,13.465592,12.61889,16.442204,20.33764,19.746775,0.47972646
2028462,Ulan Bator,Ulan Bator,"Da Hueryee,Da Hüryee,Da Khure,Da-Kure,K'u-lun,Orgoo,Oulan Mpator,Oulan-Bator,Ourga,ULN,Ula Bator,Ulaan Baatar,Ulaan Baatar Hoto,Ulaanbaatar,Ulaanbaataro,Ulaanbaator,Ulaanbaator hota,Ulaanbaatur,Ulan Bator,Ulan Bator Hoto,Ulan Batoras,Ulan Batur,Ulan-Bator,Ulan-Bator Khoto,Ulanbatar,Ulanbator,Ulanbátar,Ulán Bator,Ulán Bátor,Ulánbátar,Ulánbátor,Ulã Bator,Uranbatoru,Urga,Uruga,Ułan Bator,awlan batwr,ku lun,ulanabatara,ullanbataleu,ullanbatoleu,uranbatoru,wu lan ba tuo,xulanbatxr,Örgöö,Úlan Bator,Ουλάν Μπατόρ,Улаанбаатар,Улан Батор,Улан-Батор,Уланбатар,Ұlanbatyr,Ұланбатыр,אולן בטור,أولان باتور,اولان‌باتور,उलानबातर,อูลานบาตอร์,ཝུ་ལན་བ་ཐུར,ኡላዓን ባዓታር,ᠤᠯᠠᠭᠠᠨᠪᠠᠭᠠᠲᠤᠷ,ウランバートル,乌兰巴托,库伦,库倫,울란바타르,울란바토르",47.90771,106.88324,P,PPLC,MN,,20,,,,844818,,1284,Asia/Ulaanbaatar,2025-08-25,Mongolia,AS,Other Asia,3,3,3,3,1394,26.595821,60.972042,39.302677,25.39368,12.835695,9.545026,12.173054,11.5552435,9.819758,13.3324995,25.372313,33.446114,65.51546,0.16831581
1821274,Macau,Macau,"Aomen,Aomin',Au-mun,Aumwnz,Aumyn,Cidade de Macau,Cidade do Santo Nome de Deus de Macau,MFM,Ma Cao,Macao,Macau,Macaum,Makaa,Makaaw,Makao,Makaou,Makau,Makaw,Makawo,Makaó,Makee,Makèë,Màkáù,O-muong,ao men,maka,maka'o,maka'u,makao,makavu,makaw,makayw,makkavu,mkaw,Àu-mûn,Ó̤-muòng,Μακάου,Аоминь,Аумын,Макаа,Макао,מקאו,ئاۋمېن,ماكاو,ماکائو,مکاؤ,މަކާއޫ,मकाउ,मकाओ,মাকাউ,ਮਕਾਉ,મકાઉ,மக்காவு,మకావు,ಮಕಾವು,മകൗ,เขตบริหารพิเศษมาเก๊า,မကာအို,მაკაო,マカオ,澳門,澳门,마카오",22.20056,113.54611,P,PPLC,MO,,02,,,,649335,,28,Asia/Macau,2024-08-27,Macao,AS,Other Asia,0,0,2,2,505,32.65472,46.366398,41.46845,33.470028,37.812782,23.361156,14.455141,29.206047,19.911829,20.926388,32.30712,34.410416,58.27124,0.40944573
2377450,Nouakchott,Nouakchott,"NKC,Naevakjut,Nawakshot,Nawakszut,Nouakchat,Nouakchot,Nouakchott,Nouaksot,Nouaxot,Nuakchot,Nuakshot,Nuaksjott,Nuaksot,Nuaksota,Nuaksotas,Nuaksoto,Nuaksott,Nuakxot,Nuakŝoto,Nuakşot,Nuakšot,Nuakšota,Nuakšotas,Nuakšott,Nwaqcut,Nwaqcuṭ,Nävakjut,Núaksjott,huo suo,navakasuta,nu wa ke xiao te,nu'akacota,nu'oyakasuta,nuagsyoteu,nuakushotto,nuvakcut,nwakshwt,Νουακσότ,Νουαξότ,Нуакшот,Նուակշոտ,נואקשוט,نواكشوط,نواکشوت,نواکشوط,نواکشۆت,نوواکوٹ,नवाकसुत,নুওয়াকশুত,ਨੁਆਕਚੋਤ,நுவாக்சூத்,นูแอกชอต,ནའུ་ཀ་ཅོ་ཊི།,ნუაქშოტი,ኑዋክሾት,ヌアクショット,努瓦克肖特,或索,누악쇼트",18.08581,-15.9785,P,PPLC,MR,,,,,,1184530,,10,Africa/Nouakchott,2024-01-18,Mauritania,AF,Sub-Saharan Africa,0,0,0,0,405,42.683544,57.199467,58.002377,49.025936,50.81028,61.673927,53.857227,28.827282,27.273386,38.005276,30.619219,20.976109,37.18589,0.7203365
927967,Lilongwe,Lilongwe,"LLW,Lilon'nkoue,Lilonguee,Lilongve,Lilongveh,Lilongvo,Lilongvė,Lilongwe,Lilongüe,Lilonhue,Lilonqve,Lílongve,li lang wei,li long gui,li lxng we,lilamgve,lilangave,lillong-gwe,lilongve,lilonve,lylwnghwy,lylwngwh,lylwngwwh,rironguue,Λιλόνγκουε,Лилонгве,Лілонгве,Лілонгвэ,Լիլոնգվե,לילאנגווע,לילונגווה,ليلونغوي,لیلونگوه,لیلونگوے,لیلۆنگوێ,لیلیونگوے,लिलाँग्वे,ਲਿਲਾਂਗਵੇ,லிலொங்வே,ลิลองเว,ལི་ལོང་ཀུའེ།,ლილონგვე,ሊሎንጔ,リロングウェ,利隆圭,里朗威,릴롱궤",-13.96692,33.78725,P,PPLC,MW,,C,11,,,1115815,,1056,Africa/Blantyre,2024-01-18,Malawi,AF,Sub-Saharan Africa,0,2,0,2,120,8.855515,8.092204,11.350893,6.609408,6.1772223,6.0376344,9.248612,7.2977157,11.521773,15.91,10.444356,7.859167,6.0803766,0.16362467
931755,Blantyre,Blantyre,"BLZ,Blantair,Blantairas,Blantajer,Blantajr,Blantajur,Blantire,Blantjiro,Blantyre,Blantyre-Limbe,Kapeni,balanta'ira,beullaentaieo,bilanitayeri,blamtayara,blantayara,blantayr,blantayr  malawy,blantyyr,blntyyr,blyantayara,bu lan tai er,burantaiya,Μπλαντάιρ,Блантайр,Блантайър,Блантајер,בלנטייר,بلانتاير,بلانتایر، مالاوی,بلانتیئر,ब्लँटायर,ब्लांटायर,ব্ল্যান্টায়ার,ਬਲਾਂਟਾਇਰ,ብላንታየር,ブランタイヤ,布兰太尔,블랜타이어",-15.78499,35.00854,P,PPLA,MW,,S,24,,,902588,,1041,Africa/Blantyre,2026-04-14,Malawi,AF,Sub-Saharan Africa,0,4,0,4,117,11.053006,7.1702952,10.167411,8.350807,9.99264,8.830646,12.190418,10.136694,13.115725,20.587917,14.390861,10.45,7.4575267,0.20363243
3514663,Álvaro Obregón,Alvaro Obregon,"Al'varo-Obregon,Alvaro Obregon,Obergen Villa,Obrogen Villa,San Angel,Villa Obregon,Villa Obregón,Álvaro Obregón,Альваро-Обрегон",19.35867,-99.20329,P,PPLX,MX,,09,010,,,726664,,2338,America/Mexico_City,2026-09-14,Mexico,NA,North/Central America,13,15,16,19,427,24.029013,22.93696,26.80908,21.901882,25.997223,27.133734,20.145418,23.951883,22.769888,20.031385,21.943008,26.392084,28.49019,0.59643847
3514674,Gustavo Adolfo Madero,Gustavo Adolfo Madero,"Delegacion Gustavo A. Madero,Delegación Gustavo A. Madero,Guadalupe,Guadalupe Hidalgo,Gustavo A. Madero,Gustavo Adolfo Madero,Villa Gustavo A. Madero,Villa Madero,Villa de Guadalupe,Villa de Guadalupe Hidalgo,Густаво Адолфо Мадеро",19.49392,-99.11075,P,PPL,MX,,09,005,,,1185772,,2284,America/Mexico_City,2026-09-14,Mexico,NA,North/Central America,12,14,16,19,437,28.50932,31.105373,34.486755,26.937368,22.016111,27.625404,25.36764,34.455914,29.914385,24.8418,24.69032,27.772917,33.02366,0.59643847
3515001,Tuxtla,Tuxtla,"Gutierrez,TGZ,Tochtlan Gutierrez,Tochtlan Gutiérrez,Touxtla Nkoutierres,Tukstla Gutijerez,Tustla,Tustla Gutieres,Tustla Gutjeresas,Tustla-Gut'erres,Tuxtla,Tuxtla Gtz,Tuxtla Gtz.,Tuxtla Gutierres,Tuxtla Gutierrez,Tuxtla Gutiérrez,takasatala,taksatala,tu si te la gu tie lei si,tugseuteullagutieleseu,tukisitila,tus tla ku ti xerres,twksla gwtyrs. chyapas,twkstla,twkstla ghwtyryz,twstla gywtyrs,twstlh gwtyyrs,Τούξτλα Γκουτιέρρες,Тукстла Гутијерез,Тустла,Тустла Гутиерес,Тустла-Гутьеррес,Тустла-Ґутьєррес,טוסטלה גוטיירס,توستلا گیوتیرس,توكستلا غوتيريز,توکستلا,توکسلا گوتیرس٬ چیاپاس,टक्सटला,টাক্সটলা,ਟਕਸਟਲਾ,ตุซตลากูตีเอร์เรซ,ტუსტლა-გუტიერესი,ቱክስትላ,トゥストラ・グティエレス,图斯特拉古铁雷斯,툭스틀라구티에레스",16.75357,-93.11578,P,PPLA,MX,,05,101,,,604147,,535,America/Merida,2026-04-14,Mexico,NA,North/Central America,1,1,1,1,393,15.995675,9.291399,11.013987,15.056181,17.602362,23.800804,18.935,19.316263,16.077148,17.61389,15.427958,15.457223,12.055241,0.36338675
3515428,Tlalpan,Tlalpan,"Delegacion Tlalpan,Delegación Tlalpan,Tlalpam,Tlalpan,Тлалпан",19.29513,-99.16206,P,PPL,MX,,09,012,,,574577,,2256,America/Mexico_City,2026-09-02,Mexico,NA,North/Central America,12,14,16,19,427,24.029013,22.93696,26.80908,21.901882,25.997223,27.133734,20.145418,23.951883,22.769888,20.031385,21.943008,26.392084,28.49019,0.59643847
3515431,Tlalnepantla,Tlalnepantla,"Tlalnepantla,Tlalnepantla de Comonfort,Tlalnepantla de Galeana,Tlalnepantla de baz,Tlanepantla de baz,te la er nei pan te la,tlal ni phæn tla,torarunepantora,Тлалнепантла,ตลัลนีแพนตลา,トラルネパントラ,特拉尔内潘特拉",19.54005,-99.19538,P,PPL,MX,,15,104,,,653410,,2260,America/Mexico_City,2024-01-02,Mexico,NA,North/Central America,10,12,17,20,437,28.50932,31.105373,34.486755,26.937368,22.016111,27.625404,25.36764,34.455914,29.914385,24.8418,24.69032,27.772917,33.02366,0.4593047
3515807,Cuautitlán Izcalli,Cuautitlan Izcalli,"Cuautitlan Izcalli,Cuautitlán Izcalli,Izcalli,Kuautitlan-Iskal'i,San Francisco Tepoiaco,Tepujaco,Куаутитлан-Искальи",19.64388,-99.21598,P,PPL,MX,,15,121,,,555163,,2288,America/Mexico_City,2026-09-14,Mexico,NA,North/Central America,3,4,19,22,437,28.50932,31.105373,34.486755,26.937368,22.016111,27.625404,25.36764,34.455914,29.914385,24.8418,24.69032,27.772917,33.02366,0.4593047
3520339,Reynosa,Reynosa,"REX,Reinosa,Rejnosa,Reynosa,lei nuo sa,leinosa,reinosa,rynwsa tamaywlypas,ryynwsa,ryynwsh,Рейноса,Рејноса,ריינוסה,ریئنوسا,رینوسا تامائولیپاس,რეინოსა,レイノサ,雷諾薩,레이노사",26.08005,-98.28456,P,PPLA2,MX,,28,032,,,589466,,38,America/Matamoros,2025-05-15,Mexico,NA,North/Central America,1,1,2,2,593,9.45161,7.4912634,9.13884,9.764113,8.441805,11.165459,10.341249,10.484407,14.750539,8.950416,7.129436,6.3781953,9.234139,0.25009495
3521081,Puebla,Puebla,"Angelopolis,Byen Puebla,Cuetlaxcoapan,Ehroika-Puehbla-deh-Saragosa,Heroica Puebla de Zaragoza,Heróica Puebla de Zaragoza,Lungsod ng Puebla,PBC,Pouempla,Puebl,Puebla,Puebla City,Puebla de Saragosa,Puebla de Zaragoza,Puebla de los Angeles,Puebla de los Ángeles,Pueblo,Puehbla,Puehbla-de-Saragosa,Puehblae-de-Saragosae,Yucha Nchu'u,bwybla,pu ai bu la,pu'aibala,pu'ebala,pu'ebla,puebeulla,puebura,puyebala,pwybla,pwybla  pwybla,pwybla. pwybla,Πουέμπλα,Пуебла,Пуэблæ-де-Сарагосæ,Пуэбла,Пуэбла-де-Сарагоса,Эроіка-Пуэбла-дэ-Сарагоса,פואבלה,بويبلا,پوئبلا، پوئبلا,پوئبلا٬ پوئبلا,پویبلا,पुएबला,पुएब्ला,পুয়েবলা,ਪੁਐਬਲਾ,პუებლა,ፑwebila,ፑዌብላ,プエブラ,普埃布拉,푸에블라",19.04778,-98.20723,P,PPLA,MX,,21,114,,,1692181,,2166,America/Mexico_City,2026-04-14,Mexico,NA,North/Central America,5,5,9,9,428,19.353956,17.51734,23.9875,24.815592,20.031668,25.36183,15.1433325,18.264784,15.658335,15.29278,14.459005,20.292639,21.65632,0.33152977
3522790,Naucalpan de Juárez,Naucalpan de Juarez,"Municipio Naucalpan de Juarez,Municipio Naucalpan de Juárez,Naoukalpan,Naucalpan,Naucalpan de Juarez,Naucalpan de Juárez,Nauhcalpan Juarez,Nauhcalpan Juárez,Naukal'pan,Naukal'pan-de-Khuares,Naukalpan,Naukalpan de Khuarez,San Bartolo Naucalpan,kawkalpan,nao ka er pan,naukalpan,naukarupan,nawkalban dy khwaryz,nawkalpan d khwarz  astadw d mkhykw,Ναουκάλπαν,Наукалпан,Наукалпан де Хуарез,Наукальпан,Наукальпан-де-Хуарес,ناوكالبان دي خواريز,ناوکالپان د خوارز، استادو د مخیکو,کاوکالپان,ნაუკალპანი,ナウカルパン,瑙卡尔潘,나우칼판",19.47851,-99.23963,P,PPLA2,MX,,15,057,,,834434,,2300,America/Mexico_City,2025-07-31,Mexico,NA,North/Central America,12,14,18,21,437,28.50932,31.105373,34.486755,26.937368,22.016111,27.625404,25.36764,34.455914,29.914385,24.8418,24.69032,27.772917,33.02366,0.59643847
3523349,Mérida,Merida,"Ciudad de Merida,Ciudad de Mérida,Emerita,MID,Merida,Merida i Yucatan,Meryda,Mérida,Mérida i Yucatán,mardt,mei li da,melida,merida,mryda  ywkatan,myryda,myryڈa,Μέριδα,Мерида,Мерыда,Меріда,ماردة,مریدا، یوکاتان,میریدا,میریڈا,मेरिडा,মেরিডা,ਮੇਰੀਡਾ,მერიდა,መሪዳ,メリダ,梅里达,梅里達,메리다",20.967,-89.62318,P,PPLA,MX,,31,050,,,1201000,,10,America/Merida,2026-04-14,Mexico,NA,North/Central America,1,1,1,1,465,8.994361,7.4244633,7.705209,8.349596,8.547777,8.040591,11.091527,11.153228,10.8634405,10.113891,8.553495,8.376527,7.6572585,0.25009298
3523466,Heroica Matamoros,Heroica Matamoros,"Heroica Matamoros,MAM,Matamoros,Матаморос",25.87972,-97.50417,P,PPL,MX,,28,022,,,510739,,16,America/Matamoros,2025-10-23,Mexico,NA,North/Central America,1,1,2,2,594,8.691306,7.46371,9.064733,10.064114,8.561249,10.477823,10.160279,9.826747,10.805646,7.1425,6.687499,6.364027,7.63172,0.29165447
3526683,Iztapalapa,Iztapalapa,"Delegacion Iztapalapa,Delegación Iztapalapa,Delegazione Iztapalapa,Istapalapa,Ixtapalapa,Iztaoalaoa,Iztapalapa,Iztapalapan,Iztapalāpan,yi si ta pa la pa,Истапалапа,伊斯塔帕拉帕",19.35529,-99.06224,P,PPL,MX,,09,007,,,1835486,,2238,America/Mexico_City,2025-10-22,Mexico,NA,North/Central America,13,15,15,18,427,24.029013,22.93696,26.80908,21.901882,25.997223,27.133734,20.145418,23.951883,22.769888,20.031385,21.943008,26.392084,28.49019,0.59643847
3529612,Ecatepec de Morelos,Ecatepec de Morelos,"Ecatepec,Ecatepec Morelos,Ecatepec de Morelos,Ehkatepek-de-Morelos,Ekatepeko,Morelos,San Cristobal,San Cristobal Ecatepec,San Cristobal Ecatepec de Morelos,San Cristóbal,San Cristóbal Ecatepec,San Cristóbal Ecatepec de Morelos,Экатепек-де-Морелос",19.60492,-99.06064,P,PPLA2,MX,,15,033,,,1645352,,2306,America/Mexico_City,2026-09-14,Mexico,NA,North/Central America,6,8,16,19,437,28.50932,31.105373,34.486755,26.937368,22.016111,27.625404,25.36764,34.455914,29.914385,24.8418,24.69032,27.772917,33.02366,0.4593047
3530139,Coyoacán,Coyoacan,"Coyoacan,Coyoacán,Kojoakan,koyoakan,Коёакан,コヨアカン",19.3467,-99.16174,P,PPL,MX,,09,003,,,614447,,2255,America/Mexico_City,2026-09-14,Mexico,NA,North/Central America,13,15,16,19,427,24.029013,22.93696,26.80908,21.901882,25.997223,27.133734,20.145418,23.951883,22.769888,20.031385,21.943008,26.392084,28.49019,0.59643847
3530589,Ciudad Nezahualcoyotl,Ciudad Nezahualcoyotl,"Cd. Neza,Cd. Nezahualcoyotl,Cd. Nezahualcóyotl,Ciudad Netzahualcoyotl,Ciudad Netzahualcóyotl,Ciudad Neza,Ciudad Nezahualcoyotl,Ciudad Nezahualcóyotl,Nesahualkojotlis,Nesaual'kojotl',Netzahualcoyotl,Netzahualcóyotl,Neza,Nezahualcoyotl,Nezahualcóyotl,Nezahualkojotlo,Rancheria Netzahualcoyotl,Ranchería Netzahualcóyotl,Несауалькойотль",19.40061,-99.01483,P,PPL,MX,,15,058,,,1077208,,2235,America/Mexico_City,2025-10-22,Mexico,NA,North/Central America,13,16,14,17,437,28.50932,31.105373,34.486755,26.937368,22.016111,27.625404,25.36764,34.455914,29.914385,24.8418,24.69032,27.772917,33.02366,0.59643847
3530597,Mexico City,Mexico City,"Cdmx,Cidade de Mexico,Cidade de México,Cidade do Mexico,Cidade do México,Cita du Messicu,Citta del Messico,Città del Messico,Cità dû Messicu,Cità dû Mèssicu,Ciudad Mexico,Ciudad de Mejico,Ciudad de Mexico,Ciudad de Méjico,Ciudad de México,Ciutat de Mexic,Ciutat de Mèxic,Grad Mexico,Lungsod ng Mexico,Lungsod ng México,MEX,Mehiko,Mekhiko,Meksikas,Meksiko,Meksiko Siti,Meksikurbo,Meksyk,Mexico,Mexico City,Mexico D.F.,Mexico DF,Mexico Distrito Federal,Mexico by,Mexico-stad,Mexicopolis,Mexiko,Mexiko Hiria,Mexiko-Stadt,Mexikoborg,Mexíkóborg,México,México Distrito Federal,Nkoyo,Pole tou Mexikou,Valle de Mexico,Valle de México,mdynt mksykw,megsiko si,megsikositi,mekishikoshiti,meksiko,meksiko siti,meksikositi,mkzykw,mkzykwsyty,mo xi ge cheng,mqsyqw syty,Πόλη του Μεξικού,Мексико,Мексико Сити,Мехико,Мехіко,מקסיקו סיטי,مدينة مكسيكو,مکزیکو,مکزیکوسیتی,مېكسىكا شەھىرى,मेक्सिको सिटी,মেক্সিকো,เม็กซิโกซิตี,მეხიკო,メキシコシティ,墨西哥城,멕시코 시,멕시코시티",19.42847,-99.12766,P,PPLC,MX,,09,,,,12294193,,2240,America/Mexico_City,2024-03-26,Mexico,NA,North/Central America,13,15,16,19,437,28.50932,31.105373,34.486755,26.937368,22.016111,27.625404,25.36764,34.455914,29.914385,24.8418,24.69032,27.772917,33.02366,0.59643847
3531673,Cancún,Cancun,"CUN,Cancun,Cancún,Ciudad Cancun,Ciudad Cancún,Kan'koun,Kankun,Kankuna,Kankunas,gang guan,kan kun,kang kun,kangkun,kankun,kankuna,kankwn,kankwn. kyntana rw,qnqwn,Κανκούν,Канкун,Կանկուն,קנקון,كانكون,کانکون,کانکون٬ کینتانا رو,कान्कुन,กังกุน,ကင်န်ကွန်မြို့,კანკუნი,カンクン,坎昆,港觀,칸쿤,캉쿤",21.17429,-86.84656,P,PPL,MX,,23,005,,,888797,,11,America/Cancun,2025-10-23,Mexico,NA,North/Central America,0,0,0,0,472,8.340683,7.9618287,8.554017,9.010753,9.258472,8.833871,13.649168,10.786022,7.842742,6.148473,5.3493285,6.5606937,6.22621,0.27833772
3533462,Acapulco de Juárez,Acapulco de Juarez,"ACA,Acapolco Juarez,Acapolco Juárez,Acapulco,Acapulco de Juarez,Acapulco de Juárez,Acapulco  Acapulco de Juarez,Acapulcum,Akapoulko,Akapul'ka,Akapul'ko,Akapulkas,Akapulko,Akapúlkó,a ka pu er ke,akabwlkw,akapulko,akapuruko,akapwlkw  gwyrrw,xa ka pul ko,Ακαπούλκο,Акапулко,Акапулька,Акапулько,אקפולקו,آکاپولکو، گوئررو,أكابولكو,അക്കാപുൽകോ,อากาปุลโก,აკაპულკო,アカプルコ,阿卡普尔科,아카풀코",16.84942,-99.90891,P,PPL,MX,,12,001,,,658609,,16,America/Mexico_City,2025-10-22,Mexico,NA,North/Central America,0,0,0,0,392,11.900371,10.912097,11.12515,10.420965,13.9725,14.820971,8.586806,15.776344,12.861424,7.9599996,9.179571,13.361806,13.63172,0.23439239
3827409,Cuauhtémoc,Cuauhtemoc,"Cuauhtemoc,Cuauhtémoc,Kuaukhtemok,Куаухтемок",19.44506,-99.14612,P,PPL,MX,,09,015,,,531831,,2237,America/Mexico_City,2026-09-14,Mexico,NA,North/Central America,13,15,16,19,437,28.50932,31.105373,34.486755,26.937368,22.016111,27.625404,25.36764,34.455914,29.914385,24.8418,24.69032,27.772917,33.02366,0.59643847
3979770,Zapopan,Zapopan,"Sapapan,Sapopan,Sapopanas,Sapopano,Tzapopan,Zapopan,sa bo pan,sabwban  khalyskw,sapopan,zapwpan  khalyskw,Σαπόπαν,Запопан,Сапапан,Сапопан,زاپوپان، خالیسکو,سابوبان، خاليسكو,საპოპანი,サポパン,萨波潘",20.72111,-103.38742,P,PPLA2,MX,,14,120,,,1476491,,1565,America/Mexico_City,2025-06-12,Mexico,NA,North/Central America,11,11,11,11,462,13.649256,13.441398,12.462798,10.3608885,12.555555,14.996101,15.39125,15.639517,14.130912,12.853473,13.065321,14.446805,14.353224,0.37817776
3981254,Torreón,Torreon,"TRC,Toreon,Toreonas,Torreon,Torreón,toreon,tuo lei weng,twrywn. kwawyla,Τορρεόν,Тореон,Торреон,تورئون٬ کواویلا,ტორეონი,トレオン,托雷翁",25.54389,-103.41898,P,PPLA2,MX,,07,035,,,735340,,1124,America/Monterrey,2023-02-01,Mexico,NA,North/Central America,0,0,0,0,583,9.50818,11.5946245,10.527529,7.9733872,9.035001,9.469624,9.448195,9.931855,10.311155,8.8572235,7.120834,9.140973,10.736291,0.2894326
3981461,Tlaquepaque,Tlaquepaque,"San Pedro Tlaquepaque,Tlakepake,Tlakepakė,Tlaquepaque,te la ke pa ke,tlakwpakw,torakepake,Тлакепаке,تلاکوپاکو,ტლაკეპაკე,トラケパケ,特拉克帕克",20.64121,-103.29342,P,PPLA2,MX,,14,098,,,650123,,1581,America/Mexico_City,2025-07-31,Mexico,NA,North/Central America,11,11,11,11,462,13.649256,13.441398,12.462798,10.3608885,12.555555,14.996101,15.39125,15.639517,14.130912,12.853473,13.065321,14.446805,14.353224,0.37817776
3981609,Tijuana,Tijuana,"TIJ,Tia Juana,Tichouana,Tichuana,Tihuana,Tijuana,Tijuano,Tikhuana,Tikhuanae,Tixuana,Tykhuana,Tíjúana,Zaragoza,di hua na,tifuana,tihaw na,tihu'ana,tihuana,tihvana,tikhavana,tykhwana,Τιχουάνα,Тихуанæ,Тихуана,Тыхуана,Тіхуана,טיחואנה,تيخوانا,تیخوانا,तिहुआना,ਤੀਖ਼ਵਾਨਾ,ടീഹ്വാന,ตีฮัวนา,ტიხუანა,ティフアナ,蒂華納,티후아나",32.5027,-117.00371,P,PPLA2,MX,,02,004,,,1922523,,97,America/Tijuana,2025-12-14,Mexico,NA,North/Central America,17,17,25,27,783,14.987168,16.620161,19.050745,14.144761,15.0731945,13.796506,13.308056,10.952284,15.203765,13.687085,15.641397,15.8425,16.853092,0.16633248
3985606,San Luis Potosí,San Luis Potosi,"Altepetl San Luis Potosi,Altepetl San Luis Potosí,SLP,San Louis Potosi,San Luis,San Luis Potosi,San Luis Potosi City,San Luis Potosí,San Luis Potosí City,San-Luis-Patasi,San-Luis-Potosi,saina lu'isa potosi,san lwys bwtwsy,san lwys pwtwsy,san lwyys pwtwsy  san lwyys pwtwsy,sana lu'isa patosi,sani luwisi ፖtosi,sanlu-iseupotosi,sheng lu yi si bo tuo xi shi,Σαν Λουίς Ποτοσί,Сан Луис Потоси,Сан-Луис-Потоси,Сан-Луис-Потосі,Сан-Луіс-Патасі,Սան Լուիս,סן לואיס פוטוסי,سان لوئیس پوتوسی سٹی,سان لوئیس پوتوسی، سان لوئیس پوتوسی,سان لويس بوتوسي,سان لويس پوتوسي,सैन लुइस पोटोसी,সান লুইস পটোসি,ਸੈਨ ਲੁਈਸ ਪੋਟੋਸੀ,სან-ლუის-პოტოსი,ሳን ሉዊስ ፖቶሲ,サン・ルイス・ポトシ,圣路易斯波托西市,산루이스포토시",22.15234,-100.97135,P,PPLA,MX,,24,028,,,722772,,1886,America/Monterrey,2026-04-14,Mexico,NA,North/Central America,0,0,0,0,492,8.782405,8.8888445,9.392262,9.596236,11.389999,11.890054,7.9248605,8.60242,7.181183,5.122638,7.6491933,8.758613,8.989247,0.23388241
3988086,Saltillo,Saltillo,"SLW,Sal'til'jo,Sal'til'o,Saltil'o,Saltillo,Saltilo,sa er di yue,salatilo,saltilo,saltiyo,saltyllw,saltyw,saltyyw  kwawyla,sarutiyo,saልtilo,sltyw,Салтилло,Салтильо,Салтиљо,Сальтильо,Сальтільйо,סלטיו,سالتيللو,سالتيو,سالتیو,سالتییو، کواویلا,साल्टिलो,সালটিলো,ਸਾਲਟੀਲੋ,სალტილიო,ሳልቲሎ,サルティーヨ,萨尔蒂约,살티요",25.42595,-100.97963,P,PPLA,MX,,07,030,,,709671,,1578,America/Monterrey,2026-04-14,Mexico,NA,North/Central America,2,2,2,2,584,11.333901,10.583602,12.969491,10.6793,10.536251,13.839514,11.510834,11.094624,10.637904,11.150832,11.000673,11.804028,10.347311,0.29195192
3991164,Santiago de Querétaro,Santiago de Queretaro,"Ciudad Queretaro,Kepetapo,Kepeтapo,Keretaro,QRO,Queretaro,Queretaro City,Queretarum,Querétaro,Querétaro City,Sant'jago-de-Keretaro,Santiago Tlachco,Santiago de Queretaro,Santiago de Querétaro,Santiago nte Keretaro,Santiagu di Queretaro,Santiagu di Querétaro,Santijago de Keretaro,Santjago de Keretaras,Santjago de Keretaro,ke lei ta luo,keletalo,kere ta ro,keretaro,krtarw  krtarw,kwartarw  kwartarw,qrtrw,sainti'ago de kveretaro,saintiyago de kveretaro,sanitiyago de keritaro,santiyago de keretaro,santyaghw dy kwyrytarw,santʼiago-de-kʼeretʼaro,Σαντιάγο ντε Κερέταρο,Керетаро,Сантијаго де Керетаро,Сантьяго-де-Керетаро,Сантяго де Керетаро,קרטרו,سانتياغو دي كويريتارو,سانتياغو دي کويريتارو,کرتارو، کرتارو,کوارتارو، کوارتارو,सान्तियागो दे केरेतारो,सैंटियागो डे क्वेरेटारो,সান্তিয়াগো দে কেরেটারো,ਸੈਂਟੀਆਗੋ ਡੇ ਕ੍ਵੇਰੇਟਾਰੋ,เกเรตาโร,სანტიაგო-დე-კერეტარო,ሳንቲያጎ ዴ ከሪታሮ,ケレタロ,克雷塔罗,케레타로",20.58806,-100.38806,P,PPLA,MX,,22,014,,,1594212,,1826,America/Mexico_City,2026-04-14,Mexico,NA,North/Central America,4,4,8,8,456,13.583856,13.710752,15.406249,13.149597,13.671527,16.57258,12.437503,17.418816,11.254435,9.921945,10.565322,14.6115265,14.34328,0.3161039
3995402,Morelia,Morelia,"MLM,Morelia,Morelija,mo lei li ya,molellia,moreli'a,morelia,moreliya,moreria,mwrlya  mychwakan,mwrlyh,mwrylya,mx re leiy,Морелия,Морелија,Морелія,Մորելիա,מורליה,مورلیا، میچوآکان,موريليا,موریلیا,मोरेलिया,মোরেলিয়া,ਮੋਰੇਲੀਆ,มอเรเลีย,მორელია,ሞሬሊያ,モレリア,莫雷利亚,모렐리아",19.70078,-101.18443,P,PPLA,MX,,16,053,,,743275,,1917,America/Mexico_City,2026-04-14,Mexico,NA,North/Central America,1,1,1,1,436,15.804169,12.832527,15.532593,10.980242,12.844861,20.32446,14.720694,17.293013,16.99758,17.311113,15.70148,18.675694,16.420294,0.28198364
3995465,Monterrey,Monterrey,"MTY,Mantehrehj,Mons Regis,Monterej,Monterejo,Monterejus,Monterey,Monterrei,Monterrej,Monterreja,Monterrey,Monterrey City,Monterrey i Nuevo Leon,Monterrey i Nuevo León,Monterėjus,Tlahtoantepec,Tlahtoāntepēc,mamtere,mantere,meng te lei,monitere,montelei,montere'i,monterei,monteri,mwntry,mwntryy,mwntyry,mxn te rrey,Μοντερρέι,Мантэрэй,Монтерей,Монтереј,Монтеррей,Մոնտերեյ,מונטריי,مونتری,مونتيري,مونتےرئی,माँतेरे,मोंटेरी,মন্টেরে,ਮੋਂਤੇਰੇਈ,มอนเตรเรย์,མཱོན་ཊི་རེ།,მონტერეი,ሞንቴሬ,モンテレイ,蒙特雷,몬테레이",25.68435,-100.31721,P,PPLA,MX,,19,039,,,1135512,,560,America/Monterrey,2026-04-14,Mexico,NA,North/Central America,15,16,19,20,585,13.331108,13.207662,16.461905,13.645428,12.477639,16.085348,11.638751,11.502554,11.439786,11.853195,12.839652,14.631666,14.4048395,0.42609796
3996069,Mexicali,Mexicali,"MXL,Mekhikali,Meksikali,Meksikalis,Mexicali,Mexicali i Baja California,Mexicalo,Mexihcali,Mexikali,maikasikali,me khi kali,megsikalli,mehikari,mekisikali,meksikali,mkhykaly,mksykaly,mo xi ka li,mqsyqly,myksykaly,Μεξικάλι,Мексикали,Мехикали,Мехікалі,מקסיקלי,مخیکالی,مكسيكالي,مکسيکالي,میکسیکالی,मेक्सिकली,মেক্সিকালি,ਮੈਕਸੀਕਾਲੀ,เมคีกาลี,მეხიკალი,ሜክሲካሊ,メヒカリ,墨西卡利,멕시칼리",32.62781,-115.45446,P,PPLA,MX,,02,002,,,1032686,,4,America/Tijuana,2026-04-14,Mexico,NA,North/Central America,4,4,5,6,797,10.823244,12.654841,11.695685,9.492337,10.202362,9.142742,14.286249,11.072716,11.141801,7.110278,7.871102,10.922639,14.345699,0.17021982
3998655,León de los Aldama,Leon de los Aldama,"BJX,Ciudad de Leon,Ciudad de León,Leon,Leon Guanajuato,Leon de los Aldama,Leon de los Aldamas,Leon-de-los-Al'dama,León,León de los Aldama,León de los Aldamas,reon,Леон-де-лос-Альдама,レオン",21.12183,-101.68253,P,PPLA2,MX,,11,020,,,1579803,,1803,America/Mexico_City,2026-09-14,Mexico,NA,North/Central America,4,4,8,8,470,9.959216,10.483198,10.01607,8.161021,8.9075,13.551478,10.333056,12.695834,9.644758,7.395,8.060216,10.189029,9.981722,0.30504176
4004898,Hermosillo,Hermosillo,"Ehrmosil'o,Ermosijo,Ermosil'o,Ermosilo,Germosil'o,HMO,Hermosiljas,Hermosillo,Pitic,ai mo xi yue,armwsyw,armwsyyw swnwra,armwsyyw  swnwra,eleumosiyo,ermosilio,erumoshijo,haramosilo,harmosilo,herimosilo,hyrmwsylw,xer mo si yo,Гермосильо,Ермосильо,Ермосиљо,Ермосійо,Эрмосильо,ארמוסיו,ارموسييو سونورا,ارموسیو,ارموسییو، سونورا,هيرموسيلو,हर्मोसिलो,হারমোসিলো,ਹਰਮੋਸਿਲੋ,เอร์โมซีโย,ერმოსილიო,ሄርሞሲሎ,エルモシージョ,埃莫西约,에르모시요",29.08874,-110.96677,P,PPLA,MX,,26,030,,,812229,,202,America/Hermosillo,2026-04-14,Mexico,NA,North/Central America,0,0,0,0,664,5.323332,6.121506,5.534523,4.7422047,4.7376394,5.41586,6.2481947,6.8489256,6.2189517,4.2920837,4.053898,4.461389,5.175134,0.12209207
4005492,Guadalupe,Guadalupe,"Ciudad Guadalupe,Guadalupe,Gvadalupe,Villa Guadalupe,Villa de Guadalupe,Гвадалупе",25.67663,-100.25907,P,PPL,MX,,19,026,,,673616,,496,America/Monterrey,2026-06-17,Mexico,NA,North/Central America,15,16,19,20,585,13.331108,13.207662,16.461905,13.645428,12.477639,16.085348,11.638751,11.502554,11.439786,11.853195,12.839652,14.631666,14.4048395,0.42609796
4005539,Guadalajara,Guadalajara,"Atemaxac,GDL,Gouadalachara,Guadalajara,Guadalajara i Jalisco,Guadalakhara,Guadalaxara,Gvadalachara,Gvadalahara,Gvadalaharo,Gvadalakhara,Gvadalakharae,Qvadalaxara,gatalajara,ghwadalakhara,gu'adalahara,gua da la ha la,guadarahara,guyadalahara,gvadalahara,gvadalakhara,gwadalahara,gwadalakhara  khalyskw,gwadallahala,gwwdlhrh,kwa da la ha ra,Ātemaxac,Γουαδαλαχάρα,Гвадалахарæ,Гвадалахара,Гуадалахара,גוודלחרה,غوادالاخارا,گوادالاخارا، خالیسکو,گواڈلہارا,ग्वाडलाहारा,ग्वादालाहारा,গুয়াডালাহারা,ਗੁਆਦਾਲਾਹਾਰਾ,ഗൗതലജാറ,กวาดาลาฮารา,გვადალახარა,ጓዳላሃራ,グアダラハラ,瓜达拉哈拉,과달라하라",20.67738,-103.34749,P,PPLA,MX,,14,039,,,1385629,,1546,America/Mexico_City,2026-04-14,Mexico,NA,North/Central America,11,11,11,11,462,13.649256,13.441398,12.462798,10.3608885,12.555555,14.996101,15.39125,15.639517,14.130912,12.853473,13.065321,14.446805,14.353224,0.37817776
4011743,Victoria de Durango,Victoria de Durango,"Byen Durango,Ciudad de Durango,DGO,Durangas,Durango,Durango City,Victoria de Durango,Viktorija de Durango,Viktorija-de-Durango,dourango,du lan ge,dulang-go,durango,dwrangw  dwrangw,dwrngw,Виктория-де-Дуранго,Викторија де Дуранго,Дуранго,דורנגו,دورانگو سٹی,دورانگو، دورانگو,დურანგო,ドゥランゴ,杜兰戈,두랑고",24.02032,-104.65756,P,PPL,MX,,10,005,,,518709,,1884,America/Monterrey,2025-10-22,Mexico,NA,North/Central America,1,1,1,1,547,6.458812,3.8497307,4.9477677,4.447178,6.261249,8.8377695,7.4425,6.891667,7.9520154,7.005694,6.349059,6.4266663,6.9901886,0.17228939
4012176,Culiacán,Culiacan,"CUL,Colhuahcan Rosales,Cuilacan,Culiacan,Culiacan Rosales,Culiacana,Culiacán,Culiacán Rosales,Cōlhuahcān Rosales,Kul'jakan,Kuliakan,Kulijakan,Kuljakanas,Kulyakan,ku leiy kan,ku li ya kan,kuli'akana,kuliyakana,kuliyakani,kuriakan,kwlyakan,kwlyakn,kwlytakan,Кулиакан,Кулијакан,Кульякан,كوليتاكان,کوليتاکان,کولیاکان,کولیاکن,कुलियाकान,কুলিয়াকান,ਕੁਲਿਆਕਾਨ,กูเลียกัน,კულიაკანი,ኩሊያካን,クリアカン,库利亚坎",24.80209,-107.39421,P,PPLA,MX,,25,006,,,808416,,47,America/Mazatlan,2026-04-14,Mexico,NA,North/Central America,0,0,0,0,562,9.581119,6.984409,9.198363,8.989113,11.573473,11.44933,8.609862,10.433064,11.538441,9.335001,9.778226,8.267778,8.761963,0.1429375
4013708,Ciudad Juárez,Ciudad Juarez,"Altepetl Juarez,Altepetl Juárez,CJS,Chuaresas,Ciudad Juarez,Ciudad Juárez,El Paso del Norte,Huaresa,Juarez,Juarezo,Juárez,Lungsod Juarez,Lungsod Juárez,Paso del Norte,S'judad-Khuarehs,S'judad-Khuares,Sioudad Chouares,Siudad Chuaresas,Siudad Khuares,Sjudad Khvarez,Syudat Xuares,hua lei si cheng,si'udada hu'arejha,siudad-khuaresi,siudadeuhualeseu,sywdad khwars. chyywaywa,sywdad khwaryz,Σιουδάδ Χουάρες,Сиудад Хуарес,Сьюдад-Хуарес,Сьюдад-Хуарэс,Сјудад Хварез,Սյուդատ Խուարես,סיודאד חוארס,سيوداد خواريز,سیوداد خوارس٬ چیئوائوا,سیوداد خواریز,सिउदाद हुआरेझ,სიუდად-ხუარესი,シウダー・フアレス,華雷斯城,시우다드후아레스",31.72024,-106.46084,P,PPLA2,MX,,06,037,,,1512450,,1124,America/Ciudad_Juarez,2025-08-01,Mexico,NA,North/Central America,26,26,27,27,750,9.142062,13.259409,11.751785,10.791396,8.538889,9.391263,6.693751,6.285216,6.3284955,6.2554173,6.9663987,9.3868065,14.124731,0.27095866
4014338,Chihuahua,Chihuahua,"Altepetl Chihuahuah,Byen Chihuahua,CUU,Chihuahua,Chihuahua City,Chihuahua by,Chiuaua,Chiuauae,Chivava,Cihuahua,Cihuahuo,Ciuaua,Civava,Dakbayan sa Chihuahua,Tsiouaoua,chiuaua,chiwawa,chyywaywa. chyywaywa,cihu'ahu'a,cihuyahuya,ciwawa,qi wa wa shi,tshywawa,zhi hua hua shi,Çivava,Ĉihuahuo,Čihuahua,Čiuaua,Τσιουάουα,Чивава,Чиуауæ,Чиуауа,Чіуауа,ציוואווה,تشيواوا,چہواہوا,چیئوائوا٬ چیئوائوا,चिहुआहुआ,চিহুয়াহুয়া,ਚਿਹੁਆਹੁਆ,ჩიუაუა,ቺዋዋ,チワワ,奇瓦瓦市,芝華華市,치와와",28.63528,-106.08889,P,PPLA,MX,,06,019,,,925762,,1437,America/Chihuahua,2026-04-14,Mexico,NA,North/Central America,3,3,3,3,652,5.6640887,6.484409,5.9430056,4.290995,4.304167,5.4658604,6.340695,6.1108866,6.7365594,6.253611,4.6865587,4.53875,6.80121,0.16234557
4019233,Aguascalientes,Aguascalientes,"AGU,Aguascalientes,Aguascalientes City,Aguascalientes by,Aguaskal'entes,Aguaskalentes,Aguaskalientes,Aguaskalienti,Aguaskaljentesas,Aguaskaljenteso,Agvaskalijentes,Altepetl Aguascalientes,Byen Aguascalientes,Ciudad de Aguascalientes,a gua si ka lian te si,aghwaskalyynts,agu'asakali'atesa,agu'askaili'entesa,aguasukarientesu,aguyasakyaliyentesa,agwaseukallienteseu,agwyaskalynts,xa k was ka leiyn tes,ʿegwasikaliyenitesi,Агваскалијентес,Агуаскалиентес,Агуаскальентес,Аґуаскальєнтес,אגואסקליינטס,آگوئاسکالینتس,آگوسکالینٹس,أغواسكاليينتس,अगुआस्कैलिएंतेस,আগুয়াসক্যালিয়েন্তেস,ਅਗੁਆਸਕਾਲੀਅੰਤੇਸ,อากวัสกาเลียนเตส,აგუასკალიენტესი,አጓስካሊዬንቴስ,アグアスカリエンテス,阿瓜斯卡连特斯,아과스칼리엔테스",21.88262,-102.2843,P,PPLA,MX,,01,001,,,722250,,1885,America/Mexico_City,2026-04-14,Mexico,NA,North/Central America,4,4,4,4,491,10.788125,11.280107,11.710714,9.210484,9.453889,13.517071,10.6297245,11.932258,10.3009405,7.4409714,9.145296,12.3550005,12.464786,0.21370472
1732722,Pasir Gudang,Pasir Gudang,"Baxi Gudang,Pasir Gudang,Pasir-Gudang,ZLW,ba xi gu dang,pasyr gwdang,Пасир-Гуданг,پاسیر گودانگ,巴西古当",1.462,103.9053,P,PPL,MY,,01,0102,,,534659,,29,Asia/Kuala_Lumpur,2026-09-14,Malaysia,AS,Other Asia,5,10,6,11,204,14.165583,6.8490596,7.9480643,9.891533,12.013473,20.4457,19.118055,18.823523,16.067205,18.368477,20.005781,12.971528,7.070295,0.47485816
1732724,Kampung Larkin Lama,Kampung Larkin Lama,"Kampung Larkin Lama,Larkin,Кампунг Ларкин Лама",1.5024,103.744,P,PPL,MY,,01,0102,,,500000,,34,Asia/Kuala_Lumpur,2026-09-14,Malaysia,AS,Other Asia,5,9,6,11,203,19.198273,9.220429,10.499107,13.607261,19.025278,27.57809,26.21792,24.288845,23.425676,25.427496,23.28441,16.79889,10.508466,0.4371624
1732747,Pelentong,Pelentong,"Kangkar Plintong,Pelentong,Pelentung,Plentong,Plintong,Пелентонг",1.5243,103.824,P,PPL,MY,,01,0102,,,583640,,25,Asia/Kuala_Lumpur,2026-09-14,Malaysia,AS,Other Asia,4,8,6,11,204,14.165583,6.8490596,7.9480643,9.891533,12.013473,20.4457,19.118055,18.823523,16.067205,18.368477,20.005781,12.971528,7.070295,0.43576995
1732752,Johor Bahru,Johor Bahru,"Baru,Bharu,Dzhokhor Bakhru,Dzhokhor-Baru,Dzohor Baru,Dzokhor Bakhru,Džohor Baru,JB,JHB,Jahore Bahru,Johor,Johor Baharu,Johor Bahru,Johore,Johore Bahru,Johore Baru,Johore Bharu,Sin-san-su,Sîn-sân-sṳ,johara baharu,joholeubalu,johora baharu,johora baru,johori bahiru,johorubaru,jokur paru,jwhr bhrw,jwhwr bhrw,xin shan,ya hor bah ru,Џохор Бахру,Джохор Бахру,Джохор-Бару,גוהור באהרו,جوهر بهرو,جوهور بهرو,جوھر بھرو,जोहोर बहरु,जोहोर बारू,জোহর বাহরু,ਜੋਹੋਰ ਬਾਹਰੂ,ஜொகூர் பாரு,ยะโฮร์บาห์รู,ဂျဟိုးဘာရူးမြို့,ጆሆር ባህሩ,ジョホールバル,新山,조호르바루",1.4655,103.7578,P,PPLA,MY,,01,0102,,,858118,,32,Asia/Kuala_Lumpur,2026-04-14,Malaysia,AS,Other Asia,6,10,6,11,203,19.198273,9.220429,10.499107,13.607261,19.025278,27.57809,26.21792,24.288845,23.425676,25.427496,23.28441,16.79889,10.508466,0.47485816
1732903,Shah Alam,Shah Alam,"Sa Alam,Sach Alamas,Sahalama,Shah Alam,Shakh Alam,Shakh-Alam,chah xa lam,sa alam,sah alm,saha alama,sha a nan,sha ya nan,shah-alami,syaallam,Šach Alamas,Šahalama,Σα Αλάμ,Шах Алам,Шах-Алам,שה אלם,شاه عالم,شاہ عالم,शाह आलम,শাহ আলম,શાહ આલમ,ஷா ஆலாம்,షా ఆలమ్,ಶಾಹ್ ಆಲ್ಮ್,ഷാ ആലം,ශා ඇලම්,ชะฮ์อาลัม,ရှားအလမ်မြို့,შაჰ-ალამი,シャー・アラム,沙亞南,莎阿南,샤알람",3.08507,101.53281,P,PPL,MY,,12,1707,,,740750,,53,Asia/Kuala_Lumpur,2022-12-06,Malaysia,AS,Other Asia,3,6,3,6,208,38.840385,36.96573,40.01875,43.48763,37.27653,40.671772,46.161114,42.164387,40.2125,41.651943,34.82916,27.176943,35.482525,0.50170666
1733432,Kota Kinabalu,Kota Kinabalu,"BKI,Jesselton,KK,Kinabalu,Kota Kinabalu,Kota-Kinabalu,kota kinabalu,kotakinaballu,kotakinabalu,kotakinabaru,kweta kinabalu,kwta kynabalw,kwٹa knabalw,ya bi,Кота-Кинабалу,كوتا كينابالو,کوتا کينابالو,کوتا کینابالو,کوٹا کنابالو,कोटा किनाबालु,কোটা কিনাবালু,ਕੋਟਾ ਕਿਨਾਬਾਲੂ,ኮታ ኪናባሉ,コタキナバル,亞庇,코타키나바루,코타키나발루",5.9749,116.0724,P,PPLA,MY,,16,1206,,,500421,,5,Asia/Kuching,2026-04-14,Malaysia,AS,Other Asia,0,0,0,0,238,10.528176,9.201209,8.856399,10.239919,10.65625,10.83387,10.871945,14.643547,11.261962,10.3133335,10.833334,10.048612,8.408736,0.27028143
1734634,Ipoh,Ipoh,"IPH,Ipo,Ipoh,Ipoha,Ipohas,Ipokh,Yi-po-su,Yî-pó-sṳ,aybwh,aypw,aypwh,ipo,ipoha,ippo,xi poh,yi bao,ʿiፖhi,Іпох,Ипо,Ипох,איפוה,إيبوه,ايبوه,ایپو,ایپوه,इपोह,ইপোহ,ਇਪੋਹ,ஈப்போ,อีโปห์,အီပိုးမြို့,ኢፖህ,イポー,怡保,이포",4.5841,101.0829,P,PPLA,MY,,07,0906,,,759952,,45,Asia/Kuala_Lumpur,2026-04-14,Malaysia,AS,Other Asia,0,0,0,0,218,16.293684,12.0875,16.666965,16.207663,13.982362,15.304702,20.948475,22.754032,19.079433,17.317776,14.002284,12.867639,14.339653,0.38113537
1734759,Malacca,Malacca,"Bandaraya Melaka,MKZ,Malaca,Malacca,Malacca Town,Malaka,Malakka,Melaka,ma liu jia,malaka,malakka,marakka,mlaka,mlqa,myalakka,Малакка,ملاکا,ملقا,मलक्का,ম্যালাক্কা,ਮਲਾਕਾ,ማላካ,マラッカ,马六甲",2.196,102.2405,P,PPLA,MY,,04,0603,,,579000,,6,Asia/Kuala_Lumpur,2026-04-14,Malaysia,AS,Other Asia,0,0,0,0,206,11.907914,8.685617,11.741369,12.549463,10.917917,12.582797,13.505832,15.325538,14.933467,12.580972,11.570967,9.661387,8.792474,0.22813113
1735158,Petaling Jaya,Petaling Jaya,"PJ,Petaling Dzhaja,Petaling Jaya,Petaling-Dzhaja,ba da ling zai ye,bytalyngh jaya,petalin jeya,peutallingjaya,ptalyng jaya,pytalnyg jaya,Петалинг Джая,Петалинг-Джая,بيتالينغ جايا,پتالینگ جایا,پیتالنیگ جایا,பெடாலிங் ஜெயா,プタリン・ジャヤ,八打灵再也,프탈링자야",3.10726,101.60671,P,PPLA2,MY,,12,1707,,,807879,,45,Asia/Kuala_Lumpur,2025-06-26,Malaysia,AS,Other Asia,3,6,3,6,208,38.840385,36.96573,40.01875,43.48763,37.27653,40.671772,46.161114,42.164387,40.2125,41.651943,34.82916,27.176943,35.482525,0.50170666
1735161,Kuala Lumpur,Kuala Lumpur,"Federal Territory of Kuala Lumpur,Gizlungzpoh,KL,KUL,Kouala Loumpou,Kouala Loumpour,Kuala Lumpor,Kuala Lumpur,Kuala-Lumpur,Kuala-Lumpuro,Kualae-Lumpur,Kualalumpura,Kualalumpūra,Kvala Lumpuras,Kvala Lumpūras,Kúala Lúmpúr,Wilayah Persekutuan Kuala Lumpur,ji long po,kaulalampur,kawlalampexr,kolalampur,ku'a lalampura,ku'ala lupura,ku'alalampura,ku'alalumpura,kuallalumpuleu,kuararunpuru,kuyalalamapura,kvalalampura,kwala lambwr,kwala lmpwr,kwalalampwr,kwalalmbwr,kwalalmpwr,kwalalwmpwr,kۇyalalۇmpۇr,Κουάλα Λουμπούρ,Куалæ-Лумпур,Куала Лумпур,Куала-Лумпур,Կուալա Լումպուր,קואלה לומפור,كوالا لامبور,كوالالمبور,كۇئالالۇمپۇر,کوالا لمپور,کوالالامپور,کوالالمپور,کوالالومپور,कुआ लालम्पुर,कुआलालम्पुर,क्वालालंपूर,কুয়ালালামপুর,ਕੁਆਲਾ ਲੁੰਪੁਰ,କୁଆଲାଲୁମ୍ପୁର,கோலாலம்பூர்,ಕೌಲಾಲಂಪುರ್,കോലാലമ്പൂർ,กัวลาลัมเปอร์,ཁལ་ལུང་ཕུ།,ကွာလာလမ်ပူမြို့,კუალა-ლუმპური,ኩዋላ ሉምፑር,クアラルンプール,吉隆坡,쿠알라룸푸르",3.1412,101.68653,P,PPLC,MY,,14,0401,,,1453975,,56,Asia/Kuala_Lumpur,2026-04-29,Malaysia,AS,Other Asia,3,5,3,6,208,38.840385,36.96573,40.01875,43.48763,37.27653,40.671772,46.161114,42.164387,40.2125,41.651943,34.82916,27.176943,35.482525,0.50170666
1735227,Kuantan,Kuantan,"KUA,Koan-tan-su,Kuala Kuantan,Kuala Kuatan,Kuantan,Kôan-tan-sṳ,guan dan,ku'antana,kuantan,kuvantan,kuwanitani,kuyantana,kvantana,kwantan,kwn tan,Куантан,كوانتان,کوانتان,कुआंतान,क्वांतान,কুয়ান্তান,ਕੁਆਂਤਾਨ,குவாந்தான்,กวนตัน,ኩዋንታን,クアンタン,关丹,쿠안탄",3.8077,103.326,P,PPLA,MY,,06,0805,,,548014,,12,Asia/Kuala_Lumpur,2026-04-14,Malaysia,AS,Other Asia,0,0,0,0,214,10.848907,9.046908,10.077379,11.017609,8.177222,9.297849,14.421807,17.501612,13.359544,12.027915,9.687098,7.3998613,8.053226,0.3184548
1735498,Sungai Petani,Sungai Petani,"Sungai Patani,Sungai Petani,Sungaj Petani,Sungei Patani,Сунгай Петани",5.647,100.48772,P,PPL,MY,,02,0204,,,544851,,17,Asia/Kuala_Lumpur,2026-09-14,Malaysia,AS,Other Asia,0,0,0,0,232,18.571053,16.675673,22.591963,21.370428,16.427498,17.199057,25.655138,24.059538,21.710487,16.539862,12.904437,12.182361,15.813039,0.31294426
1736376,Kota Bharu,Kota Bharu,"Bharu,KBR,Khota Baharu,Khota Bahru,Ko-ta-hap-lu-su,Kota Baharu,Kota Bahru,Kota Baru,Kota Bharu,Kota-Baru,Kô-tá-ha̍p-lû-sṳ,ge da ba lu,kota bharu,kotabalu,kotabaru,kweta baru,kwta bharw,kwٹa bھarw,Кота Бару,Кота-Бару,كوتا بهارو,کوتا بهارو,کوٹا بھارو,कोटा भारु,কোটা ভারু,ਕੋਟਾ ਭਾਰੂ,โกตาบารู,ኮታ ባሩ,コタバル,哥打巴鲁,코타바루",6.12361,102.24333,P,PPLA,MY,,03,0304,,,568900,,10,Asia/Kuala_Lumpur,2026-04-14,Malaysia,AS,Other Asia,0,0,0,0,237,11.933033,12.824328,12.198215,13.040458,9.9076395,9.428764,15.323471,15.978494,13.952823,11.558333,8.209141,9.3023615,11.44516,0.30579993
1771023,Kampung Baru Subang,Kampung Baru Subang,"Kampung Baru Subang,SZB,Subang,Кампунг Бару Субанг",3.15,101.53333,P,PPL,MY,,12,1707,,,833571,,27,Asia/Kuala_Lumpur,2026-09-14,Malaysia,AS,Other Asia,3,6,3,6,208,38.840385,36.96573,40.01875,43.48763,37.27653,40.671772,46.161114,42.164387,40.2125,41.651943,34.82916,27.176943,35.482525,0.50170666
6847550,Kota Kuala Muda,Kota Kuala Muda,"Kota Kuala Muda,Кота Куала Муда",5.58822,100.37085,P,PPL,MY,,02,0204,,,544984,,4,Asia/Kuala_Lumpur,2026-09-14,Malaysia,AS,Other Asia,0,0,0,0,232,18.571053,16.675673,22.591963,21.370428,16.427498,17.199057,25.655138,24.059538,21.710487,16.539862,12.904437,12.182361,15.813039,0.31294426
7795834,Selayang Baru Utara,Selayang Baru Utara,"Selajang Baru Utara,Selayang,Selayang Baru Utara,Селаянг Бару Утара",3.2549,101.6668,P,PPL,MY,,12,1701,,,542409,,76,Asia/Kuala_Lumpur,2026-09-14,Malaysia,AS,Other Asia,3,4,3,6,208,38.840385,36.96573,40.01875,43.48763,37.27653,40.671772,46.161114,42.164387,40.2125,41.651943,34.82916,27.176943,35.482525,0.4361138
8504423,Subang Jaya,Subang Jaya,"Subang Dzhaja,Subang Jaya,shu bang,shu bang zai ye,subangjaya,swbang jaya,swbangh jaya,Субанг Джая,سوبانغ جايا,سوبانگ جایا,スバン・ジャヤ,梳邦,梳邦再也,수방자야",3.04384,101.58062,P,PPLX,MY,,12,1707,,,708296,,41,Asia/Kuala_Lumpur,2026-08-30,Malaysia,AS,Other Asia,3,6,3,6,208,38.840385,36.96573,40.01875,43.48763,37.27653,40.671772,46.161114,42.164387,40.2125,41.651943,34.82916,27.176943,35.482525,0.50170666
10063567,Iskandar Puteri,Iskandar Puteri,"Iskandar Puteri,Nusajaya,Yisiganda,iskantar puttiri,yi si gan da gong zhu cheng,Искандар Путери,இஸ்கந்தர் புத்திரி,依斯干达公主城",1.39324,103.62322,P,PPL,MY,,01,0102,,,575977,,16,Asia/Kuala_Lumpur,2026-09-14,Malaysia,AS,Other Asia,5,8,6,11,201,19.154709,15.384141,18.33497,26.867872,23.109163,23.3293,18.872225,17.922981,16.106182,17.331945,19.401615,16.71111,16.38656,0.429058
12514556,Kota Damansara,Kota Damansara,"Kota Damansara,Кота Дамансара",3.15454,101.58022,P,PPL,MY,,12,1707,,,500000,,70,Asia/Kuala_Lumpur,2026-09-14,Malaysia,AS,Other Asia,3,6,3,6,208,38.840385,36.96573,40.01875,43.48763,37.27653,40.671772,46.161114,42.164387,40.2125,41.651943,34.82916,27.176943,35.482525,0.50170666
12750654,Mukim Pulai,Mukim Pulai,"Mukim Pulai,Pulai,pu lai,velai,Муким Пулаи,வேளை,蒲來",1.53333,103.66667,P,PPL,MY,,01,0102,,,505661,,9,Asia/Kuala_Lumpur,2026-09-14,Malaysia,AS,Other Asia,2,4,6,11,203,19.198273,9.220429,10.499107,13.607261,19.025278,27.57809,26.21792,24.288845,23.425676,25.427496,23.28441,16.79889,10.508466,0.4371624
13118225,Bukit Rahman Putra,Bukit Rahman Putra,"Bukit Rakhman Putra,Букит Рахман Путра",3.21727,101.5608,P,PPL,MY,,12,1707,,,607000,,76,Asia/Kuala_Lumpur,2026-09-14,Malaysia,AS,Other Asia,3,6,3,6,208,38.840385,36.96573,40.01875,43.48763,37.27653,40.671772,46.161114,42.164387,40.2125,41.651943,34.82916,27.176943,35.482525,0.50170666
1033356,Nampula,Nampula,"APL,Nampoula,Nampula,namapula,nambwla,nampulla,nampwla,nan pu la,nanpura,naምፑla,Ναμπούλα,Нампула,نامبولا,نامپولا,नामपुला,নামপুলা,ਨਾਮਪੁਲਾ,ნამპულა,ናምፑላ,ナンプラ,楠普拉,남풀라",-15.11646,39.2666,P,PPLA,MZ,,06,,,,770379,,431,Africa/Maputo,2026-04-14,Mozambique,AF,Sub-Saharan Africa,0,0,0,0,118,5.341255,4.7594094,6.307887,3.7696238,3.910278,3.862634,4.307083,4.072715,5.9833336,8.953472,7.1811833,6.5433335,4.61344,0.16280718
1039854,Matola,Matola,"Cidade da Matola,Matola,Vila Salazar,matola,matora,matwla,Матола,ماتولا,मातोला,মাতোলা,ਮਾਤੋਲਾ,ማቶላ,マトラ",-25.96222,32.45889,P,PPLA,MZ,,04,,,,1198988,,42,Africa/Maputo,2026-04-14,Mozambique,AF,Sub-Saharan Africa,1,1,1,1,75,6.680946,4.6693554,4.830952,4.6981187,5.6486115,6.8581996,7.9726396,7.125806,8.907797,10.604862,7.312097,5.8745832,5.5982523,0.15757342
1040652,Maputo,Maputo,"Can Pfumo,Kapfumo,Lourenco Marques,Lourenço Marques,MPM,Mabuto,Mabutu,Mapouto,Maputo,Maputu,Mapútó,ma pu to,ma pu tuo,mabwtw,maputo,maputto,maputu,mapwtw,mpwtw,Μαπούτο,Мапуто,Мапуту,Մապուտու,מפוטו,مابوتو,ماپوتو,ماپوتۆ,ماپوٹو,मापुतो,ਮਾਪੂਤੋ,மபூட்டோ,มาปูโต,མ་པུ་ཊོ།,მაპუტუ,ማፑቶ,マプト,马普托,마푸토,마푸투",-25.96553,32.58322,P,PPLC,MZ,,11,,,,1254837,,70,Africa/Maputo,2024-01-18,Mozambique,AF,Sub-Saharan Africa,1,1,1,1,75,6.680946,4.6693554,4.830952,4.6981187,5.6486115,6.8581996,7.9726396,7.125806,8.907797,10.604862,7.312097,5.8745832,5.5982523,0.18309115
1052373,Beira,Beira,"BEW,Beira,Bejra,Beyra,Beyrə,be'ira,bei la,beila,beira,bera,byra,byra  mwzambyk,byyra  mwzmbyq,Μπέιρα,Беира,Бейра,بيرا,بیئرا، موزمبیق,بیرا، موزامبیک,बेइरा,বেইরা,ਬੇਇਰਾ,ბეირა,ቤራ,ベイラ,贝拉,베이라",-19.84361,34.83889,P,PPLA,MZ,,05,,,,687764,,6,Africa/Maputo,2026-04-14,Mozambique,AF,Sub-Saharan Africa,0,0,0,0,102,6.716298,5.6987896,5.1741066,4.6989255,5.7248616,4.750538,5.4254165,5.257258,8.464918,12.420001,8.850268,8.282778,5.8594084,0.19377618
2440485,Niamey,Niamey,"NIM,Niame,Niamei,Niamej,Niameja,Niamejus,Niameo,Niamey,Niamè,Niamėjus,Nijamej,Níamey,ni ya mei,ni'ami,niame,niamei,nixame,niyame,niyami,nyamy,nyʼmyy,Νιαμέι,Νιαμέυ,Ниамей,Нијамеј,Ніамей,Ніямей,Նիամեյ,ניאמיי,نيامي,نیامی,نیامەی,ܢܝܐܡܝ,नियामे,নিয়ামে,ਨਿਆਮੀ,நியாமி,นีอาเม,ནི་ཡ་མེ།,ნიამეი,ኒያሜ,ニアメ,尼亞美,니아메",13.51366,2.1098,P,PPLC,NE,,08,,,,1323691,,206,Africa/Niamey,2024-01-18,Niger,AF,Sub-Saharan Africa,0,0,0,0,336,18.96055,28.936293,34.70863,24.694221,25.326113,27.944218,15.855556,8.243816,6.4452953,6.503195,11.613036,15.075138,23.283195,0.30028173
2317765,Zaria,Zaria,"ZAR,Zaria,Zarija,Zariya,Zarja,jalia,zari'a,zaria,zarya,zha li ya,Зариа,Заря,زاريا,ਜ਼ਾਰੀਆ,ザリア,扎里亚,자리아",11.11128,7.7227,P,PPL,NG,,23,19019,KD1903,,980000,,644,Africa/Lagos,2024-01-18,Nigeria,AF,Sub-Saharan Africa,0,0,0,0,304,99.07629,224.74086,216.0686,138.47408,114.77973,82.04032,38.99931,21.057259,21.81492,33.74708,61.38777,88.41722,154.82727,0.2556657
2319133,Warri,Warri,"Bappi,Bаppи,QRW,Varri,Warri,wa li,wali,wari,wary,Варри,واري,واری,ワリ,瓦里,와리",5.51737,5.75006,P,PPLA2,NG,,36,10024,,,910000,,6,Africa/Lagos,2024-01-18,Nigeria,AF,Sub-Saharan Africa,0,0,0,0,230,20.345842,39.89395,26.838837,16.41344,19.13,19.645432,20.248194,16.136425,14.4216385,14.991251,19.331991,18.377499,19.071238,0.66846275
2322911,Sokoto,Sokoto,"SKO,Socoto,Sokotas,Sokoto,Sokoto stad,Sókótó,sokoto,sokweto,suo ke tuo,swkwtw,swkwٹw,Сокото,سوكوتو,سوکوتو,سوکوٹو,सोकोटो,সোকোটো,ਸੋਕੋਟੋ,სოკოტო,ሶኮቶ,ソコト,索科托,소코토",13.06269,5.24322,P,PPLA,NG,,51,616,61604,,1040000,,296,Africa/Lagos,2026-04-14,Nigeria,AF,Sub-Saharan Africa,0,0,0,0,330,66.445786,111.62794,116.543755,93.38145,79.59153,63.394764,26.560417,20.07796,25.801344,33.539997,59.439785,63.70001,106.52582,0.29837456
2324623,Saminaka,Saminaka,"Rahama,Saminaka,Samunakar,Саминака",10.41227,8.68748,P,PPLA2,NG,,23,19017,KD1711,,500000,,765,Africa/Lagos,2026-09-14,Nigeria,AF,Sub-Saharan Africa,0,0,0,0,291,54.936596,120.20633,126.72262,78.30268,62.539444,48.10524,21.621113,12.99543,14.391534,23.8775,33.041393,40.29458,81.78442,0.25543356
2324774,Port Harcourt,Port Harcourt,"PHC,Port Harcourt,Port Harkortas,Port Harkurt,Port Kharkurt,Port Xarcourt,Port-Kharkort,Ugwu Ocha,Ugwu Ọcha,bwrt harkwrt,ha ke te gang,porata harakorata,porta harakorta,poteuhakeoteu,potohakoto,pwrt harkwrt,pwrt hrqwrt,pwrٹ ہarkwrٹ,Порт Харкурт,Порт-Харкорт,פורט הרקורט,بورت هاركورت,پورت هاركورت,پورٹ ہارکورٹ,पोर्ट हारकोर्ट,পোর্ট হারকোর্ট,ਪੋਰਟ ਹਾਰਕੋਰਟ,ፖriti harikweriti,ፖርት ሃርኮርት,ポートハーコート,哈科特港,포트하커트",4.77742,7.0134,P,PPLA,NG,,50,33022,,,2120000,,16,Africa/Lagos,2026-04-14,Nigeria,AF,Sub-Saharan Africa,0,0,0,0,221,27.842873,37.180645,31.577532,25.470161,29.431522,30.342337,30.29597,25.810215,21.005379,24.67583,28.556587,25.35486,24.722847,0.73161465
2325200,Oyo,Oyo,"Oio,Oió,Ojo,Oyo,Ойо",7.85367,3.93235,P,PPLA2,NG,,32,31030,,,736072,,286,Africa/Lagos,2022-06-18,Nigeria,AF,Sub-Saharan Africa,0,0,0,0,266,28.100697,67.03655,52.90492,23.999594,18.442778,21.616665,16.873472,14.879032,14.861425,17.688885,25.20282,30.138334,35.020294,0.42405847
2325330,Owerri,Owerri,"Overi,Overri,Owerre,Owerri,Owẹrrẹ,QOW,ao wei li,awry,awwyry,awyry,oueri,overi,oweli,oyeri,ʿoweri,Овери,Оверри,أويري,اوری,اوویری,اویری,ओवेरी,ওয়েরি,ਓਵੇਰੀ,ኦወሪ,オウェリ,奧韋里,오웨리",5.48363,7.03325,P,PPLA,NG,,28,17024,,,545000,,73,Africa/Lagos,2026-04-14,Nigeria,AF,Sub-Saharan Africa,0,0,0,0,231,42.363537,68.82352,50.804016,34.85174,40.696392,42.14745,44.5743,33.155247,32.215324,34.404587,41.617474,41.21236,44.400536,0.621822
2325590,Osogbo,Osogbo,"Eshogbo,Oshogbo,Osogbo,aswgbw,aswګbw,awswgbw,awswjbw,osogabo,osogbo,osogubo,ʿosoግbo,Осогбо,أوسوجبو,اسوګبو,اسوگبو,اوسوگبو,ओसोग्बो,ওসোগবো,ਓਸੋਗਬੋ,ኦሶግቦ,オソグボ",7.77104,4.55698,P,PPLA,NG,,42,30030,,,645000,,336,Africa/Lagos,2026-04-14,Nigeria,AF,Sub-Saharan Africa,0,0,0,0,264,29.488188,69.95066,52.650898,24.553225,18.594444,23.612904,19.067083,18.253899,17.172716,19.470417,26.477154,30.282917,35.02836,0.5730894
2326016,Onitsha,Onitsha,"Onicha,Onicjo,Onitsha,Oniĉjo,Onịchạ,QNI,ao ni cha,onicha,Онитша,Онича,Оніча,オニチャ,奧尼查,오니차",6.14978,6.78569,P,PPLA2,NG,,25,4017,,,1553000,,57,Africa/Lagos,2022-09-23,Nigeria,AF,Sub-Saharan Africa,0,0,0,0,235,36.9552,73.580246,48.674995,28.691938,32.88889,35.31895,34.736526,25.88374,25.404573,27.17917,35.28696,37.52514,38.925804,0.5661749
2331447,Maiduguri,Maiduguri,"MIU,Maidiguri,Maidugari,Maiduguri,Maiduguris,Majduguri,ma'iduguri,mai du gu li,maidouguri,maiduguli,maiduguri,maydwghwry,maydwgwrw,maydwgwry,maydwjwry,maydwګry,mayiduguri,mayydwgry,mydghry,mydwgwry,Маидугури,Майдугури,Майдугурі,מידוגורי,مائیدوگری,مايدوجوري,مايدوغوري,مايدوګري,مايدوگورو,مایدوگوری,ميدغري,मैदुगुरी,মাইডুগুরি,ਮੈਦੁਗੁਰੀ,ማይዱጉሪ,マイドゥグリ,邁杜古里,마이두구리",11.84692,13.15712,P,PPLA,NG,,27,124,12414,,1110000,,325,Africa/Lagos,2026-04-14,Nigeria,AF,Sub-Saharan Africa,0,0,0,0,315,29.610144,53.24812,60.823963,35.200672,30.663616,29.630508,21.962637,12.3774185,11.680779,9.536944,22.136963,23.596804,46.429832,0.28230608
2332459,Lagos,Lagos,"Eko,LOS,Lacupolis,Lagas,Lagos,Lagos shaary,Lagosa,Lagosas,Lagoso,Laguosos,Laqos,Logos,la ge si,lageas,laghws,lagos,lagosa,lagoseu,lagosi,laguseu,lagws,lajws,lakos,legosa,lek xs,ragosu,Èkó,Λάγος,Лагас,Лагос,Лагос шаары,Лаґос,Լագոս,לאגאס,לאגוס,لاجوس,لاغوس,لاگوس,لاگۆس,लागोस,লেগোস,ਲਾਗੋਸ,લાગોસ,லாகோஸ்,లాగోస్,ಲಾಗೊಸ್,ലാഗോസ്,เลกอส,လေးဂို့စ်မြို့,ლაგოსი,ሌጎስ,ラゴス,拉哥斯,라고스,라구스",6.45407,3.39467,P,PPLA2,NG,,05,,,,15388000,,11,Africa/Lagos,2023-10-25,Nigeria,AF,Sub-Saharan Africa,4,22,4,23,244,20.440666,39.12877,27.27783,15.3151865,14.985002,19.155916,18.270695,16.741264,15.511156,15.967499,21.62043,21.248053,20.363575,0.42926976
2334802,Katsina,Katsina,"DKA,Kacina,Katsina,Kàtsínà,ka qi na,kachina,katasina,katisina,katsina,katsuina,katsyna,ktsyna,Катсина,كاتسينا,کتسينا,کتسینا,कत्सीना,কাতসিনা,ਕਤਸੀਨਾ,ካትሲና,カツィーナ,卡齐纳,카치나",12.99082,7.60177,P,PPLA,NG,,24,421,42103,,670000,,519,Africa/Lagos,2026-04-14,Nigeria,AF,Sub-Saharan Africa,0,0,0,0,324,62.78885,78.1238,81.51324,61.862774,67.822365,70.38534,39.803753,31.197985,32.500267,45.71848,76.925125,71.59916,96.98052,0.365769
2335204,Kano,Kano,"Byen Kano,Cano,KAN,Kanas,Kano,Kánò,ka nuo,kano,kanw,kanw  nyjryh,qnw,Кано,קנו,كانو,کانو,کانو، نیجریه,कानो,কানো,ਕਾਨੋ,கனோ,ካኖ,カノ,卡諾,카노",12.00012,8.51672,P,PPLA,NG,,29,20043,KN2106,,4910000,,484,Africa/Lagos,2026-04-14,Nigeria,AF,Sub-Saharan Africa,0,0,0,0,314,77.8959,91.271774,94.32605,77.71518,89.10597,87.839645,49.969032,44.583736,44.58266,62.50597,97.60189,87.40292,108.70672,0.37707412
2335727,Kaduna,Kaduna,"KAD,Kadun,Kaduna,Kaduno,Kàdúná,ka du na,kadouna,kaduna,kadwna,qdwnh,Кадуна,קדונה,كادونا,کادونا,कादुना,কাডুনা,ਕਾਦੂਨਾ,ካዱና,カドゥナ,卡杜納,카두나",10.52641,7.43879,P,PPLA,NG,,23,19009,KD0910,,1850000,,626,Africa/Lagos,2026-04-14,Nigeria,AF,Sub-Saharan Africa,0,0,0,0,290,55.006565,126.34664,132.52798,88.53966,58.400562,39.207256,15.724443,12.031048,12.933065,17.249027,29.684544,48.162777,84.17769,0.2528015
2335953,Jos,Jos,"Cos,Dzhos,Dzos,Dżos,JOS,Jos,jas,jasa,josa,joseu,josi,josu,jws,jws  nayjyrya,qiao si,Џос,Джос,Йос,جاس,جوس,جوس، نائجیریا,जोस,জস,ਜੋਸ,ጆስ,ジョス,乔斯,조스",9.92849,8.89212,P,PPLA,NG,,49,32005,,,1040000,,1186,Africa/Lagos,2026-04-14,Nigeria,AF,Sub-Saharan Africa,0,0,0,0,282,63.5386,128.72864,145.58496,99.0582,71.8468,48.796772,28.782501,17.205778,18.471773,32.434586,43.83065,44.50166,88.69007,0.23989
2337639,Ilorin,Ilorin,"ILR,Illorin,Ilorin,Ilorinas,Iloryn,alwrn,alwryn,aylwryn,illolin,ilorina,irorin,yi luo lin,ʿilorini,Ілорын,Илорин,אילורין,إيلورين,الورن,الورین,इलोरिन,ইলোরিন,ਇਲੋਰਿਨ,ኢሎሪን,イロリン,伊洛林,일로린",8.49664,4.54214,P,PPLA,NG,,30,24006,,,1080000,,320,Africa/Lagos,2026-04-14,Nigeria,AF,Sub-Saharan Africa,0,0,0,0,269,27.971434,69.38898,56.500893,24.216803,17.730833,19.821371,14.480972,13.453493,13.6063175,16.604445,23.091667,28.873196,39.54624,0.4383897
2338900,Ile-Ife,Ile-Ife,"Ife,Ile-Ife,Ифе",7.4824,4.56032,P,PPLA2,NG,,42,30011,,,560000,,295,Africa/Lagos,2026-09-14,Nigeria,AF,Sub-Saharan Africa,0,0,0,0,264,29.488188,69.95066,52.650898,24.553225,18.594444,23.612904,19.067083,18.253899,17.172716,19.470417,26.477154,30.282917,35.02836,0.59416014
2339354,Ibadan,Ibadan,"IBA,Ibadan,Ibadan shaary,Ibadana,Ibadanas,Ibadano,Ibadán,Impantan,abadan,aybadan,ibadan,ibadana,yi ba dan,Ìbàdàn,İbadan,ʿibadani,Ιμπαντάν,Ібадан,Ибадан,Ибадан шаары,Իբադան,איבדאן,إبادان,إيبادان,ابادان,इबादान,ইবাদান,ਇਬਾਦਾਨ,ኢባዳን,イバダン,伊巴丹,이바단",7.37756,3.90591,P,PPLA,NG,,32,31008,,,3649000,,181,Africa/Lagos,2026-04-14,Nigeria,AF,Sub-Saharan Africa,0,0,0,0,258,27.298914,56.6305,44.834076,25.18481,19.972363,24.26801,20.452085,18.616533,17.119892,19.358612,26.183466,27.340834,28.610754,0.54835016
2340451,Gombe,Gombe,"GMO,Gombe,gomabe,gombe,gonbe,gwaምbe,gwmbh,gwmbے,jwmby,Гомбе,جومبي,ګwmby,ګومبی,گومبه,گومبے,गोम्बे,গোম্বে,ਗੋਮਬੇ,ጓምቤ,ゴンベ",10.28969,11.16729,P,PPLA,NG,,55,16006,,,560000,,460,Africa/Lagos,2026-04-14,Nigeria,AF,Sub-Saharan Africa,0,0,0,0,293,35.547115,63.856056,72.10328,46.065727,38.819862,31.317476,19.901945,13.027419,13.767337,17.54611,26.901075,30.969723,54.699467,0.23120846
2343279,Enugu,Enugu,"ENU,Ehnugu,Enuga,Enugu,Enugwu,Enúgwu,ai nu gu,anwghw,anwgw,aynwګw,enugu,ʿinugu,Енугу,Энугу,إنوغو,انوگو,اینوګو,एनुगु,এনুগু,ਏਨੁਗੁ,ኢኑጉ,Ẹnúgu,エヌグ,埃努古,에누구",6.44132,7.49883,P,PPLA,NG,,47,14004,,,950000,,192,Africa/Lagos,2026-04-14,Nigeria,AF,Sub-Saharan Africa,0,0,0,0,246,42.661255,84.1398,64.177376,32.297714,35.318188,37.198517,35.546803,27.858202,32.303764,32.931534,39.03226,42.75514,49.680508,0.59348243
2344082,Ebute Ikorodu,Ebute Ikorodu,"Awja-Ikoradu,Ebute Ikorodu,Ebute-Egga,Ikorodu,Икороду",6.60086,3.48818,P,PPL,NG,,05,25012,,,535619,,4,Africa/Lagos,2026-09-14,Nigeria,AF,Sub-Saharan Africa,3,22,4,23,252,26.718752,49.097446,39.343754,22.22984,20.73625,25.899462,24.214724,19.306318,17.926613,20.63736,29.115728,26.549168,26.314785,0.48946694
2346229,Calabar,Calabar,"CBQ,Calabar,Kalabar,Kalabaras,Kalabaro,ka la ba er,kalabar,kalabara,kalabari,kallabaleu,karabaru,Калабар,كالابار,کالابار,कलाबार,কালাবার,ਕਲਾਬਾਰ,ካላባር,カラバル,卡拉巴尔,칼라바르",4.95893,8.32695,P,PPLA,NG,,22,9008,,,540000,,37,Africa/Lagos,2026-04-14,Nigeria,AF,Sub-Saharan Africa,1,1,1,1,222,16.727167,28.73696,24.35268,16.099596,15.805695,14.797983,13.207639,14.867069,13.666936,13.55986,12.79422,16.274027,17.041264,0.647897
2347283,Benin City,Benin City,"BNI,Benim,Benin,Benin City,Benin Siti,Benin Səhəri,Benin by,Benin Şəhəri,Benin-Sici,Benin-Siti,Benin-Stadt,Benin-stad,Beninas,Beninborg,Beninurbo,Benínborg,Bénin,Ciudad de Benin,Ciudad de Benín,Ilu Benin,Kota Benin,Magaalaa Benin,Magaalada Benin,Shakhri Benin,Thanh pho Benin,Thành phố Benin,bei ning cheng,beni n si ti,benina sahira,benina siti,beninshiti,beninsiti,beniዝ siti,bnn sˌar,bnyn,bnyn syty,Ìlú Benin,Бенин,Бенин Сити,Бенин-Сити,Бенін-Сіті,Бенін-Сіці,Шахри Бенин,בנין סיטי,بنن ښار,بنين,بنین,بینن شہر,बेनिन सिटी,বেনিন সিটি,ਬੇਨਿਨ ਸ਼ਹਿਰ,เบนินซิตี,በንዝ ሲቲ,ベニンシティ,贝宁城,베닌시티",6.33815,5.62575,P,PPLA,NG,,37,12012,,,1782000,,88,Africa/Lagos,2026-04-14,Nigeria,AF,Sub-Saharan Africa,0,0,0,0,245,24.104591,53.307934,37.469494,20.41653,21.826946,23.444086,20.913055,15.374194,14.591128,15.872083,21.460218,21.944302,23.416935,0.5836387
2347470,Bauchi,Bauchi,"BCU,Bauchi,Baucis,Bauczi,Baushi,Baučis,Yakoba,Yakubu,ba'uci,bao qi,bauchi,bawchy,bawtshy,baውci,Баучи,Бауши,باؤچی,باوتشي,باوچی,बाउची,বাউচি,ਬਾਉਚੀ,ባውቺ,バウチ,包奇",10.31032,9.84388,P,PPLA,NG,,46,5002,BA0215,,693700,,623,Africa/Lagos,2026-04-14,Nigeria,AF,Sub-Saharan Africa,0,0,0,0,292,37.041504,66.62473,70.81249,45.931053,43.22514,37.263702,20.568888,14.413845,15.754569,16.158749,24.49543,35.68569,55.78252,0.28266886
2350841,Akure,Akure,"AKR,Akuce,Akure,Akuré,Akurė,a ku lei,akule,akure,akwrh,akwry,Àkúrẹ́,ʿekure,Акуре,أكوري,اکوره,اکورے,अकुरे,আকুরে,ਅਕੁਰੇ,አኩሬ,アクレ,阿庫雷,아쿠레",7.25256,5.19312,P,PPLA,NG,,48,29006,,,730000,,353,Africa/Lagos,2026-04-14,Nigeria,AF,Sub-Saharan Africa,0,0,0,0,259,22.822458,55.805103,39.850594,18.76613,15.166112,19.642338,13.979168,14.287498,12.640324,14.654861,20.558737,21.952227,27.39046,0.5852369
2351943,Agege,Agege,"Agege,Агеге",6.61563,3.33337,P,PPLA2,NG,,05,25001,,,683600,,42,Africa/Lagos,2026-09-14,Nigeria,AF,Sub-Saharan Africa,4,22,4,23,251,23.56498,47.137363,33.679165,18.453762,18.03792,23.188309,20.446527,16.202286,15.416399,17.078192,24.913038,24.61833,24.133064,0.48946694
2352778,Abuja,Abuja,"ABV,Abodza,Abodža,Abouja,Abuca,Abudz,Abudza,Abudzha,Abudża,Abudž,Abudža,Abugia,Abugo,Abuja,Abuya,Abuzha,Abuĝo,Abùjá,Ampouza,a bu gu,a bu jia,abuja,abwja,apuja,xabu ca,yەbwwja,ʼbwgh,Αμπούζα,Абуджа,Абужа,Абуџа,Абуҷа,Աբուջա,אבוגה,אבודזשא,آبوجا,أبوجا,ئەبووجا,ابوجا,अबुजा,আবুজা,ਅਬੁਜਾ,ଅବୁଜା,அபுஜா,അബുജ,อาบูจา,ཨ་པུ་ཅ།,အဘူဂျာမြို့,აბუჯა,አቡጃ,アブジャ,阿布賈,阿布贾,아부자",9.05785,7.49508,P,PPLC,NG,,11,15006,,,2690000,,476,Africa/Lagos,2024-04-06,Nigeria,AF,Sub-Saharan Africa,1,2,1,2,273,40.450794,76.46452,79.5625,38.939247,31.5025,31.518818,24.627916,18.381315,20.40524,26.180693,36.6039,44.638607,59.245018,0.41658986
2352947,Abeokuta,Abeokuta,"Abeokuta,Abẹ́òkúta,QAT,a bei ao ku ta,abe'okuta,abe-okuta,abeokuta,abwkata,abywkwta,ʿebeʾokuta,Абеокута,אבאוקוטה,أبيوكوتا,ابوکاتا,ابیوکوتا,अबेओकुटा,আবেওকুটা,ਅਬੇਓਕੁਟਾ,አቤዖኩታ,アベオクタ,阿贝奥库塔,아베오쿠타",7.15571,3.34509,P,PPLA,NG,,16,28002,,,735000,,64,Africa/Lagos,2026-04-14,Nigeria,AF,Sub-Saharan Africa,0,0,0,0,257,21.600046,47.915188,35.72991,18.313305,15.883608,19.881315,16.165834,13.681721,13.063441,14.085417,20.549465,21.841244,22.863169,0.61953765
2353151,Aba,Aba,"Aba,Aba i Nigeria,Abá,QAX,a ba,aba,aba  abya,Аба,Աբա,אבה,آبا,آبا، ابیا,აბა,アバ,阿巴,아바",5.10658,7.36667,P,PPLA2,NG,,45,1002,,,1160000,,64,Africa/Lagos,2024-01-18,Nigeria,AF,Sub-Saharan Africa,0,0,0,0,225,35.011517,49.085346,41.324554,32.81398,36.103195,36.234943,37.245007,30.786154,26.861694,30.46778,34.684002,31.69653,33.29973,0.67152363
2566636,Ajegunle,Ajegunle,"Ajegunle,Айегунле",6.45197,3.33115,P,PPLA2,NG,,05,25002,,,550000,,2,Africa/Lagos,2026-09-14,Nigeria,AF,Sub-Saharan Africa,4,20,4,23,244,20.440666,39.12877,27.27783,15.3151865,14.985002,19.155916,18.270695,16.741264,15.511156,15.967499,21.62043,21.248053,20.363575,0.42926976
3617763,Managua,Managua,"MGA,Managoua,Managua,Managuae,Managva,Managvo,Managûa,Manahuac,Manankoua,Manaqua,Manawa,Manágua,Mānāhuac,ma na gua,managhwa,managu'a,managua,managva,managwa,manakaw,manakuva,Μανάγκουα,Μανάγουα,Манагва,Манагуæ,Манагуа,Մանագուա,מנגואה,ماناغوا,ماناگوآ,ماناگوا,ماناگۇئا,मानाग्वा,ਮਾਨਾਗੁਆ,மனாகுவா,มานากัว,མ་ན་གུ་འ།,მანაგუა,ማናጓ,マナグア,馬拿瓜,馬納瓜,마나과",12.13282,-86.2504,P,PPLC,NI,,10,,,,973087,,108,America/Managua,2026-01-02,Nicaragua,NA,North/Central America,0,0,0,0,313,6.631427,4.4038982,4.3924108,7.444086,7.1137495,9.5577965,7.394445,6.40121,7.3159943,7.751527,8.574866,4.9193053,4.1122317,0.17606108
2747891,Rotterdam,Rotterdam,"RTM,Ratehrdam,Roterdam,Roterdama,Roterdamas,Roterdami,Roterdamo,Roterdan,Roterdao,Roterdão,Roterntam,Roterodamum,Rotterdam,Rottérdam,Róterdam,Róterdan,loteleudam,lu te dan,rattartem,rotaradema,rotterudamu,rtrdam,rwtrdam,rwtrdm,rxt the xr dam,Ρότερνταμ,Ратэрдам,Ротердам,Роттердам,ראטערדאם,רוטרדם,راٹرڈیم,رتردام,روتردام,ܪܘܛܪܕܐܡ,रॉटरडॅम,ராட்டர்டேம்,รอตเทอร์ดาม,ရော်တာဒမ်မြို့,როტერდამი,ロッテルダム,鹿特丹,로테르담",51.9225,4.47917,P,PPL,NL,,11,0599,,,868135,,9,Europe/Amsterdam,2025-10-26,The Netherlands,EU,Europe,11,24,21,48,1533,11.658094,9.781182,14.388839,18.717607,16.335001,11.130378,13.617917,12.278361,11.437098,8.322917,8.071505,7.192362,8.850672,0.21075732
2759794,Amsterdam,Amsterdam,"AMS,Aemstelredamme,Aemsterdam,Amestelledamme,Amesterda,Amesterdam,Amesterdao,Amesterdã,Amesterdão,Amistardam,Amseutereudam,Amstadem,Amstardam,Amstardām,Amstedam,Amstehrdam,Amsteladamum,Amstelodamum,Amstelodhamon,Amstelodhámon,Amsterda,Amsterdam,Amsterdama,Amsterdamas,Amsterdame,Amsterdami,Amsterdamo,Amsterdams,Amsterdamu,Amsterdan,Amsterdã,Amsterntam,Amsterodam,Amstyerdam,Amstèdam,Amstèrdame,Amstérdam,Amstɛrɩdam,Amstʻertam,Amsut'erudam,Amszterdam,Amsŭt'erŭdam,Amusitedan,Amusuterudamu,Damsko,I-Amsterdami,Mokum,Mokum Aleph,a mu si te dan,aimstardaima,amasataradama,amastaradama,amastararyama,amseuteleudam,amstardama,amstartam,amstrdam,amusuterudamu,anstardyam,emstaradyama,xamstexrdam,yەmstەrdam,Àmsterdam,Ámsterdam,Ámsterdan,Âmesterdâm,Āmǔsītèdān,Άμστερνταμ,Амстердам,Амстэрдам,Ամսթերտամ,Ամստերդամ,אמסטערדאם,אמסטרדם,آمستردام,أمستردام,ئامستېردام,ئەمستەردام,امستردام,امسټرډام,ایمسٹرڈیم,ܐܡܣܛܪܕܐܡ,अ‍ॅम्स्टरडॅम,आम्स्टर्डम,एम्स्तरद्याम,ऐम्स्टर्डैम,আমস্টারডাম,ਅਮਸਤਰਦਮ,ଆମଷ୍ଟରଡ଼୍ୟାମ,ஆம்ஸ்டர்டம்,ಆಂಸ್ಟರ್ಡ್ಯಾಮ್,ആംസ്റ്റർഡാം,ඈම්ස්ටර්ඩෑම්,อัมสเตอร์ดัม,ཨེམ་སི་ཊར་ཌམ།,အမ်စတာဒမ်မြို့,ამსტერდამი,አምስተርዳም,アムステルダム,阿姆斯特丹,암스테르담",52.37403,4.88969,P,PPLC,NL,,07,0363,,,741636,,13,Europe/Amsterdam,2026-02-23,The Netherlands,EU,Europe,22,37,28,62,1546,10.77463,9.340994,14.222173,16.991665,13.220277,9.503629,12.699307,11.063307,11.169354,8.041944,7.4905934,7.31,8.516935,0.2075269
3143244,Oslo,Oslo,"Asloa,Christiania,Kristiania,OSL,Ohoro,Osla,Oslas,Oslo,Oslo osh,Oslu,Osló,ajalo,ao si lu,asalo,aslw,awslw,osalo,oseullo,oslea,oslo,osuro,xxslo,ywslw,Òslo,Ósló,Ōhoro,Όσλο,Осла,Осло,Осло ош,Օսլո,אוסלו,أوسلو,ئوسلو,ئۆسلۆ,اسلو,اوسلو,ܐܘܣܠܘ,ओस्लो,অজলো,ওসলো,ਓਸਲੋ,ଅସଲୋ,ஒஸ்லோ,ഓസ്ലൊ,ออสโล,ཨོ་སི་ལོ།,အော့စလိုမြို့,ოსლო,ኦስሎ,オスロ,奥斯陆,奧斯陸,오슬로",59.91273,10.74609,P,PPLC,NO,,12,0301,,,1082575,,26,Europe/Oslo,2024-08-27,Norway,EU,Europe,19,23,22,26,1671,8.656491,9.733603,10.568153,8.601209,9.340138,6.015458,8.457362,10.71035,7.593011,9.904722,8.017339,8.271389,6.893682,0.15297288
1282898,Pokhara,Pokhara,"PKR,Pakhra,Pokara,Pokhar,Pokhara,Pokhra,Pokkhara,bo ke la,bwkhara,pokala,pokara,pokh ra,pokhara,pokhara gavisa,pokhara upamahanagarapalika,pokkara,pwkhara,Ποκάρα,Покхара,Похара,פוקארה,بوخارا,پوخارا,پوکھرا,पोखरा,पोखरा उपमहानगरपालिका,पोखरा गाविस,পোখরা,ਪੋਖਰਾ,பொக்காரா,ಪೊಖರಾ,โปขรา,ፖkihhara,ፖክሓራ,ポカラ,博克拉,포카라",28.26689,83.96851,P,PPLA,NP,,4,12095483,12096181,,600051,,1008,Asia/Kathmandu,2026-04-14,Nepal,AS,South Asia,0,1,0,1,649,20.87379,38.433735,34.399406,24.025942,22.384306,17.295568,17.26875,12.435351,9.649597,10.666944,13.552823,22.496527,28.841127,0.45573702
1283240,Kathmandu,Kathmandu,"Catmandu,Catmandum,KTM,Kantipur,Kantipura,Katemandu,Kathmandau,Kathmandou,Kathmandu,Katmando,Katmandoe,Katmandou,Katmandu,Katmanduo,Katmandó,Katmandú,Katmandû,Katmandū,Katmantou,Khatmandu,Káthmandu,Káthmándú,jia de man dou,kateumandu,kath manthu,kathamadaum,kathamadaum mahanagarapalika,kathamadu,kathamandu,kathmandu,katmandw,katmandww,katmantu,katomanzu,qtmndw,yem jilla,Κατμαντού,Катманду,Կատմանդու,קאטמאנדו,קטמנדו,كاتماندو,كاتماندۇ,کاتماندو,کاتماندوو,کھٹمنڈو,काठमांडू,काठमाडौं,काठमाडौं महानगरपालिका,काठमाण्डू,येँ जिल्ला,কাঠমাণ্ডু,কাঠমান্ডু,ਕਠਮੰਡੂ,કાઠમંડુ,କାଠମାଣ୍ଡୁ,காட்மாண்டு,కాఠ్మండు,ಕಠ್ಮಂಡು,കാഠ്മണ്ഡു,කත්මන්ඩු,กาฐมาณฑุ,ཀ་ཏ་མན་ཏ།,ཀ་ཏ་མན་ཏུ།,კატმანდუ,ካትማንዱ,カトマンズ,加德滿都,카트만두",27.70169,85.3206,P,PPLC,NP,,3,12095484,,,1442271,1317,1296,Asia/Kathmandu,2019-10-18,Nepal,AS,South Asia,2,25,2,26,629,43.302704,73.83776,66.97678,47.406315,43.726246,37.95403,38.416393,29.312637,24.042072,24.835554,29.245832,42.56972,62.836826,0.42785248
2193733,Auckland,Auckland,"AKL,Auckland,Aucland,Aucopolis,Auklando,Awklanda,Aŭklando,Oklan,Okland,Oklandas,Oklant,Oklend,Oklenda,Tamaki-makau-rau,Tāmaki-makau-rau,akalainda,akalyanda,akland,aklant,aklnd,aklynڈ,ao ke lan dou hui qu,awkland,awklnd,okalanda,okalenda,okeullaendeu,oklainda,okurando,xokh lænd,yavkland,ʿokilanidi,Ώκλαντ,Окланд,Окленд,Օկլենդ,אוקלנד,آوکلند,آکلند,آکلینڈ,أوكلاند,ئاۋكلاند,ऑकलंड,ऑक्लैण्ड,অকল্যান্ড,ਆਕਲੈਂਡ,ઓકલેન્ડ,ஆக்லன்ட்,ఆక్లాండ్,ಆಕ್ಲೆಂಡ್‌,ഓക്‌ലൻഡ്,โอคแลนด์,အော့ကလန်မြို့,ოკლენდი,ኦክላንድ,オークランド,奧克蘭都會區,오클랜드",-36.84853,174.76349,P,PPLA,NZ,,E7,076,,,1547200,,43,Pacific/Auckland,2026-05-02,New Zealand,OC,Oceania,0,1,0,2,32,5.589451,5.9422045,6.205357,5.3107524,4.524167,5.5186815,4.9487505,4.9315863,4.364516,6.2787495,6.1754026,6.8581934,6.082796,0.19384849
287286,Muscat,Muscat,"MCT,Maeskat,Mascat,Mascate,Maskat,Maskata,Maskatas,Maskate,Maskato,Maskˌat,Masqat,Masqaţ,Masqaṭ,Masquat,Maszkat,Mouskat,Muscat,Muskat,Mäskat,Múskat,ma si ka te,ma si ke te,masakata,maskarr,maskat,maskata,masqata,masukatto,msqt,museukateu,Μουσκάτ,Маскат,Масқат,Мускат,Մասկատ,מסקט,مسقط,مسقط، عمان,مۇسكات,مەسقەت,मस्कत,मस्क़त,মাস্কাট,ਮਸਕਟ,ମସ୍କଟ,மஸ்கத்,మస్కట్,മസ്കറ്റ്,มัสกัต,མི་སི་ཁ་ཁྲི།,მასკატი,መስከት,マスカット,馬斯喀特,马斯喀特,무스카트",23.58413,58.40778,P,PPLC,OM,,06,,,,797000,,14,Asia/Muscat,2019-09-05,Oman,AS,MENA,0,0,0,0,533,25.305891,18.943417,23.716516,22.196638,24.188335,30.054708,31.893335,37.534546,32.429707,25.967642,21.65578,18.050413,16.849598,0.45458198
3691175,Trujillo,Trujillo,"TRU,Troxillo,Truchiljas,Truhillu,Trujillo,Trukhijo,Trukhil'jo,Trukhil'o,Trukhiljo,Trukhillo,Turgalium,te lu xi e,teuluhiyo,tiruhiyo,toruhiryo,trujillo,trujilo,trwhyw,trwkhyw,trwkhyw  byrw,Трухилло,Трухильо,Трухилјо,Трухійо,Трухільё,טרוחיו,تروخيو، بيرو,تروخیو,ٹrwjylw,ٹروجیلو,ټrwjylw,ټروجيلو,त्रुजिल्लो,ত্রুজিলো,ਟ੍ਰੁਜਿਲੋ,ტრუხილიო,ትሩሂዮ,トルヒーリョ,特鲁希略,트루히요",-8.11599,-79.02998,P,PPLA,PE,,13,1301,130101,,1067700,,31,America/Lima,2026-06-21,Peru,SA,South America,0,0,2,2,140,13.060196,14.701076,13.658183,13.052688,11.917917,12.830109,11.703195,13.557123,13.182527,13.090695,12.417205,12.666112,13.911021,0.34729087
3693528,Piura,Piura,"P'jura,PIU,Piura,Piwra,Pjura,Pjuro,bywra,pi wu la,pi'ura,piula,piura,piw ra,pywra,pywrh,Пиура,Пьюра,Пюра,Піура,פיורה,بيورا,پیورا,पिउरा,পিউরা,ਪਿਉਰਾ,ปิวรา,პიურა,ፒውra,ፒውራ,ピウラ,皮乌拉,피우라",-5.18192,-80.65715,P,PPLA,PE,,20,2001,200101,,630000,,29,America/Lima,2026-06-21,Peru,SA,South America,0,0,2,2,165,6.9943595,6.727285,6.602233,5.8536286,6.5695834,7.0909944,7.3381944,7.591666,7.1700273,7.4112506,7.507391,7.336944,6.71707,0.20253952
3698350,Chiclayo,Chiclayo,"CIX,Chiclaium,Chiclayo,Chiklajo,Chiklayu,Chyklaja,Ciklajus,chikeullayo,chikurayo,chklayw,chyklayw,cikalayo,cikilayo,ciklayo,qi ke la yue,tshyklayw,Čiklajus,Чиклайо,Чиклајо,Чыклая,Чіклайо,ציקלאיו,تشيكلايو,چکلايو,چیکلایو,चिक्लायो,চিক্লায়ো,ਚਿਕਲਾਯੋ,ჩიკლაიო,ቺክላዮ,チクラーヨ,奇克拉约,치클라요",-6.77008,-79.85495,P,PPLA,PE,,14,1401,140101,,609400,,1,America/Lima,2026-06-21,Peru,SA,South America,0,0,0,0,149,11.159603,10.73145,10.606844,10.379435,11.016665,11.383467,10.927497,12.264247,11.666399,12.11625,11.577149,11.2184725,9.994493,0.26321968
3936456,Lima,Lima,"LIM,Lim,Lima,Limae,Limaq,Lime,Limma,Limo,Lioma,Lungsod ng Lima,Lìmma,Líma,Líoma,Lîma,li ma,lima,lyma,lymh,rima,Λίμα,Лимæ,Лима,Лиме,Ліма,Լիմա,לימא,לימה,لىما,ليما,لیما,लिमा,लीमा,লিমা,ਲੀਮਾ,ଲିମା,லிமா,ലിമ,ลิมา,ལི་མ།,ლიმა,ሊማ,リマ,利馬,리마",-12.04318,-77.02824,P,PPLC,PE,,LMA,,,,7737002,,152,America/Lima,2023-10-25,Peru,SA,South America,12,14,12,14,128,14.883915,15.292606,17.254017,15.881452,14.2815275,15.533065,13.889861,14.172445,14.164247,15.795415,14.869758,14.36486,13.298251,0.5147587
3946083,Callao,Callao,"Callao,El Callao,Kajao,Kal'jaa,Kal'jao,Kalao,Kaljao,Kallao,Kallaw,Kalyao,Regio de Callao,Regió de Callao,ka ya e,kala'o,kalaw,kalawo,kalla'o,kayao,kayaw,kayayw,klaw,kyala'o,Кальяа,Кальяо,Каляо,Каяо,Каљао,Կալյաո,كاياو,کالاو,کایائو,کایاو,کلاؤ,कल्लाओ,ক্যালাও,ਕਾਲਾਓ,კალიაო,ካላዎ,カヤオ,卡亞俄,카야오",-12.05162,-77.13452,P,PPLA,PE,,07,0701,070101,,1226200,,5,America/Lima,2026-06-21,Peru,SA,South America,10,11,12,14,128,14.883915,15.292606,17.254017,15.881452,14.2815275,15.533065,13.889861,14.172445,14.164247,15.795415,14.869758,14.36486,13.298251,0.5147587
3947322,Arequipa,Arequipa,"AQP,Arecipa,Arehkipa,Arekip,Arekipa,Arekipo,Arequipa,Arikipa,Ariqipa,a lei ji pa,alekipa,arekipa,arekkippa,arekvipa,arkypa,arykyba,arykypa,xareki pa,ʿerekuyiፓ,Αρεκίπα,Арекипа,Арекіпа,Арэкіпа,ארקיפה,أريكيبا,اريکيپا,ارکیپا,اریکیپا,अरेकिपा,अरेक्विपा,আরেকিপা,ਅਰੇਕਿਪਾ,அரேக்கிப்பா,อาเรกีปา,არეკიპა,አረኩይፓ,アレキパ,阿雷基帕,아레키파",-16.39899,-71.53747,P,PPLA,PE,,04,0401,040101,,1195700,,2397,America/Lima,2026-06-21,Peru,SA,South America,2,2,2,2,110,17.794636,11.995833,4.9249997,13.030645,19.206387,23.245432,20.478197,23.096106,20.12782,20.717777,19.270967,18.092358,18.339783,0.25023708
1679432,Zamboanga,Zamboanga,"Burleigh School,Ciudad ti Zamboanga,Dakbayan sa Zamboanga,Lungsod ng Zamboanga,Syudad han Zamboanga,ZAM,Zamboanga,Zamboanga City,Zamboanga Lakanbalen,samboang-ga,san bao yan,sanboanga,Замбоанга,サンボアンガ,三宝颜,삼보앙가",6.91028,122.07389,P,PPLA2,PH,,09,66,097332000,,1018849,,9,Asia/Manila,2025-09-24,Philippines,AS,Other Asia,0,0,0,0,255,6.1969733,5.9599457,7.397471,6.427554,7.0427766,4.935082,6.4972224,7.797984,5.9366937,5.879861,5.347178,5.734999,5.534946,0.1917652
1680102,Valenzuela,Valenzuela,"Valenzuela,Валензуела",14.7,120.9667,P,PPLA3,PH,,NCR,137500000,137504000,,725173,,12,Asia/Manila,2026-09-14,Philippines,AS,Other Asia,41,43,52,55,367,19.793713,12.10793,13.115775,14.35753,22.976114,20.992336,30.473612,17.59812,30.75134,19.04125,22.099596,15.52514,18.124731,0.39181653
1684308,Taguig,Taguig,"City of Taguig,Santa Ana,Tagig,Taguig,Тагиг",14.5243,121.0792,P,PPLA3,PH,,NCR,137600000,137607000,,1308085,,5,Asia/Manila,2025-09-25,Philippines,AS,Other Asia,44,47,45,48,353,11.679335,6.362769,6.966816,7.0150547,11.481807,10.080646,17.671944,12.073521,23.057531,12.566529,12.6365595,10.382778,9.573791,0.3263514
1692192,Quezon City,Quezon City,"Ciudad Quezon,Keson-Siti,Kezon Siti,Kezonurbo,Lungsod Quezon,Q.C,Quezon,Quezon City,Quezon-Stadt,kui song shi,Кезон Сити,Кесон-Сити,Кесон-Сіті,奎松市",14.6488,121.0509,P,PPLA2,PH,,NCR,137400000,137404000,,3084270,,49,Asia/Manila,2025-09-24,Philippines,AS,Other Asia,44,47,47,50,368,12.320636,6.154838,6.7837796,7.511828,11.872361,11.207124,21.90472,15.6875,24.47043,12.701945,11.840996,8.839584,8.531451,0.3263514
1694781,Paranaque City,Paranaque City,"Paranakue,Paranaque,Paranaque City,Parañaque,Parañaque City,Паранакуе",14.48156,121.01749,P,PPLA3,PH,,NCR,137600000,137604000,,703245,,22,Asia/Manila,2026-09-14,Philippines,AS,Other Asia,42,45,47,50,353,11.679335,6.362769,6.966816,7.0150547,11.481807,10.080646,17.671944,12.073521,23.057531,12.566529,12.6365595,10.382778,9.573791,0.2753261
1699076,Muntinlupa,Muntinlupa,"City of Muntinlupa,Muntinlupa,Muntinlupa City,Мунтинлупа",14.39028,121.0475,P,PPLA3,PH,,40,53,,,552225,,14,Asia/Manila,2026-09-14,Philippines,AS,Other Asia,30,32,46,49,353,11.679335,6.362769,6.966816,7.0150547,11.481807,10.080646,17.671944,12.073521,23.057531,12.566529,12.6365595,10.382778,9.573791,0.2753261
1701668,Manila,Manila,"City of Manila,Dakbayan sa Manila,Lungsod ng Maynila,MNL,Mainile,Manila,Manila City,Manilae,Manilla,Manillah,Manille,Manilo,Manyl,Maníla,Maynila,Menila,ma ni la,manila,manilla,manira,manyl,manyla,mnila,mnylh,myanila,Μανίλα,Манилæ,Манила,Маніла,מנילה,مانىلا,مانيلا,مانیل,مانیلا,मनिला,मनीला,ম্যানিলা,மணிலா,ಮನಿಲ,මැනිලා,มนิลา,มะนิลา,མ་ནི་ལ།,မနီလာမြို့,მანილა,ማኒላ,マニラ,馬尼拉,马尼拉,마닐라",14.6042,120.9822,P,PPLC,PH,,NCR,133900000,133905000,,1600000,,13,Asia/Manila,2025-09-16,Philippines,AS,Other Asia,44,47,47,50,367,19.793713,12.10793,13.115775,14.35753,22.976114,20.992336,30.473612,17.59812,30.75134,19.04125,22.099596,15.52514,18.124731,0.39181653
1703417,Makati City,Makati City,"Makati,Makati City,Макати",14.55027,121.03269,P,PPLA2,PH,,NCR,137600000,137602000,,510383,,25,Asia/Manila,2026-09-14,Philippines,AS,Other Asia,45,48,47,50,353,11.679335,6.362769,6.966816,7.0150547,11.481807,10.080646,17.671944,12.073521,23.057531,12.566529,12.6365595,10.382778,9.573791,0.3263514
1707174,Las Piñas,Las Pinas,"City of Las Pinas,City of Las Piñas,Las Pinas,Las Piñas,Лас Пинас",14.45056,120.98278,P,PPLA3,PH,,NCR,137600000,137601000,,615549,,17,Asia/Manila,2026-09-14,Philippines,AS,Other Asia,38,41,47,50,352,14.766984,11.491264,11.918155,12.163844,17.497362,14.323119,16.492224,10.090994,18.961426,14.801389,18.429838,14.550417,16.345966,0.3329948
1713022,General Santos,General Santos,"Dadiangas,Dakbayan sa General Santos,GES,GenSan,General Santos City,General Santos Lakanbalen,General-Santos,Heneral Santos,Kota General Santos,Siyudad na Heneral Santos,jeneoleolsantoseu,jnral santws,jnrl santws,san tou si jiang jun shi,Генерал-Сантос,جنرال سانتوس,جنرل سانتوس,ジェネラル・サントス,三投斯將軍市,제너럴산토스",6.11278,125.17167,P,PPL,PH,,12,70,126303000,,722059,,22,Asia/Manila,2026-06-23,Philippines,AS,Other Asia,0,0,0,0,239,10.717121,8.885887,9.250596,10.203091,13.958334,13.485887,13.0929165,12.290055,11.488978,9.808056,7.535215,8.665973,9.8842745,0.29184446
1715348,Davao,Davao,"Ciudad ti Davao,DVO,Dakbayan sa Davao,Davaa,Davao,Davao City,Davao Lakanbalen,Davao Stad,Davaó,Lungsod ng Dabaw,Syudad han Davao,da wo shi,dabao,dabha'o,dafaw,dava'o,davawo,dawaw,dawayw syty,dbʼw syty,Даваа,Давао,דבאו סיטי,دافاو,داواؤ,داوائو سیتی,داواو,दवाओ,দাভাও,ਦਾਵਾਓ,ዳቫዎ,ダバオ,达沃市,다바오",7.07306,125.61278,P,PPLA,PH,,11,25,112402000,,1848947,,13,Asia/Manila,2026-04-14,Philippines,AS,Other Asia,0,0,0,0,262,11.472467,8.92043,8.757887,9.631585,10.82764,13.292068,16.046665,14.530915,13.679436,12.839444,10.840861,9.662223,8.490188,0.252432
1717512,Cebu City,Cebu City,"CEB,Cebo,Cebu,Cebu City,Cebu Sehri,Cebu Shahri,Cebu Şehri,Cidade de Cebu,City of Cebu,Ciudad de Cebu,Ciudad de Cebú,Dakbayan sa Sugbo,Garin Cebu,Jiji la Cebu,Kota Cebu,Magaalaa Cebu,Magaalada Cebu,Sebu,Sebu Shakhary,Sebu Shəһəre,Sebu Səhəri,Sebu kˌalasy,Sebu Şəhəri,Shakhri Sebu,mdynt sybw,sebu,sebu ketema,sebu sahara,sebu sahira,sebu shi,shhr sbw,sybw shہr,sybw sˌar,Себу,Себу Шахары,Себу Шәһәре,Себу қаласы,Шахри Себу,سیبو شہر,سیبو ښار,شهر سبو,مدينة سيبو,सेबु शहर,সেবু শহর,ਸੇਬੂ ਸ਼ਹਿਰ,ሴቡ ከተማ,セブ市,세부",10.31672,123.89071,P,PPLA,PH,,07,21,072217000,,965332,,37,Asia/Manila,2026-04-14,Philippines,AS,Other Asia,0,0,0,0,294,6.5239363,4.9272857,5.721577,5.9395156,6.7426386,6.495296,9.109446,9.241264,8.80578,6.6947227,5.168951,5.181945,4.233871,0.23760761
1720151,Caloocan,Caloocan,"Caloocan,Caloocan City,Kalookan,Kalukan,Lungsod ng Caloocan,jia luo kan,kallokan,karokan,qlwʼwqn,Калоокан,Калукан,קלואוקן,カローカン,加洛坎,칼로칸",14.64953,120.96788,P,PPLA2,PH,,NCR,137500000,137501000,,1712945,,6,Asia/Manila,2026-01-09,Philippines,AS,Other Asia,44,46,51,54,367,19.793713,12.10793,13.115775,14.35753,22.976114,20.992336,30.473612,17.59812,30.75134,19.04125,22.099596,15.52514,18.124731,0.39181653
1720681,Calamba,Calamba,"Calamba,Calamba City,Calamba Lakanbalen,Calambá,Kalamba,Kota Calamba,Urbs Calamba,ka lan ba,kalaba,kalamba,kalamba  lagwna,kalaምba,kallamba,karanba,Каламба,كالامبا,کالامبا,کالامبا، لاگونا,कलम्बा,কালাম্বা,ਕਾਲੰਬਾ,ካላምባ,カランバ,卡兰巴,칼람바",14.21167,121.16528,P,PPLA,PH,,40,33,043405000,,575046,,16,Asia/Manila,2026-04-14,Philippines,AS,Other Asia,1,1,33,36,353,11.679335,6.362769,6.966816,7.0150547,11.481807,10.080646,17.671944,12.073521,23.057531,12.566529,12.6365595,10.382778,9.573791,0.3157697
1721080,Cagayan de Oro,Cagayan de Oro,"CGY,Cagayan de Oro,Cagayan de Oro City,Cagayan de Oro Lakanbalen,Cagayán de Oro,Dakbayan sa Cagayan de Oro,Kagajan de Oras,Kagajan-de-Oro,Lungsod ng Cagayan de Oro,ka jia yan de ao luo,kagayande-olo,Кагаян-де-Оро,カガヤン・デ・オロ,卡加延德奥罗,카가얀데오로",8.48222,124.64722,P,PPLA2,PH,,10,43,104305000,,741617,,8,Asia/Manila,2025-09-24,Philippines,AS,Other Asia,0,0,0,0,271,11.934061,9.315862,9.281548,12.234006,15.819169,14.934948,15.68236,17.32796,12.838442,10.643888,8.405914,8.205278,8.347043,0.25024536
1723510,Budta,Budta,"Budta,Будта",7.20417,124.43972,P,PPL,PH,,14,MGN,153834000,,1273715,,4,Asia/Manila,2026-09-14,Philippines,AS,Other Asia,0,0,0,0,261,18.510887,16.01438,18.370535,21.481047,25.957085,26.424192,24.501528,19.004707,16.21989,13.854582,11.62473,12.719722,16.04113,0.20112123
1730501,Antipolo,Antipolo,"Antipolo,Antipolo City,Антиполо",14.62578,121.12251,P,PPLA2,PH,,40,53,045802000,,913712,,23,Asia/Manila,2026-09-14,Philippines,AS,Other Asia,44,47,45,48,368,12.320636,6.154838,6.7837796,7.511828,11.872361,11.207124,21.90472,15.6875,24.47043,12.701945,11.840996,8.839584,8.531451,0.3263514
1978681,Malingao,Malingao,"Malingao,Малингао",7.16083,124.475,P,PPL,PH,,12,57,124709000,,1121974,,5,Asia/Manila,2026-09-14,Philippines,AS,Other Asia,0,0,0,0,261,18.510887,16.01438,18.370535,21.481047,25.957085,26.424192,24.501528,19.004707,16.21989,13.854582,11.62473,12.719722,16.04113,0.20112123
7290466,Pasig City,Pasig City,"Pasig,Пасиг",14.58691,121.0614,P,PPLA2,PH,,NCR,137400000,137403000,,853050,,63,Asia/Manila,2026-09-14,Philippines,AS,Other Asia,45,48,46,49,353,11.679335,6.362769,6.966816,7.0150547,11.481807,10.080646,17.671944,12.073521,23.057531,12.566529,12.6365595,10.382778,9.573791,0.3263514
1164408,Sukkur,Sukkur,"SKZ,Sukkur,Sukur,Sukuras,Szukkur,Szukkúr,sakhkhara,sakkaru,skr,skr  pakstan,su ku er,sukuleu,Суккур,Сукур,سکر,سکر، پاکستان,سکھر,सख्खर,サッカル,蘇庫爾,수쿠르",27.70323,68.85889,P,PPLA2,PK,,05,1164407,,,563851,,72,Asia/Karachi,2025-02-04,Pakistan,AS,South Asia,0,0,0,0,628,46.714725,76.876335,47.715332,37.23938,37.259586,34.015182,34.272778,37.403496,35.31438,24.232084,44.470165,66.78083,84.30953,0.58451885
1164909,Sialkot,Sialkot,"SKT,Sialkot,Sialkotas,Sialkote,Sijalkot,Sijalkoto,ciyalkot,shiarukoto,si'alakota,sialkoteu,siyalakota,syalkwt  pakstan,syalkwٹ,syʼlqwt,xi ya er ke te,Σιαλκότ,Сиалкот,Сиялкот,Сијалкот,Сіялкот,סיאלקוט,سيالکوټ,سیالکوت، پاکستان,سیالکوٹ,सियालकोट,শিয়ালকোট,ਸਿਆਲਕੋਟ,சியால்கோட்,സിയാൽകോട്ട്,シアールコート,锡亚尔科特,시알코트",32.49268,74.53134,P,PPLA2,PK,,04,1164908,,,911817,,250,Asia/Karachi,2025-05-08,Pakistan,AS,South Asia,0,19,0,28,790,64.172745,116.19583,65.37456,37.52043,37.019447,50.723648,51.589165,50.317867,48.05779,49.4932,64.781044,81.80945,116.12016,0.6371948
1165221,Shekhupura,Shekhupura,"Qila Sheikhupura,Sekhupura,Sheikhu Pura,Sheikhupura,Sheikkhupura,Shekhupura,Shekkhupura,ceykkuppura,sekhupura,shykhwpwra,shykhwpwrh,shykhwpwrh  pakstan,xie hu bu er,Śekhupura,Шеикхупура,Шекхупура,شيخوپوره,شیخوپورا,شیخوپوره، پاکستان,شیخوپورہ,ਸ਼ੇਖ਼ੂਪੁਰਾ,சேய்க்குப்புரா,謝胡布爾",31.71287,73.98556,P,PPLA2,PK,,04,1165218,,,591424,,210,Asia/Karachi,2025-02-05,Pakistan,AS,South Asia,0,0,2,21,755,69.396065,125.741516,68.63944,41.606586,41.19569,59.18722,54.671253,50.598793,45.523117,39.641384,78.22701,103.33264,123.065315,0.70119125
1166000,Sargodha,Sargodha,"SGI,Sargoda,Sargodha,Sargodkha,sa ge da,saleugoda,saragodha,sarugoda,srgwdha,Саргода,Саргодха,سرگودها,سرگودھا,सरगोढा,ਸਰਗੋਧਾ,サルゴーダー,萨戈达,사르고다",32.08586,72.67418,P,PPLA2,PK,,04,1165999,,,975886,,187,Asia/Karachi,2025-02-04,Pakistan,AS,South Asia,0,0,0,0,774,69.7988,129.87634,73.23795,44.48535,39.518612,57.480923,54.84833,54.952015,46.44422,42.382637,76.3578,98.7568,118.16787,0.587375
1166547,Sahiwal,Sahiwal,"Sahiwal,Sakhivale,Sohiwal,Sōhiwāl,Сахивале",31.97386,72.33109,P,PPL,PK,,04,1165999,,,538344,,171,Asia/Karachi,2026-06-19,Pakistan,AS,South Asia,0,0,0,0,773,56.21251,94.88748,55.52931,34.31142,30.976252,49.498924,48.715824,49.401608,42.679165,36.66611,62.422714,77.17555,91.209404,0.5918369
1166548,Sahiwal,Sahiwal,"Montgomery,SWN,Sahivalas,Sahiwal,Sakhival,sa xi wa er,sahivala,sahywal,sahywal  pakstan,saہiwal,Сахивал,Сахівал,ساهيوال,ساهیوال، پاکستان,ساہِيوال,ساہیوال,साहिवाल,ਸਾਹੀਵਾਲ,薩希瓦爾",30.66595,73.10186,P,PPLA2,PK,,04,1166545,,,538344,,174,Asia/Karachi,2025-02-05,Pakistan,AS,South Asia,0,0,0,0,717,74.91677,151.33429,77.44628,43.778496,40.845142,58.070023,54.40999,47.8625,40.845436,36.763054,71.6672,118.50152,156.1364,0.6412535
1166993,Rawalpindi,Rawalpindi,"RWP,Ralalpindi,Ravalpindi,Ravalpindis,Ravalpindo,Ravalpindzi,Ravalpinti,Rawalpindi,Rawalpindî,Rávalpindí,Rāvalpindi,Rāwalpindi,iravalpinti,la wa er pin di,lawalpindi,ra'oyalapindi,ravalapidi,ravalapindi,ravalpyndy,rawa lpin di,rawarupindi,rawlbndy,rawlpndy,Ραβαλπίντι,Равалпинди,Равалпіндзі,Равалпінді,Ռավալպինդի,רוואלפינדי,راولبندي,راولپندی,راولپنڈی,راولپنڈی شہر,راولپنډي,راۋالپىندى,रावलपिंडी,रावळपिंडी,রাওয়ালপিন্ডি,ਰਾਵਲਪਿੰਡੀ,இராவல்பிண்டி,റാവൽപിണ്ടി,ราวัลปินดี,ラーワルピンディー,拉瓦尔品第,라왈핀디",33.59733,73.0479,P,PPLA2,PK,,04,1166991,,,3357612,,501,Asia/Karachi,2025-05-15,Pakistan,AS,South Asia,2,18,2,19,825,38.676003,49.654976,32.929466,24.526482,22.617498,34.85847,39.47444,40.238716,39.06855,36.06931,33.137497,50.56903,60.21883,0.49840847
1167460,Rahim Yar Khan,Rahim Yar Khan,"Bahim Yar Khan,RYK,Ragim Jar Khan,Rahim Jar Han,Rahim Jar Ĥan,Rahim Yar Khan,Rahimjar Khan,Rahimjarhan,Rahimyar Khan,Rahīmyār Khān,Rakhijar Khan,Rakhimujarkhan,la xi mu ya er han,rahima yara khana,rhym yar khan,rhym‌yarkhan  pakstan,Рагім Яр Хан,Рахимъярхан,Рахијар Хан,رحيم يار خان,رحیم یار خان,رحیم‌یارخان، پاکستان,रहीम यार ख़ान,拉希姆亞爾汗",28.41987,70.30345,P,PPLA2,PK,,04,1167458,,,517000,,85,Asia/Karachi,2025-02-04,Pakistan,AS,South Asia,0,0,0,0,646,43.90317,78.21988,47.66458,29.639647,26.229166,36.914238,32.48986,32.954834,30.597713,24.513336,45.430103,60.995136,80.54127,0.5054992
1167528,Quetta,Quetta,"Ketta,Kotah,Kueta,Kveta,Kveto,Kvetta,Kvéta,Kwatah,Kweta,Quetta,Shal,Shalkot,Shāl,Shālkot,UET,khewt ta,ko'ita,koyeta,kuetta,kui da,kuvetta,kuweta,kverra,kveta,kvetta,kweta,kwyth,Квета,Кветта,Куета,كويته,کوئٹہ,کوټه,کویته,क्वेटा,क्वेट्टा,কোয়েটা,ਕੋਇਟਾ,குவெட்டா,ക്വെറ്റ,ක්වේටා‍,เควตตา,კვეტა,ኩዌታ,クエッタ,奎達,퀘타",30.18414,67.00141,P,PPLA,PK,,02,1167527,,,1565546,,1683,Asia/Karachi,2026-04-14,Pakistan,AS,South Asia,0,12,0,12,688,22.34904,21.61021,19.699553,15.844892,18.83139,27.744755,24.068472,37.14194,29.956316,19.095419,19.671238,14.482916,19.36828,0.2751865
1168197,Peshawar,Peshawar,"PEW,Pesabar,Pesavar,Pesavara,Pesavaras,Pesavaro,Pesaver,Peschawar,Peshavar,Peshawar,Peshovar,Peshāwar,Pesjawar,Peszawar,Pexauar,Peŝavaro,Peşaver,Pešavar,Pešavaras,Pešāvara,Pişəvər,Péšávar,bai sha wa,byshawr,pecavar,pes war,pesa'oyara,pesavara,peshawaru,pesyawaleu,pshawr,pyshawr,Πεσαβάρ,Пешавар,Փեշավար,פשאוור,بيشاور,پشاور,پیشاور,پېشاۋار,پېښور,पेशावर,পেশাওয়ার,ਪੇਸ਼ਾਵਰ,பெசாவர்,പെഷവാർ,เปศวาร์,პეშავარი,ፔshawari,ፔሻዋር,ペシャーワル,白沙瓦,페샤와르",34.008,71.57849,P,PPLA,PK,,03,1168195,,,4758762,,340,Asia/Karachi,2026-04-14,Pakistan,AS,South Asia,1,14,1,14,839,38.915424,51.90242,34.147472,29.289919,23.84389,34.580917,37.61028,45.21828,37.95309,36.27819,33.84664,43.778057,57.61814,0.55239195
1168718,Okara,Okara,"Okara,Окара",30.81029,73.45155,P,PPLA2,PK,,04,7418888,,,533693,,181,Asia/Karachi,2025-02-05,Pakistan,AS,South Asia,0,0,0,0,718,74.48171,143.30136,74.34762,41.271374,42.70931,60.141262,56.501522,47.513706,41.157528,34.8975,74.175,120.51475,155.8398,0.6556587
1169607,Muzaffarābād,Muzaffarabad,"MFG,Muezəffərabad,Musaffarabad,Musaffarābād,Muzafarabad,Muzaffarabad,Muzaffarobod,Müzəffərabad,mujaphapharabada,mujhaphpharabada,muzafarabada,muzaffarabada,muzaffarabado,muzaፋrabadi,mzfr abad,mzfrabad,Музафарабад,Музаффарабад,مظفر آباد,مظفرآباد,मुज़फ़्फ़राबाद,मुझफ्फराबाद,মুজাফফারাবাদ,ਮੁਜ਼ੱਫ਼ਰਾਬਾਦ,ሙዛፋራባድ,ムザッファラバード",34.37002,73.47082,P,PPLA,PK,,06,1169606,,,725000,,739,Asia/Karachi,2026-04-14,Pakistan,AS,South Asia,0,0,0,0,853,21.525003,29.028217,23.238993,16.62164,15.402918,19.013712,24.650835,18.67567,18.720026,18.304443,17.405107,25.137363,32.183067,0.42287657
1169825,Multan,Multan,"MUX,Moultan,Multan,Multanas,Multano,mu er tan,multan,multana,murutan,mwltʼn,Μultan,Μουλτάν,Мултан,מולטאן,مُلتان,मुल्तान,ムルターン,木爾坦,물탄",30.19679,71.47824,P,PPLA2,PK,,04,1169821,,,2169915,,126,Asia/Karachi,2026-04-29,Pakistan,AS,South Asia,0,9,0,9,689,72.89079,140.70053,82.40222,47.02137,43.13181,53.445972,49.93528,45.9797,42.590725,34.379025,71.44516,113.90083,149.05768,0.5619585
1172451,Lahore,Lahore,"LHE,Lachori,Lahaur,Lahor,Lahora,Lahoras,Lahore,Lahorium,Lahoro,Lakhor,Lohur,Láhaur,Lâhore,Lāhaur,la h xr,la he er,lahaura,laholeu,lahor,lahora,lahori,lahwr,lakur,lwہwr,rahoru,Λαχόρη,Лахор,Լահոր,לאהור,لاهور,لاھور,لاھۆر,لاہور,لوہوٗر,لہور,लाहोर,लाहौर,লাহোর,ਲਹੌਰ,લાહોર,லாகூர்,లాహోర్,ಲಾಹೋರ್,ലാഹോർ,ลาฮอร์,ლაჰორი,ላሆር,ラホール,ラーホール,拉合尔,拉合爾,라호르",31.558,74.35071,P,PPLA,PK,,04,1172449,,,13004135,,216,Asia/Karachi,2026-04-14,Pakistan,AS,South Asia,2,22,2,23,756,68.646904,127.54074,70.430214,38.02433,40.041805,59.202023,54.201393,52.83589,47.26519,41.008606,70.6879,100.11319,121.31896,0.70052916
1174625,Kasur,Kasur,"Kansur,Kansūr,Kasur,Kasūr,Касур",31.11866,74.45025,P,PPLA2,PK,,04,1174623,,,510875,,213,Asia/Karachi,2025-02-05,Pakistan,AS,South Asia,0,1,1,18,739,78.055756,150.43466,83.551636,44.031048,48.867363,67.539375,60.736805,52.03683,46.03158,38.829304,78.43454,117.761665,147.46182,0.70944005
1174872,Karachi,Karachi,"Carachi,KHI,Karaaji,Karaces,Karachi,Karachy,Karaci,Karacio,Karacis,Karacsi,Karaczi,Karanchi,Karasi,Karatschi,Karatsi,Karatsji,Karatxi,Karaçi,Karaĉio,Karači,Karačis,Karačės,Karochi,Karáči,Karáčí,Karâchi,Karāchi,Karāči,Keraci,Keraçî,Kurrachee,Kurrachi,Kəraçi,ka la qi,ka ra ci,kalachi,karaaci,karacci,karachi,karachy,karaci,karatshy,ke la chi,krachy,kratshy,pechs,qrʼzy,Καράτσι,Карачи,Карачы,Карачі,Կարաչի,קאראטשי,קראצי,كاراتشى,كاراچى,كراتشي,کراچی,کراچۍ,کَرٲچی,کەراچی,ڪراچي,ކަރާޗީ,कराची,করাচী,কৰাচী,ਕਰਾਚੀ,કરાચી,କରାଚୀ,கராச்சி,కరాచీ,ಕರಾಚಿ,കറാച്ചി,การาจี,ཀ་ར་ཆི,ကရာချိမြို့,კარაჩი,ከራቺ,カラチ,カラーチー,卡拉奇,喀拉蚩,카라치",24.8608,67.0104,P,PPLA,PK,,05,,,,11624219,,8,Asia/Karachi,2026-04-14,Pakistan,AS,South Asia,1,19,1,19,564,29.18412,40.679436,29.258928,22.19691,23.136805,24.538578,26.630003,27.107126,24.120293,23.054308,31.504972,40.11472,37.75201,0.4213285
1175892,Jhang Sadr,Jhang Sadr,"Dzchang Sadaras,Dzhang-Sadar,Dzhang-Sadara,Dzhkhang-Sadr,Džchang Sadaras,Džhang-Sadara,Jhang,Jhang Marghiana,Jhang Marghiānā,Jhang Sadar,Jhang Sadr,Jhang-Maghiana,Jhang-Maghiāna,Maghiana,Maghiāna,Zan'nk Santar,cang sa dar,j'han catar,jam sadara,jang sadar,jang seda,jangh sdr,jhang sadar,jhanga sadara,zhang sa de er,Ζανγκ Σαντάρ,Джанг-Садар,Джханг-Садр,جانغ صدر,جھنگ صدر,झांग सदर,জাং সদর,ઝાંગ સદર,ஜ்ஹங் சடார்,జంగ్ సదర్,ಝಾಂಗ್ ಸದರ್,ජන්ග් සදර්,จาง ซาดาร์,ジャン・サダー,章萨德尔,장 세다",31.26981,72.31687,P,PPL,PK,,04,1175906,,,606533,,160,Asia/Karachi,2026-06-17,Pakistan,AS,South Asia,0,0,0,0,738,74.63094,146.22285,84.54643,46.261967,37.61,56.449463,54.59917,47.861958,43.876472,35.85986,75.65537,112.991684,152.7422,0.6300744
1176358,Jalalpur Pirwala,Jalalpur Pirwala,"Dzalalpur Pirwala,Dzhalalpur Piruala,Dźalalpur Pirwala,Jalalpur,Jalalpur Pirwala,Jalālpur Pīrwāla,jalalapura piravala,jlalpwr pyrwala,Джалалпур Пируала,جلالپور پیروالا,جلال‌پور پیروالا,ਜਲਾਲਪੁਰ ਪੀਰਵਾਲਾ",29.5051,71.22202,P,PPL,PK,,04,1169821,,,500000,,109,Asia/Karachi,2026-09-14,Pakistan,AS,South Asia,0,0,0,15,678,64.024475,121.36211,71.581696,41.04731,36.71917,47.365997,42.495552,41.59866,38.594753,30.811806,68.27702,97.99873,129.62138,0.5512984
1176615,Islamabad,Islamabad,"ISB,Islamabad,Islamabada,Islamabadas,Islamabade,Islamabadi,Islamabado,Islamahbad,Islamampant,Islàmabad,Islámábád,Islāmābād,Islāmābāda,Iszlamabad,Iszlámábád,aslam abad,isalamabada,iseullamabadeu,islamabad,islamabada,islamabadi,islamapat,isuramabado,xislamabad,yi si lan bao,yyslamabad,yyslamyabad,Îslamabad,İslamabad,Ισλαμαμπάντ,Ісламабад,Исламабад,Իսլամաբադ,איסלאמאבאד,איסלמבאד,إسلام آباد,ئىسلامئاباد,ئیسلاماباد,اسلام آباد,اسلام اباد,اسلام‌آباد,އިސްލާމްއާބާދު,इस्लामाबाद,ইসলামাবাদ,ਇਸਲਾਮਾਬਾਦ,ઇસ્લામાબાદ,ଇସଲାମାବାଦ,இஸ்லாமாபாத்,ಇಸ್ಲಾಮಾಬಾದ್,ഇസ്ലാമബാദ്,อิสลามาบัด,ཨི་སི་ལམ་བོ།,ისლამაბადი,ኢስላማባድ,イスラマバード,伊斯兰堡,伊斯蘭堡,이슬라마바드",33.72148,73.04329,P,PPLC,PK,,08,,,,601600,,579,Asia/Karachi,2019-09-05,Pakistan,AS,South Asia,2,18,2,19,825,38.676003,49.654976,32.929466,24.526482,22.617498,34.85847,39.47444,40.238716,39.06855,36.06931,33.137497,50.56903,60.21883,0.49840847
1176734,Hyderabad,Hyderabad,"Chainterampant,HDD,Haidarabad,Haidarabadas,Hajdarabad,Hajderabad,Hajderabado,Haydarabad,Haydarobod,Hiderabad,Hiderábád,Hyderabad,Hyderabad City,Hyderabad i Pakistan,Hyderâbâd,Hyderābād,Khajdarabad,Khajderabad,aitarapat,hai de la ba,haidarabad,haidarabada,haidarabadi,haidelabadeu,haiderabado,hydr abad,hydrabad,hydrabad  snڌ,Χαϊντεραμπάντ,Хайдарабад,Хајдерабад,היידראבאד,حيدر آباد,حيدرآباد، سنڌ,حیدرآباد,حیدرآباد، سندھ,हैदराबाद,हैदराबाद्,ਹੈਦਰਾਬਾਦ,ஐதராபாத்,ჰაიდარაბადი,ハイデラバード,海得拉巴,하이데라바드",25.39689,68.37718,P,PPLA2,PK,,05,1176733,,,1921275,,14,Asia/Karachi,2025-02-04,Pakistan,AS,South Asia,0,2,0,2,573,28.377668,46.129845,28.168901,20.750671,18.48625,23.046503,25.400692,25.510351,22.309813,19.869722,29.431587,38.869164,42.187233,0.50023353
1177654,Gujrat,Gujrat,"GRT,Gudzharat,Gudzhrat,Gudzrat,Gudžrat,Gujrat,gjrat,gujarata,Гуджарат,Гуджрат,Гуџрат,گجرات,गुजरात",32.5742,74.07542,P,PPLA2,PK,,04,1177651,,,574240,,237,Asia/Karachi,2025-05-08,Pakistan,AS,South Asia,0,0,0,28,789,61.119648,115.4715,55.070984,33.34301,32.21639,48.487362,47.632774,50.73818,46.911293,45.23875,61.578625,80.91751,114.00308,0.5475958
1177662,Gujranwala,Gujranwala,"Gajranvala,Gudzhranvala,Gudzranvala,Gudzranwala,Gudźranwala,Gudžranvala,Gujranvala,Gujranwala,Qucranvala,gu jie lan wa la,gujaranvala,gwg'rʼnwwʼlh,gwjranwalہ,Гайранвала,Гуджранвала,Гујранвала,גוג'ראנוואלה,گوجرانوالہ,गुजरांवाला,古杰兰瓦拉",32.15567,74.18705,P,PPLA2,PK,,04,1177658,,,2511118,,230,Asia/Karachi,2025-05-05,Pakistan,AS,South Asia,0,12,0,24,775,65.0123,117.96061,62.992256,38.89409,37.491386,54.97138,50.380688,50.19771,44.2551,41.645973,73.392876,94.692635,111.921234,0.6775244
1179400,Faisalabad,Faisalabad,"Faisalabad,Faisalabada,Faisalabado,Faisalābād,Faisalābāda,Fajsalabad,Feisalabadas,Fejsalabad,Feysəlabad,LYP,Lyallpur,Shah Faisalabad,faisarabado,fysl abad,pyyslʼbʼd,Файсалабад,Фейсалабад,Фејсалабад,פייסלאבאד,فيصل آباد,فیصل آباد,ファイサラバード,ファイサラーバード",31.41554,73.08969,P,PPLA2,PK,,04,1179399,,,3800193,,186,Asia/Karachi,2025-03-02,Pakistan,AS,South Asia,0,26,0,26,754,79.91539,154.27177,79.34702,48.836567,44.9,60.39785,57.69153,54.719627,47.886436,40.682217,84.81197,129.81612,154.06625,0.6665887
1180281,Dera Ismail Khan,Dera Ismail Khan,"DSK,Dera Ismail Khan,Dera-Ismail-Khan,Дера-Исмаил-Хан",31.83129,70.9017,P,PPLA2,PK,,03,1180282,,,763195,,177,Asia/Karachi,2026-09-14,Pakistan,AS,South Asia,0,0,0,0,772,43.812565,71.97245,41.719646,26.749325,24.186804,42.793552,41.44264,41.72231,36.79758,32.34236,46.176746,52.570133,66.27768,0.50903064
1180942,Chunian,Chunian,"Chunian,Chūniān,Kkhunian,chnyan,chwnyan,Кхуниан,تصیل چونیاں,چنيان,چونیان,چونیاں",30.96621,73.97908,P,PPL,PK,,04,1174623,,,634236,,195,Asia/Karachi,2026-09-14,Pakistan,AS,South Asia,0,0,0,2,719,74.6607,138.61478,77.6491,41.37688,47.54973,64.792206,60.265686,47.384953,43.156994,34.380417,76.23307,116.70068,146.83107,0.69691443
1183105,Battagram,Battagram,"Batagram,Batagrām,Batgram,Batgran,Batgrām,Batgrān,Battagram,Battagram City,Battagrām,Баттаграм",34.67719,73.02329,P,PPLA2,PK,,03,8224052,,,700000,,1031,Asia/Karachi,2026-09-14,Pakistan,AS,South Asia,0,0,0,0,873,16.132074,16.666397,15.186163,11.712095,11.9613905,16.225136,22.845835,17.721773,18.327686,16.692638,14.354167,14.79361,17.06344,0.36381015
1183460,Bannu,Bannu,"BNP,Bannu,Banu,ban'nu,bannu,Банну,بنوں,बन्नू,バンヌ,반누",32.98527,70.60403,P,PPLA2,PK,,03,1183459,,,1357890,,379,Asia/Karachi,2025-02-06,Pakistan,AS,South Asia,0,0,0,0,804,33.557777,47.36814,29.69122,20.014784,18.013334,36.244892,37.68819,40.82997,36.64328,29.351387,29.431322,31.732637,44.74718,0.42552677
1183880,Bahawalpur,Bahawalpur,"BHV,Bahawalpur,Bakhavalpura,Бахавалпура",29.39779,71.6752,P,PPLA2,PK,,04,1183876,,,903795,,121,Asia/Karachi,2025-02-04,Pakistan,AS,South Asia,0,15,0,15,667,49.045616,93.711006,50.82842,29.164385,30.204311,41.31774,38.78236,40.11627,36.168415,26.64486,48.309273,67.51846,84.88898,0.50044215
1184370,Arifwala,Arifwala,"Arifvala,Arifwala,Арифвала",30.29058,73.06574,P,PPL,PK,,04,7418850,,,854462,,159,Asia/Karachi,2026-09-14,Pakistan,AS,South Asia,0,0,0,0,706,79.233986,156.39772,82.82292,47.421906,45.742638,64.11277,58.27348,50.125664,44.300133,42.440273,74.017876,123.760155,160.23268,0.6811797
756135,Warsaw,Warsaw,"Barsobia,Paris of the North,Phoenix City,Varsa,Varsava,Varsavia,Varsavja,Varsawa,Varshava,Varshavae,Varsja,Varsjá,Varso,Varsova,Varsovia,Varsovie,Varsovio,Varssavi,Varsuva,Varsòvia,Varsó,Varsóvia,Varşava,Varşova,Varšava,Varšuva,Varșovia,Vársá,W-wa,WAW,Warsaw,Warsawa,Warschau,Warskou,Warszaw,Warszawa,Waršawa,Wawa,Wwa,baleusyaba,hua sha,varshava,vorso,warsw,warushawa,wrsh,wrshw,wrsw,wxrsx,Βαρσοβία,Варшавæ,Варшава,Վարշավա,Վարշաւա,ווארשע,ורשה,װאַרשע,وارسو,ورشو,ۋارشاۋا,ܘܪܣܘ,वॉर्सो,วอร์ซอ,ვარშავა,ዋርሶው,ワルシャワ,华沙,華沙,바르샤바",52.22977,21.01178,P,PPLC,PL,,78,1465,146501,,1702139,,113,Europe/Warsaw,2026-06-30,Poland,EU,Europe,10,16,11,20,1554,13.9659,15.619085,23.663393,20.476746,10.3,9.850672,12.050971,11.406855,9.6893835,10.097086,11.054435,17.686947,16.448925,0.21259038
3081368,Wrocław,Wroclaw,"Boroszlo,Boroszló,Brasloi,Brassel,Breslau,Breslava,Breslavia,Breslavl',Breslavl’,Breslu,Breslávia,Breslū,Bresslau,Breßlau,Prezlaw,Vratislav,Vratislavia,Vratislavie,Vroclau,Vroclav,Vroclava,Vroclavas,Vroclavo,Vrocuav,Vroklave,Vroslav,Vrotslav,Vruoclavs,WRO,Wroclaw,Wroclow,Wrocław,Wrocłow,Wroklaw,Wroslaw,Wrosław,Wrócław,beulocheuwapeu,bhrokalabha,birotisilavi,frwtswaf,fu luo ci wa fu,varosalava,viratscahp,vroslava,vrotsavapha,vrotslavi,vurotsuwafu,w rxtswaf,wrwslaf,wrwslaw,wrwtswaf,wrwzlb,Βρότσλαβ,Вроцлав,Вроцлаў,Պրեզլաւ,ברעסלוי,ורוצלב,فروتسواف,وروتسواف,وروسلاف,وروسلاو,ڤرۆتسواف,व्रोत्सवाफ,व्रोस्लाव,ভ্রোকলাভ,ਵਰੋਸਲਾਵ,விராத்ஸ்சாஃப்,วรอตสวัฟ,ვროცლავი,ብሮትስላቭ,ヴロツワフ,弗罗茨瓦夫,브로츠와프",51.10286,17.03006,P,PPLA,PL,,72,0264,026401,,672545,,115,Europe/Warsaw,2026-07-02,Poland,EU,Europe,2,2,3,3,1511,13.041873,12.337635,19.552677,19.23226,11.220556,9.331855,10.723472,11.043011,10.890994,9.400972,9.90336,15.744863,17.587097,0.1702757
3088171,Poznań,Poznan,"POZ,Po-tsu-nam,Posen,Posnania,Possen,Poznan,Poznan',Poznan' osh,Poznana,Poznane,Poznanj,Poznano,Poznany,Poznanė,Poznań,Poznańy,Poznaņa,Poznaň,Poznon,Poßen,Pòznóń,Pô-tsṳ-nàm,Pоznan,bo zi nan,bwznan,pajanana,phx snan,pocunan,pojeunan,pojhnana,pozanana,poznana,pozunan,pwyzn,pwznan,pwznn,Πόζναν,Познан,Познань,Познань ош,Познањ,Պոզնան,פוזנן,פויזן,بوزنان,پوزنان,پۆزنان,पोज़्नान,पोझ्नान,পজনান,ਪੋਜ਼ਨਾਨ,போசுனான்,พอซนาน,ཕྰོ་ཟོ་ནན།,პოზნანი,ፖዝnani,ፖዝናን,ポズナン,波茲南,포즈난",52.40692,16.92993,P,PPLA,PL,,86,3064,306401,,536151,,69,Europe/Warsaw,2026-06-21,Poland,EU,Europe,2,3,3,4,1552,13.51269,12.914381,23.761753,21.220566,12.349029,8.4,11.144583,10.568145,10.386157,8.7595825,9.56707,16.542778,17.360617,0.206502
3093133,Łódź,Lodz,"LCJ,Litzmannstadt,Lo-tsu,Lodz,Lodz',Lodz' osh,Lodza,Lodze,Lodzia,Lodzo,Lodzė,Lodž,Log,Loj,Lotz,Luc,Ludz,Luz,Lò-tsṳ,laja,lodzi,lorza,loza,loዝ,luo ci,luo zi,lwdz,lwډz,uchi,utchi,vutsa,wuch,wwch,wwdj,Łódź,Łůdź,Λοτζ,Лодз,Лодзь,Лодзь ош,Лођ,Лоѓ,Луӟ,Լոձ,לאדזש,לודז,لودز,لوډز,وودج,ووچ,लोड़्ज़,वूत्श,লজ,ਲੋਜ਼,วูช,ლოძი,ሎዝ,ウッチ,罗兹,羅茲,우치",51.77058,19.47395,P,PPLA,PL,,74,1061,106101,,639890,,214,Europe/Warsaw,2026-06-21,Poland,EU,Europe,2,2,3,3,1526,12.67332,13.3563175,20.057293,17.21761,10.57639,9.280914,11.04361,11.79664,9.902422,9.212778,10.242339,14.19514,15.730241,0.20491819
3094802,Kraków,Krakow,"Carcovia,Cracau,Cracaû,Cracovia,Cracovie,Cracow,Cracòvia,Cracóvia,KRK,Kraka,Krakau,Krakiv,Krakko,Krakkó,Krakobia,Krakoo,Krakov,Krakova,Krakovi,Krakovia,Krakovija,Krakovja,Krakovo,Krakow,Krakowo,Krakuw,Kraká,Krakòwò,Krakóvia,Kraków,Krakůw,Krakоv,Krokuva,ke la ke fu,keulakupeu,kirakweው,krako,krakova,kraku f,krakupha,krakw,krakwf,kurakufu,qrqwb,Κρακοβία,Кракаў,Краков,Краковия,Краків,Կրակով,קראקע,קרקוב,كراكوف,کراکو,کراکوف,क्राकूफ,क्राकोव,ক্রাকো,ਕ੍ਰਾਕੋ,กรากุฟ,ကရားကော့မြို့,კრაკოვი,ክራኮው,クラクフ,克拉科夫,크라쿠프",50.06143,19.93658,P,PPLA,PL,,77,1261,126101,,816614,,219,Europe/Warsaw,2026-06-21,Poland,EU,Europe,2,5,2,6,1469,23.063192,34.805378,35.462353,24.770027,17.028608,14.713981,14.883196,15.468683,14.070295,15.482362,16.590458,34.363194,39.98105,0.17092438
2267057,Lisbon,Lisbon,"Felicitas Julia,Felicitas Julia Olissipo,LIS,Liospoin,Liospóin,Lisabon,Lisabona,Lisboa,Lisbon,Lisbona,Lisbonne,Lisbono,Lisbonum,Lisimba,Lisimbã,Lissabon,Lisszabon,Lizboa,Lizbon,Lizbona,Lizpon,Olisipo,Olissipo,li si ben,lisabana,lisaboni,lisbana,lisbxn,liseubon,lshbwnt,lysabwn,lysbwn,risubon,Λισαβώνα,Лисабон,Лиссабон,Лісабон,Լիզպոն,Լիսաբոն,ליסבון,لشبونة,لىسابون,لیسبون,ܠܫܒܘܢܐ,लिस्बन,লিসবন,ลิสบอน,ལ་ས་བན།,ལི་སི་བཱོན།,ლისაბონი,ሊዝቦን,リスボン,里斯本,리스본",38.72509,-9.1498,P,PPLC,PT,,14,1106,,,517802,,68,Europe/Lisbon,2026-02-23,Portugal,EU,Europe,5,8,6,9,1056,8.950305,7.9981184,11.301637,6.7923393,8.557637,8.355243,11.001529,8.450672,12.245564,7.9830546,9.752688,6.853334,8.2940855,0.1596338
3439389,Asunción,Asuncion,"ASU,Asounsion,Asounsyon,Asounsyòn,Asounthion,Assumptio,Assuncao,Assuncion,Assunção,Asuncion,Asunciono,Asunción,Asuns'jon,Asuns'on,Asunsaun,Asunsion,Asunsjon,Asunsjona,Asunsjonas,Asunson,Asunsyon,Asunsyun,Asúnsjón,Gunung Berapi Asuncion,La Muy Noble y Leal Ciudad de Nuestra Senora Santa Maria de la Asuncion,La Muy Noble y Leal Ciudad de Nuestra Señora Santa María de la Asunción,Nuestra Senora Santa Maria de la Asuncion,Nuestra Señora Santa María de la Asunción,Paraguay,acunciyon,asnshn,asunshion,asunsion,asunsioni,asunsiyona,asusi'ona,aswnsywn,xa sun si xxng,ya song sen,Ασουνθιόν,Ασουνσιόν,Асунсион,Асунсьйон,Асунсьон,Асунсьён,Ասունսյոն,אסונסיאן,אסונסיון,آسونسیون,أسونسيون,ئاسۇنسىئون,اسنشن,اسونسیون,आसुन्सियोन,ਅਸੂੰਸੀਓਨ,அசுன்சியோன்,ಅಸೂನ್‌ಸಿಯಾನ್,อะซุนซิออง,ཨ་སུན་སི་འན།,ასუნსიონი,አሱንሲዮን,アスンシオン,亞松森,아순시온",-25.28646,-57.647,P,PPLC,PY,,22,0000,00001005,,1482200,,113,America/Asuncion,2019-09-05,Paraguay,SA,South America,1,1,1,1,78,9.104136,9.8380375,7.37872,9.819893,10.91125,6.8749995,8.717638,11.100001,10.855511,8.182917,8.42527,8.351528,8.618684,0.12887187
683506,Bucharest,Bucharest,"BUH,Boekarest,Boukouresti,Bucarest,Bucaresta,Bucareste,Bucarèst,Bucharest,Bucuresti,Bucureşti,București,Buekres,Bukarest,Bukaresta,Bukarestas,Bukareste,Bukaresto,Bukareszt,Bukareŝto,Bukarešta,Bukareštas,Bukharehst,Bukharest,Bukureshh,Bukuresht,Bukureshta,Bukureshti,Bukurest,Bukureşt,Bukurešt,Bukurešť,Buxarest,Búkarest,Bûkarest,Bûkareşt,Bükreş,bkharst,bu jia lei si te,bukaresuto,bukulesyuti,bwkharst,bwqrst,Βουκουρέστι,Букурешт,Букурещ,Бухарест,Бухарэст,Բուխարեստ,בוקאַרעשט,בוקרשט,بخارست,بوخارست,بۇخارېست,པུ་ཁ་རེ་སིད,ბუქარესტი,ቡካረስት,ブカレスト,布加勒斯特,부쿠레슈티",44.43225,26.10626,P,PPLC,RO,,10,179132,11055044,,1877155,,83,Europe/Bucharest,2026-01-09,Romania,EU,Europe,15,22,15,22,1253,15.707842,23.55,26.420536,16.629435,10.2381935,9.881855,12.045556,10.146102,8.221236,8.634583,15.364381,23.420834,24.704168,0.18359222
792680,Belgrade,Belgrade,"BEG,Belehrad,Belgrad,Belgrada,Belgradas,Belgrade,Belgrado,Belgradu,Belgrau,Belgrað,Belgrád,Belgráu,Beligradi,Belogradum,Belohrod,Belqrad,Beograd,Beogradi,Beogrado,Bjalgrad,Bèlgrade,Bělehrad,Běłohród,Bѣlu Gradu,Nandorfehervar,Nándorfehérvár,Singidunum,be-ogeuladeu,bei er ge lai de,belagreda,belgradi,beogurado,blghrad,blgrd,pelkiret,Βελιγράδι,Белград,Београд,Бялград,Бѣлъ Градъ,Բելգրադ,בלגרד,بلغراد,بېلگراد,बॅलग्रेड,பெல்கிறேட்,ბელგრადი,በልግራድ,ベオグラード,贝尔格莱德,베오그라드",44.80401,20.46513,P,PPLC,RS,,SE,0,,,1273651,,120,Europe/Belgrade,2026-01-15,Serbia,EU,Europe,32,34,43,45,1262,19.557838,32.09033,27.324255,21.16102,17.62139,15.123386,15.283332,12.106451,11.741938,13.551669,15.715996,22.065,31.347582,0.19477628
468902,Yaroslavl,Yaroslavl,"Giaroslavl,IAR,Iaroslavia,Iaroslavl,Jaraslaul',Jaroslav,Jaroslavelj,Jaroslavl,Jaroslavl',Jaroslavl' osh,Jaroslavla,Jaroslavle,Jaroslavlis,Jaroslavlj,Jaroslavul,Jaroslavļa,Jaroslavľ,Jaroslaw,Jaroslawl,Jaroszlavl,Jarosław,Yaroslavl,iaroslavli,ya luo si la fu er,ya ro sla fl,yaloseullabeul,yaroslava,yarosuravuri,yarwslafl,yarwslawl,yrwslbl,Γιαροσλάβλ,Јарослав,Јарослављ,Јарославље,Яраслаўль,Ярославль,Ярославль ош,Ярославъл,Յարոսլավլ,ירוסלבל,ياروسلافل,یاروسلاول,यरोस्लाव,यारोस्लाव,ยาโรสลาฟล์,იაროსლავლი,ヤロスラヴリ,雅罗斯拉夫尔,야로슬라블",57.62987,39.87368,P,PPLA,RU,,88,,,,608722,,103,Europe/Moscow,2025-06-21,Russia,EU,Europe,0,0,0,0,1649,7.7849765,4.3782253,7.561012,9.34449,7.497916,9.619893,13.94264,8.901748,8.824194,5.5183334,8.842473,5.5655565,3.4462364,0.19813235
472045,Voronezh,Voronezh,"VOZ,Voronej,Voronejo,Voronez,Voroneza,Voronezas,Voronezh,Voronezhskaja oblast',Voronezj,Voroneĵo,Voronež,Voronežas,Voronjez,Voronjež,Voroněž,Voroņeža,Woronesch,Woronesh,Woronez,Woroneż,bolonesi,vuoroneji,Воронеж,Воронежская область,ヴォロネジ,보로네시",51.66833,39.19204,P,PPLA,RU,,86,,,,1047549,,148,Europe/Moscow,2025-09-09,Russia,EU,Europe,0,0,0,0,1527,8.898743,6.6060486,7.928572,9.513038,9.794861,8.6182785,14.773054,8.964382,10.118281,6.867638,8.147447,10.097638,5.453361,0.20746426
472757,Volgograd,Volgograd,"Caricin,Caricyn,Estalingrado,Stalingrad,Stalingrado,Staljingrad,Tsaritsyn,VOG,Valgagrad,Vl'gogradu,Volgograd,Volgograda,Volgogradas,Volgogrado,Volgogradum,Volgográd,Volnkonkrant,Volqoqrad,Wolgograd,Wołgograd,Zarizyn,bolgogeuladeu,fu er jia ge lei,fwlghwghrad,fwljwjrad,volagagarata,volgograda,volgogradi,volkokirat,vuorugogurado,wlgwgrad,wwlgw grad,wwlgwgrad,wwlgwgrd,wxl kok rad,Βόλγκογκραντ,Аһш балһсн,Валгаград,Вльгоградъ,Волгоград,Сталинград,Стаљинград,Царицин,Царицын,Վոլգոգրադ,וולגוגרד,فولجوجراد,فولغوغراد,ولگوگراد,وولگو گراد,وولگوگراد,ڤۆڵگۆگراد,वोल्गोग्राद,ਵੋਲਗਾਗਰਾਤ,வோல்கோகிராட்,වොල්ගාග්‍රාද්,วอลโกกราด,စတာလင်ဂရက်မြို့,ვოლგოგრადი,ヴォルゴグラード,伏尔加格勒,伏爾加格勒,볼고그라드",48.71378,44.4976,P,PPLA,RU,,84,,,,1013533,,42,Europe/Volgograd,2025-09-09,Russia,EU,Europe,0,0,0,0,1425,9.282955,7.4227147,7.215179,9.240995,9.184723,7.539248,14.097361,10.425672,9.069623,6.971389,8.969758,14.000277,7.2881727,0.14495705
479123,Ulyanovsk,Ulyanovsk,"Chemper,Oeljanofsk,Oeljanovsk,Oulianofsk,Oulianovsk,Oulyanovsk,Owlyanovsk,Sember,Simbir,Simbirsk,Sinbirsk,ULY,Ul'janausk,Ul'janon' osh,Ul'janovs'k,Ul'janovsk,Ul'sk,Ul'yanovsk,Ulanovsk,Ulianovsk,Uliànovsk,Uliánovsk,Uljanovsk,Uljanovska,Uljanovskas,Uljanovsko,Uljanovszk,Uljanowsk,Uljanowska am Wolga,Ulyanovsk,Ul’yanovsk,Uļjanovska,alyanwwsk,awlyanwfsk,awlyanwwsk,uliyanobhaska,ulliyanobseukeu,ulyanovska,uriyanofusuku,wu li yang nuo fu si ke,Ουλιάνοφσκ,Оулиꙗновьскъ,Сембер,Синбирск,Сімбір,Ульск,Ульянаўск,Ульяновск,Ульяновськ,Ульянонь ош,Уляновск,Улјановск,Уљановск,Чĕмпĕр,Ուլյանովսկ,אוליאנובסק,أوليانوفسك,الیانووسک,اولیانوفسک,اولیانووسک,उल्यानोव्स्क,উলিয়ানোভস্ক,ウリヤノフスク,乌里扬诺夫斯克,울리야놉스크",54.32824,48.38657,P,PPLA,RU,,81,479105,,,626540,,176,Europe/Ulyanovsk,2022-10-16,Russia,EU,Europe,0,0,0,0,1601,7.579499,4.502285,4.9389877,8.080241,9.13486,7.893682,14.465971,7.678225,9.5115595,6.0790277,8.260484,6.072222,4.256182,0.20870169
479561,Ufa,Ufa,"Ephu,Oefa,Oufa,Ouffa,Owfa,UFA,Uf,Ufa,Uffa,Ufà,Ufá,Ufа,Upo,awfa,ufa,upa,wu fa,Ĕпхӳ,Оуфа,Уфа,Үpү,Үпү,Үфі,Өфө,Ӱпӧ,Ուֆա,אופה,أوفا,اوفا,ऊफ़ा,უფა,ウファ,烏法,우파",54.74306,55.96779,P,PPLA,RU,,08,,,,1120547,,158,Asia/Yekaterinburg,2026-08-24,Russia,EU,Europe,0,0,0,0,1608,8.466555,4.929838,6.6008935,10.691261,10.712084,6.8400545,13.276249,9.006586,10.423387,8.04,7.094759,7.387083,6.5948925,0.2144197
482283,Tolyatti,Tolyatti,"Stavropol',Stavropol’,Stawropol,Tal'jaci,Togliatti,Togliatti-on-the-Volga,Togliattigrad,Tol'jatti,Tol'jatti osh,Tol'yatti,Tolati,Toliati,Toliatti,Toljati,Toljatis,Toljatti,Tolyati,Tolyatti,Tol’yatti,tao li ya di,tolliyati,toriyatchi,twlyaty,tʼoliatʼi,Τολιάττι,Ставрополь,Тальяці,Толиати,Тольятти,Тольятти ош,Тољати,Տոլյատի,تولياتي,تولیاتی,ტოლიატი,トリヤッチ,陶里亚蒂,톨리야티",53.5303,49.3461,P,PPL,RU,,65,,,,702879,42,92,Europe/Samara,2022-09-17,Russia,EU,Europe,0,0,0,0,1588,8.32218,5.355512,6.026786,8.121371,9.081806,8.162769,14.624307,8.711695,10.414381,7.1055555,9.466936,7.4154162,5.316801,0.20791939
498677,Saratov,Saratov,"ISaratov,RTW,Saratau,Saratof,Saratov,Saratov osh,Saratova,Saratovas,Saratovia,Saratovu,Saratow,Saratu,Saratuovs,Saratów,Saretow,Sarytau,Saràtov,Sarátov,Szaratov,sa la tuo fu,salatopeu,saratabha,saratofu,saratova,saratovi,saratwf,srataf,srʼtwb,Σαράτοφ,Сарăту,Саратаў,Саратов,Саратов балһсн,Саратов ош,Саратовъ,Сарытау,Һарытау,Սարատով,סראטוב,ساراتوف,ساراٹوف,سراتاف,सारातोव,সারাটভ,ਸਾਰਾਤੋਵ,სარატოვი,ሳራቶቭ,サラトフ,薩拉托夫,사라토프",51.54048,45.9901,P,PPLA,RU,,67,498661,,,844858,,80,Europe/Saratov,2026-04-14,Russia,EU,Europe,0,0,0,0,1528,9.734693,6.820026,7.835119,9.319086,10.980279,8.943683,15.545137,10.021102,10.845967,8.052083,11.271237,10.616805,6.583737,0.18909532
498817,Saint Petersburg,Saint Petersburg,"Agia Petroupole,Betuyrbukh,Cankt-Peterburg,LED,Leningrad,Leningrado,Lenjingrad,Lungsod ng Sankt-Peterburg,Peterburg,Peterburgo,Peterburi,Petersburg,Petrapilis,Petrograd,Petrogrado,Petrohrad,Petropolis,Petursborg,Pietari,Piiteri,Piter,Pétursborg,SPb,Saint Petersbourg,Saint Petersburg,Saint Pétersbourg,Saint-Petersbourg,Saint-Pétersbourg,San Petersburgo,San Pietroburgo,San Pietruburgu,Sankt Peitersbuerg,Sankt Peterburg,Sankt Peterburgas,Sankt Petersborg,Sankt Petersburg,Sankt Peterzburg,Sankt Péitersbuerg,Sankt-Peterburg,Sankt-Peterburgo,Sankt-Peterburq,Sankt-Petersburg,Sankti Petursborg,Sankti Pétursborg,Sanktpeterburga,Sanktpēterburga,Sant Petersburg,Sant Petersburgo,Sant-Petersbourg,Santa Peterburg,Sao Petersburgo,Sint Petersbork,Sint-Petersburg,St Petersburg,St. Petersburg,St.-Petersburg,Szentpetervar,Szentpétervár,São Petersburgo,leningeuladeu,sangteupeteleubuleukeu,sankt. peterburg,sankutopeteruburuku,sant btrsbrgh,seinteupiteojeubeogeu,seniti ፒterisiberiግ,sent pi te xrs beirk,senta pitarasabaraga,senta pitarsabarga,sheng bi de bao,sn ptrzbwrg,snqt ptrbwrg,synٹ pyٹrz brg,Αγία Πετρούπολη,Бетъырбух,Ленинград,Петербург,Петроград,Питер,СПб,Санкт Петербург,Санкт Петерзбург,Санкт-Петербург,Սանկտ Պետերբուրգ,סנקט פטרבורג,سانت بطرسبرغ,سن پترزبورگ,سینٹ پیٹرز برگ,सेंट पीटर्सबर्ग,সেন্ট পিটার্সবার্গ,ਸੇਂਟ ਪੀਟਰਸਬਰਗ,เซนต์ปีเตอร์สเบิร์ก,სანკტ-პეტერბურგი,სანქტ-პეტერბურგი,ሴንት ፒተርስበርግ,サンクトペテルブルク,圣彼得堡,聖彼得堡,레닌그라드,상트페테르부르크,세인트피터즈버그",59.93863,30.31413,P,PPLA,RU,,66,,,,5351935,,11,Europe/Moscow,2026-04-14,Russia,EU,Europe,0,0,0,0,1675,10.00877,7.039247,15.575149,9.506316,9.845417,10.015324,14.684164,9.272984,9.816936,7.545833,11.515456,9.048334,6.813844,0.19297417
499099,Samara,Samara,"KUF,Kuibyschew,Kuibyshev,Kujbyshev,Kuybyshev,Samar,Samar khot,Samar osh,Samara,Samarae,Samare,Samarga,Samaro,Samāra,Szamara,sa ma la,sa ma ra,samala,samara,smara,smara  rws,smarہ,smrh,Σαμάρα,Куйбышев,Самар,Самар ош,Самар хот,Самарæ,Самара,Самаре,Самарҕа,Һамар,Սամարա,סמרה,سامارا,سامارہ,سمارا,سمارا، روس,سمارہ,समारा,সামারা,ਸਮਾਰਾ,ซามารา,სამარა,ሳማራ,サマーラ,薩馬拉,사마라",53.20767,50.13553,P,PPLA,RU,,65,,,,1163399,,107,Europe/Samara,2026-04-14,Russia,EU,Europe,0,0,0,0,1575,10.051884,6.7534947,8.471726,11.43078,10.317499,9.1551075,16.135,10.5323925,11.508332,8.8226385,11.652286,9.047777,6.7754035,0.19649452
500096,Ryazan’,Ryazan',"RZN,Resania,Riazan,Riazań,Riazán,Rjasan,Rjazan,Rjazan',Rjazanj,Rjazaň,Ryazan,Ryazan',Ryazan’,liang zan,lyajan,ri'azana,riyajana,riyazani,ryazan,Рязань,ريازان,ریازان,रियाजान,রিয়াজান,ਰਿਆਜ਼ਾਨ,ሪያዛን,リャザン,梁赞,랴잔",54.62696,39.70415,P,PPLA,RU,,62,,,,538962,,124,Europe/Moscow,2026-04-14,Russia,EU,Europe,0,0,0,0,1607,8.50429,4.310752,7.508036,12.020566,10.1784725,8.862096,14.8175,9.200673,9.886424,6.5041676,7.4665327,6.5851383,4.7459683,0.22822323
501175,Rostov-on-Don,Rostov-on-Don,"Don umbalne Rostov,Dondaguy Rostov,Dondagy Rostov,Dondokhi Rostov,Doni Rostov,Donyn Rostov,ROV,Rastou-na-Done,Rostof aan die Don,Rostof epi tou Nton,Rostov,Rostov Don,Rostov Donal,Rostov Doni aeaeres,Rostov Doni ääres,Rostov aan de Don,Rostov de Don,Rostov del Don,Rostov do Don,Rostov na Don,Rostov na Donu,Rostov nad Donom,Rostov sopra-u-Donu,Rostov sul Don,Rostov tren song GJong,Rostov trên sông Đông,Rostov ved Don,Rostov-Don,Rostov-Donyl,Rostov-Tan-cinchi,Rostov-an-Don,Rostov-ar-Ddon,Rostov-na-Donu,Rostov-on-Don,Rostov-pe-Don,Rostov-sur-le-Don,Rostova pie Donas,Rostovas prie Dono,Rostovia ad Tanaim,Rostow,Rostow Am Don,Rostow am Don,Rostow na Donu,Rostow nad Donem,Rostow nad Donom,Rostòv de Dòn,Rostóv na Donú,Rostów nad Donem,Rosztov-na-Donu,Tyndagy Rostov,dun he pan luo si tuo fu,loseutopeunadonu,rastov-an-dan,rosatova-na-donu,rositovi-na-donu,rostabha-na-donu,rostova dona,rostova-nasa-donu,rwstwf-na-dwnw,rwstww na danw,rwsٹww-na-ڈwnw,Ροστόφ επί του Ντον,Дон ӱмбалне Ростов,Дон-тӀера-Ростов,Дондагъы Ростов,Дондағы Ростов,Дондохи Ростов,Донын Ростов,Растовъ на Донѣ,Растоў-на-Доне,Ростов,Ростов на Дон,Ростов на Дону,Ростов-Доныл,Ростов-Тан-çинчи,Ростов-на-Дону,Ростов-на-Дону балһсн,Тындагы Ростов,Դոնի Ռոստով,רוסטוב על הדון,روستوف-نا-دونو,روستوو نا دانو,روسٹوو-نا-ڈونو,रोस्तोव दॉन,रोस्तोव-नास-दोनु,রোস্তভ-ন-ডোনু,ਰੋਸਤੋਵ-ਨਾ-ਡੋਨੂ,ರಾಸ್ಟೊವ್-ಆನ್-ಡಾನ್,დონის როსტოვი,დონიშ როსტოვი,ሮስቶቭ-ና-ዶኑ,ロストフ・ナ・ドヌ,顿河畔罗斯托夫,로스토프나도누",47.21997,39.70769,P,PPLA,RU,,61,,,,1130305,,54,Europe/Moscow,2026-04-14,Russia,EU,Europe,0,0,0,0,1355,10.701778,10.002688,11.474999,13.9650545,9.916667,9.076344,14.119581,10.381854,9.108064,6.397917,8.250672,13.119029,12.707393,0.17872152
511196,Perm,Perm,"Molotov,PEE,Perem,Perm,Perm',Perma,Perme,Permia,Permjo,Permė,Perym,bi er mu,byrm,parama,parma,peiy rm,peleum,perumi,prm,pyrm,Περμ,Молотов,Перĕм,Перем,Перм,Пермь,Перым,Пєрмь,Պերմ,פרם,بيرم,پرم,پیرم,पर्म,পার্ম,ਪਰਮ,เปียร์ม,პერმი,ፔriም,ፔርም,ペルミ,彼尔姆,페름",58.01046,56.25017,P,PPLA,RU,,90,,,,982419,,149,Asia/Yekaterinburg,2026-04-14,Russia,EU,Europe,0,0,0,0,1650,6.819725,3.5431452,4.8983636,8.317473,9.018889,6.811693,12.3538885,7.8198924,8.897312,6.4258327,7.289381,2.9536116,3.4333336,0.20243272
511565,Penza,Penza,"PEZ,Pensa,Penz,Penza,Penza osh,Penzae,Penze,ben sa,bynza,penaja,penaza,penja,penza,pnza,pnzh,pynza,Πένζα,Пензæ,Пенза,Пенза балһсн,Пенза ош,Пензе,Պենզա,פנזה,بينزا,پنزا,پینزا,पेन्ज़ा,পেনজা,ਪੇਨਜ਼ਾ,ፔniza,ፔንዛ,ペンザ,奔萨,펜자",53.19568,45.01075,P,PPLA,RU,,57,,,,523553,,156,Europe/Moscow,2026-04-14,Russia,EU,Europe,0,0,0,0,1574,8.195175,4.791801,6.051339,8.202822,9.951526,7.8380375,15.144306,8.613576,10.113306,6.6797223,8.310617,7.498473,5.148522,0.22882941
515003,Orenburg,Orenburg,"Arehnburg,Arenpur,Chkalov,Oremburgo,Orenbourg,Orenburg,Orenburg osh,Orenburga,Orenburgas,Orenburgo,Orenburgum,Orenburq,Orunbor,Orynbor,REN,Tschkalow,ao lun bao,awrnbrg,awrnbrgh,awrnbwrg,awrynbwrgh,olenbuleukeu,orenabaraga,orenabarga,orenburgi,orenburuku,xo re nburk,yrymbur,yrynbur,Ăренпур,ʿoreniberiግ,Арэнбург,Оренбург,Оренбург ош,Орунбор,Орынбор,Чкалов,Ырымбур,Ырынбур,Օրենբուրգ,אורנבורג,أورنبرغ,أورينبورغ,اورنبرگ,اورنبورگ,ओरेनबर्ग,ওরেনবার্গ,ਓਰੇਨਬਰਗ,โอเรนบุร์ก,ორენბურგი,ኦሬንበርግ,オレンブルク,奥伦堡,오렌부르크",51.76712,55.09883,P,PPLA,RU,,55,,,,564773,,124,Asia/Yekaterinburg,2026-08-24,Russia,EU,Europe,0,0,0,0,1529,7.943929,5.1739254,4.766815,9.607124,9.196668,6.5012093,11.86389,9.57621,9.647849,8.439583,5.6275535,7.4933333,7.2938185,0.17460468
520555,Nizhniy Novgorod,Nizhniy Novgorod,"GOJ,Gor'kij,Gor'kiy,Gorkey,Gorki,Gorkii,Gorkij,Gorky,Nijni Novgorod,Nijnii Novgorod,Nischni Nowgorod,Nishni-Nowgorod,Nishnii Nowgorod,Nishnij Nowgorod,Nizhni Novgorod,Nizhni Novqorod,Nizhni Nóvgorod,Nizhnii Novgorod,Nizhnij Novgorod,Nizhniy Novgorod,Nizhny Novgorod,Nizjnij Novgorod,Nizni Novgorod,Niznij Nowgorod,Nižni Novgorod,Nižnij Nowgorod,Nyizsnyij Novgorod,nijhani nobhagoroda,nijhani novagoroda,nijini・novugorodo,nizani novagoroda,niዝhini novigorodi,nyjny nwfghwrwd,nyzhny nwwgwrd,nzہny nwwgwrڈ,Горький,Нижний Новгород,Нижній Новгород,نزہنی نووگورڈ,نيجني نوفغورود,نیژنی نووگورد,निज़नी नोवगोरोड,নিঝনি নোভগোরোড,ਨਿਝਨੀ ਨੋਵਗੋਰੋਡ,ኒዝህኒ ኖቭጎሮድ,ニジニ・ノヴゴロド",56.32867,44.00205,P,PPLA,RU,,51,,,,1259013,,141,Europe/Moscow,2026-06-20,Russia,EU,Europe,0,0,0,0,1635,9.071416,4.979839,9.8883915,10.585348,8.847361,9.634678,16.778196,10.028361,9.73387,6.9997225,8.720698,6.883611,5.9599466,0.2602107
523750,Naberezhnyye Chelny,Naberezhnyye Chelny,"Brezhnev,Jar Chally,Naberejnije Celni,Naberejnye Chelny,Nabereschnyje Tschelny,Naberezhnye Chelny,Naberezhnyye Chelny,Naberezjnye Tsjelny,Nabereznije Celni,Nabereznoje Tselno,Nabereznye Celny,Nabereznyje Celny,Nabereznyje Tselny,Nabereĵnije Ĉelni,Naberežnije Čelni,Naberežnye Čelny,Naberežnyje Tšelny,Naberežnyje Čelny,Naberežnõje Tšelnõ,Yar Calli,Yar Çallı,Yorcholli,Zhar-Chaldy,Zharshaldy,nabelejeuniyechelni,nabelejuniyechelni,Брежнев,Жар-Чалды,Жаршалды,Набережные Челны,Яр Чаллы,나베레주니예첼니,나베레즈니예첼니",55.73718,52.41961,P,PPLA2,RU,,73,480620,,,509870,,128,Europe/Moscow,2026-08-25,Russia,EU,Europe,0,0,0,0,1623,8.255992,5.197715,6.368899,10.963306,9.022364,7.915994,13.670833,8.454569,10.273253,7.975278,7.92164,6.046667,5.197849,0.2107895
524901,Moscow,Moscow,"MOW,Maeskuy,Maskav,Maskava,Maskva,Mat-xco-va,Matxcova,Matxcơva,Mosca,Moscfa,Moscha,Mosco,Moscou,Moscova,Moscovo,Moscow,Moscoƿ,Moscu,Moscua,Moscòu,Moscó,Moscù,Moscú,Moskva,Moska,Moskau,Mosko,Moskokh,Moskou,Moskov,Moskova,Moskovu,Moskow,Moskowa,Mosku,Moskua,Moskuas,Moskva,Moskvo,Moskwa,Moszkva,Muskav,Musko,Mát-xcơ-va,Mòskwa,Məskeu,Məskəү,masko,maskw,mo si ke,moseukeuba,mosko,mosukuwa,mskw,mwskva,mwskw,mwsqbh,mx s ko,Μόσχα,Мæскуы,Маскав,Масква,Москва,Москова,Москох,Москъва,Мускав,Муско,Мәскеу,Мәскәү,Մոսկուա,Մոսկվա,מאָסקװע,מאסקווע,מוסקבה,ماسکو,مسکو,موسكو,موسكۋا,ܡܘܣܩܒܐ,मास्को,मॉस्को,মস্কো,மாஸ்கோ,มอสโก,མོ་སི་ཁོ།,მოსკოვი,ሞስኮ,モスクワ,莫斯科,모스크바",55.75204,37.61781,P,PPLC,RU,,48,,,,10381222,,155,Europe/Moscow,2025-09-09,Russia,EU,Europe,0,0,0,0,1621,16.398466,10.211694,24.179167,20.466396,14.098748,14.520296,20.330694,16.876749,15.502553,13.570002,18.389652,16.365973,12.983064,0.24715102
532096,Makhachkala,Makhachkala,"Anzhi,GIjanzhi-Kuala,MCX,Machackala,Machaczkala,Machaczkała,Machatjkala,Machatsch-Kala,Machatschkala,Machatsjkala,Machačkala,Mag'achkuala,Mahackala,Mahackalao,Mahacqala,Mahatskala,Mahatškala,Mahaçqala,Mahačkala,Mahckale,Mahhatskala,Mahhatškala,Mahçkale,Majachkala,Majachkalá,MakhIachkhuala,Makhachkala,Makhachkˌala,Makhatchkala,Makhatsjkala,Makhatxkala,Makhatxkalà,Maĥaĉkalao,Petrovsk,Petrovsk-Port,mahacakala,mahachikalla,mahachikara,makacikala,makhacakala,makhachkala,makhatshkala,mhzqlh,Анжи,ГIянжи-Къала,Магьачкъала,МахIачхъала,МахІачхъала,Махачкала,Махачқала,מחצקלה,ماخاتشكالا,ماخاچکالا,महाचकाला,মাখাচকালা,ਮਾਖਾਚਕਾਲਾ,ማካችካላ,マハチカラ,마하치칼라",42.97782,47.50027,P,PPLA,RU,,17,,,,596356,,-10,Europe/Moscow,2026-04-14,Russia,EU,Europe,0,0,0,0,1194,9.813152,8.044893,8.420091,11.364651,8.496529,8.697716,11.478471,11.114785,12.746372,7.9086127,9.019488,12.989166,7.3944883,0.18871891
535121,Lipetsk,Lipetsk,"LPK,Lipec'k,Lipeck,Lipeck shaary,Lipecka,Lipeckas,Lipesk,Lipetk,Lipetsk,Lipezk,Lipețk,Lipieck,Lipjeck,Lípetsk,li pei ci ke,li pet skh,lipecheukeu,lipetasaka,lipetska,liፐtisiki,lpytsk,lybytsk,lyptsk,ripetsuku,Ļipecka,Липеск,Липецк,Липецк балһсн,Липецк шаары,Липецьк,Ліпецк,ليبيتسك,لپٹسک,لپیتسک,لیپتسک,لیپٹسک,लिपेत्स्क,লিপেৎস্ক,ਲਿਪੇਤਸਕ,ลีเปตสค์,ሊፐትስክ,リペツク,利佩茨克,리페츠크",52.5876,39.55151,P,PPLA,RU,,43,,,,509735,,156,Europe/Moscow,2026-04-14,Russia,EU,Europe,0,0,0,0,1556,9.023015,5.896237,7.941071,9.421103,10.2629175,8.852822,15.49486,9.154302,10.397178,6.837918,8.788846,9.413195,5.9018817,0.22184646
542420,Krasnodar,Krasnodar,"Ekaterinodar,KRR,Krasnodar,Krasnodara,Krasnotar,Novorosyisk,Yekaterinodar,ke la si nuo da er,keulaseunodaleu,kirasinodari,krasanodara,krasnodara,krasnwdar,kurasunodaru,qrsnwdr,Краснодар,Եկատերինոդար,Կրասնոտար,קרסנודר,كراسنودار,کراسنودار,क्रास्नोदर,ক্রাসনোদার,ਕ੍ਰਾਸਨੋਦਾਰ,ክራስኖዳር,クラスノダル,克拉斯诺达尔,크라스노다르",45.04534,38.98178,P,PPLA,RU,,38,,,,899541,,36,Europe/Moscow,2026-08-30,Russia,EU,Europe,0,0,0,0,1281,10.566588,11.0877695,11.935416,13.132123,8.662359,8.428091,12.186804,9.748387,7.7955656,7.0095825,8.561694,15.666806,12.757528,0.19041498
548408,Kirov,Kirov,"KVX,Khlynov,Kirau,Kirof,Kirov,Kirov i Kirov oblast,Kirova,Kirovas,Kirow,Kírov,Viatka,Vyatka,Wjatka,ji luo fu,kilopeu,kirobha,kirofu,kirova,kirovi,kyrwf,kyrwf  kyrwf awblast,kyrww,qyrwb,Киров,Кіраў,Кіров,Կիրով,קירוב,كيروف,کیروف,کیروف، کیروف اوبلاست,کیروو,किरोव,কিরোভ,ਕੀਰੋਵ,კიროვი,ኪሮቭ,キーロフ,基洛夫,키로프",58.59809,49.65783,P,PPLA,RU,,33,548394,,,507155,,179,Europe/Kirov,2026-04-14,Russia,EU,Europe,0,0,0,0,1655,6.3673053,2.5795698,4.908631,7.7705636,7.4127784,7.587768,13.005553,7.0892477,8.773387,5.4700007,6.485752,2.5195835,2.758468,0.18389891
551487,Kazan,Kazan,"Casanum,Caza,Cazã,KZN,Kaasan,Kasa,Kasan,Kasã,Kazan,Kazan',Kazan' osh,Kazana,Kazane,Kazani,Kazanj,Kazano,Kazanė,Kazan’,Kazań,Kazaņa,Kazaň,Kazán,Khuazan,Khusan,Kozan',Kuazan,Kuzon,Kˌazon,Qazan,Qozon,ka shan,kajan,kajana,kajhana,kazan,kazana,kazani,kha san,qazan,Καζάν,Казан,Казань,Казань ош,Казањ,Каꙁанъ,Козань,Кузон,Къазан,Озаҥ,Хусан,Хъазан,Қазан,Қазон,Ҡazan,Ҡазан,Կազան,קאזאן,قازان,كازان,کازان,कझान,काज़ान,কাজান,ਕਾਜ਼ਾਨ,คาซาน,ყაზანი,ካዛን,カザン,喀山,카잔",55.78874,49.12214,P,PPLA,RU,,73,862913,,,1243500,,61,Europe/Moscow,2026-04-14,Russia,EU,Europe,0,0,0,0,1622,8.430262,5.463845,7.0568457,10.151479,9.335139,9.12258,14.196944,8.100403,9.793414,7.1313887,8.744623,6.2411113,5.7951617,0.2171541
554840,Izhevsk,Izhevsk,"IJK,Ijevsk,Ischewsk,Ishewsk,Izevsk,Izevska,Izevskas,Izewsk,Izh,Izhau,Izhehusk,Izhevs'k,Izhevsk,Izhkar,Izjefsk,Izjevsk,Izsevszk,Iĵevsk,Iżewsk,Iževsk,Iževska,Iževskas,Ustinov,ayjyfsk,ayzhwsk,azhyfsk,azwsk,ijebseukeu,ijefusuku,ijhebhaska,ijhevasaka,ijhevaska,yi re fu si ke,yizhevisiki,İjevsk,ʼyzbsq,Ιζέβσκ,Іжевськ,Іжэўск,Иж,Ижау,Ижевск,Ижкар,איזבסק,إيجيفسك,ازوسک,اژیفسک,ایژوسک,इझेवस्क,ইঝেভস্ক,ਇਝੇਵਸਕ,იჟევსკი,ይዠቭስክ,イジェフスク,伊熱夫斯克,이젭스크",56.85225,53.19862,P,PPLA,RU,,80,,,,648213,,155,Europe/Samara,2026-04-14,Russia,EU,Europe,0,0,0,0,1641,7.293049,4.0818543,6.1165175,9.32688,9.015835,6.918817,12.3175,7.405645,9.876477,6.520139,7.4903226,4.3966665,4.0353494,0.21825753
580497,Astrakhan,Astrakhan,"ASF,Actarkhan,Ashhtehrkhuan,Ashttarkhan,Astarkhaan,Astiraxan,Astraca,Astracan,Astrachan,Astrachan',Astrachane,Astrachanum,Astrachanė,Astrachań,Astrachaň,Astrachán,Astracán,Astracã,Astrahan,Astrahana,Astrahano,Astrahaņa,Astrakan,Astrakhan,Astrakhan',Astrakán,Astraxan,Astraxon,Astraĥano,Asztrahan,Asztrahán,Həstərxan,Həştərxan,a si te la han,asatrakhana,aseuteulahan,astrakhan,astrakhana,astrkhan,astʼrakhani,asutorahan,Àstrakhan,Əsterkhan,ʼstrhn,ʿesitirakani,Άστραχαν,Аçтăрхан,Астархаан,Астрахан,Астрахань,Ашттархан,Ащтэрхъан,Әстерхан,Әәдрхн балһсн,Աստրախան,אסטרחן,آستراخان,أستراخان,استراخان,استرخان,आस्त्राख़ान,आस्त्राखान,অস্ট্রাখান,ਅਸਤ੍ਰਖਾਨ,အကစထရာကနမြ,အက်စထရာကန်မြို့,ასტრახანი,አስትራካን,アストラハン,阿斯特拉罕,아스트라한",46.34968,48.04076,P,PPLA,RU,,07,824964,,,533925,,-12,Europe/Astrakhan,2026-05-30,Russia,EU,Europe,0,0,0,0,1329,9.815912,8.785215,8.165626,15.682393,8.599721,7.7271504,10.749999,8.75578,10.346641,7.318611,9.945831,13.62,7.9673395,0.17513122
1486209,Yekaterinburg,Yekaterinburg,"Catharinoburgum,Ekaterimburgo,Ekaterinbourg,Ekaterinburg,Ekaterinburgo,Ekatěrinburg,Jekaterinburg,Jekaterinburga,Jekaterinburgas,Jekaterinenburg,Jekaterynburg,Jekatyerinburg,SVX,Sverdlovsk,Sverolovsk,Yekaterinburg,Yekaterinburq,ekaterinburuku,iyekaterinabarga,ye ka jie lin bao,yekatelinbuleukeu,yekaterinabaraga,yekaterinabarga,ykatrnbrg,ykatrynbrg,ykatrynbrj,yqtrynbwrg,ʿikateriniburiግ,Екатеринбург,Свердловск,יקטרינבורג,يكاترينبرج,یکاترنبرگ,یکاترینبرگ,येकातेरिनबर्ग,ইয়েকাটেরিনবার্গ,ਯੇਕਾਤੇਰਿਨਬਰਗ,ኢካተሪንቡርግ,エカテリンブルク,葉卡捷琳堡,예카테린부르크",56.85733,60.61529,P,PPLA,RU,,71,,,,1495066,,278,Asia/Yekaterinburg,2026-04-14,Russia,EU,Europe,0,0,0,0,1642,7.9550586,5.06008,6.8299108,9.013038,8.973889,7.8986554,13.257082,9.058469,10.0717745,8.648749,8.339248,3.5570836,4.728226,0.23853797
1488754,Tyumen,Tyumen,"Cjumen',TJM,Temen,Tioumen,Tiumen,Tiumene,Tiumenė,Tiumeń,Tiumén,Tjoemen,Tjumen,Tjumen',Tjumen' khot,Tjumena,Tjumenj,Tjumeno,Tjumeń,Tjumeņa,Tuemen,Tumen,Tumenum,Tyoumen,Tyumen,Tyumen',Tyumeny,Tyumen’,Tümen,Tүmen',chumeni,qiu ming,ti'umana,ti'umena,tiyumeni,tyumana,tyumen,tyumena,tywmn,tywmyn,Ťumeň,Тĕмен,Тюмен,Тюмень,Тюмень хот,Тјумењ,Түмен,Түмень,Түмэн,Төмән,Цюмень,טיומן,تيومين,تیومن,ٹywmn,ٹیومن,त्युमेन,त्यूमन,টিউমেন,ਟਿਊਮਨ,ቲዩመን,チュメニ,秋明,튜멘",57.15222,65.52722,P,PPLA,RU,,78,,,,768358,,81,Asia/Yekaterinburg,2026-04-14,Russia,EU,Europe,0,0,0,0,1645,6.93186,5.1916666,6.903423,7.111156,7.0975003,8.902017,12.238889,7.7840056,8.214113,5.6080556,5.838038,2.9356947,5.3599463,0.19661662
1489425,Tomsk,Tomsk,"TOF,Tom'sku,Tomck,Tomium,Toms'k,Tomsk,Tomska,Tomskaj,Tomskas,Tomszk,Tomçk,tamaska,tomasaka,tomseukeu,tomska,tomusuku,toምsiki,tuo mu si ke,twmsk,twmsq,Τομσκ,Томск,Томскай,Томськ,Томьскъ,Տոմսկ,טומסק,تومسك,تومسک,ٹmsk,ٹمسک,ٹومسک,तोम्स्क,টমস্ক,ਟੋਮਸਕ,ቶምስክ,トムスク,托木斯克,톰스크",56.50049,84.98216,P,PPLA,RU,,75,1489419,,,574002,,122,Asia/Tomsk,2026-04-14,Russia,EU,Europe,0,0,0,0,1636,6.6684604,4.2202954,5.8787208,8.93414,6.2777777,6.2540317,10.003056,10.130644,8.032258,5.5211115,6.164113,3.2420838,5.234273,0.21787934
1496153,Omsk,Omsk,"OMS,Om'sku,Omby,Omium,Oms'k,Omsc,Omsk,Omska,Omskas,Omsko,Omszk,Omva,amsk,awmsk,e mu si ke,omasaka,omaska,omseukeu,omska,omusuku,xxm skh,ʿoምsiki,Ομσκ,Омбы,Омва,Омск,Омськ,Омьскъ,Օմսկ,אומסק,أومسك,امسک,اومسک,ओम्स्क,ওমস্ক,ਓਮਸਕ,ออมสค์,ომსკი,ኦምስክ,オムスク,鄂木斯克,옴스크",54.99244,73.36859,P,PPLA,RU,,54,,,,1172070,,90,Asia/Omsk,2026-04-14,Russia,EU,Europe,0,0,0,0,1609,7.513149,5.5311823,5.592113,7.609946,6.583056,7.524866,13.273749,9.147312,8.97379,7.1670837,8.712231,4.289167,5.608064,0.22857818
1496747,Novosibirsk,Novosibirsk,"Cen Ceper,Nobosimpirsk,Novasibirsk,Novo-Nikolaevsk,Novo-Nikolaievsk,Novo-Nikolaïevsk,Novonikolaevsk,Novonikolayevsk,Novosibir,Novosibir'sku,Novosibirs'k,Novosibirscum,Novosibirsk,Novosibirska,Novosibirskaj,Novosibirskas,Novosibirsko,Novosimpirsk,Novossibirsk,Novoszibirszk,Nowosibirsk,Nowosibirski,Nowosybirsk,OVB,Odsibiren' osh,Vil' Sibirkar,no wo sibiskh,nobhosibiraska,nobosibileuseukeu,novosibirasaka,novosibirisiki,novosibirsk,novosibirska,novuoshibirusuku,nwbwsybyrsq,nwfwsybyrsk,nwwsybrsk,nwwsybyrsk,nwwwsbrsk,xin xi bo li ya,Çĕн Çĕпĕр,Νοβοσιμπίρσκ,Νοβοσιμπιρσκ,Виль Сибиркар,Новасібірск,Новониколаевск,Новосибирск,Новосибирскай,Новосибирьскъ,Новосибірськ,Новосібір,Одсибирень ош,Նովոսիբիրսկ,נובוסיבירסק,نوفوسيبيرسك,نووسیبرسک,نووسیبیرسک,نوووسبرسک,नोवोसिबिर्स्क,নোভোসিবিরস্ক,ਨੋਵੋਸਿਬਿਰਸਕ,โนโวซีบีสค์,ნოვოსიბირსკი,ኖቮሲቢርስክ,ノヴォシビルスク,新西伯利亚,新西伯利亞,노보시비르스크",55.02259,82.93175,P,PPLA,RU,,53,1496742,,,1612833,,113,Asia/Novosibirsk,2026-04-14,Russia,EU,Europe,0,0,0,0,1613,7.354496,5.190994,7.7519345,9.0293,7.234721,6.4333334,10.01847,10.191668,8.322178,6.349861,8.466936,3.860417,5.379571,0.24133109
1496990,Novokuznetsk,Novokuznetsk,"Cusnezia,Kuvnetsk,Kuznetsk,Kuznetsk-Sibirskiy,NOZ,Navakuzneck,Novokoeznetsk,Novokouznetsk,Novokusnetsk,Novokuznec'k,Novokuzneck,Novokuznecka,Novokuzneckas,Novokuznetk,Novokuznetsk,Novokuznețk,Novokuznjeck,Novokuznyeck,Novokuzněck,Novokuzņecka,Nowokoeznetsk,Nowokusnezk,Nowokuznieck,Nowokuźnieck,Stalinsk,nobokujeunecheukeu,novuokuzunetsuku,nwbwqwznzq,nwfwkwzntsk,nwwkwzntsk,xin ku ci nie ci ke,Νοβοκουζνέτσκ,Навакузнецк,Новокузнетск,Новокузнецк,Новокузнецьк,Новокузњецк,Сталинск,נובוקוזנצק,نوفوكوزنتسك,نووکوزنتسک,نووکوزنٹسک,ノヴォクズネツク,新库兹涅茨克,노보쿠즈네츠크",53.75752,87.13599,P,PPLA2,RU,,29,,,,539616,,213,Asia/Novokuznetsk,2025-04-15,Russia,EU,Europe,0,0,0,0,1589,20.24852,18.763037,32.84196,23.02433,15.205694,16.928629,23.000555,19.956453,17.811424,20.116526,26.545298,11.526668,18.120834,0.2234955
1502026,Krasnoyarsk,Krasnoyarsk,"KJA,Krasnodor,Krasnoiarsk,Krasnojar,Krasnojarsk,Krasnojarsko,Krasnoyarsk,Krasnoïarsk,Krsk,Kˌyzyltas,keulaseunoyaleuseukeu,kirasinoyarisiki,krasanoyarasaka,krasanoyarska,krasnoyarska,krasnwyarsk,kurasunoyarusuku,Краснодор,Краснояр,Красноярск,Қызылтас,كراسنويارسك,کراسنویارسک,क्रास्नोयार्स्क,ক্রাসনোয়ার্স্ক,ਕ੍ਰਾਸਨੋਯਾਰਸਕ,ክራስኖያርስክ,クラスノヤルスク,크라스노야르스크",56.03742,92.93136,P,PPLA,RU,,91,,,,1090811,,182,Asia/Krasnoyarsk,2026-04-14,Russia,EU,Europe,0,1,0,1,1629,8.471607,6.6732526,11.393005,10.555644,6.615278,8.369221,10.490277,10.276612,9.0443535,7.4084725,8.288036,4.0534716,8.602822,0.24468838
1503901,Kemerovo,Kemerovo,"KEJ,Kemer,Kemerava,Kemerova,Kemerovas,Kemerovo,Kemerovo khot,Kemerowo,Kèmerovo,Kémerovo,Shcheglovsk,ke mai luo wo,kemelobo,kemerobho,kemerovo,kemerovuo,kmrwf,kymrww,kymyrwfw,kymyrww,qmrwbw,Кемĕр,Кемерава,Кемерово,Кемерово хот,Կեմերովո,קמרובו,كيميروفو,کمروف,کیمروو,کیمیروو,केमेरोवो,কেমেরোভো,ਕੇਮੇਰੋਵੋ,ከሜሮቮ,ケメロヴォ,克麥羅沃,케메로보",55.35417,86.10435,P,PPLA,RU,,29,,,,558973,,114,Asia/Novokuznetsk,2026-04-14,Russia,EU,Europe,0,0,0,0,1614,9.265024,6.907661,14.494643,10.844758,7.5262485,7.9178762,12.419306,11.213306,10.079435,7.779029,9.324864,5.222916,7.823657,0.24820204
1508291,Chelyabinsk,Chelyabinsk,"CEK,Celabinsk,Celabinska,Celaebinsk,Celeabinsk,Celiabinsc,Celiabinsca,Celiabinskas,Celjabinsk,Celjabinsko,Celyabinsk,Chaljabinsk,Chelepi,Cheliabinsk,Cheliábinsk,Cheljaba,Cheljaba osh,Cheljabe,Cheljabi,Cheljabins'k,Cheljabinsk,Chelyabinsk,Chilobinsk,Cseljabinszk,Czelabinsk,Czelabińsk,Tcheliabinsk,Tchelyabinsk,Tchéliabïnsk,Tjeljabinsk,Tscheljabinsk,Tseliampinsk,Tseljabinsk,Tsjeljabinsk,Tsyelyabinsk,Txeliabinsk,Txeliàbinsk,Tšeljabinsk,celi'abinasaka,celiyabinska,celyabinska,ceልyabinisiki,che li ya bin si ke,chellyabinseukeu,cheryabinsuku,chlyabnsk,chlyabynsk,chylyabnsk,tshylyabnsk,zlyʼbynsq,Çelyabinsk,Ĉeljabinsko,Čeliabinskas,Čeljabinsk,Čeläbinsk,Čeļabinska,Čeľabinsk,Τσελιάμπινσκ,Силәбе,Чалябінск,Челепи,Челяба,Челяба ош,Челябе,Челябинск,Челябі,Челябінськ,Чељабинск,Чилобинск,Чиләбе,Чєлѣбиньскъ,Չելյաբինսկ,טשעליאבינסק,צליאבינסק,تشيليابنسك,چلیابنسک,چلیابینسک,چیلیابنسک,चेलियाबिन्स्क,चेल्याबिंस्क,চেলিয়াবিন্‌স্ক,ਚੇਲਿਆਬਿਨਸਕ,ჩელიაბინსკი,ቼልያቢንስክ,チェリャビンスク,車里雅賓斯克,첼랴빈스크",55.1611,61.42877,P,PPLA,RU,,13,1535932,,,1202371,,232,Asia/Yekaterinburg,2026-04-14,Russia,EU,Europe,0,0,0,0,1612,8.299892,6.7684145,7.81131,8.418549,9.20514,7.2719088,14.220139,8.930645,10.211696,7.8694444,7.6043,4.594861,6.731855,0.21517344
1510853,Barnaul,Barnaul,"BAX,Barnaoel,Barnaoul,Barnauel,Barnaul,Barnaula,Barnaulas,Barnaulia,Barnauyl,Barnauł,Barnaúl,Barnaül,Mparnaoul,ba er nao er,baleunaul,barana'ula,barinaውል,barna'ula,barnal,barnawl,barnaywl,barunauru,Μπαρναούλ,Барнаул,Барнауыл,Բարնաուլ,ברנאול,بارناؤل,بارنائول,بارنال,بارناول,बर्नाउल,বার্নাউল,ਬਰਨਾਉਲ,ባርናውል,バルナウル,巴尔瑙尔,바르나울",53.36199,83.72786,P,PPLA,RU,,04,1535931,,,632372,,197,Asia/Barnaul,2026-04-14,Russia,EU,Europe,0,0,0,0,1576,7.568984,5.4580646,8.879167,10.762232,7.753473,6.1096773,9.987638,9.762905,7.4190865,6.1086116,7.3622313,4.392778,6.893144,0.21965684
2013348,Vladivostok,Vladivostok,"Bladibostok,Hai-Shen-Wai,Uladzivastok,Uładzivastok,VVO,Vladik,Vladivostok,Vladivostoka,Vladivostokas,Vladivostokium,Vladyvostok,Vlagyivosztok,Wladiwostok,Wladywostok,Władywostok,beulladiboseutokeu,bhladibhostaka,fladyfwstwk,fu la di wo si tuo ke,hai can wai,hai can wei,urajiosutoku,valadivosatoka,vilativostok,vladimir vostʼo kh,vladimir ვოსტოค,vladivastak,vladivostoka,w la di wx s txkh,wladywstwk,wladywwsٹwk,wldywwstwq,Βλαδιβοστόκ,Владивосток,Владик,Уладзівасток,Վլադիվոստոկ,וולאדיוואסטאק,ולדיווסטוק,فلاديفوستوك,ولادیوستوک,ولادیووسٹوک,ولادی‌وؤستؤک,ولادی‌وستوک,ولاڈیووسٹوک,व्लादिवोस्तॉक,व्लादिवोस्तोक,ভ্লাদিভোস্টক,ਵਲਾਡੀਵੋਸਟੋਕ,விலாடிவொஸ்டொக்,ವ್ಲಾಡಿವಾಸ್ಟಾಕ್,วลาดีวอสตอค,ვლადივოსტოკი,ᡥᠠᡳᡧᡝᠨᠸᡝᡳ,ウラジオストク,海参崴,海參崴,符拉迪沃斯托克,블라디보스토크",43.10562,131.87353,P,PPLA,RU,,59,,,,604901,,40,Asia/Vladivostok,2026-07-03,Russia,EU,Europe,0,0,0,0,1214,15.523101,17.338173,16.416073,20.212633,18.907223,19.835619,18.620277,13.347445,10.345698,9.130138,11.325269,17.176527,13.76465,0.32951435
2022890,Khabarovsk,Khabarovsk,"Chabarofsk,Chabarovsk,Chabarovskas,Chabarowsk,Champarofsk,Habarovsk,Habarovska,Habarovszk,Jabarovsk,Jabárovsk,KHV,Khabarausk,Khabarovka,Khabarovs'k,Khabarovsk,Khabarovskaj,Khabàrovsk,Khbarovsk,Xabarovsk,bo li,ha ba luo fu si ke,habalobseukeu,habarofusuku,hbrwbsq,khabarobhaska,khabarovasaka,khabarovska,khabarwfsk,khabarwwsk,xabarovisiki,Ĥabarovsk,Χαμπάροφσκ,Хабараўск,Хабаровск,Хабаровскай,Хабаровськ,Խաբարովսկ,חברובסק,خاباروفسك,خاباروفسک,خابارووسک,ہابروسک,खबारोव्स्क,ख़ाबारोव्स्क,খাবারোভস্ক,ਖਾਬਾਰੋਵਸਕ,ኃባሮቭስክ,ハバロフスク,伯力,哈巴罗夫斯克,哈巴羅夫斯克,하바롭스크",48.46204,135.0971,P,PPLA,RU,,30,2022887,,,618150,,48,Asia/Vladivostok,2026-04-14,Russia,EU,Europe,0,0,0,0,1410,11.0530615,11.748792,10.262351,10.71828,15.557776,16.651613,12.274026,8.25847,5.953763,4.470139,11.649596,14.119585,10.967069,0.2995421
2023469,Irkutsk,Irkutsk,"Ehrkhүү khot,Ehrkhүү khoto,IKT,Ircutia,Irkoetsk,Irkotsk,Irkoutsk,Irkuck,Irkutk,Irkuts'k,Irkutsc,Irkutsk,Irkutska,Irkutskaj,Irkutskas,Irkutszk,Irkuțk,Irkùck,arkwtsk,ayrktsk,ayrkwtsk,ileukucheukeu,irakutasaka,irakutaska,irakutska,irukutsuku,xir khut skh,yi er ku ci ke,İrkutsk,ʿirikutisiki,Ιρκούτσκ,Іркутськ,Іркуцк,Иркутск,Иркутскай,Эрхүү хот,Эрхүү хото,Өrket,Өркет,אירקוטסק,אירקוצק,إيركوتسك,ارکوتسک,ارکٹسک,ایرکتسک,ایرکوتسک,इरकुत्स्क,ইরকুটস্ক,ਇਰਕੁਤਸਕ,อีร์คุตสค์,ირკუტსკი,ኢርኩትስክ,イルクーツク,伊爾庫茨克,이르쿠츠크",52.29566,104.29076,P,PPLA,RU,,20,2023464,,,623869,,415,Asia/Irkutsk,2026-04-14,Russia,EU,Europe,0,0,0,0,1557,6.426681,6.5397844,7.9617553,9.340188,6.049445,6.1751337,9.300971,7.312365,5.9850802,3.9636111,4.3594084,3.8248608,6.3732533,0.18375564
8504951,Kalininskiy,Kalininskiy,"Kalininskij,Калининский",59.99675,30.3899,P,PPLX,RU,,66,,,,504641,,34,Europe/Moscow,2020-02-25,Russia,EU,Europe,0,0,0,0,1675,10.00877,7.039247,15.575149,9.506316,9.845417,10.015324,14.684164,9.272984,9.816936,7.545833,11.515456,9.048334,6.813844,0.19297417
202061,Kigali,Kigali,"KGL,Kigale,Kigali,Kigalis,Kigalo,Kigaly,Kinkali,Kiqali,Kígalí,ji jia li,khikali,kigali,kigalli,kigari,kikali,kygaly,kyghaly,Κιγκάλι,Кигали,Кігалі,Կիգալի,קיגאלי,كيغالي,کیگالی,किगाली,ਕਿਗਾਲੀ,கிகாலி,කිගාලි,คิกาลี,ཀི་ག་ལི།,კიგალი,ኪጋሊ,キガリ,吉佳利,키갈리",-1.94995,30.05885,P,PPLC,RW,,12,11,1109,110903,1132686,,1542,Africa/Kigali,2021-11-09,Rwanda,AF,Sub-Saharan Africa,1,1,1,1,183,26.030249,33.76438,30.633183,24.669086,18.801386,16.931454,27.359306,31.104975,35.485085,26.793608,23.504166,19.457638,23.926477,0.41376248
101628,Tabuk,Tabuk,"Gabouk,TUU,Tabouk,Tabuk,Tabukas,Tabuuk,Tabūk,Taebuk,Tebuek,Tebuk,Tebük,Täbuk,ta bu ke,tabuka,tabukeu,tabuki,tabukk,tabuku,tbwk,Табук,תבוכ,تبوك,تبوک,تبوک، سعودی عرب,तबूक,তাবুক,ਤਬੂਕ,തബൂക്ക്,ታቡክ,タブーク,塔布克,타부크",28.3998,36.57151,P,PPLA,SA,,19,,,,667000,,768,Asia/Riyadh,2026-04-14,Saudi Arabia,AS,MENA,0,0,0,0,645,15.092764,19.692875,13.0342245,17.981718,17.114862,14.205108,15.42639,11.908736,17.893816,11.24736,13.772716,16.393333,12.236694,0.2305208
101760,Sulţānah,Sultanah,"Sultanah,Sultanakh,Sulţānah,Султанах",24.49258,39.58572,P,PPL,SA,,05,,,,946697,,597,Asia/Riyadh,2026-09-14,Saudi Arabia,AS,MENA,0,0,0,0,553,41.661835,62.336563,45.329765,78.07595,48.87264,59.034546,26.621668,29.278494,32.817337,23.614166,27.614382,36.585007,29.118013,0.36243403
103630,Najrān,Najran,"EAM,Nacran,Nadzhran,Najraan,Najran,Najrán,Najrān,Necran,najarana,najirani,najuran,njran,Наджран,نجران,नजरान,নাজরান,ਨਜਰਾਨ,ናጅራን,ナジュラン",17.49326,44.12766,P,PPLA,SA,,16,,,,505652,,1310,Asia/Riyadh,2026-04-14,Saudi Arabia,AS,MENA,0,0,0,0,399,25.53811,33.35645,37.616215,26.370165,20.884449,28.094353,19.636389,22.152956,30.606585,22.743748,17.575672,17.352776,30.541662,0.30418974
104515,Makkah,Makkah,"A Meca,La Meca,La Mecca,La Mecque,Macoraba,Maekkae,Makka,Makkah,Makkah al Mukarramah,Makkah al Mukarraman,Makkah al-Mukarramah,Meca,Mecca,Mecka,Meice,Meka,Mekao,Meke,Mekka,Mekkah,Mekke,Mekko,Mäkkä,Məkkə,mai jia,mak kah,maka,makka,meka,mekka,mkh,mkt,mkt almkrmt,Μέκκα,Мека,Мекка,Мекке,Мәккә,מכה,مكة,مكة المكرمة,مكه,مکه,مکہ,मक्का,মক্কা,ਮੱਕਾ,มักกะฮ์,མ་ཁ།,მექა,መካ,メッカ,麥加,메카",21.42664,39.82563,P,PPLA,SA,,14,,,,1578722,,333,Asia/Riyadh,2026-04-14,Saudi Arabia,AS,MENA,0,0,0,0,484,44.73586,45.670288,49.98601,77.29865,70.75181,69.73684,27.32375,25.193684,36.039654,30.493889,32.431587,36.637363,35.33186,0.3446461
105343,Jeddah,Jeddah,"Chidda,Cidda,Ciddae,Cidde,Ciddä,Ciddə,Djedda,Djeddah,Djidda,Dschidda,Dzeda,Dzedda,Dzhida,Dzhidda,Dzhiddae,Dzhiddat,Dzhidde,Dzhyda,Dzida,Dzidd,Dzidda,Dzsidda,Dzudda,Dżudda,Džeda,Džedda,Džida,Džidd,Džidda,Gedda,Gidda,Gido,Iedda,JED,Jaddah,Jedda,Jeddah,Jida,Jidda,Jiddah,Jidde,Jidá,Judah,Juddah,Tzenta,Yida,Yidda,Zhidda,gdh,jada,jdh,jdt,jeda,jedda,jeddaha,ji da,jida,jidda,jitta,yid dah,Ĝido,Ğidda,Τζέντα,Џеда,Джида,Джиддæ,Джидда,Джиддат,Джидде,Джыда,Жидда,Ջիդդա,גדה,جدة,جده,جدّة,جدہ,ޖިއްދާ,जेद्दाह,জেদ্দা,ਜੱਦਾ,ஜித்தா,ജിദ്ദ,ญิดดะฮ์,ჯიდა,ジッダ,吉达,吉達,제다,지다",21.49012,39.18624,P,PPL,SA,,14,,,,4697000,,7,Asia/Riyadh,2024-04-21,Saudi Arabia,AS,MENA,1,1,1,1,483,79.17284,72.29476,90.939735,208.80202,177.57777,170.5992,38.67,21.635487,23.432394,19.141943,29.033066,42.35209,55.477818,0.40192518
106281,Ha'il,Ha'il,"HAS,Ha'il,Hael,Hail,Hajel,Hayil,Khail',haila,hairu,hayela,hayiል,hayl,Хаиль,حائل,हैल,হায়েল,ਹੈਲ,ሃይል,Ḥâjel,ハイル",27.52188,41.69073,P,PPLA,SA,,13,,,,605930,,1002,Asia/Riyadh,2026-04-14,Saudi Arabia,AS,MENA,0,0,0,0,627,25.410137,24.32769,31.72961,36.13266,42.77556,32.116936,16.721666,14.362767,19.873388,19.420555,21.307125,22.5925,24.168413,0.24563473
107304,Buraydah,Buraydah,"Buraeydae,Buraida,Buraidah,Burajda,Burayda,Buraydah,Buräydä,brydh,brydہ,bura'idaha,buraida,buraidaha,buraydat,burayida,Бурайда,بريده,بریده,بریدہ,بُرَيدَة,बुरैदह,বুরাইদাহ,ਬੁਰੈਦਾ,ቡራይዳ,ブライダ",26.32599,43.97497,P,PPLA,SA,,08,,,,745353,,606,Asia/Riyadh,2026-04-14,Saudi Arabia,AS,MENA,0,0,0,0,602,28.435093,28.709948,37.111607,33.362904,39.83597,32.414112,22.487494,18.369625,24.331182,24.143612,24.897715,24.564444,31.74476,0.43857
107968,Ta’if,Ta'if,"At Ta'if,At-Ta'if,At-Ta’if,Aţ Ţā’if,Daa'if,Eht-Taif,TIF,Ta'if,Taef,Taif,Taifa,Taifas,Taifum,Tayif,Taëf,Taïf,Ta’if,Toif,Táif,Tāif,Tāifa,altayf,ta yi fu,ta'ifa,ta'iph,ta'ipha,taifu,taip,taipeu,taipha,tayf,tayif,tayiph,tayyf,xat t xxif,Ταΐφ,АтӀ-ТӀаиф,Таиф,Таїф,Тоиф,Эт-Таиф,Էթ Թաիֆ,טאאיף,טאיף,الطائف,تاىيف,تایف,طائف,طایِف,ताइफ,ताइफ़,তাইফ,ਤਾਇਫ਼,તૈફ,டைப்,తాయిఫ్,ತಾಯಿಫ್,താഇഫ്,ටායිෆ්,อัฏฏออิฟ,ターイフ,塔伊夫,타이프",21.27028,40.41583,P,PPL,SA,,14,,,,688693,,1672,Asia/Riyadh,2022-10-23,Saudi Arabia,AS,MENA,0,0,0,0,473,27.556694,29.127016,25.22768,37.38481,33.987915,42.056316,18.227915,18.552017,29.365858,24.508196,23.147444,26.116667,22.514784,0.25048918
108410,Riyadh,Riyadh,"Al-Riad,Al-Riyad,Ar Riyadh,Ar Riyādh,Ar-Riaad,Ar-Rijad,Ar-Riyad,Ar-Riyod,Ar-Riyāḑ,Ehr-Rijad,Ehr-Ryjad,Er-Rijad,Er-riyad,RUH,Riaad,Riad,Riade,Riadi,Riado,Riadum,Riant,Rihad,Rijad,Rijada,Rijadas,Rijád,Rijāda,Riyad,Riyadh,Riyaḍ,Ríad,alryad,er-riadi,li ya de,liyadeu,raiyadha,ri'ada,ri'adha,riyad,riyada,riyadh,riyadha,riyado,riyat,ryad,ryyad,Ər-Riyad,Ριάντ,Ар-Рияд,Ер-Ріяд,Рияд,Ријад,Эр-Рияд,Эр-Рыяд,Ալ-Ռիադ,ריאד,الرياض,رىياد,رياض,ریاض,ڕیاز,रियाद,रियाध,রিয়াদ,ৰিয়াধ,ਰਿਆਧ,ରିଆଦ,ரியாத்,ರಿಯಾಧ್,റിയാദ്,ริยาด,རིས་ཡག,ერ-რიადი,ሪያድ,リヤド,利雅得,利雅德,리야드",24.68773,46.72185,P,PPLC,SA,,10,,,,4205961,,612,Asia/Riyadh,2024-03-26,Saudi Arabia,AS,MENA,0,1,0,1,563,122.58089,130.69518,153.68721,136.6847,136.76653,123.43951,85.94042,87.02231,139.27338,120.9,118.21372,103.83888,136.13495,0.7134204
109223,Madinah,Madinah,"Al Madina,Al Madinah,Al Madinah al Munawwarah,Al Madīnah,Al Madīnah al Munawwarah,Al Medina,Al-Madinah al-Munawwarah,El Medina,Lathrippa,MED,Madina,Madinah,Madinah al-Munawwarah,Madinat,Madīna,Maedinae,Mediina,Medin,Medina,Medinae,Medine,Medino,Medyna,Medzina,Medína,Medîne,Medīna,Mädinä,Médine,Mədinə,Yathrib,almdynt,almdynt almnwrh,almdynt almnwrt,ma di nah,madina,mai de na,matina,mdynh,medina,Μεδίνα,Мадина,Мадинат,Медзіна,Мединæ,Медина,Медине,Медіна,Мәдинә,Մադինա,אל-מדינה,المدينة,المدينة المنورة,المدينة المنوره,مدينه,مدینه,مدینھ,مدینہ منورہ,مەدینە,މަދީނާ,मदिना,मदीना,মদিনা,মেডিনা,ਮਦੀਨਾ,મદીના,மதீனா,మదీనా,മദീന,มะดีนะฮ์,მედინა,መዲና,マディーナ,麥地那,麦地那,메디나",24.46861,39.61417,P,PPLA,SA,,05,,,,1300000,,603,Asia/Riyadh,2026-04-14,Saudi Arabia,AS,MENA,0,0,0,0,553,41.661835,62.336563,45.329765,78.07595,48.87264,59.034546,26.621668,29.278494,32.817337,23.614166,27.614382,36.585007,29.118013,0.36243403
110336,Dammam,Dammam,"Ad Dammam,Ad Dammām,Ad-Dammam,Ad-Damman,DMM,Daemmam,Damam,Damamas,Dammam,Damman,Dammám,Dammām,Dämmam,Ed Dammam,Ntamam,aldmam,da man,dam'mam,dam'mama,damam,damama,damami,damaም,dammam,danmamu,dmam,xad dam mam,Νταμάμ,Дамам,Даммам,דמאם,الدمام,دمام,दम्मम,दम्माम,দাম্মাম,ਦਮਾਮ,డమ్మామ్,ദമാം,อัดดัมมาม,დამამი,ዳማም,ダンマーム,达曼,담맘",26.43442,50.10326,P,PPLA,SA,,06,,,,1252523,,10,Asia/Riyadh,2026-04-14,Saudi Arabia,AS,MENA,1,3,1,3,603,48.991974,43.459946,38.156704,37.81653,41.659866,47.12877,50.984722,62.714108,71.460754,45.121243,50.04355,47.28889,50.668278,0.6998923
365137,Omdurman,Omdurman,"Omdoerman,Omdourman,Omdurman,Omdurmana,Omdurmanas,Omdurmán,Omdurmāna,Umm Durman,Umm Durmán,Umm Durmān,am drman,ama daramana,en tu man,omduleuman,omdurman,omdurmani,omudouruman,xxm de xr man,Омдурман,Омдурман қаласы,אומדורמאן,أم درمان,ام درمان,ਅਮ ਦਰਮਾਨ,ออมเดอร์มาน,ომდურმანი,オムドゥルマン,恩图曼,옴두르만",15.64453,32.47773,P,PPL,SD,,29,,,,1849659,,391,Africa/Khartoum,2025-10-12,Sudan,AF,MENA,0,0,0,0,378,25.42602,31.844622,42.14181,28.068277,32.82792,29.622444,22.175001,14.400402,16.18199,17.925413,22.877823,23.74472,24.757128,0.2945655
369004,Nyala,Nyala,"N'jala,Niala,Nijala,Niyala,Niyālā,Njala,Njalo,Nyala,Nyāla,UYL,n'yala,ni ya la,ni'ala,nialla,niyala,nyala,nyalh,nyara,nyʼlh,Нијала,Ньяла,ניאלה,نيالا,نیالا,نیاله,न्याला,নিয়ালা,ਨਿਆਲਾ,ንያላ,ニャラ,尼亚拉,니알라",12.04888,24.88069,P,PPLA,SD,,49,,,,565734,,661,Africa/Khartoum,2026-04-14,Sudan,AF,MENA,0,0,0,0,317,24.50312,37.50699,51.592564,40.140724,33.59361,25.001345,14.2891655,9.328764,8.805915,10.21375,18.223522,17.243195,29.988039,0.22855537
379251,Khartoum North,Khartoum North,"Bahri,Bahrí,Barkhi,Jartum Norte,Khartoum Nord,Khartoum North,Khartum Nord,Pivnichnij Khartum,Severni Kartum,Severnyj Khartum,Sjeverni Kartum,alkhrtwm bhry,bhry,Бархи,Північний Хартум,Северни Картум,Северный Хартум,الخرطوم بحري,بحري",15.64925,32.53458,P,PPL,SD,,29,,,,1012211,,381,Africa/Khartoum,2025-11-04,Sudan,AF,MENA,0,0,0,0,378,25.42602,31.844622,42.14181,28.068277,32.82792,29.622444,22.175001,14.400402,16.18199,17.925413,22.877823,23.74472,24.757128,0.2126317
379252,Khartoum,Khartoum,"Al Khartum,Al Kharţūm,Al Khurtum,Al Khurţūm,Cartum,Cartúm,Chartoum,Chartum,Chartumas,Chartúm,Hartum,Hartumo,Jartum,KRT,Kartum,Kartúm,Khartoem,Khartoum,Khartoun,Khartum,Khartun,Khartún,Xartum,Xartûm,Xartʻum,aaalkhrtwm,haleutum,harutsumu,hrtwm,karttaum,ke tu mu,khartwm,khrtwm,Ĥartumo,Χαρτούμ,Картум,Хартум,Խարթում,חרטום,ااالخرطوم,خارطوم,خرطوم,கார்த்தௌம்,ཁར་ཏུམ,ካርቱም,ハルツーム,喀土穆,하르툼",15.55177,32.53241,P,PPLC,SD,,29,,,,1974647,,381,Africa/Khartoum,2025-11-03,Sudan,AF,MENA,0,0,0,0,378,25.42602,31.844622,42.14181,28.068277,32.82792,29.622444,22.175001,14.400402,16.18199,17.925413,22.877823,23.74472,24.757128,0.2126317
2673730,Stockholm,Stockholm,"Estocolm,Estocolme,Estocolmo,Estocolmu,Estocòlme,Estokolma,Estokolmo,Holmia,STO,Stakgol'm,Stjokolna,Stoccholm,Stoccolma,Stockholbma,Stockholm,Stockolm,Stocolm,Stocolma,Stocòlma,Stocólma,Stokcholme,Stokgol'm,Stokgol'm osh,Stokgolm,Stokhol'm,Stokholm,Stokholma,Stokholmas,Stokholmi,Stokholmo,Stokkholm,Stokkholmur,Stokkhólmur,Stokkolma,Stokol'ma,Stokolm,Stuculma,Stuokhuolms,Stócólm,Sztokholm,Sztokhòlm,Tukholma,astkhlm,satakahoma,seutogholleum,si de ge er mo,stak'hom,stakahoma,stokahoma,stwkhwlm,stwqhwlm,stxkholm,sutokkuhorumu,Štokholm,Στοκχόλμη,Стакгольм,Стокhольм,Стокгольм,Стокгольм ош,Стокольма,Стокхолм,Стокҳолм,Стёколна,Ստոկհոլմ,סטוקהולם,שטאקהאלם,استکهلم,ستوكهولم,ستۆکھۆڵم,سٹاکہوم,ܣܛܘܩܗܘܠܡ,स्टकहोम,स्टॉकहोम,स्तकहोम,স্টকহোম,ਸਟਾਕਹੋਮ,ஸ்டாக்ஹோம்,స్టాక్‌హోమ్,ಸ್ಟಾಕ್‍ಹೋಮ್,സ്റ്റോക്ക്‌ഹോം,สตอกโฮล์ม,སི་ཏོག་ཧོ་ལིམ།,စတော့ဟုမ်းမြို့,სტოკჰოლმი,ስቶኮልም,ᔅᑑᒃᓱᓪᒻ/stuukhulm,ストックホルム,斯德哥尔摩,斯德哥爾摩,스톡홀름,𐍃𐍄𐌿𐌺𐌺𐌰𐌷𐌿𐌻𐌼𐍃",59.32938,18.06871,P,PPLC,SE,,26,0180,,,1515017,,17,Europe/Stockholm,2024-06-20,Sweden,EU,Europe,22,26,23,27,1660,6.0165987,3.9969084,6.0494046,5.594623,5.8902774,6.279032,9.19014,8.765456,6.0358872,6.5220838,4.6353498,5.630833,3.7145162,0.17382845
2711537,Gothenburg,Gothenburg,"G'oteborg,GOT,Gautaborg,Geteborg,Geteborga,Geteborgas,Geuteborgo,Geŭteborgo,Gjoteborg,Gjotehbarg,Goeteborg,Goeteborq,Goteborg,Goteburg,Gotemburgo,Gotenburg,Gothembourg,Gothenburg,Gothoburgum,Gotnburg,Gottenborg,Göteborg,Göteborq,Gøteborg,Gēteborga,Nketempornk,ge de bao,getebarga,ghwtnbrgh,gothenabarga,gtbwrg,guthenabaraga,gwtھn brg,jwtnbrj,kx then beirk,yeteboli,yohateborya,yotebori,ywtbry,Γκέτεμποργκ,Гетеборг,Гьотеборг,Гётеборг,Гётэбарг,גטבורג,געטעבארג,جوتنبرج,غوتنبرغ,گوتھن برگ,گووتھنبرگ,یوتبری,गॉथेनबर्ग,योहतेबोर्य,গেটেবার্গ,ਗੁਥੇਨਬਰਗ,กอเทนเบิร์ก,გეტებორგი,ዬተቦርይ,ᐃᐅᑕᐳᕆ,ヨーテボリ,哥德堡,예테보리",57.70716,11.96679,P,PPLA,SE,,28,1480,,,608462,,10,Europe/Stockholm,2026-05-07,Sweden,EU,Europe,4,5,4,5,1646,5.9651127,4.2552423,6.4058037,6.7950273,7.6600003,5.349732,7.6568065,8.068414,6.431855,5.1208334,3.4137096,5.2890277,5.237768,0.15468946
1880252,Singapore,Singapore,"Danmaxi,Dānmǎxī,Garden City,Little Red Dot,SG,SIN,Sin-ka-po,Singapore,Singapore City,Singapour,Singapur,Singapura,Sinkapoure,Syonan-to,Sîn-kâ-po,Temasek,Tumasik,cinkappur,prathes singkhpor,shingaporu,sigapura,sing-gapol,sing-gapoleu,singapura,singkh por,sngapwr,snghafwrt,syngpwr,xin jia po,xing jia po,Σιγκαπούρη,Сингапур,Сінгапур,סינגפור,سنغافورة,سنگاپور,सिंगापुर,सिंगापूर,ਸਿੰਗਾਪੁਰ,சிங்கப்பூர்,ประเทศสิงคโปร์,สิงค์โปร,ປະເທດສງກະໂປ,ປະເທດສິງກະໂປ,စငကာပနငင,စင်ကာပူနိုင်ငံ,សងហបរ,សិង្ហបុរី,シンガポール,新加坡,星架坡,싱가포르,싱가폴",1.28967,103.85007,P,PPLC,SG,,,,,,5638700,,23,Asia/Singapore,2025-07-23,Singapore,AS,Other Asia,6,11,6,11,202,17.418423,13.083736,14.48601,17.947042,18.029858,21.03562,20.08125,19.365725,14.911023,15.783332,20.605646,18.189306,15.2963705,0.47485816
2409306,Freetown,Freetown,"FNA,Freetown,Frijtaun,Fritaun,Fritauna,Fritaunas,Fritauno,Fritaŭno,Fritonn,Frytaun,Frītauna,Phritaoun,Saint George,Urbs Libera,farita'una,fri thawn,frita'una,frytawn,frytwn,fu li dun,furitaun,peulitaun,phrita'una,phritaun,piritavun,zi you shi,Φρίταουν,Фрийтаун,Фритаун,Фрытаўн,Фрітаун,Ֆրիթաուն,פריטאון,فريتاون,فريتون,فری ٹاؤن,فریتاون,فری‌تاون,फ़्रीटाउन,फ्रीटाउन,ਫ਼ਰੀਟਾਊਨ,பிரீடவுன்,ಫ್ರೀಟೌನ್,ฟรีทาวน์,ཕིརི་ཊའུན།,ფრიტაუნი,ፍሪታውን,フリータウン,弗里敦,自由市,프리타운",8.48714,-13.2356,P,PPLC,SL,,04,,,,802639,,38,Africa/Freetown,2024-01-18,Sierra Leone,AF,Sub-Saharan Africa,0,0,0,0,268,16.40387,32.595432,39.47396,22.826347,21.424307,14.17016,6.040278,7.408602,6.311694,4.4327784,5.4465055,12.570972,25.69583,0.41086113
2244322,Touba,Touba,"Touba,Tub,Tuba,Tuubaa,touba,tu ba,tuba,Туба,トゥーバ,圖巴,투바",14.86229,-15.87532,P,PPL,SN,,03,,,,1120824,,47,Africa/Dakar,2025-12-15,Senegal,AF,Sub-Saharan Africa,0,0,0,2,363,22.749205,35.652687,38.843452,23.049734,24.640276,37.031452,25.881807,13.490187,10.466398,11.122084,19.828226,12.841528,21.16734,0.35701814
2246678,Pikine,Pikine,"Pikin,Pikine,pi jin,pikin,Пикин,ピキン,皮金",14.76457,-17.39071,P,PPL,SN,,01,,,,1170791,,17,Africa/Dakar,2026-06-22,Senegal,AF,Sub-Saharan Africa,0,4,0,6,360,26.04975,30.682257,38.02827,30.437769,30.536947,36.540733,30.51167,19.566936,14.0303755,17.76472,26.815321,17.037085,21.534813,0.3646616
2253354,Dakar,Dakar,"DKR,Dacar,Dacár,Dakaa,Dakar,Dakara,Dakaras,Dakaro,Ndakaaru,Ntakar,da ka er,dakaleu,dakar,dakara,dakaru,dqr,takkar,Ντακάρ,Дакар,Դակար,דאקאר,דקר,داكار,داکار,ڈا کار,ڈاکار,डकार,ডাকার,ਡਾਕਾਰ,டக்கார்,ഡാക്കർ,ดาการ์,ཌ་ཀར།,დაკარი,ዳካር,ダカール,達喀爾,다카르",14.6937,-17.44406,P,PPLC,SN,,01,,,,2646503,,12,Africa/Dakar,2024-07-27,Senegal,AF,Sub-Saharan Africa,0,4,0,4,359,25.47487,31.804434,37.3689,28.440186,28.718752,33.440056,29.724728,19.558338,13.5649185,17.984167,26.170832,17.33028,22.481318,0.30247304
53654,Mogadishu,Mogadishu,"MGQ,Magadiscio,Magadysha,Maqdishu,Mogaadisiyo,Mogadiisho,Mogadis,Mogadisas,Mogadischu,Mogadiscio,Mogadisciu,Mogadiscium,Mogadish,Mogadisho,Mogadishu,Mogadisjoe,Mogadisju,Mogadisjû,Mogadiso,Mogadiss,Mogadisu,Mogadisxo,Mogadiszu,Mogadixo,Mogadixu,Mogadiŝo,Mogadişu,Mogadiš,Mogadišas,Mogadišo,Mogadìsciu,Mogadíscio,Mogadîşû,Mogadīšo,Mogaidisiu,Mogaidisiú,Mogandisio,Mogandísio,Monkantisou,Moqadiso,Moqadişo,Moukdicho,Moukntiso,Mugadiccu,Mugadishu,Mugadiss,Muqdisho,Muqdishow,Muqdishu,Mógadisjú,Xamar,makadisu,meagadisu,mo jia di sha,mo jia di shu,mo jia di xiu,mo kadi chu,mogadisho,mogadishu,mogadisu,mogadisyu,mogarisu,mokaticu,mqdyshw,mqdyshyw,mu gu dou shu,mwgadyshw,mwgdysw,mwghadyshw,mwngadyshw,mwqadyshw,Μογκαντίσου,Μουκντίσο,Магадыша,Могадиш,Могадишо,Могадишо қаласы,Могадишу,Могадішо,Մոգադիշո,מאגאדישו,מוגדישו,مقديشو,مقديشيو,موغادیشو,موقادیشو,موګادیشو,موڭاديشو,موگادیشو,مۆگادیشو,मोगादिशू,मोगादीशू,মোগাদিশু,ਮਕਦੀਸ਼ੂ,મોગદિશુ,ମୋଗାଡ଼ିସୁ,மொகடிசு,మోగాదీశూ,ಮೊಗಡಿಶು,മൊഗാദിഷു,මොගඩිෂු,โมกาดิชู,མོ་ག་དི་ཤུ།,მოგადიშო,ሞቃዲሾ,モガディシュ,摩加迪休,摩加迪殊,摩加迪沙,木骨都束,모가디슈",2.03711,45.34375,P,PPLC,SO,,02,,,,2587183,,12,Africa/Mogadishu,2025-10-18,Somalia,AF,Sub-Saharan Africa,0,0,0,0,205,8.62363,10.643414,13.770089,10.082796,6.0477777,5.307661,6.9680543,7.817742,7.769222,7.086944,8.274462,9.649166,10.411291,0.3073922
64021,Borama,Borama,"BXX,Boorama,Borama,Boramo,Borime,bo la ma,bolama,borama,bwrama,bwrama‎,bwrmt,Борама,بوراما,بوراما‎,بورمة,ბორამა,ボラマ,博拉马,보라마",9.93611,43.18278,P,PPL,SO,,21,,,,597842,,1468,Africa/Mogadishu,2023-11-30,Somalia,AF,Sub-Saharan Africa,0,0,0,0,283,12.56897,12.624326,12.53244,13.2915325,9.4865265,12.896236,10.414306,13.871103,12.699462,16.49375,14.479166,11.934304,10.038173,0.25140986
3583361,San Salvador,San Salvador,"SAL,Salvador,San Salbador,San Salvado,San Salvador,San Salvadoras,San Salvadori,San Salvadò,San Salwador,San-Sal'vador,San-Salvador,San-Salvadoro,Sansalvadora,Urbs Sancti Salvatoris,can calvator,san salvadwr,san salwadwr,san slfadwr,san-salvadori,sana salavadora,sana salvhadora,sana-salvadora,sansalbadoleu,sansalwadxr,sansarubadoru,sheng sa er wa duo,sn slwwdwr,Σαν Σαλβαδόρ,Сан Салвадор,Сан-Сальвадор,Սան Սալվադոր,סאן סאלוואדאר,סן סלוודור,سان سالوادور,سان سالۋادور,سان سلفادور,سان سلواڈور,सान साल्व्हाडोर,सान-साल्वाडोर,ਸਾਨ ਸਾਲਵਾਦੋਰ,சான் சல்வடோர்,ซันซัลวาดอร์,སན་སལ་ཝ་ཌོར།,სან-სალვადორი,ሳን ሳልቫዶር,サンサルバドル,聖薩爾瓦多,산살바도르",13.68935,-89.18718,P,PPLC,SV,,10,,,,525990,,653,America/El_Salvador,2019-09-05,El Salvador,NA,North/Central America,0,0,0,0,334,15.566562,11.164785,14.340028,16.417742,17.126945,20.103628,19.128475,18.342745,17.149733,14.704722,14.184947,12.55014,11.506184,0.21108961
169577,Homs,Homs,"Choms,Emesa,Hims,Himsa,Homs,Homsas,Homsz,Houmousse,Huems,Hums,Humus,Hüms,Kh'oms,KhIums,Khims,Khoms,QHS,h xms,himasa,hms,homasa,homsa,homseu,homsi,homusu,hoምsi,huo mu si,hwms,mdynt hms,Χομς,ХІумс,Химс,Хомс,Хьомс,Հոմս,חומס,حمص,مدينة حمص,ܚܡܨ,होम्स,হোমস,ਹਿਮਸ,ฮอมส์,ჰომსი,ሆምስ,Ḩimş,Ἔμεσα,ホムス,霍姆斯,홈스",34.72405,36.72559,P,PPLA,SY,,11,,,,775404,,508,Asia/Damascus,2026-04-14,Syria,AS,MENA,0,0,0,0,870,15.690482,15.6502695,12.15521,18.040054,17.932917,14.559005,17.252083,15.772044,17.021101,14.562223,12.668011,19.361944,13.173519,0.10902535
170063,Aleppo,Aleppo,"ALP,Alep,Alepas,Alepo,Aleppe,Aleppo,Aleppu,Aleppó,Alèp,Berea,Beria,Beroea,Chalepi,Halab,Halapia,Haleb,Haleba,Halep,Heleb,Hələb,Khaleb,Khaleb khot,Khalepion,Madinat Halab,Madīnat Ḩalab,Veroia,Xalab,a lei po,aleppea,aleppo,allepo,areppo,halaba,hlb,xa lep po,ʿeleፖ,Βέροια,Χαλέπι,Алеп,Алеппо,Халеб,Халеб хот,ХӀалаб,Хәлеб,Բերիա,Հալեպ,Հալէպ,חאלב,حلب,ܚܠܒ,अलेप्पो,हलब,আলেপ্পো,ਹਲਬ,அலெப்போ,അലെപ്പോ,อะเลปโป,ალეპო,አሌፖ,Ḥaleb,Ḩalab,アレッポ,阿勒颇,알레포",36.20124,37.16117,P,PPLA,SY,,09,,,,2098210,,401,Asia/Damascus,2026-06-16,Syria,AS,MENA,0,0,0,0,958,16.226301,12.868143,13.980655,19.470697,14.277361,15.542337,19.822084,25.658066,18.252554,10.704307,10.3819895,18.376944,15.107392,0.15744807
170654,Damascus,Damascus,"Al-Sham,Al-Shām,An Damaisc,Cham,DAM,Damas,Damasc,Damasch,Damasco,Damascu,Damascus,Damasek,Damashq,Damasiko,Damask,Damask,Damaska,Damaskas,Damasko,Damaskos,Damaskosy,Damasku,Damaskus,Damaszek,Damaszkusz,Damašek,Dameski,Dammeseq,Damsyik,Dimaejk,Dimaesq,Dimashk,Dimashk al-Sham,Dimashk al-Shām,Dimashku,Dimashq,Dimeshki esh Sham,Dimishiq,Dimishku,Dimishq,Dimäjk,Dimäşq,Domas,Domás,Dàmáskù,Dəməşq,Esh Sham,Esh Shām,Kamakeko,Ndamako,Ndamáko,Sam,d mshq,da ma shi ge,damasaka,damasakasa,damaseukuseu,damaskas,damaskasa,damasukasu,dameska,damiska,dimisqu,dmshq,dmsq,drmswq,timisku,Şam,Δαμασκός,Дамаск,Дамаскус,Дамаскъ,Димашкъ,Димишкъ,Димишқ,Դամասկոս,Շամ,דמשק,د مشق,دمشق,دیمەشق,دەمەشىق,ܕܪܡܣܘܩ,ދިމިޝްޤު,दमास्कस,दमिश्क,দামেস্ক,ਦਮਸ਼ਕ,ଡାମାସକସ,திமிஷ்கு,ಡಮಾಸ್ಕಸ್,ദമാസ്കസ്,ดามัสกัส,དྷ་མ་སི་ཁོ་སི།,ဒမားစကပ်မြို့,დამასკი,ደማስቆ,ダマスカス,大馬士革,大马士革,다마스쿠스,𐌳𐌰𐌼𐌰𐍃𐌺𐍉/Damasko",33.5102,36.29128,P,PPLC,SY,,13,,,,1569394,,701,Asia/Damascus,2026-08-27,Syria,AS,MENA,0,0,0,0,824,34.431984,24.120968,26.48705,32.176613,38.744164,39.22177,37.194168,39.313843,39.595966,47.92,37.85995,30.278055,20.031721,0.24766867
172955,Ar Raqqah,Ar Raqqah,"Al-Rakka,Ar Raqqah,Ar-Rakka,Ar-Raqqah,Callinicum,Kallinikos,Nicephorium,Nikiforion,Raka,Rakka,Rakˌkˌa,Raqqa,Raqqah,Reqa,Rəqqə,alrqt,ara rakaha,ara rakkaha,ara raqqaha,rakka,rqh,ʼ-rqh,ʿeri raqahi,Καλλίνικος,Νικηφόριον,Ράκκα,Ар-Ракка,Рака,Ракка,Раққа,Ալ-Ռակկա,א-רקה,الرقة,رقه,ڕەqqە,ڕەققە,अर राक़्क़ाह,আর রাক্কাহ,ਅਰ ਰਾਕਾਹ,አር ራቃህ,ラッカ",35.95283,39.00788,P,PPLA,SY,,04,,,,531952,,259,Asia/Damascus,2026-04-14,Syria,AS,MENA,0,0,0,0,941,68.969406,15.788844,24.013243,47.079308,62.938614,83.04047,108.17737,152.04315,135.9301,86.64013,52.273388,38.012363,17.987232,0.26349476
173576,Latakia,Latakia,"Al Ladhiqiyah,Al Lādhiqīyah,Al-Laziqiyah,El Ladhaqiye,El Ladhiqiya,El Lādhaqiyé,El Lādhiqīya,LTK,Ladhiqiye,Ladikija,Ladikis,Ladikiya,Laodicea,Laodicea ad Mare,Laodicee,Laodicée,Laodikeia,Laodikeia i Paralos,Latakia,Latakieh,Latakija,Latakija shaary,Latakio,Latakiya,Latakˌija,Lataqiae,Lataqiä,Lataquia,Lattakeia,Lattakia,Lattaquie,Lattaquié,Latʻakia,Lazikija,Laziqiye,Lazkiye,Lázikíja,Lādikīja,alladhqyt,la ta ji ya,ladhqyh,ladhqyt,ladhqyہ,lataki'a,latakia,latakiya,lataqiya,ltqyh,ratakia,Əl-Laziqiyyə,Λαοδίκεια ἡ Πάραλος,Λαττάκεια,Латакия,Латакия шаары,Латакија,Латакія,Латақия,Լաթակիա,לטקיה,اللاذقية,لاذقية,لاذقیه,لاذقیہ,लताकिया,লাটাকিয়া,ਲਾਤਾਕੀਆ,ლათაკია,ላታቂያ,ラタキア,拉塔基亚,라타키아",35.53125,35.79088,P,PPLA,SY,,02,,,,709000,,29,Asia/Damascus,2026-04-14,Syria,AS,MENA,0,0,0,0,915,13.748219,13.7435465,11.521279,18.295835,13.711943,13.553359,15.3023615,14.465997,14.131186,12.610275,9.222985,16.699718,11.612097,0.25497022
2427123,N'Djamena,N'Djamena,"Fort-Lamy,Indschamina,Ingamina,Injamina,Injamīnā,Inǧamīnā,Lamy,N'Djamena,NDJ,Ndjamena,Ndjemena,Ndzamena,Ndzhamena,Ndżamena,Ndžamena,Ngameno,Nigamina,Niǧāmīnā,Nĝameno,N’Djamena,N’Dj·amèna,Tzamena,Yamena,anjamna,anjamyna,anjmyna,en jia mei na,eunjamena,fwr lamy,ng'mnh,ngmynʾ,njamena,njamyna,njamێna,njmyna,Τζαμένα,Нджамена,נג'מנה,أنجمينا,إنجامينا,انجامنا,انجمينا,فور لامي,نجامينا,نجامینا,نجامێنا,نجمینا,ܢܓܡܝܢܐ,ንጃሜና,ンジャメナ,恩賈梅納,은자메나",12.10672,15.0444,P,PPLC,TD,,21,,,,1359526,,299,Africa/Ndjamena,2023-11-29,Chad,AF,Sub-Saharan Africa,1,1,1,1,316,28.27343,52.45,65.53959,39.178627,31.822916,25.85161,17.223057,10.856182,12.256451,8.767777,15.484813,19.065832,43.222576,0.27930123
2365267,Lomé,Lome,"LFW,Lameh,Lome,Lomee,Lomeo,Lomé,Lomė,lome,luo mei,lwm,lwmh,lwmy,lwmyh,rome,Λομέ,Ламэ,Ломе,Լոմե,לאמע,לומה,لوم,لومه,لومي,لوميه,لومې,لومے,لۆمێ,लोमे,ਲੋਮੇ,லோமே,โลเม,ལཱོ་མེ།,ლომე,ሎሜ,ロメ,洛美,로메",6.12874,1.22154,P,PPLC,TG,,24,,,,2188376,,13,Africa/Lome,2025-10-31,Togo,AF,Sub-Saharan Africa,0,0,0,0,234,11.493074,25.548523,19.627827,9.978896,8.005277,8.045698,7.2029166,12.529571,11.339517,9.226527,7.254436,8.445002,11.077552,0.3643019
1609350,Bangkok,Bangkok,"Amphoe Phra Nakhon,BKK,Ban'nkok,Bancac,Bancocum,Bancoque,Bancác,Banghok,Bangkok,Bangkok Metropolis,Bangkoka,Bangkòk,Banguecoque,Bankok,Bankokas,Bankoko,Banqkok,Changwat Phra Nakhon,Krung Thep,Krung Thep Maha Nakhon,Krung Thep Maha Nakhon Amon Rattanakosin Mahintarayutthaya Maha Dilok Phop Noppharat Ratchathani Buri Rom Udom Ratchaniwet Maha Sathan Amon Phiman Awatan Sathit Sakka Thattiya Witsanukam Prasit,Krungdeb,Man-kuk,Màn-kuk,Phra Nakhon,Siayuthia,The City of Angels,bainkaka,bainkoka,bamkoka,bangkog,bangkwk,bankeakk,bankoku,bankwk,bngqwq,bnkak,byankak,byankaka,camraata byankaka,krungtheph,krungthephmhankhr,krungtheph‡,man gu,penkak,Μπανγκόκ,Бангкок,Банкок,Баҥкок,Բանգկոկ,באנגקאק,בנגקוק,بانكوك,بانکوک,بانکۆک,بانګکوک,بانگكوك,بنکاک,बँकॉक,बैंकक,बैंकॉक,চাংৱাত ব্যাংকক,ব্যাংকক,ਬੈਂਕਾਕ,பேங்காக்,ಬ್ಯಾಂಕಾಕ್,ബാങ്കോക്ക്,බැංකොක්,กรุงเทพ,กรุงเทพมหานคร,กรุงเทพมหานคร อมรรัตนโกสินทร์ มหินทรายุธยา มหาดิลกภพ นพรัตนราชธานีบูรีรมย์ อุดมราชนิเวศน์มหาสถาน อมรพิมานอวตารสถิต สักกะทัตติยวิษณุกรรมประสิทธิ์,กรุงเทพฯ,ບາງກອກ,པན་ཀོག,ဘန်ကောက်မြို့,ბანგკოკი,ባንኮክ,バンコク,曼谷,방콕",13.75398,100.50144,P,PPLC,TH,,40,,,,5104476,,12,Asia/Bangkok,2024-03-26,Thailand,AS,Other Asia,86,129,96,150,339,23.352438,40.7918,40.248363,33.44019,22.02056,17.645432,12.0616665,9.854571,11.301076,11.114584,24.761559,27.228752,30.718683,0.5052315
1221874,Dushanbe,Dushanbe,"DYU,Djuschambe,Doesjanbe,Douchanbe,Douchanbé,Dusanbe,Dusanbeo,Duschanbe,Dushambe,Dushanbe,Dusjanbe,Duszanbe,Duŝanbeo,Duşanbe,Dušanbe,Dušanbė,Dušhanbe,Dyushambe,Düşənbə,Jushambe,Ntousanmpe,Stalinabad,doushanbe,du shang bie,dusyanbe,dwshnbh,dwsnbh,Ντουσάνμπε,Душанбе,דושנבה,دوشنبه,ዱሻንቤ,ドゥシャンベ,杜尚别,두샨베",38.53575,68.77905,P,PPLC,TJ,,04,,,,679400,,767,Asia/Dushanbe,2016-10-19,Tajikistan,AS,Central Asia,2,2,2,2,1048,17.182768,19.632257,19.944347,13.710081,12.2069435,17.1414,20.929443,18.646643,16.684006,16.962223,17.325134,19.75958,13.554706,0.37180546
162183,Ashgabat,Ashgabat,"ASB,Achgabat,Achkhabad,Aschabad,Aschabadas,Aschchabad,Aschgabat,Asgabat,Asgabata,Asgabate,Asgabato,Ashabad,Ashabat,Ashgabad,Ashgabat,Ashkabad,Ashkhabad,Ashkhabad osh,Ashkˌobod,Ashqabad,Ashxabad,Ashxobod,Asjabad,Asjchabad,Asjchabat,Asjkhabad,Askabad,Askabat,Askhabad,Asnkampat,Asqabad,Asxabad,Aszchabad,Aŝgabato,Aşgabat,Aşkabat,Aşqabad,Aşğabat,Ašchabad,Ašchabadas,Ašgabat,Ašgabata,Ašhabad,Așgabat,GIashkuabad,Poltoratsk,a shen ha ba de,acukapat,asagabata,asakhabada,asgabad,asgabada,asgabat,ashigabato,ashk abad,ashkhabadi,asigabateu,asqabada,asyuhabateu,xa chka bat,yashkhabad,ʼsgbʼt,ʿەshqabad,Ασγκαμπάτ,Ашгабад,Ашгабат,Ашкабад,Ашхабад,Ашхабад ош,Ашқобод,ГІашкъабад,Աշխաբադ,אשגאבאט,אשגבאט,ئاشخاباد,اشک آباد,عاشق‌آباد,عشق آباد,عشق اباد,عشق‌آباد,عەشقاباد,अश्क़ाबाद,अश्गाबाद,আশখাবাদ,ਅਸ਼ਗ਼ਾਬਾਤ,அசுகாபாத்,ಅಶ್ಗಾಬಾತ್,അഷ്ഗാബാദ്,อาชกาบัต,ཨ་ཧྲི་ཁ་པད།,აშხაბადი,አሽጋባት,アシガバート,阿什哈巴德,아슈하바트,아시가바트",37.95,58.38333,P,PPLC,TM,,S,,,,1030063,,219,Asia/Ashgabat,2026-04-15,Turkmenistan,AS,Central Asia,2,2,2,2,1029,13.682276,18.428495,19.560715,14.649057,14.620139,9.789112,12.818751,10.071102,8.527688,9.3933325,13.890592,16.153889,16.797045,0.23390065
2464470,Tunis,Tunis,"TUN,Tinis,Tiwnis,Tuenis,Tuinis,Tunes,Tunes tamaneɣt,Tunez,Tunis,Tunis khot,Tunis shaary,Tunis-Ville,Tunisa,Tunisas,Tunisi,Tunisin Orn,Tunisz,Tunixi,Tuniz,Tunizo,Tunus,Tynida,Tùnis,Tùnisi,Túinis,Túnez,Túnis,Túnixi,Túniz,Tûnis,Tünis,Tʻunuz,chunisu,tu ni si,tu ni si shi,tunis,tunis's,tunisa,twiniseu,twns,twnys,twwns,tyunisa,Τύνιδα,Тунис,Тунис хот,Тунис шаары,Тунисин Орн,Туніс,Թունիս,Թունուզ,תוניס,تونس,تونس شہر,توونس,تۇنىس شەھىرى,ٹیونس نگر,ܬܘܢܣ,ट्युनिस,ट्यूनिस,ਤੂਨਿਸ,தூனிஸ்,ടൂണിസ്സ്,ตูนิส,ཊུ་ནིསི།,ტუნისი,ቱኒስ,チュニス,突尼斯,突尼斯市,튀니스",36.81897,10.16579,P,PPLC,TN,,36,,,,693210,,23,Africa/Tunis,2026-02-23,Tunisia,AF,MENA,0,0,0,0,974,10.830861,12.017475,11.650595,12.314649,9.720278,9.611558,12.996944,10.205108,11.749732,10.999583,9.0806465,7.5418057,12.094758,0.1616837
298117,Van,Van,"Thospia,Urartu,VAN,Van,Van i Tyrkia,Vana,Vanas,Wan,ban,bhana,bhyana,fan cheng,van,vana,vani,vuan,wan,wan  trky,Βαν,Ван,Վան,ואן,وان,وان، ترکی,भ्यान,वान,ভান,ਵਾਨ,வான்,วาน,ვანი,ቫን,ヴァン,凡城,반",38.49457,43.38323,P,PPLA,TR,,65,,,,525016,,1708,Europe/Istanbul,2026-04-14,Turkey,AS,MENA,0,0,0,0,1047,11.438586,11.109947,8.903869,16.17258,14.634583,13.757932,10.068612,14.403362,10.238843,7.6704173,9.086425,13.529583,7.4463716,0.270328
304531,Mersin,Mersin,"Icel,Mersin,Mersina,Mersine,Mersino,Merson,Mersyna,Myrte,Mêrsîn,QIN,Zephyrium,İçel,Μερσίνη,Мерсин",36.81196,34.63886,P,PPLA,TR,,32,,,,537842,,10,Europe/Istanbul,2025-06-04,Turkey,AS,MENA,0,0,0,0,976,14.1732435,15.624866,12.919942,15.830109,13.981946,14.36465,14.161945,14.404973,15.456183,11.994027,11.9305105,16.376528,12.906181,0.27786282
304922,Malatya,Malatya,"MLX,Malat'ja,Malateia,Malatia,Malatija,Malatiyah,Malatja,Malatya,Meleti,Meletiye,Meletî,Melitene,ma la di ya,malatia,mallatia,maratiya,mltyh,mltyt,Μαλάτεια,Малатия,Малатија,Малатья,Малатя,Մալաթիա,מלטיה,مالاطیہ,ملطية,ملطیه,مەلەدی,მალათია,マラティヤ,馬拉蒂亞,말라티아",38.35018,38.31667,P,PPLA,TR,,44,,,,750491,,963,Europe/Istanbul,2026-04-13,Turkey,AS,MENA,0,0,0,0,1046,13.112604,19.472849,15.304316,17.78925,13.654446,10.877016,6.54486,7.1788974,7.6475806,6.4934716,11.668279,22.572218,18.257393,0.24001944
306571,Konya,Konya,"Conia,Gonea,Gonia,Iconio,Iconium,Ikonio,Ikonion,Ikoniow,KYA,Ko'niya,Kon'ja,Koni,Konia,Konieh,Konija,Konja,Konjao,Konya,Koʻniya,Kuniyah,Kuon'ja,Qonia,Qonya,Qonye,ke ni ya,kean'ya,kon'ya,koni'a,konia,qwnyh,qwnyt,Ικόνιο,Кония,Конија,Конья,Къонья,Գոնեա,Իկոնիոն,Կոնիա,Ղոնիա,קוניה,قونية,قونيه,قونیه,قونیہ,कोन्या,ਕੋਨਿਆ,കോന്യ,კონია,コンヤ,科尼亞,코니아",37.87135,32.48464,P,PPLA,TR,,71,,,,1433861,,1030,Europe/Istanbul,2026-08-24,Turkey,AS,MENA,0,0,0,0,1026,11.481449,18.970835,11.79509,11.58656,9.149999,10.421236,8.030555,8.252687,7.980645,7.7987494,9.417474,18.112083,16.200403,0.2026666
308464,Kayseri,Kayseri,"ASR,Caesarea,Caesarea in Cappadocia,Casarea,Cearee,Cesarea,Cesarea de Capadocia,Cesarea in Cappadocia,Cesaree,Céarée,Césarée,Eusebeia,Kaisareia,Kaisaria,Kaisarie,Kaisarije,Kaiseri,Kaiseris,Kaizarie,Kajseri,Kajsery,Kayseri,Kaīzarie,Khuajseri,Mazaca,Mazakʻ,Qaisariye,Qayseri,ka'iseri,kai sai li,kaiseli,kaiseri,kayaseri,kayiseri,ki se ri,qysry,qysryh,qysryt,qyysry,Καισάρεια,Кaйсери,Кайсери,Кайсеры,Кайсері,Кајсери,Хъайсери,Մաժաք,קייסרי,قيصري,قيصرية,قیصری,قیصریه,قەیسەری,کیسری شہر,कायसेरी,কায়সেরি,ਕਾਇਸੇਰੀ,ไกเซรี,კაისერი,ካይሰሪ,カイセリ,開塞利,카이세리",38.73222,35.48528,P,PPLA,TR,,38,,,,1452458,,1054,Europe/Istanbul,2026-04-14,Turkey,AS,MENA,0,0,0,0,1059,15.099699,24.715454,21.328424,18.736694,12.169584,12.722716,8.2300005,8.003361,8.010752,9.506389,14.804973,21.770273,21.519218,0.24560203
311046,İzmir,Izmir,"Azmir,Esmirna,IZM,Ismir,Izmir,Izmira,Izmiras,Izmiro,Smirna,Smirne,Smyrna,Smyrne,Yazmir,Zmiwrnia,azmyr,ijamira,izamira,izmiri,izumiru,yi zi mi er,İzmir,ʿiዝmiri,Σμύρνη,Ізмір,Измир,Измір,Смирна,Զմիւռնիա,Իզմիր,איזמיר,إزمير,ازمير,ازمیر,इज़मिर,ইজমির,ਇਜ਼ਮਿਰ,იზმირი,ኢዝሚር,イズミル,伊兹密尔",38.41273,27.13838,P,PPLA,TR,,35,,,,2938292,,122,Europe/Istanbul,2026-09-02,Turkey,AS,MENA,0,0,0,0,1045,20.406616,35.597713,21.290476,23.899193,18.423195,13.036425,10.736807,13.490458,13.658199,11.630417,19.428898,29.80431,33.6129,0.18221156
314830,Gaziantep,Gaziantep,"Aintab,Antep,Antʻep,Ayintap,Ayntʻap,Ayıntap,Dilok,Dîlok,GZT,Gazi-Ayintap,Gaziantep,Gaziantepa,Gaziantepas,Gaziantepo,Gazijantehp,Gazijantep,Guaziantep,Nkaziantep,Qazianteb,Qaziantep,gaji'antepa,gajiantepeu,gajiyantepa,gaziantepi,gaziyaniteፕ,gaziyantepa,gazuiantepu,ghazy ʿntab,jia ji an tai pu,ka si xan tep,Γκαζιαντέπ,Газиантеп,Газијантеп,Газіянтэп,Гъазиантеп,Ґазіантеп,Այնթապ,Անթէպ,Գազիանթեպ,גזיאנטפ,عنتاب,غازي عنتاب,غازی عینتاب,گازی ئانتەپ,गज़ियांटेप,গাজিয়ান্তেপ,ਗਜਿਆਂਤੇਪ,กาซีอันเตป,გაზიანთეფი,ጋዚያንቴፕ,ガズィアンテプ,加濟安泰普,가지안테프",37.05944,37.3825,P,PPLA,TR,,83,,,,2222415,,842,Europe/Istanbul,2026-04-14,Turkey,AS,MENA,0,0,0,0,998,15.211628,22.907393,16.139881,17.561829,13.209028,12.331988,10.541528,12.128496,11.069895,10.211528,13.465997,21.426943,21.45874,0.122032374
315202,Eskişehir,Eskisehir,"Dorylaeum,ESK,Ehskishehkhir,Ehskishekhir,Eski Shahr,Eski Shehir,Eski shehr,Eski-chehir,Eski-chéhir,Eskischehir,Eskisechir,Eskisechiras,Eskiseher,Eskisehir,Eskisehira,Eskisheher,Eskishekhir,Eskişeher,Eskişehir,Eskišechiras,Eskišehira,Iskishəһər,ai si ji xie xi er,asky shhr,esakisehara,eseukisyehileu,eskisehira,eskishehiri,esukishehiru,sikishehiri,Əskişəhər,Εσκισεχίρ,Ескишехир,Ескішехір,Искишәһәр,Эскишехир,Эскішэхір,Էսկիշէհիր,אסקישהיר,أسكي شهر,ئێسکی شەھر,اسکی شهر,اسکی شہر,اسکی‌شهر,एस्किशेहिर,এস্কিশেহির,ਏਸਕਿਸੇਹਰ,ესქიშეჰირი,ስኪሸሂር,エスキシェヒル,埃斯基谢希尔,에스키셰히르",39.77667,30.52056,P,PPLA,TR,,26,,,,921630,,794,Europe/Istanbul,2026-09-04,Turkey,AS,MENA,0,0,0,0,1080,9.738876,11.28535,7.957143,9.9998665,11.352083,10.226477,8.028335,8.73199,9.160214,7.467638,9.655242,11.626667,11.1876335,0.17242105
315368,Erzurum,Erzurum,"Ard-ar-Rum,Arzan-ar-Rum,Arzirum,Carana,ERZ,Ehrzorum,Ehrzurum,Erserum,Erzeroum,Erzerum,Erzirom,Erzirum,Erzurum,Erzuruma,Erzurumas,Erzurúm,Erzéroum,Erzîrom,Kalikala,Karin,Theodosiopolis,Theodosioupoli,ai er zu lu mu,airazuruma,ard rwm,ardrwm,arzrwm,eleujulum,erajuruma,eruzurumu,erzuruma,erzurumi,xer su rum,yەrzyڕۆm,Ərzurum,ʿirizuruም,Ερζερούμ,Θεοδοσιούπολη,Ерзурум,Карин,Эрзорум,Эрзурум,Կարին,ארזורום,أرضروم,ئەرزیڕۆم,ارزروم,ارض روم,ارضروم,एर्ज़ुरुम,এরজুরুম,ਐਰਜ਼ੁਰੁਮ,เอร์ซูรุม,ერზურუმი,ኢርዙሩም,エルズルム,埃尔祖鲁姆,에르주룸",39.90861,41.27694,P,PPLA,TR,,25,,,,767848,,1914,Europe/Istanbul,2026-04-14,Turkey,AS,MENA,0,0,0,0,1094,10.089392,14.285887,10.758483,14.877555,9.723334,8.4836035,7.267083,9.6456995,7.083065,7.476667,8.939246,14.128053,8.411828,0.29288858
316541,Diyarbakır,Diyarbakir,"Amed,Amida,DIY,Diarbekir,Diarbekr,Diari-Bekir,Diari-Békir,Dijarbakir,Dijarbakira,Dijarbakiro,Dijarbakyr,Dijarbakyras,Dijarbakˌyr,Dijarbekir,Dikranakerd,Diyarbakir,Diyarbakır,Diyarbekir,Diyarbekr,Diyarbekır,Diyarbəkir,Diyaribakir,Diyaribekir,Diyarıbakır,Diyarıbekir,Dyjarbakyr,Ntigiarmpakir,Tigranakert,di ya ba ke er,di'arabakira,diarbakiri,diyaleubakileu,diyarabakira,diyaribakiri,diyarubakuru,dyar bkr,dyarbkr,Ντιγιαρμπακίρ,Диарбекир,Диярбакыр,Диярбақыр,Дијарбакир,Дијарбекир,Дыярбакыр,Діярбакир,Тигранакерт,Դիարբեքիր,דיארבקיר,ئامەد,ديار بكر,دیار بکر,دیاربکر,दियारबकिर,ডিয়ারবাকির,ਦਿਆਰਬਕੀਰ,დიარბაქირი,ዲያርባክር,ディヤルバクル,迪亚巴克尔,디야르바키르",37.91363,40.21721,P,PPLA,TR,,21,,,,1833684,,674,Europe/Istanbul,2026-04-14,Turkey,AS,MENA,0,0,0,0,1027,14.701291,21.915995,16.087797,17.42715,15.077498,10.158064,7.038056,11.499598,10.947043,9.380001,13.494624,20.961803,22.357258,0.20235474
323777,Antalya,Antalya,"AYT,Adalia,Andalia,Antal'ja,Antalia,Antalija,Antaliya,Antaliyah,Antalja,Antaljo,Antalya,Antayla,Antália,Antʻalia,Atali,Atalia,Attalea,Attaleia,Attalia,Nor Adalia,Olbia,Satalia,an ta li ya,antalia,antallia,antalya,antalyہ,antaruya,atali'a,ayantaliya,yantalya,ʿenitaልya,Αττάλεια,Анталия,Анталија,Анталья,Анҭалиа,Ադալիա,Անդալիա,Անթալիա,Ատալիա,Ատտալիա,Նոր Ադալիա,אנטליה,آنتالیا,أنطاليا,ئانتالیا,انطالیہ,अंताल्या,অ্যান্টালিয়া,ਅੰਤਾਲਿਆ,ანთალია,አንታልያ,アンタルヤ,安塔利亚,安塔利亞,안탈리아",36.90812,30.69556,P,PPLA,TR,,07,,,,1335002,,61,Europe/Istanbul,2026-05-30,Turkey,AS,MENA,0,0,0,0,975,11.594649,13.185349,9.853571,13.072718,10.780695,12.526211,11.48,12.869757,13.1459675,10.433333,8.993682,12.926389,9.675134,0.19017427
323786,Ankara,Ankara,"ANK,Anakara,Ancara,Ancyra,Ang-ka-la,Angara,Angkara,Angora,Anguriyah,Ankar,Ankara,Ankara khot,Ankaro,Ankiwria,Ankuara,Ankura,Ankyra,Ankyra (Ankyra),Anqara,Enguri,Engüri,Enkiwriw,Enqere,akara,an ka la,angkala,ankara,anqrh,anqrt,xangkara,Ăng-kā-lá,Άγκυρα (Ankyra),Анкара,Анкара хот,Анкъара,Әнкара,Անգարա,Անկարա,Անկիւրիա,Էնկիւրիւ,אנקארא,אנקרה,آنقره,آنکارا,أنقرة,ئەنقەرە,انقره,انقرہ,انکرہ,ܐܢܩܪܐ,अंकारा,আঙ্কারা,ਅੰਕਾਰਾ,ଆଙ୍କାରା,அங்காரா,అంకారా,ಅಂಕಾರಾ,അങ്കാറ,อังการา,ཨན་ཁ་ར།,ანკარა,አንካራ,アンカラ,安卡拉,앙카라",39.91987,32.85427,P,PPLC,TR,,68,,,,3517182,850,874,Europe/Istanbul,2026-03-24,Turkey,AS,MENA,0,0,0,0,1093,19.927309,43.12352,20.668003,19.027287,15.499584,15.546773,8.693751,9.428359,8.429704,10.010138,17.467876,38.714725,32.3707,0.1971081
325363,Adana,Adana,"ADA,Adana,Adane,Adano,Adanë,Adhanah,Antioch on Sarus,Antiocheia,Antiokʻia ar Sarosiv,Atana,Edene,Sarosyan Antiokʻia,Seyhan,a da na,adana,adnt,adnہ,xa da na,yadana,ʿedana,Άδανα,Αδανα,Αντιόχεια,Адана,Ադանա,Անտիոքիա առ Սարոսիվ,Ատանա,Սարոսյան Անտիոքիա,Սեյհան,אדנה,آدانا,أضنة,ئادانا,ادنہ,अदना,আদানা,ਅਦਨਾ,อาดานา,ადანა,አዳና,アダナ,阿达纳,아다나",36.98615,35.32531,P,PPLA,TR,,81,,,,1816750,,30,Europe/Istanbul,2026-04-14,Turkey,AS,MENA,0,0,0,0,977,15.446217,20.638039,15.840774,15.574596,13.0638895,14.01613,14.643612,13.915322,14.506317,12.801945,13.853359,19.673334,16.813845,0.25275785
738329,Üsküdar,UEskuedar,"Chrysopolis,Scutari,Skutari,UEskuedar,Uskjudar,Uskudar,askdar,Üsküdar,Ускюдар,اسکدار",41.02274,29.01366,P,PPL,TR,,34,7732589,,,524452,,41,Europe/Istanbul,2024-08-02,Turkey,AS,MENA,10,11,10,11,1145,17.177736,28.866934,16.900745,25.652689,17.82889,18.443682,15.22486,11.474597,11.989249,9.752776,11.89113,23.260557,14.734542,0.19501133
738377,Umraniye,Umraniye,"Umranie,Умрание",41.01643,29.12476,P,PPL,TR,,34,7732588,,,573265,,136,Europe/Istanbul,2026-09-14,Turkey,AS,MENA,10,11,10,11,1145,17.177736,28.866934,16.900745,25.652689,17.82889,18.443682,15.22486,11.474597,11.989249,9.752776,11.89113,23.260557,14.734542,0.19501133
742394,Küçükçekmece,Kuecuekcekmece,"Cekmece,Kuchuk Chekmejeh,Kucukcekmece,Kuedzhuekdzhekmedzhe,Küçükçekmece,Куеджуекджекмедже",40.99104,28.77123,P,PPL,TR,,34,7732569,,,792030,,63,Europe/Istanbul,2026-09-14,Turkey,AS,MENA,7,8,10,11,1125,25.47226,40.741535,25.613096,43.65161,29.114859,29.585342,21.2575,18.160482,14.500807,12.905279,16.344625,31.735003,21.848795,0.16081472
745044,Istanbul,Istanbul,"Bizanc,Bizánc,Byuzandion,Byzance,Byzantion,Byzantium,Byzanz,Carigrad,Constantinoble,Constantinopla,Constantinople,Constantinopolen,Constantinopoli,Constantinopolis,Costantinopoli,Estambul,IST,Istamboul,Istambul,Istambuł,Istampoul,Istanbu,Istanbul,Istanbúl,Istʻanpul,Isztambul,Konstantinapoly,Konstantinopel,Konstantinopol,Konstantinopolo,Konstantinoupoli,Konstantinoupolis,Konstantinápoly,Kostandnupolis,Kustantiniyah,Micklagard,Micklagård,Mikligardur,Mikligarður,Stambol,Stamboul,Stambul,Stambula,Stambuł,Tsarigrad,Vizantija (Vizantija),Vyzantio,astanbwl,astnbwl,bijantium,byuzantion,byzntywn,isatambula,iseutanbul,istambula,isutanburu,stin Poli [stimˈboli],yi si tan bao,yi si tan bu er,ystanbul,ystanbұl,İstanbul,Βυζάντιο,Βυζαντιο,Ισταμπουλ,Ισταμπούλ,Κωνσταντινουπολη,Κωνσταντινούπολη,Κωνσταντινούπολις,στην Πόλι [stimˈboli],Византија (Vizantija),Истанбул,Стамбол,Стамбул,Ыстанбул,Ыстанбұл,Բյուզանդիոն,Իսթանպուլ,Կոստանդնուպոլիս,Ստամբուլ,ביזנטיון,استانبول,استنبول,اسطنبول,इस्तांबुल,ইস্তাম্বুল,ਇਸਤਾਂਬੁਲ,イスタンブール,ビュザンティオン,伊斯坦堡,伊斯坦布尔,비잔티움,이스탄불",41.01384,28.94966,P,PPLA,TR,,34,,,,15701602,,39,Europe/Istanbul,2026-08-25,Turkey,AS,MENA,10,11,10,11,1144,17.671886,31.698795,19.935713,25.298655,16.544443,17.009007,13.698194,10.820565,10.507393,9.335278,14.056722,24.618614,18.54906,0.21099664
747323,Esenyurt,Esenyurt,"Eksinoz,Ekşinoz,Esenjurt,Esenyurt,Eskiyuz,Eskiyüz,Есенюрт",41.02697,28.67732,P,PPL,TR,,34,8521533,,,983571,,97,Europe/Istanbul,2026-09-14,Turkey,AS,MENA,0,0,10,11,1144,17.671886,31.698795,19.935713,25.298655,16.544443,17.009007,13.698194,10.820565,10.507393,9.335278,14.056722,24.618614,18.54906,0.21102518
747340,Esenler,Esenler,"Ehsenler,Litros,Эсенлер",41.0435,28.87619,P,PPL,TR,,34,7732467,,,520235,,72,Europe/Istanbul,2026-09-14,Turkey,AS,MENA,10,11,10,11,1144,17.671886,31.698795,19.935713,25.298655,16.544443,17.009007,13.698194,10.820565,10.507393,9.335278,14.056722,24.618614,18.54906,0.21099664
750269,Bursa,Bursa,"Boursa,Brossa,Broussa,Brousse,Brusa,Brussa,Burs,Bursa,Bursae,Burso,Prousa,Prusa,Prusa ad Olympum,YEI,bu er sa,buleusa,bur sa,burasa,burisa,bursa,burusa,bwrsa,bwrsh,bwrst,Προύσα,Бурсæ,Бурса,Бурсо,Բուրսա,בורסה,برصہ,بورسا,بورصة,بورصه,بورصہ,بۇرسا,बुरसा,बुर्सा,বুরসা,ਬੁਰਸਾ,บูร์ซา,ბურსა,ቡርሳ,ブルサ,布尔萨,부르사",40.19559,29.06013,P,PPLA,TR,,16,7732338,,,3101833,,155,Europe/Istanbul,2026-04-14,Turkey,AS,MENA,0,0,0,0,1092,11.951348,13.61438,11.551042,13.40578,15.112222,12.1762085,9.494445,9.414516,9.776211,9.063058,12.926881,13.883749,12.950808,0.20305236
751324,Bağcılar,Bagcilar,"Badzilaras rajons,Bagdzhylar,Bādžilaras rajons,Cifitburgaz,Ciftburgaz,Çiftburgaz,Çıfıtburgaz,Багджылар",41.03903,28.85671,P,PPL,TR,,34,7732460,,,740069,,105,Europe/Istanbul,2026-06-22,Turkey,AS,MENA,10,11,10,11,1144,17.671886,31.698795,19.935713,25.298655,16.544443,17.009007,13.698194,10.820565,10.507393,9.335278,14.056722,24.618614,18.54906,0.21099664
6955677,Çankaya,Cankaya,"Cankaya,Chankaja,Çankaya,Чанкая",39.9179,32.86268,P,PPL,TR,,68,7732084,,,792189,850,889,Europe/Istanbul,2026-09-14,Turkey,AS,MENA,0,0,0,0,1093,19.927309,43.12352,20.668003,19.027287,15.499584,15.546773,8.693751,9.428359,8.429704,10.010138,17.467876,38.714725,32.3707,0.1971081
7627067,Bahçelievler,Bahcelievler,"Bakhcheliehvler,Бахчелиэвлер",41.00231,28.8598,P,PPL,TR,,34,7732457,,,576799,,73,Europe/Istanbul,2026-09-14,Turkey,AS,MENA,10,11,10,11,1144,17.671886,31.698795,19.935713,25.298655,16.544443,17.009007,13.698194,10.820565,10.507393,9.335278,14.056722,24.618614,18.54906,0.21099664
10346824,Nilüfer,Niluefer,"Niljufer,Niluefer,Nilufer,Nilüfer,Нилюфер",40.21401,28.91567,P,PPLA2,TR,,16,7732336,,,536365,,69,Europe/Istanbul,2026-09-14,Turkey,AS,MENA,0,0,0,0,1113,17.43095,23.543686,17.810717,23.75968,22.597502,16.253899,14.768472,12.1202965,11.36492,11.1604185,14.881316,21.455137,19.500402,0.20120251
1668341,Taipei,Taipei,"GJai Bac,Kota Taipei,Pan Kiao,Pan-ch'iao,Pan-ch'iao-chen,Pan-ch'iao-chieh,Pan-ch’iao,Pan-ch’iao-chen,Pan-ch’iao-chieh,T'ai-pei,T'ai-pei Shih,T'ai-pei-hsien,TPE,Taibei Shi,Taibei Shih,Taibejus,Taibėjus,Taipe,Taipeh,Taipei,Taipeia,Taipeium,Taipejus,Taipé,Taipéi,Taipėjus,Tajbehj,Tajbej,Tajpej,Tajpeo,Tayipeh,Tayipèh,Taypey,Tchaj-pej,Tʻaypey,T’ai-pei,T’ai-pei Shih,T’ai-pei-hsien,ta'ipe,ta'ipe'i,tai bei,tai bei shi,taibei,taibei si,taipei,taippei,taybyh,thipe,Đài Bắc,Ταϊπέι,Тайбей,Тайбэй,Тайпей,Тајпеј,Թայպեյ,טאיפי,טאיפיי,تايبيه,تەيبېي,ताइपे,টাইপেই,ไทเป,ཐའེ་པེ,ታይፔ,台北,台北市,臺北市,타이베이,타이베이 시,타이뻬이,타이페이",25.05306,121.52639,P,PPLC,TW,,04,TPE,,,7871900,,5,Asia/Taipei,2025-02-24,Taiwan,AS,Other Asia,20,23,31,35,582,23.345053,21.009409,20.994349,26.373253,31.869726,29.0875,33.355,22.847582,27.876883,18.690697,14.619624,16.712221,16.710619,0.31195962
1668355,Tainan,Tainan,"Dai-nang,Dài-nàng,GJai Nam,Kota Tainan,T'ai-nan,TNN,Tai-lam-chhi,Tainan,Tainan City,Tainanas,Tajnan,Tajnan',Tajnano,Taynam,Tchaj-nan,Teynen shehiri,Thoi-nam-su,Thòi-nàm-sṳ,Táinán,Tâi-lâm-chhī,T’ai-nan,tai nan,tai nan shi,tainan si,taynan,thi hnan,Đài Nam,Тайнань,Тајнан,טאינאן,تاينان,تاینان,ไถหนัน,台南,台南市,臺南,臺南市,타이난 시",22.99083,120.21333,P,PPLA2,TW,,04,TNN,,,1856642,,26,Asia/Taipei,2025-11-06,Taiwan,AS,Other Asia,6,6,18,19,517,27.919342,27.220833,28.766071,30.22285,32.32431,24.123526,19.956944,20.864653,25.074057,29.484306,36.589115,32.639584,27.935884,0.31639573
1668399,Taichung,Taichung,"GJai Trung,Kota Taichung,RMQ,Tai-tiong-chhi,Taichung,Taicungas,Taizhong,Taizhong Shi,Taičungas,Tajchzhun,Tajcungo,Tajzhun,Tajĉungo,Taychun,Tchaj-cung,Tchaj-čung,Teyjong shehiri,Thoi-chung-su,Thòi-chûng-sṳ,Tâi-tiong-chhī,tai zhong,tai zhong shi,taijung si,tay shangh,Đài Trung,Тайжун,Тайчжун,تاي شانغ,台中,台中市,臺中市,타이중 시",24.1469,120.6839,P,PPLA2,TW,,04,TXG,,,2850285,,91,Asia/Taipei,2025-06-14,Taiwan,AS,Other Asia,10,10,18,18,552,31.419592,29.645693,33.78348,34.583065,44.42152,34.132664,27.266804,25.740456,29.629969,36.004444,30.640862,26.431248,25.256184,0.5279471
1670029,Banqiao,Banqiao,"Ban Ciao,Ban Ciao City,Ban'cjao,Banchiao,Banciao,Banciao District,Banqiao,Banqiao District,Fang-ch'iao,Fang-ch’iao,Pan-ch'iao,Pan-ch’iao,Panchiao,San-kuang,San-kuang-li,ban qiao,ban qiao qu,fang qiao,Баньцяо,板橋,板橋區,枋橋",25.01427,121.46719,P,PPLA2,TW,,03,TPQ,F14,,551221,,12,Asia/Taipei,2026-09-14,Taiwan,AS,Other Asia,19,22,33,37,582,23.345053,21.009409,20.994349,26.373253,31.869726,29.0875,33.355,22.847582,27.876883,18.690697,14.619624,16.712221,16.710619,0.31453127
1673820,Kaohsiung,Kaohsiung,"Cao Hung,Cao Hùng,Gaosjun,Gaosyongshih,Gaoxiong,Gaoxiongshi,KHH,Kao-hsiung,Kao-hsiung-shih,Kaohsiung,Kaohsiung City,Kaoshang,Kaosjun,Kˌaokhsiong,Takao,gao xiong,gao xiong fu,gao xiong shi,gaosyung si,ka'ohasi'um,ka'ohasi'unga,kavasi'unga,kawhsywngh,kawhsywnګ,kawہsywng,kaywhsywng,kaʿohisiyuniግ,takaoshi,Гаосюн,Каосюн,Каошанг,Қаохсионг,كاوهسيونغ,کائوهسیونگ,کاوهسيونګ,کاوہسیونگ,कावशिउंग,কাওহসিউং,ਕਾਓਹਸਿਉਂਗ,ካኦሂስዩንግ,たかおし,高雄,高雄巿,高雄市,가오슝 시",22.61626,120.31333,P,PPLA,TW,,02,KHH,,,2737660,,9,Asia/Taipei,2026-04-14,Taiwan,AS,Other Asia,12,12,19,19,517,27.919342,27.220833,28.766071,30.22285,32.32431,24.123526,19.956944,20.864653,25.074057,29.484306,36.589115,32.639584,27.935884,0.5883764
12908892,New Taipei City,New Taipei City,"Nea Taipei,Neu-Taipeh,New Taipei,New Taipei City,Nieuw Taipei,Nouveau Taipei,Nova Taipe,Nova Taipé,Nova Tchaj-pej,Novi Taipei,Novi Tajpej,Novij Tajbej,Novyj Tajbehj,Nová Tchaj-pej,Nowe Tajpej,Nueva Taipei,Nueva Taipéi,Nuova Taipei,Xinbei City,Yeni Taipei,sinbeisi,xin bei,xin bei shi,Νέα Ταϊπέι,Нови Тајпеј,Новий Тайбей,Новый Тайбэй,新北,新北市,신베이시",25.06199,121.45703,P,PPL,TW,,03,TPQ,,,4004367,,4,Asia/Taipei,2025-02-24,Taiwan,AS,Other Asia,19,22,32,36,582,23.345053,21.009409,20.994349,26.373253,31.869726,29.0875,33.355,22.847582,27.876883,18.690697,14.619624,16.712221,16.710619,0.31453127
148730,Zanzibar,Zanzibar,"Ilu Zanzibar,Poli tis Zanzivaris,Sansibar,Sansibar-Stadt,Unguja,ZNZ,Zanjibar,Zanjibor,Zanzibar,Zanzibar City,Zanzibar by,Zanzibaras,Zanzibaro,Zanzibár,Zanzíbar,janjibaleusiti,janjibara,mdynt znjbar,sang gei ba er shi,zanizibari,zanjibara,zanjibarushiti,zanzibari,zngbar,znjbar,znzybr syty,Ìlú Zanzibar,Πόλη της Ζανζιβάρης,Зanjибор,Занзибар,Занзібар,זנזיבר סיטי,زنجبار,زنجبار شہر,زنگبار,مدينة زنجبار,ज़ंजीबार,জাঞ্জিবার,ზანზიბარი,ዛንዚባር,ザンジバルシティ,桑给巴尔市,잔지바르시티",-6.16394,39.19793,P,PPLA,TZ,,25,5302,5302272,,709809,,14,Africa/Dar_es_Salaam,2026-04-14,Tanzania,AF,Sub-Saharan Africa,0,0,0,0,159,7.004463,11.541668,11.753273,6.7590046,3.5752776,5.079838,5.5345836,6.094086,6.627285,6.687777,7.06035,6.3802786,7.231317,0.3343914
152224,Mwanza,Mwanza,"MWZ,Muansa,Muanza,Muvanzo,Mvanza,Mwamza,Mwansa,Mwanza,meuwanja,moyanaja,mu wan zha,muwanza,mvanja,mvanza,mwanza,Мванза,Муанза,موانزا,म्वांजा,মোয়ানজা,მვანზა,ምwaniza,ምዋንዛ,ムワンザ,姆万扎,므완자",-2.51667,32.9,P,PPLA,TZ,,12,1903,1903042,,1104521,,1144,Africa/Dar_es_Salaam,2026-04-14,Tanzania,AF,Sub-Saharan Africa,0,0,0,0,181,9.040779,13.276211,9.946877,9.537366,5.2929173,5.5467744,8.729721,12.013038,12.441398,9.46111,8.097581,5.627362,8.379168,0.21405602
154380,Mbeya,Mbeya,"MBI,Mbee,Mbeja,Mbeya,ambya,mbeya,mbya,meubeya,mlya,mu bei ya,mubeya,Мбее,Мбея,امبیا,مبيا,مبیا,ملیا,म्बेया,ম্বেয়া,ምbeya,ምቤያ,ムベヤ,姆貝亞,므베야",-8.9,33.45,P,PPLA,TZ,,09,1208,1208222,,541603,,1697,Africa/Dar_es_Salaam,2026-04-14,Tanzania,AF,Sub-Saharan Africa,0,0,0,0,138,10.028835,9.729301,8.784375,7.304033,4.4448614,5.1233873,8.451529,10.795564,14.815187,15.850971,16.013039,10.61778,8.271371,0.26925316
160196,Dodoma,Dodoma,"DOD,Dadoma,Dodom,Dodoma,Dodomao,Dódóma,Idodoma,Ntontoma,do do ma,dodoma,du du ma,duo duo ma,dwdwma,dwdwmh,totoma,Ντοντόμα,Дадома,Додома,Դոդոմա,דאדאמא,דודומה,دودوما,دۆدۆما,ڈوڈوما,डोडोमा,दोदोमा,ਦੋਦੋਮਾ,டொடோமா,โดโดมา,დოდომა,ዶዶማ,ドドマ,多多马,杜篤瑪,도도마",-6.17221,35.73947,P,PPLC,TZ,,03,0105,0105272,,765179,,1125,Africa/Dar_es_Salaam,2024-12-02,Tanzania,AF,Sub-Saharan Africa,0,0,0,0,158,7.8782125,11.936828,9.064733,7.726344,3.7918055,5.1991935,8.064723,10.6068535,10.59879,7.4748626,8.550269,4.103333,7.2750006,0.17335407
160263,Dar es Salaam,Dar es Salaam,"DAR,Dar Es Salaam,Dar Es Salam,Dar as-Salom,Dar es Salaam,Dar es Salam,Dar es Salamas,Dar es Salams,Dar es Salám,Dar es-Salaam,Dar es-Salam,Dar əs Salam,Dar-ehs-Salam,Dar-ehs-Salam shaary,Dar-es-Salaam,Dar-es-Salam,Darasalam,Daresalama,Daresalamo,Daressalaam,Daressalam,Daruesselam,Darüsselam,Dárasalám,Dār es Salām,Dāresalāma,Ntar es Salam,Ntontoma,da lei si sa la mu,daleueseusallam,dar alslam,dar-es-salami,dar-xes-salam,dara asa salama,dara esa salama,daralslam,dari ʿisi salaም,daruesusaramu,san lan gang,tarus'salam,Νταρ ες Σαλάμ,Ντοντόμα,Дар ас-Салом,Дар ес Салам,Дар ес-Салаам,Дар-ес-Салам,Дар-эс-Салам,Дар-эс-Салам шаары,דאר א-סלאם,דאר עס סאלאאם,دار السلام,دارالسلام,دارېسسالام,दार अस सलाम,दार एस सलाम,দার এস সালাম,ਦਾਰ ਅਸ ਸਲਾਮ,தாருஸ்ஸலாம்,ดาร์-เอส-ซาลาม,ཏ་རེ་སི་ས་ལམ།,ဒါအက်စ် ဆယ်လန်းမြို့,დარ-ეს-სალამი,ዳር ኢስ ሳላም,ダルエスサラーム,三蘭港,达累斯萨拉姆,다르에스살람",-6.82349,39.26951,P,PPLA,TZ,,23,0702,0702132,,5383728,,24,Africa/Dar_es_Salaam,2026-04-14,Tanzania,AF,Sub-Saharan Africa,0,0,0,0,150,7.6446095,11.623118,11.366815,7.679973,5.1262507,5.7971773,6.2426395,6.3112907,7.1401877,7.635417,7.884811,7.239583,7.908468,0.22763236
161325,Arusha,Arusha,"ARK,Arusa,Aruscha,Arusha,Aruso,Aruŝo,Aruşa,a lu sha,arusa,arusha,arwsha,ʿerusha,Аруша,آروشا,أروشا,اروشا,अरुषा,আরুশা,አሩሻ,アルーシャ,阿鲁沙",-3.36667,36.68333,P,PPLA,TZ,,26,0203,0203152,,617631,,1415,Africa/Dar_es_Salaam,2026-04-14,Tanzania,AF,Sub-Saharan Africa,0,0,0,0,175,9.954794,11.378228,10.054017,9.910214,6.3984723,6.630242,9.97486,13.637904,12.727152,9.635138,10.894622,8.0731945,9.968012,0.21947904
687700,Zaporizhzhya,Zaporizhzhya,"Aleksandrovsk,Alessandrovia,Alexandrovsk,OZH,Oleksandrivs'k,Saporischschja,Saporoschje,Saporoshje,Zaparozhzha,Zaporiggia,Zaporijja,Zaporijjia,Zaporijjâ,Zaporijya,Zaporiyia,Zaporizhja,Zaporizhzhia,Zaporizhzhya,Zaporizia,Zaporizja,Zaporizjzja,Zaporizza,Zaporizzia,Zaporizzja,Zaporizzsja,Zaporižia,Zaporižja,Zaporižžia,Zaporižžja,Zaporoye,Zaporoze,Zaporozh'e,Zaporozhje,Zaporozhye,Zaporozi,Zaporozje,Zaporoże,Zaporožje,Záporoží,jarporyaay,zabarwjya,zha bo li ri zha,zha bo luo re,Алекса́ндровск,Запарожжа,Запорожье,Запорожје,Запоріжжя,Запоріжя,Олекса́ндрівськ,زاباروجيا,ဇာပိုရျေ,扎波罗热,扎波里日扎",47.85167,35.11714,P,PPLA,UA,,26,2306,13665177,,710052,105,63,Europe/Kyiv,2026-07-02,Ukraine,EU,Europe,0,0,0,0,1392,9.656735,8.963038,11.559227,11.618951,9.344998,7.6271505,13.494583,9.380512,8.267473,6.82611,7.2952952,13.262359,8.563978,0.18041803
694423,Sevastopol,Sevastopol,"Akhiar,Akhtyar,Akujar,Akyar,Aqjar,Aqyar,Sebastopol,Sebastopoli,Sebastopolis,Sebastopolo,Sebastòpol,Sevastopal',Sevastopol,Sevastopol',Sevastopole,Sevastopolis,Sevastopolj,Sevastopolo,Sevastopoľ,Sevastoupoli,Sewastopol,Sivastopol,Szevasztopol,Sébastopol,UKS,sai wa si tuo bo er,sbstwpwl,sebaseutopol,sevhastopola,sevuasutopori,swastwpwl,syfastwbwl,Σεβαστούπολη,Акъяр,Севастопаль,Севастопол,Севастополь,Севастопољ,סבסטופול,سواستوپول,سيفاستوبول,सेव्हास्तोपोल,ဆီပတ်စတိုပိုမြို့,სევასტოპოლი,セヴァストポリ,塞瓦斯托波爾,세바스토폴",44.60795,33.52134,P,PPLA,UA,,20,,,,547820,50,35,Europe/Simferopol,2026-04-08,Ukraine,EU,Europe,0,0,0,0,1266,8.966243,9.445026,8.78616,13.300673,8.722222,7.8719087,11.979586,8.170565,7.227689,5.610833,7.259274,11.352917,7.9087377,0.15796493
698740,Odesa,Odesa,"Adehsa,Ades,Juzhnaja stolica,Khadjibey,Khadzhibej,Kocjubiiv,ODS,Odesa,Odesa-mama,Odess,Odessa,Odessa osh,Odessae,Odesse,Odessos,Odessus,Odessza,Odissos,Oděsa,Otesa,Perlina Chornogo morja,Pivdenna Pal'mira,Pivdenna stolicja,Stolica Jumora,Udessa,Zhemchuzhina u morja,ao de sa,awdsa,awdysa,odesa,odessa,Ódessa,ʼwdysʼ,Οδησσός,Адэса,Жемчужина у моря,Коцюбіїв,Одеса,Одесс,Одессæ,Одесса,Одесса ош,Одессе,Перлина Чорного моря,Південна Пальміра,Південна столиця,Столица Юмора,Хаджибей,Южная столица,Օդեսա,Օտեսա,אדעס,אודיסא,אודסה,أوديسا,اودسا,اوديسا,اودیسا,ओदेसा,အိုဒက်ဆာမြို့,ოდესა,オデッサ,敖德薩,오데사",46.48572,30.74383,P,PPLA,UA,,17,5110,5110027,,1010537,50,34,Europe/Kyiv,2026-08-03,Ukraine,EU,Europe,0,0,0,0,1328,9.65548,9.564785,9.397173,12.615994,9.426944,10.050806,12.455974,8.6157255,8.722446,6.5230556,7.334946,12.241667,8.956586,0.14206924
702550,Lviv,Lviv,"Ilbav,Ilyvo,Ilyvó,L'viv,L'vou,L'vov,L'vov osh,LWO,Lavov,Lembaersch,Lemberg,Lemburg,Lembärsch,Leopoli,Leopolis,Leopolo,Leopołi,Leopul,Leópolis,Liopuli,Liov,Liòpuli,Ljviv,Lviv,Lvivo,Lvov,Lvova,Lvovas,Lwif,Lwiw,Lwow,Lwuw,Lwów,Lwůw,l wif,l'vov,lbwb,lfyf,li wo fu,libibeu,libiu,livhiva,liviv,lvov,lvovi,lvyv,lwhamywann,lwwf,lwyw,lywyw,lʻmbryq,rivuiu,İlbav,Ļvova,Ľvov,Λβιβ,Лавов,Лвов,Львив,Львов,Львов ош,Львоў,Львів,Լվով,לבוב,לעמבערג,לעמבריק,لفيف,لووف,لویو,لڤیڤ,لیویو,लिव्हिव,லிவீவ்,ลวีฟ,လွှမ်းယွန်း,ლვოვი,リヴィウ,利沃夫,리비브,리비우",49.83826,24.02324,P,PPLA,UA,,15,4606,13665176,,717273,,284,Europe/Kyiv,2026-07-02,Ukraine,EU,Europe,0,0,0,0,1471,9.440229,8.298388,14.434075,11.545968,8.235417,9.075538,10.234583,9.177957,8.173925,7.034445,7.6904573,9.59139,10.187903,0.18753058
703448,Kyiv,Kyiv,"Chijv,Chiovia,Civ,Cív,IEV,Kaenugardur,Keju,Ki ep,Ki ép,Kiebo,Kief,Kieu,Kiev,Kiev osh,Kievi,Kievom,Kievu,Kiew,Kiiev,Kiiv,Kijev,Kijeva,Kijevas,Kijew,Kijiv,Kijivo,Kijo,Kijow,Kijuw,Kijv,Kijów,Kijůw,Kiova,Kiovia,Kiyev,Kiyiw,Kiëf,Kjiv,Ko,Kueyiv,Kyev,Kyiiv,Kyiv,Kyiw,Kyjev,Kyjiv,Kyjiw,Kyèv,Kænugarður,Kíev,Kíjó,Kîev,Küyiv,Kő,Kʻiew,ji fu,kheiyf,kiu,kiv,kiva,kiyebha,kiyepeu,kyf,kyiva,kyyf,qyyb,Κίεβο,Кейӳ,Киев,Киев ош,Киевом,Киеву,Київ,Кијев,Кыив,Кыйив,Кіеў,Кꙑѥвъ,Կիև,Քիեւ,קייב,קיעוו,كىيېۋ,كييف,کیف,کیێڤ,کی‌یف,कीव,क्यीव,কিয়েভ,கீவ்,കീവ്,เคียฟ,ཀིབ།,ကီးယက်မြို့,კიევი,ኪየቭ,キーウ,基輔,키예프",50.45466,30.5238,P,PPLC,UA,,12,,,,2952301,,187,Europe/Kyiv,2026-08-14,Ukraine,EU,Europe,0,3,0,3,1484,11.4583025,9.684542,16.027678,14.514919,8.584445,10.222583,14.3862505,12.13871,10.304838,8.698472,9.66855,12.493334,11.163576,0.20538025
703845,Kryvyy Rih,Kryvyy Rih,"KWG,Krivi Rih,Krivi Rog,Krivii Rih,Krivij Rig,Krivij Rih,Krivijriha,Kriviy Rig,Krivoj Rog,Krivoj rog,Krivoy Rog,Krivoy Roq,Krivyj Rig,Kriví Rih,Krovoi Rig,Kruevuey Rih,Kryvy Rig,Kryvy Rih,Kryvy Rog,Kryvyi Rih,Kryvyj Rih,Kryvyj Rihas,Kryvyï Rih,Krywyj Rih,Krzywy Rog,Krzywy Róg,Krîvîi Rih,Krõvõi Rig,Krüvüy Rih,Krıvıy Rig,ke lei wei li ge,ke li wo luo ge,keulibiliheu,kh ri wi rikh,kryfy ryh,kryfyy ryh,qryby ryh,Криви Рог,Кривий Риҕ,Кривий Ріг,Кривой Рог,Кривой рог,Кривый Ріг,Крывы Рог,Կրիվոյ Ռոգ,קריבי ריה,كريفي ريه,کریفیی ریه,ครีวีริค,კრივოი-როგი,クルィヴィーイ・リーフ,克里沃罗格,克雷維里格,克雷维里格,크리비리흐",47.90572,33.39404,P,PPLA2,UA,,04,1206,1206017,,603904,84,95,Europe/Kyiv,2026-08-03,Ukraine,EU,Europe,0,0,0,0,1391,9.1087,8.266935,11.115179,10.52957,8.428334,6.8569894,11.954028,8.654166,8.028629,6.6502776,7.7135754,12.724584,8.683468,0.21937762
706483,Kharkiv,Kharkiv,"Carcovia,Carcóvia,Charcovia,Charkiv,Charkiw,Charkov,Charkovas,Charkow,Charków,HRK,Harkiv,Harkiva,Harkivo,Harkov,Harkova,Jarkov,Khar'kov,Kharkiv,Kharkov,Khar’kov,Xarkov,Xarkʻov,ha er ke fu,haleukiu,harikofu,hkarrkeb,hrqwb,kaleukipeu,kalipeu,kharkwf,Ĥarkivo,Ĥarkov,Харков,Харків,Харьков,Խարկով,Խարքով,חרקוב,خاركوف,ခါရ်ကီဗ်,ხარკოვი,ハリコフ,哈爾科夫,카르키프,카리프,하르키우",49.98177,36.25475,P,PPLA,UA,,07,6312,13665174,,1421125,94,128,Europe/Kyiv,2026-07-02,Ukraine,EU,Europe,0,0,0,0,1472,9.783368,8.828628,10.962351,11.247445,9.622777,8.9305105,13.714724,9.85282,9.263038,7.0313897,7.641667,12.64903,7.89543,0.21061315
709717,Donetsk,Donetsk,"Aleksandrovka,DOK,Daneck,Dinec'k,Dinec'ke,Dinetsk,Dinetske,Donbas City,Donbas-siti,Donec'k,Donec'ke,Doneck,Doneck osh,Donecka,Doneckas,Donecko,Donesk,Donetk,Donetsk,Donetsk i Ukraina,Donetske,Donezk,Donețk,Donieck,Donietsk,Donjeck,Doněck,Dońeck,Doņecka,Fornaces,Gorod milliona roz,Hughesovka,Iuziv,Iuzivka,Iuzov,Iuzove,Iuzovka,Jusow,Jusowka,Juziv,Juzivka,Juzove,Juzovka,Kalgorod,Kalhorod,Kalok,Misto mil'jona trojand,Misto miliona troiand,Misto milyona troyand,Ntonetsk,Oleksandrivka,Shakhtars'ka stolicja,Shakhtarska stolytsia,Shakhtarska stolytsya,Solov'ianenkove,Solov'janenkove,Solov'yanenkove,Solovianenkove,Solovyanenkove,Stalin,Staline,Stalino,Yuziv,Yuzov,Yuzove,Yuzovka,Yuzovo,deanerrsk,do net skh,donaatit,donecheukeu,donetska,donetsuiku,dun nie ci ke,dwntsk,dwnytsk,dwnzq,tonetsk,Ντονέτσκ,Город миллиона роз,Данецк,Донбас-сіті,Донецк,Донецк ош,Донецьк,Донецьке,Доњецк,Дінецьк,Дінецьке,Калгород,Калок,Місто мільйона троянд,Олександрівка,Солов'яненкове,Сталино,Сталіне,Сталіно,Шахтарська столиця,Юзове,Юзовка,Юзів,Юзівка,Դոնեցկ,דונצק,دونتسک,دونيتسك,دونیتسک,دۆنێتسک,दोनेत्स्क,தோனெத்ஸ்க்,ഡൊണെറ്റ്സ്ക്,โดเนตสค์,ဒိုနက်စ်,დონეცკი,ドネツィク,頓涅茨克,도네츠크",48.023,37.80224,P,PPLA,UA,,05,1408,9030692,,901645,,223,Europe/Kyiv,2026-07-02,Ukraine,EU,Europe,0,0,0,0,1393,11.159844,10.301477,13.164286,13.4838705,10.289722,8.831988,15.2699995,10.983603,10.029974,7.8297224,8.336558,15.305139,10.4165325,0.20875257
709930,Dnipro,Dnipro,"Caterinoslavia,Catherinoslav,DNK,Dnepr,Dnepropetrovsk,Dniepr,Dniepropetrovskas,Dnipro,Dnipropetrovs'k,Dnipropetrovsk,Dnipropetrovsko,Dnipropetrowsk,Dniproslav,Dnipró,Dnjepropetrovsk,Dnjipro,Dnjipropetrovsk,Dnyipro,Dněpropetrovsk,Dņipro,Ekaterineslaw,Ekaterinoslav,Katerinoslav,Katerynoslav,Novij Kodak,Novorosiynsk,Novyy Kodak,Ntnipro,Sicheslav,Sichoslav,d ni por pet rxfskh,daneparo,daneparopaattarotbit,deunipeulopeteulousikeu,dnepropetrovska,dnepʼri,dnybrw,dnyprwptrwbsq,dnyprwptrwfsk,dnyprwptrwwsk,dnyprʼ,donipuro,donipuropetoroushiku,nie bo cheng,Ντνίπρο,Днепр,Днепропетровск,Днипро,Дніпро,Дніпропетровськ,Дніпрослав,Днїпро,Дњипро,Екатеринослав,Катеринослав,Новий Кодак,Січослав,Դնեպր,Եկատերինեսլաւ,דניפרא,דניפרופטרובסק,دنيبرو,دنیپروپتروفسک,دنیپروپترووسک,द्नेप्रोपेत्रोव्स्क,ดนีโปรเปตรอฟสค์,ဒနီပရို,ဒနီပရိုပက်တရော့ဗ်စ်,დნეპრი,ドニプロ,ドニプロペトロウシク,聶伯城,드니프로페트로우시크",48.46664,35.04066,P,PPLA,UA,,04,1202,13665175,,968502,120,61,Europe/Kyiv,2026-08-30,Ukraine,EU,Europe,0,0,0,0,1409,10.059454,9.181855,12.261012,11.863979,10.0441675,8.302687,13.750835,9.730915,8.438979,6.936667,8.017473,13.549862,8.978494,0.18839943
232422,Kampala,Kampala,"Campala,IKampala,KLA,Kaempaala,Kambaala,Kampal,Kampala,Kampalo,Kanpala,kam pa la,kambala,kampala,kampalla,kan pa la,kanpara,kapala,kmbala,kmpala,qmplh,Καμπάλα,Кампала,Կամպալա,קאמפאלא,קמפלה,كامبالا,كامپالا,كمبالا,کامپالا,کمپالا,کمپالہ,कंपाला,कम्पाला,ਕੰਪਾਲਾ,କାମ୍ପାଲା,கம்பாலா,กัมปาลา,ཀམ་པ་ལ།,კამპალა,ካምፓላ,カンパラ,坎帕拉,캄팔라",0.31628,32.58219,P,PPLC,UG,,C,37,8644170,8658346,1680600,,1223,Africa/Kampala,2025-12-14,Uganda,AF,Sub-Saharan Africa,11,19,11,19,198,24.89162,31.419355,23.901932,24.344624,20.592638,16.983738,22.571112,27.881992,28.321236,25.729723,24.113174,25.121252,27.443815,0.28509203
10943053,Nansana,Nansana,"Nansana,Нансана",0.36389,32.52861,P,PPL,UG,,C,96,7732385,8658059,532800,,1218,Africa/Kampala,2026-09-14,Uganda,AF,Sub-Saharan Africa,11,19,11,19,198,24.89162,31.419355,23.901932,24.344624,20.592638,16.983738,22.571112,27.881992,28.321236,25.729723,24.113174,25.121252,27.443815,0.28509203
4140963,Washington,Washington,"D.C.,District of Columbia,Federal Capital,Federal City,Federal Town,Ouasinkton,Ranatakariahshne,Ranatakariáhshne,Territory of Columbia,Vashington,Vasingtonas,Vasingtonia,Vasingtono,Vaŝingtono,Vašingtonas,WAS,Washington,Washington City,Washington D. C.,Washington D.C.,Washington DC,Waszyngton,hua sheng dun te qu,wosingteon D.C.,wosingteon DC,Ουάσιγκτον,Вашингтон,华盛顿特区,워싱턴 D.C.,워싱턴 DC",38.89511,-77.03637,P,PPLC,US,,DC,001,,,689545,7,6,America/New_York,2026-06-12,United States,NA,North/Central America,10,17,14,30,1054,11.795516,12.789785,10.705061,8.031586,8.769166,10.283468,17.17014,15.121238,15.548925,13.893473,8.506721,9.727918,10.969892,0.24424706
4160021,Jacksonville,Jacksonville,"Ceksonvill,Cow Creek,Cow Ford,Cowford,Dzeksonvil,Dzeksonvila,Dzeksonvilis,Dzhaksnvil,Dzhehksanvil,Dzhehksonvill,Dzheksonvill,Džeksonvila,Džeksonvilis,Gaksonvilo,Iacsoniapolis,Iacsonvilla,JAX,Jacksonville,Tzaksonvil,Wakka Pilatka,Zhehksonvill,gqswnwwyl,jaegseunbil,jaikasanavila,jaiksanavila,jakcanvil,jakswnfyl,jakusonbiru,jeksanavhila,jeksonvili,jie ke xun wei er,jyakasanabhila,jyaksanabhila,jyksn wyl,Ĝaksonvilo,Τζάκσονβιλ,Џексонвил,Джаксънвил,Джексонвілл,Джэксанвіл,Джэксонвилл,Жэксонвилл,Ջեքսոնվիլ,גקסונוויל,جاكسونفيل,جکسون‌ویل,جیکسن ویل,जॅक्सनव्हिल,जैक्सनविल,ज्याकसनभिल,জ্যাক্সনভিল,ਜੈਕਸਨਵਿਲ,ஜாக்சன்வில்,แจ็กสันวิลล์,ჯექსონვილი,ジャクソンビル,杰克逊维尔,잭슨빌",30.33218,-81.65565,P,PPLA2,US,,FL,031,,,1009833,5,12,America/New_York,2025-06-25,United States,NA,North/Central America,6,7,6,7,702,9.080077,8.063306,11.448809,8.520699,8.891805,8.573118,13.125555,10.376749,8.741801,7.9384713,6.770699,8.050555,8.7430105,0.22438644
4180439,Atlanta,Atlanta,"ATL,Atlant,Atlanta,Atlantae,Atlanto,Atlonta,Canebrake,Marthasdale,Marthasville,Standing Peachtree,Terminus,White Hall,Whitehall,aeteullaenta,arr‌lanra nagaram,atalanta,ateullaenta,ateullanta,atlanta,atoranta,atʼlantʼa,etalanta,etlanta,xætlænta,ya te lan da,Ατλάντα,Атлантæ,Атланта,Ատլանտա,אטלאנטא,אטלנטה,آتلانتا,أتلانتا,ئەتڵانتا,اتلانتا,اٹلانٹا,اٹلانٹا، جارجیا,अटलांटा,अटलान्टा,एट्लान्टा,एत्लान्ता,আটলান্টা,ਅਟਲਾਂਟਾ,એટલાન્ટા,அட்லான்டா,అట్లాంటా,ಅಟ್ಲಾಂಟಾ,അറ്റ്‌ലാന്റാ നഗരം,แอตแลนตา,ཨ་ཊི་ལཱན་ཊཱ།,အတ္တလန္တာမြို့,ატლანტა,አትላንታ,アトランタ,亚特兰大,亞特蘭大,아틀란타,아틀랜타,애틀랜타",33.749,-84.38798,P,PPLA,US,,GA,121,,,510823,320,336,America/New_York,2026-04-14,United States,NA,North/Central America,4,7,6,13,822,12.110564,12.734139,13.817559,8.365053,9.589583,10.972581,18.854582,12.12218,13.673789,13.855832,7.037769,9.634027,14.947444,0.23430733
4259418,Indianapolis,Indianapolis,"IND,Indianapoles,Indianapoli,Indianapolis,Indianapolisa,Indianapolės,Indianapòlis,Indianàpolis,Indianápolis,Indijanapolis,Indiyanapolis,Indyjanapalis,andyanabwlys,anډyana pwlys,ayndyanapwlys,idi'anapolisa,indiaenapolliseu,indianaporisu,indiyanapolis,indiyanapolisa,intiyanapolis,xin deiy næ pho lis,yin di an na bo li si,İndianapolis,Ινδιανάπολη,Індыянапаліс,Індіанаполіс,Индианаполис,Индијанаполис,Ինդիանապոլիս,אינדיאנאפאליס,אינדיאנפוליס,إنديانابوليس,انڈیاناپولس,انڈیاناپولس، انڈیانا,انډيانا پوليس,ایندیاناپولیس,इंडियानापोलिस,इन्डियानापोलिस,इन्डियानापोलिस्,इन्दियानापोलिस,ইন্ডিয়ানাপোলিস,ਇੰਡੀਆਨਾਪੋਲਿਸ,இண்டியானாபொலிஸ்,อินเดียแนโพลิส,ინდიანაპოლისი,ኢንዲያናፖሊስ,インディアナポリス,印第安納波利斯,인디애나폴리스",39.76838,-86.15804,P,PPLA,US,,IN,097,11512,,887642,218,248,America/Indiana/Indianapolis,2026-08-14,United States,NA,North/Central America,3,6,4,8,1078,9.036766,10.292338,10.375001,7.354571,7.5136104,8.9119625,15.11222,9.65,9.779838,9.041667,5.611693,6.179027,8.803631,0.24441384
4299276,Louisville,Louisville,"Louisvil,Louisville,Louisville-Jefferson County,Ludovicopolis,Luisvil,Luisvilis,Luisvill,Luivil,Luivila,Lujzvill,Lūivila,SDF,lu yi wei er,lu'ivhila,lu-ibil,lu-ijeubil,lubhala,luisvili,luizvili,luy s will,luyivil,lwyfyl,lwyywyl  kntaky,ruibiru,Λούισβιλ,Луивил,Луисвил,Луисвилл,Луйзвилл,Луісвіл,Луїсвілл,Լուիսվիլ,לואיוויל,لوئیزویل، کینٹکی,لويفيل,لوییویل، کنتاکی,लुईव्हिल,লুভল,லூயிவில்,ลุยส์วิลล์,ლუიზვილი,ლუისვილი,ルイビル,路易維爾,루이빌,루이즈빌",38.25424,-85.75941,P,PPLA2,US,,KY,111,,,624444,142,143,America/Kentucky/Louisville,2025-04-14,United States,NA,North/Central America,9,11,9,12,1041,9.324052,8.960081,9.147321,7.253897,7.001944,9.40672,15.2750025,11.882257,11.881047,10.397221,5.9912634,6.1420827,8.581721,0.19865085
4347778,Baltimore,Baltimore,"BWI,Baltemore Town,Baltimor,Baltimor shaary,Baltimora,Baltimore,Baltimore City,Baltimoro,Baltimorė,Baltimòra,Baltymar,Charm City,Jonas Town,Jones Town,Jonestown,Old Town,Oldtown,Valtimori,ba er de mo,balatimora,baltimor,baltimora,baltymwr,baltʼimori,boltimo-eo,boruchimoa,bwltymwr,bxl thim xr,palttimor,Βαλτιμόρη,Балтимор,Балтимор шаары,Балтымар,Բալթիմոր,באלטימאר,בולטימור,بالتيمور,بالتیمور,بالٹیمور,بالٹیمور، میری لینڈ,बाल्टिमोर,बाल्टीमोर,বাল্টিমোর,ਬਾਲਟੀਮੋਰ,பால்ட்டிமோர்,ಬಾಲ್ಟಿಮೋರ್,ബാൾട്ടിമോർ,บอลทิมอร์,བྷལ་ཏྲི་མོར།,ဘော်လ်တီမိုးမြို့,ბალტიმორი,ボルチモア,巴爾的摩,볼티모어",39.29038,-76.61219,P,PPLA2,US,,MD,510,,,585708,10,35,America/New_York,2025-07-24,United States,NA,North/Central America,4,7,10,16,1066,11.468052,12.709006,10.815477,8.093548,8.476111,9.876345,16.940834,14.963843,14.14852,12.709584,7.9233875,9.651666,11.306587,0.24122898
4460243,Charlotte,Charlotte,"CLT,Carolinum,Charlotte,Charlotte i Nord-Carolina,Charlottesburg,Charlottesburgh,Sarlot,Sarlota,Sarlote,Sarloto,Sarlott,Sharlt,Sharlat,Sharlot,Sharlott,carlat,charlxtt,saralata,sarlata,sarlet,sharlotʼi,sharlwt  karwlynay shmaly,sharotto,syalleos,syallos,tsharlwt,xia luo te,Ŝarloto,Şarlott,Šarlota,Šarlotė,Σάρλοτ,Шарлат,Шарлот,Шарлотт,Шарлът,Շառլոթ,שארלוט,تشارلوت,شارلوت، کارولینای شمالی,شارلوٹ، شمالی کیرولائنا,शार्लट,শার্লট,ਸ਼ਾਰਲਟ,சார்லட்,షార్లెట్,ಷಾರ್ಲೆಟ್,ชาร์ลอตต์,შარლოტი,シャーロット,夏洛特,샬럿,샬롯",35.22709,-80.84313,P,PPLA2,US,,NC,119,,,911311,229,272,America/New_York,2025-06-25,United States,NA,North/Central America,3,7,3,9,890,11.082239,13.670296,11.874405,7.8463707,8.290417,9.413036,14.997222,12.54973,13.177014,12.053471,6.910753,8.770971,13.50282,0.20026463
4509177,Columbus,Columbus,"CMH,Columbopolis,Columbus,Columbus i Ohio,Franklin,Franklinton,Kalumbus,Kolambus,Kolompous,Kolumbas,Kolumbo,Kolumbs,Kolumbu,Kolumbus,Kolumbusa,Kulumbus,ge lun bu,kalabasa,kalambasa,kholambas,klmbws  awhayw,kolambas,kolambasa,kolampas,kolleombeoseu,koronbasu,kweloምbesi,kwlmbs,kwlwmbws,qwlwmbws,Κολόμπους,Калумбус,Коламбус,Колумбус,Кълъмбъс,Կոլումբուս,קאלומבוס,קולומבוס,كولومبوس,کلمبوس، اوهایو,کولمبس,کولمبس، اوہائیو,कोलंबस,कोलम्बस,कोलम्बस्,কলম্বাস,ਕਲੰਬਸ,கொலம்பஸ்,โคลัมบัส,კოლუმბუსი,ኮሎምበስ,コロンバス,哥伦布,哥倫布,콜럼버스",39.96118,-82.99879,P,PPLA,US,,OH,049,18000,,913175,235,242,America/New_York,2026-04-14,United States,NA,North/Central America,5,5,5,6,1087,8.822338,10.313039,9.582888,6.781452,7.1661115,7.741935,16.046667,9.2155905,8.881856,8.723333,5.6193547,6.829027,9.1525545,0.2165714
4544349,Oklahoma City,Oklahoma City,"Aklakhoma-Sici,Caayr Oklahoma,Cathair Oklahoma,Dinas Oklahoma,Kota Oklahoma,Kutha Oklahoma,Lungsod ng Oklahoma,Maxeponoe,Maxepónoe,OKC,Okla city,Oklachoma Siti,Oklahoma,Oklahoma Ceety,Oklahoma City,Oklahoma Shehri,Oklahoma Sites,Oklahoma Siti,Oklahoma Sitis,Oklahoma Sitės,Oklahoma Station,Oklahoma llaqta,Oklahomasitija,Oklahomaurbo,Oklakhoma,Oklakhoma Siti,Oklakhoma-Siti,Oklakhomae-Siti,Oklaxoma Shehiri,aklahma syty,ao ke la he ma shi,awklahwma syty,e ke la he ma cheng,okalahoma siti,okeullahomasiti,oklahoma nakaram,oklahoma siti,oklahoma-siti,okurahomashiti,xo khla ho ma si ti,ʿokilahoma siti,Οκλαχόμα Σίτι,Аклахома-Сіці,Оклахомæ-Сити,Оклахома,Оклахома Сити,Оклахома-Сити,Оклахома-Сіті,Օկլահոմա Սիթի,אוקלהומה סיטי,أوكلاهوما سيتي,اوکلاهوما سيتي,اوکلاہوما شہر، اوکلاہوما,اکلاهما سیتی,ओक्लाहोमा सिटी,ওকলাহোমা সিটি,ਓਕਲਾਹੋਮਾ ਸਿਟੀ,ஓக்லஹோமா நகரம்,โอคลาโฮมาซิตี,ოკლაჰომა-სიტი,ოქლაჰომა-სითი,ኦክላሆማ ሲቲ,オクラホマシティ,俄克拉荷馬城,奧克拉荷馬市,오클라호마시티",35.46756,-97.51643,P,PPLA,US,,OK,109,,,681054,366,395,America/Chicago,2026-04-14,United States,NA,North/Central America,3,4,3,4,910,7.261162,8.279839,9.067411,4.931989,6.6798606,7.1583333,7.7813888,8.173791,10.084409,9.274306,5.699328,4.322222,5.82406,0.14396758
4560349,Philadelphia,Philadelphia,"Coaquannock,Fi-sang,Fi-sàng,Filadehl'fija,Filadel'fi,Filadel'fij,Filadel'fija,Filadelfi,Filadelfia,Filadelfiae,Filadelfie,Filadelfii,Filadelfija,Filadelfijo,Filadelfio,Filadelfiya,Filadelfiye,Filadelfiä,Filadèlfia,Filadélfia,Filadélfiye,Ga-na-ta-jen-go-na,PHL,Phila,Philadelpheia,Philadelphia,Philadelphie,Philly,Quequenakee,Tsi wahswen:to Tekahso:ken,Tsi wahswèn:to Tekahsó:ken,fei cheng,fi la delfeiy,filadailafi'a,firaderufia,flaڈylfya,fyladlfya,fyladlfya  pnsylwanya,philadelaphiya,philadelphiya,piladelpia,pilatelpiya,pilladelpia,pyldlpyh,Φιλαδέλφεια,Филаделфиа,Филаделфия,Филаделфија,Филадельфи,Филадельфий,Филадельфия,Філадельфія,Філадэльфія,Ֆիլադելֆիա,פילאדעלפיע,פילדלפיה,فلاڈیلفیا,فلاڈیلفیا، پنسلوانیا,فيلادلفيا,فیلادلفیا,فیلادلفیا، پنسیلوانیا,फिलाडेल्फिया,ফিলাডেলফিয়া,ਫ਼ਿਲਾਡੈਲਫ਼ੀਆ,ફિલાડેલ્ફિયા,பிலடெல்பியா,ఫిలడెల్ఫియా,ಫಿಲಡೆಲ್ಫಿಯಾ,ഫിലഡെൽഫിയ,ฟิลาเดลเฟีย,ဖီလာဒဲလ်ဖီးယားမြို့,ფილადელფია,ፊላዴልፊያ,ភីឡាដេលផ្យា,フィラデルフィア,費城,费城,필라델피아",39.95238,-75.16362,P,PPLA2,US,,PA,101,60000,,1573916,12,8,America/New_York,2025-04-14,United States,NA,North/Central America,76,83,92,104,1088,12.641588,14.125402,13.314733,9.860483,9.722916,10.390995,16.661943,14.902152,16.052689,13.639721,8.309813,12.016112,12.814786,0.22707494
4641239,Memphis,Memphis,"MEM,Memfis,Memfisa,Memphis,Memphis Tennesiae,Menfis,Mémfis,Mênfis,memfis,memhpis,memphisa,mempiseu,mempisi,menfisu,meng fei si,mmfys,mmfys  tnsy,mmpys,Μέμφις,Мемфис,Мемфіс,Մեմֆիս,ממפיס,מעמפיס,ممفيس,ممفیس,ممفیس، تنسی,میمفس، ٹینیسی,मेम्फिस,মেম্ফিস,மெம்ஃபிஸ்,เมมฟิส,მემფისი,メンフィス,孟菲斯,孟非斯,멤피스",35.14953,-90.04898,P,PPLA2,US,,TN,157,,,633104,78,84,America/Chicago,2025-07-15,United States,NA,North/Central America,1,2,2,3,889,8.576907,10.0118265,9.398512,5.329301,6.655,8.568011,13.097362,11.032259,10.893012,10.021529,4.539919,6.4509716,7.0665317,0.19722937
4644585,Nashville,Nashville,"BNA,French Lick,Nachville,Nasburgum,Nashboro,Nashborough,Nashfile,Nashvil,Nashvill,Nashville,Nashville-Davidson,Nashwil,Nasvelis,Nasvil,Nasvila,Nasvilo,Naŝvilo,Našvila,Našvėlis,Nehshvill,Neshvil,Neshvill,Nesvil,Nesvilis,Nesvill,Neşvill,Nešvilis,n'yasabhila,n'yasbhila,n'yasbhilla,na shen wei er,na shu wei er,naesyubil,naisavila,nashfyl,nashiviል,nashwyl,nasshubiru,nasvil,nesavhila,neshvili,nshwyl,Νάσβιλ,Нашвил,Нашвилл,Нашвіл,Нашвілл,Нешвил,Нэшвилл,Նեշվիլ,נאשוויל,ناشفيل,ناشولے,ناشويل,نشویل,نیشویل، ٹینیسی,नाश्विल्,नॅशव्हिल,नैशविल,न्याश्भिल,न्यास्भिल्ल,ন্যাশভিল,ਨੈਸ਼ਵਿਲ,நாஷ்வில்,แนชวิลล์,ნეშვილი,ናሽቪል,ナッシュビル,納殊維爾,纳什维尔,내슈빌",36.16589,-86.78444,P,PPLA,US,,TN,037,,,689447,170,171,America/Chicago,2026-04-14,United States,NA,North/Central America,3,3,3,4,937,9.220469,9.756452,11.049703,6.4241934,7.217917,9.136694,14.564026,10.329033,10.706991,11.430555,5.228226,6.8615284,8.220296,0.19666004
4645421,New South Memphis,New South Memphis,"N'ju Saut Memfis,Нью Саут Мемфис",35.08676,-90.05676,P,PPLX,US,,TN,157,,,641608,79,79,America/Chicago,2026-09-14,United States,NA,North/Central America,1,1,2,3,889,8.576907,10.0118265,9.398512,5.329301,6.655,8.568011,13.097362,11.032259,10.893012,10.021529,4.539919,6.4509716,7.0665317,0.19722937
4671654,Austin,Austin,"AUS,Austin,Austino,Austinopolis,Aŭstino,Montopolis,Oscin,Ostin,Ostina,Ostinas,Ostins,Waterloo,ao si ting,asatina,astin,astina,astyn  tgzas,asټn,awstn,ke shi dian,oseutin,ostina,ostʼini,osutin,xxstin,Ώστιν,Остин,Остін,Осцін,Օստին,אוסטין,אסטין,آستین، تگزاس,آسٹن,آسٹن، ٹیکساس,آسټن,أوستن,अस्टिन,अस्तिन,आस्टिन्,ऑस्टिन,অস্টিন,ਆਸਟਿਨ,ஆஸ்டின்,ഓസ്റ്റിൻ,ออสติน,ოსტინი,ኦስቲን፣ ቴክሳስ,ᎠᏍᏘᏂ,オースティン,奧斯汀,柯士甸,오스틴",30.26715,-97.74306,P,PPLA,US,,TX,453,,,974447,149,165,America/Chicago,2026-04-14,United States,NA,North/Central America,3,13,9,22,701,7.974349,7.7947583,9.411607,6.705377,7.43875,8.647447,9.148194,8.721506,9.456049,8.154582,7.1178765,5.7918067,7.3993273,0.22007334
4684888,Dallas,Dallas,"DFW,Dalas,Dalasa,Dalasas,Dalaso,Dallas,Dallas shaary,Dallasium,Ntalas,da la si,daelleoseu,dailasa,dalas,dalasa,dalasi,dallas,dallasa,dallaseu,darasu,delasa,dæ llas,talas,Ντάλας,Далас,Даллас,Даллас шаары,Դալաս,דאלאס,دالاس,داللاس,داڵاس,ڈیلاس,डॅलस,डैलस,ডালাস,ਡਾਲਸ,ડલ્લાસ,டாலஸ்,డల్లాస్,ഡാളസ്,แดลลัส,ဒါးလတ်စ်မြို့,დალასი,ዳላስ,ダラス,達拉斯,달라스,댈러스",32.78306,-96.80667,P,PPLA2,US,,TX,113,,,1326087,128,139,America/Chicago,2025-06-25,United States,NA,North/Central America,2,5,2,12,799,10.667464,13.159004,11.440476,7.7830644,9.420277,12.61653,10.518889,10.346503,13.991533,13.4772215,9.587634,7.2675,8.411694,0.18370406
4691930,Fort Worth,Fort Worth,"Arx Vorthensis,Camp Worth,FTW,Fort Gouorth,Fort Uehrt,Fort Uert,Fort Uurt,Fort Vort,Fort Worth,Fort-Owert,Fort-Uehrt,Fort-Vort,Fortverta,Fortvortas,Fortvorto,Fortvērta,Ft Worth,f xrtweirth,forata varatha,fotowasu,fwrt wwrth,fwrt wwrth  tgzas,phorta oyartha,phorta vartha,portʼ-uerti,poteuwoseu,pwrt wwrt,vort kottai,wo si bao,Φορτ Γουόρθ,Форт Ворт,Форт Уърт,Форт Уэрт,Форт-Ворт,Форт-Уэрт,Ֆորտ-Ուերտ,פורט וורת,فورت وورث,فورت وورث، تگزاس,فورٹ ورتھ,فورٹ ورتھ، ٹیکساس,फोर्ट वर्थ,ফোর্ট ওয়ার্থ,ਫ਼ੋਰਟ ਵਰਥ,வொர்த் கோட்டை,ഫോർട്ട് വർത്ത്,ฟอร์ตเวิร์ท,ფორტ-უერთი,フォートワース,沃思堡,포트워스",32.72541,-97.32085,P,PPLA2,US,,TX,439,,,1008106,199,203,America/Chicago,2025-06-25,United States,NA,North/Central America,3,8,4,13,798,9.896949,11.660081,10.98363,6.837499,8.892361,11.559409,10.147361,9.286157,13.361829,12.786389,9.059813,6.4825,7.770295,0.16551584
4699066,Houston,Houston,"Chiouston,HOU,Hiu-su-tun,Hiustonas,Hiû-sṳ̂-tûn,Hjuston,Hjustona,Hjūstona,Houston,Houston City,Hustonia,Hustono,Hyuston,Kh'juston,Khjustn,Khjustan,Khjuston,hi'ustana,hiustʼoni,hiws tan,hiyustan,hou si dun,husatana,hyuseuteon,hyustan,hyustana,hyusuton,hywstn,hywstwn,xiu si dun,ywstwn,Χιούστον,Хьюстон,Хюстан,Хюстън,Хјустон,Х’юстон,Հյուստոն,היוסטן,יוסטון,هيوستن,هیوستون,ھیووستن,ہywsٹn,ہیوسٹن,ह्युस्टन,হিউস্টন,ਹੂਸਟਨ,હ્યુસ્ટન,ஹியூஸ்டன்,హ్యూస్టన్,ഹ്യൂസ്റ്റൺ,ฮิวสตัน,ဟူစတန်မြို့,ჰიუსტონი,ሂውስተን,ヒューストン,休斯敦,休斯頓,休斯顿,侯斯頓,휴스턴",29.76328,-95.36327,P,PPLA2,US,,TX,201,,,2314157,12,30,America/Chicago,2025-05-08,United States,NA,North/Central America,66,71,74,88,675,11.60394,9.695565,10.987054,11.095833,10.654307,11.338172,12.985974,13.519892,14.343819,14.310833,10.639517,9.260556,10.381721,0.2558287
4726206,San Antonio,San Antonio,"SAT,San Antonijus,San Antonio,San Antonio (Texas),San Antonio de Bejar,San Antoniyo,San Antònio,San-Antonia,San-Antonio,Sanantonio,Sanctus Antonius,can antoniyo,saen-antonio,saina entoniyo,san antoniyo,san antwnyw,san'antonio,san-antʼonio,sana antoni'o,sena amtoniyo,sheng an dong ni ao,Σαν Αντόνιο,Сан Антонио,Сан-Антонио,Сан-Антоніа,Сан-Антоніо,Սան Անտոնիո,סאן אנטאניא,סן אנטוניו,سان آنتونیو,سان أنطونيو,سان انٹونیو,सॅन अँटोनियो,सैन एन्टोनियो,স্যান অ্যান্টোনিও,ਸਾਨ ਆਂਤੋਨੀਓ,சான் அந்தோனியோ,శాన్ అంటోనియో,സാൻ അന്റോണിയോ,แซนแอนโทนีโอ,სან-ანტონიო,サンアントニオ,圣安东尼奥,聖安東尼奧,샌안토니오",29.42412,-98.49363,P,PPLA2,US,,TX,029,,,1526656,198,202,America/Chicago,2025-06-25,United States,NA,North/Central America,5,6,6,8,674,7.8734283,7.9962363,9.896728,7.4584665,7.6147213,8.903495,8.893194,8.062635,8.182392,7.282778,6.8654575,5.767778,7.6905923,0.16246034
4887398,Chicago,Chicago,"CHI,Cekaga,Chi-ka-ko,Chi-kâ-kô,Chicago,Chicagu,Chikago,Chykaga,Cikaga,Cikago,Cikaqo,E-Chicago,Kikako,Shikago,Sicagum,Sikago,The Windy City,Tsikago,Windy City,chikhako,cikago,cikako,shikago,shkagw,shykaghw,shykagw,shykajw,shyqgw,sikago,sikkagea,syqgw,zhi jia ge,Çikago,Çikaqo,Ĉikago,Čikaga,Čikago,Čikāga,Čėkaga,Şikago,Σικάγο,Чикаго,Чикаґо,Чыкага,Шикаго,Չիկագո,שיקאגא,שיקגו,شيكاجو,شيكاغو,شکاگو,شیکاگو,شیکاگۆ,ܫܝܩܓܘ,शिकागो,শিকাগো,ਸ਼ਿਕਾਗੋ,சிகாகோ,చికాగో,ಶಿಕಾಗೊ,ഷിക്കാഗോ,ชิคาโก,ရှီကာဂိုမြို့,ჩიკაგო,ሺካጎ,ᓰᖄᑯ,Ṣìkágò,シカゴ,芝加哥,시카고,𐍃𐌾𐌹𐌺𐌰𐌲𐍉",41.85003,-87.65005,P,PPLA2,US,,IL,031,14000,,2664452,179,180,America/Chicago,2025-06-21,United States,NA,North/Central America,9,23,18,39,1167,11.33913,9.730646,12.063987,10.1180105,9.998055,10.868144,18.963196,15.206854,13.104571,11.389998,6.6958337,7.449028,10.630241,0.28912
4930956,Boston,Boston,"BOS,Baston,Bostan,Boston,Bostona,Bostonas,Bostone,Bostonia,Bostono,Bostons,Bostun,Bostún,Mushauwomuk,Old Boston,Po-su-tun,Pokekona,Pô-sṳ-tun,Shawmut,Shawmutt,Shawnnut,Totant,Tramount,Tremont,Trimountain,Trimountaine,Vostoni,Wahstoronon:ke,Wahstoronòn:ke,Wastok,bastan,bastana,bausatana,beasrraൺ,bo shi dun,boseuteon,bostan,bostana,bostʼoni,bosuton,bwstn,bwstwn,bwsټn,bxstan,pastan,Βοστωνη,Βοστώνη,Бостан,Бостон,Бостън,Բոստոն,באסטאן,בוסטון,بوستون,بوسطن,بوسٹن,بوسټن,بۆستن,ܒܘܣܛܘܢ,बस्तन,बास्टन्,बॉस्टन,बोस्टन,বস্টন,ਬੌਸਟਨ,பாஸ்டன்,బోస్టన్,ಬಾಸ್ಟನ್,ബോസ്റ്റൺ,บอสตัน,བོ་སེ་ཊོན།,ဘော့စတွန်မြို့,ბოსტონი,ቦስቶን,ボストン,波士頓,波士顿,보스턴",42.35843,-71.05977,P,PPLA,US,,MA,025,07000,,653833,14,38,America/New_York,2026-04-14,United States,NA,North/Central America,16,33,22,40,1180,10.056895,9.406183,10.346725,8.980108,7.139305,8.258468,17.351252,12.447043,13.702821,10.436942,6.603361,7.9769454,8.147984,0.19921601
4951305,South Boston,South Boston,"Dorchester Heights,Saut Boston,South Boston,Саут Бостон",42.33343,-71.04949,P,PPLX,US,,MA,025,07000,,571281,14,20,America/New_York,2026-09-14,United States,NA,North/Central America,16,32,21,39,1180,10.056895,9.406183,10.346725,8.980108,7.139305,8.258468,17.351252,12.447043,13.702821,10.436942,6.603361,7.9769454,8.147984,0.19921601
4990729,Detroit,Detroit,"D-town,DTT,Dehtrojt,Detroit,Detroita,Detroitas,Detroitum,Detrojt,Detrojto,Detroyt,Détroit,Détroyt,Mo-Town,Motor City,Motown,Ntitroit,The D,Tiughsaghrondy,Tsi kiohsahron:ta,Tsi kiohsahrón:ta,Wawyachtenok,detoroito,detra'ita,detrayeta,detrayit,detro'ita,detʼroitʼi,di te lu,di thrx yt,ditara'ita,diteuloiteu,dtrwyt,dytrwyt,titrayit,Ντιτρόιτ,Детроит,Детройт,Дэтройт,Դետրոյթ,דטרויט,דעטרויט,ديترويت,دیترویت,ڈیٹرائٹ,डेट्राइट,डेट्रॉईट,ডেট্রয়েট,ਡਿਟਰਾਇਟ,டிட்ராயிட்,డెట్రాయిట్,ดีทรอยต์,დეტროიტი,ዲትሮይት,デトロイト,底特律,디트로이트",42.33143,-83.04575,P,PPLA2,US,,MI,163,22000,,645705,183,192,America/Detroit,2025-06-25,United States,NA,North/Central America,13,23,15,27,1179,10.357112,8.338709,11.035712,8.957393,9.556528,7.95336,16.9275,13.760886,12.7013445,10.955973,6.747312,8.096528,9.452284,0.24199699
5110266,The Bronx,The Bronx,"Borough of Bronx,Bronks,Bronkso,Bronx,The Bronx,Бронкс",40.84985,-73.86641,P,PPLA2,US,,NY,005,,,1385108,23,19,America/New_York,2024-11-21,United States,NA,North/Central America,12,32,19,47,1119,13.152925,12.802688,13.357739,10.594356,10.363055,12.221235,19.346668,17.177958,15.821369,13.823334,8.436829,11.691389,12.302553,0.25444034
5110302,Brooklyn,Brooklyn,"BK,Bklyn,Borough of Brooklyn,Breuckelen,Breukelen,Broklino,Brooklyn,Brucclinu,Bruklin,Bruklina,Bruklinas,Comitatus Bruclinum,Kings County,Marechkawick,beulukeullin,bru klin,brukalina,brwklyn,brwqlyn,bu lu ke lin qu,burukkurin qu,kinsa ka'unti,Бруклин,Бруклін,ברוקלין,بروكلين,بروکلین,ब्रुकलीन,ब्रूकलिन,কিংস কাউন্টি,ব্রুকলিন,บรุกลิน,ბრუკლინი,ブルックリン区,布鲁克林区,브루클린",40.6501,-73.94958,P,PPLA2,US,,NY,047,,,2736074,15,18,America/New_York,2022-08-24,United States,NA,North/Central America,15,31,19,47,1119,13.152925,12.802688,13.357739,10.594356,10.363055,12.221235,19.346668,17.177958,15.821369,13.823334,8.436829,11.691389,12.302553,0.31060055
5125771,Manhattan,Manhattan,"Borough of Manhattan,Manatans,Manathans,Manathas,Manathes,Manatte,Manhatano,Manhattan,Manhattanville,Mankhetten,Mannahattan,Menathans,maenhaeteun,man ha dun,manhatn,mnhtn,mæn hat tan,nyc,Манхеттен,מנהטן,مانهاتن,แมนฮัตตัน,曼哈顿,맨해튼",40.78343,-73.96625,P,PPLA2,US,,NY,061,,,1487536,35,38,America/New_York,2021-08-20,United States,NA,North/Central America,14,36,19,46,1119,13.152925,12.802688,13.357739,10.594356,10.363055,12.221235,19.346668,17.177958,15.821369,13.823334,8.436829,11.691389,12.302553,0.25444034
5128581,New York City,New York City,"Aebura,Bandar Raya New York,Big Apple,Cathair Nua-Eabhrac,City of New York,Eabhraig Nuadh,Efrog Newydd,Evrek Nowydh,Ga-no-no,Kanon:no,Kanono,Kanón:no,Kota New York,Lungsod ng New York,N'ju-Jork,NY,NYC,Nea Yorke,Nei Yarrick Schtadt,Neu Amsterdam,Neu Jorck,New Amsterdam,New Orange,New Yorc,New York,New York City,New York Stad,New York borg,New York kenti,New York-borg,New Yorke,New Yorku,Niujorkas,Niw Eorkʻ,Nju Jork,Njujork,Nouvelle Yorck,Nouvieau York,Nov-Jorko,Nova Amsterda,Nova Iorque,Nova York,Nova-York,Novjorko,Novum Eboracum,Nowy Jork,Nua-Eabhrac,Nueva York,Nujorka,Nuova York,Nyja Jorvik,Nyu York Shehiri,Nyu Yorkʻ,Nòva York,Nýja Jórvík,Thanh pho New York,The Big Apple,Thành phố New York,York Berri,manhattan,n'yuyorka,ni'u iyarka siti,niu yue,niu yue shi,niyuyark nakaram,nkhr niwyxrk,nyuyog,nyuyog si,nyuyoku,nyw ywrq,nywywrk,Ņujorka,Νέα Υόρκη,Њу Јорк,Њујорк,Нью-Ёрк,Нью-Йорк,Ню Йорк,Նիւ Եորք,Նյու Յորք,ניו יארק,ניו יורק,ניו־יאָרק,نيويورك,نیویارک شہر,نیویورک,न्यूयॉर्क,নিউ ইয়র্ক সিটি,நியூயார்க் நகரம்,นครนิวยอร์ก,ნიუ-იორკი,ニューヨーク,マンハッタン,紐約,紐約市,뉴욕,뉴욕 시",40.71427,-74.00597,P,PPL,US,,NY,,,,8804190,10,57,America/New_York,2026-03-07,United States,NA,North/Central America,15,36,19,49,1119,13.152925,12.802688,13.357739,10.594356,10.363055,12.221235,19.346668,17.177958,15.821369,13.823334,8.436829,11.691389,12.302553,0.2701157
5133273,Queens,Queens,"Borough of Queens,Comte de Queens,Comté de Queens,Condado de Queens,Kuins,Kvino,Queens,Queens County,Куинс",40.68149,-73.83652,P,PPLA2,US,,NY,081,,,2316841,12,13,America/New_York,2026-09-14,United States,NA,North/Central America,12,28,18,43,1119,13.152925,12.802688,13.357739,10.594356,10.363055,12.221235,19.346668,17.177958,15.821369,13.823334,8.436829,11.691389,12.302553,0.31060055
5263045,Milwaukee,Milwaukee,"Juneautown,Kilbourntown,MKE,Mahn-a-wau-kee Seepe,Mahn-a-wauk-ee See-pe,Mahn-a-waukee Seepe,Mahn-a-waukie,Mahn-ah-wauk Seepe,Mahnawauk,Man-a-wau-kee,Man-a-wauk-ee,Man-na-wah-kie,Mana'wa,Manawaki,Manawaukee,Manayaukee,Maunahwauke,Mee-lee-waug-ee,Meliki,Melleoki,Melwarik,Meneawkee,Meolaki,Mil-wah-kie,Milgouoki,Milioke,Millewacki,Millicki,Milo-aki,Milouagui,Milouakik,Milowages,Miluoki,Miluokʻi,Milvauchia,Milvoki,Milvokio,Milvokis,Milwacky,Milwahkie,Milwalka,Milwalky,Milwarck,Milwarik,Milwaucki,Milwaukee,Milwaukie,Minewaki,Miniaki,Minnawack,Winnipesaukee,mi er wo ji,mil wxki,mil-woki,mila'oyaki,milavoki,miluokʼi,milvaki,milvakki,milvauki,miruuoki,mlwaky,mylwaky,mylwaky  wyskansyn,mylwwqy,Μιλγουόκι,Милвоки,Милуоки,Мілуокі,Միլուոքի,מילוואקי,מילווקי,ملواکی,ميلواكي,میلواکی، ویسکانسین,मिलवॉकी,मिल्वौकी,মিলওয়াকি,மில்வாக்கி,మిల్వాకీ,ಮಿಲ್ವಾಕೀ,มิลวอกี,მილუოკი,ミルウォーキー,密尔沃基,密爾沃基,밀워키",43.0389,-87.90647,P,PPLA2,US,,WI,079,53000,,563531,188,203,America/Chicago,2025-06-25,United States,NA,North/Central America,2,7,3,14,1196,8.420251,6.656049,8.93616,7.7805104,8.069027,7.4463706,15.410002,11.771773,11.355646,7.3073606,4.346102,4.5004168,7.5653224,0.1658795
5308655,Phoenix,Phoenix,"East Phoenix,Feniks,Fenikso,Finiks,Finiksa,Finiksas,Finiksos,Foinix,Féniks,Fīniksa,Hellings Mill,Hoozdoh,Mill City,PHX,Peniki,Phenix,Phoeniks,Phoenix,Pumpkinsville,Pēniki,Salt River,Smith Station,Smith Station Phenix,Smiths Station,feng huang cheng,fenikkusu,finikasa,finiks,finiksa,fynks,fynyks,fynyks  aryzwna,phiniks,phiniks nagaram,phiniksa,pinigseu,piniks,piniksi,pnyqs,pynyqs,Φοίνιξ,Феникс,Финикс,Фінікс,Ֆինիքս,פיניקס,פניקס,فينيكس,فينکس,فینکس,فینیکس، آریزونا,फ़ीनिक्स,फिनिक्स,फिनिक्स्,फीनिक्स,ফিনিক্স,ਫ਼ੀਨਿਕਸ,பீனிக்ஸ்,ఫీనిక్స్ నగరం,ಫೀನಿಕ್ಸ್,ഫീനിക്സ്,ฟีนิกซ์,ფინიქსი,ፊኒክስ፥ አሪዞና,フェニックス,凤凰城,鳳凰城,피닉스",33.44838,-112.07404,P,PPLA,US,,AZ,013,,,1650070,331,366,America/Phoenix,2026-04-14,United States,NA,North/Central America,21,24,21,26,820,12.759986,14.023252,14.888093,12.55914,12.0175,11.572849,11.720553,12.411692,12.370429,9.939166,11.806182,14.506112,15.41855,0.16016768
5318313,Tucson,Tucson,"Fucson,Lucson,San Casme del Tucson,TUS,Takson,Teuson,Toison,Touson,Tucson,Tuczon,Tugson,Tuguison,Tuison,Tuksonas,Tulquson,Tuozon,Tuquisson,Tuqulson,Tusan,Tuson,Tusona,Tūsona,taksana,thu sxn,tsuson,tu sen,tusana,tuson,tusona,twsan,twswn,tʼusoni,Τουσόν,Тусан,Тусон,Թուսոն,טוסון,توسان,توسون,ٹوسان، ایریزونا,टक्सन,तुसॉन,টুসান,ทูซอน,ტუსონი,ツーソン,图森,투손",32.22174,-110.92648,P,PPLA2,US,,AZ,019,,,542629,759,757,America/Phoenix,2025-06-25,United States,NA,North/Central America,5,10,7,13,785,4.754041,5.5674734,5.710566,4.4348125,3.9005556,4.2082,4.4381943,5.9396515,5.383871,4.345278,3.5826614,4.232222,5.3298383,0.12902941
5350937,Fresno,Fresno,"FAT,Fraxinus,Frehsna,Fresnas,Fresno,Fresno i California,Frezno,fers no,frnsw  kylyfwrnya,frynsw,frysnw,frznw,fu lei si nuo,furezuno,peulejeuno,phresano,phresno,presno,prznw,Φρέσνο,Фрезно,Фресно,Фрэсна,Ֆրեզնո,פרזנו,فرزنو,فرنسو، کیلیفورنیا,فريسنو,فرینسو,फ्रेस्नो,ফ্রেসনো,เฟรสโน,ფრესნო,フレズノ,弗雷斯诺,프레즈노",36.74773,-119.77237,P,PPLA2,US,,CA,019,,,542107,94,99,America/Los_Angeles,2025-06-25,United States,NA,North/Central America,5,7,8,11,970,12.243898,12.101747,10.403125,9.354302,12.143611,8.99207,7.8491673,7.711559,11.937769,20.48764,9.497043,15.222917,21.264648,0.10678843
5368361,Los Angeles,Los Angeles,"Angelopolis,Ciudad De los Angelos,Cuidad De Los Angelos,El Pueblo de Nuestra Senora La Reina de Los Angeles de Porcivncula,El Pueblo de Nuestra Senora de los Angeles de Porciuncula,El Pueblo de Nuestra Señora de los Ángeles de Porciúncula,El Pueblo del Rio de Nuestra Senora,L.A.,LA,LAX,La Reina de Los Angeles de Porciuncula,Lok-chham-ki,Los Anceləs,Los And'eles,Los Andzelas,Los Andzeles,Los Andzheles,Los Andzhelis,Los Andželas,Los Andželes,Los Angeles,Los Anjeles,Los Anjélés,Los Antzeles,Los Anxheles,Los Anxhelos,Los Anzeles,Los Anzheles,Los Ángeles,Los-Anceles,Los-Andzeles,Los-Andzhehles,Los-Andzheles,Los-Angeleso,Los-Anjeles,Los-Anzheles,Los-Anzheles shaary,Los-Anĝeleso,Losandzelosa,Losandželosa,Lo̍k-chhám-kî,Lungsod ng Los Angeles,Luos Andzels,Luos Andžels,Os Anxeles,Os Ánxeles,Pueblo De Los Angeles,Pueblo Los Angelos,el-ei,las aynjls,las encalas,las enjales,las enjalis,lasa ainjalasa,lasa enjalasa,lasa enjilasa,leas anceles,los-anjelesi,losa enjelasa,losa enjelisa,losa enjelsa,loseuaenjelleseu,loseuenjelleseu,ls anjls,luo shan ji,lws anjls,lws anjlws,lws anjlys,lws ʼngls,lxs xæ n ce lis,rosanzerusu,Λος Άντζελες,Лос Анджелес,Лос Анджелис,Лос Андьелес,Лос Анжелес,Лос Анђелес,Лос Анџелес,Лос Анҷелес,Лос Анӂелес,Лос-Анджелес,Лос-Анджэлес,Лос-Анжелес,Лос-Анжелес шаары,Лос-Анџелес,Լոս Անճելըս,Լոս Անջելես,לאס אנדזשעלעס,לוס אנגלס,لاس اینجلس,لس آنجلس,لس‌آنجلس,لوس آنجلس,لوس أنجلوس,لوس ئانجېلېس,لوس انجليس,لوس‌آنجلس,لۆس ئانجلەس,लस एञ्जिलस,लस एन्जलस,लास एंजलस,लॉस एंजेलिस,लॉस एंजेल्स,লস অ্যাঞ্জেলেস,ਲਾਸ ਐਂਜਲਸ,લોસ એન્જેલસ,லாஸ் ஏஞ்சலஸ்,లాస్ ఏంజలెస్,ಲಾಸ್ ಎಂಜಲೀಸ್,ലോസ് ആഞ്ചെലെസ്,ลอสแอนเจลิส,လော့စ်အိန်ဂျယ်လိစ်မြို့,ლოს-ანჯელესი,ሎስ አንጄሌስ,ロサンゼルス,洛杉矶,洛杉磯,로스앤젤레스,로스엔젤레스,엘에이",34.05223,-118.24368,P,PPLA2,US,,CA,037,,,3820914,89,96,America/Los_Angeles,2025-07-22,United States,NA,North/Central America,162,283,252,431,833,23.673935,33.76344,23.252977,19.823385,20.31403,20.159544,19.66639,17.802958,26.411825,22.532085,23.45766,28.716251,28.03401,0.17810136
5389489,Sacramento,Sacramento,"Kakalameko,New Helvetia,SAC,Sacramento,Sacramento Stad,Sacramentum,Sakramenta,Sakramentas,Sakramento,Sakraments,Sakraminto,Sakraménto,cekramento,saekeulamento,saikaramainto,saikramento,sakramento,sakramntw,sakramntw  kalyfrnya,sakuramento,sekramento,sha jia mian du,sqrmntw,Σακραμέντο,Сакрамента,Сакраменто,Սակրամենտո,סאקראמענטא,סקרמנטו,ساكرامنتو,ساکرامنتو,ساکرامنتو، کالیفرنیا,ساکرامنٹو,سکرامنٹو، کیلی فورنیا,साक्रामेंटो,साक्रामेन्टो,सेक्रामेन्टो,सेक्रामेन्तो,सैक्रामेण्टो,সাক্রামেন্টো,ਸੈਕਰਾਮੈਂਟੋ,சேக்ரமெண்டோ,แซคราเมนโต,საკრამენტო,ሳክራመንቶ,サクラメント,沙加緬度,새크라멘토",38.58157,-121.4944,P,PPLA,US,,CA,067,,,524943,9,14,America/Los_Angeles,2026-04-14,United States,NA,North/Central America,50,56,62,69,1039,10.697771,12.508736,10.007888,9.286022,8.630972,5.987231,8.484168,8.83199,8.308467,9.005,11.068817,15.990555,20.174728,0.117428906
5391811,San Diego,San Diego,"Davis' Folly,Didacopolis,Graytown,Lungsod ng San Diego,New San Diego,SAN,San Diegas,San Diego,San Diegu,San Dijego,San Diyego,San Diyégo,San Miguel,San Ntienko,San-Diego,San-Dieqo,San-Dyega,Sandjego,can tiyeko,saendiego,saendieigo,saina di'ego,san diyago,san dyyghw,san-diego,sana di'ego,sana diyago,sandiego,sena diyego,sheng de ya ge,sn dygw,sn dyygw,syana di'ego,Σαν Ντιέγκο,Сан Диего,Сан Дијего,Сан-Диего,Сан-Дыега,Сан-Дієго,Սան Դիեգո,סאן דיעגא,סן דייגו,سان دييغو,سان ڈیاگو,سان ڈیگو,سن دیگو,सॅन डियेगो,सैन डिएगो,स्यान डिएगो,সান ডিয়াগো,ਸਾਨ ਦੀਏਗੋ,சான் டியேகோ,శాన్ డియాగో,แซนดีเอโก,სან-დიეგო,ሳንዲየጎ,サンディエゴ,聖地牙哥,샌디에고,샌디에이고",32.71571,-117.16472,P,PPLA2,US,,CA,073,,,1404452,20,20,America/Los_Angeles,2025-06-25,United States,NA,North/Central America,21,23,28,34,796,17.984118,18.634539,21.464285,15.55,17.491526,15.489382,15.840972,14.288979,20.254436,15.400417,18.405912,20.641531,22.601479,0.16633248
5391959,San Francisco,San Francisco,"Franciscopolis,Frisco,Kapalakiko,Khiu-kim-san,Khiu-kîm-sân,Lungsod ng San Francisco,New Albion,SF,SFO,San Francisco,San Franciscu,San Francisko,San Fransisco,San Fransiskas,San Fransisko,San Fransiskʻo,San Frantzisko,San Phransisko,San-Francisko,San-Francyska,San-Fransisko,Sanfrancisko,Sao Francisco,São Francisco,Yerba Buena,can pirancisko,jiu jin shan,saenpeulan,saenpeulansiseuko,saina pharansisako,saina phransisko,san f ran si s ko,san fan shi,san fransskw,san fransyskw,san fransyskۆ,san phransisko,sana phransisako ka'unti,sana phransisko,sanfuranshisuko,sena phransisko,sn prnsysqw,syana phransisko,Σαν Φρανσίσκο,Сан Франсиско,Сан Франциско,Сан-Франциско,Сан-Францыска,Сан-Франціско,Սան Ֆրանսիսքօ,Սան Ֆրանցիսկո,סאן פראנציסקא,סן פרנסיסקו,سان فرانسسکو,سان فرانسيسكو,سان فرانسیسکو,سان فرانسیسکۆ,सॅन फ्रान्सिस्को,सैन फ्रांसिस्को,स्यान फ्रान्सिस्को,সান ফ্রান্সিসকো কাউন্টি,সান ফ্রান্সিস্কো,ਸੈਨ ਫਰਾਂਸਿਸਕੋ,சான் பிரான்சிஸ்கோ,శాన్ ఫ్రాన్సిస్కో,സാൻ ഫ്രാൻസിസ്കോ,සැන් ෆ්‍රැන්සිස්කෝ,ซานฟรานซิสโก,སན་ཧྥུ་རན་སིས་ཁོ,ဆန်ဖရန်စစ္စကိုမြို့,სან-ფრანცისკო,サンフランシスコ,三藩市,旧金山,舊金山,샌프란,샌프란시스코",37.77493,-122.41942,P,PPLA2,US,,CA,075,,,827526,16,28,America/Los_Angeles,2025-07-22,United States,NA,North/Central America,150,180,167,221,1006,13.130422,16.615593,13.259822,12.782124,12.171249,9.934813,11.611528,9.38387,10.33051,12.60986,12.928896,16.652916,19.313305,0.16552688
5392171,San Jose,San Jose,"Iosephopolis,Pueblo De Alvarado,Pueblo De San Jose De Guadalupe,SJC,San Chose,San Choze,San Chozė,San Jose,San Jose De Alvarado,San Jose De Guadalupe *,San Jose i California,San José,San Khose,San Khoze,San Xose,San Xosé,San-Joseo,San-Khaseh,San-Khose,San-Xose,Sanhose,Sanhosē,can hoce,sa n jwz,saeneojei,saina hoze,san hwzyh,san ose,san'noze,san-khose,sana hose,sana hoze,sanhose,sena hoje,sheng he xi,sn hwzh,sn‌khwzh  kalyfrnya,syana hose,Σαν Χοσέ,Сан Хозе,Сан Хосе,Сан-Хасэ,Сан-Хосе,Սան Խոսե,סן חוזה,سا ن جوز,سان هوزيه,سان ہوزے، کیلیفورنیا,سن‌خوزه، کالیفرنیا,सान होसे,सॅन होजे,सैन होज़े,স্যান হোসে,ਸਾਨ ਹੋਜ਼ੇ,સાન હોસે,சான் ஹொசே,శాన్ ఓసె,ಸ್ಯಾನ್‌ ಜೋಸ್‌‌,แซนโฮเซ,სან-ხოსე,サンノゼ,聖荷西,산호세,새너제이",37.33939,-121.89496,P,PPLA2,US,,CA,085,,,997368,26,23,America/Los_Angeles,2025-06-25,United States,NA,North/Central America,8,26,37,75,994,10.915202,12.794491,10.2811,10.233738,11.171804,8.440591,9.888472,8.317472,9.446639,10.9825,12.090054,13.234027,14.092341,0.12703104
5419384,Denver,Denver,"DEN,Dehnver,Denber,Denvr,Denver,Denver County,Denvera,Denveres,Denveris,Denverium,Denvero,Denverės,Denwer,Dénwér,Mile-High City,Ntenver,Queen City of the Plains,Saint Charles,The Mexican Diggings,The Spanish Diggings,dainavara,dan fu,denabhara,denabhara ka'unti,denavara,denba,denbeo,denbhara,denvar,denveri,denvhara,denwexr,dnfr,dnwr,dnwr  klradw,dnwwr,tenvar,Ντένβερ,Денвер,Денвър,Дэнвер,Դենվեր,דנוור,דענווער,دنفر,دنور,دنور، کلرادو,ڈینور,ډnwr,ډنور,डॅनवर,डेन्भर,डेन्वर्,डेन्व्हर,देन्भर,ডেনভার,ডেনভার কাউন্টি,ਡੈਨਵਰ,டென்வர்,డెన్వర్,ഡെൻവർ,เดนเวอร์,დენვერი,ደንቨር,デンバー,丹佛,덴버",39.73915,-104.9847,P,PPLA,US,,CO,031,,,729019,1609,1636,America/Denver,2026-04-14,United States,NA,North/Central America,79,101,88,118,1077,8.8997555,14.09879,11.6526785,8.279974,8.411528,7.8395166,8.543195,8.711829,9.770834,8.919166,5.6286287,6.998056,8.12137,0.19015305
5454711,Albuquerque,Albuquerque,"ABQ,Al'bukerke,Albakrki,Albakerki,Albjukuehrokju,Albukerke,Albukerki,Albukerko,Albukerkė,Albukwer kwe,Albukwér kwé,Albuquerque,Alburquerque,Almpoukerki,Beeldil Daesenili *,Beeʼeldííl Dahsinil,Duke City,Methville,New Albuquerque,San Felipe de Neri,San Francisco Xavier,San Francisco de Albuquerque,The Duke City,Vokekyi Leuwi *,a bu kui ji,aelbeokeoki,alabakarki,alabukaraki,albakrky,albukark,albukarki,albukʼerkʼe,albwkrk  nyw myksykw,albwkrky,alpukerkki,arubakaki,Αλμπουκέρκη,Албакерки,Албакърки,Албукерки,Албюкуэрокю,Альбукерке,Ալբուկերկե,אלבקרקי,آلبوکرک، نیو میکسیکو,ألباكركي,البوکرکی,आल्बुकर्की,আলবাকার্কি,ਅਲਬੂਕਰਕੀ,ஆல்புகெர்க்கி,ಆಲ್ಬುಕರ್ಕ್,แอลบูเคอร์คี,ალბუკერკე,アルバカーキ,阿布奎基,앨버커키",35.08449,-106.65114,P,PPLA2,US,,NM,001,,,564559,1511,1513,America/Denver,2026-01-13,United States,NA,North/Central America,15,16,15,16,888,6.1156616,8.821908,6.8074408,5.744489,4.652639,5.122984,5.769999,6.13387,5.82406,5.2036114,4.1625004,6.335833,8.794892,0.1669821
5506956,Las Vegas,Las Vegas,"Campi,LAS,Las Vegas,Las Vegas Mission,Las Vegas Ranch,Las Vegasas,Las Venkas,Las-Vegas,Las-Veqas,Lasvegasa,Lasvegaso,Los Vegas,Lungsod ng Las Vegas,McWilliamstown,Naʼazhǫǫsh Hátsoh,Old Town,Piigisi,Ragtown,Vegas,Westside,la si wei jia si,las fyghas,las vegas,las vekas,las veygas,las weka s,las wgas,las wygas  nywaڈa,las-vegasi,lasa bhegasa,lasa vegasa,lasa vhegasa,laseubegaseu,laseubeigeoseu,lʼs wgʼs,rasubegasu,Λας Βέγκας,Лас Вегас,Лас-Вегас,Լաս Վեգաս,לאס וגאס,לאס וועגאס,لاس فيغاس,لاس وگاس,لاس ویگاس، نیواڈا,لاس‌وقاس,लास वेगास,लास व्हेगस,লাস ভেগাস,ਲਾਸ ਵੇਗਸ,લાસ વેગાસ,லாஸ் வேகஸ்,లాస్ వెగాస్,ലാസ് വെയ്ഗസ്,ลาสเวกัส,လပ်ဗီးဂပ်စ်မြို့,ლას-ვეგასი,ላስ ቬጋስ,ラスベガス,拉斯維加斯,拉斯维加斯,라스베가스,라스베이거스",36.17497,-115.13722,P,PPLA2,US,,NV,003,,,641903,610,613,America/Los_Angeles,2025-06-25,United States,NA,North/Central America,10,14,12,16,935,7.634692,11.145833,8.912648,7.728763,6.338194,6.401747,4.9906945,5.703091,6.506452,4.7368054,6.367339,10.228888,12.542606,0.26990196
5520993,El Paso,El Paso,"Concordia,ELP,Ehl'-Pasa,Ehl'-Paso,El Pasas,El Paso,El'-Paso,El-Paso,Elpaso,Franklin,Magoffinsville,Passus,ai er pa suo,al basw,al pasw,ayl pasw,el-paso,ela peso,ela pyaso,elpaeso,Ελ Πάσο,Ел Пасо,Ель-Пасо,Эль-Паса,Эль-Пасо,Էլ Պասո,אל פאסו,إل باسو,ال پاسو,ایل پاسو,एल पॅसो,এল প্যাসো,เอลแพโซ,ელ-პასო,ელ-ფასო,エル・パソ,艾爾帕索,엘패소",31.75872,-106.48693,P,PPLA2,US,,TX,141,,,678815,1133,1137,America/Denver,2025-06-25,United States,NA,North/Central America,26,26,27,27,750,9.142062,13.259409,11.751785,10.791396,8.538889,9.391263,6.693751,6.285216,6.3284955,6.2554173,6.9663987,9.3868065,14.124731,0.1446087
5746545,Portland,Portland,"Bridgetown,P-town,PDX,Portland,Portland i Oregon,Portlandas,Portlandia,Portlando,Portlant,Portlend,Portlenda,Puddletown,Rip City,River City,Stumptown,The City of Roses,bo te lan,bwrtland  awryghwn,port land,portalainda,portalanda,portlant,portlendi,poteullaendeu,potorando,pwrtlnd,pwrtlnd  awrgn,Πόρτλαντ,Портланд,Портленд,Պորտլենդ,פורטלנד,بورتلاند، أوريغون,پورتلند، اورگن,पोर्टलंड,पोर्टलैंड,போர்ட்லன்ட்,పోర్ట్ లాండ్,ಪೋರ್ಟ್‌ಲ್ಯಾಂಡ್‌,พอร์ตแลนด์,პორტლენდი,ფორთლენდი,ポートランド,波特蘭,포틀랜드",45.52345,-122.67621,P,PPLA2,US,,OR,051,,,652503,12,15,America/Los_Angeles,2025-06-25,United States,NA,North/Central America,19,32,26,42,1282,8.039863,9.344355,8.761756,7.657661,7.553611,6.691801,5.913888,4.540725,6.9153233,9.909582,9.376344,12.165833,7.8264785,0.15263821
5809844,Seattle,Seattle,"SEA,Seatl,Seatlo,Seattle,Seattlum,Siatl,Siatul,Siehtl,Sietl,Sietla,Sietlas,Sijetl,Siyaatil,Séatl,ciyattil,shiatoru,si'aitala,siaeteul,sietʼli,siyatal,siyatala,syatl,xi ya tu,Σιάτλ,Сиатъл,Сиетл,Сиэтл,Сијетл,Сіэтл,Сієтл,Սիեթլ,סיאטל,سياتل,سیئٹل,سیاتل,سیاٹل,सिअ‍ॅटल,सीऐटल,সিয়াটল,சியாட்டில்,ಸಿಯಾಟಲ್,ซีแอตเทิล,სიეტლი,ስያትል,ស៊ីតថល,シアトル,西雅圖,시애틀",47.60621,-122.33207,P,PPLA2,US,,WA,033,7174408,,780995,56,56,America/Los_Angeles,2025-06-25,United States,NA,North/Central America,9,51,15,73,1358,9.821937,12.920968,8.86012,6.9364247,10.72125,8.1530905,10.138055,7.8353496,12.434007,14.963193,8.322984,8.817638,7.8397846,0.20058383
3441575,Montevideo,Montevideo,"Ciudad de Montevideo,MVD,Mantehvideha,Montebideo,Montevidejas,Montevideo,Montevideu,Montevidiejos,Montevidéu,Montevidėjas,Montevídeó,Montʻeviteo,Muntivideu,Muntividew,Muntividèu,Muntividëw,Muy Fiel y Reconquistadora Ciudad de San Felipe y Santiago de Montevideo,Urbs Montis Videi,mantibhiri'o,meantevidiyea,meng de wei de ya,meng te wei duo,montebide'o,montebide-o,montebideo,montevide'o,montevidi'o,montevidiyo,montevitiyo,mwntfydw,mwnth wydyw,mwntybydyw,mxn te wi de xo,Μοντεβιδέο,Мантэвідэа,Монтевидео,Монтевідео,Մոնթեվիտեո,Մոնտեվիդեո,מאנטעווידעא,מונטווידאו,مونتفيدو,مونته ویدئو,مونته‌ویدئ,مونته‌ویدئو,مونتیبیدیو,مونتېۋىدېئو,मोण्टेवीडियो,मोन्तेविदेओ,মোন্তেবিদেও,ਮੋਂਤੇਵੀਦਿਓ,ମଣ୍ଟିଭିଡ଼ିଓ,மொண்டேவீடியோ,മൊണ്ടേവീഡിയോ,มอนเตวิเดโอ,མཱོན་ཊི་ཝི་ཌོ།,မွန်တီဗစ်ဒီအိုမြို့,მონტევიდეო,ሞንቴቪዴዎ,モンテビデオ,蒙得维的亚,蒙特維多,몬테비데오",-34.90328,-56.18816,P,PPLC,UY,,10,02,,,1270737,,34,America/Montevideo,2026-02-23,Uruguay,SA,South America,0,0,0,0,40,8.136382,6.6668005,7.8098216,7.5147853,6.2341666,7.2938175,9.389444,12.890862,8.372311,8.4075,6.730914,7.755418,8.51465,0.115541756
1216265,Samarkand,Samarkand,"SKD,Samarcanda,Samarcande,Samarkan,Samarkand,Samarkanda,Samarkandas,Samarkando,Samarkˌan,Samarkˌand,Samarqand,Semerkant,Semerqend,Səmərqənd,sa ma er han,samaleukanteu,samarakada,samarakanda,samarikanidi,samarukando,smrqnd,Самаркан,Самарканд,Самарқан,Самарқанд,סמרקנד,سمرقند,समरकंद,সমরকন্দ,ਸਮਰਕੰਦ,ሳማርካንድ,サマルカンド,撒馬爾罕,撒马尔罕,사마르칸트",39.65456,66.96445,P,PPLA,UZ,,10,,,,595200,,703,Asia/Samarkand,2026-08-25,Uzbekistan,AS,Central Asia,0,0,0,0,1081,11.997614,14.417876,16.940327,13.225001,10.107777,8.664651,12.233891,6.025538,5.992876,8.837916,14.484139,19.633612,13.977149,0.30150023
1512569,Tashkent,Tashkent,"Daskent,Daşkent,Daşkənd,Lithopolis,TAS,Tachkent,Tachkènt,Taixkent,Taschkent,Tashken,Tashkend,Tashkent,Tashkent osh,Tashkenti,Tasjkent,Taskende,Taskent,Taskenta,Taskentas,Taskento,Taszkent,Taxkent,Taŝkento,Taşkent,Taškent,Taškenta,Taškentas,Tașkent,Tochkent,Toshkand,Toshkent,Toshkent shahri,ta shen gan,tasakada,tasakanda,tasakhanda,tashknd,tashqnd,tashukento,taskanda,taskanr,taskantu,taskent,tasyukenteu,thach khen t,tshqnd,tsqnt,Τασκένδη,Ташкен,Ташкент,Ташкент ош,Тошканд,Տաշքենդ,טאשקענט,טשקנט,تاشقند,تاشكند,تاشكەنت,تاشکند,تاشکەند,طشقند,ताशकन्द,ताश्कंद,তাশখন্দ,ਤਾਸ਼ਕੰਦ,தாஷ்கந்து,తాష్కెంట్,ತಾಷ್ಕೆಂಟ್,താഷ്കന്റ്,ทาชเคนต์,ཐ་ཧྲི་ཀན།,ტაშკენტი,ታሽኬንት,タシュケント,塔什干,타슈켄트",41.26465,69.21627,P,PPLC,UZ,,13,,,,1978028,,424,Asia/Tashkent,2024-06-22,Uzbekistan,AS,Central Asia,1,2,1,2,1146,17.33174,25.043415,25.594345,18.551615,12.914305,10.089785,14.265974,8.848656,8.568279,10.266251,16.859674,31.654865,26.116127,0.25543016
1513157,Namangan,Namangan,"NMA,Namanga,Namangan,Namanganas,Namangano,Namangán,Namangã,Nemengan,na ma ngkan,na man gan,namagana,namang-gan,namangan,namangana,namanigani,namngaں,nmngan,nmnkan,nmnqan,Наманган,Наманған,نامنگاں,نمنقان,نمنكان,نمنگان,नामांगन,নামাঙ্গান,ਨਮਾਗਾਨ,นามางกาน,ናማንጋን,ナマンガン,納曼干,나망간",40.9983,71.67257,P,PPLA,UZ,,06,,,,713220,,442,Asia/Tashkent,2026-04-14,Uzbekistan,AS,Central Asia,0,0,0,0,1127,20.98313,31.18656,26.217562,23.761559,16.920834,14.578899,20.27708,16.746506,12.748253,15.120973,24.774332,27.876528,21.974463,0.5165086
1514588,Andijon,Andijon,"AZN,Andican,Andidzhan,Andijan,Andijon,Andiján,Andisjan,Andizan,Andizhan,Andizhan - Andijon,Andizhon,Andizjan,Andiżan,Andižan,adijana,an ji yan,andijan,andijana,andyjan,anڈyjan,anډyjan,ztnjan,Əndican,ʿenidijani,Андижан,Андижон,أندیجان,اندیجان,انڈیجان,انډیجان,ظةنجان,अंदिजान,আন্দিজান,ਅੰਦਿਜਾਨ,አንዲጃን,アンディジャン,安集延,안디잔",40.78338,72.35067,P,PPLA,UZ,,01,,,,747800,,497,Asia/Tashkent,2026-04-14,Uzbekistan,AS,Central Asia,0,0,2,2,1128,19.228733,27.697447,24.187943,20.777021,16.185833,14.252153,21.635557,16.448387,11.967473,13.709167,20.326746,23.547497,20.430239,0.3743646
3625549,Valencia,Valencia,"Balenzia,VLN,Valencia,Valencio,Valens,Valensi,Valensia,Valensii,Valensija,Valensiya,Valentia,Valentzia,Valincia,Valência,ba lun xi ya,balainsi'a,ballensia,barenshia,bhyalensiya,blnsyt,valenisiya,valensia,velensiya,walnsya,walnsya  wnzwyla,wlnsyh,Валенс,Валенси,Валенсия,Валенсија,Валенсія,Վալենսիա,ולנסיה,بلنسية,والنسيا,والنسیا، ونزوئلا,والیںسیا، کارابوبو,वेलेंसिया,ভ্যালেন্সিয়া,ਬਾਲੈਂਸੀਆ,ვალენსია,ቫለንሲያ,バレンシア,巴伦西亚,발렌시아",10.16153,-68.00044,P,PPLA,VE,,07,0814,,,1619470,,547,America/Caracas,2026-04-14,Venezuela,SA,South America,0,0,0,0,280,10.308357,9.699595,9.995982,12.556586,10.75236,12.986023,11.906111,9.111963,10.817875,8.926806,8.6,9.968335,8.358736,0.33329773
3633009,Maracaibo,Maracaibo,"MAR,Maracaibo,Marakaaya,Marakaibas,Marakaibo,Marakaimpo,Marakajba,Marakajbo,Marakaybo,Marakaypu,ma la kai bo,ma ra ki bo,malakaibo,maraka'ibo,marakaibo,marakayabo,marakaybw,marakayibo,marakayybw,Μαρακάιμπο,Маракаибо,Маракайба,Маракайбо,Մարակայբո,מרקאיבו,ماراكايبو,ماراکائیبو,ماراکایبو,मारकायबो,माराकाईबो,মারাকাইবো,ਮਾਰਾਕਾਈਬੋ,มาราไกโบ,მარაკაიბო,ማራካይቦ,マラカイボ,马拉开波,마라카이보",10.64232,-71.61089,P,PPLA,VE,,23,2313,,,1752602,,-9999,America/Caracas,2026-04-14,Venezuela,SA,South America,0,0,0,0,296,9.586696,5.3682795,7.2316966,7.815457,9.741251,14.452687,12.899305,10.513036,10.127689,10.433473,11.824327,7.582362,6.897311,0.1382221
3645528,Ciudad Guayana,Ciudad Guayana,"CGU,Cidade Guaiana,Ciudad Guayana,Ciudad Guiana,Ciudat Guayana,Guayana,Guayana City,PZO,S'judad-Guajana,San Felix de Guayana,San Félix de Guayana,San Tome,San Tome de Guayana,San Tomé,San Tomé de Guayana,Santo Tome de Guayana,Santo Tomo,Santo Tomé de Guayana,Sijudad Gvajana,Siudad Guajana,Sjudad Guajan,gui ya na cheng,shiudaguayana,siudad-guaiana,siudadeugwayana,Сиудад Гуаяна,Сијудад Гвајана,Сьюдад-Гуаяна,סיודד גואיאנה,სიუდად-გუაიანა,シウダーグアヤナ,圭亞那城,시우다드과야나",8.35122,-62.64102,P,PPLA2,VE,,06,0701,,,978202,,103,America/Caracas,2025-06-24,Venezuela,SA,South America,0,0,0,0,267,7.1910305,5.6787634,7.7770834,8.42016,7.4831944,6.740457,7.303751,7.93508,8.394219,8.02486,8.502554,5.1429167,4.9198923,0.20286053
3646738,Caracas,Caracas,"CCS,Caracae,Caracas,Caraques,Karakas,Karakasa,Karakasas,Karakaso,Santiago de Leon de Caracas,Santiago de León de Caracas,ka la ka si,ka raka s,kalakaseu,karakas,karakasa,karakasu,karakkas,kraks,Καράκας,Каракас,Կարակաս,קאראקאס,קראקס,كاراكاس,کاراکاس,کراکس,काराकास,কারাকাস,ਕਾਰਾਕਾਸ,કારાકાસ,କାରାକାସ,கரகஸ்,ಕರಾಕಸ್,കാരക്കാസ്,การากัส,ཁ་ར་ཁ་སི,ကရာကက်စ်မြို့,კარაკასი,ካራካስ,カラカス,卡拉卡斯,카라카스",10.48801,-66.87919,P,PPLC,VE,,25,0101,,,3000000,,887,America/Caracas,2025-11-01,Venezuela,SA,South America,0,0,0,0,289,10.214132,6.4475813,8.009077,10.01828,9.983612,11.764516,10.526946,11.688978,11.694086,14.09764,13.190054,8.090557,6.9043007,0.2735115
3648522,Barquisimeto,Barquisimeto,"BRM,Barkisimeta,Barkisimetas,Barkisimeto,Barkizimeto,Barquisimeto,Barquisimetum,Barquisimito,ba ji xi mei tuo,baleukisimeto,barakisimeto,barikisimeto,barkisimeto,barkysymtw,barkysymytw,barukishimeto,brqysymtw,Баркизимето,Баркисимето,Баркісімета,Баркісімето,ברקיסימטו,باركيسيميتو,باركیسیمتو,بارکیسیمتو,बार्किसिमेटो,বার্কিসিমেটো,ਬਾਰਕਿਸਿਮੇਟੋ,ბარკისიმეტო,ባርኪሲሜቶ,バルキシメト,巴基西梅托,바르키시메토",10.0647,-69.35703,P,PPLA,VE,,13,1303,,,1240714,,606,America/Caracas,2026-04-14,Venezuela,SA,South America,0,0,0,0,279,10.337707,8.155511,9.997321,13.836426,12.3001375,12.71559,11.348193,8.243951,9.8306465,9.713472,9.690322,10.611389,7.661156,0.26484257
3648559,Barcelona,Barcelona,"BLA,Barcelona,Barcelono,Barselona,Varkeloni,ba sai luo na,baleusellona,barasilona,bariselona,barselona,barsilona,barslwna  wnzwyla,barslwna  wynyzwyla,baruserona,brshlwnt,Βαρκελώνη,Барселона,بارسلونا، ونزوئلا,بارسلونا، وینیزویلا,برشلونة,बार्सिलोना,বার্সেলোনা,ਬਾਰਸਿਲੋਨਾ,ဘာစီလိုနာမြို့၊ ဗင်နီဇွဲလား,ბარსელონა,ባርሴሎና,バルセロナ,巴塞羅那,바르셀로나",10.1384,-64.68769,P,PPLA,VE,,02,0318,,,815141,,3,America/Caracas,2026-04-14,Venezuela,SA,South America,0,0,0,0,281,24.063616,13.871775,13.006697,14.755914,18.26361,32.744217,28.360558,42.440723,36.238842,30.25555,25.345835,21.114445,11.351075,0.3705279
3778045,Maturín,Maturin,"MUN,Maturin,Maturinas,Maturín,ma tu lin,maiturina,matourin,matulin,maturini,matwryn,mecurina,myaturina,Матурин,Матурін,ماتورين,ماتورین,मेचुरीन,ম্যাতুরিন,ਮੈਟੁਰਿਨ,მატურინი,ማቱሪን,マトゥリン,馬圖林,마투린",9.74569,-63.18323,P,PPLA,VE,,16,1608,,,647459,,71,America/Caracas,2026-04-14,Venezuela,SA,South America,0,0,0,0,275,11.497721,8.761694,10.317708,9.868145,10.118609,11.937098,11.807221,16.391531,15.506586,14.170835,12.031452,8.526112,8.377285,0.20845419
1562798,Vinh,Vinh,"VII,Vin,Vin',Vinh,Vinis,bhinaha,bin,fynh,rong shi,vina,vinha,vinihi,vuin,wiy,wyn,wyn  wytnam,wynh,Вин,Винь,Вінь,וין,فينه,وین، ویتنام,وینه,وینہ,विन्ह,ভিনহ,ਵਿਨ,วิญ,ቪንህ,ヴィン,荣市,빈",18.67337,105.69232,P,PPLA,VN,,40,412,,,790000,,12,Asia/Bangkok,2026-04-14,Vietnam,AS,Other Asia,0,0,0,0,424,35.176643,49.434402,35.47619,47.683598,57.567085,37.306583,30.971947,23.62312,22.36949,25.334862,23.14462,28.707914,40.589382,0.5548885
1565019,Thủ Đức,Thu GJuc,"Thu Duc,Thủ Đức,Tkhudyk,Тхудык",10.84863,106.77209,P,PPLA2,VN,,79,762,,,524670,,29,Asia/Ho_Chi_Minh,2026-09-14,Vietnam,AS,Other Asia,1,3,1,3,300,31.524937,36.722446,25.698362,23.94328,23.361387,33.81868,49.028748,33.29086,31.334946,28.851805,28.458332,30.90597,32.515858,0.6303883
1566083,Ho Chi Minh City,Ho Chi Minh City,"Cathair Ho Chi Minh,Cidade de Ho Chi Minh,Ciudad Ho Chi Minh,Gia GJinh,Gia Định,HCM City,HCMC,HCMV,Hcm,Ho Chi Minh,Ho Chi Minh City,Ho Chi Minh Ville,Ho Chi Minh-borg,Ho Chi Minh-byen,Ho Chi Minh-staden,Ho Chi Minhin kaupunki,Ho Chi Minhstad,Ho Ci Minovo Mesto,Ho Si Min,Ho Si Min Grad,Ho Si Minh-varos,Ho Si Minh-város,Ho Či Minovo Město,Ho Ši Min,Ho Ši Min Grad,Ho-Chi-Minh-Stadt,Ho-Chi-Minh-Ville,Ho-Ci-Min-urbo,Ho-Ĉi-Min-urbo,Hociminovo Mesto,Hosimin,Hosimina,Hosiminh,Hočiminovo Mesto,Hoşimin,Hošimina,Hošiminh,Hô Chi Minh Ville,Hô-Chi-Minh-Ville,Hồ Chí Minhin kaupunki,Khashymin,Kho Shi Min,Khoshimin,Kota Ho Chi Minh,Kota Hồ Chí Minh,SGN,Sai Gon,Saigon,Sajgon,Sayqon,Saïgon,Sài Gòn,T.P. Ho Chi Minh,T.P. Hồ Chí Minh,TP Ho Chi Minh,TPHCM,Thanh pho Ho Chi Minh,Thành phố Hồ Chí Minh,hochimin,hochimin shi,hojjimin,hu zhi ming shi,hw z'y myn syty,mdynt hw tshy mynh,saigon,saygwn,Сайгон,Сајгон,Хашымін,Хо Ши Мин,Хошимин,Хошимін,הו צ'י מין סיטי,سايگون,مدينة هو تشي مينه,サイゴン,ホーチミン,ホーチミン市,胡志明市,호찌민,호치민",10.82302,106.62965,P,PPL,VN,,79,,,,14002598,,7,Asia/Ho_Chi_Minh,2025-10-19,Vietnam,AS,Other Asia,1,3,1,3,300,31.524937,36.722446,25.698362,23.94328,23.361387,33.81868,49.028748,33.29086,31.334946,28.851805,28.458332,30.90597,32.515858,0.6272143
1566166,Thanh Hóa,Thanh Hoa,"THD,Tan Khoa,Tan'һoa,Than Hoa,Thanh Hoa,Thanh Hóa,Than” Hoa,Tkhan Khoa,Tkhan' Khoa,Tkhan'khaa,Tkhan'khoa,Tʻhanhoa,qing hua shi,tainhoa,tainhoa shi,tan hwa,tana ho'a,tanh hwa,tanhoa,tanhuaia,tani howa,thanha ho'a,thantha hoya,tھan ہwa,Таньһоа,Тањ Хоа,Тхан Хоа,Тхань Хоа,Тханьхаа,Тханьхоа,Թhանհոա,تان هوا,تانه هوا,تھان ہوا,थान्ह होआ,থান্থ হোয়া,ਤਾਨ ਹੋਆ,თანჰუაია,ታን ሆዋ,タインホア市,清化市,타인호아,탄호아",19.8,105.76667,P,PPLA,VN,,38,380,,,850000,,5,Asia/Bangkok,2026-04-14,Vietnam,AS,Other Asia,0,0,0,0,444,31.102236,48.029705,34.731842,43.61465,45.265415,26.31371,22.722498,21.618952,18.329433,21.002222,23.1418,29.012085,39.58911,0.5654625
1568574,Qui Nhon,Qui Nhon,"Ki N'on,Ki N’on,Kin-hon,Kui Nkhon,Kuinjon,Kwinhon,Qui Nhan,Qui Nhon,Qui Nhơn,Quinn Yan,Quinton,Quy Nhon,Quy Nhơn,UIH,gui ren shi,kku-inyeon,ku nihoni,ku'i nhana,ku'i nhona,kuinyon,kwyh nhwn,kwyy nhwn,kwyy nہwn,kyu'i nhona,Куи Нхон,Куинён,كويه نهون,کوئی نهون,کوئی نہون,क्यूई न्हॉन,কুই ন্হন,ਕੁਈ ਨ੍ਹੋਨ,ኩ ንሆን,クイニョン,歸仁市,꾸이년",13.77648,109.22367,P,PPLA,VN,,52,548,,,519208,,7,Asia/Ho_Chi_Minh,2026-04-14,Vietnam,AS,Other Asia,0,0,0,0,341,13.516209,16.191803,11.5842285,18.450539,23.585415,14.570433,14.863889,8.9998665,13.42715,10.490694,8.742339,11.75125,9.563575,0.28972375
1572151,Nha Trang,Nha Trang,"INhatrang,Kanh-Hoa,NHA,Nacana,Nga-tsong-su,Ngà-tsông-sṳ,Nha Trang,Niacangas,Niačangas,Nja Chang,Njachang,naha tranga,nateulang,nha tram,nha trang,nha tranga,nha tranj,nha trng,niha tiraniግ,nyachan,nyajjang,nھa ٹrang,ya cang,ya zhuang,ya zhuang shi,Ņačana,Ња Чанг,Ня Чанг,Нячанг,نها ترانج,نها ترانگ,نها ترنگ,نھا ٹرانگ,न्हा ट्रांग,ন্হা ট্রাং,ਨਹਾ ਤ੍ਰਾਂਗ,ญาจาง,ንሃ ትራንግ,ニャチャン,芽庄市,芽莊,芽莊市,나트랑,냐짱",12.24507,109.19432,P,PPLA,VN,,56,568,,,579000,,10,Asia/Ho_Chi_Minh,2026-04-14,Vietnam,AS,Other Asia,0,0,0,0,322,14.3691635,13.962902,10.2223215,17.7332,19.739998,17.008198,20.808748,16.345161,15.964917,11.289863,9.102285,10.508749,9.499461,0.29759446
1580240,Huế,Hue,"Choue,HUI,Hue,Huje,Hujė,Hué,Huế,Khjue,Khjueh,Khue,Sun-fa-su,Sun-fa-sṳ,Thanh pho Hue,Thành phố Huế,fue,hi'u,hue,hwyh,hyu,hyw,shun hua,shun hua shi,we,Χουέ,Хуе,Хюе,Хюэ,הואה,هوئه,هيو,ہوائے,ह्यू,হিউ,ਹਿਊ,เว้,ჰუე,ሁwe,ሁዌ,フエ,順化,順化市,顺化市,후에",16.4619,107.59546,P,PPLA,VN,,46,474,,,1380000,,8,Asia/Bangkok,2026-04-14,Vietnam,AS,Other Asia,0,0,0,0,391,20.247402,26.70538,15.985266,30.44825,35.74764,22.799597,18.30125,16.132927,16.17406,14.289445,12.462768,17.337084,16.323925,0.33264133
1581130,Hanoi,Hanoi,"Anoi,Anoy,Anòy,Ganoj,HAN,Ha Noi,Ha Nui,Hanoi,Hanoj,Hanoja,Hanojo,Hanojus,Hanoy,Hanoí,Hanoï,Hanòi,Hanói,Ho-nui-su,Hà Nội,Hò-nui-sṳ,Ke Cho,Kecho,Keicho,Kescio,Kesciò,Khanoj,Kẻ Chợ,Thang Long,Thăng Long,hano'i,hanoi,hanoy,hanwy,hanxy,he nei,he nei shi,hyanaya,khanwy,Ανόι,Ганой,Ханой,Ханој,Հանոյ,האנוי,خانوي,هانوى,هانوي,هانوی,ھانۆی,ہنوئی,हनोई,হ্যানয়,ਹਨੋਈ,ହାନୋଇ,ஹனோய்,ಹಾನೊಯ್,හැනෝයි,ฮานอย,ཧེ་ནོ།,ဟနွိုင်းမြို့,ჰანოი,ሀኖይ,ទីក្រុងហានូយ,Ḥanoi,ハノイ,河內,河內市,하노이",21.0245,105.84117,P,PPLC,VN,,01,,,,8053663,,10,Asia/Bangkok,2026-05-07,Vietnam,AS,Other Asia,20,20,26,26,480,51.97393,70.74704,43.87887,48.613033,69.32917,43.069622,46.479855,58.177288,49.02218,48.672497,40.96304,42.45125,61.46868,0.7769477
1581298,Haiphong,Haiphong,"HPH,Hai Phong,Haiphong,Hajfong,Hajfongo,Hayfon,Hải Phòng,Khajfon,ha'ipham,ha'iphanga,ha'iphaunga,hai fang shi,haifon,hayfwng,hayfwngh,hayfwnj,hayiፎniግ,hi fxng,Хайфон,هايفونج,هايفونغ,هایفونگ,ہyfwng,ہیفونگ,हाईफांग,হাইফং,ਹਾਈਫੌਂਗ,ไฮฟอง,ሃይፎንግ,ハイフォン,海防市",20.86481,106.68345,P,PPLA,VN,,31,,,,2625200,,12,Asia/Bangkok,2026-04-14,Vietnam,AS,Other Asia,0,0,0,0,469,32.145824,48.326485,28.841814,38.611965,40.51375,21.35457,21.274862,48.699867,31.988033,27.090973,22.096638,23.903193,32.21828,0.6925948
1583992,Da Nang,Da Nang,"DAD,Da Nang,Danan,Danang,GJa Nang,Thanh Thai Phien,Thành Thái Phien,Tourane,Turan,da nam,da nanga,da naniግ,da nanj,danan,danang,xian gang,Đà Nẵng,Да Нанг,Данан,Дананг,Дананґ,دا نانج,دانانگ,ڈa nang,ڈا نانگ,दा नांग,দা নাং,ਦਾ ਨਾਂਗ,ዳ ናንግ,ダナン,岘港,峴港,다낭",16.06778,108.22083,P,PPLA,VN,,48,,,,1276000,,11,Asia/Ho_Chi_Minh,2026-04-14,Vietnam,AS,Other Asia,0,0,0,0,383,18.587885,22.070835,15.920683,21.720697,35.71486,18.801884,23.699305,17.284004,16.21774,10.686807,10.802284,15.974582,14.281182,0.35848948
1585330,Chợ Lớn,Cho Lon,"Cho Lon,Chợ Lớn,Sholon,Tjolon,Тёлон",10.75,106.65,P,PPLX,VN,,79,775,,,561000,,7,Asia/Ho_Chi_Minh,2026-09-14,Vietnam,AS,Other Asia,1,3,1,3,300,31.524937,36.722446,25.698362,23.94328,23.361387,33.81868,49.028748,33.29086,31.334946,28.851805,28.458332,30.90597,32.515858,0.6272143
1586203,Cần Thơ,Can Tho,"Can Tho,Cần Thơ,Kan Tho,Kan Tkho,VCA,kaina tho,kan thw,kana tho,kani to,kanto,kantw,kyana tho,kyn tھw,qin ju shi,Кан Тхо,كان ثو,کانتو,کین تھو,कैन थो,ক্যান থো,ਕਨ ਥੋ,ካን ቶ,カントー,芹苴市",10.03711,105.78825,P,PPLA,VN,,92,916,,,1507187,,3,Asia/Ho_Chi_Minh,2026-04-14,Vietnam,AS,Other Asia,0,0,0,0,287,31.833805,39.470837,26.468601,32.35457,47.449722,63.063038,38.6368,20.11438,16.359678,15.113888,25.159678,22.254446,34.91573,0.45561537
1587923,Biên Hòa,Bien Hoa,"B'en Khoa,Ben Khoa,Bia Hoa,Bien Hoa,Bien Hoa City,Bienhoa,Biên Hòa,bi'ena ho'a,bienhoa,biyena hoya,biyeni howa,byan hwa,byn ہwa,Бен Хоа,Бьен Хоа,بيان هوا,بیان هوا,بین ہوا,बिएन होआ,বিয়েন হোয়া,ਬਿਏਨ ਹੋਆ,ብየን ሆዋ,ビエンホア",10.94469,106.82432,P,PPLA,VN,,75,731,,,1272235,,6,Asia/Ho_Chi_Minh,2026-04-14,Vietnam,AS,Other Asia,1,2,1,3,300,31.524937,36.722446,25.698362,23.94328,23.361387,33.81868,49.028748,33.29086,31.334946,28.851805,28.458332,30.90597,32.515858,0.6303883
1904564,Bình Thạnh,Binh Thanh,"Bin'tkhan',Binh Thanh,Bình Thạnh,Биньтхань",10.811,106.706,P,PPLX,VN,,79,769,,,552164,,13,Asia/Ho_Chi_Minh,2026-09-14,Vietnam,AS,Other Asia,1,3,1,3,300,31.524937,36.722446,25.698362,23.94328,23.361387,33.81868,49.028748,33.29086,31.334946,28.851805,28.458332,30.90597,32.515858,0.6272143
12382296,Thuận An,Thuan An,"Tuan An,Туан Ан",10.9239,106.71428,P,PPLA2,VN,,79,725,,,588616,,24,Asia/Ho_Chi_Minh,2026-09-14,Vietnam,AS,Other Asia,1,3,1,3,300,31.524937,36.722446,25.698362,23.94328,23.361387,33.81868,49.028748,33.29086,31.334946,28.851805,28.458332,30.90597,32.515858,0.6272143
786714,Pristina,Pristina,"PRN,Prestena,Prishhina,Prishtina,Prishtinae,Prishtine,Prishtinë,Prisjtina,Pristin,Pristina,Pristine,Pristino,Pristína,Prisztina,Prixtina,Priŝtino,Priştina,Priştine,Prištin,Priština,Priștina,Pryshcina,Prìstina,Prėštėna,bryshtyna,peulisyutina,phrich ti na,piristina,prisatina,pristina,pryshtyna,prystynh,prysٹyna,pu li shen di na,purishutina,Πρίστινα,Приштинæ,Приштина,Прищина,Прышціна,Պրիշտինա,פרישטינה,بريشتينا,پریسٹینا,پریشتینا,प्रिस्टिना,ਪ੍ਰਿਸ਼ਤੀਨਾ,பிரிஸ்டினா,พริชตีนา,པི་རི་སི་ཊི་ན།,პრიშტინა,プリシュティナ,普里什蒂納,普里什蒂纳,프리슈티나",42.67272,21.16688,P,PPLC,XK,,10097360,20,,,550000,,597,Europe/Belgrade,2022-09-14,Kosovo,EU,Europe,8,8,10,10,1191,16.516788,24.15054,24.713093,19.548925,15.40278,11.384543,11.480417,11.578224,11.41371,10.859307,14.936425,17.247917,25.921507,0.15889186
70225,Taiz,Taiz,"TAI,Ta'izz,Ta`izz,Taaciz,Taez,Taiz,Taizi,Taizz,Taëz,Ta‘izz,ta'ija,ta'iza,taizu,taʾaዝ,tʿz,Таиз,تعز,ताइज़,তাইজ,ਤਾਇਜ਼,ታዓዝ,タイズ",13.57952,44.02091,P,PPLA,YE,,25,1520,,,940600,1400,1316,Asia/Aden,2026-04-14,Yemen,AS,MENA,0,0,0,0,337,48.99714,32.599197,62.309967,64.65793,57.81944,52.346104,64.00833,96.2141,38.05901,29.271666,28.940994,29.508753,33.022446,0.29087943
71137,Sanaa,Sanaa,"SAH,Sano,San'a,San'ah,San`a',Sana,Sana'a,Sana'a',Sanaa,Sanao,Sanaà,Sanaá,San’ah,Səna,sa na,sana,sanua,snʿaʾ,Şana‘ā',Şan‘ā’,Σάνα,Сана,Санъо,צנעא,صنعاء,ሳና,サヌア,萨那,사나",15.35452,44.20646,P,PPLC,YE,,26,,,,1937451,,2253,Asia/Aden,2025-06-14,Yemen,AS,MENA,0,0,0,0,373,15.15037,10.582796,12.871574,16.790457,11.626527,15.853629,16.330278,20.357258,21.433733,19.993055,13.347042,11.379721,10.976881,0.26188782
74477,Ibb,Ibb,"Ibas,Ibb,Ibbu,ab,ay by,iba,ibba,ibbu,ibeu,yi bo,İbb,ʿibi,Ібб,Ибб,איב,إب,اب,ای بی,इब्ब,ইব্ব,ਇਬ,ኢብ,イッブ,伊卜,이브",13.96667,44.18333,P,PPLA,YE,,23,1118,,,771514,,1931,Asia/Aden,2026-04-14,Yemen,AS,MENA,0,0,0,0,344,31.782623,26.211826,42.288094,37.690994,33.362637,34.356453,43.52708,45.672173,22.284136,24.72347,24.78387,23.172916,24.258732,0.3823583
78754,Mukalla,Mukalla,"Al Mukalla,Al Mukallā,Al'-Mukalla,Al-Mukalla,El'-Mukalla,MKX,Mukala,Mukalla,Mukella,Mukolla,Muqadisho,RIY,almkla,mkla,mukala,mukalla,mukarra,Аль-Мукалла,Ель-Мукалла,Мукалла,المكلا,المکلا,مکلا,मुकल्ला,মুকাল্লা,ਮੁਕੱਲਾ,ሙካላ,ムカッラ",14.54248,49.12424,P,PPLA,YE,,04,1929,,,594951,,39,Asia/Aden,2026-04-14,Yemen,AS,MENA,0,0,0,0,349,16.318285,20.706858,18.920237,19.679567,9.725695,13.108737,15.834306,19.679163,18.60269,17.318611,11.775,14.383612,16.078358,0.33554366
79415,Al Ḩudaydah,Al Hudaydah,"Al Hudaidha,Al Hudaydah,Al Xudayda,Al Ḩudaydah,Al'-Khudajda,Al'khudajda,Ehl'-Khudajda,El Hudeyda,El-Hodeidah,El-Ḥodeidah,Elhudayda,HOD,Hodaidah,Hodeida,Hudaida,Hudaydah,ala hudayadaha,ala hudeda,alahuda'ida,alhdydh,alhdydt,alhdydہ,arufudaida,hdydh,ʿeልሁdayida,Аль-Худайда,Альхудайда,Эль-Худайда,الحديدة,الحدیده,الحدیدہ,حديده,حدیده,अल हुदेदा,আল হুদায়দাহ,ਅਲਹੁਦਾਈਦਾ,አልሁዳይዳ,Ḩudaydah,アルフダイダ",14.79781,42.95452,P,PPLA,YE,,08,1821,,,734699,,10,Asia/Aden,2026-04-14,Yemen,AS,MENA,0,0,0,0,365,18.940449,20.241938,21.826487,22.277956,15.089582,19.841934,18.329304,16.789112,21.277548,20.453749,18.21129,15.977499,17.057528,0.41572106
415189,Aden,Aden,"ADE,Adan,Adehn,Adem,Aden,Aden khot,Aden shaary,Adena,Adenas,Adeni,Adeno,Adén,Aidin,Anten,Cadan,`Adan,adana,aden,ayadena,edana,xeden,ya ding,Áden,Áidin,Ədən,Ɛaden,ʿdn,ʿedeni,Άντεν,Адан,Аден,Аден хот,Аден шаары,Адэн,Ադեն,עדן,عدن,अदन,एडन,অ্যাডেন,ਅਡਨ,เอเดน,အေဒင်မြို့,አደን,‘Adan,アデン,亚丁,亞丁,아덴",12.77957,45.03852,P,PPLA,YE,,02,2407,,,1079670,,7,Asia/Aden,2026-04-14,Yemen,AS,MENA,0,0,0,0,325,20.476233,22.926344,22.156845,21.69597,12.7573595,19.559675,17.733055,27.214651,26.25739,23.093197,15.8568535,18.11722,18.179705,0.42914927
949880,Thembisa,Thembisa,"Tembisa,Thembisa,Тембиса",-25.99636,28.2268,P,PPL,ZA,,06,EKU,EKU,,511655,,1577,Africa/Johannesburg,2026-09-14,South Africa,AF,Sub-Saharan Africa,3,3,9,10,74,28.08874,18.239515,19.259373,34.23239,27.595137,39.75201,39.432503,42.76949,28.208063,19.710278,19.367342,23.540417,24.036966,0.23118259
953781,Soweto,Soweto,"Mpanzaville,Souehto,Soueto,Sovetas,Soveto,Soweto,coyitto,sau'eto,so we to,soueto,soveto,sovhito,soweto,soyeto,suo wei tuo,swwtw,swwytw,swytw,Σοβέτο,Совето,Соуэто,Սոուետո,סווטו,سووتو,سوویتو,سويتو,सॉवेटो,सोव्हिटो,সোয়েতো,સોવેટો,சோயிட்டோ,సోవెటో,ಸೌಏತೋ,සොවෙටෝ,โซเวโต,სოვეტო,ソウェト,索韋托,索韦托,소웨토",-26.26781,27.85849,P,PPL,ZA,,06,JHB,JHB,,1695047,,1632,Africa/Johannesburg,2012-07-12,South Africa,AF,Sub-Saharan Africa,2,2,9,9,73,35.735394,23.754972,22.685568,39.984146,33.338474,50.0957,52.78472,60.21882,37.78279,25.937498,23.820297,28.615143,28.470566,0.18148835
954013,Soshanguve,Soshanguve,"Soshanguve,Сошангуве",-25.47288,28.09919,P,PPL,ZA,,06,TSH,TSH,,872309,,1179,Africa/Johannesburg,2026-09-14,South Africa,AF,Sub-Saharan Africa,0,1,3,4,77,23.852087,15.836964,17.480951,31.160887,23.71861,34.482925,38.688614,36.27339,22.058334,15.922222,14.103359,17.733747,18.169624,0.17339075
964137,Pretoria,Pretoria,"E-Pitoli,IPitoli,PRY,Piritoria,Piritōria,Pitori,Praetoria,Prehtoryja,Pretooriyaa,Pretori,Pretoria,Pretoria/Pole tou Akroteriou,Pretoriae,Pretorie,Pretorii,Pretorija,Pretorio,Pretoriya,Pretoriye,Pretoriä,Pretoría,Pretourii,Pretòria,Pretória,Priturya,Prétoriye,Pta,Tshwane,Tsindiitłʼííshí,bi lei tuo li ya,brytwrya,peulitolia,phri thx reiy,pirittoriya,pritori'a,pritoriya,pritteariya,prtwrya,prtwryh,prytwrya,pu li tuo li ya,puretoria,Πρετόρια,Πρετόρια/Πόλη του Ακρωτηρίου,Претори,Преториа,Претория,Преторија,Преторія,Прэторыя,Պրետորիա,פרטוריה,פרעטאריע,بريتوريا,پرتوریا,پريطوريا,پریٹوریا,پرێتۆریا,प्रिटोरिया,प्रिटोरीया,প্রিটোরিয়া,ਪ੍ਰਿਟੋਰੀਆ,પ્રિટોરિયા,பிரிட்டோரியா,ప్రిటోరియా,ಪ್ರಿಟೋರಿಯಾ,പ്രിട്ടോറിയ,ප්‍රිටෝරියා,พริทอเรีย,ཕི་རི་ཐོ་རི་ཡ།,პრეტორია,ፕሪቶሪያ,プレトリア,普利托利亞,普利托里亞,比勒陀利亚,比勒陀利亞,프리토리아",-25.74486,28.18783,P,PPLC,ZA,,06,TSH,TSH,,2112693,,1332,Africa/Johannesburg,2024-12-02,South Africa,AF,Sub-Saharan Africa,3,4,6,7,77,23.852087,15.836964,17.480951,31.160887,23.71861,34.482925,38.688614,36.27339,22.058334,15.922222,14.103359,17.733747,18.169624,0.2071385
964420,Gqeberha,Gqeberha,"Gqeberha,IBhayi,Ibhayi,PLZ,Port Elisabeth,Port Elizabet,Port Elizabetas,Port Elizabeth,Port Elizampeth,Port-Ehlizabet,Port-Elizabet,Portelizabeta,Porto Elizabeth,Portus Elisabethae,Puerto Elizabeth,bwrt alyzabyth,die Baai,phxrt xe li sabeth,porta elijhabetha,porta elizabetha,poteuellijabeseu,pwrt alyzabt,yi li sha bai gang,Πορτ Ελίζαμπεθ,Порт Елизабет,Порт-Елізабет,Порт-Элизабет,Порт-Элізабет,פורט אליזבת,بورت إليزابيث,پورت الیزابت,پورٹ الزبتھ,पोर्ट एलिज़ाबेथ,पोर्ट एलिझाबेथ,พอร์ตเอลิซาเบท,პორტ-ელიზაბეთი,ፖርት ኤልሳቤጥ,ポート・エリザベス,伊莉莎白港,포트엘리자베스",-33.96109,25.61494,P,PPLA2,ZA,,05,NMA,NMA,,1050078,,61,Africa/Johannesburg,2025-12-03,South Africa,AF,Sub-Saharan Africa,2,2,2,2,44,8.775461,8.638978,8.467261,8.719758,7.6388907,10.519219,7.176528,9.275135,9.774059,8.537083,8.408334,8.18,9.825269,0.09953266
965301,Pietermaritzburg,Pietermaritzburg,"Maritzburg,Mokokotlofo,PZB,Petromaritzburgum,Pietermaricburg,Pietermaritsburg,Pietermaritzburg,Pitehrmarycburg,Pitermaricburg,Pitermaricburgas,Piturmaricburg,bi de ma li ci bao,bytrmarytzbrgh,pi texr ma rits beirk,pitamarittsubagu,pitaramairitsabarga,pitaramaritazabaraga,pitaramaritjhabarga,pitarameritajabarga,piteomalicheubeogeu,pytrmartsbrg,pytrmarytsbrg,Пиетермарицбург,Питермарицбург,Питърмарицбург,Пітермаріцбург,Пітэрмарыцбург,بيترماريتزبرغ,پيترمارتسبرگ,پیترماریتسبرگ,پیٹرماریٹزبرگ,پیٹرومیرٹبرگ,पीटरमारित्झबर्ग,पीटरमैरिट्सबर्ग,পিটারমেরিটজবার্গ,ਪੀਟਰਮਾਰਿਟਜ਼ਬਰਗ,ปีเตอร์มาริตซ์เบิร์ก,ፒterimaritisiberiግ,ፒተርማሪትስበርግ,ピーターマリッツバーグ,彼得马里茨堡,피터마리츠버그",-29.61679,30.39278,P,PPLA,ZA,,02,DC22,KZN225,,839327,,636,Africa/Johannesburg,2026-04-14,South Africa,AF,Sub-Saharan Africa,1,1,1,1,56,17.82711,12.890995,11.75521,13.3517475,12.879165,22.854702,22.421108,25.98226,26.37406,19.309723,15.94973,16.582636,12.982663,0.1812497
993800,Johannesburg,Johannesburg,"EGoli,Giochanesmpournk,IGoli,IJohannesburg,Ioannesburgum,JNB,Jo'anna,Joanesburgo,Joburg,Jog'annesburg,Joganesburg,Jogannesburg,Johanesburgas,Johanesburgo,Johannesarborg,Johannesbourg,Johannesburg,Johannesburga,Johannesburgo,Johannesburgu,Jokhanesburg,Jokhanezburg,Jokhannesburg,J·ohanesbôrg,Jóhannesarborg,Xohanesburgo,Yohannesburg,Yohannesburq,Yohannésburg,Yok-hon-ni-su-pau,Yok-hon-nì-sṳ̂-páu,Yoxannesburg,cohannes beirk,iohanesburgi,johanesabarga,johanisabaraga,johannesbarga,johansabarga,jokanasperk,jwhansbrgh,jwhansbrj,yohaneseubeogeu,yohanesuburugu,yue han nei si bao,yue han ni si bao,ywhnsbwrg,zhwhansbwrg,Γιοχάνεσμπουργκ,Ёганесбург,Јоханезбург,Јоханесбург,Йоганнесбург,Йогьаннесбург,Йоханесбург,Йоханнесбург,Յոհաննեսբուրգ,יאהאנעסבורג,יוהנסבורג,جوهانسبرج,جوهانسبرغ,جوہانسبرگ,جۆھانسبێرگ,ژوهانسبورگ,یوہانس برگ,जोहन्नेस्बर्ग,जोहान्सबर्ग,জোহানেসবার্গ,ਜੋਹਾਨਿਸਬਰਗ,ஜோகானஸ்பேர்க்,ജൊഹാനസ്‌ബർഗ്,โจฮันเนสเบิร์ก,ဂျိုဟန္နက်စဗတ်မြို့,იოჰანესბურგი,ጆሃንስበርግ,ヨハネスブルグ,約翰尼斯堡,约翰内斯堡,요하네스버그",-26.20227,28.04363,P,PPLA,ZA,,06,JHB,JHB,,9418183,,1767,Africa/Johannesburg,2026-04-14,South Africa,AF,Sub-Saharan Africa,3,3,7,7,73,35.735394,23.754972,22.685568,39.984146,33.338474,50.0957,52.78472,60.21882,37.78279,25.937498,23.820297,28.615143,28.470566,0.27571604
1004866,Evaton,Evaton,"Evaton,yi wa dun,Еватон,伊瓦頓,伊瓦顿",-26.53333,27.85,P,PPL,ZA,,06,DC42,GT421,,725468,,1513,Africa/Johannesburg,2026-09-14,South Africa,AF,Sub-Saharan Africa,8,8,11,11,73,35.735394,23.754972,22.685568,39.984146,33.338474,50.0957,52.78472,60.21882,37.78279,25.937498,23.820297,28.615143,28.470566,0.19085754
1007311,Durban,Durban,"DUR,Durban,Durbana,Durbanas,Durbano,Durbanum,EThekwini,ITheku,Ntermpan,Port Natal,Thekong,daban,darabana,darban,darbana,de ban,de xr ban,deoban,die bin,drbn,durbani,dwrban,dyrban,tarpan,Ντέρμπαν,Дурбан,Дърбан,Դուրբան,דרבן,دوربان,ديربان,ڈربن,डरबन,डर्बन,ਡਰਬਨ,டர்பன்,డర్బన్,ಡರ್ಬನ್,ഡർബൻ,เดอร์บัน,ဒါဘန်မြို့,დურბანი,ደርባን,ダーバン,德班,爹濱,더반",-29.8579,31.0292,P,PPLA2,ZA,,02,ETH,ETH,,3338026,,21,Africa/Johannesburg,2025-02-24,South Africa,AF,Sub-Saharan Africa,1,4,1,13,55,12.472959,9.678091,9.322172,9.811425,7.914861,17.000807,15.828609,17.252956,14.74637,14.731528,12.31129,10.221805,10.512095,0.16016437
1018725,Bloemfontein,Bloemfontein,"BFN,Bloemfontein,Blumfantehjn,Blumfonteina,Blumfonteinas,Blumfontejn,Blumfontejno,Blumfonteyn,EBloemfontein,IBloemfontein,Mangaung,Mploumphontein,balumaphontaina,beullumpontein,blomaphante'ina,blum fxn then,blumafonatena,blumaphamtena,blumphanteyiൻ,blwmfwntn,blwmfwntyn,blwmpwntyyn,blwwmfۆntەyn,bu long fang dan,burumufonten,Μπλουμφοντέιν,Блумфантэйн,Блумфонтейн,Блумфонтејн,Բլումֆոնթեյն,בלומפונטיין,بلوئمفونٹین,بلومفونتن,بلومفونتين,بلومفونٹین,بلوومفۆنتەین,ब्लूमफ़ोनटेन,ब्लूमफाँटेन,ব্লোমফন্টেইন,ਬਲੂਮਫੋਂਟੈਨ,ബ്ലൂംഫൗണ്ടെയിൻ,บลูมฟอนเทน,ბლუმფონტეინი,ብሉምፎንቴይን,ブルームフォンテーン,布隆方丹,블룸폰테인",-29.12107,26.214,P,PPLA,ZA,,03,MAN,MAN,,556637,,1396,Africa/Johannesburg,2026-04-14,South Africa,AF,Sub-Saharan Africa,1,1,1,1,59,8.082065,8.854032,7.1191964,8.757661,6.160279,7.6912637,9.028612,8.942069,9.054166,9.423888,6.831048,7.7356944,7.294355,0.10186807
1020098,Benoni,Benoni,"Behnoni,Benoni,beneani,benoni,bo nuo ni,bynwny,Бенони,Беноні,Бэноні,Բենոնի,באנוני,بينونى,بينوني,بینونی، گاؤٹینگ,बेनोनी,ബെനോനി,ベノーニ,伯諾尼,伯诺尼",-26.18848,28.32078,P,PPL,ZA,,06,EKU,EKU,,605344,,1641,Africa/Johannesburg,2012-07-12,South Africa,AF,Sub-Saharan Africa,2,2,6,6,74,28.08874,18.239515,19.259373,34.23239,27.595137,39.75201,39.432503,42.76949,28.208063,19.710278,19.367342,23.540417,24.036966,0.23323663
3369157,Cape Town,Cape Town,"Altepetl In Cabo,Ar Chab,CPT,Cape Toun,Cape Town,Cidade do Cabo,Cita del Cap,Citati du Capu,Citati dû Capu,Citta del Capo,Cittae do Cavo,Città del Capo,Cità del Cap,Ciuda del Cabu,Ciudad del Cabo,Ciudat do Cabo,Ciudá del Cabu,Ciutat del Cap,Civitas Capitis,El Cabo,Fokvaros,Fokváros,Hoefdaborg,Hovdastadur,Höfðaborg,Høvdastaður,IKapa,Kaapstad,Kaapsted,Kaapstêd,Kab town,Kabe Urbe,Kaburbo,Kaepstad,Kapetown,Kapkaupunki,Kaplinn,Kapske Mesto,Kapske Misto,Kapské Mesto,Kapské Město,Kapstad,Kapstaden,Kapstadt,Kapsztad,Kapétown,Keip Taoun,Keiptaun,Keiptauna,Keiptaunas,Keiptauns,Kejptaun,Kep Taun,Keyptaun,Keyptawn,Keýptaun,Le Cap,Li Kap,Lo Cap,Lurmutur Hiria,Lé Cap,Sita del Cao,Sita del Cap,Sità del Cao,Sità dël Cap,Tref y Penrhyn,Yvy akua Tava,Yvy akua Táva,hao wang jiao zhen,iKapa,kai pu dui,kai pu dun,keipeutaun,kep taun,kep tavun,kepa ta'una,kepata'una,keputaun,khep thawn,kyb tawn,kېp ټawn,Çittæ do Cavo,Κέιπ Τάουν,Капске Місто,Кейптаун,Кейптаўн,Кејптаун,Քեյփթաուն,קאפשטאט,קייפטאון,كيب تاون,کیپ ٹاؤن,کیپ‌تاون,کېپ ټاون,کەیپ تاون,केपटाउन,केपताउन,কেপ টাউন,ਕੇਪਟਾਊਨ,કેપ ટાઉન,କେପ ଟାଉନ,கேப் டவுன்,కేప్ టౌన్,ಕೇಪ್ ಟೌನ್,കേപ് ടൗൺ,เคปทาวน์,ကိပ်တောင်းမြို့,კეიპტაუნი,ኬፕ ታውን,ケープタウン,好望角鎮,開普敦,케이프타운",-33.92584,18.42322,P,PPLA,ZA,,11,CPT,CPT,,4772846,,25,Africa/Johannesburg,2026-04-14,South Africa,AF,Sub-Saharan Africa,1,2,2,3,43,18.762608,15.65793,17.781994,18.694357,29.488886,23.719223,18.216946,16.372581,20.837095,18.219027,16.034945,15.2151375,15.014787,0.09069484
901344,Ndola,Ndola,"NLA,Ndola,Ntola,ainadola,en duo la,enadola,eundolla,ndola,ndora,ndwla,nidola,Ντόλα,Ндола,ندولا,एनडोला,এনডোলা,ਐਨਡੋਲਾ,ნდოლა,ንዶላ,ンドラ,恩多拉,은돌라",-12.95867,28.63659,P,PPLA,ZM,,08,,,,627503,,1307,Africa/Lusaka,2026-04-14,Zambia,AF,Sub-Saharan Africa,0,0,0,0,124,10.43563,12.002286,12.705356,7.2694893,5.3766665,4.243011,7.888612,7.6845436,16.553226,22.470695,13.811693,7.5238895,7.9666677,0.25247446
909137,Lusaka,Lusaka,"LUN,Lousaka,Louzaka,Lusaca,Lusak,Lusaka,Lusako,Lúsaka,Lûsaka,lu sa ka,lu sha ka,lucakka,lusaka,lwsaka,lwsqh,lwwsaka,rusaka,Λουσάκα,Лусака,Լուսակա,לוסאקא,לוסקה,لوساكا,لوساکا,لووساکا,لۇساكا,लुसाका,লুসাকা,ਲੁਸਾਕਾ,ଲୁସାକ,லுசாக்கா,ลูซากา,ལུ་ས་ཀ།,ლუსაკა,ሉሳካ,ルサカ,盧薩卡,路沙卡,루사카",-15.40669,28.28713,P,PPLC,ZM,,09,,,,2212301,,1277,Africa/Lusaka,2025-10-26,Zambia,AF,Sub-Saharan Africa,0,1,0,1,115,9.567319,11.392069,13.735863,7.2967734,6.044444,4.90457,7.236111,5.2977147,11.024865,17.600416,13.244756,8.923056,8.560081,0.22460568
911148,Kitwe,Kitwe,"KIW,Kitoue,Kitue,Kitve,Kitve-Nkana,Kitvė,Kitwe,Kitwe Nkana,Nkana-Kitwe,ji te wei,kiteuwe,kitoue,kytwy,Κίτουε,Китве,Китве-Нкана,Китуе,Кітве,Կիտվե-Նկանա,كيتوي,کتوے,კიტვე,キトウェ,基特韦,키트웨",-12.80243,28.21323,P,PPL,ZM,,08,,,,665961,,1224,Africa/Lusaka,2024-12-02,Zambia,AF,Sub-Saharan Africa,0,0,0,0,123,12.897166,15.148924,16.565475,10.045698,7.214584,6.0180106,11.052639,11.43293,19.005783,22.23125,15.125402,10.121668,11.127418,0.27632207
890299,Harare,Harare,"Arare,Charare,HRE,Harare,Hararensis Urbs,Harareo,Hararė,Kharare,Kharareh,Salisbury,ha la lei,halale,harare,harary,hrarh,hrary,Χαράρε,Хараре,Харарэ,Հարարե,הארארה,هارارى,هراره,هراري,ھارارې,ھەرارێ,ہرارے,हरारे,ਹਰਾਰੇ,ହାରାରେ,ஹராரே,ฮาราเร,ཧ་ར་རི།,ჰარარე,ሀራሬ,ハラレ,哈拉雷,하라레",-17.82772,31.05337,P,PPLC,ZW,,10,,,,1542813,,1494,Africa/Harare,2025-02-07,Zimbabwe,AF,Sub-Saharan Africa,5,6,5,6,106,12.8798485,8.110888,9.664434,8.037768,10.067221,10.367337,17.00264,17.22191,19.214115,20.197916,14.3451605,11.522639,8.729569,0.18727553
894701,Bulawayo,Bulawayo,"BUQ,Bulavajas,Bulavajo,Bulavejo,Bulawayo,blawyw,bu la wa yue,bula'oyayo,bulava'i'o,bulavayo,bulawayo,bullawayo,burawayo,bwlawayw,bwlawyw,Булавайо,Булаваё,Булавајо,Булавейо,بلاویو,بولاوايو,بولاویو,बुलावायो,বুলাওয়ায়ো,ਬੁਲਾਵਾਇਓ,ቡላዋዮ,ブラワヨ,布拉瓦约,불라와요",-20.15,28.58333,P,PPLA,ZW,,09,,,,665952,,1348,Africa/Harare,2026-04-14,Zimbabwe,AF,Sub-Saharan Africa,1,1,1,1,101,6.1104693,4.456855,4.461458,4.356989,5.9051385,4.784409,5.8525004,6.0243278,7.2138433,10.428195,8.07285,6.853889,4.903898,0.14531787
