gid,name,cc,region,lat,lon,pop,n_ref_25,n_any_25,cams,pred,abs_log_err,lo,hi,priority
53654,Mogadishu,SO,Sub-Saharan Africa,2.03711,45.34375,2587183.0,0,0,8.652385,11.90132319420344,0.5327449842988429,5.0746502781705045,27.91157735187791,16.40369809405814
64021,Borama,SO,Sub-Saharan Africa,9.93611,43.18278,597842.0,0,0,12.563443,13.417050365028567,0.5924097418827866,5.200062924662185,34.618281183473904,4.751882177625518
70225,Taiz,YE,MENA,13.57952,44.02091,940600.0,0,0,49.06316,22.830239656453866,0.44291249031163976,11.239405745197484,46.374323926674876,9.511157481592836
71137,Sanaa,YE,MENA,15.35452,44.20646,1937451.0,0,0,15.128581,18.36410218470935,0.5739272319649935,7.331016768873395,46.00183844652051,20.420071579627134
74477,Ibb,YE,MENA,13.96667,44.18333,771514.0,0,0,31.861032,22.625894847424377,0.4424292813399057,11.147421214295377,45.9237260174764,7.723131648317133
78754,Mukalla,YE,MENA,14.54248,49.12424,594951.0,0,0,16.317736,13.904363069494563,0.4258910280276777,7.034151245843903,27.48466810157845,3.5231472062029785
79415,Al Ḩudaydah,YE,MENA,14.79781,42.95452,734699.0,0,0,18.947828,17.31460777843714,0.4831802644425443,7.992168321423812,37.51117725054456,6.1465482332452845
88319,Benghazi,LY,MENA,32.11486,20.06859,757490.0,0,0,13.802185,26.139326912130397,0.37723808982752977,14.294287969796889,47.79982135961775,7.469419330937344
94787,Kirkuk,IQ,MENA,35.46806,44.39222,1031000.0,0,0,32.38357,27.169468512933552,0.3905044502243367,14.54557380283979,50.74946023313084,10.93870211383099
94824,Karbala,IQ,MENA,32.61603,44.02488,1218732.0,0,0,34.488327,33.02001722801069,0.41635362429471884,16.961535475284375,64.28200673971367,16.755132224652495
95446,Erbil,IQ,MENA,36.19117,44.00943,1612700.0,0,0,24.951326,23.01096158433216,0.4069559237040965,11.999214809343547,44.12825017711127,15.102043881505466
98182,Baghdad,IQ,MENA,33.34058,44.40088,7216000.0,3,3,49.70308,36.356094816672304,0.4611184419061862,17.38438436892678,76.03177669503322,120.97238518146456
98463,Sulaymaniyah,IQ,MENA,35.56496,45.4329,878146.0,0,0,21.143679,28.48888236648635,0.40330596988622386,14.942722125358493,54.31516504707976,10.089666002572633
98854,Nasiriyah,IQ,MENA,31.05799,46.25726,558400.0,0,0,28.695175,38.385598196552785,0.40462013506829725,20.091365108540057,73.33768218073388,8.672837581618136
99071,Al Mawşil al Jadīdah,IQ,MENA,36.33271,43.10555,2065597.0,0,0,28.974266,25.632476238829316,0.47001810526830073,12.083382748297842,54.37416424028304,24.88575063826601
99072,Mosul,IQ,MENA,36.335,43.11889,1683000.0,0,0,28.974266,25.59250165554118,0.47001810526830073,12.064538365664902,54.28936616861436,20.24470456793001
99532,Basrah,IQ,MENA,30.50852,47.7804,1326564.0,0,0,47.933254,35.697687581291596,0.4189030928558411,18.262339060752108,69.77884346645239,19.837267905070583
100077,Abū Ghurayb,IQ,MENA,33.30563,44.18477,900000.0,3,3,37.972385,30.83458489774071,0.4269071797951782,15.5737290377672,61.04970900099155,11.847155110964533
101628,Tabuk,SA,MENA,28.3998,36.57151,667000.0,0,0,15.075653,22.014279345349987,0.39113712203088924,11.773743307298332,41.16180236362811,5.74327144510507
101760,Sulţānah,SA,MENA,24.49258,39.58572,946697.0,0,0,41.608208,28.49059937882789,0.4231310440242237,14.477048250412173,56.0690438357666,11.412675692968069
103630,Najrān,SA,MENA,17.49326,44.12766,505652.0,0,0,25.57762,28.985809511848757,0.4301041640505223,14.56526698118358,57.68360814412677,6.303921701682664
104515,Makkah,SA,MENA,21.42664,39.82563,1578722.0,0,0,44.741283,30.98909681145874,0.36305933661320106,17.335223781406206,55.397272818595376,17.76201324453523
105343,Jeddah,SA,MENA,21.49012,39.18624,4697000.0,1,1,79.163025,27.32531542199902,0.48750036324313223,12.526081570232598,59.60945238342978,62.56921230801925
106281,Ha'il,SA,MENA,27.52188,41.69073,605930.0,0,0,25.46074,27.214981564755025,0.40327262553457044,14.275309172664866,51.88365538087277,6.650116330118311
107304,Buraydah,SA,MENA,26.32599,43.97497,745353.0,0,0,28.497782,38.32234359197199,0.3978107620730218,20.27798653216229,72.42346354515288,11.362936827386378
107968,Ta’if,SA,MENA,21.27028,40.41583,688693.0,0,0,27.518051,30.647897691952096,0.4072273174669343,15.974606397114114,58.799172235382926,8.595343978395178
108410,Riyadh,SA,MENA,24.68773,46.72185,4205961.0,0,1,122.7164,25.141149167974007,0.5612773285498194,10.241644343877724,61.71639633865678,59.35097618215187
109223,Madinah,SA,MENA,24.46861,39.61417,1300000.0,0,0,41.608208,28.49059937882789,0.4231310440242237,14.477048250412173,56.0690438357666,15.671834178051148
110336,Dammam,SA,MENA,26.43442,50.10326,1252523.0,1,3,48.87528,44.44052186026526,0.3756305919868754,24.36488022824741,81.05765202666768,20.908641411107133
112931,Tehran,IR,MENA,35.69439,51.42151,7153309.0,0,0,26.727339,26.55796375805362,0.5728044531084383,10.621099387751586,66.40795017768892,108.81985555702455
113646,Tabriz,IR,MENA,38.08,46.2919,1424641.0,0,0,14.950565,16.61745256057088,0.5239386752097888,7.18612168239581,38.42680959317688,12.403674021061802
115019,Shiraz,IR,MENA,29.61031,52.53113,1249942.0,0,0,26.470568,26.58703624978536,0.4614317450672895,12.70674488576059,55.62954973146056,15.33441661618527
118743,Rasht,IR,MENA,37.27611,49.58862,594590.0,0,0,16.078394,17.869945529366948,0.5133653754320866,7.859599730837578,40.62992571614217,5.454656458271257
119208,Qom,IR,MENA,34.6401,50.8764,900000.0,0,0,18.058912,22.106779758661663,0.49506853816229607,10.011902916692538,48.81286957778649,9.84993402473682
121801,Orūmīyeh,IR,MENA,37.55274,45.07605,577307.0,0,0,14.128102,21.267612786139143,0.42053748462486085,10.851739759930691,41.68099895753841,5.163334733492958
124665,Mashhad,IR,MENA,36.29807,59.60567,2307177.0,0,0,28.09559,26.415756527472926,0.5431701352316956,11.077194595483979,62.99358442282931,33.103952494707464
128226,Kermanshah,IR,MENA,34.31417,47.065,621100.0,0,0,15.987016,18.382231054953163,0.45714150819467253,8.845935441509228,38.19905998545626,5.219277722546714
128234,Kerman,IR,MENA,30.28321,57.07879,577514.0,0,0,15.252975,22.374130525213058,0.46268594213473896,10.671833599297077,46.90868838062129,5.97853792525772
128747,Karaj,IR,MENA,35.83266,50.99155,1448075.0,0,0,20.333206,22.078194582401636,0.5709107231078508,8.856337407500614,55.03930728808506,18.25251914401903
132144,Hamadān,IR,MENA,34.79922,48.51456,528256.0,0,0,13.844615,17.205037463339952,0.47682281701392326,8.0227857303655,36.89657483865589,4.3336825002268204
143127,Arāk,IR,MENA,34.09493,49.69809,503647.0,0,0,16.351118,19.948635328486787,0.47955794134883495,9.261518594056842,42.967905039278996,4.818152367536003
144448,Ahvaz,IR,MENA,31.31901,48.6842,841145.0,0,0,46.57593,38.68260720545228,0.4182572894984122,19.809832584216007,75.5354238280418,13.6091225284011
148730,Zanzibar,TZ,Sub-Saharan Africa,-6.16394,39.19793,709809.0,0,0,7.0270615,8.88793944453615,0.5552286383047985,3.6558529011068295,21.607944768736523,3.502792791582584
152224,Mwanza,TZ,Sub-Saharan Africa,-2.51667,32.9,1104521.0,0,0,9.029126,13.510500309292524,0.5631971214106565,5.4868361138159205,33.26755434662455,8.404382998858562
154380,Mbeya,TZ,Sub-Saharan Africa,-8.9,33.45,541603.0,0,0,10.016784,16.16803527308812,0.5545475859545846,6.657606424491472,39.26416611684709,4.85598267209588
160196,Dodoma,TZ,Sub-Saharan Africa,-6.17221,35.73947,765179.0,0,0,7.8660607,11.537449342341297,0.5844293184339758,4.529045901894806,29.39090047009715,5.159467061976805
160263,Dar es Salaam,TZ,Sub-Saharan Africa,-6.82349,39.26951,5383728.0,0,0,7.6629777,10.159304941466338,0.5875267439824694,3.9683374877618975,26.008744773346532,32.13473676379126
161325,Arusha,TZ,Sub-Saharan Africa,-3.36667,36.68333,617631.0,0,0,9.940171,18.20014942685162,0.4554286821832474,8.782349009612092,37.7171800844155,5.119463109592233
162183,Ashgabat,TM,Central Asia,37.95,58.38333,1030063.0,2,2,13.724994,18.34910437640684,0.5296320709608171,7.86300974177169,42.819434602456674,10.010434626958645
169577,Homs,SY,MENA,34.72405,36.72559,775404.0,0,0,15.679031,15.780084997029858,0.38136175237303543,8.572589948529517,29.047357217430008,4.666319912003926
170063,Aleppo,SY,MENA,36.20124,37.16117,2098210.0,0,0,16.203545,16.025182458346194,0.39264554717936023,8.549976317922232,30.03592796917761,13.202391655915834
170654,Damascus,SY,MENA,33.5102,36.29128,1569394.0,0,0,34.41202,31.95133010649928,0.37741778051029046,17.46755852622173,58.44477315143752,18.925322392183684
172955,Ar Raqqah,SY,MENA,35.95283,39.00788,531952.0,0,0,68.66035,20.119683470023276,0.5010020895141215,9.025873351433935,44.849029802707925,5.362077999939192
173576,Latakia,SY,MENA,35.53125,35.79088,709000.0,0,0,13.739216,15.921096923381155,0.4062710175611443,8.311261913625763,30.498536789958575,4.586010695655931
184622,Nakuru,KE,Sub-Saharan Africa,-0.30719,36.07225,570674.0,1,1,12.47871,19.4704336272039,0.45662179066693637,9.3773970604798,40.42676055907092,5.073648113468455
184745,Nairobi,KE,Sub-Saharan Africa,-1.28333,36.81667,4397073.0,3,6,14.916153,14.952847827480353,0.4570230874946124,7.19700402536363,31.066768528101125,30.04870287330444
186301,Mombasa,KE,Sub-Saharan Africa,-4.05466,39.66359,1208333.0,0,0,7.923784,11.864540539707027,0.5528730725585783,4.898638204500189,28.736011181441004,7.926163000881068
195272,Kakamega,KE,Sub-Saharan Africa,0.28422,34.75229,1867579.0,0,0,21.34015,21.123251314252965,0.43856714045287765,10.471601427151056,42.60969529724378,17.301184484879354
202061,Kigali,RW,Sub-Saharan Africa,-1.94995,30.05885,1132686.0,1,1,26.035896,38.257560454592095,0.44215085891326805,18.85729469342973,77.61669718439154,19.1600782699596
204953,Tshikapa,CD,Sub-Saharan Africa,-6.41621,20.79995,634529.0,0,0,31.511322,37.608974411032285,0.46596419140703227,17.844583143297985,79.26410748243849,11.11976243888825
209228,Mbuji-Mayi,CD,Sub-Saharan Africa,-6.13603,23.58979,2101332.0,0,0,28.461966,39.5680238917737,0.553973507496223,16.30812912144079,96.00295061691625,46.06043461449987
212730,Kisangani,CD,Sub-Saharan Africa,0.51528,25.19099,1602144.0,0,0,22.500917,18.640474872483935,0.5181850962486992,8.135515696074552,42.709929702349484,15.475455385145407
214481,Kananga,CD,Sub-Saharan Africa,-5.89624,22.41659,1271704.0,0,0,26.365194,37.04830202273826,0.5559614030074059,15.221125166400814,90.17577004082881,26.193828997792284
217831,Bukavu,CD,Sub-Saharan Africa,-2.49077,28.84281,816811.0,0,0,22.536583,27.385330710536905,0.5486748629724003,11.383076259555297,65.88345022251255,12.273110137375456
223817,Djibouti,DJ,Sub-Saharan Africa,11.58901,43.14503,626512.0,0,0,17.524048,18.847615254978006,0.6312844137526975,6.864281224036543,51.75088100350076,7.454368678886268
232422,Kampala,UG,Sub-Saharan Africa,0.31628,32.58219,1680600.0,11,19,24.868715,23.77665487650385,0.4308562343501004,11.933317009163458,47.374029926655304,17.21660416768575
248946,Irbid,JO,MENA,32.55556,35.85,569068.0,0,1,23.660673,25.860280249318574,0.37204037969617526,14.259788781858461,46.89789623140115,5.475042199487249
250090,Zarqa,JO,MENA,32.07275,36.08796,792665.0,2,2,41.502342,31.938611418872743,0.383142384444578,17.30140742178769,58.95907046736362,9.699869930785269
250441,Amman,JO,MENA,31.95522,35.94503,1275857.0,2,2,41.502342,30.599878543328998,0.383142384444578,16.576204857250488,56.487753073160334,14.958288359364566
264371,Athens,GR,Europe,37.98376,23.72784,664046.0,7,12,10.301203,12.078482111517706,0.4278664542228712,6.091164050994429,23.951042673762107,3.4317746630868595
268743,Ra’s Bayrūt,LB,MENA,33.9,35.48333,1251739.0,0,0,21.966042,24.004811767154887,0.3974643391686437,12.709012124147879,45.340344501022585,11.942912704882094
276781,Beirut,LB,MENA,33.89332,35.50157,1916100.0,0,0,21.966042,23.874811857390657,0.3974643391686437,12.640185488665058,45.094800367996854,18.182613123294146
281184,Jerusalem,IL,MENA,31.76904,35.21633,971800.0,15,15,19.681261,24.390161717263524,0.40308022859008,12.797520957026904,46.48400190879379,9.55395234706191
285839,Al Aḩmadī,KW,MENA,29.07694,48.08389,637411.0,1,1,70.41181,35.17089277468143,0.4705844335313676,16.564862532825355,74.67563924040321,10.549709563549147
287286,Muscat,OM,MENA,23.58413,58.40778,797000.0,0,0,25.290052,33.12798822230395,0.39106012391258854,17.71979351509744,61.93433364345127,10.3251630378136
292223,Dubai,AE,MENA,25.07725,55.30927,3790000.0,1,9,41.48263,41.946302604060776,0.3710225942176854,23.167585850545507,75.94629468525339,58.983868577895
292672,Sharjah,AE,MENA,25.3342,55.41221,1800000.0,1,2,40.99533,42.734319410523455,0.3709153324788745,23.6068706456641,77.35976881019027,28.53146572634291
292913,Al Ain City,AE,MENA,24.19167,55.76056,846747.0,0,0,33.910767,48.63628571964813,0.3542609355828781,27.59273118398251,85.72867516559603,14.589396687895128
292968,Abu Dhabi,AE,MENA,24.45118,54.39696,1807000.0,2,2,37.660778,41.491965005542966,0.36480999597692404,23.145579236804686,74.38064705175516,27.351987241251468
298117,Van,TR,MENA,38.49457,43.38323,525016.0,0,0,11.418544,17.818294875388887,0.4469055326525731,8.716143485131058,36.4257005185747,4.180752054692295
304531,Mersin,TR,MENA,36.81196,34.63886,537842.0,0,0,14.162655,22.298889996056456,0.39246418306061903,11.900664136720557,41.78258367295208,4.706932677785986
304922,Malatya,TR,MENA,38.35018,38.31667,750491.0,0,0,13.121716,23.8201547055601,0.4514753938081893,11.567175961729308,49.052575328160735,8.07094061363815
306571,Konya,TR,MENA,37.87135,32.48464,1433861.0,0,0,11.476359,14.184181678607265,0.4635166978917094,6.756470651635734,29.777530350558084,9.427069777282052
308464,Kayseri,TR,MENA,38.73222,35.48528,1452458.0,0,0,15.126488,20.271862761218912,0.4443091746745089,9.957630823830215,41.26969829271319,13.082252331798179
311046,İzmir,TR,MENA,38.41273,27.13838,2938292.0,0,0,20.38408,20.915474657935153,0.45356810554949506,10.122699024996898,43.215458553739005,27.874378019261183
314830,Gaziantep,TR,MENA,37.05944,37.3825,2222415.0,0,0,15.204437,17.06990953554805,0.43387557359666884,8.525965905261051,34.17581242871186,16.45968728952394
315202,Eskişehir,TR,MENA,39.77667,30.52056,921630.0,0,0,9.72322,14.62616354000229,0.46957681172440174,6.899776704997765,31.004577255947822,6.329853678249932
315368,Erzurum,TR,MENA,39.90861,41.27694,767848.0,0,0,10.090042,20.653918084059853,0.5357481747127385,8.764486747342257,48.67191251700073,8.496467640671783
316541,Diyarbakır,TR,MENA,37.91363,40.21721,1833684.0,0,0,14.695407,18.741058456862714,0.42862733826391614,9.4395944190333,37.20787742483477,14.729855218912373
323777,Antalya,TR,MENA,36.90812,30.69556,1335002.0,0,0,11.5785675,14.893720266563134,0.423979846471548,7.557737788891838,29.35043654262032,8.430053334004638
323786,Ankara,TR,MENA,39.91987,32.85427,3517182.0,0,0,19.915033,22.25790620282511,0.4921111771146734,10.128157305963907,48.91456299183255,38.52497618302249
325363,Adana,TR,MENA,36.98615,35.32531,1816750.0,0,0,15.445096,19.64211804438894,0.3998220896743556,10.360088684072204,37.24029909732969,14.267578485274127
343300,Asmara,ER,Sub-Saharan Africa,15.33805,38.93184,563930.0,0,0,12.206071,14.722092838449365,0.4087063356158467,7.655460183628569,28.31182088928202,3.39317392487864
344979,Addis Ababa,ET,Sub-Saharan Africa,9.02497,38.74689,3860000.0,2,2,19.857744,21.81447334695146,0.4967295153981423,9.853300151794906,48.29562076399038,41.82654610878599
347497,Tanta,EG,MENA,30.78847,31.00192,576648.0,0,0,18.467043,26.290765898148024,0.3940465140563434,13.995604954500317,49.38724505002299,5.973949101180908
349076,Shubrā al Khaymah,EG,MENA,30.12511,31.25053,1240289.0,1,1,22.502943,28.525652680973156,0.3924072741782953,15.22520286261394,53.445124391321805,13.883390251418916
353225,Madīnat an Naşr,EG,MENA,30.06667,31.3,668413.0,1,1,22.502943,27.713400333010302,0.3923117673205436,14.793934046603008,51.91536988053908,7.267182023189212
358619,Port Said,EG,MENA,31.26531,32.3019,780515.0,0,0,12.183951,14.676421310191516,0.3765780654553612,8.03427936986848,26.809789970966573,4.3137646203913835
359783,Assiut,EG,MENA,27.18096,31.18368,528669.0,0,0,69.813095,28.683334284170552,0.36676263509316037,15.95059369810515,51.580128064776076,5.56158480354166
359796,Suez,EG,MENA,29.97371,32.52627,699541.0,0,0,13.7910185,30.052478636128644,0.37094809635871323,16.60042316885174,54.40532828522106,7.798419928081885
360630,Cairo,EG,MENA,30.06263,31.24967,9606916.0,1,1,22.502943,27.247990338524417,0.3923117673205436,14.545489442897962,51.04351973874849,102.69511957345111
360761,Al Mansurah,EG,MENA,31.03637,31.38069,621953.0,0,0,16.962242,24.89946328426048,0.3950008212910923,13.234736608181738,46.8451537948221,6.11709959453095
360829,Al Maḩallah al Kubrá,EG,MENA,30.97063,31.1669,592573.0,0,0,18.467043,25.960936424653426,0.39406689132578143,13.81957322498511,48.76924989451859,6.062226531538315
360995,Giza,EG,MENA,30.00944,31.20861,4367343.0,1,1,22.502943,27.311898675566834,0.3923117673205436,14.579604914542465,51.16323889685034,46.79511610289657
361058,Alexandria,EG,MENA,31.20176,29.91582,5263542.0,0,0,15.319875,19.82694140308694,0.3956744416159093,10.52720209810128,37.34207833554798,41.29256051440637
361320,Al Fayyum,EG,MENA,29.30995,30.8418,519047.0,0,0,28.085073,30.229203439148748,0.36714398477430715,16.799986499264605,54.393183030560344,5.7606276656377124
365137,Omdurman,SD,MENA,15.64453,32.47773,1849659.0,0,0,25.547297,23.439530633688616,0.5148576467781054,10.28464190720149,53.42058588767386,22.32172473438181
369004,Nyala,SD,MENA,12.04888,24.88069,565734.0,0,0,24.660631,16.22307874042411,0.4443009487944986,7.968954653002512,33.0267011519306,4.0777706614462605
379251,Khartoum North,SD,MENA,15.64925,32.53458,1012211.0,0,0,25.547297,21.830343986700523,0.5148576467781054,9.578573655035369,49.75311938298312,11.376765306370922
379252,Khartoum,SD,MENA,15.55177,32.53241,1974647.0,0,0,25.547297,22.107634026410327,0.5210017467183535,9.605349522373348,50.88284201499135,22.74421309362245
415189,Aden,YE,MENA,12.77957,45.03852,1079670.0,0,0,20.462355,19.434481268533343,0.5232636752047216,8.413411106825855,44.89250048301381,10.979550853640573
418863,Isfahan,IR,MENA,32.65246,51.67462,1547164.0,0,0,28.899551,32.61665646873366,0.5230380598371155,14.12522486814359,75.31535172927845,26.394235253851615
425378,Bujumbura,BI,Sub-Saharan Africa,-3.38193,29.36142,769317.0,0,0,22.995356,34.85894748897752,0.4531664595184319,16.88192481333579,71.97912758617392,12.152828191739124
456172,Riga,LV,Europe,56.946,24.10589,742572.0,1,1,8.353717,11.612439258518755,0.334437373567019,6.800370362150203,19.829617851894454,2.8838776337221397
468902,Yaroslavl,RU,Europe,57.62987,39.87368,608722.0,0,0,7.7868924,8.185415458953214,0.27979087445932194,5.231450432494806,12.807351823405961,1.3940978935210409
472045,Voronezh,RU,Europe,51.66833,39.19204,1047549.0,0,0,8.906883,10.130880580935708,0.28949882583032915,6.3750384422504025,16.099470187500536,3.072333450390166
472757,Volgograd,RU,Europe,48.71378,44.4976,1013533.0,0,0,9.285426,9.741098171380509,0.2708858536141251,6.315055182703094,15.025837595904655,2.674435568100742
479123,Ulyanovsk,RU,Europe,54.32824,48.38657,626540.0,0,0,7.572811,8.343267661046307,0.2866446952697721,5.274181139446987,13.198279206458944,1.498403877420259
479561,Ufa,RU,Europe,54.74306,55.96779,1120547.0,0,0,8.466424,8.529675910876565,0.2923290129660456,5.343201183899694,13.616438655504265,2.7940522777821686
482283,Tolyatti,RU,Europe,53.5303,49.3461,702879.0,0,0,8.316944,9.962104382066045,0.2898365050748258,6.265446936930569,15.83981553402138,2.029479833490315
498677,Saratov,RU,Europe,51.54048,45.9901,844858.0,0,0,9.736188,10.642439686772658,0.2781592825342829,6.8195596303754344,16.608333767199333,2.501027550934515
498817,Saint Petersburg,RU,Europe,59.93863,30.31413,5351935.0,0,0,10.056584,8.309141208597877,0.27711488564572867,5.333312045854433,12.945394349855338,12.323294435011388
499099,Samara,RU,Europe,53.20767,50.13553,1163399.0,0,0,10.050203,8.999012589537632,0.2799094910024863,5.7503439674134125,14.083023214884962,2.9304962506211747
500096,Ryazan’,RU,Europe,54.62696,39.70415,538962.0,0,0,8.507194,9.702643239955739,0.27458425637309947,6.253013685147105,15.055346202979576,1.435898830188338
501175,Rostov-on-Don,RU,Europe,47.21997,39.70769,1130305.0,0,0,10.710022,11.43434895624741,0.2783068261717323,7.325276998451096,17.84838117123512,3.5969214136062453
511196,Perm,RU,Europe,58.01046,56.25017,982419.0,0,0,6.813568,8.146460342667117,0.3282529913187274,4.818095536227979,13.774076419954959,2.6270866244593516
511565,Penza,RU,Europe,53.19568,45.01075,523553.0,0,0,8.195337,9.027153277678437,0.28030115864307553,5.764712094645485,14.135917797940253,1.3247574243217444
515003,Orenburg,RU,Europe,51.76712,55.09883,564773.0,0,0,7.932331,9.533962630748313,0.2818527051911778,6.073263525188559,14.966655582705544,1.517642846340408
520555,Nizhniy Novgorod,RU,Europe,56.32867,44.00205,1259013.0,0,0,9.086669,9.303946612064026,0.2873073781765376,5.875239774905006,14.733598266044773,3.3654582175311045
523750,Naberezhnyye Chelny,RU,Europe,55.73718,52.41961,509870.0,0,0,8.250697,9.0725295308233,0.2919124790127765,5.687047090469133,14.473379730863261,1.3503318489960046
524901,Moscow,RU,Europe,55.75204,37.61781,10381222.0,0,0,16.457914,16.065472968074758,0.2834810494902204,10.207295950434844,25.28577822581361,47.27875438995578
532096,Makhachkala,RU,Europe,42.97782,47.50027,596356.0,0,0,9.806272,11.76952537856132,0.3613149128289838,6.602244950796412,20.981003987119482,2.5360068933641493
535121,Lipetsk,RU,Europe,52.5876,39.55151,509735.0,0,0,9.030194,8.620834551516445,0.27747015896396937,5.530231301698257,13.43864014183231,1.2192985235914333
542420,Krasnodar,RU,Europe,45.04534,38.98178,899541.0,0,0,10.581011,11.75208889483835,0.36158089331218896,6.589658813293782,20.958838280604247,3.8224472779543115
548408,Kirov,RU,Europe,58.59809,49.65783,507155.0,0,0,6.363442,5.929126994990672,0.2996583406204682,3.670851453354075,9.576673796104235,0.9010685552352727
551487,Kazan,RU,Europe,55.78874,49.12214,1243500.0,0,0,8.427745,8.418311406810837,0.2935625115635758,5.26304230289842,13.465209447967693,3.073062345476511
554840,Izhevsk,RU,Europe,56.85225,53.19862,648213.0,0,0,7.291834,7.925790265734931,0.3005150133213233,4.900307761195785,12.819225729832434,1.54392601824353
580497,Astrakhan,RU,Europe,46.34968,48.04076,533925.0,0,0,9.805359,12.993145963422783,0.2819346710243009,8.27572483849871,20.399644178773293,1.9558838483233283
587084,Baku,AZ,Other Asia,40.37767,49.89201,2351300.0,1,1,12.781807,13.854276742474681,0.4963762960282425,6.261325484225432,30.655008199245415,16.1697362628582
593116,Vilnius,LT,Europe,54.68916,25.2798,542366.0,1,1,8.738808,12.971507937212337,0.29251023191312525,8.123319564382488,20.713209277512068,2.057898660236455
610611,Aktobe,KZ,Central Asia,50.27969,57.20718,500757.0,0,0,8.73976,11.249817693826301,0.2858233177613729,7.120903511870813,17.77280059101345,1.6101642121146322
611717,Tbilisi,GE,Other Asia,41.69143,44.83412,1049498.0,0,0,13.265969,12.419655159704535,0.3861001414591776,6.696065297560309,23.0355929088946,5.032584938969686
616052,Yerevan,AM,Other Asia,40.17765,44.5126,1144700.0,70,71,16.60979,24.666452300547594,0.4224643379778872,12.54724567313909,48.49142871233593,11.928571216486572
618426,Chisinau,MD,Europe,47.00902,28.85938,635994.0,0,3,10.549829,17.5070933439526,0.2840745126735857,11.112681264425023,27.580950992904043,3.1630010504550414
625144,Minsk,BY,Europe,53.90019,27.56653,1742124.0,0,0,9.375901,9.657805404779863,0.27934841149924516,6.176853381574369,15.100440220069052,4.7000634450846865
627907,Homyel',BY,Europe,52.4345,30.9754,501193.0,0,0,8.192372,9.95223410662348,0.2805505761200017,6.35293008701265,15.590752984283936,1.3993834874268412
658225,Helsinki,FI,Europe,60.16952,24.93545,658864.0,6,6,7.2618937,5.891248382629288,0.28549556977617613,3.73099521998421,9.302292139087514,1.1081600398801845
683506,Bucharest,RO,Europe,44.43225,26.10626,1877155.0,15,22,15.771407,16.855213127154702,0.3675225135656359,9.3616726050401,30.346949903893936,11.628356317941853
687700,Zaporizhzhya,UA,Europe,47.85167,35.11714,710052.0,0,0,9.68364,14.589461510783579,0.27721876306380167,9.362847205440163,22.733724315287372,2.8717857689569573
694423,Sevastopol,UA,Europe,44.60795,33.52134,547820.0,0,0,8.969632,10.234683484006403,0.38405589271170615,5.536114303613858,18.92098686427332,2.153310870844992
698740,Odesa,UA,Europe,46.48572,30.74383,1010537.0,0,0,9.658841,11.833343981778242,0.30875270321491294,7.220447867839528,19.393260965816783,3.692074682688507
702550,Lviv,UA,Europe,49.83826,24.02324,717273.0,0,0,9.473337,12.027940448655594,0.2825307790231614,7.65365313327871,18.902261301516585,2.4374825729511556
703448,Kyiv,UA,Europe,50.45466,30.5238,2952301.0,0,3,11.490658,14.248720454864342,0.27721077471995564,9.144292100578744,22.202487887282164,11.661290283601794
703845,Kryvyy Rih,UA,Europe,47.90572,33.39404,603904.0,0,0,9.133811,14.165935087189533,0.28161609282061734,9.027309723448537,22.22962577358073,2.409187617296625
706483,Kharkiv,UA,Europe,49.98177,36.25475,1421125.0,0,0,9.803317,12.143971147922954,0.28151177051738224,7.740095391375772,19.053516498763962,4.858358567599927
709717,Donetsk,UA,Europe,48.023,37.80224,901645.0,0,0,11.186906,12.24581406301782,0.27852762584439267,7.842361244029796,19.121787099537908,3.0753285276701012
709930,Dnipro,UA,Europe,48.46664,35.04066,968502.0,0,0,10.088077,12.425798376090652,0.2706025046542289,8.059171970822886,19.158353468847984,3.2565416446716013
727011,Sofia,BG,Europe,42.69751,23.32415,1152556.0,2,9,13.555678,12.536349314813679,0.3937933316605739,6.676293971735383,23.540014086913917,5.689858661904028
738329,Üsküdar,TR,MENA,41.02274,29.01366,524452.0,10,11,17.168386,21.615578480352074,0.4958327117538746,9.777481561805082,47.78666470366637,5.6209249138019395
738377,Umraniye,TR,MENA,41.01643,29.12476,573265.0,10,11,17.168386,21.615578480352074,0.4958327117538746,9.777481561805082,47.78666470366637,6.144088535672796
742394,Küçükçekmece,TR,MENA,40.99104,28.77123,792030.0,7,8,25.45491,24.936770458958012,0.507807268991682,11.065717428660236,56.19540937419812,10.029533949153977
745044,Istanbul,TR,MENA,41.01384,28.94966,15701602.0,10,11,17.672703,22.500966411683475,0.4942015773234562,10.204570786104126,49.614383600449244,174.6020198046838
747323,Esenyurt,TR,MENA,41.02697,28.67732,983571.0,0,0,17.672703,22.061827545506585,0.4872592575108161,10.117170629339828,48.10873044249854,10.573220756863497
747340,Esenler,TR,MENA,41.0435,28.87619,520235.0,10,11,17.672703,22.32332629600492,0.4942015773234562,10.12400797374633,49.222689098051,5.739348567048395
750269,Bursa,TR,MENA,40.19559,29.06013,3101833.0,0,0,11.947441,14.944526596894557,0.47443360402138923,6.995389942448871,31.926579796508776,21.992571712880412
751324,Bağcılar,TR,MENA,41.03903,28.85671,740069.0,10,11,17.672703,22.028305395875915,0.4872592575108161,10.101797954207807,48.0356309652631,7.943527452453308
756135,Warsaw,PL,Europe,52.22977,21.01178,1702139.0,10,16,14.028708,13.451117406085913,0.27934941787377643,8.602932319425676,21.03149865119319,6.395892513868133
786714,Pristina,XK,Europe,42.67272,21.16688,550000.0,8,8,16.553116,14.166943669566578,0.38543342593660385,7.646269323197495,26.248394406900573,3.003227498486561
792680,Belgrade,RS,Europe,44.80401,20.46513,1273651.0,32,34,19.594362,19.370288140433303,0.34658270386339884,11.125146836258283,33.72612228546591,8.550537333038841
890299,Harare,ZW,Sub-Saharan Africa,-17.82772,31.05337,1542813.0,5,6,12.8734665,16.205395712896006,0.4527054680467097,7.853941491452263,33.43733213410894,11.318494657705955
894701,Bulawayo,ZW,Sub-Saharan Africa,-20.15,28.58333,665952.0,1,1,6.1095295,6.010547305887396,0.4411526073392689,2.9673569433233378,12.174699440051048,1.7658174226482644
901344,Ndola,ZM,Sub-Saharan Africa,-12.95867,28.63659,627503.0,0,0,10.458012,14.67425208085301,0.4784268989118441,6.825129809702737,31.55012140960255,4.405420527021222
909137,Lusaka,ZM,Sub-Saharan Africa,-15.40669,28.28713,2212301.0,0,1,9.605061,13.157677703206346,0.5090062834289865,5.827542532684348,29.70797408521133,14.816533364827803
911148,Kitwe,ZM,Sub-Saharan Africa,-12.80243,28.21323,665961.0,0,0,12.924149,17.75167855507371,0.4753722962479114,8.296920351294025,37.98060945270084,5.619815919597128
922704,Lubumbashi,CD,Sub-Saharan Africa,-11.66089,27.47938,2221925.0,0,0,14.740806,19.69541548420533,0.5935642174500011,7.619289654838919,50.9114902659093,25.975400612619165
922741,Likasi,CD,Sub-Saharan Africa,-10.98303,26.7384,635768.0,0,0,16.097157,25.721837837329335,0.518617834327972,11.218361072603338,58.975900084515004,8.481020404017816
922773,Kolwezi,CD,Sub-Saharan Africa,-10.71484,25.46674,790248.0,0,0,15.91628,26.14040628504186,0.5279844591440067,11.231329119399774,60.84060341235678,10.906788165239815
927967,Lilongwe,MW,Sub-Saharan Africa,-13.96692,33.78725,1115815.0,0,2,8.88578,9.451041490496264,0.445802880890869,4.631312645396297,19.28658073729303,4.701265039870803
931755,Blantyre,MW,Sub-Saharan Africa,-15.78499,35.00854,902588.0,0,4,11.070079,27.608587591568817,0.43722587017053255,13.716033495557886,55.57248814303253,10.895310096956079
949880,Thembisa,ZA,Sub-Saharan Africa,-25.99636,28.2268,511655.0,3,3,28.011957,26.072026659734366,0.39069098549541686,13.953876950929969,48.7141012161926,5.211771957754457
953781,Soweto,ZA,Sub-Saharan Africa,-26.26781,27.85849,1695047.0,2,2,35.624058,28.11914842794563,0.3905065380975275,15.05394859691468,52.52352917392644,18.61282175853807
954013,Soshanguve,ZA,Sub-Saharan Africa,-25.47288,28.09919,872309.0,0,1,23.80247,20.178423416125828,0.3879181735166992,10.847610314181793,37.53534278680131,6.828066001399483
964137,Pretoria,ZA,Sub-Saharan Africa,-25.74486,28.18783,2112693.0,3,4,23.80247,20.814236529407037,0.3985503917434081,11.000674337394956,39.38235320987559,17.52589151983638
964420,Gqeberha,ZA,Sub-Saharan Africa,-33.96109,25.61494,1050078.0,2,2,8.763376,8.026354098604,0.5170791887967545,3.5092547315367417,18.357846621173024,4.358097419948717
965301,Pietermaritzburg,ZA,Sub-Saharan Africa,-29.61679,30.39278,839327.0,1,1,17.777834,20.129440908586986,0.4135157740998224,10.387033263602365,39.0096364389391,6.986424779967733
993800,Johannesburg,ZA,Sub-Saharan Africa,-26.20227,28.04363,9418183.0,3,3,35.624058,30.448823118637502,0.3895327156752278,16.326588883974814,56.78656061586072,111.70730508845287
1004866,Evaton,ZA,Sub-Saharan Africa,-26.53333,27.85,725468.0,8,8,35.624058,24.33426404341928,0.3932836662479204,12.96990318947334,45.65619325635797,6.9429236050643475
1007311,Durban,ZA,Sub-Saharan Africa,-29.8579,31.0292,3338026.0,1,4,12.444335,15.00230904255536,0.44857909461025186,7.319028305775768,30.75125101384377,22.463987700987392
1018725,Bloemfontein,ZA,Sub-Saharan Africa,-29.12107,26.214,556637.0,1,1,8.074355,12.759971098296786,0.45030014501975674,6.2079627395579235,26.227100461135127,3.198334246146626
1020098,Benoni,ZA,Sub-Saharan Africa,-26.18848,28.32078,605344.0,2,2,28.011957,24.585223506620554,0.39069098549541686,13.158132587840392,45.93609395827587,5.814465443727084
1033356,Nampula,MZ,Sub-Saharan Africa,-15.11646,39.2666,770379.0,0,0,5.3553658,9.059725210697119,0.43668609046832435,4.504788962993165,18.220303230099503,3.047816527909562
1039854,Matola,MZ,Sub-Saharan Africa,-25.96222,32.45889,1198988.0,1,1,6.675106,7.248378825479278,0.49182354097312775,3.2997944149320166,15.921899667418758,4.2743003058938855
1040652,Maputo,MZ,Sub-Saharan Africa,-25.96553,32.58322,1254837.0,1,1,6.675106,7.3758844701781205,0.4891955673964645,3.3719894632612344,16.133998136755157,4.527765590743528
1052373,Beira,MZ,Sub-Saharan Africa,-19.84361,34.83889,687764.0,0,0,6.7172723,6.147274287129195,0.43713397964841344,3.054434321881639,12.371842763317435,1.8481473664450696
1070940,Antananarivo,MG,Sub-Saharan Africa,-18.91368,47.53613,1349501.0,1,1,5.784162,7.67430010796263,0.58546068882931,3.00759271416258,19.582067036451658,6.063309379599659
1133616,Mazār-e Sharīf,AF,South Asia,36.70904,67.11087,523300.0,0,0,13.549327,19.247740378862286,0.4598902191351493,9.22179146090881,40.17391970557261,4.63217181804383
1138336,Kandahār,AF,South Asia,31.61332,65.71013,523300.0,0,0,23.797106,23.29384387711293,0.43953096067434205,11.529852912948222,47.06071852503504,5.357736706499353
1138958,Kabul,AF,South Asia,34.52813,69.17233,4434550.0,0,0,14.781346,20.61263838261681,0.49778919006490674,9.294675388156735,45.71228615836444,45.501802551508895
1140026,Herāt,AF,South Asia,34.34817,62.19967,574300.0,0,0,8.366073,12.949466842298017,0.44373900690845786,6.3666422147732575,26.338639088382926,3.3000332165526958
1159301,Zahedan,IR,MENA,29.4963,60.8629,551980.0,0,0,12.3236685,18.384325346782735,0.41902379742586576,9.403296716842762,35.9430770541333,4.2521612712002685
1164408,Sukkur,PK,South Asia,27.70323,68.85889,563851.0,0,0,46.657425,54.674623736382266,0.3915031452035705,29.22412750162272,102.28926357336034,12.069392567980925
1164909,Sialkot,PK,South Asia,32.49268,74.53134,911817.0,0,19,64.08355,57.11638464591658,0.5712209988851863,22.900011753144533,142.45762972468052,29.749012828290603
1165221,Shekhupura,PK,South Asia,31.71287,73.98556,591424.0,0,0,69.285835,61.08052676598103,0.6576821217828043,21.325460972163402,174.9472499037494,23.758430877717366
1166000,Sargodha,PK,South Asia,32.08586,72.67418,975886.0,0,0,69.70907,57.977450210904486,0.5267266766399126,24.96042231069707,134.66858417364796,29.801869834831884
1166547,Sahiwal,PK,South Asia,31.97386,72.33109,538344.0,0,0,56.122818,58.57589156101191,0.446945074428597,28.651651516018738,119.75348332884496,14.093956933777777
1166548,Sahiwal,PK,South Asia,30.66595,73.10186,538344.0,0,0,74.80503,58.927053803029615,0.5064238229622522,26.206885615817203,132.49944006354485,16.065296028172742
1166993,Rawalpindi,PK,South Asia,33.59733,73.0479,3357612.0,2,18,38.613605,44.62121690473996,0.5490995048651311,18.534803842822612,107.42239383509114,82.26649049220705
1167460,Rahim Yar Khan,PK,South Asia,28.41987,70.30345,517000.0,0,0,43.84915,57.30347784165678,0.39117473241788564,30.64537474128341,107.15119656623688,11.588902740054678
1167528,Quetta,PK,South Asia,30.18414,67.00141,1565546.0,0,12,22.292948,28.552083529003422,0.42509634928583423,14.46274095175374,56.36701069089781,19.001636842763844
1168197,Peshawar,PK,South Asia,34.008,71.57849,4758762.0,1,14,38.83894,44.45332779326983,0.5615465058227573,18.100967969713135,109.17086617700993,118.79112414555325
1168718,Okara,PK,South Asia,30.81029,73.45155,533693.0,0,0,74.36422,59.41637514377634,0.5099568710045902,26.275550567593502,134.35705661597078,16.17078515989151
1169607,Muzaffarābād,PK,South Asia,34.37002,73.47082,725000.0,0,0,21.531832,25.629583112787106,0.4266647973408358,12.94984215026908,50.724597482573415,7.928049641441877
1169825,Multan,PK,South Asia,30.19679,71.47824,2169915.0,0,9,72.83253,58.86056994379562,0.5626244219256362,23.926158318142175,144.80246465147835,71.85976038778422
1172451,Lahore,PK,South Asia,31.558,74.35071,13004135.0,2,22,68.555855,59.690079263944455,0.733996760815537,18.444588344525492,193.16807163080284,569.7413867864351
1174625,Kasur,PK,South Asia,31.11866,74.45025,510875.0,0,1,77.97639,59.558084791140196,0.7194401173089268,18.837467970510605,188.30372901186126,21.890214925575012
1174872,Karachi,PK,South Asia,24.8608,67.0104,11624219.0,1,19,29.174507,28.866516322030147,0.3999218453774287,15.22299884247288,54.737950990652024,134.19405815884343
1175892,Jhang Sadr,PK,South Asia,31.26981,72.31687,606533.0,0,0,74.55645,58.761618920684136,0.5127645502305799,25.86952466294448,133.47473149074438,18.275370065017842
1176358,Jalalpur Pirwala,PK,South Asia,29.5051,71.22202,500000.0,0,0,63.95618,60.31179107785962,0.4903331077030304,27.522246810495805,132.16624965488631,14.786433975171404
1176615,Islamabad,PK,South Asia,33.72148,73.04329,601600.0,2,18,38.613605,41.16625015141201,0.5545816344709239,16.950344098481903,99.97792031138798,13.73455585047581
1176734,Hyderabad,PK,South Asia,25.39689,68.37718,1921275.0,0,2,28.346727,39.36597574104263,0.37988255822750355,21.436386677901854,72.29203640191268,28.73160625818174
1177654,Gujrat,PK,South Asia,32.5742,74.07542,574240.0,0,0,60.967453,58.052953250450805,0.4898596536798703,26.51154067117025,127.11993704552458,16.330122027580217
1177662,Gujranwala,PK,South Asia,32.15567,74.18705,2511118.0,0,12,64.899666,58.17596437973308,0.6192887773991708,21.598205713744438,156.7001850231576,90.46986084843755
1179400,Faisalabad,PK,South Asia,31.41554,73.08969,3800193.0,0,26,79.785614,60.30181226838772,0.6801588832908855,20.309889689092195,179.0412758767874,155.86420637192174
1180281,Dera Ismail Khan,PK,South Asia,31.83129,70.9017,763195.0,0,0,43.729267,53.648323833685424,0.3993380687689551,28.318330503576917,101.63532238598737,16.350550803264568
1180942,Chunian,PK,South Asia,30.96621,73.97908,634236.0,0,0,74.577965,57.97586633375053,0.5281888394135266,24.90141634549483,134.98031720420664,19.421705160996723
1183105,Battagram,PK,South Asia,34.67719,73.02329,700000.0,0,0,16.129194,27.079035349074946,0.46394010213698134,12.890049559241564,56.88683756151481,8.79413529793453
1183460,Bannu,PK,South Asia,32.98527,70.60403,1357890.0,0,0,33.479694,42.72607371443801,0.40034118869294044,22.516839637272174,81.07342790814249,23.226718144004288
1183880,Bahawalpur,PK,South Asia,29.39779,71.6752,903795.0,0,15,48.971207,55.17147721310158,0.42595967559630493,27.90792284993933,109.06909533334921,21.239927711389107
1184370,Arifwala,PK,South Asia,30.29058,73.06574,854462.0,0,0,79.13735,60.12099827456121,0.520484025465678,26.143085238076363,138.25967366182803,26.737841307071722
1185128,Rajshahi,BD,South Asia,24.374,88.60114,763580.0,0,0,61.922928,45.956561428883425,0.3820193427843523,24.939819057735882,84.68407623477243,13.405636036714391
1185186,Comilla,BD,South Asia,23.46186,91.18503,634654.0,0,0,40.13019,35.87979922695019,0.38512263330118457,19.37489640161336,66.44474199402977,8.769726882506381
1185188,Rangpur,BD,South Asia,25.74664,89.25166,1031388.0,0,0,55.764362,47.55817692774618,0.39234179252148643,25.38622923759122,89.09476754198802,19.244730972246735
1185241,Dhaka,BD,South Asia,23.7104,90.40744,10356500.0,1,2,50.660507,49.47433769968709,0.43723198166187044,24.57876685324206,99.58636677900765,224.02935054591268
1194041,Mohammadpur,BD,South Asia,24.89843,88.52844,527571.0,0,0,60.038036,47.94779590149856,0.37984963239334557,26.110914887762366,88.04713054651526,9.608625641065172
1200109,Gazipur,BD,South Asia,23.99844,90.42234,2674697.0,1,2,50.720413,53.62007302297845,0.4151130292187877,27.597981829160076,104.17835074997018,59.534451470711005
1205733,Chattogram,BD,South Asia,22.3384,91.83168,3920222.0,0,0,27.844538,29.465404968648212,0.42220747835322436,14.994521437512224,57.901820580576356,48.76957796962192
1214520,Medan,ID,Other Asia,3.58333,98.66667,2486283.0,0,0,32.729492,24.8831433490087,0.3823429107347194,13.496655892733195,45.875869389297165,23.654231564183227
1216265,Samarkand,UZ,Central Asia,39.65456,66.96445,595200.0,0,0,12.045063,25.21059431392688,0.4414281199510766,12.440774242672159,51.08798321260166,6.623781557303565
1221874,Dushanbe,TJ,Central Asia,38.53575,68.77905,679400.0,2,2,17.208063,33.66462897667444,0.4375959340093866,16.714794182936874,67.80264427629469,10.008584334030497
1248991,Colombo,LK,South Asia,6.93548,79.84868,648034.0,2,2,21.88134,18.790976776705573,0.5066061394197926,8.354555616169003,42.26446317974279,6.169040149324241
1252948,Warangal,IN,South Asia,18.0,79.58333,704570.0,0,0,32.393017,43.79876313114904,0.3739300276973116,24.078456839605405,79.670041340155,11.53921686180506
1253102,Visakhapatnam,IN,South Asia,17.68009,83.20161,1063178.0,1,1,37.51666,35.28502007948966,0.38110216777286504,19.176681679602346,64.92430039834744,14.296764694841656
1253133,Virār,IN,South Asia,19.45591,72.81136,1222390.0,3,3,27.17978,37.75230455023043,0.40478756118717624,19.754600948231733,72.1470660221524,18.68015238672016
1253184,Vijayawada,IN,South Asia,16.50745,80.6466,1143232.0,5,5,32.696934,39.45241477446442,0.3690146397450611,21.860291834939787,71.20184137014134,16.643764364777986
1253405,Varanasi,IN,South Asia,25.31668,83.01041,1164404.0,4,4,58.91324,53.07574704658209,0.38381685050793374,28.720556535756447,98.0842735775549,23.720500137110175
1253573,Vadodara,IN,South Asia,22.29941,73.20812,1822221.0,1,1,31.13227,33.772405500023446,0.3776100146024626,18.457449212574897,61.79485367246467,23.238417297468004
1253894,Ulhasnagar,IN,South Asia,19.21667,73.15,516584.0,14,14,35.6767,45.9282878503914,0.38001749596554185,25.00443543990896,84.36133780895678,9.016226193450073
1253914,Ujjain,IN,South Asia,23.18239,75.77643,515215.0,1,1,30.30722,35.2432218446496,0.393114329853888,18.789351408239366,66.10577762926489,7.138105744076466
1254163,Thiruvananthapuram,IN,South Asia,8.4855,76.94924,788271.0,2,2,16.590658,23.2654137974485,0.5379747881655106,9.837564894215488,55.02169337503234,9.866162266543121
1254348,Tiruppur,IN,South Asia,11.11541,77.35456,963173.0,1,1,24.273401,28.133784773297183,0.48216924000619193,13.007165205008139,60.851833062399635,13.06567832209357
1254361,Tirunelveli,IN,South Asia,8.72742,77.6838,1435844.0,1,1,16.97074,21.938003120356253,0.5078040930288229,9.735060820128883,49.437388199326016,15.995600495927373
1254388,Tiruchirappalli,IN,South Asia,10.8155,78.69651,1022518.0,2,2,21.191948,25.68789823982208,0.5036263798513262,11.475539701230474,57.50214222244373,13.228420886289879
1254661,Thāne,IN,South Asia,19.19704,72.96355,1841488.0,36,36,35.98247,46.034048166188285,0.39017350493105446,24.6580567352282,85.94081899160376,33.07545565495438
1254745,Teni,IN,South Asia,10.01115,77.47772,1034724.0,0,0,21.091652,23.866400448420574,0.4961681306528796,10.789814872442008,52.790995684196915,12.25294012900892
1255364,Surat,IN,South Asia,21.19594,72.83023,4591246.0,1,1,41.311134,38.63887233508152,0.5073490587486725,17.15861416264384,87.00950095241778,90.00401122314588
1255634,Srinagar,IN,South Asia,34.08565,74.80555,1206419.0,1,3,39.32667,37.930345374492695,0.5103744496109289,16.762635663651057,85.82845377639944,23.354678334296697
1256436,Sholapur,IN,South Asia,17.67152,75.91044,997281.0,3,3,21.442263,35.71284032203808,0.39875955548607317,18.868521571659123,67.59443017427898,14.202115497974415
1256525,Siliguri,IN,South Asia,26.71004,88.42851,515574.0,1,1,46.465694,43.4143922644283,0.4226033612027447,22.07897122393654,85.36672458933539,9.459271286280577
1257416,Sāngli,IN,South Asia,16.85438,74.56417,601214.0,1,1,26.409456,35.57079864348491,0.38126343195190165,19.327008993019952,65.46702164790793,8.153570940399518
1257629,Salem,IN,South Asia,11.65376,78.15538,917414.0,1,1,26.750893,31.36624107612678,0.49511834759056894,14.204272980250005,69.26374060915764,14.247440751845975
1258393,Rasapūdipalem,IN,South Asia,17.73308,83.31622,1728128.0,1,1,37.51666,34.652049062771624,0.3813636849102346,18.824796509548516,63.786320539489886,22.83726875606393
1258526,Ranchi,IN,South Asia,23.34316,85.3094,1120374.0,0,0,38.67114,40.089764044893194,0.39201279029662855,21.41090938606612,75.06403171371807,17.60746196934
1258847,Rājkot,IN,South Asia,22.29161,70.79322,1390640.0,0,0,21.161875,25.946948991319076,0.3742190342646912,14.257792156830163,47.219383937757705,13.502894948172749
1258980,Raipur,IN,South Asia,21.23333,81.63333,1027264.0,5,5,50.665222,45.25989677790158,0.3981870971565569,23.93452564317045,85.58591412614099,18.513256185744897
1259229,Pune,IN,South Asia,18.51957,73.85535,3124458.0,15,15,26.065317,35.8939330535303,0.39898010531519584,18.95750920182467,67.96116601263778,44.74525425522368
1259425,Puducherry,IN,South Asia,11.93381,79.82979,657209.0,2,2,20.28363,23.489535594020825,0.46488674359953536,11.16446803452712,49.42092007576261,7.176705002612699
1259652,Pimpri,IN,South Asia,18.62292,73.80696,1284606.0,15,15,24.556826,35.99581381365147,0.39898010531519584,19.011317889900333,68.1540658891089,18.449014982612752
1260086,Patna,IN,South Asia,25.59408,85.13563,1684297.0,7,7,62.972332,50.88351951936827,0.3887121931030528,27.31946851958432,94.77243515267796,33.313785255561925
1261162,Nowrangapur,IN,South Asia,19.23114,82.54826,1220946.0,0,0,31.390715,38.73019738711524,0.3917962077091326,20.69196907643494,72.49325494852087,18.527055171178702
1261529,Nellore,IN,South Asia,14.44992,79.98697,547621.0,0,0,22.568335,25.359987847123104,0.3597884012651218,14.2607528529606,45.09782830102934,4.996619674049106
1261731,Nashik,IN,South Asia,19.99727,73.79096,1486053.0,4,4,23.158676,28.58315290150605,0.386716748950025,15.395429606205685,53.06747851073631,16.42621161166061
1261809,Narela,IN,South Asia,28.85267,77.09288,800000.0,19,19,80.09616,54.493161948095015,0.5953746806147673,21.020028808404767,141.27024877882027,25.955079112428688
1261977,Nanded,IN,South Asia,19.16023,77.31497,550564.0,1,1,29.586075,45.66778834225541,0.3817791986271008,24.79263123240583,84.11962701833248,9.599089746570998
1262111,Najafgarh,IN,South Asia,28.60922,76.97982,1365000.0,28,29,84.26823,52.016220512733845,0.5145324861029129,22.835209591462007,118.48751313589864,36.5329081272987
1262180,Nagpur,IN,South Asia,21.14631,79.08491,2405665.0,4,5,34.40587,38.38150098897767,0.3733109100992733,21.12121830942514,69.74690553288394,34.468928796725585
1262321,Mysuru,IN,South Asia,12.29791,76.63925,920550.0,0,0,18.761354,23.624550923685415,0.35751849918546436,13.333196007844796,41.85938660298904,7.7751622886478495
1262801,Morādābād,IN,South Asia,28.83893,78.77684,721139.0,6,6,63.23202,53.002781853378075,0.3964082486151193,28.10903913992831,99.94275756677283,15.15166397965929
1263214,Meerut,IN,South Asia,28.98002,77.70636,1223184.0,3,3,73.909294,53.45912370451824,0.5685311985340626,21.52612688472686,132.76321943836052,37.176451084295415
1264521,Madurai,IN,South Asia,9.919,78.11953,1465625.0,1,1,26.198378,29.428434035654945,0.4912952354022011,13.40850187953167,64.5883289253149,21.190078691542496
1264527,Chennai,IN,South Asia,13.08784,80.27847,4681087.0,9,9,21.804949,23.283787168044398,0.3514228132266668,13.269667446891397,40.855186993686985,38.30277899677902
1264728,Ludhiana,IN,South Asia,30.91204,75.85379,1618879.0,1,1,75.210915,54.96029692683982,0.5108354589016502,24.27080811992925,124.45544554431604,45.451110148838204
1264733,Lucknow,IN,South Asia,26.83928,80.92313,2472011.0,6,6,60.389713,49.687672299278425,0.3910865486402592,26.576261226663966,92.89737023067293,48.036563380169696
1264773,Loni,IN,South Asia,28.75143,77.29023,516082.0,42,44,80.09616,46.51366645712412,0.5879825512151678,18.155509888622415,119.1660923079013,14.114442359623034
1265873,Kozhikode,IN,South Asia,11.24802,75.7804,550440.0,0,0,20.154009,25.88854884038361,0.5679261122226994,10.434513960883521,64.23077908308997,8.09299981617696
1266049,Kota,IN,South Asia,25.18254,75.83907,1001694.0,3,3,32.7844,39.73681283145718,0.3934303722979873,21.174326585901813,74.57211390390056,15.660152501613807
1266285,Kolhāpur,IN,South Asia,16.69563,74.23167,549236.0,2,2,26.409456,34.59516746999817,0.38471451585333427,18.693404824037252,64.02394981240975,7.309926430235428
1267696,Karol Bāgh,IN,South Asia,28.65136,77.19072,505241.0,46,49,80.09616,53.60997341216683,0.5886602228610585,20.90270894808676,137.49553975951505,15.94442523486671
1267995,Kanpur,IN,South Asia,26.46523,80.34975,2823249.0,3,3,58.773983,49.436212298327916,0.41106416625707287,25.60993935310744,95.42931955865048,57.37252861208828
1268295,Kalyān,IN,South Asia,19.2437,73.13554,1262255.0,13,13,35.6767,45.776612959968,0.38001749596554185,24.921860077687725,84.08274051593715,21.958079212535342
1268782,Jalandhar,IN,South Asia,31.32556,75.57917,868929.0,1,1,72.45182,53.980394755078144,0.5056243731657141,24.03766375772882,121.2215566072709,23.716377174015715
1268865,Jodhpur,IN,South Asia,26.26841,73.00594,1056191.0,5,5,25.298204,29.2516786670643,0.3790648626077187,15.949590934876092,53.647815065285386,11.711345296213516
1269300,Jamshedpur,IN,South Asia,22.80278,86.18545,1339438.0,0,0,50.963303,44.04467823757261,0.3767683586519837,24.10393630653687,80.48202817915684,22.22749292176614
1269317,Jamnagar,IN,South Asia,22.47292,70.06673,600943.0,0,0,19.89482,30.08803376444426,0.3783431083363458,16.42457304832246,55.11800965217785,6.840894865906992
1269321,Jammu,IN,South Asia,32.73528,74.86167,576198.0,0,0,42.79251,47.130287745223335,0.48593571832933374,21.65894854881119,102.55641071133478,13.196253826258586
1269515,Jaipur,IN,South Asia,26.91962,75.78781,3046163.0,6,6,36.71074,42.88113120071114,0.39293992056215193,22.867759217853024,80.4097767312962,51.32695794654947
1269633,Jabalpur,IN,South Asia,23.16697,79.95006,1081677.0,4,4,30.935545,37.98354120812548,0.390230008467596,20.343977583574137,70.91776407944195,16.032960042485577
1269743,Indore,IN,South Asia,22.71792,75.8333,1994397.0,9,9,30.120476,35.01828662337814,0.3936445638494135,18.65359889736431,65.7396143652651,27.492280329230546
1269843,Hyderabad,IN,South Asia,17.38405,78.45636,6993262.0,13,13,28.271276,39.17456503888197,0.38734946873089826,21.07881557990535,72.80516024100461,106.11748461303802
1269920,Hubballi,IN,South Asia,15.34776,75.13378,943788.0,2,2,17.966234,28.712022397217016,0.39264805008862164,15.318772755615596,53.81503096167336,10.640001281742506
1270396,Howrah,IN,South Asia,22.57688,88.31857,1027672.0,14,15,60.80763,38.165064628993825,0.4071217247296603,19.896141114680436,73.20877700553395,15.96778968315275
1270583,Gwalior,IN,South Asia,26.22983,78.17337,1054420.0,3,3,40.085823,47.32007600263307,0.39903598493148323,24.99003309961497,89.60330640496312,19.90999405753606
1270642,Gurugram,IN,South Asia,28.4601,77.02635,886519.0,23,25,98.48971,49.883411265020904,0.6071343397566493,18.883217493727404,131.77599210843132,26.849054118082208
1270668,Guntur,IN,South Asia,16.29974,80.45729,670073.0,1,1,33.228184,39.11264188733017,0.3783610689110968,21.350347724480077,71.65217050083376,9.916209970098658
1270752,Kalaburagi,IN,South Asia,17.33583,76.83757,543147.0,2,2,23.168335,41.57482810054166,0.37372584779061396,22.86331209511359,75.59999725319767,8.439194243510975
1270927,Gorakhpur,IN,South Asia,26.76628,83.36889,674246.0,1,1,57.730743,53.68928252581549,0.38851746218522987,28.834871237807814,99.967120864313,14.064248205855778
1271308,Ghāziābād,IN,South Asia,28.66535,77.43915,1199191.0,27,29,73.909294,49.627730937759566,0.5204906142226338,21.579953093727404,114.12961220692121,30.976024698484053
1271476,Guwahati,IN,South Asia,26.1844,91.7458,962334.0,5,5,33.08312,36.4145720181485,0.39330874004075117,19.40779987415832,68.32413070327121,13.782710605469916
1271951,Faridabad,IN,South Asia,28.41124,77.31316,1414050.0,25,28,98.48971,49.644130715556315,0.6412579785470788,17.794108238106737,138.50313157168168,45.01585033661527
1272013,Erode,IN,South Asia,11.3428,77.72741,521891.0,1,1,22.841415,29.98856688454283,0.49529143478077725,13.576629691121532,66.23986690723453,7.75168894090128
1272175,Durgapur,IN,South Asia,23.51583,87.30801,518872.0,5,5,59.978596,44.715297342656356,0.36474007495993566,24.946450450650083,80.149992496831,8.462522598500065
1272423,Dombivali,IN,South Asia,19.21667,73.08333,1247327.0,21,21,35.6767,45.26509879989013,0.38340261060847913,24.510267530827566,83.59472889419885,21.64705704606791
1272866,Dhārāvi,IN,South Asia,19.05,72.86667,700000.0,36,36,35.98247,40.136578949117734,0.4321688699404711,20.10197200305213,80.1386535357908,12.142045977401697
1272979,Dhanbad,IN,South Asia,23.79759,86.42992,1196214.0,2,2,68.01754,48.99211002935817,0.4098703114359871,25.428402730957806,94.3915695580274,24.020469237223132
1273294,Delhi,IN,South Asia,28.65195,77.23149,11034555.0,49,52,80.09616,53.60997341216683,0.5886602228610585,20.90270894808676,137.49553975951505,348.2291365853614
1273313,Dehradun,IN,South Asia,30.32443,78.03392,522081.0,1,1,33.830368,44.26466303926344,0.41644901779293914,22.734151294122526,86.18577261276913,9.62402833463344
1273780,Cuttack,IN,South Asia,20.46497,85.87927,610189.0,2,2,43.107983,36.96329251952458,0.3805211833179331,20.107470904900666,67.94912201270155,8.582500988090276
1273865,Coimbatore,IN,South Asia,11.00555,76.96612,2136916.0,1,1,18.74867,24.983548137232948,0.499422976093961,11.23620070752923,55.55059879868313,26.6630658711777
1273874,Kochi,IN,South Asia,9.93988,76.26022,633553.0,1,1,24.496414,26.04647693636932,0.49314535388063135,11.832499617575563,57.33521933008307,8.137797640114636
1274746,Chandigarh,IN,South Asia,30.73629,76.7884,970602.0,5,5,44.17262,50.69215023843711,0.43052748524251777,25.45537946620345,100.94896048232187,21.18277131188566
1275004,Kolkata,IN,South Asia,22.56263,88.36304,4631392.0,14,15,60.80763,38.165064628993825,0.4071217247296603,19.896141114680436,73.20877700553395,71.96176736958503
1275248,Borivli,IN,South Asia,19.23496,72.85976,609617.0,30,30,35.98247,43.611154794725024,0.4167897573910988,22.386304143979306,84.95966150986935,11.080814732681924
1275339,Mumbai,IN,South Asia,19.07283,72.88261,12691836.0,37,37,35.98247,44.85725976551387,0.4003236041296579,23.640649729311825,85.11499373792225,227.9126283629578
1275362,Bokāro,IN,South Asia,23.66934,86.15161,564319.0,0,0,65.381386,48.9654529780258,0.3761793770872828,26.822149092083073,89.3893914731443,10.394639504598118
1275610,Bilimora,IN,South Asia,20.76957,72.96134,510879.0,0,0,31.967674,36.01473488993094,0.44653926055395415,17.627590917862474,73.58130417456334,8.215952546189486
1275665,Bikaner,IN,South Asia,28.01762,73.31495,644406.0,1,1,24.700891,29.450311867425963,0.38427346834628584,15.924629731414228,54.46411525523275,7.29272561568804
1275817,Bhubaneswar,IN,South Asia,20.27241,85.83385,885363.0,3,3,43.107983,36.3313771168331,0.38041723729874616,19.76700575244831,66.7763737075887,12.23667472019536
1275841,Bhopal,IN,South Asia,23.25469,77.40289,1798218.0,4,4,27.855032,33.03480994550704,0.39885685101070306,17.450894197109715,62.53540109804322,23.69360856588494
1275901,Bhiwandi,IN,South Asia,19.30023,73.05881,874032.0,15,15,35.6767,44.76109049054508,0.38353336917716385,24.23228549821323,82.68123211285611,15.004832347452453
1275971,Bhilai,IN,South Asia,21.20919,81.4285,627734.0,5,5,50.665222,45.619697427589124,0.3973866973200892,24.155711874398296,86.15588744418329,11.379976817314937
1276014,Bhayandar,IN,South Asia,19.30157,72.85107,809378.0,19,19,35.98247,43.31052601377172,0.4169205159597836,22.227335826582127,84.39165531238734,14.614976467100545
1276032,Bhavnagar,IN,South Asia,21.76287,72.15331,605882.0,0,0,22.999046,32.24537871067926,0.4158615123139957,16.576670535994918,62.72456498048639,8.124642510980143
1277013,Bareilly,IN,South Asia,28.36678,79.43167,745435.0,2,2,56.818096,50.07055551460311,0.4059614215646938,26.151193932315547,95.86791853671076,15.152243972499864
1277333,Bengaluru,IN,South Asia,12.97194,77.59369,8495492.0,12,14,21.905449,23.611573704632608,0.3440302777620965,13.616585320606317,40.94318800805439,69.00969929210214
1278149,Aurangabad,IN,South Asia,19.87757,75.34226,1175116.0,3,3,24.431463,31.388568322360012,0.39056867378095506,16.802604134616924,58.63628122367382,14.406207103731962
1278314,Āsansol,IN,South Asia,23.68333,86.98333,504271.0,4,4,55.82124,47.08757736300763,0.36494234135276443,26.26143385984139,84.42950806687675,8.665519300616893
1278710,Amritsar,IN,South Asia,31.62234,74.87534,1159227.0,1,1,70.35832,53.76122695524547,0.6300570497702472,19.6182692982945,147.32540775065596,39.266078904286076
1278718,Amravati,IN,South Asia,20.93333,77.75,647057.0,2,2,29.30932,43.75074820674118,0.38170554767347276,23.754686521807717,80.57896141430548,10.805789333068198
1278994,Prayagraj,IN,South Asia,25.44478,81.84322,1073438.0,3,3,60.034626,52.3092590502281,0.39766184838824215,27.68565572684545,98.8330783775026,22.32900960830868
1279017,Alīgarh,IN,South Asia,27.88145,78.07464,753207.0,0,0,79.897835,47.37614911641361,0.45199037559260025,22.98712595010437,97.64158903433801,16.128845872874578
1279159,Ajmer,IN,South Asia,26.4521,74.63867,542321.0,1,1,26.199028,40.70898019073844,0.38690739784929923,21.91994329256742,75.60334650737269,8.541884176721823
1279233,Ahmedabad,IN,South Asia,23.02579,72.58727,6357693.0,12,12,28.334707,33.56038313378314,0.40569147042644454,17.53572003066611,64.22886052678,86.56101493825295
1279259,Agra,IN,South Asia,27.18333,78.01667,1430055.0,6,6,77.903496,45.88468921850227,0.4947836366381801,20.79011585685734,101.26950321847767,32.46652922312371
1280737,Lhasa,CN,China,29.65,91.1,867900.0,0,0,8.2290125,12.313334057647632,0.5132251264444133,5.41689375167753,27.989878067715697,5.484704836858755
1280849,Kashgar,CN,China,39.46718,75.98675,506640.0,0,0,39.861477,45.10664066078886,0.4611937330500579,21.56603246467169,94.34322400443929,10.539581251793239
1281673,Baoshan,CN,China,25.11626,99.16366,935618.0,0,0,18.165672,25.56639498114535,0.4156128223342687,13.14837632164977,49.71264408181464,9.941616368583146
1282898,Pokhara,NP,South Asia,28.26689,83.96851,600051.0,0,1,20.954172,23.85780718807894,0.5108826396546602,10.534960372430108,54.02915091290984,7.313745323085761
1283240,Kathmandu,NP,South Asia,27.70169,85.3206,1442271.0,2,25,43.43001,42.6209967924091,0.4090318824954087,22.151295941729366,82.00646013475308,25.143610164654223
1298824,Yangon,MM,Other Asia,16.80528,96.15611,4477638.0,1,2,22.469618,26.987683720719815,0.3998148265587407,14.234617940809798,51.16646443467318,48.31405470566222
1311874,Mandalay,MM,Other Asia,21.97473,96.08359,1208099.0,0,0,23.42169,25.178519385035063,0.3839975552961839,13.620760513849035,46.543497903659926,11.68049296741499
1336135,Khulna,BD,South Asia,22.80979,89.56439,1500689.0,0,0,46.01833,36.22582263449497,0.39041886265452286,19.396681926572878,67.65642858472934,21.224611402966982
1486209,Yekaterinburg,RU,Europe,56.85733,60.61529,1495066.0,0,0,7.9530168,8.211106496439866,0.3103668182098783,4.997315056373452,13.491698869353511,3.8101084189671623
1488754,Tyumen,RU,Europe,57.15222,65.52722,768358.0,0,0,6.9320416,9.718763667380662,0.30792547923866515,5.938031308455093,15.906680567329774,2.299430379667716
1489425,Tomsk,RU,Europe,56.50049,84.98216,574002.0,0,0,6.6577086,6.844350886520471,0.3061243299928698,4.193873189886461,11.169898787302571,1.202661807504292
1496153,Omsk,RU,Europe,54.99244,73.36859,1172070.0,0,0,7.5010467,8.46494904542355,0.2978651988720134,5.255891710420214,13.633340694511409,2.9552733915250315
1496747,Novosibirsk,RU,Europe,55.02259,82.93175,1612833.0,0,0,7.352449,8.546229035756935,0.31218078701791924,5.186198061600518,14.083154916971024,4.302987650111651
1496990,Novokuznetsk,RU,Europe,53.75752,87.13599,539616.0,0,0,20.320118,19.46184158637296,0.30887428196795247,11.872880568867057,31.901548721568467,3.2437733419723176
1502026,Krasnoyarsk,RU,Europe,56.03742,92.93136,1090811.0,0,1,8.48087,9.123026858235031,0.28832165511843805,5.751651282710915,14.470560707715451,2.869232388758357
1503901,Kemerovo,RU,Europe,55.35417,86.10435,558973.0,0,0,9.296142,10.48862538517542,0.277396796391213,6.729201569483712,16.34833811033939,1.6263381371417542
1508291,Chelyabinsk,RU,Europe,55.1611,61.42877,1202371.0,0,0,8.303188,8.557980119390104,0.3118961499741284,5.195694776081806,14.096098189029398,3.2093699366429163
1510853,Barnaul,RU,Europe,53.36199,83.72786,632372.0,0,0,7.574084,10.551402058846948,0.28857848440109274,6.649443537689131,16.743068014098917,1.9255143179641039
1512569,Tashkent,UZ,Central Asia,41.26465,69.21627,1978028.0,1,2,17.397774,21.69351329593434,0.5449319739772956,9.071359394768306,51.87850008371319,23.38323628890222
1513157,Namangan,UZ,Central Asia,40.9983,71.67257,713220.0,0,0,21.015295,29.187651259684227,0.5105930761737484,12.894447545534275,66.06866894053097,10.629126677218173
1514588,Andijon,UZ,Central Asia,40.78338,72.35067,747800.0,0,0,19.263788,27.663196433851425,0.5142112650489804,12.150433608368846,62.98149198648909,10.637251025248082
1518980,Shymkent,KZ,Central Asia,42.30988,69.60042,1200000.0,0,0,18.041647,16.906419269748962,0.4158823842574702,8.690944082182256,32.88791296109331,8.437298346191564
1526273,Astana,KZ,Central Asia,51.1801,71.44598,1544142.0,1,1,9.266028,10.484523763421523,0.2842755285170032,6.6529435574113736,16.522797404961295,4.602305246725653
1526384,Almaty,KZ,Central Asia,43.25249,76.9115,1977011.0,38,40,23.815496,23.410896661932128,0.41951360021117434,11.964929425714208,45.80637820878325,19.416599759237958
1528675,Bishkek,KG,Central Asia,42.87,74.59,900000.0,43,43,14.876232,16.323064692684547,0.4339440359908788,8.1520437432782,32.68412797481135,6.374966915235371
1529102,Ürümqi,CN,China,43.80096,87.60046,4054000.0,0,0,65.741646,34.24554035538569,0.6212426967263411,12.674194952523905,92.5310868757633,86.24800612434865
1529195,Shihezi,CN,China,44.3023,86.03694,572772.0,0,0,36.76994,27.729437696142114,0.3678760263324561,15.392693356723028,49.95368238193267,5.842844509807394
1529376,Korla,CN,China,41.76055,86.15231,549324.0,0,0,48.382023,25.788186946017703,0.40483188228864475,13.493195280921128,49.286367840765344,5.734876785135067
1529660,Aqsu,CN,China,41.18418,80.27921,535657.0,0,0,50.934383,32.714225199941296,0.5087295479149095,14.495564818481984,73.83089543830211,8.914775002347287
1562798,Vinh,VN,Other Asia,18.67337,105.69232,790000.0,0,0,35.1841,27.277631304787928,0.37324041991332807,15.012487103286272,49.563351127680086,8.043080504327591
1565019,Thủ Đức,VN,Other Asia,10.84863,106.77209,524670.0,1,3,31.494225,28.578861187803458,0.44031318548178655,14.128107155669495,57.81038449046469,6.60226333439353
1566083,Ho Chi Minh City,VN,Other Asia,10.82302,106.62965,14002598.0,1,3,31.494225,27.989090081456833,0.44018242691310183,13.839445871989145,56.6055296457696,172.51628654197793
1566166,Thanh Hóa,VN,Other Asia,19.8,105.76667,850000.0,0,0,31.114286,25.64055181198548,0.37076465530109065,14.167515524837135,46.40460044462662,8.080618801155468
1568574,Qui Nhon,VN,Other Asia,13.77648,109.22367,519208.0,0,0,13.518432,18.381348641039693,0.3960071508975315,9.754464213429909,34.63788174016449,3.779390579356064
1572151,Nha Trang,VN,Other Asia,12.24507,109.19432,579000.0,0,0,14.348817,18.902944575542428,0.3699526959005562,10.458273567825318,34.166376630777876,4.049060082278634
1580240,Huế,VN,Other Asia,16.4619,107.59546,1380000.0,0,0,20.225634,16.742330194494972,0.3990185175678807,8.841978169611792,31.7016865416899,9.219089689278304
1581130,Hanoi,VN,Other Asia,21.0245,105.84117,8053663.0,20,20,51.906048,42.71504366268787,0.3714659922927946,23.57544209672248,77.39303244535924,127.78896944653368
1581298,Haiphong,VN,Other Asia,20.86481,106.68345,2625200.0,0,0,32.076702,26.44305996295417,0.37444632123091853,14.525120905371557,48.139731487247346,25.993434929999086
1583992,Da Nang,VN,Other Asia,16.06778,108.22083,1276000.0,0,0,18.597906,17.473262380637305,0.40126512752994814,9.194887697436613,33.204853421723875,8.94656025420914
1585330,Chợ Lớn,VN,Other Asia,10.75,106.65,561000.0,1,3,31.494225,27.989090081456833,0.44018242691310183,13.839445871989145,56.6055296457696,6.9116914411204
1586203,Cần Thơ,VN,Other Asia,10.03711,105.78825,1507187.0,0,0,31.780113,26.703059631078684,0.5033369149655523,11.934568295340583,59.74689456838835,20.25755133072388
1587923,Biên Hòa,VN,Other Asia,10.94469,106.82432,1272235.0,1,2,31.494225,29.02491509541629,0.4442655308539753,14.258165397970535,59.08513983264885,16.405176836742218
1609350,Bangkok,TH,Other Asia,13.75398,100.50144,5104476.0,86,129,23.432268,22.376999505086488,0.3293048556632206,13.212268826431872,37.89887364756783,37.614141413366845
1622786,Makassar,ID,Other Asia,-5.14861,119.43194,1474393.0,0,0,22.55308,19.336668584697943,0.4556708850641617,9.32715281625517,40.08798390252676,12.991108037836856
1624647,Tasikmalaya,ID,Other Asia,-7.3274,108.2207,770839.0,0,0,49.656345,33.284948948679336,0.4636793091922545,15.850775341636968,69.8948665057399,11.896776185819064
1624917,Bandar Lampung,ID,Other Asia,-5.42917,105.26111,1166066.0,0,0,20.631876,19.604608930868125,0.5054625251239291,8.732263791079102,44.01386633840785,11.555008746630376
1625084,Tangerang,ID,Other Asia,-6.17806,106.63,1927815.0,4,5,52.56847,39.274246557618525,0.47150826600020673,18.47014739822359,83.51132286128701,35.69953243500942
1625812,Surakarta,ID,Other Asia,-7.55611,110.83167,526870.0,0,0,51.70781,38.67242177827115,0.4624099860100393,18.45380814737459,81.04322935693206,9.421760158274147
1625822,Surabaya,ID,Other Asia,-7.24917,112.75083,3018022.0,0,0,47.48297,31.054259964831548,0.4734150238580815,14.5599114021217,66.23440454608878,44.369611058606885
1626801,Situbondo,ID,Other Asia,-7.70623,114.00976,685967.0,0,0,17.25831,24.074455883413176,0.48895691874760844,11.010179858642191,52.64032318486419,8.074772578456967
1627549,Serang,ID,Other Asia,-6.11528,106.15417,735651.0,0,0,40.355003,31.01296521453575,0.5136788262753166,13.633353147434859,70.5478689649413,11.7194380125037
1627896,Semarang,ID,Other Asia,-6.99306,110.42083,1694740.0,0,0,28.37108,28.36932878903949,0.4915554436042045,12.920560497763415,62.28977574772714,23.63331538053708
1629001,Samarinda,ID,Other Asia,-0.49167,117.14583,865306.0,0,0,14.394725,13.91227377675022,0.3943085512367974,7.402944111990713,26.14518747017857,4.746833800408158
1630789,Pontianak,ID,Other Asia,-0.03194,109.325,686019.0,0,0,14.747382,15.25164110344643,0.3878371411494641,8.200110950808952,28.367001098367957,4.057907265916033
1631761,Pekanbaru,ID,Other Asia,0.51667,101.44167,1167599.0,0,0,16.348524,14.164406043944174,0.3899503347542783,7.589848764275248,26.434044314831663,6.449133688641804
1633070,Palembang,ID,Other Asia,-2.91673,104.7458,1801367.0,0,0,13.769901,18.231325928091387,0.39705363200854965,9.658665658888998,34.41274983883539,13.039760975923292
1633419,Padang,ID,Other Asia,-0.94924,100.35427,942938.0,0,0,16.095613,13.592742537320177,0.4135142390685178,7.014035625022451,26.341846486598357,5.300058920564892
1636722,Malang,ID,Other Asia,-7.9797,112.6304,889359.0,0,0,27.665442,24.8868351068123,0.48389544429615206,11.474259728755108,53.97773593023431,10.710217933360992
1642548,Jepara,ID,Other Asia,-6.5924,110.671,1257912.0,0,0,26.58293,24.946930322597883,0.5054239366090805,11.112520914315485,56.00433396879591,15.860730296025267
1642858,Jambi City,ID,Other Asia,-1.6,103.61667,635101.0,0,0,14.071519,15.79944122226962,0.3822569956796613,8.570819742830635,29.124675401644982,3.8356587878922244
1642911,Jakarta,ID,Other Asia,-6.21462,106.84513,8540121.0,6,9,72.808876,40.92696057425576,0.4388866561710972,20.278685899208856,82.59983463287597,153.40018873916117
1645524,Depok,ID,Other Asia,-6.4,106.81861,2163635.0,3,5,72.808876,40.58451794493372,0.45871745325008645,19.480982577713092,84.54928237074598,40.28001786536011
1645528,Denpasar,ID,Other Asia,-8.65,115.21667,670210.0,0,1,11.108209,12.906939330513348,0.533209987184308,5.499345690714174,30.292527920702184,4.612458242738367
1646448,Cimahi,ID,Other Asia,-6.87222,107.5425,581994.0,0,0,67.72312,39.07096404830531,0.5530322034285303,16.12753497658074,94.65428125753247,12.575436133539878
1648473,Bogor,ID,Other Asia,-6.59444,106.78917,1078351.0,0,2,72.808876,39.51261070209145,0.4588482118187713,18.96248854003758,82.33341321201598,19.550817176670186
1649378,Bekasi,ID,Other Asia,-6.2349,106.9896,2648272.0,5,8,72.808876,41.385490563009334,0.4408061229575828,20.443000563714744,83.78216415945279,48.31236688534611
1650213,Banjarmasin,ID,Other Asia,-3.31987,114.59075,657663.0,0,0,14.068825,16.05612238263744,0.4137274738316877,8.28234611572181,31.126333331671407,4.368762547541735
1650357,Bandung,ID,Other Asia,-6.92222,107.60694,2528163.0,0,0,67.72312,37.95942521362659,0.567417186681423,15.312206687826668,94.10256744342745,54.4536737335898
1650527,Balikpapan,ID,Other Asia,-1.26753,116.82887,695287.0,0,0,12.532166,14.461730779656918,0.39834637811613244,7.645763464045723,27.353927194683298,4.005394107078217
1651944,Vientiane,LA,Other Asia,17.96667,102.6,840940.0,2,15,20.900423,30.41474357793874,0.3740055783997034,16.71854448477523,55.331169992350134,9.56593112828426
1668341,Taipei,TW,Other Asia,25.05306,121.52639,7871900.0,20,23,23.345572,16.139271974794593,0.3976339202698411,8.542393881413163,30.492166890494605,50.51809131874971
1668355,Tainan,TW,Other Asia,22.99083,120.21333,1856642.0,6,6,27.93351,18.120491914974508,0.4775998057125114,8.439168280030046,38.9081265292043,16.068017472295278
1668399,Taichung,TW,Other Asia,24.1469,120.6839,2850285.0,10,10,31.461367,25.38595764738571,0.5444955008860887,10.622807825333316,60.666337589011206,39.398177639177526
1670029,Banqiao,TW,Other Asia,25.01427,121.46719,551221.0,19,22,23.345572,19.059386935528153,0.3976339202698411,10.08798851619909,36.00918357260867,4.177515852140403
1673820,Kaohsiung,TW,Other Asia,22.61626,120.31333,2737660.0,12,12,27.93351,21.54586958642858,0.404944499119997,11.271449471695405,41.18587386663424,23.8857587253196
1679432,Zamboanga,PH,Other Asia,6.91028,122.07389,1018849.0,0,0,6.207643,7.1612233268755086,0.6357139009904507,2.5896910438377647,19.802794491418354,4.638299086242921
1680102,Valenzuela,PH,Other Asia,14.7,120.9667,725173.0,41,43,19.763624,19.72617352934178,0.38126698700189854,10.717942221595706,36.30565588659902,5.453981713694504
1684308,Taguig,PH,Other Asia,14.5243,121.0792,1308085.0,44,47,11.655811,13.372118077740828,0.3608120527249518,7.5072747296299305,23.81870230208794,6.311276465583115
1692192,Quezon City,PH,Other Asia,14.6488,121.0509,3084270.0,44,47,12.292213,13.756677768477212,0.3943952428467279,7.319133696920754,25.85636375317659,16.73391744583903
1694781,Paranaque City,PH,Other Asia,14.48156,121.01749,703245.0,42,45,11.655811,12.78374640434923,0.3608120527249518,7.176955496012375,22.77068211186663,3.2437385063094415
1699076,Muntinlupa,PH,Other Asia,14.39028,121.0475,552225.0,30,32,11.655811,12.780051498403319,0.3608120527249518,7.174881129492812,22.764100666485408,2.546418050756753
1701668,Manila,PH,Other Asia,14.6042,120.9822,1600000.0,44,47,19.763624,19.405212057265484,0.34937062488292164,11.095600661107003,33.937978347345485,10.847377699891917
1703417,Makati City,PH,Other Asia,14.55027,121.03269,510383.0,45,48,11.655811,13.494909666209457,0.3608120527249518,7.576211466784244,24.03742130187028,2.4851191648616577
1707174,Las Piñas,PH,Other Asia,14.45056,120.98278,615549.0,38,41,14.7555,15.431354014076645,0.35309748011363246,8.77095282460583,27.14946613778656,3.3539862894709827
1713022,General Santos,PH,Other Asia,6.11278,125.17167,722059.0,0,0,10.712438,10.598126705294318,0.531777042369331,4.52597938222623,24.816792162721853,4.06940933681368
1715348,Davao,PH,Other Asia,7.07306,125.61278,1848947.0,0,0,11.459946,10.246064202650594,0.49885414542034384,4.612301710934945,22.76126719896592,9.450507273153564
1717512,Cebu City,PH,Other Asia,10.31672,123.89071,965332.0,0,0,6.5218577,8.534656242327534,0.6109273089868458,3.2112214693862557,22.683068691809023,5.033293727376748
1720151,Caloocan,PH,Other Asia,14.64953,120.96788,1712945.0,44,46,19.763624,19.721073078517605,0.38126698700189854,10.715170962529356,36.29626860161881,12.879623371048087
1720681,Calamba,PH,Other Asia,14.21167,121.16528,575046.0,1,1,11.655811,11.984795529484822,0.37339466192179066,6.594311267101048,21.781702146842015,2.5733645907859666
1721080,Cagayan de Oro,PH,Other Asia,8.48222,124.64722,741617.0,0,0,11.919701,10.15817137337483,0.5510464849343085,4.206386927065607,24.53137275291899,4.151293584231843
1723510,Budta,PH,Other Asia,7.20417,124.43972,1273715.0,0,0,18.517794,14.670886823512012,0.48999665229306993,6.698411429163143,32.13223351005605,9.156336462079375
1730501,Antipolo,PH,Other Asia,14.62578,121.12251,913712.0,44,47,12.292213,13.765392266469897,0.36658809278073917,7.656972626203817,24.74685930067545,4.6107998982499225
1732722,Pasir Gudang,MY,Other Asia,1.462,103.9053,534659.0,5,10,14.131057,14.263417930905206,0.38592675015665906,7.692264954641339,26.44800878171961,2.943102392213132
1732724,Kampung Larkin Lama,MY,Other Asia,1.5024,103.744,500000.0,5,9,19.156822,15.85691287359196,0.37961195281319604,8.63847812346578,29.107174005298898,3.009736830766476
1732747,Pelentong,MY,Other Asia,1.5243,103.824,583640.0,4,8,14.131057,13.849316860555389,0.37786617712314247,7.565890276101636,25.35109161044978,3.0542980882028137
1732752,Johor Bahru,MY,Other Asia,1.4655,103.7578,858118.0,6,10,19.156822,16.271067666104706,0.37961195281319604,8.864100042648305,29.86740241210771,5.300330389220484
1732903,Shah Alam,MY,Other Asia,3.08507,101.53281,740750.0,3,6,38.841583,28.274107553979544,0.3845466399512491,15.281941459034412,52.31175372036236,8.053962197345395
1733432,Kota Kinabalu,MY,Other Asia,5.9749,116.0724,500421.0,0,0,10.514093,16.79449052101748,0.5200950996409897,7.307481804472286,38.59809978424089,4.371043432739141
1734634,Ipoh,MY,Other Asia,4.5841,101.0829,759952.0,0,0,16.296541,19.26312127709933,0.387712773816491,10.358961756042717,35.820949055997914,5.675745728065042
1734759,Malacca,MY,Other Asia,2.196,102.2405,579000.0,0,0,11.903984,13.605824456282734,0.4306387955738704,6.83103293395271,27.099629137355716,3.3924744009963588
1735158,Petaling Jaya,MY,Other Asia,3.10726,101.60671,807879.0,3,6,38.841583,28.274107553979544,0.3845466399512491,15.281941459034412,52.31175372036236,8.783836552182517
1735161,Kuala Lumpur,MY,Other Asia,3.1412,101.68653,1453975.0,3,5,38.841583,26.88153110195367,0.4014321403424304,14.141985249066932,51.097261216064396,15.690004985110974
1735227,Kuantan,MY,Other Asia,3.8077,103.326,548014.0,0,0,10.839002,14.52412214007802,0.40212083233587553,7.63251591902156,27.638347063801085,3.200649508315193
1735498,Sungai Petani,MY,Other Asia,5.647,100.48772,544851.0,0,0,18.594124,18.7953958915822,0.509153363660236,8.32253219262251,42.44704598853431,5.214081885424158
1736376,Kota Bharu,MY,Other Asia,6.12361,102.24333,568900.0,0,0,11.930766,15.531270091301705,0.513412001508717,6.830488641855498,35.315240723895776,4.536374729712277
1771023,Kampung Baru Subang,MY,Other Asia,3.15,101.53333,833571.0,3,6,38.841583,28.033251277426903,0.397062887207656,14.85134942797292,52.91527083075444,9.278448534064362
1783621,Zunyi,CN,China,27.68667,106.90722,2037775.0,0,0,23.981836,27.16978248861855,0.38367052145455166,14.705661909023718,50.19815395224538,21.242265070769797
1783633,Zoucheng,CN,China,35.40056,116.96556,1116692.0,0,0,64.87983,46.13705792600938,0.5021220906278189,20.660447871320194,103.02913699285294,25.869773728745674
1783683,Ziyang,CN,China,30.12108,104.64811,905729.0,0,0,38.828045,50.65425525541525,0.3863696686357263,27.298500400258547,93.9924735007225,17.726264829551322
1783745,Zigong,CN,China,29.34162,104.77689,1262064.0,0,0,43.589855,45.242105383439174,0.39674594335286867,23.98034841506287,85.35522770972425,22.65357146167746
1783763,Zhuzhou,CN,China,27.83333,113.15,1129687.0,0,0,43.246094,42.82372081816647,0.4327122334300861,21.429159763570414,85.5783000801481,20.933493104401144
1783873,Zhumadian,CN,China,32.98385,114.02586,721670.0,0,0,47.816895,53.44627716955218,0.4121298688078168,27.64014359966422,103.34622658470184,15.896085950691623
1784055,Zhuanghe,CN,China,39.70083,122.99111,742496.0,0,0,24.448738,31.720950029702234,0.3828455696343233,17.191660909333933,58.52946240002652,9.017038621820735
1784130,Zhoukou,CN,China,33.63333,114.63333,505171.0,0,0,48.69923,46.436080897189164,0.39588562814404266,24.647112596079747,87.48731116817589,9.286748970014639
1784285,Zhongwei,CN,China,37.51129,105.19067,1174600.0,0,0,25.288795,20.21630918768776,0.41903175675513354,10.34019629939495,39.52528030788964,9.950360265753947
1784642,Zhenjiang,CN,China,32.21086,119.45508,950516.0,0,0,42.83997,42.65147891717163,0.43611318700722884,21.227146329444878,85.69916208183551,17.68042683124137
1784658,Zhengzhou,CN,China,34.75778,113.64861,6650532.0,0,0,60.814484,44.50683367253122,0.5442715518924085,18.630653466454756,106.32253168795042,161.10117989131928
1784841,Zhaotong,CN,China,27.31667,103.71667,787845.0,0,0,16.925793,24.634960445591272,0.38687559546897937,13.265486171639107,45.748890640233434,7.508686760419667
1784853,Zhaoqing,CN,China,23.04893,112.46091,1553109.0,0,0,32.27046,29.10925893173764,0.3917600933645464,15.552791660760278,54.48211318182899,17.711415852353227
1784990,Zhanjiang,CN,China,21.23391,110.38749,1400709.0,0,0,22.729773,19.903702774133468,0.38029405826273455,10.831248004575528,36.57541438933874,10.602330468673472
1785018,Zhangzhou,CN,China,24.51333,117.65556,589831.0,0,0,30.226334,29.645838529828524,0.3959668234341101,15.733226992876592,55.861123883522886,6.923889569432775
1785036,Zhangye,CN,China,38.93417,100.45167,507433.0,0,0,21.03782,28.513341842268655,0.4030673001104775,14.961263572372255,54.34104272552145,5.831823807283541
1785286,Zibo,CN,China,36.79056,118.06333,4704138.0,0,0,50.418453,43.718279062369696,0.4721475985864343,20.539094977956612,93.05609259933333,97.10037267225827
1785294,Anyang,CN,China,36.096,114.38278,1146839.0,0,0,53.426266,41.80383521159249,0.43203200909306005,20.941584522823298,83.44930329858241,20.71259461087446
1785412,Zhabei,CN,China,31.25861,121.45972,840000.0,1,1,53.196056,30.630358875963804,0.437012090895261,15.222464917185507,61.63383459738677,11.244103228896012
1785453,Zaozhuang,CN,China,34.86472,117.55417,3855601.0,0,0,48.48036,43.77935996055624,0.4350278086132196,21.826350508023115,87.81277281565798,73.43084263438628
1785623,Kunshan,CN,China,31.37762,120.95431,2092496.0,0,0,53.18346,51.534558415771905,0.41806488801201147,26.399598428769806,100.60042080846017,45.08238562535625
1785725,Yunfu,CN,China,22.92787,112.03809,2612800.0,0,0,29.464037,27.523310174947422,0.39461010169691657,14.638530468153533,51.749224734982405,28.37755868635443
1785738,Yuncheng,CN,China,35.02306,110.99278,680036.0,0,0,54.24177,37.19788366007575,0.45913729949151055,17.843373193225098,77.54601855852555,11.614291220021483
1785781,Yulin,CN,China,22.6305,110.14686,1056743.0,0,0,29.9452,27.53087588256034,0.37598112343678536,15.085565156618859,50.2433365267982,10.938441523166205
1786060,Yuanping,CN,China,38.71528,112.7575,526000.0,0,0,31.228676,30.38644843825426,0.397145213424044,16.095896962940085,57.364696780590464,6.3476799214100375
1786217,Yongzhou,CN,China,26.42389,111.61306,1020715.0,0,0,32.292786,33.985089851512036,0.3754778687613225,18.63715753058667,61.97223639494499,13.024985953361528
1786455,Yishui,CN,China,35.78472,118.62806,1007100.0,0,0,39.683125,35.342056433765755,0.3675594520955496,19.62842031053177,63.63532740825256,13.082538077705882
1786657,Yinchuan,CN,China,38.46806,106.27306,2859074.0,0,0,44.571102,31.454575641815353,0.48661961267475,14.43929170974789,68.52069676927098,43.762168629989894
1786746,Yichun,CN,China,27.83333,114.4,1045952.0,0,0,36.02416,39.16924349475345,0.38613681142958267,21.116884543665446,72.6541660432347,15.8196963965091
1786760,Yixing,CN,China,31.36059,119.82016,1285785.0,0,0,42.407574,42.11149153445999,0.42315083189995845,21.39761207380128,82.87736562100665,22.912062105281073
1786764,Yichang,CN,China,30.71444,111.28472,1350150.0,0,0,35.510868,40.76809012780095,0.409376202607375,21.176620076225227,78.48453467484423,22.533309420389006
1786770,Yibin,CN,China,28.7593,104.63994,836340.0,0,0,43.535557,44.8345524393573,0.3816468708499578,24.345428937491803,82.56733112399107,14.310585843410161
1787093,Yantai,CN,China,37.47649,121.44081,7102100.0,0,0,24.814882,24.396125198026166,0.3966689361292857,12.932635735403238,46.02085273680755,68.72833578720184
1787227,Yangzhou,CN,China,32.39722,119.43583,4559797.0,0,0,42.83997,44.05946882934981,0.4367898724090921,21.90415817549126,88.62412232287991,87.7520610636884
1787331,Zhangjiagang,CN,China,31.865,120.53889,1432044.0,0,0,44.483547,43.72123842001199,0.43818972257433114,21.687378013532776,88.1409771059803,27.435381542786313
1787351,Yangquan,CN,China,37.8575,113.56333,731228.0,0,0,53.34776,43.99863179380779,0.36796099827662315,24.420451088314643,79.27288454771443,11.838420799114772
1787375,Yangpu,CN,China,31.26193,121.51904,1210800.0,1,1,53.196056,30.328876240026602,0.43633441924937033,15.088987892288479,60.96106250127966,16.023161272900964
1787746,Yancheng,CN,China,33.3575,120.1573,1615717.0,0,0,37.270985,41.089675710182824,0.3816672702352351,22.31121034720525,75.67323438279878,25.338618159486174
1787816,Ya'an,CN,China,29.98521,102.999,612056.0,0,0,27.754786,28.646497829220078,0.44759072913423537,13.997602000369236,58.62588733826435,7.847725019303648
1787858,Shangrao,CN,China,28.45179,117.94287,1116486.0,0,0,28.322931,34.94157462538026,0.379564188052254,19.036813732179994,64.13434803100348,14.807474177791216
1787957,Xuhui,CN,China,31.19594,121.44709,1109800.0,2,2,53.196056,30.37425611965615,0.437012090895261,15.09518873217982,61.11850942649603,14.731393282190163
1788046,Xuchang,CN,China,34.03189,113.86299,1265536.0,0,0,50.150257,45.26025798855971,0.4525808351319119,21.939748772552413,93.3689339120298,25.923144962808685
1788081,Xuancheng,CN,China,30.9525,118.75528,774332.0,0,0,30.017988,42.14304482913442,0.37806599067646,23.015411937565737,77.16725784827635,12.337317149791485
1788450,Xinzhou,CN,China,38.40917,112.73333,544683.0,0,0,33.302845,30.086863555363006,0.39523848895949204,15.985899739668511,56.62611259551173,6.477090535370826
1788508,Xinyu,CN,China,27.80429,114.93335,839488.0,0,0,36.00046,43.71227307174605,0.3745844827065008,24.005758490320783,79.59601934133103,13.74572546819584
1788534,Xinyang,CN,China,32.12278,114.06556,1416800.0,0,0,42.15326,43.544561073617366,0.4034820661990575,22.833151666144115,83.042797893971,24.89239601435826
1788572,Xinxiang,CN,China,35.19033,113.80151,1047088.0,0,0,54.02626,43.94802550902559,0.4918548916530168,20.006152887780637,96.5417467803939,22.633907949902383
1788852,Xining,CN,China,36.62554,101.75739,2467965.0,0,0,26.528955,25.009549119322283,0.41062562252095175,12.965042806442211,48.243384652845116,25.344918781931536
1788927,Xingtai,CN,China,37.06217,114.49272,798770.0,0,0,48.48587,47.514620354552015,0.38904134626984704,25.49726793414425,88.54435515477044,14.765384759388084
1789065,Ankang,CN,China,32.68,109.01722,870126.0,0,0,25.965738,34.48805706828764,0.3971854202446558,18.26737021165651,65.11205863592153,11.919119460211313
1789176,Feicheng,CN,China,36.24861,116.76583,968100.0,0,0,47.87622,40.33336028714636,0.4005221711986649,21.249714315145475,76.55537989483877,15.639079513362994
1790254,Xiaogan,CN,China,30.92689,113.92221,908266.0,0,0,53.200985,46.95157444287253,0.47252442658846755,22.044820073854016,99.99856362081003,20.15057675196845
1790353,Xianyang,CN,China,34.33778,108.70261,1034081.0,0,0,55.30826,41.60261862969887,0.7067999493130475,13.427209316798654,128.90078913738296,30.40687129890692
1790396,Xianning,CN,China,29.84347,114.32201,512517.0,0,0,46.366623,42.419528269977086,0.45389944360551504,20.519378223476078,87.69351386040954,9.868104964777151
1790437,Zhuhai,CN,China,22.27694,113.56778,2207090.0,0,0,32.663914,23.344325653021002,0.3853035898624848,12.602159625051797,43.24318659723805,19.85200753552348
1790492,Xiangtan,CN,China,27.85,112.9,959303.0,0,0,47.67238,43.89081426769115,0.42675429079430066,22.173506841800137,86.87861558503786,17.968314359044502
1790587,Xiangyang,CN,China,32.0422,112.14479,1294733.0,0,0,44.17352,45.94112020175282,0.4125397585711148,23.743218841949872,88.89218178214678,24.538477206474433
1790630,Xi’an,CN,China,34.25833,108.92861,12952907.0,0,0,55.30826,41.80964772579677,0.6955534926973259,13.739041594591736,127.23206570997847,376.68150024917713
1790645,Xiamen,CN,China,24.47979,118.08187,4617251.0,1,1,31.99658,24.118892452850996,0.3911141571330204,12.899812820002621,45.095303417904525,43.55563817461142
1790840,Wuzhou,CN,China,23.48054,111.28848,761948.0,0,0,25.616297,30.3466070703504,0.3780511044288885,16.57346546968018,55.56572114425819,8.741500485232432
1790842,Wuzhong,CN,China,37.9867,106.201,7202654.0,0,0,27.982086,27.27617401166833,0.43043731114398587,13.69887724382068,54.31026612421185,84.56407737180315
1790923,Wuxi,CN,China,31.56887,120.28857,4396835.0,0,0,50.06901,50.162812623461086,0.43732801820453115,24.916971027059123,100.98770703565164,96.45602258674444
1791121,Changde,CN,China,29.03205,111.69844,1457419.0,0,0,38.429478,39.337148376702466,0.38137417494050574,21.36962762001536,72.41170833324952,21.864451252508914
1791236,Wuhu,CN,China,31.35259,118.42947,1598165.0,0,0,39.94053,42.86479835505725,0.384905935464602,23.154784688614914,79.35253826493816,26.367988985375085
1791247,Wuhan,CN,China,30.58333,114.26667,13739000.0,0,0,66.58488,53.703863636402694,0.5557902185560972,22.070030401547672,130.6797007980146,410.082800078832
1791351,Wuchang,CN,China,30.54314,114.30068,1102188.0,0,0,66.58488,53.703863636402694,0.5557902185560972,22.070030401547672,130.6797007980146,32.898197922213235
1791388,Wenzhou,CN,China,27.99942,120.66682,2650000.0,0,0,36.68832,33.81613480254217,0.39313210197130716,18.028010485591036,63.43079142857589,35.22965161199147
1791544,Wenchang,CN,China,19.55158,110.80279,560894.0,0,0,14.277904,17.860201408764322,0.4138686611826931,9.210876320798665,34.63153594206203,4.146003730694257
1791636,Weinan,CN,China,34.50355,109.50891,1199290.0,0,0,34.1766,36.709322641447024,0.3959891151040617,19.481166172943436,69.173187930887,17.433469717173235
1791673,Weihai,CN,China,37.50914,122.11356,844310.0,0,0,24.16369,21.019992084110683,0.3938016555745914,11.194150218574865,39.47062158259358,6.988951373738824
1791681,Weifang,CN,China,36.71,119.10194,9386705.0,0,0,41.44027,37.638373792539305,0.40061274319068757,19.826981665701112,71.45047116261681,141.53660694824026
1791748,Wanxian,CN,China,30.81601,108.37407,859662.0,0,0,38.522186,43.34663496799399,0.4698774195326027,20.43859865909067,91.93050826959752,17.50925603591247
1791779,Wanning,CN,China,18.79931,110.3841,545992.0,0,0,14.062247,17.36380168621085,0.41130506962169977,8.991678738234667,33.531181192673756,3.8993764005913185
1792892,Tianshui,CN,China,34.57952,105.74238,1212791.0,0,0,21.030006,23.467327280514443,0.3934547384868808,12.504412020587251,44.04169094748957,11.198100880101164
1792947,Tianjin,CN,China,39.14222,117.17667,13866009.0,0,0,60.304337,43.188889687732285,0.5045520492618052,19.26519307713728,96.82125608555181,302.15479554657185
1793036,Chengtangcun,CN,China,35.08357,117.19071,1756300.0,0,0,53.972214,46.88136187795775,0.47278469214204427,22.00268932025727,99.890611531224,38.92802110320136
1793346,Tangshan,CN,China,39.64381,118.18319,3372102.0,0,0,46.682735,40.582584478509695,0.4458823801748342,19.884235116512283,82.82672948217744,61.01838586109116
1793424,Tanggu,CN,China,39.02111,117.64694,535298.0,0,0,45.211216,36.97097079916986,0.42048526151938376,18.865910444285362,72.45092601651258,8.32160798693711
1793505,Taizhou,CN,China,32.49069,119.90812,1607108.0,0,0,42.232056,43.41686611508143,0.4252879158358253,21.985591795933633,85.73907315078745,29.67471646724336
1793511,Taiyuan,CN,China,37.86944,112.56028,5305061.0,0,0,36.972214,34.568973639514674,0.42820283691403543,17.42371179025187,68.58549733117378,78.52833830012318
1793703,Taicang,CN,China,31.44778,121.09389,831113.0,0,0,58.50622,32.12644118915504,0.4349453858847896,16.01886013861474,64.43081558545218,11.613347533213107
1793724,Tai’an,CN,China,36.18528,117.12,1735425.0,0,0,56.427,43.01133310509954,0.5129664872588761,18.92941879575353,97.73014139730691,38.28932814314237
1793743,Suzhou,CN,China,33.63611,116.97889,1647642.0,0,0,52.11421,52.16471516947441,0.41025321096911765,27.05849960321984,100.56572051720815,35.26076118158996
1793771,Suqian,CN,China,33.94917,118.29583,1437685.0,0,1,41.248867,41.92617928526817,0.4041021122421316,21.962732862222698,80.03578245419476,24.357917165322434
1793879,Suizhou,CN,China,31.71111,113.36306,618582.0,0,0,36.848515,40.783926865841025,0.38618659777753345,21.98563967053607,75.65523293949778,9.742793903350927
1793900,Suining,CN,China,30.50802,105.57332,656760.0,0,0,34.52529,41.8149230691348,0.3848432484103903,22.589926788281424,77.40121549153021,10.568707246855128
1794035,Songjiang,CN,China,31.03443,121.22326,1973500.0,1,1,83.27097,34.784628863149315,0.5184469968454395,15.175167805614773,79.7335766329618,35.59007210214812
1794140,Sishui,CN,China,35.64889,117.27583,552300.0,0,0,49.467636,40.504312387215975,0.394439018854821,21.548495871615618,76.1352129510918,8.82381058741748
1794903,Shiyan,CN,China,32.6475,110.77806,3460000.0,0,0,31.312721,38.46212200781767,0.3931419424164924,20.504549845110333,72.14666210763099,52.31891381042291
1795270,Shijiazhuang,CN,China,38.04139,114.47861,5758403.0,0,0,61.528793,45.44308629137199,0.5472260396862209,18.93285984866233,109.07354241208232,143.19789359860962
1795565,Shenzhen,CN,China,22.54554,114.0683,17494398.0,7,7,35.2161,18.63840092946369,0.38119648093866165,10.12805857675284,34.29976106228344,124.29582317140454
1795855,Shaoxing,CN,China,30.00237,120.57864,2300000.0,0,0,48.810745,44.81558897771561,0.4203239632731775,22.874842042904476,87.80113155109372,43.32525174373085
1795874,Shaoguan,CN,China,24.8,113.58333,1028460.0,0,0,32.41017,30.887663360327483,0.38738186958087123,16.618987530893072,57.407092103982585,12.305853808893039
1795940,Shantou,CN,China,23.35489,116.67876,3838900.0,0,0,19.505043,14.759200310105868,0.3833145561085806,7.992977537741909,27.253172270939384,21.718255493134766
1796068,Shangluo,CN,China,33.86667,109.93056,531696.0,0,0,23.745132,29.38265199520959,0.3888895018138853,15.771132770111798,54.74180268824621,6.0754801169898185
1796134,Shangqiu,CN,China,34.4143,115.65613,1859723.0,0,0,48.233654,39.94923972442695,0.40328782023260185,20.95441007485261,76.16257145196477,29.962075005068765
1796236,Shanghai,CN,China,31.22222,121.45806,24874500.0,2,2,53.196056,30.37425611965615,0.437012090895261,15.09518873217982,61.11850942649603,330.18205280035977
1796556,Sanya,CN,China,18.25435,109.50947,1031396.0,0,0,13.613235,15.909377433602772,0.3832733909277113,8.616433789787154,29.3750635703639,6.289082574508505
1796663,Sanming,CN,China,26.24861,117.61861,602166.0,0,0,20.49588,21.708797764894385,0.36921040549520195,12.024917515428196,39.191279257627556,4.8264291523334215
1796669,Sanmenxia,CN,China,34.78081,111.19287,669307.0,0,0,41.489574,32.642591454707095,0.3843779299536411,17.647837137343686,60.377867757187346,8.39785632565737
1796823,Sanhe,CN,China,39.98049,117.06887,965075.0,0,0,45.66955,39.82520592709131,0.4380576285029263,19.75897504886255,80.2697013996448,16.836442958999854
1796989,Changsha,CN,China,22.38124,112.68492,688242.0,0,0,32.377735,27.853656226860746,0.37312626058301307,15.33230781042155,50.60074287556374,7.152851336150538
1797063,Rui’an,CN,China,27.77605,120.65859,1125000.0,0,0,25.800451,24.78806441081942,0.39394209722251855,13.197862808123478,46.55663922015695,10.98569484009571
1797121,Jieyang,CN,China,23.5418,116.36581,1899394.0,0,0,36.10402,30.9563959248314,0.39092928366586466,16.561699613949376,57.862325183568416,22.986013531584977
1797264,Quzhou,CN,China,28.95944,118.86861,902767.0,0,0,25.223457,36.09448078591267,0.37253668761269637,19.887298600096713,65.50972906889845,12.139072997947922
1797318,Qujing,CN,China,25.48333,103.78333,1408500.0,0,0,14.630371,16.919563937993242,0.3855469181188053,9.130272244798215,31.354119151807193,9.188047953814083
1797353,Quanzhou,CN,China,24.91389,118.58583,1469157.0,0,0,29.15722,26.67154917169736,0.375772962838183,14.619564744547517,48.658872384253556,14.724548249059533
1797551,Qinzhou,CN,China,21.98247,108.65061,1296300.0,0,0,21.978415,21.539731093893995,0.3749319305742309,11.822542598447896,39.243674677744366,10.468831900045096
1797595,Qinhuangdao,CN,China,39.94104,119.58936,759718.0,0,0,31.124992,39.159066593378505,0.38669662408499855,21.092496964136185,72.70037772540469,11.504165693587304
1797658,Jinjiang,CN,China,24.81978,118.57415,1416151.0,0,0,29.15722,22.1636951039871,0.3752113433406335,12.159581322176685,40.39854396685484,11.776810582258474
1797798,Qingpu,CN,China,31.15394,121.11408,1271424.0,0,0,83.27097,34.64106112056581,0.519336666405185,15.091037880738414,79.51760011751155,22.873392259369204
1797873,Huai'an,CN,China,33.58861,119.01917,4556230.0,0,0,40.250256,45.814397822408075,0.42320251220472854,23.27720103374125,90.17231258978876,88.3396875800541
1797929,Qingdao,CN,China,36.06488,120.38042,7172451.0,0,0,33.039375,27.58836628259148,0.42653821162406724,13.94237876326422,54.59025085072612,84.40176274524221
1797945,Qingyuan,CN,China,23.7,113.03333,1738424.0,0,0,38.112537,32.2371493731936,0.3845287639668213,17.4244339718366,59.64232762965657,21.54969722072618
1798425,Puyang,CN,China,29.45679,119.88872,3590000.0,0,0,37.505882,40.86731954329057,0.3948437383471863,21.727543233319203,76.86731024850809,57.928976756679724
1798439,Putuo,CN,China,31.251,121.3897,1239100.0,1,1,83.27097,34.981052766371505,0.5181416988298065,15.268316239647588,80.14466254413338,22.458863585059817
1798449,Putian,CN,China,25.43944,119.01028,1539389.0,0,0,23.514969,22.921012764416407,0.3754417524595,12.57043054573832,41.79433824759916,13.247220044967904
1798524,Pudong,CN,China,31.23995,121.50094,5681512.0,1,1,53.196056,30.236337450025456,0.437012090895261,15.02664686107802,60.84099206189929,75.07348291560143
1798654,Pingxiang,CN,China,27.61672,113.85353,893550.0,0,0,35.348766,38.93720825589585,0.3840684655966311,21.061374256877794,71.98515007955403,13.362641574312548
1798760,Pingliang,CN,China,35.53917,106.68611,504848.0,0,0,21.269222,25.789469694002182,0.3968077077210396,13.668226762326874,48.66006093277832,5.166341992098606
1798821,Pingdu,CN,China,36.78444,119.94639,542234.0,0,0,33.90272,32.67318551525154,0.3719596452066747,18.01886553565433,59.24551962506649,6.589827545596589
1798827,Pingdingshan,CN,China,33.73091,113.31554,979130.0,0,0,53.96962,47.06408274641882,0.41807254991266146,24.10921315105082,91.87474808422827,19.265558766491598
1799194,Guang’an,CN,China,30.47413,106.63696,858159.0,0,0,41.72304,43.015663054639425,0.41636359466045425,22.095689737416578,83.74245339338356,15.369761645301029
1799397,Ningbo,CN,China,29.87819,121.54945,3731203.0,0,0,34.48884,36.820170868116094,0.39592560267105403,19.541977656306944,69.37501447401976,54.39365770561421
1799491,Neijiang,CN,China,29.58354,105.06216,1251095.0,0,0,39.74776,44.157786626590685,0.391816817256266,23.590931304465002,82.65507175591902,21.646149697327445
1799629,Nanyang,CN,China,33.00524,112.54659,1811812.0,0,0,45.593678,49.78483658407057,0.43928437837847345,24.651936222796056,100.54098515031339,39.623786692824865
1799722,Nantong,CN,China,32.03028,120.87472,2273326.0,0,0,41.904526,43.2750323316961,0.4075925296432675,22.543072234257817,83.07334527648949,40.09824228626967
1799869,Nanning,CN,China,22.81667,108.31667,5977185.0,0,0,24.922638,25.63364723691676,0.391607250881723,13.699156098282312,47.96528092333218,60.00090842785415
1799962,Nanjing,CN,China,32.06167,118.77778,9314685.0,0,0,49.50038,44.307568620648794,0.43092884359054956,22.235038643909085,88.29130762996343,177.84909328013558
1800146,Nanchong,CN,China,30.79508,106.08473,1858875.0,0,0,36.072655,44.34726375954467,0.3944552784068524,23.592351367072354,83.36090677691,32.517323188700196
1800163,Nanchang,CN,China,28.68396,115.85306,2357839.0,0,0,42.319958,40.9462662538929,0.3830156632621995,22.185425554989777,75.57198828478643,36.97813363700676
1800480,Minhang,CN,China,31.10881,121.37471,2716600.0,2,2,83.27097,34.57385889642,0.5177835403938041,15.099236938309769,79.16636608017687,48.63196214012336
1800519,Mingguang,CN,China,32.78017,117.96378,645000.0,0,0,35.434956,38.21652152510244,0.372983709609622,21.041443383477514,69.41075718339059,9.193920278591598
1800627,Mianyang,CN,China,31.46784,104.68168,1550000.0,0,0,39.37931,48.864264269980886,0.4253383328347815,24.74206928563789,96.50430992983017,32.21495928467738
1800779,Meizhou,CN,China,24.28859,116.11768,992351.0,0,0,24.913574,25.286370159599013,0.3776502635060646,13.818732511885615,46.270561739168585,9.476360959981594
1800818,Meishan,CN,China,30.04392,103.83696,1107742.0,0,0,51.558502,48.48488631120306,0.44272573049769054,23.87641038008285,98.45634930832216,23.7782433341979
1800829,Wuchuan,CN,China,21.45713,110.76591,907354.0,0,0,26.669638,23.631384586049133,0.37276473552297257,13.0156451515125,42.90546730131668,7.992833137687194
1801180,Maoming,CN,China,21.66625,110.91364,1307802.0,0,0,26.669638,26.398770653819472,0.3743368215696443,14.503333628460538,48.05068337291861,12.923741082748812
1801620,Ma’anshan,CN,China,31.68579,118.51008,741531.0,0,0,44.56383,42.77260753376385,0.4412604147066837,21.11283655990309,86.6532523967869,13.995551195864142
1801640,Luzhou,CN,China,28.8903,105.42575,998900.0,0,0,41.37604,41.90733135208405,0.38601207251010883,22.59754943251481,77.7174722550401,16.158941419174383
1801792,Luoyang,CN,China,34.67345,112.43684,1390581.0,0,0,53.72024,43.4289822234941,0.40457864640052815,22.73262635988469,82.96782198016709,24.433118416089556
1801934,Luohe,CN,China,33.57424,114.03261,1294974.0,0,0,51.67897,50.187406003688864,0.41192293295332044,25.96338889007951,97.01259462094016,26.77144229754395
1802204,Luancheng,CN,China,37.88452,114.64629,597130.0,0,0,60.444492,45.28575047925384,0.5393717022404833,19.10590979344038,107.33847373095728,14.585409197772078
1802206,Lu’an,CN,China,31.73561,116.51688,1644344.0,0,0,36.76913,41.587567312142745,0.3808182388111095,22.612256398902844,76.48620838325189,26.041976039193056
1802276,Longyan,CN,China,25.07485,117.01775,1025087.0,0,0,21.348402,20.896681676986717,0.3795008182096153,11.386051638643586,38.35142496871134,8.129255425917496
1802875,Guankou,CN,China,28.15861,113.62709,1380000.0,0,0,35.2689,37.620064280456724,0.3841678361321339,20.345687942895772,69.56113946296291,19.944337791889282
1802940,Puning,CN,China,23.31072,116.16869,1998619.0,0,0,30.53789,24.786388619176353,0.39421160667225696,13.191281063057348,46.57357066717245,19.528670297982817
1803300,Liuzhou,CN,China,24.32405,109.40698,1436599.0,0,0,28.258055,28.18895973546863,0.37347191242330363,15.508299661811316,51.23820588304669,15.124204974575479
1803318,Linyi,CN,China,35.06306,118.34278,2743843.0,0,0,42.151474,37.11887760147114,0.4008087876813284,19.547191330305303,70.48639628634956,40.82172269888219
1803567,Linfen,CN,China,36.08889,111.51889,959198.0,0,0,75.996284,45.88510657510604,0.4743651229000974,21.480732966903428,98.01541728826545,20.87818588302861
1803834,Liaocheng,CN,China,36.45064,116.00247,1229768.0,0,0,46.786945,40.682999132969435,0.3953768381733935,21.611106068425656,76.58591898132146,19.78096039765238
1803936,Wuwei,CN,China,37.92672,102.63202,1010295.0,0,0,22.861864,27.62938641698395,0.41840499598933584,14.146000556807726,53.96458106398428,11.67928632674317
1804120,Lianjiang,CN,China,21.64673,110.28172,1363470.0,0,0,25.788961,25.667728543473103,0.3736205401549,14.117873798806144,46.666537608314435,13.075664487420276
1804153,Leshan,CN,China,29.56227,103.76386,662814.0,0,0,46.48119,49.843006937095,0.4009743041654075,26.240901457160913,94.67378034199925,13.246844858692597
1804430,Lanzhou,CN,China,36.05701,103.83987,4359446.0,0,0,35.3501,33.35865809584347,0.44293575500455407,16.42197117026624,67.76288049818454,64.41405114465353
1804540,Langfang,CN,China,39.52079,116.71471,868066.0,0,0,53.09515,41.557915437281125,0.4397586206293442,20.562606627758345,83.99034065850269,15.864298141634507
1804586,Laiyang,CN,China,36.97583,120.71361,872000.0,0,0,29.380484,28.92508142256923,0.37441944839312397,15.88917358343349,52.65600069814744,9.443858563001104
1804591,Laiwu,CN,China,36.19278,117.65694,989535.0,0,0,50.83578,39.96328227671727,0.4262358153261187,20.206084763070436,79.03876228646986,16.85552367355616
1804609,Laibin,CN,China,23.74743,109.22222,910282.0,0,0,25.524084,32.63798691987791,0.3712591478856617,18.019638957560637,59.11540140681739,11.030024640087241
1804651,Kunming,CN,China,25.03889,102.71833,5950578.0,0,0,22.678314,20.16299556970596,0.4086002186897642,10.486499542687177,38.76855081040743,49.02445808871723
1804879,Kaifeng,CN,China,34.7986,114.30742,1451741.0,0,0,46.936726,38.893719906903456,0.4020677620327633,20.440625698854003,74.00563321706285,22.70219643705371
1805179,Jiujiang,CN,China,29.70475,116.00206,1164268.0,0,0,43.47649,41.45006251217413,0.40648144549054493,21.630818429032086,79.42869512311944,19.616380509619262
1805518,Jining,CN,China,35.405,116.58139,1241012.0,0,0,60.460983,45.19132773921418,0.4792293453648977,20.991933642455475,97.28765999444067,26.876609801239887
1805528,Jinhua,CN,China,29.10678,119.64421,1463990.0,0,0,36.474712,42.491748987728265,0.40875382008982863,22.0939497367253,81.72141032053055,25.42755146494369
1805540,Jingzhou,CN,China,30.35028,112.19028,1052282.0,0,0,41.977924,45.43763551184347,0.40415768925791956,23.800067929536645,86.7467574890797,19.32407484152459
1805611,Jingmen,CN,China,31.03361,112.20472,632954.0,0,0,39.629864,44.89164669116838,0.3903185211386027,24.040552720533725,83.82752119186503,11.090646032774414
1805701,Jing’an,CN,China,31.22,121.41583,936500.0,2,2,53.196056,30.37425611965615,0.437012090895261,15.09518873217982,61.11850942649603,12.431023435547926
1805753,Jinan,CN,China,36.66833,116.99722,8352574.0,0,0,47.184937,39.94620437410176,0.4238351528791491,20.275178698175267,78.70210505425123,141.41413645486875
1805953,Jiaxing,CN,China,30.7522,120.75,1180000.0,0,0,46.26961,44.84483691311811,0.39487115593172356,23.84118657484522,84.35231994224752,20.895360455554034
1805987,Jiaozuo,CN,China,35.23925,113.23914,865413.0,0,0,56.354168,45.13052626394752,0.45020725806592177,21.96010201082682,92.74840343895885,17.5835396403448
1806096,Jiaozhou,CN,China,36.28389,120.00333,619266.0,0,0,35.972916,34.280157691903206,0.4007014403193196,18.05539242233266,65.08466744418342,8.506305004457635
1806299,Jiangmen,CN,China,22.58333,113.08333,1795459.0,0,0,36.230167,32.248995018991685,0.3776221231326164,17.62452650798404,59.00854580483759,21.864981144188132
1806408,Yangjiang,CN,China,21.85563,111.96272,1292987.0,0,0,23.96289,21.164606339999075,0.375253009312483,11.610681104551771,38.5800417299827,10.269009063389474
1806445,Ji’an,CN,China,27.11716,114.97927,538699.0,0,0,30.514994,31.942721206947073,0.35972805426416626,17.964174154134664,56.798460611110464,6.190024800221079
1806466,Guangyuan,CN,China,32.44201,105.823,516424.0,0,0,24.26517,32.05821711878777,0.3890800870484114,17.201995518202377,59.74477110797062,6.441467018809178
1806488,Qionghai,CN,China,19.2425,110.46417,528238.0,0,0,14.328097,18.489350414146084,0.3997558620365787,9.753103419356133,35.051005207084344,3.9043265524629303
1806508,Jiading,CN,China,31.38575,121.24465,1886100.0,0,0,83.27097,35.050923166488495,0.5204463577340421,15.242503056400748,80.60140846139903,34.406472523076644
1806535,Huzhou,CN,China,30.8703,120.0933,1015937.0,0,0,44.687572,43.42430766998263,0.4226976431582048,22.08068268920845,85.39910306029175,18.647881760796476
1806602,Cixi,CN,China,30.1764,121.2457,1457510.0,0,0,37.726627,40.942416335325774,0.4076116042909219,21.327301936819804,78.59791455763988,24.32380722476901
1806776,Huizhou,CN,China,23.11147,114.41523,2900113.0,0,0,29.522608,25.360734239363225,0.3831246860260429,13.738506507042862,46.8149023934952,28.178435638791004
1807234,Huangshi,CN,China,30.24706,115.04814,688090.0,0,0,48.07788,45.82588864061139,0.5081134847417443,20.325324279127344,103.31997860709552,16.02200498205207
1807681,Huainan,CN,China,32.62639,116.99694,3033528.0,0,0,56.745106,52.1912128650867,0.4893462495146535,23.85419625770096,114.19050429961206,77.47501366568355
1807689,Huaihua,CN,China,27.56337,110.00404,552622.0,0,0,28.4246,30.37112243660495,0.37391714740582765,16.69692884902059,55.243996449883355,6.275732080999901
1807700,Huaibei,CN,China,33.97444,116.79167,1113321.0,0,0,55.43341,49.88733835714121,0.5240736057817638,21.56883526374722,115.38622730096903,29.10737373866585
1808090,Hongkou,CN,China,31.25,121.48917,687500.0,1,1,53.196056,30.630358875963804,0.437012090895261,15.222464917185507,61.63383459738677,9.202763059364296
1808198,Heze,CN,China,35.23929,115.47358,1346717.0,0,0,48.609375,39.63298632578063,0.40825349302360986,20.624014942270932,76.16235778999851,21.790291952052325
1808316,Heshan,CN,China,28.56938,112.34733,1249807.0,0,0,38.86331,38.74261800718937,0.37766508780126085,21.171926747829247,70.89531661094048,18.286843864463204
1808370,Hengyang,CN,China,26.88946,112.61888,1075516.0,0,0,37.631176,37.28303348395002,0.3786852176229678,20.34107027761613,68.33586270506915,15.184708835515194
1808392,Hengshui,CN,China,37.73908,115.68348,522147.0,0,0,43.185287,40.93580033678908,0.3864260811121612,22.05905696482161,75.9660647273283,8.259666333649518
1808722,Hefei,CN,China,31.86389,117.28083,9465881.0,0,0,42.14298,44.25366463785792,0.4551318938149977,21.364424979437135,91.66578720302128,190.65471539950448
1808770,Hebi,CN,China,35.73231,114.28616,634721.0,0,0,49.856617,41.511674933820466,0.4225984639734491,21.11148423635125,81.62472787413107,11.134764557790657
1808857,Hanzhong,CN,China,33.07507,107.02214,1006557.0,0,0,33.806026,39.04804285151763,0.4119525652668803,20.199718154523236,75.48370917207706,16.191416939233438
1808926,Hangzhou,CN,China,30.29365,120.16142,11936010.0,0,0,60.197216,47.28652545628955,0.48881924160363255,21.63072146572617,103.37221036622755,275.89566122026366
1808956,Changzhi,CN,China,36.18389,113.10528,1214940.0,0,0,52.94949,41.24835557917225,0.3688869528251167,22.860079195221132,74.42786280204623,18.486502982545097
1808963,Handan,CN,China,36.60999,114.48764,1358318.0,0,0,56.140396,43.37936883835769,0.4371719055995649,21.552868284330184,87.30947621400358,25.75947036679704
1809061,Jiaojiang,CN,China,28.69844,121.47331,826100.0,0,0,23.814531,25.886099522536572,0.3759550020284068,14.184901487698127,47.23967586745701,8.039612303223144
1809078,Haikou,CN,China,20.03421,110.34651,3001600.0,0,0,23.493988,16.497824249443678,0.3948372293993439,8.771334326486812,31.030421921512545,19.552287981651382
1809412,Guli,CN,China,28.88162,120.03308,964203.0,0,0,30.886488,35.27201410130948,0.3995225731058969,18.612878449271772,66.8416216306216,13.587515731480842
1809461,Guiyang,CN,China,26.58333,106.71667,4506134.0,0,0,20.035868,22.94358437115118,0.39937845302601427,12.110015342424113,43.46881890000639,41.290486453211244
1809498,Guilin,CN,China,25.28022,110.29639,1572300.0,0,0,24.591673,25.97017490982267,0.3840403045168874,14.048059515943345,48.01018845922029,15.681481658664117
1809532,Guigang,CN,China,23.11603,109.59472,1086327.0,0,0,31.55456,28.718494665648976,0.37720813071031317,15.705458381151226,52.51371312095722,11.768017104801409
1809858,Guangzhou,CN,China,23.11667,113.25,18676605.0,1,1,50.795086,30.678606507845732,0.3802287812308099,16.696506489352178,56.369690142273114,217.86052725376348
1810638,Ganzhou,CN,China,25.84664,114.9326,1977253.0,0,0,26.953003,31.77897865948292,0.3739793071114999,17.469179055579538,57.810586371963176,23.49902001406029
1810820,Fuzhou,CN,China,27.95999,116.33333,1089888.0,0,0,30.242813,31.708406697160672,0.37565949170586976,17.38358994297177,57.83748112851907,12.982270602336051
1810821,Fuzhou,CN,China,26.06139,119.30611,4094491.0,0,0,33.613216,31.08494518875445,0.3935584834564339,16.560660789680917,58.34753997195339,50.09095424085909
1810845,Fuyang,CN,China,32.9,115.81667,1768947.0,0,0,44.961452,48.11496728616134,0.40481296618146284,25.17603507639406,91.95451428009206,34.454775972514035
1811103,Foshan,CN,China,23.02677,113.13148,9042509.0,1,1,50.795086,30.99109860540832,0.3807756943080158,16.85182417526247,56.99372262499782,106.70754793177241
1812057,Xinyi,CN,China,22.37303,110.94746,1014577.0,0,0,25.777832,25.15341378343398,0.38401966474086185,13.606697852518705,46.498734065997496,9.800210682587098
1812101,Dongying,CN,China,37.46271,118.49165,998968.0,0,0,35.520466,35.255229514508656,0.3736540918506545,19.39019112934846,64.10102921777887,13.159665962118341
1812256,Dongsheng,CN,China,39.81609,109.97763,574242.0,0,0,18.400156,17.932176763621843,0.4240873282032012,9.098021374976463,35.34427434587238,4.367000691046477
1812545,Dongguan,CN,China,23.01797,113.74866,9644871.0,0,0,40.41232,31.043841202866247,0.40509693210902203,16.23623294605522,59.35613758626953,121.29162953252727
1812621,Dongcun,CN,China,36.77667,121.15972,658000.0,0,0,26.337036,22.908361086071448,0.37860266855150754,12.500113036272396,41.983060963289404,5.706943648677931
1812955,Dezhou,CN,China,37.44661,116.36706,679535.0,0,0,42.236958,39.094477415401144,0.3732068467036283,21.517149314418816,71.03069937610795,9.914637613127617
1812961,Deyang,CN,China,31.13019,104.38198,735070.0,0,0,54.760273,54.561023059919286,0.5304696729762803,23.349329948222955,127.49424689900393,21.275107531751495
1813206,Daye,CN,China,30.08333,114.95,871214.0,0,0,60.793827,49.40285958853129,0.5227686475961464,21.40401396232919,114.02732869730134,22.50020458923527
1813325,Dazhou,CN,China,31.2106,107.46308,1589435.0,0,0,38.072113,43.98646010949172,0.40647691546307313,22.9546102121419,84.28845687566869,28.418272291084165
1814087,Dalian,CN,China,38.91222,121.60222,7450785.0,0,0,31.36196,27.980028720212374,0.420782639962533,14.271132230469046,54.857736200667134,87.72189432145812
1814757,Chuzhou,CN,China,32.32194,118.29778,782671.0,0,0,39.170673,45.59883888323822,0.38860492102362043,24.48631474065328,84.91494655369463,13.86887782426364
1814760,Chuxiong,CN,China,25.03639,101.54556,555081.0,0,0,15.809867,17.533488914247673,0.40123275236301237,9.22705842642671,33.31757742267808,3.9050003944636904
1814870,Yiwu,CN,China,29.31506,120.07676,1481384.0,0,0,40.999622,42.90199564457234,0.39327064523590693,22.866782485079415,80.49148285238134,24.99405233357709
1814906,Chongqing,CN,China,29.56026,106.55771,22000000.0,0,0,70.30446,50.75142826654713,0.6135701632055278,19.01498779617714,135.45669861604176,685.0703667372171
1814934,Chizhou,CN,China,30.66134,117.47783,615274.0,0,0,37.175404,40.307741554234575,0.3880847237059264,21.663048840533833,74.99932447933915,9.624619660071216
1815059,Chenzhou,CN,China,25.8,113.03333,822534.0,0,0,35.25109,42.15073014273312,0.37665158702318396,23.07176250827453,77.00686286660216,13.058664447251836
1815251,Jiangyin,CN,China,31.91102,120.26302,1779515.0,0,0,44.483547,43.74725245956041,0.43726869843855737,21.732283902536185,88.06355127438624,34.04088366248434
1815286,Chengdu,CN,China,30.66667,104.06667,20937757.0,0,0,77.89481,62.0974629334257,0.7766385890597943,17.92297467169178,215.14815332851194,1009.7711949706816
1815395,Chaozhou,CN,China,23.65396,116.62262,1750945.0,0,0,26.850706,27.193916317379756,0.3863027783708623,14.656865171529251,50.454792073351314,18.39382680505956
1815456,Changzhou,CN,China,31.77359,119.95401,3290918.0,0,0,46.85966,43.837792747258845,0.4344788835127234,21.874686043281205,87.85278422507395,62.68078314197412
1815463,Changzhi,CN,China,35.20889,111.73861,699514.0,0,0,33.10024,32.9066487380862,0.3897304621342619,17.63888759783101,61.38978578813234,8.971073578406799
1815577,Changsha,CN,China,28.19874,112.97087,3093980.0,0,0,47.67238,45.07153335429692,0.4268245068045496,22.76744459294587,89.22578511674119,59.52085792143589
1815611,Changning,CN,China,31.21739,121.42105,694900.0,2,2,53.196056,30.37425611965615,0.437012090895261,15.09518873217982,61.11850942649603,9.224045045768557
1816080,Cangzhou,CN,China,38.31124,116.85334,527681.0,0,0,42.18745,36.273058134216505,0.4030234784361649,19.03420645143189,69.12474915965153,7.7141126379360925
1816234,Bozhou,CN,China,33.87722,115.77028,1409436.0,0,0,48.56819,46.300125627822375,0.4068513166711642,24.147541357150214,88.77515111977944,26.549922355315402
1816269,Baise,CN,China,23.89013,106.62684,686078.0,0,0,21.553482,25.485111870977605,0.37838662702375725,13.91094346784536,46.68920757082496,6.616004878435653
1816336,Binzhou,CN,China,37.36667,118.01667,682717.0,0,0,43.7561,38.11947941581337,0.37844447381614615,20.80543528039313,69.84207210036138,9.84894803506847
1816373,Bijie,CN,China,27.30193,105.28627,1137383.0,0,0,18.895454,20.236230125604298,0.393559119742998,10.780942335914476,37.98415731547268,9.058292135091559
1816440,Bengbu,CN,China,32.94083,117.36083,972784.0,0,0,42.578907,45.47932978182384,0.4250953049854662,23.03708812206301,89.78432631956538,18.806881287201396
1816670,Beijing,CN,China,39.9075,116.39723,18960744.0,1,2,83.2909,49.76192354862686,0.6360537431410892,17.985468300143694,137.6805426433962,600.1313952672893
1816705,Beihai,CN,China,21.48349,109.11549,525329.0,0,0,23.426325,19.634776920161602,0.3850333983895506,10.604186640303706,36.35587318307227,3.97151081896693
1816917,Baoshan,CN,China,31.40845,121.48956,2265900.0,1,1,40.422302,27.452517067798407,0.383541168388911,14.86176772440628,50.71003041718379,23.858047371145084
1816920,Shaoyang,CN,China,27.23818,111.46214,753194.0,0,0,41.50962,43.19243489245522,0.38133740915726305,23.465365066308753,79.50383156908845,12.405776439359343
1816971,Baoding,CN,China,38.87288,115.46246,2739887.0,0,0,54.458984,45.466216938597675,0.4984461238135765,20.48014268546572,100.9356680007241,62.092578439246125
1817720,Shangyu,CN,China,30.01556,120.87111,839747.0,0,0,39.867485,42.4602535152957,0.40815422155468034,22.09876384745568,81.582532897683,14.553094071336613
1817968,Anshun,CN,China,26.25,105.93333,765313.0,0,0,18.776129,26.278653844550718,0.38167148833248604,14.268903477003791,48.396686472416086,7.6759462184765495
1817993,Anqing,CN,China,30.51365,117.04723,804493.0,0,0,35.191036,39.93547958480234,0.3827640738369042,21.646474992483906,73.67677786900296,12.297372884993868
1818446,Tuen Mun,HK,Other Asia,22.39175,113.97157,507900.0,12,12,35.2161,18.318459206996753,0.3810657223699769,9.956285850721201,33.70392862857557,3.545414686643897
1819609,Kowloon,HK,Other Asia,22.31667,114.18333,2232339.0,17,18,35.2161,16.53295098833417,0.40428357988359576,8.65815534544808,31.57005822566631,14.92095524130695
1819729,Hong Kong,HK,Other Asia,22.27832,114.17469,7396076.0,17,18,35.2161,16.53295098833417,0.4009052804972599,8.705081801913574,31.399873614349485,49.02228156513431
1821274,Macau,MO,Other Asia,22.20056,113.54611,649335.0,0,0,32.663914,23.654740978027913,0.3788665863103597,12.901931398032893,43.36922538767374,5.819334402869463
1821306,Phnom Penh,KH,Other Asia,11.56245,104.91601,1573544.0,0,10,22.9404,23.695797226006977,0.4963943979874635,10.708808888689893,52.43261057437101,18.508749929953563
1821940,Takeo,KH,Other Asia,10.99081,104.78498,843931.0,0,0,25.708918,25.09468476971989,0.4958245793114818,11.351350625078872,55.477381017577,10.500663385207314
1833747,Ulsan,KR,Other Asia,35.53722,129.31667,1098421.0,27,27,18.766249,15.043165226456685,0.39251453847576584,8.02771948868495,28.18942793771511,6.485803701877523
1835235,Daejeon,KR,Other Asia,36.34913,127.38493,1441203.0,22,22,23.401354,19.75837251176769,0.3731211452527196,10.876271544355149,35.89403617974153,10.62493271178133
1835329,Daegu,KR,Other Asia,35.87028,128.59111,2365523.0,29,29,22.856764,19.82514307523543,0.40311310000117584,10.401708010095469,37.7857461074749,18.904727296617946
1835553,Suwon,KR,Other Asia,37.29111,127.00889,1234582.0,75,75,28.64978,25.172259532146043,0.41867741683803694,12.882357105539715,49.18685647064047,13.011329571508512
1835848,Seoul,KR,Other Asia,37.566,126.9784,10349312.0,105,106,29.656126,25.685092677295952,0.42914706147477283,12.926448371147389,51.03675556495671,114.07717557259893
1838524,Busan,KR,Other Asia,35.10168,129.03004,3285147.0,47,47,18.220284,13.830720744905074,0.42051359701279895,7.057356187624796,27.104886197890377,19.10643508902986
1838716,Bucheon-si,KR,Other Asia,37.49889,126.78306,850731.0,127,128,29.656126,25.02221566827662,0.45349702821161114,12.111662263655298,51.69490886718201,9.653670400933615
1841811,Gwangju,KR,Other Asia,35.15472,126.91556,1401235.0,18,18,20.94912,18.043699995250094,0.38139753678357624,9.801746011694021,33.21603203451296,9.64305087678512
1842485,Goyang-si,KR,Other Asia,37.65639,126.835,1061752.0,84,85,29.656126,25.54754226256262,0.43898872523253213,12.656351175705963,51.56912182637958,11.907636816741288
1842943,Kimhae,KR,Other Asia,35.23417,128.88111,531966.0,53,53,19.3952,16.71503017702113,0.4074024796724794,8.709935258076392,32.07741797617351,3.6225526713795397
1843564,Incheon,KR,Other Asia,37.45646,126.70515,3015482.0,98,98,29.656126,25.256651393286333,0.4533662696429264,12.227695613297703,52.168328340482525,34.528818332589886
1843847,Hwaseong-si,KR,Other Asia,37.20682,126.8169,640890.0,55,55,27.602777,23.831455207925625,0.4689066577638082,11.254361056945328,50.46383836929396,7.161771435095599
1845457,Jeonju,KR,Other Asia,35.82194,127.14889,638421.0,18,18,21.998724,18.678597955591172,0.3965349816607228,9.903838442059488,35.22775776561068,4.728603991642775
1845604,Cheongju-si,KR,Other Asia,36.63722,127.48972,852147.0,18,18,22.684732,20.112087601539148,0.375951793252645,11.020951448302537,36.70246344786192,6.443232933458475
1845759,Cheonan,KR,Other Asia,36.8065,127.1522,658831.0,15,15,24.388987,21.121262129384714,0.37969869967644715,11.504776506005284,38.77586963165437,5.2836373578643085
1846326,Changwon,KR,Other Asia,35.22806,128.68111,1025702.0,23,23,19.3952,17.055573872257753,0.40643774630679125,8.901116065935884,32.680463658402616,7.110196016137308
1846898,Anyang-si,KR,Other Asia,37.3925,126.92694,595644.0,121,122,27.602777,24.644710478414265,0.4220669190318221,12.54416004174924,48.417889483508795,6.1957203338852676
1846918,Ansan-si,KR,Other Asia,37.32361,126.82194,623256.0,99,99,27.602777,23.28624605793571,0.4690374163324929,10.994586575936099,49.31965851790642,6.807277250957243
1848354,Yokohama,JP,Other Asia,35.43333,139.65,3777491.0,77,80,26.886126,15.01550547742419,0.41677410275504917,7.707892479842759,29.25123895178612,23.63981754283791
1849053,Utsunomiya,JP,Other Asia,36.56667,139.88333,518757.0,6,6,14.923614,14.482269962412287,0.42816788630557934,7.299869869811227,28.731490698424313,3.2167306699827227
1850147,Tokyo,JP,Other Asia,35.6895,139.69171,9733276.0,129,132,26.886126,16.88603936433365,0.4327607221663685,8.44918554874671,33.747433260726645,71.12702970452742
1851717,Shizuoka,JP,Other Asia,34.98333,138.38333,693389.0,13,13,10.328933,8.803787656691192,0.42111182553716914,4.487981847581043,17.269828563563188,2.5706558810500124
1853195,Sakai,JP,Other Asia,34.58216,135.46653,826161.0,57,57,16.109789,19.531036034156887,0.42061348601351534,9.96444457175209,38.282251039754726,6.786926785133627
1853909,Osaka,JP,Other Asia,34.69379,135.50107,2753862.0,68,68,19.928831,21.77045841484674,0.41159467045541565,11.268401254581354,42.06034635125172,24.67626866172101
1854383,Okayama,JP,Other Asia,34.65,133.93333,724691.0,20,20,13.345008,14.645105860830506,0.3912999184404134,7.830499798653316,27.39022172145615,4.152935064171064
1855431,Niigata,JP,Other Asia,37.92259,139.04125,797591.0,11,11,10.439788,10.459434923754047,0.42911523483375924,5.264151946683431,20.78203289575843,3.579829977205767
1856057,Nagoya,JP,Other Asia,35.18147,136.90641,2332176.0,39,39,18.057972,18.976159782528146,0.43043185738516726,9.5304551021056,37.78357237237092,19.049082269362813
1857910,Kyoto,JP,Other Asia,35.02107,135.75385,1463723.0,30,30,13.755399,14.357795089560382,0.4186615794220287,7.3480463815117725,28.05456976326163,8.798522632892249
1858421,Kumamoto,JP,Other Asia,32.80589,130.69181,738907.0,15,15,13.406163,15.437821027646265,0.3915685951921257,8.250804058036445,28.885223355837987,4.466667612820315
1859171,Kobe,JP,Other Asia,34.6913,135.183,1525152.0,38,38,18.100092,16.304000090379823,0.4149833207492579,8.393328539707973,31.670441314138515,10.319007765969129
1859307,Kitakyushu,JP,Other Asia,33.85181,130.85034,940978.0,17,17,13.302869,15.228409916976545,0.4140188605340007,7.851719716277106,29.535500117091182,5.932724128522324
1859642,Kawasaki,JP,Other Asia,35.52056,139.71722,1538262.0,91,94,26.886126,16.0420963260143,0.4166433441863644,8.236594229701696,31.244571160869462,10.281485796821926
1859730,Kawaguchi,JP,Other Asia,35.80521,139.71072,607373.0,114,117,22.499079,15.883119144306065,0.4366904051461941,7.897547023985643,31.943269598274245,4.212742610744982
1860827,Kagoshima,JP,Other Asia,31.56667,130.55,595049.0,4,4,11.396194,13.239870856671814,0.3869179131698992,7.128951260805851,24.589055793535124,3.048283219905865
1861321,Itabashi,JP,Other Asia,35.74893,139.71497,584483.0,119,122,26.886126,16.86581099041025,0.4327607221663685,8.439063975478959,33.70700603654316,4.266059907415561
1862415,Hiroshima,JP,Other Asia,34.4,132.45,1200754.0,13,14,13.590531,14.275419321386513,0.3898457442309342,7.650614251043671,26.636762763671605,6.682449932913544
1862627,Himeji,JP,Other Asia,34.81667,134.7,530495.0,21,21,14.53753,13.302378079702018,0.40225103543149965,6.989025726864442,25.318731035022974,2.8386232320199025
1863289,Hamamatsu,JP,Other Asia,34.7,137.73333,791707.0,12,12,11.07956,9.900277225679693,0.4064361736780257,5.166858592266982,18.970035156759973,3.1856950063912786
1863440,Hachiōji,JP,Other Asia,35.65583,139.32389,579355.0,56,57,22.580149,16.506419471184266,0.4425770378607137,8.130529930390177,33.5109625192187,4.232398137799289
1863905,Honchō,JP,Other Asia,35.70129,139.98648,644668.0,72,73,16.687273,15.409205425229054,0.43820095998654285,7.6434077915343694,31.065150298521896,4.353010180329056
1863967,Fukuoka,JP,Other Asia,33.6,130.41667,1612392.0,14,14,16.380386,19.51271783903584,0.404280226834223,10.218686836293738,37.25979311877241,12.719525196067265
1865689,Aihara,JP,Other Asia,35.6,139.31667,725493.0,51,52,22.580149,16.763836453118145,0.44836326779159147,8.1812319606402,34.35010936970204,5.453014687538766
1871859,Pyongyang,KP,Other Asia,39.03385,125.75432,3222000.0,0,0,21.278074,25.31377381873034,0.40220968213916747,13.30065358674512,48.17711706922579,32.804615536668024
1877449,Hamhŭng,KP,Other Asia,39.91833,127.53639,559056.0,0,0,13.100198,16.412213944965075,0.4893693859799024,7.500988357150935,35.91003661784327,4.490133770560864
1880252,Singapore,SG,Other Asia,1.28967,103.85007,5638700.0,6,11,17.401243,14.93617767645555,0.3838644240920836,8.08170789607967,27.604239902170534,32.32930173695591
1886760,Suzhou,CN,China,31.30408,120.59538,6715559.0,0,0,46.77214,47.55520644705435,0.4287686516700897,23.947440136233205,94.43588322412153,136.93146855073508
1886762,Zhoushan,CN,China,29.98869,122.20488,882932.0,0,0,19.900286,18.702230167363137,0.38440161106174786,10.11075995990711,34.59417636458667,6.347545956804856
1897000,Seongnam-si,KR,Other Asia,37.43861,127.13778,914832.0,89,90,31.662271,26.88807914129089,0.4333198334864754,13.441827495361224,53.78500803985314,10.658833857111922
1904564,Bình Thạnh,VN,Other Asia,10.811,106.706,552164.0,1,3,31.494225,27.989090081456833,0.44018242691310183,13.839445871989145,56.6055296457696,6.802829220846353
1909733,Banan,CN,China,29.37861,106.54,508703.0,0,0,49.206158,45.16659897875032,0.5052095019846189,20.126204045235735,101.36147177689787,11.607887720276276
1912214,Nanhai,CN,China,23.02193,113.14278,3667247.0,1,1,50.795086,30.99109860540832,0.3807756943080158,16.85182417526247,56.99372262499782,43.27592430708651
1926099,Matsuyama,JP,Other Asia,33.83916,132.76574,511192.0,7,7,13.020421,13.31627601321433,0.4037074058181423,6.980043843974954,25.40431132293953,2.7481064627304748
1927639,Yueyang,CN,China,29.37455,113.09481,991465.0,0,0,40.284653,39.87131478782895,0.389668724213501,21.37425539679688,74.37553792626534,15.403999447823644
1931681,Victoria,HK,Other Asia,22.2875,114.14417,956800.0,17,18,35.2161,16.53295098833417,0.40428357988359576,8.65815534544808,31.57005822566631,6.395251785182488
1978681,Malingao,PH,Other Asia,7.16083,124.475,1121974.0,0,0,18.517794,14.670886823512012,0.48999665229306993,6.698411429163143,32.13223351005605,8.065518146292574
2013348,Vladivostok,RU,Europe,43.10562,131.87353,604901.0,0,0,15.534977,17.698458907840426,0.37778668360610324,9.669908765920045,32.392802796285046,4.04451452995034
2022890,Khabarovsk,RU,Europe,48.46204,135.0971,618150.0,0,0,11.052621,13.115915897273666,0.2925653517843902,8.21302972392776,20.945650461141476,2.372003844330763
2023469,Irkutsk,RU,Europe,52.29566,104.29076,623869.0,0,0,6.432155,10.793106021600531,0.31988381286028006,6.4694655346482,18.0063000520868,2.1539326191121813
2028462,Ulan Bator,MN,Other Asia,47.90771,106.88324,844818.0,3,3,26.605295,25.962133410368665,0.312407548749445,15.749159379811532,42.797990353809396,6.852121498392699
2033196,Zhangjiakou,CN,China,40.78341,114.87139,692602.0,0,0,23.526548,20.851856374217473,0.47458838403738274,9.758137619631542,44.557673933216314,6.8540232053972066
2033370,Yingkou,CN,China,40.66472,122.23176,591159.0,0,0,75.083405,44.92302887479118,0.5056218583392006,20.004466676733813,100.88139593506122,13.427624153450774
2033675,Xinmin,CN,China,41.99083,122.82528,565634.0,0,0,29.842285,24.65257621647619,0.35153034596373445,14.047337180671311,43.2643928377694,4.90185701070723
2034414,Tonghua,CN,China,41.71972,125.92639,510000.0,0,0,19.997276,22.499439948058978,0.3670652298943016,12.50571887737429,40.479464070809136,4.211968669483924
2034714,Siping,CN,China,43.16143,124.37785,627957.0,0,0,23.060257,26.298232112613533,0.3378886221370365,15.315722596628678,45.15601584486344,5.579946410914592
2034786,Shuangyashan,CN,China,46.67686,131.13273,600000.0,0,0,18.728474,25.00154105184978,0.28495158470784876,15.84755024194224,39.443134454497354,4.274537245717759
2034937,Shenyang,CN,China,41.79222,123.43278,9070093.0,1,1,39.00203,29.366545087137528,0.38600559269514995,15.835387580786586,54.459921865205395,102.81540553635782
2035265,Qiqihar,CN,China,47.33922,123.96154,882364.0,0,0,22.853928,21.082052518586554,0.2926611203961533,13.19930655306611,33.67244609476839,5.444095093868119
2035513,Panshan,CN,China,41.18806,122.04944,625040.0,0,0,35.098877,30.64928851602002,0.4531273397925297,14.844147877643813,63.282776100135614,8.680574628596549
2035715,Mudanjiang,CN,China,44.54804,129.62594,665915.0,0,0,18.673183,24.939767265885433,0.343443756293697,14.396046184757553,43.205751307959254,5.703833236065436
2036075,Lingyuan,CN,China,41.24,119.40111,646000.0,0,0,21.978912,28.345005546247137,0.46716935502541695,13.423137209257062,59.85481090535984,8.554279001663964
2036113,Liaoyang,CN,China,41.27194,123.17306,687890.0,0,0,41.26679,36.11072811316577,0.4749648367526864,16.888725346563767,77.21036715943123,11.79822569943465
2036427,Jinzhou,CN,China,41.10778,121.14167,1524362.0,0,0,25.20819,24.461077261171337,0.463012820606658,11.661148300048579,51.31092456602244,17.26460752056578
2036502,Jilin,CN,China,43.84652,126.5608,1895865.0,0,0,25.007078,25.242530987670563,0.3331809082015506,14.812047299543941,43.01804860447126,15.944849147509856
2036581,Jiamusi,CN,China,46.79711,130.31118,549549.0,0,0,20.604702,23.268034517836075,0.27781821224508646,14.918042253980676,36.29172119945869,3.552440671738956
2036662,Huludao,CN,China,40.75243,120.83552,944495.0,0,0,24.357002,22.85960777931253,0.45842404078644666,10.977997423716994,47.6008189521941,9.897735017838187
2036892,Hohhot,CN,China,40.81056,111.65222,3446100.0,1,1,29.257013,26.035041574127618,0.5075756705305817,11.557358233566157,58.64864409912846,45.53936267139523
2036986,Hegang,CN,China,47.34727,130.29033,743307.0,0,0,24.858192,32.17771171091248,0.2848747051174922,20.398767896632304,50.758219133496425,6.813609939459834
2037013,Harbin,CN,China,45.75,126.65,10009854.0,0,0,29.251802,26.559300182016134,0.3462919023831584,15.261188892222371,46.22159067292173,92.06333576431172
2037346,Fuxin,CN,China,42.01556,121.65889,689050.0,0,0,28.813112,25.49813387981449,0.36102742440364405,14.310040006359381,45.43347405486042,6.343067415871175
2037355,Fushun,CN,China,41.88669,123.94363,1400646.0,0,0,33.393887,26.993497646073166,0.371375415743011,14.900508559642757,48.900942692792704,14.041085944967067
2037799,Datong,CN,China,40.09361,113.29139,3105591.0,0,0,26.943266,23.216299261984847,0.3927079288798619,12.385443852210823,43.51854950485495,28.31437128208393
2037860,Daqing,CN,China,46.58333,125.0,1604027.0,0,0,19.893656,22.068999395043807,0.2907582245611386,13.859358690383834,35.141650142612434,10.292629155501034
2037886,Dandong,CN,China,40.12917,124.39472,815858.0,0,0,23.183998,25.725896841212887,0.3830110693086197,13.938857350440585,47.48034588816623,8.038896289527525
2038087,Chengde,CN,China,40.9519,117.95883,920395.0,0,0,29.105888,31.38907614716466,0.46755260130217535,14.855583337367493,66.32348787638375,13.507757706133594
2038180,Changchun,CN,China,43.88,125.32278,5691024.0,0,3,24.239153,26.703770805815438,0.347544289340366,15.313486660063294,46.56623217684467,52.81693142067269
2038300,Benxi,CN,China,41.28861,123.765,865215.0,0,0,31.795012,27.05338131740157,0.47655574760637115,12.620504137282014,57.991775347759855,11.15473624606746
2038432,Baotou,CN,China,40.6516,109.84389,2761700.0,0,0,24.847086,27.58066693165576,0.5028971324377849,12.335479740969904,61.667093973526995,38.305437142525754
2038632,Anshan,CN,China,41.12361,122.99,3325372.0,0,0,47.988216,39.41729652760776,0.4666922591712192,18.680815785748585,83.17213141894366,61.17270254785907
2050970,Hondlon,CN,China,40.64833,109.79389,787681.0,0,0,23.22754,26.117298840160625,0.5077417180718798,11.590793702539875,58.84957632856368,10.445313432729042
2050971,Qingshan,CN,China,40.66306,109.88167,719255.0,0,0,24.847086,27.660398254715364,0.5034348418101544,12.360500904407127,61.898594363329224,10.015775638109593
2063523,Perth,AU,Oceania,-31.95224,115.8614,2384371.0,1,5,5.3313212,6.626801914497424,0.6535704643734688,2.328931500656616,18.856073526252498,10.326906330316366
2078025,Adelaide,AU,Oceania,-34.92866,138.59863,1469163.0,1,4,4.7104278,5.848541459071289,0.6770375462779369,1.979674095402677,17.278317313900168,5.817418519402106
2111149,Sendai,JP,Other Asia,38.26667,140.86667,1096704.0,19,19,11.659163,10.766135533715167,0.4172913348232265,5.521996465284253,20.990537581656664,4.927068915263639
2113015,Chiba,JP,Other Asia,35.6,140.11667,979768.0,44,44,16.687273,14.013967539954015,0.422343788580782,7.129951641165367,27.544546736755326,5.798964759777455
2128295,Sapporo,JP,Other Asia,43.06667,141.35,1973832.0,13,13,10.399159,9.351767698103139,0.3666409382320371,5.201462743619081,16.813647120047488,6.767758474495872
2147714,Sydney,AU,Oceania,-33.86785,151.20732,5638830.0,1,10,9.383866,8.655795532880767,0.4996721711434553,3.8913402149665806,19.253725495107368,24.38827890807846
2155472,Newcastle,AU,Oceania,-32.92953,151.7801,508437.0,0,1,7.8982244,7.376708075767937,0.4661830472096675,3.4988509107264436,15.552483779253654,1.7484620922228042
2158177,Melbourne,AU,Oceania,-37.814,144.96332,5435590.0,12,19,7.0758305,7.545499721838926,0.6448632886653977,2.689001836750594,21.173122782642416,26.448579515429234
2165087,Gold Coast,AU,Oceania,-28.00029,153.43088,640778.0,3,3,7.3288555,7.940170580817434,0.47364592651851517,3.7214049671695015,16.941534019725797,2.409856774251692
2174003,Brisbane,AU,Oceania,-27.46794,153.02809,2780063.0,10,13,8.224526,8.033040883900565,0.46027733256549164,3.846329875569405,16.776966076750004,10.279078970476707
2193733,Auckland,NZ,Oceania,-36.84853,174.76349,1547200.0,0,1,5.5950966,5.550424358563859,0.7037231347920563,1.8002352848593386,17.112880088085905,6.043304451322561
2210247,Tripoli,LY,MENA,32.88743,13.18733,1302947.0,0,0,15.865581,18.73765351584136,0.37252329913100524,10.324273547323395,34.007202315047714,9.094846943657657
2220957,Yaoundé,CM,Sub-Saharan Africa,3.86667,11.51667,1299369.0,0,0,14.829681,19.04770167956264,0.5411006890953246,8.013962597032007,45.27285158630299,13.392238312679234
2232593,Douala,CM,Sub-Saharan Africa,4.04827,9.70428,1338082.0,0,1,16.823172,19.654893694077476,0.4176150517794004,10.07585801935295,38.340640110597235,10.983217171832015
2236500,Viana,AO,Sub-Saharan Africa,-8.90553,13.37499,865863.0,0,0,15.995275,23.170444086314017,0.4473346625748678,11.32646524635329,47.39956089388581,8.974620456433106
2239888,Maianga,AO,Sub-Saharan Africa,-8.84693,13.23698,727681.0,0,0,15.995275,21.70831350477961,0.45077399977300586,10.553493033660105,44.65354491813789,7.120753939090736
2240449,Luanda,AO,Sub-Saharan Africa,-8.83682,13.23432,2776168.0,0,0,15.995275,21.70831350477961,0.45077399977300586,10.553493033660105,44.65354491813789,27.16631219116296
2242906,Calumbo,AO,Sub-Saharan Africa,-9.14692,13.41936,652270.0,0,0,12.670605,21.56144725039705,0.4878411201163029,9.878503950139201,47.061377904809504,6.8609415081874525
2243271,Cabinda,AO,Sub-Saharan Africa,-5.56198,12.19476,550000.0,0,0,20.136118,16.372190568307612,0.5104277008895864,7.234779458475634,37.05000622941705,4.596250774669085
2244322,Touba,SN,Sub-Saharan Africa,14.86229,-15.87532,1120824.0,0,0,22.834597,14.94524169983103,0.5033252727511718,6.6796963626672845,33.43868303875684,8.431194387400033
2246678,Pikine,SN,Sub-Saharan Africa,14.76457,-17.39071,1170791.0,0,4,26.123907,15.033225198491088,0.5116139794729598,6.630501203551053,34.08458168252971,9.004797302353422
2253354,Dakar,SN,Sub-Saharan Africa,14.6937,-17.44406,2646503.0,0,4,25.54891,12.988142083167517,0.5512219820141461,5.376736666276933,31.374390311987508,18.947239722749178
2255414,Pointe-Noire,CG,Sub-Saharan Africa,-4.77609,11.86352,1032000.0,0,0,22.270254,24.105354234441908,0.42499243186910324,12.212329940483228,47.58044579533644,10.572420096910825
2260535,Brazzaville,CG,Sub-Saharan Africa,-4.26613,15.28318,1982000.0,1,8,28.490746,36.15377063592694,0.36652109915232983,20.112620222519265,64.98880388203784,26.263719348426676
2267057,Lisbon,PT,Europe,38.72509,-9.1498,517802.0,5,8,8.965492,8.58453208542963,0.4836847385213627,3.9592966960838054,18.612949920793444,2.150021170344787
2274895,Monrovia,LR,Sub-Saharan Africa,6.30054,-10.7969,1542549.0,0,1,15.103021,15.786929776874942,0.571702458050283,6.324673644012441,39.405535496036805,13.92216271239781
2290956,Bouaké,CI,Sub-Saharan Africa,7.69385,-5.03031,832371.0,0,0,16.613813,21.70930360752733,0.579370935334686,8.59127720294384,54.85725253543305,10.469345635784137
2293521,Abobo,CI,Sub-Saharan Africa,5.41613,-4.0159,1340083.0,19,19,10.654531,12.160527483334862,0.5972898386648572,4.676413697881325,31.622187049007156,9.733504586963242
2293538,Abidjan,CI,Sub-Saharan Africa,5.35444,-4.00167,6321017.0,19,19,10.041564,8.52215358919206,0.6698808384372805,2.917887034690547,24.890306216217684,36.08559499249098
2298890,Kumasi,GH,Sub-Saharan Africa,6.68848,-1.62443,2544530.0,1,1,15.248103,19.65623431181851,0.5579061530732767,8.05058460760437,47.992483298189136,27.904166028118297
2306104,Accra,GH,Sub-Saharan Africa,5.55602,-0.1969,1963264.0,19,26,10.869672,16.97656999020888,0.6211247181294842,6.2841752515467135,45.86185411705785,20.70176927745286
2314302,Kinshasa,CD,Sub-Saharan Africa,-4.32758,15.31357,16000000.0,1,8,28.490746,36.15377063592694,0.36652109915232983,20.112620222519265,64.98880388203784,212.0179160316987
2314705,Kikwit,CD,Sub-Saharan Africa,-5.04098,18.81619,509367.0,0,0,31.129915,39.3846638360321,0.3814849749643128,21.391647408976556,72.51202844837215,7.653064715512059
2317765,Zaria,NG,Sub-Saharan Africa,11.11128,7.7227,980000.0,0,0,99.6962,23.875626057301048,0.5069513313100998,10.60935308129943,53.73046926234016,11.861704807298658
2319133,Warri,NG,Sub-Saharan Africa,5.51737,5.75006,910000.0,0,0,20.37499,22.123584497256903,0.5548478447748055,9.105582251525837,53.75306899514828,11.170453091066626
2322911,Sokoto,NG,Sub-Saharan Africa,13.06269,5.24322,1040000.0,0,0,66.68206,24.91457828530056,0.3947997790279745,13.247031094804278,46.858515443345944,10.229720801676306
2324623,Saminaka,NG,Sub-Saharan Africa,10.41227,8.68748,500000.0,0,0,55.32352,21.73662341189804,0.49318050694759924,9.874046426050718,47.85077737776551,5.360039476804465
2324774,Port Harcourt,NG,Sub-Saharan Africa,4.77742,7.0134,2120000.0,0,0,27.868658,26.695435538989212,0.4298316427434645,13.420212537752244,53.10245844554185,24.326030972329118
2325200,Oyo,NG,Sub-Saharan Africa,7.85367,3.93235,736072.0,0,0,28.222067,28.46393495096055,0.5074972529211821,12.63716708955686,64.11212158158813,10.632831499628855
2325330,Owerri,NG,Sub-Saharan Africa,5.48363,7.03325,545000.0,0,0,42.40858,39.359557876604384,0.517812606903053,17.188467560411002,90.12873258171521,11.107577022496681
2325590,Osogbo,NG,Sub-Saharan Africa,7.77104,4.55698,645000.0,0,0,29.59289,29.563040448141816,0.5052513610561427,13.172387333953056,66.3488962464474,9.634214343081036
2326016,Onitsha,NG,Sub-Saharan Africa,6.14978,6.78569,1553000.0,0,0,37.008076,37.772330248378815,0.5447125655144538,15.800423219927195,90.2981466087063,31.953072707078285
2331447,Maiduguri,NG,Sub-Saharan Africa,11.84692,13.15712,1110000.0,0,0,29.774023,25.265057953480746,0.5146930351656701,11.088554789244503,57.56594664724848,14.434161791502051
2332459,Lagos,NG,Sub-Saharan Africa,6.45407,3.39467,15388000.0,4,22,20.465448,21.019394618769336,0.47535304413278007,9.824514032320442,44.970667117587446,153.75125195643244
2334802,Katsina,NG,Sub-Saharan Africa,12.99082,7.60177,670000.0,0,0,62.8694,28.561335849822893,0.35523540834392225,16.17840383841071,50.422150026297885,6.797818528318027
2335204,Kano,NG,Sub-Saharan Africa,12.00012,8.51672,4910000.0,0,0,77.96763,37.54620442735662,0.5129237919174549,16.525327855930655,85.30647495716285,94.55845699570956
2335727,Kaduna,NG,Sub-Saharan Africa,10.52641,7.43879,1850000.0,0,0,55.41539,21.151903245151825,0.48403091469128573,9.750128124404693,45.886885298707924,18.940623889142962
2335953,Jos,NG,Sub-Saharan Africa,9.92849,8.89212,1040000.0,0,0,63.994366,24.581706025706534,0.5158995452501448,10.767832704199899,56.11716746848886,13.188958598540136
2337639,Ilorin,NG,Sub-Saharan Africa,8.49664,4.54214,1080000.0,0,0,28.109598,28.46100269219224,0.5185677652859265,12.414019008607307,65.25112243531586,15.939675248997819
2338900,Ile-Ife,NG,Sub-Saharan Africa,7.4824,4.56032,560000.0,0,0,29.59289,28.67736447044027,0.5055210574051273,12.772244592170708,64.38893547924927,8.11832650198595
2339354,Ibadan,NG,Sub-Saharan Africa,7.37756,3.90591,3649000.0,0,0,27.380995,27.92285423260101,0.4912326671014384,12.723787006874412,61.27780888455892,50.05193965768552
2340451,Gombe,NG,Sub-Saharan Africa,10.28969,11.16729,560000.0,0,0,35.747955,29.523175297522982,0.4819441037602725,13.654443396468068,63.83401024414724,7.967971344996394
2343279,Enugu,NG,Sub-Saharan Africa,6.44132,7.49883,950000.0,0,0,42.769985,39.06604022230162,0.498855675545188,17.585671870315554,86.78403133556837,18.51390009167317
2344082,Ebute Ikorodu,NG,Sub-Saharan Africa,6.60086,3.48818,535619.0,3,22,26.780952,24.644446798894407,0.47077566058747683,11.603543622699327,52.341661976037756,6.214254702577554
2346229,Calabar,NG,Sub-Saharan Africa,4.95893,8.32695,540000.0,1,1,16.766994,19.64658131746686,0.4703205034354256,9.257097354923777,41.69645653111058,4.989702608648662
2347283,Benin City,NG,Sub-Saharan Africa,6.33815,5.62575,1782000.0,0,0,24.16974,24.440777290776293,0.49944378687840213,10.991726779140693,54.34556431214583,21.752507557284112
2347470,Bauchi,NG,Sub-Saharan Africa,10.31032,9.84388,693700.0,0,0,37.226402,27.779855831398198,0.4711117837071288,13.07278114866205,59.032609911950615,9.078741472479123
2350841,Akure,NG,Sub-Saharan Africa,7.25256,5.19312,730000.0,0,0,22.891129,25.697028731554365,0.5402114359060431,10.826935686520278,60.990228883733174,10.133735016402037
2351943,Agege,NG,Sub-Saharan Africa,6.61563,3.33337,683600.0,4,22,23.608696,23.827131599331988,0.4741432473840708,11.158435051284496,50.87919566162916,7.722952920389794
2352778,Abuja,NG,Sub-Saharan Africa,9.05785,7.49508,2690000.0,1,2,40.672523,33.083581496549726,0.4750950125569818,15.469728462888632,70.75259060070594,42.28100188397437
2352947,Abeokuta,NG,Sub-Saharan Africa,7.15571,3.34509,735000.0,0,0,21.664469,26.581808439465746,0.5090765258914288,11.771774177244922,60.0243029872515,9.946148398821894
2353151,Aba,NG,Sub-Saharan Africa,5.10658,7.36667,1160000.0,0,0,35.050243,31.774035305576348,0.5029207319855716,14.21043118281723,71.04564996034556,18.536592469058387
2357048,Ouagadougou,BF,Sub-Saharan Africa,12.36566,-1.53388,2415266.0,0,0,27.457735,20.555692674054402,0.39178309686445484,10.982300850626574,38.4743149051564,19.451037832895025
2362344,Bobo-Dioulasso,BF,Sub-Saharan Africa,11.18064,-4.29489,904920.0,0,0,23.868912,21.222054045259014,0.5968019217421995,8.167459055032218,55.142679610056256,11.461139957951293
2365267,Lomé,TG,Sub-Saharan Africa,6.12874,1.22154,2188376.0,0,0,11.5234785,12.689286212896299,0.6821120122044694,4.260467144567634,37.7935045921216,18.941520313503865
2377450,Nouakchott,MR,Sub-Saharan Africa,18.08581,-15.9785,1184530.0,0,0,42.78803,18.815410027578924,0.5645091539946971,7.625223015546808,46.42744924104107,12.581451276664863
2389853,Bangui,CF,Sub-Saharan Africa,4.36122,18.55496,812407.0,0,0,22.710073,26.230534448948372,0.5260538743405698,11.304919333239585,60.862082885849254,11.210139570018244
2394819,Cotonou,BJ,Sub-Saharan Africa,6.36536,2.41833,679012.0,0,0,12.228569,14.148619962583155,0.5917820856164201,5.489107934742064,36.469213071688905,5.685299459402979
2399697,Libreville,GA,Sub-Saharan Africa,0.39241,9.45356,846090.0,0,0,12.48164,16.08661685354775,0.4426838845513717,7.922394212450144,32.664272296141434,6.02524890390672
2409306,Freetown,SL,Sub-Saharan Africa,8.48714,-13.2356,802639.0,0,0,16.533072,16.474980162760968,0.5693537705820999,6.625175376028093,40.96872248023288,7.528827723734992
2422465,Conakry,GN,Sub-Saharan Africa,9.53795,-13.67729,1928389.0,1,1,19.315973,18.793823158065024,0.6202793361849882,6.9662796946100976,50.70249894931762,22.480040791158615
2422488,Camayenne,GN,Sub-Saharan Africa,9.535,-13.68778,1871242.0,1,1,19.315973,18.793823158065024,0.6202793361849882,6.9662796946100976,50.70249894931762,21.81385420168298
2427123,N'Djamena,TD,Sub-Saharan Africa,12.10672,15.0444,1359526.0,1,1,28.476618,19.099257717826877,0.5472383368209993,7.957128013622925,45.84338026828884,14.209556423088852
2440485,Niamey,NE,Sub-Saharan Africa,13.51366,2.1098,1323691.0,0,0,19.052393,20.78199376131403,0.4546748555966718,10.040301646447343,43.01576585083134,12.50762246001194
2460596,Bamako,ML,Sub-Saharan Africa,12.60915,-7.97522,4227569.0,1,1,19.74148,17.684886206207207,0.47517103945469924,8.268364488005114,37.82552167120967,35.52572403650618
2464470,Tunis,TN,MENA,36.81897,10.16579,693210.0,0,0,10.831928,11.242293921872943,0.4390111932044078,5.569275647173196,22.694005582204003,3.4213330117167877
2485926,Oran,DZ,MENA,35.69906,-0.63588,803329.0,0,0,11.501309,11.079954609744062,0.4420552208609077,5.462186848866484,22.475502495756814,3.9346667071941366
2507480,Algiers,DZ,MENA,36.73225,3.08746,2364230.0,1,1,13.225766,14.414860834950312,0.4671714738595932,6.826317199308296,30.439284730577622,15.921225520754186
2509954,Valencia,ES,Europe,39.47391,-0.37966,824340.0,11,12,9.000585,10.273608285829127,0.5080499595764911,4.557154288823278,23.160731570909935,4.302647802173107
2510911,Sevilla,ES,Europe,37.38283,-5.97317,686741.0,4,5,7.2722206,9.20141463891534,0.5134570760500116,4.046393196875398,20.923827032584015,3.2445294566394853
2514256,Málaga,ES,Europe,36.72016,-4.42034,592346.0,2,2,9.145671,10.78923899867227,0.5442197080188668,4.516772614930398,25.772313130326662,3.478087780489261
2523920,Palermo,IT,Europe,38.1166,13.3636,648260.0,0,0,10.302187,14.757187667138078,0.47431077222247525,6.909056090932932,31.520164980123358,4.537491382894838
2530335,Tangier,MA,MENA,35.76727,-5.79975,1035141.0,0,0,8.544578,9.381449777874051,0.4728793596965557,4.402300900176691,19.992181800031126,4.592189770174925
2537763,Salé,MA,MENA,34.0531,-6.79846,972299.0,0,0,10.464498,11.740930346230776,0.5040523675919595,5.24144523734793,26.29989232984753,5.754108009142796
2538475,Rabat,MA,MENA,34.01325,-6.83255,1655753.0,0,0,10.464498,11.718909063394202,0.5040523675919595,5.231614385393247,26.25056426550441,9.780440015368706
2540483,Oujda,MA,MENA,34.68139,-1.90858,539711.0,0,0,10.492152,16.616743865881713,0.44325454645584306,8.17600446269767,33.771529597870725,3.9752129092960993
2542715,Meknes,MA,MENA,33.89352,-5.54727,568295.0,0,0,7.90016,10.56545571005976,0.4923271888880809,4.806005500667315,23.226951019039554,2.9560779999705504
2542997,Marrakesh,MA,MENA,31.63416,-7.99994,995871.0,0,1,10.286407,16.482555653491072,0.46024166620740375,7.892523528664936,34.42177142503695,7.554636453114544
2548885,Fes,MA,MENA,34.03313,-5.00028,1191905.0,0,0,7.864157,10.185283100697623,0.5095396439909566,4.507219365738287,23.016406219306315,6.185755154366393
2553604,Casablanca,MA,MENA,33.58831,-7.61138,3665954.0,0,0,11.40089,14.058431844091297,0.45229932240666565,6.8178449431165005,28.98855981089786,23.31040548038902
2561668,Agadir,MA,MENA,30.42018,-9.59815,698310.0,0,0,14.606731,19.54868965684462,0.4677581528499047,9.248812957771385,41.318952934226914,6.385387815515132
2566636,Ajegunle,NG,Sub-Saharan Africa,6.45197,3.33115,550000.0,4,20,20.465448,21.698398507885482,0.471174234431006,10.209918821397208,46.114029508275365,5.623049467932503
2591953,Golfe,AO,Sub-Saharan Africa,-8.86639,13.26173,655796.0,0,0,15.995275,21.473684522379326,0.45077399977300586,10.439428192523968,44.170918029485236,6.34796012743585
2591957,Camama,AO,Sub-Saharan Africa,-8.93611,13.26518,667094.0,0,0,15.995275,23.170444086314017,0.46968339131152725,10.928609534606295,49.125140527435356,7.2598324093274025
2591976,Talatona,AO,Sub-Saharan Africa,-8.91783,13.18562,500000.0,0,0,15.995275,23.593891935638784,0.46968339131152725,11.128333639431398,50.022919397215695,5.540829589284259
2618425,Copenhagen,DK,Europe,55.67594,12.56553,1153615.0,1,4,8.740325,8.115581423065889,0.28510441366294803,5.142908546395412,12.806500687354108,2.6692206395512934
2638077,Sheffield,GB,Europe,53.38297,-1.4659,556500.0,7,9,7.346794,7.900420520498041,0.29567932655812396,4.92256170133956,12.679707881309302,1.2999790020884385
2643123,Manchester,GB,Europe,53.48095,-2.23743,568996.0,4,11,8.735098,8.103322609088966,0.29622635559311034,5.044567931750591,13.016741611047237,1.365828083675252
2643743,London,GB,Europe,51.50853,-0.12574,8961989.0,100,121,9.564685,11.758984701392654,0.2822165263409162,7.486273634770997,18.47030017248578,29.741075804131654
2644688,Leeds,GB,Europe,53.79648,-1.54785,536280.0,2,2,8.015298,7.737683090947627,0.29306749964158274,4.841353358216097,12.366736155362533,1.2161025477170895
2648579,Glasgow,GB,Europe,55.86515,-4.25763,626410.0,2,7,7.141479,6.532901684005736,0.3132634821979965,3.9575677621665375,10.784099471621133,1.2819602990308434
2650225,Edinburgh,GB,Europe,55.95206,-3.19648,514990.0,2,3,6.880081,6.7519788219693515,0.30675281608725596,4.133113987491852,11.03023486656561,1.0666413747821368
2655603,Birmingham,GB,Europe,52.48142,-1.89983,1157603.0,4,14,7.366484,7.875899294582822,0.29160181975567384,4.93940294579405,12.558155384190545,2.658581803274892
2673730,Stockholm,SE,Europe,59.32938,18.06871,1515017.0,22,26,6.025376,5.409530395951829,0.30876017885630347,3.300737736340795,8.865599584766706,2.5304534666715197
2711537,Gothenburg,SE,Europe,57.70716,11.96679,608462.0,4,5,5.973685,8.14991092268896,0.285947649640299,5.157700074001639,12.878036158514266,1.4179889737747726
2747891,Rotterdam,NL,Europe,51.9225,4.47917,868135.0,11,24,11.676987,9.785766981724395,0.27484394825306113,6.303964139366963,15.190637716765883,2.3349001583038684
2759794,Amsterdam,NL,Europe,52.37403,4.88969,741636.0,22,37,10.797515,9.073707889522906,0.276221419368684,5.8323891415047315,14.116372016142407,1.8588012220583117
2761369,Vienna,AT,Europe,48.20849,16.37208,1691468.0,18,26,12.98732,11.890900642000387,0.2797415984364487,7.60029375250726,18.603691210129995,5.626464568810273
2800866,Brussels,BE,Europe,50.85045,4.34878,1019022.0,16,35,11.726223,10.500005286910117,0.2733252203968161,6.780530936087119,16.259805030660782,2.9245078062951815
2803138,Antwerp,BE,Europe,51.22047,4.40026,529247.0,35,39,11.763425,10.595220523339203,0.2756578066870851,6.816529795441667,16.468599317684728,1.5457480295358528
2825297,Stuttgart,DE,Europe,48.78232,9.17702,612663.0,6,7,12.631531,11.306550074426648,0.2904056462608543,7.104534032592984,17.993871800605536,2.0116703717885147
2861650,Nuremberg,DE,Europe,49.45421,11.07752,515543.0,2,3,10.281138,10.632458595250386,0.29198975748813455,6.664052893202424,16.964027385651168,1.6005388194364971
2867714,Munich,DE,Europe,48.13743,11.57549,1505005.0,4,16,12.737084,11.180693694884837,0.3002375212158441,6.915798829478797,18.075700953877902,5.052096743759693
2879139,Leipzig,DE,Europe,51.33962,12.37129,504971.0,3,4,9.6963625,10.05298920475266,0.29497136129328794,6.27087466879024,16.11618749994412,1.4974126799768601
2886242,Köln,DE,Europe,50.93333,6.95,1024621.0,8,11,12.615987,11.788208490148286,0.282308634837138,7.503772811725489,18.51893212839021,3.40984959313561
2910831,Hannover,DE,Europe,52.37052,9.73322,515140.0,2,2,9.871635,9.902637011819161,0.2805282924607793,6.3214955546904426,15.512503163130475,1.43104338944829
2911298,Hamburg,DE,Europe,53.55073,9.99302,1973896.0,10,18,10.599853,10.492307388470616,0.28095400099466356,6.693359780371159,16.44742221342993,5.818760654664497
2925533,Frankfurt am Main,DE,Europe,50.11552,8.68417,650000.0,8,13,12.588815,11.86036111835692,0.28616411868888075,7.503272446891883,18.747575388402996,2.2061063613982097
2928810,Essen,DE,Europe,51.45657,7.01228,593085.0,14,15,12.666766,11.678756089809887,0.27447157215983536,7.527906313341072,18.118363609753374,1.9011259874472446
2934246,Düsseldorf,DE,Europe,51.22319,6.77927,618685.0,11,14,14.097935,12.104408058993267,0.2829101319896884,7.6976376067957455,19.033981845192486,2.1186618381272972
2934691,Duisburg,DE,Europe,51.43247,6.76516,504358.0,16,17,13.055278,11.64923211625297,0.27355620421633137,7.519881187672144,18.04611077111291,1.6072475844172733
2935022,Dresden,DE,Europe,51.05089,13.73832,564904.0,4,4,10.140557,9.647432248245101,0.29852275507153775,5.983797402493863,15.554161132810007,1.6269111226801567
2935517,Dortmund,DE,Europe,51.51494,7.466,588462.0,7,8,12.292077,11.314342007790147,0.27817998207858063,7.249867217439678,17.657473058445007,1.852139102328416
2944388,Bremen,DE,Europe,53.07582,8.80717,546501.0,3,3,9.67123,8.975613451191608,0.2749508007608144,5.781077025566099,13.93540277511229,1.3486836436306375
2950159,Berlin,DE,Europe,52.52437,13.41053,3426354.0,17,21,12.615344,14.023708643896773,0.2909038234510713,8.804854827862993,22.335905358321174,13.97798404872397
2964574,Dublin,IE,Europe,53.33306,-6.24889,1024027.0,23,26,6.5514107,6.674549465441448,0.3157638076571098,4.0272332992183175,11.06208835114463,2.1582200059811503
2972315,Toulouse,FR,Europe,43.60426,1.44367,511684.0,5,5,8.192376,11.803970113171665,0.3944574650987074,6.279585536915705,22.188360937764273,2.382484686153864
2988507,Paris,FR,Europe,48.85341,2.3488,2138551.0,14,17,11.011036,11.025526926951132,0.28244215856231053,7.016789381230984,17.32448238251072,6.659605263822854
2995469,Marseille,FR,Europe,43.29695,5.38107,877215.0,8,8,11.153363,10.192468853499363,0.3715034088214613,5.625127675878471,18.468277933501444,3.321606987244177
2996944,Lyon,FR,Europe,45.74906,4.84789,520774.0,5,6,11.734962,11.457341757681258,0.35577747006246785,6.4843188266967235,20.244328457732433,2.1228123417639138
3046446,Pest,HU,Europe,47.5,19.08333,1001748.0,9,16,15.470643,15.073742136459032,0.2974133733137156,9.366063601922011,24.25967958938834,4.490969012870595
3054643,Budapest,HU,Europe,47.49835,19.04045,1741041.0,9,16,15.470643,15.041100626528838,0.2974133733137156,9.345781812881087,24.207146345483032,7.78841542257454
3054667,Buda,HU,Europe,47.5,19.03333,510108.0,9,16,15.470643,15.073742136459032,0.2974133733137156,9.366063601922011,24.25967958938834,2.286881751915046
3067696,Prague,CZ,Europe,50.08804,14.42076,1165581.0,5,14,16.588789,14.61831869076776,0.2899174645095393,9.192679895938115,23.246239808619208,4.939855701628281
3081368,Wrocław,PL,Europe,51.10286,17.03006,672545.0,2,2,13.0807295,12.039592742136938,0.2863902210553082,7.613905604161385,19.037771274350042,2.3189497050207413
3088171,Poznań,PL,Europe,52.40692,16.92993,536151.0,2,3,13.581222,14.742972552978037,0.2834036013896434,9.368198075793517,23.201392406453046,2.240152282891638
3093133,Łódź,PL,Europe,51.77058,19.47395,639890.0,2,2,12.717641,11.606268403629294,0.28350598309169045,7.37381903706633,18.268073243993815,2.1055238325113286
3094802,Kraków,PL,Europe,50.06143,19.93658,816614.0,2,5,23.134964,16.67343306285384,0.2879799539558033,10.5175857740365,26.432241778121845,3.921065611646502
3104324,Zaragoza,ES,Europe,41.65606,-0.87734,686986.0,4,4,7.1739287,9.95160357257578,0.4376309962212425,4.9407844162266334,20.044269355378475,2.9919134655920057
3117735,Madrid,ES,Europe,40.4165,-3.70256,3255944.0,23,29,12.056068,12.97832838236363,0.6126049166379233,4.8700930917479965,34.5859934147602,25.886668568271926
3128760,Barcelona,ES,Europe,41.38879,2.15899,1686208.0,5,12,12.52094,15.665424139136675,0.581143034579793,6.181909128923035,39.69736667769471,15.350988279266282
3143244,Oslo,NO,Europe,59.91273,10.74609,1082575.0,19,23,8.675534,7.259355352279332,0.3414209871782276,4.20392011610922,12.535499884674177,2.683158100201912
3165524,Turin,IT,Europe,45.07049,7.68682,847287.0,2,3,22.894682,19.317637397719686,0.41063778741666307,10.014139792705288,37.264420345081604,6.721148084001403
3169070,Rome,IT,Europe,41.89193,12.51133,2318895.0,12,14,14.766395,12.339382679170884,0.4245908204790618,6.255434953678486,24.34049207297508,12.149128285593322
3172394,Naples,IT,Europe,40.85216,14.26811,909048.0,3,5,17.380953,15.602522108645303,0.5298300310991088,6.6839192198505195,36.42154971409271,7.514813260478852
3173435,Milan,IT,Europe,45.46427,9.18951,1371498.0,4,6,27.302946,22.445881798704033,0.436772368027347,11.159279229609794,45.147862989625175,13.445811099520817
3176219,Genoa,IT,Europe,44.40478,8.94439,580097.0,0,0,14.063629,13.52484650620383,0.38029152762677604,7.3600154474062105,24.853408844520622,2.9836619407821727
3186886,Zagreb,HR,Europe,45.81444,15.97798,663592.0,0,6,16.244753,18.6541302903247,0.35019026124878155,10.652165095657022,32.667215891188405,4.3349112626038036
3191281,Sarajevo,BA,Europe,43.84864,18.35644,696731.0,2,3,10.093539,14.845045819104945,0.426141604527656,7.507027842588894,29.355876918571006,4.407584157661638
3347762,Lubango,AO,Sub-Saharan Africa,-14.91717,13.4925,600751.0,0,0,8.641746,15.369809786814193,0.39993438830742845,8.105235092018324,29.14549056269561,3.692765618816731
3348313,Huambo,AO,Sub-Saharan Africa,-12.77611,15.73917,595304.0,0,0,15.314004,25.498510657685596,0.3481286877351644,14.608654754711926,44.50608606178447,5.2843725533729655
3351663,Benguela,AO,Sub-Saharan Africa,-12.57674,13.40268,555124.0,0,0,13.547503,18.762364016389906,0.3816265620663138,10.188406436794335,34.5516549292947,3.974808010918436
3369157,Cape Town,ZA,Sub-Saharan Africa,-33.92584,18.42322,4772846.0,1,2,18.771076,15.965270360322315,0.5657855699334633,6.456961484432661,39.475201810125405,43.1127341332469
3386496,Teresina,BR,South America,-5.08917,-42.80194,871126.0,0,0,9.739175,15.040116882153427,0.47676820538360126,7.0138864413100634,32.251037669578466,6.246539246533619
3388368,São Luís,BR,South America,-2.52972,-44.30278,917237.0,0,0,6.5143332,10.871118803181778,0.564896501918302,4.402951971322695,26.84136116011038,5.632804684700818
3390760,Recife,BR,South America,-8.05389,-34.88111,1653461.0,0,0,7.5208297,9.080485786098572,0.6077131554845758,3.4342090703552683,24.009959912839033,9.124344548614888
3394023,Natal,BR,South America,-5.795,-35.20944,896708.0,0,0,7.5795226,9.929904634183096,0.6277043818395586,3.637235311526429,27.109328266856195,5.589221002124887
3395981,Maceió,BR,South America,-9.66583,-35.73528,1031597.0,0,0,8.787628,9.795674114908904,0.600004620459034,3.750666204147405,25.583516672155774,6.0631595085579315
3396016,Macapá,BR,South America,0.03889,-51.06639,512902.0,0,0,5.3830123,7.002412667901574,0.48586175500615064,3.2183729876030727,15.23558125812727,1.744997496615537
3397277,João Pessoa,BR,South America,-7.115,-34.86306,817511.0,0,0,7.5054054,9.155353624309804,0.600097679325692,3.504971947252724,23.91474204290367,4.4914924689633
3399415,Fortaleza,BR,South America,-3.71722,-38.54306,2400000.0,0,0,7.008823,9.605517452581463,0.5694426503745156,3.8621708718503966,23.889664282937776,13.127499159399969
3405870,Belém,BR,South America,-1.45583,-48.50444,1499641.0,0,1,7.225735,12.913066375022547,0.5132459959972429,5.680538885419052,29.35413110783362,9.938990118459353
3407669,Ananindeua,BR,South America,-1.36556,-48.37222,535547.0,0,1,6.7938285,10.072636869240311,0.5637811827326904,4.086842365180423,24.825526515040952,3.041244556577481
3430863,Mar del Plata,AR,South America,-38.00042,-57.5562,593337.0,0,0,5.2569647,5.769356283025522,0.6944557665530833,1.8991972275581162,17.526074405280543,2.377241916490873
3435910,Buenos Aires,AR,South America,-34.61315,-58.37723,2891082.0,1,2,8.865426,10.966425391036955,0.49426206401125977,4.972979043291433,24.183187745263993,15.670497212120885
3439389,Asunción,PY,South America,-25.28646,-57.647,1482200.0,1,1,9.089538,10.309231365906916,0.41145299613036584,5.337273537871245,19.91283575812165,6.287142798382513
3441575,Montevideo,UY,South America,-34.90328,-56.18816,1270737.0,0,0,8.131707,8.41682692508573,0.4926536640468366,3.8266396611257143,18.513103338820155,5.269213422770376
3445831,Uberlândia,BR,South America,-18.91861,-48.27722,754954.0,0,0,5.757765,9.80733910722472,0.46799567956779176,4.638253555954979,20.737094081588193,3.465082078882056
3447399,Sorocaba,BR,South America,-23.50167,-47.45806,762172.0,0,0,10.164779,8.964201196540474,0.38474668238545334,4.843532494844084,16.590557238461223,2.6286905818280935
3447779,Serra,BR,South America,-20.12861,-40.30778,520653.0,0,0,11.076018,8.263015312233545,0.40235910458049307,4.340610487301831,15.72991224389913,1.7310147386616344
3448439,São Paulo,BR,South America,-23.5475,-46.63611,12400232.0,1,1,20.755339,14.793230334225994,0.3817410856623887,8.031601351753702,27.247326421857384,70.02638936883454
3448636,São José dos Campos,BR,South America,-23.17944,-45.88694,727078.0,0,0,10.22438,8.434530901848925,0.39168657147726854,4.507017320810145,15.784565816014359,2.402042128945326
3449344,São Bernardo do Campo,BR,South America,-23.69389,-46.565,840499.0,1,1,20.26727,15.181574072918153,0.38628675661421935,8.182712113473123,28.166723714012495,4.929056803561359
3449701,Santo André,BR,South America,-23.66389,-46.53833,662373.0,1,1,20.26727,15.181574072918153,0.38628675661421935,8.182712113473123,28.166723714012495,3.884447384405392
3450554,Salvador,BR,South America,-12.97563,-38.49096,2711840.0,0,0,7.902472,8.971936313005207,0.38777338437197056,4.824292554542686,16.685480885446008,9.434703177656495
3451190,Rio de Janeiro,BR,South America,-22.90642,-43.18223,6747815.0,11,11,18.742214,11.504073533513695,0.397462045299636,6.0906933174640665,21.728841195306345,30.85392925715535
3451328,Ribeirão Preto,BR,South America,-21.1775,-47.81028,698642.0,0,0,33.679623,19.4629975494014,0.3837519328989125,10.532987601161498,35.96399121994911,5.218131199054327
3452925,Porto Alegre,BR,South America,-30.03283,-51.23019,1488252.0,0,0,10.823128,11.542889621138821,0.3985389481017374,6.100723149294299,21.839755311828345,6.846392411796825
3455775,Osasco,BR,South America,-23.5325,-46.79167,728615.0,1,1,20.755339,14.241528499098512,0.3817410856623887,7.732069126224631,26.23115891485407,3.9611712235157603
3456160,Nova Iguaçu,BR,South America,-22.75917,-43.45111,843046.0,7,7,20.993835,13.521041295566008,0.3970503945402593,7.163269102168195,25.521665472691144,4.525921772982607
3456283,Niterói,BR,South America,-22.88333,-43.10361,515317.0,10,10,18.742214,11.419198295120703,0.39532901365605255,6.066425658991192,21.495044534176643,2.326316351264171
3458449,Londrina,BR,South America,-23.31028,-51.16278,581382.0,0,0,12.020386,9.991909156177151,0.4114087165010789,5.17335665807135,19.298543515172398,2.3899210106526567
3459505,Juiz de Fora,BR,South America,-21.76417,-43.35028,540756.0,0,0,7.76477,10.055192014616592,0.41040518394512615,5.214487582111854,19.389611128359665,2.2315393687294764
3459712,Joinville,BR,South America,-26.30444,-48.84556,664500.0,0,0,9.73691,10.4809877540172,0.42148849386128845,5.3397633505354545,20.572279535354873,2.9355056609705366
3461786,Guarulhos,BR,South America,-23.46278,-46.53333,1345364.0,1,1,20.26727,13.271286711824791,0.38169936041892033,7.205782516206822,24.44246000921103,6.815131912594856
3462377,Goiânia,BR,South America,-16.67861,-49.25389,1536097.0,0,0,6.7466283,8.175439743323542,0.4620111576670485,3.9036681184783966,17.121797491013833,5.802060151069049
3463237,Florianópolis,BR,South America,-27.59667,-48.54917,508826.0,0,1,7.975029,9.127062719518886,0.4616405530710292,4.360640893425169,19.103447388119815,2.143898805935084
3463478,Feira de Santana,BR,South America,-12.26667,-38.96667,616272.0,0,0,7.5234566,9.471810820515499,0.3865124864322747,5.103365005498184,17.57961661040872,2.2561552458693397
3464374,Duque de Caxias,BR,South America,-22.78556,-43.31167,866347.0,11,11,18.742214,11.648498827908154,0.4010563191776903,6.131793011956922,22.128523366524053,4.047316800618537
3464975,Curitiba,BR,South America,-25.42778,-49.27306,1948626.0,0,0,9.098085,8.858915228078134,0.42197284888348063,4.50986745592926,17.401925840435535,7.284395992166875
3465038,Cuiabá,BR,South America,-15.59611,-56.09667,618124.0,0,0,7.666513,15.730364737142809,0.41680611152249997,8.07443684180251,30.64540346423805,4.052737521719738
3465624,Contagem,BR,South America,-19.93167,-44.05361,627123.0,0,0,8.290052,8.022825990735049,0.4147682867965732,4.131586480223155,15.578939757334405,2.0868231437318587
3467747,Campo Grande,BR,South America,-20.44278,-54.64639,906092.0,0,0,4.852367,8.019355956842807,0.44899448026193395,3.90972463467008,16.448746643758707,3.2625170427330494
3467865,Campinas,BR,South America,-22.90556,-47.06083,1031554.0,0,0,17.062714,13.090007434248088,0.40392195417669524,6.859084795975766,24.981218300319085,5.454178153029052
3469058,Brasília,BR,South America,-15.77972,-47.92972,2207718.0,0,0,6.3018785,8.614294191465897,0.46937914320718227,4.065010433364386,18.25482754190788,8.926620789102518
3470127,Belo Horizonte,BR,South America,-19.92083,-43.93778,2721564.0,0,0,8.290052,8.025926085531122,0.41313290596187,4.1440120504712095,15.544233160008385,9.024091604358562
3470142,Belford Roxo,BR,South America,-22.76417,-43.39944,518384.0,7,7,18.742214,11.940022778425996,0.397216348004021,6.323986969726662,22.543396220105375,2.4585772464833227
3471872,Aracaju,BR,South America,-10.91111,-37.07167,664908.0,0,0,6.908895,8.826353936345848,0.5628800644751369,3.5863461849705804,21.722533127483597,3.3033817449546405
3489297,New Kingston,JM,North/Central America,18.00747,-76.78319,583958.0,0,0,10.088378,11.010274004902797,0.3884350868305783,5.9140607783593495,20.497951949805337,2.497457991024717
3489854,Kingston,JM,North/Central America,17.99702,-76.79358,937700.0,0,0,10.088378,10.495707402495812,0.38958364149525,5.627315615581487,19.575918857969057,3.8342139567441462
3492908,Santo Domingo,DO,North/Central America,18.47186,-69.89232,2201941.0,0,0,10.673369,10.355912604097522,0.40970707791073147,5.3764392092892965,19.947203286221566,9.342594973505573
3492914,Santiago de los Caballeros,DO,North/Central America,19.45036,-70.69085,1200000.0,0,0,9.091987,8.624562716944496,0.4049050176044187,4.512116049160657,16.4851881574158,4.1905544624817885
3514663,Álvaro Obregón,MX,North/Central America,19.35867,-99.20329,726664.0,13,15,24.041895,21.6293076040634,0.3790873606387923,11.793039110545365,39.66975289795001,5.958206717577754
3514674,Gustavo Adolfo Madero,MX,North/Central America,19.49392,-99.11075,1185772.0,12,14,28.519804,27.454065818869143,0.37028460518754525,15.181216482597488,49.64857268525278,12.054342249637614
3515001,Tuxtla,MX,North/Central America,16.75357,-93.11578,604147.0,1,1,15.970622,24.7205199547062,0.3829970162917027,13.39442318449143,45.62377180516343,5.719994550985934
3515428,Tlalpan,MX,North/Central America,19.29513,-99.16206,574577.0,12,14,24.041895,21.6293076040634,0.3790873606387923,11.793039110545365,39.66975289795001,4.7111850059527836
3515431,Tlalnepantla,MX,North/Central America,19.54005,-99.19538,653410.0,10,12,28.519804,22.279211556814584,0.37251687442958614,12.275765415902207,40.43440476227285,5.422899358520853
3515807,Cuautitlán Izcalli,MX,North/Central America,19.64388,-99.21598,555163.0,3,4,28.519804,25.915757499321558,0.37222896914958176,14.286068487130452,47.01268843619739,5.355433007879056
3520339,Reynosa,MX,North/Central America,26.08005,-98.28456,589466.0,1,1,9.439155,12.138940412937268,0.38887794777597035,6.515694367627432,22.615221960218765,2.7826132968451214
3521081,Puebla,MX,North/Central America,19.04778,-98.20723,1692181.0,5,5,19.373426,21.520423010965136,0.37058067308800674,11.894466771568371,38.93647487232511,13.495232897530075
3522790,Naucalpan de Juárez,MX,North/Central America,19.47851,-99.23963,834434.0,12,14,28.519804,23.154697761352853,0.37238611586090137,12.760824625152908,42.014528384224576,7.1948971211543356
3523349,Mérida,MX,North/Central America,20.967,-89.62318,1201000.0,1,1,8.98975,8.897107166203664,0.4177758628167212,4.559827554839226,17.359980169185064,4.464112944143217
3523466,Heroica Matamoros,MX,North/Central America,25.87972,-97.50417,510739.0,1,1,8.687504,14.293882537502213,0.37631376199057426,7.828176777310055,26.099957091939636,2.747257272382337
3526683,Iztapalapa,MX,North/Central America,19.35529,-99.06224,1835486.0,13,15,24.041895,24.788453527225116,0.3766133575074218,13.569119543388439,45.28425195950159,17.13547820548678
3529612,Ecatepec de Morelos,MX,North/Central America,19.60492,-99.06064,1645352.0,6,8,28.519804,26.486496595755863,0.37054612232491474,14.640054701639253,47.918844308582806,16.148255552335698
3530139,Coyoacán,MX,North/Central America,19.3467,-99.16174,614447.0,13,15,24.041895,21.6293076040634,0.3790873606387923,11.793039110545365,39.66975289795001,5.038094969608372
3530589,Ciudad Nezahualcoyotl,MX,North/Central America,19.40061,-99.01483,1077208.0,13,16,28.519804,27.454065818869143,0.37028460518754525,15.181216482597488,49.64857268525278,10.950700392695756
3530597,Mexico City,MX,North/Central America,19.42847,-99.12766,12294193.0,13,15,28.519804,26.030593659717876,0.37238611586090137,14.345764475263413,47.23288239157451,119.17291974021033
3531673,Cancún,MX,North/Central America,21.17429,-86.84656,888797.0,0,0,8.348465,8.893590155219501,0.4105579290462739,4.610969430494353,17.15386472222549,3.2452946660138267
3533462,Acapulco de Juárez,MX,North/Central America,16.84942,-99.90891,658609.0,0,0,11.884112,15.574080130367518,0.37077230047289117,8.605248618035432,28.18651530866318,3.8030965190853356
3536729,Santiago de Cuba,CU,North/Central America,20.02287,-75.82171,555865.0,0,0,7.6572533,9.818146045047092,0.4109441472240983,5.087169956253408,18.948844365496182,2.2427538817115
3553478,Havana,CU,North/Central America,23.13302,-82.38304,2163824.0,0,0,6.913313,7.34638749809702,0.4606943267592037,3.5152047458047377,15.353133935258425,7.323330426802464
3583361,San Salvador,SV,North/Central America,13.68935,-89.18718,525990.0,0,0,15.560005,15.373854839798922,0.3539693555004595,8.726089751317565,27.086062528696903,2.8623710365849626
3587902,Villa Nueva,GT,North/Central America,14.52512,-90.58544,618397.0,2,2,24.855598,18.33827793396616,0.3621518694533463,10.27329258259605,32.7346305850475,4.1069239041883
3598132,Guatemala City,GT,North/Central America,14.64072,-90.51327,994938.0,2,2,21.291197,19.475558429554198,0.37886229873751387,10.62256580163763,35.70675703270344,7.34120459123876
3600949,Tegucigalpa,HN,North/Central America,14.0818,-87.20681,850848.0,0,1,11.649184,11.935360937987552,0.37534568749914304,6.546643013949764,21.759677504409012,3.8117022618422345
3601782,San Pedro Sula,HN,North/Central America,15.50585,-88.02588,801259.0,0,0,14.193007,14.259014661769191,0.43026345557173623,7.163278631786096,28.383580979573445,4.91583046948476
3617763,Managua,NI,North/Central America,12.13282,-86.2504,973087.0,0,0,6.615126,10.408879784105507,0.5758952925058918,4.142198970958337,26.156343314163323,5.833096911455609
3625549,Valencia,VE,South America,10.16153,-68.00044,1619470.0,0,0,10.306698,11.626001668872071,0.5158577199303807,5.093024003541841,26.53902960414464,9.712548992516268
3633009,Maracaibo,VE,South America,10.64232,-71.61089,1752602.0,0,0,9.573906,12.362774557170063,0.523976982416301,5.345883009365846,28.589887673120227,11.353021546644422
3645528,Ciudad Guayana,VE,South America,8.35122,-62.64102,978202.0,0,0,7.1935782,9.65113512862276,0.6248625351182858,3.55123518409735,26.228735761585902,5.899177030267248
3646738,Caracas,VE,South America,10.48801,-66.87919,3000000.0,0,0,10.201303,10.258836020358055,0.5087651054863196,4.545397653041539,23.153907430337227,15.658013370192965
3648522,Barquisimeto,VE,South America,10.0647,-69.35703,1240714.0,0,0,10.34201,13.825704048001592,0.5063899167653344,6.149099233548792,31.08586886678202,8.686483286136367
3648559,Barcelona,VE,South America,10.1384,-64.68769,815141.0,0,0,23.979103,21.792528101346292,0.5010943896949138,9.774883033203157,48.58516254719233,8.901432294628712
3652462,Quito,EC,South America,-0.22985,-78.52495,2781641.0,0,2,7.587822,8.7514984376087,0.4597218969370376,4.194062776854639,18.26122520772225,11.191252348740019
3657509,Guayaquil,EC,South America,-2.19616,-79.88621,2723665.0,0,1,9.432351,18.148846628257996,0.42440694311343274,9.203242826208495,35.78962765146643,20.97902018015156
3658666,Cuenca,EC,South America,-2.8953,-78.9963,636996.0,0,0,7.0209675,9.082290887716406,0.5430944308341267,3.8090330789052778,21.65589168178178,3.142009269246558
3662762,Porto Velho,BR,South America,-8.76194,-63.90389,548952.0,0,1,9.798093,12.946120713192757,0.4821308274693766,5.985781222046319,28.00002795011301,3.426406813944748
3663517,Manaus,BR,South America,-3.10194,-60.025,2219580.0,0,1,10.651253,18.295660700066797,0.43085961125669064,9.182399312535198,36.453566116975125,17.496641188623602
3667905,Soacha,CO,South America,4.57937,-74.21682,655025.0,1,3,16.579676,16.80030445191853,0.38429441265153036,9.084102866865104,31.070787485980695,4.229013757852877
3674962,Medellín,CO,South America,6.245,-75.57151,1999979.0,16,16,14.676582,13.277533611834647,0.4767999941273188,6.191599253776791,28.4729181569467,12.661322951009163
3680656,Ibagué,CO,South America,4.43573,-75.20289,529635.0,0,0,15.966633,18.389709390264798,0.3793927232998584,10.02180158719327,33.74457262160837,3.6952220444176493
3685533,Cúcuta,CO,South America,7.90745,-72.5049,777106.0,0,0,13.710179,18.025767459839305,0.497037238272821,8.13798558737791,39.92736151071197,6.962463858875251
3687238,Cartagena,CO,South America,10.39817,-75.49328,914552.0,0,0,9.537479,13.316937967913324,0.5242021930668579,5.756405573208813,30.807564648784073,6.38427541615636
3687925,Cali,CO,South America,3.43054,-76.5199,2392877.0,0,1,8.440012,12.456722354102455,0.39811385961586465,6.588187349645693,23.552750335119217,11.8667408173908
3688465,Bucaramanga,CO,South America,7.125,-73.11895,581130.0,0,2,16.930923,14.437473954653875,0.47547401034382464,6.746803031485576,30.894729432380146,3.9892503587769146
3688689,Bogotá,CO,South America,4.60971,-74.08175,7674366.0,1,3,17.949818,15.610451211016736,0.39586335643435283,8.285933094246646,29.409625233486114,47.4245552009739
3689147,Barranquilla,CO,South America,10.96854,-74.78132,1206319.0,0,0,10.788556,14.25313462363337,0.5084419486077273,6.318423547391996,32.15229955314878,8.742062957822787
3691175,Trujillo,PE,South America,-8.11599,-79.02998,1067700.0,0,0,13.057321,18.022428284335092,0.5226421116774241,7.809880160559045,41.58936047499494,10.056965230460433
3693528,Piura,PE,South America,-5.18192,-80.65715,630000.0,0,0,6.9930224,9.470725184531814,0.6736033658420947,3.223410936526013,27.826000869002545,4.019092787597657
3698350,Chiclayo,PE,South America,-6.77008,-79.85495,609400.0,0,0,11.156864,11.195772649607129,0.531935226133511,4.779996925196884,26.222888253537562,3.6292365167123037
3718426,Port-au-Prince,HT,North/Central America,18.54349,-72.33881,1234742.0,0,0,30.3655,21.26208092024039,0.37551491880756144,11.659267736596345,38.77396893802043,9.858462378221846
3778045,Maturín,VE,South America,9.74569,-63.18323,647459.0,0,0,11.484523,12.17143043314281,0.5324743655679968,5.1920699545047855,28.53268929096406,4.196165396955299
3827409,Cuauhtémoc,MX,North/Central America,19.44506,-99.14612,531831.0,13,15,28.519804,23.154697761352853,0.37238611586090137,12.760824625152908,42.014528384224576,4.585706396000919
3836873,San Miguel de Tucumán,AR,South America,-26.81601,-65.21051,548866.0,0,0,14.879086,18.62202216121015,0.41304132592219694,9.61648435331474,36.06096538316201,4.221693250852382
3838233,Salta,AR,South America,-24.80645,-65.41999,520683.0,0,0,6.036133,8.990011721919492,0.5107097748114018,3.9708433889116064,20.353437001805915,2.390605017194533
3838583,Rosario,AR,South America,-32.94682,-60.63932,948312.0,0,0,7.932961,9.791281487718784,0.4391692178443652,4.849238086526415,19.769949724291052,4.077769511340375
3860259,Córdoba,AR,South America,-31.40648,-64.18853,2106734.0,0,0,8.111896,10.008756447971692,0.43907633695020604,4.95768161690627,20.20605867331331,9.258270340135216
3871336,Santiago,CL,South America,-33.45694,-70.64827,4837295.0,9,12,41.494892,34.226504177425035,0.48565800853969265,15.735943745908314,74.44444433222486,80.40733562642906
3875024,Puente Alto,CL,South America,-33.61169,-70.57577,568106.0,6,6,20.857903,24.300321373050167,0.5470064296033065,10.127751084370464,58.305700240284324,7.551510392246975
3880980,Maipú,CL,South America,-33.51421,-70.7651,503635.0,9,9,41.494892,33.22742390768517,0.48565800853969265,15.276607588152451,72.27139226887303,8.127240854999691
3904906,Santa Cruz de la Sierra,BO,South America,-17.78629,-63.18117,1831434.0,0,0,8.702199,11.78059988756568,0.37975005654983,6.416379454258993,21.62941495281938,8.193256018594989
3911925,La Paz,BO,South America,-16.5,-68.15,2004652.0,0,0,4.517038,7.840342437597191,0.4575100892700285,3.7707215240638807,16.302176956450857,7.190758427460582
3919968,Cochabamba,BO,South America,-17.38195,-66.15995,841276.0,0,0,5.7132664,8.998459712855107,0.4038701652474699,4.715529237490839,17.17140815501809,3.0573731566196294
3936456,Lima,PE,South America,-12.04318,-77.02824,7737002.0,12,14,14.899793,22.833699563570036,0.377722146919903,12.476939003229727,41.78731943984152,66.73004859219834
3946083,Callao,PE,South America,-12.05162,-77.13452,1226200.0,10,11,14.899793,16.663000895581863,0.3927226965413582,8.88917666687507,31.23524362844843,8.024177565498391
3947322,Arequipa,PE,South America,-16.39899,-71.53747,1195700.0,2,2,17.710526,19.965302646385663,0.42558555986391383,10.105289538769119,39.446005800475824,10.159796544167584
3979770,Zapopan,MX,North/Central America,20.72111,-103.38742,1476491.0,11,11,13.641438,16.500299348117256,0.4059591510708284,8.61792107796811,31.592291936104708,9.890197471015954
3981254,Torreón,MX,North/Central America,25.54389,-103.41898,735340.0,0,0,9.512224,15.061303258305477,0.4584379233824079,7.232813326524311,31.363018178107925,5.077281941720457
3981461,Tlaquepaque,MX,North/Central America,20.64121,-103.29342,650123.0,11,11,13.641438,16.487484164656898,0.4054869640716335,8.617736085455409,31.543914942882193,4.346371245986398
3981609,Tijuana,MX,North/Central America,32.5027,-117.00371,1922523.0,17,17,15.0144615,16.895260175104756,0.5069238679067755,7.5078934787927905,38.019960883938765,16.465660936168177
3985606,San Luis Potosí,MX,North/Central America,22.15234,-100.97135,722772.0,0,0,8.782129,11.01443577922076,0.39390778346102046,5.864717433163646,20.686042749230136,3.1358706271232353
3988086,Saltillo,MX,North/Central America,25.42595,-100.97963,709671.0,2,2,11.346198,18.958011524155626,0.3783902847040536,10.348092036128033,34.73163938774721,5.090844347906686
3991164,Santiago de Querétaro,MX,North/Central America,20.58806,-100.38806,1594212.0,4,4,13.588628,15.502278511669862,0.3906004212668887,8.298098065819408,28.96093022126153,9.653266950165944
3995402,Morelia,MX,North/Central America,19.70078,-101.18443,743275.0,1,1,15.802879,23.52714023142074,0.37515857485024035,12.90869271707115,42.88012268948996,6.560448703154386
3995465,Monterrey,MX,North/Central America,25.68435,-100.31721,1135512.0,15,16,13.349036,21.638202081564028,0.4157243044657634,11.126186569245307,42.081964598438404,10.214528298704545
3996069,Mexicali,MX,North/Central America,32.62781,-115.45446,1032686.0,4,4,10.828204,16.300605399205008,0.4961417585062054,7.36968846465199,36.05440550913963,8.351756144321442
3998655,León de los Aldama,MX,North/Central America,21.12183,-101.68253,1579803.0,4,4,9.951573,11.93451279585116,0.4019381915285112,6.2734932147890206,22.703873392030943,7.578214657613983
4004898,Hermosillo,MX,North/Central America,29.08874,-110.96677,812229.0,0,0,5.320859,13.539437764730904,0.5670054908335195,5.46518491488466,33.54257501621794,6.235429689227908
4005492,Guadalupe,MX,North/Central America,25.67663,-100.25907,673616.0,15,16,13.349036,21.638202081564028,0.4157243044657634,11.126186569245307,42.081964598438404,6.059530585727109
4005539,Guadalajara,MX,North/Central America,20.67738,-103.34749,1385629.0,11,11,13.641438,16.487484164656898,0.4054869640716335,8.617736085455409,31.543914942882193,9.26356711453815
4011743,Victoria de Durango,MX,North/Central America,24.02032,-104.65756,518709.0,1,1,6.4501243,9.408846280975126,0.5241614836138605,4.067351158875294,21.7651205615349,2.5581456138999332
4012176,Culiacán,MX,North/Central America,24.80209,-107.39421,808416.0,0,0,9.576585,16.216520066341477,0.4544562360928752,7.8373479235121,33.55414684004615,5.9577823215217975
4013708,Ciudad Juárez,MX,North/Central America,31.72024,-106.46084,1512450.0,26,26,9.147797,15.164588506991239,0.5408161206267631,6.383121323514984,36.027005117260785,12.40398650227259
4014338,Chihuahua,MX,North/Central America,28.63528,-106.08889,925762.0,3,3,5.6630588,12.380159561495702,0.5422407534524584,5.199226945974894,29.4790653227303,6.214665346461502
4019233,Aguascalientes,MX,North/Central America,21.88262,-102.2843,722250.0,4,4,10.78677,15.618767643245285,0.4108733929047459,8.09361773036864,30.14052687197705,4.634920965413942
4140963,Washington,US,North/Central America,38.89511,-77.03637,689545.0,10,17,11.793114,11.489768928128164,0.4599985001273808,5.503913478514383,23.98562232802629,3.64443596609135
4160021,Jacksonville,US,North/Central America,30.33218,-81.65565,1009833.0,6,7,9.103715,10.893288706447983,0.4157456815084207,5.6010483982195165,21.185987051950573,4.5733697985994
4180439,Atlanta,US,North/Central America,33.749,-84.38798,510823.0,4,7,12.133712,12.125979917114535,0.4214302860331676,6.178415171316607,23.798884483013985,2.610435884317207
4259418,Indianapolis,US,North/Central America,39.76838,-86.15804,887642.0,3,6,9.05213,9.56287288102307,0.45166568696587456,4.642361094282197,19.698712763046338,3.833922454352456
4299276,Louisville,US,North/Central America,38.25424,-85.75941,624444.0,9,11,9.326714,12.346929789046676,0.45575473039384534,5.954813377114477,25.600579826990185,3.5138535783077884
4347778,Baltimore,US,North/Central America,39.29038,-76.61219,585708.0,4,7,11.467908,10.103877557332822,0.4394282766756667,5.001980950425562,20.409582264580266,2.6005022292029683
4460243,Charlotte,US,North/Central America,35.22709,-80.84313,911311.0,3,7,11.088043,11.13968469005623,0.429026201815253,5.607315064773558,22.130480196030227,4.355352669893182
4509177,Columbus,US,North/Central America,39.96118,-82.99879,913175.0,5,5,8.837817,8.854993154912217,0.4685045999399842,4.18444524960789,18.738661661516502,3.788402394173241
4544349,Oklahoma City,US,North/Central America,35.46756,-97.51643,681054.0,3,4,7.2730775,8.079111715601584,0.4599047319346043,3.870696090471808,16.863128643410136,2.5305390266068146
4560349,Philadelphia,US,North/Central America,39.95238,-75.16362,1573916.0,76,83,12.650979,11.460166855072261,0.43743120844425015,5.691576856634506,23.075402064192975,7.890095422763684
4641239,Memphis,US,North/Central America,35.14953,-90.04898,633104.0,1,2,8.588686,8.937988417212802,0.4202582152693282,4.562621780531799,17.509151709024376,2.3781051685381613
4644585,Nashville,US,North/Central America,36.16589,-86.78444,689447.0,3,3,9.243801,9.22354801853727,0.42136929047898786,4.7000301162468485,18.10070062236058,2.6795494746502464
4645421,New South Memphis,US,North/Central America,35.08676,-90.05676,641608.0,1,1,8.588686,8.709987576092983,0.4202553077817142,4.446253680324356,17.062428064194442,2.3485537990855345
4671654,Austin,US,North/Central America,30.26715,-97.74306,974447.0,3,13,7.982273,11.401338227270386,0.38360303531084017,6.1716478719534855,21.06252917690712,4.261829657685098
4684888,Dallas,US,North/Central America,32.78306,-96.80667,1326087.0,2,5,10.668361,12.5986824259198,0.40831619730833485,6.555381552805772,24.213205225444682,6.82171787701205
4691930,Fort Worth,US,North/Central America,32.72541,-97.32085,1008106.0,3,8,9.902277,12.198614574918961,0.4141047957304851,6.28870214195072,23.66246551172583,5.092452294624123
4699066,Houston,US,North/Central America,29.76328,-95.36327,2314157.0,66,71,11.601104,11.24899565825011,0.38177410710954746,6.107028240217805,20.720373042653033,9.938321430751722
4726206,San Antonio,US,North/Central America,29.42412,-98.49363,1526656.0,5,6,7.884539,10.298433202903755,0.38628346209051917,5.550778721505585,19.106819377210474,6.073212265880503
4887398,Chicago,US,North/Central America,41.85003,-87.65005,2664452.0,9,23,11.351547,10.966063582342322,0.41542181076074347,5.641389937021777,21.316475520119734,12.138022967123076
4930956,Boston,US,North/Central America,42.35843,-71.05977,653833.0,16,33,10.066428,7.845631434580098,0.4565111995643501,3.779300548521759,16.28712292578786,2.3417804455619873
4951305,South Boston,US,North/Central America,42.33343,-71.04949,571281.0,16,32,10.066428,7.845631434580098,0.4565111995643501,3.779300548521759,16.28712292578786,2.0461106654468306
4990729,Detroit,US,North/Central America,42.33143,-83.04575,645705.0,13,23,10.373628,7.596188761994013,0.41756698400319747,3.894399394843822,14.816683616026028,2.048123074095852
5110266,The Bronx,US,North/Central America,40.84985,-73.86641,1385108.0,12,32,13.161598,13.718839048365526,0.5669779089566561,5.537844507171441,33.98552353559829,10.773756021680073
5110302,Brooklyn,US,North/Central America,40.6501,-73.94958,2736074.0,15,31,13.161598,13.846382100807922,0.5662338171067379,5.595987768148594,34.26067125679305,21.451613047045566
5125771,Manhattan,US,North/Central America,40.78343,-73.96625,1487536.0,14,36,13.161598,13.582419464926273,0.5662338171067379,5.489307794211157,33.60753767820359,11.440379383223354
5128581,New York City,US,North/Central America,40.71427,-74.00597,8804190.0,15,36,13.161598,13.433623172250572,0.5662338171067379,5.4291720686695015,33.23936490711602,66.96970272782691
5133273,Queens,US,North/Central America,40.68149,-73.83652,2316841.0,12,28,13.161598,13.877367297243957,0.5669779089566561,5.6018371518251096,34.37824375881259,18.229277285848404
5263045,Milwaukee,US,North/Central America,43.0389,-87.90647,563531.0,2,7,8.428728,6.770553753746615,0.387237407415638,3.6437123086374794,12.580685369617948,1.477472159177116
5308655,Phoenix,US,North/Central America,33.44838,-112.07404,1650070.0,21,24,12.76946,17.222811723245503,0.5757393791083208,6.855503507967196,43.26819223557198,16.361848140832407
5318313,Tucson,US,North/Central America,32.22174,-110.92648,542629.0,5,10,4.7561097,12.191724897171634,0.6130428496674094,4.571717134908673,32.51254432023908,4.055636154448596
5350937,Fresno,US,North/Central America,36.74773,-119.77237,542107.0,5,7,12.247132,19.27689785375632,0.4806740713542101,8.933684094329386,41.59524636650468,5.023111947981068
5368361,Los Angeles,US,North/Central America,34.05223,-118.24368,3820914.0,162,283,23.661211,20.347263027141494,0.5529773134889501,8.3995884137042,49.289452328426805,42.99129984960755
5389489,Sacramento,US,North/Central America,38.58157,-121.4944,524943.0,50,56,10.690381,13.319980826229218,0.5198157296941192,5.798272672603721,30.599093769669597,3.6346715008399553
5391811,San Diego,US,North/Central America,32.71571,-117.16472,1404452.0,21,23,18.00529,18.737384729058792,0.53220479874359,7.996412739361347,43.90588604269647,14.005372401451828
5391959,San Francisco,US,North/Central America,37.77493,-122.41942,827526.0,150,180,13.132874,13.857343373527135,0.5756477525589198,5.516694704361456,34.808155183940514,6.601132341848036
5392171,San Jose,US,North/Central America,37.33939,-121.89496,997368.0,8,26,10.914436,12.283086868348178,0.6086162762520692,4.6387142324898285,32.5250091843674,7.456010583588049
5419384,Denver,US,North/Central America,39.73915,-104.9847,729019.0,79,101,8.91463,10.823853501659288,0.5634894382589076,4.393689271771186,26.664563053671323,4.4463795607821055
5454711,Albuquerque,US,North/Central America,35.08449,-106.65114,564559.0,15,16,6.114519,12.054309444002788,0.6258146500581097,4.428756239756207,32.80974799818145,4.258899547530928
5506956,Las Vegas,US,North/Central America,36.17497,-115.13722,641903.0,10,14,7.633589,10.702296674538147,0.6155166629925208,3.9973502340761646,28.653769973273718,4.228498740702506
5520993,El Paso,US,North/Central America,31.75872,-106.48693,678815.0,26,26,9.147797,13.913835869827622,0.5408161206267631,5.856650999243342,33.055551481130344,5.107965262262504
5746545,Portland,US,North/Central America,45.52345,-122.67621,652503.0,19,32,8.05478,8.767398670567887,0.4344054703495565,4.375371336029004,17.5681727435822,2.4851268037754832
5809844,Seattle,US,North/Central America,47.60621,-122.33207,780995.0,9,51,9.828572,8.597593943851612,0.31928872274465975,5.15836894581933,14.329843871145018,2.143920924642555
5907364,Brampton,CA,North/Central America,43.68341,-79.76633,656480.0,5,6,11.411077,10.044723457846546,0.3960338572490419,5.330224172696637,18.929123067926746,2.611510642139636
5913490,Calgary,CA,North/Central America,51.05011,-114.08529,1306784.0,4,12,10.064469,10.65841390057432,0.33917806412069845,6.194518048853169,18.33908400621865,4.724155091124107
5946768,Edmonton,CA,North/Central America,53.55014,-113.46871,1010899.0,10,22,10.80461,10.569874536602658,0.3272994066143488,6.260930895860703,17.84435087654207,3.497218903240119
5969782,Hamilton,CA,North/Central America,43.25011,-79.84963,569353.0,3,8,9.82681,7.940534000835432,0.386014061647717,4.281733833616089,14.725828990909891,1.74515677826463
6075357,Mississauga,CA,North/Central America,43.5789,-79.6583,717961.0,6,13,11.411077,9.765687595724758,0.3976359081568055,5.1688877144826755,18.450517690697662,2.787977579803215
6077243,Montréal,CA,North/Central America,45.50884,-73.58781,1762949.0,13,21,10.993808,11.027216640859422,0.41327729659533813,5.692347804370906,21.361924995355338,8.034284449492212
6094817,Ottawa,CA,North/Central America,45.41117,-75.69812,1017449.0,3,12,7.636601,7.81611033396561,0.41641116546988655,4.014565676431898,15.217481958601688,3.3115071463496872
6159905,Surrey,CA,North/Central America,49.10635,-122.82509,568322.0,11,14,14.991178,12.242463472820345,0.3195680226493263,7.341929514488021,20.413967688954575,2.2234460721496614
6167865,Toronto,CA,North/Central America,43.70643,-79.39864,2794356.0,5,16,10.642396,9.368132744318784,0.3855767676608,5.055066298981742,17.361179047811092,10.093589272971387
6173331,Vancouver,CA,North/Central America,49.24966,-123.11934,662248.0,22,25,13.184276,10.981182642580768,0.33149629609477577,6.461032051482675,18.66363937972495,2.4107293236647607
6183235,Winnipeg,CA,North/Central America,49.8844,-97.14704,749607.0,0,3,9.335399,12.406489789231804,0.30640675423980707,7.598637075325079,20.256394319731093,2.8495802379896125
6201369,Carrefour,HT,North/Central America,18.53333,-72.4,511345.0,0,0,30.3655,21.41642520089394,0.38454700729426655,11.57540916882902,39.62393568087441,4.211244243035227
6295587,Batam,ID,Other Asia,1.14937,104.02491,1296960.0,1,2,17.401243,13.264716526511608,0.3878570595926778,7.131605054890919,24.67224463138774,6.672617898391306
6316406,Aparecida de Goiânia,BR,South America,-16.82333,-49.24389,527796.0,0,0,6.7466283,8.154074074728312,0.46282884808440006,3.8883757750365397,17.09940804667511,1.991870811609241
6317344,Jaboatão dos Guararapes,BR,South America,-8.11278,-35.01472,644037.0,0,0,12.524681,11.778307226382816,0.49839081831003207,5.305978266335989,26.1457009726615,3.780626111306893
6325494,Québec,CA,North/Central America,46.81228,-71.21454,531902.0,5,6,9.969766,8.730278598803839,0.30319302968312883,5.374623014173986,14.181043807487594,1.4079231149191318
6611854,Nay Pyi Taw,MM,Other Asia,19.745,96.12972,925000.0,0,0,20.353456,24.33830044083982,0.4312554446733143,12.207402717890169,48.524070356135624,9.708822735766566
6619347,Navi Mumbai,IN,South Asia,19.03681,73.01582,2600000.0,31,31,35.6767,44.10729017270911,0.3971084330046973,23.365289958398908,83.26252530327565,45.5399798998768
6642286,E’zhou,CN,China,30.39607,114.88655,668727.0,0,0,55.255787,49.32089865329963,0.5374278086303638,20.87314501416037,116.53974723592478,17.7255603877377
6847550,Kota Kuala Muda,MY,Other Asia,5.58822,100.37085,544984.0,0,0,18.594124,18.584595630384086,0.5347614386049918,7.8988307634761625,43.72636977385895,5.416228163680427
6929460,Panzhihua,CN,China,26.58509,101.71276,787177.0,0,0,34.233994,39.14066403775811,0.39329090634608366,20.861314801431774,73.43696195081172,12.117540792571281
6940394,Saitama,JP,Other Asia,35.90807,139.65657,1324854.0,77,77,22.499079,16.054510628857624,0.4394726915496832,7.947310262667354,32.43201825690328,9.347532566015955
6943660,Shivaji Nagar,IN,South Asia,18.53017,73.85263,1000000.0,15,15,26.065317,36.170636420153095,0.39898010531519584,19.103651075190974,68.48507303077544,14.43136432823034
6955677,Çankaya,TR,MENA,39.9179,32.86268,792189.0,0,0,19.915033,22.25790620282511,0.4921111771146734,10.128157305963907,48.91456299183255,8.677134807767242
6986104,Zhongshan,CN,China,22.52306,113.37912,3841873.0,0,0,36.230167,26.032745225967954,0.38813871598784105,13.9898662997844,48.44248039815802,38.81949999812035
7033318,Kennedy,CO,South America,4.6165,-74.14597,979914.0,1,3,17.949818,15.99423132538252,0.40191819459622785,8.407792914658966,30.425991492230246,6.299252286645401
7283386,Changshu,CN,China,31.64615,120.74221,1677050.0,0,0,49.45764,51.158852743797645,0.42398987431678203,25.95986658799143,100.81824593321501,36.376615750798464
7290466,Pasig City,PH,Other Asia,14.58691,121.0614,853050.0,45,48,11.655811,13.494909666209457,0.3608120527249518,7.576211466784244,24.03742130187028,4.153607983779313
7576887,Hezhou,CN,China,24.40357,111.56675,1005490.0,0,0,26.345955,27.96363390147644,0.38934937734879355,14.998435160492813,52.13642707444349,10.94739650067871
7602670,Zhu Cheng City,CN,China,35.99502,119.40259,1000000.0,0,0,34.401196,33.31165784853273,0.37311969927545013,18.33690878932135,60.515464267561605,12.429235758811222
7626690,Pimpri-Chinchwad,IN,South Asia,18.61867,73.80375,1727692.0,15,15,24.556826,35.99581381365147,0.39898010531519584,19.011317889900333,68.1540658891089,24.812444900101816
7627067,Bahçelievler,TR,MENA,41.00231,28.8598,576799.0,10,11,17.672703,22.028305395875915,0.4872592575108161,10.101797954207807,48.0356309652631,6.191069604385018
7648070,Balbala,DJ,Sub-Saharan Africa,11.56194,43.10666,554350.0,0,0,17.524048,18.810895913309015,0.638270475398261,6.774757082692362,52.230626241247016,6.655769724216281
7696679,Pallabi,BD,South Asia,23.825,90.37,597574.0,1,2,50.720413,52.99492000615668,0.41558639287785265,27.2555680245687,103.04175440142521,13.1609504422157
7758790,Kikolo,AO,Sub-Saharan Africa,-8.7815,13.33384,728205.0,0,0,15.995275,21.473684522379326,0.45077399977300586,10.439428192523968,44.170918029485236,7.0488632205738115
7795834,Selayang Baru Utara,MY,Other Asia,3.2549,101.6668,542409.0,3,4,38.841583,25.969189643574907,0.4014321403424304,13.6620155852271,49.363053828835746,5.654541891574749
7802746,Sadr City,IQ,MENA,33.3889,44.4583,1211849.0,3,3,49.70308,36.527146646674815,0.48102341855734787,16.918678667661943,78.86150380631763,21.29268736320098
7874116,Santo Domingo Oeste,DO,North/Central America,18.5,-70.0,701269.0,0,0,10.673369,10.56921455589096,0.4088893874933799,5.4943619602130545,20.33144105491835,3.0306319269672692
8307074,Mulenvos,AO,Sub-Saharan Africa,-8.86695,13.3344,882014.0,0,0,15.995275,21.473684522379326,0.45077399977300586,10.439428192523968,44.170918029485236,8.537700296799924
8307452,Huangpu,CN,China,31.2378,121.4781,656200.0,2,2,53.196056,30.37425611965615,0.437012090895261,15.09518873217982,61.11850942649603,8.710344451048105
8335361,Ulanqab,CN,China,40.993,113.133,550231.0,0,0,18.411251,22.77513143978243,0.49635036235593694,10.293458893231579,50.39186705650902,6.220055935297652
8347664,Ordos,CN,China,39.6086,109.78157,2153638.0,0,0,16.79114,16.989980555383855,0.41835848142503007,8.69936662189208,33.181661587397166,15.307848848037215
8400694,Taizhou,CN,China,28.66266,121.43312,1485502.0,0,0,23.814531,25.886099522536572,0.3759550020284068,14.184901487698127,47.23967586745701,14.456918237093072
8469289,Ōta,JP,Other Asia,35.56126,139.71605,748081.0,103,106,26.886126,16.0420963260143,0.4166433441863644,8.236594229701696,31.244571160869462,5.000048220896273
8504423,Subang Jaya,MY,Other Asia,3.04384,101.58062,708296.0,3,6,38.841583,28.274107553979544,0.3845466399512491,15.281941459034412,52.31175372036236,7.701099167777191
8504951,Kalininskiy,RU,Europe,59.99675,30.3899,504641.0,0,0,10.056584,8.329697636296375,0.2771714530986873,5.346022531735474,12.978595264093922,1.165092128022325
8533133,Liupanshui,CN,China,26.59444,104.83333,1320825.0,0,0,21.402357,22.639954086067107,0.3991642206437389,11.953850837726957,42.87886204849886,11.936374283384255
8581443,South Tangerang,ID,Other Asia,-6.28862,106.71789,1429529.0,4,7,72.808876,39.09204084639929,0.4388866561710972,19.369511108572947,78.89655288512546,24.526393443404213
8601412,Santo Domingo Este,DO,North/Central America,18.48511,-69.84757,700000.0,0,0,10.673369,10.372599631086581,0.4023369716511807,5.448980483061408,19.745129100989104,2.92129622660507
8740157,Hlaingthaya,MM,Other Asia,16.85,96.06667,687867.0,1,2,22.469618,26.938296385169895,0.40312678177857353,14.133474769050622,51.34418987497173,7.469925205124563
9072919,Rizhao,CN,China,35.41414,119.52908,661943.0,0,0,32.917988,36.40439742074783,0.3783251847456952,19.873144148712377,66.68698931837712,9.11674260747956
9181182,Puyang,CN,China,35.75641,115.04363,655674.0,0,0,47.710754,46.1965828930959,0.4010946995861808,24.31648007005588,87.76452286063855,12.149117655864648
10063567,Iskandar Puteri,MY,Other Asia,1.39324,103.62322,575977.0,5,8,19.146505,14.306972898684705,0.37999800470817086,7.789293995448513,26.27830887411671,3.1313687429439376
10346824,Nilüfer,TR,MENA,40.21401,28.91567,536365.0,0,0,17.434704,19.05360361006217,0.4561211499140576,9.183996052037354,39.529613086978436,4.661414975834562
10581114,Jājmau,IN,South Asia,26.4304,80.4095,652831.0,3,3,58.773983,49.195436829525896,0.4111207337100315,25.48290150118042,94.97313344541102,13.20367937757446
10630003,Xuzhou,CN,China,34.20442,117.28386,1253991.0,0,0,54.750813,43.62166944472978,0.5310230682112939,18.65132377313434,102.02225151901372,29.04758891028049
10794003,Panjin,CN,China,41.121,122.0739,1166481.0,0,0,35.098877,30.564613956701184,0.4540383874501485,14.781575598280666,63.20000328184464,16.18784944893476
10859300,Lianyungang,CN,China,34.59845,119.21556,2001009.0,0,0,37.45275,35.566201265544656,0.37170880656849853,19.622202264339695,64.46547922707376,26.45387970583988
10942283,Jinzhong,CN,China,37.68403,112.75471,1226617.0,0,0,45.873245,39.55890901785151,0.41383978028061846,20.40229266377401,76.70252105839451,20.08100850290801
10942359,Baoji,CN,China,34.36775,107.23705,1437802.0,0,0,31.328094,30.55954276036621,0.4011389932594258,16.0844764779677,58.061302461530204,17.625474416971052
10943053,Nansana,UG,Sub-Saharan Africa,0.36389,32.52861,532800.0,11,19,24.868715,23.77665487650385,0.4308562343501004,11.933317009163458,47.374029926655304,5.458173688291663
10987897,Adachi,JP,Other Asia,35.76318,139.80761,695043.0,102,105,16.687273,14.577013312423206,0.4383137126834094,7.229312321438374,29.39274272055321,4.440841593346037
11071717,Edogawe,JP,Other Asia,35.69225,139.87308,697932.0,101,104,16.687273,15.670610529861113,0.4381829541147247,7.773296160662917,31.591236111818443,4.7924159730793825
11072148,Puxi,CN,China,31.24414,121.46592,6683712.0,1,1,53.196056,30.37425611965615,0.437012090895261,15.09518873217982,61.11850942649603,88.71903951783545
11209896,Kotō,JP,Other Asia,32.77856,130.74537,543730.0,14,14,13.406163,15.567654564933074,0.3915685951921257,8.32019410177363,29.128150820594314,3.314471850614682
11395976,Mirpur Model Thana,BD,South Asia,23.80931,90.36093,546503.0,1,2,50.720413,52.99492000615668,0.41558639287785265,27.2555680245687,103.04175440142521,12.036164390556157
11611609,Sagamihara,JP,Other Asia,35.56707,139.24167,720780.0,31,32,22.580149,18.15600023934257,0.44836326779159147,8.860647731257949,37.202736717331206,5.867497767288239
11790342,Setagaya,JP,Other Asia,35.64188,139.64715,940071.0,121,124,26.886126,16.88603936433365,0.4327607221663685,8.44918554874671,33.747433260726645,6.86967655508431
11836117,Suginami,JP,Other Asia,36.2013,140.28406,588354.0,6,7,12.380097,12.975304785626072,0.43372746273973,6.4823557023453935,25.971813644687337,3.3111068835833546
11838258,Bayan Nur,CN,China,40.74143,107.38599,1760000.0,0,0,34.314957,22.269707772745477,0.4905027151802968,10.159640065315108,48.81471007783171,19.225099746694013
11995100,Bazhong,CN,China,31.8694,106.74432,2712894.0,0,0,24.531462,32.707378343936355,0.403526614102735,17.14931287678607,62.37991025176757,35.80558247588675
12069922,Rohini,IN,South Asia,28.74322,77.06778,860000.0,32,32,80.09616,54.454760770389385,0.5807338578243972,21.503078411997752,137.90216050674042,27.19640203721987
12165956,Kallakurichi,IN,South Asia,11.73379,78.95925,1682687.0,0,0,27.337866,30.859571590191333,0.4967473698141325,13.93844950431819,68.32274697663563,25.794600642724507
12324556,Shizuishan,CN,China,38.98082,106.3892,739400.0,0,0,44.894764,30.554457048946844,0.4282766778571865,15.398465844763315,60.62778298614898,9.675611948588063
12358576,Wanzhou,CN,China,30.76451,108.39586,1545900.0,0,0,38.522186,42.77353994756663,0.47456672992544663,20.01762064659758,91.39826115932783,31.380067933571812
12359313,Qingyang,CN,China,35.70976,107.64455,2125400.0,0,0,21.850876,25.033446519086144,0.4027873291731503,13.141209615796942,47.68765303542735,21.430737771796277
12382296,Thuận An,VN,Other Asia,10.9239,106.71428,588616.0,1,3,31.494225,28.66427831862886,0.4441347722852906,14.08395285668949,58.338795925290235,7.493554176052495
12446699,Daxing’anling,CN,China,52.33385,124.71242,520000.0,0,0,6.595621,7.276320779508864,0.3767951485006154,3.98187617679404,13.296456679107582,1.425674831699641
12492662,"Mianzhu, Deyang, Sichuan",CN,China,31.33786,104.22057,510000.0,0,0,54.760273,50.658731507246785,0.5822379948088199,19.95601922225319,128.59814622054478,15.042673508692255
12501153,Kanayannur,IN,South Asia,9.96667,76.26667,851406.0,1,1,24.496414,26.04647693636932,0.49314535388063135,11.832499617575563,57.33521933008307,10.936053870125216
12514556,Kota Damansara,MY,Other Asia,3.15454,101.58022,500000.0,3,6,38.841583,28.033251277426903,0.397062887207656,14.85134942797292,52.91527083075444,5.565481845016418
12747063,New Territories,HK,Other Asia,22.42441,114.11095,3984077.0,17,18,35.2161,18.28971908041917,0.38119648093866165,9.938585767087565,33.65809098799739,27.776891420631344
12747064,Hong Kong Island,HK,Other Asia,22.26302,114.18419,1195529.0,14,15,35.2161,16.53295098833417,0.4009052804972599,8.705081801913574,31.399873614349485,7.924142377293507
12750654,Mukim Pulai,MY,Other Asia,1.53333,103.66667,505661.0,2,4,19.156822,15.85691287359196,0.37961195281319604,8.63847812346578,29.107174005298898,3.043813071164414
12908892,New Taipei City,TW,Other Asia,25.06199,121.45703,4004367.0,19,22,23.345572,16.205414885138918,0.3976339202698411,8.577402820695346,30.61713167601851,25.8034307750223
13118225,Bukit Rahman Putra,MY,Other Asia,3.21727,101.5608,607000.0,3,6,38.841583,28.033251277426903,0.397062887207656,14.85134942797292,52.91527083075444,6.756494959849932
13308620,Bao'an,CN,China,22.55213,113.88288,4476554.0,2,2,35.2161,19.569050545735696,0.38119648093866165,10.633771157124222,36.01241117597289,33.39354038604797
13405906,Luohu District,CN,China,22.54721,114.13149,1143801.0,8,8,35.2161,18.52475083985536,0.4051440055103362,9.687896397896127,35.42217831244002,8.58444583609341
13512502,Mengzi,CN,China,23.36779,103.38212,595100.0,0,0,18.486244,21.731173616241424,0.4050326275101677,11.366786042336239,41.5459484308342,5.237971620891075
13512505,Lüliang,CN,China,37.5192,111.14436,3346500.0,0,0,36.28761,29.299745903017552,0.40259727625018876,15.385464525689182,55.79780243540869,39.47530695688078
13608000,Jinshan,CN,China,30.83556,121.29373,822776.0,1,1,51.1524,29.725087250056117,0.4309088257291767,14.917533359048152,59.23102638731607,10.538775237705517
13608002,Fengxiang,CN,China,30.85841,121.46779,1140872.0,1,1,39.500458,26.356555366672783,0.4024663625358588,13.842877556473201,50.18234163832848,12.101944593551304
13608003,Chongming,CN,China,31.61852,121.69621,637921.0,0,0,40.422302,26.649494798858214,0.39542467316143765,14.155322708223844,50.17162714501502,6.722327146188401
13631351,Hoji ya Henda,AO,Sub-Saharan Africa,-8.80523,13.2897,642050.0,0,0,15.995275,21.473684522379326,0.45077399977300586,10.439428192523968,44.170918029485236,6.214901889947769
