id,date,pm25,n_ok,n_raw
3487377,2025-02-26,10.444769103998421,24,24
3487377,2025-03-02,35.87346019347509,24,24
3487377,2025-03-06,61.87643931971656,24,24
3487377,2025-03-10,37.276534689797295,24,24
3487377,2025-03-14,37.83529866404003,24,24
3487377,2025-03-18,43.78159783946143,24,24
3487377,2025-03-22,73.66951199372609,24,24
3487377,2025-03-26,127.67584005991618,24,24
3487377,2025-03-30,70.91327716244591,24,24
3487377,2025-04-03,93.33982968330383,24,24
3487377,2025-04-07,33.569780142770874,24,24
3487377,2025-04-11,58.75867009162903,24,24
3487377,2025-04-15,9.580939264748142,24,24
3487377,2025-04-19,21.637119709087226,24,24
3487377,2025-04-23,46.47055899434619,24,24
3487377,2025-04-27,52.60105497969521,24,24
3487377,2025-05-01,23.506435725424026,24,24
3487377,2025-05-05,30.85115624136395,24,24
3487377,2025-05-09,30.56176910466618,24,24
3487377,2025-05-13,26.038574717111057,24,24
3487377,2025-05-17,12.328545573659035,24,24
3487377,2025-05-21,10.112562471276357,24,24
3487377,2025-05-25,1.05459548787783,24,24
3487377,2025-05-29,3.0300051878697967,24,24
3487377,2025-06-02,1.2541785802958267,7,7
3487377,2025-06-06,18.89344845857057,24,24
3487377,2025-06-10,11.718522528535686,24,24
3487377,2025-06-14,7.0250758141693135,24,24
3487377,2025-06-18,1.783928822984712,24,24
3487377,2025-06-22,2.9903626636306266,23,23
3487377,2025-06-26,11.077999984185832,24,24
3487377,2025-06-30,6.147832083788635,24,24
3487377,2025-07-04,9.632020822195853,24,24
3487377,2025-07-08,8.676717012305744,24,24
3487377,2025-07-12,0.863199662637069,24,24
3487377,2025-07-16,2.8733534787471093,24,24
3487377,2025-07-20,3.2677864455100565,24,24
3487377,2025-07-24,7.851260419130663,8,8
3487377,2025-07-28,3.8166624414586714,24,24
3487377,2025-08-01,8.453613990516816,24,24
3487377,2025-08-05,9.160183506661074,23,23
3487377,2025-08-09,5.391056933735187,24,24
3487377,2025-08-13,10.078171814481417,24,24
3487377,2025-08-17,0.2786597225737448,24,24
3487377,2025-08-21,6.80349538783129,24,24
3487377,2025-08-25,2.309142350232125,24,24
3487377,2025-08-29,1.4673813602809485,24,24
3487377,2025-09-02,7.090772562724951,24,24
3487377,2025-09-06,6.742365744986778,24,24
3487377,2025-09-10,4.210733221054801,24,24
3487377,2025-09-14,8.481131343300351,24,24
3487377,2025-09-18,5.959559002994663,24,24
3487377,2025-09-22,7.24151675632715,24,24
3487377,2025-09-26,0.313961231136798,24,24
3487377,2025-09-30,2.026671753192919,23,23
3487377,2025-10-04,8.850612290824454,23,23
3487377,2025-10-08,17.088599649004433,24,24
3487377,2025-10-12,11.615518541799652,24,24
3487377,2025-10-16,3.9847422372834345,24,24
3487377,2025-10-20,21.91005624097491,21,21
3487377,2025-10-24,10.785914359636672,24,24
3487377,2025-10-28,13.158973946649995,24,24
3487377,2025-11-01,0.30259606538305955,24,24
3487377,2025-11-05,1.9452807932174294,23,23
3487377,2025-11-09,5.298830440367952,24,24
3487377,2025-11-13,8.766619565305502,23,23
3487377,2025-11-17,8.460560606465195,22,22
3487377,2025-11-21,5.166440968463818,24,24
3487377,2025-11-25,32.634357621934676,24,24
3487377,2025-11-29,31.496291046148098,24,24
3487377,2025-12-03,13.121078680148694,24,24
3487377,2025-12-07,26.11977082226011,24,24
3487377,2025-12-11,22.844678229272915,24,24
3487377,2025-12-15,3.2766197899201264,24,24
3487377,2025-12-19,51.76632053896233,24,24
3487377,2025-12-23,21.230368599957888,24,24
3487377,2025-12-27,33.911562441455,24,24
3487377,2025-12-31,64.74749773090014,23,23
2960634,2025-01-01,24.6145,80,80
2960634,2025-01-05,55.21338709677419,62,62
2960634,2025-01-09,74.16203703703704,54,54
2960634,2025-01-13,65.2175,8,8
2960634,2025-01-17,71.505,46,46
2960634,2025-01-21,28.58103448275862,58,58
2960634,2025-01-25,82.08782608695653,46,46
2960634,2025-01-29,73.04672727272728,55,55
2960634,2025-02-02,69.27627906976744,43,43
2960634,2025-02-06,36.02918918918919,37,37
2960634,2025-02-10,38.403728813559326,59,59
2960634,2025-02-14,70.100125,80,80
2960634,2025-02-18,48.88161764705882,68,68
2960634,2025-02-22,24.175471698113206,53,53
2960634,2025-02-26,40.97795918367347,49,49
2960634,2025-03-02,22.106176470588235,68,68
2960634,2025-03-06,32.22196078431372,51,51
2960634,2025-03-10,40.225869565217394,46,46
2960634,2025-03-14,37.82875,16,16
2960634,2025-03-18,35.908,5,5
2960634,2025-03-22,11.15,5,5
2960634,2025-03-26,33.95268292682927,41,41
2960634,2025-03-30,24.424915254237288,59,59
2960634,2025-04-03,9.161666666666667,54,54
2960634,2025-04-07,14.39639344262295,61,61
2960634,2025-04-11,14.566760563380281,71,71
2960634,2025-04-15,14.673538461538461,65,65
2960634,2025-04-19,13.356808510638297,47,47
2960634,2025-04-23,16.152916666666666,48,48
2960634,2025-04-27,10.99672131147541,61,61
2960634,2025-05-01,21.871315789473684,38,38
2960634,2025-05-05,10.048510638297873,47,47
2960634,2025-05-09,12.504705882352942,51,51
2960634,2025-05-13,14.973947368421053,38,38
2960634,2025-05-17,14.6326,50,50
2960634,2025-05-21,8.18,15,15
2960634,2025-05-25,10.133076923076922,39,39
2960634,2025-05-29,14.196382978723404,47,47
2960634,2025-06-02,13.017962962962963,54,54
2960634,2025-06-06,12.941142857142857,35,35
2960634,2025-06-10,15.049999999999999,38,38
2960634,2025-06-14,16.820833333333333,36,36
2960634,2025-06-18,11.062758620689655,29,29
2960634,2025-06-22,12.536891891891893,74,74
2960634,2025-06-26,13.40952380952381,42,42
2960634,2025-06-30,10.4465625,32,32
2960634,2025-07-04,10.885102040816326,49,49
2960634,2025-07-08,15.7196875,32,32
2960634,2025-07-12,15.225890410958904,73,73
2960634,2025-07-16,12.56230769230769,65,65
2960634,2025-07-20,13.128245614035087,57,57
2960634,2025-07-24,19.65826086956522,69,69
2960634,2025-07-28,21.198970588235294,68,68
2960634,2025-08-01,30.071625,80,80
2960634,2025-08-05,18.678428571428572,70,70
2960634,2025-08-09,22.884383561643833,73,73
2960634,2025-08-13,17.867974683544304,79,79
2960634,2025-08-17,11.372428571428571,70,70
2960634,2025-08-21,15.87779411764706,68,68
2960634,2025-08-25,18.201020408163266,49,49
2960634,2025-08-29,21.612692307692306,52,52
2960634,2025-09-02,22.477241379310346,29,29
2960634,2025-09-06,18.661162790697674,43,43
2960634,2025-09-10,12.308333333333332,6,6
2960634,2025-09-14,9.152465753424657,73,73
2960634,2025-09-18,17.46262295081967,61,61
2960634,2025-09-22,11.96828125,64,64
2960634,2025-09-26,21.67171875,64,64
2960634,2025-09-30,17.965,58,58
2960634,2025-10-04,22.941285714285716,70,70
2960634,2025-10-08,25.6512,50,50
2960634,2025-10-12,15.952708333333334,48,48
2960634,2025-10-16,19.403384615384617,65,65
2960634,2025-10-20,25.335434782608697,46,46
2960634,2025-10-24,17.254666666666665,15,15
2960634,2025-10-28,27.247627118644065,59,59
2960634,2025-11-01,32.892162162162165,74,74
2960634,2025-11-05,45.20285714285714,77,77
2960634,2025-11-09,42.358285714285714,70,70
2960634,2025-11-13,60.288148148148146,27,27
2960634,2025-11-17,40.385882352941174,68,68
2960634,2025-11-21,69.4341935483871,62,62
2960634,2025-11-25,117.72957746478872,71,71
2960634,2025-11-29,98.23172413793104,58,58
2960634,2025-12-03,53.644000000000005,65,65
2960634,2025-12-07,211.39927272727272,55,55
2960634,2025-12-11,55.93655737704918,61,61
2960634,2025-12-15,28.51813953488372,43,43
2960634,2025-12-19,77.74637931034482,58,58
2960634,2025-12-23,108.60791666666667,48,48
2960634,2025-12-27,58.812000000000005,65,65
2960634,2025-12-31,44.381499999999996,60,60
368392,2025-01-01,34.237500000000004,24,24
368392,2025-01-05,40.87083333333333,24,24
368392,2025-01-09,50.729166666666664,24,24
368392,2025-01-13,38.46666666666667,24,24
368392,2025-01-17,26.433333333333334,24,24
368392,2025-01-21,56.520833333333336,24,24
368392,2025-01-25,68.05,24,24
368392,2025-01-29,30.7,24,24
368392,2025-02-02,51.88333333333333,24,24
368392,2025-02-06,33.135000000000005,20,20
368392,2025-02-10,21.979166666666668,24,24
368392,2025-02-14,43.90416666666667,24,24
368392,2025-02-18,21.729166666666668,24,24
368392,2025-02-22,32.1875,24,24
368392,2025-02-26,17.3,21,21
368392,2025-03-02,19.36875,16,16
368392,2025-03-06,15.225,24,24
368392,2025-03-10,28.775000000000002,24,24
368392,2025-03-14,17.141666666666666,24,24
368392,2025-03-18,21.304166666666667,24,24
368392,2025-03-30,33.375,24,24
368392,2025-04-03,28.958333333333332,24,24
368392,2025-04-07,16.595833333333335,24,24
368392,2025-04-11,21.375,24,24
368392,2025-04-15,17.566666666666666,24,24
368392,2025-04-19,11.04,15,15
368392,2025-04-23,12.818181818181818,22,22
368392,2025-05-09,11.578260869565218,23,23
368392,2025-05-13,11.195833333333333,24,24
368392,2025-05-17,18.154166666666665,24,24
368392,2025-05-21,12.486363636363636,22,22
368392,2025-05-25,11.104166666666666,24,24
368392,2025-05-29,10.0875,24,24
368392,2025-06-02,11.678260869565218,23,23
368392,2025-06-06,16.3625,24,24
368392,2025-06-10,10.016666666666667,24,24
368392,2025-06-14,9.579166666666667,24,24
368392,2025-06-18,7.758333333333333,24,24
368392,2025-06-22,10.608333333333333,24,24
368392,2025-06-26,11.483333333333334,24,24
368392,2025-06-30,12.879166666666668,24,24
368392,2025-08-25,6.144444444444444,9,9
368392,2025-08-29,13.004166666666668,24,24
368392,2025-09-02,10.129166666666666,24,24
368392,2025-09-06,12.958333333333334,24,24
368392,2025-09-10,8.174999999999999,24,24
368392,2025-09-14,19.325,24,24
368392,2025-09-18,9.641666666666667,24,24
368392,2025-09-22,10.895833333333334,24,24
368392,2025-09-26,10.691666666666668,24,24
368392,2025-09-30,6.541666666666667,24,24
368392,2025-10-04,12.091666666666667,24,24
368392,2025-10-08,10.186363636363636,22,22
368392,2025-11-21,14.87,20,20
368392,2025-11-25,19.766666666666666,24,24
368392,2025-11-29,29.454166666666666,24,24
368392,2025-12-03,39.766666666666666,24,24
368392,2025-12-07,20.041666666666668,24,24
368392,2025-12-11,21.645833333333332,24,24
368392,2025-12-15,17.108695652173914,23,23
368392,2025-12-19,25.233333333333334,24,24
368392,2025-12-23,21.912499999999998,24,24
368392,2025-12-27,19.004166666666666,24,24
368392,2025-12-31,35.43333333333333,24,24
6945,2025-02-22,44.562641509433966,53,53
6945,2025-02-26,62.45186813186813,91,91
6945,2025-03-02,55.55080459770115,87,87
6945,2025-03-06,70.46000000000001,61,61
6945,2025-03-10,217.75999999999996,88,88
6945,2025-03-14,40.635604395604396,91,91
6945,2025-03-18,30.57858695652174,92,92
6945,2025-03-22,29.474666666666664,90,90
6945,2025-03-26,28.27966292134831,89,89
6945,2025-03-30,35.69651685393258,89,89
6945,2025-04-03,44.80290909090909,55,55
6945,2025-04-07,44.18222222222222,81,81
6945,2025-04-11,29.79,16,16
6945,2025-04-15,80.40652173913044,46,46
6945,2025-04-19,217.76,83,83
6945,2025-04-23,56.248620689655176,87,87
6945,2025-04-27,50.30186813186813,91,91
6945,2025-05-05,65.72162162162162,37,37
6945,2025-05-09,32.74511111111111,90,90
6945,2025-05-13,36.995357142857145,84,84
6945,2025-05-17,216.28362637362636,91,91
6945,2025-05-21,32.263888888888886,72,72
6945,2025-05-25,31.78483870967742,62,62
6945,2025-05-29,52.77289473684211,38,38
6945,2025-06-02,40.77804878048781,82,82
6945,2025-06-06,45.715604395604394,91,91
6945,2025-06-10,37.31951219512195,82,82
6945,2025-06-14,33.419120879120875,91,91
6945,2025-06-18,34.56741176470588,85,85
6945,2025-06-22,44.33594936708861,79,79
6945,2025-06-26,47.36701149425288,87,87
6945,2025-06-30,42.656363636363636,55,55
6945,2025-07-04,37.25855263157895,76,76
6945,2025-07-08,41.18137931034482,87,87
6945,2025-07-12,37.620919540229885,87,87
6945,2025-07-16,38.44044943820224,89,89
6945,2025-07-20,30.56,92,92
6945,2025-07-24,162.04927710843373,83,83
6945,2025-07-28,33.76542857142857,35,35
6945,2025-08-01,39.36206896551724,58,58
6945,2025-08-05,33.30304347826087,46,46
6945,2025-08-09,39.168101265822784,79,79
6945,2025-08-13,33.57386363636363,88,88
6945,2025-08-17,27.57362637362637,91,91
6945,2025-08-21,158.68011363636364,88,88
6945,2025-08-25,33.36022727272727,88,88
6945,2025-08-29,29.35068965517241,87,87
6945,2025-09-02,38.12620689655172,87,87
6945,2025-09-06,32.669629629629625,27,27
6945,2025-09-10,43.76363636363636,88,88
6945,2025-09-14,30.622527472527473,91,91
6945,2025-09-18,31.12298507462686,67,67
6945,2025-09-22,33.5369387755102,49,49
6945,2025-09-26,35.60643835616438,73,73
6945,2025-09-30,28.1521978021978,91,91
6945,2025-10-04,31.59130434782609,92,92
6945,2025-10-08,38.49847826086957,92,92
6945,2025-10-16,64.06457142857144,35,35
6945,2025-10-20,63.73120689655172,58,58
6945,2025-10-24,39.66282051282051,78,78
6945,2025-10-28,31.048939393939396,66,66
6945,2025-11-01,30.348974358974363,78,78
6945,2025-11-05,40.60517647058823,85,85
6945,2025-11-09,46.985568181818174,88,88
6945,2025-11-13,49.71057471264368,87,87
6945,2025-11-17,48.8683950617284,81,81
6945,2025-11-21,55.179736842105264,76,76
6945,2025-11-25,69.16310344827586,29,29
6945,2025-11-29,46.76,88,88
6945,2025-12-03,51.80367816091954,87,87
6945,2025-12-07,49.76727272727272,88,88
6945,2025-12-11,46.515882352941176,34,34
6945,2025-12-15,53.95607142857142,84,84
6945,2025-12-19,50.835,18,18
6945,2025-12-27,53.23769230769231,52,52
6945,2025-12-31,57.88172413793104,87,87
2843723,2025-01-01,35.17521086004045,24,24
2843723,2025-01-05,43.50566923618317,24,24
2843723,2025-01-09,51.90813929792764,23,23
2843723,2025-01-13,85.73809560139973,1,1
2843723,2025-02-14,55.90312752458784,24,24
2843723,2025-02-18,21.91320760978593,24,24
2843723,2025-02-22,37.09169136153327,24,24
2843723,2025-02-26,37.00468746158811,24,24
2843723,2025-03-02,21.255071964528828,24,24
2843723,2025-03-06,16.731386452913284,24,24
2843723,2025-03-10,39.17354083723492,24,24
2843723,2025-03-14,21.268125861883163,24,24
2843723,2025-03-18,33.59150090614955,24,24
2843723,2025-03-22,53.46006863647037,24,24
2843723,2025-03-26,45.18822948137919,24,24
2843723,2025-03-30,41.02889102035099,24,24
2843723,2025-04-03,23.24705899424023,24,24
2843723,2025-04-07,27.472100701597,24,24
2843723,2025-04-11,29.688014325168396,24,24
2843723,2025-04-15,17.936086325181854,24,24
2843723,2025-04-19,6.552461570335759,24,24
2843723,2025-04-23,13.24196593132284,24,24
2843723,2025-04-27,12.374524262216356,24,24
2843723,2025-05-01,24.94610343597553,18,18
2843723,2025-05-05,7.187817871984508,24,24
2843723,2025-05-09,9.804799091484812,24,24
2843723,2025-05-13,14.646794377308753,24,24
2843723,2025-05-17,26.676308274269104,24,24
2843723,2025-05-21,17.414911957250702,24,24
2843723,2025-05-25,13.809951646201727,24,24
2843723,2025-05-29,6.295837476849556,24,24
2843723,2025-06-02,5.697215134189243,7,7
2843723,2025-06-06,18.19009051513341,24,24
2843723,2025-06-10,11.090892862942484,24,24
2843723,2025-06-14,1.46554480927827,24,24
2843723,2025-06-18,4.5444597450809345,24,24
2843723,2025-06-22,3.0440648632542486,23,23
2843723,2025-06-26,7.343064243387844,24,24
2843723,2025-06-30,10.40835189860728,24,24
2843723,2025-07-04,6.220776287631856,24,24
2843723,2025-07-08,8.298280043734445,24,24
2843723,2025-07-12,9.065818874372377,24,24
2843723,2025-07-16,7.052490482727687,24,24
2843723,2025-07-20,2.815758506418206,24,24
2843723,2025-07-24,10.294304307964113,24,24
2843723,2025-07-28,11.364742876754867,24,24
2843723,2025-08-01,8.297194126579496,24,24
2843723,2025-08-05,4.975948653287358,24,24
2843723,2025-08-09,5.959204709157348,24,24
2843723,2025-08-13,3.2150097905089043,24,24
2843723,2025-08-17,6.936975022984876,24,24
2843723,2025-08-21,10.926336380342642,24,24
2843723,2025-08-25,4.004546959884465,24,24
2843723,2025-08-29,11.375238481495115,24,24
2843723,2025-09-02,7.1545705207520065,24,24
2843723,2025-09-06,7.385971427791649,24,24
2843723,2025-09-10,4.616064409828849,24,24
2843723,2025-09-14,13.721335555737218,24,24
2843723,2025-09-18,3.238625581473267,24,24
2843723,2025-09-22,7.693151006682052,24,24
2843723,2025-09-26,3.9928922804799942,24,24
2843723,2025-09-30,5.229770956688488,23,23
2843723,2025-10-04,13.426710226275079,23,23
2843723,2025-10-08,9.66885127188766,24,24
2843723,2025-10-12,31.546932858457325,24,24
2843723,2025-10-16,10.99756200384723,24,24
2843723,2025-10-20,16.388953857955176,21,21
2843723,2025-10-24,6.491174772243809,24,24
2843723,2025-10-28,18.832649229798054,24,24
2843723,2025-11-01,13.420907737913224,24,24
2843723,2025-11-05,14.740653048797135,23,23
2843723,2025-11-09,33.58935810310185,24,24
2843723,2025-11-13,37.28015009463451,23,23
2843723,2025-11-17,15.866332993685425,22,22
2843723,2025-11-21,22.05806175006366,24,24
2843723,2025-11-25,32.536124339147854,24,24
2843723,2025-11-29,37.09891782255557,24,24
2843723,2025-12-03,51.961664972403064,24,24
2843723,2025-12-07,24.880220318477225,24,24
2843723,2025-12-11,35.273462713040686,24,24
2843723,2025-12-15,16.21162366987694,24,24
2843723,2025-12-19,31.09350569048729,24,24
2843723,2025-12-23,19.62021122986165,24,24
2843723,2025-12-27,22.947502895283005,24,24
2843723,2025-12-31,43.147267510719836,23,23
2146217,2025-01-01,262.522297223409,24,24
2146217,2025-01-05,389.03204366895886,18,24
2146217,2025-01-09,193.91466634803348,8,20
2146217,2025-01-13,45.98655764261881,1,1
2146217,2025-02-14,41.12544335560365,24,24
2146217,2025-02-18,44.720625562539404,24,24
2146217,2025-02-22,41.6830435262786,24,24
2146217,2025-02-26,24.78002940615018,24,24
2146217,2025-03-02,29.363339701686243,24,24
2146217,2025-03-06,45.9631076587571,24,24
2146217,2025-03-10,55.72733770476447,24,24
2146217,2025-03-14,60.36494918664297,24,24
2146217,2025-03-18,87.96280777454376,24,24
2146217,2025-03-22,93.62458715438842,20,20
2146217,2025-03-26,101.75189924240112,24,24
2146217,2025-03-30,193.30105055703055,24,24
2146217,2025-04-03,123.80511645740933,24,24
2146217,2025-04-07,51.00555649068621,24,24
2146217,2025-04-11,176.20215350786845,20,20
2146217,2025-04-15,14.47000040941768,24,24
2146217,2025-04-19,29.698405305544537,24,24
2146217,2025-04-23,60.62011614110735,24,24
2146217,2025-04-27,94.60172820091248,24,24
2146217,2025-05-01,16.177948918607502,24,24
2146217,2025-05-05,24.503747112221188,24,24
2146217,2025-05-09,50.033287008603416,24,24
2146217,2025-05-13,17.315170344379215,24,24
2146217,2025-05-21,10.059875912256915,24,24
2146217,2025-05-25,6.341953849060494,19,19
2146217,2025-05-29,4.461438082282742,24,24
2146217,2025-06-02,4.444118470308327,7,7
2146217,2025-06-06,17.08880286084281,24,24
2146217,2025-06-10,6.969465930842691,24,24
2146217,2025-06-14,4.777631024364382,24,24
2146217,2025-06-18,3.618942200432583,24,24
2146217,2025-06-22,7.0790700612292765,23,23
2146217,2025-06-26,7.801803101682001,24,24
2146217,2025-06-30,10.611549060433,9,9
2146217,2025-12-31,36.87814702189652,23,23
3409417,2025-02-22,46.64102564102564,78,78
3409417,2025-02-26,55.14473684210526,76,76
3409417,2025-03-02,50.31707317073171,82,82
3409417,2025-03-06,38.74418604651163,86,86
3409417,2025-03-10,41.23456790123457,81,81
3409417,2025-03-14,27.86021505376344,93,93
3409417,2025-03-18,35.855555555555554,90,90
3409417,2025-03-22,35.54945054945055,91,91
3409417,2025-03-26,39.298850574712645,87,87
3409417,2025-03-30,39.637362637362635,91,91
3409417,2025-04-03,53.45238095238095,84,84
3409417,2025-04-07,55.30337078651685,89,89
3409417,2025-04-11,36.375,16,16
3409417,2025-04-15,29.383333333333333,60,60
3409417,2025-04-19,30.746666666666666,75,75
3409417,2025-04-23,36.264150943396224,53,53
3409417,2025-04-27,39.25555555555555,90,90
3409417,2025-05-01,41.029411764705884,68,68
3409417,2025-05-05,22.75294117647059,85,85
3409417,2025-05-09,22.82758620689655,87,87
3409417,2025-05-13,23.625,80,80
3409417,2025-05-17,53.3,60,60
3409417,2025-05-21,27.454545454545453,66,66
3409417,2025-05-25,33.59375,64,64
3409417,2025-05-29,33.20289855072464,69,69
3409417,2025-06-02,29.533333333333335,75,75
3409417,2025-06-06,47.075268817204304,93,93
3409417,2025-06-10,63.266666666666666,75,75
3409417,2025-06-14,35.48888888888889,90,90
3409417,2025-06-18,5.466666666666667,45,45
3409417,2025-06-22,7.671428571428572,70,70
3409417,2025-06-26,10.027777777777779,72,72
3409417,2025-06-30,18.19148936170213,47,47
3409417,2025-07-04,5.477611940298507,67,67
3409417,2025-07-08,21.488636363636363,88,88
3409417,2025-07-12,12.571428571428571,42,42
3409417,2025-07-16,18.753086419753085,81,81
3409417,2025-07-20,16.076923076923077,91,91
3409417,2025-07-24,18.32941176470588,85,85
3409417,2025-07-28,7.565217391304348,92,92
3409417,2025-08-01,32.220338983050844,59,59
3409417,2025-08-05,25.379746835443036,79,79
3409417,2025-08-09,28.313725490196077,51,51
3409417,2025-08-13,27.056603773584907,53,53
3409417,2025-08-17,19.966666666666665,90,90
3409417,2025-08-21,5.715909090909091,88,88
3409417,2025-08-25,5.7727272727272725,88,88
3409417,2025-08-29,19.39325842696629,89,89
3409417,2025-09-02,18.070588235294117,85,85
3409417,2025-09-06,9.318181818181818,88,88
3409417,2025-09-10,33.68539325842696,89,89
3409417,2025-09-14,40.21686746987952,83,83
3409417,2025-09-18,20.027397260273972,73,73
3409417,2025-09-22,35.014084507042256,71,71
3409417,2025-09-26,26.041095890410958,73,73
3409417,2025-09-30,9.296296296296296,81,81
3409417,2025-10-04,9.326086956521738,92,92
3409417,2025-10-08,70.01149425287356,87,87
3409417,2025-10-12,37.7032967032967,91,91
3409417,2025-10-16,75.20238095238095,84,84
3409417,2025-10-20,52.476190476190474,63,63
3409417,2025-10-24,94.97701149425288,87,87
3409417,2025-10-28,10.864406779661017,59,59
3409417,2025-11-01,45.92857142857143,70,70
3409417,2025-11-05,33.183098591549296,71,71
3409417,2025-11-09,49.044444444444444,90,90
3409417,2025-11-13,48.75,88,88
3409417,2025-11-17,72.51685393258427,89,89
3409417,2025-11-21,86.27956989247312,93,93
3409417,2025-11-25,67.63440860215054,93,93
3409417,2025-11-29,82.97849462365592,93,93
3409417,2025-12-03,53.36470588235294,85,85
3409417,2025-12-07,53.120879120879124,91,91
3409417,2025-12-11,54.33766233766234,77,77
3409417,2025-12-15,78.56626506024097,83,83
3409417,2025-12-19,59.25581395348837,86,86
3409417,2025-12-23,81.64044943820225,89,89
3409417,2025-12-27,91.2125,80,80
3409417,2025-12-31,82.43956043956044,91,91
4797654,2025-06-22,17.597179487179485,78,78
4797654,2025-06-26,15.333714285714288,35,35
4797654,2025-06-30,16.152608695652173,23,23
4797654,2025-07-04,12.443469387755103,49,49
4797654,2025-07-08,7.336842105263158,38,38
4797654,2025-07-12,15.525277777777777,72,72
4797654,2025-07-16,8.962878787878788,66,66
4797654,2025-07-20,14.232903225806453,62,62
4797654,2025-07-24,9.58056338028169,71,71
4797654,2025-07-28,15.978656716417909,67,67
4797654,2025-08-01,18.03320987654321,81,81
4797654,2025-08-05,27.074864864864864,74,74
4797654,2025-08-09,15.968289473684209,76,76
4797654,2025-08-13,19.71012345679012,81,81
4797654,2025-08-17,12.273521126760564,71,71
4797654,2025-08-21,10.792933333333334,75,75
4797654,2025-08-25,19.226981132075473,53,53
4797654,2025-08-29,22.232741935483872,62,62
4797654,2025-09-02,13.415223880597015,67,67
4797654,2025-09-06,17.373382352941178,68,68
4797654,2025-09-10,6.134,15,15
4797654,2025-09-14,17.3124,75,75
4797654,2025-09-18,20.091323529411767,68,68
4797654,2025-09-22,1.7516949152542372,59,59
4797654,2025-09-26,13.696760563380282,71,71
4797654,2025-09-30,20.260689655172417,58,58
4797654,2025-10-04,17.200142857142858,70,70
4797654,2025-10-08,21.69078431372549,51,51
4797654,2025-10-12,15.617250000000002,40,40
4797654,2025-10-16,9.788840579710143,69,69
4797654,2025-10-20,14.831999999999999,40,40
4797654,2025-10-24,6.97625,24,24
4797654,2025-10-28,13.166851851851852,54,54
4797654,2025-11-01,4.9471428571428575,77,77
4797654,2025-11-05,7.60280487804878,82,82
4797654,2025-11-09,4.901898734177215,79,79
4797654,2025-11-13,26.18657894736842,38,38
4797654,2025-11-17,10.917971014492753,69,69
4797654,2025-11-21,13.61241935483871,62,62
4797654,2025-11-25,20.318064516129034,62,62
4797654,2025-11-29,12.871129032258064,62,62
4797654,2025-12-03,13.971029411764706,68,68
4797654,2025-12-07,14.867333333333333,45,45
4797654,2025-12-11,12.777903225806451,62,62
4797654,2025-12-15,22.527333333333335,45,45
4797654,2025-12-19,15.948541666666666,48,48
4797654,2025-12-23,7.475576923076924,52,52
4797654,2025-12-27,11.599833333333333,60,60
4797654,2025-12-31,10.245151515151514,66,66
27,2025-01-01,22.958333333333332,24,24
27,2025-01-05,18.791666666666668,24,24
27,2025-01-09,17.9,10,10
27,2025-01-13,20.0,24,24
27,2025-01-17,20.541666666666668,24,24
27,2025-01-21,24.75,24,24
27,2025-01-25,22.0,24,24
27,2025-01-29,18.875,24,24
27,2025-02-02,19.75,24,24
27,2025-02-06,20.166666666666668,24,24
27,2025-02-10,19.125,24,24
27,2025-02-18,26.041666666666668,24,24
27,2025-02-22,26.125,24,24
27,2025-02-26,31.0,2,2
27,2025-03-02,20.75,24,24
27,2025-03-06,24.958333333333332,24,24
27,2025-03-10,28.791666666666668,24,24
27,2025-03-14,26.291666666666668,24,24
27,2025-03-18,27.38888888888889,18,18
27,2025-03-22,25.791666666666668,24,24
27,2025-03-26,29.375,24,24
27,2025-03-30,22.375,24,24
27,2025-04-03,26.291666666666668,24,24
27,2025-04-07,23.875,24,24
27,2025-04-11,22.666666666666668,24,24
27,2025-04-15,22.208333333333332,24,24
27,2025-04-19,26.958333333333332,24,24
27,2025-04-23,24.541666666666668,24,24
27,2025-04-27,29.416666666666668,24,24
27,2025-05-01,26.916666666666668,24,24
27,2025-05-05,26.041666666666668,24,24
27,2025-05-09,25.875,24,24
27,2025-05-13,30.583333333333332,24,24
27,2025-05-17,43.25,24,24
27,2025-05-21,29.875,24,24
27,2025-05-25,47.5,24,24
27,2025-05-29,40.833333333333336,24,24
27,2025-06-02,37.0,24,24
27,2025-06-06,39.541666666666664,24,24
27,2025-06-10,43.208333333333336,24,24
27,2025-06-14,36.416666666666664,24,24
27,2025-06-18,34.083333333333336,24,24
27,2025-06-22,26.466666666666665,15,15
27,2025-06-26,35.75,24,24
27,2025-06-30,38.375,24,24
27,2025-07-04,40.541666666666664,24,24
27,2025-07-08,26.916666666666668,24,24
27,2025-07-12,52.625,24,24
27,2025-07-16,29.541666666666668,24,24
27,2025-07-20,43.583333333333336,24,24
27,2025-07-24,24.875,24,24
27,2025-07-28,27.125,24,24
27,2025-08-01,20.0,24,24
27,2025-08-05,33.5,24,24
27,2025-08-09,25.708333333333332,24,24
27,2025-08-13,31.916666666666668,24,24
27,2025-08-17,24.0,5,5
27,2025-08-21,18.583333333333332,24,24
27,2025-08-25,23.875,24,24
27,2025-08-29,26.041666666666668,24,24
27,2025-09-02,26.041666666666668,24,24
27,2025-09-06,23.916666666666668,24,24
27,2025-09-10,22.5,24,24
27,2025-09-14,28.0,24,24
27,2025-09-18,28.0,24,24
27,2025-09-22,22.916666666666668,24,24
27,2025-09-26,22.0,24,24
27,2025-09-30,29.541666666666668,24,24
27,2025-10-04,19.708333333333332,24,24
27,2025-10-08,21.083333333333332,24,24
27,2025-10-12,24.958333333333332,24,24
27,2025-10-16,27.208333333333332,24,24
27,2025-10-20,24.458333333333332,24,24
27,2025-10-28,23.25,8,8
27,2025-11-01,23.125,24,24
27,2025-11-05,21.875,24,24
27,2025-11-09,25.333333333333332,24,24
27,2025-11-13,23.25,24,24
27,2025-11-17,26.666666666666668,24,24
27,2025-11-21,21.5,24,24
27,2025-11-25,19.875,24,24
27,2025-11-29,20.583333333333332,24,24
27,2025-12-03,22.833333333333332,24,24
27,2025-12-07,24.333333333333332,24,24
27,2025-12-11,18.416666666666668,24,24
27,2025-12-15,26.583333333333332,12,12
27,2025-12-19,21.083333333333332,24,24
27,2025-12-23,22.166666666666668,24,24
27,2025-12-27,22.458333333333332,24,24
27,2025-12-31,23.125,24,24
3409458,2025-02-22,30.81989010989011,91,91
3409458,2025-02-26,30.880549450549452,91,91
3409458,2025-03-02,52.55038461538462,78,78
3409458,2025-03-06,16.737752808988766,89,89
3409458,2025-03-10,40.98531645569621,79,79
3409458,2025-03-14,36.78021505376344,93,93
3409458,2025-03-18,34.27494382022471,89,89
3409458,2025-03-22,33.243506493506494,77,77
3409458,2025-03-26,54.375268817204294,93,93
3409458,2025-03-30,49.596923076923076,91,91
3409458,2025-04-03,53.721724137931034,87,87
3409458,2025-04-07,29.783977272727274,88,88
3409458,2025-04-11,35.283125,16,16
3409458,2025-04-15,33.920701754385966,57,57
3409458,2025-04-19,35.38735632183908,87,87
3409458,2025-04-23,39.244942528735635,87,87
3409458,2025-04-27,14.613260869565218,92,92
3409458,2025-05-01,41.699111111111115,90,90
3409458,2025-05-05,29.248636363636365,88,88
3409458,2025-05-09,30.183763440860215,93,93
3409458,2025-05-13,24.202285714285715,35,35
3409458,2025-05-17,29.91805194805195,77,77
3409458,2025-05-21,35.00013513513514,74,74
3409458,2025-05-25,20.795384615384616,65,65
3409458,2025-05-29,25.484175824175825,91,91
3409458,2025-06-02,32.377469879518074,83,83
3409458,2025-06-06,33.94271739130435,92,92
3409458,2025-06-10,32.26487804878049,82,82
3409458,2025-06-14,26.302666666666664,90,90
3409458,2025-06-18,16.88012048192771,83,83
3409458,2025-06-22,12.140441176470588,68,68
3409458,2025-06-26,12.191976744186046,86,86
3409458,2025-06-30,18.44267857142857,56,56
3409458,2025-07-04,15.077179487179487,39,39
3409458,2025-07-08,18.837701149425286,87,87
3409458,2025-07-12,22.314285714285717,49,49
3409458,2025-07-16,19.868333333333336,90,90
3409458,2025-07-20,25.49453488372093,86,86
3409458,2025-07-24,15.093571428571428,84,84
3409458,2025-07-28,9.396744186046512,86,86
3409458,2025-08-01,19.517627118644068,59,59
3409458,2025-08-05,26.18486111111111,72,72
3409458,2025-08-09,18.355125,80,80
3409458,2025-08-13,15.138275862068966,87,87
3409458,2025-08-17,12.835764705882353,85,85
3409458,2025-08-21,10.52235294117647,85,85
3409458,2025-08-25,11.862921348314606,89,89
3409458,2025-08-29,15.632631578947368,76,76
3409458,2025-09-02,11.892702702702701,74,74
3409458,2025-09-06,8.472222222222221,90,90
3409458,2025-09-10,18.579529411764707,85,85
3409458,2025-09-14,23.15127906976744,86,86
3409458,2025-09-18,20.728219178082192,73,73
3409458,2025-09-22,23.922134831460674,89,89
3409458,2025-09-26,24.85608695652174,69,69
3409458,2025-09-30,9.787906976744186,86,86
3409458,2025-10-04,19.69012048192771,83,83
3409458,2025-10-08,27.186436781609192,87,87
3409458,2025-10-12,51.09111111111111,9,9
3409458,2025-10-16,48.058539325842695,89,89
3409458,2025-10-20,60.37435483870968,62,62
3409458,2025-10-24,43.735573770491804,61,61
3409458,2025-10-28,27.302916666666665,72,72
3409458,2025-11-01,19.3966265060241,83,83
3409458,2025-11-05,30.783804347826088,92,92
3409458,2025-11-09,59.3661797752809,89,89
3409458,2025-11-13,57.76568181818182,88,88
3409458,2025-11-17,53.61647727272727,88,88
3409458,2025-11-21,74.37934782608696,92,92
3409458,2025-11-25,64.63440860215054,93,93
3409458,2025-11-29,50.989230769230765,91,91
3409458,2025-12-03,21.232222222222223,90,90
3409458,2025-12-07,36.37738636363636,88,88
3409458,2025-12-11,28.045588235294115,68,68
3409458,2025-12-15,56.316428571428574,84,84
3409458,2025-12-19,22.601860465116278,86,86
3409458,2025-12-23,30.141860465116277,86,86
3409458,2025-12-27,52.79948717948717,78,78
3409458,2025-12-31,51.76294117647059,85,85
3409398,2025-02-22,40.644239130434784,92,92
3409398,2025-02-26,27.03921348314607,89,89
3409398,2025-03-02,51.644999999999996,60,60
3409398,2025-03-06,32.48886363636364,88,88
3409398,2025-03-10,74.33979591836734,49,49
3409398,2025-03-14,85.06642857142857,56,56
3409398,2025-03-18,43.75877551020408,49,49
3409398,2025-03-26,51.96393939393939,66,66
3409398,2025-03-30,43.16439560439561,91,91
3409398,2025-04-03,37.4505,20,20
3409398,2025-04-07,29.958735632183906,87,87
3409398,2025-04-15,18.64406779661017,59,59
3409398,2025-04-19,20.696666666666665,90,90
3409398,2025-04-23,28.174615384615382,91,91
3409398,2025-05-01,18.46308823529412,68,68
3409398,2025-05-05,28.829583333333332,48,48
3409398,2025-05-09,22.377058823529413,34,34
3409398,2025-05-13,50.023,40,40
3409398,2025-05-17,31.59452054794521,73,73
3409398,2025-05-21,49.50333333333333,30,30
3409398,2025-05-29,7.782745098039216,51,51
3409398,2025-06-02,36.95982142857143,56,56
3409398,2025-06-06,30.554086021505373,93,93
3409398,2025-06-10,39.3256976744186,86,86
3409398,2025-06-14,31.134301075268816,93,93
3409398,2025-06-18,24.71409090909091,22,22
3409398,2025-06-22,14.903846153846153,39,39
3409398,2025-06-26,16.63972972972973,37,37
3409398,2025-06-30,17.15418181818182,55,55
3409398,2025-07-04,13.312264150943395,53,53
3409398,2025-07-08,7.002745098039216,51,51
3409398,2025-07-12,11.561827956989248,93,93
3409398,2025-07-16,17.14391304347826,46,46
3409398,2025-07-24,8.014444444444443,18,18
3409398,2025-07-28,12.883454545454546,55,55
3409398,2025-08-01,15.174285714285714,28,28
3409398,2025-08-05,31.044999999999998,42,42
3409398,2025-08-09,24.013209876543208,81,81
3409398,2025-08-13,31.269166666666667,60,60
3409398,2025-08-17,5.016111111111111,90,90
3409398,2025-08-21,6.6225,48,48
3409398,2025-08-25,12.30046875,64,64
3409398,2025-08-29,11.257752808988764,89,89
3409398,2025-09-02,16.77225,40,40
3409398,2025-09-06,7.230909090909091,22,22
3409398,2025-09-10,43.56296296296296,27,27
3409398,2025-09-18,22.526046511627907,43,43
3409398,2025-09-22,12.821960784313724,51,51
3409398,2025-09-26,13.40421052631579,38,38
3409398,2025-09-30,0.0,68,68
3409398,2025-10-04,0.0,60,60
3409398,2025-10-08,27.261000000000003,40,40
3409398,2025-10-12,21.315087719298248,57,57
3409398,2025-10-16,36.08465909090909,88,88
3409398,2025-10-20,29.67217391304348,23,23
3409398,2025-10-24,42.27939393939394,66,66
3409398,2025-10-28,17.787941176470586,34,34
3409398,2025-11-01,5.294666666666666,45,45
3409398,2025-11-05,26.07466666666667,90,90
3409398,2025-11-09,24.703023255813953,43,43
3409398,2025-11-13,57.77505882352941,85,85
3409398,2025-11-17,43.48222222222222,36,36
3409398,2025-11-21,42.577710843373495,83,83
3409398,2025-11-25,52.43600000000001,50,50
3409398,2025-11-29,40.09554347826087,92,92
3409398,2025-12-03,56.280588235294125,85,85
3409398,2025-12-07,35.76835164835165,91,91
3409398,2025-12-11,37.10797101449275,69,69
3409398,2025-12-15,71.07561403508772,57,57
3409398,2025-12-19,64.47094117647059,85,85
3409398,2025-12-23,82.50964285714286,84,84
3409398,2025-12-27,48.15491803278688,61,61
3409398,2025-12-31,38.79311111111111,90,90
10918,2025-02-22,45.996703296703295,91,91
10918,2025-02-26,82.05555555555556,90,90
10918,2025-03-02,54.782558139534885,86,86
10918,2025-03-06,52.92808988764045,89,89
10918,2025-03-10,46.46896551724138,87,87
10918,2025-03-14,37.97717391304348,92,92
10918,2025-03-18,48.73516483516483,91,91
10918,2025-03-22,29.76888888888889,90,90
10918,2025-03-26,45.06043956043956,91,91
10918,2025-03-30,55.69775280898877,89,89
10918,2025-04-03,30.509195402298854,87,87
10918,2025-04-07,15.233720930232558,86,86
10918,2025-04-11,16.026666666666667,15,15
10918,2025-04-15,35.11525423728814,59,59
10918,2025-04-19,32.09659090909091,88,88
10918,2025-04-23,36.30444444444444,90,90
10918,2025-04-27,34.75505617977528,89,89
10918,2025-06-26,11.052222222222222,90,90
10918,2025-06-30,20.08909090909091,55,55
10918,2025-07-04,23.29605263157895,76,76
10918,2025-07-08,14.083908045977012,87,87
10918,2025-07-12,26.381111111111114,90,90
10918,2025-07-16,21.086516853932586,89,89
10918,2025-07-20,18.030337078651687,89,89
10918,2025-07-24,21.539285714285715,84,84
10918,2025-07-28,16.478021978021978,91,91
10918,2025-08-01,25.650877192982456,57,57
10918,2025-08-05,28.065333333333335,75,75
10918,2025-08-09,14.822784810126583,79,79
10918,2025-08-13,13.298850574712644,87,87
10918,2025-08-17,12.758241758241759,91,91
10918,2025-08-21,17.13953488372093,86,86
10918,2025-08-25,24.46629213483146,89,89
10918,2025-08-29,17.495454545454546,88,88
10918,2025-09-02,18.881609195402298,87,87
10918,2025-09-06,25.735555555555553,90,90
10918,2025-09-10,19.922988505747124,87,87
10918,2025-09-14,12.20989010989011,91,91
10918,2025-09-18,17.87142857142857,70,70
10918,2025-09-22,27.47752808988764,89,89
10918,2025-09-26,20.544594594594592,74,74
10918,2025-09-30,27.301098901098904,91,91
10918,2025-10-04,18.05777777777778,90,90
10918,2025-10-08,32.33406593406593,91,91
10918,2025-10-12,46.83846153846154,91,91
10918,2025-10-16,69.99310344827586,87,87
10918,2025-10-20,61.401666666666664,60,60
10918,2025-10-24,65.49775280898876,89,89
10918,2025-10-28,41.44202898550725,69,69
10918,2025-11-01,24.587012987012987,77,77
10918,2025-11-05,87.75666666666667,90,90
10918,2025-11-09,57.26483516483517,91,91
10918,2025-11-13,87.91666666666667,90,90
10918,2025-11-17,64.69651162790697,86,86
10918,2025-11-21,95.19888888888889,90,90
10918,2025-11-25,106.75217391304349,92,92
10918,2025-11-29,85.72527472527473,91,91
10918,2025-12-03,92.93666666666665,90,90
10918,2025-12-07,99.6108695652174,92,92
10918,2025-12-11,132.9347222222222,72,72
10918,2025-12-15,61.536249999999995,80,80
10918,2025-12-19,58.62317073170732,82,82
10918,2025-12-23,81.84772727272728,88,88
10918,2025-12-27,91.48947368421052,76,76
10918,2025-12-31,72.4314606741573,89,89
990,2025-01-01,15.875,24,24
990,2025-01-05,12.0,24,24
990,2025-01-09,12.333333333333334,24,24
990,2025-01-13,14.0,24,24
990,2025-01-17,12.291666666666666,24,24
990,2025-01-21,11.833333333333334,24,24
990,2025-01-25,12.0,24,24
990,2025-01-29,12.333333333333334,24,24
990,2025-02-02,12.625,24,24
990,2025-02-06,11.708333333333334,24,24
990,2025-02-10,12.25,24,24
990,2025-02-14,13.533333333333333,15,15
990,2025-02-18,16.125,24,24
990,2025-02-22,11.916666666666666,24,24
990,2025-02-26,11.0,10,10
990,2025-03-02,13.916666666666666,24,24
990,2025-03-06,12.458333333333334,24,24
990,2025-03-10,13.041666666666666,24,24
990,2025-03-14,14.0,24,24
990,2025-03-18,15.208333333333334,24,24
990,2025-03-22,13.625,24,24
990,2025-03-26,12.0,8,8
990,2025-03-30,21.75,24,24
990,2025-04-03,20.875,24,24
990,2025-04-07,41.708333333333336,24,24
990,2025-04-11,17.666666666666668,24,24
990,2025-04-15,27.5,2,2
990,2025-04-19,23.541666666666668,24,24
990,2025-04-23,24.875,24,24
990,2025-04-27,33.208333333333336,24,24
990,2025-05-01,22.458333333333332,24,24
990,2025-05-05,56.708333333333336,24,24
990,2025-05-09,18.458333333333332,24,24
990,2025-05-13,39.625,24,24
990,2025-05-17,19.208333333333332,24,24
990,2025-05-21,62.166666666666664,24,24
990,2025-05-25,43.0,24,24
990,2025-05-29,75.20833333333333,24,24
990,2025-06-02,45.625,24,24
990,2025-06-06,35.708333333333336,24,24
990,2025-06-10,51.25,24,24
990,2025-06-14,42.375,24,24
990,2025-06-18,58.375,24,24
990,2025-06-22,70.41666666666667,24,24
990,2025-06-26,42.041666666666664,24,24
990,2025-06-30,137.29166666666666,24,24
990,2025-07-04,88.70833333333333,24,24
990,2025-07-08,36.25,24,24
990,2025-07-12,48.541666666666664,24,24
990,2025-07-16,79.29166666666667,24,24
990,2025-07-20,61.0,24,24
990,2025-07-24,198.8,15,15
990,2025-09-06,77.79166666666667,24,24
990,2025-09-10,22.5,24,24
990,2025-09-14,39.94117647058823,17,17
990,2025-09-18,23.833333333333332,24,24
990,2025-09-22,18.875,24,24
990,2025-09-26,16.291666666666668,24,24
990,2025-09-30,23.0,24,24
990,2025-10-04,19.291666666666668,24,24
990,2025-10-08,21.666666666666668,24,24
990,2025-10-12,21.583333333333332,24,24
990,2025-10-16,29.541666666666668,24,24
990,2025-10-20,17.375,24,24
990,2025-10-28,16.77777777777778,9,9
990,2025-11-01,17.208333333333332,24,24
990,2025-11-05,16.875,24,24
990,2025-11-09,17.5,24,24
990,2025-11-13,16.041666666666668,24,24
990,2025-11-17,15.666666666666666,24,24
990,2025-11-21,14.333333333333334,24,24
990,2025-11-25,12.666666666666666,24,24
990,2025-11-29,14.75,24,24
990,2025-12-03,14.5,24,24
990,2025-12-07,12.708333333333334,24,24
990,2025-12-11,11.5,24,24
990,2025-12-15,11.916666666666666,24,24
990,2025-12-19,12.166666666666666,24,24
990,2025-12-23,13.666666666666666,24,24
990,2025-12-27,12.458333333333334,24,24
990,2025-12-31,12.416666666666666,24,24
2422,2025-01-01,16.625,24,24
2422,2025-01-05,18.0,24,24
2422,2025-01-09,15.291666666666666,24,24
2422,2025-01-13,16.833333333333332,24,24
2422,2025-01-17,17.041666666666668,24,24
2422,2025-01-21,22.083333333333332,24,24
2422,2025-01-25,22.416666666666668,24,24
2422,2025-01-29,19.5,24,24
2422,2025-02-02,17.583333333333332,24,24
2422,2025-02-06,19.625,24,24
2422,2025-02-10,16.375,24,24
2422,2025-02-14,21.0,24,24
2422,2025-02-18,19.916666666666668,24,24
2422,2025-02-22,17.0,12,12
2422,2025-03-02,15.0,11,11
2422,2025-03-06,17.666666666666668,24,24
2422,2025-03-10,20.541666666666668,24,24
2422,2025-03-14,16.375,24,24
2422,2025-03-18,21.666666666666668,24,24
2422,2025-03-22,19.625,24,24
2422,2025-03-26,22.375,24,24
2422,2025-03-30,21.541666666666668,24,24
2422,2025-04-03,28.416666666666668,24,24
2422,2025-04-07,21.041666666666668,24,24
2422,2025-04-11,23.416666666666668,24,24
2422,2025-04-15,20.041666666666668,24,24
2422,2025-04-19,22.333333333333332,15,15
2422,2025-04-23,21.458333333333332,24,24
2422,2025-04-27,26.875,24,24
2422,2025-05-01,21.166666666666668,24,24
2422,2025-05-05,30.916666666666668,24,24
2422,2025-05-09,23.458333333333332,24,24
2422,2025-05-13,25.083333333333332,24,24
2422,2025-05-17,30.166666666666668,24,24
2422,2025-05-21,27.958333333333332,24,24
2422,2025-05-25,29.208333333333332,24,24
2422,2025-05-29,27.125,24,24
2422,2025-06-02,19.25,24,24
2422,2025-06-06,30.75,24,24
2422,2025-06-10,42.375,24,24
2422,2025-06-14,30.041666666666668,24,24
2422,2025-06-18,30.375,24,24
2422,2025-06-22,38.708333333333336,24,24
2422,2025-06-26,20.5,24,24
2422,2025-06-30,35.875,24,24
2422,2025-07-04,23.958333333333332,24,24
2422,2025-07-08,21.791666666666668,24,24
2422,2025-07-12,23.875,24,24
2422,2025-07-16,32.0,24,24
2422,2025-07-20,24.5,24,24
2422,2025-07-24,22.5,24,24
2422,2025-07-28,19.708333333333332,24,24
2422,2025-08-01,17.5,24,24
2422,2025-08-05,23.458333333333332,24,24
2422,2025-08-09,17.916666666666668,24,24
2422,2025-08-13,19.708333333333332,24,24
2422,2025-08-17,14.541666666666666,24,24
2422,2025-08-21,15.625,24,24
2422,2025-08-25,23.666666666666668,24,24
2422,2025-08-29,15.333333333333334,24,24
2422,2025-09-02,20.333333333333332,24,24
2422,2025-09-06,16.666666666666668,24,24
2422,2025-09-10,17.583333333333332,24,24
2422,2025-09-14,23.125,24,24
2422,2025-09-18,20.625,24,24
2422,2025-09-22,18.083333333333332,24,24
2422,2025-09-26,15.875,24,24
2422,2025-09-30,19.125,24,24
2422,2025-10-04,14.041666666666666,24,24
2422,2025-10-08,19.791666666666668,24,24
2422,2025-10-12,17.875,24,24
2422,2025-10-16,19.458333333333332,24,24
2422,2025-10-20,16.625,24,24
2422,2025-10-28,18.125,8,8
2422,2025-11-01,18.916666666666668,24,24
2422,2025-11-05,15.333333333333334,24,24
2422,2025-11-09,18.416666666666668,24,24
2422,2025-11-13,21.208333333333332,24,24
2422,2025-11-17,21.166666666666668,24,24
2422,2025-11-21,14.166666666666666,24,24
2422,2025-11-25,14.916666666666666,24,24
2422,2025-11-29,21.5,24,24
2422,2025-12-03,19.333333333333332,24,24
2422,2025-12-07,17.25,24,24
2422,2025-12-11,15.375,24,24
2422,2025-12-15,18.541666666666668,24,24
2422,2025-12-19,17.916666666666668,24,24
2422,2025-12-23,18.083333333333332,24,24
2422,2025-12-27,17.5,24,24
2422,2025-12-31,17.5,24,24
4722655,2025-06-14,45.652576528895985,24,24
4722655,2025-06-18,41.10110914887804,24,24
4722655,2025-06-22,42.095569121236856,23,23
4722655,2025-06-26,38.51246461603377,24,24
4722655,2025-06-30,50.78568817810579,22,22
4722655,2025-07-04,52.788349893358024,24,24
4722655,2025-07-08,49.94398916098806,24,24
4722655,2025-07-12,40.46564640469021,24,24
4722655,2025-07-16,26.52455720666683,24,24
4722655,2025-07-20,51.9682667375815,24,24
4722655,2025-07-24,23.49078727301753,24,24
4722655,2025-07-28,46.942749296141066,22,22
4722655,2025-08-01,17.682878854392907,24,24
4722655,2025-08-05,27.570486038572056,24,24
4722655,2025-08-09,28.20852229233944,20,20
4722655,2025-08-13,30.63585703782361,24,24
4722655,2025-08-17,30.874087717045438,24,24
4722655,2025-08-21,18.889940398020876,24,24
4722655,2025-08-25,5.124024345216134,24,24
4722655,2025-08-29,35.64273764417062,17,17
4722655,2025-09-02,1.2332835857354376,23,23
4722655,2025-09-06,24.738504662314188,24,24
4722655,2025-09-10,34.3944063808607,23,23
4722655,2025-09-14,44.125635483833484,23,23
4722655,2025-09-18,41.806784075277825,24,24
4722655,2025-09-22,39.25804814573318,12,12
4722655,2025-09-26,37.2825752577296,24,24
4722655,2025-09-30,68.08909553272785,22,22
4722655,2025-10-04,35.67691908539206,23,23
4722655,2025-10-08,20.975921892788673,24,24
4722655,2025-10-12,50.57062438770577,24,24
4722655,2025-10-16,73.22550072536819,17,17
4722655,2025-10-20,68.98487663827761,15,15
4722655,2025-10-24,51.203338812437124,24,24
4722655,2025-10-28,76.79412948788216,24,24
4722655,2025-11-01,85.2324878613154,24,24
4722655,2025-11-05,54.71120840072632,12,12
4722655,2025-11-09,66.65352224641778,24,24
4722655,2025-11-13,109.63943043461553,18,18
4722655,2025-11-17,142.5916195753509,17,17
4722655,2025-11-21,89.12301932585359,24,24
4722655,2025-11-25,111.25151945040574,22,22
4722655,2025-11-29,69.44462372815168,24,24
4722655,2025-12-03,92.33156346682576,24,24
4722655,2025-12-07,129.05447050995298,24,24
4722655,2025-12-11,124.93285319010417,21,21
4722655,2025-12-15,78.21027467801973,20,20
4722655,2025-12-19,174.34267535474567,24,24
4722655,2025-12-23,64.59765797985925,24,24
4722655,2025-12-27,148.06823960940042,24,24
4722655,2025-12-31,158.9497585847092,21,21
2474515,2025-01-01,42.0802144838704,24,24
2474515,2025-01-05,43.10691328843435,24,24
2474515,2025-01-09,76.90606221599856,23,23
2474515,2025-01-13,50.010714530944824,1,1
2474515,2025-02-14,45.46217002471288,24,24
2474515,2025-02-18,48.25327161947886,24,24
2474515,2025-02-22,44.298363537258574,24,24
2474515,2025-02-26,25.863901300562755,24,24
2474515,2025-03-02,31.01938859621684,24,24
2474515,2025-03-06,47.94562756774402,24,24
2474515,2025-03-10,49.19475652111901,24,24
2474515,2025-03-14,61.63789684242673,24,24
2474515,2025-03-18,88.67392301559448,24,24
2474515,2025-03-22,99.51161315706041,24,24
2474515,2025-03-26,115.24410319328308,24,24
2474515,2025-03-30,171.89135836230386,24,24
2474515,2025-04-03,125.18705969386632,24,24
2474515,2025-04-07,47.03682782120175,24,24
2474515,2025-04-11,191.11806832419504,24,24
2474515,2025-04-15,14.749237388372421,24,24
2474515,2025-04-19,26.79897268342249,24,24
2474515,2025-04-23,63.52728042337629,24,24
2474515,2025-04-27,82.68671893411212,24,24
2474515,2025-05-01,17.0618138578203,24,24
2474515,2025-05-05,24.574179457293614,24,24
2474515,2025-05-09,49.70245542791155,24,24
2474515,2025-05-13,16.310212082333035,24,24
2474515,2025-05-17,5.504769228671612,24,24
2474515,2025-05-21,11.24058163083262,24,24
2474515,2025-05-25,10.646744795971447,24,24
2474515,2025-05-29,4.132304061204195,24,24
2474515,2025-06-02,13.32937918372807,7,7
2474515,2025-06-06,19.416778231660526,24,24
2474515,2025-06-10,6.744707349894775,24,24
2474515,2025-06-14,4.266529178017553,24,24
2474515,2025-06-18,7.204171254968969,24,24
2474515,2025-06-22,8.945571925977003,23,23
2474515,2025-06-26,6.458205619619952,24,24
2474515,2025-06-30,10.555336892604828,24,24
2474515,2025-07-04,7.639552337427934,24,24
2474515,2025-07-08,10.95691964858108,24,24
2474515,2025-07-12,2.0269035259391077,24,24
2474515,2025-07-16,5.960813497089678,24,24
2474515,2025-07-20,2.099516365172652,24,24
2474515,2025-07-24,1.9967633972119074,24,24
2474515,2025-07-28,4.1198598752477364,24,24
2474515,2025-08-01,10.639763173957666,24,24
2474515,2025-08-05,8.471068979991186,24,24
2474515,2025-08-09,5.4473028218166695,24,24
2474515,2025-08-13,2.104019919035232,24,24
2474515,2025-08-17,4.787510302228232,24,24
2474515,2025-08-21,4.270566716091707,24,24
2474515,2025-08-25,4.674745778656669,24,24
2474515,2025-08-29,10.16605160302586,24,24
2474515,2025-09-02,4.449453125630195,24,24
2474515,2025-09-06,5.7102965978962,24,24
2474515,2025-09-10,7.986460397951305,24,24
2474515,2025-09-14,9.389799715884253,24,24
2474515,2025-09-18,11.274470878971947,24,24
2474515,2025-09-22,2.1960329813009594,24,24
2474515,2025-09-26,2.8389942932667007,24,24
2474515,2025-09-30,6.605112591380442,23,23
2474515,2025-10-04,6.946872829743054,23,23
2474515,2025-10-08,6.125217007680072,24,24
2474515,2025-10-12,19.77967967589696,24,24
2474515,2025-10-16,6.938567071561775,24,24
2474515,2025-10-20,15.021883559605431,21,21
2474515,2025-10-24,15.22508968273457,24,24
2474515,2025-11-01,7.081450698887236,13,13
2474515,2025-11-13,15.738691520976735,13,13
2474515,2025-11-17,19.83369048365525,20,20
2474515,2025-11-21,12.922901141741052,24,24
2474515,2025-11-25,24.334703624248505,24,24
2474515,2025-11-29,32.10574496540361,23,23
2474515,2025-12-03,28.48120246892647,24,24
2474515,2025-12-07,25.13264964504769,24,24
2474515,2025-12-11,31.55873599488751,17,17
2474515,2025-12-15,21.063507374253856,24,24
2474515,2025-12-19,29.07416297947722,24,24
3597972,2025-03-06,2.2844097386631703,6,6
3597972,2025-03-10,19.23403819070922,24,24
3597972,2025-03-14,44.577724662092,24,24
3597972,2025-03-18,40.79129749205377,24,24
3597972,2025-03-22,49.301200906435646,24,24
3597972,2025-03-26,90.46361255645752,24,24
3597972,2025-03-30,1.6024241956830438,24,24
3597972,2025-04-03,56.94840450286865,24,24
3597972,2025-04-07,24.114860514799755,24,24
3597972,2025-04-11,85.10559879408943,24,24
3597972,2025-04-15,11.146998274657461,24,24
3597972,2025-04-19,11.629140663672134,24,24
3597972,2025-04-23,56.19036569576414,24,24
3597972,2025-04-27,38.25710770156648,24,24
3597972,2025-05-01,7.0638234992899624,24,24
3597972,2025-05-05,28.370959993865753,24,24
3597972,2025-05-09,57.14996519353655,24,24
3597972,2025-05-13,19.02323956290881,24,24
3597972,2025-05-17,2.330091768888065,16,16
3597972,2025-05-21,4.506219591722771,24,24
3597972,2025-05-25,5.526729149912071,24,24
3597972,2025-05-29,5.303583340706408,24,24
3597972,2025-06-06,7.63090110212715,24,24
3597972,2025-06-10,4.861697317825423,24,24
3597972,2025-06-14,4.883815977036849,24,24
3597972,2025-06-18,2.1049878541638867,24,24
3597972,2025-06-22,6.370818814208758,23,23
3597972,2025-06-26,1.824805390577754,24,24
3597972,2025-06-30,1.015946173031504,24,24
3597972,2025-07-04,2.524083829375856,24,24
3597972,2025-07-08,6.039173578494228,24,24
3597972,2025-07-12,5.975481497330798,24,24
3597972,2025-07-16,2.1359947802654156,24,24
3597972,2025-07-20,1.6794136700263016,17,17
3597972,2025-07-24,0.8756545241663439,24,24
3597972,2025-07-28,9.299508664343092,24,24
3597972,2025-08-01,3.792978584727583,24,24
3597972,2025-08-05,5.11672784339089,23,23
3597972,2025-08-09,3.6934566044429733,24,24
3597972,2025-08-13,4.0469132089056075,24,24
3597972,2025-08-17,4.157538193898897,24,24
3597972,2025-08-21,5.593913541071945,24,24
3597972,2025-08-25,3.9703593752346933,24,24
3597972,2025-08-29,9.122579833337417,24,24
3597972,2025-09-02,2.2843680870977954,24,24
3597972,2025-09-06,23.943210674656765,24,24
3597972,2025-09-10,3.6009959386687522,24,24
3597972,2025-09-14,10.698468885864273,16,16
3597972,2025-09-18,9.038508124753005,24,24
3597972,2025-09-22,12.624370756356612,23,23
3597972,2025-09-26,2.304231851669781,24,24
3597972,2025-09-30,2.0457462671925715,18,18
3597972,2025-10-04,7.0193762278211285,23,23
3597972,2025-10-08,5.31944968156526,18,18
3597972,2025-10-12,16.762831654813557,24,24
3597972,2025-10-16,6.32048435050011,24,24
3597972,2025-10-20,26.078001340230305,21,21
3597972,2025-10-24,3.1172459487234137,24,24
3597972,2025-10-28,31.460664361042095,11,11
3597972,2025-11-01,2.657662037705692,24,24
3597972,2025-11-05,0.9144547095954202,23,23
3597972,2025-11-09,4.555670137848291,24,24
3597972,2025-11-13,16.834398555755616,23,23
3597972,2025-11-17,31.734925942509264,12,12
3597972,2025-12-11,36.84932416350753,15,15
3597972,2025-12-15,24.36086226547206,24,24
3597972,2025-12-19,31.863939806708583,24,24
3597972,2025-12-23,26.657980924513605,24,24
3597972,2025-12-27,24.151302085982426,24,24
3597972,2025-12-31,35.5368598639363,22,22
4854008,2025-06-26,93.63719211012553,19,19
4854008,2025-06-30,26.099434513034243,24,24
4854008,2025-07-04,69.68113027678596,24,24
4854008,2025-07-08,29.83812694051565,16,16
4854008,2025-07-12,50.075509895218744,24,24
4854008,2025-07-16,51.92700806172256,21,21
4854008,2025-07-20,47.36923013793098,24,24
4854008,2025-07-24,67.64429528424235,24,24
4854008,2025-07-28,43.955028249484634,21,21
4854008,2025-08-01,60.064085551102956,16,16
4854008,2025-08-05,26.279387772083282,24,24
4854008,2025-08-09,41.49787490536468,24,24
4854008,2025-08-13,44.54868920975261,24,24
4854008,2025-08-17,62.414788219663826,24,24
4854008,2025-08-25,50.19666714138455,1,1
4854008,2025-08-29,88.82303225331837,24,24
4854008,2025-09-02,39.802899342444206,24,24
4854008,2025-09-06,65.85812636878755,24,24
4854008,2025-09-10,52.6581377585729,24,24
4854008,2025-09-14,35.73372442854775,24,24
4854008,2025-09-18,30.721386101039606,23,23
4854008,2025-09-22,48.74762445387214,24,24
4854008,2025-09-26,63.89391925335934,24,24
4854008,2025-09-30,75.40888788611103,23,23
4854008,2025-10-04,75.95431883438773,23,23
4854008,2025-10-08,97.97610525875179,24,24
4854008,2025-10-12,76.75521818145558,24,24
4854008,2025-10-16,172.57118188845186,24,24
4854008,2025-10-20,239.35666326639344,21,21
4854008,2025-10-24,198.06002308351023,24,24
4854008,2025-10-28,298.3489591951723,24,24
4854008,2025-11-01,180.44206656968151,24,24
4854008,2025-11-05,116.60013724832335,23,23
4854008,2025-11-09,188.06767593313145,24,24
4854008,2025-11-13,198.3835667375764,12,12
4854008,2025-11-17,239.03323494593303,22,22
4854008,2025-11-21,245.6456344798759,24,24
4854008,2025-11-25,201.0612843292731,24,24
4854008,2025-11-29,172.52136805852254,24,24
4854008,2025-12-03,195.15697211424512,24,24
4854008,2025-12-07,188.22496008872986,24,24
4854008,2025-12-11,295.911419738159,24,24
4854008,2025-12-15,303.62702776813074,24,24
4854008,2025-12-19,234.96811900989775,21,21
4854008,2025-12-23,53.77781859786422,15,15
4854008,2025-12-27,239.19955746067896,24,24
4854008,2025-12-31,245.32291987922036,21,21
7833,2025-02-22,28.586206896551722,87,87
7833,2025-02-26,57.74074074074074,81,81
7833,2025-03-02,25.21794871794872,78,78
7833,2025-03-06,22.03409090909091,88,88
7833,2025-03-18,79.74725274725274,91,91
7833,2025-03-22,115.8586956521739,92,92
7833,2025-03-26,162.58536585365854,41,41
7833,2025-03-30,48.644444444444446,90,90
7833,2025-04-03,120.82894736842105,76,76
7833,2025-04-07,114.11111111111111,90,90
7833,2025-04-11,73.6875,16,16
7833,2025-04-15,71.35849056603773,53,53
7833,2025-04-19,44.977777777777774,90,90
7833,2025-04-23,113.10989010989012,91,91
7833,2025-04-27,69.33695652173913,92,92
7833,2025-05-01,43.85245901639344,61,61
7833,2025-05-05,19.96875,64,64
7833,2025-05-09,24.243243243243242,74,74
7833,2025-05-13,37.629629629629626,81,81
7833,2025-05-17,43.8,90,90
7833,2025-05-21,34.24,75,75
7833,2025-05-25,8.714285714285714,35,35
7833,2025-05-29,30.50561797752809,89,89
7833,2025-06-02,30.325301204819276,83,83
7833,2025-06-06,35.043010752688176,93,93
7833,2025-06-10,72.26530612244898,49,49
7833,2025-06-14,22.9625,80,80
7833,2025-06-18,10.076923076923077,52,52
7833,2025-06-22,51.166666666666664,48,48
7833,2025-06-26,29.488888888888887,90,90
7833,2025-06-30,11.347826086956522,46,46
7833,2025-07-04,29.103896103896105,77,77
7833,2025-07-08,41.67123287671233,73,73
7833,2025-07-12,14.344086021505376,93,93
7833,2025-07-16,12.186813186813186,91,91
7833,2025-07-20,25.53846153846154,91,91
7833,2025-07-24,19.576470588235296,85,85
7833,2025-07-28,17.01098901098901,91,91
7833,2025-08-01,11.351851851851851,54,54
7833,2025-08-05,11.508771929824562,57,57
7833,2025-08-09,7.488888888888889,45,45
7833,2025-08-13,37.296875,64,64
7833,2025-08-17,16.684782608695652,92,92
7833,2025-08-21,16.977011494252874,87,87
7833,2025-08-25,8.285714285714286,77,77
7833,2025-08-29,10.012345679012345,81,81
7833,2025-09-02,5.25,36,36
7833,2025-09-06,14.120689655172415,58,58
7833,2025-09-10,20.39325842696629,89,89
7833,2025-09-14,27.097826086956523,92,92
7833,2025-09-18,24.31578947368421,38,38
7833,2025-09-22,45.022222222222226,90,90
7833,2025-09-26,41.391304347826086,69,69
7833,2025-09-30,22.081632653061224,49,49
7833,2025-10-04,41.78260869565217,92,92
7833,2025-10-08,28.8,85,85
7833,2025-10-12,49.06521739130435,92,92
7833,2025-10-16,70.58888888888889,90,90
7833,2025-10-20,134.0,65,65
7833,2025-10-24,90.45054945054945,91,91
7833,2025-10-28,80.77464788732394,71,71
7833,2025-11-01,100.57317073170732,82,82
7833,2025-11-05,49.285714285714285,91,91
7833,2025-11-13,114.17460317460318,63,63
7833,2025-11-17,179.46938775510205,49,49
7833,2025-11-21,173.0,15,15
7833,2025-11-25,88.49056603773585,53,53
7833,2025-11-29,70.54838709677419,93,93
7833,2025-12-03,92.0561797752809,89,89
7833,2025-12-07,92.78021978021978,91,91
7833,2025-12-11,128.55844155844156,77,77
7833,2025-12-15,116.95121951219512,82,82
7833,2025-12-19,92.15116279069767,86,86
7833,2025-12-23,92.53932584269663,89,89
7833,2025-12-27,100.15853658536585,82,82
7833,2025-12-31,109.24444444444444,90,90
7292,2025-02-22,51.119565217391305,92,92
7292,2025-02-26,22.6,90,90
7292,2025-03-02,42.40909090909091,88,88
7292,2025-03-06,68.50574712643679,87,87
7292,2025-03-10,40.29545454545455,88,88
7292,2025-03-14,47.27777777777778,90,90
7292,2025-03-18,27.269662921348313,89,89
7292,2025-03-22,42.34090909090909,88,88
7292,2025-03-26,77.80434782608695,92,92
7292,2025-03-30,45.08791208791209,91,91
7292,2025-04-03,58.10588235294118,85,85
7292,2025-04-07,71.80459770114942,87,87
7292,2025-04-11,59.375,16,16
7292,2025-04-15,52.827586206896555,58,58
7292,2025-04-19,38.01123595505618,89,89
7292,2025-04-23,41.32967032967033,91,91
7292,2025-04-27,40.967032967032964,91,91
7292,2025-05-01,37.422222222222224,90,90
7292,2025-05-05,27.387755102040817,49,49
7292,2025-05-09,33.32608695652174,92,92
7292,2025-05-13,30.94047619047619,84,84
7292,2025-05-17,29.295454545454547,88,88
7292,2025-05-21,52.4,50,50
7292,2025-05-25,34.46031746031746,63,63
7292,2025-05-29,29.8,90,90
7292,2025-06-02,33.64102564102564,78,78
7292,2025-06-06,45.03225806451613,93,93
7292,2025-06-10,30.30952380952381,84,84
7292,2025-06-14,38.824175824175825,91,91
7292,2025-06-18,19.458823529411763,85,85
7292,2025-06-22,26.62962962962963,81,81
7292,2025-06-26,21.906976744186046,86,86
7292,2025-06-30,31.28301886792453,53,53
7292,2025-07-04,21.973333333333333,75,75
7292,2025-07-08,35.12643678160919,87,87
7292,2025-07-12,25.21978021978022,91,91
7292,2025-07-16,32.111111111111114,90,90
7292,2025-07-20,23.066666666666666,90,90
7292,2025-07-24,23.678571428571427,84,84
7292,2025-07-28,18.641304347826086,92,92
7292,2025-08-01,38.62068965517241,58,58
7292,2025-08-05,28.78481012658228,79,79
7292,2025-08-09,32.60377358490566,53,53
7292,2025-08-13,21.546511627906977,86,86
7292,2025-08-17,24.466666666666665,90,90
7292,2025-08-21,14.022988505747126,87,87
7292,2025-08-25,14.0561797752809,89,89
7292,2025-08-29,28.366666666666667,90,90
7292,2025-09-02,30.545454545454547,88,88
7292,2025-09-06,22.885057471264368,87,87
7292,2025-09-10,28.5,88,88
7292,2025-09-14,38.644444444444446,90,90
7292,2025-09-18,48.208333333333336,72,72
7292,2025-09-22,31.179775280898877,89,89
7292,2025-09-26,33.273972602739725,73,73
7292,2025-09-30,24.866666666666667,90,90
7292,2025-10-04,26.26086956521739,92,92
7292,2025-10-08,68.27472527472527,91,91
7292,2025-10-12,37.58888888888889,90,90
7292,2025-10-16,67.68539325842697,89,89
7292,2025-10-20,128.24615384615385,65,65
7292,2025-10-24,70.375,88,88
7292,2025-10-28,45.205882352941174,68,68
7292,2025-11-01,42.43835616438356,73,73
7292,2025-11-05,34.48888888888889,90,90
7292,2025-11-09,61.20224719101124,89,89
7292,2025-11-13,81.34065934065934,91,91
7292,2025-11-17,86.0909090909091,88,88
7292,2025-11-21,111.46666666666667,90,90
7292,2025-11-25,110.15384615384616,91,91
7292,2025-11-29,73.34408602150538,93,93
7292,2025-12-03,77.26666666666667,90,90
7292,2025-12-07,50.72222222222222,90,90
7292,2025-12-11,98.0,73,73
7292,2025-12-15,84.03703703703704,81,81
7292,2025-12-19,79.67415730337079,89,89
7292,2025-12-23,77.52272727272727,88,88
7292,2025-12-27,59.17283950617284,81,81
7292,2025-12-31,122.65116279069767,86,86
3090636,2025-01-01,42.901371439297996,24,24
3090636,2025-01-05,47.11904333697425,24,24
3090636,2025-01-09,51.578831527544104,23,23
3090636,2025-01-13,54.612792015075684,1,1
3090636,2025-02-14,56.396042903264366,24,24
3090636,2025-02-18,24.606716497076885,24,24
3090636,2025-02-22,45.58855729632907,24,24
3090636,2025-02-26,28.81309261586931,24,24
3090636,2025-03-02,24.572647058301502,24,24
3090636,2025-03-06,16.96310935086674,24,24
3090636,2025-03-10,44.20551208655039,24,24
3090636,2025-03-14,27.934793266985153,24,24
3090636,2025-03-18,36.39355960157182,24,24
3090636,2025-03-22,60.901913391219246,24,24
3090636,2025-03-26,47.790512124697365,24,24
3090636,2025-03-30,41.70941730982527,24,24
3090636,2025-04-03,32.33402604526943,24,24
3090636,2025-04-07,28.369568288326263,24,24
3090636,2025-04-11,32.93374482790629,24,24
3090636,2025-04-15,27.240416693190735,24,24
3090636,2025-04-19,13.201974511146545,24,24
3090636,2025-04-23,20.27937324841817,24,24
3090636,2025-04-27,14.727940815416249,24,24
3090636,2025-05-01,33.77817885743247,24,24
3090636,2025-05-05,15.045085024502542,24,24
3090636,2025-05-09,13.302901042832268,24,24
3090636,2025-05-13,17.034543375174206,24,24
3090636,2025-05-17,32.09921013315519,24,24
3090636,2025-05-21,19.648232594132423,24,24
3090636,2025-05-25,12.50778823097547,24,24
3090636,2025-05-29,10.543035674802583,24,24
3090636,2025-06-02,4.438547615848837,7,7
3090636,2025-06-06,17.081131921874153,24,24
3090636,2025-06-10,11.95225696100129,24,24
3090636,2025-06-14,4.566543418086238,24,24
3090636,2025-06-18,3.919522571429196,24,24
3090636,2025-06-22,5.067255451195481,23,23
3090636,2025-06-26,7.571718181379968,24,24
3090636,2025-06-30,15.047354189885986,24,24
3090636,2025-07-04,9.420006945729256,24,24
3090636,2025-07-08,13.748413216736582,24,24
3090636,2025-07-12,11.401718764669367,24,24
3090636,2025-07-16,12.266366918623033,24,24
3090636,2025-07-20,4.302921878380908,24,24
3090636,2025-07-24,10.583347795738115,24,24
3090636,2025-07-28,11.984357630213102,24,24
3090636,2025-08-01,12.706607633166842,24,24
3090636,2025-08-05,7.4026122536096315,24,24
3090636,2025-08-09,5.841361111650865,24,24
3090636,2025-08-13,6.034916093779935,24,24
3090636,2025-08-17,10.761057304011452,24,24
3090636,2025-08-21,10.724219335450066,24,24
3090636,2025-08-25,4.05173032813602,24,24
3090636,2025-08-29,12.857435777783394,24,24
3090636,2025-09-02,9.927855919839606,24,24
3090636,2025-09-06,17.493406270941097,24,24
3090636,2025-09-10,8.992315401633581,24,24
3090636,2025-09-14,25.20547930459331,19,19
3090636,2025-09-18,10.300218746893936,24,24
3090636,2025-09-22,10.049576376875242,24,24
3090636,2025-09-26,6.682198530864092,17,17
3090636,2025-09-30,5.902657984031571,8,8
3090636,2025-10-04,19.96915399959122,23,23
3090636,2025-10-08,13.836608806576718,24,24
3090636,2025-10-12,22.96444100174639,24,24
3090636,2025-10-16,14.291921897177344,24,24
3090636,2025-10-20,16.73022456567066,21,21
3090636,2025-10-24,10.545502892598785,24,24
3090636,2025-10-28,21.039192341855077,24,24
3090636,2025-11-01,16.440221641403276,24,24
3090636,2025-11-05,17.635353259879036,23,23
3090636,2025-11-09,42.77210170785386,24,24
3090636,2025-11-13,21.651045615622987,18,18
3090636,2025-11-17,20.45988637389559,22,22
3090636,2025-11-21,21.473354682677524,24,24
3090636,2025-11-25,36.28150746910661,24,24
3090636,2025-11-29,42.795166668627,24,24
3090636,2025-12-03,52.03799070826283,24,24
3090636,2025-12-07,29.052373217653344,24,24
3090636,2025-12-11,33.5318177068675,24,24
3090636,2025-12-15,19.934728007404892,24,24
3090636,2025-12-19,34.98976216890194,24,24
3090636,2025-12-23,27.416435167855685,24,24
3090636,2025-12-27,24.478444430563187,24,24
3090636,2025-12-31,48.97632607584415,23,23
270729,2025-03-14,53.144578313253014,83,83
270729,2025-03-18,33.2,30,30
270729,2025-03-22,34.13333333333333,90,90
270729,2025-03-26,47.78823529411765,85,85
270729,2025-03-30,36.726190476190474,84,84
270729,2025-04-07,47.142857142857146,14,14
270729,2025-04-11,35.53333333333333,15,15
270729,2025-04-15,22.756756756756758,37,37
270729,2025-04-19,19.953125,64,64
270729,2025-04-23,51.46341463414634,41,41
270729,2025-04-27,47.65,60,60
270729,2025-05-01,21.80246913580247,81,81
270729,2025-05-05,27.7027027027027,74,74
270729,2025-05-09,28.64516129032258,93,93
270729,2025-05-13,24.571428571428573,84,84
270729,2025-05-17,23.7816091954023,87,87
270729,2025-05-21,19.71014492753623,69,69
270729,2025-05-25,16.69090909090909,55,55
270729,2025-05-29,40.773809523809526,84,84
270729,2025-06-02,54.87341772151899,79,79
270729,2025-06-06,18.796875,64,64
270729,2025-06-10,32.89156626506024,83,83
270729,2025-06-14,24.168539325842698,89,89
270729,2025-06-22,23.369230769230768,65,65
270729,2025-06-26,50.0,3,3
270729,2025-06-30,14.021739130434783,46,46
270729,2025-07-04,11.91044776119403,67,67
270729,2025-07-08,25.727272727272727,11,11
270729,2025-07-12,1.75,24,24
270729,2025-07-16,0.42857142857142855,7,7
270729,2025-07-20,1.5217391304347827,46,46
270729,2025-07-24,29.56756756756757,74,74
270729,2025-07-28,8.571428571428571,70,70
270729,2025-08-01,68.3859649122807,57,57
270729,2025-08-05,41.943661971830984,71,71
270729,2025-08-09,31.2027027027027,74,74
270729,2025-08-13,37.925,80,80
270729,2025-08-17,32.73684210526316,38,38
270729,2025-08-21,27.0,84,84
270729,2025-08-25,24.4,85,85
270729,2025-08-29,29.654761904761905,84,84
270729,2025-09-02,28.25,56,56
270729,2025-09-06,88.62857142857143,70,70
270729,2025-09-10,58.54545454545455,33,33
270729,2025-09-18,18.88235294117647,51,51
270729,2025-09-22,12.671641791044776,67,67
270729,2025-09-26,60.84126984126984,63,63
270729,2025-09-30,51.0,84,84
270729,2025-10-16,31.802325581395348,86,86
270729,2025-10-20,56.74193548387097,62,62
270729,2025-10-24,34.014084507042256,71,71
270729,2025-10-28,37.916666666666664,60,60
270729,2025-11-01,8.931034482758621,58,58
270729,2025-11-05,14.022727272727273,88,88
270729,2025-11-09,48.5,82,82
270729,2025-11-13,69.74,50,50
270729,2025-11-17,45.10769230769231,65,65
270729,2025-11-21,53.58108108108108,74,74
270729,2025-11-25,33.477777777777774,90,90
270729,2025-11-29,25.961038961038962,77,77
270729,2025-12-03,44.06666666666667,75,75
270729,2025-12-07,89.30864197530865,81,81
270729,2025-12-11,89.64406779661017,59,59
270729,2025-12-15,35.66233766233766,77,77
270729,2025-12-19,83.49152542372882,59,59
270729,2025-12-23,69.49180327868852,61,61
270729,2025-12-27,47.070422535211264,71,71
270729,2025-12-31,73.93333333333334,75,75
5645,2025-02-22,57.21111111111111,90,90
5645,2025-02-26,56.13414634146341,82,82
5645,2025-03-02,38.29545454545455,88,88
5645,2025-03-06,55.195402298850574,87,87
5645,2025-03-10,44.984375,64,64
5645,2025-03-14,50.373493975903614,83,83
5645,2025-03-18,52.59036144578313,83,83
5645,2025-03-22,23.020408163265305,49,49
5645,2025-03-26,48.46052631578947,76,76
5645,2025-03-30,71.98305084745763,59,59
5645,2025-04-03,31.726027397260275,73,73
5645,2025-04-07,46.794871794871796,78,78
5645,2025-04-11,64.4,15,15
5645,2025-04-15,38.577777777777776,45,45
5645,2025-04-19,39.273809523809526,84,84
5645,2025-04-23,49.44705882352941,85,85
5645,2025-04-27,35.7752808988764,89,89
5645,2025-05-01,29.341463414634145,82,82
5645,2025-05-05,34.95,80,80
5645,2025-05-09,28.791208791208792,91,91
5645,2025-05-13,39.392857142857146,84,84
5645,2025-05-17,30.91780821917808,73,73
5645,2025-05-21,13.646153846153846,65,65
5645,2025-05-25,5.5,54,54
5645,2025-05-29,16.816091954022987,87,87
5645,2025-06-02,11.82716049382716,81,81
5645,2025-06-06,26.921348314606742,89,89
5645,2025-06-10,22.59259259259259,81,81
5645,2025-06-14,12.2375,80,80
5645,2025-06-18,10.223529411764705,85,85
5645,2025-06-22,9.441558441558442,77,77
5645,2025-06-26,9.777777777777779,81,81
5645,2025-06-30,7.818181818181818,44,44
5645,2025-07-04,7.526315789473684,76,76
5645,2025-07-08,15.807692307692308,78,78
5645,2025-07-12,16.395604395604394,91,91
5645,2025-07-16,10.096385542168674,83,83
5645,2025-07-20,17.08235294117647,85,85
5645,2025-07-24,6.15,80,80
5645,2025-07-28,7.035294117647059,85,85
5645,2025-08-01,13.321428571428571,56,56
5645,2025-08-05,37.03896103896104,77,77
5645,2025-08-09,17.125,72,72
5645,2025-08-13,10.976190476190476,84,84
5645,2025-08-17,5.052631578947368,76,76
5645,2025-08-21,34.02564102564103,78,78
5645,2025-08-25,36.752941176470586,85,85
5645,2025-08-29,29.337209302325583,86,86
5645,2025-09-02,32.89411764705882,85,85
5645,2025-09-06,48.206896551724135,87,87
5645,2025-09-10,45.05,20,20
5645,2025-09-14,42.472527472527474,91,91
5645,2025-09-18,32.63380281690141,71,71
5645,2025-09-22,31.41860465116279,86,86
5645,2025-09-26,35.986301369863014,73,73
5645,2025-09-30,37.56976744186046,86,86
5645,2025-10-04,42.21590909090909,88,88
5645,2025-10-08,65.53333333333333,90,90
5645,2025-10-12,78.27777777777777,90,90
5645,2025-10-16,38.15853658536585,82,82
5645,2025-10-20,18.943396226415093,53,53
5645,2025-10-24,11.123595505617978,89,89
5645,2025-10-28,11.083333333333334,72,72
5645,2025-11-01,9.49367088607595,79,79
5645,2025-11-05,27.850574712643677,87,87
5645,2025-11-09,72.06666666666666,90,90
5645,2025-11-13,68.25842696629213,89,89
5645,2025-11-17,73.6125,80,80
5645,2025-11-21,52.785714285714285,84,84
5645,2025-11-25,67.75581395348837,86,86
5645,2025-11-29,73.39393939393939,66,66
5645,2025-12-03,59.146341463414636,41,41
5645,2025-12-07,62.3,90,90
5645,2025-12-11,57.14705882352941,68,68
5645,2025-12-15,57.744680851063826,47,47
5645,2025-12-19,47.08433734939759,83,83
5645,2025-12-23,66.76190476190476,84,84
5645,2025-12-27,69.0945945945946,74,74
5645,2025-12-31,61.92045454545455,88,88
4917341,2025-07-04,35.03401665687561,10,10
4917341,2025-07-08,27.925655076073273,24,24
4917341,2025-07-12,31.15627547767427,24,24
4917341,2025-07-16,18.64979512989521,24,24
4917341,2025-07-20,47.82176389959124,24,24
4917341,2025-07-24,22.185966121728978,24,24
4917341,2025-07-28,49.009896417458855,24,24
4917341,2025-08-01,36.80755794228929,24,24
4917341,2025-08-05,36.9320196641816,24,24
4917341,2025-08-09,34.54876913626989,24,24
4917341,2025-08-13,43.98539239830441,24,24
4917341,2025-08-17,35.010060749534105,24,24
4917341,2025-08-21,21.440227662072036,24,24
4917341,2025-08-25,12.516184584729167,24,24
4917341,2025-08-29,36.599008030361595,24,24
4917341,2025-09-02,7.134659140267306,24,24
4917341,2025-09-06,23.608196126090153,24,24
4917341,2025-09-10,34.5483119752672,24,24
4917341,2025-09-14,45.93411042292913,24,24
4917341,2025-09-18,35.45045482450062,24,24
4917341,2025-09-22,41.48315460152096,24,24
4917341,2025-09-26,38.126099571806414,24,24
4917341,2025-09-30,45.925042911658544,23,23
4917341,2025-10-04,43.712564643454435,23,23
4917341,2025-10-08,35.84784724712372,24,24
4917341,2025-10-12,53.543577526123435,24,24
4917341,2025-10-16,74.68379344145457,24,24
4917341,2025-10-20,63.355397324942814,21,21
4917341,2025-11-05,51.07337585629036,12,12
4917341,2025-11-09,54.58516202855993,24,24
4917341,2025-11-13,76.40194679297112,23,23
4917341,2025-11-17,94.46704164793996,20,20
4917341,2025-11-21,92.43858157528773,24,24
4917341,2025-11-25,128.78272224002413,24,24
4917341,2025-12-07,143.96241664886475,24,24
4917341,2025-12-11,156.5615354718159,17,17
4917341,2025-12-15,160.55376043319703,24,24
4917341,2025-12-19,194.4416774632018,9,9
4917341,2025-12-23,52.88204861746894,24,24
4917341,2025-12-27,131.83170305093128,24,24
4917341,2025-12-31,168.42640277014837,24,24
4143985,2025-04-23,32.49304520541971,16,16
4143985,2025-04-27,38.202006889714134,24,24
4143985,2025-05-01,25.311270337256175,24,24
4143985,2025-05-05,28.050690932406322,24,24
4143985,2025-05-09,27.58293054666784,24,24
4143985,2025-05-13,16.4765117869195,24,24
4143985,2025-05-17,12.425984962739877,24,24
4143985,2025-05-21,11.646029516640636,24,24
4143985,2025-05-25,3.002462851670953,23,23
4143985,2025-05-29,3.6392905660940222,24,24
4143985,2025-06-02,7.291303590383557,7,7
4143985,2025-06-06,23.789611077970928,24,24
4143985,2025-06-10,5.281683610785151,24,24
4143985,2025-06-14,3.159792819681267,24,24
4143985,2025-06-18,9.79039585600193,24,24
4143985,2025-06-22,8.12011230315851,23,23
4143985,2025-06-26,3.418064810128676,24,24
4143985,2025-06-30,5.413279512483213,24,24
4143985,2025-07-04,18.37285121258782,21,21
4143985,2025-07-12,147.97709491036153,2,2
4143985,2025-07-16,95.101067319128,6,6
4143985,2025-07-20,1.9295138836476122,24,24
4143985,2025-07-24,3.647300697076652,24,24
4143985,2025-07-28,5.064634850084851,24,24
4143985,2025-08-01,15.73118572195785,24,24
4143985,2025-08-05,14.212881916099123,24,24
4143985,2025-08-09,8.161690971244955,24,24
4143985,2025-08-13,17.77999652508232,24,24
4143985,2025-08-17,2.4094612253183088,24,24
4143985,2025-08-21,9.932418428775337,24,24
4143985,2025-08-25,2.8354878426115544,24,24
4143985,2025-08-29,3.086883122437737,24,24
4143985,2025-09-02,1.361015079953858,24,24
4143985,2025-09-06,1.1705157212055628,24,24
4143985,2025-09-10,11.915301493304367,24,24
4143985,2025-09-14,5.428469326877448,24,24
4143985,2025-09-18,1.4351010114293208,22,22
4143985,2025-09-22,2.070009251435598,24,24
4143985,2025-09-26,1.9442546286025186,24,24
4143985,2025-09-30,1.121609898581021,23,23
4143985,2025-10-04,10.109782603420857,23,23
4143985,2025-10-08,2.1984336182349433,24,24
4143985,2025-10-12,2.758932865250649,24,24
4143985,2025-10-16,1.906201973117681,24,24
4143985,2025-10-20,21.03971561174544,21,21
4143985,2025-10-24,1.5145821760762137,24,24
4143985,2025-10-28,3.103348381481892,24,24
4143985,2025-11-01,1.9196209518480358,24,24
4143985,2025-11-05,1.9607536283713105,23,23
4143985,2025-11-09,4.609288772050705,24,24
4143985,2025-11-13,10.185927537504744,23,23
4143985,2025-11-17,1.0636104799242636,22,22
4143985,2025-11-21,13.50583333298564,24,24
4143985,2025-11-25,31.29195313586129,24,24
4143985,2025-11-29,21.61990103489823,24,24
4143985,2025-12-03,12.072771424293103,24,24
4143985,2025-12-07,17.36944445239173,24,24
4143985,2025-12-11,9.327916649697968,24,24
4143985,2025-12-15,3.868263885885891,24,24
4143985,2025-12-19,27.373763853201158,24,24
4143985,2025-12-23,8.698254053722378,24,24
4143985,2025-12-27,12.603601856640092,24,24
4143985,2025-12-31,21.965202907807587,23,23
3402593,2025-02-14,50.096397920088336,11,11
3402593,2025-02-18,27.011025757827458,24,24
3402593,2025-02-22,45.88083182440864,9,9
3402593,2025-02-26,33.44356661097484,22,22
3402593,2025-03-10,43.180662777769044,12,12
3402593,2025-03-14,27.843464808993872,5,5
3402593,2025-03-18,37.34529047030391,16,16
3402593,2025-03-22,57.04565272066328,24,24
3402593,2025-03-26,47.573803742726646,24,24
3402593,2025-03-30,38.73373440901438,24,24
3402593,2025-04-03,33.993390606960865,24,24
3402593,2025-04-07,29.95565730995602,24,24
3402593,2025-04-11,34.86024306880103,24,24
3402593,2025-04-15,20.791749497405206,24,24
3402593,2025-04-19,5.829224536273007,24,24
3402593,2025-04-23,17.714751150872974,24,24
3402593,2025-04-27,16.761574085839467,24,24
3402593,2025-05-01,31.102451374133427,24,24
3402593,2025-05-05,8.116697331373063,24,24
3402593,2025-05-09,10.027146403643895,24,24
3402593,2025-05-13,9.381023712792537,24,24
3402593,2025-05-17,26.000351814760105,24,24
3402593,2025-05-21,21.11593978377906,24,24
3402593,2025-05-25,7.333730880998903,24,24
3402593,2025-05-29,5.303633703345743,24,24
3402593,2025-06-02,1.061797620861658,7,7
3402593,2025-06-06,16.68183332298779,24,24
3402593,2025-06-10,6.9215960607087865,24,24
3402593,2025-06-14,0.23173890093745983,24,24
3402593,2025-06-18,4.45089756568066,24,24
3402593,2025-06-22,0.9609510845005297,23,23
3402593,2025-06-26,7.968469320304899,24,24
3402593,2025-06-30,10.92916452818823,24,24
3402593,2025-07-04,8.279125523296035,24,24
3402593,2025-07-08,7.63993747656544,24,24
3402593,2025-07-12,9.942788250796083,24,24
3402593,2025-07-16,5.503006369392906,24,24
3402593,2025-07-20,0.07145717676677224,24,24
3402593,2025-07-24,6.004546301232444,24,24
3402593,2025-07-28,8.05290970340785,24,24
3402593,2025-08-01,6.865097812169956,24,24
3402593,2025-08-05,5.127585272327122,19,19
3402593,2025-08-09,3.7747939365570238,16,16
3402593,2025-08-13,1.9579514020846949,24,24
3402593,2025-08-17,2.933931216760169,21,21
3402593,2025-08-21,6.436474515952998,24,24
3402593,2025-08-25,1.2907795160750135,24,24
3402593,2025-08-29,11.576982004925457,24,24
3402593,2025-09-02,5.412234955299128,24,24
3402593,2025-09-06,10.702992507773969,24,24
3402593,2025-09-10,3.88871353759896,24,24
3402593,2025-09-14,15.971280022653646,24,24
3402593,2025-09-18,3.619138318670189,24,24
3402593,2025-09-22,2.8482413236569197,24,24
3402593,2025-09-26,1.0186984958371468,24,24
3402593,2025-09-30,0.6877119568406024,23,23
3402593,2025-10-04,17.67211108972917,23,23
3402593,2025-10-08,8.744218012625085,24,24
3402593,2025-10-12,19.547291638089032,24,24
3402593,2025-10-16,7.928024292254338,24,24
3402593,2025-10-20,10.412429412312004,21,21
3402593,2025-10-24,2.2334508108768474,24,24
3402593,2025-12-03,50.2567291430853,24,24
3402593,2025-12-07,25.919024312496187,24,24
3402593,2025-12-11,37.75878007136009,24,24
3402593,2025-12-15,15.219223970837064,24,24
3402593,2025-12-19,34.70361805525091,24,24
3402593,2025-12-23,18.937557302912076,16,16
3402593,2025-12-27,20.625156835935734,24,24
3402593,2025-12-31,51.878528964001205,23,23
4567364,2025-06-26,75.02403662242587,7,7
4567364,2025-06-30,46.07038888197679,13,13
4567364,2025-07-04,51.626040085348436,7,7
4567364,2025-07-12,36.15995190119502,18,18
4567364,2025-07-16,14.568870142734413,15,15
4567364,2025-08-13,44.680676432972405,12,12
4567364,2025-08-17,41.53546180990007,24,24
4567364,2025-08-21,31.2380594408472,24,24
4567364,2025-08-25,21.303705822262497,24,24
4567364,2025-08-29,40.960185170173645,24,24
4567364,2025-09-02,15.522677068214856,23,23
4567364,2025-09-06,29.046855584780374,24,24
4567364,2025-09-10,42.64412438207203,24,24
4567364,2025-09-14,51.81481894634123,19,19
4567364,2025-09-18,41.45274849440284,21,21
4567364,2025-09-22,46.61156597402361,24,24
4567364,2025-09-26,45.19779164349592,24,24
4567364,2025-09-30,50.12086666033464,23,23
4567364,2025-10-04,51.62713050151216,23,23
4567364,2025-10-08,46.6263524349089,24,24
4567364,2025-10-12,76.57890453735988,24,24
4567364,2025-10-16,95.02773672827969,24,24
4567364,2025-10-20,88.11426618161322,19,19
4567364,2025-10-24,96.88423898926487,24,24
4567364,2025-10-28,105.37005540677059,24,24
4567364,2025-11-01,119.76529867384168,24,24
4567364,2025-11-05,82.39855660483951,14,14
4567364,2025-11-09,115.09513421941686,24,24
4567364,2025-11-13,143.3196641802212,23,23
4567364,2025-11-17,171.41001533739495,22,22
4567364,2025-11-21,167.46847043302324,24,24
4567364,2025-11-25,207.84993742836846,24,24
4567364,2025-11-29,226.49486642678576,24,24
4567364,2025-12-03,249.85429703000995,21,21
4567364,2025-12-07,196.73847063064576,24,24
4567364,2025-12-11,239.04621397943208,22,22
4567364,2025-12-15,234.15025707880656,24,24
4567364,2025-12-19,317.150536382766,14,14
4567364,2025-12-23,81.76553298367394,24,24
4567364,2025-12-27,207.10497919718424,24,24
4567364,2025-12-31,212.52893350495233,24,24
4847176,2025-06-26,47.066550976700256,24,24
4847176,2025-06-30,61.68048305463309,24,24
4847176,2025-07-04,61.250927845637,24,24
4847176,2025-07-08,47.386598360658894,24,24
4847176,2025-07-12,56.358208837412825,15,15
4847176,2025-07-16,41.487291900397146,24,24
4847176,2025-07-20,72.12717847029369,24,24
4847176,2025-07-24,52.06601578659482,24,24
4847176,2025-07-28,101.49669483213715,24,24
4847176,2025-08-01,32.896093875621304,24,24
4847176,2025-08-05,38.02606398439166,24,24
4847176,2025-08-09,57.43117020693091,24,24
4847176,2025-08-13,45.93007686403063,24,24
4847176,2025-08-17,71.72869483396119,17,17
4847176,2025-08-21,36.49547654390335,16,16
4847176,2025-08-25,23.091871738433838,10,10
4847176,2025-08-29,53.18311454852422,16,16
4847176,2025-09-02,7.444494401896188,23,23
4847176,2025-09-06,61.62994796699948,24,24
4847176,2025-09-10,44.48337854520239,24,24
4847176,2025-09-14,97.88109195875744,16,16
4847176,2025-09-18,61.38783383369446,24,24
4847176,2025-09-22,68.79860858844988,24,24
4847176,2025-09-26,48.14923659186773,24,24
4847176,2025-09-30,132.42837508662728,23,23
4847176,2025-10-04,61.51862127055292,23,23
4847176,2025-10-08,74.43892120185123,24,24
4847176,2025-10-12,75.96163808700236,17,17
4847176,2025-10-16,115.60897357181267,24,24
4847176,2025-10-20,124.4505196324101,21,21
4847176,2025-10-24,161.04740215054264,24,24
4847176,2025-10-28,157.08468337002827,24,24
4847176,2025-11-01,263.4579032093427,24,24
4847176,2025-11-05,77.585282208659,22,22
4847176,2025-11-09,191.53992025057474,24,24
4847176,2025-11-13,244.0235323500099,23,23
4847176,2025-11-17,316.56969459321766,22,22
4847176,2025-11-21,272.2172656377157,24,24
4847176,2025-11-25,214.1063099048756,24,24
4847176,2025-11-29,196.48177274068198,24,24
4847176,2025-12-03,269.6022670048255,24,24
4847176,2025-12-07,338.36020617860737,15,15
4847176,2025-12-11,300.3634407661579,24,24
4847176,2025-12-15,207.9926759322431,24,24
4847176,2025-12-19,346.60638157791567,24,24
4847176,2025-12-23,110.72735710585557,24,24
4847176,2025-12-27,274.4212920347849,24,24
4847176,2025-12-31,248.5866246647305,24,24
4792427,2025-06-26,35.84539957607494,17,17
4792427,2025-06-30,57.01243877410889,24,24
4792427,2025-07-04,57.76377255386777,24,24
4792427,2025-07-08,46.70018181204796,24,24
4792427,2025-07-12,43.84379515051842,24,24
4792427,2025-07-16,37.47084954380989,24,24
4792427,2025-07-20,54.23296537664202,24,24
4792427,2025-07-24,32.69234726945352,24,24
4792427,2025-07-28,53.94528131352531,24,24
4792427,2025-08-01,21.18762839601065,24,24
4792427,2025-08-05,31.665274293886288,24,24
4792427,2025-08-09,35.88238722085953,24,24
4792427,2025-08-13,42.73597329192691,24,24
4792427,2025-08-17,38.96825632659925,24,24
4792427,2025-08-21,29.51739823737931,24,24
4792427,2025-08-25,12.837938053041903,24,24
4792427,2025-09-02,1.820608935575829,23,23
4792427,2025-09-06,37.022563656171165,24,24
4792427,2025-09-10,40.30830232113127,24,24
4792427,2025-09-14,68.32859167787764,24,24
4792427,2025-09-18,57.9761962360806,24,24
4792427,2025-09-22,62.60952730973562,24,24
4792427,2025-09-26,52.97494091216964,24,24
4792427,2025-09-30,121.76221763469555,9,9
4792427,2025-10-04,58.292129818954436,23,23
4792427,2025-10-08,31.02240027333751,24,24
4792427,2025-10-12,84.9823650845775,24,24
4792427,2025-10-16,148.14929734018114,20,20
4792427,2025-10-20,123.34645062823202,21,21
4792427,2025-10-24,107.38331079747941,24,24
4792427,2025-10-28,150.27065800295935,24,24
4792427,2025-11-01,191.6321729392821,23,23
4792427,2025-11-05,63.961453897549916,23,23
4792427,2025-11-09,140.52693052291872,24,24
4792427,2025-11-13,183.300344633829,20,20
4792427,2025-11-21,235.18526906516337,20,20
4792427,2025-11-25,203.9517326037089,24,24
4792427,2025-11-29,178.16978761266776,24,24
4792427,2025-12-03,230.6923629010165,24,24
4792427,2025-12-07,240.96936375011094,11,11
4792427,2025-12-19,281.53049138755614,23,23
4792427,2025-12-23,130.8942370056223,24,24
4792427,2025-12-27,248.41424521693477,24,24
4792427,2025-12-31,246.45519337316955,24,24
270730,2025-02-22,64.5625,48,48
270730,2025-02-26,51.78846153846154,52,52
270730,2025-03-02,49.582089552238806,67,67
270730,2025-03-06,20.208333333333332,48,48
270730,2025-03-10,102.20454545454545,44,44
270730,2025-03-14,77.85714285714286,21,21
270730,2025-03-18,17.166666666666668,60,60
270730,2025-03-22,20.65625,32,32
270730,2025-03-26,32.02040816326531,49,49
270730,2025-03-30,18.11111111111111,27,27
270730,2025-04-03,39.37777777777778,45,45
270730,2025-04-07,174.84,25,25
270730,2025-04-15,50.8,25,25
270730,2025-04-19,69.36585365853658,41,41
270730,2025-04-23,46.45454545454545,22,22
270730,2025-04-27,37.02,50,50
270730,2025-05-01,63.6764705882353,34,34
270730,2025-05-05,49.31707317073171,41,41
270730,2025-05-09,54.574074074074076,54,54
270730,2025-05-13,88.20967741935483,62,62
270730,2025-05-17,101.31818181818181,44,44
270730,2025-05-21,57.3421052631579,38,38
270730,2025-05-25,54.26190476190476,42,42
270730,2025-05-29,35.208333333333336,48,48
270730,2025-06-02,80.46774193548387,62,62
270730,2025-06-06,58.34375,32,32
270730,2025-06-10,84.3103448275862,58,58
270730,2025-06-14,22.254545454545454,55,55
270730,2025-06-18,14.5,4,4
270730,2025-06-26,13.865384615384615,52,52
270730,2025-06-30,18.91304347826087,46,46
270730,2025-07-04,12.555555555555555,9,9
270730,2025-07-12,29.93220338983051,59,59
270730,2025-07-16,23.902439024390244,41,41
270730,2025-07-20,19.327868852459016,61,61
270730,2025-07-24,32.62903225806452,62,62
270730,2025-07-28,14.6,50,50
270730,2025-08-01,15.339285714285714,56,56
270730,2025-08-05,23.49367088607595,79,79
270730,2025-08-09,20.55128205128205,78,78
270730,2025-08-13,9.588235294117647,68,68
270730,2025-08-17,12.785714285714286,70,70
270730,2025-08-21,5.920454545454546,88,88
270730,2025-08-25,6.631578947368421,19,19
270730,2025-08-29,21.306818181818183,88,88
270730,2025-09-02,4.225806451612903,31,31
270730,2025-09-06,20.229508196721312,61,61
270730,2025-09-10,13.965909090909092,88,88
270730,2025-09-14,13.74074074074074,27,27
270730,2025-09-18,14.830508474576272,59,59
270730,2025-09-22,20.875,48,48
270730,2025-09-26,60.75,72,72
270730,2025-09-30,29.051724137931036,58,58
270730,2025-10-04,39.172413793103445,87,87
270730,2025-10-08,38.298850574712645,87,87
270730,2025-10-12,38.13953488372093,86,86
270730,2025-10-16,39.018181818181816,55,55
270730,2025-10-20,48.91525423728814,59,59
270730,2025-10-24,37.27272727272727,77,77
270730,2025-10-28,36.175438596491226,57,57
270730,2025-11-01,17.181818181818183,66,66
270730,2025-11-05,57.89090909090909,55,55
270730,2025-11-09,50.7037037037037,81,81
270730,2025-11-13,51.957142857142856,70,70
270730,2025-11-17,57.223880597014926,67,67
270730,2025-11-21,62.74193548387097,62,62
270730,2025-11-25,59.7887323943662,71,71
270730,2025-11-29,44.850746268656714,67,67
270730,2025-12-03,49.66197183098591,71,71
270730,2025-12-11,112.41791044776119,67,67
270730,2025-12-15,55.80392156862745,51,51
270730,2025-12-19,71.20967741935483,62,62
270730,2025-12-23,85.1969696969697,66,66
270730,2025-12-27,73.32692307692308,52,52
270730,2025-12-31,82.75,48,48
3313727,2025-01-01,23.77695652173913,23,23
3313727,2025-01-05,57.307647058823534,17,17
3313727,2025-01-09,58.63045454545455,22,22
3313727,2025-01-13,70.40125,8,8
3313727,2025-01-17,65.89897959183673,49,49
3313727,2025-01-21,25.8971186440678,59,59
3313727,2025-01-25,74.05695652173912,46,46
3313727,2025-01-29,72.68927272727272,55,55
3313727,2025-02-02,75.055,46,46
3313727,2025-02-06,37.26108108108108,37,37
3313727,2025-02-10,33.31316666666667,60,60
3313727,2025-02-14,75.71827160493828,81,81
3313727,2025-02-18,44.11958333333334,72,72
3313727,2025-02-22,28.366909090909093,55,55
3313727,2025-02-26,27.020434782608696,46,46
3313727,2025-03-02,25.698260869565217,69,69
3313727,2025-03-06,29.04921568627451,51,51
3313727,2025-03-10,38.56065217391304,46,46
3313727,2025-03-14,37.13086206896552,58,58
3313727,2025-03-18,33.71271186440678,59,59
3313727,2025-03-22,16.08030769230769,65,65
3313727,2025-03-26,14.79125,56,56
3313727,2025-03-30,23.99189655172414,58,58
3313727,2025-04-03,8.715925925925927,54,54
3313727,2025-04-07,14.472903225806453,62,62
3313727,2025-04-11,10.231428571428571,70,70
3313727,2025-04-15,15.029846153846155,65,65
3313727,2025-04-19,15.791458333333333,48,48
3313727,2025-04-23,17.193673469387754,49,49
3313727,2025-04-27,10.050322580645162,62,62
3313727,2025-05-01,21.86315789473684,38,38
3313727,2025-05-05,11.219999999999999,49,49
3313727,2025-05-09,11.520943396226416,53,53
3313727,2025-05-13,16.452105263157893,38,38
3313727,2025-05-17,11.3058,50,50
3313727,2025-05-21,8.495333333333333,15,15
3313727,2025-05-25,10.31846153846154,39,39
3313727,2025-05-29,15.121458333333335,48,48
3313727,2025-06-02,13.456909090909091,55,55
3313727,2025-06-06,12.948235294117648,34,34
3313727,2025-06-10,14.514358974358974,39,39
3313727,2025-06-14,19.565526315789473,38,38
3313727,2025-06-18,8.446451612903225,31,31
3313727,2025-06-22,12.762702702702704,74,74
3313727,2025-06-26,12.403658536585366,41,41
3313727,2025-06-30,10.09969696969697,33,33
3313727,2025-07-04,10.181063829787234,47,47
3313727,2025-07-08,9.681515151515152,33,33
3313727,2025-07-12,14.334,75,75
3313727,2025-07-16,11.924090909090909,66,66
3313727,2025-07-20,13.9355,60,60
3313727,2025-07-24,17.429142857142857,70,70
3313727,2025-07-28,23.324027777777776,72,72
3313727,2025-08-01,23.24753086419753,81,81
3313727,2025-08-05,18.853333333333335,72,72
3313727,2025-08-09,22.843999999999998,75,75
3313727,2025-08-13,15.770375000000001,80,80
3313727,2025-08-17,11.680140845070422,71,71
3313727,2025-08-21,15.293521126760563,71,71
3313727,2025-08-25,18.59375,48,48
3313727,2025-08-29,18.66290322580645,62,62
3313727,2025-09-02,18.39695652173913,69,69
3313727,2025-09-06,15.978,60,60
3313727,2025-09-10,12.43,5,5
3313727,2025-09-14,10.052837837837837,74,74
3313727,2025-09-18,14.837741935483871,62,62
3313727,2025-09-22,11.7325,64,64
3313727,2025-09-26,17.04153846153846,65,65
3313727,2025-09-30,17.875593220338985,59,59
3313727,2025-10-04,27.247671232876712,73,73
3313727,2025-10-08,24.739,50,50
3313727,2025-10-12,15.589787234042554,47,47
3313727,2025-10-16,38.85861538461538,65,65
3313727,2025-10-20,29.05888888888889,45,45
3313727,2025-10-24,17.1975,16,16
3313727,2025-10-28,26.23467741935484,62,62
3313727,2025-11-01,32.8676,75,75
3313727,2025-11-05,45.94192307692308,78,78
3313727,2025-11-09,41.14422535211268,71,71
3313727,2025-11-13,46.50208333333333,24,24
3313727,2025-11-17,40.024328358208955,67,67
3313727,2025-11-21,79.75819672131148,61,61
3313727,2025-11-25,128.2892857142857,70,70
3313727,2025-11-29,97.76931034482759,58,58
3313727,2025-12-03,50.8495652173913,69,69
3313727,2025-12-07,212.5819642857143,56,56
3313727,2025-12-11,48.14761904761905,63,63
3313727,2025-12-15,28.512954545454544,44,44
3313727,2025-12-19,69.34534482758622,58,58
3313727,2025-12-23,102.07918367346939,49,49
3313727,2025-12-27,52.105538461538465,65,65
3313727,2025-12-31,45.441355932203386,59,59
225599,2025-01-01,37.56666666666667,24,24
225599,2025-01-05,43.2875,24,24
225599,2025-01-09,64.95416666666667,24,24
225599,2025-01-13,44.99166666666667,24,24
225599,2025-01-17,31.979166666666668,24,24
225599,2025-01-21,60.18333333333334,24,24
225599,2025-01-25,65.21249999999999,24,24
225599,2025-01-29,36.733333333333334,24,24
225599,2025-02-02,55.770833333333336,24,24
225599,2025-02-06,37.01052631578948,19,19
225599,2025-02-10,27.275000000000002,24,24
225599,2025-02-14,47.175000000000004,24,24
225599,2025-02-18,24.45,24,24
225599,2025-02-22,35.49583333333333,24,24
225599,2025-02-26,24.5625,24,24
225599,2025-03-02,22.676470588235293,17,17
225599,2025-03-06,18.375,24,24
225599,2025-03-10,35.137499999999996,24,24
225599,2025-03-14,22.47083333333333,24,24
225599,2025-03-18,23.3625,24,24
225599,2025-03-30,39.545833333333334,24,24
225599,2025-04-03,34.083333333333336,24,24
225599,2025-04-07,18.466666666666665,3,3
225599,2025-04-11,30.508333333333336,24,24
225599,2025-04-15,24.77916666666667,24,24
225599,2025-04-19,17.158333333333335,24,24
225599,2025-04-23,18.08095238095238,21,21
225599,2025-05-09,16.008333333333333,24,24
225599,2025-05-13,15.708333333333334,24,24
225599,2025-05-17,27.320833333333336,24,24
225599,2025-05-21,19.009090909090908,22,22
225599,2025-05-25,18.8875,24,24
225599,2025-05-29,16.979166666666668,24,24
225599,2025-06-02,16.8625,24,24
225599,2025-06-06,16.7,1,1
225599,2025-06-10,14.35,14,14
225599,2025-06-14,14.391666666666666,24,24
225599,2025-06-18,16.045833333333334,24,24
225599,2025-06-22,14.262500000000001,24,24
225599,2025-06-26,17.241666666666667,24,24
225599,2025-06-30,18.33125,16,16
225599,2025-08-25,15.311111111111112,9,9
225599,2025-08-29,20.61904761904762,21,21
225599,2025-09-02,17.25,24,24
225599,2025-09-06,21.150000000000002,24,24
225599,2025-09-10,14.266666666666666,3,3
225599,2025-09-14,26.075,24,24
225599,2025-09-18,20.837500000000002,24,24
225599,2025-09-22,18.337500000000002,24,24
225599,2025-09-26,18.01666666666667,24,24
225599,2025-09-30,14.612499999999999,24,24
225599,2025-10-04,23.7375,24,24
225599,2025-10-08,11.4,10,10
225599,2025-11-21,22.707692307692305,13,13
225599,2025-11-25,29.575,24,24
225599,2025-11-29,38.645833333333336,24,24
225599,2025-12-03,61.737500000000004,24,24
225599,2025-12-07,32.97083333333333,24,24
225599,2025-12-11,41.358333333333334,24,24
225599,2025-12-15,27.59583333333333,24,24
225599,2025-12-19,32.4125,24,24
225599,2025-12-23,34.6625,24,24
225599,2025-12-27,27.7375,24,24
225599,2025-12-31,52.37083333333334,24,24
3409406,2025-02-22,34.193548387096776,93,93
3409406,2025-02-26,52.784946236559136,93,93
3409406,2025-03-02,59.50588235294118,85,85
3409406,2025-03-06,24.18888888888889,90,90
3409406,2025-03-10,31.107142857142858,84,84
3409406,2025-03-14,38.97826086956522,92,92
3409406,2025-03-18,32.08791208791209,91,91
3409406,2025-03-22,42.891304347826086,92,92
3409406,2025-03-26,57.75268817204301,93,93
3409406,2025-03-30,30.967032967032967,91,91
3409406,2025-04-03,39.02739726027397,73,73
3409406,2025-04-07,46.69318181818182,88,88
3409406,2025-04-11,34.6875,16,16
3409406,2025-04-15,40.61666666666667,60,60
3409406,2025-04-19,29.04494382022472,89,89
3409406,2025-04-23,33.228070175438596,57,57
3409406,2025-04-27,34.72826086956522,92,92
3409406,2025-05-01,82.32967032967034,91,91
3409406,2025-05-05,24.804597701149426,87,87
3409406,2025-05-09,23.548387096774192,93,93
3409406,2025-05-13,25.05,80,80
3409406,2025-05-17,26.333333333333332,90,90
3409406,2025-05-21,20.58108108108108,74,74
3409406,2025-05-25,18.72,25,25
3409406,2025-05-29,25.91111111111111,90,90
3409406,2025-06-02,20.6,80,80
3409406,2025-06-06,44.215053763440864,93,93
3409406,2025-06-10,27.607142857142858,84,84
3409406,2025-06-14,36.03260869565217,92,92
3409406,2025-06-18,13.129411764705882,85,85
3409406,2025-06-22,29.333333333333332,54,54
3409406,2025-06-26,17.04494382022472,89,89
3409406,2025-06-30,18.928571428571427,56,56
3409406,2025-07-04,18.57894736842105,76,76
3409406,2025-07-08,24.819277108433734,83,83
3409406,2025-07-12,17.50537634408602,93,93
3409406,2025-07-16,42.022222222222226,90,90
3409406,2025-07-20,35.824175824175825,91,91
3409406,2025-07-24,47.411764705882355,85,85
3409406,2025-07-28,26.52173913043478,92,92
3409406,2025-08-01,23.050847457627118,59,59
3409406,2025-08-05,17.48051948051948,77,77
3409406,2025-08-09,20.580246913580247,81,81
3409406,2025-08-13,25.1123595505618,89,89
3409406,2025-08-17,17.483516483516482,91,91
3409406,2025-08-21,21.261363636363637,88,88
3409406,2025-08-25,12.448979591836734,49,49
3409406,2025-08-29,21.235955056179776,89,89
3409406,2025-09-02,26.523255813953487,86,86
3409406,2025-09-06,15.089887640449438,89,89
3409406,2025-09-10,19.835443037974684,79,79
3409406,2025-09-14,21.315217391304348,92,92
3409406,2025-09-18,18.71232876712329,73,73
3409406,2025-09-22,20.25974025974026,77,77
3409406,2025-09-26,16.945945945945947,74,74
3409406,2025-09-30,10.51685393258427,89,89
3409406,2025-10-04,25.75,92,92
3409406,2025-10-08,49.60227272727273,88,88
3409406,2025-10-12,24.467391304347824,92,92
3409406,2025-10-16,52.282051282051285,78,78
3409406,2025-10-20,82.4920634920635,63,63
3409406,2025-10-24,104.34065934065934,91,91
3409406,2025-11-01,28.875,80,80
3409406,2025-11-05,30.11111111111111,90,90
3409406,2025-11-09,57.03260869565217,92,92
3409406,2025-11-13,62.955555555555556,90,90
3409406,2025-11-17,83.29508196721312,61,61
3409406,2025-11-21,134.57142857142858,91,91
3409406,2025-11-25,59.365591397849464,93,93
3409406,2025-11-29,108.33695652173913,92,92
3409406,2025-12-03,69.72527472527473,91,91
3409406,2025-12-07,90.09677419354838,93,93
3409406,2025-12-11,57.76623376623377,77,77
3409406,2025-12-15,86.82716049382717,81,81
3409406,2025-12-19,82.3170731707317,82,82
3409406,2025-12-23,99.12359550561797,89,89
3409406,2025-12-27,61.333333333333336,81,81
3409406,2025-12-31,74.65168539325843,89,89
4609353,2025-06-06,74.71492607063718,24,24
4609353,2025-06-10,50.012670532922556,24,24
4609353,2025-06-14,53.85371056057158,14,14
4609353,2025-06-18,79.50414351622264,24,24
4609353,2025-06-26,71.48296628795991,13,13
4609353,2025-06-30,49.86986682353655,24,24
4609353,2025-07-04,71.33076788584391,15,15
4609353,2025-07-08,42.52559028520606,21,21
4609353,2025-07-12,87.51602970057236,7,7
4609353,2025-07-16,45.729850232601166,24,24
4609353,2025-07-20,36.216461618741356,4,4
4609353,2025-07-24,50.57919388885048,24,24
4609353,2025-07-28,90.53136971506972,22,22
4609353,2025-08-01,45.11244846612979,13,13
4609353,2025-08-05,39.84898816101135,20,20
4609353,2025-08-09,48.46119464077933,15,15
4609353,2025-08-13,51.50818872993643,24,24
4609353,2025-08-17,71.99576374689738,10,10
4609353,2025-08-21,48.489202009143966,23,23
4609353,2025-08-25,14.520502772554755,10,10
4609353,2025-09-02,37.09770134607951,10,10
4609353,2025-09-10,65.52242665063768,23,23
4609353,2025-09-14,39.335077760367504,14,14
4609353,2025-09-18,52.27199570302094,24,24
4609353,2025-09-22,66.59612863768231,24,24
4609353,2025-09-26,88.43238961480719,23,23
4609353,2025-09-30,144.55698532400305,23,23
4609353,2025-10-08,62.8218299233886,19,19
4609353,2025-10-16,196.60957711537677,23,23
4609353,2025-10-20,242.10324543808446,11,11
4609353,2025-11-05,111.68863470473727,23,23
4609353,2025-11-09,253.40150088910704,24,24
4609353,2025-11-13,281.40583452913495,8,8
4609353,2025-11-17,318.08666124343875,22,22
4609353,2025-11-21,291.0149419687412,24,24
4609353,2025-11-25,299.3390259168766,24,24
4609353,2025-11-29,299.4290400266647,24,24
4609353,2025-12-03,332.09216938018795,24,24
4609353,2025-12-07,331.41787905781354,24,24
4609353,2025-12-11,395.7140699942907,24,24
4609353,2025-12-15,350.32873444998705,24,24
4609353,2025-12-19,400.231176048738,24,24
4609353,2025-12-23,262.55994557981137,24,24
4609353,2025-12-27,379.421905318896,24,24
4609353,2025-12-31,382.5766320705414,24,24
2575375,2025-01-01,44.01613717608981,24,24
2575375,2025-01-05,40.99698091215558,24,24
2575375,2025-01-09,59.48427001289699,23,23
2575375,2025-01-13,44.64000002543131,1,1
2575375,2025-02-14,34.871639370918274,24,24
2575375,2025-02-18,49.489144153065155,24,24
2575375,2025-02-22,47.94069798787435,24,24
2575375,2025-02-26,25.370159669054882,24,24
2575375,2025-03-02,25.074541065427994,24,24
2575375,2025-03-06,49.744027733802795,24,24
2575375,2025-03-10,48.99363699224261,24,24
2575375,2025-03-14,55.602392408582894,24,24
2575375,2025-03-18,87.70551043086583,24,24
2575375,2025-03-22,114.88105736838446,24,24
2575375,2025-03-26,86.20035843536107,24,24
2575375,2025-03-30,140.33327971564398,24,24
2575375,2025-04-03,74.45255557696025,24,24
2575375,2025-04-07,39.585710640507514,24,24
2575375,2025-04-11,62.30581055747138,24,24
2575375,2025-04-15,11.538677109612358,24,24
2575375,2025-04-19,19.25509781969918,24,24
2575375,2025-04-23,50.3988663620419,24,24
2575375,2025-04-27,60.165758523676125,24,24
2575375,2025-05-01,17.668609294626446,24,24
2575375,2025-05-05,20.859581546650993,24,24
2575375,2025-05-09,40.74098445309533,24,24
2575375,2025-05-13,21.31330439282788,24,24
2575375,2025-05-17,8.622130977128622,24,24
2575375,2025-05-21,15.966688671045832,24,24
2575375,2025-05-25,8.426722205761406,24,24
2575375,2025-05-29,7.074230905208323,24,24
2575375,2025-06-02,12.695255952222007,7,7
2575375,2025-06-06,28.257260435157352,24,24
2575375,2025-06-10,11.593704270405901,24,24
2575375,2025-06-14,11.706715645497304,19,19
2575375,2025-06-18,8.174797462920347,24,24
2575375,2025-06-22,12.08006279019342,23,23
2575375,2025-06-26,14.34126567012734,24,24
2575375,2025-06-30,16.35570313533147,24,24
2575375,2025-07-04,13.733291673991415,24,24
2575375,2025-07-08,17.757449636856716,24,24
2575375,2025-07-12,11.70203010737896,24,24
2575375,2025-07-16,15.325175337079498,24,24
2575375,2025-07-20,10.898597221200665,24,24
2575375,2025-07-24,9.419981382787228,24,24
2575375,2025-07-28,10.538512155413628,24,24
2575375,2025-08-01,20.379961790310013,24,24
2575375,2025-08-05,14.10285589367979,24,24
2575375,2025-08-09,15.512446191575792,24,24
2575375,2025-08-13,16.93763541513019,24,24
2575375,2025-08-17,8.273987857340318,24,24
2575375,2025-08-21,9.488491330657983,24,24
2575375,2025-08-25,16.780184626579285,24,24
2575375,2025-08-29,15.2004849596156,24,24
2575375,2025-09-02,12.43039700660544,24,24
2575375,2025-09-06,23.161436408758163,24,24
2575375,2025-09-10,10.339703163339033,24,24
2575375,2025-09-14,13.029999460611078,24,24
2575375,2025-09-18,21.619671871375157,24,24
2575375,2025-09-22,6.489815393022987,24,24
2575375,2025-09-26,11.954514466557237,24,24
2575375,2025-09-30,11.016508459708488,23,23
2575375,2025-10-04,15.540071854802877,23,23
2575375,2025-10-08,8.630328123271465,24,24
2575375,2025-10-12,21.761184019954115,24,24
2575375,2025-10-16,3.494563722302468,17,17
2575375,2025-10-20,16.51348653697463,21,21
2575375,2025-10-24,18.756140829788315,24,24
2575375,2025-10-28,12.469186441806029,24,24
2575375,2025-11-01,2.640755767779133,24,24
2575375,2025-11-05,7.345784433307383,23,23
2575375,2025-11-09,1.1901498847882503,24,24
2575375,2025-11-13,11.130188407759736,23,23
2575375,2025-11-17,16.270081437356545,22,22
2575375,2025-11-21,6.164145834692236,24,24
2575375,2025-11-25,20.651541680759852,24,24
2575375,2025-11-29,33.46071524884966,24,24
2575375,2025-12-03,35.51622970832719,24,24
2575375,2025-12-07,36.28075701163875,24,24
2575375,2025-12-11,35.3073159635067,24,24
2575375,2025-12-15,22.22025174210883,24,24
2575375,2025-12-19,29.546477438343896,24,24
2575375,2025-12-23,30.43644618458218,24,24
2575375,2025-12-27,34.66750002966987,24,24
2575375,2025-12-31,48.78997642682947,23,23
368402,2025-01-01,42.31666666666667,24,24
368402,2025-01-05,41.5875,24,24
368402,2025-01-09,58.166666666666664,24,24
368402,2025-01-13,49.9,24,24
368402,2025-01-17,28.1125,24,24
368402,2025-01-21,63.49583333333334,24,24
368402,2025-01-25,79.89999999999999,24,24
368402,2025-01-29,34.800000000000004,24,24
368402,2025-02-02,59.895833333333336,24,24
368402,2025-02-06,38.675,20,20
368402,2025-02-10,29.27391304347826,23,23
368402,2025-02-14,47.90526315789474,19,19
368402,2025-02-18,24.754166666666666,24,24
368402,2025-02-22,36.62916666666667,24,24
368402,2025-02-26,23.704166666666666,24,24
368402,2025-03-02,22.83125,16,16
368402,2025-03-06,18.961904761904762,21,21
368402,2025-03-10,32.15555555555555,18,18
368402,2025-03-18,26.058333333333334,24,24
368402,2025-03-30,38.38333333333333,24,24
368402,2025-04-03,33.520833333333336,24,24
368402,2025-04-07,23.104166666666668,24,24
368402,2025-04-11,27.608333333333334,24,24
368402,2025-04-15,21.97083333333333,24,24
368402,2025-04-19,15.700000000000001,24,24
368402,2025-04-23,18.39090909090909,22,22
368402,2025-05-09,14.76875,16,16
368402,2025-05-13,18.662499999999998,24,24
368402,2025-05-17,27.40416666666667,24,24
368402,2025-05-21,18.12272727272727,22,22
368402,2025-05-25,16.724999999999998,24,24
368402,2025-05-29,15.133333333333333,24,24
368402,2025-06-02,14.643478260869566,23,23
368402,2025-06-06,22.775000000000002,24,24
368402,2025-06-10,15.825000000000001,24,24
368402,2025-06-14,16.004166666666666,24,24
368402,2025-06-18,14.637500000000001,24,24
368402,2025-06-22,13.920833333333334,24,24
368402,2025-06-26,17.520833333333332,24,24
368402,2025-06-30,18.9875,24,24
368402,2025-08-25,11.622222222222222,9,9
368402,2025-08-29,16.054166666666667,24,24
368402,2025-09-02,15.908333333333333,24,24
368402,2025-09-06,18.620833333333334,24,24
368402,2025-09-10,12.529166666666667,24,24
368402,2025-09-14,25.025000000000002,24,24
368402,2025-09-18,15.508333333333333,24,24
368402,2025-09-22,9.425,24,24
368402,2025-09-26,14.808333333333332,24,24
368402,2025-09-30,11.458333333333334,24,24
368402,2025-10-04,16.400000000000002,24,24
368402,2025-10-08,15.654545454545454,22,22
368402,2025-11-21,18.794736842105266,19,19
368402,2025-11-25,24.990476190476187,21,21
368402,2025-11-29,34.10476190476191,21,21
368402,2025-12-03,43.39545454545455,22,22
368402,2025-12-07,24.322222222222223,18,18
368402,2025-12-11,26.721739130434784,23,23
368402,2025-12-15,21.490909090909092,22,22
368402,2025-12-19,23.02608695652174,23,23
368402,2025-12-23,27.712500000000002,24,24
368402,2025-12-27,21.795833333333334,24,24
368402,2025-12-31,42.74166666666667,24,24
5621,2025-02-22,30.601666666666667,90,90
5621,2025-02-26,34.83954022988506,87,87
5621,2025-03-02,49.12369047619048,84,84
5621,2025-03-06,29.631379310344826,87,87
5621,2025-03-10,49.47082352941177,85,85
5621,2025-03-14,71.70111111111112,90,90
5621,2025-03-18,41.38,89,89
5621,2025-03-22,41.83280898876404,89,89
5621,2025-03-26,67.92206896551724,87,87
5621,2025-03-30,58.549662921348315,89,89
5621,2025-04-03,52.252941176470586,85,85
5621,2025-04-07,70.23965909090909,88,88
5621,2025-04-11,51.24928571428571,14,14
5621,2025-04-15,52.53576271186441,59,59
5621,2025-04-19,37.24788888888889,90,90
5621,2025-04-23,53.85761363636364,88,88
5621,2025-04-27,27.943623188405795,69,69
5621,2025-05-01,35.40426966292135,89,89
5621,2025-05-05,22.470454545454547,88,88
5621,2025-05-09,14.32846153846154,91,91
5621,2025-05-13,33.99307692307692,78,78
5621,2025-05-17,26.267209302325583,86,86
5621,2025-05-21,45.05027397260274,73,73
5621,2025-05-25,12.77378787878788,66,66
5621,2025-05-29,26.851011235955053,89,89
5621,2025-06-02,27.585731707317077,82,82
5621,2025-06-06,41.86355555555555,90,90
5621,2025-06-10,36.48860465116279,86,86
5621,2025-06-14,42.16123595505618,89,89
5621,2025-06-18,14.989651162790697,86,86
5621,2025-06-22,17.103875,80,80
5621,2025-06-26,9.07564705882353,85,85
5621,2025-06-30,16.51058823529412,51,51
5621,2025-07-04,13.812236842105264,76,76
5621,2025-07-08,12.630113636363637,88,88
5621,2025-07-12,18.94948717948718,39,39
5621,2025-07-16,20.960786516853933,89,89
5621,2025-07-20,28.86921348314607,89,89
5621,2025-07-24,16.837625,80,80
5621,2025-07-28,11.357777777777779,54,54
5621,2025-08-01,24.126199999999997,50,50
5621,2025-08-05,24.558529411764706,68,68
5621,2025-08-09,21.05987341772152,79,79
5621,2025-08-13,12.405000000000001,88,88
5621,2025-08-17,12.973953488372093,86,86
5621,2025-08-21,9.134936708860758,79,79
5621,2025-08-25,9.948311688311689,77,77
5621,2025-08-29,19.41306818181818,88,88
5621,2025-09-02,14.035402298850574,87,87
5621,2025-09-06,10.305057471264368,87,87
5621,2025-09-10,15.500813953488372,86,86
5621,2025-09-14,27.326067415730336,89,89
5621,2025-09-18,20.423239436619717,71,71
5621,2025-09-22,25.47156626506024,83,83
5621,2025-09-26,23.213333333333335,69,69
5621,2025-09-30,16.78876404494382,89,89
5621,2025-10-04,15.477375,80,80
5621,2025-10-08,20.680843373493975,83,83
5621,2025-10-12,41.040454545454544,88,88
5621,2025-10-16,85.41813953488372,86,86
5621,2025-10-20,59.69276923076924,65,65
5621,2025-10-24,46.550000000000004,86,86
5621,2025-10-28,30.894714285714286,70,70
5621,2025-11-01,28.40222222222222,81,81
5621,2025-11-05,37.13896551724138,87,87
5621,2025-11-09,65.355,86,86
5621,2025-11-13,77.11269662921347,89,89
5621,2025-11-17,89.65358024691358,81,81
5621,2025-11-21,95.02839080459769,87,87
5621,2025-11-25,95.79625,24,24
5621,2025-11-29,60.91604938271605,81,81
5621,2025-12-03,60.15891891891892,74,74
5621,2025-12-07,47.610533333333336,75,75
5621,2025-12-11,50.016756756756756,74,74
5621,2025-12-15,66.80602941176471,68,68
5621,2025-12-19,37.42481012658228,79,79
5621,2025-12-23,63.9122972972973,74,74
5621,2025-12-27,65.04575342465753,73,73
5621,2025-12-31,86.4916,75,75
233415,2025-02-22,54.10989010989011,91,91
233415,2025-02-26,43.31578947368421,57,57
233415,2025-03-02,42.16867469879518,83,83
233415,2025-03-06,36.864197530864196,81,81
233415,2025-03-10,46.57471264367816,87,87
233415,2025-03-14,26.0,90,90
233415,2025-03-18,31.11111111111111,90,90
233415,2025-03-22,41.766666666666666,90,90
233415,2025-03-26,53.06666666666667,90,90
233415,2025-03-30,32.4,25,25
233415,2025-04-03,39.44444444444444,81,81
233415,2025-04-07,62.278481012658226,79,79
233415,2025-04-11,17.533333333333335,15,15
233415,2025-04-15,33.54385964912281,57,57
233415,2025-04-19,28.44705882352941,85,85
233415,2025-04-23,41.81818181818182,88,88
233415,2025-04-27,31.38888888888889,90,90
233415,2025-05-01,37.17777777777778,90,90
233415,2025-05-05,29.0,85,85
233415,2025-05-09,44.43478260869565,92,92
233415,2025-05-13,48.975,80,80
233415,2025-05-17,38.12222222222222,90,90
233415,2025-05-21,42.53225806451613,62,62
233415,2025-05-25,7.258064516129032,62,62
233415,2025-05-29,34.80898876404494,89,89
233415,2025-06-02,37.62162162162162,74,74
233415,2025-06-06,46.41935483870968,93,93
233415,2025-06-10,65.75903614457832,83,83
233415,2025-06-14,54.05494505494506,91,91
233415,2025-06-18,27.686746987951807,83,83
233415,2025-06-22,31.72151898734177,79,79
233415,2025-06-26,18.333333333333332,87,87
233415,2025-06-30,14.107142857142858,56,56
233415,2025-07-04,18.61842105263158,76,76
233415,2025-07-08,27.344827586206897,87,87
233415,2025-07-12,35.032967032967036,91,91
233415,2025-07-16,11.044444444444444,90,90
233415,2025-07-20,32.857142857142854,91,91
233415,2025-07-24,30.6046511627907,43,43
233415,2025-07-28,20.70967741935484,93,93
233415,2025-08-01,25.64814814814815,54,54
233415,2025-08-05,16.166666666666668,78,78
233415,2025-08-09,11.746835443037975,79,79
233415,2025-08-13,21.170454545454547,88,88
233415,2025-08-17,11.851063829787234,47,47
233415,2025-08-21,9.0,69,69
233415,2025-08-25,5.8625,80,80
233415,2025-08-29,7.054794520547945,73,73
233415,2025-09-02,4.935483870967742,31,31
233415,2025-09-06,8.0,69,69
233415,2025-09-10,11.411764705882353,85,85
233415,2025-09-14,14.426966292134832,89,89
233415,2025-09-18,8.981481481481481,54,54
233415,2025-09-22,27.681818181818183,88,88
233415,2025-09-26,37.59154929577465,71,71
233415,2025-09-30,29.53846153846154,91,91
233415,2025-10-04,37.943820224719104,89,89
233415,2025-10-08,20.476190476190474,84,84
233415,2025-10-12,52.358024691358025,81,81
233415,2025-10-16,81.59770114942529,87,87
233415,2025-10-20,75.11111111111111,63,63
233415,2025-10-24,53.9,90,90
233415,2025-10-28,80.03125,64,64
233415,2025-11-01,106.17948717948718,78,78
233415,2025-11-05,73.35632183908046,87,87
233415,2025-11-09,59.62637362637363,91,91
233415,2025-11-13,53.989010989010985,91,91
233415,2025-11-17,68.01123595505618,89,89
233415,2025-11-21,78.41111111111111,90,90
233415,2025-11-25,72.6923076923077,91,91
233415,2025-11-29,50.0,63,63
233415,2025-12-03,85.83516483516483,91,91
233415,2025-12-07,83.76086956521739,92,92
233415,2025-12-11,96.6986301369863,73,73
233415,2025-12-15,74.74666666666667,75,75
233415,2025-12-19,106.87209302325581,86,86
233415,2025-12-23,66.1,80,80
233415,2025-12-27,91.16666666666667,72,72
233415,2025-12-31,123.49438202247191,89,89
4937213,2025-07-04,0.00011805556197133329,24,24
4937213,2025-07-08,1.0913055572503556,24,24
4937213,2025-07-12,1.4249927535707105,23,23
4937213,2025-07-16,0.6006238088987413,14,14
4937213,2025-07-24,1.0383367969059487,24,24
4937213,2025-07-28,1.6510062497083304,24,24
4937213,2025-08-01,2.160951382260666,24,24
4937213,2025-08-05,8.181869791820645,24,24
4937213,2025-08-09,5.918159712054249,24,24
4937213,2025-08-13,5.151384242603348,6,6
4937213,2025-08-17,11.494522499024042,24,24
4937213,2025-08-21,4.211639697942385,17,17
4937213,2025-08-25,8.614122131283187,24,24
4937213,2025-08-29,14.811388845348525,24,24
4937213,2025-09-02,4.917579563907086,22,22
4937213,2025-09-06,18.664208940294987,24,24
4937213,2025-09-10,15.408767392341462,24,24
4937213,2025-09-14,17.062320039788677,24,24
4937213,2025-09-18,12.839724538627907,24,24
4937213,2025-09-22,27.348107025104884,24,24
4937213,2025-09-26,22.89265184071219,24,24
4937213,2025-09-30,14.569565364168724,23,23
4937213,2025-10-04,21.921840566824134,23,23
4937213,2025-10-08,21.878874491398324,24,24
4937213,2025-10-12,9.744369696957579,14,14
4937213,2025-10-16,11.290065380666164,24,24
4937213,2025-10-20,12.497772117253769,21,21
4937213,2025-10-24,10.60347570814106,24,24
4937213,2025-10-28,18.22569391490995,24,24
4937213,2025-11-01,14.44968230325677,24,24
4937213,2025-11-05,15.999971021363592,23,23
4937213,2025-11-09,14.14148613370748,24,24
4937213,2025-11-13,12.18822451072024,22,22
4937213,2025-11-17,1.489097223549135,21,21
4937213,2025-11-21,17.380049073242496,24,24
4937213,2025-11-25,10.790722228276232,24,24
4937213,2025-11-29,13.671437501358904,24,24
4937213,2025-12-03,0.27890972263283204,24,24
4937213,2025-12-07,19.167386557586077,24,24
4937213,2025-12-11,13.719162030190368,24,24
4937213,2025-12-15,23.585879608273498,24,24
4937213,2025-12-19,12.296957168124479,24,24
4937213,2025-12-23,16.03319948267455,24,24
4937213,2025-12-27,19.211021412755535,24,24
4937213,2025-12-31,13.703620356231651,24,24
2334,2025-01-01,16.708333333333332,24,24
2334,2025-01-05,16.875,24,24
2334,2025-01-09,16.333333333333332,24,24
2334,2025-01-13,17.541666666666668,24,24
2334,2025-01-17,15.125,24,24
2334,2025-01-21,16.083333333333332,24,24
2334,2025-01-25,15.25,24,24
2334,2025-01-29,18.25,24,24
2334,2025-02-02,16.083333333333332,24,24
2334,2025-02-06,17.875,24,24
2334,2025-02-10,39.791666666666664,24,24
2334,2025-02-14,18.416666666666668,24,24
2334,2025-02-18,18.291666666666668,24,24
2334,2025-02-22,16.875,24,24
2334,2025-02-26,59.375,24,24
2334,2025-03-02,16.0,24,24
2334,2025-03-06,15.333333333333334,24,24
2334,2025-03-10,15.125,24,24
2334,2025-03-14,18.458333333333332,24,24
2334,2025-03-18,19.0,24,24
2334,2025-03-22,17.454545454545453,11,11
2334,2025-03-26,45.75,24,24
2334,2025-03-30,17.416666666666668,24,24
2334,2025-04-03,29.375,24,24
2334,2025-04-07,43.416666666666664,24,24
2334,2025-04-11,32.785714285714285,14,14
2334,2025-04-15,35.0,24,24
2334,2025-04-19,32.8,15,15
2334,2025-04-23,22.333333333333332,24,24
2334,2025-04-27,30.583333333333332,24,24
2334,2025-05-01,34.916666666666664,24,24
2334,2025-05-05,55.791666666666664,24,24
2334,2025-05-09,36.5,24,24
2334,2025-05-13,142.54166666666666,24,24
2334,2025-05-17,24.708333333333332,24,24
2334,2025-05-21,57.958333333333336,24,24
2334,2025-05-25,38.916666666666664,24,24
2334,2025-05-29,29.583333333333332,24,24
2334,2025-06-02,177.33333333333334,24,24
2334,2025-06-06,44.625,24,24
2334,2025-06-10,301.5833333333333,24,24
2334,2025-06-14,80.20833333333333,24,24
2334,2025-06-18,127.95833333333333,24,24
2334,2025-06-22,30.583333333333332,24,24
2334,2025-06-26,146.79166666666666,24,24
2334,2025-06-30,40.958333333333336,24,24
2334,2025-07-04,83.25,24,24
2334,2025-07-08,29.333333333333332,24,24
2334,2025-07-12,21.125,24,24
2334,2025-07-16,86.33333333333333,24,24
2334,2025-07-20,49.75,24,24
2334,2025-07-24,89.875,24,24
2334,2025-07-28,23.833333333333332,24,24
2334,2025-08-01,15.416666666666666,24,24
2334,2025-08-05,144.66666666666666,24,24
2334,2025-08-09,165.20833333333334,24,24
2334,2025-08-13,27.541666666666668,24,24
2334,2025-08-17,95.29166666666667,24,24
2334,2025-08-21,20.375,24,24
2334,2025-08-25,52.833333333333336,24,24
2334,2025-08-29,43.333333333333336,24,24
2334,2025-09-02,23.208333333333332,24,24
2334,2025-09-06,89.08333333333333,24,24
2334,2025-09-10,19.791666666666668,24,24
2334,2025-09-14,42.666666666666664,24,24
2334,2025-09-18,22.25,24,24
2334,2025-09-22,29.041666666666668,24,24
2334,2025-09-26,17.5,24,24
2334,2025-09-30,20.5,24,24
2334,2025-10-04,17.958333333333332,24,24
2334,2025-10-08,14.291666666666666,24,24
2334,2025-10-12,18.5,24,24
2334,2025-10-16,16.625,24,24
2334,2025-10-20,18.166666666666668,24,24
2334,2025-10-28,19.11111111111111,9,9
2334,2025-11-01,15.083333333333334,24,24
2334,2025-11-05,17.0,24,24
2334,2025-11-09,17.625,24,24
2334,2025-11-17,14.0,24,24
2334,2025-11-21,14.291666666666666,24,24
2334,2025-11-25,18.916666666666668,24,24
2334,2025-11-29,15.0,24,24
2334,2025-12-03,12.625,24,24
2334,2025-12-07,18.708333333333332,24,24
2334,2025-12-11,17.041666666666668,24,24
2334,2025-12-15,11.916666666666666,24,24
2334,2025-12-19,12.208333333333334,24,24
2334,2025-12-23,12.583333333333334,24,24
2334,2025-12-27,12.083333333333334,24,24
2334,2025-12-31,14.041666666666666,24,24
3409462,2025-02-22,46.13771739130435,92,92
3409462,2025-02-26,58.087325581395355,86,86
3409462,2025-03-02,48.15282352941176,85,85
3409462,2025-03-06,84.46634146341464,82,82
3409462,2025-03-10,64.94415730337079,89,89
3409462,2025-03-14,124.58934782608695,92,92
3409462,2025-03-18,54.966593406593404,91,91
3409462,2025-03-22,48.347888888888896,90,90
3409462,2025-03-26,59.63674999999999,80,80
3409462,2025-03-30,69.20395604395605,91,91
3409462,2025-04-03,32.52770114942528,87,87
3409462,2025-04-07,44.723255813953486,86,86
3409462,2025-04-11,27.336875,16,16
3409462,2025-04-15,48.18118644067797,59,59
3409462,2025-04-19,21.78816091954023,87,87
3409462,2025-04-23,55.37573170731708,82,82
3409462,2025-04-27,45.58239130434782,92,92
3409462,2025-05-01,44.761428571428574,91,91
3409462,2025-05-05,40.67080459770115,87,87
3409462,2025-05-13,9.965641025641027,78,78
3409462,2025-05-17,18.624204545454546,88,88
3409462,2025-05-21,33.96282608695652,46,46
3409462,2025-05-25,25.9915625,64,64
3409462,2025-05-29,34.999736842105264,76,76
3409462,2025-06-02,26.435000000000002,82,82
3409462,2025-06-06,35.53208791208791,91,91
3409462,2025-06-10,30.771084337349397,83,83
3409462,2025-06-14,34.23107142857143,56,56
3409462,2025-06-18,17.925925925925927,27,27
3409462,2025-06-22,17.429750000000002,80,80
3409462,2025-06-26,16.859545454545454,88,88
3409462,2025-06-30,18.898035714285715,56,56
3409462,2025-07-04,16.424054054054057,74,74
3409462,2025-07-08,17.855822784810126,79,79
3409462,2025-07-12,18.301573033707864,89,89
3409462,2025-07-16,20.907777777777778,90,90
3409462,2025-07-20,17.523846153846154,91,91
3409462,2025-07-24,15.873924050632912,79,79
3409462,2025-07-28,14.279666666666667,90,90
3409462,2025-08-01,15.871896551724136,58,58
3409462,2025-08-05,16.956153846153846,78,78
3409462,2025-08-09,26.650135135135137,74,74
3409462,2025-08-13,22.6908,75,75
3409462,2025-08-17,20.203222222222223,90,90
3409462,2025-08-21,13.134698795180723,83,83
3409462,2025-08-25,11.516896551724138,87,87
3409462,2025-08-29,20.026777777777777,90,90
3409462,2025-09-02,19.83767441860465,86,86
3409462,2025-09-06,10.217215189873418,79,79
3409462,2025-09-10,22.358588235294118,85,85
3409462,2025-09-14,44.32933333333333,90,90
3409462,2025-09-18,30.65986301369863,73,73
3409462,2025-09-22,33.303333333333335,84,84
3409462,2025-09-26,37.82514285714286,70,70
3409462,2025-09-30,18.38438202247191,89,89
3409462,2025-10-04,18.59923076923077,91,91
3409462,2025-10-08,33.76064516129032,93,93
3409462,2025-10-12,38.72689655172414,87,87
3409462,2025-10-16,62.79056179775281,89,89
3409462,2025-10-20,76.94444444444444,63,63
3409462,2025-10-24,35.46247058823529,85,85
3409462,2025-10-28,31.33885714285714,70,70
3409462,2025-11-01,42.383717948717944,78,79
3409462,2025-11-05,57.60693181818181,88,88
3409462,2025-11-09,74.78247311827957,93,93
3409462,2025-11-13,84.11847826086957,92,92
3409462,2025-11-17,62.73374999999999,88,88
3409462,2025-11-21,90.00619565217391,92,92
3409462,2025-11-25,37.92116279069767,86,86
3409462,2025-11-29,75.60782608695652,92,92
3409462,2025-12-03,76.67133333333334,90,90
3409462,2025-12-07,73.9832584269663,89,89
3409462,2025-12-11,63.14181818181818,77,77
3409462,2025-12-15,63.36725,80,80
3409462,2025-12-19,64.2889156626506,83,83
3409462,2025-12-23,78.27720000000001,25,25
3409462,2025-12-27,58.967160493827166,81,81
3409462,2025-12-31,67.0956179775281,89,89
2960665,2025-01-01,22.33814814814815,81,81
2960665,2025-01-05,46.36081967213115,61,61
2960665,2025-01-09,63.37345454545454,55,55
2960665,2025-01-13,62.465714285714284,7,7
2960665,2025-01-17,59.6469387755102,49,49
2960665,2025-01-21,23.25824561403509,57,57
2960665,2025-01-25,69.793125,48,48
2960665,2025-01-29,65.04218181818182,55,55
2960665,2025-02-02,63.885999999999996,45,45
2960665,2025-02-06,39.24088235294118,34,34
2960665,2025-02-10,29.91526315789474,57,57
2960665,2025-02-14,61.794320987654324,81,81
2960665,2025-02-18,46.84154929577465,71,71
2960665,2025-02-22,24.01203703703704,54,54
2960665,2025-02-26,33.348125,48,48
2960665,2025-03-02,24.505072463768116,69,69
2960665,2025-03-06,28.057843137254903,51,51
2960665,2025-03-10,34.13744680851064,47,47
2960665,2025-03-14,32.42103448275862,58,58
2960665,2025-03-18,31.939661016949152,59,59
2960665,2025-03-22,12.533846153846154,65,65
2960665,2025-03-26,14.177413793103447,58,58
2960665,2025-03-30,28.236724137931034,58,58
2960665,2025-04-03,8.439074074074073,54,54
2960665,2025-04-07,14.5505,60,60
2960665,2025-04-11,10.040281690140846,71,71
2960665,2025-04-15,14.136000000000001,65,65
2960665,2025-04-19,14.802978723404255,47,47
2960665,2025-04-23,15.631458333333335,48,48
2960665,2025-04-27,9.961311475409836,61,61
2960665,2025-05-01,18.38675,40,40
2960665,2025-05-05,10.075,46,46
2960665,2025-05-09,10.307058823529411,51,51
2960665,2025-05-13,14.892702702702701,37,37
2960665,2025-05-17,10.993076923076924,52,52
2960665,2025-05-21,11.729999999999999,15,15
2960665,2025-05-25,10.193783783783784,37,37
2960665,2025-05-29,12.792083333333332,48,48
2960665,2025-06-02,14.439636363636362,55,55
2960665,2025-06-06,12.24060606060606,33,33
2960665,2025-06-10,12.913157894736841,38,38
2960665,2025-06-14,16.616486486486487,37,37
2960665,2025-06-18,7.35258064516129,31,31
2960665,2025-06-22,11.252837837837838,74,74
2960665,2025-06-26,11.828536585365853,41,41
2960665,2025-06-30,10.400294117647059,34,34
2960665,2025-07-04,9.730816326530613,49,49
2960665,2025-07-08,9.035882352941176,34,34
2960665,2025-07-12,14.014399999999998,75,75
2960665,2025-07-16,11.700606060606061,66,66
2960665,2025-07-20,12.9375,60,60
2960665,2025-07-24,15.414428571428571,70,70
2960665,2025-08-01,21.544305555555557,72,72
2960665,2025-08-05,14.852916666666667,72,72
2960665,2025-08-09,22.68945205479452,73,73
2960665,2025-08-13,13.25325,80,80
2960665,2025-08-17,10.94557142857143,70,70
2960665,2025-08-21,12.743382352941175,68,68
2960665,2025-08-25,16.221458333333334,48,48
2960665,2025-08-29,16.159508196721312,61,61
2960665,2025-09-02,16.235454545454544,11,11
2960665,2025-09-06,13.50484375,64,64
2960665,2025-09-10,11.47125,8,8
2960665,2025-09-14,8.757671232876712,73,73
2960665,2025-09-18,12.890327868852458,61,61
2960665,2025-09-22,8.37890625,64,64
2960665,2025-09-26,14.252121212121212,66,66
2960665,2025-09-30,16.75793103448276,58,58
2960665,2025-10-04,21.706197183098592,71,71
2960665,2025-10-08,19.329183673469387,49,49
2960665,2025-10-12,15.178163265306123,49,49
2960665,2025-10-16,17.126363636363635,66,66
2960665,2025-10-20,21.222291666666667,48,48
2960665,2025-10-24,21.676666666666666,15,15
2960665,2025-10-28,22.628,60,60
2960665,2025-11-01,28.434864864864863,74,74
2960665,2025-11-05,40.46818181818182,77,77
2960665,2025-11-09,40.12513888888889,72,72
2960665,2025-11-13,42.766400000000004,25,25
2960665,2025-11-17,27.972941176470588,68,68
2960665,2025-11-21,79.0539344262295,61,61
2960665,2025-11-25,128.14718309859157,71,71
2960665,2025-11-29,89.0538596491228,57,57
2960665,2025-12-03,42.84666666666667,69,69
2960665,2025-12-07,123.85740740740741,54,54
2960665,2025-12-11,38.10322580645161,62,62
2960665,2025-12-15,21.847241379310347,29,29
2960665,2025-12-19,75.50948275862069,58,58
2960665,2025-12-23,83.29787234042553,47,47
2960665,2025-12-27,44.4384375,64,64
2960665,2025-12-31,23.937704918032786,61,61
3409396,2025-02-22,30.768,80,80
3409396,2025-02-26,25.48481012658228,79,79
3409396,2025-03-02,40.6877358490566,53,53
3409396,2025-03-06,36.530757575757576,66,66
3409396,2025-03-10,52.79405405405405,74,74
3409396,2025-03-14,73.2346875,64,64
3409396,2025-03-18,45.18063291139241,79,79
3409396,2025-03-22,2.7782758620689654,29,29
3409396,2025-03-26,44.14475,80,80
3409396,2025-04-03,43.374328358208956,67,67
3409396,2025-04-07,78.24636363636364,77,87
3409396,2025-04-11,27.806875,16,16
3409396,2025-04-15,26.821694915254238,59,59
3409396,2025-04-19,31.423787878787877,66,66
3409396,2025-04-23,42.557826086956524,92,92
3409396,2025-04-27,20.635636363636365,55,55
3409396,2025-05-01,21.63339285714286,56,56
3409396,2025-05-05,27.22921348314607,89,89
3409396,2025-05-09,29.598571428571425,91,93
3409396,2025-05-13,29.35835294117647,85,85
3409396,2025-05-17,23.26120879120879,91,91
3409396,2025-05-21,18.848064516129032,62,62
3409396,2025-05-29,7.3383050847457625,59,59
3409396,2025-06-02,27.95817073170732,82,82
3409396,2025-06-06,36.358636363636364,66,66
3409396,2025-06-10,35.120000000000005,73,73
3409396,2025-06-14,23.329722222222223,72,72
3409396,2025-06-18,15.40257575757576,66,66
3409396,2025-06-26,8.549375,32,32
3409396,2025-06-30,6.125681818181818,44,44
3409396,2025-07-04,32.64055555555555,18,18
3409396,2025-07-08,6.938285714285715,35,35
3409396,2025-07-12,7.798064516129033,93,93
3409396,2025-07-16,12.566533333333334,75,75
3409396,2025-07-20,21.868709677419353,31,31
3409396,2025-07-24,6.992,5,5
3409396,2025-07-28,10.44413043478261,92,92
3409396,2025-08-01,16.881311475409834,61,61
3409396,2025-08-05,29.329620253164556,79,79
3409396,2025-08-13,27.67,73,73
3409396,2025-08-17,7.936865671641791,67,67
3409396,2025-08-21,7.116984126984127,63,63
3409396,2025-08-25,5.659333333333333,45,45
3409396,2025-08-29,20.233764705882354,85,85
3409396,2025-09-02,23.466969696969695,33,33
3409396,2025-09-06,23.785652173913046,92,92
3409396,2025-09-10,24.22830188679245,53,53
3409396,2025-09-18,17.98708333333333,72,72
3409396,2025-09-22,13.1125,84,84
3409396,2025-09-26,13.21830985915493,71,71
3409396,2025-09-30,24.366195652173914,92,92
3409396,2025-10-04,6.743870967741935,93,93
3409396,2025-10-08,22.163508771929823,57,57
3409396,2025-10-12,24.639999999999997,58,58
3409396,2025-10-16,42.305056179775285,89,89
3409396,2025-10-20,51.2640350877193,57,60
3409396,2025-10-24,64.54857142857144,91,91
3409396,2025-10-28,15.010694444444445,72,72
3409396,2025-11-01,15.548024691358027,81,81
3409396,2025-11-05,44.6704347826087,92,92
3409396,2025-11-09,87.89475,40,40
3409396,2025-11-13,51.51296703296703,91,91
3409396,2025-11-17,45.56808988764045,89,89
3409396,2025-11-21,41.135824175824176,91,91
3409396,2025-11-25,42.00380434782608,92,92
3409396,2025-11-29,34.606195652173916,92,92
3409396,2025-12-03,46.50694117647059,85,85
3409396,2025-12-07,34.10521739130435,69,69
3409396,2025-12-11,37.35608108108108,74,74
3409396,2025-12-15,59.87149425287356,87,87
3409396,2025-12-19,54.321666666666665,72,72
3409396,2025-12-23,61.155777777777786,90,90
3409396,2025-12-27,28.837333333333333,45,45
3409396,2025-12-31,38.47725274725275,91,91
3597980,2025-03-06,41.2032798661126,6,6
3597980,2025-03-26,111.13729068968031,24,24
3597980,2025-04-03,35.96598419547081,16,16
3597980,2025-04-07,48.30157240051212,8,8
3597980,2025-04-23,32.387000072484064,8,8
3597980,2025-05-05,27.70916660229365,8,8
3597980,2025-05-09,23.44457290271918,8,8
3597980,2025-05-13,44.533473844329514,16,16
3597980,2025-05-21,14.805236398077115,7,7
3597980,2025-05-29,0.16529166724325883,2,2
3597980,2025-06-02,8.224763956334856,3,3
3597980,2025-06-06,23.459025531344942,10,10
3597980,2025-06-10,8.438365620009753,7,7
3597980,2025-06-26,8.686158370971679,5,5
3597980,2025-06-30,5.656152771578895,3,3
3597980,2025-07-08,10.174747923006514,9,9
3597980,2025-07-24,3.1084249764680862,2,2
3597980,2025-07-28,9.204444421662224,3,3
3597980,2025-08-01,15.990061829884846,5,5
3597980,2025-09-06,4.997006375678919,24,24
3597980,2025-09-10,6.805625580095996,24,24
3597980,2025-09-14,20.11675573657784,24,24
3597980,2025-09-18,4.245463532473271,24,24
3597980,2025-09-22,2.928632537161725,24,24
3597980,2025-09-26,1.2987824074742902,24,24
3597980,2025-09-30,0.9420797110845646,23,23
3597980,2025-10-04,16.35595715996148,23,23
3597980,2025-10-08,4.623016335479186,17,17
3597980,2025-10-12,4.664407990057953,24,24
3597980,2025-10-16,4.494298037374392,24,24
3597980,2025-10-20,29.66174401934185,21,21
3597980,2025-11-05,1.6416612314240295,23,23
3597980,2025-11-13,12.929248189577015,23,23
3597980,2025-11-17,3.8020683769168504,13,13
3597980,2025-11-21,28.688033834596474,16,16
3597980,2025-11-25,42.769868116908604,24,24
3597980,2025-11-29,32.98959487919454,24,24
3597980,2025-12-03,14.688737271339805,24,24
3597980,2025-12-07,26.923069490326778,24,24
3597980,2025-12-11,5.11051857214628,16,16
3597980,2025-12-15,4.844857636518363,24,24
3597980,2025-12-19,10.059592593157733,1,1
3597980,2025-12-23,11.24871816844162,24,24
3597980,2025-12-27,22.63278470436732,24,24
3597980,2025-12-31,33.599918507838595,23,23
4795499,2025-06-22,42.34389610389611,77,77
4795499,2025-06-26,20.79939393939394,33,33
4795499,2025-06-30,32.864761904761906,21,21
4795499,2025-07-04,16.04625,48,48
4795499,2025-07-08,12.46921052631579,38,38
4795499,2025-07-12,19.991249999999997,72,72
4795499,2025-07-16,16.468030303030304,66,66
4795499,2025-07-20,17.45327868852459,61,61
4795499,2025-07-24,11.374366197183098,71,71
4795499,2025-07-28,19.224923076923076,65,65
4795499,2025-08-01,19.673827160493826,81,81
4795499,2025-08-05,41.62135135135135,74,74
4795499,2025-08-09,18.618533333333335,75,75
4795499,2025-08-13,34.41604938271605,81,81
4795499,2025-08-17,25.49676056338028,71,71
4795499,2025-08-21,27.858133333333335,75,75
4795499,2025-08-25,24.386037735849058,53,53
4795499,2025-08-29,43.306612903225805,62,62
4795499,2025-09-02,15.471538461538461,65,65
4795499,2025-09-06,28.559104477611942,67,67
4795499,2025-09-10,33.483333333333334,15,15
4795499,2025-09-14,32.086081081081076,74,74
4795499,2025-09-18,42.043623188405796,69,69
4795499,2025-09-22,4.208275862068966,58,58
4795499,2025-09-26,39.71055555555555,72,72
4795499,2025-09-30,64.88949152542374,59,59
4795499,2025-10-04,33.7843661971831,71,71
4795499,2025-10-08,49.48627450980393,51,51
4795499,2025-10-12,31.003809523809526,42,42
4795499,2025-10-16,37.63313432835821,67,67
4795499,2025-10-20,49.698,40,40
4795499,2025-10-24,32.71363636363637,22,22
4795499,2025-10-28,48.89150943396226,53,53
4795499,2025-11-01,33.31376623376623,77,77
4795499,2025-11-05,39.64,80,80
4795499,2025-11-09,19.448846153846155,78,78
4795499,2025-11-13,41.32405405405405,37,37
4795499,2025-11-17,35.30911764705883,68,68
4795499,2025-11-21,27.738999999999997,60,60
4795499,2025-11-25,28.692580645161293,62,62
4795499,2025-11-29,48.98203389830508,59,59
4795499,2025-12-03,35.597500000000004,68,68
4795499,2025-12-07,20.114893617021277,47,47
4795499,2025-12-11,35.626999999999995,60,60
4795499,2025-12-15,38.41761904761905,42,42
4795499,2025-12-19,41.783478260869565,46,46
4795499,2025-12-23,28.179423076923076,52,52
4795499,2025-12-27,40.685344827586206,58,58
4795499,2025-12-31,43.36076923076923,65,65
225602,2025-01-01,30.246666666666666,15,15
225602,2025-01-05,42.526666666666664,15,15
225602,2025-01-09,47.88461538461539,13,13
225602,2025-01-13,39.35294117647059,17,17
225602,2025-01-17,25.4875,16,16
225602,2025-01-21,45.2875,16,16
225602,2025-01-25,62.62777777777777,18,18
225602,2025-01-29,25.41875,16,16
225602,2025-02-02,48.74782608695652,23,23
225602,2025-02-06,39.765,20,20
225602,2025-02-10,17.178260869565218,23,23
225602,2025-02-14,33.675000000000004,24,24
225602,2025-02-18,41.483333333333334,24,24
225602,2025-02-22,30.26521739130435,23,23
225602,2025-02-26,17.82,20,20
225602,2025-03-02,34.3421052631579,19,19
225602,2025-03-06,29.233333333333334,18,18
225602,2025-03-10,27.073684210526313,19,19
225602,2025-03-14,21.870833333333334,24,24
225602,2025-03-18,29.391666666666666,24,24
225602,2025-03-22,45.80416666666667,24,24
225602,2025-03-26,61.99583333333334,24,24
225602,2025-03-30,38.28333333333333,24,24
225602,2025-04-03,40.97391304347826,23,23
225602,2025-04-07,26.73478260869565,23,23
225602,2025-04-11,28.21666666666667,24,24
225602,2025-04-15,37.074999999999996,24,24
225602,2025-04-19,15.095833333333333,24,24
225602,2025-04-23,20.49047619047619,21,21
225602,2025-05-09,14.691666666666668,24,24
225602,2025-05-13,10.291666666666666,24,24
225602,2025-05-17,19.704545454545453,22,22
225602,2025-05-21,17.595454545454547,22,22
225602,2025-05-25,14.179166666666667,24,24
225602,2025-05-29,12.429166666666667,24,24
225602,2025-06-02,11.860869565217392,23,23
225602,2025-06-06,21.808333333333334,24,24
225602,2025-06-10,13.408333333333333,24,24
225602,2025-06-14,9.237499999999999,24,24
225602,2025-06-18,11.083333333333334,24,24
225602,2025-06-22,12.108333333333334,24,24
225602,2025-06-26,15.7125,24,24
225602,2025-06-30,10.969565217391304,23,23
225602,2025-08-25,14.266666666666666,6,6
225602,2025-08-29,18.9375,24,24
225602,2025-09-02,12.06086956521739,23,23
225602,2025-09-06,10.987499999999999,24,24
225602,2025-09-10,10.012500000000001,24,24
225602,2025-09-14,15.50625,16,16
225602,2025-09-22,12.457142857142859,21,21
225602,2025-09-26,12.704166666666666,24,24
225602,2025-09-30,11.125,24,24
225602,2025-10-04,11.786363636363637,22,22
225602,2025-10-08,11.495238095238095,21,21
225602,2025-11-21,16.845833333333335,24,24
225602,2025-11-25,22.792307692307695,13,13
225602,2025-11-29,41.135714285714286,14,14
225602,2025-12-03,32.84285714285714,14,14
225602,2025-12-07,17.825,12,12
225602,2025-12-11,26.657142857142855,14,14
225602,2025-12-15,11.613333333333333,15,15
225602,2025-12-19,30.95,6,6
225602,2025-12-23,25.04,5,5
225602,2025-12-27,19.5,7,7
225602,2025-12-31,39.1,7,7
3409454,2025-02-22,61.538648648648646,74,74
3409454,2025-02-26,73.43111111111111,90,90
3409454,2025-03-02,56.54023529411765,85,85
3409454,2025-03-06,44.07363636363636,88,88
3409454,2025-03-10,66.68590361445783,83,83
3409454,2025-03-14,50.35873563218391,87,87
3409454,2025-03-18,51.95917647058823,85,85
3409454,2025-03-22,40.11,85,85
3409454,2025-03-26,57.08141304347826,92,92
3409454,2025-03-30,64.29913580246914,81,81
3409454,2025-04-03,65.83392857142857,84,84
3409454,2025-04-07,45.33391891891892,74,74
3409454,2025-04-11,33.8125,16,16
3409454,2025-04-19,30.476823529411767,85,85
3409454,2025-04-23,48.42284090909091,88,88
3409454,2025-04-27,36.49218390804598,87,87
3409454,2025-05-01,32.839885057471264,87,87
3409454,2025-05-05,29.52573333333333,75,75
3409454,2025-05-09,17.922564102564102,78,78
3409454,2025-05-13,29.30433962264151,53,53
3409454,2025-05-17,22.168823529411764,51,51
3409454,2025-05-21,29.65159420289855,69,69
3409454,2025-05-25,37.520535714285714,56,56
3409454,2025-05-29,32.50103448275862,87,87
3409454,2025-06-02,32.5325641025641,78,78
3409454,2025-06-06,27.484655172413795,58,58
3409454,2025-06-10,20.077837837837837,74,74
3409454,2025-06-14,19.75565217391304,23,23
3409454,2025-06-18,14.51421686746988,83,83
3409454,2025-06-22,15.197857142857142,70,70
3409454,2025-06-26,22.073529411764707,85,85
3409454,2025-06-30,17.48962962962963,54,54
3409454,2025-07-04,10.685070422535212,71,71
3409454,2025-07-08,23.597011494252875,87,87
3409454,2025-07-12,22.03272727272727,77,77
3409454,2025-07-16,24.736404494382022,89,89
3409454,2025-07-20,20.2925,84,84
3409454,2025-07-24,19.09974683544304,79,79
3409454,2025-07-28,16.683370786516853,89,89
3409454,2025-08-01,23.520526315789475,57,57
3409454,2025-08-05,20.636,75,75
3409454,2025-08-09,22.706125,80,80
3409454,2025-08-13,10.843809523809524,84,84
3409454,2025-08-17,12.28074074074074,54,54
3409454,2025-08-21,10.492068965517241,87,87
3409454,2025-08-25,11.689767441860466,86,86
3409454,2025-08-29,16.760632911392403,79,79
3409454,2025-09-02,20.8475,4,4
3409454,2025-09-18,15.934999999999999,2,2
3409454,2025-09-22,20.03,1,1
3409454,2025-09-26,14.643333333333333,6,6
3409454,2025-09-30,19.63,1,1
3409454,2025-10-04,9.943333333333333,3,3
3409454,2025-10-08,29.828000000000003,5,5
3409454,2025-10-12,54.41833333333333,6,6
3409454,2025-10-16,31.25714285714286,7,7
3409454,2025-10-20,81.97200000000001,10,10
3409454,2025-10-24,28.683333333333334,12,12
3409454,2025-10-28,12.079285714285716,14,14
3409454,2025-11-01,9.81,8,8
3409454,2025-11-05,21.81764705882353,17,17
3409454,2025-11-09,39.855,12,12
3409454,2025-11-13,65.96249999999999,12,12
3409454,2025-11-17,70.89944444444444,18,18
3409454,2025-11-21,95.31863636363637,22,22
3409454,2025-11-25,48.85157894736842,19,19
3409454,2025-11-29,53.56142857142857,21,21
3409454,2025-12-03,70.8725,20,20
3409454,2025-12-07,53.92857142857143,14,14
3409454,2025-12-11,47.013333333333335,15,15
3409454,2025-12-15,60.544285714285714,14,14
3409454,2025-12-19,46.67375,16,16
3409454,2025-12-23,36.617333333333335,15,15
3409454,2025-12-27,49.64541666666667,24,24
3409454,2025-12-31,64.01107142857143,28,28
3019320,2025-01-01,49.55757404698266,24,24
3019320,2025-01-05,64.54732733302646,24,24
3019320,2025-01-09,72.70968482805335,23,23
3019320,2025-01-13,80.0141658782959,1,1
3019320,2025-02-14,74.49651793638866,24,24
3019320,2025-02-18,31.517369753784603,24,24
3019320,2025-02-22,58.269487182299294,24,24
3019320,2025-02-26,31.56501270002789,24,24
3019320,2025-03-02,32.39470133516524,24,24
3019320,2025-03-06,21.923616935809452,24,24
3019320,2025-03-10,52.031857596503365,24,24
3019320,2025-03-14,37.47849986288283,24,24
3019320,2025-03-18,43.06439119577408,24,24
3019320,2025-03-22,76.62809415658315,24,24
3019320,2025-03-26,56.19335018263923,24,24
3019320,2025-03-30,58.38412313328849,24,24
3019320,2025-04-03,41.429748184151116,24,24
3019320,2025-04-07,35.544381929768456,24,24
3019320,2025-04-11,40.318475590811836,24,24
3019320,2025-04-15,33.058585143751564,24,24
3019320,2025-04-19,20.604592045148213,24,24
3019320,2025-04-23,24.397810793585247,24,24
3019320,2025-04-27,23.470111043916805,24,24
3019320,2025-05-01,45.21853999296824,24,24
3019320,2025-05-05,27.096396413114334,24,24
3019320,2025-05-09,17.087520855996342,24,24
3019320,2025-05-13,15.378286474280886,24,24
3019320,2025-05-17,29.668478038575913,24,24
3019320,2025-05-21,22.4835793044832,24,24
3019320,2025-05-25,14.15952430955238,24,24
3019320,2025-05-29,13.200637073980438,24,24
3019320,2025-06-02,6.353562315664471,7,7
3019320,2025-06-06,20.182502292924458,24,24
3019320,2025-06-10,12.648243634237183,24,24
3019320,2025-06-14,6.736499996648894,24,24
3019320,2025-06-18,5.361558453904258,24,24
3019320,2025-06-22,9.162719178027002,23,23
3019320,2025-06-26,8.994133675263987,24,24
3019320,2025-06-30,14.417362850573328,24,24
3019320,2025-07-04,12.20416147344642,24,24
3019320,2025-07-08,17.93736284143395,24,24
3019320,2025-07-12,13.587751729620827,24,24
3019320,2025-07-16,13.392994213435385,24,24
3019320,2025-07-20,5.883144093470441,24,24
3019320,2025-07-24,14.5266799893775,23,23
3019320,2025-07-28,14.424387880045957,24,24
3019320,2025-08-01,15.809934039910635,24,24
3019320,2025-08-05,9.023147568106651,24,24
3019320,2025-08-09,9.224019094473785,24,24
3019320,2025-08-13,7.785479178859128,24,24
3019320,2025-08-17,10.473789929722747,24,24
3019320,2025-08-21,11.55670430842373,24,24
3019320,2025-08-25,7.055913764155573,24,24
3019320,2025-08-29,18.391150969266892,24,24
3019320,2025-09-02,13.176042829536728,24,24
3019320,2025-09-06,20.89088714785046,24,24
3019320,2025-09-10,8.70361748461922,24,24
3019320,2025-09-14,29.159531257218784,24,24
3019320,2025-09-18,8.49515971624189,24,24
3019320,2025-09-22,11.371467009186745,24,24
3019320,2025-09-26,11.114328125339966,24,24
3019320,2025-09-30,4.231112923606295,23,23
3019320,2025-10-04,24.346368913489265,23,23
3019320,2025-10-08,18.46433161254282,24,24
3019320,2025-10-12,26.9873038460811,24,24
3019320,2025-10-16,18.11011805664058,24,24
3019320,2025-10-20,21.05770341141285,21,21
3019320,2025-10-24,12.47822915940994,24,24
3019320,2025-10-28,24.877215481446644,24,24
3019320,2025-11-01,13.829135410066833,24,24
3019320,2025-11-05,17.936914579063117,23,23
3019320,2025-11-09,44.609883861188536,24,24
3019320,2025-11-13,24.58250544831373,23,23
3019320,2025-11-17,20.755230426908742,22,22
3019320,2025-11-21,22.853045436830232,24,24
3019320,2025-11-25,38.56067360242208,24,24
3019320,2025-11-29,43.993229136202075,24,24
3019320,2025-12-03,55.674208323160805,24,24
3019320,2025-12-07,37.98996700545152,24,24
3019320,2025-12-11,34.947805603014096,24,24
3019320,2025-12-15,22.22093923787276,24,24
3019320,2025-12-19,37.133649861371076,24,24
3019320,2025-12-23,34.74397746059629,24,24
3019320,2025-12-27,28.532564212878544,24,24
3019320,2025-12-31,59.51002295858042,23,23
225644,2025-01-01,19.60666666666667,15,15
225644,2025-01-05,30.173333333333336,15,15
225644,2025-01-09,45.221428571428575,14,14
225644,2025-01-13,22.8,17,17
225644,2025-01-17,13.96875,16,16
225644,2025-01-21,39.875,16,16
225644,2025-01-25,60.861111111111114,18,18
225644,2025-01-29,14.670588235294119,17,17
225644,2025-02-02,36.926086956521736,23,23
225644,2025-02-06,20.825,20,20
225644,2025-02-10,12.365217391304347,23,23
225644,2025-02-14,29.2625,24,24
225644,2025-02-18,15.9,24,24
225644,2025-02-22,23.421739130434784,23,23
225644,2025-02-26,13.042857142857141,21,21
225644,2025-03-02,13.79375,16,16
225644,2025-03-06,12.908333333333333,24,24
225644,2025-03-10,13.868421052631579,19,19
225644,2025-03-14,12.799999999999999,24,24
225644,2025-03-18,12.879166666666668,24,24
225644,2025-03-22,31.729166666666668,24,24
225644,2025-03-26,42.574999999999996,24,24
225644,2025-03-30,37.13333333333333,24,24
225644,2025-04-03,32.36521739130435,23,23
225644,2025-04-07,24.48695652173913,23,23
225644,2025-04-11,23.808333333333334,24,24
225644,2025-04-15,46.208333333333336,24,24
225644,2025-04-19,15.620833333333332,24,24
225644,2025-04-23,23.08095238095238,21,21
225644,2025-05-09,13.604166666666666,24,24
225644,2025-05-13,11.166666666666666,24,24
225644,2025-05-17,13.058333333333332,24,24
225644,2025-05-21,10.204166666666667,24,24
225644,2025-05-25,9.808333333333334,24,24
225644,2025-05-29,8.5875,24,24
225644,2025-06-02,9.58695652173913,23,23
225644,2025-06-06,16.058333333333334,24,24
225644,2025-06-10,7.366666666666667,24,24
225644,2025-06-14,9.775,24,24
225644,2025-06-18,7.833333333333333,24,24
225644,2025-06-22,10.795833333333334,24,24
225644,2025-06-26,9.375,24,24
225644,2025-06-30,9.060869565217391,23,23
225644,2025-08-25,8.016666666666666,6,6
225644,2025-08-29,15.450000000000001,24,24
225644,2025-09-02,8.434782608695652,23,23
225644,2025-09-06,7.7749999999999995,24,24
225644,2025-09-10,7.791666666666667,24,24
225644,2025-09-14,11.5,7,7
225644,2025-09-18,6.482352941176471,17,17
225644,2025-09-22,8.257142857142858,21,21
225644,2025-09-26,7.379166666666666,24,24
225644,2025-09-30,10.529166666666667,24,24
225644,2025-10-04,12.640909090909092,22,22
225644,2025-10-08,7.538095238095237,21,21
225644,2025-11-21,15.205555555555556,18,18
225644,2025-11-25,24.522727272727273,22,22
225644,2025-11-29,31.72083333333333,24,24
225644,2025-12-03,35.775,20,20
225644,2025-12-07,23.73333333333333,21,21
225644,2025-12-11,26.633333333333333,21,21
225644,2025-12-15,16.960869565217394,23,23
225644,2025-12-19,27.90869565217391,23,23
225644,2025-12-23,32.84166666666667,24,24
225644,2025-12-27,23.816666666666666,24,24
225644,2025-12-31,45.19166666666666,24,24
4903422,2025-06-30,8.70289321477064,24,24
4903422,2025-07-04,33.63625409627202,24,24
4903422,2025-07-08,19.370642724691653,17,17
4903422,2025-07-12,23.54006938801871,24,24
4903422,2025-07-16,22.68990054497352,13,13
4903422,2025-08-13,8.601932257827785,24,24
4903422,2025-08-17,14.089633704676771,22,22
4903422,2025-08-21,24.244504650433857,24,24
4903422,2025-08-25,15.789754062891006,24,24
4903422,2025-08-29,17.976678815152912,24,24
4903422,2025-09-02,20.053910275300343,24,24
4903422,2025-09-06,24.179331531127293,24,24
4903422,2025-09-10,23.583587781648443,24,24
4903422,2025-09-14,31.352072884639103,24,24
4903422,2025-09-18,19.866925903492504,24,24
4903422,2025-09-22,13.070909731309966,24,24
4903422,2025-09-26,6.578357639820832,24,24
4903422,2025-10-04,9.67484600800427,23,23
4903422,2025-10-08,7.1461493101229685,24,24
4903422,2025-10-12,15.564748439106568,22,22
4903422,2025-10-16,11.979823545994227,24,24
4903422,2025-10-20,5.575699246125121,16,16
4903422,2025-10-24,23.02382319105996,24,24
4903422,2025-10-28,12.235251152427898,24,24
4903422,2025-11-01,15.651777774095535,24,24
4903422,2025-11-05,21.979295283977105,23,23
4903422,2025-11-09,6.3843732692508235,24,24
4903422,2025-11-13,10.178750444455895,23,23
4903422,2025-11-17,14.255954532912284,22,22
4903422,2025-11-21,26.897715936974055,23,23
4903422,2025-11-25,27.115159764554765,24,24
4903422,2025-11-29,37.242961216441174,24,24
4903422,2025-12-03,24.749718725019033,24,24
4903422,2025-12-07,23.63119791326699,24,24
4903422,2025-12-11,24.174395817787975,21,21
4903422,2025-12-15,41.26317717194557,4,4
4903422,2025-12-19,32.14497523271218,24,24
4903422,2025-12-23,33.46671079488372,24,24
4903422,2025-12-27,20.287139517249482,22,22
4903422,2025-12-31,25.283614824065054,24,24
5545,2025-01-01,35.059999999999995,15,15
5545,2025-01-05,41.04,15,15
5545,2025-01-09,62.521428571428565,14,14
5545,2025-01-13,45.00588235294118,17,17
5545,2025-01-17,29.03125,16,16
5545,2025-01-21,59.94375,16,16
5545,2025-01-25,64.11666666666666,18,18
5545,2025-01-29,34.38235294117647,17,17
5545,2025-02-02,54.61304347826086,23,23
5545,2025-02-06,38.39,20,20
5545,2025-02-10,26.435000000000002,20,20
5545,2025-02-14,48.30416666666667,24,24
5545,2025-02-18,25.620833333333334,24,24
5545,2025-02-22,36.059090909090905,22,22
5545,2025-02-26,25.552380952380954,21,21
5545,2025-03-02,22.88823529411765,17,17
5545,2025-03-06,19.691304347826087,23,23
5545,2025-03-10,36.55555555555556,18,18
5545,2025-03-14,21.75,24,24
5545,2025-03-18,23.208333333333332,24,24
5545,2025-03-22,52.541666666666664,24,24
5545,2025-03-26,44.362500000000004,24,24
5545,2025-03-30,36.5875,24,24
5545,2025-04-03,32.2304347826087,23,23
5545,2025-04-07,21.263636363636365,22,22
5545,2025-04-11,27.400000000000002,24,24
5545,2025-04-15,23.047826086956523,23,23
5545,2025-04-19,15.924999999999999,24,24
5545,2025-04-23,18.20952380952381,21,21
5545,2025-05-09,15.9625,24,24
5545,2025-05-13,17.5625,24,24
5545,2025-05-17,26.63913043478261,23,23
5545,2025-05-21,17.1875,24,24
5545,2025-05-25,15.93913043478261,23,23
5545,2025-05-29,14.5375,24,24
5545,2025-06-02,14.534782608695652,23,23
5545,2025-06-06,22.3,24,24
5545,2025-06-10,14.924999999999999,24,24
5545,2025-06-14,13.282608695652174,23,23
5545,2025-06-18,14.230434782608697,23,23
5545,2025-06-22,12.395652173913044,23,23
5545,2025-06-26,16.027272727272727,22,22
5545,2025-06-30,18.143478260869564,23,23
5545,2025-08-25,11.85,6,6
5545,2025-08-29,18.795833333333334,24,24
5545,2025-09-02,14.578947368421053,19,19
5545,2025-09-06,17.195652173913043,23,23
5545,2025-09-10,12.278260869565216,23,23
5545,2025-09-14,20.09375,16,16
5545,2025-09-18,17.240909090909092,22,22
5545,2025-09-26,13.80909090909091,22,22
5545,2025-09-30,10.136363636363637,22,22
5545,2025-10-04,18.03333333333333,21,21
5545,2025-10-08,14.542857142857141,21,21
5545,2025-11-21,19.904545454545453,22,22
5545,2025-11-25,25.933333333333334,21,21
5545,2025-11-29,36.69130434782608,23,23
5545,2025-12-03,48.22666666666667,15,15
5545,2025-12-07,24.69047619047619,21,21
5545,2025-12-11,30.160000000000004,20,20
5545,2025-12-15,23.182608695652174,23,23
5545,2025-12-19,26.54090909090909,22,22
5545,2025-12-23,27.913636363636364,22,22
5545,2025-12-27,22.213636363636365,22,22
5545,2025-12-31,40.00416666666667,24,24
225628,2025-01-01,24.02,15,15
225628,2025-01-05,26.526666666666664,15,15
225628,2025-01-09,54.021428571428565,14,14
225628,2025-01-13,29.21764705882353,17,17
225628,2025-01-17,14.5625,16,16
225628,2025-01-21,51.15,16,16
225628,2025-01-25,62.75555555555555,18,18
225628,2025-01-29,40.26470588235294,17,17
225628,2025-02-02,45.30869565217391,23,23
225628,2025-02-06,39.025,20,20
225628,2025-02-10,34.4695652173913,23,23
225628,2025-02-14,41.17916666666667,24,24
225628,2025-02-18,19.3,24,24
225628,2025-02-22,24.678260869565218,23,23
225628,2025-02-26,26.630000000000003,20,20
225628,2025-03-02,20.244999999999997,20,20
225628,2025-03-06,14.154166666666667,24,24
225628,2025-03-10,37.13157894736842,19,19
225628,2025-03-14,20.4875,24,24
225628,2025-03-18,19.679166666666667,24,24
225628,2025-03-22,46.387499999999996,24,24
225628,2025-03-26,37.19583333333333,24,24
225628,2025-03-30,28.291666666666668,24,24
225628,2025-04-03,13.565217391304348,23,23
225628,2025-04-07,16.495652173913044,23,23
225628,2025-04-11,13.6625,24,24
225628,2025-04-15,9.424999999999999,24,24
225628,2025-04-19,8.1625,24,24
225628,2025-04-23,12.019047619047619,21,21
225628,2025-05-09,11.025,24,24
225628,2025-05-13,7.195833333333333,24,24
225628,2025-05-17,13.91304347826087,23,23
225628,2025-05-21,13.666666666666666,24,24
225628,2025-05-25,9.2125,24,24
225628,2025-05-29,27.6375,24,24
225628,2025-06-02,30.095652173913045,23,23
225628,2025-06-06,12.299999999999999,24,24
225628,2025-06-10,10.7875,24,24
225628,2025-06-14,9.387500000000001,24,24
225628,2025-06-18,11.291666666666666,24,24
225628,2025-06-22,10.504166666666666,24,24
225628,2025-06-26,12.450000000000001,24,24
225628,2025-06-30,11.47391304347826,23,23
225628,2025-08-25,7.333333333333333,6,6
225628,2025-08-29,9.704166666666667,24,24
225628,2025-09-02,9.191304347826087,23,23
225628,2025-09-06,13.137500000000001,24,24
225628,2025-09-10,9.879166666666666,24,24
225628,2025-09-14,12.13125,16,16
225628,2025-09-18,10.034782608695652,23,23
225628,2025-09-22,7.561904761904763,21,21
225628,2025-09-26,7.983333333333333,24,24
225628,2025-09-30,8.1,24,24
225628,2025-10-04,10.877272727272727,22,22
225628,2025-10-08,12.733333333333333,21,21
225628,2025-11-21,8.421739130434782,23,23
225628,2025-11-25,13.30909090909091,22,22
225628,2025-11-29,22.104166666666668,24,24
225628,2025-12-03,31.860000000000003,20,20
225628,2025-12-07,17.304761904761904,21,21
225628,2025-12-11,13.966666666666667,21,21
225628,2025-12-15,13.217391304347826,23,23
225628,2025-12-19,20.995652173913044,23,23
225628,2025-12-23,28.258333333333336,24,24
225628,2025-12-27,18.7,8,8
225628,2025-12-31,18.3125,24,24
353742,2025-01-01,33.806666666666665,15,15
353742,2025-01-05,38.57333333333334,15,15
353742,2025-01-09,30.599999999999998,14,14
353742,2025-01-13,30.594117647058823,17,17
353742,2025-01-17,34.19375,16,16
353742,2025-01-21,38.26875,16,16
353742,2025-01-25,62.333333333333336,18,18
353742,2025-01-29,28.435294117647057,17,17
353742,2025-02-02,56.22608695652174,23,23
353742,2025-02-06,38.855000000000004,20,20
353742,2025-02-10,17.395652173913046,23,23
353742,2025-02-14,16.787499999999998,24,24
353742,2025-02-18,23.5,24,24
353742,2025-02-22,20.056521739130435,23,23
353742,2025-02-26,16.38095238095238,21,21
353742,2025-03-02,57.82222222222222,18,18
353742,2025-03-06,50.42916666666667,24,24
353742,2025-03-10,15.93157894736842,19,19
353742,2025-03-14,47.00416666666666,24,24
353742,2025-03-18,21.0,24,24
353742,2025-03-22,40.37916666666667,24,24
353742,2025-03-26,80.89999999999999,24,24
353742,2025-03-30,35.90416666666667,24,24
353742,2025-04-03,35.660869565217396,23,23
353742,2025-04-07,41.90869565217391,23,23
353742,2025-04-11,37.90416666666667,24,24
353742,2025-04-15,60.34583333333333,24,24
353742,2025-04-19,23.47083333333333,24,24
353742,2025-04-23,34.25238095238095,21,21
353742,2025-05-09,25.816666666666666,24,24
353742,2025-05-13,23.1375,24,24
353742,2025-05-17,23.87391304347826,23,23
353742,2025-05-21,18.01304347826087,23,23
353742,2025-05-25,14.654166666666667,24,24
353742,2025-05-29,15.883333333333333,24,24
353742,2025-06-02,19.034782608695654,23,23
353742,2025-06-06,29.004166666666666,24,24
353742,2025-06-10,19.345833333333335,24,24
353742,2025-06-14,15.91875,16,16
353742,2025-06-18,23.204166666666666,24,24
353742,2025-06-22,18.7,24,24
353742,2025-06-26,17.854166666666668,24,24
353742,2025-06-30,18.09565217391304,23,23
353742,2025-08-25,10.799999999999999,6,6
353742,2025-08-29,9.7,1,1
353742,2025-09-02,7.4714285714285715,21,21
353742,2025-09-06,9.291666666666666,24,24
353742,2025-09-10,9.725,24,24
353742,2025-09-14,12.63125,16,16
353742,2025-09-18,9.582608695652175,23,23
353742,2025-09-22,8.761904761904763,21,21
353742,2025-09-26,8.15,24,24
353742,2025-09-30,7.495833333333334,24,24
353742,2025-10-04,11.318181818181818,22,22
353742,2025-10-08,14.638095238095238,21,21
353742,2025-11-21,17.878260869565217,23,23
353742,2025-11-25,30.022727272727273,22,22
353742,2025-11-29,30.958333333333332,24,24
353742,2025-12-03,15.175,20,20
353742,2025-12-07,16.66190476190476,21,21
353742,2025-12-11,20.795238095238094,21,21
353742,2025-12-15,6.656521739130435,23,23
353742,2025-12-19,21.247826086956522,23,23
353742,2025-12-23,14.85,24,24
353742,2025-12-27,15.8125,24,24
353742,2025-12-31,25.316666666666666,24,24
368396,2025-01-01,29.795833333333334,24,24
368396,2025-01-05,35.40833333333333,24,24
368396,2025-01-09,47.6,24,24
368396,2025-01-13,34.65833333333333,24,24
368396,2025-01-17,21.608333333333334,24,24
368396,2025-01-21,56.77916666666667,24,24
368396,2025-01-25,61.3375,24,24
368396,2025-01-29,26.191666666666666,24,24
368396,2025-02-02,42.863157894736844,19,19
368396,2025-02-06,33.05,16,16
368396,2025-02-10,18.904166666666665,24,24
368396,2025-02-14,40.55833333333333,24,24
368396,2025-02-18,20.779166666666665,24,24
368396,2025-02-22,31.508333333333336,24,24
368396,2025-02-26,17.07391304347826,23,23
368396,2025-03-02,17.5125,16,16
368396,2025-03-06,13.5,24,24
368396,2025-03-10,29.045833333333334,24,24
368396,2025-03-14,17.2,24,24
368396,2025-03-18,19.212500000000002,24,24
368396,2025-03-30,32.512499999999996,24,24
368396,2025-04-03,27.666666666666668,24,24
368396,2025-04-07,16.908333333333335,24,24
368396,2025-04-11,24.695833333333336,24,24
368396,2025-04-15,16.820833333333333,24,24
368396,2025-04-19,11.595833333333333,24,24
368396,2025-04-23,13.563636363636363,22,22
368396,2025-05-09,10.254166666666666,24,24
368396,2025-05-13,12.404166666666667,24,24
368396,2025-05-17,19.474999999999998,24,24
368396,2025-05-21,11.4,22,22
368396,2025-05-25,10.591666666666667,24,24
368396,2025-05-29,10.4,24,24
368396,2025-06-02,9.52608695652174,23,23
368396,2025-06-06,19.041666666666668,24,24
368396,2025-06-10,9.904166666666667,24,24
368396,2025-06-14,8.958333333333334,24,24
368396,2025-06-18,8.266666666666667,24,24
368396,2025-06-22,8.183333333333334,24,24
368396,2025-06-26,10.004166666666666,24,24
368396,2025-06-30,13.8375,24,24
368396,2025-08-25,6.211111111111111,9,9
368396,2025-08-29,12.495833333333332,24,24
368396,2025-09-02,11.266666666666666,24,24
368396,2025-09-06,11.454166666666666,24,24
368396,2025-09-10,8.04782608695652,23,23
368396,2025-09-14,14.717391304347826,23,23
368396,2025-09-18,7.939130434782609,23,23
368396,2025-09-22,10.579166666666667,24,24
368396,2025-09-26,10.920833333333334,24,24
368396,2025-09-30,6.170833333333333,24,24
368396,2025-10-04,12.9,24,24
368396,2025-10-08,8.966666666666667,24,24
368396,2025-11-21,14.214285714285714,21,21
368396,2025-11-25,19.705882352941178,17,17
368396,2025-11-29,31.483333333333334,24,24
368396,2025-12-03,43.574999999999996,24,24
368396,2025-12-07,21.091666666666665,24,24
368396,2025-12-11,24.474999999999998,24,24
368396,2025-12-15,19.491304347826087,23,23
368396,2025-12-19,20.491666666666667,24,24
368396,2025-12-23,19.870833333333334,24,24
368396,2025-12-27,16.5625,24,24
368396,2025-12-31,32.2125,24,24
2811479,2025-01-01,36.903328915798305,22,22
2811479,2025-01-05,41.988618148697746,24,24
2811479,2025-01-09,45.12616212201527,23,23
2811479,2025-01-13,54.48392868041992,1,1
2811479,2025-02-14,39.84193337625927,24,24
2811479,2025-02-18,56.27531725370965,21,21
2811479,2025-02-22,35.402686927053665,24,24
2811479,2025-02-26,24.708462705214817,24,24
2811479,2025-03-02,48.68647283977933,24,24
2811479,2025-03-06,40.46140450901455,24,24
2811479,2025-03-10,40.24231696128845,24,24
2811479,2025-03-14,32.10346246367753,24,24
2811479,2025-03-18,36.00595033831066,24,24
2811479,2025-03-22,73.1379774676429,24,24
2811479,2025-03-26,60.59650299284193,24,24
2811479,2025-03-30,42.43305015563965,24,24
2811479,2025-04-03,53.46914055612353,24,24
2811479,2025-04-07,34.839708560042915,24,24
2811479,2025-04-11,32.34000070889791,24,24
2811479,2025-04-15,41.65630589591132,24,24
2811479,2025-04-19,18.552860450413494,24,24
2811479,2025-04-23,27.974055630089055,24,24
2811479,2025-04-27,17.588863491710992,24,24
2811479,2025-05-01,46.34253470102946,24,24
2811479,2025-05-05,19.220601436164646,24,24
2811479,2025-05-09,18.276433937251568,24,24
2811479,2025-05-13,6.8493675613361935,24,24
2811479,2025-05-17,10.835057045850489,24,24
2811479,2025-05-21,19.891965072117152,21,21
2811479,2025-05-25,9.870610134469137,24,24
2811479,2025-05-29,7.059274561289285,24,24
2811479,2025-06-02,5.765093528089069,7,7
2811479,2025-06-06,25.107899357875187,24,24
2811479,2025-06-10,9.268182466427485,24,24
2811479,2025-06-14,10.52783357931508,24,24
2811479,2025-06-18,13.742776567633781,24,24
2811479,2025-06-22,6.944143386638683,23,23
2811479,2025-06-26,12.103460661239096,24,24
2811479,2025-06-30,5.804396486944622,24,24
2811479,2025-07-04,14.714624289009306,24,24
2811479,2025-07-08,14.552731637250295,24,24
2811479,2025-07-12,14.431248341997465,24,24
2811479,2025-07-16,10.817596687606036,24,24
2811479,2025-07-20,4.968312881143782,24,24
2811479,2025-07-24,8.424244829712228,24,24
2811479,2025-07-28,12.455885021222961,24,24
2811479,2025-08-01,18.05529929863082,24,24
2811479,2025-08-05,15.38563509330605,24,24
2811479,2025-08-09,15.28664644062519,24,24
2811479,2025-08-13,9.305148727529579,24,24
2811479,2025-08-17,6.837140382784937,24,24
2811479,2025-08-21,20.11105784608258,24,24
2811479,2025-08-25,10.7418654643827,24,24
2811479,2025-08-29,14.155295937632522,24,24
2811479,2025-09-02,9.920582029554579,24,24
2811479,2025-09-06,16.909067075541525,24,24
2811479,2025-09-10,8.228802892896864,24,24
2811479,2025-09-14,15.979369646973081,24,24
2811479,2025-09-18,6.117280488212903,24,24
2811479,2025-09-22,8.439465072419909,24,24
2811479,2025-09-26,13.475976767008582,24,24
2811479,2025-09-30,2.5701958242465093,23,23
2811479,2025-10-04,18.430275628574353,23,23
2811479,2025-10-08,13.740641121592903,24,24
2811479,2025-10-12,9.635741147057956,24,24
2811479,2025-10-16,11.157760831345088,24,24
2811479,2025-10-20,29.55179686191802,21,21
2811479,2025-10-24,6.617488421807121,24,24
2811479,2025-10-28,27.28557791817914,24,24
2811479,2025-11-01,7.069439488381182,24,24
2811479,2025-11-05,9.959883970891694,23,23
2811479,2025-11-09,21.73520587708742,24,24
2811479,2025-11-13,11.885078516754717,23,23
2811479,2025-11-17,17.207264861454533,22,22
2811479,2025-11-21,23.337859216458583,24,24
2811479,2025-11-25,36.376224767397005,24,24
2811479,2025-11-29,37.405348858324,24,24
2811479,2025-12-03,30.609534138437144,24,24
2811479,2025-12-07,22.148810778065492,24,24
2811479,2025-12-11,35.18631568689826,24,24
2811479,2025-12-15,11.573989343696406,24,24
2811479,2025-12-19,33.68834607879729,24,24
2811479,2025-12-23,24.348588763593288,24,24
2811479,2025-12-27,27.164284465454084,24,24
2811479,2025-12-31,47.09513673412283,23,23
4797641,2025-06-22,28.98776315789474,76,76
4797641,2025-06-26,14.259714285714285,35,35
4797641,2025-06-30,19.90818181818182,22,22
4797641,2025-07-04,16.02446808510638,47,47
4797641,2025-07-08,7.767368421052632,38,38
4797641,2025-07-12,15.168732394366197,71,71
4797641,2025-07-16,7.534848484848485,66,66
4797641,2025-07-20,17.805873015873015,63,63
4797641,2025-07-24,13.882571428571428,70,70
4797641,2025-07-28,17.042424242424243,66,66
4797641,2025-08-01,12.747848101265824,79,79
4797641,2025-08-05,41.055277777777775,72,72
4797641,2025-08-09,10.630405405405405,74,74
4797641,2025-08-13,27.32794871794872,78,78
4797641,2025-08-17,13.857,70,70
4797641,2025-08-21,12.569594594594594,74,74
4797641,2025-08-25,23.178301886792454,53,53
4797641,2025-08-29,25.20655737704918,61,61
4797641,2025-09-02,10.590625,64,64
4797641,2025-09-06,25.035151515151515,66,66
4797641,2025-09-10,21.863333333333333,15,15
4797641,2025-09-14,27.394657534246576,73,73
4797641,2025-09-18,26.601470588235294,68,68
4797641,2025-09-22,6.351896551724138,58,58
4797641,2025-09-26,17.7143661971831,71,71
4797641,2025-09-30,31.551724137931036,58,58
4797641,2025-10-04,21.017464788732394,71,71
4797641,2025-10-08,31.23244897959184,49,49
4797641,2025-10-12,16.77307692307692,39,39
4797641,2025-10-16,24.741194029850746,67,67
4797641,2025-10-20,23.8815,40,40
4797641,2025-10-24,11.046086956521739,23,23
4797641,2025-10-28,20.2914,50,50
4797641,2025-11-01,12.513421052631578,76,76
4797641,2025-11-05,15.035432098765432,81,81
4797641,2025-11-09,10.115526315789474,76,76
4797641,2025-11-13,28.83657894736842,38,38
4797641,2025-11-17,14.176764705882352,68,68
4797641,2025-11-21,13.227833333333333,60,60
4797641,2025-11-25,15.406885245901638,61,61
4797641,2025-11-29,21.955737704918032,61,61
4797641,2025-12-03,17.371194029850745,67,67
4797641,2025-12-07,16.371111111111112,45,45
4797641,2025-12-11,15.77295081967213,61,61
4797641,2025-12-15,28.961860465116278,43,43
4797641,2025-12-19,25.591063829787235,47,47
4797641,2025-12-23,9.000392156862745,51,51
4797641,2025-12-27,20.56551724137931,58,58
4797641,2025-12-31,32.667692307692306,65,65
1180415,2025-01-05,9.966666666666667,15,15
1180415,2025-01-09,21.557142857142857,14,14
1180415,2025-01-13,28.570588235294117,17,17
1180415,2025-01-17,10.2625,16,16
1180415,2025-01-21,14.90625,16,16
1180415,2025-01-25,11.399999999999999,18,18
1180415,2025-01-29,14.941176470588236,17,17
1180415,2025-02-02,20.347826086956523,23,23
1180415,2025-02-06,17.09,20,20
1180415,2025-02-10,17.869565217391305,23,23
1180415,2025-02-14,12.612499999999999,24,24
1180415,2025-02-18,10.674999999999999,24,24
1180415,2025-02-22,10.347826086956522,23,23
1180415,2025-02-26,12.825,20,20
1180415,2025-03-02,10.13529411764706,17,17
1180415,2025-03-06,11.979166666666666,24,24
1180415,2025-03-10,8.436842105263159,19,19
1180415,2025-03-14,11.725,24,24
1180415,2025-03-18,11.883333333333333,24,24
1180415,2025-03-22,28.041666666666668,24,24
1180415,2025-03-26,28.545833333333334,24,24
1180415,2025-03-30,20.6375,24,24
1180415,2025-04-03,5.794117647058823,17,17
1180415,2025-04-07,11.5,23,23
1180415,2025-04-11,6.941666666666666,24,24
1180415,2025-04-15,6.356521739130434,23,23
1180415,2025-04-19,7.8374999999999995,24,24
1180415,2025-04-23,11.75,20,20
1180415,2025-05-09,6.508333333333333,24,24
1180415,2025-05-13,7.1000000000000005,24,24
1180415,2025-05-17,10.04782608695652,23,23
1180415,2025-05-21,7.3500000000000005,24,24
1180415,2025-05-25,6.058333333333334,24,24
1180415,2025-05-29,8.887500000000001,24,24
1180415,2025-06-02,14.830434782608696,23,23
1180415,2025-06-06,8.1875,24,24
1180415,2025-06-10,7.666666666666667,24,24
1180415,2025-06-14,21.650000000000002,24,24
1180415,2025-06-18,9.424999999999999,24,24
1180415,2025-06-22,8.354166666666666,24,24
1180415,2025-06-26,18.566666666666666,24,24
1180415,2025-06-30,19.66086956521739,23,23
4313153,2025-05-29,26.304347826086957,23,23
4313153,2025-06-10,21.291666666666668,24,24
4313153,2025-06-14,15.791666666666666,24,24
4313153,2025-06-18,14.652173913043478,23,23
4313153,2025-06-26,13.363636363636363,11,11
4313153,2025-06-30,15.291666666666666,24,24
4313153,2025-07-12,4.291666666666667,24,24
4313153,2025-07-16,3.2916666666666665,24,24
4313153,2025-07-28,2.375,24,24
4313153,2025-08-01,7.5,24,24
4313153,2025-08-13,3.9166666666666665,12,12
4313153,2025-08-17,2.1363636363636362,22,22
4313153,2025-08-21,3.375,8,8
4313153,2025-08-25,13.25,16,16
4313153,2025-08-29,9.458333333333334,24,24
4313153,2025-09-02,2.8461538461538463,13,13
4313153,2025-09-14,2.4583333333333335,24,24
4313153,2025-09-18,6.666666666666667,24,24
4313153,2025-09-22,6.666666666666667,24,24
4313153,2025-09-26,11.0,24,24
4313153,2025-09-30,5.916666666666667,24,24
4313153,2025-10-04,8.8,5,5
4313153,2025-10-08,29.130434782608695,23,23
4313153,2025-10-12,10.08695652173913,23,23
4313153,2025-10-16,14.166666666666666,24,24
4313153,2025-10-20,9.714285714285714,21,21
4313153,2025-10-24,12.285714285714286,21,21
4313153,2025-10-28,16.75,24,24
4313153,2025-11-01,12.73913043478261,23,23
4313153,2025-11-05,14.19047619047619,21,21
4313153,2025-11-09,20.26086956521739,23,23
4313153,2025-11-17,10.041666666666666,24,24
4313153,2025-11-21,25.863636363636363,22,22
4313153,2025-11-25,67.83333333333333,24,24
4313153,2025-12-03,27.833333333333332,24,24
4313153,2025-12-07,26.523809523809526,21,21
4313153,2025-12-15,17.40909090909091,22,22
4313153,2025-12-19,103.31818181818181,22,22
4313153,2025-12-23,22.304347826086957,23,23
4313153,2025-12-27,14.375,24,24
4313153,2025-12-31,22.823529411764707,17,17
2392,2025-01-01,16.833333333333332,24,24
2392,2025-01-05,18.708333333333332,24,24
2392,2025-01-09,17.791666666666668,24,24
2392,2025-01-13,19.125,24,24
2392,2025-01-17,17.0,24,24
2392,2025-01-21,18.958333333333332,24,24
2392,2025-01-25,17.291666666666668,24,24
2392,2025-01-29,21.0,24,24
2392,2025-02-02,16.166666666666668,24,24
2392,2025-02-06,18.458333333333332,24,24
2392,2025-02-10,30.541666666666668,24,24
2392,2025-02-14,20.0,24,24
2392,2025-02-18,21.375,24,24
2392,2025-02-22,19.875,24,24
2392,2025-02-26,45.625,8,8
2392,2025-03-02,15.333333333333334,24,24
2392,2025-03-06,18.333333333333332,24,24
2392,2025-03-10,18.25,24,24
2392,2025-03-14,23.208333333333332,24,24
2392,2025-03-18,20.333333333333332,24,24
2392,2025-03-22,21.636363636363637,11,11
2392,2025-03-30,16.272727272727273,11,11
2392,2025-04-03,26.583333333333332,24,24
2392,2025-04-07,26.625,24,24
2392,2025-04-11,22.958333333333332,24,24
2392,2025-04-15,30.416666666666668,24,24
2392,2025-04-19,64.33333333333333,12,12
2392,2025-04-23,48.958333333333336,24,24
2392,2025-04-27,18.5,10,10
2392,2025-05-01,34.916666666666664,24,24
2392,2025-05-05,35.333333333333336,24,24
2392,2025-05-09,26.916666666666668,24,24
2392,2025-05-13,89.33333333333333,24,24
2392,2025-05-17,31.333333333333332,24,24
2392,2025-05-21,77.58333333333333,24,24
2392,2025-05-25,44.416666666666664,24,24
2392,2025-05-29,77.08333333333333,24,24
2392,2025-06-02,108.58333333333333,24,24
2392,2025-06-06,44.166666666666664,24,24
2392,2025-06-10,188.41666666666666,24,24
2392,2025-06-14,60.708333333333336,24,24
2392,2025-06-18,47.625,24,24
2392,2025-06-22,27.083333333333332,24,24
2392,2025-06-26,84.375,24,24
2392,2025-06-30,140.41666666666666,24,24
2392,2025-07-04,180.41666666666666,24,24
2392,2025-07-08,25.083333333333332,24,24
2392,2025-07-12,137.20833333333334,24,24
2392,2025-07-16,64.625,24,24
2392,2025-07-20,115.66666666666667,24,24
2392,2025-07-24,84.04166666666667,24,24
2392,2025-07-28,38.375,24,24
2392,2025-08-01,13.0,24,24
2392,2025-08-05,87.0,24,24
2392,2025-08-09,90.45833333333333,24,24
2392,2025-08-13,34.958333333333336,24,24
2392,2025-08-17,52.958333333333336,24,24
2392,2025-08-21,23.083333333333332,24,24
2392,2025-08-25,13.25,24,24
2392,2025-08-29,31.833333333333332,24,24
2392,2025-09-02,19.166666666666668,24,24
2392,2025-09-06,52.708333333333336,24,24
2392,2025-09-10,13.291666666666666,24,24
2392,2025-09-14,13.5,24,24
2392,2025-09-18,28.541666666666668,24,24
2392,2025-09-22,17.625,24,24
2392,2025-09-26,13.583333333333334,24,24
2392,2025-09-30,12.875,24,24
2392,2025-10-04,12.75,24,24
2392,2025-10-08,12.041666666666666,24,24
2392,2025-10-12,11.125,24,24
2392,2025-10-16,11.25,24,24
2392,2025-10-20,11.916666666666666,24,24
2392,2025-10-28,16.333333333333332,9,9
2392,2025-11-01,11.166666666666666,24,24
2392,2025-11-05,13.541666666666666,24,24
2392,2025-11-09,13.5,24,24
2392,2025-11-13,12.583333333333334,24,24
2392,2025-11-17,12.625,24,24
2392,2025-11-25,16.708333333333332,24,24
2392,2025-11-29,13.166666666666666,24,24
2392,2025-12-03,12.75,24,24
2392,2025-12-07,14.583333333333334,24,24
2392,2025-12-11,12.416666666666666,24,24
2392,2025-12-15,11.0,24,24
2392,2025-12-19,13.166666666666666,24,24
2392,2025-12-23,12.625,24,24
2392,2025-12-27,12.458333333333334,24,24
2392,2025-12-31,15.375,24,24
3313817,2025-01-01,23.36775,80,80
3313817,2025-01-05,48.29639344262295,61,61
3313817,2025-01-09,65.96685185185186,54,54
3313817,2025-01-13,72.5525,8,8
3313817,2025-01-17,68.325,50,50
3313817,2025-01-21,25.476785714285715,56,56
3313817,2025-01-25,83.01893617021277,47,47
3313817,2025-01-29,66.77943396226415,53,53
3313817,2025-02-02,61.02477272727273,44,44
3313817,2025-02-06,31.579393939393942,33,33
3313817,2025-02-10,36.09350877192983,57,57
3313817,2025-02-14,64.8775,80,80
3313817,2025-02-18,41.08328358208955,67,67
3313817,2025-02-22,28.63074074074074,54,54
3313817,2025-02-26,20.60918367346939,49,49
3313817,2025-03-02,21.8725,68,68
3313817,2025-03-06,27.98843137254902,51,51
3313817,2025-03-10,37.691702127659575,47,47
3313817,2025-03-14,34.53344827586207,58,58
3313817,2025-03-18,32.216610169491524,59,59
3313817,2025-03-22,10.038571428571428,63,63
3313817,2025-03-26,14.628727272727273,55,55
3313817,2025-03-30,23.687719298245614,57,57
3313817,2025-04-03,7.6064150943396225,53,53
3313817,2025-04-07,16.291475409836064,61,61
3313817,2025-04-11,11.83112676056338,71,71
3313817,2025-04-15,11.80203125,64,64
3313817,2025-04-19,43.025555555555556,45,45
3313817,2025-04-23,15.620833333333332,48,48
3313817,2025-04-27,9.995081967213116,61,61
3313817,2025-05-01,20.353243243243245,37,37
3313817,2025-05-05,10.769148936170213,47,47
3313817,2025-05-09,9.370392156862744,51,51
3313817,2025-05-13,16.62027027027027,37,37
3313817,2025-05-17,9.728367346938775,49,49
3313817,2025-05-21,11.587142857142856,14,14
3313817,2025-05-25,9.917179487179487,39,39
3313817,2025-05-29,13.069565217391306,46,46
3313817,2025-06-02,13.22096153846154,52,52
3313817,2025-06-06,12.327142857142857,35,35
3313817,2025-06-10,12.95948717948718,39,39
3313817,2025-06-14,15.293333333333331,36,36
3313817,2025-06-18,8.467241379310344,29,29
3313817,2025-06-22,11.666438356164383,73,73
3313817,2025-06-26,10.743846153846153,39,39
3313817,2025-06-30,9.7084375,32,32
3313817,2025-07-04,9.811041666666666,48,48
3313817,2025-07-08,9.660882352941178,34,34
3313817,2025-07-12,12.716527777777777,72,72
3313817,2025-07-16,11.568615384615384,65,65
3313817,2025-07-20,12.745438596491228,57,57
3313817,2025-07-24,16.31385714285714,70,70
3313817,2025-07-28,22.956521739130434,69,69
3313817,2025-08-01,22.814358974358974,78,78
3313817,2025-08-05,18.01757142857143,70,70
3313817,2025-08-09,20.294657534246575,73,73
3313817,2025-08-13,14.26645569620253,79,79
3313817,2025-08-17,10.804347826086957,69,69
3313817,2025-08-21,12.504,70,70
3313817,2025-08-25,15.642173913043477,46,46
3313817,2025-08-29,16.035081967213113,61,61
3313817,2025-09-02,15.04089552238806,67,67
3313817,2025-09-06,14.154444444444445,63,63
3313817,2025-09-10,13.045,6,6
3313817,2025-09-14,8.197361111111112,72,72
3313817,2025-09-18,10.3684,25,25
710,2025-01-01,25.791666666666668,24,24
710,2025-01-05,34.666666666666664,24,24
710,2025-01-09,16.666666666666668,24,24
710,2025-01-13,15.625,24,24
710,2025-01-17,15.0,24,24
710,2025-01-21,14.125,24,24
710,2025-01-25,16.75,24,24
710,2025-01-29,17.625,24,24
710,2025-02-02,18.666666666666668,24,24
710,2025-02-06,14.833333333333334,24,24
710,2025-02-10,21.791666666666668,24,24
710,2025-02-14,25.391304347826086,23,23
710,2025-02-18,29.857142857142858,7,7
710,2025-02-22,20.791666666666668,24,24
710,2025-02-26,23.0,1,1
710,2025-03-02,22.736842105263158,19,19
710,2025-03-06,15.708333333333334,24,24
710,2025-03-10,16.375,24,24
710,2025-03-14,17.833333333333332,24,24
710,2025-03-18,17.041666666666668,24,24
710,2025-03-22,16.125,24,24
710,2025-03-26,16.083333333333332,24,24
710,2025-03-30,15.0,24,24
710,2025-04-03,16.791666666666668,24,24
710,2025-04-07,15.416666666666666,24,24
710,2025-04-11,16.5,24,24
710,2025-04-15,14.75,24,24
710,2025-04-19,15.0,24,24
710,2025-04-27,17.291666666666668,24,24
710,2025-05-01,19.125,24,24
710,2025-05-05,15.083333333333334,24,24
710,2025-05-09,16.916666666666668,24,24
710,2025-05-13,16.958333333333332,24,24
710,2025-05-17,16.833333333333332,24,24
710,2025-05-21,16.583333333333332,24,24
710,2025-05-25,16.5,24,24
710,2025-05-29,19.166666666666668,24,24
710,2025-06-02,15.0,24,24
710,2025-06-06,19.208333333333332,24,24
710,2025-06-10,18.375,24,24
710,2025-06-14,14.75,24,24
710,2025-06-18,16.75,24,24
710,2025-06-22,18.041666666666668,24,24
710,2025-06-26,13.833333333333334,24,24
710,2025-06-30,14.458333333333334,24,24
710,2025-07-04,17.541666666666668,24,24
710,2025-07-08,17.375,24,24
710,2025-07-12,16.666666666666668,24,24
710,2025-07-16,17.875,24,24
710,2025-07-20,15.875,24,24
710,2025-07-24,16.125,24,24
710,2025-07-28,14.166666666666666,24,24
710,2025-08-01,16.833333333333332,24,24
710,2025-08-05,17.125,24,24
710,2025-08-09,19.083333333333332,24,24
710,2025-08-13,16.875,24,24
710,2025-08-17,16.541666666666668,24,24
710,2025-08-21,13.25,24,24
710,2025-08-25,15.541666666666666,24,24
710,2025-08-29,14.791666666666666,24,24
710,2025-09-02,15.208333333333334,24,24
710,2025-09-06,16.541666666666668,24,24
710,2025-09-10,14.125,24,24
710,2025-09-14,16.625,24,24
710,2025-09-18,17.458333333333332,24,24
710,2025-09-22,14.416666666666666,24,24
710,2025-09-26,14.25,24,24
710,2025-09-30,14.291666666666666,24,24
710,2025-10-04,14.416666666666666,24,24
710,2025-10-08,14.458333333333334,24,24
710,2025-10-12,15.5,24,24
710,2025-10-16,14.833333333333334,24,24
710,2025-10-20,14.291666666666666,24,24
710,2025-10-28,13.0,8,8
710,2025-11-01,14.833333333333334,24,24
710,2025-11-05,13.571428571428571,7,7
710,2025-11-09,15.208333333333334,24,24
710,2025-11-13,16.333333333333332,24,24
710,2025-11-17,13.458333333333334,24,24
710,2025-11-21,14.041666666666666,24,24
710,2025-11-25,14.541666666666666,24,24
710,2025-11-29,14.166666666666666,24,24
710,2025-12-03,14.875,24,24
710,2025-12-07,15.041666666666666,24,24
710,2025-12-11,14.25,24,24
710,2025-12-15,13.666666666666666,24,24
710,2025-12-19,15.541666666666666,24,24
710,2025-12-23,15.0,24,24
710,2025-12-27,15.083333333333334,24,24
710,2025-12-31,16.333333333333332,24,24
7015,2025-01-01,15.416666666666666,24,24
7015,2025-01-05,16.541666666666668,24,24
7015,2025-01-09,14.666666666666666,24,24
7015,2025-01-13,17.416666666666668,24,24
7015,2025-01-17,18.25,24,24
7015,2025-01-21,26.125,24,24
7015,2025-01-25,19.25,24,24
7015,2025-01-29,20.291666666666668,24,24
7015,2025-02-02,18.666666666666668,24,24
7015,2025-02-06,16.625,24,24
7015,2025-02-10,63.291666666666664,24,24
7015,2025-02-14,20.75,24,24
7015,2025-02-18,20.041666666666668,24,24
7015,2025-02-22,19.291666666666668,24,24
7015,2025-02-26,20.666666666666668,24,24
7015,2025-03-02,15.791666666666666,24,24
7015,2025-03-06,15.708333333333334,24,24
7015,2025-03-10,15.75,24,24
7015,2025-03-14,18.125,24,24
7015,2025-03-18,16.416666666666668,24,24
7015,2025-03-22,14.875,24,24
7015,2025-03-26,38.666666666666664,24,24
7015,2025-03-30,18.458333333333332,24,24
7015,2025-04-03,28.916666666666668,24,24
7015,2025-04-07,38.208333333333336,24,24
7015,2025-04-11,26.458333333333332,24,24
7015,2025-04-15,32.291666666666664,24,24
7015,2025-04-19,34.083333333333336,24,24
7015,2025-04-23,20.291666666666668,24,24
7015,2025-04-27,35.958333333333336,24,24
7015,2025-05-01,34.666666666666664,24,24
7015,2025-05-05,56.791666666666664,24,24
7015,2025-05-09,33.958333333333336,24,24
7015,2025-05-13,63.75,24,24
7015,2025-05-17,28.375,24,24
7015,2025-05-21,54.333333333333336,24,24
7015,2025-05-25,53.416666666666664,24,24
7015,2025-05-29,44.25,24,24
7015,2025-06-02,80.29166666666667,24,24
7015,2025-06-06,51.875,24,24
7015,2025-06-10,103.0,24,24
7015,2025-06-14,53.625,24,24
7015,2025-06-18,65.625,24,24
7015,2025-06-22,29.958333333333332,24,24
7015,2025-06-26,68.0,24,24
7015,2025-06-30,55.833333333333336,24,24
7015,2025-07-04,105.08333333333333,24,24
7015,2025-07-08,43.46666666666667,15,15
7015,2025-07-12,40.458333333333336,24,24
7015,2025-07-16,76.33333333333333,15,15
7015,2025-07-20,66.29166666666667,24,24
7015,2025-07-24,67.20833333333333,24,24
7015,2025-07-28,26.733333333333334,15,15
7015,2025-08-01,20.208333333333332,24,24
7015,2025-08-05,113.375,24,24
7015,2025-08-09,78.33333333333333,24,24
7015,2025-08-13,25.125,24,24
7015,2025-08-17,43.458333333333336,24,24
7015,2025-08-21,24.041666666666668,24,24
7015,2025-08-25,67.20833333333333,24,24
7015,2025-08-29,47.166666666666664,24,24
7015,2025-09-02,29.916666666666668,24,24
7015,2025-09-06,58.458333333333336,24,24
7015,2025-09-10,29.291666666666668,24,24
7015,2025-09-14,45.541666666666664,24,24
7015,2025-09-18,26.458333333333332,24,24
7015,2025-09-22,29.416666666666668,24,24
7015,2025-09-26,20.458333333333332,24,24
7015,2025-09-30,27.5,24,24
7015,2025-10-04,18.416666666666668,24,24
7015,2025-10-08,21.625,24,24
7015,2025-10-12,19.166666666666668,24,24
7015,2025-10-16,17.791666666666668,24,24
7015,2025-10-20,22.066666666666666,15,15
7015,2025-11-13,14.833333333333334,24,24
7015,2025-11-17,15.583333333333334,24,24
7015,2025-11-21,15.833333333333334,24,24
7015,2025-11-25,20.208333333333332,24,24
7015,2025-11-29,15.25,24,24
7015,2025-12-03,15.625,24,24
7015,2025-12-07,19.708333333333332,24,24
7015,2025-12-11,17.041666666666668,24,24
7015,2025-12-15,16.291666666666668,24,24
7015,2025-12-19,14.458333333333334,24,24
7015,2025-12-23,15.8,15,15
7015,2025-12-27,14.375,24,24
7015,2025-12-31,14.625,24,24
368391,2025-01-01,34.18333333333333,24,24
368391,2025-01-05,31.537499999999998,24,24
368391,2025-01-09,52.425000000000004,24,24
368391,2025-01-13,42.770833333333336,24,24
368391,2025-01-17,21.581818181818182,22,22
368391,2025-01-21,51.4375,24,24
368391,2025-01-25,64.1375,24,24
368391,2025-01-29,27.65833333333333,24,24
368391,2025-02-02,47.57083333333333,24,24
368391,2025-02-06,30.255000000000003,20,20
368391,2025-02-10,21.5625,24,24
368391,2025-02-14,42.48461538461538,13,13
368391,2025-02-18,18.4,15,15
368391,2025-02-22,27.379166666666666,24,24
368391,2025-02-26,18.2,24,24
368391,2025-03-02,17.214285714285715,14,14
368391,2025-03-06,11.133333333333333,24,24
368391,2025-03-10,26.587500000000002,24,24
368391,2025-03-14,15.0875,24,24
368391,2025-03-18,16.962500000000002,24,24
368391,2025-03-30,30.829166666666666,24,24
368391,2025-04-03,24.4375,24,24
368391,2025-04-07,14.958333333333334,24,24
368391,2025-04-11,20.175,24,24
368391,2025-04-15,15.908333333333333,24,24
368391,2025-04-19,8.2875,24,24
368391,2025-04-23,10.409090909090908,22,22
368391,2025-05-09,7.6875,24,24
368391,2025-05-13,11.341666666666667,24,24
368391,2025-05-17,21.391666666666666,24,24
368391,2025-05-21,10.227272727272727,22,22
368391,2025-05-25,10.054166666666665,24,24
368391,2025-05-29,9.058823529411764,17,17
368391,2025-06-02,10.291304347826086,23,23
368391,2025-06-06,16.962500000000002,24,24
368391,2025-06-10,8.495833333333334,24,24
368391,2025-06-14,8.658333333333333,24,24
368391,2025-06-18,7.370833333333334,24,24
368391,2025-06-22,6.9624999999999995,24,24
368391,2025-06-26,10.170833333333333,24,24
368391,2025-06-30,11.695833333333333,24,24
368391,2025-08-25,6.022222222222222,9,9
368391,2025-08-29,11.916666666666666,24,24
368391,2025-09-02,8.595833333333333,24,24
368391,2025-09-06,12.370833333333332,24,24
368391,2025-09-10,7.2,23,23
368391,2025-09-14,12.858333333333334,24,24
368391,2025-09-18,10.729166666666666,24,24
368391,2025-09-22,7.6875,24,24
368391,2025-09-26,9.8375,24,24
368391,2025-09-30,5.341666666666666,24,24
368391,2025-10-04,12.058333333333332,24,24
368391,2025-10-08,8.780952380952382,21,21
368391,2025-11-21,13.390476190476189,21,21
368391,2025-11-25,17.620833333333334,24,24
368391,2025-11-29,25.629166666666666,24,24
368391,2025-12-03,34.016666666666666,24,24
368391,2025-12-07,16.970833333333335,24,24
368391,2025-12-11,19.213043478260868,23,23
368391,2025-12-15,13.373913043478263,23,23
368391,2025-12-19,17.720833333333335,24,24
368391,2025-12-23,18.25,24,24
368391,2025-12-27,14.3125,24,24
368391,2025-12-31,29.570833333333336,24,24
3684610,2025-03-14,81.96006606684792,24,24
3684610,2025-03-18,58.344607008828056,24,24
3684610,2025-03-22,87.99882815943823,24,24
3684610,2025-03-26,128.52498247888352,24,24
3684610,2025-03-30,193.91255554767568,24,24
3684610,2025-04-03,126.875534683767,24,24
3684610,2025-04-07,36.69979039948396,24,24
3684610,2025-04-11,79.2718573518531,24,24
3684610,2025-04-15,10.084836241271761,24,24
3684610,2025-04-19,10.892435795989714,24,24
3684610,2025-04-23,48.20463493135241,24,24
3684610,2025-04-27,47.12994690736135,16,16
3684610,2025-05-01,25.863814221488102,24,24
3684610,2025-05-05,25.484408027595943,24,24
3684610,2025-05-09,29.16634381479687,24,24
3684610,2025-05-13,25.982697864373524,24,24
3684610,2025-05-17,5.198690970570573,24,24
3684610,2025-05-21,3.770126744703804,24,24
3684610,2025-05-25,3.305864570714119,24,24
3684610,2025-05-29,4.255473956012994,24,24
3684610,2025-06-02,1.0240238141268492,7,7
3684610,2025-06-06,18.59688885178831,24,24
3684610,2025-06-10,4.311381940005554,24,24
3684610,2025-06-14,4.360635407786402,24,24
3684610,2025-06-18,1.359829855979317,24,24
3684610,2025-06-22,3.83618175547462,23,23
3684610,2025-06-26,8.392218761146069,24,24
3684610,2025-06-30,5.042671877890825,24,24
3684610,2025-07-04,1.4437847203937257,24,24
3684610,2025-07-08,5.204614585239647,24,24
3684610,2025-07-12,0.47984986962294396,21,21
3684610,2025-07-16,0.12426388915628195,21,21
3684610,2025-07-20,2.9766011238112258,20,20
3684610,2025-07-24,0.34294444177713657,3,3
3684610,2025-07-28,0.9931507939768454,21,21
3684610,2025-08-01,5.6691740769365895,23,23
3684610,2025-08-05,8.985655058847948,24,24
3684610,2025-08-09,1.4698940967985739,24,24
3684610,2025-08-13,4.299131924415835,24,24
3684610,2025-08-17,3.254998265442232,24,24
3684610,2025-08-21,9.260970477842623,24,24
3684610,2025-08-25,2.2452780912134025,24,24
3684610,2025-08-29,0.6302025484878363,24,24
3684610,2025-09-02,1.6908096031854962,24,24
3684610,2025-09-06,3.589006215983042,24,24
3684610,2025-09-10,1.765824656933546,24,24
3684610,2025-09-14,2.23567593003261,24,24
3684610,2025-09-18,5.235175909681453,24,24
3684610,2025-09-22,2.2378078830919956,24,24
3684610,2025-09-26,0.9369395615529298,24,24
3684610,2025-09-30,3.1447324845804903,23,23
3684610,2025-10-04,4.589168538940711,19,19
3684610,2025-10-08,2.237743634950473,24,24
3684610,2025-10-12,13.363266218039724,24,24
3684610,2025-10-16,1.087079242456193,17,17
3684610,2025-10-20,15.399327408699762,21,21
3684610,2025-10-24,5.473862269703575,24,24
3684610,2025-10-28,6.576075811481483,24,24
3684610,2025-11-01,1.6291238420116887,24,24
3684610,2025-11-05,3.0683750047793854,23,23
3684610,2025-11-09,0.9488281258381904,24,24
3684610,2025-12-31,41.610044625876604,23,23
225571,2025-01-01,36.275,24,24
225571,2025-01-05,46.23333333333333,24,24
225571,2025-01-09,70.3625,24,24
225571,2025-01-13,38.87,10,10
225571,2025-01-17,34.62916666666667,24,24
225571,2025-01-21,76.8625,24,24
225571,2025-01-25,67.32916666666667,24,24
225571,2025-01-29,36.641666666666666,24,24
225571,2025-02-02,58.5625,24,24
225571,2025-02-06,39.045,20,20
225571,2025-02-10,27.729166666666668,24,24
225571,2025-02-14,52.78333333333333,24,24
225571,2025-02-18,25.849999999999998,24,24
225571,2025-02-22,36.858333333333334,24,24
225571,2025-02-26,21.195833333333333,24,24
225571,2025-03-02,22.183333333333334,18,18
225571,2025-03-06,20.216666666666665,24,24
225571,2025-03-10,38.175000000000004,24,24
225571,2025-03-14,20.058333333333334,24,24
225571,2025-03-18,24.105882352941176,17,17
225571,2025-03-30,40.104166666666664,24,24
225571,2025-04-03,35.141666666666666,24,24
225571,2025-04-07,21.758333333333336,24,24
225571,2025-04-11,30.474999999999998,24,24
225571,2025-04-15,20.5625,24,24
225571,2025-04-19,16.95625,16,16
225571,2025-04-23,17.380000000000003,20,20
225571,2025-05-09,15.858333333333334,24,24
225571,2025-05-13,18.904166666666665,24,24
225571,2025-05-17,23.27916666666667,24,24
225571,2025-05-21,17.736363636363635,22,22
225571,2025-05-25,15.77142857142857,21,21
225571,2025-05-29,16.483333333333334,24,24
225571,2025-06-02,15.518181818181818,22,22
225571,2025-06-06,19.695833333333333,24,24
225571,2025-06-10,13.343478260869563,23,23
225571,2025-06-14,14.644444444444442,9,9
225571,2025-06-18,12.862499999999999,24,24
225571,2025-06-22,12.991666666666667,24,24
225571,2025-06-26,15.808333333333332,24,24
225571,2025-06-30,16.037499999999998,24,24
225571,2025-08-25,11.644444444444444,9,9
225571,2025-08-29,19.129166666666666,24,24
225571,2025-09-02,14.025,24,24
225571,2025-09-06,14.616666666666667,24,24
225571,2025-09-10,8.775,24,24
225571,2025-09-14,19.9,1,1
225571,2025-09-18,15.738888888888889,18,18
225571,2025-09-22,15.354166666666666,24,24
225571,2025-09-26,15.716666666666667,24,24
225571,2025-09-30,10.663157894736841,19,19
225571,2025-10-04,16.513636363636365,22,22
225571,2025-10-08,12.157894736842104,19,19
225571,2025-11-21,16.229166666666668,24,24
225571,2025-11-25,23.954166666666666,24,24
225571,2025-11-29,36.975,24,24
225571,2025-12-03,48.0,24,24
225571,2025-12-07,27.875,24,24
225571,2025-12-11,25.770833333333332,24,24
225571,2025-12-15,20.720833333333335,24,24
225571,2025-12-19,26.445833333333336,24,24
225571,2025-12-23,35.5625,24,24
225571,2025-12-27,26.304166666666664,24,24
225571,2025-12-31,42.67083333333333,24,24
2528,2025-01-01,20.041666666666668,24,24
2528,2025-01-05,24.958333333333332,24,24
2528,2025-01-09,17.333333333333332,24,24
2528,2025-01-13,17.041666666666668,24,24
2528,2025-01-17,15.0,24,24
2528,2025-01-21,17.25,24,24
2528,2025-01-25,17.291666666666668,24,24
2528,2025-01-29,20.791666666666668,24,24
2528,2025-02-02,15.416666666666666,24,24
2528,2025-02-06,17.208333333333332,24,24
2528,2025-02-10,16.875,24,24
2528,2025-02-14,19.0,24,24
2528,2025-02-18,19.541666666666668,24,24
2528,2025-02-22,19.0,14,14
2528,2025-02-26,20.77777777777778,9,9
2528,2025-03-02,16.916666666666668,24,24
2528,2025-03-06,16.833333333333332,24,24
2528,2025-03-10,15.541666666666666,24,24
2528,2025-03-14,24.166666666666668,24,24
2528,2025-03-18,21.916666666666668,24,24
2528,2025-03-22,19.416666666666668,24,24
2528,2025-03-26,39.375,24,24
2528,2025-03-30,20.875,24,24
2528,2025-04-03,29.041666666666668,24,24
2528,2025-04-07,43.458333333333336,24,24
2528,2025-04-11,23.833333333333332,24,24
2528,2025-04-15,29.583333333333332,24,24
2528,2025-04-19,44.5,24,24
2528,2025-04-23,30.958333333333332,24,24
2528,2025-04-27,45.875,24,24
2528,2025-05-01,28.833333333333332,24,24
2528,2025-05-05,39.333333333333336,24,24
2528,2025-05-09,25.833333333333332,24,24
2528,2025-05-13,58.125,24,24
2528,2025-05-17,24.25,24,24
2528,2025-05-21,57.125,24,24
2528,2025-05-25,45.458333333333336,24,24
2528,2025-05-29,67.95833333333333,24,24
2528,2025-06-02,90.75,24,24
2528,2025-06-06,79.08333333333333,24,24
2528,2025-06-10,56.958333333333336,24,24
2528,2025-06-14,30.458333333333332,24,24
2528,2025-06-18,73.375,24,24
2528,2025-06-22,36.875,24,24
2528,2025-06-26,52.916666666666664,24,24
2528,2025-06-30,56.541666666666664,24,24
2528,2025-07-04,104.45833333333333,24,24
2528,2025-07-08,41.333333333333336,24,24
2528,2025-07-12,42.666666666666664,24,24
2528,2025-07-16,55.266666666666666,15,15
2528,2025-07-20,86.58333333333333,24,24
2528,2025-07-24,44.083333333333336,24,24
2528,2025-07-28,23.291666666666668,24,24
2528,2025-08-01,17.875,24,24
2528,2025-08-05,66.125,24,24
2528,2025-08-09,55.416666666666664,24,24
2528,2025-08-13,36.666666666666664,24,24
2528,2025-08-17,52.166666666666664,24,24
2528,2025-08-21,21.666666666666668,24,24
2528,2025-08-25,27.625,24,24
2528,2025-08-29,36.666666666666664,24,24
2528,2025-09-02,25.041666666666668,24,24
2528,2025-09-06,37.583333333333336,24,24
2528,2025-09-10,24.625,24,24
2528,2025-09-14,38.583333333333336,24,24
2528,2025-09-18,23.125,24,24
2528,2025-09-22,35.666666666666664,24,24
2528,2025-09-26,18.541666666666668,24,24
2528,2025-09-30,26.291666666666668,24,24
2528,2025-10-04,18.208333333333332,24,24
2528,2025-10-08,21.041666666666668,24,24
2528,2025-10-12,27.208333333333332,24,24
2528,2025-10-16,20.0,24,24
2528,2025-10-20,21.375,24,24
2528,2025-10-28,18.333333333333332,9,9
2528,2025-11-01,18.083333333333332,12,12
2528,2025-11-05,24.833333333333332,24,24
2528,2025-11-09,19.208333333333332,24,24
2528,2025-11-13,17.875,24,24
2528,2025-11-17,16.833333333333332,24,24
2528,2025-11-21,17.666666666666668,24,24
2528,2025-11-25,26.5,24,24
2528,2025-11-29,15.458333333333334,24,24
2528,2025-12-03,16.791666666666668,24,24
2528,2025-12-07,24.666666666666668,18,18
2528,2025-12-11,11.0,3,3
2528,2025-12-15,14.208333333333334,24,24
2528,2025-12-19,15.166666666666666,24,24
2528,2025-12-23,15.666666666666666,24,24
2528,2025-12-31,15.5,8,8
4932783,2025-07-04,24.422741277350323,24,24
4932783,2025-07-08,20.010129593036794,18,18
4932783,2025-07-12,21.54311391380098,24,24
4932783,2025-07-16,23.96349311206076,24,24
4932783,2025-07-20,26.59769618842337,24,24
4932783,2025-07-24,20.42825173338254,24,24
4932783,2025-07-28,24.81163830889596,24,24
4932783,2025-08-01,23.25378868314955,24,24
4932783,2025-08-05,16.934598970744343,24,24
4932783,2025-08-09,18.77025341325336,12,12
4932783,2025-08-13,23.43412892083929,24,24
4932783,2025-08-17,24.79123728805118,24,24
4932783,2025-08-29,33.400593298760015,23,23
4932783,2025-09-02,25.14016904102431,24,24
4932783,2025-09-06,32.066600653860306,24,24
4932783,2025-09-10,13.210806146988439,24,24
4932783,2025-09-14,18.46523029108842,24,24
4932783,2025-09-18,28.989392378908214,20,20
4932783,2025-09-22,20.01732953985532,24,24
4932783,2025-09-26,29.303576935441402,24,24
4932783,2025-09-30,51.19288498104354,18,18
4932783,2025-10-04,30.068983974056803,23,23
4932783,2025-10-08,35.99848551054796,24,24
4932783,2025-10-12,35.77069793983742,24,24
4932783,2025-10-16,54.45027779285555,24,24
4932783,2025-10-20,54.572136558839595,21,21
4932783,2025-10-24,111.7166043772521,24,24
4932783,2025-10-28,62.769227406713696,24,24
4932783,2025-11-01,124.13578243167312,24,24
4932783,2025-11-05,47.79642927473869,23,23
4932783,2025-11-09,40.37858336634106,24,24
4932783,2025-11-13,63.672326090715934,23,23
4932783,2025-11-17,91.49947219424779,12,12
4932783,2025-11-25,78.03129164377849,8,8
4932783,2025-11-29,92.70948434670765,24,24
4932783,2025-12-03,58.3548133213512,24,24
4932783,2025-12-07,84.89690628051757,24,24
4932783,2025-12-11,109.89636288219027,24,24
4932783,2025-12-15,110.32260835011799,15,15
4932783,2025-12-19,87.204517338011,24,24
4932783,2025-12-23,80.94152544516105,24,24
4932783,2025-12-27,108.3541162941191,24,24
4932783,2025-12-31,46.69831940200593,24,24
4797655,2025-06-22,22.310769230769232,78,78
4797655,2025-06-26,12.058285714285715,35,35
4797655,2025-06-30,15.194782608695652,23,23
4797655,2025-07-04,5.928367346938776,49,49
4797655,2025-07-08,6.1000000000000005,38,38
4797655,2025-07-12,9.766760563380283,71,71
4797655,2025-07-16,4.457121212121212,66,66
4797655,2025-07-20,12.106507936507937,63,63
4797655,2025-07-24,3.3865714285714286,70,70
4797655,2025-07-28,15.735384615384614,65,65
4797655,2025-08-01,16.087721518987344,79,79
4797655,2025-08-05,28.096486486486484,74,74
4797655,2025-08-09,9.178648648648648,74,74
4797655,2025-08-13,20.277088607594937,79,79
4797655,2025-08-17,9.797571428571429,70,70
4797655,2025-08-21,8.959733333333334,75,75
4797655,2025-08-25,18.89,51,51
4797655,2025-08-29,14.814032258064517,62,62
4797655,2025-09-02,5.8703076923076924,65,65
4797655,2025-09-06,11.044782608695652,69,69
4797655,2025-09-10,8.667333333333334,15,15
4797655,2025-09-14,17.098108108108107,74,74
4797655,2025-09-18,13.735223880597015,67,67
4797655,2025-09-22,0.7248275862068966,58,58
4797655,2025-09-26,12.279305555555556,72,72
4797655,2025-09-30,17.84728813559322,59,59
4797655,2025-10-04,12.507638888888888,72,72
4797655,2025-10-08,20.543333333333333,51,51
4797655,2025-10-12,12.25025641025641,39,39
4797655,2025-10-16,13.137352941176472,68,68
4797655,2025-10-20,12.896486486486486,37,37
4797655,2025-10-24,4.372272727272727,22,22
4797655,2025-10-28,15.887169811320755,53,53
4797655,2025-11-01,6.572077922077923,77,77
4797655,2025-11-05,5.61962962962963,81,81
4797655,2025-11-09,5.449102564102564,78,78
4797655,2025-11-13,24.53473684210526,38,38
4797655,2025-11-17,11.328382352941176,68,68
4797655,2025-11-21,8.108852459016394,61,61
4797655,2025-11-25,10.206229508196722,61,61
4797655,2025-11-29,11.9027868852459,61,61
4797655,2025-12-03,12.714264705882353,68,68
4797655,2025-12-07,10.494666666666667,45,45
4797655,2025-12-11,8.919354838709678,62,62
4797655,2025-12-15,14.902444444444445,45,45
4797655,2025-12-19,15.508478260869564,46,46
4797655,2025-12-23,5.991458333333333,48,48
4797655,2025-12-27,16.363275862068967,58,58
4797655,2025-12-31,21.78390625,64,64
2944,2025-01-01,22.458333333333332,24,24
2944,2025-01-05,21.375,24,24
2944,2025-01-09,16.958333333333332,24,24
2944,2025-01-13,19.583333333333332,24,24
2944,2025-01-17,15.458333333333334,24,24
2944,2025-01-21,16.333333333333332,24,24
2944,2025-01-25,17.958333333333332,24,24
2944,2025-01-29,18.291666666666668,24,24
2944,2025-02-02,16.0,16,16
2944,2025-02-06,20.833333333333332,24,24
2944,2025-02-10,16.541666666666668,24,24
2944,2025-02-14,22.958333333333332,24,24
2944,2025-02-18,18.416666666666668,24,24
2944,2025-02-22,17.958333333333332,24,24
2944,2025-02-26,16.181818181818183,11,11
2944,2025-03-02,16.416666666666668,24,24
2944,2025-03-06,19.166666666666668,24,24
2944,2025-03-10,14.875,24,24
2944,2025-03-14,19.75,24,24
2944,2025-03-18,19.0,24,24
2944,2025-03-26,39.266666666666666,15,15
2944,2025-03-30,20.083333333333332,12,12
2944,2025-04-03,36.125,24,24
2944,2025-04-07,42.72727272727273,11,11
2944,2025-04-11,31.958333333333332,24,24
2944,2025-04-15,37.416666666666664,24,24
2944,2025-04-19,48.041666666666664,24,24
2944,2025-04-23,29.791666666666668,24,24
2944,2025-04-27,31.041666666666668,24,24
2944,2025-05-01,34.25,24,24
2944,2025-05-05,45.541666666666664,24,24
2944,2025-05-09,30.041666666666668,24,24
2944,2025-05-13,82.16666666666667,24,24
2944,2025-05-17,24.5,24,24
2944,2025-05-21,59.333333333333336,24,24
2944,2025-05-25,79.375,24,24
2944,2025-05-29,48.541666666666664,24,24
2944,2025-06-02,85.16666666666667,24,24
2944,2025-06-06,57.958333333333336,24,24
2944,2025-06-10,129.91666666666666,24,24
2944,2025-06-14,48.22727272727273,22,22
2944,2025-06-18,73.41666666666667,24,24
2944,2025-06-22,32.166666666666664,24,24
2944,2025-06-26,54.916666666666664,24,24
2944,2025-06-30,164.79166666666666,24,24
2944,2025-07-04,99.91666666666667,24,24
2944,2025-07-08,16.708333333333332,24,24
2944,2025-07-12,17.416666666666668,24,24
2944,2025-07-16,62.666666666666664,24,24
2944,2025-07-20,44.458333333333336,24,24
2944,2025-07-24,40.958333333333336,24,24
2944,2025-07-28,22.708333333333332,24,24
2944,2025-08-01,26.333333333333332,24,24
2944,2025-08-05,74.29166666666667,24,24
2944,2025-08-09,89.04166666666667,24,24
2944,2025-08-13,33.541666666666664,24,24
2944,2025-08-17,50.291666666666664,24,24
2944,2025-08-21,24.375,24,24
2944,2025-08-25,19.708333333333332,24,24
2944,2025-08-29,29.5,24,24
2944,2025-09-02,24.0,24,24
2944,2025-09-06,42.916666666666664,24,24
2944,2025-09-10,29.041666666666668,24,24
2944,2025-09-14,32.416666666666664,24,24
2944,2025-09-18,27.041666666666668,24,24
2944,2025-09-22,16.833333333333332,24,24
2944,2025-09-26,27.041666666666668,24,24
2944,2025-09-30,23.041666666666668,24,24
2944,2025-10-04,19.583333333333332,24,24
2944,2025-10-08,13.416666666666666,24,24
2944,2025-10-12,21.625,24,24
2944,2025-10-16,19.416666666666668,24,24
2944,2025-10-20,17.958333333333332,24,24
2944,2025-10-28,25.77777777777778,9,9
2944,2025-11-01,18.291666666666668,24,24
2944,2025-11-05,21.0,24,24
2944,2025-11-09,24.6,5,5
2944,2025-11-13,14.541666666666666,24,24
2944,2025-11-17,17.583333333333332,24,24
2944,2025-11-21,21.833333333333332,24,24
2944,2025-11-25,21.166666666666668,24,24
2944,2025-11-29,19.714285714285715,7,7
2944,2025-12-03,12.541666666666666,24,24
2944,2025-12-07,20.541666666666668,24,24
2944,2025-12-11,15.625,24,24
2944,2025-12-15,14.0,24,24
2944,2025-12-19,13.166666666666666,24,24
2944,2025-12-23,13.0,11,11
2944,2025-12-31,15.333333333333334,24,24
10653,2025-01-01,25.0,24,24
10653,2025-01-05,21.625,24,24
10653,2025-01-09,16.458333333333332,24,24
10653,2025-01-13,21.541666666666668,24,24
10653,2025-01-17,21.125,24,24
10653,2025-01-21,19.291666666666668,24,24
10653,2025-01-25,22.125,24,24
10653,2025-01-29,22.375,24,24
10653,2025-02-02,21.208333333333332,24,24
10653,2025-02-06,20.333333333333332,24,24
10653,2025-02-10,19.375,24,24
10653,2025-02-14,19.541666666666668,24,24
10653,2025-02-18,18.916666666666668,24,24
10653,2025-02-22,19.083333333333332,24,24
10653,2025-03-02,18.5,24,24
10653,2025-03-06,23.791666666666668,24,24
10653,2025-03-10,18.625,24,24
10653,2025-03-14,23.25,24,24
10653,2025-03-18,23.083333333333332,24,24
10653,2025-03-26,24.041666666666668,24,24
10653,2025-03-30,20.875,24,24
10653,2025-04-03,23.375,24,24
10653,2025-04-07,22.708333333333332,24,24
10653,2025-04-11,22.041666666666668,24,24
10653,2025-04-15,18.75,24,24
10653,2025-04-19,25.466666666666665,15,15
10653,2025-04-23,24.583333333333332,24,24
10653,2025-04-27,26.208333333333332,24,24
10653,2025-05-01,22.041666666666668,24,24
10653,2025-05-05,19.291666666666668,24,24
10653,2025-05-09,25.333333333333332,24,24
10653,2025-05-13,19.083333333333332,24,24
10653,2025-05-17,22.625,24,24
10653,2025-05-21,21.333333333333332,24,24
10653,2025-05-25,21.416666666666668,24,24
10653,2025-05-29,23.166666666666668,24,24
10653,2025-06-02,26.791666666666668,24,24
10653,2025-06-06,26.333333333333332,24,24
10653,2025-06-10,21.583333333333332,24,24
10653,2025-06-14,20.916666666666668,24,24
10653,2025-06-18,21.833333333333332,24,24
10653,2025-06-22,18.166666666666668,24,24
10653,2025-06-26,24.333333333333332,24,24
10653,2025-06-30,17.0,24,24
10653,2025-07-04,21.875,24,24
10653,2025-07-08,20.458333333333332,24,24
10653,2025-07-12,22.25,24,24
10653,2025-07-16,23.75,24,24
10653,2025-07-20,22.291666666666668,24,24
10653,2025-07-24,23.458333333333332,24,24
10653,2025-07-28,22.833333333333332,24,24
10653,2025-08-01,21.833333333333332,24,24
10653,2025-08-05,18.875,24,24
10653,2025-08-09,16.875,24,24
10653,2025-08-13,22.833333333333332,24,24
10653,2025-08-17,16.375,24,24
10653,2025-08-21,19.458333333333332,24,24
10653,2025-08-25,21.5,24,24
10653,2025-08-29,18.875,24,24
10653,2025-09-02,20.75,24,24
10653,2025-09-06,21.958333333333332,24,24
10653,2025-09-10,20.416666666666668,24,24
10653,2025-09-14,20.125,24,24
10653,2025-09-18,19.958333333333332,24,24
10653,2025-09-22,20.875,24,24
10653,2025-09-26,21.416666666666668,24,24
10653,2025-09-30,23.5,24,24
10653,2025-10-04,22.666666666666668,24,24
10653,2025-10-08,19.958333333333332,24,24
10653,2025-10-12,23.68421052631579,19,19
10653,2025-10-16,21.208333333333332,24,24
10653,2025-10-20,21.5,24,24
10653,2025-10-28,23.0,9,9
10653,2025-11-01,23.916666666666668,24,24
10653,2025-11-05,26.916666666666668,24,24
10653,2025-11-09,23.666666666666668,24,24
10653,2025-11-13,24.125,24,24
10653,2025-11-17,24.333333333333332,24,24
10653,2025-11-21,24.25,24,24
10653,2025-11-25,28.11111111111111,9,9
10653,2025-11-29,24.375,24,24
10653,2025-12-03,25.25,24,24
10653,2025-12-07,22.5,24,24
10653,2025-12-11,26.25,24,24
10653,2025-12-15,28.75,8,8
10653,2025-12-19,28.818181818181817,22,22
10653,2025-12-23,26.708333333333332,24,24
10653,2025-12-27,29.75,24,24
10653,2025-12-31,28.25,8,8
1378279,2025-01-01,9.181501157581806,24,24
1378279,2025-01-05,16.58466685213164,23,23
1378279,2025-01-09,3.363052543738614,23,23
1378279,2025-01-13,9.90671753221088,6,6
1378279,2025-02-14,9.367063658105002,24,24
1378279,2025-02-18,5.386514587617583,24,24
1378279,2025-02-22,2.843087966295166,24,24
1378279,2025-02-26,3.320740155875683,24,24
1378279,2025-03-02,4.153687512165763,24,24
1378279,2025-03-06,7.298791088163853,24,24
1378279,2025-03-10,5.837697346177365,24,24
1378279,2025-03-14,3.3442129670745797,24,24
1378279,2025-03-18,4.906423767501808,24,24
1378279,2025-03-22,3.0517800953239202,24,24
1378279,2025-03-26,7.98062963783741,24,24
1378279,2025-03-30,7.41886573864354,24,24
1378279,2025-04-03,4.176590148090488,24,24
1378279,2025-04-07,5.067382092559428,24,24
1378279,2025-04-11,8.153528924410542,24,24
1378279,2025-04-15,3.02068715730889,24,24
1378279,2025-04-19,7.545777233783156,24,24
1378279,2025-04-23,5.7213677126064635,19,19
1378279,2025-04-27,6.776179411345058,24,24
1378279,2025-05-01,7.573964446745436,24,24
1378279,2025-05-05,10.340222784628471,24,24
1378279,2025-05-09,32.12661290665468,24,24
1378279,2025-05-13,18.98416528436873,21,21
1378279,2025-05-17,17.882599965490474,24,24
1378279,2025-05-21,8.198769634279111,24,24
1378279,2025-05-25,8.609903928306368,24,24
1378279,2025-05-29,41.88239928086599,24,24
1378279,2025-06-02,34.57517926620715,11,11
1378279,2025-06-06,19.61642882310682,24,24
1378279,2025-06-10,3.1921487278304994,24,24
1378279,2025-06-14,12.27317451554549,23,23
1378279,2025-06-18,24.684436930550472,24,24
1378279,2025-06-22,15.739801961442698,23,23
1378279,2025-06-26,20.877604145142765,24,24
1378279,2025-06-30,16.453861080937916,24,24
1378279,2025-07-04,25.80235129305058,24,24
1378279,2025-07-08,21.989866335772806,24,24
1378279,2025-07-12,17.259002352340353,24,24
1378279,2025-07-16,41.6930208603541,24,24
1378279,2025-07-20,4.843807864727245,24,24
1378279,2025-07-24,10.29553472995758,24,24
1378279,2025-07-28,3.9915677023430667,24,24
1378279,2025-08-01,6.272449074520005,24,24
1378279,2025-08-05,21.990453667110867,24,24
1378279,2025-08-09,10.681616880827479,24,24
1378279,2025-08-13,19.85194677942329,24,24
1378279,2025-08-17,6.51115507301357,24,24
1378279,2025-08-21,14.79714928401841,24,24
1378279,2025-08-25,24.114918342894978,24,24
1378279,2025-08-29,43.58269270923403,24,24
1378279,2025-09-02,32.57214752170775,24,24
1378279,2025-09-06,16.300224569108753,24,24
1378279,2025-09-10,27.004971596929764,24,24
1378279,2025-09-14,12.979857665797075,24,24
1378279,2025-09-18,8.789255219201246,24,24
1378279,2025-09-22,15.62948034538163,24,24
1378279,2025-09-26,8.742245941940281,24,24
1378279,2025-09-30,3.9279724947902053,23,23
1378279,2025-10-04,2.3468979509628336,23,23
1378279,2025-10-08,15.151384237739775,24,24
1378279,2025-10-12,30.473302069637512,24,24
1378279,2025-10-16,8.10907641073896,24,24
1378279,2025-10-20,5.958550926342252,21,21
1378279,2025-10-24,15.933538183459527,24,24
1378279,2025-10-28,6.73555787319697,24,24
1378279,2025-11-01,10.72637152782193,24,24
1378279,2025-11-05,4.570385265220766,23,23
1378279,2025-11-09,6.122465281264373,24,24
1378279,2025-11-13,9.90295712430984,23,23
1378279,2025-11-17,4.26628535285291,22,22
1378279,2025-11-21,10.70289351215103,24,24
1378279,2025-11-25,6.772004628498796,24,24
1378279,2025-11-29,6.790881946655335,24,24
1378279,2025-12-03,3.685279514844081,24,24
1378279,2025-12-07,4.139274829056315,24,24
1378279,2025-12-11,2.181331021266265,24,24
1378279,2025-12-15,4.181428244330541,24,24
1378279,2025-12-19,5.304354166391271,24,24
1378279,2025-12-23,3.059453127365904,24,24
1378279,2025-12-27,3.4768148157918066,24,24
1378279,2025-12-31,3.255773148168292,24,24
4803720,2025-06-26,40.481036730920955,13,13
4803720,2025-06-30,53.107086485804935,16,16
4803720,2025-07-04,56.241183508413805,15,15
4803720,2025-07-08,46.06972126155705,17,17
4803720,2025-07-12,46.17846872746342,24,24
4803720,2025-07-16,35.48140325215797,18,18
4803720,2025-07-20,44.86814994023851,11,11
4803720,2025-07-24,30.929219651336215,24,24
4803720,2025-07-28,56.90413331853019,24,24
4803720,2025-08-01,19.814981103161198,24,24
4803720,2025-08-05,27.939473876457424,24,24
4803720,2025-08-09,32.58662282758289,24,24
4803720,2025-08-13,39.79488030579756,24,24
4803720,2025-08-17,33.84540666903397,24,24
4803720,2025-08-21,29.402427072236033,11,11
4803720,2025-08-25,12.084148980946177,12,12
4803720,2025-08-29,47.49202674782794,23,23
4803720,2025-09-02,5.570855542765507,24,24
4803720,2025-09-06,40.46664474811504,24,24
4803720,2025-09-10,35.398979359641565,24,24
4803720,2025-09-14,74.72667615841596,13,13
4803720,2025-09-18,53.846500300478056,24,24
4803720,2025-09-22,56.80071753584576,24,24
4803720,2025-09-26,49.41434083778236,17,17
4803720,2025-09-30,110.116995612343,22,22
4803720,2025-10-04,57.261173906798874,23,23
4803720,2025-10-08,33.074077973794395,24,24
4803720,2025-10-12,73.38541966383706,24,24
4803720,2025-10-16,105.650619344037,24,24
4803720,2025-10-24,114.18971287444366,23,23
4803720,2025-10-28,130.15038707706663,24,24
4803720,2025-11-01,172.97891364306312,24,24
4803720,2025-11-05,56.35928225135587,21,21
4803720,2025-11-09,110.94228647662334,24,24
4803720,2025-11-13,161.60256896228816,23,23
4803720,2025-11-17,255.09383574662382,20,20
4803720,2025-11-21,218.2549258093775,24,24
4803720,2025-11-25,206.29044926219518,20,20
4803720,2025-11-29,147.07903238049258,24,24
4803720,2025-12-03,199.14132964143812,24,24
4803720,2025-12-07,235.69299196490533,24,24
4803720,2025-12-11,254.81748774368495,22,22
4803720,2025-12-15,162.21590999223568,24,24
4803720,2025-12-19,274.04354289692793,24,24
4803720,2025-12-23,96.10225593784442,24,24
4803720,2025-12-27,272.1382907098712,24,24
4803720,2025-12-31,250.3099613602168,22,22
4408169,2025-05-17,10.8,20,20
4408169,2025-05-21,5.833333333333333,24,24
4408169,2025-05-25,11.291666666666666,24,24
4408169,2025-05-29,9.458333333333334,24,24
4408169,2025-06-02,9.666666666666666,24,24
4408169,2025-06-06,14.625,24,24
4408169,2025-06-10,11.833333333333334,24,24
4408169,2025-06-14,15.291666666666666,24,24
4408169,2025-06-18,12.0,8,8
4408169,2025-06-26,18.083333333333332,24,24
4408169,2025-06-30,10.565217391304348,23,23
4408169,2025-07-04,19.791666666666668,24,24
4408169,2025-07-08,11.208333333333334,24,24
4408169,2025-07-24,11.0,13,13
4408169,2025-07-28,16.208333333333332,24,24
4408169,2025-08-01,15.166666666666666,24,24
4408169,2025-08-05,14.458333333333334,24,24
4408169,2025-08-09,15.791666666666666,24,24
4408169,2025-08-13,4.666666666666667,24,24
4408169,2025-08-17,5.916666666666667,12,12
4408169,2025-08-21,10.25,12,12
4408169,2025-08-25,11.541666666666666,24,24
4408169,2025-08-29,6.0,1,1
4408169,2025-09-02,13.645833333333334,24,24
4408169,2025-09-06,8.791666666666666,24,24
4408169,2025-09-10,25.714285714285715,7,7
4408169,2025-09-14,17.125,24,24
4408169,2025-09-18,8.5,24,24
4408169,2025-09-22,9.291666666666666,24,24
4408169,2025-09-30,8.777777777777779,18,18
4408169,2025-10-04,6.761904761904762,21,21
4408169,2025-10-08,8.75,20,20
4408169,2025-10-16,7.541666666666667,24,24
4408169,2025-10-20,5.5,24,24
4408169,2025-10-28,6.0,24,24
4408169,2025-11-05,10.291666666666666,24,24
4408169,2025-11-09,4.5,24,24
4408169,2025-11-13,10.5,10,10
4408169,2025-11-17,10.541666666666666,24,24
4408169,2025-11-21,14.375,24,24
4408169,2025-11-25,8.458333333333334,24,24
4408169,2025-12-07,13.375,8,8
4408169,2025-12-11,16.333333333333332,24,24
4408169,2025-12-15,11.708333333333334,24,24
4408169,2025-12-19,11.5,24,24
4408169,2025-12-23,15.416666666666666,24,24
4408169,2025-12-27,16.916666666666668,24,24
4408169,2025-12-31,9.695652173913043,23,23
2525,2025-01-01,18.125,24,24
2525,2025-01-05,17.625,24,24
2525,2025-01-09,14.583333333333334,24,24
2525,2025-01-13,16.833333333333332,24,24
2525,2025-01-17,14.75,24,24
2525,2025-01-21,14.291666666666666,24,24
2525,2025-01-25,15.708333333333334,24,24
2525,2025-01-29,18.041666666666668,24,24
2525,2025-02-02,14.666666666666666,24,24
2525,2025-02-06,14.125,24,24
2525,2025-02-10,21.625,24,24
2525,2025-02-14,17.75,24,24
2525,2025-02-18,20.333333333333332,24,24
2525,2025-02-22,15.375,24,24
2525,2025-02-26,16.833333333333332,12,12
2525,2025-03-02,12.416666666666666,24,24
2525,2025-03-06,12.0,24,24
2525,2025-03-10,14.0,24,24
2525,2025-03-14,21.458333333333332,24,24
2525,2025-03-18,19.208333333333332,24,24
2525,2025-03-22,17.333333333333332,12,12
2525,2025-03-26,29.0,15,15
2525,2025-03-30,15.083333333333334,24,24
2525,2025-04-03,18.541666666666668,24,24
2525,2025-04-07,29.833333333333332,24,24
2525,2025-04-11,27.333333333333332,24,24
2525,2025-04-15,25.8,15,15
2525,2025-04-19,30.36842105263158,19,19
2525,2025-04-23,14.75,24,24
2525,2025-04-27,22.291666666666668,24,24
2525,2025-05-01,27.666666666666668,24,24
2525,2025-05-05,47.666666666666664,24,24
2525,2025-05-09,18.666666666666668,24,24
2525,2025-05-13,68.83333333333333,24,24
2525,2025-05-17,21.083333333333332,24,24
2525,2025-05-21,61.416666666666664,24,24
2525,2025-05-25,90.91666666666667,24,24
2525,2025-05-29,40.041666666666664,24,24
2525,2025-06-02,53.25,24,24
2525,2025-06-06,82.79166666666667,24,24
2525,2025-06-10,103.25,24,24
2525,2025-06-14,25.75,24,24
2525,2025-06-18,58.375,24,24
2525,2025-06-22,24.875,24,24
2525,2025-06-26,83.08333333333333,24,24
2525,2025-06-30,40.25,24,24
2525,2025-07-04,59.583333333333336,24,24
2525,2025-07-08,19.0,24,24
2525,2025-07-12,21.875,24,24
2525,2025-07-16,61.666666666666664,24,24
2525,2025-07-20,41.583333333333336,24,24
2525,2025-07-24,27.541666666666668,24,24
2525,2025-07-28,14.708333333333334,24,24
2525,2025-08-01,15.375,24,24
2525,2025-08-05,62.0,24,24
2525,2025-08-09,27.083333333333332,24,24
2525,2025-08-13,20.291666666666668,24,24
2525,2025-08-17,47.666666666666664,24,24
2525,2025-08-21,16.0,24,24
2525,2025-08-25,19.25,24,24
2525,2025-08-29,28.875,24,24
2525,2025-09-02,17.75,24,24
2525,2025-09-06,30.25,24,24
2525,2025-09-10,15.333333333333334,24,24
2525,2025-09-14,28.833333333333332,24,24
2525,2025-09-18,12.833333333333334,24,24
2525,2025-09-22,31.666666666666668,24,24
2525,2025-09-26,13.458333333333334,24,24
2525,2025-09-30,18.583333333333332,24,24
2525,2025-10-04,12.666666666666666,24,24
2525,2025-10-08,13.5,24,24
2525,2025-10-12,11.666666666666666,24,24
2525,2025-10-16,17.458333333333332,24,24
2525,2025-10-20,16.75,24,24
2525,2025-10-28,17.11111111111111,9,9
2525,2025-11-01,17.291666666666668,24,24
2525,2025-11-05,19.0,24,24
2525,2025-11-09,16.875,24,24
2525,2025-11-13,16.208333333333332,24,24
2525,2025-11-17,19.666666666666668,24,24
2525,2025-11-21,18.166666666666668,24,24
2525,2025-11-25,18.583333333333332,24,24
2525,2025-11-29,15.125,24,24
2525,2025-12-03,13.083333333333334,24,24
2525,2025-12-07,21.25,24,24
2525,2025-12-11,15.416666666666666,24,24
2525,2025-12-15,14.916666666666666,24,24
2525,2025-12-19,14.0,24,24
2525,2025-12-23,13.958333333333334,24,24
2525,2025-12-27,17.166666666666668,24,24
2525,2025-12-31,14.416666666666666,24,24
4876581,2025-06-30,32.67828647957908,24,24
4876581,2025-07-04,75.08274618030694,23,23
4876581,2025-07-08,37.67980213960012,24,24
4876581,2025-07-12,75.63412623670366,24,24
4876581,2025-07-16,41.90518680649499,24,24
4876581,2025-07-20,51.23859197328302,23,23
4876581,2025-07-24,59.99757954568574,24,24
4876581,2025-07-28,56.38594881693522,24,24
4876581,2025-08-01,57.61392231593056,21,21
4876581,2025-08-05,32.75034217882638,24,24
4876581,2025-08-09,49.69087849060694,24,24
4876581,2025-08-13,46.75181584888034,24,24
4876581,2025-08-17,67.2833302375386,21,21
4876581,2025-08-21,52.16437545749876,24,24
4876581,2025-08-25,46.67762732584777,23,23
4876581,2025-08-29,68.53687753280003,24,24
4876581,2025-09-02,39.12043102567244,24,24
4876581,2025-09-06,66.77286142580436,22,22
4876581,2025-09-10,61.60960237838833,24,24
4876581,2025-09-14,48.53237825107437,21,21
4876581,2025-09-18,38.54951394928826,24,24
4876581,2025-09-22,60.17719169248615,19,19
4876581,2025-09-26,60.136924161734406,24,24
4876581,2025-09-30,100.91657270230122,23,23
4876581,2025-10-04,95.36907788428708,23,23
4876581,2025-10-08,75.80158939102182,24,24
4876581,2025-10-12,87.19073269399327,24,24
4876581,2025-10-16,151.0348824796853,24,24
4876581,2025-10-20,185.07728483566132,15,15
4876581,2025-10-24,207.0393482590708,24,24
4876581,2025-10-28,327.57341835394453,24,24
4876581,2025-11-01,217.05324375059467,24,24
4876581,2025-11-05,133.4488686177518,23,23
4876581,2025-11-09,204.2468228340149,24,24
4876581,2025-11-13,250.02709549060768,23,23
4876581,2025-11-17,310.47903484575676,22,22
4876581,2025-11-21,265.89410897007696,24,24
4876581,2025-11-25,288.59887148682344,21,21
4876581,2025-11-29,233.67290224499172,24,24
4876581,2025-12-03,263.25425673590763,24,24
4876581,2025-12-07,230.85148577601822,24,24
4876581,2025-12-11,321.0738539411564,12,12
4876581,2025-12-19,299.47774744788404,24,24
4876581,2025-12-23,145.39150348769292,24,24
4876581,2025-12-27,305.28244913860607,24,24
4876581,2025-12-31,359.0566843721602,8,8
4851440,2025-06-26,1.4111197855349422,24,24
4851440,2025-06-30,1.0480237267005983,24,24
4851440,2025-07-04,0.057543402602378696,24,24
4851440,2025-07-08,0.16761805556921494,24,24
4851440,2025-07-12,20.73875873365129,24,24
4851440,2025-07-16,3.367993054756274,24,24
4851440,2025-07-20,3.219295136578795,24,24
4851440,2025-07-24,1.9915208387085135,24,24
4851440,2025-07-28,0.1551840287219319,24,24
4851440,2025-08-01,17.253865175777012,24,24
4851440,2025-08-05,7.442239602846612,24,24
4851440,2025-08-09,1.3917934038650452,24,24
4851440,2025-08-13,3.4860052039665685,24,24
4851440,2025-08-17,2.398190966884916,24,24
4851440,2025-08-21,1.6305850693283395,24,24
4851440,2025-08-25,7.46225868124101,24,24
4851440,2025-08-29,5.320253726812267,24,24
4851440,2025-09-02,3.87946818000637,24,24
4851440,2025-09-06,27.650986075401306,24,24
4851440,2025-09-10,0.25806075881700963,24,24
4851440,2025-09-14,0.215706598207665,24,24
4851440,2025-09-18,0.21189409685838553,24,24
4851440,2025-09-22,0.04962615645490587,24,24
4851440,2025-09-26,0.1689965282290898,24,24
4851440,2025-09-30,0.023432971245568732,23,23
4851440,2025-10-04,0.044306763470316854,23,23
4851440,2025-10-08,10.609333335083944,24,24
4851440,2025-10-12,7.733282406155571,24,24
4851440,2025-10-16,5.630762681134656,23,23
4851440,2025-10-20,0.32459854504103386,21,21
4851440,2025-10-24,0.22682870364040827,24,24
4851440,2025-10-28,1.0296070602205065,24,24
4851440,2025-11-01,5.844920128409716,24,24
4851440,2025-11-05,0.2307572468602355,23,23
4851440,2025-11-09,0.04143055558411612,24,24
4851440,2025-11-13,1.0634317649411407,23,23
4851440,2025-11-17,0.44671969679043144,22,22
4851440,2025-11-21,2.2664791680562,24,24
4851440,2025-11-25,0.14071527721567287,24,24
4851440,2025-11-29,3.425847223649422,24,24
4851440,2025-12-03,0.8762708336218363,24,24
4851440,2025-12-07,0.048965277750458974,24,24
4851440,2025-12-11,0.002090277760807011,24,24
4851440,2025-12-19,0.023958333426465594,24,24
4851440,2025-12-23,0.0010416666666666667,24,24
4851440,2025-12-27,0.32013888905445737,24,24
4851440,2025-12-31,4.3045289889193965,23,23
4143986,2025-04-23,37.161875057220456,5,5
4143986,2025-04-27,20.628479106558693,24,24
4143986,2025-05-01,41.716119114557905,24,24
4143986,2025-05-05,28.938216177170926,24,24
4143986,2025-05-09,22.022309016850258,24,24
4143986,2025-05-13,3.2319583379430696,24,24
4143986,2025-05-17,16.07791838132673,24,24
4143986,2025-05-21,13.571222179465822,24,24
4143986,2025-05-25,5.1786996411651165,24,24
4143986,2025-05-29,13.982595677729005,9,9
4143986,2025-06-06,31.999047526054913,24,24
4143986,2025-06-10,2.267536467587989,24,24
4143986,2025-06-14,1.930979170784768,24,24
4143986,2025-06-18,17.637227383526888,11,11
4143986,2025-06-22,10.531634020214172,23,23
4143986,2025-06-26,3.6588107645382277,24,24
4143986,2025-06-30,5.280339696961972,24,24
4143986,2025-07-04,4.936251742972268,24,24
4143986,2025-07-08,2.0558281244011596,24,24
4143986,2025-07-12,5.951140624781449,24,24
4143986,2025-07-16,2.121498072670807,24,24
4143986,2025-07-20,3.4077203326595176,24,24
4143986,2025-07-24,3.202975699561648,24,24
4143986,2025-07-28,4.099646423986457,24,24
4143986,2025-08-01,15.243095460865232,24,24
4143986,2025-08-05,11.033759858873156,24,24
4143986,2025-08-09,11.300609374211895,24,24
4143986,2025-08-13,9.789805562416506,24,24
4143986,2025-08-17,0.40876735984865165,24,24
4143986,2025-08-21,6.533398157503043,24,24
4143986,2025-08-25,3.2835005827170485,24,24
4143986,2025-08-29,1.9775561339273635,24,24
4143986,2025-09-02,0.3598732646076112,24,24
4143986,2025-09-06,2.3223460782707357,24,24
4143986,2025-09-10,3.0876701498119576,24,24
4143986,2025-09-14,3.05336862071676,24,24
4143986,2025-09-18,2.5806719568218033,21,21
4143986,2025-09-22,0.9719415500165067,24,24
4143986,2025-09-26,2.6955422496992267,24,24
4143986,2025-09-30,5.051781418476848,23,23
4143986,2025-10-04,13.485395487149557,20,20
4143986,2025-10-08,7.615172448205865,24,24
4143986,2025-10-12,2.4172025462871214,24,24
4143986,2025-10-16,4.834218288549561,24,24
4143986,2025-10-20,14.758336822191875,8,8
4143986,2025-11-01,1.8987675145574021,24,24
4143986,2025-11-05,1.6783822511336293,23,23
4143986,2025-11-09,7.065041669023533,24,24
4143986,2025-11-13,12.598349312240076,22,22
4143986,2025-11-17,1.7626439489875778,22,22
4143986,2025-11-21,14.143803810742165,24,24
4143986,2025-11-25,40.9011400465612,24,24
4143986,2025-11-29,18.74035997604606,24,24
4143986,2025-12-03,11.929607080659588,24,24
4143986,2025-12-07,13.709638159042257,24,24
4143986,2025-12-11,9.490703097531675,24,24
4143986,2025-12-15,9.45824657973523,24,24
4143986,2025-12-19,22.674774863943455,24,24
4143986,2025-12-23,11.237616344137736,24,24
4143986,2025-12-27,8.918694450209538,24,24
4143986,2025-12-31,35.12065945224486,23,23
4566426,2025-06-02,25.558946212132774,8,8
4566426,2025-06-06,44.28683675660027,24,24
4566426,2025-06-10,38.58625712943456,24,24
4566426,2025-06-14,43.780571811729004,24,24
4566426,2025-06-18,47.579653738725064,24,24
4566426,2025-06-22,33.92256000186458,22,22
4566426,2025-06-26,37.83408099036626,24,24
4566426,2025-06-30,48.12877790133158,4,4
4566426,2025-08-01,40.8932321468989,24,24
4566426,2025-08-05,40.48782812224494,24,24
4566426,2025-08-09,43.271833356221514,20,20
4566426,2025-08-13,46.95059843858083,24,24
4566426,2025-08-17,41.96602711743778,24,24
4566426,2025-08-21,30.209104180777516,24,24
4566426,2025-08-25,24.118183316317438,24,24
4566426,2025-08-29,38.478868901729584,24,24
4566426,2025-09-02,21.83395356718037,24,24
4566426,2025-09-10,41.782328338334054,24,24
4566426,2025-09-14,48.15396008226606,24,24
4566426,2025-09-18,37.21036027055798,24,24
4566426,2025-09-22,46.06759160094791,24,24
4566426,2025-09-26,42.31690488961008,12,12
4566426,2025-09-30,48.67158212823411,23,23
4566426,2025-10-04,54.58874214743646,23,23
4566426,2025-10-08,38.99345421802115,24,24
4566426,2025-10-12,53.5018679883745,24,24
4566426,2025-10-16,81.28795253464669,24,24
4566426,2025-10-24,62.59391433574535,24,24
4566426,2025-10-28,86.96297743850283,24,24
4566426,2025-11-01,103.84084891478221,24,24
4566426,2025-11-05,60.10422995758057,10,10
4566426,2025-11-09,93.11932870370372,24,24
4566426,2025-11-13,111.08060805187132,23,23
4566426,2025-11-17,157.85963765539304,22,22
4566426,2025-11-21,164.2677615289335,24,24
4566426,2025-11-25,146.0060475461474,19,19
4566426,2025-11-29,182.9420704347116,24,24
4566426,2025-12-03,212.23591373849797,24,24
4566426,2025-12-07,160.9238494237264,24,24
4566426,2025-12-11,230.77172890045026,24,24
4566426,2025-12-15,206.95986000167,20,20
4566426,2025-12-19,261.6268854600412,24,24
4566426,2025-12-23,69.26682262943409,15,15
4566426,2025-12-27,181.03938510297525,22,22
4566426,2025-12-31,145.3369166056315,8,8
4771378,2025-06-18,49.92790846391158,22,22
4771378,2025-06-22,37.50522512687749,22,22
4771378,2025-06-26,35.02710100678373,22,22
4771378,2025-06-30,26.483742611496538,15,15
4771378,2025-07-04,46.85143858856625,24,24
4771378,2025-07-08,33.27999421433135,13,13
4771378,2025-07-12,35.493784736703944,24,24
4771378,2025-07-16,19.344885417487884,12,12
4771378,2025-07-20,27.57937055857724,18,18
4771378,2025-07-24,36.60263469038892,17,17
4771378,2025-08-09,37.98097294472685,24,24
4771378,2025-08-13,30.541295156506404,14,14
4771378,2025-08-17,37.76988598505656,15,15
4771378,2025-08-25,46.37657770792644,15,15
4771378,2025-08-29,54.612754676077095,24,24
4771378,2025-09-02,37.52378174772969,24,24
4771378,2025-09-06,38.47666796426925,24,24
4771378,2025-09-10,39.23438358748401,24,24
4771378,2025-09-14,37.813676363382584,13,13
4771378,2025-09-18,41.31931844817267,24,24
4771378,2025-09-22,68.43954339292314,24,24
4771378,2025-09-26,53.483120248534455,12,12
4771378,2025-09-30,63.58068964492872,23,23
4771378,2025-10-04,91.05774102944183,18,18
4771378,2025-10-08,66.05132754621683,24,24
4771378,2025-10-12,97.8298316028383,24,24
4771378,2025-10-16,116.35050052360253,24,24
4771378,2025-10-20,155.74687966314173,21,21
4771378,2025-10-24,128.76036921783728,24,24
4771378,2025-10-28,306.2814836177876,24,24
4771378,2025-11-01,243.4913656455499,24,24
4771378,2025-11-05,273.440047658385,23,23
4771378,2025-11-09,215.7411708403222,24,24
4771378,2025-11-13,288.1315147123475,23,23
4771378,2025-11-17,204.06799549303557,19,19
4771378,2025-11-25,321.212888929579,24,24
4771378,2025-11-29,160.53323122342428,20,20
4771378,2025-12-03,246.41894106864927,24,24
4771378,2025-12-07,287.5064946254094,24,24
4771378,2025-12-11,293.6747218661838,24,24
4771378,2025-12-15,286.0572027361888,24,24
4771378,2025-12-19,228.92474202050104,24,24
4771378,2025-12-23,71.78025041822404,15,15
4771378,2025-12-27,212.00478473239477,24,24
4771378,2025-12-31,117.59375229948056,23,23
4804767,2025-06-22,27.685764513153963,23,23
4804767,2025-06-26,43.88488442809493,9,9
4804767,2025-06-30,24.79867345422938,23,23
4804767,2025-07-08,27.13140358045848,24,24
4804767,2025-07-12,18.7494263282189,13,13
4804767,2025-07-20,25.059475008646647,5,5
4804767,2025-07-24,19.74332055648168,24,24
4804767,2025-07-28,25.29712148507436,24,24
4804767,2025-08-01,22.618403205064812,24,24
4804767,2025-08-09,18.693324665228527,24,24
4804767,2025-08-13,24.308669897040932,24,24
4804767,2025-08-17,21.767552206795834,23,23
4804767,2025-08-29,30.881135364373524,16,16
4804767,2025-09-02,24.22005436817805,24,24
4804767,2025-09-06,27.331961616637212,21,21
4804767,2025-09-10,18.149740252643824,24,24
4804767,2025-09-14,12.383817714121607,24,24
4804767,2025-09-18,22.293989598751068,12,12
4804767,2025-09-22,19.41625935236613,11,11
4804767,2025-09-26,25.71305034171652,24,24
4804767,2025-09-30,61.34442929940593,21,21
4804767,2025-10-04,30.44360510864643,11,11
4804767,2025-10-08,38.00083260313229,24,24
4804767,2025-10-12,35.98894675131198,24,24
4804767,2025-10-16,53.81478284585356,11,11
4804767,2025-10-28,64.15511113726903,14,14
4804767,2025-11-01,116.86217830092819,24,24
4804767,2025-11-05,57.97111593467603,23,23
4804767,2025-11-09,37.30434024474687,24,24
4804767,2025-11-13,71.89650189358255,23,23
4804767,2025-11-17,86.31104734883164,22,22
4804767,2025-11-21,120.77418058183459,24,24
4804767,2025-11-25,83.16619562543585,23,23
4804767,2025-11-29,77.58796527650621,24,24
4804767,2025-12-03,67.35490159811796,24,24
4804767,2025-12-07,93.45943048265245,24,24
4804767,2025-12-11,66.31998726212316,16,16
4804767,2025-12-15,108.84620633293883,24,24
4804767,2025-12-19,109.6549982574251,24,24
4804767,2025-12-23,80.09936117066277,24,24
4804767,2025-12-27,104.27248846513254,24,24
4804767,2025-12-31,47.575029689735835,24,24
2406,2025-01-01,21.958333333333332,24,24
2406,2025-01-05,17.041666666666668,24,24
2406,2025-01-09,13.916666666666666,24,24
2406,2025-01-13,13.916666666666666,24,24
2406,2025-01-17,18.375,24,24
2406,2025-01-21,16.541666666666668,24,24
2406,2025-01-25,17.375,24,24
2406,2025-01-29,14.625,24,24
2406,2025-02-02,14.125,24,24
2406,2025-02-06,13.75,24,24
2406,2025-02-10,13.916666666666666,24,24
2406,2025-02-14,13.833333333333334,24,24
2406,2025-02-18,13.75,24,24
2406,2025-02-22,16.291666666666668,24,24
2406,2025-03-06,15.130434782608695,23,23
2406,2025-03-10,15.625,24,24
2406,2025-03-14,17.625,24,24
2406,2025-03-18,16.541666666666668,24,24
2406,2025-03-22,16.083333333333332,24,24
2406,2025-03-26,17.041666666666668,24,24
2406,2025-03-30,14.166666666666666,24,24
2406,2025-04-03,19.0,24,24
2406,2025-04-07,15.0,24,24
2406,2025-04-11,14.583333333333334,24,24
2406,2025-04-15,15.166666666666666,24,24
2406,2025-04-19,17.875,24,24
2406,2025-04-23,17.6,5,5
2406,2025-04-27,18.041666666666668,24,24
2406,2025-05-01,20.083333333333332,24,24
2406,2025-05-05,16.708333333333332,24,24
2406,2025-05-09,17.8,5,5
2406,2025-05-13,15.375,24,24
2406,2025-05-17,16.666666666666668,24,24
2406,2025-05-21,16.625,24,24
2406,2025-05-25,16.333333333333332,24,24
2406,2025-05-29,20.583333333333332,24,24
2406,2025-06-02,20.416666666666668,24,24
2406,2025-06-06,25.0,24,24
2406,2025-06-10,16.666666666666668,24,24
2406,2025-06-14,14.208333333333334,24,24
2406,2025-06-18,17.5,24,24
2406,2025-06-22,16.25,4,4
2406,2025-06-26,17.041666666666668,24,24
2406,2025-07-04,18.166666666666668,24,24
2406,2025-07-08,15.789473684210526,19,19
2406,2025-07-12,19.208333333333332,24,24
2406,2025-07-16,17.583333333333332,24,24
2406,2025-07-20,17.666666666666668,24,24
2406,2025-07-24,18.208333333333332,24,24
2406,2025-07-28,20.833333333333332,24,24
2406,2025-08-01,16.708333333333332,24,24
2406,2025-08-05,15.0,24,24
2406,2025-08-09,17.375,24,24
2406,2025-08-13,17.75,24,24
2406,2025-08-17,14.041666666666666,24,24
2406,2025-08-21,17.458333333333332,24,24
2406,2025-08-25,16.416666666666668,24,24
2406,2025-08-29,16.625,24,24
2406,2025-09-02,20.041666666666668,24,24
2406,2025-09-06,18.625,24,24
2406,2025-09-10,17.708333333333332,24,24
2406,2025-09-14,18.416666666666668,24,24
2406,2025-09-18,20.291666666666668,24,24
2406,2025-09-22,14.083333333333334,24,24
2406,2025-09-26,17.166666666666668,24,24
2406,2025-09-30,17.958333333333332,24,24
2406,2025-10-04,17.125,24,24
2406,2025-10-08,14.583333333333334,24,24
2406,2025-10-12,19.833333333333332,24,24
2406,2025-10-16,19.708333333333332,24,24
2406,2025-10-20,15.75,24,24
2406,2025-10-28,15.11111111111111,9,9
2406,2025-11-01,16.166666666666668,24,24
2406,2025-11-05,16.916666666666668,24,24
2406,2025-11-09,15.166666666666666,24,24
2406,2025-11-13,15.291666666666666,24,24
2406,2025-11-17,15.625,24,24
2406,2025-11-21,13.875,24,24
2406,2025-11-25,16.25,24,24
2406,2025-11-29,15.083333333333334,24,24
2406,2025-12-03,15.333333333333334,24,24
2406,2025-12-07,17.25,24,24
2406,2025-12-11,14.875,24,24
2406,2025-12-15,13.958333333333334,24,24
2406,2025-12-19,19.125,24,24
2406,2025-12-23,15.041666666666666,24,24
2406,2025-12-27,16.25,24,24
2406,2025-12-31,20.5,24,24
4797657,2025-06-22,23.50679487179487,78,78
4797657,2025-06-26,15.211142857142857,35,35
4797657,2025-06-30,20.98217391304348,23,23
4797657,2025-07-04,9.326458333333333,48,48
4797657,2025-07-08,7.583684210526316,38,38
4797657,2025-07-12,11.302535211267607,71,71
4797657,2025-07-16,7.446666666666667,66,66
4797657,2025-07-20,13.65,61,61
4797657,2025-07-24,6.026619718309859,71,71
4797657,2025-07-28,17.453636363636363,66,66
4797657,2025-08-01,18.188395061728396,81,81
4797657,2025-08-05,30.680133333333337,75,75
4797657,2025-08-09,9.402702702702703,74,74
4797657,2025-08-13,23.70358024691358,81,81
4797657,2025-08-17,9.997605633802818,71,71
4797657,2025-08-21,10.114533333333334,75,75
4797657,2025-08-25,19.55490566037736,53,53
4797657,2025-08-29,16.859032258064516,62,62
4797657,2025-09-02,9.631692307692306,65,65
4797657,2025-09-06,13.344202898550725,69,69
4797657,2025-09-10,15.661333333333333,15,15
4797657,2025-09-14,19.552666666666667,75,75
4797657,2025-09-18,17.28441176470588,68,68
4797657,2025-09-22,3.308135593220339,59,59
4797657,2025-09-26,13.588611111111112,72,72
4797657,2025-09-30,20.280166666666666,60,60
4797657,2025-10-04,14.740985915492956,71,71
4797657,2025-10-08,23.634680851063827,47,47
4797657,2025-10-12,14.404,40,40
4797657,2025-10-16,15.818970588235295,68,68
4797657,2025-10-20,13.944878048780488,41,41
4797657,2025-10-24,6.1223809523809525,21,21
4797657,2025-10-28,18.06245283018868,53,53
4797657,2025-11-01,6.028701298701298,77,77
4797657,2025-11-05,8.591728395061727,81,81
4797657,2025-11-09,7.133846153846155,78,78
4797657,2025-11-13,27.028378378378378,37,37
4797657,2025-11-17,14.319264705882354,68,68
4797657,2025-11-21,9.184426229508198,61,61
4797657,2025-11-25,13.953225806451613,62,62
4797657,2025-11-29,12.80967213114754,61,61
4797657,2025-12-03,15.822571428571427,70,70
4797657,2025-12-07,10.167333333333334,45,45
4797657,2025-12-11,13.236333333333333,60,60
4797657,2025-12-15,17.168809523809525,42,42
4797657,2025-12-19,21.50645833333333,48,48
4797657,2025-12-23,7.782884615384615,52,52
4797657,2025-12-27,18.748148148148147,54,54
4797657,2025-12-31,21.12676923076923,65,65
4797645,2025-06-22,25.759102564102566,78,78
4797645,2025-06-26,11.305151515151515,33,33
4797645,2025-06-30,18.306521739130435,23,23
4797645,2025-07-04,8.464583333333334,48,48
4797645,2025-07-08,5.441621621621621,37,37
4797645,2025-07-12,9.604861111111111,72,72
4797645,2025-07-16,5.186060606060606,66,66
4797645,2025-07-20,14.00359375,64,64
4797645,2025-07-24,5.699718309859155,71,71
4797645,2025-07-28,14.667538461538461,65,65
4797645,2025-08-01,15.551851851851852,81,81
4797645,2025-08-05,30.02066666666667,75,75
4797645,2025-08-09,8.153648648648648,74,74
4797645,2025-08-13,22.23225,80,80
4797645,2025-08-17,12.57450704225352,71,71
4797645,2025-08-21,10.063108108108107,74,74
4797645,2025-08-25,18.235849056603772,53,53
4797645,2025-08-29,16.151803278688526,61,61
4797645,2025-09-02,7.985909090909091,66,66
4797645,2025-09-06,16.501884057971015,69,69
4797645,2025-09-10,16.466666666666665,15,15
4797645,2025-09-14,22.246216216216215,74,74
4797645,2025-09-18,18.42411764705882,68,68
4797645,2025-09-22,3.2586206896551726,58,58
4797645,2025-09-26,13.067638888888888,72,72
4797645,2025-09-30,21.72508474576271,59,59
4797645,2025-10-04,14.196376811594204,69,69
4797645,2025-10-08,23.690408163265303,49,49
4797645,2025-10-12,15.16076923076923,39,39
4797645,2025-10-16,17.20558823529412,68,68
4797645,2025-10-20,15.995952380952382,42,42
4797645,2025-10-24,9.775416666666667,24,24
4797645,2025-10-28,17.901153846153846,52,52
4797645,2025-11-01,8.588831168831168,77,77
4797645,2025-11-05,11.924814814814814,81,81
4797645,2025-11-09,6.655769230769231,78,78
4797645,2025-11-13,24.7225,36,36
4797645,2025-11-17,14.91294117647059,68,68
4797645,2025-11-21,12.099180327868853,61,61
4797645,2025-11-25,13.471290322580646,62,62
4797645,2025-11-29,15.641129032258064,62,62
4797645,2025-12-03,15.66720588235294,68,68
4797645,2025-12-07,10.798095238095238,42,42
4797645,2025-12-11,17.815409836065573,61,61
4797645,2025-12-15,18.761904761904763,42,42
4797645,2025-12-19,20.54854166666667,48,48
4797645,2025-12-23,9.846730769230769,52,52
4797645,2025-12-27,20.5025,56,56
4797645,2025-12-31,22.838615384615384,65,65
4608419,2025-06-14,23.40848753452301,10,10
4608419,2025-06-18,58.063675271140205,24,24
4608419,2025-06-30,47.58514295305525,1,1
4608419,2025-07-04,65.3417098124822,24,24
4608419,2025-07-08,50.06324305799273,24,24
4608419,2025-07-12,49.81634305318197,10,10
4608419,2025-07-24,50.5034648763153,7,7
4608419,2025-07-28,58.39603473080529,24,24
4608419,2025-08-05,32.69911113933281,9,9
4608419,2025-08-09,40.11801903777653,24,24
4608419,2025-08-13,65.04794062508476,24,24
4608419,2025-08-17,53.01753635870086,24,24
4608419,2025-08-21,49.07981897724999,24,24
4608419,2025-08-25,28.305062504278286,24,24
4608419,2025-08-29,50.94365635183123,24,24
4608419,2025-09-02,32.61041252149476,24,24
4608419,2025-09-06,44.51536295811335,24,24
4608419,2025-09-10,44.65473962492413,24,24
4608419,2025-09-14,61.260630183749726,24,24
4608419,2025-09-18,46.036820564005104,24,24
4608419,2025-09-22,64.40613332059648,24,24
4608419,2025-09-26,61.56421065231165,24,24
4608419,2025-09-30,89.26700301147312,23,23
4608419,2025-10-04,49.96359122548127,23,23
4608419,2025-10-08,56.7199011100663,24,24
4608419,2025-10-12,62.3426770263248,24,24
4608419,2025-10-16,88.79947224722969,24,24
4608419,2025-10-20,133.1442242337856,21,21
4608419,2025-10-24,90.64456249872843,24,24
4608419,2025-10-28,136.782281865897,24,24
4608419,2025-11-01,143.2678159210417,24,24
4608419,2025-11-05,80.15457969333815,23,23
4608419,2025-11-09,92.14451043340894,24,24
4608419,2025-11-13,138.1061594645182,23,23
4608419,2025-11-17,194.0940513745703,22,22
4608419,2025-11-21,186.51499462392596,24,24
4608419,2025-11-25,155.69603126049043,24,24
4608419,2025-11-29,150.73148960625684,24,24
4608419,2025-12-03,145.3510087781482,24,24
4608419,2025-12-07,152.2004026412964,24,24
4608419,2025-12-11,157.1694670120875,24,24
4608419,2025-12-15,252.07809063593547,24,24
4608419,2025-12-23,52.63541273982014,19,19
4554236,2025-05-29,17.711252078031883,13,13
4554236,2025-06-02,21.58678648372491,8,8
4554236,2025-06-06,42.433566000726486,24,24
4554236,2025-06-10,34.91248790091938,24,24
4554236,2025-06-14,38.631548696094086,6,6
4554236,2025-06-18,44.07494265503354,24,24
4554236,2025-06-22,31.862284300983816,23,23
4554236,2025-06-26,36.90532227357229,24,24
4554236,2025-06-30,38.87693750858307,24,24
4554236,2025-07-04,53.085659521998785,24,24
4554236,2025-07-08,39.390888856516945,24,24
4554236,2025-07-12,34.432895772986946,24,24
4554236,2025-07-16,24.727339763608242,24,24
4554236,2025-07-20,51.52116797626882,23,23
4554236,2025-07-24,25.662946114937466,24,24
4554236,2025-07-28,56.58522884532658,24,24
4554236,2025-08-01,38.90762493345473,24,24
4554236,2025-08-05,38.78761510716544,24,24
4554236,2025-08-09,46.81382223632601,24,24
4554236,2025-08-13,44.88324900815669,15,15
4554236,2025-08-17,40.56530040088627,24,24
4554236,2025-08-21,27.284442683060963,24,24
4554236,2025-08-25,20.27329520256414,24,24
4554236,2025-08-29,36.786924905247155,24,24
4554236,2025-09-02,17.03182529658079,24,24
4554236,2025-09-06,28.87776329782274,24,24
4554236,2025-09-10,38.39682865142822,24,24
4554236,2025-09-14,50.2169601254993,24,24
4554236,2025-09-18,35.56432794515418,24,24
4554236,2025-09-22,45.98376548731769,24,24
4554236,2025-09-26,37.90218432284766,24,24
4554236,2025-09-30,45.99892538221936,23,23
4554236,2025-10-04,51.28759301042788,23,23
4554236,2025-10-08,35.643910819512826,24,24
4554236,2025-10-12,48.2539837748916,24,24
4554236,2025-10-16,76.59813952534287,24,24
4554236,2025-10-20,69.40028370182465,21,21
4554236,2025-10-24,57.62938515774484,21,21
4554236,2025-10-28,80.55934742136034,24,24
4554236,2025-11-01,94.36668773026578,24,24
4554236,2025-11-05,73.56040460706333,23,23
4554236,2025-11-09,89.27002319053368,24,24
4554236,2025-11-13,138.13873366956358,6,6
4554236,2025-11-17,145.8063974302553,22,22
4554236,2025-11-21,152.6301477316333,24,24
4554236,2025-11-25,151.33209789072222,24,24
4554236,2025-11-29,172.62149211934923,24,24
4554236,2025-12-03,209.26886272253816,24,24
4554236,2025-12-07,152.0182203872383,24,24
4554236,2025-12-11,250.9616741288792,24,24
4554236,2025-12-15,204.70530336550723,24,24
4554236,2025-12-19,259.99837020591457,24,24
4554236,2025-12-23,74.05081489571819,24,24
4554236,2025-12-27,186.3911122975526,24,24
4554236,2025-12-31,226.5047485745716,24,24
69,2025-01-01,18.375,24,24
69,2025-01-05,17.666666666666668,24,24
69,2025-01-09,16.458333333333332,24,24
69,2025-01-13,15.958333333333334,24,24
69,2025-01-17,15.954545454545455,22,22
69,2025-01-21,14.666666666666666,24,24
69,2025-01-25,15.416666666666666,24,24
69,2025-01-29,19.375,24,24
69,2025-02-02,15.25,24,24
69,2025-02-06,15.291666666666666,24,24
69,2025-02-10,21.916666666666668,24,24
69,2025-02-14,17.541666666666668,24,24
69,2025-02-18,23.875,24,24
69,2025-02-22,14.458333333333334,24,24
69,2025-02-26,18.0,10,10
69,2025-03-02,13.958333333333334,24,24
69,2025-03-06,12.708333333333334,24,24
69,2025-03-10,15.125,24,24
69,2025-03-14,20.041666666666668,24,24
69,2025-03-18,17.375,24,24
69,2025-03-22,13.875,8,8
69,2025-03-26,29.625,24,24
69,2025-03-30,13.5,24,24
69,2025-04-03,17.041666666666668,24,24
69,2025-04-07,20.208333333333332,24,24
69,2025-04-11,18.0,24,24
69,2025-04-15,17.291666666666668,24,24
69,2025-04-19,22.333333333333332,15,15
69,2025-04-23,13.083333333333334,24,24
69,2025-04-27,26.583333333333332,24,24
69,2025-05-01,19.791666666666668,24,24
69,2025-05-05,27.416666666666668,24,24
69,2025-05-09,15.458333333333334,24,24
69,2025-05-13,36.041666666666664,24,24
69,2025-05-17,15.291666666666666,24,24
69,2025-05-21,41.666666666666664,24,24
69,2025-05-25,35.541666666666664,24,24
69,2025-05-29,41.041666666666664,24,24
69,2025-06-02,60.25,24,24
69,2025-06-06,40.833333333333336,24,24
69,2025-06-10,54.125,24,24
69,2025-06-14,26.714285714285715,21,21
69,2025-06-18,35.45,20,20
69,2025-06-22,20.791666666666668,24,24
69,2025-06-26,35.416666666666664,24,24
69,2025-06-30,31.666666666666668,24,24
69,2025-07-04,55.791666666666664,24,24
69,2025-07-08,28.166666666666668,24,24
69,2025-07-12,32.875,24,24
69,2025-07-16,31.416666666666668,24,24
69,2025-07-20,41.75,24,24
69,2025-07-24,23.083333333333332,24,24
69,2025-07-28,14.625,24,24
69,2025-08-01,14.583333333333334,24,24
69,2025-08-05,44.083333333333336,24,24
69,2025-08-09,24.375,24,24
69,2025-08-13,29.0,24,24
69,2025-08-17,28.791666666666668,24,24
69,2025-08-21,13.541666666666666,24,24
69,2025-08-25,31.75,24,24
69,2025-08-29,24.083333333333332,24,24
69,2025-09-02,20.5,24,24
69,2025-09-06,21.375,24,24
69,2025-09-10,16.583333333333332,24,24
69,2025-09-14,20.75,24,24
69,2025-09-18,13.916666666666666,24,24
69,2025-09-22,21.083333333333332,24,24
69,2025-09-26,14.166666666666666,24,24
69,2025-09-30,18.083333333333332,24,24
69,2025-10-04,13.333333333333334,24,24
69,2025-10-08,17.791666666666668,24,24
69,2025-10-12,17.375,24,24
69,2025-10-16,17.125,24,24
69,2025-10-20,14.416666666666666,24,24
69,2025-11-05,17.208333333333332,24,24
69,2025-11-09,17.333333333333332,24,24
69,2025-11-13,16.791666666666668,24,24
69,2025-11-17,17.666666666666668,24,24
69,2025-11-21,15.583333333333334,24,24
69,2025-11-25,17.666666666666668,24,24
69,2025-11-29,12.958333333333334,24,24
69,2025-12-03,15.083333333333334,24,24
69,2025-12-07,21.375,24,24
69,2025-12-11,14.791666666666666,24,24
69,2025-12-15,13.666666666666666,24,24
69,2025-12-19,13.208333333333334,24,24
69,2025-12-23,13.333333333333334,24,24
69,2025-12-27,14.083333333333334,24,24
69,2025-12-31,15.375,24,24
3591612,2025-03-06,61.73103618621826,21,21
3591612,2025-03-10,11.628177077444787,24,24
3591612,2025-03-14,47.948519150416054,24,24
3591612,2025-03-18,7.439157457061516,24,24
3591612,2025-03-22,80.688460138109,24,24
3591612,2025-03-26,143.48685235447354,24,24
3591612,2025-03-30,12.957933427765965,24,24
3591612,2025-04-03,26.816263332135147,24,24
3591612,2025-04-07,56.15366778108808,24,24
3591612,2025-04-11,31.096645772457123,24,24
3591612,2025-04-15,31.349503213106985,24,24
3591612,2025-04-19,31.462639514846032,24,24
3591612,2025-04-23,53.65510894541155,19,19
3591612,2025-04-27,33.421285880936516,24,24
3591612,2025-05-01,42.057473077918544,24,24
3591612,2025-05-05,16.31824596065821,24,24
3591612,2025-05-09,16.599073030799627,24,24
3591612,2025-05-13,7.809909698605124,24,24
3591612,2025-05-17,6.73255209159106,24,24
3591612,2025-05-21,9.196260455866447,24,24
3591612,2025-05-25,2.551175343674711,24,24
3591612,2025-05-29,2.4494999929124286,24,24
3591612,2025-06-02,5.9347043842786835,7,7
3591612,2025-06-06,12.045840789761506,24,24
3591612,2025-06-10,8.59017259817467,24,24
3591612,2025-06-14,4.623145826186778,24,24
3591612,2025-06-18,3.7685051997994177,24,24
3591612,2025-06-22,2.105360499866631,23,23
3591612,2025-06-26,5.434294415187712,20,20
3591612,2025-06-30,5.946763887458171,24,24
3591612,2025-07-04,10.144611108543662,24,24
3591612,2025-07-08,3.9428524146787822,24,24
3591612,2025-07-12,10.876215256918739,24,24
3591612,2025-07-16,5.177122671118316,24,24
3591612,2025-07-20,5.2057708476463125,24,24
3591612,2025-07-24,7.115835058218281,24,24
3591612,2025-07-28,8.74267646600845,24,24
3591612,2025-08-01,10.923702541945708,24,24
3591612,2025-08-05,18.036112857361633,24,24
3591612,2025-08-09,6.167917801054298,24,24
3591612,2025-08-13,2.916331597332222,24,24
3591612,2025-08-17,6.205505231518246,24,24
3591612,2025-08-21,7.0142725884733315,24,24
3591612,2025-08-25,7.871300951577723,24,24
3591612,2025-08-29,5.790589704876766,24,24
3591612,2025-09-02,4.474873241347571,24,24
3591612,2025-09-06,2.859911453910172,24,24
3591612,2025-09-10,6.831384301715944,24,24
3591612,2025-09-14,3.2442320131807296,24,24
3591612,2025-09-18,4.282987296640904,24,24
3591612,2025-10-04,16.97051446420559,23,23
3591612,2025-10-08,9.493840791869466,24,24
3591612,2025-10-12,1.5402097954759328,24,24
3591612,2025-10-16,8.01803182882981,24,24
3591612,2025-10-20,13.373690129912218,21,21
3591612,2025-10-24,4.763340271510943,24,24
3591612,2025-10-28,7.323290186399368,24,24
3591612,2025-12-11,17.942798577476708,24,24
3591612,2025-12-15,11.425465828380375,24,24
3591612,2025-12-19,17.521707760109738,24,24
3591612,2025-12-23,11.77209723584302,24,24
3591612,2025-12-27,6.232276030926517,24,24
3591612,2025-12-31,19.249958339635878,23,23
4797640,2025-06-22,27.94328947368421,76,76
4797640,2025-06-26,15.611470588235292,34,34
4797640,2025-06-30,19.727826086956522,23,23
4797640,2025-07-04,11.449148936170213,47,47
4797640,2025-07-08,8.792702702702702,37,37
4797640,2025-07-12,10.660857142857143,70,70
4797640,2025-07-16,8.14265625,64,64
4797640,2025-07-20,16.401333333333334,60,60
4797640,2025-07-24,9.372941176470588,68,68
4797640,2025-07-28,16.266363636363636,66,66
4797640,2025-08-01,17.163589743589743,78,78
4797640,2025-08-05,34.10333333333333,72,72
4797640,2025-08-09,11.050704225352113,71,71
4797640,2025-08-13,27.291538461538465,78,78
4797640,2025-08-17,13.191470588235294,68,68
4797640,2025-08-21,16.43652777777778,72,72
4797640,2025-08-25,23.158039215686273,51,51
4797640,2025-08-29,21.059166666666666,60,60
4797640,2025-09-02,10.9640625,64,64
4797640,2025-09-06,18.015074626865673,67,67
4797640,2025-09-10,16.681333333333335,15,15
4797640,2025-09-14,24.08821917808219,73,73
4797640,2025-09-18,27.06893939393939,66,66
4797640,2025-09-22,1.8301785714285714,56,56
4797640,2025-09-26,18.18985507246377,69,69
4797640,2025-09-30,27.563508771929822,57,57
4797640,2025-10-04,16.12594202898551,69,69
4797640,2025-10-08,29.455416666666665,48,48
4797640,2025-10-12,17.44025641025641,39,39
4797640,2025-10-16,22.080597014925374,67,67
4797640,2025-10-20,20.334,40,40
4797640,2025-10-24,11.822380952380954,21,21
4797640,2025-10-28,25.523333333333333,51,51
4797640,2025-11-01,22.021973684210526,76,76
4797640,2025-11-05,16.951153846153847,78,78
4797640,2025-11-09,8.854605263157895,76,76
4797640,2025-11-13,29.12514285714286,35,35
4797640,2025-11-17,19.478939393939392,66,66
4797640,2025-11-21,13.440169491525424,59,59
4797640,2025-11-25,21.51593220338983,59,59
4797640,2025-11-29,20.19101694915254,59,59
4797640,2025-12-03,21.992121212121212,66,66
4797640,2025-12-07,15.15177777777778,45,45
4797640,2025-12-11,18.716610169491524,59,59
4797640,2025-12-15,25.991395348837212,43,43
4797640,2025-12-19,26.341458333333335,48,48
4797640,2025-12-23,12.4318,50,50
4797640,2025-12-27,23.63603448275862,58,58
4797640,2025-12-31,35.80612903225806,62,62
2960671,2025-01-01,19.917407407407406,81,81
2960671,2025-01-05,49.19269841269841,63,63
2960671,2025-01-09,57.47264150943396,53,53
2960671,2025-01-13,49.31333333333333,6,6
2960671,2025-01-17,55.755102040816325,49,49
2960671,2025-01-21,22.503214285714286,56,56
2960671,2025-01-25,62.2525,48,48
2960671,2025-01-29,55.651636363636364,55,55
2960671,2025-02-02,56.16636363636364,44,44
2960671,2025-02-06,29.547894736842103,38,38
2960671,2025-02-10,33.279333333333334,60,60
2960671,2025-02-14,57.51899999999999,80,80
2960671,2025-02-18,35.76114285714285,70,70
2960671,2025-02-22,25.61462962962963,54,54
2960671,2025-02-26,19.378333333333334,48,48
2960671,2025-03-02,20.9025,68,68
2960671,2025-03-06,26.37764705882353,51,51
2960671,2025-03-10,34.44489361702128,47,47
2960671,2025-03-14,33.610338983050845,59,59
2960671,2025-03-18,30.37372881355932,59,59
2960671,2025-03-22,8.540454545454544,66,66
2960671,2025-03-26,13.484310344827588,58,58
2960671,2025-03-30,23.30633333333333,60,60
2960671,2025-04-03,6.8990909090909085,55,55
2960671,2025-04-07,12.361186440677965,59,59
2960671,2025-04-11,10.29486111111111,72,72
2960671,2025-04-15,15.608307692307692,65,65
2960671,2025-04-19,12.101136363636364,44,44
2960671,2025-04-23,13.65,48,48
2960671,2025-04-27,9.842203389830509,59,59
2960671,2025-05-01,20.281142857142857,35,35
2960671,2025-05-05,9.679387755102042,49,49
2960671,2025-05-09,9.5268,50,50
2960671,2025-05-13,14.464594594594596,37,37
2960671,2025-05-17,9.250980392156864,51,51
2960671,2025-05-21,9.933333333333334,15,15
2960671,2025-05-25,10.942368421052631,38,38
2960671,2025-05-29,11.661041666666668,48,48
2960671,2025-06-02,11.771923076923077,26,26
4792428,2025-06-22,28.848481268122576,23,23
4792428,2025-06-26,25.304492274920147,12,12
4792428,2025-06-30,14.005222780009111,24,24
4792428,2025-07-04,23.371604498227438,24,24
4792428,2025-07-08,13.136876366881356,23,23
4792428,2025-07-12,28.210783391528658,15,15
4792428,2025-07-20,8.788585439442642,24,24
4792428,2025-07-24,17.464446825449826,23,23
4792428,2025-08-01,25.563059013750816,24,24
4792428,2025-08-05,12.176431377965306,24,24
4792428,2025-08-09,18.97025692462921,24,24
4792428,2025-08-13,17.952689401874114,23,23
4792428,2025-08-17,31.55807449420293,24,24
4792428,2025-08-21,45.93536171648237,24,24
4792428,2025-08-25,38.340603202581406,16,16
4792428,2025-08-29,55.80827138821284,24,24
4792428,2025-09-02,43.981215580649994,23,23
4792428,2025-09-06,30.680593568086625,24,24
4792428,2025-09-10,36.21058783707795,9,9
4792428,2025-09-14,20.205445346732933,16,16
4792428,2025-09-18,23.51904141790036,16,16
4792428,2025-09-22,36.06850184996923,8,8
4792428,2025-09-26,43.494420155551694,24,24
4792428,2025-10-04,57.176943188673484,22,22
4792428,2025-10-08,67.33495589108858,23,23
4792428,2025-10-12,51.563556077965984,24,24
4792428,2025-10-16,67.5546018452556,24,24
4792428,2025-10-20,124.25041691154857,21,21
4792428,2025-10-24,72.12159875574831,13,13
4792428,2025-10-28,157.84340111502894,24,24
4792428,2025-11-01,154.54421063953816,24,24
4792428,2025-11-05,275.81759181340533,20,20
4792428,2025-11-09,170.60879063332527,23,23
4792428,2025-11-13,195.6494354091405,23,23
4792428,2025-11-17,145.66443119423064,17,17
4792428,2025-11-25,232.84169144630434,16,16
4792428,2025-11-29,170.23986454312762,14,14
4792428,2025-12-03,199.30092234293622,9,9
4792428,2025-12-11,220.62207513173422,4,4
4792428,2025-12-19,186.73871186161455,7,7
4792428,2025-12-23,195.92561794916787,24,24
4792428,2025-12-27,238.13094774881998,24,24
4792428,2025-12-31,226.7466593638815,24,24
3612965,2025-03-10,43.29197207424375,24,24
3612965,2025-03-18,54.932017811139424,8,8
3612965,2025-03-22,98.49420910411412,24,24
3612965,2025-03-26,138.63534755176968,24,24
3612965,2025-03-30,45.58339410358005,24,24
3612965,2025-04-03,90.13358671135371,24,24
3612965,2025-04-07,44.408490366405914,24,24
3612965,2025-04-11,44.58078014489376,11,11
3612965,2025-04-15,18.49568231966502,24,24
3612965,2025-04-19,39.161363979180656,24,24
3612965,2025-04-23,42.37596528618424,18,18
3612965,2025-04-27,46.29421273867289,24,24
3612965,2025-05-01,27.284453116357327,24,24
3612965,2025-05-05,39.997246164745754,24,24
3612965,2025-05-09,31.106432911278542,23,23
3612965,2025-05-13,24.34526729252603,24,24
3612965,2025-05-17,12.064226199140423,24,24
3612965,2025-05-21,17.032491300668983,24,24
3612965,2025-05-25,7.7812054337571475,24,24
3612965,2025-05-29,7.412454849548845,24,24
3612965,2025-06-02,4.886303529098984,7,7
3612965,2025-06-06,16.87102775279588,24,24
3612965,2025-06-10,20.684979197051792,24,24
3612965,2025-06-14,4.355843162513338,24,24
3612965,2025-06-18,6.275456583411951,24,24
3612965,2025-06-22,8.851903965372754,23,23
3612965,2025-06-26,4.203274887908871,24,24
3612965,2025-06-30,11.966750919442587,24,24
3612965,2025-07-04,3.260445308509386,24,24
3612965,2025-07-08,9.926085825665472,24,24
3612965,2025-07-12,4.588206609038429,24,24
3612965,2025-08-01,9.576129380087641,17,17
3612965,2025-08-05,8.616300919933968,24,24
3612965,2025-08-09,4.079368671487001,12,12
3612965,2025-08-17,7.207320015463565,24,24
3612965,2025-08-21,10.853412036473552,24,24
3612965,2025-08-25,4.427472809122668,24,24
3612965,2025-08-29,8.495016848461495,24,24
3612965,2025-09-02,9.61842070118938,24,24
3612965,2025-09-06,12.522478803474868,21,21
3612965,2025-09-10,5.031375565669603,24,24
3612965,2025-09-14,10.627016156549669,24,24
3612965,2025-09-18,3.6283816468537906,24,24
3612965,2025-10-04,12.262175808231468,23,23
3612965,2025-10-08,12.92963428919514,24,24
3612965,2025-10-12,17.677245948049755,24,24
3612965,2025-10-16,9.157454892100455,24,24
3612965,2025-10-20,19.636912037455847,21,21
3612965,2025-10-24,7.660848944464319,24,24
3612965,2025-10-28,18.136771564259938,24,24
3612965,2025-11-01,11.570419598456162,24,24
3612965,2025-11-05,14.680510879240499,23,23
3612965,2025-11-09,10.589269111057122,24,24
3612965,2025-11-13,20.33495108221752,23,23
3612965,2025-11-17,25.74778027967973,22,22
3612965,2025-11-21,29.82424073722386,24,24
3612965,2025-11-25,38.45160708868945,24,24
3612965,2025-11-29,43.11426531818177,24,24
3612965,2025-12-03,40.75740160633016,24,24
3612965,2025-12-07,36.14002084136009,24,24
3612965,2025-12-11,48.35577084620794,24,24
3612965,2025-12-15,22.293288196457755,24,24
3612965,2025-12-19,34.739903340295506,24,24
3612965,2025-12-23,32.128929443712586,24,24
3612965,2025-12-27,36.57488022777769,24,24
3612965,2025-12-31,48.36818526724111,23,23
3624655,2025-03-10,3.63381076293687,24,24
3624655,2025-03-14,60.86253314548068,24,24
3624655,2025-03-18,26.8619861122376,24,24
3624655,2025-03-22,48.0204131603241,24,24
3624655,2025-03-26,149.37332259284125,24,24
3624655,2025-03-30,1.9619253462620287,24,24
3624655,2025-04-03,49.20865807930628,24,24
3624655,2025-04-07,26.9001810948054,24,24
3624655,2025-04-11,50.76913015047709,24,24
3624655,2025-04-15,8.768439257077665,24,24
3624655,2025-04-19,34.25577245035557,24,24
3624655,2025-04-23,51.52253727780448,24,24
3624655,2025-04-27,38.50408505731159,24,24
3624655,2025-05-01,26.2577501071824,24,24
3624655,2025-05-05,40.32255330350664,24,24
3624655,2025-05-09,16.320737896694077,24,24
3624655,2025-05-13,18.73641839540667,24,24
3624655,2025-05-17,7.32283676626523,24,24
3624655,2025-05-21,17.88105875603629,24,24
3624655,2025-05-25,0.008230902849593097,24,24
3624655,2025-05-29,6.469204871139179,24,24
3624655,2025-06-02,5.153577361078489,7,7
3624655,2025-06-06,28.002257002724544,24,24
3624655,2025-06-10,5.056990164965909,24,24
3624655,2025-06-14,4.006822910263307,24,24
3624655,2025-06-18,11.09275348802718,24,24
3624655,2025-06-22,3.3978106094541447,23,23
3624655,2025-06-26,4.21839886737136,24,24
3624655,2025-06-30,4.977814232309659,24,24
3624655,2025-07-04,0.22259422379541163,24,24
3624655,2025-07-08,2.7353854005018046,24,24
3624655,2025-07-12,5.683756355752444,24,24
3624655,2025-07-16,2.0069618044783257,24,24
3624655,2025-07-20,3.6450751902435212,18,18
3624655,2025-07-24,1.4134218714639752,24,24
3624655,2025-07-28,0.4536024288196738,24,24
3624655,2025-08-01,12.417807893620598,24,24
3624655,2025-08-05,8.261969898038336,24,24
3624655,2025-08-09,4.268758674682532,24,24
3624655,2025-08-13,5.63742534977953,24,24
3624655,2025-08-17,0.1242934021089847,24,24
3624655,2025-08-21,4.848070771078623,21,21
3624655,2025-08-25,0.24498784679195118,24,24
3624655,2025-08-29,3.514663761986109,24,24
3624655,2025-09-02,0.3350156261585653,24,24
3624655,2025-09-06,4.323638894996192,24,24
3624655,2025-09-10,0.7725653942519178,24,24
3624655,2025-09-14,6.617382507538423,24,24
3624655,2025-09-18,0.17685127219495675,24,24
3624655,2025-09-22,0.8431351569315391,24,24
3624655,2025-09-26,0.48250189053854253,22,22
3624655,2025-09-30,0.1761859913856007,23,23
3624655,2025-10-04,2.8236085761421914,23,23
3624655,2025-10-08,1.7889258143094586,24,24
3624655,2025-10-12,4.70937036393055,24,24
3624655,2025-10-16,0.8616921302099297,24,24
3624655,2025-10-20,25.317335280161057,21,21
3624655,2025-10-28,5.9977734541999075,16,16
3624655,2025-11-01,0.20528787908023569,24,24
3624655,2025-11-05,0.004737318903747676,23,23
3714643,2025-03-18,48.242085655530296,24,24
3714643,2025-03-22,103.59543214903937,24,24
3714643,2025-03-26,105.57538644472758,24,24
3714643,2025-03-30,35.774829775094986,24,24
3714643,2025-04-03,69.98814800050523,24,24
3714643,2025-04-07,59.302836325433525,24,24
3714643,2025-04-11,30.347666756974323,24,24
3714643,2025-04-15,42.392690963215294,24,24
3714643,2025-04-19,31.114427043331997,24,24
3714643,2025-04-23,44.79919650544336,14,14
3714643,2025-04-27,37.30693067444695,24,24
3714643,2025-05-01,45.314323810615925,24,24
3714643,2025-05-05,16.907942762753617,16,16
3714643,2025-05-09,31.09870943758223,24,24
3714643,2025-05-13,4.479559608282417,24,24
3714643,2025-05-17,17.247009856548782,24,24
3714643,2025-05-21,19.83501216976179,24,24
3714643,2025-07-20,7.125107633363869,24,24
3714643,2025-07-24,4.199509736080654,24,24
3714643,2025-07-28,4.306038700740799,24,24
3714643,2025-08-01,15.351807913658293,24,24
3714643,2025-08-05,8.017517938382095,24,24
3714643,2025-08-09,16.054726861831217,24,24
3714643,2025-08-13,8.970342965232152,24,24
3714643,2025-08-17,1.6597071720882217,24,24
3714643,2025-08-21,6.042386374972534,22,22
3714643,2025-08-25,6.32381098502842,23,23
3714643,2025-09-18,2.69531365476885,24,24
3714643,2025-09-22,3.502398731587972,24,24
3714643,2025-09-26,1.112548611062165,24,24
3714643,2025-09-30,0.9294462495523951,23,23
3714643,2025-10-04,9.806507243383406,23,23
3714643,2025-10-08,11.207783520635632,24,24
3714643,2025-10-12,6.419302636725155,24,24
3714643,2025-10-16,1.6819288168852735,24,24
3714643,2025-10-20,12.632258598057051,21,21
3714643,2025-10-24,3.1078038139674056,24,24
3714643,2025-10-28,2.019593754966088,24,24
3714643,2025-11-01,2.634089693311533,24,24
3714643,2025-11-05,1.9803278987255435,23,23
3714643,2025-11-09,16.246703139464888,24,24
3714643,2025-11-13,13.532384068745634,23,23
3714643,2025-11-17,0.6433314385231246,22,22
3714643,2025-11-21,3.1556267466603054,24,24
3714643,2025-11-25,8.732943344081404,24,24
3714643,2025-11-29,11.696963540578468,24,24
3714643,2025-12-03,7.5337899390090675,24,24
3714643,2025-12-07,15.74797917527871,24,24
3714643,2025-12-11,4.504555564880786,24,24
3714643,2025-12-15,6.728826382238832,24,24
3714643,2025-12-19,21.20697278511469,24,24
3714643,2025-12-23,14.156142388173826,24,24
3714643,2025-12-27,18.48690277750914,24,24
3714643,2025-12-31,68.02797832212586,23,23
4527173,2025-05-29,60.52842879295349,24,24
4527173,2025-06-02,28.87564601500829,8,8
4527173,2025-06-06,57.14773956934611,24,24
4527173,2025-06-10,29.693969600730473,24,24
4527173,2025-06-14,49.83729684352875,24,24
4527173,2025-06-18,59.67030456331042,24,24
4527173,2025-06-22,62.107128120850824,23,23
4527173,2025-06-26,47.44116495301326,24,24
4527173,2025-06-30,41.52743750810623,24,24
4527173,2025-07-04,68.06224474642012,24,24
4527173,2025-07-08,39.657359807780296,11,11
4527173,2025-07-12,67.26885114397321,7,7
4527173,2025-07-16,31.751844490015948,15,15
4527173,2025-07-24,48.5889820655187,24,24
4527173,2025-07-28,66.55991138352287,24,24
4527173,2025-08-01,37.51218400272127,24,24
4527173,2025-08-05,28.003197860386635,24,24
4527173,2025-08-09,40.40792530443933,24,24
4527173,2025-08-13,38.22559421291255,24,24
4527173,2025-08-17,48.26249826299971,23,23
4527173,2025-08-21,31.330903659264248,16,16
4527173,2025-08-25,13.734439216334268,24,24
4527173,2025-08-29,49.41904173294703,24,24
4527173,2025-09-02,7.933344321286616,24,24
4527173,2025-09-06,27.295513287186623,24,24
4527173,2025-09-10,43.83591715615205,24,24
4527173,2025-09-14,46.76059958669874,24,24
4527173,2025-09-18,51.78233410517375,24,24
4527173,2025-09-22,42.35649275267967,24,24
4527173,2025-09-26,50.6139398239277,24,24
4527173,2025-09-30,116.88509769699371,23,23
4527173,2025-10-04,117.55548854404024,23,23
4527173,2025-10-08,61.550696558101414,24,24
4527173,2025-10-12,77.82601499493275,24,24
4527173,2025-10-16,159.70853518821573,24,24
4527173,2025-10-20,200.21654570305674,21,21
4527173,2025-10-24,202.36948107260244,24,24
4527173,2025-10-28,246.17285124372552,24,24
4527173,2025-11-01,336.9315526629251,7,7
4527173,2025-11-05,91.8075041098714,23,23
4527173,2025-11-09,204.8049094941881,24,24
4527173,2025-11-13,233.143285547708,23,23
4527173,2025-11-17,260.25575776533645,22,22
4527173,2025-11-21,294.96280780721594,24,24
4527173,2025-11-25,262.18597198383577,24,24
4527173,2025-11-29,268.7575643406974,24,24
4527173,2025-12-03,315.4723159366184,24,24
4527173,2025-12-07,288.5944431234289,24,24
4527173,2025-12-11,306.45795095938223,24,24
4527173,2025-12-15,269.63373483375267,24,24
4527173,2025-12-19,296.1025345696343,24,24
4527173,2025-12-23,177.10329485999213,24,24
4527173,2025-12-27,303.9289286136627,24,24
4527173,2025-12-31,320.12268731240874,24,24
4877120,2025-06-30,33.407640436984074,24,24
4877120,2025-07-04,69.95514110724132,24,24
4877120,2025-07-08,38.886067518166136,24,24
4877120,2025-07-12,58.06242263317108,24,24
4877120,2025-07-16,58.7263990273641,23,23
4877120,2025-07-20,41.50489615702975,23,23
4877120,2025-07-24,65.63261913117908,21,21
4877120,2025-08-01,59.232777672165774,23,23
4877120,2025-08-05,29.558947996999706,17,17
4877120,2025-08-09,53.678162104288745,20,20
4877120,2025-08-13,47.496906101703644,24,24
4877120,2025-08-21,55.26490465161776,24,24
4877120,2025-08-25,53.168321334180376,24,24
4877120,2025-08-29,74.90432192622752,23,23
4877120,2025-09-02,44.26669283707937,24,24
4877120,2025-09-06,93.6567211151123,12,12
4877120,2025-09-10,74.14516520500183,24,24
4877120,2025-09-14,46.02610218163692,22,22
4877120,2025-09-18,44.19036599682638,24,24
4877120,2025-09-22,53.57048975759082,24,24
4877120,2025-09-26,61.90105435821746,24,24
4877120,2025-09-30,87.2786120288278,22,22
4877120,2025-10-04,97.68199756087888,23,23
4877120,2025-10-08,143.25837386294648,12,12
4877120,2025-10-12,107.6531418826845,24,24
4877120,2025-10-16,141.84850646301553,24,24
4877120,2025-10-20,158.96526603386803,21,21
4877120,2025-10-24,191.82447937682824,24,24
4877120,2025-10-28,290.77152964185785,24,24
4877120,2025-11-01,187.52286909549727,24,24
4877120,2025-11-05,111.94529758490226,23,23
4877120,2025-11-09,174.3375225888358,24,24
4877120,2025-11-13,212.78989171908938,23,23
4877120,2025-11-17,251.16339415347937,22,22
4877120,2025-11-21,208.95183866553836,24,24
4877120,2025-11-25,176.9624483408751,24,24
4877120,2025-11-29,160.75383162763384,24,24
4877120,2025-12-03,175.4461386262046,24,24
4877120,2025-12-07,163.36222925186158,24,24
4877120,2025-12-15,321.05411434173584,24,24
4877120,2025-12-19,182.8945416132609,24,24
4877120,2025-12-23,70.73790275255838,24,24
4877120,2025-12-27,186.22694449954562,24,24
921135,2025-01-01,17.916666666666668,24,24
921135,2025-01-05,14.333333333333334,24,24
921135,2025-01-09,14.291666666666666,24,24
921135,2025-01-13,17.083333333333332,24,24
921135,2025-01-17,13.25,24,24
921135,2025-01-21,12.75,24,24
921135,2025-01-25,15.458333333333334,24,24
921135,2025-01-29,14.75,24,24
921135,2025-02-02,15.125,24,24
921135,2025-02-06,13.916666666666666,24,24
921135,2025-02-10,14.875,24,24
921135,2025-02-14,16.291666666666668,24,24
921135,2025-02-18,17.666666666666668,24,24
921135,2025-02-22,20.0,24,24
921135,2025-03-02,14.208333333333334,24,24
921135,2025-03-06,16.958333333333332,24,24
921135,2025-03-10,13.833333333333334,24,24
921135,2025-03-14,18.625,24,24
921135,2025-03-18,16.5,24,24
921135,2025-03-22,15.0,6,6
921135,2025-03-26,34.958333333333336,24,24
921135,2025-03-30,16.125,24,24
921135,2025-04-03,27.625,24,24
921135,2025-04-07,35.833333333333336,24,24
921135,2025-04-11,19.25,24,24
921135,2025-04-15,29.125,24,24
921135,2025-04-19,38.208333333333336,24,24
921135,2025-04-23,27.833333333333332,24,24
921135,2025-04-27,52.958333333333336,24,24
921135,2025-05-01,27.666666666666668,24,24
921135,2025-05-05,61.666666666666664,24,24
921135,2025-05-09,22.833333333333332,24,24
921135,2025-05-13,52.375,24,24
921135,2025-05-17,20.791666666666668,24,24
921135,2025-05-21,63.0,24,24
921135,2025-05-25,45.0,10,10
921135,2025-05-29,97.20833333333333,24,24
921135,2025-06-02,93.79166666666667,24,24
921135,2025-06-06,57.458333333333336,24,24
921135,2025-06-10,115.91666666666667,24,24
921135,2025-06-14,28.142857142857142,14,14
921135,2025-06-18,81.04166666666667,24,24
921135,2025-06-22,21.88888888888889,9,9
921135,2025-06-26,36.166666666666664,24,24
921135,2025-06-30,149.70833333333334,24,24
921135,2025-07-04,182.54166666666666,24,24
921135,2025-07-08,27.416666666666668,24,24
921135,2025-07-12,34.458333333333336,24,24
921135,2025-07-16,71.75,24,24
921135,2025-07-20,104.20833333333333,24,24
921135,2025-07-24,67.08333333333333,24,24
921135,2025-07-28,15.833333333333334,24,24
921135,2025-08-01,15.875,24,24
921135,2025-08-05,82.04166666666667,24,24
921135,2025-08-09,70.04166666666667,24,24
921135,2025-08-13,55.875,24,24
921135,2025-08-17,56.458333333333336,24,24
921135,2025-08-21,21.666666666666668,24,24
921135,2025-08-25,20.291666666666668,24,24
921135,2025-08-29,23.25,24,24
921135,2025-09-02,18.208333333333332,24,24
921135,2025-09-06,55.25,12,12
921135,2025-09-10,19.375,24,24
921135,2025-09-14,33.416666666666664,24,24
921135,2025-09-18,16.708333333333332,24,24
921135,2025-09-22,19.625,24,24
921135,2025-09-26,17.375,24,24
921135,2025-09-30,21.666666666666668,24,24
921135,2025-10-04,17.833333333333332,24,24
921135,2025-10-08,14.708333333333334,24,24
921135,2025-10-12,31.0,24,24
921135,2025-10-16,21.875,24,24
921135,2025-10-20,17.458333333333332,24,24
921135,2025-10-28,17.666666666666668,9,9
921135,2025-11-01,16.708333333333332,24,24
921135,2025-11-05,17.916666666666668,24,24
921135,2025-11-09,15.541666666666666,24,24
921135,2025-11-13,13.875,24,24
921135,2025-11-17,13.125,24,24
921135,2025-11-21,14.083333333333334,24,24
921135,2025-11-25,18.375,24,24
921135,2025-11-29,14.625,24,24
921135,2025-12-03,11.5,24,24
921135,2025-12-07,14.541666666666666,24,24
921135,2025-12-11,12.125,24,24
921135,2025-12-15,11.041666666666666,24,24
921135,2025-12-19,11.75,24,24
921135,2025-12-23,11.833333333333334,24,24
921135,2025-12-27,12.041666666666666,24,24
921135,2025-12-31,13.541666666666666,24,24
2812561,2025-01-01,46.10345679012346,81,81
2812561,2025-01-05,19.344126984126984,63,63
2812561,2025-01-09,37.36586206896551,58,58
2812561,2025-01-13,78.55545454545455,11,11
2812561,2025-01-17,60.34428571428571,49,49
2812561,2025-01-21,69.97981818181817,55,55
2812561,2025-01-25,32.19234042553192,47,47
2812561,2025-01-29,34.514901960784314,51,51
2812561,2025-02-02,41.242380952380955,42,42
2812561,2025-02-06,78.97756756756758,37,37
2812561,2025-02-10,28.57983606557377,61,61
2812561,2025-02-14,48.368875,80,80
2812561,2025-02-18,61.13788732394366,71,71
2812561,2025-02-22,90.08526315789473,57,57
2812561,2025-02-26,17.044117647058822,51,51
2812561,2025-03-02,49.39072463768116,69,69
2812561,2025-03-06,29.20818181818182,55,55
2812561,2025-03-10,32.03380952380952,42,42
2812561,2025-03-14,35.45406779661017,59,59
2812561,2025-03-18,30.208793103448276,58,58
2812561,2025-03-22,39.46387096774194,62,62
2812561,2025-03-26,6.246037735849057,53,53
2812561,2025-03-30,32.70035087719298,57,57
2812561,2025-04-03,27.774509803921568,51,51
2812561,2025-04-07,14.198947368421052,57,57
2812561,2025-04-11,16.617391304347827,69,69
2812561,2025-04-15,10.017846153846154,65,65
2812561,2025-04-19,3.943333333333333,51,51
2812561,2025-04-23,12.32909090909091,44,44
2812561,2025-04-27,16.04,64,64
2812561,2025-05-01,10.714358974358975,39,39
2812561,2025-05-05,7.685686274509805,51,51
2812561,2025-05-09,7.7252,50,50
2812561,2025-05-13,13.510749999999998,40,40
2812561,2025-05-17,13.681538461538462,52,52
2812561,2025-05-21,12.65875,16,16
2812561,2025-05-25,17.45243243243243,37,37
2812561,2025-05-29,8.913023255813954,43,43
2812561,2025-06-02,8.01,54,54
2812561,2025-06-06,13.040571428571429,35,35
2812561,2025-06-10,10.870243902439025,41,41
2812561,2025-06-14,15.942499999999999,36,36
2812561,2025-06-18,14.084999999999999,28,28
2812561,2025-06-22,14.692467532467532,77,77
2812561,2025-06-26,11.998292682926829,41,41
2812561,2025-06-30,14.637500000000001,28,28
2812561,2025-07-04,13.774523809523808,42,42
2812561,2025-07-08,10.633448275862069,29,29
2812561,2025-07-12,11.41,67,67
2812561,2025-07-16,14.966166666666668,60,60
2812561,2025-07-20,14.00690909090909,55,55
2812561,2025-07-24,15.130483870967742,62,62
2812561,2025-07-28,12.20875,64,64
2812561,2025-08-01,9.19125,80,80
2812561,2025-08-05,5.786944444444445,72,72
2812561,2025-08-09,12.281891891891892,74,74
2812561,2025-08-13,8.220864197530863,81,81
2812561,2025-08-17,8.32296875,64,64
2812561,2025-08-21,10.268194444444445,72,72
2812561,2025-08-25,7.925000000000001,52,52
2812561,2025-08-29,10.373709677419354,62,62
2812561,2025-09-02,8.526376811594202,69,69
2812561,2025-09-06,15.075671641791045,67,67
2812561,2025-09-10,9.575714285714286,7,7
2812561,2025-09-14,4.95078947368421,76,76
2812561,2025-09-18,4.759384615384616,65,65
2812561,2025-09-22,14.0995,60,60
2812561,2025-09-26,10.915522388059703,67,67
2812561,2025-09-30,3.8230357142857145,56,56
2812561,2025-10-04,18.95130434782609,69,69
2812561,2025-10-08,11.51222222222222,45,45
2812561,2025-10-12,17.596888888888888,45,45
3685146,2025-03-14,59.65572233994802,24,24
3685146,2025-03-26,112.85772110958293,24,24
3685146,2025-03-30,125.06341298421223,24,24
3685146,2025-04-03,60.099588407410515,24,24
3685146,2025-04-07,40.415161336311186,24,24
3685146,2025-04-11,125.3439654244317,24,24
3685146,2025-04-15,11.214623258966538,24,24
3685146,2025-04-19,44.27291795942518,24,24
3685146,2025-04-23,42.450493137041725,24,24
3685146,2025-04-27,125.53662006060283,24,24
3685146,2025-05-01,11.565402783039543,24,24
3685146,2025-05-05,29.733509331941605,24,24
3685146,2025-05-09,43.95391677485572,24,24
3685146,2025-05-13,24.04034025967121,24,24
3685146,2025-05-17,4.00956250332658,24,24
3685146,2025-05-21,17.58329517725441,24,24
3685146,2025-05-25,1.654651040961552,24,24
3685146,2025-05-29,9.647055541307457,24,24
3685146,2025-06-02,2.1435773707926273,7,7
3685146,2025-06-06,21.862091415458256,24,24
3685146,2025-06-10,4.740223983393258,24,24
3685146,2025-06-14,13.149814212901724,24,24
3685146,2025-06-18,2.5530590276466683,24,24
3685146,2025-06-22,2.683682972646278,23,23
3685146,2025-06-26,6.487005216172999,24,24
3685146,2025-06-30,4.476982639015962,24,24
3685146,2025-07-24,1.489175990902386,24,24
3685146,2025-07-28,1.7629826245958815,24,24
3685146,2025-08-01,8.10671816409255,24,24
3685146,2025-08-05,7.621779529248467,24,24
3685146,2025-08-09,2.240833355204409,24,24
3685146,2025-08-13,2.820177073124796,24,24
3685146,2025-08-17,3.8868836781605043,24,24
3685146,2025-08-21,2.9661400474012933,24,24
3685146,2025-08-25,3.5192164335555085,24,24
3685146,2025-08-29,4.578487217969571,24,24
3685146,2025-09-02,4.456039683427662,14,14
3685146,2025-09-06,3.3712354329569885,20,20
3685146,2025-09-10,7.009883085188146,24,24
3685146,2025-09-14,6.026429413177539,24,24
3685146,2025-09-18,25.95183397167259,24,24
3685146,2025-09-22,6.8526961756987745,24,24
3685146,2025-09-26,4.212391185043898,24,24
3685146,2025-09-30,2.7804595453232746,23,23
3685146,2025-10-04,6.290046508842405,23,23
3685146,2025-10-08,5.925121543605605,24,24
3685146,2025-10-12,19.170749397741425,24,24
3685146,2025-10-16,5.5572725597691415,24,24
3685146,2025-10-20,28.218504023930386,21,21
3685146,2025-10-24,13.771098954735876,24,24
3685146,2025-10-28,19.821824077178757,24,24
3685146,2025-11-01,13.15024537596662,24,24
3685146,2025-11-05,5.717264495611839,23,23
3685146,2025-11-09,12.144154521212394,24,24
3685146,2025-11-13,15.0233840505822,23,23
3685146,2025-11-17,23.108488636305836,22,22
3685146,2025-11-21,18.80918520413063,24,24
3685146,2025-11-25,46.14386349543176,22,22
3685146,2025-11-29,35.62125116785368,24,24
3685146,2025-12-03,31.88812846077813,24,24
3685146,2025-12-07,30.40476157179585,24,24
3685146,2025-12-11,42.55741673045688,24,24
3685146,2025-12-15,23.79516611949161,24,24
3685146,2025-12-19,24.779990167419115,24,24
3685146,2025-12-23,28.529749509171836,24,24
3685146,2025-12-27,28.11935414340761,24,24
3685146,2025-12-31,36.64188406640205,23,23
2960663,2025-01-01,20.475125,80,80
2960663,2025-01-05,49.44793650793651,63,63
2960663,2025-01-09,75.54240740740741,54,54
2960663,2025-01-13,79.40555555555555,9,9
2960663,2025-01-17,55.70428571428572,49,49
2960663,2025-01-21,22.254210526315788,57,57
2960663,2025-01-25,56.414565217391306,46,46
2960663,2025-01-29,64.36471698113208,53,53
2960663,2025-02-02,62.43511627906977,43,43
2960663,2025-02-06,44.83529411764706,34,34
2960663,2025-02-10,27.74543859649123,57,57
2960663,2025-02-14,59.712250000000004,80,80
2960663,2025-02-18,36.780142857142856,70,70
2960663,2025-02-22,22.277924528301888,53,53
2960663,2025-02-26,15.6752,50,50
2960663,2025-03-02,16.936911764705883,68,68
2960663,2025-03-06,26.0421568627451,51,51
2960663,2025-03-10,33.795957446808515,47,47
2960663,2025-03-14,28.048,60,60
2960663,2025-03-18,32.60983050847457,59,59
2960663,2025-03-22,11.04375,64,64
2960663,2025-03-26,16.401964285714286,56,56
2960663,2025-03-30,22.923898305084744,59,59
2960663,2025-04-03,8.072407407407407,54,54
2960663,2025-04-07,17.029047619047617,63,63
2960663,2025-04-11,9.769583333333333,72,72
2960663,2025-04-15,14.996,65,65
2960663,2025-04-19,16.0368085106383,47,47
2960663,2025-04-23,16.807291666666668,48,48
2960663,2025-04-27,10.151639344262295,61,61
2960663,2025-05-01,18.035945945945947,37,37
2960663,2025-05-05,11.704583333333334,48,48
2960663,2025-05-09,10.007058823529412,51,51
2960663,2025-05-13,14.844444444444443,36,36
2960663,2025-05-17,10.6154,50,50
2960663,2025-05-21,16.270625,16,16
2960663,2025-05-25,11.422432432432432,37,37
2960663,2025-05-29,13.674999999999999,48,48
2960663,2025-06-02,15.317307692307692,52,52
2960663,2025-06-06,12.346764705882354,34,34
2960663,2025-06-10,14.025135135135134,37,37
2960663,2025-06-14,18.265833333333333,36,36
2960663,2025-06-18,7.9880645161290325,31,31
2960663,2025-06-22,12.915342465753426,73,73
2960663,2025-06-26,11.371904761904762,42,42
2960663,2025-06-30,9.09235294117647,34,34
2960663,2025-07-04,9.997755102040816,49,49
2960663,2025-07-08,8.773529411764706,34,34
2960663,2025-07-12,15.407702702702704,74,74
2960663,2025-07-16,11.339076923076922,65,65
2960663,2025-07-20,13.373333333333333,57,57
2960663,2025-07-24,16.64380281690141,71,71
2960663,2025-07-28,17.295652173913044,69,69
2960663,2025-08-01,23.453827160493827,81,81
2960663,2025-08-05,16.517464788732394,71,71
2960663,2025-08-09,20.24890410958904,73,73
2960663,2025-08-13,13.4695,80,80
2960663,2025-08-17,11.863142857142856,70,70
2960663,2025-08-21,13.25619718309859,71,71
2960663,2025-08-25,16.492916666666666,48,48
2960663,2025-08-29,20.194098360655737,61,61
2960663,2025-09-02,18.026969696969697,66,66
2960663,2025-09-06,15.30828125,64,64
2960663,2025-09-10,11.629999999999999,7,7
2960663,2025-09-14,9.53945945945946,74,74
2960663,2025-09-18,14.534032258064517,62,62
2960663,2025-09-22,9.83296875,64,64
2960663,2025-09-26,17.235384615384614,65,65
2960663,2025-09-30,14.876551724137931,58,58
2960663,2025-10-04,19.98929577464789,71,71
2960663,2025-10-08,21.04823529411765,51,51
2960663,2025-10-12,17.23265306122449,49,49
2960663,2025-10-16,20.248939393939395,66,66
2960663,2025-10-20,22.52127659574468,47,47
2960663,2025-10-24,21.616875,16,16
2960663,2025-10-28,23.43306451612903,62,62
2960663,2025-11-01,36.701081081081085,74,74
4797653,2025-06-22,17.27551282051282,78,78
4797653,2025-06-26,17.861714285714285,35,35
4797653,2025-06-30,17.01304347826087,23,23
4797653,2025-07-04,13.254897959183674,49,49
4797653,2025-07-08,8.883157894736842,38,38
4797653,2025-07-12,15.097428571428571,70,70
4797653,2025-07-16,11.271639344262296,61,61
4797653,2025-07-20,14.625901639344262,61,61
4797653,2025-07-24,6.58718309859155,71,71
4797653,2025-07-28,19.147936507936507,63,63
4797653,2025-08-01,21.428395061728395,81,81
4797653,2025-08-05,28.29364864864865,74,74
4797653,2025-08-09,15.114109589041094,73,73
4797653,2025-08-13,22.356125,80,80
4797653,2025-08-17,10.374084507042253,71,71
4797653,2025-08-21,8.212837837837839,74,74
4797653,2025-08-25,23.519811320754716,53,53
4797653,2025-08-29,23.437419354838706,62,62
4797653,2025-09-02,12.13,66,66
4797653,2025-09-06,17.73449275362319,69,69
4797653,2025-09-10,5.274666666666667,15,15
4797653,2025-09-14,19.41260273972603,73,73
4797653,2025-09-18,15.954492753623187,69,69
4797653,2025-09-22,3.548448275862069,58,58
4797653,2025-09-26,14.049722222222222,72,72
4797653,2025-09-30,18.507457627118644,59,59
4797653,2025-10-04,16.84957142857143,70,70
4797653,2025-10-08,17.002244897959184,49,49
4797653,2025-10-12,13.435121951219513,41,41
4797653,2025-10-16,1.097246376811594,69,69
4797653,2025-10-20,8.00475,40,40
4797653,2025-10-24,0.7599999999999999,22,22
4797653,2025-10-28,8.925,52,52
4797653,2025-11-01,1.0412820512820513,78,78
4797653,2025-11-05,1.8633333333333335,81,81
4797653,2025-11-09,7.363333333333334,78,78
4797653,2025-11-13,29.021052631578947,38,38
4797653,2025-11-17,4.645074626865672,67,67
4797653,2025-11-21,7.980655737704918,61,61
4797653,2025-11-25,18.94737704918033,61,61
4797653,2025-11-29,9.721475409836065,61,61
4797653,2025-12-03,9.293731343283582,67,67
4797653,2025-12-07,16.130425531914895,47,47
4797653,2025-12-11,8.670645161290324,62,62
4797653,2025-12-15,17.439555555555554,45,45
4797653,2025-12-19,11.007291666666667,48,48
4797653,2025-12-23,1.473921568627451,51,51
4797653,2025-12-27,4.9286666666666665,60,60
4797653,2025-12-31,6.927538461538462,65,65
3612963,2025-03-10,18.214063967598808,15,15
3612963,2025-04-03,98.06767295908044,9,9
3612963,2025-04-07,22.177761601077183,6,6
3612963,2025-05-09,26.38746398289998,5,5
3612963,2025-06-26,1.6086579877236444,24,24
3612963,2025-06-30,1.5450364586948935,24,24
3612963,2025-07-04,1.087405749332411,24,24
3612963,2025-07-08,3.5338829626717296,24,24
3612963,2025-07-12,0.812259052583165,23,23
3612963,2025-07-16,0.14941493071253514,24,24
3612963,2025-07-20,0.6514687473083743,24,24
3612963,2025-07-24,0.8029472136278936,24,24
3612963,2025-07-28,0.3780703557055452,21,21
3612963,2025-08-01,2.631362271753864,24,24
3612963,2025-08-05,2.9433055504824863,23,23
3612963,2025-08-09,2.6188645667732797,24,24
3612963,2025-08-13,4.194401963903484,20,20
3612963,2025-08-17,2.042810762857294,24,24
3612963,2025-08-21,2.0992812461400816,24,24
3612963,2025-08-25,2.3293524210522363,24,24
3612963,2025-08-29,2.1761437220160254,17,17
3612963,2025-09-06,1.344939233676996,24,24
3612963,2025-09-10,1.104815964664643,24,24
3612963,2025-09-14,1.1309647002490237,24,24
3612963,2025-09-18,4.876741900445066,24,24
3612963,2025-09-22,1.0129625643192446,23,23
3612963,2025-09-26,0.18752662107969323,24,24
3612963,2025-09-30,0.013125000080387843,19,19
3612963,2025-10-04,2.757367760705613,23,23
3612963,2025-10-08,25.591838722137943,18,18
3612963,2025-10-12,6.6734392360991075,24,24
3612963,2025-10-16,1.0749079847009853,24,24
3612963,2025-10-20,24.71218769134037,21,21
3612963,2025-10-24,0.03575289337723343,24,24
3612963,2025-10-28,11.754152800860227,24,24
3612963,2025-11-01,0.16732118018057748,24,24
3612963,2025-11-05,0.01457789856940508,23,23
3612963,2025-11-09,1.3779108790767,24,24
3612963,2025-11-13,4.299581525070764,23,23
3612963,2025-11-17,20.718508181770645,22,22
3612963,2025-11-21,14.953415487099576,24,24
3612963,2025-11-25,35.16293688173647,24,24
3612963,2025-11-29,22.62679523534797,24,24
3612963,2025-12-03,27.486531262927585,24,24
3612963,2025-12-07,16.68350000824365,24,24
3612963,2025-12-11,29.218958364592662,24,24
3612963,2025-12-15,4.900756969240804,24,24
3612963,2025-12-19,25.660212994503993,24,24
3612963,2025-12-23,27.223479211646026,24,24
3612963,2025-12-27,22.21599133776294,24,24
3612963,2025-12-31,26.13284778724546,23,23
4808325,2025-06-22,30.870673822320025,23,23
4808325,2025-06-26,47.188864148181416,23,23
4808325,2025-06-30,26.110998292764027,24,24
4808325,2025-07-04,29.708633757299847,24,24
4808325,2025-07-08,34.410515613026085,24,24
4808325,2025-07-12,25.745487845606274,24,24
4808325,2025-07-16,26.876737455362786,22,22
4808325,2025-07-20,38.22948259115219,24,24
4808325,2025-07-24,25.882706589168972,24,24
4808325,2025-07-28,27.785611723932092,23,23
4808325,2025-08-01,26.827197922600643,24,24
4808325,2025-08-05,18.7825989458296,24,24
4808325,2025-08-09,21.56250693731838,24,24
4808325,2025-08-13,30.627206550704106,24,24
4808325,2025-08-17,27.716020862261455,24,24
4808325,2025-08-21,36.83086778625609,21,21
4808325,2025-08-25,31.11913362476561,24,24
4808325,2025-08-29,35.27782095923568,24,24
4808325,2025-09-02,25.1754674082217,23,23
4808325,2025-09-06,30.473354154162937,24,24
4808325,2025-09-10,25.722612239420414,24,24
4808325,2025-09-14,19.857615179485745,24,24
4808325,2025-09-18,29.727213023200868,21,21
4808325,2025-09-22,21.845103644662434,24,24
4808325,2025-09-26,34.53088255723318,24,24
4808325,2025-09-30,49.599069460002696,23,23
4808325,2025-10-04,31.716240955205357,23,23
4808325,2025-10-08,41.99023899590528,24,24
4808325,2025-10-12,40.30148499497661,24,24
4808325,2025-10-16,48.45848093761338,24,24
4808325,2025-10-20,57.578181720869416,21,21
4808325,2025-10-24,98.97340913790242,24,24
4808325,2025-10-28,73.76989496961052,9,9
4808325,2025-11-09,56.87578465938568,24,24
4808325,2025-11-13,53.875441961703096,23,23
4808325,2025-11-17,89.29329530542547,22,22
4808325,2025-11-21,118.93577084011501,24,24
4808325,2025-11-25,95.57614583969116,24,24
4808325,2025-11-29,85.22935419082641,24,24
4808325,2025-12-03,71.26411461962594,24,24
4808325,2025-12-11,104.67221716112562,24,24
4808325,2025-12-15,111.37060935497284,24,24
4808325,2025-12-19,118.97306594318813,12,12
4808325,2025-12-23,101.366715309355,24,24
4808325,2025-12-27,110.65906059212155,24,24
4554729,2025-05-29,55.33103349762734,12,12
4554729,2025-06-02,39.63896694779396,8,8
4554729,2025-06-06,49.480056047439575,24,24
4554729,2025-06-10,33.69403298033608,24,24
4554729,2025-06-14,46.35624169294166,24,24
4554729,2025-06-18,55.63961613178253,24,24
4554729,2025-06-22,64.85375513798007,23,23
4554729,2025-06-26,48.66728227723527,18,18
4554729,2025-06-30,42.28256956896798,12,12
4554729,2025-07-08,39.24835396278763,13,13
4554729,2025-07-12,68.83822054333157,24,24
4554729,2025-07-16,41.668242701677364,24,24
4554729,2025-07-20,42.12570314937168,24,24
4554729,2025-07-24,77.28457858827379,9,9
4554729,2025-07-28,76.52650038401286,2,2
4554729,2025-08-01,44.41656251086129,24,24
4554729,2025-08-09,55.45279514789581,24,24
4554729,2025-08-13,49.32026683621936,24,24
4554729,2025-08-21,36.297916412353516,1,1
4554729,2025-08-25,30.140580622355145,10,10
4554729,2025-09-02,32.59072208849736,18,18
4554729,2025-09-06,35.04035750627518,16,16
4554729,2025-09-14,42.8031188249588,18,18
4554729,2025-09-22,31.604679299725426,14,14
4554729,2025-09-26,61.43229859140184,24,24
4554729,2025-09-30,145.45373395953263,19,19
4554729,2025-10-08,49.7581166572924,15,15
4554729,2025-10-12,94.92409954424257,24,24
4554729,2025-10-16,166.6070810812491,24,24
4554729,2025-10-20,198.94474815865902,21,21
4554729,2025-10-24,220.30571482494625,9,9
4554729,2025-10-28,270.8290075432171,24,24
4554729,2025-11-01,282.76108914039753,24,24
4554729,2025-11-05,102.45439373918795,23,23
4554729,2025-11-09,216.8207218256061,24,24
4554729,2025-11-13,248.3792032985662,23,23
4554729,2025-11-17,277.6370550322613,22,22
4554729,2025-11-21,318.64120860364704,24,24
4554729,2025-11-29,265.00894417232934,24,24
4554729,2025-12-03,263.5534986319365,24,24
4554729,2025-12-07,270.30009932518004,24,24
4554729,2025-12-11,313.930768917225,24,24
4554729,2025-12-15,287.61646698374807,18,18
4554729,2025-12-19,316.4996337634546,24,24
4554729,2025-12-23,188.6500145020308,24,24
4554729,2025-12-27,324.9006381988525,6,6
4554729,2025-12-31,299.7802030601887,24,24
5104909,2025-07-20,9.866296296296296,54,54
5104909,2025-07-24,28.828181818181818,66,66
5104909,2025-07-28,36.62890625,64,64
5104909,2025-08-01,25.240625,80,80
5104909,2025-08-05,21.285774647887322,71,71
5104909,2025-08-09,24.756621621621623,74,74
5104909,2025-08-13,23.44962962962963,81,81
5104909,2025-08-17,21.43768115942029,69,69
5104909,2025-08-21,25.81791666666667,72,72
5104909,2025-08-25,20.145,46,46
5104909,2025-08-29,18.231612903225805,62,62
5104909,2025-09-02,22.899705882352944,68,68
5104909,2025-09-06,29.587611940298505,67,67
5104909,2025-09-10,29.962857142857143,7,7
5104909,2025-09-14,17.425753424657533,73,73
5104909,2025-09-18,33.55935483870967,62,62
5104909,2025-09-22,13.534375,64,64
5104909,2025-09-26,52.71426229508197,61,61
5104909,2025-09-30,30.35859649122807,57,57
5104909,2025-10-04,21.605211267605632,71,71
5104909,2025-10-08,43.632,45,45
5104909,2025-10-12,27.282978723404256,47,47
5104909,2025-10-16,31.72625,64,64
5104909,2025-10-20,18.411041666666666,48,48
5104909,2025-10-24,38.52583333333333,12,12
5104909,2025-10-28,26.6655737704918,61,61
5104909,2025-11-01,19.148,75,75
5104909,2025-11-05,60.28558441558441,77,77
5104909,2025-11-09,58.10352112676057,71,71
5104909,2025-11-13,107.08272727272728,22,22
5104909,2025-11-17,31.359852941176467,68,68
5104909,2025-11-21,26.771774193548385,62,62
5104909,2025-11-25,201.0904411764706,68,68
5104909,2025-11-29,75.83295081967213,61,61
5104909,2025-12-03,33.162058823529414,68,68
5104909,2025-12-07,42.83,55,55
5104909,2025-12-11,131.39459016393442,61,61
5104909,2025-12-15,93.02727272727273,44,44
5104909,2025-12-19,19.107586206896553,58,58
5104909,2025-12-23,62.815000000000005,44,44
5104909,2025-12-27,121.4984126984127,63,63
5104909,2025-12-31,48.74627118644068,59,59
296,2025-01-05,32.916666666666664,24,24
296,2025-01-09,17.416666666666668,24,24
296,2025-01-13,17.708333333333332,24,24
296,2025-01-17,20.25,24,24
296,2025-01-21,19.791666666666668,24,24
296,2025-01-25,26.125,24,24
296,2025-01-29,22.583333333333332,24,24
296,2025-02-02,27.541666666666668,24,24
296,2025-02-06,31.708333333333332,24,24
296,2025-02-10,23.875,24,24
296,2025-02-14,27.625,24,24
296,2025-02-18,27.458333333333332,24,24
296,2025-02-22,27.0,24,24
296,2025-02-26,41.875,24,24
296,2025-03-02,25.125,24,24
296,2025-03-06,38.791666666666664,24,24
296,2025-03-10,41.458333333333336,24,24
296,2025-03-14,28.333333333333332,24,24
296,2025-03-18,45.458333333333336,24,24
296,2025-03-22,38.291666666666664,24,24
296,2025-03-26,32.875,24,24
296,2025-03-30,34.375,24,24
296,2025-04-03,36.25,24,24
296,2025-04-07,20.791666666666668,24,24
296,2025-04-11,47.041666666666664,24,24
296,2025-04-15,23.0,24,24
296,2025-04-19,18.083333333333332,24,24
296,2025-04-23,24.166666666666668,24,24
296,2025-04-27,41.833333333333336,24,24
296,2025-05-01,22.0,24,24
296,2025-05-05,21.916666666666668,24,24
296,2025-05-09,21.958333333333332,24,24
296,2025-05-13,24.875,24,24
296,2025-05-17,22.833333333333332,24,24
296,2025-05-21,19.5,24,24
296,2025-05-25,39.125,24,24
296,2025-05-29,22.291666666666668,24,24
296,2025-06-02,21.416666666666668,24,24
296,2025-06-06,33.375,24,24
296,2025-06-10,18.958333333333332,24,24
296,2025-06-14,44.083333333333336,24,24
296,2025-06-18,24.166666666666668,24,24
296,2025-06-22,24.916666666666668,24,24
296,2025-06-26,17.0,24,24
296,2025-06-30,25.541666666666668,24,24
296,2025-07-04,17.875,24,24
296,2025-07-08,20.666666666666668,24,24
296,2025-07-12,21.541666666666668,24,24
296,2025-07-16,26.708333333333332,24,24
296,2025-07-20,29.541666666666668,24,24
296,2025-07-24,24.083333333333332,24,24
296,2025-07-28,20.041666666666668,24,24
296,2025-08-01,19.916666666666668,24,24
296,2025-08-09,21.083333333333332,24,24
296,2025-08-13,16.875,24,24
296,2025-08-17,17.375,24,24
296,2025-08-21,21.375,24,24
296,2025-08-25,31.208333333333332,24,24
296,2025-08-29,23.5,24,24
296,2025-09-02,21.458333333333332,24,24
296,2025-09-06,25.25,24,24
296,2025-09-10,17.75,24,24
296,2025-09-14,40.708333333333336,24,24
296,2025-09-18,25.125,24,24
296,2025-09-22,18.916666666666668,24,24
296,2025-09-26,19.625,24,24
296,2025-09-30,22.666666666666668,24,24
296,2025-10-04,20.4,15,15
296,2025-10-08,27.541666666666668,24,24
296,2025-10-12,24.5,24,24
296,2025-10-16,26.666666666666668,24,24
296,2025-10-20,19.208333333333332,24,24
296,2025-10-28,24.22222222222222,9,9
296,2025-11-01,39.833333333333336,24,24
296,2025-11-05,27.041666666666668,24,24
296,2025-11-09,24.041666666666668,24,24
296,2025-11-13,24.916666666666668,24,24
296,2025-11-17,17.625,24,24
296,2025-11-25,20.291666666666668,24,24
296,2025-11-29,16.916666666666668,24,24
296,2025-12-03,19.4375,16,16
296,2025-12-07,18.875,24,24
296,2025-12-11,17.375,24,24
296,2025-12-15,15.208333333333334,24,24
296,2025-12-19,21.625,24,24
296,2025-12-23,16.25,24,24
296,2025-12-27,24.708333333333332,24,24
296,2025-12-31,23.5,24,24
2959824,2025-01-01,12.038812146584192,24,24
2959824,2025-01-05,10.157519995796013,23,23
2959824,2025-01-09,1.345468602048746,23,23
2959824,2025-01-13,3.7768611171179347,6,6
2959824,2025-02-14,9.297882007228003,24,24
2959824,2025-02-18,1.6032321429441845,21,21
2959824,2025-02-22,1.3704513970943581,24,24
2959824,2025-02-26,1.3770451433180522,24,24
2959824,2025-03-02,1.561697338293824,24,24
2959824,2025-03-06,2.6932349488553076,24,24
2959824,2025-03-10,3.7516481545236378,24,24
2959824,2025-03-14,1.2882910884865042,24,24
2959824,2025-03-18,0.8804438655756207,24,24
2959824,2025-03-22,0.8760752318840889,24,24
2959824,2025-03-26,7.32441841562589,24,24
2959824,2025-03-30,4.471322907341851,24,24
2959824,2025-04-03,1.366159039420179,24,24
2959824,2025-04-07,1.288642364166056,24,24
2959824,2025-04-11,2.0564438639751947,24,24
2959824,2025-04-15,2.589640627291778,24,24
2959824,2025-04-19,1.529580437642936,24,24
2959824,2025-04-23,1.7715935722124156,19,19
2959824,2025-04-27,1.7784016227039199,24,24
2959824,2025-05-01,2.3620364539739156,24,24
2959824,2025-05-05,2.083111479525652,24,24
2959824,2025-05-09,14.73593233525753,24,24
2959824,2025-05-13,7.856232671439647,20,20
2959824,2025-05-17,6.202813675471892,24,24
2959824,2025-05-21,3.6252077616906413,24,24
2959824,2025-05-25,2.1264022073398032,24,24
2959824,2025-05-29,17.839184052414364,24,24
2959824,2025-06-02,9.743640162728049,11,11
2959824,2025-06-06,5.551248251124182,24,24
2959824,2025-06-10,1.2897002369734563,24,24
2959824,2025-06-14,2.7222922411229877,24,24
2959824,2025-06-18,11.935425924758116,24,24
2959824,2025-06-22,4.546990331100381,23,23
2959824,2025-06-26,7.371995352622535,24,24
2959824,2025-06-30,3.628829291775926,24,24
2959824,2025-07-04,8.547404508313372,24,24
2959824,2025-07-08,4.684519106418722,24,24
2959824,2025-07-12,5.932937493211487,24,24
2959824,2025-07-16,18.871070583661396,24,24
2959824,2025-07-20,0.8870902776769879,24,24
2959824,2025-07-24,2.6716221039079957,24,24
2959824,2025-07-28,1.4648269145794195,24,24
2959824,2025-08-01,4.5151047431346445,24,24
2959824,2025-08-05,7.946821749624278,24,24
2959824,2025-08-09,4.171269098089801,24,24
2959824,2025-08-13,8.854745366300145,24,24
2959824,2025-08-17,2.0936822904170387,24,24
2959824,2025-08-21,8.490421602897571,24,24
2959824,2025-08-25,13.591147009697226,24,24
2959824,2025-08-29,25.73009549909168,24,24
2959824,2025-09-02,18.015304406483967,24,24
2959824,2025-09-06,8.796528925498327,24,24
2959824,2025-09-10,13.000854795177778,24,24
2959824,2025-09-14,5.129446145009111,18,18
2959824,2025-09-18,3.8646333080697617,24,24
2959824,2025-09-22,7.9936741903700215,24,24
2959824,2025-09-26,3.0371759347617626,24,24
2959824,2025-09-30,1.9112633493396407,23,23
2959824,2025-10-04,0.3429498825411218,23,23
2959824,2025-10-08,6.057155087590218,24,24
2959824,2025-10-12,18.256836555220865,22,22
2959824,2025-10-16,4.018261587324862,24,24
2959824,2025-10-20,5.660473335774892,21,21
2959824,2025-10-24,7.257753471060898,24,24
2959824,2025-10-28,3.0640277791371644,24,24
2959824,2025-11-01,6.704425927865561,24,24
2959824,2025-11-05,4.5762241730523785,22,22
2959824,2025-11-09,1.1894629633364577,24,24
2959824,2025-11-13,5.667584542163473,23,23
2959824,2025-11-17,2.0234873735204792,22,22
2959824,2025-11-21,4.385815972579574,24,24
2959824,2025-11-25,3.780032988211692,24,24
2959824,2025-11-29,3.6441134281594447,24,24
2959824,2025-12-03,1.8263790508525242,24,24
2959824,2025-12-07,2.073406356221899,24,24
2959824,2025-12-11,0.8959704872160391,24,24
2959824,2025-12-15,2.3855671258470803,24,24
2959824,2025-12-19,2.2703425931399344,24,24
2959824,2025-12-23,1.329187501380565,24,24
2959824,2025-12-27,1.2472754642263881,24,24
2959824,2025-12-31,1.4469745379199999,24,24
4757305,2025-06-18,56.655085457695854,24,24
4757305,2025-06-22,54.75549334374027,23,23
4757305,2025-06-26,46.0424288706854,24,24
4757305,2025-06-30,38.269865456855655,16,16
4757305,2025-07-08,13.185097257296244,2,2
4757305,2025-07-16,38.668218656702074,12,12
4757305,2025-07-20,40.15632900557185,23,23
4757305,2025-07-24,54.818133035160244,14,14
4757305,2025-07-28,81.45804861619416,24,24
4757305,2025-08-01,33.34517888610976,24,24
4757305,2025-08-05,28.33417544867655,24,24
4757305,2025-08-09,48.96993464231491,24,24
4757305,2025-08-13,33.285498638345736,3,3
4757305,2025-08-21,40.35480043623183,24,24
4757305,2025-08-25,21.966997648796276,24,24
4757305,2025-08-29,53.19901265369521,24,24
4757305,2025-09-02,20.059365183632405,24,24
4757305,2025-09-06,37.36677301247914,20,20
4757305,2025-09-10,52.55252688581293,24,24
4757305,2025-09-14,45.12203134430779,24,24
4757305,2025-09-18,52.781849247036554,24,24
4757305,2025-09-22,42.852061537630625,24,24
4757305,2025-09-26,52.90991223211642,24,24
4757305,2025-09-30,123.7812687987008,23,23
4757305,2025-10-04,92.70204019329555,23,23
4757305,2025-10-08,66.96777343715883,24,24
4757305,2025-10-12,80.26363373365668,24,24
4757305,2025-10-16,151.9935319188146,21,21
4757305,2025-10-20,145.51543884065416,14,14
4757305,2025-10-24,232.75840213238413,23,23
4757305,2025-10-28,233.1348790744499,24,24
4757305,2025-11-01,248.72913926265858,24,24
4757305,2025-11-05,133.30442210779714,12,12
4757305,2025-11-09,213.0717586014006,24,24
4757305,2025-11-13,234.44067785542,23,23
4757305,2025-11-17,272.39156532944395,22,22
4757305,2025-11-21,311.87186747849586,24,24
4757305,2025-11-25,282.8855615472151,24,24
4757305,2025-11-29,339.5657639620039,20,20
4757305,2025-12-03,460.1030302657825,9,9
4757305,2025-12-07,257.3062264003451,12,12
4757305,2025-12-11,329.225869611297,24,24
4757305,2025-12-15,323.62873639466386,24,24
4757305,2025-12-19,362.2907250024654,24,24
4757305,2025-12-23,210.15076802836526,24,24
4757305,2025-12-27,362.77839600245153,24,24
4757305,2025-12-31,343.2153034987273,24,24
