id,date,pm25,n_ok,n_raw
2195,2025-01-01,4.05,24,24
2195,2025-01-05,3.658333333333333,24,24
2195,2025-01-09,7.241666666666667,24,24
2195,2025-01-13,2.75,24,24
2195,2025-01-17,4.045833333333333,24,24
2195,2025-01-21,3.4625,24,24
2195,2025-01-25,3.045833333333333,24,24
2195,2025-01-29,2.6666666666666665,24,24
2195,2025-02-02,6.6499999999999995,24,24
2195,2025-02-06,5.779166666666666,24,24
2195,2025-02-10,5.129166666666667,24,24
2195,2025-02-14,11.691666666666668,24,24
2195,2025-02-18,4.029166666666667,24,24
2195,2025-02-22,8.737499999999999,24,24
2195,2025-02-26,8.029166666666667,24,24
2195,2025-03-02,4.7875000000000005,24,24
2195,2025-03-06,3.079166666666667,24,24
2195,2025-03-10,3.516666666666667,24,24
2195,2025-03-14,18.8875,24,24
2195,2025-03-18,4.266666666666667,24,24
2195,2025-03-22,6.983333333333333,24,24
2195,2025-03-26,5.2124999999999995,24,24
2195,2025-03-30,2.029166666666667,24,24
2195,2025-04-03,4.879166666666666,24,24
2195,2025-04-07,2.7291666666666665,24,24
2195,2025-04-11,9.529166666666667,24,24
2195,2025-04-15,2.670833333333333,24,24
2195,2025-04-19,3.983333333333333,24,24
2195,2025-04-23,4.575,24,24
2195,2025-04-27,5.8625,24,24
2195,2025-05-01,4.045833333333333,24,24
2195,2025-05-05,7.116666666666667,24,24
2195,2025-05-09,13.762500000000001,24,24
2195,2025-05-13,7.9125000000000005,24,24
2195,2025-05-17,1.4958333333333333,24,24
2195,2025-05-21,2.1458333333333335,24,24
2195,2025-05-25,11.525,24,24
2195,2025-05-29,9.008333333333333,24,24
2195,2025-06-02,104.60000000000001,24,24
2195,2025-06-06,6.783333333333334,24,24
2195,2025-06-10,28.929166666666664,24,24
2195,2025-06-14,5.016666666666667,24,24
2195,2025-06-18,6.333333333333333,24,24
2195,2025-06-22,8.745833333333334,24,24
2195,2025-06-26,4.8,24,24
2195,2025-06-30,6.554166666666667,24,24
2195,2025-07-04,7.125,24,24
2195,2025-07-08,10.7125,24,24
2195,2025-07-12,94.8625,24,24
2195,2025-07-16,3.1454545454545455,22,22
2195,2025-07-20,33.550000000000004,24,24
2195,2025-07-24,56.24166666666667,24,24
2195,2025-07-28,5.279166666666667,24,24
2195,2025-08-01,62.80833333333334,24,24
2195,2025-08-05,22.745833333333334,24,24
2195,2025-08-09,3.095833333333333,24,24
2195,2025-08-13,25.483333333333334,24,24
2195,2025-08-17,4.0125,24,24
2195,2025-08-21,6.1625000000000005,24,24
2195,2025-08-25,3.8166666666666664,24,24
2195,2025-08-29,7.033333333333334,24,24
2195,2025-09-02,7.5125,24,24
2195,2025-09-06,3.4875000000000003,24,24
2195,2025-09-10,6.804166666666667,24,24
2195,2025-09-14,11.504166666666668,24,24
2195,2025-09-18,6.25,24,24
2195,2025-09-22,3.125,24,24
2195,2025-09-26,7.3,23,23
2195,2025-09-30,13.904166666666667,24,24
2195,2025-10-04,16.158333333333335,24,24
2195,2025-10-08,3.625,24,24
2195,2025-10-12,6.816666666666666,24,24
2195,2025-10-16,8.65,24,24
2195,2025-10-20,2.9916666666666667,24,24
2195,2025-10-24,4.325,24,24
2195,2025-10-28,4.869565217391305,23,23
2195,2025-11-01,2.670833333333333,24,24
2195,2025-11-05,5.604166666666667,24,24
2195,2025-11-09,1.4375,24,24
2195,2025-11-13,6.345833333333334,24,24
2195,2025-11-17,2.8869565217391306,23,23
2195,2025-11-21,7.304166666666667,24,24
2195,2025-11-25,2.6199999999999997,15,15
2195,2025-12-03,3.966666666666667,24,24
2195,2025-12-07,4.445833333333334,24,24
2195,2025-12-11,6.583333333333333,24,24
2195,2025-12-15,9.104166666666666,24,24
2195,2025-12-19,4.45,24,24
2195,2025-12-23,9.066666666666666,24,24
2195,2025-12-27,6.8999999999999995,24,24
2195,2025-12-31,3.095833333333333,24,24
8857,2025-01-05,22.567083333333333,24,24
8857,2025-01-09,34.363125000000004,16,16
8857,2025-01-13,15.716666666666669,3,3
8857,2025-01-17,28.029411764705884,17,17
8857,2025-01-21,43.31761904761905,21,21
8857,2025-01-25,15.995,20,20
8857,2025-01-29,39.54227272727273,22,22
8857,2025-02-02,16.91541666666667,24,24
8857,2025-02-06,8.804545454545455,22,22
8857,2025-02-10,35.152499999999996,24,24
8857,2025-02-14,53.94869565217391,23,23
8857,2025-02-18,15.907619047619047,21,21
8857,2025-02-22,40.900909090909096,22,22
8857,2025-02-26,83.86500000000001,4,4
8857,2025-03-02,25.436666666666667,3,3
8857,2025-03-06,41.56761904761905,21,21
8857,2025-03-10,26.698260869565214,23,23
8857,2025-03-14,10.389999999999999,18,18
8857,2025-03-18,3.788333333333333,18,18
8857,2025-03-22,14.933636363636365,22,22
8857,2025-03-26,20.985454545454544,11,11
8857,2025-03-30,14.534090909090908,22,22
8857,2025-04-03,9.227619047619047,21,21
8857,2025-04-07,5.6338888888888885,18,18
8857,2025-04-11,6.1378260869565215,23,23
8857,2025-04-15,3.7726086956521736,23,23
8857,2025-04-19,14.35,22,22
8857,2025-04-23,8.945,6,6
8857,2025-04-27,4.068636363636364,22,22
8857,2025-05-01,10.549999999999999,7,7
8857,2025-05-05,11.216153846153846,13,14
8857,2025-05-09,3.9913636363636367,22,22
8857,2025-05-13,3.6709090909090913,22,22
8857,2025-05-17,1.8726666666666667,15,15
8857,2025-05-21,5.680909090909091,22,22
8857,2025-05-25,2.8622727272727273,22,23
8857,2025-05-29,5.551111111111111,18,18
8857,2025-06-02,9.215263157894737,19,19
8857,2025-06-06,9.799999999999999,19,19
8857,2025-06-10,15.519499999999999,20,20
8857,2025-06-14,7.079473684210526,19,19
8857,2025-06-18,13.901176470588235,17,17
8857,2025-06-22,7.46,1,22
8857,2025-06-26,10.975,4,22
8857,2025-06-30,8.108636363636363,22,22
8857,2025-07-04,9.411428571428573,21,21
8857,2025-07-08,11.619047619047619,21,21
8857,2025-07-12,7.7585,20,20
8857,2025-07-16,11.470555555555556,18,18
8857,2025-07-20,7.904583333333334,24,24
8857,2025-07-24,11.184761904761904,21,21
8857,2025-07-28,14.708888888888888,18,18
8857,2025-08-01,10.158095238095237,21,21
8857,2025-08-05,13.616190476190477,21,21
8857,2025-08-09,11.696363636363635,22,22
8857,2025-08-13,15.703333333333335,18,18
8857,2025-08-21,13.317916666666667,24,24
8857,2025-08-25,5.883636363636364,22,22
8857,2025-08-29,8.01095238095238,21,21
8857,2025-09-02,12.878571428571428,21,21
8857,2025-09-06,11.901,10,21
8857,2025-09-10,10.123846153846156,13,23
8857,2025-09-18,5.174347826086957,23,23
8857,2025-09-26,20.09263157894737,19,23
8857,2025-09-30,22.765714285714285,14,21
8857,2025-10-04,8.598571428571429,14,14
8857,2025-10-08,3.3991666666666664,24,24
8857,2025-10-12,11.402380952380952,21,21
8857,2025-10-16,13.53076923076923,13,13
8857,2025-10-20,12.292142857142858,14,14
8857,2025-10-24,12.21782608695652,23,23
8857,2025-10-28,3.731904761904762,21,21
8857,2025-11-01,26.791304347826088,23,23
8857,2025-11-05,13.670000000000002,23,23
8857,2025-11-09,15.766,20,24
8857,2025-11-13,18.64,22,22
8857,2025-11-17,18.73952380952381,21,21
8857,2025-11-21,9.205454545454545,22,22
8857,2025-11-25,20.1965,20,20
8857,2025-11-29,12.05,1,1
8857,2025-12-03,21.36375,24,24
8857,2025-12-07,10.747727272727273,22,22
8857,2025-12-11,21.7445,20,20
8857,2025-12-15,30.087894736842102,19,19
8857,2025-12-19,54.38565217391304,23,23
8857,2025-12-23,8.281739130434783,23,23
8857,2025-12-27,17.81625,24,24
8857,2025-12-31,5.0,22,22
235,2025-02-22,57.1,70,70
235,2025-02-26,144.6103896103896,77,77
235,2025-03-02,87.72093023255815,86,86
235,2025-03-06,61.39080459770115,87,87
235,2025-03-10,97.27586206896552,87,87
235,2025-03-14,108.31868131868131,91,91
235,2025-03-18,51.79775280898876,89,89
235,2025-03-22,77.03296703296704,91,91
235,2025-03-26,154.5185185185185,81,81
235,2025-03-30,45.55844155844156,77,77
235,2025-04-03,134.7012987012987,77,77
235,2025-04-07,145.5054945054945,91,91
235,2025-04-11,28.363636363636363,11,11
235,2025-04-15,49.389830508474574,59,59
235,2025-04-19,41.26136363636363,88,88
235,2025-04-23,77.8735632183908,87,87
235,2025-04-27,98.82222222222222,90,90
235,2025-05-01,86.3,90,90
235,2025-05-05,41.30681818181818,88,88
235,2025-05-09,68.9010989010989,91,91
235,2025-05-13,26.536585365853657,82,82
235,2025-05-17,60.24418604651163,86,86
235,2025-05-21,65.86075949367088,79,79
235,2025-05-25,26.80701754385965,57,57
235,2025-05-29,52.61797752808989,89,89
235,2025-06-02,43.56976744186046,86,86
235,2025-06-06,53.0,92,92
235,2025-06-10,62.0919540229885,87,87
235,2025-06-14,67.47252747252747,91,91
235,2025-06-18,46.51724137931034,87,87
235,2025-06-22,40.0,81,81
235,2025-06-26,28.07777777777778,90,90
235,2025-06-30,47.20754716981132,53,53
235,2025-07-04,25.48051948051948,77,77
235,2025-07-08,43.54022988505747,87,87
235,2025-07-12,63.97826086956522,92,92
235,2025-07-16,34.831460674157306,89,89
235,2025-07-20,36.07692307692308,91,91
235,2025-07-24,51.57142857142857,84,84
235,2025-07-28,49.694117647058825,85,85
235,2025-08-01,29.362068965517242,58,58
235,2025-08-05,38.84,75,75
235,2025-08-09,28.94871794871795,78,78
235,2025-08-13,63.024096385542165,83,83
235,2025-08-17,53.34146341463415,82,82
235,2025-08-21,57.901234567901234,81,81
235,2025-08-25,38.432432432432435,74,74
235,2025-08-29,58.91228070175438,57,57
235,2025-09-02,17.20967741935484,62,62
235,2025-09-06,56.50632911392405,79,79
235,2025-09-10,39.37931034482759,87,87
235,2025-09-14,108.46666666666667,90,90
235,2025-09-18,56.95774647887324,71,71
235,2025-09-22,103.95714285714286,70,70
235,2025-09-26,38.16949152542373,59,59
235,2025-09-30,44.77647058823529,85,85
235,2025-10-04,91.25274725274726,91,91
235,2025-10-08,55.48351648351648,91,91
235,2025-10-12,71.30337078651685,89,89
235,2025-10-16,133.39772727272728,88,88
235,2025-10-20,288.6060606060606,66,66
235,2025-10-24,183.95555555555555,90,90
235,2025-10-28,147.1917808219178,73,73
235,2025-11-01,220.84146341463415,82,82
235,2025-11-05,116.14606741573034,89,89
235,2025-11-09,248.97802197802199,91,91
235,2025-11-13,330.8787878787879,66,66
235,2025-11-17,256.42045454545456,88,88
235,2025-11-21,302.4943820224719,89,89
235,2025-11-25,233.43820224719101,89,89
235,2025-11-29,137.23076923076923,91,91
235,2025-12-03,188.34065934065933,91,91
235,2025-12-07,181.19354838709677,93,93
235,2025-12-11,211.74358974358975,78,78
235,2025-12-15,348.1756756756757,74,74
235,2025-12-19,273.9767441860465,86,86
235,2025-12-23,284.9655172413793,87,87
235,2025-12-27,336.26582278481015,79,79
235,2025-12-31,312.60227272727275,88,88
2812581,2025-01-01,15.684813008130082,615,615
2812581,2025-01-05,4.695833333333333,504,504
2812581,2025-01-09,39.389357601713066,467,467
2812581,2025-01-13,3.3342187500000002,64,64
2812581,2025-01-17,9.423624772313296,549,549
2812581,2025-01-21,2.1570134228187916,298,298
2812581,2025-01-25,9.028126888217523,331,331
2812581,2025-01-29,11.877482517482516,429,429
2812581,2025-02-02,25.924240506329113,158,158
2812581,2025-02-06,3.5990686274509804,204,204
2812581,2025-02-10,8.8742144638404,401,401
2812581,2025-02-14,5.335292096219931,582,582
2812581,2025-02-18,12.68766129032258,496,496
2812581,2025-02-22,8.934008016032063,499,499
2812581,2025-02-26,10.883301587301586,315,315
2812581,2025-03-02,7.237327935222671,494,494
2812581,2025-03-06,4.0579953379953375,429,429
2812581,2025-03-10,8.066989010989012,455,455
2812581,2025-03-14,4.936726457399104,446,446
2812581,2025-03-18,3.3767153284671534,548,548
2812581,2025-03-22,9.0798,450,450
2812581,2025-03-26,8.031367713004483,446,446
2812581,2025-03-30,5.216643717728055,581,581
2812581,2025-04-03,6.024589371980676,414,414
2812581,2025-04-07,9.912054794520547,438,438
2812581,2025-04-11,9.674244741873805,523,523
2812581,2025-04-15,10.640042194092826,474,474
2812581,2025-04-19,7.181516393442623,488,488
2812581,2025-04-23,10.310870786516855,356,356
2812581,2025-04-27,3.6933526011560693,519,519
2812581,2025-05-01,14.37486567164179,335,335
2812581,2025-05-05,7.432561403508773,285,285
2812581,2025-05-09,11.212796208530806,422,422
2812581,2025-05-13,5.2617346938775515,294,294
2812581,2025-05-17,9.755377777777777,450,450
2812581,2025-05-21,9.967898550724637,138,138
2812581,2025-05-25,8.431604278074866,187,187
2812581,2025-05-29,11.543024390243904,410,410
2812581,2025-06-02,10.208929384965831,439,439
2812581,2025-06-06,10.978101851851852,216,216
2812581,2025-06-10,18.05127976190476,336,336
2812581,2025-06-14,19.097710843373495,249,249
2812581,2025-06-18,9.843655913978495,186,186
2812581,2025-06-22,9.347048611111111,576,576
2812581,2025-06-26,18.100361445783133,332,332
2812581,2025-06-30,9.74140243902439,328,328
2812581,2025-07-04,13.820895833333333,480,480
2812581,2025-07-08,8.316416938110748,307,307
2812581,2025-07-12,17.17817689530686,554,554
2812581,2025-07-16,7.042841121495327,535,535
2812581,2025-07-20,12.194974226804122,388,388
2812581,2025-07-24,7.331409836065574,610,610
2812581,2025-07-28,10.252494758909853,477,477
2812581,2025-08-01,13.718753943217667,634,634
2812581,2025-08-05,18.404404332129964,554,554
2812581,2025-08-09,11.938709150326797,612,612
2812581,2025-08-13,17.541811023622046,635,635
2812581,2025-08-17,13.221526586620925,583,583
2812581,2025-08-21,7.940414312617702,531,531
2812581,2025-08-25,7.8934848484848485,396,396
2812581,2025-08-29,7.573739703459638,607,607
2812581,2025-09-02,10.817112068965518,464,464
2812581,2025-09-06,13.492757417102968,573,573
2812581,2025-09-10,5.249792387543253,289,289
2812581,2025-09-14,12.494615384615384,559,559
2812581,2025-09-18,9.366590476190476,525,525
2812581,2025-09-22,12.918159851301116,538,538
2812581,2025-09-26,9.472839116719243,317,317
2812581,2025-09-30,10.107175925925926,432,432
2812581,2025-10-04,5.967148014440434,554,554
2812581,2025-10-08,8.115745257452575,369,369
2812581,2025-10-12,6.934080338266385,473,473
2812581,2025-10-16,4.182307692307692,442,442
2812581,2025-10-20,10.074933333333334,300,300
2812581,2025-10-24,11.9490625,32,32
2812581,2025-10-28,13.748906250000001,448,448
2812581,2025-11-01,20.53724770642202,436,436
2812581,2025-11-05,8.494515503875968,516,516
2812581,2025-11-09,20.148641509433965,530,530
2812581,2025-11-13,13.79978260869565,92,92
2812581,2025-11-17,4.861883495145631,515,515
2812581,2025-11-21,4.478463251670378,449,449
2812581,2025-11-25,5.488625954198473,524,524
2812581,2025-11-29,17.94975855130785,497,497
2812581,2025-12-03,15.219425675675675,592,592
2812581,2025-12-07,12.418580508474575,472,472
2812581,2025-12-11,5.84969696969697,528,528
2812581,2025-12-15,15.835441988950278,362,362
2812581,2025-12-19,15.992505966587112,419,419
2812581,2025-12-23,17.819837133550486,307,307
2812581,2025-12-27,3.6313527397260277,584,584
2812581,2025-12-31,4.199442231075697,502,502
1892,2025-01-01,11.916666666666666,24,24
1892,2025-01-05,9.0,24,24
1892,2025-01-09,13.833333333333334,24,24
1892,2025-01-13,8.791666666666666,24,24
1892,2025-01-17,10.666666666666666,24,24
1892,2025-01-21,11.217391304347826,23,23
1892,2025-01-25,14.041666666666666,24,24
1892,2025-01-29,13.708333333333334,24,24
1892,2025-02-02,3.625,24,24
1892,2025-02-06,5.166666666666667,24,24
1892,2025-02-10,6.947368421052632,19,19
1892,2025-02-14,3.875,24,24
1892,2025-02-18,4.818181818181818,11,11
1892,2025-02-22,6.416666666666667,24,24
1892,2025-02-26,7.625,24,24
1892,2025-03-02,1.588235294117647,17,23
1892,2025-03-06,2.3181818181818183,22,24
1892,2025-03-10,5.416666666666667,24,24
1892,2025-03-14,1.4545454545454546,22,24
1892,2025-03-18,2.4545454545454546,22,24
1892,2025-03-22,3.75,24,24
1892,2025-03-26,4.291666666666667,24,24
1892,2025-03-30,4.458333333333333,24,24
1892,2025-04-03,4.0,23,23
1892,2025-04-07,1.9090909090909092,22,24
1892,2025-04-11,3.2083333333333335,24,24
1892,2025-04-15,6.666666666666667,24,24
1892,2025-04-19,6.833333333333333,24,24
1892,2025-04-23,9.75,24,24
1892,2025-04-27,3.625,24,24
1892,2025-05-01,11.958333333333334,24,24
1892,2025-05-05,3.5833333333333335,24,24
1892,2025-05-09,6.916666666666667,24,24
1892,2025-05-13,3.217391304347826,23,24
1892,2025-05-17,5.625,24,24
1892,2025-05-21,6.375,24,24
1892,2025-05-25,4.166666666666667,24,24
1892,2025-05-29,5.714285714285714,21,21
1892,2025-06-02,15.25,24,24
1892,2025-06-06,4.5,24,24
1892,2025-06-10,7.291666666666667,24,24
1892,2025-06-14,8.0,23,24
1892,2025-06-18,7.666666666666667,24,24
1892,2025-06-22,2.6363636363636362,22,24
1892,2025-06-26,8.347826086956522,23,23
1892,2025-06-30,3.9166666666666665,24,24
1892,2025-07-04,6.125,24,24
1892,2025-07-08,3.3333333333333335,24,24
1892,2025-07-12,11.208333333333334,24,24
1892,2025-07-16,2.6363636363636362,22,24
1892,2025-07-20,3.9583333333333335,24,24
1892,2025-07-24,1.4736842105263157,19,23
1892,2025-07-28,2.782608695652174,23,24
1892,2025-08-01,4.125,24,24
1892,2025-08-05,4.0,22,24
1892,2025-08-09,6.041666666666667,24,24
1892,2025-08-13,2.6956521739130435,23,24
1892,2025-08-17,2.1904761904761907,21,24
1892,2025-08-21,7.791666666666667,24,24
1892,2025-08-25,4.521739130434782,23,24
1892,2025-08-29,2.875,24,24
1892,2025-09-02,8.75,24,24
1892,2025-09-06,5.083333333333333,24,24
1892,2025-09-10,1.5,18,24
1892,2025-09-14,3.8260869565217392,23,24
1892,2025-09-18,5.291666666666667,24,24
1892,2025-09-22,6.208333333333333,24,24
1892,2025-09-26,10.391304347826088,23,23
1892,2025-09-30,4.666666666666667,24,24
1892,2025-10-04,5.583333333333333,24,24
1892,2025-10-08,5.875,24,24
1892,2025-10-12,2.227272727272727,22,24
1892,2025-10-16,3.6363636363636362,22,24
1892,2025-10-20,5.291666666666667,24,24
1892,2025-10-24,9.458333333333334,24,24
1892,2025-11-01,9.875,24,24
1892,2025-11-05,4.0,23,24
1892,2025-11-09,7.875,24,24
1892,2025-11-13,4.523809523809524,21,23
1892,2025-11-17,2.2666666666666666,15,15
1892,2025-11-21,4.833333333333333,24,24
1892,2025-11-25,12.708333333333334,24,24
1892,2025-11-29,10.166666666666666,24,24
1892,2025-12-03,13.571428571428571,21,24
1892,2025-12-07,12.416666666666666,24,24
1892,2025-12-11,4.583333333333333,24,24
1892,2025-12-15,5.0,24,24
1892,2025-12-19,9.291666666666666,24,24
1892,2025-12-23,6.318181818181818,22,22
1892,2025-12-27,3.875,24,24
1892,2025-12-31,10.416666666666666,24,24
2896766,2025-01-01,3.524197530864197,81,81
2896766,2025-01-05,5.666984126984127,63,63
2896766,2025-01-09,2.8064,50,50
2896766,2025-01-13,11.96875,8,8
2896766,2025-01-17,26.356326530612247,49,49
2896766,2025-01-21,30.676428571428573,56,56
2896766,2025-01-25,5.953488372093023,43,43
2896766,2025-01-29,3.5403703703703706,54,54
2896766,2025-02-02,21.648285714285716,35,35
2896766,2025-02-06,6.829696969696969,33,33
2896766,2025-02-10,18.521724137931034,58,58
2896766,2025-02-14,27.158076923076923,78,78
2896766,2025-02-18,33.16771428571428,70,70
2896766,2025-02-22,6.785272727272727,55,55
2896766,2025-02-26,2.223095238095238,42,42
2896766,2025-03-02,19.02734375,64,64
2896766,2025-03-06,15.5274,50,50
2896766,2025-03-10,18.779090909090908,55,55
2896766,2025-03-14,8.778870967741934,62,62
2896766,2025-03-18,19.557419354838707,62,62
2896766,2025-03-22,5.720545454545454,55,55
2896766,2025-03-26,16.444915254237287,59,59
2896766,2025-03-30,4.192258064516129,62,62
2896766,2025-04-03,8.876666666666667,45,45
2896766,2025-04-07,4.976101694915254,59,59
2896766,2025-04-11,18.151323529411766,68,68
2896766,2025-04-15,8.386521739130433,69,69
2896766,2025-04-19,7.193617021276596,47,47
2896766,2025-04-23,3.218,45,45
2896766,2025-04-27,25.668870967741935,62,62
2896766,2025-05-01,8.991836734693878,49,49
2896766,2025-05-05,1.9834615384615384,52,52
2896766,2025-05-09,6.356181818181818,55,55
2896766,2025-05-13,5.938205128205128,39,39
2896766,2025-05-17,7.767068965517241,58,58
2896766,2025-05-21,9.059333333333333,15,15
2896766,2025-05-25,2.207941176470588,34,34
2896766,2025-05-29,4.063111111111112,45,45
2896766,2025-06-02,3.820727272727273,55,55
2896766,2025-06-06,2.048421052631579,38,38
2896766,2025-06-10,8.63051282051282,39,39
2896766,2025-06-14,5.896,25,25
2896766,2025-06-18,9.992222222222223,27,27
2896766,2025-06-22,8.196533333333333,75,75
2896766,2025-06-26,4.38275,40,40
2896766,2025-06-30,7.845581395348837,43,43
2896766,2025-07-04,2.858085106382979,47,47
2896766,2025-07-08,3.8334210526315786,38,38
2896766,2025-07-12,2.687027027027027,74,74
2896766,2025-07-16,8.91969696969697,66,66
2896766,2025-07-20,1.810677966101695,59,59
2896766,2025-07-24,16.01042253521127,71,71
2896766,2025-07-28,5.659649122807018,57,57
2896766,2025-08-01,3.215238095238095,84,84
2896766,2025-08-05,2.2958823529411765,68,68
2896766,2025-08-09,2.600769230769231,78,78
2896766,2025-08-13,14.791772151898734,79,79
2896766,2025-08-17,8.185675675675675,74,74
2896766,2025-08-21,3.800869565217391,69,69
2896766,2025-08-25,3.7464150943396226,53,53
2896766,2025-08-29,1.98140625,64,64
2896766,2025-09-02,1.7652307692307694,65,65
2896766,2025-09-06,1.2146268656716417,67,67
2896766,2025-09-10,1.6878571428571427,14,14
2896766,2025-09-14,2.043918918918919,74,74
2896766,2025-09-18,2.7941176470588234,68,68
2896766,2025-09-22,1.2542622950819673,61,61
2896766,2025-09-26,6.089137931034483,58,58
2896766,2025-09-30,8.079365079365079,63,63
2896766,2025-10-04,2.336111111111111,72,72
2896766,2025-10-08,6.749347826086957,46,46
2896766,2025-10-12,23.1,52,52
2896766,2025-10-16,9.574193548387097,62,62
2896766,2025-10-20,2.3825,44,44
2896766,2025-10-24,1.162857142857143,7,7
2896766,2025-10-28,1.000483870967742,62,62
2896766,2025-11-01,1.3836486486486486,74,74
2896766,2025-11-05,3.9383098591549297,71,71
2896766,2025-11-09,2.836521739130435,69,69
2896766,2025-11-13,6.203125,16,16
2896766,2025-11-17,2.49910447761194,67,67
2896766,2025-11-21,9.954923076923079,65,65
2896766,2025-11-25,1.6686885245901641,61,61
2896766,2025-11-29,1.9143076923076925,65,65
2896766,2025-12-03,6.0945833333333335,72,72
2896766,2025-12-07,3.1906451612903224,62,62
2896766,2025-12-11,11.260967741935485,62,62
2896766,2025-12-15,16.2590243902439,41,41
2896766,2025-12-19,2.0375925925925924,54,54
2896766,2025-12-23,16.53511627906977,43,43
2896766,2025-12-27,27.746521739130436,69,69
2896766,2025-12-31,13.465909090909092,66,66
3295362,2025-01-01,10.94627397260274,365,365
3295362,2025-01-05,11.257457627118644,295,295
3295362,2025-01-09,16.086494464944646,271,271
3295362,2025-01-13,8.978363636363637,55,55
3295362,2025-01-17,24.110899999999997,300,300
3295362,2025-01-21,14.662281553398058,206,206
3295362,2025-01-25,7.77957894736842,190,190
3295362,2025-01-29,14.848599221789884,257,257
3295362,2025-02-02,5.849375,112,112
3295362,2025-02-06,5.7328,125,125
3295362,2025-02-10,22.079961240310077,258,258
3295362,2025-02-14,10.91465909090909,352,352
3295362,2025-02-18,20.708546712802768,289,289
3295362,2025-02-22,12.138980263157896,304,304
3295362,2025-02-26,7.527135416666667,192,192
3295362,2025-03-02,14.283498349834982,303,303
3295362,2025-03-06,23.583929961089492,257,257
3295362,2025-03-10,6.342320261437909,306,306
3295362,2025-03-14,62.03512727272727,275,275
3295362,2025-03-18,101.0287,300,300
3295362,2025-03-22,7.069963636363636,275,275
3295362,2025-03-26,10.857003891050583,257,257
3295362,2025-03-30,8.958502994011976,334,334
3295362,2025-04-03,6.842139917695474,243,243
3295362,2025-04-07,8.77875502008032,249,249
3295362,2025-04-11,10.104655737704919,305,305
3295362,2025-04-15,5.834922118380062,321,321
3295362,2025-04-19,12.546818181818182,286,286
3295362,2025-04-23,10.049545454545454,242,242
3295362,2025-04-27,19.93154574132492,317,317
3295362,2025-05-01,7.724205128205129,195,195
3295362,2025-05-05,11.1071875,192,192
3295362,2025-05-09,7.748755555555555,225,225
3295362,2025-05-13,12.749261363636363,176,176
3295362,2025-05-17,6.65089928057554,278,278
3295362,2025-05-21,5.842888888888889,90,90
3295362,2025-05-25,8.314086021505377,93,93
3295362,2025-05-29,8.488185840707965,226,226
3295362,2025-06-02,11.111480144404332,277,277
3295362,2025-06-06,9.77958041958042,143,143
3295362,2025-06-10,7.019230769230769,195,195
3295362,2025-06-14,8.91751724137931,145,145
3295362,2025-06-18,7.993211009174312,109,109
3295362,2025-06-22,15.863014925373133,335,335
3295362,2025-06-26,10.091464968152865,157,157
3295362,2025-06-30,6.327525773195876,194,194
3295362,2025-07-04,11.655813953488371,258,258
3295362,2025-07-08,8.270601092896175,183,183
3295362,2025-07-12,8.03444776119403,335,335
3295362,2025-07-16,10.094625407166124,307,307
3295362,2025-07-20,8.371157024793389,242,242
3295362,2025-07-24,7.806068376068375,351,351
3295362,2025-07-28,8.796707317073169,246,246
3295362,2025-08-01,8.49113157894737,380,380
3295362,2025-08-05,7.202772585669782,321,321
3295362,2025-08-09,7.411002865329513,349,349
3295362,2025-08-13,8.793903133903134,351,351
3295362,2025-08-17,8.020298507462687,335,335
3295362,2025-08-21,7.662910216718266,323,323
3295362,2025-08-25,7.138898678414097,227,227
3295362,2025-08-29,7.501369047619048,336,336
3295362,2025-09-02,7.122541254125413,303,303
3295362,2025-09-06,15.522904290429041,303,303
3295362,2025-09-10,8.516622516556291,151,151
3295362,2025-09-14,7.796285714285713,350,350
3295362,2025-09-18,8.237310344827586,290,290
3295362,2025-09-22,8.105981308411215,321,321
3295362,2025-09-26,8.376778846153845,208,208
3295362,2025-09-30,7.7781379310344825,290,290
3295362,2025-10-04,7.91223602484472,322,322
3295362,2025-10-08,8.115283018867924,212,212
3295362,2025-10-12,6.2148717948717955,273,273
3295362,2025-10-16,8.220421455938698,261,261
3295362,2025-10-20,5.4840935672514615,171,171
3295362,2025-10-24,9.676756756756758,37,37
3295362,2025-10-28,8.530856031128405,257,257
3295362,2025-11-01,6.955694444444444,288,288
3295362,2025-11-05,7.464999999999999,308,308
3295362,2025-11-09,6.49096875,320,320
3295362,2025-11-13,14.335555555555556,36,36
3295362,2025-11-17,7.114836601307189,306,306
3295362,2025-11-21,30.122456747404843,289,289
3295362,2025-11-25,30.22386885245902,305,305
3295362,2025-11-29,30.211626297577855,289,289
3295362,2025-12-03,88.15762295081967,366,366
3295362,2025-12-07,72.24378181818182,275,275
3295362,2025-12-11,69.46096551724138,290,290
3295362,2025-12-15,140.49629213483146,178,178
3295362,2025-12-19,79.6775,240,240
3295362,2025-12-23,89.99960674157303,178,178
3295362,2025-12-27,62.64028213166144,319,319
3295362,2025-12-31,137.5915909090909,308,308
3402,2025-01-01,12.24,24,24
3402,2025-01-05,17.64,24,24
3402,2025-01-09,10.62,24,24
3402,2025-01-13,11.290909090909091,11,11
3402,2025-01-17,9.936,15,15
3402,2025-01-21,10.152000000000001,20,20
3402,2025-01-25,10.898181818181818,22,22
3402,2025-01-29,2.8421052631578947,19,19
3402,2025-02-02,13.016842105263157,19,19
3402,2025-02-06,16.327058823529413,17,17
3402,2025-02-10,18.23294117647059,17,17
3402,2025-02-14,12.57818181818182,22,22
3402,2025-02-18,17.599999999999998,24,24
3402,2025-02-22,4.525714285714286,14,14
3402,2025-02-26,7.4879999999999995,5,5
3402,2025-03-02,2.8800000000000003,3,3
3402,2025-03-06,5.1,16,16
3402,2025-03-10,4.092631578947368,19,19
3402,2025-03-14,3.017142857142857,21,21
3402,2025-03-18,3.132631578947368,19,19
3402,2025-03-22,3.2336842105263157,19,19
3402,2025-03-26,5.183999999999999,15,15
3402,2025-03-30,4.48,15,15
3402,2025-04-03,3.329166666666666,24,24
3402,2025-04-07,6.266666666666667,15,15
3402,2025-04-11,9.086666666666666,24,24
3402,2025-04-15,3.0336363636363632,22,22
3402,2025-04-19,2.3499999999999996,22,22
3402,2025-04-23,9.504444444444445,9,9
3402,2025-04-27,5.435652173913043,23,23
3402,2025-05-01,8.594285714285714,14,14
3402,2025-05-05,5.013333333333334,15,15
3402,2025-05-09,6.498260869565217,23,23
3402,2025-05-13,8.178,20,20
3402,2025-05-17,8.51875,16,16
3402,2025-05-21,8.296521739130435,23,23
3402,2025-05-25,8.952380952380953,21,21
3402,2025-05-29,13.10125,16,16
3402,2025-06-02,11.844,5,5
3402,2025-06-06,11.230526315789474,19,19
3402,2025-06-10,20.790588235294116,17,17
3402,2025-06-14,16.497,20,20
3402,2025-06-18,16.92,18,18
3402,2025-06-22,13.786666666666665,21,21
3402,2025-06-26,9.964,20,20
3402,2025-06-30,12.361,20,20
3402,2025-07-04,9.890434782608695,23,23
3402,2025-07-08,12.549,20,20
3402,2025-07-12,7.654285714285715,21,21
3402,2025-07-16,13.732173913043477,23,23
3402,2025-07-20,8.538333333333332,24,24
3402,2025-07-24,11.945833333333333,24,24
3402,2025-07-28,15.296363636363635,22,22
3402,2025-08-01,20.277142857142856,21,21
3402,2025-08-05,24.33555555555556,18,18
3402,2025-08-09,26.464615384615385,13,13
3402,2025-08-13,21.33076923076923,13,13
3402,2025-08-17,21.567777777777778,18,18
3402,2025-08-21,36.12869565217392,23,23
3402,2025-08-25,22.638333333333335,24,24
3402,2025-08-29,12.846666666666666,24,24
3402,2025-09-02,9.165000000000001,24,24
3402,2025-09-06,17.468333333333334,24,24
3402,2025-09-10,7.755,24,24
3402,2025-09-14,6.661739130434783,23,23
3402,2025-09-18,11.828333333333333,24,24
3402,2025-09-22,7.2379999999999995,10,10
3402,2025-09-26,11.436666666666667,24,24
3402,2025-09-30,8.588181818181818,22,22
3402,2025-10-04,12.324444444444445,18,18
3402,2025-10-08,10.953043478260868,23,23
3402,2025-10-12,10.528,5,5
3402,2025-10-16,15.71888888888889,18,18
3402,2025-10-20,10.126363636363637,22,22
3402,2025-10-24,8.695,24,24
3402,2025-10-28,7.52,22,22
3402,2025-11-01,7.128333333333334,24,24
3402,2025-11-05,11.95142857142857,14,14
3402,2025-11-09,10.105,20,20
3402,2025-11-13,14.144761904761905,21,21
3402,2025-11-17,4.353684210526316,19,19
3402,2025-11-21,8.93,18,18
3402,2025-11-25,5.035714285714286,14,14
3402,2025-11-29,16.45,2,2
3402,2025-12-03,5.6987499999999995,16,16
3402,2025-12-07,11.131578947368421,19,19
3402,2025-12-11,18.016666666666666,12,12
3402,2025-12-15,8.616666666666667,18,18
3402,2025-12-19,13.854782608695654,23,23
3402,2025-12-23,4.574666666666667,15,15
3402,2025-12-27,7.1675,24,24
3402,2025-12-31,14.9225,24,24
8070,2025-03-10,26.642857142857142,14,14
8070,2025-03-14,31.875,24,24
8070,2025-03-18,30.833333333333332,24,24
8070,2025-03-22,35.5,24,24
8070,2025-03-26,30.166666666666668,24,24
8070,2025-03-30,32.166666666666664,24,24
8070,2025-04-03,34.625,24,24
8070,2025-04-07,88.85714285714286,14,14
8070,2025-04-11,37.833333333333336,24,24
8070,2025-04-15,33.875,24,24
8070,2025-04-19,29.625,24,24
8070,2025-04-23,27.5,24,24
8070,2025-04-27,26.625,24,24
8070,2025-05-01,22.5,24,24
8070,2025-05-05,92.66666666666667,24,24
8070,2025-05-09,20.833333333333332,24,24
8070,2025-05-13,24.75,24,24
8070,2025-05-17,32.708333333333336,24,24
8070,2025-05-21,61.375,24,24
8070,2025-05-25,43.208333333333336,24,24
8070,2025-05-29,18.666666666666668,24,24
8070,2025-06-02,18.0,24,24
8070,2025-06-06,30.333333333333332,24,24
8070,2025-06-10,14.291666666666666,24,24
8070,2025-06-14,10.875,24,24
8070,2025-06-18,14.708333333333334,24,24
8070,2025-06-22,19.583333333333332,24,24
8070,2025-06-26,16.666666666666668,24,24
8070,2025-09-10,12.142857142857142,14,14
8070,2025-09-14,12.0,24,24
8070,2025-09-18,15.791666666666666,24,24
8070,2025-09-22,14.125,24,24
8070,2025-09-26,13.875,24,24
8070,2025-09-30,13.291666666666666,24,24
8070,2025-10-04,19.875,24,24
8070,2025-10-08,8.833333333333334,24,24
8070,2025-10-12,14.625,24,24
8070,2025-10-16,27.208333333333332,24,24
8070,2025-10-20,17.666666666666668,24,24
8070,2025-10-24,23.75,24,24
8070,2025-10-28,31.291666666666668,24,24
8070,2025-11-01,26.708333333333332,24,24
8070,2025-11-05,50.625,24,24
8070,2025-11-09,40.833333333333336,24,24
8070,2025-11-13,56.541666666666664,24,24
8070,2025-11-17,27.75,24,24
8070,2025-11-21,40.583333333333336,24,24
8070,2025-11-25,37.083333333333336,24,24
8070,2025-11-29,53.625,24,24
8070,2025-12-03,28.083333333333332,24,24
8070,2025-12-07,34.708333333333336,24,24
8070,2025-12-11,37.958333333333336,24,24
8070,2025-12-15,33.833333333333336,24,24
8070,2025-12-19,53.875,24,24
8070,2025-12-23,57.166666666666664,24,24
8070,2025-12-27,49.083333333333336,24,24
8070,2025-12-31,57.166666666666664,24,24
9642,2025-01-01,7.0,21,21
9642,2025-01-05,6.095238095238095,21,21
9642,2025-01-09,5.85,20,20
9642,2025-01-13,10.909090909090908,11,11
9642,2025-01-17,13.38888888888889,18,18
9642,2025-01-21,26.25,20,20
9642,2025-01-25,5.380952380952381,21,21
9642,2025-01-29,6.631578947368421,19,19
9642,2025-02-02,16.125,8,8
9642,2025-02-06,10.409090909090908,22,22
9642,2025-02-10,29.42105263157895,19,19
9642,2025-02-14,21.285714285714285,21,21
9642,2025-02-18,17.90909090909091,22,22
9642,2025-02-22,7.526315789473684,19,19
9642,2025-02-26,5.4,5,5
9642,2025-03-02,6.0,3,3
9642,2025-03-06,15.9,20,20
9642,2025-03-10,20.571428571428573,21,21
9642,2025-03-14,15.222222222222221,18,18
9642,2025-03-18,7.2631578947368425,19,19
9642,2025-03-22,5.333333333333333,21,21
9642,2025-03-26,17.916666666666668,12,12
9642,2025-03-30,11.857142857142858,7,7
9642,2025-04-03,10.363636363636363,22,22
9642,2025-04-07,6.904761904761905,21,21
9642,2025-04-11,10.38888888888889,18,18
9642,2025-04-15,6.7,20,20
9642,2025-04-19,6.142857142857143,21,21
9642,2025-04-23,4.875,8,8
9642,2025-04-27,6.523809523809524,21,21
9642,2025-05-01,9.0,15,15
9642,2025-05-05,6.5625,16,16
9642,2025-05-21,8.3,20,20
9642,2025-05-25,4.5,20,20
9642,2025-05-29,6.2105263157894735,19,19
9642,2025-06-02,9.0,20,20
9642,2025-06-06,3.6666666666666665,18,18
9642,2025-06-10,12.857142857142858,21,21
9642,2025-06-14,13.1,20,20
9642,2025-06-18,11.473684210526315,19,19
9642,2025-06-22,11.523809523809524,21,21
9642,2025-06-26,6.277777777777778,18,18
9642,2025-06-30,6.809523809523809,21,21
9642,2025-07-04,4.857142857142857,21,21
9642,2025-07-08,5.571428571428571,21,21
9642,2025-07-12,5.304347826086956,23,23
9642,2025-07-16,4.7,20,20
9642,2025-07-20,4.529411764705882,17,17
9642,2025-07-24,4.285714285714286,21,21
9642,2025-07-28,6.277777777777778,18,18
9642,2025-08-01,6.545454545454546,22,22
9642,2025-08-05,6.545454545454546,22,22
9642,2025-08-09,8.857142857142858,21,21
9642,2025-08-13,12.285714285714286,21,21
9642,2025-08-17,10.857142857142858,21,21
9642,2025-08-21,9.952380952380953,21,21
9642,2025-08-25,8.904761904761905,21,21
9642,2025-08-29,6.3,20,20
9642,2025-09-02,6.35,20,20
9642,2025-09-06,5.3478260869565215,23,23
9642,2025-09-10,5.95,20,20
9642,2025-09-14,4.588235294117647,17,17
9642,2025-09-18,8.380952380952381,21,21
9642,2025-09-22,5.85,20,20
9642,2025-09-26,5.8,20,20
9642,2025-09-30,10.75,20,20
9642,2025-10-04,5.5,18,18
9642,2025-10-08,10.285714285714286,21,21
9642,2025-10-12,9.5,2,2
9642,2025-10-16,6.416666666666667,12,12
9642,2025-10-20,6.421052631578948,19,19
9642,2025-10-24,5.5,12,12
9642,2025-10-28,6.4,20,20
9642,2025-11-01,6.666666666666667,21,21
9642,2025-11-05,8.5,20,20
9642,2025-11-09,11.227272727272727,22,22
9642,2025-11-13,7.947368421052632,19,19
9642,2025-11-17,7.15,20,20
9642,2025-11-21,10.80952380952381,21,21
9642,2025-11-25,7.235294117647059,17,17
9642,2025-11-29,6.5,2,2
9642,2025-12-03,13.19047619047619,21,21
9642,2025-12-07,5.5,20,20
9642,2025-12-11,8.55,20,20
9642,2025-12-15,11.428571428571429,21,21
9642,2025-12-19,7.684210526315789,19,19
9642,2025-12-23,10.636363636363637,22,22
9642,2025-12-27,9.7,20,20
277980,2025-01-01,4.2875000000000005,24,24
277980,2025-01-05,10.366666666666667,24,24
277980,2025-01-09,8.695833333333333,24,24
277980,2025-01-13,1.1208333333333333,24,24
277980,2025-01-17,3.841666666666667,24,24
277980,2025-01-21,0.6124999999999999,24,24
277980,2025-01-25,2.4916666666666667,24,24
277980,2025-01-29,3.0208333333333335,24,24
277980,2025-02-02,6.304166666666667,24,24
277980,2025-02-06,4.343478260869565,23,23
277980,2025-02-10,10.4375,24,24
277980,2025-02-14,4.0874999999999995,24,24
277980,2025-02-18,8.195833333333333,24,24
277980,2025-02-22,6.579166666666667,24,24
277980,2025-02-26,1.9166666666666667,24,24
277980,2025-03-02,1.6125,24,24
277980,2025-03-06,3.3333333333333335,24,24
277980,2025-03-10,6.0375000000000005,24,24
277980,2025-03-14,3.608333333333333,24,24
277980,2025-03-18,9.3125,24,24
277980,2025-03-22,2.1166666666666667,24,24
277980,2025-03-26,3.275,24,24
277980,2025-03-30,7.058333333333334,24,24
277980,2025-04-03,4.354166666666667,24,24
277980,2025-04-07,6.121739130434782,23,23
277980,2025-04-11,4.375,24,24
277980,2025-04-15,1.8499999999999999,24,24
277980,2025-04-19,2.2083333333333335,24,24
277980,2025-04-23,2.3000000000000003,24,24
277980,2025-04-27,2.841666666666667,24,24
277980,2025-05-01,5.858333333333333,24,24
277980,2025-05-05,2.783333333333333,24,24
277980,2025-05-09,2.9521739130434783,23,23
277980,2025-05-13,5.416666666666667,24,24
277980,2025-05-17,4.416666666666667,24,24
277980,2025-05-21,1.5416666666666667,24,24
277980,2025-05-25,5.783333333333334,24,24
277980,2025-05-29,18.270833333333332,24,24
277980,2025-06-02,10.604166666666666,24,24
277980,2025-06-06,17.427272727272726,22,22
277980,2025-06-10,189.25,24,24
277980,2025-06-14,5.391666666666667,24,24
277980,2025-06-18,8.266666666666667,24,24
277980,2025-06-22,31.983333333333334,24,24
277980,2025-06-26,3.783333333333333,24,24
277980,2025-06-30,2.670833333333333,24,24
277980,2025-07-04,8.654166666666667,24,24
277980,2025-07-08,2.891666666666667,24,24
277980,2025-07-12,1.95,24,24
277980,2025-07-16,7.5375000000000005,24,24
277980,2025-07-20,13.233333333333334,24,24
277980,2025-07-24,4.654166666666667,24,24
277980,2025-07-28,7.308333333333334,24,24
277980,2025-08-01,9.341666666666667,24,24
277980,2025-08-05,9.320833333333333,24,24
277980,2025-08-09,4.3999999999999995,24,24
277980,2025-08-13,2.15,24,24
277980,2025-08-17,1.2750000000000001,24,24
277980,2025-08-21,2.620833333333333,24,24
277980,2025-08-25,10.541666666666666,24,24
277980,2025-08-29,17.908333333333335,24,24
277980,2025-09-02,68.5625,24,24
277980,2025-09-06,28.920833333333334,24,24
277980,2025-09-10,11.237499999999999,24,24
277980,2025-09-14,28.59166666666667,24,24
277980,2025-09-18,3.483333333333334,24,24
277980,2025-09-22,2.891666666666667,24,24
277980,2025-09-26,2.4125,24,24
277980,2025-09-30,5.7250000000000005,24,24
277980,2025-10-04,1.3416666666666668,24,24
277980,2025-10-08,2.2666666666666666,24,24
277980,2025-10-12,1.325,24,24
277980,2025-10-16,7.3125,24,24
277980,2025-10-20,2.629166666666667,24,24
277980,2025-10-24,4.409090909090909,22,22
277980,2025-10-28,4.058333333333334,24,24
277980,2025-11-01,1.0166666666666666,24,24
277980,2025-11-05,4.970833333333333,24,24
277980,2025-11-09,5.020833333333333,24,24
277980,2025-11-13,5.671428571428571,21,21
277980,2025-11-17,9.854545454545455,11,11
277980,2025-11-21,1.3599999999999999,10,10
277980,2025-11-25,10.8375,24,24
1214641,2025-01-01,8.909090909090908,22,22
1214641,2025-01-05,11.318181818181818,22,22
1214641,2025-01-09,8.0,22,22
1214641,2025-01-17,11.227272727272727,22,22
1214641,2025-01-21,28.045454545454547,22,22
1214641,2025-01-25,16.727272727272727,22,22
1214641,2025-01-29,5.2272727272727275,22,22
1214641,2025-02-02,4.2272727272727275,22,22
1214641,2025-02-06,6.409090909090909,22,22
1214641,2025-02-10,5.090909090909091,22,22
1214641,2025-02-14,9.363636363636363,22,22
1214641,2025-02-18,7.863636363636363,22,22
1214641,2025-02-22,10.409090909090908,22,22
1214641,2025-02-26,9.0,22,22
1214641,2025-03-02,11.363636363636363,22,22
1214641,2025-03-06,3.3636363636363638,22,22
1214641,2025-03-10,17.318181818181817,22,22
1214641,2025-03-14,17.181818181818183,22,22
1214641,2025-03-18,12.590909090909092,22,22
1214641,2025-03-22,20.454545454545453,22,22
1214641,2025-03-26,16.0,22,22
1214641,2025-03-30,6.090909090909091,22,22
1214641,2025-04-03,8.5,22,22
1214641,2025-04-07,10.818181818181818,22,22
1214641,2025-04-11,20.5,22,22
1214641,2025-04-15,6.6,20,20
1214641,2025-04-19,14.5,22,22
1214641,2025-04-23,10.727272727272727,22,22
1214641,2025-04-27,10.863636363636363,22,22
1214641,2025-05-01,12.818181818181818,22,22
1214641,2025-05-05,9.909090909090908,22,22
1214641,2025-05-09,10.409090909090908,22,22
1214641,2025-05-13,20.142857142857142,21,21
1214641,2025-05-17,8.136363636363637,22,22
1214641,2025-05-21,7.590909090909091,22,22
1214641,2025-05-25,7.681818181818182,22,22
1214641,2025-05-29,22.681818181818183,22,22
1214641,2025-06-02,18.363636363636363,22,22
1214641,2025-06-06,16.454545454545453,22,22
1214641,2025-06-10,5.045454545454546,22,22
1214641,2025-06-14,8.636363636363637,22,22
1214641,2025-06-18,11.681818181818182,22,22
1214641,2025-06-22,4.909090909090909,22,22
1214641,2025-06-26,8.772727272727273,22,22
1214641,2025-06-30,21.045454545454547,22,22
1214641,2025-07-04,41.54545454545455,22,22
1214641,2025-07-08,15.529411764705882,17,17
1214641,2025-07-12,3.6818181818181817,22,22
1214641,2025-07-16,16.136363636363637,22,22
1214641,2025-07-20,5.363636363636363,22,22
1214641,2025-07-24,4.863636363636363,22,22
1214641,2025-07-28,4.136363636363637,22,22
1214641,2025-08-01,13.227272727272727,22,22
1214641,2025-08-05,10.285714285714286,21,21
1214641,2025-08-09,5.7727272727272725,22,22
1214641,2025-08-13,9.909090909090908,22,22
1214641,2025-08-17,19.90909090909091,22,22
1214641,2025-08-21,7.0,22,22
1214641,2025-08-25,7.2727272727272725,22,22
1214641,2025-08-29,11.545454545454545,22,22
1214641,2025-09-02,14.045454545454545,22,22
1214641,2025-09-06,9.136363636363637,22,22
1214641,2025-09-10,4.590909090909091,22,22
1214641,2025-09-14,4.318181818181818,22,22
1214641,2025-09-18,5.681818181818182,22,22
1214641,2025-09-22,12.181818181818182,22,22
1214641,2025-09-26,12.909090909090908,22,22
1214641,2025-09-30,9.227272727272727,22,22
1214641,2025-10-04,11.409090909090908,22,22
1214641,2025-10-08,13.590909090909092,22,22
1214641,2025-10-12,16.363636363636363,22,22
1214641,2025-10-16,26.136363636363637,22,22
1214641,2025-10-20,8.909090909090908,22,22
1214641,2025-10-24,12.863636363636363,22,22
1214641,2025-10-28,9.428571428571429,21,21
1214641,2025-11-01,9.409090909090908,22,22
1214641,2025-11-05,13.454545454545455,22,22
1214641,2025-11-09,7.045454545454546,22,22
1214641,2025-11-13,14.954545454545455,22,22
1214641,2025-11-17,19.227272727272727,22,22
1214641,2025-11-21,12.136363636363637,22,22
1214641,2025-11-25,13.19047619047619,21,21
1214641,2025-11-29,9.772727272727273,22,22
1214641,2025-12-03,8.857142857142858,21,21
1214641,2025-12-07,8.5,22,22
1214641,2025-12-11,12.954545454545455,22,22
1214641,2025-12-15,7.181818181818182,22,22
1214641,2025-12-19,11.0,22,22
1214641,2025-12-23,7.857142857142857,21,21
1214641,2025-12-27,6.090909090909091,22,22
1214641,2025-12-31,9.238095238095237,21,21
997,2025-01-01,16.333333333333332,24,24
997,2025-01-05,18.625,24,24
997,2025-01-09,15.875,24,24
997,2025-01-13,15.458333333333334,24,24
997,2025-01-17,14.666666666666666,24,24
997,2025-01-21,22.958333333333332,24,24
997,2025-01-25,15.375,24,24
997,2025-01-29,24.416666666666668,24,24
997,2025-02-02,17.375,24,24
997,2025-02-06,16.666666666666668,24,24
997,2025-02-10,26.208333333333332,24,24
997,2025-02-14,29.583333333333332,24,24
997,2025-02-18,20.166666666666668,24,24
997,2025-02-22,18.708333333333332,24,24
997,2025-02-26,19.3,10,10
997,2025-03-02,14.291666666666666,24,24
997,2025-03-06,19.875,24,24
997,2025-03-10,11.0,8,8
997,2025-03-14,22.416666666666668,24,24
997,2025-03-18,19.625,24,24
997,2025-03-30,18.041666666666668,24,24
997,2025-04-03,16.75,24,24
997,2025-04-07,22.458333333333332,24,24
997,2025-04-11,19.333333333333332,24,24
997,2025-04-19,25.25,24,24
997,2025-04-23,37.5,24,24
997,2025-04-27,26.25,24,24
997,2025-05-01,44.583333333333336,24,24
997,2025-05-05,32.666666666666664,24,24
997,2025-05-09,24.208333333333332,24,24
997,2025-05-13,62.083333333333336,24,24
997,2025-05-17,48.375,24,24
997,2025-05-21,36.75,24,24
997,2025-05-25,40.291666666666664,24,24
997,2025-05-29,65.04166666666667,24,24
997,2025-06-02,48.625,24,24
997,2025-06-06,59.458333333333336,24,24
997,2025-06-10,53.333333333333336,24,24
997,2025-06-14,39.666666666666664,24,24
997,2025-06-18,28.541666666666668,24,24
997,2025-06-22,37.041666666666664,24,24
997,2025-06-26,54.958333333333336,24,24
997,2025-06-30,61.0,23,23
997,2025-07-04,62.333333333333336,24,24
997,2025-07-08,39.333333333333336,24,24
997,2025-07-12,77.1304347826087,23,23
997,2025-07-16,52.333333333333336,24,24
997,2025-07-20,76.95833333333333,24,24
997,2025-07-24,62.833333333333336,24,24
997,2025-07-28,61.791666666666664,24,24
997,2025-08-01,19.0,24,24
997,2025-08-05,46.25,24,24
997,2025-08-09,55.541666666666664,24,24
997,2025-08-13,43.958333333333336,24,24
997,2025-08-17,33.541666666666664,24,24
997,2025-08-21,23.125,24,24
997,2025-08-25,23.541666666666668,24,24
997,2025-08-29,41.916666666666664,24,24
997,2025-09-02,32.5,24,24
997,2025-09-06,49.208333333333336,24,24
997,2025-09-10,23.708333333333332,24,24
997,2025-09-14,22.583333333333332,24,24
997,2025-09-18,49.208333333333336,24,24
997,2025-09-22,21.291666666666668,24,24
997,2025-09-26,23.083333333333332,24,24
997,2025-09-30,23.916666666666668,24,24
997,2025-10-04,20.625,24,24
997,2025-10-08,20.541666666666668,24,24
997,2025-10-12,16.25,24,24
997,2025-10-16,21.625,24,24
997,2025-10-20,26.541666666666668,24,24
997,2025-10-28,22.88888888888889,9,9
997,2025-11-01,18.208333333333332,24,24
997,2025-11-05,21.75,24,24
997,2025-11-09,19.625,24,24
997,2025-11-13,21.708333333333332,24,24
997,2025-11-17,19.041666666666668,24,24
997,2025-11-21,22.708333333333332,24,24
997,2025-11-25,24.5,24,24
997,2025-11-29,17.791666666666668,24,24
997,2025-12-03,19.75,24,24
997,2025-12-07,22.666666666666668,9,9
997,2025-12-11,19.416666666666668,24,24
997,2025-12-15,17.458333333333332,24,24
997,2025-12-19,21.791666666666668,24,24
997,2025-12-23,17.291666666666668,24,24
997,2025-12-27,23.791666666666668,24,24
997,2025-12-31,22.708333333333332,24,24
225671,2025-01-01,44.78333333333333,24,24
225671,2025-01-05,45.55833333333334,24,24
225671,2025-01-09,61.05833333333334,24,24
225671,2025-01-13,52.61666666666667,24,24
225671,2025-01-17,32.300000000000004,24,24
225671,2025-01-21,69.29583333333333,24,24
225671,2025-01-25,87.66250000000001,24,24
225671,2025-01-29,38.74583333333333,24,24
225671,2025-02-02,63.89166666666667,24,24
225671,2025-02-06,40.815,20,20
225671,2025-02-10,31.84166666666667,24,24
225671,2025-02-14,57.19583333333333,24,24
225671,2025-02-18,27.695833333333336,24,24
225671,2025-02-22,33.666666666666664,6,6
225671,2025-02-26,27.675,24,24
225671,2025-03-02,23.7625,16,16
225671,2025-03-06,19.425,24,24
225671,2025-03-10,38.84166666666667,24,24
225671,2025-03-14,24.633333333333336,24,24
225671,2025-03-18,26.65833333333333,24,24
225671,2025-03-30,39.329166666666666,24,24
225671,2025-04-03,34.266666666666666,24,24
225671,2025-04-07,24.004166666666666,24,24
225671,2025-04-11,29.304166666666664,24,24
225671,2025-04-15,23.84166666666667,24,24
225671,2025-04-19,17.258333333333333,24,24
225671,2025-04-23,18.614285714285714,21,21
225671,2025-05-09,18.416666666666668,24,24
225671,2025-05-13,16.429166666666667,24,24
225671,2025-05-17,24.45,24,24
225671,2025-05-21,21.18095238095238,21,21
225671,2025-05-25,17.429166666666667,24,24
225671,2025-05-29,15.725,24,24
225671,2025-06-02,16.263157894736842,19,19
225671,2025-06-06,21.412499999999998,24,24
225671,2025-06-10,14.933333333333332,24,24
225671,2025-06-14,13.674999999999999,24,24
225671,2025-06-18,13.708333333333334,24,24
225671,2025-06-22,13.266666666666666,24,24
225671,2025-06-26,15.6875,24,24
225671,2025-06-30,17.679166666666667,24,24
225671,2025-08-25,11.377777777777778,9,9
225671,2025-08-29,18.041666666666668,24,24
225671,2025-09-02,16.783333333333335,24,24
225671,2025-09-06,18.516666666666666,24,24
225671,2025-09-10,12.754166666666668,24,24
225671,2025-09-14,26.204166666666666,24,24
225671,2025-09-18,15.3125,24,24
225671,2025-09-22,14.029166666666667,24,24
225671,2025-09-26,15.683333333333332,24,24
225671,2025-09-30,12.674999999999999,24,24
225671,2025-10-04,18.537499999999998,24,24
225671,2025-10-08,15.483333333333334,24,24
225671,2025-11-21,21.79047619047619,21,21
225671,2025-11-25,30.8,24,24
225671,2025-11-29,38.7875,24,24
225671,2025-12-03,53.229166666666664,24,24
225671,2025-12-07,31.479166666666668,24,24
225671,2025-12-11,30.166666666666668,24,24
225671,2025-12-15,25.229166666666668,24,24
225671,2025-12-19,28.09166666666667,24,24
225671,2025-12-23,33.612500000000004,24,24
225671,2025-12-27,26.554166666666664,24,24
225671,2025-12-31,53.362500000000004,24,24
1215411,2025-01-01,6.363636363636363,22,22
1215411,2025-01-05,7.681818181818182,22,22
1215411,2025-01-09,6.5,22,22
1215411,2025-01-13,7.7727272727272725,22,22
1215411,2025-01-17,5.363636363636363,22,22
1215411,2025-01-21,8.0,22,22
1215411,2025-01-25,5.954545454545454,22,22
1215411,2025-01-29,5.409090909090909,22,22
1215411,2025-02-02,7.0,22,22
1215411,2025-02-06,6.619047619047619,21,21
1215411,2025-02-10,6.318181818181818,22,22
1215411,2025-02-14,5.818181818181818,22,22
1215411,2025-02-18,5.0,22,22
1215411,2025-02-22,7.5,22,22
1215411,2025-02-26,13.863636363636363,22,22
1215411,2025-03-02,27.636363636363637,22,22
1215411,2025-03-06,3.090909090909091,22,22
1215411,2025-03-10,9.318181818181818,22,22
1215411,2025-03-14,8.909090909090908,22,22
1215411,2025-03-18,6.045454545454546,22,22
1215411,2025-03-22,22.818181818181817,22,22
1215411,2025-03-26,36.40909090909091,22,22
1215411,2025-03-30,7.136363636363637,22,22
1215411,2025-04-03,3.590909090909091,22,22
1215411,2025-04-07,13.045454545454545,22,22
1215411,2025-04-11,14.318181818181818,22,22
1215411,2025-04-15,5.7272727272727275,22,22
1215411,2025-04-19,21.318181818181817,22,22
1215411,2025-04-23,4.666666666666667,21,21
1215411,2025-04-27,19.727272727272727,22,22
1215411,2025-05-01,18.863636363636363,22,22
1215411,2025-05-05,10.090909090909092,22,22
1215411,2025-05-09,9.772727272727273,22,22
1215411,2025-05-13,18.227272727272727,22,22
1215411,2025-05-17,5.409090909090909,22,22
1215411,2025-05-21,21.857142857142858,21,21
1215411,2025-05-25,3.1818181818181817,22,22
1215411,2025-05-29,10.68421052631579,19,19
1215411,2025-06-02,12.863636363636363,22,22
1215411,2025-06-06,15.363636363636363,22,22
1215411,2025-06-10,5.863636363636363,22,22
1215411,2025-06-14,8.909090909090908,22,22
1215411,2025-06-18,17.90909090909091,22,22
1215411,2025-06-22,12.318181818181818,22,22
1215411,2025-06-26,5.409090909090909,22,22
1215411,2025-06-30,20.636363636363637,22,22
1215411,2025-07-04,23.954545454545453,22,22
1215411,2025-07-08,34.18181818181818,22,22
1215411,2025-07-12,8.727272727272727,22,22
1215411,2025-07-16,7.409090909090909,22,22
1215411,2025-07-20,3.8181818181818183,22,22
1215411,2025-07-24,7.318181818181818,22,22
1215411,2025-07-28,6.818181818181818,22,22
1215411,2025-08-01,14.454545454545455,22,22
1215411,2025-08-05,23.363636363636363,22,22
1215411,2025-08-09,11.181818181818182,22,22
1215411,2025-08-13,10.590909090909092,22,22
1215411,2025-08-17,13.727272727272727,22,22
1215411,2025-08-21,11.818181818181818,22,22
1215411,2025-08-25,21.045454545454547,22,22
1215411,2025-08-29,21.636363636363637,22,22
1215411,2025-09-02,6.315789473684211,19,19
1215411,2025-09-06,6.7272727272727275,22,22
1215411,2025-09-10,11.363636363636363,22,22
1215411,2025-09-14,9.136363636363637,22,22
1215411,2025-09-18,12.0,21,21
1215411,2025-09-22,5.818181818181818,22,22
1215411,2025-09-26,9.363636363636363,22,22
1215411,2025-09-30,6.681818181818182,22,22
1215411,2025-10-04,8.772727272727273,22,22
1215411,2025-10-08,9.318181818181818,22,22
1215411,2025-10-12,7.2272727272727275,22,22
1215411,2025-10-16,5.0476190476190474,21,21
1215411,2025-10-20,5.2272727272727275,22,22
1215411,2025-10-24,6.818181818181818,22,22
1215411,2025-10-28,7.2727272727272725,22,22
1215411,2025-11-01,5.090909090909091,22,22
1215411,2025-11-05,10.318181818181818,22,22
1215411,2025-11-09,10.909090909090908,22,22
1215411,2025-11-13,12.272727272727273,22,22
1215411,2025-11-17,15.318181818181818,22,22
1215411,2025-11-21,11.590909090909092,22,22
1215411,2025-11-25,14.5,22,22
1215411,2025-11-29,5.818181818181818,22,22
1215411,2025-12-03,8.0,22,22
1215411,2025-12-07,11.863636363636363,22,22
1215411,2025-12-11,9.0,22,22
1215411,2025-12-15,3.6,20,20
1215411,2025-12-19,9.846153846153847,13,13
1215411,2025-12-23,8.181818181818182,22,22
1215411,2025-12-27,3.9545454545454546,22,22
1215411,2025-12-31,4.681818181818182,22,22
1215388,2025-01-01,13.318181818181818,22,22
1215388,2025-01-05,10.681818181818182,22,22
1215388,2025-01-09,11.318181818181818,22,22
1215388,2025-01-13,12.409090909090908,22,22
1215388,2025-01-17,16.636363636363637,22,22
1215388,2025-01-21,15.545454545454545,22,22
1215388,2025-01-25,10.772727272727273,22,22
1215388,2025-01-29,12.090909090909092,22,22
1215388,2025-02-02,12.863636363636363,22,22
1215388,2025-02-06,11.19047619047619,21,21
1215388,2025-02-10,11.5,22,22
1215388,2025-02-14,15.227272727272727,22,22
1215388,2025-02-18,12.0,22,22
1215388,2025-02-22,12.772727272727273,22,22
1215388,2025-02-26,21.227272727272727,22,22
1215388,2025-03-02,24.136363636363637,22,22
1215388,2025-03-06,14.772727272727273,22,22
1215388,2025-03-10,12.090909090909092,22,22
1215388,2025-03-14,19.90909090909091,22,22
1215388,2025-03-18,12.5,22,22
1215388,2025-03-22,30.954545454545453,22,22
1215388,2025-03-26,58.77272727272727,22,22
1215388,2025-03-30,12.5,22,22
1215388,2025-04-03,11.181818181818182,22,22
1215388,2025-04-07,20.863636363636363,22,22
1215388,2025-04-11,22.227272727272727,22,22
1215388,2025-04-15,8.681818181818182,22,22
1215388,2025-04-19,24.454545454545453,22,22
1215388,2025-04-23,5.181818181818182,22,22
1215388,2025-04-27,25.272727272727273,22,22
1215388,2025-05-01,15.727272727272727,22,22
1215388,2025-05-05,12.545454545454545,22,22
1215388,2025-05-09,7.090909090909091,22,22
1215388,2025-05-13,23.045454545454547,22,22
1215388,2025-05-17,6.5,22,22
1215388,2025-05-21,24.0,22,22
1215388,2025-05-25,7.0,22,22
1215388,2025-05-29,12.0,22,22
1215388,2025-06-02,16.363636363636363,22,22
1215388,2025-06-06,13.761904761904763,21,21
1215388,2025-06-10,11.409090909090908,22,22
1215388,2025-06-14,6.5,22,22
1215388,2025-06-18,17.59090909090909,22,22
1215388,2025-06-22,11.954545454545455,22,22
1215388,2025-06-26,5.681818181818182,22,22
1215388,2025-06-30,17.181818181818183,22,22
1215388,2025-07-04,17.473684210526315,19,19
1215388,2025-07-08,34.27272727272727,22,22
1215388,2025-07-12,8.636363636363637,22,22
1215388,2025-07-16,10.047619047619047,21,21
1215388,2025-07-20,4.863636363636363,22,22
1215388,2025-07-24,6.636363636363637,22,22
1215388,2025-07-28,7.2727272727272725,22,22
1215388,2025-08-01,17.727272727272727,22,22
1215388,2025-08-05,18.772727272727273,22,22
1215388,2025-08-09,12.954545454545455,22,22
1215388,2025-08-13,9.590909090909092,22,22
1215388,2025-08-17,15.045454545454545,22,22
1215388,2025-08-25,24.454545454545453,22,22
1215388,2025-08-29,16.636363636363637,22,22
1215388,2025-09-02,6.318181818181818,22,22
1215388,2025-09-06,10.227272727272727,22,22
1215388,2025-09-10,14.590909090909092,22,22
1215388,2025-09-14,10.227272727272727,22,22
1215388,2025-09-18,15.818181818181818,22,22
1215388,2025-09-22,7.590909090909091,22,22
1215388,2025-09-26,11.409090909090908,22,22
1215388,2025-09-30,7.590909090909091,22,22
1215388,2025-10-04,11.227272727272727,22,22
1215388,2025-10-08,14.136363636363637,22,22
1215388,2025-10-12,13.181818181818182,22,22
1215388,2025-10-16,5.2272727272727275,22,22
1215388,2025-10-20,8.136363636363637,22,22
1215388,2025-10-24,8.0,16,16
1215388,2025-10-28,13.454545454545455,22,22
1215388,2025-11-01,6.318181818181818,22,22
1215388,2025-11-05,14.136363636363637,22,22
1215388,2025-11-09,12.636363636363637,22,22
1215388,2025-11-13,14.142857142857142,21,21
1215388,2025-11-17,19.636363636363637,22,22
1215388,2025-11-21,17.55,20,20
1215388,2025-11-25,21.09090909090909,22,22
1215388,2025-11-29,9.181818181818182,22,22
1215388,2025-12-03,11.909090909090908,22,22
1215388,2025-12-07,16.09090909090909,22,22
1215388,2025-12-11,16.818181818181817,22,22
1215388,2025-12-15,8.590909090909092,22,22
1215388,2025-12-19,16.59090909090909,22,22
1215388,2025-12-23,14.090909090909092,22,22
1215388,2025-12-27,9.818181818181818,22,22
1215388,2025-12-31,12.181818181818182,22,22
2622814,2025-01-01,14.863636363636363,22,24
2622814,2025-01-05,18.47826086956522,23,24
2622814,2025-01-09,7.583333333333333,24,24
2622814,2025-01-13,29.904761904761905,21,24
2622814,2025-01-17,23.041666666666668,24,24
2622814,2025-01-21,57.375,24,24
2622814,2025-01-25,16.59090909090909,22,24
2622814,2025-01-29,9.166666666666666,24,24
2622814,2025-02-02,29.727272727272727,22,24
2622814,2025-02-06,11.777777777777779,18,24
2622814,2025-02-10,16.61904761904762,21,24
2622814,2025-02-14,18.541666666666668,24,24
2622814,2025-02-18,8.80952380952381,21,24
2622814,2025-02-22,13.217391304347826,23,24
2622814,2025-02-26,18.782608695652176,23,24
2622814,2025-03-02,18.047619047619047,21,24
2622814,2025-03-06,23.428571428571427,21,24
2622814,2025-03-10,31.041666666666668,24,24
2622814,2025-03-14,18.333333333333332,24,24
2622814,2025-03-18,24.125,24,24
2622814,2025-03-22,39.458333333333336,24,24
2622814,2025-03-26,19.0,24,24
2622814,2025-03-30,8.291666666666666,24,24
2622814,2025-04-03,26.75,24,24
2622814,2025-04-07,16.666666666666668,24,24
2622814,2025-04-11,27.333333333333332,24,24
2622814,2025-04-15,13.272727272727273,22,24
2622814,2025-04-19,11.708333333333334,24,24
2622814,2025-04-23,13.833333333333334,24,24
2622814,2025-04-27,12.541666666666666,24,24
2622814,2025-05-01,12.347826086956522,23,23
2622814,2025-05-05,10.347826086956522,23,23
2622814,2025-05-09,9.208333333333334,24,24
2622814,2025-05-13,23.833333333333332,24,24
2622814,2025-05-17,8.208333333333334,24,24
2622814,2025-05-21,7.363636363636363,22,24
2622814,2025-05-25,10.666666666666666,24,24
2622814,2025-05-29,24.25,24,24
2622814,2025-06-02,35.916666666666664,24,24
2622814,2025-06-06,15.416666666666666,24,24
2622814,2025-06-10,8.125,24,24
2622814,2025-06-14,10.842105263157896,19,24
2622814,2025-06-18,15.916666666666666,24,24
2622814,2025-06-22,8.478260869565217,23,24
2622814,2025-06-26,17.333333333333332,24,24
2622814,2025-06-30,6.083333333333333,24,24
2622814,2025-07-04,10.875,24,24
2622814,2025-07-08,25.583333333333332,24,24
2622814,2025-07-12,9.708333333333334,24,24
2622814,2025-07-16,11.25,24,24
2622814,2025-07-28,12.833333333333334,24,24
2622814,2025-08-01,19.272727272727273,22,24
2622814,2025-08-05,11.090909090909092,22,24
2622814,2025-08-09,13.875,24,24
2622814,2025-08-13,4.75,24,24
2622814,2025-08-17,7.5,24,24
2622814,2025-08-21,9.0,24,24
2622814,2025-08-25,5.25,24,24
2622814,2025-08-29,4.5,12,24
2622814,2025-09-02,10.0,22,24
2622814,2025-09-06,6.416666666666667,24,24
2622814,2025-09-10,10.083333333333334,24,24
2622814,2025-09-14,6.375,24,24
2622814,2025-09-18,7.230769230769231,13,24
2622814,2025-09-22,4.708333333333333,24,24
2622814,2025-09-26,13.333333333333334,15,24
2622814,2025-09-30,10.791666666666666,24,24
2622814,2025-10-04,5.916666666666667,24,24
2622814,2025-10-08,4.75,24,24
2622814,2025-10-12,7.041666666666667,24,24
2622814,2025-10-16,4.75,24,24
2622814,2025-10-20,11.0,20,20
2622814,2025-10-24,13.454545454545455,11,24
2622814,2025-10-28,11.291666666666666,24,24
2622814,2025-11-01,12.833333333333334,24,24
2622814,2025-11-05,40.40909090909091,22,24
2622814,2025-11-09,18.666666666666668,24,24
2622814,2025-11-13,28.916666666666668,24,24
2622814,2025-11-17,12.458333333333334,24,24
2622814,2025-11-21,9.708333333333334,24,24
2622814,2025-11-25,34.041666666666664,24,24
2622814,2025-11-29,12.166666666666666,24,24
2622814,2025-12-03,9.636363636363637,22,24
2622814,2025-12-07,53.65217391304348,23,24
2622814,2025-12-11,27.208333333333332,24,24
2622814,2025-12-15,16.125,24,24
2622814,2025-12-19,20.5,24,24
2622814,2025-12-23,16.333333333333332,24,24
2622814,2025-12-27,17.5,24,24
2622814,2025-12-31,8.333333333333334,24,24
2162820,2025-01-01,6.652380952380954,21,21
2162820,2025-01-05,3.632608695652174,23,23
2162820,2025-01-09,35.57333333333333,24,24
2162820,2025-01-13,15.29,13,13
2162820,2025-01-17,6.7,1,1
2162820,2025-01-21,11.693636363636363,22,22
2162820,2025-01-25,4.79047619047619,21,21
2162820,2025-01-29,4.5245,20,20
2162820,2025-02-02,6.735454545454545,22,22
2162820,2025-02-06,18.883333333333333,6,6
2162820,2025-02-10,10.738260869565217,23,23
2162820,2025-02-14,15.27695652173913,23,23
2162820,2025-02-18,25.276818181818182,22,22
2162820,2025-02-22,8.81421052631579,19,19
2162820,2025-02-26,3.468,5,5
2162820,2025-03-02,8.455,2,2
2162820,2025-03-06,19.752857142857142,21,21
2162820,2025-03-10,31.36157894736842,19,19
2162820,2025-03-14,5.6085714285714285,14,14
2162820,2025-03-18,16.150000000000002,19,19
2162820,2025-03-22,4.362,10,10
2162820,2025-03-26,2.84125,8,8
2162820,2025-03-30,11.046153846153846,13,13
2162820,2025-04-03,14.3245,20,20
2162820,2025-04-07,9.661333333333333,15,15
2162820,2025-04-11,18.142666666666667,15,15
2162820,2025-04-15,2.46375,16,16
2162820,2025-04-19,8.3625,16,16
2162820,2025-04-23,4.882,5,5
2162820,2025-04-27,5.6005,20,20
2162820,2025-05-01,18.5725,12,12
2162820,2025-05-05,3.364,10,10
2162820,2025-05-09,8.831428571428571,21,21
2162820,2025-05-13,9.300666666666666,15,15
2162820,2025-05-17,6.324166666666667,12,12
2162820,2025-05-21,8.252307692307692,13,13
2162820,2025-05-25,3.814285714285714,14,14
2162820,2025-05-29,2.96,14,14
2162820,2025-06-02,5.993888888888889,18,18
2162820,2025-06-06,3.0763157894736843,19,19
2162820,2025-06-10,6.345294117647059,17,17
2162820,2025-06-14,4.872,10,10
2162820,2025-06-18,4.009090909090909,11,11
2162820,2025-06-22,3.568,5,5
2162820,2025-06-26,3.919285714285714,14,14
2162820,2025-06-30,1.7561111111111112,18,18
2162820,2025-07-04,5.376153846153846,13,13
2162820,2025-07-08,2.556875,16,16
2162820,2025-07-12,5.27,1,1
2162820,2025-07-16,4.712307692307692,13,13
2162820,2025-07-20,2.210769230769231,13,13
2162820,2025-07-24,21.097857142857144,14,14
2162820,2025-07-28,3.0584615384615383,13,13
2162820,2025-08-01,2.969333333333333,15,15
2162820,2025-08-05,7.540625,16,16
2162820,2025-08-09,7.456153846153847,13,13
2162820,2025-08-13,15.446428571428571,14,14
2162820,2025-08-17,7.402,15,15
2162820,2025-08-21,5.133333333333334,15,15
2162820,2025-08-25,8.148666666666667,15,15
2162820,2025-08-29,2.407777777777778,18,18
2162820,2025-09-02,2.774,15,15
2162820,2025-09-06,4.232,15,15
2162820,2025-09-10,2.671176470588235,17,17
2162820,2025-09-14,3.665,16,16
2162820,2025-09-18,4.837777777777777,18,18
2162820,2025-09-22,4.748235294117647,17,17
2162820,2025-09-26,5.72625,16,16
2162820,2025-09-30,4.233076923076923,13,13
2162820,2025-10-04,5.485454545454545,11,11
2162820,2025-10-08,6.3488235294117645,17,17
2162820,2025-10-12,14.091249999999999,8,8
2162820,2025-10-20,3.2708333333333335,12,12
2162820,2025-10-24,3.3521052631578945,19,19
2162820,2025-10-28,6.767333333333334,15,15
2162820,2025-11-01,5.12764705882353,17,17
2162820,2025-11-05,3.6585,20,20
2162820,2025-11-09,8.221764705882354,17,17
2162820,2025-11-13,5.76125,16,16
2162820,2025-11-17,7.2325,16,16
2162820,2025-11-21,10.403333333333334,15,15
2162820,2025-11-25,7.47,11,11
2162820,2025-12-03,7.63611111111111,18,18
2162820,2025-12-07,5.631,20,20
2162820,2025-12-11,13.445,6,6
2162820,2025-12-15,1.7299999999999998,3,3
2162820,2025-12-19,7.358823529411765,17,17
2162820,2025-12-23,17.95625,16,16
2162820,2025-12-27,14.829444444444444,18,18
2162820,2025-12-31,14.082105263157894,19,19
9627,2025-01-01,153.86780085714284,7,7
9627,2025-01-09,15.31650265,20,20
9627,2025-01-17,19.39374104166667,24,24
9627,2025-01-25,11.156804333333334,12,12
9627,2025-01-29,23.837737958333335,24,24
9627,2025-02-02,14.268062714285714,7,7
9627,2025-02-06,22.247394538461542,13,13
9627,2025-02-18,20.52520829166667,24,24
9627,2025-02-26,21.826229714285713,14,14
9627,2025-03-10,14.123354285714285,14,14
9627,2025-03-14,9.605542999999999,24,24
9627,2025-03-18,17.259996375,24,24
9627,2025-03-22,20.479707958333332,24,24
9627,2025-03-26,23.447281125,24,24
9627,2025-03-30,22.213549625,24,24
9627,2025-04-03,12.769425666666669,24,24
9627,2025-04-07,10.813362391304349,23,23
9627,2025-04-11,11.110148166666667,24,24
9627,2025-04-15,11.460424541666667,24,24
9627,2025-04-19,19.175261,13,13
9627,2025-04-23,16.055968869565216,23,23
9627,2025-04-27,23.784276,4,4
9627,2025-05-01,22.3732743,10,10
9627,2025-05-05,37.79662569230769,13,13
9627,2025-05-09,14.289355,24,24
9627,2025-05-13,23.11751704166667,24,24
9627,2025-05-21,43.6049635,24,24
9627,2025-05-25,40.49542458333333,24,24
9627,2025-05-29,7.927143375,24,24
9627,2025-06-02,11.632758363636363,22,22
9627,2025-06-14,13.13931242857143,7,7
9627,2025-06-18,9.740841916666666,24,24
9627,2025-06-22,12.070267,1,1
9627,2025-06-26,10.085913125,8,8
9627,2025-06-30,11.071025583333332,24,24
9627,2025-07-04,17.953376000000002,24,24
9627,2025-07-08,13.53267275,16,16
9627,2025-07-12,14.737699541666666,24,24
9627,2025-07-16,16.691810733333334,15,15
9627,2025-07-20,12.148581708333333,24,24
9627,2025-07-24,10.697798333333333,24,24
9627,2025-07-28,10.587209291666666,24,24
9627,2025-08-01,11.417702583333332,24,24
9627,2025-08-05,10.725284583333334,24,24
9627,2025-08-13,15.156370692307691,13,13
9627,2025-08-17,12.5307197,10,10
9627,2025-08-21,12.4363308,20,20
9627,2025-08-25,15.8015814,5,5
9627,2025-08-29,12.077443500000001,24,24
9627,2025-09-02,10.350097277777778,18,18
9627,2025-09-06,15.148679,1,1
9627,2025-09-10,9.52282,10,10
9627,2025-09-18,10.843014791666667,24,24
9627,2025-09-22,9.868731869565217,23,23
9627,2025-09-26,12.603825083333334,24,24
9627,2025-09-30,11.11582525,24,24
9627,2025-10-04,12.576205083333333,24,24
9627,2025-10-08,9.82968675,24,24
9627,2025-10-16,14.71772875,16,16
9627,2025-10-20,12.827873409090909,22,22
9627,2025-10-24,15.290954291666667,24,24
9627,2025-10-28,16.219877708333332,24,24
9627,2025-11-01,18.25384353846154,13,13
9627,2025-11-05,11.036727416666666,24,24
9627,2025-11-09,22.152354708333334,24,24
9627,2025-11-17,28.180502666666666,6,6
9627,2025-11-21,29.468140666666667,24,24
9627,2025-11-25,34.69937994117647,17,17
9627,2025-11-29,19.098869708333336,24,24
9627,2025-12-03,26.18805575,4,4
9627,2025-12-07,13.171000874999999,24,24
9627,2025-12-11,12.824400904761903,21,21
9627,2025-12-15,4.0606475,10,10
9627,2025-12-19,31.531177117647054,17,17
9627,2025-12-23,6.021205625,24,24
9627,2025-12-27,24.797240291666668,24,24
9627,2025-12-31,23.44596879166667,24,24
2162308,2025-01-01,6.769230769230769,13,13
2162308,2025-01-05,14.142857142857142,14,14
2162308,2025-01-09,4.333333333333333,6,6
2162308,2025-01-17,8.5,6,6
2162308,2025-01-21,9.25,4,4
2162308,2025-01-25,6.0,13,13
2162308,2025-01-29,6.666666666666667,3,3
2162308,2025-02-02,7.333333333333333,6,6
2162308,2025-02-06,8.6,5,5
2162308,2025-02-10,8.5,4,4
2162308,2025-02-14,17.0,1,1
2162308,2025-02-18,12.6,5,5
2162308,2025-02-22,11.0,1,1
2162308,2025-03-02,6.5,2,2
2162308,2025-03-06,7.0,3,3
2162308,2025-03-10,3.0,1,1
2162308,2025-03-14,3.6666666666666665,3,3
2162308,2025-03-18,2.0,1,1
2162308,2025-03-22,4.2727272727272725,11,11
2162308,2025-03-26,5.5,2,2
2162308,2025-03-30,4.25,12,12
2162308,2025-04-03,4.0,3,3
2162308,2025-04-07,4.428571428571429,7,7
2162308,2025-04-11,8.4,5,5
2162308,2025-04-15,4.3076923076923075,13,13
2162308,2025-04-19,3.8333333333333335,12,12
2162308,2025-04-27,2.8,10,10
2162308,2025-05-01,13.0,1,1
2162308,2025-05-05,6.0,4,4
2162308,2025-05-09,7.7272727272727275,11,11
2162308,2025-05-13,5.25,8,8
2162308,2025-05-17,6.166666666666667,6,6
2162308,2025-05-21,7.714285714285714,7,7
2162308,2025-05-25,4.5,8,8
2162308,2025-05-29,14.0,3,3
2162308,2025-06-02,9.5,2,2
2162308,2025-06-06,10.0,3,3
2162308,2025-06-10,13.0,2,2
2162308,2025-06-14,16.0,2,2
2162308,2025-06-18,14.666666666666666,3,3
2162308,2025-06-22,8.833333333333334,6,6
2162308,2025-06-26,5.2,5,5
2162308,2025-06-30,11.857142857142858,7,7
2162308,2025-07-04,11.125,8,8
2162308,2025-07-08,4.8,5,5
2162308,2025-07-12,6.333333333333333,3,3
2162308,2025-07-20,7.5,4,4
2162308,2025-07-24,6.777777777777778,9,9
2162308,2025-07-28,5.4,5,5
2162308,2025-08-01,9.875,8,8
2162308,2025-08-05,15.88888888888889,9,9
2162308,2025-08-09,18.5,6,6
2162308,2025-08-13,12.833333333333334,6,6
2162308,2025-08-17,20.75,8,8
2162308,2025-08-21,9.9,10,10
2162308,2025-08-25,12.11111111111111,9,9
2162308,2025-08-29,23.0,6,6
2162308,2025-09-02,3.3333333333333335,3,3
2162308,2025-09-06,6.666666666666667,3,3
2162308,2025-09-10,3.4,5,5
2162308,2025-09-14,2.5,6,6
2162308,2025-09-18,9.0,5,5
2162308,2025-09-22,7.0,2,2
2162308,2025-09-26,4.0,1,1
2162308,2025-09-30,5.75,4,4
2162308,2025-10-04,4.6,5,5
2162308,2025-10-08,11.0,1,1
2162308,2025-10-12,2.0,1,1
2162308,2025-10-16,2.0,1,1
2162308,2025-10-20,7.142857142857143,7,7
2162308,2025-10-24,3.0,10,10
2162308,2025-10-28,4.8,5,5
2162308,2025-11-01,2.0,5,5
2162308,2025-11-05,6.6,5,5
2162308,2025-11-09,4.875,8,8
2162308,2025-11-13,10.0,3,3
2162308,2025-11-17,4.75,12,12
2162308,2025-11-21,3.5,4,4
2162308,2025-11-25,2.0,5,5
2162308,2025-11-29,19.0,2,2
2162308,2025-12-03,5.0,7,7
2162308,2025-12-07,5.111111111111111,9,9
2162308,2025-12-11,7.714285714285714,7,7
2162308,2025-12-15,4.0,2,2
2162308,2025-12-19,8.0,2,2
2162308,2025-12-23,12.0,3,3
2162308,2025-12-27,8.75,4,4
2162308,2025-12-31,17.5,2,2
4470142,2025-05-21,20.773739130434784,23,23
4470142,2025-05-25,2.1958541666666664,24,24
4470142,2025-05-29,5.760625,24,24
4470142,2025-06-02,6.621729166666667,24,24
4470142,2025-06-06,0.230375,24,24
4470142,2025-06-10,13.894374999999998,24,24
4470142,2025-06-14,8.225973684210526,19,19
4470142,2025-06-18,5.916625,8,8
4470142,2025-06-22,5.674875,24,24
4470142,2025-06-26,2.583270833333333,24,24
4470142,2025-06-30,4.566854166666666,24,24
4470142,2025-07-04,1.915375,24,24
4470142,2025-07-08,3.9929583333333336,24,24
4470142,2025-07-12,2.7253333333333334,24,24
4470142,2025-07-16,3.257375,24,24
4470142,2025-07-20,2.1271666666666667,24,24
4470142,2025-07-24,10.993375,24,24
4470142,2025-07-28,4.6309545454545455,22,22
4470142,2025-08-01,4.0585625,24,24
4470142,2025-08-05,1.7194347826086955,23,23
4470142,2025-08-09,15.118625,24,24
4470142,2025-08-13,10.987619047619049,21,21
4470142,2025-08-17,5.196630434782609,23,23
4470142,2025-08-21,5.680130434782609,23,23
4470142,2025-08-25,2.532125,24,24
4470142,2025-08-29,1.5415652173913046,23,23
4470142,2025-09-02,0.9726458333333333,24,24
4470142,2025-09-06,2.387826086956522,23,23
4470142,2025-09-10,1.7893333333333334,24,24
4470142,2025-09-14,0.2205625,24,24
4470142,2025-09-18,2.4768541666666666,24,24
4470142,2025-09-22,1.02275,24,24
4470142,2025-09-26,5.408854166666667,24,24
4470142,2025-09-30,11.92358695652174,23,23
4470142,2025-10-04,1.005782608695652,23,23
4470142,2025-10-08,6.0375000000000005,24,24
4470142,2025-10-12,15.989541666666668,24,24
4470142,2025-10-16,7.240052631578948,19,19
4470142,2025-10-20,1.9035454545454547,22,22
4470142,2025-10-24,0.0,24,24
4470142,2025-10-28,0.4963958333333333,24,24
4470142,2025-11-01,0.8977499999999999,24,24
4470142,2025-11-05,0.05228260869565217,23,23
4470142,2025-11-09,13.7735,24,24
4470142,2025-11-13,0.9621086956521738,23,23
4470142,2025-11-17,1.7555434782608694,23,23
4470142,2025-11-21,17.50047916666667,24,24
4470142,2025-11-25,7.434700000000001,20,20
4470142,2025-11-29,1.3265,2,2
4470142,2025-12-03,4.048229166666666,24,24
4470142,2025-12-07,1.8094791666666667,24,24
4470142,2025-12-11,9.3615625,24,24
4470142,2025-12-15,5.332395833333334,24,24
4470142,2025-12-19,2.8551521739130434,23,23
4470142,2025-12-23,11.0538125,24,24
4470142,2025-12-27,16.332020833333335,24,24
4470142,2025-12-31,20.1194375,24,24
3909,2025-01-01,18.333333333333332,24,24
3909,2025-01-05,7.291666666666667,24,24
3909,2025-01-09,11.458333333333334,24,24
3909,2025-01-13,10.958333333333334,24,24
3909,2025-01-17,8.083333333333334,24,24
3909,2025-01-21,21.458333333333332,24,24
3909,2025-01-25,12.125,24,24
3909,2025-01-29,12.25,24,24
3909,2025-02-02,3.7916666666666665,24,24
3909,2025-02-06,11.833333333333334,24,24
3909,2025-02-10,6.875,24,24
3909,2025-02-14,3.375,24,24
3909,2025-02-18,12.91304347826087,23,23
3909,2025-02-22,1.5833333333333333,24,24
3909,2025-02-26,9.695652173913043,23,23
3909,2025-03-02,7.541666666666667,24,24
3909,2025-03-06,2.857142857142857,21,21
3909,2025-03-10,7.041666666666667,24,24
3909,2025-03-14,7.458333333333333,24,24
3909,2025-03-18,11.75,24,24
3909,2025-03-22,11.666666666666666,24,24
3909,2025-03-26,15.434782608695652,23,23
3909,2025-03-30,2.625,24,24
3909,2025-04-03,9.458333333333334,24,24
3909,2025-04-07,19.75,24,24
3909,2025-04-11,10.0,24,24
3909,2025-04-15,20.166666666666668,24,24
3909,2025-04-19,12.166666666666666,24,24
3909,2025-04-23,12.916666666666666,24,24
3909,2025-05-09,9.958333333333334,24,24
3909,2025-05-13,7.916666666666667,24,24
3909,2025-05-17,7.125,24,24
3909,2025-05-21,9.166666666666666,24,24
3909,2025-05-25,18.833333333333332,24,24
3909,2025-05-29,5.375,24,24
3909,2025-06-02,9.666666666666666,24,24
3909,2025-06-06,5.541666666666667,24,24
3909,2025-06-10,5.391304347826087,23,23
3909,2025-06-14,7.291666666666667,24,24
3909,2025-06-18,8.173913043478262,23,23
3909,2025-06-22,6.666666666666667,24,24
3909,2025-06-26,5.791666666666667,24,24
3909,2025-06-30,4.583333333333333,24,24
3909,2025-08-25,4.2727272727272725,11,11
3909,2025-08-29,2.9130434782608696,23,23
3909,2025-09-02,8.125,24,24
3909,2025-09-06,5.458333333333333,24,24
3909,2025-09-10,6.3478260869565215,23,23
3909,2025-09-14,7.333333333333333,24,24
3909,2025-09-18,5.0,24,24
3909,2025-09-22,7.125,24,24
3909,2025-09-26,7.0,24,24
3909,2025-09-30,9.125,24,24
3909,2025-10-04,5.75,24,24
3909,2025-10-08,9.73913043478261,23,23
3909,2025-11-21,9.541666666666666,24,24
3909,2025-11-25,25.52173913043478,23,23
3909,2025-11-29,17.875,24,24
3909,2025-12-03,16.043478260869566,23,23
3909,2025-12-07,8.083333333333334,24,24
3909,2025-12-11,12.791666666666666,24,24
3909,2025-12-15,13.75,24,24
3909,2025-12-19,6.291666666666667,24,24
3909,2025-12-23,9.08695652173913,23,23
3909,2025-12-27,3.6666666666666665,24,24
3909,2025-12-31,3.652173913043478,23,23
10508,2025-01-01,14.299999999999999,24,24
10508,2025-01-05,26.84166666666667,24,24
10508,2025-01-09,18.145833333333332,24,24
10508,2025-01-13,15.700000000000001,24,24
10508,2025-01-17,18.787499999999998,24,24
10508,2025-01-21,27.204166666666666,24,24
10508,2025-01-25,9.979166666666666,24,24
10508,2025-01-29,13.133333333333333,24,24
10508,2025-02-02,15.970833333333333,24,24
10508,2025-02-06,14.450000000000001,24,24
10508,2025-02-10,39.237500000000004,24,24
10508,2025-02-14,11.225,24,24
10508,2025-02-18,20.495833333333334,24,24
10508,2025-02-22,37.92916666666667,24,24
10508,2025-02-26,27.77916666666667,24,24
10508,2025-03-02,18.041666666666668,24,24
10508,2025-03-06,26.349999999999998,24,24
10508,2025-03-10,58.050000000000004,24,24
10508,2025-03-14,21.645833333333332,24,24
10508,2025-03-18,13.004166666666668,24,24
10508,2025-03-22,18.608333333333334,24,24
10508,2025-03-26,18.337500000000002,24,24
10508,2025-03-30,10.978260869565217,23,23
10508,2025-04-03,8.533333333333333,24,24
10508,2025-04-07,8.320833333333333,24,24
10508,2025-04-11,14.554166666666667,24,24
10508,2025-04-15,16.349999999999998,24,24
10508,2025-04-19,9.579166666666667,24,24
10508,2025-04-23,15.866666666666667,24,24
10508,2025-04-27,6.5375000000000005,24,24
10508,2025-05-01,11.621052631578948,19,19
10508,2025-05-05,5.193333333333333,15,15
10508,2025-05-09,10.5,24,24
10508,2025-05-13,11.533333333333333,24,24
10508,2025-05-17,8.066666666666666,24,24
10508,2025-05-21,12.3375,24,24
10508,2025-05-25,9.516666666666667,24,24
10508,2025-05-29,7.695833333333333,24,24
10508,2025-06-02,11.983333333333334,24,24
10508,2025-06-06,7.745833333333334,24,24
10508,2025-06-10,16.849999999999998,24,24
10508,2025-06-14,9.35,24,24
10508,2025-06-18,12.262500000000001,24,24
10508,2025-06-22,12.0625,24,24
10508,2025-06-26,7.854166666666667,24,24
10508,2025-06-30,8.758333333333333,24,24
10508,2025-07-04,5.641666666666667,24,24
10508,2025-07-08,6.78695652173913,23,23
10508,2025-07-12,5.1375,24,24
10508,2025-07-16,8.47391304347826,23,23
10508,2025-07-20,14.35,24,24
10508,2025-07-24,8.030434782608696,23,23
10508,2025-07-28,9.959090909090909,22,22
10508,2025-08-01,8.486956521739131,23,23
10508,2025-08-05,8.679166666666667,24,24
10508,2025-08-09,11.416666666666666,24,24
10508,2025-08-13,10.569565217391304,23,23
10508,2025-08-17,4.682608695652174,23,23
10508,2025-08-21,5.378260869565217,23,23
10508,2025-08-25,4.1499999999999995,24,24
10508,2025-08-29,13.208333333333334,24,24
10508,2025-09-02,7.533333333333334,24,24
10508,2025-09-06,5.145833333333333,24,24
10508,2025-09-10,10.458333333333334,24,24
10508,2025-09-14,5.408333333333334,24,24
10508,2025-09-18,8.0875,24,24
10508,2025-09-22,5.5375000000000005,24,24
10508,2025-09-26,5.666666666666667,24,24
10508,2025-09-30,10.916666666666666,24,24
10508,2025-10-04,12.508333333333333,24,24
10508,2025-10-08,9.904166666666667,24,24
10508,2025-10-12,4.918181818181818,22,22
10508,2025-10-16,7.745454545454546,11,11
10508,2025-10-20,14.447368421052632,19,19
10508,2025-10-24,5.120833333333334,24,24
10508,2025-10-28,5.721739130434782,23,23
10508,2025-11-01,13.0375,24,24
10508,2025-11-05,11.991666666666667,24,24
10508,2025-11-09,22.604166666666668,24,24
10508,2025-11-13,10.395652173913044,23,23
10508,2025-11-17,8.673913043478262,23,23
10508,2025-11-21,9.4375,24,24
10508,2025-11-25,31.026315789473685,19,19
10508,2025-11-29,16.35,2,2
10508,2025-12-03,21.8625,24,24
10508,2025-12-07,13.674999999999999,24,24
10508,2025-12-11,12.3375,24,24
10508,2025-12-15,14.983333333333334,24,24
10508,2025-12-19,12.486363636363636,22,22
10508,2025-12-23,13.9,24,24
10508,2025-12-27,11.629166666666668,24,24
10508,2025-12-31,16.404166666666665,24,24
4643,2025-01-01,11.078186895833333,24,24
4643,2025-01-05,2.3618955416666667,24,24
4643,2025-01-09,1.8727040454545454,22,24
4643,2025-01-13,7.576499692307692,13,17
4643,2025-01-17,7.293793588235294,17,17
4643,2025-01-21,16.759666361904763,21,24
4643,2025-01-25,6.710863340909091,22,24
4643,2025-01-29,2.6974768636363637,22,24
4643,2025-02-02,10.570412452173914,23,24
4643,2025-02-06,12.5398953625,24,24
4643,2025-02-10,25.388145879166668,24,24
4643,2025-02-14,10.013312195833334,24,24
4643,2025-02-18,21.11855575555556,9,24
4643,2025-02-22,24.642652026086957,23,24
4643,2025-02-26,2.4065996,5,6
4643,2025-03-02,7.004999333333333,3,3
4643,2025-03-06,6.4249313,22,24
4643,2025-03-10,7.036811954166667,24,24
4643,2025-03-14,6.02782435,20,24
4643,2025-03-18,4.011689995238095,21,24
4643,2025-03-22,13.89337222173913,23,24
4643,2025-03-26,8.506458972222223,18,24
4643,2025-04-03,6.757734769565218,23,24
4643,2025-04-07,2.94916825,24,24
4643,2025-04-11,7.972166831818182,22,24
4643,2025-04-15,0.6081141250000001,24,24
4643,2025-04-23,4.90077431111111,9,9
4643,2025-04-27,5.756104791666666,24,24
4643,2025-05-01,5.82492157,20,20
4643,2025-05-05,2.005571285714286,14,17
4643,2025-05-09,5.674789190476191,21,24
4643,2025-05-13,6.063091909090909,22,24
4643,2025-05-17,4.38483775,8,19
4643,2025-05-21,5.517368,19,24
4643,2025-05-25,4.65292952173913,23,24
4643,2025-05-29,2.8832132,15,24
4643,2025-06-02,3.992767117647059,17,24
4643,2025-06-06,3.9938549,10,24
4643,2025-06-10,12.400483013333334,15,24
4643,2025-06-14,7.607660005555555,18,24
4643,2025-06-18,7.046829764285714,14,23
4643,2025-06-22,8.364932016666666,18,24
4643,2025-06-26,5.731371583333334,24,24
4643,2025-06-30,6.2047865,22,24
4643,2025-07-04,5.9852616521739135,23,24
4643,2025-07-08,2.1648938,20,24
4643,2025-07-12,3.300248272727273,22,24
4643,2025-07-16,3.9343204736842106,19,24
4643,2025-07-20,4.3613090833333334,24,24
4643,2025-07-24,4.977987590909091,22,24
4643,2025-07-28,2.5929944285714286,21,22
4643,2025-08-01,2.5441814583333335,24,24
4643,2025-08-05,2.606068380952381,21,24
4643,2025-08-09,7.660685999999999,24,24
4643,2025-08-13,9.20277350909091,22,24
4643,2025-08-17,8.390991082608696,23,23
4643,2025-08-21,5.066673909090909,22,24
4643,2025-08-25,3.7299656666666667,24,24
4643,2025-08-29,3.029917708333333,24,24
4643,2025-09-02,2.2368497727272727,22,24
4643,2025-09-06,1.3334202727272726,22,24
4643,2025-09-10,2.9498185217391306,23,24
4643,2025-09-14,2.1107872272727275,22,24
4643,2025-09-18,2.382059238095238,21,24
4643,2025-09-22,6.984267173913044,23,24
4643,2025-10-04,3.31691,13,24
4643,2025-10-20,5.2251862,5,5
4643,2025-10-24,1.105563625,24,24
4643,2025-10-28,2.62075695,22,24
4643,2025-11-01,9.0655584,11,11
4643,2025-11-05,3.805426809090909,22,24
4643,2025-11-09,10.58329945,24,24
4643,2025-11-13,5.7715799,22,23
4643,2025-11-17,7.763190738095238,21,23
4643,2025-11-21,6.6428347125,24,24
4643,2025-11-25,18.1522249625,8,20
4643,2025-11-29,3.5391674999999996,2,2
4643,2025-12-03,5.362907869565217,23,24
4643,2025-12-07,3.5791971304347827,23,24
4643,2025-12-11,9.692264484999999,20,24
4643,2025-12-15,5.993133105,20,24
4643,2025-12-19,6.642403413636364,22,23
4643,2025-12-23,8.601104018181818,22,24
4643,2025-12-27,11.262592363157895,19,24
4643,2025-12-31,8.407555566666668,24,24
2742,2025-01-01,19.142857142857142,21,21
2742,2025-01-05,2.6363636363636362,22,22
2742,2025-01-09,13.714285714285714,7,7
2742,2025-01-17,15.666666666666666,6,6
2742,2025-01-21,16.333333333333332,3,3
2742,2025-01-25,5.333333333333333,12,12
2742,2025-01-29,4.7,10,10
2742,2025-02-02,5.2,10,10
2742,2025-02-06,15.25,8,8
2742,2025-02-10,10.5,8,8
2742,2025-02-14,12.285714285714286,7,7
2742,2025-02-18,19.571428571428573,7,7
2742,2025-02-22,5.666666666666667,3,3
2742,2025-02-26,7.333333333333333,3,3
2742,2025-03-02,8.333333333333334,3,3
2742,2025-03-06,12.25,4,4
2742,2025-03-10,8.75,8,8
2742,2025-03-14,7.6,5,5
2742,2025-03-18,14.666666666666666,6,6
2742,2025-03-22,6.090909090909091,11,11
2742,2025-03-26,10.875,8,8
2742,2025-03-30,7.666666666666667,15,15
2742,2025-04-03,8.25,8,8
2742,2025-04-07,6.125,8,8
2742,2025-04-11,18.0,8,8
2742,2025-04-15,7.625,8,8
2742,2025-04-19,6.857142857142857,14,14
2742,2025-04-23,7.6,5,5
2742,2025-04-27,7.166666666666667,18,18
2742,2025-05-05,6.857142857142857,7,7
2742,2025-05-09,8.333333333333334,18,18
2742,2025-05-13,5.818181818181818,11,11
2742,2025-05-17,8.875,8,8
2742,2025-05-21,13.428571428571429,7,7
2742,2025-05-25,4.5,6,6
2742,2025-05-29,8.0,6,6
2742,2025-06-02,5.571428571428571,7,7
2742,2025-06-06,4.6,5,5
2742,2025-06-10,10.714285714285714,7,7
2742,2025-06-14,10.875,8,8
2742,2025-06-18,9.333333333333334,6,6
2742,2025-06-22,10.666666666666666,9,9
2742,2025-06-26,5.5,2,2
2742,2025-06-30,13.583333333333334,12,12
2742,2025-07-04,9.0,12,12
2742,2025-07-08,5.875,8,8
2742,2025-07-12,12.75,12,12
2742,2025-07-20,2.6666666666666665,3,3
2742,2025-07-24,9.166666666666666,12,12
2742,2025-07-28,7.142857142857143,7,7
2742,2025-08-01,6.083333333333333,12,12
2742,2025-08-05,7.090909090909091,11,11
2742,2025-08-09,7.8,10,10
2742,2025-08-13,15.625,8,8
2742,2025-08-17,12.2,10,10
2742,2025-08-21,7.6,10,10
2742,2025-08-25,10.0,12,12
2742,2025-08-29,7.5,10,10
2742,2025-09-02,5.8,5,5
2742,2025-09-06,9.75,4,4
2742,2025-09-10,2.0,6,6
2742,2025-09-14,4.25,8,8
2742,2025-09-18,16.833333333333332,6,6
2742,2025-09-26,9.0,4,4
2742,2025-09-30,7.5,4,4
2742,2025-10-04,11.6,5,5
2742,2025-10-08,10.333333333333334,6,6
2742,2025-10-12,15.0,2,2
2742,2025-10-16,11.5,2,2
2742,2025-10-20,5.888888888888889,9,9
2742,2025-10-24,5.583333333333333,12,12
2742,2025-10-28,18.2,5,5
2742,2025-11-01,6.7,10,10
2742,2025-11-05,7.166666666666667,6,6
2742,2025-11-09,7.5,8,8
2742,2025-11-13,5.25,8,8
2742,2025-11-17,4.642857142857143,14,14
2742,2025-11-21,7.833333333333333,6,6
2742,2025-11-25,4.625,8,8
2742,2025-11-29,3.5,2,2
2742,2025-12-03,5.923076923076923,13,13
2742,2025-12-07,12.0,8,8
2742,2025-12-11,11.727272727272727,11,11
2742,2025-12-15,16.166666666666668,6,6
2742,2025-12-19,9.0,1,1
2742,2025-12-23,6.428571428571429,7,7
2742,2025-12-27,16.833333333333332,6,6
2742,2025-12-31,11.6,5,5
2942,2025-01-01,1.6069791666666668,24,24
2942,2025-01-05,1.3063541666666667,24,24
2942,2025-01-09,6.209,24,24
2942,2025-01-13,20.47342857142857,14,14
2942,2025-01-17,16.459611111111112,18,18
2942,2025-01-21,29.58023076923077,13,13
2942,2025-01-25,2.7279375,24,24
2942,2025-01-29,1.0392916666666667,24,24
2942,2025-02-02,17.88325,24,24
2942,2025-02-06,18.386895833333334,24,24
2942,2025-02-10,37.6463125,24,24
2942,2025-02-14,31.360812499999998,24,24
2942,2025-02-18,21.167020833333336,24,24
2942,2025-02-22,3.682,24,24
2942,2025-02-26,7.1979,5,5
2942,2025-03-02,18.769666666666666,3,3
2942,2025-03-06,9.401854166666666,24,24
2942,2025-03-10,29.849875,24,24
2942,2025-03-14,4.536895833333333,24,24
2942,2025-03-18,2.3063958333333336,24,24
2942,2025-03-22,1.6281666666666668,24,24
2942,2025-03-26,7.45778125,16,16
2942,2025-03-30,5.638086956521739,23,23
2942,2025-04-03,9.321270833333333,24,24
2942,2025-04-07,2.511979166666667,24,24
2942,2025-04-11,17.278875,24,24
2942,2025-04-15,2.9107708333333338,24,24
2942,2025-04-19,3.0616041666666667,24,24
2942,2025-04-23,1.0041666666666667,9,9
2942,2025-04-27,4.264666666666666,3,3
2942,2025-05-01,5.16642105263158,19,19
2942,2025-05-05,3.71065625,16,16
2942,2025-05-09,0.9230625,24,24
2942,2025-05-13,2.8544583333333335,24,24
2942,2025-05-17,10.55964705882353,17,17
2942,2025-05-21,8.7571875,24,24
2942,2025-05-25,1.6725833333333335,24,24
2942,2025-05-29,3.7062708333333334,24,24
2942,2025-06-02,5.473416666666666,24,24
2942,2025-06-06,0.2401875,24,24
2942,2025-06-10,11.456729166666667,24,24
2942,2025-06-14,6.057645833333333,24,24
2942,2025-06-18,7.125375,20,20
2942,2025-06-22,3.388583333333333,24,24
2942,2025-06-26,0.60125,24,24
2942,2025-06-30,2.1059791666666667,24,24
2942,2025-07-04,0.4364791666666667,24,24
2942,2025-07-08,0.9235833333333333,24,24
2942,2025-07-12,3.4541874999999997,24,24
2942,2025-07-16,0.32541666666666663,24,24
2942,2025-07-20,1.3218541666666666,24,24
2942,2025-07-24,7.528291666666667,24,24
2942,2025-07-28,2.048909090909091,22,22
2942,2025-08-01,1.9902708333333334,24,24
2942,2025-08-05,0.029958333333333333,24,24
2942,2025-08-09,7.574270833333333,24,24
2942,2025-08-13,8.817625,24,24
2942,2025-08-17,1.9803043478260869,23,23
2942,2025-08-21,3.460395833333333,24,24
2942,2025-08-25,1.6111041666666666,24,24
2942,2025-08-29,0.06252173913043478,23,23
2942,2025-09-02,0.014979166666666667,24,24
2942,2025-09-06,0.6317291666666667,24,24
2942,2025-09-10,1.6720625,24,24
2942,2025-09-14,0.3915416666666667,24,24
2942,2025-09-18,1.9179375,24,24
2942,2025-09-22,1.3492083333333333,24,24
2942,2025-09-26,5.907333333333334,24,24
2942,2025-09-30,12.826645833333332,24,24
2942,2025-10-04,0.9378695652173912,23,23
2942,2025-10-08,4.8447708333333335,24,24
2942,2025-10-12,16.694645833333333,24,24
2942,2025-10-16,5.986605263157895,19,19
2942,2025-10-20,1.464568181818182,22,22
2942,2025-10-24,0.0,24,24
2942,2025-10-28,0.49174999999999996,24,24
2942,2025-11-01,0.1900833333333333,24,24
2942,2025-11-05,0.0,24,24
2942,2025-11-09,10.751624999999999,24,24
2942,2025-11-13,0.30776086956521737,23,23
2942,2025-11-17,2.344695652173913,23,23
2942,2025-11-21,16.835666666666665,24,24
2942,2025-11-25,5.917875,20,20
2942,2025-11-29,0.3595,2,2
2942,2025-12-03,3.4893125,24,24
2942,2025-12-07,0.19525,24,24
2942,2025-12-11,2.1250833333333334,24,24
2942,2025-12-15,2.9753333333333334,24,24
2942,2025-12-19,2.278413043478261,23,23
2942,2025-12-23,10.6911875,24,24
2942,2025-12-27,17.278875,24,24
2942,2025-12-31,20.260458333333332,24,24
10903,2025-02-22,69.2008695652174,92,92
10903,2025-02-26,62.766413043478266,92,92
10903,2025-03-02,75.634,90,90
10903,2025-03-06,77.67310344827587,87,87
10903,2025-03-10,108.6152808988764,89,89
10903,2025-03-14,39.120000000000005,93,93
10903,2025-03-18,61.534285714285716,91,91
10903,2025-03-22,109.45043956043956,91,91
10903,2025-03-26,132.05547619047618,84,84
10903,2025-03-30,104.16494505494505,91,91
10903,2025-04-03,106.78632183908046,87,87
10903,2025-04-07,54.65337078651685,89,89
10903,2025-04-11,86.52437499999999,16,16
10903,2025-04-19,56.270777777777774,90,90
10903,2025-04-23,80.62191780821917,73,73
10903,2025-04-27,26.637608695652172,92,92
10903,2025-05-01,53.01534090909092,88,88
10903,2025-05-05,34.86573033707865,89,89
10903,2025-05-09,53.42065217391304,46,46
10903,2025-05-13,27.860000000000003,51,51
10903,2025-05-17,18.195588235294117,34,34
10903,2025-05-21,22.27202702702703,74,74
10903,2025-05-25,34.73692307692308,65,65
10903,2025-05-29,11.42054945054945,91,91
10903,2025-06-06,35.00774193548387,93,93
10903,2025-06-10,23.619418604651162,86,86
10903,2025-06-14,24.80173913043478,92,92
10903,2025-06-18,10.237738095238095,84,84
10903,2025-06-26,18.475783132530122,83,83
10903,2025-06-30,22.337321428571432,56,56
10903,2025-07-04,19.819473684210525,76,76
10903,2025-07-08,14.793522727272727,88,88
10903,2025-07-12,24.363586956521736,92,92
10903,2025-07-16,21.297777777777778,90,90
10903,2025-07-20,23.157349397590362,83,83
10903,2025-07-24,34.0025,84,84
10903,2025-07-28,10.220869565217392,92,92
10903,2025-08-01,14.902857142857142,21,21
10903,2025-08-05,20.10162162162162,74,74
10903,2025-08-09,20.06475,80,80
10903,2025-08-17,20.836521739130436,23,23
10903,2025-08-21,23.25494382022472,89,89
10903,2025-09-02,18.04720930232558,86,86
10903,2025-09-06,22.520879120879123,91,91
10903,2025-09-10,36.73730337078651,89,89
10903,2025-09-14,14.4375,92,92
10903,2025-09-18,20.422083333333333,72,72
10903,2025-09-22,23.011011235955056,89,89
10903,2025-09-26,35.163066666666666,75,75
10903,2025-09-30,29.604021739130438,92,92
10903,2025-10-04,13.552473118279572,93,93
10903,2025-10-08,33.27039215686275,51,51
10903,2025-10-12,25.368241758241762,91,91
10903,2025-10-16,41.54034090909091,88,88
10903,2025-10-20,70.07387096774194,62,62
10903,2025-10-24,36.16177777777778,45,45
10903,2025-10-28,59.45210526315789,19,19
10903,2025-11-01,19.132345679012346,81,81
10903,2025-11-05,31.852988505747128,87,87
10903,2025-11-09,49.57076086956522,92,92
10903,2025-11-13,75.75483870967741,93,93
10903,2025-11-17,53.166,90,90
10903,2025-11-21,68.23285714285714,91,91
10903,2025-11-25,68.61195652173913,92,92
10903,2025-11-29,69.18470588235294,85,85
10903,2025-12-07,99.34630434782609,92,92
10903,2025-12-11,85.08638888888889,72,72
10903,2025-12-15,61.00962025316456,79,79
10903,2025-12-19,114.59193181818182,88,88
10903,2025-12-23,7.374252873563218,87,87
10903,2025-12-27,0.5263157894736842,76,76
10903,2025-12-31,0.36666666666666664,90,90
2162620,2025-01-01,14.933333333333332,3,3
2162620,2025-01-05,4.8,24,24
2162620,2025-01-09,7.514285714285714,14,14
2162620,2025-01-13,7.1,4,4
2162620,2025-01-17,31.055555555555557,18,18
2162620,2025-01-21,68.72380952380952,21,21
2162620,2025-01-25,6.186956521739131,23,23
2162620,2025-01-29,4.947619047619048,21,21
2162620,2025-02-02,20.845833333333335,24,24
2162620,2025-02-06,8.738095238095237,21,21
2162620,2025-02-10,7.5260869565217385,23,23
2162620,2025-02-14,9.116666666666667,24,24
2162620,2025-02-18,19.27,20,20
2162620,2025-02-22,6.0285714285714285,21,21
2162620,2025-02-26,5.1,4,4
2162620,2025-03-02,7.433333333333334,3,3
2162620,2025-03-06,6.554545454545454,22,22
2162620,2025-03-10,3.643478260869565,23,23
2162620,2025-03-14,12.578947368421053,19,19
2162620,2025-03-18,8.35625,16,16
2162620,2025-03-22,2.4130434782608696,23,23
2162620,2025-03-26,15.29090909090909,11,11
2162620,2025-03-30,5.495238095238095,21,21
2162620,2025-04-03,4.447619047619048,21,21
2162620,2025-04-07,10.452631578947368,19,19
2162620,2025-04-11,6.4875,24,24
2162620,2025-04-15,4.140909090909091,22,22
2162620,2025-04-19,2.7045454545454546,22,22
2162620,2025-04-27,12.214285714285714,21,21
2162620,2025-05-01,4.866666666666666,6,6
2162620,2025-05-05,4.435714285714286,14,14
2162620,2025-05-09,4.92,20,20
2162620,2025-05-13,3.0571428571428574,21,21
2162620,2025-05-17,6.458333333333333,12,12
2162620,2025-05-21,6.99,20,20
2162620,2025-05-25,3.7421052631578946,19,19
2162620,2025-05-29,2.96875,16,16
2162620,2025-06-02,8.52,15,15
2162620,2025-06-06,3.4647058823529413,17,17
2162620,2025-06-10,19.428571428571427,14,14
2162620,2025-06-14,9.246666666666666,15,15
2162620,2025-06-18,7.123529411764705,17,17
2162620,2025-06-22,11.45,20,20
2162620,2025-06-26,4.616666666666666,18,18
2162620,2025-06-30,9.25263157894737,19,19
2162620,2025-07-04,6.4,20,20
2162620,2025-07-08,4.845000000000001,20,20
2162620,2025-07-12,10.7,20,20
2162620,2025-07-16,7.993333333333334,15,15
2162620,2025-07-20,5.252380952380952,21,21
2162620,2025-07-24,4.264705882352941,17,17
2162620,2025-07-28,6.1875,16,16
2162620,2025-08-01,3.294736842105263,19,19
2162620,2025-08-05,4.533333333333334,18,18
2162620,2025-08-09,7.699999999999999,6,6
2162620,2025-08-13,22.24285714285714,14,14
2162620,2025-08-17,18.91764705882353,17,17
2162620,2025-08-21,9.145454545454545,11,11
2162620,2025-08-25,8.75,10,10
2162620,2025-08-29,5.585,20,20
2162620,2025-09-02,5.510526315789474,19,19
2162620,2025-09-06,3.6999999999999997,19,19
2162620,2025-09-10,4.538888888888889,18,18
2162620,2025-09-14,4.738888888888889,18,18
2162620,2025-09-18,5.536842105263158,19,19
2162620,2025-09-22,2.5833333333333335,18,18
2162620,2025-09-26,5.8950000000000005,20,20
2162620,2025-09-30,5.661111111111111,18,18
2162620,2025-10-04,4.053333333333334,15,15
2162620,2025-10-08,6.957894736842104,19,19
2162620,2025-10-12,6.055555555555555,18,18
2162620,2025-10-16,7.477777777777778,9,9
2162620,2025-10-20,4.515384615384615,13,13
2162620,2025-10-24,3.6739130434782608,23,23
2162620,2025-10-28,3.1809523809523808,21,21
2162620,2025-11-01,3.9666666666666663,21,21
2162620,2025-11-05,4.4,23,23
2162620,2025-11-09,10.495833333333334,24,24
2162620,2025-11-13,6.285714285714286,21,21
2162620,2025-11-17,6.10952380952381,21,21
2162620,2025-11-21,6.740909090909091,22,22
2162620,2025-11-25,3.788888888888889,18,18
2162620,2025-11-29,8.350000000000001,2,2
2162620,2025-12-03,3.773913043478261,23,23
2162620,2025-12-07,10.126086956521739,23,23
2162620,2025-12-11,15.06842105263158,19,19
2162620,2025-12-15,12.022222222222222,18,18
2162620,2025-12-19,7.122727272727272,22,22
2162620,2025-12-23,7.334782608695652,23,23
2162620,2025-12-27,6.108695652173913,23,23
2162620,2025-12-31,13.26086956521739,23,23
5205,2025-01-01,16.534583333333334,24,24
5205,2025-01-05,28.958291666666668,24,24
5205,2025-01-09,31.112428571428573,7,7
5205,2025-01-13,3.4133923076923076,13,13
5205,2025-01-17,51.43766666666667,18,18
5205,2025-01-21,38.32641666666667,24,24
5205,2025-01-25,30.998125,24,24
5205,2025-01-29,16.74808260869565,23,23
5205,2025-02-02,23.436916666666665,24,24
5205,2025-02-06,27.107,24,24
5205,2025-02-10,33.534,23,23
5205,2025-02-14,26.512708333333332,24,24
5205,2025-02-18,23.117041666666665,24,24
5205,2025-02-22,44.876444444444445,18,18
5205,2025-02-26,66.2822,5,5
5205,2025-03-02,10.091433333333333,3,3
5205,2025-03-06,37.7974347826087,23,23
5205,2025-03-10,45.011130434782615,23,23
5205,2025-03-14,9.917469565217392,23,23
5205,2025-03-18,7.2988739130434785,23,23
5205,2025-03-22,20.277041666666666,24,24
5205,2025-03-26,14.28140625,16,16
5205,2025-03-30,17.182652173913045,23,23
5205,2025-04-03,8.8314375,24,24
5205,2025-04-07,12.68991304347826,23,23
5205,2025-04-11,10.48218695652174,23,23
5205,2025-04-15,11.72658,15,15
5205,2025-04-19,8.614520833333334,24,24
5205,2025-04-23,17.156233333333333,9,9
5205,2025-04-27,5.420675,24,24
5205,2025-05-01,12.592055555555556,18,18
5205,2025-05-05,5.471621428571429,14,14
5205,2025-05-09,5.679100000000001,24,24
5205,2025-05-13,6.6386521739130435,23,23
5205,2025-05-17,4.7461,17,17
5205,2025-05-21,10.601625,24,24
5205,2025-05-25,6.998191666666667,24,24
5205,2025-05-29,4.837808333333333,24,24
5205,2025-06-02,17.179095652173913,23,23
5205,2025-06-06,20.632991304347826,23,23
5205,2025-06-10,7.381521739130435,23,23
5205,2025-06-14,8.4104625,24,24
5205,2025-06-18,14.947174999999998,20,20
5205,2025-06-22,9.006654166666667,24,24
5205,2025-06-26,15.791377272727273,22,22
5205,2025-06-30,12.04835,24,24
5205,2025-07-04,13.977075,24,24
5205,2025-07-08,9.4186625,24,24
5205,2025-07-12,6.131916666666666,24,24
5205,2025-07-16,9.752322727272727,22,22
5205,2025-07-20,12.849804166666667,24,24
5205,2025-07-24,14.298633333333333,21,21
5205,2025-07-28,6.994285714285714,21,21
5205,2025-08-01,7.731620833333333,24,24
5205,2025-08-05,10.172365217391304,23,23
5205,2025-08-09,14.50755,24,24
5205,2025-08-13,12.496547826086955,23,23
5205,2025-08-17,13.887326086956522,23,23
5205,2025-08-21,10.642979166666667,24,24
5205,2025-08-25,4.7223,23,23
5205,2025-08-29,15.211845833333333,24,24
5205,2025-09-02,14.607720833333333,24,24
5205,2025-09-06,12.179017391304347,23,23
5205,2025-09-10,10.103158333333333,24,24
5205,2025-09-14,5.795166666666667,24,24
5205,2025-09-18,8.0281125,24,24
5205,2025-09-22,13.5073125,24,24
5205,2025-09-26,3.4481954545454543,22,22
5205,2025-09-30,4.339604761904762,21,21
5205,2025-10-04,7.5543956521739135,23,23
5205,2025-10-08,7.0379875,24,24
5205,2025-10-12,6.966254545454546,22,22
5205,2025-10-16,11.28430909090909,11,11
5205,2025-10-20,10.898457894736842,19,19
5205,2025-10-24,8.066320000000001,20,20
5205,2025-10-28,4.167921739130435,23,23
5205,2025-11-01,17.5621,24,24
5205,2025-11-05,11.922509090909092,22,22
5205,2025-11-09,11.7797875,24,24
5205,2025-11-13,7.201313043478261,23,23
5205,2025-11-17,20.38957142857143,21,21
5205,2025-11-21,7.094741666666667,24,24
5205,2025-11-25,17.529333333333334,9,9
5205,2025-11-29,22.726,2,2
5205,2025-12-03,14.984357142857144,14,14
5205,2025-12-07,23.0619,10,10
5205,2025-12-11,25.62405882352941,17,17
5205,2025-12-15,4.829272222222222,18,18
5205,2025-12-19,45.182086956521744,23,23
5205,2025-12-23,19.973945454545454,22,22
5205,2025-12-27,19.680316666666666,24,24
5205,2025-12-31,10.436808333333333,24,24
3057947,2025-01-01,3.7883333333333336,6,6
3057947,2025-01-05,12.415,4,4
3057947,2025-01-09,21.695,4,4
3057947,2025-01-13,12.383333333333333,3,3
3057947,2025-01-17,31.23,51,51
3057947,2025-01-21,35.627857142857145,28,28
3057947,2025-01-25,10.079318181818183,44,44
3057947,2025-01-29,8.341886792452831,53,53
3057947,2025-02-02,24.580312499999998,32,32
3057947,2025-02-06,10.5246875,32,32
3057947,2025-02-10,46.189473684210526,57,57
3057947,2025-02-14,26.877236842105265,76,76
3057947,2025-02-18,36.186571428571426,70,70
3057947,2025-02-22,11.562407407407408,54,54
3057947,2025-02-26,5.986666666666666,42,42
3057947,2025-03-02,24.31234375,64,64
3057947,2025-03-06,22.745102040816327,49,49
3057947,2025-03-10,51.58981132075472,53,53
3057947,2025-03-14,15.921833333333334,60,60
3057947,2025-03-18,14.465166666666667,60,60
3057947,2025-03-22,13.514,55,55
3057947,2025-03-26,17.622678571428573,56,56
3057947,2025-03-30,8.723333333333333,60,60
3057947,2025-04-03,20.676511627906976,43,43
3057947,2025-04-07,9.175344827586207,58,58
3057947,2025-04-11,19.905074626865673,67,67
3057947,2025-04-15,16.59046153846154,65,65
3057947,2025-04-19,13.21577777777778,45,45
3057947,2025-04-23,4.080454545454545,44,44
3057947,2025-04-27,25.886271186440677,59,59
3057947,2025-05-01,18.84285714285714,49,49
3057947,2025-05-05,5.149423076923076,52,52
3057947,2025-05-09,10.295925925925927,54,54
3057947,2025-05-13,12.781842105263157,38,38
3057947,2025-05-17,10.455438596491229,57,57
3057947,2025-05-21,10.381333333333334,15,15
3057947,2025-05-25,5.557878787878788,33,33
3057947,2025-05-29,6.343333333333334,42,42
3057947,2025-06-02,6.4383333333333335,54,54
3057947,2025-06-06,5.673243243243244,37,37
3057947,2025-06-10,8.273684210526316,38,38
3057947,2025-06-14,9.39962962962963,27,27
3057947,2025-06-18,9.389999999999999,26,26
3057947,2025-06-22,8.633378378378378,74,74
3057947,2025-06-26,6.77025,40,40
3057947,2025-06-30,7.85139534883721,43,43
3057947,2025-07-04,8.013695652173913,46,46
3057947,2025-07-08,6.952162162162162,37,37
3057947,2025-07-12,7.992567567567568,74,74
3057947,2025-07-16,7.02859375,64,64
3057947,2025-07-20,5.506785714285714,56,56
3057947,2025-07-24,11.238260869565218,69,69
3057947,2025-07-28,9.440967741935484,62,62
3057947,2025-08-01,6.599146341463414,82,82
3057947,2025-08-05,6.461363636363636,66,66
3057947,2025-08-09,7.86,76,76
3057947,2025-08-13,16.32907894736842,76,76
3057947,2025-08-17,7.198904109589041,73,73
3057947,2025-08-21,5.900422535211268,71,71
3057947,2025-08-25,7.998846153846154,52,52
3057947,2025-08-29,6.34047619047619,63,63
3057947,2025-09-02,4.220625,64,64
3057947,2025-09-06,6.360597014925373,67,67
3057947,2025-09-10,4.556923076923077,13,13
3057947,2025-09-14,4.804383561643836,73,73
3057947,2025-09-18,4.137164179104477,67,67
3057947,2025-09-22,6.831186440677967,59,59
3057947,2025-09-26,7.432631578947368,57,57
3057947,2025-09-30,12.665555555555555,63,63
3057947,2025-10-04,6.050428571428571,70,70
3057947,2025-10-08,8.884888888888888,45,45
3057947,2025-10-12,22.278627450980395,51,51
3057947,2025-10-16,6.417868852459017,61,61
3057947,2025-10-20,13.983571428571427,42,42
3057947,2025-10-24,3.92625,8,8
3057947,2025-10-28,5.725483870967742,62,62
3057947,2025-11-01,6.488219178082192,73,73
3057947,2025-11-05,6.009295774647888,71,71
3057947,2025-11-09,15.882238805970152,67,67
3057947,2025-11-13,6.584117647058823,17,17
3057947,2025-11-17,6.576818181818182,66,66
3057947,2025-11-21,18.559846153846156,65,65
3057947,2025-11-25,7.498333333333333,60,60
3057947,2025-11-29,4.569230769230769,65,65
3057947,2025-12-03,5.566714285714286,70,70
3057947,2025-12-07,4.535166666666667,60,60
3057947,2025-12-11,6.025333333333333,60,60
3057947,2025-12-15,11.178780487804877,41,41
3057947,2025-12-19,4.61,52,52
3057947,2025-12-23,28.262272727272727,44,44
3057947,2025-12-27,8.06955223880597,67,67
3057947,2025-12-31,33.00686567164179,67,67
2960653,2025-01-01,21.452345679012346,81,81
2960653,2025-01-05,50.491166666666665,60,60
2960653,2025-01-09,62.233999999999995,55,55
2960653,2025-01-13,64.87,9,9
2960653,2025-01-17,59.18591836734694,49,49
2960653,2025-01-21,21.38813559322034,59,59
2960653,2025-01-25,58.50913043478261,46,46
2960653,2025-01-29,62.82290909090909,55,55
2960653,2025-02-02,70.0284090909091,44,44
2960653,2025-02-06,34.65657894736842,38,38
2960653,2025-02-10,30.47344827586207,58,58
2960653,2025-02-14,53.15543209876543,81,81
2960653,2025-02-18,34.135882352941174,68,68
2960653,2025-02-22,19.570185185185185,54,54
2960653,2025-02-26,21.722708333333333,48,48
2960653,2025-03-02,19.280882352941177,68,68
2960653,2025-03-06,25.214489795918368,49,49
2960653,2025-03-10,31.517916666666665,48,48
2960653,2025-03-14,29.846999999999998,60,60
2960653,2025-03-18,26.5335593220339,59,59
2960653,2025-03-22,9.89090909090909,66,66
2960653,2025-03-26,12.617457627118643,59,59
2960653,2025-03-30,23.07084745762712,59,59
2960653,2025-04-03,6.6863636363636365,55,55
2960653,2025-04-07,13.170333333333334,60,60
2960653,2025-04-11,9.484722222222222,72,72
2960653,2025-04-15,13.412615384615385,65,65
2960653,2025-04-19,13.385416666666666,48,48
2960653,2025-04-23,14.276122448979592,49,49
2960653,2025-04-27,9.82548387096774,62,62
2960653,2025-05-01,17.95,35,35
2960653,2025-05-05,9.749791666666667,48,48
2960653,2025-05-09,8.964901960784314,51,51
2960653,2025-05-13,13.313589743589745,39,39
2960653,2025-05-17,8.767884615384615,52,52
2960653,2025-05-21,9.4025,16,16
2960653,2025-05-25,9.425833333333333,36,36
2960653,2025-05-29,12.075434782608696,46,46
2960653,2025-06-02,14.456727272727273,55,55
2960653,2025-06-06,11.20138888888889,36,36
2960653,2025-06-10,12.463333333333333,39,39
2960653,2025-06-14,17.39157894736842,38,38
2960653,2025-06-18,7.219677419354839,31,31
2960653,2025-06-22,11.403066666666668,75,75
2960653,2025-06-26,10.720975609756097,41,41
2960653,2025-06-30,9.221764705882354,34,34
2960653,2025-07-04,8.786122448979592,49,49
2960653,2025-07-08,8.84057142857143,35,35
2960653,2025-07-12,12.564933333333334,75,75
2960653,2025-07-16,10.168333333333333,66,66
2960653,2025-07-20,12.773103448275863,58,58
2960653,2025-07-24,15.33830985915493,71,71
2960653,2025-07-28,17.83970588235294,68,68
2960653,2025-08-01,20.521851851851853,81,81
2960653,2025-08-05,15.95138888888889,72,72
2960653,2025-08-09,22.217837837837838,74,74
2960653,2025-08-13,14.391874999999999,80,80
2960653,2025-08-17,11.292676056338028,71,71
2960653,2025-08-21,13.556805555555556,72,72
2960653,2025-08-25,15.947234042553191,47,47
2960653,2025-08-29,16.994833333333332,60,60
2960653,2025-09-02,15.816969696969698,66,66
2960653,2025-09-06,13.883333333333333,63,63
2960653,2025-09-10,11.31857142857143,7,7
2960653,2025-09-14,9.199864864864864,74,74
2960653,2025-09-18,13.141451612903225,62,62
2960653,2025-09-22,9.103538461538461,65,65
2960653,2025-09-26,12.984,65,65
2960653,2025-09-30,13.370625,32,32
1275795,2025-01-01,1.5416666666666667,24,24
1275795,2025-01-05,2.875,24,24
1275795,2025-01-09,2.9583333333333335,24,24
1275795,2025-01-13,9.0,21,21
1275795,2025-01-17,7.458333333333333,24,24
1275795,2025-01-21,4.291666666666667,24,24
1275795,2025-01-25,13.875,24,24
1275795,2025-01-29,2.25,24,24
1275795,2025-02-02,7.75,24,24
1275795,2025-02-06,7.833333333333333,24,24
1275795,2025-02-10,5.291666666666667,24,24
1275795,2025-02-14,6.416666666666667,24,24
1275795,2025-02-18,2.4583333333333335,24,24
1275795,2025-02-22,14.958333333333334,24,24
1275795,2025-02-26,5.125,24,24
1275795,2025-03-02,3.7083333333333335,24,24
1275795,2025-03-06,1.2083333333333333,24,24
1275795,2025-03-10,6.75,24,24
1275795,2025-03-14,17.0,24,24
1275795,2025-03-18,6.583333333333333,24,24
1275795,2025-03-22,2.875,24,24
1275795,2025-03-26,2.7083333333333335,24,24
1275795,2025-03-30,5.375,24,24
1275795,2025-04-03,4.583333333333333,24,24
1275795,2025-04-07,3.6666666666666665,24,24
1275795,2025-04-11,6.041666666666667,24,24
1275795,2025-04-15,2.0,24,24
1275795,2025-04-19,9.541666666666666,24,24
1275795,2025-04-23,8.833333333333334,24,24
1275795,2025-04-27,3.1666666666666665,24,24
1275795,2025-05-01,7.913043478260869,23,23
1275795,2025-05-05,4.166666666666667,24,24
1275795,2025-05-09,4.041666666666667,24,24
1275795,2025-05-13,7.333333333333333,24,24
1275795,2025-05-17,4.583333333333333,24,24
1275795,2025-05-21,3.1666666666666665,24,24
1275795,2025-05-25,2.9583333333333335,24,24
1275795,2025-05-29,7.416666666666667,24,24
1275795,2025-06-02,4.416666666666667,24,24
1275795,2025-06-06,63.875,24,24
1275795,2025-06-10,10.772727272727273,22,22
1275795,2025-06-14,5.583333333333333,24,24
1275795,2025-06-18,8.291666666666666,24,24
1275795,2025-06-22,10.708333333333334,24,24
1275795,2025-06-26,7.083333333333333,24,24
1275795,2025-06-30,7.875,24,24
1275795,2025-07-04,6.75,24,24
1275795,2025-07-08,6.625,24,24
1275795,2025-07-12,8.458333333333334,24,24
1275795,2025-07-16,23.416666666666668,24,24
1275795,2025-07-20,5.083333333333333,24,24
1275795,2025-07-24,9.666666666666666,24,24
1275795,2025-07-28,11.041666666666666,24,24
1275795,2025-08-01,9.521739130434783,23,23
1275795,2025-08-05,37.833333333333336,24,24
1275795,2025-08-09,14.166666666666666,24,24
1275795,2025-08-13,10.208333333333334,24,24
1275795,2025-08-17,5.958333333333333,24,24
1275795,2025-08-21,3.4166666666666665,24,24
1275795,2025-08-25,2.375,24,24
1275795,2025-08-29,3.375,24,24
1275795,2025-09-02,6.083333333333333,24,24
1275795,2025-09-06,2.8333333333333335,24,24
1275795,2025-09-10,8.208333333333334,24,24
1275795,2025-09-14,10.5,24,24
1275795,2025-09-18,8.75,24,24
1275795,2025-09-22,8.583333333333334,24,24
1275795,2025-09-26,6.458333333333333,24,24
1275795,2025-09-30,6.666666666666667,24,24
1275795,2025-10-04,10.208333333333334,24,24
1275795,2025-10-08,2.9166666666666665,24,24
1275795,2025-10-12,6.541666666666667,24,24
1275795,2025-10-16,3.2916666666666665,24,24
1275795,2025-10-20,3.1666666666666665,24,24
1275795,2025-10-24,1.25,24,24
1275795,2025-10-28,4.666666666666667,24,24
1275795,2025-11-01,2.782608695652174,23,23
1275795,2025-11-05,4.875,24,24
1275795,2025-11-09,2.125,24,24
1275795,2025-11-13,2.0833333333333335,12,12
1275795,2025-11-17,1.3,10,10
1275795,2025-11-21,14.0,24,24
1275795,2025-11-25,8.75,24,24
1275795,2025-11-29,2.5416666666666665,24,24
1275795,2025-12-03,15.666666666666666,24,24
1275795,2025-12-07,7.125,24,24
1275795,2025-12-11,2.2916666666666665,24,24
1275795,2025-12-15,4.5,24,24
1275795,2025-12-19,3.0833333333333335,24,24
1275795,2025-12-23,9.916666666666666,24,24
1275795,2025-12-27,6.458333333333333,24,24
1275795,2025-12-31,4.545454545454546,22,22
3057945,2025-01-01,4.251304347826087,23,23
3057945,2025-01-05,13.595,8,8
3057945,2025-01-09,23.6225,4,4
3057945,2025-01-13,21.28,1,1
3057945,2025-01-17,33.13526315789474,19,19
3057945,2025-01-21,39.93,16,16
3057945,2025-01-25,14.2675,24,24
3057945,2025-01-29,10.84611111111111,36,36
3057945,2025-02-02,27.858571428571427,14,14
3057945,2025-02-06,11.142727272727273,22,22
3057945,2025-02-10,51.405625,16,16
3057945,2025-02-14,31.46822222222222,45,45
3057945,2025-02-18,37.64180555555556,72,72
3057945,2025-02-22,12.439298245614035,57,57
3057945,2025-02-26,5.85975,40,40
3057945,2025-03-02,26.952878787878785,66,66
3057945,2025-03-06,24.97686274509804,51,51
3057945,2025-03-10,54.55781818181818,55,55
3057945,2025-03-14,19.66032258064516,62,62
3057945,2025-03-18,17.37952380952381,63,63
3057945,2025-03-22,14.224210526315789,57,57
3057945,2025-03-26,18.92706896551724,58,58
3057945,2025-03-30,8.504098360655737,61,61
3057945,2025-04-03,22.55777777777778,45,45
3057945,2025-04-07,11.13103448275862,58,58
3057945,2025-04-11,21.544117647058822,68,68
3057945,2025-04-15,17.83485294117647,68,68
3057945,2025-04-19,14.536382978723404,47,47
3057945,2025-04-23,5.254090909090909,44,44
3057945,2025-04-27,27.66904761904762,63,63
3057945,2025-05-01,20.6556,50,50
3057945,2025-05-05,6.396538461538461,52,52
3057945,2025-05-09,11.655283018867925,53,53
3057945,2025-05-13,14.05078947368421,38,38
3057945,2025-05-17,10.902999999999999,60,60
3057945,2025-05-21,11.675999999999998,15,15
3057945,2025-05-25,6.376285714285714,35,35
3057945,2025-05-29,7.572444444444444,45,45
3057945,2025-06-02,7.468,55,55
3057945,2025-06-06,6.303421052631579,38,38
3057945,2025-06-10,9.262564102564102,39,39
3057945,2025-06-14,11.210357142857143,28,28
3057945,2025-06-18,10.586666666666666,27,27
3057945,2025-06-22,9.724864864864864,74,74
3057945,2025-06-26,7.714,40,40
3057945,2025-06-30,8.901555555555555,45,45
3057945,2025-07-04,8.628,50,50
3057945,2025-07-08,7.552631578947368,38,38
3057945,2025-07-12,9.035675675675675,74,74
3057945,2025-07-16,7.686923076923077,65,65
3057945,2025-07-20,6.308793103448276,58,58
3057945,2025-07-24,12.393943661971832,71,71
3057945,2025-07-28,9.495483870967742,62,62
3057945,2025-08-01,6.6101190476190474,84,84
3057945,2025-08-05,7.093676470588235,68,68
3057945,2025-08-09,8.61525641025641,78,78
3057945,2025-08-13,18.78846153846154,78,78
3057945,2025-08-17,8.264594594594595,74,74
3057945,2025-08-21,6.717083333333333,72,72
3057945,2025-08-25,8.767058823529412,51,51
3057945,2025-08-29,6.4793939393939395,66,66
3057945,2025-09-02,5.75984126984127,63,63
3057945,2025-09-06,8.246176470588235,68,68
3057945,2025-09-10,4.050714285714286,14,14
3057945,2025-09-14,5.31,74,74
3057945,2025-09-18,5.854117647058823,68,68
3057945,2025-09-22,6.581967213114754,61,61
3057945,2025-09-26,8.285423728813559,59,59
3057945,2025-09-30,13.789545454545454,66,66
3057945,2025-10-04,6.7702857142857145,70,70
3057945,2025-10-08,8.397826086956522,46,46
3057945,2025-10-12,23.580980392156864,51,51
3057945,2025-10-16,6.780161290322581,62,62
3057945,2025-10-20,14.476136363636364,44,44
3057945,2025-10-24,4.683333333333334,9,9
3057945,2025-10-28,6.2691803278688525,61,61
3057945,2025-11-01,7.2333783783783785,74,74
3057945,2025-11-05,7.454507042253521,71,71
3057945,2025-11-09,21.238695652173913,69,69
3057945,2025-11-13,8.742666666666668,15,15
3057945,2025-11-17,8.125074626865672,67,67
3057945,2025-11-21,21.162615384615382,65,65
3057945,2025-11-25,7.162203389830508,59,59
3057945,2025-11-29,5.4504761904761905,63,63
3057945,2025-12-03,10.913194444444445,72,72
3057945,2025-12-07,5.892380952380952,63,63
3057945,2025-12-11,8.98360655737705,61,61
3057945,2025-12-15,14.047441860465115,43,43
3057945,2025-12-19,6.662075471698112,53,53
3057945,2025-12-23,29.11,45,45
3057945,2025-12-27,9.399402985074627,67,67
3057945,2025-12-31,37.472153846153844,65,65
10557,2025-01-01,6.6287985833333325,24,24
10557,2025-01-05,26.34441204166667,24,24
10557,2025-01-09,8.335928916666667,24,24
10557,2025-01-13,15.489307291666668,24,24
10557,2025-01-17,14.279035583333332,24,24
10557,2025-01-21,9.555214166666667,24,24
10557,2025-01-25,9.784868333333334,24,24
10557,2025-01-29,9.743930583333333,24,24
10557,2025-02-02,12.302305666666667,24,24
10557,2025-02-06,15.327851125,24,24
10557,2025-02-10,12.462773208333333,24,24
10557,2025-02-14,24.021805416666666,24,24
10557,2025-02-18,39.44882066666667,24,24
10557,2025-02-22,22.330674083333335,24,24
10557,2025-02-26,5.616992541666666,24,24
10557,2025-03-02,7.594668250000001,24,24
10557,2025-03-06,9.976873833333334,24,24
10557,2025-03-10,5.674673041666666,24,24
10557,2025-03-14,29.044506166666665,24,24
10557,2025-03-18,17.690191125000002,24,24
10557,2025-03-22,14.428887291666667,24,24
10557,2025-03-26,13.222543583333334,24,24
10557,2025-03-30,4.488531,23,23
10557,2025-04-03,18.445048125,24,24
10557,2025-04-07,15.062520291666667,24,24
10557,2025-04-11,9.033922416666666,24,24
10557,2025-04-15,11.050784333333333,24,24
10557,2025-04-19,3.454977416666667,24,24
10557,2025-04-23,5.9967124583333336,24,24
10557,2025-04-27,7.33239575,24,24
10557,2025-05-01,9.084021875,24,24
10557,2025-05-05,4.160187875,24,24
10557,2025-05-09,5.18269275,24,24
10557,2025-05-13,7.680663249999999,24,24
10557,2025-05-17,3.69997925,24,24
10557,2025-05-21,2.34873025,24,24
10557,2025-05-25,5.807245833333333,24,24
10557,2025-05-29,3.3804807500000003,24,24
10557,2025-06-02,4.1254856250000005,24,24
10557,2025-06-06,4.59076525,24,24
10557,2025-06-10,10.71075425,24,24
10557,2025-06-14,4.347703125,24,24
10557,2025-06-18,3.5026315416666667,24,24
10557,2025-06-22,4.928470083333333,24,24
10557,2025-06-26,8.385421833333334,24,24
10557,2025-06-30,2.8191763333333335,24,24
10557,2025-07-04,3.504961625,24,24
10557,2025-07-08,4.166638083333333,24,24
10557,2025-07-12,7.2242262083333335,24,24
10557,2025-07-16,15.012313708333332,24,24
10557,2025-07-20,12.388881125,24,24
10557,2025-07-24,13.12749125,24,24
10557,2025-07-28,7.925015166666667,24,24
10557,2025-08-01,6.635874208333333,24,24
10557,2025-08-05,3.8846069166666664,24,24
10557,2025-08-21,2.233318125,8,10
10557,2025-08-25,3.1140960416666665,24,24
10557,2025-08-29,14.0959455,24,24
151,2025-05-01,31.25,16,16
151,2025-05-05,3.4166666666666665,24,24
151,2025-05-09,9.041666666666666,24,24
151,2025-05-13,12.681818181818182,22,22
151,2025-05-17,7.166666666666667,24,24
151,2025-05-21,9.666666666666666,24,24
151,2025-05-25,6.291666666666667,24,24
151,2025-05-29,5.181818181818182,22,24
151,2025-06-02,4.416666666666667,24,24
151,2025-06-06,5.3478260869565215,23,24
151,2025-06-10,6.5,24,24
151,2025-06-14,6.916666666666667,24,24
151,2025-06-22,6.5,24,24
151,2025-06-26,5.181818181818182,22,22
151,2025-06-30,5.958333333333333,24,24
151,2025-07-04,5.304347826086956,23,24
151,2025-07-08,6.478260869565218,23,23
151,2025-07-12,7.086956521739131,23,24
151,2025-07-16,4.458333333333333,24,24
151,2025-07-20,3.5,22,24
151,2025-07-24,7.791666666666667,24,24
151,2025-07-28,5.208333333333333,24,24
151,2025-08-01,5.095238095238095,21,22
151,2025-08-05,3.6666666666666665,21,22
151,2025-08-09,5.409090909090909,22,23
151,2025-08-13,19.333333333333332,18,18
151,2025-08-17,5.7272727272727275,22,24
151,2025-08-21,3.8333333333333335,24,24
151,2025-08-25,5.611111111111111,18,24
151,2025-08-29,5.0,24,24
151,2025-09-02,3.7083333333333335,24,24
151,2025-09-06,7.529411764705882,17,22
151,2025-09-10,2.142857142857143,7,8
151,2025-09-14,4.428571428571429,7,7
151,2025-09-18,4.875,8,8
151,2025-09-22,7.928571428571429,14,14
151,2025-09-26,10.222222222222221,9,9
151,2025-09-30,12.545454545454545,11,11
151,2025-10-04,5.916666666666667,24,24
151,2025-10-08,5.25,24,24
151,2025-10-12,16.416666666666668,24,24
151,2025-10-16,5.476190476190476,21,21
151,2025-10-20,9.041666666666666,24,24
151,2025-10-24,4.105263157894737,19,24
151,2025-10-28,4.565217391304348,23,24
151,2025-11-01,6.875,24,24
151,2025-11-05,7.166666666666667,24,24
151,2025-11-09,8.75,24,24
151,2025-11-13,9.75,24,24
151,2025-11-17,7.041666666666667,24,24
151,2025-11-21,11.347826086956522,23,23
151,2025-11-25,5.190476190476191,21,24
151,2025-11-29,4.375,24,24
151,2025-12-03,4.809523809523809,21,24
151,2025-12-07,4.565217391304348,23,24
151,2025-12-11,6.818181818181818,22,24
151,2025-12-15,8.541666666666666,24,24
151,2025-12-19,5.818181818181818,22,24
151,2025-12-23,17.625,24,24
151,2025-12-27,7.291666666666667,24,24
151,2025-12-31,19.833333333333332,24,24
3633,2025-01-01,23.75,2,2
3633,2025-01-05,3.2,7,7
3633,2025-01-09,4.74,5,5
3633,2025-01-21,44.68,5,5
3633,2025-01-25,6.35,4,4
3633,2025-01-29,8.7,1,1
3633,2025-02-02,10.7875,8,8
3633,2025-02-06,19.259999999999998,5,5
3633,2025-02-10,19.283333333333335,6,6
3633,2025-02-14,23.05,6,6
3633,2025-02-18,23.416666666666668,6,6
3633,2025-02-22,6.9,2,2
3633,2025-02-26,9.7,1,1
3633,2025-03-02,10.066666666666668,3,3
3633,2025-03-06,14.85,2,2
3633,2025-03-10,9.066666666666666,6,6
3633,2025-03-14,12.1,3,3
3633,2025-03-18,6.9799999999999995,5,5
3633,2025-03-22,3.4285714285714284,7,7
3633,2025-03-26,28.375,4,4
3633,2025-03-30,10.675,8,8
3633,2025-04-03,9.242857142857144,7,7
3633,2025-04-07,6.45,6,6
3633,2025-04-11,11.7,1,1
3633,2025-04-15,0.5,2,2
3633,2025-04-27,13.166666666666666,3,3
3633,2025-05-05,9.928571428571429,7,7
3633,2025-05-09,8.6,11,11
3633,2025-05-13,3.9545454545454546,11,11
3633,2025-05-17,8.1125,8,8
3633,2025-05-21,6.833333333333333,3,3
3633,2025-05-25,3.15,4,4
3633,2025-05-29,28.366666666666664,6,6
3633,2025-06-02,5.819999999999999,5,5
3633,2025-06-06,3.1666666666666665,3,3
3633,2025-06-10,11.75,4,4
3633,2025-06-14,16.175,4,4
3633,2025-06-18,7.55,4,4
3633,2025-06-22,10.257142857142856,7,7
3633,2025-06-30,5.67,10,10
3633,2025-07-04,4.166666666666667,12,12
3633,2025-07-08,4.785714285714286,7,7
3633,2025-07-12,5.627272727272727,11,11
3633,2025-07-20,3.4,2,2
3633,2025-07-24,2.0714285714285716,7,7
3633,2025-07-28,5.26,5,5
3633,2025-08-01,3.1555555555555554,9,9
3633,2025-08-05,3.5100000000000002,10,10
3633,2025-08-13,11.025,8,8
3633,2025-08-17,8.5625,8,8
3633,2025-08-25,4.84,10,10
3633,2025-08-29,2.888888888888889,9,9
3633,2025-09-02,6.0,2,2
3633,2025-09-06,2.3,3,3
3633,2025-09-10,4.3,1,1
3633,2025-09-14,6.2,1,1
3633,2025-09-18,4.05,2,2
3633,2025-09-30,7.0,2,2
3633,2025-10-04,4.86,5,5
3633,2025-10-08,7.166666666666667,3,3
3633,2025-10-12,7.1,2,2
3633,2025-10-16,4.05,2,2
3633,2025-10-20,4.177777777777778,9,9
3633,2025-10-24,3.9181818181818184,11,11
3633,2025-10-28,4.3999999999999995,3,3
3633,2025-11-01,5.611111111111111,9,9
3633,2025-11-05,10.375,4,4
3633,2025-11-09,20.16,5,5
3633,2025-11-13,5.4399999999999995,5,5
3633,2025-11-17,6.066666666666666,9,9
3633,2025-11-21,10.75,6,6
3633,2025-11-25,2.3857142857142857,7,7
3633,2025-11-29,6.550000000000001,2,2
3633,2025-12-03,11.15,8,8
3633,2025-12-07,2.68,5,5
3633,2025-12-11,10.39090909090909,11,11
3633,2025-12-15,5.633333333333333,3,3
3633,2025-12-23,15.280000000000001,5,5
3633,2025-12-27,23.15,2,2
3633,2025-12-31,24.400000000000002,2,2
7182,2025-01-01,5.571428571428571,14,19
7182,2025-01-05,6.1450000000000005,20,24
7182,2025-01-09,1.5,22,23
7182,2025-01-13,1.9083333333333332,12,14
7182,2025-01-17,4.894736842105263,19,19
7182,2025-01-21,3.527272727272727,22,23
7182,2025-01-25,2.761904761904762,21,23
7182,2025-01-29,3.452631578947368,19,22
7182,2025-02-02,2.726086956521739,23,24
7182,2025-02-06,7.758333333333333,24,24
7182,2025-02-10,4.8047619047619055,21,22
7182,2025-02-14,3.023529411764706,17,22
7182,2025-02-18,4.376190476190477,21,23
7182,2025-02-22,3.0714285714285716,21,22
7182,2025-02-26,3.6833333333333336,6,6
7182,2025-03-02,3.5,2,3
7182,2025-03-06,2.441666666666667,12,12
7182,2025-03-10,3.3899999999999997,20,23
7182,2025-03-14,3.4695652173913043,23,24
7182,2025-03-18,2.91,20,22
7182,2025-03-26,5.322222222222222,9,14
7182,2025-03-30,7.6571428571428575,21,22
7182,2025-04-03,1.85,20,23
7182,2025-04-07,2.414285714285714,14,17
7182,2025-04-11,9.095652173913043,23,23
7182,2025-04-15,3.6681818181818184,22,23
7182,2025-04-23,2.0625,8,8
7182,2025-04-27,4.852631578947369,19,23
7182,2025-05-25,6.16,20,23
7182,2025-05-29,11.1,21,23
7182,2025-06-02,12.450000000000001,12,16
7182,2025-06-06,5.172222222222222,18,21
7182,2025-06-10,13.45,22,23
7182,2025-06-14,10.905263157894737,19,20
7182,2025-06-18,7.7875,16,18
7182,2025-06-22,7.633333333333334,21,22
7182,2025-07-08,7.733333333333333,3,3
7182,2025-07-12,1.6666666666666667,21,22
7182,2025-07-16,15.789473684210526,19,20
7182,2025-07-20,5.12,20,22
7182,2025-07-24,5.795238095238095,21,24
7182,2025-07-28,10.858823529411765,17,18
7182,2025-08-01,8.109523809523811,21,23
7182,2025-08-05,15.461111111111112,18,20
7182,2025-08-09,9.723529411764707,17,20
7182,2025-08-13,18.50588235294118,17,19
7182,2025-08-17,15.788235294117646,17,17
7182,2025-08-21,6.6049999999999995,20,23
7182,2025-08-25,9.494444444444445,18,20
7182,2025-08-29,5.559090909090909,22,23
7182,2025-09-02,6.5,13,15
7182,2025-09-06,8.96875,16,18
7182,2025-09-10,6.623076923076923,13,15
7182,2025-09-14,5.176470588235294,17,19
7182,2025-09-18,7.235294117647059,17,19
7182,2025-09-22,2.4714285714285715,21,21
7182,2025-09-26,6.25,20,22
7182,2025-09-30,10.38888888888889,18,19
7182,2025-10-04,1.2666666666666666,15,20
7182,2025-10-08,2.1818181818181817,22,23
7182,2025-10-12,7.2105263157894735,19,19
7182,2025-10-16,8.209999999999999,10,10
7182,2025-10-20,3.3785714285714286,14,16
7182,2025-10-24,3.6789473684210527,19,23
7182,2025-10-28,2.8095238095238093,21,22
7182,2025-11-01,3.6399999999999997,20,22
7182,2025-11-05,4.8,17,18
7182,2025-11-09,5.066666666666667,21,23
7182,2025-11-13,2.066666666666667,9,10
7182,2025-11-17,1.380952380952381,21,23
7182,2025-11-21,4.131578947368421,19,20
7182,2025-11-25,1.1125,16,16
7182,2025-11-29,4.85,2,2
7182,2025-12-03,2.1761904761904765,21,23
7182,2025-12-07,2.0,12,13
7182,2025-12-11,1.3900000000000001,20,20
7182,2025-12-15,5.135,20,20
7182,2025-12-19,2.4105263157894736,19,22
7182,2025-12-23,2.06875,16,22
7182,2025-12-27,3.5095238095238095,21,22
7182,2025-12-31,5.580952380952381,21,23
4391,2025-01-01,20.35217391304348,23,23
4391,2025-01-05,35.199999999999996,22,22
4391,2025-01-09,7.145454545454545,11,11
4391,2025-01-13,8.5,1,1
4391,2025-01-17,13.746666666666666,15,15
4391,2025-01-21,20.03,10,10
4391,2025-01-25,17.428571428571427,21,21
4391,2025-01-29,7.05,14,14
4391,2025-02-02,36.68,20,20
4391,2025-02-06,20.51111111111111,18,18
4391,2025-02-10,65.72631578947369,19,19
4391,2025-02-14,32.51052631578948,19,19
4391,2025-02-18,59.90625,16,16
4391,2025-02-22,39.40555555555556,18,18
4391,2025-02-26,51.95,2,2
4391,2025-03-02,13.533333333333333,3,3
4391,2025-03-06,30.891666666666666,12,12
4391,2025-03-10,24.55,20,20
4391,2025-03-14,14.761538461538462,13,13
4391,2025-03-18,17.80909090909091,11,11
4391,2025-03-22,22.984615384615385,13,13
4391,2025-03-26,35.7,10,10
4391,2025-03-30,27.985000000000003,20,20
4391,2025-04-03,20.45625,16,16
4391,2025-04-07,4.926666666666667,15,15
4391,2025-04-11,10.205882352941176,17,17
4391,2025-04-15,6.909090909090909,22,22
4391,2025-04-19,4.828571428571429,21,21
4391,2025-04-23,35.81428571428571,7,7
4391,2025-04-27,10.372727272727273,22,22
4391,2025-05-01,6.9,1,1
4391,2025-05-05,10.3375,8,8
4391,2025-05-09,17.022727272727273,22,22
4391,2025-05-13,27.821052631578947,19,19
4391,2025-05-17,3.5375,8,8
4391,2025-05-21,8.233333333333333,18,18
4391,2025-05-25,11.631818181818183,22,22
4391,2025-05-29,9.166666666666666,12,12
4391,2025-06-02,16.233333333333334,9,9
4391,2025-06-06,7.6,8,8
4391,2025-06-10,12.830000000000002,10,10
4391,2025-06-14,23.225,16,16
4391,2025-06-18,15.9625,8,8
4391,2025-06-22,18.42142857142857,14,14
4391,2025-06-26,36.28,15,15
4391,2025-06-30,9.9,15,15
4391,2025-07-04,11.63076923076923,13,13
4391,2025-07-08,7.016666666666667,12,12
4391,2025-07-12,12.213333333333335,15,15
4391,2025-07-16,11.4625,8,8
4391,2025-07-20,15.910526315789474,19,19
4391,2025-07-24,13.356250000000001,16,16
4391,2025-07-28,7.158333333333332,12,12
4391,2025-08-01,13.16,20,20
4391,2025-08-05,15.623529411764707,17,17
4391,2025-08-09,17.778947368421054,19,19
4391,2025-08-13,12.674999999999999,12,12
4391,2025-08-17,14.100000000000001,18,18
4391,2025-08-21,19.042857142857144,14,14
4391,2025-08-25,22.1125,16,16
4391,2025-08-29,37.52105263157895,19,19
4391,2025-09-02,13.581818181818182,11,11
4391,2025-09-06,4.87,10,10
4391,2025-09-10,16.58235294117647,17,17
4391,2025-09-14,6.222222222222222,18,18
4391,2025-09-18,9.178571428571429,14,14
4391,2025-09-22,16.076470588235296,17,17
4391,2025-09-26,10.816666666666668,12,12
4391,2025-09-30,14.089473684210526,19,19
4391,2025-10-04,28.82857142857143,7,7
4391,2025-10-08,16.492857142857144,14,14
4391,2025-10-12,8.5,2,2
4391,2025-10-16,9.459999999999999,5,5
4391,2025-10-20,14.427272727272726,11,11
4391,2025-10-24,5.476190476190476,21,21
4391,2025-10-28,3.216666666666667,12,12
4391,2025-11-01,22.72,20,20
4391,2025-11-05,22.87857142857143,14,14
4391,2025-11-09,21.08888888888889,18,18
4391,2025-11-13,10.63125,16,16
4391,2025-11-17,14.488888888888889,18,18
4391,2025-11-21,14.292307692307693,13,13
4391,2025-11-25,29.975,8,8
4391,2025-11-29,18.7,2,2
4391,2025-12-03,59.84666666666667,15,15
4391,2025-12-07,16.561904761904763,21,21
4391,2025-12-11,10.63076923076923,13,13
4391,2025-12-15,7.522222222222222,9,9
4391,2025-12-19,10.33,10,10
4391,2025-12-23,20.74285714285714,14,14
4391,2025-12-27,26.372727272727275,11,11
4391,2025-12-31,5.046666666666667,15,15
4468711,2025-05-21,5.993333333333333,18,18
4468711,2025-05-25,3.5805,20,20
4468711,2025-05-29,1.9735,20,20
4468711,2025-06-02,5.959411764705883,17,17
4468711,2025-06-06,2.687894736842105,19,19
4468711,2025-06-10,6.568235294117648,17,17
4468711,2025-06-14,4.988235294117647,17,17
4468711,2025-06-18,4.575454545454545,11,11
4468711,2025-06-22,3.6300000000000003,12,12
4468711,2025-06-26,3.650625,16,16
4468711,2025-06-30,1.3676470588235294,17,17
4468711,2025-07-04,5.020555555555556,18,18
4468711,2025-07-08,2.7910526315789475,19,19
4468711,2025-07-12,5.92,1,1
4468711,2025-07-16,4.50625,16,16
4468711,2025-07-20,5.039,20,20
4468711,2025-07-24,18.244285714285713,21,21
4468711,2025-07-28,3.4547058823529415,17,17
4468711,2025-08-01,2.4210000000000003,20,20
4468711,2025-08-05,6.16,19,19
4468711,2025-08-09,7.399047619047619,21,21
4468711,2025-08-13,17.786315789473683,19,19
4468711,2025-08-17,10.038947368421054,19,19
4468711,2025-08-21,5.163181818181818,22,22
4468711,2025-08-25,6.296,20,20
4468711,2025-08-29,2.447,20,20
4468711,2025-09-02,2.731875,16,16
4468711,2025-09-06,3.5424999999999995,20,20
4468711,2025-09-10,2.33,20,20
4468711,2025-09-14,3.1975000000000002,20,20
4468711,2025-09-18,5.3133333333333335,18,18
4468711,2025-09-22,3.9699999999999998,15,15
4468711,2025-09-26,5.437647058823529,17,17
4468711,2025-09-30,3.8505263157894736,19,19
4468711,2025-10-04,4.7973333333333334,15,15
4468711,2025-10-08,6.6125,16,16
4468711,2025-10-12,9.855882352941178,17,17
4468711,2025-10-20,3.05,2,2
4468711,2025-10-24,3.438181818181818,22,22
4468711,2025-10-28,6.7844444444444445,18,18
4468711,2025-11-01,3.83,18,18
4468711,2025-11-05,5.6155,20,20
4468711,2025-11-09,8.724347826086957,23,23
4468711,2025-11-13,5.485714285714286,21,21
4468711,2025-11-17,6.824090909090909,22,22
4468711,2025-11-21,6.585416666666667,24,24
4468711,2025-11-25,5.769444444444444,18,18
4468711,2025-11-29,8.305,2,2
4468711,2025-12-03,4.919130434782609,23,23
4468711,2025-12-07,4.4134782608695655,23,23
4468711,2025-12-11,8.92,7,7
4468711,2025-12-15,1.86,6,6
4468711,2025-12-19,4.380434782608695,23,23
4468711,2025-12-23,17.918260869565216,23,23
4468711,2025-12-27,5.918636363636364,22,22
4468711,2025-12-31,11.233478260869566,23,23
3078,2025-01-01,7.389916666666667,24,24
3078,2025-01-05,6.662708333333334,24,24
3078,2025-01-09,7.164375,24,24
3078,2025-01-13,20.87035714285714,14,14
3078,2025-01-17,14.471833333333333,18,18
3078,2025-01-21,24.964541666666666,24,24
3078,2025-01-25,3.922166666666667,24,24
3078,2025-01-29,3.5493333333333332,24,24
3078,2025-02-02,16.9505,24,24
3078,2025-02-06,15.229625,24,24
3078,2025-02-10,45.15182608695652,23,23
3078,2025-02-14,44.90725,24,24
3078,2025-02-18,19.928695652173914,23,23
3078,2025-02-22,11.110833333333332,24,24
3078,2025-02-26,4.2335,4,4
3078,2025-03-02,14.834666666666669,3,3
3078,2025-03-06,14.543478260869565,23,23
3078,2025-03-10,27.26439130434783,23,23
3078,2025-03-14,10.327416666666666,24,24
3078,2025-03-18,4.261842105263158,19,19
3078,2025-03-22,6.182173913043478,23,23
3078,2025-03-26,14.046600000000002,15,15
3078,2025-03-30,8.07991304347826,23,23
3078,2025-04-03,11.052666666666667,24,24
3078,2025-04-07,3.215652173913043,23,23
3078,2025-04-11,16.068208333333335,24,24
3078,2025-04-15,8.049,24,24
3078,2025-04-19,8.625791666666666,24,24
3078,2025-04-23,4.548111111111111,9,9
3078,2025-04-27,3.936166666666667,24,24
3078,2025-05-01,10.4646,20,20
3078,2025-05-05,4.476,16,16
3078,2025-05-09,3.2693333333333334,24,24
3078,2025-05-13,5.506590909090909,22,22
3078,2025-05-17,10.805411764705882,17,17
3078,2025-05-21,8.191708333333333,24,24
3078,2025-05-25,2.787333333333333,24,24
3078,2025-05-29,5.419666666666667,24,24
3078,2025-06-02,7.664583333333333,24,24
3078,2025-06-06,2.59525,12,12
3078,2025-06-10,14.827458333333333,24,24
3078,2025-06-14,14.391739130434782,23,23
3078,2025-06-18,11.5549,20,20
3078,2025-06-22,9.620315789473684,19,19
3078,2025-06-26,5.5655,24,24
3078,2025-06-30,5.698958333333334,24,24
3078,2025-07-04,4.7392916666666665,24,24
3078,2025-07-08,4.460958333333333,24,24
3078,2025-07-12,6.882523809523809,21,21
3078,2025-07-16,4.551478260869565,23,23
3078,2025-07-20,5.294958333333334,24,24
3078,2025-07-24,9.307708333333332,24,24
3078,2025-07-28,7.01340909090909,22,22
3078,2025-08-01,7.069624999999999,24,24
3078,2025-08-05,4.029625,24,24
3078,2025-08-09,9.17625,24,24
3078,2025-08-13,16.389166666666664,24,24
3078,2025-08-17,7.105956521739131,23,23
3078,2025-08-21,6.638434782608695,23,23
3078,2025-08-25,7.922833333333333,24,24
3078,2025-08-29,3.1026666666666665,24,24
3078,2025-09-02,3.1010833333333334,24,24
3078,2025-09-06,6.752277777777778,18,18
3078,2025-09-10,8.124125000000001,24,24
3078,2025-09-14,2.077904761904762,21,21
3078,2025-09-18,4.154695652173913,23,23
3078,2025-09-22,4.107958333333333,24,24
3078,2025-09-26,4.865458333333334,24,24
3078,2025-09-30,23.160875,24,24
3078,2025-10-04,4.0917916666666665,24,24
3078,2025-10-08,7.4134,20,20
3078,2025-10-12,15.840090909090911,22,22
3078,2025-10-16,6.866555555555555,18,18
3078,2025-10-20,5.5505,20,20
3078,2025-10-24,2.5931666666666664,24,24
3078,2025-10-28,3.0531304347826085,23,23
3078,2025-11-01,5.132208333333334,24,24
3078,2025-11-05,4.397782608695652,23,23
3078,2025-11-09,14.899875,24,24
3078,2025-11-13,4.801391304347826,23,23
3078,2025-11-17,4.976739130434782,23,23
3078,2025-11-21,12.548583333333333,24,24
3078,2025-11-25,9.370000000000001,20,20
3078,2025-11-29,3.8015,2,2
3078,2025-12-03,11.545416666666666,24,24
3078,2025-12-07,3.5423333333333336,24,24
3078,2025-12-11,6.930888888888889,18,18
3078,2025-12-15,7.486541666666667,24,24
3078,2025-12-19,3.7023478260869562,23,23
3078,2025-12-23,8.234958333333333,24,24
3078,2025-12-27,23.869,23,23
3078,2025-12-31,14.811625,24,24
4337,2025-01-01,10.659166666666666,24,24
4337,2025-01-05,8.456249999999999,24,24
4337,2025-01-09,5.4695833333333335,24,24
4337,2025-01-13,5.621428571428572,14,14
4337,2025-01-17,16.282777777777778,18,18
4337,2025-01-21,12.917083333333332,24,24
4337,2025-01-25,7.9460869565217385,23,23
4337,2025-01-29,5.9513043478260865,23,23
4337,2025-02-02,6.5752173913043475,23,23
4337,2025-02-06,14.089565217391305,23,23
4337,2025-02-10,11.373809523809523,21,21
4337,2025-02-14,7.624782608695653,23,23
4337,2025-02-18,12.856521739130434,23,23
4337,2025-02-22,10.465217391304348,23,23
4337,2025-02-26,3.096,5,5
4337,2025-03-02,5.656666666666666,3,3
4337,2025-03-06,7.508636363636364,22,22
4337,2025-03-10,4.284090909090909,22,22
4337,2025-03-14,4.623043478260869,23,23
4337,2025-03-18,5.542916666666667,24,24
4337,2025-03-22,3.015833333333333,24,24
4337,2025-03-26,5.464999999999999,14,14
4337,2025-03-30,3.699130434782609,23,23
4337,2025-04-03,3.9171428571428573,21,21
4337,2025-04-07,9.623636363636363,22,22
4337,2025-04-11,6.581304347826087,23,23
4337,2025-04-15,3.044782608695652,23,23
4337,2025-04-19,3.0516666666666663,24,24
4337,2025-04-23,4.346666666666668,9,9
4337,2025-04-27,3.3383333333333334,24,24
4337,2025-05-01,5.315789473684211,19,19
4337,2025-05-05,5.893571428571429,14,14
4337,2025-05-09,5.99875,24,24
4337,2025-05-13,6.239999999999999,24,24
4337,2025-05-17,8.444117647058825,17,17
4337,2025-05-21,5.81375,24,24
4337,2025-05-25,5.271249999999999,24,24
4337,2025-07-04,7.68,1,1
4337,2025-07-08,4.15,8,8
4337,2025-07-12,5.926666666666667,24,24
4337,2025-07-16,7.835454545454545,22,22
4337,2025-07-20,7.189166666666666,24,24
4337,2025-07-24,3.4095833333333334,24,24
4337,2025-07-28,5.472272727272728,22,22
4337,2025-08-01,6.742916666666666,24,24
4337,2025-08-05,18.522608695652174,23,23
4337,2025-08-09,13.72625,24,24
4337,2025-08-13,14.775652173913043,23,23
4337,2025-08-17,28.66217391304348,23,23
4337,2025-08-21,7.023478260869565,23,23
4337,2025-08-25,12.570416666666667,24,24
4337,2025-08-29,8.85125,24,24
4337,2025-09-02,5.672916666666667,24,24
4337,2025-09-06,5.184782608695652,23,23
4337,2025-09-10,6.778333333333332,18,18
4337,2025-09-14,8.129583333333333,24,24
4337,2025-09-18,13.284999999999998,24,24
4337,2025-09-22,3.275,24,24
4337,2025-09-26,6.648333333333333,24,24
4337,2025-09-30,7.37625,24,24
4337,2025-10-04,8.078181818181818,22,22
4337,2025-10-08,12.054166666666667,24,24
4337,2025-10-12,7.0752173913043475,23,23
4337,2025-10-16,12.722222222222221,9,9
4337,2025-10-20,7.175238095238096,21,21
4337,2025-10-24,6.697083333333333,24,24
4337,2025-10-28,7.563478260869566,23,23
4337,2025-11-01,7.08125,24,24
4337,2025-11-05,5.778421052631579,19,19
4337,2025-11-09,4.514583333333333,24,24
4337,2025-11-13,6.600434782608696,23,23
4337,2025-11-17,7.116521739130435,23,23
4337,2025-11-21,3.3258333333333336,24,24
4337,2025-11-25,2.2995,20,20
4337,2025-11-29,16.085,2,2
4337,2025-12-03,6.4941666666666675,24,24
4337,2025-12-07,5.832916666666667,24,24
4337,2025-12-11,8.041304347826086,23,23
4337,2025-12-15,11.206666666666665,24,24
4337,2025-12-19,7.990869565217391,23,23
4337,2025-12-23,3.545217391304348,23,23
4337,2025-12-27,5.7475,24,24
4337,2025-12-31,6.56,24,24
2960621,2025-01-01,21.1858024691358,81,81
2960621,2025-01-05,51.257619047619045,63,63
2960621,2025-01-09,64.96490196078432,51,51
2960621,2025-01-13,61.230000000000004,9,9
2960621,2025-01-17,62.657916666666665,48,48
2960621,2025-01-21,22.604827586206895,58,58
2960621,2025-01-25,66.02083333333333,48,48
2960621,2025-01-29,61.216727272727276,55,55
2960621,2025-02-02,56.05720930232558,43,43
2960621,2025-02-06,30.911842105263162,38,38
2960621,2025-02-10,37.22933333333333,60,60
2960621,2025-02-14,62.14567901234568,81,81
2960621,2025-02-18,38.4474647887324,71,71
2960621,2025-02-22,24.915535714285713,56,56
2960621,2025-02-26,20.17673469387755,49,49
2960621,2025-03-02,23.100163934426227,61,61
2960621,2025-03-06,27.2721568627451,51,51
2960621,2025-03-10,35.792,45,45
2960621,2025-03-14,32.15724137931034,58,58
2960621,2025-03-18,34.435438596491224,57,57
2960621,2025-03-22,9.328484848484848,66,66
2960621,2025-03-26,14.127627118644067,59,59
2960621,2025-03-30,21.9248275862069,58,58
2960621,2025-04-03,8.489818181818181,55,55
2960621,2025-04-07,14.742295081967212,61,61
2960621,2025-04-11,11.476301369863014,73,73
2960621,2025-04-15,11.583538461538462,65,65
2960621,2025-04-19,11.79936170212766,47,47
2960621,2025-04-23,14.513877551020407,49,49
2960621,2025-04-27,10.628548387096775,62,62
2960621,2025-05-01,22.448249999999998,40,40
2960621,2025-05-05,9.983958333333334,48,48
2960621,2025-05-09,9.47490566037736,53,53
2960621,2025-05-13,14.17388888888889,36,36
2960621,2025-05-17,9.135769230769231,52,52
2960621,2025-05-21,11.147142857142857,14,14
2960621,2025-05-25,9.811891891891893,37,37
2960621,2025-05-29,12.490816326530611,49,49
2960621,2025-06-02,12.884727272727272,55,55
2960621,2025-06-06,10.534705882352942,34,34
2960621,2025-06-10,11.456486486486487,37,37
2960621,2025-06-14,14.547567567567567,37,37
2960621,2025-06-18,7.875483870967742,31,31
2960621,2025-06-22,11.993918918918919,74,74
2960621,2025-06-26,9.77390243902439,41,41
2960621,2025-06-30,9.805588235294117,34,34
2960621,2025-07-04,9.281666666666666,48,48
2960621,2025-07-08,8.432647058823528,34,34
2960621,2025-07-12,11.699054054054054,74,74
2960621,2025-07-16,10.59590909090909,66,66
2960621,2025-07-20,12.018813559322034,59,59
2960621,2025-07-24,16.185633802816902,71,71
2960621,2025-07-28,17.649855072463765,69,69
2960621,2025-08-01,19.814810126582277,79,79
2960621,2025-08-05,15.249722222222223,72,72
2960621,2025-08-09,17.982432432432432,74,74
2960621,2025-08-13,13.758000000000001,80,80
2960621,2025-08-17,10.969718309859156,71,71
2960621,2025-08-21,11.6025,72,72
2960621,2025-08-25,15.527755102040816,49,49
2960621,2025-08-29,14.747796610169491,59,59
2960621,2025-09-02,12.91294117647059,68,68
2960621,2025-09-06,13.491290322580646,62,62
2960621,2025-09-10,9.972857142857142,7,7
2960621,2025-09-14,9.108378378378378,74,74
2960621,2025-09-18,11.914761904761905,63,63
2960621,2025-09-22,8.78609375,64,64
2960621,2025-09-26,10.769848484848485,66,66
2960621,2025-09-30,14.952203389830508,59,59
2960621,2025-10-04,19.45041666666667,72,72
2960621,2025-10-08,18.225833333333334,48,48
2960621,2025-10-12,12.960204081632652,49,49
2960621,2025-10-16,14.917272727272726,66,66
2960621,2025-10-20,22.46775510204082,49,49
2960621,2025-10-24,18.096875,16,16
2960621,2025-10-28,21.411774193548386,62,62
2960621,2025-11-01,23.861066666666666,75,75
2960621,2025-11-05,37.37294871794872,78,78
2960621,2025-11-09,36.82816901408451,71,71
2960621,2025-11-13,35.99576923076923,26,26
2960621,2025-11-17,37.22735294117647,68,68
2960621,2025-11-21,55.92682539682539,63,63
2960621,2025-11-25,99.67777777777778,72,72
2960621,2025-11-29,80.59206896551724,58,58
2960621,2025-12-03,44.15558823529412,68,68
2960621,2025-12-07,163.75127272727272,55,55
2960621,2025-12-11,40.623492063492066,63,63
2960621,2025-12-15,21.669999999999998,45,45
2960621,2025-12-19,53.53220338983051,59,59
2960621,2025-12-23,63.92170212765958,47,47
2960621,2025-12-27,45.394999999999996,62,62
2960621,2025-12-31,69.85903225806452,62,62
353743,2025-01-01,34.35333333333333,15,15
353743,2025-01-05,34.92666666666666,15,15
353743,2025-01-09,55.521428571428565,14,14
353743,2025-01-13,40.13529411764706,17,17
353743,2025-01-17,29.31875,16,16
353743,2025-01-21,54.85625,16,16
353743,2025-01-25,54.18333333333333,18,18
353743,2025-01-29,27.95294117647059,17,17
353743,2025-02-02,39.35,20,20
353743,2025-02-06,37.489999999999995,20,20
353743,2025-02-10,21.821052631578947,19,19
353743,2025-02-14,39.355000000000004,20,20
353743,2025-02-18,44.65714285714286,21,21
353743,2025-02-22,28.945,20,20
353743,2025-02-26,23.91176470588235,17,17
353743,2025-03-02,20.963636363636365,11,11
353743,2025-03-06,49.75238095238095,21,21
353743,2025-03-10,22.678947368421053,19,19
353743,2025-03-14,15.571428571428571,21,21
353743,2025-03-18,30.504761904761907,21,21
353743,2025-03-22,52.3,21,21
353743,2025-03-26,64.62857142857143,21,21
353743,2025-03-30,59.94285714285714,21,21
353743,2025-04-03,43.385,20,20
353743,2025-04-07,21.575,20,20
353743,2025-04-11,22.242857142857144,21,21
353743,2025-04-15,10.647619047619047,21,21
353743,2025-04-19,9.99,20,20
353743,2025-04-23,18.316666666666666,18,18
353743,2025-05-09,13.719999999999999,20,20
353743,2025-05-13,7.859999999999999,20,20
353743,2025-05-17,9.084999999999999,20,20
353743,2025-05-21,10.595,20,20
353743,2025-05-25,7.095238095238095,21,21
353743,2025-05-29,5.575,20,20
353743,2025-06-02,6.67,20,20
353743,2025-06-06,14.625,20,20
353743,2025-06-10,6.49,20,20
353743,2025-06-14,6.495,20,20
353743,2025-06-18,7.8549999999999995,20,20
353743,2025-06-22,7.08,20,20
353743,2025-06-26,7.58,20,20
353743,2025-06-30,10.215789473684211,19,19
353743,2025-08-25,7.383333333333333,6,6
353743,2025-08-29,8.320833333333333,24,24
353743,2025-09-02,4.7,23,23
353743,2025-09-06,5.941666666666666,24,24
353743,2025-09-10,3.6791666666666667,24,24
353743,2025-09-14,8.2375,16,16
353743,2025-09-18,7.42608695652174,23,23
353743,2025-09-22,5.242857142857143,21,21
353743,2025-09-26,4.325,24,24
353743,2025-09-30,5.75,24,24
353743,2025-10-04,5.377272727272727,22,22
353743,2025-10-08,4.5,21,21
353743,2025-11-21,6.9739130434782615,23,23
353743,2025-11-25,14.54090909090909,22,22
353743,2025-11-29,21.291666666666668,24,24
353743,2025-12-03,21.515,20,20
353743,2025-12-07,21.9,21,21
353743,2025-12-11,25.74761904761905,21,21
353743,2025-12-15,9.882608695652175,23,23
353743,2025-12-19,18.656521739130437,23,23
353743,2025-12-23,19.837500000000002,24,24
353743,2025-12-27,28.150000000000002,24,24
353743,2025-12-31,25.683333333333334,24,24
3391728,2025-02-06,21.695652173913043,23,23
3391728,2025-02-10,7.291666666666667,24,24
3391728,2025-02-14,9.956521739130435,23,23
3391728,2025-02-18,21.291666666666668,24,24
3391728,2025-02-22,10.25,24,24
3391728,2025-02-26,19.208333333333332,24,24
3391728,2025-03-02,9.166666666666666,24,24
3391728,2025-03-06,3.0,24,24
3391728,2025-03-10,17.958333333333332,24,24
3391728,2025-03-14,7.833333333333333,24,24
3391728,2025-03-18,7.208333333333333,24,24
3391728,2025-03-22,14.416666666666666,24,24
3391728,2025-03-26,15.75,24,24
3391728,2025-03-30,2.0,24,24
3391728,2025-04-03,15.291666666666666,24,24
3391728,2025-04-07,16.75,24,24
3391728,2025-04-11,16.666666666666668,24,24
3391728,2025-04-15,22.695652173913043,23,23
3391728,2025-04-19,10.583333333333334,24,24
3391728,2025-04-23,9.958333333333334,24,24
3391728,2025-05-09,4.958333333333333,24,24
3391728,2025-05-13,8.041666666666666,24,24
3391728,2025-05-17,8.041666666666666,24,24
3391728,2025-05-21,5.391304347826087,23,23
3391728,2025-05-25,2.9166666666666665,24,24
3391728,2025-05-29,0.625,16,16
3391728,2025-06-02,2.0952380952380953,21,21
3391728,2025-06-06,1.3181818181818181,22,22
3391728,2025-06-10,3.2083333333333335,24,24
3391728,2025-06-14,3.3157894736842106,19,19
3391728,2025-06-18,3.0869565217391304,23,23
3391728,2025-06-22,4.416666666666667,24,24
3391728,2025-06-26,2.5416666666666665,24,24
3391728,2025-06-30,3.4583333333333335,24,24
3391728,2025-08-25,11.0,11,11
3391728,2025-08-29,8.416666666666666,24,24
3391728,2025-09-02,9.5,24,24
3391728,2025-09-06,11.291666666666666,24,24
3391728,2025-09-10,3.4166666666666665,24,24
3391728,2025-09-14,10.583333333333334,24,24
3391728,2025-09-18,12.125,24,24
3391728,2025-09-22,1.4583333333333333,24,24
3391728,2025-09-26,2.0869565217391304,23,23
3391728,2025-09-30,6.625,24,24
3391728,2025-10-04,9.916666666666666,24,24
3391728,2025-10-08,16.416666666666668,24,24
3391728,2025-11-21,9.625,24,24
3391728,2025-11-25,17.708333333333332,24,24
3391728,2025-11-29,17.791666666666668,24,24
3391728,2025-12-03,19.041666666666668,24,24
3391728,2025-12-07,21.434782608695652,23,23
3391728,2025-12-11,11.136363636363637,22,22
3391728,2025-12-15,14.304347826086957,23,23
3391728,2025-12-19,14.130434782608695,23,23
3391728,2025-12-23,3.0,11,11
3955,2025-01-01,20.325913333333332,3,3
3955,2025-01-05,16.458333333333332,24,24
3955,2025-01-09,17.708333333333332,24,24
3955,2025-01-13,6.958333333333333,24,24
3955,2025-01-17,24.708333333333332,24,24
3955,2025-01-21,14.280851666666665,24,24
3955,2025-01-25,22.666666666666668,24,24
3955,2025-01-29,9.155743625,24,24
3955,2025-02-02,7.0,1,1
3955,2025-02-06,22.125,24,24
3955,2025-02-10,15.52741825,16,16
3955,2025-02-14,11.810575808333333,24,24
3955,2025-02-18,10.814984766666667,24,24
3955,2025-02-22,14.621133562499999,24,24
3955,2025-02-26,21.89899789473684,19,19
3955,2025-03-02,6.0196560526315785,19,19
3955,2025-03-06,21.85795933333333,24,24
3955,2025-03-10,18.04625660416667,24,24
3955,2025-03-14,6.899290916666666,24,24
3955,2025-03-18,8.37961442857143,21,21
3955,2025-03-22,25.39483698,5,5
3955,2025-03-26,9.454294782608695,23,23
3955,2025-03-30,11.874967391304349,23,23
3955,2025-04-03,11.666666666666666,24,24
3955,2025-04-07,11.959445416666666,24,24
3955,2025-04-11,13.0,2,2
3955,2025-04-15,13.1017975,16,16
3955,2025-04-19,15.0,1,1
3955,2025-04-23,10.875,24,24
3955,2025-04-27,4.0,1,1
3955,2025-05-01,6.3964269583333335,24,24
3955,2025-05-05,7.25,24,24
3955,2025-05-09,6.666666666666667,24,24
3955,2025-05-13,4.084396483333333,24,24
3955,2025-05-17,4.0,24,24
3955,2025-05-21,6.291666666666667,24,24
3955,2025-05-25,3.25,24,24
3955,2025-05-29,4.708333333333333,24,24
3955,2025-06-02,8.541666666666666,24,24
3955,2025-06-06,13.458333333333334,24,24
3955,2025-06-10,9.416666666666666,24,24
3955,2025-06-14,6.791666666666667,24,24
3955,2025-06-18,9.833333333333334,24,24
3955,2025-06-22,8.875,24,24
3955,2025-06-26,14.631686956521738,23,23
3955,2025-06-30,7.375,24,24
3955,2025-07-04,12.041666666666666,24,24
3955,2025-07-08,7.208333333333333,24,24
3955,2025-07-12,6.0,24,24
3955,2025-07-16,8.125,24,24
3955,2025-07-20,9.541666666666666,24,24
3955,2025-07-24,7.610864458333334,24,24
3955,2025-07-28,6.187865791666667,24,24
3955,2025-08-01,7.333333333333333,24,24
3955,2025-08-05,6.228379166666667,24,24
3955,2025-08-09,11.083333333333334,24,24
3955,2025-08-13,9.5,24,24
3955,2025-08-17,16.0,24,24
3955,2025-08-21,12.583333333333334,24,24
3955,2025-08-25,6.4,20,20
3955,2025-08-29,9.843704708333332,24,24
3955,2025-09-02,8.333333333333334,24,24
3955,2025-09-06,10.739962499999999,24,24
3955,2025-09-10,11.833333333333334,24,24
3955,2025-09-14,15.25,24,24
3955,2025-09-18,6.291666666666667,24,24
3955,2025-09-22,9.666666666666666,24,24
3955,2025-09-26,9.817512375,24,24
3955,2025-09-30,5.083333333333333,24,24
3955,2025-10-04,9.416666666666666,24,24
3955,2025-10-08,5.6523044,20,20
3955,2025-10-12,9.25,24,24
3955,2025-10-16,11.5,24,24
3955,2025-10-20,13.033002234782607,23,23
3955,2025-10-24,9.916666666666666,24,24
3955,2025-10-28,10.875,24,24
3955,2025-11-01,6.0,1,1
3955,2025-11-05,18.375,24,24
3955,2025-11-09,9.844313937499999,24,24
3955,2025-11-13,22.416666666666668,24,24
3955,2025-11-17,17.416666666666668,24,24
3955,2025-11-21,14.375,24,24
3955,2025-11-25,8.088211391304348,23,23
3955,2025-11-29,20.041666666666668,24,24
3955,2025-12-03,17.875,24,24
3955,2025-12-07,18.75,24,24
3955,2025-12-11,9.5,24,24
3955,2025-12-15,7.541666666666667,24,24
3955,2025-12-19,41.37524359583333,24,24
3955,2025-12-23,14.791666666666666,24,24
3955,2025-12-27,15.435878116666666,24,24
3955,2025-12-31,6.208333333333333,24,24
101,2025-01-01,8.368421052631579,19,19
101,2025-01-05,7.091666666666666,24,24
101,2025-01-09,2.8857142857142857,7,7
101,2025-01-21,30.96,10,10
101,2025-02-02,19.75,2,2
101,2025-02-06,5.125,8,8
101,2025-02-10,40.03809523809524,21,21
101,2025-02-14,12.32,5,5
101,2025-02-18,15.65,24,24
101,2025-02-26,5.52,5,5
101,2025-03-02,11.6,3,3
101,2025-03-06,30.4375,24,24
101,2025-03-10,38.14666666666667,15,15
101,2025-03-14,1.5791666666666666,24,24
101,2025-03-18,3.7782608695652176,23,23
101,2025-03-22,14.679166666666667,24,24
101,2025-03-26,4.01875,16,16
101,2025-03-30,11.238888888888889,18,18
101,2025-04-03,11.120833333333332,24,24
101,2025-04-07,2.8823529411764706,17,17
101,2025-04-11,13.98095238095238,21,21
101,2025-04-15,16.36842105263158,19,19
101,2025-04-19,2.3541666666666665,24,24
101,2025-04-23,16.700000000000003,9,9
101,2025-04-27,5.145833333333333,24,24
101,2025-05-01,9.295,20,20
101,2025-05-05,2.1375,16,16
101,2025-05-09,2.8541666666666665,24,24
101,2025-05-13,4.591666666666667,24,24
101,2025-05-17,7.105882352941176,17,17
101,2025-05-21,8.633333333333333,24,24
101,2025-05-25,5.3,24,24
101,2025-05-29,8.8125,24,24
101,2025-06-02,5.404166666666666,24,24
101,2025-06-06,3.1409090909090907,22,22
101,2025-06-10,14.091666666666667,24,24
101,2025-06-14,9.612499999999999,24,24
101,2025-06-18,6.590000000000001,20,20
101,2025-06-22,8.866666666666667,24,24
101,2025-06-26,6.120833333333334,24,24
101,2025-06-30,5.254166666666666,24,24
101,2025-07-04,1.5999999999999999,24,24
101,2025-07-08,4.158333333333333,24,24
101,2025-07-12,2.1791666666666667,24,24
101,2025-07-16,3.5478260869565217,23,23
101,2025-07-20,10.395833333333334,24,24
101,2025-07-24,4.154166666666667,24,24
101,2025-07-28,4.245454545454546,22,22
101,2025-08-01,2.5782608695652174,23,23
101,2025-08-05,3.6652173913043478,23,23
101,2025-08-09,11.387500000000001,24,24
101,2025-08-13,16.325,24,24
101,2025-08-17,2.580952380952381,21,21
101,2025-08-21,1.2173913043478262,23,23
101,2025-08-25,5.854166666666667,24,24
101,2025-08-29,4.04,15,15
101,2025-09-02,3.8625000000000003,24,24
2655999,2025-01-01,77.7025,24,24
2655999,2025-01-05,15.700000000000001,24,24
2655999,2025-01-09,6.417083333333333,24,24
2655999,2025-01-13,39.51533333333334,15,15
2655999,2025-01-17,23.29,19,19
2655999,2025-01-21,60.13166666666667,24,24
2655999,2025-01-25,8.862916666666667,24,24
2655999,2025-01-29,16.615,24,24
2655999,2025-02-02,31.883750000000003,24,24
2655999,2025-02-06,38.882083333333334,24,24
2655999,2025-02-10,55.56666666666666,24,24
2655999,2025-02-14,17.214583333333334,24,24
2655999,2025-02-18,33.15833333333333,24,24
2655999,2025-02-22,67.7525,24,24
2655999,2025-02-26,26.448,5,5
2655999,2025-03-02,18.683333333333334,3,3
2655999,2025-03-06,29.302916666666665,24,24
2655999,2025-03-10,17.760833333333334,24,24
2655999,2025-03-14,9.824166666666667,24,24
2655999,2025-03-18,9.352500000000001,24,24
2655999,2025-03-22,8.329583333333334,24,24
2655999,2025-03-26,12.323125,16,16
2655999,2025-03-30,9.28695652173913,23,23
2655999,2025-04-03,11.325000000000001,24,24
2655999,2025-04-07,7.2843478260869565,23,23
2655999,2025-04-11,14.904583333333333,24,24
2655999,2025-04-15,9.929130434782609,23,23
2655999,2025-04-19,6.807916666666667,24,24
2655999,2025-04-23,7.897777777777778,9,9
2655999,2025-04-27,7.88625,24,24
2655999,2025-05-01,26.524,20,20
2655999,2025-05-05,4.995625,16,16
2655999,2025-05-09,10.814583333333333,24,24
2655999,2025-05-13,11.333333333333334,24,24
2655999,2025-05-17,4.324117647058824,17,17
2655999,2025-05-21,7.3825,24,24
2655999,2025-05-25,5.395416666666667,24,24
2655999,2025-05-29,1.8354166666666665,24,24
2655999,2025-06-02,6.065833333333334,24,24
2655999,2025-06-06,10.521666666666667,24,24
2655999,2025-06-10,15.503333333333332,24,24
2655999,2025-06-14,11.530000000000001,24,24
2655999,2025-06-18,9.52,20,20
2655999,2025-06-22,9.972916666666666,24,24
2655999,2025-06-26,19.462500000000002,24,24
2655999,2025-06-30,9.327916666666667,24,24
2655999,2025-07-04,11.209166666666667,24,24
2655999,2025-07-08,2.2600000000000002,24,24
2655999,2025-07-12,3.9137500000000003,24,24
2655999,2025-07-16,7.470833333333334,24,24
2655999,2025-07-20,6.6691666666666665,24,24
2655999,2025-07-24,7.451666666666667,24,24
2655999,2025-07-28,3.902727272727273,22,22
2655999,2025-08-01,4.871666666666667,24,24
2655999,2025-08-05,5.147916666666666,24,24
2655999,2025-08-09,8.690416666666666,24,24
2655999,2025-08-13,13.915416666666667,24,24
2655999,2025-08-17,11.828260869565218,23,23
2655999,2025-08-21,8.73625,24,24
2655999,2025-08-25,3.9012499999999997,24,24
2655999,2025-08-29,9.304166666666667,24,24
2655999,2025-09-02,4.891666666666667,24,24
2655999,2025-09-06,1.4420833333333334,24,24
2655999,2025-09-10,9.0975,24,24
2655999,2025-09-14,7.240416666666667,24,24
2655999,2025-09-18,4.2179166666666665,24,24
2655999,2025-09-22,5.7562500000000005,24,24
2655999,2025-09-26,6.475416666666667,24,24
2655999,2025-09-30,6.006666666666667,24,24
2655999,2025-10-04,11.454782608695652,23,23
2655999,2025-10-08,6.564166666666666,24,24
2655999,2025-10-12,10.298333333333334,24,24
2655999,2025-10-16,9.748181818181818,11,11
2655999,2025-10-20,14.791999999999998,20,20
2655999,2025-10-24,3.5308695652173916,23,23
2655999,2025-10-28,8.60375,24,24
2655999,2025-11-01,11.855416666666668,24,24
2655999,2025-11-05,17.768333333333334,24,24
2655999,2025-11-09,20.692916666666665,24,24
2655999,2025-11-13,20.41391304347826,23,23
2655999,2025-11-17,7.259130434782609,23,23
2655999,2025-11-21,8.806666666666667,24,24
2655999,2025-11-25,12.155,20,20
2655999,2025-11-29,29.939999999999998,2,2
2655999,2025-12-03,28.124782608695654,23,23
2655999,2025-12-07,21.84875,24,24
2655999,2025-12-11,23.705,22,22
2655999,2025-12-15,18.845833333333335,24,24
2655999,2025-12-19,12.357222222222223,18,19
2655999,2025-12-23,13.152499999999998,24,24
2655999,2025-12-27,13.440416666666666,24,24
2655999,2025-12-31,33.36416666666667,24,24
4603,2025-01-01,24.638749929166664,24,24
4603,2025-01-05,13.463541116666667,24,24
4603,2025-01-09,4.456363109090909,22,24
4603,2025-01-13,4.317691769230769,13,17
4603,2025-01-17,16.025293805882352,17,17
4603,2025-01-21,19.08761886190476,21,24
4603,2025-01-25,11.424090427272727,22,24
4603,2025-01-29,2.5854341739130438,23,24
4603,2025-02-02,15.664130230434782,23,24
4603,2025-02-06,9.095475804761904,21,24
4603,2025-02-10,13.461041324999998,24,24
4603,2025-02-14,20.952916520833334,24,24
4603,2025-02-18,20.2233331125,24,24
4603,2025-02-22,27.650652160869566,23,24
4603,2025-02-26,33.585,4,6
4603,2025-03-02,8.014999333333334,3,3
4603,2025-03-06,14.459782447826088,23,24
4603,2025-03-10,8.186086339130435,23,24
4603,2025-03-14,7.138845576923076,13,24
4603,2025-03-18,4.252618619047619,21,24
4603,2025-03-22,11.721817672727271,22,24
4603,2025-03-26,9.295999445,20,24
4603,2025-03-30,8.888181327272727,22,23
4603,2025-04-03,10.706956095652174,23,24
4603,2025-04-07,1.9420828333333333,24,24
4603,2025-04-11,6.3744996,20,24
4603,2025-04-15,10.766874674999999,24,24
4603,2025-04-23,6.394999666666667,9,9
4603,2025-04-27,6.3824997083333335,24,24
4603,2025-05-01,6.048947,19,20
4603,2025-05-05,6.022499571428571,14,17
4603,2025-05-09,5.095237523809524,21,24
4603,2025-05-13,5.946135863636363,22,24
4603,2025-05-17,4.0842852857142855,7,19
4603,2025-05-21,9.37799949,20,24
4603,2025-05-25,3.023260434782609,23,24
4603,2025-05-29,1.7187494375,16,24
4603,2025-06-02,5.814736473684211,19,24
4603,2025-06-06,5.688214071428571,14,24
4603,2025-06-10,9.272058076470588,17,24
4603,2025-06-14,5.116315421052631,19,24
4603,2025-06-18,7.354642285714285,14,23
4603,2025-06-22,6.214166111111111,18,24
4603,2025-06-26,6.901666116666667,24,24
4603,2025-06-30,4.436521304347826,23,24
4603,2025-07-04,7.46476138095238,21,24
4603,2025-07-08,1.586666,21,24
4603,2025-07-12,3.2918416315789476,19,24
4603,2025-07-16,5.8491661666666666,18,24
4603,2025-07-20,6.525624654166666,24,24
4603,2025-07-24,4.291135772727273,22,24
4603,2025-07-28,4.29749940909091,22,22
4603,2025-08-01,3.5877077916666664,24,24
4603,2025-08-05,3.188635681818182,22,24
4603,2025-08-09,7.432082833333333,24,24
4603,2025-08-13,8.954317672727273,22,24
4603,2025-08-17,10.230434339130435,23,23
4603,2025-08-21,11.896136122727272,22,24
4603,2025-08-25,2.2862494583333333,24,24
4603,2025-08-29,8.20749965,24,24
4603,2025-09-02,4.605226863636364,22,24
4603,2025-09-06,1.744999608695652,23,24
4603,2025-09-10,8.749781978260868,23,24
4603,2025-09-14,6.253181586363637,22,24
4603,2025-09-18,2.819523285714286,21,24
4603,2025-09-22,4.107916208333333,24,24
4603,2025-10-04,10.083749558333333,12,24
4603,2025-10-20,8.80299938,5,5
4603,2025-10-24,1.006249125,8,24
4603,2025-10-28,1.5302269545454548,22,24
4603,2025-11-01,10.991362890909091,11,11
4603,2025-11-05,10.422608208695653,23,24
4603,2025-11-09,15.723124816666667,24,24
4603,2025-11-13,9.256363277272728,22,23
4603,2025-11-17,9.912856761904763,21,23
4603,2025-11-21,7.9124994583333335,24,24
4603,2025-11-25,15.116110644444445,9,20
4603,2025-11-29,15.4924989,2,2
4603,2025-12-03,17.673043247826087,23,24
4603,2025-12-07,12.059347260869565,23,24
4603,2025-12-11,7.66549927,20,24
4603,2025-12-15,9.085713685714286,21,24
4603,2025-12-19,10.033408513636363,22,23
4603,2025-12-23,14.56065183043478,23,24
4603,2025-12-27,12.037221811111111,18,24
4603,2025-12-31,2.292083,24,24
7252,2025-01-01,18.233333333333334,24,24
7252,2025-01-05,35.80416666666667,24,24
7252,2025-01-09,21.945833333333336,24,24
7252,2025-01-13,14.804166666666667,24,24
7252,2025-01-17,28.900000000000002,24,24
7252,2025-01-21,39.94583333333333,24,24
7252,2025-01-25,19.958333333333332,24,24
7252,2025-01-29,13.604166666666666,24,24
7252,2025-02-02,21.058333333333334,24,24
7252,2025-02-06,30.22083333333333,24,24
7252,2025-02-10,34.52916666666667,24,24
7252,2025-02-14,41.69583333333333,24,24
7252,2025-02-18,55.62916666666666,24,24
7252,2025-02-22,41.387499999999996,24,24
7252,2025-02-26,56.65,24,24
7252,2025-03-02,23.52916666666667,24,24
7252,2025-03-06,32.24166666666667,24,24
7252,2025-03-10,39.69166666666667,24,24
7252,2025-03-14,16.945833333333333,24,24
7252,2025-03-18,17.079166666666666,24,24
7252,2025-03-22,28.90416666666667,24,24
7252,2025-03-26,42.85833333333333,24,24
7252,2025-03-30,31.7,23,23
7252,2025-04-03,12.358333333333333,24,24
7252,2025-04-07,8.335294117647058,17,17
7252,2025-04-11,19.7,24,24
7252,2025-04-15,14.9625,24,24
7252,2025-04-19,9.933333333333334,24,24
7252,2025-04-23,19.1375,24,24
7252,2025-04-27,8.608333333333333,24,24
7252,2025-05-01,11.200000000000001,19,19
7252,2025-05-05,8.266666666666667,15,15
7252,2025-05-09,11.083333333333334,24,24
7252,2025-05-13,11.608333333333334,24,24
7252,2025-05-17,6.929166666666667,24,24
7252,2025-05-21,15.929166666666667,24,24
7252,2025-05-25,11.691666666666668,24,24
7252,2025-05-29,10.2875,24,24
7252,2025-06-02,16.1875,24,24
7252,2025-06-06,9.395833333333334,24,24
7252,2025-06-10,16.408333333333335,24,24
7252,2025-06-14,12.237499999999999,24,24
7252,2025-06-18,17.025000000000002,24,24
7252,2025-06-22,10.316666666666666,24,24
7252,2025-06-26,8.345833333333333,24,24
7252,2025-06-30,9.683333333333334,24,24
7252,2025-07-04,7.804166666666667,24,24
7252,2025-07-08,16.782608695652176,23,23
7252,2025-07-12,8.1625,24,24
7252,2025-07-16,11.921739130434782,23,23
7252,2025-07-20,18.320833333333333,24,24
7252,2025-07-24,11.391304347826088,23,23
7252,2025-07-28,8.152380952380952,21,21
7252,2025-08-01,12.734782608695651,23,23
7252,2025-08-05,10.125,24,24
7252,2025-08-09,15.075000000000001,24,24
7252,2025-08-13,9.908695652173913,23,23
7252,2025-08-17,7.686956521739131,23,23
7252,2025-08-21,6.326086956521739,23,23
7252,2025-08-25,6.970833333333334,24,24
7252,2025-08-29,11.225,24,24
7252,2025-09-02,20.741666666666667,24,24
7252,2025-09-06,8.720833333333333,24,24
7252,2025-09-10,15.870833333333332,24,24
7252,2025-09-14,14.516666666666666,24,24
7252,2025-09-18,9.583333333333334,24,24
7252,2025-09-22,9.104166666666666,24,24
7252,2025-09-26,6.841666666666666,24,24
7252,2025-09-30,14.65,24,24
7252,2025-10-04,20.433333333333334,24,24
7252,2025-10-08,21.195833333333333,24,24
7252,2025-10-12,10.381818181818183,22,22
7252,2025-10-16,17.363636363636363,11,11
7252,2025-10-20,15.459999999999999,20,20
7252,2025-10-24,9.736363636363636,22,22
7252,2025-10-28,8.039130434782608,23,23
7252,2025-11-01,22.62173913043478,23,23
7252,2025-11-05,25.075,24,24
7252,2025-11-09,25.025000000000002,24,24
7252,2025-11-13,16.76086956521739,23,23
7252,2025-11-17,16.752173913043478,23,23
7252,2025-11-21,14.204166666666666,24,24
7252,2025-11-25,27.54736842105263,19,19
7252,2025-11-29,26.4,2,2
7252,2025-12-03,22.391666666666666,24,24
7252,2025-12-07,29.195833333333336,24,24
7252,2025-12-11,18.287499999999998,24,24
7252,2025-12-15,23.070833333333336,24,24
7252,2025-12-19,43.7695652173913,23,23
7252,2025-12-23,17.57391304347826,23,23
7252,2025-12-27,18.2625,24,24
7252,2025-12-31,15.179166666666667,24,24
3326810,2025-01-01,3.0668354430379745,79,79
3326810,2025-01-05,4.783934426229508,61,61
3326810,2025-01-09,6.7182,50,50
3326810,2025-01-13,5.14,8,8
3326810,2025-01-17,15.076862745098039,51,51
3326810,2025-01-21,16.237222222222222,54,54
3326810,2025-01-25,3.0561363636363637,44,44
3326810,2025-01-29,4.0125,52,52
3326810,2025-02-02,8.9084375,32,32
3326810,2025-02-06,5.082580645161291,31,31
3326810,2025-02-10,21.040526315789474,57,57
3326810,2025-02-14,10.9088,75,75
3326810,2025-02-18,15.694788732394365,71,71
3326810,2025-02-22,5.8846428571428575,56,56
3326810,2025-02-26,2.557,40,40
3326810,2025-03-02,10.008125,64,64
3326810,2025-03-06,10.9384,50,50
3326810,2025-03-10,23.327358490566034,53,53
3326810,2025-03-14,4.4544999999999995,60,60
3326810,2025-03-18,5.995245901639344,61,61
3326810,2025-03-22,6.880370370370371,54,54
3326810,2025-03-26,9.815964912280702,57,57
3326810,2025-03-30,4.164918032786885,61,61
3326810,2025-04-03,10.808409090909091,44,44
3326810,2025-04-07,4.536140350877193,57,57
3326810,2025-04-11,10.370735294117647,68,68
3326810,2025-04-15,9.15865671641791,67,67
3326810,2025-04-19,6.924444444444445,45,45
3326810,2025-04-23,3.089523809523809,42,42
3326810,2025-04-27,13.377166666666666,60,60
3326810,2025-05-01,12.198260869565217,46,46
3326810,2025-05-05,2.6786000000000003,50,50
3326810,2025-05-09,5.560943396226415,53,53
3326810,2025-05-13,7.776944444444445,36,36
3326810,2025-05-17,5.583220338983051,59,59
3326810,2025-05-21,5.982666666666666,15,15
3326810,2025-05-25,4.792058823529412,34,34
3326810,2025-05-29,5.7520454545454545,44,44
3326810,2025-06-02,4.70423076923077,52,52
3326810,2025-06-06,4.046216216216217,37,37
3326810,2025-06-10,5.978918918918919,37,37
3326810,2025-06-14,7.3326086956521745,23,23
3326810,2025-06-18,7.218518518518518,27,27
3326810,2025-06-22,6.779436619718309,71,71
3326810,2025-06-26,5.850526315789473,38,38
3326810,2025-06-30,7.370909090909091,44,44
3326810,2025-07-04,6.050212765957447,47,47
3326810,2025-07-08,5.160263157894737,38,38
3326810,2025-07-12,7.479444444444444,72,72
3326810,2025-07-16,5.55078125,64,64
3326810,2025-07-20,5.508275862068966,58,58
3326810,2025-07-24,7.527536231884057,69,69
3326810,2025-07-28,6.14241935483871,62,62
3326810,2025-08-01,4.980487804878049,82,82
3326810,2025-08-05,4.635588235294117,68,68
3326810,2025-08-09,5.803866666666667,75,75
3326810,2025-08-13,11.92051948051948,77,77
3326810,2025-08-17,5.830694444444444,72,72
3326810,2025-08-21,4.6347826086956525,69,69
3326810,2025-08-25,6.0512,50,50
3326810,2025-08-29,4.8309523809523816,63,63
3326810,2025-09-02,4.814285714285714,63,63
3326810,2025-09-06,5.186119402985075,67,67
3326810,2025-09-10,4.525,14,14
3326810,2025-09-14,4.163561643835616,73,73
3326810,2025-09-18,6.128955223880597,67,67
3326810,2025-09-22,3.5978688524590163,61,61
3326810,2025-09-26,4.608965517241379,58,58
3326810,2025-09-30,6.478,65,65
3326810,2025-10-04,4.017,70,70
3326810,2025-10-08,5.295531914893617,47,47
3326810,2025-10-12,11.070588235294117,51,51
3326810,2025-10-16,4.755,60,60
3326810,2025-10-20,6.792790697674418,43,43
3326810,2025-10-24,2.5375,8,8
3326810,2025-10-28,3.950483870967742,62,62
3326810,2025-11-01,4.32027027027027,74,74
3326810,2025-11-05,5.153098591549296,71,71
3326810,2025-11-09,6.830588235294118,68,68
3326810,2025-11-13,5.668823529411765,17,17
3326810,2025-11-17,2.401343283582089,67,67
3326810,2025-11-21,5.80046875,64,64
3326810,2025-11-25,2.4349180327868853,61,61
3326810,2025-11-29,3.465692307692308,65,65
3326810,2025-12-03,3.368529411764706,68,68
3326810,2025-12-07,4.1862711864406785,59,59
3326810,2025-12-11,5.182333333333333,60,60
3326810,2025-12-15,7.728780487804878,41,41
3326810,2025-12-19,3.8730188679245283,53,53
3326810,2025-12-23,13.38340909090909,44,44
3326810,2025-12-27,4.11590909090909,66,66
3326810,2025-12-31,12.568507462686568,67,67
1850657,2025-01-01,27.475014416666667,24,24
1850657,2025-01-05,1.9770844583333333,24,24
1850657,2025-01-09,1.4645828333333333,24,24
1850657,2025-01-13,6.384027083333333,24,24
1850657,2025-01-17,1.6284718333333332,24,24
1850657,2025-01-21,1.3881943333333335,24,24
1850657,2025-01-25,1.8409733333333334,24,24
1850657,2025-01-29,1.9104170833333332,24,24
1850657,2025-02-02,3.6784717083333334,24,24
1850657,2025-02-06,9.225697916666666,24,24
1850657,2025-02-10,4.8729175,24,24
1850657,2025-02-14,1.0083329583333334,24,24
1850657,2025-02-18,1.3520828333333332,24,24
1850657,2025-02-22,2.1347220833333336,24,24
1850657,2025-02-26,2.56875125,24,24
1850657,2025-03-02,9.636802916666667,24,24
1850657,2025-03-06,3.8645829166666665,24,24
1850657,2025-03-10,3.0719445833333334,24,24
1850657,2025-03-14,4.014584583333334,24,24
1850657,2025-03-18,6.824305833333334,24,24
1850657,2025-03-22,2.3972220833333333,24,24
1850657,2025-03-26,2.1541725,24,24
1850657,2025-03-30,4.456918333333333,24,24
1850657,2025-04-03,4.147220833333333,24,24
1850657,2025-04-07,8.694433333333334,24,24
1850657,2025-04-11,6.127079166666667,24,24
1850657,2025-04-15,1.39236,24,24
1850657,2025-04-19,4.336795833333333,24,24
1850657,2025-04-23,9.022460869565219,23,24
1850657,2025-04-27,1.83680125,24,24
1850657,2025-05-01,3.361119047619048,21,24
1850657,2025-05-05,2.52221375,24,24
1850657,2025-05-09,5.586804166666667,24,24
1850657,2025-05-13,4.236808333333333,24,24
1850657,2025-05-17,5.014170833333333,24,24
1850657,2025-05-21,5.31625,24,24
1850657,2025-05-25,1.6347208333333334,24,24
1850657,2025-05-29,1.2761054166666665,24,24
1850657,2025-06-02,1.6062554166666667,24,24
1850657,2025-06-06,1.6370875,24,24
1850657,2025-06-10,7.536525,24,24
1850657,2025-06-14,8.585433333333333,24,24
1850657,2025-06-18,1.8249904166666668,24,24
1850657,2025-06-22,4.0833375,24,24
1850657,2025-06-26,0.9194458333333334,24,24
1850657,2025-07-24,3.6500029166666668,24,24
1850657,2025-07-28,2.0423654166666667,24,24
1850657,2025-08-01,2.6493083333333334,24,24
1850657,2025-08-05,4.686105416666666,24,24
1850657,2025-08-09,1.6611166666666666,24,24
1850657,2025-08-13,1.42971,23,24
1850657,2025-08-17,2.67361125,24,24
1850657,2025-08-21,1.7520933333333335,24,24
1850657,2025-08-25,0.5437508333333333,24,24
1850657,2025-08-29,3.3718041666666667,24,24
1850657,2025-09-02,1.37777375,24,24
1850657,2025-09-06,1.0208333333333333,24,24
1850657,2025-09-10,1.1020904166666667,24,24
1850657,2025-09-14,0.7222204166666667,24,24
1850657,2025-09-18,1.2965308333333334,24,24
1850657,2025-09-22,4.365829166666667,24,24
1850657,2025-09-26,3.9395891666666665,24,24
1850657,2025-09-30,2.7287458333333334,24,24
1850657,2025-10-04,2.499991666666667,24,24
1850657,2025-10-08,6.403758333333333,24,24
1850657,2025-10-12,2.4011070833333332,24,24
1850657,2025-10-16,1.2875004166666666,24,24
1850657,2025-10-20,0.5803,22,24
1850657,2025-10-24,1.2413870833333334,24,24
1850657,2025-10-28,0.5336108333333334,24,24
1850657,2025-11-01,0.8831904166666668,24,24
1850657,2025-11-05,0.6847225,24,24
1850657,2025-11-09,1.6312570833333335,24,24
1850657,2025-11-13,4.186812499999999,24,24
1850657,2025-11-17,1.3826420833333335,24,24
1850657,2025-11-21,3.3708333333333336,24,24
1850657,2025-11-25,2.0597254166666668,24,24
1850657,2025-11-29,1.0173591666666666,24,24
1850657,2025-12-03,1.0495858333333332,24,24
1850657,2025-12-07,1.3640287500000001,24,24
1850657,2025-12-11,3.4402791666666666,24,24
1850657,2025-12-15,0.9340329166666667,24,24
1850657,2025-12-19,1.8347225,24,24
1850657,2025-12-23,4.398604166666667,24,24
1850657,2025-12-27,3.7597195833333337,24,24
1850657,2025-12-31,7.327775,24,24
8441,2025-01-05,34.0,7,7
8441,2025-01-09,9.0,5,5
8441,2025-01-21,11.25,4,4
8441,2025-01-25,15.0,4,4
8441,2025-01-29,8.0,1,1
8441,2025-02-02,4.0,8,8
8441,2025-02-06,7.0,5,5
8441,2025-02-10,17.0,6,6
8441,2025-02-14,2.0,6,6
8441,2025-02-18,12.5,4,4
8441,2025-02-22,31.0,2,2
8441,2025-02-26,9.0,1,1
8441,2025-03-02,6.0,3,3
8441,2025-03-06,18.0,2,2
8441,2025-03-10,9.0,6,6
8441,2025-03-18,3.3333333333333335,6,6
8441,2025-03-22,15.0,6,6
8441,2025-03-26,10.0,1,1
8441,2025-03-30,3.0,1,1
8441,2025-04-03,6.142857142857143,7,7
8441,2025-04-07,5.8,5,5
8441,2025-04-11,11.0,1,1
8441,2025-04-15,6.0,2,2
8441,2025-04-19,9.0,2,2
8441,2025-04-27,4.333333333333333,3,3
8441,2025-05-05,7.142857142857143,7,7
8441,2025-05-09,5.875,8,8
8441,2025-05-13,8.0,10,10
8441,2025-05-17,4.0,1,1
8441,2025-05-21,8.0,4,4
8441,2025-05-25,6.0,4,4
8441,2025-05-29,8.0,7,7
8441,2025-06-02,7.0,3,3
8441,2025-06-06,12.0,3,3
8441,2025-06-10,18.0,4,4
8441,2025-06-14,28.0,2,2
8441,2025-06-18,7.5,4,4
8441,2025-06-22,11.0,7,7
8441,2025-06-30,7.9,10,10
8441,2025-07-04,12.75,8,8
8441,2025-07-08,5.0,4,4
8441,2025-07-12,7.0,7,7
8441,2025-07-20,10.0,1,1
8441,2025-07-24,8.0,1,1
8441,2025-07-28,5.0,5,5
8441,2025-08-01,7.0,8,8
8441,2025-08-05,5.75,8,8
8441,2025-08-09,10.25,8,8
8441,2025-08-13,14.0,7,7
8441,2025-08-17,11.75,8,8
8441,2025-08-21,9.0,10,10
8441,2025-08-29,5.0,9,9
8441,2025-09-02,5.0,2,2
8441,2025-09-06,7.333333333333333,3,3
8441,2025-09-10,6.0,1,1
8441,2025-09-14,6.0,2,2
8441,2025-09-18,8.5,2,2
8441,2025-09-30,10.0,2,2
8441,2025-10-04,10.0,5,5
8441,2025-10-08,9.0,4,4
8441,2025-10-12,12.0,2,2
8441,2025-10-16,5.0,1,1
8441,2025-10-20,18.2,5,5
8441,2025-10-24,7.0,9,9
8441,2025-10-28,8.0,2,2
8441,2025-11-01,11.0,8,8
8441,2025-11-05,12.0,4,4
8441,2025-11-09,8.8,5,5
8441,2025-11-13,26.0,5,5
2812726,2025-01-01,101.11925925925925,81,81
2812726,2025-01-05,27.885483870967743,62,62
2812726,2025-01-09,59.652033898305085,59,59
2812726,2025-01-13,126.75583333333333,12,12
2812726,2025-01-17,81.65304347826087,46,46
2812726,2025-01-21,78.42636363636363,55,55
2812726,2025-01-25,54.14333333333334,48,48
2812726,2025-01-29,39.63211538461538,52,52
2812726,2025-02-02,64.71951219512195,41,41
2812726,2025-02-06,119.00571428571428,35,35
2812726,2025-02-10,41.10295081967213,61,61
2812726,2025-02-14,72.25259259259259,81,81
2812726,2025-02-18,92.88084507042254,71,71
2812726,2025-02-22,143.74406779661015,59,59
2812726,2025-02-26,22.977450980392156,51,51
2812726,2025-03-02,93.48808823529411,68,68
2812726,2025-03-06,37.51890909090909,55,55
2812726,2025-03-10,52.28829787234043,47,47
2812726,2025-03-14,46.05555555555556,63,63
2812726,2025-03-18,31.114310344827587,58,58
2812726,2025-03-22,42.51089552238806,67,67
2812726,2025-03-26,18.919454545454546,55,55
2812726,2025-03-30,44.474000000000004,60,60
2812726,2025-04-03,31.069423076923076,52,52
2812726,2025-04-07,13.863559322033899,59,59
2812726,2025-04-11,22.225072463768115,69,69
2812726,2025-04-15,11.95076923076923,65,65
2812726,2025-04-19,14.4824,50,50
2812726,2025-04-23,17.524255319148935,47,47
2812726,2025-04-27,19.82333333333333,66,66
2812726,2025-05-01,14.804750000000002,40,40
2812726,2025-05-05,12.079803921568628,51,51
2812726,2025-05-09,13.35433962264151,53,53
2812726,2025-05-13,14.13780487804878,41,41
2812726,2025-05-17,17.830980392156864,51,51
2812726,2025-05-21,16.359375,16,16
2812726,2025-05-25,24.44625,40,40
2812726,2025-05-29,11.308,35,35
2812726,2025-06-02,9.668928571428571,56,56
2812726,2025-06-06,15.806764705882351,34,34
2812726,2025-06-10,14.299761904761905,42,42
2812726,2025-06-14,15.9690625,32,32
2812726,2025-06-18,15.999032258064517,31,31
2812726,2025-06-22,15.763164556962025,79,79
2812726,2025-06-26,13.880731707317073,41,41
2812726,2025-06-30,13.302333333333333,30,30
2812726,2025-07-04,15.485999999999999,50,50
2812726,2025-07-08,15.968285714285713,35,35
2812726,2025-07-12,13.166338028169015,71,71
2812726,2025-07-16,16.69194029850746,67,67
2812726,2025-07-20,15.995806451612903,62,62
2812726,2025-07-24,17.173,70,70
2812726,2025-07-28,15.540144927536232,69,69
2812726,2025-08-01,11.81775,80,80
2812726,2025-08-05,13.824166666666667,72,72
2812726,2025-08-09,16.53851351351351,74,74
2812726,2025-08-13,14.543875,80,80
2812726,2025-08-17,14.3443661971831,71,71
2812726,2025-08-21,15.301549295774649,71,71
2812726,2025-08-25,11.797735849056604,53,53
2812726,2025-08-29,16.203870967741935,62,62
2812726,2025-09-02,15.830882352941176,68,68
2812726,2025-09-06,24.13642857142857,70,70
2812726,2025-09-10,11.624285714285715,7,7
2812726,2025-09-14,13.641935483870967,62,62
2812726,2025-09-18,12.560697674418606,43,43
2812726,2025-09-22,18.320384615384615,52,52
2812726,2025-09-26,17.74231884057971,69,69
2812726,2025-09-30,13.155254237288135,59,59
2812726,2025-10-04,35.32566037735849,53,53
2812726,2025-10-08,13.315882352941177,34,34
2812726,2025-10-12,22.020444444444443,45,45
2812726,2025-10-16,13.20264705882353,34,34
98,2025-01-01,9.957894736842105,19,19
98,2025-01-05,8.700000000000001,24,24
98,2025-01-09,5.442857142857143,7,7
98,2025-01-21,33.6,10,10
98,2025-02-02,21.95,2,2
98,2025-02-06,6.4,8,8
98,2025-02-10,48.166666666666664,21,21
98,2025-02-14,16.740000000000002,5,5
98,2025-02-18,18.287499999999998,24,24
98,2025-02-26,6.58,5,5
98,2025-03-02,12.1,3,3
98,2025-03-06,34.641666666666666,24,24
98,2025-03-10,50.16428571428571,14,14
98,2025-03-14,2.7777777777777777,9,9
98,2025-03-18,3.591666666666667,12,12
98,2025-03-22,16.704166666666666,24,24
98,2025-03-26,5.65,16,16
98,2025-03-30,10.75,18,18
98,2025-04-03,13.270833333333334,24,24
98,2025-04-07,3.5352941176470587,17,17
98,2025-04-11,17.052380952380954,21,21
98,2025-04-15,18.121052631578948,19,19
98,2025-04-19,3.466666666666667,24,24
98,2025-04-23,21.744444444444444,9,9
98,2025-04-27,6.4624999999999995,24,24
98,2025-05-01,9.42,20,20
98,2025-05-05,2.86875,16,16
98,2025-05-09,3.3375,24,24
98,2025-05-13,5.595833333333334,24,24
98,2025-05-17,9.98235294117647,17,17
98,2025-05-21,11.6875,24,24
98,2025-05-25,7.254166666666666,24,24
98,2025-05-29,9.891666666666667,24,24
98,2025-06-02,6.345833333333334,24,24
98,2025-06-06,4.345454545454545,22,22
98,2025-06-10,16.883333333333333,24,24
98,2025-06-14,11.700000000000001,24,24
98,2025-06-18,7.734999999999999,20,20
98,2025-06-22,9.958333333333334,24,24
98,2025-06-26,6.591666666666666,24,24
98,2025-06-30,5.720833333333334,24,24
98,2025-07-04,1.8375000000000001,24,24
98,2025-07-08,5.258333333333334,24,24
98,2025-07-12,3.1999999999999997,24,24
98,2025-07-16,4.260869565217392,23,23
98,2025-07-20,9.629166666666666,24,24
98,2025-07-24,5.658333333333334,24,24
98,2025-07-28,5.800000000000001,22,22
98,2025-08-01,4.047826086956522,23,23
98,2025-08-05,4.491304347826087,23,23
98,2025-08-09,12.2125,24,24
98,2025-08-13,16.712500000000002,24,24
98,2025-08-17,3.286363636363636,22,22
98,2025-08-21,3.082608695652174,23,23
98,2025-08-25,4.358333333333333,24,24
98,2025-08-29,3.966666666666667,24,24
98,2025-09-02,3.154166666666667,24,24
98,2025-09-06,5.708695652173914,23,23
98,2025-09-30,13.788888888888888,9,9
98,2025-10-04,4.391666666666667,24,24
98,2025-10-08,4.969565217391304,23,23
98,2025-10-12,4.208333333333333,24,24
98,2025-10-16,3.3818181818181823,11,11
98,2025-10-20,5.585,20,20
98,2025-10-24,4.016666666666667,24,24
98,2025-10-28,3.6260869565217395,23,23
98,2025-11-01,2.7523809523809524,21,21
98,2025-11-05,3.5409090909090906,22,22
98,2025-11-09,8.258333333333333,24,24
98,2025-11-13,5.9526315789473685,19,19
98,2025-11-17,2.5695652173913044,23,23
98,2025-11-21,9.0375,24,24
98,2025-11-25,7.555,20,20
98,2025-11-29,11.2,2,2
98,2025-12-03,8.1875,24,24
98,2025-12-07,8.433333333333334,24,24
98,2025-12-11,12.954545454545455,22,22
98,2025-12-15,9.762500000000001,24,24
98,2025-12-19,4.360869565217391,23,23
98,2025-12-23,12.025,24,24
98,2025-12-27,9.358333333333333,24,24
98,2025-12-31,4.166666666666667,24,24
7832,2025-01-01,80.65217391304348,23,23
7832,2025-01-05,29.25,24,24
7832,2025-01-09,15.454545454545455,11,11
7832,2025-01-13,8.272727272727273,11,11
7832,2025-01-21,17.347826086956523,23,23
7832,2025-01-25,39.04545454545455,22,22
7832,2025-01-29,31.791666666666668,24,24
7832,2025-02-02,26.875,24,24
7832,2025-02-06,12.583333333333334,24,24
7832,2025-02-10,5.666666666666667,24,24
7832,2025-02-14,13.208333333333334,24,24
7832,2025-02-18,9.863636363636363,22,22
7832,2025-02-22,9.5,2,2
7832,2025-02-26,20.0,5,5
7832,2025-03-02,21.666666666666668,3,3
7832,2025-03-06,11.434782608695652,23,23
7832,2025-03-10,20.75,24,24
7832,2025-03-14,23.166666666666668,24,24
7832,2025-03-18,5.521739130434782,23,23
7832,2025-03-22,16.958333333333332,24,24
7832,2025-03-26,10.307692307692308,13,13
7832,2025-03-30,7.368421052631579,19,19
7832,2025-04-03,5.636363636363637,22,22
7832,2025-04-07,8.272727272727273,22,22
7832,2025-04-11,8.0,20,20
7832,2025-04-15,11.391304347826088,23,23
7832,2025-04-19,8.0,3,3
7832,2025-04-23,12.875,8,8
7832,2025-04-27,9.416666666666666,24,24
7832,2025-05-01,3.15,20,20
7832,2025-05-05,9.333333333333334,15,15
7832,2025-05-09,16.652173913043477,23,23
7832,2025-05-13,9.166666666666666,24,24
7832,2025-05-17,6.0,1,1
7832,2025-05-21,9.761904761904763,21,21
7832,2025-05-25,29.708333333333332,24,24
7832,2025-05-29,8.0,20,20
7832,2025-06-02,9.434782608695652,23,23
7832,2025-06-06,14.434782608695652,23,23
7832,2025-06-10,15.909090909090908,11,11
7832,2025-06-14,11.636363636363637,22,22
7832,2025-06-18,9.263157894736842,19,19
7832,2025-06-22,5.2272727272727275,22,22
7832,2025-06-26,12.842105263157896,19,19
7832,2025-06-30,4.647058823529412,17,17
7832,2025-07-04,5.7272727272727275,22,22
7832,2025-07-08,11.083333333333334,24,24
7832,2025-07-12,7.217391304347826,23,23
7832,2025-07-16,8.681818181818182,22,22
7832,2025-07-20,11.173913043478262,23,23
7832,2025-07-24,15.875,24,24
7832,2025-07-28,11.727272727272727,22,22
7832,2025-08-01,5.217391304347826,23,23
7832,2025-08-05,10.73913043478261,23,23
7832,2025-08-09,5.875,24,24
7832,2025-08-13,7.7727272727272725,22,22
7832,2025-08-17,7.545454545454546,22,22
7832,2025-08-21,10.75,24,24
7832,2025-08-25,5.571428571428571,21,21
7832,2025-08-29,5.7272727272727275,22,22
7832,2025-09-02,9.0,2,2
7832,2025-09-06,8.454545454545455,22,22
7832,2025-09-10,13.272727272727273,22,22
7832,2025-09-14,5.3478260869565215,23,23
7832,2025-09-18,6.15,20,20
7832,2025-09-22,3.909090909090909,11,11
7832,2025-09-26,9.19047619047619,21,21
7832,2025-09-30,7.458333333333333,24,24
7832,2025-10-04,4.217391304347826,23,23
7832,2025-10-08,3.2916666666666665,24,24
7832,2025-10-12,3.7777777777777777,9,9
7832,2025-11-13,9.428571428571429,7,7
7832,2025-11-17,16.818181818181817,22,22
7832,2025-11-21,5.461538461538462,13,13
7832,2025-12-03,10.791666666666666,24,24
7832,2025-12-07,11.73913043478261,23,23
7832,2025-12-11,21.95,20,20
7832,2025-12-15,18.26086956521739,23,23
7832,2025-12-19,38.208333333333336,24,24
7832,2025-12-23,7.666666666666667,21,21
7832,2025-12-27,14.5,24,24
7832,2025-12-31,7.041666666666667,24,24
2163350,2025-01-01,76.5745,24,24
2163350,2025-01-05,10.878320833333333,24,24
2163350,2025-01-09,16.5925625,24,24
2163350,2025-01-13,11.653392857142858,14,14
2163350,2025-01-17,19.790333333333333,18,18
2163350,2025-01-21,99.21941666666667,24,24
2163350,2025-01-25,23.527916666666666,24,24
2163350,2025-01-29,7.7010375,8,8
2163350,2025-02-02,17.099541666666667,24,24
2163350,2025-02-06,12.345262499999999,24,24
2163350,2025-02-10,19.47638260869565,23,23
2163350,2025-02-14,27.720120833333336,24,24
2163350,2025-02-18,23.328833333333336,24,24
2163350,2025-02-22,32.013473684210524,19,19
2163350,2025-02-26,22.2572,5,5
2163350,2025-03-02,6.076266666666666,3,3
2163350,2025-03-06,16.364966666666668,21,21
2163350,2025-03-10,21.04860434782609,23,23
2163350,2025-03-14,8.99055,24,24
2163350,2025-03-18,8.1708375,24,24
2163350,2025-03-22,14.7523125,24,24
2163350,2025-03-26,13.432655555555556,9,9
2163350,2025-03-30,20.59286956521739,23,23
2163350,2025-04-03,10.912154166666667,24,24
2163350,2025-04-07,8.324194117647059,17,17
2163350,2025-04-11,10.804137500000001,24,24
2163350,2025-04-15,4.338023076923077,13,13
2163350,2025-04-19,5.679330434782608,23,23
2163350,2025-04-23,9.444466666666667,9,9
2163350,2025-04-27,4.5435625,24,24
2163350,2025-05-01,11.185315,20,20
2163350,2025-05-05,5.490286666666666,15,15
2163350,2025-05-09,7.811525,24,24
2163350,2025-05-13,7.4066,23,23
2163350,2025-05-17,4.541752941176471,17,17
2163350,2025-05-21,7.552074999999999,24,24
2163350,2025-05-25,7.4698625000000005,24,24
2163350,2025-05-29,5.095915384615385,13,13
2163350,2025-06-02,11.184354166666667,24,24
2163350,2025-06-06,13.984478260869563,23,23
2163350,2025-06-10,9.840804545454546,22,22
2163350,2025-06-14,10.470883333333333,24,24
2163350,2025-06-18,15.767750000000001,20,20
2163350,2025-06-22,11.264679166666667,24,24
2163350,2025-06-26,13.712745833333335,24,24
2163350,2025-06-30,10.3771375,24,24
2163350,2025-07-04,16.04287916666667,24,24
2163350,2025-07-08,7.728925,24,24
2163350,2025-07-12,7.922345833333334,24,24
2163350,2025-07-16,8.781790909090908,22,22
2163350,2025-07-20,11.281866666666666,24,24
2163350,2025-07-24,11.280722727272728,22,22
2163350,2025-07-28,4.828227272727273,22,22
2163350,2025-08-01,8.554029166666666,24,24
2163350,2025-08-05,8.815913043478261,23,23
2163350,2025-08-09,15.110124999999998,24,24
2163350,2025-08-13,13.514030434782608,23,23
2163350,2025-08-17,14.736536363636363,22,22
2163350,2025-08-21,16.956208333333333,24,24
2163350,2025-08-25,6.579604166666666,24,24
2163350,2025-08-29,12.2749625,24,24
2163350,2025-09-02,11.805658333333334,24,24
2163350,2025-09-06,8.665691304347826,23,23
2163350,2025-09-10,9.333945833333333,24,24
2163350,2025-09-14,5.91035,24,24
2163350,2025-09-18,4.280695652173913,23,23
2163350,2025-09-22,10.549195833333334,24,24
2163350,2025-09-26,2.7579111111111114,18,18
2163350,2025-09-30,5.342730434782609,23,23
2163350,2025-10-04,9.099621739130436,23,23
2163350,2025-10-08,9.341129166666667,24,24
2163350,2025-10-12,3.9946809523809526,21,21
2163350,2025-10-16,9.41530909090909,11,11
2163350,2025-10-20,12.436947368421052,19,19
2163350,2025-10-24,3.2220222222222223,18,18
2163350,2025-10-28,3.3527863636363637,22,22
2163350,2025-11-01,9.883154166666666,24,24
2163350,2025-11-05,18.687711111111113,9,9
2163350,2025-11-09,20.820445833333334,24,24
2163350,2025-11-13,19.64789565217391,23,23
2163350,2025-11-17,16.736047826086956,23,23
2163350,2025-11-21,9.281220833333334,24,24
2163350,2025-11-25,7.711463636363636,11,11
2163350,2025-11-29,46.97,2,2
2163350,2025-12-03,17.021057142857142,14,14
2163350,2025-12-07,22.727999999999998,12,12
2163350,2025-12-11,16.88217142857143,21,21
2163350,2025-12-15,21.106958333333335,24,24
2163350,2025-12-19,44.51507142857143,14,14
2163350,2025-12-23,15.4643125,24,24
2163350,2025-12-27,9.933254166666666,24,24
2163350,2025-12-31,1.6478428571428572,14,14
2889297,2025-01-01,2.4849367088607597,79,79
2889297,2025-01-05,4.496065573770491,61,61
2889297,2025-01-09,2.3841176470588237,51,51
2889297,2025-01-13,8.191428571428572,7,7
2889297,2025-01-17,22.2704,50,50
2889297,2025-01-21,23.803035714285716,56,56
2889297,2025-01-25,4.655454545454545,44,44
2889297,2025-01-29,4.2159615384615385,52,52
2889297,2025-02-02,17.056470588235292,34,34
2889297,2025-02-06,5.5159375,32,32
2889297,2025-02-10,15.808275862068966,58,58
2889297,2025-02-14,19.564342105263158,76,76
2889297,2025-02-18,27.713333333333335,69,69
2889297,2025-02-22,4.647272727272727,55,55
2889297,2025-02-26,1.3241463414634147,41,41
2889297,2025-03-02,16.218095238095238,63,63
2889297,2025-03-06,12.878799999999998,50,50
2889297,2025-03-10,15.44173076923077,52,52
2889297,2025-03-14,7.485833333333333,60,60
2889297,2025-03-18,16.432666666666666,60,60
2889297,2025-03-22,5.078363636363636,55,55
2889297,2025-03-26,12.235178571428571,56,56
2889297,2025-03-30,3.4815254237288134,59,59
2889297,2025-04-03,8.265454545454546,44,44
2889297,2025-04-07,4.616140350877193,57,57
2889297,2025-04-11,13.369242424242424,66,66
2889297,2025-04-15,6.976716417910448,67,67
2889297,2025-04-19,6.591777777777778,45,45
2889297,2025-04-23,2.0531111111111113,45,45
2889297,2025-04-27,20.775573770491803,61,61
2889297,2025-05-01,9.042978723404255,47,47
2889297,2025-05-05,1.7458823529411767,51,51
2889297,2025-05-09,5.464814814814815,54,54
2889297,2025-05-13,5.382162162162162,37,37
2889297,2025-05-17,7.490526315789474,57,57
2889297,2025-05-21,7.88,15,15
2889297,2025-05-25,1.2517647058823531,34,34
2889297,2025-05-29,3.848409090909091,44,44
2889297,2025-06-02,3.274074074074074,54,54
2889297,2025-06-06,2.1544444444444446,36,36
2889297,2025-06-10,6.655405405405405,37,37
2889297,2025-06-14,4.5976923076923075,26,26
2889297,2025-06-18,8.202962962962962,27,27
2889297,2025-06-22,6.463561643835616,73,73
2889297,2025-06-26,3.548205128205128,39,39
2889297,2025-06-30,6.887857142857143,42,42
2889297,2025-07-04,2.3002083333333334,48,48
2889297,2025-07-08,2.8175000000000003,36,36
2889297,2025-07-12,2.3267123287671234,73,73
2889297,2025-07-16,6.93328125,64,64
2889297,2025-07-20,1.176140350877193,57,57
2889297,2025-07-24,12.959275362318841,69,69
2889297,2025-07-28,4.290392156862745,51,51
2889297,2025-08-01,2.5548148148148146,81,81
2889297,2025-08-05,1.5827272727272728,66,66
2889297,2025-08-09,1.9252631578947368,76,76
2889297,2025-08-13,12.778947368421052,76,76
2889297,2025-08-17,6.7938888888888895,72,72
2889297,2025-08-21,2.722571428571429,70,70
2889297,2025-08-25,3.223076923076923,52,52
2889297,2025-08-29,1.1015873015873017,63,63
2889297,2025-09-02,1.0374603174603174,63,63
2889297,2025-09-06,0.7818181818181819,66,66
2889297,2025-09-10,1.215,14,14
2889297,2025-09-14,1.1872222222222222,72,72
2889297,2025-09-18,2.241940298507463,67,67
2889297,2025-09-22,0.8833898305084745,59,59
2889297,2025-09-26,6.257241379310345,58,58
2889297,2025-09-30,5.010634920634921,63,63
2889297,2025-10-04,1.6047826086956523,69,69
2889297,2025-10-08,5.373333333333334,45,45
2889297,2025-10-12,19.2562,50,50
2889297,2025-10-16,7.359508196721311,61,61
2889297,2025-10-20,1.62,42,42
2889297,2025-10-24,0.50875,8,8
2889297,2025-10-28,0.9978333333333332,60,60
2889297,2025-11-01,0.9726027397260274,73,73
2889297,2025-11-05,2.546142857142857,70,70
2889297,2025-11-09,2.2396969696969697,66,66
2889297,2025-11-13,5.306875,16,16
2889297,2025-11-17,3.2266666666666666,66,66
2889297,2025-11-21,9.569375,64,64
2889297,2025-11-25,1.1300000000000001,59,59
2889297,2025-11-29,1.3542857142857143,63,63
2889297,2025-12-03,4.425142857142857,70,70
2889297,2025-12-07,2.345666666666667,60,60
2889297,2025-12-11,7.043389830508475,59,59
2889297,2025-12-15,10.777249999999999,40,40
2889297,2025-12-19,1.201132075471698,53,53
2889297,2025-12-23,12.729772727272728,44,44
2889297,2025-12-27,22.52223880597015,67,67
2889297,2025-12-31,9.641612903225806,62,62
225654,2025-01-01,20.71333333333333,15,15
225654,2025-01-05,23.706666666666667,15,15
225654,2025-01-09,22.614285714285717,14,14
225654,2025-01-13,38.01764705882353,17,17
225654,2025-01-17,20.28125,16,16
225654,2025-01-21,52.05625,16,16
225654,2025-01-25,73.02222222222223,18,18
225654,2025-01-29,33.51764705882353,17,17
225654,2025-02-02,52.85217391304347,23,23
225654,2025-02-06,34.18,20,20
225654,2025-02-10,26.065217391304348,23,23
225654,2025-02-14,60.61666666666667,24,24
225654,2025-02-18,21.25,24,24
225654,2025-02-22,28.58695652173913,23,23
225654,2025-02-26,19.25,20,20
225654,2025-03-02,21.370588235294118,17,17
225654,2025-03-06,16.079166666666666,24,24
225654,2025-03-10,30.010526315789477,19,19
225654,2025-03-14,17.570833333333333,24,24
225654,2025-03-18,18.208333333333332,24,24
225654,2025-03-22,44.479166666666664,24,24
225654,2025-03-26,37.670833333333334,24,24
225654,2025-03-30,33.512499999999996,24,24
225654,2025-04-03,23.582608695652173,23,23
225654,2025-04-07,16.55217391304348,23,23
225654,2025-04-11,16.841666666666665,24,24
225654,2025-04-15,13.5375,24,24
225654,2025-04-19,9.4375,24,24
225654,2025-04-23,13.49047619047619,21,21
225654,2025-05-09,13.858333333333334,24,24
225654,2025-05-13,17.6375,24,24
225654,2025-05-17,17.982608695652175,23,23
225654,2025-05-21,23.933333333333334,24,24
225654,2025-05-25,18.133333333333333,24,24
225654,2025-05-29,23.570833333333336,24,24
225654,2025-06-02,25.23478260869565,23,23
225654,2025-06-06,24.7625,24,24
225654,2025-06-10,25.479166666666668,24,24
225654,2025-06-14,29.47083333333333,24,24
225654,2025-06-18,25.420833333333334,24,24
225654,2025-06-22,24.104166666666668,24,24
225654,2025-06-26,25.3625,24,24
225654,2025-06-30,22.98695652173913,23,23
225654,2025-08-25,10.0,6,6
225654,2025-08-29,13.529166666666667,24,24
225654,2025-09-02,12.478260869565217,23,23
225654,2025-09-06,12.5,24,24
225654,2025-09-10,11.891666666666666,24,24
225654,2025-09-14,17.75625,16,16
225654,2025-09-18,12.173913043478262,23,23
225654,2025-09-22,10.109523809523811,21,21
225654,2025-09-26,11.604166666666666,24,24
225654,2025-09-30,11.216666666666667,24,24
225654,2025-10-04,15.895454545454545,22,22
225654,2025-10-08,12.042857142857143,21,21
225654,2025-11-21,13.208695652173914,23,23
225654,2025-11-25,24.295454545454547,22,22
225654,2025-11-29,32.862500000000004,24,24
225654,2025-12-03,60.30499999999999,20,20
225654,2025-12-07,13.061904761904762,21,21
225654,2025-12-11,14.890476190476189,21,21
225654,2025-12-15,13.5,23,23
225654,2025-12-19,13.904347826086957,23,23
225654,2025-12-23,13.887500000000001,24,24
225654,2025-12-27,12.008333333333333,24,24
225654,2025-12-31,16.0625,24,24
921106,2025-01-01,20.541666666666668,24,24
921106,2025-01-05,23.25,24,24
921106,2025-01-09,21.958333333333332,24,24
921106,2025-01-13,19.791666666666668,24,24
921106,2025-01-17,18.583333333333332,24,24
921106,2025-01-21,25.208333333333332,24,24
921106,2025-01-25,22.458333333333332,24,24
921106,2025-01-29,23.666666666666668,24,24
921106,2025-02-02,20.5,24,24
921106,2025-02-06,20.291666666666668,24,24
921106,2025-02-10,25.541666666666668,24,24
921106,2025-02-14,28.25,24,24
921106,2025-02-18,24.875,24,24
921106,2025-02-22,21.333333333333332,24,24
921106,2025-02-26,25.666666666666668,24,24
921106,2025-03-02,15.833333333333334,24,24
921106,2025-03-06,19.625,24,24
921106,2025-03-10,22.208333333333332,24,24
921106,2025-03-14,24.791666666666668,24,24
921106,2025-03-18,26.75,24,24
921106,2025-03-22,25.25,24,24
921106,2025-03-26,30.0,24,24
921106,2025-03-30,19.375,24,24
921106,2025-04-03,35.208333333333336,24,24
921106,2025-04-07,27.0,24,24
921106,2025-04-11,14.0,7,7
921106,2025-04-15,23.75,24,24
921106,2025-04-19,38.708333333333336,24,24
921106,2025-04-23,31.625,24,24
921106,2025-04-27,31.0,24,24
921106,2025-05-01,49.166666666666664,24,24
921106,2025-05-05,40.208333333333336,24,24
921106,2025-05-09,33.833333333333336,24,24
921106,2025-05-13,72.70833333333333,24,24
921106,2025-05-17,54.5,24,24
921106,2025-05-21,43.791666666666664,24,24
921106,2025-05-25,73.70833333333333,24,24
921106,2025-05-29,59.666666666666664,24,24
921106,2025-06-02,67.16666666666667,24,24
921106,2025-06-06,92.29166666666667,24,24
921106,2025-06-10,63.25,24,24
921106,2025-06-14,54.0,24,24
921106,2025-06-18,54.041666666666664,24,24
921106,2025-06-22,42.5,24,24
921106,2025-06-26,45.625,24,24
921106,2025-06-30,71.91666666666667,24,24
921106,2025-07-04,59.5,24,24
921106,2025-07-08,51.541666666666664,24,24
921106,2025-07-12,101.04166666666667,24,24
921106,2025-07-16,72.0,24,24
921106,2025-07-20,68.0,24,24
921106,2025-07-24,45.75,24,24
921106,2025-07-28,63.833333333333336,24,24
921106,2025-08-01,19.875,24,24
921106,2025-08-05,52.208333333333336,24,24
921106,2025-08-09,44.625,24,24
921106,2025-08-13,53.041666666666664,24,24
921106,2025-08-17,33.625,24,24
921106,2025-08-21,21.791666666666668,24,24
921106,2025-08-25,36.333333333333336,24,24
921106,2025-08-29,29.5,24,24
921106,2025-09-02,28.583333333333332,24,24
921106,2025-09-06,35.041666666666664,24,24
921106,2025-09-10,24.75,24,24
921106,2025-09-14,22.791666666666668,24,24
921106,2025-09-18,29.875,24,24
921106,2025-09-22,19.625,24,24
921106,2025-09-26,20.791666666666668,24,24
921106,2025-09-30,22.125,24,24
921106,2025-10-04,18.125,24,24
921106,2025-10-08,24.166666666666668,24,24
921106,2025-10-12,17.708333333333332,24,24
921106,2025-10-16,24.583333333333332,24,24
921106,2025-10-20,23.666666666666668,24,24
921106,2025-10-28,21.22222222222222,9,9
921106,2025-11-01,17.75,24,24
921106,2025-11-05,18.375,24,24
921106,2025-11-09,19.333333333333332,24,24
921106,2025-11-13,21.333333333333332,24,24
921106,2025-11-17,19.541666666666668,24,24
921106,2025-11-21,25.291666666666668,24,24
921106,2025-11-25,25.458333333333332,24,24
921106,2025-11-29,17.583333333333332,24,24
921106,2025-12-03,21.458333333333332,24,24
921106,2025-12-07,21.041666666666668,24,24
921106,2025-12-11,19.375,24,24
921106,2025-12-15,19.75,24,24
921106,2025-12-19,21.541666666666668,24,24
921106,2025-12-23,21.125,24,24
921106,2025-12-27,21.791666666666668,24,24
921106,2025-12-31,25.75,24,24
3989,2025-01-01,2.8,1,1
3989,2025-01-05,1.6888888888888889,9,9
3989,2025-01-09,3.6333333333333333,3,3
3989,2025-01-21,2.0,4,4
3989,2025-01-25,1.6,4,4
3989,2025-01-29,4.7,1,1
3989,2025-02-02,2.15,6,6
3989,2025-02-06,2.75,6,6
3989,2025-02-10,2.9000000000000004,4,4
3989,2025-02-14,1.9428571428571428,7,7
3989,2025-02-18,2.157142857142857,7,7
3989,2025-02-22,2.9,2,2
3989,2025-03-18,2.02,5,5
3989,2025-05-21,2.6666666666666665,3,3
3989,2025-05-25,3.125,4,4
3989,2025-05-29,0.9,3,3
3989,2025-06-02,2.2800000000000002,5,5
3989,2025-06-06,2.3000000000000003,3,3
3989,2025-06-10,2.566666666666667,3,3
3989,2025-06-14,1.45,4,4
3989,2025-06-18,2.05,4,4
3989,2025-06-22,4.957142857142857,7,7
3989,2025-06-30,1.3636363636363635,11,11
3989,2025-07-04,1.2666666666666668,12,12
3989,2025-07-08,1.6166666666666665,6,6
3989,2025-07-12,1.7333333333333334,9,9
3989,2025-07-20,1.1,2,2
3989,2025-07-24,1.1777777777777778,9,9
3989,2025-07-28,1.24,5,5
3989,2025-08-01,1.853846153846154,13,13
3989,2025-08-05,2.1545454545454543,11,11
3989,2025-08-09,2.9166666666666665,6,6
3989,2025-08-13,1.9285714285714286,7,7
3989,2025-08-17,1.7750000000000001,8,8
3989,2025-08-25,1.875,8,8
3989,2025-08-29,7.2299999999999995,10,10
3989,2025-09-02,3.4000000000000004,2,2
3989,2025-09-06,5.6000000000000005,3,3
3989,2025-09-10,5.0,1,1
3989,2025-09-14,1.65,2,2
3989,2025-09-18,1.45,2,2
3989,2025-09-30,2.733333333333333,3,3
3989,2025-10-04,1.34,5,5
3989,2025-10-08,1.025,4,4
3989,2025-10-12,4.199999999999999,2,2
3989,2025-10-16,2.266666666666667,3,3
3989,2025-10-20,3.066666666666667,9,9
3989,2025-10-24,3.5,7,7
3989,2025-10-28,1.5999999999999999,3,3
3989,2025-11-01,1.75,10,10
3989,2025-11-05,2.2666666666666666,6,6
3989,2025-11-09,0.6666666666666666,6,6
3989,2025-11-13,3.1,5,5
3989,2025-11-17,4.0625,8,8
3989,2025-11-21,5.275,4,4
3989,2025-11-29,4.3,1,1
3989,2025-12-03,3.65,6,6
3989,2025-12-07,4.2,1,1
3989,2025-12-11,3.4,10,10
3989,2025-12-15,3.0666666666666664,3,3
7747,2025-01-01,36.72666666666667,15,15
7747,2025-01-05,50.0923076923077,13,13
7747,2025-01-09,44.07272727272727,11,11
7747,2025-01-13,38.473333333333336,15,15
7747,2025-01-17,30.23076923076923,13,13
7747,2025-01-21,55.10666666666667,15,15
7747,2025-01-25,69.84444444444445,18,18
7747,2025-01-29,31.5,17,17
7747,2025-02-02,56.09130434782608,23,23
7747,2025-02-06,44.81111111111111,18,18
7747,2025-02-10,22.7,14,14
7747,2025-02-14,32.56086956521739,23,23
7747,2025-02-18,38.791666666666664,24,24
7747,2025-02-22,27.36818181818182,22,22
7747,2025-02-26,17.728571428571428,14,14
7747,2025-03-02,39.17142857142857,14,14
7747,2025-03-06,42.93913043478261,23,23
7747,2025-03-10,25.863636363636363,11,11
7747,2025-03-14,28.513636363636362,22,22
7747,2025-03-18,33.8375,24,24
7747,2025-03-22,52.82000000000001,10,10
7747,2025-03-26,89.91250000000001,24,24
7747,2025-03-30,37.827777777777776,18,18
7747,2025-04-03,50.47,20,20
7747,2025-04-07,43.047826086956526,23,23
7747,2025-04-11,38.292307692307695,13,13
7747,2025-04-15,40.24166666666667,12,12
7747,2025-04-19,30.160000000000004,20,20
7747,2025-04-23,36.81428571428571,14,14
7747,2025-05-09,25.5125,8,8
7747,2025-05-13,21.357894736842105,19,19
7747,2025-05-17,19.458333333333332,12,12
7747,2025-05-21,21.0,12,12
7747,2025-05-25,24.954166666666666,24,24
7747,2025-05-29,15.87142857142857,14,14
7747,2025-06-02,17.183333333333334,12,12
7747,2025-06-06,23.258823529411764,17,17
7747,2025-06-10,16.638095238095236,21,21
7747,2025-06-14,18.566666666666666,9,9
7747,2025-06-18,19.565217391304348,23,23
7747,2025-06-22,17.264705882352942,17,17
7747,2025-06-26,19.4,9,9
7747,2025-06-30,16.018181818181816,22,22
7747,2025-08-25,13.2,1,1
7747,2025-08-29,12.60625,16,16
7747,2025-09-02,12.529411764705882,17,17
7747,2025-09-06,13.670833333333334,24,24
7747,2025-09-10,10.241666666666667,24,24
7747,2025-09-14,13.9,2,2
7747,2025-09-18,13.1,10,10
7747,2025-09-22,12.892857142857142,14,14
7747,2025-09-26,13.2375,8,8
7747,2025-09-30,9.373913043478261,23,23
7747,2025-10-04,14.069999999999999,10,10
7747,2025-10-08,12.66,15,15
7747,2025-11-21,21.444444444444443,18,18
7747,2025-11-25,28.689999999999998,10,10
7747,2025-11-29,36.58235294117647,17,17
7747,2025-12-03,31.5,18,18
7747,2025-12-07,24.314285714285713,14,14
7747,2025-12-11,33.150000000000006,18,18
7747,2025-12-15,16.347826086956523,23,23
7747,2025-12-19,30.558823529411764,17,17
7747,2025-12-23,28.61818181818182,11,11
7747,2025-12-27,24.825,8,8
7747,2025-12-31,42.0,1,1
7792,2025-03-26,8.0,1,4
7792,2025-06-10,13.0,1,12
7792,2025-06-18,5.0,1,10
7792,2025-07-24,7.0,4,19
7792,2025-10-24,7.0,8,19
7792,2025-11-17,16.25,8,8
7792,2025-11-25,10.0,1,7
7792,2025-11-29,13.0,1,1
784181,2025-02-06,70.98692101962787,8,8
784181,2025-02-10,23.47590909090909,22,22
784181,2025-02-14,27.495123188405827,23,23
784181,2025-02-18,27.64048148148133,18,18
784181,2025-02-22,23.659374999999915,24,24
784181,2025-02-26,36.98650690292646,22,22
784181,2025-03-02,32.96825757575759,22,22
784181,2025-03-06,31.49873529411765,17,17
784181,2025-03-10,23.36640476190467,21,21
784181,2025-03-14,6.768341269841277,21,21
784181,2025-03-18,11.950674242424196,22,22
784181,2025-03-22,12.978654489324258,24,24
784181,2025-03-26,21.105366666666647,20,20
784181,2025-03-30,20.915706793570525,21,21
784181,2025-04-03,20.9879499999999,20,20
784181,2025-04-07,16.97642156862747,17,17
784181,2025-04-11,14.112471014492751,23,23
784181,2025-04-15,15.044464912280738,19,19
784181,2025-04-19,7.431584378265414,22,22
784181,2025-04-23,14.18460416666673,16,16
784181,2025-05-09,13.507818181818179,22,22
784181,2025-05-13,8.666334634125924,21,21
784181,2025-05-17,6.32045454545455,22,22
784181,2025-05-21,7.094618634771291,23,23
784181,2025-05-25,7.209562500000021,24,24
784181,2025-05-29,4.3513332828894296,20,20
784181,2025-06-02,6.790972222222222,18,18
784181,2025-06-06,13.33155603932039,18,18
784181,2025-06-10,12.053880952380966,21,21
784181,2025-06-14,8.256734848484777,22,22
784181,2025-06-18,13.17227083333325,24,24
784181,2025-06-22,8.377070175438558,19,19
784181,2025-06-26,15.193243879472666,21,21
784181,2025-06-30,10.026074999999924,20,20
784181,2025-08-25,4.92015000000001,10,10
784181,2025-08-29,6.845346349717294,18,18
784181,2025-09-02,9.783452380952415,21,21
784181,2025-09-06,12.07195735162718,20,20
784181,2025-09-10,14.346876811594175,23,23
784181,2025-09-14,6.7196212121212,22,22
784181,2025-09-18,6.941560606060586,22,22
784181,2025-09-22,4.715484126984129,21,21
784181,2025-09-26,6.532031760435574,19,19
784181,2025-09-30,15.093955555555626,15,15
784181,2025-10-04,17.7376158045978,20,20
784181,2025-10-08,13.340801587301604,21,21
784181,2025-11-21,14.20794166666668,20,20
784181,2025-11-25,6.292447916666675,16,16
784181,2025-11-29,23.62751754385958,19,19
7934,2025-03-06,24.577690833333335,12,12
7934,2025-03-10,13.035417142857144,21,21
7934,2025-03-14,5.206151363636364,22,22
7934,2025-03-18,5.132352631578947,19,19
7934,2025-03-22,8.437319523809524,21,21
7934,2025-03-26,8.861108461538462,13,13
7934,2025-03-30,6.954945238095239,21,21
7934,2025-04-03,6.234701666666666,24,24
7934,2025-04-07,7.449165882352941,17,17
7934,2025-04-11,5.206203333333333,21,21
7934,2025-04-15,8.01916875,24,24
7934,2025-04-23,5.447737777777778,9,9
7934,2025-04-27,6.968684166666667,24,24
7934,2025-05-01,6.4577975,20,20
7934,2025-05-05,4.151734375,16,16
7934,2025-05-09,3.9757095652173917,23,23
7934,2025-05-13,0.0,22,22
7934,2025-05-17,5.0297744444444445,18,18
7934,2025-05-21,3.1230274999999996,24,24
7934,2025-05-25,5.4466026086956525,23,23
7934,2025-05-29,4.91901347826087,23,23
7934,2025-06-02,10.971388333333332,12,12
7934,2025-06-06,6.348685000000001,22,22
7934,2025-06-10,10.340089583333333,24,24
7934,2025-06-14,16.632103750000002,24,24
7934,2025-06-18,9.835114761904762,21,21
7934,2025-06-22,5.247359583333334,24,24
7934,2025-06-26,13.357255263157894,19,19
7934,2025-06-30,6.564162083333333,24,24
7934,2025-07-04,7.972630476190476,21,21
7934,2025-07-08,7.209947499999999,24,24
7934,2025-07-12,5.586777083333334,24,24
7934,2025-07-16,6.86125,21,21
7934,2025-07-20,5.913184583333333,24,24
7934,2025-07-24,8.475048750000001,24,24
7934,2025-07-28,4.935598000000001,5,5
7934,2025-08-01,6.4993404761904765,21,21
7934,2025-08-05,8.334103913043478,23,23
7934,2025-08-09,9.93427,24,24
7934,2025-08-13,10.8346895,20,20
7934,2025-08-17,8.02735590909091,22,22
7934,2025-08-21,7.537554166666666,24,24
7934,2025-08-25,3.5074433333333332,24,24
7934,2025-08-29,7.994376666666667,24,24
7934,2025-09-02,3.9535109523809524,21,21
7934,2025-09-06,5.796602857142857,14,14
7934,2025-09-10,5.256962173913044,23,23
7934,2025-09-14,5.845229166666667,24,24
7934,2025-09-18,4.84041,23,23
7934,2025-09-22,10.330499583333333,24,24
7934,2025-09-26,7.18814625,24,24
7934,2025-09-30,10.780227083333335,24,24
7934,2025-10-04,3.920825652173913,23,23
7934,2025-10-08,4.045924444444444,18,18
7934,2025-10-12,8.54247304347826,23,23
7934,2025-10-16,13.508643333333334,12,12
7934,2025-10-20,15.1413085,20,20
7934,2025-10-24,3.606255789473684,19,19
7934,2025-10-28,5.2841249999999995,22,22
7934,2025-11-01,17.62070380952381,21,21
7934,2025-11-05,6.904453043478261,23,23
7934,2025-11-09,10.0173825,24,24
7934,2025-11-13,14.615608333333334,12,12
7934,2025-11-17,12.242572105263157,19,19
7934,2025-11-21,6.6515830434782615,23,23
7934,2025-11-25,5.831953529411765,17,17
783913,2025-01-01,21.73913043478261,23,23
783913,2025-01-05,25.791666666666668,24,24
783913,2025-01-09,12.291666666666666,24,24
783913,2025-01-13,9.478260869565217,23,23
783913,2025-01-17,30.416666666666668,24,24
783913,2025-01-21,19.333333333333332,24,24
783913,2025-01-25,27.25,24,24
783913,2025-01-29,10.26086956521739,23,23
783913,2025-02-02,20.08695652173913,23,23
783913,2025-02-06,47.25,24,24
783913,2025-02-10,32.375,24,24
783913,2025-02-14,20.541666666666668,24,24
783913,2025-02-18,29.291666666666668,24,24
783913,2025-02-22,27.291666666666668,24,24
783913,2025-02-26,50.916666666666664,24,24
783913,2025-03-02,12.125,24,24
783913,2025-03-06,28.166666666666668,24,24
783913,2025-03-10,26.52173913043478,23,23
783913,2025-03-14,17.5,16,16
783913,2025-03-26,18.375,24,24
783913,2025-03-30,21.045454545454547,22,22
783913,2025-04-03,10.333333333333334,24,24
783913,2025-04-07,6.791666666666667,24,24
783913,2025-04-11,8.666666666666666,24,24
783913,2025-04-15,14.9375,16,16
783913,2025-04-23,9.208333333333334,24,24
783913,2025-04-27,4.5,24,24
783913,2025-05-01,7.260869565217392,23,23
783913,2025-05-05,7.434782608695652,23,23
783913,2025-05-09,6.708333333333333,24,24
783913,2025-05-13,7.125,24,24
783913,2025-05-17,5.083333333333333,24,24
783913,2025-05-21,15.041666666666666,24,24
783913,2025-05-25,6.625,24,24
783913,2025-05-29,2.6666666666666665,24,24
783913,2025-06-02,6.458333333333333,24,24
783913,2025-06-06,8.583333333333334,24,24
783913,2025-06-10,7.416666666666667,24,24
783913,2025-06-14,4.291666666666667,24,24
783913,2025-06-18,8.291666666666666,24,24
783913,2025-06-22,5.875,24,24
783913,2025-06-26,7.478260869565218,23,23
783913,2025-06-30,4.826086956521739,23,23
783913,2025-07-04,10.166666666666666,24,24
783913,2025-07-08,8.916666666666666,24,24
783913,2025-07-12,5.041666666666667,24,24
783913,2025-07-16,6.833333333333333,24,24
783913,2025-07-20,6.333333333333333,24,24
783913,2025-07-24,4.608695652173913,23,23
783913,2025-07-28,4.333333333333333,24,24
783913,2025-08-01,4.875,24,24
783913,2025-08-05,5.416666666666667,24,24
783913,2025-08-09,6.782608695652174,23,23
783913,2025-08-13,7.708333333333333,24,24
783913,2025-08-17,13.375,24,24
783913,2025-08-21,11.0,11,11
783913,2025-08-25,3.0,6,6
783913,2025-08-29,6.833333333333333,24,24
783913,2025-09-02,5.583333333333333,24,24
783913,2025-09-06,2.75,24,24
783913,2025-09-10,12.125,24,24
783913,2025-09-14,10.625,24,24
783913,2025-09-18,5.25,24,24
783913,2025-09-22,6.333333333333333,24,24
783913,2025-09-26,4.791666666666667,24,24
783913,2025-09-30,3.875,24,24
783913,2025-10-04,11.916666666666666,24,24
783913,2025-10-08,5.823529411764706,17,17
783913,2025-10-12,7.666666666666667,24,24
783913,2025-10-16,11.916666666666666,24,24
783913,2025-10-20,16.235294117647058,17,17
783913,2025-10-24,1.375,24,24
783913,2025-10-28,3.7083333333333335,24,24
783913,2025-11-01,13.208333333333334,24,24
783913,2025-11-05,20.708333333333332,24,24
783913,2025-11-09,21.458333333333332,24,24
783913,2025-11-13,11.166666666666666,24,24
783913,2025-11-17,17.869565217391305,23,23
783913,2025-11-21,5.521739130434782,23,23
783913,2025-11-25,16.75,24,24
783913,2025-11-29,28.375,24,24
783913,2025-12-03,20.583333333333332,24,24
783913,2025-12-07,25.583333333333332,24,24
783913,2025-12-11,11.708333333333334,24,24
783913,2025-12-15,8.083333333333334,24,24
783913,2025-12-19,41.125,24,24
783913,2025-12-23,14.916666666666666,24,24
783913,2025-12-27,23.916666666666668,24,24
783913,2025-12-31,4.791666666666667,24,24
2163363,2025-01-01,23.142541666666663,24,24
2163363,2025-01-05,10.684342857142857,21,21
2163363,2025-01-09,8.094616666666667,24,24
2163363,2025-01-13,5.054075,12,12
2163363,2025-01-17,21.413777777777778,18,18
2163363,2025-01-21,11.462000000000002,24,24
2163363,2025-01-25,15.904545833333332,24,24
2163363,2025-01-29,6.903847826086957,23,23
2163363,2025-02-02,16.178250000000002,24,24
2163363,2025-02-06,19.961320833333335,24,24
2163363,2025-02-10,20.987978260869564,23,23
2163363,2025-02-14,18.890208333333334,24,24
2163363,2025-02-18,21.525125,24,24
2163363,2025-02-22,20.716055555555556,18,18
2163363,2025-02-26,33.9054,5,5
2163363,2025-03-02,8.365499999999999,3,3
2163363,2025-03-06,24.303,2,2
2163363,2025-03-10,12.155391304347827,23,23
2163363,2025-03-14,9.711582608695652,23,23
2163363,2025-03-18,10.590845833333333,24,24
2163363,2025-03-22,17.001916666666666,24,24
2163363,2025-03-26,16.3425,16,16
2163363,2025-03-30,13.490578260869565,23,23
2163363,2025-04-03,17.675625,24,24
2163363,2025-04-07,6.258508695652173,23,23
2163363,2025-04-11,8.44803043478261,23,23
2163363,2025-04-15,9.638106666666665,15,15
2163363,2025-04-19,4.065795454545455,22,22
2163363,2025-04-23,12.8974,9,9
2163363,2025-04-27,6.7588791666666665,24,24
2163363,2025-05-01,11.231577777777778,18,18
2163363,2025-05-05,3.694742857142857,14,14
2163363,2025-05-09,7.5591,24,24
2163363,2025-05-13,7.35886875,16,16
2163363,2025-05-17,3.2180529411764702,17,17
2163363,2025-05-21,7.403604166666667,24,24
2163363,2025-05-25,6.7076125,24,24
2163363,2025-05-29,2.460421739130435,23,23
2163363,2025-06-02,12.922778260869565,23,23
2163363,2025-06-06,11.184991304347825,23,23
2163363,2025-06-14,10.3692625,24,24
2163363,2025-06-18,14.986590000000001,20,20
2163363,2025-06-22,13.997558333333332,24,24
2163363,2025-06-26,17.739908333333332,24,24
2163363,2025-06-30,11.067458333333335,24,24
2163363,2025-07-04,10.9,24,24
2163363,2025-07-08,4.1114875,24,24
2163363,2025-07-12,4.506454166666667,24,24
2163363,2025-07-16,7.978981818181818,22,22
2163363,2025-07-20,11.633129166666668,24,24
2163363,2025-07-24,8.07189,20,20
2163363,2025-07-28,6.802468181818182,22,22
2163363,2025-08-01,4.6118565217391305,23,23
2163363,2025-08-05,5.266809090909091,22,22
2163363,2025-08-09,16.075216666666666,24,24
2163363,2025-08-13,12.532108695652173,23,23
2163363,2025-08-17,11.310472727272726,22,22
2163363,2025-08-21,11.425270833333334,24,24
2163363,2025-08-25,3.524047619047619,21,21
2163363,2025-08-29,10.527741666666666,24,24
2163363,2025-09-02,6.554829166666667,24,24
2163363,2025-09-06,2.3673,20,20
2163363,2025-09-10,10.665033333333334,24,24
2163363,2025-09-14,7.1997347826086955,23,23
2163363,2025-09-18,5.1073458333333335,24,24
2163363,2025-09-22,8.546666666666667,24,24
2163363,2025-09-26,5.087104761904762,21,21
2163363,2025-09-30,9.005095833333334,24,24
2163363,2025-10-04,19.433595652173913,23,23
2163363,2025-10-08,7.979045833333333,24,24
2163363,2025-10-12,6.792522727272726,22,22
2163363,2025-10-16,7.8062818181818185,11,11
2163363,2025-10-20,10.9689,19,19
2163363,2025-10-24,2.663715,20,20
2163363,2025-10-28,3.329625,16,16
2163363,2025-11-01,10.922325,24,24
2163363,2025-11-05,10.93454090909091,22,22
2163363,2025-11-09,15.720708333333334,24,24
2163363,2025-11-13,11.362395652173914,23,23
2163363,2025-11-17,10.700165217391305,23,23
2163363,2025-11-21,16.768075,24,24
2163363,2025-11-25,14.691788888888889,9,9
2163363,2025-11-29,39.542500000000004,2,2
2163363,2025-12-03,17.5136125,24,24
2163363,2025-12-07,14.57263,10,10
2163363,2025-12-11,17.667119047619046,21,21
2163363,2025-12-15,6.0174875000000005,24,24
2163363,2025-12-19,21.97769565217391,23,23
2163363,2025-12-23,9.522957894736843,19,19
2163363,2025-12-27,30.934043478260868,23,23
2163363,2025-12-31,5.0497958333333335,24,24
10566,2025-01-01,21.275,24,24
10566,2025-01-05,25.05,24,24
10566,2025-01-09,9.6375,24,24
10566,2025-01-13,9.783333333333333,24,24
10566,2025-01-17,23.333333333333332,24,24
10566,2025-01-21,30.879166666666666,24,24
10566,2025-01-25,13.229166666666666,24,24
10566,2025-01-29,6.854166666666667,24,24
10566,2025-02-02,16.075,24,24
10566,2025-02-06,24.40833333333333,24,24
10566,2025-02-10,45.4125,24,24
10566,2025-02-14,34.84583333333333,24,24
10566,2025-02-18,43.23333333333333,24,24
10566,2025-02-22,34.108333333333334,24,24
10566,2025-02-26,41.3375,24,24
10566,2025-03-02,18.970833333333335,24,24
10566,2025-03-06,34.34166666666667,24,24
10566,2025-03-10,41.43333333333333,24,24
10566,2025-03-14,21.460869565217394,23,24
10566,2025-03-18,21.7375,24,24
10566,2025-03-22,31.304166666666664,24,24
10566,2025-03-26,30.141666666666666,24,24
10566,2025-03-30,14.799999999999999,23,23
10566,2025-04-03,14.716666666666667,24,24
10566,2025-04-07,9.995833333333334,24,24
10566,2025-04-11,17.558333333333334,24,24
10566,2025-04-15,13.920833333333334,24,24
10566,2025-04-19,9.554166666666667,24,24
10566,2025-04-23,15.158333333333333,24,24
10566,2025-04-27,13.016666666666666,24,24
10566,2025-05-01,14.242105263157896,19,19
10566,2025-05-05,8.46,15,15
10566,2025-05-09,14.141666666666666,24,24
10566,2025-05-13,12.708333333333334,24,24
10566,2025-05-17,9.166666666666666,24,24
10566,2025-05-21,14.145833333333334,24,24
10566,2025-05-25,12.004166666666668,24,24
10566,2025-05-29,9.570833333333333,24,24
10566,2025-06-02,12.254166666666668,24,24
10566,2025-06-06,9.966666666666667,24,24
10566,2025-06-10,16.841666666666665,24,24
10566,2025-06-14,15.008333333333333,24,24
10566,2025-06-18,17.908333333333335,24,24
10566,2025-06-22,12.916666666666666,24,24
10566,2025-06-26,12.4375,24,24
10566,2025-06-30,12.1,24,24
10566,2025-07-04,11.704545454545455,22,24
10566,2025-07-08,11.034782608695652,23,23
10566,2025-07-12,9.245833333333334,24,24
10566,2025-07-16,11.743478260869566,23,23
10566,2025-07-20,15.173913043478262,23,23
10566,2025-07-24,11.159090909090908,22,23
10566,2025-07-28,12.72857142857143,21,21
10566,2025-08-01,10.569565217391304,23,23
10566,2025-08-05,10.554166666666667,24,24
10566,2025-08-09,15.595833333333333,24,24
10566,2025-08-13,15.569565217391302,23,23
10566,2025-08-21,9.6,23,23
10566,2025-08-25,9.55,24,24
10566,2025-08-29,14.366666666666667,24,24
10566,2025-09-02,12.5,24,24
10566,2025-09-06,9.216666666666667,24,24
10566,2025-09-10,17.425,24,24
10566,2025-09-14,13.229166666666666,24,24
10566,2025-09-18,10.241666666666667,24,24
10566,2025-09-22,9.366666666666667,24,24
10566,2025-09-26,9.637500000000001,24,24
10566,2025-09-30,14.804166666666667,24,24
10566,2025-10-04,22.866666666666664,24,24
10566,2025-10-08,16.099999999999998,24,24
10566,2025-10-12,10.617391304347825,23,23
10566,2025-10-16,11.545454545454545,11,11
10566,2025-10-20,19.736842105263158,19,19
10566,2025-10-24,8.5,24,24
10566,2025-10-28,8.565217391304348,23,23
10566,2025-11-01,26.3875,24,24
10566,2025-11-05,23.287499999999998,24,24
10566,2025-11-09,44.55833333333334,24,24
10566,2025-11-13,16.32608695652174,23,23
10566,2025-11-17,13.065217391304348,23,23
10566,2025-11-21,14.0375,24,24
10566,2025-11-25,38.57368421052632,19,19
10566,2025-11-29,48.95,2,2
10566,2025-12-03,34.020833333333336,24,24
10566,2025-12-07,20.904166666666665,24,24
10566,2025-12-11,14.708333333333334,24,24
10566,2025-12-15,25.97083333333333,24,24
10566,2025-12-19,32.595652173913045,23,23
10566,2025-12-23,23.0625,24,24
10566,2025-12-27,22.05,24,24
10566,2025-12-31,11.666666666666666,24,24
3091485,2025-01-09,24.91478260869565,23,23
3091485,2025-01-13,28.376521739130432,23,23
3091485,2025-01-17,34.541363636363634,22,22
3091485,2025-01-21,34.27045454545455,22,22
3091485,2025-01-25,29.760833333333334,24,24
3091485,2025-01-29,27.584782608695654,23,23
3091485,2025-02-02,26.876956521739128,23,23
3091485,2025-02-06,22.471739130434784,23,23
3091485,2025-02-10,29.570833333333336,24,24
3091485,2025-02-14,30.193749999999998,24,24
3091485,2025-02-18,26.280555555555555,18,18
3091485,2025-02-22,23.47666666666667,12,12
3091485,2025-02-26,30.320833333333336,12,12
3091485,2025-03-02,31.116666666666664,12,12
3091485,2025-03-06,16.176,5,5
3091485,2025-03-10,44.845,16,16
3091485,2025-03-14,13.853478260869565,23,23
3091485,2025-03-18,27.18565217391304,23,23
3091485,2025-03-22,21.277916666666666,24,24
3091485,2025-03-26,19.69666666666667,24,24
3091485,2025-03-30,29.188333333333333,24,24
3091485,2025-04-03,28.817083333333333,24,24
3091485,2025-04-07,27.221666666666668,24,24
3091485,2025-04-11,12.568333333333333,24,24
3091485,2025-04-15,16.832083333333333,24,24
3091485,2025-04-19,28.268333333333334,24,24
3091485,2025-04-23,23.158,15,15
3091485,2025-04-27,20.579583333333336,24,24
3091485,2025-05-01,26.137083333333333,24,24
3091485,2025-05-05,15.367826086956521,23,23
3091485,2025-05-09,17.60125,24,24
3091485,2025-05-13,15.975833333333334,24,24
3091485,2025-05-17,27.735500000000002,20,20
3091485,2025-05-21,12.214166666666666,24,24
3091485,2025-05-25,27.213333333333335,24,24
3091485,2025-05-29,19.02875,24,24
3091485,2025-06-02,19.479166666666668,24,24
3091485,2025-06-06,17.24125,24,24
3091485,2025-06-10,26.099999999999998,24,24
3091485,2025-06-14,15.466666666666667,24,24
3091485,2025-06-18,15.575000000000001,24,24
3091485,2025-06-22,10.374166666666666,24,24
3091485,2025-06-26,8.824782608695653,23,23
3091485,2025-06-30,13.212608695652174,23,23
3091485,2025-07-04,11.8675,24,24
3091485,2025-07-08,17.625416666666666,24,24
3091485,2025-07-12,15.343333333333334,24,24
3091485,2025-07-16,13.247916666666667,24,24
3091485,2025-07-20,9.495833333333334,24,24
3091485,2025-07-24,13.702916666666667,24,24
3091485,2025-07-28,20.764166666666664,24,24
3091485,2025-08-01,16.350416666666668,24,24
3091485,2025-08-05,18.746666666666666,15,15
3091485,2025-08-09,19.93125,24,24
3091485,2025-08-13,18.93916666666667,24,24
3091485,2025-08-17,15.325416666666667,24,24
3091485,2025-08-21,15.003809523809522,21,21
3091485,2025-08-25,11.1325,24,24
3091485,2025-08-29,20.366666666666667,24,24
3091485,2025-09-02,15.727083333333333,24,24
3091485,2025-09-06,28.5475,24,24
3091485,2025-09-10,22.28333333333333,24,24
3091485,2025-09-14,15.919166666666667,24,24
3091485,2025-09-18,14.3125,24,24
3091485,2025-09-22,18.767500000000002,24,24
3091485,2025-09-26,20.303333333333335,24,24
3091485,2025-09-30,23.407083333333333,24,24
3091485,2025-10-04,21.93541666666667,24,24
3091485,2025-10-08,23.33458333333333,24,24
3091485,2025-10-12,26.48625,24,24
3091485,2025-10-16,24.854583333333334,24,24
3091485,2025-10-20,21.035,18,18
3091485,2025-10-24,24.62,24,24
3091485,2025-10-28,27.515833333333333,24,24
3091485,2025-11-01,38.242916666666666,24,24
3091485,2025-11-05,33.67625,24,24
3091485,2025-11-09,35.901666666666664,24,24
3091485,2025-11-13,27.429166666666664,24,24
3091485,2025-11-17,23.579166666666666,24,24
3091485,2025-11-21,25.23,24,24
3091485,2025-11-25,26.62625,24,24
3091485,2025-11-29,32.05291666666667,24,24
3091485,2025-12-03,35.98666666666667,24,24
3091485,2025-12-07,32.650416666666665,24,24
3091485,2025-12-11,29.403750000000002,24,24
3091485,2025-12-15,27.421666666666667,24,24
3091485,2025-12-19,44.475,24,24
3091485,2025-12-23,31.05125,24,24
3091485,2025-12-27,27.01,1,1
5475,2025-01-01,1.8545454545454545,55,55
5475,2025-01-05,3.5344827586206895,58,58
5475,2025-01-09,1.9014084507042253,71,71
5475,2025-01-13,3.481012658227848,79,79
5475,2025-01-17,2.130952380952381,84,84
5475,2025-01-21,1.5180722891566265,83,83
5475,2025-01-25,1.0933333333333333,75,75
5475,2025-01-29,2.4285714285714284,63,63
5475,2025-02-02,2.9375,64,64
5475,2025-02-06,2.2794117647058822,68,68
5475,2025-02-10,0.8923076923076924,65,65
5475,2025-02-14,12.146341463414634,82,82
5475,2025-02-18,1.0617283950617284,81,81
5475,2025-02-22,1.5405405405405406,74,76
5475,2025-02-26,2.5076923076923077,65,65
5475,2025-03-02,1.0512820512820513,78,78
5475,2025-03-06,1.676056338028169,71,71
5475,2025-03-10,2.289473684210526,76,76
5475,2025-03-14,9.80952380952381,63,63
5475,2025-03-18,0.9125,80,80
5475,2025-03-22,0.8360655737704918,61,61
5475,2025-03-26,1.4776119402985075,67,67
5475,2025-03-30,1.4615384615384615,65,65
5475,2025-04-03,1.59375,64,64
5475,2025-04-07,0.6170212765957447,47,47
5475,2025-04-11,2.735294117647059,68,68
5475,2025-04-15,1.5303030303030303,66,66
5475,2025-04-19,2.75,76,76
5475,2025-04-23,2.0833333333333335,60,60
5475,2025-04-27,3.22,50,50
5475,2025-05-01,3.2,45,45
5475,2025-05-05,5.346153846153846,52,52
5475,2025-05-09,1.1690140845070423,71,71
5475,2025-05-13,3.661764705882353,68,68
5475,2025-05-17,1.2238805970149254,67,67
5475,2025-05-21,3.819277108433735,83,83
5475,2025-05-25,1.4487179487179487,78,78
5475,2025-05-29,4.552238805970149,67,67
5475,2025-06-02,3.4615384615384617,65,65
5475,2025-06-06,4.242424242424242,66,66
5475,2025-06-10,0.8714285714285714,70,70
5475,2025-06-14,8.076923076923077,65,65
5475,2025-06-18,0.9240506329113924,79,79
5475,2025-06-22,7.060975609756097,82,82
5475,2025-06-26,4.183098591549296,71,71
5475,2025-06-30,3.0779220779220777,77,77
5475,2025-07-04,5.907692307692308,65,65
5475,2025-07-08,4.515151515151516,66,66
5475,2025-07-12,3.015151515151515,66,66
5475,2025-07-16,1.8596491228070176,57,57
5475,2025-07-20,1.9245283018867925,53,53
5475,2025-07-24,1.3246753246753247,77,77
5475,2025-07-28,1.984375,64,64
5475,2025-08-01,4.384615384615385,65,65
5475,2025-08-05,1.75,60,60
5475,2025-08-09,4.360655737704918,61,61
5475,2025-08-13,2.014705882352941,68,68
5475,2025-08-17,1.3384615384615384,65,65
5475,2025-08-21,3.25,76,76
5475,2025-08-25,3.3552631578947367,76,76
5475,2025-08-29,1.21875,64,64
5475,2025-09-02,1.696969696969697,66,66
5475,2025-09-06,2.169491525423729,59,59
5475,2025-09-10,1.16,50,50
5475,2025-09-14,1.696969696969697,66,66
5475,2025-09-18,1.7538461538461538,65,65
5475,2025-09-22,0.8026315789473685,76,76
5475,2025-09-26,1.3484848484848484,66,66
5475,2025-09-30,2.2,65,65
5475,2025-10-04,1.7878787878787878,66,66
5475,2025-10-08,1.8115942028985508,69,72
5475,2025-10-12,0.78125,64,64
5475,2025-10-16,2.323529411764706,68,68
5475,2025-10-20,2.5283018867924527,53,53
5475,2025-10-24,0.5555555555555556,72,72
5475,2025-10-28,1.2941176470588236,51,51
5475,2025-11-01,3.5753424657534247,73,73
5475,2025-11-05,0.6578947368421053,76,76
5475,2025-11-09,1.4647887323943662,71,71
5475,2025-11-13,1.6111111111111112,72,72
5475,2025-11-17,0.4857142857142857,70,70
5475,2025-11-21,1.0704225352112675,71,71
5475,2025-11-25,0.9242424242424242,66,68
10889,2025-01-05,11.615384615384615,13,13
10889,2025-01-09,5.75,8,8
10889,2025-01-17,15.555555555555555,9,9
10889,2025-01-29,6.9,10,10
10889,2025-03-10,9.208333333333334,24,24
10889,2025-03-14,24.0,24,24
10889,2025-03-18,17.166666666666668,24,24
10889,2025-03-22,21.875,24,24
10889,2025-03-26,40.5,24,24
10889,2025-03-30,11.166666666666666,24,24
10889,2025-04-03,11.541666666666666,24,24
10889,2025-04-07,17.956521739130434,23,23
10889,2025-04-11,6.958333333333333,24,24
10889,2025-05-01,21.166666666666668,24,24
10889,2025-05-05,28.083333333333332,12,12
10889,2025-05-13,16.25,16,16
10889,2025-05-29,3.5,8,8
10889,2025-06-06,3.0,2,2
10889,2025-06-10,3.0,9,9
10889,2025-06-22,6.041666666666667,24,24
10889,2025-06-30,10.357142857142858,14,14
10889,2025-07-04,8.222222222222221,18,18
10889,2025-07-08,11.565217391304348,23,23
10889,2025-07-12,22.6,15,15
10889,2025-07-16,15.75,24,24
10889,2025-07-20,5.916666666666667,24,24
10889,2025-07-24,2.7916666666666665,24,24
10889,2025-07-28,4.541666666666667,24,24
10889,2025-08-01,2.375,24,24
10889,2025-08-05,4.5,24,24
10889,2025-08-09,9.583333333333334,24,24
10889,2025-08-13,13.0,4,4
10889,2025-08-17,13.583333333333334,24,24
10889,2025-08-21,10.416666666666666,24,24
10889,2025-08-25,8.523809523809524,21,21
10889,2025-08-29,8.478260869565217,23,23
10889,2025-09-02,4.583333333333333,24,24
10889,2025-09-06,14.0,14,14
10889,2025-09-10,3.9166666666666665,24,24
10889,2025-09-14,6.333333333333333,24,24
10889,2025-09-18,6.875,24,24
10889,2025-09-22,5.916666666666667,24,24
10889,2025-09-26,10.333333333333334,24,24
10889,2025-09-30,8.434782608695652,23,23
10889,2025-10-04,10.565217391304348,23,23
10889,2025-10-08,11.25,24,24
10889,2025-12-03,17.626666666666665,15,15
10889,2025-12-07,7.0,6,6
10889,2025-12-15,0.5333333333333333,24,24
10889,2025-12-19,41.75,24,24
10889,2025-12-23,49.333333333333336,9,9
1082284,2025-01-01,5.891666666666667,24,24
1082284,2025-01-05,4.591666666666667,24,24
1082284,2025-01-09,3.5375,24,24
1082284,2025-01-13,2.8041666666666667,24,24
1082284,2025-01-17,4.245833333333334,24,24
1082284,2025-01-21,6.3374999999999995,24,24
1082284,2025-01-25,8.429166666666667,24,24
1082284,2025-01-29,4.3875,24,24
1082284,2025-02-02,4.979166666666667,24,24
1082284,2025-02-06,5.908333333333334,24,24
1082284,2025-02-10,3.3333333333333335,24,24
1082284,2025-02-14,6.75,24,24
1082284,2025-02-18,5.8100000000000005,20,20
1082284,2025-02-22,4.679166666666666,24,24
1082284,2025-02-26,4.575,24,24
1082284,2025-03-02,6.004166666666666,24,24
1082284,2025-03-10,8.813333333333333,15,24
1082284,2025-03-14,3.529166666666667,24,24
1082284,2025-03-18,7.458333333333333,24,24
1082284,2025-03-22,3.6291666666666664,24,24
1082284,2025-03-26,4.104166666666667,24,24
1082284,2025-03-30,3.795833333333333,24,24
1082284,2025-04-03,2.095833333333333,24,24
1082284,2025-04-07,5.8625,24,24
1082284,2025-04-11,3.141666666666667,24,24
1082284,2025-04-15,3.4875000000000003,24,24
1082284,2025-04-19,6.8500000000000005,24,24
1082284,2025-04-23,3.6791666666666667,24,24
1082284,2025-04-27,3.4130434782608696,23,23
1082284,2025-05-01,3.9521739130434783,23,23
1082284,2025-05-05,4.166666666666667,24,24
1082284,2025-05-09,4.504166666666666,24,24
1082284,2025-05-13,3.3791666666666664,24,24
1082284,2025-05-17,3.2375000000000003,24,24
1082284,2025-05-21,3.475,24,24
1082284,2025-05-25,5.845833333333334,24,24
1082284,2025-05-29,5.170833333333333,24,24
1082284,2025-06-02,3.233333333333333,24,24
1082284,2025-06-06,3.829166666666667,24,24
1082284,2025-06-10,2.2291666666666665,24,24
1082284,2025-06-14,4.054166666666666,24,24
1082284,2025-06-18,6.383333333333333,24,24
1082284,2025-06-22,3.0416666666666665,24,24
1082284,2025-06-26,2.7291666666666665,24,24
1082284,2025-06-30,1.5625,24,24
1082284,2025-07-04,2.634782608695652,23,24
1082284,2025-07-08,3.7708333333333335,24,24
1082284,2025-07-12,4.8375,24,24
1082284,2025-07-16,5.791666666666667,24,24
1082284,2025-07-20,4.35,24,24
1082284,2025-07-24,3.1,24,24
1082284,2025-07-28,1.883333333333333,24,24
1082284,2025-08-01,3.4416666666666664,24,24
1082284,2025-08-05,3.7125000000000004,24,24
1082284,2025-08-09,4.052173913043478,23,23
1082284,2025-08-13,3.358333333333333,24,24
1082284,2025-08-17,7.166666666666667,24,24
1082284,2025-08-21,3.4,24,24
1082284,2025-08-25,5.833333333333333,24,24
1082284,2025-08-29,5.370833333333334,24,24
1082284,2025-09-02,3.1833333333333336,24,24
1082284,2025-09-06,7.158333333333334,24,24
1082284,2025-09-10,10.270833333333334,24,24
1082284,2025-09-14,4.3375,24,24
1082284,2025-09-18,12.295833333333334,24,24
1082284,2025-09-22,4.9750000000000005,24,24
1082284,2025-09-26,12.0625,24,24
1082284,2025-09-30,5.170833333333333,24,24
1082284,2025-10-04,5.754166666666666,24,24
1082284,2025-10-08,13.791666666666666,24,24
1082284,2025-10-12,10.804347826086957,23,23
1082284,2025-10-16,4.858333333333333,24,24
1082284,2025-10-20,6.87,20,20
1082284,2025-10-24,13.758333333333333,24,24
1082284,2025-10-28,14.658333333333333,24,24
1082284,2025-11-01,5.579166666666667,24,24
1082284,2025-11-05,5.695833333333333,24,24
1082284,2025-11-09,7.575,24,24
1082284,2025-11-13,6.1000000000000005,24,24
1082284,2025-11-17,5.466666666666666,24,24
1082284,2025-11-21,6.2250000000000005,24,24
1082284,2025-11-25,7.520833333333333,24,24
1082284,2025-11-29,8.0625,24,24
1082284,2025-12-03,3.9958333333333336,24,24
1082284,2025-12-07,3.8666666666666667,3,24
1082284,2025-12-11,3.420833333333333,24,24
1082284,2025-12-15,6.958333333333333,24,24
1082284,2025-12-19,4.995833333333334,24,24
1082284,2025-12-23,5.408333333333334,24,24
1082284,2025-12-27,4.45,24,24
1082284,2025-12-31,6.970833333333334,24,24
7962,2025-01-01,13.434782608695652,23,23
7962,2025-01-05,12.5,24,24
7962,2025-01-09,14.25,24,24
7962,2025-01-13,40.888888888888886,9,9
7962,2025-01-21,13.333333333333334,21,21
7962,2025-01-25,10.521739130434783,23,23
7962,2025-01-29,15.083333333333334,24,24
7962,2025-02-02,6.166666666666667,24,24
7962,2025-02-06,9.411764705882353,17,17
7962,2025-02-10,4.208333333333333,24,24
7962,2025-02-14,9.708333333333334,24,24
7962,2025-02-18,5.590909090909091,22,22
7962,2025-02-22,6.0,2,2
7962,2025-02-26,19.5,2,2
7962,2025-03-02,14.666666666666666,3,3
7962,2025-03-06,9.5,20,20
7962,2025-03-10,14.772727272727273,22,22
7962,2025-03-14,18.47826086956522,23,23
7962,2025-03-18,6.291666666666667,24,24
7962,2025-03-22,11.75,24,24
7962,2025-03-26,6.833333333333333,12,12
7962,2025-03-30,7.7894736842105265,19,19
7962,2025-04-03,4.590909090909091,22,22
7962,2025-04-07,8.0,21,21
7962,2025-04-11,8.19047619047619,21,21
7962,2025-04-15,9.291666666666666,24,24
7962,2025-04-19,6.666666666666667,3,3
7962,2025-04-23,7.0,8,8
7962,2025-04-27,11.041666666666666,24,24
7962,2025-05-01,6.0,20,20
7962,2025-05-05,8.2,15,15
7962,2025-05-09,9.8,20,20
7962,2025-05-13,6.826086956521739,23,23
7962,2025-05-17,5.0,1,1
7962,2025-05-21,6.45,20,20
7962,2025-05-25,21.666666666666668,24,24
7962,2025-05-29,7.8,20,20
7962,2025-06-02,6.217391304347826,23,23
7962,2025-06-06,9.391304347826088,23,23
7962,2025-06-10,10.0,9,9
7962,2025-06-14,10.681818181818182,22,22
7962,2025-06-18,8.68421052631579,19,19
7962,2025-06-22,6.375,24,24
7962,2025-06-26,11.25,20,20
7962,2025-06-30,5.722222222222222,18,18
7962,2025-07-04,7.954545454545454,22,22
7962,2025-07-08,12.73913043478261,23,23
7962,2025-07-12,6.083333333333333,24,24
7962,2025-07-16,11.181818181818182,22,22
7962,2025-07-20,11.782608695652174,23,23
7962,2025-07-24,13.652173913043478,23,23
7962,2025-07-28,12.85,20,20
7962,2025-08-01,6.791666666666667,24,24
7962,2025-08-05,9.869565217391305,23,23
7962,2025-08-09,12.636363636363637,22,22
7962,2025-08-13,13.619047619047619,21,21
7962,2025-08-17,5.863636363636363,22,22
7962,2025-08-21,10.791666666666666,24,24
7962,2025-08-25,5.166666666666667,24,24
7962,2025-08-29,5.541666666666667,24,24
7962,2025-09-02,5.5,2,2
7962,2025-09-06,7.7894736842105265,19,19
7962,2025-09-10,9.318181818181818,22,22
7962,2025-09-14,5.043478260869565,23,23
7962,2025-09-18,5.6521739130434785,23,23
7962,2025-09-22,5.125,16,16
7962,2025-09-26,8.954545454545455,22,22
7962,2025-09-30,2.5416666666666665,24,24
7962,2025-10-04,3.4285714285714284,14,14
7962,2025-10-20,6.2,20,20
7962,2025-10-24,8.227272727272727,22,22
7962,2025-10-28,3.782608695652174,23,23
7962,2025-11-01,8.291666666666666,24,24
7962,2025-11-05,2.380952380952381,21,21
7962,2025-11-09,5.5,22,22
7962,2025-11-13,6.260869565217392,23,23
7962,2025-11-17,8.181818181818182,22,22
7962,2025-11-21,9.666666666666666,24,24
7962,2025-11-25,4.1,20,20
7962,2025-11-29,3.0,1,1
7962,2025-12-03,4.875,24,24
7962,2025-12-07,4.916666666666667,24,24
7962,2025-12-11,6.363636363636363,22,22
7962,2025-12-15,10.173913043478262,23,23
7962,2025-12-19,16.454545454545453,22,22
7962,2025-12-23,5.208333333333333,24,24
7962,2025-12-27,6.173913043478261,23,23
7962,2025-12-31,10.291666666666666,24,24
10822,2025-01-01,95.5238471034955,4,4
10822,2025-01-05,112.41779811228928,15,15
10822,2025-01-09,80.93271739845069,16,16
10822,2025-01-13,36.20515939153439,18,18
10822,2025-01-17,50.804763888888914,12,12
10822,2025-01-21,143.2606666666661,18,18
10822,2025-01-25,48.53238095238093,14,14
10822,2025-01-29,47.13701041666663,16,16
10822,2025-02-02,70.7083341427551,18,18
10822,2025-02-06,57.353331899567,15,15
10822,2025-02-10,58.01946188235047,19,19
10822,2025-02-14,80.25661431667609,20,20
10822,2025-02-18,40.34330784462365,17,17
10822,2025-02-22,29.224572709751772,22,22
10822,2025-02-26,72.86736964219926,19,19
10822,2025-03-02,32.15061695060958,19,19
10822,2025-03-06,65.23268016823152,19,19
10822,2025-03-10,42.52470512820484,13,13
10822,2025-03-14,21.374793650793638,21,21
10822,2025-03-18,15.59855797101452,23,23
10822,2025-03-22,32.367912280701525,19,19
10822,2025-03-26,31.486935185185164,18,18
10822,2025-03-30,19.510101851851832,18,18
10822,2025-04-03,22.012944444444397,15,15
10822,2025-04-07,30.53917647058829,17,17
10822,2025-04-11,35.27776666666655,20,20
10822,2025-04-15,22.22519999999995,20,20
10822,2025-04-19,9.626823529411766,17,17
10822,2025-04-23,15.284243589743616,13,13
10822,2025-05-09,11.31083333333338,23,23
10822,2025-05-13,13.343481481481467,18,18
10822,2025-05-17,18.626216666666743,20,20
10822,2025-05-21,10.54819047619048,21,21
10822,2025-05-25,13.84634166666674,20,20
10822,2025-05-29,11.522069988793545,20,20
10822,2025-06-02,13.187752574730547,17,17
10822,2025-06-06,14.263734017131,20,20
10822,2025-06-10,12.656021629062842,19,19
10822,2025-06-14,8.739224961240565,22,22
10822,2025-06-18,12.918747951191335,20,20
10822,2025-06-22,8.491441297012594,18,18
10822,2025-06-26,12.615778700207743,21,21
10822,2025-06-30,8.232888052710724,20,20
10822,2025-08-25,8.160778155482408,14,14
10822,2025-08-29,11.200780701754368,19,19
10822,2025-09-02,8.01311764705886,17,17
10822,2025-09-06,9.68412878787871,22,22
10822,2025-09-10,16.034627450980427,17,17
10822,2025-09-14,8.168809523809557,21,21
10822,2025-09-18,9.26538386691775,18,18
10822,2025-09-22,6.389434510674526,19,19
10822,2025-09-26,9.48883087628984,22,22
10822,2025-09-30,24.33041647077238,21,21
10822,2025-10-04,23.63907295033538,19,19
10822,2025-10-08,25.060115394078554,20,20
10822,2025-11-21,23.30734375000005,16,16
10822,2025-11-25,23.933783333333388,20,20
10822,2025-11-29,58.46579999999996,20,20
4904,2025-01-01,5.0874999999999995,24,24
4904,2025-01-05,5.136091666666666,24,24
4904,2025-01-09,6.989083333333333,24,24
4904,2025-01-13,25.895214285714285,14,14
4904,2025-01-17,13.806252631578948,19,19
4904,2025-01-21,24.82818333333333,24,24
4904,2025-01-25,5.351733333333333,24,24
4904,2025-01-29,4.877139130434783,23,23
4904,2025-02-02,14.51555,24,24
4904,2025-02-06,20.293983333333333,24,24
4904,2025-02-10,45.31395833333334,24,24
4904,2025-02-14,31.714624999999998,24,24
4904,2025-02-18,19.20168333333333,24,24
4904,2025-02-22,6.005558333333333,24,24
4904,2025-02-26,11.6256,5,5
4904,2025-03-02,17.961266666666663,3,3
4904,2025-03-06,15.949883333333332,24,24
4904,2025-03-10,37.01979166666667,24,24
4904,2025-03-14,3.9235666666666664,24,24
4904,2025-03-18,4.635375,24,24
4904,2025-03-22,3.7556333333333334,24,24
4904,2025-03-26,9.3556375,16,16
4904,2025-03-30,5.518269565217391,23,23
4904,2025-04-03,9.669558333333333,24,24
4904,2025-04-07,4.8720083333333335,24,24
4904,2025-04-11,14.873583333333334,24,24
4904,2025-04-15,3.2193916666666667,24,24
4904,2025-04-19,5.139175,24,24
4904,2025-04-23,3.116977777777778,9,9
4904,2025-04-27,10.518766666666666,24,24
4904,2025-05-01,6.655094736842105,19,19
4904,2025-05-05,3.8825375,16,16
4904,2025-05-09,3.3262583333333335,24,24
4904,2025-05-13,6.455925000000001,24,24
4904,2025-05-17,8.47596923076923,13,13
4904,2025-05-21,11.84773,20,20
4904,2025-05-25,2.3115454545454543,22,22
4904,2025-05-29,5.072383333333334,24,24
4904,2025-06-02,4.83575,24,24
4904,2025-06-06,1.74425,24,24
4904,2025-06-10,12.810675000000002,24,24
4904,2025-06-14,8.474941666666666,24,24
4904,2025-06-18,7.945570000000001,20,20
4904,2025-06-22,7.587566666666667,24,24
4904,2025-06-26,2.688875,24,24
4904,2025-06-30,5.593358333333334,24,24
4904,2025-07-04,1.3854833333333334,24,24
4904,2025-07-08,4.1048583333333335,24,24
4904,2025-07-12,4.1831000000000005,24,24
4904,2025-07-16,3.7155583333333335,24,24
4904,2025-07-20,3.047641666666667,24,24
4904,2025-07-24,6.675217391304348,23,23
4904,2025-07-28,3.8229454545454544,22,22
4904,2025-08-01,3.7155583333333335,24,24
4904,2025-08-05,2.4885,24,24
4904,2025-08-09,8.165791666666667,24,24
4904,2025-08-13,13.243866666666667,24,24
4904,2025-08-17,4.427034782608695,23,23
4904,2025-08-21,4.650641666666666,24,24
4904,2025-08-25,3.2384749999999998,24,24
4904,2025-08-29,2.3799739130434783,23,23
4904,2025-09-02,1.7137166666666666,24,24
4904,2025-09-06,1.7168695652173913,23,23
4904,2025-09-10,1.8759249999999998,24,24
4904,2025-09-14,1.7885565217391304,23,23
4904,2025-09-18,2.2213333333333334,24,24
4904,2025-09-22,2.669791666666667,24,24
4904,2025-09-26,3.9960833333333334,24,24
4904,2025-09-30,6.360591304347826,23,23
4904,2025-10-04,3.2354761904761906,21,21
4904,2025-10-08,7.310858333333333,24,24
4904,2025-10-12,18.169275,24,24
4904,2025-10-16,5.558305263157894,19,19
4904,2025-10-20,2.5405454545454544,22,22
4904,2025-10-24,1.30915,24,24
4904,2025-10-28,2.782383333333333,24,24
4904,2025-11-01,1.6611130434782608,23,23
4904,2025-11-05,2.06485,24,24
4904,2025-11-09,12.904183333333334,24,24
4904,2025-11-13,3.4054956521739133,23,23
4904,2025-11-17,3.7738869565217392,23,23
4904,2025-11-21,18.951691666666665,24,24
4904,2025-11-25,8.01885,20,20
4904,2025-11-29,4.6182,2,2
4904,2025-12-03,5.842852173913044,23,23
4904,2025-12-07,3.0928608695652176,23,23
4904,2025-12-11,7.07995,24,24
4904,2025-12-15,5.567509090909091,22,22
4904,2025-12-19,3.8604181818181815,22,22
4904,2025-12-23,11.114166666666668,24,24
4904,2025-12-27,15.108308333333333,24,24
4904,2025-12-31,12.400383333333332,24,24
3984,2025-01-01,7.5,1,1
3984,2025-01-05,3.7222222222222223,9,9
3984,2025-01-09,6.966666666666666,3,3
3984,2025-01-21,7.1000000000000005,2,2
3984,2025-02-02,9.55,2,2
3984,2025-02-06,8.5,2,2
3984,2025-02-10,7.275,4,4
3984,2025-02-14,4.285714285714286,7,7
3984,2025-02-18,8.8,7,7
3984,2025-02-22,13.95,2,2
3984,2025-03-10,6.35,8,8
3984,2025-03-14,2.6,1,1
3984,2025-03-18,9.16,5,5
3984,2025-03-22,7.7,7,7
3984,2025-03-26,3.9250000000000003,4,4
3984,2025-03-30,2.5625,8,8
3984,2025-04-03,5.3,8,8
3984,2025-04-07,7.766666666666667,6,6
3984,2025-04-11,4.8,1,1
3984,2025-04-15,6.15,2,2
3984,2025-04-19,4.1,2,2
3984,2025-04-27,5.775,4,4
3984,2025-05-05,5.828571428571428,7,7
3984,2025-05-09,6.654545454545455,11,11
3984,2025-05-13,3.55,10,10
3984,2025-05-17,4.5375,8,8
3984,2025-05-21,4.233333333333333,3,3
3984,2025-05-25,9.5,4,4
3984,2025-05-29,4.325,4,4
3984,2025-06-02,3.9799999999999995,5,5
3984,2025-06-06,7.766666666666666,3,3
3984,2025-06-10,4.3,3,3
3984,2025-06-14,4.6,4,4
3984,2025-06-18,4.075,4,4
3984,2025-06-22,8.871428571428572,7,7
3984,2025-06-30,4.736363636363636,11,11
9342,2025-01-01,16.070833333333333,24,24
9342,2025-01-05,25.95,24,24
9342,2025-01-09,11.658333333333333,24,24
9342,2025-01-13,14.130434782608695,23,23
9342,2025-01-17,29.330434782608698,23,23
9342,2025-01-21,38.833333333333336,24,24
9342,2025-01-25,14.108333333333334,24,24
9342,2025-01-29,10.279166666666667,24,24
9342,2025-02-02,18.712500000000002,24,24
9342,2025-02-06,21.108333333333334,24,24
9342,2025-02-10,42.862500000000004,24,24
9342,2025-02-14,36.1,24,24
9342,2025-02-18,38.97083333333333,24,24
9342,2025-02-22,31.445833333333336,24,24
9342,2025-02-26,38.78260869565217,23,23
9342,2025-03-02,16.304347826086957,23,23
9342,2025-03-06,32.675,24,24
9342,2025-03-10,34.449999999999996,24,24
9342,2025-03-14,19.2,24,24
9342,2025-03-18,22.952173913043477,23,23
9342,2025-03-22,28.454166666666666,24,24
9342,2025-03-26,31.241666666666664,24,24
9342,2025-03-30,13.043478260869565,23,23
9342,2025-04-03,15.578260869565218,23,23
9342,2025-04-07,9.481818181818182,22,22
9342,2025-04-11,14.769565217391303,23,23
9342,2025-04-15,12.491666666666667,24,24
9342,2025-04-19,6.658333333333334,24,24
9342,2025-04-23,13.61111111111111,18,18
9342,2025-04-27,12.273913043478261,23,23
9342,2025-05-01,11.350000000000001,2,2
9342,2025-05-05,6.7555555555555555,9,9
9342,2025-05-09,13.382608695652175,23,23
9342,2025-05-13,14.116666666666667,24,24
9342,2025-05-17,8.045833333333333,24,24
9342,2025-05-21,13.204166666666666,24,24
9342,2025-05-25,12.512500000000001,24,24
9342,2025-05-29,8.326086956521738,23,23
9342,2025-06-02,9.390476190476189,21,21
9342,2025-06-06,6.304347826086956,23,23
9342,2025-06-10,13.465217391304348,23,23
9342,2025-06-14,16.729166666666668,24,24
9342,2025-06-18,15.858333333333334,24,24
9342,2025-06-22,12.3125,24,24
9342,2025-06-26,10.595833333333333,24,24
9342,2025-06-30,8.763636363636364,22,22
9342,2025-07-04,9.13076923076923,13,13
9342,2025-07-08,9.512500000000001,8,8
9342,2025-07-12,7.366666666666667,12,12
9342,2025-07-16,13.1,5,5
9342,2025-07-20,12.966666666666667,6,6
9342,2025-07-24,10.28,15,15
9342,2025-07-28,10.166666666666666,9,9
9342,2025-08-01,7.984999999999999,20,20
9342,2025-08-05,6.873684210526315,19,19
9342,2025-08-09,13.794999999999998,20,20
9342,2025-08-13,15.157142857142857,14,14
9342,2025-08-17,10.842105263157896,19,19
9342,2025-08-21,9.494736842105263,19,19
9342,2025-08-25,8.549999999999999,22,22
9342,2025-08-29,10.745833333333332,24,24
9342,2025-09-02,9.030434782608696,23,23
9342,2025-09-06,8.112499999999999,24,24
9342,2025-09-10,14.791666666666666,24,24
9342,2025-09-14,8.660869565217391,23,23
9342,2025-09-18,9.939130434782609,23,23
9342,2025-09-22,8.157142857142858,21,21
9342,2025-09-26,9.09047619047619,21,21
9342,2025-09-30,14.108695652173912,23,23
9342,2025-10-04,21.934782608695652,23,23
9342,2025-10-08,15.8125,24,24
9342,2025-10-12,10.3,5,5
9342,2025-10-16,12.200000000000001,8,8
9342,2025-10-20,21.481818181818184,11,11
9342,2025-10-24,7.1863636363636365,22,22
9342,2025-10-28,7.1375,16,16
9342,2025-11-01,27.23333333333333,21,21
9342,2025-11-05,22.18421052631579,19,19
9342,2025-11-09,38.52608695652174,23,23
9342,2025-11-13,16.116666666666667,18,18
9342,2025-11-17,10.38888888888889,18,18
9342,2025-11-21,15.157894736842104,19,19
9342,2025-11-25,35.2,9,9
9342,2025-11-29,45.15,2,2
9342,2025-12-03,35.55263157894737,19,19
9342,2025-12-07,20.755,20,20
9342,2025-12-11,11.883333333333333,18,18
9342,2025-12-15,26.5,7,9
9342,2025-12-19,29.03888888888889,18,18
9342,2025-12-23,21.88421052631579,19,19
9342,2025-12-27,21.845454545454547,11,11
9342,2025-12-31,9.872727272727273,22,22
7738,2025-01-01,28.15909090909091,22,22
7738,2025-01-05,25.733333333333334,24,24
7738,2025-01-09,34.291666666666664,24,24
7738,2025-01-13,16.275000000000002,24,24
7738,2025-01-17,26.204166666666666,24,24
7738,2025-01-21,19.3,24,24
7738,2025-01-25,8.7,18,18
7738,2025-01-29,36.762499999999996,24,24
7738,2025-02-02,10.375,24,24
7738,2025-02-06,17.133333333333333,24,24
7738,2025-02-10,11.991666666666667,24,24
7738,2025-02-14,27.291666666666668,24,24
7738,2025-02-18,31.25,24,24
7738,2025-02-22,12.891666666666666,24,24
7738,2025-02-26,26.854166666666668,24,24
7738,2025-03-02,8.457894736842105,19,19
7738,2025-03-06,4.972727272727273,22,22
7738,2025-03-10,19.320833333333333,24,24
7738,2025-03-14,8.991304347826087,23,23
7738,2025-03-18,21.054166666666667,24,24
7738,2025-03-22,17.4375,24,24
7738,2025-03-26,11.008333333333333,24,24
7738,2025-03-30,3.3545454545454545,11,11
7738,2025-04-03,11.620000000000001,15,15
7738,2025-04-07,19.866666666666667,24,24
7738,2025-04-11,10.868181818181817,22,22
7738,2025-04-15,42.62916666666667,24,24
7738,2025-04-19,9.895833333333334,24,24
7738,2025-04-23,10.904166666666667,24,24
7738,2025-04-27,11.817391304347826,23,23
7738,2025-05-01,12.543478260869565,23,23
7738,2025-05-05,12.75,24,24
7738,2025-05-09,5.834782608695652,23,23
7738,2025-05-13,15.354166666666666,24,24
7738,2025-05-17,3.6166666666666667,24,24
7738,2025-05-21,6.016666666666667,24,24
7738,2025-05-25,23.337500000000002,24,24
7738,2025-05-29,8.775,24,24
7738,2025-06-02,8.447058823529412,17,17
7738,2025-06-06,7.554166666666667,24,24
7738,2025-06-10,4.183333333333334,24,24
7738,2025-06-14,5.9375,24,24
7738,2025-06-18,3.8200000000000003,20,20
7738,2025-06-22,3.1565217391304343,23,23
7738,2025-06-26,2.966666666666667,24,24
7738,2025-06-30,2.1416666666666666,24,24
7738,2025-07-04,8.420833333333333,24,24
7738,2025-07-08,5.354166666666667,24,24
7738,2025-07-12,5.870833333333334,24,24
7738,2025-07-16,7.082352941176471,17,17
7738,2025-07-20,3.9791666666666665,24,24
7738,2025-07-24,8.387500000000001,24,24
7738,2025-07-28,9.816666666666666,24,24
7738,2025-08-01,6.320833333333333,24,24
7738,2025-08-05,3.2600000000000002,10,10
7738,2025-08-09,9.054166666666665,24,24
7738,2025-08-13,8.737499999999999,24,24
7738,2025-08-17,4.283333333333333,24,24
7738,2025-08-21,4.216666666666667,24,24
7738,2025-08-25,3.6999999999999997,18,18
7738,2025-08-29,4.8500000000000005,24,24
7738,2025-09-02,3.6791666666666667,24,24
7738,2025-09-06,6.9125000000000005,24,24
7738,2025-09-10,4.704166666666667,24,24
7738,2025-09-14,2.376190476190476,21,21
7738,2025-09-18,4.641176470588236,17,17
7738,2025-09-22,8.28,20,20
7738,2025-09-26,6.886363636363637,22,22
7738,2025-09-30,6.117391304347826,23,23
7738,2025-10-04,7.256521739130435,23,23
7738,2025-10-08,10.88421052631579,19,19
7738,2025-10-12,4.7318181818181815,22,22
7738,2025-10-16,11.783333333333333,24,24
7738,2025-10-20,11.894736842105264,19,19
7738,2025-10-24,17.770833333333332,24,24
7738,2025-10-28,35.52307692307692,13,13
7738,2025-11-01,20.235714285714288,14,14
7738,2025-11-05,8.43,10,10
7738,2025-11-09,15.35,16,16
7738,2025-11-13,7.665000000000001,20,20
7738,2025-11-17,15.516666666666666,24,24
7738,2025-11-21,14.108333333333334,24,24
7738,2025-11-25,19.958333333333332,24,24
7738,2025-11-29,22.53333333333333,24,24
7738,2025-12-03,31.957894736842107,19,19
7738,2025-12-07,27.4,20,20
7738,2025-12-11,24.083333333333332,24,24
7738,2025-12-15,16.416666666666668,24,24
7738,2025-12-19,25.46666666666667,24,24
7738,2025-12-23,17.283333333333335,24,24
7738,2025-12-27,23.94545454545454,22,22
7738,2025-12-31,14.363636363636363,22,22
5520,2025-01-01,4.958333333333333,24,24
5520,2025-01-05,7.145833333333333,24,24
5520,2025-01-09,3.5625,24,24
5520,2025-01-13,5.3999999999999995,24,24
5520,2025-01-17,6.895833333333333,24,24
5520,2025-01-21,7.041666666666667,24,24
5520,2025-01-25,6.041666666666667,24,24
5520,2025-01-29,7.658333333333334,24,24
5520,2025-02-02,6.375,24,24
5520,2025-02-06,5.25,24,24
5520,2025-02-10,5.620833333333334,24,24
5520,2025-02-14,6.095833333333334,24,24
5520,2025-02-18,8.205,20,20
5520,2025-02-22,7.6375,24,24
5520,2025-02-26,6.0,24,24
5520,2025-03-02,5.45,24,24
5520,2025-03-06,4.139130434782609,23,23
5520,2025-03-10,4.6499999999999995,24,24
5520,2025-03-14,4.745833333333333,24,24
5520,2025-03-18,5.470833333333334,24,24
5520,2025-03-22,4.608333333333333,24,24
5520,2025-03-26,7.016666666666667,24,24
5520,2025-03-30,2.533333333333333,24,24
5520,2025-04-03,3.7125,24,24
5520,2025-04-07,5.345833333333334,24,24
5520,2025-04-11,4.383333333333334,24,24
5520,2025-04-15,5.183333333333334,24,24
5520,2025-04-19,4.1875,24,24
5520,2025-04-23,3.420833333333333,24,24
5520,2025-04-27,4.956521739130435,23,23
5520,2025-05-01,12.952173913043477,23,23
5520,2025-05-05,5.2250000000000005,24,24
5520,2025-05-09,5.075,24,24
5520,2025-05-13,4.733333333333333,24,24
5520,2025-05-17,3.4125,24,24
5520,2025-05-21,3.466666666666667,24,24
5520,2025-05-25,3.8333333333333335,24,24
5520,2025-05-29,7.045833333333333,24,24
5520,2025-06-02,4.3625,24,24
5520,2025-06-06,3.0083333333333333,24,24
5520,2025-06-10,3.170833333333333,24,24
5520,2025-06-14,1.875,24,24
5520,2025-06-18,3.1125000000000003,24,24
5520,2025-06-22,5.479166666666667,24,24
5520,2025-06-26,3.1125000000000003,24,24
5520,2025-06-30,2.4625,24,24
5520,2025-07-04,1.2958333333333334,24,24
5520,2025-07-08,3.9125,24,24
5520,2025-07-12,2.4375,24,24
5520,2025-07-16,2.858333333333333,24,24
5520,2025-07-20,4.145833333333333,24,24
5520,2025-07-24,3.0208333333333335,24,24
5520,2025-07-28,1.6083333333333334,24,24
5520,2025-08-01,1.1666666666666667,24,24
5520,2025-08-05,4.858333333333333,24,24
5520,2025-08-09,5.743478260869565,23,23
5520,2025-08-13,3.466666666666667,24,24
5520,2025-08-17,6.916666666666667,24,24
5520,2025-08-21,5.708333333333333,24,24
5520,2025-08-25,4.620833333333334,24,24
5520,2025-08-29,5.654166666666666,24,24
5520,2025-09-02,2.6750000000000003,24,24
5520,2025-09-06,5.4750000000000005,24,24
5520,2025-09-10,2.425,24,24
5520,2025-09-14,4.383333333333334,24,24
5520,2025-09-18,3.858333333333333,24,24
5520,2025-09-22,3.641666666666666,24,24
5520,2025-09-26,6.658333333333334,24,24
5520,2025-09-30,4.270833333333333,24,24
5520,2025-10-08,4.195833333333334,24,24
5520,2025-10-12,6.765217391304348,23,23
5520,2025-10-16,6.4375,24,24
5520,2025-10-20,4.29,20,20
5520,2025-10-24,4.2250000000000005,24,24
5520,2025-10-28,8.758333333333333,24,24
5520,2025-11-01,5.991666666666667,24,24
5520,2025-11-05,9.191666666666666,24,24
5520,2025-11-09,6.433333333333334,24,24
5520,2025-11-13,8.258333333333333,24,24
5520,2025-11-17,4.179166666666666,24,24
5520,2025-11-21,4.679166666666666,24,24
5520,2025-11-25,6.2749999999999995,24,24
5520,2025-11-29,5.045833333333333,24,24
5520,2025-12-03,7.3,14,24
5520,2025-12-07,3.295833333333333,24,24
5520,2025-12-11,4.0625,24,24
5520,2025-12-15,4.070833333333334,24,24
5520,2025-12-19,5.920833333333333,24,24
5520,2025-12-23,5.504166666666666,24,24
5520,2025-12-27,4.7375,24,24
5520,2025-12-31,5.058333333333334,24,24
7665,2025-01-01,12.75,24,24
7665,2025-01-05,12.0,24,24
7665,2025-01-09,11.041666666666666,24,24
7665,2025-01-13,12.0,24,24
7665,2025-01-17,11.0,24,24
7665,2025-01-21,13.571428571428571,14,14
7665,2025-01-25,11.0,24,24
7665,2025-01-29,11.0,16,16
7665,2025-02-02,11.0,24,24
7665,2025-02-06,11.0,4,4
7665,2025-02-10,36.625,24,24
7665,2025-02-14,17.541666666666668,24,24
7665,2025-02-18,12.0,6,6
7665,2025-02-26,12.0,9,9
7665,2025-03-02,11.0,24,24
7665,2025-03-06,11.0,23,23
7665,2025-03-10,11.0,24,24
7665,2025-03-14,12.0,23,23
7665,2025-03-18,12.0,24,24
7665,2025-03-22,11.583333333333334,24,24
7665,2025-03-26,15.733333333333333,15,15
7665,2025-03-30,11.208333333333334,24,24
7665,2025-04-03,34.541666666666664,24,24
7665,2025-04-07,43.166666666666664,24,24
7665,2025-04-11,24.916666666666668,24,24
7665,2025-04-15,38.708333333333336,24,24
7665,2025-04-19,42.916666666666664,24,24
7665,2025-04-23,23.916666666666668,12,12
7665,2025-04-27,45.083333333333336,24,24
7665,2025-05-01,37.0,24,24
7665,2025-05-05,65.54166666666667,24,24
7665,2025-05-09,29.25,24,24
7665,2025-05-13,49.166666666666664,24,24
7665,2025-05-17,25.208333333333332,24,24
7665,2025-05-21,76.33333333333333,24,24
7665,2025-05-25,39.708333333333336,24,24
7665,2025-05-29,64.66666666666667,24,24
7665,2025-06-02,68.58333333333333,24,24
7665,2025-06-06,67.5,24,24
7665,2025-06-10,90.29166666666667,24,24
7665,2025-06-14,43.041666666666664,24,24
7665,2025-06-18,46.791666666666664,24,24
7665,2025-06-22,38.708333333333336,24,24
7665,2025-06-26,62.083333333333336,24,24
7665,2025-06-30,158.58333333333334,24,24
7665,2025-07-04,103.58333333333333,24,24
7665,2025-07-08,91.375,24,24
7665,2025-07-12,41.0,24,24
7665,2025-07-16,94.33333333333333,24,24
7665,2025-07-20,73.16666666666667,24,24
7665,2025-07-24,82.29166666666667,24,24
7665,2025-07-28,40.708333333333336,24,24
7665,2025-08-01,18.041666666666668,24,24
7665,2025-08-05,46.916666666666664,24,24
7665,2025-08-09,61.208333333333336,24,24
7665,2025-08-13,55.041666666666664,24,24
7665,2025-08-17,43.708333333333336,24,24
7665,2025-08-21,17.041666666666668,24,24
7665,2025-08-25,49.958333333333336,24,24
7665,2025-08-29,43.208333333333336,24,24
7665,2025-09-02,21.833333333333332,24,24
7665,2025-09-06,37.0,24,24
7665,2025-09-10,21.5,24,24
7665,2025-09-14,30.25,24,24
7665,2025-09-18,21.708333333333332,24,24
7665,2025-09-22,22.083333333333332,24,24
7665,2025-09-26,16.166666666666668,24,24
7665,2025-09-30,26.583333333333332,24,24
7665,2025-10-04,15.458333333333334,24,24
7665,2025-10-08,20.266666666666666,15,15
7665,2025-10-12,25.416666666666668,24,24
7665,2025-10-16,16.708333333333332,24,24
7665,2025-10-20,16.916666666666668,24,24
7665,2025-11-13,14.291666666666666,24,24
7665,2025-11-17,15.916666666666666,24,24
7665,2025-11-21,14.875,24,24
7665,2025-11-25,19.181818181818183,11,11
7665,2025-11-29,17.166666666666668,24,24
7665,2025-12-03,14.0,15,15
7665,2025-12-07,18.458333333333332,24,24
7665,2025-12-11,15.916666666666666,24,24
7665,2025-12-15,14.0,24,24
7665,2025-12-19,14.0,24,24
7665,2025-12-23,13.153846153846153,13,13
7665,2025-12-27,14.583333333333334,24,24
7665,2025-12-31,14.416666666666666,24,24
2163330,2025-01-01,4.289666666666666,21,21
2163330,2025-01-05,2.6235333333333335,15,15
2163330,2025-01-09,6.716238095238095,21,21
2163330,2025-01-13,1.278625,8,8
2163330,2025-01-17,2.5586363636363636,11,11
2163330,2025-01-21,2.809388888888889,18,18
2163330,2025-01-25,3.9684285714285714,7,7
2163330,2025-01-29,2.515722222222222,18,18
2163330,2025-02-02,2.074368421052631,19,19
2163330,2025-02-06,3.4136315789473684,19,19
2163330,2025-02-10,2.7634736842105263,19,19
2163330,2025-02-14,2.9812631578947366,19,19
2163330,2025-02-18,2.0765625,16,16
2163330,2025-02-22,13.317666666666666,21,21
2163330,2025-02-26,5.21,2,2
2163330,2025-03-02,1.8275,2,2
2163330,2025-03-06,3.4695,16,16
2163330,2025-03-10,0.0,14,14
2163330,2025-03-14,7.086833333333334,18,18
2163330,2025-03-18,1.0337,20,20
2163330,2025-03-22,6.303466666666666,15,15
2163330,2025-03-26,8.4629,10,10
2163330,2025-03-30,5.734333333333334,15,15
2163330,2025-04-03,9.464315789473684,19,19
2163330,2025-04-07,3.611846153846154,13,13
2163330,2025-04-11,2.463533333333333,15,15
2163330,2025-04-15,4.101999999999999,17,17
2163330,2025-04-19,1.7462499999999999,20,20
2163330,2025-04-23,2.844666666666667,3,3
2163330,2025-04-27,2.8234375,16,16
2163330,2025-05-01,6.9878125,16,16
2163330,2025-05-05,1.7404,10,10
2163330,2025-05-09,2.223235294117647,17,17
2163330,2025-05-13,6.7884,20,20
2163330,2025-05-17,1.6385454545454545,11,11
2163330,2025-05-21,2.4072105263157897,19,19
2163330,2025-05-25,4.5276250000000005,16,16
2163330,2025-05-29,3.823,21,21
2163330,2025-06-02,4.038058823529412,17,17
2163330,2025-06-06,4.698117647058823,17,17
2163330,2025-06-10,1.7466470588235294,17,17
2163330,2025-06-14,6.1780526315789475,19,19
2163330,2025-06-18,2.092,15,15
2163330,2025-06-22,2.7417058823529414,17,17
2163330,2025-06-26,5.410052631578947,19,19
2163330,2025-06-30,1.4432727272727273,22,22
2163330,2025-07-04,2.2323333333333335,18,18
2163330,2025-07-08,3.1785,18,18
2163330,2025-07-12,7.828866666666667,15,15
2163330,2025-07-16,9.979153846153848,13,13
2163330,2025-07-20,9.517588235294118,17,17
2163330,2025-07-24,16.73766666666667,18,18
2163330,2025-07-28,7.884,16,16
2163330,2025-08-01,14.811333333333334,21,21
2163330,2025-08-05,3.303705882352941,17,17
2163330,2025-08-09,4.768466666666667,15,15
2163330,2025-08-13,4.3485,18,18
2163330,2025-08-17,1.497625,16,16
2163330,2025-08-21,1.0607058823529412,17,17
2163330,2025-08-25,1.2502727272727272,22,22
2163330,2025-08-29,5.290266666666667,15,15
2163330,2025-09-02,6.540944444444445,18,18
2163330,2025-09-06,7.9832857142857145,14,14
2163330,2025-09-10,13.462727272727273,11,11
2163330,2025-09-14,5.6373125,16,16
2163330,2025-09-18,3.0416315789473685,19,19
2163330,2025-09-22,13.26064705882353,17,17
2163330,2025-09-26,4.228315789473684,19,19
2163330,2025-09-30,3.8185714285714285,14,14
2163330,2025-10-04,5.607200000000001,20,20
2163330,2025-10-08,3.0692142857142857,14,14
2163330,2025-10-12,2.0846428571428572,14,14
2163330,2025-10-16,2.2712499999999998,8,8
2163330,2025-10-20,7.208333333333333,12,12
2163330,2025-10-24,6.8358888888888885,18,18
2163330,2025-10-28,8.69135,20,20
2163330,2025-11-01,5.442277777777778,18,18
2163330,2025-11-05,4.316636363636364,11,11
2163330,2025-11-09,1.1170555555555555,18,18
2163330,2025-11-13,2.8817333333333335,15,15
2163330,2025-11-17,3.043235294117647,17,17
2163330,2025-11-21,3.638176470588235,17,17
2163330,2025-11-25,1.7878666666666667,15,15
2163330,2025-11-29,3.535,2,2
2163330,2025-12-03,4.55,16,16
2163330,2025-12-07,4.8766842105263155,19,19
2163330,2025-12-11,2.2237333333333336,15,15
7734,2025-01-01,30.954545454545453,22,22
7734,2025-01-05,26.90416666666667,24,24
7734,2025-01-09,35.858333333333334,24,24
7734,2025-01-13,14.545833333333334,24,24
7734,2025-01-17,30.995833333333334,24,24
7734,2025-01-21,22.670833333333334,24,24
7734,2025-01-25,11.200000000000001,24,24
7734,2025-01-29,22.604166666666668,24,24
7734,2025-02-02,11.008333333333333,24,24
7734,2025-02-06,18.037499999999998,24,24
7734,2025-02-10,13.408333333333333,24,24
7734,2025-02-14,28.445833333333336,24,24
7734,2025-02-18,38.74583333333333,24,24
7734,2025-02-22,17.0125,24,24
7734,2025-02-26,32.204166666666666,24,24
7734,2025-03-02,14.620833333333335,24,24
7734,2025-03-06,5.9739130434782615,23,23
7734,2025-03-10,20.570833333333333,24,24
7734,2025-03-14,17.2625,24,24
7734,2025-03-18,22.05,24,24
7734,2025-03-22,21.349999999999998,24,24
7734,2025-03-26,13.5,24,24
7734,2025-03-30,5.661538461538461,13,13
7734,2025-04-03,15.4125,24,24
7734,2025-04-07,22.895833333333332,24,24
7734,2025-04-11,15.6,24,24
7734,2025-04-15,40.045833333333334,24,24
7734,2025-04-19,11.820833333333333,24,24
7734,2025-04-23,11.908333333333333,24,24
7734,2025-04-27,16.52173913043478,23,23
7734,2025-05-01,16.804166666666667,24,24
7734,2025-05-05,11.5875,24,24
7734,2025-05-09,9.341666666666667,24,24
7734,2025-05-13,16.830000000000002,20,20
7734,2025-05-17,5.441666666666666,24,24
7734,2025-05-21,9.711764705882352,17,17
7734,2025-05-25,21.820833333333336,24,24
7734,2025-05-29,13.8,21,21
7734,2025-06-02,8.825,20,20
7734,2025-06-06,11.779166666666667,24,24
7734,2025-06-10,5.0227272727272725,22,22
7734,2025-06-14,9.945833333333333,24,24
7734,2025-06-18,7.416666666666667,24,24
7734,2025-06-22,4.8625,24,24
7734,2025-06-26,5.404166666666666,24,24
7734,2025-06-30,5.382352941176471,17,17
7734,2025-07-04,11.604166666666666,24,24
7734,2025-07-08,7.052380952380952,21,21
7734,2025-07-12,9.9125,24,24
7734,2025-07-16,9.345833333333333,24,24
7734,2025-07-20,4.245454545454546,22,22
7734,2025-07-24,15.737499999999999,24,24
7734,2025-07-28,12.329166666666666,24,24
7734,2025-08-01,9.095833333333333,24,24
7734,2025-08-05,10.67,20,20
7734,2025-08-09,11.095833333333333,24,24
7734,2025-08-13,8.491666666666667,24,24
7734,2025-08-17,5.8374999999999995,24,24
7734,2025-08-21,6.008333333333333,24,24
7734,2025-08-25,6.3315789473684205,19,19
7734,2025-08-29,7.129166666666666,24,24
7734,2025-09-02,5.529166666666666,24,24
7734,2025-09-06,9.570833333333333,24,24
7734,2025-09-10,6.1,20,20
7734,2025-09-14,5.195833333333334,24,24
7734,2025-09-18,6.616666666666667,24,24
7734,2025-09-22,10.704166666666666,24,24
7734,2025-09-26,10.166666666666666,24,24
7734,2025-09-30,9.883333333333333,24,24
7734,2025-10-04,8.8875,24,24
7734,2025-10-08,11.133333333333333,24,24
7734,2025-10-12,6.8875,24,24
7734,2025-10-16,13.020833333333334,24,24
7734,2025-10-20,12.978947368421052,19,19
7734,2025-10-24,17.495833333333334,24,24
7734,2025-10-28,30.481818181818184,22,22
7734,2025-11-01,18.645833333333332,24,24
7734,2025-11-05,8.370833333333334,24,24
7734,2025-11-09,16.95,24,24
7734,2025-11-13,8.785714285714286,21,21
7734,2025-11-17,19.208333333333332,24,24
7734,2025-11-21,14.554166666666667,24,24
7734,2025-11-25,19.616666666666667,24,24
7734,2025-11-29,27.620833333333334,24,24
7734,2025-12-03,34.8,20,20
7734,2025-12-07,31.579166666666666,24,24
7734,2025-12-11,28.15833333333333,24,24
7734,2025-12-15,16.991666666666667,24,24
7734,2025-12-19,23.125,24,24
7734,2025-12-23,16.900000000000002,24,24
7734,2025-12-27,27.391666666666666,24,24
7734,2025-12-31,19.495833333333334,24,24
1541049,2025-01-01,108.6682333333346,5,5
1541049,2025-01-05,38.08838888888896,24,24
1541049,2025-01-09,20.518590590984537,20,20
1541049,2025-01-13,19.94369565217387,23,23
1541049,2025-01-17,36.57751515151509,22,22
1541049,2025-01-21,39.78301867626332,22,22
1541049,2025-01-25,39.1187045454545,22,22
1541049,2025-01-29,21.479659090909085,22,22
1541049,2025-02-02,40.49746212121218,22,22
1541049,2025-02-06,68.05999999999965,23,23
1541049,2025-02-10,37.42864242424236,22,22
1541049,2025-02-14,43.248404761904624,21,21
1541049,2025-02-18,43.03633057899443,21,21
1541049,2025-02-22,30.912449952565048,21,21
1541049,2025-02-26,52.235572463768044,23,23
1541049,2025-03-02,24.505560606060545,22,22
1541049,2025-03-06,54.259428571428714,21,21
1541049,2025-03-10,22.593515151515092,22,22
1541049,2025-03-14,8.289053030302988,22,22
1541049,2025-03-18,14.711584210815369,23,23
1541049,2025-03-22,35.57881039996468,22,22
1541049,2025-03-26,34.53792982456147,19,19
1541049,2025-03-30,28.44954761904757,21,21
1541049,2025-04-03,23.59800000000005,20,20
1541049,2025-04-07,17.084522222222134,15,15
1541049,2025-04-11,17.76744736842112,19,19
1541049,2025-04-15,15.474852810301579,19,19
1541049,2025-04-19,6.5692878787879,22,22
1541049,2025-04-23,15.998744444444467,15,15
1541049,2025-05-09,16.272545773453285,22,22
1541049,2025-05-13,16.405649122806963,19,19
1541049,2025-05-17,7.302898550724621,23,23
1541049,2025-05-21,14.982106060606014,22,22
1541049,2025-05-25,9.1554927536232,23,23
1541049,2025-05-29,5.75851851851851,18,18
1541049,2025-06-02,10.781225677393413,21,21
1541049,2025-06-06,16.704916666666684,22,22
1541049,2025-06-10,11.694543478260943,23,23
1541049,2025-06-14,6.023857142857138,21,21
1541049,2025-06-18,10.675261904761852,21,21
1541049,2025-06-22,6.4328833333333195,20,20
1541049,2025-06-26,18.603928571428586,21,21
1541049,2025-06-30,7.912263157894758,19,19
1541049,2025-08-25,3.2594285714285784,14,14
1541049,2025-08-29,4.44487578980976,18,18
1541049,2025-09-02,3.276684988641742,19,19
1541049,2025-09-06,5.245396825396814,21,21
1541049,2025-09-10,12.417031746031652,21,21
1541049,2025-09-14,7.5353583333333445,20,20
1541049,2025-09-18,8.576377192982457,19,19
1541049,2025-09-22,5.471090909090901,22,22
1541049,2025-09-26,6.615718957656653,17,17
1541049,2025-09-30,18.88779788654725,21,21
1541049,2025-10-04,18.514186274509882,17,17
1541049,2025-10-08,13.201558333333349,20,20
1541049,2025-11-21,17.513202898550666,23,23
1541049,2025-11-25,7.352636363636377,22,22
1541049,2025-11-29,25.157724637681216,23,23
663495,2025-01-01,10.662083333333333,24,24
663495,2025-01-05,19.673333333333332,24,24
663495,2025-01-09,25.065416666666668,24,24
663495,2025-01-13,7.5625,24,24
663495,2025-01-17,8.042916666666667,24,24
663495,2025-01-21,8.971666666666666,24,24
663495,2025-01-25,16.955000000000002,24,24
663495,2025-01-29,17.28909090909091,22,22
663495,2025-02-02,11.954166666666666,24,24
663495,2025-02-06,3.428636363636364,22,22
663495,2025-02-10,12.255416666666667,24,24
663495,2025-02-14,9.993333333333334,24,24
663495,2025-02-18,11.07625,24,24
663495,2025-02-22,5.444583333333333,24,24
663495,2025-02-26,7.675416666666667,24,24
663495,2025-03-02,6.973333333333334,24,24
663495,2025-03-06,22.055384615384614,13,13
663495,2025-03-10,12.684583333333334,24,24
663495,2025-03-14,16.60375,24,24
663495,2025-04-03,5.056536133333334,15,15
663495,2025-04-07,7.1997452,15,15
663495,2025-04-11,8.389748583333335,24,24
663495,2025-04-15,4.334163791666667,24,24
663495,2025-04-19,9.260982458333332,24,24
663495,2025-04-23,11.652143708333334,24,24
663495,2025-04-27,7.96381175,4,4
663495,2025-05-01,8.540005695652173,23,23
663495,2025-05-05,10.160426384615384,13,13
663495,2025-05-09,13.67593075,24,24
663495,2025-05-13,10.316832875000001,24,24
663495,2025-05-17,9.457768550454546,22,22
663495,2025-05-21,9.312015166666667,24,24
663495,2025-05-25,14.226294166666667,24,24
663495,2025-05-29,13.598036,24,24
663495,2025-06-02,8.774551111111112,9,9
663495,2025-06-06,14.9264925,24,24
663495,2025-06-10,18.26912388888889,18,18
663495,2025-06-14,24.629561666666664,24,24
663495,2025-06-18,9.827353083333334,24,24
663495,2025-06-22,19.163619166666667,24,24
663495,2025-06-26,13.493153,24,24
663495,2025-06-30,69.99324250000001,16,16
663495,2025-07-08,11.960719958333334,24,24
663495,2025-07-12,13.711642458333332,24,24
663495,2025-07-16,17.48364833333333,24,24
663495,2025-07-20,18.442529166666667,24,24
663495,2025-07-24,18.988197083333333,24,24
663495,2025-07-28,15.584323421052632,19,19
663495,2025-08-01,14.047844291666665,24,24
663495,2025-08-05,13.647240625,24,24
663495,2025-08-09,15.04036625,24,24
663495,2025-08-13,12.711035928571428,14,14
663495,2025-08-17,15.809707916666667,24,24
663495,2025-08-21,16.005792608695653,23,23
663495,2025-08-25,17.821331666666666,24,24
663495,2025-08-29,10.508384166666668,24,24
663495,2025-09-02,17.614037222222223,18,18
663495,2025-09-06,16.0443525,24,24
663495,2025-09-10,12.78069205882353,17,17
663495,2025-09-14,14.477710666666667,24,24
663495,2025-09-18,12.713244347826087,23,23
663495,2025-09-22,7.692853458333333,24,24
663495,2025-09-26,11.377005130434782,23,23
663495,2025-09-30,8.5151495,24,24
663495,2025-10-04,8.017851041666667,24,24
663495,2025-10-08,3.8565041250000003,24,24
663495,2025-10-12,7.070186083333333,24,24
663495,2025-10-16,5.908359727272727,22,22
663495,2025-10-20,8.764040944444444,18,18
663495,2025-10-24,10.666947166666667,24,24
663495,2025-10-28,8.125434583333334,24,24
663495,2025-11-01,10.50460925,24,24
663495,2025-11-05,11.127171523809524,21,21
663495,2025-11-09,12.497734041666668,24,24
663495,2025-11-13,4.764684833333333,24,24
663495,2025-11-17,5.220602886956522,23,23
663495,2025-11-21,15.577837916666667,24,24
663495,2025-11-25,11.848907333333335,24,24
663495,2025-11-29,21.277126666666664,24,24
663495,2025-12-03,7.532522380952382,21,21
663495,2025-12-07,4.9753668125,24,24
663495,2025-12-11,7.396284916666667,24,24
663495,2025-12-15,8.109466444444443,18,18
663495,2025-12-19,8.067169083333333,24,24
663495,2025-12-23,10.402399747619048,21,21
663495,2025-12-27,6.169644458333334,24,24
663495,2025-12-31,4.793670675,24,24
1065352,2025-01-01,4.39980512,20,20
1065352,2025-01-05,5.1942131,19,19
1065352,2025-01-09,3.9739920157894737,19,19
1065352,2025-01-13,4.16030303,20,20
1065352,2025-01-17,2.455995535,20,20
1065352,2025-01-21,4.341152025,20,20
1065352,2025-01-25,5.218981710526315,19,19
1065352,2025-01-29,4.786047676923077,13,13
1065352,2025-02-02,4.990049655,20,20
1065352,2025-02-06,7.28342373,20,20
1065352,2025-02-10,6.414463310526315,19,19
1065352,2025-02-14,3.6063463500000004,18,18
1065352,2025-02-18,5.6422664578947375,19,19
1065352,2025-02-22,4.746113165,20,20
1065352,2025-02-26,5.08046555,18,18
1065352,2025-03-02,4.792936555,20,20
1065352,2025-03-06,4.2616664,19,19
1065352,2025-03-10,3.953040275,20,20
1065352,2025-03-14,3.7098343684210526,19,19
1065352,2025-03-18,3.938189255,20,20
1065352,2025-03-22,3.7837868049999996,20,20
1065352,2025-03-26,4.01285501,20,20
1065352,2025-03-30,6.203574359999999,20,20
1065352,2025-04-03,11.024720545,20,20
1065352,2025-04-07,4.361816920000001,20,20
1065352,2025-04-11,9.182017719047618,21,21
1065352,2025-04-15,5.267921614285714,21,21
1065352,2025-04-19,18.756376,20,20
1065352,2025-04-23,20.29109434736842,19,19
1065352,2025-04-27,19.119006606666666,15,15
1065352,2025-05-01,4.617293466666666,18,18
1065352,2025-05-05,30.751238305555553,18,18
1065352,2025-05-09,6.191014665,20,20
1065352,2025-05-13,10.07022433,20,20
1065352,2025-05-17,25.62695426,20,20
1065352,2025-05-21,23.171900023809524,21,21
1065352,2025-05-25,16.684280145,20,20
1065352,2025-05-29,15.866970476190478,21,21
1065352,2025-06-02,52.472458535,20,20
1065352,2025-06-06,20.65697365909091,22,22
1065352,2025-06-10,10.133962925,20,20
1065352,2025-06-14,41.937775015,20,20
1065352,2025-06-18,15.353745369999999,20,20
1065352,2025-06-22,47.005232645,20,20
1065352,2025-06-26,13.19851793,20,20
1065352,2025-06-30,47.30363593809524,21,21
1065352,2025-07-04,10.103034352380954,21,21
1065352,2025-07-08,5.117176338095239,21,21
1065352,2025-07-12,10.83295424,20,20
1065352,2025-07-16,11.648403290000001,20,20
1065352,2025-07-20,28.495119525,20,20
1065352,2025-07-24,43.73811330952381,21,21
1065352,2025-07-28,42.52679511428571,21,21
1065352,2025-08-01,18.124911564999998,20,20
1065352,2025-08-05,10.12922990952381,21,21
1065352,2025-08-09,6.096385915,20,20
1065352,2025-08-13,19.09644318,20,20
1065352,2025-08-17,38.15494428,20,20
1065352,2025-08-21,18.828759055,20,20
1065352,2025-08-25,20.48984431904762,21,21
1065352,2025-08-29,5.6625888,20,20
1065352,2025-09-02,12.633566114999999,20,20
1065352,2025-09-06,5.800837157894737,19,19
1065352,2025-09-10,2.64296534,20,20
1065352,2025-09-14,9.195001342857143,21,21
1065352,2025-09-18,1.7186509950000002,20,20
1065352,2025-09-22,3.3889003099999995,20,20
1065352,2025-09-26,4.42494285,20,20
1065352,2025-09-30,1.674819915,20,20
1065352,2025-10-04,8.84655005263158,19,19
1065352,2025-10-08,3.681407961111111,18,18
1065352,2025-10-12,2.46536082,15,15
1065352,2025-10-16,4.438607753333333,15,15
1065352,2025-10-20,2.8060267357142856,14,14
1065352,2025-10-24,3.281528182352941,17,17
1065352,2025-10-28,7.200866706666667,15,15
1065352,2025-11-09,7.7680302249999995,20,20
1065352,2025-11-13,6.061224535,20,20
1065352,2025-11-17,4.824404995,20,20
1065352,2025-11-21,4.933328005263157,19,19
1065352,2025-11-25,7.856732124999999,20,20
1065352,2025-11-29,4.626838305263158,19,19
1065352,2025-12-03,3.4550876894736846,19,19
1065352,2025-12-07,4.149833936842105,19,19
1065352,2025-12-11,6.67731583,20,20
1065352,2025-12-15,3.80346154,20,20
1065352,2025-12-19,3.5309966052631583,19,19
1065352,2025-12-23,6.048473105,20,20
1065352,2025-12-27,1.5137264210526318,19,19
1065352,2025-12-31,1.880973457894737,19,19
71,2025-01-01,5.574339,20,22
71,2025-01-05,7.4261336363636365,22,22
71,2025-01-09,7.050106086956522,23,24
71,2025-01-13,22.4032,21,24
71,2025-01-17,14.281611304347825,23,24
71,2025-01-21,29.788321739130435,23,24
71,2025-01-25,7.363012727272727,22,24
71,2025-01-29,5.282658333333333,24,24
71,2025-02-02,25.192991666666668,24,24
71,2025-02-06,15.396911666666666,24,24
71,2025-02-10,46.64641666666666,24,24
71,2025-02-14,37.89175,24,24
71,2025-02-18,25.238316666666666,24,24
71,2025-02-22,8.353978333333332,24,24
71,2025-02-26,7.8830475,24,24
71,2025-03-02,19.838925,24,24
71,2025-03-06,15.537255833333333,24,24
71,2025-03-10,34.636361904761905,21,22
71,2025-03-14,7.592232500000001,24,24
71,2025-03-18,10.736172727272727,22,24
71,2025-03-22,7.980108333333334,24,24
71,2025-03-26,5.232106666666667,24,24
71,2025-03-30,7.459870434782609,23,23
71,2025-04-03,11.351641666666666,24,24
71,2025-04-07,7.681501904761905,21,24
71,2025-04-11,13.529885,24,24
71,2025-04-15,8.731849090909092,22,24
71,2025-04-19,11.920795,24,24
71,2025-04-23,9.905565833333332,24,24
71,2025-04-27,8.938036666666667,24,24
71,2025-05-01,11.991541666666668,24,24
71,2025-05-05,5.795241739130435,23,24
71,2025-05-09,5.665280833333334,24,24
71,2025-05-13,7.276425,24,24
71,2025-05-17,8.068319166666667,24,24
71,2025-05-21,8.473735833333334,24,24
71,2025-05-25,2.5965591666666668,24,24
71,2025-05-29,6.258751666666666,24,24
71,2025-06-02,5.766499166666667,24,24
71,2025-06-06,4.252383,20,24
71,2025-06-10,13.082583333333332,24,24
71,2025-06-14,12.890583333333334,24,24
71,2025-06-18,9.213901666666667,24,24
71,2025-06-22,10.97375,24,24
71,2025-06-26,5.895885,24,24
71,2025-06-30,6.7120291666666665,24,24
71,2025-07-04,5.998205,24,24
71,2025-07-08,4.418285833333333,24,24
71,2025-07-12,4.060864166666667,24,24
71,2025-07-16,4.15003,24,24
71,2025-07-20,3.1969009090909095,22,24
71,2025-07-24,5.692452499999999,24,24
71,2025-07-28,4.173731666666667,24,24
71,2025-08-01,4.011946956521739,23,24
71,2025-08-05,3.870066,20,24
71,2025-08-09,10.809600952380952,21,24
71,2025-08-13,25.620739130434785,23,24
71,2025-08-17,8.476175,24,24
71,2025-08-21,5.134861666666667,24,24
71,2025-08-25,10.392381666666667,24,24
71,2025-08-29,7.0377975,24,24
71,2025-09-02,4.767558181818182,22,24
71,2025-09-06,7.332525,24,24
71,2025-09-10,4.837088695652174,23,24
71,2025-09-14,4.619389166666667,24,24
71,2025-09-18,3.861479090909091,22,24
71,2025-09-22,5.940166666666666,24,24
71,2025-09-26,4.209675652173913,23,24
71,2025-09-30,7.533155833333333,24,24
71,2025-10-04,2.4343428571428567,14,24
71,2025-10-08,6.057533636363636,22,24
71,2025-10-12,6.991840833333334,24,24
71,2025-10-16,2.6274100000000002,16,24
71,2025-10-20,3.172924,5,18
71,2025-10-24,2.26948375,16,24
71,2025-10-28,3.1395553846153845,13,24
71,2025-11-01,2.4444966666666668,6,24
71,2025-11-05,2.8653815384615386,13,24
71,2025-11-09,6.8287764705882354,17,24
71,2025-11-17,6.808081176470588,17,24
71,2025-11-21,22.32529166666667,24,24
71,2025-11-25,6.858825,20,24
71,2025-11-29,4.7797327272727275,22,24
71,2025-12-03,6.053062608695652,23,24
71,2025-12-07,3.9342599999999996,17,24
71,2025-12-11,8.6258875,24,24
71,2025-12-15,7.69697,20,24
71,2025-12-19,6.33421875,16,24
71,2025-12-23,11.965033333333334,21,24
71,2025-12-27,19.823,23,24
71,2025-12-31,12.28722,21,24
4520,2025-01-01,33.75719581304348,23,24
4520,2025-01-05,17.55597715,22,24
4520,2025-01-09,15.078647052631581,19,24
4520,2025-01-13,6.880940545454546,11,17
4520,2025-01-17,17.52805846470588,17,17
4520,2025-01-21,20.960421099999998,19,24
4520,2025-01-25,16.06079222,20,24
4520,2025-01-29,5.2615851523809525,21,24
4520,2025-02-02,16.201523676190476,21,24
4520,2025-02-06,12.175756857142858,21,24
4520,2025-02-10,17.088636381818183,22,24
4520,2025-02-14,20.44504553181818,22,24
4520,2025-02-18,19.567363377272727,22,24
4520,2025-02-22,28.16878561904762,21,24
4520,2025-02-26,18.72126,5,6
4520,2025-03-02,8.104099666666666,3,3
4520,2025-03-06,16.724717305000002,20,24
4520,2025-03-10,12.576272481818181,22,24
4520,2025-03-14,10.421769161111111,18,24
4520,2025-03-18,6.158341578947368,19,24
4520,2025-03-22,16.80495440909091,22,24
4520,2025-03-26,12.344359495,20,24
4520,2025-03-30,13.544282335,20,23
4520,2025-04-03,11.112321935,20,24
4520,2025-04-07,3.3789133181818185,22,24
4520,2025-04-11,8.822694752380952,21,24
4520,2025-04-15,8.660649495454546,22,24
4520,2025-04-23,6.258388555555555,9,9
4520,2025-04-27,6.769915590909091,22,24
4520,2025-05-01,5.945631823529411,17,20
4520,2025-05-05,8.637195857142858,14,17
4520,2025-05-09,5.79541185,20,24
4520,2025-05-13,5.7900744500000005,20,24
4520,2025-05-17,7.027599599999999,5,19
4520,2025-05-21,9.579446688888888,18,24
4520,2025-05-25,3.4998609090909087,22,24
4520,2025-05-29,3.0810958666666663,15,24
4520,2025-06-02,5.882740764705882,17,24
4520,2025-06-06,5.129303066666667,15,24
4520,2025-06-10,8.90875271875,16,24
4520,2025-06-14,5.241641166666667,18,24
4520,2025-06-18,7.421220928571429,14,23
4520,2025-06-22,5.852987588235294,17,24
4520,2025-06-26,6.487894714285714,21,24
4520,2025-06-30,4.23466380952381,21,24
4520,2025-07-04,7.653985285714286,21,24
4520,2025-07-08,2.940775894736842,19,24
4520,2025-07-12,4.050082777777778,18,24
4520,2025-07-16,6.611011235294118,17,24
4520,2025-07-20,5.485672272727273,22,24
4520,2025-07-24,5.203015421052632,19,24
4520,2025-07-28,4.626941684210526,19,22
4520,2025-08-01,3.403123391304348,23,24
4520,2025-08-05,4.7090493,20,24
4520,2025-08-09,6.925731136363637,22,24
4520,2025-08-13,8.453394435,20,24
4520,2025-08-17,8.97840186190476,21,23
4520,2025-08-21,11.101309789473683,19,24
4520,2025-08-25,3.0806768181818183,22,24
4520,2025-08-29,5.704615363636363,22,24
4520,2025-09-02,4.21402695,20,24
4520,2025-09-06,2.6598946666666667,21,24
4520,2025-09-10,9.650735052380952,21,24
4520,2025-09-14,4.7004094,20,24
4520,2025-09-18,3.9365348235294118,17,24
4520,2025-09-22,6.560199545454545,22,24
4520,2025-10-04,8.395732725,12,24
4520,2025-10-20,7.857469399999999,5,5
4520,2025-10-24,1.5460426363636364,22,24
4520,2025-10-28,2.5281843,20,24
4520,2025-11-01,15.673490781818181,11,11
4520,2025-11-05,10.224647014285713,21,24
4520,2025-11-09,9.502564686956521,23,24
4520,2025-11-13,8.98260449,20,23
4520,2025-11-17,7.551136421052631,19,23
4520,2025-11-21,8.967940322727273,22,24
4520,2025-11-25,16.890661311111113,9,20
4520,2025-11-29,15.55675,2,2
4520,2025-12-03,14.50795202857143,21,24
4520,2025-12-07,10.610344647619048,21,24
4520,2025-12-11,8.957188294444444,18,24
4520,2025-12-15,9.25673501904762,21,24
4520,2025-12-19,9.809244475,20,23
4520,2025-12-23,10.582356623809524,21,24
4520,2025-12-27,8.64428985,16,24
4520,2025-12-31,4.437706272727272,22,24
2395617,2025-01-01,42.166666666666664,24,24
2395617,2025-01-05,18.208333333333332,24,24
2395617,2025-01-09,21.916666666666668,24,24
2395617,2025-01-13,22.875,24,24
2395617,2025-01-17,19.833333333333332,24,24
2395617,2025-01-21,42.91304347826087,23,23
2395617,2025-01-25,36.791666666666664,24,24
2395617,2025-01-29,19.833333333333332,24,24
2395617,2025-02-02,15.958333333333334,24,24
2395617,2025-02-06,33.708333333333336,24,24
2395617,2025-02-10,16.73913043478261,23,23
2395617,2025-02-14,21.625,24,24
2395617,2025-02-18,37.041666666666664,24,24
2395617,2025-02-22,16.333333333333332,24,24
2395617,2025-02-26,47.416666666666664,24,24
2395617,2025-03-02,15.083333333333334,24,24
2395617,2025-03-06,11.541666666666666,24,24
2395617,2025-03-10,30.583333333333332,24,24
2395617,2025-03-14,26.083333333333332,24,24
2395617,2025-03-18,23.791666666666668,24,24
2395617,2025-03-22,25.166666666666668,24,24
2395617,2025-03-26,16.666666666666668,24,24
2395617,2025-03-30,9.875,24,24
2395617,2025-04-03,24.041666666666668,24,24
2395617,2025-04-07,23.0,24,24
2395617,2025-04-11,17.791666666666668,24,24
2395617,2025-04-15,27.583333333333332,24,24
2395617,2025-04-19,12.458333333333334,24,24
2395617,2025-04-23,13.291666666666666,24,24
2395617,2025-05-09,6.826086956521739,23,23
2395617,2025-05-13,14.375,24,24
2395617,2025-05-17,6.0,24,24
2395617,2025-05-21,4.458333333333333,24,24
2395617,2025-05-25,13.375,24,24
2395617,2025-05-29,7.6521739130434785,23,23
2395617,2025-06-02,6.695652173913044,23,23
2395617,2025-06-06,7.0,24,24
2395617,2025-06-10,7.416666666666667,24,24
2395617,2025-06-14,7.541666666666667,24,24
2395617,2025-06-18,9.083333333333334,24,24
2395617,2025-06-22,5.625,24,24
2395617,2025-06-26,7.5,24,24
2395617,2025-06-30,9.541666666666666,24,24
2395617,2025-08-29,9.0,13,13
2395617,2025-09-02,11.409090909090908,22,22
2395617,2025-09-06,12.0,24,24
2395617,2025-09-10,4.608695652173913,23,23
2395617,2025-09-14,7.166666666666667,24,24
2395617,2025-09-18,9.833333333333334,24,24
2395617,2025-09-22,19.130434782608695,23,23
2395617,2025-09-26,16.333333333333332,24,24
2395617,2025-09-30,11.0,23,23
2395617,2025-10-04,22.291666666666668,24,24
2395617,2025-10-08,10.625,24,24
2395617,2025-11-21,20.416666666666668,24,24
2395617,2025-11-25,27.043478260869566,23,23
2395617,2025-11-29,30.25,24,24
2395617,2025-12-03,25.0,24,24
2395617,2025-12-07,23.416666666666668,24,24
2395617,2025-12-11,17.416666666666668,24,24
2395617,2025-12-15,23.541666666666668,24,24
2395617,2025-12-19,30.666666666666668,24,24
2395617,2025-12-23,22.041666666666668,24,24
2395617,2025-12-27,20.416666666666668,24,24
2395617,2025-12-31,14.625,24,24
2960659,2025-01-01,22.595308641975308,81,81
2960659,2025-01-05,53.17338709677419,62,62
2960659,2025-01-09,61.806,55,55
2960659,2025-01-13,58.477777777777774,9,9
2960659,2025-01-17,63.049183673469386,49,49
2960659,2025-01-21,24.602586206896554,58,58
2960659,2025-01-25,61.659375000000004,48,48
2960659,2025-01-29,61.91654545454545,55,55
2960659,2025-02-02,63.858139534883726,43,43
2960659,2025-02-06,31.174864864864865,37,37
2960659,2025-02-10,38.46423728813559,59,59
2960659,2025-02-14,62.61975308641975,81,81
2960659,2025-02-18,39.77657142857143,70,70
2960659,2025-02-22,28.35222222222222,54,54
2960659,2025-02-26,23.0108,50,50
2960659,2025-03-02,22.55348484848485,66,66
2960659,2025-03-06,28.58843137254902,51,51
2960659,2025-03-10,37.486666666666665,48,48
2960659,2025-03-14,34.461999999999996,60,60
2960659,2025-03-18,30.553559322033898,59,59
2960659,2025-03-22,9.432461538461538,65,65
2960659,2025-03-26,14.550877192982457,57,57
2960659,2025-03-30,23.127166666666668,60,60
2960659,2025-04-03,7.494727272727272,55,55
2960659,2025-04-07,13.843548387096773,62,62
2960659,2025-04-11,10.541805555555555,72,72
2960659,2025-04-15,11.004461538461538,65,65
2960659,2025-04-19,12.126666666666667,48,48
2960659,2025-04-23,13.520204081632654,49,49
2960659,2025-04-27,10.32047619047619,63,63
2960659,2025-05-01,20.551052631578948,38,38
2960659,2025-05-05,10.075000000000001,48,48
2960659,2025-05-09,9.835576923076923,52,52
2960659,2025-05-13,15.105675675675675,37,37
2960659,2025-05-17,9.158846153846154,52,52
2960659,2025-05-21,11.239333333333333,15,15
2960659,2025-05-25,11.364358974358973,39,39
2960659,2025-05-29,12.652916666666668,48,48
2960659,2025-06-02,12.431666666666668,54,54
2960659,2025-06-06,11.033529411764706,34,34
2960659,2025-06-10,12.582368421052632,38,38
2960659,2025-06-14,14.081666666666667,36,36
2960659,2025-06-18,7.66,31,31
2960659,2025-06-22,11.403333333333334,75,75
2960659,2025-06-26,10.430952380952382,42,42
2960659,2025-06-30,9.176969696969696,33,33
2960659,2025-07-04,8.924489795918367,49,49
2960659,2025-07-08,8.667941176470588,34,34
2960659,2025-07-12,13.022567567567567,74,74
2960659,2025-07-16,10.514,65,65
2960659,2025-07-20,12.633793103448276,58,58
2960659,2025-07-24,16.34394366197183,71,71
2960659,2025-07-28,19.665714285714284,70,70
2960659,2025-08-01,20.538148148148146,81,81
2960659,2025-08-05,16.2175,72,72
2960659,2025-08-09,18.6164,75,75
2960659,2025-08-13,13.674197530864197,81,81
2960659,2025-08-17,10.747464788732396,71,71
2960659,2025-08-21,12.106527777777778,72,72
2960659,2025-08-25,15.324489795918367,49,49
2960659,2025-08-29,15.42467741935484,62,62
2960659,2025-09-02,13.395942028985507,69,69
2960659,2025-09-06,13.782,60,60
2960659,2025-09-10,12.162857142857144,7,7
2960659,2025-09-14,8.350405405405406,74,74
2960659,2025-09-18,12.48225806451613,62,62
2960659,2025-09-22,8.33203125,64,64
2960659,2025-09-26,11.030923076923077,65,65
2960659,2025-09-30,15.461864406779661,59,59
2960659,2025-10-04,19.946619718309858,71,71
2960659,2025-10-08,20.573673469387757,49,49
2960659,2025-10-12,13.577551020408162,49,49
2960659,2025-10-16,15.381818181818183,66,66
2960659,2025-10-20,22.450204081632652,49,49
2960659,2025-10-24,19.685,14,14
2960659,2025-10-28,21.49209677419355,62,62
2162800,2025-01-01,40.4,15,15
2162800,2025-01-05,13.35,20,20
2162800,2025-01-09,22.933333333333334,15,15
2162800,2025-01-13,3.0,9,9
2162800,2025-01-21,10.75,16,16
2162800,2025-01-25,24.2,10,10
2162800,2025-01-29,23.05,20,20
2162800,2025-02-02,14.071428571428571,14,14
2162800,2025-02-06,10.666666666666666,21,21
2162800,2025-02-10,5.818181818181818,22,22
2162800,2025-02-14,13.68421052631579,19,19
2162800,2025-02-18,9.5,16,16
2162800,2025-02-22,6.0,1,1
2162800,2025-02-26,15.25,4,4
2162800,2025-03-02,27.0,2,2
2162800,2025-03-06,7.5,12,12
2162800,2025-03-10,18.8,15,15
2162800,2025-03-14,20.529411764705884,17,17
2162800,2025-03-18,5.642857142857143,14,14
2162800,2025-03-22,14.647058823529411,17,17
2162800,2025-03-26,10.0,12,12
2162800,2025-03-30,8.0,13,13
2162800,2025-04-03,6.466666666666667,15,15
2162800,2025-04-07,9.473684210526315,19,19
2162800,2025-04-11,8.066666666666666,15,15
2162800,2025-04-15,7.888888888888889,18,18
2162800,2025-04-19,10.666666666666666,3,3
2162800,2025-04-23,9.0,4,4
2162800,2025-04-27,10.9,20,20
2162800,2025-05-01,3.230769230769231,13,13
2162800,2025-05-05,10.11111111111111,9,9
2162800,2025-05-09,15.619047619047619,21,21
2162800,2025-05-13,7.894736842105263,19,19
2162800,2025-05-17,3.0,1,1
2162800,2025-05-21,12.266666666666667,15,15
2162800,2025-05-25,26.0,17,17
2162800,2025-05-29,7.25,16,16
2162800,2025-06-02,15.380952380952381,21,21
2162800,2025-06-06,16.0,10,10
2162800,2025-06-10,11.333333333333334,9,9
2162800,2025-06-14,9.625,16,16
2162800,2025-06-18,11.153846153846153,13,13
2162800,2025-06-22,7.3125,16,16
2162800,2025-06-26,16.545454545454547,11,11
2162800,2025-06-30,7.533333333333333,15,15
2162800,2025-07-04,7.0,16,16
2162800,2025-07-08,13.666666666666666,12,12
2162800,2025-07-12,10.1875,16,16
2162800,2025-07-16,8.857142857142858,14,14
2162800,2025-07-20,13.533333333333333,15,15
2162800,2025-07-24,13.6,20,20
2162800,2025-07-28,11.5,16,16
2162800,2025-08-01,4.75,16,16
2162800,2025-08-05,10.714285714285714,21,21
2162800,2025-08-09,5.647058823529412,17,17
2162800,2025-08-13,7.705882352941177,17,17
2162800,2025-08-17,7.4,20,20
2162800,2025-08-21,10.222222222222221,18,18
2162800,2025-08-25,6.428571428571429,14,14
2162800,2025-08-29,5.944444444444445,18,18
2162800,2025-09-06,9.95,20,20
2162800,2025-09-10,8.894736842105264,19,19
2162800,2025-09-14,6.052631578947368,19,19
2162800,2025-09-18,8.681818181818182,22,22
2162800,2025-09-22,7.125,8,8
2162800,2025-09-26,8.3125,16,16
2162800,2025-09-30,8.0,19,19
2162800,2025-10-04,5.277777777777778,18,18
2162800,2025-10-08,5.190476190476191,21,21
2162800,2025-10-12,4.7,10,10
2162800,2025-10-16,8.0,9,9
2162800,2025-10-20,8.142857142857142,14,14
2162800,2025-10-24,11.588235294117647,17,17
2162800,2025-10-28,6.470588235294118,17,17
2162800,2025-11-01,8.4375,16,16
2162800,2025-11-05,5.9375,16,16
2162800,2025-11-09,10.8125,16,16
2162800,2025-11-13,11.3125,16,16
2162800,2025-11-17,20.235294117647058,17,17
2162800,2025-11-21,5.526315789473684,19,19
2162800,2025-11-25,8.75,16,16
2162800,2025-11-29,12.0,1,1
2162800,2025-12-03,16.53846153846154,13,13
2162800,2025-12-07,9.823529411764707,17,17
2162800,2025-12-11,18.875,16,16
2162800,2025-12-15,22.428571428571427,14,14
2162800,2025-12-19,34.44444444444444,18,18
2162800,2025-12-23,8.777777777777779,18,18
2162800,2025-12-27,9.166666666666666,12,12
2162800,2025-12-31,9.866666666666667,15,15
3577666,2025-03-06,21.923076923076923,13,13
3577666,2025-03-10,15.681818181818182,22,22
3577666,2025-03-14,11.75,16,16
3577666,2025-03-18,6.785714285714286,14,14
3577666,2025-03-22,13.882352941176471,17,17
3577666,2025-03-26,21.2,10,10
3577666,2025-03-30,15.95,20,20
3577666,2025-04-03,17.823529411764707,17,17
3577666,2025-04-07,4.947368421052632,19,19
3577666,2025-04-11,10.666666666666666,18,18
3577666,2025-04-15,12.0,22,22
3577666,2025-04-19,3.75,20,20
3577666,2025-04-23,6.714285714285714,7,7
3577666,2025-04-27,6.7727272727272725,22,22
3577666,2025-05-01,9.0,1,1
3577666,2025-05-05,7.1,10,10
3577666,2025-05-09,5.909090909090909,22,22
3577666,2025-05-13,6.55,20,20
3577666,2025-05-17,4.375,8,8
3577666,2025-05-21,7.809523809523809,21,21
3577666,2025-05-25,4.7272727272727275,22,22
3577666,2025-05-29,2.2666666666666666,15,15
3577666,2025-06-02,7.0625,16,16
3577666,2025-06-06,5.181818181818182,11,11
3577666,2025-06-10,8.4375,16,16
3577666,2025-06-14,5.588235294117647,17,17
3577666,2025-06-18,8.0,10,10
3577666,2025-06-22,6.875,16,16
3577666,2025-06-26,6.7368421052631575,19,19
3577666,2025-06-30,5.3,20,20
3577666,2025-07-04,7.125,16,16
3577666,2025-07-08,3.176470588235294,17,17
3577666,2025-07-12,3.8947368421052633,19,19
3577666,2025-07-16,6.857142857142857,14,14
3577666,2025-07-20,9.142857142857142,21,21
3577666,2025-07-24,4.526315789473684,19,19
3577666,2025-07-28,7.5,14,14
3577666,2025-08-01,3.9523809523809526,21,21
3577666,2025-08-05,4.315789473684211,19,19
3577666,2025-08-09,9.947368421052632,19,19
3577666,2025-08-13,8.5,14,14
3577666,2025-08-17,10.736842105263158,19,19
3577666,2025-08-21,11.842105263157896,19,19
3577666,2025-08-25,2.3157894736842106,19,19
3577666,2025-08-29,9.136363636363637,22,22
3577666,2025-09-02,5.923076923076923,13,13
3577666,2025-09-06,2.4615384615384617,13,13
3577666,2025-09-10,8.772727272727273,22,22
3577666,2025-09-14,4.333333333333333,21,21
3577666,2025-09-18,4.066666666666666,15,15
3577666,2025-09-22,4.857142857142857,21,21
3577666,2025-09-26,5.642857142857143,14,14
3577666,2025-09-30,8.65,20,20
3577666,2025-10-04,16.5,8,8
3577666,2025-10-08,7.473684210526316,19,19
3577666,2025-10-12,6.5,2,2
3577666,2025-10-16,11.555555555555555,9,9
3577666,2025-10-20,7.636363636363637,11,11
3577666,2025-10-24,1.5909090909090908,22,22
3577666,2025-10-28,2.076923076923077,13,13
3577666,2025-11-01,10.238095238095237,21,21
3577666,2025-11-05,10.4,15,15
3577666,2025-11-09,21.130434782608695,23,23
3577666,2025-11-13,10.555555555555555,18,18
3577666,2025-11-17,12.31578947368421,19,19
3577666,2025-11-21,11.666666666666666,18,18
3577666,2025-11-25,11.875,8,8
3577666,2025-11-29,50.0,2,2
3577666,2025-12-03,19.318181818181817,22,22
3577666,2025-12-07,19.142857142857142,21,21
3577666,2025-12-11,11.764705882352942,17,17
3577666,2025-12-15,4.818181818181818,11,11
3577666,2025-12-19,28.642857142857142,14,14
3577666,2025-12-23,10.523809523809524,21,21
3577666,2025-12-27,31.0,12,12
3577666,2025-12-31,4.681818181818182,22,22
10663,2025-01-01,52.208333333333336,24,24
10663,2025-01-05,22.416666666666668,24,24
10663,2025-01-09,30.625,24,24
10663,2025-01-13,23.083333333333332,24,24
10663,2025-01-17,26.458333333333332,24,24
10663,2025-01-21,39.583333333333336,24,24
10663,2025-01-25,41.416666666666664,24,24
10663,2025-01-29,21.5,24,24
10663,2025-02-02,24.958333333333332,24,24
10663,2025-02-06,40.375,24,24
10663,2025-02-10,21.90909090909091,22,22
10663,2025-02-14,36.5,24,24
10663,2025-02-18,52.708333333333336,24,24
10663,2025-02-22,21.291666666666668,24,24
10663,2025-02-26,45.291666666666664,24,24
10663,2025-03-02,18.041666666666668,24,24
10663,2025-03-06,18.125,24,24
10663,2025-03-10,31.863636363636363,22,22
10663,2025-03-14,16.875,24,24
10663,2025-03-18,14.041666666666666,24,24
10663,2025-03-22,23.416666666666668,24,24
10663,2025-03-26,20.791666666666668,24,24
10663,2025-03-30,14.958333333333334,24,24
10663,2025-04-03,23.75,24,24
10663,2025-04-07,20.217391304347824,23,23
10663,2025-04-11,17.958333333333332,24,24
10663,2025-04-15,29.681818181818183,22,22
10663,2025-04-19,9.666666666666666,18,18
10663,2025-04-23,13.041666666666666,24,24
10663,2025-05-09,3.8333333333333335,24,24
10663,2025-05-13,15.833333333333334,24,24
10663,2025-05-17,5.0,24,24
10663,2025-05-21,2.9583333333333335,24,24
10663,2025-05-25,12.125,24,24
10663,2025-05-29,9.208333333333334,24,24
10663,2025-06-02,5.791666666666667,24,24
10663,2025-06-06,5.291666666666667,24,24
10663,2025-06-10,8.08695652173913,23,23
10663,2025-06-14,5.833333333333333,24,24
10663,2025-06-18,6.625,24,24
10663,2025-06-22,3.875,24,24
10663,2025-06-26,5.695652173913044,23,23
10663,2025-06-30,11.083333333333334,24,24
10663,2025-08-25,11.272727272727273,11,11
10663,2025-08-29,11.1875,16,16
10663,2025-09-02,9.9,10,10
10663,2025-09-06,13.541666666666666,24,24
10663,2025-09-10,5.583333333333333,24,24
10663,2025-09-14,8.833333333333334,24,24
10663,2025-09-18,9.416666666666666,24,24
10663,2025-09-22,15.565217391304348,23,23
10663,2025-09-26,12.0,24,24
10663,2025-09-30,11.958333333333334,24,24
10663,2025-10-04,17.333333333333332,24,24
10663,2025-10-08,10.583333333333334,24,24
10663,2025-11-21,28.5,24,24
10663,2025-11-25,37.166666666666664,24,24
10663,2025-11-29,39.916666666666664,24,24
10663,2025-12-03,29.166666666666668,24,24
10663,2025-12-07,25.916666666666668,24,24
10663,2025-12-11,22.818181818181817,22,22
10663,2025-12-15,25.227272727272727,22,22
10663,2025-12-19,41.43478260869565,23,23
10663,2025-12-23,26.583333333333332,24,24
10663,2025-12-27,18.25,24,24
10663,2025-12-31,22.875,24,24
10871,2025-02-06,56.03597155985113,16,16
10871,2025-02-10,57.80795614035105,19,19
10871,2025-02-14,33.16217592592594,18,18
10871,2025-02-18,51.36672222222211,18,18
10871,2025-02-22,31.925034722222208,24,24
10871,2025-02-26,52.93429365079377,21,21
10871,2025-03-02,30.781412698412666,21,21
10871,2025-03-06,68.0328484848485,22,22
10871,2025-03-10,33.93709649122811,19,19
10871,2025-03-14,9.310231481481466,18,18
10871,2025-03-18,15.04282608695649,23,23
10871,2025-03-22,31.603990740740723,18,18
10871,2025-03-26,27.99651851851839,18,18
10871,2025-03-30,24.98299166666665,20,20
10871,2025-04-03,17.54890833333325,20,20
10871,2025-04-07,26.469498905309067,21,21
10871,2025-04-11,19.325763460375033,19,19
10871,2025-04-15,17.31297367278384,19,19
10871,2025-04-19,9.971707955949418,23,23
10871,2025-04-23,14.122520959602886,14,14
10871,2025-05-13,11.14116602809695,18,18
10871,2025-05-17,6.087199999999975,20,20
10871,2025-05-21,11.303908625892918,23,23
10871,2025-05-25,8.78794001703023,20,20
10871,2025-05-29,4.534094125520814,21,21
10871,2025-06-02,10.37437588840377,20,20
10871,2025-06-06,14.062378375592582,21,21
10871,2025-06-10,13.73715833333342,20,20
10871,2025-06-14,6.067669896070638,21,21
10871,2025-06-18,11.739245614035074,19,19
10871,2025-06-22,8.326920634920633,21,21
10871,2025-06-26,20.351090909090765,11,11
10871,2025-06-30,7.333155747126445,20,20
10871,2025-08-25,4.365410256410254,13,13
10871,2025-08-29,9.052960317460352,21,21
10871,2025-09-02,10.722982456140368,19,19
10871,2025-09-06,9.1961844632768,20,20
10871,2025-09-10,15.308239503139772,22,22
10871,2025-09-14,8.635066504703095,22,22
10871,2025-09-18,6.242916666666664,22,22
10871,2025-09-22,10.417265151515155,22,22
10871,2025-09-26,11.924218749999957,16,16
10871,2025-09-30,6.404395833333362,16,16
10871,2025-10-04,18.1025583333334,20,20
10871,2025-10-08,13.116341579210404,23,23
10871,2025-11-21,17.88321527777776,24,24
10871,2025-11-25,8.3599074074074,18,18
10871,2025-11-29,34.32845923373336,22,22
2393483,2025-01-01,6.803718888888889,18,18
2393483,2025-01-05,6.3720655,20,20
2393483,2025-01-09,7.687605,22,22
2393483,2025-01-13,4.572976923076923,13,13
2393483,2025-01-17,13.908701333333333,15,15
2393483,2025-01-21,4.004961111111111,9,9
2393483,2025-02-02,28.711084615384614,13,13
2393483,2025-02-06,10.4635345,20,20
2393483,2025-02-10,6.846254,20,20
2393483,2025-02-14,19.248904782608694,23,23
2393483,2025-02-18,8.430934545454546,22,22
2393483,2025-02-22,8.356796666666666,21,21
2393483,2025-02-26,8.09015,5,5
2393483,2025-03-02,16.03083,1,1
2393483,2025-03-06,8.4872805,20,20
2393483,2025-03-10,22.465947368421052,19,19
2393483,2025-03-18,6.162115,2,2
2393483,2025-03-22,13.872539047619048,21,21
2393483,2025-03-26,7.104831538461538,13,13
2393483,2025-03-30,8.25657409090909,22,22
2393483,2025-04-03,7.393370000000001,22,22
2393483,2025-04-07,11.906239999999999,24,24
2393483,2025-04-11,6.969909583333333,24,24
2393483,2025-04-15,29.16805272727273,22,22
2393483,2025-04-19,4.45277,23,23
2393483,2025-04-23,8.791824,5,5
2393483,2025-04-27,9.237081363636364,22,22
2393483,2025-05-01,9.064630000000001,17,17
2393483,2025-05-05,11.404046666666666,12,12
2393483,2025-05-09,10.237533333333333,24,24
2393483,2025-05-13,11.729658695652175,23,23
2393483,2025-05-17,13.632519166666667,12,12
2393483,2025-05-21,11.95584695652174,23,23
2393483,2025-05-25,6.876941304347826,23,23
2393483,2025-05-29,13.230452608695652,23,23
2393483,2025-06-02,4.323307727272727,22,22
2393483,2025-06-06,8.901655,22,22
2393483,2025-06-10,13.705602857142857,21,21
2393483,2025-06-18,13.809684210526317,19,19
2393483,2025-06-22,14.714478260869566,23,23
2393483,2025-06-30,7.67027,1,1
2393483,2025-07-04,8.847539545454545,22,22
2393483,2025-07-08,10.540219583333334,24,24
2393483,2025-07-12,5.599942631578948,19,19
2393483,2025-07-16,8.527697272727274,22,22
2393483,2025-07-20,10.201045714285714,21,21
2393483,2025-07-24,7.820048333333334,18,18
2393483,2025-07-28,12.858207894736841,19,19
2393483,2025-08-01,9.209963684210527,19,19
2393483,2025-08-05,5.978377,20,20
2393483,2025-08-09,10.215078571428572,21,21
2393483,2025-08-13,16.116484285714286,21,21
2393483,2025-08-17,13.86995842105263,19,19
2393483,2025-08-21,13.134962222222223,9,9
2393483,2025-08-25,7.519756086956521,23,23
2393483,2025-08-29,10.154128095238097,21,21
2393483,2025-09-02,7.7757499999999995,22,22
2393483,2025-09-10,8.98615380952381,21,21
2393483,2025-09-14,5.635139545454546,22,22
2393483,2025-09-18,9.68095409090909,22,22
2393483,2025-09-22,7.0961654166666674,24,24
2393483,2025-09-26,7.285327916666667,24,24
2393483,2025-09-30,5.456432272727273,22,22
2393483,2025-10-04,5.077659565217391,23,23
2393483,2025-10-08,3.612165,22,22
2393483,2025-10-12,5.82121380952381,21,21
2393483,2025-10-16,7.192993333333334,9,9
2393483,2025-10-20,8.01894052631579,19,19
2393483,2025-10-24,9.800262608695652,23,23
2393483,2025-10-28,6.792476363636364,22,22
2393483,2025-11-01,5.969647083333334,24,24
2393483,2025-11-05,6.878629130434783,23,23
2393483,2025-11-09,6.494648000000001,20,20
2393483,2025-11-13,6.411447368421054,19,19
2393483,2025-11-17,15.601044444444446,18,18
2393483,2025-11-21,4.1001531818181824,22,22
2393483,2025-11-25,13.025742222222222,18,18
2393483,2025-12-03,7.624445714285714,7,7
2393483,2025-12-07,7.027246,20,20
2393483,2025-12-11,10.226504210526317,19,19
2393483,2025-12-27,11.419,1,1
2393483,2025-12-31,5.646014285714285,21,21
2624491,2025-01-01,15.958333333333334,24,24
2624491,2025-01-05,70.5,24,24
2624491,2025-01-09,7.473684210526316,19,24
2624491,2025-01-13,35.61904761904762,21,24
2624491,2025-01-17,7.916666666666667,24,24
2624491,2025-01-21,24.541666666666668,24,24
2624491,2025-01-25,25.304347826086957,23,24
2624491,2025-01-29,13.458333333333334,24,24
2624491,2025-02-02,25.19047619047619,21,24
2624491,2025-02-06,8.625,24,24
2624491,2025-02-10,13.619047619047619,21,24
2624491,2025-02-14,33.25,24,24
2624491,2025-02-18,9.625,24,24
2624491,2025-02-22,14.291666666666666,24,24
2624491,2025-02-26,14.208333333333334,24,24
2624491,2025-03-02,35.166666666666664,24,24
2624491,2025-03-06,34.3,20,24
2624491,2025-03-10,34.0,24,24
2624491,2025-03-14,10.375,24,24
2624491,2025-03-18,28.5,8,24
2624491,2025-03-22,31.0,24,24
2624491,2025-03-26,32.5,24,24
2624491,2025-03-30,6.333333333333333,24,24
2624491,2025-04-03,29.875,24,24
2624491,2025-04-07,25.291666666666668,24,24
2624491,2025-04-11,21.916666666666668,24,24
2624491,2025-04-15,17.458333333333332,24,24
2624491,2025-04-19,14.454545454545455,22,24
2624491,2025-04-23,17.043478260869566,23,24
2624491,2025-04-27,24.666666666666668,24,24
2624491,2025-05-01,16.608695652173914,23,23
2624491,2025-05-05,13.217391304347826,23,23
2624491,2025-05-09,12.043478260869565,23,24
2624491,2025-05-13,28.791666666666668,24,24
2624491,2025-05-17,9.25,24,24
2624491,2025-05-21,1.375,16,24
2624491,2025-05-25,24.708333333333332,24,24
2624491,2025-05-29,15.173913043478262,23,24
2624491,2025-06-02,18.875,24,24
2624491,2025-06-06,17.333333333333332,24,24
2624491,2025-06-10,11.208333333333334,24,24
2624491,2025-06-14,11.75,24,24
2624491,2025-06-18,14.458333333333334,24,24
2624491,2025-06-22,14.5,24,24
2624491,2025-06-26,9.958333333333334,24,24
2624491,2025-06-30,1.95,20,24
2624491,2025-07-04,10.125,24,24
2624491,2025-07-08,17.428571428571427,21,24
2624491,2025-07-12,12.083333333333334,24,24
2624491,2025-07-16,5.5,24,24
2624491,2025-07-20,6.041666666666667,24,24
2624491,2025-07-24,9.0,24,24
2624491,2025-07-28,8.708333333333334,24,24
2624491,2025-08-01,18.833333333333332,24,24
2624491,2025-08-05,10.45,20,24
2624491,2025-08-09,9.125,24,24
2624491,2025-08-13,6.5,24,24
2624491,2025-08-17,13.791666666666666,24,24
2624491,2025-08-21,5.75,24,24
2624491,2025-08-25,11.5,20,24
2624491,2025-08-29,12.583333333333334,24,24
2624491,2025-09-02,27.0,21,24
2624491,2025-09-06,10.5,24,24
2624491,2025-09-10,10.541666666666666,24,24
2624491,2025-09-14,11.833333333333334,24,24
2624491,2025-10-16,7.708333333333333,24,24
2624491,2025-10-20,6.15,20,20
2624491,2025-10-24,12.782608695652174,23,24
2624491,2025-10-28,9.227272727272727,22,24
2624491,2025-11-01,14.125,24,24
2624491,2025-11-05,14.083333333333334,24,24
2624491,2025-11-09,23.583333333333332,24,24
2624491,2025-11-13,19.708333333333332,24,24
2624491,2025-11-17,11.458333333333334,24,24
2624491,2025-11-21,10.347826086956522,23,24
2624491,2025-11-25,40.041666666666664,24,24
2624491,2025-11-29,18.458333333333332,24,24
2624491,2025-12-03,7.083333333333333,24,24
2624491,2025-12-07,34.708333333333336,24,24
2624491,2025-12-11,20.166666666666668,24,24
2624491,2025-12-15,18.1,20,24
2624491,2025-12-19,12.416666666666666,24,24
2624491,2025-12-23,12.125,24,24
2624491,2025-12-27,21.5,24,24
2624491,2025-12-31,6.625,24,24
2163349,2025-01-01,22.821708333333333,24,24
2163349,2025-01-05,16.451,24,24
2163349,2025-01-09,7.5238,21,21
2163349,2025-01-13,5.0775999999999994,14,14
2163349,2025-01-17,21.21218888888889,18,18
2163349,2025-01-21,10.770674999999999,24,24
2163349,2025-01-25,14.089170833333334,24,24
2163349,2025-01-29,5.337134782608695,23,23
2163349,2025-02-02,14.693104166666666,24,24
2163349,2025-02-06,33.81366666666667,24,24
2163349,2025-02-10,21.333583333333333,24,24
2163349,2025-02-14,24.753041666666665,24,24
2163349,2025-02-18,28.16925,24,24
2163349,2025-02-22,21.778117647058824,17,17
2163349,2025-02-26,42.5812,5,5
2163349,2025-03-02,8.3279,3,3
2163349,2025-03-06,26.539304347826086,23,23
2163349,2025-03-10,14.787173913043478,23,23
2163349,2025-03-14,5.2849916666666665,24,24
2163349,2025-03-18,6.147966666666666,24,24
2163349,2025-03-22,16.66870833333333,24,24
2163349,2025-03-26,17.36216875,16,16
2163349,2025-03-30,17.29287391304348,23,23
2163349,2025-04-03,17.4599,24,24
2163349,2025-04-07,3.706047826086956,23,23
2163349,2025-04-11,8.589941666666666,24,24
2163349,2025-04-15,12.438373333333335,15,15
2163349,2025-04-19,3.168547619047619,21,21
2163349,2025-04-23,12.782566666666666,9,9
2163349,2025-04-27,4.424916666666666,24,24
2163349,2025-05-01,12.021465000000001,20,20
2163349,2025-05-05,5.196793333333333,15,15
2163349,2025-05-09,8.59605,24,24
2163349,2025-05-13,8.586082608695651,23,23
2163349,2025-05-17,5.96664375,16,16
2163349,2025-05-21,10.614145833333334,24,24
2163349,2025-05-25,6.758275,24,24
2163349,2025-05-29,4.7395958333333335,24,24
2163349,2025-06-02,12.414604166666665,24,24
2163349,2025-06-06,12.267852173913044,23,23
2163349,2025-06-10,8.067775,24,24
2163349,2025-06-14,7.955395833333333,24,24
2163349,2025-06-18,14.140020000000002,20,20
2163349,2025-06-22,10.817695833333334,24,24
2163349,2025-06-26,15.345541176470586,17,17
2163349,2025-06-30,11.431945833333332,24,24
2163349,2025-07-04,9.782416666666666,24,24
2163349,2025-07-08,5.176328571428572,21,21
2163349,2025-07-12,4.519129166666667,24,24
2163349,2025-07-16,7.662722727272728,22,22
2163349,2025-07-20,10.106945833333333,24,24
2163349,2025-07-24,9.114961904761904,21,21
2163349,2025-07-28,5.14474,15,15
2163349,2025-08-01,8.564725000000001,24,24
2163349,2025-08-05,8.980652173913043,23,23
2163349,2025-08-09,16.419166666666666,24,24
2163349,2025-08-13,15.709995652173914,23,23
2163349,2025-08-17,16.69122727272727,22,22
2163349,2025-08-21,13.702625,24,24
2163349,2025-08-25,5.281054166666666,24,24
2163349,2025-08-29,14.2654625,24,24
2163349,2025-09-02,10.2751875,24,24
2163349,2025-09-06,2.8068826086956524,23,23
2163349,2025-09-10,12.1043625,24,24
2163349,2025-09-14,7.147673913043478,23,23
2163349,2025-09-18,5.862100000000001,24,24
2163349,2025-09-22,8.890791666666667,24,24
2163349,2025-09-26,2.4531590909090912,22,22
2163349,2025-09-30,4.725279166666667,24,24
2163349,2025-10-04,12.513508695652174,23,23
2163349,2025-10-08,4.533142105263158,19,19
2163349,2025-10-12,5.976741176470589,17,17
2163349,2025-10-16,10.233072727272727,11,11
2163349,2025-10-20,10.464705263157894,19,19
2163349,2025-10-24,3.38196,15,15
2163349,2025-10-28,6.065685714285714,21,21
2163349,2025-11-01,11.607083333333334,24,24
2163349,2025-11-05,15.104231818181818,22,22
2163349,2025-11-09,22.52254166666667,24,24
2163349,2025-11-13,9.007930434782608,23,23
2163349,2025-11-17,11.003285,20,20
2163349,2025-11-21,10.058933333333334,24,24
2163349,2025-11-25,8.056426666666667,15,15
2163349,2025-11-29,38.816,2,2
2163349,2025-12-03,17.05809090909091,11,11
2163349,2025-12-07,18.2055125,8,8
2163349,2025-12-11,10.9177,16,16
2163349,2025-12-15,5.762059090909091,22,22
2163349,2025-12-19,44.627315789473684,19,19
2163349,2025-12-23,12.600842857142856,14,14
2163349,2025-12-27,15.340200000000001,12,12
2163349,2025-12-31,1.9507066666666666,15,15
4468705,2025-05-21,6.0473684210526315,19,19
4468705,2025-05-25,4.241052631578947,19,19
4468705,2025-05-29,3.305,18,18
4468705,2025-06-02,5.735882352941177,17,17
4468705,2025-06-06,3.04,19,19
4468705,2025-06-10,1.5094444444444446,18,18
4468705,2025-06-14,6.045333333333333,15,15
4468705,2025-06-18,4.352857142857142,14,14
4468705,2025-06-22,3.4992307692307696,13,13
4468705,2025-06-26,4.373888888888889,18,18
4468705,2025-06-30,2.6910526315789474,19,19
4468705,2025-07-04,5.539444444444445,18,18
4468705,2025-07-08,3.9589999999999996,20,20
4468705,2025-07-12,5.68,1,1
4468705,2025-07-16,9.034374999999999,16,16
4468705,2025-07-20,1.5968421052631578,19,19
4468705,2025-07-24,13.295454545454545,22,22
4468705,2025-07-28,2.754,20,20
4468705,2025-08-01,4.066818181818181,22,22
4468705,2025-08-05,7.930000000000001,18,18
4468705,2025-08-09,9.193333333333333,21,21
4468705,2025-08-13,8.517777777777777,18,18
4468705,2025-08-17,12.997,20,20
4468705,2025-08-21,5.1338888888888885,18,18
4468705,2025-08-25,6.285833333333333,24,24
4468705,2025-08-29,3.993529411764706,17,17
4468705,2025-09-02,2.499375,16,16
4468705,2025-09-06,5.277333333333333,15,15
4468705,2025-09-10,3.2025,16,16
4468705,2025-09-14,5.032105263157895,19,19
4468705,2025-09-18,4.195,20,20
4468705,2025-09-22,5.277142857142857,14,14
4468705,2025-09-26,5.458,20,20
4468705,2025-09-30,2.9993333333333334,15,15
4468705,2025-10-08,6.481111111111111,18,18
4468705,2025-10-12,12.923846153846153,13,13
4468705,2025-10-24,4.568,20,20
4468705,2025-10-28,7.161,20,20
4468705,2025-11-01,5.592857142857143,21,21
4468705,2025-11-05,3.6135294117647057,17,17
4468705,2025-11-09,7.709130434782609,23,23
4468705,2025-11-13,10.500454545454547,22,22
4468705,2025-11-17,11.869545454545454,22,22
4468705,2025-11-21,15.524583333333332,24,24
4468705,2025-11-25,10.755555555555555,18,18
4468705,2025-11-29,15.43,2,2
4468705,2025-12-03,9.72,21,21
4468705,2025-12-07,6.7976190476190474,21,21
4468705,2025-12-11,28.601428571428574,7,7
4468705,2025-12-15,5.004,5,5
4468705,2025-12-19,12.056818181818182,22,22
4468705,2025-12-23,14.201739130434783,23,23
4468705,2025-12-27,23.956521739130434,23,23
4468705,2025-12-31,15.750869565217391,23,23
2163337,2025-01-01,2.2086956521739127,23,23
2163337,2025-01-05,6.20625,16,16
2163337,2025-01-09,5.647368421052631,19,19
2163337,2025-01-13,2.081818181818182,11,11
2163337,2025-01-17,6.529999999999999,10,10
2163337,2025-01-21,12.173333333333334,15,15
2163337,2025-01-25,7.777777777777778,9,9
2163337,2025-01-29,5.888888888888889,18,18
2163337,2025-02-02,4.5,2,2
2163337,2025-02-06,4.35,18,18
2163337,2025-02-10,13.75263157894737,19,19
2163337,2025-02-14,8.142105263157895,19,19
2163337,2025-02-18,11.085714285714285,21,21
2163337,2025-02-22,39.214285714285715,21,21
2163337,2025-02-26,4.58,5,5
2163337,2025-03-02,5.3,1,1
2163337,2025-03-06,5.988235294117647,17,17
2163337,2025-03-10,8.177777777777777,18,18
2163337,2025-03-14,5.741176470588235,17,17
2163337,2025-03-18,5.227777777777778,18,18
2163337,2025-03-22,10.74736842105263,19,19
2163337,2025-03-26,7.142857142857143,14,14
2163337,2025-03-30,8.357142857142858,14,14
2163337,2025-04-03,6.439130434782609,23,23
2163337,2025-04-07,4.894117647058824,17,17
2163337,2025-04-11,6.473684210526316,19,19
2163337,2025-04-15,13.422222222222222,18,18
2163337,2025-04-19,10.722727272727273,22,22
2163337,2025-04-23,7.140000000000001,5,5
2163337,2025-04-27,2.76,15,15
2163337,2025-05-01,3.569230769230769,13,13
2163337,2025-05-05,4.2875,8,8
2163337,2025-05-09,3.6555555555555554,18,18
2163337,2025-05-13,5.949999999999999,18,18
2163337,2025-05-17,2.1416666666666666,12,12
2163337,2025-05-21,9.633333333333335,21,21
2163337,2025-05-25,5.7625,16,16
2163337,2025-05-29,3.621052631578947,19,19
2163337,2025-06-02,6.0600000000000005,15,15
2163337,2025-06-06,4.825,12,12
2163337,2025-06-10,9.435294117647059,17,17
2163337,2025-06-14,3.35,16,16
2163337,2025-06-18,7.65625,16,16
2163337,2025-06-22,2.8333333333333335,21,21
2163337,2025-06-26,4.519047619047619,21,21
2163337,2025-06-30,4.872222222222223,18,18
2163337,2025-07-04,6.760000000000001,15,15
2163337,2025-07-08,2.7384615384615385,13,13
2163337,2025-07-12,8.861538461538462,13,13
2163337,2025-07-16,10.054545454545455,11,11
2163337,2025-07-20,10.830769230769231,13,13
2163337,2025-07-24,8.806666666666667,15,15
2163337,2025-07-28,5.133333333333334,9,9
2163337,2025-08-01,5.8999999999999995,14,14
2163337,2025-08-05,4.466666666666667,12,12
2163337,2025-08-09,6.153846153846154,13,13
2163337,2025-08-13,6.666666666666667,9,9
2163337,2025-08-17,1.85,16,16
2163337,2025-08-21,3.523529411764706,17,17
2163337,2025-08-25,2.1666666666666665,18,18
2163337,2025-08-29,12.131578947368421,19,19
2163337,2025-09-02,9.81875,16,16
2163337,2025-09-06,3.465,20,20
2163337,2025-09-10,11.652941176470588,17,17
2163337,2025-09-14,5.965217391304347,23,23
2163337,2025-09-18,3.8000000000000003,18,18
2163337,2025-09-22,3.13,20,20
2163337,2025-09-26,2.66875,16,16
2163337,2025-09-30,2.68125,16,16
2163337,2025-10-04,7.935714285714285,14,14
2163337,2025-10-08,3.5105263157894737,19,19
2163337,2025-10-12,2.16,20,20
2163337,2025-10-16,2.7285714285714286,7,7
2163337,2025-10-20,4.44,15,15
2163337,2025-10-24,10.276923076923076,13,13
2163337,2025-10-28,3.016666666666667,6,6
2163337,2025-11-01,9.020000000000001,15,15
2163337,2025-11-05,7.25,10,10
2163337,2025-11-09,22.566666666666666,15,15
2163337,2025-11-13,9.436363636363636,11,11
2163337,2025-11-17,4.185714285714286,14,14
2163337,2025-11-21,2.16,10,10
2163337,2025-11-25,6.730769230769231,13,13
2163337,2025-12-03,10.32,15,15
2163337,2025-12-07,18.623076923076923,13,13
2163337,2025-12-11,5.066666666666666,6,6
463976,2025-01-01,5.1628589,20,23
463976,2025-01-05,15.611869833333335,24,24
463976,2025-01-09,5.463169874999999,24,24
463976,2025-01-13,13.056865782608694,23,24
463976,2025-01-17,10.258332391304348,23,24
463976,2025-01-21,6.336850050000001,20,24
463976,2025-01-25,7.121649875,24,24
463976,2025-01-29,4.697370260869565,23,24
463976,2025-02-02,7.9318026249999996,24,24
463976,2025-02-06,9.804302125,24,24
463976,2025-02-10,6.2598701666666665,24,24
463976,2025-02-14,16.113287708333335,24,24
463976,2025-02-18,15.709324375,24,24
463976,2025-02-22,16.380463958333333,24,24
463976,2025-02-26,3.264592222222222,9,9
463976,2025-03-02,7.1017820333333335,3,3
463976,2025-03-06,4.352089318181818,22,23
463976,2025-03-10,5.1067808999999995,20,24
463976,2025-03-14,15.014431191666667,24,24
463976,2025-03-18,7.591753333333333,24,24
463976,2025-03-22,5.188947791666666,24,24
463976,2025-03-26,3.4175725833333335,24,24
463976,2025-03-30,2.1089963000000003,20,23
463976,2025-04-03,9.147385208333334,24,24
463976,2025-04-07,4.652580958333333,24,24
463976,2025-04-11,4.584750173913044,23,24
463976,2025-04-15,6.772879,24,24
463976,2025-04-19,2.907147045454545,22,24
463976,2025-04-23,3.4487900000000002,24,24
463976,2025-04-27,5.758601,24,24
463976,2025-05-01,8.372270208333333,24,24
463976,2025-05-05,3.50706725,24,24
463976,2025-05-09,4.906964625,24,24
463976,2025-05-13,5.5533225,24,24
463976,2025-05-17,3.8812142173913045,23,24
463976,2025-05-21,2.686876391304348,23,24
463976,2025-05-25,3.9902921666666664,24,24
463976,2025-05-29,3.3636167500000003,24,24
463976,2025-06-02,3.3612721,20,24
463976,2025-06-06,2.5439972916666664,24,24
463976,2025-06-10,8.898772124999999,24,24
463976,2025-06-14,4.6766835,24,24
463976,2025-06-18,3.2338853333333333,21,24
463976,2025-06-22,4.759708739130434,23,24
463976,2025-06-26,5.5502593749999996,24,24
463976,2025-06-30,3.668487590909091,22,24
463976,2025-07-04,3.2449456521739135,23,24
463976,2025-07-08,3.6162936250000004,24,24
463976,2025-07-12,7.461076875,24,24
463976,2025-07-16,10.601075416666667,24,24
463976,2025-07-20,10.692071041666667,24,24
463976,2025-07-24,10.476861999999999,24,24
463976,2025-07-28,6.540481541666666,24,24
463976,2025-08-01,4.2777061666666665,24,24
463976,2025-08-05,2.6757204285714287,21,24
463976,2025-08-09,4.099066208333333,24,24
463976,2025-08-13,5.210650458333333,24,24
463976,2025-08-17,2.438168363636364,22,24
463976,2025-08-21,1.7040083636363639,22,24
463976,2025-08-25,2.3745525217391306,23,24
463976,2025-08-29,8.487241375,8,8
463976,2025-09-02,3.674569875,24,24
463976,2025-09-06,4.960704958333333,24,24
463976,2025-09-10,23.107507130434783,23,23
463976,2025-09-14,2.5965962916666667,24,24
463976,2025-09-18,3.3884095833333334,24,24
463976,2025-09-22,2.4307057142857142,21,24
463976,2025-09-26,5.394820166666666,24,24
463976,2025-09-30,3.5310723750000004,24,24
463976,2025-10-04,3.716469944444445,18,24
463976,2025-10-08,3.334628875,24,24
463976,2025-12-11,11.629111916666666,6,6
463976,2025-12-15,3.0482862272727274,22,22
463976,2025-12-19,5.065589136363636,22,22
463976,2025-12-23,3.4116173333333335,24,24
463976,2025-12-27,13.559987256521739,23,23
463976,2025-12-31,19.418306345833333,24,24
2960638,2025-01-01,22.625061728395064,81,81
2960638,2025-01-05,51.203174603174595,63,63
2960638,2025-01-09,59.86946428571429,56,56
2960638,2025-01-13,61.97666666666666,9,9
2960638,2025-01-17,55.986000000000004,20,20
2960638,2025-01-21,30.006610169491527,59,59
2960638,2025-01-25,62.7875,48,48
2960638,2025-01-29,69.79625,56,56
2960638,2025-02-02,70.26377777777778,45,45
2960638,2025-02-06,31.941714285714287,35,35
2960638,2025-02-10,33.978833333333334,60,60
2960638,2025-02-14,60.34036585365853,82,82
2960638,2025-02-18,41.705571428571425,70,70
2960638,2025-02-22,19.292075471698112,53,53
2960638,2025-02-26,17.49122448979592,49,49
2960638,2025-03-02,20.593,70,70
2960638,2025-03-06,26.373846153846156,52,52
2960638,2025-03-10,34.818125,48,48
2960638,2025-03-14,34.22683333333334,60,60
2960638,2025-03-18,29.82551724137931,58,58
2960638,2025-03-22,10.623125,64,64
2960638,2025-03-26,14.341578947368422,57,57
2960638,2025-03-30,22.406833333333335,60,60
2960638,2025-04-03,8.188928571428571,56,56
2960638,2025-04-07,14.00968253968254,63,63
2960638,2025-04-11,9.397323943661972,71,71
2960638,2025-04-15,12.84969696969697,66,66
2960638,2025-04-19,14.747659574468084,47,47
2960638,2025-04-23,14.857708333333333,48,48
2960638,2025-04-27,9.272380952380951,63,63
2960638,2025-05-01,21.025897435897434,39,39
2960638,2025-05-05,11.24340425531915,47,47
2960638,2025-05-09,10.660754716981131,53,53
2960638,2025-05-13,14.997631578947368,38,38
2960638,2025-05-17,10.768979591836734,49,49
2960638,2025-05-21,8.76625,16,16
2960638,2025-05-25,9.718461538461538,39,39
2960638,2025-05-29,14.195957446808512,47,47
2960638,2025-06-02,14.064727272727271,55,55
2960638,2025-06-06,12.615,34,34
2960638,2025-06-10,13.426216216216215,37,37
2960638,2025-06-14,17.3327027027027,37,37
2960638,2025-06-18,7.732,30,30
2960638,2025-06-22,11.869210526315788,76,76
2960638,2025-06-26,11.382682926829268,41,41
2960638,2025-06-30,9.539714285714286,35,35
2960638,2025-07-04,10.3576,50,50
2960638,2025-07-08,11.059714285714286,35,35
2960638,2025-07-12,13.5732,75,75
2960638,2025-07-16,11.529552238805971,67,67
2960638,2025-07-20,13.42491525423729,59,59
2960638,2025-07-24,16.767464788732394,71,71
2960638,2025-07-28,20.355217391304347,69,69
2960638,2025-08-01,22.281125,80,80
2960638,2025-08-05,17.64845070422535,71,71
2960638,2025-08-09,20.644864864864864,74,74
2960638,2025-08-13,14.688624999999998,80,80
2960638,2025-08-17,10.933285714285715,70,70
2960638,2025-08-21,14.15457142857143,70,70
2960638,2025-08-25,16.413333333333334,48,48
2960638,2025-08-29,16.413548387096775,62,62
2960638,2025-09-02,14.73485294117647,68,68
2960638,2025-09-06,14.605818181818183,55,55
2960638,2025-09-10,12.31375,8,8
2960638,2025-09-14,9.186266666666667,75,75
2960638,2025-09-18,13.692063492063493,63,63
2960638,2025-09-22,9.34515625,64,64
2960638,2025-09-26,12.127121212121212,66,66
2960638,2025-09-30,16.810526315789474,57,57
2960638,2025-10-04,20.498194444444444,72,72
2960638,2025-10-08,19.833061224489796,49,49
2960638,2025-10-12,15.284791666666665,48,48
2960638,2025-10-16,25.755,66,66
2960638,2025-10-20,22.35340425531915,47,47
2960638,2025-10-24,16.371875,16,16
2960638,2025-10-28,20.141269841269843,63,63
2960638,2025-11-01,27.348533333333332,75,75
2960638,2025-11-05,42.42602564102564,78,78
2960638,2025-11-09,36.015,72,72
2960638,2025-11-13,41.13142857142857,28,28
2960638,2025-11-17,31.82164179104478,67,67
2960638,2025-11-21,68.00919354838709,62,62
2960638,2025-11-25,111.62986111111111,72,72
2960638,2025-11-29,84.57813559322034,59,59
2960638,2025-12-03,39.714852941176474,68,68
2960638,2025-12-07,181.42122807017543,57,57
2960638,2025-12-11,37.00683333333333,60,60
2960638,2025-12-15,26.237111111111112,45,45
2960638,2025-12-19,61.339827586206894,58,58
2960638,2025-12-23,107.1158,50,50
2960638,2025-12-27,42.58298507462686,67,67
2960638,2025-12-31,35.042698412698414,63,63
2163382,2025-01-01,16.573833333333333,24,24
2163382,2025-01-05,26.649024999999998,24,24
2163382,2025-01-09,17.261479166666668,24,24
2163382,2025-01-13,3.4983357142857145,14,14
2163382,2025-01-17,42.260555555555555,18,18
2163382,2025-01-21,29.677291666666665,24,24
2163382,2025-01-25,24.408291666666667,24,24
2163382,2025-01-29,18.263222222222222,9,9
2163382,2025-02-02,25.64816666666667,24,24
2163382,2025-02-06,28.352,24,24
2163382,2025-02-10,44.628086956521734,23,23
2163382,2025-02-14,30.881666666666664,24,24
2163382,2025-02-18,31.072666666666667,24,24
2163382,2025-02-22,32.91372222222222,18,18
2163382,2025-02-26,42.2294,5,5
2163382,2025-03-02,11.692566666666666,3,3
2163382,2025-03-06,44.508347826086954,23,23
2163382,2025-03-10,42.82895652173913,23,23
2163382,2025-03-14,11.8623,24,24
2163382,2025-03-18,10.963666666666667,24,24
2163382,2025-03-22,26.76845833333333,24,24
2163382,2025-03-26,21.75125,16,16
2163382,2025-03-30,26.540434782608692,23,23
2163382,2025-04-03,15.467470833333332,24,24
2163382,2025-04-07,10.295208695652175,23,23
2163382,2025-04-11,12.3868125,24,24
2163382,2025-04-15,11.849746666666666,15,15
2163382,2025-04-19,9.360579166666666,24,24
2163382,2025-04-23,14.965900000000001,9,9
2163382,2025-04-27,6.1246,24,24
2163382,2025-05-01,14.539836842105261,19,19
2163382,2025-05-05,7.558719999999999,15,15
2163382,2025-05-09,7.610720833333333,24,24
2163382,2025-05-13,9.920308695652174,23,23
2163382,2025-05-17,8.619511764705882,17,17
2163382,2025-05-21,12.876937499999999,24,24
2163382,2025-05-25,8.8344875,24,24
2163382,2025-05-29,6.8390208333333335,24,24
2163382,2025-06-02,16.600029166666666,24,24
2163382,2025-06-06,22.871795652173912,23,23
2163382,2025-06-10,8.641820833333332,24,24
2163382,2025-06-14,11.025224999999999,24,24
2163382,2025-06-18,23.05427,20,20
2163382,2025-06-22,15.411691666666668,24,24
2163382,2025-06-26,22.19554583333333,24,24
2163382,2025-06-30,11.871675000000002,24,24
2163382,2025-07-04,11.590827272727273,11,11
2163382,2025-07-08,11.084645833333333,24,24
2163382,2025-07-12,8.1003875,24,24
2163382,2025-07-16,11.88625,22,22
2163382,2025-07-20,13.528079166666666,24,24
2163382,2025-07-24,13.84752380952381,21,21
2163382,2025-07-28,7.758277272727272,22,22
2163382,2025-08-01,8.379529166666666,24,24
2163382,2025-08-05,10.299282608695652,23,23
2163382,2025-08-09,17.49320833333333,24,24
2163382,2025-08-13,13.621673913043479,23,23
2163382,2025-08-17,12.715378260869567,23,23
2163382,2025-08-21,13.855937500000001,24,24
2163382,2025-08-25,6.453366666666667,24,24
2163382,2025-08-29,14.387066666666668,24,24
2163382,2025-09-02,14.036454166666667,24,24
2163382,2025-09-06,11.754382608695652,23,23
2163382,2025-09-10,11.133379166666666,24,24
2163382,2025-09-14,7.368241666666666,24,24
2163382,2025-09-18,7.268504166666666,24,24
2163382,2025-09-22,12.4604375,24,24
2163382,2025-09-26,7.995479166666667,24,24
2163382,2025-09-30,7.079829166666666,24,24
2163382,2025-10-04,10.091126086956521,23,23
2163382,2025-10-08,11.1518,24,24
2163382,2025-10-12,7.015813636363637,22,22
2163382,2025-10-16,16.470545454545455,11,11
2163382,2025-10-20,15.250705263157894,19,19
2163382,2025-10-24,11.183760869565218,23,23
2163382,2025-10-28,6.531634782608696,23,23
2163382,2025-11-01,23.312749999999998,24,24
2163382,2025-11-05,20.609590909090908,22,22
2163382,2025-11-09,17.2517125,24,24
2163382,2025-11-13,8.886966666666666,9,9
2163382,2025-11-17,23.448691304347825,23,23
2163382,2025-11-21,11.5964625,24,24
2163382,2025-11-25,13.743446666666667,15,15
2163382,2025-11-29,29.711000000000002,2,2
2163382,2025-12-03,14.76519090909091,11,11
2163382,2025-12-07,36.06753846153846,13,13
2163382,2025-12-11,18.250207142857143,14,14
2163382,2025-12-15,5.750111111111111,9,9
2163382,2025-12-19,39.93683333333333,6,6
2163382,2025-12-23,26.371499999999997,6,6
2163382,2025-12-27,20.65955,2,2
2163382,2025-12-31,7.131116666666667,6,6
2162034,2025-01-01,25.599999999999998,12,12
2162034,2025-01-05,3.345833333333333,24,24
2162034,2025-01-09,5.664285714285714,14,14
2162034,2025-01-13,2.75,2,2
2162034,2025-01-17,36.0,17,17
2162034,2025-01-21,14.642105263157895,19,19
2162034,2025-01-25,9.071428571428571,21,21
2162034,2025-01-29,5.963636363636363,22,22
2162034,2025-02-02,6.673913043478261,23,23
2162034,2025-02-06,6.352380952380953,21,21
2162034,2025-02-10,11.713043478260868,23,23
2162034,2025-02-14,3.573913043478261,23,23
2162034,2025-02-18,8.538095238095238,21,21
2162034,2025-02-22,11.686363636363637,22,22
2162034,2025-02-26,5.3,1,1
2162034,2025-03-02,5.166666666666667,3,3
2162034,2025-03-06,13.940000000000001,20,20
2162034,2025-03-10,16.269565217391303,23,23
2162034,2025-03-18,3.8800000000000003,5,5
2162034,2025-03-22,6.214285714285714,7,7
2162034,2025-03-26,8.7,4,4
2162034,2025-04-07,5.033333333333333,3,3
2162034,2025-04-11,9.1,1,1
2162034,2025-04-15,7.65,2,2
2162034,2025-04-19,3.75,2,2
2162034,2025-04-27,5.7,3,3
2162034,2025-05-05,11.671428571428573,7,7
2162034,2025-05-09,2.5727272727272728,11,11
2162034,2025-05-13,1.9454545454545453,11,11
2162034,2025-05-17,2.6,8,8
2162034,2025-05-21,4.575,4,4
2162034,2025-05-25,4.4,4,4
2162034,2025-05-29,1.86,5,5
2162034,2025-06-02,6.0,5,5
2162034,2025-06-06,5.066666666666666,3,3
2162034,2025-06-10,11.3,4,4
2162034,2025-06-14,7.325,4,4
2162034,2025-06-18,6.5,4,4
2162034,2025-06-22,4.785714285714286,7,7
2162034,2025-06-30,4.659999999999999,10,10
2162034,2025-07-04,7.908333333333334,12,12
2162034,2025-07-08,6.057142857142857,7,7
2162034,2025-07-12,4.118181818181818,11,11
2162034,2025-07-20,4.3,1,1
2162034,2025-07-24,6.76,10,10
2162034,2025-07-28,4.14,5,5
2162034,2025-08-01,40.225,12,12
2162034,2025-08-05,76.55,10,10
2162034,2025-08-09,7.222222222222222,9,9
2162034,2025-08-13,18.0125,8,8
2162034,2025-08-17,1.25,8,8
2162034,2025-08-21,16.357142857142858,7,7
2162034,2025-08-25,3.527272727272727,11,11
2162034,2025-08-29,8.81111111111111,9,9
2162034,2025-09-02,2.95,2,2
2162034,2025-09-06,6.333333333333333,3,3
2162034,2025-09-10,9.4,1,1
2162034,2025-09-14,3.45,2,2
2162034,2025-09-18,2.75,2,2
2162034,2025-09-30,3.95,2,2
2162034,2025-10-04,6.8,5,5
2162034,2025-10-08,2.5,4,4
2162034,2025-10-12,4.65,2,2
2162034,2025-10-16,4.75,2,2
2162034,2025-10-20,10.81111111111111,9,9
2162034,2025-10-24,6.009090909090909,11,11
2162034,2025-10-28,5.433333333333334,3,3
2162034,2025-11-01,6.699999999999999,9,9
2162034,2025-11-05,5.2,4,4
2162034,2025-11-09,8.459999999999999,5,5
2162034,2025-11-13,9.6,5,5
2162034,2025-11-17,9.3,9,9
2162034,2025-11-21,1.4333333333333333,6,6
2162034,2025-11-25,4.1000000000000005,7,7
2162034,2025-11-29,3.1500000000000004,2,2
2162034,2025-12-03,4.4125,8,8
2162034,2025-12-07,3.84,5,5
2162034,2025-12-11,17.14,10,10
2162034,2025-12-15,6.933333333333334,3,3
2162034,2025-12-23,6.7,4,4
2162034,2025-12-27,4.25,2,2
2162034,2025-12-31,2.8,2,2
2163283,2025-01-01,2.288587166666667,18,18
2163283,2025-01-05,6.779625727272728,22,22
2163283,2025-01-09,5.344322916666667,24,24
2163283,2025-01-13,2.3248408181818183,11,11
2163283,2025-01-17,7.660003333333333,15,15
2163283,2025-01-21,8.09471257894737,19,19
2163283,2025-01-25,4.001124875,8,8
2163283,2025-01-29,1.6298934,15,15
2163283,2025-02-02,2.3062105263157893,19,19
2163283,2025-02-06,4.809298523809524,21,21
2163283,2025-02-10,12.003330409090909,22,22
2163283,2025-02-14,3.9661345384615387,13,13
2163283,2025-02-18,3.797486411764706,17,17
2163283,2025-02-22,23.757368421052632,19,19
2163283,2025-02-26,6.557983,3,3
2163283,2025-03-02,4.483,1,1
2163283,2025-03-06,7.471064166666667,12,12
2163283,2025-03-10,6.0733114285714285,21,21
2163283,2025-03-14,4.0981764705882355,17,17
2163283,2025-03-18,2.6393166,15,15
2163283,2025-03-22,6.522861111111111,18,18
2163283,2025-03-26,6.396586666666667,12,12
2163283,2025-03-30,5.124400642857142,14,14
2163283,2025-04-03,4.232988047619047,21,21
2163283,2025-04-07,3.9662892857142857,14,14
2163283,2025-04-11,2.558876666666667,18,18
2163283,2025-04-15,8.004308823529412,17,17
2163283,2025-04-19,9.440066666666667,15,15
2163283,2025-04-23,4.09,4,4
2163283,2025-04-27,3.889541176470588,17,17
2163283,2025-05-01,3.931725,12,12
2163283,2025-05-05,3.404211111111111,9,9
2163283,2025-05-09,4.500085,20,20
2163283,2025-05-13,9.116594736842107,19,19
2163283,2025-05-17,2.8102399333333334,15,15
2163283,2025-05-21,3.2371748000000005,20,20
2163283,2025-05-25,5.943259045454545,22,22
2163283,2025-05-29,3.9651857142857145,21,21
2163283,2025-06-02,4.6958293529411765,17,17
2163283,2025-06-06,4.574761,18,18
2163283,2025-06-10,11.699326473333334,15,15
2163283,2025-06-14,3.317931727272727,22,22
2163283,2025-06-18,6.491182352941176,17,17
2163283,2025-06-26,3.742221357142857,14,14
2163283,2025-06-30,1.5154775,20,20
2163283,2025-07-04,3.4636409473684213,19,19
2163283,2025-07-08,2.771,5,5
2163283,2025-07-12,12.017211611764706,17,17
2163283,2025-07-16,12.027125,16,16
2163283,2025-07-20,8.995394361111112,18,18
2163283,2025-07-24,9.158170588235294,17,17
2163283,2025-07-28,4.239923,13,13
2163283,2025-08-05,3.8614,9,9
2163283,2025-08-09,5.036961111111111,18,18
2163283,2025-08-13,4.515783333333333,18,18
2163283,2025-08-17,2.1031924375,16,16
2163283,2025-08-21,2.2026333333333334,21,21
2163283,2025-08-25,1.0973114499999999,20,20
2163283,2025-08-29,10.509555,20,20
2163283,2025-09-06,5.727318181818182,22,22
2163283,2025-09-10,12.683019999999999,15,15
2163283,2025-09-14,4.779555,20,20
2163283,2025-09-18,5.071975,24,24
2163283,2025-09-22,2.012105863636364,22,22
2163283,2025-09-26,4.375847368421052,19,19
2163283,2025-09-30,4.69176,15,15
2163283,2025-10-04,6.25495294117647,17,17
2163283,2025-10-08,3.3402666666666665,15,15
2163283,2025-10-12,1.47842695,20,20
2163283,2025-10-16,2.919,9,9
2163283,2025-10-20,3.853423076923077,13,13
2163283,2025-10-24,10.479899925,20,20
2163283,2025-10-28,4.1046,20,20
2163283,2025-11-01,4.635134885,20,20
2163283,2025-11-05,6.6191146666666665,15,15
2163283,2025-11-09,8.981377705555555,18,18
2163283,2025-11-13,1.9441557647058825,17,17
2163283,2025-11-17,2.266970588235294,17,17
2163283,2025-11-21,2.172888235294118,17,17
2163283,2025-11-25,7.814705263157895,19,19
2163283,2025-11-29,4.613,1,1
2163283,2025-12-03,10.759393976470587,17,17
2163283,2025-12-07,14.584109935,20,20
2163283,2025-12-11,4.969630769230769,13,13
2163387,2025-01-01,14.432190909090908,22,22
2163387,2025-01-05,21.19868333333333,24,24
2163387,2025-01-09,15.549875,24,24
2163387,2025-01-13,2.126935714285714,14,14
2163387,2025-01-17,43.439,18,18
2163387,2025-01-21,31.680200000000003,5,5
2163387,2025-01-25,22.959982608695654,23,23
2163387,2025-01-29,11.552339130434783,23,23
2163387,2025-02-02,21.924916666666665,24,24
2163387,2025-02-06,23.403739130434786,23,23
2163387,2025-02-10,26.85773913043478,23,23
2163387,2025-02-14,32.24908333333333,24,24
2163387,2025-02-18,25.511041666666667,24,24
2163387,2025-02-22,32.87705555555556,18,18
2163387,2025-02-26,55.39020000000001,5,5
2163387,2025-03-02,8.9521,3,3
2163387,2025-03-06,34.99782608695652,23,23
2163387,2025-03-10,38.362521739130436,23,23
2163387,2025-03-14,8.774983333333333,24,24
2163387,2025-03-18,8.655470833333334,24,24
2163387,2025-03-22,18.815208333333334,24,24
2163387,2025-03-26,13.36485,16,16
2163387,2025-03-30,22.073852173913043,23,23
2163387,2025-04-03,10.031445454545455,22,22
2163387,2025-04-07,7.9142,23,23
2163387,2025-04-11,9.567158333333333,24,24
2163387,2025-04-15,14.51948,15,15
2163387,2025-04-19,8.892100000000001,23,23
2163387,2025-04-23,11.892466666666667,9,9
2163387,2025-04-27,6.887179166666667,24,24
2163387,2025-05-01,8.81508,20,20
2163387,2025-05-05,7.954433333333333,15,15
2163387,2025-05-09,7.030268181818181,22,22
2163387,2025-05-13,6.760465217391305,23,23
2163387,2025-05-17,6.412100000000001,17,17
2163387,2025-05-21,10.3454,23,23
2163387,2025-05-25,8.376613636363636,22,22
2163387,2025-05-29,6.098360869565218,23,23
2163387,2025-06-02,11.045587500000002,24,24
2163387,2025-06-06,14.963973913043478,23,23
2163387,2025-06-10,8.230641666666667,24,24
2163387,2025-06-14,10.50629090909091,22,22
2163387,2025-06-18,16.601125,20,20
2163387,2025-06-22,12.99351739130435,23,23
2163387,2025-06-26,12.189320833333333,24,24
2163387,2025-06-30,8.8602875,24,24
2163387,2025-07-04,10.738708333333333,24,24
2163387,2025-07-08,11.62650909090909,22,22
2163387,2025-07-12,8.457541666666666,24,24
2163387,2025-07-16,10.59075909090909,22,22
2163387,2025-07-20,13.7531375,24,24
2163387,2025-07-24,10.822018181818182,22,22
2163387,2025-07-28,6.245268181818182,22,22
2163387,2025-08-01,7.367295833333333,24,24
2163387,2025-08-05,10.553443478260869,23,23
2163387,2025-08-09,14.011979166666668,24,24
2163387,2025-08-13,10.571634782608696,23,23
2163387,2025-08-17,13.20315909090909,22,22
2163387,2025-08-21,12.892075,24,24
2163387,2025-08-25,4.716433333333333,18,18
2163387,2025-08-29,14.475975,24,24
2163387,2025-09-02,17.006125,24,24
2163387,2025-09-06,12.864134782608694,23,23
2163387,2025-09-10,11.076620833333335,24,24
2163387,2025-09-14,7.787025,24,24
2163387,2025-09-18,6.7294833333333335,24,24
2163387,2025-09-22,11.112779166666668,24,24
2163387,2025-09-26,9.392242857142858,21,21
2163387,2025-09-30,7.233405,20,20
2163387,2025-10-04,11.636813043478261,23,23
2163387,2025-10-08,10.407865217391304,23,23
2163387,2025-10-12,6.6832071428571425,14,14
2163387,2025-10-16,19.2226,11,11
2163387,2025-10-20,8.703115789473683,19,19
2163387,2025-10-24,10.533271428571428,21,21
2163387,2025-10-28,7.540727272727272,22,22
2163387,2025-11-01,12.764833333333334,24,24
2163387,2025-11-05,10.926045454545454,22,22
2163387,2025-11-09,13.496954166666667,24,24
2163387,2025-11-13,8.216134782608696,23,23
2163387,2025-11-17,18.22725909090909,22,22
2163387,2025-11-21,9.917331818181818,22,22
2163387,2025-11-25,9.079966666666667,15,15
2163387,2025-11-29,15.156,2,2
2163387,2025-12-03,15.812111111111111,9,9
2163387,2025-12-07,26.993913043478262,23,23
2163387,2025-12-11,11.543314285714287,21,21
2163387,2025-12-15,3.8451375,24,24
2163387,2025-12-19,34.73422222222222,18,18
2163387,2025-12-23,12.386129166666665,24,24
2163387,2025-12-27,4.62491,10,10
2163387,2025-12-31,7.057008333333333,24,24
2163295,2025-01-01,5.109294454545455,22,22
2163295,2025-01-05,4.304868260869566,23,23
2163295,2025-01-09,3.799033636363636,22,22
2163295,2025-01-13,5.508466153846154,13,13
2163295,2025-01-17,17.909764705882353,17,17
2163295,2025-01-21,12.600566666666666,21,21
2163295,2025-01-25,13.347943636363636,11,11
2163295,2025-01-29,4.149027391304347,23,23
2163295,2025-02-02,7.944907083333334,24,24
2163295,2025-02-06,6.82562238095238,21,21
2163295,2025-02-10,9.232203333333334,21,21
2163295,2025-02-14,10.443121666666666,6,6
2163295,2025-02-18,9.152854545454545,22,22
2163295,2025-02-22,25.09080909090909,22,22
2163295,2025-02-26,9.351445,4,4
2163295,2025-03-02,12.9012,1,1
2163295,2025-03-06,21.377304545454546,22,22
2163295,2025-03-10,9.529213500000001,20,20
2163295,2025-03-14,4.926157272727273,22,22
2163295,2025-03-18,7.248525217391305,23,23
2163295,2025-03-22,4.493630952380952,21,21
2163295,2025-03-26,5.6440719999999995,15,15
2163295,2025-03-30,7.162,2,2
2163295,2025-04-03,9.983404583333334,24,24
2163295,2025-04-07,3.6595714285714287,14,14
2163295,2025-04-11,8.260105,22,22
2163295,2025-04-15,7.172915,22,22
2163295,2025-04-19,5.658428136363636,22,22
2163295,2025-04-23,2.7786899999999997,6,6
2163295,2025-04-27,8.458708421052632,19,19
2163295,2025-05-01,13.599093,20,20
2163295,2025-05-05,4.3758816666666664,12,12
2163295,2025-05-09,8.680266818181819,22,22
2163295,2025-05-13,5.887821818181819,22,22
2163295,2025-05-17,2.912337142857143,14,14
2163295,2025-05-21,8.615483043478262,23,23
2163295,2025-05-25,5.055654782608696,23,23
2163295,2025-05-29,6.258996086956522,23,23
2163295,2025-06-02,7.007392272727273,22,22
2163295,2025-06-06,3.901923043478261,23,23
2163295,2025-06-10,14.271699130434783,23,23
2163295,2025-06-14,5.792764347826086,23,23
2163295,2025-06-18,7.973815263157895,19,19
2163295,2025-06-22,7.32452695652174,23,23
2163295,2025-06-26,6.868188636363637,22,22
2163295,2025-06-30,5.7093727272727275,22,22
2163295,2025-07-04,7.022141,20,20
2163295,2025-07-08,2.1949318181818183,22,22
2163295,2025-07-12,7.358623636363637,22,22
2163295,2025-07-16,9.292229047619047,21,21
2163295,2025-07-20,15.405687391304347,23,23
2163295,2025-07-24,12.613524583333335,24,24
2163295,2025-07-28,8.1754225,20,20
2163295,2025-08-01,5.713555238095238,21,21
2163295,2025-08-05,7.5453085714285715,21,21
2163295,2025-08-09,6.421994782608696,23,23
2163295,2025-08-13,7.147188636363636,22,22
2163295,2025-08-17,1.5765807619047618,21,21
2163295,2025-08-21,2.489959130434783,23,23
2163295,2025-08-25,2.8271845714285715,21,21
2163295,2025-08-29,13.64062761904762,21,21
2163295,2025-09-02,4.9986325,20,20
2163295,2025-09-06,4.595448260869565,23,23
2163295,2025-09-10,10.052504347826087,23,23
2163295,2025-09-14,2.8879204545454544,22,22
2163295,2025-09-18,7.09391375,24,24
2163295,2025-09-22,3.752014347826087,23,23
2163295,2025-09-26,3.043854347826087,23,23
2163295,2025-09-30,2.764883913043478,23,23
2163295,2025-10-04,3.5854495238095234,21,21
2163295,2025-10-08,6.7818708333333335,24,24
2163295,2025-10-12,3.4698939,20,20
2163295,2025-10-16,4.4490799999999995,8,8
2163295,2025-10-20,3.1240570588235292,17,17
2163295,2025-10-24,3.860386086956522,23,23
2163295,2025-10-28,4.2438649999999996,10,10
2163295,2025-11-01,5.883372380952381,21,21
2163295,2025-11-05,10.491611764705883,17,17
2163295,2025-11-09,12.555421764705883,17,17
2163295,2025-11-13,5.2653462,15,15
2163295,2025-11-17,5.253077142857143,14,14
2163295,2025-11-21,6.238406666666666,6,6
2163295,2025-11-25,5.605204166666667,12,12
2163295,2025-11-29,12.8762,2,2
2163295,2025-12-03,8.276636666666667,21,21
2163295,2025-12-07,6.531172777777778,18,18
2163295,2025-12-11,17.1151625,16,16
100,2025-01-01,15.042105263157895,19,19
100,2025-01-05,8.886363636363637,22,22
100,2025-01-09,6.042857142857144,7,7
100,2025-01-21,34.18,10,10
100,2025-02-02,21.35,2,2
100,2025-02-06,3.9375,8,8
100,2025-02-10,43.457142857142856,21,21
100,2025-02-14,14.940000000000001,5,5
100,2025-02-18,17.145833333333332,24,24
100,2025-02-26,8.9,5,5
100,2025-03-02,14.833333333333334,3,3
100,2025-03-06,33.46666666666667,24,24
100,2025-03-10,46.233333333333334,15,15
100,2025-03-14,4.9750000000000005,24,24
100,2025-03-18,7.121739130434783,23,23
100,2025-03-22,14.695652173913043,23,23
100,2025-03-26,6.8375,16,16
100,2025-03-30,17.505555555555556,18,18
100,2025-04-03,14.129166666666668,24,24
100,2025-04-07,7.341176470588235,17,17
100,2025-04-11,14.704761904761906,21,21
100,2025-04-15,18.431578947368422,19,19
100,2025-04-19,5.947826086956522,23,23
100,2025-04-23,18.466666666666665,9,9
100,2025-04-27,10.2375,24,24
100,2025-05-01,13.565000000000001,20,20
100,2025-05-05,3.90625,16,16
100,2025-05-09,8.666666666666666,24,24
100,2025-05-13,5.075,24,24
100,2025-05-17,8.68235294117647,17,17
100,2025-05-21,8.104166666666666,24,24
100,2025-05-25,6.320833333333333,24,24
100,2025-05-29,11.3125,24,24
100,2025-06-02,6.825,24,24
100,2025-06-06,4.754545454545454,22,22
100,2025-06-10,14.3375,24,24
100,2025-06-14,12.620833333333332,24,24
100,2025-06-18,7.8549999999999995,20,20
100,2025-06-22,11.445833333333333,24,24
100,2025-06-26,6.6875,24,24
100,2025-06-30,9.329166666666667,24,24
100,2025-07-04,3.3958333333333335,24,24
100,2025-07-08,4.904166666666667,24,24
100,2025-07-12,4.670833333333333,24,24
100,2025-07-16,5.595652173913043,23,23
100,2025-07-20,10.1875,24,24
100,2025-07-24,6.808333333333334,24,24
100,2025-07-28,7.995454545454546,22,22
100,2025-08-01,5.22608695652174,23,23
100,2025-08-05,4.952173913043478,23,23
100,2025-08-09,12.704166666666666,24,24
100,2025-08-13,18.875,24,24
100,2025-08-17,5.513636363636364,22,22
100,2025-08-21,4.739130434782608,23,23
100,2025-08-25,7.220833333333334,24,24
100,2025-08-29,5.720833333333334,24,24
100,2025-09-02,5.75,24,24
2162790,2025-01-01,46.875,16,16
2162790,2025-01-05,26.333333333333332,18,18
2162790,2025-01-09,35.9375,16,16
2162790,2025-01-13,7.333333333333333,9,9
2162790,2025-01-21,15.733333333333333,15,15
2162790,2025-01-25,21.8125,16,16
2162790,2025-01-29,30.066666666666666,15,15
2162790,2025-02-02,30.42105263157895,19,19
2162790,2025-02-06,16.857142857142858,7,7
2162790,2025-02-10,16.5625,16,16
2162790,2025-02-14,20.36842105263158,19,19
2162790,2025-02-18,15.6875,16,16
2162790,2025-02-22,17.0,2,2
2162790,2025-02-26,24.666666666666668,3,3
2162790,2025-03-02,13.0,1,1
2162790,2025-03-06,17.333333333333332,21,21
2162790,2025-03-10,22.181818181818183,22,22
2162790,2025-03-14,24.333333333333332,15,15
2162790,2025-03-18,9.470588235294118,17,17
2162790,2025-03-22,12.538461538461538,13,13
2162790,2025-03-26,20.0,11,11
2162790,2025-03-30,18.5,8,8
2162790,2025-04-03,7.3125,16,16
2162790,2025-04-07,9.3125,16,16
2162790,2025-04-11,11.5,14,14
2162790,2025-04-15,16.05,20,20
2162790,2025-04-23,10.25,4,4
2162790,2025-04-27,10.5,16,16
2162790,2025-05-01,10.0,12,12
2162790,2025-05-05,9.142857142857142,7,7
2162790,2025-05-09,9.428571428571429,21,21
2162790,2025-05-13,7.666666666666667,18,18
2162790,2025-05-21,9.0,16,16
2162790,2025-05-25,14.8,10,10
2162790,2025-05-29,9.384615384615385,13,13
2162790,2025-06-02,8.928571428571429,14,14
2162790,2025-06-06,8.066666666666666,15,15
2162790,2025-06-10,15.5,2,2
2162790,2025-06-14,16.714285714285715,14,14
2162790,2025-06-18,12.846153846153847,13,13
2162790,2025-06-22,11.285714285714286,21,21
2162790,2025-06-26,15.176470588235293,17,17
2162790,2025-06-30,11.0,4,4
2162790,2025-07-04,7.823529411764706,17,17
2162790,2025-07-08,8.846153846153847,13,13
2162790,2025-07-12,5.357142857142857,14,14
2162790,2025-07-16,9.1875,16,16
2162790,2025-07-20,4.75,16,16
2162790,2025-07-24,8.789473684210526,19,19
2162790,2025-07-28,4.0625,16,16
2162790,2025-08-01,6.5,14,14
2162790,2025-08-05,6.0,12,12
2162790,2025-08-09,5.352941176470588,17,17
2162790,2025-08-13,71.61111111111111,18,18
2162790,2025-08-17,9.071428571428571,14,14
2162790,2025-08-21,8.944444444444445,18,18
2162790,2025-08-25,7.947368421052632,19,19
2162790,2025-08-29,8.0,18,18
2162790,2025-09-02,1.0,1,1
2162790,2025-09-06,11.214285714285714,14,14
2162790,2025-09-10,7.0625,16,16
2162790,2025-09-14,7.0,16,16
2162790,2025-09-18,8.157894736842104,19,19
2162790,2025-09-22,7.0,14,14
2162790,2025-09-26,9.75,16,16
2162790,2025-09-30,6.785714285714286,14,14
2162790,2025-10-04,5.666666666666667,15,15
2162790,2025-11-01,9.105263157894736,19,19
2162790,2025-11-05,6.176470588235294,17,17
2162790,2025-11-09,6.538461538461538,13,13
2162790,2025-11-13,13.15,20,20
2162790,2025-11-17,16.25,12,12
2162790,2025-11-21,14.473684210526315,19,19
2162790,2025-11-25,8.272727272727273,11,11
2162790,2025-11-29,14.0,1,1
2162790,2025-12-03,13.117647058823529,17,17
2162790,2025-12-07,23.357142857142858,14,14
2162790,2025-12-11,39.06666666666667,15,15
2162790,2025-12-19,37.53846153846154,13,13
2162790,2025-12-23,27.11111111111111,18,18
2162790,2025-12-27,23.923076923076923,13,13
2162790,2025-12-31,23.8,20,20
3420,2025-01-01,31.69069556521739,23,24
3420,2025-01-05,17.993590872727275,22,24
3420,2025-01-09,18.630289284210527,19,24
3420,2025-01-13,6.28341309090909,11,17
3420,2025-01-17,19.90276461764706,17,17
3420,2025-01-21,21.01247367894737,19,24
3420,2025-01-25,15.831982059999998,20,24
3420,2025-01-29,8.18028798095238,21,24
3420,2025-02-02,15.201523352380951,21,24
3420,2025-02-06,12.500736954999999,20,24
3420,2025-02-10,19.142522236363636,22,24
3420,2025-02-14,21.218704468181816,22,24
3420,2025-02-18,21.124908713636362,22,24
3420,2025-02-22,28.56738079047619,21,24
3420,2025-02-26,21.17278992,5,6
3420,2025-03-02,8.462299666666667,3,3
3420,2025-03-06,18.604499525,20,24
3420,2025-03-10,14.150322404545454,22,24
3420,2025-03-14,12.038913516666666,18,24
3420,2025-03-18,6.890744142105264,19,24
3420,2025-03-22,18.700454545454544,22,24
3420,2025-03-26,14.279864635000001,20,24
3420,2025-03-30,15.782317355,20,23
3420,2025-04-03,12.057252065,20,24
3420,2025-04-07,3.6602494999999995,22,24
3420,2025-04-11,9.82742589047619,21,24
3420,2025-04-15,10.310276795454545,22,24
3420,2025-04-23,7.074771777777777,9,9
3420,2025-04-27,7.875479136363636,22,24
3420,2025-05-01,7.9754830000000005,18,20
3420,2025-05-05,9.013699507142857,14,17
3420,2025-05-09,6.288329545,20,24
3420,2025-05-13,5.88420935,20,24
3420,2025-05-17,6.143015999999999,6,19
3420,2025-05-21,10.943602072222223,18,24
3420,2025-05-25,5.247695,22,24
3420,2025-05-29,2.7970929333333334,15,24
3420,2025-06-02,7.4770612352941175,17,24
3420,2025-06-06,5.358256133333333,15,24
3420,2025-06-10,9.31730569375,16,24
3420,2025-06-14,5.8577689444444445,18,24
3420,2025-06-18,8.402174414285714,14,23
3420,2025-06-22,6.331611352941176,17,24
3420,2025-06-26,7.262361333333334,21,24
3420,2025-06-30,4.632699238095237,21,24
3420,2025-07-04,8.608778185714286,21,24
3420,2025-07-08,3.416552052631579,19,24
3420,2025-07-12,4.352977055555556,18,24
3420,2025-07-16,7.214552066666666,18,24
3420,2025-07-20,5.974047363636364,22,24
3420,2025-07-24,5.765583631578947,19,24
3420,2025-07-28,5.161891578947369,19,22
3420,2025-08-01,3.74621052173913,23,24
3420,2025-08-05,4.918857,20,24
3420,2025-08-09,7.60931780909091,22,24
3420,2025-08-13,8.966319465,20,24
3420,2025-08-17,8.386532833333334,21,23
3420,2025-08-21,10.311868883333334,18,24
3420,2025-08-25,3.2706281428571424,21,24
3420,2025-08-29,5.923363045454545,22,24
3420,2025-09-02,4.9724595,20,24
3420,2025-09-06,2.7958065714285714,21,24
3420,2025-09-10,9.64898039047619,21,24
3420,2025-09-14,5.861549415000001,20,24
3420,2025-09-18,4.849646611111111,18,24
3420,2025-09-22,7.21951335,22,24
3420,2025-10-04,9.867476763636363,11,24
3420,2025-10-20,8.3204294,5,5
3420,2025-10-24,1.9371539999999998,22,24
3420,2025-10-28,3.102192,20,24
3420,2025-11-01,16.774295000000002,10,11
3420,2025-11-05,10.352082966666668,21,24
3420,2025-11-09,8.585475695652173,23,24
3420,2025-11-13,7.54401195,20,23
3420,2025-11-17,6.726404736842105,19,23
3420,2025-11-21,7.204026681818181,22,24
3420,2025-11-25,16.317149725,8,20
3420,2025-11-29,19.31775,2,2
3420,2025-12-03,17.046095004761906,21,24
3420,2025-12-07,13.265187676190475,21,24
3420,2025-12-11,12.559088166666665,18,24
3420,2025-12-15,9.51036933,20,24
3420,2025-12-19,12.463149705,20,23
3420,2025-12-23,11.266683481818182,22,24
3420,2025-12-27,12.1135777375,16,24
3420,2025-12-31,4.777831409090909,22,24
3950,2025-01-01,16.353395258333332,24,24
3950,2025-01-05,33.74367059583333,24,24
3950,2025-01-09,47.99670575416667,24,24
3950,2025-01-13,16.6605239125,16,16
3950,2025-01-17,58.35641286842105,19,19
3950,2025-01-21,23.74044149130435,23,23
3950,2025-01-25,32.12827925,24,24
3950,2025-01-29,32.98617012083333,24,24
3950,2025-02-02,31.296096287500003,24,24
3950,2025-02-06,45.40843180833334,24,24
3950,2025-02-10,51.47119813333333,24,24
3950,2025-02-14,33.649384875,24,24
3950,2025-02-18,37.0227353,24,24
3950,2025-02-22,52.87936638333333,24,24
3950,2025-02-26,67.4193907,6,6
3950,2025-03-02,12.635708666666666,3,3
3950,2025-03-06,40.682712039130436,23,23
3950,2025-03-10,46.317007995833336,24,24
3950,2025-03-14,12.586107775,24,24
3950,2025-03-18,10.493371853846154,13,13
3950,2025-03-22,22.52658655,4,4
3950,2025-03-26,17.494611471428573,14,14
3950,2025-03-30,17.298010886956522,23,23
3950,2025-04-03,13.582092678260869,23,23
3950,2025-04-07,12.890904870833333,24,24
3950,2025-04-11,12.1052974,19,19
3950,2025-04-15,14.563604557142856,14,14
3950,2025-04-27,4.0147794999999995,2,2
3950,2025-05-01,8.493758457894737,19,19
3950,2025-05-05,6.11100825,16,16
3950,2025-05-09,6.2087684125,24,24
3950,2025-05-13,6.7329648833333335,24,24
3950,2025-05-17,6.0195581875,16,16
3950,2025-05-21,7.215188070833334,24,24
3950,2025-05-25,5.714999416666667,24,24
3950,2025-05-29,3.4850807826086956,23,23
3950,2025-06-02,8.173294533333333,21,21
3950,2025-06-06,7.954846024999999,24,24
3950,2025-06-10,6.3079138125,24,24
3950,2025-06-14,6.3940978875,24,24
3950,2025-06-18,8.629067305,20,20
3950,2025-06-22,4.29141575,24,24
3950,2025-06-26,4.320405666666667,3,3
3950,2025-06-30,5.389779666666667,9,9
3950,2025-07-04,7.4768192875,24,24
3950,2025-07-08,7.8409463375,24,24
3950,2025-07-12,7.081437683333333,24,24
3950,2025-07-16,8.385512145833333,24,24
3950,2025-07-20,5.3390151249999995,24,24
3950,2025-07-24,3.7011750833333337,24,24
3950,2025-07-28,6.877646954545455,22,22
3950,2025-08-01,4.405385458333334,24,24
3950,2025-08-05,6.1040458625000005,24,24
3950,2025-08-09,7.389644386956522,23,23
3950,2025-08-13,6.310295008333333,24,24
3950,2025-08-17,14.193171178260869,23,23
3950,2025-08-21,10.745828833333334,24,24
3950,2025-08-25,3.2370988235294114,17,17
3950,2025-08-29,7.4923316,23,23
3950,2025-09-02,9.062195520833333,24,24
3950,2025-09-06,12.08429023478261,23,23
3950,2025-09-10,9.749978,1,1
3950,2025-09-30,13.97585014,10,12
3950,2025-10-04,13.374936033333334,21,21
3950,2025-10-08,11.436053612499999,24,24
3950,2025-10-12,6.3554805000000005,2,2
3950,2025-10-16,20.833830407692307,13,13
3950,2025-10-20,20.343725973913045,23,23
3950,2025-10-24,6.1797186125,24,24
3950,2025-10-28,2.4990817499999998,24,24
3950,2025-11-01,27.831722033333335,24,24
3950,2025-11-05,29.353744250000002,24,24
3950,2025-11-09,26.091220191666665,24,24
3950,2025-11-13,12.333016160869565,23,23
3950,2025-11-17,29.501110704347827,23,23
3950,2025-11-21,9.5972351125,24,24
3950,2025-11-25,16.47081814,20,20
3950,2025-11-29,42.8024417,2,2
3950,2025-12-03,18.404062808333332,24,24
3950,2025-12-07,45.75791295833333,24,24
3950,2025-12-11,16.170846404166667,24,24
3950,2025-12-15,8.376376504166666,24,24
3950,2025-12-19,47.46183402608696,23,23
3950,2025-12-23,30.541572654166668,24,24
3950,2025-12-27,54.964785975000005,24,24
3950,2025-12-31,7.513003891666667,24,24
3025581,2025-01-01,36.678252688172044,372,372
3025581,2025-01-05,33.26106529209622,291,291
3025581,2025-01-09,39.196680672268904,238,238
3025581,2025-01-13,56.25861111111111,36,36
3025581,2025-01-17,34.066160337552745,237,237
3025581,2025-01-21,31.44011235955056,267,267
3025581,2025-01-29,27.607729083665337,251,251
3025581,2025-02-02,36.51717948717949,156,156
3025581,2025-02-06,26.87294117647059,153,153
3025581,2025-02-10,26.77085501858736,269,269
3025581,2025-02-14,21.365546218487395,357,357
3025581,2025-02-18,23.669757575757576,330,330
3025581,2025-02-22,32.0387890625,256,256
3025581,2025-02-26,19.117,190,190
3025581,2025-03-02,21.22836120401338,299,299
3025581,2025-03-06,13.497991452991453,234,234
3025581,2025-03-10,18.2114,250,250
3025581,2025-03-14,12.795894736842104,285,285
3025581,2025-03-18,13.180104895104895,286,286
3025581,2025-03-22,17.937254901960785,255,255
3025581,2025-03-26,17.485,268,268
3025581,2025-03-30,12.684882943143814,299,299
3025581,2025-04-03,20.51829268292683,205,205
3025581,2025-04-07,14.519776951672863,269,269
3025581,2025-04-11,10.581428571428571,315,315
3025581,2025-04-15,16.563076923076924,312,312
3025581,2025-04-19,13.68142857142857,231,231
3025581,2025-04-23,10.56337837837838,222,222
3025581,2025-04-27,16.101232394366196,284,284
3025581,2025-05-01,18.243653846153844,208,208
3025581,2025-05-05,12.047963800904977,221,221
3025581,2025-05-09,11.790198412698413,252,252
3025581,2025-05-13,13.72080459770115,174,174
3025581,2025-05-17,13.978818897637796,254,254
3025581,2025-05-21,9.146515151515151,66,66
3025581,2025-05-25,11.922676056338029,142,142
3025581,2025-05-29,18.69985294117647,204,204
3025581,2025-06-02,16.299603174603174,252,252
3025581,2025-06-06,14.288333333333334,174,174
3025581,2025-06-10,17.461552795031057,161,161
3025581,2025-06-14,10.709781021897811,137,137
3025581,2025-06-18,17.891884057971016,138,138
3025581,2025-06-22,15.49380228136882,263,263
3025581,2025-06-26,16.859466666666666,150,150
3025581,2025-06-30,10.703487179487178,195,195
3025581,2025-07-04,25.751653543307086,127,127
3025581,2025-07-08,14.229154929577465,71,71
3025581,2025-07-12,20.67922746781116,233,233
3025581,2025-07-16,21.810904522613065,199,199
3025581,2025-07-20,15.85367816091954,174,174
3025581,2025-07-24,18.998437499999998,192,192
3025581,2025-07-28,19.821470588235293,136,136
3025581,2025-08-01,20.779846153846155,130,130
3025581,2025-08-05,22.49811965811966,117,117
3025581,2025-08-09,25.043362068965518,116,116
3025581,2025-08-13,9.787642857142856,280,280
3025581,2025-08-17,14.408271028037383,214,214
3025581,2025-08-21,13.998333333333333,186,186
3025581,2025-08-25,18.242925170068027,147,147
3025581,2025-08-29,17.835303643724696,247,247
3025581,2025-09-02,17.196590909090908,176,176
3025581,2025-09-06,17.356025641025642,312,312
3025581,2025-09-10,24.21732142857143,56,56
3025581,2025-09-14,15.27909090909091,253,253
3025581,2025-09-18,13.295896551724137,290,290
3025581,2025-09-22,16.21014440433213,277,277
3025581,2025-09-26,11.405226337448559,243,243
3025581,2025-09-30,13.220896057347671,279,279
3025581,2025-10-04,10.598086419753088,324,324
3025581,2025-10-08,18.116173469387753,196,196
3025581,2025-10-12,13.717702127659575,235,235
3025581,2025-10-16,11.777184115523466,277,277
3025581,2025-10-20,10.492171717171717,198,198
3025581,2025-10-24,20.96611111111111,36,36
3025581,2025-10-28,12.024877192982457,285,285
3025581,2025-11-01,10.448035190615837,341,341
3025581,2025-11-05,15.826595744680851,329,329
3025581,2025-11-09,14.748222222222221,315,315
3025581,2025-11-13,12.505068493150684,73,73
3025581,2025-11-17,20.434951768488745,311,311
3025581,2025-11-21,13.932909698996655,299,299
3025581,2025-11-25,17.883285714285712,280,280
3025581,2025-11-29,17.784916387959864,299,299
3025581,2025-12-03,14.842760736196318,326,326
3025581,2025-12-07,13.021197183098591,284,284
3025581,2025-12-11,16.628297872340426,282,282
3025581,2025-12-15,17.546170212765958,188,188
3025581,2025-12-19,19.178795180722894,249,249
3025581,2025-12-23,27.92381642512077,207,207
3025581,2025-12-27,15.572012779552715,313,313
3025581,2025-12-31,31.076464968152866,314,314
4313155,2025-05-09,25.444444444444443,9,9
4313155,2025-05-13,24.11111111111111,9,9
4313155,2025-05-17,26.25,8,8
4313155,2025-05-21,34.0,1,1
4313155,2025-05-25,24.444444444444443,9,9
4313155,2025-05-29,33.0,9,9
4313155,2025-06-06,44.55555555555556,9,9
4313155,2025-06-10,29.555555555555557,9,9
4313155,2025-06-14,17.8,10,10
4313155,2025-06-18,21.6,10,10
4313155,2025-06-22,24.444444444444443,9,9
4313155,2025-06-26,13.666666666666666,9,9
4313155,2025-06-30,23.636363636363637,11,11
4313155,2025-07-04,3.0,2,2
4313155,2025-07-12,13.545454545454545,11,11
4313155,2025-07-16,13.25,12,12
4313155,2025-07-20,11.909090909090908,11,11
4313155,2025-07-24,17.5,10,10
4313155,2025-07-28,6.583333333333333,12,12
4313155,2025-08-01,27.09090909090909,11,11
4313155,2025-08-05,9.444444444444445,9,9
4313155,2025-08-09,19.083333333333332,12,12
4313155,2025-08-13,30.1,10,10
4313155,2025-08-17,7.7272727272727275,11,11
4313155,2025-08-21,7.625,8,8
4313155,2025-08-25,12.8,10,10
4313155,2025-08-29,10.6,10,10
4313155,2025-09-02,7.5,2,2
4313155,2025-09-06,20.6,10,10
4313155,2025-09-10,7.4,10,10
4313155,2025-09-14,12.0,10,10
4313155,2025-09-18,8.090909090909092,11,11
4313155,2025-09-22,14.0,9,9
4313155,2025-09-26,12.9,10,10
4313155,2025-09-30,19.0,10,10
4313155,2025-10-04,13.727272727272727,11,11
4313155,2025-10-08,23.5,2,2
4313155,2025-10-12,9.090909090909092,11,11
4313155,2025-10-16,21.2,10,10
4313155,2025-10-20,18.363636363636363,11,11
4313155,2025-10-24,24.5,10,10
4313155,2025-10-28,25.625,8,8
4313155,2025-11-01,24.0,9,9
4313155,2025-11-05,20.25,8,8
4313155,2025-11-09,16.625,8,8
4313155,2025-11-13,26.875,8,8
4313155,2025-11-17,25.333333333333332,6,6
4313155,2025-11-21,17.6,5,5
4313155,2025-11-25,59.4,5,5
4313155,2025-11-29,28.714285714285715,7,7
4313155,2025-12-03,43.2,5,5
4313155,2025-12-07,31.25,4,4
4313155,2025-12-11,19.0,3,3
4313155,2025-12-15,18.0,6,6
4313155,2025-12-19,71.0,5,5
2656044,2025-01-01,176.325,4,4
2656044,2025-01-05,115.66666666666667,3,3
2656044,2025-01-13,9.25,2,2
2656044,2025-01-17,60.34117647058823,17,17
2656044,2025-01-21,113.94166666666666,24,24
2656044,2025-01-25,45.145833333333336,24,24
2656044,2025-01-29,30.06086956521739,23,23
2656044,2025-02-06,61.905882352941184,17,17
2656044,2025-02-10,81.94545454545454,22,22
2656044,2025-02-14,38.00869565217391,23,23
2656044,2025-02-18,42.02222222222222,9,9
2656044,2025-02-22,76.2,23,23
2656044,2025-02-26,43.9,5,5
2656044,2025-03-06,26.817391304347826,23,23
2656044,2025-03-10,34.9,23,23
2656044,2025-03-14,12.542857142857144,21,21
2656044,2025-03-22,27.945833333333336,24,24
2656044,2025-03-26,28.866666666666667,15,15
2656044,2025-03-30,22.547826086956523,23,23
2656044,2025-04-03,27.45909090909091,22,22
2656044,2025-04-07,8.022222222222222,18,18
2656044,2025-04-11,11.904347826086957,23,23
2656044,2025-04-15,9.636363636363637,22,22
2656044,2025-04-19,6.304347826086956,23,23
2656044,2025-04-23,15.5,8,8
2656044,2025-05-01,10.223076923076924,13,13
2656044,2025-05-05,11.493333333333334,15,15
2656044,2025-05-09,10.795454545454545,22,22
2656044,2025-05-13,10.321739130434782,23,23
2656044,2025-05-17,9.072727272727272,11,11
2656044,2025-05-21,10.304545454545455,22,22
2656044,2025-05-25,8.747619047619047,21,21
2656044,2025-05-29,8.460869565217392,23,23
2656044,2025-06-02,10.018181818181818,22,22
2656044,2025-06-06,10.731818181818182,22,22
2656044,2025-06-10,12.836363636363636,22,22
2656044,2025-06-14,10.30952380952381,21,21
2656044,2025-06-18,23.342105263157894,19,19
2656044,2025-06-22,7.839130434782609,23,23
2656044,2025-06-26,26.00909090909091,22,22
2656044,2025-06-30,7.818181818181818,22,22
2656044,2025-07-04,14.159090909090908,22,22
2656044,2025-07-08,7.972727272727273,22,22
2656044,2025-07-12,7.791304347826086,23,23
2656044,2025-07-16,7.609999999999999,20,20
2656044,2025-07-20,9.747826086956522,23,23
2656044,2025-07-24,9.845454545454546,22,22
2656044,2025-07-28,6.852631578947368,19,19
2656044,2025-08-01,6.456521739130435,23,23
2656044,2025-08-05,5.642857142857143,21,21
2656044,2025-08-09,13.822727272727274,22,22
2656044,2025-08-13,13.709999999999999,20,20
2656044,2025-08-17,13.440000000000001,5,5
2656044,2025-08-21,13.35217391304348,23,23
2656044,2025-08-25,6.3133333333333335,15,15
2656044,2025-10-16,25.5,12,12
2656044,2025-10-20,31.864285714285717,14,14
2656044,2025-10-24,5.372727272727273,22,22
2656044,2025-11-05,39.85909090909091,22,22
2656044,2025-11-09,64.59166666666667,24,24
2656044,2025-11-13,41.800000000000004,22,22
2656044,2025-11-17,22.808695652173913,23,23
2656044,2025-11-21,21.483333333333334,12,12
2656044,2025-11-25,16.836842105263155,19,19
2656044,2025-11-29,38.05,2,2
2656044,2025-12-03,98.71739130434783,23,23
2656044,2025-12-07,40.20869565217391,23,23
2656044,2025-12-11,106.70526315789475,19,19
2656044,2025-12-15,57.10454545454545,22,22
2656044,2025-12-19,67.30454545454546,22,22
2656044,2025-12-23,42.81739130434783,23,23
2656044,2025-12-27,37.84347826086957,23,23
2656044,2025-12-31,47.75,16,16
2163381,2025-01-01,15.052416666666666,24,24
2163381,2025-01-05,20.664554166666665,24,24
2163381,2025-01-09,11.608054166666667,24,24
2163381,2025-01-13,2.71555,14,14
2163381,2025-01-17,44.28905555555556,18,18
2163381,2025-01-21,25.076833333333337,24,24
2163381,2025-01-25,22.216541666666668,24,24
2163381,2025-01-29,9.564961904761905,21,21
2163381,2025-02-02,21.856583333333333,24,24
2163381,2025-02-06,32.951875,24,24
2163381,2025-02-10,29.222571428571428,21,21
2163381,2025-02-14,33.480149999999995,20,20
2163381,2025-02-18,20.921,14,14
2163381,2025-02-22,38.46,18,18
2163381,2025-02-26,53.6345,2,2
2163381,2025-03-02,8.786966666666666,3,3
2163381,2025-03-06,39.14068181818182,22,22
2163381,2025-03-10,48.313434782608695,23,23
2163381,2025-03-14,7.493678260869565,23,23
2163381,2025-03-18,7.317934782608695,23,23
2163381,2025-03-22,20.783166666666666,24,24
2163381,2025-03-26,15.116125,16,16
2163381,2025-03-30,17.957217391304347,23,23
2163381,2025-04-03,10.200266666666666,24,24
2163381,2025-04-07,8.570170588235294,17,17
2163381,2025-04-11,9.870658333333333,24,24
2163381,2025-04-15,13.6068,15,15
2163381,2025-04-19,6.790724999999999,24,24
2163381,2025-04-23,12.892366666666668,9,9
2163381,2025-04-27,5.574816666666667,24,24
2163381,2025-05-01,10.9452,20,20
2163381,2025-05-05,5.8735800000000005,15,15
2163381,2025-05-09,6.282766666666666,24,24
2163381,2025-05-13,6.798704347826088,23,23
2163381,2025-05-17,5.052294117647058,17,17
2163381,2025-05-21,9.3042625,24,24
2163381,2025-05-25,6.791133333333334,24,24
2163381,2025-05-29,4.889495833333333,24,24
2163381,2025-06-02,12.630265217391305,23,23
2163381,2025-06-06,15.163417391304348,23,23
2163381,2025-06-10,6.7168,24,24
2163381,2025-06-14,9.7842125,24,24
2163381,2025-06-18,15.451531578947368,19,19
2163381,2025-06-22,9.023541666666667,24,24
2163381,2025-06-26,11.4776875,24,24
2163381,2025-06-30,7.598320833333333,24,24
2163381,2025-07-04,9.9331875,24,24
2163381,2025-07-08,8.371429166666667,24,24
2163381,2025-07-12,5.370237499999999,24,24
2163381,2025-07-16,8.641736363636364,22,22
2163381,2025-07-20,10.533604166666667,24,24
2163381,2025-07-24,14.50990476190476,21,21
2163381,2025-07-28,7.916268181818182,22,22
2163381,2025-08-01,6.5005,24,24
2163381,2025-08-05,9.426320833333333,24,24
2163381,2025-08-09,13.551699999999999,24,24
2163381,2025-08-13,12.852939130434782,23,23
2163381,2025-08-17,13.096254545454544,22,22
2163381,2025-08-21,11.9691,24,24
2163381,2025-08-25,3.1944541666666666,24,24
2163381,2025-08-29,11.718891666666666,24,24
2163381,2025-09-02,16.165416666666665,24,24
2163381,2025-09-06,11.721086956521738,23,23
2163381,2025-09-10,8.786454166666667,24,24
2163381,2025-09-14,5.130533333333333,24,24
2163381,2025-09-18,3.766208695652174,23,23
2163381,2025-09-22,9.275066666666666,24,24
2163381,2025-09-26,3.6232249999999997,24,24
2163381,2025-09-30,4.091070833333333,24,24
2163381,2025-10-04,7.873847826086957,23,23
2163381,2025-10-08,7.0779125,24,24
2163381,2025-10-12,3.1861349999999997,20,20
2163381,2025-10-16,11.629163636363636,11,11
2163381,2025-10-20,9.339663157894737,19,19
2163381,2025-10-24,11.812061904761904,21,21
2163381,2025-10-28,4.875827272727272,22,22
2163381,2025-11-01,17.823191666666666,24,24
2163381,2025-11-05,14.381222727272727,22,22
2163381,2025-11-09,14.8335,24,24
2163381,2025-11-13,14.398852173913044,23,23
2163381,2025-11-17,19.41474347826087,23,23
2163381,2025-11-21,9.382875,24,24
2163381,2025-11-25,8.900279999999999,5,5
2163381,2025-11-29,13.061499999999999,2,2
2163381,2025-12-03,18.148,24,24
2163381,2025-12-07,42.559625000000004,24,24
2163381,2025-12-11,21.79452380952381,21,21
2163381,2025-12-15,5.039560869565217,23,23
2163381,2025-12-19,48.142043478260874,23,23
2163381,2025-12-27,8.922183333333333,24,24
2163381,2025-12-31,7.248545833333334,24,24
2162025,2025-01-01,18.490909090909092,11,11
2162025,2025-01-05,2.9899999999999998,20,20
2162025,2025-01-09,7.818181818181818,11,11
2162025,2025-01-13,1.9,2,2
2162025,2025-01-17,10.290909090909091,11,11
2162025,2025-01-21,12.85,4,4
2162025,2025-01-25,17.4,10,10
2162025,2025-01-29,7.514285714285714,14,14
2162025,2025-02-02,6.053846153846154,13,13
2162025,2025-02-06,5.85,10,10
2162025,2025-02-10,17.692857142857143,14,14
2162025,2025-02-14,7.45,16,16
2162025,2025-02-18,12.253846153846155,13,13
2162025,2025-02-22,13.357142857142858,14,14
2162025,2025-02-26,8.2,2,2
2162025,2025-03-02,5.8,1,1
2162025,2025-03-06,15.927272727272726,11,11
2162025,2025-03-10,16.946153846153848,13,13
2162025,2025-03-18,4.25,2,2
2162025,2025-03-22,8.9,3,3
2162025,2025-03-26,12.833333333333334,3,3
2162025,2025-03-30,6.028571428571428,7,7
2162025,2025-04-03,7.6,5,5
2162025,2025-04-07,4.2,1,1
2162025,2025-04-19,3.5,1,1
2162025,2025-04-27,7.9,1,1
2162025,2025-05-05,10.22,5,5
2162025,2025-05-09,2.38,5,5
2162025,2025-05-13,11.9,5,5
2162025,2025-05-17,3.0500000000000003,6,6
2162025,2025-05-21,9.649999999999999,2,2
2162025,2025-05-25,2.95,2,2
2162025,2025-05-29,1.5333333333333332,3,3
2162025,2025-06-02,7.2,2,2
2162025,2025-06-06,9.5,1,1
2162025,2025-06-10,18.733333333333334,3,3
2162025,2025-06-14,10.05,2,2
2162025,2025-06-18,14.5,1,1
2162025,2025-06-22,7.550000000000001,2,2
2162025,2025-06-30,8.285714285714286,7,7
2162025,2025-07-04,15.540000000000001,5,5
2162025,2025-07-08,10.116666666666667,6,6
2162025,2025-07-12,9.616666666666667,6,6
2162025,2025-07-20,6.8,1,1
2162025,2025-07-24,8.057142857142857,7,7
2162025,2025-07-28,4.933333333333334,3,3
2162025,2025-08-01,11.214285714285714,7,7
2162025,2025-08-05,5.6625,8,8
2162025,2025-08-09,16.95,6,6
2162025,2025-08-13,17.75,6,6
2162025,2025-08-17,9.516666666666667,6,6
2162025,2025-08-21,18.842857142857145,7,7
2162025,2025-08-25,7.457142857142857,7,7
2162025,2025-08-29,13.3,5,5
2162025,2025-09-06,8.6,1,1
2162025,2025-09-10,7.9,1,1
2162025,2025-09-14,3.9,1,1
2162025,2025-09-18,2.55,2,2
2162025,2025-09-30,3.9,2,2
2162025,2025-10-04,6.666666666666667,3,3
2162025,2025-10-12,4.8,1,1
2162025,2025-10-16,7.5,1,1
2162025,2025-10-20,12.8,4,4
2162025,2025-10-24,7.7,8,8
2162025,2025-11-01,6.840000000000001,5,5
2162025,2025-11-05,5.15,2,2
2162025,2025-11-09,5.58,5,5
2162025,2025-11-13,11.25,2,2
2162025,2025-11-17,13.2375,8,8
2162025,2025-11-21,3.325,4,4
2162025,2025-11-25,5.925,4,4
2162025,2025-11-29,3.8,1,1
2162025,2025-12-03,9.799999999999999,4,4
2162025,2025-12-07,8.9,2,2
2162025,2025-12-11,13.9,6,6
2162025,2025-12-15,11.2,1,1
2162025,2025-12-23,9.2,2,2
2162025,2025-12-27,5.6,1,1
10675,2025-01-01,38.07821739130435,23,24
10675,2025-01-05,2.454673684210526,19,24
10675,2025-01-09,2.9017866666666667,15,24
10675,2025-01-13,4.508396666666666,18,24
10675,2025-01-17,2.4311470833333333,24,24
10675,2025-01-21,5.093157916666667,24,24
10675,2025-01-25,3.1375541666666664,24,24
10675,2025-01-29,2.5769958333333336,24,24
10675,2025-02-02,3.0333904166666668,24,24
10675,2025-02-06,9.558838333333332,24,24
10675,2025-02-10,4.731398749999999,24,24
10675,2025-02-14,1.9910352173913044,23,24
10675,2025-02-18,3.4638337499999996,24,24
10675,2025-02-22,2.65093625,24,24
10675,2025-02-26,3.093785,10,14
10675,2025-03-02,7.552666666666667,24,24
10675,2025-03-06,4.090818333333334,24,24
10675,2025-03-10,3.9171316666666667,24,24
10675,2025-03-14,4.428881666666666,24,24
10675,2025-03-18,4.716301666666666,24,24
10675,2025-03-22,2.737317,10,24
10675,2025-03-26,3.7594708333333333,24,24
10675,2025-03-30,4.233358333333333,24,24
10675,2025-04-03,4.011091666666666,24,24
10675,2025-04-07,6.363225,24,24
10675,2025-04-11,3.0098333333333334,24,24
10675,2025-04-15,3.1808041666666664,24,24
10675,2025-04-19,4.4182625,24,24
10675,2025-04-23,9.12804090909091,22,24
10675,2025-04-27,2.7740833333333335,24,24
10675,2025-05-01,4.043215,20,24
10675,2025-05-05,3.117404347826087,23,24
10675,2025-05-09,3.0796208333333333,24,24
10675,2025-05-13,5.5513200000000005,15,24
10675,2025-05-17,5.447469565217391,23,24
10675,2025-05-21,7.347118181818181,22,24
10675,2025-05-29,2.9537714285714287,21,24
10675,2025-06-02,2.810726315789474,19,24
10675,2025-06-06,2.7135916666666664,24,24
10675,2025-06-10,5.024204166666666,24,24
10675,2025-06-14,6.8633999999999995,24,24
10675,2025-06-18,3.129966666666667,24,24
10675,2025-06-22,4.215333333333334,24,24
10675,2025-06-26,3.058316666666667,24,24
10675,2025-06-30,2.6123083333333335,24,24
10675,2025-07-04,2.7628583333333334,24,24
10675,2025-07-08,2.832433333333333,24,24
10675,2025-07-12,3.6222083333333335,24,24
10675,2025-07-16,4.538725,24,24
10675,2025-07-20,52.85933333333333,24,24
10675,2025-07-24,6.468666666666667,24,24
10675,2025-07-28,2.906791666666667,24,24
10675,2025-08-01,35.9256,15,24
10675,2025-08-05,5.020583333333334,24,24
10675,2025-08-09,3.0861916666666667,24,24
10675,2025-08-13,3.2640521739130435,23,24
10675,2025-08-17,4.491025,24,24
10675,2025-08-21,3.342916666666667,24,24
10675,2025-08-25,2.766383333333333,24,24
10675,2025-08-29,4.484533333333333,24,24
10675,2025-09-02,2.9183083333333335,24,24
10675,2025-09-06,2.9990666666666663,24,24
10675,2025-09-10,2.9524416666666666,24,24
10675,2025-09-14,3.1964083333333337,24,24
10675,2025-09-18,2.8066750000000003,24,24
10675,2025-09-22,5.616725,24,24
10675,2025-09-26,4.1490583333333335,24,24
10675,2025-09-30,3.62895652173913,23,24
10675,2025-10-04,3.2063875,24,24
10675,2025-10-08,7.079265217391304,23,24
10675,2025-10-12,3.46384347826087,23,24
10675,2025-10-16,4.27935,24,24
10675,2025-10-20,2.910952173913043,23,24
10675,2025-10-24,2.5086470833333334,24,24
2812651,2025-01-01,68.7165,80,80
2812651,2025-01-05,29.326451612903227,62,62
2812651,2025-01-09,48.943333333333335,57,57
2812651,2025-01-13,157.2409090909091,11,11
2812651,2025-01-17,128.704375,48,48
2812651,2025-01-21,127.58833333333334,54,54
2812651,2025-01-25,63.56041666666667,48,48
2812651,2025-01-29,45.01673469387755,49,49
2812651,2025-02-02,56.79463414634146,41,41
2812651,2025-02-06,99.6317142857143,35,35
2812651,2025-02-10,40.52049180327869,61,61
2812651,2025-02-14,65.56481012658227,79,79
2812651,2025-02-18,87.2282857142857,70,70
2812651,2025-02-22,138.19877192982457,57,57
2812651,2025-02-26,27.76875,48,48
2812651,2025-03-02,80.47149253731344,67,67
2812651,2025-03-06,52.02981132075472,53,53
2812651,2025-03-10,63.40152173913044,46,46
2812651,2025-03-14,52.538225806451614,62,62
2812651,2025-03-18,49.32122807017544,57,57
2812651,2025-03-22,65.343125,64,64
2812651,2025-03-26,17.38037037037037,54,54
2812651,2025-03-30,73.94016949152542,59,59
2812651,2025-04-03,50.700199999999995,50,50
2812651,2025-04-07,17.276379310344826,58,58
2812651,2025-04-11,24.476176470588236,68,68
2812651,2025-04-15,14.963846153846154,65,65
2812651,2025-04-19,12.344285714285714,49,49
2812651,2025-04-23,19.245,44,44
2812651,2025-04-27,45.47723076923077,65,65
2812651,2025-05-01,13.484871794871793,39,39
2812651,2025-05-05,12.167254901960783,51,51
2812651,2025-05-09,12.076470588235294,51,51
2812651,2025-05-13,19.09725,40,40
2812651,2025-05-17,20.040384615384614,52,52
2812651,2025-05-21,13.884666666666668,15,15
2812651,2025-05-25,24.272894736842105,38,38
2812651,2025-05-29,13.675681818181818,44,44
2812651,2025-06-02,21.598333333333333,54,54
2812651,2025-06-06,22.52029411764706,34,34
2812651,2025-06-10,12.756428571428572,42,42
2812651,2025-06-14,29.409729729729733,37,37
2812651,2025-06-18,19.012,30,30
2812651,2025-06-22,17.77986842105263,76,76
2812651,2025-06-26,16.53609756097561,41,41
2812651,2025-06-30,18.427,30,30
2812651,2025-07-04,18.976458333333333,48,48
2812651,2025-07-08,13.124411764705883,34,34
2812651,2025-07-12,20.018732394366197,71,71
2812651,2025-07-16,20.909538461538464,65,65
2812651,2025-07-20,18.29327868852459,61,61
2812651,2025-07-24,20.360142857142858,70,70
2812651,2025-07-28,16.311587301587302,63,63
2812651,2025-08-01,11.673375,80,80
2812651,2025-08-05,11.620857142857144,70,70
2812651,2025-08-09,23.993835616438357,73,73
2812651,2025-08-13,13.639375000000001,80,80
2812651,2025-08-17,17.561,70,70
2812651,2025-08-21,17.877428571428574,70,70
2812651,2025-08-25,17.9048,50,50
2812651,2025-08-29,19.908360655737706,61,61
2812651,2025-09-02,14.01985294117647,68,68
2812651,2025-09-06,34.252686567164176,67,67
2812651,2025-09-10,18.23857142857143,7,7
2812651,2025-09-14,16.739538461538462,65,65
2812651,2025-09-18,9.35051282051282,39,39
2812651,2025-09-22,30.544807692307693,52,52
2812651,2025-09-26,24.19621212121212,66,66
2812651,2025-09-30,11.841551724137931,58,58
2812651,2025-10-04,45.33769230769231,52,52
2812651,2025-10-08,21.0328125,32,32
2812651,2025-10-12,27.56372093023256,43,43
2812651,2025-10-16,18.309393939393942,33,33
2656019,2025-01-01,58.68625,24,24
2656019,2025-01-05,22.185000000000002,24,24
2656019,2025-01-09,3.5620833333333333,24,24
2656019,2025-01-13,7.859333333333334,15,15
2656019,2025-01-17,25.616315789473685,19,19
2656019,2025-01-21,55.3125,24,24
2656019,2025-01-25,15.689583333333333,24,24
2656019,2025-01-29,8.755416666666667,24,24
2656019,2025-02-02,18.620416666666667,24,24
2656019,2025-02-06,15.992916666666666,24,24
2656019,2025-02-10,47.333333333333336,24,24
2656019,2025-02-14,17.991363636363637,22,23
2656019,2025-02-18,29.204583333333332,24,24
2656019,2025-02-22,56.487500000000004,24,24
2656019,2025-02-26,23.624000000000002,5,5
2656019,2025-03-02,14.22,1,1
2656019,2025-03-14,5.88625,24,24
2656019,2025-03-18,6.826250000000001,24,24
2656019,2025-03-22,13.743333333333334,24,24
2656019,2025-03-26,9.17125,16,16
2656019,2025-03-30,4.936521739130435,23,23
2656019,2025-04-03,11.361666666666666,24,24
2656019,2025-04-07,7.356086956521739,23,23
2656019,2025-04-11,10.104583333333332,24,24
2656019,2025-04-15,9.47391304347826,23,23
2656019,2025-04-19,5.129166666666666,24,24
2656019,2025-04-23,8.695555555555556,9,9
2656019,2025-04-27,6.694166666666667,24,24
2656019,2025-05-01,10.311499999999999,20,20
2656019,2025-05-05,4.409375,16,16
2656019,2025-05-09,8.944166666666666,24,24
2656019,2025-05-13,9.595416666666667,24,24
2656019,2025-05-17,4.7823529411764705,17,17
2656019,2025-05-21,8.03,24,24
2656019,2025-05-25,4.819166666666667,24,24
2656019,2025-05-29,3.00125,24,24
2656019,2025-06-02,7.9675,24,24
2656019,2025-06-06,10.351666666666667,24,24
2656019,2025-06-10,15.844166666666666,24,24
2656019,2025-06-14,8.615652173913043,23,23
2656019,2025-06-18,10.687000000000001,20,20
2656019,2025-06-22,8.938333333333334,24,24
2656019,2025-06-26,19.252916666666668,24,24
2656019,2025-06-30,9.343333333333334,24,24
2656019,2025-07-04,9.444583333333332,24,24
2656019,2025-07-08,2.19875,24,24
2656019,2025-07-12,4.810833333333333,24,24
2656019,2025-07-16,8.258750000000001,24,24
2656019,2025-07-20,8.824583333333333,24,24
2656019,2025-07-24,7.5625,24,24
2656019,2025-07-28,6.588636363636363,22,22
2656019,2025-08-01,5.329166666666667,24,24
2656019,2025-08-05,5.47625,24,24
2656019,2025-08-09,9.376923076923077,13,14
2656019,2025-08-13,13.761666666666665,12,13
2656019,2025-08-17,10.582608695652175,23,23
2656019,2025-08-21,10.336666666666666,24,24
2656019,2025-08-25,4.216666666666667,24,24
2656019,2025-08-29,11.108333333333334,24,24
2656019,2025-09-02,5.5025,24,24
2656019,2025-09-06,2.527083333333333,24,24
2656019,2025-09-10,7.827916666666667,24,24
2656019,2025-09-14,7.754166666666666,24,24
2656019,2025-09-18,6.0008333333333335,24,24
2656019,2025-09-22,4.874583333333334,24,24
2656019,2025-09-26,7.94875,24,24
2656019,2025-09-30,6.743333333333333,24,24
2656019,2025-10-04,7.5230434782608695,23,23
2656019,2025-10-08,6.358333333333333,24,24
2656019,2025-10-12,9.987916666666667,24,24
2656019,2025-10-16,10.131818181818183,11,11
2656019,2025-10-20,12.1625,20,20
2656019,2025-10-24,2.924782608695652,23,23
2656019,2025-10-28,5.566666666666666,24,24
2656019,2025-11-01,7.401666666666666,24,24
2656019,2025-11-05,9.635333333333334,15,16
2656019,2025-11-09,11.107916666666666,24,24
2656019,2025-11-13,16.630434782608695,23,23
2656019,2025-11-17,6.423043478260869,23,23
2656019,2025-11-21,6.6816666666666675,24,24
2656019,2025-11-25,9.188500000000001,20,20
2656019,2025-11-29,13.195,2,2
2656019,2025-12-03,19.30391304347826,23,23
2656019,2025-12-07,8.06875,24,24
2656019,2025-12-11,6.151818181818182,22,22
2656019,2025-12-15,17.24083333333333,24,24
2656019,2025-12-19,8.696111111111112,18,19
2656019,2025-12-23,11.836666666666666,24,24
2656019,2025-12-27,9.280833333333334,24,24
2656019,2025-12-31,16.146666666666665,24,24
2820274,2025-01-01,16.270156983333333,24,24
2820274,2025-01-05,11.39340985,24,24
2820274,2025-01-09,16.590609295833335,24,24
2820274,2025-01-13,11.078048893750001,16,16
2820274,2025-01-17,13.8439765625,16,16
2820274,2025-01-21,29.228772037499997,24,24
2820274,2025-01-25,19.005721716666667,24,24
2820274,2025-01-29,5.390800879166666,24,24
2820274,2025-02-02,6.905373125000001,24,24
2820274,2025-02-06,3.8261774583333334,24,24
2820274,2025-02-10,11.676145266666666,24,24
2820274,2025-02-14,12.541494016666666,24,24
2820274,2025-02-18,9.389364929166666,24,24
2820274,2025-02-22,8.707712416666666,24,24
2820274,2025-02-26,14.421130400000001,6,6
2820274,2025-03-02,2.702567,3,3
2820274,2025-03-06,7.66083985909091,22,24
2820274,2025-03-10,19.36140935,24,24
2820274,2025-03-14,5.221089041666667,24,24
2820274,2025-03-18,5.862039654166666,24,24
2820274,2025-03-22,13.013428295652174,23,23
2820274,2025-03-26,14.570665195833334,24,24
2820274,2025-03-30,15.659114339130435,23,23
2820274,2025-04-03,10.021561504166668,24,24
2820274,2025-04-07,10.56263385,24,24
2820274,2025-04-11,3.422775916666667,6,7
2820274,2025-04-19,14.209733066666667,24,24
2820274,2025-04-23,8.850305375,8,8
2820274,2025-04-27,5.001415833333334,24,24
2820274,2025-05-01,8.80057316,20,20
2820274,2025-05-05,8.9565713,16,16
2820274,2025-05-09,6.1562245,24,24
2820274,2025-05-13,8.40576745,24,24
2820274,2025-05-17,11.4915612,17,17
2820274,2025-05-21,7.079252883333333,24,24
2820274,2025-05-25,3.412353375,24,24
2820274,2025-05-29,7.9372626749999995,24,24
2820274,2025-06-02,8.240541675000001,24,24
2820274,2025-06-06,10.674145691666666,24,24
2820274,2025-06-10,7.670089533333333,24,24
2820274,2025-06-14,8.367269083333333,24,24
2820274,2025-06-18,9.365429485714285,21,21
2820274,2025-06-22,6.88444025,24,24
2820274,2025-06-26,6.328905111111111,18,19
2820274,2025-06-30,6.983337047619048,21,24
2820274,2025-07-04,9.534061127272727,22,22
2820274,2025-07-08,12.397977246153847,13,18
2820274,2025-07-12,7.797426991666666,24,24
2820274,2025-07-16,12.125090745833333,24,24
2820274,2025-07-20,8.636301086956522,23,23
2820274,2025-07-24,9.770213017391303,23,23
2820274,2025-07-28,12.033435822727274,22,22
2820274,2025-08-01,9.01163402173913,23,23
2820274,2025-08-05,14.922994126086957,23,23
2820274,2025-08-09,9.744225891666668,24,24
2820274,2025-08-13,8.946015960869566,23,23
2820274,2025-08-17,9.521408304545455,22,22
2820274,2025-08-21,9.465903247826088,23,23
2820274,2025-08-25,2.828317652173913,23,23
2820274,2025-08-29,6.761586,23,23
2820274,2025-09-02,19.5304751,24,24
2820274,2025-09-06,9.271527082608696,23,23
2820274,2025-09-10,10.704330317391305,23,23
2820274,2025-09-14,5.5034850833333335,24,24
2820274,2025-09-18,4.2811782916666665,24,24
2820274,2025-09-22,4.287689916666666,24,24
2820274,2025-09-26,5.432371217391305,23,23
2820274,2025-09-30,11.097782113043477,23,23
2820274,2025-10-04,18.708672582608695,23,23
2820274,2025-10-08,10.169830075,24,24
2820274,2025-10-12,7.983468129166667,24,24
2820274,2025-10-16,16.734510366666665,3,3
2820274,2025-10-20,9.607867214285713,21,21
2820274,2025-10-24,17.928543287500002,24,24
2820274,2025-10-28,6.614756195652173,23,23
2820274,2025-11-01,17.267184224999998,24,24
2820274,2025-11-05,9.906566054166666,24,24
2820274,2025-11-09,12.408762166666667,24,24
2820274,2025-11-13,12.229659882608695,23,23
2820274,2025-11-17,19.3514875,4,4
2820274,2025-11-21,12.402741875,16,16
2820274,2025-11-25,9.9041005,20,21
2820274,2025-11-29,7.1159,1,1
2820274,2025-12-03,14.115748333333334,24,24
2820274,2025-12-07,11.41132625,24,24
2820274,2025-12-11,30.291563749999998,24,24
2820274,2025-12-15,16.335761666666667,24,24
2820274,2025-12-19,38.18954681818182,22,22
2820274,2025-12-23,13.194854583333333,24,24
2820274,2025-12-27,14.548892083333334,24,24
2820274,2025-12-31,7.836881666666667,24,24
3025591,2025-01-01,38.432405063291135,79,79
3025591,2025-01-05,38.282419354838716,62,62
3025591,2025-01-09,43.50877551020408,49,49
3025591,2025-01-13,46.10625,8,8
3025591,2025-01-17,25.92156862745098,51,51
3025591,2025-01-21,28.488214285714285,56,56
3025591,2025-01-25,13.96813953488372,43,43
3025591,2025-01-29,10.937735849056605,53,53
3025591,2025-02-02,4.474705882352941,34,34
3025591,2025-02-06,5.208484848484848,33,33
3025591,2025-02-10,5.834655172413793,58,58
3025591,2025-02-14,4.048157894736843,76,76
3025591,2025-02-18,5.515428571428571,70,70
3025591,2025-02-22,4.883888888888889,54,54
3025591,2025-02-26,6.402926829268292,41,41
3025591,2025-03-02,6.115625,64,64
3025591,2025-03-06,6.472799999999999,50,50
3025591,2025-03-10,6.556666666666667,15,15
3025591,2025-03-14,5.53764705882353,17,17
3025591,2025-03-18,5.0249999999999995,4,4
3025591,2025-03-22,6.444,5,5
3025591,2025-06-26,20.36951219512195,41,41
3025591,2025-06-30,16.023333333333333,48,48
3025591,2025-07-04,27.14568181818182,44,44
3025591,2025-07-08,26.20684210526316,38,38
3025591,2025-07-12,24.076883116883117,77,77
3025591,2025-07-16,27.68059701492537,67,67
3025591,2025-07-20,22.032258064516128,62,62
3025591,2025-07-24,24.606621621621624,74,74
3025591,2025-07-28,27.048548387096773,62,62
3025591,2025-08-01,23.72440476190476,84,84
3025591,2025-08-05,30.243676470588237,68,68
3025591,2025-08-09,28.8474025974026,77,77
3025591,2025-08-13,14.812631578947368,76,76
3025591,2025-08-17,21.422948717948717,78,78
3025591,2025-08-21,17.160555555555554,72,72
3025591,2025-08-25,23.6584,50,50
3025591,2025-08-29,20.20015625,64,64
3025591,2025-09-02,21.2321875,64,64
3025591,2025-09-06,23.751739130434782,69,69
3025591,2025-09-10,24.49235294117647,17,17
3025591,2025-09-14,21.1388,75,75
3025591,2025-09-18,18.4265625,64,64
3025591,2025-09-22,18.4965,60,60
3025591,2025-09-26,16.051607142857144,56,56
3025591,2025-09-30,20.086833333333335,60,60
3025591,2025-10-04,15.668999999999999,70,70
3025591,2025-10-08,19.13953488372093,43,43
3025591,2025-10-12,21.20403846153846,52,52
3025591,2025-10-16,16.308709677419355,62,62
3025591,2025-10-20,16.303953488372095,43,43
3025591,2025-10-24,35.15,8,8
3025591,2025-10-28,16.668360655737704,61,61
3025591,2025-11-01,16.49093333333333,75,75
3025591,2025-11-05,21.430869565217392,69,69
3025591,2025-11-09,18.40897058823529,68,68
3025591,2025-11-13,18.098823529411764,17,17
3025591,2025-11-17,24.43176470588235,68,68
3025591,2025-11-21,21.478461538461538,65,65
3025591,2025-11-25,22.891290322580645,62,62
3025591,2025-11-29,22.2825,64,64
3025591,2025-12-03,23.49797101449275,69,69
3025591,2025-12-07,20.93606557377049,61,61
3025591,2025-12-11,21.971612903225807,62,62
3025591,2025-12-15,25.651904761904763,42,42
3025591,2025-12-19,22.95685185185185,54,54
3025591,2025-12-23,27.64377777777778,45,45
3025591,2025-12-27,23.965072463768117,69,69
3025591,2025-12-31,27.64373134328358,67,67
8551,2025-01-01,44.0,1,1
8551,2025-01-09,6.0,1,1
8551,2025-01-13,4.0,1,1
8551,2025-01-17,7.0,1,1
8551,2025-01-21,19.0,1,1
8551,2025-01-25,21.0,1,1
8551,2025-01-29,9.0,1,1
8551,2025-02-02,17.0,1,1
8551,2025-02-06,25.0,1,1
8551,2025-02-10,16.0,1,1
8551,2025-02-14,6.0,1,1
8551,2025-02-18,15.0,1,1
8551,2025-02-22,20.0,1,1
8551,2025-02-26,8.0,1,1
8551,2025-03-02,5.0,1,1
8551,2025-03-06,22.0,1,1
8551,2025-03-10,7.0,1,1
8551,2025-03-14,9.0,1,1
8551,2025-03-18,8.0,1,1
8551,2025-03-22,15.0,1,1
8551,2025-03-26,8.0,1,1
8551,2025-03-30,5.0,1,1
8551,2025-04-03,12.0,1,1
8551,2025-04-07,6.0,1,1
8551,2025-04-11,11.0,1,1
8551,2025-04-15,8.0,1,1
8551,2025-04-19,6.0,1,1
8551,2025-04-23,6.0,1,1
8551,2025-04-27,6.0,1,1
8551,2025-05-01,12.0,1,1
8551,2025-05-05,7.0,1,1
8551,2025-05-09,7.0,1,1
8551,2025-05-13,8.0,1,1
8551,2025-05-17,6.0,1,1
8551,2025-05-21,7.0,1,1
8551,2025-05-25,6.0,1,1
8551,2025-05-29,8.0,1,1
8551,2025-06-02,7.0,1,1
8551,2025-06-06,11.0,1,1
8551,2025-06-14,22.0,1,1
8551,2025-06-18,9.0,1,1
8551,2025-06-22,12.0,1,1
8551,2025-06-26,9.0,1,1
8551,2025-06-30,19.0,1,1
8551,2025-07-04,14.0,1,1
8551,2025-07-08,9.0,1,1
8551,2025-07-12,9.0,1,1
8551,2025-07-16,14.0,1,1
8551,2025-07-20,14.0,1,1
8551,2025-07-24,9.0,1,1
8551,2025-07-28,7.0,1,1
8551,2025-08-01,8.0,1,1
8551,2025-08-05,4.0,1,1
8551,2025-08-09,12.0,1,1
8551,2025-08-13,16.0,1,1
8551,2025-08-17,15.0,1,1
8551,2025-08-21,10.0,1,1
8551,2025-08-25,10.0,1,1
8551,2025-08-29,16.0,1,1
8551,2025-09-02,6.0,1,1
8551,2025-09-06,8.0,1,1
8551,2025-09-10,6.0,1,1
8551,2025-09-14,6.0,1,1
8551,2025-09-18,6.0,1,1
8551,2025-09-22,9.0,1,1
8551,2025-09-26,6.0,1,1
8551,2025-09-30,10.0,1,1
8551,2025-10-04,9.0,1,1
8551,2025-10-08,12.0,1,1
8551,2025-10-12,13.0,1,1
8551,2025-10-16,7.0,1,1
8551,2025-10-20,13.0,1,1
8551,2025-10-24,10.0,1,1
8551,2025-10-28,10.0,1,1
8551,2025-11-01,9.0,1,1
8551,2025-11-05,12.0,1,1
8551,2025-11-09,13.0,1,1
8551,2025-11-13,20.0,1,1
8551,2025-11-17,9.0,1,1
8551,2025-11-21,6.0,1,1
8551,2025-11-25,8.0,1,1
8551,2025-11-29,14.0,1,1
8551,2025-12-03,18.0,1,1
8551,2025-12-07,20.0,1,1
8551,2025-12-11,30.0,1,1
8551,2025-12-15,31.0,1,1
8551,2025-12-19,26.0,1,1
8551,2025-12-23,12.0,1,1
8551,2025-12-27,12.0,1,1
8551,2025-12-31,20.0,1,1
2656005,2025-01-01,49.72833333333333,24,24
2656005,2025-01-05,9.260833333333332,24,24
2656005,2025-01-09,5.0375000000000005,24,24
2656005,2025-01-13,10.015333333333333,15,15
2656005,2025-01-17,17.283684210526314,19,19
2656005,2025-01-21,53.220416666666665,24,24
2656005,2025-01-25,5.699583333333333,24,24
2656005,2025-01-29,9.281666666666666,24,24
2656005,2025-02-02,21.923333333333332,24,24
2656005,2025-02-06,29.23375,24,24
2656005,2025-02-10,57.82208333333333,24,24
2656005,2025-02-14,14.867916666666666,24,24
2656005,2025-02-18,24.60166666666667,24,24
2656005,2025-02-22,41.862500000000004,24,24
2656005,2025-02-26,17.974,5,5
2656005,2025-03-02,12.776666666666666,3,3
2656005,2025-03-06,18.725833333333334,24,24
2656005,2025-03-10,13.560833333333333,24,24
2656005,2025-03-14,8.634166666666667,24,24
2656005,2025-03-18,8.029166666666667,24,24
2656005,2025-03-22,5.90625,24,24
2656005,2025-03-26,8.750625,16,16
2656005,2025-03-30,4.062608695652174,23,23
2656005,2025-04-03,11.169166666666667,24,24
2656005,2025-04-07,5.906521739130435,23,23
2656005,2025-04-11,12.643333333333333,24,24
2656005,2025-04-15,8.05304347826087,23,23
2656005,2025-04-19,4.870416666666666,24,24
2656005,2025-04-23,8.001111111111111,9,9
2656005,2025-04-27,6.149166666666666,24,24
2656005,2025-05-01,14.322999999999999,20,20
2656005,2025-05-05,4.3075,16,16
2656005,2025-05-09,8.310833333333333,24,24
2656005,2025-05-13,7.494166666666666,24,24
2656005,2025-05-17,3.762941176470588,17,17
2656005,2025-05-21,7.456666666666667,24,24
2656005,2025-05-25,5.201666666666667,24,24
2656005,2025-05-29,1.9725000000000001,24,24
2656005,2025-06-02,5.123333333333333,24,24
2656005,2025-06-06,9.946666666666667,24,24
2656005,2025-06-10,13.43,24,24
2656005,2025-06-14,9.86375,24,24
2656005,2025-06-18,8.602500000000001,20,20
2656005,2025-06-22,8.584999999999999,24,24
2656005,2025-06-26,18.093333333333334,24,24
2656005,2025-06-30,8.757916666666667,24,24
2656005,2025-07-04,8.901666666666666,24,24
2656005,2025-07-08,2.56875,24,24
2656005,2025-07-12,3.764583333333333,24,24
2656005,2025-07-16,7.77375,24,24
2656005,2025-07-20,6.607083333333333,24,24
2656005,2025-07-24,6.610454545454545,22,24
2656005,2025-07-28,3.502727272727273,22,22
2656005,2025-08-01,4.40625,24,24
2656005,2025-08-05,4.585416666666666,24,24
2656005,2025-08-09,7.703749999999999,24,24
2656005,2025-08-13,13.145416666666668,24,24
2656005,2025-08-17,10.553478260869564,23,23
2656005,2025-08-21,8.8275,24,24
2656005,2025-08-25,5.24625,24,24
2656005,2025-08-29,8.035,24,24
2656005,2025-09-02,6.124583333333334,24,24
2656005,2025-09-06,2.19625,24,24
2656005,2025-09-10,9.1225,24,24
2656005,2025-09-14,6.694583333333334,24,24
2656005,2025-09-18,4.161666666666666,24,24
2656005,2025-09-22,5.960416666666667,24,24
2656005,2025-09-26,4.84625,24,24
2656005,2025-09-30,5.365416666666667,24,24
2656005,2025-10-04,9.212173913043477,23,23
2656005,2025-10-08,6.447083333333333,24,24
2656005,2025-10-12,8.420416666666666,24,24
2656005,2025-10-16,9.195454545454545,11,11
2656005,2025-10-20,13.556000000000001,20,20
2656005,2025-10-24,2.5586956521739133,23,23
2656005,2025-10-28,4.745416666666666,24,24
2656005,2025-11-01,7.002916666666667,24,24
2656005,2025-11-05,10.975833333333334,24,24
2656005,2025-11-09,16.31416666666667,24,24
2656005,2025-11-13,24.249565217391304,23,23
2656005,2025-11-17,5.123043478260869,23,23
2656005,2025-11-21,6.771666666666667,24,24
2656005,2025-11-25,15.511500000000002,20,20
2656005,2025-11-29,24.545,2,2
2656005,2025-12-03,28.66608695652174,23,23
2656005,2025-12-07,14.037916666666668,24,24
2656005,2025-12-11,26.612272727272728,22,22
2656005,2025-12-15,15.942916666666667,24,24
2656005,2025-12-19,7.046666666666667,18,19
2656005,2025-12-23,9.765416666666667,24,24
2656005,2025-12-27,11.829583333333334,24,24
2656005,2025-12-31,22.4425,24,24
4420924,2025-05-17,5.8,9,12
4420924,2025-05-21,0.0,13,14
4420924,2025-05-25,5.876470588235295,17,17
4420924,2025-05-29,5.309090909090909,11,18
4420924,2025-06-02,7.85,8,13
4420924,2025-06-06,6.073333333333333,15,16
4420924,2025-06-10,3.0375,16,16
4420924,2025-06-14,4.7615384615384615,13,13
4420924,2025-06-18,7.416666666666667,12,17
4420924,2025-06-22,5.46875,16,18
4420924,2025-06-26,6.078571428571428,14,14
4420924,2025-06-30,4.0055555555555555,18,19
4420924,2025-07-04,5.58,15,18
4420924,2025-07-08,4.388235294117647,17,19
4420924,2025-07-12,3.993333333333333,15,19
4420924,2025-07-16,4.0,5,9
4420924,2025-07-20,4.85,2,2
4420924,2025-07-24,5.892307692307692,13,18
4420924,2025-07-28,3.0583333333333336,12,14
4420924,2025-08-01,4.5636363636363635,11,19
4420924,2025-08-05,4.370588235294117,17,17
4420924,2025-08-09,3.236842105263158,19,19
4420924,2025-08-13,10.84375,16,17
4420924,2025-08-17,0.676923076923077,13,13
4420924,2025-08-25,14.50625,16,18
4420924,2025-08-29,4.585714285714286,14,17
4420924,2025-09-02,4.922222222222222,9,9
4420924,2025-09-06,8.144444444444444,9,13
4420924,2025-09-10,6.916666666666667,6,7
4420924,2025-09-14,4.51,10,12
4420924,2025-09-18,4.6499999999999995,14,14
4420924,2025-09-22,3.8642857142857143,14,15
4420924,2025-09-26,4.1,1,1
4420924,2025-09-30,3.371428571428571,14,15
4420924,2025-10-04,4.811764705882353,17,18
4420924,2025-10-08,6.357142857142857,14,15
4420924,2025-10-12,5.588888888888889,9,12
4420924,2025-10-16,5.2299999999999995,10,11
4420924,2025-10-20,7.993333333333333,15,15
4420924,2025-10-24,4.4399999999999995,15,18
4420924,2025-10-28,4.525,8,8
4420924,2025-11-01,6.253846153846154,13,15
4420924,2025-11-05,3.7666666666666666,9,9
4420924,2025-11-09,6.970000000000001,10,12
4420924,2025-11-13,9.757142857142856,7,7
4420924,2025-11-21,4.557142857142858,7,7
4420924,2025-11-25,2.625,8,10
4420924,2025-11-29,4.6,2,2
4420924,2025-12-03,4.030769230769231,13,15
4420924,2025-12-07,5.9,18,18
4420924,2025-12-11,7.853846153846154,13,13
4420924,2025-12-15,7.32,5,12
4420924,2025-12-19,4.65,4,7
4420924,2025-12-23,3.066666666666667,9,14
4420924,2025-12-27,5.566666666666666,6,15
4420924,2025-12-31,3.7750000000000004,4,10
2812769,2025-01-01,62.240987654320996,81,81
2812769,2025-01-05,20.100483870967743,62,62
2812769,2025-01-09,20.931525423728814,59,59
2812769,2025-01-13,85.29583333333333,12,12
2812769,2025-01-17,25.54448979591837,49,49
2812769,2025-01-21,39.705636363636366,55,55
2812769,2025-01-25,35.168297872340425,47,47
2812769,2025-01-29,26.734615384615385,52,52
2812769,2025-02-02,36.18658536585366,41,41
2812769,2025-02-06,30.178571428571427,35,35
2812769,2025-02-10,57.95031746031746,63,63
2812769,2025-02-14,48.83555555555555,81,81
2812769,2025-02-18,52.92458333333334,72,72
2812769,2025-02-22,60.34762711864407,59,59
2812769,2025-02-26,12.404807692307692,52,52
2812769,2025-03-02,52.61542857142857,70,70
2812769,2025-03-06,20.057735849056602,53,53
2812769,2025-03-10,15.055106382978725,47,47
2812769,2025-03-14,31.58451612903226,62,62
2812769,2025-03-18,15.623559322033898,59,59
2812769,2025-03-22,26.545151515151517,66,66
2812769,2025-03-26,13.380185185185185,54,54
2812769,2025-03-30,22.851206896551723,58,58
2812769,2025-04-03,22.394615384615385,52,52
2812769,2025-04-07,8.023166666666667,60,60
2812769,2025-04-11,14.148550724637682,69,69
2812769,2025-04-15,7.2393846153846155,65,65
2812769,2025-04-19,9.688076923076922,52,52
2812769,2025-04-23,9.526222222222222,45,45
2812769,2025-04-27,13.588461538461539,65,65
2812769,2025-05-01,11.39525,40,40
2812769,2025-05-05,8.837884615384615,52,52
2812769,2025-05-09,10.98921568627451,51,51
2812769,2025-05-13,7.596097560975609,41,41
2812769,2025-05-17,13.650980392156864,51,51
2812769,2025-05-21,12.829333333333333,15,15
2812769,2025-05-25,16.291249999999998,40,40
2812769,2025-05-29,10.733333333333333,45,45
2812769,2025-06-02,5.9336363636363645,55,55
2812769,2025-06-06,11.345277777777778,36,36
2812769,2025-06-10,8.716904761904763,42,42
2812769,2025-06-14,11.73,37,37
2812769,2025-06-18,13.593333333333334,30,30
2812769,2025-06-22,12.628101265822785,79,79
2812769,2025-06-26,9.125681818181818,44,44
2812769,2025-06-30,10.998333333333333,30,30
2812769,2025-07-04,12.636600000000001,50,50
2812769,2025-07-08,12.544705882352941,34,34
2812769,2025-07-12,9.25361111111111,72,72
2812769,2025-07-16,14.61560606060606,66,66
2812769,2025-07-20,13.712580645161289,62,62
2812769,2025-07-24,12.170694444444443,72,72
2812769,2025-07-28,12.747142857142856,70,70
2812769,2025-08-01,9.210731707317073,82,82
2812769,2025-08-05,8.118888888888888,72,72
2812769,2025-08-09,14.8716,75,75
2812769,2025-08-13,9.955679012345678,81,81
2812769,2025-08-17,10.392112676056339,71,71
2812769,2025-08-21,12.263150684931507,73,73
2812769,2025-08-25,8.15846153846154,52,52
2812769,2025-08-29,11.61,63,63
2812769,2025-09-02,9.191739130434783,69,69
2812769,2025-09-06,18.429402985074628,67,67
2812769,2025-09-10,6.16875,8,8
2812769,2025-09-14,11.326486486486486,74,74
2812769,2025-09-18,9.762,65,65
2812769,2025-09-22,14.155396825396824,63,63
2812769,2025-09-26,11.48485294117647,68,68
2812769,2025-09-30,9.964666666666666,60,60
2812769,2025-10-04,23.524166666666666,72,72
2812769,2025-10-08,17.500444444444444,45,45
2812769,2025-10-12,22.398260869565217,46,46
2812769,2025-10-16,18.152727272727272,33,33
2812809,2025-01-01,73.047,80,80
2812809,2025-01-05,22.603064516129034,62,62
2812809,2025-01-09,45.09661016949152,59,59
2812809,2025-01-13,87.1925,12,12
2812809,2025-01-17,52.840425531914896,47,47
2812809,2025-01-21,62.13127272727272,55,55
2812809,2025-01-25,45.97510204081633,49,49
2812809,2025-01-29,29.823076923076922,52,52
2812809,2025-02-02,46.68175,40,40
2812809,2025-02-06,93.2721052631579,38,38
2812809,2025-02-10,34.93338709677419,62,62
2812809,2025-02-14,50.21271604938271,81,81
2812809,2025-02-18,67.57833333333333,72,72
2812809,2025-02-22,109.00118644067796,59,59
2812809,2025-02-26,14.102307692307694,52,52
2812809,2025-03-02,76.64367647058823,68,68
2812809,2025-03-06,32.15111111111111,54,54
2812809,2025-03-10,34.841875,48,48
2812809,2025-03-14,37.75475409836066,61,61
2812809,2025-03-18,24.732142857142858,56,56
2812809,2025-03-22,38.34409090909091,66,66
2812809,2025-03-26,11.557272727272727,55,55
2812809,2025-03-30,33.22474576271186,59,59
2812809,2025-04-03,27.040392156862744,51,51
2812809,2025-04-07,9.960677966101693,59,59
2812809,2025-04-11,19.454927536231885,69,69
2812809,2025-04-15,8.273846153846153,65,65
2812809,2025-04-19,9.012857142857143,49,49
2812809,2025-04-23,11.683720930232557,43,43
2812809,2025-04-27,19.045454545454547,66,66
2812809,2025-05-01,9.808947368421054,38,38
2812809,2025-05-05,10.2388,50,50
2812809,2025-05-09,10.52811320754717,53,53
2812809,2025-05-13,12.647619047619049,42,42
2812809,2025-05-17,15.885882352941175,51,51
2812809,2025-05-21,12.422666666666666,15,15
2812809,2025-05-25,15.16820512820513,39,39
2812809,2025-05-29,9.3396875,32,32
2812809,2025-06-02,8.621272727272727,55,55
2812809,2025-06-06,15.229117647058823,34,34
2812809,2025-06-10,10.427380952380952,42,42
2812809,2025-06-14,16.466052631578947,38,38
2812809,2025-06-18,16.418709677419354,31,31
2812809,2025-06-22,14.567948717948717,78,78
2812809,2025-06-26,12.474878048780488,41,41
2812809,2025-06-30,11.830333333333334,30,30
2812809,2025-07-04,14.599183673469389,49,49
2812809,2025-07-08,12.171612903225807,31,31
2812809,2025-07-12,11.751971830985916,71,71
2812809,2025-07-16,16.443484848484847,66,66
2812809,2025-07-20,14.386507936507936,63,63
2812809,2025-07-24,14.831408450704226,71,71
2812809,2025-07-28,13.545942028985507,69,69
2812809,2025-08-01,9.9220987654321,81,81
2812809,2025-08-05,10.232253521126761,71,71
2812809,2025-08-09,15.62662162162162,74,74
2812809,2025-08-13,13.03325,80,80
2812809,2025-08-17,11.33549295774648,71,71
2812809,2025-08-21,13.659,70,70
2812809,2025-08-25,11.374313725490197,51,51
2812809,2025-08-29,15.400645161290322,62,62
2812809,2025-09-02,10.40927536231884,69,69
2812809,2025-09-06,20.421159420289854,69,69
2812809,2025-09-10,11.042857142857143,7,7
2812809,2025-09-14,12.281714285714287,70,70
2812809,2025-09-18,7.703404255319149,47,47
2812809,2025-09-22,16.330384615384613,52,52
2812809,2025-09-26,15.278985507246377,69,69
2812809,2025-09-30,8.587457627118644,59,59
2812809,2025-10-04,27.973148148148148,54,54
2812809,2025-10-08,16.105135135135136,37,37
2812809,2025-10-12,30.81822222222222,45,45
2812809,2025-10-16,4.290967741935484,31,31
9250,2025-01-01,3.25107745,24,24
9250,2025-01-05,3.358678583333333,24,24
9250,2025-01-09,7.232216886956523,23,23
9250,2025-01-13,1.755580142857143,14,14
9250,2025-01-17,2.0931357777777775,18,18
9250,2025-01-21,5.758724420833333,24,24
9250,2025-01-25,6.10623425,24,24
9250,2025-01-29,5.328195166666666,24,24
9250,2025-02-02,1.04063975,24,24
9250,2025-02-06,6.087892195833334,24,24
9250,2025-02-10,8.1258713625,24,24
9250,2025-02-14,2.53284675,24,24
9250,2025-02-18,1.0915275833333333,24,24
9250,2025-02-22,17.8846675875,24,24
9250,2025-02-26,40.6770755,5,5
9250,2025-03-02,3.265401666666667,3,3
9250,2025-03-06,4.1791604,24,24
9250,2025-03-10,7.170796054166666,24,24
9250,2025-03-14,7.027753904166667,24,24
9250,2025-03-18,1.0131627916666666,24,24
9250,2025-03-22,9.074370520833334,24,24
9250,2025-03-26,14.77877462,15,15
9250,2025-03-30,19.493999654545455,22,22
9250,2025-04-03,10.045683554166667,24,24
9250,2025-04-07,4.8347944583333335,24,24
9250,2025-04-11,2.408324,24,24
9250,2025-04-15,9.070208025000001,24,24
9250,2025-04-19,7.786472416666666,24,24
9250,2025-04-23,1.6142135,8,8
9250,2025-04-27,2.397799,2,2
9250,2025-05-01,3.5556486842105266,19,19
9250,2025-05-05,2.1449133125,16,16
9250,2025-05-09,2.684900227272727,22,22
9250,2025-05-13,5.19796995,24,24
9250,2025-05-17,5.7901939411764705,17,17
9250,2025-05-21,1.7869643333333334,24,24
9250,2025-05-25,2.6375691666666667,24,24
9250,2025-05-29,7.04263275,24,24
9250,2025-06-02,4.089644625,24,24
9250,2025-06-06,4.682650791666666,24,24
9250,2025-06-10,2.7389096666666664,24,24
9250,2025-06-14,3.104171791666667,24,24
9250,2025-06-18,4.058185105263158,19,19
9250,2025-06-22,3.5386635416666667,24,24
9250,2025-06-26,1.8220884583333332,24,24
9250,2025-06-30,2.028546458333333,24,24
9250,2025-07-04,2.3896777083333336,24,24
9250,2025-07-08,3.917219708333333,24,24
9250,2025-07-12,10.358122875,24,24
9250,2025-07-16,8.069532558333334,24,24
9250,2025-07-20,6.713729,24,24
9250,2025-07-24,13.6566865125,24,24
9250,2025-07-28,7.979686757142857,21,21
9250,2025-08-01,11.9150450375,24,24
9250,2025-08-05,4.89685325,24,24
9250,2025-08-09,6.187920500000001,24,24
9250,2025-08-13,2.0218594615384613,13,13
9250,2025-08-17,1.0920644347826087,23,23
9250,2025-08-21,1.06808225,24,24
9250,2025-08-25,1.6985572083333331,24,24
9250,2025-08-29,3.415991625,24,24
9250,2025-09-02,4.168855583333333,24,24
9250,2025-09-06,9.409863452173912,23,23
9250,2025-09-10,8.8891969375,24,24
9250,2025-09-14,5.776124845833333,24,24
9250,2025-09-18,3.7369622916666665,24,24
9250,2025-09-22,2.587525708333333,24,24
9250,2025-09-26,1.6106369583333333,24,24
9250,2025-09-30,3.3816934999999995,24,24
9250,2025-10-04,6.588812083333333,24,24
9250,2025-10-08,5.439932083333333,24,24
9250,2025-10-12,1.020574875,24,24
9250,2025-10-16,1.9565811052631579,19,19
9250,2025-10-20,3.364609333333333,21,21
9250,2025-10-24,5.48233515,24,24
9250,2025-10-28,2.7999585833333334,24,24
9250,2025-11-01,1.6003212083333331,24,24
9250,2025-11-05,1.9339492500000002,24,24
9250,2025-11-09,5.7970799,24,24
9250,2025-11-13,1.31982135,20,20
9250,2025-11-17,2.034812608695652,23,23
9250,2025-11-21,9.280413504166667,24,24
9250,2025-11-25,1.7760535238095236,21,21
9250,2025-11-29,0.960104,1,1
9250,2025-12-03,4.362842041666666,24,24
9250,2025-12-07,2.0665717083333335,24,24
9250,2025-12-11,1.2526794166666668,24,24
9250,2025-12-15,1.6963051666666666,24,24
9250,2025-12-19,6.264617275,24,24
9250,2025-12-23,6.664981504166666,24,24
9250,2025-12-27,0.8902020416666666,24,24
9250,2025-12-31,1.8496882916666666,24,24
2163129,2025-02-10,34.604226114285716,7,12
2163129,2025-02-14,70.48661173333333,24,24
2163129,2025-02-18,36.520615666666664,24,24
2163129,2025-02-22,36.88329174583333,24,24
2163129,2025-02-26,91.53277659999999,6,6
2163129,2025-03-06,24.674655726086954,23,23
2163129,2025-03-10,34.70371234,15,24
2163129,2025-03-14,9.53039962173913,23,24
2163129,2025-03-18,5.436569913043478,23,23
2163129,2025-03-22,21.915209545454545,22,22
2163129,2025-03-26,16.897589263636362,22,22
2163129,2025-04-03,10.568742725,24,24
2163129,2025-04-07,4.022155631578947,19,19
2163129,2025-04-15,14.268293733333332,24,24
2163129,2025-04-19,7.901234065217392,23,23
2163129,2025-04-23,11.466501583333333,6,6
2163129,2025-04-27,6.077423986956521,23,23
2163129,2025-05-05,11.029904209090908,11,11
2163129,2025-05-09,7.8781500125,24,24
2163129,2025-05-13,4.41631775,24,24
2163129,2025-05-17,0.0,15,15
2163129,2025-05-29,2.463583,2,3
2163129,2025-06-02,8.612715391666667,24,24
2163129,2025-06-06,17.399697294736843,19,19
2163129,2025-06-10,12.787135191666666,24,24
2163129,2025-06-14,8.997099566666668,24,24
2163129,2025-06-18,14.805255178947368,19,19
2163129,2025-06-22,9.395410762500001,24,24
2163129,2025-06-26,14.928434208333334,24,24
2163129,2025-06-30,9.262245725,24,24
2163129,2025-07-04,12.97662587826087,23,23
2163129,2025-07-08,17.780934459090908,22,22
2163129,2025-07-12,7.958830381818182,22,22
2163129,2025-07-16,9.798605341666667,24,24
2163129,2025-07-24,12.710778573913045,23,23
2163129,2025-07-28,8.950340733333334,21,21
2163129,2025-08-01,8.805846939130435,23,23
2163129,2025-08-05,10.290491877272727,22,22
2163129,2025-08-09,12.466205069565218,23,23
2163129,2025-08-13,11.206113400000001,14,22
2163129,2025-08-17,15.228892461904763,21,21
2163129,2025-08-21,12.121278286956523,23,23
2163129,2025-08-25,5.275853782608696,23,23
2163129,2025-08-29,7.128519882608695,23,23
2163129,2025-09-02,10.772301236363637,22,22
2163129,2025-09-06,14.845702786363637,22,22
2163129,2025-09-10,13.323727545833334,24,24
2163129,2025-09-14,6.290436786956522,23,23
2163129,2025-09-18,3.962889956521739,23,23
2163129,2025-09-22,6.475685095238095,21,21
2163129,2025-09-26,6.5090716791666665,24,24
2163129,2025-09-30,12.434895686363637,22,22
2163129,2025-10-04,7.249795263636363,22,22
2163129,2025-10-08,5.984581329166667,24,24
2163129,2025-10-12,13.3549213625,24,24
2163129,2025-10-16,11.0399925,10,10
2163129,2025-10-20,9.731350968421053,19,19
2163129,2025-10-24,23.3044031625,8,13
2163129,2025-11-13,15.74482203,10,12
2163129,2025-11-17,32.88021,2,2
2163129,2025-11-21,20.94470230769231,13,14
2163129,2025-11-25,24.875185263157892,19,19
2163129,2025-11-29,7.27848,1,1
2163129,2025-12-03,18.6511345,20,20
2163129,2025-12-07,10.304367142857142,21,21
2163129,2025-12-11,38.646531571428575,21,22
2163129,2025-12-15,21.173457,20,20
2163129,2025-12-19,51.68758444444445,18,18
2163129,2025-12-23,12.603709545454546,22,22
2163129,2025-12-27,10.79204,20,20
2163129,2025-12-31,7.980864347826087,23,23
1894631,2025-01-01,5.098311688311688,77,77
1894631,2025-01-05,4.285333333333333,60,60
1894631,2025-01-09,10.056470588235294,51,51
1894631,2025-01-13,5.995,8,8
1894631,2025-01-17,5.4218518518518515,54,54
1894631,2025-01-21,4.345490196078432,51,51
1894631,2025-01-25,4.657500000000001,40,40
1894631,2025-01-29,6.898679245283018,53,53
1894631,2025-02-02,7.997419354838709,31,31
1894631,2025-02-06,4.788846153846154,26,26
1894631,2025-02-10,7.614705882352941,17,17
1894631,2025-02-14,3.7982666666666667,75,75
1894631,2025-02-18,4.411428571428572,35,35
1894631,2025-02-22,4.420483870967741,62,62
1894631,2025-02-26,4.89,10,10
1894631,2025-03-02,4.568235294117647,17,17
1894631,2025-03-06,10.879999999999999,14,14
1894631,2025-03-10,4.121538461538462,39,39
1894631,2025-03-14,3.614074074074074,27,27
1894631,2025-03-18,7.1338888888888885,18,18
1894631,2025-03-22,14.994117647058824,17,17
1894631,2025-03-26,3.80764705882353,17,17
1894631,2025-03-30,10.615522388059702,67,67
1894631,2025-04-03,2.8606666666666665,15,15
1894631,2025-04-07,2.920434782608696,23,23
1894631,2025-04-11,5.00421052631579,19,19
1894631,2025-04-15,4.6585,20,20
1894631,2025-04-19,1.9988235294117644,17,17
1894631,2025-04-23,6.532857142857144,14,14
1894631,2025-04-27,1.9122222222222223,18,18
1894631,2025-05-01,5.566363636363636,11,11
1894631,2025-05-05,3.2199999999999998,14,14
1894631,2025-05-09,2.7147058823529413,17,17
1894631,2025-05-13,6.748333333333334,12,12
1894631,2025-05-17,2.661764705882353,17,17
1894631,2025-05-25,5.1,2,2
1894631,2025-05-29,9.925,4,4
1894631,2025-06-02,7.716666666666666,3,3
1894631,2025-06-06,6.293333333333334,3,3
1894631,2025-06-10,8.093333333333334,3,3
1894631,2025-06-14,7.203333333333333,3,3
1894631,2025-06-18,6.065,2,2
1894631,2025-06-22,4.1965,20,20
1894631,2025-06-26,10.931666666666667,12,12
1894631,2025-06-30,3.818125,16,16
1894631,2025-07-04,7.542222222222222,18,18
1894631,2025-07-08,40.916666666666664,3,3
1894631,2025-07-12,21.668,5,5
1894631,2025-07-16,3.79,5,5
1894631,2025-07-20,12.5475,4,4
1894631,2025-07-24,4.712000000000001,5,5
1894631,2025-07-28,3.102,5,5
1894631,2025-08-01,7.331999999999999,5,5
1894631,2025-08-05,7.235,6,6
1894631,2025-08-09,3.152,5,5
1894631,2025-08-13,2.5742857142857143,21,21
1894631,2025-08-17,3.6480952380952383,21,21
1894631,2025-08-21,2.782380952380952,21,21
1894631,2025-08-25,2.8426666666666667,15,15
1894631,2025-08-29,10.931666666666667,18,18
1894631,2025-09-02,4.393888888888889,18,18
1894631,2025-09-06,7.479444444444444,18,18
1894631,2025-09-10,5.6675,8,8
1894631,2025-09-14,3.9990476190476194,21,21
1894631,2025-09-18,11.036470588235295,17,17
1894631,2025-09-22,1.5827777777777776,18,18
1894631,2025-09-26,4.554791666666667,48,48
1894631,2025-09-30,2.7625,16,16
1894631,2025-10-04,7.464705882352941,68,68
1894631,2025-10-08,4.2069230769230765,13,13
1894631,2025-10-12,1.9084615384615387,39,39
1894631,2025-10-16,2.5715517241379313,58,58
1894631,2025-10-20,4.019512195121951,41,41
1894631,2025-10-24,4.733333333333333,3,3
1894631,2025-10-28,3.147777777777778,18,18
1894631,2025-11-01,5.634925373134329,67,67
1894631,2025-11-05,3.025217391304348,69,69
1894631,2025-11-09,4.56,19,19
1894631,2025-11-13,6.746666666666666,12,12
1894631,2025-11-17,3.214,65,65
1894631,2025-11-21,1.6714285714285713,28,28
1894631,2025-11-25,6.450625,64,64
1894631,2025-11-29,5.778536585365854,41,41
1894631,2025-12-03,4.401428571428572,21,21
1894631,2025-12-07,4.0472222222222225,18,18
1894631,2025-12-11,3.797941176470588,34,34
1894631,2025-12-15,2.4483333333333333,12,12
1894631,2025-12-19,6.772549019607843,51,51
1894631,2025-12-23,5.670909090909091,11,11
1894631,2025-12-27,6.627460317460318,63,63
1894631,2025-12-31,6.915074626865672,67,67
2163126,2025-01-01,25.337481122222222,18,18
2163126,2025-01-05,38.28908689473684,19,19
2163126,2025-01-09,54.98682178,20,20
2163126,2025-01-13,26.646321806666666,15,15
2163126,2025-01-17,73.014616125,12,12
2163126,2025-01-21,41.578683329166665,24,24
2163126,2025-01-25,28.618220330000003,20,20
2163126,2025-01-29,54.77849641578947,19,19
2163126,2025-02-02,47.9691073,19,19
2163126,2025-02-06,52.66491505454546,22,22
2163126,2025-02-10,66.6342143047619,21,21
2163126,2025-02-14,50.010435695238094,21,21
2163126,2025-02-18,43.13156605555556,18,18
2163126,2025-02-22,71.45905209047619,21,21
2163126,2025-02-26,74.339056175,4,4
2163126,2025-03-06,72.449424025,20,20
2163126,2025-03-10,79.95817899545455,22,22
2163126,2025-03-14,18.320869531818182,22,22
2163126,2025-03-18,9.593587125,20,20
2163126,2025-03-22,38.69003837058823,17,17
2163126,2025-03-26,23.064472333333335,21,21
2163126,2025-03-30,15.44151887,20,20
2163126,2025-04-03,11.023743694117647,17,17
2163126,2025-04-07,11.28942898,20,20
2163126,2025-04-11,10.7311566375,16,16
2163126,2025-04-15,19.256136033333334,18,18
2163126,2025-04-19,6.24329765,20,20
2163126,2025-04-23,8.55383275,8,8
2163126,2025-04-27,5.71604746,20,20
2163126,2025-05-01,9.682092938461539,13,13
2163126,2025-05-05,11.629908977777777,9,9
2163126,2025-05-09,7.9159911619047625,21,21
2163126,2025-05-13,8.541788388235295,17,17
2163126,2025-05-17,10.256109926666666,15,15
2163126,2025-05-21,9.3728978,21,21
2163126,2025-05-25,2.813722590909091,22,22
2163126,2025-05-29,8.188423373333332,15,15
2163126,2025-06-02,7.07375105,18,18
2163126,2025-06-06,14.553213752941176,17,17
2163126,2025-06-10,13.853967082352941,17,17
2163126,2025-06-14,6.307389261904762,21,21
2163126,2025-06-18,10.929826677777777,18,18
2163126,2025-06-22,6.479013454545455,22,22
2163126,2025-06-26,7.920600457142858,21,21
2163126,2025-06-30,7.159705136363636,22,22
2163126,2025-07-04,8.851302776190476,21,21
2163126,2025-07-08,13.168154057142855,21,21
2163126,2025-07-12,7.522380589473683,19,19
2163126,2025-07-16,9.822705033333333,18,18
2163126,2025-07-20,8.543133780952381,21,21
2163126,2025-07-24,6.9722883157894735,19,19
2163126,2025-07-28,6.31252505882353,17,17
2163126,2025-08-01,8.10480028,15,15
2163126,2025-08-05,10.030686221052632,19,19
2163126,2025-08-09,8.114263633333334,18,18
2163126,2025-08-13,11.388315961111111,18,18
2163126,2025-08-17,12.917926094999999,20,20
2163126,2025-08-21,10.216909916666667,18,18
2163126,2025-08-25,3.8660057,18,18
2163126,2025-08-29,7.546567715789474,19,19
2163126,2025-09-02,14.78961988,20,20
2163126,2025-09-06,10.33085463125,16,16
2163126,2025-09-10,10.596165423809524,21,21
2163126,2025-09-14,5.6645342,20,20
2163126,2025-09-18,4.6998516875,16,16
2163126,2025-09-22,8.27266938,20,20
2163126,2025-09-26,4.822017007692308,13,13
2163126,2025-09-30,7.69134239375,16,16
2163126,2025-10-04,7.301250405555556,18,18
2163126,2025-10-08,9.972530486363636,22,22
2163126,2025-10-12,5.988506205,20,20
2163126,2025-10-16,25.17350061666667,6,6
2163126,2025-10-20,18.966258344444444,18,18
2163126,2025-10-24,12.96138351,20,20
2163126,2025-10-28,24.834957522222222,18,18
2163126,2025-11-01,29.91884525909091,22,22
2163126,2025-11-05,35.23304878125,16,16
2163126,2025-11-09,30.53933380526316,19,19
2163126,2025-11-13,35.32108705789474,19,19
2163126,2025-11-21,40.48367363636363,11,11
2163126,2025-11-25,19.123433333333335,18,18
2163126,2025-11-29,28.52133,1,1
2163126,2025-12-03,22.288696842105264,19,19
2163126,2025-12-07,48.12832,19,19
2163126,2025-12-11,34.551312,15,15
2163126,2025-12-15,22.267430952380955,21,21
2163126,2025-12-19,75.541886,16,16
2163126,2025-12-23,15.181575,16,16
2163126,2025-12-27,17.053440666666667,15,15
2163126,2025-12-31,11.7881625,20,20
2163137,2025-01-01,20.55166606666667,18,18
2163137,2025-01-05,18.540723989473683,19,19
2163137,2025-01-09,23.29426527647059,17,17
2163137,2025-01-13,9.225378254545454,11,11
2163137,2025-01-17,17.389456075000002,12,12
2163137,2025-01-21,50.30322313125,16,16
2163137,2025-01-25,19.20447342352941,17,17
2163137,2025-01-29,21.81837776875,16,16
2163137,2025-02-02,17.61152560869565,23,23
2163137,2025-02-06,11.71131403125,16,16
2163137,2025-02-10,33.240573,13,13
2163137,2025-02-14,30.026517617391303,23,23
2163137,2025-02-18,38.3544733,17,17
2163137,2025-02-22,32.40920033809524,21,21
2163137,2025-02-26,37.29706714,5,5
2163137,2025-03-02,11.5389986,1,1
2163137,2025-03-06,31.132649405555558,18,18
2163137,2025-03-10,19.038424094444444,18,19
2163137,2025-03-14,5.675315915789474,19,19
2163137,2025-03-18,5.242043911764705,17,17
2163137,2025-03-22,12.904336295238094,21,21
2163137,2025-03-26,16.683717353846156,13,13
2163137,2025-03-30,12.992622794999999,20,20
2163137,2025-04-03,9.143313389473684,19,19
2163137,2025-04-07,8.8073707,13,13
2163137,2025-04-11,8.278052863636363,22,22
2163137,2025-04-15,3.676201947368421,19,19
2163137,2025-04-19,9.413655629411764,17,17
2163137,2025-04-23,9.76829975,4,4
2163137,2025-04-27,5.399977111111111,18,18
2163137,2025-05-01,9.8656451,9,9
2163137,2025-05-05,8.658468427272727,11,11
2163137,2025-05-09,6.875798835,20,20
2163137,2025-05-13,7.7881482368421056,19,19
2163137,2025-05-17,4.434612,12,12
2163137,2025-05-21,6.985688545,20,20
2163137,2025-05-25,3.8142007590909093,22,22
2163137,2025-05-29,7.948561994444445,18,18
2163137,2025-06-02,8.798016252380952,21,21
2163137,2025-06-06,11.423118494444445,18,18
2163137,2025-06-10,8.206453780952382,21,21
2163137,2025-06-14,7.7388513888888895,18,18
2163137,2025-06-18,9.381707608333334,12,12
2163137,2025-06-22,7.070052222222222,18,18
2163137,2025-06-26,6.8122191647058825,17,17
2163137,2025-06-30,6.923651904761905,21,21
2163137,2025-07-04,10.821474049999999,22,22
2163137,2025-07-08,11.151524425,20,20
2163137,2025-07-12,6.9422057318181825,22,22
2163137,2025-07-16,12.663561283333333,18,18
2163137,2025-07-20,8.111352909999999,20,20
2163137,2025-07-24,9.705504022222222,18,18
2163137,2025-07-28,11.632318547058825,17,18
2163137,2025-08-01,9.831960466666667,15,15
2163137,2025-08-05,13.25560988888889,18,18
2163137,2025-08-09,10.459183588235295,17,17
2163137,2025-08-13,10.6172730125,16,16
2163137,2025-08-17,8.767708652941177,17,17
2163137,2025-08-21,10.147358645,20,20
2163137,2025-08-25,4.0660741428571425,21,21
2163137,2025-08-29,6.853311695454545,22,22
2163137,2025-09-02,17.47931018235294,17,17
2163137,2025-09-06,11.930855025,20,20
2163137,2025-09-10,10.580502511111112,18,18
2163137,2025-09-14,5.328249142857143,21,21
2163137,2025-09-18,5.29298095,20,20
2163137,2025-09-22,5.064128823529412,17,17
2163137,2025-09-26,7.704546414285714,14,14
2163137,2025-09-30,11.289318447619047,21,21
2163137,2025-10-04,13.4470828,20,20
2163137,2025-10-08,9.094207678947368,19,19
2163137,2025-10-12,6.064046670588235,17,17
2163137,2025-10-16,22.75402322857143,7,7
2163137,2025-10-20,13.496909963636364,11,11
2163137,2025-10-24,14.25273669,20,20
2163137,2025-10-28,7.38988609375,16,16
2163137,2025-11-01,32.29780802105263,19,19
2163137,2025-11-05,9.285654645454544,22,22
2163137,2025-11-09,13.510493642105263,19,19
2163137,2025-11-13,16.235466254545454,22,22
2163137,2025-12-07,13.999343333333334,3,3
2163137,2025-12-11,33.010617,20,20
2163137,2025-12-15,22.80562375,16,16
2163137,2025-12-19,46.23888933333333,15,15
2163137,2025-12-23,14.92992,16,16
2163137,2025-12-27,12.518506428571428,14,14
2163137,2025-12-31,6.469875882352941,17,17
2162650,2025-01-01,3.1,4,4
2162650,2025-01-05,1.9833333333333334,18,18
2162650,2025-01-09,2.6727272727272724,11,11
2162650,2025-01-13,2.5,1,1
2162650,2025-01-17,0.725,4,4
2162650,2025-01-21,10.1,3,3
2162650,2025-01-25,9.0,3,3
2162650,2025-01-29,7.5,2,2
2162650,2025-02-02,6.742857142857143,21,21
2162650,2025-02-06,6.380952380952381,21,21
2162650,2025-02-10,5.880952380952381,21,21
2162650,2025-02-14,8.2875,24,24
2162650,2025-02-18,6.014285714285714,21,21
2162650,2025-02-22,3.1666666666666665,21,21
2162650,2025-02-26,9.266666666666667,6,6
2162650,2025-03-02,10.0,2,2
2162650,2025-03-06,5.766666666666667,21,21
2162650,2025-03-10,3.3555555555555556,9,9
2162650,2025-03-22,13.660869565217391,23,23
2162650,2025-03-26,5.661538461538461,13,13
2162650,2025-03-30,6.209090909090909,22,22
2162650,2025-04-03,6.966666666666667,21,21
2162650,2025-04-07,7.15,4,4
2162650,2025-04-11,6.520833333333333,24,24
2162650,2025-04-15,4.8,20,20
2162650,2025-04-19,5.134782608695652,23,23
2162650,2025-04-23,4.416666666666667,12,12
2162650,2025-04-27,5.133333333333334,24,24
2162650,2025-05-01,2.2142857142857144,7,7
2162650,2025-05-05,3.238888888888889,18,18
2162650,2025-05-09,3.4,22,22
2162650,2025-05-13,8.395454545454545,22,22
2162650,2025-05-17,6.7,12,12
2162650,2025-05-21,7.709090909090909,22,22
2162650,2025-05-25,9.172727272727274,22,22
2162650,2025-05-29,5.385714285714285,21,21
2162650,2025-06-02,32.45625,16,16
2162650,2025-06-06,4.922727272727273,22,22
2162650,2025-06-10,25.066666666666666,15,15
2162650,2025-06-14,5.286666666666666,15,15
2162650,2025-06-18,16.31578947368421,19,19
2162650,2025-06-22,11.379999999999999,20,20
2162650,2025-06-26,8.713636363636363,22,22
2162650,2025-06-30,13.725,8,8
2162650,2025-07-04,15.509090909090908,22,22
2162650,2025-07-08,8.763636363636364,22,22
2162650,2025-07-12,16.257894736842104,19,19
2162650,2025-07-16,8.05,20,20
2162650,2025-07-24,10.39,10,10
2162650,2025-07-28,5.276470588235294,17,17
2162650,2025-08-01,13.49047619047619,21,21
2162650,2025-08-05,6.93157894736842,19,19
2162650,2025-08-09,4.575,4,4
2162650,2025-08-13,30.7,16,16
2162650,2025-08-17,6.766666666666667,18,18
2162650,2025-08-21,15.5,9,9
2162650,2025-08-25,32.766666666666666,9,9
2162650,2025-08-29,6.840909090909091,22,22
2162650,2025-09-02,3.4076923076923076,13,13
2162650,2025-09-06,13.994736842105262,19,19
2162650,2025-09-10,11.572727272727272,22,22
2162650,2025-09-14,5.223809523809524,21,21
2162650,2025-09-18,8.280952380952382,21,21
2162650,2025-09-22,18.02857142857143,21,21
2162650,2025-09-26,5.682608695652173,23,23
2162650,2025-09-30,4.668181818181818,22,22
2162650,2025-10-04,3.22,10,10
2162650,2025-10-08,3.8782608695652177,23,23
2162650,2025-10-12,17.438095238095237,21,21
2162650,2025-10-16,3.6999999999999997,7,7
2162650,2025-10-20,14.73076923076923,13,13
2162650,2025-10-24,3.5521739130434784,23,23
2162650,2025-10-28,5.24,20,20
2162650,2025-11-01,11.355,20,20
2162650,2025-11-05,3.2043478260869565,23,23
2162650,2025-11-09,11.5,23,23
2162650,2025-11-13,3.9799999999999995,20,20
2162650,2025-11-17,2.9545454545454546,22,22
2162650,2025-11-21,4.171428571428571,21,21
2162650,2025-11-25,2.75,14,14
2162650,2025-11-29,5.3,2,2
2162650,2025-12-03,4.969565217391304,23,23
2162650,2025-12-07,4.0285714285714285,21,21
2162650,2025-12-11,8.657894736842104,19,19
2162650,2025-12-31,1.7409090909090907,22,22
1894637,2025-01-01,12.324124999999999,80,80
1894637,2025-01-05,6.556461538461539,65,65
1894637,2025-01-09,10.099215686274508,51,51
1894637,2025-01-13,7.3462499999999995,8,8
1894637,2025-01-17,8.070851063829787,47,47
1894637,2025-01-21,13.56280701754386,57,57
1894637,2025-01-25,11.60674418604651,43,43
1894637,2025-01-29,11.62537037037037,54,54
1894637,2025-02-02,11.833157894736843,38,38
1894637,2025-02-06,119.39484848484848,33,33
1894637,2025-02-10,112.25263157894736,57,57
1894637,2025-02-14,170.463625,80,80
1894637,2025-02-18,182.92464788732394,71,71
1894637,2025-02-22,187.81375,56,56
1894637,2025-02-26,184.24931818181818,44,44
1894637,2025-03-02,178.3330882352941,68,68
1894637,2025-03-06,149.6221568627451,51,51
1894637,2025-03-10,105.91829787234042,47,47
1894637,2025-03-14,81.32311475409836,61,61
1894637,2025-03-18,67.10383333333333,60,60
1894637,2025-03-22,33.691833333333335,60,60
1894637,2025-03-26,1.9267857142857143,56,56
1894637,2025-03-30,13.289193548387097,62,62
1894637,2025-04-03,17.084230769230768,52,52
1894637,2025-04-07,15.731269841269842,63,63
1894637,2025-04-11,10.867536231884058,69,69
1894637,2025-04-15,7.133846153846154,65,65
1894637,2025-04-19,6.942093023255814,43,43
1894637,2025-04-23,6.158979591836735,49,49
1894637,2025-04-27,10.134193548387097,62,62
1894637,2025-05-01,6.181,40,40
1894637,2025-05-05,6.295531914893616,47,47
1894637,2025-05-09,9.696666666666665,51,51
1894637,2025-05-13,9.012424242424244,33,33
1894637,2025-05-17,10.765185185185187,54,54
1894637,2025-05-21,12.191428571428572,14,14
1894637,2025-05-25,11.897692307692308,39,39
1894637,2025-05-29,14.6975,48,48
1894637,2025-06-02,10.77148148148148,54,54
1894637,2025-06-06,11.965714285714286,35,35
1894637,2025-06-10,12.05871794871795,39,39
1894637,2025-06-14,11.961818181818183,33,33
1894637,2025-06-18,11.93774193548387,31,31
1894637,2025-06-22,13.998266666666666,75,75
1894637,2025-06-26,10.875365853658536,41,41
1894637,2025-06-30,13.235945945945947,37,37
1894637,2025-07-04,12.1604,50,50
1894637,2025-07-08,11.702972972972972,37,37
1894637,2025-07-12,14.940540540540539,74,74
1894637,2025-07-16,15.96515625,64,64
1894637,2025-07-20,20.19814814814815,54,54
1894637,2025-07-24,22.934626865671643,67,67
1894637,2025-07-28,17.198181818181816,66,66
1894637,2025-08-01,13.188024691358025,81,81
1894637,2025-08-05,21.647205882352942,68,68
1894637,2025-08-09,10.682837837837837,74,74
1894637,2025-08-13,18.58481012658228,79,79
1894637,2025-08-17,12.745909090909091,66,66
1894637,2025-08-21,24.579848484848483,66,66
1894637,2025-08-25,11.089565217391305,46,46
1894637,2025-08-29,14.494833333333334,60,60
1894637,2025-09-02,13.3796875,64,64
1894637,2025-09-06,17.057424242424243,66,66
1894637,2025-09-10,12.67,7,7
1894637,2025-09-14,11.910405405405406,74,74
1894637,2025-09-18,13.91483870967742,62,62
1894637,2025-09-22,8.9203125,64,64
1894637,2025-09-26,12.646774193548387,62,62
1894637,2025-09-30,21.331694915254236,59,59
1894637,2025-10-04,12.951805555555556,72,72
1894637,2025-10-08,14.918723404255319,47,47
1894637,2025-10-12,8.758297872340425,47,47
1894637,2025-10-16,12.291212121212121,66,66
1894637,2025-10-20,10.644893617021276,47,47
1894637,2025-10-24,12.406153846153845,13,13
1894637,2025-10-28,12.833606557377049,61,61
1894637,2025-11-01,10.75917808219178,73,73
1894637,2025-11-05,12.129718309859156,71,71
1894637,2025-11-09,8.291408450704225,71,71
1894637,2025-11-13,9.17695652173913,23,23
1894637,2025-11-17,8.546323529411765,68,68
1894637,2025-11-21,7.818688524590164,61,61
1894637,2025-11-25,14.007246376811594,69,69
1894637,2025-11-29,11.873166666666666,60,60
1894637,2025-12-03,9.652794117647058,68,68
1894637,2025-12-07,10.407857142857143,56,56
1894637,2025-12-11,11.59290322580645,62,62
1894637,2025-12-15,11.608333333333334,42,42
1894637,2025-12-19,11.71421052631579,57,57
1894637,2025-12-23,8.370454545454546,44,44
1894637,2025-12-27,10.77140625,64,64
1894637,2025-12-31,9.488870967741935,62,62
9339,2025-01-01,41.78260869565217,23,24
9339,2025-01-05,22.833333333333332,24,24
9339,2025-01-09,35.130434782608695,23,24
9339,2025-01-13,32.333333333333336,24,24
9339,2025-01-17,56.041666666666664,24,24
9339,2025-01-21,16.136363636363637,22,24
9339,2025-01-25,22.458333333333332,24,24
9339,2025-01-29,23.565217391304348,23,24
9339,2025-02-02,29.083333333333332,24,24
9339,2025-02-06,38.458333333333336,24,24
9339,2025-02-10,14.090909090909092,22,24
9339,2025-02-14,21.708333333333332,24,24
9339,2025-02-18,23.166666666666668,24,24
9339,2025-02-22,26.416666666666668,24,24
9339,2025-02-26,13.083333333333334,24,24
9339,2025-03-02,19.217391304347824,23,24
9339,2025-03-06,30.666666666666668,24,24
9339,2025-03-10,24.416666666666668,24,24
9339,2025-03-14,47.333333333333336,24,24
9339,2025-03-18,44.333333333333336,24,24
9339,2025-03-22,29.916666666666668,24,24
9339,2025-03-26,29.666666666666668,24,24
9339,2025-03-30,31.583333333333332,24,24
9339,2025-04-03,70.75,24,24
9339,2025-04-15,113.5,24,24
9339,2025-04-19,25.291666666666668,24,24
9339,2025-04-23,47.75,24,24
9339,2025-04-27,44.916666666666664,24,24
9339,2025-05-01,46.333333333333336,24,24
9339,2025-05-05,47.75,24,24
9339,2025-05-09,34.833333333333336,24,24
9339,2025-05-13,40.958333333333336,24,24
9339,2025-05-17,41.25,24,24
9339,2025-05-21,83.70833333333333,24,24
9339,2025-05-25,54.541666666666664,24,24
9339,2025-05-29,60.5,24,24
9339,2025-06-02,41.294117647058826,17,17
9339,2025-06-10,28.791666666666668,24,24
9339,2025-06-14,56.541666666666664,24,24
9339,2025-06-18,47.375,24,24
9339,2025-06-22,52.708333333333336,24,24
9339,2025-06-26,65.125,24,24
9339,2025-06-30,61.608695652173914,23,23
9339,2025-07-04,59.041666666666664,24,24
9339,2025-07-08,80.91666666666667,24,24
9339,2025-07-12,56.083333333333336,24,24
9339,2025-07-16,135.66666666666666,24,24
9339,2025-07-20,66.33333333333333,24,24
9339,2025-07-24,69.25,24,24
9339,2025-07-28,54.125,24,24
9339,2025-08-01,80.0,24,24
9339,2025-08-05,66.5,24,24
9339,2025-08-09,57.416666666666664,24,24
9339,2025-08-13,54.166666666666664,24,24
9339,2025-08-25,68.41666666666667,12,12
9339,2025-08-29,69.75,24,24
9339,2025-09-02,91.625,24,24
9339,2025-09-06,63.333333333333336,24,24
9339,2025-09-10,61.583333333333336,24,24
9339,2025-09-14,19.791666666666668,24,24
9339,2025-09-18,47.791666666666664,24,24
9339,2025-09-22,47.791666666666664,24,24
9339,2025-10-12,34.75,24,24
9339,2025-10-16,46.666666666666664,24,24
9339,2025-10-20,31.5,24,24
9339,2025-10-24,39.583333333333336,24,24
9339,2025-10-28,53.166666666666664,24,24
9339,2025-11-01,31.041666666666668,24,24
9339,2025-11-05,147.54166666666666,24,24
9339,2025-11-09,37.041666666666664,24,24
9339,2025-11-13,26.652173913043477,23,23
9339,2025-11-17,41.75,20,20
9339,2025-11-21,42.416666666666664,24,24
9339,2025-11-25,25.0,2,2
9339,2025-12-11,33.125,24,24
9339,2025-12-15,22.347826086956523,23,23
9339,2025-12-19,18.166666666666668,24,24
9339,2025-12-23,15.541666666666666,24,24
9339,2025-12-27,51.416666666666664,24,24
9339,2025-12-31,24.875,24,24
2655996,2025-01-01,94.16720833333333,24,24
2655996,2025-01-05,13.8255,24,24
2655996,2025-01-13,17.5735,2,2
2655996,2025-01-21,53.466375,24,24
2655996,2025-01-25,6.6809166666666675,24,24
2655996,2025-01-29,11.635125,24,24
2655996,2025-02-02,49.95183333333333,24,24
2655996,2025-02-06,95.96970833333334,24,24
2655996,2025-02-10,94.62766666666666,24,24
2655996,2025-02-14,12.296291666666667,24,24
2655996,2025-02-18,29.776913043478263,23,23
2655996,2025-02-22,46.22116666666667,24,24
2655996,2025-02-26,9.593399999999999,5,5
2655996,2025-03-02,15.179333333333332,3,3
2655996,2025-03-06,44.78104166666666,24,24
2655996,2025-03-10,14.272125,24,24
2655996,2025-03-14,5.01175,24,24
2655996,2025-03-18,24.413999999999998,15,15
2655996,2025-03-22,6.753291666666667,24,24
2655996,2025-03-26,14.0408125,16,16
2655996,2025-03-30,11.911454545454546,22,22
2655996,2025-04-03,26.943833333333334,24,24
2655996,2025-04-07,13.257652173913042,23,23
2655996,2025-04-11,14.560833333333333,24,24
2655996,2025-04-15,9.780541666666666,24,24
2655996,2025-04-19,2.6666190476190477,21,21
2655996,2025-04-23,10.352555555555556,9,9
2655996,2025-04-27,11.710500000000001,24,24
2655996,2025-05-01,12.4232,20,20
2655996,2025-05-05,5.5378125,16,16
2655996,2025-05-09,8.948125,24,24
2655996,2025-05-13,9.258625,24,24
2655996,2025-05-17,7.0944705882352945,17,17
2655996,2025-05-21,5.161666666666666,24,24
2655996,2025-05-25,7.036666666666666,24,24
2655996,2025-05-29,3.1999999999999997,24,24
2655996,2025-06-02,5.096913043478261,23,23
2655996,2025-06-06,7.801416666666667,24,24
2655996,2025-06-10,14.084833333333334,24,24
2655996,2025-06-14,12.064791666666666,24,24
2655996,2025-06-18,9.580466666666666,15,15
2655996,2025-06-22,7.06625,24,24
2655996,2025-06-26,11.811666666666667,24,24
2655996,2025-06-30,6.101166666666667,24,24
2655996,2025-07-04,9.580583333333333,24,24
2655996,2025-07-08,2.842541666666667,24,24
2655996,2025-07-12,4.020583333333334,24,24
2655996,2025-07-16,7.915434782608696,23,23
2655996,2025-07-20,6.349333333333334,24,24
2655996,2025-07-24,7.252624999999999,24,24
2655996,2025-07-28,4.298136363636363,22,22
2655996,2025-08-01,5.525666666666666,24,24
2655996,2025-08-05,4.202333333333333,24,24
2655996,2025-08-09,13.670375,24,24
2655996,2025-08-13,12.757291666666667,24,24
2655996,2025-08-17,11.937565217391306,23,23
2655996,2025-08-21,8.583125,24,24
2655996,2025-08-25,3.671291666666667,24,24
2655996,2025-08-29,6.391583333333333,24,24
2655996,2025-09-02,2.39125,24,24
2655996,2025-09-06,3.136434782608696,23,23
2655996,2025-09-10,5.680041666666667,24,24
2655996,2025-09-14,3.1967083333333335,24,24
2655996,2025-09-18,3.0969583333333333,24,24
2655996,2025-09-22,3.7899583333333333,24,24
2655996,2025-09-26,5.069583333333333,24,24
2655996,2025-09-30,9.650625,24,24
2655996,2025-10-04,13.196875,24,24
2655996,2025-10-08,11.442083333333334,24,24
2655996,2025-10-12,11.084727272727273,22,22
2655996,2025-10-16,12.543736842105265,19,19
2655996,2025-10-20,14.0685,22,22
2655996,2025-10-24,1.7339583333333335,24,24
2655996,2025-10-28,4.926217391304347,23,23
2655996,2025-11-01,7.541083333333333,24,24
2655996,2025-11-05,17.894565217391303,23,23
2655996,2025-11-09,16.211291666666668,24,24
2655996,2025-11-13,15.523695652173913,23,23
2655996,2025-11-17,2.177153846153846,13,13
2655996,2025-11-21,3.738571428571429,14,14
2655996,2025-11-25,7.30085,20,20
2655996,2025-11-29,23.304,2,2
2655996,2025-12-03,22.467875000000003,24,24
2655996,2025-12-07,14.720833333333333,24,24
2655996,2025-12-11,43.158375,24,24
2655996,2025-12-15,18.294791666666665,24,24
2655996,2025-12-19,7.60208695652174,23,23
2655996,2025-12-23,11.797833333333335,24,24
2655996,2025-12-27,19.589708333333334,24,24
2655996,2025-12-31,33.523916666666665,24,24
3983,2025-01-09,6.833333333333333,3,3
3983,2025-01-29,5.6,1,1
3983,2025-02-22,4.9,1,1
3983,2025-03-06,7.5,1,1
3983,2025-03-10,5.1875,8,8
3983,2025-03-14,4.2,1,1
3983,2025-03-18,7.959999999999999,5,5
3983,2025-03-22,8.275,4,4
3983,2025-03-26,3.266666666666666,3,3
3983,2025-03-30,5.85,8,8
3983,2025-04-03,4.6,2,2
3983,2025-04-07,4.066666666666666,6,6
3983,2025-04-11,3.1,1,1
3983,2025-04-15,6.4,2,2
3983,2025-04-19,5.4,2,2
3983,2025-04-27,4.05,4,4
3983,2025-05-05,5.242857142857143,7,7
3983,2025-05-09,5.090909090909091,11,11
3983,2025-05-13,3.6300000000000003,10,10
3983,2025-05-17,4.5625,8,8
3983,2025-05-21,5.7,3,3
3983,2025-05-25,8.6,4,4
3983,2025-05-29,7.7,3,3
3983,2025-06-02,3.7,5,5
3983,2025-06-06,9.033333333333333,3,3
3983,2025-06-10,4.866666666666666,3,3
3983,2025-06-14,4.8,3,3
3983,2025-06-18,4.475,4,4
3983,2025-06-22,8.914285714285715,7,7
3983,2025-06-30,4.118181818181818,11,11
3983,2025-07-04,3.9,12,12
3983,2025-07-08,6.216666666666666,6,6
3983,2025-07-12,5.13,10,10
3983,2025-07-20,3.3,2,2
3983,2025-07-24,7.428571428571429,7,7
3983,2025-07-28,5.62,5,5
3983,2025-08-01,6.338461538461539,13,13
3983,2025-08-05,9.690000000000001,10,10
3983,2025-08-09,9.5,6,6
3983,2025-08-13,5.2,7,7
3983,2025-08-17,4.4875,8,8
3983,2025-08-25,3.9200000000000004,5,5
3983,2025-08-29,8.940000000000001,10,10
3983,2025-09-02,5.65,2,2
3983,2025-09-06,6.033333333333334,3,3
3983,2025-09-10,4.7,1,1
3983,2025-09-14,3.05,2,2
3983,2025-09-18,6.45,2,2
3983,2025-09-30,6.133333333333333,3,3
3983,2025-10-04,5.38,5,5
3983,2025-10-08,5.9,4,4
3983,2025-10-12,6.3,1,1
3983,2025-10-16,4.266666666666667,3,3
3983,2025-10-20,5.8999999999999995,7,7
3983,2025-10-24,14.2,9,9
3983,2025-10-28,7.5,3,3
3983,2025-11-01,6.87,10,10
3983,2025-11-05,6.733333333333333,6,6
3983,2025-11-09,4.466666666666667,6,6
3983,2025-11-13,8.02,5,5
3983,2025-11-17,10.674999999999999,8,8
3983,2025-11-21,20.349999999999998,4,4
3983,2025-11-25,7.8,7,7
3983,2025-11-29,4.6,1,1
3983,2025-12-03,5.04,10,10
3983,2025-12-07,13.850000000000001,2,2
3983,2025-12-11,5.54,10,10
3983,2025-12-15,18.1,2,2
3983,2025-12-19,4.166666666666667,3,3
3983,2025-12-23,12.616666666666667,6,6
10696,2025-01-01,2.808392608695652,23,24
10696,2025-01-05,2.725816,20,24
10696,2025-01-09,2.489978947368421,19,24
10696,2025-01-13,3.8833714285714285,21,24
10696,2025-01-17,3.3919247826086956,23,24
10696,2025-01-21,2.9908230769230775,13,24
10696,2025-01-25,2.8817845833333333,24,24
10696,2025-01-29,3.0363962499999997,24,24
10696,2025-02-02,6.7301979166666674,24,24
10696,2025-02-06,9.344043749999999,24,24
10696,2025-02-10,4.892601304347826,23,24
10696,2025-02-14,2.74719,22,24
10696,2025-02-18,4.366083,20,24
10696,2025-02-22,5.236681666666667,24,24
10696,2025-02-26,6.520266363636364,22,24
10696,2025-03-02,12.358348333333334,24,24
10696,2025-03-06,3.276874166666667,24,24
10696,2025-03-10,3.8345604166666667,24,24
10696,2025-03-14,5.324819166666667,24,24
10696,2025-03-18,11.938179,20,24
10696,2025-03-22,5.19055875,24,24
10696,2025-03-26,4.831927272727273,22,24
10696,2025-03-30,4.398033333333333,24,24
10696,2025-04-03,4.1060791666666665,24,24
10696,2025-04-07,6.969458333333333,24,24
10696,2025-04-11,5.967545833333333,24,24
10696,2025-04-15,3.7945625,24,24
10696,2025-05-17,8.829070833333333,24,24
10696,2025-05-21,5.2608875,24,24
10696,2025-05-25,10.1724375,24,24
10696,2025-05-29,6.5965375,24,24
10696,2025-06-02,4.243975,24,24
10696,2025-06-06,3.396922727272727,22,24
10696,2025-06-10,3.5024238095238096,21,24
10696,2025-06-14,6.2436,24,24
10696,2025-06-18,5.941708333333334,24,24
10696,2025-06-22,4.932991666666667,24,24
10696,2025-06-26,5.14487619047619,21,24
10696,2025-06-30,5.775479166666667,24,24
10696,2025-07-04,4.3779699999999995,20,24
10696,2025-07-08,3.6493875,24,24
10696,2025-07-12,5.323486363636364,22,24
10696,2025-07-16,6.19553,20,24
10696,2025-07-20,46.53781818181818,22,24
10696,2025-07-24,5.6682049999999995,22,24
10696,2025-07-28,3.6620875,24,24
10696,2025-08-01,3.336688888888889,18,24
10696,2025-08-05,6.058487499999999,24,24
10696,2025-08-09,3.6000434782608695,23,24
10696,2025-08-13,5.054847826086957,23,24
10696,2025-08-17,6.805379166666667,24,24
10696,2025-08-21,53.92825,24,24
10696,2025-08-25,3.0547186956521744,23,24
10696,2025-08-29,15.41235652173913,23,24
10696,2025-09-02,29.989138095238093,21,24
10696,2025-09-06,14.915081818181818,22,24
10696,2025-09-10,14.276047368421054,19,24
10696,2025-09-14,18.08115,24,24
10696,2025-09-18,2.7895958333333333,24,24
10696,2025-09-22,6.4667208333333335,24,24
10696,2025-09-26,8.814804166666667,24,24
10696,2025-09-30,8.113920833333333,24,24
10696,2025-10-04,4.823254166666667,24,24
10696,2025-10-08,15.154195833333333,24,24
10696,2025-10-12,20.65715416666667,24,24
10696,2025-10-16,5.6117333333333335,24,24
10696,2025-10-20,5.753663636363637,22,24
10696,2025-10-24,6.4457125,24,24
10696,2025-10-28,16.32197916666667,24,24
10696,2025-11-01,5.502441666666666,24,24
3091483,2025-01-09,21.996521739130436,23,23
3091483,2025-01-13,21.721666666666668,24,24
3091483,2025-01-21,31.06,1,1
3091483,2025-01-29,20.991666666666667,24,24
3091483,2025-02-02,21.7925,24,24
3091483,2025-02-06,16.829166666666666,24,24
3091483,2025-02-10,21.005416666666665,24,24
3091483,2025-02-14,22.30875,24,24
3091483,2025-02-18,18.350833333333334,24,24
3091483,2025-02-22,18.01086956521739,23,23
3091483,2025-02-26,25.81625,24,24
3091483,2025-03-02,24.960416666666664,24,24
3091483,2025-03-06,15.011000000000001,10,10
3091483,2025-03-10,11.726666666666667,12,12
3091483,2025-04-23,16.268823529411765,17,17
3091483,2025-04-27,16.975416666666668,24,24
3091483,2025-05-01,14.613478260869567,23,23
3091483,2025-05-29,26.39466666666667,15,15
3091483,2025-06-02,22.522499999999997,24,24
3091483,2025-06-06,24.498333333333335,24,24
3091483,2025-06-10,26.546666666666667,24,24
3091483,2025-06-14,22.324583333333333,24,24
3091483,2025-06-18,27.472916666666666,24,24
3091483,2025-06-22,20.765833333333333,24,24
3091483,2025-06-26,28.549583333333334,24,24
3091483,2025-06-30,23.939166666666665,24,24
3091483,2025-07-04,23.286666666666665,24,24
3091483,2025-07-08,27.089444444444446,18,18
3091483,2025-07-12,23.69875,8,8
3091483,2025-07-16,26.7825,24,24
3091483,2025-07-20,26.014782608695654,23,23
3091483,2025-07-24,27.524583333333336,24,24
3091483,2025-07-28,28.247083333333332,24,24
3091483,2025-09-18,20.49083333333333,24,24
3091483,2025-09-22,23.203333333333333,24,24
3091483,2025-09-26,22.392083333333332,24,24
3091483,2025-09-30,18.735416666666666,24,24
3091483,2025-10-04,18.576666666666668,24,24
3091483,2025-10-08,17.00375,24,24
3091483,2025-10-12,16.865,24,24
3091483,2025-10-16,16.729166666666668,24,24
3091483,2025-10-20,17.54,18,18
3091483,2025-10-24,22.273749999999996,24,24
3091483,2025-10-28,17.6775,24,24
3091483,2025-11-01,29.98125,24,24
3091483,2025-11-05,24.55333333333333,24,24
3091483,2025-11-09,30.853333333333335,24,24
3091483,2025-11-13,18.589166666666667,24,24
3091483,2025-11-17,22.278750000000002,24,24
3091483,2025-11-21,27.311666666666667,24,24
3091483,2025-11-25,17.435,24,24
3091483,2025-11-29,19.8025,24,24
3091483,2025-12-03,25.59958333333333,24,24
3091483,2025-12-07,20.072916666666668,24,24
3091483,2025-12-11,19.798750000000002,24,24
3091483,2025-12-15,16.150000000000002,24,24
3091483,2025-12-19,39.42333333333333,24,24
3091483,2025-12-23,16.319166666666668,24,24
3091483,2025-12-27,12.894166666666665,24,24
3091483,2025-12-31,8.987083333333333,24,24
4159655,2025-04-27,1.3762309010554519,24,24
4159655,2025-05-01,0.007496527771258519,24,24
4159655,2025-05-05,1.5426788258418027,24,24
4159655,2025-05-09,0.004687500056914157,24,24
4159655,2025-05-13,0.6848906277316726,24,24
4159655,2025-05-17,0.0032656248788245847,24,24
4159655,2025-05-21,0.329164930477014,24,24
4159655,2025-05-25,0.06306597230852477,24,24
4159655,2025-05-29,0.15943055685299137,24,24
4159655,2025-06-02,0.06958680568883817,12,12
4159655,2025-06-06,0.48794444169228274,24,24
4159655,2025-06-10,0.027275362780884556,23,23
4159655,2025-06-14,0.036121527302182384,24,24
4159655,2025-06-18,0.06477777826754998,24,24
4159655,2025-06-22,0.5362859786008344,22,22
4159655,2025-06-26,2.0817216420934224,24,24
4159655,2025-06-30,0.07527777834588455,24,24
4159655,2025-07-04,4.849131954187113,24,24
4159655,2025-07-08,0.00507986116119557,24,24
4159655,2025-07-12,0.015395833334575096,24,24
4159655,2025-07-16,4.070934028261237,24,24
4159655,2025-07-20,1.5480434023128409,24,24
4159655,2025-07-24,5.348151062304775,24,24
4159655,2025-07-28,10.819923621861058,24,24
4159655,2025-08-01,0.023097222489822242,24,24
4159655,2025-08-05,14.697251738773453,24,24
4159655,2025-08-09,1.655914926992005,24,24
4159655,2025-08-13,0.16904340452876768,24,24
4159655,2025-08-17,0.0033229167004012396,24,24
4159655,2025-08-21,0.4567795180870841,24,24
4159655,2025-08-25,0.1381076393623112,24,24
4159655,2025-08-29,22.973954343133503,24,24
4159655,2025-09-02,3.121530671707458,24,24
4159655,2025-09-06,1.3945891173013176,24,24
4159655,2025-09-10,0.0023125000298023224,24,24
4159655,2025-09-14,0.004274305602949526,24,24
4159655,2025-09-18,0.24542881710092643,24,24
4159655,2025-09-22,0.035076389205642045,24,24
4159655,2025-09-26,0.028189236355117626,24,24
4159655,2025-09-30,0.033217391401421326,23,23
4159655,2025-10-04,0.051762681281653004,23,23
4159655,2025-10-08,1.33405439901959,24,24
4159655,2025-10-12,0.00022916667577293183,24,24
4159655,2025-10-16,0.5069861113404235,24,24
4159655,2025-10-20,0.10190151389123815,22,22
4159655,2025-10-24,1.1471713000425585,24,24
4159655,2025-10-28,0.06757696778427258,24,24
4159655,2025-11-01,1.075866320453308,24,24
4159655,2025-11-05,0.0013038194427887598,24,24
4159655,2025-11-09,2.4740486013082164,24,24
4159655,2025-11-13,0.18931457536217108,21,21
4159655,2025-11-17,0.16335714270198157,21,21
4159655,2025-11-21,11.117449651441227,24,24
4159655,2025-11-25,10.649284732362462,24,24
4159655,2025-11-29,0.03854166643901004,24,24
4159655,2025-12-03,9.612406250834466,24,24
4159655,2025-12-07,0.052888888865709305,24,24
4159655,2025-12-11,0.7354236102352539,24,24
4159655,2025-12-15,5.110560765665852,24,24
4159655,2025-12-19,0.05254861116409301,24,24
4159655,2025-12-23,0.0010416666666666667,24,24
4159655,2025-12-27,0.0038194443927043018,24,24
4159655,2025-12-31,19.351555564751227,24,24
3400888,2025-02-14,17.38169618282053,24,24
3400888,2025-02-18,39.30894104970826,24,24
3400888,2025-02-22,3.9640324074361057,24,24
3400888,2025-02-26,12.436376734921295,24,24
3400888,2025-03-02,9.408137726287046,24,24
3400888,2025-03-06,32.00341663095686,24,24
3400888,2025-03-10,37.2850765225788,24,24
3400888,2025-03-14,6.000793400505144,24,24
3400888,2025-03-18,13.081885980235207,24,24
3400888,2025-03-22,43.7239582935969,24,24
3400888,2025-03-26,10.956880213485825,24,24
3400888,2025-03-30,4.05980194600272,23,23
3400888,2025-04-03,17.18970657719506,24,24
3400888,2025-04-07,6.290985660636892,24,24
3400888,2025-04-11,19.116969373491077,24,24
3400888,2025-04-15,22.630284719996983,24,24
3400888,2025-04-19,6.183472231030464,24,24
3400888,2025-04-23,23.31386284695731,24,24
3400888,2025-04-27,17.534693517609302,24,24
3400888,2025-05-01,26.71346353325579,24,24
3400888,2025-05-05,4.014729164954689,24,24
3400888,2025-05-09,14.560135395990478,24,24
3400888,2025-05-13,17.312196132209568,24,24
3400888,2025-05-17,13.932946173681152,24,24
3400888,2025-05-21,11.431907998190987,24,24
3400888,2025-05-25,2.1156666634552592,24,24
3400888,2025-05-29,4.268147192356845,24,24
3400888,2025-06-02,3.5444305555688014,12,12
3400888,2025-06-06,1.9384774341144497,24,24
3400888,2025-06-10,6.136076359259378,24,24
3400888,2025-06-14,10.092124967525402,24,24
3400888,2025-06-18,5.446550353223251,24,24
3400888,2025-06-22,8.097913019251132,23,23
3400888,2025-06-26,3.0920399325485857,24,24
3400888,2025-06-30,7.141383695519632,24,24
3400888,2025-07-04,5.19072222093948,24,24
3400888,2025-07-08,4.966826389233272,24,24
3400888,2025-07-12,14.166413086983892,24,24
3400888,2025-07-16,6.684862846715583,24,24
3400888,2025-07-20,19.876388941244738,24,24
3400888,2025-07-24,15.02062152988381,24,24
3400888,2025-07-28,2.6751614597936473,24,24
3400888,2025-08-01,1.9974027721004353,24,24
3400888,2025-08-05,1.9999131947600592,24,24
3400888,2025-08-09,5.133477425202727,24,24
3400888,2025-08-13,26.336489578088123,24,24
3400888,2025-08-17,10.76587849524286,24,24
3400888,2025-08-21,2.594034723006189,24,24
3400888,2025-08-25,16.425598927670055,24,24
3400888,2025-08-29,8.102743602823466,24,24
3400888,2025-09-02,4.855210057149331,24,24
3400888,2025-09-06,5.359282985329628,24,24
3400888,2025-09-10,4.133909734742095,24,24
3400888,2025-09-14,4.305187503315715,24,24
3400888,2025-09-18,2.3447204885435187,24,24
3400888,2025-09-22,2.1032097767012705,23,23
3400888,2025-09-26,4.371234368328523,24,24
3400888,2025-09-30,13.727944664458827,23,23
3400888,2025-10-04,1.4971757274337003,23,23
3400888,2025-10-08,2.637967013937628,24,24
3400888,2025-10-12,16.644906253947152,24,24
3400888,2025-10-16,13.174855906671533,24,24
3400888,2025-10-20,11.062490072156185,21,21
3400888,2025-10-24,0.7650190976474227,24,24
3400888,2025-10-28,2.3126736131315635,24,24
3400888,2025-11-01,2.935208334090809,24,24
3400888,2025-11-05,24.474682975160903,23,23
3400888,2025-11-09,25.106356473543027,24,24
3400888,2025-11-13,2.136730238825711,23,23
3400888,2025-11-17,3.641823864587103,22,22
3400888,2025-11-21,9.667201383825805,24,24
3400888,2025-11-25,2.4243709499257857,24,24
3400888,2025-11-29,4.455163193369905,24,24
3400888,2025-12-03,29.922506935728922,24,24
3400888,2025-12-07,5.076132575446043,24,24
3400888,2025-12-11,5.510184029241404,24,24
3400888,2025-12-15,9.185750000313337,24,24
3400888,2025-12-19,2.6338055578370887,24,24
3400888,2025-12-23,18.693800341751842,24,24
3400888,2025-12-27,2.968875000718981,24,24
3400888,2025-12-31,2.5771388879356283,24,24
3400951,2025-02-14,45.218427704440224,24,24
3400951,2025-02-18,49.7103422999382,24,24
3400951,2025-02-22,55.42355030112796,24,24
3400951,2025-02-26,21.95595994029392,24,24
3400951,2025-03-02,15.54612903462516,24,24
3400951,2025-03-06,43.906673562454266,24,24
3400951,2025-03-10,31.997046830184345,24,24
3400951,2025-03-14,24.93377958320909,24,24
3400951,2025-03-18,8.058784128063255,24,24
3400951,2025-03-22,35.26641660266453,24,24
3400951,2025-03-26,31.201380186610752,24,24
3400951,2025-03-30,28.84610867975415,23,23
3400951,2025-04-03,23.443473902142916,24,24
3400951,2025-04-07,0.5342812519779222,24,24
3400951,2025-04-11,14.049517347115197,24,24
3400951,2025-04-15,5.853525318783905,24,24
3400951,2025-04-19,0.8111962484778297,24,24
3400951,2025-04-23,3.394032984583949,24,24
3400951,2025-04-27,6.546932294136948,24,24
3400951,2025-05-01,9.819630209563508,24,24
3400951,2025-05-05,10.625890591078335,24,24
3400951,2025-05-09,4.104774884931329,24,24
3400951,2025-05-13,6.854196197456783,24,24
3400951,2025-05-17,11.90378475954963,24,24
3400951,2025-05-21,12.247479133411415,24,24
3400951,2025-05-25,3.362078116922122,24,24
3400951,2025-05-29,0.8710781244768037,24,24
3400951,2025-06-02,6.265094695669233,11,11
3400951,2025-06-06,3.781487850912122,24,24
3400951,2025-06-10,21.38068050228887,24,24
3400951,2025-06-14,4.6737596071683445,13,13
3400951,2025-06-18,16.830294648806255,14,14
3400951,2025-06-22,8.814300749612892,23,23
3400951,2025-06-26,6.691062522534694,24,24
3400951,2025-06-30,3.0283993091175536,24,24
3400951,2025-07-04,14.83416148937411,24,24
3400951,2025-07-08,0.8973593747036325,24,24
3400951,2025-07-12,1.9639479204650139,24,24
3400951,2025-07-16,8.848796872008178,24,24
3400951,2025-07-20,7.247100667407115,24,24
3400951,2025-07-24,4.227921870692323,24,24
3400951,2025-07-28,5.348024722963873,24,24
3400951,2025-08-01,1.1930613406778623,24,24
3400951,2025-08-05,3.917883681029909,24,24
3400951,2025-08-09,15.833598997857836,24,24
3400951,2025-08-13,18.956921839051777,24,24
3400951,2025-08-17,15.828751736837956,24,24
3400951,2025-08-21,19.621951430208153,24,24
3400951,2025-08-25,0.9249184030340984,24,24
3400951,2025-08-29,4.9958327621635465,24,24
3400951,2025-09-02,4.360217594580415,24,24
3400951,2025-09-06,1.4444652755822365,24,24
3400951,2025-09-10,13.706848984170291,24,24
3400951,2025-09-14,7.566524343435756,24,24
3400951,2025-09-18,1.099713892241319,6,6
3400951,2025-09-22,10.793739562647211,24,24
3400951,2025-09-26,11.434883681245802,24,24
3400951,2025-09-30,9.51694400246383,23,23
3400951,2025-10-04,16.967541656713337,23,23
3400951,2025-10-08,18.772380207982604,24,24
3400951,2025-10-12,9.72920023476084,24,24
3400951,2025-10-16,8.435912051113943,24,24
3400951,2025-10-20,12.13887163475765,21,21
3400951,2025-10-24,0.003124999979303943,24,24
3400951,2025-10-28,0.01724363434369917,24,24
3400951,2025-11-01,34.63515033534279,24,24
3400951,2025-11-05,15.905137483070575,18,18
3400951,2025-11-09,30.613920116976455,24,24
3400951,2025-11-13,14.839035515320317,23,23
3400951,2025-11-17,16.57603788389401,22,22
3400951,2025-11-21,11.949183452239744,24,24
3400951,2025-11-25,42.317361736868456,18,18
3400951,2025-11-29,23.407927689014898,24,24
3400951,2025-12-03,33.397158513025,24,24
3400951,2025-12-07,18.293641986452695,24,24
3400951,2025-12-11,27.185936899096877,24,24
3400951,2025-12-15,10.871284143543905,24,24
3400951,2025-12-19,15.416469911513504,24,24
3400951,2025-12-23,17.773554977222727,24,24
3400951,2025-12-27,27.01880263575801,24,24
3400951,2025-12-31,1.1655416671497127,24,24
2843720,2025-01-01,34.41902275217904,24,24
2843720,2025-01-05,48.01051059034136,24,24
2843720,2025-01-09,45.16081783045893,23,23
2843720,2025-01-13,43.56130917867025,1,1
2843720,2025-02-14,88.71486548593033,24,24
2843720,2025-02-18,84.60023557080163,24,24
2843720,2025-02-22,43.22264363452641,24,24
2843720,2025-02-26,7.179315494994323,24,24
2843720,2025-03-02,40.83112772546634,24,24
2843720,2025-03-06,97.13138467868168,24,24
2843720,2025-03-10,45.529178857803345,24,24
2843720,2025-03-14,60.68910055810755,24,24
2843720,2025-03-18,70.38231185349551,24,24
2843720,2025-03-22,106.57485167185466,24,24
2843720,2025-03-26,112.13676415549384,24,24
2843720,2025-03-30,113.41212186548445,24,24
2843720,2025-04-03,76.0699409643809,24,24
2843720,2025-04-07,26.696531884296977,24,24
2843720,2025-04-11,48.36800804403094,24,24
2843720,2025-04-15,16.605207681766263,24,24
2843720,2025-04-19,10.705339304054226,24,24
2843720,2025-04-23,42.24996184809039,24,24
2843720,2025-04-27,39.08507372615657,24,24
2843720,2025-05-01,26.707285580962193,24,24
2843720,2025-05-05,35.01012508162172,24,24
2843720,2025-05-09,26.253177964025074,24,24
2843720,2025-05-13,23.279599477847416,24,24
2843720,2025-05-17,16.566177603030447,24,24
2843720,2025-05-21,21.370424463730007,24,24
2843720,2025-05-25,12.459432799385784,23,23
2843720,2025-05-29,7.971259914959471,24,24
2843720,2025-06-02,5.0440855727309275,7,7
2843720,2025-06-06,24.516471604506176,24,24
2843720,2025-06-10,13.077093652139107,24,24
2843720,2025-06-14,6.449517606447141,24,24
2843720,2025-06-18,8.002878212906195,24,24
2843720,2025-06-22,7.344765068410021,22,22
2843720,2025-06-26,11.86539203590817,24,24
2843720,2025-06-30,10.986268040868971,24,24
2843720,2025-07-04,10.393237959029097,24,24
2843720,2025-07-08,13.549858261840512,24,24
2843720,2025-07-12,4.777998923013608,24,24
2843720,2025-07-16,4.145792835963845,24,24
2843720,2025-07-20,7.418256037331755,24,24
2843720,2025-07-24,3.328238263519274,24,24
2843720,2025-07-28,3.8357950719826,24,24
2843720,2025-08-01,16.64911494942993,23,23
2843720,2025-08-05,6.388611547441946,24,24
2843720,2025-08-09,12.224931773212221,24,24
2843720,2025-08-13,10.260711421418671,24,24
2843720,2025-08-17,4.203858292351167,24,24
2843720,2025-08-21,9.940315135651165,24,24
2843720,2025-08-25,7.009862486649342,24,24
2843720,2025-08-29,11.97782188653946,24,24
2843720,2025-09-02,5.290611421459853,24,24
2843720,2025-09-06,9.718715674347349,24,24
2843720,2025-09-10,4.088243208709173,24,24
2843720,2025-09-14,13.729883879423141,24,24
2843720,2025-09-18,8.051159064802858,24,24
2843720,2025-09-22,3.125596043576176,24,24
2843720,2025-09-26,6.604181888635876,24,24
2843720,2025-09-30,1.0389678241203304,23,23
2843720,2025-10-04,4.196427280310024,23,23
2843720,2025-10-08,10.435879634074848,24,24
2843720,2025-10-12,20.171425682668964,24,24
2843720,2025-10-16,3.83559494316513,24,24
2843720,2025-10-20,12.017728903906269,21,21
2843720,2025-10-24,11.718637155295996,24,24
2843720,2025-10-28,16.589524698302693,23,23
2843720,2025-11-01,6.114422120445558,24,24
2843720,2025-11-05,9.604971067087792,23,23
2843720,2025-11-09,10.69328849018248,24,24
2843720,2025-11-13,14.425826447522898,23,23
2843720,2025-11-17,20.184601118066766,22,22
2843720,2025-11-21,14.80398797267528,24,24
2843720,2025-11-25,23.902027346001137,24,24
2843720,2025-11-29,43.22206390715021,24,24
2843720,2025-12-03,38.984542417896805,24,24
2843720,2025-12-07,29.644109613326176,24,24
2843720,2025-12-11,36.5568009185391,24,24
2843720,2025-12-15,14.786764225511023,24,24
2843720,2025-12-19,28.796344436969235,24,24
2843720,2025-12-23,29.26835740034234,24,24
2843720,2025-12-27,23.80759424261315,24,24
2843720,2025-12-31,29.6808975288437,23,23
3099020,2025-01-01,39.02478641271591,24,24
3099020,2025-01-05,35.30925350056754,24,24
3099020,2025-01-09,60.30649985437808,23,23
3099020,2025-01-13,41.47058920426802,4,4
3099020,2025-02-14,17.42464058763451,24,24
3099020,2025-02-18,25.090005963871352,23,23
3099020,2025-02-22,32.491504576471115,24,24
3099020,2025-02-26,11.755122323279027,24,24
3099020,2025-03-02,23.65410763356421,24,24
3099020,2025-03-06,16.634402794970406,24,24
3099020,2025-03-10,20.23134547803137,24,24
3099020,2025-03-14,61.24454867839813,24,24
3099020,2025-03-18,67.15823727183871,24,24
3099020,2025-03-22,20.351340600271076,15,15
3099020,2025-03-26,33.751987947358025,24,24
3099020,2025-03-30,30.349748849868774,24,24
3099020,2025-04-03,65.42305027776294,24,24
3099020,2025-04-07,26.031255908385674,24,24
3099020,2025-04-11,51.83149289422565,24,24
3099020,2025-04-15,40.98359153005812,24,24
3099020,2025-04-19,32.2771486904886,24,24
3099020,2025-04-23,39.565612898932564,24,24
3099020,2025-04-27,32.580271363860426,24,24
3099020,2025-05-01,36.46335471308593,24,24
3099020,2025-05-05,42.37521939060905,24,24
3099020,2025-05-09,44.156751089625885,24,24
3099020,2025-05-13,32.50134990052744,24,24
3099020,2025-05-17,39.124682833751045,24,24
3099020,2025-05-21,96.74186843854409,24,24
3099020,2025-05-25,39.825728552510036,24,24
3099020,2025-05-29,62.726578269273176,24,24
3099020,2025-06-02,44.209975025870584,9,9
3099020,2025-06-06,29.672289950980083,24,24
3099020,2025-06-10,22.50093635254436,24,24
3099020,2025-06-14,49.414404471715294,24,24
3099020,2025-06-18,39.20712741577264,24,24
3099020,2025-06-22,63.83509660803753,23,23
3099020,2025-06-26,51.44144931128531,24,24
3099020,2025-06-30,71.88823958237965,24,24
3099020,2025-07-04,50.865253125778345,24,24
3099020,2025-07-08,39.74851430110372,18,18
3099020,2025-07-12,39.42233712131327,24,24
3099020,2025-07-16,53.80822090199499,24,24
3099020,2025-07-20,36.853217335060386,24,24
3099020,2025-07-24,68.03705981524304,24,24
3099020,2025-07-28,29.782903922928707,24,24
3099020,2025-08-01,44.93746892876095,24,24
3099020,2025-08-05,20.456656790441937,24,24
3099020,2025-08-09,22.867872102393047,24,24
3099020,2025-08-13,36.67355682392313,24,24
3099020,2025-08-17,19.76493113239606,24,24
3099020,2025-08-21,17.93586934135475,24,24
3099020,2025-08-25,48.39130845334795,24,24
3099020,2025-08-29,28.172280076778296,24,24
3099020,2025-09-02,56.08379350768195,24,24
3099020,2025-09-06,23.088413794835407,24,24
3099020,2025-09-10,27.716053797139065,24,24
3099020,2025-09-14,11.213789518433387,24,24
3099020,2025-09-18,52.089002750136636,24,24
3099020,2025-09-22,33.72260236077839,24,24
3099020,2025-09-26,36.50395177002708,24,24
3099020,2025-09-30,39.750163913013964,23,23
3099020,2025-10-04,39.35293709274756,23,23
3099020,2025-10-08,45.800510573531646,24,24
3099020,2025-10-12,36.444222308810716,24,24
3099020,2025-10-16,39.845987129863666,24,24
3099020,2025-10-20,45.78609936506832,21,21
3099020,2025-10-24,48.27320129926557,24,24
3099020,2025-10-28,62.908031798292086,24,24
3099020,2025-11-01,41.59674821716768,24,24
3099020,2025-11-05,35.34209292764249,23,23
3099020,2025-11-09,25.02656362950802,24,24
3099020,2025-11-13,27.66412437077306,23,23
3099020,2025-11-17,47.675511331269234,22,22
3099020,2025-11-21,53.18719496815293,24,24
3099020,2025-11-25,31.612934415733775,24,24
3099020,2025-11-29,47.55076351789245,24,24
3099020,2025-12-03,90.54414030023975,23,23
3099020,2025-12-07,27.854599906760694,13,13
3099020,2025-12-15,24.91404166751438,24,24
3099020,2025-12-19,23.40593924290604,24,24
3099020,2025-12-23,25.63952082792918,24,24
3099020,2025-12-27,66.10066661834718,24,24
3099020,2025-12-31,11.099635413620208,24,24
3270912,2025-01-01,30.85992542240355,24,24
3270912,2025-01-05,51.75952596210298,23,23
3270912,2025-01-09,42.92239073048467,23,23
3270912,2025-01-13,45.13900616055444,7,7
3270912,2025-02-14,49.095950762430824,24,24
3270912,2025-02-18,67.40283160739475,24,24
3270912,2025-02-22,49.55092010233137,24,24
3270912,2025-02-26,86.0955191983117,24,24
3270912,2025-03-02,31.080744743347168,24,24
3270912,2025-03-06,36.50618575016657,24,24
3270912,2025-03-10,58.21676558256149,24,24
3270912,2025-03-14,17.429139479994774,24,24
3270912,2025-03-18,20.064869768089718,24,24
3270912,2025-03-22,34.516112837526535,24,24
3270912,2025-03-26,50.54784361521403,24,24
3270912,2025-03-30,44.93592638900314,23,23
3270912,2025-04-03,8.148892904321352,24,24
3270912,2025-04-07,6.269489006449779,24,24
3270912,2025-04-11,24.78604169355498,24,24
3270912,2025-04-15,23.511458317438763,24,24
3270912,2025-04-19,12.443782957063782,24,24
3270912,2025-04-23,16.394256893131466,24,24
3270912,2025-04-27,5.141050049075575,24,24
3270912,2025-05-01,5.258123258956604,24,24
3270912,2025-05-05,4.475124996776382,24,24
3270912,2025-05-09,10.939639765355322,24,24
3270912,2025-05-13,9.647664926946163,24,24
3270912,2025-05-17,8.830340259811944,24,24
3270912,2025-05-21,16.881509273416466,24,24
3270912,2025-05-25,18.298739512761433,24,24
3270912,2025-05-29,8.476985474277024,24,24
3270912,2025-06-02,22.2832309477257,11,11
3270912,2025-06-06,10.954041655692789,24,24
3270912,2025-06-10,16.00640280544758,24,24
3270912,2025-06-14,12.525711816218164,24,24
3270912,2025-06-18,23.076836234993404,24,24
3270912,2025-06-22,8.041748173858808,23,23
3270912,2025-06-26,5.659283003873295,24,24
3270912,2025-06-30,6.0363912056717615,24,24
3270912,2025-07-04,4.273810754633613,24,24
3270912,2025-07-08,20.34983500507143,24,24
3270912,2025-07-12,9.684394107924566,24,24
3270912,2025-07-16,11.830911479062506,24,24
3270912,2025-07-20,25.369165534774464,24,24
3270912,2025-07-24,10.28347917397817,24,24
3270912,2025-07-28,17.050586778256626,24,24
3270912,2025-08-01,13.768668406539492,24,24
3270912,2025-08-05,12.228884844730297,24,24
3270912,2025-08-09,20.193008734120262,24,24
3270912,2025-08-13,10.046409707930353,24,24
3270912,2025-08-17,6.308604164876872,24,24
3270912,2025-08-21,3.379441551346746,24,24
3270912,2025-08-25,3.905598949227068,24,24
3270912,2025-08-29,11.893049199548033,24,24
3270912,2025-09-02,28.859733912679886,24,24
3270912,2025-09-06,27.89989396267467,24,24
3270912,2025-09-10,21.22678181860182,24,24
3270912,2025-09-14,29.41000172826979,24,24
3270912,2025-09-18,9.590326416823599,24,24
3270912,2025-09-22,10.152857106178999,24,24
3270912,2025-09-26,4.516019674908818,24,24
3270912,2025-09-30,18.12397794158091,23,23
3270912,2025-10-04,27.36101940507474,23,23
3270912,2025-10-08,38.23175751401319,24,24
3270912,2025-10-12,9.414535299329847,24,24
3270912,2025-10-16,33.09992017105774,24,24
3270912,2025-10-20,23.239259761637825,21,21
3270912,2025-10-24,19.14344503669827,24,24
3270912,2025-10-28,11.336804398121657,24,24
3270912,2025-11-01,35.51189816914223,24,24
3270912,2025-11-05,35.86491310216379,23,23
3270912,2025-11-09,40.63520838684506,24,24
3270912,2025-11-13,35.783432701045506,23,23
3270912,2025-11-17,25.083297338268974,22,22
3270912,2025-11-21,28.887076397736866,24,24
3270912,2025-11-25,45.92363543907802,24,24
3270912,2025-11-29,40.4012789465763,24,24
3270912,2025-12-03,36.61648261282179,24,24
3270912,2025-12-07,37.05519885703771,24,24
3270912,2025-12-11,29.837666653262247,24,24
3270912,2025-12-15,42.379449751642014,24,24
3270912,2025-12-19,49.68434029685127,24,24
3270912,2025-12-23,20.123989579412672,24,24
3270912,2025-12-27,31.964423576990765,24,24
3270912,2025-12-31,20.36797220541371,24,24
2439091,2025-01-01,29.224649846553802,24,24
2439091,2025-01-05,28.189213772614796,24,24
2439091,2025-01-09,35.42464659622174,22,22
2439091,2025-01-13,24.41800594329834,1,1
2439091,2025-02-14,33.47286252000115,24,24
2439091,2025-02-18,39.28693105134899,24,24
2439091,2025-02-22,34.91475329399109,24,24
2439091,2025-02-26,18.982659967258723,24,24
2439091,2025-03-02,21.11994463933839,24,24
2439091,2025-03-06,37.08467061531664,24,24
2439091,2025-03-10,43.10113809867338,24,24
2439091,2025-03-14,50.083384566836884,24,24
2439091,2025-03-18,69.02824889289009,24,24
2439091,2025-03-22,72.77557826644242,24,24
2439091,2025-03-26,80.83236412929766,24,24
2439091,2025-03-30,122.06719913747575,24,24
2439091,2025-04-03,89.83540417088403,24,24
2439091,2025-04-07,40.77491304790131,24,24
2439091,2025-04-11,118.85679267512427,24,24
2439091,2025-04-15,9.950357815758748,24,24
2439091,2025-04-19,20.10600194003847,24,24
2439091,2025-04-23,45.40256323417028,24,24
2439091,2025-04-27,108.32485598988002,24,24
2439091,2025-05-01,11.99018382595645,24,24
2439091,2025-05-05,18.087797256732227,24,24
2439091,2025-05-09,45.06183911333181,24,24
2439091,2025-05-13,12.036672984108781,24,24
2439091,2025-05-17,3.4212024743772216,24,24
2439091,2025-05-21,6.65893898051646,24,24
2439091,2025-05-25,5.408091470392214,24,24
2439091,2025-05-29,1.858263886556314,24,24
2439091,2025-06-02,2.7324334010260087,7,7
2439091,2025-06-06,10.992187935445044,24,24
2439091,2025-06-10,4.152849775974197,24,24
2439091,2025-06-14,1.7384060823824257,24,24
2439091,2025-06-18,1.4453403414938497,24,24
2439091,2025-06-22,4.338672360864238,23,23
2439091,2025-06-26,4.975218553246573,24,24
2439091,2025-06-30,15.87778688967228,24,24
2439091,2025-07-04,14.446102463536791,24,24
2439091,2025-07-08,15.940193868646718,24,24
2439091,2025-07-12,10.557370334096028,24,24
2439091,2025-07-16,8.815885836051569,24,24
2439091,2025-07-20,3.527851373875617,24,24
2439091,2025-07-24,1.2217790597227798,24,24
2439091,2025-07-28,2.063129537198822,24,24
2439091,2025-08-01,6.367603739027423,24,24
2439091,2025-08-05,5.849183605005494,24,24
2439091,2025-08-09,2.493444526014436,24,24
2439091,2025-08-13,2.908819377663395,24,24
2439091,2025-08-17,2.0912147804266876,24,24
2439091,2025-08-21,3.2441054107997602,24,24
2439091,2025-08-25,3.981946097686887,24,24
2439091,2025-08-29,6.693935034424066,24,24
2439091,2025-09-02,3.5950058620197303,24,24
2439091,2025-09-06,4.389288432706916,24,24
2439091,2025-09-10,5.946362606330887,24,24
2439091,2025-09-14,1.0457885558005526,24,24
2439091,2025-09-18,9.200664717290136,24,24
2439091,2025-09-22,2.9441286342237922,24,24
2439091,2025-09-26,1.574700617040931,24,24
2439091,2025-09-30,2.6348447257389678,23,23
2439091,2025-10-04,4.3937370800885605,23,23
2439091,2025-10-08,5.579483720163505,24,24
2439091,2025-10-12,13.147089974747765,24,24
2439091,2025-10-16,4.225319354443086,24,24
2439091,2025-10-20,11.249293645222982,21,21
2439091,2025-10-24,11.700077880299675,24,24
2439091,2025-10-28,10.048037378212053,24,24
2439091,2025-11-01,2.744624669115409,24,24
2439091,2025-11-05,8.240903325692456,23,23
2439091,2025-11-09,2.0252802595583645,24,24
2439091,2025-11-13,9.878646316984321,23,23
2439091,2025-11-17,13.286337213776688,22,22
2439091,2025-11-21,6.04581555165646,24,24
2439091,2025-11-25,17.08076113811837,24,24
2439091,2025-11-29,23.367808777667463,24,24
2439091,2025-12-03,19.204340685794186,24,24
2439091,2025-12-07,15.553584676131448,24,24
2439091,2025-12-11,23.445718448924122,24,24
2439091,2025-12-15,13.15535755061579,24,24
2439091,2025-12-19,18.916049921494864,24,24
2439091,2025-12-23,19.609307225139208,24,24
2439091,2025-12-27,21.378787820421053,24,24
2439091,2025-12-31,24.367842128880913,23,23
3458167,2025-02-22,2.866858322545886,5,5
3458167,2025-02-26,0.32045948603707886,24,24
3458167,2025-03-02,8.00491725445156,24,24
3458167,2025-03-06,16.11033677723673,24,24
3458167,2025-03-10,28.15169616147048,24,24
3458167,2025-03-14,9.336946793831885,24,24
3458167,2025-03-18,26.5080625017484,24,24
3458167,2025-03-22,6.127567717029403,24,24
3458167,2025-03-26,5.514329872663236,24,24
3458167,2025-03-30,2.521176925063997,23,23
3458167,2025-04-03,22.25048963146077,24,24
3458167,2025-04-07,14.015277160237533,24,24
3458167,2025-04-11,28.04838196105427,24,24
3458167,2025-04-15,0.08858333375408417,24,24
3458167,2025-04-19,28.163947803589206,24,24
3458167,2025-04-23,3.090556145438718,24,24
3458167,2025-04-27,0.08329513912192649,24,24
3458167,2025-05-01,29.736244839836015,24,24
3458167,2025-05-05,0.0727916677068505,24,24
3458167,2025-05-09,8.476527776206947,24,24
3458167,2025-05-13,9.541572349249488,24,24
3458167,2025-05-17,3.607185770033134,24,24
3458167,2025-05-21,7.4680052033315105,24,24
3458167,2025-05-25,0.126758681739577,24,24
3458167,2025-05-29,0.19279431291515864,21,21
3458167,2025-06-02,0.9082133884005473,11,11
3458167,2025-06-06,0.005230158803954957,21,21
3458167,2025-06-10,10.165346578709663,21,21
3458167,2025-06-14,4.002278432604813,21,21
3458167,2025-06-18,4.1374748725562345,21,21
3458167,2025-06-22,0.5793903481803442,19,19
3458167,2025-06-26,0.3063511899598534,21,21
3458167,2025-06-30,0.05531547679787591,21,21
3458167,2025-07-04,1.75039930225143,24,24
3458167,2025-07-08,0.22747552974356547,21,21
3458167,2025-07-12,6.667744016614816,21,21
3458167,2025-07-16,0.8786349215707373,21,21
3458167,2025-07-20,5.583962975040315,21,21
3458167,2025-07-24,26.61746834951734,21,21
3458167,2025-07-28,0.6904431226559811,21,21
3458167,2025-08-01,0.004896825445549828,21,21
3458167,2025-08-05,0.3975390236499527,21,21
3458167,2025-08-09,2.521186518320252,21,21
3458167,2025-08-13,22.714503244216008,21,21
3458167,2025-08-17,10.231784403324127,21,21
3458167,2025-08-21,1.3141051598248028,21,21
3458167,2025-08-25,6.7580086049579435,21,21
3458167,2025-08-29,0.04138492072917639,21,21
3458167,2025-09-02,0.22965162162048122,24,24
3458167,2025-09-06,0.6047658761815419,21,21
3458167,2025-09-10,0.010936508014325112,21,21
3458167,2025-09-14,0.05155291060902297,21,21
3458167,2025-09-18,0.040833995307958317,21,21
3458167,2025-09-22,0.27387941901035834,22,22
3458167,2025-09-26,0.40521388910917777,20,20
3458167,2025-09-30,0.2950576392923378,20,20
3458167,2025-10-04,0.04339027795112796,20,20
3458167,2025-10-08,0.0720813494274225,21,21
3458167,2025-10-12,7.594836643653572,21,21
3458167,2025-10-16,29.165392213775995,21,21
3458167,2025-10-20,0.11799326613294557,18,18
3458167,2025-10-24,0.12466269850671766,21,21
3458167,2025-10-28,0.12312896840924781,21,21
3458167,2025-11-01,0.25567460346020876,21,21
3458167,2025-11-05,1.5341270837249854,20,20
3458167,2025-11-09,4.871637568890891,21,21
3458167,2025-11-13,4.574149118246217,19,19
3458167,2025-11-17,2.309480265933171,19,19
3458167,2025-11-21,2.335404101041732,21,21
3458167,2025-11-25,3.514666666693631,21,21
3458167,2025-11-29,0.6099523796685159,21,21
3458167,2025-12-03,2.0655138923027727,24,24
3458167,2025-12-07,0.8652650465257467,24,24
3458167,2025-12-11,1.432564234764626,24,24
3458167,2025-12-15,4.0146041671331565,24,24
3458167,2025-12-19,0.6135017348634493,24,24
3458167,2025-12-23,25.333840285407174,24,24
3458167,2025-12-27,0.15571527770823904,24,24
3458167,2025-12-31,2.1822569460711545,24,24
3400997,2025-02-14,42.240429852122354,24,24
3400997,2025-02-18,14.701587950189909,24,24
3400997,2025-02-22,30.33593338727951,24,24
3400997,2025-02-26,44.16369552413622,24,24
3400997,2025-03-02,36.48248665738437,24,24
3400997,2025-03-06,43.77488772074381,22,22
3400997,2025-03-10,65.34547820356157,24,24
3400997,2025-03-14,27.15638017985556,24,24
3400997,2025-03-18,39.87642005417082,24,24
3400997,2025-03-22,54.27327463145699,21,21
3400997,2025-03-26,21.083745765686036,21,21
3400997,2025-03-30,14.523692122764059,24,24
3400997,2025-04-03,47.48503125376172,24,24
3400997,2025-04-07,44.00305562808519,13,13
3400997,2025-04-11,48.13336250115725,18,18
3400997,2025-04-15,34.23249245231802,16,16
3400997,2025-04-27,11.46197741230329,24,24
3400997,2025-05-01,27.85493191835856,24,24
3400997,2025-05-05,25.904877604860246,11,11
3400997,2025-05-09,26.264306342034114,10,10
3400997,2025-06-14,26.903359639601618,24,24
3400997,2025-06-18,33.157204327427955,19,19
3400997,2025-06-22,29.453105414808974,23,23
3400997,2025-06-26,22.161245915624832,24,24
3400997,2025-06-30,10.035056964390808,24,24
3400997,2025-07-04,23.433430592219036,24,24
3400997,2025-07-08,37.90558037492964,24,24
3400997,2025-07-12,9.741932877235943,24,24
3400997,2025-07-16,22.41392823143138,24,24
3400997,2025-07-20,10.198399325211843,24,24
3400997,2025-07-24,25.23045322911607,8,8
3400997,2025-07-28,35.43174992198215,23,23
3400997,2025-08-01,35.109617075655194,24,24
3400997,2025-08-05,18.26386379864481,24,24
3400997,2025-08-09,29.688968771033817,24,24
3400997,2025-08-13,4.750075914511325,24,24
3400997,2025-08-17,13.52582180003325,24,24
3400997,2025-08-21,13.227381384207142,24,24
3400997,2025-08-25,17.340608262353474,24,24
3400997,2025-08-29,9.409965842962265,24,24
3400997,2025-09-02,14.230069463451704,24,24
3400997,2025-09-06,16.18954166273276,24,24
3400997,2025-09-10,15.234386010302437,24,24
3400997,2025-09-14,6.64931658614013,24,24
3400997,2025-09-22,4.927922103592574,23,23
3400997,2025-09-26,31.930283828666717,24,24
3400997,2025-09-30,37.06351197898833,23,23
3400997,2025-10-04,7.326048912495231,23,23
3400997,2025-10-08,5.759632834944525,24,24
3400997,2025-10-12,2.834753893153908,24,24
3400997,2025-10-16,3.743884892330696,24,24
3400997,2025-10-20,19.237788198107765,21,21
3400997,2025-10-24,7.040092894245439,24,24
3400997,2025-10-28,14.608967916120584,24,24
3400997,2025-11-01,26.170835360603704,24,24
3400997,2025-11-05,39.8196617504563,23,23
3400997,2025-11-09,30.26673552007587,24,24
3400997,2025-11-13,43.55935222291716,23,23
3400997,2025-11-17,15.933903242501783,22,22
3400997,2025-11-21,16.73770369136775,24,24
3400997,2025-11-25,86.48455205625959,24,24
3400997,2025-11-29,32.6234624226286,24,24
3400997,2025-12-03,9.333664946172489,12,12
3400997,2025-12-07,87.77535616405427,14,14
3400997,2025-12-11,45.61465624946135,24,24
3400997,2025-12-15,44.31963076017521,24,24
3400997,2025-12-19,44.56050982916796,24,24
3400997,2025-12-23,26.876815999106125,24,24
3400997,2025-12-31,11.929810008807488,19,19
3406119,2025-02-18,26.76146551724138,580,580
3406119,2025-02-22,45.12330556980864,1411,1411
3406119,2025-02-26,123.02763106796117,515,515
3406119,2025-03-02,35.62738181818182,275,275
3406119,2025-03-06,29.447077548707753,503,503
3406119,2025-03-10,24.846073770491802,610,610
3406119,2025-03-14,7.564690265486726,565,565
3406119,2025-03-18,3.002670364659271,631,631
3406119,2025-03-26,16.20851365015167,989,989
3406119,2025-03-30,6.754084158415842,202,202
3406119,2025-04-03,14.313333333333333,546,546
3406119,2025-04-07,9.168527397260274,584,584
3406119,2025-04-11,7.122934782608695,92,92
3406119,2025-04-15,4.6389209225700165,607,607
3406119,2025-04-23,9.069169329073482,313,313
3406119,2025-05-05,9.009094202898552,552,552
3406119,2025-05-09,8.19386164676007,571,571
3406119,2025-05-13,2.9454523027960526,608,608
3406119,2025-05-25,5.764568843577005,1409,1409
3406119,2025-05-29,7.840784981228669,586,586
3406119,2025-06-02,9.686224217165668,501,501
3406119,2025-06-06,9.237866557001647,607,607
3406119,2025-06-10,11.289949579831934,595,595
3406119,2025-06-18,10.545030425963489,986,986
3406119,2025-06-26,9.984866991856677,614,614
3406119,2025-06-30,8.530969645868465,593,593
3406119,2025-07-04,5.74318108926282,624,624
3406119,2025-07-08,12.087150916784204,709,709
3406119,2025-07-16,11.086787709497207,716,716
3406119,2025-07-24,9.853513506418919,592,592
3406119,2025-07-28,10.49031220435194,1057,1057
3406119,2025-08-01,10.69248743718593,597,597
3406119,2025-08-05,10.470817757009346,642,642
3406119,2025-08-09,6.707164182835821,268,268
3406119,2025-08-13,10.192939698492463,597,597
3406119,2025-08-17,3.124152421652422,1404,1404
3406119,2025-08-21,14.375894941634241,514,514
3406119,2025-08-25,4.17002132196162,938,938
3406119,2025-08-29,4.003844507845935,1402,1402
3406119,2025-09-02,11.8928853464,1250,1250
3406119,2025-09-06,7.8711111111111105,1422,1422
3406119,2025-09-10,8.929908138081604,1397,1397
3406119,2025-09-14,3.439329096045198,1416,1416
3406119,2025-09-18,3.808046874644887,1408,1408
3406119,2025-09-22,3.2652394366197184,1420,1420
3406119,2025-10-04,5.437912243453645,1413,1413
3406119,2025-10-08,7.393151171014904,1409,1409
3406119,2025-10-12,9.65863284002819,1419,1419
3406119,2025-10-16,15.633505646506704,1417,1417
3406119,2025-10-20,10.138187845303866,905,905
3406119,2025-10-24,11.933345692161017,1416,1416
3406119,2025-10-28,4.941794777598829,1366,1366
3406119,2025-11-01,19.5238202247191,1424,1424
3406119,2025-11-05,16.359971830985916,1420,1420
3406119,2025-11-09,22.04705028328612,1412,1412
3406119,2025-11-13,24.27641570461095,1388,1388
3406119,2025-11-17,25.458345094565985,1417,1417
3406119,2025-11-21,12.273200129594722,1061,1061
3406119,2025-11-25,20.400582047685834,1426,1426
3406119,2025-11-29,9.786825564901129,1416,1416
3406119,2025-12-03,31.15782838983051,1416,1416
3406119,2025-12-07,14.158790885077952,1347,1347
3406119,2025-12-11,30.860092133238837,1411,1411
3406119,2025-12-15,37.914877704609594,1063,1063
3406119,2025-12-19,55.205475017593244,1421,1421
3406119,2025-12-23,13.356155104657795,1052,1052
3406119,2025-12-27,19.76880046971831,1420,1420
3406119,2025-12-31,7.849484463276837,1416,1416
3400931,2025-02-14,43.65205673376719,24,24
3400931,2025-02-18,23.864977416065003,24,24
3400931,2025-02-22,49.67622045675913,24,24
3400931,2025-02-26,12.963552065711054,24,24
3400931,2025-03-02,21.9988611638546,24,24
3400931,2025-03-06,28.906989587677852,24,24
3400931,2025-03-10,51.56998078028361,24,24
3400931,2025-03-14,40.14997911453247,24,24
3400931,2025-03-18,9.896814220067528,24,24
3400931,2025-03-22,21.754276027282078,24,24
3400931,2025-03-26,32.22719268914726,24,24
3400931,2025-03-30,6.968731291484142,23,23
3400931,2025-04-03,21.2571301791403,24,24
3400931,2025-04-07,7.667633488096974,24,24
3400931,2025-04-11,10.085744811428919,24,24
3400931,2025-04-15,16.439727410674095,24,24
3400931,2025-04-19,11.85409083796872,24,24
3400931,2025-04-23,7.120025470852852,24,24
3400931,2025-04-27,127.10309495925904,11,11
3400931,2025-05-17,73.67870469225777,24,24
3400931,2025-05-21,88.92979829841191,24,24
3400931,2025-05-25,11.174944431417517,24,24
3400931,2025-05-29,4.7648767326027155,24,24
3400931,2025-06-02,24.885590907299157,11,11
3400931,2025-06-06,3.789552088206013,24,24
3400931,2025-06-10,23.59669377075301,24,24
3400931,2025-06-14,40.90903655687968,24,24
3400931,2025-06-18,18.15614241361618,24,24
3400931,2025-06-22,11.08193840496782,23,23
3400931,2025-06-26,8.61837662740137,24,24
3400931,2025-06-30,5.219421875559621,24,24
3400931,2025-07-04,5.606359374192025,24,24
3400931,2025-07-08,4.1713697938765915,24,24
3400931,2025-07-12,7.550852441953288,24,24
3400931,2025-07-16,7.621453705918852,21,21
3400931,2025-07-20,8.904564251502356,24,24
3400931,2025-07-24,7.737560765610801,24,24
3400931,2025-07-28,12.40777775645256,24,24
3400931,2025-08-01,11.569614591697851,24,24
3400931,2025-08-05,8.855373277432388,24,24
3400931,2025-08-13,18.34757465455267,24,24
3400931,2025-08-21,7.6642124791940045,10,10
3400931,2025-08-25,4.127309024954836,24,24
3400931,2025-08-29,8.527990168995329,24,24
3400931,2025-09-02,5.826361121402846,24,24
3400931,2025-09-06,5.78548957573043,24,24
3400931,2025-09-10,8.789896402921942,24,24
3400931,2025-09-14,2.27662904943443,24,24
3400931,2025-09-18,2.482958334394627,24,24
3400931,2025-09-22,1.7687939818068925,24,24
3400931,2025-09-26,12.225375582884858,24,24
3400931,2025-09-30,10.95792522918356,23,23
3400931,2025-10-04,8.312293599173426,18,18
3400931,2025-10-08,5.368394676344124,24,24
3400931,2025-10-12,10.466201387290601,24,24
3400931,2025-10-16,4.935881946150524,24,24
3400931,2025-10-20,11.830416367373942,21,21
3400931,2025-10-24,1.0851886589700976,24,24
3400931,2025-10-28,1.3458738421874674,24,24
3400931,2025-11-01,20.215702546415503,24,24
3400931,2025-11-05,11.538880441715751,23,23
3400931,2025-11-09,18.46147743364175,24,24
3400931,2025-11-13,12.56544268856878,23,23
3400931,2025-11-17,4.120803030625438,22,22
3400931,2025-11-21,15.532895828617944,24,24
3400931,2025-11-25,19.504923628436195,24,24
3400931,2025-11-29,16.57274652587043,24,24
3400931,2025-12-03,19.413085068265598,24,24
3400931,2025-12-07,9.368684341209104,24,24
3400931,2025-12-11,11.688579863227076,24,24
3400931,2025-12-15,10.078812501993445,24,24
3400931,2025-12-19,15.160140623980098,24,24
3400931,2025-12-23,12.265361113929087,24,24
3400931,2025-12-27,26.025887173083092,24,24
3400931,2025-12-31,8.20131250159401,24,24
3553303,2025-03-10,39.401993188593124,24,24
3553303,2025-03-14,54.86690443091922,24,24
3553303,2025-03-18,21.875124768756223,23,23
3553303,2025-03-22,68.27144797643025,24,24
3553303,2025-03-26,135.50362980443353,18,18
3553303,2025-03-30,42.17952719661925,24,24
3553303,2025-04-03,54.55048088232676,24,24
3553303,2025-04-07,40.52782948751642,24,24
3553303,2025-04-11,137.987018727074,11,11
3553303,2025-04-23,40.80673149559233,24,24
3553303,2025-04-27,84.47701699645431,18,18
3553303,2025-05-01,23.18145001873943,24,24
3553303,2025-05-05,34.86172464754846,24,24
3553303,2025-05-09,76.81368115610546,24,24
3553303,2025-05-13,17.767257147365147,22,22
3553303,2025-05-17,10.99456594405799,24,24
3553303,2025-05-21,17.85564888103929,21,21
3553303,2025-05-25,3.0283264036730135,24,24
3553303,2025-05-29,6.9881267464435135,24,24
3553303,2025-06-02,1.207642846918177,7,7
3553303,2025-06-06,18.789991305106216,24,24
3553303,2025-06-10,4.291634498262364,24,24
3553303,2025-06-14,11.5689135043308,24,24
3553303,2025-06-18,4.499208039402262,24,24
3553303,2025-06-22,2.785954709880162,23,23
3553303,2025-06-26,5.441008087439788,24,24
3553303,2025-06-30,3.141118051626513,24,24
3553303,2025-07-04,0.15661139830416843,23,23
3553303,2025-07-08,4.665167952670405,24,24
3553303,2025-07-12,8.476199062334166,12,12
3553303,2025-07-16,3.2462152855134465,24,24
3553303,2025-07-20,5.580940141788839,16,16
3553303,2025-07-24,1.7234689814400754,24,24
3553303,2025-07-28,2.2147586864238193,24,24
3553303,2025-08-01,7.530802778219023,17,17
3553303,2025-08-05,5.744376566109831,24,24
3553303,2025-08-09,1.8458940858512909,24,24
3553303,2025-08-13,3.1907894955984957,24,24
3553303,2025-08-17,8.084888044762469,23,23
3553303,2025-08-21,3.1979784721017093,24,24
3553303,2025-08-25,7.194074622549427,24,24
3553303,2025-08-29,12.85153531046429,24,24
3553303,2025-09-02,18.368381539641906,24,24
3553303,2025-09-06,5.3434488070299,20,20
3553303,2025-09-10,6.111958919086546,24,24
3553303,2025-09-14,3.3592569335467286,24,24
3553303,2025-09-18,10.58053010434378,24,24
3553303,2025-09-22,19.4970629048883,16,16
3553303,2025-09-26,4.3075156132043855,24,24
3553303,2025-09-30,4.515064967416471,16,16
3553303,2025-10-04,2.723457728410741,23,23
3553303,2025-10-08,8.755297475028783,24,24
3553303,2025-10-12,18.96839643600914,24,24
3553303,2025-10-16,4.705824085662607,24,24
3553303,2025-10-20,25.433452454824295,21,21
3553303,2025-10-24,6.120601560983859,16,16
3553303,2025-10-28,14.643382731399903,16,16
3553303,2025-11-01,4.328966811198143,18,18
3553303,2025-11-05,6.376100858509685,23,23
3553303,2025-11-09,8.384573488097844,24,24
3553303,2025-11-13,7.263656386184159,23,23
3553303,2025-11-17,36.798176706680145,22,22
3553303,2025-11-21,24.178938522036113,21,21
3553303,2025-11-25,35.033886918567475,14,14
3553303,2025-11-29,26.58547223832399,16,16
3553303,2025-12-03,29.66210343478505,24,24
3553303,2025-12-07,22.966701352596285,24,24
3553303,2025-12-11,34.24550695816676,24,24
3553303,2025-12-15,22.723717590042995,24,24
3553303,2025-12-19,22.648072364953933,24,24
3553303,2025-12-23,21.30044732756085,24,24
3553303,2025-12-27,20.374559568475796,24,24
3553303,2025-12-31,28.36532787378284,23,23
4608423,2025-06-06,68.52571521703747,23,23
4608423,2025-06-10,50.61882205675749,24,24
4608423,2025-06-14,29.592857928208236,21,21
4608423,2025-06-18,61.00520771428158,19,19
4608423,2025-06-22,40.86485764612195,21,21
4608423,2025-06-26,45.01079304410953,24,24
4608423,2025-06-30,26.592914981406295,24,24
4608423,2025-07-04,63.16187883032798,23,23
4608423,2025-07-08,51.83267814651309,23,23
4608423,2025-07-12,42.733694466677576,22,22
4608423,2025-07-16,38.90278199459998,21,21
4608423,2025-07-20,54.58669047424759,23,23
4608423,2025-07-24,54.924519305759006,18,18
4608423,2025-07-28,60.91336081574281,19,19
4608423,2025-08-01,41.01624659728751,24,24
4608423,2025-08-05,37.22729622282736,21,21
4608423,2025-08-09,36.45412660969628,24,24
4608423,2025-08-13,57.865839843749995,20,20
4608423,2025-08-17,50.76768221088706,23,23
4608423,2025-08-21,45.24183379463527,23,23
4608423,2025-08-25,21.643912693037503,23,23
4608423,2025-08-29,44.70295571221246,21,21
4608423,2025-09-02,27.938057928807055,24,24
4608423,2025-09-06,52.318508764710096,22,22
4608423,2025-09-10,39.81496572243209,23,23
4608423,2025-09-14,59.83404426261632,24,24
4608423,2025-09-18,60.10820034438489,17,17
4608423,2025-09-22,73.73748718778505,17,17
4608423,2025-09-26,82.43111781841175,24,24
4608423,2025-09-30,136.10410757815396,16,16
4608423,2025-10-04,56.28043282170226,23,23
4608423,2025-10-08,84.0847586256818,23,23
4608423,2025-10-12,114.80664693960559,23,23
4608423,2025-10-16,127.5448253084112,24,24
4608423,2025-10-20,151.33001955505893,19,19
4608423,2025-10-24,137.3018559735231,24,24
4608423,2025-10-28,212.0439255920111,17,17
4608423,2025-11-01,189.83903689882172,24,24
4608423,2025-11-05,120.84639204525351,23,23
4608423,2025-11-09,145.3342740005917,24,24
4608423,2025-11-13,210.23388358959252,23,23
4608423,2025-11-17,266.30762971645936,21,21
4608423,2025-11-21,296.79279726369367,23,23
4608423,2025-11-25,251.19854710142218,24,24
4608423,2025-11-29,249.226302354103,24,24
4608423,2025-12-03,266.632741354451,24,24
4608423,2025-12-07,282.339053247038,21,21
4608423,2025-12-11,278.81823829069486,21,21
4608423,2025-12-15,305.6515171938874,24,24
4608423,2025-12-19,280.11311133182414,20,20
4608423,2025-12-23,73.63562218130174,19,19
4608423,2025-12-27,154.15220989410324,16,16
4608423,2025-12-31,79.00000154695469,20,20
3071173,2025-01-01,2.0448131857802054,24,24
3071173,2025-01-05,1.2483940981328487,24,24
3071173,2025-01-09,1.3535567723970483,23,23
3071173,2025-02-14,7.073774723543061,24,24
3071173,2025-02-18,1.662638312891229,24,24
3071173,2025-02-22,1.1245989612846945,24,24
3071173,2025-02-26,0.7235121545640545,24,24
3071173,2025-03-02,4.242328121352734,24,24
3071173,2025-03-06,2.6996024336096727,24,24
3071173,2025-03-10,3.5397395828945766,24,24
3071173,2025-03-14,4.1499687532583875,24,24
3071173,2025-03-18,1.6183723119836069,18,18
3071173,2025-03-22,6.246869783848524,24,24
3071173,2025-03-26,3.931414921586919,24,24
3071173,2025-03-30,4.72882638222331,24,24
3071173,2025-04-03,5.733955212475525,24,24
3071173,2025-04-07,3.263322024540317,24,24
3071173,2025-04-11,2.11449305824418,24,24
3071173,2025-04-15,3.336834703137477,24,24
3071173,2025-04-19,7.5315827315595625,24,24
3071173,2025-04-23,9.9147065613781,24,24
3071173,2025-04-27,3.607145823680589,24,24
3071173,2025-05-01,1.9586076400656667,24,24
3071173,2025-05-05,7.317046884550816,24,24
3071173,2025-05-09,4.436949657534973,24,24
3071173,2025-05-13,3.7772326281216615,24,24
3071173,2025-05-17,9.732906252352729,24,24
3071173,2025-05-21,10.547052106923527,24,24
3071173,2025-05-25,6.7444791717635875,24,24
3071173,2025-05-29,15.824459993590912,24,24
3071173,2025-06-02,20.734199036050725,9,9
3071173,2025-06-06,11.482856845547154,24,24
3071173,2025-06-10,7.9455042343562745,22,22
3071173,2025-06-14,15.404800333871712,24,24
3071173,2025-06-18,12.580387156042788,24,24
3071173,2025-06-22,6.004384060579257,23,23
3071173,2025-06-26,11.012614306934987,24,24
3071173,2025-06-30,1.994388885058773,24,24
3071173,2025-07-04,15.271107064353096,24,24
3071173,2025-07-08,2.5590295097273255,24,24
3071173,2025-07-12,11.047930571768019,24,24
3071173,2025-07-16,0.6371701387300467,24,24
3071173,2025-07-20,17.408274343858164,24,24
3071173,2025-07-24,26.36210589359204,24,24
3071173,2025-07-28,5.439842005363769,24,24
3071173,2025-08-01,15.619420190768627,24,24
3071173,2025-08-05,25.793467042346794,24,24
3071173,2025-08-09,3.4099531260888196,24,24
3071173,2025-08-13,21.84572396592961,24,24
3071173,2025-08-17,10.06330036255531,24,24
3071173,2025-08-21,7.2478941358470665,24,24
3071173,2025-08-25,14.49472801014781,24,24
3071173,2025-08-29,0.3637401619149993,24,24
3071173,2025-09-02,1.63231770571373,24,24
3071173,2025-09-06,0.4897083316075926,24,24
3071173,2025-09-10,0.890063657425344,24,24
3071173,2025-09-14,2.031766845494264,24,24
3071173,2025-09-18,0.724391996469743,24,24
3071173,2025-09-22,3.138479157221607,24,24
3071173,2025-09-26,1.1247569439932705,24,24
3071173,2025-09-30,1.458922101759716,23,23
3071173,2025-10-04,2.0837570930996785,23,23
3071173,2025-10-08,0.4304577545901001,24,24
3071173,2025-10-12,2.298269928416804,23,23
3071173,2025-10-16,1.7780312518071797,24,24
3071173,2025-10-20,1.0054781752948958,21,21
3071173,2025-10-24,0.23671180565272354,24,24
3071173,2025-10-28,3.3369943273027807,24,24
3071173,2025-11-01,1.6528368070126616,24,24
3071173,2025-11-05,6.334323066410019,23,23
3071173,2025-11-09,1.8363541663934786,24,24
3071173,2025-11-13,4.891916666721755,22,22
3071173,2025-11-17,3.304910985719074,22,22
3071173,2025-11-21,2.4528958348143433,24,24
3071173,2025-11-25,3.8250902784263925,24,24
3071173,2025-11-29,1.3352430567662747,24,24
3071173,2025-12-03,1.6968043996642033,24,24
3071173,2025-12-07,1.4457494230596002,24,24
3071173,2025-12-11,2.3178402780348226,24,24
3071173,2025-12-15,1.6151076394340231,24,24
3071173,2025-12-19,1.0036995152806505,21,21
3071173,2025-12-23,9.388465273411324,24,24
3071173,2025-12-27,0.14389583378409346,24,24
3071173,2025-12-31,2.453185716719024,23,23
3544957,2025-04-03,15.366741898987028,24,24
3544957,2025-04-07,27.70563384770143,24,24
3544957,2025-04-11,17.706513897515833,24,24
3544957,2025-04-15,13.735392370985615,24,24
3544957,2025-04-23,11.924274974399143,15,15
3544957,2025-04-27,27.353060541199703,17,17
3544957,2025-05-01,19.60593923098511,24,24
3544957,2025-05-05,37.346974733911374,15,15
3544957,2025-05-09,35.42162516863659,24,24
3544957,2025-05-13,19.61296323090792,24,24
3544957,2025-05-17,30.539394931660755,24,24
3544957,2025-05-21,43.07468710162423,24,24
3544957,2025-05-25,13.149619824356504,24,24
3544957,2025-05-29,16.24060937596692,24,24
3544957,2025-06-02,8.842838538375993,8,8
3544957,2025-06-06,10.070678801586231,24,24
3544957,2025-06-10,1.9362641422941849,23,23
3544957,2025-06-14,2.2339467501216053,24,24
3544957,2025-06-18,0.7503003062817105,24,24
3544957,2025-06-22,2.985978526331371,22,22
3544957,2025-06-26,0.8518365442851614,24,24
3544957,2025-06-30,6.372011586273502,24,24
3544957,2025-07-04,10.387703975041708,19,19
3544957,2025-07-16,11.04447621390933,7,7
3544957,2025-07-24,11.51006830488849,24,24
3544957,2025-08-01,4.862035152661628,23,23
3544957,2025-08-05,2.3235092646338873,24,24
3544957,2025-08-09,12.799505225900146,24,24
3544957,2025-08-13,20.62556926506585,23,23
3544957,2025-08-17,9.744340274069044,24,24
3544957,2025-08-21,2.1854583329688277,13,13
3544957,2025-08-25,3.9803773093089045,24,24
3544957,2025-08-29,6.816628471611896,24,24
3544957,2025-09-02,21.565658030335346,24,24
3544957,2025-09-06,7.362330569161309,15,15
3544957,2025-09-10,3.6088078842989897,24,24
3544957,2025-09-14,3.4247326373847,24,24
3544957,2025-09-18,7.5555417121070185,24,24
3544957,2025-09-22,3.4801608728270774,24,24
3544957,2025-09-26,30.525335143521577,24,24
3544957,2025-09-30,10.441717887184794,23,23
3544957,2025-10-08,5.826685362605331,13,13
3544957,2025-10-12,10.466400461554251,24,24
3544957,2025-10-16,19.591105330480193,24,24
3544957,2025-10-20,4.243458502486184,22,22
3544957,2025-10-24,5.600390856027844,24,24
3544957,2025-10-28,17.207268507575133,24,24
3544957,2025-11-01,8.724348376229129,24,24
3544957,2025-11-05,15.696751144197252,12,12
3544957,2025-11-13,1.3556764265099888,22,22
3544957,2025-11-21,4.8566666603088375,2,2
3544957,2025-11-29,9.03177836233474,24,24
3544957,2025-12-07,21.25723610899665,24,24
3544957,2025-12-11,25.743493084681944,24,24
3544957,2025-12-27,4.117041669252018,20,20
3400978,2025-02-14,46.27838885784149,24,24
3400978,2025-02-18,27.572284748156864,24,24
3400978,2025-02-22,14.849725395064764,24,24
3400978,2025-02-26,10.102808494534758,24,24
3400978,2025-03-02,18.80298614005248,24,24
3400978,2025-03-06,18.81728933006525,24,24
3400978,2025-03-10,18.725042207683952,24,24
3400978,2025-03-14,11.629052072246042,24,24
3400978,2025-03-18,20.309619804223377,24,24
3400978,2025-03-22,26.716711757885705,24,24
3400978,2025-03-26,26.12228888273239,24,24
3400978,2025-03-30,42.881947414722006,23,23
3400978,2025-04-03,3.5649039315887623,24,24
3400978,2025-04-07,15.915376713680518,24,24
3400978,2025-04-11,6.071087984044829,24,24
3400978,2025-04-15,25.982414946102327,24,24
3400978,2025-04-19,8.471565965563059,24,24
3400978,2025-04-23,14.164394119340512,24,24
3400978,2025-04-27,32.40859023667872,24,24
3400978,2025-05-01,31.585442753301724,24,24
3400978,2025-05-05,5.204730902927824,24,24
3400978,2025-05-09,25.860964102877514,24,24
3400978,2025-05-13,31.59569387303458,24,24
3400978,2025-05-17,10.263513880057468,24,24
3400978,2025-05-21,31.295011546876694,24,24
3400978,2025-05-25,21.795524325635697,24,24
3400978,2025-05-29,25.445164986782604,24,24
3400978,2025-06-02,25.61006258924802,8,8
3400978,2025-06-06,20.34698430283202,24,24
3400978,2025-06-10,5.8425451276642795,24,24
3400978,2025-06-14,23.18676847219467,24,24
3400978,2025-06-18,5.366423630957595,24,24
3400978,2025-06-22,36.60064363479614,23,23
3400978,2025-06-26,28.034888923168182,24,24
3400978,2025-06-30,32.279542856746254,24,24
3400978,2025-07-04,28.329968815048534,24,24
3400978,2025-07-08,17.21279281295008,24,24
3400978,2025-07-12,11.252976891895136,21,21
3400978,2025-07-16,22.15309716595544,24,24
3400978,2025-07-20,42.03771463202106,24,24
3400978,2025-07-24,47.90799992614322,24,24
3400978,2025-07-28,39.75960069232517,24,24
3400978,2025-08-01,34.48939804236094,24,24
3400978,2025-08-05,13.729169556250175,24,24
3400978,2025-08-09,36.32115674681133,24,24
3400978,2025-08-13,22.75230322529872,24,24
3400978,2025-08-17,22.726735562086105,24,24
3400978,2025-08-21,29.556189225779637,24,24
3400978,2025-08-25,15.627415536902845,24,24
3400978,2025-08-29,18.03049011528492,24,24
3400978,2025-09-02,9.69859660913547,24,24
3400978,2025-09-06,14.197787606881725,24,24
3400978,2025-09-10,29.717294547292923,24,24
3400978,2025-09-14,29.5841151488324,24,24
3400978,2025-09-18,13.024563057555092,24,24
3400978,2025-09-22,30.497327537337938,24,24
3400978,2025-09-26,34.21176738098816,24,24
3400978,2025-09-30,6.927806763649707,23,23
3400978,2025-10-04,13.729319428627328,23,23
3400978,2025-10-08,17.726877902924187,24,24
3400978,2025-10-12,7.572018800814704,24,24
3400978,2025-10-16,19.346692163874913,24,24
3400978,2025-10-20,11.877808313533402,21,21
3400978,2025-10-24,0.4113506934338215,24,24
3400978,2025-10-28,16.40640625258287,24,24
3400978,2025-11-01,25.348565422826344,24,24
3400978,2025-11-05,11.727513889068568,23,23
3400978,2025-11-09,21.277105325405245,24,24
3400978,2025-11-13,10.444184177286095,23,23
3400978,2025-11-17,29.12023547707182,22,22
3400978,2025-11-21,10.774471062721892,24,24
3400978,2025-11-25,6.352034727090763,24,24
3400978,2025-11-29,13.411090283261403,24,24
3400978,2025-12-03,28.44551389890688,24,24
3400978,2025-12-07,11.507265047977368,24,24
3400978,2025-12-11,32.497520805729756,24,24
3400978,2025-12-15,8.639623267327746,24,24
3400978,2025-12-19,13.357803811877966,24,24
3400978,2025-12-23,21.724027774179422,24,24
3400978,2025-12-27,15.406713555087508,24,24
3400978,2025-12-31,22.384128628951913,23,23
3405765,2025-04-11,34.56094774461354,18,18
3405765,2025-04-15,16.785055887699126,24,24
3405765,2025-04-19,27.60766439494059,24,24
3405765,2025-04-23,24.14809778659833,24,24
3405765,2025-05-01,34.038438922347446,24,24
3405765,2025-05-05,24.41021967508175,24,24
3405765,2025-05-09,6.192217961886917,24,24
3405765,2025-05-13,15.478526768163599,24,24
3405765,2025-05-17,17.726857119241746,24,24
3405765,2025-05-21,11.33569688252628,24,24
3405765,2025-05-25,8.084091165671488,24,24
3405765,2025-05-29,4.497747195239408,23,23
3405765,2025-06-02,9.15347915266951,4,4
3405765,2025-06-06,10.032069448630015,14,14
3405765,2025-06-10,3.6812686262097247,24,24
3405765,2025-06-14,8.664427501321944,24,24
3405765,2025-06-18,8.264624985555807,24,24
3405765,2025-06-22,0.20249182125246729,23,23
3405765,2025-06-26,7.824830418810098,24,24
3405765,2025-06-30,1.8320515676755,24,24
3405765,2025-07-04,4.135907845517466,24,24
3405765,2025-07-08,3.9177534202485336,24,24
3405765,2025-07-12,3.994184100222507,15,15
3405765,2025-07-16,7.062447457336736,18,18
3405765,2025-07-20,1.1371867431711047,24,24
3405765,2025-07-24,8.302489618550647,24,24
3405765,2025-07-28,8.627535252166647,24,24
3405765,2025-08-01,5.045720422683627,24,24
3405765,2025-08-05,5.110191740895631,17,17
3405765,2025-08-13,2.130192469539387,7,7
3405765,2025-08-17,1.42975636520423,24,24
3405765,2025-08-21,4.331528597154971,24,24
3405765,2025-08-25,1.7483449114619454,24,24
3405765,2025-08-29,3.6584925241182655,23,23
3405765,2025-09-02,3.088142378361557,24,24
3405765,2025-09-10,7.101225816261717,19,19
3405765,2025-09-14,7.978417583043069,24,24
3405765,2025-09-18,1.4375142873631734,24,24
3405765,2025-09-22,3.1961288327950927,24,24
3405765,2025-09-26,3.1734131356167072,24,24
3405765,2025-09-30,7.78854057501225,22,22
3405765,2025-10-04,18.67166451094179,23,23
3405765,2025-10-08,6.2561403994389995,23,23
3405765,2025-10-12,6.846628858911168,24,24
3405765,2025-10-16,1.4111567470345587,24,24
3405765,2025-10-20,2.9037664669148375,21,21
3405765,2025-10-24,1.5675242303247714,23,23
3405765,2025-10-28,3.6009816898446942,24,24
3405765,2025-11-01,18.79946903514456,19,19
3405765,2025-11-05,1.9830169197069791,22,22
3405765,2025-11-09,12.980858746053165,22,22
3405765,2025-11-13,25.211502077949113,23,23
3405765,2025-11-17,4.217131811643449,22,22
3405765,2025-11-21,8.883791072543024,24,24
3405765,2025-11-25,10.448810910915686,24,24
3405765,2025-11-29,28.571881283384997,9,9
3405765,2025-12-03,27.8508864906856,24,24
3405765,2025-12-07,21.648217928843067,24,24
3405765,2025-12-11,24.13179645214485,24,24
3405765,2025-12-15,5.812675064190089,24,24
3405765,2025-12-19,8.973383312333715,24,24
3405765,2025-12-23,12.409745507751268,23,23
3405765,2025-12-27,14.468635241939833,18,18
3405765,2025-12-31,33.048831033285744,23,23
3361679,2025-01-09,4.52273146863337,9,9
3361679,2025-01-13,25.036112984021507,7,7
3361679,2025-02-14,14.940515080880788,24,24
3361679,2025-02-18,34.3338402443462,24,24
3361679,2025-02-22,38.511362759603394,24,24
3361679,2025-02-26,17.125510428514747,24,24
3361679,2025-03-02,13.709689258546051,24,24
3361679,2025-03-06,33.82990790572431,24,24
3361679,2025-03-10,21.00859728869465,24,24
3361679,2025-03-14,3.526388889644295,24,24
3361679,2025-03-18,3.228021412027172,24,24
3361679,2025-03-22,14.125355916718641,24,24
3361679,2025-03-26,2.294489591667015,24,24
3361679,2025-03-30,32.86898922358734,23,23
3361679,2025-04-03,9.487380193779245,24,24
3361679,2025-04-07,4.939481482297803,24,24
3361679,2025-04-11,8.747491329080528,24,24
3361679,2025-04-15,2.1627013898816787,24,24
3361679,2025-04-19,1.6462262719093512,24,24
3361679,2025-04-23,5.6239965204149485,24,24
3361679,2025-04-27,5.298984384785096,24,24
3361679,2025-05-01,10.42863716185093,24,24
3361679,2025-05-05,7.747970468468136,24,24
3361679,2025-05-17,2.8413228943374835,24,24
3361679,2025-05-21,5.915803819222169,24,24
3361679,2025-05-25,2.676072927812735,24,24
3361679,2025-05-29,3.101515613121187,24,24
3361679,2025-06-02,7.269579552339786,11,11
3361679,2025-06-06,4.633843743138843,24,24
3361679,2025-06-10,24.602472775512272,24,24
3361679,2025-06-14,17.927133712503643,24,24
3361679,2025-06-18,23.59446367275233,24,24
3361679,2025-06-22,4.911601458770641,23,23
3361679,2025-06-26,18.908156878418392,24,24
3361679,2025-06-30,28.682897730420034,24,24
3361679,2025-07-04,15.234609054796623,11,11
3361679,2025-07-08,4.800881949615561,24,24
3361679,2025-07-12,2.4885937423031366,24,24
3361679,2025-07-16,8.1816961798403,24,24
3361679,2025-07-20,5.082907976272206,24,24
3361679,2025-07-24,2.7674288184175064,24,24
3361679,2025-07-28,2.227967020783884,24,24
3361679,2025-08-01,12.001435748404928,24,24
3361679,2025-08-05,9.849180546925506,24,24
3361679,2025-08-09,19.029605898592205,24,24
3361679,2025-08-13,30.502821180555557,24,24
3361679,2025-08-17,7.809600679410829,24,24
3361679,2025-08-21,21.320201413498985,24,24
3361679,2025-08-25,3.5867864617870917,24,24
3361679,2025-08-29,7.436109390989359,24,24
3361679,2025-09-02,1.5305717533143859,24,24
3361679,2025-09-06,10.453796855277485,24,24
3361679,2025-09-10,11.423676492077194,24,24
3361679,2025-09-14,3.1861672445148645,24,24
3361679,2025-09-18,1.1425746561338503,24,24
3361679,2025-09-22,6.691258678316242,24,24
3361679,2025-09-26,4.188237849193522,24,24
3361679,2025-09-30,3.396743138702926,23,23
3361679,2025-10-04,5.093711956258377,23,23
3361679,2025-10-08,2.078385416956411,24,24
3361679,2025-10-12,6.911261572994085,24,24
3361679,2025-10-16,19.137759266959296,24,24
3361679,2025-10-20,21.962684038317278,21,21
3361679,2025-10-24,2.3504022020234348,24,24
3361679,2025-10-28,6.100201384298917,24,24
3361679,2025-11-01,9.531548605756662,24,24
3361679,2025-11-05,12.291085146750877,23,23
3361679,2025-11-13,20.585061940154223,23,23
3361679,2025-11-17,6.616490525763595,22,22
3361679,2025-11-21,4.628987847258233,24,24
3361679,2025-11-25,1.0393993063933318,24,24
3361679,2025-11-29,13.295795135945083,24,24
3361679,2025-12-03,19.744302085538706,24,24
3361679,2025-12-07,20.868795149916348,24,24
3361679,2025-12-11,43.70454343458017,24,24
3361679,2025-12-15,52.82169098589156,24,24
3361679,2025-12-19,42.91734721130795,24,24
3361679,2025-12-23,34.55678127076891,24,24
3361679,2025-12-27,34.00109717978371,24,24
3361679,2025-12-31,19.28612494926072,24,24
4566427,2025-06-02,28.726166615883507,8,8
4566427,2025-06-06,46.71045792102814,24,24
4566427,2025-06-10,30.73629693190257,24,24
4566427,2025-06-14,45.988513306335165,24,24
4566427,2025-06-18,54.66091146734026,24,24
4566427,2025-06-22,62.67522189345965,23,23
4566427,2025-06-26,54.20701778902138,19,19
4566427,2025-06-30,45.99132096165358,24,24
4566427,2025-07-04,64.91173777356948,22,22
4566427,2025-07-08,35.17573246312207,22,22
4566427,2025-07-12,67.03912313710089,23,23
4566427,2025-07-16,44.7940831899643,20,20
4566427,2025-07-20,36.45012384862798,11,11
4566427,2025-07-24,54.45415594481458,24,24
4566427,2025-07-28,75.11488778944369,24,24
4566427,2025-08-01,37.882816007567776,24,24
4566427,2025-08-05,30.642058673832153,24,24
4566427,2025-08-09,60.5377743960631,24,24
4566427,2025-08-13,47.00978990395864,24,24
4566427,2025-08-17,59.15684554156135,17,17
4566427,2025-08-21,36.46605394506695,24,24
4566427,2025-08-25,18.684487867350175,24,24
4566427,2025-08-29,57.90357554621167,24,24
4566427,2025-09-02,24.063513273695445,24,24
4566427,2025-09-06,43.68149324964594,24,24
4566427,2025-09-10,48.25408095422417,24,24
4566427,2025-09-14,41.630223300721916,24,24
4566427,2025-09-18,44.84176806488423,24,24
4566427,2025-09-22,43.06760117521992,24,24
4566427,2025-09-26,49.241134840360395,24,24
4566427,2025-09-30,125.46151264024816,23,23
4566427,2025-10-04,89.67484405610406,22,22
4566427,2025-10-08,50.84746197867474,24,24
4566427,2025-10-12,75.59552957117558,24,24
4566427,2025-10-16,169.00133995255615,17,17
4566427,2025-10-20,185.15595360541104,20,20
4566427,2025-10-24,230.9597910399389,24,24
4566427,2025-10-28,209.7912542246809,4,4
4566427,2025-11-01,223.62990153236996,7,7
4566427,2025-11-05,88.60834175515289,23,23
4566427,2025-11-09,208.52211780548097,24,24
4566427,2025-11-13,267.06607350965413,13,13
4566427,2025-11-17,256.4571662883566,22,22
4566427,2025-11-21,310.78798444889213,24,24
4566427,2025-11-25,231.31464036867672,24,24
4566427,2025-11-29,222.122042610795,23,23
4566427,2025-12-03,265.3508014308082,24,24
4566427,2025-12-11,344.74450622424746,19,19
4566427,2025-12-15,270.8277307327348,24,24
4566427,2025-12-19,304.51232329739463,24,24
4566427,2025-12-23,175.20991453846926,21,21
4566427,2025-12-27,303.4892188575533,24,24
4566427,2025-12-31,330.6893197801378,24,24
2972050,2025-01-01,57.112678799364296,24,24
2972050,2025-01-05,21.918414179089154,23,23
2972050,2025-01-09,1.3759732134640217,14,14
2972050,2025-01-13,63.98508328483218,7,7
2972050,2025-02-14,58.889707916312744,24,24
2972050,2025-02-18,45.37989828321669,15,15
2972050,2025-02-22,35.59353997475571,24,24
2972050,2025-02-26,6.156211775339519,24,24
2972050,2025-03-02,55.87144114573797,24,24
2972050,2025-03-06,31.814010444614624,24,24
2972050,2025-03-10,18.141062473671305,24,24
2972050,2025-03-14,35.21547049283981,24,24
2972050,2025-03-18,20.202373299333782,24,24
2972050,2025-03-22,10.090739565591017,24,24
2972050,2025-03-26,34.76340445213848,24,24
2972050,2025-03-30,19.45373370854751,23,23
2972050,2025-04-03,20.429196230239338,24,24
2972050,2025-04-07,8.201351857847637,24,24
2972050,2025-04-11,18.727336791654427,24,24
2972050,2025-04-15,15.202531245718193,24,24
2972050,2025-04-19,8.925745399254891,24,24
2972050,2025-04-23,7.909003466367722,24,24
2972050,2025-04-27,17.065491331948174,24,24
2972050,2025-05-01,15.183503478765488,24,24
2972050,2025-05-05,8.145595457818773,24,24
2972050,2025-05-09,27.85250172350142,24,24
2972050,2025-05-13,7.144272563358148,24,24
2972050,2025-05-17,6.526828122635682,24,24
2972050,2025-05-21,17.73656423224343,24,24
2972050,2025-05-25,8.286524307396677,24,24
2972050,2025-05-29,6.870582157125075,24,24
2972050,2025-06-02,7.081401505253532,11,11
2972050,2025-06-06,5.729852427831954,24,24
2972050,2025-06-10,35.47622223032845,24,24
2972050,2025-06-14,26.252435796790653,24,24
2972050,2025-06-18,17.378623283571667,24,24
2972050,2025-06-22,19.13307549988014,23,23
2972050,2025-06-26,9.279475718736649,24,24
2972050,2025-06-30,17.57406774494383,24,24
2972050,2025-07-04,19.774557295772762,24,24
2972050,2025-07-08,3.389206603143571,24,24
2972050,2025-07-12,7.996833318637477,24,24
2972050,2025-07-16,8.731130205922657,24,24
2972050,2025-07-20,11.90096703502867,24,24
2972050,2025-07-24,5.190722226268716,24,24
2972050,2025-07-28,5.692076996175779,24,24
2972050,2025-08-01,10.395354158348507,24,24
2972050,2025-08-05,10.506310794916418,24,24
2972050,2025-08-09,22.153229160441295,24,24
2972050,2025-08-13,26.208887186315323,24,24
2972050,2025-08-17,23.86371524466409,24,24
2972050,2025-08-21,3.8701724668757786,24,24
2972050,2025-08-25,13.561065945360395,24,24
2972050,2025-08-29,3.3261203707920184,24,24
2972050,2025-09-02,2.3319438691768384,24,24
2972050,2025-09-06,5.216015616328352,24,24
2972050,2025-09-10,6.031850699749257,24,24
2972050,2025-09-14,3.1457222275849848,24,24
2972050,2025-09-18,6.848032979501618,24,24
2972050,2025-09-22,1.5886284752567816,24,24
2972050,2025-09-26,15.958026037944686,24,24
2972050,2025-09-30,25.489311114570054,23,23
2972050,2025-10-04,13.442929372318305,23,23
2972050,2025-10-08,14.075019096334776,24,24
2972050,2025-10-12,21.126777778400314,24,24
2972050,2025-10-16,19.075208327174188,24,24
2972050,2025-10-20,28.20465399441437,21,21
2972050,2025-10-24,1.2966875010920276,24,24
2972050,2025-10-28,4.283531254116032,24,24
2972050,2025-11-01,20.172300345698993,24,24
2972050,2025-11-05,21.392744552916376,23,23
2972050,2025-11-09,35.092484353648295,24,24
2972050,2025-11-13,18.050279318516747,23,23
2972050,2025-11-17,10.619931823421608,22,22
2972050,2025-11-21,20.069579869508743,24,24
2972050,2025-11-25,4.166046874918458,24,24
2972050,2025-11-29,32.13438891404205,24,24
2972050,2025-12-03,26.327440974116325,24,24
2972050,2025-12-07,3.5451047973185212,24,24
2972050,2025-12-11,30.567552067504987,24,24
2972050,2025-12-15,22.63283333513472,24,24
2972050,2025-12-19,29.9205262874413,24,24
2972050,2025-12-23,33.344244811269974,24,24
2972050,2025-12-27,38.98307646115621,24,24
2972050,2025-12-31,22.447361059900786,24,24
3243331,2025-01-01,103.10930895143086,24,24
3243331,2025-01-05,51.57062318589953,24,24
3243331,2025-01-09,60.48607782004536,23,23
3243331,2025-01-13,91.71966711680095,3,3
3243331,2025-02-14,106.97710636769882,24,24
3243331,2025-02-18,114.22255886925592,24,24
3243331,2025-02-22,118.15377253293991,24,24
3243331,2025-02-26,42.62604158702824,24,24
3243331,2025-03-02,105.24819729063246,24,24
3243331,2025-03-06,44.65345428387324,24,24
3243331,2025-03-10,44.90753121312821,24,24
3243331,2025-03-14,65.20493592156303,24,24
3243331,2025-03-18,36.80369024309847,24,24
3243331,2025-03-22,50.79822967449824,24,24
3243331,2025-03-26,41.90566202335888,24,24
3243331,2025-03-30,45.393668323755264,24,24
3243331,2025-04-03,44.88491576037021,24,24
3243331,2025-04-07,23.817850573872676,24,24
3243331,2025-04-11,29.13713542620341,24,24
3243331,2025-04-15,20.867998340063625,24,24
3243331,2025-04-19,20.06136105954647,24,24
3243331,2025-04-23,25.60647280017535,24,24
3243331,2025-04-27,19.30003413287076,24,24
3243331,2025-05-01,23.887847173545097,24,24
3243331,2025-05-05,8.274230892459551,24,24
3243331,2025-05-09,18.58468927608596,24,24
3243331,2025-05-13,12.678506367736391,24,24
3243331,2025-05-17,11.120664922727478,24,24
3243331,2025-05-21,15.836647581723001,24,24
3243331,2025-05-25,31.52659235484358,23,23
3243331,2025-05-29,13.012653428647253,24,24
3243331,2025-06-02,7.771765626966953,8,8
3243331,2025-06-06,11.760460625092188,24,24
3243331,2025-06-10,17.199680536261035,24,24
3243331,2025-06-14,30.067623267571133,24,24
3243331,2025-06-18,16.725905709796482,24,24
3243331,2025-06-22,19.571788024211276,23,23
3243331,2025-06-26,14.164122697379854,24,24
3243331,2025-06-30,10.217212390568521,24,24
3243331,2025-07-04,13.766496540771591,24,24
3243331,2025-07-08,11.833387113279768,24,24
3243331,2025-07-12,10.291706603434351,24,24
3243331,2025-07-16,21.69975869523154,24,24
3243331,2025-07-20,15.762881944576899,24,24
3243331,2025-07-24,10.046303853392601,24,24
3243331,2025-07-28,22.451489640606777,24,24
3243331,2025-08-01,12.38637788924906,24,24
3243331,2025-08-05,13.543012170328034,24,24
3243331,2025-08-09,16.033131980233723,24,24
3243331,2025-08-13,13.321404551466307,24,24
3243331,2025-08-17,13.258914922674498,24,24
3243331,2025-08-21,16.834218750397365,24,24
3243331,2025-08-25,12.606574639678001,24,24
3243331,2025-08-29,12.238179983364212,24,24
3243331,2025-09-02,14.981483238749206,24,24
3243331,2025-09-06,23.414278921816088,24,24
3243331,2025-09-10,16.69518632690112,24,24
3243331,2025-09-14,24.95644212100241,24,24
3243331,2025-09-18,30.137082727419003,24,24
3243331,2025-09-22,27.543502893712784,24,24
3243331,2025-09-26,19.958145836878707,24,24
3243331,2025-09-30,24.839355640365305,23,23
3243331,2025-10-04,44.14340211999589,23,23
3243331,2025-10-08,31.439896795655343,24,24
3243331,2025-10-12,39.184468755567515,24,24
3243331,2025-10-16,56.282678299921535,24,24
3243331,2025-10-20,47.526628824539515,21,21
3243331,2025-10-24,56.83800755706098,24,24
3243331,2025-10-28,76.99808323559937,24,24
3243331,2025-11-01,24.373672459826423,24,24
3243331,2025-11-05,31.086899899043715,23,23
3243331,2025-11-09,35.38508334822125,24,24
3243331,2025-11-13,37.219576067164326,23,23
3243331,2025-11-17,47.45726331892338,22,22
3243331,2025-11-21,44.38231252233188,24,24
3243331,2025-11-25,58.13330903417534,24,24
3243331,2025-11-29,76.79611630572212,24,24
3243331,2025-12-03,63.792030654130166,24,24
3243331,2025-12-07,134.26831129428112,24,24
3243331,2025-12-11,74.29524649712774,24,24
3243331,2025-12-15,34.74794501816785,24,24
3243331,2025-12-19,80.22111107508341,24,24
3243331,2025-12-23,75.67374659114414,24,24
3243331,2025-12-27,71.54888890054491,24,24
3243331,2025-12-31,41.68754197643863,24,24
3367257,2025-01-13,43.294410660153346,7,7
3367257,2025-02-14,38.05035772588518,24,24
3367257,2025-02-18,30.13420668575499,24,24
3367257,2025-02-22,6.851053811816706,24,24
3367257,2025-02-26,6.601055561254422,24,24
3367257,2025-03-02,25.738517350620693,24,24
3367257,2025-03-06,15.184015626708666,24,24
3367257,2025-03-10,31.990788181622822,24,24
3367257,2025-03-14,6.372147573158145,24,24
3367257,2025-03-18,4.854749998698632,24,24
3367257,2025-03-22,1.64687847016224,24,24
3367257,2025-03-26,14.439335065583387,24,24
3367257,2025-03-30,3.27340398826029,23,23
3367257,2025-04-03,10.928592035339939,24,24
3367257,2025-04-07,4.191548026270337,24,24
3367257,2025-04-11,13.466340336534712,24,24
3367257,2025-04-15,2.755170718326958,24,24
3367257,2025-04-19,7.264875585213304,24,24
3367257,2025-04-23,6.823709482327104,24,24
3367257,2025-04-27,10.308900460600853,24,24
3367257,2025-05-01,6.186913194755713,24,24
3367257,2025-05-05,2.7829895913342217,24,24
3367257,2025-05-09,2.404777777898643,24,24
3367257,2025-05-13,3.4848784709142318,24,24
3367257,2025-05-17,5.296090285811159,24,24
3367257,2025-05-21,8.411791663306454,24,24
3367257,2025-05-25,1.7756336796640728,24,24
3367257,2025-05-29,2.4849791647090265,24,24
3367257,2025-06-02,1.8402083375575868,11,11
3367257,2025-06-06,0.8576423644165819,24,24
3367257,2025-06-10,10.378652792010042,24,24
3367257,2025-06-14,4.8220885296662646,24,24
3367257,2025-06-18,5.198772572394874,24,24
3367257,2025-06-22,2.98636956602011,23,23
3367257,2025-06-26,1.2881753477785323,24,24
3367257,2025-06-30,2.2110729148197508,24,24
3367257,2025-07-04,0.6673958332329574,24,24
3367257,2025-07-08,1.6560434047908832,24,24
3367257,2025-07-12,1.7703802131582052,24,24
3367257,2025-07-16,0.7573993062703974,24,24
3367257,2025-07-20,1.1553072911661324,24,24
3367257,2025-07-24,3.8507951353676617,24,24
3367257,2025-07-28,1.9303715202129548,24,24
3367257,2025-08-01,1.3183836807082925,24,24
3367257,2025-08-05,0.30780729175441796,24,24
3367257,2025-08-09,2.806866324493765,24,24
3367257,2025-08-13,3.0651562543741115,24,24
3367257,2025-08-17,0.8855364590805644,24,24
3367257,2025-08-21,0.7089988434583776,24,24
3367257,2025-08-25,1.011975696310401,24,24
3367257,2025-08-29,0.2532471081035005,24,24
3367257,2025-09-02,0.19286516244109306,24,24
3367257,2025-09-06,0.6256475718045194,24,24
3367257,2025-09-10,0.9896249977043934,24,24
3367257,2025-09-14,0.06317013956140727,24,24
3367257,2025-09-18,1.114092018093086,24,24
3367257,2025-09-22,0.1878559040552419,24,24
3367257,2025-09-26,4.008826389851877,24,24
3367257,2025-09-30,2.496074606627913,23,23
3367257,2025-10-04,0.8317699280284022,23,23
3367257,2025-10-08,3.659286457295012,24,24
3367257,2025-10-12,11.743163195930215,24,24
3367257,2025-10-16,3.4896996520977055,24,24
3367257,2025-10-20,1.109026815554198,21,21
3367257,2025-11-01,1.0352951397188008,24,24
3367257,2025-11-05,0.3362463780854275,23,23
3291927,2025-01-01,86.10927465226915,24,24
3291927,2025-01-05,43.80073191463083,23,23
3291927,2025-01-09,17.657728267752606,23,23
3291927,2025-01-13,24.75950004940941,7,7
3291927,2025-02-14,43.62990325689316,24,24
3291927,2025-02-18,44.89109898938073,24,24
3291927,2025-02-22,67.13055019908481,24,24
3291927,2025-02-26,46.522657937473724,24,24
3291927,2025-03-02,23.90045839216974,24,24
3291927,2025-03-06,12.546493048055304,24,24
3291927,2025-03-10,17.39391836358441,24,24
3291927,2025-03-14,16.132810787194305,24,24
3291927,2025-03-18,7.328376145826446,24,24
3291927,2025-03-22,23.990126710799004,24,24
3291927,2025-03-26,15.791255224082205,24,24
3291927,2025-03-30,7.000541690750507,23,23
3291927,2025-04-03,13.906921888391176,24,24
3291927,2025-04-07,3.0510607590743652,24,24
3291927,2025-04-11,9.988876732687155,24,24
3291927,2025-04-15,12.990085093511475,24,24
3291927,2025-04-19,12.605027764621708,24,24
3291927,2025-04-23,8.181300356984138,24,24
3291927,2025-04-27,10.891018319912632,24,24
3291927,2025-05-01,15.32825231552124,24,24
3291927,2025-05-05,13.29165798591243,24,24
3291927,2025-05-09,17.60464816623264,24,24
3291927,2025-05-13,14.834640642007193,24,24
3291927,2025-05-17,4.041347231715918,24,24
3291927,2025-05-21,19.429663257466423,24,24
3291927,2025-05-25,6.330583321551482,24,24
3291927,2025-05-29,1.7605388276478877,24,24
3291927,2025-06-02,17.89642037044872,11,11
3291927,2025-06-06,16.285237848758698,24,24
3291927,2025-06-10,24.38980558845732,24,24
3291927,2025-06-14,16.74045141537984,24,24
3291927,2025-06-18,21.292199664645725,24,24
3291927,2025-06-22,18.14252897967463,23,23
3291927,2025-06-26,26.936209562751984,24,24
3291927,2025-06-30,20.405269159211052,24,24
3291927,2025-07-04,13.350293397903442,24,24
3291927,2025-07-08,1.4441770797905822,24,24
3291927,2025-07-12,7.340427084101571,24,24
3291927,2025-07-16,12.117138904001978,24,24
3291927,2025-07-20,20.531246579355663,24,24
3291927,2025-07-24,12.718440992964638,24,24
3291927,2025-07-28,5.089552665750186,24,24
3291927,2025-08-01,6.869465289016564,24,24
3291927,2025-08-05,5.929864581260417,24,24
3291927,2025-08-09,18.01653993792004,24,24
3291927,2025-08-13,25.037094314893086,24,24
3291927,2025-08-17,23.01620136698087,24,24
3291927,2025-08-21,20.545625583993065,24,24
3291927,2025-08-25,9.148875009682444,24,24
3291927,2025-08-29,15.153230918778313,24,24
3291927,2025-09-02,8.520633687575659,24,24
3291927,2025-09-06,1.2587951430016093,24,24
3291927,2025-09-10,11.430703152385023,24,24
3291927,2025-09-14,18.646196665759714,24,24
3291927,2025-09-18,5.64182984828949,24,24
3291927,2025-09-22,10.490897571047148,24,24
3291927,2025-09-26,12.951192704867573,24,24
3291927,2025-09-30,16.95624906545571,23,23
3291927,2025-10-04,12.652318854608396,23,23
3291927,2025-10-08,7.313069445143143,24,24
3291927,2025-10-12,13.464387153585752,24,24
3291927,2025-10-16,22.29118226501677,24,24
3291927,2025-10-20,24.81828013777217,21,21
3291927,2025-10-24,1.8409965264585075,24,24
3291927,2025-10-28,5.354744794998421,24,24
3291927,2025-11-01,15.774300349089835,24,24
3291927,2025-11-05,10.025199279232302,23,23
3291927,2025-11-09,18.92769097155995,24,24
3291927,2025-11-13,38.09050020160097,23,23
3291927,2025-11-17,9.958426129806675,22,22
3291927,2025-11-21,18.841560770488446,24,24
3291927,2025-11-25,24.45911631459991,24,24
3291927,2025-11-29,20.247888900174036,24,24
3291927,2025-12-03,43.1066666815016,24,24
3291927,2025-12-07,19.370140156300383,24,24
3291927,2025-12-11,12.33447916764352,24,24
3291927,2025-12-15,28.917881935172613,24,24
3291927,2025-12-19,23.778847206963434,24,24
3291927,2025-12-23,20.351631941397986,24,24
3291927,2025-12-27,18.396236093176736,24,24
3291927,2025-12-31,7.091618061189851,24,24
1784313,2025-01-01,27.40689069694943,24,24
1784313,2025-01-05,14.508257525455878,23,23
1784313,2025-01-09,10.48901827266251,23,23
1784313,2025-01-13,1.5778061238427958,7,7
1784313,2025-02-14,4.836681548971683,24,24
1784313,2025-02-18,8.733258934484587,24,24
1784313,2025-02-22,19.72848458753692,24,24
1784313,2025-02-26,14.572900145004192,24,24
1784313,2025-03-02,5.648003483398093,24,24
1784313,2025-03-06,12.186755923761261,24,24
1784313,2025-03-10,8.745510925021437,24,24
1784313,2025-03-14,1.6323991433924272,24,24
1784313,2025-03-18,1.2294766941728692,24,24
1784313,2025-03-22,10.791356671187613,24,24
1784313,2025-03-26,7.444134412954251,24,24
1784313,2025-03-30,3.8328372895501666,23,23
1784313,2025-04-03,5.989072425497903,24,24
1784313,2025-04-07,3.990682875996249,24,24
1784313,2025-04-11,15.09406003024843,24,24
1784313,2025-04-15,1.633717757442759,24,24
1784313,2025-04-19,2.8607680180834403,24,24
1784313,2025-04-23,3.8388930339262717,24,24
1784313,2025-04-27,1.2604662684930696,24,24
1784313,2025-05-01,7.595018250961797,24,24
1784313,2025-05-05,2.9862971188397043,24,24
1784313,2025-05-09,3.519345251067231,24,24
1784313,2025-05-13,4.208209327629043,24,24
1784313,2025-05-17,0.9671228696930815,24,24
1784313,2025-05-21,6.723412689235475,24,24
1784313,2025-05-25,3.278583834051258,24,24
1784313,2025-05-29,5.404224526137114,24,24
1784313,2025-06-02,2.410173166881908,11,11
1784313,2025-06-06,9.197962395019001,24,24
1784313,2025-06-10,13.196201221810448,24,24
1784313,2025-06-14,21.104042606221306,24,24
1784313,2025-06-18,7.003968262010151,24,24
1784313,2025-06-22,7.632763981819153,23,23
1784313,2025-06-26,17.879960315095055,24,24
1784313,2025-06-30,5.370535703996818,24,24
1784313,2025-07-04,12.699280752076042,24,24
1784313,2025-07-08,0.6356646843358046,24,24
1784313,2025-07-12,2.5236855087180934,24,24
1784313,2025-07-16,7.931402942372693,24,24
1784313,2025-07-20,8.190662206874952,24,24
1784313,2025-07-24,4.996899806790881,24,24
1784313,2025-07-28,1.3972800894536908,24,24
1784313,2025-08-01,4.123883918341663,24,24
1784313,2025-08-05,1.9340484453779128,24,24
1784313,2025-08-09,12.13430056638188,24,24
1784313,2025-08-13,13.750475330485237,24,24
1784313,2025-08-17,7.850917652249336,24,24
1784313,2025-08-21,8.566579876674547,24,24
1784313,2025-08-25,9.940228160884645,24,24
1784313,2025-08-29,2.2520089291243086,24,24
1784313,2025-09-02,4.021705525823765,24,24
1784313,2025-09-06,0.9958457382292383,24,24
1784313,2025-09-10,4.337227173460026,24,24
1784313,2025-09-14,4.013248176210456,24,24
1784313,2025-09-18,4.68423030908323,24,24
1784313,2025-09-22,11.817501655469338,24,24
1784313,2025-09-26,0.5578083664021164,24,24
1784313,2025-09-30,8.121221924211055,23,23
1784313,2025-10-04,12.481720151828847,23,23
1784313,2025-10-08,13.5117791005291,15,15
1784313,2025-10-12,10.768353174603176,24,24
1784313,2025-10-16,6.938430059523809,24,24
1784313,2025-10-20,13.683196763553905,21,21
1784313,2025-10-24,4.600041335978836,24,24
1784313,2025-10-28,11.348086144179895,24,24
1784313,2025-11-01,11.643241567460317,24,24
1784313,2025-11-05,28.23233695652174,23,23
1784313,2025-11-09,14.405071924603176,24,24
1784313,2025-11-13,23.500336438923394,23,23
1784313,2025-11-17,10.985998376623376,22,22
1784313,2025-11-21,4.521308697089947,24,24
1784313,2025-11-25,11.017795138888888,24,24
1784313,2025-11-29,18.106026785714285,24,24
1784313,2025-12-03,17.8718998015873,24,24
1784313,2025-12-07,14.677703373015873,24,24
1784313,2025-12-11,28.261491402116402,24,24
1784313,2025-12-15,23.125434027777782,24,24
1784313,2025-12-19,13.203683035714286,24,24
1784313,2025-12-23,14.532118055555555,24,24
1784313,2025-12-27,8.389384920634921,24,24
1784313,2025-12-31,8.296812996031745,24,24
2943144,2025-01-01,20.664098944928913,24,24
2943144,2025-01-05,8.683207506718842,23,23
2943144,2025-01-09,21.616188978803333,23,23
2943144,2025-01-13,16.602874994277954,7,7
2943144,2025-02-14,11.800340268346998,24,24
2943144,2025-02-18,25.10448379980193,24,24
2943144,2025-02-22,10.93051851251059,24,24
2943144,2025-02-26,23.26866311000453,24,24
2943144,2025-03-02,4.288226844949855,24,24
2943144,2025-03-06,16.856372070265934,24,24
2943144,2025-03-10,4.934024276548169,24,24
2943144,2025-03-14,6.091379023674462,24,24
2943144,2025-03-18,10.132552658104235,24,24
2943144,2025-03-22,8.22639640627636,24,24
2943144,2025-03-26,22.40129567682743,24,24
2943144,2025-03-30,4.53650119598361,23,23
2943144,2025-04-03,2.8649727950493493,24,24
2943144,2025-04-07,9.392357822846282,24,24
2943144,2025-04-11,31.303644094202255,24,24
2943144,2025-04-15,2.1626232548409865,24,24
2943144,2025-04-19,4.283979167514998,24,24
2943144,2025-04-23,12.901230866710344,24,24
2943144,2025-04-27,5.993408001545403,24,24
2943144,2025-05-01,6.045516197880109,24,24
2943144,2025-05-05,11.020642365018526,24,24
2943144,2025-05-09,13.27661800881227,24,24
2943144,2025-05-13,3.5221666573650308,24,24
2943144,2025-05-17,20.087569408946568,24,24
2943144,2025-05-21,8.643784715897507,24,24
2943144,2025-05-25,12.486281235184935,24,24
2943144,2025-05-29,27.984463502963383,24,24
2943144,2025-06-02,19.42566673623191,12,12
2943144,2025-06-06,5.118937496716778,24,24
2943144,2025-06-10,23.584159700406925,24,24
2943144,2025-06-14,13.232277796500258,24,24
2943144,2025-06-18,26.93999307023154,24,24
2943144,2025-06-22,8.05457787928374,23,23
2943144,2025-06-26,2.268843753806626,24,24
2943144,2025-06-30,14.600694474246767,24,24
2943144,2025-07-04,18.648163401418262,24,24
2943144,2025-07-08,6.4219166653023825,24,24
2943144,2025-07-12,11.379357624385092,24,24
2943144,2025-07-16,21.77786464823617,24,24
2943144,2025-07-20,5.405774313542579,24,24
2943144,2025-07-24,9.276104154686132,24,24
2943144,2025-07-28,18.466365198294323,24,24
2943144,2025-08-01,13.11238061373282,24,24
2943144,2025-08-05,39.37453472283151,24,24
2943144,2025-08-09,23.164366351233586,24,24
2943144,2025-08-13,16.054046246590037,24,24
2943144,2025-08-17,17.58164413438903,24,24
2943144,2025-08-21,17.895329859521656,24,24
2943144,2025-08-25,14.687664922740725,24,24
2943144,2025-08-29,7.80351389447848,23,23
2943144,2025-09-02,6.698033557997809,24,24
2943144,2025-09-06,12.234015630351173,24,24
2943144,2025-09-10,6.762657997508843,24,24
2943144,2025-09-14,9.304385408345196,24,24
2943144,2025-09-18,26.090732647313015,24,24
2943144,2025-09-22,3.1779515531908555,24,24
2943144,2025-09-26,21.171873301267624,24,24
2943144,2025-09-30,12.71792670145441,23,23
2943144,2025-10-04,4.906994564242769,23,23
2943144,2025-10-08,17.751435761650402,24,24
2943144,2025-10-12,9.588489584790336,24,24
2943144,2025-10-16,43.4017424956516,24,24
2943144,2025-10-20,2.694790406133254,21,21
2943144,2025-10-24,14.899269094504417,24,24
2943144,2025-10-28,17.536046861029334,24,24
2943144,2025-11-01,6.769277774777987,24,24
2943144,2025-11-05,5.597300724771575,23,23
2943144,2025-11-09,20.928331621819073,24,24
2943144,2025-11-13,1.9678947637036774,23,23
2943144,2025-11-17,13.062368056163042,22,22
2943144,2025-11-21,31.82246873776118,24,24
2943144,2025-11-25,14.991594902370814,24,24
2943144,2025-11-29,31.353392354812886,24,24
2943144,2025-12-03,15.603513884544371,24,24
2943144,2025-12-07,9.940849590873476,24,24
2943144,2025-12-11,20.82206942770216,24,24
2943144,2025-12-15,19.94143749806616,24,24
2943144,2025-12-19,10.529304242589408,24,24
2943144,2025-12-23,11.06041839948545,24,24
2943144,2025-12-27,20.327342037028735,24,24
2943144,2025-12-31,45.08628119760089,24,24
3063866,2025-01-01,6.167034728245603,24,24
3063866,2025-01-05,3.3906837463008688,23,23
3063866,2025-01-09,7.495407610483792,23,23
3063866,2025-01-13,10.803145792749193,6,6
3063866,2025-02-14,5.910946167177624,24,24
3063866,2025-02-18,6.618572918905152,24,24
3063866,2025-02-22,4.305358212027285,24,24
3063866,2025-02-26,8.23311288634108,24,24
3063866,2025-03-02,10.396300389534897,24,24
3063866,2025-03-06,4.12549363842441,24,24
3063866,2025-03-10,7.160452533099387,24,24
3063866,2025-03-14,6.257958324833049,24,24
3063866,2025-03-18,4.4408124953301416,24,24
3063866,2025-03-22,8.106211243404283,24,24
3063866,2025-03-26,9.323680573867426,24,24
3063866,2025-03-30,5.758263881421751,24,24
3063866,2025-04-03,6.035204849309391,24,24
3063866,2025-04-07,9.213555671048887,24,24
3063866,2025-04-11,7.289671301841736,24,24
3063866,2025-04-15,7.164871507360225,19,19
3063866,2025-04-19,3.094021408301261,24,24
3063866,2025-04-23,6.297204852104187,24,24
3063866,2025-04-27,17.336725011317416,24,24
3063866,2025-05-01,12.198743043674362,24,24
3063866,2025-05-05,4.560822935981883,24,24
3063866,2025-05-09,7.213058456778526,24,24
3063866,2025-05-13,9.246892008516523,24,24
3063866,2025-05-17,6.668972813420826,24,24
3063866,2025-05-21,10.012862828042772,24,24
3063866,2025-05-25,2.362093759312605,24,24
3063866,2025-05-29,10.659718127751892,24,24
3063866,2025-06-02,20.263420614329252,11,11
3063866,2025-06-06,16.97137150168419,24,24
3063866,2025-06-10,4.508807316202566,24,24
3063866,2025-06-14,13.01146706359254,24,24
3063866,2025-06-18,8.150128471354643,24,24
3063866,2025-06-22,19.57235684947691,23,23
3063866,2025-06-26,16.947370618581772,24,24
3063866,2025-06-30,12.589348937074343,24,24
3063866,2025-07-04,11.21032760043939,24,24
3063866,2025-07-08,19.052159719996983,24,24
3063866,2025-07-12,13.231878480977484,24,24
3063866,2025-07-16,9.76331598394447,24,24
3063866,2025-07-20,9.19539409213596,24,24
3063866,2025-07-24,7.689078046909591,23,23
3063866,2025-07-28,24.169895810385544,24,24
3063866,2025-08-01,10.12647797498438,24,24
3063866,2025-08-05,6.889420132670138,24,24
3063866,2025-08-09,22.19652086496353,24,24
3063866,2025-08-13,11.617097198963165,24,24
3063866,2025-08-17,26.11823259128465,24,24
3063866,2025-08-21,17.2804982546303,24,24
3063866,2025-08-25,54.34158991707696,24,24
3063866,2025-08-29,41.18380561139848,24,24
3063866,2025-09-02,46.32940791050593,24,24
3063866,2025-09-06,41.8264113134808,24,24
3063866,2025-09-10,37.97309201293522,24,24
3063866,2025-09-14,39.36259254482057,24,24
3063866,2025-09-18,56.131157437960304,24,24
3063866,2025-09-22,27.07593810558319,24,24
3063866,2025-09-26,34.988822942045,20,20
3063866,2025-09-30,34.42809835590183,23,23
3063866,2025-10-04,22.62972222422632,23,23
3063866,2025-10-08,45.56432523120333,24,24
3063866,2025-10-12,39.57494381147402,24,24
3063866,2025-10-16,48.21854047068843,24,24
3063866,2025-10-20,31.48754439066097,21,21
3063866,2025-10-24,10.534581580151873,24,24
3063866,2025-10-28,37.43759782214959,24,24
3063866,2025-11-01,21.297033564470432,24,24
3063866,2025-11-05,11.419624998834397,23,23
3063866,2025-11-09,15.020590277512868,24,24
3063866,2025-11-13,20.6634728199042,23,23
3063866,2025-11-17,8.361481486867975,9,9
3063866,2025-11-21,2.349397570386322,24,24
3063866,2025-11-25,6.886115160225718,24,24
3063866,2025-11-29,13.711694447420262,24,24
3063866,2025-12-03,8.379767362276713,24,24
3063866,2025-12-07,6.0462334293483275,24,24
3063866,2025-12-11,5.494381947380801,24,24
3063866,2025-12-15,4.802814815086485,24,24
3063866,2025-12-19,5.37946183172365,24,24
3063866,2025-12-23,2.937419823164854,24,24
3063866,2025-12-27,8.512586804820845,24,24
3063866,2025-12-31,3.487659721324841,24,24
1236037,2025-01-05,190.26052196438695,24,24
1236037,2025-01-09,157.84743814883024,23,23
1236037,2025-01-13,310.3124173482259,2,2
1236037,2025-02-14,131.99990414248572,24,24
1236037,2025-02-18,77.07306441995833,24,24
1236037,2025-02-22,101.62828923596277,24,24
1236037,2025-02-26,174.88734452893036,24,24
1236037,2025-03-02,96.26765383710766,24,24
1236037,2025-03-06,95.68412458896637,24,24
1236037,2025-03-10,109.11331296059173,21,21
1236037,2025-03-14,76.63692289530628,24,24
1236037,2025-03-18,71.66393866803911,24,24
1236037,2025-03-22,50.014809010606825,24,24
1236037,2025-03-26,84.51936270131004,24,24
1236037,2025-03-30,83.52098726343225,24,24
1236037,2025-04-03,54.92110215734552,24,24
1236037,2025-04-07,35.53026601559787,24,24
1236037,2025-04-11,32.40477925397961,24,24
1236037,2025-04-15,71.62728296385872,24,24
1236037,2025-04-19,69.3176586302844,24,24
1236037,2025-04-23,49.29467148674859,15,15
1236037,2025-04-27,54.47862070407792,23,23
1236037,2025-05-01,63.333951536288936,22,22
1236037,2025-05-05,56.566526055336,24,24
1236037,2025-05-09,57.67972149752607,24,24
1236037,2025-05-13,45.283451437950134,24,24
1236037,2025-05-17,36.14511902898249,24,24
1236037,2025-05-21,13.352786349889003,4,4
1236037,2025-05-25,23.03947566697995,24,24
1236037,2025-05-29,20.347400682226375,24,24
1236037,2025-06-02,49.8247260139102,7,7
1236037,2025-06-06,53.0636219426839,24,24
1236037,2025-06-10,55.28498387517351,24,24
1236037,2025-06-14,42.21716311242845,24,24
1236037,2025-06-18,35.185950731568866,24,24
1236037,2025-06-22,43.96298811275497,23,23
1236037,2025-06-26,10.541203822612676,24,24
1236037,2025-06-30,44.43466774622599,24,24
1236037,2025-07-04,36.91626232139992,24,24
1236037,2025-07-08,28.375157048365082,24,24
1236037,2025-07-12,37.955911496569755,24,24
1236037,2025-07-16,31.967426420642873,16,16
1236037,2025-07-20,32.089785704405415,23,23
1236037,2025-07-24,34.094618843808,23,23
1236037,2025-07-28,32.62109193868107,24,24
1236037,2025-08-01,38.88579850726658,24,24
1236037,2025-08-05,39.31964420278867,16,16
1236037,2025-08-09,15.317614763473422,24,24
1236037,2025-08-13,13.390331591996881,24,24
1236037,2025-08-17,12.758122036207205,24,24
1236037,2025-08-21,27.267552813777215,9,9
1236037,2025-08-25,31.058565934499104,24,24
1236037,2025-08-29,29.608797966552146,23,23
1236037,2025-09-02,10.894733515179691,8,8
1236037,2025-09-06,31.611420064261466,24,24
1236037,2025-09-10,32.851610946242424,14,14
1236037,2025-09-14,21.463737182765698,24,24
1236037,2025-09-18,32.64513604327886,24,24
1236037,2025-09-22,44.822232588774426,24,24
1236037,2025-09-26,20.60127804524168,24,24
1236037,2025-09-30,42.416215849766665,23,23
1236037,2025-10-04,30.282368078072658,23,23
1236037,2025-10-08,50.74361111698327,24,24
1236037,2025-10-12,56.56660529341963,24,24
1236037,2025-10-16,101.64931883458739,24,24
1236037,2025-10-20,138.6843194407417,21,21
1236037,2025-10-24,109.3820560030022,24,24
1236037,2025-10-28,60.673001582683405,23,23
1236037,2025-11-01,43.4468581803419,24,24
1236037,2025-11-05,163.26520607543713,22,22
1236037,2025-11-09,95.54911116797369,22,22
1236037,2025-11-13,186.53584274548314,23,23
1236037,2025-11-17,155.06809661171653,22,22
1236037,2025-11-21,153.73281147015481,24,24
1236037,2025-11-25,207.03144835719354,24,24
1236037,2025-11-29,136.02278470993042,24,24
1236037,2025-12-03,197.4447480693008,24,24
1236037,2025-12-07,180.74124340481228,17,17
1236037,2025-12-15,160.60737500455645,24,24
1236037,2025-12-19,176.05576993047762,21,21
1236037,2025-12-23,196.87289104020155,24,24
1236037,2025-12-27,213.5963678981319,24,24
1236037,2025-12-31,186.23266576188837,19,19
3089389,2025-01-01,6.895474539448817,24,24
3089389,2025-01-05,13.19665503570999,23,23
3089389,2025-01-09,12.035961916481238,23,23
3089389,2025-01-13,12.440720240275066,7,7
3089389,2025-02-14,5.504630205117994,24,24
3089389,2025-02-18,7.645890624158913,24,24
3089389,2025-02-22,7.168126728799607,24,24
3089389,2025-02-26,8.276165500283241,24,24
3089389,2025-03-02,8.651211818059286,24,24
3089389,2025-03-06,4.7403124827477665,24,24
3089389,2025-03-10,2.7860433985996576,24,24
3089389,2025-03-14,4.140390632674098,24,24
3089389,2025-03-18,7.294201966789033,24,24
3089389,2025-03-22,9.451157985462084,24,24
3089389,2025-03-26,7.505760420527722,24,24
3089389,2025-03-30,6.3894895787040396,24,24
3089389,2025-04-03,6.01446873943011,24,24
3089389,2025-04-07,8.663506941662893,24,24
3089389,2025-04-11,10.89073785311646,24,24
3089389,2025-04-15,7.202888870404826,24,24
3089389,2025-04-19,9.238482625948057,24,24
3089389,2025-04-23,6.49008737421698,24,24
3089389,2025-04-27,4.128497628250507,24,24
3089389,2025-05-01,3.2378159843436958,24,24
3089389,2025-05-05,5.632326349616051,24,24
3089389,2025-05-09,3.741699658075554,24,24
3089389,2025-05-13,3.8533226465641737,24,24
3089389,2025-05-17,5.844093127721789,24,24
3089389,2025-05-21,3.76732117907765,24,24
3089389,2025-05-25,4.5463732711763845,24,24
3089389,2025-05-29,4.539086011586466,24,24
3089389,2025-06-02,10.162315502053216,14,14
3089389,2025-06-06,4.405315965000126,24,24
3089389,2025-06-10,3.682228008285165,24,24
3089389,2025-06-14,7.418428562936329,21,21
3089389,2025-06-18,4.187672830876653,24,24
3089389,2025-06-22,2.3494084607245345,22,22
3089389,2025-06-26,5.552031832436721,24,24
3089389,2025-06-30,4.8332829800330925,24,24
3089389,2025-07-04,5.410795136665304,24,24
3089389,2025-07-08,6.004869788885117,24,24
3089389,2025-07-12,3.9000173619327447,24,24
3089389,2025-07-16,4.21640623997276,24,24
3089389,2025-07-20,1.4093802148709074,24,24
3089389,2025-07-24,3.7876857638152113,24,24
3089389,2025-07-28,5.5869149168332415,24,24
3089389,2025-08-01,2.984055549294377,24,24
3089389,2025-08-05,5.883633671535386,24,24
3089389,2025-08-09,2.6689531212517372,24,24
3089389,2025-08-13,5.59904515163766,24,24
3089389,2025-08-17,4.722269104793668,24,24
3089389,2025-08-21,8.198196748064623,24,24
3089389,2025-08-25,6.050255205068324,24,24
3089389,2025-08-29,4.176845483171443,24,24
3089389,2025-09-02,7.720080432792504,24,24
3089389,2025-09-06,6.013784738878409,24,24
3089389,2025-09-10,4.538273150515225,24,24
3089389,2025-09-14,15.2422540154722,24,24
3089389,2025-09-18,17.320285903082954,24,24
3089389,2025-09-22,10.06782639440563,24,24
3089389,2025-09-26,6.068077655682242,23,23
3089389,2025-09-30,12.088594325567788,23,23
3089389,2025-10-04,14.719914683463083,14,14
3089389,2025-10-08,14.809982629727434,24,24
3089389,2025-10-12,6.023555557943742,24,24
3089389,2025-10-16,11.017947918618168,24,24
3089389,2025-10-20,4.183805555043479,21,21
3089389,2025-10-24,4.028192127951317,24,24
3089389,2025-10-28,7.973411460800303,24,24
3089389,2025-11-01,8.137277777768947,24,24
3089389,2025-11-05,2.4956702906206467,23,23
3089389,2025-11-09,9.85449999968211,24,24
3089389,2025-11-13,7.993159719828576,14,14
3089389,2025-11-17,3.653318182410992,22,22
3089389,2025-11-21,7.507819440657342,24,24
3089389,2025-11-25,5.231590276832382,24,24
3089389,2025-11-29,3.0158593764916684,24,24
3089389,2025-12-03,5.551475113437132,24,24
3089389,2025-12-07,4.740792878718438,24,24
3089389,2025-12-11,5.21143055803453,24,24
3089389,2025-12-15,9.166989583880813,24,24
3089389,2025-12-19,3.887822915406691,24,24
3089389,2025-12-23,5.253457757975492,24,24
3089389,2025-12-27,2.727006945458965,24,24
3089389,2025-12-31,4.657023727324688,24,24
4108778,2025-05-05,2.147835073281183,24,24
4108778,2025-05-09,0.31029977024688077,24,24
4108778,2025-05-13,4.93175867256812,24,24
4108778,2025-05-17,1.7688593697578956,24,24
4108778,2025-05-21,0.625928822102853,24,24
4108778,2025-05-25,1.3959045118729894,24,24
4108778,2025-05-29,4.965881931026362,24,24
4108778,2025-06-02,3.9346541546285154,10,10
4108778,2025-06-06,9.212708892921606,24,24
4108778,2025-06-10,12.8237829638852,24,24
4108778,2025-06-14,11.626580437024435,24,24
4108778,2025-06-18,13.280390625198683,24,24
4108778,2025-06-22,0.5953737928977479,23,23
4108778,2025-06-26,9.876202541920874,24,24
4108778,2025-06-30,3.23260773985054,24,24
4108778,2025-07-04,0.5477395870127818,24,24
4108778,2025-07-08,6.580159713552955,24,24
4108778,2025-07-12,1.4717951374801084,24,24
4108778,2025-07-16,8.782508677078619,24,24
4108778,2025-07-20,10.510963514447212,24,24
4108778,2025-07-24,13.866350654098722,24,24
4108778,2025-07-28,11.85296699570285,24,24
4108778,2025-08-01,4.66388310585171,24,24
4108778,2025-08-05,4.904630212320222,24,24
4108778,2025-08-09,3.1484270797421536,24,24
4108778,2025-08-13,5.249605645435025,24,24
4108778,2025-08-17,1.9126266346325602,24,24
4108778,2025-08-21,6.77184915592273,24,24
4108778,2025-08-25,3.167412933500747,24,24
4108778,2025-08-29,0.3558233398781863,24,24
4108778,2025-09-02,0.7213769474941673,24,24
4108778,2025-09-06,3.6100047817735965,24,24
4108778,2025-09-10,4.391774310419957,24,24
4108778,2025-09-14,0.3862378490345571,24,24
4108778,2025-09-18,0.4700034727445907,24,24
4108778,2025-09-22,0.714828125666827,24,24
4108778,2025-09-26,4.704792984856781,24,24
4108778,2025-09-30,2.0674914492851757,23,23
4108778,2025-10-04,0.0006322463974356652,23,23
4108778,2025-10-08,0.08114625435731741,24,24
4108778,2025-10-12,2.8444743370640744,24,24
4108778,2025-10-16,10.475782140868864,24,24
4108778,2025-10-20,3.8692212606922234,21,21
4108778,2025-10-24,0.921727695917281,24,24
4108778,2025-10-28,0.0,24,24
4108778,2025-11-01,2.7138274948283567,24,24
4108778,2025-11-05,6.892750850586572,23,23
4108778,2025-11-09,3.3303027130079204,24,24
4108778,2025-11-13,1.7104547103354033,23,23
4108778,2025-11-17,4.667931817968687,22,22
4108778,2025-11-21,2.7695520819268293,24,24
4108778,2025-11-25,0.02662499997143944,24,24
4108778,2025-11-29,0.1344861109741032,24,24
4108778,2025-12-03,1.097256945197781,24,24
4108778,2025-12-07,1.5203876262540093,24,24
4108778,2025-12-11,10.411067700496426,24,24
4108778,2025-12-15,10.143526042583916,24,24
4108778,2025-12-19,31.274703107939825,24,24
4108778,2025-12-23,7.317548597948971,24,24
4108778,2025-12-27,1.9144756937606469,24,24
4108778,2025-12-31,0.2947777775840627,24,24
4289048,2025-05-05,3.22080357327145,7,7
4289048,2025-05-09,13.690324669910801,24,24
4289048,2025-05-13,10.054453059617016,24,24
4289048,2025-05-17,4.616312486882736,24,24
4289048,2025-05-21,18.585177152663366,24,24
4289048,2025-05-25,5.009303252342053,24,24
4289048,2025-05-29,2.4987066032416707,24,24
4289048,2025-06-02,3.5966856037125443,11,11
4289048,2025-06-06,12.366946165760359,24,24
4289048,2025-06-10,21.355828166007996,24,24
4289048,2025-06-14,14.346357630358803,24,24
4289048,2025-06-18,10.340491318040424,24,24
4289048,2025-06-22,10.802592994510263,23,23
4289048,2025-06-26,28.163501676585938,24,24
4289048,2025-06-30,12.488795164558622,24,24
4289048,2025-07-04,12.13870314715637,24,24
4289048,2025-07-08,0.34713541795240926,24,24
4289048,2025-07-12,7.248668412160542,24,24
4289048,2025-07-16,7.794607641796271,24,24
4289048,2025-07-20,4.988064232385821,24,24
4289048,2025-07-24,7.312166667336391,24,24
4289048,2025-07-28,2.383739579714731,24,24
4289048,2025-08-01,4.793180559451382,24,24
4289048,2025-08-05,1.7505937526778628,24,24
4289048,2025-08-09,10.806435752246115,24,24
4289048,2025-08-13,21.00589066081577,24,24
4289048,2025-08-17,16.08514641225338,24,24
4289048,2025-08-21,11.72334896110826,24,24
4289048,2025-08-25,4.25934549426246,24,24
4289048,2025-08-29,10.225533514800999,24,24
4289048,2025-09-02,3.439362836277319,24,24
4289048,2025-09-06,1.7207725860902832,24,24
4289048,2025-09-10,12.534112807156312,24,24
4289048,2025-09-14,7.330268505650262,24,24
4289048,2025-09-18,7.3381012800511805,24,24
4289048,2025-09-22,5.223053811764758,24,24
4289048,2025-09-26,5.512894096626486,24,24
4289048,2025-09-30,7.667838000042178,23,23
4289048,2025-10-04,24.208767560945038,23,23
4289048,2025-10-08,12.994439820639132,24,24
4289048,2025-10-12,18.610266700068408,24,24
4289048,2025-10-16,20.171503480591088,24,24
4289048,2025-10-20,28.8790946034298,21,21
4289048,2025-10-24,8.349245957196345,24,24
4289048,2025-10-28,17.779822932834804,24,24
4289048,2025-11-01,10.166170144724418,24,24
4289048,2025-11-05,23.950382247318824,23,23
4289048,2025-11-09,47.70354743754422,24,24
4289048,2025-11-13,50.78995319160391,23,23
4289048,2025-11-17,15.048458345302125,22,22
4289048,2025-11-21,25.229742546403713,24,24
4289048,2025-11-25,32.64353181620784,24,24
4289048,2025-11-29,56.50840221025326,24,24
4289048,2025-12-03,60.60073081917233,24,24
4289048,2025-12-07,35.313608863136984,24,24
4289048,2025-12-11,48.94566317266888,24,24
4289048,2025-12-15,50.100770779450734,24,24
4289048,2025-12-19,37.847883669866455,24,24
4289048,2025-12-23,21.474578113357225,24,24
4289048,2025-12-27,37.1361649579472,24,24
4289048,2025-12-31,57.35010926855935,24,24
4322233,2025-05-09,7.538520525501233,24,24
4322233,2025-05-13,16.132395822140904,24,24
4322233,2025-05-17,14.717640621794594,24,24
4322233,2025-05-21,13.417104168070686,24,24
4322233,2025-05-25,10.038213550216621,24,24
4322233,2025-05-29,7.006154516297911,24,24
4322233,2025-06-02,9.617488077708654,7,7
4322233,2025-06-06,12.47749038702912,24,24
4322233,2025-06-10,6.2297992667390245,24,24
4322233,2025-06-14,10.785598028172748,24,24
4322233,2025-06-22,2.0081322450541714,23,23
4322233,2025-06-26,7.9752343744039536,24,24
4322233,2025-06-30,6.479869215024842,24,24
4322233,2025-07-04,8.128366332501173,24,24
4322233,2025-07-08,6.58139581233263,24,24
4322233,2025-07-12,8.234973380963007,24,24
4322233,2025-07-16,9.102295137941837,24,24
4322233,2025-07-20,3.6243402810715555,24,24
4322233,2025-07-24,9.39522350030114,24,24
4322233,2025-07-28,10.60089931057559,24,24
4322233,2025-08-01,9.234213559163942,24,24
4322233,2025-08-05,7.173554506401221,24,24
4322233,2025-08-09,7.594910310374366,24,24
4322233,2025-08-13,2.9267152826715677,24,24
4322233,2025-08-17,2.771689816766108,24,24
4322233,2025-08-21,6.871692715833585,24,24
4322233,2025-08-25,4.518587738937802,24,24
4322233,2025-08-29,6.92290335562494,24,24
4322233,2025-09-02,6.299136262692498,17,17
4322233,2025-09-10,6.5843219675801015,11,11
4322233,2025-09-18,4.320004328314959,24,24
4322233,2025-09-22,4.239574126955686,24,24
4322233,2025-09-26,3.437047451512923,24,24
4322233,2025-10-04,16.36759842709067,23,23
4322233,2025-10-08,6.918451387048871,24,24
4322233,2025-10-12,7.4721059027645325,24,24
4322233,2025-10-16,3.4329861102384274,24,24
4322233,2025-10-20,3.8280903094722754,21,21
4322233,2025-10-24,4.233688080553137,24,24
4322233,2025-10-28,6.014730324975595,24,24
4322233,2025-11-01,16.481552653952882,24,24
4322233,2025-11-05,6.776150359191756,23,23
4322233,2025-11-09,14.366821181443003,24,24
4322233,2025-11-13,20.55984090747255,22,22
4322233,2025-11-21,12.223963489977999,24,24
4322233,2025-11-25,12.558725694153045,24,24
4322233,2025-11-29,25.168477437562412,24,24
4322233,2025-12-03,23.87937326067024,24,24
4322233,2025-12-07,20.15947049823072,24,24
4322233,2025-12-11,20.78269791735543,24,24
4322233,2025-12-15,9.351087671573515,24,24
4322233,2025-12-19,12.323064235515064,24,24
4322233,2025-12-23,25.03375232782629,24,24
4322233,2025-12-27,22.54407091012306,18,18
4322233,2025-12-31,43.51892692962131,23,23
2860223,2025-01-01,231.7371615303887,24,24
2860223,2025-01-05,214.23971962928772,24,24
2860223,2025-01-09,350.56957056902456,23,23
2860223,2025-01-13,235.15863100687665,2,2
2860223,2025-02-14,66.87676343652937,24,24
2860223,2025-02-18,93.04251825147206,24,24
2860223,2025-02-22,80.28187940674599,24,24
2860223,2025-02-26,100.37431793742711,24,24
2860223,2025-03-02,53.16163202789095,24,24
2860223,2025-03-06,41.32384926742977,24,24
2860223,2025-03-10,98.42281010415819,24,24
2860223,2025-03-14,78.02886899974611,24,24
2860223,2025-03-18,61.54553338064663,23,23
2860223,2025-03-22,59.69543543969743,24,24
2860223,2025-03-26,86.14761297570334,24,24
2860223,2025-03-30,36.72255287898911,24,24
2860223,2025-04-03,54.789297284742794,24,24
2860223,2025-04-07,91.63773114006928,24,24
2860223,2025-04-11,42.42866243366842,24,24
2860223,2025-04-15,55.96911298867428,24,24
2860223,2025-04-19,50.5242518319024,24,24
2860223,2025-04-23,55.65167657534281,24,24
2860223,2025-04-27,49.263913697666595,24,24
2860223,2025-05-01,67.83392853207059,24,24
2860223,2025-05-05,47.268739554617135,24,24
2860223,2025-05-09,67.69193573792775,24,24
2860223,2025-05-13,23.129891052691622,24,24
2860223,2025-05-17,35.038890363076035,24,24
2860223,2025-05-21,58.42124234305488,24,24
2860223,2025-05-25,40.76841011891762,24,24
2860223,2025-05-29,61.944013437839466,24,24
2860223,2025-06-02,39.746747561863494,7,7
2860223,2025-06-06,36.19877151648203,24,24
2860223,2025-06-14,59.45380490356021,24,24
2860223,2025-06-18,58.80243055025736,24,24
2860223,2025-06-22,49.38073114161434,23,23
2860223,2025-06-26,45.94338210423788,12,12
2860223,2025-06-30,44.81946934594048,12,12
2860223,2025-07-04,48.51128350628747,24,24
2860223,2025-07-08,42.98551388581594,24,24
2860223,2025-07-12,58.88202237480818,24,24
2860223,2025-07-16,48.28246576918496,24,24
2860223,2025-07-20,32.2043362073826,24,24
2860223,2025-09-02,33.79320544588445,24,24
2860223,2025-09-10,38.87183781464895,24,24
2860223,2025-09-14,42.98938078350491,24,24
2860223,2025-09-18,79.52412990729015,24,24
2860223,2025-09-22,39.96985211637285,24,24
2860223,2025-09-26,47.15884920434347,20,20
2860223,2025-09-30,35.80048938478742,3,3
2860223,2025-10-20,284.4878564527817,21,21
2860223,2025-10-24,148.66181586182938,24,24
2860223,2025-10-28,190.46665204485888,24,24
2860223,2025-11-01,267.475463147832,24,24
2860223,2025-11-05,135.90044757114973,23,23
2860223,2025-11-09,264.2862041516909,24,24
2860223,2025-11-13,351.44466533555584,23,23
2860223,2025-11-17,243.02052223424377,22,22
2860223,2025-11-21,254.65553079379927,24,24
2860223,2025-11-25,253.9186157995746,24,24
2860223,2025-11-29,184.78451764536283,24,24
2860223,2025-12-03,212.67407500191112,24,24
2860223,2025-12-07,190.9585149052597,24,24
2860223,2025-12-11,193.41697254934638,24,24
2860223,2025-12-15,327.39584591470697,24,24
2860223,2025-12-19,294.583889225488,24,24
2860223,2025-12-23,330.4064175902851,24,24
2860223,2025-12-27,323.58604297940695,24,24
2860223,2025-12-31,337.5748250370934,23,23
3298656,2025-01-13,0.15017499967167774,5,5
3298656,2025-02-14,1.1362291674595326,24,24
3298656,2025-02-18,0.11837847298011184,24,24
3298656,2025-02-22,2.1655156251508743,24,24
3298656,2025-02-26,3.0646371480543166,24,24
3298656,2025-03-02,0.2930243073626318,24,24
3298656,2025-03-06,0.7062569419439467,24,24
3298656,2025-03-10,2.8731545155040092,24,24
3298656,2025-03-14,4.457855899714761,24,24
3298656,2025-03-18,1.0488946767549756,24,24
3298656,2025-03-22,1.5099444452724937,24,24
3298656,2025-03-26,0.2332361103552911,24,24
3298656,2025-03-30,0.001506944445686208,24,24
3298656,2025-04-03,0.9670972242537471,24,24
3298656,2025-04-07,1.2283674753917795,24,24
3298656,2025-04-11,4.857100698682997,24,24
3298656,2025-04-15,1.8095989585854113,24,24
3298656,2025-04-19,5.968397002563709,24,24
3298656,2025-04-23,1.5675923260403615,17,17
3298656,2025-04-27,8.739247110584941,6,6
3298656,2025-05-01,1.161435763222269,24,24
3298656,2025-05-05,4.003843759600487,24,24
3298656,2025-05-09,1.0188663226759267,24,24
3298656,2025-05-13,3.9512314937180943,24,24
3298656,2025-05-17,1.32198438141495,24,24
3298656,2025-05-21,1.4254427070522473,24,24
3298656,2025-05-25,1.0679305557860062,24,24
3298656,2025-05-29,3.3930112086612767,24,24
3298656,2025-06-02,4.7712505356801875,10,10
3298656,2025-06-06,29.026458342870075,24,24
3298656,2025-06-10,34.54121191799641,24,24
3298656,2025-06-14,5.660614603095585,24,24
3298656,2025-06-18,11.262904501623579,24,24
3298656,2025-06-22,10.01509964293328,23,23
3298656,2025-06-26,13.501314252614975,24,24
3298656,2025-06-30,7.612694465451771,24,24
3298656,2025-07-04,18.208713534805508,24,24
3298656,2025-07-08,29.765597290462917,24,24
3298656,2025-07-12,5.421302080982262,24,24
3298656,2025-07-16,28.81530373626285,24,24
3298656,2025-07-20,9.617340291539827,24,24
3298656,2025-07-24,14.148793405956694,24,24
3298656,2025-07-28,12.080725709597269,24,24
3298656,2025-08-01,38.34142008092668,24,24
3298656,2025-08-05,47.911795112821785,24,24
3298656,2025-08-09,21.439560757742985,24,24
3298656,2025-08-13,13.68416318214602,24,24
3298656,2025-08-17,7.563000005980332,24,24
3298656,2025-08-21,2.8964010419117083,24,24
3298656,2025-08-25,0.3865653958249216,24,24
3298656,2025-08-29,0.4743593777659246,24,24
3298656,2025-09-02,6.328617478410403,24,24
3298656,2025-09-06,0.3872129645250324,24,24
3298656,2025-09-10,3.549004628426499,24,24
3298656,2025-09-14,9.215607619947859,24,24
3298656,2025-09-18,11.3655653960175,24,24
3298656,2025-09-22,6.326308474772507,24,24
3298656,2025-09-26,3.8783437491429074,24,24
3298656,2025-09-30,1.6863653408165498,23,23
3298656,2025-10-04,13.383879830986983,23,23
3298656,2025-10-08,1.0316197926540756,24,24
3298656,2025-10-12,2.535456019578743,24,24
3298656,2025-10-16,1.9803437499984824,24,24
3298656,2025-10-20,1.5645660177426,21,21
3298656,2025-10-24,0.06637731524598267,24,24
3298656,2025-10-28,1.469629051751043,24,24
3298656,2025-11-01,0.18792939981169723,24,24
3298656,2025-11-05,0.7726884074995052,23,23
3298656,2025-11-09,0.18194444535507096,24,24
3298656,2025-11-13,0.06709420352742292,23,23
3298656,2025-11-17,0.009598484940149567,22,22
3298656,2025-11-21,1.9652008117659499,24,24
3298656,2025-11-25,6.462625000274016,24,24
3298656,2025-11-29,0.05824305590035187,24,24
3298656,2025-12-03,6.483534721616242,24,24
3298656,2025-12-07,1.6108093455527916,24,24
3298656,2025-12-11,0.003368055613504516,24,24
3298656,2025-12-15,0.5719201399944723,24,24
3298656,2025-12-19,1.028881944891893,24,24
3298656,2025-12-23,3.9191944441654614,24,24
3298656,2025-12-27,1.5335972192076346,24,24
3298656,2025-12-31,0.11640277857788735,24,24
7659,2025-01-01,17.037190625,24,24
7659,2025-01-05,0.9054339833333334,24,24
7659,2025-01-09,0.7118713631578948,19,24
7659,2025-01-13,10.802916521739132,23,24
7659,2025-01-17,1.10972425,24,24
7659,2025-01-21,0.6330758833333333,12,24
7659,2025-01-25,0.4678980545454545,22,24
7659,2025-01-29,0.9499287000000001,23,24
7659,2025-02-02,8.12362211764706,17,24
7659,2025-02-06,28.58288333333333,24,24
7659,2025-02-10,9.59313875,24,24
7659,2025-02-14,1.40839045,24,24
7659,2025-02-18,1.5375,2,24
7659,2025-02-26,1.3266669500000001,20,24
7659,2025-03-02,52.255625,24,24
7659,2025-03-18,6.41,2,24
7659,2025-03-26,14.011275,12,24
7659,2025-04-03,2.9277166666666665,24,24
7659,2025-04-07,6.7265958333333336,24,24
7659,2025-04-11,6.406420833333333,24,24
7659,2025-04-15,1.2871033333333333,24,24
7659,2025-04-19,2.456516666666667,24,24
7659,2025-04-23,5.5959260869565215,23,24
7659,2025-04-27,1.5921660869565215,23,24
7659,2025-05-01,1.7356180952380953,21,24
7659,2025-05-05,5.413426086956521,23,24
7659,2025-05-09,10.627466666666667,21,24
7659,2025-05-13,3.6462255,20,24
7659,2025-05-17,5.575004166666666,24,24
7659,2025-05-21,7.4053625,24,24
7659,2025-05-25,1.6277125000000001,24,24
7659,2025-05-29,1.40242,20,24
7659,2025-06-02,1.7715641666666666,24,24
7659,2025-06-06,1.6168708333333335,24,24
7659,2025-06-10,7.829033333333334,24,24
7659,2025-06-14,4.863613043478261,23,24
7659,2025-06-18,1.7618833333333335,24,24
7659,2025-06-22,3.9684416666666666,24,24
7659,2025-06-26,0.9368566666666666,24,24
7659,2025-06-30,2.8138,24,24
7659,2025-07-04,2.135095833333333,24,24
7659,2025-07-08,0.9372433333333333,24,24
7659,2025-07-12,2.0556208333333332,24,24
7659,2025-07-16,4.644279166666666,24,24
7659,2025-07-20,38.69233333333333,21,24
7659,2025-07-24,4.714345833333334,24,24
7659,2025-07-28,2.6135683333333333,24,24
7659,2025-08-01,3.2374766666666663,24,24
7659,2025-08-05,5.613575,24,24
7659,2025-08-09,1.8578000000000001,24,24
7659,2025-08-13,1.8274105263157894,19,24
7659,2025-08-17,3.117623333333333,24,24
7659,2025-08-21,2.1815025,24,24
7659,2025-08-25,0.8401641666666667,24,24
7659,2025-08-29,4.5913458333333335,24,24
7659,2025-09-02,1.4506645833333334,24,24
7659,2025-09-06,1.658592380952381,21,24
7659,2025-09-10,1.6100266666666665,24,24
7659,2025-09-14,0.9390029166666666,24,24
7659,2025-09-18,1.6542394999999999,20,24
7659,2025-09-22,5.821079166666666,24,24
7659,2025-09-26,5.0122599999999995,22,24
7659,2025-09-30,3.7655375,24,24
7659,2025-10-04,3.51402,20,24
7659,2025-10-08,9.398275,24,24
7659,2025-10-12,3.000720166666667,24,24
7659,2025-10-16,1.7523370833333332,24,24
7659,2025-10-20,0.9610463636363636,22,24
7659,2025-10-24,1.9755166666666666,24,24
7659,2025-10-28,0.7630390416666666,24,24
7659,2025-11-01,1.3189304166666667,24,24
7659,2025-11-05,1.8934733333333333,24,24
7659,2025-11-09,3.3791958333333336,24,24
7659,2025-11-13,14.6772625,24,24
7659,2025-11-17,1.7717233333333333,18,24
7659,2025-11-21,4.543566666666667,24,24
7659,2025-11-25,2.877110416666667,24,24
7659,2025-11-29,3.244195,24,24
7659,2025-12-03,2.88729875,24,24
7659,2025-12-07,2.071919523809524,21,24
7659,2025-12-11,4.609479166666667,24,24
7659,2025-12-15,1.1770220833333334,24,24
7659,2025-12-19,2.6751845833333334,24,24
7659,2025-12-23,5.480250000000001,24,24
7659,2025-12-27,5.752984583333333,24,24
7659,2025-12-31,20.274933333333333,24,24
2534572,2025-01-01,26.70538016160329,24,24
2534572,2025-01-05,20.348388201454906,23,23
2534572,2025-01-09,19.404139437537264,23,23
2534572,2025-01-13,29.340263843536377,6,6
2534572,2025-02-14,58.2183059586419,24,24
2534572,2025-02-18,57.74867540597916,24,24
2534572,2025-02-22,57.14210642046399,24,24
2534572,2025-02-26,49.84941489166684,24,24
2534572,2025-03-02,45.08451900217268,24,24
2534572,2025-03-06,28.38100227051311,24,24
2534572,2025-03-10,38.099661469459534,24,24
2534572,2025-03-14,14.254878789336994,24,24
2534572,2025-03-18,2.8089731737738473,24,24
2534572,2025-03-22,76.12846061256197,24,24
2534572,2025-03-26,28.469163556893665,24,24
2534572,2025-03-30,26.095323695739108,20,20
2534572,2025-04-03,16.378347809116047,24,24
2534572,2025-04-07,8.094318858616882,24,24
2534572,2025-04-11,9.307800730345425,24,24
2534572,2025-04-15,3.0794843758145967,24,24
2534572,2025-04-19,14.423863975538147,24,24
2534572,2025-04-23,24.014363386564785,24,24
2534572,2025-04-27,4.011923615510265,24,24
2534572,2025-05-01,5.506369781369965,16,16
2534572,2025-05-05,14.652020831902822,24,24
2534572,2025-05-09,7.349677081737254,24,24
2534572,2025-05-13,8.646121027923765,24,24
2534572,2025-05-17,14.878594906793701,24,24
2534572,2025-05-21,16.606041719516117,24,24
2534572,2025-05-25,40.5870364970631,24,24
2534572,2025-05-29,10.23285413119528,24,24
2534572,2025-06-02,18.177300028006236,10,10
2534572,2025-06-06,18.22237499223815,24,24
2534572,2025-06-10,37.01778283052975,24,24
2534572,2025-06-14,12.85483680665493,24,24
2534572,2025-06-18,15.288708359003067,24,24
2534572,2025-06-22,11.849356879358707,23,23
2534572,2025-06-26,5.529002588242292,24,24
2534572,2025-06-30,4.904092580907874,24,24
2534572,2025-07-04,20.17519195543395,24,24
2534572,2025-07-08,21.311300347248714,24,24
2534572,2025-07-12,9.951308731478875,24,24
2534572,2025-07-16,17.447649833228855,24,24
2534572,2025-07-20,11.861850632862613,24,24
2534572,2025-07-24,9.69721005525854,24,24
2534572,2025-07-28,22.09524303840266,24,24
2534572,2025-08-01,8.910557311442163,24,24
2534572,2025-08-05,21.606465256876415,24,24
2534572,2025-08-09,12.396905847169734,24,24
2534572,2025-08-13,12.42978474828932,24,24
2534572,2025-08-17,15.705017393661869,24,24
2534572,2025-08-21,23.47490560100192,24,24
2534572,2025-08-25,3.776925349815024,24,24
2534572,2025-08-29,15.330469289482243,24,24
2534572,2025-09-02,11.8609566109048,24,24
2534572,2025-09-06,18.680226789881484,24,24
2534572,2025-09-10,17.84237852692604,24,24
2534572,2025-09-14,9.381390688668679,19,19
2534572,2025-09-18,6.0153402760624886,24,24
2534572,2025-09-22,8.484947509240733,24,24
2534572,2025-09-26,6.723208334828141,24,24
2534572,2025-09-30,12.298597221443618,23,23
2534572,2025-10-04,23.503377391865865,23,23
2534572,2025-10-08,37.91727408455162,20,20
2534572,2025-10-12,5.783726853239178,24,24
2534572,2025-10-16,22.088365720819542,24,24
2534572,2025-10-20,9.540137808388275,21,21
2534572,2025-10-24,23.469629812646076,14,14
2534572,2025-10-28,18.641450371439493,21,21
2534572,2025-11-01,24.661712401988055,24,24
2534572,2025-11-05,42.164874143907,20,20
2534572,2025-11-09,22.271744770441796,12,12
2534572,2025-11-29,27.725333469336114,19,19
2534572,2025-12-03,22.644628963394773,21,21
2534572,2025-12-07,24.64807585144043,10,10
2534572,2025-12-11,36.485559798804196,10,10
2534572,2025-12-15,30.626261121114094,15,15
2534572,2025-12-19,48.06926905314128,17,17
2534572,2025-12-23,8.634723617343438,12,12
2534572,2025-12-27,2.2944200000266237,5,5
2534572,2025-12-31,9.187470831175645,20,20
3092518,2025-01-01,40.70900107754601,24,24
3092518,2025-01-05,39.51974834998449,24,24
3092518,2025-01-09,68.06993707021078,23,23
3092518,2025-01-13,45.313458363215126,4,4
3092518,2025-02-14,20.62144849366612,24,24
3092518,2025-02-18,25.46175867981381,24,24
3092518,2025-02-22,34.204123271836174,24,24
3092518,2025-02-26,12.224671887026894,24,24
3092518,2025-03-02,25.52143066459232,24,24
3092518,2025-03-06,17.542590263817043,24,24
3092518,2025-03-10,20.76215794351366,24,24
3092518,2025-03-14,73.25045328670078,24,24
3092518,2025-03-18,77.58180377218459,24,24
3092518,2025-03-22,20.818904568751652,24,24
3092518,2025-03-26,35.73182114627626,24,24
3092518,2025-03-30,29.03074484070142,24,24
3092518,2025-04-03,65.12318403191037,24,24
3092518,2025-04-07,26.206548189876056,24,24
3092518,2025-04-11,49.145513931910195,24,24
3092518,2025-04-15,39.25416496064928,24,24
3092518,2025-04-19,30.539386590321858,24,24
3092518,2025-04-23,38.49192356401019,24,24
3092518,2025-04-27,31.96046552513585,24,24
3092518,2025-05-01,37.774387151002884,24,24
3092518,2025-05-05,42.02289584610197,24,24
3092518,2025-05-09,44.369763784938385,24,24
3092518,2025-05-13,31.1379068394502,24,24
3092518,2025-05-17,42.903657906585266,24,24
3092518,2025-05-21,98.22269797325134,24,24
3092518,2025-05-25,39.27228244807985,24,24
3092518,2025-05-29,65.78964109673645,24,24
3092518,2025-06-02,44.05299078976666,9,9
3092518,2025-06-06,30.801381922430462,24,24
3092518,2025-06-10,21.755854113234417,24,24
3092518,2025-06-14,57.36796179082659,24,24
3092518,2025-06-18,42.252493096722496,24,24
3092518,2025-06-22,72.39766532787378,23,23
3092518,2025-06-26,58.82335756884681,24,24
3092518,2025-06-30,81.59124830034044,24,24
3092518,2025-07-04,53.72771360476812,24,24
3092518,2025-07-08,40.45954687727822,24,24
3092518,2025-07-12,41.39396880070368,24,24
3092518,2025-07-16,56.805888844860924,24,24
3092518,2025-07-20,37.84919090403451,24,24
3092518,2025-07-24,74.64295139577654,24,24
3092518,2025-07-28,31.408447914653355,24,24
3092518,2025-08-01,47.648112972577415,24,24
3092518,2025-08-05,22.92807462480333,24,24
3092518,2025-08-09,25.92526915338304,24,24
3092518,2025-08-13,41.07622389660941,24,24
3092518,2025-08-17,22.508108815661185,24,24
3092518,2025-08-21,21.04894385735194,24,24
3092518,2025-08-25,54.787609219551086,24,24
3092518,2025-08-29,30.110585146480137,24,24
3092518,2025-09-02,68.23714109703347,24,24
3092518,2025-09-06,26.361920140186943,24,24
3092518,2025-09-10,31.491288204987843,24,24
3092518,2025-09-14,11.88032753103309,24,24
3092518,2025-09-18,57.05655839045843,24,24
3092518,2025-09-22,32.929478039344154,24,24
3092518,2025-09-26,36.90514581600825,24,24
3092518,2025-09-30,41.0800562168665,23,23
3092518,2025-10-04,39.69246023438403,23,23
3092518,2025-10-08,46.33312791221672,24,24
3092518,2025-10-12,40.63631943905795,24,24
3092518,2025-10-16,43.22497515722557,24,24
3092518,2025-10-20,50.93522670348141,21,21
3092518,2025-10-24,50.10506424418202,24,24
3092518,2025-10-28,61.527788220511546,24,24
3092518,2025-11-01,39.85959671095566,24,24
3092518,2025-11-05,36.43084770527439,23,23
3092518,2025-11-09,25.186478290292953,24,24
3092518,2025-11-13,30.236565176645914,23,23
3092518,2025-11-17,55.22285795356288,22,22
3092518,2025-11-21,60.37732809119754,24,24
3092518,2025-11-25,33.540876759864666,24,24
3092518,2025-11-29,52.1695729414622,24,24
3092518,2025-12-03,107.37519272963208,24,24
3092518,2025-12-07,35.913604170746275,24,24
3092518,2025-12-11,35.636293302641974,24,24
3092518,2025-12-15,28.0342285990715,24,24
3092518,2025-12-19,25.548201360967425,24,24
3092518,2025-12-23,25.1354189645361,24,24
3092518,2025-12-27,71.86041490501827,24,24
3092518,2025-12-31,18.795783565883283,24,24
