id,date,pm25,n_ok,n_raw
3318370,2025-01-01,1.1666666666666667,24,24
3318370,2025-01-05,0.325,24,24
3318370,2025-01-09,4.129166666666666,24,24
3318370,2025-01-13,2.3782608695652177,23,23
3318370,2025-01-17,8.929166666666665,24,24
3318370,2025-01-21,3.9791666666666665,24,24
3318370,2025-01-25,3.7291666666666665,24,24
3318370,2025-01-29,9.766666666666667,24,24
3318370,2025-02-02,5.429166666666667,24,24
3318370,2025-02-06,14.356521739130434,23,23
3318370,2025-02-10,4.808333333333334,24,24
3318370,2025-02-14,1.1333333333333333,24,24
3318370,2025-02-18,1.0333333333333334,24,24
3318370,2025-02-22,4.870833333333334,24,24
3318370,2025-02-26,1.3041666666666667,24,24
3318370,2025-03-02,6.2749999999999995,24,24
3318370,2025-03-06,1.0208333333333333,24,24
3318370,2025-03-10,2.8166666666666664,24,24
3318370,2025-03-14,0.45,22,23
3318370,2025-03-18,1.4833333333333334,24,24
3318370,2025-03-22,0.6541666666666667,24,24
3318370,2025-03-26,2.1458333333333335,24,24
3318370,2025-03-30,4.741666666666666,24,24
3318370,2025-04-03,1.6458333333333333,24,24
3318370,2025-04-07,5.016666666666667,24,24
3318370,2025-04-11,7.5874999999999995,24,24
3318370,2025-04-15,6.3500000000000005,24,24
3318370,2025-04-19,2.625,24,24
3318370,2025-04-23,6.1000000000000005,24,24
3318370,2025-04-27,5.433333333333334,24,24
3318370,2025-05-01,4.6125,24,24
3318370,2025-05-05,4.952173913043478,23,23
3318370,2025-05-09,5.1125,24,24
3318370,2025-05-13,9.783333333333333,24,24
3318370,2025-05-17,3.0416666666666665,24,24
3318370,2025-05-21,5.616666666666667,24,24
3318370,2025-05-25,5.125,24,24
3318370,2025-05-29,9.875,24,24
3318370,2025-06-02,6.291666666666667,24,24
3318370,2025-06-06,6.770833333333333,24,24
3318370,2025-06-10,4.083333333333333,24,24
3318370,2025-06-14,6.720833333333334,24,24
3318370,2025-06-18,6.195833333333333,24,24
3318370,2025-06-22,5.541666666666667,24,24
3318370,2025-06-26,8.483333333333333,24,24
3318370,2025-06-30,5.591666666666666,24,24
3318370,2025-07-04,6.154166666666666,24,24
3318370,2025-07-08,4.825,24,24
3318370,2025-07-12,3.8125,24,24
3318370,2025-07-16,9.875,24,24
3318370,2025-07-20,6.033333333333334,24,24
3318370,2025-07-24,8.216666666666667,24,24
3318370,2025-07-28,5.325,24,24
3318370,2025-08-01,5.633333333333333,24,24
3318370,2025-08-05,12.637500000000001,24,24
3318370,2025-08-09,1.9208333333333334,24,24
3318370,2025-08-13,9.625,24,24
3318370,2025-08-17,4.441666666666666,24,24
3318370,2025-08-21,7.360869565217392,23,23
3318370,2025-08-25,4.604166666666667,24,24
3318370,2025-08-29,14.654166666666667,24,24
3318370,2025-09-02,7.416666666666667,24,24
3318370,2025-09-06,5.279166666666667,24,24
3318370,2025-09-10,3.079166666666667,24,24
3318370,2025-09-14,2.9291666666666667,24,24
3318370,2025-09-18,6.204166666666667,24,24
3318370,2025-09-22,2.670833333333333,24,24
3318370,2025-09-26,3.720833333333333,24,24
3318370,2025-09-30,1.95,24,24
3318370,2025-10-04,1.0583333333333333,24,24
3318370,2025-10-08,5.304166666666666,24,24
3318370,2025-10-12,1.0999999999999999,24,24
3318370,2025-10-16,1.1083333333333334,24,24
3318370,2025-10-20,1.5916666666666666,24,24
3318370,2025-10-24,4.3999999999999995,24,24
3318370,2025-10-28,1.4333333333333333,24,24
3318370,2025-11-01,2.3291666666666666,24,24
3318370,2025-11-05,3.591666666666667,24,24
3318370,2025-11-09,3.141666666666666,24,24
3318370,2025-11-13,4.557142857142857,21,21
3318370,2025-11-17,0.36363636363636365,11,11
3318370,2025-11-21,5.6000000000000005,24,24
3318370,2025-11-25,2.904166666666667,24,24
3318370,2025-11-29,2.216666666666667,24,24
3318370,2025-12-03,7.716666666666666,24,24
3318370,2025-12-07,0.8541666666666666,24,24
3318370,2025-12-11,0.9249999999999999,24,24
3318370,2025-12-15,7.320833333333333,24,24
3318370,2025-12-19,1.5875000000000001,24,24
3318370,2025-12-23,0.4375,24,24
3318370,2025-12-27,0.9333333333333332,24,24
3318370,2025-12-31,11.695833333333333,24,24
6959,2025-02-22,47.98703296703297,91,91
6959,2025-02-26,69.69115384615385,26,26
6959,2025-03-02,37.59975903614458,83,83
6959,2025-03-06,47.06209302325581,86,86
6959,2025-03-10,43.17290697674419,86,86
6959,2025-03-18,5.2395402298850575,87,87
6959,2025-03-22,5.885111111111111,90,90
6959,2025-03-26,9.541279069767441,86,86
6959,2025-03-30,28.937045454545455,88,88
6959,2025-04-03,30.585,86,86
6959,2025-04-07,19.519135802469137,81,81
6959,2025-04-11,4.590000000000001,15,15
6959,2025-04-15,9.641454545454545,55,55
6959,2025-04-19,13.40625,88,88
6959,2025-04-23,25.09191011235955,89,89
6959,2025-05-01,15.607415730337078,89,89
6959,2025-05-05,14.648850574712645,87,87
6959,2025-05-09,1.9143333333333332,90,90
6959,2025-05-13,10.899047619047618,63,63
6959,2025-05-17,11.462386363636364,88,88
6959,2025-05-21,17.87232876712329,73,73
6959,2025-05-25,20.117878787878787,66,66
6959,2025-05-29,24.364945054945057,91,91
6959,2025-06-02,18.422075471698115,53,53
6959,2025-06-06,28.86111111111111,90,90
6959,2025-06-10,16.000975609756097,82,82
6959,2025-06-14,14.91179775280899,89,89
6959,2025-06-18,11.971666666666668,84,84
6959,2025-06-22,14.615797101449276,69,69
6959,2025-06-26,17.455357142857142,84,84
6959,2025-06-30,18.997692307692308,52,52
6959,2025-07-04,13.17581081081081,74,74
6959,2025-07-08,14.807261904761905,84,84
6959,2025-07-12,14.955222222222222,90,90
6959,2025-07-16,18.016436781609197,87,87
6959,2025-07-20,15.270222222222221,90,90
6959,2025-07-24,8.013734939759036,83,83
6959,2025-08-01,16.420344827586206,58,58
6959,2025-08-05,12.193055555555555,72,72
6959,2025-08-09,16.51860759493671,79,79
6959,2025-08-13,10.046896551724139,58,58
6959,2025-08-17,11.541666666666666,90,90
6959,2025-08-21,15.201411764705881,85,85
6959,2025-08-25,6.302209302325582,86,86
6959,2025-08-29,15.349318181818182,88,88
6959,2025-09-02,13.732470588235294,85,85
6959,2025-09-06,2.705,88,88
6959,2025-09-10,14.082758620689656,87,87
6959,2025-09-14,21.375054945054945,91,91
6959,2025-09-18,8.67542857142857,70,70
6959,2025-09-22,10.7225,88,88
6959,2025-09-26,16.454776119402986,67,67
6959,2025-09-30,14.306629213483145,89,89
6959,2025-10-04,9.079302325581395,86,86
6959,2025-10-08,21.002444444444446,90,90
6959,2025-10-12,70.17775280898876,89,89
6959,2025-10-16,43.56964705882353,85,85
6959,2025-10-20,109.3193220338983,59,59
6959,2025-10-24,16.447045454545453,88,88
6959,2025-10-28,23.25463768115942,69,69
6959,2025-11-01,18.99923076923077,78,78
6959,2025-11-05,20.520714285714284,84,84
6959,2025-11-09,44.84488888888889,90,90
6959,2025-11-13,67.16897727272728,88,88
6959,2025-11-17,68.37051282051281,39,39
6959,2025-11-21,93.47566666666665,90,90
6959,2025-11-25,126.71981818181818,55,55
6959,2025-11-29,54.92066666666666,90,90
6959,2025-12-03,90.58098765432099,81,81
6959,2025-12-07,62.97967032967033,91,91
6959,2025-12-11,53.03777777777778,63,63
6959,2025-12-15,63.766705882352944,85,85
6959,2025-12-19,66.78764705882352,17,17
6959,2025-12-23,53.35897435897436,39,39
6959,2025-12-27,86.52134146341463,82,82
6959,2025-12-31,85.4275,88,88
2812566,2025-01-01,25.40368421052632,76,76
2812566,2025-01-05,17.221475409836067,61,61
2812566,2025-01-09,23.21981818181818,55,55
2812566,2025-01-13,12.18875,8,8
2812566,2025-01-17,20.337384615384618,65,65
2812566,2025-01-21,20.644324324324327,37,37
2812566,2025-01-25,27.03292682926829,41,41
2812566,2025-01-29,20.70271186440678,59,59
2812566,2025-02-02,7.981578947368422,19,19
2812566,2025-02-06,8.376923076923077,26,26
2812566,2025-02-10,7.564400000000001,50,50
2812566,2025-02-14,7.376027397260275,73,73
2812566,2025-02-18,9.048499999999999,60,60
2812566,2025-02-22,18.559,60,60
2812566,2025-02-26,11.713589743589743,39,39
2812566,2025-03-02,3.825,60,60
2812566,2025-03-06,7.6174074074074065,54,54
2812566,2025-03-10,9.779310344827588,58,58
2812566,2025-03-14,5.020925925925926,54,54
2812566,2025-03-18,8.627846153846153,65,65
2812566,2025-03-22,7.498703703703704,54,54
2812566,2025-03-26,9.325,52,52
2812566,2025-03-30,6.103857142857143,70,70
2812566,2025-04-03,7.313725490196078,51,51
2812566,2025-04-07,4.829444444444444,54,54
2812566,2025-04-11,5.06015625,64,64
2812566,2025-04-15,7.131692307692307,65,65
2812566,2025-04-19,8.720833333333333,60,60
2812566,2025-04-23,10.413260869565217,46,46
2812566,2025-04-27,9.111587301587301,63,63
2812566,2025-05-01,9.2,40,40
2812566,2025-05-05,5.72575,40,40
2812566,2025-05-09,6.734313725490196,51,51
2812566,2025-05-13,4.771351351351351,37,37
2812566,2025-05-17,6.333461538461538,52,52
2812566,2025-05-21,7.3983333333333325,18,18
2812566,2025-05-25,6.435454545454546,22,22
2812566,2025-05-29,5.588979591836735,49,49
2812566,2025-06-02,10.075094339622641,53,53
2812566,2025-06-06,5.9216,25,25
2812566,2025-06-10,5.807073170731708,41,41
2812566,2025-06-14,7.52896551724138,29,29
2812566,2025-06-18,6.642272727272727,22,22
2812566,2025-06-22,4.687428571428572,70,70
2812566,2025-06-26,6.996666666666666,36,36
2812566,2025-06-30,5.1202564102564105,39,39
2812566,2025-07-04,8.104912280701754,57,57
2812566,2025-07-08,4.873714285714286,35,35
2812566,2025-07-12,16.237121212121213,66,66
2812566,2025-07-16,4.824923076923077,65,65
2812566,2025-07-20,6.34530612244898,49,49
2812566,2025-07-24,4.126164383561644,73,73
2812566,2025-07-28,5.697962962962963,54,54
2812566,2025-08-01,6.070632911392405,79,79
2812566,2025-08-05,6.088787878787879,66,66
2812566,2025-08-09,6.9766216216216215,74,74
2812566,2025-08-13,5.499736842105263,76,76
2812566,2025-08-17,4.641911764705882,68,68
2812566,2025-08-21,7.481093749999999,64,64
2812566,2025-08-25,6.178260869565217,46,46
2812566,2025-08-29,7.208493150684932,73,73
2812566,2025-09-02,10.991964285714285,56,56
2812566,2025-09-06,9.352608695652174,69,69
2812566,2025-09-10,4.785428571428572,35,35
2812566,2025-09-14,6.150882352941176,68,68
2812566,2025-09-18,6.9996875,64,64
2812566,2025-09-22,8.067285714285715,70,70
2812566,2025-09-26,12.392926829268292,41,41
2812566,2025-09-30,4.9159375,64,64
2812566,2025-10-04,9.824626865671641,67,67
2812566,2025-10-08,8.233061224489797,49,49
2812566,2025-10-12,4.389642857142857,56,56
2812566,2025-10-16,10.687222222222223,54,54
2812566,2025-10-20,10.084615384615384,39,39
2812566,2025-10-24,25.36,4,4
2812566,2025-10-28,7.998793103448276,58,58
2812566,2025-11-01,17.867115384615385,52,52
2812566,2025-11-05,7.314615384615385,65,65
2812566,2025-11-09,20.5725,64,64
2812566,2025-11-13,9.452727272727273,11,11
2812566,2025-11-17,3.45359375,64,64
2812566,2025-11-21,13.93943396226415,53,53
2812566,2025-11-25,23.260615384615384,65,65
2812566,2025-11-29,22.567833333333333,60,60
2812566,2025-12-03,14.980684931506849,73,73
2812566,2025-12-07,20.77050847457627,59,59
2812566,2025-12-11,20.615625,64,64
2812566,2025-12-15,23.679318181818186,44,44
2812566,2025-12-19,19.91941176470588,51,51
2812566,2025-12-23,16.65,36,36
2812566,2025-12-27,9.726086956521739,69,69
2812566,2025-12-31,22.971,60,60
2162187,2025-01-01,12.950434782608696,23,23
2162187,2025-01-05,13.234166666666667,24,24
2162187,2025-01-09,14.179583333333333,24,24
2162187,2025-01-13,21.67833333333333,12,12
2162187,2025-01-17,12.54125,16,16
2162187,2025-01-21,21.054583333333333,24,24
2162187,2025-01-25,6.944166666666667,24,24
2162187,2025-01-29,4.135833333333333,24,24
2162187,2025-02-02,17.04304347826087,23,23
2162187,2025-02-06,11.580416666666666,24,24
2162187,2025-02-10,35.11571428571428,21,21
2162187,2025-02-14,16.060416666666665,24,24
2162187,2025-02-18,9.761304347826087,23,23
2162187,2025-02-22,16.328260869565216,23,23
2162187,2025-02-26,14.122,5,5
2162187,2025-03-02,9.13,3,3
2162187,2025-03-06,20.885652173913044,23,23
2162187,2025-03-10,42.962272727272726,22,22
2162187,2025-03-14,7.461304347826087,23,23
2162187,2025-03-18,5.306111111111111,18,18
2162187,2025-03-22,16.28304347826087,23,23
2162187,2025-03-26,3.1457142857142855,14,14
2162187,2025-03-30,5.415,22,22
2162187,2025-04-03,4.741666666666666,24,24
2162187,2025-04-07,4.5390476190476186,21,21
2162187,2025-04-11,10.1325,24,24
2162187,2025-04-15,9.745,22,22
2162187,2025-04-19,7.572608695652173,23,23
2162187,2025-04-23,11.103333333333333,9,9
2162187,2025-04-27,5.906521739130435,23,23
2162187,2025-05-01,8.1965,20,20
2162187,2025-05-05,2.913125,16,16
2162187,2025-05-09,3.991304347826087,23,23
2162187,2025-05-13,5.327916666666667,24,24
2162187,2025-05-17,6.67,16,16
2162187,2025-05-21,8.295416666666666,24,24
2162187,2025-05-25,7.5495652173913035,23,23
2162187,2025-05-29,6.363333333333333,24,24
2162187,2025-06-02,7.513478260869565,23,23
2162187,2025-06-06,3.79,23,23
2162187,2025-06-10,13.260454545454547,22,22
2162187,2025-06-14,10.310454545454546,22,22
2162187,2025-06-18,9.408,20,20
2162187,2025-06-22,11.425555555555555,18,18
2162187,2025-06-26,7.41375,24,24
2162187,2025-06-30,5.384166666666666,24,24
2162187,2025-07-04,5.3425,24,24
2162187,2025-07-08,4.5842857142857145,21,21
2162187,2025-07-12,6.705217391304347,23,23
2162187,2025-07-16,5.613043478260869,23,23
2162187,2025-07-20,10.178333333333333,24,24
2162187,2025-07-24,6.853750000000001,24,24
2162187,2025-07-28,5.460909090909091,22,22
2162187,2025-08-01,5.845416666666666,24,24
2162187,2025-08-05,4.074583333333334,24,24
2162187,2025-08-09,8.52304347826087,23,23
2162187,2025-08-13,11.145454545454545,22,22
2162187,2025-08-17,3.6313043478260867,23,23
2162187,2025-08-21,2.591304347826087,23,23
2162187,2025-08-25,5.725833333333333,24,24
2162187,2025-08-29,8.948260869565217,23,23
2162187,2025-09-02,6.375652173913043,23,23
2162187,2025-09-10,6.139166666666667,24,24
2162187,2025-09-14,4.913333333333333,18,18
2162187,2025-09-18,7.513333333333333,24,24
2162187,2025-09-22,3.9137500000000003,24,24
2162187,2025-09-26,3.8021739130434784,23,23
2162187,2025-09-30,11.738333333333332,24,24
2162187,2025-10-04,3.8120833333333333,24,24
2162187,2025-10-08,7.97125,24,24
2162187,2025-10-12,4.783181818181818,22,22
2162187,2025-10-16,3.876111111111111,18,18
2162187,2025-10-20,7.894285714285714,21,21
2162187,2025-10-24,2.8016666666666663,24,24
2162187,2025-10-28,4.267391304347826,23,23
2162187,2025-11-01,7.037916666666667,24,24
2162187,2025-11-05,4.639565217391305,23,23
2162187,2025-11-09,9.76375,24,24
2162187,2025-11-13,6.872608695652174,23,23
2162187,2025-11-17,3.4730434782608692,23,23
2162187,2025-11-21,12.4275,24,24
2162187,2025-11-25,12.745000000000001,20,20
2162187,2025-11-29,8.52,2,2
2162187,2025-12-03,11.5225,24,24
2162187,2025-12-07,6.769166666666667,24,24
2162187,2025-12-11,8.435652173913043,23,23
2162187,2025-12-15,10.197826086956523,23,23
2162187,2025-12-19,5.666956521739131,23,23
2162187,2025-12-23,10.422916666666667,24,24
2162187,2025-12-27,14.628695652173912,23,23
2162187,2025-12-31,5.500416666666666,24,24
10917,2025-02-22,16.016805555555557,72,82
10917,2025-02-26,12.24246913580247,81,81
10917,2025-03-02,21.6468,75,75
10917,2025-03-06,5.999714285714286,70,79
10917,2025-03-10,14.410666666666666,75,79
10917,2025-03-14,14.6155,80,81
10917,2025-03-18,15.098148148148148,54,79
10917,2025-03-22,11.133870967741935,62,67
10917,2025-03-26,13.63296875,64,65
10917,2025-03-30,15.182542372881356,59,75
10917,2025-04-03,16.2872,75,75
10917,2025-04-07,22.825000000000003,62,75
10917,2025-04-11,2.684375,16,16
10917,2025-04-15,17.792203389830508,59,59
10917,2025-04-19,20.755,76,76
10917,2025-04-23,18.236875,80,80
10917,2025-05-09,8.85602564102564,78,80
10917,2025-05-13,14.361756756756757,74,74
10917,2025-05-17,18.238974358974357,78,78
10917,2025-05-21,12.640666666666666,60,61
10917,2025-05-25,17.085714285714285,49,53
10917,2025-05-29,19.130144927536232,69,79
10917,2025-06-02,11.641159420289855,69,75
10917,2025-06-06,13.641728395061728,81,81
10917,2025-06-10,27.67845070422535,71,71
10917,2025-06-14,21.12923076923077,78,80
10917,2025-06-18,18.9521875,64,74
10917,2025-06-30,20.892888888888887,45,52
10917,2025-07-04,72.34897435897436,39,63
10917,2025-07-08,61.938793103448276,58,77
10917,2025-07-12,10.493283582089552,67,78
10917,2025-07-16,32.48461538461539,39,76
10917,2025-07-20,28.86092307692308,65,82
10917,2025-08-17,26.6622,50,80
10917,2025-08-21,25.186304347826084,46,77
10917,2025-09-06,45.39529411764706,34,79
10917,2025-09-10,53.559333333333335,15,32
10917,2025-09-22,52.505918367346936,49,78
10917,2025-09-26,46.3325,36,61
10917,2025-09-30,69.9028888888889,45,77
10917,2025-10-04,17.365000000000002,42,79
10917,2025-10-08,25.76666666666667,54,80
10917,2025-10-12,27.2590625,64,79
10917,2025-10-16,47.49071428571428,56,76
10917,2025-10-20,48.85410256410256,39,50
10917,2025-10-24,46.5965625,64,79
10917,2025-10-28,43.20055555555555,54,60
10917,2025-11-01,0.0,71,71
10917,2025-11-05,28.830322580645163,62,80
10917,2025-11-17,25.48191176470588,68,74
10917,2025-11-21,30.26325,80,80
10917,2025-11-25,22.003513513513514,74,80
10917,2025-12-03,20.566933333333335,75,80
10917,2025-12-07,15.033783783783784,74,88
10917,2025-12-11,13.268222222222223,45,66
10917,2025-12-15,39.45205479452055,73,73
10917,2025-12-19,23.77507692307692,65,75
10917,2025-12-23,26.472894736842107,76,82
10917,2025-12-31,17.884090909090908,22,28
4871,2025-01-01,6.560416666666666,24,24
4871,2025-01-05,7.676666666666667,24,24
4871,2025-01-09,7.642608695652174,23,23
4871,2025-01-13,20.445,14,14
4871,2025-01-17,29.832631578947364,19,19
4871,2025-01-21,35.85708333333333,24,24
4871,2025-01-25,7.833333333333333,24,24
4871,2025-01-29,6.423333333333333,24,24
4871,2025-02-02,25.282083333333333,24,24
4871,2025-02-06,19.250416666666666,24,24
4871,2025-02-10,54.01083333333333,24,24
4871,2025-02-14,45.55083333333334,24,24
4871,2025-02-18,26.14375,24,24
4871,2025-02-22,10.712083333333332,24,24
4871,2025-02-26,15.51,5,5
4871,2025-03-02,19.113333333333333,3,3
4871,2025-03-06,26.300416666666667,24,24
4871,2025-03-10,45.041666666666664,24,24
4871,2025-03-14,6.834583333333334,24,24
4871,2025-03-18,7.500416666666666,24,24
4871,2025-03-22,8.205416666666666,24,24
4871,2025-03-26,11.10375,16,16
4871,2025-03-30,8.194347826086956,23,23
4871,2025-04-03,14.707083333333335,24,24
4871,2025-04-07,8.28375,24,24
4871,2025-04-11,22.07041666666667,24,24
4871,2025-04-15,9.008333333333333,24,24
4871,2025-04-19,11.612916666666665,24,24
4871,2025-04-23,8.443111111111111,9,9
4871,2025-04-27,10.775760416666666,24,24
4871,2025-05-01,11.089157894736843,19,19
4871,2025-05-05,5.736107142857143,14,14
4871,2025-05-09,6.003380952380953,21,21
4871,2025-05-13,7.527467391304349,23,23
4871,2025-05-17,11.2255,17,17
4871,2025-05-21,13.186364583333335,24,24
4871,2025-05-25,4.80321875,24,24
4871,2025-05-29,7.537635416666667,24,24
4871,2025-06-02,7.627583333333334,24,24
4871,2025-06-06,4.26353125,24,24
4871,2025-06-10,15.740885416666666,24,24
4871,2025-06-14,11.027614583333333,24,24
4871,2025-06-18,9.834305555555556,18,18
4871,2025-06-22,11.71121875,24,24
4871,2025-06-26,6.548208333333334,24,24
4871,2025-06-30,8.47309375,24,24
4871,2025-07-04,4.37146875,24,24
4871,2025-07-08,6.350322916666666,24,24
4871,2025-07-12,6.224395833333333,24,24
4871,2025-07-16,6.188416666666666,24,24
4871,2025-07-20,7.4656770833333335,24,24
4871,2025-07-24,8.796906250000001,24,24
4871,2025-07-28,7.006125,22,22
4871,2025-08-01,6.764083333333333,24,24
4871,2025-08-05,4.768875,22,22
4871,2025-08-09,14.517593750000001,24,24
4871,2025-08-13,26.156854166666665,24,24
4871,2025-08-17,6.269760869565217,23,23
4871,2025-08-21,4.389458333333333,24,24
4871,2025-08-25,6.494239583333333,24,24
4871,2025-08-29,5.3429062499999995,24,24
4871,2025-09-02,4.389458333333333,24,24
4871,2025-09-06,6.206406250000001,24,24
4871,2025-09-10,6.4042916666666665,24,24
4871,2025-09-14,4.065645833333334,24,24
4871,2025-09-18,3.9397187500000004,24,24
4871,2025-09-22,4.659302083333333,24,24
4871,2025-09-26,8.868864583333334,24,24
4871,2025-09-30,7.393718750000001,24,24
4871,2025-10-04,5.443804347826087,23,23
4871,2025-10-08,12.556729166666665,24,24
4871,2025-10-12,17.989583333333332,24,24
4871,2025-10-16,6.817105263157895,19,19
4871,2025-10-20,6.299625,22,22
4871,2025-10-24,3.5567976190476194,21,21
4871,2025-10-28,5.019093750000001,24,24
4871,2025-11-01,3.1841562500000005,24,24
4871,2025-11-05,4.551364583333333,24,24
4871,2025-11-09,12.8445625,24,24
4871,2025-11-13,6.607652173913044,23,23
4871,2025-11-17,4.596867647058823,17,17
4871,2025-11-21,19.77055208333333,24,24
4871,2025-11-25,8.764525,20,20
4871,2025-11-29,6.692125,2,2
4871,2025-12-03,8.329177083333333,24,24
4871,2025-12-07,5.163010416666666,24,24
4871,2025-12-11,11.225499999999998,24,24
4871,2025-12-15,8.275208333333333,24,24
4871,2025-12-19,5.969413043478261,23,23
4871,2025-12-23,14.715479166666666,24,24
4871,2025-12-27,14.175791666666667,24,24
4871,2025-12-31,8.688968749999999,24,24
4236,2025-01-01,2.652173913043478,23,23
4236,2025-01-05,3.090909090909091,22,22
4236,2025-01-09,1.5217391304347827,23,23
4236,2025-01-13,2.0,10,10
4236,2025-01-17,1.3157894736842106,19,19
4236,2025-01-21,7.565217391304348,23,23
4236,2025-01-25,2.869565217391304,23,23
4236,2025-01-29,1.8095238095238095,21,21
4236,2025-02-02,1.5,22,22
4236,2025-02-06,3.5416666666666665,24,24
4236,2025-02-10,2.380952380952381,21,21
4236,2025-02-14,3.391304347826087,23,23
4236,2025-02-18,4.3478260869565215,23,23
4236,2025-02-22,8.090909090909092,22,22
4236,2025-02-26,1.0,5,5
4236,2025-03-02,1.6666666666666667,3,3
4236,2025-03-06,4.476190476190476,21,21
4236,2025-03-10,1.0454545454545454,22,22
4236,2025-03-14,1.0952380952380953,21,21
4236,2025-03-18,1.0909090909090908,22,22
4236,2025-03-22,1.2916666666666667,24,24
4236,2025-03-26,1.6428571428571428,14,14
4236,2025-03-30,1.0434782608695652,23,23
4236,2025-04-03,2.6363636363636362,22,22
4236,2025-04-07,1.2727272727272727,22,22
4236,2025-04-11,2.3,20,20
4236,2025-04-15,1.4545454545454546,22,22
4236,2025-04-19,2.0,22,22
4236,2025-04-23,1.25,8,8
4236,2025-04-27,1.173913043478261,23,23
4236,2025-05-01,2.5294117647058822,17,17
4236,2025-05-05,1.0625,16,16
4236,2025-05-09,2.3181818181818183,22,22
4236,2025-05-13,1.6666666666666667,21,21
4236,2025-05-17,1.3076923076923077,13,13
4236,2025-05-21,1.0909090909090908,22,22
4236,2025-05-25,1.65,20,20
4236,2025-05-29,1.5,22,22
4236,2025-06-02,1.565217391304348,23,23
4236,2025-06-06,4.545454545454546,22,22
4236,2025-06-10,4.190476190476191,21,21
4236,2025-06-14,11.652173913043478,23,23
4236,2025-06-18,4.0588235294117645,17,17
4236,2025-06-22,3.0,22,22
4236,2025-06-26,4.043478260869565,23,23
4236,2025-06-30,1.5217391304347827,23,23
4236,2025-07-04,2.3181818181818183,22,22
4236,2025-07-08,4.086956521739131,23,23
4236,2025-07-12,3.608695652173913,23,23
4236,2025-07-16,2.0952380952380953,21,21
4236,2025-07-20,3.0434782608695654,23,23
4236,2025-07-24,2.347826086956522,23,23
4236,2025-07-28,3.473684210526316,19,19
4236,2025-08-01,2.909090909090909,22,22
4236,2025-08-05,2.217391304347826,23,23
4236,2025-08-09,4.166666666666667,24,24
4236,2025-08-13,2.782608695652174,23,23
4236,2025-08-17,4.565217391304348,23,23
4236,2025-08-21,6.6521739130434785,23,23
4236,2025-08-25,5.909090909090909,22,22
4236,2025-08-29,2.375,24,24
4236,2025-09-02,1.5217391304347827,23,23
4236,2025-09-06,2.347826086956522,23,23
4236,2025-09-10,2.2916666666666665,24,24
4236,2025-09-14,2.1739130434782608,23,23
4236,2025-09-18,2.0869565217391304,23,23
4236,2025-09-22,2.0869565217391304,23,23
4236,2025-09-26,1.125,24,24
4236,2025-09-30,2.0,1,1
4236,2025-10-04,6.3,20,20
4236,2025-10-08,2.75,24,24
4236,2025-10-12,1.619047619047619,21,21
4236,2025-10-16,4.0,17,17
4236,2025-10-20,4.8,20,20
4236,2025-10-24,1.625,24,24
4236,2025-10-28,2.6818181818181817,22,22
4236,2025-11-01,4.608695652173913,23,23
4236,2025-11-05,1.8636363636363635,22,22
4236,2025-11-09,1.4583333333333333,24,24
4236,2025-11-13,5.181818181818182,22,22
4236,2025-11-17,1.3478260869565217,23,23
4236,2025-11-21,1.4782608695652173,23,23
4236,2025-11-25,1.0555555555555556,18,18
4236,2025-11-29,7.5,2,2
4236,2025-12-03,2.0,23,23
4236,2025-12-07,2.5652173913043477,23,23
4236,2025-12-11,6.5,24,24
4236,2025-12-15,4.923076923076923,13,13
4236,2025-12-19,10.818181818181818,22,22
4236,2025-12-23,1.4583333333333333,24,24
4236,2025-12-27,2.782608695652174,23,23
4236,2025-12-31,4.875,24,24
1214531,2025-01-01,7.818181818181818,22,22
1214531,2025-01-05,7.363636363636363,22,22
1214531,2025-01-09,8.727272727272727,22,22
1214531,2025-01-13,10.681818181818182,22,22
1214531,2025-01-17,6.2272727272727275,22,22
1214531,2025-01-21,9.181818181818182,22,22
1214531,2025-01-25,6.818181818181818,22,22
1214531,2025-01-29,7.045454545454546,22,22
1214531,2025-02-02,8.454545454545455,22,22
1214531,2025-02-06,7.863636363636363,22,22
1214531,2025-02-10,6.142857142857143,21,21
1214531,2025-02-14,8.681818181818182,22,22
1214531,2025-02-18,5.818181818181818,22,22
1214531,2025-02-22,6.181818181818182,22,22
1214531,2025-02-26,13.590909090909092,22,22
1214531,2025-03-02,39.77272727272727,22,22
1214531,2025-03-06,2.6818181818181817,22,22
1214531,2025-03-10,10.636363636363637,22,22
1214531,2025-03-14,13.409090909090908,22,22
1214531,2025-03-18,8.045454545454545,22,22
1214531,2025-03-22,23.818181818181817,22,22
1214531,2025-03-26,34.81818181818182,22,22
1214531,2025-03-30,6.818181818181818,22,22
1214531,2025-04-03,5.0476190476190474,21,21
1214531,2025-04-07,16.09090909090909,22,22
1214531,2025-04-11,14.590909090909092,22,22
1214531,2025-04-15,6.318181818181818,22,22
1214531,2025-04-19,17.863636363636363,22,22
1214531,2025-04-23,2.8181818181818183,22,22
1214531,2025-04-27,15.181818181818182,22,22
1214531,2025-05-01,16.952380952380953,21,21
1214531,2025-05-05,9.363636363636363,22,22
1214531,2025-05-09,9.863636363636363,22,22
1214531,2025-05-13,19.136363636363637,22,22
1214531,2025-05-17,9.090909090909092,22,22
1214531,2025-05-21,9.5,22,22
1214531,2025-05-25,2.45,20,20
1214531,2025-05-29,10.238095238095237,21,21
1214531,2025-06-02,14.681818181818182,22,22
1214531,2025-06-06,10.727272727272727,22,22
1214531,2025-06-10,2.772727272727273,22,22
1214531,2025-06-14,7.318181818181818,22,22
1214531,2025-06-18,15.136363636363637,22,22
1214531,2025-06-22,12.318181818181818,22,22
1214531,2025-06-26,6.636363636363637,22,22
1214531,2025-06-30,17.954545454545453,22,22
1214531,2025-07-04,38.04545454545455,22,22
1214531,2025-07-08,19.181818181818183,22,22
1214531,2025-07-12,7.454545454545454,22,22
1214531,2025-07-16,14.6,20,20
1214531,2025-07-20,4.909090909090909,22,22
1214531,2025-07-24,7.363636363636363,22,22
1214531,2025-07-28,6.545454545454546,22,22
1214531,2025-08-01,15.0,22,22
1214531,2025-08-05,11.727272727272727,22,22
1214531,2025-08-09,9.454545454545455,22,22
1214531,2025-08-13,9.272727272727273,22,22
1214531,2025-08-17,11.409090909090908,22,22
1214531,2025-08-21,7.045454545454546,22,22
1214531,2025-08-25,17.363636363636363,22,22
1214531,2025-08-29,18.954545454545453,22,22
1214531,2025-09-02,4.2727272727272725,22,22
1214531,2025-09-06,7.2272727272727275,22,22
1214531,2025-09-10,9.0,20,20
1214531,2025-09-14,11.454545454545455,22,22
1214531,2025-09-18,9.904761904761905,21,21
1214531,2025-09-22,4.7272727272727275,22,22
1214531,2025-09-26,7.909090909090909,22,22
1214531,2025-09-30,4.590909090909091,22,22
1214531,2025-10-04,3.909090909090909,22,22
1214531,2025-10-08,7.954545454545454,22,22
1214531,2025-10-12,4.136363636363637,22,22
1214531,2025-10-16,3.1818181818181817,22,22
1214531,2025-10-20,3.0454545454545454,22,22
1214531,2025-10-24,5.523809523809524,21,21
1214531,2025-10-28,7.863636363636363,22,22
1214531,2025-11-01,4.863636363636363,22,22
1214531,2025-11-05,6.7272727272727275,22,22
1214531,2025-11-09,7.2272727272727275,22,22
1214531,2025-11-13,8.727272727272727,11,11
1214531,2025-11-17,13.181818181818182,22,22
1214531,2025-11-21,12.681818181818182,22,22
1214531,2025-11-25,16.5,22,22
1214531,2025-11-29,6.363636363636363,22,22
1214531,2025-12-03,7.954545454545454,22,22
1214531,2025-12-07,12.045454545454545,22,22
1214531,2025-12-11,9.090909090909092,22,22
1214531,2025-12-15,3.9545454545454546,22,22
1214531,2025-12-19,7.571428571428571,21,21
1214531,2025-12-23,7.136363636363637,22,22
1214531,2025-12-27,4.857142857142857,21,21
1214531,2025-12-31,5.7272727272727275,22,22
8592,2025-01-01,4.558333333333333,24,24
8592,2025-01-05,10.833333333333334,24,24
8592,2025-01-09,9.983333333333333,24,24
8592,2025-01-13,6.045833333333333,24,24
8592,2025-01-17,2.066666666666667,24,24
8592,2025-01-21,6.066666666666666,24,24
8592,2025-01-25,7.383333333333334,24,24
8592,2025-01-29,13.716666666666667,24,24
8592,2025-02-02,2.8833333333333333,24,24
8592,2025-02-06,6.995833333333334,24,24
8592,2025-02-10,6.470833333333334,24,24
8592,2025-02-14,7.291666666666667,24,24
8592,2025-02-18,4.675,24,24
8592,2025-02-22,14.908333333333333,24,24
8592,2025-02-26,9.004166666666666,24,24
8592,2025-03-02,19.349999999999998,24,24
8592,2025-03-06,10.929166666666667,24,24
8592,2025-03-10,11.595833333333333,24,24
8592,2025-03-14,4.7,24,24
8592,2025-03-18,11.55,18,18
8592,2025-03-22,6.633333333333333,24,24
8592,2025-03-26,11.779166666666667,24,24
8592,2025-03-30,9.1,24,24
8592,2025-04-03,5.508333333333333,24,24
8592,2025-04-07,12.158333333333333,24,24
8592,2025-04-11,8.841666666666667,24,24
8592,2025-04-15,6.608333333333333,24,24
8592,2025-04-19,5.175,24,24
8592,2025-04-23,7.1625000000000005,24,24
8592,2025-04-27,5.621739130434783,23,23
8592,2025-05-01,9.916666666666666,24,24
8592,2025-05-05,5.1375,24,24
8592,2025-05-09,8.049999999999999,24,24
8592,2025-05-13,11.658333333333333,24,24
8592,2025-05-17,8.895833333333334,24,24
8592,2025-05-21,9.545833333333333,24,24
8592,2025-05-25,6.043478260869565,23,23
8592,2025-05-29,18.7,24,24
8592,2025-06-02,10.7125,24,24
8592,2025-06-06,6.966666666666668,24,24
8592,2025-06-10,58.85833333333333,24,24
8592,2025-06-14,30.28333333333333,24,24
8592,2025-06-18,13.275,24,24
8592,2025-10-04,2.5652173913043477,23,23
8592,2025-10-08,4.983333333333333,24,24
8592,2025-10-12,2.4041666666666663,24,24
8592,2025-10-16,9.895833333333334,24,24
8592,2025-10-20,6.2875000000000005,24,24
8592,2025-10-24,9.475,24,24
8592,2025-10-28,4.005,20,20
8592,2025-11-01,12.504166666666668,24,24
8592,2025-11-05,8.620833333333334,24,24
8592,2025-11-09,11.708333333333334,24,24
8592,2025-11-13,13.90952380952381,21,21
8592,2025-11-17,16.12727272727273,11,11
8592,2025-11-21,12.383333333333333,24,24
8592,2025-11-25,10.549999999999999,24,24
8592,2025-11-29,12.016666666666666,24,24
8592,2025-12-03,15.450000000000001,24,24
8592,2025-12-07,10.245833333333334,24,24
8592,2025-12-11,4.558333333333334,24,24
8592,2025-12-15,18.675,24,24
8592,2025-12-19,5.7749999999999995,24,24
8592,2025-12-23,12.0875,24,24
8592,2025-12-27,3.891666666666667,24,24
8592,2025-12-31,18.933333333333334,24,24
2827389,2025-01-01,40.268518540594314,24,24
2827389,2025-01-05,43.06423613097933,24,24
2827389,2025-01-09,60.86835742342299,23,23
2827389,2025-01-13,40.81944433848063,1,1
2827389,2025-02-14,34.00266201297442,24,24
2827389,2025-02-18,54.41203702820672,24,24
2827389,2025-02-22,44.54050930341085,24,24
2827389,2025-02-26,18.85821759700775,24,24
2827389,2025-03-02,23.429398155874676,24,24
2827389,2025-03-06,54.232638941870796,24,24
2827389,2025-03-10,41.881944404708015,24,24
2827389,2025-03-14,51.496527698304924,24,24
2827389,2025-03-18,72.07754627863567,24,24
2827389,2025-03-22,95.41724552048578,24,24
2827389,2025-03-26,70.13715273804135,24,24
2827389,2025-03-30,112.62962955898708,24,24
2827389,2025-04-03,53.58159731494056,24,24
2827389,2025-04-07,35.943865782684746,24,24
2827389,2025-04-11,46.67187495364083,24,24
2827389,2025-04-15,13.094907394713827,24,24
2827389,2025-04-19,12.000000008278422,24,24
2827389,2025-04-23,41.493055522441864,24,24
2827389,2025-04-27,37.22106481922997,24,24
2827389,2025-05-01,16.864109835239372,24,24
2827389,2025-05-05,15.38541666501098,24,24
2827389,2025-05-09,35.127314772870804,24,24
2827389,2025-05-13,16.518518524037468,24,24
2827389,2025-05-21,12.326336300433283,24,24
2827389,2025-05-25,7.358796303160489,24,24
2827389,2025-05-29,5.986111111111111,24,24
2827389,2025-06-02,6.333333358168602,7,7
2827389,2025-06-06,19.008680573768086,24,24
2827389,2025-06-10,6.166087961445252,24,24
2827389,2025-06-14,5.510574497592946,24,24
2827389,2025-06-18,7.391203706566658,24,24
2827389,2025-06-22,6.584541069424671,23,23
2827389,2025-06-26,8.710648148217135,24,24
2827389,2025-06-30,9.892939804328813,24,24
2827389,2025-07-04,11.713541669978035,24,24
2827389,2025-07-08,12.125578708118864,24,24
2827389,2025-07-12,8.612847232984171,24,24
2827389,2025-07-16,17.88020832505491,24,24
2827389,2025-07-20,13.060763900478682,24,24
2827389,2025-07-24,8.86979164265924,24,24
2827389,2025-07-28,14.424768504997095,24,24
2827389,2025-08-01,21.08449072473579,24,24
2827389,2025-08-05,13.181712969309755,24,24
2827389,2025-08-09,15.249999975992573,24,24
2827389,2025-08-13,13.568865733842054,24,24
2827389,2025-08-17,7.157986101901366,24,24
2827389,2025-08-21,15.938078759445084,24,24
2827389,2025-08-25,15.741898134350777,24,24
2827389,2025-08-29,17.040509250428943,24,24
2827389,2025-09-02,10.725694455620316,24,24
2827389,2025-09-06,15.203703689906332,24,24
2827389,2025-09-10,6.898148140973515,24,24
2827389,2025-09-14,12.214699072142443,24,24
2827389,2025-09-18,20.592592588177435,24,24
2827389,2025-09-22,5.849537037037037,24,24
2827389,2025-09-26,8.125,24,24
2827389,2025-09-30,7.5193236714975855,23,23
2827389,2025-10-04,16.97524154589372,23,23
2827389,2025-10-08,6.836805555555556,24,24
2827389,2025-10-12,29.112847222222225,24,24
2827389,2025-10-16,7.2853009259259265,24,24
2827389,2025-10-20,15.410113035113035,21,21
2827389,2025-10-24,19.24189814814815,24,24
2827389,2025-10-28,17.95486111111111,24,24
2827389,2025-11-01,7.555555555555556,24,24
2827389,2025-11-05,15.929951690821257,23,23
2827389,2025-11-09,7.685763888888889,24,24
2827389,2025-11-13,17.429347826086957,23,23
2827389,2025-11-17,16.950757575757578,22,22
2827389,2025-11-21,11.234953703703704,24,24
2827389,2025-11-25,23.57060185185185,24,24
2827389,2025-11-29,40.02546296296296,24,24
2827389,2025-12-03,47.39756944444445,24,24
2827389,2025-12-07,42.5462962962963,24,24
2827389,2025-12-11,35.49768518518518,24,24
2827389,2025-12-15,20.422453703703706,24,24
2827389,2025-12-19,31.316550925925927,24,24
2827389,2025-12-23,33.167245370370374,24,24
2827389,2025-12-27,40.129629629629626,24,24
2827389,2025-12-31,49.783816425120776,23,23
480395,2025-03-10,11.5,14,14
480395,2025-03-14,12.666666666666666,24,24
480395,2025-03-18,25.291666666666668,24,24
480395,2025-03-22,22.916666666666668,24,24
480395,2025-03-26,16.958333333333332,24,24
480395,2025-03-30,14.5,24,24
480395,2025-04-03,12.833333333333334,24,24
480395,2025-04-07,8.375,24,24
480395,2025-04-11,24.0,24,24
480395,2025-04-15,36.541666666666664,24,24
480395,2025-04-19,28.583333333333332,24,24
480395,2025-04-23,24.541666666666668,24,24
480395,2025-04-27,19.625,24,24
480395,2025-05-01,22.375,24,24
480395,2025-05-05,14.291666666666666,24,24
480395,2025-05-09,22.666666666666668,24,24
480395,2025-05-13,24.625,24,24
480395,2025-06-02,1.4583333333333333,24,24
480395,2025-06-06,7.958333333333333,24,24
480395,2025-06-10,6.166666666666667,24,24
480395,2025-06-14,0.20833333333333334,24,24
480395,2025-06-18,0.7916666666666666,24,24
480395,2025-06-30,0.125,24,24
480395,2025-07-04,6.083333333333333,24,24
480395,2025-07-08,7.375,24,24
480395,2025-07-12,5.083333333333333,24,24
480395,2025-07-16,5.833333333333333,24,24
480395,2025-07-20,3.25,24,24
480395,2025-07-24,3.9166666666666665,24,24
480395,2025-07-28,2.5416666666666665,24,24
480395,2025-08-01,1.2,10,10
480395,2025-08-09,9.083333333333334,24,24
480395,2025-08-13,6.375,24,24
480395,2025-08-21,4.5,24,24
480395,2025-08-25,0.0,24,24
480395,2025-08-29,7.45,20,20
480395,2025-09-02,7.291666666666667,24,24
480395,2025-09-06,6.75,24,24
480395,2025-09-10,9.083333333333334,24,24
480395,2025-09-14,7.666666666666667,24,24
480395,2025-09-18,9.041666666666666,24,24
480395,2025-09-22,6.916666666666667,24,24
480395,2025-09-26,6.916666666666667,24,24
480395,2025-09-30,8.458333333333334,24,24
480395,2025-10-04,7.666666666666667,24,24
480395,2025-10-08,9.583333333333334,24,24
480395,2025-10-12,8.416666666666666,24,24
480395,2025-10-16,10.125,24,24
480395,2025-10-20,14.347826086956522,23,23
480395,2025-10-24,12.875,24,24
480395,2025-10-28,15.541666666666666,24,24
480395,2025-11-01,21.041666666666668,24,24
480395,2025-11-05,14.041666666666666,24,24
480395,2025-11-09,18.208333333333332,24,24
480395,2025-11-13,21.416666666666668,24,24
480395,2025-11-17,20.166666666666668,24,24
480395,2025-11-21,33.666666666666664,24,24
480395,2025-11-25,16.166666666666668,24,24
480395,2025-11-29,7.958333333333333,24,24
480395,2025-12-03,19.791666666666668,24,24
480395,2025-12-07,18.375,24,24
480395,2025-12-11,25.625,24,24
480395,2025-12-15,12.291666666666666,24,24
480395,2025-12-19,22.708333333333332,24,24
480395,2025-12-23,13.958333333333334,24,24
480395,2025-12-27,23.0,24,24
480395,2025-12-31,17.583333333333332,24,24
1214696,2025-01-01,8.0,22,22
1214696,2025-01-05,7.318181818181818,22,22
1214696,2025-01-09,7.136363636363637,22,22
1214696,2025-01-13,13.954545454545455,22,22
1214696,2025-01-17,17.59090909090909,22,22
1214696,2025-01-21,32.40909090909091,22,22
1214696,2025-01-25,8.363636363636363,22,22
1214696,2025-01-29,6.181818181818182,22,22
1214696,2025-02-06,6.7272727272727275,22,22
1214696,2025-02-10,8.0,22,22
1214696,2025-02-14,11.818181818181818,22,22
1214696,2025-02-18,7.909090909090909,22,22
1214696,2025-02-22,11.727272727272727,22,22
1214696,2025-02-26,16.772727272727273,22,22
1214696,2025-03-02,15.136363636363637,22,22
1214696,2025-03-06,5.863636363636363,22,22
1214696,2025-03-10,12.954545454545455,22,22
1214696,2025-03-14,8.409090909090908,22,22
1214696,2025-03-18,13.045454545454545,22,22
1214696,2025-03-22,24.90909090909091,22,22
1214696,2025-03-26,24.0,22,22
1214696,2025-03-30,7.318181818181818,22,22
1214696,2025-04-03,6.090909090909091,22,22
1214696,2025-04-07,10.136363636363637,22,22
1214696,2025-04-11,18.59090909090909,22,22
1214696,2025-04-15,6.2272727272727275,22,22
1214696,2025-04-19,16.681818181818183,22,22
1214696,2025-04-23,4.409090909090909,22,22
1214696,2025-04-27,15.954545454545455,22,22
1214696,2025-05-01,14.454545454545455,22,22
1214696,2025-05-05,10.636363636363637,22,22
1214696,2025-05-09,6.7272727272727275,22,22
1214696,2025-05-13,19.181818181818183,22,22
1214696,2025-05-17,6.2727272727272725,22,22
1214696,2025-05-21,8.5,22,22
1214696,2025-05-25,4.681818181818182,22,22
1214696,2025-05-29,11.909090909090908,22,22
1214696,2025-06-02,17.09090909090909,22,22
1214696,2025-06-06,13.772727272727273,22,22
1214696,2025-06-10,5.5,22,22
1214696,2025-06-14,6.545454545454546,22,22
1214696,2025-06-18,12.136363636363637,22,22
1214696,2025-06-22,4.7727272727272725,22,22
1214696,2025-06-26,12.454545454545455,22,22
1214696,2025-06-30,16.0,22,22
1214696,2025-07-04,22.818181818181817,22,22
1214696,2025-07-08,18.136363636363637,22,22
1214696,2025-07-12,9.545454545454545,22,22
1214696,2025-07-16,16.272727272727273,22,22
1214696,2025-07-20,6.136363636363637,22,22
1214696,2025-07-24,5.954545454545454,22,22
1214696,2025-07-28,6.181818181818182,22,22
1214696,2025-08-01,14.0,22,22
1214696,2025-08-05,9.333333333333334,21,21
1214696,2025-08-09,6.909090909090909,22,22
1214696,2025-08-13,11.318181818181818,22,22
1214696,2025-08-17,7.454545454545454,22,22
1214696,2025-08-21,7.2727272727272725,22,22
1214696,2025-08-25,5.619047619047619,21,21
1214696,2025-08-29,10.227272727272727,22,22
1214696,2025-09-02,5.136363636363637,22,22
1214696,2025-09-06,7.2272727272727275,22,22
1214696,2025-09-10,4.0,22,22
1214696,2025-09-14,5.0,22,22
1214696,2025-09-18,3.272727272727273,22,22
1214696,2025-09-22,4.818181818181818,22,22
1214696,2025-09-26,7.7272727272727275,22,22
1214696,2025-09-30,8.090909090909092,22,22
1214696,2025-10-04,8.857142857142858,21,21
1214696,2025-10-08,9.954545454545455,22,22
1214696,2025-10-12,10.545454545454545,22,22
1214696,2025-10-16,6.409090909090909,22,22
1214696,2025-10-20,5.863636363636363,22,22
1214696,2025-10-24,5.7272727272727275,22,22
1214696,2025-10-28,4.545454545454546,22,22
1214696,2025-11-01,7.181818181818182,22,22
1214696,2025-11-05,9.181818181818182,22,22
1214696,2025-11-13,11.136363636363637,22,22
1214696,2025-11-17,12.318181818181818,22,22
1214696,2025-11-21,10.954545454545455,22,22
1214696,2025-11-25,14.681818181818182,22,22
1214696,2025-11-29,8.181818181818182,22,22
1214696,2025-12-03,9.409090909090908,22,22
1214696,2025-12-07,7.454545454545454,22,22
1214696,2025-12-11,12.454545454545455,22,22
1214696,2025-12-15,5.909090909090909,22,22
1214696,2025-12-19,11.045454545454545,22,22
1214696,2025-12-23,5.809523809523809,21,21
1214696,2025-12-27,6.818181818181818,22,22
1214696,2025-12-31,6.5,22,22
1215633,2025-01-01,9.909090909090908,22,22
1215633,2025-01-05,8.681818181818182,22,22
1215633,2025-01-09,6.0,22,22
1215633,2025-01-13,6.045454545454546,22,22
1215633,2025-01-17,7.2272727272727275,22,22
1215633,2025-01-21,16.136363636363637,22,22
1215633,2025-01-25,9.272727272727273,22,22
1215633,2025-01-29,4.954545454545454,22,22
1215633,2025-02-02,8.954545454545455,22,22
1215633,2025-02-06,5.409090909090909,22,22
1215633,2025-02-10,7.318181818181818,22,22
1215633,2025-02-14,10.523809523809524,21,21
1215633,2025-02-18,7.545454545454546,22,22
1215633,2025-02-22,5.590909090909091,22,22
1215633,2025-02-26,17.142857142857142,21,21
1215633,2025-03-02,21.136363636363637,22,22
1215633,2025-03-06,4.071428571428571,14,14
1215633,2025-03-10,12.19047619047619,21,21
1215633,2025-03-14,20.59090909090909,22,22
1215633,2025-03-18,9.545454545454545,22,22
1215633,2025-03-22,21.181818181818183,22,22
1215633,2025-03-26,30.045454545454547,22,22
1215633,2025-03-30,10.090909090909092,22,22
1215633,2025-04-03,4.863636363636363,22,22
1215633,2025-04-07,9.772727272727273,22,22
1215633,2025-04-11,18.5,22,22
1215633,2025-04-15,7.045454545454546,22,22
1215633,2025-04-19,28.954545454545453,22,22
1215633,2025-04-23,12.727272727272727,22,22
1215633,2025-04-27,21.3,20,20
1215633,2025-05-01,6.318181818181818,22,22
1215633,2025-05-05,10.409090909090908,22,22
1215633,2025-05-09,15.909090909090908,22,22
1215633,2025-05-13,17.227272727272727,22,22
1215633,2025-05-17,13.727272727272727,22,22
1215633,2025-05-21,22.238095238095237,21,21
1215633,2025-05-25,4.454545454545454,22,22
1215633,2025-05-29,12.454545454545455,22,22
1215633,2025-06-02,12.636363636363637,22,22
1215633,2025-06-06,21.727272727272727,22,22
1215633,2025-06-10,11.454545454545455,22,22
1215633,2025-06-14,13.818181818181818,22,22
1215633,2025-06-18,18.272727272727273,22,22
1215633,2025-06-22,16.045454545454547,22,22
1215633,2025-06-26,5.590909090909091,22,22
1215633,2025-06-30,20.318181818181817,22,22
1215633,2025-07-04,17.863636363636363,22,22
1215633,2025-07-08,28.772727272727273,22,22
1215633,2025-07-12,6.7272727272727275,22,22
1215633,2025-07-16,23.09090909090909,22,22
1215633,2025-07-20,12.181818181818182,22,22
1215633,2025-07-24,17.59090909090909,22,22
1215633,2025-07-28,13.681818181818182,22,22
1215633,2025-08-01,5.954545454545454,22,22
1215633,2025-08-05,15.227272727272727,22,22
1215633,2025-08-09,8.136363636363637,22,22
1215633,2025-08-13,7.954545454545454,22,22
1215633,2025-08-17,12.181818181818182,22,22
1215633,2025-08-21,14.227272727272727,22,22
1215633,2025-08-25,7.454545454545454,22,22
1215633,2025-08-29,7.545454545454546,22,22
1215633,2025-09-02,16.681818181818183,22,22
1215633,2025-09-06,6.863636363636363,22,22
1215633,2025-09-10,8.142857142857142,21,21
1215633,2025-09-14,6.681818181818182,22,22
1215633,2025-09-18,6.363636363636363,22,22
1215633,2025-09-22,6.7272727272727275,22,22
1215633,2025-09-26,7.818181818181818,22,22
1215633,2025-09-30,8.636363636363637,22,22
1215633,2025-10-04,11.136363636363637,22,22
1215633,2025-10-08,9.954545454545455,22,22
1215633,2025-10-12,2.8181818181818183,22,22
1215633,2025-10-16,8.318181818181818,22,22
1215633,2025-10-20,6.5,22,22
1215633,2025-10-24,8.772727272727273,22,22
1215633,2025-10-28,6.2727272727272725,22,22
1215633,2025-11-01,5.090909090909091,22,22
1215633,2025-11-05,10.454545454545455,22,22
1215633,2025-11-09,10.681818181818182,22,22
1215633,2025-11-13,12.363636363636363,22,22
1215633,2025-11-17,7.863636363636363,22,22
1215633,2025-11-21,8.272727272727273,22,22
1215633,2025-11-25,14.571428571428571,21,21
1215633,2025-11-29,7.2272727272727275,22,22
1215633,2025-12-03,6.818181818181818,22,22
1215633,2025-12-07,8.863636363636363,22,22
1215633,2025-12-11,8.857142857142858,21,21
1215633,2025-12-15,3.1363636363636362,22,22
1215633,2025-12-19,9.590909090909092,22,22
1215633,2025-12-23,10.681818181818182,22,22
1215633,2025-12-27,5.5,22,22
1215633,2025-12-31,5.454545454545454,22,22
1215996,2025-01-29,4.0,22,22
1215996,2025-02-02,7.619047619047619,21,21
1215996,2025-02-06,5.285714285714286,21,21
1215996,2025-02-10,5.0476190476190474,21,21
1215996,2025-02-14,6.409090909090909,22,22
1215996,2025-02-18,5.095238095238095,21,21
1215996,2025-02-22,5.954545454545454,22,22
1215996,2025-02-26,5.809523809523809,21,21
1215996,2025-03-02,24.954545454545453,22,22
1215996,2025-03-06,2.6470588235294117,17,17
1215996,2025-03-10,8.545454545454545,22,22
1215996,2025-03-14,7.090909090909091,22,22
1215996,2025-03-18,5.2631578947368425,19,19
1215996,2025-03-22,16.59090909090909,22,22
1215996,2025-03-26,22.5,22,22
1215996,2025-03-30,6.045454545454546,22,22
1215996,2025-04-03,3.5294117647058822,17,17
1215996,2025-04-07,10.0,22,22
1215996,2025-04-11,13.772727272727273,22,22
1215996,2025-04-15,5.0,16,16
1215996,2025-04-19,15.727272727272727,22,22
1215996,2025-04-23,6.476190476190476,21,21
1215996,2025-04-27,12.0,22,22
1215996,2025-05-01,16.25,8,8
1215996,2025-05-05,8.0,22,22
1215996,2025-05-09,5.363636363636363,22,22
1215996,2025-05-13,16.272727272727273,22,22
1215996,2025-05-17,5.7,20,20
1215996,2025-05-21,13.454545454545455,22,22
1215996,2025-05-25,3.4444444444444446,18,18
1215996,2025-05-29,10.636363636363637,22,22
1215996,2025-06-02,14.636363636363637,22,22
1215996,2025-06-06,12.181818181818182,22,22
1215996,2025-06-10,3.0588235294117645,17,17
1215996,2025-06-14,5.7,20,20
1215996,2025-06-18,12.681818181818182,22,22
1215996,2025-06-22,13.681818181818182,22,22
1215996,2025-06-26,7.818181818181818,22,22
1215996,2025-06-30,18.772727272727273,22,22
1215996,2025-07-04,50.04545454545455,22,22
1215996,2025-07-08,14.363636363636363,22,22
1215996,2025-07-12,4.857142857142857,21,21
1215996,2025-07-16,14.409090909090908,22,22
1215996,2025-07-20,3.95,20,20
1215996,2025-07-24,7.666666666666667,21,21
1215996,2025-07-28,4.523809523809524,21,21
1215996,2025-08-01,13.045454545454545,22,22
1215996,2025-08-05,16.681818181818183,22,22
1215996,2025-08-09,7.636363636363637,22,22
1215996,2025-08-13,11.863636363636363,22,22
1215996,2025-08-17,9.181818181818182,22,22
1215996,2025-08-21,7.409090909090909,22,22
1215996,2025-08-25,14.0,22,22
1215996,2025-08-29,11.363636363636363,22,22
1215996,2025-09-02,5.428571428571429,21,21
1215996,2025-09-06,7.545454545454546,22,22
1215996,2025-09-10,7.818181818181818,22,22
1215996,2025-09-14,9.0,22,22
1215996,2025-09-18,5.809523809523809,21,21
1215996,2025-09-22,4.052631578947368,19,19
1215996,2025-09-26,7.318181818181818,22,22
1215996,2025-09-30,8.090909090909092,22,22
1215996,2025-10-04,5.285714285714286,21,21
1215996,2025-10-08,7.818181818181818,22,22
1215996,2025-10-12,8.090909090909092,22,22
1215996,2025-10-16,8.454545454545455,22,22
1215996,2025-10-20,4.473684210526316,19,19
1215996,2025-10-24,3.9411764705882355,17,17
1215996,2025-10-28,5.0476190476190474,21,21
1215996,2025-11-01,5.45,20,20
1215996,2025-11-05,9.363636363636363,22,22
1215996,2025-11-09,6.863636363636363,22,22
1215996,2025-11-13,8.136363636363637,22,22
1215996,2025-11-17,10.181818181818182,22,22
1215996,2025-11-21,8.090909090909092,22,22
1215996,2025-11-25,9.045454545454545,22,22
1215996,2025-11-29,8.636363636363637,22,22
1215996,2025-12-03,5.809523809523809,21,21
1215996,2025-12-07,7.590909090909091,22,22
1215996,2025-12-11,7.714285714285714,21,21
1215996,2025-12-15,4.7272727272727275,22,22
1215996,2025-12-19,3.272727272727273,22,22
1215996,2025-12-23,5.533333333333333,15,15
1215996,2025-12-27,4.2727272727272725,22,22
1215996,2025-12-31,4.8,20,20
2162729,2025-05-17,8.3,8,8
2162729,2025-05-21,9.275,4,4
2162729,2025-05-25,8.5,4,4
2162729,2025-05-29,7.716666666666666,6,6
2162729,2025-06-02,7.56,5,5
2162729,2025-06-06,9.200000000000001,3,3
2162729,2025-06-10,27.0,4,4
2162729,2025-06-14,20.375,4,4
2162729,2025-06-18,8.1,4,4
2162729,2025-06-22,9.928571428571429,7,7
2162729,2025-06-30,10.32,10,10
2162729,2025-07-04,15.016666666666666,12,12
2162729,2025-07-08,3.3428571428571425,7,7
2162729,2025-07-12,7.345454545454545,11,11
2162729,2025-07-20,8.2,2,2
2162729,2025-07-24,6.279999999999999,10,10
2162729,2025-07-28,5.08,5,5
2162729,2025-08-01,9.174999999999999,12,12
2162729,2025-08-05,8.5,10,10
2162729,2025-08-09,15.616666666666667,6,6
2162729,2025-08-13,17.712500000000002,8,8
2162729,2025-08-17,17.275,8,8
2162729,2025-08-21,8.34,10,10
2162729,2025-08-25,8.72,10,10
2162729,2025-08-29,4.955555555555556,9,9
2162729,2025-09-02,4.7,2,2
2162729,2025-09-06,6.6000000000000005,3,3
2162729,2025-09-14,8.25,2,2
2162729,2025-09-18,6.85,2,2
2162729,2025-09-30,6.55,2,2
2162729,2025-10-04,7.459999999999999,5,5
2162729,2025-10-08,7.15,4,4
2162729,2025-10-12,15.15,2,2
2162729,2025-10-16,10.35,2,2
2162729,2025-10-20,6.677777777777777,9,9
2162729,2025-10-24,6.236363636363637,11,11
2162729,2025-10-28,5.566666666666666,3,3
2162729,2025-11-01,5.722222222222222,9,9
2162729,2025-11-05,10.85,4,4
2162729,2025-11-09,15.6,5,5
2162729,2025-11-13,6.62,5,5
2162729,2025-11-17,6.677777777777778,9,9
2162729,2025-11-21,3.8666666666666667,6,6
2162729,2025-11-25,4.5285714285714285,7,7
2162729,2025-11-29,33.75,2,2
2162729,2025-12-03,2.7625,8,8
2162729,2025-12-07,3.9799999999999995,5,5
2162729,2025-12-11,18.318181818181817,11,11
2162729,2025-12-15,6.533333333333334,3,3
2162729,2025-12-23,3.8200000000000003,5,5
2162729,2025-12-27,11.3,2,2
2162729,2025-12-31,16.1,2,2
4583,2025-01-01,33.916666666666664,24,24
4583,2025-01-05,15.833333333333334,24,24
4583,2025-01-09,2.7777777777777777,18,18
4583,2025-01-13,11.5,14,14
4583,2025-01-17,14.222222222222221,18,18
4583,2025-01-21,17.52173913043478,23,23
4583,2025-01-25,11.583333333333334,24,24
4583,2025-01-29,3.375,24,24
4583,2025-02-02,13.583333333333334,24,24
4583,2025-02-06,21.375,24,24
4583,2025-02-10,44.40909090909091,22,22
4583,2025-02-14,17.75,24,24
4583,2025-02-18,21.91304347826087,23,23
4583,2025-02-22,30.625,24,24
4583,2025-02-26,1.4,5,5
4583,2025-03-02,13.666666666666666,3,3
4583,2025-03-06,26.583333333333332,24,24
4583,2025-03-10,12.708333333333334,24,24
4583,2025-03-14,7.625,24,24
4583,2025-03-18,7.666666666666667,21,21
4583,2025-03-22,5.739130434782608,23,23
4583,2025-03-26,26.0,16,16
4583,2025-03-30,11.652173913043478,23,23
4583,2025-04-03,10.541666666666666,24,24
4583,2025-04-07,5.0,22,22
4583,2025-04-11,13.434782608695652,23,23
4583,2025-04-15,13.130434782608695,23,23
4583,2025-04-19,5.708333333333333,24,24
4583,2025-04-23,3.3333333333333335,9,9
4583,2025-04-27,9.208333333333334,24,24
4583,2025-05-01,10.7,20,20
4583,2025-05-05,2.375,16,16
4583,2025-05-09,12.083333333333334,24,24
4583,2025-05-13,4.2,20,20
4583,2025-05-17,5.470588235294118,17,17
4583,2025-05-21,5.869565217391305,23,23
4583,2025-05-25,3.8260869565217392,23,23
4583,2025-05-29,3.5416666666666665,24,24
4583,2025-06-02,5.695652173913044,23,23
4583,2025-06-06,3.9166666666666665,24,24
4583,2025-06-10,27.541666666666668,24,24
4583,2025-06-18,11.65,20,20
4583,2025-06-22,10.0,19,19
4583,2025-06-26,8.375,24,24
4583,2025-06-30,9.0,18,18
4583,2025-07-04,11.375,24,24
4583,2025-07-08,2.25,24,24
4583,2025-07-12,5.166666666666667,12,12
4583,2025-07-16,9.08695652173913,23,23
4583,2025-07-20,6.666666666666667,24,24
4583,2025-07-24,3.875,24,24
4583,2025-07-28,3.090909090909091,22,22
4583,2025-08-01,4.666666666666667,24,24
4583,2025-08-05,5.0,24,24
4583,2025-08-09,14.75,24,24
4583,2025-08-13,21.291666666666668,24,24
4583,2025-08-17,13.869565217391305,23,23
4583,2025-08-21,4.5,24,24
4583,2025-08-25,6.541666666666667,24,24
4583,2025-08-29,2.5,24,24
4583,2025-09-02,1.9545454545454546,22,22
4583,2025-09-06,1.9444444444444444,18,18
4583,2025-09-10,3.9583333333333335,24,24
4583,2025-09-14,2.857142857142857,21,21
4583,2025-09-18,5.875,24,24
4583,2025-09-22,1.875,24,24
4583,2025-09-26,4.791666666666667,24,24
4583,2025-09-30,14.291666666666666,24,24
4583,2025-10-04,6.958333333333333,24,24
4583,2025-10-08,8.791666666666666,24,24
4583,2025-10-12,9.782608695652174,23,23
4583,2025-10-16,10.055555555555555,18,18
4583,2025-10-20,12.75,20,20
4583,2025-10-24,1.5833333333333333,24,24
4583,2025-10-28,2.4347826086956523,23,23
4583,2025-11-01,17.291666666666668,24,24
4583,2025-11-05,13.391304347826088,23,23
4583,2025-11-09,19.666666666666668,24,24
4583,2025-11-13,16.565217391304348,23,23
4583,2025-11-17,7.086956521739131,23,23
4583,2025-11-21,8.823529411764707,17,17
4583,2025-11-25,2.25,20,20
4583,2025-11-29,14.0,2,2
4583,2025-12-03,10.875,24,24
4583,2025-12-07,5.5,24,24
4583,2025-12-11,11.041666666666666,24,24
4583,2025-12-15,12.5,24,24
4583,2025-12-19,12.217391304347826,23,23
4583,2025-12-23,12.166666666666666,24,24
4583,2025-12-27,17.869565217391305,23,23
4583,2025-12-31,18.75,24,24
11609,2025-02-22,33.12215909090909,88,88
11609,2025-02-26,74.17766666666667,90,90
11609,2025-03-06,46.31764044943821,89,89
11609,2025-03-10,100.10529411764706,17,17
11609,2025-03-14,88.03434782608696,92,92
11609,2025-03-22,52.524204545454545,88,88
11609,2025-03-26,64.23934782608696,92,92
11609,2025-03-30,70.62488888888889,90,90
11609,2025-04-03,71.07869047619047,84,84
11609,2025-04-07,62.14272727272728,88,88
11609,2025-04-11,50.88866666666667,15,15
11609,2025-04-15,70.11581818181818,55,55
11609,2025-04-19,45.06264367816092,87,87
11609,2025-04-23,60.05719101123596,89,89
11609,2025-04-27,51.35956043956044,91,91
11609,2025-05-01,49.81377777777777,90,90
11609,2025-05-05,36.194597701149426,87,87
11609,2025-05-09,34.72035294117647,85,85
11609,2025-05-13,33.64901234567901,81,81
11609,2025-05-21,31.75402777777778,72,72
11609,2025-05-25,42.91384615384616,65,65
11609,2025-05-29,31.702068965517242,87,87
11609,2025-06-02,24.122222222222224,81,81
11609,2025-06-06,36.815,90,90
11609,2025-06-10,31.59156626506024,83,83
11609,2025-06-14,32.488461538461536,91,91
11609,2025-06-18,7.761,70,70
11609,2025-06-22,19.760886075949365,79,79
11609,2025-06-26,29.11377358490566,53,53
11609,2025-06-30,23.03611111111111,54,54
11609,2025-07-04,16.33828947368421,76,76
11609,2025-07-08,23.775057471264365,87,87
11609,2025-07-12,22.500978260869566,92,92
11609,2025-07-16,23.23188888888889,90,90
11609,2025-07-20,20.83306818181818,88,88
11609,2025-07-24,20.6625,84,84
11609,2025-07-28,17.00296703296703,91,91
11609,2025-08-01,20.016551724137933,58,58
11609,2025-08-05,25.410897435897436,78,78
11609,2025-08-09,27.45157894736842,76,76
11609,2025-08-13,19.497954545454544,88,88
11609,2025-08-17,15.666,90,90
11609,2025-08-21,17.17453488372093,86,86
11609,2025-08-25,14.953977272727274,88,88
11609,2025-08-29,20.07284090909091,88,88
11609,2025-09-02,23.302790697674418,86,86
11609,2025-09-06,22.544,90,90
11609,2025-09-10,35.848181818181814,88,88
11609,2025-09-14,34.087078651685395,89,89
11609,2025-09-18,29.228767123287668,73,73
11609,2025-09-22,21.551477272727272,88,88
11609,2025-09-26,27.613108108108108,74,74
11609,2025-09-30,18.789,90,90
11609,2025-10-04,17.017142857142858,91,91
11609,2025-10-08,30.347934782608696,92,92
11609,2025-10-12,58.59554347826087,92,92
11609,2025-10-16,36.198850574712644,87,87
11609,2025-10-20,115.81967741935483,62,62
11609,2025-10-24,20.18966292134831,89,89
11609,2025-10-28,24.15235294117647,68,68
11609,2025-11-01,18.667625,80,80
11609,2025-11-05,40.388214285714284,56,56
11609,2025-11-13,51.65260869565218,92,92
11609,2025-11-17,40.95348837209303,86,86
11609,2025-11-21,116.43975308641976,81,81
11609,2025-11-25,83.64423529411765,85,85
11609,2025-11-29,108.30280898876406,89,89
11609,2025-12-03,97.39072289156627,83,83
11609,2025-12-07,132.2336923076923,65,65
11609,2025-12-11,87.40723684210526,76,76
11609,2025-12-15,102.53130952380951,84,84
11609,2025-12-19,92.48581395348837,86,86
11609,2025-12-23,106.87712643678161,87,87
11609,2025-12-27,135.82467532467533,77,77
11609,2025-12-31,106.24233333333333,90,90
2896770,2025-01-01,3.2816666666666667,78,78
2896770,2025-01-05,6.825833333333334,60,60
2896770,2025-01-09,1.7190196078431372,51,51
2896770,2025-01-13,12.262857142857143,7,7
2896770,2025-01-17,26.147551020408162,49,49
2896770,2025-01-21,31.241454545454545,55,55
2896770,2025-01-25,3.950232558139535,43,43
2896770,2025-01-29,3.814230769230769,52,52
2896770,2025-02-02,21.449375,32,32
2896770,2025-02-06,6.4040625,32,32
2896770,2025-02-10,16.807543859649122,57,57
2896770,2025-02-14,26.3156,75,75
2896770,2025-02-18,31.403623188405795,69,69
2896770,2025-02-22,9.108490566037736,53,53
2896770,2025-02-26,2.63925,40,40
2896770,2025-03-02,17.812580645161294,62,62
2896770,2025-03-06,13.74,50,50
2896770,2025-03-10,18.501923076923077,52,52
2896770,2025-03-14,8.010333333333334,60,60
2896770,2025-03-18,18.110833333333336,60,60
2896770,2025-03-22,6.143207547169811,53,53
2896770,2025-03-26,20.42890909090909,55,55
2896770,2025-03-30,4.165423728813559,59,59
2896770,2025-04-03,8.98279069767442,43,43
2896770,2025-04-07,5.6065517241379315,58,58
2896770,2025-04-11,15.33179104477612,67,67
2896770,2025-04-15,9.023030303030303,66,66
2896770,2025-04-19,7.633913043478262,46,46
2896770,2025-04-23,4.199777777777778,45,45
2896770,2025-04-27,23.97683333333333,60,60
2896770,2025-05-01,9.057659574468085,47,47
2896770,2025-05-05,2.0816,50,50
2896770,2025-05-09,7.373148148148148,54,54
2896770,2025-05-13,6.786216216216216,37,37
2896770,2025-05-17,6.912857142857143,56,56
2896770,2025-05-21,7.532,15,15
2896770,2025-05-25,3.178529411764706,34,34
2896770,2025-05-29,5.213255813953489,43,43
2896770,2025-06-02,4.98537037037037,54,54
2896770,2025-06-06,2.9097297297297295,37,37
2896770,2025-06-10,9.664864864864866,37,37
2896770,2025-06-14,7.69423076923077,26,26
2896770,2025-06-18,9.085925925925926,27,27
2896770,2025-06-22,10.220958904109589,73,73
2896770,2025-06-26,6.186410256410257,39,39
2896770,2025-06-30,7.468333333333334,42,42
2896770,2025-07-04,2.3951063829787236,47,47
2896770,2025-07-08,3.576388888888889,36,36
2896770,2025-07-12,2.544166666666667,72,72
2896770,2025-07-16,14.72015873015873,63,63
2896770,2025-07-20,2.3464912280701755,57,57
2896770,2025-07-24,15.864057971014491,69,69
2896770,2025-07-28,5.83906976744186,43,43
2896770,2025-08-01,3.035365853658537,82,82
2896770,2025-08-05,2.1351515151515152,66,66
2896770,2025-08-09,1.9942666666666666,75,75
2896770,2025-08-13,15.72342105263158,76,76
2896770,2025-08-17,8.323194444444445,72,72
2896770,2025-08-21,3.347857142857143,70,70
2896770,2025-08-25,3.341764705882353,51,51
2896770,2025-08-29,2.6422222222222222,63,63
2896770,2025-09-02,2.20734375,64,64
2896770,2025-09-06,1.5555384615384615,65,65
2896770,2025-09-10,2.6614285714285715,14,14
2896770,2025-09-14,2.085068493150685,73,73
2896770,2025-09-18,3.283283582089552,67,67
2896770,2025-09-22,1.2015254237288135,59,59
2896770,2025-09-26,5.088103448275862,58,58
2896770,2025-09-30,4.891269841269841,63,63
2896770,2025-10-04,3.5318571428571426,70,70
2896770,2025-10-08,4.903043478260869,46,46
2896770,2025-10-12,22.3908,50,50
2896770,2025-10-16,9.801147540983607,61,61
2896770,2025-10-20,4.199302325581395,43,43
2896770,2025-10-24,1.5462500000000001,8,8
2896770,2025-10-28,1.4840983606557376,61,61
2896770,2025-11-01,1.82375,72,72
2896770,2025-11-05,3.7788571428571425,70,70
2896770,2025-11-09,3.749850746268657,67,67
2896770,2025-11-13,5.845625,16,16
2896770,2025-11-17,2.484090909090909,66,66
2896770,2025-11-21,3.58015625,64,64
2896770,2025-11-25,1.0443333333333333,60,60
2896770,2025-11-29,1.9066666666666667,63,63
2896770,2025-12-03,7.160882352941177,68,68
2896770,2025-12-07,5.216949152542373,59,59
2896770,2025-12-11,14.898166666666667,60,60
2896770,2025-12-15,18.335749999999997,40,40
2896770,2025-12-19,2.921666666666667,54,54
2896770,2025-12-23,16.710232558139534,43,43
2896770,2025-12-27,24.848955223880594,67,67
2896770,2025-12-31,6.758939393939394,66,66
1215067,2025-01-01,11.727272727272727,22,22
1215067,2025-01-05,6.818181818181818,22,22
1215067,2025-01-09,4.863636363636363,22,22
1215067,2025-01-13,5.7727272727272725,22,22
1215067,2025-01-17,8.181818181818182,22,22
1215067,2025-01-21,19.545454545454547,22,22
1215067,2025-01-25,12.090909090909092,22,22
1215067,2025-01-29,7.5,4,4
1215067,2025-02-02,9.136363636363637,22,22
1215067,2025-02-06,4.681818181818182,22,22
1215067,2025-02-10,8.5,22,22
1215067,2025-02-14,10.772727272727273,22,22
1215067,2025-02-18,8.818181818181818,22,22
1215067,2025-02-22,9.681818181818182,22,22
1215067,2025-02-26,18.157894736842106,19,19
1215067,2025-03-02,18.772727272727273,22,22
1215067,2025-03-06,4.523809523809524,21,21
1215067,2025-03-10,11.045454545454545,22,22
1215067,2025-03-14,13.181818181818182,22,22
1215067,2025-03-18,8.818181818181818,22,22
1215067,2025-03-22,17.09090909090909,22,22
1215067,2025-03-26,30.681818181818183,22,22
1215067,2025-03-30,7.0,22,22
1215067,2025-04-03,4.545454545454546,22,22
1215067,2025-04-07,11.772727272727273,22,22
1215067,2025-04-11,15.545454545454545,22,22
1215067,2025-04-15,6.818181818181818,22,22
1215067,2025-04-19,17.818181818181817,22,22
1215067,2025-04-23,6.863636363636363,22,22
1215067,2025-04-27,13.818181818181818,22,22
1215067,2025-05-01,14.454545454545455,22,22
1215067,2025-05-05,8.818181818181818,22,22
1215067,2025-05-09,10.636363636363637,22,22
1215067,2025-05-13,16.545454545454547,22,22
1215067,2025-05-17,10.636363636363637,22,22
1215067,2025-05-21,26.09090909090909,22,22
1215067,2025-05-25,7.181818181818182,22,22
1215067,2025-05-29,11.318181818181818,22,22
1215067,2025-06-02,11.772727272727273,22,22
1215067,2025-06-06,12.818181818181818,22,22
1215067,2025-06-10,24.318181818181817,22,22
1215067,2025-06-14,8.142857142857142,21,21
1215067,2025-06-18,12.454545454545455,22,22
1215067,2025-06-22,10.0,22,22
1215067,2025-06-26,8.714285714285714,21,21
1215067,2025-06-30,14.227272727272727,22,22
1215067,2025-07-04,30.727272727272727,22,22
1215067,2025-07-08,12.772727272727273,22,22
1215067,2025-07-12,8.772727272727273,22,22
1215067,2025-07-16,12.0,22,22
1215067,2025-07-20,8.636363636363637,22,22
1215067,2025-07-24,15.318181818181818,22,22
1215067,2025-07-28,10.090909090909092,22,22
1215067,2025-08-01,12.318181818181818,22,22
1215067,2025-08-05,18.545454545454547,22,22
1215067,2025-08-09,6.2727272727272725,22,22
1215067,2025-08-13,5.5,22,22
1215067,2025-08-17,10.636363636363637,22,22
1215067,2025-08-21,19.227272727272727,22,22
1215067,2025-08-25,18.136363636363637,22,22
1215067,2025-08-29,13.136363636363637,22,22
1215067,2025-09-02,11.590909090909092,22,22
1215067,2025-09-06,8.863636363636363,22,22
1215067,2025-09-10,7.7272727272727275,22,22
1215067,2025-09-14,5.045454545454546,22,22
1215067,2025-09-18,6.5,22,22
1215067,2025-09-22,5.7727272727272725,22,22
1215067,2025-09-26,5.75,20,20
1215067,2025-09-30,5.318181818181818,22,22
1215067,2025-10-04,8.333333333333334,21,21
1215067,2025-10-08,10.318181818181818,22,22
1215067,2025-10-12,9.272727272727273,22,22
1215067,2025-10-16,7.454545454545454,22,22
1215067,2025-10-20,6.809523809523809,21,21
1215067,2025-10-24,4.863636363636363,22,22
1215067,2025-10-28,6.285714285714286,21,21
1215067,2025-11-01,4.666666666666667,21,21
1215067,2025-11-05,8.409090909090908,22,22
1215067,2025-11-09,7.136363636363637,22,22
1215067,2025-11-13,10.5,22,22
1215067,2025-11-17,11.227272727272727,22,22
1215067,2025-11-21,8.363636363636363,22,22
1215067,2025-11-25,8.095238095238095,21,21
1215067,2025-11-29,6.7727272727272725,22,22
1215067,2025-12-03,7.523809523809524,21,21
1215067,2025-12-07,7.409090909090909,22,22
1215067,2025-12-11,7.454545454545454,22,22
1215067,2025-12-15,6.181818181818182,22,22
1215067,2025-12-19,10.454545454545455,22,22
1215067,2025-12-23,6.136363636363637,22,22
1215067,2025-12-27,9.318181818181818,22,22
1215067,2025-12-31,3.6,20,20
4084,2025-01-01,9.275,4,4
4084,2025-01-05,5.895833333333333,24,24
4084,2025-01-09,4.263636363636364,22,22
4084,2025-01-13,16.715384615384615,13,13
4084,2025-01-17,29.033333333333335,18,18
4084,2025-01-21,33.1695652173913,23,23
4084,2025-01-25,5.325,24,24
4084,2025-01-29,6.430434782608696,23,23
4084,2025-02-02,22.329166666666666,24,24
4084,2025-02-06,12.9,23,23
4084,2025-02-10,11.552173913043477,23,23
4084,2025-02-14,38.69166666666667,24,24
4084,2025-02-18,27.06086956521739,23,23
4084,2025-02-22,6.769565217391304,23,23
4084,2025-02-26,6.1,5,5
4084,2025-03-02,13.6,3,3
4084,2025-03-06,17.787499999999998,24,24
4084,2025-03-10,11.299999999999999,23,23
4084,2025-03-14,14.558333333333332,24,24
4084,2025-03-18,13.656521739130433,23,23
4084,2025-03-22,7.358333333333333,24,24
4084,2025-03-26,20.48,15,15
4084,2025-03-30,6.595454545454545,22,22
4084,2025-04-03,9.804166666666667,24,24
4084,2025-04-07,4.657894736842105,19,19
4084,2025-04-11,17.679166666666667,24,24
4084,2025-04-15,5.534782608695652,23,23
4084,2025-04-19,4.482608695652174,23,23
4084,2025-04-23,4.125,8,8
4084,2025-04-27,23.004166666666666,24,24
4084,2025-05-01,11.291666666666666,12,12
4084,2025-05-05,5.653333333333333,15,15
4084,2025-05-09,6.531818181818181,22,22
4084,2025-05-13,6.663636363636363,22,22
4084,2025-05-17,11.606666666666666,15,15
4084,2025-05-21,7.281818181818181,22,22
4084,2025-05-25,3.847826086956522,23,23
4084,2025-05-29,5.755,20,20
4084,2025-06-02,8.611764705882353,17,17
4084,2025-06-06,3.19,20,20
4084,2025-06-10,22.12222222222222,18,18
4084,2025-06-14,13.216666666666667,18,18
4084,2025-06-18,8.557894736842105,19,19
4084,2025-06-22,12.65,22,22
4084,2025-06-26,6.822727272727272,22,22
4084,2025-06-30,8.813636363636364,22,22
4084,2025-07-04,3.36875,16,16
4084,2025-07-08,4.933333333333333,21,21
4084,2025-07-12,6.199999999999999,21,21
4084,2025-07-16,6.563157894736842,19,19
4084,2025-07-20,3.8249999999999997,24,24
4084,2025-07-24,7.527272727272727,22,22
4084,2025-07-28,7.78421052631579,19,19
4084,2025-08-01,5.271428571428571,21,21
4084,2025-08-05,5.142857142857143,21,21
4084,2025-08-09,9.72,5,5
4084,2025-08-13,17.08421052631579,19,19
4084,2025-08-17,8.810526315789474,19,19
4084,2025-08-21,6.895833333333333,24,24
4084,2025-08-25,5.845454545454545,22,22
4084,2025-08-29,3.134782608695652,23,23
4084,2025-09-02,3.7454545454545456,22,22
4084,2025-09-06,4.652380952380953,21,21
4084,2025-09-10,5.126086956521739,23,23
4084,2025-09-14,2.6523809523809527,21,21
4084,2025-09-18,5.957142857142857,21,21
4084,2025-09-22,4.3999999999999995,22,22
4084,2025-09-26,11.1,24,24
4084,2025-09-30,6.980952380952381,21,21
4084,2025-10-04,3.835,20,20
4084,2025-10-08,13.665217391304349,23,23
4084,2025-10-12,17.22,20,20
4084,2025-10-16,5.45,12,12
4084,2025-10-20,5.5,15,15
4084,2025-10-24,3.5130434782608693,23,23
4084,2025-10-28,3.433333333333333,21,21
4084,2025-11-01,3.95,22,22
4084,2025-11-05,4.781818181818182,22,22
4084,2025-11-09,10.583333333333334,24,24
4084,2025-11-13,6.947826086956522,23,23
4084,2025-11-17,7.430434782608696,23,23
4084,2025-11-21,11.509090909090908,22,22
4084,2025-11-25,5.083333333333333,18,18
4084,2025-11-29,7.6000000000000005,2,2
4084,2025-12-03,6.334782608695652,23,23
4084,2025-12-07,4.391304347826087,23,23
4084,2025-12-11,9.735,20,20
4084,2025-12-15,10.005555555555555,18,18
4084,2025-12-19,6.6863636363636365,22,22
4084,2025-12-23,18.14782608695652,23,23
4084,2025-12-27,27.921739130434784,23,23
4084,2025-12-31,24.683333333333334,24,24
5189,2025-01-01,19.203958333333333,24,24
5189,2025-01-05,14.741012499999998,24,24
5189,2025-01-09,8.321816666666667,24,24
5189,2025-01-13,6.304090909090909,11,11
5189,2025-01-17,42.934444444444445,18,18
5189,2025-01-21,15.670375,24,24
5189,2025-01-25,18.837999999999997,24,24
5189,2025-01-29,7.839495652173913,23,23
5189,2025-02-02,14.114070833333335,24,24
5189,2025-02-06,21.682775000000003,24,24
5189,2025-02-10,22.987478260869565,23,23
5189,2025-02-14,22.146708333333333,24,24
5189,2025-02-18,26.642875,24,24
5189,2025-02-22,23.723055555555554,18,18
5189,2025-02-26,44.4206,5,5
5189,2025-03-02,10.075333333333333,3,3
5189,2025-03-06,24.96334782608696,23,23
5189,2025-03-10,17.87234782608696,23,23
5189,2025-03-14,7.810691304347826,23,23
5189,2025-03-18,8.38473043478261,23,23
5189,2025-03-22,17.373791666666666,24,24
5189,2025-03-26,19.2875625,16,16
5189,2025-03-30,17.183852173913046,23,23
5189,2025-04-03,12.368004166666667,24,24
5189,2025-04-07,4.361495454545454,22,22
5189,2025-04-11,9.453595652173913,23,23
5189,2025-04-15,10.175133333333333,15,15
5189,2025-04-19,4.481178260869565,23,23
5189,2025-04-23,15.95188888888889,9,9
5189,2025-04-27,6.896529166666667,24,24
5189,2025-05-01,11.697964705882352,17,17
5189,2025-05-05,3.3255600000000003,15,15
5189,2025-05-09,6.087866666666667,24,24
5189,2025-05-13,6.7216499999999995,22,22
5189,2025-05-17,2.9776875,16,16
5189,2025-05-21,7.250904347826087,23,23
5189,2025-05-25,5.210095833333333,24,24
5189,2025-05-29,3.3939739130434785,23,23
5189,2025-06-02,9.098184615384614,13,13
5189,2025-06-06,13.882530434782609,23,23
5189,2025-06-10,10.610683333333332,24,24
5189,2025-06-14,10.028083333333333,24,24
5189,2025-06-18,15.61339,20,20
5189,2025-06-22,12.971995833333333,24,24
5189,2025-06-26,20.0273125,24,24
5189,2025-06-30,10.632170833333333,24,24
5189,2025-07-04,14.967541666666667,24,24
5189,2025-07-08,5.979990909090909,22,22
5189,2025-07-12,5.583330434782608,23,23
5189,2025-07-16,6.387704545454545,22,22
5189,2025-07-20,11.337245833333334,24,24
5189,2025-07-24,13.763314285714287,21,21
5189,2025-07-28,8.491427272727272,22,22
5189,2025-08-01,8.931766666666666,24,24
5189,2025-08-05,7.323131818181818,22,22
5189,2025-08-09,12.5315625,24,24
5189,2025-08-13,9.555347826086956,23,23
5189,2025-08-17,8.19424347826087,23,23
5189,2025-08-21,6.5777125000000005,24,24
5189,2025-08-25,5.420642105263158,19,19
5189,2025-08-29,14.007491666666667,24,24
5189,2025-09-02,11.700383333333333,24,24
5189,2025-09-06,3.720730434782609,23,23
5189,2025-09-10,10.461104166666667,24,24
5189,2025-09-14,7.8691458333333335,24,24
5189,2025-09-18,7.680083333333333,24,24
5189,2025-09-22,10.490520833333333,24,24
5189,2025-09-26,3.294877272727273,22,22
5189,2025-09-30,3.8358291666666666,24,24
5189,2025-10-04,12.376717391304346,23,23
5189,2025-10-08,6.1297291666666665,24,24
5189,2025-10-12,5.291471428571429,21,21
5189,2025-10-16,12.731254545454545,11,11
5189,2025-10-20,6.353773684210526,19,19
5189,2025-10-24,2.0777533333333333,15,15
5189,2025-10-28,3.6554,19,19
5189,2025-11-01,8.231824999999999,24,24
5189,2025-11-05,13.646545454545453,22,22
5189,2025-11-09,17.137625,24,24
5189,2025-11-13,8.921369565217391,23,23
5189,2025-11-17,11.555585714285716,21,21
5189,2025-11-21,11.180395833333334,24,24
5189,2025-11-25,4.5662,8,8
5189,2025-11-29,20.024,2,2
5189,2025-12-03,13.173042857142857,21,21
5189,2025-12-07,19.979333333333333,15,15
5189,2025-12-11,10.321455,20,20
5189,2025-12-15,3.6713999999999998,23,23
5189,2025-12-19,29.665391304347825,23,23
5189,2025-12-23,9.527865217391305,23,23
5189,2025-12-27,14.111670833333333,24,24
5189,2025-12-31,3.9254772727272726,22,22
2622731,2025-01-01,20.25,24,24
2622731,2025-01-05,22.625,24,24
2622731,2025-01-09,9.5,24,24
2622731,2025-01-13,41.875,24,24
2622731,2025-01-17,35.833333333333336,24,24
2622731,2025-01-21,87.16666666666667,24,24
2622731,2025-01-25,29.416666666666668,24,24
2622731,2025-01-29,18.458333333333332,24,24
2622731,2025-02-02,39.75,24,24
2622731,2025-02-06,13.869565217391305,23,24
2622731,2025-02-10,18.625,24,24
2622731,2025-02-14,26.916666666666668,24,24
2622731,2025-02-18,12.0,24,24
2622731,2025-02-22,17.833333333333332,24,24
2622731,2025-02-26,30.583333333333332,24,24
2622731,2025-03-02,30.666666666666668,24,24
2622731,2025-03-06,26.958333333333332,24,24
2622731,2025-03-10,54.083333333333336,24,24
2622731,2025-03-14,25.5,24,24
2622731,2025-03-18,21.90909090909091,22,24
2622731,2025-03-22,38.125,24,24
2622731,2025-03-26,20.0,24,24
2622731,2025-03-30,10.833333333333334,24,24
2622731,2025-04-03,28.818181818181817,22,24
2622731,2025-04-07,18.083333333333332,24,24
2622731,2025-04-11,31.0,24,24
2622731,2025-04-15,16.47826086956522,23,24
2622731,2025-04-19,12.958333333333334,24,24
2622731,2025-04-23,7.958333333333333,24,24
2622731,2025-04-27,8.916666666666666,24,24
2622731,2025-05-01,14.681818181818182,22,23
2622731,2025-05-05,11.826086956521738,23,23
2622731,2025-05-09,14.478260869565217,23,24
2622731,2025-05-13,24.73913043478261,23,24
2622731,2025-05-17,6.954545454545454,22,24
2622731,2025-05-21,9.818181818181818,22,24
2622731,2025-05-25,13.565217391304348,23,24
2622731,2025-05-29,26.318181818181817,22,24
2622731,2025-06-02,37.25,24,24
2622731,2025-06-06,17.041666666666668,24,24
2622731,2025-06-10,13.083333333333334,24,24
2622731,2025-06-14,11.35,20,24
2622731,2025-06-18,19.291666666666668,24,24
2622731,2025-06-22,9.416666666666666,24,24
2622731,2025-06-26,12.391304347826088,23,24
2622731,2025-06-30,6.409090909090909,22,24
2622731,2025-07-04,12.5,22,24
2622731,2025-07-08,19.416666666666668,24,24
2622731,2025-07-12,13.625,24,24
2622731,2025-07-16,11.666666666666666,24,24
2622731,2025-07-28,18.705882352941178,17,24
2622731,2025-08-01,28.0,24,24
2622731,2025-08-05,16.818181818181817,22,24
2622731,2025-08-09,15.0,24,24
2622731,2025-08-13,7.052631578947368,19,24
2622731,2025-08-17,8.227272727272727,22,24
2622731,2025-08-21,12.476190476190476,21,24
2622731,2025-08-25,14.923076923076923,13,24
2622731,2025-08-29,11.916666666666666,24,24
2622731,2025-09-02,7.7727272727272725,22,24
2622731,2025-09-06,10.095238095238095,21,24
2622731,2025-09-10,15.291666666666666,24,24
2622731,2025-09-14,11.75,24,24
2622731,2025-09-18,5.521739130434782,23,24
2622731,2025-09-22,5.416666666666667,24,24
2622731,2025-09-26,17.083333333333332,24,24
2622731,2025-09-30,19.666666666666668,24,24
2622731,2025-10-04,9.409090909090908,22,24
2622731,2025-10-08,6.791666666666667,24,24
2622731,2025-10-12,6.666666666666667,24,24
2622731,2025-10-16,6.083333333333333,24,24
2622731,2025-10-20,13.0,18,20
2622731,2025-10-24,8.15,20,24
2622731,2025-10-28,10.125,24,24
2622731,2025-11-01,17.708333333333332,24,24
2622731,2025-11-05,35.041666666666664,24,24
2622731,2025-11-09,23.416666666666668,24,24
2622731,2025-11-13,28.91304347826087,23,24
2622731,2025-11-17,13.958333333333334,24,24
2622731,2025-11-21,9.291666666666666,24,24
2622731,2025-11-25,41.5,24,24
2622731,2025-11-29,12.521739130434783,23,24
2622731,2025-12-03,6.909090909090909,22,24
2622731,2025-12-07,42.25,24,24
2622731,2025-12-11,26.25,24,24
2622731,2025-12-15,21.291666666666668,24,24
2622731,2025-12-19,31.291666666666668,24,24
2622731,2025-12-23,18.041666666666668,24,24
2622731,2025-12-27,16.791666666666668,24,24
2622731,2025-12-31,11.125,24,24
3091207,2025-01-01,5.096582278481012,79,79
3091207,2025-01-05,10.364262295081968,61,61
3091207,2025-01-09,11.373725490196078,51,51
3091207,2025-01-13,23.30875,8,8
3091207,2025-01-17,18.76340425531915,47,47
3091207,2025-01-21,20.595555555555556,54,54
3091207,2025-01-25,7.452325581395349,43,43
3091207,2025-01-29,3.802941176470588,51,51
3091207,2025-02-02,17.656969696969696,33,33
3091207,2025-02-06,16.285666666666668,30,30
3091207,2025-02-10,36.25,59,59
3091207,2025-02-14,20.739090909090912,77,77
3091207,2025-02-18,14.893098591549297,71,71
3091207,2025-02-22,9.385689655172413,58,58
3091207,2025-02-26,5.1075,44,44
3091207,2025-03-02,16.805882352941175,68,68
3091207,2025-03-06,15.64,50,50
3091207,2025-03-10,21.291632653061225,49,49
3091207,2025-03-14,4.6850000000000005,58,58
3091207,2025-03-18,4.645666666666667,60,60
3091207,2025-03-22,4.913214285714285,56,56
3091207,2025-03-26,13.882833333333334,60,60
3091207,2025-03-30,5.027796610169491,59,59
3091207,2025-04-03,7.545531914893616,47,47
3091207,2025-04-07,5.129122807017544,57,57
3091207,2025-04-11,11.663333333333332,66,66
3091207,2025-04-15,8.028636363636364,66,66
3091207,2025-04-19,6.273953488372093,43,43
3091207,2025-04-23,4.411276595744681,47,47
3091207,2025-04-27,12.333666666666666,60,60
3091207,2025-05-01,11.074565217391305,46,46
3091207,2025-05-05,3.386,50,50
3091207,2025-05-09,6.54764705882353,51,51
3091207,2025-05-13,10.794324324324323,37,37
3091207,2025-05-17,9.65111111111111,54,54
3091207,2025-05-21,12.258666666666667,15,15
3091207,2025-05-25,5.874848484848485,33,33
3091207,2025-05-29,5.89093023255814,43,43
3091207,2025-06-02,6.051320754716982,53,53
3091207,2025-06-06,4.464864864864865,37,37
3091207,2025-06-10,9.222162162162164,37,37
3091207,2025-06-14,7.486206896551724,29,29
3091207,2025-06-18,8.364193548387098,31,31
3091207,2025-06-22,8.076621621621621,74,74
3091207,2025-06-26,5.6483783783783785,37,37
3091207,2025-06-30,9.676829268292684,41,41
3091207,2025-07-04,5.9702222222222225,45,45
3091207,2025-07-08,5.65921052631579,38,38
3091207,2025-07-12,8.598493150684932,73,73
3091207,2025-07-16,6.0141269841269835,63,63
3091207,2025-07-20,6.204814814814815,54,54
3091207,2025-07-24,9.425074626865673,67,67
3091207,2025-07-28,6.2766153846153845,65,65
3091207,2025-08-01,6.7369512195121946,82,82
3091207,2025-08-05,5.490895522388059,67,67
3091207,2025-08-09,6.208219178082191,73,73
3091207,2025-08-13,11.273108108108108,74,74
3091207,2025-08-17,6.259142857142857,70,70
3091207,2025-08-21,5.101666666666667,66,66
3091207,2025-08-25,6.336530612244898,49,49
3091207,2025-08-29,4.745166666666666,60,60
3091207,2025-09-02,4.802153846153846,65,65
3091207,2025-09-06,5.808636363636364,66,66
3091207,2025-09-10,5.441000000000001,10,10
3091207,2025-09-14,4.882000000000001,70,70
3091207,2025-09-18,5.2936507936507935,63,63
3091207,2025-09-22,3.699824561403509,57,57
3091207,2025-09-26,8.823666666666666,60,60
3091207,2025-09-30,5.446612903225806,62,62
3091207,2025-10-04,5.005492957746479,71,71
3091207,2025-10-08,8.8405,40,40
3091207,2025-10-12,13.9872,50,50
3091207,2025-10-16,11.31421875,64,64
3091207,2025-10-20,5.983260869565218,46,46
3091207,2025-10-24,3.0175,12,12
3091207,2025-10-28,4.207,60,60
3091207,2025-11-01,4.19972602739726,73,73
3091207,2025-11-05,4.286849315068493,73,73
3091207,2025-11-09,9.857727272727272,66,66
3091207,2025-11-13,7.388421052631578,19,19
3091207,2025-11-17,4.631492537313433,67,67
3091207,2025-11-21,22.862,65,65
3091207,2025-11-25,4.349322033898305,59,59
3091207,2025-11-29,8.576825396825397,63,63
3091207,2025-12-03,9.78904761904762,63,63
3091207,2025-12-07,4.828571428571428,56,56
3091207,2025-12-11,9.636666666666667,54,54
3091207,2025-12-15,9.57825,40,40
3091207,2025-12-19,5.856727272727273,55,55
3091207,2025-12-23,14.288863636363637,44,44
3091207,2025-12-27,13.97820895522388,67,67
3091207,2025-12-31,11.451343283582089,67,67
7256,2025-01-01,16.220833333333335,24,24
7256,2025-01-05,34.4,24,24
7256,2025-01-09,20.666666666666668,24,24
7256,2025-01-13,12.304166666666667,24,24
7256,2025-01-17,23.7625,24,24
7256,2025-01-21,47.225,24,24
7256,2025-01-25,17.075,24,24
7256,2025-01-29,10.75,24,24
7256,2025-02-02,18.341666666666665,24,24
7256,2025-02-06,36.22083333333333,24,24
7256,2025-02-10,37.47083333333333,24,24
7256,2025-02-14,29.0125,24,24
7256,2025-02-18,39.8375,24,24
7256,2025-02-22,28.070833333333336,24,24
7256,2025-02-26,64.02916666666667,24,24
7256,2025-03-02,14.079166666666666,24,24
7256,2025-03-06,25.195833333333336,24,24
7256,2025-03-10,41.958333333333336,24,24
7256,2025-03-14,10.345833333333333,24,24
7256,2025-03-18,12.145833333333334,24,24
7256,2025-03-22,18.379166666666666,24,24
7256,2025-03-26,31.070833333333336,24,24
7256,2025-03-30,33.278260869565216,23,23
7256,2025-04-03,8.620833333333334,24,24
7256,2025-04-07,5.941666666666666,24,24
7256,2025-04-11,15.054166666666667,24,24
7256,2025-04-15,11.104166666666666,24,24
7256,2025-04-19,8.070833333333333,24,24
7256,2025-04-23,10.283333333333333,24,24
7256,2025-04-27,6.104166666666667,24,24
7256,2025-05-01,7.536842105263157,19,19
7256,2025-05-05,4.626666666666667,15,15
7256,2025-05-09,10.075000000000001,24,24
7256,2025-05-13,8.625,24,24
7256,2025-05-17,4.7875000000000005,24,24
7256,2025-05-21,8.870833333333334,24,24
7256,2025-05-25,9.475,24,24
7256,2025-05-29,6.270833333333333,24,24
7256,2025-06-02,11.225,24,24
7256,2025-06-06,6.116666666666667,24,24
7256,2025-06-10,7.370833333333334,24,24
7256,2025-06-14,6.3999999999999995,24,24
7256,2025-06-18,10.845833333333333,24,24
7256,2025-06-22,5.379166666666666,24,24
7256,2025-06-26,4.808333333333334,24,24
7256,2025-06-30,6.041666666666667,24,24
7256,2025-07-04,5.020833333333333,24,24
7256,2025-07-08,10.317391304347826,23,23
7256,2025-07-12,5.441666666666666,24,24
7256,2025-07-16,8.113043478260868,23,23
7256,2025-07-20,11.829166666666666,24,24
7256,2025-07-24,5.891304347826087,23,23
7256,2025-07-28,9.276190476190477,21,21
7256,2025-08-01,6.969565217391305,23,23
7256,2025-08-05,7.229166666666667,24,24
7256,2025-08-09,11.549999999999999,24,24
7256,2025-08-13,8.295652173913044,23,23
7256,2025-08-17,5.947826086956522,23,23
7256,2025-08-21,4.308695652173912,23,23
7256,2025-08-25,3.9916666666666667,24,24
7256,2025-08-29,7.866666666666667,24,24
7256,2025-09-02,13.545833333333334,24,24
7256,2025-09-06,12.170833333333334,24,24
7256,2025-09-10,11.1625,24,24
7256,2025-09-14,15.512500000000001,24,24
7256,2025-09-18,6.895833333333333,24,24
7256,2025-09-22,6.616666666666667,24,24
7256,2025-09-26,5.7749999999999995,24,24
7256,2025-09-30,8.595833333333333,24,24
7256,2025-10-04,15.8125,24,24
7256,2025-10-08,26.287499999999998,24,24
7256,2025-10-12,5.668181818181818,22,22
7256,2025-10-16,14.009090909090908,11,11
7256,2025-10-20,30.794736842105266,19,19
7256,2025-10-24,9.079166666666667,24,24
7256,2025-10-28,6.313043478260869,23,23
7256,2025-11-01,21.055,20,20
7256,2025-11-05,20.325,24,24
7256,2025-11-09,29.891666666666666,24,24
7256,2025-11-13,17.460869565217394,23,23
7256,2025-11-17,14.38695652173913,23,23
7256,2025-11-21,15.418181818181818,22,22
7256,2025-11-25,24.33157894736842,19,19
7256,2025-11-29,21.5,2,2
7256,2025-12-03,17.295833333333334,24,24
7256,2025-12-07,19.5,24,24
7256,2025-12-11,16.641666666666666,24,24
7256,2025-12-15,19.770833333333332,24,24
7256,2025-12-19,23.808695652173913,23,23
7256,2025-12-23,13.283333333333333,24,24
7256,2025-12-27,14.137500000000001,24,24
7256,2025-12-31,14.875,24,24
4424,2025-01-01,15.58695652173913,23,23
4424,2025-01-05,13.052173913043477,23,23
4424,2025-01-09,8.16,10,10
4424,2025-01-13,4.6,1,1
4424,2025-01-17,10.766666666666667,15,15
4424,2025-01-21,11.55,10,10
4424,2025-01-25,17.065,20,20
4424,2025-01-29,5.514285714285714,14,14
4424,2025-02-02,7.19,20,20
4424,2025-02-06,14.126315789473683,19,19
4424,2025-02-10,24.061111111111114,18,18
4424,2025-02-14,24.80909090909091,22,22
4424,2025-02-18,19.883333333333333,18,18
4424,2025-02-22,24.361904761904764,21,21
4424,2025-02-26,57.6,2,2
4424,2025-03-02,8.666666666666666,3,3
4424,2025-03-06,16.936363636363637,11,11
4424,2025-03-10,16.431818181818183,22,22
4424,2025-03-14,10.26923076923077,13,13
4424,2025-03-18,6.761538461538462,13,13
4424,2025-03-22,13.257142857142856,14,14
4424,2025-03-26,20.522222222222222,9,9
4424,2025-03-30,17.275,20,20
4424,2025-04-03,8.72,15,15
4424,2025-04-07,3.394117647058824,17,17
4424,2025-04-11,8.55625,16,16
4424,2025-04-15,10.904545454545454,22,22
4424,2025-04-19,3.91,20,20
4424,2025-04-23,3.3428571428571425,7,7
4424,2025-04-27,7.5227272727272725,22,22
4424,2025-05-01,3.3,1,1
4424,2025-05-05,6.0,8,8
4424,2025-05-09,8.081818181818182,22,22
4424,2025-05-13,8.047368421052632,19,19
4424,2025-05-17,8.0625,8,8
4424,2025-05-21,43.387499999999996,16,17
4424,2025-05-25,4.463636363636364,22,22
4424,2025-05-29,5.43125,16,16
4424,2025-06-02,9.036363636363637,11,11
4424,2025-06-06,8.336363636363636,11,11
4424,2025-06-10,6.8307692307692305,13,13
4424,2025-06-14,7.2176470588235295,17,17
4424,2025-06-18,9.08,10,10
4424,2025-06-22,6.0625,16,16
4424,2025-06-26,10.057894736842105,19,19
4424,2025-06-30,6.784999999999999,20,20
4424,2025-07-04,8.424999999999999,16,16
4424,2025-07-08,3.3666666666666667,15,15
4424,2025-07-12,4.627777777777777,18,18
4424,2025-07-16,8.02,10,10
4424,2025-07-20,11.261904761904763,21,21
4424,2025-07-24,7.933333333333334,18,18
4424,2025-07-28,8.285714285714286,14,14
4424,2025-08-01,6.066666666666667,21,21
4424,2025-08-05,6.457894736842105,19,19
4424,2025-08-09,12.121052631578948,19,19
4424,2025-08-13,12.65,14,14
4424,2025-08-17,12.963157894736844,19,19
4424,2025-08-21,15.717647058823529,17,17
4424,2025-08-25,3.0842105263157897,19,19
4424,2025-08-29,10.272727272727273,22,22
4424,2025-09-02,8.799999999999999,11,11
4424,2025-09-06,5.425,12,12
4424,2025-09-10,9.668181818181818,22,22
4424,2025-09-14,4.347619047619047,21,21
4424,2025-09-18,6.04375,16,16
4424,2025-09-22,9.704545454545455,22,22
4424,2025-09-26,5.11875,16,16
4424,2025-09-30,5.7,20,20
4424,2025-10-04,11.211111111111112,9,9
4424,2025-10-08,6.531578947368422,19,19
4424,2025-10-12,2.1500000000000004,2,2
4424,2025-10-16,3.522222222222222,9,9
4424,2025-10-20,7.136363636363637,11,11
4424,2025-10-24,5.236363636363636,22,22
4424,2025-10-28,3.1357142857142857,14,14
4424,2025-11-01,10.109523809523811,21,21
4424,2025-11-05,7.053333333333333,15,15
4424,2025-11-09,11.730434782608697,23,23
4424,2025-11-13,6.683333333333334,18,18
4424,2025-11-17,4.578947368421052,19,19
4424,2025-11-21,9.11578947368421,19,19
4424,2025-11-25,13.5,8,8
4424,2025-11-29,45.2,2,2
4424,2025-12-03,14.47272727272727,22,22
4424,2025-12-07,8.861904761904762,21,21
4424,2025-12-11,9.405555555555557,18,18
4424,2025-12-15,2.9545454545454546,11,11
4424,2025-12-19,8.158823529411764,17,17
4424,2025-12-23,7.513636363636365,22,22
4424,2025-12-27,27.23076923076923,13,13
4424,2025-12-31,4.461904761904762,21,21
3987,2025-01-01,5.5,1,1
3987,2025-01-05,2.0,19,19
3987,2025-01-09,5.3545454545454545,11,11
3987,2025-01-13,5.6,2,2
3987,2025-01-17,3.792307692307692,13,13
3987,2025-01-21,4.5,9,9
3987,2025-02-06,3.0777777777777775,9,9
3987,2025-02-10,3.3894736842105266,19,19
3987,2025-02-14,3.022727272727273,22,22
3987,2025-02-18,3.7857142857142856,21,21
3987,2025-02-22,2.523529411764706,17,17
3987,2025-02-26,3.4,2,2
3987,2025-03-06,5.111764705882353,17,17
3987,2025-03-10,5.2,21,21
3987,2025-03-14,3.6625,16,16
3987,2025-03-18,2.525,16,16
3987,2025-03-22,2.6904761904761907,21,21
3987,2025-03-26,3.7,10,10
3987,2025-03-30,2.557894736842105,19,19
3987,2025-04-03,2.658333333333333,12,12
3987,2025-04-07,2.75,16,16
3987,2025-04-11,3.5450000000000004,20,20
3987,2025-04-15,5.295,20,20
3987,2025-04-19,3.8684210526315788,19,19
3987,2025-04-23,4.0600000000000005,5,5
3987,2025-04-27,2.2666666666666666,21,21
3987,2025-05-01,6.528571428571429,7,7
3987,2025-05-05,2.869230769230769,13,13
3987,2025-05-09,2.59,20,20
3987,2025-05-13,3.6263157894736846,19,19
3987,2025-05-17,2.4133333333333336,15,15
3987,2025-05-21,2.3,13,13
3987,2025-05-25,7.154999999999999,20,20
3987,2025-05-29,3.0076923076923077,13,13
3987,2025-06-02,3.2285714285714286,14,14
3987,2025-06-06,5.88125,16,16
3987,2025-06-10,4.3933333333333335,15,15
3987,2025-06-14,5.933333333333334,15,15
3987,2025-06-18,2.711764705882353,17,17
3987,2025-06-22,3.38,20,20
3987,2025-06-26,1.0611111111111111,18,18
3987,2025-06-30,3.825,20,20
3987,2025-07-04,1.78,20,20
3987,2025-07-08,3.1500000000000004,18,18
3987,2025-07-12,5.8052631578947365,19,19
3987,2025-07-16,2.9529411764705884,17,17
3987,2025-07-20,2.18,20,20
3987,2025-07-24,3.7933333333333334,15,15
3987,2025-07-28,3.40625,16,16
3987,2025-08-01,2.211111111111111,18,18
3987,2025-08-05,4.336363636363637,11,11
3987,2025-08-09,3.4166666666666665,6,6
3987,2025-08-13,3.507142857142857,14,14
3987,2025-08-17,2.375,16,16
3987,2025-08-21,3.4166666666666665,12,12
3987,2025-08-25,3.05,8,8
3987,2025-08-29,8.4,19,19
3987,2025-09-02,4.7266666666666675,15,15
3987,2025-09-06,7.361111111111111,18,18
3987,2025-09-10,6.827777777777778,18,18
3987,2025-09-14,4.06875,16,16
3987,2025-09-18,5.277777777777778,18,18
3987,2025-09-22,4.288888888888889,18,18
3987,2025-09-26,5.67,20,20
3987,2025-09-30,5.472222222222222,18,18
3987,2025-10-04,4.638461538461538,13,13
3987,2025-10-08,4.075,20,20
3987,2025-10-12,4.335294117647059,17,17
3987,2025-10-16,2.4909090909090907,11,11
3987,2025-10-20,4.090909090909091,11,11
3987,2025-10-24,4.847368421052632,19,19
3987,2025-10-28,5.665,20,20
3987,2025-11-01,2.74,20,20
3987,2025-11-05,4.35,16,16
3987,2025-11-09,2.8227272727272728,22,22
3987,2025-11-13,3.317647058823529,17,17
3987,2025-11-17,6.138888888888889,18,18
3987,2025-11-21,3.2399999999999998,20,20
3987,2025-11-25,4.122222222222223,18,18
3987,2025-11-29,2.3,1,1
3987,2025-12-03,3.539130434782609,23,23
3987,2025-12-07,4.578947368421052,19,19
3987,2025-12-11,3.0555555555555554,18,18
3987,2025-12-15,8.0,13,13
3987,2025-12-19,5.604761904761905,21,21
3987,2025-12-23,3.642857142857143,21,21
3987,2025-12-27,2.9899999999999998,20,20
3987,2025-12-31,5.688235294117647,17,17
2162414,2025-01-01,16.35,20,20
2162414,2025-01-05,13.826086956521738,23,23
2162414,2025-01-09,3.9166666666666665,24,24
2162414,2025-01-13,9.357142857142858,14,14
2162414,2025-01-17,5.882352941176471,17,17
2162414,2025-01-21,11.590909090909092,22,22
2162414,2025-01-25,3.0869565217391304,23,23
2162414,2025-01-29,3.0476190476190474,21,21
2162414,2025-02-02,6.869565217391305,23,23
2162414,2025-02-06,11.956521739130435,23,23
2162414,2025-02-10,14.318181818181818,22,22
2162414,2025-02-14,10.227272727272727,22,22
2162414,2025-02-18,15.863636363636363,22,22
2162414,2025-02-22,3.4347826086956523,23,23
2162414,2025-02-26,6.2,5,5
2162414,2025-03-02,3.0,1,1
2162414,2025-03-06,5.869565217391305,23,23
2162414,2025-03-10,4.739130434782608,23,23
2162414,2025-03-14,2.0869565217391304,23,23
2162414,2025-03-18,3.1739130434782608,23,23
2162414,2025-03-22,2.4761904761904763,21,21
2162414,2025-03-26,7.153846153846154,13,13
2162414,2025-03-30,5.0,22,22
2162414,2025-04-03,2.5416666666666665,24,24
2162414,2025-04-07,5.363636363636363,22,22
2162414,2025-04-11,8.652173913043478,23,23
2162414,2025-04-15,1.5,24,24
2162414,2025-04-19,1.9130434782608696,23,23
2162414,2025-04-23,4.25,8,8
2162414,2025-04-27,1.9565217391304348,23,23
2162414,2025-05-01,6.277777777777778,18,18
2162414,2025-05-05,3.0,12,12
2162414,2025-05-09,3.9565217391304346,23,23
2162414,2025-05-13,3.347826086956522,23,23
2162414,2025-05-17,6.285714285714286,14,14
2162414,2025-05-21,5.75,16,16
2162414,2025-05-25,5.913043478260869,23,23
2162414,2025-05-29,10.772727272727273,22,22
2162414,2025-06-02,12.826086956521738,23,23
2162414,2025-06-06,8.434782608695652,23,23
2162414,2025-06-10,15.695652173913043,23,23
2162414,2025-06-14,12.571428571428571,21,21
2162414,2025-06-18,15.5,16,16
2162414,2025-06-22,14.375,24,24
2162414,2025-06-26,9.4,20,20
2162414,2025-06-30,12.619047619047619,21,21
2162414,2025-07-04,10.80952380952381,21,21
2162414,2025-07-08,6.7,20,20
2162414,2025-07-12,5.35,20,20
2162414,2025-07-16,9.25,16,16
2162414,2025-07-20,5.173913043478261,23,23
2162414,2025-07-24,6.833333333333333,18,18
2162414,2025-07-28,8.7,20,20
2162414,2025-08-01,10.526315789473685,19,19
2162414,2025-08-05,18.25,20,20
2162414,2025-08-09,19.954545454545453,22,22
2162414,2025-08-13,16.72222222222222,18,18
2162414,2025-08-17,23.0,16,16
2162414,2025-08-21,14.619047619047619,21,21
2162414,2025-08-25,13.095238095238095,21,21
2162414,2025-08-29,6.476190476190476,21,21
2162414,2025-09-02,5.631578947368421,19,19
2162414,2025-09-06,7.85,20,20
2162414,2025-09-10,3.5714285714285716,21,21
2162414,2025-09-14,5.2,15,15
2162414,2025-09-18,12.523809523809524,21,21
2162414,2025-09-22,2.95,20,20
2162414,2025-09-26,7.35,20,20
2162414,2025-09-30,5.956521739130435,23,23
2162414,2025-10-04,9.526315789473685,19,19
2162414,2025-10-08,10.142857142857142,21,21
2162414,2025-10-12,5.85,20,20
2162414,2025-10-16,10.076923076923077,13,13
2162414,2025-10-20,4.45,20,20
2162414,2025-10-24,3.5,22,22
2162414,2025-10-28,11.157894736842104,19,19
2162414,2025-11-01,4.590909090909091,22,22
2162414,2025-11-05,7.947368421052632,19,19
2162414,2025-11-09,8.823529411764707,17,17
2162414,2025-11-13,13.125,16,16
2162414,2025-11-17,6.476190476190476,21,21
2162414,2025-11-21,3.3,20,20
2162414,2025-11-25,3.1666666666666665,6,6
2162414,2025-11-29,15.0,2,2
2162414,2025-12-03,3.6315789473684212,19,19
2162414,2025-12-07,3.8095238095238093,21,21
2162414,2025-12-11,8.421052631578947,19,19
2162414,2025-12-15,8.733333333333333,15,15
2162414,2025-12-19,12.538461538461538,13,13
2162414,2025-12-23,6.238095238095238,21,21
2162414,2025-12-27,5.85,20,20
2162414,2025-12-31,10.166666666666666,18,18
8242,2025-01-01,108.3,2,2
8242,2025-01-05,39.8,7,7
8242,2025-01-21,19.125,4,4
8242,2025-01-25,17.375,4,4
8242,2025-01-29,22.3,1,1
8242,2025-02-02,21.5,8,8
8242,2025-02-06,31.139999999999997,5,5
8242,2025-02-10,19.9,6,6
8242,2025-02-14,15.4,6,6
8242,2025-02-18,25.75,4,4
8242,2025-02-22,79.8,2,2
8242,2025-02-26,33.5,1,1
8242,2025-03-02,20.0,3,3
8242,2025-03-06,35.3,2,2
8242,2025-03-10,16.8,6,6
8242,2025-03-14,7.099999999999999,3,3
8242,2025-03-18,8.0,5,5
8242,2025-03-22,29.633333333333336,6,6
8242,2025-03-26,18.966666666666665,3,3
8242,2025-03-30,13.942857142857141,7,7
8242,2025-04-03,14.857142857142858,7,7
8242,2025-04-07,9.419999999999998,5,5
8242,2025-04-11,22.9,1,1
8242,2025-04-15,8.7,2,2
8242,2025-04-27,9.733333333333333,3,3
8242,2025-05-05,8.557142857142857,7,7
8242,2025-05-09,12.733333333333333,9,9
8242,2025-05-13,13.219999999999999,10,10
8242,2025-05-17,8.257142857142858,7,7
8242,2025-05-21,13.7,4,4
8242,2025-05-25,11.9,4,4
8242,2025-05-29,8.5,6,6
8242,2025-06-02,11.800000000000002,3,3
8242,2025-06-06,15.199999999999998,3,3
8242,2025-06-10,18.0,4,4
8242,2025-06-14,29.15,4,4
8242,2025-06-18,16.5,4,4
8242,2025-06-22,12.3,7,7
8242,2025-06-30,15.2,1,1
8242,2025-07-04,13.81111111111111,9,9
8242,2025-07-08,5.2,6,6
8242,2025-07-12,10.442857142857141,7,7
8242,2025-07-20,14.8,1,1
8242,2025-07-24,12.78,10,10
8242,2025-07-28,9.3,5,5
8242,2025-08-01,15.4,8,8
8242,2025-08-05,5.55,8,8
8242,2025-08-09,18.677777777777777,9,9
8242,2025-08-13,26.771428571428572,7,7
8242,2025-08-17,13.15,8,8
8242,2025-08-21,12.2,10,10
8242,2025-08-25,13.6,10,10
8242,2025-08-29,9.5,9,9
8242,2025-09-02,7.7,2,2
8242,2025-09-06,7.233333333333333,3,3
8242,2025-09-10,9.2,1,1
8242,2025-09-14,10.7,2,2
8242,2025-09-18,15.25,2,2
8242,2025-09-30,19.4,2,2
8242,2025-10-04,29.4,2,2
8242,2025-10-12,40.3,2,2
8242,2025-10-16,18.5,1,1
8242,2025-10-20,27.28333333333333,6,6
8242,2025-10-24,8.2,9,9
8242,2025-10-28,24.4,2,2
8242,2025-11-01,17.3,8,8
8242,2025-11-05,26.3,4,4
8242,2025-11-09,32.6,5,5
8242,2025-11-13,29.5,5,5
8242,2025-11-17,12.7125,8,8
8242,2025-11-21,10.4,6,6
8242,2025-11-25,20.014285714285716,7,7
8242,2025-11-29,46.9,2,2
8242,2025-12-03,50.4,8,8
8242,2025-12-07,35.9,5,5
8242,2025-12-11,47.88181818181818,11,11
8242,2025-12-15,48.70000000000001,3,3
8242,2025-12-23,26.9,5,5
8242,2025-12-27,23.1,2,2
8242,2025-12-31,40.95,2,2
3089,2025-01-01,8.698958333333334,24,24
3089,2025-01-05,5.763916666666667,24,24
3089,2025-01-09,6.634416666666667,24,24
3089,2025-01-13,15.715857142857143,14,14
3089,2025-01-17,14.860944444444446,18,18
3089,2025-01-21,27.64969565217391,23,23
3089,2025-01-25,4.965791666666667,24,24
3089,2025-01-29,3.9258333333333333,24,24
3089,2025-02-02,17.007458333333332,24,24
3089,2025-02-06,20.348458333333333,24,24
3089,2025-02-10,43.723608695652175,23,23
3089,2025-02-14,27.002916666666668,24,24
3089,2025-02-18,19.930652173913042,23,23
3089,2025-02-22,9.253304347826086,23,23
3089,2025-02-26,5.5708,5,5
3089,2025-03-02,18.030666666666665,3,3
3089,2025-03-06,12.739565217391304,23,23
3089,2025-03-10,33.05904347826087,23,23
3089,2025-03-14,5.664791666666667,24,24
3089,2025-03-18,5.659789473684211,19,19
3089,2025-03-22,11.551217391304348,23,23
3089,2025-03-26,5.794733333333334,15,15
3089,2025-03-30,8.094217391304348,23,23
3089,2025-04-03,12.407041666666666,24,24
3089,2025-04-07,4.607217391304348,23,23
3089,2025-04-11,17.907791666666668,24,24
3089,2025-04-15,9.24775,24,24
3089,2025-04-19,10.903478260869566,23,23
3089,2025-04-23,4.7732222222222225,9,9
3089,2025-04-27,4.539166666666667,24,24
3089,2025-05-01,9.08315,20,20
3089,2025-05-05,4.4098125,16,16
3089,2025-05-09,4.5765416666666665,24,24
3089,2025-05-13,6.03590909090909,22,22
3089,2025-05-17,10.806764705882353,17,17
3089,2025-05-21,8.265913043478262,23,23
3089,2025-05-25,5.198833333333334,24,24
3089,2025-05-29,6.033333333333334,24,24
3089,2025-06-02,8.241125,24,24
3089,2025-06-06,3.0863333333333336,12,12
3089,2025-06-10,14.460521739130433,23,23
3089,2025-06-14,13.831100000000001,20,20
3089,2025-06-18,9.50175,20,20
3089,2025-06-22,8.372157894736842,19,19
3089,2025-06-26,5.628958333333333,24,24
3089,2025-06-30,5.581727272727273,22,22
3089,2025-07-04,3.2340434782608694,23,23
3089,2025-07-08,5.4867083333333335,24,24
3089,2025-07-12,4.267285714285714,21,21
3089,2025-07-16,4.855478260869566,23,23
3089,2025-07-20,5.145875,24,24
3089,2025-07-24,7.3101666666666665,24,24
3089,2025-07-28,6.051909090909091,22,22
3089,2025-08-01,7.039124999999999,24,24
3089,2025-08-05,3.9462499999999996,24,24
3089,2025-08-09,9.121791666666667,24,24
3089,2025-08-13,17.229958333333332,24,24
3089,2025-08-17,4.190608695652174,23,23
3089,2025-08-21,4.271590909090909,22,22
3089,2025-08-25,4.646791666666666,24,24
3089,2025-08-29,4.824916666666667,24,24
3089,2025-09-02,3.435166666666667,24,24
3089,2025-09-06,6.424944444444445,18,18
3089,2025-09-10,9.279333333333334,24,24
3089,2025-09-14,3.2331904761904764,21,21
3089,2025-09-18,4.43575,24,24
3089,2025-09-22,3.890791666666667,24,24
3089,2025-09-26,8.074375,24,24
3089,2025-09-30,25.626375,24,24
3089,2025-10-04,4.388166666666667,24,24
3089,2025-10-08,10.658708333333333,24,24
3089,2025-10-12,15.66909090909091,22,22
3089,2025-10-16,5.828388888888889,18,18
3089,2025-10-20,5.7003,20,20
3089,2025-10-24,3.3545416666666665,24,24
3089,2025-10-28,4.539409090909091,22,22
3089,2025-11-01,4.088,24,24
3089,2025-11-05,3.531608695652174,23,23
3089,2025-11-09,21.485458333333337,24,24
3089,2025-11-13,5.974260869565216,23,23
3089,2025-11-17,5.904347826086957,23,23
3089,2025-11-21,16.255958333333332,24,24
3089,2025-11-25,11.40595,20,20
3089,2025-11-29,3.156,2,2
3089,2025-12-03,10.081125,24,24
3089,2025-12-07,4.5527500000000005,24,24
3089,2025-12-11,8.330565217391305,23,23
3089,2025-12-15,7.450875,24,24
3089,2025-12-19,5.884695652173912,23,23
3089,2025-12-23,11.165041666666667,24,24
3089,2025-12-27,23.38595652173913,23,23
3089,2025-12-31,17.413791666666665,24,24
5476,2025-01-01,2.018181818181818,55,55
5476,2025-01-05,2.086206896551724,58,58
5476,2025-01-09,1.8873239436619718,71,71
5476,2025-01-13,2.8734177215189876,79,79
5476,2025-01-17,2.0238095238095237,84,84
5476,2025-01-21,1.4578313253012047,83,83
5476,2025-01-25,1.5066666666666666,75,75
5476,2025-01-29,2.126984126984127,63,63
5476,2025-02-02,3.046875,64,64
5476,2025-02-06,2.1323529411764706,68,68
5476,2025-02-10,0.9538461538461539,65,65
5476,2025-02-14,6.024390243902439,82,82
5476,2025-02-18,1.2469135802469136,81,81
5476,2025-02-22,1.7894736842105263,76,76
5476,2025-02-26,2.9076923076923076,65,65
5476,2025-03-02,1.1025641025641026,78,78
5476,2025-03-06,1.6901408450704225,71,71
5476,2025-03-10,2.0,76,76
5476,2025-03-14,8.015873015873016,63,63
5476,2025-03-18,1.2820512820512822,78,78
5476,2025-03-22,1.4754098360655739,61,61
5476,2025-03-26,1.8507462686567164,67,67
5476,2025-03-30,1.5151515151515151,66,66
5476,2025-04-03,1.46875,64,64
5476,2025-04-07,1.0638297872340425,47,47
5476,2025-04-11,3.014705882352941,68,68
5476,2025-04-15,1.378787878787879,66,66
5476,2025-04-19,3.3157894736842106,76,76
5476,2025-04-23,4.116666666666666,60,60
5476,2025-04-27,3.18,50,50
5476,2025-05-01,6.733333333333333,45,45
5476,2025-05-05,16.826923076923077,52,52
5476,2025-05-09,4.830985915492958,71,71
5476,2025-05-13,12.0,68,68
5476,2025-05-17,2.4776119402985075,67,67
5476,2025-05-21,5.855421686746988,83,83
5476,2025-05-25,4.0,78,78
5476,2025-05-29,9.059701492537313,67,67
5476,2025-06-02,15.8,65,65
5476,2025-06-06,2.787878787878788,66,66
5476,2025-06-10,2.1714285714285713,70,70
5476,2025-06-14,6.507692307692308,65,65
5476,2025-06-18,9.544303797468354,79,79
5476,2025-06-22,9.475609756097562,82,82
5476,2025-06-26,4.47887323943662,71,71
5476,2025-06-30,6.078947368421052,76,76
5476,2025-07-04,4.246153846153846,65,65
5476,2025-07-08,5.7272727272727275,66,66
5476,2025-07-12,12.242424242424242,66,66
5476,2025-07-16,4.642857142857143,56,56
5476,2025-07-20,5.528301886792453,53,53
5476,2025-07-24,3.3376623376623376,77,77
5476,2025-07-28,4.625,64,64
5476,2025-08-01,6.3076923076923075,65,65
5476,2025-08-05,7.45,60,60
5476,2025-08-09,4.147540983606557,61,61
5476,2025-08-13,2.8676470588235294,68,68
5476,2025-08-17,7.538461538461538,65,65
5476,2025-08-21,4.0394736842105265,76,76
5476,2025-08-25,5.3896103896103895,77,77
5476,2025-08-29,4.109375,64,64
5476,2025-09-02,5.318181818181818,66,66
5476,2025-09-06,6.271186440677966,59,59
5476,2025-09-10,1.8431372549019607,51,51
5476,2025-09-14,9.393939393939394,66,66
5476,2025-09-18,3.546875,64,64
5476,2025-09-22,4.223684210526316,76,76
5476,2025-09-26,6.833333333333333,66,66
5476,2025-09-30,3.076923076923077,65,65
5476,2025-10-04,5.848484848484849,66,66
5476,2025-10-08,5.861111111111111,72,72
5476,2025-10-12,2.953125,64,64
5476,2025-10-16,3.3823529411764706,68,68
5476,2025-10-20,6.471698113207547,53,53
5476,2025-10-24,1.6388888888888888,72,72
5476,2025-10-28,4.352941176470588,51,51
5476,2025-11-01,4.095890410958904,73,73
5476,2025-11-05,1.2236842105263157,76,76
5476,2025-11-09,3.7,70,70
5476,2025-11-13,3.0,72,72
5476,2025-11-17,1.8142857142857143,70,70
5476,2025-11-21,1.267605633802817,71,71
5476,2025-11-25,1.1176470588235294,68,68
2162095,2025-01-01,47.5469248125,24,24
2162095,2025-01-05,18.641745158333332,24,24
2162095,2025-01-09,16.29646189090909,22,24
2162095,2025-01-13,16.29912616153846,13,17
2162095,2025-01-17,22.334041676470587,17,17
2162095,2025-01-21,30.76904661904762,21,24
2162095,2025-01-25,19.389619095454545,22,24
2162095,2025-01-29,9.965722686956521,23,24
2162095,2025-02-02,18.22712116521739,23,24
2162095,2025-02-06,9.96571342173913,23,24
2162095,2025-02-10,29.220697591666667,24,24
2162095,2025-02-14,14.345318941666667,24,24
2162095,2025-02-18,21.700005158333337,24,24
2162095,2025-02-22,48.01628368695652,23,24
2162095,2025-02-26,22.19790372,5,6
2162095,2025-03-02,9.277708333333335,3,3
2162095,2025-03-06,10.758454056521739,23,24
2162095,2025-03-10,16.233830879166668,24,24
2162095,2025-03-14,6.3004432,20,24
2162095,2025-03-18,6.003205823809524,21,24
2162095,2025-03-22,15.864468926086957,23,24
2162095,2025-03-26,9.336539289473684,19,24
2162095,2025-03-30,8.617649304545454,22,23
2162095,2025-04-03,11.531050930434782,23,24
2162095,2025-04-07,4.540534908333333,24,24
2162095,2025-04-11,9.767974386956523,23,24
2162095,2025-04-15,6.215076458333333,24,24
2162095,2025-04-23,9.868074822222221,9,9
2162095,2025-04-27,8.134230604166666,24,24
2162095,2025-05-01,8.628118685,20,20
2162095,2025-05-05,4.471666428571429,14,17
2162095,2025-05-09,9.737238442857143,21,24
2162095,2025-05-13,8.874440163636363,22,24
2162095,2025-05-17,4.577680428571428,7,19
2162095,2025-05-21,10.951227236842106,19,24
2162095,2025-05-25,5.008559695652174,23,24
2162095,2025-05-29,2.938856285714286,7,24
2162095,2025-06-02,8.4623794125,16,24
2162095,2025-06-06,10.771898933333333,9,24
2162095,2025-06-10,14.978170161538461,13,24
2162095,2025-06-14,9.469086764285715,14,24
2162095,2025-06-18,9.585903061538462,13,23
2162095,2025-06-22,8.77358330909091,11,24
2162095,2025-06-26,12.236488766666668,24,24
2162095,2025-06-30,7.775168085,20,24
2162095,2025-07-04,9.15879375,20,24
2162095,2025-07-08,1.984182,17,24
2162095,2025-07-12,5.8451760526315795,19,24
2162095,2025-07-16,8.072674033333334,18,24
2162095,2025-07-20,9.3985667,24,24
2162095,2025-07-24,7.89518878,20,24
2162095,2025-07-28,5.035612294117647,17,22
2162095,2025-08-01,5.145852083333334,24,24
2162095,2025-08-05,6.28801318,20,24
2162095,2025-08-09,12.173175370833334,24,24
2162095,2025-08-13,15.484781118181816,22,24
2162095,2025-08-17,13.644499543478261,23,23
2162095,2025-08-21,9.554903872727273,22,24
2162095,2025-08-25,5.969213734782608,23,24
2162095,2025-08-29,13.016982624999999,24,24
2162095,2025-09-02,7.496766795454545,22,24
2162095,2025-09-06,2.7591125454545455,22,24
2162095,2025-09-10,4.708403739130435,23,24
2162095,2025-09-14,6.220222704545455,22,24
2162095,2025-09-18,6.188222380952381,21,24
2162095,2025-09-22,8.735872539130435,23,24
2162095,2025-10-04,12.71052808,10,24
2162095,2025-10-20,13.43043536,5,5
2162095,2025-10-24,4.812155941666666,24,24
2162095,2025-10-28,6.985100154545455,22,24
2162095,2025-11-01,15.3270211,2,11
2162095,2025-11-05,13.350526145454547,22,24
2162095,2025-11-09,15.1988509375,24,24
2162095,2025-11-13,16.92622673636364,22,23
2162095,2025-11-17,12.863735314285716,21,23
2162095,2025-11-21,9.77803115,24,24
2162095,2025-11-25,24.8654437,8,20
2162095,2025-11-29,28.23390585,2,2
2162095,2025-12-03,14.993664665217391,23,24
2162095,2025-12-07,11.577131295652174,23,24
2162095,2025-12-11,14.628438894999999,20,24
2162095,2025-12-15,14.215565064705883,17,24
2162095,2025-12-19,9.86606052631579,19,23
2162095,2025-12-23,12.061852835,20,24
2162095,2025-12-27,11.860442376470589,17,24
2162095,2025-12-31,6.324645858333334,24,24
3042,2025-01-01,3.327944125,24,24
3042,2025-01-05,3.1881116833333336,24,24
3042,2025-01-09,1.1090770416666667,24,24
3042,2025-01-13,1.4312369999999999,14,14
3042,2025-01-17,1.0,18,18
3042,2025-01-21,8.365162147826087,23,23
3042,2025-01-25,1.0,24,24
3042,2025-01-29,1.0,24,24
3042,2025-02-02,10.584705858333333,24,24
3042,2025-02-06,5.509316430434782,23,23
3042,2025-02-10,43.74948182916666,24,24
3042,2025-02-14,12.642148645833332,24,24
3042,2025-02-18,18.921160726086956,23,23
3042,2025-02-22,6.099260729166667,24,24
3042,2025-02-26,1.5399428,5,5
3042,2025-03-02,5.764868,3,3
3042,2025-03-06,9.314154204347826,23,23
3042,2025-03-10,15.547732983333333,24,24
3042,2025-03-14,4.518234266666666,24,24
3042,2025-03-18,1.0,21,21
3042,2025-03-22,7.647418830434782,23,23
3042,2025-03-26,4.1005296,15,15
3042,2025-03-30,3.2094344,23,23
3042,2025-04-03,11.7798933125,24,24
3042,2025-04-07,1.0,15,15
3042,2025-04-11,12.380289004166668,24,24
3042,2025-04-15,6.6838711375,24,24
3042,2025-04-19,5.10916265,24,24
3042,2025-04-23,3.0069277777777774,9,9
3042,2025-04-27,1.0,24,24
3042,2025-05-01,11.02378315,20,20
3042,2025-05-05,5.3774026875,16,16
3042,2025-05-09,1.910431375,24,24
3042,2025-05-13,4.887296458333333,24,24
3042,2025-05-17,14.0249906,17,17
3042,2025-05-21,4.536937083333333,24,24
3042,2025-05-25,4.265473154166666,24,24
3042,2025-05-29,4.365901241666667,24,24
3042,2025-06-02,9.6178385375,24,24
3042,2025-06-06,2.968510625,24,24
3042,2025-06-10,14.506045370833334,24,24
3042,2025-06-14,16.95046253478261,23,23
3042,2025-06-18,16.000609785,20,20
3042,2025-06-26,7.7757997166666675,24,24
3042,2025-06-30,6.8222711416666675,24,24
3042,2025-07-04,2.484073083333333,24,24
3042,2025-07-08,3.4913949166666662,24,24
3042,2025-07-12,7.517983334782609,23,23
3042,2025-07-16,2.5026872608695654,23,23
3042,2025-07-20,8.407821,23,23
3042,2025-07-24,8.483827395833334,24,24
3042,2025-07-28,5.752441636363636,22,22
3042,2025-08-01,4.4839957083333335,24,24
3042,2025-08-05,3.685200666666667,24,24
3042,2025-08-09,9.73237935,24,24
3042,2025-08-13,16.449301956521737,23,23
3042,2025-08-17,6.096678826086957,23,23
3042,2025-08-21,7.658356239130434,23,23
3042,2025-08-25,4.695318833333333,24,24
3042,2025-08-29,2.6197784166666667,24,24
3042,2025-09-02,2.1510137916666667,24,24
3042,2025-09-06,3.3735592000000003,15,15
3042,2025-09-10,3.8720624583333336,24,24
3042,2025-09-14,2.5566109090909093,22,22
3042,2025-09-18,6.3421604875,24,24
3042,2025-09-22,1.924980875,24,24
3042,2025-09-26,6.686993579166667,24,24
3042,2025-09-30,10.395956291666666,24,24
3042,2025-10-04,4.5369348333333335,24,24
3042,2025-10-08,1.805533875,24,24
3042,2025-10-12,9.66158990952381,21,21
3042,2025-10-16,9.470302449999998,18,18
3042,2025-10-20,3.2352239,20,20
3042,2025-10-24,1.0,5,5
3042,2025-11-01,4.20262675,24,24
3042,2025-11-05,1.364905,23,23
3042,2025-11-09,4.090838325,24,24
3042,2025-11-13,3.473622826086957,23,23
3042,2025-11-17,2.5794887391304346,23,23
3042,2025-11-21,6.602005095833333,24,24
3042,2025-11-25,1.2039210555555555,18,18
3042,2025-11-29,1.0,2,2
3042,2025-12-03,11.90616595,24,24
3042,2025-12-07,1.4077962083333333,24,24
3042,2025-12-11,2.4401325454545453,22,22
3042,2025-12-15,3.6494412916666668,24,24
3042,2025-12-19,3.4879654347826086,23,23
3042,2025-12-23,7.143057916666667,24,24
3042,2025-12-27,4.78598247826087,23,23
3042,2025-12-31,5.3034786,24,24
368397,2025-01-01,32.887499999999996,24,24
368397,2025-01-05,43.32916666666667,24,24
368397,2025-01-09,54.4125,24,24
368397,2025-01-13,37.237500000000004,24,24
368397,2025-01-17,24.616666666666664,24,24
368397,2025-01-21,54.88333333333333,24,24
368397,2025-01-25,59.395833333333336,24,24
368397,2025-01-29,29.4875,24,24
368397,2025-02-02,47.75416666666666,24,24
368397,2025-02-06,31.665,20,20
368397,2025-02-10,21.729166666666668,24,24
368397,2025-02-14,40.5625,24,24
368397,2025-02-18,20.504166666666666,24,24
368397,2025-02-22,31.695833333333336,24,24
368397,2025-02-26,18.704166666666666,24,24
368397,2025-03-02,17.8375,16,16
368397,2025-03-06,13.458333333333334,24,24
368397,2025-03-10,31.145833333333332,24,24
368397,2025-03-14,17.358333333333334,24,24
368397,2025-03-18,19.358333333333334,24,24
368397,2025-03-30,32.887499999999996,24,24
368397,2025-04-03,27.933333333333334,24,24
368397,2025-04-07,17.133333333333333,24,24
368397,2025-04-11,26.1375,24,24
368397,2025-04-15,19.670833333333334,24,24
368397,2025-04-19,12.991666666666667,24,24
368397,2025-04-23,13.913636363636364,22,22
368397,2025-05-09,11.441666666666668,24,24
368397,2025-05-13,14.520833333333334,24,24
368397,2025-05-17,20.029166666666665,24,24
368397,2025-05-21,14.704545454545455,22,22
368397,2025-05-25,12.829166666666666,24,24
368397,2025-05-29,10.441666666666666,24,24
368397,2025-06-02,12.091304347826087,23,23
368397,2025-06-06,18.25,24,24
368397,2025-06-10,13.141666666666666,24,24
368397,2025-06-14,10.295833333333333,24,24
368397,2025-06-18,10.5375,24,24
368397,2025-06-22,10.137500000000001,24,24
368397,2025-06-26,12.316666666666668,24,24
368397,2025-06-30,13.6,24,24
368397,2025-08-25,7.522222222222222,9,9
368397,2025-08-29,13.416666666666666,24,24
368397,2025-09-02,10.987499999999999,24,24
368397,2025-09-06,11.179166666666667,24,24
368397,2025-09-10,8.137500000000001,24,24
368397,2025-09-14,15.504166666666668,24,24
368397,2025-09-18,10.791666666666666,24,24
368397,2025-09-22,11.954166666666666,24,24
368397,2025-09-26,11.966666666666667,24,24
368397,2025-09-30,8.112499999999999,24,24
368397,2025-10-04,15.570833333333333,24,24
368397,2025-10-08,9.670833333333333,24,24
368397,2025-11-21,15.057142857142857,21,21
368397,2025-11-25,21.625,24,24
368397,2025-11-29,31.395833333333332,24,24
368397,2025-12-03,40.59583333333333,24,24
368397,2025-12-07,20.708333333333332,24,24
368397,2025-12-11,22.379166666666666,24,24
368397,2025-12-15,19.113043478260867,23,23
368397,2025-12-19,23.8,24,24
368397,2025-12-23,24.625,24,24
368397,2025-12-27,18.504166666666666,24,24
368397,2025-12-31,37.770833333333336,24,24
4794,2025-01-01,8.308382018181819,22,22
4794,2025-01-05,7.034780416666667,24,24
4794,2025-01-09,5.213332916666666,24,24
4794,2025-01-13,11.947928542857143,14,14
4794,2025-01-17,9.347781744444445,18,18
4794,2025-01-21,22.8780625375,24,24
4794,2025-01-25,4.130376708333333,24,24
4794,2025-01-29,2.457188125,24,24
4794,2025-02-02,15.550215454166667,24,24
4794,2025-02-06,15.154326704166666,24,24
4794,2025-02-10,41.40569977391304,23,23
4794,2025-02-14,12.493958629166668,24,24
4794,2025-02-18,15.009813047826086,23,23
4794,2025-02-22,13.31922265,24,24
4794,2025-02-26,13.199965699999998,5,5
4794,2025-03-02,11.174943766666667,3,3
4794,2025-03-06,14.3488305,21,21
4794,2025-03-10,54.37699586666667,24,24
4794,2025-03-14,6.916808725,24,24
4794,2025-03-18,5.142954736842105,19,19
4794,2025-03-22,19.7262737,23,23
4794,2025-03-26,6.681654859999999,15,15
4794,2025-03-30,6.875068304347827,23,23
4794,2025-04-03,5.760562833333334,24,24
4794,2025-04-07,4.212043913043479,23,23
4794,2025-04-11,13.094834886363635,22,22
4794,2025-04-15,10.915068254166668,24,24
4794,2025-04-19,9.108260158333334,24,24
4794,2025-04-23,10.775092244444444,9,9
4794,2025-04-27,6.619191625,24,24
4794,2025-05-01,6.553476999999999,20,20
4794,2025-05-05,4.7013631875,16,16
4794,2025-05-09,4.905466666666666,24,24
4794,2025-05-13,6.372467916666667,24,24
4794,2025-05-17,8.122317111764705,17,17
4794,2025-05-21,7.415676254166667,24,24
4794,2025-05-25,3.2091054166666666,24,24
4794,2025-05-29,3.873442916666667,24,24
4794,2025-06-02,7.95118505,24,24
4794,2025-06-06,3.288844166666667,24,24
4794,2025-06-10,12.553624254166666,24,24
4794,2025-06-14,7.705449047619047,21,21
4794,2025-06-18,10.656383944444444,18,18
4794,2025-06-22,7.342614789473684,19,19
4794,2025-06-26,6.272233291666667,24,24
4794,2025-06-30,6.195586291666667,24,24
4794,2025-07-04,3.4307056521739128,23,23
4794,2025-07-08,4.760195416666667,24,24
4794,2025-07-12,5.915396130434783,23,23
4794,2025-07-16,4.59871652173913,23,23
4794,2025-07-20,7.619642083333333,24,24
4794,2025-07-24,5.838744666666667,24,24
4794,2025-07-28,5.659146,20,20
4794,2025-08-01,4.853319583333334,24,24
4794,2025-08-05,4.141537083333334,24,24
4794,2025-08-09,9.184252029166666,24,24
4794,2025-08-13,10.280007616666667,24,24
4794,2025-08-17,5.02085347826087,23,23
4794,2025-08-21,3.2483778260869562,23,23
4794,2025-08-25,2.9336295833333335,24,24
4794,2025-08-29,6.124739208333334,24,24
4794,2025-09-02,3.46272625,24,24
4794,2025-09-06,3.580853888888889,18,18
4794,2025-09-10,6.7983646250000005,24,24
4794,2025-09-14,3.7107268181818185,22,22
4794,2025-09-18,5.0511875,24,24
4794,2025-09-22,4.248864166666666,24,24
4794,2025-09-26,4.93222875,24,24
4794,2025-09-30,6.325141250000001,24,24
4794,2025-10-04,3.5677879166666666,24,24
4794,2025-10-08,7.399427920833333,24,24
4794,2025-10-12,6.919247142857143,21,21
4794,2025-10-16,4.14120125,16,16
4794,2025-10-20,6.494639523809523,21,21
4794,2025-10-24,3.343745,24,24
4794,2025-10-28,4.141554782608695,23,23
4794,2025-11-01,3.9647512500000004,24,24
4794,2025-11-05,3.3253004347826085,23,23
4794,2025-11-09,18.829217373913046,23,23
4794,2025-11-13,4.937285652173913,23,23
4794,2025-11-17,4.553673181818182,22,22
4794,2025-11-21,10.8783896125,24,24
4794,2025-11-25,10.780426845,20,20
4794,2025-11-29,6.1529050000000005,2,2
4794,2025-12-03,8.996994966666668,24,24
4794,2025-12-07,4.8496475,24,24
4794,2025-12-11,9.874720326086956,23,23
4794,2025-12-15,8.66469972173913,23,23
4794,2025-12-19,5.621418260869565,23,23
4794,2025-12-23,14.089829141666668,24,24
4794,2025-12-27,23.788079147826085,23,23
4794,2025-12-31,4.977141666666667,24,24
225852,2025-01-01,6.333333333333333,6,6
225852,2025-01-05,7.0,1,1
225852,2025-01-09,16.5,6,6
225852,2025-01-13,13.235294117647058,17,17
225852,2025-01-17,15.0,5,5
225852,2025-01-21,25.615384615384617,13,13
225852,2025-01-25,13.4,10,10
225852,2025-01-29,10.25,8,8
225852,2025-02-02,18.7,20,20
225852,2025-02-06,11.882352941176471,17,17
225852,2025-02-10,38.36363636363637,11,11
225852,2025-02-14,27.555555555555557,9,9
225852,2025-02-18,27.0,21,21
225852,2025-02-22,9.5,2,2
225852,2025-02-26,7.380952380952381,21,21
225852,2025-03-02,16.823529411764707,17,17
225852,2025-03-06,23.0,24,24
225852,2025-03-10,55.25,8,8
225852,2025-03-14,8.928571428571429,14,14
225852,2025-03-18,8.055555555555555,18,18
225852,2025-03-22,11.75,4,4
225852,2025-03-30,9.91304347826087,23,23
225852,2025-04-03,21.291666666666668,24,24
225852,2025-04-07,9.5,24,24
225852,2025-04-11,16.5,22,22
225852,2025-04-15,11.5,24,24
225852,2025-04-19,9.291666666666666,24,24
225852,2025-04-23,6.173913043478261,23,23
225852,2025-04-27,21.75,24,24
225852,2025-05-05,7.833333333333333,24,24
225852,2025-05-09,10.583333333333334,24,24
225852,2025-05-13,12.166666666666666,24,24
225852,2025-05-17,11.625,24,24
225852,2025-05-21,12.458333333333334,24,24
225852,2025-05-25,6.130434782608695,23,24
225852,2025-05-29,10.5,18,18
225852,2025-06-02,7.583333333333333,24,24
225852,2025-06-06,5.791666666666667,24,24
225852,2025-06-10,7.166666666666667,24,24
225852,2025-06-18,11.708333333333334,24,24
225852,2025-06-22,9.916666666666666,24,24
225852,2025-06-26,8.727272727272727,22,22
225852,2025-06-30,8.571428571428571,21,21
225852,2025-07-08,11.5,24,24
225852,2025-07-12,10.391304347826088,23,24
225852,2025-07-16,11.166666666666666,24,24
225852,2025-07-20,5.791666666666667,24,24
225852,2025-07-24,13.5,24,24
225852,2025-07-28,11.833333333333334,24,24
225852,2025-08-01,10.625,24,24
225852,2025-08-05,10.608695652173912,23,24
225852,2025-08-09,10.416666666666666,24,24
225852,2025-08-13,21.375,24,24
225852,2025-08-17,9.625,24,24
225852,2025-08-21,7.363636363636363,22,22
225852,2025-08-25,5.7272727272727275,22,24
225852,2025-08-29,7.0,23,23
225852,2025-09-02,6.875,24,24
225852,2025-09-06,6.478260869565218,23,24
225852,2025-09-10,6.260869565217392,23,24
225852,2025-09-14,6.958333333333333,24,24
225852,2025-09-18,10.375,24,24
225852,2025-09-22,7.625,24,24
225852,2025-09-26,9.791666666666666,24,24
225852,2025-09-30,15.75,24,24
225852,2025-10-04,7.375,24,24
225852,2025-10-08,10.333333333333334,24,24
225852,2025-10-12,21.333333333333332,24,24
225852,2025-10-16,9.954545454545455,22,22
225852,2025-10-20,7.6521739130434785,23,24
225852,2025-10-24,6.173913043478261,23,24
225852,2025-10-28,7.363636363636363,22,24
225852,2025-11-01,7.0,24,24
225852,2025-11-05,8.043478260869565,23,24
225852,2025-11-09,12.166666666666666,24,24
225852,2025-11-13,8.666666666666666,24,24
225852,2025-11-17,8.583333333333334,24,24
225852,2025-11-21,12.291666666666666,24,24
225852,2025-11-25,9.476190476190476,21,22
225852,2025-11-29,6.75,24,24
225852,2025-12-03,4.708333333333333,24,24
225852,2025-12-07,7.0,24,24
225852,2025-12-11,10.291666666666666,24,24
225852,2025-12-15,11.0,24,24
225852,2025-12-19,9.583333333333334,24,24
225852,2025-12-23,15.625,24,24
225852,2025-12-27,9.5,24,24
225852,2025-12-31,22.583333333333332,24,24
277985,2025-01-01,5.545833333333333,24,24
277985,2025-01-05,8.783333333333333,24,24
277985,2025-01-09,15.266666666666667,9,9
277985,2025-01-13,1.9749999999999999,24,24
277985,2025-01-17,3.466666666666667,24,24
277985,2025-01-21,2.4125,24,24
277985,2025-01-25,4.220833333333333,24,24
277985,2025-01-29,16.150000000000002,24,24
277985,2025-02-02,3.0124999999999997,24,24
277985,2025-02-06,4.539130434782609,23,23
277985,2025-02-10,4.233333333333333,24,24
277985,2025-02-14,4.908333333333333,24,24
277985,2025-02-18,3.15,24,24
277985,2025-02-22,4.483333333333333,24,24
277985,2025-02-26,5.945833333333333,24,24
277985,2025-03-02,10.5,24,24
277985,2025-03-06,9.125,24,24
277985,2025-03-10,6.733333333333333,24,24
277985,2025-03-14,3.658333333333333,24,24
277985,2025-03-18,10.8375,24,24
277985,2025-03-22,3.1125000000000003,24,24
277985,2025-03-26,4.154166666666667,24,24
277985,2025-03-30,3.933333333333333,24,24
277985,2025-04-03,3.5083333333333333,24,24
277985,2025-04-07,4.833333333333333,24,24
277985,2025-04-11,5.509090909090909,22,22
277985,2025-04-15,3.8791666666666664,24,24
277985,2025-04-19,5.191304347826088,23,23
277985,2025-04-23,3.0124999999999997,24,24
277985,2025-04-27,3.595833333333333,24,24
277985,2025-05-01,4.0125,24,24
277985,2025-05-05,2.8833333333333333,24,24
277985,2025-05-09,6.558333333333334,24,24
277985,2025-05-13,3.2541666666666664,24,24
277985,2025-05-17,4.466666666666667,24,24
277985,2025-05-21,1.5583333333333333,24,24
277985,2025-05-25,0.7956521739130435,23,23
277985,2025-05-29,13.487499999999999,24,24
277985,2025-06-02,9.491666666666667,24,24
277985,2025-06-06,7.120833333333334,24,24
277985,2025-06-10,35.61666666666667,24,24
277985,2025-06-14,3.0749999999999997,24,24
277985,2025-06-18,11.19090909090909,22,22
277985,2025-06-22,5.075,24,24
277985,2025-06-26,6.821739130434783,23,23
277985,2025-06-30,2.2875,24,24
277985,2025-07-04,2.5124999999999997,24,24
277985,2025-07-08,6.904166666666666,24,24
277985,2025-07-12,5.541666666666667,24,24
277985,2025-07-16,22.150000000000002,24,24
277985,2025-07-20,8.958333333333334,24,24
277985,2025-07-24,6.341666666666666,24,24
277985,2025-07-28,6.675,24,24
277985,2025-08-01,15.5375,24,24
277985,2025-08-05,3.1125000000000003,24,24
277985,2025-08-09,5.808333333333334,24,24
277985,2025-08-13,1.35,8,8
277985,2025-08-17,4.5874999999999995,24,24
277985,2025-08-21,2.3041666666666667,24,24
277985,2025-08-25,9.654166666666667,24,24
277985,2025-08-29,12.620833333333332,24,24
277985,2025-09-02,54.987500000000004,24,24
277985,2025-09-06,20.587500000000002,24,24
277985,2025-09-10,24.65833333333333,24,24
277985,2025-09-14,12.108333333333334,24,24
277985,2025-09-18,17.13478260869565,23,23
277985,2025-09-22,3.783333333333333,24,24
277985,2025-09-26,4.716666666666667,24,24
277985,2025-09-30,12.4625,24,24
277985,2025-10-04,2.629166666666667,24,24
277985,2025-10-08,3.2541666666666664,24,24
277985,2025-10-12,1.6708333333333334,24,24
277985,2025-10-16,4.654166666666667,24,24
277985,2025-10-20,2.3874999999999997,24,24
277985,2025-10-24,5.220833333333333,24,24
277985,2025-10-28,4.042857142857143,21,21
277985,2025-11-01,3.2583333333333333,24,24
277985,2025-11-05,4.916666666666667,24,24
277985,2025-11-09,4.9125,24,24
277985,2025-11-13,7.057894736842105,19,19
277985,2025-11-17,7.954545454545454,11,11
277985,2025-11-21,5.179166666666666,24,24
277985,2025-11-25,6.125,24,24
277985,2025-11-29,9.833333333333334,24,24
277985,2025-12-03,8.908333333333333,24,24
277985,2025-12-07,7.8875,24,24
277985,2025-12-11,7.495833333333334,24,24
277985,2025-12-15,5.679166666666667,24,24
277985,2025-12-19,5.4375,24,24
277985,2025-12-23,14.125,24,24
277985,2025-12-27,2.875,24,24
277985,2025-12-31,15.700000000000001,24,24
2960670,2025-01-01,27.146296296296295,81,81
2960670,2025-01-05,61.52852459016393,61,61
2960670,2025-01-09,66.44074074074075,54,54
2960670,2025-01-13,63.92222222222222,9,9
2960670,2025-01-17,63.43042553191489,47,47
2960670,2025-01-21,24.672033898305088,59,59
2960670,2025-01-25,71.90191489361702,47,47
2960670,2025-01-29,80.33200000000001,55,55
2960670,2025-02-02,85.34822222222222,45,45
2960670,2025-02-06,37.048648648648644,37,37
2960670,2025-02-10,32.26362068965517,58,58
2960670,2025-02-14,66.441625,80,80
2960670,2025-02-18,40.301617647058826,68,68
2960670,2025-02-22,21.717636363636363,55,55
2960670,2025-02-26,19.941224489795918,49,49
2960670,2025-03-02,23.317794117647058,68,68
2960670,2025-03-06,30.14254901960784,51,51
2960670,2025-03-10,35.067021276595746,47,47
2960670,2025-03-14,35.1245,60,60
2960670,2025-03-18,30.763684210526314,57,57
2960670,2025-03-22,10.56703125,64,64
2960670,2025-03-26,14.979649122807018,57,57
2960670,2025-03-30,23.174237288135593,59,59
2960670,2025-04-03,7.569814814814815,54,54
2960670,2025-04-07,13.6772131147541,61,61
2960670,2025-04-11,10.198194444444445,72,72
2960670,2025-04-15,12.320461538461538,65,65
2960670,2025-04-19,13.21913043478261,46,46
2960670,2025-04-23,16.45877551020408,49,49
2960670,2025-04-27,10.825166666666666,60,60
2960670,2025-05-01,21.32894736842105,38,38
2960670,2025-05-05,10.898367346938775,49,49
2960670,2025-05-09,11.4224,50,50
2960670,2025-05-13,15.345,38,38
2960670,2025-05-17,10.844000000000001,50,50
2960670,2025-05-21,8.349333333333332,15,15
2960670,2025-05-25,10.305263157894737,38,38
2960670,2025-05-29,13.224791666666667,48,48
2960670,2025-06-02,14.629454545454546,55,55
2960670,2025-06-06,12.942,35,35
2960670,2025-06-10,13.783421052631578,38,38
2960670,2025-06-14,17.84277777777778,36,36
2960670,2025-06-18,8.449354838709677,31,31
2960670,2025-06-22,12.096933333333332,75,75
2960670,2025-06-26,13.31325581395349,43,43
2960670,2025-06-30,9.235151515151514,33,33
2960670,2025-07-04,9.77127659574468,47,47
2960670,2025-07-08,9.202941176470588,34,34
2960670,2025-07-12,14.721599999999999,75,75
2960670,2025-07-16,11.784393939393938,66,66
2960670,2025-07-20,14.139491525423729,59,59
2960670,2025-07-24,17.11056338028169,71,71
2960670,2025-07-28,20.27114285714286,70,70
2960670,2025-08-01,22.669135802469135,81,81
2960670,2025-08-05,16.65347222222222,72,72
2960670,2025-08-09,28.285405405405402,74,74
2960670,2025-08-13,14.8375,80,80
2960670,2025-08-17,11.50623188405797,69,69
2960670,2025-08-21,13.504225352112675,71,71
2960670,2025-08-25,15.800833333333335,48,48
2960670,2025-08-29,16.6646,50,50
2960670,2025-09-02,16.740000000000002,5,5
2960670,2025-09-06,14.568604651162792,43,43
2960670,2025-09-10,12.324285714285713,7,7
2960670,2025-09-14,9.963999999999999,75,75
2960670,2025-09-18,14.093934426229508,61,61
2960670,2025-09-22,9.858307692307692,65,65
2960670,2025-09-26,15.17030303030303,66,66
2960670,2025-09-30,15.767966101694915,59,59
2960670,2025-10-04,22.34986111111111,72,72
2960670,2025-10-08,21.246595744680853,47,47
2960670,2025-10-12,18.33122448979592,49,49
2960670,2025-10-16,18.51453125,64,64
2960670,2025-10-20,24.199375,48,48
2960670,2025-10-24,21.715,16,16
2960670,2025-10-28,23.5272131147541,61,61
2960670,2025-11-01,29.73027397260274,73,73
2960670,2025-11-05,43.00311688311688,77,77
2960670,2025-11-09,41.76430555555556,72,72
2960670,2025-11-13,42.38192307692308,26,26
2960670,2025-11-17,35.24567164179105,67,67
2960670,2025-11-21,74.97387096774193,62,62
2960670,2025-11-25,131.83785714285713,70,70
2960670,2025-11-29,99.71637931034483,58,58
2960670,2025-12-03,49.51522388059701,67,67
2960670,2025-12-07,212.6567272727273,55,55
2960670,2025-12-11,43.21426229508197,61,61
2960670,2025-12-15,30.01840909090909,44,44
2960670,2025-12-19,76.91535714285715,56,56
2960670,2025-12-23,115.40297872340425,47,47
2960670,2025-12-27,59.095076923076924,65,65
2960670,2025-12-31,47.70306451612903,62,62
8799,2025-01-01,3.6333333333333333,24,24
8799,2025-01-05,2.125,24,24
8799,2025-01-09,2.025,24,24
8799,2025-01-13,10.658333333333333,24,24
8799,2025-01-17,12.875,24,24
8799,2025-01-21,4.558333333333334,24,24
8799,2025-01-25,8.345833333333333,24,24
8799,2025-01-29,4.1625000000000005,24,24
8799,2025-02-02,6.158333333333334,24,24
8799,2025-02-06,6.958333333333333,24,24
8799,2025-02-10,3.5416666666666665,24,24
8799,2025-02-14,2.6999999999999997,24,24
8799,2025-02-18,2.3458333333333337,24,24
8799,2025-02-22,6.658333333333334,24,24
8799,2025-02-26,6.683333333333334,24,24
8799,2025-03-02,5.345833333333334,24,24
8799,2025-03-06,2.470833333333333,24,24
8799,2025-03-10,7.920833333333333,24,24
8799,2025-03-14,20.308333333333334,24,24
8799,2025-03-18,4.0375000000000005,24,24
8799,2025-03-22,3.5875,24,24
8799,2025-03-26,3.404166666666667,24,24
8799,2025-03-30,5.5874999999999995,24,24
8799,2025-04-03,3.585714285714286,7,7
8799,2025-04-07,5.654545454545454,11,11
8799,2025-04-11,6.6499999999999995,24,24
8799,2025-04-15,3.8166666666666664,24,24
8799,2025-04-19,11.266666666666666,24,24
8799,2025-04-23,2.2125,24,24
8799,2025-04-27,1.2541666666666667,24,24
8799,2025-05-01,3.391666666666667,24,24
8799,2025-05-05,3.591666666666667,24,24
8799,2025-05-09,4.908333333333333,24,24
8799,2025-05-13,7.620833333333334,24,24
8799,2025-05-17,6.379166666666666,24,24
8799,2025-05-21,3.595833333333333,24,24
8799,2025-05-25,2.9499999999999997,24,24
8799,2025-05-29,5.3625,24,24
8799,2025-06-02,2.9791666666666665,24,24
8799,2025-06-06,72.5125,24,24
8799,2025-06-10,8.479166666666666,24,24
8799,2025-06-14,5.716666666666666,24,24
8799,2025-06-18,8.308695652173913,23,23
8799,2025-06-22,9.4125,24,24
8799,2025-06-26,4.333333333333333,24,24
8799,2025-06-30,8.266666666666667,24,24
8799,2025-07-04,3.295833333333333,24,24
8799,2025-07-08,6.575,24,24
8799,2025-07-12,12.8375,24,24
8799,2025-07-16,25.587500000000002,24,24
8799,2025-07-20,8.558333333333334,24,24
8799,2025-07-24,12.208333333333334,24,24
8799,2025-07-28,15.879166666666668,24,24
8799,2025-08-01,3.6958333333333333,24,24
8799,2025-08-05,10.125,24,24
8799,2025-08-09,22.604166666666668,24,24
8799,2025-08-13,11.829166666666666,24,24
8799,2025-08-17,8.533333333333333,24,24
8799,2025-08-21,4.583333333333333,24,24
8799,2025-08-25,3.8874999999999997,24,24
8799,2025-08-29,2.9499999999999997,24,24
8799,2025-09-02,4.666666666666667,24,24
8799,2025-09-06,3.779166666666667,24,24
8799,2025-09-10,3.9416666666666664,24,24
8799,2025-09-14,9.108333333333333,24,24
8799,2025-09-18,6.804166666666667,24,24
8799,2025-09-22,5.2875000000000005,24,24
8799,2025-09-26,6.691666666666666,24,24
8799,2025-09-30,3.9375,24,24
8799,2025-10-04,7.266666666666667,24,24
8799,2025-10-08,2.4791666666666665,24,24
8799,2025-10-12,5.691666666666666,24,24
8799,2025-10-16,1.1958333333333333,24,24
8799,2025-10-20,2.9125,24,24
8799,2025-10-24,2.725,24,24
8799,2025-10-28,4.979166666666667,24,24
8799,2025-11-01,1.8625,24,24
8799,2025-11-05,1.8625,24,24
8799,2025-11-09,3.529166666666667,24,24
8799,2025-11-13,3.6739130434782608,23,23
8799,2025-11-17,1.0,11,11
8799,2025-11-21,12.737499999999999,24,24
8799,2025-11-25,3.9583333333333335,24,24
8799,2025-11-29,3.5500000000000003,24,24
8799,2025-12-03,8.887500000000001,24,24
8799,2025-12-07,5.433333333333334,24,24
8799,2025-12-11,3.2624999999999997,24,24
8799,2025-12-15,2.7875,24,24
8799,2025-12-19,2.1041666666666665,24,24
8799,2025-12-23,9.7125,24,24
8799,2025-12-27,4.309523809523809,21,21
8640,2025-01-01,3.9166666666666665,24,24
8640,2025-01-05,7.125,24,24
8640,2025-01-09,4.958333333333333,24,24
8640,2025-01-13,4.916666666666667,24,24
8640,2025-01-17,1.9583333333333333,24,24
8640,2025-01-21,0.75,24,24
8640,2025-01-25,4.041666666666667,24,24
8640,2025-01-29,1.6666666666666667,24,24
8640,2025-02-02,4.5,24,24
8640,2025-02-06,2.875,24,24
8640,2025-02-10,3.0416666666666665,24,24
8640,2025-02-14,3.75,24,24
8640,2025-02-18,3.5416666666666665,24,24
8640,2025-02-22,3.625,24,24
8640,2025-02-26,1.375,24,24
8640,2025-03-02,2.0416666666666665,24,24
8640,2025-03-06,1.9166666666666667,24,24
8640,2025-03-10,2.5833333333333335,24,24
8640,2025-03-14,2.4583333333333335,24,24
8640,2025-03-18,3.3333333333333335,24,24
8640,2025-03-22,1.0416666666666667,24,24
8640,2025-03-26,1.9583333333333333,24,24
8640,2025-03-30,3.875,24,24
8640,2025-04-03,1.7083333333333333,24,24
8640,2025-04-07,3.6666666666666665,24,24
8640,2025-04-11,1.5416666666666667,24,24
8640,2025-04-15,1.7916666666666667,24,24
8640,2025-04-19,1.25,24,24
8640,2025-04-23,1.4583333333333333,24,24
8640,2025-04-27,1.125,24,24
8640,2025-05-01,3.9583333333333335,24,24
8640,2025-05-05,2.0,11,11
8640,2025-05-09,2.1666666666666665,24,24
8640,2025-05-13,4.5,24,24
8640,2025-05-17,6.5,4,4
8640,2025-05-21,2.5416666666666665,24,24
8640,2025-05-25,9.708333333333334,24,24
8640,2025-05-29,59.94444444444444,18,18
8640,2025-06-02,7.375,24,24
8640,2025-06-06,6.875,24,24
8640,2025-06-10,80.0,23,23
8640,2025-06-14,14.375,24,24
8640,2025-06-18,10.791666666666666,24,24
8640,2025-06-22,13.458333333333334,24,24
8640,2025-06-26,3.375,24,24
8640,2025-06-30,2.375,24,24
8640,2025-07-04,10.958333333333334,24,24
8640,2025-07-08,3.625,24,24
8640,2025-07-12,2.0,24,24
8640,2025-07-16,8.958333333333334,24,24
8640,2025-07-20,11.041666666666666,24,24
8640,2025-07-24,4.5,24,24
8640,2025-07-28,8.583333333333334,24,24
8640,2025-08-01,8.5,24,24
8640,2025-08-05,5.695652173913044,23,23
8640,2025-08-09,4.958333333333333,24,24
8640,2025-08-13,2.4583333333333335,24,24
8640,2025-08-17,1.875,24,24
8640,2025-08-21,2.6666666666666665,24,24
8640,2025-08-29,12.428571428571429,7,7
8640,2025-09-02,56.69565217391305,23,23
8640,2025-09-06,19.416666666666668,24,24
8640,2025-09-10,21.666666666666668,24,24
8640,2025-09-14,15.5,24,24
8640,2025-09-18,3.8333333333333335,24,24
8640,2025-09-22,1.7083333333333333,24,24
8640,2025-09-26,1.0416666666666667,24,24
8640,2025-09-30,3.4166666666666665,24,24
8640,2025-10-04,1.0,24,24
8640,2025-10-08,1.125,24,24
8640,2025-10-12,0.9583333333333334,24,24
8640,2025-10-16,2.5416666666666665,24,24
8640,2025-10-20,1.6666666666666667,24,24
8640,2025-10-24,3.375,24,24
8640,2025-10-28,3.9166666666666665,24,24
8640,2025-11-01,1.5833333333333333,24,24
8640,2025-11-05,3.7083333333333335,24,24
8640,2025-11-09,4.458333333333333,24,24
8640,2025-11-13,7.565217391304348,23,23
8640,2025-11-17,6.076923076923077,13,13
8640,2025-11-21,1.4583333333333333,24,24
8640,2025-11-25,3.875,24,24
8640,2025-11-29,5.875,24,24
8640,2025-12-03,8.416666666666666,24,24
8640,2025-12-07,4.708333333333333,24,24
8640,2025-12-11,3.4166666666666665,24,24
8640,2025-12-15,7.958333333333333,24,24
8640,2025-12-19,2.9166666666666665,24,24
8640,2025-12-23,3.727272727272727,22,22
8640,2025-12-27,2.5384615384615383,13,13
8640,2025-12-31,4.583333333333333,24,24
2395606,2025-01-01,20.625,24,24
2395606,2025-01-05,14.041666666666666,24,24
2395606,2025-01-09,15.25,24,24
2395606,2025-01-13,11.833333333333334,24,24
2395606,2025-01-17,8.75,24,24
2395606,2025-01-21,24.291666666666668,24,24
2395606,2025-01-25,16.625,24,24
2395606,2025-01-29,10.458333333333334,24,24
2395606,2025-02-02,6.625,24,24
2395606,2025-02-06,10.25,24,24
2395606,2025-02-10,6.791666666666667,24,24
2395606,2025-02-14,7.75,24,24
2395606,2025-02-18,10.291666666666666,24,24
2395606,2025-02-22,5.958333333333333,24,24
2395606,2025-02-26,12.782608695652174,23,23
2395606,2025-03-02,15.958333333333334,24,24
2395606,2025-03-06,12.266666666666667,15,15
2395606,2025-03-10,21.91304347826087,23,23
2395606,2025-03-14,14.041666666666666,24,24
2395606,2025-03-18,13.375,24,24
2395606,2025-03-22,20.958333333333332,24,24
2395606,2025-03-26,21.25,24,24
2395606,2025-03-30,3.3333333333333335,24,24
2395606,2025-04-03,10.333333333333334,24,24
2395606,2025-04-07,22.458333333333332,24,24
2395606,2025-04-11,26.208333333333332,24,24
2395606,2025-04-15,25.956521739130434,23,23
2395606,2025-04-19,16.083333333333332,24,24
2395606,2025-04-23,12.333333333333334,24,24
2395606,2025-05-09,10.791666666666666,24,24
2395606,2025-05-13,21.208333333333332,24,24
2395606,2025-05-17,9.875,24,24
2395606,2025-05-21,8.625,24,24
2395606,2025-05-25,21.041666666666668,24,24
2395606,2025-05-29,5.041666666666667,24,24
2395606,2025-06-02,7.791666666666667,24,24
2395606,2025-06-06,8.708333333333334,24,24
2395606,2025-06-10,9.625,24,24
2395606,2025-06-14,5.791666666666667,24,24
2395606,2025-06-18,7.75,24,24
2395606,2025-06-22,6.25,24,24
2395606,2025-06-26,6.458333333333333,24,24
2395606,2025-06-30,7.916666666666667,24,24
2395606,2025-08-25,6.545454545454546,11,11
2395606,2025-08-29,6.416666666666667,24,24
2395606,2025-09-02,16.041666666666668,24,24
2395606,2025-09-06,17.666666666666668,24,24
2395606,2025-09-10,5.0,24,24
2395606,2025-09-14,9.0,24,24
2395606,2025-09-18,16.25,24,24
2395606,2025-09-22,3.125,24,24
2395606,2025-09-26,9.666666666666666,24,24
2395606,2025-09-30,9.666666666666666,24,24
2395606,2025-10-04,17.166666666666668,24,24
2395606,2025-10-08,8.916666666666666,24,24
2395606,2025-11-21,11.708333333333334,24,24
2395606,2025-11-25,23.833333333333332,24,24
2395606,2025-11-29,18.083333333333332,24,24
2395606,2025-12-03,19.041666666666668,24,24
2395606,2025-12-07,11.291666666666666,24,24
2395606,2025-12-11,12.458333333333334,24,24
2395606,2025-12-15,10.416666666666666,24,24
2395606,2025-12-19,14.75,24,24
2395606,2025-12-23,7.913043478260869,23,23
2395606,2025-12-27,1.9166666666666667,24,24
2395606,2025-12-31,6.791666666666667,24,24
2162682,2025-01-01,38.2,2,2
2162682,2025-01-05,18.57,20,20
2162682,2025-01-09,1.5055555555555555,18,18
2162682,2025-01-13,13.4125,8,8
2162682,2025-01-17,15.858823529411763,17,17
2162682,2025-01-21,23.195,20,20
2162682,2025-01-25,3.2857142857142856,21,21
2162682,2025-01-29,1.9,17,17
2162682,2025-02-02,11.347619047619048,21,21
2162682,2025-02-06,18.880000000000003,20,20
2162682,2025-02-10,8.777777777777779,18,18
2162682,2025-02-14,4.0600000000000005,20,20
2162682,2025-02-18,11.966666666666665,21,21
2162682,2025-02-22,3.994444444444445,18,18
2162682,2025-02-26,2.8,5,5
2162682,2025-03-02,7.433333333333334,3,3
2162682,2025-03-06,11.9,18,18
2162682,2025-03-10,4.005263157894737,19,19
2162682,2025-03-14,6.772222222222222,18,18
2162682,2025-03-18,5.631578947368421,19,19
2162682,2025-03-22,0.95,20,20
2162682,2025-03-26,10.976923076923075,13,13
2162682,2025-03-30,4.761904761904762,21,21
2162682,2025-04-03,3.3761904761904766,21,21
2162682,2025-04-07,8.2625,16,16
2162682,2025-04-11,8.74705882352941,17,17
2162682,2025-04-15,1.5157894736842106,19,19
2162682,2025-04-19,1.725,20,20
2162682,2025-04-23,2.757142857142857,7,7
2162682,2025-04-27,3.7,20,20
2162682,2025-05-01,5.728571428571429,7,7
2162682,2025-05-05,4.253333333333333,15,15
2162682,2025-05-09,4.294736842105263,19,19
2162682,2025-05-13,3.357142857142857,21,21
2162682,2025-05-17,9.591666666666667,12,12
2162682,2025-05-21,4.661111111111111,18,18
2162682,2025-05-25,3.861111111111111,18,18
2162682,2025-05-29,4.96875,16,16
2162682,2025-06-02,1.323076923076923,13,13
2162682,2025-06-06,3.623529411764706,17,17
2162682,2025-06-10,15.384615384615385,13,13
2162682,2025-06-14,7.0,16,16
2162682,2025-06-18,8.394444444444444,18,18
2162682,2025-06-22,7.838888888888889,18,18
2162682,2025-06-26,7.0,17,17
2162682,2025-06-30,5.388888888888889,18,18
2162682,2025-07-04,9.6,21,21
2162682,2025-07-08,4.2368421052631575,19,19
2162682,2025-07-12,6.89047619047619,21,21
2162682,2025-07-16,7.013333333333334,15,15
2162682,2025-07-20,3.5368421052631582,19,19
2162682,2025-07-24,2.0166666666666666,18,18
2162682,2025-07-28,3.7357142857142853,14,14
2162682,2025-08-01,4.4799999999999995,20,20
2162682,2025-08-05,6.689473684210526,19,19
2162682,2025-08-09,7.683333333333334,6,6
2162682,2025-08-13,16.553333333333335,15,15
2162682,2025-08-17,20.233333333333334,18,18
2162682,2025-08-21,6.92,20,20
2162682,2025-08-25,12.694736842105263,19,19
2162682,2025-08-29,3.7736842105263158,19,19
2162682,2025-09-02,2.433333333333333,18,18
2162682,2025-09-06,5.221052631578948,19,19
2162682,2025-09-10,2.14375,16,16
2162682,2025-09-14,3.7,16,16
2162682,2025-09-18,5.65,18,18
2162682,2025-09-22,1.35,18,18
2162682,2025-09-26,2.8526315789473684,19,19
2162682,2025-09-30,5.7823529411764705,17,17
2162682,2025-10-04,4.1875,16,16
2162682,2025-10-08,4.220000000000001,20,20
2162682,2025-10-12,4.65,16,16
2162682,2025-10-16,8.120000000000001,10,10
2162682,2025-10-20,2.1846153846153844,13,13
2162682,2025-10-24,3.605555555555556,18,18
2162682,2025-10-28,3.8764705882352946,17,17
2162682,2025-11-01,3.5888888888888886,18,18
2162682,2025-11-05,4.416666666666667,18,18
2162682,2025-11-09,4.428571428571429,21,21
2162682,2025-11-13,10.223529411764707,17,17
2162682,2025-11-17,4.2700000000000005,20,20
2162682,2025-11-21,4.015789473684211,19,19
2162682,2025-11-25,2.14,15,15
2162682,2025-11-29,37.050000000000004,2,2
2162682,2025-12-03,5.91,20,20
2162682,2025-12-07,10.45,18,18
2162682,2025-12-11,12.694444444444445,18,18
2162682,2025-12-15,12.152941176470588,17,17
2162682,2025-12-19,11.6,19,19
2162682,2025-12-23,12.68421052631579,19,19
2162682,2025-12-27,12.988888888888889,18,18
2162682,2025-12-31,10.336842105263159,19,19
5529,2025-01-01,6.533333333333334,24,24
5529,2025-01-05,6.229166666666667,24,24
5529,2025-01-09,4.195833333333334,24,24
5529,2025-01-13,2.6666666666666665,24,24
5529,2025-01-17,4.3625,24,24
5529,2025-01-21,6.2749999999999995,24,24
5529,2025-01-25,8.674999999999999,24,24
5529,2025-01-29,4.3625,24,24
5529,2025-02-02,5.0375000000000005,24,24
5529,2025-02-06,5.625,24,24
5529,2025-02-10,3.4916666666666667,24,24
5529,2025-02-14,7.3,24,24
5529,2025-02-18,6.235,20,20
5529,2025-02-22,4.391666666666667,24,24
5529,2025-02-26,4.258333333333334,24,24
5529,2025-03-02,6.125,24,24
5529,2025-03-06,2.6217391304347823,23,23
5529,2025-03-10,4.58,15,24
5529,2025-03-14,3.641666666666667,24,24
5529,2025-03-18,7.916666666666667,24,24
5529,2025-03-22,3.475,24,24
5529,2025-03-26,4.195833333333334,24,24
5529,2025-03-30,2.795833333333333,24,24
5529,2025-04-03,1.5374999999999999,24,24
5529,2025-04-07,7.0874999999999995,24,24
5529,2025-04-11,3.095833333333333,24,24
5529,2025-04-15,3.1999999999999997,24,24
5529,2025-04-19,6.745833333333334,24,24
5529,2025-04-23,4.058333333333334,24,24
5529,2025-04-27,3.639130434782609,23,23
5529,2025-05-01,3.8782608695652177,23,23
5529,2025-05-05,4.083333333333333,24,24
5529,2025-05-09,4.345833333333333,24,24
5529,2025-05-13,3.1166666666666667,24,24
5529,2025-05-17,3.3499999999999996,24,24
5529,2025-05-21,3.5416666666666665,24,24
5529,2025-05-25,7.875,24,24
5529,2025-05-29,3.3874999999999997,24,24
5529,2025-06-02,3.2083333333333335,24,24
5529,2025-06-06,4.245833333333334,24,24
5529,2025-06-10,2.5083333333333333,24,24
5529,2025-06-14,4.754166666666666,24,24
5529,2025-06-18,7.625,24,24
5529,2025-06-22,4.25,24,24
5529,2025-06-26,3.2458333333333336,24,24
5529,2025-06-30,2.533333333333333,24,24
5529,2025-07-04,1.934782608695652,23,24
5529,2025-07-08,5.858333333333333,24,24
5529,2025-07-12,4.091666666666667,24,24
5529,2025-07-16,8.895833333333334,24,24
5529,2025-07-20,5.8500000000000005,24,24
5529,2025-07-24,4.0125,24,24
5529,2025-07-28,2.4875000000000003,24,24
5529,2025-08-01,3.329166666666667,24,24
5529,2025-08-05,3.8208333333333333,24,24
5529,2025-08-09,4.339130434782609,23,23
5529,2025-08-13,4.116666666666666,24,24
5529,2025-08-17,8.691666666666666,24,24
5529,2025-08-21,3.6958333333333333,24,24
5529,2025-08-25,6.641666666666667,24,24
5529,2025-08-29,4.029166666666667,24,24
5529,2025-09-02,6.904166666666666,24,24
5529,2025-09-06,7.9750000000000005,24,24
5529,2025-09-10,7.541666666666667,24,24
5529,2025-09-14,5.1125,24,24
5529,2025-09-18,9.395833333333334,24,24
5529,2025-09-22,6.7375,24,24
5529,2025-09-26,15.979166666666666,24,24
5529,2025-09-30,4.433333333333334,24,24
5529,2025-10-04,6.8999999999999995,24,24
5529,2025-10-08,11.420833333333334,24,24
5529,2025-10-12,10.673913043478262,23,23
5529,2025-10-16,5.1125,24,24
5529,2025-10-20,6.615,20,20
5529,2025-10-24,13.595833333333333,24,24
5529,2025-10-28,16.241666666666667,24,24
5529,2025-11-01,5.679166666666667,24,24
5529,2025-11-05,5.145833333333333,24,24
5529,2025-11-09,7.133333333333333,24,24
5529,2025-11-13,6.6499999999999995,24,24
5529,2025-11-17,4.895833333333333,24,24
5529,2025-11-21,5.7625,24,24
5529,2025-11-25,6.779166666666666,24,24
5529,2025-11-29,7.25,24,24
5529,2025-12-03,4.05,24,24
5529,2025-12-07,4.116666666666666,24,24
5529,2025-12-11,3.5083333333333333,24,24
5529,2025-12-15,6.954166666666667,24,24
5529,2025-12-19,5.258333333333334,24,24
5529,2025-12-23,6.495833333333334,24,24
5529,2025-12-27,4.75,24,24
5529,2025-12-31,7.3875,24,24
45032,2025-01-01,17.91304347826087,23,23
45032,2025-01-05,17.6,5,5
45032,2025-01-09,15.958333333333334,24,24
45032,2025-01-17,14.291666666666666,24,24
45032,2025-01-25,14.166666666666666,24,24
45032,2025-02-02,13.125,24,24
45032,2025-02-10,16.0,16,16
45032,2025-02-18,17.125,24,24
45032,2025-02-26,17.0,2,2
45032,2025-03-06,15.0,5,5
45032,2025-03-14,17.42105263157895,19,19
45032,2025-03-22,14.0,10,10
45032,2025-03-26,30.294117647058822,17,17
45032,2025-03-30,12.25,24,24
45032,2025-04-03,17.125,24,24
45032,2025-04-07,15.833333333333334,24,24
45032,2025-04-11,16.166666666666668,24,24
45032,2025-04-15,14.75,24,24
45032,2025-04-19,16.041666666666668,24,24
45032,2025-04-23,17.041666666666668,24,24
45032,2025-04-27,14.708333333333334,24,24
45032,2025-05-01,16.333333333333332,24,24
45032,2025-05-05,15.416666666666666,24,24
45032,2025-05-09,16.25,24,24
45032,2025-05-13,34.208333333333336,24,24
45032,2025-05-17,12.083333333333334,24,24
45032,2025-05-21,22.916666666666668,24,24
45032,2025-05-25,20.75,24,24
45032,2025-05-29,56.208333333333336,24,24
45032,2025-06-02,47.291666666666664,24,24
45032,2025-06-06,38.333333333333336,24,24
45032,2025-06-10,52.333333333333336,24,24
45032,2025-06-14,18.05,20,20
45032,2025-06-18,46.041666666666664,24,24
45032,2025-06-22,19.666666666666668,24,24
45032,2025-06-30,41.625,24,24
45032,2025-07-04,85.08333333333333,24,24
45032,2025-07-08,17.583333333333332,24,24
45032,2025-07-12,14.333333333333334,24,24
45032,2025-07-16,50.625,24,24
45032,2025-07-20,43.333333333333336,24,24
45032,2025-07-24,16.958333333333332,24,24
45032,2025-07-28,11.958333333333334,24,24
45032,2025-08-01,13.25,24,24
45032,2025-08-05,24.541666666666668,24,24
45032,2025-08-09,24.583333333333332,24,24
45032,2025-08-13,14.375,24,24
45032,2025-08-17,20.166666666666668,24,24
45032,2025-08-21,11.416666666666666,24,24
45032,2025-08-25,11.0,8,8
45032,2025-08-29,19.416666666666668,24,24
45032,2025-09-02,12.958333333333334,24,24
45032,2025-09-06,19.5,24,24
45032,2025-09-10,16.75,24,24
45032,2025-09-14,24.041666666666668,24,24
45032,2025-09-18,13.666666666666666,24,24
45032,2025-09-22,11.666666666666666,24,24
45032,2025-09-26,11.5625,16,16
45032,2025-09-30,23.541666666666668,24,24
45032,2025-10-04,11.166666666666666,24,24
45032,2025-10-08,20.125,24,24
45032,2025-10-12,14.375,24,24
45032,2025-10-16,15.75,24,24
45032,2025-10-20,15.25,24,24
45032,2025-10-28,17.22222222222222,9,9
45032,2025-11-01,12.454545454545455,11,11
45032,2025-11-05,17.958333333333332,24,24
45032,2025-11-09,11.458333333333334,24,24
45032,2025-11-17,15.875,24,24
45032,2025-11-21,11.916666666666666,24,24
45032,2025-11-25,20.416666666666668,24,24
45032,2025-11-29,12.217391304347826,23,23
45032,2025-12-03,12.478260869565217,23,23
45032,2025-12-07,18.583333333333332,24,24
45032,2025-12-15,12.708333333333334,24,24
45032,2025-12-19,11.333333333333334,6,6
45032,2025-12-23,11.916666666666666,24,24
45032,2025-12-31,14.875,8,8
10495,2025-01-01,3.785270529411765,17,22
10495,2025-01-05,17.028643416666668,24,24
10495,2025-01-09,4.617344666666667,18,24
10495,2025-01-13,17.533179,23,24
10495,2025-01-17,11.72161960869565,23,24
10495,2025-01-21,6.545194888888889,18,24
10495,2025-01-25,5.806142666666666,21,24
10495,2025-01-29,2.7155880476190477,21,24
10495,2025-02-02,7.013653869565218,23,24
10495,2025-02-06,10.597110416666666,24,24
10495,2025-02-10,6.668957416666667,24,24
10495,2025-02-14,13.969183041666668,24,24
10495,2025-02-18,22.151352333333335,24,24
10495,2025-02-22,21.59170920833333,24,24
10495,2025-02-26,5.839082666666666,24,24
10495,2025-03-02,9.291590823529411,17,21
10495,2025-03-06,6.862019,22,24
10495,2025-03-10,4.351911227272727,22,24
10495,2025-03-14,12.623429521739132,23,24
10495,2025-03-18,12.857015363636362,22,24
10495,2025-03-22,6.465656581818181,22,24
10495,2025-03-26,7.963283545454545,22,23
10495,2025-03-30,4.9760515,12,23
10495,2025-04-03,9.191816300000001,20,22
10495,2025-04-07,6.21395325,24,24
10495,2025-04-11,7.015549142857144,21,24
10495,2025-04-15,5.515722749999999,24,24
10495,2025-04-19,2.2259266,15,24
10495,2025-04-23,4.308286409090909,22,24
10495,2025-04-27,7.549764590909091,22,24
10495,2025-05-01,7.816714191304348,23,24
10495,2025-05-05,3.704793909090909,22,24
10495,2025-05-09,4.9122663181818185,22,24
10495,2025-05-13,5.849868,22,24
10495,2025-05-17,3.3999347777777778,18,23
10495,2025-05-21,1.4105119411764706,17,24
10495,2025-05-25,3.877849761904762,21,24
10495,2025-05-29,3.69819555,20,24
10495,2025-06-02,3.809934277777778,18,23
10495,2025-06-06,3.593310619047619,21,24
10495,2025-06-10,9.143523826086957,23,24
10495,2025-06-14,4.6337011666666665,24,24
10495,2025-06-18,2.760602611111111,18,24
10495,2025-06-22,4.145291125,24,24
10495,2025-06-26,4.435245708333333,24,24
10495,2025-06-30,2.5094359,20,24
10495,2025-07-04,2.9976652083333337,24,24
10495,2025-07-08,4.255930695652173,23,24
10495,2025-07-12,7.626444739130435,23,24
10495,2025-07-16,11.640350291666666,24,24
10495,2025-07-20,8.212256666666667,24,24
10495,2025-07-24,9.984066791666667,24,24
10495,2025-07-28,5.507555695652174,23,24
10495,2025-08-01,5.094002285714286,21,24
10495,2025-08-05,2.694234333333333,18,24
10495,2025-08-09,3.6568862083333333,24,24
10495,2025-08-13,3.669945521739131,23,24
10495,2025-08-17,3.6976276875,16,24
10495,2025-08-21,2.7785120625,16,24
10495,2025-08-25,3.248092,16,24
10495,2025-08-29,8.673247125,24,24
10495,2025-09-02,3.758867652173913,23,24
10495,2025-09-06,5.875807454545455,22,24
10495,2025-09-10,9.411965958333333,24,24
10495,2025-09-14,4.567921722222222,18,22
10495,2025-09-18,4.377638090909091,22,24
10495,2025-09-22,2.5312306,15,24
10495,2025-09-26,5.027633333333333,21,24
10495,2025-09-30,3.1646772857142857,21,24
10495,2025-10-04,3.792366416666667,12,24
10495,2025-10-08,5.03984,16,24
10495,2025-12-11,16.19745894,5,5
10495,2025-12-15,3.370140818181818,22,22
10495,2025-12-19,4.26468944,20,20
10495,2025-12-23,2.7016138888888888,18,18
10495,2025-12-27,11.178166414285714,21,21
10495,2025-12-31,15.956782675,24,24
922,2025-01-01,0.5416666666666666,24,24
922,2025-01-05,1.5833333333333333,24,24
922,2025-01-09,1.7916666666666667,24,24
922,2025-01-13,2.5416666666666665,24,24
922,2025-01-17,1.7916666666666667,24,24
922,2025-01-21,1.826086956521739,23,23
922,2025-01-25,2.4583333333333335,24,24
922,2025-01-29,2.8333333333333335,24,24
922,2025-02-02,1.3333333333333333,24,24
922,2025-02-06,1.0,24,24
922,2025-02-10,3.0833333333333335,24,24
922,2025-02-14,2.5833333333333335,24,24
922,2025-02-18,1.0,24,24
922,2025-02-22,2.8333333333333335,24,24
922,2025-02-26,2.4583333333333335,24,24
922,2025-03-02,2.0833333333333335,24,24
922,2025-03-06,0.9583333333333334,24,24
922,2025-03-10,1.375,24,24
922,2025-03-14,2.125,24,24
922,2025-03-18,1.125,24,24
922,2025-03-22,3.1666666666666665,24,24
922,2025-03-26,3.25,24,24
922,2025-03-30,1.7916666666666667,24,24
922,2025-04-03,0.8333333333333334,24,24
922,2025-04-07,2.0833333333333335,24,24
922,2025-04-11,2.8333333333333335,24,24
922,2025-04-15,0.3333333333333333,24,24
922,2025-04-19,1.0833333333333333,24,24
922,2025-04-23,2.7083333333333335,24,24
922,2025-04-27,2.4583333333333335,24,24
922,2025-05-01,2.3333333333333335,24,24
922,2025-05-05,2.25,24,24
922,2025-05-09,2.0869565217391304,23,23
922,2025-05-13,4.75,24,24
922,2025-05-17,3.0,6,6
922,2025-05-21,1.0833333333333333,24,24
922,2025-05-25,2.125,24,24
922,2025-05-29,12.291666666666666,24,24
922,2025-06-02,4.958333333333333,24,24
922,2025-06-06,51.130434782608695,23,23
922,2025-06-10,10.833333333333334,24,24
922,2025-06-14,2.4166666666666665,24,24
922,2025-06-18,15.541666666666666,24,24
922,2025-06-22,3.25,24,24
922,2025-06-26,4.958333333333333,24,24
922,2025-06-30,3.125,24,24
922,2025-07-04,4.708333333333333,24,24
922,2025-07-08,3.3333333333333335,24,24
922,2025-07-12,6.458333333333333,24,24
922,2025-07-16,0.6666666666666666,24,24
922,2025-07-20,4.666666666666667,24,24
922,2025-07-24,22.625,24,24
922,2025-07-28,8.869565217391305,23,23
922,2025-08-01,39.708333333333336,24,24
922,2025-08-05,10.916666666666666,24,24
922,2025-08-09,6.625,24,24
922,2025-08-13,5.875,24,24
922,2025-08-17,1.2916666666666667,24,24
922,2025-08-29,2.2083333333333335,24,24
922,2025-09-02,5.954545454545454,22,22
922,2025-09-06,0.25,24,24
922,2025-09-10,3.0833333333333335,24,24
922,2025-09-14,2.8333333333333335,24,24
922,2025-09-18,0.3333333333333333,24,24
922,2025-09-22,3.0833333333333335,24,24
922,2025-09-26,3.8333333333333335,24,24
922,2025-09-30,1.8333333333333333,24,24
922,2025-10-04,5.375,24,24
922,2025-10-08,0.75,24,24
922,2025-10-12,2.5416666666666665,24,24
922,2025-10-16,1.7083333333333333,24,24
922,2025-10-20,1.5,24,24
922,2025-10-24,0.3333333333333333,21,21
922,2025-10-28,1.6666666666666667,24,24
922,2025-11-01,0.3333333333333333,24,24
922,2025-11-05,1.0,24,24
922,2025-11-09,1.1666666666666667,24,24
922,2025-11-13,0.9375,16,16
922,2025-11-17,1.0,4,4
922,2025-11-21,1.65,20,20
922,2025-11-25,1.5833333333333333,24,24
922,2025-11-29,0.5833333333333334,24,24
922,2025-12-03,1.8333333333333333,24,24
922,2025-12-07,1.1111111111111112,18,18
922,2025-12-11,1.75,24,24
922,2025-12-15,1.1904761904761905,21,21
922,2025-12-19,2.5,24,24
922,2025-12-23,2.7916666666666665,24,24
922,2025-12-31,0.7272727272727273,11,11
7544,2025-01-01,47.0,1,1
7544,2025-01-09,7.0,1,1
7544,2025-01-13,3.0,1,1
7544,2025-01-17,7.0,1,1
7544,2025-01-21,13.0,1,1
7544,2025-01-25,24.0,1,1
7544,2025-02-02,15.0,1,1
7544,2025-02-06,29.0,1,1
7544,2025-02-14,5.0,1,1
7544,2025-02-18,19.0,1,1
7544,2025-02-22,22.0,1,1
7544,2025-02-26,6.0,1,1
7544,2025-03-02,6.0,1,1
7544,2025-03-06,24.0,1,1
7544,2025-03-10,5.0,1,1
7544,2025-03-14,7.0,1,1
7544,2025-03-18,7.0,1,1
7544,2025-03-22,10.0,1,1
7544,2025-03-26,7.0,1,1
7544,2025-03-30,7.0,1,1
7544,2025-04-03,10.0,1,1
7544,2025-04-07,8.0,1,1
7544,2025-04-11,9.0,1,1
7544,2025-04-15,7.0,1,1
7544,2025-04-19,4.0,1,1
7544,2025-04-23,5.0,1,1
7544,2025-04-27,5.0,1,1
7544,2025-05-01,11.0,1,1
7544,2025-05-05,7.0,1,1
7544,2025-05-09,7.0,1,1
7544,2025-05-17,6.0,1,1
7544,2025-05-21,4.0,1,1
7544,2025-05-25,6.0,1,1
7544,2025-05-29,9.0,1,1
7544,2025-06-02,4.0,1,1
7544,2025-06-06,9.0,1,1
7544,2025-06-10,14.0,1,1
7544,2025-06-14,24.0,1,1
7544,2025-06-18,11.0,1,1
7544,2025-06-22,15.0,1,1
7544,2025-06-26,11.0,1,1
7544,2025-06-30,9.0,1,1
7544,2025-07-04,12.0,1,1
7544,2025-07-08,8.0,1,1
7544,2025-07-12,9.0,1,1
7544,2025-07-16,9.0,1,1
7544,2025-07-20,9.0,1,1
7544,2025-07-24,7.0,1,1
7544,2025-07-28,7.0,1,1
7544,2025-08-05,5.0,1,1
7544,2025-08-09,10.0,1,1
7544,2025-08-13,22.0,1,1
7544,2025-08-17,15.0,1,1
7544,2025-08-21,6.0,1,1
7544,2025-08-25,8.0,1,1
7544,2025-08-29,8.0,1,1
7544,2025-09-02,4.0,1,1
7544,2025-09-06,7.0,1,1
7544,2025-09-10,5.0,1,1
7544,2025-09-14,6.0,1,1
7544,2025-09-18,7.0,1,1
7544,2025-09-22,7.0,1,1
7544,2025-09-26,5.0,1,1
7544,2025-09-30,9.0,1,1
7544,2025-10-04,6.0,1,1
7544,2025-10-08,6.0,1,1
7544,2025-10-12,11.0,1,1
7544,2025-10-16,8.0,1,1
7544,2025-10-20,11.0,1,1
7544,2025-10-24,6.0,1,1
7544,2025-10-28,9.0,1,1
7544,2025-11-01,9.0,1,1
7544,2025-11-05,12.0,1,1
7544,2025-11-09,13.0,1,1
7544,2025-11-13,17.0,1,1
7544,2025-11-17,5.0,1,1
7544,2025-11-21,3.0,1,1
7544,2025-11-25,4.0,1,1
7544,2025-11-29,13.0,1,1
7544,2025-12-03,15.0,1,1
7544,2025-12-07,16.0,1,1
7544,2025-12-11,24.0,1,1
7544,2025-12-15,31.0,1,1
7544,2025-12-19,21.0,1,1
7544,2025-12-23,6.0,1,1
7544,2025-12-27,12.0,1,1
7544,2025-12-31,15.0,1,1
7300,2025-01-01,12.35,24,24
7300,2025-01-05,23.09583333333333,24,24
7300,2025-01-09,7.276190476190477,21,21
7300,2025-01-13,41.199999999999996,24,24
7300,2025-01-17,23.395833333333332,24,24
7300,2025-01-21,9.770833333333334,24,24
7300,2025-01-25,3.920833333333333,24,24
7300,2025-01-29,13.754166666666668,24,24
7300,2025-02-02,20.841666666666665,24,24
7300,2025-02-06,15.741666666666667,24,24
7300,2025-02-10,24.254166666666666,24,24
7300,2025-02-14,19.037499999999998,24,24
7300,2025-02-18,7.416666666666667,24,24
7300,2025-02-22,15.15,24,24
7300,2025-02-26,8.325000000000001,24,24
7300,2025-03-02,7.091666666666666,24,24
7300,2025-03-06,6.779166666666666,24,24
7300,2025-03-10,9.816666666666666,24,24
7300,2025-03-14,31.404166666666665,24,24
7300,2025-03-18,19.395833333333332,24,24
7300,2025-03-22,9.179166666666667,24,24
7300,2025-03-26,17.770833333333332,24,24
7300,2025-03-30,4.1521739130434785,23,23
7300,2025-04-03,14.0,24,24
7300,2025-04-07,5.833333333333333,24,24
7300,2025-04-11,6.320833333333333,24,24
7300,2025-04-15,7.116666666666667,24,24
7300,2025-04-19,2.525,24,24
7300,2025-04-23,6.216666666666666,24,24
7300,2025-04-27,4.345833333333333,24,24
7300,2025-05-01,4.091666666666667,24,24
7300,2025-05-05,3.6869565217391305,23,23
7300,2025-05-09,2.3541666666666665,24,24
7300,2025-05-13,5.008333333333334,24,24
7300,2025-05-17,2.783333333333333,24,24
7300,2025-05-21,1.8666666666666665,24,24
7300,2025-05-25,5.25,24,24
7300,2025-05-29,1.5083333333333335,24,24
7300,2025-06-02,2.75,24,24
7300,2025-06-06,4.614285714285714,21,21
7300,2025-06-10,5.145833333333333,24,24
7300,2025-06-14,5.175,24,24
7300,2025-06-18,2.845833333333333,24,24
7300,2025-06-22,2.8000000000000003,24,24
7300,2025-06-26,7.858333333333333,24,24
7300,2025-06-30,1.6916666666666667,24,24
7300,2025-07-04,2.1416666666666666,24,24
7300,2025-07-08,2.6750000000000003,24,24
7300,2025-07-12,5.9624999999999995,24,24
7300,2025-07-16,11.375,24,24
7300,2025-07-20,11.362499999999999,24,24
7300,2025-07-24,10.254166666666666,24,24
7300,2025-07-28,2.3625000000000003,24,24
7300,2025-08-01,6.891666666666667,24,24
7300,2025-08-05,2.891666666666667,24,24
7300,2025-08-09,3.8625000000000003,24,24
7300,2025-08-13,5.258333333333334,24,24
7300,2025-08-17,1.0791666666666666,24,24
7300,2025-08-21,1.0125,24,24
7300,2025-08-25,1.2583333333333333,24,24
7300,2025-08-29,11.025,24,24
7300,2025-09-02,4.220833333333333,24,24
7300,2025-09-06,3.841666666666667,24,24
7300,2025-09-10,13.387500000000001,24,24
7300,2025-09-14,2.733333333333333,24,24
7300,2025-09-18,3.704166666666667,24,24
7300,2025-09-22,1.8,24,24
7300,2025-09-26,7.175,24,24
7300,2025-09-30,4.520833333333333,24,24
7300,2025-10-04,1.75,24,24
7300,2025-10-08,3.4958333333333336,24,24
7300,2025-12-11,19.150000000000002,6,6
7300,2025-12-15,6.554166666666667,24,24
7300,2025-12-19,2.9565217391304346,23,23
7300,2025-12-23,7.795833333333333,24,24
7300,2025-12-27,9.5,24,24
7300,2025-12-31,13.825000000000001,24,24
8100,2025-01-05,18.0708,2,2
8100,2025-01-09,2.9304,1,1
8100,2025-01-21,1.9536000000000002,2,2
8100,2025-01-25,2.1978,1,1
8100,2025-01-29,2.442,1,1
8100,2025-02-02,3.0117999999999996,3,3
8100,2025-02-06,2.849,3,3
8100,2025-02-14,2.6048,3,3
8100,2025-02-18,2.6862,2,2
8100,2025-02-22,2.9304,2,2
8100,2025-02-26,2.6862,1,1
8100,2025-03-10,2.86935,4,4
8100,2025-03-14,3.9072,1,1
8100,2025-03-18,3.9886,3,3
8100,2025-03-22,3.7851,4,4
8100,2025-03-26,1.8315,2,2
8100,2025-03-30,3.4188,2,2
8100,2025-04-03,3.3374,3,3
8100,2025-04-07,1.9536,1,1
8100,2025-04-11,3.9072,1,1
8100,2025-04-15,1.7094,1,1
8100,2025-04-19,4.884,1,1
8100,2025-04-27,2.1978,1,1
8100,2025-05-09,3.56532,5,5
8100,2025-05-13,3.4536857142857142,7,7
8100,2025-05-17,2.6048,6,6
8100,2025-05-21,3.5816,3,3
8100,2025-05-25,1.8315000000000001,2,2
8100,2025-05-29,3.11355,4,4
8100,2025-06-02,8.0586,1,1
8100,2025-06-06,20.1465,2,2
8100,2025-06-10,18.315,1,1
8100,2025-06-14,7.5702,3,3
8100,2025-06-18,5.8608,2,2
8100,2025-06-22,12.06348,5,5
8100,2025-06-30,4.1514,6,6
8100,2025-07-04,5.8608,6,6
8100,2025-07-08,3.9682500000000003,4,4
8100,2025-07-12,5.06715,4,4
8100,2025-08-01,3.8723142857142854,7,7
8100,2025-08-05,2.6862,6,6
8100,2025-08-09,2.8897,6,6
8100,2025-08-13,3.8583600000000002,5,5
8100,2025-08-17,2.3606,3,3
8100,2025-08-21,2.7167250000000003,8,8
8100,2025-08-25,2.4827,6,6
8100,2025-09-02,2.6862,2,2
8100,2025-09-06,2.442,2,2
8100,2025-09-10,1.4652,1,1
8100,2025-09-30,3.4188,1,1
8100,2025-10-04,3.1746,1,1
8100,2025-10-08,3.4188,1,1
8100,2025-10-12,1.4652,1,1
8100,2025-10-16,3.1746,1,1
8100,2025-10-20,2.8083,4,4
8100,2025-10-24,2.5234,3,3
8100,2025-10-28,0.7326,1,1
8100,2025-11-01,3.9072,4,4
8100,2025-11-05,1.9536000000000002,2,2
8100,2025-11-09,2.035,3,3
8100,2025-11-13,2.9303999999999997,2,2
8100,2025-11-17,2.3199,4,4
8100,2025-11-21,2.9303999999999997,2,2
8100,2025-11-25,3.4187999999999996,3,3
8100,2025-12-03,2.849,3,3
8100,2025-12-07,3.4188,2,2
8100,2025-12-11,2.6862000000000004,5,5
8100,2025-12-15,2.8083,2,2
8100,2025-12-23,3.1746,2,2
8100,2025-12-27,3.663,1,1
8100,2025-12-31,2.442,1,1
808,2025-01-01,19.458333333333332,24,24
808,2025-01-05,19.125,24,24
808,2025-01-09,16.208333333333332,24,24
808,2025-01-13,17.291666666666668,24,24
808,2025-01-17,15.0,24,24
808,2025-01-21,14.416666666666666,24,24
808,2025-01-25,16.958333333333332,24,24
808,2025-01-29,19.708333333333332,24,24
808,2025-02-02,14.541666666666666,24,24
808,2025-02-06,16.5,24,24
808,2025-02-10,22.5,24,24
808,2025-02-14,18.125,24,24
808,2025-02-18,21.083333333333332,24,24
808,2025-02-22,16.666666666666668,24,24
808,2025-02-26,23.7,20,20
808,2025-03-02,15.5,24,24
808,2025-03-06,16.875,24,24
808,2025-03-10,16.541666666666668,24,24
808,2025-03-14,22.708333333333332,24,24
808,2025-03-18,21.75,24,24
808,2025-03-22,18.666666666666668,24,24
808,2025-03-26,35.416666666666664,24,24
808,2025-03-30,18.041666666666668,24,24
808,2025-04-03,21.083333333333332,24,24
808,2025-04-07,28.916666666666668,24,24
808,2025-04-11,29.833333333333332,24,24
808,2025-04-15,19.041666666666668,24,24
808,2025-04-19,27.416666666666668,24,24
808,2025-04-23,18.958333333333332,24,24
808,2025-04-27,23.958333333333332,24,24
808,2025-05-01,20.5,24,24
808,2025-05-05,29.875,24,24
808,2025-05-09,21.208333333333332,24,24
808,2025-05-13,47.166666666666664,24,24
808,2025-05-17,19.0,24,24
808,2025-05-21,46.916666666666664,24,24
808,2025-05-25,49.125,24,24
808,2025-05-29,57.666666666666664,24,24
808,2025-06-02,51.458333333333336,24,24
808,2025-06-06,67.5,24,24
808,2025-06-10,76.75,24,24
808,2025-06-14,29.565217391304348,23,23
808,2025-06-18,58.583333333333336,24,24
808,2025-06-22,21.416666666666668,24,24
808,2025-06-26,51.625,24,24
808,2025-06-30,42.833333333333336,24,24
808,2025-07-04,74.25,24,24
808,2025-07-08,22.0,24,24
808,2025-07-12,31.708333333333332,24,24
808,2025-07-16,46.833333333333336,24,24
808,2025-07-20,46.333333333333336,24,24
808,2025-07-24,24.458333333333332,24,24
808,2025-07-28,17.833333333333332,24,24
808,2025-08-01,15.208333333333334,24,24
808,2025-08-05,48.791666666666664,24,24
808,2025-08-09,25.916666666666668,24,24
808,2025-08-13,23.666666666666668,24,24
808,2025-08-17,35.916666666666664,24,24
808,2025-08-21,15.583333333333334,24,24
808,2025-08-25,29.458333333333332,24,24
808,2025-08-29,21.0,24,24
808,2025-09-02,15.833333333333334,24,24
808,2025-09-06,23.041666666666668,24,24
808,2025-09-10,22.541666666666668,24,24
808,2025-09-14,25.25,24,24
808,2025-09-18,18.625,24,24
808,2025-09-22,16.875,24,24
808,2025-09-26,19.875,24,24
808,2025-09-30,14.041666666666666,24,24
808,2025-10-04,14.75,24,24
808,2025-10-08,17.208333333333332,24,24
808,2025-10-12,12.833333333333334,24,24
808,2025-10-16,15.041666666666666,24,24
808,2025-10-20,14.541666666666666,24,24
808,2025-10-28,16.0,9,9
808,2025-11-01,15.125,24,24
808,2025-11-05,18.5,24,24
808,2025-11-09,16.875,24,24
808,2025-11-13,18.625,24,24
808,2025-11-17,18.958333333333332,24,24
808,2025-11-25,26.0,24,24
808,2025-11-29,16.375,24,24
808,2025-12-03,19.142857142857142,7,7
808,2025-12-11,15.166666666666666,24,24
808,2025-12-15,13.583333333333334,24,24
808,2025-12-19,15.458333333333334,24,24
808,2025-12-23,14.5,24,24
808,2025-12-27,15.0,24,24
808,2025-12-31,15.791666666666666,24,24
8132,2025-01-01,4.783333333333333,24,24
8132,2025-01-05,3.3958333333333335,24,24
8132,2025-01-09,1.5291666666666668,24,24
8132,2025-01-13,8.658333333333333,24,24
8132,2025-01-17,14.766666666666666,24,24
8132,2025-01-21,5.9125000000000005,24,24
8132,2025-01-25,7.904166666666666,24,24
8132,2025-01-29,3.295833333333333,24,24
8132,2025-02-02,2.966666666666667,24,24
8132,2025-02-06,5.916666666666667,24,24
8132,2025-02-10,7.041666666666667,24,24
8132,2025-02-14,2.4875000000000003,24,24
8132,2025-02-18,2.6666666666666665,24,24
8132,2025-02-22,5.345833333333334,24,24
8132,2025-02-26,5.216666666666667,24,24
8132,2025-03-02,2.6416666666666666,24,24
8132,2025-03-06,3.154166666666667,24,24
8132,2025-03-10,4.254545454545454,22,22
8132,2025-03-14,3.625,24,24
8132,2025-03-18,2.0875,24,24
8132,2025-03-22,2.2333333333333334,24,24
8132,2025-03-26,4.2250000000000005,24,24
8132,2025-03-30,3.5541666666666667,24,24
8132,2025-04-03,3.720833333333333,24,24
8132,2025-04-07,2.858333333333333,24,24
8132,2025-04-11,4.366666666666666,3,3
8132,2025-04-15,5.3,1,1
8132,2025-04-19,5.85,2,2
8132,2025-04-23,2.6,3,3
8132,2025-04-27,0.6,3,3
8132,2025-05-01,2.6,2,2
8132,2025-05-05,2.65,4,4
8132,2025-05-09,0.7000000000000001,3,3
8132,2025-05-13,2.4749999999999996,4,4
8132,2025-05-17,2.625,4,4
8132,2025-05-21,2.1,3,3
8132,2025-05-25,0.5,3,3
8132,2025-05-29,5.4,5,5
8132,2025-06-02,1.2,1,1
8132,2025-06-06,20.933333333333334,6,6
8132,2025-06-10,4.992307692307692,13,13
8132,2025-06-14,3.4166666666666665,24,24
8132,2025-06-18,2.4291666666666667,24,24
8132,2025-06-22,8.166666666666666,24,24
8132,2025-06-26,2.766666666666667,24,24
8132,2025-06-30,4.958333333333333,24,24
8132,2025-07-04,6.375,24,24
8132,2025-07-08,2.9583333333333335,24,24
8132,2025-07-12,3.454166666666667,24,24
8132,2025-07-16,26.099999999999998,24,24
8132,2025-07-20,3.9125,24,24
8132,2025-07-24,4.570833333333334,24,24
8132,2025-07-28,20.354166666666668,24,24
8132,2025-08-01,2.3000000000000003,24,24
8132,2025-08-05,3.0500000000000003,24,24
8132,2025-08-09,7.279166666666666,24,24
8132,2025-08-13,12.875,24,24
8132,2025-08-17,3.7375000000000003,24,24
8132,2025-08-21,4.633333333333334,24,24
8132,2025-08-25,3.5375,24,24
8132,2025-08-29,3.2291666666666665,24,24
8132,2025-09-02,4.779166666666667,24,24
8132,2025-09-06,5.783333333333334,24,24
8132,2025-09-10,3.35,24,24
8132,2025-09-14,3.454166666666667,24,24
8132,2025-09-18,3.3666666666666667,24,24
8132,2025-09-22,2.2041666666666666,24,24
8132,2025-09-26,2.129166666666667,24,24
8132,2025-09-30,2.5,24,24
8132,2025-10-04,4.4750000000000005,24,24
8132,2025-10-08,2.8000000000000003,24,24
8132,2025-10-12,3.1166666666666667,24,24
8132,2025-10-16,1.9916666666666665,24,24
8132,2025-10-20,3.2874999999999996,24,24
8132,2025-10-24,4.716666666666667,24,24
8132,2025-10-28,2.4541666666666666,24,24
8132,2025-11-01,0.6916666666666668,24,24
8132,2025-11-05,1.4375,24,24
8132,2025-11-09,2.8874999999999997,24,24
8132,2025-11-13,4.357142857142857,21,21
8132,2025-11-17,1.3333333333333333,9,9
8132,2025-11-21,7.583333333333333,24,24
8132,2025-11-25,6.320833333333333,24,24
8132,2025-11-29,1.3333333333333333,24,24
8132,2025-12-03,3.095833333333333,24,24
8132,2025-12-07,4.404166666666667,24,24
8132,2025-12-11,3.283333333333333,24,24
8132,2025-12-15,1.883333333333333,24,24
8132,2025-12-19,4.533333333333333,24,24
8132,2025-12-23,3.466666666666667,24,24
8132,2025-12-27,3.170833333333333,24,24
8132,2025-12-31,4.616666666666666,24,24
4479805,2025-05-21,5.96,4,4
4479805,2025-05-25,4.624,5,5
4479805,2025-05-29,2.692857142857143,7,7
4479805,2025-06-02,5.780555555555555,18,18
4479805,2025-06-06,2.60578947368421,19,19
4479805,2025-06-10,1.728235294117647,17,17
4479805,2025-06-14,5.7275,16,16
4479805,2025-06-18,3.935833333333333,12,12
4479805,2025-06-22,3.38,13,13
4479805,2025-06-26,4.718125,16,16
4479805,2025-06-30,2.922857142857143,21,21
4479805,2025-07-04,5.0195,20,20
4479805,2025-07-08,3.4118749999999998,16,16
4479805,2025-07-12,5.77,1,1
4479805,2025-07-16,3.045,2,2
4479805,2025-07-20,2.37,4,4
4479805,2025-07-24,15.985454545454546,11,11
4479805,2025-07-28,2.125,6,6
4479805,2025-08-01,4.694166666666667,12,12
4479805,2025-08-05,8.41,12,12
4479805,2025-08-09,8.637777777777778,9,9
4479805,2025-08-13,6.251428571428571,14,14
4479805,2025-08-17,10.2775,12,12
4479805,2025-08-21,5.2128571428571435,14,14
4479805,2025-08-25,6.843636363636364,11,11
4479805,2025-08-29,3.1072727272727274,11,11
4479805,2025-09-02,2.755,4,4
4479805,2025-09-06,3.9133333333333336,6,6
4479805,2025-09-10,1.15,1,1
4479805,2025-09-14,2.4266666666666667,3,3
4479805,2025-09-18,2.6525,4,4
4479805,2025-09-22,4.57,2,2
4479805,2025-09-26,2.575,2,2
4479805,2025-09-30,3.8866666666666667,3,3
4479805,2025-10-04,6.12,5,5
4479805,2025-10-08,7.233333333333333,3,3
4479805,2025-10-12,10.315,2,2
4479805,2025-10-20,3.15,1,1
4479805,2025-10-24,7.7250000000000005,12,12
4479805,2025-10-28,8.63,3,3
4479805,2025-11-01,6.068888888888889,9,9
4479805,2025-11-05,2.0075000000000003,4,4
4479805,2025-11-09,4.66,4,4
4479805,2025-11-13,5.7700000000000005,5,5
4479805,2025-11-17,9.426666666666668,9,9
4479805,2025-11-21,6.648571428571429,7,7
4479805,2025-11-25,9.056666666666667,6,6
4479805,2025-11-29,17.06,2,2
4479805,2025-12-03,7.017777777777778,9,9
4479805,2025-12-07,4.122,5,5
4479805,2025-12-11,11.998571428571427,7,7
4479805,2025-12-15,1.6166666666666665,3,3
4479805,2025-12-19,4.253333333333333,3,3
4479805,2025-12-23,17.364,10,10
4479805,2025-12-27,18.955,4,4
4479805,2025-12-31,13.78,4,4
1541053,2025-01-01,172.37729166666676,4,4
1541053,2025-01-05,21.59705,20,20
1541053,2025-01-09,15.907895603051157,23,23
1541053,2025-01-13,34.75594642986977,22,22
1541053,2025-01-17,45.42222916666671,24,24
1541053,2025-01-21,60.53890151515159,22,22
1541053,2025-01-25,28.96755072463765,23,23
1541053,2025-01-29,17.3610362318841,23,23
1541053,2025-02-02,49.4618125,24,24
1541053,2025-02-06,72.65507499999985,20,20
1541053,2025-02-10,25.42583593073582,22,22
1541053,2025-02-14,30.547824459500546,22,22
1541053,2025-02-18,42.568633313725336,21,21
1541053,2025-02-22,24.7580416666667,20,20
1541053,2025-02-26,34.53963194444437,24,24
1541053,2025-03-02,34.004318840579785,23,23
1541053,2025-03-06,38.03859848484845,22,22
1541053,2025-03-10,20.00881060606054,22,22
1541053,2025-03-14,6.629541666666671,24,24
1541053,2025-03-18,18.541181159420344,23,23
1541053,2025-03-22,25.679725490196,17,17
1541053,2025-03-26,29.296064814814777,18,18
1541053,2025-03-30,31.9683499999999,20,20
1541053,2025-04-03,27.114349206349193,21,21
1541053,2025-04-07,19.56798333333345,20,20
1541053,2025-04-11,18.645508771929805,19,19
1541053,2025-04-15,14.168474429347,14,14
1541053,2025-04-19,6.769826508605491,23,23
1541053,2025-04-23,14.584166666666643,14,14
1541053,2025-05-09,17.14826086956526,23,23
1541053,2025-05-13,16.440696969697026,22,22
1541053,2025-05-17,7.2992246376811645,23,23
1541053,2025-05-21,15.529348484848542,22,22
1541053,2025-05-25,10.295347826086966,23,23
1541053,2025-05-29,7.122037037037016,18,18
1541053,2025-06-02,10.128034690252237,19,19
1541053,2025-06-06,19.836867066466738,23,23
1541053,2025-06-10,14.218007936507966,21,21
1541053,2025-06-14,7.299184210526289,19,19
1541053,2025-06-18,13.61731884057971,23,23
1541053,2025-06-22,7.731768115942031,23,23
1541053,2025-06-26,21.666833333333134,17,17
1541053,2025-06-30,8.90225000000005,22,22
1541053,2025-08-25,3.8358030303029906,11,11
1541053,2025-08-29,5.7713239322086,20,20
1541053,2025-09-02,5.208027661198823,22,22
1541053,2025-09-06,10.365591632109412,23,23
1541053,2025-09-10,15.161515873015809,21,21
1541053,2025-09-14,7.8014920634920815,21,21
1541053,2025-09-18,6.406777777777767,18,18
1541053,2025-09-22,5.195492424242423,22,22
1541053,2025-09-26,6.369714285714286,21,21
1541053,2025-09-30,18.934066666666748,20,20
1541053,2025-10-04,18.89108333333333,18,18
1541053,2025-10-08,16.586740740740723,18,18
1541053,2025-11-21,21.787182539682572,21,21
1541053,2025-11-25,5.310138885205872,18,18
1541053,2025-11-29,38.4804301882703,20,20
3088324,2025-01-01,22.596075949367087,79,79
3088324,2025-01-05,46.33868852459016,61,61
3088324,2025-01-09,60.70924528301887,53,53
3088324,2025-01-13,59.44,8,8
3088324,2025-01-17,57.90195652173912,46,46
3088324,2025-01-21,26.22438596491228,57,57
3088324,2025-01-25,63.462888888888884,45,45
3088324,2025-01-29,64.61865384615385,52,52
3088324,2025-02-02,61.74769230769231,13,13
3088324,2025-02-06,23.09242424242424,33,33
3088324,2025-02-10,35.37824561403509,57,57
3088324,2025-02-14,59.76518987341772,79,79
3088324,2025-02-18,41.537058823529414,68,68
3088324,2025-02-22,25.462692307692308,52,52
3088324,2025-02-26,19.442340425531913,47,47
3088324,2025-03-02,22.14134328358209,67,67
3088324,2025-03-06,28.15627450980392,51,51
3088324,2025-03-10,38.04521739130435,46,46
3088324,2025-03-14,35.21438596491228,57,57
3088324,2025-03-18,33.735689655172415,58,58
3088324,2025-03-22,9.6184375,64,64
3088324,2025-03-26,16.07767857142857,56,56
3088324,2025-03-30,23.160344827586208,58,58
3088324,2025-04-03,7.68188679245283,53,53
3088324,2025-04-07,14.929508196721311,61,61
3088324,2025-04-11,10.752714285714287,70,70
3088324,2025-04-15,10.684761904761904,63,63
3088324,2025-04-19,13.011304347826087,46,46
3088324,2025-04-23,17.633125,48,48
3088324,2025-04-27,9.787377049180327,61,61
3088324,2025-05-01,36.53405405405405,37,37
3088324,2025-05-05,11.185625,48,48
3088324,2025-05-09,19.463333333333335,51,51
3088324,2025-05-13,15.734054054054052,37,37
3088324,2025-05-17,11.1752,50,50
3088324,2025-05-21,11.094666666666667,15,15
3088324,2025-05-25,9.726111111111111,36,36
3088324,2025-05-29,13.08911111111111,45,45
3088324,2025-06-02,12.820188679245284,53,53
3088324,2025-06-06,11.956969696969697,33,33
3088324,2025-06-10,13.977027027027026,37,37
3088324,2025-06-14,15.600555555555555,36,36
3088324,2025-06-18,8.145999999999999,30,30
3088324,2025-06-22,11.993013698630136,73,73
3088324,2025-06-26,11.233658536585365,41,41
3088324,2025-06-30,9.195454545454545,33,33
3088324,2025-07-04,9.755714285714285,49,49
3088324,2025-07-08,10.833939393939394,33,33
3088324,2025-07-12,13.624305555555557,72,72
3088324,2025-07-16,12.98703125,64,64
3088324,2025-07-20,13.087719298245615,57,57
3088324,2025-07-24,17.55257142857143,70,70
3088324,2025-07-28,21.96514705882353,68,68
3088324,2025-08-01,22.80354430379747,79,79
3088324,2025-08-05,16.72742857142857,70,70
3088324,2025-08-09,18.605138888888888,72,72
3088324,2025-08-13,14.226962025316457,79,79
3088324,2025-08-17,10.82304347826087,69,69
3088324,2025-08-21,15.041641791044775,67,67
3088324,2025-08-25,18.0,48,48
3088324,2025-08-29,19.577115384615386,52,52
3088324,2025-09-02,14.342571428571429,35,35
3088324,2025-09-06,15.786136363636365,44,44
3088324,2025-09-10,13.270000000000001,6,6
3088324,2025-09-14,8.482916666666666,72,72
3088324,2025-09-18,13.751147540983608,61,61
3088324,2025-09-22,9.673870967741935,62,62
3088324,2025-09-26,13.57609375,64,64
3088324,2025-09-30,17.34561403508772,57,57
3088324,2025-10-04,22.083623188405795,69,69
3088324,2025-10-08,22.392083333333332,48,48
3088324,2025-10-12,14.259361702127658,47,47
3088324,2025-10-16,21.152698412698413,63,63
3088324,2025-10-20,24.1375,44,44
3088324,2025-10-24,23.502,15,15
3088324,2025-10-28,31.63639344262295,61,61
3088324,2025-11-01,43.749589041095895,73,73
3088324,2025-11-05,53.434666666666665,75,75
3088324,2025-11-09,36.411159420289856,69,69
3088324,2025-11-13,44.88407407407407,27,27
3088324,2025-11-17,36.72121212121212,66,66
3088324,2025-11-21,78.9027868852459,61,61
3088324,2025-11-25,126.42585714285714,70,70
3088324,2025-11-29,109.48810344827587,58,58
3088324,2025-12-03,53.9489393939394,66,66
3088324,2025-12-07,177.97207547169813,53,53
3088324,2025-12-11,38.08316666666666,60,60
3088324,2025-12-15,28.880232558139532,43,43
3088324,2025-12-19,77.15109090909091,55,55
3088324,2025-12-23,106.19234042553191,47,47
3088324,2025-12-27,48.623492063492066,63,63
3088324,2025-12-31,31.29283333333333,60,60
2302,2025-01-01,25.65416666666667,24,24
2302,2025-01-05,8.943333333333333,24,24
2302,2025-01-29,27.479583333333334,24,24
2302,2025-02-02,44.70777777777778,9,9
2302,2025-02-06,32.7425,24,24
2302,2025-02-14,23.784347826086954,23,23
2302,2025-02-18,17.704166666666666,24,24
2302,2025-02-22,20.28291666666667,24,24
2302,2025-02-26,19.594166666666666,24,24
2302,2025-03-02,17.230416666666667,24,24
2302,2025-03-06,16.55782608695652,23,23
2302,2025-03-10,13.658333333333333,24,24
2302,2025-03-14,14.687916666666666,24,24
2302,2025-03-18,9.458695652173914,23,23
2302,2025-03-22,7.98875,24,24
2302,2025-03-26,9.181666666666667,24,24
2302,2025-03-30,8.894583333333333,24,24
2302,2025-04-03,7.035416666666666,24,24
2302,2025-04-07,6.7175,24,24
2302,2025-04-11,8.47391304347826,23,23
2302,2025-04-15,7.908333333333334,24,24
2302,2025-04-19,18.670833333333334,24,24
2302,2025-04-23,23.412916666666664,24,24
2302,2025-04-27,26.2875,4,4
2302,2025-05-05,18.68125,8,8
2302,2025-05-09,18.603749999999998,8,8
2302,2025-05-13,19.476666666666667,9,9
2302,2025-05-17,24.492500000000003,24,24
2302,2025-05-21,26.89708333333333,24,24
2302,2025-06-06,13.165416666666667,24,24
2302,2025-06-10,21.28125,24,24
2302,2025-06-14,14.747916666666667,24,24
2302,2025-06-18,15.634166666666667,24,24
2302,2025-06-22,11.235,24,24
2302,2025-06-26,17.117083333333333,24,24
2302,2025-06-30,7.009583333333333,24,24
2302,2025-07-16,15.304166666666667,24,24
2302,2025-07-20,20.467916666666667,24,24
2302,2025-07-24,16.695833333333333,24,24
2302,2025-07-28,10.89625,24,24
2302,2025-08-01,6.957083333333333,24,24
2302,2025-08-05,8.7775,24,24
2302,2025-08-17,17.274583333333336,24,24
2302,2025-08-21,11.932916666666666,24,24
2302,2025-08-25,14.318260869565217,23,23
2302,2025-08-29,8.143333333333333,24,24
2302,2025-09-02,10.564583333333333,24,24
2302,2025-09-06,6.5254166666666675,24,24
2302,2025-09-10,2.1322222222222225,9,9
2302,2025-10-12,48.38166666666667,24,24
2302,2025-10-16,21.345416666666665,24,24
2302,2025-10-20,27.25826086956522,23,23
2302,2025-10-24,28.887916666666666,24,24
2302,2025-10-28,30.81041666666667,24,24
2302,2025-11-01,35.60375,24,24
2302,2025-11-05,29.040000000000003,24,24
2302,2025-11-09,28.077083333333334,24,24
2302,2025-11-13,27.609166666666667,24,24
2302,2025-11-29,31.419166666666666,24,24
2302,2025-12-03,25.247500000000002,24,24
2302,2025-12-07,22.559583333333332,24,24
2302,2025-12-11,23.800833333333333,24,24
2302,2025-12-15,36.26083333333333,24,24
2302,2025-12-19,28.088333333333335,24,24
2302,2025-12-23,18.329166666666666,24,24
2302,2025-12-27,20.348333333333333,24,24
2302,2025-12-31,20.230416666666667,24,24
2527,2025-03-30,9.5,22,22
2527,2025-04-03,11.0,23,23
2527,2025-04-07,9.478260869565217,23,23
2527,2025-04-11,20.318181818181817,22,22
2527,2025-04-15,3.869565217391304,23,23
2527,2025-04-19,10.0,23,23
2527,2025-04-23,5.695652173913044,23,23
2527,2025-04-27,5.130434782608695,23,23
2527,2025-05-01,18.476190476190474,21,21
2527,2025-05-05,4.086956521739131,23,23
2527,2025-05-09,8.173913043478262,23,23
2527,2025-05-13,12.130434782608695,23,23
2527,2025-05-17,6.521739130434782,23,23
2527,2025-05-21,11.347826086956522,23,23
2527,2025-05-25,4.217391304347826,23,23
2527,2025-05-29,3.260869565217391,23,23
2527,2025-06-02,5.782608695652174,23,23
2527,2025-06-06,4.636363636363637,22,22
2527,2025-06-10,8.4,15,15
2527,2025-06-14,8.217391304347826,23,23
2527,2025-06-18,5.869565217391305,23,23
2527,2025-06-22,9.608695652173912,23,23
2527,2025-06-26,0.22727272727272727,22,22
2527,2025-06-30,5.086956521739131,23,23
2527,2025-07-04,6.043478260869565,23,23
2527,2025-07-08,3.0,23,23
2527,2025-07-12,10.130434782608695,23,23
2527,2025-07-16,3.739130434782609,23,23
2527,2025-07-20,4.695652173913044,23,23
2527,2025-07-24,20.782608695652176,23,23
2527,2025-07-28,4.434782608695652,23,23
2527,2025-08-01,3.217391304347826,23,23
2527,2025-08-05,5.130434782608695,23,23
2527,2025-08-09,8.304347826086957,23,23
2527,2025-08-13,20.26086956521739,23,23
2527,2025-08-17,12.956521739130435,23,23
2527,2025-08-21,5.608695652173913,23,23
2527,2025-08-25,8.73913043478261,23,23
2527,2025-08-29,3.6956521739130435,23,23
2527,2025-09-02,3.9565217391304346,23,23
2527,2025-09-06,4.391304347826087,23,23
2527,2025-09-10,0.782608695652174,23,23
2527,2025-09-14,4.782608695652174,23,23
2527,2025-09-18,7.434782608695652,23,23
2527,2025-09-22,3.782608695652174,23,23
2527,2025-09-26,6.0,23,23
2527,2025-09-30,6.173913043478261,23,23
2527,2025-10-04,3.9130434782608696,23,23
2527,2025-10-08,5.869565217391305,23,23
2527,2025-10-12,5.695652173913044,23,23
2527,2025-10-16,0.0,7,7
2527,2025-10-20,7.117647058823529,17,17
2527,2025-10-24,4.043478260869565,23,23
2527,2025-11-21,7.086956521739131,23,23
2527,2025-11-25,3.7916666666666665,24,24
2527,2025-11-29,5.625,24,24
2527,2025-12-03,8.083333333333334,24,24
2527,2025-12-07,6.666666666666667,24,24
2527,2025-12-11,11.227272727272727,22,22
2527,2025-12-15,4.5,24,24
2527,2025-12-19,6.454545454545454,22,22
2527,2025-12-23,16.625,24,24
2527,2025-12-27,4.708333333333333,24,24
2527,2025-12-31,22.083333333333332,24,24
3025593,2025-01-01,47.519999999999996,78,78
3025593,2025-01-05,50.660000000000004,62,62
3025593,2025-01-09,44.8886,50,50
3025593,2025-01-13,69.29125,8,8
3025593,2025-01-17,46.0296,50,50
3025593,2025-01-21,40.58052631578948,57,57
3025593,2025-01-29,38.35096153846154,52,52
3025593,2025-02-02,39.544117647058826,34,34
3025593,2025-02-06,42.39030303030303,33,33
3025593,2025-02-10,42.081896551724135,58,58
3025593,2025-02-14,32.84447368421053,76,76
3025593,2025-02-18,39.59742857142857,70,70
3025593,2025-02-22,51.285740740740735,54,54
3025593,2025-02-26,32.78585365853659,41,41
3025593,2025-03-02,31.93825396825397,63,63
3025593,2025-03-06,18.10607843137255,51,51
3025593,2025-03-10,26.500384615384615,52,52
3025593,2025-03-14,22.676333333333332,60,60
3025593,2025-03-18,22.336166666666667,60,60
3025593,2025-03-22,26.273818181818182,55,55
3025593,2025-03-26,29.477586206896554,58,58
3025593,2025-03-30,14.491875,64,64
3025593,2025-04-03,20.492093023255812,43,43
3025593,2025-04-07,20.42543859649123,57,57
3025593,2025-04-11,15.853880597014927,67,67
3025593,2025-04-15,22.892388059701492,67,67
3025593,2025-04-19,18.4796,50,50
3025593,2025-04-23,18.844791666666666,48,48
3025593,2025-04-27,20.55,60,60
3025593,2025-05-01,26.683636363636364,44,44
3025593,2025-05-05,18.204468085106384,47,47
3025593,2025-05-09,14.852592592592591,54,54
3025593,2025-05-13,16.109722222222224,36,36
3025593,2025-05-17,20.943392857142857,56,56
3025593,2025-05-21,17.068666666666665,15,15
3025593,2025-05-25,21.916666666666668,30,30
3025593,2025-05-29,17.38909090909091,44,44
3025593,2025-06-02,19.817692307692308,52,52
3025593,2025-06-06,21.496486486486486,37,37
3025593,2025-06-10,22.3159375,32,32
3025593,2025-06-14,18.91111111111111,27,27
3025593,2025-06-18,0.0,31,31
3025593,2025-06-22,0.0,70,70
3025593,2025-06-26,0.0,41,41
3025593,2025-06-30,0.0,45,45
3025593,2025-07-04,0.0,46,46
3025593,2025-07-08,0.0,36,36
3025593,2025-07-12,0.0,76,76
3025593,2025-07-16,0.0,67,67
3025593,2025-07-20,0.0,60,60
3025593,2025-07-24,0.0,72,72
3025593,2025-07-28,0.0,58,58
3025593,2025-08-01,0.0,82,82
3025593,2025-08-05,0.0,67,67
3025593,2025-08-09,0.0,77,77
3025593,2025-08-13,0.0,76,76
3025593,2025-08-17,0.0,77,77
3025593,2025-08-21,0.0,70,70
3025593,2025-08-25,0.0,46,46
3025593,2025-08-29,0.0,63,63
3025593,2025-09-02,0.0,64,64
3025593,2025-09-06,0.0,66,66
3025593,2025-09-10,0.0,18,18
3025593,2025-09-14,0.0,72,72
3025593,2025-09-18,18.99296875,64,64
3025593,2025-09-22,20.32951612903226,62,62
3025593,2025-09-26,13.596603773584906,53,53
3025593,2025-09-30,21.07622950819672,61,61
3025593,2025-10-04,16.037391304347825,69,69
3025593,2025-10-08,17.820243902439024,41,41
3025593,2025-10-12,23.193529411764704,51,51
3025593,2025-10-16,19.245,60,60
3025593,2025-10-20,13.00953488372093,43,43
3025593,2025-10-24,29.46875,8,8
3025593,2025-10-28,21.228166666666667,60,60
3025593,2025-11-01,16.104027777777777,72,72
3025593,2025-11-05,24.867714285714285,70,70
3025593,2025-11-09,19.48134328358209,67,67
3025593,2025-11-13,32.1975,16,16
3025593,2025-11-17,28.843731343283583,67,67
3025593,2025-11-21,26.159375,64,64
3025593,2025-11-25,27.048813559322035,59,59
3025593,2025-11-29,31.4265625,64,64
3025593,2025-12-03,29.117857142857144,70,70
3025593,2025-12-07,20.888196721311477,61,61
3025593,2025-12-11,23.696065573770493,61,61
3025593,2025-12-15,36.67585365853659,41,41
3025593,2025-12-19,23.914528301886794,53,53
3025593,2025-12-23,37.97818181818182,44,44
3025593,2025-12-27,28.85181818181818,66,66
3025593,2025-12-31,33.23268656716418,67,67
2517,2025-03-30,8.818181818181818,22,22
2517,2025-04-03,9.826086956521738,23,23
2517,2025-04-07,6.043478260869565,23,23
2517,2025-04-11,17.818181818181817,22,22
2517,2025-04-15,4.565217391304348,23,23
2517,2025-04-19,8.130434782608695,23,23
2517,2025-04-23,5.0,23,23
2517,2025-04-27,15.826086956521738,23,23
2517,2025-05-01,16.142857142857142,21,21
2517,2025-05-05,3.4782608695652173,23,23
2517,2025-05-09,6.043478260869565,23,23
2517,2025-05-13,7.130434782608695,23,23
2517,2025-05-17,8.217391304347826,23,23
2517,2025-05-21,11.434782608695652,23,23
2517,2025-05-25,5.260869565217392,23,23
2517,2025-05-29,4.086956521739131,23,23
2517,2025-06-02,5.0,23,23
2517,2025-06-06,2.227272727272727,22,22
2517,2025-06-10,9.133333333333333,15,15
2517,2025-06-14,7.130434782608695,23,23
2517,2025-06-18,7.304347826086956,23,23
2517,2025-06-22,9.73913043478261,23,23
2517,2025-06-26,2.8181818181818183,22,22
2517,2025-06-30,5.0,23,23
2517,2025-07-04,4.173913043478261,23,23
2517,2025-07-08,5.043478260869565,23,23
2517,2025-07-12,4.695652173913044,23,23
2517,2025-07-16,4.0,23,23
2517,2025-07-20,7.173913043478261,23,23
2517,2025-07-24,15.956521739130435,23,23
2517,2025-07-28,5.3478260869565215,23,23
2517,2025-08-01,3.4782608695652173,23,23
2517,2025-08-05,5.782608695652174,23,23
2517,2025-08-09,5.434782608695652,23,23
2517,2025-08-13,15.130434782608695,23,23
2517,2025-08-17,11.130434782608695,23,23
2517,2025-08-21,4.0,23,23
2517,2025-08-25,11.73913043478261,23,23
2517,2025-08-29,4.130434782608695,23,23
2517,2025-09-02,4.0,23,23
2517,2025-09-06,3.9130434782608696,23,23
2517,2025-09-10,3.0,23,23
2517,2025-09-14,3.8260869565217392,23,23
2517,2025-09-18,4.521739130434782,23,23
2517,2025-09-22,5.521739130434782,23,23
2517,2025-09-26,4.304347826086956,23,23
2517,2025-09-30,6.782608695652174,23,23
2517,2025-10-04,5.521739130434782,23,23
2517,2025-10-08,4.086956521739131,23,23
2517,2025-10-12,11.391304347826088,23,23
2517,2025-10-16,9.521739130434783,23,23
2517,2025-10-20,5.470588235294118,17,17
2517,2025-10-24,3.5652173913043477,23,23
2517,2025-11-21,7.434782608695652,23,23
2517,2025-11-25,3.6666666666666665,24,24
2517,2025-11-29,6.208333333333333,24,24
2517,2025-12-03,5.333333333333333,24,24
2517,2025-12-07,5.125,24,24
2517,2025-12-11,8.454545454545455,22,22
2517,2025-12-15,3.3333333333333335,24,24
2517,2025-12-19,5.2272727272727275,22,22
2517,2025-12-23,17.0,24,24
2517,2025-12-27,3.6666666666666665,24,24
2517,2025-12-31,10.708333333333334,24,24
45,2025-01-01,24.75,24,24
45,2025-01-05,24.875,24,24
45,2025-01-09,20.333333333333332,24,24
45,2025-01-13,21.291666666666668,24,24
45,2025-01-17,18.333333333333332,24,24
45,2025-01-21,26.041666666666668,24,24
45,2025-01-25,24.25,24,24
45,2025-01-29,21.875,24,24
45,2025-02-02,21.791666666666668,24,24
45,2025-02-06,19.5,24,24
45,2025-02-10,25.75,24,24
45,2025-02-14,25.625,24,24
45,2025-02-18,23.75,24,24
45,2025-02-22,24.291666666666668,24,24
45,2025-02-26,23.666666666666668,9,9
45,2025-03-02,19.416666666666668,24,24
45,2025-03-06,21.0,24,24
45,2025-03-10,23.208333333333332,24,24
45,2025-03-14,27.75,24,24
45,2025-03-18,17.916666666666668,24,24
45,2025-03-22,23.708333333333332,24,24
45,2025-03-26,28.0,24,24
45,2025-03-30,21.666666666666668,24,24
45,2025-04-03,23.666666666666668,24,24
45,2025-04-07,26.5,24,24
45,2025-04-11,28.666666666666668,24,24
45,2025-04-15,24.833333333333332,24,24
45,2025-04-19,30.166666666666668,24,24
45,2025-04-23,31.583333333333332,24,24
45,2025-04-27,36.5,24,24
45,2025-05-01,49.166666666666664,24,24
45,2025-05-05,31.125,24,24
45,2025-05-09,20.208333333333332,24,24
45,2025-05-13,60.833333333333336,24,24
45,2025-05-17,54.625,24,24
45,2025-05-21,40.5,24,24
45,2025-05-25,43.041666666666664,24,24
45,2025-05-29,43.083333333333336,24,24
45,2025-06-02,47.458333333333336,24,24
45,2025-06-06,71.45833333333333,24,24
45,2025-06-10,44.875,24,24
45,2025-06-14,33.416666666666664,24,24
45,2025-06-18,32.916666666666664,24,24
45,2025-06-22,37.125,24,24
45,2025-06-26,47.708333333333336,24,24
45,2025-06-30,51.333333333333336,24,24
45,2025-07-04,39.458333333333336,24,24
45,2025-07-08,42.125,24,24
45,2025-07-12,67.66666666666667,24,24
45,2025-07-16,71.5,24,24
45,2025-07-20,46.666666666666664,24,24
45,2025-07-24,51.125,24,24
45,2025-07-28,58.916666666666664,24,24
45,2025-08-01,19.375,24,24
45,2025-08-05,33.708333333333336,24,24
45,2025-08-09,41.125,24,24
45,2025-08-13,40.708333333333336,24,24
45,2025-08-17,31.333333333333332,24,24
45,2025-08-21,19.916666666666668,24,24
45,2025-08-25,21.166666666666668,24,24
45,2025-08-29,34.25,24,24
45,2025-09-02,31.333333333333332,24,24
45,2025-09-06,39.333333333333336,24,24
45,2025-09-10,24.0,24,24
45,2025-09-14,30.208333333333332,24,24
45,2025-09-18,48.166666666666664,24,24
45,2025-09-22,20.125,24,24
45,2025-09-26,23.125,24,24
45,2025-09-30,29.333333333333332,24,24
45,2025-10-04,21.041666666666668,24,24
45,2025-10-08,23.083333333333332,24,24
45,2025-10-12,23.583333333333332,24,24
45,2025-10-16,26.041666666666668,24,24
45,2025-10-20,26.833333333333332,24,24
45,2025-10-28,22.555555555555557,9,9
45,2025-11-01,24.5,24,24
45,2025-11-05,23.625,24,24
45,2025-11-09,23.791666666666668,24,24
45,2025-11-13,27.125,24,24
45,2025-11-17,25.375,24,24
45,2025-11-21,24.458333333333332,24,24
45,2025-11-25,28.916666666666668,24,24
45,2025-11-29,20.75,24,24
45,2025-12-03,23.833333333333332,24,24
45,2025-12-07,23.166666666666668,24,24
45,2025-12-11,21.708333333333332,24,24
45,2025-12-15,19.208333333333332,24,24
45,2025-12-19,25.166666666666668,24,24
45,2025-12-23,20.333333333333332,24,24
45,2025-12-27,23.333333333333332,24,24
45,2025-12-31,24.916666666666668,24,24
10614,2025-01-01,6.208333333333333,24,24
10614,2025-01-05,5.708333333333333,24,24
10614,2025-01-09,11.916666666666666,24,24
10614,2025-01-13,12.25,24,24
10614,2025-01-17,6.739130434782608,23,23
10614,2025-01-21,24.208333333333332,24,24
10614,2025-01-25,8.041666666666666,24,24
10614,2025-01-29,8.043478260869565,23,23
10614,2025-02-02,0.2916666666666667,24,24
10614,2025-02-06,1.0833333333333333,24,24
10614,2025-02-10,3.4583333333333335,24,24
10614,2025-02-14,0.4583333333333333,24,24
10614,2025-02-18,0.75,24,24
10614,2025-02-22,0.3333333333333333,24,24
10614,2025-02-26,8.73913043478261,23,23
10614,2025-03-02,12.875,24,24
10614,2025-03-06,1.0833333333333333,24,24
10614,2025-03-10,10.458333333333334,24,24
10614,2025-03-14,1.9166666666666667,24,24
10614,2025-03-18,11.791666666666666,24,24
10614,2025-03-22,11.458333333333334,24,24
10614,2025-03-26,22.916666666666668,24,24
10614,2025-03-30,0.30434782608695654,23,23
10614,2025-04-03,7.0,24,24
10614,2025-04-07,17.125,24,24
10614,2025-04-11,14.125,24,24
10614,2025-04-15,18.666666666666668,24,24
10614,2025-04-19,15.041666666666666,24,24
10614,2025-04-23,5.541666666666667,24,24
10614,2025-05-09,12.666666666666666,24,24
10614,2025-05-13,7.541666666666667,24,24
10614,2025-05-17,13.458333333333334,24,24
10614,2025-05-21,11.375,24,24
10614,2025-05-25,17.291666666666668,24,24
10614,2025-05-29,1.5833333333333333,24,24
10614,2025-06-02,6.916666666666667,24,24
10614,2025-06-06,6.458333333333333,24,24
10614,2025-06-10,5.6521739130434785,23,23
10614,2025-06-14,5.166666666666667,24,24
10614,2025-06-18,5.208333333333333,24,24
10614,2025-06-22,5.708333333333333,24,24
10614,2025-06-26,6.541666666666667,24,24
10614,2025-06-30,1.5833333333333333,24,24
10614,2025-08-25,1.1818181818181819,11,11
10614,2025-09-02,11.25,24,24
10614,2025-09-06,1.875,24,24
10614,2025-09-10,6.583333333333333,24,24
10614,2025-09-14,7.541666666666667,24,24
10614,2025-09-18,0.5416666666666666,24,24
10614,2025-09-22,0.2857142857142857,21,21
10614,2025-09-26,1.375,24,24
10614,2025-09-30,7.791666666666667,24,24
10614,2025-10-04,7.75,24,24
10614,2025-10-08,8.125,24,24
10614,2025-11-21,9.0,24,24
10614,2025-11-25,22.958333333333332,24,24
10614,2025-11-29,10.291666666666666,24,24
10614,2025-12-03,14.208333333333334,24,24
10614,2025-12-07,5.833333333333333,24,24
10614,2025-12-11,9.173913043478262,23,23
10614,2025-12-15,9.083333333333334,24,24
10614,2025-12-19,7.375,24,24
10614,2025-12-23,3.0434782608695654,23,23
10614,2025-12-27,1.3333333333333333,24,24
10614,2025-12-31,0.5833333333333334,24,24
3008,2025-01-01,3.5054035833333335,24,24
3008,2025-01-05,4.602253366666667,24,24
3008,2025-01-09,9.285500952173914,23,23
3008,2025-01-13,2.388267181818182,11,11
3008,2025-01-17,3.641437452941177,17,17
3008,2025-01-21,4.644495909090909,22,22
3008,2025-01-25,6.543727133333333,24,24
3008,2025-01-29,6.961850620833332,24,24
3008,2025-02-02,2.596114958333333,24,24
3008,2025-02-06,6.069723829166667,24,24
3008,2025-02-10,9.681248191666667,24,24
3008,2025-02-14,4.3713695,24,24
3008,2025-02-18,3.245676895833333,24,24
3008,2025-02-22,10.654683883333332,24,24
3008,2025-02-26,35.342732319999996,5,5
3008,2025-03-02,2.0799263333333333,3,3
3008,2025-03-06,4.220348708333334,24,24
3008,2025-03-10,10.459605908333334,24,24
3008,2025-03-14,3.2756632173913043,23,23
3008,2025-03-18,2.1005362499999998,24,24
3008,2025-03-22,17.107585929166667,24,24
3008,2025-03-26,13.267937380000001,15,15
3008,2025-03-30,13.783917050000001,22,22
3008,2025-04-03,4.681794958333334,24,24
3008,2025-04-07,4.678912375,24,24
3008,2025-04-11,3.9518903916666663,24,24
3008,2025-04-15,9.986468545833334,24,24
3008,2025-04-19,8.188901483333334,24,24
3008,2025-04-23,2.51198625,8,8
3008,2025-04-27,2.435370625,24,24
3008,2025-05-01,4.187982105263157,19,19
3008,2025-05-05,3.0194695625,16,16
3008,2025-05-09,3.9079628636363637,22,22
3008,2025-05-13,6.071287029166666,24,24
3008,2025-05-17,4.319012058823529,17,17
3008,2025-05-21,1.513505238095238,21,21
3008,2025-05-25,6.852481295833333,24,24
3008,2025-05-29,14.294147016666665,24,24
3008,2025-06-02,3.526877125,24,24
3008,2025-06-06,8.283857591666667,24,24
3008,2025-06-10,3.0809673333333336,24,24
3008,2025-06-14,4.9341807583333335,24,24
3008,2025-06-18,5.038982105263158,19,19
3008,2025-06-22,3.7294934583333332,24,24
3008,2025-06-26,5.9163317125,24,24
3008,2025-06-30,4.5347800000000005,24,24
3008,2025-07-04,2.7160557916666668,24,24
3008,2025-07-08,5.5859491791666676,24,24
3008,2025-07-12,11.5729887375,24,24
3008,2025-07-16,5.612550891666667,24,24
3008,2025-07-20,6.403794875,24,24
3008,2025-07-24,17.525850291666668,24,24
3008,2025-07-28,12.621982385714286,21,21
3008,2025-08-01,12.709454379166667,24,24
3008,2025-08-05,7.964081575000001,24,24
3008,2025-08-09,5.850107666666666,24,24
3008,2025-08-13,2.235099416666667,24,24
3008,2025-08-17,1.9044194347826089,23,23
3008,2025-08-21,1.1620517083333333,24,24
3008,2025-08-25,2.71795075,24,24
3008,2025-08-29,2.5491301666666666,24,24
3008,2025-09-02,9.618223025,24,24
3008,2025-09-06,7.560617173913044,23,23
3008,2025-09-10,10.928703212499999,24,24
3008,2025-09-14,7.8254454625,24,24
3008,2025-09-18,3.6480367958333333,24,24
3008,2025-09-22,3.8844050833333337,24,24
3008,2025-09-26,1.5107857916666667,24,24
3008,2025-09-30,9.691217895833333,24,24
3008,2025-10-04,9.093692025000001,24,24
3008,2025-10-08,5.401142916666667,24,24
3008,2025-10-12,0.9830011666666666,24,24
3008,2025-10-16,4.192167305263157,19,19
3008,2025-10-20,4.3279423,21,21
3008,2025-10-24,9.935023666666668,24,24
3008,2025-10-28,3.6769485375,24,24
3008,2025-11-01,3.1119651249999998,24,24
3008,2025-11-05,2.5155017083333333,24,24
3008,2025-11-09,5.644740916666667,24,24
3008,2025-11-13,2.2198046666666666,24,24
3008,2025-11-17,4.382024665217392,23,23
3008,2025-11-21,9.5852207375,24,24
3008,2025-11-25,2.948231333333333,21,21
3008,2025-11-29,2.852148,1,1
3008,2025-12-03,3.0052354583333334,24,24
3008,2025-12-07,3.5537676458333336,24,24
3008,2025-12-11,1.5877684375,24,24
3008,2025-12-15,5.777614879166666,24,24
3008,2025-12-19,6.478604308333334,24,24
3008,2025-12-23,7.4675175,24,24
3008,2025-12-27,2.031112333333333,24,24
3008,2025-12-31,4.94827165,24,24
225656,2025-01-01,37.6875,24,24
225656,2025-01-05,46.62083333333334,24,24
225656,2025-01-09,56.55416666666667,24,24
225656,2025-01-13,43.2125,24,24
225656,2025-01-17,30.066666666666666,24,24
225656,2025-01-21,62.12916666666666,24,24
225656,2025-01-25,68.85000000000001,24,24
225656,2025-01-29,34.99583333333333,24,24
225656,2025-02-02,55.270833333333336,24,24
225656,2025-02-06,36.345,20,20
225656,2025-02-10,25.337500000000002,24,24
225656,2025-02-14,48.637499999999996,24,24
225656,2025-02-18,27.329166666666666,24,24
225656,2025-02-22,38.920833333333334,24,24
225656,2025-02-26,22.366666666666664,24,24
225656,2025-03-02,22.858823529411765,17,17
225656,2025-03-06,19.041666666666668,24,24
225656,2025-03-10,34.229166666666664,24,24
225656,2025-03-14,24.71666666666667,24,24
225656,2025-03-18,24.016666666666666,24,24
225656,2025-03-30,37.27916666666667,24,24
225656,2025-04-03,32.862500000000004,24,24
225656,2025-04-07,20.929166666666667,24,24
225656,2025-04-11,31.0625,24,24
225656,2025-04-15,23.041666666666668,24,24
225656,2025-04-19,16.691666666666666,24,24
225656,2025-04-23,16.76666666666667,21,21
225656,2025-05-09,14.083333333333334,24,24
225656,2025-05-13,17.5625,24,24
225656,2025-05-17,26.847368421052632,19,19
225656,2025-05-21,17.10952380952381,21,21
225656,2025-05-25,16.220833333333335,24,24
225656,2025-05-29,14.495833333333332,24,24
225656,2025-06-02,14.604166666666666,24,24
225656,2025-06-06,22.3875,24,24
225656,2025-06-10,15.200000000000001,24,24
225656,2025-06-14,12.983333333333334,24,24
225656,2025-06-18,12.504166666666668,24,24
225656,2025-06-22,12.558333333333332,24,24
225656,2025-06-26,15.5375,24,24
225656,2025-06-30,16.435714285714287,14,14
225656,2025-08-25,8.8,9,9
225656,2025-08-29,14.475,24,24
225656,2025-09-02,12.183333333333332,24,24
225656,2025-09-06,12.566666666666668,24,24
225656,2025-09-10,10.416666666666666,24,24
225656,2025-09-14,20.97826086956522,23,23
225656,2025-09-18,14.304347826086957,23,23
225656,2025-09-22,13.845833333333333,24,24
225656,2025-09-26,14.008333333333333,24,24
225656,2025-09-30,9.5,24,24
225656,2025-10-04,17.341666666666665,24,24
225656,2025-10-08,10.454166666666667,24,24
225656,2025-11-21,20.849999999999998,24,24
225656,2025-11-25,25.104166666666668,24,24
225656,2025-11-29,34.708333333333336,24,24
225656,2025-12-03,45.40416666666667,24,24
225656,2025-12-07,24.866666666666664,24,24
225656,2025-12-11,28.416666666666668,24,24
225656,2025-12-15,22.7,24,24
225656,2025-12-19,30.854166666666668,24,24
225656,2025-12-23,30.912499999999998,24,24
225656,2025-12-27,26.2,24,24
225656,2025-12-31,45.54583333333333,24,24
7882,2025-03-26,6.6,1,15
7882,2025-03-30,6.9,5,7
7882,2025-05-05,5.066666666666666,6,6
7882,2025-06-06,0.7666666666666666,3,18
7882,2025-09-10,3.6,1,13
7882,2025-10-20,1.7857142857142858,7,16
7882,2025-10-24,4.866666666666666,3,19
7882,2025-10-28,4.6,1,14
7882,2025-11-01,1.4,1,23
7882,2025-11-21,2.6,2,21
7882,2025-11-25,6.5,1,17
7882,2025-11-29,2.2,1,2
7882,2025-12-07,1.2,1,24
7882,2025-12-11,4.733333333333333,3,20
7882,2025-12-23,5.3,1,21
7882,2025-12-31,19.1,1,24
10550,2025-01-01,3.602229416666667,24,24
10550,2025-01-05,6.573680708333334,24,24
10550,2025-01-09,7.924393458333333,24,24
10550,2025-01-13,1.8122703333333332,24,24
10550,2025-01-17,9.396843416666666,24,24
10550,2025-01-21,6.379557291666667,24,24
10550,2025-01-25,11.958683708333334,24,24
10550,2025-01-29,5.8125929166666666,24,24
10550,2025-02-02,1.959747375,24,24
10550,2025-02-06,6.008280583333334,24,24
10550,2025-02-10,12.677868208333335,24,24
10550,2025-02-14,4.667631958333334,24,24
10550,2025-02-18,7.615054874999999,24,24
10550,2025-02-22,10.222238875,24,24
10550,2025-02-26,4.158928708333334,24,24
10550,2025-03-02,10.95752125,24,24
10550,2025-03-06,13.478401541666665,24,24
10550,2025-03-10,5.535676,24,24
10550,2025-03-14,4.09913325,24,24
10550,2025-03-18,4.623533041666667,24,24
10550,2025-03-22,3.8968336666666663,24,24
10550,2025-03-26,5.587543125,24,24
10550,2025-03-30,0.9881594782608696,23,23
10550,2025-04-03,7.5333815,24,24
10550,2025-04-07,8.241474541666667,24,24
10550,2025-04-11,2.3229685833333336,24,24
10550,2025-04-15,2.7464855833333335,24,24
10550,2025-04-19,3.3089431250000003,24,24
10550,2025-04-23,7.31819175,24,24
10550,2025-04-27,7.628335875,24,24
10550,2025-05-01,5.5876124166666665,24,24
10550,2025-05-05,4.616027833333333,24,24
10550,2025-05-09,5.28633425,24,24
10550,2025-05-13,9.162580458333332,24,24
10550,2025-05-17,3.7757070833333333,24,24
10550,2025-05-21,2.807444541666667,24,24
10550,2025-05-25,2.835402125,24,24
10550,2025-05-29,3.586032083333333,24,24
10550,2025-06-02,4.783763708333333,24,24
10550,2025-06-06,5.007098166666666,24,24
10550,2025-06-10,2.3609105,24,24
10550,2025-06-14,5.851701125000001,24,24
10550,2025-06-18,4.060867125000001,24,24
10550,2025-06-22,6.518655083333333,24,24
10550,2025-06-26,4.502135083333333,24,24
10550,2025-06-30,8.549441583333333,24,24
10550,2025-07-04,2.1952155833333333,24,24
10550,2025-07-08,5.675984833333334,24,24
10550,2025-07-12,3.346310666666666,24,24
10550,2025-07-16,9.705687913043478,23,23
10550,2025-07-20,10.465142666666667,24,24
10550,2025-07-24,9.872101625,24,24
10550,2025-07-28,3.3861823333333336,24,24
10550,2025-08-01,3.32517425,24,24
10550,2025-08-05,5.071719875,24,24
10550,2025-08-09,8.1923575,24,24
10550,2025-08-13,4.688167375,24,24
10550,2025-08-17,6.129167041666666,24,24
10550,2025-08-21,1.2485932916666667,24,24
10550,2025-08-25,1.8912773333333333,24,24
10550,2025-08-29,3.760799875,24,24
10550,2025-09-02,2.8205967083333334,24,24
10550,2025-09-06,3.3555881666666667,24,24
10550,2025-09-10,6.84661625,24,24
10550,2025-09-14,1.1980893750000001,24,24
10550,2025-09-18,5.688188375,24,24
10550,2025-09-22,2.178055625,24,24
10550,2025-09-26,2.9418302916666668,24,24
10550,2025-09-30,2.582988541666667,24,24
10550,2025-10-04,2.2280469166666665,24,24
10550,2025-10-08,6.808997291666667,24,24
10550,2025-12-11,14.930891033333333,6,6
10550,2025-12-15,4.028638458333334,24,24
10550,2025-12-19,6.409578413043477,23,23
10550,2025-12-23,9.361380691666666,24,24
10550,2025-12-27,7.963495125000001,24,24
10550,2025-12-31,7.331172370833333,24,24
663500,2025-01-01,29.165525833333334,24,24
663500,2025-01-05,34.09166375,24,24
663500,2025-01-09,46.59776208333333,24,24
663500,2025-01-13,17.915007875,24,24
663500,2025-01-17,18.6156365,24,24
663500,2025-01-21,25.150760833333333,24,24
663500,2025-01-25,35.73761458333333,24,24
663500,2025-01-29,30.640623791666666,24,24
663500,2025-02-02,16.090862916666666,24,24
663500,2025-02-06,5.0117025,24,24
663500,2025-02-10,18.754633416666668,24,24
663500,2025-02-14,37.732374444444446,9,9
663500,2025-02-18,21.687686333333332,24,24
663500,2025-02-22,6.876146458333333,24,24
663500,2025-02-26,19.020998708333334,24,24
663500,2025-03-02,10.52639475,24,24
663500,2025-03-06,27.895786666666666,24,24
663500,2025-03-10,18.662344583333333,24,24
663500,2025-03-14,21.325973826086955,23,23
663500,2025-03-18,16.018879125,24,24
663500,2025-03-22,9.780895928571429,14,14
663500,2025-03-26,17.398256375,24,24
663500,2025-03-30,10.156404782608695,23,23
663500,2025-04-03,13.669203166666668,24,24
663500,2025-04-07,10.347819125,24,24
663500,2025-04-11,12.440055208333334,24,24
663500,2025-04-15,9.201881958333333,24,24
663500,2025-04-19,13.623098125,24,24
663500,2025-04-23,14.606128565217393,23,23
663500,2025-04-27,12.292360291666666,24,24
663500,2025-05-01,9.050921304347826,23,23
663500,2025-05-05,11.166370714285716,14,14
663500,2025-05-09,15.90238375,24,24
663500,2025-05-13,9.990188916666666,24,24
663500,2025-05-17,11.995566625,24,24
663500,2025-05-21,11.068613333333333,24,24
663500,2025-05-25,17.23972875,24,24
663500,2025-05-29,14.2836225,24,24
663500,2025-06-02,9.993998714285715,14,14
663500,2025-06-06,17.232659166666668,24,24
663500,2025-06-10,18.006414583333335,24,24
663500,2025-06-14,24.950587916666667,24,24
663500,2025-06-18,12.927590833333333,24,24
663500,2025-06-22,18.1245675,24,24
663500,2025-06-26,18.28393625,24,24
663500,2025-06-30,9.221418208333333,24,24
663500,2025-07-04,9.259588916666667,24,24
663500,2025-07-08,13.782162083333333,24,24
663500,2025-07-12,13.781874041666667,24,24
663500,2025-07-16,21.786999166666664,24,24
663500,2025-07-20,20.218290416666665,24,24
663500,2025-07-24,19.107467083333333,24,24
663500,2025-07-28,18.99719625,24,24
663500,2025-08-01,13.75535925,24,24
663500,2025-08-05,16.015,24,24
663500,2025-08-09,15.132093291666665,24,24
663500,2025-08-13,11.729121999999998,24,24
663500,2025-08-17,16.6620175,24,24
663500,2025-08-21,17.637225416666666,24,24
663500,2025-08-25,21.256152083333333,24,24
663500,2025-08-29,11.931939619047618,21,21
663500,2025-09-02,16.416091375,24,24
663500,2025-09-06,16.504530833333334,24,24
663500,2025-09-10,12.372438944444445,18,18
663500,2025-09-14,13.84947775,24,24
663500,2025-09-18,13.007495394117647,17,17
663500,2025-09-22,9.898122458333335,24,24
663500,2025-09-26,15.277014090909091,22,22
663500,2025-09-30,7.875296041666666,24,24
663500,2025-10-04,10.293525304347826,23,23
663500,2025-10-08,7.838299583333334,24,24
663500,2025-10-12,8.299701375,24,24
663500,2025-10-16,11.097298125,16,16
663500,2025-10-20,8.9030083125,16,16
663500,2025-10-24,11.132927833333333,24,24
663500,2025-10-28,7.8263141125,24,24
663500,2025-11-01,10.246447583333333,24,24
663500,2025-11-05,20.524728333333332,24,24
663500,2025-11-09,11.541611083333335,24,24
663500,2025-11-13,8.305707470588235,17,17
663500,2025-11-17,14.736980166666667,24,24
663500,2025-11-21,21.48291125,24,24
663500,2025-11-25,14.583179791666666,24,24
663500,2025-11-29,23.537783750000003,24,24
663500,2025-12-03,20.532820041666668,24,24
663500,2025-12-07,17.255750541666668,24,24
663500,2025-12-11,21.195329,24,24
663500,2025-12-15,17.542532708333333,24,24
663500,2025-12-19,19.942433125,24,24
663500,2025-12-23,18.070789416666667,24,24
663500,2025-12-27,8.518106958333332,24,24
663500,2025-12-31,17.74073016666667,24,24
3415,2025-01-01,43.22221766521739,23,24
3415,2025-01-05,11.315434213043478,23,24
3415,2025-01-09,5.985166190476191,21,24
3415,2025-01-13,12.341624516666668,12,17
3415,2025-01-17,16.043235029411765,17,17
3415,2025-01-21,11.294527372222223,18,24
3415,2025-01-25,6.464332909523809,21,24
3415,2025-01-29,11.103931095454545,22,24
3415,2025-02-02,14.3276359,22,24
3415,2025-02-06,16.012022436363637,22,24
3415,2025-02-10,23.648021443478264,23,24
3415,2025-02-14,11.31080406521739,23,24
3415,2025-02-18,24.40319517826087,23,24
3415,2025-02-22,8.634067736363635,22,24
3415,2025-02-26,3.5674996,5,6
3415,2025-03-02,10.304499,3,3
3415,2025-03-06,5.145772318181819,22,24
3415,2025-03-10,5.658586391304349,23,24
3415,2025-03-14,4.924394157894737,19,24
3415,2025-03-18,8.314305055555556,18,24
3415,2025-03-22,3.9161584954545456,22,24
3415,2025-03-26,7.658999373684211,19,24
3415,2025-03-30,5.805380619047619,21,23
3415,2025-04-03,5.988613045454545,22,24
3415,2025-04-07,5.230434173913044,23,24
3415,2025-04-11,5.9850224545454545,22,24
3415,2025-04-15,1.811760260869565,23,24
3415,2025-04-23,4.780888444444445,9,9
3415,2025-04-27,5.873912565217391,23,24
3415,2025-05-01,7.904888411111112,18,20
3415,2025-05-05,3.0207492142857144,14,17
3415,2025-05-09,12.925952295238094,21,24
3415,2025-05-13,5.99428519047619,21,24
3415,2025-05-17,5.535332666666666,6,19
3415,2025-05-21,7.607971722222222,18,24
3415,2025-05-25,6.508522272727273,22,24
3415,2025-05-29,2.943817636363636,11,24
3415,2025-06-02,6.19346825,16,24
3415,2025-06-06,6.1731663333333335,9,24
3415,2025-06-10,18.137726818181818,11,24
3415,2025-06-14,14.916499228571428,14,24
3415,2025-06-18,9.947624116666667,12,23
3415,2025-06-22,9.77134949,10,24
3415,2025-06-26,13.198347391304347,23,24
3415,2025-06-30,12.2574747,20,24
3415,2025-07-04,9.809023057142857,21,24
3415,2025-07-08,2.5251169411764707,17,24
3415,2025-07-12,7.671916166666667,18,24
3415,2025-07-16,8.284815368421054,19,24
3415,2025-07-20,10.01370403181818,22,24
3415,2025-07-24,5.58083280952381,21,24
3415,2025-07-28,3.9553496000000004,20,22
3415,2025-08-01,5.447369086956522,23,24
3415,2025-08-05,5.913466133333333,15,24
3415,2025-08-09,15.38552125652174,23,24
3415,2025-08-13,19.369166291666666,12,24
3415,2025-08-17,11.104522240909091,22,23
3415,2025-08-21,5.9394519047619045,21,24
3415,2025-08-25,7.761658454545454,22,24
3415,2025-08-29,3.9001518260869563,23,24
3415,2025-09-02,3.480189904761905,21,24
3415,2025-09-06,2.8053090476190476,21,24
3415,2025-09-10,6.428931272727272,22,24
3415,2025-09-14,4.130856571428572,21,24
3415,2025-09-18,6.18632445,20,24
3415,2025-09-22,6.388613,22,24
3415,2025-10-04,7.284949500000001,10,24
3415,2025-10-20,9.74229938,5,5
3415,2025-10-24,6.792499460869565,23,24
3415,2025-10-28,6.598071128571428,21,24
3415,2025-11-01,5.360772090909091,11,11
3415,2025-11-05,8.497618704761905,21,24
3415,2025-11-09,15.46317362173913,23,24
3415,2025-11-13,9.966249572727271,22,23
3415,2025-11-17,7.055277555555556,9,23
3415,2025-11-21,7.624955956521739,23,24
3415,2025-11-25,19.58007057142857,7,20
3415,2025-11-29,17.7902495,2,2
3415,2025-12-03,15.754272250000001,22,24
3415,2025-12-07,15.950863422727274,22,24
3415,2025-12-11,17.559078689473683,19,24
3415,2025-12-15,14.909166405555554,18,24
3415,2025-12-19,9.265713761904763,21,23
3415,2025-12-23,14.477795359090909,22,24
3415,2025-12-27,18.26752948235294,17,24
3415,2025-12-31,17.173673591304347,23,24
784143,2025-01-01,104.420066666668,5,5
784143,2025-01-05,30.940716666666653,20,20
784143,2025-01-09,30.235982456140277,19,19
784143,2025-01-13,19.27526086956522,23,23
784143,2025-01-17,39.22647727272727,22,22
784143,2025-01-21,46.5427083333333,20,20
784143,2025-01-25,43.044373015873,21,21
784143,2025-01-29,20.704492063492033,21,21
784143,2025-02-02,48.05044444444459,24,24
784143,2025-02-06,68.20457638888917,24,24
784143,2025-02-10,26.285960317460287,21,21
784143,2025-02-14,37.900236842105265,19,19
784143,2025-02-18,36.79815909090909,22,22
784143,2025-02-22,26.104484848484866,22,22
784143,2025-02-26,44.5031916666667,20,20
784143,2025-03-02,22.562944444444554,18,18
784143,2025-03-06,61.15884848484836,22,22
784143,2025-03-10,28.215314814814874,18,18
784143,2025-03-14,7.574492063492057,21,21
784143,2025-03-18,12.808976190476207,21,21
784143,2025-03-22,35.86144444444452,21,21
784143,2025-03-26,34.56542982456153,19,19
784143,2025-03-30,27.656313725490175,17,17
784143,2025-04-03,24.94125,18,18
784143,2025-04-07,14.46550925925924,18,18
784143,2025-04-11,18.147777777777858,21,21
784143,2025-04-15,16.230875000000047,20,20
784143,2025-04-19,6.925999999999973,22,22
784143,2025-04-23,18.019375000000124,16,16
784143,2025-05-09,17.534325757575864,22,22
784143,2025-05-13,16.46287878787874,22,22
784143,2025-05-17,8.4353611111111,24,24
784143,2025-05-21,17.71065873015881,21,21
784143,2025-05-25,8.603642857142852,21,21
784143,2025-05-29,7.59947499999997,20,20
784143,2025-06-02,13.893946969696971,22,22
784143,2025-06-06,25.298712962962888,18,18
784143,2025-06-10,16.519266666666535,20,20
784143,2025-06-14,9.067789473684158,19,19
784143,2025-06-18,14.644624999999952,20,20
784143,2025-06-22,10.889749999999978,24,24
784143,2025-06-26,30.553759259259337,18,18
784143,2025-06-30,13.060421052631579,19,19
784143,2025-08-25,9.644499999999974,12,12
784143,2025-08-29,8.533950000000015,20,20
784143,2025-09-02,12.244396825396853,21,21
784143,2025-09-06,15.880071428571394,21,21
784143,2025-09-10,18.362984126984095,21,21
784143,2025-09-14,9.424712962962966,18,18
784143,2025-09-18,12.08805833333329,20,20
784143,2025-09-22,6.39389166666667,20,20
784143,2025-09-26,8.874438596491169,19,19
784143,2025-09-30,22.423973684210477,19,19
784143,2025-10-04,19.6975777777778,15,15
784143,2025-10-08,20.23539473684209,19,19
784143,2025-11-21,19.023833333333304,23,23
784143,2025-11-25,7.771956140350858,19,19
784143,2025-11-29,26.207071428571382,21,21
2361,2025-01-01,3.3790909090909094,11,11
2361,2025-01-05,3.7265,8,8
2361,2025-01-09,1.1320000000000001,10,10
2361,2025-01-21,0.8492000000000001,5,5
2361,2025-02-02,3.1133333333333333,3,3
2361,2025-02-06,5.1886,5,5
2361,2025-02-10,9.685333333333334,6,6
2361,2025-02-14,12.7745,22,22
2361,2025-02-18,15.349916666666667,24,24
2361,2025-02-22,5.654941176470588,17,17
2361,2025-02-26,1.6353333333333333,6,6
2361,2025-03-02,2.5156666666666667,3,3
2361,2025-03-06,7.7810434782608695,23,23
2361,2025-03-10,8.32555,20,20
2361,2025-03-14,1.549761904761905,21,21
2361,2025-03-18,13.015041666666667,24,24
2361,2025-03-22,5.354857142857143,21,21
2361,2025-03-26,1.4975625,16,16
2361,2025-03-30,8.664478260869565,23,23
2361,2025-04-03,8.743708333333332,24,24
2361,2025-04-07,7.030347826086957,23,23
2361,2025-04-11,6.502869565217392,23,23
2361,2025-04-15,2.17375,24,24
2361,2025-04-19,4.388375,24,24
2361,2025-04-23,2.0416666666666665,24,24
2361,2025-04-27,2.2460833333333334,24,24
2361,2025-05-01,6.145818181818182,22,22
2361,2025-05-05,2.0337916666666667,24,24
2361,2025-05-09,10.158791666666668,24,24
2361,2025-05-13,5.0785833333333334,12,12
2361,2025-05-17,3.4782608695652173,23,23
2361,2025-05-21,6.453625,24,24
2361,2025-05-25,2.568416666666667,24,24
2361,2025-05-29,2.073125,24,24
2361,2025-06-02,3.9565217391304346,23,23
2361,2025-06-06,2.3781739130434785,23,23
2361,2025-06-10,7.417166666666668,18,18
2361,2025-06-14,5.811333333333334,24,24
2361,2025-06-18,3.236625,24,24
2361,2025-06-22,3.8181818181818183,22,22
2361,2025-06-26,2.6462499999999998,24,24
2361,2025-06-30,1.8844166666666666,24,24
2361,2025-07-04,4.328625,24,24
2361,2025-07-08,1.8034583333333334,24,24
2361,2025-07-12,3.0715416666666666,24,24
2361,2025-07-16,2.611625,24,24
2361,2025-07-20,2.6253333333333333,21,21
2361,2025-07-24,14.391304347826088,23,23
2361,2025-07-28,2.5904166666666666,24,24
2361,2025-08-01,2.137583333333333,24,24
2361,2025-08-05,5.632090909090909,22,22
2361,2025-08-09,6.1234166666666665,24,24
2361,2025-08-13,11.332541666666666,24,24
2361,2025-08-17,8.669041666666667,24,24
2361,2025-08-21,3.739130434782609,23,23
2361,2025-08-25,4.608695652173913,23,23
2361,2025-08-29,1.9575416666666667,24,24
2361,2025-09-02,2.6202916666666667,24,24
2361,2025-09-06,2.1297083333333333,24,24
2361,2025-09-10,2.1014166666666667,24,24
2361,2025-09-14,2.4347826086956523,23,23
2361,2025-09-18,5.577521739130434,23,23
2361,2025-09-22,2.8260869565217392,23,23
2361,2025-09-26,3.0440416666666668,24,24
2361,2025-09-30,2.8113333333333332,24,24
2361,2025-10-08,4.94575,24,24
2361,2025-10-12,5.191833333333333,24,24
2361,2025-10-16,6.304347826086956,23,23
2361,2025-10-20,3.529190476190476,21,21
2361,2025-10-24,2.720916666666667,24,24
2361,2025-10-28,4.56975,16,16
2361,2025-11-01,2.7539523809523807,21,21
2361,2025-11-05,3.758736842105263,19,19
2361,2025-11-09,2.9443684210526313,19,19
2361,2025-11-13,0.8490588235294118,17,17
2361,2025-11-17,2.7959545454545456,22,22
2361,2025-11-21,1.9952916666666667,24,24
2361,2025-11-25,3.5833333333333335,24,24
2361,2025-11-29,3.5416666666666665,24,24
2361,2025-12-03,2.6091428571428574,21,21
2361,2025-12-07,4.666666666666667,21,21
2361,2025-12-11,8.338833333333334,24,24
2361,2025-12-15,1.625,24,24
2361,2025-12-19,3.21,23,23
2361,2025-12-23,14.416666666666666,24,24
2361,2025-12-27,3.7916666666666665,24,24
2361,2025-12-31,4.0,24,24
8277,2025-01-01,86.25,2,2
8277,2025-01-05,40.31428571428571,7,7
8277,2025-01-09,19.14,5,5
8277,2025-01-21,20.86,5,5
8277,2025-01-25,23.05,4,4
8277,2025-01-29,8.7,1,1
8277,2025-02-02,11.325,8,8
8277,2025-02-06,24.52,5,5
8277,2025-02-14,20.466666666666665,6,6
8277,2025-02-18,29.183333333333334,6,6
8277,2025-02-22,83.85,2,2
8277,2025-02-26,39.0,1,1
8277,2025-03-02,16.033333333333335,3,3
8277,2025-03-06,23.049999999999997,2,2
8277,2025-03-10,12.299999999999999,6,6
8277,2025-03-14,8.700000000000001,3,3
8277,2025-03-18,7.133333333333333,3,3
8277,2025-03-22,23.942857142857143,7,7
8277,2025-03-26,9.95,4,4
8277,2025-03-30,8.395238095238096,21,21
8277,2025-04-03,14.726315789473684,19,19
8277,2025-04-07,5.633333333333333,6,6
8277,2025-07-04,11.485714285714286,14,14
8277,2025-07-08,3.3428571428571425,7,7
8277,2025-08-05,10.2,4,4
8277,2025-09-06,0.2,1,1
8277,2025-09-10,10.6,24,24
8277,2025-09-14,9.93888888888889,18,18
8277,2025-09-18,8.48,20,20
8277,2025-09-22,0.0,1,1
8277,2025-10-04,20.88556412,5,5
8277,2025-10-08,18.06497,5,5
8277,2025-10-12,34.47915895,2,2
8277,2025-10-16,10.7857949,9,9
8277,2025-10-20,22.22191817142857,14,14
8277,2025-10-24,4.94541337,20,20
8277,2025-10-28,16.5397609,3,3
8277,2025-11-01,18.384780511111114,9,9
8277,2025-11-05,19.8808292,4,4
8277,2025-11-09,23.07852406,5,5
8277,2025-11-13,28.86986556,5,5
8277,2025-11-17,7.7483917,8,8
8277,2025-11-21,9.7515975,6,6
8277,2025-11-25,16.423208714285714,7,7
8277,2025-11-29,15.072512,2,2
8277,2025-12-03,37.3,8,8
8277,2025-12-07,18.8,5,5
8277,2025-12-15,8.700000000000001,3,3
8277,2025-12-23,19.4777414,4,4
8277,2025-12-27,12.066517750000001,2,2
8277,2025-12-31,11.191154449999999,2,2
3526100,2025-02-26,38.0,1,1
3526100,2025-03-02,15.333333333333334,3,3
3526100,2025-03-06,26.272727272727273,11,11
3526100,2025-03-10,17.46153846153846,13,13
3526100,2025-03-14,11.0,16,16
3526100,2025-03-18,331.5,6,6
3526100,2025-03-22,18.208333333333332,24,24
3526100,2025-03-26,9.5,8,8
3526100,2025-03-30,7.388888888888889,18,18
3526100,2025-04-03,13.571428571428571,14,14
3526100,2025-04-07,5.333333333333333,3,3
3526100,2025-04-27,6.416666666666667,24,24
3526100,2025-05-01,7.0,1,1
3526100,2025-05-05,12.909090909090908,11,11
3526100,2025-05-09,11.416666666666666,24,24
3526100,2025-05-13,7.916666666666667,24,24
3526100,2025-05-17,5.0,1,1
3526100,2025-05-21,7.125,24,24
3526100,2025-05-25,31.642857142857142,14,14
3526100,2025-05-29,9.833333333333334,6,6
3526100,2025-06-02,4.833333333333333,12,12
3526100,2025-06-06,15.875,24,24
3526100,2025-06-10,13.130434782608695,23,23
3526100,2025-06-14,27.5,4,4
3526100,2025-06-18,13.7,10,10
3526100,2025-06-22,6.916666666666667,24,24
3526100,2025-06-26,17.541666666666668,24,24
3526100,2025-06-30,7.888888888888889,18,18
3526100,2025-07-04,6.583333333333333,12,12
3526100,2025-07-16,14.181818181818182,22,22
3526100,2025-07-20,11.95,20,20
3526100,2025-07-24,16.2,10,10
3526100,2025-07-28,16.285714285714285,7,7
3526100,2025-08-01,9.076923076923077,13,13
3526100,2025-08-05,9.0,22,22
3526100,2025-08-09,13.916666666666666,24,24
3526100,2025-08-13,13.5,12,12
3526100,2025-08-17,8.153846153846153,13,13
3526100,2025-08-21,13.25,8,8
3526100,2025-08-25,5.538461538461538,13,13
3526100,2025-09-06,5.75,4,4
3526100,2025-09-10,16.0,1,1
3526100,2025-09-14,6.958333333333333,24,24
3526100,2025-09-18,7.458333333333333,24,24
3526100,2025-09-22,7.5,12,12
3526100,2025-09-30,8.0,2,2
3526100,2025-10-04,5.2,5,5
3526100,2025-10-08,5.0,24,24
3526100,2025-10-12,5.863636363636363,22,22
3526100,2025-10-16,9.875,8,8
3526100,2025-10-20,10.88888888888889,9,9
3526100,2025-10-24,16.857142857142858,14,14
3526100,2025-10-28,18.0,24,24
3526100,2025-11-01,7.666666666666667,24,24
3526100,2025-11-05,12.166666666666666,12,12
3526100,2025-11-09,16.857142857142858,7,7
3526100,2025-11-13,14.363636363636363,11,11
3526100,2025-11-17,15.0,23,23
3526100,2025-11-21,16.833333333333332,6,6
3526100,2025-11-25,6.857142857142857,21,21
3526100,2025-11-29,7.0,1,1
3526100,2025-12-03,16.94736842105263,19,19
3526100,2025-12-07,9.714285714285714,7,7
3526100,2025-12-11,22.954545454545453,22,22
3526100,2025-12-15,18.869565217391305,23,23
3526100,2025-12-19,20.1,20,20
3526100,2025-12-23,20.6,15,15
3526100,2025-12-27,7.208333333333333,24,24
3526100,2025-12-31,10.875,24,24
4470141,2025-05-21,12.35884375,24,24
4470141,2025-05-25,4.389458333333334,24,24
4470141,2025-05-29,6.943979166666666,24,24
4470141,2025-06-02,7.93340625,24,24
4470141,2025-06-06,4.245541666666667,24,24
4470141,2025-06-10,14.84140625,24,24
4470141,2025-06-14,10.649833333333333,24,24
4470141,2025-06-18,10.1893,20,20
4470141,2025-06-22,10.290041666666667,24,24
4470141,2025-06-26,5.0730625,16,16
4470141,2025-06-30,6.872020833333334,24,24
4470141,2025-07-04,4.191572916666667,24,24
4470141,2025-07-08,5.3968750000000005,24,24
4470141,2025-07-12,4.674163043478261,23,23
4470141,2025-07-16,5.5947604166666665,24,24
4470141,2025-07-20,6.170427083333333,24,24
4470141,2025-07-24,7.50165625,24,24
4470141,2025-07-28,6.08375,22,22
4470141,2025-08-01,6.0445,24,24
4470141,2025-08-05,4.8806521739130435,23,23
4470141,2025-08-09,12.25090625,24,24
4470141,2025-08-13,24.393874999999998,24,24
4470141,2025-08-17,5.425032608695652,23,23
4470141,2025-08-21,3.5259583333333335,24,24
4470141,2025-08-25,5.522802083333333,24,24
4470141,2025-08-29,4.8391979166666665,24,24
4470141,2025-09-02,3.7778125,24,24
4470141,2025-09-06,4.983114583333333,24,24
4470141,2025-09-10,5.181,24,24
4470141,2025-09-14,3.7778125,24,24
4470141,2025-09-18,3.651885416666667,24,24
4470141,2025-09-22,3.6698749999999998,24,24
4470141,2025-09-26,6.7101145833333335,24,24
4470141,2025-09-30,5.2169791666666665,24,24
4470141,2025-10-04,4.786793478260869,23,23
4470141,2025-10-08,11.459364583333333,24,24
4470141,2025-10-12,14.121822916666666,24,24
4470141,2025-10-16,4.581347222222223,18,18
4470141,2025-10-20,5.279125,22,22
4470141,2025-10-24,3.7778125,24,24
4470141,2025-10-28,5.468833333333333,24,24
4470141,2025-11-01,3.220135416666667,24,24
4470141,2025-11-05,4.533375,24,24
4470141,2025-11-09,12.232916666666668,24,24
4470141,2025-11-13,7.5837826086956515,23,23
4470141,2025-11-17,4.317500000000001,17,17
4470141,2025-11-21,18.745145833333332,24,24
4470141,2025-11-25,6.99435,20,20
4470141,2025-11-29,7.3397499999999996,2,2
4470141,2025-12-03,9.084739583333333,24,24
4470141,2025-12-07,5.306927083333334,24,24
4470141,2025-12-11,12.466781249999999,24,24
4470141,2025-12-15,8.922833333333333,24,24
4470141,2025-12-19,6.138358695652174,23,23
4470141,2025-12-23,15.219187499999999,24,24
4470141,2025-12-27,14.40965625,24,24
4470141,2025-12-31,7.447687500000001,24,24
4660,2025-01-01,24.160217178260872,23,24
4660,2025-01-05,25.97691310869565,23,24
4660,2025-01-09,17.213071185714284,21,24
4660,2025-01-13,15.160457991666666,12,17
4660,2025-01-17,19.068000176470587,17,17
4660,2025-01-21,18.558274915,20,24
4660,2025-01-25,10.530023190476191,21,24
4660,2025-01-29,7.4355223318181825,22,24
4660,2025-02-02,10.498249554545454,22,24
4660,2025-02-06,13.713151800000002,23,24
4660,2025-02-10,19.865152095652174,23,24
4660,2025-02-14,7.460869065217391,23,24
4660,2025-02-18,15.077521147826088,23,24
4660,2025-02-22,17.658636245454545,22,24
4660,2025-02-26,16.794999819999997,5,6
4660,2025-03-02,6.154833,3,3
4660,2025-03-06,7.2320222272727275,22,24
4660,2025-03-10,13.646282391304347,23,24
4660,2025-03-14,2.8435523684210526,19,24
4660,2025-03-18,5.4602493,20,24
4660,2025-03-22,10.158590627272728,22,24
4660,2025-03-26,4.623124450000001,20,24
4660,2025-03-30,2.4681899523809525,21,23
4660,2025-04-03,7.4069995,22,24
4660,2025-04-07,4.7692821739130435,23,24
4660,2025-04-11,4.020094666666667,21,24
4660,2025-04-15,3.366477652173913,23,24
4660,2025-04-23,4.919277222222222,9,9
4660,2025-04-27,5.214999347826087,23,24
4660,2025-05-01,7.700610677777778,18,20
4660,2025-05-05,2.9631067857142854,14,17
4660,2025-05-09,5.327880380952381,21,24
4660,2025-05-13,7.466642552380953,21,24
4660,2025-05-17,3.517332833333333,6,19
4660,2025-05-21,4.422583055555555,18,24
4660,2025-05-25,4.0029769545454545,22,24
4660,2025-05-29,1.7554681875,16,24
4660,2025-06-02,3.5260273333333334,18,24
4660,2025-06-14,16.016583005555553,18,24
4660,2025-06-18,9.174356571428572,14,23
4660,2025-06-22,14.15497165,18,24
4660,2025-06-26,13.734695113043479,23,24
4660,2025-06-30,10.517428142857144,21,24
4660,2025-07-04,7.399204181818181,22,24
4660,2025-07-08,1.7753496500000001,20,24
4660,2025-07-12,5.708617058823529,17,24
4660,2025-07-16,5.995777166666667,18,24
4660,2025-07-20,6.785673517391305,23,24
4660,2025-07-24,5.6857245,20,24
4660,2025-07-28,3.3289995500000003,20,22
4660,2025-08-01,4.541912739130435,23,24
4660,2025-08-05,4.674214095238095,21,24
4660,2025-08-09,11.447412630434783,23,24
4660,2025-08-13,20.84557146190476,21,24
4660,2025-08-17,7.645181454545455,22,23
4660,2025-08-21,7.129451876190477,21,24
4660,2025-08-25,6.597260260869565,23,24
4660,2025-08-29,4.688651565217391,23,24
4660,2025-09-02,4.287904238095239,21,24
4660,2025-09-06,2.3692040454545453,22,24
4660,2025-09-10,3.680726818181818,22,24
4660,2025-09-14,4.833856476190476,21,24
4660,2025-09-18,5.694374600000001,20,24
4660,2025-09-22,8.81415167826087,23,24
4660,2025-10-04,7.650090327272727,11,24
4660,2025-10-20,10.73869928,5,5
4660,2025-10-24,5.116673434782609,23,24
4660,2025-10-28,6.643380552380953,21,24
4660,2025-11-01,9.248681354545456,11,11
4660,2025-11-05,9.099521986363637,22,24
4660,2025-11-09,12.542108343478262,23,24
4660,2025-11-13,7.640544913636364,22,23
4660,2025-11-17,5.96124955,20,23
4660,2025-11-21,7.135890769565218,23,24
4660,2025-11-25,19.25179971,10,20
4660,2025-11-29,25.79649855,2,2
4660,2025-12-03,26.811658813636367,22,24
4660,2025-12-07,14.251590536363636,22,24
4660,2025-12-11,19.497025678947367,19,24
4660,2025-12-15,22.866785614285714,21,24
4660,2025-12-19,13.662951847619048,21,23
4660,2025-12-23,32.662261039130435,23,24
4660,2025-12-27,21.69708316111111,18,24
4660,2025-12-31,22.83865184347826,23,24
4478766,2025-05-21,5.064,10,10
4478766,2025-05-25,4.3525,20,20
4478766,2025-05-29,8.776666666666666,18,18
4478766,2025-06-02,6.1947368421052635,19,19
4478766,2025-06-22,3.439230769230769,13,13
4478766,2025-06-26,5.7905,20,20
4478766,2025-06-30,1.8595,20,20
4478766,2025-07-04,7.852777777777778,18,18
4478766,2025-07-08,1.9799999999999998,19,19
4478766,2025-07-12,4.1,1,1
4478766,2025-07-16,4.17,19,19
4478766,2025-07-20,3.574705882352941,17,17
4478766,2025-07-24,18.553,20,20
4478766,2025-07-28,2.0353333333333334,15,15
4478766,2025-08-01,4.469473684210526,19,19
4478766,2025-08-05,8.619047619047619,21,21
4478766,2025-08-09,8.298181818181819,22,22
4478766,2025-08-13,9.58736842105263,19,19
4478766,2025-08-17,9.458947368421052,19,19
4478766,2025-08-21,5.371176470588235,17,17
4478766,2025-08-25,6.526190476190477,21,21
4478766,2025-08-29,3.5857142857142854,21,21
4478766,2025-09-02,3.6607142857142856,14,14
4478766,2025-09-06,3.5575,16,16
4478766,2025-09-10,3.8537500000000002,16,16
4478766,2025-09-14,6.576428571428572,14,14
4478766,2025-09-18,6.987222222222222,18,18
4478766,2025-09-22,4.226875,16,16
4478766,2025-09-26,4.006428571428571,14,14
4478766,2025-09-30,2.805,20,20
4478766,2025-10-04,7.49,19,19
4478766,2025-10-08,8.506470588235295,17,17
4478766,2025-10-12,9.44157894736842,19,19
4478766,2025-10-20,3.3633333333333337,15,15
4478766,2025-10-24,4.433333333333333,21,21
4478766,2025-10-28,7.8066666666666675,3,3
4478766,2025-11-01,6.1,9,9
4478766,2025-11-05,4.985,4,4
4478766,2025-11-09,6.8725,4,4
4478766,2025-11-13,2.758,5,5
4478766,2025-11-17,5.904444444444445,9,9
4478766,2025-11-21,8.15857142857143,7,7
4478766,2025-11-25,5.221666666666667,6,6
4478766,2025-11-29,12.165,2,2
4478766,2025-12-03,6.343333333333334,9,9
4478766,2025-12-07,8.544,5,5
4478766,2025-12-11,8.758571428571429,7,7
4478766,2025-12-15,8.18,3,3
4478766,2025-12-19,9.934999999999999,2,2
4478766,2025-12-23,16.853333333333335,9,9
4478766,2025-12-27,4.8675,4,4
4478766,2025-12-31,12.1775,4,4
2896772,2025-01-01,4.010123456790123,81,81
2896772,2025-01-05,6.820666666666667,60,60
2896772,2025-01-09,2.7849999999999997,52,52
2896772,2025-01-13,10.86875,8,8
2896772,2025-01-17,25.183653846153845,52,52
2896772,2025-01-21,30.84982456140351,57,57
2896772,2025-01-25,5.736136363636364,44,44
2896772,2025-01-29,4.797777777777777,54,54
2896772,2025-02-02,21.5575,32,32
2896772,2025-02-06,7.6450000000000005,34,34
2896772,2025-02-10,17.902931034482762,58,58
2896772,2025-02-14,28.22910256410256,78,78
2896772,2025-02-18,32.670833333333334,72,72
2896772,2025-02-22,5.997999999999999,55,55
2896772,2025-02-26,1.6921428571428574,42,42
2896772,2025-03-02,19.54758064516129,62,62
2896772,2025-03-06,16.636400000000002,50,50
2896772,2025-03-10,17.536,55,55
2896772,2025-03-14,9.164137931034482,58,58
2896772,2025-03-18,21.388548387096773,62,62
2896772,2025-03-22,7.29,55,55
2896772,2025-03-26,14.226896551724137,58,58
2896772,2025-03-30,3.945322580645161,62,62
2896772,2025-04-03,10.723777777777778,45,45
2896772,2025-04-07,5.6818644067796615,59,59
2896772,2025-04-11,16.393529411764707,68,68
2896772,2025-04-15,9.606470588235295,68,68
2896772,2025-04-19,8.034791666666667,48,48
2896772,2025-04-23,2.7110869565217395,46,46
2896772,2025-04-27,22.80516129032258,62,62
2896772,2025-05-01,10.0858,50,50
2896772,2025-05-05,2.1284615384615386,52,52
2896772,2025-05-09,6.5876363636363635,55,55
2896772,2025-05-13,6.833513513513513,37,37
2896772,2025-05-17,7.750344827586207,58,58
2896772,2025-05-21,9.066666666666666,15,15
2896772,2025-05-25,1.8428571428571427,35,35
2896772,2025-05-29,3.7634883720930237,43,43
2896772,2025-06-02,3.4434545454545455,55,55
2896772,2025-06-06,1.973846153846154,39,39
2896772,2025-06-10,7.146153846153846,39,39
2896772,2025-06-14,5.4157692307692304,26,26
2896772,2025-06-18,8.535555555555556,27,27
2896772,2025-06-22,7.172763157894737,76,76
2896772,2025-06-26,4.160975609756098,41,41
2896772,2025-06-30,7.922444444444444,45,45
2896772,2025-07-04,2.5538,50,50
2896772,2025-07-08,3.435,38,38
2896772,2025-07-12,2.859054054054054,74,74
2896772,2025-07-16,7.821969696969697,66,66
2896772,2025-07-20,1.7672881355932202,59,59
2896772,2025-07-24,14.330857142857143,70,70
2896772,2025-07-28,4.7884126984126985,63,63
2896772,2025-08-01,2.9267857142857143,84,84
2896772,2025-08-05,1.8136764705882353,68,68
2896772,2025-08-09,2.1275641025641026,78,78
2896772,2025-08-13,13.973037974683542,79,79
2896772,2025-08-17,9.386533333333334,75,75
2896772,2025-08-21,2.995138888888889,72,72
2896772,2025-08-25,3.5862264150943397,53,53
2896772,2025-08-29,1.591846153846154,65,65
2896772,2025-09-02,1.3436363636363637,66,66
2896772,2025-09-06,1.4140298507462685,67,67
2896772,2025-09-10,1.3271428571428572,14,14
2896772,2025-09-14,1.3705405405405406,74,74
2896772,2025-09-18,2.3311764705882356,68,68
2896772,2025-09-22,1.1943333333333332,60,60
2896772,2025-09-26,5.477627118644068,59,59
2896772,2025-09-30,6.260952380952381,63,63
2896772,2025-10-04,2.016619718309859,71,71
2896772,2025-10-08,6.051702127659575,47,47
2896772,2025-10-12,22.372692307692304,52,52
2896772,2025-10-16,8.853492063492062,63,63
2896772,2025-10-20,2.189318181818182,44,44
2896772,2025-10-24,0.57375,8,8
2896772,2025-10-28,0.6983870967741935,62,62
2896772,2025-11-01,1.545,74,74
2896772,2025-11-05,4.802777777777778,72,72
2896772,2025-11-09,2.713529411764706,68,68
2896772,2025-11-13,6.109411764705882,17,17
2896772,2025-11-17,2.2908695652173914,69,69
2896772,2025-11-21,9.101290322580645,62,62
2896772,2025-11-25,1.365,62,62
2896772,2025-11-29,1.6456923076923076,65,65
2896772,2025-12-03,6.093802816901409,71,71
2896772,2025-12-07,3.9803225806451614,62,62
2896772,2025-12-11,11.01258064516129,62,62
2896772,2025-12-15,16.668809523809525,42,42
2896772,2025-12-19,2.6974074074074075,54,54
2896772,2025-12-23,14.91391304347826,46,46
2896772,2025-12-27,28.27058823529412,68,68
2896772,2025-12-31,11.526231884057971,69,69
2656017,2025-01-21,71.65416666666667,24,24
2656017,2025-01-25,47.1,24,24
2656017,2025-01-29,36.495652173913044,23,23
2656017,2025-02-02,62.64782608695653,23,23
2656017,2025-02-06,79.59411764705882,17,17
2656017,2025-02-10,84.10909090909091,22,22
2656017,2025-02-14,36.78260869565217,23,23
2656017,2025-02-18,36.75555555555556,9,9
2656017,2025-02-22,63.26428571428571,14,14
2656017,2025-03-22,16.491666666666667,24,24
2656017,2025-03-26,16.146666666666665,15,15
2656017,2025-03-30,9.847826086956522,23,23
2656017,2025-04-03,12.395454545454545,22,22
2656017,2025-04-07,8.422222222222222,18,18
2656017,2025-04-11,11.521739130434783,23,23
2656017,2025-04-15,5.4772727272727275,22,22
2656017,2025-04-19,9.134782608695652,23,23
2656017,2025-04-23,12.549999999999999,8,8
2656017,2025-04-27,8.160869565217391,23,23
2656017,2025-05-01,10.453846153846154,13,13
2656017,2025-05-05,11.893333333333334,15,15
2656017,2025-05-09,11.277272727272727,22,22
2656017,2025-05-13,12.258823529411766,17,17
2656017,2025-05-17,8.263636363636364,11,11
2656017,2025-05-21,9.459090909090909,22,22
2656017,2025-05-25,16.476190476190474,21,21
2656017,2025-05-29,10.07391304347826,23,23
2656017,2025-06-02,17.15909090909091,22,22
2656017,2025-06-06,15.05909090909091,22,22
2656017,2025-06-10,14.981818181818182,22,22
2656017,2025-06-14,13.399999999999999,21,21
2656017,2025-06-18,24.189473684210526,19,19
2656017,2025-06-22,11.747826086956522,23,23
2656017,2025-06-26,27.877272727272725,22,22
2656017,2025-06-30,11.352380952380953,21,21
2656017,2025-07-04,23.33181818181818,22,22
2656017,2025-07-08,12.927272727272726,22,22
2656017,2025-07-12,12.726086956521739,23,23
2656017,2025-07-16,10.92,20,20
2656017,2025-07-20,14.01304347826087,23,23
2656017,2025-07-24,14.44090909090909,22,22
2656017,2025-07-28,7.584210526315789,19,19
2656017,2025-08-01,11.04782608695652,23,23
2656017,2025-08-05,7.533333333333333,21,21
2656017,2025-08-09,21.586363636363636,22,22
2656017,2025-08-13,20.525,20,20
2656017,2025-08-17,15.48,5,5
2656017,2025-08-21,15.817391304347826,23,23
2656017,2025-08-25,10.177272727272728,22,22
2656017,2025-08-29,14.078260869565218,23,23
2656017,2025-09-02,14.536363636363637,22,22
2656017,2025-09-06,10.440000000000001,20,20
2656017,2025-09-10,14.673913043478262,23,23
2656017,2025-09-14,11.65,20,20
2656017,2025-09-18,11.340909090909092,22,22
2656017,2025-09-22,10.745454545454546,11,11
2656017,2025-10-08,13.172222222222222,18,18
2656017,2025-10-12,13.689473684210528,19,19
2656017,2025-10-16,19.966666666666665,12,12
2656017,2025-10-20,32.55714285714286,14,14
2656017,2025-10-24,6.163636363636363,22,22
2656017,2025-11-05,25.636363636363637,22,22
2656017,2025-11-09,42.63913043478261,23,23
2656017,2025-11-13,21.62857142857143,7,7
2656017,2025-11-17,1.75,6,6
2656017,2025-12-03,59.69130434782609,23,23
2656017,2025-12-07,22.3,23,23
2656017,2025-12-11,88.865,20,20
2656017,2025-12-15,54.83636363636364,22,22
2656017,2025-12-19,72.65454545454546,22,22
2656017,2025-12-23,27.482608695652175,23,23
2656017,2025-12-27,28.91304347826087,23,23
2656017,2025-12-31,45.5375,16,16
2656013,2025-03-14,8.683125,24,24
2656013,2025-03-18,5.468571428571429,14,14
2656013,2025-03-22,10.331875,24,24
2656013,2025-03-26,6.9484375,16,16
2656013,2025-03-30,4.695181818181818,22,22
2656013,2025-04-03,10.858695652173912,23,23
2656013,2025-04-07,5.494739130434783,23,23
2656013,2025-04-11,11.322666666666668,24,24
2656013,2025-04-15,7.118166666666667,24,24
2656013,2025-04-19,7.384166666666666,24,24
2656013,2025-04-23,13.426555555555556,9,9
2656013,2025-04-27,7.733583333333333,24,24
2656013,2025-05-01,10.175,20,20
2656013,2025-05-05,9.6435625,16,16
2656013,2025-05-09,4.378291666666667,24,24
2656013,2025-05-13,11.091500000000002,24,24
2656013,2025-05-17,9.231823529411765,17,17
2656013,2025-05-21,6.848541666666667,24,24
2656013,2025-05-25,4.414625,24,24
2656013,2025-05-29,3.2384583333333334,24,24
2656013,2025-06-02,6.7443333333333335,24,24
2656013,2025-06-06,8.618041666666667,24,24
2656013,2025-06-10,19.668083333333332,24,24
2656013,2025-06-14,15.026333333333334,24,24
2656013,2025-06-18,11.92585,20,20
2656013,2025-06-22,7.680541666666667,24,24
2656013,2025-06-26,14.864583333333334,24,24
2656013,2025-06-30,6.843125000000001,24,24
2656013,2025-07-04,18.945958333333333,24,24
2656013,2025-07-08,6.989833333333333,24,24
2656013,2025-07-12,5.3885000000000005,24,24
2656013,2025-07-16,8.013,23,23
2656013,2025-07-20,7.629666666666666,24,24
2656013,2025-07-24,8.62225,24,24
2656013,2025-07-28,4.328590909090909,22,22
2656013,2025-08-01,10.360791666666666,24,24
2656013,2025-08-05,4.070541666666666,24,24
2656013,2025-08-09,15.333041666666666,24,24
2656013,2025-08-13,19.697916666666668,24,24
2656013,2025-08-17,11.855869565217391,23,23
2656013,2025-08-21,15.250416666666666,24,24
2656013,2025-08-25,5.510833333333333,24,24
2656013,2025-08-29,9.371625,24,24
2656013,2025-09-02,5.415208333333333,24,24
2656013,2025-09-06,13.981260869565219,23,23
2656013,2025-09-10,9.377916666666666,24,24
2656013,2025-09-14,6.9134166666666665,24,24
2656013,2025-09-18,4.350833333333333,24,24
2656013,2025-09-22,9.977291666666666,24,24
2656013,2025-09-26,5.214958333333334,24,24
2656013,2025-09-30,8.98775,24,24
2656013,2025-10-04,8.993166666666665,24,24
2656013,2025-10-08,3.4504583333333336,24,24
2656013,2025-10-12,10.58840909090909,22,22
2656013,2025-10-16,14.763947368421052,19,19
2656013,2025-10-20,20.429318181818182,22,22
2656013,2025-10-24,5.714541666666666,24,24
2656013,2025-10-28,11.018217391304349,23,23
2656013,2025-11-01,12.181416666666665,24,24
2656013,2025-11-05,24.63713043478261,23,23
2656013,2025-11-09,19.003208333333333,24,24
2656013,2025-11-13,26.9004347826087,23,23
2656013,2025-11-17,16.160347826086955,23,23
2656013,2025-11-21,7.115590909090909,22,22
2656013,2025-11-25,2.71685,20,20
2656013,2025-11-29,58.095,2,2
2656013,2025-12-03,24.666291666666666,24,24
2656013,2025-12-07,18.805333333333333,24,24
2656013,2025-12-11,30.482166666666668,24,24
2656013,2025-12-15,54.41545833333333,24,24
2656013,2025-12-19,26.637565217391305,23,23
2656013,2025-12-23,75.26691666666666,24,24
2656013,2025-12-27,30.738,24,24
2656013,2025-12-31,16.683916666666665,24,24
4526989,2025-05-29,10.782127659574467,47,47
4526989,2025-06-02,7.390166666666667,60,60
4526989,2025-06-06,20.615853658536587,41,41
4526989,2025-06-10,13.655750000000001,40,40
4526989,2025-06-14,13.976315789473684,38,38
4526989,2025-06-18,13.755384615384616,26,26
4526989,2025-06-22,19.9156,75,75
4526989,2025-06-26,12.286363636363635,33,33
4526989,2025-06-30,15.439523809523811,21,21
4526989,2025-07-04,7.743265306122449,49,49
4526989,2025-07-08,7.11829268292683,82,82
4526989,2025-07-12,10.196708860759493,158,158
4526989,2025-07-16,6.3837931034482756,145,145
4526989,2025-07-20,11.563481481481482,135,135
4526989,2025-07-24,6.212088607594937,158,158
4526989,2025-07-28,12.82211678832117,137,137
4526989,2025-08-01,13.686298342541436,181,181
4526989,2025-08-05,24.134,165,165
4526989,2025-08-09,10.518072289156626,166,166
4526989,2025-08-13,17.818870056497175,177,177
4526989,2025-08-17,10.890759493670886,158,158
4526989,2025-08-21,9.455575757575758,165,165
4526989,2025-08-25,17.763675213675214,117,117
4526989,2025-08-29,14.583970588235294,136,136
4526989,2025-09-02,6.784620689655172,145,145
4526989,2025-09-06,12.09875816993464,153,153
4526989,2025-09-10,10.655454545454546,33,33
4526989,2025-09-14,17.94053892215569,167,167
4526989,2025-09-18,15.832317880794701,151,151
4526989,2025-09-22,3.9033333333333333,129,129
4526989,2025-09-26,11.896540880503144,159,159
4526989,2025-09-30,18.461395348837208,129,129
4526989,2025-10-04,13.657579617834394,157,157
4526989,2025-10-08,19.071284403669726,109,109
4526989,2025-10-12,14.337777777777779,90,90
4526989,2025-10-16,14.70364238410596,151,151
4526989,2025-10-20,11.975168539325843,89,89
4526989,2025-10-24,8.2738,50,50
4526989,2025-10-28,17.02923076923077,117,117
4526989,2025-11-01,8.274046242774567,173,173
4526989,2025-11-05,9.758156424581006,179,179
4526989,2025-11-09,6.515714285714286,175,175
4526989,2025-11-13,21.546588235294116,85,85
4526989,2025-11-17,11.991973684210526,152,152
4526989,2025-11-21,12.633955223880598,134,134
4526989,2025-11-25,14.374817518248175,137,137
4526989,2025-11-29,13.415111111111111,135,135
4526989,2025-12-03,16.45390728476821,151,151
4526989,2025-12-07,12.016435643564357,101,101
4526989,2025-12-11,11.854135338345865,133,133
4526989,2025-12-15,16.168229166666666,96,96
4526989,2025-12-19,18.087289719626167,107,107
4526989,2025-12-23,8.56858407079646,113,113
4526989,2025-12-27,16.86022900763359,131,131
4526989,2025-12-31,18.674195804195804,143,143
2163365,2025-01-01,18.93109090909091,22,22
2163365,2025-01-05,18.94536666666667,24,24
2163365,2025-01-09,8.1161625,24,24
2163365,2025-01-13,4.940561538461538,13,13
2163365,2025-01-17,32.736111111111114,18,18
2163365,2025-01-21,13.9828375,24,24
2163365,2025-01-25,19.568083333333334,24,24
2163365,2025-01-29,6.500857142857143,21,21
2163365,2025-02-02,14.597812500000002,24,24
2163365,2025-02-06,18.316679166666667,24,24
2163365,2025-02-10,25.592166666666667,24,24
2163365,2025-02-14,22.116,24,24
2163365,2025-02-18,22.741808333333335,24,24
2163365,2025-02-22,19.65588888888889,18,18
2163365,2025-02-26,41.0704,5,5
2163365,2025-03-02,10.716566666666665,3,3
2163365,2025-03-06,22.845173913043478,23,23
2163365,2025-03-10,14.909417391304348,23,23
2163365,2025-03-14,5.1755272727272725,22,22
2163365,2025-03-18,5.624370833333334,24,24
2163365,2025-03-22,17.3805375,24,24
2163365,2025-03-26,18.77575,16,16
2163365,2025-03-30,15.64735238095238,21,21
2163365,2025-04-03,14.906520833333333,24,24
2163365,2025-04-07,3.3825823529411765,17,17
2163365,2025-04-11,7.980991666666667,24,24
2163365,2025-04-15,10.820806666666666,15,15
2163365,2025-04-19,4.404030434782609,23,23
2163365,2025-04-23,10.902544444444445,9,9
2163365,2025-04-27,6.877745833333333,24,24
2163365,2025-05-01,9.94905,20,20
2163365,2025-05-05,4.398766666666666,15,15
2163365,2025-05-09,6.837695833333334,24,24
2163365,2025-05-13,6.637878260869565,23,23
2163365,2025-05-17,4.0924588235294115,17,17
2163365,2025-05-21,8.8318125,24,24
2163365,2025-05-25,6.738174999999999,24,24
2163365,2025-05-29,3.0837227272727272,22,22
2163365,2025-06-02,12.315729166666666,24,24
2163365,2025-06-06,10.042591304347827,23,23
2163365,2025-06-10,7.639420833333333,24,24
2163365,2025-06-14,8.6932625,24,24
2163365,2025-06-18,13.102619999999998,20,20
2163365,2025-06-22,11.584983333333334,24,24
2163365,2025-06-26,16.573308333333333,24,24
2163365,2025-06-30,9.987829166666666,24,24
2163365,2025-07-04,16.16454166666667,24,24
2163365,2025-07-08,5.680458333333333,24,24
2163365,2025-07-12,8.310558333333335,24,24
2163365,2025-07-16,8.943,22,22
2163365,2025-07-20,15.867079166666665,24,24
2163365,2025-07-24,12.13607619047619,21,21
2163365,2025-07-28,7.989640909090909,22,22
2163365,2025-08-01,6.8355875,24,24
2163365,2025-08-05,6.297234782608696,23,23
2163365,2025-08-09,16.208095454545454,22,22
2163365,2025-08-13,13.294556521739132,23,23
2163365,2025-08-17,13.10653181818182,22,22
2163365,2025-08-21,12.588608333333333,24,24
2163365,2025-08-25,4.933466666666667,24,24
2163365,2025-08-29,12.908616666666667,24,24
2163365,2025-09-02,9.554333333333334,24,24
2163365,2025-09-06,2.699880952380952,21,21
2163365,2025-09-10,10.210104166666666,24,24
2163365,2025-09-14,6.469808695652174,23,23
2163365,2025-09-18,6.839566666666666,24,24
2163365,2025-09-22,8.68915,24,24
2163365,2025-09-26,2.4798043478260867,23,23
2163365,2025-09-30,4.561178260869565,23,23
2163365,2025-10-04,11.962826086956522,23,23
2163365,2025-10-08,5.6857875,24,24
2163365,2025-10-12,5.022742857142857,21,21
2163365,2025-10-16,12.853527272727273,11,11
2163365,2025-10-20,7.7370368421052635,19,19
2163365,2025-10-24,0.9254,15,15
2163365,2025-10-28,2.5740600000000002,15,15
2163365,2025-11-01,8.786150000000001,24,24
2163365,2025-11-05,11.009645454545455,22,22
2163365,2025-11-09,20.401083333333332,24,24
2163365,2025-11-13,8.998860869565219,23,23
2163365,2025-11-17,12.004359090909093,22,22
2163365,2025-11-21,11.825529166666668,24,24
2163365,2025-11-25,5.1501214285714285,14,14
2163365,2025-11-29,14.1215,2,2
2163365,2025-12-03,16.33482,10,10
2163365,2025-12-07,15.5878,7,7
2163365,2025-12-11,10.714911111111112,18,18
2163365,2025-12-15,5.183181818181819,11,11
2163365,2025-12-19,40.9248,15,15
2163365,2025-12-23,9.395655555555557,18,18
2163365,2025-12-27,13.190514285714286,14,14
2163365,2025-12-31,4.059127272727273,22,22
7972,2025-01-01,11.633646527272727,22,24
7972,2025-01-05,4.271209052631579,19,24
7972,2025-01-09,9.92621175,24,24
7972,2025-01-13,2.4253357857142857,14,24
7972,2025-01-17,3.002686347826087,23,24
7972,2025-01-21,4.445137956521739,23,24
7972,2025-01-25,1.6318563999999998,10,24
7972,2025-01-29,3.019006,20,24
7972,2025-02-02,3.6011318235294114,17,24
7972,2025-02-06,2.149958588235294,17,24
7972,2025-02-10,2.3554634761904762,21,24
7972,2025-02-14,3.952738944444444,18,24
7972,2025-02-18,1.9798095,6,14
7972,2025-02-26,4.164834125,16,21
7972,2025-03-02,0.8779149999999999,13,24
7972,2025-03-06,4.730731227272727,22,24
7972,2025-03-10,2.018368222222222,18,24
7972,2025-03-14,1.8692758333333332,12,24
7972,2025-03-18,1.5403715454545455,11,24
7972,2025-03-22,1.387735388888889,18,24
7972,2025-03-26,0.9620670909090908,11,24
7972,2025-03-30,2.1048341111111113,18,23
7972,2025-04-03,4.144519166666666,24,24
7972,2025-04-07,1.8918108333333334,18,24
7972,2025-04-11,2.1052250476190473,21,24
7972,2025-04-15,3.094795181818182,22,24
7972,2025-04-19,1.7899885789473684,19,24
7972,2025-04-23,3.5298854736842107,19,24
7972,2025-04-27,2.7262963636363637,22,24
7972,2025-05-01,2.333449761904762,21,23
7972,2025-05-05,2.65525935,20,24
7972,2025-05-09,4.3957251363636365,22,24
7972,2025-05-13,4.800111045454546,22,24
7972,2025-05-17,3.5452876086956517,23,24
7972,2025-05-21,2.362905125,16,24
7972,2025-05-25,2.2349531904761903,21,24
7972,2025-05-29,4.391460142857143,21,24
7972,2025-06-02,3.0865540555555553,18,24
7972,2025-06-06,3.1105075714285717,21,24
7972,2025-06-10,2.7390559999999997,22,24
7972,2025-06-14,7.107386541666667,24,24
7972,2025-06-18,2.3665756842105266,19,24
7972,2025-06-22,3.1197066666666666,21,24
7972,2025-06-26,9.020376304347826,23,24
7972,2025-06-30,4.510099857142857,21,24
7972,2025-07-04,6.0965434583333336,24,24
7972,2025-07-08,9.660401083333333,24,24
7972,2025-07-12,12.574301291666666,24,24
7972,2025-07-16,18.609111791666667,24,24
7972,2025-07-20,16.193336833333333,24,24
7972,2025-07-24,17.998513291666665,24,24
7972,2025-07-28,8.314228826086957,23,24
7972,2025-08-01,14.766946500000001,24,24
7972,2025-08-05,8.566465714285714,21,24
7972,2025-08-09,6.962959913043478,23,24
7972,2025-08-13,4.930883833333334,24,24
7972,2025-08-17,2.435192117647059,17,24
7972,2025-08-21,1.1482356875,16,24
7972,2025-08-25,1.636391176470588,17,24
7972,2025-08-29,10.120994541666667,24,24
7972,2025-09-02,9.19305847826087,23,24
7972,2025-09-06,6.258511238095237,21,24
7972,2025-09-10,10.050054928571429,14,14
7972,2025-09-18,2.94540175,20,24
7972,2025-09-22,1.877479076923077,13,24
7972,2025-09-26,2.768375789473684,19,23
7972,2025-09-30,2.4462866666666665,21,22
7972,2025-10-04,1.8539618571428573,14,24
7972,2025-10-08,2.010003833333333,18,24
4209585,2025-05-01,4.363777777777778,45,45
4209585,2025-05-05,7.864313725490196,51,51
4209585,2025-05-09,2.8504,50,50
4209585,2025-05-13,10.168333333333333,36,36
4209585,2025-05-17,7.550754716981132,53,53
4209585,2025-05-21,10.000666666666666,15,15
4209585,2025-05-25,8.941142857142857,35,35
4209585,2025-05-29,8.144418604651163,43,43
4209585,2025-06-02,8.3925,52,52
4209585,2025-06-06,14.534594594594594,37,37
4209585,2025-06-10,13.803589743589745,39,39
4209585,2025-06-14,6.584482758620689,29,29
4209585,2025-06-18,13.376206896551725,29,29
4209585,2025-06-22,8.406849315068493,73,73
4209585,2025-06-26,10.805135135135135,37,37
4209585,2025-06-30,6.2299999999999995,39,39
4209585,2025-07-04,12.542888888888887,45,45
4209585,2025-07-08,13.556,35,35
4209585,2025-07-12,10.280845070422535,71,71
4209585,2025-07-16,7.16109375,64,64
4209585,2025-07-20,11.346296296296297,54,54
4209585,2025-07-24,14.041846153846155,65,65
4209585,2025-07-28,15.186119402985074,67,67
4209585,2025-08-01,16.728536585365855,82,82
4209585,2025-08-05,7.066865671641791,67,67
4209585,2025-08-09,10.872777777777777,72,72
4209585,2025-08-13,11.081184210526315,76,76
4209585,2025-08-17,5.754722222222222,72,72
4209585,2025-08-21,11.700298507462685,67,67
4209585,2025-08-25,6.7982000000000005,50,50
4209585,2025-08-29,4.686101694915255,59,59
4209585,2025-09-02,4.985223880597014,67,67
4209585,2025-09-06,7.111818181818181,66,66
4209585,2025-09-10,8.236,10,10
4209585,2025-09-14,6.849178082191781,73,73
4209585,2025-09-18,1.3314285714285714,63,63
4209585,2025-09-22,5.444833333333333,60,60
4209585,2025-09-26,6.7299999999999995,61,61
4209585,2025-09-30,8.684,60,60
4209585,2025-10-04,5.606142857142857,70,70
4209585,2025-10-08,6.841951219512195,41,41
4209585,2025-10-12,16.03372549019608,51,51
4209585,2025-10-16,26.718095238095238,63,63
4209585,2025-10-20,18.036,45,45
4209585,2025-10-24,19.007272727272728,11,11
4209585,2025-10-28,20.13049180327869,61,61
4209585,2025-11-01,26.808888888888887,72,72
4209585,2025-11-05,19.487972972972972,74,74
4209585,2025-11-09,35.073432835820896,67,67
4209585,2025-11-13,23.96388888888889,18,18
4209585,2025-11-17,60.647014925373135,67,67
4209585,2025-11-21,19.03258064516129,62,62
4209585,2025-11-25,42.79966101694915,59,59
4209585,2025-11-29,18.4490625,64,64
4209585,2025-12-03,83.30228571428572,70,70
4209585,2025-12-07,33.8159649122807,57,57
4209585,2025-12-11,48.27473684210526,57,57
4209585,2025-12-15,43.420243902439026,41,41
4209585,2025-12-19,64.83592592592592,54,54
4209585,2025-12-23,105.81136363636364,44,44
4209585,2025-12-27,26.04044776119403,67,67
4209585,2025-12-31,9.378615384615385,65,65
2395625,2025-01-01,51.375,24,24
2395625,2025-01-05,23.208333333333332,24,24
2395625,2025-01-09,30.958333333333332,24,24
2395625,2025-01-13,23.166666666666668,24,24
2395625,2025-01-17,26.791666666666668,24,24
2395625,2025-01-21,39.791666666666664,24,24
2395625,2025-01-25,40.875,24,24
2395625,2025-01-29,22.5,24,24
2395625,2025-02-02,25.291666666666668,24,24
2395625,2025-02-06,39.0,24,24
2395625,2025-02-10,22.25,24,24
2395625,2025-02-14,31.666666666666668,24,24
2395625,2025-02-18,50.166666666666664,24,24
2395625,2025-02-22,20.333333333333332,24,24
2395625,2025-02-26,42.958333333333336,24,24
2395625,2025-03-02,19.291666666666668,24,24
2395625,2025-03-06,17.833333333333332,24,24
2395625,2025-03-10,31.666666666666668,24,24
2395625,2025-03-14,17.08695652173913,23,23
2395625,2025-03-18,13.541666666666666,24,24
2395625,2025-03-22,22.041666666666668,24,24
2395625,2025-03-26,19.25,24,24
2395625,2025-03-30,15.041666666666666,24,24
2395625,2025-04-03,22.208333333333332,24,24
2395625,2025-04-07,19.125,24,24
2395625,2025-04-11,16.625,24,24
2395625,2025-04-15,29.875,24,24
2395625,2025-04-19,11.583333333333334,24,24
2395625,2025-04-23,12.666666666666666,24,24
2395625,2025-05-09,5.125,24,24
2395625,2025-05-13,15.25,24,24
2395625,2025-05-17,5.833333333333333,24,24
2395625,2025-05-21,2.7083333333333335,24,24
2395625,2025-05-25,11.958333333333334,24,24
2395625,2025-05-29,8.636363636363637,22,22
2395625,2025-06-02,7.375,24,24
2395625,2025-06-06,5.791666666666667,24,24
2395625,2025-06-10,8.458333333333334,24,24
2395625,2025-06-14,7.375,24,24
2395625,2025-06-18,7.478260869565218,23,23
2395625,2025-06-22,4.291666666666667,24,24
2395625,2025-06-26,7.333333333333333,24,24
2395625,2025-06-30,11.208333333333334,24,24
2395625,2025-08-25,9.181818181818182,11,11
2395625,2025-08-29,8.25,24,24
2395625,2025-09-02,9.375,24,24
2395625,2025-09-06,12.583333333333334,24,24
2395625,2025-09-10,3.5,22,22
2395625,2025-09-14,5.5,24,24
2395625,2025-09-18,8.541666666666666,24,24
2395625,2025-09-22,12.782608695652174,23,23
2395625,2025-09-26,9.5,24,24
2395625,2025-09-30,10.458333333333334,24,24
2395625,2025-10-04,16.333333333333332,24,24
2395625,2025-10-08,10.166666666666666,24,24
2395625,2025-11-21,26.625,24,24
2395625,2025-11-25,34.833333333333336,24,24
2395625,2025-11-29,37.458333333333336,24,24
2395625,2025-12-03,29.333333333333332,24,24
2395625,2025-12-07,23.375,24,24
2395625,2025-12-11,20.166666666666668,24,24
2395625,2025-12-15,22.875,24,24
2395625,2025-12-19,39.5,24,24
2395625,2025-12-23,23.375,24,24
2395625,2025-12-27,15.625,24,24
2395625,2025-12-31,20.541666666666668,24,24
10567,2025-01-01,4.478410416666667,24,24
10567,2025-01-05,18.274069166666667,24,24
10567,2025-01-09,5.468472208333334,24,24
10567,2025-01-13,7.010128833333333,24,24
10567,2025-01-17,10.742904666666668,24,24
10567,2025-01-21,4.870047958333333,24,24
10567,2025-01-25,9.477164958333335,24,24
10567,2025-01-29,5.575998625,24,24
10567,2025-02-02,13.109179625000001,24,24
10567,2025-02-06,14.28518775,24,24
10567,2025-02-10,8.017748833333334,24,24
10567,2025-02-14,15.480643583333332,24,24
10567,2025-02-18,16.811362791666667,24,24
10567,2025-02-22,31.263298958333333,24,24
10567,2025-02-26,7.0312765,24,24
10567,2025-03-02,5.376954791666666,24,24
10567,2025-03-06,10.527153499999999,24,24
10567,2025-03-10,5.5295392083333335,24,24
10567,2025-03-14,11.668093833333332,24,24
10567,2025-03-18,18.395736125,24,24
10567,2025-03-22,5.4649399999999995,24,24
10567,2025-03-26,8.691164833333334,24,24
10567,2025-03-30,2.3567921304347825,23,23
10567,2025-04-03,11.868621208333332,24,24
10567,2025-04-07,2.7153426666666665,24,24
10567,2025-04-11,3.9650475833333334,24,24
10567,2025-04-15,8.965433333333333,24,24
10567,2025-04-19,1.8804670416666667,24,24
10567,2025-04-23,3.9453210833333334,24,24
10567,2025-04-27,7.484116416666667,24,24
10567,2025-05-01,11.175176841666667,24,24
10567,2025-05-05,3.178653333333333,24,24
10567,2025-05-09,6.601756833333333,24,24
10567,2025-05-13,5.784502375,24,24
10567,2025-05-17,2.9452388333333333,24,24
10567,2025-05-21,1.7800589583333333,24,24
10567,2025-05-25,6.835927041666667,24,24
10567,2025-05-29,2.9227129583333333,24,24
10567,2025-06-02,3.87818925,24,24
10567,2025-06-06,4.3146759999999995,24,24
10567,2025-06-10,14.342658916666666,24,24
10567,2025-06-14,3.5923774583333334,24,24
10567,2025-06-18,2.6735489166666664,24,24
10567,2025-06-22,6.292725666666667,24,24
10567,2025-06-26,11.042321833333332,24,24
10567,2025-06-30,4.979492916666667,24,24
10567,2025-07-04,3.425515666666666,24,24
10567,2025-07-08,3.439040208333333,24,24
10567,2025-07-12,6.033214708333333,24,24
10567,2025-07-16,12.025771958333335,24,24
10567,2025-07-20,12.128269833333334,24,24
10567,2025-07-24,9.576830208333332,24,24
10567,2025-07-28,7.9714768750000005,24,24
10567,2025-08-01,5.120959,24,24
10567,2025-08-05,6.413504230769231,13,13
10567,2025-08-09,9.125200566666667,3,3
10567,2025-08-13,7.561775999999999,24,24
10567,2025-08-17,1.5026395416666667,24,24
10567,2025-08-21,1.1697252916666667,24,24
10567,2025-08-25,1.4023680833333332,24,24
10567,2025-08-29,14.147653666666669,24,24
10567,2025-09-02,4.4257894166666665,24,24
10567,2025-09-06,5.986334291666666,24,24
10567,2025-09-10,12.534749041666666,24,24
10567,2025-09-14,3.526020583333333,24,24
10567,2025-09-18,5.3612927500000005,24,24
10567,2025-09-22,0.9012117083333333,24,24
10567,2025-09-26,5.151291083333333,24,24
10567,2025-09-30,4.233397625,24,24
10567,2025-10-04,3.7744452916666664,24,24
10567,2025-10-08,10.0901034,5,6
10567,2025-12-11,5.858284166666667,6,6
10567,2025-12-15,6.5537645458333325,24,24
10567,2025-12-19,8.878188504347827,23,23
10567,2025-12-23,2.9800336250000004,24,24
10567,2025-12-27,8.921987849999999,24,24
10567,2025-12-31,14.605668845833334,24,24
5474,2025-01-01,1.8,55,55
5474,2025-01-05,3.0517241379310347,58,58
5474,2025-01-09,2.295774647887324,71,71
5474,2025-01-13,2.8333333333333335,78,78
5474,2025-01-17,3.0952380952380953,84,84
5474,2025-01-21,2.5121951219512195,82,82
5474,2025-01-25,2.0135135135135136,74,74
5474,2025-01-29,3.0,63,63
5474,2025-02-02,7.0,64,64
5474,2025-02-06,2.573529411764706,68,68
5474,2025-02-10,1.0153846153846153,65,65
5474,2025-02-14,24.146341463414632,82,82
5474,2025-02-18,1.5555555555555556,81,81
5474,2025-02-22,3.090909090909091,77,77
5474,2025-02-26,4.676923076923077,65,65
5474,2025-03-02,1.3205128205128205,78,78
5474,2025-03-06,1.619718309859155,71,71
5474,2025-03-10,2.4210526315789473,76,76
5474,2025-03-14,7.746031746031746,63,63
5474,2025-03-18,0.9625,80,80
5474,2025-03-22,1.75,60,61
5474,2025-03-26,5.149253731343284,67,67
5474,2025-03-30,2.0757575757575757,66,66
5474,2025-04-03,1.8524590163934427,61,61
5474,2025-04-07,0.8936170212765957,47,47
5474,2025-04-11,2.7058823529411766,68,68
5474,2025-04-15,2.515151515151515,66,66
5474,2025-04-19,3.8,75,75
5474,2025-04-23,3.6333333333333333,60,60
5474,2025-04-27,2.8,50,50
5474,2025-05-01,4.777777777777778,45,45
5474,2025-05-05,5.0,52,52
5474,2025-05-09,2.0422535211267605,71,71
5474,2025-05-13,4.632352941176471,68,68
5474,2025-05-17,1.7014925373134329,67,67
5474,2025-05-21,5.746987951807229,83,83
5474,2025-05-25,1.9610389610389611,77,77
5474,2025-05-29,2.626865671641791,67,67
5474,2025-06-02,4.769230769230769,65,65
5474,2025-06-06,3.696969696969697,66,66
5474,2025-06-10,0.6428571428571429,70,70
5474,2025-06-14,6.184615384615385,65,65
5474,2025-06-18,2.051282051282051,78,78
5474,2025-06-22,5.560975609756097,82,82
5474,2025-06-26,2.0,71,71
5474,2025-06-30,3.3766233766233764,77,77
5474,2025-07-04,3.707692307692308,65,65
5474,2025-07-08,4.757575757575758,66,66
5474,2025-07-12,2.378787878787879,66,66
5474,2025-07-16,2.982142857142857,56,56
5474,2025-07-20,1.320754716981132,53,53
5474,2025-07-24,2.7532467532467533,77,77
5474,2025-07-28,0.0,64,64
5474,2025-08-01,0.0,65,65
5474,2025-08-05,0.0,60,60
5474,2025-08-09,0.0,61,61
5474,2025-08-13,0.0,68,68
5474,2025-08-17,0.0,65,65
5474,2025-08-21,2.2666666666666666,75,75
5474,2025-08-25,2.1506849315068495,73,76
5474,2025-08-29,2.046875,64,64
5474,2025-09-02,5.03030303030303,66,66
5474,2025-09-06,4.016949152542373,59,59
5474,2025-09-10,1.9,50,50
5474,2025-09-14,1.5,64,66
5474,2025-09-18,1.523076923076923,65,65
5474,2025-09-22,0.6710526315789473,76,76
5474,2025-09-26,1.6515151515151516,66,66
5474,2025-09-30,3.3692307692307693,65,65
5474,2025-10-04,4.257575757575758,66,66
5474,2025-10-08,0.9305555555555556,72,72
5474,2025-10-12,0.8125,64,64
5474,2025-10-16,2.514705882352941,68,68
5474,2025-10-20,1.8113207547169812,53,53
5474,2025-10-24,0.6111111111111112,72,72
5474,2025-10-28,1.588235294117647,51,51
5474,2025-11-01,2.328767123287671,73,73
5474,2025-11-05,0.40789473684210525,76,76
5474,2025-11-09,1.7183098591549295,71,71
5474,2025-11-13,0.6944444444444444,72,72
5474,2025-11-17,0.2571428571428571,70,70
5474,2025-11-21,1.4225352112676057,71,71
5474,2025-11-25,0.19402985074626866,67,67
7729,2025-01-01,26.55,22,22
7729,2025-01-05,23.3625,24,24
7729,2025-01-09,28.325,24,24
7729,2025-01-13,12.720833333333333,24,24
7729,2025-01-17,27.837500000000002,24,24
7729,2025-01-21,20.179166666666667,24,24
7729,2025-01-25,14.0375,24,24
7729,2025-01-29,27.204166666666666,24,24
7729,2025-02-02,11.058333333333332,24,24
7729,2025-02-06,15.924999999999999,24,24
7729,2025-02-10,16.141666666666666,24,24
7729,2025-02-14,25.308333333333334,24,24
7729,2025-02-18,39.50833333333333,24,24
7729,2025-02-22,16.766666666666666,24,24
7729,2025-02-26,25.920833333333334,24,24
7729,2025-03-02,12.708333333333334,24,24
7729,2025-03-06,4.6695652173913045,23,23
7729,2025-03-10,18.166666666666668,24,24
7729,2025-03-14,12.608333333333334,24,24
7729,2025-03-18,21.091666666666665,24,24
7729,2025-03-22,20.379166666666666,24,24
7729,2025-03-26,13.479166666666666,24,24
7729,2025-03-30,2.6,22,22
7729,2025-04-03,15.295833333333334,24,24
7729,2025-04-07,24.1875,24,24
7729,2025-04-11,12.216666666666667,24,24
7729,2025-04-15,55.07916666666667,24,24
7729,2025-04-19,12.433333333333332,24,24
7729,2025-04-23,11.979166666666666,24,24
7729,2025-04-27,16.708695652173912,23,23
7729,2025-05-01,16.429166666666667,24,24
7729,2025-05-05,11.387500000000001,24,24
7729,2025-05-09,8.733333333333333,24,24
7729,2025-05-13,19.854166666666668,24,24
7729,2025-05-17,4.166666666666667,18,18
7729,2025-05-21,9.2125,24,24
7729,2025-05-25,25.150000000000002,24,24
7729,2025-05-29,11.263636363636364,22,22
7729,2025-06-02,9.108333333333333,24,24
7729,2025-06-06,11.012500000000001,24,24
7729,2025-06-10,6.66,15,15
7729,2025-06-14,8.383333333333333,24,24
7729,2025-06-18,4.245454545454546,22,22
7729,2025-06-22,6.145833333333333,24,24
7729,2025-06-26,5.05,24,24
7729,2025-06-30,3.391666666666667,24,24
7729,2025-07-04,10.799999999999999,22,22
7729,2025-07-08,6.491666666666667,24,24
7729,2025-07-12,10.0375,24,24
7729,2025-07-16,5.608333333333333,24,24
7729,2025-07-20,7.370833333333334,24,24
7729,2025-07-24,9.454166666666667,24,24
7729,2025-07-28,16.791666666666668,24,24
7729,2025-08-01,11.370833333333332,24,24
7729,2025-08-05,9.261904761904763,21,21
7729,2025-08-09,13.891666666666666,24,24
7729,2025-08-13,6.604761904761904,21,21
7729,2025-08-17,5.2250000000000005,24,24
7729,2025-08-21,5.282608695652174,23,23
7729,2025-08-25,3.710526315789474,19,19
7729,2025-08-29,4.508333333333334,24,24
7729,2025-09-02,3.0208333333333335,24,24
7729,2025-09-06,7.266666666666667,24,24
7729,2025-09-10,8.75,24,24
7729,2025-09-14,6.579166666666667,24,24
7729,2025-09-18,8.391304347826088,23,23
7729,2025-09-22,10.975,24,24
7729,2025-09-26,14.924999999999999,24,24
7729,2025-09-30,9.520833333333334,24,24
7729,2025-10-04,8.822727272727272,22,22
7729,2025-10-08,10.633333333333335,24,24
7729,2025-10-12,5.7875000000000005,24,24
7729,2025-10-16,11.883333333333333,24,24
7729,2025-10-20,13.34736842105263,19,19
7729,2025-10-24,13.958333333333334,24,24
7729,2025-10-28,28.0625,24,24
7729,2025-11-01,15.291666666666666,24,24
7729,2025-11-05,5.7749999999999995,24,24
7729,2025-11-09,16.704166666666666,24,24
7729,2025-11-13,7.991666666666667,24,24
7729,2025-11-17,16.704166666666666,24,24
7729,2025-11-21,13.295833333333334,24,24
7729,2025-11-25,20.229166666666668,24,24
7729,2025-11-29,20.170833333333334,24,24
7729,2025-12-03,28.75,24,24
7729,2025-12-07,26.6375,24,24
7729,2025-12-11,22.879166666666666,24,24
7729,2025-12-15,14.0875,24,24
7729,2025-12-19,23.72083333333333,24,24
7729,2025-12-23,14.9625,24,24
7729,2025-12-27,23.900000000000002,24,24
7729,2025-12-31,13.8375,24,24
2162026,2025-01-01,19.066666666666666,9,9
2162026,2025-01-05,3.0095238095238095,21,21
2162026,2025-01-09,7.735714285714286,14,14
2162026,2025-01-13,1.9,2,2
2162026,2025-01-17,10.472727272727273,11,11
2162026,2025-01-21,19.2,4,4
2162026,2025-01-25,16.361538461538462,13,13
2162026,2025-01-29,7.2,8,8
2162026,2025-02-02,6.5125,16,16
2162026,2025-02-06,7.01875,16,16
2162026,2025-02-10,13.09,10,10
2162026,2025-02-14,6.091666666666666,12,12
2162026,2025-02-18,11.838461538461539,13,13
2162026,2025-02-22,12.73,10,10
2162026,2025-03-02,5.2,2,2
2162026,2025-03-06,15.216666666666667,12,12
2162026,2025-03-10,16.823076923076922,13,13
2162026,2025-03-14,23.266666666666666,3,3
2162026,2025-03-18,3.2000000000000006,3,3
2162026,2025-03-22,7.88,5,5
2162026,2025-03-30,6.9,2,2
2162026,2025-04-03,7.666666666666667,3,3
2162026,2025-04-07,5.2,4,4
2162026,2025-04-11,11.7,1,1
2162026,2025-04-15,9.75,2,2
2162026,2025-04-19,3.45,2,2
2162026,2025-04-27,8.6,2,2
2162026,2025-05-05,7.55,2,2
2162026,2025-05-09,2.2666666666666666,6,6
2162026,2025-05-13,9.9125,8,8
2162026,2025-05-17,4.325,4,4
2162026,2025-05-21,11.333333333333334,3,3
2162026,2025-05-25,2.65,2,2
2162026,2025-05-29,2.04,5,5
2162026,2025-06-02,9.299999999999999,3,3
2162026,2025-06-06,8.45,2,2
2162026,2025-06-10,19.9,1,1
2162026,2025-06-14,13.3,2,2
2162026,2025-06-18,14.200000000000001,3,3
2162026,2025-06-22,8.02,5,5
2162026,2025-06-30,7.675,4,4
2162026,2025-07-04,14.38,10,10
2162026,2025-07-08,12.133333333333333,3,3
2162026,2025-07-12,6.5200000000000005,5,5
2162026,2025-07-20,7.0,1,1
2162026,2025-07-24,9.100000000000001,9,9
2162026,2025-07-28,4.266666666666667,3,3
2162026,2025-08-01,9.9625,8,8
2162026,2025-08-05,5.0200000000000005,5,5
2162026,2025-08-09,15.716666666666667,6,6
2162026,2025-08-13,14.033333333333333,3,3
2162026,2025-08-17,7.45,2,2
2162026,2025-08-21,17.78,5,5
2162026,2025-08-25,7.366666666666667,6,6
2162026,2025-08-29,14.799999999999999,6,6
2162026,2025-09-02,3.95,2,2
2162026,2025-09-06,8.55,2,2
2162026,2025-09-10,7.9,1,1
2162026,2025-09-14,4.1,1,1
2162026,2025-10-04,6.6000000000000005,3,3
2162026,2025-10-08,2.9333333333333336,3,3
2162026,2025-10-12,6.7,1,1
2162026,2025-10-16,8.1,1,1
2162026,2025-10-20,13.683333333333332,6,6
2162026,2025-10-24,8.375,4,4
2162026,2025-10-28,5.466666666666666,3,3
2162026,2025-11-01,8.98,5,5
2162026,2025-11-05,4.466666666666667,3,3
2162026,2025-11-09,5.033333333333333,3,3
2162026,2025-11-13,8.9,3,3
2162026,2025-11-17,10.433333333333334,3,3
2162026,2025-11-21,2.4,3,3
2162026,2025-11-25,4.766666666666667,3,3
2162026,2025-11-29,3.2,1,1
2162026,2025-12-03,5.8,1,1
2162026,2025-12-07,8.233333333333333,3,3
2162026,2025-12-11,15.083333333333334,6,6
2162026,2025-12-15,10.25,2,2
2162026,2025-12-23,8.05,2,2
2162026,2025-12-27,6.6,1,1
2162026,2025-12-31,3.2,1,1
2839,2025-01-01,48.05614614583333,24,24
2839,2025-01-05,14.892416712500001,24,24
2839,2025-01-09,13.734022245454547,22,24
2839,2025-01-13,6.528076461538461,13,17
2839,2025-01-17,14.683323247058823,17,17
2839,2025-01-21,21.97230907142857,21,24
2839,2025-01-25,20.226613431818183,22,24
2839,2025-01-29,7.480522104545455,22,24
2839,2025-02-02,14.301064899999998,23,24
2839,2025-02-06,17.547999625,24,24
2839,2025-02-10,27.870395745833335,24,24
2839,2025-02-14,17.252395679166668,24,24
2839,2025-02-18,24.089444755555558,9,24
2839,2025-02-22,31.386630365217393,23,24
2839,2025-02-26,12.838599339999998,5,6
2839,2025-03-02,10.9043329,3,3
2839,2025-03-06,32.72568157272727,22,24
2839,2025-03-10,15.526020708333334,24,24
2839,2025-03-14,10.930274505,20,24
2839,2025-03-18,4.063261476190476,21,24
2839,2025-03-22,20.032195530434784,23,24
2839,2025-03-26,14.692711445,20,24
2839,2025-03-30,12.123573095454544,22,23
2839,2025-04-03,13.582502147826087,23,24
2839,2025-04-07,2.9058679583333333,24,24
2839,2025-04-11,10.733289265,20,24
2839,2025-04-15,2.581201083333333,24,24
2839,2025-04-23,5.307613777777778,9,9
2839,2025-04-27,5.844340249999999,24,24
2839,2025-05-01,7.94886133,20,20
2839,2025-05-05,3.4722852142857143,14,17
2839,2025-05-09,7.421050038095238,21,24
2839,2025-05-13,7.094272109090909,22,24
2839,2025-05-17,6.357094285714285,7,19
2839,2025-05-21,6.504706473684211,19,24
2839,2025-05-25,5.744050739130435,23,24
2839,2025-05-29,2.4695683333333336,15,24
2839,2025-06-02,5.093739176470588,17,24
2839,2025-06-06,4.0548439,10,24
2839,2025-06-10,13.231552021428572,14,24
2839,2025-06-14,5.6870675888888895,18,24
2839,2025-06-18,7.428428153846154,13,23
2839,2025-06-22,5.394517788235294,17,24
2839,2025-06-26,7.749321628571429,21,24
2839,2025-06-30,6.5011481818181815,22,24
2839,2025-07-04,10.21754704347826,23,24
2839,2025-07-08,2.53438145,20,24
2839,2025-07-12,5.762449309523809,21,24
2839,2025-07-16,7.257289344444445,18,24
2839,2025-07-20,7.130505604166667,24,24
2839,2025-07-24,5.399601318181818,22,24
2839,2025-07-28,3.9045767499999995,20,22
2839,2025-08-01,5.019192833333333,24,24
2839,2025-08-05,17.105069514285713,21,24
2839,2025-08-09,10.946673970833332,24,24
2839,2025-08-13,13.521200713636365,22,24
2839,2025-08-17,13.648320139130433,23,23
2839,2025-08-21,9.664698081818182,22,24
2839,2025-08-25,3.8360765000000003,24,24
2839,2025-08-29,2.473923875,24,24
2839,2025-09-02,2.882799909090909,22,24
2839,2025-09-06,3.8256483181818184,22,24
2839,2025-09-10,6.750719069565217,23,24
2839,2025-09-14,4.397332227272727,22,24
2839,2025-09-18,4.658905452380952,21,24
2839,2025-09-22,10.120444217391304,23,24
2839,2025-10-04,10.346914507692308,13,24
2839,2025-10-20,9.99403824,5,5
2839,2025-10-24,1.4654581666666668,24,24
2839,2025-10-28,2.5183047727272725,22,24
2839,2025-11-01,16.833898372727273,11,11
2839,2025-11-05,16.68018203181818,22,24
2839,2025-11-09,17.289348508333333,24,24
2839,2025-11-13,22.27908671818182,22,23
2839,2025-11-17,12.56909771904762,21,23
2839,2025-11-21,11.19530315,24,24
2839,2025-11-25,25.220058775,8,20
2839,2025-11-29,24.907094,2,2
2839,2025-12-03,8.31758632173913,23,24
2839,2025-12-07,23.597289739130435,23,24
2839,2025-12-11,23.76242311,20,24
2839,2025-12-15,7.2169479899999995,20,24
2839,2025-12-19,14.236769650000001,22,23
2839,2025-12-23,10.197472336363637,22,24
2839,2025-12-27,20.832624294736842,19,24
2839,2025-12-31,6.269991666666667,24,24
1601414,2025-01-01,5.1990740684171515,24,24
1601414,2025-01-05,4.6001157475014525,24,24
1601414,2025-01-09,1.652173917038717,23,23
1601414,2025-02-14,6.430844905475776,24,24
1601414,2025-02-18,1.637731479273902,24,24
1601414,2025-02-22,1.6655092608804505,24,24
1601414,2025-02-26,3.3686342551890345,24,24
1601414,2025-03-02,7.267361127254035,24,24
1601414,2025-03-06,2.313657408269743,24,24
1601414,2025-03-10,1.1898148177812498,24,24
1601414,2025-03-14,9.610532417479488,24,24
1601414,2025-03-18,13.012268594296819,24,24
1601414,2025-03-22,4.106481472030282,24,24
1601414,2025-03-26,4.2523148194369345,24,24
1601414,2025-03-30,1.7748842603630488,24,24
1601414,2025-04-03,15.481481412839559,24,24
1601414,2025-04-07,0.9305555582460431,24,24
1601414,2025-04-11,20.706018512447674,24,24
1601414,2025-04-15,4.437499973716007,24,24
1601414,2025-04-19,10.88773148920801,24,24
1601414,2025-04-23,2.9675925891432495,24,24
1601414,2025-04-27,0.9508101901867323,24,24
1601414,2025-05-01,7.719907413236797,24,24
1601414,2025-05-05,6.360532418514292,24,24
1601414,2025-05-09,2.8015046270771156,24,24
1601414,2025-05-13,3.5138888898202114,24,24
1601414,2025-05-17,7.95023147513469,24,24
1601414,2025-05-21,2.2361111143190002,24,24
1601414,2025-05-25,11.651620362367895,24,24
1601414,2025-05-29,21.12442129539947,24,24
1601414,2025-06-02,23.202160512959516,9,9
1601414,2025-06-06,27.431134298443794,24,24
1601414,2025-06-10,9.852430543655322,24,24
1601414,2025-06-14,34.39004629053589,24,24
1601414,2025-06-18,7.822337971793281,24,24
1601414,2025-06-22,15.722826092139535,23,23
1601414,2025-06-26,0.6174768544733524,24,24
1601414,2025-06-30,12.131944439063469,24,24
1601414,2025-07-04,6.9259259071615,24,24
1601414,2025-07-08,79.91666686038177,24,24
1601414,2025-07-12,18.166087948406737,24,24
1601414,2025-07-16,79.96122673215966,24,24
1601414,2025-07-20,34.45775447475413,24,24
1601414,2025-07-24,2.059606484551397,24,24
1601414,2025-07-28,20.725115764161778,24,24
1601414,2025-08-01,96.22222218227883,24,24
1601414,2025-08-05,14.685763862604896,24,24
1601414,2025-08-09,3.152199077937338,24,24
1601414,2025-08-13,4.434027778916061,24,24
1601414,2025-08-17,3.7042824000948005,24,24
1601414,2025-08-21,18.641782423688305,24,24
1601414,2025-08-25,2.4363425988703966,24,24
1601414,2025-08-29,67.90277788995041,24,24
1601414,2025-09-02,18.62152778522836,24,24
1601414,2025-09-06,1.5052083350924983,24,24
1601414,2025-09-10,2.1238425933859415,24,24
1601414,2025-09-14,6.68749999668863,24,24
1601414,2025-09-18,1.20891203927911,24,24
1601414,2025-09-22,6.12847222139438,24,24
1601414,2025-09-26,20.044560185185187,24,24
1601414,2025-09-30,13.897569444444445,24,24
1601414,2025-10-04,2.7179951690821254,23,23
1601414,2025-10-08,5.305555555555555,24,24
1601414,2025-10-12,1.357638888888889,24,24
1601414,2025-10-16,11.228587962962962,24,24
1601414,2025-10-20,5.80489417989418,21,21
1601414,2025-10-24,2.222800925925926,24,24
1601414,2025-10-28,54.61689814814815,24,24
1601414,2025-11-01,7.200231481481481,24,24
1601414,2025-11-05,3.998792270531401,23,23
1601414,2025-11-09,1.5115740740740737,24,24
1601414,2025-11-13,9.460748792270532,23,23
1601414,2025-11-17,0.35037878787878785,22,22
1601414,2025-11-21,1.4380787037037035,24,24
1601414,2025-11-25,11.280671296296296,24,24
1601414,2025-11-29,8.737847222222221,24,24
1601414,2025-12-03,2.207175925925926,24,24
1601414,2025-12-07,8.381944444444445,24,24
1601414,2025-12-11,2.9959490740740744,24,24
1601414,2025-12-15,6.315393518518519,24,24
1601414,2025-12-19,7.575231481481482,24,24
1601414,2025-12-23,3.300347222222222,24,24
1601414,2025-12-27,0.8171296296296297,24,24
1601414,2025-12-31,5.230676328502415,23,23
7740,2025-01-01,34.28181818181818,22,22
7740,2025-01-05,29.304166666666664,24,24
7740,2025-01-09,37.84583333333333,24,24
7740,2025-01-13,15.0375,24,24
7740,2025-01-17,31.4375,24,24
7740,2025-01-21,20.695833333333333,24,24
7740,2025-01-25,11.775,24,24
7740,2025-01-29,24.991666666666664,24,24
7740,2025-02-02,10.229166666666666,24,24
7740,2025-02-06,18.304166666666667,24,24
7740,2025-02-10,15.612499999999999,24,24
7740,2025-02-14,23.041666666666668,24,24
7740,2025-02-18,37.34166666666667,24,24
7740,2025-02-22,17.6375,24,24
7740,2025-02-26,33.479166666666664,24,24
7740,2025-03-02,12.520833333333334,24,24
7740,2025-03-06,6.7299999999999995,20,20
7740,2025-03-10,14.783333333333333,24,24
7740,2025-03-14,13.81304347826087,23,23
7740,2025-03-18,21.995833333333334,24,24
7740,2025-03-22,19.304166666666667,24,24
7740,2025-03-26,12.75,24,24
7740,2025-03-30,6.14,10,10
7740,2025-04-03,16.420833333333334,24,24
7740,2025-04-07,21.520833333333332,24,24
7740,2025-04-11,14.275,24,24
7740,2025-04-15,40.43333333333333,24,24
7740,2025-04-19,13.458333333333334,24,24
7740,2025-04-23,12.995454545454544,22,22
7740,2025-04-27,13.031818181818181,22,22
7740,2025-05-01,16.329166666666666,24,24
7740,2025-05-05,10.5875,24,24
7740,2025-05-09,9.008333333333333,24,24
7740,2025-05-13,15.333333333333334,24,24
7740,2025-05-17,6.565217391304348,23,23
7740,2025-05-21,9.387500000000001,24,24
7740,2025-05-25,21.125,24,24
7740,2025-05-29,9.495652173913044,23,23
7740,2025-06-02,8.029166666666667,24,24
7740,2025-06-06,10.683333333333332,24,24
7740,2025-06-10,4.6875,24,24
7740,2025-06-14,8.15,24,24
7740,2025-06-18,5.995833333333334,24,24
7740,2025-06-22,4.570833333333334,24,24
7740,2025-06-26,4.1499999999999995,24,24
7740,2025-06-30,4.175,24,24
7740,2025-07-04,9.558333333333334,24,24
7740,2025-07-08,5.916666666666667,24,24
7740,2025-07-12,8.2875,24,24
7740,2025-07-16,8.641666666666667,24,24
7740,2025-07-20,3.60625,16,16
7740,2025-07-24,14.833333333333334,24,24
7740,2025-07-28,13.345833333333333,24,24
7740,2025-08-01,9.741666666666665,24,24
7740,2025-08-05,9.57,20,20
7740,2025-08-09,11.379166666666668,24,24
7740,2025-08-13,8.666666666666666,24,24
7740,2025-08-17,5.121052631578947,19,19
7740,2025-08-21,6.7,24,24
7740,2025-08-25,4.1421052631578945,19,19
7740,2025-08-29,5.883333333333333,24,24
7740,2025-09-02,4.841176470588235,17,17
7740,2025-09-06,9.366666666666667,24,24
7740,2025-09-10,6.0,24,24
7740,2025-09-14,5.904545454545455,22,22
7740,2025-09-18,6.395833333333333,24,24
7740,2025-09-22,10.116666666666667,24,24
7740,2025-09-26,8.174999999999999,24,24
7740,2025-09-30,8.066666666666666,24,24
7740,2025-10-04,8.223809523809523,21,21
7740,2025-10-08,10.433333333333334,24,24
7740,2025-10-12,4.98695652173913,23,23
7740,2025-10-16,12.945833333333333,24,24
7740,2025-10-20,11.573684210526316,19,19
7740,2025-10-24,16.383333333333333,24,24
7740,2025-10-28,28.886363636363637,22,22
7740,2025-11-01,17.113636363636363,22,22
7740,2025-11-05,8.805263157894737,19,19
7740,2025-11-09,18.216666666666665,24,24
7740,2025-11-13,8.64375,16,16
7740,2025-11-17,19.579166666666666,24,24
7740,2025-11-21,15.120833333333332,24,24
7740,2025-11-25,19.679166666666667,24,24
7740,2025-11-29,21.979166666666668,24,24
7740,2025-12-03,33.22105263157895,19,19
7740,2025-12-07,29.441666666666666,24,24
7740,2025-12-11,24.1,20,20
7740,2025-12-15,14.7875,24,24
7740,2025-12-19,19.858333333333334,24,24
7740,2025-12-23,12.799999999999999,24,24
7740,2025-12-27,28.554166666666664,24,24
7740,2025-12-31,18.720833333333335,24,24
2927462,2025-01-01,33.708333333333336,24,24
2927462,2025-01-05,13.916666666666666,24,24
2927462,2025-01-09,33.5,24,24
2927462,2025-01-13,22.875,24,24
2927462,2025-01-17,25.916666666666668,24,24
2927462,2025-01-21,55.416666666666664,24,24
2927462,2025-01-25,22.291666666666668,24,24
2927462,2025-01-29,23.125,24,24
2927462,2025-02-02,8.125,24,24
2927462,2025-02-06,23.166666666666668,24,24
2927462,2025-02-10,21.0,24,24
2927462,2025-02-14,31.458333333333332,24,24
2927462,2025-02-18,13.826086956521738,23,23
2927462,2025-02-22,18.958333333333332,24,24
2927462,2025-02-26,33.875,24,24
2927462,2025-03-02,16.166666666666668,24,24
2927462,2025-03-06,10.208333333333334,24,24
2927462,2025-03-10,17.208333333333332,24,24
2927462,2025-03-14,16.291666666666668,24,24
2927462,2025-03-18,27.625,24,24
2927462,2025-03-22,18.875,24,24
2927462,2025-03-26,19.75,24,24
2927462,2025-03-30,8.125,24,24
2927462,2025-04-03,20.708333333333332,24,24
2927462,2025-04-07,28.958333333333332,24,24
2927462,2025-04-11,26.208333333333332,24,24
2927462,2025-04-15,23.956521739130434,23,23
2927462,2025-04-19,16.291666666666668,24,24
2927462,2025-04-23,21.25,24,24
2927462,2025-05-09,11.75,24,24
2927462,2025-05-13,18.166666666666668,24,24
2927462,2025-05-17,8.916666666666666,24,24
2927462,2025-05-21,13.0,23,23
2927462,2025-05-25,35.458333333333336,24,24
2927462,2025-05-29,7.041666666666667,24,24
2927462,2025-06-02,14.583333333333334,24,24
2927462,2025-06-06,13.0,24,24
2927462,2025-06-10,7.75,24,24
2927462,2025-06-14,8.083333333333334,24,24
2927462,2025-06-18,12.304347826086957,23,23
2927462,2025-06-22,9.625,24,24
2927462,2025-06-26,6.291666666666667,24,24
2927462,2025-06-30,6.125,24,24
2927462,2025-08-25,4.545454545454546,11,11
2927462,2025-09-06,8.125,24,24
2927462,2025-09-10,12.73913043478261,23,23
2927462,2025-09-14,12.958333333333334,24,24
2927462,2025-09-18,6.666666666666667,24,24
2927462,2025-09-22,10.916666666666666,24,24
2927462,2025-09-26,6.083333333333333,24,24
2927462,2025-09-30,11.291666666666666,24,24
2927462,2025-10-04,7.041666666666667,24,24
2927462,2025-10-08,13.869565217391305,23,23
2927462,2025-11-21,19.333333333333332,24,24
2927462,2025-11-25,29.166666666666668,24,24
2927462,2025-11-29,19.75,24,24
2927462,2025-12-03,27.130434782608695,23,23
2927462,2025-12-07,14.708333333333334,24,24
2927462,2025-12-11,20.375,24,24
2927462,2025-12-15,18.75,24,24
2927462,2025-12-19,28.875,24,24
2927462,2025-12-23,10.043478260869565,23,23
2927462,2025-12-27,11.666666666666666,24,24
2927462,2025-12-31,20.0,24,24
7736,2025-01-01,33.054545454545455,22,22
7736,2025-01-05,29.625,24,24
7736,2025-01-09,37.5,24,24
7736,2025-01-13,16.2,24,24
7736,2025-01-17,31.849999999999998,24,24
7736,2025-01-21,20.95,24,24
7736,2025-01-25,11.5875,24,24
7736,2025-01-29,24.825,24,24
7736,2025-02-02,9.595238095238095,21,21
7736,2025-02-06,18.095833333333335,24,24
7736,2025-02-10,13.604166666666666,24,24
7736,2025-02-14,24.266666666666666,24,24
7736,2025-02-18,38.18333333333333,24,24
7736,2025-02-22,15.829166666666666,24,24
7736,2025-02-26,31.645833333333332,24,24
7736,2025-03-02,11.258333333333333,24,24
7736,2025-03-06,6.077272727272727,22,22
7736,2025-03-10,14.641666666666666,24,24
7736,2025-03-14,14.754166666666668,24,24
7736,2025-03-18,21.810526315789474,19,19
7736,2025-03-22,22.537499999999998,24,24
7736,2025-03-26,13.908333333333333,24,24
7736,2025-03-30,5.864285714285714,14,14
7736,2025-04-03,15.695833333333333,24,24
7736,2025-04-07,20.645833333333332,24,24
7736,2025-04-11,15.620833333333332,24,24
7736,2025-04-15,44.645833333333336,24,24
7736,2025-04-19,14.612499999999999,24,24
7736,2025-04-23,13.529166666666667,24,24
7736,2025-04-27,11.76086956521739,23,23
7736,2025-05-01,18.091666666666665,24,24
7736,2025-05-05,11.533333333333333,24,24
7736,2025-05-09,10.754166666666668,24,24
7736,2025-05-13,17.670833333333334,24,24
7736,2025-05-17,6.233333333333333,24,24
7736,2025-05-21,10.633333333333333,24,24
7736,2025-05-25,22.675,24,24
7736,2025-05-29,11.629166666666668,24,24
7736,2025-06-02,11.25,24,24
7736,2025-06-06,12.66,15,15
7736,2025-06-10,6.258333333333333,24,24
7736,2025-06-14,11.1625,24,24
7736,2025-06-18,6.654166666666666,24,24
7736,2025-06-22,5.6875,24,24
7736,2025-06-26,4.375,24,24
7736,2025-06-30,4.2749999999999995,24,24
7736,2025-07-04,10.19090909090909,22,22
7736,2025-07-08,8.125,24,24
7736,2025-07-12,11.283333333333333,24,24
7736,2025-07-16,11.6,24,24
7736,2025-07-20,4.372222222222223,18,18
7736,2025-07-24,16.241666666666667,24,24
7736,2025-07-28,14.6875,24,24
7736,2025-08-01,10.952380952380953,21,21
7736,2025-08-05,12.27727272727273,22,22
7736,2025-08-09,12.4125,24,24
7736,2025-08-13,10.929166666666667,24,24
7736,2025-08-17,5.320833333333334,24,24
7736,2025-08-21,7.554166666666667,24,24
7736,2025-08-25,4.552631578947368,19,19
7736,2025-08-29,6.2250000000000005,24,24
7736,2025-09-02,5.570833333333333,24,24
7736,2025-09-06,9.779166666666667,24,24
7736,2025-09-10,7.816666666666666,24,24
7736,2025-09-14,6.3500000000000005,24,24
7736,2025-09-18,6.2625,24,24
7736,2025-09-22,11.9375,24,24
7736,2025-09-26,8.983333333333333,24,24
7736,2025-09-30,10.179166666666667,24,24
7736,2025-10-04,8.858333333333333,24,24
7736,2025-10-08,11.491666666666667,24,24
7736,2025-10-12,5.320833333333334,24,24
7736,2025-10-16,12.6625,24,24
7736,2025-10-20,14.026315789473685,19,19
7736,2025-10-24,17.2625,24,24
7736,2025-10-28,27.995833333333334,24,24
7736,2025-11-01,17.729166666666668,24,24
7736,2025-11-05,8.341666666666667,24,24
7736,2025-11-09,16.741666666666667,24,24
7736,2025-11-13,9.222727272727273,22,22
7736,2025-11-17,19.1125,24,24
7736,2025-11-21,14.9625,24,24
7736,2025-11-25,19.73913043478261,23,23
7736,2025-11-29,23.97083333333333,24,24
7736,2025-12-03,29.545833333333334,24,24
7736,2025-12-07,31.058333333333334,24,24
7736,2025-12-11,26.995833333333334,24,24
7736,2025-12-15,16.770833333333332,24,24
7736,2025-12-19,21.794117647058822,17,17
7736,2025-12-23,14.075000000000001,24,24
7736,2025-12-27,28.224999999999998,24,24
7736,2025-12-31,18.5625,24,24
2163322,2025-01-01,1.33945,22,22
2163322,2025-01-05,13.73618181818182,22,22
2163322,2025-01-09,1.8929333333333336,21,21
2163322,2025-01-13,6.1781538461538466,13,13
2163322,2025-01-17,6.6934375,16,16
2163322,2025-01-21,0.9921380952380953,21,21
2163322,2025-01-25,5.0639,10,10
2163322,2025-01-29,1.4564631578947367,19,19
2163322,2025-02-02,2.242125,24,24
2163322,2025-02-06,4.483809523809524,21,21
2163322,2025-02-10,6.658124999999999,24,24
2163322,2025-02-14,5.48995,20,20
2163322,2025-02-18,2.8691526315789475,19,19
2163322,2025-02-22,10.686826086956522,23,23
2163322,2025-02-26,1.9367999999999999,5,5
2163322,2025-03-02,8.131,2,2
2163322,2025-03-06,5.783782608695652,23,23
2163322,2025-03-10,9.54075,20,20
2163322,2025-03-14,9.68759090909091,22,22
2163322,2025-03-18,4.404326315789473,19,19
2163322,2025-03-22,11.878260869565217,23,23
2163322,2025-03-26,6.579272727272727,11,11
2163322,2025-03-30,11.131894736842105,19,19
2163322,2025-04-03,8.398375,24,24
2163322,2025-04-07,11.234923076923078,13,13
2163322,2025-04-11,3.5713,23,23
2163322,2025-04-15,5.642739130434782,23,23
2163322,2025-04-19,3.4349,20,20
2163322,2025-04-23,5.0435,4,4
2163322,2025-04-27,2.5482727272727272,22,22
2163322,2025-05-01,8.166473684210526,19,19
2163322,2025-05-05,1.6833416666666665,12,12
2163322,2025-05-09,3.9017619047619045,21,21
2163322,2025-05-13,6.850809523809524,21,21
2163322,2025-05-17,2.1561333333333335,15,15
2163322,2025-05-21,2.156727272727273,22,22
2163322,2025-05-25,4.2766190476190475,21,21
2163322,2025-05-29,2.8719,20,20
2163322,2025-06-02,4.121052631578947,19,19
2163322,2025-06-06,4.021809523809524,21,21
2163322,2025-06-10,2.9028,20,20
2163322,2025-06-14,3.599190476190476,21,21
2163322,2025-06-18,3.3478882352941177,17,17
2163322,2025-06-22,1.8658095238095238,21,21
2163322,2025-06-26,3.8945909090909088,22,22
2163322,2025-06-30,1.0750772727272726,22,22
2163322,2025-07-04,1.55825,20,20
2163322,2025-07-08,2.387421052631579,19,19
2163322,2025-07-12,6.942235294117647,17,17
2163322,2025-07-16,9.796947368421053,19,19
2163322,2025-07-20,10.166904761904762,21,21
2163322,2025-07-24,12.75,21,21
2163322,2025-07-28,3.820866666666667,15,15
2163322,2025-08-01,3.7451578947368422,19,19
2163322,2025-08-05,2.9250727272727275,22,22
2163322,2025-08-09,5.093857142857143,21,21
2163322,2025-08-13,3.077235294117647,17,17
2163322,2025-08-17,1.339925,20,20
2163322,2025-08-21,1.047435,20,20
2163322,2025-08-25,0.9411277777777778,18,18
2163322,2025-08-29,6.8377,20,20
2163322,2025-09-02,6.21878947368421,19,19
2163322,2025-09-06,4.857142857142857,21,21
2163322,2025-09-10,9.56008695652174,23,23
2163322,2025-09-14,3.5568095238095236,21,21
2163322,2025-09-18,2.7927142857142857,21,21
2163322,2025-09-22,0.7679217391304347,23,23
2163322,2025-09-26,3.257190476190476,21,21
2163322,2025-09-30,3.2723684210526316,19,19
2163322,2025-10-04,3.8463000000000003,20,20
2163322,2025-10-08,3.8953578947368417,19,19
2163322,2025-10-12,1.5452,19,19
2163322,2025-10-16,2.9304444444444444,9,9
2163322,2025-10-20,3.6174285714285714,14,14
2163322,2025-10-24,3.447169565217391,23,23
2163322,2025-10-28,1.4808400000000002,20,20
2163322,2025-11-01,2.5216904761904764,21,21
2163322,2025-11-05,2.9656052631578946,19,19
2163322,2025-11-09,2.285225,20,20
2163322,2025-11-13,2.2664761904761908,21,21
2163322,2025-11-17,4.428888888888888,18,18
2163322,2025-11-21,6.372495,20,20
2163322,2025-11-25,3.8513529411764704,17,17
2163322,2025-11-29,2.235,1,1
2163322,2025-12-03,6.046950000000001,20,20
2163322,2025-12-07,6.427130434782609,23,23
2163322,2025-12-11,3.520052380952381,21,21
2437,2025-01-01,36.16151333333333,21,22
2437,2025-01-05,8.382346363636364,22,22
2437,2025-01-09,5.999201666666667,24,24
2437,2025-01-13,17.249356666666667,24,24
2437,2025-01-17,28.5842,24,24
2437,2025-01-21,32.12526666666667,24,24
2437,2025-01-25,10.653793333333333,24,24
2437,2025-01-29,6.893778333333334,24,24
2437,2025-02-02,24.778817391304347,23,24
2437,2025-02-06,8.183131666666666,24,24
2437,2025-02-10,43.05122727272727,22,24
2437,2025-02-14,22.165608333333335,24,24
2437,2025-02-18,22.647956521739133,23,24
2437,2025-02-22,11.183660869565218,23,24
2437,2025-02-26,7.793214166666666,24,24
2437,2025-03-02,21.034791304347827,23,24
2437,2025-03-06,26.17748333333333,24,24
2437,2025-03-10,43.2282,21,22
2437,2025-03-14,5.3100575,24,24
2437,2025-03-18,11.824729999999999,20,24
2437,2025-03-22,12.386841666666667,24,24
2437,2025-03-26,7.805446666666667,21,24
2437,2025-03-30,9.349063809523809,21,23
2437,2025-04-03,13.074683333333333,24,24
2437,2025-04-07,9.254689523809523,21,24
2437,2025-04-11,16.556261666666668,24,24
2437,2025-04-15,16.48027619047619,21,24
2437,2025-04-19,7.139428333333334,24,24
2437,2025-04-23,16.770176666666668,24,24
2437,2025-04-27,15.797583333333334,24,24
2437,2025-05-01,18.77658333333333,24,24
2437,2025-05-05,6.894954782608695,23,24
2437,2025-05-09,8.626322499999999,24,24
2437,2025-05-13,6.544624166666666,24,24
2437,2025-05-17,8.882166666666667,24,24
2437,2025-05-21,10.342478333333334,24,24
2437,2025-05-25,17.04791666666667,24,24
2437,2025-05-29,8.832208333333334,24,24
2437,2025-06-02,7.209700000000001,24,24
2437,2025-06-06,5.646843333333333,24,24
2437,2025-06-10,12.585374999999999,24,24
2437,2025-06-14,7.7824625,24,24
2437,2025-06-18,7.7776275,24,24
2437,2025-06-22,10.746916666666666,24,24
2437,2025-06-26,7.512583333333333,24,24
2437,2025-06-30,6.795850000000001,24,24
2437,2025-07-04,6.508093333333334,24,24
2437,2025-07-08,5.784676666666667,24,24
2437,2025-07-12,3.3060875,24,24
2437,2025-07-16,5.540584166666666,24,24
2437,2025-07-20,8.565096666666667,24,24
2437,2025-07-24,6.745528333333334,24,24
2437,2025-07-28,5.619573333333334,24,24
2437,2025-08-01,4.1652,24,24
2437,2025-08-05,6.175141818181817,11,24
2437,2025-08-09,9.646661904761904,21,24
2437,2025-08-13,15.5166625,24,24
2437,2025-08-17,5.178784210526316,19,24
2437,2025-08-21,2.0701316666666667,24,24
2437,2025-08-25,4.034306666666667,24,24
2437,2025-08-29,2.99751,24,24
2437,2025-09-02,3.230657142857143,21,24
2437,2025-09-06,8.251325,24,24
2437,2025-09-10,5.6173125,24,24
2437,2025-09-14,4.923288333333333,24,24
2437,2025-09-18,2.7786558333333335,24,24
2437,2025-09-22,5.07263,24,24
2437,2025-09-26,7.733887500000001,24,24
2437,2025-09-30,6.133375,24,24
2437,2025-10-04,4.663269166666667,24,24
2437,2025-10-08,6.970846666666667,21,24
2437,2025-10-12,6.999005833333334,24,24
2437,2025-10-16,5.796490833333333,24,24
2437,2025-10-20,6.897721739130435,23,23
2437,2025-10-24,9.556585833333333,24,24
2437,2025-10-28,7.1703833333333336,24,24
2437,2025-11-01,4.995559166666667,24,24
2437,2025-11-05,4.803193333333334,24,24
2437,2025-11-09,7.8056275,24,24
2437,2025-11-13,8.9064125,24,24
2437,2025-11-17,6.982019166666666,24,24
2437,2025-11-21,8.000455833333334,24,24
2437,2025-11-25,8.083049166666667,24,24
2437,2025-11-29,7.490947272727272,22,24
2437,2025-12-03,7.527830909090909,22,24
2437,2025-12-11,10.599158333333333,24,24
2437,2025-12-15,12.913346666666667,24,24
2437,2025-12-19,6.542366666666667,21,24
2437,2025-12-23,12.274590833333333,24,24
2437,2025-12-27,13.240299166666667,24,24
2437,2025-12-31,17.242741666666667,24,24
2960658,2025-01-01,22.110759493670887,79,79
2960658,2025-01-05,50.93809523809524,63,63
2960658,2025-01-09,56.81814814814815,54,54
2960658,2025-01-13,54.949999999999996,7,7
2960658,2025-01-17,51.809583333333336,48,48
2960658,2025-01-21,21.977288135593223,59,59
2960658,2025-01-25,60.65531914893617,47,47
2960658,2025-01-29,82.228,55,55
2960658,2025-02-02,62.71857142857142,42,42
2960658,2025-02-06,63.65567567567568,37,37
2960658,2025-02-10,44.2365,60,60
2960658,2025-02-14,63.803625,80,80
2960658,2025-02-18,59.442205882352944,68,68
2960658,2025-02-22,17.62981818181818,55,55
2960658,2025-02-26,33.390625,48,48
2960658,2025-03-02,16.935,68,68
2960658,2025-03-06,24.6166,50,50
2960658,2025-03-10,29.940851063829786,47,47
2960658,2025-03-14,42.919333333333334,60,60
2960658,2025-03-18,59.01372881355932,59,59
2960658,2025-03-22,66.6340909090909,66,66
2960658,2025-03-26,21.257719298245615,57,57
2960658,2025-03-30,23.729166666666668,60,60
2960658,2025-04-03,7.094181818181818,55,55
2960658,2025-04-07,15.022698412698412,63,63
2960658,2025-04-11,10.410857142857143,70,70
2960658,2025-04-15,13.020757575757576,66,66
2960658,2025-04-19,16.179166666666667,48,48
2960658,2025-04-23,16.011875,48,48
2960658,2025-04-27,10.057096774193548,62,62
2960658,2025-05-01,20.27567567567568,37,37
2960658,2025-05-05,9.878979591836735,49,49
2960658,2025-05-09,10.701764705882352,51,51
2960658,2025-05-13,15.913428571428572,35,35
2960658,2025-05-17,11.506734693877553,49,49
2960658,2025-05-21,9.662,15,15
2960658,2025-05-25,9.974871794871794,39,39
2960658,2025-05-29,14.02125,48,48
2960658,2025-06-02,12.954509803921567,51,51
2960658,2025-06-06,11.885,36,36
2960658,2025-06-10,17.15948717948718,39,39
2960658,2025-06-14,17.546470588235294,34,34
2960658,2025-06-18,8.273225806451613,31,31
2960658,2025-06-22,11.879866666666667,75,75
2960658,2025-06-26,11.479756097560976,41,41
2960658,2025-06-30,9.279393939393941,33,33
2960658,2025-07-04,11.03265306122449,49,49
2960658,2025-07-08,11.878387096774194,31,31
2960658,2025-07-12,14.51,74,74
2960658,2025-07-16,12.604032258064517,62,62
2960658,2025-07-20,14.404827586206897,58,58
2960658,2025-07-24,17.240422535211266,71,71
2960658,2025-07-28,22.324428571428573,70,70
2960658,2025-08-01,23.462962962962962,81,81
2960658,2025-08-05,19.630833333333335,72,72
2960658,2025-08-09,20.236712328767123,73,73
2960658,2025-08-13,14.870500000000002,80,80
2960658,2025-08-17,11.397323943661972,71,71
2960658,2025-08-21,15.589583333333334,72,72
2960658,2025-08-25,17.697021276595745,47,47
2960658,2025-08-29,19.314117647058822,51,51
2960658,2025-09-02,20.449375,32,32
2960658,2025-09-06,15.07125,48,48
2960658,2025-09-10,18.291428571428572,7,7
2960658,2025-09-14,9.092702702702702,74,74
2960658,2025-09-18,16.22483870967742,62,62
2960658,2025-09-22,10.27609375,64,64
2960658,2025-09-26,15.99878787878788,66,66
2960658,2025-09-30,18.11457627118644,59,59
2960658,2025-10-04,21.64943661971831,71,71
2960658,2025-10-08,20.8046,50,50
2960658,2025-10-12,16.21326530612245,49,49
2960658,2025-10-16,19.034242424242425,66,66
2960658,2025-10-20,24.766458333333333,48,48
2960658,2025-10-24,20.305714285714284,14,14
2960658,2025-10-28,25.062295081967214,61,61
2960658,2025-11-01,29.135068493150687,73,73
2960658,2025-11-05,41.28653846153846,78,78
2960658,2025-11-09,38.665633802816906,71,71
2960658,2025-11-13,48.25222222222222,27,27
2960658,2025-11-17,34.94411764705882,68,68
2960658,2025-11-21,65.59177419354839,62,62
2960658,2025-11-25,119.83971830985917,71,71
2960658,2025-11-29,78.54482142857144,56,56
2960658,2025-12-03,43.45522388059702,67,67
2960658,2025-12-07,140.53537037037037,54,54
2960658,2025-12-11,32.50079365079365,63,63
2960658,2025-12-15,29.19272727272727,44,44
2960658,2025-12-19,72.02473684210526,57,57
2960658,2025-12-23,79.80468085106384,47,47
2960658,2025-12-27,43.01523076923077,65,65
2960658,2025-12-31,28.184838709677418,62,62
9514,2025-01-01,11.173913043478262,23,23
9514,2025-01-05,8.791666666666666,24,24
9514,2025-01-09,9.416666666666666,24,24
9514,2025-01-13,4.090909090909091,11,11
9514,2025-01-21,11.130434782608695,23,23
9514,2025-01-25,9.318181818181818,22,22
9514,2025-01-29,12.958333333333334,24,24
9514,2025-02-02,8.956521739130435,23,23
9514,2025-02-06,12.041666666666666,24,24
9514,2025-02-10,7.708333333333333,24,24
9514,2025-02-14,9.833333333333334,24,24
9514,2025-02-18,6.625,24,24
9514,2025-02-22,12.0,2,2
9514,2025-02-26,10.6,5,5
9514,2025-03-02,12.666666666666666,3,3
9514,2025-03-06,9.26086956521739,23,23
9514,2025-03-10,14.391304347826088,23,23
9514,2025-03-14,20.416666666666668,24,24
9514,2025-03-18,5.958333333333333,24,24
9514,2025-03-22,12.166666666666666,24,24
9514,2025-03-26,9.75,12,12
9514,2025-03-30,6.8,20,20
9514,2025-04-03,4.809523809523809,21,21
9514,2025-04-07,9.227272727272727,22,22
9514,2025-04-11,8.952380952380953,21,21
9514,2025-04-15,11.375,24,24
9514,2025-04-19,7.75,4,4
9514,2025-04-23,6.5,8,8
9514,2025-04-27,11.875,24,24
9514,2025-05-01,5.7,20,20
9514,2025-05-05,8.933333333333334,15,15
9514,2025-05-09,10.391304347826088,23,23
9514,2025-05-13,7.75,24,24
9514,2025-05-17,10.0,1,1
9514,2025-05-21,9.473684210526315,19,19
9514,2025-05-25,25.565217391304348,23,23
9514,2025-05-29,9.0,19,19
9514,2025-06-02,8.708333333333334,24,24
9514,2025-06-06,11.625,24,24
9514,2025-06-10,11.0,8,8
9514,2025-06-14,12.956521739130435,23,23
9514,2025-06-18,12.368421052631579,19,19
9514,2025-06-22,7.875,24,24
9514,2025-06-26,11.55,20,20
9514,2025-06-30,8.444444444444445,18,18
9514,2025-07-04,6.909090909090909,22,22
9514,2025-07-08,13.391304347826088,23,23
9514,2025-07-12,7.916666666666667,24,24
9514,2025-07-16,12.0,22,22
9514,2025-07-20,15.458333333333334,24,24
9514,2025-07-24,16.0,24,24
9514,2025-07-28,16.181818181818183,22,22
9514,2025-08-01,6.75,24,24
9514,2025-08-05,12.347826086956522,23,23
9514,2025-08-09,8.375,24,24
9514,2025-08-13,8.391304347826088,23,23
9514,2025-08-17,9.782608695652174,23,23
9514,2025-08-21,12.833333333333334,24,24
9514,2025-08-25,7.291666666666667,24,24
9514,2025-08-29,5.791666666666667,24,24
9514,2025-09-02,8.0,2,2
9514,2025-09-06,9.428571428571429,21,21
9514,2025-09-10,12.26086956521739,23,23
9514,2025-09-14,7.434782608695652,23,23
9514,2025-09-18,7.956521739130435,23,23
9514,2025-09-22,7.4375,16,16
9514,2025-09-26,11.391304347826088,23,23
9514,2025-09-30,6.6521739130434785,23,23
9514,2025-10-04,4.6521739130434785,23,23
9514,2025-10-08,8.5,4,4
9514,2025-10-20,7.65,20,20
9514,2025-10-24,8.347826086956522,23,23
9514,2025-10-28,6.130434782608695,23,23
9514,2025-11-01,7.869565217391305,23,23
9514,2025-11-05,4.0,21,21
9514,2025-11-09,5.869565217391305,23,23
9514,2025-11-13,7.125,24,24
9514,2025-11-17,8.91304347826087,23,23
9514,2025-11-21,8.391304347826088,23,23
9514,2025-11-25,6.6,20,20
9514,2025-11-29,6.0,1,1
9514,2025-12-03,5.958333333333333,24,24
9514,2025-12-07,6.5,24,24
9514,2025-12-11,7.045454545454546,22,22
9514,2025-12-15,11.695652173913043,23,23
9514,2025-12-19,18.75,24,24
9514,2025-12-23,8.083333333333334,24,24
9514,2025-12-27,6.875,24,24
9514,2025-12-31,8.26086956521739,23,23
2359,2025-01-01,5.476593333333334,21,22
2359,2025-01-05,9.942033333333333,21,22
2359,2025-01-09,8.236356842105263,19,24
2359,2025-01-13,16.985098181818184,22,24
2359,2025-01-17,14.6535,16,24
2359,2025-01-21,28.905021052631575,19,24
2359,2025-01-25,6.395401052631579,19,24
2359,2025-01-29,5.015151,20,24
2359,2025-02-02,21.00790909090909,22,24
2359,2025-02-06,14.66526,21,24
2359,2025-02-10,42.82308421052632,19,24
2359,2025-02-14,29.401860869565215,23,24
2359,2025-02-18,22.71781111111111,18,24
2359,2025-02-22,9.119904210526315,19,24
2359,2025-02-26,6.59636,21,24
2359,2025-03-02,16.626566666666665,24,24
2359,2025-03-06,16.16082909090909,22,24
2359,2025-03-10,37.87806,20,22
2359,2025-03-14,7.609358,20,24
2359,2025-03-18,8.935485833333333,24,24
2359,2025-03-22,7.723528,20,24
2359,2025-03-26,10.589244,10,24
2359,2025-03-30,9.522973333333335,15,23
2359,2025-04-03,12.472708333333332,24,24
2359,2025-04-07,8.114693333333333,12,24
2359,2025-04-11,14.230247619047619,21,24
2359,2025-04-15,12.607912380952381,21,24
2359,2025-04-19,10.777935833333332,24,24
2359,2025-04-23,12.242894999999999,24,24
2359,2025-04-27,8.083875,24,24
2359,2025-05-01,11.52908,24,24
2359,2025-05-05,5.5959625,24,24
2359,2025-05-09,5.697965,24,24
2359,2025-05-13,6.159702608695652,23,24
2359,2025-05-17,7.230314166666667,24,24
2359,2025-05-21,9.981048333333334,24,24
2359,2025-05-25,5.0523750000000005,24,24
2359,2025-05-29,7.303165,24,24
2359,2025-06-02,6.877093333333334,24,24
2359,2025-06-06,3.71014,22,24
2359,2025-06-10,13.274500000000002,24,24
2359,2025-06-14,13.289125,24,24
2359,2025-06-18,12.455733333333335,24,24
2359,2025-06-22,10.366125,24,24
2359,2025-06-26,8.737181818181817,11,24
2359,2025-06-30,6.416015833333333,24,24
2359,2025-07-04,5.982754782608696,23,24
2359,2025-07-08,4.779015,24,24
2359,2025-07-12,3.6534383333333333,24,24
2359,2025-07-16,4.8674075,24,24
2359,2025-07-20,2.9568725,24,24
2359,2025-07-24,6.8176225,24,24
2359,2025-07-28,6.7475175,24,24
2359,2025-08-01,4.2237275,24,24
2359,2025-08-05,4.028624166666667,24,24
2359,2025-08-09,12.131464166666667,24,24
2359,2025-08-13,19.697916666666668,24,24
2359,2025-08-17,5.29054,24,24
2359,2025-08-21,5.9784299999999995,24,24
2359,2025-08-25,5.3178825000000005,24,24
2359,2025-08-29,3.2560991666666665,24,24
2359,2025-09-02,3.029844347826087,23,24
2359,2025-09-06,7.747538333333334,24,24
2359,2025-09-14,3.987835,24,24
2359,2025-09-18,2.961357391304348,23,24
2359,2025-09-22,4.216998333333334,24,24
2359,2025-09-26,7.502484166666666,24,24
2359,2025-09-30,14.248624999999999,24,24
2359,2025-10-04,2.7464686956521738,23,24
2359,2025-10-08,8.89214,24,24
2359,2025-10-12,12.397419166666666,24,24
2359,2025-10-16,3.570515652173913,23,24
2359,2025-10-20,4.659955999999999,20,23
2359,2025-10-24,3.0692383333333333,24,24
2359,2025-11-01,4.422253333333334,21,24
2359,2025-11-05,5.539091666666667,24,24
2359,2025-11-09,13.24545304347826,23,24
2359,2025-11-13,5.690954545454545,22,24
2359,2025-11-17,6.0156575,24,24
2359,2025-11-21,16.064435652173913,23,24
2359,2025-11-25,5.691302,20,24
2359,2025-11-29,4.881073636363636,22,24
2359,2025-12-03,8.333888333333332,24,24
2359,2025-12-07,5.771106666666666,9,24
2359,2025-12-11,8.053159166666665,24,24
2359,2025-12-15,7.214605833333334,24,24
2359,2025-12-19,4.878340869565218,23,24
2359,2025-12-23,11.937470833333334,24,24
2359,2025-12-27,18.236135,24,24
2359,2025-12-31,12.743153333333334,24,24
9075,2025-01-01,5.901666666666666,24,24
9075,2025-01-05,6.8808333333333325,24,24
9075,2025-01-09,4.604166666666667,24,24
9075,2025-01-13,5.252083333333333,24,24
9075,2025-01-17,5.514166666666667,24,24
9075,2025-01-21,8.206666666666667,24,24
9075,2025-01-25,6.398333333333333,24,24
9075,2025-01-29,10.0375,24,24
9075,2025-02-02,4.814583333333333,24,24
9075,2025-02-06,7.979583333333333,24,24
9075,2025-02-10,3.5356521739130438,23,23
9075,2025-02-14,6.978750000000001,24,24
9075,2025-02-18,5.847083333333334,24,24
9075,2025-02-22,5.039583333333334,24,24
9075,2025-02-26,4.630416666666666,24,24
9075,2025-03-02,7.139583333333333,24,24
9075,2025-03-06,5.524285714285715,21,21
9075,2025-03-10,5.110416666666667,24,24
9075,2025-03-14,6.8691666666666675,24,24
9075,2025-03-18,5.059166666666667,24,24
9075,2025-03-22,3.4933333333333336,24,24
9075,2025-03-26,5.502083333333334,24,24
9075,2025-03-30,2.5216666666666665,24,24
9075,2025-04-03,7.330416666666667,24,24
9075,2025-04-07,4.294666666666667,15,15
9075,2025-04-11,13.593333333333334,24,24
9075,2025-04-15,5.677083333333333,24,24
9075,2025-04-19,13.28875,24,24
9075,2025-04-23,2.7595833333333335,24,24
9075,2025-04-27,3.610416666666667,24,24
9075,2025-05-01,2.080833333333333,24,24
9075,2025-05-05,12.839166666666666,24,24
9075,2025-05-09,8.016666666666667,24,24
9075,2025-05-13,5.61375,24,24
9075,2025-05-17,15.215833333333334,24,24
9075,2025-05-21,3.895,24,24
9075,2025-05-25,6.43375,24,24
9075,2025-05-29,12.007916666666667,24,24
9075,2025-06-02,24.555000000000003,24,24
9075,2025-06-06,12.787916666666668,24,24
9075,2025-06-10,2.7295833333333337,24,24
9075,2025-06-14,11.027916666666668,24,24
9075,2025-06-18,4.635,24,24
9075,2025-06-22,20.530416666666667,24,24
9075,2025-06-26,5.483750000000001,24,24
9075,2025-06-30,18.417916666666667,24,24
9075,2025-07-04,10.976666666666667,24,24
9075,2025-07-08,7.446666666666666,24,24
9075,2025-07-12,3.95375,24,24
9075,2025-07-16,5.468333333333334,24,24
9075,2025-07-20,9.977916666666667,24,24
9075,2025-07-24,3.5375,24,24
9075,2025-07-28,0.8737499999999999,24,24
9075,2025-08-01,2.4433333333333334,24,24
9075,2025-08-05,11.670833333333334,24,24
9075,2025-08-09,5.090833333333333,24,24
9075,2025-08-13,11.467083333333333,24,24
9075,2025-08-17,4.420869565217391,23,23
9075,2025-08-21,1.39,24,24
9075,2025-08-25,4.0095833333333335,24,24
9075,2025-08-29,1.4416666666666667,24,24
9075,2025-09-02,6.88375,24,24
9075,2025-09-06,5.997916666666666,24,24
9075,2025-09-10,6.011666666666667,24,24
9075,2025-09-14,10.55875,24,24
9075,2025-09-18,4.959583333333334,24,24
9075,2025-09-22,3.81,24,24
9075,2025-09-26,8.281666666666666,24,24
9075,2025-09-30,7.738333333333333,24,24
9075,2025-10-04,5.424166666666667,24,24
9075,2025-10-08,7.078333333333333,24,24
9075,2025-10-12,5.91875,24,24
9075,2025-10-16,6.1125,24,24
9075,2025-10-20,8.022857142857143,21,21
9075,2025-10-24,4.414583333333334,24,24
9075,2025-10-28,2.4991666666666665,24,24
9075,2025-11-01,4.514166666666667,24,24
9075,2025-11-05,2.466666666666667,24,24
9075,2025-11-09,4.142916666666667,24,24
9075,2025-11-13,3.3295833333333333,24,24
9075,2025-11-17,2.6816666666666666,24,24
9075,2025-11-21,1.0168181818181818,22,22
9075,2025-11-25,3.4995833333333333,24,24
9075,2025-11-29,5.895,24,24
9075,2025-12-03,3.8699999999999997,24,24
9075,2025-12-07,5.386666666666667,24,24
9075,2025-12-11,6.235625,16,16
9075,2025-12-15,6.654166666666666,24,24
9075,2025-12-19,9.765416666666667,24,24
9075,2025-12-23,5.074166666666667,24,24
9075,2025-12-27,4.1241666666666665,24,24
9075,2025-12-31,7.328333333333333,24,24
228023,2025-01-01,3.7355717083333335,24,24
228023,2025-01-05,4.346495125,24,24
228023,2025-01-09,6.827472208333333,24,24
228023,2025-01-13,9.24484375,24,24
228023,2025-01-17,17.54596641666667,24,24
228023,2025-01-21,4.412650416666667,24,24
228023,2025-01-25,12.963474583333335,24,24
228023,2025-01-29,3.6764895833333333,24,24
228023,2025-02-02,7.309560708333334,24,24
228023,2025-02-06,10.015142375,24,24
228023,2025-02-10,4.106557916666667,24,24
228023,2025-02-14,7.267618166666666,24,24
228023,2025-02-18,11.514635416666666,24,24
228023,2025-02-22,10.053681708333334,24,24
228023,2025-02-26,5.7812975,24,24
228023,2025-03-02,13.016657125,24,24
228023,2025-03-06,13.860195583333335,24,24
228023,2025-03-10,11.445208375,24,24
228023,2025-03-14,6.078651708333333,24,24
228023,2025-03-18,4.49024425,24,24
228023,2025-03-22,6.808126125,24,24
228023,2025-03-26,7.7782858333333325,24,24
228023,2025-03-30,1.7524127391304347,23,23
228023,2025-04-03,10.534997625,24,24
228023,2025-04-07,6.1436862916666675,24,24
228023,2025-04-11,7.431027749999999,24,24
228023,2025-04-15,6.144711833333333,24,24
228023,2025-04-19,3.279283625,24,24
228023,2025-04-23,8.611984875,24,24
228023,2025-04-27,15.399421625,24,24
228023,2025-05-01,11.602604008333332,24,24
228023,2025-05-05,4.9488767391304345,23,23
228023,2025-05-09,6.767640125,24,24
228023,2025-05-13,12.003524166666667,24,24
228023,2025-05-17,10.140390041666667,24,24
228023,2025-05-21,4.48727425,24,24
228023,2025-05-25,4.225937166666667,24,24
228023,2025-05-29,3.426013875,24,24
228023,2025-06-02,5.346442124999999,24,24
228023,2025-06-06,5.07064,24,24
228023,2025-06-10,2.800358708333333,24,24
228023,2025-06-14,5.360408625000001,24,24
228023,2025-06-18,4.915203666666667,24,24
228023,2025-06-22,9.888717625,24,24
228023,2025-06-26,7.3801400416666665,24,24
228023,2025-06-30,11.036204791666668,24,24
228023,2025-07-04,4.881568166666667,24,24
228023,2025-07-08,9.102594958333333,24,24
228023,2025-07-12,4.727909708333333,24,24
228023,2025-07-16,15.850576375000001,24,24
228023,2025-07-20,12.720049375,24,24
228023,2025-07-24,16.532714125000002,24,24
228023,2025-07-28,4.359699,24,24
228023,2025-08-01,8.000243083333332,24,24
228023,2025-08-05,8.803045166666667,24,24
228023,2025-08-09,9.224831,24,24
228023,2025-08-13,6.69679975,24,24
228023,2025-08-17,7.129764541666667,24,24
228023,2025-08-21,1.3666539583333333,24,24
228023,2025-08-25,1.9487662083333335,24,24
228023,2025-08-29,3.184144625,24,24
228023,2025-09-02,4.613135458333333,24,24
228023,2025-09-06,3.3052765416666667,24,24
228023,2025-09-10,9.140056708333333,24,24
228023,2025-09-14,2.7562295416666664,24,24
228023,2025-09-18,7.72090625,24,24
228023,2025-09-22,2.55104175,24,24
228023,2025-09-26,3.5179237916666666,24,24
228023,2025-09-30,2.216056791666667,24,24
3313816,2025-01-01,12.792439024390244,82,82
3313816,2025-01-05,26.3808064516129,62,62
3313816,2025-01-09,32.847142857142856,56,56
3313816,2025-01-13,54.3725,8,8
3313816,2025-01-17,50.37270833333333,48,48
3313816,2025-01-21,21.8445,60,60
3313816,2025-01-25,58.994791666666664,48,48
3313816,2025-01-29,60.28925925925926,54,54
3313816,2025-02-02,57.46866666666667,45,45
3313816,2025-02-06,30.14194444444444,36,36
3313816,2025-02-10,3.3131666666666666,60,60
3313816,2025-02-14,53.27567901234568,81,81
3313816,2025-02-18,38.13722222222222,72,72
3313816,2025-02-22,20.97267857142857,56,56
3313816,2025-02-26,16.7302,50,50
3313816,2025-03-02,20.67582089552239,67,67
3313816,2025-03-06,24.62666666666667,51,51
3313816,2025-03-10,36.31404255319149,47,47
3313816,2025-03-14,34.312372881355934,59,59
3313816,2025-03-18,30.343220338983052,59,59
3313816,2025-03-22,8.6521875,64,64
3313816,2025-03-26,14.486964285714285,56,56
3313816,2025-03-30,22.807966101694916,59,59
3313816,2025-04-03,7.476545454545454,55,55
3313816,2025-04-07,13.70311475409836,61,61
3313816,2025-04-11,9.64931506849315,73,73
3313816,2025-04-15,11.572153846153848,65,65
3313816,2025-04-19,12.465625000000001,48,48
3313816,2025-04-23,13.938333333333333,48,48
3313816,2025-04-27,9.481587301587302,63,63
3313816,2025-05-01,19.926666666666666,39,39
3313816,2025-05-05,9.361875,48,48
3313816,2025-05-09,9.553076923076922,52,52
3313816,2025-05-13,13.665675675675676,37,37
3313816,2025-05-17,8.3984,50,50
3313816,2025-05-21,8.052,15,15
3313816,2025-05-25,9.763846153846155,39,39
3313816,2025-05-29,12.361428571428572,49,49
3313816,2025-06-02,11.996140350877193,57,57
3313816,2025-06-06,11.110909090909091,33,33
3313816,2025-06-10,12.245263157894737,38,38
3313816,2025-06-14,16.136486486486486,37,37
3313816,2025-06-18,6.587741935483871,31,31
3313816,2025-06-22,10.770266666666666,75,75
3313816,2025-06-26,9.86219512195122,41,41
3313816,2025-06-30,8.96735294117647,34,34
3313816,2025-07-04,8.7506,50,50
3313816,2025-07-08,8.531714285714287,35,35
3313816,2025-07-12,12.155,76,76
3313816,2025-07-16,10.977272727272727,66,66
3313816,2025-07-20,12.195084745762712,59,59
3313816,2025-07-24,14.669027777777778,72,72
3313816,2025-07-28,19.53797101449275,69,69
3313816,2025-08-01,20.58280487804878,82,82
3313816,2025-08-05,22.093424657534246,73,73
3313816,2025-08-09,18.435675675675675,74,74
3313816,2025-08-13,13.510617283950616,81,81
3313816,2025-08-17,10.181267605633803,71,71
3313816,2025-08-21,11.652676056338029,71,71
3313816,2025-08-25,16.324375,48,48
3313816,2025-08-29,15.294516129032258,62,62
3313816,2025-09-02,13.562941176470588,68,68
3313816,2025-09-06,12.80046875,64,64
3313816,2025-09-10,11.40857142857143,7,7
3313816,2025-09-14,8.399199999999999,75,75
3313816,2025-09-18,14.41016393442623,61,61
3313816,2025-09-22,8.38515625,64,64
3313816,2025-09-26,10.899375,64,64
3313816,2025-09-30,13.986500000000001,60,60
3313816,2025-10-04,21.656338028169014,71,71
3313816,2025-10-08,17.990392156862743,51,51
3313816,2025-10-12,13.705102040816326,49,49
3313816,2025-10-16,15.986818181818183,66,66
3313816,2025-10-20,21.657021276595746,47,47
3313816,2025-10-24,14.6675,16,16
3313816,2025-10-28,19.51984126984127,63,63
3313816,2025-11-01,33.736266666666666,75,75
3313816,2025-11-05,39.30835443037975,79,79
3313816,2025-11-09,39.11931506849315,73,73
3313816,2025-11-13,44.46777777777778,27,27
3313816,2025-11-17,32.92428571428571,70,70
3313816,2025-11-21,69.53483333333334,60,60
3313816,2025-11-25,118.81225352112676,71,71
3313816,2025-11-29,85.24915254237288,59,59
3313816,2025-12-03,41.754999999999995,70,70
3313816,2025-12-07,166.04127272727274,55,55
3313816,2025-12-11,36.73548387096774,62,62
3313816,2025-12-15,17.127241379310345,29,29
8684,2025-01-01,139.375,24,24
8684,2025-01-05,168.54166666666666,24,24
8684,2025-01-09,123.79166666666667,24,24
8684,2025-01-13,40.375,24,24
8684,2025-01-17,110.79166666666667,24,24
8684,2025-01-21,83.04166666666667,24,24
8684,2025-01-25,52.083333333333336,24,24
8684,2025-01-29,61.083333333333336,24,24
8684,2025-02-02,153.83333333333334,24,24
8684,2025-02-06,44.791666666666664,24,24
8684,2025-02-10,72.45833333333333,24,24
8684,2025-02-14,43.0,24,24
8684,2025-02-18,26.875,24,24
8684,2025-02-22,28.041666666666668,24,24
8684,2025-02-26,55.416666666666664,24,24
8684,2025-03-02,35.583333333333336,24,24
8684,2025-03-06,21.125,24,24
8684,2025-03-10,38.833333333333336,24,24
8684,2025-03-14,42.541666666666664,24,24
8684,2025-03-18,20.125,24,24
8684,2025-03-22,17.208333333333332,24,24
8684,2025-04-03,28.708333333333332,24,24
8684,2025-04-07,20.125,24,24
8684,2025-04-11,23.875,24,24
8684,2025-04-15,19.833333333333332,24,24
8684,2025-04-19,13.541666666666666,24,24
8684,2025-04-23,24.791666666666668,24,24
8684,2025-04-27,18.375,24,24
8684,2025-05-01,87.0,24,24
8684,2025-05-05,37.416666666666664,24,24
8684,2025-05-09,77.125,24,24
8684,2025-05-13,33.708333333333336,24,24
8684,2025-05-17,119.79166666666667,24,24
8684,2025-05-21,68.25,24,24
8684,2025-05-25,84.125,24,24
8684,2025-05-29,30.666666666666668,24,24
8684,2025-06-02,44.5,24,24
8684,2025-06-06,92.08333333333333,24,24
8684,2025-06-10,72.83333333333333,24,24
8684,2025-06-14,38.875,24,24
8684,2025-06-18,52.708333333333336,24,24
8684,2025-06-22,57.333333333333336,24,24
8684,2025-06-26,158.45833333333334,24,24
8684,2025-06-30,48.583333333333336,24,24
8684,2025-07-04,59.916666666666664,24,24
8684,2025-07-08,90.79166666666667,24,24
8684,2025-07-12,62.08695652173913,23,23
8684,2025-07-16,53.208333333333336,24,24
8684,2025-07-20,76.95833333333333,24,24
8684,2025-07-24,76.83333333333333,12,12
8684,2025-07-28,44.0,23,23
8684,2025-08-01,33.5,24,24
8684,2025-08-05,37.375,24,24
8684,2025-08-09,46.5,24,24
8684,2025-08-13,78.91666666666667,24,24
8684,2025-08-17,52.608695652173914,23,23
8684,2025-08-21,50.083333333333336,24,24
8684,2025-08-25,39.333333333333336,18,18
8684,2025-08-29,2.0416666666666665,24,24
8684,2025-09-02,41.90909090909091,22,22
8684,2025-09-06,56.916666666666664,24,24
8684,2025-09-10,56.0,24,24
8684,2025-09-14,83.875,24,24
8684,2025-09-18,31.208333333333332,24,24
8684,2025-09-22,74.6,10,10
8684,2025-09-26,65.0,24,24
8684,2025-09-30,62.541666666666664,24,24
8684,2025-10-04,68.41666666666667,24,24
8684,2025-10-08,59.0,24,24
8684,2025-10-12,44.541666666666664,24,24
8684,2025-10-16,75.625,24,24
8684,2025-10-20,63.291666666666664,24,24
8684,2025-10-24,106.29166666666667,24,24
8684,2025-10-28,111.20833333333333,24,24
8684,2025-11-01,314.1666666666667,24,24
8684,2025-11-05,29.708333333333332,24,24
8684,2025-11-09,63.708333333333336,24,24
8684,2025-11-13,53.541666666666664,24,24
8684,2025-11-17,76.85714285714286,14,14
8684,2025-11-21,129.07142857142858,14,14
8684,2025-11-25,133.125,24,24
8684,2025-11-29,158.875,24,24
8684,2025-12-03,118.54166666666667,24,24
8684,2025-12-07,47.458333333333336,24,24
8684,2025-12-11,54.0,24,24
8684,2025-12-15,49.958333333333336,24,24
8684,2025-12-19,134.08333333333334,24,24
8684,2025-12-23,167.33333333333334,24,24
8684,2025-12-27,103.91666666666667,24,24
8684,2025-12-31,50.958333333333336,24,24
2163135,2025-01-01,24.614913946153845,13,13
2163135,2025-01-05,15.201126783333333,18,18
2163135,2025-01-09,23.965583725000002,16,16
2163135,2025-01-13,10.367800984615384,13,13
2163135,2025-01-17,22.740185023076926,13,13
2163135,2025-01-21,44.824420252631576,19,19
2163135,2025-01-25,18.53574968181818,22,22
2163135,2025-01-29,27.650292649999997,18,18
2163135,2025-02-02,17.599007442857143,21,21
2163135,2025-02-06,11.44484477,20,20
2163135,2025-02-10,33.397589339130434,23,23
2163135,2025-02-14,29.527100405263155,19,19
2163135,2025-02-18,34.02078638888889,18,18
2163135,2025-02-22,32.085365957142855,21,21
2163135,2025-02-26,41.124222616666664,6,6
2163135,2025-03-02,16.3717909,2,2
2163135,2025-03-06,29.94208942105263,19,19
2163135,2025-03-10,19.92816495263158,19,19
2163135,2025-03-14,5.3179983125,16,16
2163135,2025-03-18,5.375631695,20,20
2163135,2025-03-22,12.35460699473684,19,19
2163135,2025-03-26,17.208544863636362,22,22
2163135,2025-03-30,13.093990363157895,19,19
2163135,2025-04-03,10.230563442857143,21,21
2163135,2025-04-07,9.188559095238096,21,21
2163135,2025-04-11,8.737242144444444,18,18
2163135,2025-04-15,3.804726590909091,22,22
2163135,2025-04-19,10.839273995000001,20,20
2163135,2025-04-23,9.5158596,6,6
2163135,2025-04-27,6.159474866666667,18,18
2163135,2025-05-01,11.163257966666666,15,15
2163135,2025-05-05,8.25397979090909,11,11
2163135,2025-05-09,7.104062260869565,23,23
2163135,2025-05-13,7.908148864999999,20,20
2163135,2025-05-17,3.226235307692308,13,13
2163135,2025-05-21,6.8062995,16,16
2163135,2025-05-25,3.5680643954545457,22,22
2163135,2025-05-29,7.807917645000001,20,20
2163135,2025-06-02,9.17793724736842,19,19
2163135,2025-06-06,11.00196992173913,23,23
2163135,2025-06-10,7.544625470588236,17,17
2163135,2025-06-14,7.857032944444445,18,18
2163135,2025-06-18,10.049429566666667,15,15
2163135,2025-06-22,7.178175227272728,22,22
2163135,2025-06-26,6.69723867,20,20
2163135,2025-06-30,7.051591000000001,22,22
2163135,2025-07-04,10.306057138888889,18,18
2163135,2025-07-08,11.495831011111111,18,18
2163135,2025-07-12,7.25118975625,16,16
2163135,2025-07-16,13.935833482352942,17,17
2163135,2025-07-20,7.913459668421052,19,19
2163135,2025-07-24,9.622730442105263,19,19
2163135,2025-07-28,11.466017407142857,14,15
2163135,2025-08-01,9.418863952631579,19,19
2163135,2025-08-05,13.05752560625,16,16
2163135,2025-08-09,11.307250061111112,18,18
2163135,2025-08-13,10.446553094444445,18,18
2163135,2025-08-17,8.795912288235295,17,17
2163135,2025-08-21,10.163115794736841,19,19
2163135,2025-08-25,3.839681055555556,18,18
2163135,2025-08-29,7.086867542105263,19,19
2163135,2025-09-02,17.405673005555556,18,18
2163135,2025-09-06,11.059001927777778,18,18
2163135,2025-09-10,10.398224578947369,19,19
2163135,2025-09-14,5.465822052631578,19,19
2163135,2025-09-18,4.9121745625,16,16
2163135,2025-09-22,5.441953857142857,21,21
2163135,2025-09-26,9.022133010526316,19,19
2163135,2025-09-30,10.429035833333334,18,18
2163135,2025-10-04,13.614582770588235,17,17
2163135,2025-10-08,9.342606147368421,19,19
2163135,2025-10-12,7.136792866666667,18,18
2163135,2025-10-16,18.6910725125,8,8
2163135,2025-10-20,12.151201782352942,17,17
2163135,2025-10-24,13.339904789473684,19,19
2163135,2025-10-28,7.447036070588235,17,17
2163135,2025-11-01,31.341849386363638,22,22
2163135,2025-11-05,9.394972533333334,18,18
2163135,2025-11-09,13.575125533333333,15,15
2163135,2025-11-13,14.713447470588235,17,17
2163135,2025-12-07,13.72543,2,2
2163135,2025-12-11,34.46323,16,16
2163135,2025-12-15,16.126906470588235,17,17
2163135,2025-12-19,46.23617866666667,15,15
2163135,2025-12-23,13.678543529411764,17,17
2163135,2025-12-27,12.143697222222222,18,18
2163135,2025-12-31,6.521507777777778,18,18
2995858,2025-01-01,21.517453862500002,24,24
2995858,2025-01-05,21.175890675,24,24
2995858,2025-01-09,41.00996232916666,24,24
2995858,2025-01-13,36.1396751,16,16
2995858,2025-01-17,23.99310883125,16,16
2995858,2025-01-21,31.88686402916667,24,24
2995858,2025-01-25,24.770050220833337,24,24
2995858,2025-01-29,27.15809341666667,24,24
2995858,2025-02-02,9.8383806875,24,24
2995858,2025-02-06,8.0278133375,24,24
2995858,2025-02-10,14.203632245833333,24,24
2995858,2025-02-14,17.2953190375,24,24
2995858,2025-02-18,6.779826608333334,24,24
2995858,2025-02-22,16.536926141666665,24,24
2995858,2025-02-26,37.38721255,6,6
2995858,2025-03-02,8.700076433333335,3,3
2995858,2025-03-06,20.765890133333333,24,24
2995858,2025-03-10,18.979661375,24,24
2995858,2025-03-14,4.0645468750000004,24,24
2995858,2025-03-18,2.7729394166666665,24,24
2995858,2025-03-22,8.12148842173913,23,23
2995858,2025-03-26,6.06235915,24,24
2995858,2025-03-30,3.907427373913044,23,23
2995858,2025-04-03,8.587700558333333,24,24
2995858,2025-04-07,7.0232554375000005,24,24
2995858,2025-04-11,5.956573204166666,24,24
2995858,2025-04-15,4.856844833333333,24,24
2995858,2025-04-19,8.799768025,24,24
2995858,2025-04-23,6.02322225,8,8
2995858,2025-04-27,4.430576791666667,24,24
2995858,2025-05-01,8.482117975,20,20
2995858,2025-05-05,6.8206568125,16,16
2995858,2025-05-09,3.8908306666666665,24,24
2995858,2025-05-13,3.0556125,24,24
2995858,2025-05-17,4.556556929411764,17,17
2995858,2025-05-21,4.702144916666667,24,24
2995858,2025-05-25,3.1870230416666665,24,24
2995858,2025-05-29,4.31996525,24,24
2995858,2025-06-02,4.522986625,24,24
2995858,2025-06-06,7.5209759583333335,24,24
2995858,2025-06-10,5.6969115,24,24
2995858,2025-06-14,3.967655375,24,24
2995858,2025-06-18,6.270433021052632,19,19
2995858,2025-06-22,5.088087960869565,23,24
2995858,2025-06-26,6.555539869565217,23,23
2995858,2025-06-30,5.591752333333333,24,24
2995858,2025-07-04,6.9602289583333325,24,24
2995858,2025-07-08,9.1111485125,24,24
2995858,2025-07-12,3.3400255,24,24
2995858,2025-07-16,7.274045583333333,24,24
2995858,2025-07-20,4.544908991304348,23,23
2995858,2025-07-24,6.295703130434783,23,23
2995858,2025-07-28,6.281149436363637,22,22
2995858,2025-08-01,4.477024875000001,24,24
2995858,2025-08-05,6.467515304347826,23,23
2995858,2025-08-09,6.113387356521739,23,23
2995858,2025-08-13,4.965517956521739,23,23
2995858,2025-08-17,3.023410636363636,22,22
2995858,2025-08-21,5.209419826086957,23,23
2995858,2025-08-25,1.8889561304347826,23,23
2995858,2025-08-29,3.1931449565217394,23,23
2995858,2025-09-02,6.735246652173913,23,23
2995858,2025-09-06,13.97032177826087,23,23
2995858,2025-09-10,10.60368735,24,24
2995858,2025-09-14,2.8207502173913044,23,23
2995858,2025-09-18,2.841059608695652,23,23
2995858,2025-09-22,2.4456691739130436,23,23
2995858,2025-09-26,2.2233941304347824,23,23
2995858,2025-09-30,4.0968649363636365,22,22
2995858,2025-10-04,2.0533008260869563,23,23
2995858,2025-10-08,1.3313487083333333,24,24
2995858,2025-10-12,4.3131661249999995,24,24
2995858,2025-10-16,3.3652394166666664,12,12
2995858,2025-10-20,4.177574952380953,21,21
2995858,2025-10-24,4.5490624375,16,16
2995858,2025-10-28,1.2315289090909092,22,22
2995858,2025-11-01,7.6793312125,8,24
2995858,2025-11-05,17.1151390125,24,24
2995858,2025-11-09,18.557506470833335,24,24
2995858,2025-11-13,13.558503426086956,23,23
2995858,2025-11-17,26.63175,4,4
2995858,2025-11-21,19.73563,16,16
2995858,2025-11-25,31.942631428571428,21,21
2995858,2025-11-29,9.14169,1,1
2995858,2025-12-03,17.75103208333333,24,24
2995858,2025-12-07,11.629392916666667,24,24
2995858,2025-12-11,34.47773083333333,24,24
2995858,2025-12-15,15.973097083333334,24,24
2995858,2025-12-19,46.22142409090909,22,22
2995858,2025-12-23,8.18547875,24,24
2995858,2025-12-27,16.564571666666666,24,24
2995858,2025-12-31,13.921970833333333,24,24
3995,2025-01-01,6.95,4,4
3995,2025-01-05,14.279166666666667,24,24
3995,2025-01-09,11.654545454545454,11,11
3995,2025-01-13,24.3,2,2
3995,2025-01-17,13.066666666666666,21,21
3995,2025-01-21,10.323809523809524,21,21
3995,2025-01-25,7.086956521739131,23,23
3995,2025-01-29,9.70952380952381,21,21
3995,2025-02-02,16.639130434782608,23,23
3995,2025-02-06,8.376190476190477,21,21
3995,2025-02-10,6.585714285714286,21,21
3995,2025-02-14,9.233333333333333,24,24
3995,2025-02-18,6.590476190476191,21,21
3995,2025-02-22,9.49,20,20
3995,2025-02-26,20.6,5,5
3995,2025-03-02,22.3,2,2
3995,2025-03-06,2.5647058823529414,17,17
3995,2025-03-10,2.107142857142857,14,14
3995,2025-03-14,10.863157894736842,19,19
3995,2025-03-18,12.383333333333333,18,18
3995,2025-03-22,12.604347826086956,23,23
3995,2025-03-26,11.975,12,12
3995,2025-03-30,4.7727272727272725,22,22
3995,2025-04-03,7.904761904761905,21,21
3995,2025-04-07,9.511764705882353,17,17
3995,2025-04-11,10.895833333333334,24,24
3995,2025-04-15,3.9250000000000003,8,8
3995,2025-04-19,10.76,5,5
3995,2025-05-01,5.328571428571428,7,7
3995,2025-05-05,8.152941176470588,17,17
3995,2025-05-09,3.1666666666666665,15,15
3995,2025-05-13,2.5846153846153848,13,13
3995,2025-05-17,2.9899999999999998,10,10
3995,2025-05-21,4.542857142857143,21,21
3995,2025-05-25,3.872727272727273,22,22
3995,2025-05-29,4.333333333333333,21,21
3995,2025-06-02,8.907142857142857,14,14
3995,2025-06-06,4.185714285714286,21,21
3995,2025-06-10,8.26,15,15
3995,2025-06-14,12.21875,16,16
3995,2025-06-18,5.773684210526316,19,19
3995,2025-06-22,7.894736842105263,19,19
3995,2025-06-26,8.831818181818182,22,22
3995,2025-06-30,5.9,8,8
3995,2025-07-04,7.89047619047619,21,21
3995,2025-07-08,7.140909090909091,22,22
3995,2025-07-12,4.375,20,20
3995,2025-07-16,4.678947368421053,19,19
3995,2025-07-20,4.17,20,20
3995,2025-07-24,6.0375,8,8
3995,2025-07-28,4.194117647058824,17,17
3995,2025-08-01,3.9380952380952383,21,21
3995,2025-08-05,7.821052631578947,19,19
3995,2025-08-13,3.988235294117647,17,17
3995,2025-08-21,8.16,10,10
3995,2025-08-25,7.277777777777778,9,9
3995,2025-08-29,6.4399999999999995,5,5
3995,2025-10-24,14.011111111111111,9,9
3995,2025-10-28,1.7666666666666666,3,3
3995,2025-11-25,5.385714285714286,14,14
3995,2025-11-29,5.7,2,2
3995,2025-12-03,7.023809523809524,21,21
3995,2025-12-07,5.045,20,20
3995,2025-12-11,7.463157894736843,19,19
3995,2025-12-15,7.3999999999999995,7,7
3995,2025-12-31,2.7,1,1
2896762,2025-01-01,2.986875,80,80
2896762,2025-01-05,6.341774193548387,62,62
2896762,2025-01-09,1.6742307692307692,52,52
2896762,2025-01-13,10.2675,8,8
2896762,2025-01-17,27.389803921568628,51,51
2896762,2025-01-21,33.46122807017544,57,57
2896762,2025-01-25,3.8748837209302325,43,43
2896762,2025-01-29,4.655961538461538,52,52
2896762,2025-02-02,21.690606060606058,33,33
2896762,2025-02-06,6.638484848484849,33,33
2896762,2025-02-10,17.88103448275862,58,58
2896762,2025-02-14,29.015324675324674,77,77
2896762,2025-02-18,33.95408450704225,71,71
2896762,2025-02-22,6.0125925925925925,54,54
2896762,2025-02-26,2.136923076923077,39,39
2896762,2025-03-02,18.815079365079363,63,63
2896762,2025-03-06,16.25901960784314,51,51
2896762,2025-03-10,21.36943396226415,53,53
2896762,2025-03-14,7.8947540983606554,61,61
2896762,2025-03-18,19.841311475409835,61,61
2896762,2025-03-22,6.352,55,55
2896762,2025-03-26,19.18631578947368,57,57
2896762,2025-03-30,3.7866666666666666,60,60
2896762,2025-04-03,8.877777777777778,45,45
2896762,2025-04-07,5.03271186440678,59,59
2896762,2025-04-11,15.980298507462688,67,67
2896762,2025-04-15,9.415652173913042,69,69
2896762,2025-04-19,8.044782608695652,46,46
2896762,2025-04-23,2.829782608695652,46,46
2896762,2025-04-27,27.76950819672131,61,61
2896762,2025-05-01,9.841666666666667,48,48
2896762,2025-05-05,1.6876470588235295,51,51
2896762,2025-05-09,6.435555555555555,54,54
2896762,2025-05-13,8.125526315789473,38,38
2896762,2025-05-17,8.191754385964913,57,57
2896762,2025-05-21,6.654375,16,16
2896762,2025-05-25,2.030588235294118,34,34
2896762,2025-05-29,4.271590909090909,44,44
2896762,2025-06-02,3.7333333333333334,54,54
2896762,2025-06-06,2.028157894736842,38,38
2896762,2025-06-10,7.329210526315789,38,38
2896762,2025-06-14,6.748076923076923,26,26
2896762,2025-06-18,10.654814814814815,27,27
2896762,2025-06-22,9.148513513513514,74,74
2896762,2025-06-26,4.748536585365853,41,41
2896762,2025-06-30,8.397045454545456,44,44
2896762,2025-07-04,2.8841666666666668,48,48
2896762,2025-07-08,3.7137837837837835,37,37
2896762,2025-07-12,3.2387671232876714,73,73
2896762,2025-07-16,9.604999999999999,66,66
2896762,2025-07-20,2.2958620689655174,58,58
2896762,2025-07-24,16.622394366197184,71,71
2896762,2025-07-28,5.244745762711864,59,59
2896762,2025-08-01,3.258795180722892,83,83
2896762,2025-08-05,2.184179104477612,67,67
2896762,2025-08-09,2.207792207792208,77,77
2896762,2025-08-13,15.452435897435898,78,78
2896762,2025-08-17,9.982837837837838,74,74
2896762,2025-08-21,3.7451388888888886,72,72
2896762,2025-08-25,4.266037735849056,53,53
2896762,2025-08-29,1.7140625,64,64
2896762,2025-09-02,1.96265625,64,64
2896762,2025-09-06,1.4557971014492754,69,69
2896762,2025-09-10,1.9371428571428573,14,14
2896762,2025-09-14,1.451081081081081,74,74
2896762,2025-09-18,2.5965671641791044,67,67
2896762,2025-09-22,1.1677966101694917,59,59
2896762,2025-09-26,6.357543859649123,57,57
2896762,2025-09-30,8.01640625,64,64
2896762,2025-10-04,2.949275362318841,69,69
2896762,2025-10-08,5.854,45,45
2896762,2025-10-12,24.7386,50,50
2896762,2025-10-16,10.771333333333333,60,60
2896762,2025-10-20,2.558,45,45
2896762,2025-10-24,0.5214285714285715,7,7
2896762,2025-10-28,1.1116393442622952,61,61
2896762,2025-11-01,1.2193243243243244,74,74
2896762,2025-11-05,4.348028169014084,71,71
2896762,2025-11-09,2.9401470588235297,68,68
2896762,2025-11-13,6.366875,16,16
2896762,2025-11-17,2.0688235294117647,68,68
2896762,2025-11-21,9.42030303030303,66,66
2896762,2025-11-25,0.6045901639344262,61,61
2896762,2025-11-29,1.61609375,64,64
2896762,2025-12-03,5.07236111111111,72,72
2896762,2025-12-07,4.155081967213115,61,61
2896762,2025-12-11,11.618730158730159,63,63
2896762,2025-12-15,20.486341463414636,41,41
2896762,2025-12-19,2.1205555555555557,54,54
2896762,2025-12-23,14.677777777777777,45,45
2896762,2025-12-27,27.85194029850746,67,67
2896762,2025-12-31,7.8960869565217395,69,69
2163357,2025-01-01,30.521833333333333,24,24
2163357,2025-01-05,20.561416666666666,24,24
2163357,2025-01-09,9.776616666666667,24,24
2163357,2025-01-13,5.361341666666667,12,12
2163357,2025-01-17,35.38166666666667,18,18
2163357,2025-01-21,16.929776470588234,17,17
2163357,2025-01-25,21.524333333333335,24,24
2163357,2025-01-29,3.843915384615385,13,13
2163357,2025-02-02,16.355037499999998,24,24
2163357,2025-02-06,15.496225,24,24
2163357,2025-02-10,25.099500000000003,24,24
2163357,2025-02-14,26.563541666666666,24,24
2163357,2025-02-18,21.104958333333332,24,24
2163357,2025-02-22,28.4325,18,18
2163357,2025-02-26,46.4548,5,5
2163357,2025-03-02,8.617366666666667,3,3
2163357,2025-03-06,23.820521739130434,23,23
2163357,2025-03-10,11.066356521739129,23,23
2163357,2025-03-14,7.963841666666667,24,24
2163357,2025-03-18,4.731847826086956,23,23
2163357,2025-03-22,18.595791666666667,24,24
2163357,2025-03-26,15.489592307692307,13,13
2163357,2025-03-30,15.637669565217392,23,23
2163357,2025-04-03,17.542312499999998,24,24
2163357,2025-04-07,3.1235,22,22
2163357,2025-04-11,7.155954166666667,24,24
2163357,2025-04-15,16.191066666666664,15,15
2163357,2025-04-19,4.357660869565217,23,23
2163357,2025-04-23,13.159711111111111,9,9
2163357,2025-04-27,8.068308333333333,24,24
2163357,2025-05-01,14.04889,20,20
2163357,2025-05-05,6.201099999999999,15,15
2163357,2025-05-09,7.545866666666666,24,24
2163357,2025-05-13,8.267795652173913,23,23
2163357,2025-05-17,4.283535294117647,17,17
2163357,2025-05-21,8.692520833333333,24,24
2163357,2025-05-25,6.426725,24,24
2163357,2025-05-29,3.0391523809523813,21,21
2163357,2025-06-02,12.080241666666666,24,24
2163357,2025-06-06,10.876764705882353,17,17
2163357,2025-06-10,9.968675,24,24
2163357,2025-06-14,11.041662500000001,24,24
2163357,2025-06-18,13.31692105263158,19,19
2163357,2025-06-22,11.818225,24,24
2163357,2025-06-26,15.824616666666666,24,24
2163357,2025-06-30,9.437195833333332,24,24
2163357,2025-07-04,10.521479166666667,24,24
2163357,2025-07-08,3.3710333333333335,15,15
2163357,2025-07-12,4.555079166666666,24,24
2163357,2025-07-16,11.719363636363637,22,22
2163357,2025-07-20,15.261558333333333,24,24
2163357,2025-07-24,12.540238095238093,21,21
2163357,2025-07-28,8.569463636363636,22,22
2163357,2025-08-01,6.009741666666667,24,24
2163357,2025-08-05,7.179545833333333,24,24
2163357,2025-08-09,21.693291666666667,24,24
2163357,2025-08-13,16.555478260869567,23,23
2163357,2025-08-17,15.055136363636365,22,22
2163357,2025-08-21,14.245166666666668,24,24
2163357,2025-08-25,3.2741434782608696,23,23
2163357,2025-08-29,13.612441666666667,24,24
2163357,2025-09-02,8.168604166666666,24,24
2163357,2025-09-06,2.6497333333333333,18,18
2163357,2025-09-10,15.314437499999999,24,24
2163357,2025-09-14,5.6485318181818185,22,22
2163357,2025-09-18,4.5133,24,24
2163357,2025-09-22,9.6942125,24,24
2163357,2025-09-26,2.935690909090909,22,22
2163357,2025-09-30,6.854529166666667,24,24
2163357,2025-10-04,13.299660869565217,23,23
2163357,2025-10-08,3.3333913043478263,23,23
2163357,2025-10-12,5.0179409090909095,22,22
2163357,2025-10-16,7.228763636363637,11,11
2163357,2025-10-20,10.926305263157895,19,19
2163357,2025-10-24,1.4568266666666667,15,15
2163357,2025-10-28,1.970304761904762,21,21
2163357,2025-11-01,11.099379166666667,24,24
2163357,2025-11-05,11.70825,22,22
2163357,2025-11-09,12.286429166666666,24,24
2163357,2025-11-13,9.11303043478261,23,23
2163357,2025-11-17,10.296859090909091,22,22
2163357,2025-11-21,10.147758333333334,24,24
2163357,2025-11-25,12.883573333333334,15,15
2163357,2025-11-29,21.488500000000002,2,2
2163357,2025-12-03,23.5955,24,24
2163357,2025-12-07,15.506021428571428,14,14
2163357,2025-12-11,8.577995238095237,21,21
2163357,2025-12-15,3.773975,16,16
2163357,2025-12-19,11.81275,16,16
2163357,2025-12-23,10.1107,24,24
2163357,2025-12-27,12.047,1,1
2163357,2025-12-31,1.501425,4,4
2656054,2025-05-01,5.5875,8,8
2656054,2025-05-05,8.794117647058824,17,17
2656054,2025-05-09,3.2304347826086954,23,23
2656054,2025-05-13,3.9318181818181817,22,22
2656054,2025-05-17,2.658333333333333,12,12
2656054,2025-05-21,4.957142857142857,21,21
2656054,2025-05-25,3.5318181818181817,22,22
2656054,2025-05-29,3.736842105263158,19,19
2656054,2025-06-02,10.520000000000001,15,15
2656054,2025-06-06,3.559090909090909,22,22
2656054,2025-06-10,7.666666666666667,15,15
2656054,2025-06-14,11.81875,16,16
2656054,2025-06-18,3.8210526315789473,19,19
2656054,2025-06-22,3.6736842105263157,19,19
2656054,2025-06-26,7.354545454545455,22,22
2656054,2025-06-30,3.975,8,8
2656054,2025-07-04,5.0,21,21
2656054,2025-07-08,3.55,22,22
2656054,2025-07-12,3.925,20,20
2656054,2025-07-16,3.6100000000000003,20,20
2656054,2025-07-20,4.3954545454545455,22,22
2656054,2025-07-24,6.019047619047619,21,21
2656054,2025-07-28,6.341176470588235,17,17
2656054,2025-08-01,5.214285714285714,21,21
2656054,2025-08-05,8.978947368421052,19,19
2656054,2025-08-13,5.841176470588235,17,17
2656054,2025-08-17,5.277777777777778,18,18
2656054,2025-08-21,8.1,10,10
2656054,2025-08-25,7.166666666666667,9,9
2656054,2025-08-29,5.134782608695652,23,23
2656054,2025-09-02,8.3,23,23
2656054,2025-09-06,7.968421052631579,19,19
2656054,2025-09-10,10.04782608695652,23,23
2656054,2025-09-14,10.185714285714287,21,21
2656054,2025-09-18,17.7,21,21
2656054,2025-09-22,13.785714285714286,21,21
2656054,2025-09-26,9.204347826086956,23,23
2656054,2025-09-30,9.413636363636364,22,22
2656054,2025-10-04,6.266666666666667,9,9
2656054,2025-10-08,9.472727272727273,22,22
2656054,2025-10-24,6.378260869565217,23,23
2656054,2025-10-28,14.584999999999999,20,20
2656054,2025-11-01,8.995000000000001,20,20
2656054,2025-11-05,3.904347826086956,23,23
2656054,2025-11-09,16.83913043478261,23,23
2656054,2025-11-13,5.033333333333333,21,21
2656054,2025-11-17,5.4363636363636365,22,22
2656054,2025-11-21,3.9142857142857146,21,21
2656054,2025-11-25,7.107142857142857,14,14
2656054,2025-11-29,6.6,2,2
2656054,2025-12-03,7.486363636363635,22,22
2656054,2025-12-07,3.9761904761904763,21,21
2656054,2025-12-11,7.8,19,19
2656054,2025-12-15,12.7,7,7
2656054,2025-12-31,6.7,1,1
4437,2025-03-06,12.061538461538463,13,13
4437,2025-03-10,14.730434782608697,23,23
4437,2025-03-14,15.025,16,16
4437,2025-03-18,16.892857142857142,14,14
4437,2025-03-22,21.876470588235293,17,17
4437,2025-03-26,33.489999999999995,10,10
4437,2025-03-30,28.385,20,20
4437,2025-04-03,18.758823529411764,17,17
4437,2025-04-07,6.594736842105263,19,19
4437,2025-04-11,13.741176470588234,17,17
4437,2025-04-15,5.190909090909091,22,22
4437,2025-04-19,2.2227272727272727,22,22
4437,2025-04-23,8.557142857142857,7,7
4437,2025-04-27,8.44090909090909,22,22
4437,2025-05-01,4.7,1,1
4437,2025-05-05,8.677777777777777,9,9
4437,2025-05-09,9.622727272727273,22,22
4437,2025-05-13,8.010526315789473,19,19
4437,2025-05-17,4.0125,8,8
4437,2025-05-21,5.288888888888889,18,18
4437,2025-05-25,4.736363636363636,22,22
4437,2025-05-29,3.8777777777777778,18,18
4437,2025-06-02,6.073333333333333,15,15
4437,2025-06-06,4.484615384615385,13,13
4437,2025-06-10,8.588235294117647,17,17
4437,2025-06-14,9.66875,16,16
4437,2025-06-18,10.84,10,10
4437,2025-06-22,8.143749999999999,16,16
4437,2025-06-26,6.6125,16,16
4437,2025-06-30,5.5,16,16
4437,2025-07-04,7.528571428571429,14,14
4437,2025-07-08,4.8769230769230765,13,13
4437,2025-07-12,4.805555555555555,18,18
4437,2025-07-16,6.908333333333334,12,12
4437,2025-07-20,6.957894736842104,19,19
4437,2025-07-24,5.052941176470589,17,17
4437,2025-07-28,6.491666666666667,12,12
4437,2025-08-01,4.925,20,20
4437,2025-08-05,5.177777777777778,18,18
4437,2025-08-09,12.457894736842105,19,19
4437,2025-08-13,9.86923076923077,13,13
4437,2025-08-17,10.144444444444444,18,18
4437,2025-08-21,15.20625,16,16
4437,2025-08-25,3.2823529411764705,17,17
4437,2025-08-29,10.227272727272727,22,22
4437,2025-09-02,6.5,12,12
4437,2025-09-06,3.25,12,12
4437,2025-09-10,8.923809523809524,21,21
4437,2025-09-14,8.463157894736844,19,19
4437,2025-09-18,5.28,15,15
4437,2025-09-22,10.693333333333333,15,15
4437,2025-09-26,10.116666666666665,12,12
4437,2025-09-30,12.715789473684211,19,19
4437,2025-10-04,21.785714285714285,7,7
4437,2025-10-08,19.292857142857144,14,14
4437,2025-10-12,6.85,2,2
4437,2025-10-16,7.3999999999999995,4,4
4437,2025-10-20,8.60909090909091,11,11
4437,2025-10-24,1.1857142857142857,21,21
4437,2025-10-28,1.1923076923076923,13,13
4437,2025-11-01,7.975,20,20
4437,2025-11-05,9.514285714285714,14,14
4437,2025-11-09,14.73125,16,16
4437,2025-11-13,14.235714285714286,14,14
4437,2025-11-17,10.841176470588236,17,17
4437,2025-11-21,19.263636363636365,11,11
4437,2025-11-25,9.9,8,8
4437,2025-11-29,22.900000000000002,2,2
4437,2025-12-03,24.457142857142856,14,14
4437,2025-12-07,16.233333333333334,18,18
4437,2025-12-11,16.276923076923076,13,13
4437,2025-12-15,11.677777777777777,9,9
4437,2025-12-19,19.957142857142856,7,7
4437,2025-12-23,15.214285714285714,14,14
4437,2025-12-27,26.45,8,8
4437,2025-12-31,8.2125,8,8
4095701,2025-03-26,71.54166666666667,24,24
4095701,2025-03-30,28.083333333333332,12,12
4095701,2025-04-07,34.55555555555556,18,18
4095701,2025-04-11,20.333333333333332,18,18
4095701,2025-04-15,39.470588235294116,17,17
4095701,2025-04-19,37.53333333333333,15,15
4095701,2025-04-27,41.44444444444444,9,9
4095701,2025-05-09,37.0,9,9
4095701,2025-05-13,28.428571428571427,7,7
4095701,2025-05-17,31.375,8,8
4095701,2025-05-25,40.5,6,6
4095701,2025-06-14,24.928571428571427,14,14
4095701,2025-06-18,22.0,1,1
4095701,2025-06-30,31.083333333333332,12,12
4095701,2025-07-04,18.083333333333332,12,12
4095701,2025-07-12,14.285714285714286,14,14
4095701,2025-07-20,11.25,12,12
4095701,2025-07-24,21.727272727272727,11,11
4095701,2025-07-28,9.7,10,10
4095701,2025-08-01,20.0,14,14
4095701,2025-08-09,8.25,8,8
4095701,2025-08-17,9.357142857142858,14,14
4095701,2025-08-21,8.75,20,20
4095701,2025-08-25,20.571428571428573,14,14
4095701,2025-08-29,19.866666666666667,15,15
4095701,2025-09-06,29.333333333333332,3,3
4095701,2025-09-14,12.933333333333334,15,15
4095701,2025-09-18,16.61111111111111,18,18
4095701,2025-09-22,23.72222222222222,18,18
4095701,2025-09-26,20.055555555555557,18,18
4095701,2025-09-30,17.65,20,20
4095701,2025-10-04,22.4375,16,16
4095701,2025-10-08,74.28571428571429,14,14
4095701,2025-10-12,15.647058823529411,17,17
4095701,2025-10-16,19.227272727272727,22,22
4095701,2025-10-20,15.705882352941176,17,17
4095701,2025-10-24,23.80952380952381,21,21
4095701,2025-10-28,24.055555555555557,18,18
4095701,2025-11-01,22.727272727272727,22,22
4095701,2025-11-05,23.375,24,24
4095701,2025-11-09,31.727272727272727,11,11
4095701,2025-11-13,22.0625,16,16
4095701,2025-11-17,45.59090909090909,22,22
4095701,2025-11-21,25.6,20,20
4095701,2025-11-25,70.54166666666667,24,24
4095701,2025-11-29,25.75,24,24
4095701,2025-12-03,38.208333333333336,24,24
4095701,2025-12-07,33.09090909090909,22,22
4095701,2025-12-11,22.541666666666668,24,24
4095701,2025-12-15,23.75,24,24
4095701,2025-12-19,97.0,24,24
4095701,2025-12-23,22.291666666666668,24,24
4095701,2025-12-27,20.75,24,24
4095701,2025-12-31,27.0,19,19
9714,2025-01-01,23.0,23,24
9714,2025-01-05,23.434782608695652,23,24
9714,2025-01-09,30.875,24,24
9714,2025-01-13,14.333333333333334,24,24
9714,2025-01-17,24.047619047619047,21,24
9714,2025-01-21,18.40909090909091,22,24
9714,2025-01-25,27.916666666666668,24,24
9714,2025-01-29,23.416666666666668,24,24
9714,2025-02-02,23.4,20,24
9714,2025-02-06,19.647058823529413,17,24
9714,2025-02-10,14.2,20,24
9714,2025-02-14,12.833333333333334,24,24
9714,2025-02-22,18.041666666666668,24,24
9714,2025-02-26,15.91304347826087,23,24
9714,2025-03-02,19.208333333333332,24,24
9714,2025-03-06,14.791666666666666,24,24
9714,2025-03-10,18.75,24,24
9714,2025-03-14,14.25,8,8
9714,2025-04-11,24.45,20,20
9714,2025-04-15,16.0,24,24
9714,2025-04-19,30.875,24,24
9714,2025-04-23,11.708333333333334,24,24
9714,2025-04-27,21.375,24,24
9714,2025-05-01,14.416666666666666,24,24
9714,2025-05-05,19.791666666666668,24,24
9714,2025-05-09,23.227272727272727,22,22
9714,2025-05-13,24.85,20,20
9714,2025-05-17,31.3,20,20
9714,2025-07-16,21.0,3,3
9714,2025-07-20,28.05,20,20
9714,2025-07-24,31.0,19,19
9714,2025-07-28,19.565217391304348,23,23
9714,2025-08-01,26.75,24,24
9714,2025-08-05,32.791666666666664,24,24
9714,2025-08-09,22.0,24,24
9714,2025-08-13,22.565217391304348,23,23
9714,2025-08-17,26.47826086956522,23,23
9714,2025-08-21,11.8,15,15
9714,2025-08-29,16.875,24,24
9714,2025-09-02,33.5,18,18
9714,2025-09-06,29.391304347826086,23,23
9714,2025-09-10,50.666666666666664,21,21
9714,2025-09-14,34.523809523809526,21,21
9714,2025-09-18,24.0,24,24
9714,2025-09-22,23.652173913043477,23,23
9714,2025-09-26,68.91666666666667,24,24
9714,2025-11-05,23.833333333333332,24,24
9714,2025-11-09,22.904761904761905,21,21
9714,2025-11-13,23.666666666666668,24,24
9714,2025-11-17,16.727272727272727,22,22
9714,2025-11-21,37.916666666666664,24,24
9714,2025-11-25,15.208333333333334,24,24
9714,2025-11-29,23.782608695652176,23,23
9714,2025-12-03,18.19047619047619,21,21
9714,2025-12-07,12.458333333333334,24,24
9714,2025-12-11,24.208333333333332,24,24
9714,2025-12-15,22.916666666666668,24,24
9714,2025-12-19,20.238095238095237,21,21
9714,2025-12-23,25.17391304347826,23,23
9714,2025-12-27,32.083333333333336,24,24
7935,2025-03-06,16.219905,12,12
7935,2025-03-10,14.248248095238095,21,21
7935,2025-03-14,7.075395,22,22
7935,2025-03-18,5.510431111111111,18,18
7935,2025-03-22,11.082004545454545,22,22
7935,2025-03-26,11.084206923076923,13,13
7935,2025-03-30,5.187105238095238,21,21
7935,2025-04-03,8.156172083333333,24,24
7935,2025-04-07,7.244141764705882,17,17
7935,2025-04-11,5.906311428571429,21,21
7935,2025-04-15,7.928230869565217,23,23
7935,2025-04-23,4.73316,7,7
7935,2025-04-27,5.7932483333333336,24,24
7935,2025-05-01,4.7855705,20,20
7935,2025-05-05,4.484500625,16,16
7935,2025-05-09,3.1767917391304348,23,23
7935,2025-05-13,4.704515,22,22
7935,2025-05-17,4.348833333333333,18,18
7935,2025-05-21,4.8589779166666665,24,24
7935,2025-05-25,5.304838260869565,23,23
7935,2025-05-29,4.1048599999999995,23,23
7935,2025-06-02,7.4939375,12,12
7935,2025-06-06,9.691338181818182,22,22
7935,2025-06-10,8.5813,24,24
7935,2025-06-14,4.88019,24,24
7935,2025-06-18,7.271060952380953,21,21
7935,2025-06-22,4.79862125,24,24
7935,2025-06-26,8.143233,20,20
7935,2025-06-30,4.442246666666667,24,24
7935,2025-07-04,3.459656,20,20
7935,2025-07-12,4.039445,24,24
7935,2025-07-16,4.965199583333333,24,24
7935,2025-07-20,3.5246858333333333,24,24
7935,2025-07-24,4.938885833333333,24,24
7935,2025-07-28,5.219778,5,5
7935,2025-08-01,3.9000738095238097,21,21
7935,2025-08-05,6.358341739130435,23,23
7935,2025-08-09,4.7290149999999995,24,24
7935,2025-08-13,7.213535,20,20
7935,2025-08-17,5.7118495454545455,22,22
7935,2025-08-21,6.686219583333333,24,24
7935,2025-08-25,3.112004583333333,24,24
7935,2025-08-29,4.879357083333333,24,24
7935,2025-09-02,2.169639523809524,21,21
7935,2025-09-06,3.617516956521739,23,23
7935,2025-09-10,6.598992173913043,23,23
7935,2025-09-14,5.91886,24,24
7935,2025-09-18,2.33088375,24,24
7935,2025-09-22,4.131349583333333,24,24
7935,2025-09-26,5.762740833333333,24,24
7935,2025-09-30,8.860871666666666,24,24
7935,2025-10-04,3.851689565217391,23,23
7935,2025-10-08,6.26678,1,1
7935,2025-10-12,9.010615,2,2
7935,2025-10-16,10.261924166666667,12,12
7935,2025-10-20,11.450388499999999,20,20
7935,2025-10-24,5.081778260869565,23,23
7935,2025-10-28,4.770644,20,20
7935,2025-11-01,10.1506,21,21
7935,2025-11-05,7.730599130434782,23,23
7935,2025-11-09,8.945188333333332,24,24
7935,2025-11-13,14.475445833333334,12,12
7935,2025-11-17,17.02063157894737,19,19
7935,2025-11-21,7.171493043478262,23,23
7935,2025-11-25,14.602769411764706,17,17
2162644,2025-01-01,7.3,4,4
2162644,2025-01-05,15.545833333333334,24,24
2162644,2025-01-09,13.781818181818181,11,11
2162644,2025-01-13,25.85,2,2
2162644,2025-01-17,14.30952380952381,21,21
2162644,2025-01-21,12.890476190476189,21,21
2162644,2025-01-25,5.7,23,23
2162644,2025-01-29,12.547619047619047,21,21
2162644,2025-02-02,18.121739130434783,23,23
2162644,2025-02-06,11.538095238095238,21,21
2162644,2025-02-10,8.223809523809523,21,21
2162644,2025-02-14,12.058333333333332,24,24
2162644,2025-02-18,9.985714285714286,21,21
2162644,2025-02-22,11.215,20,20
2162644,2025-02-26,25.380000000000003,5,5
2162644,2025-03-02,22.45,2,2
2162644,2025-03-06,4.376190476190477,21,21
2162644,2025-03-10,2.731818181818182,22,22
2162644,2025-03-14,12.578947368421053,19,19
2162644,2025-03-18,13.233333333333333,18,18
2162644,2025-03-22,15.221739130434784,23,23
2162644,2025-03-26,13.958333333333334,12,12
2162644,2025-03-30,7.722727272727273,22,22
2162644,2025-04-03,7.1380952380952385,21,21
2162644,2025-04-07,8.611764705882353,17,17
2162644,2025-04-11,11.320833333333333,24,24
2162644,2025-04-15,4.222727272727273,22,22
2162644,2025-04-19,8.941666666666666,12,12
2162644,2025-04-23,6.691666666666666,12,12
2162644,2025-04-27,10.983333333333334,24,24
2162644,2025-05-01,6.685714285714285,7,7
2162644,2025-05-05,6.994117647058823,17,17
2162644,2025-05-09,1.9666666666666668,12,12
2162644,2025-05-13,3.3681818181818177,22,22
2162644,2025-05-17,1.6875,8,8
2162644,2025-05-21,2.85,22,22
2162644,2025-05-25,2.9227272727272724,22,22
2162644,2025-05-29,3.168421052631579,19,19
2162644,2025-06-02,11.857142857142858,14,14
2162644,2025-06-06,2.6136363636363638,22,22
2162644,2025-06-10,5.5600000000000005,15,15
2162644,2025-06-14,10.425,16,16
2162644,2025-06-18,3.1062499999999997,16,16
2162644,2025-06-22,2.973684210526316,19,19
2162644,2025-06-26,5.440909090909091,22,22
2162644,2025-06-30,3.4,8,8
2162644,2025-07-04,2.9857142857142858,21,21
2162644,2025-07-08,2.65,22,22
2162644,2025-07-12,2.3600000000000003,20,20
2162644,2025-07-16,2.3649999999999998,20,20
2162644,2025-07-20,2.872727272727273,22,22
2162644,2025-07-24,3.9285714285714284,21,21
2162644,2025-07-28,4.035294117647059,17,17
2162644,2025-08-01,3.0571428571428574,21,21
2162644,2025-08-05,5.199999999999999,18,18
2162644,2025-08-13,4.135294117647058,17,17
2162644,2025-08-17,4.122222222222223,18,18
2162644,2025-08-21,4.88,10,10
2162644,2025-08-25,5.188888888888889,9,9
2162644,2025-08-29,4.065217391304348,23,23
2162644,2025-09-02,6.904999999999999,20,20
2162644,2025-09-06,6.352631578947369,19,19
2162644,2025-09-10,7.965217391304347,23,23
2162644,2025-09-14,9.142857142857142,21,21
2162644,2025-09-18,15.076190476190478,21,21
2162644,2025-09-22,10.833333333333334,3,3
2162644,2025-09-26,6.0086956521739125,23,23
2162644,2025-09-30,7.086363636363637,22,22
2162644,2025-10-04,5.5875,8,8
2162644,2025-10-08,6.052173913043478,23,23
2162644,2025-10-12,5.525,20,20
2162644,2025-10-16,5.0,8,8
2162644,2025-10-20,2.5,6,6
2162644,2025-10-24,4.8478260869565215,23,23
2162644,2025-10-28,10.5,20,20
2162644,2025-11-01,9.65,20,20
2162644,2025-11-05,1.75,22,22
2162644,2025-11-09,16.743478260869566,23,23
2162644,2025-11-13,3.838095238095238,21,21
2162644,2025-11-17,2.772727272727273,22,22
2162644,2025-11-21,2.5952380952380953,21,21
2162644,2025-11-25,6.028571428571429,14,14
2162644,2025-11-29,4.55,2,2
2162644,2025-12-03,5.204545454545454,22,22
2162644,2025-12-07,3.6142857142857148,21,21
2162644,2025-12-11,7.331578947368421,19,19
2162644,2025-12-15,13.728571428571428,7,7
2162644,2025-12-31,6.2,1,1
2896761,2025-01-01,3.915949367088608,79,79
2896761,2025-01-05,7.138852459016393,61,61
2896761,2025-01-09,1.9628,50,50
2896761,2025-01-13,10.18125,8,8
2896761,2025-01-17,26.395,50,50
2896761,2025-01-21,32.640701754385965,57,57
2896761,2025-01-25,4.285952380952381,42,42
2896761,2025-01-29,4.250555555555556,54,54
2896761,2025-02-02,24.55060606060606,33,33
2896761,2025-02-06,5.206060606060606,33,33
2896761,2025-02-10,16.16,57,57
2896761,2025-02-14,29.556315789473686,76,76
2896761,2025-02-18,30.185942028985504,69,69
2896761,2025-02-22,8.6,55,55
2896761,2025-02-26,4.080243902439024,41,41
2896761,2025-03-02,14.624603174603175,63,63
2896761,2025-03-06,16.1386,50,50
2896761,2025-03-10,19.47754716981132,53,53
2896761,2025-03-14,8.254745762711863,59,59
2896761,2025-03-18,16.168474576271187,59,59
2896761,2025-03-22,6.513396226415094,53,53
2896761,2025-03-26,19.953793103448273,58,58
2896761,2025-03-30,4.724333333333333,60,60
2896761,2025-04-03,8.291627906976744,43,43
2896761,2025-04-07,4.133035714285714,56,56
2896761,2025-04-11,12.924776119402985,67,67
2896761,2025-04-15,9.201363636363636,66,66
2896761,2025-04-19,8.079555555555554,45,45
2896761,2025-04-23,4.080909090909091,44,44
2896761,2025-04-27,26.93327868852459,61,61
2896761,2025-05-01,9.825652173913044,46,46
2896761,2025-05-05,1.924313725490196,51,51
2896761,2025-05-09,6.547592592592593,54,54
2896761,2025-05-13,7.282162162162162,37,37
2896761,2025-05-17,8.286315789473685,57,57
2896761,2025-05-21,7.914375,16,16
2896761,2025-05-25,3.165294117647059,34,34
2896761,2025-05-29,5.537209302325581,43,43
2896761,2025-06-02,4.077962962962963,54,54
2896761,2025-06-06,3.38,37,37
2896761,2025-06-10,8.4375,36,36
2896761,2025-06-14,7.283200000000001,25,25
2896761,2025-06-18,9.07074074074074,27,27
2896761,2025-06-22,9.358082191780822,73,73
2896761,2025-06-26,5.449512195121951,41,41
2896761,2025-06-30,8.48767441860465,43,43
2896761,2025-07-04,3.0042857142857144,49,49
2896761,2025-07-08,3.447222222222222,36,36
2896761,2025-07-12,2.3901369863013695,73,73
2896761,2025-07-16,12.04546875,64,64
2896761,2025-07-20,2.2294736842105265,57,57
2896761,2025-07-24,15.359710144927535,69,69
2896761,2025-07-28,5.434464285714285,56,56
2896761,2025-08-01,3.0943902439024393,82,82
2896761,2025-08-05,2.1360606060606058,66,66
2896761,2025-08-09,2.413026315789474,76,76
2896761,2025-08-13,14.918421052631578,76,76
2896761,2025-08-17,8.218493150684932,73,73
2896761,2025-08-21,3.911739130434783,69,69
2896761,2025-08-25,3.950392156862745,51,51
2896761,2025-08-29,2.3817460317460317,63,63
2896761,2025-09-02,2.0603125,64,64
2896761,2025-09-06,1.3198484848484848,66,66
2896761,2025-09-10,2.3000000000000003,14,14
2896761,2025-09-14,2.2256944444444446,72,72
2896761,2025-09-18,3.0749999999999997,66,66
2896761,2025-09-22,1.1278333333333335,60,60
2896761,2025-09-26,5.912982456140352,57,57
2896761,2025-09-30,8.90953125,64,64
2896761,2025-10-04,3.201571428571429,70,70
2896761,2025-10-08,6.094,45,45
2896761,2025-10-12,22.2188,50,50
2896761,2025-10-16,11.022666666666668,60,60
2896761,2025-10-20,3.7255555555555557,45,45
2896761,2025-10-24,1.285,8,8
2896761,2025-10-28,1.4198333333333333,60,60
2896761,2025-11-01,1.9286111111111113,72,72
2896761,2025-11-05,4.913285714285714,70,70
2896761,2025-11-09,3.5892537313432835,67,67
2896761,2025-11-13,7.10235294117647,17,17
2896761,2025-11-17,2.096268656716418,67,67
2896761,2025-11-21,5.986349206349206,63,63
2896761,2025-11-25,0.8391379310344828,58,58
2896761,2025-11-29,2.367777777777778,63,63
2896761,2025-12-03,5.960714285714285,70,70
2896761,2025-12-07,5.300166666666667,60,60
2896761,2025-12-11,14.783220338983051,59,59
2896761,2025-12-15,22.104750000000003,40,40
2896761,2025-12-19,2.6769230769230767,52,52
2896761,2025-12-23,14.001162790697673,43,43
2896761,2025-12-27,23.256567164179106,67,67
2896761,2025-12-31,6.146119402985075,67,67
7728,2025-01-01,28.8,14,14
7728,2025-01-05,29.616666666666664,24,24
7728,2025-01-09,40.65,24,24
7728,2025-01-13,19.34285714285714,21,21
7728,2025-01-17,35.520833333333336,24,24
7728,2025-01-21,26.516666666666666,24,24
7728,2025-01-25,13.408333333333333,24,24
7728,2025-01-29,26.116666666666664,24,24
7728,2025-02-02,14.615384615384615,13,13
7728,2025-02-06,21.7625,24,24
7728,2025-02-10,16.745833333333334,24,24
7728,2025-02-14,30.195238095238096,21,21
7728,2025-02-18,40.347368421052636,19,19
7728,2025-02-22,19.787499999999998,24,24
7728,2025-02-26,32.824999999999996,24,24
7728,2025-03-02,16.3875,24,24
7728,2025-03-06,7.5086956521739125,23,23
7728,2025-03-10,23.849999999999998,24,24
7728,2025-03-14,19.97391304347826,23,23
7728,2025-03-18,23.579166666666666,24,24
7728,2025-03-22,23.183333333333334,24,24
7728,2025-03-26,14.379166666666668,24,24
7728,2025-03-30,4.866666666666666,24,24
7728,2025-04-03,18.087500000000002,24,24
7728,2025-04-07,27.904761904761905,21,21
7728,2025-04-11,16.150000000000002,24,24
7728,2025-04-15,56.354166666666664,24,24
7728,2025-04-19,12.35,24,24
7728,2025-04-23,12.358333333333334,24,24
7728,2025-04-27,19.9,23,23
7728,2025-05-01,15.758333333333333,24,24
7728,2025-05-05,10.920833333333334,24,24
7728,2025-05-09,8.195833333333333,24,24
7728,2025-05-13,20.652380952380952,21,21
7728,2025-05-17,7.058333333333334,24,24
7728,2025-05-21,9.700000000000001,24,24
7728,2025-05-25,21.420833333333334,24,24
7728,2025-05-29,14.733333333333334,24,24
7728,2025-06-02,9.566666666666666,24,24
7728,2025-06-06,12.147619047619047,21,21
7728,2025-06-10,5.460869565217391,23,23
7728,2025-06-14,9.741666666666667,24,24
7728,2025-06-18,7.095238095238095,21,21
7728,2025-06-22,5.5125,24,24
7728,2025-06-26,7.358333333333333,24,24
7728,2025-06-30,6.341666666666666,24,24
7728,2025-07-04,12.729166666666666,24,24
7728,2025-07-08,5.6499999999999995,22,22
7728,2025-07-12,11.075000000000001,24,24
7728,2025-07-16,10.095833333333333,24,24
7728,2025-07-20,2.7904761904761903,21,21
7728,2025-07-24,15.987499999999999,24,24
7728,2025-07-28,12.329166666666666,24,24
7728,2025-08-01,9.329166666666667,24,24
7728,2025-08-05,7.663636363636363,22,22
7728,2025-08-09,9.545833333333333,24,24
7728,2025-08-13,9.058333333333334,24,24
7728,2025-08-17,6.708333333333333,24,24
7728,2025-08-21,6.324999999999999,24,24
7728,2025-08-25,7.831578947368421,19,19
7728,2025-08-29,7.379166666666666,24,24
7728,2025-09-02,6.729166666666667,24,24
7728,2025-09-06,9.174999999999999,24,24
7728,2025-09-10,5.791666666666667,24,24
7728,2025-09-14,5.933333333333334,24,24
7728,2025-09-18,7.479166666666667,24,24
7728,2025-09-22,13.304166666666667,24,24
7728,2025-09-26,10.637500000000001,24,24
7728,2025-09-30,9.512500000000001,24,24
7728,2025-10-04,8.195833333333333,24,24
7728,2025-10-08,12.137500000000001,24,24
7728,2025-10-12,8.35,24,24
7728,2025-10-16,12.395833333333334,24,24
7728,2025-10-20,11.036842105263156,19,19
7728,2025-10-24,17.741666666666667,24,24
7728,2025-10-28,28.775000000000002,24,24
7728,2025-11-01,18.033333333333335,24,24
7728,2025-11-05,8.270833333333334,24,24
7728,2025-11-09,18.254166666666666,24,24
7728,2025-11-13,8.304166666666667,24,24
7728,2025-11-17,21.275000000000002,24,24
7728,2025-11-21,15.450000000000001,24,24
7728,2025-11-25,20.079166666666666,24,24
7728,2025-11-29,29.758333333333336,24,24
7728,2025-12-03,30.912499999999998,24,24
7728,2025-12-07,33.09583333333333,24,24
7728,2025-12-11,29.087500000000002,24,24
7728,2025-12-15,18.168181818181818,22,22
7728,2025-12-19,25.47083333333333,24,24
7728,2025-12-23,17.458333333333332,24,24
7728,2025-12-27,28.441666666666666,24,24
7728,2025-12-31,20.820833333333333,24,24
3025594,2025-01-01,32.93950617283951,81,81
3025594,2025-01-05,34.83238095238095,63,63
3025594,2025-01-09,41.083207547169806,53,53
3025594,2025-01-13,55.92125,8,8
3025594,2025-01-17,33.90075471698113,53,53
3025594,2025-01-21,26.672241379310346,58,58
3025594,2025-01-25,22.473181818181818,44,44
3025594,2025-01-29,25.637090909090908,55,55
3025594,2025-02-02,36.609117647058824,34,34
3025594,2025-02-06,25.894848484848485,33,33
3025594,2025-02-10,24.084,60,60
3025594,2025-02-14,22.24897435897436,78,78
3025594,2025-02-18,23.236527777777777,72,72
3025594,2025-02-22,33.33561403508772,57,57
3025594,2025-02-26,18.00857142857143,42,42
3025594,2025-03-02,17.20953846153846,65,65
3025594,2025-03-06,11.2606,50,50
3025594,2025-03-10,16.200181818181818,55,55
3025594,2025-03-14,15.748064516129032,62,62
3025594,2025-03-18,11.321129032258064,62,62
3025594,2025-03-22,20.38719298245614,57,57
3025594,2025-03-26,15.186379310344826,58,58
3025594,2025-03-30,11.675454545454546,66,66
3025594,2025-04-03,18.355454545454545,44,44
3025594,2025-04-07,10.48542372881356,59,59
3025594,2025-04-11,10.137500000000001,68,68
3025594,2025-04-15,14.422463768115941,69,69
3025594,2025-04-19,10.519019607843138,51,51
3025594,2025-04-23,10.1056,50,50
3025594,2025-04-27,12.295967741935485,62,62
3025594,2025-05-01,12.236739130434783,46,46
3025594,2025-05-05,10.097708333333333,48,48
3025594,2025-05-09,8.511607142857143,56,56
3025594,2025-05-13,15.168648648648649,37,37
3025594,2025-05-17,10.057833333333333,60,60
3025594,2025-05-21,11.365,16,16
3025594,2025-05-25,8.951612903225806,31,31
3025594,2025-05-29,8.648181818181818,44,44
3025594,2025-06-02,14.452181818181819,55,55
3025594,2025-06-06,10.719444444444443,36,36
3025594,2025-06-10,15.559142857142856,35,35
3025594,2025-06-14,10.674193548387096,31,31
3025594,2025-06-18,11.231612903225807,31,31
3025594,2025-06-22,12.68875,72,72
3025594,2025-06-26,16.606341463414633,41,41
3025594,2025-06-30,10.372708333333334,48,48
3025594,2025-07-04,25.122954545454547,44,44
3025594,2025-07-08,13.10075,40,40
3025594,2025-07-12,18.615454545454547,77,77
3025594,2025-07-16,21.824428571428573,70,70
3025594,2025-07-20,17.039672131147544,61,61
3025594,2025-07-24,17.0332,75,75
3025594,2025-07-28,18.857540983606558,61,61
3025594,2025-08-01,17.091190476190476,84,84
3025594,2025-08-05,20.321470588235293,68,68
3025594,2025-08-09,19.893846153846155,78,78
3025594,2025-08-13,7.352948717948718,78,78
3025594,2025-08-17,11.363974358974358,78,78
3025594,2025-08-21,11.750136986301369,73,73
3025594,2025-08-25,15.700816326530614,49,49
3025594,2025-08-29,11.869846153846153,65,65
3025594,2025-09-02,14.87578125,64,64
3025594,2025-09-06,17.24720588235294,68,68
3025594,2025-09-10,18.86375,16,16
3025594,2025-09-14,16.3668,75,75
3025594,2025-09-18,11.66560606060606,66,66
3025594,2025-09-22,12.142096774193549,62,62
3025594,2025-09-26,7.384545454545454,55,55
3025594,2025-09-30,14.27421875,64,64
3025594,2025-10-04,9.148591549295775,71,71
3025594,2025-10-08,17.75390243902439,41,41
3025594,2025-10-12,23.72764705882353,51,51
3025594,2025-10-16,8.797142857142857,63,63
3025594,2025-10-20,12.013488372093024,43,43
3025594,2025-10-24,11.89125,8,8
3025594,2025-10-28,11.291166666666667,60,60
3025594,2025-11-01,10.042,75,75
3025594,2025-11-05,16.763472222222223,72,72
3025594,2025-11-09,13.515072463768115,69,69
3025594,2025-11-13,13.32764705882353,17,17
3025594,2025-11-17,21.856956521739132,69,69
3025594,2025-11-21,15.708923076923078,65,65
3025594,2025-11-25,16.637540983606556,61,61
3025594,2025-11-29,16.47090909090909,66,66
3025594,2025-12-03,20.120136986301368,73,73
3025594,2025-12-07,16.573225806451614,62,62
3025594,2025-12-11,21.464745762711864,59,59
3025594,2025-12-15,21.920731707317074,41,41
3025594,2025-12-19,20.261666666666663,54,54
3025594,2025-12-23,25.612888888888886,45,45
3025594,2025-12-27,19.856811594202895,69,69
3025594,2025-12-31,26.133142857142857,70,70
9591,2025-01-01,46.09302916666667,24,24
9591,2025-01-05,5.2025875,24,24
9591,2025-01-09,1.3830875,24,24
9591,2025-01-13,9.692945454545454,11,11
9591,2025-01-17,17.831573684210525,19,19
9591,2025-01-21,20.911175,24,24
9591,2025-01-25,6.029441666666667,24,24
9591,2025-01-29,1.1174071428571428,14,14
9591,2025-02-02,14.373287499999998,24,24
9591,2025-02-06,23.047365217391302,23,23
9591,2025-02-10,33.388154166666666,24,24
9591,2025-02-14,17.479016666666666,24,24
9591,2025-02-18,22.695769565217393,23,23
9591,2025-02-22,15.802091666666668,24,24
9591,2025-02-26,1.22278,5,5
9591,2025-03-02,15.0835,3,3
9591,2025-03-06,18.56595,24,24
9591,2025-03-10,7.374553333333334,15,15
9591,2025-03-14,8.240339130434783,23,23
9591,2025-03-18,9.598820833333333,24,24
9591,2025-03-22,7.716629166666666,24,24
9591,2025-03-26,21.187133333333335,15,15
9591,2025-03-30,11.685665217391305,23,23
9591,2025-04-03,9.5778375,24,24
9591,2025-04-07,5.125482608695652,23,23
9591,2025-04-11,10.64345,24,24
9591,2025-04-15,7.909266666666667,24,24
9591,2025-04-19,4.654133333333333,24,24
9591,2025-04-23,3.8132,9,9
9591,2025-04-27,8.742062500000001,24,24
9591,2025-05-01,9.089675,20,20
9591,2025-05-05,2.303225,16,16
9591,2025-05-09,13.983921739130436,23,23
9591,2025-05-13,3.044513043478261,23,23
9591,2025-05-17,4.6533411764705885,17,17
9591,2025-05-21,4.707816666666667,24,24
9591,2025-05-25,3.6834142857142855,14,14
9591,2025-05-29,5.8002666666666665,6,6
9591,2025-06-02,5.9080375,24,24
9591,2025-06-06,3.8426458333333335,24,24
9591,2025-06-10,27.247021739130435,23,23
9591,2025-06-14,17.290966666666666,24,24
9591,2025-06-18,10.455321052631579,19,19
9591,2025-06-22,12.43753076923077,13,13
9591,2025-06-26,8.7535375,24,24
9591,2025-06-30,9.813858333333334,24,24
9591,2025-07-04,13.968741666666666,24,24
9591,2025-07-08,2.24023125,16,16
9591,2025-07-12,5.713691666666667,24,24
9591,2025-07-16,8.866342105263158,19,19
9591,2025-07-20,6.931541666666667,24,24
9591,2025-07-24,3.7534041666666664,24,24
9591,2025-07-28,3.2328772727272725,22,22
9591,2025-08-01,6.9963875,24,24
9591,2025-08-05,5.130604347826087,23,23
9591,2025-08-09,15.628579166666666,24,24
9591,2025-08-13,18.98772608695652,23,23
9591,2025-08-17,13.332059090909091,22,22
9591,2025-08-21,2.7125,24,24
9591,2025-08-25,8.030575,24,24
9591,2025-08-29,2.4405875,24,24
9591,2025-09-02,1.908425,24,24
9591,2025-09-06,3.3072913043478263,23,23
9591,2025-09-10,4.3581666666666665,24,24
9591,2025-09-14,2.6409083333333334,24,24
9591,2025-09-18,5.270833333333333,24,24
9591,2025-09-22,1.6953041666666666,24,24
9591,2025-09-26,6.0047125,24,24
9591,2025-09-30,11.317712499999999,24,24
9591,2025-10-04,5.731852173913044,23,23
9591,2025-10-08,7.683575,24,24
9591,2025-10-12,10.468863636363636,22,22
9591,2025-10-16,10.018264705882352,17,17
9591,2025-10-20,11.7211,21,21
9591,2025-10-24,1.3224166666666666,24,24
9591,2025-10-28,2.225978260869565,23,23
9591,2025-11-01,10.065979166666667,24,24
9591,2025-11-05,8.573482608695652,23,23
9591,2025-11-09,17.22480416666667,24,24
9591,2025-11-13,8.706465217391303,23,23
9591,2025-11-17,5.5942043478260866,23,23
9591,2025-11-21,7.169933333333333,24,24
9591,2025-11-25,1.5397842105263158,19,19
9591,2025-11-29,10.34915,2,2
9591,2025-12-03,12.569282608695653,23,23
9591,2025-12-07,2.76108,15,15
9591,2025-12-11,12.039872727272728,22,22
9591,2025-12-15,10.868033333333335,24,24
9591,2025-12-19,12.191659090909091,22,22
9591,2025-12-23,13.614604166666666,24,24
9591,2025-12-27,18.765987499999998,24,24
9591,2025-12-31,12.986520833333332,24,24
8716,2025-01-25,5.50781,1,24
8716,2025-01-29,0.3125,2,24
8716,2025-02-06,0.0,1,24
8716,2025-02-26,0.9418940499999999,20,24
8716,2025-03-02,3.070475333333333,24,24
8716,2025-03-26,6.798473333333334,12,24
8716,2025-04-23,1.822423076923077,13,24
8716,2025-04-27,0.0,1,24
8716,2025-05-01,1.5332,4,24
8716,2025-05-05,1.93749,10,24
8716,2025-05-17,3.3646963636363636,11,24
8716,2025-06-18,0.7666,4,24
8716,2025-06-30,3.5547,1,24
8716,2025-07-04,2.0898,1,24
8716,2025-07-08,0.86914,1,24
8716,2025-07-12,0.38086,1,24
8716,2025-08-01,1.3476666666666668,3,24
8716,2025-08-05,0.0,1,24
8716,2025-08-13,0.0,1,24
8716,2025-08-17,1.6016,1,24
8716,2025-09-02,0.0,1,24
8716,2025-12-31,0.0,1,24
7732,2025-01-01,37.413636363636364,22,22
7732,2025-01-05,38.858333333333334,24,24
7732,2025-01-09,40.10526315789474,19,19
7732,2025-01-13,22.633333333333336,24,24
7732,2025-01-17,40.204166666666666,24,24
7732,2025-01-21,30.8125,24,24
7732,2025-01-25,16.791666666666668,24,24
7732,2025-01-29,29.366666666666664,24,24
7732,2025-02-02,17.821739130434782,23,23
7732,2025-02-06,24.099999999999998,24,24
7732,2025-02-10,17.220833333333335,24,24
7732,2025-02-14,38.483333333333334,24,24
7732,2025-02-18,50.025,24,24
7732,2025-02-22,24.233333333333334,24,24
7732,2025-02-26,42.208333333333336,24,24
7732,2025-03-02,24.912499999999998,24,24
7732,2025-03-06,12.082608695652173,23,23
7732,2025-03-10,23.27916666666667,24,24
7732,2025-03-14,24.733333333333334,24,24
7732,2025-03-18,25.958333333333332,24,24
7732,2025-03-22,29.27916666666667,24,24
7732,2025-03-26,19.1875,24,24
7732,2025-03-30,10.049999999999999,24,24
7732,2025-04-03,21.59166666666667,24,24
7732,2025-04-07,32.112500000000004,24,24
7732,2025-04-11,22.74285714285714,14,14
7732,2025-04-15,56.525,24,24
7732,2025-04-19,21.34583333333333,24,24
7732,2025-04-23,18.029166666666665,24,24
7732,2025-04-27,25.460869565217394,23,23
7732,2025-05-01,29.770833333333332,24,24
7732,2025-05-05,19.287499999999998,24,24
7732,2025-05-09,23.9875,24,24
7732,2025-05-13,26.858333333333334,24,24
7732,2025-05-17,13.791666666666666,24,24
7732,2025-05-21,15.779166666666667,24,24
7732,2025-05-25,28.616666666666664,24,24
7732,2025-05-29,20.554166666666667,24,24
7732,2025-06-02,18.420833333333334,24,24
7732,2025-06-06,20.275,24,24
7732,2025-06-10,12.656521739130437,23,23
7732,2025-06-14,15.641666666666666,24,24
7732,2025-06-18,16.752173913043478,23,23
7732,2025-06-22,14.195833333333333,24,24
7732,2025-06-26,14.65,24,24
7732,2025-06-30,11.5875,24,24
7732,2025-07-04,19.604166666666668,24,24
7732,2025-07-08,12.508333333333333,24,24
7732,2025-07-12,21.358333333333334,24,24
7732,2025-07-16,15.280000000000001,20,20
7732,2025-07-20,7.836363636363637,22,22
7732,2025-07-24,27.8625,24,24
7732,2025-07-28,24.65909090909091,22,22
7732,2025-08-01,18.695833333333333,24,24
7732,2025-08-05,19.965217391304346,23,23
7732,2025-08-09,22.5125,24,24
7732,2025-08-13,15.166666666666666,24,24
7732,2025-08-17,13.325000000000001,24,24
7732,2025-08-21,14.504166666666668,24,24
7732,2025-08-25,14.763157894736842,19,19
7732,2025-08-29,14.379166666666668,24,24
7732,2025-09-02,14.079166666666666,24,24
7732,2025-09-06,19.3,24,24
7732,2025-09-10,15.320833333333333,24,24
7732,2025-09-14,13.713043478260868,23,23
7732,2025-09-18,15.85,24,24
7732,2025-09-22,23.033333333333335,24,24
7732,2025-09-26,18.770833333333332,24,24
7732,2025-09-30,19.43913043478261,23,23
7732,2025-10-04,16.217391304347824,23,23
7732,2025-10-08,20.16086956521739,23,23
7732,2025-10-12,14.058333333333332,24,24
7732,2025-10-16,22.395833333333332,24,24
7732,2025-10-20,21.099999999999998,19,19
7732,2025-10-24,24.429166666666664,24,24
7732,2025-10-28,36.4625,24,24
7732,2025-11-01,26.525000000000002,24,24
7732,2025-11-05,16.578260869565216,23,23
7732,2025-11-09,22.147058823529413,17,17
7732,2025-11-13,17.054166666666667,24,24
7732,2025-11-17,24.325,24,24
7732,2025-11-21,22.52916666666667,24,24
7732,2025-11-25,23.758333333333336,24,24
7732,2025-11-29,32.62083333333333,24,24
7732,2025-12-03,39.63181818181818,22,22
7732,2025-12-07,38.75416666666667,24,24
7732,2025-12-11,34.3125,24,24
7732,2025-12-15,22.21666666666667,24,24
7732,2025-12-19,31.09166666666667,24,24
7732,2025-12-23,23.370833333333334,24,24
7732,2025-12-27,35.979166666666664,24,24
7732,2025-12-31,25.683333333333334,24,24
3025584,2025-01-01,33.16106849315069,365,365
3025584,2025-01-05,39.0127397260274,292,292
3025584,2025-01-09,38.01054852320675,237,237
3025584,2025-01-13,59.67194444444445,36,36
3025584,2025-01-17,37.890041841004184,239,239
3025584,2025-01-21,35.49367816091954,261,261
3025584,2025-01-25,25.48505,200,200
3025584,2025-01-29,33.843293650793655,252,252
3025584,2025-02-02,38.92198717948718,156,156
3025584,2025-02-06,31.846533333333337,150,150
3025584,2025-02-10,31.95584558823529,272,272
3025584,2025-02-14,29.352071823204422,362,362
3025584,2025-02-18,26.954474474474473,333,333
3025584,2025-02-22,37.9272373540856,257,257
3025584,2025-02-26,24.802642487046633,193,193
3025584,2025-03-02,23.623245033112585,302,302
3025584,2025-03-06,15.571652542372881,236,236
3025584,2025-03-10,19.92702380952381,252,252
3025584,2025-03-14,18.496574394463668,289,289
3025584,2025-03-18,16.4359375,288,288
3025584,2025-03-22,27.014370078740157,254,254
3025584,2025-03-26,20.788587360594796,269,269
3025584,2025-03-30,11.986546052631578,304,304
3025584,2025-04-03,18.36487922705314,207,207
3025584,2025-04-07,17.677592592592593,270,270
3025584,2025-04-11,13.586645569620254,316,316
3025584,2025-04-15,17.919555555555554,315,315
3025584,2025-04-19,12.312905982905981,234,234
3025584,2025-04-23,16.357831858407078,226,226
3025584,2025-04-27,21.94267361111111,288,288
3025584,2025-05-01,15.415639810426539,211,211
3025584,2025-05-05,16.026830357142856,224,224
3025584,2025-05-09,12.004566929133858,254,254
3025584,2025-05-13,18.045344827586206,174,174
3025584,2025-05-17,13.482177121771217,271,271
3025584,2025-05-21,16.491142857142858,70,70
3025584,2025-05-25,13.715208333333333,144,144
3025584,2025-05-29,14.693106796116506,206,206
3025584,2025-06-02,17.851686274509806,255,255
3025584,2025-06-06,15.2464406779661,177,177
3025584,2025-06-10,17.943540372670807,161,161
3025584,2025-06-14,13.029130434782608,138,138
3025584,2025-06-18,14.479225352112678,142,142
3025584,2025-06-22,16.213562874251497,334,334
3025584,2025-06-26,19.039114583333333,192,192
3025584,2025-06-30,23.74058823529412,221,221
3025584,2025-07-04,25.476421568627448,204,204
3025584,2025-07-08,27.94379310344828,174,174
3025584,2025-07-12,25.8770985915493,355,355
3025584,2025-07-16,32.025786163522014,318,318
3025584,2025-07-20,17.684982578397214,287,287
3025584,2025-07-24,21.416300578034683,346,346
3025584,2025-07-28,23.857078651685395,267,267
3025584,2025-08-01,22.59321243523316,386,386
3025584,2025-08-05,24.009073482428114,313,313
3025584,2025-08-09,28.0604469273743,358,358
3025584,2025-08-13,15.53308357348703,347,347
3025584,2025-08-17,20.11406779661017,354,354
3025584,2025-08-21,16.776452599388378,327,327
3025584,2025-08-25,20.971434977578475,223,223
3025584,2025-08-29,16.42324414715719,299,299
3025584,2025-09-02,22.986975945017182,291,291
3025584,2025-09-06,19.00368932038835,309,309
3025584,2025-09-10,18.54945945945946,74,74
3025584,2025-09-14,19.067817109144542,339,339
3025584,2025-09-18,16.132525597269623,293,293
3025584,2025-09-22,15.593442028985507,276,276
3025584,2025-09-26,13.696122448979592,245,245
3025584,2025-09-30,19.078697183098594,284,284
3025584,2025-10-04,12.237939393939394,330,330
3025584,2025-10-08,17.997766497461928,197,197
3025584,2025-10-12,19.93092050209205,239,239
3025584,2025-10-16,17.609928571428572,280,280
3025584,2025-10-20,14.162326732673268,202,202
3025584,2025-10-24,18.30542857142857,35,35
3025584,2025-10-28,15.872202797202796,286,286
3025584,2025-11-01,13.922485380116958,342,342
3025584,2025-11-05,23.064138972809666,331,331
3025584,2025-11-09,16.247911392405065,316,316
3025584,2025-11-13,21.6688,75,75
3025584,2025-11-17,25.744857142857143,315,315
3025584,2025-11-21,22.435382059800666,301,301
3025584,2025-11-25,23.9960777385159,283,283
3025584,2025-11-29,23.435847176079733,301,301
3025584,2025-12-03,25.25176848874598,311,311
3025584,2025-12-07,16.06,270,270
3025584,2025-12-11,24.85488,250,250
3025584,2025-12-15,26.321122994652406,187,187
3025584,2025-12-19,29.5425,248,248
3025584,2025-12-23,32.410000000000004,206,206
3025584,2025-12-27,26.488129032258062,310,310
3025584,2025-12-31,29.727915309446253,307,307
783931,2025-01-01,19.043478260869566,23,23
783931,2025-01-05,20.347826086956523,23,23
783931,2025-01-09,10.041666666666666,24,24
783931,2025-01-13,8.695652173913043,23,23
783931,2025-01-17,19.727272727272727,22,22
783931,2025-01-21,14.826086956521738,23,23
783931,2025-01-25,20.625,24,24
783931,2025-01-29,7.739130434782608,23,23
783931,2025-02-02,15.434782608695652,23,23
783931,2025-02-06,39.68181818181818,22,22
783931,2025-02-10,21.17391304347826,23,23
783931,2025-02-14,23.375,24,24
783931,2025-02-18,20.217391304347824,23,23
783931,2025-02-22,25.434782608695652,23,23
783931,2025-02-26,48.91304347826087,23,23
783931,2025-03-02,9.0,1,1
783931,2025-03-06,25.208333333333332,24,24
783931,2025-03-10,27.833333333333332,24,24
783931,2025-03-14,6.409090909090909,22,22
783931,2025-03-18,8.541666666666666,24,24
783931,2025-03-22,12.0,1,1
783931,2025-03-26,9.476190476190476,21,21
783931,2025-03-30,16.130434782608695,23,23
783931,2025-04-03,10.571428571428571,21,21
783931,2025-04-07,8.91304347826087,23,23
783931,2025-04-11,7.826086956521739,23,23
783931,2025-04-15,13.391304347826088,23,23
783931,2025-04-19,17.0,1,1
783931,2025-04-23,10.791666666666666,24,24
783931,2025-04-27,8.125,24,24
783931,2025-05-01,9.91304347826087,23,23
783931,2025-05-05,9.833333333333334,24,24
783931,2025-05-09,11.0,24,24
783931,2025-05-13,7.739130434782608,23,23
783931,2025-05-17,6.708333333333333,24,24
783931,2025-05-21,9.416666666666666,24,24
783931,2025-05-25,6.0,23,23
783931,2025-05-29,5.041666666666667,24,24
783931,2025-06-02,9.458333333333334,24,24
783931,2025-06-06,10.083333333333334,24,24
783931,2025-06-10,7.916666666666667,24,24
783931,2025-06-14,8.608695652173912,23,23
783931,2025-06-18,7.928571428571429,14,14
783931,2025-06-22,9.75,24,24
783931,2025-06-26,13.0,22,22
783931,2025-06-30,7.333333333333333,15,15
783931,2025-07-04,14.583333333333334,24,24
783931,2025-07-08,7.833333333333333,24,24
783931,2025-07-12,6.5,24,24
783931,2025-07-16,8.833333333333334,24,24
783931,2025-07-20,9.0,24,24
783931,2025-07-24,7.521739130434782,23,23
783931,2025-07-28,6.583333333333333,24,24
783931,2025-08-01,6.6521739130434785,23,23
783931,2025-08-05,5.958333333333333,24,24
783931,2025-08-09,10.208333333333334,24,24
783931,2025-08-13,9.75,24,24
783931,2025-08-17,17.916666666666668,24,24
783931,2025-08-21,10.625,24,24
783931,2025-08-25,3.7,20,20
783931,2025-08-29,12.416666666666666,24,24
783931,2025-09-02,7.583333333333333,24,24
783931,2025-09-06,8.25,24,24
783931,2025-09-10,11.291666666666666,24,24
783931,2025-09-14,9.666666666666666,24,24
783931,2025-09-18,5.782608695652174,23,23
783931,2025-09-22,7.958333333333333,24,24
783931,2025-09-26,10.217391304347826,23,23
783931,2025-09-30,5.75,24,24
783931,2025-10-04,9.125,24,24
783931,2025-10-08,5.041666666666667,24,24
783931,2025-10-12,6.458333333333333,24,24
783931,2025-10-16,11.125,24,24
783931,2025-10-20,7.235294117647059,17,17
783931,2025-10-24,7.541666666666667,24,24
783931,2025-10-28,6.916666666666667,24,24
783931,2025-11-01,11.904761904761905,21,21
783931,2025-11-05,17.416666666666668,24,24
783931,2025-11-09,16.041666666666668,24,24
783931,2025-11-13,15.041666666666666,24,24
783931,2025-11-17,15.583333333333334,24,24
783931,2025-11-21,9.541666666666666,24,24
783931,2025-11-25,6.875,24,24
783931,2025-11-29,18.5,24,24
783931,2025-12-03,17.708333333333332,24,24
783931,2025-12-07,11.541666666666666,24,24
783931,2025-12-11,9.5,24,24
783931,2025-12-15,9.416666666666666,24,24
783931,2025-12-19,39.958333333333336,24,24
783931,2025-12-23,13.208333333333334,24,24
783931,2025-12-27,15.347826086956522,23,23
783931,2025-12-31,5.166666666666667,24,24
8112,2025-01-01,5.829999,1,22
8112,2025-01-09,7.092499475,4,24
8112,2025-01-17,7.11249925,4,7
8112,2025-01-21,2.71,1,3
8112,2025-01-25,19.91499935,2,24
8112,2025-01-29,20.04,1,24
8112,2025-02-02,1.26,1,24
8112,2025-02-06,24.99,1,24
8112,2025-02-10,29.29,1,24
8112,2025-02-14,22.33,1,24
8112,2025-02-18,1.9849995,2,22
8112,2025-02-26,14.3,1,7
8112,2025-03-02,3.8299993333333333,3,3
8112,2025-03-06,20.439999999999998,2,24
8112,2025-03-10,33.38,1,24
8112,2025-03-14,5.76,1,24
8112,2025-03-22,12.25,1,24
8112,2025-03-26,18.03,2,17
8112,2025-03-30,14.323333333333332,3,22
8112,2025-04-03,2.59,2,24
8112,2025-04-11,2.5,1,24
8112,2025-04-15,10.46,1,24
8112,2025-04-19,14.656666333333334,3,24
8112,2025-04-23,9.77,4,8
8112,2025-04-27,1.9541663333333334,12,24
8112,2025-05-01,2.5849995,10,20
8112,2025-05-05,1.83624925,8,18
8112,2025-05-09,7.0699995,2,24
8112,2025-05-13,5.005,2,24
8112,2025-05-17,3.17,1,21
8112,2025-05-29,6.78,1,24
8112,2025-06-02,5.01,1,24
8112,2025-06-06,5.455,2,24
8112,2025-06-10,3.76,1,24
8112,2025-06-14,3.679999666666667,3,24
8112,2025-06-18,9.82,1,24
8112,2025-06-22,5.579999333333333,3,22
8112,2025-06-26,3.7799995,2,24
8112,2025-06-30,5.9,1,24
8112,2025-07-04,3.8819996000000003,5,24
8112,2025-07-08,7.635,2,24
8112,2025-07-12,4.645,2,24
8112,2025-07-16,7.4099995,2,24
8112,2025-07-20,12.5999995,2,24
8112,2025-07-24,8.109999,1,22
8112,2025-07-28,8.59,1,19
8112,2025-08-01,5.485555111111111,9,24
8112,2025-08-05,6.351666166666667,6,24
8112,2025-08-09,5.961428,7,24
8112,2025-08-13,6.8774995,4,24
8112,2025-08-17,2.1533333333333333,3,23
8112,2025-08-21,1.8666666666666665,3,24
8112,2025-08-25,1.15,1,24
8112,2025-08-29,11.6499987,1,21
8112,2025-09-02,5.456666333333334,3,11
8112,2025-09-06,13.133332433333331,3,24
8112,2025-09-14,7.7,1,21
8112,2025-09-18,2.03,1,24
8112,2025-09-22,8.84,2,24
8112,2025-09-26,17.21,1,24
8112,2025-09-30,3.5899993333333335,3,24
8112,2025-10-04,10.23,2,24
8112,2025-10-08,8.18,1,24
8112,2025-10-12,2.42,1,21
8112,2025-10-16,4.049999,2,14
8112,2025-10-20,3.093332888888889,9,23
8112,2025-10-24,19.21,2,24
8112,2025-11-09,9.95999935,2,22
8112,2025-11-17,8.159999,1,20
8112,2025-11-21,14.88,1,21
8112,2025-11-25,14.629999999999999,2,18
8112,2025-11-29,17.99,1,1
8112,2025-12-03,5.539999,1,21
8112,2025-12-11,8.006666666666666,3,22
8112,2025-12-15,5.51,1,21
8112,2025-12-31,2.76,2,11
2162538,2025-01-01,3.6697463684210523,19,19
2162538,2025-01-05,4.726495817647058,17,17
2162538,2025-01-09,7.050368950000001,20,20
2162538,2025-01-13,4.3132975714285715,7,7
2162538,2025-01-17,2.545236857142857,14,14
2162538,2025-01-21,4.4636166875,16,16
2162538,2025-01-25,5.088707785714286,14,14
2162538,2025-01-29,2.284786736842105,19,19
2162538,2025-02-02,1.6158444545454544,22,22
2162538,2025-02-06,4.223640285714286,21,21
2162538,2025-02-10,4.988091476190476,21,21
2162538,2025-02-14,3.7481406470588237,17,17
2162538,2025-02-18,1.3745862222222223,18,18
2162538,2025-02-22,15.508664892857142,14,14
2162538,2025-02-26,22.226893166666667,3,3
2162538,2025-03-02,1.9877829999999999,2,2
2162538,2025-03-06,2.6008209285714288,14,14
2162538,2025-03-10,4.552949223529412,17,17
2162538,2025-03-14,4.901024894736842,19,19
2162538,2025-03-18,1.6225861363636362,22,22
2162538,2025-03-22,9.45871247368421,19,19
2162538,2025-03-26,13.634252308333332,12,12
2162538,2025-03-30,21.0191485,21,21
2162538,2025-04-03,9.921353845,20,20
2162538,2025-04-07,3.530096888888889,18,18
2162538,2025-04-11,2.2646693166666667,18,18
2162538,2025-04-15,11.662049321052631,19,19
2162538,2025-04-19,6.635250580952381,21,21
2162538,2025-04-23,1.775093,1,1
2162538,2025-04-27,2.628973695652174,23,23
2162538,2025-05-01,6.8731439000000005,16,16
2162538,2025-05-05,2.0422524285714285,14,14
2162538,2025-05-09,3.065483,20,20
2162538,2025-05-13,6.369010123529412,17,17
2162538,2025-05-17,7.164221700000001,10,10
2162538,2025-05-21,1.600231777777778,18,18
2162538,2025-05-25,3.0333942222222223,18,18
2162538,2025-05-29,8.705973091666667,12,12
2162538,2025-06-02,4.388473333333334,18,18
2162538,2025-06-06,5.062574833333333,18,18
2162538,2025-06-10,2.8395617142857144,14,14
2162538,2025-06-14,4.744606055555555,18,18
2162538,2025-06-18,3.8242108000000004,15,15
2162538,2025-06-22,3.543286055555556,18,18
2162538,2025-06-26,3.69864395,20,20
2162538,2025-06-30,3.2096944,20,20
2162538,2025-07-04,2.904065411764706,17,17
2162538,2025-07-08,4.2906675000000005,18,18
2162538,2025-07-12,9.079512323809524,21,21
2162538,2025-07-16,10.543092075,16,16
2162538,2025-07-20,8.69032649,20,20
2162538,2025-07-24,18.521797973684208,19,19
2162538,2025-07-28,10.361275976470589,17,17
2162538,2025-08-01,14.934505549999999,18,18
2162538,2025-08-05,6.385250285,20,20
2162538,2025-08-09,7.6835321875,16,16
2162538,2025-08-13,1.706892153846154,13,13
2162538,2025-08-17,1.6671378947368423,19,19
2162538,2025-08-21,1.145557842105263,19,19
2162538,2025-08-25,1.95526245,20,20
2162538,2025-08-29,3.1632433888888887,18,18
2162538,2025-09-02,4.524368882352941,17,17
2162538,2025-09-06,9.337730673684211,19,19
2162538,2025-09-10,11.367878755555555,18,18
2162538,2025-09-14,3.4630399444444446,18,18
2162538,2025-09-18,2.966253764705882,17,17
2162538,2025-09-22,2.397247705882353,17,17
2162538,2025-09-26,1.364925857142857,21,21
2162538,2025-09-30,4.368035944444444,18,18
2162538,2025-10-04,5.018532117647059,17,17
2162538,2025-10-08,3.410378875,16,16
2162538,2025-10-12,0.654041,20,20
2162538,2025-10-16,1.6104479375,16,16
2162538,2025-10-20,2.0536373529411764,17,17
2162538,2025-10-24,3.7801358636363633,22,22
2162538,2025-10-28,2.0914149473684214,19,19
2162538,2025-11-01,0.8600716,20,20
2162538,2025-11-05,1.2190514444444445,18,18
2162538,2025-11-09,2.015427705882353,17,17
2162538,2025-11-13,1.0264757619047618,21,21
2162538,2025-11-17,0.7555974375,16,16
2162538,2025-11-21,6.7034633125,16,16
2162538,2025-11-25,0.9823855333333333,15,15
2162538,2025-12-03,3.5526876875,16,16
2162538,2025-12-07,0.2716451111111111,18,18
2162538,2025-12-11,0.837077125,16,16
2162538,2025-12-15,1.177908888888889,18,18
2162538,2025-12-19,3.4907855714285714,14,14
2162538,2025-12-23,3.7172991875,16,16
2162538,2025-12-27,0.9993623333333334,15,15
2162538,2025-12-31,2.7772762727272724,11,11
3048134,2025-01-01,12.426666666666668,15,16
3048134,2025-01-05,9.25,16,18
3048134,2025-01-09,12.31764705882353,17,17
3048134,2025-01-13,10.916666666666666,6,6
3048134,2025-01-17,7.2733333333333325,15,15
3048134,2025-01-21,10.1,14,14
3048134,2025-01-25,3.775,16,17
3048134,2025-01-29,5.366666666666666,15,16
3048134,2025-02-02,5.3375,16,17
3048134,2025-02-06,3.5785714285714287,14,17
3048134,2025-02-10,6.027777777777778,18,18
3048134,2025-02-14,5.0125,16,17
3048134,2025-02-18,10.264705882352942,17,19
3048134,2025-02-22,8.24,15,16
3048134,2025-02-26,2.966666666666667,3,4
3048134,2025-03-02,10.149999999999999,2,2
3048134,2025-03-06,5.594117647058823,17,17
3048134,2025-04-11,12.714285714285714,14,17
3048134,2025-04-15,5.85625,16,18
3048134,2025-04-19,5.666666666666667,15,18
3048134,2025-04-23,6.5875,8,9
3048134,2025-04-27,4.5625,16,17
3048134,2025-05-01,5.17,10,10
3048134,2025-05-05,5.833333333333333,6,6
3048134,2025-05-09,4.021052631578947,19,20
3048134,2025-05-13,2.41,20,20
3048134,2025-05-17,4.125,8,12
3048134,2025-05-21,7.319999999999999,15,16
3048134,2025-05-25,3.1941176470588233,17,18
3048134,2025-05-29,2.6785714285714284,14,18
3048134,2025-06-02,7.122222222222222,9,13
3048134,2025-06-06,3.98125,16,17
3048134,2025-06-10,2.5928571428571425,14,17
3048134,2025-06-14,4.546153846153846,13,14
3048134,2025-06-18,6.70625,16,17
3048134,2025-06-22,5.223529411764706,17,17
3048134,2025-06-26,5.933333333333334,15,15
3048134,2025-06-30,4.536842105263158,19,19
3048134,2025-07-04,3.6611111111111114,18,18
3048134,2025-07-08,2.2235294117647055,17,19
3048134,2025-07-12,4.788888888888889,18,18
3048134,2025-07-16,5.144444444444444,9,10
3048134,2025-07-24,6.8,16,18
3048134,2025-07-28,2.5142857142857147,14,14
3048134,2025-08-01,3.9,20,20
3048134,2025-08-05,3.3875,16,16
3048134,2025-08-09,2.294736842105263,19,19
3048134,2025-08-13,13.186666666666667,15,17
3048134,2025-08-17,4.553846153846154,13,13
3048134,2025-08-25,5.680000000000001,15,17
3048134,2025-08-29,6.844444444444445,18,18
3048134,2025-09-02,3.922222222222222,9,9
3048134,2025-09-06,7.983333333333333,12,13
3048134,2025-09-10,4.433333333333334,6,8
3048134,2025-09-14,4.683333333333334,12,12
3048134,2025-09-18,4.664285714285714,14,14
3048134,2025-09-22,3.9000000000000004,13,15
3048134,2025-09-26,6.0,1,1
3048134,2025-09-30,5.14,15,15
3048134,2025-10-04,3.3588235294117648,17,18
3048134,2025-10-08,5.286666666666666,15,16
3048134,2025-10-12,3.1454545454545455,11,12
3048134,2025-10-16,3.9,10,10
3048134,2025-10-20,14.533333333333333,15,16
3048134,2025-10-24,5.20625,16,18
3048134,2025-10-28,2.62,10,12
3048134,2025-11-01,3.8499999999999996,18,19
3048134,2025-11-05,4.57,10,14
3048134,2025-11-09,4.35,18,19
3048134,2025-11-13,3.96,5,8
3048134,2025-11-17,6.735714285714286,14,17
3048134,2025-11-21,2.8285714285714287,14,15
3048134,2025-11-25,3.8249999999999997,12,13
3048134,2025-11-29,2.75,2,2
3048134,2025-12-03,3.1,16,17
3048134,2025-12-07,5.7153846153846155,13,18
3048134,2025-12-11,5.942857142857143,14,16
3048134,2025-12-15,5.01875,16,17
3048134,2025-12-19,3.4416666666666664,12,13
3048134,2025-12-23,5.711111111111111,18,18
3048134,2025-12-27,3.4181818181818184,11,16
3048134,2025-12-31,3.8866666666666663,15,16
3771604,2025-03-22,9.385230769230768,65,65
3771604,2025-03-26,1.9286440677966101,59,59
3771604,2025-03-30,2.3189830508474576,59,59
3771604,2025-04-03,4.2005357142857145,56,56
3771604,2025-04-07,2.174677419354839,62,62
3771604,2025-04-11,1.6816923076923078,65,65
3771604,2025-04-15,2.545,70,70
3771604,2025-04-19,3.1257446808510636,47,47
3771604,2025-04-23,3.384,45,45
3771604,2025-04-27,2.1586206896551725,58,58
3771604,2025-05-01,2.3814634146341462,41,41
3771604,2025-05-05,2.4612280701754385,57,57
3771604,2025-05-09,2.358076923076923,52,52
3771604,2025-05-13,1.913170731707317,41,41
3771604,2025-05-17,2.5474074074074076,54,54
3771604,2025-05-21,2.7531578947368422,19,19
3771604,2025-05-25,1.5304545454545455,44,44
3771604,2025-05-29,1.0638297872340425,47,47
3771604,2025-06-02,5.390491803278689,61,61
3771604,2025-06-06,2.4609756097560975,41,41
3771604,2025-06-10,6.268536585365854,41,41
3771604,2025-06-14,1.919230769230769,39,39
3771604,2025-06-18,1.971851851851852,27,27
3771604,2025-06-22,2.6503947368421055,76,76
3771604,2025-06-26,6.9,35,35
3771604,2025-06-30,3.8049999999999997,22,22
3771604,2025-07-04,6.120833333333334,48,48
3771604,2025-07-08,6.274864864864865,37,37
3771604,2025-07-12,4.609,70,70
3771604,2025-07-16,12.51984375,64,64
3771604,2025-07-20,7.901166666666667,60,60
3771604,2025-07-24,8.369714285714286,70,70
3771604,2025-07-28,9.720151515151514,66,66
3771604,2025-08-01,9.91253164556962,79,79
3771604,2025-08-05,4.38527027027027,74,74
3771604,2025-08-09,4.253013698630137,73,73
3771604,2025-08-13,7.871666666666667,78,78
3771604,2025-08-17,2.572714285714286,70,70
3771604,2025-08-21,2.116575342465753,73,73
3771604,2025-08-25,2.582,50,50
3771604,2025-08-29,6.616065573770491,61,61
3771604,2025-09-02,4.230625,64,64
3771604,2025-09-06,2.111641791044776,67,67
3771604,2025-09-10,1.5873333333333333,15,15
3771604,2025-09-14,2.37986301369863,73,73
3771604,2025-09-18,3.229264705882353,68,68
3771604,2025-09-22,3.773448275862069,58,58
3771604,2025-09-26,3.7876388888888886,72,72
3771604,2025-09-30,22.041694915254237,59,59
3771604,2025-10-04,4.9681428571428565,70,70
3771604,2025-10-08,3.130204081632653,49,49
3771604,2025-10-12,3.2085,40,40
3771604,2025-10-16,2.4774626865671645,67,67
3771604,2025-10-20,2.763658536585366,41,41
3771604,2025-10-24,2.224285714285714,21,21
3771604,2025-10-28,1.911,50,50
3771604,2025-11-01,18.76942857142857,35,76
3771604,2025-11-05,15.5565,80,80
3771604,2025-11-09,31.826363636363638,77,77
3771604,2025-11-13,28.217837837837838,37,37
3771604,2025-11-17,1.4108955223880597,67,67
3771604,2025-11-21,5.047741935483871,62,62
3771604,2025-11-25,3.895423728813559,59,59
3771604,2025-11-29,2.653050847457627,59,59
3771604,2025-12-03,2.3826470588235296,68,68
3771604,2025-12-07,3.2664444444444447,45,45
3771604,2025-12-11,2.8011475409836066,61,61
3771604,2025-12-15,2.221590909090909,44,44
3771604,2025-12-19,3.1923404255319148,47,47
3771604,2025-12-23,2.1850980392156862,51,51
3771604,2025-12-27,3.413448275862069,58,58
3771604,2025-12-31,2.1371875,64,64
7737,2025-01-01,31.795454545454547,22,22
7737,2025-01-05,29.195833333333336,24,24
7737,2025-01-09,39.020833333333336,24,24
7737,2025-01-13,17.2,24,24
7737,2025-01-17,30.925,24,24
7737,2025-01-21,23.266666666666666,24,24
7737,2025-01-25,11.254166666666668,24,24
7737,2025-01-29,30.183333333333334,24,24
7737,2025-02-02,9.35,24,24
7737,2025-02-06,19.55,24,24
7737,2025-02-10,13.733333333333334,24,24
7737,2025-02-14,27.099999999999998,24,24
7737,2025-02-18,39.77916666666667,24,24
7737,2025-02-22,16.529166666666665,24,24
7737,2025-02-26,33.829166666666666,24,24
7737,2025-03-02,12.958333333333334,24,24
7737,2025-03-06,7.220833333333334,24,24
7737,2025-03-10,17.258333333333333,24,24
7737,2025-03-14,11.217391304347826,23,23
7737,2025-03-18,24.641666666666666,24,24
7737,2025-03-22,23.25,24,24
7737,2025-03-26,15.15,24,24
7737,2025-03-30,6.954545454545454,11,11
7737,2025-04-03,15.645833333333334,24,24
7737,2025-04-07,23.337500000000002,24,24
7737,2025-04-11,15.174999999999999,24,24
7737,2025-04-15,43.34583333333333,24,24
7737,2025-04-19,13.508333333333333,24,24
7737,2025-04-23,13.766666666666666,24,24
7737,2025-04-27,14.321739130434782,23,23
7737,2025-05-01,19.4875,24,24
7737,2025-05-05,12.670833333333334,24,24
7737,2025-05-09,9.691666666666666,24,24
7737,2025-05-13,17.029166666666665,24,24
7737,2025-05-17,6.2749999999999995,24,24
7737,2025-05-21,9.691666666666666,24,24
7737,2025-05-25,24.6125,24,24
7737,2025-05-29,11.159090909090908,22,22
7737,2025-06-02,11.935294117647059,17,17
7737,2025-06-06,9.879166666666666,24,24
7737,2025-06-10,4.733333333333333,15,15
7737,2025-06-14,7.8374999999999995,24,24
7737,2025-06-18,6.375,24,24
7737,2025-06-22,4.829166666666667,24,24
7737,2025-06-26,3.5375,24,24
7737,2025-06-30,3.341666666666667,24,24
7737,2025-07-04,10.0,24,24
7737,2025-07-08,6.691666666666666,24,24
7737,2025-07-12,9.920833333333333,24,24
7737,2025-07-16,9.5,24,24
7737,2025-07-20,4.6499999999999995,22,22
7737,2025-07-24,13.808333333333332,24,24
7737,2025-07-28,18.295833333333334,24,24
7737,2025-08-01,10.804166666666667,24,24
7737,2025-08-05,6.6421052631578945,19,19
7737,2025-08-09,14.262500000000001,24,24
7737,2025-08-13,9.995238095238095,21,21
7737,2025-08-17,5.458333333333333,24,24
7737,2025-08-21,7.129166666666666,24,24
7737,2025-08-25,4.652631578947369,19,19
7737,2025-08-29,5.575,24,24
7737,2025-09-02,4.958333333333333,24,24
7737,2025-09-06,8.387500000000001,24,24
7737,2025-09-10,6.658333333333334,24,24
7737,2025-09-14,5.4624999999999995,24,24
7737,2025-09-18,7.4875,24,24
7737,2025-09-22,13.295833333333334,24,24
7737,2025-09-26,8.950000000000001,24,24
7737,2025-09-30,10.1625,24,24
7737,2025-10-04,8.279166666666667,24,24
7737,2025-10-08,11.366666666666667,24,24
7737,2025-10-12,5.1125,24,24
7737,2025-10-16,12.845833333333333,24,24
7737,2025-10-20,13.310526315789474,19,19
7737,2025-10-24,20.208333333333332,24,24
7737,2025-10-28,33.76363636363636,22,22
7737,2025-11-01,19.120833333333334,24,24
7737,2025-11-05,8.575000000000001,24,24
7737,2025-11-09,18.2625,24,24
7737,2025-11-13,9.208333333333334,24,24
7737,2025-11-17,19.391666666666666,24,24
7737,2025-11-21,17.654166666666665,24,24
7737,2025-11-25,21.52916666666667,24,24
7737,2025-11-29,23.991666666666664,24,24
7737,2025-12-03,28.58421052631579,19,19
7737,2025-12-07,36.11666666666667,24,24
7737,2025-12-11,29.770833333333332,24,24
7737,2025-12-15,16.495833333333334,24,24
7737,2025-12-19,24.791304347826088,23,23
7737,2025-12-23,18.183333333333334,24,24
7737,2025-12-27,31.695833333333336,24,24
7737,2025-12-31,20.570833333333333,24,24
3015285,2025-01-01,56.72513513513513,111,111
3015285,2025-01-05,5.744193548387097,93,93
3015285,2025-01-09,13.378705882352941,85,85
3015285,2025-01-13,6.998823529411765,17,17
3015285,2025-01-17,8.146129032258065,62,62
3015285,2025-01-21,13.32240506329114,79,79
3015285,2025-01-25,17.957761194029853,67,67
3015285,2025-01-29,7.307887323943662,71,71
3015285,2025-02-02,10.374262295081968,61,61
3015285,2025-02-06,5.094745762711864,59,59
3015285,2025-02-10,6.9308,75,75
3015285,2025-02-14,20.706936936936934,111,111
3015285,2025-02-18,14.630291262135923,103,103
3015285,2025-02-22,10.308208955223881,67,67
3015285,2025-02-26,8.85972972972973,74,74
3015285,2025-03-02,6.863263157894737,95,95
3015285,2025-03-06,11.707857142857142,70,70
3015285,2025-03-10,6.973709677419355,62,62
3015285,2025-03-14,15.717674418604652,86,86
3015285,2025-03-18,12.723720930232558,86,86
3015285,2025-03-22,15.598850574712642,87,87
3015285,2025-03-26,9.083625000000001,80,80
3015285,2025-03-30,7.933086419753087,81,81
3015285,2025-04-03,8.460921052631578,76,76
3015285,2025-04-07,8.826385542168675,83,83
3015285,2025-04-11,24.058314606741575,89,89
3015285,2025-04-15,27.543939393939393,99,99
3015285,2025-04-19,6.312153846153847,65,65
3015285,2025-04-23,25.538870967741936,62,62
3015285,2025-04-27,9.028354430379746,79,79
3015285,2025-05-01,9.035614035087718,57,57
3015285,2025-05-05,10.933333333333334,81,81
3015285,2025-05-09,12.126805555555556,72,72
3015285,2025-05-13,12.008245614035088,57,57
3015285,2025-05-17,7.063972602739725,73,73
3015285,2025-05-21,7.220357142857142,28,28
3015285,2025-05-25,9.67451612903226,62,62
3015285,2025-05-29,10.055,68,68
3015285,2025-06-02,5.377976190476191,84,84
3015285,2025-06-06,24.787499999999998,56,56
3015285,2025-06-10,11.22232142857143,56,56
3015285,2025-06-14,16.108727272727272,55,55
3015285,2025-06-18,13.01361111111111,36,36
3015285,2025-06-22,18.887830188679246,106,106
3015285,2025-06-26,10.88734693877551,49,49
3015285,2025-06-30,15.561290322580644,31,31
3015285,2025-07-04,8.191791044776119,67,67
3015285,2025-07-08,6.648199999999999,50,50
3015285,2025-07-12,8.938571428571429,98,98
3015285,2025-07-16,5.581648351648352,91,91
3015285,2025-07-20,10.136,85,85
3015285,2025-07-24,5.6483505154639175,97,97
3015285,2025-07-28,12.53153846153846,91,91
3015285,2025-08-01,12.246846846846848,111,111
3015285,2025-08-05,27.279607843137256,102,102
3015285,2025-08-09,10.025098039215687,102,102
3015285,2025-08-13,18.40109090909091,110,110
3015285,2025-08-17,9.988645833333333,96,96
3015285,2025-08-21,10.705588235294117,102,102
3015285,2025-08-25,14.264027777777777,72,72
3015285,2025-08-29,15.983614457831326,83,83
3015285,2025-09-02,6.308777777777777,90,90
3015285,2025-09-06,13.060326086956522,92,92
3015285,2025-09-10,10.908,20,20
3015285,2025-09-14,14.372745098039216,102,102
3015285,2025-09-18,16.11978494623656,93,93
3015285,2025-09-22,3.6818987341772154,79,79
3015285,2025-09-26,12.075510204081633,98,98
3015285,2025-09-30,18.190875,80,80
3015285,2025-10-04,13.857551020408163,98,98
3015285,2025-10-08,19.50455882352941,68,68
3015285,2025-10-12,14.124915254237289,59,59
3015285,2025-10-16,15.015,94,94
3015285,2025-10-20,13.857543859649123,57,57
3015285,2025-10-24,7.7753125,32,32
3015285,2025-10-28,13.871232876712329,73,73
3015285,2025-11-01,8.65747663551402,107,107
3015285,2025-11-05,8.094727272727273,110,110
3015285,2025-11-09,8.714622641509434,106,106
3015285,2025-11-13,22.267,50,50
3015285,2025-11-17,11.222872340425532,94,94
3015285,2025-11-21,8.170235294117647,85,85
3015285,2025-11-25,7.756428571428571,84,84
3015285,2025-11-29,14.755357142857143,84,84
3015285,2025-12-03,14.74720430107527,93,93
3015285,2025-12-07,9.595322580645162,62,62
3015285,2025-12-11,10.317831325301205,83,83
3015285,2025-12-15,15.2875,60,60
3015285,2025-12-19,15.933939393939395,66,66
3015285,2025-12-23,8.801739130434783,69,69
3015285,2025-12-27,16.07037037037037,81,81
3015285,2025-12-31,19.745617977528088,89,89
4337366,2025-01-01,0.0,24,24
4337366,2025-01-05,0.0,24,24
4337366,2025-01-09,0.0,24,24
4337366,2025-01-13,0.0,24,24
4337366,2025-01-17,0.0,24,24
4337366,2025-01-21,0.0,24,24
4337366,2025-01-25,0.0,24,24
4337366,2025-01-29,0.0,24,24
4337366,2025-02-02,0.0,24,24
4337366,2025-02-06,0.0,24,24
4337366,2025-02-10,4.791666666666667,24,24
4337366,2025-02-14,5.25,24,24
4337366,2025-02-18,4.291666666666667,24,24
4337366,2025-02-22,3.7083333333333335,24,24
4337366,2025-02-26,3.125,24,24
4337366,2025-03-02,3.9583333333333335,24,24
4337366,2025-03-06,3.5833333333333335,24,24
4337366,2025-03-10,3.3333333333333335,24,24
4337366,2025-03-14,1.6666666666666667,24,24
4337366,2025-03-18,1.8333333333333333,24,24
4337366,2025-03-22,1.2916666666666667,24,24
4337366,2025-03-26,1.125,24,24
4337366,2025-03-30,1.0,24,24
4337366,2025-04-03,1.1666666666666667,24,24
4337366,2025-04-07,1.375,24,24
4337366,2025-04-11,1.375,24,24
4337366,2025-04-15,2.6666666666666665,24,24
4337366,2025-04-19,2.4583333333333335,24,24
4337366,2025-04-23,1.4166666666666667,24,24
4337366,2025-04-27,1.5416666666666667,24,24
4337366,2025-05-01,2.7083333333333335,24,24
4337366,2025-05-05,2.0,24,24
4337366,2025-05-09,1.375,24,24
4337366,2025-05-13,0.6,15,15
4337366,2025-05-17,7.166666666666667,24,24
4337366,2025-05-21,4.291666666666667,24,24
4337366,2025-05-25,7.791666666666667,24,24
4337366,2025-05-29,8.625,24,24
4337366,2025-06-02,6.708333333333333,24,24
4337366,2025-06-06,13.125,24,24
4337366,2025-06-10,7.916666666666667,24,24
4337366,2025-06-14,9.0,24,24
4337366,2025-08-13,2.2222222222222223,9,9
4337366,2025-08-17,6.5,12,12
4337366,2025-08-21,5.25,12,12
4337366,2025-08-25,7.208333333333333,24,24
4337366,2025-08-29,8.0,1,1
4337366,2025-09-02,6.125,24,24
4337366,2025-09-06,10.708333333333334,24,24
4337366,2025-09-10,13.0,24,24
4337366,2025-09-14,14.5,24,24
4337366,2025-09-18,8.0,24,24
4337366,2025-09-22,6.333333333333333,24,24
4337366,2025-09-26,6.25,24,24
4337366,2025-09-30,5.409090909090909,22,22
4337366,2025-10-04,4.583333333333333,24,24
4337366,2025-10-08,4.1,20,20
4337366,2025-10-16,3.4166666666666665,24,24
4337366,2025-10-20,2.5833333333333335,24,24
4337366,2025-11-21,6.875,24,24
4337366,2025-11-25,4.833333333333333,24,24
4337366,2025-12-07,6.875,8,8
4337366,2025-12-11,10.458333333333334,24,24
4337366,2025-12-15,7.083333333333333,24,24
4337366,2025-12-19,11.75,24,24
4337366,2025-12-23,8.75,24,24
4337366,2025-12-27,10.291666666666666,24,24
4337366,2025-12-31,5.0,23,23
2402,2025-01-01,45.346666666666664,24,24
2402,2025-01-05,14.169583333333334,24,24
2402,2025-01-09,16.415,24,24
2402,2025-01-13,14.88125,24,24
2402,2025-01-17,16.095833333333335,24,24
2402,2025-01-21,21.957083333333333,24,24
2402,2025-01-25,19.505416666666665,24,24
2402,2025-01-29,21.419583333333335,24,24
2402,2025-02-02,19.995416666666667,24,24
2402,2025-02-06,24.763333333333335,24,24
2402,2025-02-10,15.57625,24,24
2402,2025-02-14,19.65791666666667,24,24
2402,2025-02-18,14.222499999999998,24,24
2402,2025-02-22,16.150000000000002,24,24
2402,2025-02-26,19.313333333333333,24,24
2402,2025-03-02,13.187916666666666,24,24
2402,2025-03-10,21.699583333333333,24,24
2402,2025-03-14,23.100416666666664,24,24
2402,2025-03-18,21.285,24,24
2402,2025-03-22,20.530416666666667,24,24
2402,2025-03-26,21.400833333333335,24,24
2402,2025-03-30,18.860416666666666,24,24
2402,2025-04-03,22.464583333333334,24,24
2402,2025-04-07,20.604166666666668,24,24
2402,2025-04-11,27.920833333333334,24,24
2402,2025-04-15,32.31375,24,24
2402,2025-04-19,21.143333333333334,24,24
2402,2025-04-23,28.085416666666664,24,24
2402,2025-04-27,37.2375,4,4
2402,2025-05-05,22.77625,8,8
2402,2025-05-09,40.50875,24,24
2402,2025-05-13,28.333333333333332,24,24
2402,2025-05-17,33.6875,24,24
2402,2025-05-21,47.859583333333326,24,24
2402,2025-05-25,33.45291666666667,24,24
2402,2025-05-29,34.732083333333335,24,24
2402,2025-06-02,65.51652173913044,23,23
2402,2025-06-06,24.344583333333333,24,24
2402,2025-06-10,45.44583333333333,24,24
2402,2025-06-14,21.8,24,24
2402,2025-06-18,25.47458333333333,24,24
2402,2025-06-22,15.155000000000001,24,24
2402,2025-06-26,33.319583333333334,24,24
2402,2025-06-30,18.27,24,24
2402,2025-07-04,50.437083333333334,24,24
2402,2025-07-08,19.761304347826087,23,23
2402,2025-07-12,52.02041666666667,24,24
2402,2025-07-16,26.64,24,24
2402,2025-07-20,34.46458333333333,24,24
2402,2025-07-24,31.922916666666666,24,24
2402,2025-07-28,22.92833333333333,24,24
2402,2025-08-01,40.001666666666665,24,24
2402,2025-08-05,40.3225,24,24
2402,2025-08-09,36.995416666666664,24,24
2402,2025-08-13,37.49375,8,8
2402,2025-08-17,28.333333333333332,24,24
2402,2025-08-21,18.224166666666665,24,24
2402,2025-08-25,31.3875,24,24
2402,2025-08-29,17.44,24,24
2402,2025-09-02,24.63208333333333,24,24
2402,2025-09-06,36.52166666666667,24,24
2402,2025-09-10,33.10041666666667,24,24
2402,2025-09-14,28.120416666666667,24,24
2402,2025-09-18,51.67291666666667,24,24
2402,2025-09-22,24.152916666666666,24,24
2402,2025-09-26,22.917727272727273,22,22
2402,2025-09-30,34.121249999999996,24,24
2402,2025-10-04,18.854583333333334,24,24
2402,2025-10-08,26.784583333333334,24,24
2402,2025-10-12,34.709583333333335,24,24
2402,2025-10-16,15.080416666666666,24,24
2402,2025-10-20,22.556315789473683,19,19
2402,2025-10-24,29.406666666666666,24,24
2402,2025-10-28,35.91041666666667,24,24
2402,2025-11-01,28.525000000000002,24,24
2402,2025-11-05,30.855833333333333,24,24
2402,2025-11-09,31.576666666666668,24,24
2402,2025-11-13,28.1375,24,24
2402,2025-11-21,16.042142857142856,14,14
2402,2025-11-25,28.574583333333333,24,24
2402,2025-11-29,21.119583333333335,24,24
2402,2025-12-03,18.870833333333334,24,24
2402,2025-12-07,16.655416666666667,24,24
2402,2025-12-11,14.222499999999998,24,24
2402,2025-12-15,27.67913043478261,23,23
2402,2025-12-19,30.107083333333335,24,24
2402,2025-12-23,20.362916666666667,24,24
2402,2025-12-27,27.087083333333336,24,24
2402,2025-12-31,25.68375,24,24
4526987,2025-05-29,16.614770642201833,109,109
4526987,2025-06-02,13.958776978417266,139,139
4526987,2025-06-06,38.34244680851064,94,94
4526987,2025-06-10,21.43063157894737,95,95
4526987,2025-06-14,28.713186813186812,91,91
4526987,2025-06-18,28.823225806451614,62,62
4526987,2025-06-22,36.356368715083796,179,179
4526987,2025-06-26,22.21825,80,80
4526987,2025-06-30,26.89924528301887,53,53
4526987,2025-07-04,14.683454545454547,110,110
4526987,2025-07-08,17.37595238095238,84,84
4526987,2025-07-12,17.7191875,160,160
4526987,2025-07-16,16.995827814569537,151,151
4526987,2025-07-20,17.131197183098593,142,142
4526987,2025-07-24,11.390512820512821,156,156
4526987,2025-07-28,19.83082191780822,146,146
4526987,2025-08-01,22.075480225988702,177,177
4526987,2025-08-05,38.404444444444444,171,171
4526987,2025-08-09,21.010118343195266,169,169
4526987,2025-08-13,31.63353260869565,184,184
4526987,2025-08-17,20.269358974358973,156,156
4526987,2025-08-21,27.244792899408285,169,169
4526987,2025-08-25,27.068677685950412,121,121
4526987,2025-08-29,29.92816901408451,142,142
4526987,2025-09-02,15.798466666666666,150,150
4526987,2025-09-06,22.36690322580645,155,155
4526987,2025-09-10,25.729705882352942,34,34
4526987,2025-09-14,29.789378881987577,161,161
4526987,2025-09-18,26.576687898089173,157,157
4526987,2025-09-22,11.103157894736842,133,133
4526987,2025-09-26,25.42345679012346,162,162
4526987,2025-09-30,41.66059701492537,134,134
4526987,2025-10-04,24.13549382716049,162,162
4526987,2025-10-08,36.471592920353984,113,113
4526987,2025-10-12,25.9041935483871,93,93
4526987,2025-10-16,28.9925,156,156
4526987,2025-10-20,31.152022471910115,89,89
4526987,2025-10-24,29.252884615384616,52,52
4526987,2025-10-28,37.493500000000004,120,120
4526987,2025-11-01,32.07151685393258,178,178
4526987,2025-11-05,22.944032258064517,186,186
4526987,2025-11-09,21.039050279329608,179,179
4526987,2025-11-13,38.56114942528736,87,87
4526987,2025-11-17,30.096305732484076,157,157
4526987,2025-11-21,21.786382978723406,141,141
4526987,2025-11-25,32.10878571428571,140,140
4526987,2025-11-29,35.919285714285714,140,140
4526987,2025-12-03,32.94730769230769,156,156
4526987,2025-12-07,24.04701923076923,104,104
4526987,2025-12-11,28.01453237410072,139,139
4526987,2025-12-15,32.10504950495049,101,101
4526987,2025-12-19,36.071,110,110
4526987,2025-12-23,25.794453781512605,119,119
4526987,2025-12-27,40.66864661654135,133,133
4526987,2025-12-31,36.766666666666666,147,147
4337379,2025-01-01,6.065416666666667,24,24
4337379,2025-01-05,6.083333333333333,24,24
4337379,2025-01-09,5.265416666666667,24,24
4337379,2025-01-13,6.45,24,24
4337379,2025-01-17,4.456666666666666,24,24
4337379,2025-01-21,3.3233333333333337,24,24
4337379,2025-01-25,3.13125,24,24
4337379,2025-01-29,4.614166666666667,24,24
4337379,2025-02-02,4.6466666666666665,24,24
4337379,2025-02-06,3.1695833333333336,24,24
4337379,2025-02-10,4.03875,24,24
4337379,2025-02-14,2.563333333333333,24,24
4337379,2025-02-18,2.4920833333333334,24,24
4337379,2025-02-22,2.4770833333333333,24,24
4337379,2025-02-26,4.164583333333334,24,24
4337379,2025-03-02,4.0929166666666665,24,24
4337379,2025-03-06,3.67625,24,24
4337379,2025-03-10,2.74625,24,24
4337379,2025-03-14,1.4320833333333332,24,24
4337379,2025-03-18,1.95375,24,24
4337379,2025-03-22,2.08625,24,24
4337379,2025-03-26,1.415,24,24
4337379,2025-03-30,0.9249999999999999,24,24
4337379,2025-04-03,1.4516666666666669,24,24
4337379,2025-04-07,1.0887499999999999,24,24
4337379,2025-04-11,1.9533333333333334,24,24
4337379,2025-04-15,1.4404166666666667,24,24
4337379,2025-04-19,1.6920833333333334,24,24
4337379,2025-04-23,1.1583333333333334,24,24
4337379,2025-04-27,1.02,24,24
4337379,2025-05-01,1.585,24,24
4337379,2025-05-05,1.2533333333333334,24,24
4337379,2025-05-09,1.85125,24,24
4337379,2025-05-13,1.4308333333333332,24,24
4337379,2025-05-17,2.252083333333333,24,24
4337379,2025-05-21,1.4458333333333335,24,24
4337379,2025-05-25,4.254583333333334,24,24
4337379,2025-05-29,2.4716666666666667,24,24
4337379,2025-06-02,4.762083333333333,24,24
4337379,2025-06-06,9.170416666666666,24,24
4337379,2025-06-10,6.27625,24,24
4337379,2025-06-14,7.122916666666666,24,24
4337379,2025-06-18,8.72125,8,8
4337379,2025-06-22,4.245454545454546,11,11
4337379,2025-06-26,9.725416666666666,24,24
4337379,2025-06-30,6.145217391304348,23,23
4337379,2025-07-04,14.666666666666666,24,24
4337379,2025-07-08,9.047500000000001,24,24
4337379,2025-07-12,8.779473684210526,19,19
4337379,2025-07-16,10.773333333333333,24,24
4337379,2025-07-20,6.17625,24,24
4337379,2025-07-24,7.070833333333333,24,24
4337379,2025-07-28,9.083333333333334,24,24
4337379,2025-08-01,8.124166666666666,24,24
4337379,2025-08-05,10.37375,24,24
4337379,2025-08-09,11.087083333333332,24,24
4337379,2025-08-13,3.999166666666667,24,24
4337379,2025-08-17,3.8941666666666666,12,12
4337379,2025-08-21,6.642500000000001,12,12
4337379,2025-08-25,7.802083333333333,24,24
4337379,2025-08-29,4.2,1,1
4337379,2025-09-02,6.65625,24,24
4337379,2025-09-06,9.928333333333333,24,24
4337379,2025-09-10,9.917083333333332,24,24
4337379,2025-09-14,10.457916666666668,24,24
4337379,2025-09-18,9.175999999999998,5,5
4337379,2025-09-22,6.542083333333333,24,24
4337379,2025-09-26,4.4025,24,24
4337379,2025-09-30,5.590454545454545,22,22
4337379,2025-10-04,4.50875,24,24
4337379,2025-10-08,3.8185000000000002,20,20
4337379,2025-10-16,3.6020833333333333,24,24
4337379,2025-10-20,3.516666666666667,24,24
4337379,2025-10-28,4.7404166666666665,24,24
4337379,2025-11-09,2.3733333333333335,24,24
4337379,2025-11-13,4.2410000000000005,10,10
4337379,2025-11-17,5.820833333333333,24,24
4337379,2025-11-21,6.73125,24,24
4337379,2025-11-25,4.617083333333333,24,24
4337379,2025-11-29,7.477083333333333,24,24
4337379,2025-12-03,6.83625,24,24
4337379,2025-12-07,6.90125,8,8
4337379,2025-12-11,9.615416666666667,24,24
2656052,2025-01-25,51.601875,24,24
2656052,2025-01-29,9.718083333333334,24,24
2656052,2025-02-02,40.868500000000004,24,24
2656052,2025-02-06,49.252625,24,24
2656052,2025-02-10,96.13104166666666,24,24
2656052,2025-02-14,24.595125,24,24
2656052,2025-02-18,24.369958333333333,24,24
2656052,2025-02-22,60.467083333333335,24,24
2656052,2025-02-26,46.0296,5,5
2656052,2025-03-02,11.217,3,3
2656052,2025-03-06,33.89575,24,24
2656052,2025-03-10,28.425875,24,24
2656052,2025-03-14,6.070416666666667,24,24
2656052,2025-03-18,6.0477333333333325,15,15
2656052,2025-03-22,13.724041666666666,24,24
2656052,2025-03-26,17.1223125,16,16
2656052,2025-03-30,10.733954545454544,22,22
2656052,2025-04-03,14.949136363636363,22,22
2656052,2025-04-07,5.224347826086956,23,23
2656052,2025-04-11,6.954750000000001,24,24
2656052,2025-04-15,6.5329999999999995,23,23
2656052,2025-04-19,5.495875000000001,24,24
2656052,2025-04-23,13.817333333333332,9,9
2656052,2025-04-27,11.102875,24,24
2656052,2025-05-01,12.163450000000001,20,20
2656052,2025-05-05,9.060062499999999,16,16
2656052,2025-05-09,5.314541666666667,24,24
2656052,2025-05-13,9.092041666666667,24,24
2656052,2025-05-17,6.056235294117648,17,17
2656052,2025-05-21,12.171291666666667,24,24
2656052,2025-05-25,5.081291666666666,24,24
2656052,2025-05-29,3.5542916666666664,24,24
2656052,2025-06-02,13.820416666666667,24,24
2656052,2025-06-06,13.800541666666668,24,24
2656052,2025-06-10,17.277166666666666,24,24
2656052,2025-06-14,15.473,24,24
2656052,2025-06-18,17.193649999999998,20,20
2656052,2025-06-22,8.908,24,24
2656052,2025-06-26,23.857708333333335,24,24
2656052,2025-06-30,7.6194999999999995,24,24
2656052,2025-07-04,19.731583333333333,24,24
2656052,2025-07-08,14.0,24,24
2656052,2025-07-12,9.927999999999999,24,24
2656052,2025-07-16,9.148260869565217,23,23
2656052,2025-07-20,14.161291666666665,24,24
2656052,2025-07-24,10.180083333333334,24,24
2656052,2025-07-28,6.339363636363637,22,22
2656052,2025-08-01,10.805791666666666,24,24
2656052,2025-08-05,7.024333333333334,24,24
2656052,2025-08-09,18.584708333333335,24,24
2656052,2025-08-13,17.143625,24,24
2656052,2025-08-17,16.994695652173913,23,23
2656052,2025-08-21,19.8295,24,24
2656052,2025-08-25,11.382941176470588,17,17
2656052,2025-08-29,18.063875,24,24
2656052,2025-09-02,11.558541666666665,24,24
2656052,2025-09-06,13.923434782608695,23,23
2656052,2025-09-10,16.991291666666665,24,24
2656052,2025-09-14,13.297291666666666,24,24
2656052,2025-09-18,8.008000000000001,24,24
2656052,2025-09-22,14.9975,24,24
2656052,2025-09-26,17.520125,24,24
2656052,2025-09-30,12.861333333333334,24,24
2656052,2025-10-04,9.917250000000001,24,24
2656052,2025-10-08,4.668375,24,24
2656052,2025-10-12,9.466363636363637,22,22
2656052,2025-10-16,17.833526315789474,19,19
2656052,2025-10-20,34.37227272727273,22,22
2656052,2025-10-24,2.5765,24,24
2656052,2025-10-28,11.316826086956521,23,23
2656052,2025-11-01,34.863125000000004,24,24
2656052,2025-11-05,28.142130434782608,23,23
2656052,2025-11-09,25.210916666666666,24,24
2656052,2025-11-13,51.96408695652174,23,23
2656052,2025-11-17,28.26695652173913,23,23
2656052,2025-11-21,6.696625,24,24
2656052,2025-11-25,17.39035,20,20
2656052,2025-11-29,12.975999999999999,2,2
2656052,2025-12-03,38.52441666666667,24,24
2656052,2025-12-07,15.356083333333332,24,24
2656052,2025-12-11,35.97304166666667,24,24
2656052,2025-12-15,58.934625000000004,24,24
2656052,2025-12-23,29.188,3,3
2656052,2025-12-27,18.587708333333335,24,24
2656052,2025-12-31,22.01845833333333,24,24
784182,2025-01-01,4.099039100000001,20,20
784182,2025-01-05,4.151643831578948,19,19
784182,2025-01-09,3.3530125052631576,19,19
784182,2025-01-13,5.320392331578947,19,19
784182,2025-01-17,9.139200078947368,19,19
784182,2025-01-21,6.479527721052631,19,19
784182,2025-01-25,5.17459897368421,19,19
784182,2025-01-29,12.351322849999999,20,20
784182,2025-02-02,6.079134785,20,20
784182,2025-02-06,7.721725845,20,20
784182,2025-02-10,5.0641319578947375,19,19
784182,2025-02-14,6.473097211764705,17,17
784182,2025-02-18,4.319178510526316,19,19
784182,2025-02-22,3.9500788200000003,20,20
784182,2025-02-26,6.9569306,19,19
784182,2025-03-02,10.884566815,20,20
784182,2025-03-06,5.767568963157895,19,19
784182,2025-03-10,6.0112920899999995,20,20
784182,2025-03-14,4.792881321052631,19,19
784182,2025-03-18,4.618370175,20,20
784182,2025-03-22,7.816677175,20,20
784182,2025-03-26,7.892651925,20,20
784182,2025-03-30,5.859840725,20,20
784182,2025-04-03,7.373568973684211,19,19
784182,2025-04-07,7.693043749999999,20,20
784182,2025-04-11,10.66213474,20,20
784182,2025-04-15,4.876134331578947,19,19
784182,2025-04-19,10.194645265,20,20
784182,2025-04-23,5.5722690526315795,19,19
784182,2025-04-27,6.423209573333334,15,15
784182,2025-05-01,3.3387182555555555,18,18
784182,2025-05-05,7.770334715789473,19,19
784182,2025-05-09,3.517066931578947,19,19
784182,2025-05-13,11.804336300000001,19,19
784182,2025-05-17,6.77793063,20,20
784182,2025-05-21,10.074109584210527,19,19
784182,2025-05-25,8.71083061,20,20
784182,2025-05-29,5.434890395238095,21,21
784182,2025-06-02,7.8508935736842105,19,19
784182,2025-06-06,2.9992230142857146,21,21
784182,2025-06-10,7.238307515789474,19,19
784182,2025-06-14,5.760811847368421,19,19
784182,2025-06-18,12.435729275,20,20
784182,2025-06-22,4.781384285,20,20
784182,2025-06-26,8.253901965,20,20
784182,2025-06-30,5.372569361111111,18,18
784182,2025-07-04,8.004302705,20,20
784182,2025-07-08,7.597061999999999,20,20
784182,2025-07-12,4.984692685000001,20,20
784182,2025-07-16,18.745316010526313,19,19
784182,2025-07-20,4.317324684210526,19,19
784182,2025-07-24,34.46862841,20,20
784182,2025-07-28,30.952843115789477,19,19
784182,2025-08-01,19.359430504761903,21,21
784182,2025-08-05,15.699591244999999,20,20
784182,2025-08-09,4.2544595350000005,20,20
784182,2025-08-13,8.887697900000001,20,20
784182,2025-08-17,6.479078873684211,19,19
784182,2025-08-21,6.232344368421052,19,19
784182,2025-08-25,8.964455171428572,21,21
784182,2025-08-29,7.8473168,20,20
784182,2025-09-02,8.31360959473684,19,19
784182,2025-09-06,2.3122755947368425,19,19
784182,2025-09-10,5.8706543315789474,19,19
784182,2025-09-14,5.060678265,20,20
784182,2025-09-18,3.7160554894736837,19,19
784182,2025-09-22,4.303261157894736,19,19
784182,2025-09-26,5.5972810299999995,20,20
784182,2025-09-30,3.3121558700000002,20,20
784182,2025-10-04,3.1347738421052633,19,19
784182,2025-10-08,5.202700078947368,19,19
784182,2025-10-12,2.3416256375,16,16
784182,2025-10-16,14.140825352941178,17,17
784182,2025-10-20,10.147493375,12,12
784182,2025-10-24,3.085119505882353,17,17
784182,2025-10-28,2.23692854375,16,16
784182,2025-11-09,3.7813435368421056,19,19
784182,2025-11-13,8.281418624999999,20,20
784182,2025-11-17,6.689793915,20,20
784182,2025-11-21,16.342424842105263,19,19
784182,2025-11-25,7.8635736199999995,20,20
784182,2025-11-29,5.077864884210526,19,19
784182,2025-12-03,4.419462789473684,19,19
784182,2025-12-07,7.269302710526316,19,19
784182,2025-12-11,10.395638294736843,19,19
784182,2025-12-15,6.417429710526315,19,19
784182,2025-12-19,7.457428005555556,18,18
784182,2025-12-23,6.32683289,20,20
784182,2025-12-27,1.6926998368421051,19,19
784182,2025-12-31,2.1649696631578945,19,19
2812784,2025-01-01,106.5493670886076,79,79
2812784,2025-01-05,20.469,60,60
2812784,2025-01-09,33.46912280701754,57,57
2812784,2025-01-13,108.36,4,4
2812784,2025-01-17,52.5,48,48
2812784,2025-01-21,80.41239999999999,25,25
2812784,2025-01-25,49.214615384615385,13,13
2812784,2025-01-29,33.162,30,30
2812784,2025-02-02,71.97416666666666,12,12
2812784,2025-02-06,85.953,10,10
2812784,2025-02-10,60.38327868852459,61,61
2812784,2025-02-14,76.07275,80,80
2812784,2025-02-18,63.59732394366197,71,71
2812784,2025-02-22,76.99724137931035,58,58
2812784,2025-02-26,11.202653061224488,49,49
2812784,2025-03-02,70.21617647058824,68,68
2812784,2025-03-06,21.61425925925926,54,54
2812784,2025-03-10,16.117234042553193,47,47
2812784,2025-03-14,30.7745,60,60
2812784,2025-03-18,14.54948275862069,58,58
2812784,2025-03-22,27.4709375,64,64
2812784,2025-03-26,13.441454545454546,55,55
2812784,2025-03-30,25.54949152542373,59,59
2812784,2025-04-03,18.843846153846155,52,52
2812784,2025-04-07,8.639655172413793,58,58
2812784,2025-04-11,12.559411764705882,68,68
2812784,2025-04-15,5.787538461538461,65,65
2812784,2025-04-19,7.4155999999999995,50,50
2812784,2025-04-23,7.210888888888889,45,45
2812784,2025-04-27,11.330769230769231,65,65
2812784,2025-05-01,9.445526315789474,38,38
2812784,2025-05-05,8.133333333333333,51,51
2812784,2025-05-09,8.91,50,50
2812784,2025-05-13,7.45775,40,40
2812784,2025-05-17,12.3384,50,50
2812784,2025-05-21,13.066875,16,16
2812784,2025-05-25,13.539736842105263,38,38
2812784,2025-05-29,7.87813953488372,43,43
2812784,2025-06-02,5.223518518518518,54,54
2812784,2025-06-06,10.624705882352941,34,34
2812784,2025-06-10,8.121666666666666,42,42
2812784,2025-06-14,9.611666666666666,36,36
2812784,2025-06-18,13.066296296296297,27,27
2812784,2025-06-22,12.415584415584416,77,77
2812784,2025-06-26,9.457560975609756,41,41
2812784,2025-06-30,10.531,30,30
2812784,2025-07-04,11.945714285714287,49,49
2812784,2025-07-08,11.030000000000001,33,33
2812784,2025-07-12,7.8149999999999995,70,70
2812784,2025-07-16,13.814,65,65
2812784,2025-07-20,13.089677419354837,62,62
2812784,2025-07-24,11.582142857142857,70,70
2812784,2025-07-28,12.194705882352942,68,68
2812784,2025-08-01,8.70875,80,80
2812784,2025-08-05,8.314571428571428,70,70
2812784,2025-08-09,13.444383561643836,73,73
2812784,2025-08-13,9.47012987012987,77,77
2812784,2025-08-17,9.205217391304348,69,69
2812784,2025-08-21,11.687536231884057,69,69
2812784,2025-08-25,8.340566037735849,53,53
2812784,2025-08-29,11.283934426229509,61,61
2812784,2025-09-02,8.814328358208954,67,67
2812784,2025-09-06,17.003432835820895,67,67
2812784,2025-09-10,7.332857142857143,7,7
2812784,2025-09-14,9.792463768115942,69,69
2812784,2025-09-18,8.798913043478262,46,46
2812784,2025-09-22,14.1426,50,50
2812784,2025-09-26,9.736515151515151,66,66
2812784,2025-09-30,9.616140350877194,57,57
2812784,2025-10-04,19.43326530612245,49,49
2812784,2025-10-08,11.403636363636364,33,33
2812784,2025-10-12,21.940454545454546,44,44
2812784,2025-10-16,19.50258064516129,31,31
1924313,2025-01-01,152.6195,80,80
1924313,2025-01-05,96.03183333333332,60,60
1924313,2025-01-09,30.490526315789474,57,57
1924313,2025-01-13,176.19416666666666,12,12
1924313,2025-01-17,223.33249999999998,48,48
1924313,2025-01-21,142.82685185185184,54,54
1924313,2025-01-25,79.23166666666667,48,48
1924313,2025-01-29,24.215882352941176,51,51
1924313,2025-02-02,102.9719512195122,41,41
1924313,2025-02-06,203.49529411764706,34,34
1924313,2025-02-10,38.076557377049184,61,61
1924313,2025-02-14,98.19379746835443,79,79
1924313,2025-02-18,72.17642857142857,70,70
1924313,2025-02-22,114.1801724137931,58,58
1924313,2025-02-26,21.815102040816328,49,49
1924313,2025-03-02,60.95515151515151,66,66
1924313,2025-03-06,70.87211538461538,52,52
1924313,2025-03-10,50.61893617021277,47,47
1924313,2025-03-14,81.9691935483871,62,62
1924313,2025-03-18,48.834482758620695,58,58
1924313,2025-03-22,29.542380952380952,63,63
1924313,2025-03-26,13.982884615384616,52,52
1924313,2025-03-30,37.23051724137931,58,58
1924313,2025-04-03,46.122549019607845,51,51
1924313,2025-04-07,18.989152542372878,59,59
1924313,2025-04-11,29.52063492063492,63,63
1924313,2025-04-15,39.3391935483871,62,62
1924313,2025-04-19,7.905,46,46
1924313,2025-04-23,15.999024390243903,41,41
1924313,2025-04-27,21.662941176470586,51,51
1924313,2025-05-01,13.625937500000001,32,32
1924313,2025-05-05,20.59439024390244,41,41
1924313,2025-05-09,12.341836734693878,49,49
1924313,2025-05-13,19.652564102564103,39,39
1924313,2025-05-17,21.08153846153846,52,52
1924313,2025-05-21,17.024375,16,16
1924313,2025-05-25,21.095161290322583,31,31
1924313,2025-05-29,11.886136363636364,44,44
1924313,2025-06-02,16.582666666666668,45,45
1924313,2025-06-06,20.115416666666665,24,24
1924313,2025-06-10,25.601599999999998,25,25
1924313,2025-06-14,25.824347826086957,23,23
1924313,2025-06-18,33.66727272727273,22,22
1924313,2025-06-22,13.940624999999999,48,48
1924313,2025-06-26,12.82638888888889,36,36
1924313,2025-06-30,16.49586206896552,29,29
1924313,2025-07-04,32.94041666666667,48,48
1924313,2025-07-08,12.881176470588235,34,34
1924313,2025-07-12,19.123620689655173,58,58
1924313,2025-07-16,20.228846153846156,52,52
1924313,2025-07-20,26.95787234042553,47,47
1924313,2025-07-24,14.558285714285715,70,70
1924313,2025-07-28,14.2225,68,68
1924313,2025-08-01,13.294197530864196,81,81
1924313,2025-08-05,12.15457142857143,70,70
1924313,2025-08-09,13.598648648648648,74,74
1924313,2025-08-13,9.582875,80,80
1924313,2025-08-17,12.131830985915494,71,71
1924313,2025-08-21,15.1656338028169,71,71
1924313,2025-08-25,27.703333333333337,51,51
1924313,2025-08-29,18.185952380952383,42,42
1924313,2025-09-02,13.765322580645162,62,62
1924313,2025-09-06,19.90555555555556,54,54
1924313,2025-09-10,14.821666666666667,6,6
1924313,2025-09-14,16.119253731343285,67,67
1924313,2025-09-18,12.64,54,54
1924313,2025-09-22,19.933636363636364,55,55
1924313,2025-09-26,22.41793103448276,58,58
1924313,2025-09-30,17.89392857142857,56,56
1924313,2025-10-04,39.871818181818185,66,66
1924313,2025-10-08,33.70842105263158,38,38
1924313,2025-10-12,74.63939393939394,33,33
1924313,2025-10-16,64.64075471698114,53,53
1924313,2025-10-20,39.45444444444444,27,27
1924313,2025-10-24,76.35799999999999,15,15
1924313,2025-10-28,76.89121951219512,41,41
1924313,2025-11-01,19.68173913043478,69,69
1924313,2025-11-05,10.817466666666666,75,75
1924313,2025-11-09,137.08803278688526,61,61
1924313,2025-11-13,136.70409090909092,22,22
1924313,2025-11-17,213.12654545454544,55,55
1924313,2025-11-21,200.02283333333332,60,60
1924313,2025-11-25,195.96875,56,56
1924313,2025-11-29,149.6011320754717,53,53
1924313,2025-12-03,265.9116666666667,60,60
1924313,2025-12-07,182.14181818181817,44,44
1924313,2025-12-11,37.94105263157895,57,57
1924313,2025-12-15,31.99674418604651,43,43
1924313,2025-12-19,46.062745098039215,51,51
1924313,2025-12-23,68.64377777777779,45,45
1924313,2025-12-27,134.85890625,64,64
1924313,2025-12-31,98.26483870967742,62,62
2998,2025-01-01,6.439942375,24,24
2998,2025-01-05,3.8329794583333334,24,24
2998,2025-01-09,2.7812549565217393,23,23
2998,2025-01-13,1.866557357142857,14,14
2998,2025-01-17,3.452070388888889,18,18
2998,2025-01-21,3.968969291666667,24,24
2998,2025-01-25,8.21838325,24,24
2998,2025-01-29,10.6262365,24,24
2998,2025-02-02,1.884019375,24,24
2998,2025-02-06,7.301913681818181,22,22
2998,2025-02-10,11.775693045454545,22,22
2998,2025-02-14,4.137875166666666,24,24
2998,2025-02-18,3.7549709166666667,24,24
2998,2025-02-22,17.457898333333333,24,24
2998,2025-02-26,37.4587266,5,5
2998,2025-03-02,3.9641396666666666,3,3
2998,2025-03-06,6.130683416666667,24,24
2998,2025-03-10,20.112023416666666,24,24
2998,2025-03-14,5.339499041666667,24,24
2998,2025-03-18,4.705100083333334,24,24
2998,2025-03-22,18.4689175,24,24
2998,2025-03-26,16.2592816,15,15
2998,2025-03-30,21.77756318181818,22,22
2998,2025-04-03,9.452767125,24,24
2998,2025-04-07,4.381878333333334,24,24
2998,2025-04-11,4.192518041666666,24,24
2998,2025-04-15,15.53359975,24,24
2998,2025-04-19,11.890871666666667,24,24
2998,2025-04-23,6.222513999999999,8,8
2998,2025-04-27,3.4517638749999997,24,24
2998,2025-05-01,4.84737955,20,20
2998,2025-05-05,2.486105625,16,16
2998,2025-05-09,3.2597349999999996,22,22
2998,2025-05-13,7.458911625,24,24
2998,2025-05-17,2.1596171176470587,17,17
2998,2025-05-21,2.5857622916666667,24,24
2998,2025-05-25,2.989069166666667,24,24
2998,2025-05-29,7.338351666666667,24,24
2998,2025-06-02,5.607982041666666,24,24
2998,2025-06-06,7.040407916666666,24,24
2998,2025-06-10,4.900472,12,12
2998,2025-06-14,4.287731125,24,24
2998,2025-06-18,5.821521263157894,19,19
2998,2025-06-22,3.90261325,24,24
2998,2025-06-26,2.458092136363636,22,22
2998,2025-06-30,1.8963532083333332,24,24
2998,2025-07-04,3.09077325,24,24
2998,2025-07-08,4.743210666666667,24,24
2998,2025-07-12,14.48787775,24,24
2998,2025-07-16,9.952429208333333,24,24
2998,2025-07-20,6.827253249999999,24,24
2998,2025-07-24,14.431410833333333,24,24
2998,2025-07-28,9.168301095238096,21,21
2998,2025-08-01,11.738316833333334,24,24
2998,2025-08-05,4.761476833333334,24,24
2998,2025-08-09,7.334201541666666,24,24
2998,2025-08-13,2.4772153913043478,23,23
2998,2025-08-17,1.2206620000000001,23,23
2998,2025-08-21,1.7514231666666669,24,24
2998,2025-08-25,1.8839969166666666,24,24
2998,2025-08-29,4.41393725,24,24
2998,2025-09-02,4.769749541666667,24,24
2998,2025-09-06,11.839150826086957,23,23
2998,2025-09-10,9.900716809523809,21,21
2998,2025-09-14,6.361984375,24,24
2998,2025-09-18,2.8516235416666667,24,24
2998,2025-09-22,3.5055209583333333,24,24
2998,2025-09-26,2.8022610833333332,24,24
2998,2025-09-30,4.757989083333333,24,24
2998,2025-10-04,5.69927175,24,24
2998,2025-10-08,6.206515625000001,24,24
2998,2025-10-12,1.1572444166666667,24,24
2998,2025-10-16,2.116299684210526,19,19
2998,2025-10-20,3.251587095238095,21,21
2998,2025-10-24,8.253112291666666,24,24
2998,2025-10-28,3.9899152916666663,24,24
2998,2025-11-01,4.420444791666667,24,24
2998,2025-11-05,3.982016541666667,24,24
2998,2025-11-09,9.242714541666667,24,24
2998,2025-11-13,3.0663331666666664,24,24
2998,2025-11-17,2.560956904761905,21,21
2998,2025-11-21,9.986931333333333,24,24
2998,2025-11-25,3.3600299047619044,21,21
2998,2025-11-29,1.424996,1,1
2998,2025-12-03,4.780205583333333,24,24
2998,2025-12-07,3.417227458333333,24,24
2998,2025-12-11,6.742497,24,24
2998,2025-12-15,4.249031875,24,24
2998,2025-12-19,10.499868666666666,24,24
2998,2025-12-23,9.334346333333334,24,24
2998,2025-12-27,1.036111375,24,24
2998,2025-12-31,5.788994833333334,24,24
9588,2025-01-01,12.45675,24,24
9588,2025-01-05,21.844825,24,24
9588,2025-01-09,5.4858875000000005,24,24
9588,2025-01-13,13.642272727272728,11,11
9588,2025-01-17,13.202984210526315,19,19
9588,2025-01-21,7.742674999999999,24,24
9588,2025-01-25,13.3905125,24,24
9588,2025-01-29,3.389007142857143,14,14
9588,2025-02-02,8.9468,24,24
9588,2025-02-06,11.68903043478261,23,23
9588,2025-02-10,14.004929166666665,24,24
9588,2025-02-14,4.556808333333334,24,24
9588,2025-02-18,35.23561739130435,23,23
9588,2025-02-22,34.9087125,24,24
9588,2025-02-26,6.036720000000001,5,5
9588,2025-03-02,5.134266666666666,3,3
9588,2025-03-06,16.796004347826088,23,23
9588,2025-03-10,9.304873333333335,15,15
9588,2025-03-14,3.1151434782608693,23,23
9588,2025-03-18,7.413266666666666,24,24
9588,2025-03-22,22.69707083333333,24,24
9588,2025-03-26,11.137493333333333,15,15
9588,2025-03-30,0.9681130434782609,23,23
9588,2025-04-03,7.169291666666666,24,24
9588,2025-04-07,6.7054,23,23
9588,2025-04-11,11.027925000000002,24,24
9588,2025-04-15,2.5381125,24,24
9588,2025-04-19,3.5263666666666666,24,24
9588,2025-04-23,6.067333333333334,9,9
9588,2025-04-27,3.290975,24,24
9588,2025-05-01,7.943984210526316,19,19
9588,2025-05-05,2.0469,16,16
9588,2025-05-09,2.0882260869565217,23,23
9588,2025-05-13,3.816395652173913,23,23
9588,2025-05-17,2.8533882352941173,17,17
9588,2025-05-21,7.056533333333333,24,24
9588,2025-05-25,4.0871,14,14
9588,2025-05-29,1.00155,6,6
9588,2025-06-02,8.790091666666667,24,24
9588,2025-06-06,9.986258333333334,24,24
9588,2025-06-10,24.04078260869565,23,23
9588,2025-06-14,26.08594583333333,24,24
9588,2025-06-18,8.488468421052632,19,19
9588,2025-06-22,3.6266000000000003,13,13
9588,2025-06-26,13.260333333333334,24,24
9588,2025-06-30,9.9651125,24,24
9588,2025-07-04,8.556279166666666,24,24
9588,2025-07-08,0.98370625,16,16
9588,2025-07-12,5.164929166666667,24,24
9588,2025-07-16,7.8565894736842115,19,19
9588,2025-07-20,8.031504166666666,24,24
9588,2025-07-24,3.2857333333333334,24,24
9588,2025-07-28,0.9914272727272727,22,22
9588,2025-08-01,4.4930916666666665,24,24
9588,2025-08-05,3.4491347826086955,23,23
9588,2025-08-09,11.409566666666665,24,24
9588,2025-08-13,20.429591304347827,23,23
9588,2025-08-17,11.722095454545455,22,22
9588,2025-08-21,2.6822625,24,24
9588,2025-08-25,6.217241666666666,24,24
9588,2025-08-29,2.759820833333333,24,24
9588,2025-09-02,2.5390333333333333,24,24
9588,2025-09-06,1.6442652173913044,23,23
9588,2025-09-10,2.7419958333333336,24,24
9588,2025-09-14,4.303683333333333,24,24
9588,2025-09-18,6.379216666666667,24,24
9588,2025-09-22,2.4010583333333333,24,24
9588,2025-09-26,2.7885875,24,24
9588,2025-09-30,5.648725,24,24
9588,2025-10-04,12.483447826086957,23,23
9588,2025-10-08,15.102766666666668,24,24
9588,2025-10-12,25.213700000000003,22,22
9588,2025-10-16,14.289782352941176,17,17
9588,2025-10-20,23.744909999999997,20,20
9588,2025-10-24,1.8456833333333333,24,24
9588,2025-10-28,2.6329739130434784,23,23
9588,2025-11-01,7.8565958333333334,24,24
9588,2025-11-05,4.709447826086957,23,23
9588,2025-11-09,25.757012500000002,24,24
9588,2025-11-13,9.127478260869564,23,23
9588,2025-11-17,2.976182608695652,23,23
9588,2025-11-21,2.1374416666666667,24,24
9588,2025-11-25,8.397826315789473,19,19
9588,2025-11-29,9.29685,2,2
9588,2025-12-03,11.500504347826086,23,23
9588,2025-12-07,5.479633333333334,15,15
9588,2025-12-11,8.842013636363637,22,22
9588,2025-12-15,9.526541666666667,24,24
9588,2025-12-19,10.701368181818182,22,22
9588,2025-12-23,9.563550000000001,24,24
9588,2025-12-27,7.410504166666667,24,24
9588,2025-12-31,21.34090833333333,24,24
2656042,2025-01-01,44.324999999999996,24,24
2656042,2025-01-05,10.632916666666667,24,24
2656042,2025-01-09,5.237916666666667,24,24
2656042,2025-01-13,11.316666666666666,15,15
2656042,2025-01-17,17.49421052631579,19,19
2656042,2025-01-21,56.95541666666667,24,24
2656042,2025-01-25,6.22125,24,24
2656042,2025-01-29,12.049583333333333,24,24
2656042,2025-02-02,22.7075,24,24
2656042,2025-02-06,30.244583333333335,24,24
2656042,2025-02-10,63.28208333333333,24,24
2656042,2025-02-14,11.761249999999999,24,24
2656042,2025-02-18,22.395,24,24
2656042,2025-02-22,45.206250000000004,24,24
2656042,2025-02-26,17.637999999999998,5,5
2656042,2025-03-02,15.773333333333333,3,3
2656042,2025-03-06,22.035833333333333,24,24
2656042,2025-03-10,14.862499999999999,24,24
2656042,2025-03-14,13.224583333333333,24,24
2656042,2025-03-18,8.296249999999999,24,24
2656042,2025-03-22,6.659166666666667,24,24
2656042,2025-03-26,7.4975000000000005,16,16
2656042,2025-03-30,4.560434782608696,23,23
2656042,2025-04-03,11.749583333333334,24,24
2656042,2025-04-07,5.9052173913043475,23,23
2656042,2025-04-11,12.824583333333335,24,24
2656042,2025-04-15,8.533478260869567,23,23
2656042,2025-04-19,4.724583333333333,24,24
2656042,2025-04-23,8.857777777777777,9,9
2656042,2025-04-27,6.376666666666666,24,24
2656042,2025-05-01,17.275,20,20
2656042,2025-05-05,4.738125,16,16
2656042,2025-05-09,7.867916666666667,24,24
2656042,2025-05-13,8.12125,24,24
2656042,2025-05-17,4.024117647058823,17,17
2656042,2025-05-21,6.56,24,24
2656042,2025-05-25,4.957916666666667,24,24
2656042,2025-05-29,1.8862500000000002,24,24
2656042,2025-06-02,5.130416666666666,24,24
2656042,2025-06-06,9.90125,24,24
2656042,2025-06-10,13.61625,24,24
2656042,2025-06-14,10.08875,24,24
2656042,2025-06-18,9.083,20,20
2656042,2025-06-22,8.633333333333333,24,24
2656042,2025-06-26,18.550833333333333,24,24
2656042,2025-06-30,9.212083333333334,24,24
2656042,2025-07-04,8.855416666666667,24,24
2656042,2025-07-08,2.2191666666666667,24,24
2656042,2025-07-12,3.9804166666666667,24,24
2656042,2025-07-16,7.0370833333333325,24,24
2656042,2025-07-20,6.726666666666667,24,24
2656042,2025-07-24,6.6695652173913045,23,24
2656042,2025-07-28,3.3222727272727273,22,22
2656042,2025-08-01,5.076666666666667,24,24
2656042,2025-08-05,4.560416666666667,24,24
2656042,2025-08-09,8.09625,24,24
2656042,2025-08-13,13.0525,24,24
2656042,2025-08-17,11.04304347826087,23,23
2656042,2025-08-21,8.013333333333334,24,24
2656042,2025-08-25,4.22875,24,24
2656042,2025-08-29,8.322916666666666,24,24
2656042,2025-09-02,4.11,24,24
2656042,2025-09-06,1.3283333333333334,24,24
2656042,2025-09-10,7.202083333333333,24,24
2656042,2025-09-14,6.272083333333334,24,24
2656042,2025-09-18,4.048333333333333,24,24
2656042,2025-09-22,4.227916666666666,24,24
2656042,2025-09-26,4.66125,24,24
2656042,2025-09-30,5.095416666666667,24,24
2656042,2025-10-04,10.320869565217391,23,23
2656042,2025-10-08,5.996956521739131,23,24
2656042,2025-10-12,9.027916666666666,24,24
2656042,2025-10-16,11.129090909090909,11,11
2656042,2025-10-20,11.491,20,20
2656042,2025-10-24,3.006086956521739,23,23
2656042,2025-10-28,6.390833333333333,24,24
2656042,2025-11-01,6.52,24,24
2656042,2025-11-05,15.409583333333332,24,24
2656042,2025-11-09,19.0675,24,24
2656042,2025-11-13,25.289130434782606,23,23
2656042,2025-11-17,7.209130434782609,23,23
2656042,2025-11-21,5.7804166666666665,24,24
2656042,2025-11-25,24.9755,20,20
2656042,2025-11-29,39.965,2,2
2656042,2025-12-03,31.31086956521739,23,23
2656042,2025-12-07,17.90041666666667,24,24
2656042,2025-12-11,31.131363636363634,22,22
2656042,2025-12-15,18.193749999999998,24,24
2656042,2025-12-19,9.731111111111112,18,19
2656042,2025-12-23,9.755416666666667,24,24
2656042,2025-12-27,13.635833333333332,24,24
2656042,2025-12-31,28.197916666666668,24,24
2163044,2025-01-01,10.05,20,20
2163044,2025-01-05,16.0,22,22
2163044,2025-01-09,15.05,20,20
2163044,2025-01-13,10.333333333333334,15,15
2163044,2025-01-17,12.4,15,15
2163044,2025-01-21,24.65,20,20
2163044,2025-01-25,20.954545454545453,22,22
2163044,2025-01-29,26.0,21,21
2163044,2025-02-02,10.130434782608695,23,23
2163044,2025-02-06,13.05,20,20
2163044,2025-02-10,28.047619047619047,21,21
2163044,2025-02-14,17.0,22,22
2163044,2025-02-18,21.73913043478261,23,23
2163044,2025-02-22,29.041666666666668,24,24
2163044,2025-02-26,33.8,5,5
2163044,2025-03-06,28.208333333333332,24,24
2163044,2025-03-10,34.45454545454545,22,22
2163044,2025-03-14,13.772727272727273,22,22
2163044,2025-03-18,11.636363636363637,22,22
2163044,2025-03-22,13.136363636363637,22,22
2163044,2025-03-26,20.5,10,10
2163044,2025-03-30,32.9,20,20
2163044,2025-04-03,14.318181818181818,22,22
2163044,2025-04-07,11.571428571428571,21,21
2163044,2025-04-11,11.333333333333334,21,21
2163044,2025-04-15,20.217391304347824,23,23
2163044,2025-04-19,26.782608695652176,23,23
2163044,2025-04-23,19.285714285714285,7,7
2163044,2025-04-27,10.80952380952381,21,21
2163044,2025-05-01,7.285714285714286,14,14
2163044,2025-05-05,7.5,12,12
2163044,2025-05-09,7.739130434782608,23,23
2163044,2025-05-13,12.045454545454545,22,22
2163044,2025-05-17,8.235294117647058,17,17
2163044,2025-05-21,11.708333333333334,24,24
2163044,2025-05-25,12.863636363636363,22,22
2163044,2025-05-29,13.478260869565217,23,23
2163044,2025-06-02,9.409090909090908,22,22
2163044,2025-06-06,10.636363636363637,22,22
2163044,2025-06-10,9.347826086956522,23,23
2163044,2025-06-14,7.238095238095238,21,21
2163044,2025-06-18,10.277777777777779,18,18
2163044,2025-06-22,6.545454545454546,22,22
2163044,2025-06-26,5.7727272727272725,22,22
2163044,2025-06-30,7.043478260869565,23,23
2163044,2025-07-04,5.6521739130434785,23,23
2163044,2025-07-08,7.666666666666667,21,21
2163044,2025-07-12,5.0,18,18
2163044,2025-07-16,7.6521739130434785,23,23
2163044,2025-07-20,13.208333333333334,24,24
2163044,2025-07-24,7.391304347826087,23,23
2163044,2025-07-28,12.631578947368421,19,19
2163044,2025-08-01,8.952380952380953,21,21
2163044,2025-08-05,5.947368421052632,19,19
2163044,2025-08-09,9.65,20,20
2163044,2025-08-13,7.125,24,24
2163044,2025-08-17,4.6,20,20
2163044,2025-08-21,5.5,22,22
2163044,2025-08-25,3.5454545454545454,22,22
2163044,2025-08-29,14.095238095238095,21,21
2163044,2025-09-02,6.142857142857143,21,21
2163044,2025-09-06,9.136363636363637,22,22
2163044,2025-09-10,11.73913043478261,23,23
2163044,2025-09-14,7.695652173913044,23,23
2163044,2025-09-18,5.0476190476190474,21,21
2163044,2025-09-22,6.695652173913044,23,23
2163044,2025-09-26,9.208333333333334,24,24
2163044,2025-09-30,9.095238095238095,21,21
2163044,2025-10-04,11.80952380952381,21,21
2163044,2025-10-08,10.909090909090908,22,22
2163044,2025-10-12,5.9,20,20
2163044,2025-10-16,6.0,11,11
2163044,2025-10-20,7.157894736842105,19,19
2163044,2025-10-24,18.25,24,24
2163044,2025-10-28,10.052631578947368,19,19
2163044,2025-11-01,7.416666666666667,24,24
2163044,2025-11-05,18.0,23,23
2163044,2025-11-09,18.05,20,20
2163044,2025-11-13,16.347826086956523,23,23
2163044,2025-11-17,12.55,20,20
2163044,2025-11-21,13.782608695652174,23,23
2163044,2025-11-25,21.0,17,17
2163044,2025-11-29,11.0,1,1
2163044,2025-12-03,12.523809523809524,21,21
2163044,2025-12-07,17.428571428571427,21,21
2163044,2025-12-11,10.454545454545455,22,22
2163044,2025-12-15,13.823529411764707,17,17
2163044,2025-12-19,22.571428571428573,21,21
2163044,2025-12-23,12.05,20,20
2163044,2025-12-27,8.157894736842104,19,19
2163044,2025-12-31,33.05,20,20
3031194,2025-01-01,28.3833154603425,24,24
3031194,2025-01-05,25.946862029535676,23,23
3031194,2025-01-09,10.539456522551136,23,23
3031194,2025-01-13,41.29515461694626,7,7
3031194,2025-02-14,39.6989931066831,24,24
3031194,2025-02-18,39.98707301086849,24,24
3031194,2025-02-22,27.23562842607498,24,24
3031194,2025-02-26,11.268934021393457,24,24
3031194,2025-03-02,35.11712495485941,24,24
3031194,2025-03-06,49.38667026493284,24,24
3031194,2025-03-10,59.43706430329217,24,24
3031194,2025-03-14,5.02472917156087,24,24
3031194,2025-03-18,9.493172427018484,24,24
3031194,2025-03-22,25.29959085583687,24,24
3031194,2025-03-26,9.999510417381922,24,24
3031194,2025-03-30,9.23324823293133,23,23
3031194,2025-04-03,27.6449304110762,23,23
3031194,2025-04-07,10.211559884250164,16,16
3031194,2025-04-11,31.06903123193317,24,24
3031194,2025-04-15,33.23308163881302,24,24
3031194,2025-04-19,9.354899295605719,24,24
3031194,2025-04-23,35.80747917625639,24,24
3031194,2025-04-27,12.895959105003962,24,24
3031194,2025-05-01,20.073909723096424,24,24
3031194,2025-05-05,3.219298608187172,24,24
3031194,2025-05-09,6.404710060192479,24,24
3031194,2025-05-13,8.57406077368392,24,24
3031194,2025-05-17,10.718376706043879,24,24
3031194,2025-05-21,14.069928861326643,24,24
3031194,2025-05-25,11.719991330471304,24,24
3031194,2025-05-29,22.786947771756335,24,24
3031194,2025-06-02,7.148958352479068,11,11
3031194,2025-06-06,4.67561806158887,24,24
3031194,2025-06-10,21.873684087561234,24,24
3031194,2025-06-14,18.666276049282818,24,24
3031194,2025-06-18,15.334408010045687,24,24
3031194,2025-06-22,16.437264508959178,23,23
3031194,2025-06-26,16.04611291156875,24,24
3031194,2025-06-30,6.750267357461983,24,24
3031194,2025-07-04,4.131154515677028,24,24
3031194,2025-07-08,5.160560755473044,24,24
3031194,2025-07-12,5.495491310954094,24,24
3031194,2025-07-16,6.919449631538655,24,24
3031194,2025-07-20,24.90574477116267,24,24
3031194,2025-07-24,9.447321150037977,24,24
3031194,2025-07-28,7.83298438290755,24,24
3031194,2025-08-01,4.887334314514956,24,24
3031194,2025-08-05,3.405392362839646,24,24
3031194,2025-08-09,16.87222047895193,24,24
3031194,2025-08-13,30.672031220462586,24,24
3031194,2025-08-17,4.339135419034089,24,24
3031194,2025-08-21,1.822517357999459,24,24
3031194,2025-08-25,10.827215244372686,24,24
3031194,2025-08-29,7.046129048077597,24,24
3031194,2025-09-02,4.641700799266498,24,24
3031194,2025-09-06,14.46128474486371,24,24
3031194,2025-09-10,11.604463524288603,24,24
3031194,2025-09-14,6.976060755964782,24,24
3031194,2025-09-18,4.603168399047314,24,24
3031194,2025-09-22,1.9289837925074,24,24
3031194,2025-09-26,10.046564236324695,24,24
3031194,2025-09-30,23.28256667747171,23,23
3031194,2025-10-04,8.589610497804657,23,23
3031194,2025-10-08,17.165418405499725,24,24
3031194,2025-10-12,12.870694443593836,24,24
3031194,2025-10-16,4.441921873949468,24,24
3031194,2025-10-20,16.18447095783586,21,21
3031194,2025-10-24,3.377645835606381,24,24
3031194,2025-10-28,4.519178821751848,24,24
3031194,2025-11-01,9.402494791729582,24,24
3031194,2025-11-09,18.2456342532127,24,24
3031194,2025-11-13,17.847683792214777,23,23
3031194,2025-11-17,4.845571432108917,21,21
3031194,2025-11-21,27.863694462511276,24,24
3031194,2025-11-25,13.933741317837741,24,24
3031194,2025-11-29,20.061611117257012,24,24
3031194,2025-12-03,23.422335055249707,24,24
3031194,2025-12-07,13.165870577759213,24,24
3031194,2025-12-11,26.3535069015291,24,24
3031194,2025-12-15,27.545263340186192,24,24
3031194,2025-12-19,8.273888893518597,24,24
3031194,2025-12-23,30.927399291153307,24,24
3031194,2025-12-27,16.996975712064238,24,24
3031194,2025-12-31,15.599237799675514,24,24
3602893,2025-03-06,30.65543867273936,12,12
3602893,2025-03-10,40.32539048542579,24,24
3602893,2025-03-14,5.676978295513739,24,24
3602893,2025-03-18,18.058107101254993,24,24
3602893,2025-03-22,54.104947858386566,24,24
3602893,2025-03-26,12.094239609109032,24,24
3602893,2025-03-30,11.572089384998316,23,23
3602893,2025-04-03,22.778456621699863,24,24
3602893,2025-04-07,12.031522857871922,24,24
3602893,2025-04-11,20.55807403723399,24,24
3602893,2025-04-15,22.400111559364532,24,24
3602893,2025-04-19,6.568339109213816,24,24
3602893,2025-04-23,30.067392965157826,24,24
3602893,2025-04-27,20.377538193146595,24,24
3602893,2025-05-01,28.82400529914432,24,24
3602893,2025-05-05,5.216123254762755,24,24
3602893,2025-05-09,12.546832189791731,24,24
3602893,2025-05-13,19.604899239208965,24,24
3602893,2025-05-17,12.870894653101763,24,24
3602893,2025-05-21,14.000808398229907,24,24
3602893,2025-05-25,2.899925931796638,24,24
3602893,2025-05-29,5.687515040393919,24,24
3602893,2025-06-02,5.0796342682507305,12,12
3602893,2025-06-06,2.9205291125208444,24,24
3602893,2025-06-10,7.889082744614118,24,24
3602893,2025-06-14,10.75518345946653,24,24
3602893,2025-06-18,5.766343170156081,24,24
3602893,2025-06-22,9.01739857443001,23,23
3602893,2025-06-26,3.6351637720233865,24,24
3602893,2025-06-30,8.863270813392267,24,24
3602893,2025-07-04,7.10621527230574,24,24
3602893,2025-07-08,5.104397569783032,24,24
3602893,2025-07-12,8.710195583187872,24,24
3602893,2025-07-16,4.85416029414369,24,24
3602893,2025-07-20,22.996986092792614,24,24
3602893,2025-07-24,15.146789918343226,24,24
3602893,2025-07-28,3.4817170027721054,24,24
3602893,2025-08-01,2.300560762070947,24,24
3602893,2025-08-05,2.1564305589741304,24,24
3602893,2025-08-09,7.06614064052701,24,24
3602893,2025-08-13,27.73166134953499,24,24
3602893,2025-08-17,11.31684724158711,24,24
3602893,2025-08-21,5.77268515030543,24,24
3602893,2025-08-25,32.682531083623566,24,24
3602893,2025-08-29,5.547326390010615,24,24
3602893,2025-09-02,6.057800937237011,24,24
3602893,2025-09-06,6.784624986764457,24,24
3602893,2025-09-10,10.239559075277713,24,24
3602893,2025-09-14,8.632288194106271,24,24
3602893,2025-09-18,3.8994050760391272,24,24
3602893,2025-09-22,1.8299809027747769,24,24
3602893,2025-09-26,12.435681138808528,24,24
3602893,2025-09-30,20.572645800345082,23,23
3602893,2025-10-04,2.050754174198931,23,23
3602893,2025-10-08,5.563625464839305,22,22
3602893,2025-10-12,17.081140620178648,24,24
3602893,2025-10-16,17.951260398476627,24,24
3602893,2025-10-20,20.71222824010713,21,21
3602893,2025-10-24,1.3953657413591387,24,24
3602893,2025-10-28,2.6058715287699465,24,24
3602893,2025-11-01,5.170615165316741,24,24
3602893,2025-11-05,33.46000722042029,23,23
3602893,2025-11-09,44.183067131483995,24,24
3602893,2025-11-21,3.0032832033732775,10,10
3602893,2025-11-25,2.991956594948553,24,24
3602893,2025-11-29,6.680434603044005,24,24
3602893,2025-12-03,40.301779516537984,24,24
3602893,2025-12-07,11.318421606129656,24,24
3602893,2025-12-11,10.859562504291533,24,24
3602893,2025-12-15,11.270329860432279,24,24
3602893,2025-12-19,4.343491321088125,24,24
3602893,2025-12-23,26.66149300601747,24,24
3602893,2025-12-27,3.1613223393137257,24,24
3602893,2025-12-31,8.803152778465302,24,24
2950758,2025-01-01,20.849168363544674,24,24
2950758,2025-01-05,6.070405452143917,23,23
2950758,2025-01-09,0.08728079729969951,23,23
2950758,2025-01-13,2.9187440371939113,7,7
2950758,2025-02-14,2.717705435792191,24,24
2950758,2025-02-18,5.374851016884394,23,23
2950758,2025-02-22,0.2629479186143726,24,24
2950758,2025-02-26,0.38652777776587754,24,24
2950758,2025-03-02,1.1910416685924348,24,24
2950758,2025-03-06,0.5476892363383538,24,24
2950758,2025-03-10,0.60557986165966,24,24
2950758,2025-03-14,0.7293333349128565,24,24
2950758,2025-03-18,0.6272665733739621,24,24
2950758,2025-03-22,0.18187673590404707,24,24
2950758,2025-03-26,0.37212673503543353,24,24
2950758,2025-03-30,0.495949274279933,23,23
2950758,2025-04-03,1.2013888901565224,24,24
2950758,2025-04-07,0.20923863738925771,6,6
2950758,2025-04-11,0.20421006928922403,24,24
2950758,2025-04-15,0.07775000014549328,24,24
2950758,2025-04-19,0.7838090313598514,24,24
2950758,2025-04-23,0.08536111172806059,24,24
2950758,2025-04-27,0.134338543129464,24,24
2950758,2025-05-01,0.11917882040143013,24,24
2950758,2025-05-05,0.13084375055041164,24,24
2950758,2025-05-09,0.3343420141868086,24,24
2950758,2025-05-13,0.05732118052482191,24,24
2950758,2025-05-17,0.13896354322787374,24,24
2950758,2025-05-21,0.24223263922613114,24,24
2950758,2025-05-25,0.08147222292609513,24,24
2950758,2025-05-29,0.044107638868606754,24,24
2950758,2025-06-02,0.2103560609517224,11,11
2950758,2025-06-06,0.08380208352011526,24,24
2950758,2025-06-10,0.6556145842187107,24,24
2950758,2025-06-14,0.6861354159320601,24,24
2950758,2025-06-18,0.1664322927956366,24,24
2950758,2025-06-22,0.12764311687129995,23,23
2950758,2025-06-26,0.1350850696520259,24,24
2950758,2025-06-30,0.20987847390481165,24,24
2950758,2025-07-04,0.03520833346475329,24,24
2950758,2025-07-08,0.05186111122990648,24,24
2950758,2025-07-12,0.2295868122794976,24,24
2950758,2025-07-16,0.09095139026693587,24,24
2950758,2025-07-20,0.20338888845354733,24,24
2950758,2025-07-24,0.008711805515405204,24,24
2950758,2025-07-28,0.2586892361675079,24,24
2950758,2025-08-01,0.06683854228403005,24,24
2950758,2025-08-05,0.04102777830687248,24,24
2950758,2025-08-09,0.1608715281666567,24,24
2950758,2025-08-13,0.1790260416067516,24,24
2950758,2025-08-17,0.10889236140064895,24,24
2950758,2025-08-21,0.11413541672906528,24,24
2950758,2025-08-25,0.023213541600853205,24,24
2950758,2025-08-29,0.01865625002473179,24,24
2950758,2025-09-02,0.01701388914241559,24,24
2950758,2025-09-06,0.015390625120037131,24,24
2950758,2025-09-10,0.18426215389950407,24,24
2950758,2025-09-14,0.03429687493998144,24,24
2950758,2025-09-18,0.027682292042300105,24,24
2950758,2025-09-22,0.021236111047781173,24,24
2950758,2025-09-26,0.17820659700643135,24,24
2950758,2025-09-30,0.3786176440696616,23,23
2950758,2025-10-04,0.15110145011187895,23,23
2950758,2025-10-08,0.11691782406393302,24,24
2950758,2025-10-12,0.317295718010239,24,24
2950758,2025-10-16,0.05270023129759702,24,24
2950758,2025-10-20,0.5296531392221965,21,21
2950758,2025-10-24,0.09698090293806876,24,24
2950758,2025-10-28,0.15005208351304408,24,24
2950758,2025-11-01,0.1621365742749293,24,24
2950758,2025-11-05,0.6184728263350933,23,23
2950758,2025-11-09,0.6457638880134456,24,24
2950758,2025-11-13,0.17636429484594954,23,23
2950758,2025-11-17,0.23163636377589272,22,22
2950758,2025-11-21,0.3371319443401363,24,24
2950758,2025-11-25,0.22654166701767178,24,24
2950758,2025-11-29,0.15984027832746506,24,24
2950758,2025-12-03,1.8940972197386954,24,24
2950758,2025-12-07,0.12722332748993667,24,24
2950758,2025-12-11,0.3579305559293264,24,24
2950758,2025-12-15,1.0530850697808933,24,24
2950758,2025-12-19,0.15836805587427485,24,24
2950758,2025-12-23,4.373756943529265,24,24
2950758,2025-12-27,1.3033125011767777,24,24
2950758,2025-12-31,0.9548333343118429,24,24
3714641,2025-03-18,12.57433506739067,24,24
3714641,2025-03-22,48.74744778209262,24,24
3714641,2025-03-26,99.55499675538805,24,24
3714641,2025-03-30,4.582394848083795,24,24
3714641,2025-04-03,33.92896424339275,24,24
3714641,2025-04-07,42.12903127405379,24,24
3714641,2025-04-11,30.963486075401306,24,24
3714641,2025-04-15,29.705970840794702,24,24
3714641,2025-04-19,25.96523378533546,24,24
3714641,2025-04-23,41.34829525887364,24,24
3714641,2025-04-27,33.11912553883218,24,24
3714641,2025-05-01,34.614970472123886,24,24
3714641,2025-05-05,25.75180321600702,24,24
3714641,2025-05-09,20.60555065009329,24,24
3714641,2025-05-13,13.547361804241383,24,24
3714641,2025-05-17,10.296173585099027,24,24
3714641,2025-05-21,20.183107814033473,24,24
3714641,2025-05-25,4.478350696981781,24,24
3714641,2025-05-29,5.395354211058778,24,24
3714641,2025-06-02,4.00259525009564,7,7
3714641,2025-06-06,22.354553800490166,24,24
3714641,2025-06-10,7.298558380036154,24,24
3714641,2025-06-22,4.14308695524823,23,23
3714641,2025-06-26,5.127694429415795,24,24
3714641,2025-06-30,5.175539930247598,24,24
3714641,2025-07-04,6.794137124476644,24,24
3714641,2025-07-08,2.907231532283024,24,24
3714641,2025-07-12,6.017001753052075,24,24
3714641,2025-07-16,3.794933453266923,24,24
3714641,2025-07-20,2.405270842718892,24,24
3714641,2025-07-24,2.5395538239196562,24,24
3714641,2025-07-28,5.550467599084153,24,24
3714641,2025-08-01,15.034129881949136,24,24
3714641,2025-08-05,7.469876905583372,24,24
3714641,2025-08-09,12.678022253296028,24,24
3714641,2025-08-13,10.806657990647686,24,24
3714641,2025-08-17,0.8727031210049366,24,24
3714641,2025-08-21,5.93784491030965,24,24
3714641,2025-08-25,3.5238854154013097,24,24
3714641,2025-08-29,2.017685769682026,24,24
3714641,2025-09-02,1.4783350691690833,24,24
3714641,2025-09-06,2.346553824001199,24,24
3714641,2025-09-10,11.68571466601376,24,24
3714641,2025-09-14,4.861932283396729,24,24
3714641,2025-09-18,2.2655763905495405,14,14
3714641,2025-09-22,3.8433420184171863,24,24
3714641,2025-09-26,2.604154512383199,24,24
3714641,2025-09-30,2.2519516858906634,23,23
3714641,2025-10-04,7.654585772666378,23,23
3714641,2025-10-08,10.129592913088173,15,15
3714641,2025-10-16,1.590190391599511,24,24
3714641,2025-10-20,21.11383859505729,21,21
3714641,2025-12-11,2.3108315979484124,24,24
3714641,2025-12-15,1.8747609968995675,24,24
3714641,2025-12-19,28.44737831336079,24,24
3714641,2025-12-23,11.234212370482446,24,24
3714641,2025-12-27,7.497237845799989,24,24
3714641,2025-12-31,27.837506646695346,23,23
2957005,2025-05-13,7.576920160092413,24,24
2957005,2025-05-17,13.428949649135271,24,24
2957005,2025-05-21,5.523986111498541,24,24
2957005,2025-05-25,7.824246526178386,24,24
2957005,2025-05-29,4.601782993090132,24,24
2957005,2025-06-02,6.706812467426062,12,12
2957005,2025-06-06,4.406438659462664,24,24
2957005,2025-06-10,44.46099104397539,23,23
2957005,2025-06-14,3.996840280791124,24,24
2957005,2025-06-18,9.622864002982775,24,24
2957005,2025-06-22,22.504079511671357,22,22
2957005,2025-06-26,5.0624236113702255,24,24
2957005,2025-06-30,2.4779065347743856,24,24
2957005,2025-07-04,3.3605225628448854,24,24
2957005,2025-07-08,6.571179966959689,24,24
2957005,2025-07-12,2.252588542488714,24,24
2957005,2025-07-16,22.46054286758105,24,24
2957005,2025-07-20,8.36345958325731,24,24
2957005,2025-07-24,9.978550382786327,24,24
2957005,2025-07-28,19.308545117576916,24,24
2957005,2025-08-01,19.23188715179761,24,24
2957005,2025-08-05,5.644729161842002,24,24
2957005,2025-08-09,6.4693177127175865,24,24
2957005,2025-08-13,5.7198020606043025,24,24
2957005,2025-08-17,3.523173611611128,24,24
2957005,2025-08-21,1.2451192144718435,24,24
2957005,2025-08-25,8.926744800474909,24,24
2957005,2025-08-29,9.86159778634707,24,24
2957005,2025-09-02,100.12922673755223,24,24
2957005,2025-09-06,35.198260409061355,24,24
2957005,2025-09-10,31.14595312376817,24,24
2957005,2025-09-14,26.01864006784227,24,24
2957005,2025-09-18,15.545574673348002,24,24
2957005,2025-09-22,1.0148107669730153,24,24
2957005,2025-09-26,1.9939965302505616,24,24
2957005,2025-09-30,22.249319707326425,23,23
2957005,2025-10-04,4.185646732425057,23,23
2957005,2025-10-08,0.8915410887527591,24,24
2957005,2025-10-12,1.733580441614268,24,24
2957005,2025-10-16,2.3637743062443204,24,24
2957005,2025-10-20,0.8835439630950005,22,22
2957005,2025-10-24,2.6501707192096444,24,24
2957005,2025-10-28,0.9971822920669284,24,24
2957005,2025-11-01,1.5150920149059621,24,24
2957005,2025-11-05,7.2250694489037555,24,24
2957005,2025-11-09,3.4078697922329106,24,24
2957005,2025-11-13,4.003500001567912,21,21
2957005,2025-11-17,2.212285715708184,21,21
2957005,2025-11-21,1.3675329865163397,24,24
2957005,2025-11-25,5.071516206025802,24,24
2957005,2025-11-29,16.538890037713227,24,24
2957005,2025-12-03,7.092055554708673,24,24
2957005,2025-12-07,1.9230006323402955,24,24
2957005,2025-12-11,20.541216464395877,24,24
2957005,2025-12-15,0.24109027798511776,24,24
2957005,2025-12-19,13.671180563833978,24,24
2957005,2025-12-23,16.872615173700506,24,24
2957005,2025-12-27,3.025696759018185,24,24
2957005,2025-12-31,2.0348750018618174,24,24
3037152,2025-01-01,59.20000000000001,3,18
3037152,2025-01-05,12.6,12,21
3037152,2025-01-09,5.213333333333334,15,15
3037152,2025-01-13,7.8428571428571425,14,15
3037152,2025-01-17,33.99333333333333,15,19
3037152,2025-01-21,48.400000000000006,2,16
3037152,2025-01-25,9.674999999999999,12,22
3037152,2025-01-29,14.473913043478262,23,23
3037152,2025-02-02,29.07333333333333,15,15
3037152,2025-02-06,47.672222222222224,18,18
3037152,2025-02-10,45.03333333333333,15,15
3037152,2025-02-14,29.38181818181818,11,24
3037152,2025-02-18,38.22105263157895,19,19
3037152,2025-02-22,61.25555555555555,18,18
3037152,2025-02-26,12.3,2,19
3037152,2025-03-02,20.273684210526316,19,19
3037152,2025-03-06,32.99411764705882,17,17
3037152,2025-03-10,16.33125,16,16
3037152,2025-03-14,4.054545454545455,11,18
3037152,2025-03-18,9.721052631578948,19,19
3037152,2025-03-22,7.7299999999999995,20,20
3037152,2025-03-26,11.39090909090909,11,18
3037152,2025-03-30,4.5,5,14
3037152,2025-04-03,13.433333333333334,18,18
3037152,2025-04-07,7.705263157894737,19,19
3037152,2025-04-11,12.504761904761907,21,21
3037152,2025-04-15,21.057142857142857,14,22
3037152,2025-04-19,5.718181818181818,11,12
3037152,2025-04-23,12.113333333333333,15,15
3037152,2025-04-27,5.073333333333333,15,15
3037152,2025-05-01,10.066666666666666,15,15
3037152,2025-05-05,23.2,16,18
3037152,2025-05-09,6.4,9,10
3037152,2025-05-13,7.5200000000000005,20,20
3037152,2025-05-17,4.561538461538461,13,16
3037152,2025-05-21,6.55,10,13
3037152,2025-05-25,6.306666666666667,15,15
3037152,2025-05-29,1.6133333333333333,15,16
3037152,2025-06-02,3.96,15,15
3037152,2025-06-06,10.39090909090909,11,11
3037152,2025-06-10,17.607692307692307,13,13
3037152,2025-06-14,9.915384615384616,13,13
3037152,2025-06-18,8.260000000000002,10,10
3037152,2025-06-22,7.216666666666666,24,24
3037152,2025-06-26,11.86923076923077,13,13
3037152,2025-06-30,4.130769230769231,13,13
3037152,2025-07-04,5.93076923076923,13,13
3037152,2025-07-08,2.1125,8,8
3037152,2025-07-12,8.528571428571428,14,14
3037152,2025-07-16,7.235714285714286,14,14
3037152,2025-07-20,4.666666666666667,12,12
3037152,2025-07-24,5.344444444444445,9,9
3037152,2025-07-28,3.127272727272727,11,11
3037152,2025-08-01,4.545454545454546,11,11
3037152,2025-08-05,3.0500000000000003,12,12
3037152,2025-08-09,7.7272727272727275,11,11
3037152,2025-08-13,11.1625,8,8
3037152,2025-08-17,11.14,5,5
3037152,2025-08-21,8.088888888888889,9,9
3037152,2025-08-25,5.184615384615385,13,13
3037152,2025-08-29,9.618181818181817,11,11
3037152,2025-09-02,4.3549999999999995,20,20
3037152,2025-09-06,2.1083333333333334,12,12
3037152,2025-09-10,8.814285714285713,21,21
3037152,2025-09-14,7.1000000000000005,12,12
3037152,2025-09-18,5.1866666666666665,15,15
3037152,2025-09-22,9.014285714285714,14,14
3037152,2025-09-26,8.561538461538461,13,13
3037152,2025-09-30,5.475,16,16
3037152,2025-10-04,13.941176470588236,17,17
3037152,2025-10-08,11.618181818181817,11,11
3037152,2025-10-12,16.818181818181817,22,22
3037152,2025-10-16,22.755555555555553,18,18
3037152,2025-10-20,22.425,12,12
3037152,2025-10-24,4.091666666666667,12,12
3037152,2025-10-28,8.641666666666667,12,12
3037152,2025-11-01,12.725,16,16
3037152,2025-11-05,21.12142857142857,14,14
3037152,2025-11-09,41.175000000000004,12,12
3037152,2025-11-13,31.553846153846152,13,13
3037152,2025-11-17,7.031578947368421,19,19
3037152,2025-11-21,7.423076923076923,13,13
3037152,2025-11-25,18.773333333333333,15,15
3037152,2025-11-29,50.54,15,15
3037152,2025-12-03,42.68125,16,16
3037152,2025-12-07,29.125,12,12
3037152,2025-12-11,45.93076923076923,13,13
3037152,2025-12-15,24.80666666666667,15,15
3037152,2025-12-19,26.9,14,14
3037152,2025-12-23,40.5,9,9
3037152,2025-12-27,24.055555555555557,9,9
3037152,2025-12-31,60.871428571428574,14,14
3323644,2025-01-01,6.432274284746705,24,24
3323644,2025-01-05,3.8064344908409673,23,23
3323644,2025-01-09,12.429036183579676,23,23
3323644,2025-01-13,23.958523687862215,7,7
3323644,2025-02-14,37.457024190160965,24,24
3323644,2025-02-18,36.43810417254766,24,24
3323644,2025-02-22,14.293442677292559,24,24
3323644,2025-02-26,15.377885439665988,24,24
3323644,2025-03-02,27.418782929579418,24,24
3323644,2025-03-06,19.24123267415497,24,24
3323644,2025-03-10,41.501237750053406,24,24
3323644,2025-03-14,8.094692709597036,24,24
3323644,2025-03-18,2.7596822878242366,24,24
3323644,2025-03-22,18.1471857610676,24,24
3323644,2025-03-26,9.305083324606704,24,24
3323644,2025-03-30,6.337269309854162,23,23
3323644,2025-04-03,18.362118092676003,24,24
3323644,2025-04-07,0.2633549575352891,24,24
3323644,2025-04-11,18.79446256671633,20,20
3323644,2025-04-15,6.955703128827736,24,24
3323644,2025-04-19,10.987835061632923,24,24
3323644,2025-04-23,5.797743059862923,24,24
3323644,2025-04-27,1.5017763574189047,24,24
3323644,2025-05-01,4.5327413093505635,24,24
3323644,2025-05-05,0.3640659731398854,24,24
3323644,2025-05-09,0.49422627467558616,24,24
3323644,2025-05-13,2.7078923591826527,24,24
3323644,2025-05-17,6.933602460672976,24,24
3323644,2025-05-21,3.82275173957977,24,24
3323644,2025-05-25,2.7891718744584875,24,24
3323644,2025-05-29,1.771980901222883,24,24
3323644,2025-06-02,3.4199280184552525,11,11
3323644,2025-06-06,0.1497604197744901,24,24
3323644,2025-06-10,23.477074556285515,24,24
3323644,2025-06-14,20.416510396533543,24,24
3323644,2025-06-18,11.961569438378016,24,24
3323644,2025-06-22,11.425980054813882,23,23
3323644,2025-06-26,2.8168038164731115,24,24
3323644,2025-06-30,1.2393038145706263,24,24
3323644,2025-07-04,0.554125001343588,24,24
3323644,2025-07-08,1.8653993044152026,24,24
3323644,2025-07-12,1.824927083785749,24,24
3323644,2025-07-16,2.2238626887908937,24,24
3323644,2025-07-20,3.280769089314466,24,24
3323644,2025-07-24,4.42829515102009,24,24
3323644,2025-07-28,2.6308981474747672,24,24
3323644,2025-08-01,8.14684260936661,24,24
3323644,2025-08-05,0.5467829848639667,24,24
3323644,2025-08-09,10.772652792433897,24,24
3323644,2025-08-13,22.067319452762604,24,24
3323644,2025-08-17,0.15194791728734142,24,24
3323644,2025-08-21,1.096105893013171,24,24
3323644,2025-08-25,0.24290972257343432,24,24
3323644,2025-08-29,1.1282789360007477,24,24
3323644,2025-09-02,0.16928761649048993,24,24
3323644,2025-09-06,1.789045142320295,24,24
3323644,2025-09-10,7.681314255757671,24,24
3323644,2025-09-14,0.021184027802923486,24,24
3323644,2025-09-18,1.945383680350561,24,24
3323644,2025-09-22,0.02103993037922515,24,24
3323644,2025-09-26,7.838128474603097,24,24
3323644,2025-09-30,27.429780622778832,23,23
3323644,2025-10-04,1.372724638917092,23,23
3323644,2025-10-08,10.14920312596692,24,24
3323644,2025-10-12,12.885470483286513,24,24
3323644,2025-10-16,6.224005207165869,24,24
3323644,2025-10-20,3.9644980130158096,21,21
3323644,2025-10-24,0.1431111110839993,24,24
3323644,2025-10-28,0.6530642367252666,24,24
3323644,2025-11-01,1.8194652806838147,24,24
3323644,2025-11-05,0.3935670297079977,23,23
3323644,2025-11-09,33.59989064534505,24,24
3323644,2025-11-13,1.7002826086067557,23,23
3323644,2025-11-17,4.14584848779169,22,22
3323644,2025-11-21,25.29789585140016,24,24
3323644,2025-11-25,16.543868057098653,24,24
3323644,2025-12-03,15.451501806110214,13,13
3323644,2025-12-07,0.4823142360585431,24,24
3323644,2025-12-11,1.7907326400124777,24,24
3323644,2025-12-15,7.410631943990786,24,24
3323644,2025-12-19,2.15645138816908,24,24
3323644,2025-12-23,15.948524307542376,24,24
3323644,2025-12-27,35.817052078247066,24,24
3323644,2025-12-31,29.318366344769796,24,24
3011793,2025-01-01,32.00887793302536,24,24
3011793,2025-01-05,21.696617288569733,23,23
3011793,2025-01-09,10.646244571692703,23,23
3011793,2025-01-13,22.010875043414888,7,7
3011793,2025-02-14,8.660093759083086,24,24
3011793,2025-02-18,30.985553820927937,24,24
3011793,2025-02-22,6.882578150019981,24,24
3011793,2025-02-26,2.972371523475481,24,24
3011793,2025-03-02,19.78684199684196,24,24
3011793,2025-03-06,10.116968755920729,24,24
3011793,2025-03-10,4.546328110413419,24,24
3011793,2025-03-14,13.737792714971121,17,17
3011793,2025-03-18,10.295360316439636,24,24
3011793,2025-03-22,2.9195515087081323,24,24
3011793,2025-03-26,24.348502311441635,24,24
3011793,2025-03-30,2.353021738429864,23,23
3011793,2025-04-03,4.904251747661166,24,24
3011793,2025-04-07,15.138500586152077,24,24
3011793,2025-04-11,14.738658020893732,24,24
3011793,2025-04-15,3.5724739700348844,24,24
3011793,2025-04-19,4.608291667989559,24,24
3011793,2025-04-23,3.3594149287479618,24,24
3011793,2025-04-27,8.842824666864342,24,24
3011793,2025-05-01,9.566255203551716,24,24
3011793,2025-05-05,7.91375344991684,24,24
3011793,2025-05-09,10.644158017304209,24,24
3011793,2025-05-13,6.973491311073303,24,24
3011793,2025-05-17,11.01146355436908,24,24
3011793,2025-05-21,10.40200931887434,24,24
3011793,2025-05-25,9.120881033605999,24,24
3011793,2025-05-29,5.5025642249319295,24,24
3011793,2025-06-02,3.7532196933911606,11,11
3011793,2025-06-06,5.803668395512634,24,24
3011793,2025-06-10,30.56871998972363,24,24
3011793,2025-06-14,22.847897556093002,24,24
3011793,2025-06-18,12.852357049783071,24,24
3011793,2025-06-22,16.235748232274815,23,23
3011793,2025-06-26,9.290920126769278,24,24
3011793,2025-06-30,9.853170136610666,24,24
3011793,2025-07-04,14.626322915156683,24,24
3011793,2025-07-08,3.9763836761315665,24,24
3011793,2025-07-12,11.481042815993229,24,24
3011793,2025-07-16,13.033076387312677,24,24
3011793,2025-07-20,6.805204292138417,24,24
3011793,2025-07-24,2.414093752598597,24,24
3011793,2025-07-28,5.928546864953305,24,24
3011793,2025-08-01,8.273291669785976,24,24
3011793,2025-08-05,8.795582767162058,24,24
3011793,2025-08-09,17.046368098921246,24,24
3011793,2025-08-13,19.99270310335689,24,24
3011793,2025-08-17,29.725780652629002,24,24
3011793,2025-08-21,14.741281215515402,24,24
3011793,2025-08-25,14.728303882810804,24,24
3011793,2025-08-29,2.9223958231612213,24,24
3011793,2025-09-02,1.0031932866097324,24,24
3011793,2025-09-06,4.566848948597908,24,24
3011793,2025-09-10,2.316505208145827,24,24
3011793,2025-09-14,4.010526045949923,24,24
3011793,2025-09-18,4.963470493753751,24,24
3011793,2025-09-22,0.5199502314725477,24,24
3011793,2025-09-26,5.357054977615674,24,24
3011793,2025-09-30,9.657193071725969,23,23
3011793,2025-10-04,10.995632852556337,23,23
3011793,2025-10-08,5.2947552069504225,24,24
3011793,2025-10-12,9.647583334313499,24,24
3011793,2025-10-16,20.580949655506345,24,24
3011793,2025-10-20,6.652827019464564,21,21
3011793,2025-10-24,3.006958336173557,24,24
3011793,2025-10-28,5.95053125045314,24,24
3011793,2025-11-01,9.89009722421308,24,24
3011793,2025-11-05,4.619143112716467,23,23
3011793,2025-11-09,5.732784724173446,24,24
3011793,2025-11-13,7.549421769702545,23,23
3011793,2025-11-17,5.752979166534813,22,22
3011793,2025-11-21,6.612859374450313,24,24
3011793,2025-11-25,2.6647482609583273,24,24
3011793,2025-11-29,24.483897556530106,24,24
3011793,2025-12-03,5.556086806877929,24,24
3011793,2025-12-07,10.326058712765349,24,24
3011793,2025-12-11,23.139135426945156,24,24
3011793,2025-12-15,10.823523356266294,24,24
3011793,2025-12-19,13.957631946934596,24,24
3011793,2025-12-23,23.941090277830757,24,24
3011793,2025-12-27,9.054584490273287,24,24
3011793,2025-12-31,24.888766191844585,24,24
2532110,2025-01-01,2.6079737101164127,24,24
2532110,2025-01-05,10.763271596406126,23,23
2532110,2025-01-09,23.999890032237857,23,23
2532110,2025-01-13,10.085119048754375,7,7
2532110,2025-02-14,32.8578211930063,24,24
2532110,2025-02-18,44.31757606400384,24,24
2532110,2025-02-22,4.889242298901081,24,24
2532110,2025-02-26,2.726748509953419,24,24
2532110,2025-03-02,16.207781495733393,24,24
2532110,2025-03-06,40.48075387875239,24,24
2532110,2025-03-10,45.42504037299542,24,24
2532110,2025-03-14,11.500558007508516,24,24
2532110,2025-03-18,24.128197292486828,24,24
2532110,2025-03-22,29.410999430550472,24,24
2532110,2025-03-26,15.109182781643339,24,24
2532110,2025-03-30,8.454820118088653,23,23
2532110,2025-04-03,32.254749513334694,24,24
2532110,2025-04-07,10.562511596414778,24,24
2532110,2025-04-11,34.307459051410355,24,24
2532110,2025-04-15,15.36860117647383,24,24
2532110,2025-04-19,20.71927946805954,24,24
2532110,2025-04-23,8.90852676331997,24,24
2532110,2025-04-27,8.056591016136938,24,24
2532110,2025-05-01,33.089942902326584,24,24
2532110,2025-05-05,4.570318697227372,24,24
2532110,2025-05-09,16.53822550839848,24,24
2532110,2025-05-13,22.613764961560566,24,24
2532110,2025-05-17,15.027201109462313,24,24
2532110,2025-05-21,17.32821183403333,24,24
2532110,2025-05-25,2.967813740380936,24,24
2532110,2025-05-29,2.208155583603204,24,24
2532110,2025-06-02,4.990686999426948,12,12
2532110,2025-06-06,2.7615699374841323,24,24
2532110,2025-06-10,10.78366402610037,24,24
2532110,2025-06-14,8.366381424142876,24,24
2532110,2025-06-18,8.94799109796683,24,24
2532110,2025-06-22,6.553530439950419,23,23
2532110,2025-06-26,2.5721354072706566,24,24
2532110,2025-06-30,10.465581639773315,24,24
2532110,2025-07-04,7.0978980766505835,24,24
2532110,2025-07-08,4.000179806103309,24,24
2532110,2025-07-12,7.354544872211085,24,24
2532110,2025-07-16,5.727808772689766,24,24
2532110,2025-07-20,8.183190721604559,24,24
2532110,2025-07-24,34.38878960741891,24,24
2532110,2025-07-28,5.211545129617055,24,24
2532110,2025-08-01,3.888076637354162,24,24
2532110,2025-08-05,2.6099764354940915,24,24
2532110,2025-08-13,17.353488743305206,24,24
2532110,2025-08-17,8.714426274100939,24,24
2532110,2025-08-21,4.044670131885343,24,24
2532110,2025-08-25,10.076212812629011,24,24
2532110,2025-08-29,1.6676860173336332,24,24
2532110,2025-09-02,2.1915248876644506,24,24
2532110,2025-09-06,3.011235118326214,24,24
2532110,2025-09-10,1.8808490365433197,24,24
2532110,2025-09-14,1.8947399927096233,24,24
2532110,2025-10-04,0.0,23,23
2532110,2025-10-08,0.0013020833333333333,24,24
2532110,2025-10-12,0.0,24,24
2532110,2025-10-16,0.0,24,24
2532110,2025-10-20,0.0,21,21
2532110,2025-10-24,0.0,24,24
2532110,2025-10-28,0.0,14,14
2532110,2025-11-01,0.0,24,24
2532110,2025-11-05,0.0,23,23
2532110,2025-11-09,0.0,24,24
2532110,2025-11-13,0.0,23,23
2532110,2025-11-17,0.0,22,22
2532110,2025-11-21,0.0,24,24
2532110,2025-11-25,0.0,24,24
2532110,2025-11-29,0.0,24,24
2532110,2025-12-03,0.0,24,24
2532110,2025-12-07,0.0,24,24
2532110,2025-12-11,0.0,24,24
2532110,2025-12-15,0.0,24,24
2532110,2025-12-19,0.0,24,24
2532110,2025-12-23,0.0,24,24
2532110,2025-12-27,0.0,24,24
2532110,2025-12-31,1.0944072426853901,24,24
2878674,2025-01-01,3.2128315907385616,24,24
2878674,2025-01-05,1.5799299779658516,24,24
2878674,2025-01-09,2.3670742764421133,23,23
2878674,2025-02-14,2.1511366828297724,24,24
2878674,2025-02-18,1.409862265534078,24,24
2878674,2025-02-22,5.266613995863332,24,24
2878674,2025-02-26,3.7761250051359334,24,24
2878674,2025-03-02,1.7615352957509458,24,24
2878674,2025-03-06,10.180837376250162,24,24
2878674,2025-03-10,1.048782988735992,24,24
2878674,2025-03-14,8.532420116994116,24,24
2878674,2025-03-18,2.4574982518356085,24,24
2878674,2025-03-22,3.1987077612429857,24,24
2878674,2025-03-26,5.068555870290958,24,24
2878674,2025-03-30,3.9887829923795333,24,24
2878674,2025-04-03,16.941004619312782,24,24
2878674,2025-04-07,2.554093644001775,24,24
2878674,2025-04-11,4.848449646443543,24,24
2878674,2025-04-15,13.351810747550594,24,24
2878674,2025-04-19,12.343740140398344,24,24
2878674,2025-04-23,5.011425362485978,24,24
2878674,2025-04-27,2.383593749436032,24,24
2878674,2025-05-01,4.822753485085236,24,24
2878674,2025-05-05,3.4006666652211504,24,24
2878674,2025-05-09,6.8871029968175925,24,24
2878674,2025-05-13,11.879078122476736,24,24
2878674,2025-05-17,2.9303541611362665,24,24
2878674,2025-05-21,18.807098931736416,24,24
2878674,2025-05-25,1.584767364920352,24,24
2878674,2025-05-29,5.196647561672661,24,24
2878674,2025-06-02,15.26860652146516,9,9
2878674,2025-06-06,5.150267347279522,24,24
2878674,2025-06-10,2.8749641250405045,24,24
2878674,2025-06-14,21.23504224088457,24,24
2878674,2025-06-18,3.4912447828489044,24,24
2878674,2025-06-22,12.990294673304629,23,23
2878674,2025-06-26,3.649476854389327,24,24
2878674,2025-06-30,2.845381947182533,24,24
2878674,2025-07-04,8.997410294496351,24,24
2878674,2025-07-08,6.417076378814979,24,24
2878674,2025-07-12,4.471506949100229,24,24
2878674,2025-07-16,3.714975697505805,24,24
2878674,2025-07-20,5.43333681496895,24,24
2878674,2025-07-24,2.9126822883521934,24,24
2878674,2025-07-28,1.093875005789515,24,24
2878674,2025-08-01,11.296152764724361,24,24
2878674,2025-08-05,1.0401927087223157,24,24
2878674,2025-08-09,23.059996502266987,24,24
2878674,2025-08-13,2.990517355656872,24,24
2878674,2025-08-17,3.123015628881856,24,24
2878674,2025-08-21,11.678083328737152,24,24
2878674,2025-08-25,5.7635416723787785,24,24
2878674,2025-08-29,0.9902858855720195,24,24
2878674,2025-09-02,2.3669652681176863,24,24
2878674,2025-09-06,6.396232080542379,24,24
2878674,2025-09-10,2.861559016397223,24,24
2878674,2025-09-14,2.0332453718227854,24,24
2878674,2025-09-18,2.47669618728105,24,24
2878674,2025-09-22,2.325763883715909,24,24
2878674,2025-09-26,2.7248883096294274,24,24
2878674,2025-09-30,2.0676724514406586,24,24
2878674,2025-10-04,4.155787426060525,23,23
2878674,2025-10-08,1.1196880774805322,24,24
2878674,2025-10-12,1.6568252238988255,24,24
2878674,2025-10-16,2.5908368001433297,24,24
2878674,2025-10-20,4.341441794756859,21,21
2878674,2025-10-24,1.8422800924870426,24,24
2878674,2025-10-28,1.781487845972663,24,24
2878674,2025-11-01,8.066071770119446,24,24
2878674,2025-11-05,1.312766302155628,23,23
2878674,2025-11-09,1.5848923591086297,24,24
2878674,2025-11-13,1.3984710177541644,23,23
2878674,2025-11-17,1.0693345969382937,22,22
2878674,2025-11-21,3.0150335658100196,24,24
2878674,2025-11-25,3.26136111072782,24,24
2878674,2025-11-29,2.336243056630095,24,24
2878674,2025-12-03,1.4610642376588656,24,24
2878674,2025-12-07,1.8809699043433217,24,24
2878674,2025-12-11,3.486243057416545,24,24
2878674,2025-12-15,2.930437502016624,24,24
2878674,2025-12-19,4.470731197787379,24,24
2878674,2025-12-23,2.5955486125002305,24,24
2878674,2025-12-27,2.4482013899626005,24,24
2878674,2025-12-31,2.970673913886582,23,23
3338932,2025-01-01,58.57811795340644,12,12
3338932,2025-01-05,26.75881031977797,21,21
3338932,2025-01-09,37.453355702801026,23,23
3338932,2025-01-13,49.70890288882785,6,6
3338932,2025-02-14,56.54338290956286,24,24
3338932,2025-02-18,49.673857198821175,24,24
3338932,2025-02-22,60.29533347818586,24,24
3338932,2025-02-26,79.88796901702881,24,24
3338932,2025-03-02,41.89630205763711,24,24
3338932,2025-03-06,66.55356244246165,24,24
3338932,2025-03-10,75.85612673891914,24,24
3338932,2025-03-14,10.206118038131132,24,24
3338932,2025-03-18,15.044463507003256,24,24
3338932,2025-03-22,43.16121358341641,24,24
3338932,2025-03-26,44.19637676742342,24,24
3338932,2025-03-30,40.00546007571013,23,23
3338932,2025-04-03,32.62436455488205,24,24
3338932,2025-04-07,27.794626629352567,24,24
3338932,2025-04-11,21.37101908524831,24,24
3338932,2025-04-15,23.88812150888973,24,24
3338932,2025-04-19,19.990708907859194,24,24
3338932,2025-04-23,13.361365142795774,24,24
3338932,2025-04-27,12.760101363965958,24,24
3338932,2025-05-01,21.757873753706615,24,24
3338932,2025-05-05,19.756201409631306,24,24
3338932,2025-05-09,18.08567594322893,24,24
3338932,2025-05-13,18.785546332597733,24,24
3338932,2025-05-17,12.416225142776966,24,24
3338932,2025-05-21,18.154006345404518,24,24
3338932,2025-05-25,17.184702002339893,24,24
3338932,2025-05-29,4.15198379261137,24,24
3338932,2025-06-02,19.61293605963389,10,10
3338932,2025-06-06,31.599116782347362,24,24
3338932,2025-06-10,25.806133144431644,24,24
3338932,2025-06-14,8.299485139824727,24,24
3338932,2025-06-18,16.627756956550808,24,24
3338932,2025-06-22,10.610974786623979,23,23
3338932,2025-06-26,30.40201921475054,24,24
3338932,2025-06-30,16.530825287585305,24,24
3338932,2025-07-04,14.421525456839136,24,24
3338932,2025-07-08,16.940560052129957,24,24
3338932,2025-07-12,17.916158007250893,24,24
3338932,2025-07-16,16.092487825287712,24,24
3338932,2025-07-20,19.55130907562044,24,24
3338932,2025-07-24,14.684544011122652,24,24
3338932,2025-07-28,14.127781788508097,24,24
3338932,2025-08-01,13.170298645893732,24,24
3338932,2025-08-05,18.15132295754221,24,24
3338932,2025-08-09,20.18848673833741,24,24
3338932,2025-08-13,21.580968673482086,24,24
3338932,2025-08-17,28.278152271352635,24,24
3338932,2025-08-21,24.693070580561955,24,24
3338932,2025-08-25,7.275209484001,24,24
3338932,2025-08-29,11.87124632323029,24,24
3338932,2025-09-02,26.06902437408765,24,24
3338932,2025-09-06,21.960736710164284,24,24
3338932,2025-09-10,28.782537925122966,24,24
3338932,2025-09-14,16.381075205074417,24,24
3338932,2025-09-18,11.272799167894958,24,24
3338932,2025-09-22,9.372295728988117,24,24
3338932,2025-09-26,11.252591440716275,24,24
3338932,2025-09-30,18.04693418067435,23,23
3338932,2025-10-04,42.05027833341976,23,23
3338932,2025-10-08,22.257717026494166,24,24
3338932,2025-10-12,30.56739752689997,24,24
3338932,2025-10-16,46.3578576374937,24,24
3338932,2025-10-20,38.79270437134178,21,21
3338932,2025-10-24,12.533541080159033,24,24
3338932,2025-10-28,26.22010563859199,24,24
3338932,2025-11-01,40.79068018801084,24,24
3338932,2025-11-05,59.41914941756726,23,23
3338932,2025-11-09,44.71109570533739,24,24
3338932,2025-11-13,55.14430121839387,23,23
3338932,2025-11-17,30.555923250155015,22,22
3338932,2025-11-21,41.18912764223737,24,24
3338932,2025-11-25,17.606408586877365,24,24
3338932,2025-11-29,55.63183481975838,24,24
3338932,2025-12-03,52.9703685912219,24,24
3338932,2025-12-07,67.56993321985509,24,24
3338932,2025-12-11,49.34177541198955,24,24
3338932,2025-12-15,83.5150873431453,24,24
3338932,2025-12-19,90.87557720845797,24,24
3338932,2025-12-23,58.59433300962352,24,24
3338932,2025-12-27,91.39317973603302,24,24
3338932,2025-12-31,14.846082802771932,24,24
1260488,2025-01-01,4.6116701368656425,24,24
1260488,2025-01-05,4.795952720221279,23,23
1260488,2025-01-09,0.9310447972817579,23,23
1260488,2025-01-13,11.026101135072254,7,7
1260488,2025-02-14,4.2690898758523605,17,17
1260488,2025-02-18,7.389093132783668,24,24
1260488,2025-02-22,3.6858852578308245,24,24
1260488,2025-02-26,0.15193055568832076,24,24
1260488,2025-03-02,5.977230891033455,24,24
1260488,2025-03-06,4.674939230912261,24,24
1260488,2025-03-10,0.1997690975096905,24,24
1260488,2025-03-14,3.2288443282660513,24,24
1260488,2025-03-18,21.239782999787064,24,24
1260488,2025-03-22,0.07878935204776512,24,24
1260488,2025-03-26,8.447131153083209,24,24
1260488,2025-03-30,3.800419695351435,23,23
1260488,2025-04-03,18.67770338729212,24,24
1260488,2025-04-07,0.5957857142867786,14,14
1260488,2025-04-11,1.9194670108457406,24,24
1260488,2025-04-15,0.06672569453561057,24,24
1260488,2025-04-19,0.3844004649024532,24,24
1260488,2025-04-23,0.9371710553471195,19,19
1260488,2025-04-27,1.0703094943292495,24,24
1260488,2025-05-01,6.356426914984529,24,24
1260488,2025-05-05,0.12014756909209406,24,24
1260488,2025-05-09,9.228437646847182,24,24
1260488,2025-05-13,7.150874912216696,24,24
1260488,2025-05-17,6.689773710797343,24,24
1260488,2025-05-21,10.404209121221344,24,24
1260488,2025-05-25,3.3732410068200394,24,24
1260488,2025-05-29,6.007231829338707,16,16
1260488,2025-06-02,1.4779879508883829,11,11
1260488,2025-06-06,4.884976174080312,24,24
1260488,2025-06-10,30.197734522097036,24,24
1260488,2025-06-14,10.066483490394823,24,24
1260488,2025-06-18,6.038432620089464,24,24
1260488,2025-06-22,15.829942032910775,23,23
1260488,2025-06-26,8.9024133166731,24,24
1260488,2025-06-30,6.219928823411465,24,24
1260488,2025-07-04,8.93919379888761,24,24
1260488,2025-07-08,0.30799132075885105,24,24
1260488,2025-07-12,3.2457896133865973,24,24
1260488,2025-07-16,7.034799247980118,20,20
1260488,2025-07-20,5.933374990786736,24,24
1260488,2025-07-24,1.1642351640056763,24,24
1260488,2025-07-28,0.990374210300018,24,24
1260488,2025-08-01,2.5316811871874814,24,24
1260488,2025-08-05,1.3721090581437405,24,24
1260488,2025-08-09,14.931698356915001,24,24
1260488,2025-08-13,11.730727799312033,24,24
1260488,2025-08-17,13.208582556006883,24,24
1260488,2025-08-21,4.91444964458545,24,24
1260488,2025-08-25,1.8464012013541327,24,24
1260488,2025-08-29,0.1191033773351169,24,24
1260488,2025-09-02,1.4339311321059034,24,24
1260488,2025-09-06,1.081447919869485,24,24
1260488,2025-09-10,0.7955908555951384,24,24
1260488,2025-09-14,1.2424681776125606,24,24
1260488,2025-09-18,0.3101494629065403,24,24
1260488,2025-09-22,0.004571180526788036,24,24
1260488,2025-09-26,1.346507416666965,24,24
1260488,2025-09-30,3.932748186580761,23,23
1260488,2025-10-04,0.1834909422179135,23,23
1260488,2025-10-08,0.7191021150102688,24,24
1260488,2025-10-12,4.090774307731125,24,24
1260488,2025-10-16,5.168211803481811,24,24
1260488,2025-10-20,0.2384861116016668,21,21
1260488,2025-10-24,0.03240682880946055,24,24
1260488,2025-10-28,2.519915512568938,24,24
1260488,2025-11-01,0.11064467604737728,24,24
1260488,2025-11-05,0.32224275407691794,23,23
1260488,2025-11-09,1.9325677081011234,24,24
1260488,2025-11-13,0.0006884058100589806,23,23
1260488,2025-11-17,0.05432954559836423,22,22
1260488,2025-11-21,5.565751730847276,24,24
1260488,2025-11-25,6.766972222820752,24,24
1260488,2025-11-29,12.380506941039735,24,24
1260488,2025-12-03,1.6925503424265316,24,24
1260488,2025-12-07,0.0024791666823956704,24,24
1260488,2025-12-11,1.747477429153191,24,24
1260488,2025-12-15,1.340049188359882,24,24
1260488,2025-12-19,0.10578819450974052,24,24
1260488,2025-12-23,6.924465277739283,24,24
1260488,2025-12-27,18.19515681342473,7,7
1260488,2025-12-31,11.156169014801215,18,18
281864,2025-01-01,3.622270444619799,1394,1394
281864,2025-01-05,5.401450573065903,1396,1396
281864,2025-01-09,6.014672456195738,1267,1267
281864,2025-01-13,2.4827782425941423,1195,1195
281864,2025-01-17,1.4743661446681582,1341,1341
281864,2025-01-21,8.21353571452381,1260,1260
281864,2025-01-25,5.0227210872108845,735,735
281864,2025-01-29,2.0523333333333333,15,15
281864,2025-02-02,1.3065303015454546,110,110
281864,2025-02-06,3.6694615353846154,65,65
281864,2025-02-10,3.255,4,4
281864,2025-02-14,3.7224105263157896,1425,1425
281864,2025-02-18,5.610770975056689,1323,1323
281864,2025-02-22,11.284967518568392,1411,1411
281864,2025-02-26,2.130483499846508,1303,1303
281864,2025-03-02,1.9228002842928218,1407,1407
281864,2025-03-06,4.810923076923077,1365,1365
281864,2025-03-10,1.6126568005637774,1419,1419
281864,2025-03-14,2.2064270687237024,1426,1426
281864,2025-03-18,3.768971831126761,1420,1420
281864,2025-03-22,3.0262342214586258,1426,1426
281864,2025-03-26,3.4717837078651685,1424,1424
281864,2025-03-30,1.898041085840059,1363,1363
281864,2025-04-03,7.648327501749475,1429,1429
281864,2025-04-07,3.0736068435754187,1432,1432
281864,2025-04-11,5.443949402670414,1423,1423
281864,2025-04-15,2.064490084985836,1412,1412
281864,2025-04-19,3.498701618578466,1421,1421
281864,2025-04-23,5.281696164749263,678,678
281864,2025-04-27,3.748557145714286,350,350
281864,2025-05-01,6.581058332166666,1200,1200
281864,2025-05-05,4.154703180353357,1415,1415
281864,2025-05-09,3.496838755304102,1414,1414
281864,2025-05-13,5.262385643912737,1421,1421
281864,2025-05-17,4.085131172839506,1296,1296
281864,2025-05-21,2.0838985510144927,1035,1035
281864,2025-05-25,2.414099928915663,1411,1411
281864,2025-05-29,3.451563706718147,1295,1295
281864,2025-06-02,4.377716049382716,1377,1377
281864,2025-06-06,11.470280628026412,1363,1363
281864,2025-06-10,7.1054137199434235,1414,1414
281864,2025-06-14,17.742391305272896,1081,1081
281864,2025-06-18,11.548141720896602,1383,1383
281864,2025-06-22,7.462594803370787,1424,1424
281864,2025-06-26,5.322012667135819,1421,1421
281864,2025-06-30,3.6129128205128205,975,975
281864,2025-07-04,5.070798289522451,1403,1403
281864,2025-07-08,7.18344428941836,1427,1427
281864,2025-07-12,5.5576291580325545,1413,1413
281864,2025-07-16,4.99322057815363,1419,1419
281864,2025-07-20,7.407603946652572,1419,1419
281864,2025-07-24,7.1245301542777,1426,1426
281864,2025-07-28,4.3235435861091425,1411,1411
281864,2025-08-01,4.733022678738483,1411,1411
281864,2025-08-05,4.441819775806452,1426,1426
281864,2025-08-09,12.714406779661015,1416,1416
281864,2025-08-13,6.8486336454312555,1171,1171
281864,2025-08-17,11.463447909284195,1411,1411
281864,2025-08-21,17.43490479741051,1313,1313
281864,2025-08-25,9.283989363120567,1410,1410
281864,2025-08-29,6.024565836298932,1405,1405
281864,2025-09-02,3.431242077020602,1262,1262
281864,2025-09-06,3.066343859649123,1425,1425
281864,2025-09-10,5.285848182181041,1403,1403
281864,2025-09-14,4.326827880512091,1406,1406
281864,2025-09-18,3.255757006728972,535,535
281864,2025-10-04,5.982847498014297,1259,1259
281864,2025-10-08,3.9725406935598016,1413,1413
281864,2025-10-12,3.002949260042284,1419,1419
281864,2025-10-16,4.315617543438597,1425,1425
281864,2025-10-20,4.680486725663717,904,904
281864,2025-10-24,3.7190634797021946,1276,1276
281864,2025-10-28,2.190344545129643,1427,1427
281864,2025-11-01,5.647932730926989,1219,1219
281864,2025-11-05,2.933754565522279,1369,1369
281864,2025-11-09,1.329908062234795,1414,1414
281864,2025-11-13,7.561908450704225,1420,1420
281864,2025-11-17,1.4570281690140845,1420,1420
281864,2025-11-21,1.7477348391140433,1061,1061
281864,2025-11-25,2.2196178122019634,1426,1426
281864,2025-11-29,3.632856140350877,1425,1425
281864,2025-12-03,0.8586858749121574,1423,1423
281864,2025-12-07,6.7342205023876405,1424,1424
281864,2025-12-11,10.42508833893993,1415,1415
281864,2025-12-15,5.137691588785047,1070,1070
281864,2025-12-19,5.037253867791843,1422,1422
281864,2025-12-23,1.9621400625446008,1065,1065
281864,2025-12-27,7.450775438596491,1425,1425
281864,2025-12-31,4.365113073992933,1415,1415
3038744,2025-01-01,15.52708331743876,24,24
3038744,2025-01-05,12.146100693278841,24,24
3038744,2025-01-09,21.10371558217035,23,23
3038744,2025-02-14,8.337930553489262,24,24
3038744,2025-02-18,7.5895816050469875,24,24
3038744,2025-02-22,13.89565971493721,24,24
3038744,2025-02-26,11.692513876491121,24,24
3038744,2025-03-02,11.667684621281095,24,24
3038744,2025-03-06,13.748042811398152,24,24
3038744,2025-03-10,8.01265276947783,24,24
3038744,2025-03-14,7.4271927235855,24,24
3038744,2025-03-18,15.628214677174887,24,24
3038744,2025-03-22,16.78301220263044,24,24
3038744,2025-03-26,42.19885597626368,24,24
3038744,2025-03-30,30.174736713369686,24,24
3038744,2025-04-03,5.280435759005033,24,24
3038744,2025-04-07,5.076362271896667,24,24
3038744,2025-04-11,12.867651031249098,24,24
3038744,2025-04-15,9.66227775067091,24,24
3038744,2025-04-19,13.460399336698982,24,24
3038744,2025-04-23,14.601354143685766,24,24
3038744,2025-04-27,22.94984718494945,24,24
3038744,2025-05-01,18.561923570103115,24,24
3038744,2025-05-05,16.6658177210225,24,24
3038744,2025-05-09,26.40179333753056,24,24
3038744,2025-05-13,22.946413149436314,24,24
3038744,2025-05-17,10.980500012636185,24,24
3038744,2025-05-21,20.938548588090473,24,24
3038744,2025-05-25,15.233225686682594,24,24
3038744,2025-05-29,16.69753296342161,24,24
3038744,2025-06-02,16.04963026444117,8,8
3038744,2025-06-06,16.071071145435173,24,24
3038744,2025-06-10,10.140512115425533,24,24
3038744,2025-06-14,9.239388898842865,24,24
3038744,2025-06-18,15.649677061372332,24,24
3038744,2025-06-22,21.38411047493202,23,23
3038744,2025-06-26,22.505564838647842,24,24
3038744,2025-06-30,23.308493087689083,24,24
3038744,2025-07-04,18.174489617347717,24,24
3038744,2025-07-08,14.976211812761095,24,24
3038744,2025-07-12,17.34348093221585,24,24
3038744,2025-07-16,28.590175370375317,24,24
3038744,2025-07-20,29.343024346563553,24,24
3038744,2025-07-24,29.773092077838047,24,24
3038744,2025-07-28,23.01818574799432,24,24
3038744,2025-08-01,21.085579842329025,24,24
3038744,2025-08-05,9.136553826431433,24,24
3038744,2025-08-09,31.282381898827023,24,24
3038744,2025-08-13,8.915361110534933,24,24
3038744,2025-08-17,17.94273499978913,24,24
3038744,2025-08-21,15.490519646141264,24,24
3038744,2025-08-25,18.86264759964413,24,24
3038744,2025-08-29,32.943612184789444,24,24
3038744,2025-09-02,7.623302081185911,24,24
3038744,2025-09-06,18.556996517711216,24,24
3038744,2025-09-10,22.806655661927326,24,24
3038744,2025-09-14,16.379840238226784,24,24
3038744,2025-09-18,22.841375009881123,24,24
3038744,2025-09-22,10.23345080514749,24,24
3038744,2025-09-26,41.24229163063897,24,24
3038744,2025-09-30,12.352282607267444,23,23
3038744,2025-10-04,12.985033821973248,23,23
3038744,2025-10-08,21.26313541619866,24,24
3038744,2025-10-12,25.55836459596952,24,24
3038744,2025-10-16,17.43033217787743,24,24
3038744,2025-10-20,10.367801889600864,21,21
3038744,2025-10-24,5.745707673871171,21,21
3038744,2025-10-28,28.784765606456332,24,24
3038744,2025-11-01,22.72543750239743,24,24
3038744,2025-11-05,21.958940213314,23,23
3038744,2025-11-09,28.50628472036786,24,24
3038744,2025-11-13,24.280072472060937,23,23
3038744,2025-11-17,20.42257576855746,22,22
3038744,2025-11-21,13.67253472275204,24,24
3038744,2025-11-25,8.314871530979872,24,24
3038744,2025-11-29,12.594822918044196,24,24
3038744,2025-12-03,28.11009897225433,24,24
3038744,2025-12-07,9.053680557674832,24,24
3038744,2025-12-11,25.798909699916837,24,24
3038744,2025-12-15,6.090361110524584,24,24
3038744,2025-12-19,6.48451851874038,24,24
3038744,2025-12-23,12.099076388941869,24,24
3038744,2025-12-27,8.414215274651847,24,24
3038744,2025-12-31,19.167573672907366,23,23
2907568,2025-01-01,83.39444444444445,18,18
2907568,2025-01-05,94.115,20,20
2907568,2025-01-09,80.8125,16,16
2907568,2025-01-13,13.842857142857143,14,14
2907568,2025-01-17,66.2578947368421,19,19
2907568,2025-01-21,75.46000000000001,15,15
2907568,2025-01-25,31.85,22,22
2907568,2025-01-29,27.404347826086955,23,23
2907568,2025-02-02,55.69375,16,16
2907568,2025-02-06,62.04210526315789,19,19
2907568,2025-02-10,46.71333333333334,15,15
2907568,2025-02-14,39.295833333333334,24,24
2907568,2025-02-18,36.84444444444444,18,18
2907568,2025-02-22,55.58888888888889,18,18
2907568,2025-02-26,63.485,20,20
2907568,2025-03-02,20.672222222222224,18,18
2907568,2025-03-06,49.6375,16,16
2907568,2025-03-10,29.141176470588235,17,17
2907568,2025-03-14,19.011764705882353,17,17
2907568,2025-03-18,13.052631578947368,19,19
2907568,2025-03-22,21.615000000000002,20,20
2907568,2025-03-26,24.23157894736842,19,19
2907568,2025-03-30,26.646666666666665,15,15
2907568,2025-04-03,17.016666666666666,18,18
2907568,2025-04-07,10.836842105263159,19,19
2907568,2025-04-11,18.10952380952381,21,21
2907568,2025-04-15,21.963636363636365,22,22
2907568,2025-04-19,8.866666666666667,15,15
2907568,2025-04-23,12.176190476190476,21,21
2907568,2025-04-27,11.807142857142859,14,14
2907568,2025-05-01,12.246666666666666,15,15
2907568,2025-05-05,9.261111111111111,18,18
2907568,2025-05-09,17.93,10,10
2907568,2025-05-13,9.305,20,20
2907568,2025-05-17,8.9125,16,16
2907568,2025-05-21,9.916666666666666,12,12
2907568,2025-05-25,4.785714285714286,14,14
2907568,2025-05-29,2.3874999999999997,16,16
2907568,2025-06-02,7.857142857142857,14,14
2907568,2025-06-06,8.700000000000001,11,11
2907568,2025-06-10,31.5,12,12
2907568,2025-06-14,10.791666666666666,12,12
2907568,2025-06-18,16.759999999999998,10,10
2907568,2025-06-22,9.891666666666667,24,24
2907568,2025-06-26,16.407142857142855,14,14
2907568,2025-06-30,4.6923076923076925,13,13
2907568,2025-07-04,8.0,13,13
2907568,2025-07-08,4.7625,8,8
2907568,2025-07-12,8.414285714285715,14,14
2907568,2025-07-16,13.866666666666667,15,15
2907568,2025-07-20,7.327272727272727,11,11
2907568,2025-07-24,7.522222222222222,9,9
2907568,2025-07-28,8.18,10,10
2907568,2025-08-01,9.209090909090909,11,11
2907568,2025-08-05,3.5818181818181816,11,11
2907568,2025-08-09,7.090909090909091,11,11
2907568,2025-08-13,10.977777777777778,9,9
2907568,2025-08-17,11.975,4,4
2907568,2025-08-21,11.355555555555556,9,9
2907568,2025-08-25,4.364285714285715,14,14
2907568,2025-08-29,10.172727272727274,11,11
2907568,2025-09-02,3.136842105263158,19,19
2907568,2025-09-06,6.241666666666667,12,12
2907568,2025-09-10,404.42857142857144,14,20
2907568,2025-09-14,8.533333333333333,12,12
2907568,2025-09-18,5.266666666666667,15,15
2907568,2025-09-22,7.1,15,15
2907568,2025-09-26,12.776923076923076,13,13
2907568,2025-09-30,11.675,16,16
2907568,2025-10-04,23.59375,16,16
2907568,2025-10-08,5.8100000000000005,10,10
2907568,2025-10-12,9.709090909090909,22,22
2907568,2025-10-16,27.158823529411762,17,17
2907568,2025-10-20,31.015384615384615,13,13
2907568,2025-10-24,9.258333333333333,12,12
2907568,2025-10-28,21.925,12,12
2907568,2025-11-01,32.6,15,15
2907568,2025-11-05,24.66153846153846,13,13
2907568,2025-11-09,48.71818181818182,11,11
2907568,2025-11-13,61.15714285714286,14,14
2907568,2025-11-17,21.763157894736842,19,19
2907568,2025-11-21,11.716666666666667,12,12
2907568,2025-11-25,21.653333333333332,15,15
2907568,2025-11-29,38.873333333333335,15,15
2907568,2025-12-03,60.93125,16,16
2907568,2025-12-07,25.474999999999998,12,12
2907568,2025-12-11,46.70769230769231,13,13
2907568,2025-12-15,94.60714285714286,14,14
2907568,2025-12-19,91.88571428571429,14,14
2907568,2025-12-23,94.4625,8,8
2907568,2025-12-27,34.7125,8,8
2907568,2025-12-31,24.053846153846152,13,13
2879671,2025-01-01,30.97041788034969,24,24
2879671,2025-01-05,8.630384019265572,24,24
2879671,2025-01-09,7.6921238717825515,23,23
2879671,2025-02-14,18.20241238011254,24,24
2879671,2025-02-18,14.28955021376411,24,24
2879671,2025-02-22,14.312689188905436,24,24
2879671,2025-02-26,17.399882165922058,24,24
2879671,2025-03-02,9.901264085786211,24,24
2879671,2025-03-06,13.809135249919363,24,24
2879671,2025-03-10,11.631020609703329,24,24
2879671,2025-03-14,25.664583305517834,24,24
2879671,2025-03-18,15.168144400748941,24,24
2879671,2025-03-22,23.655704385704464,24,24
2879671,2025-03-26,16.41264263374938,24,24
2879671,2025-03-30,10.078472240103617,24,24
2879671,2025-04-03,20.593694148792164,24,24
2879671,2025-04-07,20.067668232652874,24,24
2879671,2025-04-11,21.809359677135944,24,24
2879671,2025-04-15,24.698897931310867,24,24
2879671,2025-04-19,16.476509748534724,24,24
2879671,2025-04-23,25.695544449578634,24,24
2879671,2025-04-27,10.52296939728752,24,24
2879671,2025-05-01,16.98664927834438,24,24
2879671,2025-05-05,26.102833155128693,24,24
2879671,2025-05-09,19.61398556166225,24,24
2879671,2025-05-13,19.7616989115874,24,24
2879671,2025-05-17,11.70197589447101,24,24
2879671,2025-05-21,20.18488010019064,24,24
2879671,2025-05-25,6.708122499701049,24,24
2879671,2025-05-29,19.44062916417089,24,24
2879671,2025-06-02,10.794549810389677,8,8
2879671,2025-06-06,30.749985553324223,24,24
2879671,2025-06-10,7.401826622999376,24,24
2879671,2025-06-14,25.447521915038426,24,24
2879671,2025-06-18,18.905594038673573,24,24
2879671,2025-06-22,9.820166917868715,23,23
2879671,2025-06-26,17.9554699766967,24,24
2879671,2025-06-30,18.387462846831315,24,24
2879671,2025-07-04,8.779879711568356,24,24
2879671,2025-07-08,18.232755707971975,22,22
2879671,2025-07-12,6.825993644982053,19,19
2879671,2025-07-16,23.06904148103462,24,24
2879671,2025-07-20,20.35911458399561,24,24
2879671,2025-07-24,20.760607083638508,24,24
2879671,2025-07-28,17.576005263461006,24,24
2879671,2025-08-01,19.444475430581303,24,24
2879671,2025-08-05,43.30872809224658,24,24
2879671,2025-08-09,20.39367556737529,24,24
2879671,2025-08-13,15.73843832189838,24,24
2879671,2025-08-17,53.39550160368284,24,24
2879671,2025-08-21,14.89731115847826,24,24
2879671,2025-08-25,20.446711734765106,24,24
2879671,2025-08-29,5.609700325876474,24,24
2879671,2025-09-02,7.0559820747567406,22,22
2879671,2025-09-06,22.930446998940575,16,16
2879671,2025-09-10,11.503469116985798,16,16
2879671,2025-09-14,22.395884197619225,24,24
2879671,2025-09-18,7.066537704732682,24,24
2879671,2025-09-22,5.348450488706549,21,21
2879671,2025-09-26,5.939338214709067,24,24
2879671,2025-09-30,18.65378960822257,18,18
2879671,2025-10-04,23.959050662255105,23,23
2879671,2025-10-08,11.957715366971952,24,24
2879671,2025-10-12,16.554427094846254,16,16
2879671,2025-10-16,5.272599201015733,18,18
2879671,2025-10-20,28.401450578411065,19,19
2879671,2025-10-24,13.963244643448098,23,23
2879671,2025-10-28,23.581980199795566,23,23
2879671,2025-11-01,10.442049432703586,24,24
2879671,2025-11-05,11.89389135425574,20,20
2879671,2025-11-09,10.593650792395232,24,24
2879671,2025-11-13,27.365782422411435,23,23
2879671,2025-11-17,13.081280435072133,22,22
2879671,2025-11-21,12.890152115606403,24,24
2879671,2025-11-25,4.3627686861977315,24,24
2879671,2025-11-29,24.29120782390237,24,24
2879671,2025-12-03,24.217790576844006,24,24
2879671,2025-12-07,13.595429430348984,14,14
2879671,2025-12-11,10.344459180929888,12,12
2879671,2025-12-19,13.261773430424995,24,24
2879671,2025-12-27,3.654831350616046,3,3
2879671,2025-12-31,28.532210497113013,11,11
4565934,2025-06-02,0.535890624159947,8,8
4565934,2025-06-06,30.70231129725774,24,24
4565934,2025-06-10,2.7602934058652155,24,24
4565934,2025-06-14,20.965102397733265,24,24
4565934,2025-06-18,16.843689228925438,24,24
4565934,2025-06-22,18.44432065970656,23,23
4565934,2025-06-26,6.951174173581724,24,24
4565934,2025-06-30,17.54027950929271,24,24
4565934,2025-07-04,4.763708319308029,24,24
4565934,2025-07-08,4.045802666081323,24,24
4565934,2025-07-12,6.0225833314988355,24,24
4565934,2025-07-16,2.2152939815488124,24,24
4565934,2025-07-20,9.452272575762537,24,24
4565934,2025-07-24,3.5134039454989963,24,24
4565934,2025-07-28,13.46284686232155,24,24
4565934,2025-08-01,15.539104749759039,24,24
4565934,2025-08-05,31.78588895334138,24,24
4565934,2025-08-09,21.97741320418815,24,24
4565934,2025-08-13,32.09467420809799,24,24
4565934,2025-08-17,18.709251676246318,24,24
4565934,2025-08-21,14.334677070767308,24,24
4565934,2025-08-25,20.341718771132744,24,24
4565934,2025-08-29,33.73565331598123,24,24
4565934,2025-09-02,16.490436329286442,24,24
4565934,2025-09-06,20.898485465078718,24,24
4565934,2025-09-10,22.985300968504614,24,24
4565934,2025-09-14,21.228860620887847,24,24
4565934,2025-09-18,29.723293348996325,24,24
4565934,2025-09-22,1.2448865752925888,24,24
4565934,2025-09-26,17.026444438130905,24,24
4565934,2025-09-30,34.238289104892225,23,23
4565934,2025-10-04,28.825259547734607,23,23
4565934,2025-10-08,32.10353417727682,24,24
4565934,2025-10-12,26.183232629247424,24,24
4565934,2025-10-16,22.213612266447118,24,24
4565934,2025-10-20,18.904740506898705,21,21
4565934,2025-10-24,17.260461225497743,24,24
4565934,2025-10-28,30.243473982700593,24,24
4565934,2025-11-01,16.980129626990916,24,24
4565934,2025-11-05,9.51072162374131,23,23
4565934,2025-11-09,13.552450143541163,24,24
4565934,2025-11-13,35.16149645128112,23,23
4565934,2025-11-17,15.580496214555971,22,22
4565934,2025-11-21,11.853971668949384,24,24
4565934,2025-11-25,10.039216677037377,20,20
4565934,2025-11-29,30.13511805502284,24,24
4565934,2025-12-03,25.27817244254984,24,24
4565934,2025-12-07,13.66278354997781,24,24
4565934,2025-12-11,14.134617936556488,24,24
4565934,2025-12-15,46.07521579629846,24,24
4565934,2025-12-19,27.215256907852986,24,24
4565934,2025-12-23,14.737773123386972,24,24
4565934,2025-12-27,27.496723428230595,24,24
4565934,2025-12-31,38.068159346649615,23,23
2851582,2025-01-05,43.998669424116244,23,23
2851582,2025-01-09,31.425681519853896,23,23
2851582,2025-01-13,12.38972504366012,7,7
2851582,2025-05-25,13.497370996408991,24,24
2851582,2025-05-29,15.745787314661369,24,24
2851582,2025-06-02,24.22100692987442,12,12
2851582,2025-06-06,15.595629998931178,24,24
2851582,2025-06-10,30.769872766953924,18,18
2851582,2025-06-14,17.33136784500546,24,24
2851582,2025-06-18,13.060604371130466,24,24
2851582,2025-06-22,18.780877291292384,23,23
2851582,2025-06-26,13.650791590412458,24,24
2851582,2025-06-30,19.480357103877598,24,24
2851582,2025-07-04,19.71581311027209,24,24
2851582,2025-07-08,26.465077194902634,24,24
2851582,2025-07-12,10.315068198574915,24,24
2851582,2025-07-16,13.642491319113306,24,24
2851582,2025-07-20,12.906423623363176,24,24
2851582,2025-07-24,13.887551685174307,24,24
2851582,2025-07-28,22.997891877492272,20,20
2851582,2025-08-01,27.320149078242707,24,24
2851582,2025-08-05,29.223486246183665,24,24
2851582,2025-08-09,14.363223776221275,24,24
2851582,2025-08-13,19.749760266807346,24,24
2851582,2025-08-17,12.106534771395452,24,24
2851582,2025-08-21,14.771647651162413,24,24
2851582,2025-08-25,23.176794842878977,24,24
2851582,2025-09-06,18.5776756997165,23,23
2851582,2025-09-10,6.143894664943218,24,24
2851582,2025-09-18,16.574171607693035,24,24
2851582,2025-09-22,17.060810360101737,24,24
2851582,2025-09-26,18.460110952911588,19,19
2851582,2025-09-30,16.875115308980043,23,23
2851582,2025-10-04,23.553655098869193,23,23
2851582,2025-10-08,18.15451391104845,24,24
2851582,2025-10-12,23.337702547668147,24,24
2851582,2025-10-16,31.19232804314406,24,24
2851582,2025-10-20,33.289110707643225,21,21
2851582,2025-10-24,25.48608423461201,24,24
2851582,2025-10-28,25.38111204171787,24,24
2851582,2025-11-01,35.38073577565097,24,24
2851582,2025-11-05,24.206933658624042,23,23
2851582,2025-11-09,15.929432058279161,24,24
2851582,2025-11-13,17.96832392231734,23,23
2851582,2025-11-17,21.310765258127134,22,22
2851582,2025-11-21,19.066493478580995,24,24
2851582,2025-11-25,44.96191823788564,9,9
2851582,2025-12-03,16.274004859872928,8,8
2851582,2025-12-11,20.53391201787495,24,24
2851582,2025-12-15,33.93443905467552,24,24
2851582,2025-12-19,50.996746070202065,15,15
2851582,2025-12-23,38.98745659705666,24,24
2851582,2025-12-31,48.37720940262079,24,24
3400911,2025-02-14,30.56146815419197,24,24
3400911,2025-02-18,37.352026058567894,24,24
3400911,2025-02-22,9.08751751643698,19,19
3400911,2025-02-26,29.40793655008551,24,24
3400911,2025-03-02,6.414076372153229,24,24
3400911,2025-03-06,27.95226913659523,24,24
3400911,2025-03-10,11.765543416349423,24,24
3400911,2025-03-14,12.7076741721895,24,24
3400911,2025-03-18,15.6104132309556,24,24
3400911,2025-03-22,10.903774311455587,24,24
3400911,2025-03-26,33.94828443966731,24,24
3400911,2025-03-30,8.882631643958714,23,23
3400911,2025-04-03,11.164899333897564,24,24
3400911,2025-04-07,17.38461031855414,24,24
3400911,2025-04-11,37.635187493430244,24,24
3400911,2025-04-15,5.372759856490625,24,24
3400911,2025-04-19,5.778585061430931,24,24
3400911,2025-04-23,20.228972252872257,24,24
3400911,2025-04-27,9.067157965153456,24,24
3400911,2025-05-01,13.007170156472258,24,24
3400911,2025-05-05,18.531548579533894,24,24
3400911,2025-05-09,13.654642361733648,24,24
3400911,2025-05-13,10.073730914129152,24,24
3400911,2025-05-17,19.338161442014904,24,24
3400911,2025-05-21,18.361366285218132,24,24
3400911,2025-05-25,16.345256937046845,24,24
3400911,2025-05-29,28.048429712502642,24,24
3400911,2025-06-02,15.903694450855255,12,12
3400911,2025-06-06,6.365541665090455,24,24
3400911,2025-06-10,32.48933153682285,24,24
3400911,2025-06-14,17.748637167943848,24,24
3400911,2025-06-18,32.53695145580504,24,24
3400911,2025-06-22,13.005186111873632,23,23
3400911,2025-06-26,5.034871523889403,24,24
3400911,2025-06-30,25.922241353326374,24,24
3400911,2025-07-04,20.577984965509838,24,24
3400911,2025-07-08,5.747439800037278,24,24
3400911,2025-07-12,11.754746528135406,24,24
3400911,2025-07-16,27.86551211608781,24,24
3400911,2025-07-20,5.29780727940508,24,24
3400911,2025-07-24,12.194102427197826,24,24
3400911,2025-07-28,36.01436288075315,24,24
3400911,2025-08-01,44.6103453569942,24,24
3400911,2025-08-05,49.23975874980291,24,24
3400911,2025-08-09,34.01765973700417,24,24
3400911,2025-08-13,23.746668428182602,24,24
3400911,2025-08-17,22.927064289649326,24,24
3400911,2025-08-21,19.213409701983135,24,24
3400911,2025-08-25,23.892215314838623,24,24
3400911,2025-08-29,6.7689589303400775,24,24
3400911,2025-09-02,6.450311345358689,24,24
3400911,2025-09-06,17.217399014517515,24,24
3400911,2025-09-10,5.912628470713066,24,24
3400911,2025-09-14,6.877352447145515,24,24
3400911,2025-09-18,31.59613534145885,24,24
3400911,2025-09-22,4.76608159341332,24,24
3400911,2025-09-26,17.98075868719154,24,24
3400911,2025-09-30,14.699078880820194,23,23
3400911,2025-10-04,13.595628621008085,23,23
3400911,2025-10-08,22.688223384155165,24,24
3400911,2025-10-12,17.162222054691025,24,24
3400911,2025-10-16,55.446137142512534,24,24
3400911,2025-10-20,4.676875361334667,21,21
3400911,2025-10-24,22.87990451190207,24,24
3400911,2025-10-28,31.998685768577786,24,24
3400911,2025-11-01,10.441156253780031,24,24
3400911,2025-11-05,4.865882247556811,23,23
3400911,2025-11-09,31.61150348981222,24,24
3400911,2025-11-13,1.8161534938269217,23,23
3400911,2025-11-17,21.81626514133179,22,22
3400911,2025-11-21,47.28858329918649,24,24
3400911,2025-11-25,30.270713552873996,24,24
3400911,2025-11-29,71.72455906801754,24,24
3400911,2025-12-03,31.225637168354456,24,24
3400911,2025-12-07,8.024789984436449,24,24
3400911,2025-12-11,39.90886112716463,24,24
3400911,2025-12-15,32.26879685024421,24,24
3400911,2025-12-19,17.21171873729262,24,24
3400911,2025-12-23,24.904369801862373,24,24
3400911,2025-12-27,63.806124969323484,24,24
3400911,2025-12-31,98.82850165632034,24,24
3363171,2025-01-13,7.4576666582198365,7,7
3363171,2025-02-14,34.50931597418255,24,24
3363171,2025-02-18,38.02836989031898,24,24
3363171,2025-02-22,52.644602404700386,24,24
3363171,2025-02-26,22.0735833303382,24,24
3363171,2025-03-02,10.795743063920073,24,24
3363171,2025-03-06,36.37712677982118,24,24
3363171,2025-03-10,29.307250023250365,24,24
3363171,2025-03-14,19.52789242275887,24,24
3363171,2025-03-18,5.40761573943827,24,24
3363171,2025-03-22,35.40063024891747,24,24
3363171,2025-03-26,26.814696075187786,24,24
3363171,2025-03-30,33.811603216157444,23,23
3363171,2025-04-03,16.917961789502037,24,24
3363171,2025-04-07,4.652101867314842,24,24
3363171,2025-04-11,12.487692734019625,24,24
3363171,2025-04-15,6.876039353509744,24,24
3363171,2025-04-19,11.494383696880606,24,24
3363171,2025-04-23,9.064604159858492,24,24
3363171,2025-04-27,13.481500004728636,24,24
3363171,2025-05-01,11.801121532917023,24,24
3363171,2025-05-05,10.4225868102577,24,24
3363171,2025-05-09,10.034041644798384,24,24
3363171,2025-05-13,10.946164924237463,24,24
3363171,2025-05-17,8.668517361912462,24,24
3363171,2025-05-21,11.86511460940043,24,24
3363171,2025-05-25,8.698713519506985,24,24
3363171,2025-05-29,3.1406535654883796,24,24
3363171,2025-06-02,11.972390171253322,11,11
3363171,2025-06-06,8.524015630284945,24,24
3363171,2025-06-10,27.744331687688828,24,24
3363171,2025-06-14,9.046534717082977,24,24
3363171,2025-06-18,17.289378507269753,24,24
3363171,2025-06-22,10.990117776221124,23,23
3363171,2025-06-26,12.095423620608118,24,24
3363171,2025-06-30,8.68666144212087,24,24
3363171,2025-07-04,16.317119787136715,24,24
3363171,2025-07-08,3.698711800699433,24,24
3363171,2025-07-12,6.7318472357259855,24,24
3363171,2025-07-16,13.099149282607767,24,24
3363171,2025-07-20,11.88727950056394,24,24
3363171,2025-07-24,7.70584374666214,24,24
3363171,2025-07-28,9.673979151580069,24,24
3363171,2025-08-01,5.41440103492803,24,24
3363171,2025-08-05,8.679804417822096,24,24
3363171,2025-08-09,16.879357682334053,24,24
3363171,2025-08-13,25.766578167676926,24,24
3363171,2025-08-17,20.965837352805668,24,24
3363171,2025-08-21,18.09481653239992,24,24
3363171,2025-08-25,6.018538773059845,24,24
3363171,2025-08-29,19.700611092978054,24,24
3363171,2025-09-02,11.857578427954152,24,24
3363171,2025-09-06,13.16476908988423,24,24
3363171,2025-09-10,23.2196974561672,24,24
3363171,2025-09-14,8.68144384585321,24,24
3363171,2025-09-18,12.205201982624002,24,24
3363171,2025-09-22,21.39458862443765,24,24
3363171,2025-09-26,14.366159720884427,24,24
3363171,2025-09-30,10.982502568106302,23,23
3363171,2025-10-04,17.79389311260935,23,23
3363171,2025-10-08,11.246875001986822,24,24
3363171,2025-10-12,11.240894096427494,24,24
3363171,2025-10-16,7.5873142354190355,24,24
3363171,2025-10-20,19.75090755645675,21,21
3363171,2025-10-24,6.770034729182306,24,24
3363171,2025-10-28,8.779113441721226,24,24
3363171,2025-11-01,25.755358207888076,24,24
3363171,2025-11-05,28.25997646856999,23,23
3363171,2025-11-09,28.968111101786295,24,24
3363171,2025-11-13,22.113269429715725,23,23
3363171,2025-11-17,13.439458328135538,22,22
3363171,2025-11-21,16.221006955040824,24,24
3363171,2025-11-25,32.37365303737146,24,24
3363171,2025-11-29,17.95076389842563,24,24
3363171,2025-12-03,29.78846524821387,24,24
3363171,2025-12-07,12.612681029131165,24,24
3363171,2025-12-11,16.385368049807017,24,24
3363171,2025-12-15,15.85600694682863,24,24
3363171,2025-12-19,15.383458336194357,24,24
3363171,2025-12-23,15.471232069973594,24,24
3363171,2025-12-27,15.945074066050624,24,24
3363171,2025-12-31,8.747902775421325,24,24
3326722,2025-01-01,20.136255942307976,24,24
3326722,2025-01-05,1.147609952927774,24,24
3326722,2025-01-09,2.6643405880617057,23,23
3326722,2025-01-13,5.877614612380663,4,4
3326722,2025-02-14,4.251924761881431,24,24
3326722,2025-02-18,2.469169832032287,24,24
3326722,2025-02-22,2.6405468706248536,24,24
3326722,2025-02-26,2.720779505907558,24,24
3326722,2025-03-02,5.809407988252739,24,24
3326722,2025-03-06,3.054578127132522,24,24
3326722,2025-03-10,4.620439226842589,24,24
3326722,2025-03-14,4.166154522034857,24,24
3326722,2025-03-18,5.719717020531082,24,24
3326722,2025-03-22,4.752163192464246,24,24
3326722,2025-03-26,2.6794843782360354,24,24
3326722,2025-03-30,1.8764502354380157,24,24
3326722,2025-04-03,3.7465017402751575,24,24
3326722,2025-04-07,5.196036333653304,24,24
3326722,2025-04-11,2.823538195238345,24,24
3326722,2025-04-15,2.360534727211214,24,24
3326722,2025-04-19,2.215067132104499,24,24
3326722,2025-04-23,1.878460066858679,24,24
3326722,2025-04-27,0.822259788158011,24,24
3326722,2025-05-01,2.2595225686414375,24,24
3326722,2025-05-05,5.031399305495951,24,24
3326722,2025-05-09,2.069663195922557,24,24
3326722,2025-05-13,2.3668038164161973,24,24
3326722,2025-05-17,2.0092083347392165,24,24
3326722,2025-05-21,1.8800364533542757,24,24
3326722,2025-05-25,2.889904508832842,24,24
3326722,2025-05-29,1.0712730440750924,24,24
3326722,2025-06-02,0.82183796050096,9,9
3326722,2025-06-06,1.6376197933633294,24,24
3326722,2025-06-10,2.294835547853092,24,24
3326722,2025-06-14,2.3572760443720555,24,24
3326722,2025-06-18,1.1416145911466125,24,24
3326722,2025-06-22,15.742376880639274,23,23
3326722,2025-06-26,1.1037933997577056,24,24
3326722,2025-06-30,1.68422396067116,24,24
3326722,2025-07-04,0.8455677122757254,24,24
3326722,2025-07-08,2.6836718750807145,24,24
3326722,2025-07-12,2.8817853004568152,24,24
3326722,2025-07-16,3.2523958316176302,24,24
3326722,2025-07-20,1.2209479182751644,24,24
3326722,2025-07-24,1.662300345280932,24,24
3326722,2025-07-28,3.988944433357877,24,24
3326722,2025-08-01,1.5110121564680918,24,24
3326722,2025-08-05,1.9102742968437572,24,24
3326722,2025-08-09,1.5190052070344489,24,24
3326722,2025-08-13,1.55269271062894,24,24
3326722,2025-08-17,3.8966579813924103,24,24
3326722,2025-08-21,5.298868048108287,24,24
3326722,2025-08-25,12.107109349220991,24,24
3326722,2025-08-29,11.679604733983675,24,24
3326722,2025-09-02,3.485950228033794,24,24
3326722,2025-09-06,5.531166669395234,24,24
3326722,2025-09-10,4.428824452614342,24,24
3326722,2025-09-14,2.4603732641941556,24,24
3326722,2025-09-18,6.155603546084779,24,24
3326722,2025-09-22,2.350603580267893,24,24
3326722,2025-09-26,5.5873425954090505,24,24
3326722,2025-09-30,3.1020670305901534,23,23
3326722,2025-10-04,3.0972626805044534,23,23
3326722,2025-10-08,2.2786902361877908,24,24
3326722,2025-10-12,3.513407986870691,24,24
3326722,2025-10-16,2.317034723582091,24,24
3326722,2025-10-20,2.954085318173832,21,21
3326722,2025-10-24,2.8776296311196075,24,24
3326722,2025-10-28,3.781944445817283,24,24
3326722,2025-11-01,1.5591956027050469,24,24
3326722,2025-11-05,4.321072462703222,23,23
3326722,2025-11-09,4.339839121444082,24,24
3326722,2025-11-13,3.4975873399502975,23,23
3326722,2025-11-17,6.326681475245536,22,22
3326722,2025-11-21,3.7407777786332495,24,24
3326722,2025-11-25,7.666890623513609,24,24
3326722,2025-11-29,5.772121532188936,24,24
3326722,2025-12-03,3.347599537453304,24,24
3326722,2025-12-07,2.7674953684555708,24,24
3326722,2025-12-11,4.677828126051463,24,24
3326722,2025-12-15,3.0728219181264715,24,24
3326722,2025-12-19,3.0431238438416686,24,24
3326722,2025-12-23,2.1342245393380934,24,24
3326722,2025-12-27,2.1994565967479027,24,24
3326722,2025-12-31,8.614902772619905,24,24
3400897,2025-02-14,8.827498248804153,24,24
3400897,2025-02-18,7.924788187413166,24,24
3400897,2025-02-26,71.97380720244514,24,24
3400897,2025-03-02,15.083076425517598,24,24
3400897,2025-03-06,21.900774299270577,24,24
3400897,2025-03-10,68.63226723008685,24,24
3400897,2025-03-14,17.858604255365208,24,24
3400897,2025-03-18,4.446956588990159,24,24
3400897,2025-03-22,12.87663543322641,24,24
3400897,2025-03-26,33.233795108894505,24,24
3400897,2025-03-30,29.21283873267796,23,23
3400897,2025-04-03,1.4246238485082154,24,24
3400897,2025-04-07,4.183467348816457,24,24
3400897,2025-04-11,1.6462204854728446,24,24
3400897,2025-04-15,17.98446946806378,24,24
3400897,2025-04-19,19.470771396713747,24,24
3400897,2025-04-23,5.249024653460624,24,24
3400897,2025-04-27,3.814719063820167,24,24
3400897,2025-05-01,6.519241318882753,24,24
3400897,2025-05-05,0.5813680600064496,24,24
3400897,2025-05-09,9.531279974046747,24,24
3400897,2025-05-13,2.5971788328347936,24,24
3400897,2025-05-17,3.5744427093175344,24,24
3400897,2025-05-21,1.3305138993697863,24,24
3400897,2025-05-25,5.87772223183937,24,24
3400897,2025-05-29,13.765927422870504,24,24
3400897,2025-06-02,6.323874993125598,10,10
3400897,2025-06-06,14.6530399043113,24,24
3400897,2025-06-10,6.482237876923237,24,24
3400897,2025-06-14,0.9197152729223793,24,24
3400897,2025-06-18,11.580357632703253,24,24
3400897,2025-06-22,3.011269918062549,23,23
3400897,2025-06-26,2.1529945237126973,24,24
3400897,2025-06-30,0.08346354156836039,24,24
3400897,2025-07-04,0.2671666671263261,24,24
3400897,2025-07-08,11.346465309564438,24,24
3400897,2025-07-12,4.397008671308868,24,24
3400897,2025-07-16,9.25004514472352,24,24
3400897,2025-07-20,17.201184569133652,24,24
3400897,2025-07-24,9.836319444908037,24,24
3400897,2025-07-28,16.61512851052814,24,24
3400897,2025-08-01,1.920593751542684,24,24
3400897,2025-08-05,3.1674722190687636,24,24
3400897,2025-08-09,9.241383681694666,24,24
3400897,2025-11-09,25.562999998198617,24,24
3400897,2025-11-13,27.263591760598516,23,23
3400897,2025-11-17,19.49454797508214,22,22
3400897,2025-11-21,16.771895808167756,24,24
3400897,2025-11-25,40.51526212427351,24,24
3400897,2025-11-29,39.34848962095049,24,24
3400897,2025-12-03,6.743561345428504,24,24
3400897,2025-12-07,30.396602584225963,24,24
3400897,2025-12-11,1.6940457187868931,24,24
3400897,2025-12-15,7.763281249730952,24,24
3400897,2025-12-19,29.233359380231963,24,24
3400897,2025-12-23,21.29573612662239,24,24
3400897,2025-12-27,0.013326388938973347,24,24
3400897,2025-12-31,7.257784721100083,24,24
4049149,2025-04-15,42.629340317514206,24,24
4049149,2025-04-19,6.47298896812006,24,24
4049149,2025-04-23,30.430780111087696,24,24
4049149,2025-04-27,8.994887130438453,24,24
4049149,2025-05-01,10.814105924167153,24,24
4049149,2025-05-05,12.423047459891272,24,24
4049149,2025-05-09,17.777857051282705,24,24
4049149,2025-05-13,24.940145295527245,24,24
4049149,2025-05-17,7.45430729429548,24,24
4049149,2025-05-21,2.934915507264021,24,24
4049149,2025-05-25,9.821765622072336,24,24
4049149,2025-05-29,8.008114556665532,24,24
4049149,2025-06-02,1.9317760424843677,8,8
4049149,2025-06-06,33.43450108170509,24,24
4049149,2025-06-10,11.947115145597813,24,24
4049149,2025-06-14,23.01100178137939,24,24
4049149,2025-06-18,14.124934000661597,24,24
4049149,2025-06-22,32.10260863839716,23,23
4049149,2025-06-26,11.285388916368701,24,24
4049149,2025-06-30,19.51040454749535,24,24
4049149,2025-07-04,4.16908331701739,18,18
4049149,2025-07-08,11.985081561271928,24,24
4049149,2025-07-12,12.233861107379198,24,24
4049149,2025-07-16,2.588180553064578,24,24
4049149,2025-07-24,2.4466718665919163,24,24
4049149,2025-07-28,16.435486115515232,24,24
4049149,2025-08-01,19.676345497369766,24,24
4049149,2025-08-05,37.39692836999893,24,24
4049149,2025-08-09,4.620956175257741,21,21
4049149,2025-08-13,30.534137921441687,20,20
4049149,2025-08-17,5.290057291794154,24,24
4049149,2025-08-21,7.848410307947133,24,24
4049149,2025-08-25,12.490730943701541,24,24
4049149,2025-08-29,10.33095487828056,24,24
4049149,2025-09-02,0.5758767359527862,24,24
4049149,2025-09-06,5.681241334183142,24,24
4049149,2025-09-10,16.05456310096714,24,24
4049149,2025-09-14,12.386351887408333,24,24
4049149,2025-09-18,16.75214695268207,24,24
4049149,2025-09-22,0.09817708366447025,24,24
4049149,2025-09-26,15.303587965881107,24,24
4049149,2025-09-30,19.654312809524328,23,23
4049149,2025-10-04,9.867314617636339,23,23
4049149,2025-10-08,20.463236714402836,24,24
4049149,2025-10-12,13.992106480730904,24,24
4049149,2025-10-16,21.576700804963778,24,24
4049149,2025-10-20,12.299903793889044,21,21
4049149,2025-10-24,11.824596070992348,24,24
4049149,2025-10-28,14.95353299956079,24,24
4049149,2025-11-01,9.02271122798772,24,24
4049149,2025-11-05,7.291557971177542,23,23
4049149,2025-11-09,3.7651805571694346,24,24
4049149,2025-11-13,19.7703635280259,23,23
4049149,2025-11-17,10.832746212741341,22,22
4049149,2025-11-21,9.311483216040804,24,24
4049149,2025-11-25,9.356398731708113,24,24
4049149,2025-11-29,9.083190394451634,24,24
4049149,2025-12-03,19.744668411215148,24,24
4049149,2025-12-07,8.536881945841015,24,24
4049149,2025-12-11,7.708722182726039,24,24
4049149,2025-12-15,12.936236102051206,24,24
4049149,2025-12-19,21.514314237154192,24,24
4049149,2025-12-23,5.435758678780662,24,24
4049149,2025-12-27,14.055111119482254,24,24
4049149,2025-12-31,28.623190587154337,23,23
2828557,2025-02-14,36.190605322519936,24,24
2828557,2025-02-18,26.91022049718433,24,24
2828557,2025-02-22,36.74326129393144,11,11
2828557,2025-02-26,31.891838477717503,24,24
2828557,2025-03-02,34.09744444820616,24,24
2828557,2025-03-06,29.85735411776437,24,24
2828557,2025-03-10,23.08680561847157,24,24
2828557,2025-03-14,16.419902741909027,24,24
2828557,2025-03-18,29.888202501667873,24,24
2828557,2025-03-22,31.50198257300589,24,24
2828557,2025-03-26,40.86711974938711,24,24
2828557,2025-03-30,32.504389968183304,24,24
2828557,2025-04-03,28.892065995269352,24,24
2828557,2025-04-07,22.072701512683523,24,24
2828557,2025-04-11,12.7510520633724,24,24
2828557,2025-04-15,20.14825696912077,24,24
2828557,2025-04-19,50.106192813979256,24,24
2828557,2025-04-23,40.14089584350586,24,24
2828557,2025-05-05,28.586546354823643,24,24
2828557,2025-05-09,38.73443562123511,24,24
2828557,2025-05-13,33.174131986167694,24,24
2828557,2025-05-17,40.61393736119856,19,19
2828557,2025-05-21,38.82462477967852,24,24
2828557,2025-05-25,22.97171525822745,24,24
2828557,2025-05-29,14.04751562294809,24,24
2828557,2025-06-02,30.8545798195733,12,12
2828557,2025-06-06,28.359253505865734,24,24
2828557,2025-06-10,36.42103271899016,23,23
2828557,2025-06-14,3.509265628695074,24,24
2828557,2025-06-18,14.488337555033638,17,17
2828557,2025-06-22,12.76436933784774,22,22
2828557,2025-06-26,33.58726211720043,24,24
2828557,2025-06-30,2.9348217509428243,24,24
2828557,2025-07-04,29.005824736422962,24,24
2828557,2025-07-08,20.811833309630554,24,24
2828557,2025-07-12,34.0937153895696,24,24
2828557,2025-07-16,25.086379528359775,23,23
2828557,2025-07-20,19.307612828082508,24,24
2828557,2025-07-24,15.11110418372684,24,24
2828557,2025-08-05,12.048739560776285,24,24
2828557,2025-08-09,27.484612865580456,24,24
2828557,2025-08-13,23.14244093828731,24,24
2828557,2025-08-17,11.531076416373253,24,24
2828557,2025-08-21,22.374258637428284,24,24
2828557,2025-08-25,23.936357620689606,24,24
2828557,2025-08-29,25.764597436319097,24,24
2828557,2025-09-02,24.987573453121716,24,24
2828557,2025-09-06,35.310105926460686,24,24
2828557,2025-09-10,19.255701945887672,24,24
2828557,2025-09-14,18.888063665893345,24,24
2828557,2025-09-18,19.323178249100845,24,24
2828557,2025-09-22,19.507244792801362,24,24
2828557,2025-09-26,32.23706313138859,24,24
2828557,2025-09-30,32.80678181612654,23,23
2828557,2025-10-04,35.50363885423411,23,23
2828557,2025-10-08,9.25010821984874,24,24
2828557,2025-10-12,18.39629918822536,24,24
2828557,2025-10-16,32.10603816100845,24,24
2828557,2025-10-20,22.611033045293212,22,22
2828557,2025-10-24,23.219964700274996,24,24
2828557,2025-10-28,18.33325229563095,24,24
2828557,2025-11-01,28.235071160727077,24,24
2828557,2025-11-05,32.298097864095716,23,23
2828557,2025-11-09,21.527696177425483,24,24
2828557,2025-11-13,24.542549239505423,22,22
2828557,2025-11-17,30.328513863856198,21,21
2828557,2025-11-21,42.04264587428835,24,24
2828557,2025-11-25,34.192177666999676,24,24
2828557,2025-11-29,37.08021525939306,24,24
2828557,2025-12-03,36.34339408742057,24,24
2828557,2025-12-07,40.886668493611246,24,24
2828557,2025-12-11,20.613229160838657,24,24
2828557,2025-12-15,10.069628788967325,24,24
2828557,2025-12-19,33.443505222267575,24,24
2828557,2025-12-23,24.95224306715859,24,24
2828557,2025-12-27,37.56241146988339,24,24
2828557,2025-12-31,36.49259717861811,24,24
4381748,2025-05-17,11.91036365489767,24,24
4381748,2025-05-21,11.37652431262864,24,24
4381748,2025-05-25,18.30279450148645,24,24
4381748,2025-05-29,12.08959552894036,24,24
4381748,2025-06-02,3.8990227214879156,11,11
4381748,2025-06-06,24.788286480638718,24,24
4381748,2025-06-10,18.831248314844238,24,24
4381748,2025-06-14,31.715911666552227,24,24
4381748,2025-06-18,15.742227430144945,24,24
4381748,2025-06-22,13.665766318099221,23,23
4381748,2025-06-26,14.832390568322607,24,24
4381748,2025-06-30,13.703170131478045,24,24
4381748,2025-07-04,19.167505241102642,24,24
4381748,2025-07-08,3.1623437378245094,24,24
4381748,2025-07-12,6.827782997628674,24,24
4381748,2025-07-16,16.719975701636738,24,24
4381748,2025-07-20,10.24448266128699,24,24
4381748,2025-07-24,4.3415243099443614,24,24
4381748,2025-07-28,10.87639754306939,24,24
4381748,2025-08-01,8.672576401796606,24,24
4381748,2025-08-05,16.767065975401135,24,24
4381748,2025-08-09,26.71903125445048,24,24
4381748,2025-08-13,29.256993101702793,24,24
4381748,2025-08-17,29.879864546987747,24,24
4381748,2025-08-21,11.899468761351374,24,24
4381748,2025-08-25,25.00923095146815,24,24
4381748,2025-08-29,2.397622689617694,24,24
4381748,2025-09-02,0.4164062538313576,24,24
4381748,2025-09-06,2.0260260477662086,24,24
4381748,2025-09-10,1.4592268496829395,24,24
4381748,2025-09-14,6.808730902357234,24,24
4381748,2025-09-18,29.099425335725147,24,24
4381748,2025-09-22,0.8767401642916309,24,24
4381748,2025-09-26,2.4795428251856246,24,24
4381748,2025-09-30,18.209664678619678,23,23
4381748,2025-10-04,28.939414250908268,23,23
4381748,2025-10-08,16.8204236096806,24,24
4381748,2025-10-12,6.31828935543696,24,24
4381748,2025-10-16,28.633004628728937,24,24
4381748,2025-10-20,5.517537158473022,21,21
4381748,2025-10-24,3.031369792400101,24,24
4381748,2025-10-28,7.842318287488349,24,24
4381748,2025-11-01,15.609857080735404,24,24
4381748,2025-11-05,18.599773574768957,23,23
4381748,2025-11-09,3.337763886691796,24,24
4381748,2025-11-13,11.328810771086472,23,23
4381748,2025-11-17,3.9560303015916634,22,22
4381748,2025-11-21,0.4587013892001576,24,24
4381748,2025-11-25,0.25854861098859044,24,24
4381748,2025-11-29,23.46963250176222,24,24
4381748,2025-12-03,23.613041093503984,24,24
4381748,2025-12-07,17.771732939558685,24,24
4381748,2025-12-11,28.76384549107816,24,24
4381748,2025-12-15,22.995152786042954,24,24
4381748,2025-12-19,25.50465802351634,24,24
4381748,2025-12-23,3.269972222039683,24,24
4381748,2025-12-27,0.8976406255374766,24,24
4381748,2025-12-31,29.004755195313027,24,24
3345214,2025-01-01,5.6346015358964605,16,16
3345214,2025-01-05,13.606039611966002,17,17
3345214,2025-01-09,7.685663677397229,14,14
3345214,2025-01-13,18.066035679408483,7,7
3345214,2025-02-14,3.7380723170936108,8,8
3345214,2025-02-18,5.6437951525052386,12,12
3345214,2025-02-22,6.61993846098582,13,13
3345214,2025-02-26,7.346982166880653,17,17
3345214,2025-03-02,7.874865182766727,17,17
3345214,2025-03-06,2.2907250141104063,10,10
3345214,2025-03-10,0.959798152834453,15,15
3345214,2025-03-14,2.2017878713932904,11,11
3345214,2025-03-18,9.174998414327229,15,15
3345214,2025-03-22,13.549190624996468,18,18
3345214,2025-03-26,13.328931412509844,17,17
3345214,2025-04-03,29.017786756738438,11,11
3345214,2025-04-07,6.4210842450459795,10,10
3345214,2025-04-11,12.274061297235034,10,10
3345214,2025-04-15,13.846547530757057,18,18
3345214,2025-04-19,7.451805675769437,15,15
3345214,2025-04-23,3.716858983333364,8,8
3345214,2025-04-27,4.848941276771853,6,6
3345214,2025-05-01,4.787083265859456,7,7
3345214,2025-05-05,3.475182257592678,8,8
3345214,2025-05-09,0.8754479215436038,4,4
3345214,2025-05-13,0.8989722182353338,3,3
3345214,2025-05-17,2.2684687456736965,2,2
3345214,2025-05-21,1.5649576060016428,19,19
3345214,2025-05-25,1.6681130954197474,2,2
3345214,2025-05-29,0.47214677906947944,8,8
3345214,2025-06-06,1.4419080459478277,6,6
3345214,2025-06-10,1.8107732526694582,12,12
3345214,2025-06-14,6.527748886898999,11,11
3345214,2025-06-18,1.3655919943954429,17,17
3345214,2025-06-22,1.2714493460953236,17,17
3345214,2025-06-26,3.6640798499186835,8,8
3345214,2025-06-30,3.0882700651907076,18,18
3345214,2025-07-04,2.4012625054944126,14,14
3345214,2025-07-08,1.7635630992196856,7,7
3345214,2025-07-12,1.1689814076973841,13,13
3345214,2025-07-16,1.3777926006496608,17,17
3345214,2025-07-20,1.2222291609651788,18,18
3345214,2025-07-24,0.8852319487887952,12,12
3345214,2025-07-28,4.451935186329916,18,18
3345214,2025-08-01,2.3941180501823074,18,18
3345214,2025-08-05,5.369090283248159,18,18
3345214,2025-08-09,0.7237447914279377,16,16
3345214,2025-08-13,3.5339218571450974,15,15
3345214,2025-08-17,4.506616153500297,11,11
3345214,2025-08-21,4.543259793911317,12,12
3345214,2025-08-25,5.40777013177673,16,16
3345214,2025-08-29,2.9311962086142915,10,10
3345214,2025-09-02,7.173195556031935,16,16
3345214,2025-09-06,4.525935132620913,16,16
3345214,2025-09-10,5.9887624795238175,16,16
3345214,2025-09-14,18.81583079000314,16,16
3345214,2025-09-18,25.163666655619938,24,24
3345214,2025-09-22,8.44875458084342,13,13
3345214,2025-09-26,9.725905159188642,15,15
3345214,2025-09-30,22.700502236340125,14,14
3345214,2025-10-04,10.532631198424683,18,18
3345214,2025-10-08,15.261832195575591,24,24
3345214,2025-10-12,7.445927086272449,24,24
3345214,2025-10-16,22.345008131972065,24,24
3345214,2025-10-20,6.988056883989633,21,21
3345214,2025-10-24,5.008131369058456,24,24
3345214,2025-10-28,12.047753466504489,24,24
3345214,2025-11-01,9.629837963530035,24,24
3345214,2025-11-05,3.347989129890567,23,23
3345214,2025-11-09,10.900321179076478,24,24
3345214,2025-11-13,8.46401274247083,22,22
3345214,2025-11-17,2.4296915170927322,22,22
3345214,2025-11-21,2.94303513485652,23,23
3345214,2025-11-25,3.750576391402218,24,24
3345214,2025-11-29,2.151521415518666,24,24
3345214,2025-12-03,2.5239620555435835,19,19
3345214,2025-12-07,2.409253739403492,24,24
3345214,2025-12-11,3.0644774306048124,24,24
3345214,2025-12-15,8.373379629188113,24,24
3345214,2025-12-19,3.0063784719651774,24,24
3345214,2025-12-23,2.770239583813344,24,24
3345214,2025-12-27,1.7278576541044401,19,19
3345214,2025-12-31,2.9038402791548936,24,24
3402591,2025-02-14,6.966092000404993,16,16
3402591,2025-02-18,1.0938663195896272,24,24
3402591,2025-02-22,0.5575364606403228,24,24
3402591,2025-02-26,0.6617500000090027,24,24
3402591,2025-03-02,2.396876744253354,24,24
3402591,2025-03-06,2.5533663228464625,24,24
3402591,2025-03-10,3.0790850677424006,24,24
3402591,2025-03-14,4.27477604099032,24,24
3402591,2025-03-18,1.4098443351815353,24,24
3402591,2025-03-22,4.751876734287685,24,24
3402591,2025-03-26,2.165553816438963,24,24
3402591,2025-03-30,4.981869786602652,24,24
3402591,2025-04-03,6.1691232650644245,24,24
3402591,2025-04-07,2.207254054180036,24,24
3402591,2025-04-11,0.5013454842846841,24,24
3402591,2025-04-15,2.4427065959769405,24,24
3402591,2025-04-19,5.952265062602237,24,24
3402591,2025-04-23,8.679423618634852,24,24
3402591,2025-04-27,0.6062812509998265,24,24
3402591,2025-05-01,3.768324649168385,24,24
3402591,2025-05-05,2.2149131966289133,24,24
3402591,2025-05-09,1.4248541650724496,24,24
3402591,2025-05-13,1.6003975754655484,24,24
3402591,2025-05-17,8.160418395263454,24,24
3402591,2025-05-21,5.679727458990076,24,24
3402591,2025-05-25,2.8613177159438945,24,24
3402591,2025-05-29,5.865093742807706,24,24
3402591,2025-06-02,4.530287070889716,9,9
3402591,2025-06-06,2.8297812517913474,24,24
3402591,2025-06-10,5.313168411970966,24,24
3402591,2025-06-14,11.754907944563051,24,24
3402591,2025-06-18,6.243246534632312,24,24
3402591,2025-06-22,2.539161228615305,23,23
3402591,2025-06-26,5.888560193539081,24,24
3402591,2025-06-30,3.0965601762420394,24,24
3402591,2025-07-04,21.018306074250074,24,24
3402591,2025-07-08,3.7157916801257262,24,24
3402591,2025-07-12,9.924598962068558,24,24
3402591,2025-07-16,1.989286467484716,24,24
3402591,2025-07-20,10.106607624562457,24,24
3402591,2025-07-24,22.563652807225782,24,24
3402591,2025-07-28,3.401144076449176,24,24
3402591,2025-08-01,12.768012123518728,24,24
3402591,2025-08-05,19.32074307319191,24,24
3402591,2025-08-09,7.3073420114556535,24,24
3402591,2025-08-13,15.860284707819423,24,24
3402591,2025-08-17,7.917576404366021,24,24
3402591,2025-08-21,6.779879071335826,24,24
3402591,2025-08-25,10.237432288264648,24,24
3402591,2025-08-29,1.812963561129032,24,24
3402591,2025-09-02,3.4614438655165336,24,24
3402591,2025-09-06,1.7623333354066644,24,24
3402591,2025-09-10,1.3292604213477008,24,24
3402591,2025-09-14,2.9759016292195564,24,24
3402591,2025-09-18,1.7545891211419884,24,24
3402591,2025-09-22,1.493119214092278,24,24
3402591,2025-09-26,0.8402251180727035,24,24
3402591,2025-09-30,0.5024850106269259,23,23
3402591,2025-10-04,3.495103867506779,23,23
3402591,2025-10-08,0.10371180559611982,24,24
3402591,2025-10-12,1.7285271745760014,23,23
3402591,2025-10-16,2.293666665001634,24,24
3402591,2025-10-20,0.9295039704542547,21,21
3402591,2025-10-24,0.28324074082818157,24,24
3402591,2025-10-28,2.1961261565314123,24,24
3402591,2025-11-01,1.9342777782749314,24,24
3402591,2025-11-05,4.429449278283594,23,23
3402591,2025-11-09,1.7064201399666705,24,24
3402591,2025-11-13,4.619763259352609,22,22
3402591,2025-11-17,1.9319015170701526,22,22
3402591,2025-11-21,2.532093750088717,24,24
3402591,2025-11-25,3.29647222287539,24,24
3402591,2025-11-29,1.3121006938490878,24,24
3402591,2025-12-03,1.4505960647629024,24,24
3402591,2025-12-07,0.9992430574778054,24,24
3402591,2025-12-11,2.2641354138367915,24,24
3402591,2025-12-15,1.5736840290810774,24,24
3402591,2025-12-19,1.26374421288794,24,24
3402591,2025-12-23,4.334872107097396,24,24
3402591,2025-12-27,0.04871875023107148,24,24
3402591,2025-12-31,2.353027778390597,23,23
1640325,2025-01-01,51.60658480723699,24,24
1640325,2025-01-05,22.409788766015886,23,23
1640325,2025-01-09,16.906595041786414,23,23
1640325,2025-01-13,34.083545928909665,7,7
1640325,2025-02-14,36.30154595110152,24,24
1640325,2025-02-18,25.785941650470097,24,24
1640325,2025-02-22,29.516679055160946,24,24
1640325,2025-02-26,31.61241318119897,24,24
1640325,2025-03-02,33.797878256349854,24,24
1640325,2025-03-06,30.536582324239944,24,24
1640325,2025-03-10,28.27436755100886,24,24
1640325,2025-03-14,11.501350952218276,24,24
1640325,2025-03-18,32.12588460577859,24,24
1640325,2025-03-22,31.97399964928627,24,24
1640325,2025-03-26,39.35644009378222,24,24
1640325,2025-03-30,28.28813240925471,24,24
1640325,2025-04-03,24.025937983182946,24,24
1640325,2025-04-07,28.62452871931924,24,24
1640325,2025-04-11,14.922061031063398,24,24
1640325,2025-04-15,17.76822915424903,24,24
1640325,2025-04-19,46.941654324531555,24,24
1640325,2025-04-23,37.11271492640177,24,24
1640325,2025-04-27,22.022383501132328,24,24
1640325,2025-05-01,35.76726530236427,24,24
1640325,2025-05-05,27.405981375111477,24,24
1640325,2025-05-09,35.194932225677704,24,24
1640325,2025-05-13,31.72928237915039,24,24
1640325,2025-05-17,40.83606147525286,24,24
1640325,2025-05-21,40.00605569283167,24,24
1640325,2025-05-25,18.950458818011814,24,24
1640325,2025-05-29,13.693576346461972,24,24
1640325,2025-06-02,25.767030464278324,12,12
1640325,2025-06-06,24.910404327842926,24,24
1640325,2025-06-10,35.09895188566567,23,23
1640325,2025-06-14,2.8354414785280824,24,24
1640325,2025-06-18,11.4747768069307,24,24
1640325,2025-06-22,12.900879330707319,22,22
1640325,2025-06-26,29.481522811783687,24,24
1640325,2025-06-30,4.095548125604789,24,24
1640325,2025-07-04,30.428323417901993,24,24
1640325,2025-07-08,20.080171106383204,24,24
1640325,2025-07-12,35.890567127201294,24,24
1640325,2025-07-16,26.33703701860375,24,24
1640325,2025-07-20,19.84007935060395,24,24
1640325,2025-07-24,13.167406575547325,24,24
1640325,2025-07-28,10.808428392435113,24,24
1640325,2025-08-01,18.24832590089904,24,24
1640325,2025-08-05,9.863095229698553,24,24
1640325,2025-08-09,28.4033357931508,24,24
1640325,2025-08-13,23.329675111505722,24,24
1640325,2025-08-17,10.857845605661472,24,24
1640325,2025-08-21,24.42834408746825,24,24
1640325,2025-08-25,24.4777819150024,24,24
1640325,2025-08-29,22.781361626254185,24,24
1640325,2025-09-02,26.425719183352257,24,24
1640325,2025-09-06,35.61034632060263,24,24
1640325,2025-09-10,17.170306081723684,24,24
1640325,2025-09-14,16.706617888477115,24,24
1640325,2025-09-18,18.52068036960231,24,24
1640325,2025-09-22,20.923813657407408,24,24
1640325,2025-09-26,31.368566242784993,24,24
1640325,2025-09-30,30.567619910282954,23,23
1640325,2025-10-04,41.591235334713595,23,23
1640325,2025-10-08,8.572193287037036,24,24
1640325,2025-10-12,20.76171875,24,24
1640325,2025-10-16,34.43995949074074,24,24
1640325,2025-10-20,24.792392266824084,22,22
1640325,2025-10-24,24.17089947089947,24,24
1640325,2025-10-28,17.17853835978836,24,24
1640325,2025-11-01,26.5752769510582,24,24
1640325,2025-11-05,34.81912525879917,23,23
1640325,2025-11-09,19.671854332010582,24,24
1640325,2025-11-13,24.388866341991342,22,22
1640325,2025-11-17,29.79728835978836,21,21
1640325,2025-11-21,41.0534267526455,24,24
1640325,2025-11-25,36.646288029100525,24,24
1640325,2025-11-29,37.031374007936506,24,24
1640325,2025-12-03,36.855840773809526,24,24
1640325,2025-12-07,38.38446406024531,24,24
1640325,2025-12-11,24.316530257936506,24,24
1640325,2025-12-15,10.300037202380953,24,24
1640325,2025-12-19,34.0953621031746,24,24
1640325,2025-12-23,27.410507605820104,24,24
1640325,2025-12-27,38.538008432539684,24,24
1640325,2025-12-31,39.55215419501134,21,21
3307678,2025-01-01,1.3708489582511698,24,24
3307678,2025-01-05,1.2137986108039815,24,24
3307678,2025-01-09,1.2652318831803142,23,23
3307678,2025-02-14,6.265486124489043,24,24
3307678,2025-02-18,1.6410581676237699,24,24
3307678,2025-02-22,0.7172291692889606,24,24
3307678,2025-02-26,0.7487586818557853,24,24
3307678,2025-03-02,4.2059079797472805,24,24
3307678,2025-03-06,1.885730907657287,24,24
3307678,2025-03-10,3.0469045179585614,24,24
3307678,2025-03-14,3.797310770385795,24,24
3307678,2025-03-18,1.2222517350843798,24,24
3307678,2025-03-22,5.851460070866678,24,24
3307678,2025-03-26,3.811361100188353,24,24
3307678,2025-03-30,3.9128454779921515,24,24
3307678,2025-04-03,5.202845493952434,24,24
3307678,2025-04-07,2.7499974509080247,24,24
3307678,2025-04-11,0.9783902045026553,24,24
3307678,2025-04-15,3.2164652756311827,24,24
3307678,2025-04-19,5.645054990128201,24,24
3307678,2025-04-23,5.810960081302458,24,24
3307678,2025-04-27,2.264902783014501,24,24
3307678,2025-05-01,0.9952499999716463,24,24
3307678,2025-05-05,7.271114573244834,24,24
3307678,2025-05-09,1.1007118061728154,24,24
3307678,2025-05-13,4.042572345739852,24,24
3307678,2025-05-17,8.284072893982133,24,24
3307678,2025-05-21,6.681686350661848,24,24
3307678,2025-05-25,5.095756949184255,24,24
3307678,2025-05-29,12.676063511816283,21,21
3307678,2025-06-02,8.032736085424268,9,9
3307678,2025-06-06,8.742317688677254,24,24
3307678,2025-06-10,8.029678818666273,24,24
3307678,2025-06-14,10.443225696320749,24,24
3307678,2025-06-18,16.959749961375362,24,24
3307678,2025-06-22,6.705141311565387,23,23
3307678,2025-06-26,6.219921882975743,24,24
3307678,2025-06-30,0.729892363707121,24,24
3307678,2025-07-04,12.261638288205075,24,24
3307678,2025-07-08,2.1460520815000765,24,24
3307678,2025-07-12,9.410453129145834,24,24
3307678,2025-07-16,0.5901111110191172,24,24
3307678,2025-07-20,14.397692745008195,24,24
3307678,2025-07-24,25.54366146028042,24,24
3307678,2025-07-28,5.512449660648902,24,24
3307678,2025-08-01,10.353020820947778,24,24
3307678,2025-08-05,23.753977432847023,24,24
3307678,2025-08-09,1.6363194449934075,24,24
3307678,2025-08-13,17.010173591681653,24,24
3307678,2025-08-17,7.898756369767297,24,24
3307678,2025-08-21,6.048013924569305,24,24
3307678,2025-08-25,11.076793048380301,24,24
3307678,2025-08-29,0.2030183616390621,24,24
3307678,2025-09-02,1.6242824114289964,24,24
3307678,2025-09-06,0.04142939819333454,24,24
3307678,2025-09-10,0.7335862258397458,24,24
3307678,2025-09-14,0.5360115766913319,24,24
3307678,2025-09-18,0.48101620306260884,24,24
3307678,2025-09-22,2.92741607564191,24,24
3307678,2025-09-26,0.6373038200083775,24,24
3307678,2025-09-30,1.0192889503747729,23,23
3307678,2025-10-04,1.3421521741977853,23,23
3307678,2025-10-08,0.2577974558687182,24,24
3307678,2025-10-12,1.8570090584285952,23,23
3307678,2025-10-16,1.3428744220942328,24,24
3307678,2025-10-20,0.39811111120950604,21,21
3307678,2025-10-24,0.10275000018084905,24,24
3307678,2025-10-28,1.2346695607588454,24,24
3307678,2025-11-01,1.396553821682378,24,24
3307678,2025-11-05,6.158817419217592,15,15
3307678,2025-11-13,5.296725625203113,11,11
3307678,2025-11-17,2.6750208350858,22,22
3307678,2025-11-21,1.618914931226108,24,24
3307678,2025-11-25,3.302118058130145,24,24
3307678,2025-11-29,1.1063472240645853,24,24
3307678,2025-12-03,1.795588541116255,24,24
3307678,2025-12-07,1.3561388887465,24,24
3307678,2025-12-11,1.8392314836244894,24,24
3307678,2025-12-15,2.3438611123685003,24,24
3307678,2025-12-19,0.922006945260283,24,24
3307678,2025-12-23,5.544315483549322,17,17
3307678,2025-12-27,0.09709027794500193,24,24
3307678,2025-12-31,1.9106376822335995,23,23
2876975,2025-01-01,30.956001695659424,24,24
2876975,2025-01-05,54.105315405883154,23,23
2876975,2025-01-09,43.611452849014945,23,23
2876975,2025-01-13,41.87795829772949,7,7
2876975,2025-02-14,48.469670785797966,24,24
2876975,2025-02-18,75.85988876554701,24,24
2876975,2025-02-22,47.9945033788681,24,24
2876975,2025-02-26,70.74347734451294,24,24
2876975,2025-03-02,28.250041633844376,24,24
2876975,2025-03-06,33.33260423607296,24,24
2876975,2025-03-10,52.817954897880554,24,24
2876975,2025-03-14,15.323255237605837,24,24
2876975,2025-03-18,19.345462323890793,24,24
2876975,2025-03-22,36.575326535436844,24,24
2876975,2025-03-26,56.49910580449634,24,24
2876975,2025-03-30,45.85417207082113,23,23
2876975,2025-04-03,9.554461788800028,24,24
2876975,2025-04-07,5.936010995672809,24,24
2876975,2025-04-11,24.56778649820222,24,24
2876975,2025-04-15,20.297758711708916,24,24
2876975,2025-04-23,16.431002851989536,24,24
2876975,2025-04-27,9.959645876867905,24,24
2876975,2025-05-01,8.142524279860988,24,24
2876975,2025-05-05,6.5932395903186665,24,24
2876975,2025-05-09,17.239581594036686,24,24
2876975,2025-05-13,12.587046857509348,24,24
2876975,2025-05-17,8.7707604251595,24,24
2876975,2025-05-21,15.389822295924578,23,23
2876975,2025-05-25,23.230993075503246,24,24
2876975,2025-05-29,8.44739235026969,24,24
2876975,2025-06-02,20.293965852621827,11,11
2876975,2025-06-06,11.1966209742758,24,24
2876975,2025-06-10,12.417612858944468,24,24
2876975,2025-06-14,16.20090728411169,24,24
2876975,2025-06-18,21.77681080831422,24,24
2876975,2025-06-22,7.346739132767138,23,23
2876975,2025-06-26,5.280093749364217,24,24
2876975,2025-06-30,5.736491309271918,24,24
2876975,2025-07-04,4.025835084832377,24,24
2876975,2025-07-08,23.328597250911926,24,24
2876975,2025-07-12,9.564886021945211,24,24
2876975,2025-07-16,12.264670136074225,24,24
2876975,2025-07-20,24.886614604128734,24,24
2876975,2025-07-24,10.581407997343275,24,24
2876975,2025-07-28,13.85624648961756,24,24
2876975,2025-08-01,12.672147588597404,24,24
2876975,2025-08-05,12.344552107983164,24,24
2876975,2025-08-09,19.524513910214107,24,24
2876975,2025-08-13,12.089098927047518,24,24
2876975,2025-08-17,6.5203333248694735,24,24
2876975,2025-08-21,3.680840273698171,24,24
2876975,2025-08-25,3.593197917358743,24,24
2876975,2025-08-29,11.862200224565136,24,24
2876975,2025-09-02,25.1920954518848,24,24
2876975,2025-09-06,27.710513919591904,24,24
2876975,2025-09-10,19.688980887333553,24,24
2876975,2025-09-14,27.244451362225746,24,24
2876975,2025-09-18,8.523938113616571,24,24
2876975,2025-09-22,10.979431724796692,24,24
2876975,2025-09-26,6.791237159294801,24,24
2876975,2025-09-30,13.994577678882296,23,23
2876975,2025-10-04,26.57492150603861,23,23
2876975,2025-10-08,37.939171893066835,24,24
2876975,2025-10-12,8.605539932847023,24,24
2876975,2025-10-16,30.537637136711016,24,24
2876975,2025-10-20,30.088400644519798,21,21
2876975,2025-10-24,16.003444443670688,24,24
2876975,2025-10-28,10.173181031057329,24,24
2876975,2025-11-01,46.041827005368695,24,24
2876975,2025-11-05,41.19747111313585,23,23
2876975,2025-11-09,39.418166658613416,24,24
2876975,2025-11-13,33.75438931327563,23,23
2876975,2025-11-17,24.251446984030984,22,22
2876975,2025-11-21,31.039430542786917,24,24
2876975,2025-11-25,43.664585068490766,24,24
2876975,2025-11-29,35.67098613050249,24,24
2876975,2025-12-03,34.44909027881093,24,24
2876975,2025-12-07,42.327077751797,24,24
2876975,2025-12-11,26.910274296998978,24,24
2876975,2025-12-15,39.1331520218908,24,24
2876975,2025-12-19,45.8883819659551,24,24
2876975,2025-12-23,17.160782611888386,23,23
2876975,2025-12-27,27.341880212889777,24,24
2876975,2025-12-31,19.580034725078274,24,24
3063951,2025-01-01,3.8021493007739386,24,24
3063951,2025-01-05,15.329339292019945,23,23
3063951,2025-01-09,8.139943233002787,23,23
3063951,2025-01-13,9.598881850639978,6,6
3063951,2025-02-14,5.9394085469345255,24,24
3063951,2025-02-18,6.320535318305095,24,24
3063951,2025-02-22,5.5343420124716225,24,24
3063951,2025-02-26,3.992898718867865,24,24
3063951,2025-03-02,6.638376728941997,24,24
3063951,2025-03-06,2.8726684079608984,24,24
3063951,2025-03-10,4.952381572179627,19,19
3063951,2025-03-14,4.684512168789904,24,24
3063951,2025-03-18,2.566926142530083,24,24
3063951,2025-03-22,8.896112841864428,24,24
3063951,2025-03-26,5.182497697985835,24,24
3063951,2025-03-30,5.00718057445354,24,24
3063951,2025-04-03,4.334892374359899,24,24
3063951,2025-04-07,3.9526151497330932,24,24
3063951,2025-04-11,4.057211812585592,24,24
3063951,2025-04-15,5.158175335369177,24,24
3063951,2025-04-19,1.7533495404059067,24,24
3063951,2025-04-23,6.262755204406049,24,24
3063951,2025-04-27,9.049115195117816,24,24
3063951,2025-05-01,9.220062543948492,24,24
3063951,2025-05-05,3.704536464737935,24,24
3063951,2025-05-09,3.734710063992275,24,24
3063951,2025-05-13,5.821089125341839,24,24
3063951,2025-05-17,3.129838550941915,24,24
3063951,2025-05-21,8.238494777431091,24,24
3063951,2025-05-25,4.202085062266431,24,24
3063951,2025-05-29,11.700833468712077,24,24
3063951,2025-06-02,11.479749966751445,11,11
3063951,2025-06-06,9.458406257960531,24,24
3063951,2025-06-10,3.059097817930807,24,24
3063951,2025-06-14,2.9468871501998772,24,24
3063951,2025-06-18,4.899696177026878,24,24
3063951,2025-06-22,11.087648529937303,23,23
3063951,2025-06-26,12.731203133861223,24,24
3063951,2025-06-30,7.369245960480637,24,24
3063951,2025-07-04,6.3674149215221405,24,24
3063951,2025-07-08,18.71837672756778,24,24
3063951,2025-07-12,4.5240416687753315,24,24
3063951,2025-07-16,10.113765634596348,24,24
3063951,2025-07-20,5.203711804416445,24,24
3063951,2025-07-24,4.434017337826774,23,23
3063951,2025-07-28,18.757104167929203,24,24
3063951,2025-08-01,8.829946210400925,24,24
3063951,2025-08-05,4.207324086584978,24,24
3063951,2025-08-09,15.897611108091143,24,24
3063951,2025-08-13,7.549208337234126,24,24
3063951,2025-08-17,31.243130173948074,24,24
3063951,2025-08-21,21.676140626271565,24,24
3063951,2025-08-25,67.05882766511705,24,24
3063951,2025-08-29,45.659264458550346,24,24
3063951,2025-09-02,59.81586958232679,19,19
3063951,2025-09-06,49.443852265675865,24,24
3063951,2025-09-10,43.140960693359375,24,24
3063951,2025-09-14,47.71441839800941,24,24
3063951,2025-09-18,55.454213009940254,24,24
3063951,2025-09-22,32.87078924973806,24,24
3063951,2025-09-26,32.35772012856272,20,20
3063951,2025-09-30,38.91752946370518,23,23
3063951,2025-10-04,23.398160627613898,23,23
3063951,2025-10-08,49.588723965596266,24,24
3063951,2025-10-12,52.24096988748621,24,24
3063951,2025-10-16,51.30848323537244,24,24
3063951,2025-10-20,29.385232946964226,15,15
3063951,2025-10-24,14.366637726321265,24,24
3063951,2025-10-28,49.63347511457073,24,24
3063951,2025-11-01,18.631205437580743,24,24
3063951,2025-11-05,15.45378985543182,23,23
3063951,2025-11-09,18.94941261642509,24,24
3063951,2025-11-13,18.15282186517393,23,23
3063951,2025-11-17,11.87584027787953,22,22
3063951,2025-11-29,17.967983322143557,5,5
3063951,2025-12-03,13.948208332061768,24,24
3063951,2025-12-07,10.541570389652092,24,24
3063951,2025-12-11,9.549170136710421,24,24
3063951,2025-12-15,8.352384834377855,24,24
3063951,2025-12-19,8.736756378046616,24,24
3063951,2025-12-23,5.515886048301867,24,24
3063951,2025-12-27,16.612951394253308,24,24
3063951,2025-12-31,6.511706018089144,24,24
2112198,2025-03-18,18.245138888971674,24,24
2112198,2025-03-22,41.30677084128062,24,24
2112198,2025-03-26,31.751215305593277,24,24
2112198,2025-03-30,36.22862314141315,23,23
2112198,2025-04-03,15.893229199780357,24,24
2112198,2025-04-07,27.640393495559692,24,24
2112198,2025-04-11,17.229861095547676,24,24
2112198,2025-04-15,30.336111121707493,24,24
2112198,2025-04-19,9.822743049098387,24,24
2112198,2025-04-23,12.356481490863693,24,24
2112198,2025-04-27,4.344039356542958,24,24
2112198,2025-05-01,8.578282826401368,24,24
2112198,2025-05-05,12.010300944248835,24,24
2112198,2025-05-09,7.633391208946705,24,24
2112198,2025-05-13,8.828067116439342,24,24
2112198,2025-05-17,11.997143304765677,24,24
2112198,2025-05-21,17.735763925645085,24,24
2112198,2025-05-25,5.691840278191699,24,24
2112198,2025-05-29,6.529918971161048,24,24
2112198,2025-06-02,11.130681810957013,11,11
2112198,2025-06-06,15.393923611050903,24,24
2112198,2025-06-10,17.46880786617597,24,24
2112198,2025-06-14,11.714236112104523,24,24
2112198,2025-06-18,19.456886609395344,24,24
2112198,2025-06-22,8.087499984796496,23,23
2112198,2025-06-26,6.655324068334367,24,24
2112198,2025-06-30,8.258159723960691,24,24
2112198,2025-07-04,12.709432895812723,24,24
2112198,2025-07-08,9.746791359842426,24,24
2112198,2025-07-12,7.058680545124743,24,24
2112198,2025-07-16,17.316840254598194,24,24
2112198,2025-07-20,9.574305550919638,24,24
2112198,2025-07-24,3.9909722093078823,24,24
2112198,2025-07-28,9.261747698506548,24,24
2112198,2025-08-01,8.127714646961351,24,24
2112198,2025-08-05,14.432118051581911,24,24
2112198,2025-08-09,9.69785878724522,24,24
2112198,2025-08-13,14.11643518341912,24,24
2112198,2025-08-17,17.714583311643867,24,24
2112198,2025-08-21,21.91823971452135,24,24
2112198,2025-08-25,4.591882382867613,24,24
2112198,2025-08-29,9.84965276883708,24,24
2112198,2025-09-02,25.969401343242087,24,24
2112198,2025-09-06,26.19807970192697,24,24
2112198,2025-09-10,21.334232945695067,24,24
2112198,2025-09-14,15.093171323339144,24,24
2112198,2025-09-18,7.735448226821844,24,24
2112198,2025-09-22,9.37479481341863,24,24
2112198,2025-09-26,6.3653040824915825,24,24
2112198,2025-09-30,6.721906565656565,12,12
2112198,2025-10-04,23.723937198067635,23,23
2112198,2025-10-08,15.624426557239056,24,24
2112198,2025-10-12,17.4089436026936,24,24
2112198,2025-10-16,34.12001262626263,24,24
2112198,2025-10-20,43.21295214045214,21,21
2112198,2025-10-24,7.508745791245791,24,24
2112198,2025-10-28,8.108730008417508,24,24
2112198,2025-11-01,29.46262521043771,24,24
2112198,2025-11-05,37.64402173913044,23,23
2112198,2025-11-09,32.8984375,24,24
2112198,2025-11-13,45.469878129117255,23,23
2112198,2025-11-17,13.162442607897152,22,22
2112198,2025-11-21,27.408680555555552,24,24
2112198,2025-11-25,24.802430555555556,24,24
2112198,2025-12-11,24.96757814519935,24,24
2112198,2025-12-15,26.38515348518104,19,19
2112198,2025-12-19,69.53988373014663,24,24
2112198,2025-12-23,36.62501217259301,24,24
2112198,2025-12-27,49.30277777777778,24,24
2112198,2025-12-31,15.95758332014084,24,24
1850659,2025-01-01,17.817764999999998,24,24
1850659,2025-01-05,1.8652787083333333,24,24
1850659,2025-01-09,1.1993057916666667,24,24
1850659,2025-01-13,4.658055833333333,24,24
1850659,2025-01-17,1.1784725416666666,24,24
1850659,2025-01-21,0.5993057083333334,24,24
1850659,2025-01-25,1.3937503333333332,24,24
1850659,2025-01-29,1.2673607500000001,24,24
1850659,2025-02-02,3.0430547916666666,24,24
1850659,2025-02-06,6.672222333333334,24,24
1850659,2025-02-10,3.06319375,24,24
1850659,2025-02-14,0.9916668333333334,24,24
1850659,2025-02-18,1.165277375,24,24
1850659,2025-02-22,1.3236112500000001,24,24
1850659,2025-02-26,1.8055566666666667,24,24
1850659,2025-03-02,7.286110833333333,24,24
1850659,2025-03-06,2.7388895833333335,24,24
1850659,2025-03-10,2.790555,24,24
1850659,2025-03-14,3.2708342916666666,24,24
1850659,2025-03-18,4.7909733333333335,24,24
1850659,2025-03-22,1.7395829166666665,24,24
1850659,2025-03-26,1.3888854166666667,24,24
1850659,2025-03-30,3.6513945833333334,24,24
1850659,2025-04-03,3.995833333333333,24,24
1850659,2025-04-07,7.049741666666667,24,24
1850659,2025-04-11,5.0236125,24,24
1850659,2025-04-15,1.1270808333333333,24,24
1850659,2025-04-19,3.7972208333333337,24,24
1850659,2025-04-23,8.638195833333333,24,24
1850659,2025-04-27,1.5076358333333333,24,24
1850659,2025-05-01,2.8013545454545454,22,24
1850659,2025-05-05,1.7568108695652174,23,24
1850659,2025-05-09,4.267354166666666,24,24
1850659,2025-05-13,3.6923624999999998,24,24
1850659,2025-05-17,4.872358333333334,24,24
1850659,2025-05-21,4.963466666666666,24,24
1850659,2025-05-25,1.5241625,24,24
1850659,2025-05-29,1.1840279166666667,24,24
1850659,2025-06-02,1.95958875,24,24
1850659,2025-06-06,1.5404166666666665,24,24
1850659,2025-06-10,6.651370833333334,24,24
1850659,2025-06-14,6.522220833333333,24,24
1850659,2025-06-18,1.48542375,24,24
1850659,2025-06-22,3.5013887500000003,24,24
1850659,2025-06-26,0.67222625,24,24
1850659,2025-06-30,1.3541666666666667,24,24
1850659,2025-07-04,1.6777875,24,24
1850659,2025-07-08,0.5819445833333333,24,24
1850659,2025-07-12,1.6076458333333334,24,24
1850659,2025-07-16,3.6715291666666663,24,24
1850659,2025-07-28,0.0,2,22
1850659,2025-08-01,0.0,3,23
1850659,2025-08-05,4.519730833333333,24,24
1850659,2025-08-09,1.4729220833333334,24,24
1850659,2025-08-13,1.1275291304347825,23,24
1850659,2025-08-17,2.67306125,24,24
1850659,2025-08-21,1.04,14,24
1850659,2025-08-25,0.49930583333333334,24,24
1850659,2025-08-29,2.9556958333333334,24,24
1850659,2025-09-02,1.1118025,24,24
1850659,2025-09-06,1.1222195833333333,24,24
1850659,2025-09-10,1.1229108333333333,24,24
1850659,2025-09-14,0.636805,24,24
1850659,2025-09-18,1.4048637499999999,24,24
1850659,2025-09-22,4.518879166666667,24,24
1850659,2025-09-26,3.6854099999999996,24,24
1850659,2025-09-30,3.495546666666667,15,24
1850659,2025-10-04,2.7902791666666666,24,24
1850659,2025-10-08,7.913930833333333,24,24
1850659,2025-10-12,2.1875041666666664,24,24
1850659,2025-10-16,1.4334720833333332,24,24
1850659,2025-10-20,0.5560581818181819,22,24
1850659,2025-10-24,1.28139,24,24
1850659,2025-10-28,0.28361225,24,24
1850659,2025-11-01,0.69889375,24,24
1850659,2025-11-05,0.56013625,24,24
1850659,2025-11-09,1.5291708333333334,24,24
1850659,2025-11-13,5.1499999999999995,24,24
1850659,2025-11-17,1.0798658333333333,24,24
1850659,2025-11-21,3.03195,24,24
1850659,2025-11-25,1.9152816666666668,24,24
1850659,2025-11-29,0.98958375,24,24
1850659,2025-12-03,1.3173666666666668,24,24
1850659,2025-12-07,0.6252775,24,24
1850659,2025-12-11,3.7270833333333333,24,24
1850659,2025-12-15,0.2923620833333333,24,24
1850659,2025-12-19,1.20764125,24,24
1850659,2025-12-23,3.9715249999999997,24,24
1850659,2025-12-27,3.7444458333333333,24,24
1850659,2025-12-31,10.645195833333334,24,24
3118005,2025-02-14,23.15474598358075,24,24
3118005,2025-02-18,28.20484158198039,5,5
3118005,2025-02-22,24.06083147969223,23,23
3118005,2025-03-10,27.50343981960364,19,19
3118005,2025-03-26,29.092916680706875,24,24
3118005,2025-03-30,30.582921880814766,24,24
3118005,2025-04-03,22.961708347002666,24,24
3118005,2025-04-07,20.48909649932594,19,19
3118005,2025-04-11,12.90935070057296,24,24
3118005,2025-04-15,11.32387597769223,24,24
3118005,2025-04-19,6.355916668557459,24,24
3118005,2025-04-23,17.67583859168614,24,24
3118005,2025-04-27,5.522508035997173,24,24
3118005,2025-05-01,13.876701381471422,24,24
3118005,2025-05-05,12.458982641084326,24,24
3118005,2025-05-09,20.98938537016511,24,24
3118005,2025-05-13,9.221863749437034,24,24
3118005,2025-05-17,18.280861144471498,24,24
3118005,2025-05-21,10.991482636322162,24,24
3118005,2025-05-25,5.887645818008523,24,24
3118005,2025-05-29,16.408376716340733,24,24
3118005,2025-06-02,5.194489595790704,8,8
3118005,2025-06-06,11.039305541793711,24,24
3118005,2025-06-10,6.414513872845823,24,24
3118005,2025-06-14,8.613143921681596,24,24
3118005,2025-06-18,6.709703144319874,24,24
3118005,2025-06-22,6.297994562249253,23,23
3118005,2025-06-26,16.205394046885583,24,24
3118005,2025-06-30,8.979346062806952,24,24
3118005,2025-07-04,3.660687498334381,24,24
3118005,2025-07-08,10.037384232299194,24,24
3118005,2025-07-12,10.2547985919001,24,24
3118005,2025-07-16,11.909288230119273,24,24
3118005,2025-07-20,3.6585815963464685,24,24
3118005,2025-07-24,18.762788148532206,24,24
3118005,2025-08-09,12.960367617135246,15,15
3118005,2025-08-13,10.128822850115183,24,24
3118005,2025-09-06,22.009168413778145,8,8
3118005,2025-09-10,11.14042071527284,24,24
3118005,2025-09-14,13.259266815018945,24,24
3118005,2025-09-18,16.434920131332344,24,24
3118005,2025-09-22,7.221781819256851,24,24
3118005,2025-09-26,23.228265075994376,24,24
3118005,2025-09-30,8.733873193792027,23,23
3118005,2025-10-04,16.93126812172685,23,23
3118005,2025-10-08,13.73451852067805,24,24
3118005,2025-10-12,11.894945598500607,24,24
3118005,2025-10-16,18.64725056586925,24,24
3118005,2025-10-20,12.035177188048326,21,21
3118005,2025-10-24,24.986509859092806,24,24
3118005,2025-10-28,9.665931714207142,24,24
3118005,2025-11-01,4.520772570882131,24,24
3118005,2025-11-05,17.669989130001714,23,23
3118005,2025-11-09,11.000347222222222,24,24
3118005,2025-11-13,19.958199287713438,23,23
3118005,2025-11-17,5.1605606067022585,22,22
3118005,2025-11-21,23.388331558527767,24,24
3118005,2025-11-25,11.213687494924912,24,24
3118005,2025-11-29,18.185520254068628,24,24
3118005,2025-12-03,13.167786461270104,24,24
3118005,2025-12-07,19.856067724691496,24,24
3118005,2025-12-11,18.627812475835285,24,24
3118005,2025-12-15,14.075354170364639,24,24
3118005,2025-12-19,24.296444454458026,24,24
3118005,2025-12-23,11.57726388855113,24,24
3118005,2025-12-27,11.737539350324207,24,24
3118005,2025-12-31,23.596187488248365,24,24
1917100,2025-01-01,50.645833333333336,24,24
1917100,2025-01-05,34.33229813664596,23,23
1917100,2025-01-09,8.85737812911726,23,23
1917100,2025-01-13,23.035714285714285,7,7
1917100,2025-02-14,50.7689393939394,24,24
1917100,2025-02-18,40.85069444444444,24,24
1917100,2025-02-22,41.71875,24,24
1917100,2025-02-26,71.97569444444444,24,24
1917100,2025-03-02,31.444444444444443,24,24
1917100,2025-03-06,36.635416666666664,24,24
1917100,2025-03-10,24.711805555555557,24,24
1917100,2025-03-14,26.528409090909093,24,24
1917100,2025-03-18,19.727588383838384,24,24
1917100,2025-03-22,35.11805555555556,24,24
1917100,2025-03-26,34.229166666666664,24,24
1917100,2025-03-30,35.641304347826086,23,23
1917100,2025-04-03,29.131944444444443,24,24
1917100,2025-04-07,7.6811868686868685,24,24
1917100,2025-04-11,12.642361111111112,24,24
1917100,2025-04-15,28.64236111111111,24,24
1917100,2025-04-19,6.552083333333333,24,24
1917100,2025-04-23,12.524305555555555,24,24
1917100,2025-04-27,8.805555555555555,24,24
1917100,2025-05-01,17.015151515151516,24,24
1917100,2025-05-05,15.954861111111112,24,24
1917100,2025-05-09,13.245580808080808,24,24
1917100,2025-05-13,15.916666666666666,24,24
1917100,2025-05-17,9.659406565656566,24,24
1917100,2025-05-21,19.17361111111111,24,24
1917100,2025-05-25,9.677083333333334,24,24
1917100,2025-05-29,4.016414141414141,24,24
1917100,2025-06-02,12.712121212121213,11,11
1917100,2025-06-06,12.545833333333334,24,24
1917100,2025-06-10,18.657512626262626,24,24
1917100,2025-06-14,8.319444444444445,24,24
1917100,2025-06-18,18.54513888888889,24,24
1917100,2025-06-22,11.543478260869565,23,23
1917100,2025-06-26,11.739583333333334,24,24
1917100,2025-06-30,10.64236111111111,24,24
1917100,2025-07-04,18.149305555555554,24,24
1917100,2025-07-08,8.79513888888889,24,24
1917100,2025-07-12,8.76736111111111,24,24
1917100,2025-07-16,12.732638888888888,24,24
1917100,2025-07-20,13.069444444444445,24,24
1917100,2025-07-24,9.708333333333334,24,24
1917100,2025-07-28,15.032512626262625,24,24
1917100,2025-08-01,7.458333333333333,24,24
1917100,2025-08-05,9.8125,24,24
1917100,2025-08-09,14.947916666666666,24,24
1917100,2025-08-13,18.922348484848484,24,24
1917100,2025-08-17,21.609848484848484,24,24
1917100,2025-08-21,22.05798611111111,24,24
1917100,2025-08-25,8.600347222222222,24,24
1917100,2025-08-29,12.179282407407406,24,24
1917100,2025-09-02,12.828330176767677,24,24
1917100,2025-09-06,4.796611952861952,24,24
1917100,2025-09-10,30.062184343434343,24,24
1917100,2025-09-14,14.833212331649833,24,24
1917100,2025-09-18,7.166792929292929,24,24
1917100,2025-09-22,8.88220223063973,24,24
1917100,2025-09-26,13.318456138768639,24,24
1917100,2025-09-30,14.879184704184706,22,22
1917100,2025-10-04,29.43491985068072,23,23
1917100,2025-10-08,12.203511303511304,24,24
1917100,2025-10-12,16.771948653198653,24,24
1917100,2025-10-16,27.928709716209713,24,24
1917100,2025-10-20,18.590145502645505,21,21
1917100,2025-10-24,2.6725333694083697,24,24
1917100,2025-10-28,8.27214663643235,21,21
1917100,2025-11-01,27.171891534391534,24,24
1917100,2025-11-05,28.85490777338603,23,23
1917100,2025-11-09,49.01215277777778,24,24
1917100,2025-11-13,23.852931488801055,23,23
1917100,2025-11-17,30.04356060606061,22,22
1917100,2025-11-21,29.215277777777775,24,24
1917100,2025-11-25,29.75173611111111,24,24
1917100,2025-11-29,62.31944444444445,24,24
1917100,2025-12-03,45.416666666666664,24,24
1917100,2025-12-07,36.03267045454545,24,24
1917100,2025-12-11,34.921875,24,24
1917100,2025-12-15,16.15798611111111,24,24
1917100,2025-12-19,58.25868055555555,24,24
1917100,2025-12-23,32.29861111111111,24,24
1917100,2025-12-27,40.411458333333336,24,24
1917100,2025-12-31,8.256944444444445,24,24
