id,date,pm25,n_ok,n_raw
3493787,2025-02-26,17.7686121234527,13,13
3493787,2025-03-02,145.8897615008884,15,15
3493787,2025-03-18,62.97653675874074,8,8
3493787,2025-03-30,5.9200555595258875,24,24
3493787,2025-04-03,51.879200710190666,24,24
3493787,2025-04-07,44.685182889302574,24,24
3493787,2025-04-11,56.20220290033103,24,24
3493787,2025-04-15,27.00310594174597,24,24
3493787,2025-04-19,34.91068222787645,24,24
3493787,2025-04-23,46.52808873918321,15,15
3493787,2025-04-27,41.819597317112816,24,24
3493787,2025-05-01,30.714375178019207,5,5
3493787,2025-05-05,42.5119566321373,24,24
3493787,2025-05-09,33.41139242384169,24,24
3493787,2025-05-13,25.388333449523415,19,19
3493787,2025-05-17,26.571651144367124,24,24
3493787,2025-05-21,21.06611316544669,7,7
3493787,2025-06-02,11.966982156747862,7,7
3493787,2025-06-06,25.43460885518127,24,24
3493787,2025-06-10,8.048117442056537,24,24
3493787,2025-06-14,3.3220017356280653,24,24
3493787,2025-06-18,7.48564754846868,24,24
3493787,2025-06-22,16.6249873197597,23,23
3493787,2025-06-26,5.00156597504651,24,24
3493787,2025-06-30,12.865877859294415,24,24
3493787,2025-07-04,9.16347220630592,24,24
3493787,2025-07-08,6.5491458238878595,24,24
3493787,2025-07-12,13.906473353505135,24,24
3493787,2025-07-16,6.166767370602529,24,24
3493787,2025-07-20,3.5673854059229293,24,24
3493787,2025-07-24,5.401026035969456,24,24
3493787,2025-07-28,4.9558698005922555,24,24
3493787,2025-08-01,18.955906276901562,24,24
3493787,2025-08-05,17.822186378425815,24,24
3493787,2025-08-09,17.339374973231717,24,24
3493787,2025-08-13,30.36611460563209,24,24
3493787,2025-08-17,6.604345511244092,24,24
3493787,2025-08-21,13.549220526746163,24,24
3493787,2025-08-25,3.112563668155215,24,24
3493787,2025-08-29,7.520240140820129,24,24
3493787,2025-09-02,3.5086923376057353,24,24
3493787,2025-09-06,4.223526609880436,24,24
3493787,2025-09-10,8.58443888554566,24,24
3493787,2025-09-14,7.637686950361563,24,24
3493787,2025-09-18,7.794789380930727,24,24
3493787,2025-09-22,5.32650810722003,24,24
3493787,2025-09-26,1.7389432894673922,24,24
3493787,2025-09-30,1.7050283726412747,23,23
3493787,2025-10-08,14.068791640883623,24,24
3493787,2025-10-12,9.330494823464607,24,24
3493787,2025-10-16,6.612942833679192,24,24
3493787,2025-10-20,34.21974812613593,21,21
3493787,2025-10-24,5.417713072617235,24,24
3493787,2025-10-28,10.437112283323787,24,24
3493787,2025-11-01,2.7642922440905955,24,24
3493787,2025-11-05,4.4922916610701344,13,13
3493787,2025-11-09,15.54121180365069,24,24
3493787,2025-11-17,10.98764321590087,10,10
2847192,2025-01-01,44.9395482606358,24,24
2847192,2025-01-05,57.74145584636264,24,24
2847192,2025-01-09,80.35754083886157,23,23
2847192,2025-01-13,106.85773785909016,1,1
2847192,2025-02-14,82.3466374803243,24,24
2847192,2025-02-18,35.98942422866821,24,24
2847192,2025-02-22,53.086210184627106,24,24
2847192,2025-02-26,21.291318174865513,24,24
2847192,2025-03-02,35.065529621404316,24,24
2847192,2025-03-06,28.566479606459836,24,24
2847192,2025-03-10,44.442341952286064,24,24
2847192,2025-03-14,32.36953264121656,24,24
2847192,2025-03-18,44.92838744322459,24,24
2847192,2025-03-22,64.16689805189769,24,24
2847192,2025-03-26,59.38762707641159,23,23
2847192,2025-03-30,48.41526132822037,24,24
2847192,2025-04-03,66.24278910292519,24,24
2847192,2025-04-07,64.57504500283135,24,24
2847192,2025-04-11,45.66011898385154,24,24
2847192,2025-04-15,51.96506088972092,24,24
2847192,2025-04-19,30.358668602175182,24,24
2847192,2025-04-23,30.783809585703747,24,24
2847192,2025-04-27,26.96924402233627,24,24
2847192,2025-05-01,45.642298530408425,24,24
2847192,2025-05-05,24.146172818812456,24,24
2847192,2025-05-09,112.42276501655579,1,1
2847192,2025-05-25,20.06529634859827,24,24
2847192,2025-05-29,12.774167709454657,24,24
2847192,2025-06-02,5.99609694310597,7,7
2847192,2025-06-06,20.03497259490418,24,24
2847192,2025-06-10,8.186509335181528,24,24
2847192,2025-06-14,7.574144742555088,24,24
2847192,2025-06-18,4.223887233963857,24,24
2847192,2025-06-22,6.849730403257022,23,23
2847192,2025-06-30,10.349645225763924,24,24
2847192,2025-07-04,11.272039932885555,24,24
2847192,2025-07-08,16.090730420417255,24,24
2847192,2025-07-12,11.9813285453452,24,24
2847192,2025-07-16,11.83867550781279,23,23
2847192,2025-07-20,6.149510169272414,24,24
2847192,2025-07-24,14.404724648015367,24,24
2847192,2025-07-28,23.549863543775345,24,24
2847192,2025-08-01,19.30551810306732,24,24
2847192,2025-08-05,14.417354934083091,24,24
2847192,2025-08-09,16.99566592607233,24,24
2847192,2025-08-13,12.01397519987641,24,24
2847192,2025-08-17,15.383951676506845,24,24
2847192,2025-08-21,18.35376900682847,24,24
2847192,2025-08-25,13.216697944643022,24,24
2847192,2025-08-29,20.982553290658526,24,24
2847192,2025-09-02,13.800267772171546,24,24
2847192,2025-09-10,12.280644832220341,24,24
2847192,2025-09-14,36.76084156477893,24,24
2847192,2025-09-18,5.304314615979856,24,24
2847192,2025-09-22,5.724657424084015,24,24
2847192,2025-09-26,5.180288297127304,24,24
2847192,2025-09-30,8.591334774303231,23,23
2847192,2025-10-04,28.617931231614214,23,23
2847192,2025-10-08,22.46879770538979,24,24
2847192,2025-10-12,21.41312418742076,24,24
2847192,2025-10-16,14.88130655957582,24,24
2847192,2025-10-20,27.097015784069455,21,21
2847192,2025-10-24,15.431820436050652,24,24
2847192,2025-10-28,33.307087456714854,24,24
2847192,2025-11-01,20.777354078605573,24,24
2847192,2025-11-05,10.76572221608718,23,23
2847192,2025-12-15,18.305395956354936,23,23
2847192,2025-12-19,49.040418728665706,24,24
2847192,2025-12-23,38.303315564162205,24,24
2847192,2025-12-27,29.811552549638446,24,24
2847192,2025-12-31,86.1555330968874,23,23
3409448,2025-02-22,48.95044444444444,90,90
3409448,2025-02-26,53.20977777777778,90,90
3409448,2025-03-02,21.174761904761905,84,84
3409448,2025-03-06,40.76375,88,88
3409448,2025-03-10,45.32858823529411,85,85
3409448,2025-03-14,42.694367816091955,87,87
3409448,2025-03-18,50.89157303370787,89,89
3409448,2025-03-22,58.91744186046511,86,86
3409448,2025-03-26,64.28139534883721,86,86
3409448,2025-03-30,99.68564705882353,85,85
3409448,2025-04-03,28.99904761904762,84,84
3409448,2025-04-07,62.94134146341463,82,82
3409448,2025-04-11,36.66428571428571,14,14
3409448,2025-04-15,60.10421052631579,57,57
3409448,2025-04-19,92.95372881355931,59,59
3409448,2025-04-23,24.39855421686747,83,83
3409448,2025-04-27,29.031025641025643,39,39
3409448,2025-05-01,58.98157303370786,89,89
3409448,2025-05-05,47.197558139534884,86,86
3409448,2025-05-09,17.894886363636363,88,88
3409448,2025-05-13,26.13983606557377,61,61
3409448,2025-05-17,22.251149425287355,87,87
3409448,2025-05-21,16.118333333333332,60,60
3409448,2025-05-25,10.131351351351352,37,37
3409448,2025-05-29,25.093999999999998,85,85
3409448,2025-06-02,24.405365853658537,82,82
3409448,2025-06-06,35.99293478260869,92,92
3409448,2025-06-10,33.62632911392405,79,79
3409448,2025-06-14,11.87793103448276,87,87
3409448,2025-06-18,16.729718309859155,71,71
3409448,2025-06-22,15.269620253164556,79,79
3409448,2025-06-26,17.35909090909091,88,88
3409448,2025-06-30,11.656666666666666,45,45
3409448,2025-07-04,8.280526315789475,76,76
3409448,2025-07-08,10.362727272727271,88,88
3409448,2025-07-12,18.023369565217394,92,92
3409448,2025-07-16,15.688666666666666,90,90
3409448,2025-07-20,19.778378378378378,74,74
3409448,2025-07-24,7.603378378378378,74,74
3409448,2025-07-28,16.190263157894737,76,76
3409448,2025-08-01,10.688275862068965,58,58
3409448,2025-08-05,24.206621621621622,74,74
3409448,2025-08-09,13.048059701492537,67,67
3409448,2025-08-13,9.767682926829268,82,82
3409448,2025-08-17,8.02646153846154,65,65
3409448,2025-08-21,15.344303797468354,79,79
3409448,2025-08-25,14.517750000000001,80,80
3409448,2025-08-29,16.56775,80,80
3409448,2025-09-02,14.53609756097561,82,82
3409448,2025-09-06,14.421888888888889,90,90
3409448,2025-09-10,20.8875,76,76
3409448,2025-09-14,21.34797752808989,89,89
3409448,2025-09-18,15.457777777777778,72,72
3409448,2025-09-22,7.19144578313253,83,83
3409448,2025-09-26,13.476231884057972,69,69
3409448,2025-09-30,8.638214285714286,84,84
3409448,2025-10-04,20.256363636363634,88,88
3409448,2025-10-08,31.754673913043476,92,92
3409448,2025-10-12,64.365,80,80
3409448,2025-10-16,27.84604651162791,86,86
3409448,2025-10-20,40.404583333333335,48,48
3409448,2025-10-24,3.4543023255813954,86,86
3409448,2025-10-28,14.896323529411765,68,68
3409448,2025-11-01,6.293013698630137,73,73
3409448,2025-11-05,30.11554347826087,92,92
3409448,2025-11-09,47.919285714285714,84,84
3409448,2025-11-13,57.541875000000005,80,80
3409448,2025-11-17,66.00975,80,80
3409448,2025-11-21,62.686031746031745,63,63
3409448,2025-11-25,49.48833333333334,66,66
3409448,2025-11-29,65.99141025641026,78,78
3409448,2025-12-03,62.88443037974683,79,79
3409448,2025-12-07,65.78010989010988,91,91
3409448,2025-12-11,39.105581395348835,43,43
3409448,2025-12-15,48.42714285714286,21,21
3409448,2025-12-19,46.08625,72,72
3409448,2025-12-23,65.44535211267605,71,71
3409448,2025-12-27,61.568474576271186,59,59
3409448,2025-12-31,113.24794117647059,68,68
3409487,2025-02-22,48.336774193548386,93,93
3409487,2025-02-26,61.386086956521744,92,92
3409487,2025-03-02,35.6155,20,20
3409487,2025-03-06,54.454318181818174,88,88
3409487,2025-03-10,57.566097560975614,41,41
3409487,2025-03-14,60.063478260869566,92,92
3409487,2025-03-18,50.1578494623656,93,93
3409487,2025-03-22,29.104597701149423,87,87
3409487,2025-03-26,29.074835164835164,91,91
3409487,2025-03-30,51.9278021978022,91,91
3409487,2025-04-03,35.49481012658228,79,79
3409487,2025-04-07,45.7064367816092,87,87
3409487,2025-04-11,9.5425,16,16
3409487,2025-04-15,42.87070175438597,57,57
3409487,2025-04-19,41.32724137931035,87,87
3409487,2025-04-23,63.423658536585364,82,82
3409487,2025-04-27,38.36025641025641,78,78
3409487,2025-05-01,65.06383720930232,86,86
3409487,2025-05-05,51.07060975609756,82,82
3409487,2025-05-09,35.45074074074074,54,54
3409487,2025-05-13,54.52825,80,80
3409487,2025-05-17,21.811034482758622,29,29
3409487,2025-05-21,72.15142857142857,70,70
3409487,2025-05-25,147.26538461538462,26,26
3409487,2025-05-29,30.02265625,64,64
3409487,2025-06-02,33.29464788732395,71,71
3409487,2025-06-06,33.52695652173913,23,23
3409487,2025-06-10,33.236315789473686,76,76
3409487,2025-06-26,14.90074074074074,81,81
3409487,2025-06-30,21.77584905660377,53,53
3409487,2025-07-04,14.702857142857143,70,70
3409487,2025-07-08,16.959024390243904,82,82
3409487,2025-07-12,7.360574712643678,87,87
3409487,2025-07-16,8.435238095238095,84,84
3409487,2025-07-20,18.663827160493828,81,81
3409487,2025-07-24,10.572857142857144,77,77
3409487,2025-07-28,9.430459770114943,87,87
3409487,2025-08-01,10.692115384615384,52,52
3409487,2025-08-05,9.591323529411765,68,68
3409487,2025-08-09,20.318591549295775,71,71
3409487,2025-08-13,18.283164556962024,79,79
3409487,2025-08-17,8.018488372093024,86,86
3409487,2025-08-21,7.874938271604939,81,81
3409487,2025-08-25,6.453571428571429,84,84
3409487,2025-08-29,14.687215189873417,79,79
3409487,2025-09-02,9.652911392405064,79,79
3409487,2025-09-06,11.149999999999999,82,82
3409487,2025-09-10,24.197375,80,80
3409487,2025-09-14,28.327411764705882,85,85
3409487,2025-09-18,16.03878787878788,66,66
3409487,2025-09-22,11.826506024096386,83,83
3409487,2025-09-26,28.053538461538462,65,65
3409487,2025-09-30,10.55952380952381,84,84
3409487,2025-10-04,11.694024390243902,82,82
3409487,2025-10-08,40.620357142857145,84,84
3409487,2025-10-12,67.4821686746988,83,83
3409487,2025-10-16,51.69886075949367,79,79
3409487,2025-10-20,111.51345454545454,55,55
3409487,2025-10-24,22.70894117647059,85,85
3409487,2025-10-28,22.512794117647058,68,68
3409487,2025-11-01,17.789863013698632,73,73
3409487,2025-11-05,45.324945054945054,91,91
3409487,2025-11-09,41.372173913043476,92,92
3409487,2025-11-13,97.39191011235954,89,89
3409487,2025-11-17,69.43609195402298,87,87
3409487,2025-11-21,93.71180722891566,83,83
3409487,2025-11-25,71.34233333333334,90,90
3409487,2025-11-29,54.565824175824176,91,91
3409487,2025-12-03,68.84505494505494,91,91
3409487,2025-12-07,62.99956989247312,93,93
3409487,2025-12-11,64.54621621621622,74,74
3409487,2025-12-15,81.92135802469136,81,81
3409487,2025-12-19,52.24181818181818,88,88
3409487,2025-12-23,60.503493975903616,83,83
3409487,2025-12-27,69.70410256410257,78,78
3409487,2025-12-31,66.77322222222223,90,90
225580,2025-01-01,34.85333333333333,15,15
225580,2025-01-05,34.04,15,15
225580,2025-01-09,56.75,14,14
225580,2025-01-13,41.6764705882353,17,17
225580,2025-01-17,22.3125,16,16
225580,2025-01-21,59.231249999999996,16,16
225580,2025-01-25,58.01538461538462,13,13
225580,2025-01-29,29.518181818181816,11,11
225580,2025-02-02,50.176923076923075,13,13
225580,2025-02-06,34.144999999999996,20,20
225580,2025-02-10,23.282608695652176,23,23
225580,2025-02-14,44.36666666666667,24,24
225580,2025-02-18,20.7625,24,24
225580,2025-02-22,31.043478260869566,23,23
225580,2025-02-26,20.314285714285717,21,21
225580,2025-03-02,19.4,16,16
225580,2025-03-06,16.35217391304348,23,23
225580,2025-03-10,30.27894736842105,19,19
225580,2025-03-14,17.579166666666666,24,24
225580,2025-03-18,19.266666666666666,24,24
225580,2025-03-22,45.45416666666667,24,24
225580,2025-03-26,38.833333333333336,24,24
225580,2025-03-30,32.079166666666666,24,24
225580,2025-04-03,26.36521739130435,23,23
225580,2025-04-07,17.23913043478261,23,23
225580,2025-04-11,22.208333333333332,24,24
225580,2025-04-15,18.504347826086956,23,23
225580,2025-04-19,11.965217391304348,23,23
225580,2025-04-23,14.461904761904762,21,21
225580,2025-05-09,12.570833333333333,24,24
225580,2025-05-13,14.395833333333334,24,24
225580,2025-05-17,22.23478260869565,23,23
225580,2025-05-21,14.286956521739132,23,23
225580,2025-05-25,13.395238095238096,21,21
225580,2025-05-29,11.639130434782608,23,23
225580,2025-06-02,12.019047619047619,21,21
225580,2025-06-06,18.90434782608696,23,23
225580,2025-06-10,12.020833333333334,24,24
225580,2025-06-14,10.422727272727274,22,22
225580,2025-06-18,11.575000000000001,24,24
225580,2025-06-22,10.295652173913044,23,23
225580,2025-06-26,13.145454545454545,22,22
225580,2025-06-30,14.604347826086956,23,23
368406,2025-01-01,35.49166666666667,24,24
368406,2025-01-05,47.43333333333334,24,24
368406,2025-01-09,54.09166666666667,24,24
368406,2025-01-13,39.791666666666664,24,24
368406,2025-01-17,27.474999999999998,24,24
368406,2025-01-21,59.104166666666664,24,24
368406,2025-01-25,62.05833333333334,24,24
368406,2025-01-29,32.84583333333333,24,24
368406,2025-02-02,49.44583333333333,24,24
368406,2025-02-06,33.575,20,20
368406,2025-02-10,23.84166666666667,24,24
368406,2025-02-14,43.13333333333333,24,24
368406,2025-02-18,22.516666666666666,24,24
368406,2025-02-22,33.63333333333333,24,24
368406,2025-02-26,19.5375,24,24
368406,2025-03-02,20.5625,16,16
368406,2025-03-06,17.879166666666666,24,24
368406,2025-03-10,34.862500000000004,24,24
368406,2025-03-14,19.908333333333335,24,24
368406,2025-03-18,21.745833333333334,24,24
368406,2025-03-30,35.645833333333336,24,24
368406,2025-04-03,30.695833333333336,24,24
368406,2025-04-07,19.070833333333333,24,24
368406,2025-04-11,29.445833333333336,24,24
368406,2025-04-15,23.445833333333336,24,24
368406,2025-04-19,15.433333333333332,24,24
368406,2025-04-23,16.481818181818184,22,22
368406,2025-05-09,15.2875,24,24
368406,2025-05-13,17.962500000000002,24,24
368406,2025-05-17,22.541666666666668,24,24
368406,2025-05-21,16.322727272727274,22,22
368406,2025-05-25,14.843478260869563,23,23
368406,2025-05-29,13.404166666666667,24,24
368406,2025-06-02,14.817391304347826,23,23
368406,2025-06-06,20.041666666666668,24,24
368406,2025-06-10,15.004166666666668,24,24
368406,2025-06-14,13.283333333333333,24,24
368406,2025-06-18,12.979166666666666,24,24
368406,2025-06-22,13.762500000000001,24,24
368406,2025-06-26,15.991666666666667,24,24
368406,2025-06-30,15.391666666666666,24,24
368406,2025-08-25,9.555555555555555,9,9
368406,2025-08-29,17.0125,24,24
368406,2025-09-02,13.941666666666668,24,24
368406,2025-09-06,12.708333333333334,24,24
368406,2025-09-10,11.233333333333334,24,24
368406,2025-09-14,17.483333333333334,24,24
368406,2025-09-18,12.370833333333332,24,24
368406,2025-09-22,14.995833333333332,24,24
368406,2025-09-26,15.029166666666667,24,24
368406,2025-09-30,9.924999999999999,24,24
368406,2025-10-04,17.925,24,24
368406,2025-10-08,11.847826086956522,23,23
368406,2025-11-21,16.83809523809524,21,21
368406,2025-11-25,24.90833333333333,24,24
368406,2025-11-29,34.24166666666667,24,24
368406,2025-12-03,44.916666666666664,24,24
368406,2025-12-07,25.7,24,24
368406,2025-12-11,23.925,24,24
368406,2025-12-15,20.691304347826087,23,23
368406,2025-12-19,26.53333333333333,24,24
368406,2025-12-23,27.59166666666667,24,24
368406,2025-12-27,22.791304347826088,23,23
368406,2025-12-31,35.74583333333333,24,24
225576,2025-01-01,31.18,15,15
225576,2025-01-05,28.053333333333335,15,15
225576,2025-01-09,43.271428571428565,14,14
225576,2025-01-13,29.11176470588235,17,17
225576,2025-01-17,15.4125,16,16
225576,2025-01-21,48.45,16,16
225576,2025-01-25,56.62222222222223,18,18
225576,2025-01-29,29.95294117647059,17,17
225576,2025-02-02,36.82173913043478,23,23
225576,2025-02-06,31.485000000000003,20,20
225576,2025-02-10,22.700000000000003,9,9
225576,2025-02-18,11.908333333333333,24,24
225576,2025-02-22,19.669565217391302,23,23
225576,2025-02-26,20.085714285714285,21,21
225576,2025-03-02,12.427777777777777,18,18
225576,2025-03-06,7.978260869565218,23,23
225576,2025-03-10,24.326315789473682,19,19
225576,2025-03-14,12.717391304347826,23,23
225576,2025-03-18,11.029166666666667,24,24
225576,2025-03-22,39.77916666666667,24,24
225576,2025-03-26,28.474999999999998,24,24
225576,2025-03-30,25.95,24,24
225576,2025-04-03,13.57391304347826,23,23
225576,2025-04-07,13.543478260869565,23,23
225576,2025-04-11,12.354545454545455,22,22
225576,2025-04-15,8.55909090909091,22,22
225576,2025-04-19,5.9772727272727275,22,22
225576,2025-04-23,8.776190476190477,21,21
225576,2025-05-09,7.108333333333333,24,24
225576,2025-05-13,5.834782608695652,23,23
225576,2025-05-17,10.761904761904763,21,21
225576,2025-05-25,4.569230769230769,13,13
225576,2025-05-29,6.254545454545454,22,22
225576,2025-06-02,11.890909090909092,22,22
225576,2025-06-06,11.943478260869565,23,23
225576,2025-06-10,10.145833333333334,24,24
225576,2025-06-14,6.2,17,17
225576,2025-06-18,6.072727272727272,22,22
225576,2025-06-22,6.613636363636363,22,22
225576,2025-06-26,9.279166666666667,24,24
225576,2025-06-30,8.891304347826088,23,23
225576,2025-08-25,6.716666666666666,6,6
225576,2025-08-29,10.683333333333332,24,24
225576,2025-09-02,7.343478260869565,23,23
225576,2025-09-06,10.541666666666666,24,24
225576,2025-09-10,6.958333333333333,24,24
225576,2025-09-14,7.46875,16,16
225576,2025-09-18,8.454545454545455,22,22
225576,2025-09-22,9.155,20,20
225576,2025-09-26,8.4,24,24
225576,2025-10-04,11.559999999999999,20,20
225576,2025-10-08,8.723809523809523,21,21
225576,2025-11-21,13.273913043478261,23,23
225576,2025-11-25,16.395454545454545,22,22
225576,2025-11-29,26.72083333333333,24,24
225576,2025-12-03,47.245,20,20
225576,2025-12-07,16.31904761904762,21,21
225576,2025-12-11,18.666666666666668,21,21
225576,2025-12-19,17.173684210526318,19,19
225576,2025-12-23,28.80909090909091,22,22
225576,2025-12-27,17.18,20,20
225576,2025-12-31,25.22083333333333,24,24
4952332,2025-07-04,65.57835750579834,15,15
4952332,2025-07-08,48.93580011526743,24,24
4952332,2025-07-12,40.67880477845067,24,24
4952332,2025-07-16,42.88008783875395,24,24
4952332,2025-07-20,54.391941147621225,22,22
4952332,2025-07-24,57.07637630683788,23,23
4952332,2025-07-28,59.18791317313608,24,24
4952332,2025-08-01,41.86474655071894,24,24
4952332,2025-08-05,41.674717873515505,20,20
4952332,2025-08-09,36.816217217180466,24,24
4952332,2025-08-13,59.07739028414607,24,24
4952332,2025-08-17,49.965275224008,23,23
4952332,2025-08-21,46.214675436414396,21,21
4952332,2025-08-25,23.295863039079666,23,23
4952332,2025-08-29,44.6727596256468,24,24
4952332,2025-09-02,25.97453168935773,24,24
4952332,2025-09-06,41.71896466414134,15,15
4952332,2025-09-10,41.6619741586093,24,24
4952332,2025-09-14,61.8948945115311,24,24
4952332,2025-09-18,48.27320503638973,23,23
4952332,2025-09-22,76.01498041291167,23,23
4952332,2025-09-26,64.71457835413983,23,23
4952332,2025-09-30,104.61071442313818,23,23
4952332,2025-10-04,51.63139704116667,22,22
4952332,2025-10-08,90.16535164097745,24,24
4952332,2025-10-12,102.39010904276813,24,24
4952332,2025-10-16,114.9346453719669,20,20
4952332,2025-10-20,139.88738481372982,20,20
4952332,2025-10-24,134.42958876373032,19,19
4952332,2025-10-28,163.7596129523383,24,24
4952332,2025-11-01,163.24227605733003,24,24
4952332,2025-11-09,141.30023154505977,18,18
4952332,2025-11-13,173.77571957173973,21,21
4952332,2025-11-17,222.53021111921828,22,22
4952332,2025-11-21,245.0856306506048,23,23
4952332,2025-11-25,210.18361574792004,23,23
4952332,2025-11-29,205.01311070409952,23,23
4952332,2025-12-03,214.2524077014891,24,24
4952332,2025-12-07,231.6845021382727,22,22
4952332,2025-12-11,238.20847377504163,24,24
4952332,2025-12-15,312.6229284507641,23,23
4952332,2025-12-19,252.10434878993112,24,24
4952332,2025-12-23,101.30845245817294,24,24
4952332,2025-12-27,150.4569202668739,24,24
4952332,2025-12-31,112.71155967038088,18,18
5614,2025-02-22,63.76333333333333,90,90
5614,2025-02-26,95.64805194805194,77,77
5614,2025-03-02,73.13176470588235,85,85
5614,2025-03-06,69.61609195402299,87,87
5614,2025-03-10,68.08505747126436,87,87
5614,2025-03-14,48.94239130434782,92,92
5614,2025-03-18,43.46043956043956,91,91
5614,2025-03-22,29.11704545454546,88,88
5614,2025-03-26,48.56483516483516,91,91
5614,2025-03-30,63.57888888888889,90,90
5614,2025-04-03,42.230588235294114,85,85
5614,2025-04-07,22.066666666666666,84,84
5614,2025-04-11,30.033333333333335,15,15
5614,2025-04-15,40.46440677966102,59,59
5614,2025-04-19,45.56744186046512,86,86
5614,2025-04-23,43.40449438202247,89,89
5614,2025-04-27,35.89222222222222,90,90
5614,2025-05-01,39.19777777777778,90,90
5614,2025-05-05,34.63181818181818,88,88
5614,2025-05-09,40.57032967032967,91,91
5614,2025-05-13,37.952439024390245,82,82
5614,2025-05-17,25.651685393258425,89,89
5614,2025-05-21,23.83239436619718,71,71
5614,2025-05-25,20.215384615384615,65,65
5614,2025-05-29,17.817460317460316,63,63
5614,2025-06-02,56.165060240963854,83,83
5614,2025-06-06,44.71208791208792,91,91
5614,2025-06-10,47.98780487804878,82,82
5614,2025-06-14,31.33956043956044,91,91
5614,2025-06-18,18.507142857142856,84,84
5614,2025-06-22,29.290243902439027,82,82
5614,2025-06-26,12.671264367816093,87,87
5614,2025-06-30,23.322222222222223,54,54
5614,2025-07-04,25.552,75,75
5614,2025-07-08,17.744318181818183,88,88
5614,2025-07-12,29.084615384615383,91,91
5614,2025-07-16,34.032954545454544,88,88
5614,2025-07-20,22.835164835164836,91,91
5614,2025-07-24,25.98170731707317,82,82
5614,2025-07-28,26.44777777777778,90,90
5614,2025-08-01,29.45614035087719,57,57
5614,2025-08-05,27.923684210526314,76,76
5614,2025-08-09,24.184810126582278,79,79
5614,2025-08-13,16.951724137931034,87,87
5614,2025-08-17,16.505494505494507,91,91
5614,2025-08-21,25.130681818181817,88,88
5614,2025-08-25,32.842528735632186,87,87
5614,2025-08-29,22.37272727272727,88,88
5614,2025-09-02,21.265882352941176,85,85
5614,2025-09-06,29.309782608695652,92,92
5614,2025-09-10,32.967045454545456,88,88
5614,2025-09-14,23.452173913043477,92,92
5614,2025-09-18,26.677142857142858,70,70
5614,2025-09-22,36.30113636363637,88,88
5614,2025-09-26,28.005714285714287,70,70
5614,2025-09-30,28.093406593406595,91,91
5614,2025-10-04,25.05934065934066,91,91
5614,2025-10-08,38.23176470588235,85,85
5614,2025-10-12,45.606521739130436,92,92
5614,2025-10-16,77.71931818181818,88,88
5614,2025-10-20,80.69166666666666,60,60
5614,2025-10-24,94.01868131868133,91,91
5614,2025-10-28,72.72,65,65
5614,2025-11-01,33.73827160493828,81,81
5614,2025-11-05,137.7945054945055,91,91
5614,2025-11-09,86.85411764705883,85,85
5614,2025-11-13,130.30823529411765,85,85
5614,2025-11-17,96.14545454545454,88,88
5614,2025-11-21,143.13444444444445,90,90
5614,2025-11-25,150.7011235955056,89,89
5614,2025-11-29,119.32197802197801,91,91
5614,2025-12-03,177.11190476190475,84,84
5614,2025-12-07,103.77333333333334,90,90
5614,2025-12-11,94.6921052631579,76,76
5614,2025-12-15,60.66867469879518,83,83
5614,2025-12-19,83.82588235294118,85,85
5614,2025-12-23,103.52696629213483,89,89
5614,2025-12-27,115.34864864864863,74,74
5614,2025-12-31,87.82247191011236,89,89
7840,2025-01-01,21.98,15,15
7840,2025-01-05,27.80666666666667,15,15
7840,2025-01-09,50.5,14,14
7840,2025-01-13,32.294117647058826,17,17
7840,2025-01-17,19.83125,16,16
7840,2025-01-21,46.333333333333336,15,15
7840,2025-01-25,63.888888888888886,18,18
7840,2025-01-29,28.341176470588238,17,17
7840,2025-02-02,45.917391304347824,23,23
7840,2025-02-06,31.4,20,20
7840,2025-02-10,21.630434782608695,23,23
7840,2025-02-14,44.458333333333336,24,24
7840,2025-02-18,19.104166666666668,24,24
7840,2025-02-22,27.827272727272728,22,22
7840,2025-02-26,19.990000000000002,20,20
7840,2025-03-02,16.936842105263157,19,19
7840,2025-03-06,13.383333333333333,24,24
7840,2025-03-10,28.531578947368423,19,19
7840,2025-03-14,16.639130434782608,23,23
7840,2025-03-18,18.191666666666666,24,24
7840,2025-03-22,41.34166666666667,24,24
7840,2025-03-30,31.375,24,24
7840,2025-04-03,21.756521739130434,23,23
7840,2025-04-07,16.991304347826087,23,23
7840,2025-04-11,18.633333333333333,24,24
7840,2025-04-15,12.195833333333333,24,24
7840,2025-04-19,9.065217391304348,23,23
7840,2025-04-23,11.504761904761905,21,21
7840,2025-05-09,10.5875,24,24
7840,2025-05-13,10.839130434782607,23,23
7840,2025-05-17,17.804347826086957,23,23
7840,2025-05-21,10.495454545454546,22,22
7840,2025-05-25,11.708333333333334,24,24
7840,2025-05-29,9.645833333333334,24,24
7840,2025-06-02,11.114285714285714,21,21
7840,2025-06-06,17.533333333333335,24,24
7840,2025-06-10,10.304166666666667,24,24
7840,2025-06-14,7.7625,24,24
7840,2025-06-18,8.095652173913043,23,23
7840,2025-06-22,6.741666666666667,24,24
7840,2025-06-26,10.76086956521739,23,23
7840,2025-06-30,21.375,20,20
7840,2025-08-25,7.633333333333333,6,6
7840,2025-08-29,11.870833333333332,24,24
7840,2025-09-02,8.021739130434783,23,23
7840,2025-09-06,9.895652173913044,23,23
7840,2025-09-10,6.7250000000000005,24,24
7840,2025-09-14,13.46875,16,16
7840,2025-09-18,7.734782608695652,23,23
7840,2025-09-22,8.333333333333334,21,21
7840,2025-09-26,8.3,23,23
7840,2025-09-30,5.8,24,24
7840,2025-10-04,16.89047619047619,21,21
7840,2025-10-08,6.925,20,20
7840,2025-12-19,14.56086956521739,23,23
7840,2025-12-23,19.224999999999998,24,24
7840,2025-12-27,14.74,15,15
3409505,2025-02-22,36.175,40,40
3409505,2025-02-26,78.0989010989011,91,91
3409505,2025-03-02,59.392857142857146,84,84
3409505,2025-03-06,62.29213483146067,89,89
3409505,2025-03-10,53.86746987951807,83,83
3409505,2025-03-14,35.09782608695652,92,92
3409505,2025-03-18,29.75824175824176,91,91
3409505,2025-03-22,24.186813186813186,91,91
3409505,2025-03-26,37.43333333333333,90,90
3409505,2025-03-30,37.53333333333333,90,90
3409505,2025-04-03,25.488636363636363,88,88
3409505,2025-04-07,12.80722891566265,83,83
3409505,2025-04-11,23.133333333333333,15,15
3409505,2025-04-15,26.28813559322034,59,59
3409505,2025-04-19,27.413793103448278,87,87
3409505,2025-04-23,24.087912087912088,91,91
3409505,2025-04-27,38.666666666666664,90,90
3409505,2025-05-01,15.1,90,90
3409505,2025-05-05,32.151162790697676,86,86
3409505,2025-05-09,45.53260869565217,92,92
3409505,2025-05-13,31.555555555555557,81,81
3409505,2025-05-17,31.303370786516854,89,89
3409505,2025-05-21,14.070422535211268,71,71
3409505,2025-05-25,24.338709677419356,62,62
3409505,2025-05-29,28.824175824175825,91,91
3409505,2025-06-02,44.12,75,75
3409505,2025-06-06,32.40217391304348,92,92
3409505,2025-06-10,33.44444444444444,81,81
3409505,2025-06-14,24.175824175824175,91,91
3409505,2025-06-18,30.08,50,50
3409505,2025-06-22,20.9125,80,80
3409505,2025-06-26,12.044943820224718,89,89
3409505,2025-06-30,28.177777777777777,45,45
3409505,2025-07-04,12.067796610169491,59,59
3409505,2025-07-08,11.847222222222221,72,72
3409505,2025-07-12,23.804347826086957,92,92
3409505,2025-07-16,16.835164835164836,91,91
3409505,2025-07-20,17.303370786516854,89,89
3409505,2025-07-24,24.070588235294117,85,85
3409505,2025-07-28,7.978021978021978,91,91
3409505,2025-08-01,9.559322033898304,59,59
3409505,2025-08-05,9.35064935064935,77,77
3409505,2025-08-09,12.210526315789474,76,76
3409505,2025-08-13,4.963414634146342,82,82
3409505,2025-08-17,4.0,79,79
3409505,2025-08-21,14.261363636363637,88,88
3409505,2025-08-25,17.46590909090909,88,88
3409505,2025-08-29,8.988636363636363,88,88
3409505,2025-09-02,11.564102564102564,39,39
3409505,2025-09-06,23.31111111111111,90,90
3409505,2025-09-10,21.25,88,88
3409505,2025-09-14,16.04494382022472,89,89
3409505,2025-09-18,15.277777777777779,72,72
3409505,2025-09-22,39.82954545454545,88,88
3409505,2025-09-26,11.534246575342467,73,73
3409505,2025-09-30,13.373626373626374,91,91
3409505,2025-10-04,20.373626373626372,91,91
3409505,2025-10-08,22.65934065934066,91,91
3409505,2025-10-12,53.18681318681319,91,91
3409505,2025-10-16,67.69318181818181,88,88
3409505,2025-10-20,55.10344827586207,58,58
3409505,2025-10-24,63.37362637362637,91,91
3409505,2025-10-28,3.7058823529411766,34,34
3409505,2025-11-01,52.95,80,80
3409505,2025-11-05,107.20224719101124,89,89
3409505,2025-11-09,91.26086956521739,92,92
3409505,2025-11-13,135.33333333333334,63,63
3409505,2025-11-17,113.02409638554217,83,83
3409505,2025-11-21,66.44565217391305,92,92
3409505,2025-11-25,159.7741935483871,93,93
3409505,2025-11-29,71.16129032258064,93,93
3409505,2025-12-03,135.27777777777777,90,90
3409505,2025-12-07,115.94318181818181,88,88
3409505,2025-12-11,109.47368421052632,76,76
3409505,2025-12-15,105.90123456790124,81,81
3409505,2025-12-19,104.47727272727273,88,88
3409505,2025-12-23,104.82222222222222,90,90
3409505,2025-12-27,133.15068493150685,73,73
3409505,2025-12-31,173.95555555555555,90,90
1172475,2025-01-01,18.52,15,15
1172475,2025-01-05,9.68,15,15
1172475,2025-01-09,24.45,14,14
1172475,2025-01-13,24.04705882352941,17,17
1172475,2025-01-17,9.3875,16,16
1172475,2025-01-21,17.723529411764705,17,17
1172475,2025-01-25,11.127777777777778,18,18
1172475,2025-01-29,14.68235294117647,17,17
1172475,2025-02-02,26.417391304347827,23,23
1172475,2025-02-06,16.994999999999997,20,20
1172475,2025-02-10,19.169565217391302,23,23
1172475,2025-02-14,19.320833333333333,24,24
1172475,2025-02-18,9.720833333333333,24,24
1172475,2025-02-22,9.4,23,23
1172475,2025-02-26,12.55,20,20
1172475,2025-03-02,11.3,20,20
1172475,2025-03-06,14.875,24,24
1172475,2025-03-10,8.58235294117647,17,17
1172475,2025-03-14,9.095833333333333,24,24
1172475,2025-03-18,11.916666666666666,24,24
1172475,2025-03-22,26.704166666666666,24,24
1172475,2025-03-26,32.5375,24,24
1172475,2025-03-30,21.84166666666667,24,24
1172475,2025-04-03,5.22608695652174,23,23
1172475,2025-04-07,9.030434782608696,23,23
1172475,2025-04-11,7.383333333333333,24,24
1172475,2025-04-15,5.465217391304348,23,23
1172475,2025-04-19,5.4375,24,24
1172475,2025-04-23,10.419047619047618,21,21
1172475,2025-05-09,5.6000000000000005,24,24
1172475,2025-05-13,8.208695652173914,23,23
1172475,2025-05-17,9.870833333333334,24,24
1172475,2025-05-21,7.395833333333333,24,24
1172475,2025-05-25,5.679166666666667,24,24
1172475,2025-05-29,15.887500000000001,24,24
1172475,2025-06-02,13.549999999999999,24,24
1172475,2025-06-06,7.108333333333333,24,24
1172475,2025-06-10,10.991666666666667,24,24
1172475,2025-06-14,19.179166666666667,24,24
1172475,2025-06-18,7.954166666666667,24,24
1172475,2025-06-22,4.2749999999999995,24,24
1172475,2025-06-26,17.88695652173913,23,23
1172475,2025-06-30,19.58695652173913,23,23
4607068,2025-06-06,49.49144792556763,24,24
4607068,2025-06-10,35.14961698320177,24,24
4607068,2025-06-14,26.192201383334275,24,24
4607068,2025-06-18,52.74539586021787,14,14
4607068,2025-06-22,36.80264851666879,23,23
4607068,2025-06-26,43.30649473269781,24,24
4607068,2025-06-30,25.038750025262644,24,24
4607068,2025-07-04,55.92890111605326,24,24
4607068,2025-07-08,45.100612825817535,24,24
4607068,2025-07-12,40.54508854945501,24,24
4607068,2025-07-16,40.38119269278832,24,24
4607068,2025-07-20,49.6157621939977,24,24
4607068,2025-07-24,53.59483837419086,24,24
4607068,2025-07-28,54.411953104866875,24,24
4607068,2025-08-01,41.833415389060974,24,24
4607068,2025-08-05,36.4288593414757,24,24
4607068,2025-08-09,34.495597880898096,24,24
4607068,2025-08-13,53.464187463124595,24,24
4607068,2025-08-17,48.854614122046364,24,24
4607068,2025-08-21,43.978704922729065,24,24
4607068,2025-08-25,22.095654291742377,24,24
4607068,2025-08-29,40.16677140527302,24,24
4607068,2025-09-02,24.710320867224272,24,24
4607068,2025-09-06,45.2067222793897,24,24
4607068,2025-09-10,34.0307378020941,17,17
4607068,2025-09-14,53.35407176282671,24,24
4607068,2025-09-18,41.48880088329315,24,24
4607068,2025-09-22,64.74970026810963,24,24
4607068,2025-09-26,70.90071813773226,24,24
4607068,2025-09-30,79.86551873119556,23,23
4607068,2025-10-04,50.16154824040362,23,23
4607068,2025-10-08,62.89821056237927,24,24
4607068,2025-10-12,78.76184893449148,24,24
4607068,2025-10-16,102.03245367827238,24,24
4607068,2025-10-20,135.7943088985625,21,21
4607068,2025-10-24,100.46756762663523,24,24
4607068,2025-10-28,162.5154156561251,24,24
4607068,2025-11-01,153.2326419079745,24,24
4607068,2025-11-05,108.27470831663712,23,23
4607068,2025-11-09,107.39376404020521,24,24
4607068,2025-11-13,92.79003400822357,23,23
4607068,2025-11-17,93.9035447717917,22,22
4607068,2025-11-21,60.58698728512495,13,13
4607068,2025-11-25,57.08059026930067,24,24
4607068,2025-11-29,47.656756991810276,24,24
4607068,2025-12-03,37.19003243104175,24,24
4607068,2025-12-07,40.08981945117315,24,24
4607068,2025-12-11,31.625932221751825,24,24
4607068,2025-12-15,42.6816295919595,24,24
4607068,2025-12-19,26.719506932795046,24,24
4607068,2025-12-23,13.103791666317179,24,24
4607068,2025-12-27,18.889870364025786,9,9
4607068,2025-12-31,13.11003409225983,11,11
4791924,2025-06-22,28.087927493496217,23,23
4791924,2025-06-26,40.57534586864969,23,23
4791924,2025-06-30,32.94932472705841,24,24
4791924,2025-07-04,30.392735563573382,24,24
4791924,2025-07-08,32.09280206759771,24,24
4791924,2025-07-12,28.05016326242023,24,24
4791924,2025-07-16,33.80661743548181,24,24
4791924,2025-07-20,28.69656776057349,24,24
4791924,2025-07-24,34.40278765133449,14,14
4791924,2025-07-28,32.921310669846,24,24
4791924,2025-08-01,30.22402599785063,24,24
4791924,2025-08-05,28.41488266109474,24,24
4791924,2025-08-09,27.86201736662123,24,24
4791924,2025-08-13,38.489825060428714,13,13
4791924,2025-08-17,28.686590241061314,24,24
4791924,2025-08-21,45.18813751574145,21,21
4791924,2025-08-25,36.6912100315094,24,24
4791924,2025-08-29,38.4812249355846,24,24
4791924,2025-09-02,33.86110481348904,24,24
4791924,2025-09-06,34.18499130010605,24,24
4791924,2025-09-10,26.249624372356468,24,24
4791924,2025-09-14,21.334002878930832,24,24
4791924,2025-09-18,37.615484517150456,24,24
4791924,2025-09-22,31.1380080084006,24,24
4791924,2025-09-26,38.179727414581514,24,24
4791924,2025-09-30,54.099737505751534,23,23
4791924,2025-10-04,35.8378841051157,23,23
4791924,2025-10-08,46.75108681685395,24,24
4791924,2025-10-12,42.46268573822798,24,24
4791924,2025-10-16,52.688846402858644,24,24
4791924,2025-10-20,65.98709797473869,21,21
4791924,2025-10-24,109.22953763449634,24,24
4791924,2025-10-28,64.48344961537255,24,24
4791924,2025-11-01,137.560449024483,24,24
4791924,2025-11-05,38.802750778198245,1,1
4791924,2025-11-09,46.043039411262235,24,24
4791924,2025-11-13,66.12682408304345,23,23
4791924,2025-11-17,86.16930296926787,22,22
4791924,2025-11-21,113.94313366942936,24,24
4791924,2025-11-25,68.44187501271566,24,24
4791924,2025-11-29,81.76173614925808,24,24
4791924,2025-12-03,55.01486283540726,24,24
4791924,2025-12-07,97.60663123766582,20,20
4791924,2025-12-11,175.89509311133608,13,13
4791924,2025-12-15,116.09004655060946,9,9
4791924,2025-12-19,91.73801748498921,24,24
4791924,2025-12-23,86.18752199455544,24,24
4791924,2025-12-27,104.41486281553904,24,24
4791924,2025-12-31,52.971319472789766,24,24
1579095,2025-01-01,20.541666666666668,24,24
1579095,2025-01-05,17.583333333333332,24,24
1579095,2025-01-09,14.791666666666666,24,24
1579095,2025-01-13,13.125,24,24
1579095,2025-01-17,14.125,24,24
1579095,2025-01-21,17.708333333333332,24,24
1579095,2025-01-25,19.666666666666668,24,24
1579095,2025-01-29,21.125,24,24
1579095,2025-02-02,18.708333333333332,24,24
1579095,2025-02-06,16.375,24,24
1579095,2025-02-10,14.375,24,24
1579095,2025-02-14,24.541666666666668,24,24
1579095,2025-02-18,20.166666666666668,24,24
1579095,2025-02-22,20.458333333333332,24,24
1579095,2025-02-26,19.3,10,10
1579095,2025-03-02,12.0,24,24
1579095,2025-03-06,17.541666666666668,24,24
1579095,2025-03-10,21.5,24,24
1579095,2025-03-14,20.125,24,24
1579095,2025-03-18,24.291666666666668,24,24
1579095,2025-03-22,19.875,24,24
1579095,2025-03-26,25.375,24,24
1579095,2025-03-30,15.916666666666666,24,24
1579095,2025-04-03,19.875,24,24
1579095,2025-04-07,16.875,24,24
1579095,2025-04-11,15.041666666666666,24,24
1579095,2025-04-15,15.208333333333334,24,24
1579095,2025-04-19,26.083333333333332,24,24
1579095,2025-04-23,20.083333333333332,24,24
1579095,2025-04-27,22.333333333333332,24,24
1579095,2025-05-01,23.333333333333332,24,24
1579095,2025-05-05,21.708333333333332,24,24
1579095,2025-05-09,19.541666666666668,24,24
1579095,2025-05-13,34.833333333333336,24,24
1579095,2025-05-17,48.666666666666664,24,24
1579095,2025-05-21,22.958333333333332,24,24
1579095,2025-05-25,40.0,24,24
1579095,2025-05-29,40.583333333333336,24,24
1579095,2025-06-02,45.583333333333336,24,24
1579095,2025-06-06,43.416666666666664,24,24
1579095,2025-06-10,62.041666666666664,24,24
1579095,2025-06-14,48.458333333333336,24,24
1579095,2025-06-18,54.083333333333336,12,12
1579095,2025-06-22,26.75,24,24
1579095,2025-06-26,50.916666666666664,12,12
1579095,2025-06-30,56.5,24,24
1579095,2025-07-04,50.916666666666664,24,24
1579095,2025-07-08,34.291666666666664,24,24
1579095,2025-07-12,74.45833333333333,24,24
1579095,2025-07-16,35.041666666666664,24,24
1579095,2025-07-20,73.70833333333333,24,24
1579095,2025-07-24,31.458333333333332,24,24
1579095,2025-07-28,33.958333333333336,24,24
1579095,2025-08-01,16.333333333333332,24,24
1579095,2025-08-05,58.5,24,24
1579095,2025-08-09,31.5,24,24
1579095,2025-08-13,31.875,24,24
1579095,2025-08-17,25.5,24,24
1579095,2025-08-21,18.0,24,24
1579095,2025-08-25,23.5,24,24
1579095,2025-08-29,32.75,24,24
1579095,2025-09-02,18.5,24,24
1579095,2025-09-06,25.625,24,24
1579095,2025-09-10,18.875,24,24
1579095,2025-09-14,18.625,24,24
1579095,2025-09-18,24.833333333333332,24,24
1579095,2025-09-22,14.666666666666666,24,24
1579095,2025-09-26,21.083333333333332,24,24
1579095,2025-09-30,19.714285714285715,21,21
1579095,2025-10-04,16.333333333333332,24,24
1579095,2025-10-08,19.25,24,24
1579095,2025-10-12,17.0,24,24
1579095,2025-10-16,17.291666666666668,24,24
1579095,2025-10-20,17.541666666666668,24,24
1579095,2025-10-28,22.0,9,9
1579095,2025-11-01,17.875,24,24
1579095,2025-11-05,16.333333333333332,24,24
1579095,2025-11-09,16.5,24,24
1579095,2025-11-13,19.416666666666668,24,24
1579095,2025-11-17,18.166666666666668,24,24
1579095,2025-11-21,18.125,24,24
1579095,2025-11-25,15.625,24,24
1579095,2025-11-29,14.916666666666666,24,24
1579095,2025-12-03,17.25,24,24
1579095,2025-12-07,19.333333333333332,24,24
1579095,2025-12-11,15.416666666666666,24,24
1579095,2025-12-15,19.083333333333332,24,24
1579095,2025-12-19,20.833333333333332,24,24
1579095,2025-12-23,15.208333333333334,24,24
1579095,2025-12-27,18.416666666666668,24,24
1579095,2025-12-31,22.875,24,24
3409500,2025-04-19,2.2494444444444444,90,90
3409500,2025-04-23,2.2461956521739133,92,92
3409500,2025-04-27,1.8880645161290324,93,93
3409500,2025-05-05,0.0,87,87
3409500,2025-05-09,2.0038636363636364,44,44
3409500,2025-05-13,2.2614285714285716,35,35
3409500,2025-05-17,2.1466265060240963,83,83
3409500,2025-05-21,2.3,74,74
3409500,2025-05-29,2.3,91,91
3409500,2025-06-02,4.871153846153846,52,52
3409500,2025-06-10,0.0,56,56
3409500,2025-06-14,0.0,89,89
3409500,2025-06-18,0.0,85,85
3409500,2025-06-22,0.0,85,85
3409500,2025-06-30,0.0,55,55
3409500,2025-07-04,0.0,72,72
3409500,2025-07-08,0.0,89,89
3409500,2025-07-12,0.0,93,93
3409500,2025-07-16,0.0,89,89
3409500,2025-07-20,0.0,93,93
3409500,2025-07-24,0.0,60,60
3409500,2025-07-28,0.0,88,88
3409500,2025-08-01,0.0,49,49
3409500,2025-08-13,0.0,88,88
3409500,2025-08-21,0.0,89,89
3409500,2025-08-25,0.0,88,88
3409500,2025-08-29,0.0,89,89
3409500,2025-09-02,0.0,86,86
3409500,2025-09-06,0.0,90,90
3409500,2025-09-10,0.0,57,57
3409500,2025-09-14,0.0,90,90
3409500,2025-09-18,0.0,72,72
3409500,2025-09-22,0.0,90,90
3409500,2025-09-26,0.0,29,29
3409500,2025-09-30,0.0,93,93
3409500,2025-10-04,0.0,24,24
3409500,2025-10-08,0.0,93,93
3409500,2025-10-12,0.0,92,92
3409500,2025-10-16,0.0,85,85
3409500,2025-11-01,0.0,81,81
3409500,2025-11-05,0.0,92,92
3409500,2025-11-09,0.0,90,90
3409500,2025-11-17,0.0,56,56
3409500,2025-11-21,0.0,92,92
3409500,2025-11-25,0.0,69,69
3409500,2025-11-29,0.0,91,91
3409500,2025-12-03,69.2989156626506,83,83
3409500,2025-12-07,40.95576086956522,92,92
3409500,2025-12-11,64.99883116883117,77,77
3409500,2025-12-19,10.47140350877193,57,57
3409500,2025-12-31,201.20142857142858,35,35
4826556,2025-06-22,69.52188562905347,6,6
4826556,2025-06-26,7.779545184638764,24,24
4826556,2025-06-30,5.970600702696377,24,24
4826556,2025-07-04,3.918354174920491,14,14
4826556,2025-07-08,29.12685078713629,24,24
4826556,2025-07-12,29.82159134083324,24,24
4826556,2025-07-16,11.869514463676346,24,24
4826556,2025-07-20,17.53733330965042,24,24
4826556,2025-07-24,31.082947909832,24,24
4826556,2025-07-28,19.712182236214478,24,24
4826556,2025-08-01,6.315780076560461,24,24
4826556,2025-08-05,18.907342586252422,24,24
4826556,2025-08-09,30.266514667758234,24,24
4826556,2025-08-13,21.72438367207845,24,24
4826556,2025-08-17,32.66982169283761,24,24
4826556,2025-08-21,32.82459029886458,24,24
4826556,2025-08-25,35.552645372019875,24,24
4826556,2025-08-29,5.050787618409635,24,24
4826556,2025-09-02,27.491995910803478,24,24
4826556,2025-09-06,20.34706185426977,24,24
4826556,2025-09-10,2.5236666568606676,24,24
4826556,2025-09-14,5.913112265445913,24,24
4826556,2025-09-18,8.414559022006062,24,24
4826556,2025-09-22,21.57901034421391,24,24
4826556,2025-09-26,25.120616913393693,24,24
4826556,2025-09-30,20.61664612667572,23,23
4826556,2025-10-04,16.691652779072378,23,23
4826556,2025-10-08,26.849807291671084,24,24
4826556,2025-10-12,8.495124189547711,24,24
4826556,2025-10-16,13.955352995627457,24,24
4826556,2025-10-20,24.986485278600682,21,21
4826556,2025-10-24,16.496605901696064,24,24
4826556,2025-10-28,30.93676672555782,24,24
4826556,2025-11-01,11.436697338587019,24,24
4826556,2025-11-05,19.900220988798832,23,23
4826556,2025-11-09,12.744523141395161,24,24
4826556,2025-11-13,2.9281449279275495,23,23
4826556,2025-11-17,12.598863637086117,22,22
4826556,2025-11-21,14.497543415561731,24,24
4826556,2025-11-25,4.556555555833296,24,24
4826556,2025-11-29,1.4633784731436108,24,24
4826556,2025-12-03,13.99244733116141,24,24
3409359,2025-02-22,31.48974025974026,77,77
3409359,2025-02-26,28.385217391304348,92,92
3409359,2025-03-02,36.51363636363636,88,88
3409359,2025-03-06,30.58364705882353,85,85
3409359,2025-03-10,33.27609195402299,87,87
3409359,2025-03-14,32.18695652173913,92,92
3409359,2025-03-18,32.45076086956522,92,92
3409359,2025-03-22,31.25808988764045,89,89
3409359,2025-03-26,30.041046511627908,86,86
3409359,2025-03-30,32.02022988505747,87,87
3409359,2025-04-03,29.325058823529414,85,85
3409359,2025-04-07,28.23590361445783,83,83
3409359,2025-04-11,32.562,15,15
3409359,2025-04-15,27.663,60,60
3409359,2025-04-23,31.037078651685395,89,89
3409359,2025-04-27,31.317471264367814,87,87
3409359,2025-05-01,39.54487804878048,82,83
3409359,2025-05-05,32.34517241379311,87,87
3409359,2025-05-09,30.363827160493823,81,87
3409359,2025-05-13,30.78473684210526,38,38
3409359,2025-05-17,39.99360465116279,86,86
3409359,2025-05-21,25.623802816901406,71,71
3409359,2025-05-25,25.193225806451615,62,62
3409359,2025-05-29,25.324594594594593,37,37
3409359,2025-06-02,38.80234567901234,81,83
3409359,2025-06-06,38.98703296703297,91,91
3409359,2025-06-10,30.10935064935065,77,77
3409359,2025-06-14,40.33491228070176,57,66
3409359,2025-06-22,27.51694117647059,85,85
3409359,2025-06-26,24.84261904761905,84,84
3409359,2025-06-30,25.668363636363637,55,55
3409359,2025-07-04,25.862666666666666,75,75
3409359,2025-07-08,24.799655172413797,87,87
3409359,2025-07-12,26.860537634408605,93,93
3409359,2025-07-16,25.657999999999998,90,90
3409359,2025-07-20,25.935806451612905,93,93
3409359,2025-07-24,24.036547619047617,84,84
3409359,2025-07-28,19.142282608695652,92,92
3409359,2025-08-01,0.0,61,61
3409359,2025-08-05,0.0,77,77
3409359,2025-08-09,0.0,80,80
3409359,2025-08-13,6.388985507246376,69,69
3409359,2025-08-21,0.0,76,76
3409359,2025-08-25,0.0,88,88
3409359,2025-08-29,0.0,33,33
3409359,2025-09-06,0.0,86,86
3409359,2025-09-10,0.0,50,50
3409359,2025-09-14,0.0,88,88
3409359,2025-09-18,0.0,72,72
3409359,2025-09-22,0.0,49,49
3409359,2025-09-26,0.0,71,71
3409359,2025-09-30,0.0,91,91
3409359,2025-10-04,0.0,92,92
3409359,2025-10-08,0.0,84,84
3409359,2025-10-12,0.0,89,89
3409359,2025-10-16,18.86373134328358,67,67
3409359,2025-10-20,42.07533333333333,60,60
3409359,2025-10-24,23.08639534883721,86,86
3409359,2025-10-28,35.08045454545454,66,66
3409359,2025-11-01,35.856582278481014,79,79
3409359,2025-11-05,33.278888888888886,90,90
3409359,2025-11-09,42.48266666666667,90,90
3409359,2025-11-13,34.708705882352945,85,85
3409359,2025-11-17,32.95657894736842,76,76
3409359,2025-11-21,40.24144736842105,76,76
3409359,2025-11-25,38.07827586206896,87,87
3409359,2025-11-29,42.1498275862069,58,58
3409359,2025-12-03,0.0,72,72
3409359,2025-12-07,0.0,87,87
3409359,2025-12-11,0.0,51,51
3409359,2025-12-15,0.0,67,67
3409359,2025-12-19,0.0,52,52
3409359,2025-12-31,0.0,47,47
4759316,2025-06-18,20.116272709872653,24,24
4759316,2025-07-12,24.144974019496686,24,24
4759316,2025-07-16,20.101237557151098,18,18
4759316,2025-07-20,26.330499315984323,24,24
4759316,2025-07-24,20.480998450081156,24,24
4759316,2025-07-28,16.476489643285973,24,24
4759316,2025-08-01,21.310848731866187,24,24
4759316,2025-08-05,10.365148204999901,24,24
4759316,2025-08-09,20.11473531945756,24,24
4759316,2025-08-13,26.958302070224097,24,24
4759316,2025-08-17,25.201622727844452,24,24
4759316,2025-08-21,22.72771672515689,22,22
4759316,2025-08-25,27.265867461760838,24,24
4759316,2025-08-29,28.678280332235474,24,24
4759316,2025-09-02,24.502127701623575,24,24
4759316,2025-09-06,27.586580424176322,24,24
4759316,2025-09-10,18.85569447663726,24,24
4759316,2025-09-14,31.007618584773606,24,24
4759316,2025-09-18,26.52921226177535,17,17
4759316,2025-09-22,36.30155700964458,24,24
4759316,2025-09-26,30.509542713754882,17,17
4759316,2025-10-04,17.256977644346765,23,23
4759316,2025-10-08,53.79182404840572,24,24
4759316,2025-10-12,49.69357606818672,21,21
4759316,2025-10-16,52.54103412639211,24,24
4759316,2025-10-20,56.7648477493954,21,21
4759316,2025-10-24,57.844748633253715,24,24
4759316,2025-10-28,77.05495773112332,24,24
4759316,2025-11-01,22.454159390504913,24,24
4759316,2025-11-05,26.27330456701454,23,23
4759316,2025-11-09,26.911653418321578,24,24
4759316,2025-11-13,39.82710687655254,23,23
4759316,2025-11-17,110.89125172225198,22,22
4759316,2025-11-21,38.32683582593706,24,24
4759316,2025-11-25,80.24479048412944,24,24
4759316,2025-11-29,59.10852491149196,24,24
4759316,2025-12-03,79.9594383965839,24,24
4759316,2025-12-07,67.32560422685411,24,24
4759316,2025-12-11,115.3190068108285,24,24
4759316,2025-12-15,45.637076358000435,24,24
4759316,2025-12-19,39.75577786403674,24,24
3400979,2025-02-14,53.690684218255306,24,24
3400979,2025-02-18,22.201114545265835,24,24
3400979,2025-02-22,43.55936106046041,24,24
3400979,2025-02-26,27.667267382144928,24,24
3400979,2025-03-02,21.224074704779518,24,24
3400979,2025-03-06,15.07730206516054,24,24
3400979,2025-03-10,42.39537507957882,24,24
3400979,2025-03-14,19.3081041375796,24,24
3400979,2025-03-18,33.79815337393019,24,24
3400979,2025-03-22,61.275163120693634,24,24
3400979,2025-03-26,47.13510763645172,24,24
3400979,2025-03-30,39.45972389645046,24,24
3400979,2025-04-03,28.47287990649541,18,18
3400979,2025-04-07,25.449982020590042,24,24
3400979,2025-04-11,33.511296861701545,24,24
3400979,2025-04-15,32.17491242387379,24,24
3400979,2025-04-19,10.501329846473203,24,24
3400979,2025-04-23,17.65115282105075,24,24
3400979,2025-04-27,9.169298583641648,24,24
3400979,2025-05-01,31.160161371446318,24,24
3400979,2025-05-05,5.173607639528604,24,24
3400979,2025-05-09,5.861177080854152,24,24
3400979,2025-05-13,15.933888917271462,24,24
3400979,2025-05-21,11.393402190672028,24,24
3400979,2025-05-25,8.170847234678352,24,24
3400979,2025-05-29,10.423436922667962,24,24
3400979,2025-06-02,0.05632142846783002,7,7
3400979,2025-06-06,19.693815916776657,24,24
3400979,2025-06-10,9.07314176733295,24,24
3400979,2025-06-14,0.6468408549359689,24,24
3400979,2025-06-18,1.283280669983166,24,24
3400979,2025-06-22,1.1139909491428863,23,23
3400979,2025-06-26,5.483859377421646,24,24
3400979,2025-06-30,11.544003453467868,24,24
3400979,2025-07-04,9.849431570271275,24,24
3400979,2025-07-08,8.612302106986236,24,24
3400979,2025-07-12,7.913407994977509,24,24
3400979,2025-07-16,6.517579276321663,24,24
3400979,2025-07-20,0.8338645844487473,24,24
3400979,2025-07-24,9.004071192195019,24,24
3400979,2025-07-28,9.436852422232429,24,24
3400979,2025-08-01,9.654440994891855,24,24
3400979,2025-08-05,2.7806250064685525,24,24
3400979,2025-08-09,3.3009201363505176,24,24
3400979,2025-08-13,1.450060768234026,24,24
3400979,2025-08-17,5.654256931842408,24,24
3400979,2025-08-21,4.219538197826801,24,24
3400979,2025-08-25,1.436270831191602,24,24
3400979,2025-08-29,10.303344355689154,24,24
3400979,2025-09-02,3.0691770834511973,24,24
3400979,2025-09-06,7.983890619387643,24,24
3400979,2025-09-10,4.04882639779761,24,24
3400979,2025-09-14,13.047973974711367,24,24
3400979,2025-09-18,8.532300359944605,24,24
3400979,2025-09-22,9.61963425990608,24,24
3400979,2025-09-26,3.0661875008933106,24,24
3400979,2025-09-30,0.4886062804690522,23,23
3400979,2025-10-04,22.905221595251618,23,23
3400979,2025-10-08,4.426171875865785,24,24
3400979,2025-10-12,26.358059622292163,24,24
3400979,2025-10-16,11.544412033595316,24,24
3400979,2025-10-20,13.557904454731457,21,21
3400979,2025-10-24,2.3908530161879886,24,24
3400979,2025-10-28,19.095586225169676,24,24
3400979,2025-11-01,17.72173378996344,24,24
3400979,2025-11-05,13.986431155256605,23,23
3400979,2025-11-09,35.488996515561034,24,24
3400979,2025-11-13,32.12723911948826,23,23
3400979,2025-11-17,18.039765174461134,22,22
3400979,2025-11-21,20.98424810761153,24,24
3400979,2025-11-25,33.657628478275406,24,24
3400979,2025-11-29,40.86785415013631,24,24
3400979,2025-12-03,48.1837013774448,24,24
3400979,2025-12-07,26.888126716679995,24,24
3400979,2025-12-11,33.680128432644736,24,24
3400979,2025-12-15,17.183588544196553,24,24
3400979,2025-12-19,37.930163812195815,24,24
3400979,2025-12-23,27.78942358560032,24,24
3400979,2025-12-27,23.01873382065031,24,24
3409422,2025-02-22,40.90217391304348,92,92
3409422,2025-02-26,37.80681818181818,88,88
3409422,2025-03-02,35.252873563218394,87,87
3409422,2025-03-06,36.80898876404494,89,89
3409422,2025-03-10,36.26966292134831,89,89
3409422,2025-03-14,47.91566265060241,83,83
3409422,2025-03-18,35.75824175824176,91,91
3409422,2025-03-22,34.422222222222224,90,90
3409422,2025-03-26,53.89772727272727,88,88
3409422,2025-03-30,31.662790697674417,86,86
3409422,2025-04-03,38.84931506849315,73,73
3409422,2025-04-07,39.70238095238095,84,84
3409422,2025-04-11,31.75,16,16
3409422,2025-04-15,79.21666666666667,60,60
3409422,2025-04-19,48.29113924050633,79,79
3409422,2025-04-23,31.944444444444443,90,90
3409422,2025-04-27,35.46666666666667,90,90
3409422,2025-05-01,55.5,86,86
3409422,2025-05-05,32.06896551724138,87,87
3409422,2025-05-09,28.920454545454547,88,88
3409422,2025-05-13,22.4375,80,80
3409422,2025-05-17,25.11111111111111,90,90
3409422,2025-05-21,41.12162162162162,74,74
3409422,2025-05-25,18.76923076923077,65,65
3409422,2025-05-29,78.91304347826087,92,92
3409422,2025-06-02,25.48148148148148,81,81
3409422,2025-06-06,35.17204301075269,93,93
3409422,2025-06-10,26.39240506329114,79,79
3409422,2025-06-14,43.72826086956522,92,92
3409422,2025-06-18,10.342465753424657,73,73
3409422,2025-06-22,8.644736842105264,76,76
3409422,2025-06-26,30.56179775280899,89,89
3409422,2025-06-30,9.64,50,50
3409422,2025-07-04,19.466666666666665,75,75
3409422,2025-07-08,15.069767441860465,86,86
3409422,2025-07-12,13.010752688172044,93,93
3409422,2025-07-16,21.53846153846154,91,91
3409422,2025-07-20,16.846153846153847,91,91
3409422,2025-07-24,18.414634146341463,82,82
3409422,2025-07-28,17.97826086956522,92,92
3409422,2025-08-01,21.416666666666668,60,60
3409422,2025-08-05,21.766233766233768,77,77
3409422,2025-08-09,23.92207792207792,77,77
3409422,2025-08-13,22.652173913043477,69,69
3409422,2025-08-17,25.652173913043477,92,92
3409422,2025-08-21,19.19277108433735,83,83
3409422,2025-08-25,14.786516853932584,89,89
3409422,2025-08-29,10.392857142857142,84,84
3409422,2025-09-02,15.988372093023257,86,86
3409422,2025-09-06,19.941860465116278,86,86
3409422,2025-09-10,19.80327868852459,61,61
3409422,2025-09-14,18.436781609195403,87,87
3409422,2025-09-18,22.985294117647058,68,68
3409422,2025-09-22,17.02247191011236,89,89
3409422,2025-09-26,15.625,72,72
3409422,2025-09-30,17.445652173913043,92,92
3409422,2025-10-04,25.88607594936709,79,79
3409422,2025-10-08,22.604938271604937,81,81
3409422,2025-10-12,65.47311827956989,93,93
3409422,2025-10-16,48.92045454545455,88,88
3409422,2025-10-20,105.84126984126983,63,63
3409422,2025-10-24,42.2,90,90
3409422,2025-10-28,51.25714285714286,70,70
3409422,2025-11-01,98.7625,80,80
3409422,2025-11-05,35.48314606741573,89,89
3409422,2025-11-09,78.16129032258064,93,93
3409422,2025-11-13,98.58695652173913,92,92
3409422,2025-11-17,72.48314606741573,89,89
3409422,2025-11-21,69.51086956521739,92,92
3409422,2025-11-25,73.74193548387096,93,93
3409422,2025-11-29,90.64835164835165,91,91
3409422,2025-12-03,73.23076923076923,91,91
3409422,2025-12-07,60.8235294117647,85,85
3409422,2025-12-11,37.83116883116883,77,77
3409422,2025-12-15,53.609756097560975,82,82
3409422,2025-12-19,56.204819277108435,83,83
3409422,2025-12-23,105.21348314606742,89,89
3409422,2025-12-27,59.20987654320987,81,81
3409422,2025-12-31,61.22222222222222,90,90
3663294,2025-03-14,47.71427251895269,24,24
3663294,2025-03-18,12.016377847227785,24,24
3663294,2025-03-22,51.57935938570234,24,24
3663294,2025-03-26,115.37347727110892,24,24
3663294,2025-03-30,7.502092057231089,24,24
3663294,2025-04-03,38.55552891890208,24,24
3663294,2025-04-07,48.55605385821275,24,24
3663294,2025-04-11,31.481859419080948,24,24
3663294,2025-04-15,27.78414936198129,24,24
3663294,2025-04-19,27.797637694411808,24,24
3663294,2025-04-23,59.58228013009736,11,11
3663294,2025-04-27,28.51422397295634,24,24
3663294,2025-05-01,36.068973283775726,24,24
3663294,2025-05-05,30.719885408878326,24,24
3663294,2025-05-09,21.328230405211297,24,24
3663294,2025-05-13,4.657262149279833,24,24
3663294,2025-05-17,11.681142607238144,24,24
3663294,2025-05-21,18.038819778522456,24,24
3663294,2025-05-25,4.790786451466071,24,24
3663294,2025-05-29,13.491031197210154,24,24
3663294,2025-06-02,5.958660714683078,7,7
3663294,2025-06-06,25.49573842684428,24,24
3663294,2025-06-10,6.564057311793376,24,24
3663294,2025-06-14,1.8543107678415254,24,24
3663294,2025-06-18,12.960137140626708,24,24
3663294,2025-06-22,4.420777177627104,23,23
3663294,2025-06-26,4.990604162940548,24,24
3663294,2025-06-30,4.6108663198020725,24,24
3663294,2025-07-04,5.8268368112233775,24,24
3663294,2025-07-08,3.4445746521491354,24,24
3663294,2025-07-12,6.831210075981087,24,24
3663294,2025-07-16,3.239824648273902,24,24
3663294,2025-07-20,3.8202087747717375,19,19
3663294,2025-07-24,4.5680186180727125,24,24
3663294,2025-07-28,6.145344605307198,24,24
3663294,2025-08-01,17.96317712134785,24,24
3663294,2025-08-05,10.207869781388178,24,24
3663294,2025-08-09,10.58741670638685,24,24
3663294,2025-08-13,15.723618081874319,24,24
3663294,2025-08-17,0.753784144969864,24,24
3663294,2025-08-21,7.578050315173136,24,24
3663294,2025-08-25,5.410682330270195,24,24
3663294,2025-08-29,4.242214102375631,24,24
3663294,2025-09-02,1.1372835663561192,24,24
3663294,2025-09-06,1.3807025534851063,24,24
3663294,2025-09-10,3.002620944455783,24,24
3663294,2025-09-14,3.3481724504122714,24,24
3663294,2025-09-18,2.119314814277459,24,24
3663294,2025-09-22,1.2666423601395864,24,24
3663294,2025-09-26,2.160495379538689,24,24
3663294,2025-09-30,1.968626813105969,23,23
3663294,2025-10-04,7.349544107913971,23,23
3663294,2025-10-08,5.717377893794846,24,24
3663294,2025-10-12,4.932182287609773,24,24
3663294,2025-10-16,3.9354253179367835,24,24
3663294,2025-10-20,21.01459925136869,21,21
3663294,2025-10-24,4.298004616781449,24,24
3663294,2025-10-28,1.6348807885104584,24,24
3663294,2025-11-01,1.4428460625767776,24,24
3663294,2025-11-05,2.6155308059376217,23,23
3663294,2025-11-09,9.879493056082477,24,24
3663294,2025-11-13,8.651873191435268,23,23
3663294,2025-11-17,1.4307878810122157,22,22
3663294,2025-11-21,12.92747569216622,24,24
3663294,2025-11-25,34.99892361296548,24,24
3663294,2025-11-29,21.146331593725417,24,24
3663294,2025-12-03,9.665357061545365,24,24
3663294,2025-12-07,16.967521541184848,24,24
3663294,2025-12-11,2.6189821958327384,24,24
3663294,2025-12-15,4.319460069205336,24,24
3663294,2025-12-19,34.80004625640534,24,24
3663294,2025-12-23,9.625119211202211,24,24
3663294,2025-12-27,7.9610416754976745,24,24
3663294,2025-12-31,39.969237416493144,23,23
225609,2025-01-01,35.906666666666666,15,15
225609,2025-01-05,44.38666666666666,15,15
225609,2025-01-09,53.392857142857146,14,14
225609,2025-01-13,36.39411764705883,17,17
225609,2025-01-17,31.88125,16,16
225609,2025-01-21,44.84375,16,16
225609,2025-01-25,62.80555555555556,18,18
225609,2025-01-29,25.99411764705882,17,17
225609,2025-02-02,49.49565217391305,23,23
225609,2025-02-06,41.22,20,20
225609,2025-02-10,22.056521739130435,23,23
225609,2025-02-14,52.99583333333334,24,24
225609,2025-02-18,34.862500000000004,24,24
225609,2025-02-22,30.156521739130437,23,23
225609,2025-02-26,9.809999999999999,20,20
225609,2025-03-02,28.21875,16,16
225609,2025-03-06,33.699999999999996,24,24
225609,2025-03-10,26.166666666666668,18,18
225609,2025-03-14,17.679166666666667,24,24
225609,2025-03-18,26.920833333333334,24,24
225609,2025-03-22,48.43333333333334,24,24
225609,2025-03-26,62.26666666666667,24,24
225609,2025-03-30,54.175000000000004,24,24
225609,2025-04-03,46.93478260869565,23,23
225609,2025-04-07,33.61304347826087,23,23
225609,2025-04-11,25.620833333333334,24,24
225609,2025-04-15,16.991666666666667,24,24
225609,2025-04-19,12.683333333333334,18,18
225609,2025-04-23,20.533333333333335,18,18
225609,2025-05-09,17.727777777777778,18,18
225609,2025-05-13,10.336842105263159,19,19
225609,2025-05-17,9.18421052631579,19,19
225609,2025-05-21,9.971428571428572,7,7
225609,2025-05-25,8.80909090909091,11,11
225609,2025-05-29,7.421052631578948,19,19
225609,2025-06-02,6.223529411764706,17,17
225609,2025-06-06,14.94375,16,16
225609,2025-06-14,7.235714285714286,14,14
225609,2025-06-18,7.10625,16,16
225609,2025-06-22,8.985714285714286,14,14
225609,2025-06-26,9.775,16,16
225609,2025-08-25,7.133333333333333,6,6
225609,2025-08-29,10.06,15,15
225609,2025-09-02,5.982352941176471,17,17
225609,2025-09-06,7.893333333333333,15,15
225609,2025-09-10,5.794444444444444,18,18
225609,2025-09-14,10.528571428571428,7,7
225609,2025-09-18,8.205882352941176,17,17
225609,2025-09-22,6.9937499999999995,16,16
225609,2025-09-26,7.455555555555555,18,18
225609,2025-09-30,7.199999999999999,18,18
225609,2025-10-04,9.0375,16,16
225609,2025-10-08,8.5,16,16
225609,2025-11-21,8.0375,16,16
225609,2025-11-25,16.205555555555556,18,18
225609,2025-11-29,24.153333333333332,15,15
225609,2025-12-03,27.65625,16,16
225609,2025-12-07,20.3375,16,16
225609,2025-12-11,27.025,16,16
225609,2025-12-15,13.284210526315789,19,19
225609,2025-12-19,16.573333333333334,15,15
225609,2025-12-23,18.755555555555556,18,18
225609,2025-12-27,22.705555555555556,18,18
225609,2025-12-31,29.876190476190477,21,21
4710567,2025-06-14,42.01270825333065,24,24
4710567,2025-06-18,47.3519617539865,18,18
4710567,2025-06-22,45.72320058725882,23,23
4710567,2025-06-26,43.016241244780716,13,13
4710567,2025-06-30,47.81435652132387,9,9
4710567,2025-07-04,58.83028462462955,24,24
4710567,2025-07-08,45.601495197841096,21,21
4710567,2025-07-12,45.85135275598556,21,21
4710567,2025-07-16,37.99353820306982,23,23
4710567,2025-07-20,59.049887577692665,24,24
4710567,2025-07-24,35.87017894235223,24,24
4710567,2025-07-28,69.95441357294719,14,14
4710567,2025-08-01,24.220943820649296,23,23
4710567,2025-08-05,32.48793356110552,24,24
4710567,2025-08-09,35.26723669540315,24,24
4710567,2025-08-13,48.3762985335456,24,24
4710567,2025-08-17,40.04705211106274,24,24
4710567,2025-08-21,32.73451438215044,24,24
4710567,2025-08-25,16.28291669405169,24,24
4710567,2025-08-29,52.747783059784865,20,20
4710567,2025-09-02,7.146183773345438,24,24
4710567,2025-09-06,42.08338024881151,24,24
4710567,2025-09-10,40.05600178904003,24,24
4710567,2025-09-14,61.82538498772515,24,24
4710567,2025-09-18,52.107333302497864,24,24
4710567,2025-09-22,52.73068242602878,24,24
4710567,2025-09-26,47.97623190741608,23,23
4710567,2025-09-30,98.23182794266853,23,23
4710567,2025-10-08,42.061772238305124,8,8
4710567,2025-10-12,80.67284027735393,24,24
4710567,2025-10-16,90.6954583115048,24,24
4710567,2025-10-20,93.4683872142166,21,21
4710567,2025-10-24,98.77302663414567,24,24
4710567,2025-10-28,113.4938575861189,20,20
4710567,2025-11-01,148.598900436472,24,24
4710567,2025-11-05,53.08529593552944,23,23
4710567,2025-11-09,113.71955569585164,24,24
4710567,2025-11-13,164.6868774810275,23,23
4710567,2025-11-17,236.05669089230625,22,22
4710567,2025-11-21,227.93837168163722,20,20
4710567,2025-11-25,238.3820132350364,19,19
4710567,2025-11-29,153.6877274804645,24,24
4710567,2025-12-03,237.23406790362466,24,24
4710567,2025-12-07,246.0752507103814,24,24
4710567,2025-12-11,260.708472251009,24,24
4710567,2025-12-15,159.7825751922749,24,24
4710567,2025-12-19,305.39281847918477,24,24
4710567,2025-12-23,111.60877606868745,24,24
4710567,2025-12-31,263.8838837084947,24,24
3567161,2025-03-06,68.31531384910899,24,24
3567161,2025-03-10,29.6834678700476,20,20
3567161,2025-03-14,46.48601407474942,12,12
3567161,2025-03-18,15.677145408041644,19,19
3567161,2025-03-22,72.46415430704752,20,20
3567161,2025-03-26,150.86783836001442,14,14
3567161,2025-03-30,14.408476580441732,13,13
3567161,2025-04-03,47.04448961151971,12,12
3567161,2025-04-07,61.20772717956804,13,13
3567161,2025-04-11,37.66696138880611,17,17
3567161,2025-04-15,43.801887210872444,24,24
3567161,2025-04-19,26.34666683472166,24,24
3567161,2025-04-23,51.55685357201151,14,14
3567161,2025-04-27,30.486297644196135,20,20
3567161,2025-05-01,39.461082961824204,24,24
3567161,2025-05-05,19.472487785749966,8,8
3567161,2025-05-09,21.30204690930744,24,24
3567161,2025-05-17,8.091529487321774,24,24
3567161,2025-05-21,17.58740215698878,20,20
3567161,2025-05-25,2.340572377732187,19,19
3567161,2025-05-29,2.2483732633085713,24,24
3567161,2025-06-02,5.3481527831819315,6,6
3567161,2025-06-06,21.278302686081993,24,24
3567161,2025-06-10,7.951975679917571,24,24
3567161,2025-06-14,2.8515329894661487,24,24
3567161,2025-06-18,4.6993663078173995,24,24
3567161,2025-06-22,6.033513530627462,23,23
3567161,2025-06-26,5.717159738143285,24,24
3567161,2025-06-30,6.649635279268929,24,24
3567161,2025-07-04,4.22585242960809,24,24
3567161,2025-07-08,2.6746753444636444,24,24
3567161,2025-07-12,8.95785994662179,24,24
3567161,2025-07-16,5.1642303205250455,24,24
3567161,2025-07-20,4.63552628763989,24,24
3567161,2025-07-24,6.4126979260601935,24,24
3567161,2025-07-28,4.304782820032965,22,22
3567161,2025-08-01,17.0319844186306,24,24
3567161,2025-08-05,13.831026078098349,24,24
3567161,2025-08-09,10.282855874858797,24,24
3567161,2025-08-13,2.921095483367228,24,24
3567161,2025-08-17,2.418273729104031,24,24
3567161,2025-08-21,4.831901053768687,24,24
3567161,2025-08-25,2.470024296341257,24,24
3567161,2025-08-29,5.164944403623748,24,24
3567161,2025-09-02,4.801012496478065,24,24
3567161,2025-09-06,1.1512371494848694,24,24
3567161,2025-09-10,4.971895004922844,13,13
3567161,2025-09-14,6.062562505507635,24,24
3567161,2025-09-18,0.8821331000136626,24,24
3567161,2025-09-22,18.11485692739047,24,24
3567161,2025-09-26,2.535495691068442,24,24
3567161,2025-09-30,4.650306459362906,23,23
3567161,2025-10-08,20.34506211795059,17,17
3567161,2025-10-12,6.141353009980069,24,24
3567161,2025-10-16,16.949306145504426,24,24
3567161,2025-10-20,21.766782379339613,21,21
3567161,2025-10-24,27.88672918053085,24,24
3567161,2025-10-28,3.703158793969186,24,24
3567161,2025-11-01,1.5777867742261131,24,24
3567161,2025-11-05,5.738780799859028,23,23
3567161,2025-11-09,6.7662788846092585,16,16
3567161,2025-11-13,15.457493944534502,23,23
3567161,2025-11-17,11.262446983395654,22,22
3567161,2025-11-21,12.909829857572914,24,24
3567161,2025-11-25,22.73079165650739,24,24
3567161,2025-11-29,22.486341279436044,24,24
3567161,2025-12-03,12.697565942940614,24,24
3567161,2025-12-07,15.99185417625639,24,24
3567161,2025-12-11,16.34115974349487,24,24
3567161,2025-12-15,9.553557309034039,24,24
3567161,2025-12-19,27.46933970551386,24,24
3567161,2025-12-23,19.66523205285754,24,24
3567161,2025-12-27,19.22435920961201,10,10
3567161,2025-12-31,31.53970293238543,23,23
3409512,2025-02-22,0.0,87,87
3409512,2025-02-26,0.0,85,85
3409512,2025-03-02,0.0,41,41
3409512,2025-03-06,0.0,53,53
3409512,2025-03-10,0.0,84,84
3409512,2025-03-14,0.0,83,83
3409512,2025-03-18,0.0,80,80
3409512,2025-03-22,25.29072463768116,69,69
3409512,2025-03-26,17.03957746478873,71,71
3409512,2025-03-30,41.14,57,57
3409512,2025-04-03,40.55441860465116,43,43
3409512,2025-04-07,28.621666666666666,66,66
3409512,2025-04-11,15.7925,16,16
3409512,2025-04-15,17.9402,50,50
3409512,2025-04-19,9.1271875,64,64
3409512,2025-04-23,28.525333333333336,75,75
3409512,2025-04-27,16.924285714285716,77,77
3409512,2025-05-01,15.397,70,70
3409512,2025-05-05,14.495256410256411,78,78
3409512,2025-05-09,7.855393258426966,89,89
3409512,2025-05-13,11.233636363636364,77,77
3409512,2025-05-17,9.176162790697674,86,86
3409512,2025-05-21,11.276285714285715,70,70
3409512,2025-05-25,18.746896551724138,58,58
3409512,2025-05-29,15.380227272727273,88,88
3409512,2025-06-02,12.003205128205128,78,78
3409512,2025-06-06,20.418823529411764,85,85
3409512,2025-06-10,8.607307692307693,78,78
3409512,2025-06-14,8.29861111111111,72,72
3409512,2025-06-18,9.752658227848102,79,79
3409512,2025-06-22,13.34113924050633,79,79
3409512,2025-06-26,16.94732558139535,86,86
3409512,2025-06-30,14.917659574468084,47,47
3409512,2025-07-04,9.272857142857143,49,49
3409512,2025-07-08,11.271951219512195,82,82
3409512,2025-07-12,9.241807228915663,83,83
3409512,2025-07-16,10.912222222222221,72,72
3409512,2025-07-24,9.412962962962963,81,81
3409512,2025-07-28,10.144666666666668,75,75
3409512,2025-08-01,11.460833333333333,48,48
3409512,2025-08-05,7.669305555555557,72,72
3409512,2025-08-09,13.333066666666667,75,75
3409512,2025-08-13,5.0456756756756755,74,74
3409512,2025-08-17,5.92287356321839,87,87
3409512,2025-08-21,6.147926829268292,82,82
3409512,2025-08-25,5.603058823529412,85,85
3409512,2025-08-29,13.22396551724138,58,58
3409512,2025-09-02,9.796506024096386,83,83
3409512,2025-09-06,7.752926829268293,82,82
3409512,2025-09-10,11.971666666666666,66,66
3409512,2025-09-14,16.165862068965517,87,87
3409512,2025-09-18,6.571014492753623,69,69
3409512,2025-09-22,7.574074074074074,27,27
3409512,2025-09-26,12.813114754098361,61,61
3409512,2025-09-30,10.914,55,55
3409512,2025-10-04,7.430365853658536,82,82
3409512,2025-10-08,10.13,74,75
3409512,2025-10-12,51.92146666666667,75,75
3409512,2025-10-16,38.17192771084337,83,83
3409512,2025-10-20,96.54189655172414,58,58
3409512,2025-10-24,33.349886363636365,88,88
3409512,2025-10-28,18.68046875,64,64
3409512,2025-11-01,10.402837837837836,74,74
3409512,2025-11-05,17.828780487804877,82,82
3409512,2025-11-09,31.258604651162795,86,86
3409512,2025-11-13,56.82795180722892,83,83
3409512,2025-11-17,61.234512195121944,82,82
3409512,2025-11-21,81.42078947368421,76,76
3409512,2025-12-03,52.1080487804878,41,41
3409512,2025-12-07,38.77,1,1
3409512,2025-12-11,20.886923076923075,26,26
3409512,2025-12-15,46.03,52,52
3409512,2025-12-19,67.53045454545455,22,22
3409512,2025-12-23,45.08108695652174,46,46
3409512,2025-12-27,61.33595744680851,47,47
3409512,2025-12-31,57.33130434782609,46,46
4959010,2025-07-04,29.82499997275216,7,7
4959010,2025-07-08,16.664166631301242,8,8
4959010,2025-07-20,34.57952466547448,23,23
4959010,2025-07-24,30.760416713025833,24,24
4959010,2025-07-28,32.894444439146255,24,24
4959010,2025-08-01,28.42621527446641,24,24
4959010,2025-08-05,34.83194442258941,24,24
4959010,2025-08-09,34.249305506547294,24,24
4959010,2025-08-13,13.876194234391805,24,24
4959010,2025-08-17,28.62157508791095,24,24
4959010,2025-08-21,21.748563798088014,24,24
4959010,2025-08-25,31.325284123420715,24,24
4959010,2025-08-29,25.165625012583202,24,24
4959010,2025-09-02,32.031423615084755,24,24
4959010,2025-09-06,33.023611121707496,24,24
4959010,2025-09-10,33.80902769830492,24,24
4959010,2025-09-14,36.073879381020866,24,24
4959010,2025-09-18,32.12739899259969,24,24
4959010,2025-09-22,23.60538198384974,24,24
4959010,2025-09-26,11.727078123909486,24,24
4959010,2025-09-30,26.851487692951057,23,23
4959010,2025-10-04,22.076449266090485,23,23
4959010,2025-10-12,28.07481060722711,24,24
4959010,2025-10-16,23.49791660461644,24,24
4959010,2025-10-20,22.449711465063096,21,21
4959010,2025-10-24,26.090903873809356,24,24
4959010,2025-10-28,23.075757573537455,24,24
4959010,2025-11-01,11.3900297712239,14,14
4959010,2025-11-05,29.015350542476646,20,20
4959010,2025-11-09,27.52212754532582,24,24
4959010,2025-11-13,44.26421282822279,23,23
4959010,2025-11-17,27.118112911041774,22,22
4959010,2025-11-21,45.14142994251517,24,24
4959010,2025-11-25,40.826104849516746,24,24
4959010,2025-11-29,33.63585862110961,24,24
4959010,2025-12-03,36.045454579621854,24,24
4959010,2025-12-07,34.671875001655685,24,24
4959010,2025-12-11,45.28151830157848,24,24
4959010,2025-12-15,36.812499955296516,24,24
4959010,2025-12-19,31.09218741953373,24,24
4959010,2025-12-23,46.46840271022585,24,24
4959010,2025-12-27,41.10560286857865,24,24
4959010,2025-12-31,51.087673561440575,24,24
4797642,2025-06-22,31.0687012987013,77,77
4797642,2025-06-26,16.68111111111111,36,36
4797642,2025-06-30,29.503913043478263,23,23
4797642,2025-07-04,18.18244897959184,49,49
4797642,2025-07-08,11.654054054054054,37,37
4797642,2025-07-12,18.258,70,70
4797642,2025-07-16,9.478615384615384,65,65
4797642,2025-07-20,32.4505,60,60
4797642,2025-07-24,19.410422535211268,71,71
4797642,2025-07-28,17.2259375,64,64
4797642,2025-08-01,18.805875,80,80
4797642,2025-08-05,31.97972602739726,73,73
4797642,2025-08-09,19.145890410958906,73,73
4797642,2025-08-13,25.187088607594937,79,79
4797642,2025-08-17,28.069710144927534,69,69
4797642,2025-08-21,15.50054794520548,73,73
4797642,2025-08-25,22.349607843137253,51,51
4797642,2025-08-29,28.497868852459014,61,61
4797642,2025-09-02,17.260952380952382,63,63
4797642,2025-09-06,24.83134328358209,67,67
4797642,2025-09-10,14.780714285714286,14,14
4797642,2025-09-14,27.944594594594594,74,74
4797642,2025-09-18,30.501492537313432,67,67
4797642,2025-09-22,7.267017543859649,57,57
4797642,2025-09-26,21.299142857142858,70,70
4797642,2025-09-30,33.53508474576271,59,59
4797642,2025-10-04,25.028285714285715,70,70
4797642,2025-10-08,30.41,50,50
4797642,2025-10-12,20.891707317073173,41,41
4797642,2025-10-16,28.625441176470588,68,68
4797642,2025-10-20,30.386153846153846,39,39
4797642,2025-10-24,13.451666666666666,24,24
4797642,2025-10-28,22.37480769230769,52,52
4797642,2025-11-01,20.656052631578945,76,76
4797642,2025-11-05,21.34784810126582,79,79
4797642,2025-11-09,6.815,78,78
4797642,2025-11-13,28.441666666666666,36,36
4797642,2025-11-17,18.051176470588235,68,68
4797642,2025-11-21,19.4955,60,60
4797642,2025-11-25,23.342499999999998,60,60
4797642,2025-11-29,27.650333333333332,60,60
4797642,2025-12-03,25.436029411764707,68,68
4797642,2025-12-07,18.47311111111111,45,45
4797642,2025-12-11,31.75344262295082,61,61
4797642,2025-12-15,21.259999999999998,43,43
4797642,2025-12-19,25.877446808510637,47,47
4797642,2025-12-23,21.007600000000004,50,50
4797642,2025-12-27,26.70175438596491,57,57
4797642,2025-12-31,37.75953846153846,65,65
3510962,2025-04-23,54.570302965063036,16,16
3510962,2025-04-27,55.80015654034085,24,24
3510962,2025-05-01,27.252699689732655,24,24
3510962,2025-05-05,41.58229865630468,24,24
3510962,2025-05-09,17.224310485514426,24,24
3510962,2025-05-13,17.864995352096027,24,24
3510962,2025-05-17,3.2026575961176103,24,24
3510962,2025-05-21,8.549051051918005,24,24
3510962,2025-05-25,0.9857048590072534,24,24
3510962,2025-05-29,5.569946182878791,24,24
3510962,2025-06-02,0.6217738020987739,7,7
3510962,2025-06-06,9.65168170361883,24,24
3510962,2025-06-10,3.685416668239567,24,24
3510962,2025-06-14,0.7644527318221132,23,23
3510962,2025-06-18,3.8143749961422553,24,24
3510962,2025-06-22,2.0264130451756976,23,23
3510962,2025-06-26,5.056994226075605,24,24
3510962,2025-06-30,2.640949645597074,24,24
3510962,2025-07-04,2.80259068224866,24,24
3510962,2025-07-08,3.6014151773138323,24,24
3510962,2025-07-12,0.9118472177975087,24,24
3510962,2025-07-16,0.9027378418250009,24,24
3510962,2025-07-20,1.7118615354528897,24,24
3510962,2025-07-24,1.6163715344837237,24,24
3510962,2025-07-28,0.6577144171059224,23,23
3510962,2025-08-01,5.278176494770579,24,24
3510962,2025-08-05,5.870868060401538,24,24
3510962,2025-08-09,4.462098365843606,24,24
3510962,2025-08-13,6.101911457824624,24,24
3510962,2025-08-17,2.4695648214158914,24,24
3510962,2025-08-21,5.081614219188464,24,24
3510962,2025-08-25,2.1555930069499256,23,23
3510962,2025-08-29,2.3765972316032276,24,24
3510962,2025-09-02,1.0791626111992325,24,24
3510962,2025-09-06,3.232347214271108,24,24
3510962,2025-09-10,2.287777769314643,24,24
3510962,2025-09-18,4.307537047949154,16,16
3510962,2025-09-22,0.8682097162080624,21,21
3510962,2025-09-26,2.9372626679576306,18,18
3510962,2025-09-30,1.7264957690705964,23,23
3510962,2025-10-04,5.452931163150925,23,23
3510962,2025-10-08,2.75766320195463,24,24
3510962,2025-10-12,1.5881267359169822,24,24
3510962,2025-10-16,6.178425955417979,24,24
3510962,2025-10-20,18.591516578008257,21,21
3510962,2025-10-24,0.5707818280776135,24,24
3510962,2025-10-28,18.771049786607424,24,24
3510962,2025-11-01,3.1719519749645975,24,24
3510962,2025-11-05,3.1824239097184677,23,23
3510962,2025-11-09,5.292546898416347,24,24
3510962,2025-11-13,13.769550681956435,23,23
3510962,2025-11-17,9.72628281452138,22,22
3510962,2025-11-21,10.289437516364787,24,24
3510962,2025-11-25,30.165463509162265,24,24
3510962,2025-11-29,19.614359926687623,24,24
3510962,2025-12-03,15.847336223711155,24,24
3510962,2025-12-07,20.881070707879886,15,15
3510962,2025-12-11,11.45890782601153,22,22
3510962,2025-12-15,10.20783275236479,24,24
3510962,2025-12-19,21.684186301697736,24,24
3510962,2025-12-23,12.393882838218952,24,24
3510962,2025-12-27,12.53732961986352,15,15
3510962,2025-12-31,21.79821015777795,23,23
368405,2025-01-01,36.62083333333333,24,24
368405,2025-01-05,42.6875,24,24
368405,2025-01-09,64.90555555555555,18,18
368405,2025-01-13,36.175000000000004,24,24
368405,2025-01-17,23.704166666666666,24,24
368405,2025-01-21,54.79473684210526,19,19
368405,2025-01-25,60.4,24,24
368405,2025-01-29,30.670833333333334,24,24
368405,2025-02-02,46.354166666666664,24,24
368405,2025-02-06,25.565,20,20
368405,2025-02-10,19.641666666666666,24,24
368405,2025-02-14,36.62222222222223,18,18
368405,2025-02-18,15.354166666666666,24,24
368405,2025-02-22,26.079166666666666,24,24
368405,2025-02-26,15.270833333333334,24,24
368405,2025-03-02,13.542857142857143,7,7
368405,2025-03-06,9.741666666666667,24,24
368405,2025-03-10,29.316666666666666,24,24
368405,2025-03-14,10.325000000000001,24,24
368405,2025-03-18,13.258333333333333,24,24
368405,2025-03-30,30.804166666666664,24,24
368405,2025-04-03,28.087500000000002,24,24
368405,2025-04-07,13.679166666666667,24,24
368405,2025-04-11,23.641666666666666,24,24
368405,2025-04-15,14.125,8,8
368405,2025-04-19,11.564705882352941,17,17
368405,2025-04-23,12.668181818181818,22,22
368405,2025-05-09,10.583333333333334,24,24
368405,2025-05-13,13.2875,8,8
368405,2025-05-17,15.641666666666666,24,24
368405,2025-05-21,10.590909090909092,22,22
368405,2025-05-25,8.125,24,24
368405,2025-05-29,8.472222222222221,18,18
368405,2025-06-02,10.365217391304348,23,23
368405,2025-06-06,15.899999999999999,18,18
368405,2025-06-10,11.129166666666668,24,24
368405,2025-06-14,11.729166666666666,24,24
368405,2025-06-18,9.679166666666667,24,24
368405,2025-06-22,9.514285714285714,21,21
368405,2025-06-26,15.222222222222221,9,9
368405,2025-06-30,13.359090909090908,22,22
368405,2025-08-25,9.3,1,1
368405,2025-08-29,14.858333333333334,24,24
368405,2025-09-02,10.975,24,24
368405,2025-09-06,10.950000000000001,14,14
368405,2025-09-10,7.222222222222222,18,18
368405,2025-09-14,10.299999999999999,22,22
368405,2025-09-18,12.445833333333333,24,24
368405,2025-09-22,10.195652173913043,23,23
368405,2025-09-26,11.727272727272727,22,22
368405,2025-09-30,6.6499999999999995,24,24
368405,2025-10-04,14.241666666666667,24,24
368405,2025-10-08,9.020833333333334,24,24
368405,2025-11-21,10.79047619047619,21,21
368405,2025-11-25,19.656521739130433,23,23
368405,2025-11-29,30.474999999999998,24,24
368405,2025-12-03,37.440909090909095,22,22
368405,2025-12-07,23.53333333333333,24,24
368405,2025-12-11,19.743478260869566,23,23
368405,2025-12-15,14.173333333333334,15,15
368405,2025-12-19,19.876190476190477,21,21
368405,2025-12-23,23.485714285714284,21,21
368405,2025-12-27,19.541666666666668,24,24
368405,2025-12-31,36.58181818181818,22,22
10633,2025-02-22,47.54555555555556,90,90
10633,2025-02-26,83.46265060240964,83,91
10633,2025-03-02,55.98604651162791,86,86
10633,2025-03-06,51.45393258426966,89,89
10633,2025-03-10,56.6,88,88
10633,2025-03-14,36.97391304347826,92,92
10633,2025-03-18,31.072527472527472,91,91
10633,2025-03-22,28.731818181818184,88,88
10633,2025-03-26,55.46,70,70
10633,2025-03-30,59.25393258426967,89,89
10633,2025-04-03,34.419999999999995,85,85
10633,2025-04-07,21.34166666666667,84,84
10633,2025-04-11,30.473333333333336,15,15
10633,2025-04-15,44.559322033898304,59,59
10633,2025-04-19,35.72093023255814,86,86
10633,2025-04-23,36.81222222222222,90,90
10633,2025-04-27,35.65108695652174,92,92
10633,2025-05-01,38.809890109890105,91,91
10633,2025-05-05,35.47272727272727,88,88
10633,2025-05-09,42.39213483146067,89,89
10633,2025-05-13,33.22658227848101,79,79
10633,2025-05-17,26.65,88,88
10633,2025-05-21,17.53972602739726,73,73
10633,2025-05-25,15.668181818181816,66,66
10633,2025-05-29,30.067777777777778,90,90
10633,2025-06-02,36.440963855421685,83,83
10633,2025-06-06,40.309890109890105,91,91
10633,2025-06-10,46.68148148148148,81,81
10633,2025-06-14,32.80652173913043,92,92
10633,2025-06-18,23.396428571428572,84,84
10633,2025-06-22,29.03048780487805,82,82
10633,2025-06-26,18.195454545454545,88,88
10633,2025-06-30,30.84259259259259,54,54
10633,2025-07-04,28.217333333333336,75,75
10633,2025-07-08,24.343023255813954,86,86
10633,2025-07-12,29.03956043956044,91,91
10633,2025-07-16,26.6123595505618,89,89
10633,2025-07-20,24.0021978021978,91,91
10633,2025-07-24,22.15301204819277,83,83
10633,2025-07-28,20.241573033707866,89,89
10633,2025-08-01,26.721666666666668,60,60
10633,2025-08-05,35.60344827586207,29,29
10633,2025-08-09,15.803125,32,32
10633,2025-08-13,16.559375,64,64
10633,2025-08-17,15.700000000000001,91,91
10633,2025-08-21,14.879545454545456,88,88
10633,2025-08-25,17.261363636363637,88,88
10633,2025-08-29,40.5367816091954,87,87
10633,2025-09-02,22.0367816091954,87,87
10633,2025-09-06,29.692391304347826,92,92
10633,2025-09-10,27.617441860465114,86,86
10633,2025-09-14,27.285714285714285,91,91
10633,2025-09-18,29.052112676056336,71,71
10633,2025-09-22,37.112500000000004,88,88
10633,2025-09-26,30.627777777777776,72,72
10633,2025-09-30,41.42391304347826,92,92
10633,2025-10-04,106.52747252747253,91,91
10633,2025-10-08,49.94719101123596,89,89
10633,2025-10-12,69.44651162790697,86,90
10633,2025-10-16,74.43636363636364,88,88
10633,2025-10-20,94.70491803278688,61,61
10633,2025-10-24,82.67777777777778,90,90
10633,2025-10-28,56.06470588235294,68,68
10633,2025-11-01,30.75125,80,80
10633,2025-11-05,118.32631578947367,38,38
10633,2025-11-09,80.21098901098901,91,91
10633,2025-11-13,132.9179775280899,89,89
10633,2025-11-17,100.93218390804599,87,87
10633,2025-11-21,138.22045454545454,88,88
10633,2025-11-25,176.08555555555557,90,90
10633,2025-11-29,123.33483146067415,89,89
10633,2025-12-07,133.6186813186813,91,91
10633,2025-12-11,184.90266666666668,75,75
10633,2025-12-15,115.40602409638555,83,83
10633,2025-12-19,99.44352941176471,85,85
10633,2025-12-23,127.5,88,88
10633,2025-12-27,105.96,80,80
10633,2025-12-31,81.20444444444443,90,90
5603,2025-02-22,74.86813186813187,91,91
5603,2025-02-26,36.01123595505618,89,89
5603,2025-03-02,33.345238095238095,84,84
5603,2025-03-06,53.7752808988764,89,89
5603,2025-03-10,48.24418604651163,86,86
5603,2025-03-14,33.637362637362635,91,91
5603,2025-03-18,61.86813186813187,91,91
5603,2025-03-22,48.2,90,90
5603,2025-03-26,54.34782608695652,92,92
5603,2025-03-30,61.355555555555554,90,90
5603,2025-04-03,57.7816091954023,87,87
5603,2025-04-07,64.02222222222223,90,90
5603,2025-04-11,80.06666666666666,15,15
5603,2025-04-15,61.55172413793103,58,58
5603,2025-04-19,54.96341463414634,82,82
5603,2025-04-23,43.01123595505618,89,89
5603,2025-04-27,50.45652173913044,92,92
5603,2025-05-01,41.274193548387096,62,62
5603,2025-05-05,23.333333333333332,27,27
5603,2025-05-09,41.75,76,76
5603,2025-05-13,34.32,50,50
5603,2025-05-17,39.27272727272727,88,88
5603,2025-05-21,49.53333333333333,75,75
5603,2025-05-25,45.732142857142854,56,56
5603,2025-05-29,30.95402298850575,87,87
5603,2025-06-02,28.984615384615385,65,65
5603,2025-06-06,45.79545454545455,88,88
5603,2025-06-10,31.73913043478261,69,69
5603,2025-06-14,37.52,75,75
5603,2025-06-18,17.976190476190474,84,84
5603,2025-06-22,27.71153846153846,52,52
5603,2025-06-26,28.266666666666666,60,60
5603,2025-06-30,36.904761904761905,42,42
5603,2025-07-04,15.426470588235293,68,68
5603,2025-07-08,38.76923076923077,78,78
5603,2025-07-12,25.376470588235293,85,85
5603,2025-07-16,34.136986301369866,73,73
5603,2025-07-20,24.42168674698795,83,83
5603,2025-07-24,31.095238095238095,84,84
5603,2025-07-28,19.217391304347824,92,92
5603,2025-08-01,38.46774193548387,62,62
5603,2025-08-05,34.95,80,80
5603,2025-08-09,47.98765432098765,81,81
5603,2025-08-13,29.72222222222222,90,90
5603,2025-08-17,25.978021978021978,91,91
5603,2025-08-21,21.079545454545453,88,88
5603,2025-08-25,18.617977528089888,89,89
5603,2025-08-29,31.91111111111111,90,90
5603,2025-09-02,41.86516853932584,89,89
5603,2025-09-06,23.0,90,90
5603,2025-09-10,44.574074074074076,54,54
5603,2025-09-14,44.358695652173914,92,92
5603,2025-09-18,47.08108108108108,74,74
5603,2025-09-22,36.714285714285715,91,91
5603,2025-09-26,56.72,75,75
5603,2025-09-30,33.505494505494504,91,91
5603,2025-10-04,45.9010989010989,91,91
5603,2025-10-08,87.18279569892474,93,93
5603,2025-10-12,56.12643678160919,87,87
5603,2025-10-16,80.58823529411765,85,85
5603,2025-10-20,105.98461538461538,65,65
5603,2025-10-24,90.38888888888889,90,90
5603,2025-10-28,53.0,70,70
5603,2025-11-01,40.707317073170735,82,82
5603,2025-11-05,54.857142857142854,91,91
5603,2025-11-09,57.61290322580645,93,93
5603,2025-11-13,76.03389830508475,59,59
5603,2025-11-17,112.63333333333334,90,90
5603,2025-11-21,132.31460674157304,89,89
5603,2025-11-25,154.20652173913044,92,92
5603,2025-11-29,88.93406593406593,91,91
5603,2025-12-03,74.22988505747126,87,87
5603,2025-12-07,57.27472527472528,91,91
5603,2025-12-11,42.328125,64,64
5603,2025-12-15,81.27848101265823,79,79
5603,2025-12-19,69.17241379310344,87,87
5603,2025-12-23,78.48387096774194,62,62
5603,2025-12-27,66.3780487804878,82,82
5603,2025-12-31,106.95505617977528,89,89
2812676,2025-04-27,1499.63,1,64
2812676,2025-05-05,1499.8,1,49
2812676,2025-05-09,1499.87,1,50
2812676,2025-05-13,1499.2233333333334,3,39
2812676,2025-05-17,1499.33,1,49
2812676,2025-05-25,1499.5225,4,36
2812676,2025-06-06,1499.69,1,34
2812676,2025-06-14,1499.93,1,36
2812676,2025-06-22,1499.6100000000001,2,76
2812676,2025-07-16,1499.7350000000001,2,64
2812676,2025-07-20,1499.85,1,60
2812676,2025-07-28,1499.3619999999999,5,67
2812676,2025-08-01,1499.8,1,79
2439859,2025-01-09,36.77129079677441,9,9
2439859,2025-01-13,20.469642957051594,1,1
2439859,2025-02-14,31.177219386233222,24,24
2439859,2025-02-18,34.13701904759263,20,20
2439859,2025-02-22,34.44392972522312,24,24
2439859,2025-02-26,16.79909066690339,24,24
2439859,2025-03-02,20.719859871599407,24,24
2439859,2025-03-06,38.1912140250206,24,24
2439859,2025-03-10,37.47903839084837,24,24
2439859,2025-03-18,71.08994091881645,24,24
2439859,2025-03-22,81.8696056207021,24,24
2439859,2025-03-26,76.3106441365348,24,24
2439859,2025-03-30,150.7357206079695,24,24
2439859,2025-04-03,101.65169886747996,24,24
2439859,2025-04-07,51.89135411712858,24,24
2439859,2025-04-11,155.91629485289255,24,24
2439859,2025-04-15,11.768297395772406,24,24
2439859,2025-04-19,23.135677059491474,24,24
2439859,2025-04-23,46.05885044733683,24,24
2439859,2025-04-27,67.59388024277158,24,24
2439859,2025-05-01,11.983382927046883,24,24
2439859,2025-05-05,17.563349495331448,24,24
2439859,2025-05-09,50.10926587714089,24,24
2439859,2025-05-13,14.379557258552977,24,24
2439859,2025-05-17,5.198470997417139,24,24
2439859,2025-05-21,9.271391365263197,24,24
2439859,2025-05-25,3.083885154169467,24,24
2439859,2025-05-29,1.7310866364684123,22,22
2439859,2025-06-02,4.312117355021958,7,7
2439859,2025-06-06,11.006826620962885,24,24
2439859,2025-06-10,4.403800851975878,24,24
2439859,2025-06-14,1.8540068235403548,18,18
2439859,2025-06-18,2.050429896943064,24,24
2439859,2025-06-22,4.152269228105096,23,23
2439859,2025-06-26,4.584088116625531,24,24
2439859,2025-06-30,7.7862475154576485,24,24
2439859,2025-07-04,5.361117302957509,24,24
2439859,2025-07-08,7.920132699112098,24,24
2439859,2025-07-12,1.237243725374962,24,24
2439859,2025-07-16,3.8345857981799374,24,24
2439859,2025-07-20,2.0633432583062032,24,24
2439859,2025-07-24,1.3343687982026797,24,24
2439859,2025-07-28,2.175744038689623,24,24
2439859,2025-08-01,7.67431794355313,24,24
2439859,2025-08-05,4.711005718757709,24,24
2439859,2025-08-09,2.264155510295596,24,24
2439859,2025-08-13,1.1964528177008786,24,24
2439859,2025-08-17,2.070233966495531,24,24
2439859,2025-08-21,2.0502905905660653,24,24
2439859,2025-08-25,2.860187251224286,24,24
2439859,2025-08-29,5.477741428912976,22,22
2439859,2025-09-02,3.020374105622371,24,24
2439859,2025-09-06,4.220924262164368,24,24
2439859,2025-09-10,5.67398522178539,24,24
2439859,2025-09-14,0.846267363318475,24,24
2439859,2025-09-18,9.22795759803719,24,24
2439859,2025-09-22,1.3038636811252218,24,24
2439859,2025-09-26,1.5342861242437114,24,24
2439859,2025-09-30,1.5798736174786598,23,23
2439859,2025-10-04,2.796935382756688,23,23
2439859,2025-10-08,3.5341765661206512,24,24
2439859,2025-10-12,11.742910855346254,24,24
2439859,2025-10-16,2.783726019577848,24,24
2439859,2025-10-20,12.855175300249977,21,21
2439859,2025-10-24,8.785408404843004,24,24
2439859,2025-10-28,6.235097783352287,21,21
2439859,2025-11-01,3.361993631299969,24,24
2439859,2025-11-05,6.765282106883901,23,23
2439859,2025-11-09,1.1124193975877474,24,24
2439859,2025-11-13,5.907168738266326,23,23
2439859,2025-11-17,10.229903952867696,22,22
2439859,2025-11-21,7.432078783055423,24,24
2439859,2025-11-25,14.84412203536975,24,24
2439859,2025-11-29,14.350874244900686,24,24
2439859,2025-12-03,12.811173128998943,24,24
2439859,2025-12-07,10.77131478535194,17,17
2439859,2025-12-11,20.362028769025255,24,24
2439859,2025-12-15,7.587177584391264,24,24
2439859,2025-12-19,13.671831599865405,24,24
2439859,2025-12-23,14.255704357569654,24,24
2439859,2025-12-27,14.765345976311004,24,24
2439859,2025-12-31,13.303284176668887,23,23
353715,2025-02-22,26.132417582417585,91,91
353715,2025-02-26,48.440666666666665,90,90
353715,2025-03-02,18.835595238095237,84,84
353715,2025-03-06,19.745402298850575,87,87
353715,2025-03-10,34.958604651162794,86,86
353715,2025-03-14,29.281505376344086,93,93
353715,2025-03-18,23.681666666666665,90,90
353715,2025-03-22,24.69391304347826,92,92
353715,2025-03-26,49.24885057471264,87,87
353715,2025-03-30,7.266835443037976,79,79
353715,2025-04-03,39.20436781609196,87,87
353715,2025-04-07,37.868720930232556,86,86
353715,2025-04-11,19.585625,16,16
353715,2025-04-15,22.80035087719298,57,57
353715,2025-04-19,11.856307692307691,65,65
353715,2025-04-23,30.62577777777778,90,90
353715,2025-04-27,47.92638888888889,72,72
353715,2025-05-01,26.956629213483144,89,89
353715,2025-05-05,19.273953488372094,86,86
353715,2025-05-09,28.064891304347825,92,92
353715,2025-05-13,24.438023255813956,86,86
353715,2025-05-17,37.64238636363637,88,88
353715,2025-05-21,21.971891891891893,74,74
353715,2025-05-25,9.953770491803278,61,61
353715,2025-05-29,29.60211111111111,90,90
353715,2025-06-02,27.099382716049384,81,81
353715,2025-06-06,33.25510869565217,92,92
353715,2025-06-10,36.30797619047619,84,84
353715,2025-06-14,11.766603773584906,53,53
353715,2025-06-18,13.379736842105263,76,76
353715,2025-06-22,17.376746987951808,83,83
353715,2025-06-26,14.22816091954023,87,87
353715,2025-06-30,5.269183673469388,49,49
353715,2025-07-04,17.42027027027027,74,74
353715,2025-07-08,40.502909090909085,55,55
353715,2025-07-12,36.5820652173913,92,92
353715,2025-07-16,32.18767441860465,86,86
353715,2025-07-20,55.56077777777778,90,90
353715,2025-07-24,32.30988095238096,84,84
353715,2025-07-28,0.0,92,92
353715,2025-08-01,24.297758620689656,58,58
353715,2025-08-05,29.001688311688312,77,77
353715,2025-08-09,22.7026582278481,79,79
353715,2025-08-13,51.229883720930225,86,86
353715,2025-08-17,35.715869565217396,92,92
353715,2025-08-21,24.920454545454547,88,88
353715,2025-08-25,21.310111111111112,90,90
353715,2025-08-29,28.94511111111111,90,90
353715,2025-09-02,11.394939759036145,83,83
353715,2025-09-06,22.60306818181818,88,88
353715,2025-09-10,28.07567901234568,81,81
353715,2025-09-14,32.37166666666667,66,66
353715,2025-09-18,21.52953846153846,65,65
353715,2025-09-22,49.734382022471905,89,89
353715,2025-09-26,33.669696969696965,66,66
353715,2025-09-30,34.474545454545456,88,88
353715,2025-10-04,21.94061728395062,81,81
353715,2025-10-08,18.386823529411767,85,85
353715,2025-10-12,71.00142857142858,91,91
353715,2025-10-16,35.676071428571426,84,84
353715,2025-10-20,115.25728813559323,59,59
353715,2025-10-24,48.31037037037037,81,81
353715,2025-10-28,58.97776119402985,67,67
353715,2025-11-01,56.329750000000004,80,80
353715,2025-11-05,31.835783132530118,83,83
353715,2025-11-09,51.0,87,87
353715,2025-11-17,48.49272727272727,88,88
353715,2025-11-21,70.50747252747253,91,91
353715,2025-11-25,55.723076923076924,91,91
353715,2025-11-29,34.58417582417582,91,91
353715,2025-12-03,49.71577777777778,90,90
353715,2025-12-07,62.09769230769231,91,91
353715,2025-12-11,79.99876712328766,73,73
353715,2025-12-15,71.05975903614458,83,83
353715,2025-12-19,56.56904761904762,84,84
353715,2025-12-23,79.05966292134832,89,89
353715,2025-12-27,61.77875,80,80
353715,2025-12-31,72.23362637362638,91,91
4805270,2025-06-26,29.33249070594708,24,24
4805270,2025-06-30,17.67374475510032,24,24
4805270,2025-07-08,15.555808075578698,14,14
4805270,2025-07-12,37.51820312654559,24,24
4805270,2025-07-16,35.578239477804615,24,24
4805270,2025-07-20,9.683559031846622,24,24
4805270,2025-07-24,18.958923709692147,24,24
4805270,2025-07-28,18.679924079543586,24,24
4805270,2025-08-01,29.64890798098511,24,24
4805270,2025-08-05,10.96737661237616,23,23
4805270,2025-08-09,19.846129528902196,24,24
4805270,2025-08-13,18.485372254252436,24,24
4805270,2025-08-17,32.18600350287225,24,24
4805270,2025-08-21,46.84151151679721,23,23
4805270,2025-08-25,39.816690414592074,24,24
4805270,2025-08-29,62.92633215365586,24,24
4805270,2025-09-02,47.892519306253504,18,18
4805270,2025-09-06,31.934166490128547,24,24
4805270,2025-09-10,35.83462810420026,16,16
4805270,2025-09-14,24.111583989678007,14,14
4805270,2025-09-18,24.533150470367186,24,24
4805270,2025-09-22,37.17756358609683,23,23
4805270,2025-09-26,51.27027420340864,24,24
4805270,2025-09-30,48.304246963855725,23,23
4805270,2025-10-04,63.86307365767622,23,23
4805270,2025-10-08,69.41192361683788,19,19
4805270,2025-10-16,85.98472400652639,24,24
4805270,2025-10-20,133.88995917339975,21,21
4805270,2025-10-24,83.6721657651442,24,24
4805270,2025-10-28,176.76296646418393,24,24
4805270,2025-11-01,193.38753548217122,23,23
4805270,2025-11-05,271.15445347937987,23,23
4805270,2025-11-09,201.900200498334,22,22
4805270,2025-11-13,209.57862318546867,22,22
4805270,2025-11-17,143.6003824791468,22,22
4805270,2025-11-21,253.70390920390255,23,23
4805270,2025-11-25,215.42782887995043,24,24
4805270,2025-11-29,211.81546582990774,23,23
4805270,2025-12-03,244.2023513590848,24,24
4805270,2025-12-07,206.10748428503675,24,24
4805270,2025-12-11,313.795990313424,24,24
4805270,2025-12-15,200.81220102168894,24,24
4805270,2025-12-19,308.13192931937164,24,24
4805270,2025-12-23,158.30433201890773,24,24
4805270,2025-12-27,200.45651199287838,24,24
4805270,2025-12-31,154.59474687868956,21,21
5627,2025-02-22,52.747419321408834,93,93
5627,2025-02-26,97.05835756113831,71,86
5627,2025-03-02,51.55354909274889,92,92
5627,2025-03-06,43.29623139422873,92,92
5627,2025-03-10,81.34585232204861,45,45
5627,2025-03-14,76.53863843282063,93,93
5627,2025-03-18,54.04695299620269,93,93
5627,2025-03-22,67.19974789412126,92,92
5627,2025-03-26,113.4432560640223,85,85
5627,2025-04-03,46.261220428678726,18,18
5627,2025-04-07,105.31438908483206,89,89
5627,2025-04-11,16.841978937387466,16,16
5627,2025-04-15,53.599619073382875,59,59
5627,2025-04-19,60.476656215946846,82,82
5627,2025-04-23,60.76361700829039,47,47
5627,2025-04-27,78.91971389015953,91,91
5627,2025-05-01,70.03956043956045,91,91
5627,2025-05-05,40.06690476190476,84,86
5627,2025-05-09,64.76087912087912,91,92
5627,2025-05-13,30.430519480519482,77,78
5627,2025-05-17,46.50252873563218,87,87
5627,2025-05-21,67.49092307692308,65,73
5627,2025-05-25,20.413103448275862,58,64
5627,2025-05-29,57.64868131868132,91,91
5627,2025-06-02,43.79873417721519,79,79
5627,2025-06-06,45.726881720430114,93,93
5627,2025-06-10,58.482439024390246,82,82
5627,2025-06-14,60.03637362637363,91,91
5627,2025-06-18,19.21814814814815,81,83
5627,2025-06-22,32.33164556962025,79,79
5627,2025-06-26,24.520224719101126,89,89
5627,2025-06-30,26.811851851851852,54,54
5627,2025-07-04,18.299333333333333,75,75
5627,2025-07-08,33.744651162790696,86,86
5627,2025-07-12,33.58688172043011,93,93
5627,2025-07-16,22.217954545454546,88,88
5627,2025-07-20,25.011123595505616,89,89
5627,2025-07-24,31.621190476190474,84,84
5627,2025-07-28,28.39588888888889,90,90
5627,2025-08-01,23.442363636363634,55,55
5627,2025-08-05,39.93526315789474,76,76
5627,2025-08-09,21.326124999999998,80,80
5627,2025-08-13,38.966511627906975,86,86
5627,2025-08-17,26.2267032967033,91,91
5627,2025-08-21,25.166951219512196,82,82
5627,2025-08-25,19.78418604651163,86,86
5627,2025-08-29,29.585340909090913,88,88
5627,2025-09-02,12.224597701149424,87,87
5627,2025-09-06,24.858241758241757,91,91
5627,2025-09-10,23.78965517241379,87,87
5627,2025-09-14,37.90758241758242,91,91
5627,2025-09-18,45.21521126760563,71,72
5627,2025-09-22,34.15,88,88
5627,2025-09-26,39.37783783783784,74,74
5627,2025-09-30,37.52078651685393,89,89
5627,2025-10-04,53.44703296703297,91,91
5627,2025-10-08,32.04043956043956,91,91
5627,2025-10-12,65.5112643678161,87,87
5627,2025-10-16,101.2803448275862,87,87
5627,2025-10-20,296.7598360655737,61,61
5627,2025-10-24,120.13120879120879,91,91
5627,2025-10-28,113.4510447761194,67,67
5627,2025-11-01,242.17949367088607,79,79
5627,2025-11-05,100.47941860465116,86,86
5627,2025-11-09,227.6813186813187,91,91
5627,2025-11-13,304.318,85,91
5627,2025-11-17,197.28786516853933,89,89
5627,2025-11-21,221.61337078651687,89,89
5627,2025-11-25,168.4375824175824,91,91
5627,2025-11-29,125.0233695652174,92,92
5627,2025-12-03,161.9829213483146,89,89
5627,2025-12-07,136.58902173913043,92,92
5627,2025-12-11,145.0802702702703,74,74
5627,2025-12-15,220.56426829268293,82,82
5627,2025-12-19,174.8902298850575,87,88
5627,2025-12-23,218.64134831460672,89,89
5627,2025-12-27,204.142375,80,80
5627,2025-12-31,194.83932584269664,89,89
4838712,2025-06-26,42.79547754030254,22,22
4838712,2025-06-30,30.893263916174572,24,24
4838712,2025-07-04,28.58514581123988,24,24
4838712,2025-07-08,27.002088612980312,24,24
4838712,2025-07-12,28.68611454963684,24,24
4838712,2025-07-16,32.72442193163766,24,24
4838712,2025-07-20,31.97911920812395,24,24
4838712,2025-07-24,26.68647736476527,24,24
4838712,2025-07-28,26.466072890493606,24,24
4838712,2025-08-01,25.52372787033302,23,23
4838712,2025-08-05,23.363914877176285,24,24
4838712,2025-08-09,25.550677054458195,24,24
4838712,2025-08-13,27.32940624488725,24,24
4838712,2025-08-25,35.792574570192926,19,19
4838712,2025-08-29,45.34627759629402,23,23
4838712,2025-09-02,30.627332760228054,24,24
4838712,2025-09-06,36.74419739511278,24,24
4838712,2025-09-10,18.600060899106285,21,21
4838712,2025-09-14,30.149165622173403,23,23
4838712,2025-09-18,34.952681647406685,24,24
4838712,2025-09-22,32.92019440730413,24,24
4838712,2025-09-26,35.898382493080916,24,24
4838712,2025-09-30,39.92128504232508,23,23
4838712,2025-10-04,30.066218005171145,23,23
4838712,2025-10-08,40.609479111984925,24,24
4838712,2025-10-12,43.2943026855036,24,24
4838712,2025-10-16,52.19214003494492,24,24
4838712,2025-10-20,51.80522715402028,14,14
4838712,2025-10-24,87.87629744035227,24,24
4838712,2025-10-28,62.46452230082618,24,24
4838712,2025-11-01,136.54937733367638,24,24
4838712,2025-11-05,43.78862313394961,23,23
4838712,2025-11-09,45.63975173367394,24,24
4838712,2025-11-13,50.460992808963944,23,23
4838712,2025-11-17,83.78387883504232,22,22
4838712,2025-11-21,95.92864836008862,24,24
4838712,2025-11-25,70.5125763575236,24,24
4838712,2025-11-29,75.44909198813968,24,24
4838712,2025-12-03,54.17931249671512,24,24
4838712,2025-12-07,88.50543745888604,24,24
4838712,2025-12-11,93.53552497593485,23,23
4838712,2025-12-15,98.00568113415329,24,24
4838712,2025-12-19,82.08684967980868,23,23
4838712,2025-12-23,77.49543694734994,24,24
4838712,2025-12-27,79.75011111365424,24,24
4846143,2025-06-26,72.45139315923055,10,10
4846143,2025-06-30,21.176145041430438,9,9
4846143,2025-07-04,53.104130971999396,7,7
4846143,2025-07-08,31.163606882095337,10,10
4846143,2025-07-12,54.146928801359955,18,18
4846143,2025-07-16,54.04975439246857,24,24
4846143,2025-07-24,60.187602304529264,18,18
4846143,2025-07-28,37.59444223642349,16,16
4846143,2025-08-01,56.041506032148995,16,16
4846143,2025-08-05,27.659425471467202,24,24
4846143,2025-08-09,36.79679836034775,8,8
4846143,2025-08-13,27.72468546408194,9,9
4846143,2025-08-21,45.46924068126156,6,6
4846143,2025-08-25,46.159575171743576,9,9
4846143,2025-08-29,67.26183335708849,8,8
4846143,2025-09-02,23.052313792705537,10,10
4846143,2025-09-10,21.947109881675605,8,8
4846143,2025-09-18,29.834092778689936,8,8
4846143,2025-09-22,30.049008070338857,10,10
4846143,2025-09-26,80.36769439167446,5,5
4846143,2025-09-30,72.11232071528359,7,7
4846143,2025-10-04,75.26708335876465,7,7
4846143,2025-10-08,23.853304040284804,9,9
4846143,2025-10-16,105.15696368747288,9,9
4846143,2025-10-20,115.15600441473502,6,6
4846143,2025-10-24,207.32792336582358,17,17
4846143,2025-10-28,321.4242997706538,24,24
4846143,2025-11-01,222.27582130008275,15,15
4846143,2025-11-05,129.98889198671793,23,23
4846143,2025-11-13,195.1715827561388,12,12
4846143,2025-11-17,211.34443439907497,3,3
4846143,2025-11-21,179.4495552910699,3,3
4846143,2025-11-25,156.4548454281457,10,10
4846143,2025-11-29,175.69659189577456,15,15
4846143,2025-12-03,152.24835834503173,10,10
4846143,2025-12-11,290.473314409256,8,8
4846143,2025-12-15,427.5879792319404,4,4
4846143,2025-12-19,324.7393456218218,5,5
4846143,2025-12-23,46.86270361299868,6,6
4846143,2025-12-27,207.3005933602651,4,4
4846143,2025-12-31,332.1705799427739,6,6
3591603,2025-03-06,75.47961448298561,24,24
3591603,2025-03-10,36.97098015428554,23,23
3591603,2025-03-14,56.21528820196787,24,24
3591603,2025-03-18,25.941815967568093,24,24
3591603,2025-03-22,51.45204337437948,24,24
3591603,2025-03-26,102.9401921696133,24,24
3591603,2025-03-30,119.90829066074257,24,24
3591603,2025-04-03,56.22252021895515,24,24
3591603,2025-04-07,34.20173413963373,21,21
3591603,2025-04-11,139.83226214514838,24,24
3591603,2025-04-15,3.1926041659174693,24,24
3591603,2025-04-19,83.21827092638203,17,17
3591603,2025-04-23,38.28244378831652,3,3
3591603,2025-04-27,142.05196830749512,10,10
3591603,2025-05-01,10.692012747128803,17,17
3591603,2025-05-13,19.6586394924106,3,3
3591603,2025-05-17,2.1299637611415507,23,23
3591603,2025-05-25,1.6674526246410613,21,21
3591603,2025-05-29,3.476823779198134,16,16
3591603,2025-06-02,0.6181562436589351,4,4
3591603,2025-06-06,22.650886304450754,11,11
3591603,2025-06-10,2.4421458285301925,24,24
3591603,2025-06-18,4.2883680589859265,24,24
3591603,2025-06-22,1.8169371652553787,23,23
3591603,2025-06-26,2.3445217580779105,22,22
3591603,2025-06-30,2.102254047524184,24,24
3591603,2025-07-04,1.6267586674981027,24,24
3591603,2025-07-08,1.955843752896827,24,24
3591603,2025-07-12,1.9250915013336003,24,24
3591603,2025-07-16,1.5304670185368094,24,24
3591603,2025-07-20,1.0403759989089199,14,14
3591603,2025-07-24,1.235215269973398,24,24
3591603,2025-07-28,1.483695611422364,24,24
3591603,2025-08-01,3.593038769555278,24,24
3591603,2025-08-05,5.180259946913628,24,24
3591603,2025-08-09,1.1275017343513254,24,24
3591603,2025-08-13,1.2314020918475257,24,24
3591603,2025-08-17,3.0769639045689163,24,24
3591603,2025-08-25,3.4836284678248273,24,24
3591603,2025-08-29,1.6504490721789706,24,24
3591603,2025-09-02,1.1381866726704877,23,23
3591603,2025-09-06,1.3401087913532843,24,24
3591603,2025-09-10,3.515809034657044,24,24
3591603,2025-09-14,1.1804923065772406,23,23
3591603,2025-09-18,3.424076472682699,23,23
3591603,2025-09-22,0.8558130783365212,24,24
3591603,2025-09-26,1.6749247753759846,24,24
3591603,2025-09-30,1.0115881596246492,23,23
3591603,2025-10-04,1.0904227067459968,23,23
3591603,2025-10-08,0.529259260226455,24,24
3591603,2025-10-12,4.56202778716882,24,24
3591603,2025-10-16,3.8663123853918577,24,24
3591603,2025-10-20,11.310926607676915,21,21
3591603,2025-10-24,8.483743988979516,23,23
3591603,2025-10-28,7.017046299480178,24,24
3591603,2025-11-01,1.6950353033073178,24,24
3591603,2025-11-05,3.271498109550977,22,22
3591603,2025-11-09,3.5828946742229166,24,24
3591603,2025-11-13,10.973333287627801,23,23
3591603,2025-11-17,15.9567143720268,22,22
3591603,2025-11-21,9.762756994025475,24,24
3591603,2025-11-25,25.205534683066873,24,24
3591603,2025-11-29,22.54294905077528,24,24
3591603,2025-12-03,17.057331067143064,22,22
3591603,2025-12-07,15.721423612700569,24,24
3591603,2025-12-11,21.46337893871088,24,24
3591603,2025-12-15,8.468897570255729,24,24
3591603,2025-12-19,3.79538947338911,24,24
3591603,2025-12-23,13.418237848966209,24,24
3591603,2025-12-27,9.887263888782925,24,24
3591603,2025-12-31,21.369018108948417,23,23
3493786,2025-02-26,16.341993046006085,24,24
3493786,2025-03-02,95.59240641858842,24,24
3493786,2025-03-18,38.88758118152619,8,8
3493786,2025-03-22,76.37286913394928,24,24
3493786,2025-03-26,193.3561457263099,24,24
3493786,2025-03-30,15.17293055024412,24,24
3493786,2025-04-03,82.12307276990678,24,24
3493786,2025-04-07,46.607707952128514,24,24
3493786,2025-04-11,49.92252194219165,24,24
3493786,2025-04-15,25.87785246471564,24,24
3493786,2025-04-19,37.97638721598519,24,24
3493786,2025-04-23,52.75220655070411,24,24
3493786,2025-04-27,39.30841851565573,24,24
3493786,2025-05-01,30.55316311120987,24,24
3493786,2025-05-05,47.217307229836784,24,24
3493786,2025-05-09,32.307545218202804,24,24
3493786,2025-05-13,26.98704345772664,24,24
3493786,2025-05-17,26.07986289543462,24,24
3493786,2025-05-21,21.980557309476556,24,24
3493786,2025-05-25,4.628980942329185,24,24
3493786,2025-05-29,6.290003493958566,24,24
3493786,2025-06-02,5.355345255917027,7,7
3493786,2025-06-06,26.54199830028746,24,24
3493786,2025-06-10,11.37811977416277,24,24
3493786,2025-06-14,5.249293758290716,24,24
3493786,2025-06-18,8.034694457297316,24,24
3493786,2025-06-22,8.562772313632287,23,23
3493786,2025-06-26,8.92487502310218,24,24
3493786,2025-06-30,14.479206017322012,24,24
3493786,2025-07-04,4.656770814611162,24,24
3493786,2025-07-08,8.307406248369565,24,24
3493786,2025-07-12,15.125668413109251,24,24
3493786,2025-07-16,5.444000019058067,24,24
3493786,2025-07-20,3.9825399254396974,24,24
3493786,2025-07-24,7.623564258230747,24,24
3493786,2025-07-28,6.184106247365061,24,24
3493786,2025-08-01,18.995069454113644,24,24
3493786,2025-08-05,19.464538302963994,24,24
3493786,2025-08-09,24.307346737354692,24,24
3493786,2025-08-13,27.607489575942356,24,24
3493786,2025-08-17,7.499899892964297,24,24
3493786,2025-08-21,19.02460592095223,24,24
3493786,2025-08-25,4.0424247740560935,24,24
3493786,2025-08-29,8.606567097193976,24,24
3493786,2025-09-02,5.928593171346519,24,24
3493786,2025-09-06,3.23174016975746,24,24
3493786,2025-09-10,7.683108772189978,24,24
3493786,2025-09-14,9.954037646659547,24,24
3493786,2025-09-18,30.760896616201435,24,24
3493786,2025-09-22,13.166673009542542,24,24
3493786,2025-09-26,2.6412326380765685,24,24
3493786,2025-09-30,5.033730097492969,23,23
3493786,2025-10-04,20.637047113715738,23,23
3493786,2025-10-08,21.65791547122515,24,24
3493786,2025-10-12,17.86380502002107,24,24
3493786,2025-10-16,11.818098921225301,24,24
3493786,2025-10-20,40.5661343619937,21,21
3493786,2025-10-24,8.486379631679435,24,24
3493786,2025-10-28,21.643986699723257,24,24
3493786,2025-11-01,3.3710260415320388,24,24
3493786,2025-11-05,9.407843614428119,23,23
3493786,2025-11-09,16.80004397386306,24,24
3493786,2025-11-13,23.176083355191825,23,23
3493786,2025-11-17,19.837439383272873,22,22
3493786,2025-11-21,32.04820432674001,24,24
3493786,2025-11-25,41.359091944164696,24,24
3493786,2025-11-29,49.37956596778499,24,24
3493786,2025-12-03,24.132185156146686,24,24
3493786,2025-12-07,39.62425925687507,24,24
3493786,2025-12-11,29.853471682434556,24,24
3493786,2025-12-15,15.285712975946566,24,24
3493786,2025-12-19,52.67185593810347,24,24
3493786,2025-12-23,20.834300357331006,24,24
3493786,2025-12-27,28.683309014721047,24,24
3493786,2025-12-31,40.34575365729954,23,23
356,2025-01-01,22.875,24,24
356,2025-01-05,21.75,24,24
356,2025-01-09,19.416666666666668,24,24
356,2025-01-13,22.041666666666668,24,24
356,2025-01-17,17.916666666666668,24,24
356,2025-01-21,18.541666666666668,24,24
356,2025-01-25,17.5,24,24
356,2025-01-29,19.291666666666668,24,24
356,2025-02-02,14.625,24,24
356,2025-02-06,15.875,24,24
356,2025-02-10,22.041666666666668,24,24
356,2025-02-14,18.166666666666668,24,24
356,2025-02-18,24.666666666666668,24,24
356,2025-02-22,17.208333333333332,24,24
356,2025-02-26,18.333333333333332,24,24
356,2025-03-02,13.5,24,24
356,2025-03-06,13.75,24,24
356,2025-03-10,16.125,24,24
356,2025-03-14,20.625,24,24
356,2025-03-18,19.416666666666668,24,24
356,2025-03-22,16.541666666666668,24,24
356,2025-03-26,30.166666666666668,24,24
356,2025-03-30,13.541666666666666,24,24
356,2025-04-03,13.666666666666666,24,24
356,2025-04-07,18.125,24,24
356,2025-04-11,16.291666666666668,24,24
356,2025-04-15,18.541666666666668,24,24
356,2025-04-19,21.666666666666668,24,24
356,2025-04-23,15.75,24,24
356,2025-04-27,22.083333333333332,24,24
356,2025-05-01,23.291666666666668,24,24
356,2025-05-05,29.291666666666668,24,24
356,2025-05-09,17.875,24,24
356,2025-05-13,42.708333333333336,24,24
356,2025-05-17,14.875,24,24
356,2025-05-21,73.79166666666667,24,24
356,2025-05-25,40.0,24,24
356,2025-05-29,38.041666666666664,24,24
356,2025-06-02,48.125,24,24
356,2025-06-06,40.125,24,24
356,2025-06-10,65.20833333333333,24,24
356,2025-06-14,32.583333333333336,24,24
356,2025-06-18,30.208333333333332,24,24
356,2025-06-22,20.583333333333332,24,24
356,2025-06-26,47.708333333333336,24,24
356,2025-06-30,25.416666666666668,24,24
356,2025-07-04,53.416666666666664,24,24
356,2025-07-08,19.833333333333332,24,24
356,2025-07-12,22.375,24,24
356,2025-07-16,27.333333333333332,24,24
356,2025-07-20,38.916666666666664,24,24
356,2025-07-24,30.541666666666668,24,24
356,2025-07-28,19.166666666666668,24,24
356,2025-08-01,15.541666666666666,24,24
356,2025-08-05,47.583333333333336,24,24
356,2025-08-09,27.75,24,24
356,2025-08-13,22.541666666666668,24,24
356,2025-08-17,30.958333333333332,24,24
356,2025-08-21,13.416666666666666,24,24
356,2025-08-25,23.208333333333332,24,24
356,2025-08-29,23.708333333333332,24,24
356,2025-09-02,15.75,24,24
356,2025-09-06,21.25,24,24
356,2025-09-10,15.375,24,24
356,2025-09-14,19.625,24,24
356,2025-09-18,14.708333333333334,24,24
356,2025-09-22,24.0,24,24
356,2025-09-26,14.166666666666666,24,24
356,2025-09-30,16.458333333333332,24,24
356,2025-10-04,12.708333333333334,24,24
356,2025-10-08,15.5,24,24
356,2025-10-12,15.875,24,24
356,2025-10-16,14.625,24,24
356,2025-10-20,14.625,24,24
356,2025-10-28,16.0,9,9
356,2025-11-01,15.791666666666666,24,24
356,2025-11-05,17.208333333333332,24,24
356,2025-11-09,16.708333333333332,24,24
356,2025-11-13,15.333333333333334,24,24
356,2025-11-17,17.666666666666668,24,24
356,2025-11-25,18.291666666666668,24,24
356,2025-11-29,13.458333333333334,24,24
356,2025-12-03,14.416666666666666,24,24
356,2025-12-07,20.291666666666668,24,24
356,2025-12-11,14.583333333333334,24,24
356,2025-12-15,15.916666666666666,24,24
356,2025-12-19,13.708333333333334,24,24
356,2025-12-23,13.666666666666666,24,24
356,2025-12-27,16.583333333333332,24,24
356,2025-12-31,15.375,24,24
7136,2025-01-01,41.875,24,24
7136,2025-01-05,33.416666666666664,24,24
7136,2025-01-09,41.458333333333336,24,24
7136,2025-01-13,42.375,24,24
7136,2025-01-17,37.6875,16,16
7136,2025-01-21,44.416666666666664,24,24
7136,2025-01-25,40.541666666666664,24,24
7136,2025-01-29,42.208333333333336,24,24
7136,2025-02-02,34.458333333333336,24,24
7136,2025-02-06,35.375,24,24
7136,2025-02-10,78.75,24,24
7136,2025-02-14,35.125,16,16
7136,2025-02-18,35.041666666666664,24,24
7136,2025-02-22,29.333333333333332,24,24
7136,2025-02-26,31.875,24,24
7136,2025-03-02,27.583333333333332,24,24
7136,2025-03-06,27.958333333333332,24,24
7136,2025-03-10,31.708333333333332,24,24
7136,2025-03-14,33.041666666666664,24,24
7136,2025-03-18,32.666666666666664,24,24
7136,2025-03-22,41.583333333333336,24,24
7136,2025-03-26,47.291666666666664,24,24
7136,2025-03-30,63.5,24,24
7136,2025-04-03,43.166666666666664,24,24
7136,2025-04-07,68.83333333333333,24,24
7136,2025-04-11,52.07692307692308,13,13
7136,2025-04-15,51.166666666666664,24,24
7136,2025-04-19,81.125,24,24
7136,2025-04-23,43.5,24,24
7136,2025-04-27,89.04166666666667,24,24
7136,2025-05-01,56.75,24,24
7136,2025-05-05,107.91666666666667,24,24
7136,2025-05-09,53.708333333333336,24,24
7136,2025-05-13,102.5,24,24
7136,2025-05-17,121.25,24,24
7136,2025-05-21,84.625,24,24
7136,2025-05-25,73.83333333333333,24,24
7136,2025-05-29,89.375,24,24
7136,2025-06-02,141.0,24,24
7136,2025-06-06,106.08333333333333,24,24
7136,2025-06-10,190.70833333333334,24,24
7136,2025-06-14,100.875,24,24
7136,2025-06-18,96.79166666666667,24,24
7136,2025-06-22,51.041666666666664,24,24
7136,2025-06-26,134.41666666666666,24,24
7136,2025-06-30,136.91666666666666,24,24
7136,2025-07-04,208.08333333333334,24,24
7136,2025-07-08,73.08333333333333,24,24
7136,2025-07-12,59.791666666666664,24,24
7136,2025-07-16,149.54166666666666,24,24
7136,2025-07-20,84.20833333333333,24,24
7136,2025-07-24,135.4,15,15
7136,2025-07-28,48.875,24,24
7136,2025-08-01,35.458333333333336,24,24
7136,2025-08-05,110.95833333333333,24,24
7136,2025-08-09,137.27272727272728,11,11
7136,2025-08-13,61.458333333333336,24,24
7136,2025-08-17,73.66666666666667,24,24
7136,2025-08-21,47.3125,16,16
7136,2025-08-25,101.41666666666667,24,24
7136,2025-08-29,62.875,24,24
7136,2025-09-02,45.5,24,24
7136,2025-09-06,108.41666666666667,24,24
7136,2025-09-10,50.375,24,24
7136,2025-09-14,75.08333333333333,24,24
7136,2025-09-18,48.75,24,24
7136,2025-09-22,51.125,24,24
7136,2025-09-26,36.666666666666664,15,15
7136,2025-09-30,38.625,24,24
7136,2025-10-04,30.958333333333332,24,24
7136,2025-10-08,34.041666666666664,24,24
7136,2025-10-12,31.458333333333332,24,24
7136,2025-10-16,31.666666666666668,12,12
7136,2025-10-20,35.375,24,24
7136,2025-11-13,34.958333333333336,24,24
7136,2025-11-17,35.333333333333336,24,24
7136,2025-11-21,33.625,24,24
7136,2025-11-25,35.625,24,24
7136,2025-11-29,28.25,24,24
7136,2025-12-03,33.125,24,24
7136,2025-12-07,34.083333333333336,24,24
7136,2025-12-11,36.53846153846154,13,13
7136,2025-12-15,28.75,24,24
7136,2025-12-19,12.928571428571429,14,14
7136,2025-12-23,14.25,24,24
7136,2025-12-27,18.375,24,24
7136,2025-12-31,16.083333333333332,24,24
228301,2025-02-22,63.550000000000004,92,92
228301,2025-02-26,40.51704545454545,88,88
228301,2025-03-02,54.05411764705883,85,85
228301,2025-03-06,43.41954022988506,87,87
228301,2025-03-10,48.689655172413794,87,87
228301,2025-03-14,30.95806451612903,93,93
228301,2025-03-18,104.0956043956044,91,91
228301,2025-03-22,75.81444444444445,90,90
228301,2025-03-26,70.27333333333333,60,60
228301,2025-04-03,48.622972972972974,74,74
228301,2025-04-07,48.14096385542168,83,83
228301,2025-04-11,43.385714285714286,14,14
228301,2025-04-15,42.48636363636364,22,22
228301,2025-04-19,85.01444444444445,90,90
228301,2025-04-23,189.2179775280899,89,91
228301,2025-04-27,65.96741573033708,89,89
228301,2025-05-01,52.003370786516854,89,89
228301,2025-05-05,55.583333333333336,54,54
228301,2025-05-09,23.59277108433735,83,83
228301,2025-05-13,48.7641975308642,81,81
228301,2025-05-17,34.54835164835165,91,91
228301,2025-05-21,45.37567567567568,74,74
228301,2025-05-25,46.206153846153846,65,65
228301,2025-05-29,36.09111111111111,45,45
228301,2025-06-06,60.66153846153846,91,91
228301,2025-06-10,43.73373493975904,83,83
228301,2025-06-14,49.29782608695652,92,92
228301,2025-06-18,24.551948051948052,77,77
228301,2025-06-26,23.184375,32,32
228301,2025-07-04,27.035714285714285,70,70
228301,2025-07-08,37.6566265060241,83,83
228301,2025-07-12,24.866666666666667,33,33
228301,2025-07-16,52.55217391304348,46,46
228301,2025-07-20,31.099999999999998,14,14
228301,2025-07-24,40.835087719298244,57,57
228301,2025-07-28,24.004516129032258,93,93
228301,2025-08-01,25.39758064516129,62,62
228301,2025-08-05,20.19092105263158,76,76
228301,2025-08-09,32.76951219512195,82,82
228301,2025-08-13,18.730555555555554,90,90
228301,2025-08-17,14.845053763440859,93,93
228301,2025-08-21,6.507303370786516,89,89
228301,2025-08-25,13.835505617977526,89,89
228301,2025-08-29,24.59588888888889,90,90
228301,2025-09-02,26.392584269662922,89,89
228301,2025-09-06,12.06258064516129,93,93
228301,2025-09-10,26.898988764044947,89,89
228301,2025-09-14,22.07978494623656,93,93
228301,2025-09-18,28.512465753424657,73,73
228301,2025-09-22,23.247857142857143,84,84
228301,2025-09-26,21.526133333333334,75,75
228301,2025-09-30,8.610869565217392,92,92
228301,2025-10-04,19.282258064516128,93,93
228301,2025-10-08,46.47815217391304,92,92
228301,2025-10-12,50.50387096774193,93,93
228301,2025-10-16,56.06766666666667,90,90
228301,2025-10-20,103.3820634920635,63,63
228301,2025-10-24,48.81195652173913,92,92
228301,2025-10-28,2.47,73,73
228301,2025-11-01,12.079879518072289,83,83
228301,2025-11-05,38.94263736263736,91,91
228301,2025-11-09,44.544130434782616,92,92
228301,2025-11-13,52.30847826086956,92,92
228301,2025-11-17,53.80595505617978,89,89
228301,2025-11-21,74.79764705882353,85,85
228301,2025-11-25,83.58688888888888,90,90
228301,2025-11-29,44.69510869565217,92,92
228301,2025-12-03,5.767912087912088,91,91
228301,2025-12-07,0.0,93,93
228301,2025-12-11,0.0,68,68
228301,2025-12-15,52.298117647058824,85,85
228301,2025-12-19,52.096395348837206,86,86
228301,2025-12-23,52.6444578313253,83,83
228301,2025-12-27,45.72175,80,80
228301,2025-12-31,100.52079545454545,88,88
2960637,2025-01-01,34.82135802469136,81,81
2960637,2025-01-05,76.02190476190476,63,63
2960637,2025-01-09,76.02185185185186,54,54
2960637,2025-01-13,74.4211111111111,9,9
2960637,2025-01-17,76.26041666666667,48,48
2960637,2025-01-21,30.11894736842105,57,57
2960637,2025-01-25,81.60326086956522,46,46
2960637,2025-01-29,102.11767857142857,56,56
2960637,2025-02-02,107.6291304347826,46,46
2960637,2025-02-06,46.06411764705882,34,34
2960637,2025-02-10,39.33844827586207,58,58
2960637,2025-02-14,83.84299999999999,80,80
2960637,2025-02-18,46.323484848484846,66,66
2960637,2025-02-22,26.462727272727275,55,55
2960637,2025-02-26,24.937346938775512,49,49
2960637,2025-03-02,27.28676470588235,68,68
2960637,2025-03-06,42.24156862745098,51,51
2960637,2025-03-10,42.56108695652174,46,46
2960637,2025-03-14,42.630833333333335,60,60
2960637,2025-03-18,33.570344827586204,58,58
2960637,2025-03-22,12.57390625,64,64
2960637,2025-03-26,17.57,57,57
2960637,2025-03-30,25.33603448275862,58,58
2960637,2025-04-03,10.902264150943397,53,53
2960637,2025-04-07,15.584285714285713,63,63
2960637,2025-04-11,12.429014084507044,71,71
2960637,2025-04-15,11.6496875,64,64
2960637,2025-04-19,15.939787234042551,47,47
2960637,2025-04-23,20.138749999999998,48,48
2960637,2025-04-27,11.266507936507937,63,63
2960637,2025-05-01,23.572894736842105,38,38
2960637,2025-05-05,9.766530612244898,49,49
2960637,2025-05-09,13.169411764705883,51,51
2960637,2025-05-13,15.884473684210526,38,38
2960637,2025-05-17,12.8825,52,52
2960637,2025-05-21,8.57375,16,16
2960637,2025-05-25,11.662972972972973,37,37
2960637,2025-05-29,18.135625,48,48
2960637,2025-06-02,30.186,55,55
2960637,2025-06-06,17.134848484848487,33,33
2960637,2025-06-10,18.255128205128205,39,39
2960637,2025-06-14,20.029166666666665,36,36
2960637,2025-06-18,17.746333333333332,30,30
3409391,2025-02-22,29.876296296296296,27,27
3409391,2025-02-26,32.52,23,23
3409391,2025-03-02,35.74903225806452,31,31
3409391,2025-03-06,36.213235294117645,34,34
3409391,2025-03-10,37.46181818181818,33,33
3409391,2025-03-18,27.344375,16,16
3409391,2025-03-22,24.618571428571432,28,28
3409391,2025-03-26,34.729285714285716,28,28
3409391,2025-03-30,20.910833333333333,24,24
3409391,2025-04-03,21.919333333333334,30,30
3409391,2025-04-07,23.13416666666667,12,12
3409391,2025-04-11,20.488125,16,16
3409391,2025-04-15,22.40017543859649,57,57
3409391,2025-04-19,21.400117647058824,85,85
3409391,2025-04-23,18.179016393442623,61,61
3409391,2025-04-27,16.883492063492064,63,63
3409391,2025-05-01,17.11,87,87
3409391,2025-05-05,27.64810344827586,58,58
3409391,2025-05-09,31.508214285714285,84,84
3409391,2025-05-13,18.049277108433735,83,83
3409391,2025-05-17,22.543875,80,80
3409391,2025-05-21,20.050675675675677,74,74
3409391,2025-05-25,18.72515625,64,64
3409391,2025-05-29,18.871609195402296,87,87
3409391,2025-06-02,16.06888888888889,72,72
3409391,2025-06-06,18.879411764705882,85,85
3409391,2025-06-10,11.536463414634147,82,82
3409391,2025-06-14,20.991882352941175,85,85
3409391,2025-06-18,20.898192771084336,83,83
3409391,2025-06-22,21.499875,80,80
3409391,2025-06-26,22.45340909090909,88,88
3409391,2025-06-30,22.658461538461538,52,52
3409391,2025-07-04,20.801525423728812,59,59
3409391,2025-07-08,21.21518987341772,79,79
3409391,2025-07-12,28.847717391304347,92,92
3409391,2025-07-16,21.354725274725276,91,91
3409391,2025-07-20,23.157666666666668,90,90
3409391,2025-07-24,24.13154761904762,84,84
3409391,2025-07-28,19.911758241758243,91,91
3409391,2025-08-01,22.40583333333333,60,60
3409391,2025-08-05,17.707407407407405,81,81
3409391,2025-08-09,19.854625,80,80
3409391,2025-08-13,23.028522727272726,88,88
3409391,2025-08-17,19.67608695652174,92,92
3409391,2025-08-21,24.167752808988762,89,89
3409391,2025-08-25,21.11449438202247,89,89
3409391,2025-08-29,22.202527472527475,91,91
3409391,2025-09-02,22.793820224719102,89,89
3409391,2025-09-06,24.388333333333332,90,90
3409391,2025-09-10,20.43953488372093,86,86
3409391,2025-09-14,17.68945652173913,92,92
3409391,2025-09-18,21.219295774647886,71,71
3409391,2025-09-22,20.88153846153846,91,91
3409391,2025-09-26,22.994054054054054,74,74
3409391,2025-09-30,28.84934065934066,91,91
3409391,2025-10-04,25.101397849462362,93,93
3409391,2025-10-08,25.37608695652174,92,92
3409391,2025-10-12,25.15688172043011,93,93
3409391,2025-10-16,25.85111111111111,90,90
3409391,2025-10-20,27.166279069767445,43,43
3409391,2025-10-24,20.770888888888887,90,90
3409391,2025-10-28,34.44571428571428,70,70
3409391,2025-11-01,27.14710843373494,83,83
3409391,2025-11-05,14.376333333333331,90,90
3409391,2025-11-09,28.365054945054947,91,91
3409391,2025-11-13,27.13880434782609,92,92
3409391,2025-11-17,25.546629213483147,89,89
3409391,2025-11-21,22.820555555555554,90,90
3409391,2025-11-25,30.310769230769232,91,91
3409391,2025-11-29,32.749021739130434,92,92
3409391,2025-12-03,33.93011764705882,85,85
3409391,2025-12-07,33.24054945054945,91,91
3409391,2025-12-11,27.336233766233764,77,77
3409391,2025-12-15,33.073837209302326,86,86
3409391,2025-12-19,30.170117647058824,85,85
3409391,2025-12-23,33.89011111111111,90,90
3409391,2025-12-27,23.712195121951222,82,82
3409391,2025-12-31,46.01722222222222,90,90
6989,2025-01-01,14.5,24,24
6989,2025-01-05,14.625,24,24
6989,2025-01-09,12.541666666666666,24,24
6989,2025-01-13,14.75,24,24
6989,2025-01-17,13.083333333333334,24,24
6989,2025-01-21,13.0,24,24
6989,2025-01-25,15.0,24,24
6989,2025-01-29,15.0,24,24
6989,2025-02-02,15.5,24,24
6989,2025-02-06,14.125,24,24
6989,2025-02-10,15.416666666666666,24,24
6989,2025-02-14,15.5,24,24
6989,2025-02-18,16.166666666666668,24,24
6989,2025-02-22,16.041666666666668,24,24
6989,2025-02-26,16.636363636363637,11,11
6989,2025-03-02,14.041666666666666,24,24
6989,2025-03-06,14.4,5,5
6989,2025-03-10,14.041666666666666,24,24
6989,2025-03-14,17.125,24,24
6989,2025-03-18,15.458333333333334,24,24
6989,2025-03-22,17.708333333333332,24,24
6989,2025-03-26,38.125,24,24
6989,2025-03-30,14.428571428571429,7,7
6989,2025-04-03,23.291666666666668,24,24
6989,2025-04-07,30.958333333333332,24,24
6989,2025-04-11,18.041666666666668,24,24
6989,2025-04-15,25.625,24,24
6989,2025-04-19,25.791666666666668,24,24
6989,2025-04-23,17.125,24,24
6989,2025-04-27,34.083333333333336,24,24
6989,2025-05-01,25.041666666666668,24,24
6989,2025-05-05,37.791666666666664,24,24
6989,2025-05-09,19.333333333333332,24,24
6989,2025-05-13,61.041666666666664,24,24
6989,2025-05-17,20.166666666666668,24,24
6989,2025-05-21,48.333333333333336,24,24
6989,2025-05-25,39.666666666666664,24,24
6989,2025-05-29,37.541666666666664,24,24
6989,2025-06-02,78.91666666666667,24,24
6989,2025-06-06,39.25,24,24
6989,2025-06-10,117.04166666666667,24,24
6989,2025-06-14,26.541666666666668,24,24
6989,2025-06-18,51.083333333333336,24,24
6989,2025-06-22,26.791666666666668,24,24
6989,2025-06-26,33.75,24,24
6989,2025-06-30,93.91666666666667,24,24
6989,2025-07-04,159.625,24,24
6989,2025-07-08,20.541666666666668,24,24
6989,2025-07-12,30.208333333333332,24,24
6989,2025-07-16,70.66666666666667,9,9
6989,2025-07-20,91.16666666666667,24,24
6989,2025-07-24,60.541666666666664,24,24
6989,2025-07-28,20.958333333333332,24,24
6989,2025-08-01,15.833333333333334,24,24
6989,2025-08-05,52.125,24,24
6989,2025-08-09,65.125,24,24
6989,2025-08-13,21.541666666666668,24,24
6989,2025-08-17,27.291666666666668,24,24
6989,2025-08-21,14.166666666666666,24,24
6989,2025-08-25,17.875,24,24
6989,2025-08-29,20.375,24,24
6989,2025-09-02,15.291666666666666,24,24
6989,2025-09-06,35.875,24,24
6989,2025-09-10,13.791666666666666,24,24
6989,2025-09-14,22.416666666666668,24,24
6989,2025-09-18,16.416666666666668,24,24
6989,2025-09-22,16.166666666666668,24,24
6989,2025-09-26,15.166666666666666,24,24
6989,2025-09-30,20.291666666666668,24,24
6989,2025-10-04,17.041666666666668,24,24
6989,2025-10-08,13.0,24,24
6989,2025-10-12,19.791666666666668,24,24
6989,2025-10-16,18.041666666666668,24,24
6989,2025-10-20,15.25,24,24
6989,2025-10-28,15.0,9,9
6989,2025-11-01,13.583333333333334,24,24
6989,2025-11-05,14.416666666666666,24,24
6989,2025-11-09,12.666666666666666,24,24
6989,2025-11-13,11.416666666666666,24,24
6989,2025-11-17,11.833333333333334,24,24
6989,2025-11-21,11.9375,16,16
6989,2025-11-25,11.875,24,24
6989,2025-11-29,12.541666666666666,24,24
6989,2025-12-03,11.0,24,24
6989,2025-12-07,12.833333333333334,24,24
6989,2025-12-11,11.583333333333334,24,24
6989,2025-12-15,11.416666666666666,24,24
6989,2025-12-19,11.625,24,24
6989,2025-12-23,11.0,24,24
6989,2025-12-27,11.0,24,24
6989,2025-12-31,11.208333333333334,24,24
10488,2025-02-22,55.225806451612904,93,93
10488,2025-02-26,79.92391304347827,92,92
10488,2025-03-02,52.375,88,88
10488,2025-03-06,32.839080459770116,87,87
10488,2025-03-10,70.46153846153847,91,91
10488,2025-03-14,65.25806451612904,93,93
10488,2025-03-18,78.0989010989011,91,91
10488,2025-03-22,56.5,92,92
10488,2025-03-26,73.6774193548387,93,93
10488,2025-03-30,70.26373626373626,91,91
10488,2025-04-03,63.42045454545455,88,88
10488,2025-04-07,84.73333333333333,90,90
10488,2025-04-11,15.0,16,16
10488,2025-04-15,57.15,60,60
10488,2025-04-19,45.71590909090909,88,88
10488,2025-04-23,96.816091954023,87,87
10488,2025-04-27,79.45652173913044,92,92
10488,2025-05-01,74.08433734939759,83,83
10488,2025-05-05,37.03529411764706,85,85
10488,2025-05-09,71.50537634408602,93,93
10488,2025-05-13,27.11764705882353,85,85
10488,2025-05-17,35.78888888888889,90,90
10488,2025-05-21,60.975,80,80
10488,2025-05-25,23.568627450980394,51,51
10488,2025-05-29,55.66304347826087,92,92
10488,2025-06-02,29.408163265306122,49,49
10488,2025-06-06,32.946236559139784,93,93
10488,2025-06-10,38.2906976744186,86,86
10488,2025-06-14,62.47727272727273,88,88
10488,2025-06-18,54.804597701149426,87,87
10488,2025-06-22,43.30120481927711,83,83
10488,2025-06-26,45.337078651685395,89,89
10488,2025-06-30,52.735849056603776,53,53
10488,2025-07-04,53.985074626865675,67,67
10488,2025-07-08,40.044444444444444,90,90
10488,2025-07-12,26.57471264367816,87,87
10488,2025-07-16,30.338983050847457,59,59
10488,2025-07-20,29.41111111111111,90,90
10488,2025-07-24,26.894117647058824,85,85
10488,2025-07-28,39.967032967032964,91,91
10488,2025-08-01,24.289473684210527,38,38
10488,2025-08-05,21.1875,80,80
10488,2025-08-09,14.951807228915662,83,83
10488,2025-08-13,23.23076923076923,91,91
10488,2025-08-17,27.19277108433735,83,83
10488,2025-08-21,21.48235294117647,85,85
10488,2025-08-25,14.238636363636363,88,88
10488,2025-08-29,34.31460674157304,89,89
10488,2025-09-02,6.905882352941177,85,85
10488,2025-09-06,22.293478260869566,92,92
10488,2025-09-10,14.340909090909092,88,88
10488,2025-09-14,20.0989010989011,91,91
10488,2025-09-18,114.04225352112677,71,71
10488,2025-09-22,27.57608695652174,92,92
10488,2025-09-26,33.36,75,75
10488,2025-09-30,45.72093023255814,43,43
10488,2025-10-04,59.26086956521739,92,92
10488,2025-10-08,27.580645161290324,93,93
10488,2025-10-12,61.94565217391305,92,92
10488,2025-10-16,85.3956043956044,91,91
10488,2025-10-20,180.1492537313433,67,67
10488,2025-10-24,89.20224719101124,89,89
10488,2025-10-28,127.85915492957747,71,71
10488,2025-11-01,223.2875,80,80
10488,2025-11-05,87.2183908045977,87,87
10488,2025-11-09,171.27173913043478,92,92
10488,2025-11-13,256.247311827957,93,93
10488,2025-11-17,136.82954545454547,88,88
10488,2025-11-21,176.54651162790697,86,86
10488,2025-11-25,163.21505376344086,93,93
10488,2025-11-29,119.56989247311827,93,93
10488,2025-12-03,141.34065934065933,91,91
10488,2025-12-07,125.40860215053763,93,93
10488,2025-12-11,104.66666666666667,78,78
10488,2025-12-15,189.3896103896104,77,77
10488,2025-12-19,134.95454545454547,88,88
10488,2025-12-23,168.6024096385542,83,83
10488,2025-12-27,163.89156626506025,83,83
10488,2025-12-31,200.36263736263737,91,91
225586,2025-01-01,17.38,15,15
225586,2025-01-05,13.84,15,15
225586,2025-01-09,21.014285714285712,14,14
225586,2025-01-13,20.341176470588238,17,17
225586,2025-01-17,10.725,16,16
225586,2025-01-21,18.73125,16,16
225586,2025-01-25,15.561111111111112,18,18
225586,2025-01-29,16.894117647058824,17,17
225586,2025-02-02,21.433333333333334,18,18
225586,2025-02-06,17.9375,16,16
225586,2025-02-10,20.60833333333333,12,12
225586,2025-02-14,18.483333333333334,12,12
225586,2025-02-18,14.006666666666666,15,15
225586,2025-02-22,11.081818181818182,11,11
225586,2025-02-26,10.830769230769231,13,13
225586,2025-03-02,11.915384615384616,13,13
225586,2025-03-06,14.273333333333335,15,15
225586,2025-03-10,10.258333333333333,12,12
225586,2025-03-14,9.976923076923075,13,13
225586,2025-03-18,11.11875,16,16
225586,2025-03-22,22.099999999999998,14,14
225586,2025-03-26,24.76875,16,16
225586,2025-03-30,19.375,12,12
225586,2025-04-03,7.027272727272727,11,11
225586,2025-04-07,8.9,12,12
225586,2025-04-11,8.89090909090909,11,11
225586,2025-04-15,6.06,10,10
225586,2025-04-19,5.736363636363636,11,11
225586,2025-04-23,8.275,8,8
225586,2025-05-09,6.022222222222222,9,9
225586,2025-05-13,6.24,10,10
225586,2025-05-17,9.575,8,8
225586,2025-05-21,7.1,8,8
225586,2025-05-25,5.7555555555555555,9,9
225586,2025-05-29,7.1625000000000005,8,8
225586,2025-06-02,11.7,10,10
225586,2025-06-06,6.672727272727273,11,11
225586,2025-06-10,8.32857142857143,14,14
225586,2025-06-14,11.45,10,10
225586,2025-06-18,6.854545454545455,11,11
225586,2025-06-22,5.87,10,10
225586,2025-06-26,14.066666666666666,9,9
225586,2025-06-30,14.822222222222223,9,9
225586,2025-08-25,7.166666666666667,3,3
225586,2025-08-29,6.572727272727272,11,11
225586,2025-09-02,5.21,10,10
225586,2025-09-06,6.58,10,10
225586,2025-09-10,7.554545454545454,11,11
225586,2025-09-14,6.24,5,5
225586,2025-09-18,5.925,12,12
225586,2025-09-22,7.75,10,10
225586,2025-09-26,7.8090909090909095,11,11
225586,2025-09-30,5.490909090909091,11,11
225586,2025-10-04,6.0,9,9
225586,2025-10-08,7.788888888888888,9,9
225586,2025-11-21,6.136363636363637,11,11
225586,2025-11-25,10.476923076923075,13,13
225586,2025-11-29,15.309999999999999,10,10
225586,2025-12-03,15.16,10,10
225586,2025-12-07,9.4,10,10
225586,2025-12-11,14.288888888888888,9,9
225586,2025-12-15,9.172727272727274,11,11
225586,2025-12-19,9.511111111111111,9,9
225586,2025-12-23,15.280000000000001,10,10
225586,2025-12-27,7.790000000000001,10,10
225586,2025-12-31,13.657142857142857,14,14
4771882,2025-06-18,25.106230321419797,22,22
4771882,2025-06-26,30.365475677781635,24,24
4771882,2025-06-30,32.58103822999531,24,24
4771882,2025-07-08,29.543723530841593,24,24
4771882,2025-07-12,33.66600346896384,24,24
4771882,2025-07-16,24.063369770092194,24,24
4771882,2025-07-20,30.395157907346285,24,24
4771882,2025-07-24,24.303005201949016,24,24
4771882,2025-07-28,23.12399133377605,24,24
4771882,2025-08-01,26.365126712454693,24,24
4771882,2025-08-05,13.02135421252913,24,24
4771882,2025-08-09,27.62385940882895,24,24
4771882,2025-08-13,32.236030687888466,24,24
4771882,2025-08-17,29.565540813436414,24,24
4771882,2025-08-21,29.949765698777302,24,24
4771882,2025-08-25,32.82149041217306,23,23
4771882,2025-08-29,24.09479690425926,24,24
4771882,2025-09-02,30.895976308733225,24,24
4771882,2025-09-06,29.40155146519343,24,24
4771882,2025-09-10,22.096397550569638,24,24
4771882,2025-09-14,26.12902196910646,24,24
4771882,2025-09-18,24.643206586440403,24,24
4771882,2025-09-22,28.054059099819924,24,24
4771882,2025-09-26,24.12130612002565,24,24
4771882,2025-09-30,30.092330367208103,23,23
4771882,2025-10-04,23.13183333590843,23,23
4771882,2025-10-08,34.6278610981173,24,24
4771882,2025-10-12,36.67392012013329,24,24
4771882,2025-10-20,51.14008430091162,14,14
4771882,2025-10-24,50.7126483142978,22,22
4771882,2025-10-28,52.99509484359512,24,24
4771882,2025-11-01,26.430899289360752,24,24
4771882,2025-11-05,36.02834971642149,23,23
4771882,2025-11-09,27.01875698428808,24,24
4771882,2025-11-13,34.79705071522706,23,23
4771882,2025-11-17,61.86610474466074,22,22
4771882,2025-11-21,38.700043398804134,24,24
4771882,2025-11-25,65.63311798969904,24,24
4771882,2025-11-29,46.05479862027698,24,24
4771882,2025-12-03,61.171036447419056,24,24
4771882,2025-12-07,63.88429865439733,24,24
4771882,2025-12-11,87.08429158263736,24,24
4771882,2025-12-19,38.19945486187935,24,24
225579,2025-01-01,28.18,15,15
225579,2025-01-05,25.546666666666667,15,15
225579,2025-01-09,37.357142857142854,14,14
225579,2025-01-13,20.71764705882353,17,17
225579,2025-01-17,19.84375,16,16
225579,2025-01-21,32.7375,16,16
225579,2025-01-25,26.033333333333335,18,18
225579,2025-01-29,26.576470588235296,17,17
225579,2025-02-02,22.204347826086956,23,23
225579,2025-02-06,34.05,20,20
225579,2025-02-10,20.6,23,23
225579,2025-02-14,16.808333333333334,24,24
225579,2025-02-18,31.116666666666664,24,24
225579,2025-02-22,28.508695652173916,23,23
225579,2025-02-26,12.515,20,20
225579,2025-03-02,17.973333333333336,15,15
225579,2025-03-06,46.4,24,24
225579,2025-03-10,25.2,19,19
225579,2025-03-14,17.333333333333332,24,24
225579,2025-03-18,52.5,24,24
225579,2025-03-22,43.67083333333333,24,24
225579,2025-03-26,39.02916666666667,24,24
225579,2025-03-30,62.112500000000004,24,24
225579,2025-04-03,33.7695652173913,23,23
225579,2025-04-07,24.847826086956523,23,23
225579,2025-04-11,30.9875,24,24
225579,2025-04-15,8.612499999999999,24,24
225579,2025-04-19,9.520833333333334,24,24
225579,2025-04-23,27.1,21,21
225579,2025-05-09,16.920833333333334,24,24
225579,2025-05-13,13.341666666666667,24,24
225579,2025-05-17,7.091304347826087,23,23
225579,2025-05-21,8.450000000000001,24,24
225579,2025-05-25,6.491666666666667,24,24
225579,2025-05-29,7.75,24,24
225579,2025-06-02,6.934782608695652,23,23
225579,2025-06-06,14.804166666666667,24,24
225579,2025-06-10,9.008333333333333,24,24
225579,2025-06-14,7.4624999999999995,24,24
225579,2025-06-18,5.925,24,24
225579,2025-06-22,8.695833333333333,24,24
225579,2025-06-26,8.366666666666667,24,24
225579,2025-06-30,11.952173913043477,23,23
225579,2025-08-25,7.2,6,6
225579,2025-08-29,10.950000000000001,24,24
225579,2025-09-02,6.308695652173912,23,23
225579,2025-09-06,11.195833333333333,24,24
225579,2025-09-10,9.862499999999999,24,24
225579,2025-09-14,6.55,16,16
225579,2025-09-18,9.7,23,23
225579,2025-09-22,6.942857142857143,21,21
225579,2025-09-26,7.070833333333333,24,24
225579,2025-09-30,7.329166666666667,24,24
225579,2025-10-04,7.159090909090909,22,22
225579,2025-10-08,8.761904761904763,21,21
225579,2025-11-21,7.056521739130435,23,23
225579,2025-11-25,9.504545454545454,22,22
225579,2025-11-29,15.225,24,24
225579,2025-12-03,21.655,20,20
225579,2025-12-07,25.823809523809523,21,21
225579,2025-12-11,26.904761904761905,21,21
225579,2025-12-15,23.41304347826087,23,23
225579,2025-12-19,17.747826086956522,23,23
225579,2025-12-23,19.895833333333332,24,24
225579,2025-12-27,23.316666666666666,24,24
225579,2025-12-31,24.929166666666664,24,24
810,2025-01-05,39.55,20,20
810,2025-01-17,29.083333333333332,12,12
810,2025-03-10,29.375,24,24
810,2025-03-14,23.958333333333332,24,24
810,2025-03-18,22.0,13,13
810,2025-03-22,20.583333333333332,24,24
810,2025-03-26,36.583333333333336,24,24
810,2025-03-30,16.791666666666668,24,24
810,2025-04-03,21.083333333333332,24,24
810,2025-04-07,30.583333333333332,24,24
810,2025-04-11,33.041666666666664,24,24
810,2025-04-15,44.666666666666664,24,24
810,2025-04-19,54.333333333333336,24,24
810,2025-04-23,28.791666666666668,24,24
810,2025-04-27,32.625,24,24
810,2025-05-01,32.041666666666664,24,24
810,2025-05-05,46.4,10,10
810,2025-05-09,24.75,24,24
810,2025-05-13,68.66666666666667,24,24
810,2025-05-17,23.708333333333332,24,24
810,2025-05-21,140.29166666666666,24,24
810,2025-05-25,82.20833333333333,24,24
810,2025-05-29,92.33333333333333,24,24
810,2025-06-02,72.875,24,24
810,2025-06-06,142.08333333333334,24,24
810,2025-06-10,125.91666666666667,24,24
810,2025-06-14,63.13636363636363,22,22
810,2025-06-18,83.875,24,24
810,2025-06-22,35.875,24,24
810,2025-06-26,122.79166666666667,24,24
810,2025-06-30,65.79166666666667,24,24
810,2025-07-04,96.95833333333333,24,24
810,2025-07-08,25.875,24,24
810,2025-07-12,32.375,24,24
810,2025-07-16,116.79166666666667,24,24
810,2025-07-20,56.75,24,24
810,2025-07-24,45.916666666666664,24,24
810,2025-07-28,41.041666666666664,24,24
810,2025-08-01,32.666666666666664,24,24
810,2025-08-05,111.04166666666667,24,24
810,2025-08-09,42.375,24,24
810,2025-08-13,30.0,24,24
810,2025-08-17,59.375,24,24
810,2025-08-21,18.25,24,24
810,2025-08-25,29.583333333333332,24,24
810,2025-08-29,47.208333333333336,24,24
810,2025-09-02,34.25,24,24
810,2025-09-06,37.833333333333336,24,24
810,2025-09-10,21.125,24,24
810,2025-09-14,42.208333333333336,24,24
810,2025-09-18,19.916666666666668,24,24
810,2025-09-22,37.083333333333336,24,24
810,2025-09-26,17.5,24,24
810,2025-09-30,20.708333333333332,24,24
810,2025-10-04,15.75,24,24
810,2025-10-08,19.541666666666668,24,24
810,2025-10-12,25.791666666666668,24,24
810,2025-10-16,27.7,10,10
810,2025-10-20,30.916666666666668,24,24
810,2025-10-28,18.444444444444443,9,9
810,2025-11-01,23.333333333333332,24,24
810,2025-11-05,32.833333333333336,24,24
810,2025-11-09,32.625,24,24
810,2025-11-13,35.041666666666664,24,24
810,2025-11-17,30.916666666666668,24,24
810,2025-11-25,18.833333333333332,24,24
810,2025-11-29,15.666666666666666,24,24
810,2025-12-03,16.916666666666668,24,24
810,2025-12-07,24.708333333333332,24,24
810,2025-12-11,21.333333333333332,24,24
810,2025-12-15,22.0,24,24
810,2025-12-19,25.833333333333332,24,24
810,2025-12-23,24.333333333333332,24,24
810,2025-12-27,26.458333333333332,24,24
810,2025-12-31,25.65,20,20
4143984,2025-04-23,40.717646681600144,16,16
4143984,2025-04-27,41.38254686196645,24,24
4143984,2025-05-01,26.170927047729492,24,24
4143984,2025-05-05,34.30119091272354,24,24
4143984,2025-05-09,32.079182316859566,24,24
4143984,2025-05-13,23.81797515311175,24,24
4143984,2025-05-17,5.0251736067131985,24,24
4143984,2025-05-21,15.125305262046998,23,23
4143984,2025-05-25,2.39767188383525,24,24
4143984,2025-05-29,1.617713360823785,24,24
4143984,2025-06-02,10.03156550725301,7,7
4143984,2025-06-06,24.810392942693497,24,24
4143984,2025-06-10,3.564968753942392,24,24
4143984,2025-06-14,4.662061111877362,20,20
4143984,2025-06-18,7.550922687805136,24,24
4143984,2025-06-22,6.365251033438611,22,22
4143984,2025-06-26,3.9629353496972444,23,23
4143984,2025-06-30,6.586262133386399,24,24
4143984,2025-07-04,1.7415312471825424,24,24
4143984,2025-07-08,5.156721174505285,24,24
4143984,2025-07-12,10.088914359609285,24,24
4143984,2025-07-16,2.3828454865789452,24,24
4143984,2025-07-20,4.609350689259979,24,24
4143984,2025-07-24,2.7153659509412584,24,24
4143984,2025-07-28,4.023197445249411,24,24
4143984,2025-08-01,13.792734728167778,23,23
4143984,2025-08-05,8.964697295818667,24,24
4143984,2025-08-09,11.21186382633568,24,24
4143984,2025-08-13,11.966445011267346,23,23
4143984,2025-08-17,2.8449342453057382,24,24
4143984,2025-08-21,8.686949672798315,24,24
4143984,2025-08-25,2.1154479226226814,24,24
4143984,2025-08-29,5.477942148236455,24,24
4143984,2025-09-02,5.241071741588207,24,24
4143984,2025-09-06,3.9018443224744668,24,24
4143984,2025-09-10,8.835905244701452,24,24
4143984,2025-09-14,7.341919008914071,24,24
4143984,2025-09-18,6.133537494264675,24,24
4143984,2025-09-22,4.845449649172628,24,24
4143984,2025-09-26,4.006075376634382,24,24
4143984,2025-09-30,4.866980727316569,23,23
4143984,2025-10-04,8.500335735093424,23,23
4143984,2025-10-08,5.398895553313196,24,24
4143984,2025-10-12,8.300399330147128,24,24
4143984,2025-10-16,4.050096655874795,24,24
4143984,2025-10-20,24.90814613160633,21,21
4143984,2025-10-24,2.9159195508497455,24,24
4143984,2025-10-28,3.1236915509544176,24,24
4143984,2025-11-01,4.391287036699726,24,24
4143984,2025-11-05,4.884329706870451,23,23
4143984,2025-11-09,7.1630381880069365,24,24
4143984,2025-11-13,18.54219402658001,23,23
4143984,2025-11-17,1.7097475897012786,22,22
4143984,2025-11-21,18.73863715110002,24,24
4143984,2025-11-25,36.97521506422354,24,24
4143984,2025-11-29,23.050420153803298,24,24
4143984,2025-12-03,22.386461245792884,24,24
4143984,2025-12-07,30.018263890526512,24,24
4143984,2025-12-11,8.56847455107198,24,24
4143984,2025-12-15,12.910037052189862,24,24
4143984,2025-12-19,36.829715278082425,24,24
4143984,2025-12-23,12.729747106955834,24,24
4143984,2025-12-27,24.38866664303674,24,24
4143984,2025-12-31,47.23123614200648,23,23
4814172,2025-06-22,28.421274738035343,23,23
4814172,2025-06-26,27.598877666510788,17,17
4814172,2025-06-30,15.173979136264988,24,24
4814172,2025-07-04,20.76393578781022,24,24
4814172,2025-07-08,16.261372150862684,24,24
4814172,2025-07-12,25.239276796880393,24,24
4814172,2025-07-16,32.951942225297294,24,24
4814172,2025-07-20,12.324055717279665,24,24
4814172,2025-08-09,23.57308239241441,16,16
4814172,2025-08-13,21.750257543009567,13,13
4814172,2025-08-17,38.307707488536835,16,16
4814172,2025-08-21,52.34736821916368,15,15
4814172,2025-08-25,55.20515832901001,5,5
4814172,2025-09-02,47.98981416914198,15,15
4814172,2025-09-06,29.654673255453204,24,24
4814172,2025-09-10,35.24056427221848,19,19
4814172,2025-09-14,32.15144742481292,14,14
4814172,2025-09-18,30.63909534878201,15,15
4814172,2025-09-22,41.24297179477384,12,12
4814172,2025-09-26,42.09264222978542,24,24
4814172,2025-09-30,63.666989274672524,9,9
4814172,2025-10-04,75.75283218842965,12,12
4814172,2025-10-08,96.49289694892036,14,14
4814172,2025-10-12,62.735500591662195,24,24
4814172,2025-10-16,89.68504167284284,7,7
4814172,2025-10-28,96.34709141784245,8,8
4814172,2025-11-01,133.6106061742268,10,10
4814172,2025-11-13,185.7062902662489,21,21
4814172,2025-11-17,141.16015536712877,22,22
4814172,2025-11-25,210.08357193114267,21,21
4814172,2025-11-29,203.38460698318482,20,20
4814172,2025-12-03,246.22451631934555,24,24
4814172,2025-12-07,175.91123913204862,24,24
4814172,2025-12-11,335.928801412431,21,21
4814172,2025-12-15,254.2402925014496,24,24
4814172,2025-12-19,300.1728433026208,24,24
4814172,2025-12-23,192.00485279674837,17,17
4814172,2025-12-27,211.54952470331577,21,21
225611,2025-01-01,39.17333333333333,15,15
225611,2025-01-05,33.02142857142857,14,14
225611,2025-01-09,73.2,10,10
225611,2025-01-13,34.28,15,15
225611,2025-01-17,22.733333333333334,12,12
225611,2025-01-21,59.75833333333333,12,12
225611,2025-01-25,87.78571428571429,7,7
225611,2025-01-29,38.05882352941177,17,17
225611,2025-02-02,54.68260869565218,23,23
225611,2025-02-06,49.51428571428572,14,14
225611,2025-02-10,33.76315789473684,19,19
225611,2025-02-14,54.627272727272725,22,22
225611,2025-02-18,28.6,21,21
225611,2025-02-22,34.49545454545454,22,22
225611,2025-02-26,26.947058823529414,17,17
225611,2025-03-02,57.06666666666666,12,12
225611,2025-03-06,19.654166666666665,24,24
225611,2025-03-10,39.87222222222223,18,18
225611,2025-03-14,25.56190476190476,21,21
225611,2025-03-18,27.525000000000002,24,24
225611,2025-03-22,53.17857142857143,14,14
225611,2025-03-26,38.88333333333333,24,24
225611,2025-03-30,43.97391304347826,23,23
225611,2025-04-03,29.615,20,20
225611,2025-04-07,37.04347826086956,23,23
225611,2025-04-11,36.99166666666667,24,24
225611,2025-04-15,33.18695652173913,23,23
225611,2025-04-19,29.71666666666667,24,24
225611,2025-04-23,34.13333333333333,21,21
225611,2025-05-09,27.537499999999998,24,24
225611,2025-05-13,25.7625,24,24
225611,2025-05-17,26.02173913043478,23,23
225611,2025-05-21,21.662499999999998,24,24
225611,2025-05-25,20.820833333333333,24,24
225611,2025-05-29,17.728571428571428,21,21
225611,2025-06-02,23.533333333333335,15,15
225611,2025-06-06,24.67391304347826,23,23
225611,2025-06-10,18.23333333333333,21,21
225611,2025-06-14,22.65,18,18
225611,2025-06-18,18.925,24,24
225611,2025-06-26,18.645454545454545,22,22
225611,2025-06-30,20.35238095238095,21,21
225611,2025-08-25,17.95,6,6
225611,2025-08-29,22.913636363636364,22,22
225611,2025-09-02,19.566666666666666,12,12
225611,2025-09-06,21.842857142857145,14,14
225611,2025-09-10,16.021428571428572,14,14
225611,2025-09-14,22.4625,8,8
225611,2025-09-18,24.117391304347827,23,23
225611,2025-09-22,24.211111111111112,18,18
225611,2025-09-26,21.117391304347827,23,23
225611,2025-09-30,18.9375,24,24
225611,2025-10-04,29.064285714285713,14,14
225611,2025-10-08,26.633333333333333,15,15
225611,2025-11-21,7.6875,16,16
3685150,2025-03-14,50.08928421407506,23,23
3685150,2025-03-18,38.22125766674677,24,24
3685150,2025-03-22,91.11490035321977,24,24
3685150,2025-03-26,91.13207854164972,24,24
3685150,2025-03-30,41.59065457847383,24,24
3685150,2025-04-03,65.33668225341373,24,24
3685150,2025-04-07,64.1144882970386,24,24
3685150,2025-04-11,26.405618430578222,19,19
3685150,2025-04-15,33.75897902912563,24,24
3685150,2025-04-19,31.814007474316494,24,24
3685150,2025-04-23,45.79026280916654,13,13
3685150,2025-04-27,21.032572273854857,24,24
3685150,2025-05-01,47.98540034258004,24,24
3685150,2025-05-05,18.554550323221417,24,24
3685150,2025-05-09,30.306729194190765,24,24
3685150,2025-05-13,1.6396493008230915,24,24
3685150,2025-05-17,10.18126216900742,24,24
3685150,2025-05-21,11.759926785752553,24,24
3685150,2025-05-29,1.023939232975762,24,24
3685150,2025-06-02,2.4900654760145007,7,7
3685150,2025-06-06,18.171669196325634,24,24
3685150,2025-06-10,2.5829114640493773,24,24
3685150,2025-06-14,0.28456076118163764,24,24
3685150,2025-06-18,6.692127855287658,24,24
3685150,2025-06-22,3.0780235456869653,23,23
3685150,2025-06-26,0.3365781251599805,24,24
3685150,2025-06-30,2.9445920091174127,24,24
3685150,2025-07-04,2.8814270802152655,24,24
3685150,2025-07-08,1.4780052145813694,24,24
3685150,2025-07-12,1.592949654855248,24,24
3685150,2025-07-16,1.8101614511882265,24,24
3685150,2025-07-20,0.5568130813771859,24,24
3685150,2025-07-24,5.7415503538343025,24,24
3685150,2025-07-28,2.298423611339078,24,24
3685150,2025-08-01,6.605248254206445,24,24
3685150,2025-08-05,5.245508678529101,24,24
3685150,2025-08-09,4.046804761626955,24,24
3685150,2025-08-13,4.380270837909646,24,24
3685150,2025-08-17,1.0230937493680459,24,24
3685150,2025-08-21,3.6070594013246717,13,13
3685150,2025-08-25,3.674597233883105,24,24
3685150,2025-09-18,1.3622499698152144,3,3
3685150,2025-09-26,9.78354106633336,24,24
3685150,2025-09-30,6.6337969601302165,21,21
3685150,2025-10-04,6.9549697970539555,23,23
3685150,2025-10-08,8.324758095951337,24,24
3685150,2025-10-12,0.0906192132452917,24,24
3685150,2025-10-16,1.7757563647594201,24,24
3685150,2025-10-20,11.337529400818877,20,20
3685150,2025-10-24,0.722979165260956,24,24
3685150,2025-10-28,0.4267170140399012,24,24
3685150,2025-11-01,0.6717511575324115,24,24
3685150,2025-11-05,0.39178442008847336,23,23
3685150,2025-11-09,3.1522591982230352,22,22
3685150,2025-11-13,2.3142753633791986,23,23
4555745,2025-05-29,82.50598123338487,9,9
4555745,2025-06-02,34.54843749602636,8,8
4555745,2025-06-06,65.84328049481518,24,24
4555745,2025-06-10,37.33022395767109,13,13
4555745,2025-06-26,44.283479372660324,2,2
4555745,2025-06-30,50.45203492215989,24,24
4555745,2025-07-04,81.7088315352045,24,24
4555745,2025-07-08,59.192469950075505,15,15
4555745,2025-08-01,49.129434098800026,24,24
4555745,2025-08-05,33.392970929543175,16,16
4555745,2025-08-09,85.54214672820966,12,12
4555745,2025-08-13,49.84777925833307,24,24
4555745,2025-08-17,60.79532402280777,21,21
4555745,2025-08-21,49.56873446260008,24,24
4555745,2025-08-25,36.091578080422344,24,24
4555745,2025-08-29,70.62956464651859,24,24
4555745,2025-09-02,28.352645758376458,24,24
4555745,2025-09-06,62.59100435177485,24,24
4555745,2025-09-10,74.61803403165605,24,24
4555745,2025-09-14,54.84122510751089,24,24
4555745,2025-09-18,71.16488473588142,23,23
4555745,2025-09-22,53.130131804424785,23,23
4555745,2025-09-26,80.39177582989639,24,24
4555745,2025-09-30,142.78481887537603,23,23
4555745,2025-10-04,90.36427169250301,23,23
4555745,2025-10-08,95.0649737122103,24,24
4555745,2025-10-12,109.29242360017918,24,24
4555745,2025-10-16,167.01034023437205,21,21
4555745,2025-10-20,278.9014152950711,10,10
4555745,2025-10-24,248.38961127775687,24,24
4555745,2025-11-01,343.95950169256554,19,19
4555745,2025-11-05,108.04104044909639,23,23
4555745,2025-11-09,258.4034715988018,24,24
4555745,2025-11-13,366.59951611087325,23,23
4555745,2025-11-17,383.27652042273326,22,22
4555745,2025-11-21,275.2992883629269,24,24
4555745,2025-11-25,344.8510988217813,24,24
4555745,2025-11-29,375.1438041271986,24,24
4555745,2025-12-03,381.7501920006262,24,24
4555745,2025-12-07,351.8085276049797,24,24
4555745,2025-12-11,437.10087897689255,24,24
4555745,2025-12-15,275.781195453008,20,20
4555745,2025-12-19,383.208773287314,24,24
4555745,2025-12-23,245.85644378391237,24,24
4555745,2025-12-27,378.07815799372537,24,24
4555745,2025-12-31,398.6715635522207,24,24
2926254,2025-01-01,46.43072914414935,24,24
2926254,2025-01-05,42.755034605662026,24,24
2926254,2025-01-09,63.94944148132767,23,23
2926254,2025-01-13,46.837202072143555,1,1
2926254,2025-02-14,43.230034758647285,24,24
2926254,2025-02-18,52.57065965069665,24,24
2926254,2025-02-22,50.35649802949694,24,24
2926254,2025-02-26,19.809492799970837,24,24
2926254,2025-03-02,26.56997151507272,24,24
2926254,2025-03-06,46.59760038720237,24,24
2926254,2025-03-10,46.96868380573061,24,24
2926254,2025-03-14,55.97740578651428,24,24
2926254,2025-03-18,76.02801361348894,24,24
2926254,2025-03-22,100.08485854996576,24,24
2926254,2025-03-26,95.48392017682393,24,24
2926254,2025-03-30,146.6903397878011,24,24
2926254,2025-04-03,66.92671132087708,24,24
2926254,2025-04-07,39.787638955646095,24,24
2926254,2025-04-11,42.143551548322044,24,24
2926254,2025-04-15,10.276016855405436,24,24
2926254,2025-04-19,19.577717905995822,24,24
2926254,2025-04-23,36.19905794991387,24,24
2926254,2025-04-27,41.453825606240166,24,24
2926254,2025-05-01,19.82571307486958,24,24
2926254,2025-05-05,18.541375199953716,24,24
2926254,2025-05-09,32.123190734121536,24,24
2926254,2025-05-13,19.163430078162087,24,24
2926254,2025-05-17,11.325417454044024,24,24
2926254,2025-05-21,9.463282362906018,24,24
2926254,2025-05-25,8.285528262572674,24,24
2926254,2025-05-29,7.086168977535433,24,24
2926254,2025-06-02,7.151339303879511,7,7
2926254,2025-06-06,17.168309816055828,24,24
2926254,2025-06-10,12.283271371800867,24,24
2926254,2025-06-14,6.54711039438622,24,24
2926254,2025-06-18,4.509550672803824,24,24
2926254,2025-06-22,7.641136137471682,23,23
2926254,2025-06-26,13.863288660844168,10,10
2926254,2025-07-04,20.64965291817983,24,24
2926254,2025-07-08,16.77573167449898,24,24
2926254,2025-07-12,18.583677601483135,24,24
2926254,2025-07-16,21.12905506375763,24,24
2926254,2025-07-20,20.42961551911301,24,24
2926254,2025-07-24,7.7646453306466965,24,24
2926254,2025-07-28,20.591889920747942,24,24
2926254,2025-08-01,19.099076140258045,24,24
2926254,2025-08-05,16.712568174633713,24,24
2926254,2025-08-09,7.180989551768612,24,24
2926254,2025-08-13,13.043244415038087,24,24
2926254,2025-08-17,6.647619036750661,24,24
2926254,2025-08-21,9.715749437571503,24,24
2926254,2025-08-25,17.201052077942425,24,24
2926254,2025-08-29,21.001948916249805,24,24
2926254,2025-09-02,7.510552567450536,24,24
2926254,2025-09-06,14.159370351255985,19,19
2926254,2025-09-10,9.640133150620386,24,24
2926254,2025-09-14,16.55716561774413,24,24
2926254,2025-09-18,20.006258295642006,24,24
2926254,2025-09-22,5.024702385688822,24,24
2926254,2025-09-26,8.45981219853819,24,24
2926254,2025-09-30,4.136240510548946,23,23
2926254,2025-10-04,13.681051600185077,23,23
2926254,2025-10-08,12.722672790914736,24,24
2926254,2025-10-12,19.239087288854297,24,24
2926254,2025-10-16,8.535912682545598,24,24
2926254,2025-10-20,22.658452932393356,21,21
2926254,2025-10-24,25.225095086134772,24,24
2926254,2025-10-28,23.161448031112002,24,24
2926254,2025-11-01,9.320897406864562,24,24
2926254,2025-11-05,8.97722567395764,23,23
2926254,2025-11-09,6.553348217481037,24,24
2926254,2025-11-13,23.596997929655988,23,23
2926254,2025-11-17,25.949646027465747,22,22
2926254,2025-11-21,18.73595610009654,24,24
2926254,2025-11-25,34.37420595429404,24,24
2926254,2025-11-29,43.77502479818133,24,24
2926254,2025-12-03,59.16905419755549,24,24
2926254,2025-12-07,83.69298737507964,24,24
2926254,2025-12-11,45.18399680630555,24,24
2926254,2025-12-15,43.574460552088794,24,24
2926254,2025-12-19,58.01856142412576,24,24
2926254,2025-12-23,39.562636403692146,24,24
2926254,2025-12-27,40.11845297126654,17,17
2926254,2025-12-31,59.568458882671464,23,23
4028033,2025-04-15,29.593303720984196,24,24
4028033,2025-04-19,15.787865728553799,24,24
4028033,2025-04-23,19.95029050939613,24,24
4028033,2025-04-27,20.85525172811726,24,24
4028033,2025-05-01,39.57250179681513,24,24
4028033,2025-05-05,24.585531201627518,24,24
4028033,2025-05-09,12.29840625077486,24,24
4028033,2025-05-13,13.523211749063599,24,24
4028033,2025-05-17,28.95114413731628,24,24
4028033,2025-05-21,21.422170145644085,24,24
4028033,2025-05-25,12.450491347453662,24,24
4028033,2025-05-29,8.936110543501046,24,24
4028033,2025-06-02,1.3268392811573688,7,7
4028033,2025-06-06,19.70872052676148,24,24
4028033,2025-06-10,6.765224555067511,24,24
4028033,2025-06-14,1.8273692134922992,24,24
4028033,2025-06-18,1.4301869181346978,24,24
4028033,2025-06-22,4.941211932892169,23,23
4028033,2025-06-26,4.7070819057237285,24,24
4028033,2025-06-30,9.754727463664798,24,24
4028033,2025-07-04,6.949253507294795,24,24
4028033,2025-07-08,13.59467015374038,24,24
4028033,2025-07-12,8.40607291004724,24,24
4028033,2025-07-16,10.497149322983912,24,24
4028033,2025-07-20,2.4220729171583018,24,24
4028033,2025-07-24,8.874402738965324,24,24
4028033,2025-07-28,12.522050314582884,24,24
4028033,2025-08-01,10.90244443466266,24,24
4028033,2025-08-05,6.674230582259519,24,24
4028033,2025-08-09,5.239026054532991,24,24
4028033,2025-08-13,2.671192708528704,24,24
4028033,2025-08-17,5.070493038381554,24,24
4028033,2025-08-21,7.673448480665684,24,24
4028033,2025-08-25,3.9922604405890323,24,24
4028033,2025-08-29,20.018741900722187,24,24
4028033,2025-09-02,12.992299170052219,24,24
4028033,2025-09-06,20.11227250802848,24,24
4028033,2025-09-10,4.183129626196913,24,24
4028033,2025-09-14,31.99848550226953,24,24
4028033,2025-09-18,2.776468744423861,24,24
4028033,2025-09-22,5.467175365218686,24,24
4028033,2025-09-26,7.294655092165772,24,24
4028033,2025-09-30,0.5514353899663125,23,23
4028033,2025-10-04,22.78034359361382,23,23
4028033,2025-10-08,15.531058450219119,24,24
4028033,2025-10-12,23.393593124327836,24,24
4028033,2025-10-16,16.443006920615314,24,24
4028033,2025-10-20,17.269938659316047,21,21
4028033,2025-10-24,7.150614005593687,24,24
4028033,2025-10-28,22.848166099632227,24,24
4028033,2025-11-01,8.605838539411694,24,24
4028033,2025-11-05,14.268039855857689,23,23
4028033,2025-11-09,42.36860937111907,24,24
4028033,2025-11-13,23.574519958012342,23,23
4028033,2025-11-17,16.171474123964405,22,22
4028033,2025-11-21,18.438854745692677,24,24
4028033,2025-11-25,36.6861614389552,24,24
4028033,2025-11-29,43.14677776495616,24,24
4028033,2025-12-03,56.70042356914944,24,24
4028033,2025-12-07,33.10795138279597,24,24
4028033,2025-12-11,33.525173577997414,24,24
4028033,2025-12-15,19.041236125098333,24,24
4028033,2025-12-19,37.064020860195164,24,24
4028033,2025-12-23,30.745201363828446,24,24
4028033,2025-12-27,25.462902776400245,24,24
4028033,2025-12-31,58.20752661516126,23,23
4795498,2025-06-22,37.09307692307692,78,78
4795498,2025-06-26,21.198055555555555,36,36
4795498,2025-06-30,25.41695652173913,23,23
4795498,2025-07-04,15.937142857142856,49,49
4795498,2025-07-08,14.588333333333331,36,36
4795498,2025-07-12,17.973055555555554,72,72
4795498,2025-07-16,15.134615384615385,65,65
4795498,2025-07-20,16.90825396825397,63,63
4795498,2025-07-24,9.63056338028169,71,71
4795498,2025-07-28,19.003384615384615,65,65
4795498,2025-08-01,21.809135802469136,81,81
4795498,2025-08-05,36.853157894736846,76,76
4795498,2025-08-09,20.36171052631579,76,76
4795498,2025-08-13,30.603291139240504,79,79
4795498,2025-08-17,18.943380281690143,71,71
4795498,2025-08-21,25.460266666666666,75,75
4795498,2025-08-25,21.373653846153847,52,52
4795498,2025-08-29,31.232580645161292,62,62
4795498,2025-09-02,16.670153846153845,65,65
4795498,2025-09-06,20.442608695652172,69,69
4795498,2025-09-10,28.057142857142857,14,14
4795498,2025-09-14,26.951866666666668,75,75
4795498,2025-09-18,22.611641791044775,67,67
4795498,2025-09-22,2.548620689655172,58,58
4795498,2025-09-26,26.653714285714287,70,70
4795498,2025-09-30,54.743559322033896,59,59
4795498,2025-10-04,21.325352112676054,71,71
4795498,2025-10-08,37.743469387755106,49,49
4795498,2025-10-12,23.17780487804878,41,41
4795498,2025-10-16,23.97,68,68
4795498,2025-10-20,29.0605,40,40
4795498,2025-10-24,28.178695652173914,23,23
4795498,2025-10-28,33.85811320754717,53,53
4795498,2025-11-01,24.626923076923077,78,78
4795498,2025-11-05,21.770731707317072,82,82
4795498,2025-11-09,17.003205128205128,78,78
4795498,2025-11-13,38.12973684210527,38,38
4795498,2025-11-17,19.80779411764706,68,68
4795498,2025-11-21,14.679193548387097,62,62
4795498,2025-11-25,25.386290322580646,62,62
4795498,2025-11-29,34.333387096774196,62,62
4795498,2025-12-03,30.186417910447762,67,67
4795498,2025-12-07,18.70093023255814,43,43
4795498,2025-12-11,21.810166666666664,60,60
4795498,2025-12-15,23.083181818181817,44,44
4795498,2025-12-19,34.699999999999996,48,48
4795498,2025-12-23,15.145384615384614,52,52
4795498,2025-12-27,25.223333333333336,60,60
4795498,2025-12-31,36.799076923076925,65,65
2832600,2025-01-01,38.80654971467124,24,24
2832600,2025-01-05,40.740221997102104,24,24
2832600,2025-01-09,56.31354803278827,23,23
2832600,2025-01-13,51.54895814259847,1,1
2832600,2025-02-14,49.29739371935526,24,24
2832600,2025-02-18,76.4083210097419,24,24
2832600,2025-02-22,40.302529798613655,24,24
2832600,2025-02-26,25.259409093194538,24,24
2832600,2025-03-02,60.883228063583374,24,24
2832600,2025-03-06,140.7841021352344,24,24
2832600,2025-03-10,40.71318822436862,24,24
2832600,2025-03-14,51.11609004603492,24,24
2832600,2025-03-18,47.489914086129936,24,24
2832600,2025-03-22,132.0873106669898,24,24
2832600,2025-03-26,146.45670861668057,24,24
2832600,2025-03-30,116.80643591615889,24,24
2832600,2025-04-03,52.13708972690082,24,24
2832600,2025-04-07,29.29062166418692,24,24
2832600,2025-04-11,36.4467819597986,24,24
2832600,2025-04-15,12.692485108971596,24,24
2832600,2025-04-19,10.190979288683996,24,24
2832600,2025-04-23,37.145010047488746,24,24
2832600,2025-04-27,39.97487093342675,24,24
2832600,2025-05-01,16.105090523759525,24,24
2832600,2025-05-05,13.310863122344017,24,24
2832600,2025-05-09,31.416061785486008,24,24
2832600,2025-05-13,17.459898680448532,24,24
2832600,2025-05-17,6.613337088376284,24,24
2832600,2025-05-21,8.217765822479821,24,24
2832600,2025-05-25,3.6194134359797725,24,24
2832600,2025-05-29,5.392339595903953,24,24
2832600,2025-06-02,5.400085040501186,7,7
2832600,2025-06-06,13.432204847534498,24,24
2832600,2025-06-10,8.967582561227573,22,22
2832600,2025-06-14,3.624412206202073,24,24
2832600,2025-06-18,3.6104923148393735,24,24
2832600,2025-06-22,9.192223092784053,23,23
2832600,2025-06-26,8.763103478484684,24,24
2832600,2025-06-30,10.962958832581839,24,24
2832600,2025-07-04,8.157579348153538,24,24
2832600,2025-07-08,11.803831874496408,24,24
2832600,2025-07-12,6.994252234697342,24,24
2832600,2025-07-16,8.255498599900742,24,24
2832600,2025-07-20,6.2507419773480954,24,24
2832600,2025-07-24,5.86807838104891,24,24
2832600,2025-07-28,6.274057523337736,24,24
2832600,2025-08-01,13.412254070242247,24,24
2832600,2025-08-05,7.70638020357324,24,24
2832600,2025-08-09,4.646236359245248,24,24
2832600,2025-08-13,6.491283074811553,24,24
2832600,2025-08-17,2.284362605352524,24,24
2832600,2025-08-21,5.08632699009918,21,21
2832600,2025-08-25,9.815217792780862,24,24
2832600,2025-08-29,9.323532558977604,24,24
2832600,2025-09-02,7.6831891139348345,24,24
2832600,2025-09-06,11.16101728545295,24,24
2832600,2025-09-10,3.2102788650491103,24,24
2832600,2025-09-14,6.79764384838442,24,24
2832600,2025-09-18,12.590138095948431,24,24
2832600,2025-09-22,3.8630538913335095,24,24
2832600,2025-09-26,4.10101313924019,24,24
2832600,2025-09-30,3.6345137313336333,23,23
2832600,2025-10-04,7.1239799139642,23,23
2832600,2025-10-08,5.95832713307054,24,24
2832600,2025-10-12,16.39710504760757,24,24
2832600,2025-10-16,2.6255683699421333,24,24
2832600,2025-10-20,11.719132652441342,21,21
2832600,2025-10-24,11.914377405666114,24,24
2832600,2025-10-28,9.771354173467786,24,24
2832600,2025-11-01,2.621422931086328,24,24
2832600,2025-11-05,4.343756467495866,23,23
2832600,2025-11-09,1.439632937273321,24,24
2832600,2025-11-13,7.5882181786772005,23,23
2832600,2025-11-17,13.097713753000482,22,22
2832600,2025-11-21,6.817441718645454,24,24
2832600,2025-11-25,15.708349873435006,24,24
2832600,2025-11-29,26.390668412936588,24,24
2832600,2025-12-03,28.407348713941044,24,24
2832600,2025-12-07,27.080574147284977,24,24
2832600,2025-12-11,28.064347714907836,24,24
2832600,2025-12-15,17.3613405294332,24,24
2832600,2025-12-19,20.18905630826004,24,24
2832600,2025-12-23,18.329805323587994,24,24
2832600,2025-12-27,20.370151293360525,24,24
2832600,2025-12-31,29.997097151229266,23,23
2843713,2025-01-01,34.514613145575495,24,24
2843713,2025-01-05,36.0459286053402,24,24
2843713,2025-01-09,31.11671818503697,23,23
2843713,2025-01-13,47.39642874399821,1,1
2843713,2025-02-14,22.050482359696257,14,14
2843713,2025-02-18,43.9024641228846,24,24
2843713,2025-02-22,30.160061040028978,24,24
2843713,2025-02-26,19.90803038104616,24,24
2843713,2025-03-02,47.87395613037548,24,24
2843713,2025-03-06,39.37912690495,24,24
2843713,2025-03-10,34.93143356558564,24,24
2843713,2025-03-14,32.47354604900887,24,24
2843713,2025-03-18,30.448432758786506,23,23
2843713,2025-03-22,58.55057348843777,24,24
2843713,2025-03-26,58.11488862694922,23,23
2843713,2025-03-30,33.43278130974232,24,24
2843713,2025-04-03,45.75557463233268,23,23
2843713,2025-04-07,38.10574541489283,24,24
2843713,2025-04-11,22.74659522374471,10,10
2843713,2025-04-27,16.165847239187844,24,24
2843713,2025-05-01,46.202210787364415,24,24
2843713,2025-05-05,16.630970055016157,17,17
2843713,2025-05-09,12.649021727964445,23,23
2843713,2025-05-13,10.859766762242296,24,24
2843713,2025-05-17,9.840346992964095,24,24
2843713,2025-05-21,20.687309962992718,24,24
2843713,2025-05-25,7.719572989270091,24,24
2843713,2025-05-29,5.4403606406507095,24,24
2843713,2025-06-02,11.103286949587075,7,7
2843713,2025-06-06,22.314325493525402,24,24
2843713,2025-06-10,9.788510848798106,20,20
2843713,2025-06-14,6.385438975369976,24,24
2843713,2025-06-18,17.449396421993622,24,24
2843713,2025-06-22,5.16789659621261,23,23
2843713,2025-06-26,9.866218505093059,24,24
2843713,2025-06-30,6.441232724590993,24,24
2843713,2025-07-04,17.188494204130237,24,24
2843713,2025-07-08,13.825467548988483,18,18
2843713,2025-07-12,10.430439879466789,24,24
2843713,2025-07-16,10.076892639126784,24,24
2843713,2025-07-20,5.7568192471333015,24,24
2843713,2025-07-24,10.206272594437912,18,18
2843713,2025-07-28,14.31369636288565,23,23
2843713,2025-08-01,19.03839668860339,24,24
2843713,2025-08-05,10.75767990962588,23,23
2843713,2025-08-09,12.257890441803015,24,24
2843713,2025-08-13,7.716705485657783,24,24
2843713,2025-08-17,6.998776755154047,24,24
2843713,2025-08-21,14.338917752384367,24,24
2843713,2025-08-25,10.011291243191119,24,24
2843713,2025-08-29,9.074914545659022,24,24
2843713,2025-09-02,10.035039605746093,24,24
2843713,2025-09-06,11.090876386894118,24,24
2843713,2025-09-10,3.6213453613846194,22,22
2843713,2025-09-14,9.108788252378554,24,24
2843713,2025-09-18,5.685865872729607,24,24
2843713,2025-09-22,3.280179521723083,23,23
2843713,2025-09-26,10.4232758837619,24,24
2843713,2025-09-30,1.6472115797910276,23,23
2843713,2025-10-04,9.551731533663053,23,23
2843713,2025-10-08,5.0513714826727645,16,16
2843713,2025-10-12,7.819858178488059,24,24
2843713,2025-10-16,9.631376262844162,19,19
2843713,2025-10-20,20.13689759108845,21,21
2843713,2025-10-24,2.8892067673862183,24,24
2843713,2025-10-28,11.968423779168134,24,24
2843713,2025-11-01,5.954153897659666,23,23
2843713,2025-11-05,6.609542783686546,23,23
2843713,2025-11-09,20.596291350999394,22,22
2843713,2025-11-13,8.410073861623873,21,21
2843713,2025-11-17,13.472834525465256,20,20
2843713,2025-11-21,17.80879743959746,24,24
2843713,2025-11-25,33.97841311899758,24,24
2843713,2025-11-29,29.871166979320467,24,24
2843713,2025-12-03,21.687616356429277,24,24
2843713,2025-12-07,17.635863831001984,24,24
2843713,2025-12-11,22.83175076128539,22,22
2843713,2025-12-15,14.188042398494614,23,23
2843713,2025-12-19,29.95620114575688,13,13
2843713,2025-12-23,21.791357181198546,5,5
2843713,2025-12-27,22.84990801924542,24,24
2843713,2025-12-31,30.560944869727955,23,23
4797656,2025-06-22,21.858181818181816,77,77
4797656,2025-06-26,22.952,35,35
4797656,2025-06-30,18.415652173913042,23,23
4797656,2025-07-04,16.783333333333335,48,48
4797656,2025-07-08,11.294736842105262,38,38
4797656,2025-07-12,20.79608695652174,69,69
4797656,2025-07-16,11.108769230769232,65,65
4797656,2025-07-20,17.58098360655738,61,61
4797656,2025-07-24,11.721285714285715,70,70
4797656,2025-07-28,19.245483870967742,62,62
4797656,2025-08-01,20.45716049382716,81,81
4797656,2025-08-05,29.792236842105265,76,76
4797656,2025-08-09,20.897972972972973,74,74
4797656,2025-08-13,28.491265822784808,79,79
4797656,2025-08-17,15.876388888888888,72,72
4797656,2025-08-21,12.400533333333334,75,75
4797656,2025-08-25,23.505576923076923,52,52
4797656,2025-08-29,33.185483870967744,62,62
4797656,2025-09-02,21.995454545454546,66,66
4797656,2025-09-06,25.252089552238807,67,67
4797656,2025-09-10,10.228,15,15
4797656,2025-09-14,22.211333333333332,75,75
4797656,2025-09-18,24.241159420289858,69,69
4797656,2025-09-22,1.6517241379310343,58,58
4797656,2025-09-26,14.083888888888888,72,72
4797656,2025-09-30,16.130666666666666,60,60
4797656,2025-10-04,23.558333333333334,72,72
4797656,2025-10-08,19.897291666666668,48,48
4797656,2025-10-12,13.665476190476191,42,42
4797656,2025-10-16,1.7595714285714286,70,70
4797656,2025-10-20,11.23625,40,40
4797656,2025-10-24,0.5122727272727272,22,22
4797656,2025-10-28,5.805000000000001,52,52
4797656,2025-11-01,2.7717721518987344,79,79
4797656,2025-11-05,1.3514634146341462,82,82
4797656,2025-11-09,6.434683544303797,79,79
4797656,2025-11-13,33.40051282051282,39,39
4797656,2025-11-17,1.191159420289855,69,69
4797656,2025-11-21,5.5969354838709675,62,62
4797656,2025-11-25,12.733333333333333,60,60
4797656,2025-11-29,14.350819672131147,61,61
4797656,2025-12-03,8.853283582089551,67,67
4797656,2025-12-07,23.226666666666667,45,45
4797656,2025-12-11,9.57095238095238,63,63
4797656,2025-12-15,13.026976744186046,43,43
4797656,2025-12-19,5.478367346938775,49,49
4797656,2025-12-23,2.72078431372549,51,51
4797656,2025-12-27,5.999152542372881,59,59
4797656,2025-12-31,10.75046875,64,64
4959011,2025-07-04,27.676190421694802,7,7
4959011,2025-07-08,15.773472186371132,18,18
4959011,2025-07-12,31.25677080286874,24,24
4959011,2025-07-16,35.33090286784702,24,24
4959011,2025-07-20,35.01892358726925,24,24
4959011,2025-07-24,36.526909707170546,24,24
4959011,2025-07-28,30.6428661054433,24,24
4959011,2025-08-01,29.354687493708397,24,24
4959011,2025-08-05,31.812941991620594,24,24
4959011,2025-08-09,36.0631944404708,24,24
4959011,2025-08-13,16.00776515758568,24,24
4959011,2025-08-17,22.76006945470969,24,24
4959011,2025-08-21,18.10044187299832,24,24
4959011,2025-08-25,26.86250005496873,24,24
4959011,2025-08-29,23.823737356247324,24,24
4959011,2025-09-02,34.541006882985435,24,24
4959011,2025-09-06,39.00494006516958,24,24
4959011,2025-09-10,34.862152728769516,24,24
4959011,2025-09-14,31.658554272820254,24,24
4959011,2025-09-18,24.118970982880906,24,24
4959011,2025-09-22,22.330713441426102,24,24
4959011,2025-09-26,11.91056712733547,24,24
4959011,2025-09-30,30.36473426942664,23,23
4959011,2025-10-04,20.974950605740815,23,23
4959011,2025-10-12,39.12607855203104,24,24
4959011,2025-10-16,13.959690657980515,24,24
4959011,2025-10-20,16.464345816401526,21,21
4959011,2025-10-24,23.223390163897665,24,24
4959011,2025-10-28,19.64924248210421,24,24
4959011,2025-11-01,17.000962783347326,24,24
4959011,2025-11-05,23.093610018135905,23,23
4959011,2025-11-09,16.22455808992328,24,24
4959011,2025-11-13,44.23937198484368,23,23
4959011,2025-11-17,26.997296834451763,22,22
4959011,2025-11-21,28.6828125152323,24,24
4959011,2025-11-25,32.95617112381892,24,24
4959011,2025-11-29,27.33776830994722,24,24
4959011,2025-12-03,31.736758235277552,24,24
4959011,2025-12-07,33.14537567718061,24,24
4959011,2025-12-11,34.01816603142505,24,24
4959011,2025-12-15,30.7328125403987,24,24
4959011,2025-12-19,31.736631873995066,24,24
4959011,2025-12-23,41.00132578069513,24,24
4959011,2025-12-27,34.89079863660866,24,24
4959011,2025-12-31,30.864236096541088,24,24
4897485,2025-06-30,24.988746179365254,22,22
4897485,2025-07-04,23.28552946117189,24,24
4897485,2025-07-08,25.180526471829065,23,23
4897485,2025-07-12,25.00930871433682,24,24
4897485,2025-07-16,26.815854171911877,16,16
4897485,2025-07-20,28.314052080942528,24,24
4897485,2025-07-24,19.26672218905555,24,24
4897485,2025-07-28,24.313624938329063,2,2
4897485,2025-08-01,27.567015887501846,19,19
4897485,2025-08-05,18.320305565992992,24,24
4897485,2025-08-09,19.178277780311277,12,12
4897485,2025-08-13,21.716118065778872,11,11
4897485,2025-08-17,34.807243049144745,24,24
4897485,2025-08-21,30.51964473424272,24,24
4897485,2025-08-25,30.440185540252262,24,24
4897485,2025-08-29,33.13647215896183,24,24
4897485,2025-09-02,27.118583917617798,24,24
4897485,2025-09-06,34.59888426462809,9,9
4897485,2025-09-10,19.73660911264874,7,7
4897485,2025-09-14,22.809448271086723,11,11
4897485,2025-09-18,31.290187610520256,4,4
4897485,2025-09-22,30.912872268696024,12,12
4897485,2025-09-26,39.67797137187501,18,18
4897485,2025-09-30,32.25587161911859,6,6
4897485,2025-10-04,33.46619263789504,23,23
4897485,2025-10-08,100.65966546888706,24,24
4897485,2025-10-12,47.35571408911988,24,24
4897485,2025-10-16,114.56068575316006,24,24
4897485,2025-10-24,124.2872800623929,24,24
4897485,2025-11-01,192.3840139812893,6,6
4897485,2025-11-05,62.13571744345236,23,23
4897485,2025-11-09,41.09398340861003,10,10
4897485,2025-11-13,144.33002967450545,23,23
4897485,2025-11-17,120.12771770014909,22,22
4897485,2025-11-21,146.20815969043306,24,24
4897485,2025-11-25,112.44368517840351,18,18
4897485,2025-11-29,110.93826951932425,16,16
4897485,2025-12-03,102.01309090527621,16,16
4897485,2025-12-07,154.11446012126075,24,24
4897485,2025-12-11,90.66131253772312,24,24
4897485,2025-12-15,208.96385415395102,24,24
4897485,2025-12-19,133.92548774348364,24,24
4897485,2025-12-23,134.85547048515744,24,24
4897485,2025-12-27,103.96821525361803,24,24
4897485,2025-12-31,140.96606641610464,16,16
4095692,2025-03-26,76.8,5,5
4095692,2025-04-03,23.636363636363637,22,22
4095692,2025-04-07,29.82608695652174,23,23
4095692,2025-04-11,12.5,24,24
4095692,2025-04-15,21.791666666666668,24,24
4095692,2025-04-27,25.181818181818183,22,22
4095692,2025-05-01,31.25,24,24
4095692,2025-05-05,20.416666666666668,24,24
4095692,2025-05-17,20.583333333333332,12,12
4095692,2025-05-21,19.555555555555557,9,9
4095692,2025-05-25,18.958333333333332,24,24
4095692,2025-05-29,20.47826086956522,23,23
4095692,2025-06-14,14.583333333333334,12,12
4095692,2025-06-18,13.833333333333334,24,24
4095692,2025-06-22,17.5,24,24
4095692,2025-06-26,13.916666666666666,24,24
4095692,2025-06-30,13.75,24,24
4095692,2025-07-04,5.5,4,4
4095692,2025-07-12,6.458333333333333,24,24
4095692,2025-07-16,6.458333333333333,24,24
4095692,2025-08-01,12.375,24,24
4095692,2025-08-05,7.818181818181818,22,22
4095692,2025-08-13,8.5,24,24
4095692,2025-08-17,1.0,1,1
4095692,2025-08-21,6.041666666666667,24,24
4095692,2025-08-25,13.375,24,24
4095692,2025-08-29,11.5,4,4
4095692,2025-10-08,32.357142857142854,14,14
4095692,2025-10-12,7.458333333333333,24,24
4095692,2025-10-16,10.956521739130435,23,23
4095692,2025-10-20,8.695652173913043,23,23
4095692,2025-10-24,10.857142857142858,21,21
4095692,2025-10-28,14.347826086956522,23,23
4095692,2025-11-01,10.5,14,14
4095692,2025-11-05,11.5,24,24
4095692,2025-11-09,18.5,16,16
4095692,2025-11-21,22.541666666666668,24,24
4095692,2025-11-25,60.25,20,20
4095692,2025-12-11,20.041666666666668,24,24
4095692,2025-12-15,21.041666666666668,24,24
4095692,2025-12-19,98.25,24,24
4095692,2025-12-23,14.5,8,8
2332,2025-01-01,16.708333333333332,24,24
2332,2025-01-05,17.458333333333332,24,24
2332,2025-01-09,15.0,24,24
2332,2025-01-13,16.458333333333332,24,24
2332,2025-01-17,16.125,24,24
2332,2025-01-21,21.0,24,24
2332,2025-01-25,17.375,24,24
2332,2025-01-29,20.916666666666668,24,24
2332,2025-02-02,16.875,24,24
2332,2025-02-06,17.083333333333332,24,24
2332,2025-02-10,21.916666666666668,24,24
2332,2025-02-14,22.125,24,24
2332,2025-02-18,20.833333333333332,24,24
2332,2025-02-22,19.875,24,24
2332,2025-02-26,20.0,21,21
2332,2025-03-02,12.958333333333334,24,24
2332,2025-03-06,14.333333333333334,24,24
2332,2025-03-10,18.208333333333332,24,24
2332,2025-03-14,19.57894736842105,19,19
2332,2025-03-18,19.708333333333332,24,24
2332,2025-03-26,25.583333333333332,24,24
2332,2025-03-30,16.375,24,24
2332,2025-04-03,17.666666666666668,24,24
2332,2025-04-07,21.958333333333332,24,24
2332,2025-04-11,16.466666666666665,15,15
2332,2025-04-15,18.833333333333332,24,24
2332,2025-04-19,25.789473684210527,19,19
2332,2025-04-23,35.416666666666664,24,24
2332,2025-04-27,30.875,8,8
2332,2025-05-01,39.27272727272727,22,22
2332,2025-05-05,29.125,24,24
2332,2025-05-09,25.75,24,24
2332,2025-05-13,51.291666666666664,24,24
2332,2025-05-17,59.666666666666664,24,24
2332,2025-05-21,56.875,24,24
2332,2025-05-25,61.125,24,24
2332,2025-05-29,49.166666666666664,24,24
2332,2025-06-02,57.375,24,24
2332,2025-06-06,81.125,24,24
2332,2025-06-10,64.79166666666667,24,24
2332,2025-06-14,51.208333333333336,24,24
2332,2025-06-18,54.75,24,24
2332,2025-06-22,41.875,24,24
2332,2025-06-26,59.875,24,24
2332,2025-06-30,71.66666666666667,24,24
2332,2025-07-04,79.25,24,24
2332,2025-07-08,37.666666666666664,24,24
2332,2025-07-12,65.79166666666667,24,24
2332,2025-07-16,47.083333333333336,24,24
2332,2025-07-20,69.95833333333333,24,24
2332,2025-07-28,59.958333333333336,24,24
2332,2025-08-01,22.666666666666668,24,24
2332,2025-08-05,58.833333333333336,24,24
2332,2025-08-09,46.458333333333336,24,24
2332,2025-08-13,41.333333333333336,24,24
2332,2025-08-17,35.708333333333336,24,24
2332,2025-08-21,22.833333333333332,24,24
2332,2025-08-25,35.291666666666664,24,24
2332,2025-08-29,29.416666666666668,24,24
2332,2025-09-02,27.916666666666668,24,24
2332,2025-09-06,39.333333333333336,24,24
2332,2025-09-10,19.933333333333334,15,15
2332,2025-09-18,33.875,24,24
2332,2025-09-22,24.666666666666668,24,24
2332,2025-09-26,19.625,24,24
2332,2025-09-30,20.375,24,24
2332,2025-10-04,16.318181818181817,22,22
2332,2025-10-08,20.708333333333332,24,24
2332,2025-10-12,14.25,24,24
2332,2025-10-16,18.0,24,24
2332,2025-10-20,19.375,24,24
2332,2025-10-28,19.0,9,9
2332,2025-11-01,17.541666666666668,24,24
2332,2025-11-05,20.375,24,24
2332,2025-11-09,17.0,24,24
2332,2025-11-13,18.041666666666668,24,24
2332,2025-11-17,16.083333333333332,24,24
2332,2025-11-21,20.166666666666668,24,24
2332,2025-11-25,17.916666666666668,24,24
2332,2025-11-29,14.916666666666666,24,24
2332,2025-12-03,17.625,24,24
2332,2025-12-07,17.083333333333332,24,24
2332,2025-12-11,15.5,24,24
2332,2025-12-15,14.708333333333334,24,24
2332,2025-12-19,16.3125,16,16
2332,2025-12-23,15.916666666666666,24,24
2332,2025-12-27,22.291666666666668,24,24
2332,2025-12-31,21.0,24,24
2692642,2025-01-01,47.73473468091753,24,24
2692642,2025-01-05,62.21190493636661,24,24
2692642,2025-01-09,67.08504991946013,23,23
2692642,2025-01-13,67.30446434020996,1,1
2692642,2025-02-14,61.75672827826606,24,24
2692642,2025-02-18,25.052362389034695,24,24
2692642,2025-02-22,53.51269223292669,24,24
2692642,2025-02-26,32.02151323689355,24,24
2692642,2025-03-02,26.137698385450577,24,24
2692642,2025-03-06,19.353032012780506,24,24
2692642,2025-03-10,49.77350686656104,24,24
2692642,2025-03-14,31.52052637302514,10,10
2692642,2025-03-18,37.692956440978584,24,24
2692642,2025-03-22,69.82077121734619,24,24
2692642,2025-03-26,53.43066397507985,24,24
2692642,2025-03-30,43.923235032293526,24,24
2692642,2025-04-03,33.88183904687563,24,24
2692642,2025-04-07,27.69928488466475,24,24
2692642,2025-04-11,42.012176058509134,24,24
2692642,2025-04-15,34.44270827372869,24,24
2692642,2025-04-19,15.652249089545675,24,24
2692642,2025-04-23,24.25203000174628,24,24
2692642,2025-04-27,14.130096804764536,24,24
2692642,2025-05-01,37.57729411953026,24,24
2692642,2025-05-05,14.044773048824736,24,24
2692642,2025-05-09,14.146356678671308,24,24
2692642,2025-05-13,22.94345739318265,24,24
2692642,2025-05-17,31.53608629769749,24,24
2692642,2025-05-21,22.775706840886013,24,24
2692642,2025-05-25,13.832056080922484,24,24
2692642,2025-05-29,11.597812501506674,24,24
2692642,2025-06-02,5.075595222768329,7,7
2692642,2025-06-06,22.387834817171097,8,8
2692642,2025-06-10,17.506572451856403,24,24
2692642,2025-06-14,6.493486679262585,24,24
2692642,2025-06-18,6.252480149269104,24,24
2692642,2025-06-22,5.716678304084834,23,23
2692642,2025-06-26,10.903287459992699,24,24
2692642,2025-06-30,15.529501496089829,24,24
2692642,2025-07-04,16.886824177371132,24,24
2692642,2025-07-08,17.798945918679237,24,24
2692642,2025-07-12,15.683271379934418,24,24
2692642,2025-07-16,13.311851461728414,24,24
2692642,2025-07-20,5.374082349033819,24,24
2692642,2025-07-24,13.215399704045721,24,24
2692642,2025-07-28,15.158754994471868,24,24
2692642,2025-08-01,16.955667176180416,24,24
2692642,2025-08-05,8.363726877503925,24,24
2692642,2025-08-09,9.029582073291143,24,24
2692642,2025-08-13,9.624878082838324,24,24
2692642,2025-08-17,11.620818873246511,24,24
2692642,2025-08-21,10.223735551039377,24,24
2692642,2025-08-25,6.574181552148527,24,24
2692642,2025-08-29,17.299520436260433,24,24
2692642,2025-09-02,9.686347166697184,24,24
2692642,2025-09-06,16.45519390826424,24,24
2692642,2025-09-10,7.704939258595307,24,24
2692642,2025-09-14,20.332256524099243,24,24
2692642,2025-09-18,10.039199301352104,24,24
2692642,2025-09-22,15.299039327436022,24,24
2692642,2025-09-26,11.156975446850376,24,24
2692642,2025-09-30,2.4226272414081707,23,23
2692642,2025-10-04,29.05144065914687,23,23
2692642,2025-10-08,11.7830935774849,24,24
2692642,2025-10-12,31.004407217314164,24,24
2692642,2025-10-16,20.48847345127749,24,24
2692642,2025-10-20,20.597251566844747,20,20
2692642,2025-10-24,13.3314091394207,24,24
2692642,2025-10-28,27.988397001037523,24,24
2692642,2025-11-01,20.248386233521714,24,24
2692642,2025-11-05,24.384012679197276,23,23
2692642,2025-11-09,45.04033975488452,24,24
2692642,2025-11-13,36.67258021716746,23,23
2692642,2025-11-17,27.93068180017141,22,22
2692642,2025-11-21,27.239236107460723,24,24
2692642,2025-11-25,42.661206191218405,24,24
2692642,2025-11-29,51.69398561498476,24,24
2692642,2025-12-03,64.45203992393282,24,24
2692642,2025-12-07,36.22110616687744,24,24
2692642,2025-12-11,40.43774182964412,24,24
2692642,2025-12-15,31.180392253197848,24,24
2692642,2025-12-19,43.37021950052844,24,24
2692642,2025-12-23,38.085452616758765,24,24
2692642,2025-12-27,31.940114478688074,24,24
2692642,2025-12-31,59.422950308416695,23,23
4770826,2025-06-18,16.584078098699035,24,24
4770826,2025-06-22,15.692202853551807,23,23
4770826,2025-06-26,26.661683998174137,24,24
4770826,2025-06-30,30.048204799493153,24,24
4770826,2025-07-04,26.01260561413235,15,15
4770826,2025-07-08,30.02719028336661,12,12
4770826,2025-07-12,27.8165625549025,24,24
4770826,2025-07-16,20.95244616601202,24,24
4770826,2025-07-20,27.495817714267307,24,24
4770826,2025-07-24,21.887866283456486,24,24
4770826,2025-07-28,18.38037323527866,15,15
4770826,2025-08-01,19.98596875866254,24,24
4770826,2025-08-05,11.164552578714371,22,22
4770826,2025-08-09,11.838091683075433,24,24
4770826,2025-08-13,18.22359936470708,18,18
4770826,2025-08-17,22.330074671241974,24,24
4770826,2025-08-21,24.847796875569557,24,24
4770826,2025-08-25,23.935778349637985,24,24
4770826,2025-08-29,15.787069465275165,18,18
4770826,2025-09-02,25.71205960917804,24,24
4770826,2025-09-06,23.624641132023598,24,24
4770826,2025-09-10,13.711629044678476,24,24
4770826,2025-09-14,18.281771895786125,24,24
4770826,2025-09-18,14.054220992958905,11,11
4770826,2025-09-22,17.108979332176123,24,24
4770826,2025-09-26,11.743597795379658,24,24
4770826,2025-09-30,21.874005095953866,23,23
4770826,2025-10-08,25.72366610839963,24,24
4770826,2025-10-12,21.629834484784965,24,24
4770826,2025-10-16,20.42861630221208,24,24
4770826,2025-10-20,28.086419890040442,21,21
4770826,2025-10-24,32.193518546223636,24,24
4770826,2025-10-28,36.48717130301175,24,24
4770826,2025-11-01,20.143160297583652,24,24
4770826,2025-11-05,29.763467385457908,23,23
4770826,2025-11-09,22.16120136414344,24,24
4770826,2025-11-13,18.266768862129677,14,14
4770826,2025-11-17,29.419383397897082,10,10
4770826,2025-11-21,30.30749591505688,24,24
4770826,2025-11-25,54.43479165786352,13,13
4770826,2025-11-29,37.88628184905759,24,24
4770826,2025-12-03,55.11025631703712,24,24
4770826,2025-12-07,39.99415160373405,24,24
4770826,2025-12-11,42.259593762954076,24,24
4770826,2025-12-15,37.39080558220545,24,24
4770826,2025-12-19,28.158999999364216,10,10
4770826,2025-12-31,16.513750005130554,24,24
4337370,2025-02-10,6.958333333333333,24,24
4337370,2025-02-14,8.0,24,24
4337370,2025-02-18,6.333333333333333,24,24
4337370,2025-02-22,5.375,24,24
4337370,2025-02-26,4.958333333333333,24,24
4337370,2025-03-02,5.166666666666667,24,24
4337370,2025-03-06,4.25,24,24
4337370,2025-03-10,5.041666666666667,24,24
4337370,2025-03-14,2.5833333333333335,24,24
4337370,2025-03-18,2.8333333333333335,24,24
4337370,2025-03-22,2.0833333333333335,24,24
4337370,2025-03-26,2.0,24,24
4337370,2025-03-30,1.0,24,24
4337370,2025-04-03,1.75,24,24
4337370,2025-04-07,1.7916666666666667,24,24
4337370,2025-04-11,2.125,24,24
4337370,2025-04-15,4.0,24,24
4337370,2025-04-19,3.5833333333333335,24,24
4337370,2025-04-23,2.375,24,24
4337370,2025-04-27,2.4166666666666665,24,24
4337370,2025-05-01,4.083333333333333,24,24
4337370,2025-05-05,2.75,24,24
4337370,2025-05-09,2.0833333333333335,24,24
4337370,2025-05-13,1.4666666666666666,15,15
4337370,2025-06-18,14.875,8,8
4337370,2025-06-26,15.458333333333334,24,24
4337370,2025-10-16,8.875,24,24
4337370,2025-10-20,7.583333333333333,24,24
4337370,2025-10-28,9.583333333333334,24,24
4337370,2025-11-05,10.708333333333334,24,24
4337370,2025-11-09,8.916666666666666,24,24
4337370,2025-11-13,14.6,10,10
4337370,2025-11-17,13.958333333333334,24,24
4337370,2025-11-21,15.0,24,24
4337370,2025-11-25,9.666666666666666,24,24
4337370,2025-12-07,24.125,8,8
4337370,2025-12-11,17.833333333333332,24,24
4793474,2025-06-22,27.22517659635883,23,23
4793474,2025-06-26,27.14966729554263,22,22
4793474,2025-06-30,13.996671176855527,24,24
4793474,2025-07-04,21.955119834458532,22,22
4793474,2025-07-08,12.416510212808006,19,19
4793474,2025-07-12,25.439922966358168,23,23
4793474,2025-07-16,33.779136112242035,24,24
4793474,2025-08-01,26.291575880514248,24,24
4793474,2025-08-05,11.475611127085157,24,24
4793474,2025-08-09,18.24659787649544,24,24
4793474,2025-08-13,18.370762680967648,24,24
4793474,2025-08-17,31.223345144188368,24,24
4793474,2025-08-21,44.93502088929668,24,24
4793474,2025-08-25,37.38008097675112,24,24
4793474,2025-08-29,53.98505866858694,24,24
4793474,2025-09-02,43.0057639741737,18,18
4793474,2025-09-06,29.936667958895367,24,24
4793474,2025-09-10,33.47307177384695,24,24
4793474,2025-09-14,23.43630273819916,24,24
4793474,2025-09-18,24.931187902737147,24,24
4793474,2025-09-22,33.49290205372704,24,24
4793474,2025-09-26,43.22837529931091,23,23
4793474,2025-09-30,47.9196149331552,18,18
4793474,2025-10-04,56.589530562294854,20,20
4793474,2025-10-08,64.36045714370788,24,24
4793474,2025-10-12,53.55557387930375,24,24
4793474,2025-10-16,63.233693860416054,24,24
4793474,2025-10-20,114.034762497293,19,19
4793474,2025-10-24,77.51619378637385,24,24
4793474,2025-10-28,138.1546696003044,7,7
4793474,2025-11-01,154.06442416067475,24,24
4793474,2025-11-05,247.07759737116126,23,23
4793474,2025-11-09,148.1172234385102,24,24
4793474,2025-11-13,169.81610523537162,23,23
4793474,2025-11-17,145.24194592698584,17,17
4793474,2025-11-21,248.9672968096203,24,24
4793474,2025-11-25,197.9147295324521,23,23
4793474,2025-11-29,189.69328464169644,23,23
4793474,2025-12-03,238.39396650718922,24,24
4793474,2025-12-07,177.08194805251227,24,24
4793474,2025-12-11,304.20997998979357,21,21
4793474,2025-12-15,233.96638438878236,24,24
4793474,2025-12-19,285.7535407242952,24,24
4793474,2025-12-23,176.88524830230557,20,20
4793474,2025-12-27,213.54408039537154,19,19
4793474,2025-12-31,210.38009065276594,23,23
4565933,2025-06-02,32.36377611304775,8,8
4565933,2025-06-06,45.91004629929861,24,24
4565933,2025-06-10,31.250516096750896,24,24
4565933,2025-06-14,42.59403077392064,24,24
4565933,2025-06-18,53.840072872224916,22,22
4565933,2025-06-22,53.04886346789254,23,23
4565933,2025-06-26,50.030119246552545,17,17
4565933,2025-06-30,45.38007237556865,24,24
4565933,2025-07-04,59.53401027520497,24,24
4565933,2025-07-08,34.47083387400466,24,24
4565933,2025-07-16,40.472753762158135,24,24
4565933,2025-07-20,52.75006805766713,11,11
4565933,2025-08-01,34.329243982982156,24,24
4565933,2025-08-05,30.03949413696925,24,24
4565933,2025-08-09,58.894734334464026,24,24
4565933,2025-08-13,45.68276900053024,24,24
4565933,2025-08-17,51.5688541183869,24,24
4565933,2025-08-21,38.94121348195606,24,24
4565933,2025-08-25,17.69884671526961,24,24
4565933,2025-08-29,53.930905515371734,23,23
4565933,2025-09-02,20.65639798126863,23,23
4565933,2025-09-06,28.950505707480694,5,5
4565933,2025-09-26,50.70658575835051,24,24
4565933,2025-09-30,113.84179615367876,22,22
4565933,2025-10-04,83.75237463221092,23,23
4565933,2025-10-08,48.846423500698876,22,22
4565933,2025-10-12,85.52772457158125,24,24
4565933,2025-10-16,162.5969939055266,24,24
4565933,2025-10-20,178.1955409683477,21,21
4565933,2025-10-24,237.53191767710226,24,24
4565933,2025-10-28,234.41358055040894,24,24
4565933,2025-11-01,262.68952426396635,24,24
4565933,2025-11-05,92.74782600402831,23,23
4565933,2025-11-13,236.81203697013603,23,23
4565933,2025-11-17,263.3140680255312,22,22
4565933,2025-11-21,303.0047847783124,24,24
4565933,2025-11-25,247.43964333807176,24,24
4565933,2025-11-29,240.26052117550014,22,22
4565933,2025-12-03,286.1157739904192,24,24
4565933,2025-12-07,268.2669794342735,24,24
4565933,2025-12-11,321.06543750867297,24,24
4565933,2025-12-15,299.5058095437509,24,24
4565933,2025-12-19,322.64502832094826,24,24
4565933,2025-12-23,196.19618176266,24,24
4565933,2025-12-27,331.80389045657535,24,24
4565933,2025-12-31,259.56808813384083,11,11
2432,2025-01-01,20.541666666666668,24,24
2432,2025-01-05,30.375,24,24
2432,2025-01-09,17.444444444444443,9,9
2432,2025-01-13,15.583333333333334,24,24
2432,2025-01-17,15.875,24,24
2432,2025-01-21,15.583333333333334,24,24
2432,2025-01-25,17.0,24,24
2432,2025-01-29,16.666666666666668,24,24
2432,2025-02-02,18.625,24,24
2432,2025-02-06,15.25,24,24
2432,2025-02-10,19.541666666666668,24,24
2432,2025-02-14,16.25,4,4
2432,2025-02-18,21.291666666666668,24,24
2432,2025-02-22,16.583333333333332,24,24
2432,2025-02-26,19.0,1,1
2432,2025-03-02,20.666666666666668,24,24
2432,2025-03-06,16.166666666666668,24,24
2432,2025-03-10,16.5,24,24
2432,2025-03-14,17.0,24,24
2432,2025-03-18,16.791666666666668,24,24
2432,2025-03-22,15.958333333333334,24,24
2432,2025-03-26,15.75,24,24
2432,2025-03-30,15.208333333333334,24,24
2432,2025-04-03,17.0,24,24
2432,2025-04-07,16.875,24,24
2432,2025-04-11,15.958333333333334,24,24
2432,2025-04-15,15.875,24,24
2432,2025-04-19,15.083333333333334,24,24
2432,2025-04-23,16.125,24,24
2432,2025-04-27,17.541666666666668,24,24
2432,2025-05-01,17.958333333333332,24,24
2432,2025-05-05,15.625,24,24
2432,2025-05-09,16.333333333333332,24,24
2432,2025-05-13,17.375,24,24
2432,2025-05-17,16.416666666666668,24,24
2432,2025-05-21,17.208333333333332,24,24
2432,2025-05-25,16.5,24,24
2432,2025-05-29,17.791666666666668,24,24
2432,2025-06-02,15.291666666666666,24,24
2432,2025-06-06,17.416666666666668,24,24
2432,2025-06-10,17.708333333333332,24,24
2432,2025-06-14,15.25,24,24
2432,2025-06-18,17.791666666666668,24,24
2432,2025-06-22,17.208333333333332,24,24
2432,2025-06-26,15.5,24,24
2432,2025-06-30,15.375,24,24
2432,2025-07-04,17.166666666666668,24,24
2432,2025-07-08,17.458333333333332,24,24
2432,2025-07-12,16.041666666666668,24,24
2432,2025-07-16,17.0,24,24
2432,2025-07-20,16.333333333333332,24,24
2432,2025-07-24,16.0,24,24
2432,2025-07-28,15.708333333333334,24,24
2432,2025-08-01,18.166666666666668,24,24
2432,2025-08-05,16.666666666666668,24,24
2432,2025-08-09,17.0,24,24
2432,2025-08-13,16.708333333333332,24,24
2432,2025-08-17,15.666666666666666,24,24
2432,2025-08-21,15.166666666666666,24,24
2432,2025-08-25,16.666666666666668,24,24
2432,2025-08-29,16.25,24,24
2432,2025-09-02,16.708333333333332,24,24
2432,2025-09-06,14.416666666666666,24,24
2432,2025-09-10,15.166666666666666,24,24
2432,2025-09-14,18.958333333333332,24,24
2432,2025-09-18,17.583333333333332,24,24
2432,2025-09-22,16.333333333333332,24,24
2432,2025-09-26,16.083333333333332,24,24
2432,2025-09-30,15.458333333333334,24,24
2432,2025-10-04,15.0,24,24
2432,2025-10-08,15.5,24,24
2432,2025-10-12,17.0,24,24
2432,2025-10-16,16.75,24,24
2432,2025-10-20,15.875,24,24
2432,2025-10-28,15.0,8,8
2432,2025-11-01,15.541666666666666,24,24
2432,2025-11-05,16.083333333333332,24,24
2432,2025-11-09,16.0,24,24
2432,2025-11-13,17.541666666666668,24,24
2432,2025-11-17,15.125,24,24
2432,2025-11-21,15.041666666666666,24,24
2432,2025-11-25,16.0,24,24
2432,2025-11-29,17.0,24,24
2432,2025-12-03,17.0,24,24
2432,2025-12-07,17.833333333333332,24,24
2432,2025-12-11,17.0,24,24
2432,2025-12-15,16.666666666666668,24,24
2432,2025-12-19,17.541666666666668,24,24
2432,2025-12-23,17.0,24,24
2432,2025-12-27,17.375,24,24
2432,2025-12-31,17.583333333333332,24,24
2029581,2025-02-14,19.015798629985916,24,24
2029581,2025-02-18,21.445023122760986,24,24
2029581,2025-02-22,43.745738650813244,8,8
2029581,2025-02-26,66.29444450802274,15,15
2029581,2025-03-02,33.69849540789922,24,24
2029581,2025-03-06,35.853298584620156,16,16
2029581,2025-03-10,31.603009243806202,24,24
2029581,2025-03-18,24.460069447755814,24,24
2029581,2025-03-22,37.76736110448837,24,24
2029581,2025-03-26,42.149884263674416,24,24
2029581,2025-03-30,12.643518540594313,15,15
2029581,2025-04-03,29.77662040789922,24,24
2029581,2025-04-07,34.74652778440052,24,24
2029581,2025-04-11,32.27777771155039,24,24
2029581,2025-04-15,14.32754630347093,24,24
2029581,2025-04-19,19.534143504169254,24,24
2029581,2025-04-23,34.30266207125452,16,16
2029581,2025-04-27,9.589285722800664,21,21
2029581,2025-05-01,21.55613424049483,24,24
2029581,2025-05-05,5.778108476646363,6,6
2029581,2025-05-09,9.148148161172866,10,10
2029581,2025-05-13,18.663131311806765,20,20
2029581,2025-05-17,35.03952980041504,13,13
2029581,2025-05-21,6.017416230585209,9,9
2029581,2025-05-25,24.84831344343367,20,20
2029581,2025-05-29,20.693865733014214,16,16
2029581,2025-06-02,7.654166678587595,2,2
2029581,2025-06-06,11.96884921562104,20,20
2029581,2025-06-10,7.812500033113692,6,6
2029581,2025-06-14,17.103174595605758,14,14
2029581,2025-06-18,16.278711504295092,17,17
2029581,2025-06-22,3.7767857256389803,2,2
2029581,2025-06-26,20.802951389125415,16,16
2029581,2025-06-30,2.543464057147503,17,17
2029581,2025-07-04,9.226143801446055,17,17
2029581,2025-07-08,1.5989583434226613,16,16
2029581,2025-07-12,8.002645481082181,15,15
2029581,2025-07-16,22.34182098912604,18,18
2029581,2025-07-20,0.7336601344685928,17,17
2029581,2025-07-24,6.978298605730137,16,16
2029581,2025-07-28,3.525173608989765,16,16
2029581,2025-08-01,15.338975722591083,16,16
3478630,2025-02-26,22.605718010511154,13,13
3478630,2025-03-02,70.34275739722781,24,24
3478630,2025-03-10,53.402656151188744,24,24
3478630,2025-03-14,54.46315107742945,16,16
3478630,2025-03-18,25.031160490853445,9,9
3478630,2025-03-22,105.54150433010524,24,24
3478630,2025-03-26,183.36557875739203,9,9
3478630,2025-04-03,83.0809124575721,24,24
3478630,2025-04-07,40.9224681521057,17,17
3478630,2025-04-11,76.48992542425792,24,24
3478630,2025-04-15,20.202864618764984,24,24
3478630,2025-04-19,20.01668116119173,24,24
3478630,2025-04-23,49.35257406587954,9,9
3478630,2025-04-27,64.58458858728409,24,24
3478630,2025-05-05,29.85061459740003,16,16
3478630,2025-05-09,32.19484744248567,9,9
3478630,2025-05-13,23.902139484882355,24,24
3478630,2025-05-17,9.18895140309663,24,24
3478630,2025-05-21,17.478999779983,16,16
3478630,2025-05-25,2.0649895798673645,24,24
3478630,2025-05-29,20.260770857334137,2,2
3478630,2025-06-10,5.315391700797611,3,3
3478630,2025-06-14,12.557225666112371,24,24
3478630,2025-06-18,6.662256912987989,24,24
3478630,2025-06-22,13.70097282744836,23,23
3478630,2025-06-26,17.472854742987288,24,24
3478630,2025-06-30,14.138862903747293,24,24
3478630,2025-07-04,11.12996007966447,24,24
3478630,2025-07-08,9.188727458628515,24,24
3478630,2025-07-12,14.318288215384301,24,24
3478630,2025-07-16,7.387298627911757,24,24
3478630,2025-07-20,5.0403055537285075,24,24
3478630,2025-07-24,4.64810413445553,24,24
3478630,2025-07-28,4.438657970723903,24,24
3478630,2025-08-01,18.694535880142617,24,24
3478630,2025-08-05,15.177221051520773,24,24
3478630,2025-08-09,7.757857636652059,24,24
3478630,2025-08-13,10.662784749564404,24,24
3478630,2025-08-17,6.260116291465238,24,24
3478630,2025-08-21,8.150145263566325,24,24
3478630,2025-08-25,6.102399321932656,24,24
3478630,2025-08-29,8.562285272391616,24,24
3478630,2025-09-02,5.262475110862094,24,24
3478630,2025-09-06,16.198537848212503,11,11
3478630,2025-09-10,7.885884829072489,24,24
3478630,2025-09-14,7.629334522087851,24,24
3478630,2025-09-18,13.750588546791631,24,24
3478630,2025-09-22,4.660079279397096,24,24
3478630,2025-09-26,5.743766502089177,16,16
3478630,2025-09-30,8.021746575735355,8,8
3478630,2025-10-08,10.044677664655158,24,24
3478630,2025-10-16,12.116552793721885,24,24
3478630,2025-10-20,28.18691583078833,21,21
3478630,2025-10-24,12.322837967818812,24,24
3478630,2025-10-28,23.55216828362471,24,24
3478630,2025-11-13,21.738968763748804,8,8
3478630,2025-11-17,28.026447241041396,15,15
3478630,2025-11-21,29.542048585194127,24,24
3478630,2025-11-25,44.181087377225914,24,24
3478630,2025-11-29,49.36571014059914,24,24
3478630,2025-12-03,42.1870590692317,24,24
3478630,2025-12-07,43.43225009441375,24,24
3478630,2025-12-11,42.84348613023758,24,24
3478630,2025-12-15,23.4835312658162,24,24
3478630,2025-12-19,42.5103292764337,24,24
3478630,2025-12-23,44.4491245072197,24,24
3478630,2025-12-27,39.02411111593246,24,24
3478630,2025-12-31,57.33543838556262,23,23
3501136,2025-02-26,30.482222806652057,11,11
3501136,2025-03-02,45.05571526288986,24,24
3501136,2025-03-10,50.29341133034189,24,24
3501136,2025-03-14,69.16433163483937,24,24
3501136,2025-03-18,71.68402730756335,24,24
3501136,2025-03-22,75.54756927490234,24,24
3501136,2025-03-26,136.09982482592264,24,24
3501136,2025-03-30,248.67444904645285,24,24
3501136,2025-04-03,118.18104667133754,24,24
3501136,2025-04-07,58.34916090302997,24,24
3501136,2025-04-11,98.32906059424083,24,24
3501136,2025-04-15,12.135390637132028,24,24
3501136,2025-04-19,18.981252830889492,24,24
3501136,2025-04-23,47.12474650806851,24,24
3501136,2025-04-27,57.24238990280364,24,24
3501136,2025-05-01,15.91150694919957,24,24
3501136,2025-05-05,25.502262102233036,24,24
3501136,2025-05-09,30.17445318566428,24,24
3501136,2025-05-13,13.381744799825052,24,24
3501136,2025-05-17,7.260151032746459,24,24
3501136,2025-05-21,5.07268323025009,24,24
3501136,2025-05-25,3.3215347169639746,24,24
3501136,2025-05-29,4.7976423377533335,24,24
3501136,2025-06-02,1.2797023892580042,7,7
3501136,2025-06-06,24.167204931378365,24,24
3501136,2025-06-10,4.505171017566075,16,16
3501136,2025-06-18,4.775246538713367,24,24
3501136,2025-08-25,4.678951750263507,14,14
3501136,2025-08-29,5.012934595825047,24,24
3501136,2025-09-02,2.6147884268840453,24,24
3501136,2025-09-06,3.861210895139593,23,23
3501136,2025-09-10,8.387072665712118,24,24
3501136,2025-09-14,6.037896994630703,24,24
3501136,2025-09-18,8.188487849431112,24,24
3501136,2025-09-22,4.76039724552797,15,15
3501136,2025-09-26,7.732147719612288,14,14
3501136,2025-09-30,1.1381980737644262,23,23
3501136,2025-10-04,5.447707725459359,23,23
3501136,2025-10-08,10.3982129773341,23,23
3501136,2025-10-16,7.315701529329332,16,16
3501136,2025-10-20,34.69790768623352,7,7
3501136,2025-10-24,11.661423170771796,24,24
3501136,2025-10-28,11.838209761680991,24,24
3501136,2025-11-01,6.378756931946717,24,24
3501136,2025-11-05,11.97966302304758,23,23
3501136,2025-11-09,6.51955786206656,24,24
3501136,2025-11-13,20.172245134593208,23,23
3501136,2025-11-17,16.37912120999712,22,22
3501136,2025-11-21,17.718200220181433,24,24
3501136,2025-11-25,28.696225701769194,24,24
3501136,2025-12-03,46.008827020945375,24,24
3501136,2025-12-07,31.497173608673943,24,24
3501136,2025-12-11,28.35138080307731,24,24
3501136,2025-12-15,20.2055832862854,2,2
3501136,2025-12-19,9.443666663314358,11,11
3501136,2025-12-23,21.798166692824587,2,2
3501136,2025-12-27,21.192200246342907,24,24
3501136,2025-12-31,33.46889823277791,18,18
3088325,2025-01-01,18.483375000000002,80,80
3088325,2025-01-05,45.710967741935484,62,62
3088325,2025-01-09,65.68574074074074,54,54
3088325,2025-01-13,74.0475,8,8
3088325,2025-01-17,57.82333333333333,48,48
3088325,2025-01-21,26.610877192982453,57,57
3088325,2025-01-25,53.27170212765957,47,47
3088325,2025-01-29,71.77490909090909,55,55
3088325,2025-02-02,73.77333333333334,42,42
3088325,2025-02-06,36.31371428571428,35,35
3088325,2025-02-10,31.19946428571429,56,56
3088325,2025-02-14,58.367125,80,80
3088325,2025-02-18,35.58927536231884,69,69
3088325,2025-02-22,21.210545454545453,55,55
3088325,2025-02-26,18.015833333333333,48,48
3088325,2025-03-02,20.943684210526317,19,19
3088325,2025-03-06,27.786078431372548,51,51
3088325,2025-03-10,38.08695652173913,46,46
3088325,2025-03-14,43.155344827586205,58,58
3088325,2025-03-18,30.87633333333333,60,60
3088325,2025-03-22,9.863636363636363,66,66
3088325,2025-03-26,19.67258620689655,58,58
3088325,2025-03-30,23.17810344827586,58,58
3088325,2025-04-03,9.500185185185185,54,54
3088325,2025-04-07,17.018709677419356,62,62
3088325,2025-04-11,10.907714285714285,70,70
3088325,2025-04-15,17.29234375,64,64
3088325,2025-04-19,15.429791666666667,48,48
3088325,2025-04-23,14.862499999999999,48,48
3088325,2025-04-27,11.407213114754098,61,61
3088325,2025-05-01,21.415142857142857,35,35
3088325,2025-05-05,10.931875,48,48
3088325,2025-05-09,11.695294117647059,51,51
3088325,2025-05-13,13.671315789473685,38,38
3088325,2025-05-17,11.361176470588234,51,51
3088325,2025-05-21,11.982,15,15
3088325,2025-05-25,11.011052631578949,38,38
3088325,2025-05-29,15.154375,48,48
3088325,2025-06-02,14.543636363636363,55,55
3088325,2025-06-06,12.126176470588236,34,34
3088325,2025-06-10,12.698947368421052,38,38
3088325,2025-06-14,18.548333333333332,36,36
3088325,2025-06-18,15.498666666666667,30,30
3088325,2025-06-22,12.989324324324325,74,74
3088325,2025-06-26,11.816585365853658,41,41
3088325,2025-06-30,10.57970588235294,34,34
3088325,2025-07-04,11.245208333333332,48,48
3088325,2025-07-08,11.372352941176471,34,34
3088325,2025-07-12,14.82527027027027,74,74
3088325,2025-07-16,11.703636363636365,66,66
3088325,2025-07-20,13.800517241379309,58,58
3088325,2025-07-24,17.668,70,70
3088325,2025-07-28,19.102941176470587,68,68
3088325,2025-08-01,23.783375,80,80
3088325,2025-08-05,18.247638888888886,72,72
3088325,2025-08-09,25.42111111111111,72,72
3088325,2025-08-13,14.342875000000001,80,80
3088325,2025-08-17,12.526428571428571,70,70
3088325,2025-08-21,15.306901408450704,71,71
3088325,2025-08-25,17.4538,50,50
3088325,2025-08-29,18.753,60,60
3088325,2025-09-02,17.922985074626865,67,67
3088325,2025-09-06,17.178947368421053,38,38
3088325,2025-09-10,13.835714285714285,7,7
3088325,2025-09-14,9.745945945945946,74,74
3088325,2025-09-18,14.079344262295082,61,61
3088325,2025-09-22,10.14359375,64,64
850,2025-01-01,15.041666666666666,24,24
850,2025-01-05,17.5,24,24
850,2025-01-09,18.75,24,24
850,2025-01-13,14.375,24,24
850,2025-01-17,12.625,24,24
850,2025-01-21,19.375,24,24
850,2025-01-25,15.0,24,24
850,2025-01-29,16.875,24,24
850,2025-02-02,17.625,24,24
850,2025-02-06,16.0,24,24
850,2025-02-10,22.958333333333332,24,24
850,2025-02-14,24.458333333333332,24,24
850,2025-02-18,20.125,24,24
850,2025-02-22,18.208333333333332,24,24
850,2025-02-26,19.1,10,10
850,2025-03-02,13.333333333333334,24,24
850,2025-03-06,16.041666666666668,24,24
850,2025-03-10,17.958333333333332,24,24
850,2025-03-14,23.75,24,24
850,2025-03-18,20.875,24,24
850,2025-03-22,19.0,24,24
850,2025-03-26,26.708333333333332,24,24
850,2025-03-30,12.0,7,7
850,2025-04-03,19.958333333333332,24,24
850,2025-04-07,25.541666666666668,24,24
850,2025-04-11,19.291666666666668,24,24
850,2025-04-15,22.0,24,24
850,2025-04-19,31.875,24,24
850,2025-04-23,36.958333333333336,24,24
850,2025-04-27,28.75,24,24
850,2025-05-01,41.75,24,24
850,2025-05-05,35.708333333333336,24,24
850,2025-05-09,21.708333333333332,24,24
850,2025-05-13,48.583333333333336,24,24
850,2025-05-17,47.291666666666664,24,24
850,2025-05-21,38.083333333333336,24,24
850,2025-05-25,52.458333333333336,24,24
850,2025-05-29,49.916666666666664,24,24
850,2025-06-02,59.708333333333336,24,24
850,2025-06-06,81.41666666666667,24,24
850,2025-06-10,66.08333333333333,24,24
850,2025-06-14,44.333333333333336,24,24
850,2025-06-18,41.791666666666664,24,24
850,2025-06-22,38.0,24,24
850,2025-06-26,49.75,24,24
850,2025-06-30,70.54166666666667,24,24
850,2025-07-04,83.5,24,24
850,2025-07-08,40.958333333333336,24,24
850,2025-07-12,84.08333333333333,24,24
850,2025-07-16,41.083333333333336,24,24
850,2025-07-20,67.25,24,24
850,2025-07-24,59.375,24,24
850,2025-07-28,54.5,24,24
850,2025-08-01,31.26086956521739,23,23
850,2025-08-05,59.083333333333336,24,24
850,2025-08-09,59.125,24,24
850,2025-08-13,40.916666666666664,24,24
850,2025-08-17,37.583333333333336,24,24
850,2025-08-21,20.75,24,24
850,2025-08-25,22.958333333333332,24,24
850,2025-08-29,36.916666666666664,24,24
850,2025-09-02,30.958333333333332,24,24
850,2025-09-06,53.0,24,24
850,2025-09-10,20.541666666666668,24,24
850,2025-09-14,18.666666666666668,24,24
850,2025-09-18,45.0,24,24
850,2025-09-22,20.125,24,24
850,2025-09-26,20.333333333333332,24,24
850,2025-09-30,20.75,24,24
850,2025-10-04,18.958333333333332,24,24
850,2025-10-08,20.5,24,24
850,2025-10-12,14.25,24,24
850,2025-10-16,19.583333333333332,24,24
850,2025-10-20,20.583333333333332,24,24
850,2025-10-28,21.22222222222222,9,9
850,2025-11-01,16.25,24,24
850,2025-11-05,18.708333333333332,24,24
850,2025-11-09,19.083333333333332,24,24
850,2025-11-13,17.375,24,24
850,2025-11-17,17.458333333333332,24,24
850,2025-11-21,22.666666666666668,24,24
850,2025-11-25,22.791666666666668,24,24
850,2025-11-29,16.333333333333332,24,24
850,2025-12-03,18.083333333333332,24,24
850,2025-12-07,19.083333333333332,24,24
850,2025-12-11,17.375,24,24
850,2025-12-15,17.208333333333332,24,24
850,2025-12-19,20.25,24,24
850,2025-12-23,16.0,24,24
850,2025-12-27,23.375,24,24
850,2025-12-31,19.625,24,24
4846142,2025-06-26,51.52314831993797,22,22
4846142,2025-06-30,62.858069406615364,24,24
4846142,2025-07-04,63.009884513989846,24,24
4846142,2025-07-08,49.91858838001887,24,24
4846142,2025-07-12,69.18299269170471,24,24
4846142,2025-07-16,45.17724135186938,24,24
4846142,2025-07-20,79.07867901855045,24,24
4846142,2025-07-24,51.02427086896367,24,24
4846142,2025-07-28,102.88440635469225,24,24
4846142,2025-08-01,37.066836731301414,24,24
4846142,2025-08-05,39.189487877819275,24,24
4846142,2025-08-09,64.44878473629554,24,24
4846142,2025-08-13,49.46942304240333,24,24
4846142,2025-08-17,68.51256196367125,17,17
4846142,2025-08-21,46.596884260273946,24,24
4846142,2025-08-29,59.11713371373187,24,24
4846142,2025-09-02,19.43910301523283,24,24
4846142,2025-09-06,63.85189057721032,24,24
4846142,2025-09-10,44.244789938131966,24,24
4846142,2025-09-14,117.2378677484535,16,16
4846142,2025-09-18,69.24613131746722,19,19
4846142,2025-09-22,71.16975670631486,24,24
4846142,2025-09-26,49.12210021065341,24,24
4846142,2025-09-30,137.52914495329927,23,23
4846142,2025-10-04,67.77052294321106,23,23
4846142,2025-10-08,72.01657697381798,24,24
4846142,2025-10-12,80.85688321691003,17,17
4846142,2025-10-16,130.5614731695138,17,17
4846142,2025-10-20,134.5084403925644,21,21
4846142,2025-10-24,171.07496817730092,24,24
4846142,2025-10-28,174.74812088012695,24,24
4846142,2025-11-01,299.39839004940455,24,24
4846142,2025-11-05,79.17000183713608,23,23
4846142,2025-11-09,214.57819379453304,24,24
4846142,2025-11-13,272.0022185391044,23,23
4846142,2025-11-17,346.42090397073764,22,22
4846142,2025-11-21,295.74322884877523,24,24
4846142,2025-11-29,160.2263836461664,7,7
4846142,2025-12-03,247.01998726046915,23,23
4846142,2025-12-07,311.06054144271695,15,15
4846142,2025-12-11,263.98517926745944,24,24
4846142,2025-12-15,191.8687830103768,24,24
4846142,2025-12-19,327.4721525404188,24,24
4846142,2025-12-23,100.3414027955797,24,24
4837166,2025-06-26,64.35349861184756,24,24
4837166,2025-06-30,31.879067096445297,24,24
4837166,2025-07-04,75.83416163921356,24,24
4837166,2025-07-08,32.578683941824394,19,19
4837166,2025-07-12,70.68097290338254,17,17
4837166,2025-07-20,40.99881362915039,24,24
4837166,2025-07-24,49.27062148518033,24,24
4837166,2025-07-28,46.93850521246592,24,24
4837166,2025-08-01,55.59726728333367,24,24
4837166,2025-08-05,27.702548119756912,24,24
4837166,2025-08-09,49.29385744863086,24,24
4837166,2025-08-13,43.83746874994702,24,24
4837166,2025-08-17,57.47710390885671,24,24
4837166,2025-08-21,60.785763597488405,24,24
4837166,2025-08-25,42.309634461289356,24,24
4837166,2025-08-29,70.87768216265572,24,24
4837166,2025-09-02,36.37671697746824,24,24
4837166,2025-09-06,74.06528230508168,24,24
4837166,2025-09-10,55.08723624878459,24,24
4837166,2025-09-14,46.99557991822561,24,24
4837166,2025-09-22,62.94834318615141,7,7
4837166,2025-09-26,67.56983022572082,18,18
4837166,2025-09-30,91.99985027515945,23,23
4837166,2025-10-08,67.20510523297351,11,11
4837166,2025-10-12,140.47466684977215,2,2
4837166,2025-10-16,92.64238370201805,11,11
4837166,2025-10-20,117.84573387480931,13,13
4837166,2025-10-24,235.48291545444064,24,24
4837166,2025-10-28,342.9938077326174,24,24
4837166,2025-11-01,223.80248669465382,20,20
4837166,2025-11-05,139.64366680458548,23,23
4837166,2025-11-09,212.17248190613307,22,22
4837166,2025-11-13,247.38711828194656,16,16
4837166,2025-11-17,312.5592089787002,22,22
4837166,2025-11-21,267.47938487580217,24,24
4837166,2025-11-25,312.63400421142575,11,11
4837166,2025-11-29,219.93174102850634,20,20
4837166,2025-12-03,243.76954328345244,18,18
4837166,2025-12-07,220.56506980348516,24,24
4837166,2025-12-11,315.12383426295384,24,24
4837166,2025-12-15,318.69477870467443,17,17
4837166,2025-12-19,230.75962569007166,24,24
4837166,2025-12-23,110.75039501345154,23,23
4837166,2025-12-27,201.5333963803571,24,24
4837166,2025-12-31,253.14512087504067,6,6
3597975,2025-03-06,10.751805571383901,5,5
3597975,2025-03-10,23.10232117606534,24,24
3597975,2025-03-14,42.80822906891505,24,24
3597975,2025-03-18,41.08961942195892,15,15
3597975,2025-03-22,52.588706493377686,24,24
3597975,2025-03-26,106.39229732089574,24,24
3597975,2025-03-30,4.008916667766041,24,24
3597975,2025-04-03,69.45000386238098,24,24
3597975,2025-04-07,22.104307274023693,24,24
3597975,2025-04-11,52.2595069275962,24,24
3597975,2025-04-15,10.351795142723455,24,24
3597975,2025-04-19,12.52671237838351,24,24
3597975,2025-04-23,36.85064449669823,24,24
3597975,2025-04-27,48.661629112079886,24,24
3597975,2025-05-01,8.963496475480497,24,24
3597975,2025-05-05,39.73248082068231,24,24
3597975,2025-05-09,39.95380268052772,24,24
3597975,2025-05-13,19.006111186411648,24,24
3597975,2025-05-17,0.7443070533124476,16,16
3597975,2025-05-21,7.810763834991339,24,24
3597975,2025-05-25,4.683706589030206,24,24
3597975,2025-06-06,13.73591871669999,24,24
3597975,2025-06-10,9.443289029236997,10,10
3597975,2025-06-14,9.908645848847097,24,24
3597975,2025-06-18,1.2943194496264268,24,24
3597975,2025-06-22,5.755030805312528,23,23
3597975,2025-06-26,2.16690608191144,24,24
3597975,2025-06-30,1.5668992939819064,24,24
3597975,2025-07-04,2.010814720391488,24,24
3597975,2025-07-08,3.8703576661258317,24,24
3597975,2025-07-12,6.7096822965476255,24,24
3597975,2025-07-16,1.4328715228087578,24,24
3597975,2025-07-20,2.4094841505175615,17,17
3597975,2025-07-24,1.3308836779453688,24,24
3597975,2025-07-28,1.698067706531017,24,24
3597975,2025-08-01,3.979868068605558,24,24
3597975,2025-08-05,3.2251029579049866,23,23
3597975,2025-08-09,0.6543038172078216,24,24
3597975,2025-08-13,2.175664921511068,24,24
3597975,2025-08-17,1.1802210649216753,24,24
3597975,2025-08-21,7.547835033446077,24,24
3597975,2025-08-25,4.69679165839528,10,10
3597975,2025-08-29,6.361990157514811,24,24
3597975,2025-09-02,1.8360306709978937,24,24
3597975,2025-09-06,17.041570091413128,24,24
3597975,2025-09-10,3.76825230066768,24,24
3597975,2025-09-14,11.464049808906786,16,16
3597975,2025-09-18,9.43891087339984,24,24
3597975,2025-09-22,13.43457234899203,24,24
3597975,2025-09-26,2.6276649412013486,24,24
3597975,2025-09-30,3.071273019767286,18,18
3597975,2025-10-04,8.216614691945521,23,23
3597975,2025-10-08,14.711044028429598,18,18
3597975,2025-10-16,4.387611106452015,24,24
3597975,2025-10-20,29.295254684629896,21,21
3597975,2025-10-24,3.320755204677375,24,24
3597975,2025-10-28,24.302547438387517,24,24
3597975,2025-11-01,0.4079930555618678,24,24
3597975,2025-11-05,3.1850253700076236,23,23
3597975,2025-11-13,35.107655872814895,23,23
3597975,2025-11-17,31.59097159992565,22,22
3597975,2025-11-21,19.354802669198424,24,24
3597975,2025-11-25,35.358555589781865,24,24
3597975,2025-11-29,25.506144680827855,24,24
3597975,2025-12-03,36.14853644635942,24,24
3597975,2025-12-07,25.92902775473065,24,24
3597975,2025-12-11,42.525895786285396,24,24
3597975,2025-12-15,23.56022051440345,24,24
3597975,2025-12-19,28.227987860308755,24,24
3597975,2025-12-23,23.469997688024133,24,24
3597975,2025-12-27,18.649884267420404,24,24
3597975,2025-12-31,38.052318189722115,22,22
3624137,2025-03-10,12.604325050683249,24,24
3624137,2025-03-22,51.36228475419302,15,15
3624137,2025-03-26,126.44560073361252,24,24
3624137,2025-04-27,30.904531277550593,21,21
3624137,2025-05-01,32.29873319466909,24,24
3624137,2025-05-05,14.330239575563205,24,24
3624137,2025-05-09,20.316128437717754,24,24
3624137,2025-05-13,2.415467006387189,24,24
3624137,2025-05-17,5.885700595392986,24,24
3624137,2025-05-21,11.234893028302627,12,12
3624137,2025-05-25,2.927190965727075,24,24
3624137,2025-05-29,2.3204409677742257,24,24
3624137,2025-06-02,3.0525158785638355,7,7
3624137,2025-06-06,11.974515795935854,19,19
3624137,2025-06-10,2.620944430728236,24,24
3624137,2025-06-14,4.434615615662188,24,24
3624137,2025-06-18,3.6420229128794745,24,24
3624137,2025-06-22,3.5768025386133706,23,23
3624137,2025-06-26,2.062616891175922,24,24
3624137,2025-06-30,3.8393385306440497,24,24
3624137,2025-07-04,1.82453819255655,24,24
3624137,2025-07-08,3.247160873717318,24,24
3624137,2025-07-12,5.334968754038628,24,24
3624137,2025-07-16,1.758197912726448,24,24
3624137,2025-07-20,2.5811205272421693,23,23
3624137,2025-07-24,3.08519095718188,24,24
3624137,2025-07-28,1.8477844239299424,24,24
3624137,2025-08-01,12.938276034262445,24,24
3624137,2025-08-05,10.450648741693131,24,24
3624137,2025-08-09,3.6359855283776095,24,24
3624137,2025-08-13,1.2005277768993337,24,24
3624137,2025-08-17,0.48439166772489745,10,10
3624137,2025-08-21,3.6335989591769047,24,24
3624137,2025-08-25,0.9932523975652647,24,24
3624137,2025-08-29,2.7953634230264774,24,24
3624137,2025-09-02,0.8695770157359992,22,22
3624137,2025-09-06,1.738954857405689,24,24
3624137,2025-09-10,2.2281693863176133,24,24
3624137,2025-09-14,2.476694435896611,24,24
3624137,2025-09-18,5.516204383131646,16,16
3624137,2025-09-22,0.6285416662382582,22,22
3624137,2025-10-08,5.573767357053132,24,24
3624137,2025-10-12,1.5992667827651734,24,24
3624137,2025-10-16,3.6125561347451165,24,24
3624137,2025-10-20,13.764112362412341,11,11
3624137,2025-10-24,2.7185150440859918,24,24
3624137,2025-10-28,3.3834618049803087,24,24
3624137,2025-11-01,1.1443298618429927,24,24
3624137,2025-11-05,2.539662322342612,23,23
3624137,2025-11-09,8.755040390100895,11,11
3624137,2025-11-13,6.0332550730610235,23,23
3624137,2025-11-17,1.9671269837960408,18,18
3624137,2025-11-21,0.33904108831681956,24,24
3624137,2025-11-25,2.3389374999639885,24,24
3624137,2025-11-29,12.125479618864954,20,20
3624137,2025-12-03,6.863368054231008,24,24
3624137,2025-12-07,11.834447634535573,21,21
3624137,2025-12-11,3.97298610949268,24,24
3624137,2025-12-15,0.9095555560953087,24,24
3624137,2025-12-19,11.129169299943147,16,16
3624137,2025-12-31,24.1835694225514,23,23
4834565,2025-06-26,82.97474002838135,4,4
4834565,2025-06-30,34.22717887163162,24,24
4834565,2025-07-04,78.6139111465878,24,24
4834565,2025-07-08,41.42709833913379,24,24
4834565,2025-07-12,63.968558284971444,24,24
4834565,2025-07-16,45.43125544519474,24,24
4834565,2025-07-20,52.308832128842674,24,24
4834565,2025-07-24,64.68936650102789,22,22
4834565,2025-07-28,50.588524202505745,24,24
4834565,2025-08-01,64.77274866537614,24,24
4834565,2025-08-05,34.4190705286132,24,24
4834565,2025-08-09,55.64873776556266,24,24
4834565,2025-08-13,54.42820207193645,24,24
4834565,2025-08-17,67.08668687608507,24,24
4834565,2025-08-25,33.23734682256525,2,2
4834565,2025-08-29,73.51564862993028,24,24
4834565,2025-09-02,52.46148890497708,24,24
4834565,2025-09-06,67.12927538818784,24,24
4834565,2025-09-10,92.02315320468053,24,24
4834565,2025-09-14,53.38329909245173,24,24
4834565,2025-09-18,44.741596286706255,24,24
4834565,2025-09-22,58.11415485661439,24,24
4834565,2025-09-26,62.70026161582382,24,24
4834565,2025-09-30,95.40620057306639,23,23
4834565,2025-10-04,98.24125248687436,11,11
4834565,2025-10-16,150.5590022890656,24,24
4834565,2025-10-20,172.15640061164257,21,21
4834565,2025-10-24,206.7059846719106,24,24
4834565,2025-10-28,328.16945380620473,23,23
4834565,2025-11-01,208.35879862750016,24,24
4834565,2025-11-05,125.95823918771052,23,23
4834565,2025-11-09,183.26294858808873,24,24
4834565,2025-11-13,240.42324937151147,23,23
4834565,2025-11-17,294.3502551072563,17,17
4834565,2025-11-21,233.3289363216471,24,24
4834565,2025-11-25,229.16927118301393,24,24
4834565,2025-11-29,210.5547899996793,24,24
4834565,2025-12-03,257.8062298871853,24,24
4834565,2025-12-07,221.53463881810504,24,24
4834565,2025-12-11,325.722451795472,16,16
4834565,2025-12-15,445.17586936225825,23,23
4834565,2025-12-19,277.1285521312996,24,24
4834565,2025-12-23,121.25027681854037,24,24
4834565,2025-12-27,282.9515694847309,24,24
4834565,2025-12-31,308.12938545930683,23,23
3345258,2025-01-01,297.2302365984236,7,7
3345258,2025-01-05,278.7402815288968,24,24
3345258,2025-01-09,408.3954960366954,23,23
3345258,2025-01-13,209.24069510565866,3,3
3345258,2025-02-14,116.73964813020494,24,24
3345258,2025-02-18,153.60985071923997,24,24
3345258,2025-02-22,136.76590552413674,19,19
3345258,2025-02-26,121.69012376997206,24,24
3345258,2025-03-02,101.4058316283756,24,24
3345258,2025-03-06,90.81318057245677,24,24
3345258,2025-03-10,121.99940767553117,24,24
3345258,2025-03-14,55.29034077127775,24,24
3345258,2025-03-18,91.18160291512807,24,24
3345258,2025-03-22,92.17115104198456,24,24
3345258,2025-03-26,93.07853821913402,24,24
3345258,2025-03-30,56.060368574327896,24,24
3345258,2025-04-03,51.59411110480627,24,24
3345258,2025-04-07,111.6319522050896,24,24
3345258,2025-04-11,39.000837471750046,24,24
3345258,2025-04-15,76.48078642951118,24,24
3345258,2025-04-19,45.63403876622518,24,24
3345258,2025-04-23,54.36000804106394,24,24
3345258,2025-04-27,84.66368597143828,24,24
3345258,2025-05-01,82.82473288112216,24,24
3345258,2025-05-05,52.050008588367035,24,24
3345258,2025-05-09,74.33803465631273,24,24
3345258,2025-05-13,107.78557272752126,24,24
3345258,2025-05-17,106.97615889346962,22,22
3345258,2025-05-21,66.95115534161765,21,21
3345258,2025-05-25,37.884402747507444,18,18
3345258,2025-05-29,76.2329501859309,19,19
3345258,2025-06-02,28.57931955655416,2,2
3345258,2025-06-06,52.67025736089338,19,19
3345258,2025-06-10,36.6079470701892,21,21
3345258,2025-06-14,46.5675048828125,17,17
3345258,2025-06-18,60.15771096275452,17,17
3345258,2025-06-22,70.09057961790076,22,22
3345258,2025-06-26,51.68591443366475,24,24
3345258,2025-06-30,49.5467881295416,24,24
3345258,2025-07-04,67.76888073373725,24,24
3345258,2025-07-08,38.785427090194496,24,24
3345258,2025-07-12,67.15419533276798,24,24
3345258,2025-07-16,43.57387822713607,13,13
3345258,2025-07-20,49.26165582856746,24,24
3345258,2025-07-24,52.790369227386655,24,24
3345258,2025-07-28,77.14460708035362,24,24
3345258,2025-08-01,47.832894168718894,24,24
3345258,2025-08-05,36.719734022232764,23,23
3345258,2025-08-09,54.93611817889743,24,24
3345258,2025-08-13,47.67579864793353,24,24
3345258,2025-08-21,45.15000610492848,15,15
3345258,2025-08-25,29.122123259637092,24,24
3345258,2025-08-29,62.73410646564965,23,23
3345258,2025-09-02,28.483865810351237,24,24
3345258,2025-09-06,48.34999728865094,24,24
3345258,2025-09-10,62.77147860478873,24,24
3345258,2025-09-14,59.02632337206541,24,24
3345258,2025-09-18,52.88685064845615,24,24
3345258,2025-09-22,57.065086774452766,24,24
3345258,2025-09-26,69.6061423752043,24,24
3345258,2025-09-30,131.3199450165753,23,23
3345258,2025-10-04,106.20266422603441,23,23
3345258,2025-10-08,47.10246865530809,24,24
3345258,2025-10-12,83.80945428422204,24,24
3345258,2025-10-16,164.25580157262308,24,24
3345258,2025-10-20,174.49223717595783,21,21
3345258,2025-10-24,242.8250264035331,24,24
3345258,2025-10-28,244.8532434516483,24,24
3345258,2025-11-01,262.6743504020903,24,24
3345258,2025-11-05,90.86898552714915,23,23
3345258,2025-11-09,215.14939550823635,24,24
3345258,2025-11-13,217.0090386727006,23,23
3345258,2025-11-17,212.68362490914086,22,22
3345258,2025-11-21,294.01112136134395,24,24
3345258,2025-11-25,216.6560141457452,24,24
3345258,2025-11-29,185.7974221388499,24,24
3345258,2025-12-03,210.96903801229266,24,24
3345258,2025-12-07,197.5939965248108,24,24
3345258,2025-12-11,289.72967739635044,24,24
3345258,2025-12-15,244.20740954081217,24,24
3345258,2025-12-19,272.22961455980936,24,24
3345258,2025-12-23,128.53002737804695,24,24
3345258,2025-12-27,252.15830727948082,24,24
3345258,2025-12-31,277.67311178578274,24,24
4797659,2025-06-22,32.32013888888889,72,72
4797659,2025-06-26,19.179714285714283,35,35
4797659,2025-06-30,23.4495,20,20
4797659,2025-07-04,14.977555555555556,45,45
4797659,2025-07-08,16.43916666666667,36,36
4797659,2025-07-12,15.044782608695652,69,69
4797659,2025-07-16,14.14515625,64,64
4797659,2025-07-20,17.34283333333333,60,60
4797659,2025-07-24,9.246176470588235,68,68
4797659,2025-07-28,20.337833333333332,60,60
4797659,2025-08-01,21.65215189873418,79,79
4797659,2025-08-05,33.007123287671234,73,73
4797659,2025-08-09,17.482191780821918,73,73
4797659,2025-08-13,28.172179487179484,78,78
4797659,2025-08-17,16.680289855072466,69,69
4797659,2025-08-21,20.55081081081081,74,74
4797659,2025-08-25,19.75408163265306,49,49
4797659,2025-08-29,23.2195,60,60
4797659,2025-09-02,14.69078125,64,64
4797659,2025-09-06,19.52909090909091,66,66
4797659,2025-09-10,20.320666666666668,15,15
4797659,2025-09-14,20.905890410958907,73,73
4797659,2025-09-18,21.683134328358207,67,67
4797659,2025-09-22,5.9621818181818185,55,55
4797659,2025-09-26,20.863857142857142,70,70
4797659,2025-09-30,34.06448275862069,58,58
4797659,2025-10-04,20.378115942028984,69,69
4797659,2025-10-08,29.879375,48,48
4797659,2025-10-12,21.214615384615385,39,39
4797659,2025-10-16,20.790298507462687,67,67
4797659,2025-10-20,23.841749999999998,40,40
4797659,2025-10-24,16.96818181818182,22,22
4797659,2025-10-28,30.134038461538463,52,52
4797659,2025-11-01,23.912894736842105,76,76
4797659,2025-11-05,18.129367088607594,79,79
4797659,2025-11-09,12.915131578947367,76,76
4797659,2025-11-13,32.97351351351351,37,37
4797659,2025-11-17,20.292121212121213,66,66
4797659,2025-11-21,13.414262295081967,61,61
4797659,2025-11-25,18.415901639344263,61,61
4797659,2025-11-29,29.52949152542373,59,59
4797659,2025-12-03,23.575820895522387,67,67
4797659,2025-12-07,11.340232558139535,43,43
4797659,2025-12-11,20.5175,60,60
4797659,2025-12-15,18.054772727272727,44,44
4797659,2025-12-19,25.186666666666667,48,48
4797659,2025-12-23,14.411960784313726,51,51
4797659,2025-12-27,28.04578947368421,57,57
4797659,2025-12-31,35.031612903225806,62,62
3278380,2025-01-01,6.176501738528411,24,24
3278380,2025-01-05,2.2977482537195706,24,24
3278380,2025-01-09,11.37533031857532,23,23
3278380,2025-01-13,0.9397500058015188,1,1
3278380,2025-02-14,8.327878481811947,24,24
3278380,2025-02-18,8.683753448745444,24,24
3278380,2025-02-22,8.2836024272773,24,24
3278380,2025-07-24,2.5027916751698487,24,24
3278380,2025-07-28,19.63959897936891,24,24
3278380,2025-08-01,15.714541662070486,24,24
3278380,2025-08-05,1.853989582767503,24,24
3278380,2025-08-09,1.963717009445342,24,24
3278380,2025-08-13,0.7141892419248405,24,24
3278380,2025-08-17,0.17891840370268455,24,24
3278380,2025-08-21,0.7616093794349581,24,24
3278380,2025-08-25,0.44997395888074404,24,24
3278380,2025-08-29,2.3808055808767676,24,24
3278380,2025-09-02,1.8233703777530332,24,24
3278380,2025-09-06,0.32725694770407343,24,24
3278380,2025-09-10,1.180893730835108,24,24
3278380,2025-09-14,1.7224056691371112,24,24
3278380,2025-09-18,0.6274137734952899,24,24
3278380,2025-09-22,4.459957168140035,24,24
3278380,2025-09-26,0.9280775462872245,24,24
3278380,2025-09-30,0.6113599039731179,23,23
3278380,2025-10-04,1.3118629239418584,23,23
3278380,2025-10-08,0.3300277795651238,24,24
3278380,2025-10-12,0.9184415514865476,24,24
3278380,2025-10-16,2.249608796235622,24,24
3278380,2025-10-20,4.612438384356795,21,21
3278380,2025-10-24,1.3989733817443872,24,24
3278380,2025-10-28,0.45816203849562614,24,24
3278380,2025-11-01,0.10123611161640535,24,24
3278380,2025-11-05,0.37281702935317723,23,23
3278380,2025-11-09,0.9766371545873375,24,24
3278380,2025-11-13,0.4572137683827952,23,23
3278380,2025-11-17,2.5312102277706745,22,22
3278380,2025-11-21,1.6921539358708457,24,24
3278380,2025-11-25,23.15445133645294,24,24
3278380,2025-11-29,2.0058802093034265,24,24
3278380,2025-12-03,15.555187475960702,24,24
3278380,2025-12-07,1.7087685195703266,24,24
3278380,2025-12-11,18.604062505231962,24,24
3278380,2025-12-15,28.150430561664205,24,24
3278380,2025-12-19,18.755339689776992,24,24
3278380,2025-12-23,27.411456008407253,24,24
3278380,2025-12-27,24.963587202121715,24,24
3278380,2025-12-31,29.869254092156602,23,23
2960655,2025-01-01,24.941499999999998,80,80
2960655,2025-01-05,56.248360655737706,61,61
2960655,2025-01-09,72.62584905660377,53,53
2960655,2025-01-13,69.10571428571428,7,7
2960655,2025-01-17,71.0831914893617,47,47
2960655,2025-01-21,28.340892857142855,56,56
2960655,2025-01-25,75.90531914893617,47,47
2960655,2025-01-29,75.69923076923077,52,52
2960655,2025-02-02,74.58613636363636,44,44
2960655,2025-02-06,38.62571428571429,35,35
2960655,2025-02-10,40.56410714285715,56,56
2960655,2025-02-14,71.58291139240507,79,79
2960655,2025-02-18,47.8075,68,68
2960655,2025-02-22,26.258301886792452,53,53
2960655,2025-02-26,23.967021276595744,47,47
2960655,2025-03-02,23.662089552238804,67,67
2960655,2025-03-06,35.48490196078431,51,51
2960655,2025-03-10,45.81489361702128,47,47
2960655,2025-03-14,51.1019298245614,57,57
2960655,2025-03-18,39.6548275862069,58,58
2960655,2025-03-22,14.86,64,64
2960655,2025-03-26,19.06145454545455,55,55
2960655,2025-03-30,24.718771929824563,57,57
2960655,2025-04-03,9.758431372549019,51,51
2960655,2025-04-07,15.33295081967213,61,61
2960655,2025-04-11,11.821428571428571,70,70
2960655,2025-04-15,16.71390625,64,64
2960655,2025-04-19,12.622340425531915,47,47
2960655,2025-04-23,11.789574468085107,47,47
2960655,2025-04-27,24.652622950819673,61,61
2960655,2025-05-01,26.62324324324324,37,37
2960655,2025-05-05,8.783617021276596,47,47
2960655,2025-05-09,11.20156862745098,51,51
2960655,2025-05-13,14.251891891891892,37,37
2960655,2025-05-17,9.86,50,50
2960655,2025-05-21,7.995333333333334,15,15
2960655,2025-05-25,12.139473684210527,38,38
2960655,2025-05-29,12.693111111111111,45,45
2960655,2025-06-02,14.661509433962262,53,53
2960655,2025-06-06,13.321142857142858,35,35
2960655,2025-06-10,11.643783783783784,37,37
2960655,2025-06-14,15.183055555555557,36,36
2960655,2025-06-18,6.373666666666667,30,30
2960655,2025-06-22,12.573055555555555,72,72
3313824,2025-01-01,25.69926829268293,82,82
3313824,2025-01-05,51.33296875,64,64
3313824,2025-01-09,66.75054545454545,55,55
3313824,2025-01-13,66.6825,8,8
3313824,2025-01-17,67.25645833333333,48,48
3313824,2025-01-21,29.78101694915254,59,59
3313824,2025-01-25,72.78083333333333,48,48
3313824,2025-01-29,73.82745454545454,55,55
3313824,2025-02-02,69.05976744186047,43,43
3313824,2025-02-06,33.3725,36,36
3313824,2025-02-10,39.65,60,60
3313824,2025-02-14,67.27573170731706,82,82
3313824,2025-02-18,45.86661971830986,71,71
3313824,2025-02-22,28.218214285714286,56,56
3313824,2025-02-26,21.2702,50,50
3313824,2025-03-02,23.506376811594205,69,69
3313824,2025-03-06,30.35846153846154,52,52
3313824,2025-03-10,40.23591836734694,49,49
3313824,2025-03-14,37.37677966101695,59,59
3313824,2025-03-18,33.807192982456144,57,57
3313824,2025-03-22,9.884626865671642,67,67
3313824,2025-03-26,15.195438596491227,57,57
3313824,2025-03-30,25.899830508474576,59,59
3313824,2025-04-03,7.713571428571428,56,56
3313824,2025-04-07,16.211290322580645,62,62
3313824,2025-04-11,13.20123287671233,73,73
3313824,2025-04-15,12.051044776119403,67,67
3313824,2025-04-19,14.368125,48,48
3313824,2025-04-23,15.929183673469387,49,49
3313824,2025-04-27,10.259016393442622,61,61
3313824,2025-05-01,21.67051282051282,39,39
3313824,2025-05-05,11.006400000000001,50,50
3313824,2025-05-09,12.383076923076922,52,52
3313824,2025-05-13,17.332702702702704,37,37
3313824,2025-05-17,10.414200000000001,50,50
3313824,2025-05-21,12.761875,16,16
3313824,2025-05-25,10.965384615384615,39,39
3313824,2025-05-29,13.755102040816327,49,49
3313824,2025-06-02,12.198035714285714,56,56
3313824,2025-06-06,11.125142857142857,35,35
3313824,2025-06-10,12.219736842105263,38,38
3313824,2025-06-14,15.105945945945944,37,37
3313824,2025-06-18,8.669032258064517,31,31
3313824,2025-06-22,12.477105263157895,76,76
3313824,2025-06-26,11.456190476190477,42,42
3313824,2025-06-30,9.535294117647059,34,34
3313824,2025-07-04,5.708600000000001,50,50
3313824,2025-07-08,4.839259259259259,27,27
3313824,2025-07-12,7.084933333333334,75,75
3313824,2025-07-16,6.338636363636364,66,66
3313824,2025-07-20,7.456,60,60
3313824,2025-07-24,9.518333333333334,72,72
3313824,2025-07-28,13.8825,68,68
3313824,2025-08-01,13.779876543209877,81,81
3313824,2025-08-05,11.229861111111111,72,72
3313824,2025-08-09,9.388,75,75
3313824,2025-08-13,16.15231707317073,82,82
3313824,2025-08-17,12.551971830985917,71,71
3313824,2025-08-21,9.701527777777777,72,72
3313824,2025-08-25,9.631836734693877,49,49
3313824,2025-08-29,9.50079365079365,63,63
3313824,2025-09-02,11.42179104477612,67,67
3313824,2025-09-06,9.583076923076923,65,65
3313824,2025-09-10,6.6066666666666665,6,6
3313824,2025-09-14,3.74,21,21
3313824,2025-09-18,21.825,4,4
3714646,2025-03-18,37.259025525715614,24,24
3714646,2025-03-22,72.83669956525166,24,24
3714646,2025-03-26,112.87727874120077,24,24
3714646,2025-03-30,26.32645543250773,24,24
3714646,2025-04-03,39.84299238522848,24,24
3714646,2025-04-07,56.93965897056627,23,23
3714646,2025-04-11,27.671217671548476,18,18
3714646,2025-04-15,29.386736147933537,24,24
3714646,2025-04-19,33.3207288397683,24,24
3714646,2025-04-23,35.86601785920624,13,13
3714646,2025-04-27,31.83332633309894,24,24
3714646,2025-05-01,45.601795723944,24,24
3714646,2025-05-05,19.79688655888593,18,18
3714646,2025-05-09,19.735990231010046,24,24
3714646,2025-05-13,5.2330156286997305,24,24
3714646,2025-05-17,3.6736284815835663,24,24
3714646,2025-05-21,13.45728296882266,24,24
3714646,2025-05-25,4.006838557750194,24,24
3714646,2025-05-29,13.36505709435894,24,24
3714646,2025-06-02,6.5125892874563025,7,7
3714646,2025-06-06,11.667518536663719,24,24
3714646,2025-06-10,4.6002382178971954,24,24
3714646,2025-06-14,2.5883038118352286,24,24
3714646,2025-06-18,6.296472230667455,24,24
3714646,2025-06-22,2.099030792389227,23,23
3714646,2025-06-26,7.006928218955484,24,24
3714646,2025-06-30,3.48093923586162,24,24
3714646,2025-07-04,4.546068275890623,24,24
3714646,2025-07-08,2.8990520793142625,24,24
3714646,2025-07-12,7.0385410905712185,24,24
3714646,2025-07-16,7.7164114944300515,24,24
3714646,2025-07-20,0.5571180550743723,24,24
3714646,2025-07-24,4.820508698454231,24,24
3714646,2025-07-28,2.4823674764268584,24,24
3714646,2025-08-01,7.49989237387975,24,24
3714646,2025-08-05,16.68967476901081,24,24
3714646,2025-08-09,6.57452084372441,24,24
3714646,2025-08-13,3.6923663353728546,24,24
3714646,2025-08-17,2.0899647085591115,24,24
3714646,2025-08-21,5.970765632098644,24,24
3714646,2025-08-25,3.183494785684161,24,24
3714646,2025-08-29,5.551054398568037,24,24
3714646,2025-09-02,1.6326857518482332,24,24
3714646,2025-09-06,0.9884033668398237,24,24
3714646,2025-09-10,8.197734988656723,24,24
3714646,2025-09-14,19.818728718389238,6,6
3714646,2025-09-18,4.993461854561853,24,24
3714646,2025-09-22,0.25153819326725274,24,24
3714646,2025-09-26,2.5027384117581986,24,24
3714646,2025-09-30,10.338672676056191,23,23
3714646,2025-10-04,6.942510893568397,23,23
3714646,2025-10-08,6.6076076580858265,24,24
3714646,2025-10-12,0.5765225686029428,24,24
3714646,2025-10-16,4.663988406575906,24,24
3714646,2025-10-20,23.343345240941126,21,21
3714646,2025-10-24,2.2415769663923935,24,24
3714646,2025-10-28,2.36137037140369,24,24
3714646,2025-11-01,6.304269099392481,24,24
3714646,2025-11-05,1.6290815206676508,23,23
3714646,2025-11-09,11.070109356763878,24,24
3714646,2025-11-13,5.625606287839475,23,23
3714646,2025-11-17,3.847352251608038,22,22
3714646,2025-11-21,1.706194442241556,24,24
3714646,2025-11-25,8.422864740787807,24,24
3714646,2025-11-29,15.22485011987802,24,24
3714646,2025-12-03,5.316975706660499,24,24
3714646,2025-12-07,12.671805556615192,24,24
3714646,2025-12-11,11.474604165005601,24,24
3714646,2025-12-15,7.694664940261283,24,24
3714646,2025-12-19,17.170653930288324,24,24
3714646,2025-12-23,9.789743039260308,24,24
3714646,2025-12-27,4.505812505591247,24,24
3714646,2025-12-31,34.29617393189582,23,23
2812716,2025-01-01,73.57025,80,80
2812716,2025-01-05,17.50393442622951,61,61
2812716,2025-01-09,24.98280701754386,57,57
2812716,2025-01-13,91.64454545454545,11,11
2812716,2025-01-17,40.81531914893617,47,47
2812716,2025-01-21,48.82629629629629,54,54
2812716,2025-01-25,39.85914893617021,47,47
2812716,2025-01-29,31.72153846153846,52,52
2812716,2025-02-02,50.28073170731708,41,41
2812716,2025-02-06,45.66142857142857,35,35
2812716,2025-02-10,60.876271186440675,59,59
2812716,2025-02-14,58.585443037974684,79,79
2812716,2025-02-18,55.24414285714286,70,70
2812716,2025-02-22,65.07879310344828,58,58
2812716,2025-02-26,11.672156862745098,51,51
2812716,2025-03-02,53.44641791044776,67,67
2812716,2025-03-06,19.829056603773587,53,53
2812716,2025-03-10,13.45063829787234,47,47
2812716,2025-03-14,30.503833333333333,60,60
2812716,2025-03-18,13.783103448275861,58,58
2812716,2025-03-22,26.3353125,64,64
2812716,2025-03-26,13.239615384615385,52,52
2812716,2025-03-30,22.854655172413793,58,58
2812716,2025-04-03,20.4054,50,50
2812716,2025-04-07,7.8467796610169485,59,59
2812716,2025-04-11,13.04529411764706,68,68
2812716,2025-04-15,6.4384375,64,64
2812716,2025-04-19,8.833061224489796,49,49
2812716,2025-04-23,9.194772727272728,44,44
2812716,2025-04-27,11.621384615384615,65,65
2812716,2025-05-01,11.200000000000001,38,38
2812716,2025-05-05,8.149803921568628,51,51
2812716,2025-05-09,9.8826,50,50
2812716,2025-05-13,7.442051282051282,39,39
2812716,2025-05-17,12.828367346938776,49,49
2812716,2025-05-21,13.229999999999999,15,15
2812716,2025-05-25,13.987435897435898,39,39
2812716,2025-05-29,7.322727272727273,33,33
2812716,2025-06-02,5.645471698113207,53,53
2812716,2025-06-06,11.225588235294119,34,34
2812716,2025-06-10,9.57325,40,40
2812716,2025-06-14,10.952058823529413,34,34
2812716,2025-06-18,13.110999999999999,30,30
2812716,2025-06-22,13.159605263157895,76,76
2812716,2025-06-26,9.906341463414634,41,41
2812716,2025-06-30,10.387931034482758,29,29
2812716,2025-07-04,12.427551020408163,49,49
2812716,2025-07-08,11.058787878787879,33,33
2812716,2025-07-12,7.707323943661972,71,71
2812716,2025-07-16,14.49076923076923,65,65
2812716,2025-07-20,13.212033898305085,59,59
2812716,2025-07-24,11.922753623188406,69,69
2812716,2025-07-28,12.292089552238807,67,67
2812716,2025-08-01,9.144810126582279,79,79
2812716,2025-08-05,8.218840579710145,69,69
2812716,2025-08-09,13.965555555555556,72,72
2812716,2025-08-13,9.968461538461538,78,78
2812716,2025-08-17,10.001304347826087,69,69
2812716,2025-08-21,12.564142857142857,70,70
2812716,2025-08-25,8.3476,50,50
2812716,2025-08-29,12.53032786885246,61,61
2812716,2025-09-02,8.998805970149252,67,67
2812716,2025-09-06,17.59776119402985,67,67
2812716,2025-09-10,7.4471428571428575,7,7
2812716,2025-09-14,10.312328767123287,73,73
2812716,2025-09-18,11.020923076923077,65,65
2812716,2025-09-22,14.44728813559322,59,59
2812716,2025-09-26,9.977727272727272,66,66
2812716,2025-09-30,10.081785714285715,56,56
2812716,2025-10-04,22.77492957746479,71,71
2812716,2025-10-08,12.949565217391303,46,46
2812716,2025-10-12,28.550454545454546,44,44
2812716,2025-10-16,17.61258064516129,31,31
2960664,2025-01-01,26.773874999999997,80,80
2960664,2025-01-05,60.2763492063492,63,63
2960664,2025-01-09,67.70537037037037,54,54
2960664,2025-01-13,63.385000000000005,8,8
2960664,2025-01-17,64.95229166666667,48,48
2960664,2025-01-21,23.423859649122807,57,57
2960664,2025-01-25,76.16541666666667,48,48
2960664,2025-01-29,73.87830188679246,53,53
2960664,2025-02-02,71.61755555555555,45,45
2960664,2025-02-06,34.91057142857142,35,35
2960664,2025-02-10,36.61877192982456,57,57
2960664,2025-02-14,70.07063291139241,79,79
2960664,2025-02-18,43.5569696969697,66,66
2960664,2025-02-22,23.586000000000002,55,55
2960664,2025-02-26,19.681250000000002,48,48
2960664,2025-03-02,22.09485294117647,68,68
2960664,2025-03-06,28.81019607843137,51,51
2960664,2025-03-10,39.011489361702125,47,47
2960664,2025-03-14,38.57931034482758,58,58
2960664,2025-03-18,32.702241379310344,58,58
2960664,2025-03-22,10.015151515151516,66,66
2960664,2025-03-26,15.090508474576271,59,59
2960664,2025-03-30,25.866779661016952,59,59
2960664,2025-04-03,7.77,54,54
2960664,2025-04-07,14.121639344262295,61,61
2960664,2025-04-11,9.484225352112675,71,71
2960664,2025-04-15,11.137692307692308,65,65
2960664,2025-04-19,13.196808510638299,47,47
2960664,2025-04-23,15.489583333333334,48,48
2960664,2025-04-27,9.601967213114754,61,61
2960664,2025-05-01,21.269473684210528,38,38
2960664,2025-05-05,9.171632653061225,49,49
2960664,2025-05-09,10.467254901960786,51,51
2960664,2025-05-13,14.524864864864863,37,37
2960664,2025-05-17,10.611199999999998,50,50
2960664,2025-05-21,8.392,15,15
2960664,2025-05-25,10.50078947368421,38,38
2960664,2025-05-29,13.44608695652174,46,46
2960664,2025-06-02,13.422641509433962,53,53
2960664,2025-06-06,13.125,34,34
2960664,2025-06-10,14.387894736842105,38,38
2960664,2025-06-14,16.93864864864865,37,37
2960664,2025-06-18,7.652666666666667,30,30
2960664,2025-06-22,13.420533333333333,75,75
2960664,2025-06-26,11.458333333333334,42,42
2960664,2025-06-30,9.713636363636365,33,33
2960664,2025-07-04,10.20530612244898,49,49
2960664,2025-07-08,10.099411764705883,34,34
2960664,2025-07-12,14.32027027027027,74,74
2960664,2025-07-16,12.32873015873016,63,63
2960664,2025-07-20,14.693508771929825,57,57
2960664,2025-07-24,17.65434782608696,69,69
2960664,2025-07-28,22.03782608695652,69,69
2960664,2025-08-01,25.158,80,80
2960664,2025-08-05,18.482222222222223,72,72
2960664,2025-08-09,22.458356164383563,73,73
2960664,2025-08-13,15.13113924050633,79,79
2960664,2025-08-17,11.447428571428572,70,70
2960664,2025-08-21,13.733661971830987,71,71
2960664,2025-08-25,18.889148936170212,47,47
2960664,2025-08-29,17.243499999999997,60,60
2960664,2025-09-02,15.036060606060605,66,66
2960664,2025-09-06,25.585238095238093,63,63
2960664,2025-09-10,13.248571428571429,7,7
2960664,2025-09-14,9.73527027027027,74,74
2960664,2025-09-18,13.24758064516129,62,62
2960664,2025-09-22,10.3959375,64,64
2960664,2025-09-26,12.60873015873016,63,63
2960664,2025-09-30,16.547931034482758,58,58
2960664,2025-10-04,21.153285714285715,70,70
2960664,2025-10-08,19.425869565217393,46,46
2960664,2025-10-12,15.95375,48,48
2960664,2025-10-16,17.489692307692305,65,65
2960664,2025-10-20,23.66595744680851,47,47
2960664,2025-10-24,14.377333333333333,15,15
2960664,2025-10-28,25.197903225806453,62,62
2960664,2025-11-01,30.34986301369863,73,73
2960664,2025-11-05,46.52792207792208,77,77
2960664,2025-11-09,42.32394366197183,71,71
2960664,2025-11-13,48.558846153846154,26,26
2960664,2025-11-17,40.45985294117647,68,68
2960664,2025-11-21,73.99616666666665,60,60
2960664,2025-11-25,117.15771428571429,70,70
2960664,2025-11-29,89.8842372881356,59,59
2960664,2025-12-03,51.43432835820895,67,67
2960664,2025-12-07,195.8151851851852,54,54
2960664,2025-12-11,42.15833333333333,60,60
2960664,2025-12-15,28.728863636363634,44,44
2960664,2025-12-19,65.632,55,55
2960664,2025-12-23,99.24874999999999,48,48
2960664,2025-12-27,52.22109375,64,64
2960664,2025-12-31,41.67672131147541,61,61
3597971,2025-03-06,12.800256988654533,6,6
3597971,2025-03-10,19.443302109837532,24,24
3597971,2025-03-14,51.004736039373604,24,24
3597971,2025-03-18,34.95411107068261,24,24
3597971,2025-03-22,55.980668253368805,24,24
3597971,2025-03-26,135.90129690700107,24,24
3597971,2025-04-03,56.763999557254294,24,24
3597971,2025-04-07,24.071986736522778,24,24
3597971,2025-04-11,101.23186466428969,24,24
3597971,2025-04-15,14.101932321985563,24,24
3597971,2025-04-19,30.45133574058612,24,24
3597971,2025-04-23,42.27164556866601,23,23
3597971,2025-04-27,67.9057810968823,24,24
3597971,2025-05-01,17.36732640552024,24,24
3597971,2025-05-05,32.43192351857821,24,24
3597971,2025-05-09,46.90379447407193,24,24
3597971,2025-05-13,19.854697891407543,24,24
3597971,2025-05-17,7.720041590275089,16,16
3597971,2025-05-21,11.56525333511709,24,24
3597971,2025-05-25,5.495348971181859,24,24
3597971,2025-05-29,5.003779807417287,24,24
3597971,2025-06-02,0.18176785803266934,7,7
3597971,2025-06-06,7.309736246638226,24,24
3597971,2025-06-10,8.658095496318614,24,24
3597971,2025-06-14,11.043809023168352,24,24
3597971,2025-06-18,5.024069437770069,24,24
3597971,2025-06-22,4.080365926972118,23,23
3597971,2025-06-26,7.477043393481936,24,24
3597971,2025-06-30,6.218621503846307,24,24
3597971,2025-07-04,6.0135949042203185,24,24
3597971,2025-07-08,10.078979160248613,24,24
3597971,2025-07-12,14.284024319714971,24,24
3597971,2025-07-16,4.697788187354389,24,24
3597971,2025-07-20,6.135737840331988,24,24
3597971,2025-07-24,5.076668391521606,24,24
3597971,2025-07-28,10.578435751350804,24,24
3597971,2025-08-01,4.33002777550266,24,24
3597971,2025-08-05,11.894799511285795,23,23
3597971,2025-08-09,7.107635407889675,24,24
3597971,2025-08-13,14.497054194410643,10,10
3597971,2025-08-21,14.27124715838877,24,24
3597971,2025-08-25,10.308623250884315,24,24
3597971,2025-08-29,16.26445662566564,24,24
3597971,2025-09-02,6.587445601077182,24,24
3597971,2025-09-06,19.06956312308709,24,24
3597971,2025-09-10,8.826697748154402,17,17
3597971,2025-09-14,13.498386747355461,16,16
3597971,2025-09-18,11.574569424510829,24,24
3597971,2025-09-22,12.423604555793254,17,17
3597971,2025-09-26,3.9700329820625484,16,16
3597971,2025-09-30,9.96036643469854,21,21
3597971,2025-10-04,8.377373208467294,23,23
3597971,2025-10-08,16.775997708291317,18,18
3597971,2025-10-12,22.840007453329033,24,24
3597971,2025-10-16,10.217739001260552,24,24
3597971,2025-10-20,33.73996095430283,21,21
3597971,2025-10-24,4.293839118381341,24,24
3597971,2025-10-28,32.55289702669338,24,24
3597971,2025-11-01,2.6163391209336826,24,24
3597971,2025-11-05,4.504592391905254,23,23
3597971,2025-11-09,9.414983797545924,24,24
3597971,2025-11-13,22.044820675815362,23,23
3597971,2025-11-17,33.78693557580312,22,22
3597971,2025-11-21,22.86740796201759,24,24
3597971,2025-11-25,45.122673584355255,24,24
3597971,2025-11-29,33.53892827641081,24,24
3597971,2025-12-03,47.91288596612436,24,24
3597971,2025-12-07,23.832496511605047,24,24
3597971,2025-12-11,36.835155156806664,24,24
3597971,2025-12-15,24.92642705043157,24,24
3597971,2025-12-19,25.408399892736366,24,24
3597971,2025-12-23,26.085936343890648,24,24
3597971,2025-12-27,18.373767360051474,24,24
3597971,2025-12-31,39.911586977087936,23,23
3783738,2025-03-22,47.74288192060259,24,24
3783738,2025-03-26,157.46673915121292,24,24
3783738,2025-03-30,5.454259849244004,24,24
3783738,2025-04-03,40.37034715546502,24,24
3783738,2025-04-07,40.82105898194843,24,24
3783738,2025-04-11,46.17507300111982,24,24
3783738,2025-04-15,23.430284811390774,24,24
3783738,2025-04-19,32.01694089836544,24,24
3783738,2025-04-23,42.67839172813627,24,24
3783738,2025-04-27,42.21519906653298,24,24
3783738,2025-05-01,25.76910063293245,24,24
3783738,2025-05-05,35.154576347933876,24,24
3783738,2025-05-09,26.76898438566261,24,24
3783738,2025-05-13,20.540885443488758,24,24
3783738,2025-05-17,20.041854159182144,24,24
3783738,2025-05-21,15.209579292270872,24,24
3783738,2025-05-25,2.95987152979554,24,24
3783738,2025-05-29,2.3079079891839585,24,24
3783738,2025-06-02,6.038970258973893,7,7
3783738,2025-06-06,26.880085673597122,24,24
3783738,2025-06-10,9.905881680962112,24,24
3783738,2025-06-18,10.371226837789571,18,18
3783738,2025-06-22,9.30393837771608,23,23
3783738,2025-06-26,3.469826390462307,24,24
3783738,2025-06-30,7.58870832539267,24,24
3783738,2025-07-04,11.17719624739968,24,24
3783738,2025-07-08,4.847092009020142,24,24
3783738,2025-07-12,12.880414954490133,24,24
3783738,2025-07-16,3.7941909913982577,24,24
3783738,2025-07-20,1.6410260407849113,24,24
3783738,2025-07-24,5.623073497838859,24,24
3783738,2025-07-28,5.225004050755632,24,24
3783738,2025-08-01,17.318581636658767,24,24
3783738,2025-08-05,17.531965248079764,24,24
3783738,2025-08-09,9.238427104596566,24,24
3783738,2025-08-13,18.665785285333794,24,24
3783738,2025-08-17,5.791345650650034,24,24
3783738,2025-08-21,10.104866950123599,24,24
3783738,2025-08-25,4.036252896197968,24,24
3783738,2025-08-29,1.688384362604415,23,23
3783738,2025-09-02,2.8385167829174964,24,24
3783738,2025-09-06,2.7431481576964463,24,24
3783738,2025-09-10,7.988707205190116,24,24
3783738,2025-09-14,11.450536445429963,24,24
3783738,2025-09-18,1.529724590997729,24,24
3783738,2025-09-22,5.50584204260829,24,24
3783738,2025-09-26,4.728543969479182,24,24
3783738,2025-09-30,3.746119592379293,23,23
3783738,2025-10-04,10.778980063139528,23,23
3783738,2025-10-08,4.743450796166953,24,24
3783738,2025-10-12,1.8584079883940932,24,24
3783738,2025-10-16,4.268420139418191,24,24
3783738,2025-10-20,28.045030258319997,21,21
3783738,2025-10-24,0.5695538191780172,24,24
3783738,2025-10-28,6.500399311107618,24,24
3783738,2025-11-01,2.3742876155879693,24,24
3783738,2025-11-05,2.6997952815982096,23,23
3783738,2025-11-09,7.016395254874671,24,24
3783738,2025-11-13,13.418350249802433,23,23
3783738,2025-11-17,2.0218181819288117,22,22
3783738,2025-11-21,21.71466146266019,24,24
3783738,2025-11-25,38.511930201752016,24,24
3783738,2025-11-29,30.77970488137669,24,24
3783738,2025-12-03,13.896748837635473,24,24
3783738,2025-12-07,22.026366315616503,24,24
3783738,2025-12-11,12.175663768447487,24,24
3783738,2025-12-15,5.003971644202937,24,24
3783738,2025-12-19,30.519483217265872,24,24
3783738,2025-12-23,10.320466997420104,24,24
3783738,2025-12-27,14.944562497403886,24,24
3783738,2025-12-31,33.040246346952834,23,23
3591610,2025-03-06,48.52146717243724,24,24
3591610,2025-03-10,19.99984381430679,24,24
3591610,2025-03-14,47.24847715551203,11,11
3591610,2025-03-18,4.792403346755438,24,24
3591610,2025-03-22,47.773146530938526,24,24
3591610,2025-03-26,123.53374965985616,24,24
3591610,2025-03-30,6.048564236093726,24,24
3591610,2025-04-03,31.03506252500746,24,24
3591610,2025-04-07,45.9047482808431,24,24
3591610,2025-04-11,32.48945311208566,24,24
3591610,2025-04-15,30.011914898951847,24,24
3591610,2025-04-23,49.461331500549505,24,24
3591610,2025-04-27,31.653869876957902,24,24
3591610,2025-05-01,36.482476838911424,24,24
3591610,2025-05-05,22.339094479878742,15,15
3591610,2025-05-09,25.83581691205925,23,23
3591610,2025-05-13,10.122472192160785,24,24
3591610,2025-05-17,4.722149315341893,24,24
3591610,2025-05-21,13.495934010379843,24,24
3591610,2025-05-25,3.8362798272735543,24,24
3591610,2025-05-29,2.1318906261585653,24,24
3591610,2025-06-02,3.0086607053166348,7,7
3591610,2025-06-06,12.096384886652231,24,24
3591610,2025-06-10,5.499211224158191,24,24
3591610,2025-06-14,1.8219873175375918,23,23
3591610,2025-06-18,3.2336544949535484,24,24
3591610,2025-06-22,5.557297132558364,23,23
3591610,2025-06-26,2.6722864702136984,24,24
3591610,2025-06-30,2.4966093714659414,24,24
3591610,2025-07-04,1.7606631899899285,24,24
3591610,2025-07-08,2.176572912877115,24,24
3591610,2025-07-12,4.298378479149607,24,24
3591610,2025-07-16,1.8797141123537182,24,24
3591610,2025-07-20,2.0484809014920353,24,24
3591610,2025-07-24,2.033677076985542,24,24
3591610,2025-07-28,2.7309444421506854,24,24
3591610,2025-08-01,15.051340291897455,24,24
3591610,2025-08-05,10.01000866625044,24,24
3591610,2025-08-09,5.808049788077672,24,24
3591610,2025-08-13,2.281036458857771,24,24
3591610,2025-08-17,1.3173871564989288,24,24
3591610,2025-08-21,3.4983559189519533,24,24
3591610,2025-08-25,1.2436631948221475,24,24
3591610,2025-08-29,2.281209500364235,24,24
3591610,2025-09-02,0.8321284687456986,24,24
3591610,2025-09-06,0.5957584556111175,23,23
3591610,2025-09-10,1.0196643537039765,24,24
3591610,2025-09-14,3.0486961860959934,24,24
3591610,2025-09-18,1.659820022546531,24,24
3591610,2025-09-22,1.684945597093449,24,24
3591610,2025-09-26,1.3725312543101609,24,24
3591610,2025-09-30,1.7608387813215023,23,23
3591610,2025-10-04,6.408731698355489,23,23
3591610,2025-10-08,4.829609952815291,24,24
3591610,2025-10-12,2.1448038303060457,24,24
3591610,2025-10-16,2.547087378198436,24,24
3591610,2025-10-20,12.454878441989422,12,12
3591610,2025-10-24,0.49568171329899796,24,24
3591610,2025-10-28,0.7405028950052198,24,24
3591610,2025-11-01,1.417882520652859,24,24
3591610,2025-11-05,2.3312349044866325,23,23
3591610,2025-11-09,7.656340281776566,24,24
3591610,2025-11-13,10.482508443285157,23,23
3591610,2025-11-17,1.6373252088830281,21,21
3591610,2025-11-21,12.65920060082317,24,24
3591610,2025-11-25,31.703502321353664,24,24
3591610,2025-11-29,16.878181696800446,24,24
3591610,2025-12-03,12.382000004161254,24,24
3591610,2025-12-07,18.80903818960543,24,24
3591610,2025-12-11,4.105781232182765,24,24
3591610,2025-12-15,4.345028923939982,24,24
3591610,2025-12-19,28.583000587527124,24,24
3591610,2025-12-23,10.295750583371975,24,24
3591610,2025-12-27,10.717854162802299,24,24
3591610,2025-12-31,22.739047106567792,23,23
4795496,2025-06-22,32.76883116883117,77,77
4795496,2025-06-26,15.855277777777777,36,36
4795496,2025-06-30,22.867826086956523,23,23
4795496,2025-07-04,13.919375,48,48
4795496,2025-07-08,10.505526315789472,38,38
4795496,2025-07-12,17.699014084507045,71,71
4795496,2025-07-16,10.849047619047619,63,63
4795496,2025-07-20,15.875499999999999,60,60
4795496,2025-07-24,8.073623188405797,69,69
4795496,2025-07-28,17.95984126984127,63,63
4795496,2025-08-01,18.72225,80,80
4795496,2025-08-05,34.07208333333333,72,72
4795496,2025-08-09,14.814520547945206,73,73
4795496,2025-08-13,28.945844155844156,77,77
4795496,2025-08-17,22.127971014492754,69,69
4795496,2025-08-21,20.01013698630137,73,73
4795496,2025-08-25,17.0788,50,50
4795496,2025-08-29,29.353934426229507,61,61
4795496,2025-09-02,12.37265625,64,64
4795496,2025-09-06,18.279253731343285,67,67
4795496,2025-09-10,25.013333333333332,15,15
4795496,2025-09-14,25.683611111111112,72,72
4795496,2025-09-18,29.63955223880597,67,67
4795496,2025-09-22,3.6031034482758617,58,58
4795496,2025-09-26,23.265217391304347,69,69
4795496,2025-09-30,46.98396551724138,58,58
4795496,2025-10-04,24.70072463768116,69,69
4795496,2025-10-08,37.06081632653061,49,49
4795496,2025-10-12,26.194499999999998,40,40
4795496,2025-10-16,19.960298507462685,67,67
4795496,2025-10-20,38.964615384615385,39,39
4795496,2025-10-24,22.293478260869566,23,23
4795496,2025-10-28,29.628235294117648,51,51
4795496,2025-11-01,28.961315789473684,76,76
4795496,2025-11-05,22.368846153846153,78,78
4795496,2025-11-09,9.153552631578947,76,76
4795496,2025-11-13,28.633421052631576,38,38
4795496,2025-11-17,20.77686567164179,67,67
4795496,2025-11-21,12.440833333333334,60,60
4795496,2025-11-25,15.576833333333333,60,60
4795496,2025-11-29,25.56983606557377,61,61
4795496,2025-12-03,27.775074626865674,67,67
4795496,2025-12-07,16.029555555555557,45,45
4795496,2025-12-11,25.45229508196721,61,61
4795496,2025-12-15,15.564523809523811,42,42
4795496,2025-12-19,32.37173913043478,46,46
4795496,2025-12-23,14.17529411764706,51,51
4795496,2025-12-27,24.579298245614034,57,57
4795496,2025-12-31,72.86734375,64,64
3733063,2025-03-18,44.25159062279595,24,24
3733063,2025-03-22,124.54983853602755,23,23
3733063,2025-03-26,120.65101051330566,24,24
3733063,2025-04-03,58.06204274627897,24,24
3733063,2025-04-11,26.78122219112184,24,24
3733063,2025-04-15,33.111013915803696,24,24
3733063,2025-04-19,33.22437040011088,24,24
3733063,2025-04-23,44.76909021536509,24,24
3733063,2025-04-27,26.903335595823297,24,24
3733063,2025-05-05,24.306935644812054,24,24
3733063,2025-05-09,29.449542835354805,24,24
3733063,2025-05-13,3.3315482480141028,24,24
3733063,2025-05-17,9.21025348185665,24,24
3733063,2025-05-21,15.173769076665243,24,24
3733063,2025-05-25,0.8675902765761646,24,24
3733063,2025-05-29,2.956803353457486,24,24
3733063,2025-06-02,4.4305833182962875,7,7
3733063,2025-06-06,13.159205640112605,13,13
3733063,2025-06-10,5.187535884751317,24,24
3733063,2025-06-14,0.21273669032638687,24,24
3733063,2025-06-18,5.056833322108206,24,24
3733063,2025-06-22,6.115639836699193,23,23
3733063,2025-06-26,1.1422100680518068,24,24
3733063,2025-08-01,12.523130189213488,24,24
3733063,2025-08-09,9.994338540567293,24,24
3733063,2025-08-13,5.754198490124609,24,24
3733063,2025-08-17,2.0716481469830295,24,24
3733063,2025-08-21,3.3302447942939275,24,24
3733063,2025-08-25,2.9667678298240507,24,24
3733063,2025-08-29,1.6682930938373886,24,24
3733063,2025-09-02,1.2149687531766378,24,24
3733063,2025-09-10,3.6431443306539832,24,24
3733063,2025-09-14,1.1309450737981483,24,24
3733063,2025-09-18,1.4667054396640096,24,24
3733063,2025-09-22,0.7419166697883138,17,17
3733063,2025-09-26,2.122910320378412,24,24
3733063,2025-09-30,1.147964979643407,23,23
3733063,2025-10-04,5.14824638483317,23,23
3733063,2025-10-08,2.1121921318699606,24,24
3733063,2025-10-12,0.43152141351149315,24,24
3733063,2025-10-16,1.563274310875891,24,24
3733063,2025-10-20,18.710614221357243,13,13
3733063,2025-10-24,1.1784064775594958,15,15
3733063,2025-10-28,0.5702770362437236,24,24
3733063,2025-11-01,0.6827413197986228,24,24
3733063,2025-11-05,1.2523759156762473,23,23
3733063,2025-11-13,4.199845206512119,12,12
3733063,2025-11-17,2.7559529204889164,22,22
3733063,2025-11-21,6.341075913098198,24,24
3733063,2025-11-25,21.294443984815704,24,24
3733063,2025-11-29,23.313387160058372,24,24
3733063,2025-12-03,10.070039826499091,15,15
3733063,2025-12-11,4.695892356124845,24,24
3733063,2025-12-15,10.4654930443296,24,24
3733063,2025-12-19,21.8197916623067,24,24
3733063,2025-12-23,12.975815874693119,24,24
3733063,2025-12-27,11.613041657416359,24,24
3733063,2025-12-31,32.722675975163774,9,9
3600182,2025-03-06,16.941279902134674,12,12
3600182,2025-03-10,10.059857648538634,24,24
3600182,2025-03-22,53.76502355409391,24,24
3600182,2025-03-26,134.79359036021762,24,24
3600182,2025-03-30,4.543005779670137,24,24
3600182,2025-04-03,43.65543445708259,21,21
3600182,2025-04-07,56.89052896045503,14,14
3600182,2025-04-11,57.519424776236214,24,24
3600182,2025-04-23,42.27871008051766,24,24
3600182,2025-04-27,36.78183674812317,24,24
3600182,2025-05-01,27.289996530446743,24,24
3600182,2025-05-05,41.37456656826867,24,24
3600182,2025-05-09,36.17366839912203,24,24
3600182,2025-05-13,28.67171463991205,24,24
3600182,2025-05-17,30.73822621882908,21,21
3600182,2025-05-21,19.46630654732386,14,14
3600182,2025-05-25,5.4508000075817105,5,5
3600182,2025-05-29,7.652449098260452,24,24
3600182,2025-06-02,12.090545627687659,7,7
3600182,2025-06-06,22.720590235458477,24,24
3600182,2025-06-10,7.036168385814462,24,24
3600182,2025-06-14,4.042031254836669,20,20
3600182,2025-06-18,6.361369770770479,24,24
3600182,2025-06-22,9.397593007031558,23,23
3600182,2025-06-26,3.5084826349565343,24,24
3600182,2025-06-30,9.815767367266947,24,24
3600182,2025-07-04,7.155588552769687,24,24
3600182,2025-07-08,6.754256225203992,24,24
3600182,2025-07-12,11.972337981065115,24,24
3600182,2025-07-16,4.967505196471595,24,24
3600182,2025-07-20,3.191307309536367,24,24
3600182,2025-07-24,9.55614754199309,24,24
3600182,2025-07-28,6.716148734153076,24,24
3600182,2025-08-01,17.83370195494758,24,24
3600182,2025-08-05,13.65363134146254,24,24
3600182,2025-08-09,8.752527778217983,24,24
3600182,2025-08-13,21.15985763486889,24,24
3600182,2025-08-17,11.493187984108284,24,24
3600182,2025-08-21,13.277546903816983,24,24
3600182,2025-08-29,5.384714711664452,24,24
3600182,2025-09-02,2.9870162189601817,24,24
3600182,2025-09-06,1.5881047493635885,24,24
3600182,2025-09-10,14.540716217908388,16,16
3600182,2025-09-14,4.684193304196621,24,24
3600182,2025-09-18,4.346997095478906,24,24
3600182,2025-09-22,9.592166069888561,24,24
3600182,2025-09-26,2.038434345729654,24,24
3600182,2025-09-30,7.4805386101597575,23,23
3600182,2025-10-04,7.734026560924299,23,23
3600182,2025-10-08,5.087686501058358,14,14
3600182,2025-10-12,6.4346504061739305,23,23
3600182,2025-10-16,3.295016784272674,24,24
3600182,2025-10-20,30.143979591036597,21,21
3600182,2025-10-24,2.7155983870159144,24,24
3600182,2025-10-28,10.209497682223338,24,24
3600182,2025-11-01,0.7872112278076302,24,24
3600182,2025-11-05,4.161583322367591,23,23
3600182,2025-11-09,7.840598380529425,24,24
3600182,2025-11-13,14.94913406106441,23,23
3600182,2025-11-17,7.742083967782821,22,22
3600182,2025-11-21,25.313715284400516,24,24
3600182,2025-11-25,39.44672911167145,24,24
3600182,2025-11-29,29.93059779284177,24,24
3600182,2025-12-03,10.161722221998152,24,24
3600182,2025-12-07,21.14186367697186,24,24
3600182,2025-12-11,16.887971638509555,24,24
3600182,2025-12-15,4.52846701430174,24,24
3600182,2025-12-19,27.71147532198164,18,18
3600182,2025-12-23,8.886395842842413,24,24
3600182,2025-12-27,14.935784722616274,24,24
3600182,2025-12-31,22.471594195204656,23,23
5199863,2025-07-28,39.92984143892924,24,24
5199863,2025-08-01,24.803568878035612,23,23
5199863,2025-08-05,47.37510728956473,24,24
5199863,2025-08-09,52.29146876600054,24,24
5199863,2025-08-13,51.762163162231445,24,24
5199863,2025-08-17,32.034492525789474,24,24
5199863,2025-08-21,36.870655039946236,24,24
5199863,2025-08-25,14.901775938355259,24,24
5199863,2025-08-29,31.055867969989777,24,24
5199863,2025-09-02,35.25808058314853,24,24
5199863,2025-09-06,40.40583818223742,20,20
5199863,2025-09-10,15.120656275035193,24,24
5199863,2025-09-14,29.64049883021249,24,24
5199863,2025-09-18,26.504593195186718,24,24
5199863,2025-09-22,13.588713889649947,24,24
5199863,2025-09-26,31.65479928791523,24,24
5199863,2025-09-30,35.114286583120176,22,22
5199863,2025-10-04,45.713480056278286,7,7
5199863,2025-10-08,17.252053818856023,24,24
5199863,2025-10-12,11.797042251074757,24,24
5199863,2025-10-16,19.668964700014502,24,24
5199863,2025-10-20,24.56245070633377,21,21
5199863,2025-10-24,32.76598667756275,24,24
5199863,2025-10-28,13.247789912454564,23,23
5199863,2025-11-01,24.699800401354075,16,16
5199863,2025-11-05,19.16341666691545,23,23
5199863,2025-11-09,13.302964463845882,24,24
5199863,2025-11-13,16.129412441322767,23,23
5199863,2025-11-17,13.956604784094928,22,22
5199863,2025-11-21,17.19212325822424,24,24
5199863,2025-11-25,15.770743056138357,24,24
5199863,2025-11-29,21.060661456651157,24,24
5199863,2025-12-03,19.560695948942463,23,23
5199863,2025-12-07,13.628465279088251,24,24
5199863,2025-12-11,17.27961805065473,24,24
5199863,2025-12-15,17.61081000972878,22,22
5199863,2025-12-19,17.03316839599499,24,24
5199863,2025-12-23,20.810653344238244,24,24
5199863,2025-12-27,20.28247917352037,20,20
5199863,2025-12-31,20.758993060059016,24,24
1984,2025-01-01,28.666666666666668,24,24
1984,2025-01-05,13.875,24,24
1984,2025-01-09,14.958333333333334,24,24
1984,2025-01-13,15.958333333333334,24,24
1984,2025-01-17,13.916666666666666,24,24
1984,2025-01-21,14.25,24,24
1984,2025-01-25,15.5,24,24
1984,2025-01-29,13.416666666666666,24,24
1984,2025-02-02,17.875,24,24
1984,2025-02-06,20.75,24,24
1984,2025-02-10,22.541666666666668,24,24
1984,2025-02-14,21.791666666666668,24,24
1984,2025-02-18,22.5,24,24
1984,2025-02-22,17.714285714285715,7,7
1984,2025-02-26,28.375,8,8
1984,2025-03-06,35.05,20,20
1984,2025-03-10,25.333333333333332,24,24
1984,2025-03-14,37.416666666666664,24,24
1984,2025-03-18,45.625,24,24
1984,2025-03-22,69.95833333333333,24,24
1984,2025-03-26,220.2173913043478,23,23
1984,2025-03-30,36.708333333333336,24,24
1984,2025-04-03,50.791666666666664,24,24
1984,2025-04-07,48.458333333333336,24,24
1984,2025-04-11,53.4,15,15
1984,2025-04-15,47.125,24,24
1984,2025-04-19,70.21052631578948,19,19
1984,2025-04-23,63.916666666666664,24,24
1984,2025-04-27,22.0,24,24
1984,2025-05-01,94.33333333333333,24,24
1984,2025-05-05,72.66666666666667,24,24
1984,2025-05-09,54.75,24,24
1984,2025-05-13,38.416666666666664,24,24
1984,2025-05-17,76.70833333333333,24,24
1984,2025-05-21,53.833333333333336,24,24
1984,2025-05-25,95.04166666666667,24,24
1984,2025-05-29,57.416666666666664,24,24
1984,2025-06-02,45.25,24,24
1984,2025-06-06,106.41666666666667,24,24
1984,2025-06-10,195.5,24,24
1984,2025-06-14,56.666666666666664,24,24
1984,2025-06-18,40.541666666666664,24,24
1984,2025-06-22,54.791666666666664,24,24
1984,2025-06-26,39.791666666666664,24,24
1984,2025-06-30,176.58333333333334,24,24
1984,2025-07-04,133.33333333333334,24,24
1984,2025-07-08,65.83333333333333,24,24
1984,2025-07-12,64.375,24,24
1984,2025-07-16,33.791666666666664,24,24
1984,2025-07-20,50.083333333333336,24,24
1984,2025-07-24,148.0,24,24
1984,2025-07-28,104.125,24,24
1984,2025-08-01,84.83333333333333,24,24
1984,2025-08-05,97.29166666666667,24,24
1984,2025-08-09,219.45833333333334,24,24
1984,2025-08-13,123.95833333333333,24,24
1984,2025-08-17,110.20833333333333,24,24
1984,2025-08-21,34.916666666666664,24,24
1984,2025-08-25,29.125,24,24
1984,2025-08-29,77.95833333333333,24,24
1984,2025-09-02,31.958333333333332,24,24
1984,2025-09-06,108.75,24,24
1984,2025-09-10,35.375,24,24
1984,2025-09-14,28.875,24,24
1984,2025-09-18,38.5,24,24
1984,2025-09-22,19.208333333333332,24,24
1984,2025-09-26,39.708333333333336,24,24
1984,2025-09-30,28.666666666666668,24,24
1984,2025-10-04,58.625,24,24
1984,2025-10-08,26.0,24,24
1984,2025-10-12,18.791666666666668,24,24
1984,2025-10-16,25.5,24,24
1984,2025-10-28,38.333333333333336,9,9
1984,2025-11-01,14.625,24,24
1984,2025-11-05,30.541666666666668,24,24
1984,2025-11-09,26.083333333333332,24,24
1984,2025-11-13,14.041666666666666,24,24
1984,2025-11-17,14.666666666666666,24,24
1984,2025-11-21,15.875,24,24
1984,2025-11-25,13.833333333333334,24,24
1984,2025-11-29,18.166666666666668,24,24
1984,2025-12-03,14.416666666666666,24,24
1984,2025-12-07,24.25,24,24
1984,2025-12-11,13.333333333333334,24,24
1984,2025-12-15,15.375,24,24
1984,2025-12-19,15.083333333333334,24,24
1984,2025-12-23,15.541666666666666,24,24
1984,2025-12-27,13.791666666666666,24,24
1984,2025-12-31,14.083333333333334,24,24
3599599,2025-03-06,7.871499856313069,1,1
3599599,2025-03-10,23.784411390622456,21,21
3599599,2025-03-14,49.22215615378486,24,24
3599599,2025-03-18,40.43210302458869,24,24
3599599,2025-03-22,51.533244808514915,24,24
3599599,2025-03-26,100.56311068550906,24,24
3599599,2025-03-30,5.228428152092318,24,24
3599599,2025-04-03,48.119684545680734,24,24
3599599,2025-04-07,29.393773438653557,24,24
3599599,2025-04-11,113.73727107048035,24,24
3599599,2025-04-15,13.864230901002884,24,24
3599599,2025-04-19,34.12830473394955,17,17
3599599,2025-04-23,31.570683587165107,24,24
3599599,2025-04-27,31.758309026559193,24,24
3599599,2025-05-01,15.162557303698527,24,24
3599599,2025-05-05,23.144747490468234,23,23
3599599,2025-05-09,52.57675920213972,7,7
3599599,2025-05-13,14.286526009992317,24,24
3599599,2025-05-17,2.275241317014055,16,16
3599599,2025-05-21,7.752371880103542,24,24
3599599,2025-05-25,8.093885417199797,24,24
3599599,2025-05-29,5.590848968674739,24,24
3599599,2025-06-02,1.7271071405460439,7,7
3599599,2025-06-06,7.584065093649457,24,24
3599599,2025-06-10,4.59068569357384,24,24
3599599,2025-06-14,9.61346699256036,24,24
3599599,2025-06-18,1.0816892332578492,24,24
3599599,2025-06-22,1.021706520471776,23,23
3599599,2025-06-26,0.7263819464844548,24,24
3599599,2025-06-30,0.662159721651632,24,24
3599599,2025-07-04,1.6642223430668108,24,24
3599599,2025-07-08,0.3259411305635979,24,24
3599599,2025-07-12,5.741812079542815,24,24
3599599,2025-07-16,0.36957985753866124,24,24
3599599,2025-07-20,1.223035348548714,24,24
3599599,2025-07-24,0.4401583332430434,9,9
3599599,2025-07-28,9.345962962497854,24,24
3599599,2025-08-01,0.9203651627111765,24,24
3599599,2025-08-05,3.258668474070188,23,23
3599599,2025-08-09,3.351163210062724,24,24
3599599,2025-08-13,3.224928823610147,24,24
3599599,2025-08-17,4.343418396181531,24,24
3599599,2025-08-21,3.594375760780317,24,24
3599599,2025-08-25,4.11741318306627,24,24
3599599,2025-08-29,11.351660307082865,24,24
3599599,2025-09-02,8.378865801664586,24,24
3599599,2025-09-06,8.357088160789486,24,24
3599599,2025-09-10,12.703933495368497,24,24
3599599,2025-09-14,5.52852033101248,8,8
3599599,2025-11-05,5.895990940696303,23,23
3599599,2025-11-09,8.0539056592138,24,24
3599599,2025-11-13,12.57643747329712,8,8
3599599,2025-12-11,38.526444458961485,24,24
3599599,2025-12-15,24.97955209745301,24,24
3599599,2025-12-19,27.662844878593678,24,24
3599599,2025-12-23,26.32631308094219,24,24
3599599,2025-12-27,20.414604174870032,24,24
3599599,2025-12-31,29.356086989416593,23,23
3931,2025-01-01,25.916666666666668,24,24
3931,2025-01-05,18.666666666666668,24,24
3931,2025-01-09,16.541666666666668,24,24
3931,2025-01-13,16.166666666666668,24,24
3931,2025-01-17,19.625,24,24
3931,2025-01-21,19.291666666666668,24,24
3931,2025-01-25,26.375,24,24
3931,2025-01-29,22.833333333333332,24,24
3931,2025-02-02,21.291666666666668,24,24
3931,2025-02-06,18.5,24,24
3931,2025-02-10,17.416666666666668,24,24
3931,2025-02-14,22.791666666666668,24,24
3931,2025-02-18,22.083333333333332,24,24
3931,2025-02-22,21.25,24,24
3931,2025-02-26,25.0,9,9
3931,2025-03-02,14.875,24,24
3931,2025-03-06,20.041666666666668,24,24
3931,2025-03-10,22.958333333333332,24,24
3931,2025-03-14,20.375,24,24
3931,2025-03-18,27.25,24,24
3931,2025-03-22,26.458333333333332,24,24
3931,2025-03-26,25.083333333333332,24,24
3931,2025-03-30,16.541666666666668,24,24
3931,2025-04-03,19.833333333333332,24,24
3931,2025-04-07,19.416666666666668,24,24
3931,2025-04-11,26.25,24,24
3931,2025-04-15,18.25,24,24
3931,2025-04-19,23.791666666666668,24,24
3931,2025-04-23,18.416666666666668,24,24
3931,2025-04-27,31.333333333333332,24,24
3931,2025-05-01,23.166666666666668,24,24
3931,2025-05-05,25.375,24,24
3931,2025-05-09,22.666666666666668,24,24
3931,2025-05-13,37.375,24,24
3931,2025-05-17,46.666666666666664,24,24
3931,2025-05-21,28.5,24,24
3931,2025-05-25,53.541666666666664,24,24
3931,2025-05-29,31.75,24,24
3931,2025-06-02,44.416666666666664,24,24
3931,2025-06-06,46.083333333333336,24,24
3931,2025-06-10,45.708333333333336,24,24
3931,2025-06-14,24.5,24,24
3931,2025-06-18,23.22222222222222,18,18
3931,2025-06-22,22.4,5,5
3931,2025-06-26,34.875,24,24
3931,2025-06-30,36.75,24,24
3931,2025-07-04,47.666666666666664,24,24
3931,2025-07-08,29.625,24,24
3931,2025-07-12,56.25,24,24
3931,2025-07-16,28.666666666666668,24,24
3931,2025-07-20,50.125,24,24
3931,2025-07-24,26.791666666666668,24,24
3931,2025-07-28,20.208333333333332,24,24
3931,2025-08-01,21.291666666666668,24,24
3931,2025-08-05,30.083333333333332,24,24
3931,2025-08-09,24.5,24,24
3931,2025-08-13,22.25,24,24
3931,2025-08-17,16.25,24,24
3931,2025-08-21,17.583333333333332,24,24
3931,2025-08-25,21.791666666666668,24,24
3931,2025-08-29,21.541666666666668,24,24
3931,2025-09-02,25.125,24,24
3931,2025-09-06,22.25,24,24
3931,2025-09-10,17.916666666666668,24,24
3931,2025-09-14,27.791666666666668,24,24
3931,2025-09-18,19.5,24,24
3931,2025-09-22,16.375,24,24
3931,2025-09-26,21.708333333333332,24,24
3931,2025-09-30,30.791666666666668,24,24
3931,2025-10-04,20.25,24,24
3931,2025-10-08,21.5,24,24
3931,2025-10-12,22.333333333333332,24,24
3931,2025-10-16,23.708333333333332,24,24
3931,2025-10-20,18.666666666666668,24,24
3931,2025-10-28,18.333333333333332,9,9
3931,2025-11-01,22.375,24,24
3931,2025-11-05,19.583333333333332,24,24
3931,2025-11-09,16.291666666666668,24,24
3931,2025-11-13,20.541666666666668,24,24
3931,2025-11-17,25.291666666666668,24,24
3931,2025-11-21,19.25,24,24
3931,2025-11-25,16.083333333333332,24,24
3931,2025-11-29,13.291666666666666,24,24
3931,2025-12-03,19.875,24,24
3931,2025-12-07,19.291666666666668,24,24
3931,2025-12-11,15.0,24,24
3931,2025-12-15,20.958333333333332,24,24
3931,2025-12-19,17.458333333333332,24,24
3931,2025-12-23,16.0,24,24
3931,2025-12-27,16.291666666666668,24,24
3931,2025-12-31,17.75,24,24
2810138,2025-01-01,17.375,24,24
2810138,2025-01-05,18.708333333333332,24,24
2810138,2025-01-09,17.416666666666668,24,24
2810138,2025-01-13,17.291666666666668,24,24
2810138,2025-01-17,17.375,24,24
2810138,2025-01-21,18.625,24,24
2810138,2025-01-25,18.0,24,24
2810138,2025-01-29,22.875,24,24
2810138,2025-02-02,18.958333333333332,24,24
2810138,2025-02-06,21.541666666666668,24,24
2810138,2025-02-10,29.75,24,24
2810138,2025-02-14,20.541666666666668,24,24
2810138,2025-02-18,21.083333333333332,24,24
2810138,2025-02-22,18.458333333333332,24,24
2810138,2025-02-26,42.285714285714285,21,21
2810138,2025-03-02,14.0,23,23
2810138,2025-03-06,15.625,24,24
2810138,2025-03-10,14.458333333333334,24,24
2810138,2025-03-14,18.0,24,24
2810138,2025-03-18,17.0,24,24
2810138,2025-03-22,22.458333333333332,24,24
2810138,2025-03-26,33.375,24,24
2810138,2025-03-30,14.541666666666666,24,24
2810138,2025-04-03,23.541666666666668,24,24
2810138,2025-04-07,25.541666666666668,24,24
2810138,2025-04-11,19.75,24,24
2810138,2025-04-15,39.166666666666664,24,24
2810138,2025-04-19,40.416666666666664,24,24
2810138,2025-04-23,30.458333333333332,24,24
2810138,2025-04-27,33.75,24,24
2810138,2025-05-01,34.75,24,24
2810138,2025-05-05,43.0,24,24
2810138,2025-05-09,20.5,24,24
2810138,2025-05-13,119.29166666666667,24,24
2810138,2025-05-17,32.375,24,24
2810138,2025-05-21,56.541666666666664,24,24
2810138,2025-05-25,34.458333333333336,24,24
2810138,2025-05-29,39.083333333333336,24,24
2810138,2025-06-02,138.54166666666666,24,24
2810138,2025-06-06,43.916666666666664,24,24
2810138,2025-06-10,133.54166666666666,24,24
2810138,2025-06-14,38.5,24,24
2810138,2025-06-22,17.916666666666668,24,24
2810138,2025-06-26,91.66666666666667,24,24
2810138,2025-06-30,51.791666666666664,24,24
2810138,2025-07-04,83.91666666666667,24,24
2810138,2025-07-08,27.416666666666668,24,24
2810138,2025-07-12,45.166666666666664,24,24
2810138,2025-07-16,64.20833333333333,24,24
2810138,2025-07-20,38.8,15,15
2810138,2025-07-24,114.58333333333333,24,24
2810138,2025-07-28,22.416666666666668,24,24
2810138,2025-08-05,105.0,13,13
2810138,2025-08-09,106.54166666666667,24,24
2810138,2025-08-13,39.458333333333336,24,24
2810138,2025-08-17,41.708333333333336,24,24
2810138,2025-08-21,29.5,24,24
2810138,2025-08-25,31.583333333333332,24,24
2810138,2025-08-29,36.416666666666664,24,24
2810138,2025-09-02,26.375,24,24
2810138,2025-09-06,40.416666666666664,24,24
2810138,2025-09-10,14.791666666666666,24,24
2810138,2025-09-14,26.125,24,24
2810138,2025-09-18,17.583333333333332,24,24
2810138,2025-09-22,31.708333333333332,24,24
2810138,2025-09-26,16.375,24,24
2810138,2025-09-30,19.25,24,24
2810138,2025-10-04,15.285714285714286,14,14
2810138,2025-10-08,14.25,24,24
2810138,2025-10-12,14.625,24,24
2810138,2025-10-16,16.125,24,24
2810138,2025-10-20,15.26086956521739,23,23
2810138,2025-10-28,16.666666666666668,9,9
2810138,2025-11-01,13.75,24,24
2810138,2025-11-05,16.916666666666668,24,24
2810138,2025-11-09,16.5,24,24
2810138,2025-11-13,14.041666666666666,24,24
2810138,2025-11-17,15.181818181818182,11,11
2810138,2025-11-21,14.333333333333334,24,24
2810138,2025-11-25,20.5,24,24
2810138,2025-11-29,15.909090909090908,22,22
2810138,2025-12-03,15.458333333333334,24,24
2810138,2025-12-07,18.5,24,24
2810138,2025-12-11,14.23076923076923,13,13
2810138,2025-12-19,15.0,9,9
2810138,2025-12-23,14.458333333333334,24,24
2810138,2025-12-27,13.666666666666666,24,24
2810138,2025-12-31,17.375,24,24
3602359,2025-03-06,4.971217634410343,8,8
3602359,2025-03-10,9.767953107275792,24,24
3602359,2025-03-18,44.18931225140889,8,8
3602359,2025-03-22,51.54758965969086,24,24
3602359,2025-03-26,138.95777757962546,24,24
3602359,2025-03-30,9.323964747108725,24,24
3602359,2025-04-03,62.246139189450425,24,24
3602359,2025-04-07,29.66475432728448,24,24
3602359,2025-04-11,56.18490249658721,17,17
3602359,2025-04-15,5.62259723018441,24,24
3602359,2025-04-19,18.977043244787037,24,24
3602359,2025-04-23,47.53195170867138,13,13
3602359,2025-04-27,52.720247465394266,19,19
3602359,2025-05-01,20.37734219431877,24,24
3602359,2025-05-05,36.86202783054776,21,21
3602359,2025-05-09,30.670326388544506,24,24
3602359,2025-05-13,22.102678683520566,24,24
3602359,2025-05-17,2.7971146405674516,22,22
3602359,2025-05-21,70.03076760417245,16,16
3602359,2025-05-25,0.514981252218907,20,20
3602359,2025-05-29,1.5298090927524404,23,23
3602359,2025-06-02,0.8292738033369893,7,7
3602359,2025-06-06,14.125746235702978,11,11
3602359,2025-06-10,6.531450425126505,24,24
3602359,2025-06-14,4.636610794928856,24,24
3602359,2025-06-18,1.3933576370925749,24,24
3602359,2025-06-22,1.3912289140228187,23,23
3602359,2025-06-26,2.396088150613334,23,23
3602359,2025-06-30,0.9788188427362753,23,23
3602359,2025-07-04,2.2139742526514627,24,24
3602359,2025-07-08,2.093173606450566,24,24
3602359,2025-07-12,7.446588145865911,23,23
3602359,2025-07-16,0.6319083382427279,24,24
3602359,2025-07-20,2.895559062431049,24,24
3602359,2025-07-28,2.267368040927168,24,24
3602359,2025-08-13,3.158894664051736,24,24
3602359,2025-08-21,9.349339284892713,24,24
3602359,2025-08-25,0.3395677102186407,24,24
3602359,2025-08-29,6.699777054142518,24,24
3602359,2025-09-02,1.9460763834390997,24,24
3602359,2025-09-06,19.239286915822465,24,24
3602359,2025-09-10,1.4824524369039054,24,24
3602359,2025-09-14,15.023531469639648,24,24
3602359,2025-09-18,4.692203565474068,21,21
3602359,2025-09-22,6.886106147605149,17,17
3602359,2025-09-26,2.742789565538517,24,24
3602359,2025-09-30,0.5108140148492395,23,23
3602359,2025-10-04,12.199418337319207,23,23
3602359,2025-10-08,2.7557428540694855,18,18
3602359,2025-10-12,6.056817733876717,24,24
3602359,2025-10-16,1.3920173650581598,24,24
3602359,2025-10-20,29.9551739692688,21,21
3602359,2025-10-24,0.11303472259616548,24,24
3602359,2025-10-28,17.26434780248717,24,24
3602359,2025-11-01,0.5607430529254661,24,24
3602359,2025-11-05,0.9708913036068713,23,23
3602359,2025-11-09,2.129944444589179,24,24
3602359,2025-11-13,12.074570649549148,23,23
3602359,2025-11-17,22.305434349322258,22,22
3602359,2025-11-21,11.968173616462282,24,24
3602359,2025-11-25,41.0961967949514,24,24
3602359,2025-11-29,20.29331772212905,24,24
3602359,2025-12-03,38.86152255535126,24,24
3602359,2025-12-07,20.485909722248714,24,24
3602359,2025-12-11,26.153048612342943,24,24
3602359,2025-12-15,10.822881928810643,24,24
3602359,2025-12-19,39.736015693015524,24,24
3602359,2025-12-23,22.199804836239732,19,19
3602359,2025-12-27,20.9620121502214,24,24
3602359,2025-12-31,36.43884062559708,23,23
967,2025-01-01,20.958333333333332,24,24
967,2025-01-05,20.791666666666668,24,24
967,2025-01-09,18.458333333333332,24,24
967,2025-01-13,17.875,24,24
967,2025-01-17,16.041666666666668,24,24
967,2025-01-21,22.0,24,24
967,2025-01-25,20.083333333333332,24,24
967,2025-01-29,19.458333333333332,24,24
967,2025-02-02,18.0,24,24
967,2025-02-06,17.291666666666668,24,24
967,2025-02-10,21.416666666666668,24,24
967,2025-02-14,25.041666666666668,24,24
967,2025-02-18,19.458333333333332,24,24
967,2025-02-22,19.916666666666668,24,24
967,2025-02-26,19.555555555555557,9,9
967,2025-03-02,16.291666666666668,24,24
967,2025-03-06,17.166666666666668,24,24
967,2025-03-10,21.041666666666668,24,24
967,2025-03-14,25.0,24,24
967,2025-03-18,24.791666666666668,24,24
967,2025-03-22,20.25,24,24
967,2025-03-26,28.875,24,24
967,2025-03-30,18.125,24,24
967,2025-04-07,26.375,24,24
967,2025-04-11,20.333333333333332,24,24
967,2025-04-15,22.333333333333332,24,24
967,2025-04-19,40.416666666666664,24,24
967,2025-04-23,31.041666666666668,24,24
967,2025-04-27,31.041666666666668,24,24
967,2025-05-01,45.666666666666664,24,24
967,2025-05-05,39.833333333333336,24,24
967,2025-05-09,29.041666666666668,24,24
967,2025-05-13,53.875,24,24
967,2025-05-17,48.583333333333336,24,24
967,2025-05-21,40.458333333333336,24,24
967,2025-05-25,80.25,24,24
967,2025-05-29,58.958333333333336,24,24
967,2025-06-02,66.70833333333333,24,24
967,2025-06-06,92.41666666666667,24,24
967,2025-06-10,84.0,24,24
967,2025-06-14,60.5,24,24
967,2025-06-18,55.416666666666664,24,24
967,2025-06-22,42.791666666666664,24,24
967,2025-06-26,41.208333333333336,24,24
967,2025-06-30,76.29166666666667,24,24
967,2025-07-04,69.75,24,24
967,2025-07-08,52.75,24,24
967,2025-07-12,104.41666666666667,24,24
967,2025-07-16,65.54166666666667,24,24
967,2025-07-20,85.08333333333333,24,24
967,2025-07-24,42.208333333333336,24,24
967,2025-07-28,51.916666666666664,24,24
967,2025-08-01,16.0,24,24
967,2025-08-05,56.25,24,24
967,2025-08-09,38.875,24,24
967,2025-08-13,50.416666666666664,24,24
967,2025-08-17,32.333333333333336,24,24
967,2025-08-21,17.625,24,24
967,2025-08-25,42.666666666666664,24,24
967,2025-08-29,27.875,24,24
967,2025-09-02,25.0,24,24
967,2025-09-06,33.625,24,24
967,2025-09-10,22.416666666666668,24,24
967,2025-09-14,22.125,24,24
967,2025-09-18,33.916666666666664,24,24
967,2025-09-22,21.75,24,24
967,2025-09-26,20.083333333333332,24,24
967,2025-09-30,21.083333333333332,24,24
967,2025-10-04,17.083333333333332,24,24
967,2025-10-08,27.083333333333332,24,24
967,2025-10-12,17.875,24,24
967,2025-10-16,22.833333333333332,24,24
967,2025-10-20,21.916666666666668,24,24
967,2025-10-28,18.0,9,9
967,2025-11-01,15.708333333333334,24,24
967,2025-11-05,17.791666666666668,24,24
967,2025-11-09,19.208333333333332,24,24
967,2025-11-13,19.666666666666668,24,24
967,2025-11-17,17.875,24,24
967,2025-11-21,25.291666666666668,24,24
967,2025-11-25,21.708333333333332,24,24
967,2025-11-29,15.333333333333334,24,24
967,2025-12-03,17.333333333333332,24,24
967,2025-12-07,18.791666666666668,24,24
967,2025-12-11,16.25,24,24
967,2025-12-15,16.958333333333332,24,24
967,2025-12-19,18.833333333333332,24,24
967,2025-12-23,15.5,24,24
967,2025-12-27,18.833333333333332,24,24
967,2025-12-31,19.583333333333332,24,24
3599600,2025-03-06,58.41007166438632,12,12
3599600,2025-03-10,33.38334084219402,24,24
3599600,2025-03-14,40.596774864196775,15,15
3599600,2025-03-18,41.36289287010829,8,8
3599600,2025-03-22,81.5988855626848,24,24
3599600,2025-03-26,147.58621525764465,24,24
3599600,2025-03-30,73.76237395074632,24,24
3599600,2025-04-03,78.59485415617625,24,24
3599600,2025-04-07,30.654753726058534,24,24
3599600,2025-04-11,44.230897499455345,24,24
3599600,2025-04-15,3.3377465322329147,24,24
3599600,2025-04-19,24.906644034923776,24,24
3599600,2025-04-23,42.66691663530138,15,15
3599600,2025-04-27,42.630984756681656,24,24
3599600,2025-05-01,21.781070588363544,24,24
3599600,2025-05-05,27.407998303572338,24,24
3599600,2025-05-09,26.83369097775883,24,24
3599600,2025-05-13,20.47430150376426,24,24
3599600,2025-05-17,7.410987859902282,24,24
3599600,2025-05-21,6.121484358484547,24,24
3599600,2025-05-25,3.271589953274786,24,24
3599600,2025-05-29,3.5799861123992334,24,24
3599600,2025-06-02,0.032892857190398944,7,7
3599600,2025-06-06,8.448250556455202,24,24
3599600,2025-06-10,8.42226041501595,24,24
3599600,2025-06-14,4.291229155638979,24,24
3599600,2025-06-18,1.8504461862612516,24,24
3599600,2025-06-22,1.6515018157121062,23,23
3599600,2025-06-26,3.905939780330906,24,24
3599600,2025-06-30,2.055428819717943,24,24
3599600,2025-07-04,1.8622310622313032,24,24
3599600,2025-07-08,2.7750807986284296,24,24
3599600,2025-07-12,0.39707580420912963,24,24
3599600,2025-07-16,0.02571527784069379,24,24
3599600,2025-07-20,1.9625659731294338,24,24
3599600,2025-07-24,0.23244791523191252,24,24
3599600,2025-07-28,0.03596178412609692,23,23
3599600,2025-08-01,6.311569444007343,24,24
3599600,2025-08-05,4.89348089971081,24,24
3599600,2025-08-09,3.1419427007850675,24,24
3599600,2025-08-13,3.935487255997335,24,24
3599600,2025-08-17,2.2724488326865764,24,24
3599600,2025-08-21,2.785273725632578,24,24
3599600,2025-08-25,2.0028194413106477,24,24
3599600,2025-08-29,2.0337233825767824,24,24
3599600,2025-09-02,0.5195267743894342,24,24
3599600,2025-09-06,2.6816111130821003,24,24
3599600,2025-09-10,0.5728879969571764,24,24
3599600,2025-09-14,2.6902968718722047,24,24
3599600,2025-09-18,5.077320775944937,24,24
3599600,2025-09-22,1.6460049945973987,23,23
3599600,2025-09-26,1.506337388522095,24,24
3599600,2025-09-30,0.4141944419917843,21,21
3599600,2025-10-04,3.060192133430072,23,23
3599600,2025-10-08,2.8969450273240605,24,24
3599600,2025-10-12,7.802447318506893,24,24
3599600,2025-10-16,2.3304131904927394,24,24
3599600,2025-10-20,21.278974623305114,21,21
3599600,2025-10-24,4.257504623139243,24,24
3599600,2025-10-28,17.006419293391158,24,24
3599600,2025-11-01,1.7940127301728352,24,24
3599600,2025-11-05,2.7844836930109973,23,23
3599600,2025-11-09,4.310569445876818,24,24
3599600,2025-11-13,18.4194855135996,23,23
3599600,2025-11-17,16.7205492510037,22,22
3599600,2025-11-21,16.58411400845205,24,24
3599600,2025-11-25,39.03437154524856,24,24
3599600,2025-11-29,40.08474705186155,24,24
3599600,2025-12-03,29.57449460906011,24,24
3599600,2025-12-07,29.50189871080596,24,24
3599600,2025-12-11,36.16735415988499,24,24
3599600,2025-12-15,10.610157983760454,24,24
3599600,2025-12-19,23.196709490457067,24,24
3599600,2025-12-23,23.772014464051637,24,24
3599600,2025-12-27,27.065513915485806,24,24
3599600,2025-12-31,41.70630078246628,23,23
6051933,2025-01-01,19.995833333333334,24,24
6051933,2025-01-05,24.058333333333334,24,24
6051933,2025-01-09,13.345833333333333,24,24
6051933,2025-01-13,15.654166666666667,24,24
6051933,2025-01-17,10.704166666666666,24,24
6051933,2025-01-21,20.6875,24,24
6051933,2025-01-25,29.4375,24,24
6051933,2025-01-29,8.18695652173913,23,23
6051933,2025-02-02,21.0625,24,24
6051933,2025-02-06,11.258333333333333,24,24
6051933,2025-02-10,8.804166666666665,24,24
6051933,2025-02-14,26.59583333333333,24,24
6051933,2025-02-18,37.32083333333333,24,24
6051933,2025-02-22,15.012500000000001,24,24
6051933,2025-03-06,39.237500000000004,24,24
6051933,2025-03-10,35.612500000000004,24,24
6051933,2025-03-14,28.679166666666664,24,24
6051933,2025-03-18,15.391666666666666,24,24
6051933,2025-03-26,33.59166666666667,24,24
6051933,2025-03-30,11.979166666666666,24,24
6051933,2025-04-03,14.35,24,24
6051933,2025-04-07,22.6125,24,24
6051933,2025-04-11,49.53333333333333,24,24
6051933,2025-04-15,25.317391304347826,23,23
6051933,2025-04-19,27.9875,24,24
6051933,2025-04-23,44.0875,24,24
6051933,2025-04-27,35.608333333333334,24,24
6051933,2025-05-01,50.475,24,24
6051933,2025-05-05,51.67916666666667,24,24
6051933,2025-05-09,44.29583333333333,24,24
6051933,2025-05-13,31.1375,24,24
6051933,2025-05-17,34.87083333333333,24,24
6051933,2025-05-21,44.91304347826087,23,23
6051933,2025-05-29,45.487500000000004,24,24
6051933,2025-06-02,45.475,24,24
6051933,2025-06-06,46.324999999999996,24,24
6051933,2025-06-10,39.104166666666664,24,24
6051933,2025-06-14,41.800000000000004,24,24
6051933,2025-06-18,23.09166666666667,24,24
6051933,2025-06-22,54.56666666666666,24,24
6051933,2025-06-26,54.4125,24,24
6051933,2025-06-30,36.20909090909091,22,22
1590755,2025-01-01,4.650530139802758,24,24
1590755,2025-01-05,1.8515055336717035,14,14
1590755,2025-01-09,1.6385307937752511,23,23
1590755,2025-01-13,3.7824999954965377,6,6
1590755,2025-02-14,1.9574537091991966,24,24
1590755,2025-02-18,3.6265729328410496,24,24
1590755,2025-02-22,3.5673437488213597,24,24
1590755,2025-02-26,5.136203903196887,24,24
1590755,2025-03-02,4.885993039856355,24,24
1590755,2025-03-06,3.5473541630845933,24,24
1590755,2025-03-10,2.677829867332346,24,24
1590755,2025-03-14,5.669072940324743,24,24
1590755,2025-03-18,6.069926509012778,24,24
1590755,2025-03-22,10.262930546576778,24,24
1590755,2025-03-26,2.684078124170709,24,24
1590755,2025-03-30,5.164374980558124,24,24
1590755,2025-04-03,7.476943884458806,24,24
1590755,2025-04-07,11.877561401538173,24,24
1590755,2025-04-11,11.700070607993338,24,24
1590755,2025-04-15,2.357421871067749,24,24
1590755,2025-04-19,12.436575260427263,24,24
1590755,2025-04-23,3.4450190990335408,24,24
1590755,2025-04-27,8.21389758338531,24,24
1590755,2025-05-01,7.986380940862941,24,24
1590755,2025-05-05,15.070003430876467,24,24
1590755,2025-05-09,13.782640601197878,24,24
1590755,2025-05-13,11.060610976183055,24,24
1590755,2025-05-17,36.728622385347734,24,24
1590755,2025-05-21,4.773774311153425,24,24
1590755,2025-05-25,14.229391180806688,24,24
1590755,2025-05-29,6.912500015149514,24,24
1590755,2025-06-02,16.050098460280534,11,11
1590755,2025-06-06,4.893104174381329,24,24
1590755,2025-06-10,14.378535232429082,24,24
1590755,2025-06-14,16.1308367666271,24,24
1590755,2025-06-18,6.959967185451528,21,21
1590755,2025-06-22,11.4832970759143,23,23
1590755,2025-06-26,5.868079826339251,24,24
1590755,2025-06-30,12.467888857858876,24,24
1590755,2025-07-04,4.428788199645674,24,24
1590755,2025-07-08,14.467437469917867,24,24
1590755,2025-07-12,29.86247698445287,24,24
1590755,2025-07-16,6.2870161059416,24,24
1590755,2025-07-20,16.836097228237325,24,24
1590755,2025-07-24,4.877128467869221,24,24
1590755,2025-07-28,17.56907694786787,24,24
1590755,2025-08-01,12.497528932574722,24,24
1590755,2025-08-05,2.4557135320242702,24,24
1590755,2025-08-09,15.277762778931192,24,24
1590755,2025-08-13,14.363738447686451,24,24
1590755,2025-08-17,8.863238430064586,24,24
1590755,2025-08-21,4.090463358165376,23,23
1590755,2025-08-25,8.841704536241915,18,18
1590755,2025-08-29,10.136321745398972,24,24
1590755,2025-09-02,11.157857072022226,24,24
1590755,2025-09-06,3.179856482789748,24,24
1590755,2025-09-10,8.456087958481577,24,24
1590755,2025-09-14,2.688777784974391,23,23
1590755,2025-09-18,3.887314815914983,24,24
1590755,2025-09-22,2.366375582577247,24,24
1590755,2025-09-26,3.1470231492486267,24,24
1590755,2025-09-30,4.211164652780974,23,23
1590755,2025-10-04,9.31668418041174,23,23
1590755,2025-10-08,3.1970833465586312,24,24
1590755,2025-10-12,4.206991109357338,24,24
1590755,2025-10-16,2.2666273064290485,24,24
1590755,2025-10-20,1.708889595591105,13,13
1590755,2025-10-24,2.8829716521577846,21,21
1590755,2025-10-28,6.518132028952617,23,23
1590755,2025-11-01,2.845491319971538,24,24
1590755,2025-11-05,2.6804880017314345,22,22
1590755,2025-11-09,11.20102778673172,24,24
1590755,2025-11-13,10.613539862459984,23,23
1590755,2025-11-17,8.956185609102251,22,22
1590755,2025-11-21,4.768977424543765,24,24
1590755,2025-11-25,4.63846122811514,24,24
1590755,2025-11-29,6.952078704563555,24,24
1590755,2025-12-03,1.4621319439753684,24,24
1590755,2025-12-07,3.5599374947900118,24,24
1590755,2025-12-11,4.349643196072843,20,20
1590755,2025-12-15,2.7141961792070006,24,24
1590755,2025-12-19,2.079076389088813,24,24
1590755,2025-12-23,2.0228790499890845,24,24
1590755,2025-12-27,2.677964549960283,21,21
1590755,2025-12-31,8.820017361309793,24,24
