id,obs,cams,n,sd,region,cc,kind,lat,lon,name,r_daily
100,11.018503771618704,11.807738,49,8.899070365571307,Europe,NL,reference_likely,52.3340030002512,4.7740060003231,co|no2|pm10|pm25,0.7453081721651977
1004,33.35775401069519,8.697843,85,30.13971987721312,South America,CL,reference_likely,-38.764767451719,-72.598795682209,pm10|pm25,0.4113400796801342
101,8.4996299955042,11.807738,49,8.354965420340642,Europe,NL,reference_likely,52.42801700027339,4.7734780002434976,no2|pm10|pm25|so2,0.764740188368888
10488,72.51383531941147,78.5422,79,55.59270290631747,South Asia,IN,reference_likely,28.570173,76.933762,co|no|no2|o3|pm10|pm25|relativehumidity|so2|temperature,0.3245306480425986
10495,6.624386146452946,8.620285,76,4.352679497560167,Europe,NO,reference_likely,59.92769000012273,10.846550000325356,no2|pm10|pm25,0.41717248679298663
10507,7.157160837676592,7.444792,68,4.075951456983123,Europe,NO,reference_likely,58.96165000003885,5.731399999707435,no2|pm10|pm25,0.37760305993831206
10508,13.333758897133038,9.351343,90,8.408231168599148,Europe,PL,reference_likely,53.43216900018966,14.553900000393249,no2|pm10|pm25|so2,0.7087487305347674
10516,17.605353428586838,23.432592,90,12.983229735112232,Europe,PL,reference_likely,50.0693079999091,20.05349200029658,no2|pm10|pm25|so2,0.7835913906355217
10526,6.883699070506529,5.520364,71,2.5524079155185686,Europe,NO,reference_likely,59.15929999984409,9.635729999807133,no2|pm10|pm25,0.0344294055222322
10528,17.941448056600958,12.212027,88,15.891577736241327,Europe,PL,reference_likely,51.25943099997584,22.569132999949097,co|no2|o3|pm10|pm25|so2,0.7684760237065327
10529,5.190553505794323,3.943466,44,1.5266495835091312,Europe,NO,reference_likely,69.65625,18.96372,no2|pm10|pm25,0.2443734131952283
10534,16.180014532589755,23.949362,85,6.81352892428975,North/Central America,MX,reference_likely,19.326388888889,-99.176111111111,co|no|no2|nox|o3|pm25|so2,0.547095758252463
10537,19.88765293128579,16.75604,60,0.9449513429663919,South Asia,IN,reference_likely,16.172806,75.659694,co|no|no2|o3|pm10|pm25|relativehumidity|so2|temperature,-0.06639799198247116
10550,5.513492658883963,5.937116,76,2.8817273735527276,Europe,NO,reference_likely,60.361135000126446,5.2368600003982895,no2|pm10|pm25,0.2313707503546766
10554,6.666045867788741,8.633448,73,4.58908440630508,Europe,NO,reference_likely,59.923050000034024,10.765739999885222,no2|o3|pm10|pm25|so2,0.4183541631473036
10557,10.17551601754386,8.7829685,57,7.267862385601156,Europe,NO,reference_likely,59.92861200005067,10.95320299986205,no2|pm10|pm25,0.483209245192069
10562,7.093288029213659,5.3176537,76,5.001904111529836,Europe,NO,reference_likely,59.05730399989264,9.695567999896172,no2|pm10|pm25|so2,0.2615171538367503
10566,18.02319189327629,12.952013,89,9.569620393866808,Europe,PL,reference_likely,51.12937800027229,17.029250000077667,no2|o3|pm10|pm25|so2,0.7312534949044451
10567,7.470588610795746,7.2479725,74,5.137383876359589,Europe,NO,reference_likely,59.43347100001061,10.661762360232748,pm10|pm25,0.49626216153527597
10582,4.368369811972991,4.8849998,55,2.9986721797112192,Europe,NO,reference_likely,63.41049100017761,10.44435199994872,no2|pm10|pm25,0.4905046725324239
10587,17.733544287745232,12.282245,88,11.343250031267795,Europe,PL,reference_likely,51.39908400023317,21.147473999604813,co|no2|o3|pm10|pm25|so2,0.7336900454812738
10591,7.280955359980455,6.834265,76,7.526728478008681,Europe,NO,reference_likely,59.21019099990093,10.9400970002783,pm10|pm25,0.2856897453362257
10596,17.039914335960674,12.499722,90,13.81589117938122,Europe,PL,reference_likely,50.87899799991462,20.633691999773244,no2|o3|pm10|pm25|so2,0.6988113596713411
10612,8.17952266885795,7.4796805,73,4.028949255346144,Europe,NO,reference_likely,58.96421999999999,5.72786,no2|pm10|pm25,0.42161954748782093
10614,7.83890155926501,23.604101,64,5.894346517420551,Other Asia,TW,reference_likely,25.182722,121.529583,co|no2|o3|pm10|pm25|so2,0.4486083029888652
10624,5.046789152429304,6.806504,82,3.634731399150733,Europe,EE,reference_likely,58.370555999440015,26.734721999643114,co|no2|o3|pm10|pm25|so2,0.1719145135614825
10625,15.43317329407556,11.260606,88,11.808266224211213,Europe,PL,reference_likely,50.91343299977329,15.765607999942864,no2|o3|pm10|pm25|so2,0.2890143060409249
10627,15.782783082702284,10.699951,85,13.166931350329161,Europe,PL,reference_likely,50.01208300009397,22.674772000057697,pm10|pm25,0.5693887206420636
10633,52.92554641913472,51.86394,78,39.27297203124873,South Asia,IN,reference_likely,22.5448082,88.3403691,co|no|no2|o3|pm10|pm25|relativehumidity|so2|temperature,0.8370745600437223
10634,4.32899034350539,6.317956,84,3.2873712795020276,Europe,EE,reference_likely,59.3761596693461,28.17916678962697,co|no2|o3|pm10|pm25|so2,0.3659098665952858
10636,41.2746950180629,11.464799,58,108.16816243375611,North/Central America,MX,reference_likely,21.903277777778005,-102.27611111111,co|no|no2|nox|pm10|pm25,0.21285480588503855
10653,22.081988929543108,12.365147,85,2.6955277345568343,South America,CL,reference_likely,-18.47683929771,-70.287911433372,pm25,-0.1003905834342065
1065352,11.18188661231477,4.0060186,90,11.741588942540549,Oceania,NZ,reference_likely,-43.384643,172.652,pm10|pm25,0.10780275494153085
10658,18.40623312868306,24.44831,79,6.906077413267788,North/Central America,MX,reference_likely,19.325277777778,-99.204166666667,co|no|no2|nox|o3|pm10|pm25|so2,0.6173061015537037
10662,11.292212242490677,13.884541,69,6.197216754356093,North/Central America,MX,reference_likely,20.077222222222,-98.77797222222202,co|no|no2|nox|o3|pm10|pm25|so2,0.7255703310444481
10663,20.435221354166668,27.291992,64,12.383591269074122,Other Asia,TW,reference_likely,22.608711,120.31201699999998,co|no2|o3|pm10|pm25|so2,0.41933460180595394
10673,3.653954461474488,4.363566,86,4.140264559383305,Europe,IS,reference_likely,64.138861,-21.873411,no|no2|o3|pm10|pm25,0.3199228671657644
10675,5.614603974857922,4.8975115,72,8.00473065578419,Europe,IS,reference_likely,64.05886699981811,-21.990732999722987,no2|pm10|pm25|so2,0.1540491080734904
10696,8.035132260282458,3.679881,70,8.782129887908257,Europe,IS,reference_likely,64.373583,-21.759139,no|no2|pm10|pm25|so2,0.13838994530862556
10724,15.933780207459455,12.561445,83,11.423295266145542,Europe,PL,reference_likely,52.05381100008584,20.429891999985863,pm10|pm25,0.6802076957309268
10747,30.459754758184108,21.153814,71,2.4137482087768034,South Asia,IN,reference_likely,11.875,75.3732,co|no|no2|o3|pm10|pm25|relativehumidity|so2|temperature,-0.03137603333563965
10750,15.751606189943038,13.572191,89,10.744904770914177,Europe,PL,reference_likely,52.18847400000076,21.176233000182215,pm10|pm25,0.7499154993331991
10762,21.634130766089577,28.830889,75,7.13849549566124,North/Central America,MX,reference_likely,19.529166666667,-99.204722222222,co|no|no2|nox|o3|pm10|pm25,0.5527510596645622
10776,15.982217179851748,13.500563,89,10.794003327211888,Europe,PL,reference_likely,52.21929800005291,21.004723999701287,co|no2|pm10|pm25,0.702038757641729
10808,13.027539999526843,12.3204975,87,10.513559882628728,Europe,RO,reference_likely,44.319138999966434,23.7967079998543,co|no2|pm10|pm25,0.6222879068107381
10822,30.854756024000583,14.479824,57,27.66993538769146,Europe,RS,reference_likely,43.316552,21.913548,co|no2|pm10|pm25|so2,0.6125830076603984
1082284,5.377729871175523,6.633241,90,2.6260388561767365,Oceania,AU,reference_likely,-27.8634,153.3257,pm10|pm25,0.3958156621274133
10823,53.286019031028424,61.720562,77,33.27848526928024,South Asia,IN,reference_likely,26.11442,85.39813,co|no|no2|o3|pm10|pm25|relativehumidity|so2|temperature,0.5947992370757589
10865,7.234906559877955,8.004057,76,6.891807892054029,Europe,NO,reference_likely,59.91822,10.58393,no2|pm10|pm25,0.263559066417892
10871,19.728229333993706,10.615248,47,15.717280214522823,Europe,RS,reference_likely,45.821483,20.454008,co|no2|o3|pm10|pm25|so2,0.6644714493367999
10875,6.44505526965168,5.937116,76,4.5869979229874005,Europe,NO,reference_likely,60.37408000010899,5.3404199998004485,no2|pm10|pm25,-0.05754546209908135
10881,6.501455617488412,6.921303,71,5.171959333356719,Europe,NO,reference_likely,59.73326999986813,10.211669999560293,pm10|pm25,0.3284174561777988
10884,21.090166549406863,17.35553,55,8.359089951704659,North/Central America,MX,reference_likely,20.006666666667,-99.21888888888898,co|no|no2|nox|o3|pm10|pm25|so2,0.4024377531511927
10889,12.4965133147276,11.708531,42,9.00867257680066,North/Central America,MX,reference_likely,20.375111111111,-99.654444444444,co|no|no2|nox|o3|pm10|pm25|so2,0.6124218010410236
10894,7.11482161079779,8.660868,74,4.99614637225711,Europe,NO,reference_likely,59.932499999993944,10.66986999972668,no2|pm10|pm25,0.39435835949163117
10901,25.516125472042926,19.289988,77,17.477704226682704,South Asia,IN,reference_likely,25.6635413,94.0989878,co|no|no2|o3|pm10|pm25|relativehumidity|so2|temperature,0.5492425631773462
10903,44.05502394474162,27.470892,72,31.045928797042464,South Asia,IN,reference_likely,26.181742,91.78063,co|no|no2|o3|pm10|pm25|relativehumidity|so2|temperature,0.5256978506977428
10915,31.228025346743216,17.580479,73,25.718700283157755,South Asia,IN,reference_likely,8.8787,76.6073,co|no|no2|o3|pm10|pm25|relativehumidity|so2|temperature,0.7732075175673363
10917,25.221098555619964,37.949154,59,15.854095160422537,South Asia,IN,reference_likely,24.2613009,80.7231783,co|no|no2|pm10|pm25|so2,0.0973035247372149
10918,43.57021629372041,56.385384,65,28.84772285916892,South Asia,IN,reference_likely,22.5367507,88.3638022,co|no|no2|o3|pm10|pm25|relativehumidity|so2|temperature,0.9191002580987627
1109231,12.197109328047627,11.371411,72,7.804849498216751,Europe,HU,reference_likely,47.67717,17.65782,co|no2|o3|pm10|pm25|so2,0.4639625645592622
11581,45.361448537387986,21.55181,53,51.970008561766086,South Asia,IN,reference_likely,13.0664,80.2112,no|no2|pm10|pm25|relativehumidity|so2|temperature,0.17506067921740417
11588,19.26820192167529,17.57946,57,13.647400422652064,Europe,RS,reference_likely,44.796959,20.475288,no2|o3|pm10|pm25|so2,0.8587396160523865
11595,19.33791783137121,14.627083,46,14.70811952204389,Europe,RS,reference_likely,44.862975,20.64429,co|no2|pm10|pm25|so2,0.7180894749121212
11597,19.827520620997852,11.008865,47,13.391439183775761,Europe,RS,reference_likely,44.059937,22.101434,co|no2|pm10|pm25|so2,0.7021461858401266
11598,16.025637467456093,12.264966,49,11.254931375787008,Europe,RS,reference_likely,44.71749,21.173399,co|no2|pm10|pm25|so2,0.7735139620829609
11609,47.28271799478059,21.712944,75,32.32561192285995,South Asia,IN,reference_likely,18.57304,73.927715,co|no|no2|o3|pm10|pm25,0.6737483180261324
1172475,13.399556368890664,13.207752,43,6.8534166994961705,Other Asia,TH,reference_likely,7.614396,100.113766,pm10|pm25,0.7045252012636878
1180415,13.076899547576467,11.686012,42,6.234721258846944,Other Asia,TH,reference_likely,6.890639752808323,101.25106087293469,pm10|pm25,0.7218935618152689
12024,33.923940983391894,30.800117,72,25.892398293273807,South Asia,IN,reference_likely,19.11074,72.86084,co|no|no2|o3|pm10|pm25|relativehumidity|so2|temperature,0.9221501893101568
12026,5.714584339774556,7.587176,90,2.786261645448059,Oceania,AU,reference_likely,-27.1935,153.0348,o3|pm10|pm25,0.20212671294918413
12046,40.55484101388188,20.386038,77,72.12175510953267,South Asia,IN,reference_likely,12.9533,80.2357,co|no|no2|o3|pm10|pm25|relativehumidity|so2|temperature,0.11666126948611122
1209,4.029378269010291,5.05637,87,2.0733810775453136,North/Central America,US,reference_likely,20.7808,-156.4461,pm25,0.6249518325638033
1214531,10.236932115503544,18.261585,91,6.7810322149739495,Other Asia,JP,reference_likely,34.888611,135.686389,co|no|no2|nox|pm25,0.5148850935907829
1214568,7.674738274186158,11.250139,90,4.532250508544933,Other Asia,JP,reference_likely,38.334167,140.889722,co|no|no2|nox|pm25,0.7578402387260512
1214641,11.437486043368395,10.709706,91,6.042939363765309,Other Asia,JP,reference_likely,32.509722,130.604167,no|no2|nox|pm25|so2,0.6206954440892415
1214696,10.196272246272247,12.752686,90,5.257132801276792,Other Asia,JP,reference_likely,33.865,130.802222,no|no2|nox|pm25,0.7763153558168581
1214785,10.082026703455275,17.868956,91,7.003998847278236,Other Asia,JP,reference_likely,35.101667,136.845556,no|no2|nox|pm25,0.6307409451671466
1215028,7.807864566511183,11.083929,91,4.48735527525064,Other Asia,JP,reference_likely,38.330278,140.982222,no|no2|nox|pm25,0.7509373804808535
1215067,10.663970490662221,10.233791,91,5.394977010120766,Other Asia,JP,reference_likely,36.760833,137.151389,no|no2|nox|pm25|so2,0.6904317126868854
1215202,10.075507545675613,16.819643,91,5.736725551905501,Other Asia,JP,reference_likely,35.709444,139.922778,co|no|no2|nox|pm25,0.3985029341749415
1215363,6.927524828113063,9.939706,85,3.9623571967893767,Other Asia,JP,reference_likely,43.146944,141.371389,no|no2|nox|pm25|so2,0.5586439056484092
1215388,14.21661533954767,17.826786,91,7.409239006162984,Other Asia,JP,reference_likely,35.009167,136.8925,no|no2|nox|pm25|so2,0.5453137962124766
1215411,10.743085899607639,10.624547,92,6.639181438663736,Other Asia,JP,reference_likely,34.561667,136.538611,no|no2|nox|pm25|so2,0.7197579836481628
1215456,7.190216448448233,26.511532,86,5.3576877566280805,Other Asia,JP,reference_likely,35.516111,139.526944,no|no2|nox|pm25|so2,0.05256485757011318
1215594,7.289684518492232,8.406884,92,4.818281801312577,Other Asia,JP,reference_likely,38.688611,141.213889,no|no2|nox|pm25,0.661968287366522
1215633,11.315631469979294,9.730888,92,5.98482722748596,Other Asia,JP,reference_likely,38.4325,141.263056,no|no2|nox|pm25|so2,0.6814658123766364
1215685,9.940141207998352,16.514633,84,5.008003635066271,Other Asia,JP,reference_likely,33.553889,130.383056,no|no2|nox|pm25,0.6710851112754764
1215787,11.476642616642618,16.656666,90,5.7721684549605135,Other Asia,JP,reference_likely,35.761111,139.855556,no|no2|nox|pm25,0.4250997451324825
1215846,9.809479696028609,10.712318,92,5.310733237781545,Other Asia,JP,reference_likely,35.541389,134.823611,no|no2|nox|pm25|so2,0.6907084805197142
1215854,8.704753307285372,13.890018,91,6.554123815802665,Other Asia,JP,reference_likely,34.766389,137.39388899999997,co|no|no2|nox|pm25|so2,0.6276439009178278
1215897,11.481148696264976,10.450629,86,5.542500584044052,Other Asia,JP,reference_likely,31.756943999999997,131.082222,no|no2|nox|pm25|so2,0.6460754090037072
1215901,12.647465997008332,12.395199,92,8.98653183590948,Other Asia,JP,reference_likely,34.601111,133.821111,no|no2|nox|pm25,0.6847311523982779
1215906,10.963076449575595,15.106705,87,6.759731990382616,Other Asia,JP,reference_likely,35.944444,139.869167,no|no2|nox|pm25|so2,0.5962228362638664
1215907,7.2716405817564205,8.886003,89,5.147252373357222,Other Asia,JP,reference_likely,36.594444,136.607222,no|no2|nox|pm25,0.7123366014032523
1215957,7.927711612694451,10.060009,92,4.383871703334563,Other Asia,JP,reference_likely,35.308889,132.900556,pm25,0.6504496437597295
1215976,8.865137716791484,9.008241,90,5.043134729937051,Other Asia,JP,reference_likely,33.3875,133.289722,pm25|so2,0.6995405517127952
1215996,8.993202421851251,13.4232645,84,6.340669597044155,Other Asia,JP,reference_likely,34.302222,133.962778,no|no2|nox|pm25|so2,0.7244885595683894
1235985,9.590294689519723,4.436433,82,7.351818004288971,Oceania,AU,lowcost,-36.365621,146.682152,pm1|pm25|relativehumidity|temperature|um003,0.11157539918643565
1235996,24.3199798227278,8.098423,74,37.790146971105415,Other Asia,TH,lowcost,19.374620435850545,98.44561078410078,pm1|pm25|relativehumidity|temperature|um003,0.5088463487931624
1235999,19.97552669574819,22.606676,83,18.818707378367638,Other Asia,TH,lowcost,18.85345541310349,98.9576060087058,pm1|pm25|relativehumidity|temperature|um003,0.8329782028739814
1236004,4.811319503156275,7.5411916,79,6.16708242626458,Oceania,AU,lowcost,-37.821355878845935,145.19754088501568,pm1|pm25|relativehumidity|temperature|um003,0.5556177562860519
1236013,28.370606611281286,15.393953,82,32.968871963375996,Other Asia,TH,lowcost,18.279805533636747,99.48051196520773,pm1|pm25|relativehumidity|temperature|um003,0.7523370880216917
1236026,34.18190520084564,23.29627,76,18.791137671944284,Sub-Saharan Africa,ZA,reference_likely,-26.723,27.877,pm25|relativehumidity|temperature,0.7004490367534404
1236033,18.410722230531185,19.26978,83,13.261731233646772,Europe,CH,lowcost,47.38049,8.50299,pm1|pm25|relativehumidity|temperature|um003,0.5307129911313135
1236034,23.899745100544642,31.015812,78,16.63262936209816,Other Asia,TH,lowcost,13.823306342907305,100.50341971861288,pm1|pm25|relativehumidity|temperature|um003,0.6366840581223859
1236037,78.16325052693107,54.79455,78,57.811491791356225,South Asia,IN,lowcost,22.3743,88.415,pm1|pm25|relativehumidity|temperature|um003,0.9086844042745662
1236045,21.2698653211409,10.021635,78,8.185628036804449,Sub-Saharan Africa,GH,lowcost,5.651,-0.186,pm1|pm25|relativehumidity|temperature|um003,0.7282932243073003
1236046,16.292578675427634,16.144156,82,14.802720169771925,Sub-Saharan Africa,ZA,reference_likely,-29.43461,31.252426,pm25|relativehumidity|temperature,0.8448547400029414
1236069,14.084453882732316,12.259536,52,8.94689796181474,Other Asia,TH,lowcost,6.549012748332888,101.2896306111374,pm1|pm25|relativehumidity|temperature|um003,0.7504108930099553
1260488,4.635077875796017,9.550864,82,5.426153396778874,Europe,FR,lowcost,45.27189498268899,5.679027058969204,pm1|pm25|relativehumidity|temperature|um003,0.5162300004882454
1266,31.580018939393938,10.747112,88,28.43110821504369,South America,CL,reference_likely,-35.435141887663,-71.678261499336,pm10|pm25|so2,0.6155442873493371
1275787,8.0434797086971,8.933745,91,8.29096925408045,North/Central America,CA,reference_likely,43.138611,-80.292639,no|no2|nox|o3|pm25,0.7969772322753172
1275795,7.440409228452706,8.414606,91,7.8680808822439054,North/Central America,CA,reference_likely,43.443833,-80.503806,no|no2|nox|o3|pm25,0.735771552584744
1282,20.82043650793651,11.208284,84,3.727930238535863,South America,CL,reference_likely,-23.61354215815,-70.383315682411,pm10|pm25|so2,0.5617563118773148
1303158,16.60214728152782,26.212791,57,9.861901095839547,Other Asia,JP,lowcost,35.628184,139.704029,pm1|pm25|relativehumidity|temperature|um003,0.45747363978713923
1313460,11.351986608155707,9.712952,83,8.644763943759761,Europe,NL,lowcost,52.35917,6.59306,pm1|pm25|relativehumidity|temperature|um003,0.7417581751640661
1330,27.59156976744186,8.475049,86,10.325908187295724,South America,CL,reference_likely,-33.37677352033,-70.523326784061,pm10|pm25,-0.2664332982731804
1365269,6.015316205533598,7.5243516,90,7.807261773035501,North/Central America,CA,reference_likely,44.301848,-78.346384,no|no2|nox|o3|pm25,0.8088949347852099
1367443,50.60404203090444,75.59854,80,17.90665077414252,Other Asia,ID,lowcost,-6.409456,106.856152,pm1|pm25|relativehumidity|temperature|um003,0.43092452315509194
1371119,15.176880475798152,13.859239,69,13.461695503965307,Sub-Saharan Africa,ZA,lowcost,-29.339544,31.374692,pm1|pm25|relativehumidity|temperature|um003,0.7702072202668148
1373118,13.935916023873775,16.028952,78,13.390970210131051,Sub-Saharan Africa,ZA,lowcost,-29.474064086378867,31.217175925356035,pm1|pm25|relativehumidity|temperature|um003,0.8594206066857526
1378099,8.759252385124473,9.581476,83,6.759767717988588,Sub-Saharan Africa,ZA,lowcost,-28.78704806067507,32.03716133558179,pm1|pm25|relativehumidity|temperature|um003,0.5611277046891379
1378279,11.643449055816216,9.581476,83,9.6103980935258,Sub-Saharan Africa,ZA,lowcost,-28.762681743031106,32.066411707931046,pm1|pm25|relativehumidity|temperature|um003,0.6890509740448029
1381631,11.618129385528592,15.817271,62,11.450211269870062,Sub-Saharan Africa,ZA,lowcost,-29.511855996782025,31.21722678376292,pm1|pm25|relativehumidity|temperature|um003,0.8868617756466948
1446,8.509447590630455,7.7416205,90,6.874941102474967,North/Central America,US,reference_likely,46.408501,-116.991402,pm25,0.48238133916471665
1459983,14.956595591213723,14.628322,69,9.406361339990644,Europe,CH,lowcost,47.5848,7.6499,pm1|pm25|relativehumidity|temperature|um003,0.6237286779162385
151,7.584993214746547,7.857366,56,4.8873203547106705,Europe,GB,reference_likely,51.5225294860844,-0.0421550991900347,no2|pm25,0.5789150997398449
1511919,6.808850312978388,5.699046,83,7.466035044108129,Sub-Saharan Africa,ZA,lowcost,-33.802199,19.88332,pm1|pm25|relativehumidity|temperature|um003,0.34241023539478765
152,10.726703369094674,8.592202,70,4.078590548214629,Europe,GB,reference_likely,51.544219,-0.175284,no2|pm10|pm25,0.6123058355903831
153,7.576675375058642,7.97295,63,4.44706080081133,Europe,GB,reference_likely,51.49633,-0.460861,no2|o3|pm10|pm25,0.7482213631381051
1541049,20.465296130837004,17.57946,57,14.672070356055343,Europe,RS,reference_likely,44.782294,20.479144,co|no2|o3|pm10|pm25|so2,0.7920660915447032
1541051,19.48763703020961,17.57946,57,10.681515167062619,Europe,RS,reference_likely,44.789792,20.538598000000004,co|no2|o3|pm10|pm25|so2,0.7620252954663398
1541053,20.875520044416685,17.68802,56,14.316703887368954,Europe,RS,reference_likely,44.711376,20.461135,co|no2|o3|pm10|pm25|so2,0.7769412865506831
1543132,24.629518783748335,14.81173,92,9.859494741333995,Other Asia,PH,reference_likely,14.57711,120.9778,pm25,0.46821261948426435
1549242,16.87228738489321,16.306839,53,14.941380115693557,Sub-Saharan Africa,ZA,lowcost,-29.4874,31.2448,pm1|pm25|relativehumidity|temperature|um003,0.8612704501045509
1563313,58.26825475867621,79.04564,64,16.5948076888716,Other Asia,ID,lowcost,-6.3612408,106.8419476,pm1|pm25|relativehumidity|temperature|um003,0.3947574434335696
1573150,13.641496424415804,8.475493,76,12.392170860657021,Europe,BG,lowcost,41.38,25.2552,humidity|pm1|pm10|pm25|pm4|pressure|temperature,0.33491652040592823
1579095,25.744917067950773,10.731789,89,13.678827699935141,South America,CL,reference_likely,-33.047630211689,-71.438813209534,pm10|pm25,0.7855927046678889
1590755,7.518207826332392,18.921988,83,6.002193101147542,Sub-Saharan Africa,ZA,lowcost,-33.83411879779761,18.512733366001964,pm1|pm25|relativehumidity|temperature|um003,0.5068474205866609
1601414,11.848619499190132,9.963202,83,18.131117884576764,Oceania,AU,reference_likely,-34.0467846944686,151.1229561199615,pm25|relativehumidity|temperature,0.06380082414832633
1605,30.26154063748856,10.821075,86,16.83278367012561,South America,CL,reference_likely,-35.435725588722,-71.619553864003,pm10|pm25,0.7052000190255543
1612333,4.542478859151835,9.6178465,53,7.19931689813101,North/Central America,CA,lowcost,43.6692007,-79.408185,pm1|pm25|relativehumidity|temperature|um003,0.4296180036723453
1640325,26.413555384735417,28.560368,84,10.031833025861632,North/Central America,MX,lowcost,19.430045776952728,-99.18183463386995,pm1|pm25|relativehumidity|temperature|um003,0.5309250105323873
1650687,32.51838221071341,18.111475,65,16.754523161908327,Other Asia,TH,reference_likely,15.783860999999998,104.154639,co|no2|o3|pm25|so2,0.7020295682914875
1661847,19.77890038637474,12.971254,89,3.7731483949300233,South America,CL,reference_likely,-22.454016027306,-68.910147884933,pm10|pm25|so2,-0.20990489607150004
1664506,15.044938693386824,12.336587,73,17.044375971566453,Europe,RO,lowcost,43.6376,24.6924,humidity|pm1|pm10|pm25|pm4|pressure|temperature,0.7064524843835766
1722461,17.368431637671925,12.117194,79,12.189186917411408,Europe,CZ,lowcost,50.091935,15.14536,pm1|pm25|relativehumidity|temperature|um003,0.41287845804265216
1763978,27.42700225598735,6.0914855,69,41.9587176117163,Europe,IE,lowcost,53.678392,-6.25681,pm1|pm25|relativehumidity|temperature|um003,0.3310379873685462
1777598,23.327700792995824,8.70244,70,23.322597704358692,North/Central America,MX,reference_likely,31.655,-106.46638888889,o3|pm10|pm25,0.2595378194253741
1784313,9.206019674521272,22.874397,83,6.581677146605993,Europe,IT,lowcost,45.054426388207226,11.13206540705424,pm1|pm25|relativehumidity|temperature|um003,0.7992413547288634
1785688,25.89445851494492,15.861347,65,13.793511267579175,Other Asia,TH,reference_likely,15.875800000000002,104.6223,co|no2|o3|pm25|so2,0.7463051229667694
1785692,18.45937041581858,26.48866,61,12.624463972058148,Other Asia,LA,reference_likely,18.362008,103.65977,co|no2|o3|pm25|so2,0.677600055472174
1785694,20.16976752460384,17.59923,65,14.9341119374059,Other Asia,TH,reference_likely,14.8762222,103.4965833,co|no2|o3|pm25|so2,0.688092749394159
1795,7.040130154705163,7.9923177,64,4.416228327328176,Europe,GB,reference_likely,51.77798,1.049031,no2|o3|pm10|pm25,0.7202088273196872
1799818,2.69730509443415,5.379668,83,2.1702184441333743,Sub-Saharan Africa,MU,lowcost,-19.99898033523969,57.58345458710045,pm1|pm25|relativehumidity|temperature|um003,0.32901532600984545
1806855,20.06224988255264,14.728514,83,15.531113520423524,Europe,SI,lowcost,46.31316709435166,15.57828571777832,pm1|pm25|relativehumidity|temperature|um003,0.7476645266262529
1834004,23.04671332249412,25.208235,83,13.262910819301677,Other Asia,TW,lowcost,23.277057,120.315847,pm1|pm25|um003,0.28857597836425725
1850657,3.3873851293664834,4.404651,86,3.455046284530668,Europe,IS,reference_likely,64.087995,-21.996085,no2|pm10|pm25|so2,0.38364888687815196
1850659,2.8573493212379475,4.4472537,88,2.6417067890170767,Europe,IS,lowcost,64.085637,-21.824893,no|no2|pm1|pm10|pm25|so2,0.3995666723220161
1873401,18.21357786950213,18.235157,64,17.739676839972333,Other Asia,TH,reference_likely,15.087087,104.326787,co|no2|o3|pm25|so2,0.5415151874597887
1880,8.93676266604302,4.9833794,90,9.84261636142828,North/Central America,US,reference_likely,64.8458,-147.72727,co|o3|pm10|pm25|so2,0.6102173565767717
1890671,17.061976749287325,12.7705555,75,8.91766775611037,North/Central America,MX,reference_likely,20.230746944444,-99.214248888889,o3|pm10|pm25|so2,0.7495755139732476
1892,6.211020707591914,10.682222,90,3.433436518239175,North/Central America,US,reference_likely,38.494475,-121.211131,o3|pm25,0.3916005049159891
1894630,13.84253327000716,15.221753,68,6.250985207575482,Other Asia,ID,reference_likely,-0.60841,100.75508,pm25,0.5980121554415493
1894631,5.148539147384272,4.6207733,69,2.6988828398648783,South America,AR,reference_likely,-35.68277,-59.76544,pm25,0.2076292018082206
1894632,49.04874024673141,15.6195,75,49.2407433264532,Central Asia,TJ,reference_likely,40.30317,69.63906,pm25,0.6111191957573766
1894634,10.38485931955618,11.325602,90,7.97144232317798,Europe,RO,reference_likely,46.76786,23.55012,pm25,0.6633401491208714
1894637,27.97632106847768,12.611713,90,44.77404391572257,Sub-Saharan Africa,KE,reference_likely,-0.2674,36.0218,pm25,-0.22601313648164972
1894640,21.89741810447998,19.255327,79,14.41217136671657,Sub-Saharan Africa,NG,reference_likely,5.02529,8.34843,pm25,0.8414158076186163
1894641,95.79296720812273,68.21026,91,71.45533648643061,South Asia,PK,reference_likely,31.54815,74.34396,pm25,0.8425119839245346
1894643,11.658831463694536,11.148611,84,9.2158576276765,Europe,RO,reference_likely,46.75373,23.60125,pm25,0.6798968326167483
1917100,21.955164896543142,11.638052,83,14.4551057328568,Europe,HU,lowcost,47.76648848572361,17.65766666921887,pm1|pm25|relativehumidity|temperature|um003,0.6778617629172639
1924313,56.8302647078029,15.2934065,91,59.89026733396148,Central Asia,TJ,reference_likely,40.26804,69.80165,pm25,0.625642357635395
1933,7.457413988702808,5.888553,91,7.937814574050996,North/Central America,US,reference_likely,36.1589,-98.9353,o3|pm10|pm25,0.04443586043611383
1984,51.53346415837368,2.025533,86,46.04838600491645,South America,CL,reference_likely,-45.57996447948,-72.061125987766,pm10|pm25,0.32275315934328075
1993,4.589220797014458,8.564378,91,3.0950076708854977,North/Central America,CA,reference_likely,49.20083,-123.99389,no|no2|o3|pm25,0.3424363144484228
2010,26.582947716828944,14.973932,82,16.092214715232547,South America,CL,reference_likely,-34.579759917069,-70.989685186508,pm10|pm25,0.6257221234246101
2023443,6.711912804582004,13.639038,84,5.525279308444104,North/Central America,CA,lowcost,49.25777265342784,-123.11569850279542,pm1|pm25|relativehumidity|temperature|um003,0.5499893059137662
2025120,11.48917076270861,8.521816,89,6.136389638229687,Europe,PL,reference_likely,54.17938099975285,15.596347000222783,pm10|pm25,0.6861262536092372
2037,4.116984343753163,6.154837,87,2.796991122717668,North/Central America,CA,reference_likely,46.142317,-60.172575,co|no|no2|nox|o3|pm25|so2,0.42222364403027635
2039952,23.701975737576987,12.588027,79,16.641278906403976,Europe,CZ,lowcost,50.664298,13.838214,pm1|pm25|relativehumidity|temperature|um003,0.5815323615906204
2041043,15.37409069194865,22.606676,83,16.287274907774968,Other Asia,TH,lowcost,18.96721,98.893778,pm1|pm25|relativehumidity|temperature|um003,0.8085527507184663
2077019,4.9630675143667,5.235751,81,5.364679472045782,Oceania,AU,lowcost,-31.9448156,115.8204638,pm1|pm25|relativehumidity|temperature|um003,0.12036190597854485
2099180,22.963863428124153,9.3238735,74,21.408325899250293,South America,AR,lowcost,-34.88106631929777,-58.68288039022074,pm1|pm25|relativehumidity|temperature|um003,0.7574740290973061
210,21.55608172327773,8.210776,87,10.338418589004625,South America,CL,reference_likely,-36.601713211434,-72.958522830688,pm10|pm25|so2,0.6502963816436224
2112198,18.600405808041586,11.025725,69,12.770486086395078,Europe,HU,lowcost,47.58982,21.734347,pm1|pm25|relativehumidity|temperature,0.5608804330140305
2136949,26.659527152542523,10.599147,83,36.13958111043202,Other Asia,TH,lowcost,19.351845,98.4411552,pm1|pm25|relativehumidity|temperature|um003,0.7792848152046932
2142801,20.606971254415413,9.838621,78,33.12903771524838,Other Asia,TH,lowcost,19.3910772,98.4534912,pm1|pm25|relativehumidity|temperature|um003,0.7824294510643406
2143681,40.752211415008915,19.15463,81,22.212585155035434,South America,PE,reference_likely,-12.002311,-76.838289,co|no2|o3|pm10|pm25|so2,0.5561066586830264
2147304,25.001400815788696,10.626526,71,33.446395335215904,Other Asia,TH,lowcost,19.3172193,98.439397,pm1|pm25|relativehumidity|temperature|um003,0.7622383642160172
2151718,16.374366798027328,10.599147,83,17.911635265021697,Other Asia,TH,lowcost,19.3747778,98.4453889,pm1|pm25|relativehumidity|temperature|um003,0.6917634571483697
2155602,26.991821501804967,11.657639,72,33.11328805345361,Other Asia,TH,lowcost,19.344337,98.446422,pm1|pm25|relativehumidity|temperature|um003,0.7530527557314861
2156118,12.231753720357393,16.270523,67,4.883581269671669,Sub-Saharan Africa,KE,reference_likely,-1.33159,36.91271,pm25,0.32453542477555886
2161292,31.055604201064025,54.606327,79,17.720330592445762,Other Asia,VN,reference_likely,21.0152,105.7999,co|pm25,0.6359636786240271
2162036,10.124830189757004,11.66091,76,7.378482342882715,Europe,HU,reference_likely,47.84011399998024,16.526170000331714,co|no2|o3|pm10|pm25|so2,0.46724306394239257
2162049,10.965391840394094,10.576688,79,6.337243631779499,Europe,AT,reference_likely,48.19234000027957,14.519540000426094,no2|o3|pm10|pm25,0.3675467494115469
2162056,10.476053050405154,11.421261,78,6.439988080268311,Europe,AT,reference_likely,48.32183999991915,15.964619999927136,no2|pm10|pm25,0.5053148701641689
2162057,10.809870562755846,11.411164,78,7.088172059056328,Europe,AT,reference_likely,48.34509000009052,15.90705999983785,no2|pm10|pm25,0.48850535382380555
2162064,9.791590852819192,11.503419,78,5.519417150369779,Europe,AT,reference_likely,48.14558000006034,16.475900000351277,co|no2|o3|pm10|pm25|so2,0.4296340835485432
2162070,9.45768528225053,11.965717,79,5.011927965358794,Europe,AT,reference_likely,48.23069999979766,16.6363000001425,no2|pm10|pm25,0.40102799760692687
2162071,10.17558326743057,11.193038,79,5.591032616305337,Europe,SK,reference_likely,48.144199999888414,16.957869999653877,no2|o3|pm10|pm25|so2,0.49669497912821026
2162074,10.513180761378946,10.673794,76,6.384574921412796,Europe,AT,reference_likely,48.00089999986289,13.66761000034986,no2|o3|pm10|pm25,0.35240926279444906
2162086,8.997013628859888,12.023322,77,6.812070014189365,Europe,AT,reference_likely,47.81574800002686,13.028006000254106,no2|o3|pm10|pm25|so2,0.493978993862352
2162090,12.962790011194244,11.427678,70,7.420265862795839,Europe,AT,reference_likely,47.05008000009891,15.42860999956873,no2|pm10|pm25,0.46453767086879083
2162095,11.9786267226798,8.3759,74,8.107708633909535,Europe,AT,reference_likely,47.42566700012284,15.270527999960237,no2|pm10|pm25,0.44175505717977454
2162102,9.233822684904839,12.838761,76,5.814359100880446,Europe,AT,reference_likely,48.21910999970677,16.349817999796098,no2|pm10|pm25,0.391746447016228
2162103,3.6350040053090895,10.60974,77,3.234257910271433,Europe,AT,reference_likely,47.83827999982084,14.440910000076428,no2|o3|pm10|pm25|so2,0.6078834227093883
2162108,8.452019456299805,10.013722,75,5.620755004508322,Europe,CZ,reference_likely,48.72120000005912,15.936000000165222,no2|o3|pm10|pm25|so2,0.5161242027963622
2162127,8.033468306594948,11.609774,81,7.932865989208773,Europe,BE,reference_likely,50.883694651605055,4.382977504865498,no2|o3|pm10|pm25,0.7676891702316934
2162131,9.604235005466508,11.66946,88,9.017293879297611,Europe,BE,reference_likely,50.849710518888635,4.33410367997437,co|no2|o3|pm10|pm25|so2,0.7967750461294039
2162142,5.349690478680533,19.903267,51,4.61056317114852,Europe,CH,reference_likely,47.189600000271085,8.17543999990154,no2|o3|pm10|pm25,0.33031763163206496
2162165,10.617266890947414,11.233205,65,7.464786276497196,Europe,PL,reference_likely,50.86623382551171,14.902449607685776,pm10|pm25,0.5106394537071965
2162187,8.96144182228871,9.281274,87,6.34232342124089,Europe,DE,reference_likely,53.13171700004152,8.735062000110728,co|no2|pm10|pm25|so2,0.734346689890154
2162198,8.865352372534439,14.074384,88,6.692129093645087,Europe,DE,reference_likely,51.3033940001832,6.819886999931134,no2|o3|pm10|pm25,0.686075056741025
2162199,9.175127406125217,13.21124,86,5.959307092670271,Europe,DE,reference_likely,51.40684600026424,6.965589000402196,no2|o3|pm25,0.6041708980869523
2162222,6.2232881783422975,7.303113,87,5.455177548178939,Europe,DE,reference_likely,54.616668999975545,9.36367399969264,no2|o3|pm10|pm25,0.6648338831777318
2162269,8.811242855681096,8.911579,86,4.342276976753001,Europe,ES,reference_likely,43.55120000028743,-5.9196999995603505,no2|o3|pm10|pm25|so2,0.6286541833682664
2162299,5.83427826177989,9.453596,73,3.1172451501485745,Europe,ES,reference_likely,28.98287000026119,-13.514030000314204,co|no2|o3|pm25|so2,0.8285870492419628
2162369,6.218040976366901,8.672402,85,15.726839055430634,Europe,PT,reference_likely,42.06159999980292,-7.408899999656085,co|no2|o3|pm10|pm25|so2,0.9818033553942014
2162402,4.523565416747303,5.8436275,85,4.656513087169445,Europe,PT,reference_likely,42.06159999980292,-7.408899999656085,co|no2|o3|pm10|pm25|so2,0.8148778776148068
2162414,8.203785242186823,9.439367,87,4.621443967310684,Europe,ES,reference_likely,40.449100000228725,-3.803699999727139,no2|o3|pm25,0.680785243050575
2162516,8.35611275547424,9.113027,87,4.920862382150377,Europe,ES,reference_likely,43.254900000139656,-2.902299999736633,no2|o3|pm10|pm25|so2,0.8206890833139447
2162536,3.974590354882597,5.7135415,76,2.1213529522664327,Europe,FI,reference_likely,61.493069999930825,23.76938000025314,no2|pm25,0.37744410952967655
2162537,3.930719231692379,5.625781,80,2.1360005193098526,Europe,FI,reference_likely,61.493069999930825,23.76938000025314,no2|pm25,0.37230797429874646
2162538,4.7972915624300825,5.0329905,85,4.098785828051773,Europe,FI,reference_likely,62.23817000020279,25.747879999943297,no2|pm10|pm25,0.3607719726966352
2162539,4.857621226094957,5.0847564,82,4.135900388715242,Europe,FI,reference_likely,62.23817000020279,25.747879999943297,no2|pm10|pm25,0.4124937510491771
2162545,4.343005887831973,4.8506446,84,3.685701463345211,Europe,FI,reference_likely,62.89552999982092,27.64724999969158,pm25,0.35919114004328373
2162549,4.414334617845987,4.8634143,82,3.6114271019171307,Europe,FI,reference_likely,62.89552999982092,27.64724999969158,pm25,0.3753845364154667
2162550,5.957170880157586,4.984517,88,6.6220276827305655,Europe,FI,reference_likely,61.48225999984927,21.81328999976638,no2|pm10|pm25,0.14192142643123065
2162551,5.968614734513469,4.9954457,86,6.666647546192462,Europe,FI,reference_likely,61.48225999984927,21.81328999976638,no2|pm10|pm25,0.14901713628860938
2162552,5.141286935171614,5.952778,87,3.612052251161591,Europe,FI,reference_likely,60.24902999994723,24.069470000323623,no2|pm10|pm25,0.530625330575623
2162553,5.28503515371899,5.936411,88,3.7386662164505897,Europe,FI,reference_likely,60.24902999994723,24.069470000323623,no2|pm10|pm25,0.5076432908210525
2162569,10.27984991026252,11.542433,87,8.879473282164646,Europe,BE,reference_likely,51.21223113381226,4.350482991333116,no2|pm10|pm25,0.7738538710384985
2162572,10.5803326040929,11.605987,87,9.36443909751632,Europe,BE,reference_likely,51.22635260903729,4.448792786158922,no2|pm10|pm25,0.7801161639917011
2162574,10.207186107269262,11.579789,87,8.979337200987748,Europe,BE,reference_likely,51.02037444509046,4.483255334205645,no2|o3|pm10|pm25,0.8278044117937713
2162576,10.22975833342066,10.785796,88,9.43181364505532,Europe,BE,reference_likely,51.031583931814346,5.376372042623139,pm10|pm25,0.825350502499258
2162578,9.798449898960394,10.507171,86,8.711974045217403,Europe,BE,reference_likely,50.93554276975651,5.353208497931864,no2|o3|pm10|pm25,0.7939659138136803
2162613,6.65853764138648,6.114782,84,4.689230098676734,Europe,FR,reference_likely,46.14323400001607,-0.3959130003733639,no2|o3|pm10|pm25,0.5883160149815835
2162616,8.27501460406861,7.3225307,81,5.5013194011346656,Europe,FR,reference_likely,44.90029500003576,-0.5158349997004273,no2|o3|pm10|pm25|so2,0.6428810113315079
2162620,8.291758302585862,7.276719,80,8.511055555961272,Europe,FR,reference_likely,44.80045999978738,-0.5893979996894178,no2|o3|pm10|pm25,0.39426445615474187
2162635,7.563652025788157,6.029708,77,5.631965219588323,Europe,FR,reference_likely,47.59425699982933,1.3026669998814109,no2|o3|pm10|pm25,0.5851526269307396
2162643,8.433582038544229,8.160971,79,4.895950722691405,North/Central America,MQ,reference_likely,14.607443999603946,-61.0697800003841,pm10|pm25,0.8680737658032388
2162644,7.181460805173215,5.9385567,71,4.257813130410603,South America,GF,reference_likely,5.164247999692364,-52.64649000042069,o3|pm10|pm25,0.8743515047581732
2162646,7.764909661737988,7.693036,70,5.0718221272509725,North/Central America,GP,reference_likely,15.994348999613848,-61.727203000421945,no2|o3|pm10|pm25|so2,0.9186550079466349
2162649,8.82374650946386,6.4297795,68,4.57782303883168,North/Central America,GP,reference_likely,16.236739999700003,-61.534099999799,no2|o3|pm10|pm25,0.9162517876527888
2162650,8.376433438702755,7.313077,65,6.178501117423087,North/Central America,MF,reference_likely,18.070113999749537,-63.081481999774944,no2|o3|pm10|pm25,0.9105222971014324
2162682,6.852286737646785,6.3666167,83,4.816979892978715,Europe,FR,reference_likely,43.09625000020019,-0.0404969998324174,no2|o3|pm10|pm25,0.4791452565111775
2162746,7.3473385628492665,5.964881,84,5.65699780827258,Europe,FR,reference_likely,46.34071999975818,2.593944999588949,no2|o3|pm10|pm25,0.6646288033966593
2162781,17.322505172221092,11.487905,72,12.167708776047998,Europe,GR,reference_likely,40.633723999745825,22.945099000168423,co|no2|o3|pm10|pm25|so2,0.5874589069618511
2162785,17.497356945092378,11.542523,73,12.268135280954198,Europe,GR,reference_likely,40.633723999745825,22.945099000168423,co|no2|o3|pm10|pm25|so2,0.5708598276866568
2162789,15.700404217310934,8.183398,64,12.609268853040527,Europe,GR,reference_likely,38.2464690000783,21.73451200017702,co|no2|pm10|pm25|so2,0.2187115297280121
2162790,15.03457758547692,8.050871,67,11.615641062450827,Europe,GR,reference_likely,38.2464690000783,21.73451200017702,co|no2|pm10|pm25|so2,0.19930288985531303
2162791,11.480944463967166,8.141155,57,7.402675191312286,Europe,GR,reference_likely,39.36671100031335,22.942921999552695,co|no2|o3|pm10|pm25|so2,0.19739009953800757
2162792,11.422595131619245,8.116959,57,7.315103563842558,Europe,GR,reference_likely,39.36671100031335,22.942921999552695,co|no2|o3|pm10|pm25|so2,0.20248001043497893
2162793,14.75715937716247,11.177259,59,7.288415517794502,Europe,GR,reference_likely,38.06779299986957,23.788985999925316,no2|o3|pm10|pm25,0.6824281392969936
2162796,10.967557635076059,10.549766,71,5.820607931158316,Europe,GR,reference_likely,37.94465599978361,23.645230000091303,co|no2|o3|pm10|pm25|so2,0.6330461771845413
2162800,11.352126543709362,10.53187,74,6.510448420835913,Europe,GR,reference_likely,37.94465599978361,23.645230000091303,co|no2|o3|pm10|pm25|so2,0.6236449885628699
2162801,7.9478670129317015,11.698792,69,5.051259839521425,Europe,HU,reference_likely,47.866667000219095,19.933333000244737,pm10|pm25,0.5369663706257519
2162809,8.642763639327685,5.9341893,73,6.726730894903001,Europe,IE,reference_likely,52.83972200010714,-6.931666700065658,pm10|pm25,0.49352410042782235
2162820,8.584402504497106,6.027055,73,6.66971799574859,Europe,IE,reference_likely,52.83972200010714,-6.931666700065658,pm10|pm25,0.5034977065873322
2162826,8.225994606262764,5.0544953,76,4.8757935720693615,Europe,IE,reference_likely,53.6294439999523,-8.194443999874272,pm10|pm25,0.4350319698392977
2162908,7.747235965490141,7.052167,50,6.44378794550959,Europe,IT,reference_likely,45.73239999991657,7.321889999601491,no2|pm10|pm25,0.6484435426874766
2162932,12.549894967148846,17.772917,40,7.107571901892612,Europe,IT,reference_likely,45.43969999986146,8.620399999691559,no2|o3|pm10|pm25,0.4625842380175303
2163039,13.032930191028289,7.2408524,87,6.843166222795971,Europe,LV,reference_likely,56.49628099982827,21.01441300018372,no2|o3|pm10|pm25|so2,0.37037167703457385
2163042,9.774493961213933,6.24569,87,6.576004313057495,Europe,LV,reference_likely,56.51101399980861,27.337747000221505,no2|o3|pm10|pm25|so2,0.06258996228023732
2163044,12.969519872638308,7.2093987,86,7.056506743533074,Europe,LV,reference_likely,56.49628099982827,21.01441300018372,no2|o3|pm10|pm25|so2,0.3549517229930212
2163047,9.776850913481793,6.254845,86,6.588899061796277,Europe,LV,reference_likely,56.51101399980861,27.337747000221505,no2|o3|pm10|pm25|so2,0.056819830987791135
2163068,9.883669785996073,14.178693,79,7.764805368310428,Europe,RO,reference_likely,44.649033000123296,26.144475000382045,no2|o3|pm10|pm25|so2,0.5278310349184605
2163078,15.02379776048969,15.289531,80,11.23096030080848,Europe,RO,reference_likely,44.44727499968577,26.036693999817818,co|no2|o3|pm10|pm25|so2,0.6671026293941134
2163092,15.321519700146741,15.272992,83,14.118413237983932,Europe,RO,reference_likely,44.34922199975112,26.030828000114195,no2|o3|pm10|pm25|so2,0.6346231063811272
2163097,9.884472384930588,14.236165,78,7.956285504509219,Europe,RO,reference_likely,44.649033000123296,26.144475000382045,no2|o3|pm10|pm25|so2,0.5376351354479633
2163121,15.398082804720378,15.3566065,82,14.32243406996616,Europe,RO,reference_likely,44.34922199975112,26.030828000114195,no2|o3|pm10|pm25|so2,0.6271389375977545
2163123,21.507595344266722,10.631893,81,19.953166411382934,Europe,RO,reference_likely,47.14501399985878,23.877389000423005,co|no2|o3|pm10|pm25|so2,0.46278004257432376
2163124,14.657217371950122,10.943072,83,12.17451966230706,Europe,RO,reference_likely,46.76542500022766,23.550257999908215,co|no2|o3|pm10|pm25|so2,0.5543419686555017
2163126,21.489903446108038,10.668948,84,19.67218005533076,Europe,RO,reference_likely,47.14501399985878,23.877389000423005,co|no2|o3|pm10|pm25|so2,0.44569551260486
2163129,14.584642945367541,11.613662,61,11.956468586361991,Europe,RO,reference_likely,43.99704699971882,22.95318599997039,co|no2|pm10|pm25,0.6092174421848001
2163132,14.553396677197352,11.598723,62,11.954578672980393,Europe,RO,reference_likely,43.99704699971882,22.95318599997039,co|no2|pm10|pm25,0.6198405352830587
2163135,13.503285311402292,10.702675,81,9.222018290005826,Europe,RO,reference_likely,47.150950000154864,27.58191900016783,no2|pm10|pm25|so2,0.7580965191458026
2163136,13.605492107707368,10.751556,83,9.202968539213861,Europe,RO,reference_likely,47.13573599992694,27.693089000244296,co|no2|o3|pm10|pm25|so2,0.7596418140120699
2163137,13.644765124047598,10.826762,78,9.698055589056992,Europe,RO,reference_likely,47.150950000154864,27.58191900016783,no2|pm10|pm25|so2,0.7351005247947244
2163138,13.90753096791214,10.913555,79,10.035046385105987,Europe,RO,reference_likely,47.13573599992694,27.693089000244296,co|no2|o3|pm10|pm25|so2,0.7474702882131669
2163157,18.106582099577516,8.927652,77,19.115237693418003,Europe,RO,reference_likely,45.702258000271115,25.44713899976956,o3|pm10|pm25,0.019135511410078083
2163159,18.78738555095597,8.941186,78,22.156493957978505,Europe,RO,reference_likely,45.702258000271115,25.44713899976956,o3|pm10|pm25,0.10017980588772549
2163234,8.036640560942104,6.801094,80,5.974227025332975,Europe,SE,reference_likely,56.047185000048195,12.691633000043955,pm10|pm25,0.7440276767690615
2163236,7.724245967849162,7.372222,78,6.534208308011274,Europe,SE,reference_likely,55.584747000169294,13.006229999638894,co|no2|o3|pm10|pm25,0.677594750326722
2163242,8.082524602057969,6.768829,79,6.0166682536798035,Europe,SE,reference_likely,56.047185000048195,12.691633000043955,pm10|pm25,0.7488692987858127
2163247,6.675344931367201,4.852778,78,4.077217660098852,Europe,SE,reference_likely,58.41239200021183,15.630078999652904,no2|pm10|pm25,0.49505950750558836
2163250,4.310469381988996,5.1027975,70,3.733688887597199,Europe,SE,reference_likely,59.83238199986776,18.631314000093525,no2|o3|pm10|pm25,0.5942213956325767
2163262,6.318417776796519,6.6042237,73,4.234504938757952,Europe,SE,reference_likely,59.3642599997772,17.97627799983537,no2|pm10|pm25,0.5210045503604921
2163265,4.5465526836532915,5.9773216,70,3.5617381983325402,Europe,SE,reference_likely,59.44592200013267,17.95499300038815,pm10|pm25,0.3815043289877419
2163268,4.262854204371775,4.821404,73,3.074442691301783,Europe,SE,reference_likely,59.86052099993864,17.63759700038655,no2|pm10|pm25,0.5404357349789696
2163271,6.100298244051791,6.0879445,75,5.474025202549409,Europe,SE,reference_likely,57.6399269999746,18.309721000117612,pm10|pm25,0.5706320332092574
2163273,4.176546843778379,5.0214043,73,3.5881039095022826,Europe,SE,reference_likely,59.83238199986776,18.631314000093525,no2|o3|pm10|pm25,0.6174240398500286
2163283,5.829233657253685,5.0909348,74,3.769406516122214,Europe,SE,reference_likely,58.592038999978136,16.18933299961606,no2|pm10|pm25,0.6034579123488059
2163284,7.209673381850815,7.30191,48,4.987971143038651,Europe,SE,reference_likely,59.23662600022141,17.836194000269124,no2|pm10|pm25,0.3372131160592638
2163287,4.147234250530303,6.203153,74,2.992064198065506,Europe,SE,reference_likely,59.433639999875496,17.949741000079545,pm10|pm25,0.5030039695029198
2163295,7.385551486685135,6.330682,77,4.346016894516111,Europe,SE,reference_likely,57.70901999986438,11.970241000064986,no2|pm10|pm25,0.5566065057517261
2163301,2.5916494194640913,2.6661797,77,2.829146880612683,Europe,SE,reference_likely,63.84549699998598,15.31973000008591,o3|pm10|pm25,0.6582379097705757
2163303,7.405394724071523,6.243805,76,4.403588005216013,Europe,SE,reference_likely,57.70901999986438,11.970241000064986,no2|pm10|pm25,0.5910183914697864
2163322,4.676239608676844,3.945729,80,3.0934500742266473,Europe,SE,reference_likely,60.28140199994953,15.989097999966324,pm10|pm25,0.3181655593741778
2163330,4.726797398324604,3.7749436,74,3.27880434183613,Europe,SE,reference_likely,62.38855999991885,17.30889000002888,no2|pm10|pm25,0.33442029832679687
2163337,7.243318840738815,6.157126,69,5.52545384656939,Europe,SE,reference_likely,56.66419000003969,16.333620999727632,no2|pm10|pm25,0.4794891760790785
2163339,4.119371046056265,2.7559211,76,3.4466318270797798,Europe,SE,reference_likely,63.17390900004167,14.641086000174932,no2|pm10|pm25,0.5284239977868166
2163343,5.657954432289375,4.0455246,81,6.250196157236305,Europe,SE,reference_likely,64.74953100007069,20.960068000427707,pm10|pm25,0.07190818449700097
2163349,11.570557961846218,11.966471,85,7.288887442121556,Europe,SK,reference_likely,47.76411700019712,18.138552000293625,no2|o3|pm10|pm25,0.4750143549683152
2163350,14.073093135250918,9.050552,83,13.710558588957104,Europe,SK,reference_likely,49.08389299996568,19.61935000004481,pm10|pm25|so2,0.20100934477159235
2163353,14.468554870090317,9.500652,83,9.338460199491088,Europe,SK,reference_likely,49.21144699982546,18.771215000259986,co|o3|pm10|pm25,0.3328151075188713
2163354,15.280361582658486,9.700624,80,11.190181817331231,Europe,SK,reference_likely,49.05972100014168,18.9213640000523,co|pm10|pm25,0.3180041224892065
2163356,11.33263094453847,11.322745,85,5.915204273395782,Europe,SK,reference_likely,48.68060799999584,17.363168999662655,pm10|pm25,0.4841362435489638
2163357,11.652068542378307,10.716618,85,6.957967248437625,Europe,SK,reference_likely,48.12471099993378,17.125495999979847,no2|o3|pm10|pm25|so2,0.3306284894805549
2163359,10.525054702033964,10.718004,81,6.365817576765643,Europe,SK,reference_likely,48.223042999931046,17.404401999987137,co|no2|o3|pm10|pm25,0.4671299821537588
2163361,11.995917420122392,10.235021,79,7.833329359691293,Europe,SK,reference_likely,48.158371000002866,17.12891700017744,co|no2|pm10|pm25,0.29026149221121417
2163363,11.024437888716449,10.62505,83,5.811664217189645,Europe,SK,reference_likely,48.45705299975185,17.17158200040476,co|no2|pm10|pm25,0.4210940136205046
2163365,11.179976516751454,10.956895,84,6.84998309917972,Europe,SK,reference_likely,48.28364999983251,17.7351580000157,no2|pm10|pm25,0.47116477818277114
2163368,16.5860279255949,9.501225,85,10.986823097715472,Europe,SK,reference_likely,48.483124000134275,18.717646000280688,no2|pm10|pm25,0.3879938156434025
2163375,16.07798599472426,9.15643,81,11.464375438882607,Europe,SK,reference_likely,48.3366289999632,19.67588800031008,co|no2|o3|pm10|pm25,0.427758993891967
2163377,14.491942198045393,10.486979,80,9.662564826435899,Europe,SK,reference_likely,48.69021700001299,21.28544199955301,pm10|pm25,0.3909355227610363
2163379,13.773978278358813,9.856533,81,9.632827213870726,Europe,SK,reference_likely,48.874029000210754,21.837578999659677,pm10|pm25,0.4140342633328727
2163380,14.618343244905311,9.766616,83,9.586895390163447,Europe,SK,reference_likely,48.93093200028398,21.91370500005378,no2|o3|pm10|pm25,0.3708835581706344
2163381,13.870575788229452,10.131127,85,10.432665383092578,Europe,SK,reference_likely,48.88638200015691,21.68761700036343,pm10|pm25|so2,0.47523492429592623
2163382,16.423296215718178,10.351976,78,9.680512870614452,Europe,SK,reference_likely,48.992493999960715,21.26678900010787,co|no2|pm10|pm25,0.396834350407013
2163384,15.551697299399294,9.964687,80,9.98385629690115,Europe,SK,reference_likely,48.9155960002295,20.874057999557504,co|no2|pm10|pm25|so2,0.22115474445596714
2163387,13.476706274379344,9.866865,84,8.140854186742216,Europe,SK,reference_likely,49.30052100017373,21.277866999937125,no2|o3|pm10|pm25,0.3201719440610987
2163390,9.862729597092018,10.959018,73,6.7150072779213215,Europe,SK,reference_likely,47.95944800011835,17.86014400022871,no2|o3|pm10|pm25|so2,0.4663482347885259
2163395,6.350868411790485,8.637644,87,6.8808007531623,Europe,BE,reference_likely,50.4624279404288,4.865260946133665,no2|o3|pm10|pm25,0.6386784986354861
2163396,6.386019032265642,8.637644,87,6.88965804484567,Europe,BE,reference_likely,50.4624279404288,4.865260946133665,no2|o3|pm10|pm25,0.6416632652932006
2165820,7.605889881680933,5.1981483,72,2.956066572203612,Sub-Saharan Africa,YT,reference_likely,-12.77818600019915,45.220233999706466,no2|o3|pm10|pm25|so2,0.5058935884702358
2167,34.66644330137266,25.865345,63,17.010134406336167,Other Asia,TH,reference_likely,13.7054879,100.315622,pm25,0.6516431969060774
2195,10.138611461002766,8.004258,91,16.546293927141953,North/Central America,US,reference_likely,46.8511,-95.8467,o3|pm25,0.8030839588333554
2198,37.709175868414995,4.289213,90,39.44484077120923,South America,CL,reference_likely,-40.584478665958,-73.11871982209,pm10|pm25,0.4902088949740486
221402,6.639979215582262,8.833509,71,4.545975223970489,Europe,NO,reference_likely,59.91405100012447,10.73597799975038,pm10|pm25,0.4325878760397254
225350,23.246950060808757,8.900994,88,13.552561519502879,South America,CL,reference_likely,-35.969115075775,-72.316818237305,pm10|pm25,0.5563076038597368
225568,25.457103841536615,34.578045,63,14.987851118611777,Other Asia,TH,reference_likely,13.873603,100.595839,pm25,0.5071021931137886
225569,31.67894989582963,17.832582,50,13.220554711688719,Other Asia,TH,reference_likely,13.054551,101.098128,pm25,0.5436236440673439
225570,27.943512077795578,18.537962,63,20.92204663097333,Other Asia,TH,reference_likely,18.2783333,99.5064666,pm25,0.7856403143627408
225571,27.082724930953706,24.868958,60,15.166133120493177,Other Asia,TH,reference_likely,13.659908,100.435902,pm25,0.7152883216576666
225572,26.42195794859565,35.127525,61,13.733324841200039,Other Asia,TH,reference_likely,13.839923,100.575632,pm25,0.5324226462364096
225575,27.54317659349396,24.53578,63,15.315244058912322,Other Asia,TH,reference_likely,13.759619,100.481137,pm25,0.6921241601985436
225576,17.489190073655386,13.875486,60,12.194058450520533,Other Asia,TH,reference_likely,12.648576,101.32245,pm25,0.6948070219061678
225579,19.42078353040821,25.240257,65,12.403634447772637,Other Asia,TH,reference_likely,18.7909333,98.99,pm25,0.7529027494617659
225580,25.058770435602458,23.88641,42,14.068514802037516,Other Asia,TH,reference_likely,13.779873,100.646009,pm25,0.6423101932619839
225581,33.26310958639615,18.219019,62,28.1745369453894,Other Asia,TH,reference_likely,19.5759666,101.0815166,no2|pm25|so2,0.8532328054127347
225582,25.836598799094528,25.101366,61,14.257957847107674,Other Asia,TH,reference_likely,13.708488,100.583747,pm25,0.6978947873564466
225585,30.121974987974987,22.699306,60,22.54530427536019,Other Asia,TH,reference_likely,16.820832999999997,100.258056,no2|pm10|pm25|so2,0.684626515813249
225587,26.211668995349335,26.151785,63,16.853365884277117,Other Asia,TH,reference_likely,13.832076,100.057961,pm25,0.5286787815246418
225591,23.380929588787644,28.536772,63,14.6991863954797,Other Asia,TH,reference_likely,13.803587,100.607535,pm10|pm25,0.48377632790490105
225596,27.83391251696167,24.792204,62,15.36860344354181,Other Asia,TH,reference_likely,13.707763,100.526787,pm25,0.6916143382370947
225599,29.332797120691662,25.172739,59,13.606682917659812,Other Asia,TH,reference_likely,13.726136,100.528055,pm25,0.6810471838019391
225602,24.936897293071393,20.124376,60,13.59202717122319,Other Asia,TH,reference_likely,14.979537,102.098335,pm25,0.6286529315342696
225604,28.4305267443919,21.102219,62,14.540644599990891,Other Asia,TH,reference_likely,13.695561,100.647615,pm10|pm25,0.5653292902309813
225609,23.846867728651336,23.967154,60,15.967062705995218,Other Asia,TH,reference_likely,15.68623,100.110556,pm25,0.6638409984177244
225610,27.347829830435384,21.040983,61,16.562120443166283,Other Asia,TH,reference_likely,13.785212,100.669183,pm25,0.6760726159867071
225611,30.09251236639657,14.568708,51,11.669590935804347,Other Asia,TH,reference_likely,12.70865,101.1659833,pm10|pm25|so2,0.7696952962667645
225613,32.082987468563594,21.288507,62,16.846611353029694,Other Asia,TH,reference_likely,13.72205,100.784069,pm25,0.677852817328931
225617,22.422487384108347,21.08373,63,14.089748603453634,Other Asia,TH,reference_likely,13.731051,100.651705,pm10|pm25,0.6411112479637543
225622,20.773627170675034,24.53578,63,12.50719619527557,Other Asia,TH,reference_likely,13.77682,100.579543,pm10|pm25,0.6967055456154049
225623,28.057618119920328,24.23367,62,17.690065998749656,Other Asia,TH,reference_likely,13.52344,99.814082,pm25,0.6782154829264927
225628,20.625574690148298,14.127409,64,13.084882623323983,Other Asia,TH,reference_likely,12.7066,101.18055,pm10|pm25,0.7468986633731806
225629,22.31638322512279,36.15959,63,13.990214334506224,Other Asia,TH,reference_likely,13.852778,100.529444,co|no2|o3|pm10|pm25|so2,0.5056986348563995
225631,24.2683563502372,24.53578,63,14.024571047953794,Other Asia,TH,reference_likely,13.756281,100.514267,pm25,0.691959833438171
225635,29.087714939814077,20.897152,60,12.553986946753962,Other Asia,TH,reference_likely,13.778981,100.622294,pm25,0.6793870117832014
225643,31.06063305699887,30.916117,53,18.766357021447856,Other Asia,TH,reference_likely,14.03742,100.605216,co|no2|o3|pm25|so2,0.511276334497877
225644,20.078872907618166,23.31595,64,12.223913328119863,Other Asia,TH,reference_likely,14.476214,100.086095,pm25,0.49055101685786523
225646,24.607672278275857,18.28705,65,18.416736444183044,Other Asia,TH,reference_likely,18.2826333,99.6598166,pm25,0.7950474200003237
225648,24.79297120434619,13.319857,64,48.9801387438605,Other Asia,MM,reference_likely,19.30455,97.97165,pm10|pm25,0.7780525949402054
225650,18.997272489898318,25.438974,65,11.349568759972463,Other Asia,TH,reference_likely,13.783185,100.540489,pm10|pm25,0.7545492440103965
225652,21.78154969048262,24.640726,62,12.787981606164752,Other Asia,TH,reference_likely,13.697252,100.497185,pm25,0.6871764259320635
225653,26.7208459957655,25.438974,65,13.278295247557983,Other Asia,TH,reference_likely,13.7954248,100.5930298,pm25,0.7374563007050939
225654,23.47994629913169,15.446474,65,13.195708829956594,Other Asia,TH,reference_likely,13.35461667,100.9792167,pm25,0.6420784637525622
225655,30.889805042641022,21.758636,55,19.159457857092235,Other Asia,TH,reference_likely,18.567194,99.038639,pm25,0.7943179485191134
225656,26.222021778963303,34.578045,63,13.592298038065927,Other Asia,TH,reference_likely,13.809596,100.537883,pm25,0.5374197220910418
225657,9.881547642582198,11.535052,63,4.33594066514335,Other Asia,TH,reference_likely,5.763873,101.067903,pm25,0.4418888242726253
225661,32.72408750640484,24.881603,65,26.672189739290378,Other Asia,TH,reference_likely,17.877479999999995,102.728925,co|no2|o3|pm10|pm25|so2,0.6295983622820475
225663,21.119073149055406,18.872362,60,16.062246379883522,Other Asia,TH,reference_likely,14.945452,103.10589600000002,co|no2|o3|pm10|pm25|so2,0.6492163505822173
225665,34.60433149126471,26.413525,61,14.641278496859085,Other Asia,TH,reference_likely,13.599149,100.597345,pm25,0.7003049660248937
225671,29.007347400759965,28.068748,62,15.887260421389097,Other Asia,TH,reference_likely,13.859911,100.704002,pm25,0.4686459514451322
225672,24.9672760544941,28.536772,63,16.17065640206876,Other Asia,TH,reference_likely,13.813844,100.686594,pm10|pm25,0.44069084196556374
225673,28.618484723053395,26.042273,62,13.532955105055283,Other Asia,TH,reference_likely,13.762516670000002,100.5502,co|pm10|pm25,0.7180624162983359
225674,33.381484461408164,17.258465,63,25.23486771392339,Other Asia,TH,reference_likely,18.7888833,100.7763166,no2|o3|pm25,0.8240424324754047
225679,22.523688579631745,24.53578,63,13.306408370017756,Other Asia,TH,reference_likely,13.776664,100.520982,pm10|pm25,0.7177339912395385
225681,20.948465654897976,24.53578,63,13.168259763460915,Other Asia,TH,reference_likely,13.722096,100.584559,pm10|pm25,0.6901259951925451
225689,25.208779535205895,24.53578,63,14.366254475517588,Other Asia,TH,reference_likely,13.780778,100.426727,pm10|pm25,0.7158382641753893
225692,24.845338680660994,18.537962,63,18.581709283303738,Other Asia,TH,reference_likely,18.2508166,99.76395,pm25,0.7971795814720964
225693,22.93866252053724,17.331535,44,19.128946663136258,Other Asia,TH,reference_likely,18.498333,98.379444,pm25,0.8376841353597795
225852,11.010368529327575,8.300216,77,4.977622214523335,Europe,GB,reference_likely,51.463429,-0.215871,no2|pm10|pm25,0.6786976186163789
2268,30.870286348054044,23.512117,87,16.102471808217942,South America,CL,reference_likely,-33.349626928347,-70.723792612552,pm10|pm25,0.8268627100867361
227058,9.376355163155392,9.439043,81,7.872734709698179,Europe,GB,reference_likely,51.503858,0.020574415,no2|pm25,0.6392486503709727
227534,57.05136212588673,26.612658,79,35.380158615578274,South Asia,IN,reference_likely,22.977134,72.553024,co|no|no2|o3|pm10|pm25|relativehumidity|so2|temperature,0.3794899224043675
228023,7.265604576496535,7.679469,69,3.863694345556403,Europe,NO,reference_likely,58.97264900019011,5.726498000101514,no2|pm10|pm25,0.5088572141191994
2283,10.923247765368457,11.865452,48,9.053989007608306,Europe,NL,reference_likely,52.47440000016803,4.628800000144586,pm10|pm25,0.6899895269071074
228301,42.70483383286415,28.458334,75,28.645836995371514,South Asia,IN,reference_likely,23.243639,72.68994,co|no|no2|o3|pm10|pm25|relativehumidity|so2|temperature,0.2910679733599421
228377,6.223379172840718,12.256227,91,4.163011582249215,North/Central America,US,reference_likely,40.807897,-112.087717,no|no2|nox|o3|pm25,0.38912437641321346
228397,27.187089245187074,55.384335,79,22.274049372315996,South Asia,IN,reference_likely,25.262326,82.995408,co|no|no2|o3|pm10|pm25|relativehumidity|so2|temperature,0.45168953915711496
228403,23.499854577262166,55.384335,79,22.624473429278353,South Asia,IN,reference_likely,25.301778,82.996789,co|no|no2|o3|pm10|pm25|relativehumidity|so2|temperature,0.7543473203905635
2288,10.25974093030618,10.656601,89,7.813344247195445,Europe,NL,reference_likely,51.5935,4.82494,no|no2|pm10|pm25,0.7530963258105493
2292,9.617845954887253,10.7043495,91,8.044597470274244,Europe,NL,reference_likely,51.6031,4.78102,no|no2|o3|pm10|pm25,0.7430958337509804
2294,27.777586821882196,14.933963,86,8.960776145507374,South America,PE,reference_likely,-11.863253,-77.074133,co|no2|o3|pm25|so2,0.11085292128548858
229729,20.426198486667356,68.6765,78,15.146030622833,South Asia,IN,reference_likely,27.168897,78.37696,co|no|no2|o3|pm10|pm25|relativehumidity|so2|temperature,0.6718142188657923
229985,49.975001358776915,63.508514,68,20.913871888423472,South Asia,IN,reference_likely,25.204762,85.51496,co|no|no2|o3|pm10|pm25|relativehumidity|so2|temperature,0.5377062650370336
2302,18.832753623188406,18.741257,61,9.02830566179084,South America,PE,reference_likely,-12.166389,-76.92,co|no2|o3|pm10|pm25|so2,0.185267514754618
2307,13.92159185781458,13.597023,49,10.615516940436821,Europe,NL,reference_likely,52.47887099977227,4.579342999750791,pm10|pm25,0.634666634331254
2314,8.16849064907885,10.806013,88,7.011836055911231,Europe,NL,reference_likely,51.8382,5.85694,no|no2|o3|pm25,0.6538006699494862
2315448,33.004171560516056,12.838435,49,45.32578930934363,Other Asia,TH,lowcost,19.395894,98.404624,pm1|pm25|relativehumidity|temperature|um003,0.7691223850543965
2321,9.19829069206344,11.218437,80,8.129888539146073,Europe,NL,reference_likely,51.867411000019175,4.355241999807056,no2|o3|pm10|pm25|so2,0.6987334722735096
2330,9.265433605016845,11.164301,81,7.991155487043596,Europe,NL,reference_likely,51.89361699992688,4.487528000174656,no2|pm10|pm25,0.654659527303248
2332,30.310137559808613,14.732703,86,17.904345198174266,South America,CL,reference_likely,-34.394541417902,-70.852981542328,pm10|pm25,0.6602705149610956
233335,15.87193788796546,33.850903,92,8.056694858380627,Other Asia,HK,reference_likely,22.496710000000004,114.12824,co|no2|o3|pm10|pm25|so2,0.6785408490012006
233336,13.242711467511363,33.850903,92,7.919592688999534,Other Asia,HK,reference_likely,22.247430000000005,114.16015,co|no2|o3|pm10|pm25|so2,0.6140899963803292
2334,40.72824675324676,7.3731537,88,46.20835346772336,South America,CL,reference_likely,-37.471182288689,-72.36146284977,pm10|pm25,0.40576244475847156
233415,42.525104932758076,41.630695,79,26.791441881867453,South Asia,IN,reference_likely,30.735567,76.775714,co|no|no2|o3|pm10|pm25|relativehumidity|so2|temperature,0.47061686901080385
233470,59.13556763285024,35.898415,84,38.17248701468177,South Asia,PK,reference_likely,33.725614,73.11602,pm25,0.6282611288986722
2336,7.43004173136646,7.4734373,64,4.369537960376622,Europe,GB,reference_likely,53.80489,-3.007175,no2|o3|pm10|pm25,0.6089663490947959
2339,5.933453162020737,6.5560546,64,3.3633293912416,Europe,GB,reference_likely,50.792287,-3.196702,no2|o3|pm10|pm25,0.769224549641214
234235,4.760788043478261,7.611648,88,2.075245923210108,Oceania,AU,reference_likely,-27.3292,153.0478,o3|pm10|pm25,0.28375706378561
234997,34.41127971208957,74.2835,75,18.08605033596973,South Asia,IN,reference_likely,27.169338,78.03582,co|no|no2|o3|pm10|pm25|relativehumidity|so2|temperature,0.4940994045365208
235,106.96961777024265,74.37735,78,88.9972530037561,South Asia,IN,reference_likely,28.646835,77.316032,co|no|no2|pm10|pm25|relativehumidity|so2|temperature,0.6323302348896717
2351,23.505424047055282,14.924813,89,9.153480618760582,South America,PE,reference_likely,-12.008889,-77.084472,co|no2|o3|pm10|pm25|so2,0.08258913721377314
235227,26.528224398904637,21.387028,53,8.921681104987522,North/Central America,MX,reference_likely,19.192694444444,-99.586166666667,o3|pm25,0.37657484061223634
235231,28.10286272061272,21.331083,50,6.428062806603332,North/Central America,MX,reference_likely,19.370438888889,-99.75275,pm10|pm25,0.6272307842618768
235232,13.519810931107415,13.542161,76,6.451192174301599,North/Central America,MX,reference_likely,20.388888888889,-99.972147222222,co|no|no2|nox|o3|pm25|so2,0.7254945548672527
235500,35.161429951327214,10.41952,73,40.86044759856827,Europe,BA,reference_likely,44.7725,17.185556,pm25,0.2683505457362785
2359,9.857166267486937,12.053639,87,7.219993975764571,Europe,NL,reference_likely,51.540499999999994,5.85307,no|no2|o3|pm10|pm25,0.8104733690601406
236030,5.671564217891055,5.511734,87,4.473281057051674,North/Central America,CA,reference_likely,46.72139,-79.0997,o3|pm25,0.5038065608368609
236033,2.8507771535580524,4.6769195,89,3.1840424498686475,North/Central America,CA,reference_likely,53.69218,-77.74102,o3|pm25,0.36289252831819213
2361,4.789015276029907,5.6983976,78,3.2930235298441506,Europe,IE,reference_likely,54.439510000000006,-7.900327999999999,o3|pm10|pm25,0.590099462510244
2362,9.284575951794004,10.310256,91,7.746533882188817,Europe,NL,reference_likely,52.2345,6.91949,pm25,0.5637022989719803
2371,8.789105755510503,11.305403,91,7.7472880456544795,Europe,NL,reference_likely,51.9745,4.9233,no|no2|o3|pm10|pm25|so2,0.7084103617011459
2375,22.88649298506046,21.927343,64,11.619343217844674,Other Asia,TH,reference_likely,13.769634,100.614567,pm25,0.7032601818300571
2379288,25.20530237593078,25.588987,56,28.55728438521611,Other Asia,TH,lowcost,18.857987,99.261237,pm1|pm25|relativehumidity|temperature|um003,0.763554922369426
2392,37.223214285714285,6.9119043,84,37.5927638029861,South America,CL,reference_likely,-35.836942234921,-71.592865853985,pm25,0.35941545557285254
2393483,9.780301301875898,10.566551,72,4.856555070375779,Europe,MT,reference_likely,35.9448449997224,14.38573900031498,co|no2|o3|pm10|pm25|so2,0.7316377772586766
2393484,9.737767409196595,10.566551,72,4.872114819309715,Europe,MT,reference_likely,35.9448449997224,14.38573900031498,co|no2|o3|pm10|pm25|so2,0.7205947132443322
2395594,18.494480892748555,26.831966,64,10.756473589685488,Other Asia,TW,reference_likely,23.46477865,120.44125148,co|no2|o3|pm10|pm25|so2,0.018951659021853015
2395604,12.856951275493476,23.369358,65,6.143583209214286,Other Asia,TW,reference_likely,25.066239999999997,121.64081,co|no2|o3|pm10|pm25|so2,0.39713449693690167
2395606,12.504464882943145,22.65654,65,6.033611668697536,Other Asia,TW,reference_likely,24.90009696,121.03886894,co|no2|o3|pm10|pm25|so2,0.4336883621710913
2395607,11.753010033444815,22.65654,65,5.803600096670392,Other Asia,TW,reference_likely,24.74091408,121.08895493,co|no2|o3|pm10|pm25|so2,0.4495588078743903
2395613,10.279218607479477,23.369358,65,5.820321671965055,Other Asia,TW,reference_likely,25.10334003,121.51666356,co|no2|o3|pm10|pm25|so2,0.45220755208703284
2395617,18.33296594709638,27.467628,65,9.996032771899268,Other Asia,TW,reference_likely,22.98928311,120.21947897,co|no2|o3|pm10|pm25|so2,0.5408471458738098
2395621,13.642938583155974,23.85423,65,6.744627596323894,Other Asia,TW,reference_likely,24.69690679,120.89869286,co|no2|o3|pm10|pm25|so2,0.3682980201992831
2395623,14.047748990140294,17.660065,65,6.969731473937579,Other Asia,TW,reference_likely,23.702175,120.19933333,co|no2|o3|pm10|pm25|so2,0.6241371095688429
2395625,19.502961893179286,27.467628,65,11.870598535661479,Other Asia,TW,reference_likely,22.6044507,120.30833355999998,co|no2|o3|pm10|pm25|so2,0.3759495572374541
2395627,22.33156734569778,27.467628,65,11.163249080296865,Other Asia,TW,reference_likely,22.628126000000005,120.357422,co|no2|o3|pm10|pm25|so2,0.4039813251916959
2397,33.161106730706,19.095482,83,20.692886743533716,South America,PE,reference_likely,-12.043022,-76.971444,co|no2|o3|pm10|pm25|so2,0.3887760578283546
2402,26.91729429195058,14.904215,86,10.13151409055998,South America,PE,reference_likely,-12.108872,-77.007689,co|no2|o3|pm10|pm25|so2,0.16473913619951105
2404,8.3157487567557,10.297024,77,7.616146803458989,Europe,NL,reference_likely,52.44801099987146,4.816705999812202,no2|pm10|pm25,0.7288609872744428
2406,16.80162589444626,7.2916174,84,2.1900638173690803,South America,CL,reference_likely,-20.290466881209,-70.100192427636,pm25,0.27033840225817424
2408,14.640840294138647,5.1739464,87,3.3003569554722296,South America,CL,reference_likely,-31.889278312544,-70.629311769684,pm10|pm25,0.23304782723899983
2410591,1.5244106523352068,3.8609438,83,1.4205331675547281,Oceania,AU,lowcost,-35.090766135153224,138.8872893550065,pm1|pm25|relativehumidity|temperature|um003,0.18152467214202342
2411,24.89189279858674,18.537962,63,18.658012142580162,Other Asia,TH,reference_likely,18.4267833,99.7576333,pm25,0.7990736514081626
2415,20.88059468031561,14.924813,89,8.251380647036246,South America,PE,reference_likely,-12.070544,-77.043214,co|no2|o3|pm10|pm25|so2,0.021306989495449954
2422,21.227746212121215,13.226894,88,5.4390304207872004,South America,CL,reference_likely,-29.970390235273,-71.336038250122,pm25,0.4786454638289986
2432,16.81992337164751,12.9868765,87,1.930127302104333,South America,CL,reference_likely,-22.462144644634,-68.92806169339,pm10|pm25|so2,0.08181376792592376
2433,23.30929649804586,25.438974,65,12.028478922029425,Other Asia,TH,reference_likely,13.70806667,100.5473333,pm25,0.73225108457974
2437,10.943659209727766,11.796158,90,8.12749657892959,Europe,NL,reference_likely,52.077099999999994,4.28919,no|no2|o3|pm10|pm25,0.6026150178332642
2439091,20.68747156792224,10.599147,83,26.274284421374986,Other Asia,TH,lowcost,19.369755,98.449955,pm1|pm25|relativehumidity|temperature|um003,0.7821548640882284
2439859,18.987733930988394,10.155538,79,29.96320221229795,Other Asia,TH,lowcost,19.379659,98.396488,pm1|pm25|relativehumidity|temperature|um003,0.7780140785036468
2442,7.652345483773869,7.0777082,80,6.408531912090134,Europe,GB,reference_likely,53.04222,-3.002778,no2|pm10|pm25|so2,0.7281864389057513
2447,9.914160795842154,10.356524,76,7.618003082252173,Europe,NL,reference_likely,52.48930299993997,4.640530999726907,pm10|pm25,0.6937841457896942
2453304,14.812960560744724,9.398745,83,13.157887892685006,Europe,GB,reference_likely,51.52224,-0.15657,pm25|relativehumidity|temperature,0.731361545559401
2453497,20.514964410451995,10.044766,82,7.746335909636265,Sub-Saharan Africa,GH,lowcost,5.653842319123899,-0.1858745812304522,pm1|pm25|relativehumidity|temperature|um003,0.7342975220544874
2453498,15.039960059062878,15.908494,78,12.159683719057828,Europe,CH,lowcost,47.40489,8.60848,pm1|pm25|relativehumidity|temperature|um003,0.5760093879161047
2453500,23.345753629435478,10.044766,82,8.385885414765973,Sub-Saharan Africa,GH,lowcost,5.653842319123899,-0.1858745812304522,pm1|pm25|relativehumidity|temperature|um003,0.690865429553368
2453501,25.071596707048432,10.054835,81,30.33934274244851,Sub-Saharan Africa,GH,lowcost,5.653842319123899,-0.1858745812304522,pm1|pm25|relativehumidity|temperature|um003,0.1612243066930484
2457250,21.27455315468159,11.1645,75,27.854224397739262,Other Asia,TH,lowcost,19.241398,98.44963,pm1|pm25|relativehumidity|temperature|um003,0.8134396467718013
2473,28.930216525112716,7.3414707,85,25.239617269019508,South America,CL,reference_likely,-36.735998,-73.118693,pm10|pm25|so2,0.6153996112279313
2474515,28.547205444647734,10.851731,77,36.807583354876094,Other Asia,TH,lowcost,19.317546,98.448532,pm1|pm25|relativehumidity|temperature|um003,0.7786846460400514
2479977,9.297505007126421,8.833509,71,6.021178513608592,Europe,NO,reference_likely,59.908256,10.749474,pm10|pm25,0.3985535299163335
2483823,15.892575175698994,16.105272,83,14.98640946480696,Sub-Saharan Africa,ZA,lowcost,-29.475638811890462,31.24527600950233,pm1|pm25|relativehumidity|temperature|um003,0.8648949655914365
2493,6.485420990403046,6.3442874,62,3.471878205747049,Europe,GB,reference_likely,52.614193,1.301976,no2|o3|pm10|pm25,0.6151857598461207
25,30.59993614303959,41.6046,87,13.114654851210874,South America,CL,reference_likely,-33.464142,-70.660797,pm10|pm25,0.8772448570321908
2517,6.952783885911083,8.14069,64,3.8400502717653775,Europe,GB,reference_likely,53.76559,-2.680353,no2|o3|pm10|pm25,0.5472805664553171
2525,26.626408382066277,7.262731,90,19.134465775904186,South America,CL,reference_likely,-36.723695141848,-73.123658865174,pm10|pm25|so2,0.6220043798708473
2527,7.50113082562845,7.183267,63,4.807826382415872,Europe,GB,reference_likely,54.59965,-5.928833,co|no2|o3|pm10|pm25|so2,0.5924140403769029
2528,32.500678294573646,6.5468993,86,19.323364113898347,South America,CL,reference_likely,-37.077619809695,-73.154136498581,pm10|pm25|so2,0.3600449026989763
2532110,9.408041811092437,8.157911,79,11.676374628831596,Europe,GB,lowcost,53.401027736215156,-2.984429204976246,pm1|pm25|relativehumidity|temperature|um003,0.467986877446379
2534572,20.34948919181766,10.114583,76,14.879938752933494,Europe,UA,lowcost,50.39068842148681,30.624329446197137,pm1|pm25|relativehumidity|temperature|um003,0.6486403008839274
2553,7.468036840315758,7.3416667,62,3.0149645631870645,Europe,GB,reference_likely,51.638094,-2.6787310000000004,no2|pm10|pm25,0.5260051071636586
2575375,27.18631906526612,22.606676,83,24.64790555559079,Other Asia,TH,lowcost,18.941970789965023,98.94292144786002,pm1|pm25|relativehumidity|temperature|um003,0.8170791978601238
2590138,25.17830515817445,15.784739,83,23.284852740054827,Europe,HR,lowcost,45.808215928423095,15.995745623062676,pm1|pm25|relativehumidity|temperature|um003,0.7970740611238187
26,29.97986891385768,7.2873597,89,26.473403838751853,South America,CL,reference_likely,-36.737202,-73.104427,pm10|pm25|so2,0.5373367432461078
2622561,13.107960586375329,18.090569,91,9.519490989571151,Other Asia,KR,reference_likely,37.23304100000001,126.149272,co|no2|o3|pm10|pm25|so2,0.5978966086968172
2622576,19.361192123828378,22.556023,92,12.138607027459713,Other Asia,KR,reference_likely,37.36049400000001,128.12555,co|no2|o3|pm10|pm25|so2,0.5903518232489222
2622686,15.508409763172832,18.069101,89,8.711570301401302,Other Asia,KR,reference_likely,35.21815,128.57425,co|no2|o3|pm10|pm25|so2,0.7204215055257486
2622701,15.838788023570633,19.406914,91,9.610630750743054,Other Asia,KR,reference_likely,35.912903,128.813758,co|no2|o3|pm10|pm25|so2,0.6900366079475188
2622731,19.16734616812521,24.712639,90,12.537186763039056,Other Asia,KR,reference_likely,36.814170999999995,127.152144,co|no2|o3|pm10|pm25|so2,0.6080408222080863
2622796,18.388317006782064,31.819963,91,14.582157498570163,Other Asia,KR,reference_likely,37.64793,127.011952,co|no2|o3|pm10|pm25|so2,0.6499635833168018
2622814,15.958615692523464,22.090261,89,10.218550713838539,Other Asia,KR,reference_likely,36.076309,126.69838300000002,co|no2|o3|pm10|pm25|so2,0.7075208906840756
2622885,14.905088286454747,23.925093,91,9.357813734049733,Other Asia,KR,reference_likely,36.351111,127.354167,co|no2|o3|pm10|pm25|so2,0.5752327088271705
2623030,13.721403407556528,18.765852,92,9.946163981538161,Other Asia,KR,reference_likely,35.5241766,126.5508918,co|no2|o3|pm10|pm25|so2,0.676880880759835
2623032,18.436069521902308,23.265202,91,11.933519172296156,Other Asia,KR,reference_likely,35.90103,127.005272,co|no2|o3|pm10|pm25|so2,0.6958475132135766
2623075,16.97036033771081,23.105045,90,12.316707703258619,Other Asia,KR,reference_likely,37.906227,126.73108,co|no2|o3|pm10|pm25|so2,0.6756114216412565
2623119,17.09661230689308,28.18385,89,11.316607884236609,Other Asia,KR,reference_likely,37.283798,127.01047199999998,co|no2|o3|pm10|pm25|so2,0.642197996513763
2623124,13.875384591254157,19.550417,90,8.391710409302549,Other Asia,KR,reference_likely,35.236111,128.683889,co|no2|o3|pm10|pm25|so2,0.735787641555296
2623131,16.67423096752019,28.787544,92,13.7191498096531,Other Asia,KR,reference_likely,37.36078,127.11933,co|no2|o3|pm10|pm25|so2,0.643739562393129
2623191,17.832893452303388,31.622116,91,14.028314512367754,Other Asia,KR,reference_likely,37.60666700000001,127.02726400000002,co|no2|o3|pm10|pm25|so2,0.6699805399423927
2623200,14.242915142025499,15.812639,90,8.21699113086344,Other Asia,KR,reference_likely,34.8318834,127.899848,co|no2|o3|pm10|pm25|so2,0.7347463832830331
2623253,15.384456253755543,18.204687,88,7.897960416793057,Other Asia,KR,reference_likely,35.122677,129.05541100000002,co|no2|o3|pm10|pm25|so2,0.7397718269492018
2623336,19.56480457701693,27.0522,89,14.013681331337569,Other Asia,KR,reference_likely,37.384904,126.931247,co|no2|o3|pm10|pm25|so2,0.6491954792062341
2623368,15.397910294924362,27.40977,90,13.073662347012736,Other Asia,KR,reference_likely,37.3221,126.8305,co|no2|o3|pm10|pm25|so2,0.648491326541706
2623403,15.492448187882971,20.875973,90,10.426933407244393,Other Asia,KR,reference_likely,36.90523100000001,127.964141,co|no2|o3|pm10|pm25|so2,0.5858657322957791
2623413,20.568038222477583,24.165834,90,12.577516065289824,Other Asia,KR,reference_likely,36.759735,126.732312,co|no2|o3|pm10|pm25|so2,0.6150204967587592
2623467,13.704554666603043,18.295305,71,6.597159549524227,Other Asia,KR,reference_likely,35.7268791,128.2823425,co|no2|o3|pm10|pm25|so2,0.6848194494653714
2623557,18.257581507472064,31.540895,92,12.99786424950455,Other Asia,KR,reference_likely,37.544639,127.09570600000002,co|no2|o3|pm10|pm25|so2,0.6841692727217796
2623575,14.591364156686844,20.954405,88,10.588703630570034,Other Asia,KR,reference_likely,36.746709,126.301512,co|no2|o3|pm10|pm25|so2,0.5951986756761063
2623607,19.520970061834497,17.749329,87,14.525354939006816,Other Asia,KP,reference_likely,37.652787999999994,125.65290400000002,co|no2|o3|pm10|pm25|so2,0.5181229848605755
2623658,17.31410113520088,17.911388,90,9.710738108317502,Other Asia,KR,reference_likely,34.8943055556,127.61225,co|no2|o3|pm10|pm25|so2,0.723597780675453
2624491,16.819754575951453,18.985416,84,10.620594177276134,Other Asia,KP,reference_likely,37.938413,124.645669,co|no2|o3|pm10|pm25|so2,0.7399628289914547
2625897,21.773874734687794,11.773874,74,13.812179219902104,Europe,CZ,lowcost,50.085915,14.138103,pm1|pm25|relativehumidity|temperature|um003,0.6303178529247903
2655992,9.872437530640097,12.627621,62,7.007891888271428,Europe,XK,reference_likely,42.46779699981242,21.460424999934983,co|no2|o3|pm10|pm25|so2,0.5916455760859337
2655993,6.484908614363756,13.791407,64,4.1462915804770875,Europe,XK,reference_likely,42.67790399980898,21.05284299990358,co|no2|o3|pm10|pm25|so2,0.703446100009842
2655994,5.4587978831259125,17.536894,62,3.3879575276213645,Europe,XK,reference_likely,42.21986000019197,20.727940000058144,co|no2|o3|pm10|pm25|so2,0.7422393529559629
2655996,15.253411645435754,15.152843,85,18.741966361596543,Europe,BA,reference_likely,44.80769999991452,15.866399999798812,no2|o3|pm10|pm25|so2,0.628507357203071
2655998,14.860165201052569,13.956274,87,13.821151423072639,Europe,SI,reference_likely,46.23451421496271,15.26247600391164,no2|o3|pm10|pm25|so2,0.5430172311459815
2655999,14.769579399100213,13.956274,87,13.964482090682262,Europe,SI,reference_likely,46.235657189717145,15.24623519031182,pm10|pm25,0.5232734673694218
2656003,5.057449100192972,4.5131407,65,3.212060137596382,Europe,NO,reference_likely,63.41744999943222,10.396770000046866,no2|pm10|pm25,0.425280404577131
2656005,11.672035505637039,15.32658,87,10.563516558111713,Europe,SI,reference_likely,46.14391306255907,15.083294439588444,pm10|pm25,0.6620912716288841
2656007,6.584886690799844,9.806849,87,6.011497646143443,Europe,SI,reference_likely,45.56109979316704,14.858067454436664,no2|o3|pm10|pm25|so2,0.5969401675007415
2656010,10.575729736300449,11.971415,86,11.369888530950666,Europe,SI,reference_likely,45.54301185760207,13.713523658987516,no2|o3|pm10|pm25,0.6310313551863075
2656011,14.128564699433097,15.949801,84,12.293620386392332,Europe,SI,reference_likely,46.24178832997832,14.362238336762196,pm10|pm25,0.5997014811027412
2656013,12.685945288496209,8.611401,72,11.208709545568395,Europe,BA,reference_likely,43.82249999993878,17.001000000211608,co|no2|o3|pm10|pm25|so2,0.3178399806495311
2656014,12.938530759900397,15.375932,85,11.166446851832308,Europe,SI,reference_likely,46.072091567275685,14.487118334873363,no2|pm10|pm25,0.6863601098673041
2656015,13.742611262579846,15.517337,87,12.51175386469329,Europe,SI,reference_likely,46.065544947151096,14.512720323165714,co|no2|o3|pm10|pm25,0.6577657502522536
2656016,13.937569025157263,15.517337,87,13.15846602155178,Europe,SI,reference_likely,46.03748702017331,14.48927171967859,pm10|pm25,0.6413922966368637
2656017,24.399403756121472,12.209028,66,21.088975377621345,Europe,BA,reference_likely,44.53319999976138,18.53469999994531,no2|o3|pm25|so2,0.4730519410886222
2656019,11.697024267849049,14.674559,85,10.825273990121449,Europe,SI,reference_likely,46.558870835333785,15.65130261991171,no2|pm10|pm25,0.5600041677877526
2656020,11.437156710635875,14.6702585,87,10.961665228702326,Europe,SI,reference_likely,46.56835072124402,15.626122060065228,no2|o3|pm10|pm25,0.5568527772307738
2656021,15.43141575405906,12.69514,84,12.245836059177554,Europe,SI,reference_likely,46.657760654679215,16.15923293199877,pm10|pm25,0.5376874237926897
2656022,13.220381315526367,12.54248,87,10.85153863993999,Europe,HR,reference_likely,46.65208637823152,16.19131664685004,no2|o3|pm10|pm25,0.5660362812571899
2656024,13.920312652313648,15.32658,87,11.938367825504113,Europe,SI,reference_likely,45.80181822680355,15.177261465717097,no2|o3|pm10|pm25,0.6336641887961125
2656027,13.583639871086518,14.240231,87,11.802578993572219,Europe,SI,reference_likely,46.4255029796374,15.876509700193422,pm10|pm25,0.671391785812612
2656035,27.45068603805596,10.551647,86,37.47942188357816,Europe,BA,reference_likely,43.90000000023272,18.341999999728493,no2|pm10|pm25|so2,0.367765405970091
2656036,30.741398863982578,12.476616,49,29.214580514374628,Europe,BA,reference_likely,44.54055400018482,18.67333800026334,co|pm25|so2,0.4685840090234249
2656041,22.216438975518937,9.940895,81,20.285676149885557,Europe,BA,reference_likely,44.22499999984208,17.666999999597877,no2|o3|pm10|pm25|so2,0.3806674275409605
2656042,12.358827393756524,15.32658,87,11.331527406833427,Europe,SI,reference_likely,46.157508393053426,15.053950465081174,pm10|pm25,0.683614153956353
2656044,28.056127496805153,12.7814455,64,26.02967796732306,Europe,BA,reference_likely,44.5237000000053,18.600200000421783,co|pm25|so2,0.49095705682626256
2656047,13.862097010706126,15.311628,86,12.670038955953586,Europe,SI,reference_likely,46.13111418221215,14.996115171781492,no2|o3|pm10|pm25|so2,0.6252978084173765
2656052,18.603534472823792,10.886511,80,15.561720394567013,Europe,BA,reference_likely,44.28999999971563,17.90999999993236,o3|pm10|pm25|so2,0.5104709120904889
2656054,7.022888329657278,4.6405144,47,3.59706567127301,South America,GF,reference_likely,4.920832999862801,-52.32194499987723,pm10|pm25,0.8735204848151547
2661532,40.54403409090909,4.299716,88,37.223583936367405,South America,CL,reference_likely,-40.581945892399,-73.173134892662,pm25,0.4643939817565098
2669,12.722895191558337,13.060558,88,12.666882811438615,Europe,DE,reference_likely,48.13725200011463,11.564923999614544,co|no2|o3|pm10|pm25,0.2967541677360781
2692642,26.270068152316295,22.036676,81,16.77892314388555,Other Asia,TH,lowcost,13.749383457371344,100.47691024942468,pm1|pm25|relativehumidity|temperature|um003,0.7907478807881073
2697130,9.31888570431981,10.380978,69,4.577192827939053,Europe,MT,reference_likely,35.89009099973841,14.434573000194618,no2|o3|pm10|pm25,0.6071392365481654
2697131,11.349638232223443,10.71444,73,4.514185236759265,Europe,MT,reference_likely,35.89556299965945,14.493217000032196,co|no2|pm10|pm25|so2,0.5940120171117651
27,26.87089793281654,13.893412,86,7.039890304965329,South America,CL,reference_likely,-32.924568,-71.515399,pm10|pm25|so2,0.6959991930424179
270,23.780397727272728,7.278409,88,15.558380714977332,South America,CL,reference_likely,-37.463035064801,-72.324575155457,pm10|pm25,0.4695138645961671
270697,45.230305912702676,60.41483,77,23.075576067982546,South Asia,IN,reference_likely,28.88528,78.7388,co|no|no2|o3|pm10|pm25|relativehumidity|so2|temperature,0.46670455533242156
270703,44.25775378333097,55.138527,69,30.077430952137824,South Asia,IN,reference_likely,24.952822,84.002396,co|no|no2|pm10|pm25|relativehumidity|temperature,0.11443638953565188
270721,42.47556402953133,50.337444,78,23.90487412046673,South Asia,IN,reference_likely,25.265194,87.012947,co|no|no2|o3|pm10|pm25|relativehumidity|so2|temperature,0.3598669923540401
270728,38.91184535910585,58.75286,70,23.1320107185297,South Asia,IN,reference_likely,25.892357,86.590325,co|no|no2|o3|pm10|pm25|relativehumidity|so2|temperature,0.4753916910567098
270729,37.8330153369678,64.85352,65,20.986309282428866,South Asia,IN,reference_likely,25.7808257,84.7446768,co|no|no2|o3|pm10|pm25|relativehumidity|so2|temperature,0.5504729660762443
270730,44.896640282541675,60.994007,73,29.786803542486897,South Asia,IN,reference_likely,25.0328,85.41948,co|no|no2|o3|pm10|pm25|relativehumidity|so2|temperature,0.468858835184987
270755,4.55302207695686,4.8442307,65,2.7968502707265572,Europe,SE,reference_likely,58.590397,16.178606,pm25,0.4724960797933601
270771,32.537314762715106,59.9308,79,24.697884988092312,South Asia,IN,reference_likely,28.83526,78.7446,co|no|no2|o3|pm10|pm25|relativehumidity|so2|temperature,0.6297934933482103
2727,8.763960896922706,9.113027,87,4.913025087712979,Europe,ES,reference_likely,43.30268000004976,-2.9772400002751915,co|no2|pm10|pm25|so2,0.7984458074774823
2730422,36.17432950191571,6.512931,87,28.840335642603417,South America,CL,reference_likely,-39.290485097831,-72.222104072571,pm25,0.4083158192130936
2743106,13.79025880127859,12.3898325,50,5.0791431715939215,North/Central America,MX,reference_likely,21.491748,-104.894906,co|no|no2|nox|o3|pm10|pm25,-0.11831282918211214
2752623,9.536531694829748,57.37922,81,10.021888622037332,China,CN,lowcost,43.457274,80.453964,pm1|pm25|relativehumidity|temperature|um003,0.12174451206314069
2755884,8.901149738431094,5.9982142,84,8.54125533860416,Europe,IE,lowcost,53.667788,-6.278266,pm1|pm25|relativehumidity|temperature|um003,0.7044708821250776
2766827,8.28811575147719,8.946135,83,7.809894344332089,Europe,PT,lowcost,38.626694,-9.200861,pm1|pm25|relativehumidity|temperature|um003,0.6300974143129203
2767956,20.648443356617058,11.012901,83,15.472367360358403,Europe,RO,lowcost,46.7785,23.6427,pm1|pm25|relativehumidity|temperature|um003,0.6334188450182671
277979,9.575004136650099,7.8367214,91,11.215146932793907,North/Central America,CA,reference_likely,50.955122,-113.969742,pm25,0.6019857635185294
277980,9.377522841713663,7.5304017,81,22.204090517274913,North/Central America,CA,reference_likely,55.1767,-118.8064,pm25,0.5908478819267031
277981,10.986919808969498,8.44803,91,18.328736844260405,North/Central America,CA,reference_likely,56.448889,-111.038056,no|no2|o3|pm25,0.7205239134768556
277983,10.423727978370836,8.876969,91,20.278744643617895,North/Central America,CA,reference_likely,55.632331,-111.078872,no|no2|o3|pm25,0.6747640897824709
277985,7.511283077625672,7.380524,89,7.565724529513143,North/Central America,CA,reference_likely,52.24095,-113.765439,pm25,0.6673826781271838
278007,8.72051348410044,7.9264197,91,12.184278055189775,North/Central America,CA,reference_likely,53.951834,-113.105857,no|no2|o3|pm25,0.4755486501198073
278912,13.027260924251395,10.745883,84,12.488379543958198,Europe,BG,lowcost,43.029,25.0916,pm1|pm10|pm25|pm4,0.5950682502727859
278914,12.897394617778614,10.646739,92,10.852440564918982,Europe,BG,lowcost,43.0175,25.0981,pm1|pm10|pm25|pm4,0.6282295233511328
278917,9.926736995000839,9.379438,92,8.312309376755929,Europe,BG,lowcost,42.8098,25.3587,pm1|pm10|pm25|pm4,0.23964979414006432
2798193,16.624659824923636,4.5815477,63,13.306726199541322,South America,AR,lowcost,-35.6442117793875,-59.783312717343826,pm1|pm25|relativehumidity|temperature|um003,0.06522615047122926
2810138,33.397319509135365,8.5814705,85,28.173266183503163,South America,CL,reference_likely,-36.416240486447,-71.967744827271,pm25,0.578041968418002
2811479,22.738231151539445,15.427108,83,15.064792846883751,Other Asia,TH,lowcost,14.631278247689572,102.71985109647431,pm1|pm25|relativehumidity|temperature|um003,0.6268548014095484
2812561,21.30339701917124,21.07375,70,18.249807018474197,Central Asia,KZ,reference_likely,43.29161,76.80437,pm25,0.7216091071695453
2812563,34.60431840737756,21.998838,61,38.03771265901326,Central Asia,KZ,reference_likely,43.31676,76.91084,pm25,0.7308497927280002
2812565,24.889301037740115,21.303797,79,26.97681181786961,Central Asia,KZ,reference_likely,43.35813,76.9229,pm25,0.5487524809438421
2812566,10.270188376336973,10.493773,89,6.117819707116764,North/Central America,US,reference_likely,38.53296,-121.46499,pm25,0.7453619222813558
2812571,17.617617605164217,17.143333,90,5.252879437394028,Sub-Saharan Africa,CV,reference_likely,14.92445,-23.50927,pm25,0.5143829375890101
2812576,29.4839563224514,21.407581,72,25.818627470225984,Central Asia,KZ,reference_likely,43.24966,76.8056,pm25,0.726971998632182
2812581,10.528297041428523,23.658741,92,5.578137158232566,North/Central America,US,reference_likely,34.07245,-118.45012,pm25,0.7350295602658135
2812611,11.788404522101489,17.364536,90,5.117126769218902,Sub-Saharan Africa,CV,reference_likely,16.59983,-22.90778,pm25,0.7959352994231116
2812620,16.724594020985364,20.334017,67,10.187750724707309,Central Asia,KZ,reference_likely,43.17658,76.89771,pm25,0.6817188777932559
2812632,24.081668724541455,21.664324,80,23.915776055690415,Central Asia,KZ,reference_likely,43.36861,76.94705,pm25,0.589402180398972
2812635,28.56136773863387,21.407581,72,29.173351604907744,Central Asia,KZ,reference_likely,43.29678,76.99159,pm25,0.770527853223855
2812649,35.87795647772165,21.083876,69,70.86215913181006,Central Asia,KZ,reference_likely,43.28323,76.92753,pm25,0.23132344134976404
2812651,34.76864585985207,21.002817,71,29.179912423100745,Central Asia,KZ,reference_likely,43.29076,76.84123,pm25,0.6872433314846658
2812678,11.041035741067278,17.19102,90,5.023710153570883,Sub-Saharan Africa,CV,reference_likely,16.17528,-22.91503,pm25,0.8065069210835712
2812687,55.177360574169995,21.407581,72,73.03047889612972,Central Asia,KZ,reference_likely,43.25348,76.94537,pm25,-0.06469126984678895
2812689,33.108701119721225,21.407581,72,37.374642630672646,Central Asia,KZ,reference_likely,43.34158,76.98193,pm25,0.7391785915522726
2812690,20.86562142497708,22.792519,44,17.03795798800302,Central Asia,KZ,reference_likely,43.18579,76.82848,pm25,0.6836681091826073
2812709,9.095887339272112,16.78875,90,4.159038512455226,Sub-Saharan Africa,CV,reference_likely,14.89604,-24.49705,pm25,0.1786778624065629
2812716,19.65755997867976,21.002817,71,16.166525887881434,Central Asia,KZ,reference_likely,43.22833,76.96028,pm25,0.7346477318035487
2812717,17.456339730566928,18.983004,63,14.754903243930505,Central Asia,KZ,reference_likely,43.21431,76.8555,pm25,0.7445907601655993
2812718,18.024635144351702,20.759762,70,11.2574458404434,Central Asia,KZ,reference_likely,43.34819,76.8433,pm25,0.5210481376101788
2812726,31.74883175165838,21.407581,72,30.13630957684759,Central Asia,KZ,reference_likely,43.23396,76.80013,pm25,0.7368843616212752
2812740,156.27574082090138,20.693748,52,47.14370282596383,Other Asia,PH,reference_likely,15.00045,120.7505,pm25,-0.18055569832062485
2812741,10.523007663427451,9.618519,90,5.690719006617645,Europe,FR,reference_likely,43.33723,5.41072,pm25,0.699667546422597
2812749,33.52117728178078,21.407581,72,33.81673640632875,Central Asia,KZ,reference_likely,43.27865,76.90347,pm25,0.7476913809368771
2812751,16.134242602752792,21.407581,72,18.452563283156774,Central Asia,KZ,reference_likely,43.21846,76.94964,pm25,0.766282779083687
2812753,102.8685509273817,22.949167,55,241.4184873862562,Central Asia,KZ,reference_likely,43.15476,76.8992,pm25,-0.23263607362264777
2812757,25.707572410219967,13.125155,80,13.615115620702214,South Asia,LK,reference_likely,9.66831,80.02299,pm25,0.8518923402350091
2812769,19.603022346567162,21.407581,72,15.54483161047921,Central Asia,KZ,reference_likely,43.19365,76.90963,pm25,0.7424374120252218
2812775,17.944145319818208,21.002817,71,12.570169298941222,Central Asia,KZ,reference_likely,43.17203,76.85234,pm25,0.6543787100768134
2812784,21.420822642885035,20.759762,70,21.959303222892018,Central Asia,KZ,reference_likely,43.2368,76.94481,pm25,0.7017273666859724
2812792,23.13700997329239,19.355238,70,27.615096733624053,Central Asia,KZ,reference_likely,43.3104,76.94217,pm25,0.5966208057651377
2812809,24.983356109795523,21.407581,72,22.154489233915964,Central Asia,KZ,reference_likely,43.24283,76.82872,pm25,0.724534603344002
2812826,26.289217872202627,21.17365,71,24.69624206233463,Central Asia,KZ,reference_likely,43.29171,76.9898,pm25,0.7766817442964002
2812833,26.317037592746203,21.407581,72,22.442170327583007,Central Asia,KZ,reference_likely,43.20533,76.77692,pm25,0.7654220303403843
2813975,15.681683455496355,9.123933,82,9.776595740178042,Other Asia,TH,lowcost,6.87268456246548,99.80799344894623,pm1|pm25|relativehumidity|temperature|um003,0.809793939700425
2815913,7.238530988741633,10.090345,82,4.117640615946581,Europe,ES,lowcost,27.7686364,-15.5894112,pm1|pm25|relativehumidity|temperature|um003,0.5619592173459954
281864,5.068115923126052,8.4240055,88,3.221261293517211,Europe,ES,lowcost,36.8466,-2.4649,pm1|pm10|pm25|pm4,0.6913017552644362
2820274,11.052471137455349,10.994742,84,5.7391885676872665,Europe,RO,reference_likely,47.213307999989155,27.611075000405265,co|no2|o3|pm10|pm25|so2,0.638049828763852
2821337,22.50991184080158,17.120953,70,23.095780337403916,Other Asia,LA,lowcost,20.1738211256972,100.0637395138998,pm1|pm25|relativehumidity|temperature|um003,0.838711397244701
2821701,23.367383428337323,16.443624,83,19.87573240007488,Other Asia,TH,lowcost,14.128972484746535,99.69294076763131,pm1|pm25|relativehumidity|temperature|um003,0.7469410084571738
282704,8.05595217623505,7.9948273,87,4.417187109202719,Europe,LV,reference_likely,56.95484699998251,24.10475599985532,no2|o3|pm10|pm25|so2,0.4333461271978153
282705,8.52439758250534,8.375521,88,5.600329472767005,Europe,LT,reference_likely,56.162350999992654,21.173330999843387,no2|o3|pm10|pm25|so2,0.3266833638283214
282706,11.232611064501903,8.736553,88,6.155158620221171,Europe,LV,reference_likely,57.40399699979552,21.59031699995187,pm10|pm25,0.276256391277894
2827389,25.32188678381157,24.259401,82,20.800714981526262,Other Asia,TH,reference_likely,18.643732496500956,99.11761562116168,pm25|relativehumidity|temperature,0.8120441584435274
2827392,7.946451302174013,8.738855,83,8.087976948570585,Other Asia,TH,reference_likely,7.909639025949969,98.38698699663972,pm25|relativehumidity|temperature,0.7777487336662924
2827394,13.215476158894742,9.750101,83,9.019994984101453,Other Asia,TH,lowcost,7.158502558743491,100.6113217561578,pm1|pm25|relativehumidity|temperature|um003,0.8366273426140737
2827395,16.272754218971276,14.873863,77,11.97133097250551,Other Asia,TH,lowcost,17.42769650946683,103.61873634019608,pm1|pm25|relativehumidity|temperature|um003,0.6562431146092721
2828557,26.700580343473366,21.466885,76,9.618749787692611,North/Central America,MX,lowcost,19.526400713181193,-98.84636150516418,pm1|pm25|relativehumidity|temperature|um003,0.590327424573982
2832266,17.72898299578507,12.954277,76,13.35485464476682,Other Asia,TH,lowcost,13.638638923364107,102.39096382050208,pm1|pm25|relativehumidity|temperature|um003,0.5802114347426359
2832600,23.382623963301135,13.904569,83,29.78504177490883,Other Asia,TH,lowcost,18.129044618992815,99.20212951372334,pm1|pm25|relativehumidity|temperature|um003,0.8183851564006106
2835,11.058450316637817,11.690259,74,10.38887038992908,Europe,AT,reference_likely,47.21570299990339,15.628392000380256,no2|o3|pm10|pm25,0.546689480603785
2836346,35.04278080086176,80.846664,80,24.307441157891688,China,CN,lowcost,39.93774276385757,116.44345512863649,pm1|pm25|relativehumidity|temperature|um003,0.6018769794239363
2837721,25.877500730920037,8.573323,82,19.97981780888882,Europe,RO,lowcost,45.798699,24.133733,pm1|pm25|relativehumidity|temperature|um003,-0.09487637422664177
2838,11.539045303955909,13.689789,71,10.196138157979853,Europe,SI,reference_likely,46.778333000184496,15.540556000320228,no2|pm10|pm25,0.5351624433351982
2839,11.226915261509554,10.932073,76,8.231345642624332,Europe,AT,reference_likely,48.306119000286174,14.297503000221871,no2|o3|pm10|pm25,0.6232205636883204
2843,10.69023244156386,12.624277,75,6.24709635813635,Europe,AT,reference_likely,48.30822199989378,16.327944000169904,no2|pm10|pm25,0.35466747304754614
2843713,18.59895497616879,14.201069,78,13.398110202997056,Other Asia,TH,lowcost,14.708486039648944,103.42312321153788,pm1|pm25|relativehumidity|temperature|um003,0.7566932113869108
2843720,25.793105622728802,12.980572,83,26.404723370072663,Other Asia,TH,lowcost,18.55614310402829,100.71911569413427,pm1|pm25|relativehumidity|temperature|um003,0.7977796924465321
2843723,19.090283855968902,11.095331,83,14.046074895873305,Other Asia,TH,lowcost,12.949917877088192,101.03639622869056,pm1|pm25|relativehumidity|temperature|um003,0.7183703749145065
2843771,32.629226653579124,12.207047,81,31.086720277444186,Other Asia,TH,lowcost,18.02707441554263,98.66349112279283,pm1|pm25|relativehumidity|temperature|um003,0.8251865501256432
2844342,10.108860779098416,11.888904,92,3.786614106774911,North/Central America,US,reference_likely,29.76808,-95.26723,pm25,0.4414760553010618
2845347,26.982334246316345,15.546849,82,16.067802196768145,Other Asia,TH,lowcost,14.817848930975666,102.88950559496688,pm1|pm25|relativehumidity|temperature|um003,0.5628742474054172
2845636,21.686305896114693,15.579218,82,16.182653507808062,Europe,CZ,lowcost,50.171781,14.296638,pm1|pm25|relativehumidity|temperature|um003,0.7574236330937307
2847191,6.040823122463765,18.038229,40,6.002782227987112,Other Asia,TH,lowcost,18.082763142301825,100.17276032284325,pm1|pm25|relativehumidity|temperature|um003,0.5906548807660299
2847192,28.52162996395694,27.297182,68,20.246483989849647,Other Asia,TH,lowcost,14.490412714080469,100.43669131922096,pm1|pm25|relativehumidity|temperature|um003,0.6993731018291592
2847196,19.751146237020905,10.966869,82,16.21264792243718,Other Asia,TH,lowcost,12.75573100747808,101.22385802114438,pm1|pm25|relativehumidity|temperature|um003,0.6459318155737529
2847198,16.34856308480075,10.719999,40,11.93132526415403,Other Asia,LA,lowcost,20.172104137137712,100.11495065829588,pm1|pm25|relativehumidity|temperature|um003,0.5938462179700762
2847199,22.343211658399834,18.478662,58,13.890520546815573,Other Asia,TH,lowcost,14.924239991191785,102.83397082105888,pm1|pm25|relativehumidity|temperature|um003,0.7206746885763743
2847298,14.372528757463778,9.989062,40,11.659121618132467,South America,AR,lowcost,-34.79488517026303,-58.40140165642574,pm1|pm25|relativehumidity|temperature|um003,0.7657619058483586
2847325,34.43183244506591,23.29627,76,19.060465024251226,Sub-Saharan Africa,ZA,reference_likely,-26.723,27.877,pm25|relativehumidity|temperature,0.6995067329140368
2847326,37.56204311683024,23.29627,76,21.09839453279865,Sub-Saharan Africa,ZA,reference_likely,-26.724689,27.884772,pm25|relativehumidity|temperature,0.6968530045072945
2848864,39.3696186249671,37.583332,51,26.751797367976952,South Asia,NP,lowcost,27.68189114,85.28707804,pm1|pm25|relativehumidity|temperature|um003,0.8475740179164173
2849035,24.16198001593476,10.740126,73,17.622962063686817,Europe,HU,lowcost,47.44513,21.632067,pm1|pm25|relativehumidity|temperature,0.6013005029313513
2851582,22.37957326534723,10.8445,50,9.573031121372194,MENA,MA,lowcost,31.660974,-8.027883,pm1|pm25|relativehumidity|temperature|um003,0.014777738612300197
2858173,26.022040306397642,21.445833,43,15.928968809804788,Other Asia,TH,lowcost,14.687464929074752,102.798590332177,pm1|pm25|relativehumidity|temperature|um003,0.6814489490651644
2860223,122.00003429919988,103.98535,66,102.23652019497253,South Asia,IN,lowcost,28.5500047,77.2431058,pm1|pm25|relativehumidity|temperature|um003,0.20429435589492012
2864336,13.435910072596206,6.508439,79,11.126582687147128,Europe,FR,lowcost,48.7466667,-0.5683333,pm1|pm25|relativehumidity|temperature|um003,0.7288488094070834
2874879,15.012070567071776,4.9368052,72,9.293528083705517,South America,AR,lowcost,-35.63386558517702,-59.77481854387068,pm1|pm25|relativehumidity|temperature|um003,0.3739129035759607
2876975,23.847721679273715,13.294462,82,16.02638773247693,Europe,PL,lowcost,52.207899,21.148612,pm1|pm25|relativehumidity|temperature|um003,0.7194934158243889
2877115,11.781724354658841,14.413462,65,8.432658042878693,North/Central America,US,reference_likely,32.55865,-117.04821,pm25,0.6829238898950545
2878674,4.809542365278879,7.348193,83,4.57085942389208,Oceania,AU,lowcost,-37.765431408016745,144.92159283860687,pm1|pm25|relativehumidity|temperature|um003,0.4057731698034416
2879671,17.17233435692889,11.013502,79,8.363042070140386,Other Asia,PH,lowcost,10.735369779100294,122.537027037533,pm1|pm25|relativehumidity|temperature|um003,0.40106719754328246
2889293,7.633678573000016,7.443796,90,6.85663534172079,Europe,JE,reference_likely,49.18045,-2.1036,pm25,0.45927507324281913
2889296,7.294778839312183,7.3866887,77,6.511006230812405,Europe,JE,reference_likely,49.19031,-2.11092,pm25,0.5233059341822234
2889297,6.767503376356504,7.443796,90,6.174978409111455,Europe,JE,reference_likely,49.18529,-2.10369,pm25,0.48133978206686945
2894142,13.920000278829601,18.268076,71,11.567965917588705,Other Asia,TH,lowcost,16.25802367972713,102.77506342533592,pm1|pm25|relativehumidity|temperature|um003,0.7198056470011557
2896748,7.822479343280325,7.443796,90,7.055463248305709,Europe,JE,reference_likely,49.2071,-2.1735,pm25,0.5215167955099377
2896750,6.846295811667433,7.443796,90,6.613523851345545,Europe,JE,reference_likely,49.1833,-2.1121,pm25,0.5175123383829042
2896751,8.594816261354318,7.443796,90,7.932994912449861,Europe,JE,reference_likely,49.1945,-2.1282,pm25,0.5087894414851484
2896752,5.731841447190839,7.443796,90,4.984191230578659,Europe,JE,reference_likely,49.188,-2.1701,pm25,0.4701189663156073
2896755,7.870069371690114,7.443796,90,6.491214091398196,Europe,JE,reference_likely,49.1877,-2.117,pm25,0.49608010729181096
2896757,8.079031381575238,7.4516287,87,6.403380256663212,Europe,JE,reference_likely,49.1832,-2.107,pm25,0.5298389411015887
2896759,6.262952249538037,7.443796,90,5.851201250674987,Europe,JE,reference_likely,49.1868,-2.1099,pm25,0.509012338573929
2896760,7.28786614685157,8.616203,90,6.023080215827595,Europe,JE,reference_likely,49.2327,-2.2026,pm25,0.42306309575671136
2896761,8.522865867340034,7.443796,90,7.47991695377715,Europe,JE,reference_likely,49.213,-2.1821,pm25,0.5054620975651828
2896762,8.56669104429056,8.616203,90,8.051882100560638,Europe,JE,reference_likely,49.1906,-2.2004,pm25,0.4100869890016321
2896763,8.295787918473636,7.443796,90,8.035475576726146,Europe,JE,reference_likely,49.1762,-2.1108,pm25,0.46994988979426233
2896764,8.244936459403995,7.443796,90,7.2675391374316565,Europe,JE,reference_likely,49.2331,-2.0898,pm25,0.4960997921388581
2896765,8.474030428673734,7.60886,87,7.548332347149378,Europe,JE,reference_likely,49.2197,-2.1145,pm25,0.486849967979322
2896766,8.399933836931902,7.443796,90,7.632330675773475,Europe,JE,reference_likely,49.1928,-2.1086,pm25,0.48790808362719873
2896767,8.271615454372274,7.443796,90,7.093056410488581,Europe,JE,reference_likely,49.1921,-2.0998,pm25,0.4731434270252754
2896768,7.628433788971144,7.469522,89,7.092081649380079,Europe,JE,reference_likely,49.1838,-2.0955,pm25,0.5037893738096676
2896769,6.175889711181966,7.443796,90,6.004920769041648,Europe,JE,reference_likely,49.1804,-2.1159,pm25,0.4897307386126838
2896770,8.414492094199453,7.443796,90,7.363947709522674,Europe,JE,reference_likely,49.2457,-2.1387,pm25,0.5013928563505038
2896772,8.211067334476715,7.443796,90,7.536657675590778,Europe,JE,reference_likely,49.1788,-2.0937,pm25,0.43486289571966324
2896885,7.718264447323394,8.616203,90,7.611900769508182,Europe,JE,reference_likely,49.1881,-2.2148,pm25,0.4246712009558084
2896886,7.478316181736606,7.443796,90,7.457744423625905,Europe,JE,reference_likely,49.2141,-2.1413,pm25,0.48338851759405166
2903330,8.93774129582986,3.571748,82,5.775902805760261,South Asia,NP,lowcost,29.908,81.336,pm1|pm25|relativehumidity|temperature|um003,0.05862799567954776
2907565,15.032504960895881,14.053722,75,12.776762090221474,Europe,HR,lowcost,46.42987625,16.3217881,co|no|no2|pm1|pm10|pm25|so2,0.6609142075773087
2907568,33.082312653125264,13.797916,74,49.94541975039699,Europe,HR,lowcost,45.25928843,18.25477953,co|no|no2|pm1|pm10|pm25|so2,0.26242524674542217
2907570,10.190358909456174,16.614908,45,7.091085134272027,Europe,HR,lowcost,46.01791218,15.9396926,co|no|no2|pm1|pm10|pm25|so2,0.7328729216766727
2907571,4.022015191095454,13.80725,50,4.011988969593115,Europe,BA,lowcost,45.29507638,15.97712065,co|no|no2|pm1|pm10|pm25|so2,0.343144626218544
2913899,5.314307953199776,6.476141,84,4.841396831609712,North/Central America,US,lowcost,45.8724587,-122.6684063,pm1|pm25|relativehumidity|temperature|um003,0.7090116234193954
2921216,28.73508372587631,29.348333,70,18.229487613442664,MENA,SD,lowcost,15.3721,28.3452,pm1|pm25|relativehumidity|temperature|um003,-0.24853139118877804
2926254,29.521568774823283,12.202623,81,25.31535767758999,Other Asia,TH,lowcost,18.177309310650944,98.61097589156437,pm1|pm25|relativehumidity|temperature|um003,0.8200531062782781
2926351,10.395110750273549,8.75385,79,9.535282274160384,Other Asia,TH,lowcost,7.860514922370785,98.36903463319535,pm1|pm25|relativehumidity|temperature|um003,0.6160036634524061
2927462,18.005866114561766,17.535383,63,9.355084915976299,China,CN,reference_likely,26.153736,119.952724,co|no2|o3|pm10|pm25|so2,0.7344005122186479
294,28.36483275663207,4.494853,85,27.788595905641703,South America,CL,reference_likely,-41.4795069236,-72.968755930145,pm25,0.18984899267470914
2941722,25.972684364030545,10.404321,81,18.39288862891097,Europe,MD,lowcost,47.016063030342615,28.84718974542958,pm1|pm25|relativehumidity|temperature|um003,0.7044543030123223
2942,6.56977670428763,10.82476,87,7.984284015202365,Europe,BE,reference_likely,50.624991569679906,5.547464182591416,pm10|pm25,0.8140216782320961
2943144,14.458546140557527,11.376488,84,9.32659310353265,Europe,PT,lowcost,41.12928674646327,-8.652549222201719,pm1|pm25|relativehumidity|temperature|um003,0.6715794205298995
2944,34.29209565534867,5.713504,83,26.85895294934731,South America,CL,reference_likely,-37.485131692556,-73.331626473541,pm25,0.4723227309465467
295419,4.82847187715666,5.4278703,90,3.828015560883134,North/Central America,CA,reference_likely,50.007794,-114.93342,pm10|pm25,0.5039723860469384
295420,6.461752569523691,5.7086644,88,4.567713337059049,North/Central America,CA,reference_likely,49.732786,-114.88766,no|no2|o3|pm10|pm25,0.39551753608868895
2957005,10.590791699436588,9.287289,59,15.104638420453995,North/Central America,CA,lowcost,51.136354,-114.145923,pm1|pm25|relativehumidity|temperature|um003,0.7606075985729078
2959194,16.379661510722876,14.504168,73,11.005853159945335,Other Asia,JP,lowcost,36.32029940545504,138.60176862477547,pm1|pm25|relativehumidity|temperature|um003,0.6529471255988855
2959203,12.35572890879485,9.542842,78,10.351027168732541,Sub-Saharan Africa,ZA,lowcost,-28.731301,32.039016,pm1|pm25|relativehumidity|temperature|um003,0.6737188435579294
2959824,5.260250057417824,9.581476,83,4.9961266791411365,Sub-Saharan Africa,ZA,lowcost,-28.744719,32.054805,pm1|pm25|relativehumidity|temperature|um003,0.6958363950604806
2959855,7.322777762985202,8.567479,82,7.580408491179621,Europe,NO,lowcost,59.932931403229304,10.790277774001858,pm1|pm25|relativehumidity|temperature|um003,0.4245077968859178
296,25.436350574712645,11.667673,87,7.6603471724425045,South America,CL,reference_likely,-22.111064,-70.210828,pm25,0.13968324585360262
2960156,27.468558931524836,9.618293,82,66.89647844560467,Sub-Saharan Africa,ZA,lowcost,-28.829229,31.893536,pm1|pm25|relativehumidity|temperature|um003,0.09819450911917113
2960619,34.646261710281244,16.500422,89,35.882286961930205,Other Asia,AM,reference_likely,40.1577,44.46107,pm25,0.5491376141052822
2960620,33.68629575175101,17.903013,47,29.434217111752858,Other Asia,AM,reference_likely,40.10854,44.47083,pm25,0.7973878295334671
2960621,26.823059381586198,12.51176,90,24.304207063956483,Other Asia,AM,reference_likely,40.21921,44.48644,pm25,0.35506715680568024
2960622,39.67150020478613,17.903013,47,35.927340520717976,Other Asia,AM,reference_likely,40.10915,44.47167,pm25,0.8067379852988549
2960624,30.294364089619386,16.418842,90,29.836982269362323,Other Asia,AM,reference_likely,40.17785,44.54284,pm25,0.5944842501828272
2960625,36.674922605276194,16.418842,90,37.840482696300825,Other Asia,AM,reference_likely,40.15192,44.48662,pm25,0.5952326005206942
2960626,28.941214019893817,12.51176,90,24.090856562325822,Other Asia,AM,reference_likely,40.20564,44.54468,pm25,0.43949573230232386
2960627,28.190908819397333,18.760218,42,23.751454553880908,Other Asia,AM,reference_likely,40.14499,44.49662,pm25,0.837679043818459
2960628,30.346084927184503,12.54607,88,25.362179939441933,Other Asia,AM,reference_likely,40.20369,44.54071,pm25,0.4251334780074727
2960629,31.128553769575692,12.51176,90,27.5490258029588,Other Asia,AM,reference_likely,40.20032,44.53688,pm25,0.4081746008983413
2960630,33.15158485980071,16.106588,86,40.102246346787446,Other Asia,AM,reference_likely,40.19611,44.50853,pm25,0.5632634026803865
2960631,26.602634155885536,18.482267,43,20.237430803974107,Other Asia,AM,reference_likely,40.19469,44.50967,pm25,0.8298733119485449
2960632,30.781302340811934,16.418842,90,32.37849563134801,Other Asia,AM,reference_likely,40.19758,44.51112,pm25,0.48237226174598846
2960634,33.14323258054591,16.44091,88,30.739010953920452,Other Asia,AM,reference_likely,40.18961,44.47152,pm25,0.5488021645805259
2960636,27.017871835014674,16.418842,90,26.063967190912404,Other Asia,AM,reference_likely,40.17792,44.54339,pm25,0.6187283833820697
2960637,33.577241542785565,18.760218,42,26.525366409135742,Other Asia,AM,reference_likely,40.14486,44.49704,pm25,0.8270508746845956
2960638,28.195171997976352,16.418842,90,26.721440642647227,Other Asia,AM,reference_likely,40.19815,44.5099,pm25,0.5606991902387204
2960639,33.5792672795448,16.418842,90,31.976518905624584,Other Asia,AM,reference_likely,40.18095,44.51361,pm25,0.5674442126491936
2960640,30.73776904909627,16.418842,90,30.16217670199237,Other Asia,AM,reference_likely,40.18192,44.48115,pm25,0.5663007733787809
2960641,27.696469589032464,12.556882,89,25.770812539311528,Other Asia,AM,reference_likely,40.21069,44.514,pm25,0.3830678317886706
2960643,34.009505968728085,16.418842,90,29.05670741145801,Other Asia,AM,reference_likely,40.18906,44.472,pm25,0.604430131207668
2960645,36.65162169953822,16.418842,90,36.6384911520893,Other Asia,AM,reference_likely,40.15765,44.50447,pm25,0.5977988447590087
2960647,21.079391939379096,16.32682,87,42.66291325323549,Other Asia,AM,reference_likely,40.17419,44.53554,pm25,0.3175499266203898
2960648,27.524224404855683,12.51176,90,22.501230690383846,Other Asia,AM,reference_likely,40.20317,44.5415,pm25,0.4594645809947945
2960649,18.44214830081663,16.500422,89,13.228140452944901,Other Asia,AM,reference_likely,40.19745,44.55741,pm25,0.6618419699796239
2960650,29.68660363375587,12.51176,90,27.19253490174093,Other Asia,AM,reference_likely,40.20127,44.51569,pm25,0.40179970719777713
2960651,29.12460192444893,16.500422,89,25.408956781120953,Other Asia,AM,reference_likely,40.2,44.53648,pm25,0.5985607319771578
2960652,27.24241377440542,12.51176,90,21.780385883886918,Other Asia,AM,reference_likely,40.20529,44.54433,pm25,0.4942423210269585
2960653,20.096331107596733,15.755347,67,15.14077752559246,Other Asia,AM,reference_likely,40.19189,44.54274,pm25,0.8032030893962233
2960654,26.761154185936835,18.482267,43,19.473726725725804,Other Asia,AM,reference_likely,40.19401,44.44671,pm25,0.8044791476910341
2960655,29.362572394520384,18.482267,43,21.932635870362322,Other Asia,AM,reference_likely,40.19366,44.447,pm25,0.8101314523433429
2960656,35.86514771559812,16.418842,90,39.51031252674419,Other Asia,AM,reference_likely,40.15183,44.48587,pm25,0.5491135485749571
2960657,19.058967054148564,18.482267,43,12.446834795458413,Other Asia,AM,reference_likely,40.19441,44.5096,pm25,0.8268142467851866
2960658,29.898674360666373,12.51176,90,24.682101909928814,Other Asia,AM,reference_likely,40.20107,44.51587,pm25,0.4000904227177166
2960659,20.71368920628932,12.134741,74,15.160844872778842,Other Asia,AM,reference_likely,40.21913,44.48568,pm25,0.582945978448712
2960660,30.9100871974727,16.418842,90,33.67423501947162,Other Asia,AM,reference_likely,40.15758,44.45989,pm25,0.5832412837192522
2960661,30.499607368394194,13.5432825,49,26.403416930801793,Other Asia,AM,reference_likely,40.21142,44.51274,pm25,0.3936301293680386
2960662,4.515198799351856,16.418842,90,1.9621931260921137,Other Asia,AM,reference_likely,40.17452,44.53518,pm25,0.6497019968633878
2960663,21.502667045071075,12.127833,75,14.607841742265363,Other Asia,AM,reference_likely,40.21882,44.57652,pm25,0.5305073945976795
2960664,30.39077265095868,16.418842,90,28.912217557734177,Other Asia,AM,reference_likely,40.1814,44.48077,pm25,0.5745140067648231
2960665,28.219875196504667,12.575332,88,24.422468780958294,Other Asia,AM,reference_likely,40.20648,44.55281,pm25,0.42144366702487557
2960667,22.30299978346617,16.227896,82,16.674691802274474,Other Asia,AM,reference_likely,40.18257,44.48123,pm25,0.7696413862231514
2960668,29.524276756306488,16.418842,90,29.084660422316897,Other Asia,AM,reference_likely,40.18233,44.48088,pm25,0.540665294593186
2960669,37.09931714891007,15.891288,88,38.388184916055465,Other Asia,AM,reference_likely,40.15796,44.50491,pm25,0.5186059520596492
2960670,31.340836337680717,16.500422,89,31.67311548398723,Other Asia,AM,reference_likely,40.18123,44.51389,pm25,0.544803919352175
2960672,8.156424619302454,16.418842,90,4.543732066507338,Other Asia,AM,reference_likely,40.19762,44.55647,pm25,0.6436665067981427
2962304,16.825683675022795,9.581476,83,13.523793428847211,Sub-Saharan Africa,ZA,lowcost,-28.865244,31.911679,pm1|pm25|relativehumidity|temperature|um003,0.6146948007681955
2972050,17.965662939651992,13.776857,83,12.998034145156389,Europe,CH,lowcost,47.47639017152665,8.055727780563062,pm1|pm25|relativehumidity|temperature|um003,0.5205911504780019
2975,5.2600193704853355,6.960559,88,3.5607751851640588,Europe,FI,reference_likely,60.223929999968256,25.102440000281153,no2|o3|pm10|pm25,0.4912837319597208
2976549,9.450682451224123,7.946627,84,13.859080131658702,North/Central America,CA,lowcost,50.909637,-114.102864,pm1|pm25|relativehumidity|temperature|um003,0.6297532089123858
2981,3.9459593269659012,7.3317647,85,3.892400662365621,Europe,FI,reference_likely,59.77923000005771,21.37394999963268,no2|o3|pm10|pm25|so2,0.5056284447147333
2981155,34.07051806817625,42.513355,83,15.928586821505856,MENA,AE,lowcost,25.092213,55.168125,pm1|pm25|relativehumidity|temperature|um003,0.3668439054720317
2995838,20.329453047279625,16.919624,62,14.53922187944796,Europe,RO,reference_likely,44.46038820028955,25.98737529955358,pm10|pm25,0.45114388646619497
2995839,17.882796012933582,15.501938,86,13.327447702010504,Europe,RO,reference_likely,44.36974330023394,25.97479820016135,pm10|pm25,0.6949922840763336
2995858,10.470106858436768,15.314197,86,9.596125413897068,Europe,RO,reference_likely,44.4918098000829,26.03092579969918,o3|pm10|pm25,0.7498027665548057
2996395,20.308367996749297,16.105272,83,18.86448667807251,Sub-Saharan Africa,ZA,lowcost,-29.763495128515,31.02616268366882,pm1|pm25|relativehumidity|temperature|um003,0.873405906925301
2998,6.323278122518241,7.517992,88,4.502095743520979,Europe,FI,reference_likely,60.22023999980049,24.811329999965213,no2|pm10|pm25,0.5024002662538362
2999471,13.877768084315038,16.105272,83,12.931285519910027,Sub-Saharan Africa,ZA,lowcost,-29.7565448,31.0567579,pm1|pm25|relativehumidity|temperature|um003,0.868390330779364
3004174,19.004850682410442,10.952344,80,8.510338972668894,Other Asia,PH,lowcost,10.73104444747482,122.54764824038028,pm1|pm25|relativehumidity|temperature|um003,0.4499089021401856
3008,5.905976291111908,6.04205,87,3.6615328993834155,Europe,FI,reference_likely,61.05748000017484,28.245849999791712,pm25,0.5050720627358984
3008643,15.669515200713793,11.58897,51,7.177209522891575,Other Asia,TH,reference_likely,6.66638438023621,100.32726914385204,pm25,0.7897788440105927
3009455,15.580131041390777,9.682391,84,34.12961322991866,North/Central America,CA,lowcost,50.04670986886289,-96.3474109391633,pm1|pm25|relativehumidity|temperature|um003,0.8310339163656792
3011793,10.767654746079907,6.7618475,83,7.591510962896644,Europe,FR,lowcost,43.34309,1.14968,pm1|pm25|relativehumidity|temperature|um003,0.5274989723997859
301387,50.866401209941706,27.56826,68,32.83530527095653,South Asia,IN,reference_likely,23.020509,72.579261,co|no|no2|o3|pm10|pm25|relativehumidity|so2|temperature,0.6601852432467358
301388,66.41439862826331,75.53385,72,62.01824129434768,South Asia,IN,reference_likely,28.964949,77.278761,co|no|no2|o3|pm10|pm25|relativehumidity|so2|temperature,0.5433330314617355
301391,40.18831458245818,59.43029,78,23.844317861823217,South Asia,IN,reference_likely,25.859655,85.77944,co|no|no2|o3|pm10|pm25|relativehumidity|so2|temperature,0.3825665451803751
3015285,12.676674865017693,12.014855,92,6.937936069087623,Other Asia,PH,reference_likely,14.58853,121.05822,pm25,0.34915340654727256
3015743,18.11422362840557,10.245883,83,13.526780366922017,Europe,BE,lowcost,50.92089043329719,3.346111429517614,pm1|pm25|relativehumidity|temperature|um003,0.826165956324225
3017053,3.8057058066899954,5.5812497,88,2.895718847083769,Europe,FI,reference_likely,60.537739999631654,27.558719999870608,no2|o3|pm10|pm25|so2,0.47247236079721544
3019,11.323814488161581,12.556487,88,6.995509385668596,Europe,DE,reference_likely,52.51360600001067,13.41883300000022,no2|pm10|pm25,0.7319100294261155
3019320,26.67463959117068,25.86536,83,17.543666450028855,Other Asia,TH,lowcost,13.990582062342105,100.63521933513957,pm1|pm25|relativehumidity|temperature|um003,0.48041701178130003
3021125,21.801955000693276,24.499949,82,11.961640533427047,Sub-Saharan Africa,ZA,lowcost,-25.68150602774,28.15608532172389,pm1|pm25|relativehumidity|temperature|um003,0.7124836965148849
3023432,11.151639252637667,19.181025,92,2.0696111925589107,Other Asia,SG,reference_likely,1.2976,103.7803,pm25,0.5300100233290709
3023828,16.30387538921254,11.889329,82,11.361822113099445,Europe,AT,lowcost,48.26542,14.14382,pm1|pm25|relativehumidity|temperature|um003,0.5505426825339258
3025580,22.893036205292436,11.150833,90,16.844261815343874,Sub-Saharan Africa,GH,reference_likely,5.55851,-0.26448,pm25,0.2906635855131883
3025581,18.556416576939473,11.306548,91,7.763956593973284,Sub-Saharan Africa,GH,reference_likely,5.59389,-0.26877,pm25,0.7911629781091978
3025582,17.0784032588649,11.318207,92,7.476691741243787,Sub-Saharan Africa,GH,reference_likely,5.54579,-0.34229,pm25,0.8053163092215434
3025583,14.793717780414907,10.751676,92,8.532367020755556,Sub-Saharan Africa,GH,reference_likely,5.67614,-0.12412,pm25,0.7842981611487477
3025584,22.107739338113603,10.751676,92,8.01257778476552,Sub-Saharan Africa,GH,reference_likely,5.58892,-0.17964,pm25,0.7846440744191667
3025585,25.059193410427124,11.150833,90,8.123353857469404,Sub-Saharan Africa,GH,reference_likely,5.55895,-0.22526,pm25,0.5223702037844519
3025586,23.86745565952732,11.318207,92,8.47611642648312,Sub-Saharan Africa,GH,reference_likely,5.60724,-0.24896,pm25,0.8334394033803217
3025587,25.131959206249117,10.572129,90,6.2639106226847066,Sub-Saharan Africa,GH,reference_likely,5.6779,-0.17295,pm25,0.4335403007211869
3025588,40.451036530122416,11.150833,90,9.934034303194773,Sub-Saharan Africa,GH,reference_likely,5.55147,-0.21927,pm25,0.5734327406414605
3025589,27.77588741572486,11.150833,90,9.825194524574824,Sub-Saharan Africa,GH,reference_likely,5.54848,-0.2072,pm25,0.6833655481459212
3025590,18.423359052264647,11.565672,67,8.332512276455354,Sub-Saharan Africa,GH,reference_likely,5.55969,-0.18202,pm25,0.6722426626654029
3025591,19.76309968639357,11.741154,65,8.495393821766225,Sub-Saharan Africa,GH,reference_likely,5.58212,-0.19863,pm25,0.2125389677039571
3025592,24.519784308000826,11.150833,90,7.651020328748567,Sub-Saharan Africa,GH,reference_likely,5.56608,-0.23548,pm25,0.7584969771275714
3025593,19.535068470769477,11.137032,89,14.334992912982138,Sub-Saharan Africa,GH,reference_likely,5.56936,-0.21404,pm25,0.4738003301429931
3025594,17.026263770070305,10.572129,90,7.016403872749735,Sub-Saharan Africa,GH,reference_likely,5.61919,-0.17626,pm25,0.7383957443991658
3026346,15.43597246240583,9.437817,79,7.889549452418928,Europe,CY,lowcost,34.694593,32.9601776,pm1|pm25|relativehumidity|temperature|um003,0.653744563397009
3027756,10.622359653008717,12.834194,92,2.9024941307848313,Other Asia,PH,reference_likely,14.63525,121.07784,pm25,0.3304454651636999
3028113,16.02162491276639,10.920275,82,11.77791822968695,Europe,BE,lowcost,50.82720180961881,4.364362411157264,pm1|pm25|relativehumidity|temperature|um003,0.7785946496291558
3029499,16.897002629782225,16.695513,65,15.299003863649393,Sub-Saharan Africa,ZA,lowcost,-29.483665849307624,31.241940434393054,pm1|pm25|relativehumidity|temperature|um003,0.8542497531675224
3031030,12.966177392015975,12.796083,83,11.053474617869064,Europe,CH,lowcost,46.501014,6.451581,pm1|pm25|relativehumidity|temperature|um003,0.6977186024762336
3031194,15.933688941917278,10.703252,82,11.509820190350998,Europe,NL,lowcost,52.2446266,4.8317337,pm1|pm25|relativehumidity|temperature|um003,0.733144989108044
3037152,17.15444452232296,16.232414,68,14.804778375746816,Europe,HR,lowcost,46.02477297,15.90209842,co|no|no2|pm1|pm10|pm25|so2,0.7775601722770451
3038744,17.413243840470596,17.352158,83,8.057753192799714,Other Asia,SG,lowcost,1.311493,103.928128,pm1|pm25|relativehumidity|temperature|um003,0.4567654838450467
3039088,11.79618548880085,8.425645,84,12.888068088239482,Europe,GB,lowcost,51.3082,-0.1365,pm1|pm25|relativehumidity|temperature|um003,0.7372624153881845
303989,20.297603137890913,25.592556,89,13.708001425911831,Europe,PL,reference_likely,49.95254400005756,18.607953000312907,no2|pm25,0.6155186994737601
3040714,20.521948257939187,19.429619,83,8.760424969591337,Other Asia,SG,lowcost,1.3641,103.7637,pm1|pm25|relativehumidity|temperature|um003,0.4349191363034357
3042,6.470207876104554,11.148872,85,5.9310597049854765,Europe,DE,reference_likely,50.42428900026821,7.729909000374216,no2|o3|pm25,0.6056744259471113
3043177,9.880206769935194,8.65125,80,6.714383085413717,Europe,PT,lowcost,38.73214,-9.128491,pm1|pm25|relativehumidity|temperature|um003,0.676366998258946
3046642,4.238300701908885,6.932341,84,4.131661817721529,North/Central America,US,lowcost,34.43601692187906,-119.78507631028538,pm1|pm25|relativehumidity|temperature|um003,0.41494664343635485
3047340,14.576134891067422,22.606676,83,16.258272732643,Other Asia,TH,lowcost,18.932580910609936,98.94895059814412,pm1|pm25|relativehumidity|temperature|um003,0.8137367924530892
3047759,12.972412762471512,7.4520335,84,7.727019102599977,South America,BR,lowcost,-29.174533,-51.171128,pm1|pm25|relativehumidity|temperature|um003,0.466138421272849
3048134,5.642934975384666,7.668717,63,2.82334947367296,Europe,PT,reference_likely,37.75028699972433,-25.664016999551592,no2|o3|pm10|pm25|so2,0.6483869155318926
3050456,6.138209161400397,8.603202,82,10.18476076760274,Europe,DK,lowcost,55.731997,12.555849,pm1|pm25|relativehumidity|temperature|um003,0.5847070118152392
3053429,18.751154309777863,14.60319,81,12.973261097322322,Europe,CH,lowcost,47.5391273,7.5075795,pm1|pm25|relativehumidity|temperature|um003,0.5637490892347069
3054052,15.761452148504233,8.326607,83,11.414179688109463,Other Asia,MV,lowcost,4.17278,73.510272,pm1|pm25|relativehumidity|temperature|um003,0.8015098714523724
3054184,11.859913692395443,24.452007,81,8.804886487251574,China,CN,lowcost,40.18876,75.97506,pm1|pm25|relativehumidity|temperature|um003,-0.050891268049261966
3054762,8.766592430528869,6.1043057,60,13.118936206104364,Europe,SE,lowcost,56.77108397336906,16.198715981336267,pm1|pm25|relativehumidity|temperature|um003,0.4887445690579983
3057945,13.773329113318608,8.8596115,88,10.258719520780318,Europe,GB,reference_likely,51.53469,-0.23755,pm25,0.6401633843177413
3057947,12.373362319967573,8.925431,87,9.521941680702367,Europe,GB,reference_likely,51.53505,-0.24312,pm25,0.6496686702606407
3057997,30.298495175159214,15.75492,83,22.437978359559075,Europe,RO,lowcost,44.40255,25.94668,pm1|pm25|relativehumidity|temperature|um003,0.8411365470868116
3058642,10.531294964130476,3.9911797,77,7.470137702151219,China,CN,lowcost,29.7436,95.23226,pm1|pm25|relativehumidity|temperature|um003,-0.2562112647240102
3062106,4.0839945902805015,8.449395,62,4.299084770435877,Europe,RU,lowcost,36.791,174.715,pm1|pm25|relativehumidity|temperature|um003,0.13293071797489506
3063866,15.644052215738482,8.041362,82,13.590654015680986,Sub-Saharan Africa,ZM,lowcost,-16.541315,28.707835,pm1|pm25|relativehumidity|temperature|um003,0.8381245308653463
3063951,16.1054980882736,8.116406,80,16.46099861416781,Sub-Saharan Africa,ZM,lowcost,-16.541213,28.708111,pm1|pm25|relativehumidity|temperature|um003,0.8412585873967434
3065425,3.6077940618871356,4.35,83,5.834158276455692,Oceania,AU,lowcost,-42.9011,147.3142,pm1|pm25|relativehumidity|temperature|um003,0.27324620964908924
3070518,12.022530505854446,6.0365963,83,10.139985505141919,Europe,DK,lowcost,57.01713,9.94701,pm1|pm25|relativehumidity|temperature|um003,0.7325498079726364
3070644,6.054608830714398,8.074485,89,1.133083024370272,North/Central America,CR,reference_likely,9.938,-84.0417,pm25,0.6511709875746938
3071173,5.476822088098242,3.572339,83,5.727200830051986,Oceania,NZ,lowcost,-45.8796348,170.4704299,pm1|pm25|relativehumidity|temperature|um003,0.06365422873626303
3072986,1.1847421061676067,5.5375504,83,1.6729919509473796,Oceania,NZ,lowcost,-36.81028613406565,174.72680391701408,pm1|pm25|relativehumidity|temperature|um003,0.07613732526887403
3078,9.573343215060584,12.61018,88,7.771194848504827,Europe,DE,reference_likely,50.87617900021641,6.8738180003086775,no2|o3|pm10|pm25,0.7096198158748568
3078539,13.437141593644881,13.016818,83,9.773960673613217,Europe,DE,lowcost,50.12680047626395,8.324406464797356,pm1|pm25|relativehumidity|temperature|um003,0.467026916419385
3082117,6.560555467028965,8.477439,82,10.305750790637646,Europe,DK,lowcost,55.764953,12.203661348,pm1|pm25|relativehumidity|temperature|um003,0.6055933134293825
3082357,6.182490186037475,8.52751,83,6.929551513227747,Europe,NO,lowcost,59.9467996,10.6282244,pm1|pm25|relativehumidity|temperature|um003,0.32344219847325695
3088322,31.304931506671014,12.51176,90,27.61543607986873,Other Asia,AM,reference_likely,40.23007,44.55642,pm25,0.44848848019391635
3088323,34.14495897398543,12.556882,89,26.44266823334532,Other Asia,AM,reference_likely,40.22713,44.4987,pm25,0.37559648853807465
3088324,30.019194934343613,12.51176,90,28.114900666068145,Other Asia,AM,reference_likely,40.21968,44.49696,pm25,0.3879819480532922
3088325,22.376290117764125,15.978397,65,15.63740376846217,Other Asia,AM,reference_likely,40.1926,44.56238,pm25,0.8161618040162547
3088877,19.17018879866653,8.8626585,79,11.08885820658497,Europe,GR,lowcost,40.590673478654864,23.034387040622164,pm1|pm25|relativehumidity|temperature|um003,0.42488741246762046
3089,9.702760951314973,13.184849,88,7.3262742413650335,Europe,DE,reference_likely,51.453458999732646,6.865050000266236,no2|o3|pm10|pm25,0.7571258703050214
3089094,30.770037108709435,16.500422,89,32.392686571991945,Other Asia,AM,reference_likely,40.1941,44.50873,pm25,0.5390458716369078
3089389,6.470992497492468,8.189931,84,3.193570293783336,South America,GY,lowcost,6.810985,-58.16724,pm1|pm25|relativehumidity|temperature|um003,0.5395742379610171
3089801,9.210410484066232,9.443493,89,3.3041661569438356,North/Central America,US,reference_likely,36.10135,-86.72565,pm25,0.39209048621253484
3090636,22.28986104647392,26.075457,82,14.120590582154822,Other Asia,TH,lowcost,13.8498819,100.638635,pm1|pm25|relativehumidity|temperature|um003,0.4246860633341783
3091207,8.905389206274986,10.688704,90,5.383974029143356,Europe,FR,reference_likely,50.6111,3.1404,pm25,0.7751140576994023
3091472,14.47406919432759,11.404769,90,9.812760563005611,Sub-Saharan Africa,GH,reference_likely,5.7031,-0.29954,pm25,-0.008431412003804926
3091474,55.105469859938665,22.12711,79,62.22637093765806,MENA,TR,reference_likely,40.96648,29.08684,pm10|pm25|relativehumidity|temperature,0.0041568687266719554
3091475,57.71475524565312,20.74278,86,20.653925472987044,MENA,TR,reference_likely,40.99101,29.05826,pm10|pm25|relativehumidity|temperature,0.23204046348889343
3091478,40.64986843048256,19.610256,78,14.238386911745648,MENA,TR,reference_likely,40.97866,29.08303,pm10|pm25|pressure|relativehumidity|temperature,0.020685738608043045
3091479,28.6675019262871,21.532858,79,13.326399185083678,MENA,TR,reference_likely,40.95399,29.09742,no2|o3|pm10|pm25|pressure|relativehumidity|temperature,0.7722087063624813
3091480,24.98267608957616,20.838388,75,11.37373481552206,MENA,TR,reference_likely,40.9799167,29.057,no2|pm10|pm25|pressure|relativehumidity|temperature,0.5066273759982927
3091481,23.56139255266681,21.52987,83,8.21918016309925,MENA,TR,reference_likely,40.98441,29.02714,pm10|pm25|relativehumidity|temperature,0.7851475222155034
3091483,21.699390411949167,15.961403,57,5.273661699830206,MENA,TR,reference_likely,41.00479,29.03542,pm10|pm25|pressure|relativehumidity|temperature,0.36359139561208964
3091485,23.11971816508773,20.333334,87,7.703018315895817,MENA,TR,reference_likely,40.96889,29.06556,pm10|pm25|pressure|relativehumidity|temperature,0.6674366340057114
3092518,42.29271990216965,42.513355,83,18.785451668553698,MENA,AE,lowcost,25.03432,55.28811,pm1|pm25|relativehumidity|temperature|um003,0.29667418065756535
3099020,39.52263074909116,42.57932,82,16.912571974583546,MENA,AE,lowcost,25.046136176968492,55.24946085563235,pm1|pm25|relativehumidity|temperature|um003,0.3015461403135047
31,9.252458611563402,11.329445,90,7.221101586887607,Europe,NL,reference_likely,52.1116,5.70842,no|no2|o3|pm10|pm25,0.6918170489150444
3118005,14.395727554648051,12.311719,64,6.653267483968761,South Asia,IN,lowcost,6.2476,75.5658,pm1|pm25|relativehumidity|temperature|um003,0.32847470817009655
3133267,13.16332451861819,23.140093,90,4.878944344367684,Other Asia,TH,reference_likely,13.8192,100.041,pm25,0.6768980680395484
3133801,10.367116283689295,6.2511544,83,9.95447862743765,Europe,DK,lowcost,56.20719842026212,10.213226594242396,pm1|pm25|relativehumidity|temperature|um003,0.6950353324521652
3138522,11.682827136078307,10.855422,83,11.91951726167502,Europe,NL,lowcost,52.0431,5.08363,pm1|pm25|relativehumidity|temperature|um003,0.7373184433974188
313953,49.97765700483092,26.131702,69,22.16712117571561,Sub-Saharan Africa,RW,reference_likely,-1.936231,30.077952,pm25,0.6522412842668127
3139864,14.38917872340116,15.580935,66,16.13798659593341,Sub-Saharan Africa,ZA,lowcost,-29.54316247691712,31.136469099223913,pm1|pm25|relativehumidity|temperature|um003,0.8124678759340593
3140,5.6966718324759595,5.203665,83,2.997627943329621,Europe,AD,reference_likely,42.405380000225094,1.1300000000323471,o3|pm10|pm25,0.7375111170979806
3144104,9.043929344615911,11.599568,87,10.286023385437048,Europe,BE,reference_likely,50.72088837635829,4.494362377466346,co|no2|o3|pm10|pm25,0.8201309284399098
3147,10.481638315533017,13.240708,87,7.876346876424426,Europe,DE,reference_likely,51.49654000003488,6.980991000427368,no2|pm10|pm25|so2,0.778415651936694
3152,10.339360749874904,14.074384,88,8.322543578439632,Europe,DE,reference_likely,51.33766900010932,6.640242000142756,o3|pm10|pm25,0.7231280993168988
3155207,15.43101831934067,8.201771,80,9.561728269330866,Europe,GR,lowcost,40.92861649435113,26.021020001071346,pm1|pm25|relativehumidity|temperature|um003,0.6063017429738051
3163445,16.242836566424455,11.13931,76,5.529994620380869,South America,CO,lowcost,3.340499474752302,-76.5459849520779,pm1|pm25|relativehumidity|temperature|um003,0.2533714217525609
317035,35.42657543050182,33.033913,79,26.34904809644023,South Asia,IN,reference_likely,30.269444,78.044167,co|no|no2|o3|pm10|pm25|relativehumidity|so2|temperature,0.5960983869537616
3175328,20.877831901708532,9.3514805,76,5.585284559520433,South America,EC,lowcost,-2.159281398303954,-79.89789310719081,pm1|pm25|relativehumidity|temperature|um003,0.29283092544229133
3178561,1.3118053408429189,4.5308533,84,6.339726743420827,Europe,IS,lowcost,64.1374653981174,-21.85795412059105,pm1|pm25|relativehumidity|temperature|um003,0.12031933692320905
3184,8.001152781390992,8.1634,88,5.899642758374643,Europe,DE,reference_likely,53.8301699999686,8.801220000363141,no2|o3|pm10|pm25,0.664651605476112
3185012,19.400992037716584,122.283806,79,13.268581745484155,MENA,SA,lowcost,24.849905766381248,46.63332079253333,pm1|pm25|relativehumidity|temperature|um003,-0.009099582752676133
3186714,44.367925615730215,50.479473,81,19.872362597401583,MENA,SA,lowcost,26.2810058,50.1084042,pm1|pm25|relativehumidity|temperature|um003,0.12464664122284198
3191563,12.657404637649684,8.613454,83,12.116467905611033,Europe,SE,lowcost,55.404859,12.978646,pm1|pm25|relativehumidity|temperature|um003,0.5874561300886594
3194367,100.63688594347879,49.885647,54,68.26130621652304,South Asia,BD,lowcost,23.888280501941725,90.26536993068466,pm1|pm25|relativehumidity|temperature|um003,0.8268064007456604
3203249,12.974733260398336,8.359,75,10.55585441515172,Other Asia,TH,lowcost,7.968184,98.378202,pm1|pm25|relativehumidity|temperature|um003,0.7305429763045941
3230722,15.992405868688062,11.393478,69,10.681167552587143,Europe,AT,lowcost,48.18387013095737,16.359679231417363,pm1|pm25|relativehumidity|temperature|um003,0.44457469375253134
3234830,24.00614281195057,14.51225,83,18.53052611155806,Europe,HU,lowcost,47.409402978848455,18.940613247049445,pm1|pm25|relativehumidity|temperature|um003,0.6882767731405917
3238685,19.601985290852685,13.943926,83,15.263527773658122,Europe,SI,lowcost,46.26939600053466,15.07808282929554,pm1|pm25|relativehumidity|temperature|um003,0.5500171849811639
3239057,27.822574009252335,22.857882,83,21.169133243574652,Europe,PL,lowcost,49.97865,19.86943,pm1|pm25|relativehumidity|temperature|um003,0.795309816866652
3243331,37.981286616459684,21.316616,83,28.609095344834458,Central Asia,KZ,lowcost,43.210652653212826,76.94650052599252,pm1|pm25|relativehumidity|temperature|um003,0.7170306637211142
3246957,26.620647281718206,17.412825,77,15.722280334432686,Europe,RS,lowcost,44.81659101497959,20.51191230471189,pm1|pm25|relativehumidity|temperature|um003,0.7559282107055754
3248,8.732003892613692,5.117248,86,7.615371454058674,Europe,ES,reference_likely,42.33610999967778,-3.6361100002844977,no2|o3|pm10|pm25|so2,0.42095293128255257
3249,12.542842126691463,7.900151,83,8.93989563915644,Europe,ES,reference_likely,41.615800000197815,0.6157000001669202,co|no|no2|nox|o3|pm10|pm25|so2,0.6578238590141141
3252052,62.86757380365464,44.2515,50,55.12228874880243,South Asia,NP,lowcost,27.7337,85.2929,pm1|pm25|relativehumidity|temperature|um003,0.5466775897109655
3252223,18.894144155264755,12.596637,83,12.613104363262176,Europe,AT,lowcost,48.21997482676318,16.46836859357742,pm1|pm25|relativehumidity|temperature|um003,0.45433879514038467
3256331,24.99906312748992,13.991365,83,21.924577875186717,Europe,HR,lowcost,45.7755112045786,15.983586698521352,pm1|pm25|relativehumidity|temperature|um003,0.8075251645989314
3260,9.382520681909494,9.011094,83,5.273483488847588,Europe,ES,reference_likely,39.48110000007909,-0.4083000000818041,co|no2|o3|pm10|pm25|so2,0.7649829246377138
3264918,34.31184414407678,25.863302,78,27.72418605003476,Europe,IT,lowcost,45.47819223410367,9.208740684011786,pm1|pm25|relativehumidity|temperature|um003,0.8356868099044881
3265204,16.21529060817211,16.227058,81,16.52150106128603,Sub-Saharan Africa,ZA,lowcost,-29.504545739237056,31.202218104312124,pm1|pm25|relativehumidity|temperature|um003,0.8438766751986224
3269331,32.47595239386842,15.75492,83,28.590640261216585,Europe,RO,lowcost,44.4892,26.1758059,pm1|pm25|relativehumidity|temperature|um003,0.8102126003011462
3270912,23.868441116752013,13.962199,83,16.445720534126597,Europe,PL,lowcost,52.224002,20.935344,pm1|pm25|relativehumidity|temperature|um003,0.7487388923055728
3273392,11.921507606079745,6.8524594,83,10.671825094681822,Europe,FR,lowcost,48.462387,2.701914,pm1|pm25|relativehumidity|temperature|um003,0.5794132638910598
3276359,33.14121646534216,30.23269,78,10.525589723851589,Other Asia,VN,lowcost,10.78533,106.67029,pm1|pm25|relativehumidity|temperature|um003,0.2317894672618796
3278380,6.607976296674009,4.3496456,47,8.846903624056376,China,CN,lowcost,45.23721,93.31011,pm1|pm25|relativehumidity|temperature|um003,0.10481646767676532
3283991,15.582554121604202,10.641064,83,11.666157170695934,Europe,NL,lowcost,52.4553871,4.6241595,pm1|pm25|relativehumidity|temperature|um003,0.7734561587837713
3284478,10.931716884219753,9.814859,83,12.527966731938728,Europe,BE,lowcost,50.9758526,5.1241833,pm1|pm25|relativehumidity|temperature|um003,0.7379435155269105
3286053,32.07149913890569,13.2876005,83,21.97022979366774,Europe,PL,lowcost,52.05240658723368,21.390448618952647,pm1|pm25|relativehumidity|temperature|um003,0.5913609965993875
3288568,17.821075433400086,15.248344,83,12.24751330451437,Other Asia,JP,lowcost,36.09257,140.06745,pm1|pm25|relativehumidity|temperature|um003,0.6367146551665486
3290366,21.107004758830772,16.647396,72,30.052276283667258,Sub-Saharan Africa,ZA,lowcost,-29.55722258160617,31.119879760604597,pm1|pm25|relativehumidity|temperature|um003,0.5320606562500255
3291026,15.396350583563928,10.198191,76,9.494424974109466,Europe,DE,lowcost,49.42127,10.98372,pm1|pm25|relativehumidity|temperature|um003,0.6020243546249466
3291927,17.853796208967715,11.597892,83,13.724456175300176,Europe,AT,lowcost,47.1396748,15.5532535,pm1|pm25|relativehumidity|temperature|um003,0.5711897772915093
3292229,32.78295460843168,18.278313,83,23.392372958415834,Europe,IT,lowcost,44.9855387,10.4170163,pm1|pm25|relativehumidity|temperature|um003,0.752553655141368
3292849,105.01415918899364,60.734035,83,78.49758952218914,South Asia,PK,lowcost,32.424312,74.52885,pm1|pm25|relativehumidity|temperature|um003,0.8052834318042876
3293387,27.60562312444591,26.310442,81,25.540647335768792,Europe,IT,lowcost,45.4654219,9.1859243,pm1|pm25|relativehumidity|temperature|um003,0.7695014128389499
3293767,8.3682100014011,11.087957,82,7.143564922933895,North/Central America,HN,lowcost,14.1982759,-87.6259912,pm1|pm25|relativehumidity|temperature|um003,0.5545165604632931
3294183,9.666466637095498,10.950347,72,8.804469926976626,North/Central America,HN,lowcost,14.1434025,-87.6402344,pm1|pm25|relativehumidity|temperature|um003,0.6555947641200376
3295362,19.25704096053738,5.186096,92,27.029423382965703,North/Central America,US,reference_likely,33.54215,-101.81166,pm25,-0.045983051142922435
3298656,6.373010161426234,8.502901,79,9.55162527987552,Europe,RU,lowcost,44.694978,44.694978,pm1|pm25|relativehumidity|temperature|um003,0.23570814451777028
3298658,8.460714585939831,6.4996986,83,8.5409166805324,Europe,DK,lowcost,56.16347916144031,9.501354827083247,pm1|pm25|relativehumidity|temperature|um003,0.7162889042986759
3299740,14.345955704798158,10.194177,83,11.509086441211092,Europe,GR,lowcost,37.98625498042257,23.64080638211662,pm1|pm25|relativehumidity|temperature|um003,0.6416736870910259
3301867,13.090569481781257,24.204567,83,10.847824751639704,Other Asia,TW,lowcost,25.0523992,121.522761,pm1|pm25|relativehumidity|temperature|um003,0.4384926288708271
3304214,20.878518623187343,15.658436,82,8.098145137949984,MENA,IL,lowcost,32.564031,34.943413,pm1|pm25|relativehumidity|temperature|um003,0.5135841804240163
3307678,4.509215175404174,3.4970682,81,5.091677661519389,Oceania,NZ,lowcost,-45.88992900390652,170.46102392081966,pm1|pm25|relativehumidity|temperature|um003,0.06399938524390486
3308947,8.997567586744555,8.817663,92,9.150265059940798,Europe,GB,reference_likely,51.46899,-0.27589,pm25,0.6321680925436726
3308953,8.022799917679816,8.778766,83,8.783279333948776,Europe,GB,reference_likely,51.45374,-0.34524,pm25,0.6474562611010065
3309,9.43952036197127,8.583079,82,4.3781970008554385,Europe,ES,reference_likely,41.976385751312414,2.816547297923369,co|no|no2|nox|pm10|pm25|so2,0.6133789927129424
3313,9.650738299769124,8.549606,74,4.468794565597074,Europe,ES,lowcost,41.115880526168006,1.1919754775595663,no|no2|nox|pm1|pm10|pm25|so2,0.7136443163494105
3313492,10.873235230502937,11.005256,88,9.956909307928814,Europe,BE,reference_likely,50.95337426180739,3.121079193087665,pm10|pm25,0.811101082329048
3313497,10.313033421822233,11.576341,87,8.695867214136873,Europe,BE,reference_likely,51.20619605251846,4.442004154674761,no2|pm10|pm25,0.7879323011511596
3313727,31.91182253937214,16.418842,90,30.43088927064541,Other Asia,AM,reference_likely,40.19533,44.51245,pm25,0.5324893609759098
3313728,23.25923909127939,15.557748,64,21.68682766119298,Other Asia,AM,reference_likely,40.16686,44.44647,pm25,0.753048660715638
3313816,24.187866614347445,12.415019,86,24.353878799596995,Other Asia,AM,reference_likely,40.21345,44.51169,pm25,0.3000047214305695
3313817,22.713665543487068,12.7578125,64,17.57008357238085,Other Asia,AM,reference_likely,40.22485,44.50627,pm25,0.5449460414382861
3313818,26.521884327625372,12.415019,86,23.49667106625536,Other Asia,AM,reference_likely,40.2129,44.51227,pm25,0.3809316901181902
3313820,29.468250372175767,12.51176,90,24.000970568532914,Other Asia,AM,reference_likely,40.22769,44.50321,pm25,0.39732789964608833
3313821,24.428604817356067,12.51176,90,18.989373283978747,Other Asia,AM,reference_likely,40.22859,44.50416,pm25,0.43853835208344616
3313824,21.789281288417527,12.80787,63,18.717459491673708,Other Asia,AM,reference_likely,40.22546,44.50615,pm25,0.5875663815720148
3314294,18.36518542973545,26.81215,83,10.780560448809478,Other Asia,JP,lowcost,35.6113512,139.7057729,pm1|pm25|relativehumidity|temperature|um003,0.46438977931171554
3316776,8.897249951808208,8.780208,84,11.531453172959223,Europe,GB,lowcost,53.4309955,-2.2212486,pm1|pm25|relativehumidity|temperature|um003,0.6409234401237047
3317643,30.14415693225862,12.51176,90,26.19425608342775,Other Asia,AM,reference_likely,40.22003,44.49617,pm25,0.41331562150882123
3318370,4.721528962755671,12.256227,91,3.141275725793761,North/Central America,US,reference_likely,40.76652,-111.82835,no|no2|nox|o3|pm25,0.2051002436017426
3322386,10.532129667939586,10.61443,82,6.37410018419296,Europe,MT,lowcost,35.9201891,14.4714646,pm1|pm25|relativehumidity|temperature|um003,0.3852400694725503
3322854,8.221979558255292,6.1905622,83,7.719394955412645,Europe,SE,lowcost,57.6773,11.9946,pm1|pm25|relativehumidity|temperature|um003,0.7091993074761955
3323644,9.167445693243655,11.6625,82,10.425784811188777,Europe,DE,lowcost,51.4839,7.5868,pm1|pm25|relativehumidity|temperature|um003,0.6426589481387867
3326722,3.7386194518234297,5.379668,83,3.063474526859364,Sub-Saharan Africa,MU,lowcost,-20.180037,57.440936,pm1|pm25|relativehumidity|temperature|um003,0.17309485234706334
3326810,6.827307435162693,9.646435,90,3.8438805271586944,Europe,GB,reference_likely,51.52183,-0.13497,pm25,0.6143705014153883
3327567,25.226521997755874,10.775501,83,8.787611761180502,Other Asia,PH,lowcost,10.7258204,122.5580665,pm1|pm25|relativehumidity|temperature|um003,0.4217404507766961
3329715,10.40619795970767,8.810163,82,11.96449823986374,Europe,DE,lowcost,52.2681863,10.4548853,pm1|pm25|relativehumidity|temperature|um003,0.7941175560510992
3330597,16.3162171874711,8.76997,82,13.171419698215445,Europe,LT,lowcost,55.703934029022946,21.13491054218731,pm1|pm25|relativehumidity|temperature|um003,0.44387253178369684
3330888,5.8809576018647105,6.4096885,83,7.410241378638615,Europe,SE,lowcost,59.290669,18.3037385,pm1|pm25|relativehumidity|temperature|um003,0.5452700882608168
3331021,6.871909830186698,6.5826883,84,8.037439220858188,North/Central America,US,lowcost,43.09234,-73.12354,pm1|pm25|relativehumidity|temperature|um003,0.840600838170681
3331918,29.548343077542853,39.26131,77,11.140857962245267,Other Asia,MY,lowcost,3.1411106257486976,101.6274985267597,pm1|pm25|relativehumidity|temperature|um003,0.5396900887775864
3336858,5.634218759400898,9.423403,60,8.944367221031179,Europe,IE,lowcost,53.1809149,-6.1246858,pm1|pm25|relativehumidity|temperature|um003,0.480960051174688
3337463,31.129806870144634,10.932889,75,9.833445491892677,Other Asia,PH,lowcost,10.6941494,122.5551708,pm1|pm25|relativehumidity|temperature|um003,0.29297063207558927
3338932,31.362468185631457,11.510291,83,20.758196160690773,Europe,RO,lowcost,45.753977,21.274908,pm1|pm25|relativehumidity|temperature|um003,0.5265335295436698
3339640,21.191878563024737,10.081656,82,13.855509255614685,Europe,MD,lowcost,47.04761660044283,28.734551136365628,pm1|pm25|relativehumidity|temperature|um003,0.7291007064836381
3345214,6.686423029854874,7.6786885,61,5.660989216570627,South America,GY,lowcost,6.412408,-57.792116,pm1|pm25|relativehumidity|temperature|um003,0.5017462086813212
3345258,113.76936272527786,64.3822,81,83.18933078411601,South Asia,PK,lowcost,31.4086,74.247,pm1|pm25|relativehumidity|temperature|um003,0.8406996980491878
3345345,16.820911424659208,14.165457,62,13.397748374873958,Other Asia,TH,reference_likely,12.678917,101.234664,co|no2|o3|pm10|pm25|so2,0.7011688320564943
3346527,18.445819261851703,12.573856,51,12.912187880468885,Europe,PL,reference_likely,50.245897,21.769494,pm10|pm25,0.6019384814131817
3348162,10.528003828274542,9.34827,53,9.051494637784993,Europe,PL,reference_likely,54.04321,21.784858,pm10|pm25,0.8017230878798822
3349927,11.558315817647655,0.60558945,82,6.430045214854542,?,GS,lowcost,-83.2253354,30.8893398,pm1|pm25|relativehumidity|temperature|um003,0.060232546633506114
3358459,5.35763923780462,3.498251,81,6.517332524653366,Oceania,NZ,lowcost,-45.86769839529696,170.47785623647712,pm1|pm25|relativehumidity|temperature|um003,0.10722873457807763
3358871,27.884136212624583,4.7350774,86,20.193460061277936,South America,CL,reference_likely,-39.810654596299,-73.21969804116,pm10|pm25,0.48410872718579423
3361679,13.184243719950492,9.902961,76,11.995874142773234,Europe,BA,lowcost,43.04941,17.645741,pm1|pm25|relativehumidity|temperature|um003,0.45317006286710304
3363171,16.182159069023122,10.338333,80,9.433029259392008,Europe,AT,lowcost,48.36150855324637,15.536011267535889,pm1|pm25|relativehumidity|temperature|um003,0.47411777269931593
3367257,5.554293489358922,10.304427,64,7.758455650380133,Europe,BE,lowcost,50.646168859808455,4.613729695736999,pm1|pm25|relativehumidity|temperature|um003,0.7074840271578885
3370151,18.988186888514743,12.294366,88,5.830835235680384,Other Asia,PH,reference_likely,14.58455,121.01877,pm25,0.5181991699997787
3391728,9.988644938096604,33.28231,53,6.335124736394276,Other Asia,TW,reference_likely,24.174592,120.88385800000002,co|no2|o3|pm10|pm25|so2,0.36091722146724736
3400884,6.841351882377109,5.6114583,80,6.812901844250426,Europe,FI,lowcost,61.47502,23.970338,pm1|pm25|relativehumidity|temperature|um003,0.39376467910385965
3400888,10.67100263933385,7.2072015,81,9.580011919054973,Europe,GB,lowcost,54.755264,-1.3492718,pm1|pm25|relativehumidity|temperature|um003,0.7112645644755965
3400895,13.823131098152587,18.041954,58,7.451399083593932,Sub-Saharan Africa,NG,lowcost,6.517912,3.385983,pm1|pm25|relativehumidity|temperature|um003,0.3476866859037354
3400897,13.771970945067633,8.276242,57,14.990429116509038,Europe,LV,lowcost,56.649389,23.696051,pm1|pm25|relativehumidity|temperature|um003,0.5200094773624475
3400901,12.07465908202263,10.864082,79,12.635741148040106,Europe,NL,lowcost,52.3712792,4.8755362,pm1|pm25|relativehumidity|temperature|um003,0.766618369571256
3400903,22.277714566211543,20.9301,76,13.561068046012725,Other Asia,TH,lowcost,13.7370851,100.562983,pm1|pm25|relativehumidity|temperature|um003,0.7975206045783596
3400908,20.506439118790272,11.5234375,80,14.16154275635387,Europe,CZ,lowcost,49.268172,16.568525,pm1|pm25|relativehumidity|temperature|um003,0.6080938035388984
3400911,21.992859566800004,12.361317,81,16.51245603716438,Europe,PT,lowcost,41.184,-8.485,pm1|pm25|relativehumidity|temperature|um003,0.49532346949151257
3400919,18.957066206537128,14.24125,70,15.79811626475214,Europe,SI,lowcost,46.24009585329894,15.267666931672792,pm1|pm25|relativehumidity|temperature|um003,0.5633985402448488
3400929,4.939248081747826,6.3153644,80,8.839775798480751,Europe,DK,lowcost,56.336029,10.295429,pm1|pm25|relativehumidity|temperature|um003,0.6834884874265345
3400931,15.799634507089305,9.330266,72,15.665942815870071,Europe,DE,lowcost,50.304763,11.898733,pm1|pm25|relativehumidity|temperature|um003,0.33306396793197646
3400942,31.18535180056823,21.074062,80,23.671202570023528,Other Asia,LA,lowcost,17.938,102.632,pm1|pm25|relativehumidity|temperature|um003,0.6891988885713921
3400948,6.0717686514758595,11.411882,81,6.004572054581939,North/Central America,US,lowcost,34.0243225,-118.8047182,pm1|pm25|relativehumidity|temperature|um003,0.5437339192231674
3400949,1.4445905165046364,9.574232,76,4.6180380315592,China,CN,lowcost,41.47247,93.69482,pm1|pm25|relativehumidity|temperature|um003,0.1739139485794041
3400951,14.716211788951355,11.046255,79,12.617668014192372,Europe,AT,lowcost,48.308,16.103,pm1|pm25|relativehumidity|temperature|um003,0.4429112308399794
3400956,16.251048588471395,22.043476,76,14.864656444349043,Other Asia,TH,lowcost,13.74679776025865,100.56215036834315,pm1|pm25|relativehumidity|temperature|um003,0.8061503017847172
3400967,24.122746138393694,17.661041,80,24.00523163330242,Europe,RS,lowcost,44.79023361067339,20.470308143788728,pm1|pm25|relativehumidity|temperature|um003,0.7235892035636996
3400973,5.916530188309613,8.116823,80,7.335499397590523,Europe,ES,lowcost,41.8071068,2.4688953,pm1|pm25|relativehumidity|temperature|um003,0.7132838084985494
3400976,10.763418235154768,36.538956,60,10.847380118752792,Sub-Saharan Africa,TD,lowcost,14.6662527,17.4417451,pm1|pm25|relativehumidity|temperature|um003,0.5425479843826573
3400978,20.79156075789262,39.696095,80,10.733867443089139,Other Asia,MY,lowcost,3.1113299,101.476412,pm1|pm25|relativehumidity|temperature|um003,0.4357418604395315
3400979,17.81188810872444,21.492254,78,14.33895207540728,Other Asia,TH,lowcost,13.67941,100.54297,pm1|pm25|relativehumidity|temperature|um003,0.8072583929905665
3400984,15.556917574305217,19.305935,66,9.933722857563438,Other Asia,KH,lowcost,11.597015,104.8038,pm1|pm25|relativehumidity|temperature|um003,0.5843243550892596
3400985,17.54646106500858,19.707407,63,14.775978974251304,Other Asia,TH,lowcost,13.699072722760109,100.63272004438734,pm1|pm25|relativehumidity|temperature|um003,0.7854764045182401
3400986,31.867632639161826,21.013268,76,27.705694751893407,Other Asia,LA,lowcost,17.910254,102.622708,pm1|pm25|relativehumidity|temperature|um003,0.6305547905724972
3400991,17.138978674469293,17.4725,80,9.8585965263368,Other Asia,SG,lowcost,1.330931,103.868663,pm1|pm25|relativehumidity|temperature|um003,0.46895817770814635
3400997,27.243378955282257,30.014898,66,18.02156767429759,Other Asia,KR,lowcost,37.5311789,127.0062454,pm1|pm25|relativehumidity|temperature|um003,0.6037202353455859
3401004,28.768269190849203,11.857949,76,28.843510811259968,Other Asia,AM,lowcost,40.200467,44.49794,pm1|pm25|relativehumidity|temperature|um003,0.425758055686338
3402,11.096696162414254,6.380456,84,6.096577697356889,Europe,ES,reference_likely,37.78254999977484,-3.781570000007909,co|no2|o3|pm10|pm25|so2,0.6980206881004799
3402585,8.12906695123297,9.008928,77,7.929950709129459,Europe,IT,lowcost,40.6556535,15.7893816,pm1|pm25|relativehumidity|temperature|um003,0.5466445495704069
3402590,17.133275109880767,10.263177,80,17.08751510063566,Europe,PL,lowcost,53.168,23.1904,pm1|pm25|relativehumidity|temperature|um003,0.6653187908783229
3402591,4.332683558551476,3.4690623,80,4.551227563094736,Oceania,NZ,lowcost,-45.8605245,170.4768072,pm1|pm25|relativehumidity|temperature|um003,0.2108107448930488
3402593,16.094067788514074,18.193056,66,14.606241760747414,Other Asia,TH,lowcost,13.587370852277184,100.94784483015584,pm1|pm25|relativehumidity|temperature|um003,0.7683162828999226
3403806,24.3165424812187,9.589135,79,16.249294397605347,Europe,SK,lowcost,49.0765651,19.3029128,pm1|pm25|relativehumidity|temperature|um003,0.09850541180663443
3405765,10.323915770314633,19.155941,61,9.097291855431463,Other Asia,KH,lowcost,11.597738545600508,104.79998960598436,pm1|pm25|relativehumidity|temperature|um003,0.608921377486392
3406119,15.197698262546403,12.173958,68,16.846087372334136,Europe,BG,lowcost,43.8449,25.9468,humidity|pm1|pm10|pm25|pm4|pressure|temperature,0.7359198276645355
3407147,20.844441153219833,14.734652,79,15.515493524675772,Europe,HU,lowcost,47.52996,19.08052,pm1|pm25|relativehumidity|temperature|um003,0.7859633497014649
3408765,43.70700665150729,43.628033,70,22.864428542989863,MENA,BH,lowcost,26.1507627,50.5102152,pm1|pm25|relativehumidity|temperature|um003,0.10105187995791017
3409318,58.74088557258985,56.13318,79,31.9990827392899,South Asia,IN,reference_likely,26.8821003,80.9302753,co|no|no2|o3|pm10|pm25|relativehumidity|so2|temperature,0.5748631010327313
3409336,42.42466549235728,27.122463,69,29.604952945344476,South Asia,IN,reference_likely,23.163798,72.677768,co|no|no2|o3|pm10|pm25|relativehumidity|so2|temperature,0.31434781014041147
3409338,44.28412765000436,58.31223,77,30.044316731080933,South Asia,IN,reference_likely,25.444266,86.140169,co|no|no2|o3|pm10|pm25|relativehumidity|so2|temperature,0.35303392757752183
3409346,79.93171634884624,22.674131,72,126.93188822151588,South Asia,IN,reference_likely,11.7637683,79.7499835,no|no2|o3|pm10|pm25,-0.10165462627392782
3409355,27.171357400580014,22.344168,65,14.127996107705982,South Asia,IN,reference_likely,11.679111,78.125052,co|no|no2|o3|pm10|pm25|relativehumidity|so2|temperature,0.737732241738044
3409357,133.6600547363133,18.726461,57,275.02802758964896,South Asia,IN,reference_likely,10.96782,78.080882,co|no|no2|o3|pm10|pm25|relativehumidity|so2|temperature,-0.14270998842218532
3409359,21.524995979992976,16.347546,73,15.330232551473765,South Asia,IN,reference_likely,15.459706,75.008381,co|no|no2|o3|pm10|pm25|relativehumidity|so2|temperature,0.21153275364061355
3409362,34.54908997409779,49.156013,79,24.139729362629037,South Asia,IN,reference_likely,21.371751,81.664929,co|no|no2|o3|pm10|pm25|relativehumidity|so2|temperature,0.38672615484747447
3409364,26.905321880109774,48.551914,74,27.475465007165035,South Asia,IN,reference_likely,21.219665,81.630094,co|no|no2|o3|pm10|pm25|relativehumidity|so2|temperature,0.09886175030190063
3409368,18.132040989618577,48.574684,79,9.841001828497815,South Asia,IN,reference_likely,21.194815,81.31477,co|no|no2|o3|pm10|pm25|relativehumidity|so2|temperature,0.4903316361326942
3409375,44.47392894115867,44.29562,78,25.392280207960727,South Asia,IN,reference_likely,26.446912,91.439057,co|no|no2|o3|pm10|pm25|relativehumidity|so2|temperature,0.49823583889937756
3409377,39.10030785878519,42.0784,76,26.080976037383152,South Asia,IN,reference_likely,21.941841,86.728318,co|no|no2|o3|pm10|pm25|so2|temperature,0.8474598226961885
3409379,33.472291249331676,47.58494,70,32.8115936658245,South Asia,IN,reference_likely,22.265816,86.174829,co|no|no2|o3|pm10|pm25|relativehumidity|so2|temperature,0.2810802946194615
3409380,43.2984286325588,38.905743,74,28.35785698887347,South Asia,IN,reference_likely,22.06156703,85.47409613,co|no|no2|o3|pm10|pm25|relativehumidity|so2|temperature,0.44695316296568266
3409390,45.04079688285202,27.217802,77,19.963530765777293,South Asia,IN,reference_likely,26.10887,91.589544,co|no|no2|o3|pm10|pm25|relativehumidity|so2|temperature,0.5131219017875179
3409391,24.562142886952454,31.724413,78,6.069007547204506,South Asia,IN,reference_likely,24.82827,92.79525,co|no|no2|o3|pm10|pm25|relativehumidity|so2|temperature,0.3708716087462009
3409396,30.54901712864607,42.98944,73,18.034512773881342,South Asia,IN,reference_likely,22.118125,83.140608,co|no|no2|o3|pm10|pm25|relativehumidity|so2|temperature,0.62663153778718
3409398,30.533288915889088,44.146744,73,18.999619161474296,South Asia,IN,reference_likely,22.1910172,83.5197009,co|no|no2|o3|pm10|pm25|relativehumidity|so2|temperature,0.6777339124677022
3409400,40.832560787035234,18.817425,77,14.77076149300323,South Asia,IN,reference_likely,14.465052,78.824187,co|no|no2|o3|pm10|pm25|relativehumidity|so2|temperature,0.2059764089223977
3409401,39.409317606775055,26.238396,79,32.658424517676444,South Asia,IN,reference_likely,26.253384,72.976571,co|no|no2|o3|pm10|pm25|relativehumidity|so2|temperature,-0.03988781681953705
3409402,36.082121252923905,59.698414,79,23.507874338990362,South Asia,IN,reference_likely,27.215415,77.50873,co|no|no2|o3|pm10|pm25|relativehumidity|so2|temperature,0.6421751674897811
3409403,39.3198099425685,23.772589,76,27.653490391485125,South Asia,IN,reference_likely,28.018792,73.292658,co|no|no2|o3|pm10|pm25|relativehumidity|so2|temperature,0.19179798919883964
3409404,41.54960838579392,32.656487,79,30.366459807208255,South Asia,IN,reference_likely,28.296139,74.961696,co|no|no2|o3|pm10|pm25|relativehumidity|so2|temperature,0.6784244868584778
3409405,45.05422310444995,50.6742,78,28.6642147259542,South Asia,IN,reference_likely,26.699557,77.898881,co|no|no2|o3|pm10|pm25|relativehumidity|so2|temperature,0.5307975645369343
3409406,40.544971029554304,30.855822,78,26.165880502576602,South Asia,IN,reference_likely,25.196024,75.855668,co|no|no2|o3|pm10|pm25|relativehumidity|so2|temperature,0.7980045840328536
3409410,26.618024076507872,21.417248,79,14.36074244031487,South Asia,IN,reference_likely,24.885261,72.857549,co|no|no2|o3|pm10|pm25|relativehumidity|so2|temperature,0.7492189148020716
3409411,38.00381391427126,43.454594,78,18.32832541917961,South Asia,IN,reference_likely,26.349082,92.68449,co|no|no2|o3|pm10|pm25|so2|temperature,0.4428375254210626
3409417,38.12830984321149,24.224262,79,22.614549663099243,South Asia,IN,reference_likely,24.892047,74.623527,co|no|no2|o3|pm10|pm25|relativehumidity|so2|temperature,0.6370350291723544
3409418,38.14829151542434,31.978271,79,18.26190137945595,South Asia,IN,reference_likely,26.895552,76.334753,co|no|no2|o3|pm10|pm25|relativehumidity|so2|temperature,0.6782810725115626
3409419,30.998553276150847,20.61039,79,35.59891592781859,South Asia,IN,reference_likely,25.747299,71.393989,co|no|no2|o3|pm10|pm25|relativehumidity|so2|temperature,0.46421262634961147
3409420,49.447432919717514,53.911907,78,32.90862129151123,South Asia,IN,reference_likely,29.61075,74.283608,co|no|no2|o3|pm10|pm25|relativehumidity|so2|temperature,0.17982007138391617
3409422,39.30360243668692,32.46883,79,24.255637116109064,South Asia,IN,reference_likely,28.108988,75.386577,co|no|no2|o3|pm10|pm25|relativehumidity|so2|temperature,0.7122038792655881
3409432,45.24846759797505,34.859028,78,25.84756669688962,South Asia,IN,reference_likely,26.960669,75.771817,co|no|no2|o3|pm10|pm25|relativehumidity|so2|temperature,0.6501266126379961
3409433,56.40235245951779,33.548153,79,38.22184424283211,South Asia,IN,reference_likely,26.786682,75.827928,co|no|no2|o3|pm10|pm25|relativehumidity|so2|temperature,0.517637028046099
3409442,39.05581320387537,24.279905,79,24.175591059690355,South Asia,IN,reference_likely,25.339605,74.618883,co|no|no2|o3|pm10|pm25|relativehumidity|so2|temperature,0.6815490904086717
3409444,37.60008601850606,84.9673,79,51.981163510557074,South Asia,IN,reference_likely,26.912329,70.909168,co|no|no2|o3|pm10|pm25|relativehumidity|so2|temperature,-0.11975774401721868
3409447,32.213033718650436,30.504747,79,21.073150405737433,South Asia,IN,reference_likely,25.106006,76.469948,co|no|no2|o3|pm10|pm25|relativehumidity|so2|temperature,0.6686050041024186
3409448,33.763739922358376,19.735655,79,23.623229897788534,South Asia,IN,reference_likely,17.65439,75.90649,co|no|no2|o3|pm10|pm25|relativehumidity|so2|temperature,0.7160998552181
3409454,36.865660355382055,20.92246,64,19.80886759886207,South Asia,IN,reference_likely,20.021503,73.813844,co|no|no2|o3|pm10|pm25|relativehumidity|so2|temperature,0.7992870533601671
3409456,33.60925866732575,26.646414,79,17.41123788364588,South Asia,IN,reference_likely,20.719516,77.000253,co|no|no2|o3|pm10|pm25|relativehumidity|so2|temperature,0.535096650408058
3409458,30.478894825124872,26.806679,78,15.208251440864705,South Asia,IN,reference_likely,20.9402359,77.7895248,co|no|no2|o3|pm10|pm25|relativehumidity|so2|temperature,0.784606483096867
3409460,29.912802460730845,21.406494,77,17.986586115099083,South Asia,IN,reference_likely,19.87562,75.38731,co|no|no2|o3|pm10|pm25|relativehumidity|so2|temperature,0.5526551630600908
3409461,38.27816779449578,20.831469,76,16.965657609927835,South Asia,IN,reference_likely,19.863756,75.321188,co|no|no2|o3|pm10|pm25|relativehumidity|so2|temperature,0.5378979412738136
3409462,40.95917798364665,24.61517,78,23.695558355177884,South Asia,IN,reference_likely,21.001264,75.565602,co|no|no2|o3|pm10|pm25|relativehumidity|so2|temperature,0.46070428943503844
3409463,34.96716472938513,21.53717,76,21.251794444292734,South Asia,IN,reference_likely,19.854616,75.905894,co|no|no2|o3|pm10|pm25|relativehumidity|so2|temperature,0.181280042556333
3409468,46.106075795804685,32.335896,78,24.974620788702957,South Asia,IN,reference_likely,21.14472,79.107595,co|no|no2|o3|pm10|pm25|relativehumidity|so2|temperature,0.7230019489311407
3409479,29.432124844449973,32.114296,79,21.212188141758148,South Asia,IN,reference_likely,19.1878657,72.8304069,co|no|no2|o3|pm10|pm25|relativehumidity|so2|temperature,0.8148328257157493
3409480,28.98404909252791,23.687765,79,19.681072135779438,South Asia,IN,reference_likely,19.445821,72.7988231,co|no|no2|o3|pm10|pm25|relativehumidity|so2|temperature,0.8211702988389724
3409481,32.3681076160002,23.790384,78,17.98574863438619,South Asia,IN,reference_likely,19.786089,72.757971,co|no|no2|o3|pm10|pm25|relativehumidity|so2|temperature,0.6251226610065462
3409483,32.45183770685613,32.09064,77,21.15942967003623,South Asia,IN,reference_likely,19.0364585,72.8954371,co|no|no2|o3|pm10|pm25|relativehumidity|so2|temperature,0.8779144365293979
3409484,42.393117771826006,32.426846,79,16.483431506819173,South Asia,IN,reference_likely,19.235581,73.159121,co|no|no2|o3|pm10|pm25|relativehumidity|so2|temperature,0.6892782706676471
3409486,33.95591313212606,32.284294,78,23.373553674122338,South Asia,IN,reference_likely,19.0632143,72.8456324,co|no|no2|o3|pm10|pm25|relativehumidity|so2|temperature,0.8507161935842574
3409487,39.961343196495186,32.89852,76,27.585809211531892,South Asia,IN,reference_likely,19.0575752,73.0151367,co|no|no2|o3|pm10|pm25|relativehumidity|so2|temperature,0.6182526843201832
3409489,44.785890243987275,32.68973,71,43.08558305053198,South Asia,IN,reference_likely,23.142888,79.916147,co|no|no2|o3|pm10|pm25|relativehumidity|so2|temperature,0.20192398964625202
3409492,39.72942630436229,30.81,75,9.444611882988166,South Asia,IN,reference_likely,16.536107,80.594233,co|no|no2|o3|pm10|pm25|relativehumidity|so2|temperature,0.3630986373470166
3409498,29.810221639914705,28.704107,70,14.075964071534976,South Asia,IN,reference_likely,22.7084,75.8815,co|no|no2|o3|pm10|pm25|relativehumidity|so2|temperature,0.5113410813868007
3409500,8.023394450077745,30.400408,51,31.00800713926219,South Asia,IN,reference_likely,22.7524,75.8872,co|no|no2|o3|pm10|pm25|relativehumidity|so2|temperature,0.3616242471359226
3409502,43.15840436846463,42.518375,78,36.607284932989074,South Asia,IN,reference_likely,21.51161,86.89088,co|no|no2|o3|pm10|pm25|relativehumidity|so2|temperature,0.9206994953072752
3409505,44.21640746428808,39.258335,79,39.72234360911644,South Asia,IN,reference_likely,20.24079,85.836784,co|no|no2|o3|pm10|pm25|relativehumidity|so2|temperature,0.9400986146144048
3409508,35.184880358220695,39.258335,79,35.98884217155267,South Asia,IN,reference_likely,20.34652,85.8163,co|no|no2|o3|pm10|pm25|relativehumidity|so2|temperature,0.9340551706250292
3409512,20.353721122524732,31.029388,75,20.112412631509976,South Asia,IN,reference_likely,19.215859,72.831718,co|no|no2|o3|pm10|pm25|relativehumidity|so2|temperature,0.6814208675147835
3409521,39.970625522135315,55.512028,79,26.081232749858728,South Asia,IN,reference_likely,23.697936,86.944395,co|no|no2|o3|pm10|pm25|relativehumidity|so2|temperature,0.6969464775187687
3409524,33.01018435158273,52.92869,79,20.61728202543295,South Asia,IN,reference_likely,22.554954,88.292568,co|no|no2|o3|pm10|pm25|relativehumidity|so2|temperature,0.8770982127358385
3409527,21.527307758901276,20.04749,73,12.367787160558537,South Asia,IN,reference_likely,11.258242,77.552761,co|no|no2|o3|pm10|pm25|relativehumidity|so2|temperature,0.8362455955552914
3409529,34.46148242180669,58.103058,79,21.9712340301247,South Asia,IN,reference_likely,23.567923,87.306843,co|no|no2|o3|pm10|pm25|relativehumidity|so2|temperature,0.7041821195084313
3409530,39.03316491275341,57.93371,78,22.2434082103547,South Asia,IN,reference_likely,22.6025571,88.3105664,co|no|no2|o3|pm10|pm25|relativehumidity|so2|temperature,0.8942631140190606
3410004,39.40117632198755,78.59938,74,22.33243918948405,South Asia,IN,reference_likely,28.3153,76.9143,co|no|no2|o3|pm10|pm25|relativehumidity|so2|temperature,0.28590671401776757
3410005,30.11215275544373,19.614792,40,23.978686374319693,South Asia,IN,reference_likely,18.459883,73.852193,co|no|no2|o3|pm10|pm25|relativehumidity|temperature,0.4407763264071431
3415,9.906642892765191,8.305903,72,6.394942596789503,Europe,AT,reference_likely,47.262618999936024,11.392361000420872,co|no2|pm10|pm25|so2,0.1531887452026255
3415296,3.949985251372161,3.2236645,78,5.286679580934795,Europe,SE,lowcost,61.789676,15.894706,pm1|pm25|relativehumidity|temperature|um003,0.5763198250358665
3420,10.070970734941385,12.838761,76,6.022472383485075,Europe,AT,reference_likely,48.21673899971197,16.38091800012245,co|no2|pm25,0.3670259178395947
3430567,10.561157107934621,23.759167,50,7.979270110327774,Sub-Saharan Africa,SN,lowcost,14.661614,-16.23111,pm1|pm25|relativehumidity|temperature|um003,0.605082419050862
3430568,9.666504691378123,21.334482,69,6.9759947829403455,Sub-Saharan Africa,SN,lowcost,14.653855,-16.2306,pm1|pm25|relativehumidity|temperature|um003,0.7440196052195
3431593,9.911494453495365,26.24843,69,8.693715591831834,Sub-Saharan Africa,SN,lowcost,16.019319341426606,-16.490593389948394,pm1|pm25|relativehumidity|temperature|um003,0.5279886049231591
3439880,13.009951936413948,24.43296,78,9.228251676843197,Other Asia,TW,lowcost,25.069429240278108,121.58968860337532,pm1|pm25|relativehumidity|temperature|um003,0.5577151805142657
344140,52.13927899032795,26.819498,78,15.955144063523525,South Asia,IN,reference_likely,17.417094,78.457437,co|no|no2|o3|pm10|pm25|relativehumidity|so2|temperature,0.020753743718874413
345,9.962667725630324,5.8591475,87,5.712762753161073,North/Central America,PR,reference_likely,18.428388,-66.141657,pm25,0.8561334506175498
3458167,5.961435842728839,6.184145,77,8.803927802798936,Europe,IE,lowcost,53.44565347954011,-6.247406015248554,pm1|pm25|relativehumidity|temperature|um003,0.7539182971377976
3459,39.475537256624214,44.715927,45,30.62011491057168,South Asia,NP,reference_likely,27.738703,85.336206,pm25,0.8644138916352175
3459201,5.528121658115483,6.0861664,75,6.439294736567343,North/Central America,HN,lowcost,15.0842959,-85.5583524,pm1|pm25|relativehumidity|temperature|um003,0.36254046161195247
3478630,25.656367581249185,16.196821,59,22.772257691467605,Other Asia,LA,lowcost,19.880332,102.139832,pm1|pm25|relativehumidity|temperature|um003,0.6687875084032149
3481776,14.117569148324353,38.618507,77,11.162350209364556,China,CN,lowcost,34.0828,118.25006,pm1|pm25|relativehumidity|temperature|um003,0.2638273076084081
3484,9.630716189688243,10.174074,81,5.746640928431837,Europe,MC,reference_likely,43.786582999679794,7.373282999688281,pm10|pm25,0.45663133496315483
3487377,20.34272295405912,17.494188,76,23.77068584197839,Other Asia,LA,lowcost,19.555,102.234,pm1|pm25|relativehumidity|temperature|um003,0.729115856141261
3492754,24.555905459965835,16.214554,73,9.572284377442086,MENA,IL,lowcost,32.19519158202817,34.8715143100664,pm1|pm25|relativehumidity|temperature|um003,0.5638798754448188
3493785,19.158823447032102,19.227222,75,33.57052772748954,Other Asia,LA,lowcost,20.174492,102.675657,pm1|pm25|relativehumidity|temperature|um003,0.645472670729543
3493786,25.47089670215159,13.721233,73,27.430289793823857,Other Asia,LA,lowcost,17.392668,104.807495,pm1|pm25|relativehumidity|temperature|um003,0.8476118586889627
3493787,18.63503650557407,13.029559,53,22.887904613010086,Other Asia,LA,lowcost,17.086149,104.981631,pm1|pm25|relativehumidity|temperature|um003,0.734186926933107
3499026,12.44824827938758,17.67811,71,21.346927421773955,Other Asia,LA,lowcost,19.438824,102.428042,pm1|pm25|relativehumidity|temperature|um003,0.7898638319779556
3501134,13.013254575748515,9.340187,76,11.863077141187317,Europe,PT,lowcost,41.5472994,-8.7388633,pm1|pm25|relativehumidity|temperature|um003,0.5319871193828623
3501136,31.022453249028725,22.80497,52,43.06851105834363,Other Asia,LA,lowcost,20.105423,100.597269,pm1|pm25|relativehumidity|temperature|um003,0.7927417248783071
3501137,20.203461078386933,20.397974,74,25.257369118913385,Other Asia,LA,lowcost,19.958916,102.572347,pm1|pm25|relativehumidity|temperature|um003,0.7957379608406628
3503723,24.83313046582591,18.9916,61,29.1501707880437,Other Asia,TH,lowcost,18.109902,104.281265,pm1|pm25|relativehumidity|temperature|um003,0.8330100164715737
3503724,19.13802649616624,14.486458,76,22.633719749226493,Other Asia,VN,lowcost,18.185553,104.983958,pm1|pm25|relativehumidity|temperature|um003,0.759097853974258
3503725,20.264425680125754,13.777299,58,27.158581509660078,Other Asia,LA,lowcost,17.614203,105.170282,pm1|pm25|relativehumidity|temperature|um003,0.9051107483929633
3509919,13.266037076932363,14.038777,75,11.452590533005225,Other Asia,JP,lowcost,35.269608,139.610525,pm1|pm25|relativehumidity|temperature|um003,0.5857721252409045
3510962,9.65505532523051,11.583736,62,11.873275023592523,Other Asia,VN,lowcost,18.512354,104.442835,pm1|pm25|relativehumidity|temperature|um003,0.7843349311168777
3510963,23.582333110741786,15.409202,48,27.88231862517456,Other Asia,LA,lowcost,16.962416,104.81156,pm1|pm25|relativehumidity|temperature|um003,0.818973821469045
3510965,16.88246331373915,19.522917,74,26.57560338730868,Other Asia,LA,lowcost,20.087592,102.256569,pm1|pm25|relativehumidity|temperature|um003,0.7381896628367898
3524548,22.214970063912066,21.007626,59,26.52368258331399,Other Asia,VN,lowcost,21.078865,102.505833,pm1|pm25|relativehumidity|temperature|um003,0.8335286274038792
3524549,18.93235679061202,22.341213,55,22.145971732147974,Other Asia,LA,lowcost,19.444636,103.205788,pm1|pm25|relativehumidity|temperature|um003,0.6160807385089819
3524550,25.847987771646622,14.203907,64,20.80776286692088,Other Asia,VN,lowcost,18.577559,104.981947,pm1|pm25|relativehumidity|temperature|um003,0.7948670179344249
3524551,18.352724749566136,13.793436,73,24.494209640601014,Other Asia,LA,lowcost,17.457352,105.160169,pm1|pm25|relativehumidity|temperature|um003,0.8584141043606547
3524553,21.100642516416812,13.733334,64,24.90984150078244,Other Asia,LA,lowcost,15.434018,106.382399,pm1|pm25|relativehumidity|temperature|um003,0.9110641704933355
3526100,12.025995818407079,8.545252,43,5.831672001121662,Europe,GR,reference_likely,35.51422600029247,24.02567199994421,co|no2|o3|pm10|pm25|so2,0.24652181907336218
3526103,9.406473536840467,9.437209,43,3.1852521724065967,Europe,GR,reference_likely,40.5133019998168,21.25325699965346,co|no2|o3|pm10|pm25,0.5564548926198075
352765,1.5528739120792112,2.4642045,88,1.8870320681341535,Europe,SE,reference_likely,68.00048999986069,24.24565999957922,pm10|pm25,0.5734303524918647
3530386,11.023868393739228,13.002315,54,12.091773145740406,Europe,FR,lowcost,46.2644,6.37028,pm1|pm25|relativehumidity|temperature|um003,0.595890728443226
353715,35.71559759314078,59.823826,78,20.216399770647143,South Asia,IN,reference_likely,28.802625,78.753728,co|no|no2|o3|pm10|pm25|relativehumidity|so2|temperature,0.5983701466047319
353741,25.316122464387437,23.494167,65,17.82703412384622,Other Asia,TH,reference_likely,16.442554,100.322756,co|no2|o3|pm10|pm25|so2,0.6889629746340085
353742,26.029645232860194,16.20599,64,15.284546530801004,Other Asia,TH,reference_likely,16.54257,104.7192,co|no2|o3|pm10|pm25|so2,0.7589369052499527
353743,21.670852035907455,24.230078,64,16.527798161633246,Other Asia,TH,reference_likely,16.475374,99.525425,co|no2|o3|pm10|pm25|so2,0.7062529077856812
354124,19.357937829785115,12.034102,65,9.078158034780763,Other Asia,TH,reference_likely,12.577835,99.953663,co|no2|o3|pm10|pm25|so2,0.8807685002719929
3544957,13.000876197921418,15.9907055,52,10.381329550570765,North/Central America,HN,lowcost,15.207804,-87.8769283,pm1|pm25|relativehumidity|temperature|um003,0.3855508542713862
3553303,19.786518829777926,14.4978285,71,22.89490945160443,Other Asia,VN,lowcost,20.737745,103.073231,pm1|pm25|relativehumidity|temperature|um003,0.8111671071796369
3553304,22.07618428550382,14.488168,75,32.234130920456714,Other Asia,LA,lowcost,19.237566,101.714751,pm1|pm25|relativehumidity|temperature|um003,0.8347183061635027
356,22.694756554307116,7.2873597,89,11.495818120165671,South America,CL,reference_likely,-36.803034,-73.120527,pm10|pm25|so2,0.6128312447213414
3560513,8.517868754555533,8.200764,60,10.98563130071775,Other Asia,LA,lowcost,19.340999,103.371433,pm1|pm25|relativehumidity|temperature|um003,0.7262054765939103
3560515,22.012041390573383,15.075992,63,37.678094405393345,Other Asia,TH,lowcost,18.02845,104.65357,pm1|pm25|relativehumidity|temperature|um003,0.834948045432661
356093,5.060188704844305,6.945969,92,5.339665155067272,North/Central America,US,reference_likely,45.143141,-122.854708,pm25,0.6062802822055616
3562555,20.784429148827158,17.647684,72,28.483989927781774,Other Asia,LA,lowcost,19.498539,101.883867,pm1|pm25|relativehumidity|temperature|um003,0.7818781240565634
3567156,23.381698315075834,21.010042,61,27.733465326266323,Other Asia,VN,lowcost,21.172583,102.722705,pm1|pm25|relativehumidity|temperature|um003,0.7990819596270009
3567157,20.551396788556023,17.350899,51,32.37558806283346,Other Asia,LA,lowcost,20.536617,101.447461,pm1|pm25|relativehumidity|temperature|um003,0.674999963397657
3567158,21.09889959606826,19.251547,70,29.778478300382666,Other Asia,LA,lowcost,20.086216,100.831707,pm1|pm25|relativehumidity|temperature|um003,0.7540233661505344
3567159,28.65392880103466,20.555193,69,27.302945043791958,Other Asia,LA,lowcost,18.350024,102.42424,pm1|pm25|relativehumidity|temperature|um003,0.8448383650887156
3567160,16.444291828255693,11.839202,71,15.457448970055925,Other Asia,LA,lowcost,16.237196,105.1965,pm1|pm25|relativehumidity|temperature|um003,0.8429568131905839
3567161,18.44652916444823,12.965082,71,22.839324904466245,Other Asia,LA,lowcost,15.707906,106.422189,pm1|pm25|relativehumidity|temperature|um003,0.9091237538938156
3572814,6.437136869754526,6.9752035,41,9.455567697982673,Other Asia,LA,lowcost,15.467532,107.271451,pm1|pm25|relativehumidity|temperature|um003,0.8751390463002988
3576032,18.28346839026534,15.113852,74,15.371844797508171,Other Asia,TH,lowcost,14.968124,102.9822904,pm1|pm25|relativehumidity|temperature|um003,0.6495601280797794
3577666,9.18378513879873,10.822985,62,6.08429141775324,Europe,CZ,reference_likely,48.857276916513506,17.13138961748856,pm10|pm25,0.5213295384157599
3577667,9.657199992329312,8.876443,52,6.81122105817055,Europe,CZ,reference_likely,49.39244461045332,15.59127807656908,no2|pm10|pm25,0.33288496618745284
3577671,7.108393522496104,9.178274,56,4.238779275429172,Europe,CZ,reference_likely,49.56455612164803,15.940999984409071,pm10|pm25,0.3444324530066133
358450,70.70505944267082,14.603841,64,112.29468247359978,South Asia,IN,reference_likely,11.4068288,76.7138973,co|no|no2|o3|pm10|pm25|relativehumidity|so2|temperature,0.03398821106036177
358453,20.125048367435575,18.991117,76,14.035517112606508,South Asia,IN,reference_likely,10.358535,77.984321,co|no|no2|o3|pm10|pm25|relativehumidity|so2|temperature,0.06646044007745697
358683,10.213205627257688,10.855556,78,8.9857737322802,Europe,BG,lowcost,43.7437,27.4144,pm1|pm10|pm25|pm4,0.5691848883827451
3588,10.097329915409597,8.2478895,77,6.812741979313854,Europe,FR,reference_likely,48.688170000094495,6.1904309999021265,no2|o3|pm10|pm25,0.5949376922840982
3588372,2.758428830458626,6.1914444,75,4.50125025248026,Europe,SE,lowcost,59.42840342468391,17.933457470108717,pm1|pm25|relativehumidity|temperature|um003,0.32030718960945403
3590990,8.733407756126457,9.512725,74,8.49956358867757,Europe,DE,lowcost,47.581288951591624,10.733135215427522,pm1|pm25|relativehumidity|temperature|um003,0.39593111146165466
3591603,16.694684598429102,19.689394,66,29.082908956152657,Other Asia,LA,lowcost,20.870865,102.110246,pm1|pm25|relativehumidity|temperature|um003,0.6491040672579894
3591604,22.536371833529056,19.219007,73,29.791010447848535,Other Asia,LA,lowcost,20.565749,100.592003,pm1|pm25|relativehumidity|temperature|um003,0.8141565550923988
3591605,14.834104481568323,15.171189,70,24.937017276467877,Other Asia,LA,lowcost,20.199501,103.875166,pm1|pm25|relativehumidity|temperature|um003,0.6611740142121608
3591606,18.50388477801058,14.709444,45,28.27484015644183,Other Asia,TH,lowcost,18.220795,101.405717,pm1|pm25|relativehumidity|temperature|um003,0.8284876421517364
3591607,18.233295555916975,18.413359,63,25.18211382730175,Other Asia,LA,lowcost,19.590573,103.662369,pm1|pm25|relativehumidity|temperature|um003,0.6315452141291951
3591608,21.867060143081222,20.257597,51,27.802587738377703,Other Asia,LA,lowcost,18.929384,103.992683,pm1|pm25|relativehumidity|temperature|um003,0.7587320437918831
3591610,12.607232026614023,10.3819065,73,18.521508758381497,Other Asia,LA,lowcost,15.994499,106.192399,pm1|pm25|relativehumidity|temperature|um003,0.879362960532408
3591611,12.503193946454731,12.0923195,51,16.27342145933943,Other Asia,LA,lowcost,15.461092,106.16172,pm1|pm25|relativehumidity|temperature|um003,0.857562864344374
3591612,17.088950802331855,12.781922,62,23.014738441517395,Other Asia,LA,lowcost,14.925784,107.052837,pm1|pm25|relativehumidity|temperature|um003,0.935330458714242
3597971,22.29817469159945,15.654813,71,22.60652642056177,Other Asia,LA,lowcost,20.413807,104.050733,pm1|pm25|relativehumidity|temperature|um003,0.7255319141682948
3597972,16.509247160192814,18.467648,68,19.719380056714698,Other Asia,VN,lowcost,19.999194,104.64011,pm1|pm25|relativehumidity|temperature|um003,0.7456369460405252
3597973,19.564501406239582,15.589132,74,24.681865952251094,Other Asia,LA,lowcost,20.466813,103.34797,pm1|pm25|relativehumidity|temperature|um003,0.7800425551066571
3597974,17.457274970031072,17.917744,58,24.87807740836882,Other Asia,LA,lowcost,20.099855,103.380396,pm1|pm25|relativehumidity|temperature|um003,0.6253203590328515
3597975,18.204281079665222,16.594383,69,19.572081694996633,Other Asia,VN,lowcost,19.835863,104.561303,pm1|pm25|relativehumidity|temperature|um003,0.8053705924537047
3597976,23.484291886712164,14.775385,65,39.26054153738146,Other Asia,LA,lowcost,19.70693,101.342893,pm1|pm25|relativehumidity|temperature|um003,0.8079891141961518
3597978,20.324248502353576,21.46641,65,23.046936534520253,Other Asia,LA,lowcost,18.554884,102.502844,pm1|pm25|relativehumidity|temperature|um003,0.8700817968220056
3599598,20.86024488423019,17.96056,73,21.973933383238794,Other Asia,LA,lowcost,20.820542,104.004618,pm1|pm25|relativehumidity|temperature|um003,0.7332946288371588
3599599,18.04635042085957,20.134937,52,22.944895866373898,Other Asia,LA,lowcost,20.813892,104.146676,pm1|pm25|relativehumidity|temperature|um003,0.7904023172057857
3599600,17.83246356877816,14.720495,74,24.6464108696326,Other Asia,LA,lowcost,19.225034,102.25219,pm1|pm25|relativehumidity|temperature|um003,0.7848601273469029
3600182,17.726400479462754,13.268056,69,20.075461903408982,Other Asia,LA,lowcost,17.075181,104.87732,pm1|pm25|relativehumidity|temperature|um003,0.8706523331118586
3600183,16.738570232684282,13.555834,50,23.79139959498258,Other Asia,LA,lowcost,15.697405,106.07474,pm1|pm25|relativehumidity|temperature|um003,0.8704203749061609
3600716,23.05236279451799,20.145428,72,19.865949374232073,Other Asia,LA,lowcost,20.710206,104.384946,pm1|pm25|relativehumidity|temperature|um003,0.7412860161356881
3602359,17.745042344066796,16.324244,66,23.08990525684746,Other Asia,VN,lowcost,19.49661,103.986121,pm1|pm25|relativehumidity|temperature|um003,0.8054507521409583
3602893,13.312859554919653,7.2715187,73,11.372873025641232,Europe,GB,lowcost,54.53891924277622,-1.564996616690009,pm1|pm25|relativehumidity|temperature|um003,0.6843022728194804
3609,9.012517130221188,9.2368965,76,6.875980058857329,Europe,FR,reference_likely,49.35833700015846,6.156942000146252,no2|pm10|pm25,0.5186109868520774
3612960,36.09519175241467,20.257519,46,26.13002697828543,Other Asia,LA,lowcost,18.068595,102.535866,pm1|pm25|relativehumidity|temperature|um003,0.7690568670515648
3612961,13.664322393162383,13.00725,50,19.564823421420794,Other Asia,LA,lowcost,20.962029,100.82109,pm1|pm25|relativehumidity|temperature|um003,0.6907156831769642
3612962,25.93249347113526,18.755615,69,28.0477465755175,Other Asia,LA,lowcost,21.190223,101.144937,pm1|pm25|relativehumidity|temperature|um003,0.651012544051401
3612963,8.561099546035198,7.6217017,48,10.607714706907986,Other Asia,LA,lowcost,19.520634,102.884798,pm1|pm25|relativehumidity|temperature|um003,0.32719663907052193
3612964,13.051132951475672,12.723819,60,16.916128905647206,Other Asia,TH,lowcost,17.910218,101.670662,pm1|pm25|relativehumidity|temperature|um003,0.8368474176087183
3612965,24.614240263770743,21.858004,63,24.10529649111718,Other Asia,LA,lowcost,18.48451,102.485942,pm1|pm25|relativehumidity|temperature|um003,0.8527375216044807
3612966,15.981134051841213,12.751723,58,18.472335452114315,Other Asia,LA,lowcost,16.367044,105.005653,pm1|pm25|relativehumidity|temperature|um003,0.9170018021839353
361378,39.539757084052226,27.684021,79,28.6236400541154,South Asia,IN,reference_likely,23.210494,77.425409,co|no|no2|o3|pm10|pm25|relativehumidity|so2|temperature,0.7305166035999254
3617277,6.754852195913108,19.846573,62,11.118607667419761,Sub-Saharan Africa,SN,lowcost,14.794498116325476,-16.96105368259619,pm1|pm25|relativehumidity|temperature|um003,0.2523182588703231
3624137,9.05701130173684,9.226389,57,18.285643488238264,Other Asia,LA,lowcost,15.784384,106.906754,pm1|pm25|relativehumidity|temperature|um003,0.9446050189959884
3624655,14.502190087889684,14.343503,59,23.945617303474464,Other Asia,LA,lowcost,17.171532,105.4273,pm1|pm25|relativehumidity|temperature|um003,0.920490338519764
364,19.056119251903983,13.032723,82,4.151345208428372,South America,CL,reference_likely,-22.44283906304,-68.932546346863,pm10|pm25,0.17218911754858346
3663294,14.294116474074249,10.904399,72,17.737556255405227,Other Asia,LA,lowcost,15.891245,105.567119,pm1|pm25|relativehumidity|temperature|um003,0.8847514034554737
3665380,26.666475124940547,8.402203,70,24.013442189240248,North/Central America,MX,reference_likely,31.65517,-106.46629,pm25,0.45010281596366036
366617,4.782508051529791,6.3509727,90,2.6271765921069017,Oceania,AU,reference_likely,-26.6429,152.9397,pm10|pm25,0.16793791272672873
368390,22.862145584232948,24.608534,62,13.727692469811943,Other Asia,TH,reference_likely,13.7435329,100.3526893,pm25,0.7084485675761606
368391,19.387125860647966,21.08373,63,12.67569246978016,Other Asia,TH,reference_likely,13.6881393,100.6579657,pm25,0.6496926056278169
368392,21.659045658447834,28.536772,63,13.180442651517911,Other Asia,TH,reference_likely,13.8778763,100.6207085,pm25,0.4735935734698589
368394,18.495106317971924,24.204098,61,11.492945081812374,Other Asia,TH,reference_likely,13.732225,100.5448381,pm25,0.7013721989829274
368396,20.622700230151,34.578045,63,12.228922810039402,Other Asia,TH,reference_likely,13.8055472,100.5488338,pm25,0.5046979138084414
368397,21.99832813494304,24.53578,63,12.30403106135804,Other Asia,TH,reference_likely,13.7693437,100.4945337,pm25,0.7252690828026976
368401,23.61578350835052,28.536772,63,16.733882250042257,Other Asia,TH,reference_likely,13.855656,100.8585539,pm25,0.5619691941812767
368402,26.829376615281245,21.128092,62,14.13286347528659,Other Asia,TH,reference_likely,13.7855673,100.6733359,pm25,0.6645744013304956
368403,21.09061661134759,34.412292,60,12.079882017645003,Other Asia,TH,reference_likely,13.802546,100.5509191,pm25,0.5413347755479102
368404,26.296255078887064,21.08373,63,13.20970213535193,Other Asia,TH,reference_likely,13.7631141,100.7302101,pm25,0.6641583944057526
368405,20.79504038977536,24.650705,59,13.517058587784792,Other Asia,TH,reference_likely,13.6863478,100.3844036,pm25,0.665658324022379
368406,24.589559974187303,24.53578,63,12.259616450994422,Other Asia,TH,reference_likely,13.7716446,100.4681128,pm25,0.7281419314177214
368408,20.725506036694167,21.165188,62,14.212981721340727,Other Asia,TH,reference_likely,13.7201042,100.7807077,pm25,0.6565007345836114
3684608,30.176262615871547,20.919235,73,24.398412171194817,Other Asia,LA,lowcost,18.035248,102.63994,pm1|pm25|relativehumidity|temperature|um003,0.7241772927388552
3684609,17.230788259205344,18.38803,71,23.944041677206346,Other Asia,VN,lowcost,21.346014,102.349329,pm1|pm25|relativehumidity|temperature|um003,0.8608845652489375
3684610,20.711395678051414,17.507223,60,36.99620423282882,Other Asia,LA,lowcost,19.699713,100.5572,pm1|pm25|relativehumidity|temperature|um003,0.8329782995988854
3684611,14.785034758458416,10.3850155,57,20.913400492008062,Other Asia,LA,lowcost,16.527879,106.021922,pm1|pm25|relativehumidity|temperature|um003,0.9010488667788478
3685146,23.634743731607454,21.48106,66,29.359621076907068,Other Asia,LA,lowcost,20.914061,101.764456,pm1|pm25|relativehumidity|temperature|um003,0.6255547344714533
3685147,23.830353338322972,13.552153,60,28.38616535563418,Other Asia,LA,lowcost,20.146431,101.467765,pm1|pm25|relativehumidity|temperature|um003,0.6657507601290191
3685148,14.724235314782916,12.090962,71,20.486130811234553,Other Asia,LA,lowcost,16.388527,105.375363,pm1|pm25|relativehumidity|temperature|um003,0.8595558722353247
3685150,16.10311993977498,14.547877,53,22.84425748036158,Other Asia,LA,lowcost,14.784126,105.819789,pm1|pm25|relativehumidity|temperature|um003,0.9461678293705756
3685151,17.55991023903799,13.975962,52,19.502415704541473,Other Asia,LA,lowcost,15.107035,105.772051,pm1|pm25|relativehumidity|temperature|um003,0.8793415076932836
3685152,17.789194044508157,14.523732,46,22.75470835054257,Other Asia,LA,lowcost,14.649459,105.804529,pm1|pm25|relativehumidity|temperature|um003,0.9475392019789036
3686,9.536691929641725,7.8601193,77,6.619766610602672,Europe,FR,reference_likely,49.8428200002493,3.2814389995581292,pm25,0.771501219060067
3687787,18.45553092938351,13.743075,71,18.068135651467117,Europe,RS,lowcost,45.10172441613039,19.86144594341759,pm1|pm25|relativehumidity|temperature|um003,0.7630172702068808
3714636,19.001727790669225,18.136003,64,33.280795651845615,Other Asia,LA,lowcost,20.296295,101.639666,pm1|pm25|relativehumidity|temperature|um003,0.7066159442151808
3714641,14.402955889207197,11.647807,57,16.844979458911396,Other Asia,LA,lowcost,15.994818,105.745889,pm1|pm25|relativehumidity|temperature|um003,0.9010007739335285
3714642,17.952600556686715,11.656193,72,18.75416328461882,Other Asia,LA,lowcost,15.12006,105.80211,pm1|pm25|relativehumidity|temperature|um003,0.8853382779529207
3714643,20.21302864919776,12.725232,54,24.13672102264641,Other Asia,LA,lowcost,15.181714,106.217852,pm1|pm25|relativehumidity|temperature|um003,0.883974335650966
3714646,13.80950399608065,12.598415,71,18.518927386242787,Other Asia,LA,lowcost,14.812678,106.829211,pm1|pm25|relativehumidity|temperature|um003,0.9212269873883324
3720347,3.725494394150166,8.134838,72,4.497382397024215,Other Asia,MY,lowcost,6.226897,116.451696,pm1|pm25|relativehumidity|temperature|um003,0.5729120364942987
3732,10.362814214608248,11.347552,80,8.027250483557888,Europe,FR,reference_likely,46.195829999916846,6.240556000117605,no2|o3|pm10|pm25,0.7951053809268637
3733063,14.990102224382762,11.434524,56,24.614307101634907,Other Asia,LA,lowcost,15.060355,105.897898,pm1|pm25|relativehumidity|temperature|um003,0.910461760609119
3733065,13.896711352582928,12.824659,49,16.1258246603426,Other Asia,KH,lowcost,14.048226,105.896012,pm1|pm25|relativehumidity|temperature|um003,0.8043948101606293
3771604,5.137579455599823,5.0888886,72,5.717246427705294,Other Asia,PH,reference_likely,10.99814,125.64968,pm25,0.1836255218584993
3783738,16.885243492475283,11.757916,70,21.444576863475845,Other Asia,LA,lowcost,16.844674,105.33638,pm1|pm25|relativehumidity|temperature|um003,0.8524116400046869
379,5.681761923923009,8.047549,51,5.8286697857872225,North/Central America,CA,reference_likely,48.894014,-116.359419,pm25,0.835072098329769
3792617,16.931680952257025,12.293246,58,22.41738306692373,Other Asia,LA,lowcost,16.692124,105.409764,pm1|pm25|relativehumidity|temperature|um003,0.9150255201178019
3799,9.487116890234917,11.0337715,76,8.732899892509447,Europe,FR,reference_likely,45.75329999969274,5.072199999985248,no2|o3|pm10|pm25,0.7175463442219517
3801453,5.290490225833578,12.445422,71,9.422574775120506,North/Central America,HN,lowcost,14.0150475,-87.0029999,pm1|pm25|relativehumidity|temperature|um003,0.4253102509380449
3831990,8.146289187978839,10.207798,70,8.26520704463549,Europe,NL,lowcost,52.036886,5.169077,pm1|pm25|relativehumidity|temperature|um003,0.6714728223438481
3847221,5.486501138878395,6.71875,70,5.1852010871494825,Europe,GB,reference_likely,51.27026,-2.19532,pm25,0.7911681562570744
3847222,7.661846416454266,7.08131,70,6.451926619705515,Europe,GB,reference_likely,51.2614,-2.21922,pm25,0.6014749243084551
3847229,13.919836347680418,7.779881,70,6.4723425087158555,MENA,MA,lowcost,32.21931682253332,-7.931065758934492,pm1|pm25|relativehumidity|temperature|um003,0.13188580786394455
3851,18.900709435492043,27.467628,65,10.100567739778143,Other Asia,TW,reference_likely,22.673081,120.488033,co|no2|o3|pm10|pm25|so2,0.43486898370047
385742,25.510488519825845,25.16173,65,16.035470632750066,Other Asia,TH,reference_likely,14.606306,100.453589,co|no2|o3|pm10|pm25|so2,0.4337725203356681
3862,13.491427032159297,22.24237,65,6.546409753880207,Other Asia,TW,reference_likely,25.03556747,121.08283092,co|no2|o3|pm10|pm25|so2,0.430939704964442
3863,22.27316958403915,19.084423,65,11.335242570005542,Other Asia,TW,reference_likely,22.564136109999996,120.42531099999998,co|no2|o3|pm10|pm25|so2,0.7327660025995257
3870737,11.403818764115488,14.351263,66,11.258790131422893,Europe,IT,lowcost,46.1145139,13.1282236,pm1|pm25|relativehumidity|temperature|um003,0.7523442845726973
3875,16.57056376118161,26.45064,65,8.035273764181916,Other Asia,TW,reference_likely,23.925175,120.409653,co|no2|o3|pm10|pm25|so2,0.4092369496020127
387511,28.052973035046485,28.500595,42,26.376391948395217,Other Asia,LA,reference_likely,20.2575,100.4025,pm25,0.7694925493911448
388,15.673157225173988,6.633484,83,4.0669784352393,South America,CL,reference_likely,-37.100696257418,-73.155760394707,pm10|pm25|so2,0.5377604156610327
3887,20.776721014492754,27.291992,64,11.568728259045491,Other Asia,TW,reference_likely,22.689055999999997,120.332631,co|no2|o3|pm10|pm25|so2,0.43310894420470497
388962,32.0714894363849,19.122286,43,21.56534857905435,Other Asia,TH,reference_likely,17.802222,98.949722,pm25,0.7068856112410022
3890,21.61032417537173,19.076822,64,11.233638192992418,Other Asia,TW,reference_likely,22.565833,120.337736,co|no2|o3|pm10|pm25|so2,0.741822559190725
3892,17.20973471608483,26.8075,65,8.629181173848819,Other Asia,TW,reference_likely,23.554839,120.34553099999998,co|no2|o3|pm10|pm25|so2,0.24543011830014283
3893,17.880769230769232,25.916088,65,9.898512600831555,Other Asia,TW,reference_likely,23.305633,120.31725000000002,co|no2|o3|pm10|pm25|so2,0.24614057990096286
3899,9.453623188405798,15.766025,65,5.107791810752123,Other Asia,TW,reference_likely,24.747917,121.746394,co|no2|o3|pm10|pm25|so2,0.4849332541300859
3904,13.071118374379244,15.766025,65,6.63652294022695,Other Asia,TW,reference_likely,24.982528,121.451861,co|no2|o3|pm10|pm25|so2,0.5944116591044687
3905,15.469164299242424,27.504492,64,8.455069862404205,Other Asia,TW,reference_likely,22.883583,120.53054199999998,co|no2|o3|pm10|pm25|so2,0.429690864226783
3909,9.45479773849339,15.766025,65,4.988961028160724,Other Asia,TW,reference_likely,24.632203,121.792928,co|no2|o3|pm10|pm25|so2,0.4470923335125992
3931,24.569286616161616,13.7639675,88,9.162061397431097,South America,CL,reference_likely,-32.772516452112,-71.535303287094,pm10|pm25|so2,0.6712768007809149
3944,20.083967321806618,12.891151,89,14.721297914460285,Europe,HU,reference_likely,48.106943999772746,20.790005999918233,co|no2|pm10|pm25|so2,0.7042853763992951
3946462,16.061129715126537,11.240897,65,16.514495936961744,Europe,PL,lowcost,53.121793,17.998009,pm1|pm25|relativehumidity|temperature|um003,0.6428010104863504
3948,11.9424335692831,11.457341,63,7.426098267580931,Europe,HU,reference_likely,47.676111000033536,17.649736000397873,no2|o3|pm10|pm25|so2,0.39495752267660583
3950,18.239499250927352,12.22977,76,14.974906974112157,Europe,HU,reference_likely,48.24722199996222,20.616402999560567,no2|o3|pm10|pm25|so2,0.5342151187669553
3954,13.634215220390422,11.521354,80,9.219866647607542,Europe,SK,reference_likely,48.473889000224624,21.211677999722568,o3|pm10|pm25,0.5518847689464378
3955,11.586149894989743,11.8721075,85,5.945397887137217,Europe,HU,reference_likely,46.26661399989855,20.15305300009114,co|no2|o3|pm10|pm25|so2,0.6156573584933825
3959,12.998235611940816,11.844089,74,8.361633620678196,Europe,HU,reference_likely,47.68527800000957,17.639444000391087,no2|pm10|pm25|so2,0.5955117569307254
3960,13.49789758158992,15.087031,71,8.419068545880751,Europe,HU,reference_likely,47.43083299988452,19.184175000098374,no2|o3|pm10|pm25,0.6272888558662505
3966,16.23142202334534,12.355445,88,12.442638352376234,Europe,HU,reference_likely,47.96111099974752,21.70583899981334,co|no2|pm10|pm25|so2,0.7270754616259371
3981,1.5523146215723134,5.1935763,48,1.3826094205739736,Sub-Saharan Africa,RE,reference_likely,-21.331702999928183,55.47894999959141,no2|pm10|pm25,0.44990632009804193
3987,3.9600513029027558,6.472603,73,1.517279053748799,Sub-Saharan Africa,RE,reference_likely,-20.88989300037236,55.46884000005781,no2|o3|pm10|pm25|so2,0.6619198315756176
399,34.88848927808823,8.004981,87,32.99766498243189,South America,CL,reference_likely,-36.616167751711,-72.093040558483,pm10|pm25,0.3745264370028517
3990424,26.71027438944298,15.896745,64,113.0306436123043,Other Asia,PH,reference_likely,14.47822,120.98664,pm25,-0.08559553098790078
3990425,18.142053992098624,13.93076,68,5.43360267258874,Other Asia,PH,reference_likely,14.57863,121.05675,pm25,0.5430532267203978
3990426,13.349805667038966,13.93076,68,6.70843060989214,Other Asia,PH,reference_likely,14.45627,121.04569,pm25,0.6245477912827857
3995,7.506452030599052,5.940514,47,3.4027847994882636,South America,GF,reference_likely,4.937846700122823,-52.32092999972591,co|pm10|pm25,0.8106034869357236
3998818,22.971379299118244,16.52418,66,16.660308557039713,Other Asia,LA,lowcost,17.937650817948654,102.61723189596404,pm1|pm25|relativehumidity|temperature|um003,0.4111252227981906
4008868,5.800414681603239,6.2492537,67,8.195090988118288,Europe,GB,lowcost,52.1877593,-2.2782496,pm1|pm25|relativehumidity|temperature|um003,0.6822995872976215
4011496,10.81274515102638,11.619216,67,5.92959035433138,Other Asia,PH,reference_likely,14.5507,120.5975,pm25,0.6825261511656453
4011497,9.447446264338831,15.076617,67,6.707855140491023,Other Asia,PH,reference_likely,14.67759,120.5182,pm25,0.7995923111272335
4011498,10.113733186031997,15.923072,67,6.044017367765563,Other Asia,PH,reference_likely,14.515,120.609,pm25,0.695642233272221
4023,6.907505494070792,8.525348,72,4.02114086790502,North/Central America,MQ,reference_likely,14.678024999592209,-60.93905599961567,pm10|pm25,0.7819483785483048
4026,8.840587378935945,8.277164,77,4.962850378248104,North/Central America,MQ,reference_likely,14.610653000389345,-61.00258600006398,no2|pm10|pm25,0.8575825593032428
4028033,17.39193331077438,22.890898,65,13.118992405414495,Other Asia,TH,lowcost,14.064706097742768,100.60502410138216,pm1|pm25|relativehumidity|temperature|um003,0.2101220954944135
4029,8.082135705526916,9.011445,79,4.595189002245773,North/Central America,MQ,reference_likely,14.46886899979433,-60.92741799991977,no2|o3|pm10|pm25,0.9023625757043087
4031,8.53117730532431,8.055445,75,5.088289596703333,North/Central America,MQ,reference_likely,14.616389000327944,-61.1007919999486,pm10|pm25,0.8699893767244826
4049149,13.97870718301109,16.04323,64,9.047759347768265,Other Asia,PH,lowcost,14.56637517989103,120.9922368328637,pm1|pm25|relativehumidity|temperature|um003,0.570199106074812
406,6.441571629475241,6.1805553,48,4.16095719031782,Europe,GB,reference_likely,52.50243599946008,-2.0034969995881116,no2|pm10|pm25,0.6428391638695705
407,50.13161993612627,26.17722,77,19.262464204011298,South Asia,IN,reference_likely,17.349694,78.451437,co|no|no2|o3|pm10|pm25|relativehumidity|so2|temperature,0.5990198996154394
4084,10.086764974599527,11.028634,86,7.434913424283356,Europe,FR,reference_likely,48.77589800004221,2.37578800006495,no2|o3|pm10|pm25,0.6495633301068718
4095690,17.84850646290201,19.757622,41,11.84235300969505,Sub-Saharan Africa,GM,reference_likely,13.4614,-16.6752,pm25,0.8614608175693411
4095699,21.91856496498473,18.4082,62,14.762312259360042,Sub-Saharan Africa,GM,reference_likely,13.3824,-16.7049,pm25,0.6523362116918576
4095700,14.543416779907464,18.04987,63,11.846244417261675,Sub-Saharan Africa,GM,reference_likely,13.3868,-16.765,pm25,0.7101823594496016
4095701,28.28173616169512,17.831589,43,18.30825340840455,Sub-Saharan Africa,GM,reference_likely,13.4207,-16.6706,pm25,0.7851711362106973
4095702,26.113209969200415,18.979101,62,15.712438862267952,Sub-Saharan Africa,GM,reference_likely,13.4389,-16.6806,pm25,0.7374865444850627
41,7.145183710986388,9.331414,89,6.3936420218874,Europe,NL,reference_likely,53.21779599995613,6.578901000005765,no|no2|pm10|pm25,0.49282961353661325
4108778,4.701000427652496,6.877431,60,5.294501499824482,Europe,GR,lowcost,39.09772491860329,23.710448018422262,pm1|pm25|relativehumidity|temperature|um003,0.42914848482345946
4121681,33.81134600560193,37.12093,43,25.055579516102437,South Asia,NP,lowcost,27.6716935,85.30167,pm1|pm25|relativehumidity|temperature|um003,0.861558688069781
4143000,9.217124868920086,13.283813,52,14.211970242472946,China,CN,lowcost,21.695,102.085,pm1|pm25|relativehumidity|temperature|um003,0.6282448586644537
4143981,15.72802390763531,10.72459,61,11.316194498885228,Other Asia,LA,lowcost,16.5702,104.75036,pm1|pm25|relativehumidity|temperature|um003,0.5551055639764388
4143982,9.314409066523389,10.399784,58,10.71746991722571,Other Asia,VN,lowcost,16.696651,106.209138,pm1|pm25|relativehumidity|temperature|um003,0.708911391031673
4143983,12.344885828728927,9.504968,52,10.528807604541269,Other Asia,LA,lowcost,16.489147,105.031659,pm1|pm25|relativehumidity|temperature|um003,0.6707459992287399
4143984,12.520711225455296,9.41746,63,11.803811130695829,Other Asia,VN,lowcost,16.971649,105.944661,pm1|pm25|relativehumidity|temperature|um003,0.6756465441941616
4143985,10.491347526341075,8.908542,60,9.532807198978853,Other Asia,LA,lowcost,16.661353,105.58791,pm1|pm25|relativehumidity|temperature|um003,0.7377593758796681
4143986,9.862849749613796,9.598904,57,9.991190316412135,Other Asia,LA,lowcost,15.59088,105.804115,pm1|pm25|relativehumidity|temperature|um003,0.6949337641605676
4143988,11.253184114831589,9.014717,62,13.030499449462368,Other Asia,LA,lowcost,14.816824,106.930954,pm1|pm25|relativehumidity|temperature|um003,0.3255719067708867
4159655,2.2702816846994245,8.136441,63,4.705909497473229,North/Central America,US,lowcost,40.2885317,-111.674748,pm1|pm25|relativehumidity|temperature|um003,0.29891568319463585
4161182,4.344072022509191,7.6032896,57,4.470894130227353,Europe,JE,reference_likely,49.17901,-2.09524,pm25,0.607658612569657
4173292,12.254275997909353,11.698051,62,13.899924205036301,Europe,CZ,lowcost,50.462233,13.410369,pm1|pm25|relativehumidity|temperature|um003,0.587305358170975
4175798,39.53528688453697,44.33696,62,17.264669034245124,MENA,AE,lowcost,25.0430873,55.1802663,pm1|pm25|relativehumidity|temperature|um003,0.3586446665154513
4186392,76.25704550461984,10.070295,62,68.58246722599138,Sub-Saharan Africa,MW,lowcost,-15.7819646,34.9946509,pm1|pm25|relativehumidity|temperature|um003,0.8443200329530028
4209584,21.60089448507521,7.952732,61,24.310085137502888,Europe,MK,reference_likely,41.44,22.655,pm25,0.1108422969338727
4209585,18.27443196281355,8.008264,60,19.69112157789337,Europe,MK,reference_likely,41.44736,22.64254,pm25,0.10472440117786902
42240,31.62714463347159,27.67622,75,28.52770482032902,South Asia,IN,reference_likely,26.1875,91.744194,co|no|no2|o3|pm10|pm25|so2,0.5961230776169021
4229,9.405271336129198,11.181944,81,5.5015596675853065,Europe,ES,reference_likely,36.16170000001886,-5.44260000007662,no2|pm25|so2,0.3055070305687427
4232,7.154713666879275,8.537301,84,3.023766760197443,Europe,ES,reference_likely,36.841329999668325,-2.446719999876766,co|no2|o3|pm10|pm25,0.5895426038306587
4236,2.990481550062815,8.151357,86,2.042520016486669,Europe,ES,reference_likely,38.35111111026972,-0.5138888795874427,co|no2|o3|pm10|pm25|so2,0.6454717596782016
4256977,3.2704948239128973,8.509167,60,5.705182057632064,Europe,NO,lowcost,59.945941,10.769629,pm1|pm25|relativehumidity|temperature|um003,0.3514949067183677
4289048,18.300857510330165,15.541738,59,15.82583605009698,Europe,SI,lowcost,46.15529234318586,14.601372420617018,pm1|pm25|relativehumidity|temperature|um003,0.7049560771355473
43045,24.37833464220271,7.3792143,87,12.321149457502692,South America,CL,reference_likely,-36.933633609856,-73.152701854706,pm10|pm25,-0.008692086943933539
4313152,17.008309523809523,17.555666,50,18.960720733666356,Sub-Saharan Africa,GM,reference_likely,13.43743,-16.722991,pm25,0.7013041689776538
4320,8.172974032492593,11.710516,84,4.871314456898496,Europe,ES,reference_likely,40.465833329674865,-3.688333330256388,no2|pm10|pm25,0.5063581392966104
4322233,10.76942079147538,16.155897,53,7.647676282526811,Other Asia,KH,lowcost,11.598675,104.8013326,pm1|pm25|relativehumidity|temperature|um003,0.32513970569056827
43289,30.863062829487514,7.260297,87,21.65079621732737,South America,CL,reference_likely,-36.984579193699,-73.152648210526,pm10|pm25|so2,0.5558156777063912
4337,7.642081335177056,6.8482456,76,4.116278413982618,Europe,ES,reference_likely,41.64221999968232,-0.861940000050717,co|no2|o3|pm10|pm25|so2,0.5837552077909082
4337366,4.481165501165501,9.902948,65,3.7427152610559116,Sub-Saharan Africa,CI,reference_likely,5.361,-3.969,co|no2|o3|pm10|pm25|relativehumidity|temperature,-0.3366692136060406
4337368,5.115243896158499,8.07554,54,3.1956076867574246,Sub-Saharan Africa,CI,reference_likely,5.329,-3.949,co|no2|o3|pm10|pm25|relativehumidity|temperature,0.36569683127413566
4337371,10.5479461643756,8.556654,67,3.642087058116959,Sub-Saharan Africa,CI,reference_likely,5.376,-3.96,co|no2|o3|pm10|pm25|relativehumidity|temperature,0.5042904252014814
4337372,6.848058928819083,8.941406,64,3.1557545672004603,Sub-Saharan Africa,CI,reference_likely,5.363,-3.948,co|no2|o3|pm10|pm25|relativehumidity|temperature,0.5028707152615831
4337374,4.093667466986795,8.118452,49,3.3110460295799578,Sub-Saharan Africa,CI,reference_likely,5.361,-3.969,co|no2|o3|pm10|pm25|relativehumidity|temperature,0.06200054729192849
4337377,6.675770562721835,8.997078,67,4.1796164148600425,Sub-Saharan Africa,CI,reference_likely,5.335,-3.998,co|no2|o3|pm10|pm25|relativehumidity|temperature,0.3002171526863624
4337379,5.006405570835101,10.120941,77,3.070101990516016,Sub-Saharan Africa,CI,reference_likely,5.3692145347595215,-3.958810329437256,co|no2|o3|pm10|pm25|relativehumidity|temperature,0.2499313087747744
4337380,12.5503557695238,10.106169,77,3.757409462483794,Sub-Saharan Africa,CI,reference_likely,5.3653764724731445,-3.957948923110962,co|no2|o3|pm10|pm25|relativehumidity|temperature,0.6958789735373851
4353,4.156471747377062,7.517992,88,3.4517165958961047,Europe,FI,reference_likely,60.314389999957555,24.684859999970833,no2|o3|pm10|pm25|so2,0.5907810635942421
4357,5.625639695803029,8.576198,80,5.448391700317905,Europe,DE,reference_likely,51.66243500005779,11.043386000417122,no2|o3|pm10|pm25|so2,0.5819399665772831
4361,11.701686143142346,11.153929,70,9.091021933913133,Europe,CZ,reference_likely,49.77012634267684,13.368221282682333,no2|o3|pm10|pm25|so2,0.6490602556810987
4368,13.388385286530436,13.145747,48,10.440377831075134,Europe,CZ,reference_likely,50.64527893046822,13.851249695018993,o3|pm10|pm25|so2,0.5819533118359712
4371,12.215049016814651,11.344359,65,8.467802319844846,Europe,CZ,reference_likely,50.301982879621896,15.178302764946674,no2|pm10|pm25|so2,0.41202596706153555
4372,12.491298152818304,12.7814245,48,7.565542398457753,Europe,CZ,reference_likely,49.23290634144726,17.66717529324916,no2|o3|pm10|pm25|so2,0.3115220176951146
4373157,15.45324013948882,11.2290945,58,12.725418391707422,Europe,SK,lowcost,48.353569,18.026042,pm1|pm25|relativehumidity|temperature|um003,0.6848091433302381
4379,16.228048557617704,13.834765,64,12.17268264976091,Europe,CZ,reference_likely,49.7489585878417,18.609725952188573,no2|pm10|pm25|so2,0.6122550423919874
4381748,13.968740024864807,14.699196,57,9.758811857181442,Europe,ES,lowcost,41.43012287401989,2.1793214927575897,pm1|pm25|relativehumidity|temperature|um003,0.780016516509433
4390915,12.93976306753807,9.626202,52,9.941334128911013,Europe,BE,lowcost,51.21122174960294,4.43485995307661,pm1|pm25|relativehumidity|temperature|um003,0.6865960690566283
4391,18.85340331076022,15.017307,65,12.942752245196093,Europe,CZ,reference_likely,49.79097747824571,18.40683555591518,pm10|pm25,0.5994506830265341
4393556,7.457121072990478,9.48463,45,7.4664789439430805,Europe,BE,lowcost,51.23171685012266,4.423367217832194,pm1|pm25|relativehumidity|temperature|um003,0.6163214058113885
4398,13.861852933365107,13.132978,47,11.516727841840776,Europe,CZ,reference_likely,50.51036453231943,13.645272255339709,no2|o3|pm10|pm25,0.5826841290305167
4401,15.228105044005089,14.2787695,63,12.51249677236305,Europe,CZ,reference_likely,50.07238769517217,14.430672645486688,co|no2|pm10|pm25,0.7953949856450955
4402,13.833866651795388,11.865196,68,9.705876872801047,Europe,CZ,reference_likely,50.19536209116374,15.846376419165129,co|no2|pm10|pm25,0.5827837923057057
4406171,8.980167106563345,8.971094,48,3.317957154974849,Sub-Saharan Africa,CI,reference_likely,5.326,-4.024,co|no2|o3|pm10|pm25|relativehumidity|temperature,0.5165568828802475
4407665,8.492311487298617,8.971094,48,3.454460962824526,Sub-Saharan Africa,CI,reference_likely,5.392,-3.981,co|no2|o3|pm10|pm25|relativehumidity|temperature,0.4265608018606644
4407709,9.225931055093355,14.785234,57,8.054896148747588,Europe,SI,lowcost,46.56247,15.647925,pm1|pm25|relativehumidity|temperature|um003,0.5886580638560216
4408169,11.252822917168215,8.71376,43,3.8863346603996427,Sub-Saharan Africa,CI,reference_likely,5.367,-3.979,co|no2|o3|pm10|pm25|relativehumidity|temperature,0.5228304430375814
4411,14.218294121721962,11.587379,69,9.560077468559074,Europe,CZ,reference_likely,49.75899505596981,16.66672134393295,no2|pm10|pm25,0.3842115900482579
4412,14.77923935500896,15.222628,65,11.452253967428128,Europe,CZ,reference_likely,49.671791076844784,18.351070404136607,no2|pm10|pm25,0.657683142446857
4418,10.348187268416298,11.637083,70,7.614730291879596,Europe,CZ,reference_likely,49.722000121931224,13.618537902902482,no2|pm10|pm25|so2,0.5331787450688595
4420,12.557745567533003,24.635014,57,8.925387262824355,Europe,CZ,reference_likely,49.86379623403165,18.551452636763095,no2|pm10|pm25|so2,0.6323445903326417
4424,10.19284831503402,12.873309,69,6.747892826982825,Europe,CZ,reference_likely,49.21321105953377,16.678024291790813,pm10|pm25,0.19701228682074817
4425,12.0031947405359,12.824048,70,6.858458955462392,Europe,CZ,reference_likely,49.20272445668353,16.616287231631574,no2|o3|pm10|pm25,0.36877359796846076
4429,10.862314890798633,13.245832,47,7.422252976873447,Europe,CZ,reference_likely,50.68352508533944,14.04119491619564,no2|o3|pm10|pm25|so2,0.521679710739925
4435,14.605010712184479,13.53151,48,10.745974377308164,Europe,CZ,reference_likely,49.47205734272323,17.966976166053875,pm10|pm25,0.6048283617975273
4437,9.75479505105074,13.557698,59,5.682820372409008,Europe,CZ,reference_likely,49.67237854001303,18.64303779608558,pm10|pm25,0.6558752236831146
4437959,8.400508063975245,3.3885834,50,10.715554719607212,Oceania,NZ,lowcost,-45.8482708,170.5271066,pm1|pm25|relativehumidity|temperature|um003,-0.026804177618300132
4444,13.825980770436992,13.741331,62,10.774502120973988,Europe,CZ,reference_likely,49.720935821804005,18.089305877616145,co|no2|o3|pm10|pm25|so2,0.6019040063400497
4447,7.8318000182915615,8.976641,66,6.699786049617729,Europe,CZ,reference_likely,49.573394775159905,15.08027839632767,co|no2|o3|pm10|pm25|so2,0.39583298948854273
4452,13.728289645389307,26.32957,62,15.101514803806666,Europe,CZ,reference_likely,49.92467880258486,18.422872543573657,no2|pm10|pm25|so2,0.5116323819393489
4454897,15.963740154855127,13.697,50,6.2539959835079,North/Central America,MX,reference_likely,25.600883333333,-99.995311111111,co|no|no2|nox|o3|pm10|pm25|so2,0.515408062137762
445860,56.60907029478457,1.867113,84,44.311257722171646,South America,CL,reference_likely,-47.254803255147,-72.571392059326,pm25,0.009993345010957562
4464,9.953795453326709,10.142255,85,8.444467890959418,Europe,DE,reference_likely,51.036104999761584,13.730205000114458,no2|o3|pm10|pm25|so2,0.5569955620225333
4467,9.994240156631237,15.54811,86,7.71977218300837,Europe,DE,reference_likely,47.66436099999235,9.169288999852991,no2|o3|pm10|pm25,0.6039807511458182
4468703,6.244518305202398,5.3624997,51,4.276410438952908,Europe,IE,reference_likely,53.99360000014287,-7.362799999885783,pm10|pm25,0.5336825686253808
4468705,7.0452475646484505,5.5419164,50,4.473940407398163,Europe,IE,reference_likely,51.90466600002692,-8.952930999754638,pm10|pm25,0.20759736067261067
4468711,5.812927632440397,6.1548333,50,3.7260361449721,Europe,IE,reference_likely,53.37190000010889,-6.486699999741935,pm10|pm25,0.6685390240491391
4468716,8.006941132161867,5.0197115,52,4.912182023808662,Europe,IE,reference_likely,53.42477899998911,-7.937656999715563,pm10|pm25,0.38437918388404213
4468717,8.063979302908718,6.386905,49,4.649726214378951,Europe,IE,reference_likely,52.33742200002425,-6.461619000178391,pm10|pm25,0.257256915212492
4469605,6.141320596249272,5.5244284,51,4.265517609349289,Europe,IE,reference_likely,53.21809000025603,-6.659089999581564,pm10|pm25,0.6189950344761929
4470141,7.559823077337819,9.922322,56,4.286779577460371,Europe,BE,reference_likely,51.25050786357888,4.42752293410402,no2|pm10|pm25,0.7075540663300547
4470142,5.80306520555341,9.392954,55,5.501860796516623,Europe,BE,reference_likely,50.619097010668646,5.417128324992643,co|no2|pm10|pm25,0.7175110612112651
4470144,4.9218029917396535,8.617336,56,4.6417413292594425,Europe,BE,reference_likely,50.45160018123465,4.425464746464395,no2|pm10|pm25,0.6923383329141161
4472,4.103037979677286,5.5528407,88,3.1440476997796405,Europe,FI,reference_likely,61.49910000008054,23.802210000408156,no2|o3|pm25,0.46774864256151105
4477766,6.2886698407550705,5.4368334,50,4.382654633262396,Europe,IE,reference_likely,52.35466053851872,-7.699421333068024,pm10|pm25,0.5642840572122664
4494,9.798429221707085,14.9912405,88,6.987200364131047,Europe,DE,reference_likely,47.58815199972278,7.63327099993656,no2|o3|pm10|pm25,0.507896021915533
4497,7.702013024804892,10.386773,86,5.204631867006905,Europe,DE,reference_likely,48.04865600024051,8.463596999825029,no2|o3|pm10|pm25,0.6030084422957358
45,31.251404494382022,20.329073,89,12.531123578416873,South America,CL,reference_likely,-33.591390623022,-70.594788,pm10|pm25,0.18839961057516333
45032,21.17721786373157,7.8626814,69,13.342802775091021,South America,CL,reference_likely,-36.954315879984,-73.150448799133,pm10|pm25,0.3974698999985846
4513,10.035442479133772,9.454061,78,6.343125796023314,Europe,AT,reference_likely,47.34877400022658,11.69202799999374,no2|pm10|pm25,0.24225118974279214
4515157,125.6954471403885,71.88659,46,92.70771561674444,South Asia,PK,lowcost,31.4591591,74.5396309,pm1|pm25|relativehumidity|temperature|um003,0.8310104101354119
4520,9.270274797008895,11.609199,77,5.869825464085087,Europe,AT,reference_likely,48.174352999912685,16.361417000032255,no2|pm10|pm25,0.4135528873221567
4526987,26.7074574080994,22.086819,55,7.806964652237023,Other Asia,PH,reference_likely,14.65744,120.98362,pm25,0.3457102523015724
4526988,13.502463119096682,15.491363,55,5.219694456594852,Other Asia,PH,reference_likely,14.63842,121.0767,pm25,0.3610317316043682
4526989,13.136779389664635,15.463485,55,4.406322234137247,Other Asia,PH,reference_likely,14.52917,120.98988,pm25,0.6279471052734963
4527035,139.99514802784228,68.38076,47,116.11625458315777,South Asia,PK,lowcost,31.565942,74.2993626,pm1|pm25|relativehumidity|temperature|um003,0.8597236083823763
4527173,125.12017560363658,68.912415,50,105.24818396693557,South Asia,PK,lowcost,31.525621,74.436078,pm1|pm25|relativehumidity|temperature|um003,0.8853318031863124
4527306,132.56587195448654,70.89867,50,109.2181765693491,South Asia,PK,lowcost,31.5046343,74.4302545,pm1|pm25|relativehumidity|temperature|um003,0.8650281694458839
4527402,127.6536187532676,69.78213,45,102.75821957602716,South Asia,PK,lowcost,31.4571645,74.4106586,pm1|pm25|relativehumidity|temperature|um003,0.8887729466364508
4528,9.348875200861697,11.609199,77,5.587727454974768,Europe,AT,reference_likely,48.1620690001972,16.525613999764705,no2|o3|pm10|pm25,0.4338565410337419
4529,5.673216736867172,6.960559,88,3.8014959334409157,Europe,FI,reference_likely,60.289949999980074,25.03952999997397,no2|pm10|pm25,0.4745292152020545
4551,4.4269668926803085,3.918849,84,2.2193481917323887,Europe,FI,reference_likely,64.99473000012945,25.47926000009501,pm25,0.35098717844508354
4554236,76.71763029315525,41.78702,52,65.14053505659413,South Asia,PK,lowcost,33.6452478,73.0646181,pm1|pm25|relativehumidity|temperature|um003,0.7581684820057885
4554729,137.98489991093166,73.79719,40,108.08096614377365,South Asia,PK,lowcost,31.562302,74.3027031,pm1|pm25|relativehumidity|temperature|um003,0.8630052697986731
4555745,174.17501162708894,71.32539,42,139.348339825671,South Asia,PK,lowcost,31.602875,74.300927,pm1|pm25|relativehumidity|temperature|um003,0.885066490044349
4556719,82.18651214504422,42.75713,45,63.09343775850292,South Asia,PK,lowcost,33.650973,73.0788731,pm1|pm25|relativehumidity|temperature|um003,0.7282496400389548
4565419,74.25741770406371,42.449673,51,58.698729840636176,South Asia,PK,lowcost,33.6278837,73.0924564,pm1|pm25|relativehumidity|temperature|um003,0.741043984082133
4565932,81.80387210959267,43.065277,45,68.50042755476838,South Asia,PK,lowcost,33.6022915,73.0560117,pm1|pm25|relativehumidity|temperature|um003,0.7255502876117027
4565933,135.13224337146494,72.225296,42,108.75707104268533,South Asia,PK,lowcost,31.495322,74.295056,pm1|pm25|relativehumidity|temperature|um003,0.8915901630267535
4565934,19.533095820441368,15.481368,53,10.313582819716268,Other Asia,PH,lowcost,14.6354,121.0779,pm1|pm25|relativehumidity|temperature|um003,0.13417595308839714
4566426,85.32370667417375,42.28821,41,65.77294244625078,South Asia,PK,lowcost,33.6304566,73.0729694,pm1|pm25|relativehumidity|temperature|um003,0.7926792291012497
4566427,119.01880187350167,67.6267,49,101.74580887412104,South Asia,PK,lowcost,31.460056,74.280672,pm1|pm25|relativehumidity|temperature|um003,0.8839924405298618
4567363,70.00293798117428,41.281864,51,51.74494999445982,South Asia,PK,lowcost,33.6335684,73.0614477,pm1|pm25|relativehumidity|temperature|um003,0.7393975894888929
4567932,87.19493684474307,42.013603,53,74.21863855338542,South Asia,PK,lowcost,33.6055187,73.0611438,pm1|pm25|relativehumidity|temperature|um003,0.7437282048538404
4568423,116.58377227379016,70.59725,50,92.62532598785413,South Asia,PK,lowcost,31.491676,74.313288,pm1|pm25|relativehumidity|temperature|um003,0.8755991393560861
4568424,60.03161064917135,46.018475,53,44.105520899271006,South Asia,PK,lowcost,33.698979,72.981907,pm1|pm25|relativehumidity|temperature|um003,0.8650899892842527
4574,10.814796845088207,9.267159,76,7.048921537239792,Europe,AT,reference_likely,47.42855299973592,11.871803000376778,pm10|pm25|so2,0.18374165588990132
4578,9.739450644675284,12.840856,77,6.191976080792342,Europe,AT,reference_likely,48.204999999877835,16.309750000309077,no2|pm10|pm25,0.33166766546844656
4579733,84.42647256875208,41.986294,45,67.30328046814695,South Asia,PK,lowcost,33.6386254,73.069351,pm1|pm25|relativehumidity|temperature|um003,0.7690416727912364
4583,10.691487691346584,13.760966,87,7.888967239562431,Europe,DE,reference_likely,47.660055999826234,9.485674999726148,no2|o3|pm10|pm25,0.5423175658631768
4588,6.814544979517439,7.5276036,88,4.254292728255497,Europe,FI,reference_likely,60.16964000000672,24.939240000258355,no2|pm10|pm25,0.5173858455160179
4589,3.852776061164359,5.462892,85,1.9697341312046843,Europe,FI,reference_likely,61.508540000142915,23.675829999927146,pm10|pm25,0.3307851867187249
4593,5.20311991569329,7.5276036,88,3.6041821171423636,Europe,FI,reference_likely,60.187389999815856,24.95060000011991,no2|o3|pm10|pm25|so2,0.5032093909987054
4593716,38.890534985680844,46.0105,48,19.099435829888225,MENA,AE,lowcost,25.016218306714453,55.216495643045015,pm1|pm25|relativehumidity|temperature|um003,0.3372178496409917
4600078,152.5972027775746,39.99085,51,139.44172080451312,South Asia,PK,lowcost,34.0321798,71.5864122,pm1|pm25|relativehumidity|temperature|um003,0.319827976468498
4603,8.556006644424338,10.178679,77,5.3796695269689545,Europe,HU,reference_likely,47.77028000009319,16.766389999627794,co|no2|o3|pm10|pm25|so2,0.5266467972477986
4605118,112.34256612285152,39.700245,51,84.53791677985927,South Asia,PK,lowcost,33.9817904,71.5567563,pm1|pm25|relativehumidity|temperature|um003,0.367747650533137
4605120,95.60050437276038,40.94643,49,61.38173002981292,South Asia,PK,lowcost,33.9687263,71.4147126,pm1|pm25|relativehumidity|temperature|um003,0.3122368847409898
4607068,57.82138026108455,39.700245,51,32.512461986921686,South Asia,PK,lowcost,33.9935232,71.4440704,pm1|pm25|relativehumidity|temperature|um003,-0.15048218161150534
4608422,70.96203244395087,43.46518,42,51.96301607697719,South Asia,PK,lowcost,33.7102628,73.0312832,pm1|pm25|relativehumidity|temperature|um003,0.7989851213132773
4608423,111.13182978753984,40.335773,53,87.89742156321027,South Asia,PK,lowcost,33.9905988,71.4996196,pm1|pm25|relativehumidity|temperature|um003,0.33804942364045304
4609263,6.291240216486364,9.03694,52,7.737406898863813,Europe,PT,lowcost,38.841858,-9.092565,pm1|pm25|relativehumidity|temperature|um003,0.6156411623516116
4618814,122.3784186992849,69.894104,53,96.60868429749334,South Asia,PK,lowcost,31.508051,74.337544,pm1|pm25|relativehumidity|temperature|um003,0.864594299135
4629401,96.47700086264783,63.511147,40,77.54855947923168,South Asia,PK,lowcost,32.507924,74.537957,pm1|pm25|relativehumidity|temperature|um003,0.8811250080198006
4637528,35.821363491335994,18.66195,53,37.632734246458334,China,CN,lowcost,43.82995,125.28188,pm1|pm25|relativehumidity|temperature|um003,0.6957150014511987
463976,6.424210448917545,8.642408,73,4.474715320832806,Europe,NO,reference_likely,59.9155999998157,10.825170000443576,no2|pm10|pm25,0.4505030722342701
4643,6.428223891256614,7.1123333,75,4.474263340589071,Europe,AT,reference_likely,47.71611099991267,13.632221999812598,no2|o3|pm10|pm25,0.1913231065056909
4645154,100.20876384009853,39.88759,46,71.9944603225977,South Asia,PK,lowcost,33.9899378,71.4991258,pm1|pm25|relativehumidity|temperature|um003,0.41856097021147054
4649,10.017802819134213,11.609199,77,5.771610255530472,Europe,AT,reference_likely,48.15670800023357,16.476050999964016,no2|pm10|pm25|so2,0.4329759571922235
4660,10.089411369384889,6.4533334,75,6.965855339138869,Europe,AT,reference_likely,46.82773199988777,12.765622000005296,no2|pm10|pm25,0.05153648541691448
4663956,73.00686402365237,78.15721,52,50.84539693699059,South Asia,IN,lowcost,28.5266,77.1493,pm1|pm25|relativehumidity|temperature|um003,0.5984850963624729
4678,6.905233524021129,9.505795,87,6.272933038302612,Europe,DE,reference_likely,51.901580000075505,10.481319999628507,no2|o3|pm10|pm25,0.650160520571404
4681,9.255995517307191,12.470928,88,7.087664878177486,Europe,DE,reference_likely,49.87230299993746,8.664619000020453,no2|o3|pm10|pm25,0.5861371746049735
47,22.314467367525523,10.838967,88,7.328491697859003,South America,CL,reference_likely,-33.049743798096,-71.614167231712,pm25,0.7240234241086044
4700982,95.0524865881583,70.48081,43,74.69113816692693,South Asia,PK,lowcost,31.541983,74.298065,pm1|pm25|relativehumidity|temperature|um003,0.8547052717692968
4708999,86.95361203594967,62.6678,44,79.36547762456625,South Asia,PK,lowcost,32.4598818,74.5130851,pm1|pm25|relativehumidity|temperature|um003,0.8659816796888317
4710567,98.16003861966986,67.434395,47,79.99412570020667,South Asia,PK,lowcost,32.48209,74.52664,pm1|pm25|relativehumidity|temperature|um003,0.8953242239530737
4712030,110.92615719064968,70.375694,42,80.79614763922834,South Asia,PK,lowcost,32.487371,74.512444,pm1|pm25|relativehumidity|temperature|um003,0.8807818373658437
4713,8.315183597908268,8.528209,87,6.119722146393982,Europe,DE,reference_likely,53.562454999734335,8.56940499998803,co|no2|o3|pm10|pm25|so2,0.6538201657994654
4714657,11.34635075574332,9.059804,51,11.776256487813452,North/Central America,CA,lowcost,43.251565,-79.884603,pm1|pm25|relativehumidity|temperature|um003,0.7970347420870477
4720,8.694749387668521,9.351184,88,7.83383458928814,Europe,DE,reference_likely,52.226939999818,10.473640000430636,no2|o3|pm10|pm25,0.813030096882804
4722655,60.243036400856724,67.05808,51,39.95927663044409,South Asia,PK,lowcost,32.59938,74.479594,pm1|pm25|relativehumidity|temperature|um003,0.8923088097477115
4723666,13.982145883736289,14.558251,51,12.426124766990899,Europe,SI,lowcost,46.4736744,15.6477885,pm1|pm25|relativehumidity|temperature|um003,0.8034630681357574
4725232,85.16472772478701,65.30564,48,68.19658312782144,South Asia,PK,lowcost,32.477858,74.337355,pm1|pm25|relativehumidity|temperature|um003,0.900986334075708
4725233,7.254659110482765,7.512409,46,5.611563934087553,Other Asia,PH,lowcost,16.497420178832407,120.65341269553709,pm1|pm25|relativehumidity|temperature|um003,0.6247263710006588
4736,4.93767329842728,9.362979,87,5.45499858925874,Europe,DE,reference_likely,50.49771100020172,9.935861999710411,no2|o3|pm10|pm25|so2,0.5642719263423269
4757305,143.01390842757525,71.19735,44,116.58636978990448,South Asia,PK,lowcost,31.521146,74.333954,pm1|pm25|relativehumidity|temperature|um003,0.8858232432667486
4759316,39.574337153546686,22.19563,41,24.811718290134323,South Asia,PK,lowcost,30.202854,66.993317,pm1|pm25|relativehumidity|temperature|um003,-0.24281682957319886
4760,8.586555779108648,9.288818,79,5.642980731624507,Europe,FR,reference_likely,49.18361000014178,6.744856000054294,pm10|pm25|so2,0.6385728954818523
4760841,136.3815843142365,81.66361,45,110.90933184439616,South Asia,PK,lowcost,30.17631,71.48861,pm1|pm25|relativehumidity|temperature|um003,0.844288236496337
4765764,13.762367971431326,12.261916,50,13.3724633404008,Other Asia,TH,lowcost,17.846889,102.576403,pm1|pm25|relativehumidity|temperature|um003,0.48069903594780644
4767718,50.32691445843091,21.700397,42,32.196918707057264,South Asia,PK,lowcost,30.185308,66.97113,pm1|pm25|relativehumidity|temperature|um003,-0.4235763312312435
4769229,137.22574989393885,76.10009,49,121.38702040260925,South Asia,PK,lowcost,30.2515,71.57288,pm1|pm25|relativehumidity|temperature|um003,0.8253524112474658
4770826,25.23885451114592,21.655586,44,9.984132939419691,South Asia,PK,lowcost,30.240204,67.019051,pm1|pm25|relativehumidity|temperature|um003,0.017740404876417704
4770827,137.87031986605436,80.06912,44,122.41112274719544,South Asia,PK,lowcost,30.1477,71.44326,pm1|pm25|relativehumidity|temperature|um003,0.885131359561481
4771377,14.893400211583979,8.9215,50,6.587425513168499,MENA,TR,lowcost,39.795278,27.139111,pm1|pm25|relativehumidity|temperature|um003,0.3420182030669368
4771378,118.8423553500752,78.49768,45,99.75016869815207,South Asia,PK,lowcost,30.1827,71.43621,pm1|pm25|relativehumidity|temperature|um003,0.8456722665791527
4771882,35.3583594134336,21.02248,43,14.710516410747687,South Asia,PK,lowcost,30.208897,67.002403,pm1|pm25|relativehumidity|temperature|um003,-0.26869742846801226
4782810,101.12097332225049,54.059784,46,94.98733519558098,South Asia,PK,lowcost,29.35128,71.69255,pm1|pm25|relativehumidity|temperature|um003,0.7923800504193736
4785,6.853254552025627,9.27437,86,6.510886768531505,Europe,DE,reference_likely,51.15484299972151,9.031754000448156,no2|o3|pm10|pm25,0.656632095351592
4790880,95.08023313171314,51.172398,40,90.60569172975511,South Asia,PK,lowcost,29.38746,71.70984,pm1|pm25|relativehumidity|temperature|um003,0.8455564519573755
4791924,54.340243291065875,30.54929,47,33.081162918766175,South Asia,PK,lowcost,24.868,67.081833,pm1|pm25|relativehumidity|temperature|um003,0.6421985151303177
4792427,95.03579646056274,64.68482,42,77.07635573592493,South Asia,PK,lowcost,32.437542,74.577984,pm1|pm25|relativehumidity|temperature|um003,0.8545943429516963
4793474,98.9709378206985,53.455555,45,88.89862893529192,South Asia,PK,lowcost,29.38647,71.6535,pm1|pm25|relativehumidity|temperature|um003,0.7913783475029754
4794,8.534174882778856,9.5348015,88,7.534034402521332,Europe,DE,reference_likely,52.362919999858455,9.70612000019396,no2|o3|pm10|pm25,0.827474087991226
4795495,19.079512645022927,21.365818,49,7.574332288424653,Other Asia,PH,reference_likely,14.63666,120.96414,pm25,0.3615420874915224
4795496,23.00896719912278,21.365818,49,11.249790793364298,Other Asia,PH,reference_likely,14.66963,120.94676,pm25,0.3846012770813447
4795497,20.98825293075608,14.942687,49,8.234947743916052,Other Asia,PH,reference_likely,14.69397,121.00919,pm25,0.19785862840757176
4795498,24.426522686310747,21.365818,49,8.870021542953403,Other Asia,PH,reference_likely,14.69158,120.97246,pm25,0.3800268492615377
4795499,31.556955653846206,21.365818,49,12.178057575653217,Other Asia,PH,reference_likely,14.66916,120.97576,pm25,0.23887634584260117
4795500,22.922259404848784,21.365818,49,10.434539640582582,Other Asia,PH,reference_likely,14.67508,120.93989,pm25,0.4253366833305307
4797637,13.577243191158036,14.107142,49,5.810104559334553,Other Asia,PH,reference_likely,14.56746,121.03929,pm25,0.5097701823510168
4797638,20.63646644893984,14.107142,49,6.615396457433835,Other Asia,PH,reference_likely,14.58655,121.02549,pm25,0.35665540291812503
4797639,17.743942665586317,14.942687,49,9.183582485672215,Other Asia,PH,reference_likely,14.75097,121.02042,pm25,0.3511647124976508
4797640,18.911271780383558,14.107142,49,7.1586709115068405,Other Asia,PH,reference_likely,14.5688,121.01795,pm25,0.2520168079203218
4797641,19.15533136931649,14.107142,49,7.678364805889958,Other Asia,PH,reference_likely,14.56383,121.05797,pm25,0.3623224967787603
4797642,22.777702518073408,14.107142,49,7.017156674350105,Other Asia,PH,reference_likely,14.54848,121.00053,pm25,0.23143199851750665
4797643,18.76976785572889,14.107142,49,7.244257595394833,Other Asia,PH,reference_likely,14.54939,121.07264,pm25,0.35481662337715336
4797644,12.593444637110421,15.436989,49,6.096928185244443,Other Asia,PH,reference_likely,14.55157,120.98649,pm25,0.626473310934803
4797645,14.894279604389368,14.107142,49,5.936458908277316,Other Asia,PH,reference_likely,14.56838,121.02845,pm25,0.3485738631751815
4797646,14.390567504815795,14.942687,49,6.695015669326502,Other Asia,PH,reference_likely,14.60399,121.02781,pm25,0.180552309908944
4797647,18.606427726755328,14.942687,49,7.053449946914147,Other Asia,PH,reference_likely,14.6341,121.09803,pm25,0.2647386229160472
4797648,16.217133002085692,15.436989,49,5.923753355606429,Other Asia,PH,reference_likely,14.51769,120.99638,pm25,0.6043118145060266
4797649,13.806365132362522,14.107142,49,5.85589342925661,Other Asia,PH,reference_likely,14.52904,121.00472,pm25,0.384488541225441
4797650,18.632861654193817,14.107142,49,7.667649685118555,Other Asia,PH,reference_likely,14.5457,121.06514,pm25,0.3255210314550722
4797651,15.495528244190417,14.942687,49,6.431730596835125,Other Asia,PH,reference_likely,14.60346,121.04448,pm25,0.24196005163263376
4797652,19.98120331624288,14.942687,49,7.957850057892135,Other Asia,PH,reference_likely,14.71405,121.00088,pm25,0.2427557280703004
4797653,12.712163770243373,14.107142,49,7.102323889053856,Other Asia,PH,reference_likely,14.44481,121.04586,pm25,0.6479565896999835
4797654,14.255817665823914,14.107142,49,5.484567598641322,Other Asia,PH,reference_likely,14.45671,121.03519,pm25,0.5742320640339248
4797655,12.294023835974789,14.107142,49,5.804705250090011,Other Asia,PH,reference_likely,14.5507,121.02221,pm25,0.49968703413067334
4797656,14.817326056196377,14.107142,49,8.763739225393461,Other Asia,PH,reference_likely,14.37853,121.04615,pm25,0.7244980282661201
4797657,14.591402468361773,14.107142,49,5.982809510608896,Other Asia,PH,reference_likely,14.56127,121.02799,pm25,0.4721336544201004
4797658,15.63843042477249,14.942687,49,7.082928084067599,Other Asia,PH,reference_likely,14.66115,121.12476,pm25,0.4148647684269964
4797659,21.01989155393852,21.365818,49,6.564976784145761,Other Asia,PH,reference_likely,14.64443,120.98409,pm25,0.48639702664658524
4797660,20.528508981331726,21.365818,49,8.078262330860978,Other Asia,PH,reference_likely,14.71071,120.99545,pm25,0.5188291995448671
4797661,13.826446317201947,14.107142,49,6.4360533505039585,Other Asia,PH,reference_likely,14.58734,121.04665,pm25,0.5363274264394575
4803720,102.0459102035889,67.77621,45,81.47985348905874,South Asia,PK,lowcost,32.429665,74.47675,pm1|pm25|relativehumidity|temperature|um003,0.9023675951602036
480392,14.94287012198641,11.955651,73,8.098642908800807,North/Central America,MX,reference_likely,20.627538888889,-100.40862222222,co|no2|o3|pm25|so2,0.7047956613129349
480395,13.138982213438736,15.878788,66,8.44055904135377,North/Central America,MX,reference_likely,18.812986944443995,-98.955305833333,co|o3|pm10|pm25|so2,0.6378197491669663
4805270,105.33295889025202,72.39737,46,92.67445379039091,South Asia,PK,lowcost,29.42622,71.66362,pm1|pm25|relativehumidity|temperature|um003,0.8576413900114841
4808325,50.35440899123145,29.866096,44,31.51894441452734,South Asia,PK,lowcost,24.95317,67.063716,pm1|pm25|relativehumidity|temperature|um003,0.7699682139046934
4814248,114.17957160234643,54.00095,44,94.53406070466045,South Asia,PK,lowcost,29.36232,71.64155,pm1|pm25|relativehumidity|temperature|um003,0.7459698864104001
4814327,38.21396571543492,31.189201,49,34.95973936936032,South Asia,PK,lowcost,24.814741,67.067062,pm1|pm25|relativehumidity|temperature|um003,0.7379956978093625
4815820,46.0523595480851,31.409258,45,36.82494328460919,South Asia,PK,lowcost,24.795611,67.04812,pm1|pm25|relativehumidity|temperature|um003,0.7475395011641336
4826556,17.187015247788214,19.794207,41,9.962447232939477,Other Asia,ID,lowcost,-8.53036,115.26932,pm1|pm25|relativehumidity|temperature|um003,0.15785407682190136
4834565,145.94717983100088,86.85844,42,106.61890705936563,South Asia,PK,lowcost,31.41069,73.12276,pm1|pm25|relativehumidity|temperature|um003,0.8895834920012504
4837111,14.550363165467827,19.311285,48,13.277542144907066,Other Asia,TH,lowcost,13.710874395049988,100.54139120223834,pm1|pm25|relativehumidity|temperature|um003,0.7444958277544356
4837115,94.45918433526376,63.78486,41,71.264031336015,South Asia,PK,lowcost,32.205813,74.192655,pm1|pm25|relativehumidity|temperature|um003,0.8837309276175747
4837117,51.89504185628548,32.789062,40,30.20324825496765,South Asia,PK,lowcost,24.9337634173323,67.11354155158995,pm1|pm25|relativehumidity|temperature|um003,0.8019473890921542
4837165,118.61503276344507,67.7125,46,92.44863817763074,South Asia,PK,lowcost,32.188717,74.180032,pm1|pm25|relativehumidity|temperature|um003,0.9248712435608902
4838122,52.715248279401976,32.372025,42,33.95117927548577,South Asia,PK,lowcost,24.86414,67.07087,pm1|pm25|relativehumidity|temperature|um003,0.7298976064727659
4838712,50.278167586573275,31.886482,45,26.686845981199703,South Asia,PK,lowcost,24.916229,67.131546,pm1|pm25|relativehumidity|temperature|um003,0.8002253835649057
4844638,26.584135751331953,26.782293,48,21.078430820088755,Other Asia,MN,reference_likely,47.91574,106.89421,pm25,0.6120896372257455
4844639,29.07448278255508,26.782293,48,23.291274260211623,Other Asia,MN,reference_likely,47.91576,106.89403,pm25,0.6430155575129806
4844640,17.910915639337286,3.7893617,47,14.615081592391954,Other Asia,MN,reference_likely,47.74201,96.84668,pm25,0.6053389287183756
4845647,153.6420507836363,82.90186,47,118.26048168729018,South Asia,PK,lowcost,31.43736,73.10685,pm1|pm25|relativehumidity|temperature|um003,0.9104139529546025
4846142,123.05807318159906,66.26919,43,94.57224272162996,South Asia,PK,lowcost,32.172947,74.188152,pm1|pm25|relativehumidity|temperature|um003,0.8934939692589281
4847173,59.31200502521511,31.16398,45,39.55741259392075,South Asia,PK,lowcost,24.9373111,67.0189743,pm1|pm25|relativehumidity|temperature|um003,0.8172280932186521
4847175,122.64588952695392,77.44203,45,74.43989979005457,South Asia,PK,lowcost,31.50891,73.07458,pm1|pm25|relativehumidity|temperature|um003,0.8476289928947467
4847176,128.54396368807917,69.65275,47,97.20843539604816,South Asia,PK,lowcost,32.17382,74.182437,pm1|pm25|relativehumidity|temperature|um003,0.9223250720618803
4848174,144.62548515328874,80.572716,42,112.37652625781683,South Asia,PK,lowcost,31.41622,73.06798,pm1|pm25|relativehumidity|temperature|um003,0.9037488619084919
4851440,3.311413506004669,11.171188,47,5.63386013044436,China,CN,lowcost,39.77786,105.02953,pm1|pm25|relativehumidity|temperature|um003,0.1606779422102189
4854008,123.3401250356619,84.77446,46,87.69934242634262,South Asia,PK,lowcost,31.4367245,73.0355178,pm1|pm25|relativehumidity|temperature|um003,0.8579502700109
4854009,146.11257708943137,64.17066,48,117.83341971483439,South Asia,PK,lowcost,32.135302,74.206118,pm1|pm25|relativehumidity|temperature|um003,0.8306236960319957
4855551,149.87545022124402,68.593834,48,107.25420474622608,South Asia,PK,lowcost,32.147367,74.192512,pm1|pm25|relativehumidity|temperature|um003,0.8677077692092386
4866055,146.08552642566548,84.40085,44,117.01194779375733,South Asia,PK,lowcost,31.44599,73.14291,pm1|pm25|relativehumidity|temperature|um003,0.9152616696787457
4867094,168.3585871604638,87.40833,42,127.91522173173408,South Asia,PK,lowcost,31.40823,73.1205,pm1|pm25|relativehumidity|temperature|um003,0.9095301403409348
4871,11.326984797366306,11.570549,88,9.501368994501611,Europe,BE,reference_likely,51.20824745625844,4.421544962095185,no2|pm10|pm25,0.7888417453727465
4876581,131.6827887070848,79.9638,45,99.13653619949869,South Asia,PK,lowcost,31.41808,73.12049,pm1|pm25|relativehumidity|temperature|um003,0.8913567589589215
4877,3.8098084362167812,8.903163,83,4.555496839971239,Europe,BE,reference_likely,50.30320782896729,6.001736288398207,co|no2|o3|pm10|pm25|so2,0.6281055798407283
4877120,115.3643486270165,81.362015,43,74.49162590715859,South Asia,PK,lowcost,31.41484,73.10411,pm1|pm25|relativehumidity|temperature|um003,0.8193814210059422
4884063,81.69391224922148,42.62429,47,66.84644882840178,South Asia,PK,lowcost,33.6291031,73.0559127,pm1|pm25|relativehumidity|temperature|um003,0.7653775107670271
4889110,49.29051441709898,31.125475,44,26.752142697577543,South Asia,PK,lowcost,25.385742,68.352781,pm1|pm25|relativehumidity|temperature|um003,0.71218956320381
4894523,22.876570276480344,19.430674,47,14.292352943587558,Other Asia,TH,lowcost,13.770583060432282,100.4363020777792,pm1|pm25|relativehumidity|temperature|um003,0.7549740382062815
4904,8.005859698990161,11.66946,88,7.850713496278712,Europe,BE,reference_likely,50.79664962554332,4.358623958324089,no2|o3|pm10|pm25|so2,0.8052242127931356
4908792,150.09498553569887,78.084755,41,127.975612295531,South Asia,PK,lowcost,31.11548,74.467625,pm1|pm25|relativehumidity|temperature|um003,0.9109664632832586
4909,8.873889409411087,9.330843,87,10.300949341754377,Europe,BE,reference_likely,50.407810200264,4.395897116604208,co|no2|pm10|pm25|so2,0.6342164349263408
4912,7.604096572373779,9.381443,86,7.99880113875637,Europe,BE,reference_likely,50.428995393971555,4.458680857799891,no2|o3|pm10|pm25,0.6577167155635001
4922,5.746758474382293,10.831878,83,6.66500662125789,Europe,BE,reference_likely,50.61192270724729,5.611149763162077,pm10|pm25,0.7957156133820508
4923,11.082845289651223,11.027423,86,9.98256405816004,Europe,BE,reference_likely,50.81487387077064,3.322494319407617,no2|pm10|pm25,0.8235574337982975
4929685,10.727548283058413,12.88741,46,4.7663531409431865,Other Asia,PH,reference_likely,14.76944,120.54278,pm25,0.6577747996258595
4932783,48.87988845828475,31.419346,42,32.35116280331834,South Asia,PK,lowcost,24.86377,67.056642,pm1|pm25|relativehumidity|temperature|um003,0.7180193081385752
4936,9.541020323603261,11.570549,88,8.216260213340249,Europe,BE,reference_likely,51.091946101140664,4.380146351958185,pm10|pm25,0.8017614258712621
4937213,11.79933773174251,5.659754,44,7.253458669965143,South America,CO,lowcost,5.384715,-73.685709,pm1|pm25|relativehumidity|temperature|um003,0.5368103049247165
4946349,23.243074791951198,9.883605,46,9.116322525132848,Sub-Saharan Africa,GH,lowcost,5.620955,-0.0237811,pm1|pm25|relativehumidity|temperature|um003,0.6349514120134401
4946811,42.84635803095072,51.681946,45,25.085900277264784,Other Asia,VN,reference_likely,21.0491,105.8831,co|no2|o3|pm10|pm25|so2,0.3957967212105313
4946812,30.83743581429979,52.48406,46,17.639993640144706,Other Asia,VN,reference_likely,21.0031,105.79470000000002,co|no2|o3|pm10|pm25|so2,0.5586226127707529
4946813,38.32938337141783,51.220924,44,31.078993706190325,Other Asia,VN,reference_likely,21.0052,105.84180000000002,co|no2|o3|pm10|pm25|so2,0.36866508119934094
4948390,26.073317821313733,9.883605,46,10.019337603929916,Sub-Saharan Africa,GH,lowcost,5.6643461,-0.0090109,pm1|pm25|relativehumidity|temperature|um003,0.51493034007958
494935,8.267932296580192,14.311926,58,6.554652147426131,Europe,XK,reference_likely,42.68389200003613,21.0732960003959,co|no2|o3|pm10|pm25|so2,0.7542326139974461
494939,7.015340470538327,13.692349,61,4.225283841310161,Europe,XK,reference_likely,42.65972200026088,21.08332800011169,co|no2|o3|pm10|pm25|so2,0.6631734129335397
494941,7.76725630459544,11.841599,62,4.71094215338959,Europe,XK,reference_likely,42.66569999989244,20.305089999895873,co|no2|o3|pm10|pm25|so2,0.44624353627761565
4952332,109.97451661423045,41.137592,45,76.44955349524126,South Asia,PK,lowcost,33.9926869,71.4809181,pm1|pm25|relativehumidity|temperature|um003,0.422101137267176
4958512,26.248042524112414,9.7316065,41,6.665024975512879,Sub-Saharan Africa,GH,lowcost,5.7246506,0.0173341,pm1|pm25|relativehumidity|temperature|um003,0.5523225234299155
4959010,31.035911528945856,9.7316065,41,8.90426268405808,Sub-Saharan Africa,GH,lowcost,5.6602607,0.0274806,pm1|pm25|relativehumidity|temperature|um003,0.35306869648182027
4959011,28.095072219547077,9.878977,44,7.98316757645336,Sub-Saharan Africa,GH,lowcost,5.6915154,0.0553638,pm1|pm25|relativehumidity|temperature|um003,0.5072188076877525
4963739,12.925534525829336,13.800926,45,4.943622445346135,Other Asia,PH,reference_likely,14.59083,121.07037,pm25,0.5329693141540313
4985405,11.356609915677181,10.226979,40,9.237151317001784,Other Asia,MY,lowcost,6.427598,100.216451,pm1|pm25|relativehumidity|temperature|um003,0.6640280597345842
50,94.24160103414931,74.75216,77,85.71803438343386,South Asia,IN,reference_likely,28.674045,77.131023,co|no|no2|o3|pm10|pm25|relativehumidity|so2|temperature,0.5766267103855149
505,14.287200894343751,9.552336,91,19.20271126349663,North/Central America,CA,reference_likely,57.1889,-111.6406,o3|pm25,0.7282320351437258
51,8.51768375846153,9.499671,76,5.583390745823808,Europe,NL,reference_likely,52.803700000000006,5.05051,no|no2|o3|pm10|pm25,0.7033466247718891
5104909,43.8017765458338,49.813313,41,38.120706713394945,MENA,IQ,reference_likely,33.36429,44.38442,pm25,0.16880017053990365
5142909,12.398313004449351,21.703861,41,11.675935900053481,Other Asia,HK,lowcost,22.3387,114.2547,pm1|pm25|relativehumidity|temperature|um003,0.6164453020093467
5176,11.026075352013274,8.454753,71,6.283908378415184,Europe,DK,reference_likely,55.67430000019845,12.571099999898296,co|no2|o3|pm10|pm25|so2,0.6022397959225656
5189,11.506203934928456,10.912844,85,6.974228811364306,Europe,SK,reference_likely,48.309456000296656,18.076831000215037,no2|pm10|pm25,0.521934485288135
5198,12.476567122444159,10.481636,81,6.332654514896844,Europe,SK,reference_likely,48.14467199991588,17.11357600025164,pm10|pm25,0.31220843469487825
52,10.78173294131636,12.921619,53,9.80050028436021,Europe,NL,reference_likely,51.938472000211014,4.430691999983553,no2|pm10|pm25,0.6739548729286161
5205,14.686315505325737,10.457044,84,10.499774514955435,Europe,SK,reference_likely,48.72626699972071,21.258836000200212,co|pm10|pm25|so2,0.37091102416845845
5214535,5.830103842170916,2.3464584,40,12.354120780841502,South America,CL,lowcost,-45.5486628,-72.0722702,pm1|pm25|relativehumidity|temperature|um003,0.49378494704810705
5307,27.53658373461744,2.114279,89,16.28240018624282,South America,CL,reference_likely,-45.40680023471,-72.696259617805,pm25,-0.1836428479444639
531,6.438709086468002,8.546442,89,7.494116880583387,North/Central America,CA,reference_likely,46.4425,-72.8928,o3|pm25,0.825930721649108
54,31.1812015503876,42.108723,86,19.151741596689067,South America,CL,reference_likely,-33.673752071375,-70.953064737434,pm10|pm25,0.8559634246740149
542,5.385117595205107,6.482685,90,2.6302292384671984,North/Central America,US,reference_likely,47.048537,-109.455315,o3|pm10|pm25,0.21997559927135915
5459,3.290163475584558,4.4919176,83,4.19437783603446,Oceania,AU,reference_likely,-42.855,147.315,pm10|pm25,0.2643496377823413
5461,7.181779228258654,4.4919176,83,7.187556452374377,Oceania,AU,reference_likely,-42.776,147.054,pm10|pm25,0.17139296446440946
5464,3.3076803888519657,4.774046,83,5.779170162680482,Oceania,AU,reference_likely,-43.159,147.072,pm10|pm25,0.11338822652909981
5468,3.6060905579475997,4.4919176,83,4.09910645546066,Oceania,AU,reference_likely,-42.842,147.271,pm10|pm25,0.24671763961262302
5473,1.7138351701750507,4.5725904,83,1.181230802138502,Oceania,AU,reference_likely,-41.32,148.25,pm10|pm25,0.5159579015468587
5474,2.7259361262333255,3.6073291,83,2.916303902010066,Oceania,AU,reference_likely,-41.638,147.967,pm10|pm25,0.31171042434855684
5475,2.500902108045211,4.6698794,83,1.980925241709925,Oceania,AU,reference_likely,-41.303,146.951,pm10|pm25,0.5099270493702677
5476,4.320669789680155,4.6096387,83,3.1801152062395674,Oceania,AU,reference_likely,-41.25,147.217,pm10|pm25,0.07001524608622973
5485,6.47500194852686,3.679929,82,6.284294813532017,Oceania,AU,reference_likely,-41.523,146.658,pm10|pm25,-0.026459731562375157
5490,8.144533152745401,4.3894815,82,9.712644274150959,Oceania,AU,reference_likely,-41.578,147.172,pm10|pm25,0.1825513649128753
55,8.87483848368207,11.2770605,91,7.055308209779772,Europe,NL,reference_likely,52.105,5.12446,no|no2|pm10|pm25,0.6450335209006861
5507,10.831457286253654,10.595612,75,4.271393250885029,Europe,MT,reference_likely,35.852266000333806,14.53894100005886,no2|o3|pm10|pm25|so2,0.6869781906779029
5515,4.62593524165519,8.529461,85,2.4938688048601776,Oceania,AU,reference_likely,-27.4065,153.1527,pm10|pm25,0.2410931743673687
5520,4.961509396400701,5.212683,91,1.8734648876822584,Oceania,AU,reference_likely,-23.7744,151.1055,pm10|pm25,0.3073082050687022
5521,6.789513059404364,8.312042,91,3.1195323919508664,Oceania,AU,reference_likely,-27.5358,152.9934,o3|pm10|pm25,0.24872589533246905
5524,4.888258082497213,5.197207,91,2.3515443053456804,Oceania,AU,reference_likely,-23.9408,151.3507,pm10|pm25,0.20567076016063043
5528,5.188823698945981,5.27178,88,2.241198219625539,Oceania,AU,reference_likely,-23.8199,151.1538,pm10|pm25,0.26157398385118297
5529,5.5277658317580345,8.45317,92,2.6651089565446267,Oceania,AU,reference_likely,-27.6125,153.1359,o3|pm10|pm25,0.2740387519947694
5533,3.1686435002195874,8.494129,88,1.8689778326081528,Oceania,AU,reference_likely,-27.4296,153.1495,pm10|pm25,0.37043612781379276
5535,5.492608293075684,8.531019,90,2.3602926553724775,Oceania,AU,reference_likely,-27.4654,153.0872,o3|pm10|pm25,0.3298667526696908
5545,27.149548957216915,25.622461,64,13.326089315342763,Other Asia,TH,reference_likely,13.729852,100.536501,pm25,0.7334412615341288
5569,57.85827975366245,66.77769,79,29.34085367572651,South Asia,IN,reference_likely,30.9028,75.8086,co|no|no2|o3|pm10|pm25|relativehumidity|so2,0.22225073868516465
5570,72.40537401187488,92.52647,74,55.96626011410348,South Asia,IN,reference_likely,28.474261,77.131606,co|no|no2|o3|pm10|pm25,0.3151321432937126
5577,8.332041120636317,11.274,75,4.10058931648655,Europe,MT,reference_likely,36.067050000123075,14.197073999690769,no2|o3|pm10|pm25|so2,0.7718258283712766
5587,59.968199070842346,24.322863,78,49.09345126804872,South Asia,IN,reference_likely,26.268249,73.0193853,co|no|no2|o3|pm10|pm25|relativehumidity|so2|temperature,0.16945739429367698
5590,33.005687532018165,55.7562,78,20.79783235420886,South Asia,IN,reference_likely,25.3505986,82.9083074,co|no|no2|o3|pm10|pm25|relativehumidity|so2|temperature,0.7592569324037831
5594,38.923321725067844,61.151108,79,21.508380780751054,South Asia,IN,reference_likely,26.1209,85.3647,co|no|no2|o3|pm25|relativehumidity|so2|temperature,0.5357003352362275
5603,51.34333505702384,28.720465,79,26.321083803175238,South Asia,IN,reference_likely,22.624758,75.675238,co|no|no2|o3|pm10|pm25|relativehumidity|so2|temperature,0.8341015743721053
5608,33.43801632674319,47.093407,79,18.38420662858841,South Asia,IN,reference_likely,21.8004996,83.8396977,co|no|no2|o3|pm10|pm25|relativehumidity|so2|temperature,0.6301073041985238
5614,52.27045258533807,52.92869,79,36.524892996344285,South Asia,IN,reference_likely,22.5687319,88.2797276,co|no|no2|o3|pm10|pm25|relativehumidity|so2|temperature,0.8478734135006619
5619,91.9446800507113,43.51339,75,134.65025494412825,South Asia,IN,reference_likely,24.10897,82.64558,co|no|no2|o3|pm10|pm25|relativehumidity|so2|temperature,0.16910147153471466
5621,37.721803399828076,32.49415,79,22.724669308581255,South Asia,IN,reference_likely,21.152875,79.0517531,co|no|no2|o3|pm10|pm25|relativehumidity|so2|temperature,0.7758653177191608
5624,39.7212186074835,27.30284,69,19.714412698668912,South Asia,IN,reference_likely,17.5316895,78.218939,co|no|no2|o3|pm10|pm25|relativehumidity|so2|temperature,0.5535667645853377
5627,80.33861963036455,93.28248,78,70.68581683939097,South Asia,IN,reference_likely,28.5512005,77.2735737,co|no|no2|o3|pm10|pm25,0.27207010228858164
5631,36.80137790732583,27.018723,77,22.731028326141672,South Asia,IN,reference_likely,23.002657,72.591912,co|no|no2|o3|pm10|pm25|relativehumidity|so2|temperature,0.5215223754747246
5635,48.85902920673968,33.548153,79,24.282231285445462,South Asia,IN,reference_likely,26.902909,75.836858,co|no|no2|o3|pm10|pm25|so2|temperature,0.6782896821024484
5645,36.406919187358554,26.75153,79,20.984219172622094,South Asia,IN,reference_likely,17.5184,78.278777,co|no|no2|o3|pm10|pm25|relativehumidity|so2|temperature,0.7933843806005754
5646,38.711810006623836,14.624675,77,86.5710484583275,South Asia,IN,reference_likely,8.5149093,76.9435879,co|no|no2|o3|pm10|pm25|relativehumidity|so2|temperature,0.07503107962131497
5734,10.216105547544265,15.153052,86,6.792221138929367,Europe,CH,reference_likely,47.54110000003129,7.58327999961538,no2|o3|pm10|pm25|so2,0.5606281836244222
5747,5.339090758207759,7.2441483,89,2.683644338849427,Oceania,AU,reference_likely,-27.9612,153.4024,o3|pm10|pm25,0.5961737115347681
5784,7.820563437719571,4.921875,48,5.214434032444563,Europe,IE,reference_likely,53.72555599995296,-7.791389000428379,pm10|pm25,0.32568845182368666
5871,11.094144221339992,7.4673915,92,11.975440313958954,North/Central America,CA,reference_likely,48.9477,-122.1471,pm25,-0.05856805641937812
600,14.399261547526741,1.7857231,68,1.8268131813320172,South America,CL,reference_likely,-53.158295492238,-70.921497482453,pm25,0.22048852253677448
6035,22.6062315430048,13.905039,86,6.465317707187185,South America,CL,reference_likely,-32.794968417299,-71.496099073086,pm10|pm25|so2,0.6922535248388666
6051933,30.713229735240606,47.76508,42,13.884426750754626,Other Asia,ID,reference_likely,-6.096695,106.960983,pm25|relativehumidity|temperature,0.5418395365556776
6161,4.319169994256951,6.2012177,65,3.216494095589274,Europe,SE,reference_likely,59.31713213999999,18.04878744,no2|pm10|pm25,0.4466677889233051
620,15.672251121991025,8.982171,86,2.6549655626520186,South America,CL,reference_likely,-28.469998068842,-71.219652562817,pm25,0.26128830931290375
6349,13.507065690232306,13.944115,80,5.7369553543785,North/Central America,MX,reference_likely,20.914755555556,-100.74380555556,pm25,0.4740270812088875
6356,78.97041913551338,74.809494,79,73.2642969517775,South Asia,IN,reference_likely,28.639645,77.146262,co|no|no2|o3|pm10|pm25|relativehumidity|so2|temperature,0.5660429959431558
6358,71.46998611019885,74.809494,79,59.31053768271242,South Asia,IN,reference_likely,28.636429,77.201067,co|no|no2|o3|pm10|pm25|relativehumidity|so2|temperature,0.4944064849583676
6381,26.055132984130108,17.045208,40,15.124428210330649,Europe,PL,reference_likely,52.28507300021083,20.933017999762576,pm10|pm25,0.7278893251424232
6391,5.078775100004767,2.5487938,76,2.710869710935651,Europe,NO,reference_likely,66.31219100015043,14.149922999784136,pm10|pm25,0.05638120034001724
65,24.47689762344935,7.3125,87,13.526155447040573,South America,CL,reference_likely,-36.923329602986,-73.036132300941,pm10|pm25|so2,0.580304739933592
663493,14.524157587241419,9.492889,92,4.846262193267125,Europe,CY,reference_likely,34.6861111,33.03555559999995,co|no|no2|nox|o3|pm10|pm25|so2,0.5851397296550117
663494,13.912304726614297,10.191848,92,5.196608717511607,Europe,CY,reference_likely,35.04569276191925,33.977734884655774,co|no|no2|nox|o3|pm10|pm25|so2,0.42617155534823803
663495,12.41767492423547,9.613726,85,7.950784211965233,Europe,CY,reference_likely,34.77152999999999,33.29623,no|no2|nox|o3|pm10|pm25|so2,0.31329856116869476
663497,9.286826021894703,9.641712,91,4.767538666066389,Europe,CY,reference_likely,35.038021999934216,33.05778899971721,co|no|no2|nox|o3|pm10|pm25|so2,0.6160019100293249
663498,10.789192169506581,9.632593,90,4.855577614573192,Europe,CY,reference_likely,34.7294444,33.33749999999998,no|no2|nox|o3|pm10|pm25|so2,0.5634184123739454
663499,12.273231964113032,9.9725275,91,4.887565641164849,Europe,CY,reference_likely,34.7752778,32.42194440000003,co|no|no2|nox|o3|pm10|pm25|so2,0.5811276308629832
663500,15.935632386452658,9.6161175,91,6.774782904585688,Europe,CY,reference_likely,35.15192246950294,33.347919957077806,co|no|no2|nox|o3|pm10|pm25|so2,0.5284957219236555
663501,13.785027192205607,9.938843,90,5.485015072147466,Europe,CY,reference_likely,34.9166667,33.627500000000055,co|no|no2|nox|o3|pm10|pm25|so2,0.5968457978107288
663502,13.648626096321118,10.19724,77,5.0407381087744705,Europe,CY,reference_likely,34.9923,33.779,no|no2|nox|o3|pm10|pm25|so2,0.50700153386488
68,23.433876811594203,5.7085757,86,12.366784813394212,South America,CL,reference_likely,-37.021182877699,-73.149555550926,pm10|pm25,0.5266528862719798
689,20.298410059676044,12.799608,85,4.692479306095818,South America,CL,reference_likely,-29.933006518748,-71.261966365967,pm25,0.5532281088256558
69,22.26573369159576,7.355747,87,10.334134175827892,South America,CL,reference_likely,-36.784653741124,-73.052063025795,pm10|pm25|so2,0.5621394907943856
6924,84.13382885038781,75.21816,78,61.160708441175174,South Asia,IN,reference_likely,28.646233,77.358075,co|no|no2|o3|pm10|pm25|relativehumidity|so2|temperature,0.5604129729877004
6943,26.0207642022003,32.623055,77,20.959966223896352,South Asia,IN,reference_likely,19.1135051,73.008978,co|no|no2|o3|pm10|pm25|relativehumidity|so2|temperature,0.45290202582024247
6945,52.66754378014724,31.96612,76,40.210986625127035,South Asia,IN,reference_likely,19.0863,72.8888,co|no|no2|o3|pm10|pm25|relativehumidity|so2|temperature,0.16457037260619956
695,21.89929036480761,8.514991,87,4.0080350319970295,South America,CL,reference_likely,-27.370329154948,-70.323906678352,pm10|pm25|so2,0.20979074223233185
6959,30.2140971163155,32.15477,76,27.43108196393443,South Asia,IN,reference_likely,19.000083,72.813993,co|no|no2|o3|pm10|pm25|relativehumidity|temperature,0.9030770343582348
6960,88.12631596652339,74.809494,79,80.98046277011633,South Asia,IN,reference_likely,28.623748,77.287205,co|no|no2|o3|pm10|pm25|relativehumidity|so2|temperature,0.6242120806491154
6962,38.264706518570875,26.591831,76,21.70172928984196,South Asia,IN,reference_likely,21.613267,73.010555,co|no|no2|o3|pm10|pm25|relativehumidity|so2|temperature,0.7131599018397041
6965,48.55433679982417,33.18622,65,128.53102565595574,South Asia,IN,reference_likely,19.227474,72.864394,co|no|no2|o3|pm10|pm25|so2,0.35214932466613
6967,92.79075772285884,34.152668,64,152.8198765929371,South Asia,IN,reference_likely,19.047,72.8746,co|no|no2|o3|pm10|pm25|relativehumidity|so2|temperature,-0.04491540619279962
6977,89.41402714586023,29.88181,52,203.49050609492932,South Asia,IN,reference_likely,19.008751,73.01662,no|no2|pm10|pm25|so2,-0.04890439660544935
698,7.643124768572339,8.616072,63,3.9935341197337277,Europe,GB,reference_likely,50.90814,-1.395778,no2|o3|pm10|pm25|so2,0.6313233668362709
6989,26.752664728682173,8.635756,86,24.687936683593737,South America,CL,reference_likely,-38.727003260042,-72.580001950264,pm10|pm25,0.4584352823259943
7015,34.42844827586207,5.753496,87,22.797548259415557,South America,CL,reference_likely,-37.501844565823,-72.676405906677,pm10|pm25|so2,0.34054190787064836
7034,27.546574807180395,14.977202,70,6.710770981422971,South America,CL,reference_likely,-32.741815962175,-71.480882901344,pm10|pm25|so2,0.49035904401576824
7039,23.0024975024975,13.7748575,88,10.609886647578163,South America,CL,reference_likely,-32.7877756097,-71.532282798966,pm10|pm25|so2,0.7683401486795574
71,9.804601776377702,11.418727,89,8.047957219193268,Europe,NL,reference_likely,51.5184,5.14845,no|no2|o3|pm10|pm25,0.7790031825132516
710,16.53976526883437,13.137355,86,3.0296798508516627,South America,CL,reference_likely,-22.460270722943005,-68.937706917007,pm10|pm25|so2,0.024442261067180546
7136,60.67522041911577,5.747868,86,38.884896852791485,South America,CL,reference_likely,-37.508937992394,-72.656092617752,pm10|pm25|so2,0.30282316275799404
7140,51.89404595386391,57.30126,79,24.43360219637854,South Asia,IN,reference_likely,26.86812,81.005119,co|no|no2|o3|pm10|pm25|relativehumidity|so2|temperature,0.4218794235535842
717,25.614327086824122,14.03782,65,15.285438103944996,Other Asia,TH,reference_likely,12.97378333,101.21285,pm25,0.5287389998666313
7178,2.852674385250441,7.3212123,77,4.062583607162864,Europe,PT,reference_likely,38.02000000007205,-8.697500000229098,co|no2|o3|pm10|pm25|so2,0.07833140069391187
7182,5.739023374726077,7.25,73,3.8913692499961954,Europe,PT,reference_likely,37.87111100027024,-8.723888999846922,no2|o3|pm10|pm25|so2,0.6356854575636682
7186,2.6002739537288266,5.5938034,78,1.0793268423899929,Europe,PT,reference_likely,37.01500000002294,-7.92666699974986,no2|o3|pm10|pm25|so2,0.5557236932188435
7195,3.3689329010899725,10.2306595,53,5.386894927050832,Europe,PT,reference_likely,41.371389000197034,-7.790832999861373,no2|o3|pm10|pm25,0.7523935270495994
72,35.082352941176474,13.066715,85,26.215697838906134,South America,CL,reference_likely,-34.974925077541,-71.233967512329,pm10|pm25,0.7873837453145499
7245,12.308713830985958,13.525521,88,8.100636501243322,Europe,PL,reference_likely,52.29086399994045,21.04245800001037,no2|o3|pm10|pm25,0.7595313061778378
7252,18.561429153999857,12.627084,90,11.001458758317698,Europe,PL,reference_likely,51.75804999976643,19.529785999805934,no2|o3|pm10|pm25,0.7119850194628352
7256,15.265957589130931,13.98426,90,11.098418611998602,Europe,PL,reference_likely,52.40757800023398,20.9559280003548,no2|o3|pm10|pm25|so2,0.7320045806688819
7279,18.441821523505734,11.189954,90,15.27942325593621,Europe,PL,reference_likely,50.433493000157334,16.65365999960197,no2|o3|pm10|pm25,0.47234683178177733
7292,46.61832655630795,28.123312,79,25.56392657504059,South Asia,IN,reference_likely,22.431,75.5213,co|no|no2|o3|pm10|pm25|relativehumidity|so2|temperature,0.7867425902974163
73,48.26029962546817,2.0029495,89,44.30689230275456,South America,CL,reference_likely,-45.579045667164,-72.049964505825,pm10|pm25|so2,0.3421374027102539
7300,8.20502581181214,4.4669957,76,7.423412732316903,Europe,NO,reference_likely,60.88593000015307,10.937850000240685,pm10|pm25,-0.04937277777382929
73876,12.337788722333592,12.050568,88,9.39433051298831,Europe,PL,reference_likely,50.849509000061225,17.462578999844478,pm10|pm25,0.6154317978264336
7446,27.170392160337986,4.362299,83,17.318080817563082,South America,CL,reference_likely,-41.399169537038,-72.899522781372,pm25,0.38943153529169766
7464,26.770448665695838,19.197304,85,9.64278866865312,South America,PE,reference_likely,-11.981636,-76.999247,co|no2|o3|pm10|pm25|so2,0.4564049767171431
7495,51.62207754346035,60.245193,78,37.536393900011944,South Asia,IN,reference_likely,25.586562,85.043586,co|no|no2|o3|pm10|pm25|relativehumidity|so2|temperature,0.4122543192979956
7497,29.4215721054308,4.382656,80,21.055681991930587,South America,CL,reference_likely,-40.286857441758,-73.076710459412,pm25,0.4528149264954678
7569,5.865664250874037,7.9276114,75,4.327134965928343,Europe,ES,reference_likely,28.45537499986445,-16.276750000274742,no2|o3|pm10|pm25|so2,0.9001473574658382
7576,28.224001094690752,13.795737,87,12.505278446867786,South America,CL,reference_likely,-32.718839486418,-71.407960598881,pm10|pm25|so2,0.7234597100356962
7592,6.659819166340906,7.428022,91,3.7617147433033247,North/Central America,US,reference_likely,39.732144,-105.015313,co|no2|pm25,0.4886720898780049
7595,5.721475267800883,8.989718,92,3.3783645058659273,North/Central America,US,reference_likely,39.7386,-104.9394,pm10|pm25,0.3799261980893837
76,9.07252462611255,11.55435,91,6.325994087677854,Europe,NL,reference_likely,52.296600000000005,4.51082,no|no2|o3|pm10|pm25|so2,0.5663916124407309
7648,8.44600461652015,6.392007,49,5.440320671644276,Europe,IT,reference_likely,46.61946999993831,10.859060000057443,pm10|pm25,0.5665064064370503
7658,11.501838811299084,4.3753247,77,4.3806279265699235,Europe,IS,reference_likely,64.04416,-21.98535,no|no2|pm10|pm25|so2,0.16583178710570198
7659,5.224734003587971,4.4351687,84,7.8876169367547195,Europe,IS,lowcost,64.10495000000002,-21.889,no|no2|pm1|pm10|pm25|so2,0.3079836702394558
7665,34.20752367551148,7.33872,82,27.193719918924977,South America,CL,reference_likely,-37.267803138651,-72.710695266724,pm10|pm25|so2,0.20579044853224682
767,25.07254557524764,8.482936,84,16.46714751632335,South America,CL,reference_likely,-36.594880886514,-72.089253650482,pm10|pm25,0.6955255461747997
7727,16.3301258653366,34.28652,89,10.853690297143784,Other Asia,HK,reference_likely,22.28888888888889,113.94361111111112,co|no2|o3|pm10|pm25|so2,0.6593762873741292
7728,16.40567980391661,33.850903,92,9.802944373461752,Other Asia,HK,reference_likely,22.3225,114.16833333333334,co|no2|o3|pm10|pm25|so2,0.6076314672712829
7729,14.325156378605476,21.83818,92,8.67493349150088,Other Asia,HK,reference_likely,22.317777777777778,114.25944444444444,co|no2|o3|pm10|pm25|so2,0.6923127719869332
7730,13.857420663718676,33.850903,92,9.77019518386007,Other Asia,HK,reference_likely,22.285,114.14444444444445,no2|o3|pm10|pm25|so2,0.6318230822650537
7731,21.729739068448264,33.850903,92,10.138421330520394,Other Asia,HK,reference_likely,22.281944444444445,114.15805555555558,co|no2|o3|pm10|pm25|so2,0.6512071283009631
7732,23.192640277502363,33.850903,92,9.07840431142588,Other Asia,HK,reference_likely,22.28,114.185,co|no2|o3|pm10|pm25|so2,0.6756572698564186
7733,12.86803610619982,33.850903,92,8.831673783229391,Other Asia,HK,reference_likely,22.37638888888889,114.18444444444444,no2|o3|pm10|pm25|so2,0.6668523880925625
7734,15.277177267655151,33.850903,92,8.700517917485426,Other Asia,HK,reference_likely,22.330277777777777,114.15916666666666,no2|o3|pm10|pm25|so2,0.6460648625758669
7735,14.358975451830142,21.849268,91,8.35457466397063,Other Asia,HK,reference_likely,22.313333333333333,114.22472222222224,no2|o3|pm10|pm25|so2,0.7306097405113594
7736,15.258564625957865,33.850903,92,8.573182493419472,Other Asia,HK,reference_likely,22.357222222222223,114.12972222222224,no2|o3|pm10|pm25|so2,0.6586747696969234
7737,15.804096584225855,34.036263,91,9.423274192257775,Other Asia,HK,reference_likely,22.450833333333332,114.16444444444446,no2|o3|pm10|pm25|so2,0.6730786176650595
7738,13.46396034600002,22.116291,89,9.2162653072459,Other Asia,HK,reference_likely,22.471388888888892,114.36083333333332,co|no2|o3|pm10|pm25|so2,0.6612925309389674
7739,16.55182230306808,33.850903,92,10.329515991582063,Other Asia,HK,reference_likely,22.44527777777778,114.02277777777776,co|no2|o3|pm10|pm25|so2,0.7310844167867498
7740,14.633362452212326,34.036263,91,8.74357314602693,Other Asia,HK,reference_likely,22.371666666666663,114.11444444444444,co|no2|o3|pm10|pm25|so2,0.6423813484919986
7741,14.109842645042749,21.83818,92,9.256927657440219,Other Asia,HK,reference_likely,22.282777777777778,114.21944444444446,no2|o3|pm10|pm25|so2,0.7015650014724008
7742,19.32728388526203,33.981274,91,11.921734671718761,Other Asia,HK,reference_likely,22.391111111111112,113.97666666666667,co|no2|o3|pm10|pm25|so2,0.6787132549337341
7747,30.46464308721315,21.294853,51,15.894253617183653,Other Asia,TH,reference_likely,16.44538333,102.83525,pm25,0.70021054528633
7753,26.54523371062403,51.12822,44,14.01897770686407,China,CN,reference_likely,23.116785,113.318088,pm25,0.7355082746161188
7786,9.703183639416645,7.9239864,74,6.198907316030404,Europe,ES,reference_likely,28.457953999691703,-16.263329999973323,no2|o3|pm10|pm25|so2,0.5996256675522436
7823,22.020833333333332,7.194366,88,4.33076294235037,South America,CL,reference_likely,-22.060287005823,-70.187401439495,pm10|pm25,0.2383296560131947
7832,13.018436950702982,10.742694,69,11.371823433769901,Europe,GR,reference_likely,37.98806600025286,23.727617000199235,no2|pm10|pm25|so2,0.5852182426295781
7833,55.62644754490461,69.42522,76,43.02849104965167,South Asia,IN,reference_likely,28.999264,77.7590354,co|no|no2|o3|pm10|pm25|relativehumidity|so2|temperature,0.5630291806647965
783874,12.607020071447264,11.808062,92,10.373906847351886,Europe,HU,reference_likely,46.96524399999999,19.54528,co|no2|o3|pm10|pm25|so2,0.6570470914078942
783877,10.618428977496603,16.099314,85,8.198648413611965,Europe,HU,reference_likely,47.40605,19.0099,o3|pm10|pm25,0.7680139368386166
783879,13.119723029230038,12.633996,88,9.231495437537669,Europe,HU,reference_likely,46.040885,18.220884,no2|o3|pm10|pm25,0.6881900018305583
783887,21.379347749986234,12.891151,89,19.041683816162763,Europe,HU,reference_likely,48.099356,20.727048999999997,pm10|pm25,0.6622458069768002
783899,18.64044001048747,12.547668,84,15.593261948075648,Europe,HU,reference_likely,48.247032999999995,20.61445,co|no2|o3|pm10|pm25|so2,0.6068906311042657
783913,13.340456053167712,15.943295,87,10.058834601041193,Europe,HU,reference_likely,47.544291,19.144177,co|no2|o3|pm10|pm25|so2,0.7471261355476032
783914,11.54527498635383,11.914867,88,11.904964694881427,Europe,HU,reference_likely,47.089574,17.905054000000003,co|no2|o3|pm10|pm25|so2,0.32822311177254593
783920,14.01492735751403,15.121655,81,9.520427809099482,Europe,HU,reference_likely,47.43,19.18111,co|o3|pm10|pm25|so2,0.7036558690049586
783924,14.050719067271178,11.885512,88,10.341238139047931,Europe,HU,reference_likely,47.20167,18.143025,co|no2|pm10|pm25,0.6140173759346114
783926,15.3307251121783,11.76381,89,12.477302612203228,Europe,HU,reference_likely,46.90234,19.68875,no2|o3|pm10|pm25,0.5410617006598966
783927,13.259270129386543,15.943295,87,9.363063684905386,Europe,HU,reference_likely,47.466982,19.157219,o3|pm10|pm25,0.7746689585457768
783931,12.348359477912052,11.944195,89,7.745526592220821,Europe,HU,reference_likely,46.965924,18.935198,co|no2|o3|pm10|pm25|so2,0.5961872684679888
783939,15.25562558085313,15.865001,85,10.587106334948263,Europe,HU,reference_likely,47.498948,19.051903,no2|pm10|pm25,0.7002776547959102
783942,13.11594902355772,13.996903,74,10.626739749707559,Europe,HU,reference_likely,47.56325,18.4087,co|no2|o3|pm10|pm25|so2,0.6925561529026341
7840,19.19837021344666,14.811755,56,12.668840527541416,Other Asia,TH,reference_likely,13.11923333,100.91855,pm25,0.7424349544345631
784131,21.855941068364256,17.68802,56,14.522548130990824,Europe,RS,reference_likely,44.777284,20.409701,co|no2|o3|pm10|pm25|so2,0.8413832173335448
784132,17.079884311333778,14.659772,55,11.770153932860856,Europe,RS,reference_likely,44.58871,20.429121,co|no2|o3|pm10|pm25|so2,0.7203352195539813
784133,19.63828808850054,17.68802,56,12.149675662537152,Europe,RS,reference_likely,44.815028000000005,20.3779,co|no2|o3|pm10|pm25|so2,0.8484445630273967
784134,24.12643279558694,17.57946,57,17.305775258282576,Europe,RS,reference_likely,44.873952,20.446585,co|no2|o3|pm10|pm25|so2,0.7943254739908596
784135,28.918026405580548,17.57946,57,16.76232524764289,Europe,RS,reference_likely,44.8168146768154,20.4699406027794,co|no2|pm10|pm25|so2,0.7685338436514015
784137,20.61223870125125,17.57946,57,13.431397545989247,Europe,RS,reference_likely,44.794262,20.463173,co|no2|o3|pm10|pm25|so2,0.868116312087486
784139,27.674083000977024,17.57946,57,19.29288430371095,Europe,RS,reference_likely,44.728534,20.580721,co|no2|o3|pm10|pm25|so2,0.7523726131960985
784141,20.948543353072537,18.02568,55,13.979179680141147,Europe,RS,reference_likely,44.6699995831708,20.1973316073418,no2|pm10|pm25|so2,0.7915234527169558
784143,22.35145684169523,17.57946,57,13.72968743143229,Europe,RS,reference_likely,44.805925,20.398811,no2|o3|pm10|pm25|so2,0.8515013321815033
784153,24.484647182361215,17.68802,56,18.01090807995787,Europe,RS,reference_likely,44.849212,20.377265999999995,co|no2|o3|pm10|pm25|so2,0.8135431533771558
784161,24.427553384260708,12.481116,47,21.870728658838644,Europe,RS,reference_likely,44.53224,19.214534,no2|o3|pm10|pm25|so2,0.4384935813133645
784163,18.31582394578962,13.634723,57,12.271338162262532,Europe,RS,reference_likely,45.262626,19.819016,co|no2|pm10|pm25|so2,0.8084530440666624
784169,19.110062245482563,11.223178,48,14.076069453015752,Europe,RS,reference_likely,43.859649,21.408121000000005,co|no2|o3|pm10|pm25|so2,0.47583582598223606
784172,20.751827600112797,12.176258,53,10.854591526682125,Europe,RS,reference_likely,43.910592,21.508391,co|no2|o3|pm10|pm25|so2,0.577631726382693
784177,27.642028564423168,15.817411,56,19.685475674591775,Europe,RS,reference_likely,44.619408,20.969422000000005,co|no2|o3|pm10|pm25|so2,0.7755912434476528
784181,14.5139482808833,9.951153,47,8.045260707558503,Europe,RS,reference_likely,45.11445899999999,21.295725,no2|o3|pm10|pm25|so2,0.4856309870109456
784182,7.432700813996522,3.464028,90,5.146397164620868,Oceania,NZ,reference_likely,-44.356199,171.242334,pm10|pm25|so2,0.03335017277518561
784183,6.989812255627945,4.200463,90,4.925273925356295,Oceania,NZ,reference_likely,-43.557532,172.681343,pm10|pm25,0.1856615538531781
784924,8.626160766950953,3.2538888,90,8.919849849436606,Oceania,NZ,reference_likely,-43.307439,172.594745,pm10|pm25,0.13160421985649245
7895,16.870884773662553,9.035545,81,4.597896394657167,South America,CL,reference_likely,-28.467795302879,-71.22729152441,pm10|pm25,0.21086874748518966
7926,32.47103282436163,7.1306252,80,23.7752550300853,South America,CL,reference_likely,-22.085864134728,-70.188415616234,pm10|pm25|so2,-0.025360678581311365
7929,11.384311435432586,14.939974,64,7.506058438425831,Europe,XK,reference_likely,42.89176999983937,20.868908000254464,co|no2|o3|pm10|pm25|so2,0.8242842251825879
7931,8.765727565428932,13.266531,61,4.982382334198909,Europe,XK,reference_likely,42.64882999970873,21.13710700015327,co|no2|o3|pm10|pm25|so2,0.7638437234532673
7933,11.725934681855806,12.839008,58,5.107241082460242,Europe,XK,reference_likely,42.659636000265685,21.157317000073025,co|no2|o3|pm10|pm25|so2,0.7416241088839545
7934,7.892126552748344,14.939974,64,4.023336013122525,Europe,XK,reference_likely,42.62528399981385,20.891046000369617,co|no2|o3|pm10|pm25|so2,0.5334639777045802
7935,6.802106397116111,12.5782795,61,3.3838376790643356,Europe,MK,reference_likely,42.15401000011497,21.29596999956135,co|no2|o3|pm10|pm25|so2,0.3068698252808471
7962,8.682443415144652,10.580289,78,3.701238356050792,Europe,GR,reference_likely,38.14352099994721,23.758195000293767,no2|o3|pm10|pm25,0.574397613402018
7972,5.052550685018017,4.75968,65,4.15324163898812,Europe,NO,reference_likely,63.41535799984427,10.368372000042802,pm10|pm25,0.48320878478036045
7980,5.797929485299855,8.610996,72,3.8937519537100416,Europe,NO,reference_likely,59.93230999987503,10.724550000116762,no2|pm10|pm25,0.4001222833030161
7998,15.850889491545374,28.044497,53,6.39431356771407,North/Central America,MX,reference_likely,19.473691944444,-99.046175833333,co|no2|o3|pm25|so2,0.22577472850672728
8003,12.59841187251599,9.055167,75,10.90870419597693,Europe,GR,reference_likely,38.37529500017302,23.11030199983137,no2|o3|pm10|pm25,0.5653955857375575
800587,8.69070375750867,4.200463,90,7.764709914226887,Oceania,NZ,reference_likely,-43.508568,172.635835,no|no2|pm10|pm25,0.2218729812864675
8006,80.40319767632622,11.572951,61,170.67901724311488,North/Central America,MX,reference_likely,25.421472222222004,-100.99686111111,no|no2|nox|pm10|pm25|so2,0.054831894058830155
8070,31.88408521303258,16.057455,57,17.53324770389502,North/Central America,MX,reference_likely,20.529149444444,-103.37717944444,co|no|no2|nox|o3|pm10|pm25,-0.21342421443175585
808,25.592607862735296,7.2622128,87,14.334609614154857,South America,CL,reference_likely,-36.769803,-73.113708,pm10|pm25|so2,0.6073619667135974
8081,3.97840932213424,6.2319956,81,2.980721046554511,Europe,EE,reference_likely,58.70277785960615,26.75889778036958,no2|o3|pm25|so2,0.24580852720528884
8083,3.8166116079738286,6.3030868,81,3.172615138709697,Europe,EE,reference_likely,59.40972518967773,27.27862166957997,co|no2|o3|pm10|pm25|so2,0.07167784842279669
8084,4.140057661489145,6.4312997,84,2.6524215860734826,Europe,EE,reference_likely,59.49444579966882,25.930568700323413,co|no2|o3|pm25|so2,0.3846618252470079
8086,5.530793167827779,7.1122055,85,3.5626616874125285,Europe,LV,reference_likely,58.376110079513595,21.845012660145393,no2|o3|pm25|so2,0.42430254929202993
8087,4.321932149248173,10.719969,82,5.274319851107781,Europe,EE,reference_likely,59.414169309349745,24.649457930019587,co|no2|o3|pm10|pm25|so2,0.16260540456037043
8095,14.628291726707058,6.1385236,57,7.2039938830419015,North/Central America,MX,reference_likely,28.632775,-106.03886694444,o3|pm10|pm25,0.33379879126183337
810,43.39876893939394,7.7601275,72,31.257649920353852,South America,CL,reference_likely,-36.780632,-73.115657,pm10|pm25|so2,0.5842411573641778
811652,7.865917657921251,3.138432,76,5.97649514291642,Oceania,NZ,reference_likely,-43.912238,171.7552,pm10|pm25,0.11493322341147677
812,21.87687265917603,7.2873597,89,8.155679524808331,South America,CL,reference_likely,-36.791231,-73.119152,pm25|so2,0.6601070651629101
8132,4.642267491280649,5.9194627,76,3.868305188259332,North/Central America,CA,reference_likely,45.957344,-66.645562,no2|o3|pm25,0.5114814288435756
8136,11.75988433788426,11.005256,88,10.41192327102237,Europe,BE,reference_likely,50.79355009277766,3.109653892891476,pm10|pm25,0.841457267313999
8153,18.17878159728013,15.571413,72,2.467080523300653,South Asia,IN,reference_likely,11.55358,76.55521,co|no|no2|o3|pm10|pm25|so2,0.034885935751612536
8175,7.24378256982186,8.848859,73,6.41190388397052,Europe,ES,reference_likely,28.502761739647287,-13.853699419663403,co|no2|o3|pm10|pm25|so2,0.5061804458764622
8189,6.863793267759347,7.9276114,75,7.677029215760988,Europe,ES,reference_likely,28.451021999892365,-16.277691999732813,co|no2|o3|pm10|pm25|so2,0.7489302717109043
820326,8.874669971115841,19.378279,75,6.670446925864051,South America,BR,reference_likely,-22.8316,-43.3269,co|no|no2|nox|o3|pm10|pm25|so2,0.3154838491340518
830906,8.449237356616607,3.683193,89,6.8806713620272735,Oceania,NZ,reference_likely,-44.732595,171.049778,pm10|pm25,-0.24045093734661693
8320,35.70180493459182,82.97767,61,12.352207450568882,Other Asia,ID,reference_likely,-6.236704,106.793244,pm25,0.43785765472989635
8425,8.861403737720762,10.695185,45,5.07443390525047,Europe,IT,reference_likely,43.84083299987844,10.57388900013837,no2|pm10|pm25|so2,0.5020765576791649
8459,13.229043408008328,8.737121,44,5.538881487331886,Europe,IT,reference_likely,43.6333300000698,13.387500000045366,no2|o3|pm25|so2,0.3061902614124616
846,34.15805243445693,41.735767,89,21.928842267299196,South America,CL,reference_likely,-33.433089610143,-70.732147868717,pm10|pm25,0.8785581582984985
8470,2.680024247383408,7.414135,79,1.6354656786232795,Europe,PT,reference_likely,32.807777999798574,-16.886388999846062,no2|o3|pm10|pm25,0.5151004773024922
850,30.93572957839262,18.898153,88,17.750395628932974,South America,CL,reference_likely,-34.143888375919,-70.737131207664,pm10|pm25,0.8495363641331828
852,32.06686046511628,20.328053,86,14.753028490286423,South America,CL,reference_likely,-33.516630362266,-70.588123961971,pm10|pm25|so2,0.1996223670576906
8555,8.800607182672401,11.093269,91,6.795950515230153,North/Central America,US,reference_likely,41.7714,-88.1522,pm25,0.6771285382601873
8586,29.159731450719825,8.271463,86,17.6598559472577,South America,CL,reference_likely,-36.97743148785,-72.932017713268,pm10|pm25|so2,0.637565935970345
8592,10.131781414237937,9.309679,65,7.8482531945492795,North/Central America,CA,reference_likely,53.564411,-113.562583,pm25,0.3843819719518481
8640,6.724832843101123,6.855824,88,11.950048845389725,North/Central America,CA,reference_likely,55.340367,-115.895667,o3|pm25,0.5838430401416924
8684,67.94279005069185,17.106647,89,46.56565160989614,Central Asia,TJ,reference_likely,38.557671,68.775917,pm25,0.5682564510518763
8727,2.9942635141382237,7.5690393,72,1.4494522109395187,Europe,PT,reference_likely,38.60499999969784,-28.631389000142526,no2|o3|pm10|pm25|so2,0.2817212988025784
8793,9.093293872412866,7.0524726,91,15.818311371961467,North/Central America,CA,reference_likely,50.285833,-107.81689,no2|o3|pm25,0.7020015793941119
8799,6.947590520892152,7.627225,88,8.341051792223363,North/Central America,CA,reference_likely,45.1167,-74.2833,o3|pm25,0.8620917658509594
8823,29.66949977519199,39.657883,74,22.396298488778523,China,CN,reference_likely,41.78351,123.424434,pm25,0.5968943547928849
8843,10.435572381348072,9.844879,83,6.096625383812105,Europe,BG,reference_likely,43.22438900023895,27.915733000170828,co|no2|o3|pm10|pm25|so2,0.6224088332246339
884467,7.20542812088387,2.6467593,90,5.373648316835768,Oceania,NZ,reference_likely,-44.100188,171.241443,pm10|pm25,0.06423100633771708
8846,9.468833216963873,13.3777275,55,5.756142801547881,Europe,BG,reference_likely,42.63719199997135,23.24386399956789,co|no2|o3|pm25|so2,-0.05132060707606551
8856,16.472325980164275,13.507151,74,16.008415958648058,Europe,BG,reference_likely,42.68055800032477,23.296785999641887,co|no2|o3|pm10|pm25|so2,0.3245220916367374
8857,15.257750980501196,12.245139,78,11.48639150052667,Europe,BG,reference_likely,43.85136699995016,25.964085999705684,co|no2|o3|pm10|pm25|so2,0.5570909460049581
8876,27.852135093167703,21.515415,80,26.584301930749064,Central Asia,KZ,reference_likely,43.252855,76.93118,pm25,0.7810460749267051
890,8.06983108128672,6.398645,83,5.019167887662248,North/Central America,US,reference_likely,39.761680000000005,-121.84047,no|no2|nox|o3|pm10|pm25,0.2635550135499013
8914,31.088299386364724,20.64829,78,17.487670745152908,South Asia,IN,reference_likely,10.942451,76.978996,co|no|no2|o3|pm10|pm25|relativehumidity|so2|temperature,0.6896777295133028
8940,7.847776670402755,9.906554,89,4.303460712537245,North/Central America,US,reference_likely,35.728889,-81.365556,pm25,0.5113157998604634
9075,6.560121642515488,4.838225,92,4.0653765893825105,Oceania,AU,reference_likely,-35.220606,149.043539,co|no2|o3|pm10|pm25,0.40858936946211605
921106,34.07209737827715,41.882633,89,18.543682606663445,South America,CL,reference_likely,-33.495361139755,-70.704821317871,pm10|pm25,0.869229179891867
921135,33.29575027685493,7.5819764,86,31.60214177916905,South America,CL,reference_likely,-38.748650731093,-72.619012605804,pm10|pm25,0.5352651066232331
922,4.0984303438107785,6.2424417,86,7.320534097728466,North/Central America,CA,reference_likely,49.3864,-82.1214,o3|pm25,0.7875395810366443
922546,10.74884092183729,3.4763107,89,11.735965765473019,Oceania,NZ,reference_likely,-44.404486,171.249643,no|no2|pm10|pm25,-0.07904770871587798
9250,4.894476681371256,6.036926,87,3.7083872822814743,Europe,FI,reference_likely,60.991290000013926,25.66578999993628,no2|pm10|pm25,0.4788817660437107
927171,11.233999679287152,9.3775215,76,6.395406405156273,Europe,GB,reference_likely,51.5113148373152,-0.139322877049969,pm10|pm25,0.5335768713677094
93,9.264705458886786,10.737866,91,6.982347680981028,Europe,NL,reference_likely,51.8414,5.85778,no|no2|pm10|pm25,0.7332418229837053
9324,14.72491906864218,12.248009,90,9.43919389606082,Europe,PL,reference_likely,50.29912800024358,21.440942000286448,no2|o3|pm10|pm25,0.6698046261481391
9339,46.6597139856593,40.889557,79,24.961938070995856,MENA,AE,reference_likely,25.258481,55.309165,o3|pm25,0.7008744429025694
9342,16.92801553098551,13.070359,79,9.6055869180539,Europe,PL,reference_likely,51.08622500008861,17.012688999961135,co|no2|pm25,0.7300035082488348
9344,39.01069605213627,4.369697,88,38.742133604165026,South America,CL,reference_likely,-41.328935085299,-72.968208759506,pm10|pm25,0.2873824312499491
9347,19.080092592592592,8.981343,90,2.308135645899001,South America,CL,reference_likely,-28.466423001884,-71.221554279327,pm25|so2,0.3815656610792533
9348,24.893261088326877,16.781313,66,12.845123705445078,South America,CL,reference_likely,-32.885091,-71.246854,pm10|pm25|so2,0.8472257100299869
9350,21.197640947421398,8.9954815,83,6.146289192531728,South America,CL,reference_likely,-28.470340876399,-71.218828907093,pm25|so2,0.08338955448893096
9363,14.739319017330171,11.053783,87,11.975678931051938,Europe,RO,reference_likely,46.7750329999747,23.59661899979443,co|no2|pm10|pm25|so2,0.5538647396992845
9369,16.012053007687822,10.862161,86,10.117468720379554,Europe,RO,reference_likely,47.15683599990919,27.57490799971823,co|no2|pm10|pm25|so2,0.7319752524868384
9375,51.063220164609056,6.617284,81,62.33153363597256,South America,CL,reference_likely,-37.009021343988,-73.14909696579,pm10|pm25|so2,0.4384735986008698
941,23.13762263253542,13.754651,86,4.701619353632368,South America,CL,reference_likely,-32.764139,-71.454494,pm10|pm25|so2,0.6135457620085728
947260,10.315089218528744,23.658741,92,5.673510089545033,North/Central America,US,reference_likely,33.96703,-118.38842,pm25,0.6698025806725608
947265,12.191535164975638,16.729982,92,5.8650909557151945,North/Central America,US,reference_likely,34.20751,-118.47799,pm25,0.4648664392386603
947315,11.012120455878858,23.658741,92,6.020520789878085,North/Central America,US,reference_likely,34.06951,-118.36021,pm25,0.8090326487757414
9506,8.808459344371602,8.952985,67,5.055920187084684,Europe,GR,reference_likely,40.58891800028266,23.031689000098456,no2|o3|pm10|pm25,0.5515313726152185
951,26.217384519350812,13.723549,89,11.279484818251552,South America,CL,reference_likely,-32.748154,-71.474204,pm10|pm25|so2,0.7386160067336592
9514,9.666387540229074,8.882906,78,3.6163225514983646,Europe,GR,reference_likely,37.99510999998216,23.819420999904715,no2|o3|pm10|pm25,0.6732404507866387
9526,24.75417718855219,15.943577,72,10.503294077037065,South America,CL,reference_likely,-32.937001,-71.273726,pm10|pm25|so2,0.6450722188915977
9535,12.081249332461825,11.060205,69,8.878777545028763,Europe,GR,reference_likely,38.05132200026413,23.53843199989134,no2|o3|pm10|pm25|so2,0.5616277859578888
9581,11.916384819440795,15.86812,86,9.76689552146789,Europe,CH,reference_likely,46.16030000011032,8.933940000200698,no2|o3|pm10|pm25|so2,0.6542184870493024
9582,9.841972804593361,11.561324,85,6.575464982122352,Europe,CH,reference_likely,46.95100000021143,7.440870000368799,co|no2|o3|pm10|pm25,0.7252728686930645
9588,9.23023845296776,15.86812,86,7.53265144602399,Europe,CH,reference_likely,46.01110000001776,8.957100000139862,co|no2|o3|pm10|pm25|so2,0.6665286846257181
9589,9.895253400142257,19.836678,86,9.711137013534229,Europe,CH,reference_likely,47.377600000102944,8.530410000378652,co|no2|o3|pm10|pm25|so2,0.34140189718068853
9590,4.667683167512819,19.836678,86,4.390089878308257,Europe,CH,reference_likely,47.06739999978191,8.463329999861337,co|no2|o3|pm10|pm25|so2,0.44909621660875965
9591,9.905849795562323,16.34467,86,7.531402786498204,Europe,CH,reference_likely,47.4028999998603,8.613400000010936,co|no2|o3|pm10|pm25|so2,0.4793709921238172
9595,9.111001195266182,11.869864,86,6.914119004217254,Europe,CH,reference_likely,46.81309999982213,6.944479999783753,co|no2|o3|pm10|pm25|so2,0.7444834790049962
9598,35.02161542114778,10.204312,86,41.43397488867177,Europe,BA,reference_likely,43.856665,18.398205,pm25,0.3479323892416126
9627,16.879360427874026,10.797024,63,7.918403779384552,North/Central America,MX,reference_likely,21.118055555556,-101.60216666667,co|no|no2|nox|o3|pm10|pm25|so2,0.37504872277869056
963,24.381086142322097,10.759035,89,14.636399056538554,South America,CL,reference_likely,-35.406582744695,-71.633396474869,pm10|pm25,0.6734134264898872
9631,20.573598352315067,13.681037,78,12.746233819497313,North/Central America,MX,reference_likely,32.4975,-116.97694444444,o3|pm25,0.28085230598768096
9642,9.015004830146989,9.549063,80,4.772247882058497,Europe,LU,reference_likely,49.61157000022714,6.118469999695286,no2|pm10|pm25,0.5448899146718791
9645,6.653902466443348,9.195285,76,4.448388238468819,Europe,LU,reference_likely,49.72226000000245,6.305330000147759,no2|o3|pm10|pm25,0.630170842162395
9650,8.190753352827658,9.7815,75,4.615545501423918,Europe,LU,reference_likely,49.50504000003322,5.976939999982496,co|no2|o3|pm10|pm25,0.5915860402501673
9651,8.510746711731358,9.654522,82,5.895296133567356,Europe,LU,reference_likely,49.59769000023517,6.137590000018973,co|no2|o3|pm10|pm25,0.5927420973903614
967,32.85274621212121,41.758804,88,20.36461516064346,South America,CL,reference_likely,-33.437811379126,-70.750171233135,pm10|pm25,0.8771460341550478
97,8.716855319394112,10.314583,76,7.121154930604404,Europe,NL,reference_likely,52.46303900009865,4.60184200043928,co|no2|pm10|pm25|so2,0.739229970070448
9714,23.82839618674238,18.168032,58,9.377049445271568,Sub-Saharan Africa,ET,reference_likely,9.058498,38.761641,pm25,0.3986138984049041
9742,6.562365670118135,5.38562,82,5.010697549590196,Europe,AD,reference_likely,42.50969400015972,1.539137999815149,co|no2|o3|pm10|pm25|so2,0.7559472774191411
975,20.697191845253844,10.832615,87,5.932119063023492,South America,CL,reference_likely,-33.020419817382,-71.550092842922,pm10|pm25,0.4699282892573336
9779,13.186312366821603,9.461623,57,4.723112869587996,North/Central America,MX,reference_likely,21.017583333333,-101.25736111111,pm25,0.6541025261448484
98,9.003119347478954,10.545654,70,8.728376249444842,Europe,NL,reference_likely,52.39397200025616,4.870156999790721,pm10|pm25,0.7364071774855252
987,6.2040078926459366,11.734176,89,3.884042977259055,North/Central America,US,reference_likely,40.462181,-74.429436,no|no2|o3|pm25,0.7465812133352928
990,30.354214413037944,4.608279,77,30.044545417373424,South America,CL,reference_likely,-39.831316104673,-73.22851282209,pm10|pm25|so2,0.41180621955203567
997,31.29817977915804,19.163195,84,16.197898093040013,South America,CL,reference_likely,-34.162314609087,-70.713919225517,pm10|pm25|so2,0.855266690767827
