{"type": "FeatureCollection", "features": [{"type": "Feature", "geometry": {"type": "Point", "coordinates": [-75.04, 43.897386]}, "properties": {"gww_id": 86927, "name": "Stillwater Reservoir Hydro", "reservoir": null, "country": "USA", "iso3": "USA", "capacity_mw": 1.8, "latest_month": "2025-10", "area_km2": 18.15, "area_anomaly": -0.038, "area_anomaly_3mo": 0.029, "precip_12mo_anomaly": -0.025, "pred_gen_anomaly": -0.144, "pred_gen_anomaly_lo": -0.569, "pred_gen_anomaly_hi": 0.31, "pred_gen_anomaly_3mo": -0.113, "has_generation_truth": true, "confidence": "carry-over storage (validated class)", "match_method": "gww_polygon"}}, {"type": "Feature", "geometry": {"type": "Point", "coordinates": [-72.9735, 47.7964]}, "properties": {"gww_id": 88729, "name": "Rapide-Blanc", "reservoir": null, "country": "Canada", "iso3": "CAN", "capacity_mw": 280.0, "latest_month": "2025-12", "area_km2": 80.5, "area_anomaly": 0.314, "area_anomaly_3mo": 0.137, "precip_12mo_anomaly": 0.117, "pred_gen_anomaly": 0.048, "pred_gen_anomaly_lo": -0.204, "pred_gen_anomaly_hi": 0.344, "pred_gen_anomaly_3mo": -0.016, "has_generation_truth": false, "confidence": "short residence time (weak area signal)", "match_method": "hydrolakes_pour"}}, {"type": "Feature", "geometry": {"type": "Point", "coordinates": [120.7452, 16.4588]}, "properties": {"gww_id": 82159, "name": "AMBUKLAO", "reservoir": null, "country": "Philippines", "iso3": "PHL", "capacity_mw": 105.0, "latest_month": "2026-02", "area_km2": 5.44, "area_anomaly": 0.035, "area_anomaly_3mo": 0.045, "precip_12mo_anomaly": 0.246, "pred_gen_anomaly": 0.166, "pred_gen_anomaly_lo": -0.453, "pred_gen_anomaly_hi": 0.969, "pred_gen_anomaly_3mo": 0.264, "has_generation_truth": false, "confidence": "short residence time (weak area signal)", "match_method": "hydrolakes_pour"}}, {"type": "Feature", "geometry": {"type": "Point", "coordinates": [120.6837, 16.1462]}, "properties": {"gww_id": 84268, "name": "SAN ROQUE", "reservoir": null, "country": "Philippines", "iso3": "PHL", "capacity_mw": 411.0, "latest_month": "2026-02", "area_km2": 10.01, "area_anomaly": -0.082, "area_anomaly_3mo": -0.022, "precip_12mo_anomaly": 0.235, "pred_gen_anomaly": 0.172, "pred_gen_anomaly_lo": -0.403, "pred_gen_anomaly_hi": 0.667, "pred_gen_anomaly_3mo": 0.173, "has_generation_truth": false, "confidence": "unknown residence time", "match_method": "gww_polygon"}}, {"type": "Feature", "geometry": {"type": "Point", "coordinates": [88.3384, 66.9441]}, "properties": {"gww_id": 90403, "name": "Kureyskaya HPP", "reservoir": "Kureiskaya", "country": "Russia", "iso3": "RUS", "capacity_mw": 600.0, "latest_month": "2026-02", "area_km2": 540.46, "area_anomaly": 0.054, "area_anomaly_3mo": -0.004, "precip_12mo_anomaly": 0.039, "pred_gen_anomaly": 0.123, "pred_gen_anomaly_lo": -0.274, "pred_gen_anomaly_hi": 0.545, "pred_gen_anomaly_3mo": 0.083, "has_generation_truth": false, "confidence": "carry-over storage (validated class)", "match_method": "hydrolakes_pour"}}, {"type": "Feature", "geometry": {"type": "Point", "coordinates": [106.15, 26.86]}, "properties": {"gww_id": 86290, "name": "Dong Feng", "reservoir": null, "country": "China", "iso3": "CHN", "capacity_mw": 695.0, "latest_month": "2026-03", "area_km2": 15.39, "area_anomaly": 0.065, "area_anomaly_3mo": 0.086, "precip_12mo_anomaly": 0.282, "pred_gen_anomaly": 0.063, "pred_gen_anomaly_lo": -0.392, "pred_gen_anomaly_hi": 0.575, "pred_gen_anomaly_3mo": 0.103, "has_generation_truth": false, "confidence": "short residence time (weak area signal)", "match_method": "hydrolakes_pour"}}, {"type": "Feature", "geometry": {"type": "Point", "coordinates": [113.6749, 26.706]}, "properties": {"gww_id": 84419, "name": "Hunan Taoshui Hydro", "reservoir": "\u6d2e\u6c34\u6c34\u5e93", "country": "China", "iso3": "CHN", "capacity_mw": 69.0, "latest_month": "2026-03", "area_km2": 9.55, "area_anomaly": -0.101, "area_anomaly_3mo": -0.024, "precip_12mo_anomaly": -0.053, "pred_gen_anomaly": -0.105, "pred_gen_anomaly_lo": -0.631, "pred_gen_anomaly_hi": 0.418, "pred_gen_anomaly_3mo": -0.134, "has_generation_truth": false, "confidence": "unknown residence time", "match_method": "gww_polygon"}}, {"type": "Feature", "geometry": {"type": "Point", "coordinates": [80.5971, 7.0611]}, "properties": {"gww_id": 81563, "name": "Kotmale", "reservoir": null, "country": "Sri Lanka", "iso3": "LKA", "capacity_mw": 351.0, "latest_month": "2026-03", "area_km2": 3.12, "area_anomaly": -0.298, "area_anomaly_3mo": -0.249, "precip_12mo_anomaly": 0.441, "pred_gen_anomaly": 0.096, "pred_gen_anomaly_lo": -0.681, "pred_gen_anomaly_hi": 0.778, "pred_gen_anomaly_3mo": 0.241, "has_generation_truth": false, "confidence": "short residence time (weak area signal)", "match_method": "hydrolakes_pour"}}, {"type": "Feature", "geometry": {"type": "Point", "coordinates": [-87.3605, 13.6869]}, "properties": {"gww_id": 74795, "name": "Nacaome", "reservoir": null, "country": "Honduras", "iso3": "HND", "capacity_mw": 30.0, "latest_month": "2026-03", "area_km2": 1.03, "area_anomaly": -0.177, "area_anomaly_3mo": -0.116, "precip_12mo_anomaly": 0.137, "pred_gen_anomaly": 0.219, "pred_gen_anomaly_lo": -0.524, "pred_gen_anomaly_hi": 0.862, "pred_gen_anomaly_3mo": 0.155, "has_generation_truth": false, "confidence": "short residence time (weak area signal)", "match_method": "gww_polygon"}}, {"type": "Feature", "geometry": {"type": "Point", "coordinates": [98.5966, 14.799]}, "properties": {"gww_id": 90239, "name": "Vajiralongkorn", "reservoir": null, "country": "Thailand", "iso3": "THA", "capacity_mw": 300.0, "latest_month": "2026-03", "area_km2": 241.84, "area_anomaly": -0.093, "area_anomaly_3mo": -0.018, "precip_12mo_anomaly": 0.189, "pred_gen_anomaly": 0.233, "pred_gen_anomaly_lo": -0.415, "pred_gen_anomaly_hi": 0.9, "pred_gen_anomaly_3mo": 0.242, "has_generation_truth": false, "confidence": "carry-over storage (validated class)", "match_method": "hydrolakes_pour"}}, {"type": "Feature", "geometry": {"type": "Point", "coordinates": [79.4522, 36.8246]}, "properties": {"gww_id": 83779, "name": "Wuluwati Dam", "reservoir": null, "country": "China", "iso3": "CHN", "capacity_mw": 60.0, "latest_month": "2026-03", "area_km2": 7.86, "area_anomaly": 0.088, "area_anomaly_3mo": 0.065, "precip_12mo_anomaly": 0.258, "pred_gen_anomaly": -0.171, "pred_gen_anomaly_lo": -0.575, "pred_gen_anomaly_hi": 0.456, "pred_gen_anomaly_3mo": -0.126, "has_generation_truth": false, "confidence": "unknown residence time", "match_method": "gww_polygon"}}, {"type": "Feature", "geometry": {"type": "Point", "coordinates": [-78.8844, 9.1771]}, "properties": {"gww_id": 90173, "name": "Bayano Hydroelectric Power Plant Panama", "reservoir": null, "country": "Panama", "iso3": "PAN", "capacity_mw": 260.0, "latest_month": "2026-03", "area_km2": 247.17, "area_anomaly": -0.015, "area_anomaly_3mo": 0.016, "precip_12mo_anomaly": 0.012, "pred_gen_anomaly": 0.073, "pred_gen_anomaly_lo": -0.473, "pred_gen_anomaly_hi": 0.69, "pred_gen_anomaly_3mo": 0.015, "has_generation_truth": false, "confidence": "carry-over storage (validated class)", "match_method": "hydrolakes_pour"}}, {"type": "Feature", "geometry": {"type": "Point", "coordinates": [24.6307, 45.3667]}, "properties": {"gww_id": 82323, "name": "Hpp vidraru CORB12 - Vidraru Hydroelectric Power Station Romania", "reservoir": null, "country": "Romania", "iso3": "ROU", "capacity_mw": 220.0, "latest_month": "2026-03", "area_km2": 1.65, "area_anomaly": -0.717, "area_anomaly_3mo": -0.433, "precip_12mo_anomaly": 0.161, "pred_gen_anomaly": -0.278, "pred_gen_anomaly_lo": -0.893, "pred_gen_anomaly_hi": 0.211, "pred_gen_anomaly_3mo": -0.246, "has_generation_truth": false, "confidence": "short residence time (weak area signal)", "match_method": "hydrolakes_pour"}}, {"type": "Feature", "geometry": {"type": "Point", "coordinates": [120.0339, 28.1178]}, "properties": {"gww_id": 88746, "name": "Tangkeng", "reservoir": "\u6ee9\u5751\u6c34\u5e93", "country": "China", "iso3": "CHN", "capacity_mw": 600.0, "latest_month": "2026-03", "area_km2": 51.21, "area_anomaly": -0.079, "area_anomaly_3mo": -0.068, "precip_12mo_anomaly": -0.083, "pred_gen_anomaly": -0.205, "pred_gen_anomaly_lo": -0.555, "pred_gen_anomaly_hi": 0.103, "pred_gen_anomaly_3mo": -0.209, "has_generation_truth": false, "confidence": "unknown residence time", "match_method": "gww_polygon"}}, {"type": "Feature", "geometry": {"type": "Point", "coordinates": [102.621196, 19.356095]}, "properties": {"gww_id": 82751, "name": "Nam Ngum 5", "reservoir": "\u0ec0\u0e82\u0eb7\u0ec8\u0ead\u0e99\u0e99\u0ec9\u0eb3\u0e87\u0eb7\u0ec8\u0ea1 5", "country": "Laos", "iso3": "LAO", "capacity_mw": 120.0, "latest_month": "2026-03", "area_km2": 4.84, "area_anomaly": 0.26, "area_anomaly_3mo": 0.319, "precip_12mo_anomaly": 0.208, "pred_gen_anomaly": 0.45, "pred_gen_anomaly_lo": -0.363, "pred_gen_anomaly_hi": 0.888, "pred_gen_anomaly_3mo": 0.531, "has_generation_truth": false, "confidence": "unknown residence time", "match_method": "gww_polygon"}}, {"type": "Feature", "geometry": {"type": "Point", "coordinates": [102.94675, 18.437406]}, "properties": {"gww_id": 84795, "name": "Nam Leuk", "reservoir": null, "country": "Laos", "iso3": "LAO", "capacity_mw": 60.0, "latest_month": "2026-03", "area_km2": 9.51, "area_anomaly": -0.01, "area_anomaly_3mo": 0.015, "precip_12mo_anomaly": 0.271, "pred_gen_anomaly": 0.182, "pred_gen_anomaly_lo": -0.482, "pred_gen_anomaly_hi": 0.76, "pred_gen_anomaly_3mo": 0.244, "has_generation_truth": false, "confidence": "carry-over storage (validated class)", "match_method": "hydrolakes_pour"}}, {"type": "Feature", "geometry": {"type": "Point", "coordinates": [-122.358127, 41.975716]}, "properties": {"gww_id": 79492, "name": "Copco 2", "reservoir": "Copco Lake", "country": "USA", "iso3": "USA", "capacity_mw": 49.1, "latest_month": "2026-03", "area_km2": 0.34, "area_anomaly": -0.901, "area_anomaly_3mo": -0.892, "precip_12mo_anomaly": -0.17, "pred_gen_anomaly": -0.615, "pred_gen_anomaly_lo": -0.953, "pred_gen_anomaly_hi": -0.252, "pred_gen_anomaly_3mo": -0.584, "has_generation_truth": true, "confidence": "short residence time (weak area signal)", "match_method": "hydrolakes_pour"}}, {"type": "Feature", "geometry": {"type": "Point", "coordinates": [22.7156, 46.7889]}, "properties": {"gww_id": 76476, "name": "Dragan remeti Dragan (Remeti) Hydroelectric Power Station Romania - Dragan (Remeti) Hydroelectric Power Station Romania", "reservoir": null, "country": "Romania", "iso3": "ROU", "capacity_mw": 144.1, "latest_month": "2026-03", "area_km2": 2.0, "area_anomaly": -0.149, "area_anomaly_3mo": 0.016, "precip_12mo_anomaly": -0.077, "pred_gen_anomaly": -0.058, "pred_gen_anomaly_lo": -0.557, "pred_gen_anomaly_hi": 0.417, "pred_gen_anomaly_3mo": -0.016, "has_generation_truth": false, "confidence": "short residence time (weak area signal)", "match_method": "hydrolakes_pour"}}, {"type": "Feature", "geometry": {"type": "Point", "coordinates": [91.9003, 25.6593]}, "properties": {"gww_id": 83494, "name": "UMIAM I II &IV", "reservoir": "Umiam", "country": "India", "iso3": "IND", "capacity_mw": 96.0, "latest_month": "2026-03", "area_km2": 8.94, "area_anomaly": 0.225, "area_anomaly_3mo": 0.192, "precip_12mo_anomaly": 0.047, "pred_gen_anomaly": 0.222, "pred_gen_anomaly_lo": -0.484, "pred_gen_anomaly_hi": 1.072, "pred_gen_anomaly_3mo": 0.126, "has_generation_truth": false, "confidence": "short residence time (weak area signal)", "match_method": "hydrolakes_pour"}}, {"type": "Feature", "geometry": {"type": "Point", "coordinates": [102.776476, 18.755374]}, "properties": {"gww_id": 89219, "name": "Nam Ngum 2", "reservoir": "\u0ec0\u0e82\u0eb7\u0ec8\u0ead\u0e99\u0e99\u0ec9\u0eb3\u0e87\u0eb7\u0ec8\u0ea1 2", "country": "Laos", "iso3": "LAO", "capacity_mw": 615.0, "latest_month": "2026-03", "area_km2": 92.29, "area_anomaly": 0.089, "area_anomaly_3mo": 0.183, "precip_12mo_anomaly": 0.261, "pred_gen_anomaly": 0.2, "pred_gen_anomaly_lo": -0.235, "pred_gen_anomaly_hi": 0.695, "pred_gen_anomaly_3mo": 0.237, "has_generation_truth": false, "confidence": "unknown residence time", "match_method": "gww_polygon"}}, {"type": "Feature", "geometry": {"type": "Point", "coordinates": [103.283913, 19.243546]}, "properties": {"gww_id": 65228, "name": "Nam Ngiep 3A", "reservoir": "Nam Ngiep 2 Reservoir", "country": "Laos", "iso3": "LAO", "capacity_mw": 44.0, "latest_month": "2026-03", "area_km2": 1.2, "area_anomaly": 0.453, "area_anomaly_3mo": 0.539, "precip_12mo_anomaly": 0.271, "pred_gen_anomaly": 0.343, "pred_gen_anomaly_lo": -0.703, "pred_gen_anomaly_hi": 1.32, "pred_gen_anomaly_3mo": 0.398, "has_generation_truth": false, "confidence": "unknown residence time", "match_method": "gww_polygon"}}, {"type": "Feature", "geometry": {"type": "Point", "coordinates": [112.6917, 26.1019]}, "properties": {"gww_id": 87382, "name": "Hunan Guiyang County Datan", "reservoir": null, "country": "China", "iso3": "CHN", "capacity_mw": 30.0, "latest_month": "2026-03", "area_km2": 15.57, "area_anomaly": -0.101, "area_anomaly_3mo": -0.032, "precip_12mo_anomaly": 0.013, "pred_gen_anomaly": -0.118, "pred_gen_anomaly_lo": -0.598, "pred_gen_anomaly_hi": 0.4, "pred_gen_anomaly_3mo": -0.052, "has_generation_truth": false, "confidence": "short residence time (weak area signal)", "match_method": "hydrolakes_pour"}}, {"type": "Feature", "geometry": {"type": "Point", "coordinates": [-75.1398, 6.9394]}, "properties": {"gww_id": 79700, "name": "Porce III", "reservoir": "Porce III", "country": "Colombia", "iso3": "COL", "capacity_mw": 660.0, "latest_month": "2026-03", "area_km2": 3.2, "area_anomaly": 0.228, "area_anomaly_3mo": 0.182, "precip_12mo_anomaly": 0.111, "pred_gen_anomaly": 0.338, "pred_gen_anomaly_lo": -0.37, "pred_gen_anomaly_hi": 0.937, "pred_gen_anomaly_3mo": 0.361, "has_generation_truth": false, "confidence": "unknown residence time", "match_method": "gww_polygon"}}, {"type": "Feature", "geometry": {"type": "Point", "coordinates": [102.547577, 18.531068]}, "properties": {"gww_id": 90321, "name": "Nam Ngum 1", "reservoir": null, "country": "Laos", "iso3": "LAO", "capacity_mw": 155.0, "latest_month": "2026-04", "area_km2": 387.61, "area_anomaly": -0.047, "area_anomaly_3mo": -0.002, "precip_12mo_anomaly": 0.264, "pred_gen_anomaly": 0.19, "pred_gen_anomaly_lo": -0.416, "pred_gen_anomaly_hi": 0.801, "pred_gen_anomaly_3mo": 0.206, "has_generation_truth": false, "confidence": "carry-over storage (validated class)", "match_method": "hydrolakes_pour"}}, {"type": "Feature", "geometry": {"type": "Point", "coordinates": [102.1162, 18.7942]}, "properties": {"gww_id": 88132, "name": "Nam Lik 1-2", "reservoir": "Nam Lik Reservoir", "country": "Laos", "iso3": "LAO", "capacity_mw": 100.0, "latest_month": "2026-04", "area_km2": 36.0, "area_anomaly": 0.074, "area_anomaly_3mo": 0.023, "precip_12mo_anomaly": 0.291, "pred_gen_anomaly": 0.104, "pred_gen_anomaly_lo": -0.516, "pred_gen_anomaly_hi": 0.737, "pred_gen_anomaly_3mo": 0.16, "has_generation_truth": false, "confidence": "unknown residence time", "match_method": "gww_polygon"}}, {"type": "Feature", "geometry": {"type": "Point", "coordinates": [-90.491, 15.28]}, "properties": {"gww_id": 83545, "name": "Chixoy", "reservoir": null, "country": "Guatemala", "iso3": "GTM", "capacity_mw": 300.0, "latest_month": "2026-05", "area_km2": 5.95, "area_anomaly": 0.001, "area_anomaly_3mo": 0.054, "precip_12mo_anomaly": 0.169, "pred_gen_anomaly": 0.252, "pred_gen_anomaly_lo": -0.346, "pred_gen_anomaly_hi": 0.772, "pred_gen_anomaly_3mo": 0.269, "has_generation_truth": false, "confidence": "short residence time (weak area signal)", "match_method": "hydrolakes_pour"}}, {"type": "Feature", "geometry": {"type": "Point", "coordinates": [56.442, 53.05]}, "properties": {"gww_id": 86085, "name": "Yumaguzinskaya HPP", "reservoir": "\u041d\u0443\u0433\u0443\u0448\u0441\u043a\u043e\u0435 \u0432\u043e\u0434\u043e\u0445\u0440\u0430\u043d\u0438\u043b\u0438\u0449\u0435", "country": "Russia", "iso3": "RUS", "capacity_mw": 45.0, "latest_month": "2026-05", "area_km2": 22.37, "area_anomaly": 0.001, "area_anomaly_3mo": 0.012, "precip_12mo_anomaly": 0.038, "pred_gen_anomaly": -0.029, "pred_gen_anomaly_lo": -0.46, "pred_gen_anomaly_hi": 0.589, "pred_gen_anomaly_3mo": -0.007, "has_generation_truth": false, "confidence": "carry-over storage (validated class)", "match_method": "gww_polygon"}}, {"type": "Feature", "geometry": {"type": "Point", "coordinates": [-115.9233, 43.595]}, "properties": {"gww_id": 84600, "name": "Arrowrock Hydroelectric Project", "reservoir": "Arrowrock", "country": "USA", "iso3": "USA", "capacity_mw": 15.0, "latest_month": "2026-05", "area_km2": 10.28, "area_anomaly": 0.112, "area_anomaly_3mo": 0.094, "precip_12mo_anomaly": 0.043, "pred_gen_anomaly": 0.114, "pred_gen_anomaly_lo": -0.425, "pred_gen_anomaly_hi": 0.627, "pred_gen_anomaly_3mo": 0.112, "has_generation_truth": true, "confidence": "carry-over storage (validated class)", "match_method": "hydrolakes_pour"}}, {"type": "Feature", "geometry": {"type": "Point", "coordinates": [109.6054, -7.3927]}, "properties": {"gww_id": 82011, "name": "PB. Sudirman/Mrica", "reservoir": null, "country": "Indonesia", "iso3": "IDN", "capacity_mw": 180.9, "latest_month": "2026-05", "area_km2": 4.7, "area_anomaly": -0.035, "area_anomaly_3mo": -0.017, "precip_12mo_anomaly": 0.188, "pred_gen_anomaly": 0.156, "pred_gen_anomaly_lo": -0.416, "pred_gen_anomaly_hi": 0.759, "pred_gen_anomaly_3mo": 0.174, "has_generation_truth": false, "confidence": "short residence time (weak area signal)", "match_method": "hydrolakes_pour"}}, {"type": "Feature", "geometry": {"type": "Point", "coordinates": [125.8124, 39.662]}, "properties": {"gww_id": 85774, "name": "Huichon", "reservoir": null, "country": "North Korea", "iso3": "PRK", "capacity_mw": 300.0, "latest_month": "2026-05", "area_km2": 15.43, "area_anomaly": 0.119, "area_anomaly_3mo": 0.055, "precip_12mo_anomaly": 0.241, "pred_gen_anomaly": 0.205, "pred_gen_anomaly_lo": -0.254, "pred_gen_anomaly_hi": 0.801, "pred_gen_anomaly_3mo": 0.275, "has_generation_truth": false, "confidence": "carry-over storage (validated class)", "match_method": "hydrolakes_pour"}}, {"type": "Feature", "geometry": {"type": "Point", "coordinates": [80.79972222, 6.67916667]}, "properties": {"gww_id": 82017, "name": "Samanala", "reservoir": null, "country": "Sri Lanka", "iso3": "LKA", "capacity_mw": 124.0, "latest_month": "2026-05", "area_km2": 5.28, "area_anomaly": 0.081, "area_anomaly_3mo": 0.122, "precip_12mo_anomaly": 0.358, "pred_gen_anomaly": 0.195, "pred_gen_anomaly_lo": -0.439, "pred_gen_anomaly_hi": 0.818, "pred_gen_anomaly_3mo": 0.278, "has_generation_truth": false, "confidence": "short residence time (weak area signal)", "match_method": "hydrolakes_pour"}}, {"type": "Feature", "geometry": {"type": "Point", "coordinates": [-72.8783, 47.7521]}, "properties": {"gww_id": 85764, "name": "Trenche", "reservoir": null, "country": "Canada", "iso3": "CAN", "capacity_mw": 302.0, "latest_month": "2026-05", "area_km2": 14.26, "area_anomaly": -0.042, "area_anomaly_3mo": -0.013, "precip_12mo_anomaly": 0.115, "pred_gen_anomaly": 0.16, "pred_gen_anomaly_lo": -0.159, "pred_gen_anomaly_hi": 0.502, "pred_gen_anomaly_3mo": 0.118, "has_generation_truth": false, "confidence": "short residence time (weak area signal)", "match_method": "gww_polygon"}}, {"type": "Feature", "geometry": {"type": "Point", "coordinates": [-121.247729, 44.724242]}, "properties": {"gww_id": 61629, "name": "Warm Springs Power Enterprises", "reservoir": "Pelton Regulating Reservoir", "country": "USA", "iso3": "USA", "capacity_mw": 19.6, "latest_month": "2026-05", "area_km2": 0.52, "area_anomaly": 0.05, "area_anomaly_3mo": 0.02, "precip_12mo_anomaly": -0.184, "pred_gen_anomaly": -0.185, "pred_gen_anomaly_lo": -0.538, "pred_gen_anomaly_hi": 0.089, "pred_gen_anomaly_3mo": -0.184, "has_generation_truth": true, "confidence": "unknown residence time", "match_method": "gww_polygon"}}, {"type": "Feature", "geometry": {"type": "Point", "coordinates": [-68.5453, 45.6072]}, "properties": {"gww_id": 81888, "name": "Medway Hydro", "reservoir": "Weldon", "country": "USA", "iso3": "USA", "capacity_mw": 4.0, "latest_month": "2026-05", "area_km2": 4.79, "area_anomaly": -0.007, "area_anomaly_3mo": 0.009, "precip_12mo_anomaly": -0.08, "pred_gen_anomaly": 0.065, "pred_gen_anomaly_lo": -0.417, "pred_gen_anomaly_hi": 0.508, "pred_gen_anomaly_3mo": -0.045, "has_generation_truth": true, "confidence": "unknown residence time", "match_method": "gww_polygon"}}, {"type": "Feature", "geometry": {"type": "Point", "coordinates": [-92.8941, 34.4272]}, "properties": {"gww_id": 83058, "name": "Remmel", "reservoir": "Lake Catherine", "country": "USA", "iso3": "USA", "capacity_mw": 9.0, "latest_month": "2026-05", "area_km2": 5.25, "area_anomaly": -0.02, "area_anomaly_3mo": -0.019, "precip_12mo_anomaly": -0.212, "pred_gen_anomaly": -0.38, "pred_gen_anomaly_lo": -0.739, "pred_gen_anomaly_hi": 0.162, "pred_gen_anomaly_3mo": -0.399, "has_generation_truth": true, "confidence": "short residence time (weak area signal)", "match_method": "hydrolakes_pour"}}, {"type": "Feature", "geometry": {"type": "Point", "coordinates": [-120.594678, 37.611461]}, "properties": {"gww_id": 84011, "name": "Turlock Lake", "reservoir": null, "country": "USA", "iso3": "USA", "capacity_mw": 3.3, "latest_month": "2026-05", "area_km2": 10.13, "area_anomaly": 0.067, "area_anomaly_3mo": -0.013, "precip_12mo_anomaly": -0.083, "pred_gen_anomaly": -0.141, "pred_gen_anomaly_lo": -0.938, "pred_gen_anomaly_hi": 0.711, "pred_gen_anomaly_3mo": -0.139, "has_generation_truth": true, "confidence": "carry-over storage (validated class)", "match_method": "hydrolakes_pour"}}, {"type": "Feature", "geometry": {"type": "Point", "coordinates": [5.66556, 46.39734]}, "properties": {"gww_id": 85750, "name": "Vouglans VOUGLANS - Vouglans Hydroelectric Power Station France", "reservoir": null, "country": "France", "iso3": "FRA", "capacity_mw": 285.0, "latest_month": "2026-05", "area_km2": 14.31, "area_anomaly": -0.027, "area_anomaly_3mo": -0.007, "precip_12mo_anomaly": 0.027, "pred_gen_anomaly": -0.163, "pred_gen_anomaly_lo": -0.477, "pred_gen_anomaly_hi": 0.251, "pred_gen_anomaly_3mo": 0.016, "has_generation_truth": false, "confidence": "carry-over storage (validated class)", "match_method": "hydrolakes_pour"}}, {"type": "Feature", "geometry": {"type": "Point", "coordinates": [-80.89061, 38.21921]}, "properties": {"gww_id": 84008, "name": "Gauley River Power Partners", "reservoir": "Summersville Lake", "country": "USA", "iso3": "USA", "capacity_mw": 80.0, "latest_month": "2026-05", "area_km2": 8.94, "area_anomaly": 0.063, "area_anomaly_3mo": 0.236, "precip_12mo_anomaly": -0.063, "pred_gen_anomaly": 0.082, "pred_gen_anomaly_lo": -0.454, "pred_gen_anomaly_hi": 0.698, "pred_gen_anomaly_3mo": 0.109, "has_generation_truth": true, "confidence": "carry-over storage (validated class)", "match_method": "hydrolakes_pour"}}, {"type": "Feature", "geometry": {"type": "Point", "coordinates": [-116.053056, 48.084444]}, "properties": {"gww_id": 85304, "name": "Cabinet Gorge", "reservoir": "Cabinet Gorge Reservoir", "country": "USA", "iso3": "USA", "capacity_mw": 265.2, "latest_month": "2026-05", "area_km2": 12.29, "area_anomaly": 0.093, "area_anomaly_3mo": -0.034, "precip_12mo_anomaly": -0.021, "pred_gen_anomaly": 0.007, "pred_gen_anomaly_lo": -0.327, "pred_gen_anomaly_hi": 0.364, "pred_gen_anomaly_3mo": 0.012, "has_generation_truth": true, "confidence": "unknown residence time", "match_method": "gww_polygon"}}, {"type": "Feature", "geometry": {"type": "Point", "coordinates": [-83.440722, 44.435381]}, "properties": {"gww_id": 82939, "name": "Foote", "reservoir": null, "country": "USA", "iso3": "USA", "capacity_mw": 9.0, "latest_month": "2026-05", "area_km2": 6.32, "area_anomaly": -0.0, "area_anomaly_3mo": 0.039, "precip_12mo_anomaly": 0.048, "pred_gen_anomaly": 0.172, "pred_gen_anomaly_lo": -0.344, "pred_gen_anomaly_hi": 0.534, "pred_gen_anomaly_3mo": 0.073, "has_generation_truth": true, "confidence": "short residence time (weak area signal)", "match_method": "hydrolakes_pour"}}, {"type": "Feature", "geometry": {"type": "Point", "coordinates": [-121.316966, 39.048802]}, "properties": {"gww_id": 83082, "name": "Camp Far West", "reservoir": null, "country": "USA", "iso3": "USA", "capacity_mw": 7.2, "latest_month": "2026-05", "area_km2": 6.76, "area_anomaly": 0.093, "area_anomaly_3mo": 0.089, "precip_12mo_anomaly": -0.063, "pred_gen_anomaly": -0.16, "pred_gen_anomaly_lo": -0.717, "pred_gen_anomaly_hi": 0.39, "pred_gen_anomaly_3mo": -0.044, "has_generation_truth": true, "confidence": "short residence time (weak area signal)", "match_method": "hydrolakes_pour"}}, {"type": "Feature", "geometry": {"type": "Point", "coordinates": [111.3, 39.4208]}, "properties": {"gww_id": 84627, "name": "Longkou", "reservoir": "\u9f99\u53e3\u6c34\u5e93", "country": "China", "iso3": "CHN", "capacity_mw": 420.0, "latest_month": "2026-05", "area_km2": 10.24, "area_anomaly": 0.114, "area_anomaly_3mo": 0.088, "precip_12mo_anomaly": 0.404, "pred_gen_anomaly": 0.112, "pred_gen_anomaly_lo": -0.308, "pred_gen_anomaly_hi": 0.672, "pred_gen_anomaly_3mo": 0.103, "has_generation_truth": false, "confidence": "unknown residence time", "match_method": "gww_polygon"}}, {"type": "Feature", "geometry": {"type": "Point", "coordinates": [40.17655278, 38.23083889]}, "properties": {"gww_id": 85759, "name": "Dicle Dam", "reservoir": null, "country": "Turkey", "iso3": "TUR", "capacity_mw": 110.0, "latest_month": "2026-05", "area_km2": 17.33, "area_anomaly": 0.038, "area_anomaly_3mo": 0.074, "precip_12mo_anomaly": 0.441, "pred_gen_anomaly": 0.862, "pred_gen_anomaly_lo": -0.131, "pred_gen_anomaly_hi": 1.655, "pred_gen_anomaly_3mo": 0.767, "has_generation_truth": false, "confidence": "carry-over storage (validated class)", "match_method": "hydrolakes_pour"}}, {"type": "Feature", "geometry": {"type": "Point", "coordinates": [-88.7579, 13.9908]}, "properties": {"gww_id": 83043, "name": "Cinco de Noviembre Hydroelectric Power Plant El Salvador", "reservoir": null, "country": "El Salvador", "iso3": "SLV", "capacity_mw": 99.4, "latest_month": "2026-05", "area_km2": 6.09, "area_anomaly": -0.02, "area_anomaly_3mo": -0.011, "precip_12mo_anomaly": -0.074, "pred_gen_anomaly": -0.293, "pred_gen_anomaly_lo": -0.747, "pred_gen_anomaly_hi": 0.348, "pred_gen_anomaly_3mo": -0.144, "has_generation_truth": false, "confidence": "short residence time (weak area signal)", "match_method": "hydrolakes_pour"}}, {"type": "Feature", "geometry": {"type": "Point", "coordinates": [-84.282222, 34.883889]}, "properties": {"gww_id": 85320, "name": "Blue Ridge", "reservoir": "Lake Toccoa", "country": "USA", "iso3": "USA", "capacity_mw": 23.5, "latest_month": "2026-05", "area_km2": 11.98, "area_anomaly": 0.029, "area_anomaly_3mo": 0.022, "precip_12mo_anomaly": -0.108, "pred_gen_anomaly": -0.14, "pred_gen_anomaly_lo": -0.621, "pred_gen_anomaly_hi": 0.371, "pred_gen_anomaly_3mo": -0.194, "has_generation_truth": true, "confidence": "carry-over storage (validated class)", "match_method": "hydrolakes_pour"}}, {"type": "Feature", "geometry": {"type": "Point", "coordinates": [-118.6092, 34.5148]}, "properties": {"gww_id": 83543, "name": "Foothill Feeder", "reservoir": null, "country": "USA", "iso3": "USA", "capacity_mw": 10.0, "latest_month": "2026-05", "area_km2": 7.98, "area_anomaly": 0.031, "area_anomaly_3mo": 0.018, "precip_12mo_anomaly": 0.108, "pred_gen_anomaly": -0.024, "pred_gen_anomaly_lo": -0.845, "pred_gen_anomaly_hi": 0.616, "pred_gen_anomaly_3mo": 0.069, "has_generation_truth": true, "confidence": "carry-over storage (validated class)", "match_method": "hydrolakes_pour"}}, {"type": "Feature", "geometry": {"type": "Point", "coordinates": [-121.1287, 46.658]}, "properties": {"gww_id": 83902, "name": "Tieton Dam Hydro Electric Project", "reservoir": "Rimrock", "country": "USA", "iso3": "USA", "capacity_mw": 13.8, "latest_month": "2026-05", "area_km2": 9.85, "area_anomaly": 0.076, "area_anomaly_3mo": 0.067, "precip_12mo_anomaly": -0.097, "pred_gen_anomaly": 0.015, "pred_gen_anomaly_lo": -0.463, "pred_gen_anomaly_hi": 0.469, "pred_gen_anomaly_3mo": -0.044, "has_generation_truth": true, "confidence": "carry-over storage (validated class)", "match_method": "gww_polygon"}}, {"type": "Feature", "geometry": {"type": "Point", "coordinates": [-83.8414, 33.3]}, "properties": {"gww_id": 85369, "name": "Lloyd Shoals", "reservoir": "Jackson Lake", "country": "USA", "iso3": "USA", "capacity_mw": 14.4, "latest_month": "2026-05", "area_km2": 10.04, "area_anomaly": 0.003, "area_anomaly_3mo": -0.007, "precip_12mo_anomaly": -0.118, "pred_gen_anomaly": -0.215, "pred_gen_anomaly_lo": -0.66, "pred_gen_anomaly_hi": 0.215, "pred_gen_anomaly_3mo": -0.293, "has_generation_truth": true, "confidence": "short residence time (weak area signal)", "match_method": "hydrolakes_pour"}}, {"type": "Feature", "geometry": {"type": "Point", "coordinates": [20.046481, 64.933513]}, "properties": {"gww_id": 82429, "name": "Rengard", "reservoir": null, "country": "Sweden", "iso3": "SWE", "capacity_mw": 36.0, "latest_month": "2026-05", "area_km2": 5.03, "area_anomaly": -0.008, "area_anomaly_3mo": -0.076, "precip_12mo_anomaly": 0.185, "pred_gen_anomaly": 0.088, "pred_gen_anomaly_lo": -0.364, "pred_gen_anomaly_hi": 0.602, "pred_gen_anomaly_3mo": 0.145, "has_generation_truth": false, "confidence": "unknown residence time", "match_method": "gww_polygon"}}, {"type": "Feature", "geometry": {"type": "Point", "coordinates": [-122.5494, 44.4494]}, "properties": {"gww_id": 85308, "name": "Green Peter", "reservoir": "Green Peter Lake", "country": "USA", "iso3": "USA", "capacity_mw": 80.0, "latest_month": "2026-05", "area_km2": 12.18, "area_anomaly": -0.069, "area_anomaly_3mo": -0.044, "precip_12mo_anomaly": -0.13, "pred_gen_anomaly": -0.247, "pred_gen_anomaly_lo": -0.619, "pred_gen_anomaly_hi": 0.09, "pred_gen_anomaly_3mo": -0.271, "has_generation_truth": true, "confidence": "carry-over storage (validated class)", "match_method": "hydrolakes_pour"}}, {"type": "Feature", "geometry": {"type": "Point", "coordinates": [6.817814, 58.881373]}, "properties": {"gww_id": 83016, "name": "Tj\u00c3\u00b8rhom", "reservoir": "Valevatn", "country": "Norway", "iso3": "NOR", "capacity_mw": 120.0, "latest_month": "2026-05", "area_km2": 7.63, "area_anomaly": 0.19, "area_anomaly_3mo": 0.22, "precip_12mo_anomaly": -0.008, "pred_gen_anomaly": 0.105, "pred_gen_anomaly_lo": -0.357, "pred_gen_anomaly_hi": 0.609, "pred_gen_anomaly_3mo": 0.1, "has_generation_truth": false, "confidence": "short residence time (weak area signal)", "match_method": "hydrolakes_pour"}}, {"type": "Feature", "geometry": {"type": "Point", "coordinates": [25.125, 66.155998]}, "properties": {"gww_id": 83976, "name": "Ossauskoski", "reservoir": null, "country": "Finland", "iso3": "FIN", "capacity_mw": 124.0, "latest_month": "2026-05", "area_km2": 9.33, "area_anomaly": 0.01, "area_anomaly_3mo": 0.005, "precip_12mo_anomaly": 0.266, "pred_gen_anomaly": 0.096, "pred_gen_anomaly_lo": -0.288, "pred_gen_anomaly_hi": 0.424, "pred_gen_anomaly_3mo": 0.192, "has_generation_truth": false, "confidence": "short residence time (weak area signal)", "match_method": "hydrolakes_pour"}}, {"type": "Feature", "geometry": {"type": "Point", "coordinates": [-119.703451, 36.997694]}, "properties": {"gww_id": 86093, "name": "Friant Hydro Facility", "reservoir": "Millerton Lake", "country": "USA", "iso3": "USA", "capacity_mw": 37.9, "latest_month": "2026-05", "area_km2": 18.15, "area_anomaly": 0.194, "area_anomaly_3mo": 0.126, "precip_12mo_anomaly": 0.006, "pred_gen_anomaly": -0.07, "pred_gen_anomaly_lo": -0.752, "pred_gen_anomaly_hi": 0.67, "pred_gen_anomaly_3mo": 0.06, "has_generation_truth": true, "confidence": "carry-over storage (validated class)", "match_method": "hydrolakes_pour"}}, {"type": "Feature", "geometry": {"type": "Point", "coordinates": [20.3267659, 49.4099645]}, "properties": {"gww_id": 83914, "name": "Niedzica Niedzica Pumped Storage Power Plant Poland - Niedzica Pumped Storage Power Plant Poland", "reservoir": "Jezioro Czorsztynskie", "country": "Poland", "iso3": "POL", "capacity_mw": 92.0, "latest_month": "2026-05", "area_km2": 10.0, "area_anomaly": 0.009, "area_anomaly_3mo": 0.008, "precip_12mo_anomaly": -0.146, "pred_gen_anomaly": -0.191, "pred_gen_anomaly_lo": -0.529, "pred_gen_anomaly_hi": 0.128, "pred_gen_anomaly_3mo": -0.137, "has_generation_truth": false, "confidence": "carry-over storage (validated class)", "match_method": "hydrolakes_pour"}}, {"type": "Feature", "geometry": {"type": "Point", "coordinates": [20.8259525, 66.2682205]}, "properties": {"gww_id": 84009, "name": "Laxede Laxede Hydroelectric Power Station Sweden - Laxede Hydroelectric Power Station Sweden", "reservoir": null, "country": "Sweden", "iso3": "SWE", "capacity_mw": 207.0, "latest_month": "2026-05", "area_km2": 8.85, "area_anomaly": -0.016, "area_anomaly_3mo": -0.083, "precip_12mo_anomaly": 0.186, "pred_gen_anomaly": 0.076, "pred_gen_anomaly_lo": -0.349, "pred_gen_anomaly_hi": 0.507, "pred_gen_anomaly_3mo": 0.084, "has_generation_truth": false, "confidence": "unknown residence time", "match_method": "gww_polygon"}}, {"type": "Feature", "geometry": {"type": "Point", "coordinates": [-89.7342, 45.4431]}, "properties": {"gww_id": 83943, "name": "Packaging of America Tomahawk Mill", "reservoir": null, "country": "USA", "iso3": "USA", "capacity_mw": 5.6, "latest_month": "2026-05", "area_km2": 7.55, "area_anomaly": 0.006, "area_anomaly_3mo": 0.08, "precip_12mo_anomaly": 0.084, "pred_gen_anomaly": 0.058, "pred_gen_anomaly_lo": -0.485, "pred_gen_anomaly_hi": 0.498, "pred_gen_anomaly_3mo": -0.001, "has_generation_truth": true, "confidence": "short residence time (weak area signal)", "match_method": "gww_polygon"}}, {"type": "Feature", "geometry": {"type": "Point", "coordinates": [-79.368214, 39.801637]}, "properties": {"gww_id": 84595, "name": "Yough Hydro Power", "reservoir": "Youghiogheny River Lake", "country": "USA", "iso3": "USA", "capacity_mw": 12.2, "latest_month": "2026-05", "area_km2": 10.47, "area_anomaly": 0.001, "area_anomaly_3mo": -0.018, "precip_12mo_anomaly": -0.073, "pred_gen_anomaly": -0.099, "pred_gen_anomaly_lo": -0.594, "pred_gen_anomaly_hi": 0.376, "pred_gen_anomaly_3mo": -0.125, "has_generation_truth": true, "confidence": "carry-over storage (validated class)", "match_method": "hydrolakes_pour"}}, {"type": "Feature", "geometry": {"type": "Point", "coordinates": [-82.1649, 50.0036]}, "properties": {"gww_id": 85331, "name": "Little Long", "reservoir": null, "country": "Canada", "iso3": "CAN", "capacity_mw": 205.0, "latest_month": "2026-05", "area_km2": 10.57, "area_anomaly": -0.292, "area_anomaly_3mo": -0.096, "precip_12mo_anomaly": 0.387, "pred_gen_anomaly": 0.508, "pred_gen_anomaly_lo": -0.174, "pred_gen_anomaly_hi": 0.799, "pred_gen_anomaly_3mo": 0.281, "has_generation_truth": false, "confidence": "short residence time (weak area signal)", "match_method": "hydrolakes_pour"}}, {"type": "Feature", "geometry": {"type": "Point", "coordinates": [-122.7531, 43.9153]}, "properties": {"gww_id": 85330, "name": "Lookout Point", "reservoir": "Lookout Point Lake", "country": "USA", "iso3": "USA", "capacity_mw": 120.0, "latest_month": "2026-05", "area_km2": 14.47, "area_anomaly": 0.017, "area_anomaly_3mo": -0.018, "precip_12mo_anomaly": -0.133, "pred_gen_anomaly": -0.167, "pred_gen_anomaly_lo": -0.566, "pred_gen_anomaly_hi": 0.17, "pred_gen_anomaly_3mo": -0.182, "has_generation_truth": true, "confidence": "short residence time (weak area signal)", "match_method": "hydrolakes_pour"}}, {"type": "Feature", "geometry": {"type": "Point", "coordinates": [127.13, 42.95]}, "properties": {"gww_id": 84631, "name": "Hongshi", "reservoir": null, "country": "China", "iso3": "CHN", "capacity_mw": 200.0, "latest_month": "2026-05", "area_km2": 9.2, "area_anomaly": -0.035, "area_anomaly_3mo": 0.013, "precip_12mo_anomaly": 0.101, "pred_gen_anomaly": 0.082, "pred_gen_anomaly_lo": -0.268, "pred_gen_anomaly_hi": 0.396, "pred_gen_anomaly_3mo": 0.134, "has_generation_truth": false, "confidence": "short residence time (weak area signal)", "match_method": "hydrolakes_pour"}}, {"type": "Feature", "geometry": {"type": "Point", "coordinates": [-120.8507, 38.2569]}, "properties": {"gww_id": 83576, "name": "Pardee", "reservoir": null, "country": "USA", "iso3": "USA", "capacity_mw": 23.6, "latest_month": "2026-05", "area_km2": 8.08, "area_anomaly": 0.035, "area_anomaly_3mo": 0.02, "precip_12mo_anomaly": -0.049, "pred_gen_anomaly": -0.252, "pred_gen_anomaly_lo": -0.757, "pred_gen_anomaly_hi": 0.298, "pred_gen_anomaly_3mo": -0.137, "has_generation_truth": true, "confidence": "carry-over storage (validated class)", "match_method": "hydrolakes_pour"}}, {"type": "Feature", "geometry": {"type": "Point", "coordinates": [19.2891, 43.7603]}, "properties": {"gww_id": 83575, "name": "Visegrad Hydroelectric Power Plant Bosnia and Herzegovina", "reservoir": null, "country": "Bosnia and Herzegovina", "iso3": "BIH", "capacity_mw": 315.0, "latest_month": "2026-05", "area_km2": 5.84, "area_anomaly": 0.011, "area_anomaly_3mo": 0.007, "precip_12mo_anomaly": 0.124, "pred_gen_anomaly": 0.149, "pred_gen_anomaly_lo": -0.134, "pred_gen_anomaly_hi": 0.427, "pred_gen_anomaly_3mo": 0.217, "has_generation_truth": false, "confidence": "short residence time (weak area signal)", "match_method": "hydrolakes_pour"}}, {"type": "Feature", "geometry": {"type": "Point", "coordinates": [-85.634063, 35.806732]}, "properties": {"gww_id": 82980, "name": "Great Falls (TN)", "reservoir": "Great Falls Lake", "country": "USA", "iso3": "USA", "capacity_mw": 33.7, "latest_month": "2026-05", "area_km2": 3.79, "area_anomaly": 0.039, "area_anomaly_3mo": 0.012, "precip_12mo_anomaly": -0.119, "pred_gen_anomaly": -0.168, "pred_gen_anomaly_lo": -0.599, "pred_gen_anomaly_hi": 0.292, "pred_gen_anomaly_3mo": -0.254, "has_generation_truth": true, "confidence": "short residence time (weak area signal)", "match_method": "hydrolakes_pour"}}, {"type": "Feature", "geometry": {"type": "Point", "coordinates": [-104.72, 38.27]}, "properties": {"gww_id": 86096, "name": "James W. Broderick Hydropower Plant", "reservoir": "Pueblo", "country": "USA", "iso3": "USA", "capacity_mw": 7.5, "latest_month": "2026-05", "area_km2": 15.34, "area_anomaly": 0.055, "area_anomaly_3mo": 0.051, "precip_12mo_anomaly": 0.078, "pred_gen_anomaly": -0.024, "pred_gen_anomaly_lo": -0.635, "pred_gen_anomaly_hi": 0.635, "pred_gen_anomaly_3mo": -0.018, "has_generation_truth": true, "confidence": "carry-over storage (validated class)", "match_method": "hydrolakes_pour"}}, {"type": "Feature", "geometry": {"type": "Point", "coordinates": [-114.3569, 43.2547]}, "properties": {"gww_id": 85314, "name": "Magic Dam Hydroelectric Project", "reservoir": null, "country": "USA", "iso3": "USA", "capacity_mw": 9.0, "latest_month": "2026-05", "area_km2": 7.76, "area_anomaly": -0.36, "area_anomaly_3mo": -0.389, "precip_12mo_anomaly": 0.083, "pred_gen_anomaly": -0.359, "pred_gen_anomaly_lo": -1.053, "pred_gen_anomaly_hi": 0.297, "pred_gen_anomaly_3mo": -0.297, "has_generation_truth": true, "confidence": "carry-over storage (validated class)", "match_method": "hydrolakes_pour"}}, {"type": "Feature", "geometry": {"type": "Point", "coordinates": [100.29, 27.68]}, "properties": {"gww_id": 82442, "name": "Liyuan", "reservoir": "\u68a8\u56ed\u6c34\u5e93", "country": "China", "iso3": "CHN", "capacity_mw": 2400.0, "latest_month": "2026-05", "area_km2": 6.43, "area_anomaly": 0.283, "area_anomaly_3mo": 0.409, "precip_12mo_anomaly": -0.036, "pred_gen_anomaly": 0.412, "pred_gen_anomaly_lo": -0.303, "pred_gen_anomaly_hi": 1.053, "pred_gen_anomaly_3mo": 0.415, "has_generation_truth": false, "confidence": "unknown residence time", "match_method": "gww_polygon"}}, {"type": "Feature", "geometry": {"type": "Point", "coordinates": [-122.3102, 46.8016]}, "properties": {"gww_id": 84617, "name": "Alder", "reservoir": "La Grande Reservoir", "country": "USA", "iso3": "USA", "capacity_mw": 51.0, "latest_month": "2026-05", "area_km2": 11.46, "area_anomaly": 0.049, "area_anomaly_3mo": 0.035, "precip_12mo_anomaly": -0.092, "pred_gen_anomaly": -0.005, "pred_gen_anomaly_lo": -0.462, "pred_gen_anomaly_hi": 0.366, "pred_gen_anomaly_3mo": -0.079, "has_generation_truth": true, "confidence": "short residence time (weak area signal)", "match_method": "gww_polygon"}}, {"type": "Feature", "geometry": {"type": "Point", "coordinates": [-84.7028, 37.7864]}, "properties": {"gww_id": 85333, "name": "Dix Dam", "reservoir": null, "country": "USA", "iso3": "USA", "capacity_mw": 28.2, "latest_month": "2026-05", "area_km2": 7.29, "area_anomaly": -0.093, "area_anomaly_3mo": -0.024, "precip_12mo_anomaly": -0.064, "pred_gen_anomaly": -0.101, "pred_gen_anomaly_lo": -0.603, "pred_gen_anomaly_hi": 0.448, "pred_gen_anomaly_3mo": -0.15, "has_generation_truth": true, "confidence": "carry-over storage (validated class)", "match_method": "hydrolakes_pour"}}, {"type": "Feature", "geometry": {"type": "Point", "coordinates": [-121.995, 55.9826]}, "properties": {"gww_id": 84015, "name": "Peace Canyon", "reservoir": null, "country": "Canada", "iso3": "CAN", "capacity_mw": 694.0, "latest_month": "2026-05", "area_km2": 8.62, "area_anomaly": -0.009, "area_anomaly_3mo": 0.057, "precip_12mo_anomaly": 0.228, "pred_gen_anomaly": 0.193, "pred_gen_anomaly_lo": -0.176, "pred_gen_anomaly_hi": 0.491, "pred_gen_anomaly_3mo": 0.229, "has_generation_truth": false, "confidence": "short residence time (weak area signal)", "match_method": "hydrolakes_pour"}}, {"type": "Feature", "geometry": {"type": "Point", "coordinates": [-79.4541, 47.1389]}, "properties": {"gww_id": 85319, "name": "Lower Notch", "reservoir": null, "country": "Canada", "iso3": "CAN", "capacity_mw": 274.0, "latest_month": "2026-05", "area_km2": 11.76, "area_anomaly": 0.032, "area_anomaly_3mo": 0.066, "precip_12mo_anomaly": 0.3, "pred_gen_anomaly": 0.391, "pred_gen_anomaly_lo": -0.115, "pred_gen_anomaly_hi": 0.735, "pred_gen_anomaly_3mo": 0.269, "has_generation_truth": false, "confidence": "short residence time (weak area signal)", "match_method": "hydrolakes_pour"}}, {"type": "Feature", "geometry": {"type": "Point", "coordinates": [-75.4178, 45.5844]}, "properties": {"gww_id": 62492, "name": "Dufferin", "reservoir": null, "country": "Canada", "iso3": "CAN", "capacity_mw": 40.6, "latest_month": "2026-05", "area_km2": 0.57, "area_anomaly": 0.028, "area_anomaly_3mo": 0.021, "precip_12mo_anomaly": 0.049, "pred_gen_anomaly": 0.136, "pred_gen_anomaly_lo": -0.284, "pred_gen_anomaly_hi": 0.556, "pred_gen_anomaly_3mo": -0.042, "has_generation_truth": false, "confidence": "unknown residence time", "match_method": "gww_polygon"}}, {"type": "Feature", "geometry": {"type": "Point", "coordinates": [7.150454, 61.27795]}, "properties": {"gww_id": 81862, "name": "\u00c3\u0085r\u00c3\u00b8y", "reservoir": "Langholmen", "country": "Norway", "iso3": "NOR", "capacity_mw": 90.0, "latest_month": "2026-05", "area_km2": 6.12, "area_anomaly": -0.016, "area_anomaly_3mo": -0.0, "precip_12mo_anomaly": -0.209, "pred_gen_anomaly": -0.125, "pred_gen_anomaly_lo": -0.482, "pred_gen_anomaly_hi": 0.295, "pred_gen_anomaly_3mo": -0.151, "has_generation_truth": false, "confidence": "unknown residence time", "match_method": "gww_polygon"}}, {"type": "Feature", "geometry": {"type": "Point", "coordinates": [19.6359, 42.0137]}, "properties": {"gww_id": 86140, "name": "Vau i Dijes", "reservoir": "Vau-Dejes Reservoir", "country": "Albania", "iso3": "ALB", "capacity_mw": 250.0, "latest_month": "2026-05", "area_km2": 17.74, "area_anomaly": 0.002, "area_anomaly_3mo": 0.005, "precip_12mo_anomaly": 0.314, "pred_gen_anomaly": 0.377, "pred_gen_anomaly_lo": -0.099, "pred_gen_anomaly_hi": 0.703, "pred_gen_anomaly_3mo": 0.393, "has_generation_truth": false, "confidence": "short residence time (weak area signal)", "match_method": "hydrolakes_pour"}}, {"type": "Feature", "geometry": {"type": "Point", "coordinates": [-79.413, 39.523]}, "properties": {"gww_id": 86094, "name": "Deep Creek", "reservoir": null, "country": "USA", "iso3": "USA", "capacity_mw": 20.0, "latest_month": "2026-05", "area_km2": 13.84, "area_anomaly": -0.058, "area_anomaly_3mo": 0.004, "precip_12mo_anomaly": -0.073, "pred_gen_anomaly": -0.085, "pred_gen_anomaly_lo": -0.64, "pred_gen_anomaly_hi": 0.356, "pred_gen_anomaly_3mo": -0.032, "has_generation_truth": true, "confidence": "carry-over storage (validated class)", "match_method": "hydrolakes_pour"}}, {"type": "Feature", "geometry": {"type": "Point", "coordinates": [114.0322, 57.8092]}, "properties": {"gww_id": 83970, "name": "Mamakanskaya HPP", "reservoir": "\u041c\u0430\u043c\u0430\u043a\u0430\u043d\u0441\u043a\u0430\u044f \u0413\u042d\u0421", "country": "Russia", "iso3": "RUS", "capacity_mw": 86.0, "latest_month": "2026-05", "area_km2": 9.89, "area_anomaly": 0.077, "area_anomaly_3mo": 0.033, "precip_12mo_anomaly": 0.003, "pred_gen_anomaly": 0.027, "pred_gen_anomaly_lo": -0.335, "pred_gen_anomaly_hi": 0.332, "pred_gen_anomaly_3mo": 0.051, "has_generation_truth": false, "confidence": "short residence time (weak area signal)", "match_method": "gww_polygon"}}, {"type": "Feature", "geometry": {"type": "Point", "coordinates": [17.41638889, 60.53111111]}, "properties": {"gww_id": 85601, "name": "Lanforsen", "reservoir": null, "country": "Sweden", "iso3": "SWE", "capacity_mw": 44.0, "latest_month": "2026-05", "area_km2": 14.6, "area_anomaly": -0.008, "area_anomaly_3mo": -0.001, "precip_12mo_anomaly": 0.133, "pred_gen_anomaly": 0.02, "pred_gen_anomaly_lo": -0.301, "pred_gen_anomaly_hi": 0.33, "pred_gen_anomaly_3mo": 0.06, "has_generation_truth": false, "confidence": "short residence time (weak area signal)", "match_method": "hydrolakes_pour"}}, {"type": "Feature", "geometry": {"type": "Point", "coordinates": [-84.7156, 47.9069]}, "properties": {"gww_id": 61604, "name": "Dunford", "reservoir": null, "country": "Canada", "iso3": "CAN", "capacity_mw": 45.0, "latest_month": "2026-05", "area_km2": 0.59, "area_anomaly": 0.003, "area_anomaly_3mo": -0.072, "precip_12mo_anomaly": 0.366, "pred_gen_anomaly": 0.409, "pred_gen_anomaly_lo": -0.274, "pred_gen_anomaly_hi": 0.779, "pred_gen_anomaly_3mo": 0.273, "has_generation_truth": false, "confidence": "unknown residence time", "match_method": "gww_polygon"}}, {"type": "Feature", "geometry": {"type": "Point", "coordinates": [-107.957515, 45.307406]}, "properties": {"gww_id": 85530, "name": "Yellowtail", "reservoir": "Bighorn Lake", "country": "USA", "iso3": "USA", "capacity_mw": 278.2, "latest_month": "2026-05", "area_km2": 12.07, "area_anomaly": 0.012, "area_anomaly_3mo": -0.001, "precip_12mo_anomaly": -0.006, "pred_gen_anomaly": -0.048, "pred_gen_anomaly_lo": -0.322, "pred_gen_anomaly_hi": 0.252, "pred_gen_anomaly_3mo": 0.022, "has_generation_truth": true, "confidence": "carry-over storage (validated class)", "match_method": "hydrolakes_pour"}}, {"type": "Feature", "geometry": {"type": "Point", "coordinates": [-89.6272, 44.8867]}, "properties": {"gww_id": 82230, "name": "Domtar Paper Company Rothschild", "reservoir": "Strawberry Island", "country": "USA", "iso3": "USA", "capacity_mw": 4.4, "latest_month": "2026-05", "area_km2": 5.84, "area_anomaly": 0.006, "area_anomaly_3mo": -0.022, "precip_12mo_anomaly": 0.084, "pred_gen_anomaly": 0.092, "pred_gen_anomaly_lo": -0.451, "pred_gen_anomaly_hi": 0.564, "pred_gen_anomaly_3mo": 0.041, "has_generation_truth": true, "confidence": "unknown residence time", "match_method": "gww_polygon"}}, {"type": "Feature", "geometry": {"type": "Point", "coordinates": [-123.5321, 49.7109]}, "properties": {"gww_id": 82707, "name": "Clowhom", "reservoir": null, "country": "Canada", "iso3": "CAN", "capacity_mw": 33.0, "latest_month": "2026-05", "area_km2": 7.4, "area_anomaly": 0.002, "area_anomaly_3mo": 0.008, "precip_12mo_anomaly": -0.044, "pred_gen_anomaly": -0.128, "pred_gen_anomaly_lo": -0.481, "pred_gen_anomaly_hi": 0.244, "pred_gen_anomaly_3mo": -0.061, "has_generation_truth": false, "confidence": "short residence time (weak area signal)", "match_method": "hydrolakes_pour"}}, {"type": "Feature", "geometry": {"type": "Point", "coordinates": [-88.0678, 45.2333]}, "properties": {"gww_id": 62283, "name": "Sandstone Rapids", "reservoir": null, "country": "USA", "iso3": "USA", "capacity_mw": 3.8, "latest_month": "2026-05", "area_km2": 0.46, "area_anomaly": 0.02, "area_anomaly_3mo": 0.009, "precip_12mo_anomaly": 0.116, "pred_gen_anomaly": 0.025, "pred_gen_anomaly_lo": -0.539, "pred_gen_anomaly_hi": 0.609, "pred_gen_anomaly_3mo": -0.052, "has_generation_truth": true, "confidence": "unknown residence time", "match_method": "gww_polygon"}}, {"type": "Feature", "geometry": {"type": "Point", "coordinates": [17.1618, 44.5075]}, "properties": {"gww_id": 62427, "name": "Bocac Hydroelectric Power Plant Bosnia and Herzegovina", "reservoir": null, "country": "Bosnia and Herzegovina", "iso3": "BIH", "capacity_mw": 110.0, "latest_month": "2026-05", "area_km2": 0.56, "area_anomaly": -0.022, "area_anomaly_3mo": -0.01, "precip_12mo_anomaly": -0.026, "pred_gen_anomaly": -0.068, "pred_gen_anomaly_lo": -0.44, "pred_gen_anomaly_hi": 0.276, "pred_gen_anomaly_3mo": 0.049, "has_generation_truth": false, "confidence": "short residence time (weak area signal)", "match_method": "hydrolakes_pour"}}, {"type": "Feature", "geometry": {"type": "Point", "coordinates": [27.04625, 46.337083]}, "properties": {"gww_id": 84954, "name": "Racaciuni", "reservoir": null, "country": "Romania", "iso3": "ROU", "capacity_mw": 45.0, "latest_month": "2026-05", "area_km2": 10.98, "area_anomaly": -0.111, "area_anomaly_3mo": -0.076, "precip_12mo_anomaly": 0.052, "pred_gen_anomaly": -0.089, "pred_gen_anomaly_lo": -0.445, "pred_gen_anomaly_hi": 0.262, "pred_gen_anomaly_3mo": 0.015, "has_generation_truth": false, "confidence": "short residence time (weak area signal)", "match_method": "hydrolakes_pour"}}, {"type": "Feature", "geometry": {"type": "Point", "coordinates": [104.7746, 31.9179]}, "properties": {"gww_id": 82702, "name": "Wudu Dam", "reservoir": "\u6b66\u90fd\u6c34\u5e93", "country": "China", "iso3": "CHN", "capacity_mw": 150.0, "latest_month": "2026-05", "area_km2": 7.51, "area_anomaly": 0.131, "area_anomaly_3mo": 0.132, "precip_12mo_anomaly": 0.263, "pred_gen_anomaly": 0.187, "pred_gen_anomaly_lo": -0.291, "pred_gen_anomaly_hi": 0.97, "pred_gen_anomaly_3mo": 0.189, "has_generation_truth": false, "confidence": "unknown residence time", "match_method": "gww_polygon"}}, {"type": "Feature", "geometry": {"type": "Point", "coordinates": [-40.20333333, -17.89583333]}, "properties": {"gww_id": 83773, "name": "SANTA CLARA (MG)", "reservoir": null, "country": "BRA", "iso3": "BRA", "capacity_mw": 60.0, "latest_month": "2026-05", "area_km2": 7.31, "area_anomaly": 0.077, "area_anomaly_3mo": 0.115, "precip_12mo_anomaly": 0.072, "pred_gen_anomaly": 0.043, "pred_gen_anomaly_lo": -0.511, "pred_gen_anomaly_hi": 0.711, "pred_gen_anomaly_3mo": 0.098, "has_generation_truth": true, "confidence": "unknown residence time", "match_method": "gww_polygon"}}, {"type": "Feature", "geometry": {"type": "Point", "coordinates": [24.250417, 44.920417]}, "properties": {"gww_id": 83279, "name": "Babeni", "reservoir": null, "country": "Romania", "iso3": "ROU", "capacity_mw": 37.0, "latest_month": "2026-05", "area_km2": 6.55, "area_anomaly": -0.158, "area_anomaly_3mo": -0.131, "precip_12mo_anomaly": 0.066, "pred_gen_anomaly": -0.123, "pred_gen_anomaly_lo": -0.518, "pred_gen_anomaly_hi": 0.366, "pred_gen_anomaly_3mo": -0.003, "has_generation_truth": false, "confidence": "short residence time (weak area signal)", "match_method": "hydrolakes_pour"}}, {"type": "Feature", "geometry": {"type": "Point", "coordinates": [-77.524504, 37.220833]}, "properties": {"gww_id": 84809, "name": "Brasfield", "reservoir": "Lake Chesdin", "country": "USA", "iso3": "USA", "capacity_mw": 3.0, "latest_month": "2026-05", "area_km2": 7.92, "area_anomaly": -0.058, "area_anomaly_3mo": -0.031, "precip_12mo_anomaly": -0.097, "pred_gen_anomaly": -0.249, "pred_gen_anomaly_lo": -0.562, "pred_gen_anomaly_hi": 0.145, "pred_gen_anomaly_3mo": -0.187, "has_generation_truth": true, "confidence": "short residence time (weak area signal)", "match_method": "hydrolakes_pour"}}, {"type": "Feature", "geometry": {"type": "Point", "coordinates": [14.318083, 61.083948]}, "properties": {"gww_id": 82574, "name": "Spjutmo", "reservoir": null, "country": "Sweden", "iso3": "SWE", "capacity_mw": 35.0, "latest_month": "2026-05", "area_km2": 6.3, "area_anomaly": 0.017, "area_anomaly_3mo": 0.007, "precip_12mo_anomaly": 0.084, "pred_gen_anomaly": 0.007, "pred_gen_anomaly_lo": -0.381, "pred_gen_anomaly_hi": 0.375, "pred_gen_anomaly_3mo": 0.051, "has_generation_truth": false, "confidence": "short residence time (weak area signal)", "match_method": "hydrolakes_pour"}}, {"type": "Feature", "geometry": {"type": "Point", "coordinates": [16.5968, 43.7951]}, "properties": {"gww_id": 86003, "name": "Peruca Hydroelectric Power Plant Croatia", "reservoir": null, "country": "Croatia", "iso3": "HRV", "capacity_mw": 60.0, "latest_month": "2026-05", "area_km2": 17.63, "area_anomaly": -0.008, "area_anomaly_3mo": -0.008, "precip_12mo_anomaly": 0.028, "pred_gen_anomaly": 0.082, "pred_gen_anomaly_lo": -0.426, "pred_gen_anomaly_hi": 0.591, "pred_gen_anomaly_3mo": 0.137, "has_generation_truth": false, "confidence": "carry-over storage (validated class)", "match_method": "hydrolakes_pour"}}, {"type": "Feature", "geometry": {"type": "Point", "coordinates": [-86.7528, 40.6564]}, "properties": {"gww_id": 82196, "name": "Oakdale", "reservoir": null, "country": "USA", "iso3": "USA", "capacity_mw": 11.8, "latest_month": "2026-05", "area_km2": 5.42, "area_anomaly": 0.018, "area_anomaly_3mo": 0.003, "precip_12mo_anomaly": 0.0, "pred_gen_anomaly": 0.067, "pred_gen_anomaly_lo": -0.508, "pred_gen_anomaly_hi": 0.605, "pred_gen_anomaly_3mo": -0.081, "has_generation_truth": true, "confidence": "short residence time (weak area signal)", "match_method": "hydrolakes_pour"}}, {"type": "Feature", "geometry": {"type": "Point", "coordinates": [-120.10455, 39.470447]}, "properties": {"gww_id": 84979, "name": "Stampede", "reservoir": "Stampede", "country": "USA", "iso3": "USA", "capacity_mw": 3.6, "latest_month": "2026-05", "area_km2": 12.09, "area_anomaly": 0.14, "area_anomaly_3mo": 0.225, "precip_12mo_anomaly": -0.033, "pred_gen_anomaly": 0.056, "pred_gen_anomaly_lo": -0.653, "pred_gen_anomaly_hi": 0.749, "pred_gen_anomaly_3mo": 0.033, "has_generation_truth": true, "confidence": "carry-over storage (validated class)", "match_method": "hydrolakes_pour"}}, {"type": "Feature", "geometry": {"type": "Point", "coordinates": [-87.5686, 46.5628]}, "properties": {"gww_id": 84705, "name": "Hoist", "reservoir": null, "country": "USA", "iso3": "USA", "capacity_mw": 4.4, "latest_month": "2026-05", "area_km2": 10.55, "area_anomaly": 0.038, "area_anomaly_3mo": 0.166, "precip_12mo_anomaly": 0.242, "pred_gen_anomaly": 0.339, "pred_gen_anomaly_lo": -0.315, "pred_gen_anomaly_hi": 0.86, "pred_gen_anomaly_3mo": 0.294, "has_generation_truth": true, "confidence": "carry-over storage (validated class)", "match_method": "hydrolakes_pour"}}, {"type": "Feature", "geometry": {"type": "Point", "coordinates": [-81.567, 49.8822]}, "properties": {"gww_id": 82177, "name": "Abitibi Canyon", "reservoir": null, "country": "Canada", "iso3": "CAN", "capacity_mw": 349.0, "latest_month": "2026-05", "area_km2": 5.69, "area_anomaly": -0.003, "area_anomaly_3mo": -0.008, "precip_12mo_anomaly": 0.434, "pred_gen_anomaly": 0.463, "pred_gen_anomaly_lo": -0.087, "pred_gen_anomaly_hi": 0.871, "pred_gen_anomaly_3mo": 0.364, "has_generation_truth": false, "confidence": "short residence time (weak area signal)", "match_method": "hydrolakes_pour"}}, {"type": "Feature", "geometry": {"type": "Point", "coordinates": [-69.785675, 44.221796]}, "properties": {"gww_id": 83208, "name": "Gardiner", "reservoir": null, "country": "USA", "iso3": "USA", "capacity_mw": 1.2, "latest_month": "2026-05", "area_km2": 5.72, "area_anomaly": -0.027, "area_anomaly_3mo": -0.022, "precip_12mo_anomaly": -0.11, "pred_gen_anomaly": 0.034, "pred_gen_anomaly_lo": -0.363, "pred_gen_anomaly_hi": 0.569, "pred_gen_anomaly_3mo": -0.125, "has_generation_truth": true, "confidence": "short residence time (weak area signal)", "match_method": "hydrolakes_pour"}}, {"type": "Feature", "geometry": {"type": "Point", "coordinates": [-8.189, 42.855]}, "properties": {"gww_id": 83790, "name": "PORTODEMOUROS 1", "reservoir": null, "country": "Spain", "iso3": "ESP", "capacity_mw": 76.0, "latest_month": "2026-05", "area_km2": 8.77, "area_anomaly": 0.091, "area_anomaly_3mo": 0.115, "precip_12mo_anomaly": 0.15, "pred_gen_anomaly": 0.15, "pred_gen_anomaly_lo": -0.422, "pred_gen_anomaly_hi": 0.681, "pred_gen_anomaly_3mo": 0.389, "has_generation_truth": false, "confidence": "carry-over storage (validated class)", "match_method": "hydrolakes_pour"}}, {"type": "Feature", "geometry": {"type": "Point", "coordinates": [24.69625, 43.81625]}, "properties": {"gww_id": 82742, "name": "Izbiceni", "reservoir": null, "country": "Romania", "iso3": "ROU", "capacity_mw": 53.0, "latest_month": "2026-05", "area_km2": 7.33, "area_anomaly": 0.024, "area_anomaly_3mo": 0.006, "precip_12mo_anomaly": 0.059, "pred_gen_anomaly": -0.018, "pred_gen_anomaly_lo": -0.434, "pred_gen_anomaly_hi": 0.32, "pred_gen_anomaly_3mo": 0.159, "has_generation_truth": false, "confidence": "short residence time (weak area signal)", "match_method": "hydrolakes_pour"}}, {"type": "Feature", "geometry": {"type": "Point", "coordinates": [175.6433, -38.0714]}, "properties": {"gww_id": 84436, "name": "Arapuni", "reservoir": null, "country": "New Zealand", "iso3": "NZL", "capacity_mw": 192.0, "latest_month": "2026-05", "area_km2": 9.44, "area_anomaly": 0.013, "area_anomaly_3mo": -0.002, "precip_12mo_anomaly": -0.016, "pred_gen_anomaly": -0.093, "pred_gen_anomaly_lo": -0.381, "pred_gen_anomaly_hi": 0.322, "pred_gen_anomaly_3mo": -0.094, "has_generation_truth": false, "confidence": "short residence time (weak area signal)", "match_method": "hydrolakes_pour"}}, {"type": "Feature", "geometry": {"type": "Point", "coordinates": [-76.347, 45.4187]}, "properties": {"gww_id": 84235, "name": "Arnprior", "reservoir": null, "country": "Canada", "iso3": "CAN", "capacity_mw": 82.0, "latest_month": "2026-05", "area_km2": 9.34, "area_anomaly": 0.01, "area_anomaly_3mo": 0.008, "precip_12mo_anomaly": 0.157, "pred_gen_anomaly": 0.33, "pred_gen_anomaly_lo": -0.122, "pred_gen_anomaly_hi": 0.604, "pred_gen_anomaly_3mo": 0.128, "has_generation_truth": false, "confidence": "short residence time (weak area signal)", "match_method": "gww_polygon"}}, {"type": "Feature", "geometry": {"type": "Point", "coordinates": [-122.4238, 43.7107]}, "properties": {"gww_id": 83784, "name": "Hills Creek", "reservoir": "Hills Creek Lake", "country": "USA", "iso3": "USA", "capacity_mw": 30.0, "latest_month": "2026-05", "area_km2": 7.97, "area_anomaly": -0.13, "area_anomaly_3mo": -0.095, "precip_12mo_anomaly": -0.133, "pred_gen_anomaly": -0.314, "pred_gen_anomaly_lo": -0.663, "pred_gen_anomaly_hi": 0.003, "pred_gen_anomaly_3mo": -0.261, "has_generation_truth": true, "confidence": "carry-over storage (validated class)", "match_method": "hydrolakes_pour"}}, {"type": "Feature", "geometry": {"type": "Point", "coordinates": [7.2493, 59.346]}, "properties": {"gww_id": 83217, "name": "Holen", "reservoir": null, "country": "Norway", "iso3": "NOR", "capacity_mw": 850.0, "latest_month": "2026-05", "area_km2": 6.35, "area_anomaly": -0.1, "area_anomaly_3mo": 0.023, "precip_12mo_anomaly": 0.021, "pred_gen_anomaly": 0.031, "pred_gen_anomaly_lo": -0.344, "pred_gen_anomaly_hi": 0.385, "pred_gen_anomaly_3mo": 0.087, "has_generation_truth": false, "confidence": "carry-over storage (validated class)", "match_method": "hydrolakes_pour"}}, {"type": "Feature", "geometry": {"type": "Point", "coordinates": [12.545216, 60.9509665]}, "properties": {"gww_id": 85618, "name": "H\u00c3\u00b6ljes Holjes Hydroelectric Power Station Sweden - Holjes Hydroelectric Power Station Sweden", "reservoir": null, "country": "Sweden", "iso3": "SWE", "capacity_mw": 128.0, "latest_month": "2026-05", "area_km2": 14.54, "area_anomaly": 0.03, "area_anomaly_3mo": -0.056, "precip_12mo_anomaly": 0.059, "pred_gen_anomaly": 0.019, "pred_gen_anomaly_lo": -0.25, "pred_gen_anomaly_hi": 0.409, "pred_gen_anomaly_3mo": 0.059, "has_generation_truth": false, "confidence": "short residence time (weak area signal)", "match_method": "hydrolakes_pour"}}, {"type": "Feature", "geometry": {"type": "Point", "coordinates": [13.092083, 62.532083]}, "properties": {"gww_id": 86011, "name": "Grundsjoarna", "reservoir": null, "country": "Sweden", "iso3": "SWE", "capacity_mw": 88.0, "latest_month": "2026-05", "area_km2": 13.82, "area_anomaly": -0.038, "area_anomaly_3mo": 0.254, "precip_12mo_anomaly": -0.024, "pred_gen_anomaly": -0.054, "pred_gen_anomaly_lo": -0.39, "pred_gen_anomaly_hi": 0.331, "pred_gen_anomaly_3mo": 0.067, "has_generation_truth": false, "confidence": "carry-over storage (validated class)", "match_method": "hydrolakes_pour"}}, {"type": "Feature", "geometry": {"type": "Point", "coordinates": [-8.486, 41.0716]}, "properties": {"gww_id": 84237, "name": "Crestuma Crestuma - G1 - Crestuma-Lever Hydroelectric Power Plant Portugal", "reservoir": null, "country": "Portugal", "iso3": "PRT", "capacity_mw": 117.0, "latest_month": "2026-05", "area_km2": 8.72, "area_anomaly": 0.039, "area_anomaly_3mo": 0.016, "precip_12mo_anomaly": 0.157, "pred_gen_anomaly": 0.114, "pred_gen_anomaly_lo": -0.351, "pred_gen_anomaly_hi": 0.642, "pred_gen_anomaly_3mo": 0.265, "has_generation_truth": false, "confidence": "unknown residence time", "match_method": "gww_polygon"}}, {"type": "Feature", "geometry": {"type": "Point", "coordinates": [-99.8178, 40.6936]}, "properties": {"gww_id": 83246, "name": "Johnson 1", "reservoir": null, "country": "USA", "iso3": "USA", "capacity_mw": 21.6, "latest_month": "2026-05", "area_km2": 8.88, "area_anomaly": 0.005, "area_anomaly_3mo": 0.01, "precip_12mo_anomaly": 0.092, "pred_gen_anomaly": -0.088, "pred_gen_anomaly_lo": -0.604, "pred_gen_anomaly_hi": 0.657, "pred_gen_anomaly_3mo": -0.053, "has_generation_truth": true, "confidence": "carry-over storage (validated class)", "match_method": "hydrolakes_pour"}}, {"type": "Feature", "geometry": {"type": "Point", "coordinates": [-123.185556, 39.197222]}, "properties": {"gww_id": 82345, "name": "Lake Mendocino", "reservoir": "Lake Mendocino", "country": "USA", "iso3": "USA", "capacity_mw": 3.5, "latest_month": "2026-05", "area_km2": 6.95, "area_anomaly": 0.038, "area_anomaly_3mo": 0.064, "precip_12mo_anomaly": -0.078, "pred_gen_anomaly": -0.189, "pred_gen_anomaly_lo": -0.918, "pred_gen_anomaly_hi": 0.503, "pred_gen_anomaly_3mo": -0.009, "has_generation_truth": true, "confidence": "short residence time (weak area signal)", "match_method": "hydrolakes_pour"}}, {"type": "Feature", "geometry": {"type": "Point", "coordinates": [-74.9408, 6.2923]}, "properties": {"gww_id": 83294, "name": "Playas", "reservoir": null, "country": "Colombia", "iso3": "COL", "capacity_mw": 201.0, "latest_month": "2026-05", "area_km2": 4.61, "area_anomaly": -0.117, "area_anomaly_3mo": -0.046, "precip_12mo_anomaly": 0.084, "pred_gen_anomaly": 0.041, "pred_gen_anomaly_lo": -0.501, "pred_gen_anomaly_hi": 0.608, "pred_gen_anomaly_3mo": 0.175, "has_generation_truth": false, "confidence": "short residence time (weak area signal)", "match_method": "hydrolakes_pour"}}, {"type": "Feature", "geometry": {"type": "Point", "coordinates": [-68.9038, 49.7037]}, "properties": {"gww_id": 84727, "name": "Outardes-4", "reservoir": "Outardes 3", "country": "Canada", "iso3": "CAN", "capacity_mw": 785.0, "latest_month": "2026-05", "area_km2": 10.44, "area_anomaly": 0.008, "area_anomaly_3mo": -0.008, "precip_12mo_anomaly": 0.585, "pred_gen_anomaly": 0.371, "pred_gen_anomaly_lo": -0.254, "pred_gen_anomaly_hi": 0.978, "pred_gen_anomaly_3mo": 0.457, "has_generation_truth": false, "confidence": "carry-over storage (validated class)", "match_method": "gww_polygon"}}, {"type": "Feature", "geometry": {"type": "Point", "coordinates": [-19.3707, 64.2355]}, "properties": {"gww_id": 85962, "name": "B\u00c3\u00ba\u00c3\u00b0arh\u00c3\u00a1ls", "reservoir": "Sultartangalon", "country": "Iceland", "iso3": "ISL", "capacity_mw": 95.0, "latest_month": "2026-05", "area_km2": 18.55, "area_anomaly": -0.039, "area_anomaly_3mo": 0.026, "precip_12mo_anomaly": -0.117, "pred_gen_anomaly": -0.105, "pred_gen_anomaly_lo": -0.409, "pred_gen_anomaly_hi": 0.208, "pred_gen_anomaly_3mo": -0.116, "has_generation_truth": false, "confidence": "unknown residence time", "match_method": "gww_polygon"}}, {"type": "Feature", "geometry": {"type": "Point", "coordinates": [176.0886, -38.408]}, "properties": {"gww_id": 83376, "name": "Ohakuri", "reservoir": null, "country": "New Zealand", "iso3": "NZL", "capacity_mw": 106.0, "latest_month": "2026-05", "area_km2": 8.05, "area_anomaly": 0.01, "area_anomaly_3mo": -0.018, "precip_12mo_anomaly": -0.016, "pred_gen_anomaly": -0.096, "pred_gen_anomaly_lo": -0.407, "pred_gen_anomaly_hi": 0.34, "pred_gen_anomaly_3mo": -0.09, "has_generation_truth": false, "confidence": "short residence time (weak area signal)", "match_method": "hydrolakes_pour"}}, {"type": "Feature", "geometry": {"type": "Point", "coordinates": [-122.6772, 42.6717]}, "properties": {"gww_id": 84752, "name": "Lost Creek", "reservoir": "Lost Creek Lake", "country": "USA", "iso3": "USA", "capacity_mw": 49.0, "latest_month": "2026-05", "area_km2": 12.12, "area_anomaly": -0.048, "area_anomaly_3mo": -0.042, "precip_12mo_anomaly": -0.169, "pred_gen_anomaly": -0.259, "pred_gen_anomaly_lo": -0.584, "pred_gen_anomaly_hi": 0.117, "pred_gen_anomaly_3mo": -0.223, "has_generation_truth": true, "confidence": "carry-over storage (validated class)", "match_method": "hydrolakes_pour"}}, {"type": "Feature", "geometry": {"type": "Point", "coordinates": [-84.6478, 35.0947]}, "properties": {"gww_id": 83394, "name": "Ocoee 1", "reservoir": "Parksville Lake", "country": "USA", "iso3": "USA", "capacity_mw": 19.0, "latest_month": "2026-05", "area_km2": 6.88, "area_anomaly": 0.022, "area_anomaly_3mo": 0.047, "precip_12mo_anomaly": -0.108, "pred_gen_anomaly": -0.146, "pred_gen_anomaly_lo": -0.587, "pred_gen_anomaly_hi": 0.328, "pred_gen_anomaly_3mo": -0.221, "has_generation_truth": true, "confidence": "short residence time (weak area signal)", "match_method": "hydrolakes_pour"}}, {"type": "Feature", "geometry": {"type": "Point", "coordinates": [41.7619, 42.6524]}, "properties": {"gww_id": 83679, "name": "Vardnili I Hydroelectric Power Plant Georgia", "reservoir": null, "country": "Georgia", "iso3": "GEO", "capacity_mw": 346.5, "latest_month": "2026-05", "area_km2": 7.97, "area_anomaly": -0.014, "area_anomaly_3mo": -0.021, "precip_12mo_anomaly": 0.171, "pred_gen_anomaly": 0.182, "pred_gen_anomaly_lo": -0.249, "pred_gen_anomaly_hi": 0.638, "pred_gen_anomaly_3mo": 0.143, "has_generation_truth": false, "confidence": "carry-over storage (validated class)", "match_method": "hydrolakes_pour"}}, {"type": "Feature", "geometry": {"type": "Point", "coordinates": [-122.201667, 46.060833]}, "properties": {"gww_id": 85932, "name": "Swift 1", "reservoir": null, "country": "USA", "iso3": "USA", "capacity_mw": 240.0, "latest_month": "2026-05", "area_km2": 18.35, "area_anomaly": 0.012, "area_anomaly_3mo": 0.021, "precip_12mo_anomaly": -0.092, "pred_gen_anomaly": -0.071, "pred_gen_anomaly_lo": -0.446, "pred_gen_anomaly_hi": 0.292, "pred_gen_anomaly_3mo": -0.099, "has_generation_truth": true, "confidence": "carry-over storage (validated class)", "match_method": "hydrolakes_pour"}}, {"type": "Feature", "geometry": {"type": "Point", "coordinates": [33.7044, 60.8064]}, "properties": {"gww_id": 85927, "name": "Nizhne-Svirskaya HPP", "reservoir": null, "country": "Russia", "iso3": "RUS", "capacity_mw": 99.0, "latest_month": "2026-05", "area_km2": 16.42, "area_anomaly": 0.005, "area_anomaly_3mo": 0.01, "precip_12mo_anomaly": -0.055, "pred_gen_anomaly": -0.008, "pred_gen_anomaly_lo": -0.258, "pred_gen_anomaly_hi": 0.404, "pred_gen_anomaly_3mo": -0.053, "has_generation_truth": false, "confidence": "short residence time (weak area signal)", "match_method": "hydrolakes_pour"}}, {"type": "Feature", "geometry": {"type": "Point", "coordinates": [-114.7078, 51.2188]}, "properties": {"gww_id": 84374, "name": "Ghost", "reservoir": null, "country": "Canada", "iso3": "CAN", "capacity_mw": 51.0, "latest_month": "2026-05", "area_km2": 8.33, "area_anomaly": -0.057, "area_anomaly_3mo": 0.004, "precip_12mo_anomaly": 0.016, "pred_gen_anomaly": 0.07, "pred_gen_anomaly_lo": -0.312, "pred_gen_anomaly_hi": 0.435, "pred_gen_anomaly_3mo": 0.101, "has_generation_truth": false, "confidence": "short residence time (weak area signal)", "match_method": "hydrolakes_pour"}}, {"type": "Feature", "geometry": {"type": "Point", "coordinates": [20.653796, 66.428961]}, "properties": {"gww_id": 83694, "name": "Porsi Porsi G3 - Porsi Hydroelectric Power Plant Sweden", "reservoir": null, "country": "Sweden", "iso3": "SWE", "capacity_mw": 274.0, "latest_month": "2026-05", "area_km2": 8.68, "area_anomaly": 0.001, "area_anomaly_3mo": -0.035, "precip_12mo_anomaly": 0.236, "pred_gen_anomaly": 0.148, "pred_gen_anomaly_lo": -0.223, "pred_gen_anomaly_hi": 0.466, "pred_gen_anomaly_3mo": 0.154, "has_generation_truth": false, "confidence": "short residence time (weak area signal)", "match_method": "hydrolakes_pour"}}, {"type": "Feature", "geometry": {"type": "Point", "coordinates": [25.540001, 66.424004]}, "properties": {"gww_id": 84763, "name": "Valajaskoski", "reservoir": null, "country": "Finland", "iso3": "FIN", "capacity_mw": 101.0, "latest_month": "2026-05", "area_km2": 10.97, "area_anomaly": 0.044, "area_anomaly_3mo": 0.022, "precip_12mo_anomaly": 0.266, "pred_gen_anomaly": 0.102, "pred_gen_anomaly_lo": -0.266, "pred_gen_anomaly_hi": 0.438, "pred_gen_anomaly_3mo": 0.161, "has_generation_truth": false, "confidence": "short residence time (weak area signal)", "match_method": "hydrolakes_pour"}}, {"type": "Feature", "geometry": {"type": "Point", "coordinates": [-106.73213, 36.592775]}, "properties": {"gww_id": 84762, "name": "El Vado Dam", "reservoir": null, "country": "USA", "iso3": "USA", "capacity_mw": 8.0, "latest_month": "2026-05", "area_km2": 4.06, "area_anomaly": -0.478, "area_anomaly_3mo": -0.284, "precip_12mo_anomaly": 0.039, "pred_gen_anomaly": -0.356, "pred_gen_anomaly_lo": -1.186, "pred_gen_anomaly_hi": 0.242, "pred_gen_anomaly_3mo": -0.347, "has_generation_truth": true, "confidence": "carry-over storage (validated class)", "match_method": "hydrolakes_pour"}}, {"type": "Feature", "geometry": {"type": "Point", "coordinates": [-75.7775, 45.5125]}, "properties": {"gww_id": 83195, "name": "Chelsea", "reservoir": null, "country": "Canada", "iso3": "CAN", "capacity_mw": 256.0, "latest_month": "2026-05", "area_km2": 6.76, "area_anomaly": 0.002, "area_anomaly_3mo": 0.004, "precip_12mo_anomaly": 0.093, "pred_gen_anomaly": 0.244, "pred_gen_anomaly_lo": -0.146, "pred_gen_anomaly_hi": 0.562, "pred_gen_anomaly_3mo": 0.048, "has_generation_truth": false, "confidence": "short residence time (weak area signal)", "match_method": "hydrolakes_pour"}}, {"type": "Feature", "geometry": {"type": "Point", "coordinates": [139.2837, 37.3113]}, "properties": {"gww_id": 84367, "name": "Tagokura", "reservoir": "Tagokurako", "country": "Japan", "iso3": "JPN", "capacity_mw": 395.0, "latest_month": "2026-05", "area_km2": 9.68, "area_anomaly": 0.029, "area_anomaly_3mo": 0.065, "precip_12mo_anomaly": 0.532, "pred_gen_anomaly": 0.464, "pred_gen_anomaly_lo": -0.251, "pred_gen_anomaly_hi": 1.113, "pred_gen_anomaly_3mo": 0.4, "has_generation_truth": false, "confidence": "carry-over storage (validated class)", "match_method": "hydrolakes_pour"}}, {"type": "Feature", "geometry": {"type": "Point", "coordinates": [-84.08765, 34.959153]}, "properties": {"gww_id": 84807, "name": "Nottely", "reservoir": "Nottely Lake", "country": "USA", "iso3": "USA", "capacity_mw": 15.9, "latest_month": "2026-05", "area_km2": 9.93, "area_anomaly": -0.032, "area_anomaly_3mo": -0.009, "precip_12mo_anomaly": -0.108, "pred_gen_anomaly": -0.23, "pred_gen_anomaly_lo": -0.699, "pred_gen_anomaly_hi": 0.268, "pred_gen_anomaly_3mo": -0.228, "has_generation_truth": true, "confidence": "carry-over storage (validated class)", "match_method": "hydrolakes_pour"}}, {"type": "Feature", "geometry": {"type": "Point", "coordinates": [24.48375, 44.177917]}, "properties": {"gww_id": 84307, "name": "Draganesti", "reservoir": null, "country": "Romania", "iso3": "ROU", "capacity_mw": 53.0, "latest_month": "2026-05", "area_km2": 10.04, "area_anomaly": -0.051, "area_anomaly_3mo": -0.036, "precip_12mo_anomaly": 0.059, "pred_gen_anomaly": -0.015, "pred_gen_anomaly_lo": -0.361, "pred_gen_anomaly_hi": 0.295, "pred_gen_anomaly_3mo": 0.141, "has_generation_truth": false, "confidence": "short residence time (weak area signal)", "match_method": "hydrolakes_pour"}}, {"type": "Feature", "geometry": {"type": "Point", "coordinates": [-87.2219, 36.3208]}, "properties": {"gww_id": 82334, "name": "Cheatham", "reservoir": "Harpeth Island", "country": "USA", "iso3": "USA", "capacity_mw": 36.0, "latest_month": "2026-05", "area_km2": 4.6, "area_anomaly": 0.057, "area_anomaly_3mo": 0.055, "precip_12mo_anomaly": -0.097, "pred_gen_anomaly": -0.11, "pred_gen_anomaly_lo": -0.593, "pred_gen_anomaly_hi": 0.447, "pred_gen_anomaly_3mo": -0.226, "has_generation_truth": true, "confidence": "unknown residence time", "match_method": "gww_polygon"}}, {"type": "Feature", "geometry": {"type": "Point", "coordinates": [41.5967, 45.0683]}, "properties": {"gww_id": 83760, "name": "Egorylykskaya HPP of the Cascade of Kuban HPPs", "reservoir": null, "country": "Russia", "iso3": "RUS", "capacity_mw": 30.0, "latest_month": "2026-05", "area_km2": 8.78, "area_anomaly": -0.028, "area_anomaly_3mo": -0.029, "precip_12mo_anomaly": 0.078, "pred_gen_anomaly": 0.096, "pred_gen_anomaly_lo": -0.421, "pred_gen_anomaly_hi": 0.623, "pred_gen_anomaly_3mo": 0.078, "has_generation_truth": false, "confidence": "carry-over storage (validated class)", "match_method": "hydrolakes_pour"}}, {"type": "Feature", "geometry": {"type": "Point", "coordinates": [2.49862, 45.41269]}, "properties": {"gww_id": 83673, "name": "Bort BORT 1 - Bort Les Orgues Hydroelectric Power Station France", "reservoir": null, "country": "France", "iso3": "FRA", "capacity_mw": 232.2, "latest_month": "2026-05", "area_km2": 8.41, "area_anomaly": -0.027, "area_anomaly_3mo": 0.008, "precip_12mo_anomaly": -0.056, "pred_gen_anomaly": -0.1, "pred_gen_anomaly_lo": -0.418, "pred_gen_anomaly_hi": 0.195, "pred_gen_anomaly_3mo": 0.024, "has_generation_truth": false, "confidence": "carry-over storage (validated class)", "match_method": "hydrolakes_pour"}}, {"type": "Feature", "geometry": {"type": "Point", "coordinates": [-111.423589, 40.596605]}, "properties": {"gww_id": 84402, "name": "Jordanelle Dam Hydroelectric Project", "reservoir": null, "country": "USA", "iso3": "USA", "capacity_mw": 13.0, "latest_month": "2026-05", "area_km2": 9.91, "area_anomaly": -0.03, "area_anomaly_3mo": -0.106, "precip_12mo_anomaly": 0.095, "pred_gen_anomaly": -0.075, "pred_gen_anomaly_lo": -0.566, "pred_gen_anomaly_hi": 0.427, "pred_gen_anomaly_3mo": -0.016, "has_generation_truth": true, "confidence": "carry-over storage (validated class)", "match_method": "hydrolakes_pour"}}, {"type": "Feature", "geometry": {"type": "Point", "coordinates": [-94.1817, 46.3758]}, "properties": {"gww_id": 84746, "name": "Brainerd Public Utilities", "reservoir": null, "country": "USA", "iso3": "USA", "capacity_mw": 2.9, "latest_month": "2026-05", "area_km2": 8.43, "area_anomaly": -0.011, "area_anomaly_3mo": 0.06, "precip_12mo_anomaly": 0.139, "pred_gen_anomaly": 0.009, "pred_gen_anomaly_lo": -0.392, "pred_gen_anomaly_hi": 0.4, "pred_gen_anomaly_3mo": 0.075, "has_generation_truth": true, "confidence": "short residence time (weak area signal)", "match_method": "hydrolakes_pour"}}, {"type": "Feature", "geometry": {"type": "Point", "coordinates": [19.682859, 65.0222165]}, "properties": {"gww_id": 83306, "name": "Vargfors Vargfors Hydroelectric Power Station Sweden - Vargfors Hydroelectric Power Station Sweden", "reservoir": null, "country": "Sweden", "iso3": "SWE", "capacity_mw": 131.0, "latest_month": "2026-05", "area_km2": 7.21, "area_anomaly": -0.031, "area_anomaly_3mo": 0.014, "precip_12mo_anomaly": 0.143, "pred_gen_anomaly": 0.143, "pred_gen_anomaly_lo": -0.245, "pred_gen_anomaly_hi": 0.586, "pred_gen_anomaly_3mo": 0.113, "has_generation_truth": false, "confidence": "short residence time (weak area signal)", "match_method": "hydrolakes_pour"}}, {"type": "Feature", "geometry": {"type": "Point", "coordinates": [137.8047, 35.0908]}, "properties": {"gww_id": 82283, "name": "Sakuma", "reservoir": "Sakumako", "country": "Japan", "iso3": "JPN", "capacity_mw": 350.0, "latest_month": "2026-05", "area_km2": 4.73, "area_anomaly": 0.004, "area_anomaly_3mo": -0.029, "precip_12mo_anomaly": 0.456, "pred_gen_anomaly": 0.447, "pred_gen_anomaly_lo": -0.187, "pred_gen_anomaly_hi": 1.114, "pred_gen_anomaly_3mo": 0.376, "has_generation_truth": false, "confidence": "short residence time (weak area signal)", "match_method": "hydrolakes_pour"}}, {"type": "Feature", "geometry": {"type": "Point", "coordinates": [-123.011188, 38.722141]}, "properties": {"gww_id": 84799, "name": "Warm Springs Hydro Project", "reservoir": "Lake Sonoma", "country": "USA", "iso3": "USA", "capacity_mw": 2.7, "latest_month": "2026-05", "area_km2": 10.23, "area_anomaly": 0.096, "area_anomaly_3mo": 0.093, "precip_12mo_anomaly": -0.078, "pred_gen_anomaly": -0.235, "pred_gen_anomaly_lo": -0.999, "pred_gen_anomaly_hi": 0.688, "pred_gen_anomaly_3mo": -0.141, "has_generation_truth": true, "confidence": "carry-over storage (validated class)", "match_method": "hydrolakes_pour"}}, {"type": "Feature", "geometry": {"type": "Point", "coordinates": [-94.1756, 30.7975]}, "properties": {"gww_id": 85956, "name": "Robert D Willis", "reservoir": "B.A. Steinhagen Lake", "country": "USA", "iso3": "USA", "capacity_mw": 8.0, "latest_month": "2026-05", "area_km2": 18.65, "area_anomaly": 0.011, "area_anomaly_3mo": 0.003, "precip_12mo_anomaly": -0.257, "pred_gen_anomaly": -0.465, "pred_gen_anomaly_lo": -1.154, "pred_gen_anomaly_hi": 0.237, "pred_gen_anomaly_3mo": -0.513, "has_generation_truth": true, "confidence": "short residence time (weak area signal)", "match_method": "hydrolakes_pour"}}, {"type": "Feature", "geometry": {"type": "Point", "coordinates": [-81.330852, 34.26132]}, "properties": {"gww_id": 85555, "name": "Parr Hydro", "reservoir": "Parr", "country": "USA", "iso3": "USA", "capacity_mw": 15.0, "latest_month": "2026-05", "area_km2": 10.29, "area_anomaly": -0.002, "area_anomaly_3mo": 0.006, "precip_12mo_anomaly": -0.103, "pred_gen_anomaly": -0.17, "pred_gen_anomaly_lo": -0.522, "pred_gen_anomaly_hi": 0.149, "pred_gen_anomaly_3mo": -0.223, "has_generation_truth": true, "confidence": "short residence time (weak area signal)", "match_method": "hydrolakes_pour"}}, {"type": "Feature", "geometry": {"type": "Point", "coordinates": [-11.72291667, 9.071185181]}, "properties": {"gww_id": 85922, "name": "Bumbuna I", "reservoir": null, "country": "Sierra Leone", "iso3": "SLE", "capacity_mw": 50.0, "latest_month": "2026-05", "area_km2": 6.43, "area_anomaly": 0.013, "area_anomaly_3mo": 0.082, "precip_12mo_anomaly": 0.08, "pred_gen_anomaly": 0.187, "pred_gen_anomaly_lo": -0.526, "pred_gen_anomaly_hi": 0.95, "pred_gen_anomaly_3mo": 0.221, "has_generation_truth": false, "confidence": "unknown residence time", "match_method": "gww_polygon"}}, {"type": "Feature", "geometry": {"type": "Point", "coordinates": [103.63, 29.26]}, "properties": {"gww_id": 83447, "name": "Tongjiezi", "reservoir": null, "country": "China", "iso3": "CHN", "capacity_mw": 600.0, "latest_month": "2026-05", "area_km2": 6.62, "area_anomaly": -0.072, "area_anomaly_3mo": -0.023, "precip_12mo_anomaly": 0.057, "pred_gen_anomaly": 0.151, "pred_gen_anomaly_lo": -0.381, "pred_gen_anomaly_hi": 0.639, "pred_gen_anomaly_3mo": 0.051, "has_generation_truth": false, "confidence": "short residence time (weak area signal)", "match_method": "hydrolakes_pour"}}, {"type": "Feature", "geometry": {"type": "Point", "coordinates": [-87.161, 48.7867]}, "properties": {"gww_id": 84982, "name": "Aguasabon", "reservoir": null, "country": "Canada", "iso3": "CAN", "capacity_mw": 45.0, "latest_month": "2026-05", "area_km2": 11.49, "area_anomaly": 0.01, "area_anomaly_3mo": 0.006, "precip_12mo_anomaly": 0.354, "pred_gen_anomaly": 0.379, "pred_gen_anomaly_lo": -0.094, "pred_gen_anomaly_hi": 0.733, "pred_gen_anomaly_3mo": 0.313, "has_generation_truth": false, "confidence": "unknown residence time", "match_method": "gww_polygon"}}, {"type": "Feature", "geometry": {"type": "Point", "coordinates": [-75.109, 43.3121]}, "properties": {"gww_id": 84212, "name": "Jarvis (Hinckley)", "reservoir": null, "country": "USA", "iso3": "USA", "capacity_mw": 9.0, "latest_month": "2026-05", "area_km2": 9.11, "area_anomaly": -0.116, "area_anomaly_3mo": -0.167, "precip_12mo_anomaly": -0.072, "pred_gen_anomaly": -0.114, "pred_gen_anomaly_lo": -0.485, "pred_gen_anomaly_hi": 0.519, "pred_gen_anomaly_3mo": -0.178, "has_generation_truth": true, "confidence": "short residence time (weak area signal)", "match_method": "hydrolakes_pour"}}, {"type": "Feature", "geometry": {"type": "Point", "coordinates": [-83.5189, 45.1025]}, "properties": {"gww_id": 82103, "name": "Norway Point Hydropower Project", "reservoir": null, "country": "USA", "iso3": "USA", "capacity_mw": 6.1, "latest_month": "2026-05", "area_km2": 5.04, "area_anomaly": 0.045, "area_anomaly_3mo": 0.136, "precip_12mo_anomaly": 0.107, "pred_gen_anomaly": 0.243, "pred_gen_anomaly_lo": -0.406, "pred_gen_anomaly_hi": 0.733, "pred_gen_anomaly_3mo": 0.124, "has_generation_truth": true, "confidence": "short residence time (weak area signal)", "match_method": "hydrolakes_pour"}}, {"type": "Feature", "geometry": {"type": "Point", "coordinates": [6.641965, 60.129931]}, "properties": {"gww_id": 82543, "name": "Tysso II", "reservoir": null, "country": "Norway", "iso3": "NOR", "capacity_mw": 224.0, "latest_month": "2026-05", "area_km2": 7.05, "area_anomaly": 0.054, "area_anomaly_3mo": 0.017, "precip_12mo_anomaly": -0.053, "pred_gen_anomaly": 0.057, "pred_gen_anomaly_lo": -0.27, "pred_gen_anomaly_hi": 0.427, "pred_gen_anomaly_3mo": -0.052, "has_generation_truth": false, "confidence": "short residence time (weak area signal)", "match_method": "hydrolakes_pour"}}, {"type": "Feature", "geometry": {"type": "Point", "coordinates": [-115.451517, 43.357066]}, "properties": {"gww_id": 86057, "name": "Anderson Ranch", "reservoir": "Anderson Ranch", "country": "USA", "iso3": "USA", "capacity_mw": 40.0, "latest_month": "2026-05", "area_km2": 18.29, "area_anomaly": 0.16, "area_anomaly_3mo": 0.066, "precip_12mo_anomaly": 0.043, "pred_gen_anomaly": 0.054, "pred_gen_anomaly_lo": -0.479, "pred_gen_anomaly_hi": 0.635, "pred_gen_anomaly_3mo": 0.072, "has_generation_truth": true, "confidence": "carry-over storage (validated class)", "match_method": "hydrolakes_pour"}}, {"type": "Feature", "geometry": {"type": "Point", "coordinates": [101.3947, 23.1008]}, "properties": {"gww_id": 84092, "name": "Yayangshan Dam", "reservoir": "\u5d16\u7f8a\u5c71\u6c34\u5e93", "country": "China", "iso3": "CHN", "capacity_mw": 120.0, "latest_month": "2026-05", "area_km2": 6.07, "area_anomaly": 0.096, "area_anomaly_3mo": 0.124, "precip_12mo_anomaly": 0.243, "pred_gen_anomaly": 0.19, "pred_gen_anomaly_lo": -0.372, "pred_gen_anomaly_hi": 0.792, "pred_gen_anomaly_3mo": 0.151, "has_generation_truth": false, "confidence": "unknown residence time", "match_method": "gww_polygon"}}, {"type": "Feature", "geometry": {"type": "Point", "coordinates": [102.22, 28.92]}, "properties": {"gww_id": 83127, "name": "Yele Asphalt", "reservoir": null, "country": "China", "iso3": "CHN", "capacity_mw": 240.0, "latest_month": "2026-05", "area_km2": 4.91, "area_anomaly": 0.07, "area_anomaly_3mo": -0.005, "precip_12mo_anomaly": 0.044, "pred_gen_anomaly": 0.095, "pred_gen_anomaly_lo": -0.438, "pred_gen_anomaly_hi": 0.642, "pred_gen_anomaly_3mo": 0.057, "has_generation_truth": false, "confidence": "unknown residence time", "match_method": "gww_polygon"}}, {"type": "Feature", "geometry": {"type": "Point", "coordinates": [102.0574, 22.7049]}, "properties": {"gww_id": 85236, "name": "Gelantan Dam", "reservoir": "\u6208\u5170\u6ee9\u6c34\u5e93", "country": "China", "iso3": "CHN", "capacity_mw": 675.0, "latest_month": "2026-05", "area_km2": 8.6, "area_anomaly": 0.057, "area_anomaly_3mo": 0.113, "precip_12mo_anomaly": 0.243, "pred_gen_anomaly": 0.202, "pred_gen_anomaly_lo": -0.348, "pred_gen_anomaly_hi": 0.754, "pred_gen_anomaly_3mo": 0.15, "has_generation_truth": false, "confidence": "unknown residence time", "match_method": "gww_polygon"}}, {"type": "Feature", "geometry": {"type": "Point", "coordinates": [-84.3767, 43.814]}, "properties": {"gww_id": 84505, "name": "Edenville", "reservoir": null, "country": "USA", "iso3": "USA", "capacity_mw": 4.8, "latest_month": "2026-05", "area_km2": 1.0, "area_anomaly": -0.924, "area_anomaly_3mo": -0.484, "precip_12mo_anomaly": 0.025, "pred_gen_anomaly": -0.525, "pred_gen_anomaly_lo": -0.926, "pred_gen_anomaly_hi": 0.121, "pred_gen_anomaly_3mo": -0.435, "has_generation_truth": true, "confidence": "carry-over storage (validated class)", "match_method": "hydrolakes_pour"}}, {"type": "Feature", "geometry": {"type": "Point", "coordinates": [-71.8169, -37.7103]}, "properties": {"gww_id": 82112, "name": "ANGOSTURA", "reservoir": null, "country": "Chile", "iso3": "CHL", "capacity_mw": 324.0, "latest_month": "2026-05", "area_km2": 6.38, "area_anomaly": 0.004, "area_anomaly_3mo": 0.21, "precip_12mo_anomaly": -0.179, "pred_gen_anomaly": 0.039, "pred_gen_anomaly_lo": -0.401, "pred_gen_anomaly_hi": 0.651, "pred_gen_anomaly_3mo": 0.05, "has_generation_truth": false, "confidence": "unknown residence time", "match_method": "gww_polygon"}}, {"type": "Feature", "geometry": {"type": "Point", "coordinates": [-122.332335, 39.814905]}, "properties": {"gww_id": 84661, "name": "Black Butte", "reservoir": "Black Butte Lake", "country": "USA", "iso3": "USA", "capacity_mw": 6.1, "latest_month": "2026-05", "area_km2": 12.12, "area_anomaly": 0.032, "area_anomaly_3mo": 0.011, "precip_12mo_anomaly": -0.11, "pred_gen_anomaly": -0.27, "pred_gen_anomaly_lo": -0.817, "pred_gen_anomaly_hi": 0.249, "pred_gen_anomaly_3mo": -0.171, "has_generation_truth": true, "confidence": "short residence time (weak area signal)", "match_method": "hydrolakes_pour"}}, {"type": "Feature", "geometry": {"type": "Point", "coordinates": [-79.4025, 37.0933]}, "properties": {"gww_id": 85223, "name": "Leesville", "reservoir": null, "country": "USA", "iso3": "USA", "capacity_mw": 40.0, "latest_month": "2026-05", "area_km2": 9.08, "area_anomaly": -0.049, "area_anomaly_3mo": 0.002, "precip_12mo_anomaly": -0.096, "pred_gen_anomaly": -0.214, "pred_gen_anomaly_lo": -0.557, "pred_gen_anomaly_hi": 0.15, "pred_gen_anomaly_3mo": -0.2, "has_generation_truth": true, "confidence": "short residence time (weak area signal)", "match_method": "hydrolakes_pour"}}, {"type": "Feature", "geometry": {"type": "Point", "coordinates": [19.1067, 44.3679]}, "properties": {"gww_id": 84100, "name": "Zvornik Hydroelectric Power Plant Serbia - Zvornik Hydroelectric Power Plant Serbia", "reservoir": null, "country": "Serbia", "iso3": "SRB", "capacity_mw": 96.0, "latest_month": "2026-05", "area_km2": 8.65, "area_anomaly": 0.001, "area_anomaly_3mo": -0.016, "precip_12mo_anomaly": 0.112, "pred_gen_anomaly": 0.125, "pred_gen_anomaly_lo": -0.21, "pred_gen_anomaly_hi": 0.473, "pred_gen_anomaly_3mo": 0.165, "has_generation_truth": false, "confidence": "short residence time (weak area signal)", "match_method": "hydrolakes_pour"}}, {"type": "Feature", "geometry": {"type": "Point", "coordinates": [-70.209378, 44.152854]}, "properties": {"gww_id": 83812, "name": "Gulf Island", "reservoir": null, "country": "USA", "iso3": "USA", "capacity_mw": 30.6, "latest_month": "2026-05", "area_km2": 7.93, "area_anomaly": -0.011, "area_anomaly_3mo": 0.04, "precip_12mo_anomaly": -0.116, "pred_gen_anomaly": 0.028, "pred_gen_anomaly_lo": -0.316, "pred_gen_anomaly_hi": 0.389, "pred_gen_anomaly_3mo": -0.031, "has_generation_truth": true, "confidence": "short residence time (weak area signal)", "match_method": "hydrolakes_pour"}}, {"type": "Feature", "geometry": {"type": "Point", "coordinates": [20.380167, 66.503203]}, "properties": {"gww_id": 86045, "name": "Letsi Letsi G1 - Letsi Hydroelectric Power Plant Sweden", "reservoir": null, "country": "Sweden", "iso3": "SWE", "capacity_mw": 435.0, "latest_month": "2026-05", "area_km2": 17.99, "area_anomaly": 0.065, "area_anomaly_3mo": 0.019, "precip_12mo_anomaly": 0.236, "pred_gen_anomaly": 0.193, "pred_gen_anomaly_lo": -0.202, "pred_gen_anomaly_hi": 0.628, "pred_gen_anomaly_3mo": 0.27, "has_generation_truth": false, "confidence": "short residence time (weak area signal)", "match_method": "hydrolakes_pour"}}, {"type": "Feature", "geometry": {"type": "Point", "coordinates": [-80.0281, 36.7803]}, "properties": {"gww_id": 85437, "name": "Philpott Lake", "reservoir": "Philpott Reservoir", "country": "USA", "iso3": "USA", "capacity_mw": 14.0, "latest_month": "2026-05", "area_km2": 9.85, "area_anomaly": 0.024, "area_anomaly_3mo": 0.021, "precip_12mo_anomaly": -0.091, "pred_gen_anomaly": -0.214, "pred_gen_anomaly_lo": -0.686, "pred_gen_anomaly_hi": 0.243, "pred_gen_anomaly_3mo": -0.188, "has_generation_truth": true, "confidence": "carry-over storage (validated class)", "match_method": "hydrolakes_pour"}}, {"type": "Feature", "geometry": {"type": "Point", "coordinates": [-88.1997, 45.2794]}, "properties": {"gww_id": 82830, "name": "High Falls (WI)", "reservoir": "Johnson Falls Reservoir", "country": "USA", "iso3": "USA", "capacity_mw": 7.0, "latest_month": "2026-05", "area_km2": 5.72, "area_anomaly": 0.016, "area_anomaly_3mo": 0.064, "precip_12mo_anomaly": 0.116, "pred_gen_anomaly": 0.119, "pred_gen_anomaly_lo": -0.447, "pred_gen_anomaly_hi": 0.654, "pred_gen_anomaly_3mo": 0.092, "has_generation_truth": true, "confidence": "short residence time (weak area signal)", "match_method": "gww_polygon"}}, {"type": "Feature", "geometry": {"type": "Point", "coordinates": [74.8097, 33.142]}, "properties": {"gww_id": 83646, "name": "SALAL I & II", "reservoir": null, "country": "India", "iso3": "IND", "capacity_mw": 690.0, "latest_month": "2026-05", "area_km2": 5.56, "area_anomaly": -0.094, "area_anomaly_3mo": -0.049, "precip_12mo_anomaly": 0.32, "pred_gen_anomaly": 0.053, "pred_gen_anomaly_lo": -0.285, "pred_gen_anomaly_hi": 0.574, "pred_gen_anomaly_3mo": 0.02, "has_generation_truth": false, "confidence": "short residence time (weak area signal)", "match_method": "hydrolakes_pour"}}, {"type": "Feature", "geometry": {"type": "Point", "coordinates": [-68.3467, 49.3213]}, "properties": {"gww_id": 85213, "name": "Jean-Lesage (Manic-2)", "reservoir": null, "country": "Canada", "iso3": "CAN", "capacity_mw": 1648.0, "latest_month": "2026-05", "area_km2": 12.49, "area_anomaly": -0.005, "area_anomaly_3mo": 0.045, "precip_12mo_anomaly": 0.608, "pred_gen_anomaly": 0.561, "pred_gen_anomaly_lo": -0.202, "pred_gen_anomaly_hi": 0.845, "pred_gen_anomaly_3mo": 0.546, "has_generation_truth": false, "confidence": "short residence time (weak area signal)", "match_method": "hydrolakes_pour"}}, {"type": "Feature", "geometry": {"type": "Point", "coordinates": [-6.5058, 53.1233]}, "properties": {"gww_id": 86046, "name": "Liffey Scheme / Poulaphouca", "reservoir": null, "country": "Ireland", "iso3": "IRL", "capacity_mw": 38.0, "latest_month": "2026-05", "area_km2": 18.57, "area_anomaly": 0.01, "area_anomaly_3mo": -0.008, "precip_12mo_anomaly": 0.19, "pred_gen_anomaly": 0.112, "pred_gen_anomaly_lo": -0.367, "pred_gen_anomaly_hi": 0.513, "pred_gen_anomaly_3mo": 0.157, "has_generation_truth": false, "confidence": "unknown residence time", "match_method": "gww_polygon"}}, {"type": "Feature", "geometry": {"type": "Point", "coordinates": [-89.4205, 45.6394]}, "properties": {"gww_id": 84450, "name": "Rhinelander Mill", "reservoir": "Rhinelander", "country": "USA", "iso3": "USA", "capacity_mw": 2.0, "latest_month": "2026-05", "area_km2": 8.58, "area_anomaly": 0.009, "area_anomaly_3mo": 0.04, "precip_12mo_anomaly": 0.132, "pred_gen_anomaly": 0.124, "pred_gen_anomaly_lo": -0.422, "pred_gen_anomaly_hi": 0.671, "pred_gen_anomaly_3mo": 0.127, "has_generation_truth": true, "confidence": "short residence time (weak area signal)", "match_method": "hydrolakes_pour"}}, {"type": "Feature", "geometry": {"type": "Point", "coordinates": [38.1859, 40.242]}, "properties": {"gww_id": 83532, "name": "K?l?\u00c3\u00a7kaya Dam", "reservoir": null, "country": "Turkey", "iso3": "TUR", "capacity_mw": 124.0, "latest_month": "2026-05", "area_km2": 5.62, "area_anomaly": -0.384, "area_anomaly_3mo": -0.517, "precip_12mo_anomaly": 0.303, "pred_gen_anomaly": -0.026, "pred_gen_anomaly_lo": -0.533, "pred_gen_anomaly_hi": 0.512, "pred_gen_anomaly_3mo": -0.181, "has_generation_truth": false, "confidence": "carry-over storage (validated class)", "match_method": "hydrolakes_pour"}}, {"type": "Feature", "geometry": {"type": "Point", "coordinates": [44.7721, 42.1349]}, "properties": {"gww_id": 83898, "name": "Zhinvali Hydroelectric Power Plant Georgia", "reservoir": null, "country": "Georgia", "iso3": "GEO", "capacity_mw": 130.0, "latest_month": "2026-05", "area_km2": 9.56, "area_anomaly": -0.038, "area_anomaly_3mo": -0.096, "precip_12mo_anomaly": 0.16, "pred_gen_anomaly": 0.152, "pred_gen_anomaly_lo": -0.286, "pred_gen_anomaly_hi": 0.576, "pred_gen_anomaly_3mo": 0.077, "has_generation_truth": false, "confidence": "carry-over storage (validated class)", "match_method": "hydrolakes_pour"}}, {"type": "Feature", "geometry": {"type": "Point", "coordinates": [40.0855, 39.1278]}, "properties": {"gww_id": 86077, "name": "\u00c3\u0096zl\u00c3\u00bcce Dam", "reservoir": null, "country": "Turkey", "iso3": "TUR", "capacity_mw": 170.0, "latest_month": "2026-05", "area_km2": 18.99, "area_anomaly": -0.07, "area_anomaly_3mo": -0.026, "precip_12mo_anomaly": 0.238, "pred_gen_anomaly": 0.329, "pred_gen_anomaly_lo": -0.318, "pred_gen_anomaly_hi": 0.987, "pred_gen_anomaly_3mo": 0.211, "has_generation_truth": false, "confidence": "carry-over storage (validated class)", "match_method": "hydrolakes_pour"}}, {"type": "Feature", "geometry": {"type": "Point", "coordinates": [20.6631, 49.7614]}, "properties": {"gww_id": 85302, "name": "Roznow Roznow Hydroelectric Power Plant Poland - Roznow Hydroelectric Power Plant Poland", "reservoir": null, "country": "Poland", "iso3": "POL", "capacity_mw": 50.0, "latest_month": "2026-05", "area_km2": 11.69, "area_anomaly": -0.039, "area_anomaly_3mo": 0.012, "precip_12mo_anomaly": -0.146, "pred_gen_anomaly": -0.211, "pred_gen_anomaly_lo": -0.581, "pred_gen_anomaly_hi": 0.159, "pred_gen_anomaly_3mo": -0.141, "has_generation_truth": false, "confidence": "short residence time (weak area signal)", "match_method": "hydrolakes_pour"}}, {"type": "Feature", "geometry": {"type": "Point", "coordinates": [45.85, 39.6494]}, "properties": {"gww_id": 83112, "name": "Spandaryan", "reservoir": null, "country": "Armenia", "iso3": "ARM", "capacity_mw": 76.0, "latest_month": "2026-05", "area_km2": 5.55, "area_anomaly": -0.055, "area_anomaly_3mo": -0.123, "precip_12mo_anomaly": 0.317, "pred_gen_anomaly": 0.211, "pred_gen_anomaly_lo": -0.502, "pred_gen_anomaly_hi": 0.862, "pred_gen_anomaly_3mo": 0.042, "has_generation_truth": false, "confidence": "carry-over storage (validated class)", "match_method": "hydrolakes_pour"}}, {"type": "Feature", "geometry": {"type": "Point", "coordinates": [-69.8658, 45.4592]}, "properties": {"gww_id": 85382, "name": "Harris Hydro", "reservoir": "Harris", "country": "USA", "iso3": "USA", "capacity_mw": 76.4, "latest_month": "2026-05", "area_km2": 13.23, "area_anomaly": -0.005, "area_anomaly_3mo": 0.012, "precip_12mo_anomaly": -0.095, "pred_gen_anomaly": 0.046, "pred_gen_anomaly_lo": -0.323, "pred_gen_anomaly_hi": 0.415, "pred_gen_anomaly_3mo": 0.013, "has_generation_truth": true, "confidence": "short residence time (weak area signal)", "match_method": "hydrolakes_pour"}}, {"type": "Feature", "geometry": {"type": "Point", "coordinates": [-122.2511, 44.7224]}, "properties": {"gww_id": 84638, "name": "Detroit", "reservoir": "Detroit Lake", "country": "USA", "iso3": "USA", "capacity_mw": 100.0, "latest_month": "2026-05", "area_km2": 12.37, "area_anomaly": 0.016, "area_anomaly_3mo": 0.004, "precip_12mo_anomaly": -0.13, "pred_gen_anomaly": -0.135, "pred_gen_anomaly_lo": -0.49, "pred_gen_anomaly_hi": 0.213, "pred_gen_anomaly_3mo": -0.147, "has_generation_truth": true, "confidence": "carry-over storage (validated class)", "match_method": "hydrolakes_pour"}}, {"type": "Feature", "geometry": {"type": "Point", "coordinates": [-75.059441, 44.211407]}, "properties": {"gww_id": 61931, "name": "Browns Falls", "reservoir": null, "country": "USA", "iso3": "USA", "capacity_mw": 21.0, "latest_month": "2026-05", "area_km2": 0.51, "area_anomaly": 0.035, "area_anomaly_3mo": 0.021, "precip_12mo_anomaly": -0.032, "pred_gen_anomaly": 0.065, "pred_gen_anomaly_lo": -0.415, "pred_gen_anomaly_hi": 0.507, "pred_gen_anomaly_3mo": -0.009, "has_generation_truth": true, "confidence": "unknown residence time", "match_method": "gww_polygon"}}, {"type": "Feature", "geometry": {"type": "Point", "coordinates": [103.48, 29.31]}, "properties": {"gww_id": 85805, "name": "Gongzui", "reservoir": null, "country": "China", "iso3": "CHN", "capacity_mw": 770.0, "latest_month": "2026-05", "area_km2": 11.35, "area_anomaly": -0.084, "area_anomaly_3mo": -0.063, "precip_12mo_anomaly": 0.057, "pred_gen_anomaly": 0.091, "pred_gen_anomaly_lo": -0.419, "pred_gen_anomaly_hi": 0.546, "pred_gen_anomaly_3mo": 0.056, "has_generation_truth": false, "confidence": "short residence time (weak area signal)", "match_method": "hydrolakes_pour"}}, {"type": "Feature", "geometry": {"type": "Point", "coordinates": [-120.814942, 38.149582]}, "properties": {"gww_id": 85392, "name": "New Hogan Power Plant", "reservoir": "New Hogan Lake", "country": "USA", "iso3": "USA", "capacity_mw": 3.0, "latest_month": "2026-05", "area_km2": 12.95, "area_anomaly": 0.137, "area_anomaly_3mo": 0.144, "precip_12mo_anomaly": -0.047, "pred_gen_anomaly": -0.044, "pred_gen_anomaly_lo": -0.816, "pred_gen_anomaly_hi": 0.668, "pred_gen_anomaly_3mo": 0.027, "has_generation_truth": true, "confidence": "carry-over storage (validated class)", "match_method": "hydrolakes_pour"}}, {"type": "Feature", "geometry": {"type": "Point", "coordinates": [47.1982, 33.2923]}, "properties": {"gww_id": 84663, "name": "Seymareh", "reservoir": null, "country": "Iran", "iso3": "IRN", "capacity_mw": 480.0, "latest_month": "2026-05", "area_km2": 15.38, "area_anomaly": 0.43, "area_anomaly_3mo": 0.368, "precip_12mo_anomaly": 0.108, "pred_gen_anomaly": 0.501, "pred_gen_anomaly_lo": -0.205, "pred_gen_anomaly_hi": 1.132, "pred_gen_anomaly_3mo": 0.406, "has_generation_truth": false, "confidence": "unknown residence time", "match_method": "gww_polygon"}}, {"type": "Feature", "geometry": {"type": "Point", "coordinates": [108.2, 29.2]}, "properties": {"gww_id": 83664, "name": "Pengshui", "reservoir": "\u5f6d\u6c34\u6c34\u5e93", "country": "China", "iso3": "CHN", "capacity_mw": 1750.0, "latest_month": "2026-05", "area_km2": 7.6, "area_anomaly": 0.053, "area_anomaly_3mo": 0.05, "precip_12mo_anomaly": 0.251, "pred_gen_anomaly": 0.108, "pred_gen_anomaly_lo": -0.375, "pred_gen_anomaly_hi": 0.635, "pred_gen_anomaly_3mo": 0.124, "has_generation_truth": false, "confidence": "unknown residence time", "match_method": "gww_polygon"}}, {"type": "Feature", "geometry": {"type": "Point", "coordinates": [-117.1831, 33.8361]}, "properties": {"gww_id": 83176, "name": "Perris", "reservoir": null, "country": "USA", "iso3": "USA", "capacity_mw": 8.0, "latest_month": "2026-05", "area_km2": 8.79, "area_anomaly": 0.124, "area_anomaly_3mo": 0.134, "precip_12mo_anomaly": 0.182, "pred_gen_anomaly": 0.306, "pred_gen_anomaly_lo": -1.089, "pred_gen_anomaly_hi": 1.443, "pred_gen_anomaly_3mo": 0.259, "has_generation_truth": true, "confidence": "carry-over storage (validated class)", "match_method": "hydrolakes_pour"}}, {"type": "Feature", "geometry": {"type": "Point", "coordinates": [127.6779, 37.836]}, "properties": {"gww_id": 85619, "name": "Uiam", "reservoir": null, "country": "South Korea", "iso3": "KOR", "capacity_mw": 48.0, "latest_month": "2026-05", "area_km2": 13.31, "area_anomaly": -0.006, "area_anomaly_3mo": 0.003, "precip_12mo_anomaly": 0.12, "pred_gen_anomaly": 0.058, "pred_gen_anomaly_lo": -0.344, "pred_gen_anomaly_hi": 0.463, "pred_gen_anomaly_3mo": 0.089, "has_generation_truth": false, "confidence": "short residence time (weak area signal)", "match_method": "hydrolakes_pour"}}, {"type": "Feature", "geometry": {"type": "Point", "coordinates": [36.6493, 40.9367]}, "properties": {"gww_id": 84181, "name": "Hasan U?urlu Dam", "reservoir": null, "country": "Turkey", "iso3": "TUR", "capacity_mw": 500.0, "latest_month": "2026-05", "area_km2": 10.3, "area_anomaly": 0.04, "area_anomaly_3mo": 0.022, "precip_12mo_anomaly": 0.359, "pred_gen_anomaly": 0.667, "pred_gen_anomaly_lo": -0.136, "pred_gen_anomaly_hi": 1.303, "pred_gen_anomaly_3mo": 0.495, "has_generation_truth": false, "confidence": "short residence time (weak area signal)", "match_method": "hydrolakes_pour"}}, {"type": "Feature", "geometry": {"type": "Point", "coordinates": [136.9104, 36.1379]}, "properties": {"gww_id": 83510, "name": "Miboro", "reservoir": "Miboroko", "country": "Japan", "iso3": "JPN", "capacity_mw": 215.0, "latest_month": "2026-05", "area_km2": 5.8, "area_anomaly": -0.128, "area_anomaly_3mo": -0.127, "precip_12mo_anomaly": 0.561, "pred_gen_anomaly": 0.343, "pred_gen_anomaly_lo": -0.398, "pred_gen_anomaly_hi": 0.813, "pred_gen_anomaly_3mo": 0.489, "has_generation_truth": false, "confidence": "carry-over storage (validated class)", "match_method": "hydrolakes_pour"}}, {"type": "Feature", "geometry": {"type": "Point", "coordinates": [-108.574002, 37.57522]}, "properties": {"gww_id": 85825, "name": "McPhee", "reservoir": "McPhee", "country": "USA", "iso3": "USA", "capacity_mw": 1.2, "latest_month": "2026-05", "area_km2": 10.75, "area_anomaly": -0.221, "area_anomaly_3mo": -0.182, "precip_12mo_anomaly": 0.104, "pred_gen_anomaly": -0.135, "pred_gen_anomaly_lo": -0.822, "pred_gen_anomaly_hi": 0.344, "pred_gen_anomaly_3mo": -0.165, "has_generation_truth": true, "confidence": "carry-over storage (validated class)", "match_method": "hydrolakes_pour"}}, {"type": "Feature", "geometry": {"type": "Point", "coordinates": [91.4955, 52.9704]}, "properties": {"gww_id": 84195, "name": "Mainskaya HPP", "reservoir": "Sayano-Shushenskoye", "country": "Russia", "iso3": "RUS", "capacity_mw": 321.0, "latest_month": "2026-05", "area_km2": 9.62, "area_anomaly": 0.013, "area_anomaly_3mo": 0.046, "precip_12mo_anomaly": 0.025, "pred_gen_anomaly": -0.018, "pred_gen_anomaly_lo": -0.328, "pred_gen_anomaly_hi": 0.3, "pred_gen_anomaly_3mo": -0.0, "has_generation_truth": false, "confidence": "short residence time (weak area signal)", "match_method": "gww_polygon"}}, {"type": "Feature", "geometry": {"type": "Point", "coordinates": [0.241, 42.164001]}, "properties": {"gww_id": 84702, "name": "GRADO I 1", "reservoir": null, "country": "Spain", "iso3": "ESP", "capacity_mw": 46.0, "latest_month": "2026-05", "area_km2": 11.66, "area_anomaly": 0.011, "area_anomaly_3mo": 0.003, "precip_12mo_anomaly": 0.159, "pred_gen_anomaly": 0.12, "pred_gen_anomaly_lo": -0.43, "pred_gen_anomaly_hi": 0.737, "pred_gen_anomaly_3mo": 0.196, "has_generation_truth": false, "confidence": "carry-over storage (validated class)", "match_method": "hydrolakes_pour"}}, {"type": "Feature", "geometry": {"type": "Point", "coordinates": [-73.2969, 4.9008]}, "properties": {"gww_id": 84198, "name": "Chivor", "reservoir": null, "country": "Colombia", "iso3": "COL", "capacity_mw": 1000.0, "latest_month": "2026-05", "area_km2": 8.46, "area_anomaly": 0.068, "area_anomaly_3mo": 0.046, "precip_12mo_anomaly": 0.026, "pred_gen_anomaly": 0.005, "pred_gen_anomaly_lo": -0.346, "pred_gen_anomaly_hi": 0.676, "pred_gen_anomaly_3mo": 0.069, "has_generation_truth": false, "confidence": "carry-over storage (validated class)", "match_method": "hydrolakes_pour"}}, {"type": "Feature", "geometry": {"type": "Point", "coordinates": [-91.047211, 45.491826]}, "properties": {"gww_id": 83179, "name": "Flambeau Hydroelectric Station", "reservoir": "Diaryland Reservoir", "country": "USA", "iso3": "USA", "capacity_mw": 31.0, "latest_month": "2026-05", "area_km2": 7.34, "area_anomaly": 0.01, "area_anomaly_3mo": 0.044, "precip_12mo_anomaly": 0.144, "pred_gen_anomaly": 0.148, "pred_gen_anomaly_lo": -0.311, "pred_gen_anomaly_hi": 0.572, "pred_gen_anomaly_3mo": 0.099, "has_generation_truth": true, "confidence": "short residence time (weak area signal)", "match_method": "hydrolakes_pour"}}, {"type": "Feature", "geometry": {"type": "Point", "coordinates": [-106.717536, 42.548412]}, "properties": {"gww_id": 83668, "name": "Alcova", "reservoir": "Alcova", "country": "USA", "iso3": "USA", "capacity_mw": 41.4, "latest_month": "2026-05", "area_km2": 8.88, "area_anomaly": 0.01, "area_anomaly_3mo": 0.001, "precip_12mo_anomaly": 0.088, "pred_gen_anomaly": -0.042, "pred_gen_anomaly_lo": -0.495, "pred_gen_anomaly_hi": 0.559, "pred_gen_anomaly_3mo": -0.002, "has_generation_truth": true, "confidence": "short residence time (weak area signal)", "match_method": "hydrolakes_pour"}}, {"type": "Feature", "geometry": {"type": "Point", "coordinates": [24.714001, 65.931]}, "properties": {"gww_id": 86037, "name": "Taivalkoski", "reservoir": null, "country": "Finland", "iso3": "FIN", "capacity_mw": 133.0, "latest_month": "2026-05", "area_km2": 16.07, "area_anomaly": 0.017, "area_anomaly_3mo": 0.023, "precip_12mo_anomaly": 0.266, "pred_gen_anomaly": 0.07, "pred_gen_anomaly_lo": -0.364, "pred_gen_anomaly_hi": 0.411, "pred_gen_anomaly_3mo": 0.201, "has_generation_truth": false, "confidence": "short residence time (weak area signal)", "match_method": "hydrolakes_pour"}}, {"type": "Feature", "geometry": {"type": "Point", "coordinates": [28.58807093, -31.99942907]}, "properties": {"gww_id": 62152, "name": "Collywobbles", "reservoir": null, "country": "South Africa", "iso3": "ZAF", "capacity_mw": 42.0, "latest_month": "2026-05", "area_km2": 0.5, "area_anomaly": -0.17, "area_anomaly_3mo": -0.162, "precip_12mo_anomaly": -0.153, "pred_gen_anomaly": -0.271, "pred_gen_anomaly_lo": -0.803, "pred_gen_anomaly_hi": 0.2, "pred_gen_anomaly_3mo": -0.202, "has_generation_truth": false, "confidence": "unknown residence time", "match_method": "gww_polygon"}}, {"type": "Feature", "geometry": {"type": "Point", "coordinates": [-104.760634, 42.289868]}, "properties": {"gww_id": 83519, "name": "Guernsey", "reservoir": "Guernsey", "country": "USA", "iso3": "USA", "capacity_mw": 6.4, "latest_month": "2026-05", "area_km2": 6.55, "area_anomaly": -0.087, "area_anomaly_3mo": -0.027, "precip_12mo_anomaly": 0.084, "pred_gen_anomaly": -0.046, "pred_gen_anomaly_lo": -0.603, "pred_gen_anomaly_hi": 0.741, "pred_gen_anomaly_3mo": 0.008, "has_generation_truth": true, "confidence": "short residence time (weak area signal)", "match_method": "hydrolakes_pour"}}, {"type": "Feature", "geometry": {"type": "Point", "coordinates": [23.059, 46.6679]}, "properties": {"gww_id": 82385, "name": "Hpp mariselu / M\u00c4\u0083ri\u00c8\u0099elu ", "reservoir": null, "country": "Romania", "iso3": "ROU", "capacity_mw": 221.0, "latest_month": "2026-05", "area_km2": 6.21, "area_anomaly": 0.053, "area_anomaly_3mo": 0.074, "precip_12mo_anomaly": -0.102, "pred_gen_anomaly": -0.039, "pred_gen_anomaly_lo": -0.43, "pred_gen_anomaly_hi": 0.315, "pred_gen_anomaly_3mo": 0.085, "has_generation_truth": false, "confidence": "short residence time (weak area signal)", "match_method": "hydrolakes_pour"}}, {"type": "Feature", "geometry": {"type": "Point", "coordinates": [-88.3457, 49.1536]}, "properties": {"gww_id": 83808, "name": "Cameron Falls - OPG", "reservoir": null, "country": "Canada", "iso3": "CAN", "capacity_mw": 92.0, "latest_month": "2026-05", "area_km2": 9.47, "area_anomaly": 0.029, "area_anomaly_3mo": 0.062, "precip_12mo_anomaly": 0.25, "pred_gen_anomaly": 0.241, "pred_gen_anomaly_lo": -0.184, "pred_gen_anomaly_hi": 0.584, "pred_gen_anomaly_3mo": 0.205, "has_generation_truth": false, "confidence": "short residence time (weak area signal)", "match_method": "gww_polygon"}}, {"type": "Feature", "geometry": {"type": "Point", "coordinates": [13.54035, 63.74985]}, "properties": {"gww_id": 83662, "name": "Olden", "reservoir": null, "country": "Sweden", "iso3": "SWE", "capacity_mw": 116.0, "latest_month": "2026-05", "area_km2": 9.34, "area_anomaly": -0.024, "area_anomaly_3mo": 0.048, "precip_12mo_anomaly": -0.071, "pred_gen_anomaly": -0.039, "pred_gen_anomaly_lo": -0.474, "pred_gen_anomaly_hi": 0.427, "pred_gen_anomaly_3mo": 0.036, "has_generation_truth": false, "confidence": "carry-over storage (validated class)", "match_method": "hydrolakes_pour"}}, {"type": "Feature", "geometry": {"type": "Point", "coordinates": [24.400417, 44.26625]}, "properties": {"gww_id": 85446, "name": "Ipotesti", "reservoir": null, "country": "Romania", "iso3": "ROU", "capacity_mw": 53.0, "latest_month": "2026-05", "area_km2": 14.89, "area_anomaly": 0.012, "area_anomaly_3mo": 0.005, "precip_12mo_anomaly": 0.066, "pred_gen_anomaly": -0.036, "pred_gen_anomaly_lo": -0.408, "pred_gen_anomaly_hi": 0.349, "pred_gen_anomaly_3mo": 0.162, "has_generation_truth": false, "confidence": "short residence time (weak area signal)", "match_method": "gww_polygon"}}, {"type": "Feature", "geometry": {"type": "Point", "coordinates": [-116.7008, 45.2439]}, "properties": {"gww_id": 84690, "name": "Hells Canyon", "reservoir": "Hells Canyon Reservoir", "country": "USA", "iso3": "USA", "capacity_mw": 411.1, "latest_month": "2026-05", "area_km2": 8.42, "area_anomaly": -0.021, "area_anomaly_3mo": -0.026, "precip_12mo_anomaly": 0.021, "pred_gen_anomaly": 0.038, "pred_gen_anomaly_lo": -0.336, "pred_gen_anomaly_hi": 0.353, "pred_gen_anomaly_3mo": 0.036, "has_generation_truth": true, "confidence": "unknown residence time", "match_method": "gww_polygon"}}, {"type": "Feature", "geometry": {"type": "Point", "coordinates": [-91.127222, 45.223611]}, "properties": {"gww_id": 85448, "name": "Holcombe", "reservoir": null, "country": "USA", "iso3": "USA", "capacity_mw": 33.9, "latest_month": "2026-05", "area_km2": 12.47, "area_anomaly": -0.004, "area_anomaly_3mo": 0.025, "precip_12mo_anomaly": 0.145, "pred_gen_anomaly": 0.121, "pred_gen_anomaly_lo": -0.358, "pred_gen_anomaly_hi": 0.558, "pred_gen_anomaly_3mo": 0.1, "has_generation_truth": true, "confidence": "short residence time (weak area signal)", "match_method": "hydrolakes_pour"}}, {"type": "Feature", "geometry": {"type": "Point", "coordinates": [-120.879153, 37.860653]}, "properties": {"gww_id": 82812, "name": "Woodward Power Plant", "reservoir": null, "country": "USA", "iso3": "USA", "capacity_mw": 2.8, "latest_month": "2026-05", "area_km2": 6.79, "area_anomaly": 0.005, "area_anomaly_3mo": 0.02, "precip_12mo_anomaly": -0.047, "pred_gen_anomaly": -0.156, "pred_gen_anomaly_lo": -1.0, "pred_gen_anomaly_hi": 0.698, "pred_gen_anomaly_3mo": -0.104, "has_generation_truth": true, "confidence": "short residence time (weak area signal)", "match_method": "hydrolakes_pour"}}, {"type": "Feature", "geometry": {"type": "Point", "coordinates": [-73.707983, 42.78498]}, "properties": {"gww_id": 84124, "name": "School Street", "reservoir": null, "country": "USA", "iso3": "USA", "capacity_mw": 68.3, "latest_month": "2026-05", "area_km2": 7.2, "area_anomaly": 0.029, "area_anomaly_3mo": 0.086, "precip_12mo_anomaly": -0.104, "pred_gen_anomaly": 0.013, "pred_gen_anomaly_lo": -0.285, "pred_gen_anomaly_hi": 0.381, "pred_gen_anomaly_3mo": 0.019, "has_generation_truth": true, "confidence": "short residence time (weak area signal)", "match_method": "hydrolakes_pour"}}, {"type": "Feature", "geometry": {"type": "Point", "coordinates": [-83.0028, 35.2139]}, "properties": {"gww_id": 61663, "name": "Tennessee Creek", "reservoir": "Wolf Creek Lake", "country": "USA", "iso3": "USA", "capacity_mw": 10.8, "latest_month": "2026-05", "area_km2": 0.56, "area_anomaly": 0.087, "area_anomaly_3mo": 0.039, "precip_12mo_anomaly": -0.092, "pred_gen_anomaly": -0.234, "pred_gen_anomaly_lo": -0.811, "pred_gen_anomaly_hi": 0.371, "pred_gen_anomaly_3mo": -0.29, "has_generation_truth": true, "confidence": "unknown residence time", "match_method": "gww_polygon"}}, {"type": "Feature", "geometry": {"type": "Point", "coordinates": [-116.0583, 43.528]}, "properties": {"gww_id": 83807, "name": "Lucky Peak Power Plant Project", "reservoir": "Lucky Peak Lake", "country": "USA", "iso3": "USA", "capacity_mw": 101.2, "latest_month": "2026-05", "area_km2": 9.03, "area_anomaly": 0.108, "area_anomaly_3mo": 0.108, "precip_12mo_anomaly": 0.039, "pred_gen_anomaly": 0.118, "pred_gen_anomaly_lo": -0.349, "pred_gen_anomaly_hi": 0.698, "pred_gen_anomaly_3mo": 0.078, "has_generation_truth": true, "confidence": "carry-over storage (validated class)", "match_method": "hydrolakes_pour"}}, {"type": "Feature", "geometry": {"type": "Point", "coordinates": [-72.9144, 42.7936]}, "properties": {"gww_id": 83158, "name": "Harriman", "reservoir": null, "country": "USA", "iso3": "USA", "capacity_mw": 33.6, "latest_month": "2026-05", "area_km2": 7.46, "area_anomaly": 0.026, "area_anomaly_3mo": 0.051, "precip_12mo_anomaly": -0.122, "pred_gen_anomaly": -0.012, "pred_gen_anomaly_lo": -0.48, "pred_gen_anomaly_hi": 0.413, "pred_gen_anomaly_3mo": -0.005, "has_generation_truth": true, "confidence": "carry-over storage (validated class)", "match_method": "hydrolakes_pour"}}, {"type": "Feature", "geometry": {"type": "Point", "coordinates": [17.5797, 64.9654]}, "properties": {"gww_id": 85153, "name": "Grundfors", "reservoir": null, "country": "Sweden", "iso3": "SWE", "capacity_mw": 100.0, "latest_month": "2026-05", "area_km2": 12.23, "area_anomaly": 0.003, "area_anomaly_3mo": -0.046, "precip_12mo_anomaly": 0.139, "pred_gen_anomaly": 0.094, "pred_gen_anomaly_lo": -0.316, "pred_gen_anomaly_hi": 0.528, "pred_gen_anomaly_3mo": 0.131, "has_generation_truth": false, "confidence": "short residence time (weak area signal)", "match_method": "hydrolakes_pour"}}, {"type": "Feature", "geometry": {"type": "Point", "coordinates": [23.768, 45.446999]}, "properties": {"gww_id": 82422, "name": "CheLotru_LOTR1_CA - Lotru-Ciunget Hydroelectric Power Plant Romania", "reservoir": null, "country": "Romania", "iso3": "ROU", "capacity_mw": 510.0, "latest_month": "2026-05", "area_km2": 7.54, "area_anomaly": 0.003, "area_anomaly_3mo": 0.047, "precip_12mo_anomaly": -0.049, "pred_gen_anomaly": 0.016, "pred_gen_anomaly_lo": -0.245, "pred_gen_anomaly_hi": 0.377, "pred_gen_anomaly_3mo": 0.108, "has_generation_truth": false, "confidence": "short residence time (weak area signal)", "match_method": "hydrolakes_pour"}}, {"type": "Feature", "geometry": {"type": "Point", "coordinates": [-73.508886, 42.920374]}, "properties": {"gww_id": 69382, "name": "Johnsonville Dam", "reservoir": null, "country": "USA", "iso3": "USA", "capacity_mw": 4.0, "latest_month": "2026-05", "area_km2": 0.69, "area_anomaly": -0.062, "area_anomaly_3mo": -0.068, "precip_12mo_anomaly": -0.129, "pred_gen_anomaly": -0.033, "pred_gen_anomaly_lo": -0.458, "pred_gen_anomaly_hi": 0.402, "pred_gen_anomaly_3mo": -0.025, "has_generation_truth": true, "confidence": "unknown residence time", "match_method": "gww_polygon"}}, {"type": "Feature", "geometry": {"type": "Point", "coordinates": [-84.1376, 31.6]}, "properties": {"gww_id": 77471, "name": "Flint River", "reservoir": null, "country": "USA", "iso3": "USA", "capacity_mw": 5.4, "latest_month": "2026-05", "area_km2": 2.02, "area_anomaly": -0.11, "area_anomaly_3mo": -0.091, "precip_12mo_anomaly": -0.09, "pred_gen_anomaly": -0.233, "pred_gen_anomaly_lo": -0.546, "pred_gen_anomaly_hi": 0.261, "pred_gen_anomaly_3mo": -0.291, "has_generation_truth": true, "confidence": "short residence time (weak area signal)", "match_method": "hydrolakes_pour"}}, {"type": "Feature", "geometry": {"type": "Point", "coordinates": [-5.47339244, 7.030774227]}, "properties": {"gww_id": 90539, "name": "Kossou", "reservoir": "Kossour Reservoir", "country": "Ivory Coast", "iso3": "CIV", "capacity_mw": 175.5, "latest_month": "2026-05", "area_km2": 418.04, "area_anomaly": -0.009, "area_anomaly_3mo": 0.01, "precip_12mo_anomaly": 0.114, "pred_gen_anomaly": 0.153, "pred_gen_anomaly_lo": -0.412, "pred_gen_anomaly_hi": 0.658, "pred_gen_anomaly_3mo": 0.097, "has_generation_truth": false, "confidence": "carry-over storage (validated class)", "match_method": "hydrolakes_pour"}}, {"type": "Feature", "geometry": {"type": "Point", "coordinates": [-98.425984, 32.872476]}, "properties": {"gww_id": 88617, "name": "Morris Sheppard", "reservoir": "Possum Kingdom", "country": "USA", "iso3": "USA", "capacity_mw": 25.0, "latest_month": "2026-05", "area_km2": 57.13, "area_anomaly": 0.007, "area_anomaly_3mo": 0.011, "precip_12mo_anomaly": 0.069, "pred_gen_anomaly": 0.096, "pred_gen_anomaly_lo": -0.562, "pred_gen_anomaly_hi": 0.807, "pred_gen_anomaly_3mo": -0.005, "has_generation_truth": true, "confidence": "carry-over storage (validated class)", "match_method": "hydrolakes_pour"}}, {"type": "Feature", "geometry": {"type": "Point", "coordinates": [-4.84416667, 57.4075]}, "properties": {"gww_id": 64697, "name": "Deanie", "reservoir": null, "country": "United Kingdom", "iso3": "GBR", "capacity_mw": 38.0, "latest_month": "2026-05", "area_km2": 0.78, "area_anomaly": 0.087, "area_anomaly_3mo": -0.016, "precip_12mo_anomaly": 0.099, "pred_gen_anomaly": 0.042, "pred_gen_anomaly_lo": -0.373, "pred_gen_anomaly_hi": 0.493, "pred_gen_anomaly_3mo": 0.075, "has_generation_truth": false, "confidence": "unknown residence time", "match_method": "gww_polygon"}}, {"type": "Feature", "geometry": {"type": "Point", "coordinates": [126.51, 41.38]}, "properties": {"gww_id": 88624, "name": "Yunfeng", "reservoir": null, "country": "China", "iso3": "CHN", "capacity_mw": 800.0, "latest_month": "2026-05", "area_km2": 50.5, "area_anomaly": -0.109, "area_anomaly_3mo": -0.003, "precip_12mo_anomaly": 0.161, "pred_gen_anomaly": 0.052, "pred_gen_anomaly_lo": -0.35, "pred_gen_anomaly_hi": 0.497, "pred_gen_anomaly_3mo": 0.189, "has_generation_truth": false, "confidence": "carry-over storage (validated class)", "match_method": "hydrolakes_pour"}}, {"type": "Feature", "geometry": {"type": "Point", "coordinates": [-83.9383, 35.4478]}, "properties": {"gww_id": 77487, "name": "Cheoah", "reservoir": null, "country": "USA", "iso3": "USA", "capacity_mw": 265.0, "latest_month": "2026-05", "area_km2": 1.84, "area_anomaly": 0.008, "area_anomaly_3mo": -0.006, "precip_12mo_anomaly": -0.092, "pred_gen_anomaly": -0.104, "pred_gen_anomaly_lo": -0.493, "pred_gen_anomaly_hi": 0.227, "pred_gen_anomaly_3mo": -0.174, "has_generation_truth": true, "confidence": "short residence time (weak area signal)", "match_method": "hydrolakes_pour"}}, {"type": "Feature", "geometry": {"type": "Point", "coordinates": [21.5538235, 65.8460275]}, "properties": {"gww_id": 77488, "name": "Vittj\u00c3\u00a4rv Vittjarv Hydroelectric Power Station Sweden - Vittjarv Hydroelectric Power Station Sweden", "reservoir": null, "country": "Sweden", "iso3": "SWE", "capacity_mw": 33.0, "latest_month": "2026-05", "area_km2": 2.73, "area_anomaly": 0.124, "area_anomaly_3mo": 0.312, "precip_12mo_anomaly": 0.2, "pred_gen_anomaly": 0.18, "pred_gen_anomaly_lo": -0.321, "pred_gen_anomaly_hi": 0.741, "pred_gen_anomaly_3mo": 0.209, "has_generation_truth": false, "confidence": "short residence time (weak area signal)", "match_method": "hydrolakes_pour"}}, {"type": "Feature", "geometry": {"type": "Point", "coordinates": [-107.539299, 38.451753]}, "properties": {"gww_id": 77504, "name": "Morrow Point", "reservoir": "Morrow Point", "country": "USA", "iso3": "USA", "capacity_mw": 173.2, "latest_month": "2026-05", "area_km2": 2.09, "area_anomaly": -0.003, "area_anomaly_3mo": 0.005, "precip_12mo_anomaly": 0.065, "pred_gen_anomaly": -0.06, "pred_gen_anomaly_lo": -0.433, "pred_gen_anomaly_hi": 0.362, "pred_gen_anomaly_3mo": -0.0, "has_generation_truth": true, "confidence": "short residence time (weak area signal)", "match_method": "gww_polygon"}}, {"type": "Feature", "geometry": {"type": "Point", "coordinates": [29.694029, 69.372953]}, "properties": {"gww_id": 88598, "name": "Skogfoss", "reservoir": "Sundvatnet", "country": "Norway", "iso3": "NOR", "capacity_mw": 48.0, "latest_month": "2026-05", "area_km2": 63.9, "area_anomaly": 0.01, "area_anomaly_3mo": -0.044, "precip_12mo_anomaly": 0.16, "pred_gen_anomaly": 0.041, "pred_gen_anomaly_lo": -0.384, "pred_gen_anomaly_hi": 0.474, "pred_gen_anomaly_3mo": 0.086, "has_generation_truth": false, "confidence": "short residence time (weak area signal)", "match_method": "hydrolakes_pour"}}, {"type": "Feature", "geometry": {"type": "Point", "coordinates": [-121.231379, 44.694374]}, "properties": {"gww_id": 77534, "name": "Pelton", "reservoir": "Simtustus Lake", "country": "USA", "iso3": "USA", "capacity_mw": 109.8, "latest_month": "2026-05", "area_km2": 1.76, "area_anomaly": 0.011, "area_anomaly_3mo": 0.015, "precip_12mo_anomaly": -0.184, "pred_gen_anomaly": -0.145, "pred_gen_anomaly_lo": -0.421, "pred_gen_anomaly_hi": 0.071, "pred_gen_anomaly_3mo": -0.132, "has_generation_truth": true, "confidence": "short residence time (weak area signal)", "match_method": "hydrolakes_pour"}}, {"type": "Feature", "geometry": {"type": "Point", "coordinates": [-93.5973, 17.1806]}, "properties": {"gww_id": 90216, "name": "Malpaso", "reservoir": "Malpaso", "country": "Mexico", "iso3": "MEX", "capacity_mw": 1080.0, "latest_month": "2026-05", "area_km2": 216.89, "area_anomaly": -0.17, "area_anomaly_3mo": -0.096, "precip_12mo_anomaly": 0.021, "pred_gen_anomaly": -0.142, "pred_gen_anomaly_lo": -0.56, "pred_gen_anomaly_hi": 0.351, "pred_gen_anomaly_3mo": -0.213, "has_generation_truth": false, "confidence": "carry-over storage (validated class)", "match_method": "hydrolakes_pour"}}, {"type": "Feature", "geometry": {"type": "Point", "coordinates": [-97.9872, 20.2171]}, "properties": {"gww_id": 77470, "name": "Necaxa", "reservoir": null, "country": "Mexico", "iso3": "MEX", "capacity_mw": 109.0, "latest_month": "2026-05", "area_km2": 1.62, "area_anomaly": 0.201, "area_anomaly_3mo": 0.448, "precip_12mo_anomaly": 0.059, "pred_gen_anomaly": 0.501, "pred_gen_anomaly_lo": -0.433, "pred_gen_anomaly_hi": 1.271, "pred_gen_anomaly_3mo": 0.577, "has_generation_truth": false, "confidence": "short residence time (weak area signal)", "match_method": "hydrolakes_pour"}}, {"type": "Feature", "geometry": {"type": "Point", "coordinates": [-100.397905, 40.959405]}, "properties": {"gww_id": 77418, "name": "Jeffrey", "reservoir": null, "country": "USA", "iso3": "USA", "capacity_mw": 30.6, "latest_month": "2026-05", "area_km2": 2.06, "area_anomaly": 0.013, "area_anomaly_3mo": 0.063, "precip_12mo_anomaly": 0.092, "pred_gen_anomaly": -0.101, "pred_gen_anomaly_lo": -0.514, "pred_gen_anomaly_hi": 0.589, "pred_gen_anomaly_3mo": -0.028, "has_generation_truth": true, "confidence": "short residence time (weak area signal)", "match_method": "hydrolakes_pour"}}, {"type": "Feature", "geometry": {"type": "Point", "coordinates": [76.3379, 15.2615]}, "properties": {"gww_id": 90213, "name": "HAMPI", "reservoir": "Tungabhadra", "country": "India", "iso3": "IND", "capacity_mw": 72.0, "latest_month": "2026-05", "area_km2": 55.5, "area_anomaly": -0.185, "area_anomaly_3mo": -0.028, "precip_12mo_anomaly": 0.239, "pred_gen_anomaly": 0.128, "pred_gen_anomaly_lo": -0.511, "pred_gen_anomaly_hi": 0.821, "pred_gen_anomaly_3mo": 0.097, "has_generation_truth": false, "confidence": "carry-over storage (validated class)", "match_method": "hydrolakes_pour"}}, {"type": "Feature", "geometry": {"type": "Point", "coordinates": [25.41166667, 65.33444444]}, "properties": {"gww_id": 77325, "name": "Raasakka", "reservoir": null, "country": "Finland", "iso3": "FIN", "capacity_mw": 64.0, "latest_month": "2026-05", "area_km2": 2.46, "area_anomaly": 0.01, "area_anomaly_3mo": 0.054, "precip_12mo_anomaly": 0.251, "pred_gen_anomaly": 0.069, "pred_gen_anomaly_lo": -0.386, "pred_gen_anomaly_hi": 0.762, "pred_gen_anomaly_3mo": 0.298, "has_generation_truth": false, "confidence": "short residence time (weak area signal)", "match_method": "hydrolakes_pour"}}, {"type": "Feature", "geometry": {"type": "Point", "coordinates": [-109.642, 28.978]}, "properties": {"gww_id": 88626, "name": "Plutarco El\u00c3\u00adas Calles (El Novillo)", "reservoir": "Novillo", "country": "Mexico", "iso3": "MEX", "capacity_mw": 135.0, "latest_month": "2026-05", "area_km2": 33.58, "area_anomaly": -0.346, "area_anomaly_3mo": -0.237, "precip_12mo_anomaly": 0.167, "pred_gen_anomaly": -0.379, "pred_gen_anomaly_lo": -0.945, "pred_gen_anomaly_hi": 0.251, "pred_gen_anomaly_3mo": -0.396, "has_generation_truth": false, "confidence": "carry-over storage (validated class)", "match_method": "hydrolakes_pour"}}, {"type": "Feature", "geometry": {"type": "Point", "coordinates": [-107.6131, 36.8061]}, "properties": {"gww_id": 88633, "name": "Navajo Dam", "reservoir": "Navajo", "country": "USA", "iso3": "USA", "capacity_mw": 30.0, "latest_month": "2026-05", "area_km2": 39.4, "area_anomaly": -0.136, "area_anomaly_3mo": -0.121, "precip_12mo_anomaly": 0.05, "pred_gen_anomaly": -0.155, "pred_gen_anomaly_lo": -0.565, "pred_gen_anomaly_hi": 0.238, "pred_gen_anomaly_3mo": -0.184, "has_generation_truth": true, "confidence": "carry-over storage (validated class)", "match_method": "hydrolakes_pour"}}, {"type": "Feature", "geometry": {"type": "Point", "coordinates": [-86.6186, 36.1564]}, "properties": {"gww_id": 88629, "name": "J P Priest", "reservoir": "J. Percy Priest Lake", "country": "USA", "iso3": "USA", "capacity_mw": 28.0, "latest_month": "2026-05", "area_km2": 51.23, "area_anomaly": -0.075, "area_anomaly_3mo": -0.042, "precip_12mo_anomaly": -0.108, "pred_gen_anomaly": -0.315, "pred_gen_anomaly_lo": -0.918, "pred_gen_anomaly_hi": 0.272, "pred_gen_anomaly_3mo": -0.325, "has_generation_truth": true, "confidence": "carry-over storage (validated class)", "match_method": "hydrolakes_pour"}}, {"type": "Feature", "geometry": {"type": "Point", "coordinates": [-122.4083, 49.195]}, "properties": {"gww_id": 77374, "name": "Ruskin", "reservoir": null, "country": "Canada", "iso3": "CAN", "capacity_mw": 105.0, "latest_month": "2026-05", "area_km2": 2.76, "area_anomaly": 0.029, "area_anomaly_3mo": 0.007, "precip_12mo_anomaly": 0.175, "pred_gen_anomaly": 0.112, "pred_gen_anomaly_lo": -0.267, "pred_gen_anomaly_hi": 0.337, "pred_gen_anomaly_3mo": 0.149, "has_generation_truth": false, "confidence": "short residence time (weak area signal)", "match_method": "hydrolakes_pour"}}, {"type": "Feature", "geometry": {"type": "Point", "coordinates": [-125.5856, 49.9981]}, "properties": {"gww_id": 88628, "name": "Strathcona", "reservoir": null, "country": "Canada", "iso3": "CAN", "capacity_mw": 64.0, "latest_month": "2026-05", "area_km2": 63.36, "area_anomaly": 0.026, "area_anomaly_3mo": 0.019, "precip_12mo_anomaly": -0.04, "pred_gen_anomaly": -0.074, "pred_gen_anomaly_lo": -0.495, "pred_gen_anomaly_hi": 0.387, "pred_gen_anomaly_3mo": -0.086, "has_generation_truth": false, "confidence": "carry-over storage (validated class)", "match_method": "hydrolakes_pour"}}, {"type": "Feature", "geometry": {"type": "Point", "coordinates": [15.691329, 62.517539]}, "properties": {"gww_id": 77401, "name": "Parteboda", "reservoir": null, "country": "Sweden", "iso3": "SWE", "capacity_mw": 30.0, "latest_month": "2026-05", "area_km2": 2.59, "area_anomaly": 0.007, "area_anomaly_3mo": 0.027, "precip_12mo_anomaly": 0.052, "pred_gen_anomaly": 0.006, "pred_gen_anomaly_lo": -0.405, "pred_gen_anomaly_hi": 0.371, "pred_gen_anomaly_3mo": 0.008, "has_generation_truth": false, "confidence": "short residence time (weak area signal)", "match_method": "hydrolakes_pour"}}, {"type": "Feature", "geometry": {"type": "Point", "coordinates": [-79.3546, 47.5768]}, "properties": {"gww_id": 77358, "name": "Rapides-des-\u00c3\u008eles", "reservoir": null, "country": "Canada", "iso3": "CAN", "capacity_mw": 176.0, "latest_month": "2026-05", "area_km2": 2.34, "area_anomaly": 0.06, "area_anomaly_3mo": 0.09, "precip_12mo_anomaly": 0.264, "pred_gen_anomaly": 0.237, "pred_gen_anomaly_lo": -0.155, "pred_gen_anomaly_hi": 0.719, "pred_gen_anomaly_3mo": 0.118, "has_generation_truth": false, "confidence": "unknown residence time", "match_method": "gww_polygon"}}, {"type": "Feature", "geometry": {"type": "Point", "coordinates": [-70.7489, -40.58]}, "properties": {"gww_id": 88585, "name": "ALICURA", "reservoir": "Alicura", "country": "Argentina", "iso3": "ARG", "capacity_mw": 1050.0, "latest_month": "2026-05", "area_km2": 61.42, "area_anomaly": -0.021, "area_anomaly_3mo": -0.019, "precip_12mo_anomaly": -0.151, "pred_gen_anomaly": -0.046, "pred_gen_anomaly_lo": -0.34, "pred_gen_anomaly_hi": 0.279, "pred_gen_anomaly_3mo": -0.02, "has_generation_truth": false, "confidence": "carry-over storage (validated class)", "match_method": "hydrolakes_pour"}}, {"type": "Feature", "geometry": {"type": "Point", "coordinates": [17.00645, 63.68385]}, "properties": {"gww_id": 77761, "name": "Edensforsen", "reservoir": null, "country": "Sweden", "iso3": "SWE", "capacity_mw": 60.0, "latest_month": "2026-05", "area_km2": 2.91, "area_anomaly": -0.011, "area_anomaly_3mo": 0.039, "precip_12mo_anomaly": 0.089, "pred_gen_anomaly": 0.1, "pred_gen_anomaly_lo": -0.314, "pred_gen_anomaly_hi": 0.433, "pred_gen_anomaly_3mo": 0.077, "has_generation_truth": false, "confidence": "short residence time (weak area signal)", "match_method": "hydrolakes_pour"}}, {"type": "Feature", "geometry": {"type": "Point", "coordinates": [11.826643, 62.996363]}, "properties": {"gww_id": 88193, "name": "Vessingfoss", "reservoir": "Nesjoen", "country": "Norway", "iso3": "NOR", "capacity_mw": 40.0, "latest_month": "2026-05", "area_km2": 64.49, "area_anomaly": 0.087, "area_anomaly_3mo": 0.021, "precip_12mo_anomaly": -0.189, "pred_gen_anomaly": -0.018, "pred_gen_anomaly_lo": -0.493, "pred_gen_anomaly_hi": 0.406, "pred_gen_anomaly_3mo": -0.067, "has_generation_truth": false, "confidence": "carry-over storage (validated class)", "match_method": "hydrolakes_pour"}}, {"type": "Feature", "geometry": {"type": "Point", "coordinates": [14.2453105, 62.01812]}, "properties": {"gww_id": 88189, "name": "Sveg Sveg Hydroelectric Power Plant Sweden - Sveg Hydroelectric Power Plant Sweden", "reservoir": null, "country": "Sweden", "iso3": "SWE", "capacity_mw": 35.5, "latest_month": "2026-05", "area_km2": 52.04, "area_anomaly": 0.002, "area_anomaly_3mo": 0.042, "precip_12mo_anomaly": 0.02, "pred_gen_anomaly": -0.06, "pred_gen_anomaly_lo": -0.409, "pred_gen_anomaly_hi": 0.348, "pred_gen_anomaly_3mo": -0.033, "has_generation_truth": false, "confidence": "short residence time (weak area signal)", "match_method": "hydrolakes_pour"}}, {"type": "Feature", "geometry": {"type": "Point", "coordinates": [19.5768, 43.5228]}, "properties": {"gww_id": 77775, "name": "Potpec Hydroelectric Power Plant Serbia - Potpec Hydroelectric Power Plant Serbia", "reservoir": "\u041f\u043e\u0442\u043f\u0435\u045b\u043a\u043e \u0458\u0435\u0437\u0435\u0440\u043e", "country": "Serbia", "iso3": "SRB", "capacity_mw": 51.0, "latest_month": "2026-05", "area_km2": 1.82, "area_anomaly": -0.056, "area_anomaly_3mo": -0.054, "precip_12mo_anomaly": 0.124, "pred_gen_anomaly": 0.069, "pred_gen_anomaly_lo": -0.312, "pred_gen_anomaly_hi": 0.379, "pred_gen_anomaly_3mo": 0.158, "has_generation_truth": false, "confidence": "unknown residence time", "match_method": "gww_polygon"}}, {"type": "Feature", "geometry": {"type": "Point", "coordinates": [-83.7208, 44.4631]}, "properties": {"gww_id": 77818, "name": "Loud", "reservoir": "Five Channels Dam Pond", "country": "USA", "iso3": "USA", "capacity_mw": 4.0, "latest_month": "2026-05", "area_km2": 2.4, "area_anomaly": 0.013, "area_anomaly_3mo": 0.035, "precip_12mo_anomaly": 0.048, "pred_gen_anomaly": 0.222, "pred_gen_anomaly_lo": -0.314, "pred_gen_anomaly_hi": 0.553, "pred_gen_anomaly_3mo": 0.058, "has_generation_truth": true, "confidence": "short residence time (weak area signal)", "match_method": "gww_polygon"}}, {"type": "Feature", "geometry": {"type": "Point", "coordinates": [127.8115, 37.9445]}, "properties": {"gww_id": 88187, "name": "Soyang gang", "reservoir": null, "country": "South Korea", "iso3": "KOR", "capacity_mw": 200.0, "latest_month": "2026-05", "area_km2": 44.06, "area_anomaly": 0.054, "area_anomaly_3mo": 0.047, "precip_12mo_anomaly": 0.12, "pred_gen_anomaly": 0.15, "pred_gen_anomaly_lo": -0.34, "pred_gen_anomaly_hi": 0.698, "pred_gen_anomaly_3mo": 0.164, "has_generation_truth": false, "confidence": "carry-over storage (validated class)", "match_method": "hydrolakes_pour"}}, {"type": "Feature", "geometry": {"type": "Point", "coordinates": [-95.0511, 35.595]}, "properties": {"gww_id": 88196, "name": "Tenkiller Ferry", "reservoir": "Tenkiller Lake", "country": "USA", "iso3": "USA", "capacity_mw": 39.0, "latest_month": "2026-05", "area_km2": 50.63, "area_anomaly": -0.011, "area_anomaly_3mo": -0.022, "precip_12mo_anomaly": -0.003, "pred_gen_anomaly": -0.146, "pred_gen_anomaly_lo": -0.685, "pred_gen_anomaly_hi": 0.369, "pred_gen_anomaly_3mo": -0.139, "has_generation_truth": true, "confidence": "carry-over storage (validated class)", "match_method": "hydrolakes_pour"}}, {"type": "Feature", "geometry": {"type": "Point", "coordinates": [86.7473, 23.6815]}, "properties": {"gww_id": 88185, "name": "PANCHET", "reservoir": "Panchet Hill Reservoir", "country": "India", "iso3": "IND", "capacity_mw": 80.0, "latest_month": "2026-05", "area_km2": 43.14, "area_anomaly": 0.204, "area_anomaly_3mo": 0.22, "precip_12mo_anomaly": 0.356, "pred_gen_anomaly": 0.378, "pred_gen_anomaly_lo": -0.386, "pred_gen_anomaly_hi": 1.171, "pred_gen_anomaly_3mo": 0.347, "has_generation_truth": false, "confidence": "short residence time (weak area signal)", "match_method": "hydrolakes_pour"}}, {"type": "Feature", "geometry": {"type": "Point", "coordinates": [11.063244, 46.326132]}, "properties": {"gww_id": 77843, "name": "Taio S.Giustina Mezzocorona UP_NOCE_1", "reservoir": null, "country": "Italy", "iso3": "ITA", "capacity_mw": 161.0, "latest_month": "2026-05", "area_km2": 2.49, "area_anomaly": -0.052, "area_anomaly_3mo": -0.044, "precip_12mo_anomaly": -0.027, "pred_gen_anomaly": -0.136, "pred_gen_anomaly_lo": -0.588, "pred_gen_anomaly_hi": 0.125, "pred_gen_anomaly_3mo": -0.064, "has_generation_truth": false, "confidence": "short residence time (weak area signal)", "match_method": "hydrolakes_pour"}}, {"type": "Feature", "geometry": {"type": "Point", "coordinates": [-70.44992, 43.802517]}, "properties": {"gww_id": 64120, "name": "North Gorham", "reservoir": null, "country": "USA", "iso3": "USA", "capacity_mw": 2.2, "latest_month": "2026-05", "area_km2": 0.7, "area_anomaly": 0.032, "area_anomaly_3mo": 0.03, "precip_12mo_anomaly": -0.142, "pred_gen_anomaly": -0.191, "pred_gen_anomaly_lo": -0.692, "pred_gen_anomaly_hi": 0.385, "pred_gen_anomaly_3mo": -0.224, "has_generation_truth": true, "confidence": "unknown residence time", "match_method": "gww_polygon"}}, {"type": "Feature", "geometry": {"type": "Point", "coordinates": [-121.131736, 48.713853]}, "properties": {"gww_id": 77847, "name": "Diablo", "reservoir": null, "country": "USA", "iso3": "USA", "capacity_mw": 182.4, "latest_month": "2026-05", "area_km2": 2.73, "area_anomaly": -0.007, "area_anomaly_3mo": 0.001, "precip_12mo_anomaly": 0.004, "pred_gen_anomaly": -0.009, "pred_gen_anomaly_lo": -0.36, "pred_gen_anomaly_hi": 0.296, "pred_gen_anomaly_3mo": 0.012, "has_generation_truth": true, "confidence": "short residence time (weak area signal)", "match_method": "hydrolakes_pour"}}, {"type": "Feature", "geometry": {"type": "Point", "coordinates": [-80.2339, 35.6008]}, "properties": {"gww_id": 88172, "name": "High Rock Hydro", "reservoir": "High Rock Lake", "country": "USA", "iso3": "USA", "capacity_mw": 33.0, "latest_month": "2026-05", "area_km2": 40.38, "area_anomaly": -0.069, "area_anomaly_3mo": -0.045, "precip_12mo_anomaly": -0.089, "pred_gen_anomaly": -0.287, "pred_gen_anomaly_lo": -0.692, "pred_gen_anomaly_hi": 0.185, "pred_gen_anomaly_3mo": -0.279, "has_generation_truth": true, "confidence": "short residence time (weak area signal)", "match_method": "hydrolakes_pour"}}, {"type": "Feature", "geometry": {"type": "Point", "coordinates": [-89.7553, 45.1875]}, "properties": {"gww_id": 77836, "name": "Alexander", "reservoir": "Alexander Lake", "country": "USA", "iso3": "USA", "capacity_mw": 4.2, "latest_month": "2026-05", "area_km2": 2.49, "area_anomaly": 0.003, "area_anomaly_3mo": 0.063, "precip_12mo_anomaly": 0.084, "pred_gen_anomaly": 0.047, "pred_gen_anomaly_lo": -0.556, "pred_gen_anomaly_hi": 0.543, "pred_gen_anomaly_3mo": 0.033, "has_generation_truth": true, "confidence": "unknown residence time", "match_method": "gww_polygon"}}, {"type": "Feature", "geometry": {"type": "Point", "coordinates": [51.089, 35.9564]}, "properties": {"gww_id": 77755, "name": "Amir Kabir", "reservoir": null, "country": "Iran", "iso3": "IRN", "capacity_mw": 90.0, "latest_month": "2026-05", "area_km2": 2.75, "area_anomaly": -0.134, "area_anomaly_3mo": -0.348, "precip_12mo_anomaly": 0.073, "pred_gen_anomaly": -0.394, "pred_gen_anomaly_lo": -0.849, "pred_gen_anomaly_hi": 0.428, "pred_gen_anomaly_3mo": -0.493, "has_generation_truth": false, "confidence": "short residence time (weak area signal)", "match_method": "hydrolakes_pour"}}, {"type": "Feature", "geometry": {"type": "Point", "coordinates": [-94.6346, 56.3817]}, "properties": {"gww_id": 90237, "name": "Kettle", "reservoir": "Stephens", "country": "Canada", "iso3": "CAN", "capacity_mw": 1220.0, "latest_month": "2026-05", "area_km2": 350.19, "area_anomaly": 0.076, "area_anomaly_3mo": 0.099, "precip_12mo_anomaly": 0.157, "pred_gen_anomaly": 0.145, "pred_gen_anomaly_lo": -0.166, "pred_gen_anomaly_hi": 0.307, "pred_gen_anomaly_3mo": 0.166, "has_generation_truth": false, "confidence": "short residence time (weak area signal)", "match_method": "hydrolakes_pour"}}, {"type": "Feature", "geometry": {"type": "Point", "coordinates": [-88.358, 49.1355]}, "properties": {"gww_id": 69710, "name": "Alexander", "reservoir": null, "country": "Canada", "iso3": "CAN", "capacity_mw": 69.0, "latest_month": "2026-05", "area_km2": 0.99, "area_anomaly": 0.094, "area_anomaly_3mo": 0.149, "precip_12mo_anomaly": 0.25, "pred_gen_anomaly": 0.213, "pred_gen_anomaly_lo": -0.169, "pred_gen_anomaly_hi": 0.505, "pred_gen_anomaly_3mo": 0.298, "has_generation_truth": false, "confidence": "short residence time (weak area signal)", "match_method": "gww_polygon"}}, {"type": "Feature", "geometry": {"type": "Point", "coordinates": [81.2875, 24.1917]}, "properties": {"gww_id": 90228, "name": "BANSAGAR (I)", "reservoir": "Bansagar Lake", "country": "India", "iso3": "IND", "capacity_mw": 405.0, "latest_month": "2026-05", "area_km2": 347.0, "area_anomaly": 0.223, "area_anomaly_3mo": 0.291, "precip_12mo_anomaly": 0.302, "pred_gen_anomaly": 0.463, "pred_gen_anomaly_lo": -0.31, "pred_gen_anomaly_hi": 1.403, "pred_gen_anomaly_3mo": 0.508, "has_generation_truth": false, "confidence": "carry-over storage (validated class)", "match_method": "hydrolakes_pour"}}, {"type": "Feature", "geometry": {"type": "Point", "coordinates": [-120.653417, 39.448352]}, "properties": {"gww_id": 77640, "name": "Bowman", "reservoir": "Bowman Lake", "country": "USA", "iso3": "USA", "capacity_mw": 3.6, "latest_month": "2026-05", "area_km2": 3.21, "area_anomaly": 0.058, "area_anomaly_3mo": 0.062, "precip_12mo_anomaly": -0.009, "pred_gen_anomaly": -0.065, "pred_gen_anomaly_lo": -0.692, "pred_gen_anomaly_hi": 0.488, "pred_gen_anomaly_3mo": -0.01, "has_generation_truth": true, "confidence": "short residence time (weak area signal)", "match_method": "hydrolakes_pour"}}, {"type": "Feature", "geometry": {"type": "Point", "coordinates": [-119.9703, 46.8731]}, "properties": {"gww_id": 88220, "name": "Wanapum", "reservoir": "Rock Island Pool", "country": "USA", "iso3": "USA", "capacity_mw": 2887.4, "latest_month": "2026-05", "area_km2": 58.83, "area_anomaly": 0.01, "area_anomaly_3mo": 0.014, "precip_12mo_anomaly": 0.062, "pred_gen_anomaly": 0.024, "pred_gen_anomaly_lo": -0.242, "pred_gen_anomaly_hi": 0.303, "pred_gen_anomaly_3mo": 0.077, "has_generation_truth": true, "confidence": "unknown residence time", "match_method": "gww_polygon"}}, {"type": "Feature", "geometry": {"type": "Point", "coordinates": [-69.8703, 44.9589]}, "properties": {"gww_id": 69492, "name": "Williams Hydro", "reservoir": "Kennebec River Reservoir", "country": "USA", "iso3": "USA", "capacity_mw": 13.0, "latest_month": "2026-05", "area_km2": 1.03, "area_anomaly": 0.059, "area_anomaly_3mo": 0.073, "precip_12mo_anomaly": -0.095, "pred_gen_anomaly": 0.021, "pred_gen_anomaly_lo": -0.429, "pred_gen_anomaly_hi": 0.4, "pred_gen_anomaly_3mo": -0.007, "has_generation_truth": true, "confidence": "unknown residence time", "match_method": "gww_polygon"}}, {"type": "Feature", "geometry": {"type": "Point", "coordinates": [-89.6917, 44.7881]}, "properties": {"gww_id": 77648, "name": "Mosinee Mill", "reservoir": "Half Moon Lake", "country": "USA", "iso3": "USA", "capacity_mw": 3.4, "latest_month": "2026-05", "area_km2": 2.25, "area_anomaly": -0.008, "area_anomaly_3mo": 0.01, "precip_12mo_anomaly": 0.084, "pred_gen_anomaly": 0.077, "pred_gen_anomaly_lo": -0.585, "pred_gen_anomaly_hi": 0.577, "pred_gen_anomaly_3mo": 0.023, "has_generation_truth": true, "confidence": "unknown residence time", "match_method": "gww_polygon"}}, {"type": "Feature", "geometry": {"type": "Point", "coordinates": [35.0033, 41.3391]}, "properties": {"gww_id": 88218, "name": "Boyabat Dam", "reservoir": "Boyabat Baraj G\u00f6l\u00fc", "country": "Turkey", "iso3": "TUR", "capacity_mw": 513.0, "latest_month": "2026-05", "area_km2": 57.5, "area_anomaly": 0.217, "area_anomaly_3mo": 0.136, "precip_12mo_anomaly": 0.48, "pred_gen_anomaly": 0.608, "pred_gen_anomaly_lo": -0.135, "pred_gen_anomaly_hi": 1.311, "pred_gen_anomaly_3mo": 0.377, "has_generation_truth": false, "confidence": "unknown residence time", "match_method": "gww_polygon"}}, {"type": "Feature", "geometry": {"type": "Point", "coordinates": [-85.6694, 41.8436]}, "properties": {"gww_id": 77712, "name": "Constantine", "reservoir": null, "country": "USA", "iso3": "USA", "capacity_mw": 1.2, "latest_month": "2026-05", "area_km2": 1.78, "area_anomaly": 0.035, "area_anomaly_3mo": 0.171, "precip_12mo_anomaly": -0.005, "pred_gen_anomaly": 0.016, "pred_gen_anomaly_lo": -0.616, "pred_gen_anomaly_hi": 0.598, "pred_gen_anomaly_3mo": -0.063, "has_generation_truth": true, "confidence": "short residence time (weak area signal)", "match_method": "hydrolakes_pour"}}, {"type": "Feature", "geometry": {"type": "Point", "coordinates": [2.36446, 45.39171]}, "properties": {"gww_id": 69462, "name": "Mareges MAREGES - Mareges Hydroelectric Power Station France", "reservoir": null, "country": "France", "iso3": "FRA", "capacity_mw": 180.0, "latest_month": "2026-05", "area_km2": 0.79, "area_anomaly": -0.003, "area_anomaly_3mo": 0.026, "precip_12mo_anomaly": -0.056, "pred_gen_anomaly": -0.089, "pred_gen_anomaly_lo": -0.416, "pred_gen_anomaly_hi": 0.241, "pred_gen_anomaly_3mo": 0.037, "has_generation_truth": false, "confidence": "short residence time (weak area signal)", "match_method": "hydrolakes_pour"}}, {"type": "Feature", "geometry": {"type": "Point", "coordinates": [-122.762553, 40.797296]}, "properties": {"gww_id": 88640, "name": "Trinity", "reservoir": "Clair Engle Lake", "country": "USA", "iso3": "USA", "capacity_mw": 140.0, "latest_month": "2026-05", "area_km2": 59.71, "area_anomaly": 0.137, "area_anomaly_3mo": 0.122, "precip_12mo_anomaly": -0.123, "pred_gen_anomaly": 0.131, "pred_gen_anomaly_lo": -0.385, "pred_gen_anomaly_hi": 0.618, "pred_gen_anomaly_3mo": 0.121, "has_generation_truth": true, "confidence": "carry-over storage (validated class)", "match_method": "hydrolakes_pour"}}, {"type": "Feature", "geometry": {"type": "Point", "coordinates": [-85.61667, 44.734167]}, "properties": {"gww_id": 69981, "name": "Boardman", "reservoir": null, "country": "USA", "iso3": "USA", "capacity_mw": 1.0, "latest_month": "2026-05", "area_km2": 1.25, "area_anomaly": 0.016, "area_anomaly_3mo": 0.103, "precip_12mo_anomaly": 0.119, "pred_gen_anomaly": 0.209, "pred_gen_anomaly_lo": -0.352, "pred_gen_anomaly_hi": 0.665, "pred_gen_anomaly_3mo": 0.095, "has_generation_truth": true, "confidence": "short residence time (weak area signal)", "match_method": "hydrolakes_pour"}}, {"type": "Feature", "geometry": {"type": "Point", "coordinates": [-96.963806, 33.068473]}, "properties": {"gww_id": 88784, "name": "Lewisville", "reservoir": "Lewisville Lake", "country": "USA", "iso3": "USA", "capacity_mw": 2.8, "latest_month": "2026-05", "area_km2": 80.75, "area_anomaly": 0.025, "area_anomaly_3mo": 0.022, "precip_12mo_anomaly": 0.038, "pred_gen_anomaly": 0.082, "pred_gen_anomaly_lo": -1.118, "pred_gen_anomaly_hi": 1.313, "pred_gen_anomaly_3mo": 0.042, "has_generation_truth": true, "confidence": "carry-over storage (validated class)", "match_method": "hydrolakes_pour"}}, {"type": "Feature", "geometry": {"type": "Point", "coordinates": [18.77683, 49.21553]}, "properties": {"gww_id": 76645, "name": "\u00c5\u00bdilina", "reservoir": null, "country": "Slovakia", "iso3": "SVK", "capacity_mw": 72.0, "latest_month": "2026-05", "area_km2": 2.22, "area_anomaly": 0.002, "area_anomaly_3mo": -0.011, "precip_12mo_anomaly": -0.12, "pred_gen_anomaly": -0.19, "pred_gen_anomaly_lo": -0.478, "pred_gen_anomaly_hi": 0.06, "pred_gen_anomaly_3mo": -0.144, "has_generation_truth": false, "confidence": "short residence time (weak area signal)", "match_method": "hydrolakes_pour"}}, {"type": "Feature", "geometry": {"type": "Point", "coordinates": [-84.481387, 45.637537]}, "properties": {"gww_id": 76647, "name": "Cheboygan", "reservoir": null, "country": "USA", "iso3": "USA", "capacity_mw": 1.5, "latest_month": "2026-05", "area_km2": 1.72, "area_anomaly": 0.062, "area_anomaly_3mo": 0.113, "precip_12mo_anomaly": 0.115, "pred_gen_anomaly": 0.185, "pred_gen_anomaly_lo": -0.479, "pred_gen_anomaly_hi": 0.803, "pred_gen_anomaly_3mo": 0.075, "has_generation_truth": true, "confidence": "short residence time (weak area signal)", "match_method": "hydrolakes_pour"}}, {"type": "Feature", "geometry": {"type": "Point", "coordinates": [-85.94416, 36.289539]}, "properties": {"gww_id": 88786, "name": "Cordell Hull", "reservoir": null, "country": "USA", "iso3": "USA", "capacity_mw": 99.9, "latest_month": "2026-05", "area_km2": 40.6, "area_anomaly": -0.026, "area_anomaly_3mo": -0.033, "precip_12mo_anomaly": -0.08, "pred_gen_anomaly": -0.127, "pred_gen_anomaly_lo": -0.584, "pred_gen_anomaly_hi": 0.407, "pred_gen_anomaly_3mo": -0.236, "has_generation_truth": true, "confidence": "short residence time (weak area signal)", "match_method": "gww_polygon"}}, {"type": "Feature", "geometry": {"type": "Point", "coordinates": [-120.932508, 39.272108]}, "properties": {"gww_id": 76678, "name": "Scott Flat", "reservoir": null, "country": "USA", "iso3": "USA", "capacity_mw": 1.0, "latest_month": "2026-05", "area_km2": 2.82, "area_anomaly": 0.026, "area_anomaly_3mo": 0.03, "precip_12mo_anomaly": -0.009, "pred_gen_anomaly": -0.145, "pred_gen_anomaly_lo": -0.648, "pred_gen_anomaly_hi": 0.372, "pred_gen_anomaly_3mo": -0.076, "has_generation_truth": true, "confidence": "short residence time (weak area signal)", "match_method": "hydrolakes_pour"}}, {"type": "Feature", "geometry": {"type": "Point", "coordinates": [175.6835, -38.292]}, "properties": {"gww_id": 69977, "name": "Waipapa", "reservoir": null, "country": "New Zealand", "iso3": "NZL", "capacity_mw": 54.0, "latest_month": "2026-05", "area_km2": 1.2, "area_anomaly": 0.09, "area_anomaly_3mo": 0.028, "precip_12mo_anomaly": -0.016, "pred_gen_anomaly": -0.082, "pred_gen_anomaly_lo": -0.435, "pred_gen_anomaly_hi": 0.318, "pred_gen_anomaly_3mo": -0.09, "has_generation_truth": false, "confidence": "short residence time (weak area signal)", "match_method": "hydrolakes_pour"}}, {"type": "Feature", "geometry": {"type": "Point", "coordinates": [51.6785, 35.7898]}, "properties": {"gww_id": 76685, "name": "Latyan", "reservoir": null, "country": "Iran", "iso3": "IRN", "capacity_mw": 45.0, "latest_month": "2026-05", "area_km2": 2.88, "area_anomaly": 0.094, "area_anomaly_3mo": -0.213, "precip_12mo_anomaly": 0.073, "pred_gen_anomaly": -0.118, "pred_gen_anomaly_lo": -0.752, "pred_gen_anomaly_hi": 0.837, "pred_gen_anomaly_3mo": -0.352, "has_generation_truth": false, "confidence": "short residence time (weak area signal)", "match_method": "hydrolakes_pour"}}, {"type": "Feature", "geometry": {"type": "Point", "coordinates": [96.473, 21.67]}, "properties": {"gww_id": 88776, "name": "Yeywa", "reservoir": "Yeywa Reservoir", "country": "Myanmar", "iso3": "MMR", "capacity_mw": 790.0, "latest_month": "2026-05", "area_km2": 50.58, "area_anomaly": 0.273, "area_anomaly_3mo": 0.249, "precip_12mo_anomaly": 0.172, "pred_gen_anomaly": 0.287, "pred_gen_anomaly_lo": -0.212, "pred_gen_anomaly_hi": 0.865, "pred_gen_anomaly_3mo": 0.201, "has_generation_truth": false, "confidence": "unknown residence time", "match_method": "gww_polygon"}}, {"type": "Feature", "geometry": {"type": "Point", "coordinates": [170.1972, -44.564]}, "properties": {"gww_id": 88769, "name": "Benmore", "reservoir": null, "country": "New Zealand", "iso3": "NZL", "capacity_mw": 752.0, "latest_month": "2026-05", "area_km2": 78.23, "area_anomaly": -0.003, "area_anomaly_3mo": -0.005, "precip_12mo_anomaly": -0.027, "pred_gen_anomaly": -0.084, "pred_gen_anomaly_lo": -0.271, "pred_gen_anomaly_hi": 0.179, "pred_gen_anomaly_3mo": -0.091, "has_generation_truth": false, "confidence": "short residence time (weak area signal)", "match_method": "hydrolakes_pour"}}, {"type": "Feature", "geometry": {"type": "Point", "coordinates": [-39.59333333, -15.96972222]}, "properties": {"gww_id": 88779, "name": "ITAPEBI", "reservoir": null, "country": "BRA", "iso3": "BRA", "capacity_mw": 462.0, "latest_month": "2026-05", "area_km2": 53.9, "area_anomaly": 0.077, "area_anomaly_3mo": 0.067, "precip_12mo_anomaly": 0.069, "pred_gen_anomaly": 0.143, "pred_gen_anomaly_lo": -0.369, "pred_gen_anomaly_hi": 1.06, "pred_gen_anomaly_3mo": 0.238, "has_generation_truth": true, "confidence": "short residence time (weak area signal)", "match_method": "hydrolakes_pour"}}, {"type": "Feature", "geometry": {"type": "Point", "coordinates": [23.6279, 45.5879]}, "properties": {"gww_id": 76701, "name": "Hpp galceag GALC1", "reservoir": null, "country": "Romania", "iso3": "ROU", "capacity_mw": 148.7, "latest_month": "2026-05", "area_km2": 2.63, "area_anomaly": -0.079, "area_anomaly_3mo": 0.011, "precip_12mo_anomaly": -0.061, "pred_gen_anomaly": -0.097, "pred_gen_anomaly_lo": -0.39, "pred_gen_anomaly_hi": 0.278, "pred_gen_anomaly_3mo": 0.068, "has_generation_truth": false, "confidence": "short residence time (weak area signal)", "match_method": "hydrolakes_pour"}}, {"type": "Feature", "geometry": {"type": "Point", "coordinates": [15.1816, 65.572]}, "properties": {"gww_id": 88835, "name": "Gejman", "reservoir": null, "country": "Sweden", "iso3": "SWE", "capacity_mw": 126.0, "latest_month": "2026-05", "area_km2": 67.64, "area_anomaly": 0.009, "area_anomaly_3mo": -0.067, "precip_12mo_anomaly": 0.139, "pred_gen_anomaly": 0.082, "pred_gen_anomaly_lo": -0.296, "pred_gen_anomaly_hi": 0.536, "pred_gen_anomaly_3mo": 0.118, "has_generation_truth": false, "confidence": "unknown residence time", "match_method": "gww_polygon"}}, {"type": "Feature", "geometry": {"type": "Point", "coordinates": [-88.1958, 45.9553]}, "properties": {"gww_id": 76428, "name": "Michigamme Falls", "reservoir": null, "country": "USA", "iso3": "USA", "capacity_mw": 17.3, "latest_month": "2026-05", "area_km2": 1.48, "area_anomaly": -0.142, "area_anomaly_3mo": 0.06, "precip_12mo_anomaly": 0.245, "pred_gen_anomaly": 0.209, "pred_gen_anomaly_lo": -0.286, "pred_gen_anomaly_hi": 0.597, "pred_gen_anomaly_3mo": 0.197, "has_generation_truth": true, "confidence": "short residence time (weak area signal)", "match_method": "hydrolakes_pour"}}, {"type": "Feature", "geometry": {"type": "Point", "coordinates": [19.667553, 63.921437]}, "properties": {"gww_id": 70011, "name": "Pengfors krv", "reservoir": null, "country": "Sweden", "iso3": "SWE", "capacity_mw": 61.0, "latest_month": "2026-05", "area_km2": 1.14, "area_anomaly": -0.012, "area_anomaly_3mo": -0.026, "precip_12mo_anomaly": 0.139, "pred_gen_anomaly": 0.062, "pred_gen_anomaly_lo": -0.358, "pred_gen_anomaly_hi": 0.558, "pred_gen_anomaly_3mo": 0.098, "has_generation_truth": false, "confidence": "unknown residence time", "match_method": "gww_polygon"}}, {"type": "Feature", "geometry": {"type": "Point", "coordinates": [-106.908483, 42.156127]}, "properties": {"gww_id": 88788, "name": "Seminoe", "reservoir": "Seminoe", "country": "USA", "iso3": "USA", "capacity_mw": 51.6, "latest_month": "2026-05", "area_km2": 33.56, "area_anomaly": -0.316, "area_anomaly_3mo": -0.334, "precip_12mo_anomaly": 0.101, "pred_gen_anomaly": -0.27, "pred_gen_anomaly_lo": -0.83, "pred_gen_anomaly_hi": 0.102, "pred_gen_anomaly_3mo": -0.193, "has_generation_truth": true, "confidence": "carry-over storage (validated class)", "match_method": "hydrolakes_pour"}}, {"type": "Feature", "geometry": {"type": "Point", "coordinates": [7.284493974, 46.9691475]}, "properties": {"gww_id": 76503, "name": "M\u00c3\u00bchleberg Muehleberg Hydroelectric Power Plant Switzerland - Muehleberg Hydroelectric Power Plant Switzerland", "reservoir": null, "country": "Switzerland", "iso3": "CHE", "capacity_mw": 44.6, "latest_month": "2026-05", "area_km2": 2.38, "area_anomaly": 0.006, "area_anomaly_3mo": 0.019, "precip_12mo_anomaly": 0.029, "pred_gen_anomaly": -0.16, "pred_gen_anomaly_lo": -0.559, "pred_gen_anomaly_hi": 0.169, "pred_gen_anomaly_3mo": -0.027, "has_generation_truth": false, "confidence": "short residence time (weak area signal)", "match_method": "hydrolakes_pour"}}, {"type": "Feature", "geometry": {"type": "Point", "coordinates": [104.01, 36.15]}, "properties": {"gww_id": 76529, "name": "Daxia", "reservoir": null, "country": "China", "iso3": "CHN", "capacity_mw": 554.5, "latest_month": "2026-05", "area_km2": 1.55, "area_anomaly": 0.0, "area_anomaly_3mo": -0.029, "precip_12mo_anomaly": 0.236, "pred_gen_anomaly": 0.14, "pred_gen_anomaly_lo": -0.22, "pred_gen_anomaly_hi": 0.618, "pred_gen_anomaly_3mo": 0.088, "has_generation_truth": false, "confidence": "unknown residence time", "match_method": "gww_polygon"}}, {"type": "Feature", "geometry": {"type": "Point", "coordinates": [-73.0356, 42.007778]}, "properties": {"gww_id": 76548, "name": "Colebrook Hydroelectric", "reservoir": "Colebrook River Lake", "country": "USA", "iso3": "USA", "capacity_mw": 3.0, "latest_month": "2026-05", "area_km2": 2.6, "area_anomaly": 0.012, "area_anomaly_3mo": 0.041, "precip_12mo_anomaly": -0.137, "pred_gen_anomaly": -0.071, "pred_gen_anomaly_lo": -0.681, "pred_gen_anomaly_hi": 0.438, "pred_gen_anomaly_3mo": -0.118, "has_generation_truth": true, "confidence": "short residence time (weak area signal)", "match_method": "gww_polygon"}}, {"type": "Feature", "geometry": {"type": "Point", "coordinates": [-97.9073, 30.3899]}, "properties": {"gww_id": 88798, "name": "Marshall Ford", "reservoir": "Lake Travis", "country": "USA", "iso3": "USA", "capacity_mw": 108.0, "latest_month": "2026-05", "area_km2": 53.11, "area_anomaly": 0.017, "area_anomaly_3mo": 0.033, "precip_12mo_anomaly": 0.064, "pred_gen_anomaly": 0.056, "pred_gen_anomaly_lo": -0.503, "pred_gen_anomaly_hi": 0.838, "pred_gen_anomaly_3mo": -0.05, "has_generation_truth": true, "confidence": "carry-over storage (validated class)", "match_method": "hydrolakes_pour"}}, {"type": "Feature", "geometry": {"type": "Point", "coordinates": [142.9388, 43.2407]}, "properties": {"gww_id": 76549, "name": "Tokachi", "reservoir": "Higashitaisetsuko", "country": "Japan", "iso3": "JPN", "capacity_mw": 40.0, "latest_month": "2026-05", "area_km2": 2.33, "area_anomaly": -0.016, "area_anomaly_3mo": 0.074, "precip_12mo_anomaly": 0.424, "pred_gen_anomaly": 0.188, "pred_gen_anomaly_lo": -0.381, "pred_gen_anomaly_hi": 0.698, "pred_gen_anomaly_3mo": 0.378, "has_generation_truth": false, "confidence": "short residence time (weak area signal)", "match_method": "hydrolakes_pour"}}, {"type": "Feature", "geometry": {"type": "Point", "coordinates": [-75.1659, 6.32]}, "properties": {"gww_id": 88743, "name": "Central Guatap\u00c3\u00a9", "reservoir": null, "country": "Colombia", "iso3": "COL", "capacity_mw": 560.0, "latest_month": "2026-05", "area_km2": 53.23, "area_anomaly": 0.062, "area_anomaly_3mo": 0.053, "precip_12mo_anomaly": 0.084, "pred_gen_anomaly": -0.024, "pred_gen_anomaly_lo": -0.415, "pred_gen_anomaly_hi": 0.668, "pred_gen_anomaly_3mo": 0.212, "has_generation_truth": false, "confidence": "unknown residence time", "match_method": "gww_polygon"}}, {"type": "Feature", "geometry": {"type": "Point", "coordinates": [42.8179, 36.6254]}, "properties": {"gww_id": 90183, "name": "Mosul Dam Regulator", "reservoir": null, "country": "Iraq", "iso3": "IRQ", "capacity_mw": 62.0, "latest_month": "2026-05", "area_km2": 284.26, "area_anomaly": 0.043, "area_anomaly_3mo": -0.15, "precip_12mo_anomaly": 0.382, "pred_gen_anomaly": 0.484, "pred_gen_anomaly_lo": -0.747, "pred_gen_anomaly_hi": 1.748, "pred_gen_anomaly_3mo": 0.092, "has_generation_truth": false, "confidence": "carry-over storage (validated class)", "match_method": "hydrolakes_pour"}}, {"type": "Feature", "geometry": {"type": "Point", "coordinates": [11.169893, 59.54261]}, "properties": {"gww_id": 69962, "name": "Vamma", "reservoir": null, "country": "Norway", "iso3": "NOR", "capacity_mw": 344.0, "latest_month": "2026-05", "area_km2": 0.96, "area_anomaly": -0.018, "area_anomaly_3mo": 0.083, "precip_12mo_anomaly": -0.009, "pred_gen_anomaly": -0.023, "pred_gen_anomaly_lo": -0.331, "pred_gen_anomaly_hi": 0.358, "pred_gen_anomaly_3mo": -0.027, "has_generation_truth": false, "confidence": "short residence time (weak area signal)", "match_method": "hydrolakes_pour"}}, {"type": "Feature", "geometry": {"type": "Point", "coordinates": [-92.6239, 38.2044]}, "properties": {"gww_id": 90204, "name": "Osage Dam", "reservoir": "Osage", "country": "USA", "iso3": "USA", "capacity_mw": 208.0, "latest_month": "2026-05", "area_km2": 188.37, "area_anomaly": -0.045, "area_anomaly_3mo": -0.052, "precip_12mo_anomaly": -0.025, "pred_gen_anomaly": -0.011, "pred_gen_anomaly_lo": -0.597, "pred_gen_anomaly_hi": 0.626, "pred_gen_anomaly_3mo": -0.212, "has_generation_truth": true, "confidence": "carry-over storage (validated class)", "match_method": "gww_polygon"}}, {"type": "Feature", "geometry": {"type": "Point", "coordinates": [22.057216, 69.720002]}, "properties": {"gww_id": 69917, "name": "Kv\u00c3\u00a6nangsbotn", "reservoir": null, "country": "Norway", "iso3": "NOR", "capacity_mw": 55.0, "latest_month": "2026-05", "area_km2": 1.46, "area_anomaly": -0.008, "area_anomaly_3mo": 0.051, "precip_12mo_anomaly": 0.107, "pred_gen_anomaly": 0.034, "pred_gen_anomaly_lo": -0.392, "pred_gen_anomaly_hi": 0.445, "pred_gen_anomaly_3mo": 0.071, "has_generation_truth": false, "confidence": "unknown residence time", "match_method": "gww_polygon"}}, {"type": "Feature", "geometry": {"type": "Point", "coordinates": [5.696332, 60.857432]}, "properties": {"gww_id": 69919, "name": "Vemundsbotn", "reservoir": null, "country": "Norway", "iso3": "NOR", "capacity_mw": 45.0, "latest_month": "2026-05", "area_km2": 1.17, "area_anomaly": -0.01, "area_anomaly_3mo": 0.075, "precip_12mo_anomaly": -0.209, "pred_gen_anomaly": -0.05, "pred_gen_anomaly_lo": -0.431, "pred_gen_anomaly_hi": 0.428, "pred_gen_anomaly_3mo": -0.033, "has_generation_truth": false, "confidence": "short residence time (weak area signal)", "match_method": "hydrolakes_pour"}}, {"type": "Feature", "geometry": {"type": "Point", "coordinates": [-122.104444, 38.513056]}, "properties": {"gww_id": 88668, "name": "Monticello Dam", "reservoir": "Lake Berryessa", "country": "USA", "iso3": "USA", "capacity_mw": 11.5, "latest_month": "2026-05", "area_km2": 70.17, "area_anomaly": 0.047, "area_anomaly_3mo": 0.047, "precip_12mo_anomaly": -0.072, "pred_gen_anomaly": -0.117, "pred_gen_anomaly_lo": -0.699, "pred_gen_anomaly_hi": 0.393, "pred_gen_anomaly_3mo": -0.043, "has_generation_truth": true, "confidence": "carry-over storage (validated class)", "match_method": "hydrolakes_pour"}}, {"type": "Feature", "geometry": {"type": "Point", "coordinates": [-94.684498, 34.138779]}, "properties": {"gww_id": 88654, "name": "Broken Bow Dam", "reservoir": "Broken Bow Lake", "country": "USA", "iso3": "USA", "capacity_mw": 100.0, "latest_month": "2026-05", "area_km2": 52.52, "area_anomaly": -0.063, "area_anomaly_3mo": -0.043, "precip_12mo_anomaly": -0.187, "pred_gen_anomaly": -0.407, "pred_gen_anomaly_lo": -0.9, "pred_gen_anomaly_hi": 0.071, "pred_gen_anomaly_3mo": -0.418, "has_generation_truth": true, "confidence": "carry-over storage (validated class)", "match_method": "hydrolakes_pour"}}, {"type": "Feature", "geometry": {"type": "Point", "coordinates": [-88.125121, 45.807956]}, "properties": {"gww_id": 77188, "name": "Kingsford", "reservoir": null, "country": "USA", "iso3": "USA", "capacity_mw": 9.0, "latest_month": "2026-05", "area_km2": 1.8, "area_anomaly": 0.008, "area_anomaly_3mo": 0.1, "precip_12mo_anomaly": 0.206, "pred_gen_anomaly": 0.257, "pred_gen_anomaly_lo": -0.336, "pred_gen_anomaly_hi": 0.603, "pred_gen_anomaly_3mo": 0.237, "has_generation_truth": true, "confidence": "short residence time (weak area signal)", "match_method": "hydrolakes_pour"}}, {"type": "Feature", "geometry": {"type": "Point", "coordinates": [11.154443, 59.636706]}, "properties": {"gww_id": 88650, "name": "Solbergfoss", "reservoir": "Lake Oyeren", "country": "Norway", "iso3": "NOR", "capacity_mw": 199.0, "latest_month": "2026-05", "area_km2": 71.47, "area_anomaly": -0.003, "area_anomaly_3mo": 0.026, "precip_12mo_anomaly": -0.009, "pred_gen_anomaly": -0.016, "pred_gen_anomaly_lo": -0.328, "pred_gen_anomaly_hi": 0.382, "pred_gen_anomaly_3mo": -0.014, "has_generation_truth": false, "confidence": "short residence time (weak area signal)", "match_method": "hydrolakes_pour"}}, {"type": "Feature", "geometry": {"type": "Point", "coordinates": [-74.9583, 44.5839]}, "properties": {"gww_id": 64894, "name": "Colton", "reservoir": null, "country": "USA", "iso3": "USA", "capacity_mw": 44.0, "latest_month": "2026-05", "area_km2": 0.67, "area_anomaly": 0.039, "area_anomaly_3mo": 0.189, "precip_12mo_anomaly": -0.077, "pred_gen_anomaly": 0.018, "pred_gen_anomaly_lo": -0.463, "pred_gen_anomaly_hi": 0.522, "pred_gen_anomaly_3mo": -0.095, "has_generation_truth": true, "confidence": "unknown residence time", "match_method": "gww_polygon"}}, {"type": "Feature", "geometry": {"type": "Point", "coordinates": [102.84, 29.21]}, "properties": {"gww_id": 88644, "name": "Pu Bu Gou", "reservoir": "\u7011\u5e03\u6c9f\u6c34\u5e93", "country": "China", "iso3": "CHN", "capacity_mw": 4260.0, "latest_month": "2026-05", "area_km2": 61.68, "area_anomaly": -0.029, "area_anomaly_3mo": 0.054, "precip_12mo_anomaly": 0.044, "pred_gen_anomaly": 0.125, "pred_gen_anomaly_lo": -0.349, "pred_gen_anomaly_hi": 0.594, "pred_gen_anomaly_3mo": 0.104, "has_generation_truth": false, "confidence": "unknown residence time", "match_method": "gww_polygon"}}, {"type": "Feature", "geometry": {"type": "Point", "coordinates": [-96.9278, 36.6994]}, "properties": {"gww_id": 88641, "name": "Kaw Hydro", "reservoir": "Kaw Lake", "country": "USA", "iso3": "USA", "capacity_mw": 37.0, "latest_month": "2026-05", "area_km2": 58.26, "area_anomaly": -0.086, "area_anomaly_3mo": -0.037, "precip_12mo_anomaly": 0.036, "pred_gen_anomaly": -0.268, "pred_gen_anomaly_lo": -0.862, "pred_gen_anomaly_hi": 0.299, "pred_gen_anomaly_3mo": -0.14, "has_generation_truth": true, "confidence": "carry-over storage (validated class)", "match_method": "hydrolakes_pour"}}, {"type": "Feature", "geometry": {"type": "Point", "coordinates": [-72.9303, 42.7297]}, "properties": {"gww_id": 64924, "name": "Sherman", "reservoir": null, "country": "USA", "iso3": "USA", "capacity_mw": 7.2, "latest_month": "2026-05", "area_km2": 0.68, "area_anomaly": 0.03, "area_anomaly_3mo": 0.121, "precip_12mo_anomaly": -0.122, "pred_gen_anomaly": -0.066, "pred_gen_anomaly_lo": -0.624, "pred_gen_anomaly_hi": 0.438, "pred_gen_anomaly_3mo": -0.105, "has_generation_truth": true, "confidence": "unknown residence time", "match_method": "gww_polygon"}}, {"type": "Feature", "geometry": {"type": "Point", "coordinates": [130.3136, 50.27]}, "properties": {"gww_id": 88738, "name": "Byreyskaya HPP", "reservoir": null, "country": "Russia", "iso3": "RUS", "capacity_mw": 4020.0, "latest_month": "2026-05", "area_km2": 63.08, "area_anomaly": 0.143, "area_anomaly_3mo": 0.098, "precip_12mo_anomaly": 0.282, "pred_gen_anomaly": 0.152, "pred_gen_anomaly_lo": -0.141, "pred_gen_anomaly_hi": 0.516, "pred_gen_anomaly_3mo": 0.206, "has_generation_truth": false, "confidence": "unknown residence time", "match_method": "gww_polygon"}}, {"type": "Feature", "geometry": {"type": "Point", "coordinates": [-94.392858, 35.484488]}, "properties": {"gww_id": 76923, "name": "Lee Creek Water Treatment Facility", "reservoir": null, "country": "USA", "iso3": "USA", "capacity_mw": 1.3, "latest_month": "2026-05", "area_km2": 2.08, "area_anomaly": -0.035, "area_anomaly_3mo": -0.016, "precip_12mo_anomaly": -0.138, "pred_gen_anomaly": -0.282, "pred_gen_anomaly_lo": -0.758, "pred_gen_anomaly_hi": 0.255, "pred_gen_anomaly_3mo": -0.306, "has_generation_truth": true, "confidence": "short residence time (weak area signal)", "match_method": "hydrolakes_pour"}}, {"type": "Feature", "geometry": {"type": "Point", "coordinates": [5.915178, 60.464284]}, "properties": {"gww_id": 76963, "name": "Kvittingen", "reservoir": "Holmavatnet", "country": "Norway", "iso3": "NOR", "capacity_mw": 48.0, "latest_month": "2026-05", "area_km2": 2.49, "area_anomaly": -0.057, "area_anomaly_3mo": 0.036, "precip_12mo_anomaly": -0.053, "pred_gen_anomaly": -0.021, "pred_gen_anomaly_lo": -0.396, "pred_gen_anomaly_hi": 0.437, "pred_gen_anomaly_3mo": 0.003, "has_generation_truth": false, "confidence": "short residence time (weak area signal)", "match_method": "hydrolakes_pour"}}, {"type": "Feature", "geometry": {"type": "Point", "coordinates": [-74.8228, 44.5178]}, "properties": {"gww_id": 77019, "name": "Rainbow Falls Hydro", "reservoir": null, "country": "USA", "iso3": "USA", "capacity_mw": 49.0, "latest_month": "2026-05", "area_km2": 2.43, "area_anomaly": -0.027, "area_anomaly_3mo": 0.047, "precip_12mo_anomaly": -0.077, "pred_gen_anomaly": 0.048, "pred_gen_anomaly_lo": -0.402, "pred_gen_anomaly_hi": 0.392, "pred_gen_anomaly_3mo": 0.019, "has_generation_truth": true, "confidence": "short residence time (weak area signal)", "match_method": "hydrolakes_pour"}}, {"type": "Feature", "geometry": {"type": "Point", "coordinates": [-91.274, 45.051]}, "properties": {"gww_id": 77021, "name": "Jim Falls", "reservoir": "Old Abe Lake", "country": "USA", "iso3": "USA", "capacity_mw": 59.8, "latest_month": "2026-05", "area_km2": 2.23, "area_anomaly": 0.021, "area_anomaly_3mo": 0.066, "precip_12mo_anomaly": 0.145, "pred_gen_anomaly": 0.102, "pred_gen_anomaly_lo": -0.336, "pred_gen_anomaly_hi": 0.523, "pred_gen_anomaly_3mo": 0.051, "has_generation_truth": true, "confidence": "unknown residence time", "match_method": "gww_polygon"}}, {"type": "Feature", "geometry": {"type": "Point", "coordinates": [-91.076944, 45.888333]}, "properties": {"gww_id": 88722, "name": "LAC Courte Oreilles Hydroelect", "reservoir": "Winter", "country": "USA", "iso3": "USA", "capacity_mw": 3.4, "latest_month": "2026-05", "area_km2": 54.8, "area_anomaly": -0.032, "area_anomaly_3mo": -0.027, "precip_12mo_anomaly": 0.146, "pred_gen_anomaly": 0.049, "pred_gen_anomaly_lo": -0.728, "pred_gen_anomaly_hi": 1.026, "pred_gen_anomaly_3mo": 0.01, "has_generation_truth": true, "confidence": "carry-over storage (validated class)", "match_method": "hydrolakes_pour"}}, {"type": "Feature", "geometry": {"type": "Point", "coordinates": [-38.21027778, -9.356111111]}, "properties": {"gww_id": 90595, "name": "APOL\u00d4NIO SALES", "reservoir": "Itaparica Reservoir", "country": "BRA", "iso3": "BRA", "capacity_mw": 400.0, "latest_month": "2026-05", "area_km2": 605.01, "area_anomaly": -0.067, "area_anomaly_3mo": -0.0, "precip_12mo_anomaly": 0.048, "pred_gen_anomaly": 0.142, "pred_gen_anomaly_lo": -0.402, "pred_gen_anomaly_hi": 0.53, "pred_gen_anomaly_3mo": 0.098, "has_generation_truth": true, "confidence": "short residence time (weak area signal)", "match_method": "hydrolakes_pour"}}, {"type": "Feature", "geometry": {"type": "Point", "coordinates": [48.464, 32.6053]}, "properties": {"gww_id": 88718, "name": "Dez", "reservoir": null, "country": "Iran", "iso3": "IRN", "capacity_mw": 520.0, "latest_month": "2026-05", "area_km2": 63.1, "area_anomaly": 0.087, "area_anomaly_3mo": -0.024, "precip_12mo_anomaly": 0.029, "pred_gen_anomaly": 0.143, "pred_gen_anomaly_lo": -0.532, "pred_gen_anomaly_hi": 1.12, "pred_gen_anomaly_3mo": 0.043, "has_generation_truth": false, "confidence": "carry-over storage (validated class)", "match_method": "hydrolakes_pour"}}, {"type": "Feature", "geometry": {"type": "Point", "coordinates": [24.346887, 45.240308]}, "properties": {"gww_id": 77040, "name": "CALIMANESTI (Olt)", "reservoir": null, "country": "Romania", "iso3": "ROU", "capacity_mw": 75.0, "latest_month": "2026-05", "area_km2": 2.05, "area_anomaly": -0.037, "area_anomaly_3mo": -0.023, "precip_12mo_anomaly": 0.066, "pred_gen_anomaly": -0.037, "pred_gen_anomaly_lo": -0.395, "pred_gen_anomaly_hi": 0.345, "pred_gen_anomaly_3mo": 0.082, "has_generation_truth": false, "confidence": "unknown residence time", "match_method": "gww_polygon"}}, {"type": "Feature", "geometry": {"type": "Point", "coordinates": [-108.3687, 26.8444]}, "properties": {"gww_id": 88162, "name": "Luis Donaldo Colosio (Huites)", "reservoir": null, "country": "Mexico", "iso3": "MEX", "capacity_mw": 422.0, "latest_month": "2026-05", "area_km2": 21.03, "area_anomaly": -0.313, "area_anomaly_3mo": -0.357, "precip_12mo_anomaly": 0.206, "pred_gen_anomaly": -0.477, "pred_gen_anomaly_lo": -0.898, "pred_gen_anomaly_hi": 0.182, "pred_gen_anomaly_3mo": -0.523, "has_generation_truth": false, "confidence": "carry-over storage (validated class)", "match_method": "hydrolakes_pour"}}, {"type": "Feature", "geometry": {"type": "Point", "coordinates": [-94.108817, 44.092689]}, "properties": {"gww_id": 68951, "name": "Rapidan Hydro Facility", "reservoir": null, "country": "USA", "iso3": "USA", "capacity_mw": 6.8, "latest_month": "2026-05", "area_km2": 0.19, "area_anomaly": -0.469, "area_anomaly_3mo": -0.302, "precip_12mo_anomaly": 0.153, "pred_gen_anomaly": -0.083, "pred_gen_anomaly_lo": -0.749, "pred_gen_anomaly_hi": 0.477, "pred_gen_anomaly_3mo": 0.044, "has_generation_truth": true, "confidence": "short residence time (weak area signal)", "match_method": "hydrolakes_pour"}}, {"type": "Feature", "geometry": {"type": "Point", "coordinates": [4.248, 45.467]}, "properties": {"gww_id": 79064, "name": "Grangent Grangent Hydroelectric Power Station France - Grangent Hydroelectric Power Station France", "reservoir": null, "country": "France", "iso3": "FRA", "capacity_mw": 36.5, "latest_month": "2026-05", "area_km2": 2.85, "area_anomaly": 0.014, "area_anomaly_3mo": -0.009, "precip_12mo_anomaly": -0.04, "pred_gen_anomaly": -0.161, "pred_gen_anomaly_lo": -0.53, "pred_gen_anomaly_hi": 0.194, "pred_gen_anomaly_3mo": -0.004, "has_generation_truth": false, "confidence": "short residence time (weak area signal)", "match_method": "hydrolakes_pour"}}, {"type": "Feature", "geometry": {"type": "Point", "coordinates": [27.225417, 47.84125]}, "properties": {"gww_id": 87775, "name": "Costeshti Stinka / Stanca", "reservoir": null, "country": "Romania", "iso3": "ROU", "capacity_mw": 30.0, "latest_month": "2026-05", "area_km2": 40.47, "area_anomaly": -0.072, "area_anomaly_3mo": -0.009, "precip_12mo_anomaly": 0.058, "pred_gen_anomaly": -0.106, "pred_gen_anomaly_lo": -0.505, "pred_gen_anomaly_hi": 0.311, "pred_gen_anomaly_3mo": 0.082, "has_generation_truth": false, "confidence": "carry-over storage (validated class)", "match_method": "hydrolakes_pour"}}, {"type": "Feature", "geometry": {"type": "Point", "coordinates": [14.2375, 48.6333]}, "properties": {"gww_id": 87756, "name": "Lipno\u00c2\u00a0I", "reservoir": null, "country": "Czech Republic", "iso3": "CZE", "capacity_mw": 120.0, "latest_month": "2026-05", "area_km2": 39.83, "area_anomaly": -0.051, "area_anomaly_3mo": -0.052, "precip_12mo_anomaly": -0.059, "pred_gen_anomaly": -0.182, "pred_gen_anomaly_lo": -0.515, "pred_gen_anomaly_hi": 0.216, "pred_gen_anomaly_3mo": -0.056, "has_generation_truth": false, "confidence": "carry-over storage (validated class)", "match_method": "gww_polygon"}}, {"type": "Feature", "geometry": {"type": "Point", "coordinates": [14.479829, 46.561407]}, "properties": {"gww_id": 79070, "name": "Annabr\u00c3\u00bccke Annabruecke Hydroelectric Power Plant Austria - Annabruecke Hydroelectric Power Plant Austria", "reservoir": null, "country": "Austria", "iso3": "AUT", "capacity_mw": 90.0, "latest_month": "2026-05", "area_km2": 3.01, "area_anomaly": 0.007, "area_anomaly_3mo": 0.001, "precip_12mo_anomaly": -0.008, "pred_gen_anomaly": -0.128, "pred_gen_anomaly_lo": -0.442, "pred_gen_anomaly_hi": 0.157, "pred_gen_anomaly_3mo": -0.004, "has_generation_truth": false, "confidence": "short residence time (weak area signal)", "match_method": "hydrolakes_pour"}}, {"type": "Feature", "geometry": {"type": "Point", "coordinates": [15.625556, 65.509167]}, "properties": {"gww_id": 87755, "name": "Ajaure", "reservoir": null, "country": "Sweden", "iso3": "SWE", "capacity_mw": 75.0, "latest_month": "2026-05", "area_km2": 46.47, "area_anomaly": -0.027, "area_anomaly_3mo": 0.013, "precip_12mo_anomaly": 0.139, "pred_gen_anomaly": 0.147, "pred_gen_anomaly_lo": -0.201, "pred_gen_anomaly_hi": 0.551, "pred_gen_anomaly_3mo": 0.158, "has_generation_truth": false, "confidence": "short residence time (weak area signal)", "match_method": "hydrolakes_pour"}}, {"type": "Feature", "geometry": {"type": "Point", "coordinates": [-97.4453, 19.958]}, "properties": {"gww_id": 68941, "name": "Compa\u00c3\u00b1\u00c3\u00ada de Energ\u00c3\u00ada Mexicana", "reservoir": null, "country": "Mexico", "iso3": "MEX", "capacity_mw": 36.0, "latest_month": "2026-05", "area_km2": 0.79, "area_anomaly": -0.031, "area_anomaly_3mo": -0.072, "precip_12mo_anomaly": 0.059, "pred_gen_anomaly": -0.138, "pred_gen_anomaly_lo": -0.531, "pred_gen_anomaly_hi": 0.482, "pred_gen_anomaly_3mo": -0.147, "has_generation_truth": false, "confidence": "short residence time (weak area signal)", "match_method": "hydrolakes_pour"}}, {"type": "Feature", "geometry": {"type": "Point", "coordinates": [-107.3913, 25.0971]}, "properties": {"gww_id": 87752, "name": "Humaya", "reservoir": null, "country": "Mexico", "iso3": "MEX", "capacity_mw": 90.0, "latest_month": "2026-05", "area_km2": 22.09, "area_anomaly": -0.331, "area_anomaly_3mo": -0.271, "precip_12mo_anomaly": 0.151, "pred_gen_anomaly": -0.387, "pred_gen_anomaly_lo": -0.959, "pred_gen_anomaly_hi": 0.237, "pred_gen_anomaly_3mo": -0.394, "has_generation_truth": false, "confidence": "carry-over storage (validated class)", "match_method": "hydrolakes_pour"}}, {"type": "Feature", "geometry": {"type": "Point", "coordinates": [83.0361, 24.1778]}, "properties": {"gww_id": 90276, "name": "RIHAND_Hydro", "reservoir": "Govind Ballabah Pant", "country": "India", "iso3": "IND", "capacity_mw": 300.0, "latest_month": "2026-05", "area_km2": 334.22, "area_anomaly": 0.114, "area_anomaly_3mo": 0.138, "precip_12mo_anomaly": 0.317, "pred_gen_anomaly": 0.242, "pred_gen_anomaly_lo": -0.324, "pred_gen_anomaly_hi": 0.808, "pred_gen_anomaly_3mo": 0.183, "has_generation_truth": false, "confidence": "unknown residence time", "match_method": "gww_polygon"}}, {"type": "Feature", "geometry": {"type": "Point", "coordinates": [-122.467509, 40.628115]}, "properties": {"gww_id": 68933, "name": "Spring Creek", "reservoir": null, "country": "USA", "iso3": "USA", "capacity_mw": 297.0, "latest_month": "2026-05", "area_km2": 0.78, "area_anomaly": 0.014, "area_anomaly_3mo": 0.005, "precip_12mo_anomaly": -0.087, "pred_gen_anomaly": -0.234, "pred_gen_anomaly_lo": -0.569, "pred_gen_anomaly_hi": 0.128, "pred_gen_anomaly_3mo": -0.142, "has_generation_truth": true, "confidence": "unknown residence time", "match_method": "gww_polygon"}}, {"type": "Feature", "geometry": {"type": "Point", "coordinates": [73.5866, 21.2478]}, "properties": {"gww_id": 90271, "name": "UKAI_Hydro", "reservoir": "Ukal", "country": "India", "iso3": "IND", "capacity_mw": 300.0, "latest_month": "2026-05", "area_km2": 348.21, "area_anomaly": 0.161, "area_anomaly_3mo": 0.184, "precip_12mo_anomaly": 0.143, "pred_gen_anomaly": 0.21, "pred_gen_anomaly_lo": -0.368, "pred_gen_anomaly_hi": 0.958, "pred_gen_anomaly_3mo": 0.3, "has_generation_truth": false, "confidence": "carry-over storage (validated class)", "match_method": "hydrolakes_pour"}}, {"type": "Feature", "geometry": {"type": "Point", "coordinates": [52.2786, 55.6997]}, "properties": {"gww_id": 90684, "name": "Nizhnekamsk hydroelectric power station", "reservoir": "Nizhnekamsk Reservoir", "country": "Russia", "iso3": "RUS", "capacity_mw": 1205.0, "latest_month": "2026-05", "area_km2": 819.65, "area_anomaly": 0.111, "area_anomaly_3mo": 0.213, "precip_12mo_anomaly": 0.002, "pred_gen_anomaly": 0.073, "pred_gen_anomaly_lo": -0.213, "pred_gen_anomaly_hi": 0.432, "pred_gen_anomaly_3mo": 0.094, "has_generation_truth": false, "confidence": "short residence time (weak area signal)", "match_method": "hydrolakes_pour"}}, {"type": "Feature", "geometry": {"type": "Point", "coordinates": [2.194, 45.082]}, "properties": {"gww_id": 78976, "name": "Enchanet Enchanet Hydroelectric Power Station France - Enchanet Hydroelectric Power Station France", "reservoir": null, "country": "France", "iso3": "FRA", "capacity_mw": 35.0, "latest_month": "2026-05", "area_km2": 2.7, "area_anomaly": 0.029, "area_anomaly_3mo": 0.01, "precip_12mo_anomaly": -0.056, "pred_gen_anomaly": -0.08, "pred_gen_anomaly_lo": -0.603, "pred_gen_anomaly_hi": 0.287, "pred_gen_anomaly_3mo": 0.054, "has_generation_truth": false, "confidence": "short residence time (weak area signal)", "match_method": "hydrolakes_pour"}}, {"type": "Feature", "geometry": {"type": "Point", "coordinates": [-118.0273, 46.5838]}, "properties": {"gww_id": 87793, "name": "Little Goose", "reservoir": "New York Island", "country": "USA", "iso3": "USA", "capacity_mw": 1620.0, "latest_month": "2026-05", "area_km2": 39.3, "area_anomaly": 0.013, "area_anomaly_3mo": -0.005, "precip_12mo_anomaly": 0.021, "pred_gen_anomaly": 0.072, "pred_gen_anomaly_lo": -0.375, "pred_gen_anomaly_hi": 0.456, "pred_gen_anomaly_3mo": 0.037, "has_generation_truth": true, "confidence": "unknown residence time", "match_method": "gww_polygon"}}, {"type": "Feature", "geometry": {"type": "Point", "coordinates": [129.3901, 41.349]}, "properties": {"gww_id": 69055, "name": "The March 17th\u00c2\u00a0 Power Plant", "reservoir": null, "country": "North Korea", "iso3": "PRK", "capacity_mw": 482.0, "latest_month": "2026-05", "area_km2": 1.26, "area_anomaly": 0.149, "area_anomaly_3mo": 0.189, "precip_12mo_anomaly": 0.051, "pred_gen_anomaly": 0.165, "pred_gen_anomaly_lo": -0.434, "pred_gen_anomaly_hi": 0.8, "pred_gen_anomaly_3mo": 0.2, "has_generation_truth": false, "confidence": "unknown residence time", "match_method": "gww_polygon"}}, {"type": "Feature", "geometry": {"type": "Point", "coordinates": [-119.504724, 37.15105]}, "properties": {"gww_id": 63752, "name": "A G Wishon", "reservoir": "Kerckhoff Lake", "country": "USA", "iso3": "USA", "capacity_mw": 12.8, "latest_month": "2026-05", "area_km2": 0.51, "area_anomaly": 0.052, "area_anomaly_3mo": 0.035, "precip_12mo_anomaly": 0.006, "pred_gen_anomaly": -0.368, "pred_gen_anomaly_lo": -0.934, "pred_gen_anomaly_hi": 0.236, "pred_gen_anomaly_3mo": -0.168, "has_generation_truth": true, "confidence": "unknown residence time", "match_method": "gww_polygon"}}, {"type": "Feature", "geometry": {"type": "Point", "coordinates": [7.517685, 62.195096]}, "properties": {"gww_id": 68995, "name": "Tafjord 5", "reservoir": null, "country": "Norway", "iso3": "NOR", "capacity_mw": 82.7, "latest_month": "2026-05", "area_km2": 0.82, "area_anomaly": -0.198, "area_anomaly_3mo": -0.074, "precip_12mo_anomaly": -0.209, "pred_gen_anomaly": -0.26, "pred_gen_anomaly_lo": -0.665, "pred_gen_anomaly_hi": 0.124, "pred_gen_anomaly_3mo": -0.173, "has_generation_truth": false, "confidence": "short residence time (weak area signal)", "match_method": "hydrolakes_pour"}}, {"type": "Feature", "geometry": {"type": "Point", "coordinates": [-70.3772, 18.5464]}, "properties": {"gww_id": 79027, "name": "Jiguey 1", "reservoir": null, "country": "Dominican Republic", "iso3": "DOM", "capacity_mw": 49.5, "latest_month": "2026-05", "area_km2": 3.48, "area_anomaly": 0.278, "area_anomaly_3mo": 0.138, "precip_12mo_anomaly": 0.213, "pred_gen_anomaly": 0.338, "pred_gen_anomaly_lo": -0.477, "pred_gen_anomaly_hi": 1.153, "pred_gen_anomaly_3mo": 0.223, "has_generation_truth": false, "confidence": "short residence time (weak area signal)", "match_method": "hydrolakes_pour"}}, {"type": "Feature", "geometry": {"type": "Point", "coordinates": [-83.805, 35.4507]}, "properties": {"gww_id": 87736, "name": "Fontana Dam", "reservoir": "Fontana Lake", "country": "USA", "iso3": "USA", "capacity_mw": 254.7, "latest_month": "2026-05", "area_km2": 32.21, "area_anomaly": -0.045, "area_anomaly_3mo": -0.035, "precip_12mo_anomaly": -0.092, "pred_gen_anomaly": -0.192, "pred_gen_anomaly_lo": -0.639, "pred_gen_anomaly_hi": 0.195, "pred_gen_anomaly_3mo": -0.244, "has_generation_truth": true, "confidence": "carry-over storage (validated class)", "match_method": "hydrolakes_pour"}}, {"type": "Feature", "geometry": {"type": "Point", "coordinates": [-120.6941, 45.71644]}, "properties": {"gww_id": 87696, "name": "John Day", "reservoir": "Miller Island", "country": "USA", "iso3": "USA", "capacity_mw": 3986.2, "latest_month": "2026-05", "area_km2": 37.86, "area_anomaly": -0.001, "area_anomaly_3mo": 0.001, "precip_12mo_anomaly": 0.03, "pred_gen_anomaly": 0.051, "pred_gen_anomaly_lo": -0.273, "pred_gen_anomaly_hi": 0.27, "pred_gen_anomaly_3mo": 0.099, "has_generation_truth": true, "confidence": "unknown residence time", "match_method": "gww_polygon"}}, {"type": "Feature", "geometry": {"type": "Point", "coordinates": [-104.955526, 42.467254]}, "properties": {"gww_id": 87687, "name": "Glendo", "reservoir": "Glendo", "country": "USA", "iso3": "USA", "capacity_mw": 38.0, "latest_month": "2026-05", "area_km2": 39.29, "area_anomaly": -0.067, "area_anomaly_3mo": -0.055, "precip_12mo_anomaly": 0.084, "pred_gen_anomaly": -0.128, "pred_gen_anomaly_lo": -0.693, "pred_gen_anomaly_hi": 0.543, "pred_gen_anomaly_3mo": -0.07, "has_generation_truth": true, "confidence": "short residence time (weak area signal)", "match_method": "hydrolakes_pour"}}, {"type": "Feature", "geometry": {"type": "Point", "coordinates": [-82.184005, 35.42591]}, "properties": {"gww_id": 79413, "name": "Lake Lure", "reservoir": null, "country": "USA", "iso3": "USA", "capacity_mw": 3.6, "latest_month": "2026-05", "area_km2": 2.98, "area_anomaly": 0.044, "area_anomaly_3mo": -0.027, "precip_12mo_anomaly": -0.096, "pred_gen_anomaly": -0.207, "pred_gen_anomaly_lo": -0.764, "pred_gen_anomaly_hi": 0.333, "pred_gen_anomaly_3mo": -0.361, "has_generation_truth": true, "confidence": "short residence time (weak area signal)", "match_method": "hydrolakes_pour"}}, {"type": "Feature", "geometry": {"type": "Point", "coordinates": [74.6447, 16.1424]}, "properties": {"gww_id": 87681, "name": "GHAT PRABHA", "reservoir": null, "country": "India", "iso3": "IND", "capacity_mw": 32.0, "latest_month": "2026-05", "area_km2": 31.41, "area_anomaly": 0.15, "area_anomaly_3mo": 0.203, "precip_12mo_anomaly": 0.206, "pred_gen_anomaly": 0.311, "pred_gen_anomaly_lo": -0.43, "pred_gen_anomaly_hi": 1.204, "pred_gen_anomaly_3mo": 0.361, "has_generation_truth": false, "confidence": "carry-over storage (validated class)", "match_method": "hydrolakes_pour"}}, {"type": "Feature", "geometry": {"type": "Point", "coordinates": [-19.8198, 65.4158]}, "properties": {"gww_id": 79447, "name": "Blanda", "reservoir": "Gils\u00e1rl\u00f3n", "country": "Iceland", "iso3": "ISL", "capacity_mw": 150.0, "latest_month": "2026-05", "area_km2": 4.34, "area_anomaly": 0.005, "area_anomaly_3mo": -0.0, "precip_12mo_anomaly": -0.196, "pred_gen_anomaly": -0.2, "pred_gen_anomaly_lo": -0.511, "pred_gen_anomaly_hi": 0.125, "pred_gen_anomaly_3mo": -0.224, "has_generation_truth": false, "confidence": "unknown residence time", "match_method": "gww_polygon"}}, {"type": "Feature", "geometry": {"type": "Point", "coordinates": [-107.758056, 38.239167]}, "properties": {"gww_id": 79466, "name": "Tri-County Water Hydropower Project", "reservoir": null, "country": "USA", "iso3": "USA", "capacity_mw": 8.0, "latest_month": "2026-05", "area_km2": 3.83, "area_anomaly": 0.094, "area_anomaly_3mo": 0.083, "precip_12mo_anomaly": 0.078, "pred_gen_anomaly": -0.015, "pred_gen_anomaly_lo": -0.661, "pred_gen_anomaly_hi": 0.56, "pred_gen_anomaly_3mo": 0.027, "has_generation_truth": true, "confidence": "short residence time (weak area signal)", "match_method": "hydrolakes_pour"}}, {"type": "Feature", "geometry": {"type": "Point", "coordinates": [-85.616047, 33.258281]}, "properties": {"gww_id": 87670, "name": "Harris Dam", "reservoir": "R.L. Harris Reservoir", "country": "USA", "iso3": "USA", "capacity_mw": 135.0, "latest_month": "2026-05", "area_km2": 28.81, "area_anomaly": -0.006, "area_anomaly_3mo": -0.01, "precip_12mo_anomaly": -0.139, "pred_gen_anomaly": -0.324, "pred_gen_anomaly_lo": -0.801, "pred_gen_anomaly_hi": 0.149, "pred_gen_anomaly_3mo": -0.348, "has_generation_truth": true, "confidence": "short residence time (weak area signal)", "match_method": "hydrolakes_pour"}}, {"type": "Feature", "geometry": {"type": "Point", "coordinates": [9.397916667, 36.59123463]}, "properties": {"gww_id": 87669, "name": "Sidi Salem", "reservoir": null, "country": "Tunisia", "iso3": "TUN", "capacity_mw": 36.0, "latest_month": "2026-05", "area_km2": 34.56, "area_anomaly": -0.119, "area_anomaly_3mo": -0.205, "precip_12mo_anomaly": -0.062, "pred_gen_anomaly": -0.415, "pred_gen_anomaly_lo": -0.87, "pred_gen_anomaly_hi": 0.213, "pred_gen_anomaly_3mo": -0.442, "has_generation_truth": false, "confidence": "carry-over storage (validated class)", "match_method": "hydrolakes_pour"}}, {"type": "Feature", "geometry": {"type": "Point", "coordinates": [-74.8405, 6.2108]}, "properties": {"gww_id": 79376, "name": "San Carlos", "reservoir": null, "country": "Colombia", "iso3": "COL", "capacity_mw": 1246.0, "latest_month": "2026-05", "area_km2": 2.45, "area_anomaly": -0.025, "area_anomaly_3mo": 0.033, "precip_12mo_anomaly": 0.084, "pred_gen_anomaly": 0.075, "pred_gen_anomaly_lo": -0.332, "pred_gen_anomaly_hi": 0.6, "pred_gen_anomaly_3mo": 0.243, "has_generation_truth": false, "confidence": "short residence time (weak area signal)", "match_method": "hydrolakes_pour"}}, {"type": "Feature", "geometry": {"type": "Point", "coordinates": [49.4022, 36.7434]}, "properties": {"gww_id": 87708, "name": "Sefid Rood", "reservoir": null, "country": "Iran", "iso3": "IRN", "capacity_mw": 87.0, "latest_month": "2026-05", "area_km2": 47.85, "area_anomaly": 0.086, "area_anomaly_3mo": -0.22, "precip_12mo_anomaly": 0.149, "pred_gen_anomaly": 0.2, "pred_gen_anomaly_lo": -0.636, "pred_gen_anomaly_hi": 1.146, "pred_gen_anomaly_3mo": -0.106, "has_generation_truth": false, "confidence": "short residence time (weak area signal)", "match_method": "hydrolakes_pour"}}, {"type": "Feature", "geometry": {"type": "Point", "coordinates": [-122.6712, 44.4146]}, "properties": {"gww_id": 79215, "name": "Foster", "reservoir": "Foster Lake", "country": "USA", "iso3": "USA", "capacity_mw": 20.0, "latest_month": "2026-05", "area_km2": 3.72, "area_anomaly": -0.028, "area_anomaly_3mo": -0.019, "precip_12mo_anomaly": -0.13, "pred_gen_anomaly": -0.118, "pred_gen_anomaly_lo": -0.412, "pred_gen_anomaly_hi": 0.133, "pred_gen_anomaly_3mo": -0.129, "has_generation_truth": true, "confidence": "short residence time (weak area signal)", "match_method": "hydrolakes_pour"}}, {"type": "Feature", "geometry": {"type": "Point", "coordinates": [82.7183, 49.9012]}, "properties": {"gww_id": 87727, "name": "Ust-Kamenogorsk HPP", "reservoir": null, "country": "Kazakhstan", "iso3": "KAZ", "capacity_mw": 331.0, "latest_month": "2026-05", "area_km2": 34.77, "area_anomaly": -0.002, "area_anomaly_3mo": 0.16, "precip_12mo_anomaly": 0.205, "pred_gen_anomaly": 0.165, "pred_gen_anomaly_lo": -0.261, "pred_gen_anomaly_hi": 0.663, "pred_gen_anomaly_3mo": 0.203, "has_generation_truth": false, "confidence": "short residence time (weak area signal)", "match_method": "hydrolakes_pour"}}, {"type": "Feature", "geometry": {"type": "Point", "coordinates": [-72.76769, 44.38126]}, "properties": {"gww_id": 79219, "name": "Waterbury 22", "reservoir": "Little River", "country": "USA", "iso3": "USA", "capacity_mw": 5.5, "latest_month": "2026-05", "area_km2": 3.11, "area_anomaly": 0.015, "area_anomaly_3mo": 0.099, "precip_12mo_anomaly": -0.116, "pred_gen_anomaly": 0.044, "pred_gen_anomaly_lo": -0.522, "pred_gen_anomaly_hi": 0.657, "pred_gen_anomaly_3mo": 0.035, "has_generation_truth": true, "confidence": "short residence time (weak area signal)", "match_method": "hydrolakes_pour"}}, {"type": "Feature", "geometry": {"type": "Point", "coordinates": [-75.9531, 43.5317]}, "properties": {"gww_id": 63706, "name": "Bennetts Bridge", "reservoir": null, "country": "USA", "iso3": "USA", "capacity_mw": 44.0, "latest_month": "2026-05", "area_km2": 0.67, "area_anomaly": 0.044, "area_anomaly_3mo": 0.072, "precip_12mo_anomaly": -0.052, "pred_gen_anomaly": 0.036, "pred_gen_anomaly_lo": -0.408, "pred_gen_anomaly_hi": 0.506, "pred_gen_anomaly_3mo": 0.024, "has_generation_truth": true, "confidence": "unknown residence time", "match_method": "gww_polygon"}}, {"type": "Feature", "geometry": {"type": "Point", "coordinates": [-111.4043, 40.7904]}, "properties": {"gww_id": 79277, "name": "Wanship", "reservoir": "Rock Port Lake", "country": "USA", "iso3": "USA", "capacity_mw": 1.9, "latest_month": "2026-05", "area_km2": 3.5, "area_anomaly": -0.013, "area_anomaly_3mo": -0.088, "precip_12mo_anomaly": 0.068, "pred_gen_anomaly": -0.118, "pred_gen_anomaly_lo": -0.659, "pred_gen_anomaly_hi": 0.45, "pred_gen_anomaly_3mo": -0.066, "has_generation_truth": true, "confidence": "short residence time (weak area signal)", "match_method": "hydrolakes_pour"}}, {"type": "Feature", "geometry": {"type": "Point", "coordinates": [-84.333257, 45.391984]}, "properties": {"gww_id": 68853, "name": "Kleber", "reservoir": null, "country": "USA", "iso3": "USA", "capacity_mw": 1.8, "latest_month": "2026-05", "area_km2": 0.85, "area_anomaly": 0.016, "area_anomaly_3mo": 0.261, "precip_12mo_anomaly": 0.115, "pred_gen_anomaly": 0.248, "pred_gen_anomaly_lo": -0.325, "pred_gen_anomaly_hi": 0.678, "pred_gen_anomaly_3mo": 0.069, "has_generation_truth": true, "confidence": "short residence time (weak area signal)", "match_method": "hydrolakes_pour"}}, {"type": "Feature", "geometry": {"type": "Point", "coordinates": [-69.5514, 49.2947]}, "properties": {"gww_id": 87715, "name": "Bersimis-1", "reservoir": null, "country": "Canada", "iso3": "CAN", "capacity_mw": 2047.0, "latest_month": "2026-05", "area_km2": 39.26, "area_anomaly": -0.027, "area_anomaly_3mo": 0.089, "precip_12mo_anomaly": 0.458, "pred_gen_anomaly": 0.461, "pred_gen_anomaly_lo": -0.182, "pred_gen_anomaly_hi": 0.879, "pred_gen_anomaly_3mo": 0.29, "has_generation_truth": false, "confidence": "unknown residence time", "match_method": "gww_polygon"}}, {"type": "Feature", "geometry": {"type": "Point", "coordinates": [82.847, 43.86]}, "properties": {"gww_id": 87713, "name": "Jilintai", "reservoir": "\u5409\u6797\u53f0\u6c34\u5e93", "country": "China", "iso3": "CHN", "capacity_mw": 460.0, "latest_month": "2026-05", "area_km2": 34.25, "area_anomaly": 0.014, "area_anomaly_3mo": 0.099, "precip_12mo_anomaly": 0.195, "pred_gen_anomaly": 0.043, "pred_gen_anomaly_lo": -0.283, "pred_gen_anomaly_hi": 0.566, "pred_gen_anomaly_3mo": 0.123, "has_generation_truth": false, "confidence": "unknown residence time", "match_method": "gww_polygon"}}, {"type": "Feature", "geometry": {"type": "Point", "coordinates": [-72.303642, 43.667927]}, "properties": {"gww_id": 79323, "name": "Wilder", "reservoir": null, "country": "USA", "iso3": "USA", "capacity_mw": 37.4, "latest_month": "2026-05", "area_km2": 2.69, "area_anomaly": 0.029, "area_anomaly_3mo": 0.042, "precip_12mo_anomaly": -0.113, "pred_gen_anomaly": 0.017, "pred_gen_anomaly_lo": -0.384, "pred_gen_anomaly_hi": 0.357, "pred_gen_anomaly_3mo": -0.034, "has_generation_truth": true, "confidence": "short residence time (weak area signal)", "match_method": "hydrolakes_pour"}}, {"type": "Feature", "geometry": {"type": "Point", "coordinates": [-122.27995, 45.243287]}, "properties": {"gww_id": 69341, "name": "North Fork", "reservoir": "North Fork", "country": "USA", "iso3": "USA", "capacity_mw": 40.8, "latest_month": "2026-05", "area_km2": 0.97, "area_anomaly": 0.007, "area_anomaly_3mo": -0.061, "precip_12mo_anomaly": -0.103, "pred_gen_anomaly": -0.106, "pred_gen_anomaly_lo": -0.457, "pred_gen_anomaly_hi": 0.233, "pred_gen_anomaly_3mo": -0.136, "has_generation_truth": true, "confidence": "short residence time (weak area signal)", "match_method": "hydrolakes_pour"}}, {"type": "Feature", "geometry": {"type": "Point", "coordinates": [42.355, 34.207]}, "properties": {"gww_id": 90251, "name": "Haditha Dam", "reservoir": "Habbaniyah", "country": "Iraq", "iso3": "IRQ", "capacity_mw": 660.0, "latest_month": "2026-05", "area_km2": 204.31, "area_anomaly": -0.426, "area_anomaly_3mo": -0.54, "precip_12mo_anomaly": 0.507, "pred_gen_anomaly": 0.311, "pred_gen_anomaly_lo": -0.652, "pred_gen_anomaly_hi": 1.002, "pred_gen_anomaly_3mo": 0.024, "has_generation_truth": false, "confidence": "carry-over storage (validated class)", "match_method": "hydrolakes_pour"}}, {"type": "Feature", "geometry": {"type": "Point", "coordinates": [101.273, 6.1555]}, "properties": {"gww_id": 88033, "name": "Bang Lang", "reservoir": null, "country": "Thailand", "iso3": "THA", "capacity_mw": 72.0, "latest_month": "2026-05", "area_km2": 39.24, "area_anomaly": -0.052, "area_anomaly_3mo": -0.044, "precip_12mo_anomaly": 0.037, "pred_gen_anomaly": -0.136, "pred_gen_anomaly_lo": -0.753, "pred_gen_anomaly_hi": 0.511, "pred_gen_anomaly_3mo": -0.2, "has_generation_truth": false, "confidence": "carry-over storage (validated class)", "match_method": "hydrolakes_pour"}}, {"type": "Feature", "geometry": {"type": "Point", "coordinates": [104.4873, 19.3404]}, "properties": {"gww_id": 88032, "name": "Ban Ve", "reservoir": "Ban Ve Reservoir", "country": "Vietnam", "iso3": "VNM", "capacity_mw": 320.0, "latest_month": "2026-05", "area_km2": 32.19, "area_anomaly": 0.21, "area_anomaly_3mo": 0.109, "precip_12mo_anomaly": 0.214, "pred_gen_anomaly": 0.218, "pred_gen_anomaly_lo": -0.281, "pred_gen_anomaly_hi": 0.739, "pred_gen_anomaly_3mo": 0.182, "has_generation_truth": false, "confidence": "unknown residence time", "match_method": "gww_polygon"}}, {"type": "Feature", "geometry": {"type": "Point", "coordinates": [128.7383, -16.1201]}, "properties": {"gww_id": 90627, "name": "Ord River", "reservoir": "Argyle Reservoir", "country": "Australia", "iso3": "AUS", "capacity_mw": 30.0, "latest_month": "2026-05", "area_km2": 910.61, "area_anomaly": 0.064, "area_anomaly_3mo": 0.019, "precip_12mo_anomaly": 0.044, "pred_gen_anomaly": 0.073, "pred_gen_anomaly_lo": -0.755, "pred_gen_anomaly_hi": 1.308, "pred_gen_anomaly_3mo": -0.039, "has_generation_truth": false, "confidence": "carry-over storage (validated class)", "match_method": "hydrolakes_pour"}}, {"type": "Feature", "geometry": {"type": "Point", "coordinates": [33.6675, 65.0334]}, "properties": {"gww_id": 88025, "name": "Krivoporozhskaya HPP", "reservoir": "\u041a\u0440\u0438\u0432\u043e\u043f\u043e\u0440\u043e\u0436\u0441\u043a\u043e\u0435 \u0432\u043e\u0434\u043e\u0445\u0440\u0430\u043d\u0438\u043b\u0438\u0449\u0435", "country": "Russia", "iso3": "RUS", "capacity_mw": 180.0, "latest_month": "2026-05", "area_km2": 51.4, "area_anomaly": -0.094, "area_anomaly_3mo": 0.008, "precip_12mo_anomaly": 0.075, "pred_gen_anomaly": 0.048, "pred_gen_anomaly_lo": -0.435, "pred_gen_anomaly_hi": 0.64, "pred_gen_anomaly_3mo": 0.081, "has_generation_truth": false, "confidence": "carry-over storage (validated class)", "match_method": "gww_polygon"}}, {"type": "Feature", "geometry": {"type": "Point", "coordinates": [-125.3109, 50.044]}, "properties": {"gww_id": 78435, "name": "John Hart", "reservoir": null, "country": "Canada", "iso3": "CAN", "capacity_mw": 126.0, "latest_month": "2026-05", "area_km2": 3.08, "area_anomaly": 0.007, "area_anomaly_3mo": -0.008, "precip_12mo_anomaly": -0.04, "pred_gen_anomaly": -0.124, "pred_gen_anomaly_lo": -0.396, "pred_gen_anomaly_hi": 0.153, "pred_gen_anomaly_3mo": -0.092, "has_generation_truth": false, "confidence": "short residence time (weak area signal)", "match_method": "hydrolakes_pour"}}, {"type": "Feature", "geometry": {"type": "Point", "coordinates": [20.4666667, 64.75]}, "properties": {"gww_id": 69396, "name": "Krangfors", "reservoir": null, "country": "Sweden", "iso3": "SWE", "capacity_mw": 53.9, "latest_month": "2026-05", "area_km2": 1.08, "area_anomaly": 0.003, "area_anomaly_3mo": 0.049, "precip_12mo_anomaly": 0.185, "pred_gen_anomaly": 0.145, "pred_gen_anomaly_lo": -0.35, "pred_gen_anomaly_hi": 0.502, "pred_gen_anomaly_3mo": 0.215, "has_generation_truth": false, "confidence": "short residence time (weak area signal)", "match_method": "hydrolakes_pour"}}, {"type": "Feature", "geometry": {"type": "Point", "coordinates": [-116.99859, 48.180245]}, "properties": {"gww_id": 90247, "name": "Albeni Falls", "reservoir": "Pend Oreille Lake", "country": "USA", "iso3": "USA", "capacity_mw": 42.0, "latest_month": "2026-05", "area_km2": 360.3, "area_anomaly": -0.009, "area_anomaly_3mo": -0.01, "precip_12mo_anomaly": -0.012, "pred_gen_anomaly": 0.043, "pred_gen_anomaly_lo": -0.307, "pred_gen_anomaly_hi": 0.355, "pred_gen_anomaly_3mo": 0.044, "has_generation_truth": true, "confidence": "short residence time (weak area signal)", "match_method": "hydrolakes_pour"}}, {"type": "Feature", "geometry": {"type": "Point", "coordinates": [-92.480177, 44.212981]}, "properties": {"gww_id": 78467, "name": "Rochester Hydro", "reservoir": null, "country": "USA", "iso3": "USA", "capacity_mw": 2.6, "latest_month": "2026-05", "area_km2": 2.26, "area_anomaly": -0.012, "area_anomaly_3mo": 0.104, "precip_12mo_anomaly": 0.081, "pred_gen_anomaly": -0.016, "pred_gen_anomaly_lo": -0.692, "pred_gen_anomaly_hi": 0.597, "pred_gen_anomaly_3mo": -0.013, "has_generation_truth": true, "confidence": "short residence time (weak area signal)", "match_method": "hydrolakes_pour"}}, {"type": "Feature", "geometry": {"type": "Point", "coordinates": [-71.6974, 48.7807]}, "properties": {"gww_id": 87991, "name": "Chute-du-Diable", "reservoir": null, "country": "Canada", "iso3": "CAN", "capacity_mw": 305.8, "latest_month": "2026-05", "area_km2": 49.15, "area_anomaly": 0.067, "area_anomaly_3mo": -0.072, "precip_12mo_anomaly": 0.496, "pred_gen_anomaly": 0.505, "pred_gen_anomaly_lo": -0.083, "pred_gen_anomaly_hi": 0.881, "pred_gen_anomaly_3mo": 0.405, "has_generation_truth": false, "confidence": "short residence time (weak area signal)", "match_method": "hydrolakes_pour"}}, {"type": "Feature", "geometry": {"type": "Point", "coordinates": [-120.420152, 37.695994]}, "properties": {"gww_id": 87987, "name": "Don Pedro", "reservoir": "Don Pedro Reservoir", "country": "USA", "iso3": "USA", "capacity_mw": 173.7, "latest_month": "2026-05", "area_km2": 46.38, "area_anomaly": 0.152, "area_anomaly_3mo": 0.122, "precip_12mo_anomaly": -0.083, "pred_gen_anomaly": -0.042, "pred_gen_anomaly_lo": -0.704, "pred_gen_anomaly_hi": 0.49, "pred_gen_anomaly_3mo": -0.034, "has_generation_truth": true, "confidence": "carry-over storage (validated class)", "match_method": "hydrolakes_pour"}}, {"type": "Feature", "geometry": {"type": "Point", "coordinates": [-64.3233, -32.1883]}, "properties": {"gww_id": 78400, "name": "BENJAMIN REOLIN", "reservoir": null, "country": "Argentina", "iso3": "ARG", "capacity_mw": 38.4, "latest_month": "2026-05", "area_km2": 2.59, "area_anomaly": 0.057, "area_anomaly_3mo": 0.059, "precip_12mo_anomaly": 0.126, "pred_gen_anomaly": 0.326, "pred_gen_anomaly_lo": -0.366, "pred_gen_anomaly_hi": 1.109, "pred_gen_anomaly_3mo": 0.143, "has_generation_truth": false, "confidence": "short residence time (weak area signal)", "match_method": "hydrolakes_pour"}}, {"type": "Feature", "geometry": {"type": "Point", "coordinates": [-117.232674, 43.642023]}, "properties": {"gww_id": 88054, "name": "Tunnel 1 Power Project", "reservoir": "Lake Owyhee", "country": "USA", "iso3": "USA", "capacity_mw": 13.5, "latest_month": "2026-05", "area_km2": 39.95, "area_anomaly": -0.026, "area_anomaly_3mo": 0.044, "precip_12mo_anomaly": -0.019, "pred_gen_anomaly": -0.049, "pred_gen_anomaly_lo": -0.496, "pred_gen_anomaly_hi": 0.478, "pred_gen_anomaly_3mo": 0.127, "has_generation_truth": true, "confidence": "carry-over storage (validated class)", "match_method": "hydrolakes_pour"}}, {"type": "Feature", "geometry": {"type": "Point", "coordinates": [14.579856, 63.326439]}, "properties": {"gww_id": 77954, "name": "Kattstrupeforsen", "reservoir": null, "country": "Sweden", "iso3": "SWE", "capacity_mw": 56.0, "latest_month": "2026-05", "area_km2": 3.13, "area_anomaly": -0.017, "area_anomaly_3mo": 0.017, "precip_12mo_anomaly": -0.091, "pred_gen_anomaly": -0.117, "pred_gen_anomaly_lo": -0.539, "pred_gen_anomaly_hi": 0.446, "pred_gen_anomaly_3mo": -0.051, "has_generation_truth": false, "confidence": "short residence time (weak area signal)", "match_method": "hydrolakes_pour"}}, {"type": "Feature", "geometry": {"type": "Point", "coordinates": [-47.01055556, -21.62472222]}, "properties": {"gww_id": 77975, "name": "LIMOEIRO", "reservoir": null, "country": "BRA", "iso3": "BRA", "capacity_mw": 32.0, "latest_month": "2026-05", "area_km2": 2.25, "area_anomaly": 0.011, "area_anomaly_3mo": 0.004, "precip_12mo_anomaly": -0.062, "pred_gen_anomaly": -0.168, "pred_gen_anomaly_lo": -0.614, "pred_gen_anomaly_hi": 0.431, "pred_gen_anomaly_3mo": -0.156, "has_generation_truth": true, "confidence": "short residence time (weak area signal)", "match_method": "hydrolakes_pour"}}, {"type": "Feature", "geometry": {"type": "Point", "coordinates": [-111.205752, 43.334849]}, "properties": {"gww_id": 88161, "name": "Palisades Dam", "reservoir": "Palisades", "country": "USA", "iso3": "USA", "capacity_mw": 176.4, "latest_month": "2026-05", "area_km2": 40.25, "area_anomaly": -0.169, "area_anomaly_3mo": -0.014, "precip_12mo_anomaly": 0.027, "pred_gen_anomaly": -0.17, "pred_gen_anomaly_lo": -0.618, "pred_gen_anomaly_hi": 0.251, "pred_gen_anomaly_3mo": 0.023, "has_generation_truth": true, "confidence": "carry-over storage (validated class)", "match_method": "hydrolakes_pour"}}, {"type": "Feature", "geometry": {"type": "Point", "coordinates": [107.3663, -6.9126]}, "properties": {"gww_id": 88160, "name": "Saguling", "reservoir": null, "country": "Indonesia", "iso3": "IDN", "capacity_mw": 700.7, "latest_month": "2026-05", "area_km2": 40.34, "area_anomaly": 0.059, "area_anomaly_3mo": 0.104, "precip_12mo_anomaly": 0.144, "pred_gen_anomaly": 0.244, "pred_gen_anomaly_lo": -0.299, "pred_gen_anomaly_hi": 1.101, "pred_gen_anomaly_3mo": 0.212, "has_generation_truth": false, "confidence": "short residence time (weak area signal)", "match_method": "hydrolakes_pour"}}, {"type": "Feature", "geometry": {"type": "Point", "coordinates": [24.375417, 45.120417]}, "properties": {"gww_id": 78055, "name": "Ramnicu Valcea", "reservoir": null, "country": "Romania", "iso3": "ROU", "capacity_mw": 46.0, "latest_month": "2026-05", "area_km2": 2.81, "area_anomaly": -0.056, "area_anomaly_3mo": -0.043, "precip_12mo_anomaly": 0.066, "pred_gen_anomaly": -0.102, "pred_gen_anomaly_lo": -0.418, "pred_gen_anomaly_hi": 0.384, "pred_gen_anomaly_3mo": 0.058, "has_generation_truth": false, "confidence": "short residence time (weak area signal)", "match_method": "hydrolakes_pour"}}, {"type": "Feature", "geometry": {"type": "Point", "coordinates": [35.7244, 41.3668]}, "properties": {"gww_id": 88148, "name": "Alt?nkaya Dam", "reservoir": "Altinkaya Baraji", "country": "Turkey", "iso3": "TUR", "capacity_mw": 700.0, "latest_month": "2026-05", "area_km2": 70.69, "area_anomaly": -0.026, "area_anomaly_3mo": -0.047, "precip_12mo_anomaly": 0.426, "pred_gen_anomaly": 0.349, "pred_gen_anomaly_lo": -0.216, "pred_gen_anomaly_hi": 1.109, "pred_gen_anomaly_3mo": 0.269, "has_generation_truth": false, "confidence": "carry-over storage (validated class)", "match_method": "hydrolakes_pour"}}, {"type": "Feature", "geometry": {"type": "Point", "coordinates": [-88.6625, 46.7261]}, "properties": {"gww_id": 78132, "name": "Prickett", "reservoir": null, "country": "USA", "iso3": "USA", "capacity_mw": 2.2, "latest_month": "2026-05", "area_km2": 2.26, "area_anomaly": -0.169, "area_anomaly_3mo": -0.07, "precip_12mo_anomaly": 0.245, "pred_gen_anomaly": 0.227, "pred_gen_anomaly_lo": -0.345, "pred_gen_anomaly_hi": 0.665, "pred_gen_anomaly_3mo": 0.242, "has_generation_truth": true, "confidence": "short residence time (weak area signal)", "match_method": "hydrolakes_pour"}}, {"type": "Feature", "geometry": {"type": "Point", "coordinates": [107.8294, 14.2274]}, "properties": {"gww_id": 88142, "name": "Ialy", "reservoir": null, "country": "Vietnam", "iso3": "VNM", "capacity_mw": 720.0, "latest_month": "2026-05", "area_km2": 27.6, "area_anomaly": -0.136, "area_anomaly_3mo": -0.051, "precip_12mo_anomaly": 0.108, "pred_gen_anomaly": -0.009, "pred_gen_anomaly_lo": -0.33, "pred_gen_anomaly_hi": 0.377, "pred_gen_anomaly_3mo": 0.084, "has_generation_truth": false, "confidence": "short residence time (weak area signal)", "match_method": "hydrolakes_pour"}}, {"type": "Feature", "geometry": {"type": "Point", "coordinates": [147.5206, -36.5564]}, "properties": {"gww_id": 88138, "name": "Dartmouth (Mount Beauty Hydro Scheme)", "reservoir": null, "country": "Australia", "iso3": "AUS", "capacity_mw": 150.0, "latest_month": "2026-05", "area_km2": 51.57, "area_anomaly": 0.031, "area_anomaly_3mo": 0.008, "precip_12mo_anomaly": -0.131, "pred_gen_anomaly": -0.186, "pred_gen_anomaly_lo": -0.68, "pred_gen_anomaly_hi": 0.325, "pred_gen_anomaly_3mo": -0.154, "has_generation_truth": false, "confidence": "carry-over storage (validated class)", "match_method": "hydrolakes_pour"}}, {"type": "Feature", "geometry": {"type": "Point", "coordinates": [-108.787681, 43.219017]}, "properties": {"gww_id": 78299, "name": "Pilot Butte", "reservoir": "Pilot Butte", "country": "USA", "iso3": "USA", "capacity_mw": 1.6, "latest_month": "2026-05", "area_km2": 3.34, "area_anomaly": 0.027, "area_anomaly_3mo": 0.016, "precip_12mo_anomaly": -0.036, "pred_gen_anomaly": -0.134, "pred_gen_anomaly_lo": -0.712, "pred_gen_anomaly_hi": 0.256, "pred_gen_anomaly_3mo": -0.087, "has_generation_truth": true, "confidence": "unknown residence time", "match_method": "gww_polygon"}}, {"type": "Feature", "geometry": {"type": "Point", "coordinates": [-84.7282, 34.1637]}, "properties": {"gww_id": 88134, "name": "Allatoona", "reservoir": "Allatoona Lake", "country": "USA", "iso3": "USA", "capacity_mw": 86.6, "latest_month": "2026-05", "area_km2": 41.1, "area_anomaly": -0.035, "area_anomaly_3mo": -0.072, "precip_12mo_anomaly": -0.126, "pred_gen_anomaly": -0.384, "pred_gen_anomaly_lo": -1.027, "pred_gen_anomaly_hi": 0.187, "pred_gen_anomaly_3mo": -0.401, "has_generation_truth": true, "confidence": "carry-over storage (validated class)", "match_method": "hydrolakes_pour"}}, {"type": "Feature", "geometry": {"type": "Point", "coordinates": [5.592, 46.294]}, "properties": {"gww_id": 78383, "name": "Coiselet Coiselet Hydroelectric Power Station France - Coiselet Hydroelectric Power Station France", "reservoir": null, "country": "France", "iso3": "FRA", "capacity_mw": 40.5, "latest_month": "2026-05", "area_km2": 3.03, "area_anomaly": 0.003, "area_anomaly_3mo": -0.015, "precip_12mo_anomaly": 0.027, "pred_gen_anomaly": -0.169, "pred_gen_anomaly_lo": -0.526, "pred_gen_anomaly_hi": 0.226, "pred_gen_anomaly_3mo": -0.017, "has_generation_truth": false, "confidence": "short residence time (weak area signal)", "match_method": "hydrolakes_pour"}}, {"type": "Feature", "geometry": {"type": "Point", "coordinates": [-116.8975, 44.8367]}, "properties": {"gww_id": 88118, "name": "Brownlee", "reservoir": "Brownlee", "country": "USA", "iso3": "USA", "capacity_mw": 675.0, "latest_month": "2026-05", "area_km2": 47.53, "area_anomaly": 0.061, "area_anomaly_3mo": -0.018, "precip_12mo_anomaly": 0.021, "pred_gen_anomaly": 0.066, "pred_gen_anomaly_lo": -0.203, "pred_gen_anomaly_hi": 0.366, "pred_gen_anomaly_3mo": 0.03, "has_generation_truth": true, "confidence": "short residence time (weak area signal)", "match_method": "hydrolakes_pour"}}, {"type": "Feature", "geometry": {"type": "Point", "coordinates": [-73.6805, 42.9126]}, "properties": {"gww_id": 78392, "name": "Upper Mechanicville", "reservoir": null, "country": "USA", "iso3": "USA", "capacity_mw": 19.8, "latest_month": "2026-05", "area_km2": 2.47, "area_anomaly": 0.034, "area_anomaly_3mo": 0.052, "precip_12mo_anomaly": -0.102, "pred_gen_anomaly": -0.047, "pred_gen_anomaly_lo": -0.544, "pred_gen_anomaly_hi": 0.317, "pred_gen_anomaly_3mo": -0.058, "has_generation_truth": true, "confidence": "short residence time (weak area signal)", "match_method": "hydrolakes_pour"}}, {"type": "Feature", "geometry": {"type": "Point", "coordinates": [-84.131691, 44.661114]}, "properties": {"gww_id": 78393, "name": "Mio", "reservoir": null, "country": "USA", "iso3": "USA", "capacity_mw": 5.0, "latest_month": "2026-05", "area_km2": 2.62, "area_anomaly": 0.017, "area_anomaly_3mo": 0.057, "precip_12mo_anomaly": 0.048, "pred_gen_anomaly": 0.206, "pred_gen_anomaly_lo": -0.36, "pred_gen_anomaly_hi": 0.531, "pred_gen_anomaly_3mo": 0.016, "has_generation_truth": true, "confidence": "short residence time (weak area signal)", "match_method": "hydrolakes_pour"}}, {"type": "Feature", "geometry": {"type": "Point", "coordinates": [-122.8055, 43.9242]}, "properties": {"gww_id": 78631, "name": "Dexter", "reservoir": "Dexter Lake", "country": "USA", "iso3": "USA", "capacity_mw": 15.0, "latest_month": "2026-05", "area_km2": 3.55, "area_anomaly": 0.013, "area_anomaly_3mo": -0.002, "precip_12mo_anomaly": -0.133, "pred_gen_anomaly": -0.19, "pred_gen_anomaly_lo": -0.593, "pred_gen_anomaly_hi": 0.096, "pred_gen_anomaly_3mo": -0.165, "has_generation_truth": true, "confidence": "short residence time (weak area signal)", "match_method": "hydrolakes_pour"}}, {"type": "Feature", "geometry": {"type": "Point", "coordinates": [-98.257593, 30.555288]}, "properties": {"gww_id": 78636, "name": "Marble Falls", "reservoir": null, "country": "USA", "iso3": "USA", "capacity_mw": 44.0, "latest_month": "2026-05", "area_km2": 2.45, "area_anomaly": 0.053, "area_anomaly_3mo": 0.032, "precip_12mo_anomaly": 0.07, "pred_gen_anomaly": 0.028, "pred_gen_anomaly_lo": -0.556, "pred_gen_anomaly_hi": 0.723, "pred_gen_anomaly_3mo": -0.142, "has_generation_truth": true, "confidence": "short residence time (weak area signal)", "match_method": "gww_polygon"}}, {"type": "Feature", "geometry": {"type": "Point", "coordinates": [-116.3245, 52.3081]}, "properties": {"gww_id": 87905, "name": "Bighorn", "reservoir": "Abraham", "country": "Canada", "iso3": "CAN", "capacity_mw": 120.0, "latest_month": "2026-05", "area_km2": 35.73, "area_anomaly": 0.024, "area_anomaly_3mo": 0.027, "precip_12mo_anomaly": 0.072, "pred_gen_anomaly": 0.081, "pred_gen_anomaly_lo": -0.254, "pred_gen_anomaly_hi": 0.54, "pred_gen_anomaly_3mo": 0.086, "has_generation_truth": false, "confidence": "carry-over storage (validated class)", "match_method": "hydrolakes_pour"}}, {"type": "Feature", "geometry": {"type": "Point", "coordinates": [6.521502, 59.687516]}, "properties": {"gww_id": 63804, "name": "Storlivatn", "reservoir": "Storlivatnet", "country": "Norway", "iso3": "NOR", "capacity_mw": 48.0, "latest_month": "2026-05", "area_km2": 0.8, "area_anomaly": 0.035, "area_anomaly_3mo": 0.014, "precip_12mo_anomaly": -0.053, "pred_gen_anomaly": -0.009, "pred_gen_anomaly_lo": -0.368, "pred_gen_anomaly_hi": 0.322, "pred_gen_anomaly_3mo": -0.037, "has_generation_truth": false, "confidence": "short residence time (weak area signal)", "match_method": "gww_polygon"}}, {"type": "Feature", "geometry": {"type": "Point", "coordinates": [-120.528211, 37.946927]}, "properties": {"gww_id": 87879, "name": "New Melones", "reservoir": "New Melones", "country": "USA", "iso3": "USA", "capacity_mw": 300.0, "latest_month": "2026-05", "area_km2": 40.61, "area_anomaly": 0.119, "area_anomaly_3mo": 0.125, "precip_12mo_anomaly": -0.047, "pred_gen_anomaly": -0.092, "pred_gen_anomaly_lo": -0.497, "pred_gen_anomaly_hi": 0.508, "pred_gen_anomaly_3mo": 0.037, "has_generation_truth": true, "confidence": "carry-over storage (validated class)", "match_method": "hydrolakes_pour"}}, {"type": "Feature", "geometry": {"type": "Point", "coordinates": [-120.406069, 39.077971]}, "properties": {"gww_id": 78796, "name": "French Meadows", "reservoir": "Hell Hole Reservoir", "country": "USA", "iso3": "USA", "capacity_mw": 15.3, "latest_month": "2026-05", "area_km2": 3.86, "area_anomaly": 0.097, "area_anomaly_3mo": 0.111, "precip_12mo_anomaly": -0.049, "pred_gen_anomaly": -0.018, "pred_gen_anomaly_lo": -0.585, "pred_gen_anomaly_hi": 0.601, "pred_gen_anomaly_3mo": 0.041, "has_generation_truth": true, "confidence": "short residence time (weak area signal)", "match_method": "hydrolakes_pour"}}, {"type": "Feature", "geometry": {"type": "Point", "coordinates": [16.549485, 66.467003]}, "properties": {"gww_id": 87870, "name": "S\u00c3\u00a4dvajaur s\u00c3\u00a4dva", "reservoir": null, "country": "Sweden", "iso3": "SWE", "capacity_mw": 31.0, "latest_month": "2026-05", "area_km2": 46.97, "area_anomaly": 0.0, "area_anomaly_3mo": 0.101, "precip_12mo_anomaly": 0.048, "pred_gen_anomaly": 0.023, "pred_gen_anomaly_lo": -0.43, "pred_gen_anomaly_hi": 0.489, "pred_gen_anomaly_3mo": -0.004, "has_generation_truth": false, "confidence": "unknown residence time", "match_method": "gww_polygon"}}, {"type": "Feature", "geometry": {"type": "Point", "coordinates": [-79.6165, 9.2106]}, "properties": {"gww_id": 87862, "name": "Madden Hydroelectric Power Plant Panama", "reservoir": null, "country": "Panama", "iso3": "PAN", "capacity_mw": 36.0, "latest_month": "2026-05", "area_km2": 39.31, "area_anomaly": 0.133, "area_anomaly_3mo": 0.056, "precip_12mo_anomaly": 0.005, "pred_gen_anomaly": 0.075, "pred_gen_anomaly_lo": -0.584, "pred_gen_anomaly_hi": 0.988, "pred_gen_anomaly_3mo": 0.025, "has_generation_truth": false, "confidence": "carry-over storage (validated class)", "match_method": "hydrolakes_pour"}}, {"type": "Feature", "geometry": {"type": "Point", "coordinates": [-111.161786, 33.671104]}, "properties": {"gww_id": 87847, "name": "Roosevelt", "reservoir": "Roosevelt Lake", "country": "USA", "iso3": "USA", "capacity_mw": 36.0, "latest_month": "2026-05", "area_km2": 47.83, "area_anomaly": -0.08, "area_anomaly_3mo": -0.04, "precip_12mo_anomaly": 0.144, "pred_gen_anomaly": -0.122, "pred_gen_anomaly_lo": -0.792, "pred_gen_anomaly_hi": 0.479, "pred_gen_anomaly_3mo": 0.01, "has_generation_truth": true, "confidence": "carry-over storage (validated class)", "match_method": "gww_polygon"}}, {"type": "Feature", "geometry": {"type": "Point", "coordinates": [19.9295, 43.4224]}, "properties": {"gww_id": 78925, "name": "Uvac Hydroelectric Power Plant Serbia - Uvac Hydroelectric Power Plant Serbia", "reservoir": null, "country": "Serbia", "iso3": "SRB", "capacity_mw": 36.0, "latest_month": "2026-05", "area_km2": 2.66, "area_anomaly": -0.131, "area_anomaly_3mo": -0.125, "precip_12mo_anomaly": 0.124, "pred_gen_anomaly": -0.085, "pred_gen_anomaly_lo": -0.542, "pred_gen_anomaly_hi": 0.28, "pred_gen_anomaly_3mo": -0.023, "has_generation_truth": false, "confidence": "short residence time (weak area signal)", "match_method": "hydrolakes_pour"}}, {"type": "Feature", "geometry": {"type": "Point", "coordinates": [-101.8939, 18.2711]}, "properties": {"gww_id": 90250, "name": "Infiernillo", "reservoir": "Inhernillo", "country": "Mexico", "iso3": "MEX", "capacity_mw": 1200.0, "latest_month": "2026-05", "area_km2": 170.59, "area_anomaly": -0.209, "area_anomaly_3mo": -0.126, "precip_12mo_anomaly": 0.054, "pred_gen_anomaly": -0.13, "pred_gen_anomaly_lo": -0.525, "pred_gen_anomaly_hi": 0.221, "pred_gen_anomaly_3mo": -0.104, "has_generation_truth": false, "confidence": "short residence time (weak area signal)", "match_method": "hydrolakes_pour"}}, {"type": "Feature", "geometry": {"type": "Point", "coordinates": [39.4311, 7.1761]}, "properties": {"gww_id": 87916, "name": "Melka Wekana", "reservoir": null, "country": "Ethiopia", "iso3": "ETH", "capacity_mw": 153.0, "latest_month": "2026-05", "area_km2": 36.62, "area_anomaly": -0.015, "area_anomaly_3mo": -0.019, "precip_12mo_anomaly": 0.053, "pred_gen_anomaly": 0.011, "pred_gen_anomaly_lo": -0.425, "pred_gen_anomaly_hi": 0.706, "pred_gen_anomaly_3mo": 0.014, "has_generation_truth": false, "confidence": "carry-over storage (validated class)", "match_method": "hydrolakes_pour"}}, {"type": "Feature", "geometry": {"type": "Point", "coordinates": [14.2985, 46.5462]}, "properties": {"gww_id": 78780, "name": "Ferlach Maria Rain", "reservoir": null, "country": "Austria", "iso3": "AUT", "capacity_mw": 75.0, "latest_month": "2026-05", "area_km2": 3.17, "area_anomaly": 0.008, "area_anomaly_3mo": -0.002, "precip_12mo_anomaly": -0.008, "pred_gen_anomaly": -0.127, "pred_gen_anomaly_lo": -0.409, "pred_gen_anomaly_hi": 0.142, "pred_gen_anomaly_3mo": -0.005, "has_generation_truth": false, "confidence": "short residence time (weak area signal)", "match_method": "hydrolakes_pour"}}, {"type": "Feature", "geometry": {"type": "Point", "coordinates": [-122.3561, 49.2288]}, "properties": {"gww_id": 87957, "name": "Stave Falls", "reservoir": null, "country": "Canada", "iso3": "CAN", "capacity_mw": 91.0, "latest_month": "2026-05", "area_km2": 55.18, "area_anomaly": 0.024, "area_anomaly_3mo": -0.007, "precip_12mo_anomaly": 0.175, "pred_gen_anomaly": 0.14, "pred_gen_anomaly_lo": -0.251, "pred_gen_anomaly_hi": 0.586, "pred_gen_anomaly_3mo": 0.158, "has_generation_truth": false, "confidence": "carry-over storage (validated class)", "match_method": "hydrolakes_pour"}}, {"type": "Feature", "geometry": {"type": "Point", "coordinates": [-98.385422, 30.731599]}, "properties": {"gww_id": 78641, "name": "Inks", "reservoir": null, "country": "USA", "iso3": "USA", "capacity_mw": 15.0, "latest_month": "2026-05", "area_km2": 2.86, "area_anomaly": 0.028, "area_anomaly_3mo": 0.039, "precip_12mo_anomaly": 0.071, "pred_gen_anomaly": 0.084, "pred_gen_anomaly_lo": -0.578, "pred_gen_anomaly_hi": 0.881, "pred_gen_anomaly_3mo": -0.086, "has_generation_truth": true, "confidence": "short residence time (weak area signal)", "match_method": "hydrolakes_pour"}}, {"type": "Feature", "geometry": {"type": "Point", "coordinates": [-85.753806, 34.172142]}, "properties": {"gww_id": 87939, "name": "Weiss Dam", "reservoir": "Weiss Lake", "country": "USA", "iso3": "USA", "capacity_mw": 87.6, "latest_month": "2026-05", "area_km2": 46.07, "area_anomaly": 0.002, "area_anomaly_3mo": 0.003, "precip_12mo_anomaly": -0.13, "pred_gen_anomaly": -0.229, "pred_gen_anomaly_lo": -0.591, "pred_gen_anomaly_hi": 0.206, "pred_gen_anomaly_3mo": -0.297, "has_generation_truth": true, "confidence": "short residence time (weak area signal)", "match_method": "hydrolakes_pour"}}, {"type": "Feature", "geometry": {"type": "Point", "coordinates": [111.49, 32.56]}, "properties": {"gww_id": 90248, "name": "Danjiangkou", "reservoir": "Han Shui", "country": "China", "iso3": "CHN", "capacity_mw": 900.0, "latest_month": "2026-05", "area_km2": 392.12, "area_anomaly": 0.078, "area_anomaly_3mo": 0.086, "precip_12mo_anomaly": 0.458, "pred_gen_anomaly": 0.47, "pred_gen_anomaly_lo": -0.159, "pred_gen_anomaly_hi": 1.234, "pred_gen_anomaly_3mo": 0.609, "has_generation_truth": false, "confidence": "carry-over storage (validated class)", "match_method": "hydrolakes_pour"}}, {"type": "Feature", "geometry": {"type": "Point", "coordinates": [22.4757, 45.426]}, "properties": {"gww_id": 69373, "name": "Hpp ruieni RUIE1 - Ruieni Hydroelectric Power Station Romania", "reservoir": null, "country": "Romania", "iso3": "ROU", "capacity_mw": 137.7, "latest_month": "2026-05", "area_km2": 1.31, "area_anomaly": -0.021, "area_anomaly_3mo": 0.008, "precip_12mo_anomaly": -0.063, "pred_gen_anomaly": -0.114, "pred_gen_anomaly_lo": -0.378, "pred_gen_anomaly_hi": 0.247, "pred_gen_anomaly_3mo": 0.075, "has_generation_truth": false, "confidence": "short residence time (weak area signal)", "match_method": "hydrolakes_pour"}}, {"type": "Feature", "geometry": {"type": "Point", "coordinates": [-86.2783, 35.1967]}, "properties": {"gww_id": 87934, "name": "Tims Ford", "reservoir": null, "country": "USA", "iso3": "USA", "capacity_mw": 45.7, "latest_month": "2026-05", "area_km2": 36.1, "area_anomaly": -0.017, "area_anomaly_3mo": -0.018, "precip_12mo_anomaly": -0.108, "pred_gen_anomaly": -0.271, "pred_gen_anomaly_lo": -0.752, "pred_gen_anomaly_hi": 0.321, "pred_gen_anomaly_3mo": -0.32, "has_generation_truth": true, "confidence": "carry-over storage (validated class)", "match_method": "hydrolakes_pour"}}, {"type": "Feature", "geometry": {"type": "Point", "coordinates": [-80.8914, 34.5583]}, "properties": {"gww_id": 78762, "name": "Dearborn", "reservoir": "Wateree Lake", "country": "USA", "iso3": "USA", "capacity_mw": 69.0, "latest_month": "2026-05", "area_km2": 2.58, "area_anomaly": 0.005, "area_anomaly_3mo": 0.013, "precip_12mo_anomaly": -0.082, "pred_gen_anomaly": -0.174, "pred_gen_anomaly_lo": -0.595, "pred_gen_anomaly_hi": 0.169, "pred_gen_anomaly_3mo": -0.236, "has_generation_truth": true, "confidence": "short residence time (weak area signal)", "match_method": "gww_polygon"}}, {"type": "Feature", "geometry": {"type": "Point", "coordinates": [-8.23125, 11.63801754]}, "properties": {"gww_id": 90249, "name": "Selingue", "reservoir": "Selingue", "country": "Mali", "iso3": "MLI", "capacity_mw": 47.6, "latest_month": "2026-05", "area_km2": 275.94, "area_anomaly": 0.043, "area_anomaly_3mo": 0.053, "precip_12mo_anomaly": 0.093, "pred_gen_anomaly": 0.169, "pred_gen_anomaly_lo": -0.493, "pred_gen_anomaly_hi": 0.744, "pred_gen_anomaly_3mo": 0.176, "has_generation_truth": false, "confidence": "short residence time (weak area signal)", "match_method": "hydrolakes_pour"}}, {"type": "Feature", "geometry": {"type": "Point", "coordinates": [-82.199339, 34.455514]}, "properties": {"gww_id": 69348, "name": "Boyds Mill Hydro", "reservoir": "Boyd's Mill Pond", "country": "USA", "iso3": "USA", "capacity_mw": 1.4, "latest_month": "2026-05", "area_km2": 0.67, "area_anomaly": -0.001, "area_anomaly_3mo": 0.021, "precip_12mo_anomaly": -0.113, "pred_gen_anomaly": -0.193, "pred_gen_anomaly_lo": -0.7, "pred_gen_anomaly_hi": 0.294, "pred_gen_anomaly_3mo": -0.271, "has_generation_truth": true, "confidence": "unknown residence time", "match_method": "gww_polygon"}}, {"type": "Feature", "geometry": {"type": "Point", "coordinates": [65.119, 32.322]}, "properties": {"gww_id": 87986, "name": "Kajaki Hydroelectric Power Plant Afghanistan", "reservoir": null, "country": "Afghanistan", "iso3": "AFG", "capacity_mw": 151.0, "latest_month": "2026-05", "area_km2": 55.65, "area_anomaly": 0.102, "area_anomaly_3mo": -0.095, "precip_12mo_anomaly": 0.083, "pred_gen_anomaly": -0.092, "pred_gen_anomaly_lo": -0.753, "pred_gen_anomaly_hi": 1.078, "pred_gen_anomaly_3mo": -0.164, "has_generation_truth": false, "confidence": "carry-over storage (validated class)", "match_method": "hydrolakes_pour"}}, {"type": "Feature", "geometry": {"type": "Point", "coordinates": [-72.530859, 44.625282]}, "properties": {"gww_id": 76397, "name": "W K Sanders", "reservoir": null, "country": "USA", "iso3": "USA", "capacity_mw": 1.8, "latest_month": "2026-05", "area_km2": 2.17, "area_anomaly": 0.023, "area_anomaly_3mo": 0.083, "precip_12mo_anomaly": -0.116, "pred_gen_anomaly": -0.023, "pred_gen_anomaly_lo": -0.639, "pred_gen_anomaly_hi": 0.51, "pred_gen_anomaly_3mo": -0.046, "has_generation_truth": true, "confidence": "short residence time (weak area signal)", "match_method": "hydrolakes_pour"}}, {"type": "Feature", "geometry": {"type": "Point", "coordinates": [-111.1018, 48.318]}, "properties": {"gww_id": 88846, "name": "Tiber Dam Hydroelectric Plant", "reservoir": "Lake Elwell", "country": "USA", "iso3": "USA", "capacity_mw": 7.5, "latest_month": "2026-05", "area_km2": 68.3, "area_anomaly": 0.072, "area_anomaly_3mo": 0.01, "precip_12mo_anomaly": -0.121, "pred_gen_anomaly": -0.038, "pred_gen_anomaly_lo": -0.452, "pred_gen_anomaly_hi": 0.368, "pred_gen_anomaly_3mo": -0.139, "has_generation_truth": true, "confidence": "carry-over storage (validated class)", "match_method": "hydrolakes_pour"}}, {"type": "Feature", "geometry": {"type": "Point", "coordinates": [-85.5381, 41.9711]}, "properties": {"gww_id": 76395, "name": "Hydro Plant", "reservoir": null, "country": "USA", "iso3": "USA", "capacity_mw": 2.2, "latest_month": "2026-05", "area_km2": 1.88, "area_anomaly": 0.014, "area_anomaly_3mo": 0.089, "precip_12mo_anomaly": -0.006, "pred_gen_anomaly": 0.01, "pred_gen_anomaly_lo": -0.786, "pred_gen_anomaly_hi": 0.602, "pred_gen_anomaly_3mo": -0.085, "has_generation_truth": true, "confidence": "short residence time (weak area signal)", "match_method": "hydrolakes_pour"}}, {"type": "Feature", "geometry": {"type": "Point", "coordinates": [-114.738006, 36.01551]}, "properties": {"gww_id": 90554, "name": "Hoover Dam (NV)", "reservoir": "Mead", "country": "USA", "iso3": "USA", "capacity_mw": 2078.8, "latest_month": "2026-05", "area_km2": 286.94, "area_anomaly": -0.207, "area_anomaly_3mo": -0.198, "precip_12mo_anomaly": 0.098, "pred_gen_anomaly": -0.269, "pred_gen_anomaly_lo": -0.419, "pred_gen_anomaly_hi": -0.054, "pred_gen_anomaly_3mo": -0.202, "has_generation_truth": true, "confidence": "carry-over storage (validated class)", "match_method": "hydrolakes_pour"}}, {"type": "Feature", "geometry": {"type": "Point", "coordinates": [-82.1961, 33.6602]}, "properties": {"gww_id": 89590, "name": "J Strom Thurmond", "reservoir": "J. Strom Thurmond Lake", "country": "USA", "iso3": "USA", "capacity_mw": 361.9, "latest_month": "2026-05", "area_km2": 121.05, "area_anomaly": -0.103, "area_anomaly_3mo": -0.083, "precip_12mo_anomaly": -0.102, "pred_gen_anomaly": -0.334, "pred_gen_anomaly_lo": -0.67, "pred_gen_anomaly_hi": 0.134, "pred_gen_anomaly_3mo": -0.379, "has_generation_truth": true, "confidence": "carry-over storage (validated class)", "match_method": "hydrolakes_pour"}}, {"type": "Feature", "geometry": {"type": "Point", "coordinates": [98.9723, 17.2426]}, "properties": {"gww_id": 90061, "name": "Bhumibol", "reservoir": "Bhumibol", "country": "Thailand", "iso3": "THA", "capacity_mw": 744.0, "latest_month": "2026-05", "area_km2": 180.22, "area_anomaly": 0.111, "area_anomaly_3mo": 0.201, "precip_12mo_anomaly": 0.272, "pred_gen_anomaly": 0.413, "pred_gen_anomaly_lo": -0.366, "pred_gen_anomaly_hi": 1.063, "pred_gen_anomaly_3mo": 0.492, "has_generation_truth": false, "confidence": "carry-over storage (validated class)", "match_method": "hydrolakes_pour"}}, {"type": "Feature", "geometry": {"type": "Point", "coordinates": [-123.1778, 42.8489]}, "properties": {"gww_id": 73807, "name": "Galesville Project", "reservoir": "Galesville Reservoir", "country": "USA", "iso3": "USA", "capacity_mw": 1.6, "latest_month": "2026-05", "area_km2": 1.58, "area_anomaly": -0.141, "area_anomaly_3mo": -0.103, "precip_12mo_anomaly": -0.133, "pred_gen_anomaly": -0.305, "pred_gen_anomaly_lo": -0.768, "pred_gen_anomaly_hi": 0.114, "pred_gen_anomaly_3mo": -0.228, "has_generation_truth": true, "confidence": "short residence time (weak area signal)", "match_method": "hydrolakes_pour"}}, {"type": "Feature", "geometry": {"type": "Point", "coordinates": [-84.0914, 36.2242]}, "properties": {"gww_id": 89589, "name": "Norris Dam", "reservoir": "Norris Lake", "country": "USA", "iso3": "USA", "capacity_mw": 131.4, "latest_month": "2026-05", "area_km2": 108.38, "area_anomaly": -0.035, "area_anomaly_3mo": -0.022, "precip_12mo_anomaly": -0.088, "pred_gen_anomaly": -0.23, "pred_gen_anomaly_lo": -0.721, "pred_gen_anomaly_hi": 0.348, "pred_gen_anomaly_3mo": -0.276, "has_generation_truth": true, "confidence": "carry-over storage (validated class)", "match_method": "hydrolakes_pour"}}, {"type": "Feature", "geometry": {"type": "Point", "coordinates": [26.250417, 45.495417]}, "properties": {"gww_id": 73881, "name": "Siriu", "reservoir": null, "country": "Romania", "iso3": "ROU", "capacity_mw": 42.0, "latest_month": "2026-05", "area_km2": 2.1, "area_anomaly": 0.166, "area_anomaly_3mo": 0.109, "precip_12mo_anomaly": 0.147, "pred_gen_anomaly": 0.212, "pred_gen_anomaly_lo": -0.334, "pred_gen_anomaly_hi": 0.715, "pred_gen_anomaly_3mo": 0.305, "has_generation_truth": false, "confidence": "short residence time (weak area signal)", "match_method": "hydrolakes_pour"}}, {"type": "Feature", "geometry": {"type": "Point", "coordinates": [-96.5379, 56.0405]}, "properties": {"gww_id": 89591, "name": "Kelsey", "reservoir": null, "country": "Canada", "iso3": "CAN", "capacity_mw": 286.0, "latest_month": "2026-05", "area_km2": 119.98, "area_anomaly": 0.026, "area_anomaly_3mo": 0.065, "precip_12mo_anomaly": 0.164, "pred_gen_anomaly": 0.185, "pred_gen_anomaly_lo": -0.171, "pred_gen_anomaly_hi": 0.443, "pred_gen_anomaly_3mo": 0.147, "has_generation_truth": false, "confidence": "short residence time (weak area signal)", "match_method": "hydrolakes_pour"}}, {"type": "Feature", "geometry": {"type": "Point", "coordinates": [26.722083, 68.10875]}, "properties": {"gww_id": 89586, "name": "Porttipahta", "reservoir": "Porttipahta", "country": "Finland", "iso3": "FIN", "capacity_mw": 36.0, "latest_month": "2026-05", "area_km2": 173.05, "area_anomaly": 0.042, "area_anomaly_3mo": 0.007, "precip_12mo_anomaly": 0.253, "pred_gen_anomaly": 0.149, "pred_gen_anomaly_lo": -0.312, "pred_gen_anomaly_hi": 0.742, "pred_gen_anomaly_3mo": 0.14, "has_generation_truth": false, "confidence": "carry-over storage (validated class)", "match_method": "hydrolakes_pour"}}, {"type": "Feature", "geometry": {"type": "Point", "coordinates": [-75.2433, 43.9206]}, "properties": {"gww_id": 70998, "name": "Soft Maple", "reservoir": null, "country": "USA", "iso3": "USA", "capacity_mw": 21.0, "latest_month": "2026-05", "area_km2": 0.93, "area_anomaly": -0.174, "area_anomaly_3mo": -0.018, "precip_12mo_anomaly": -0.072, "pred_gen_anomaly": 0.009, "pred_gen_anomaly_lo": -0.436, "pred_gen_anomaly_hi": 0.421, "pred_gen_anomaly_3mo": 0.003, "has_generation_truth": true, "confidence": "short residence time (weak area signal)", "match_method": "hydrolakes_pour"}}, {"type": "Feature", "geometry": {"type": "Point", "coordinates": [-78.2394, 43.3272]}, "properties": {"gww_id": 73899, "name": "Waterport", "reservoir": "Waterport Pond", "country": "USA", "iso3": "USA", "capacity_mw": 4.0, "latest_month": "2026-05", "area_km2": 1.1, "area_anomaly": 0.009, "area_anomaly_3mo": -0.008, "precip_12mo_anomaly": 0.048, "pred_gen_anomaly": 0.221, "pred_gen_anomaly_lo": -0.222, "pred_gen_anomaly_hi": 0.526, "pred_gen_anomaly_3mo": 0.13, "has_generation_truth": true, "confidence": "short residence time (weak area signal)", "match_method": "hydrolakes_pour"}}, {"type": "Feature", "geometry": {"type": "Point", "coordinates": [5.422, 46.112]}, "properties": {"gww_id": 73938, "name": "Allement Allement Hydroelectric Power Station France - Allement Hydroelectric Power Station France", "reservoir": null, "country": "France", "iso3": "FRA", "capacity_mw": 31.6, "latest_month": "2026-05", "area_km2": 1.41, "area_anomaly": 0.001, "area_anomaly_3mo": 0.006, "precip_12mo_anomaly": 0.027, "pred_gen_anomaly": -0.18, "pred_gen_anomaly_lo": -0.554, "pred_gen_anomaly_hi": 0.208, "pred_gen_anomaly_3mo": -0.002, "has_generation_truth": false, "confidence": "short residence time (weak area signal)", "match_method": "hydrolakes_pour"}}, {"type": "Feature", "geometry": {"type": "Point", "coordinates": [-84.785527, 35.619673]}, "properties": {"gww_id": 89582, "name": "Watts Bar Hydro", "reservoir": "Chickamauga Lake", "country": "USA", "iso3": "USA", "capacity_mw": 278.5, "latest_month": "2026-05", "area_km2": 115.43, "area_anomaly": -0.019, "area_anomaly_3mo": -0.008, "precip_12mo_anomaly": -0.093, "pred_gen_anomaly": -0.154, "pred_gen_anomaly_lo": -0.508, "pred_gen_anomaly_hi": 0.262, "pred_gen_anomaly_3mo": -0.234, "has_generation_truth": true, "confidence": "short residence time (weak area signal)", "match_method": "gww_polygon"}}, {"type": "Feature", "geometry": {"type": "Point", "coordinates": [100.42, 26.53]}, "properties": {"gww_id": 71105, "name": "Longkaikou", "reservoir": "\u9f99\u5f00\u53e3\u6c34\u5e93", "country": "China", "iso3": "CHN", "capacity_mw": 1900.0, "latest_month": "2026-05", "area_km2": 1.41, "area_anomaly": 0.227, "area_anomaly_3mo": 0.352, "precip_12mo_anomaly": -0.029, "pred_gen_anomaly": 0.429, "pred_gen_anomaly_lo": -0.325, "pred_gen_anomaly_hi": 1.121, "pred_gen_anomaly_3mo": 0.41, "has_generation_truth": false, "confidence": "unknown residence time", "match_method": "gww_polygon"}}, {"type": "Feature", "geometry": {"type": "Point", "coordinates": [-122.1097, 46.4661]}, "properties": {"gww_id": 73996, "name": "Cowlitz Falls", "reservoir": null, "country": "USA", "iso3": "USA", "capacity_mw": 70.0, "latest_month": "2026-05", "area_km2": 1.53, "area_anomaly": 0.022, "area_anomaly_3mo": 0.019, "precip_12mo_anomaly": -0.092, "pred_gen_anomaly": -0.083, "pred_gen_anomaly_lo": -0.409, "pred_gen_anomaly_hi": 0.178, "pred_gen_anomaly_3mo": -0.11, "has_generation_truth": true, "confidence": "short residence time (weak area signal)", "match_method": "hydrolakes_pour"}}, {"type": "Feature", "geometry": {"type": "Point", "coordinates": [-121.546359, 39.528749]}, "properties": {"gww_id": 73787, "name": "Thermalito Diverson Dam", "reservoir": "Thermalito Diversion Pool", "country": "USA", "iso3": "USA", "capacity_mw": 3.4, "latest_month": "2026-05", "area_km2": 1.16, "area_anomaly": 0.037, "area_anomaly_3mo": 0.032, "precip_12mo_anomaly": -0.041, "pred_gen_anomaly": -0.261, "pred_gen_anomaly_lo": -0.806, "pred_gen_anomaly_hi": 0.258, "pred_gen_anomaly_3mo": -0.163, "has_generation_truth": true, "confidence": "unknown residence time", "match_method": "gww_polygon"}}, {"type": "Feature", "geometry": {"type": "Point", "coordinates": [6.445127, 59.010982]}, "properties": {"gww_id": 73750, "name": "Fl\u00c3\u00b8rli", "reservoir": null, "country": "Norway", "iso3": "NOR", "capacity_mw": 80.0, "latest_month": "2026-05", "area_km2": 2.05, "area_anomaly": 0.179, "area_anomaly_3mo": 0.185, "precip_12mo_anomaly": -0.053, "pred_gen_anomaly": 0.094, "pred_gen_anomaly_lo": -0.301, "pred_gen_anomaly_hi": 0.57, "pred_gen_anomaly_3mo": 0.03, "has_generation_truth": false, "confidence": "short residence time (weak area signal)", "match_method": "hydrolakes_pour"}}, {"type": "Feature", "geometry": {"type": "Point", "coordinates": [-69.583527, 44.629517]}, "properties": {"gww_id": 73455, "name": "Shawmut", "reservoir": "Kennebec River Reservoir", "country": "USA", "iso3": "USA", "capacity_mw": 8.8, "latest_month": "2026-05", "area_km2": 1.5, "area_anomaly": 0.013, "area_anomaly_3mo": 0.021, "precip_12mo_anomaly": -0.102, "pred_gen_anomaly": 0.053, "pred_gen_anomaly_lo": -0.417, "pred_gen_anomaly_hi": 0.543, "pred_gen_anomaly_3mo": -0.117, "has_generation_truth": true, "confidence": "unknown residence time", "match_method": "gww_polygon"}}, {"type": "Feature", "geometry": {"type": "Point", "coordinates": [-112.8764, 42.7778]}, "properties": {"gww_id": 89620, "name": "American Falls", "reservoir": "American Falls", "country": "USA", "iso3": "USA", "capacity_mw": 92.4, "latest_month": "2026-05", "area_km2": 191.07, "area_anomaly": -0.07, "area_anomaly_3mo": -0.039, "precip_12mo_anomaly": 0.047, "pred_gen_anomaly": -0.03, "pred_gen_anomaly_lo": -0.613, "pred_gen_anomaly_hi": 0.475, "pred_gen_anomaly_3mo": 0.014, "has_generation_truth": true, "confidence": "short residence time (weak area signal)", "match_method": "hydrolakes_pour"}}, {"type": "Feature", "geometry": {"type": "Point", "coordinates": [23.29625, 46.727083]}, "properties": {"gww_id": 73508, "name": "Tarnita", "reservoir": null, "country": "Romania", "iso3": "ROU", "capacity_mw": 45.0, "latest_month": "2026-05", "area_km2": 1.56, "area_anomaly": -0.016, "area_anomaly_3mo": 0.007, "precip_12mo_anomaly": -0.102, "pred_gen_anomaly": -0.159, "pred_gen_anomaly_lo": -0.551, "pred_gen_anomaly_hi": 0.269, "pred_gen_anomaly_3mo": -0.008, "has_generation_truth": false, "confidence": "short residence time (weak area signal)", "match_method": "hydrolakes_pour"}}, {"type": "Feature", "geometry": {"type": "Point", "coordinates": [-55.9552, 47.92016]}, "properties": {"gww_id": 89613, "name": "Granite Canal", "reservoir": "Long Pond", "country": "Canada", "iso3": "CAN", "capacity_mw": 41.0, "latest_month": "2026-05", "area_km2": 178.26, "area_anomaly": 0.012, "area_anomaly_3mo": 0.071, "precip_12mo_anomaly": -0.401, "pred_gen_anomaly": -0.199, "pred_gen_anomaly_lo": -0.648, "pred_gen_anomaly_hi": 0.276, "pred_gen_anomaly_3mo": -0.186, "has_generation_truth": false, "confidence": "carry-over storage (validated class)", "match_method": "hydrolakes_pour"}}, {"type": "Feature", "geometry": {"type": "Point", "coordinates": [81.069, 50.399]}, "properties": {"gww_id": 89592, "name": "Shulbinskaya HPP", "reservoir": null, "country": "Kazakhstan", "iso3": "KAZ", "capacity_mw": 720.0, "latest_month": "2026-05", "area_km2": 156.58, "area_anomaly": -0.052, "area_anomaly_3mo": -0.011, "precip_12mo_anomaly": 0.168, "pred_gen_anomaly": 0.051, "pred_gen_anomaly_lo": -0.282, "pred_gen_anomaly_hi": 0.476, "pred_gen_anomaly_3mo": 0.211, "has_generation_truth": false, "confidence": "short residence time (weak area signal)", "match_method": "hydrolakes_pour"}}, {"type": "Feature", "geometry": {"type": "Point", "coordinates": [30.529583, 62.807917]}, "properties": {"gww_id": 89607, "name": "Pamilo Heinajoki", "reservoir": "Koitere", "country": "Finland", "iso3": "FIN", "capacity_mw": 83.0, "latest_month": "2026-05", "area_km2": 168.47, "area_anomaly": -0.003, "area_anomaly_3mo": 0.005, "precip_12mo_anomaly": -0.043, "pred_gen_anomaly": -0.063, "pred_gen_anomaly_lo": -0.46, "pred_gen_anomaly_hi": 0.489, "pred_gen_anomaly_3mo": -0.114, "has_generation_truth": false, "confidence": "carry-over storage (validated class)", "match_method": "hydrolakes_pour"}}, {"type": "Feature", "geometry": {"type": "Point", "coordinates": [17.101667, 65.095]}, "properties": {"gww_id": 89594, "name": "Umluspen", "reservoir": "Storuman", "country": "Sweden", "iso3": "SWE", "capacity_mw": 100.0, "latest_month": "2026-05", "area_km2": 153.69, "area_anomaly": -0.026, "area_anomaly_3mo": 0.079, "precip_12mo_anomaly": 0.139, "pred_gen_anomaly": 0.107, "pred_gen_anomaly_lo": -0.272, "pred_gen_anomaly_hi": 0.548, "pred_gen_anomaly_3mo": 0.108, "has_generation_truth": false, "confidence": "unknown residence time", "match_method": "gww_polygon"}}, {"type": "Feature", "geometry": {"type": "Point", "coordinates": [-75.200831, 43.909714]}, "properties": {"gww_id": 71119, "name": "Eagle", "reservoir": null, "country": "USA", "iso3": "USA", "capacity_mw": 6.0, "latest_month": "2026-05", "area_km2": 1.04, "area_anomaly": -0.06, "area_anomaly_3mo": 0.043, "precip_12mo_anomaly": -0.072, "pred_gen_anomaly": 0.015, "pred_gen_anomaly_lo": -0.489, "pred_gen_anomaly_hi": 0.447, "pred_gen_anomaly_3mo": -0.014, "has_generation_truth": true, "confidence": "unknown residence time", "match_method": "gww_polygon"}}, {"type": "Feature", "geometry": {"type": "Point", "coordinates": [148.3637, -35.9517]}, "properties": {"gww_id": 73738, "name": "Tumut 1 (Upper Tumut)", "reservoir": "Pond", "country": "Australia", "iso3": "AUS", "capacity_mw": 330.0, "latest_month": "2026-05", "area_km2": 1.37, "area_anomaly": 0.16, "area_anomaly_3mo": 0.007, "precip_12mo_anomaly": -0.152, "pred_gen_anomaly": -0.143, "pred_gen_anomaly_lo": -0.611, "pred_gen_anomaly_hi": 0.296, "pred_gen_anomaly_3mo": -0.185, "has_generation_truth": false, "confidence": "short residence time (weak area signal)", "match_method": "hydrolakes_pour"}}, {"type": "Feature", "geometry": {"type": "Point", "coordinates": [-108.711161, 40.106269]}, "properties": {"gww_id": 74002, "name": "Taylor Draw Hydroelectric Facility", "reservoir": "Kenney Reservoir", "country": "USA", "iso3": "USA", "capacity_mw": 2.3, "latest_month": "2026-05", "area_km2": 1.26, "area_anomaly": -0.079, "area_anomaly_3mo": -0.072, "precip_12mo_anomaly": 0.142, "pred_gen_anomaly": -0.131, "pred_gen_anomaly_lo": -0.531, "pred_gen_anomaly_hi": 0.435, "pred_gen_anomaly_3mo": -0.061, "has_generation_truth": true, "confidence": "short residence time (weak area signal)", "match_method": "hydrolakes_pour"}}, {"type": "Feature", "geometry": {"type": "Point", "coordinates": [38.7405, 13.3492]}, "properties": {"gww_id": 89471, "name": "Tekeze", "reservoir": null, "country": "Ethiopia", "iso3": "ETH", "capacity_mw": 300.0, "latest_month": "2026-05", "area_km2": 141.72, "area_anomaly": 0.376, "area_anomaly_3mo": 0.412, "precip_12mo_anomaly": 0.048, "pred_gen_anomaly": 0.437, "pred_gen_anomaly_lo": -0.364, "pred_gen_anomaly_hi": 1.136, "pred_gen_anomaly_3mo": 0.35, "has_generation_truth": false, "confidence": "unknown residence time", "match_method": "gww_polygon"}}, {"type": "Feature", "geometry": {"type": "Point", "coordinates": [106.9848, 11.1048]}, "properties": {"gww_id": 90064, "name": "Tri An", "reservoir": null, "country": "Vietnam", "iso3": "VNM", "capacity_mw": 400.0, "latest_month": "2026-05", "area_km2": 258.68, "area_anomaly": -0.028, "area_anomaly_3mo": 0.007, "precip_12mo_anomaly": 0.07, "pred_gen_anomaly": -0.01, "pred_gen_anomaly_lo": -0.401, "pred_gen_anomaly_hi": 0.272, "pred_gen_anomaly_3mo": -0.046, "has_generation_truth": false, "confidence": "unknown residence time", "match_method": "gww_polygon"}}, {"type": "Feature", "geometry": {"type": "Point", "coordinates": [-79.281667, 40.921111]}, "properties": {"gww_id": 70969, "name": "Mahoning Creek Hydroelectric Project", "reservoir": "Mahoning Creek Lake", "country": "USA", "iso3": "USA", "capacity_mw": 6.7, "latest_month": "2026-05", "area_km2": 0.82, "area_anomaly": 0.028, "area_anomaly_3mo": 0.193, "precip_12mo_anomaly": -0.008, "pred_gen_anomaly": 0.115, "pred_gen_anomaly_lo": -0.644, "pred_gen_anomaly_hi": 0.769, "pred_gen_anomaly_3mo": 0.136, "has_generation_truth": true, "confidence": "short residence time (weak area signal)", "match_method": "hydrolakes_pour"}}, {"type": "Feature", "geometry": {"type": "Point", "coordinates": [-107.625335, 38.510573]}, "properties": {"gww_id": 74481, "name": "Crystal", "reservoir": "Crystal Reservoir", "country": "USA", "iso3": "USA", "capacity_mw": 28.0, "latest_month": "2026-05", "area_km2": 0.95, "area_anomaly": 0.034, "area_anomaly_3mo": 0.006, "precip_12mo_anomaly": 0.065, "pred_gen_anomaly": -0.116, "pred_gen_anomaly_lo": -0.551, "pred_gen_anomaly_hi": 0.295, "pred_gen_anomaly_3mo": -0.038, "has_generation_truth": true, "confidence": "unknown residence time", "match_method": "gww_polygon"}}, {"type": "Feature", "geometry": {"type": "Point", "coordinates": [-82.8219, 34.3564]}, "properties": {"gww_id": 89341, "name": "Hartwell Lake", "reservoir": "Richard B. Russell Lake", "country": "USA", "iso3": "USA", "capacity_mw": 422.6, "latest_month": "2026-05", "area_km2": 98.72, "area_anomaly": 0.006, "area_anomaly_3mo": -0.004, "precip_12mo_anomaly": -0.11, "pred_gen_anomaly": -0.212, "pred_gen_anomaly_lo": -0.664, "pred_gen_anomaly_hi": 0.242, "pred_gen_anomaly_3mo": -0.331, "has_generation_truth": true, "confidence": "carry-over storage (validated class)", "match_method": "hydrolakes_pour"}}, {"type": "Feature", "geometry": {"type": "Point", "coordinates": [-83.072007, 35.242677]}, "properties": {"gww_id": 74494, "name": "Bear Creek Dam", "reservoir": null, "country": "USA", "iso3": "USA", "capacity_mw": 15.4, "latest_month": "2026-05", "area_km2": 1.47, "area_anomaly": 0.035, "area_anomaly_3mo": 0.021, "precip_12mo_anomaly": -0.092, "pred_gen_anomaly": -0.11, "pred_gen_anomaly_lo": -0.77, "pred_gen_anomaly_hi": 0.357, "pred_gen_anomaly_3mo": -0.17, "has_generation_truth": true, "confidence": "short residence time (weak area signal)", "match_method": "hydrolakes_pour"}}, {"type": "Feature", "geometry": {"type": "Point", "coordinates": [129.79, 45.43]}, "properties": {"gww_id": 89380, "name": "Lianhua", "reservoir": "\u83b2\u82b1\u6c34\u5e93", "country": "China", "iso3": "CHN", "capacity_mw": 550.0, "latest_month": "2026-05", "area_km2": 105.43, "area_anomaly": -0.025, "area_anomaly_3mo": -0.068, "precip_12mo_anomaly": 0.013, "pred_gen_anomaly": 0.006, "pred_gen_anomaly_lo": -0.353, "pred_gen_anomaly_hi": 0.339, "pred_gen_anomaly_3mo": 0.013, "has_generation_truth": false, "confidence": "unknown residence time", "match_method": "gww_polygon"}}, {"type": "Feature", "geometry": {"type": "Point", "coordinates": [27.4733, 48.5136]}, "properties": {"gww_id": 74556, "name": "Dniester", "reservoir": "\u0412\u0435\u0440\u0445\u043d\u044f \u0412\u043e\u0434\u043e\u0439\u043c\u0430 \u0414\u043d\u0456\u0441\u0442\u0440\u043e\u0432\u0441\u044c\u043a\u043e\u0457 \u0413\u0410\u0415\u0421", "country": "Ukraine", "iso3": "UKR", "capacity_mw": 702.0, "latest_month": "2026-05", "area_km2": 2.27, "area_anomaly": -0.024, "area_anomaly_3mo": -0.005, "precip_12mo_anomaly": 0.026, "pred_gen_anomaly": -0.146, "pred_gen_anomaly_lo": -0.425, "pred_gen_anomaly_hi": 0.276, "pred_gen_anomaly_3mo": -0.009, "has_generation_truth": false, "confidence": "unknown residence time", "match_method": "gww_polygon"}}, {"type": "Feature", "geometry": {"type": "Point", "coordinates": [24.1053, 45.3549]}, "properties": {"gww_id": 74587, "name": "Hpp bradisoru BRAD - Bradisor Hydroelectric Power Station Romania", "reservoir": null, "country": "Romania", "iso3": "ROU", "capacity_mw": 114.8, "latest_month": "2026-05", "area_km2": 1.91, "area_anomaly": 0.045, "area_anomaly_3mo": 0.005, "precip_12mo_anomaly": -0.049, "pred_gen_anomaly": -0.069, "pred_gen_anomaly_lo": -0.409, "pred_gen_anomaly_hi": 0.248, "pred_gen_anomaly_3mo": 0.08, "has_generation_truth": false, "confidence": "short residence time (weak area signal)", "match_method": "hydrolakes_pour"}}, {"type": "Feature", "geometry": {"type": "Point", "coordinates": [24.73125, -29.99375]}, "properties": {"gww_id": 89310, "name": "Vanderkloof", "reservoir": "R.K. Roux", "country": "South Africa", "iso3": "ZAF", "capacity_mw": 240.0, "latest_month": "2026-05", "area_km2": 128.02, "area_anomaly": 0.099, "area_anomaly_3mo": 0.111, "precip_12mo_anomaly": 0.075, "pred_gen_anomaly": 0.353, "pred_gen_anomaly_lo": -0.4, "pred_gen_anomaly_hi": 1.171, "pred_gen_anomaly_3mo": 0.223, "has_generation_truth": false, "confidence": "carry-over storage (validated class)", "match_method": "hydrolakes_pour"}}, {"type": "Feature", "geometry": {"type": "Point", "coordinates": [80.9506, 7.2013]}, "properties": {"gww_id": 70955, "name": "Rantembe", "reservoir": null, "country": "Sri Lanka", "iso3": "LKA", "capacity_mw": 52.0, "latest_month": "2026-05", "area_km2": 0.9, "area_anomaly": 0.006, "area_anomaly_3mo": 0.074, "precip_12mo_anomaly": 0.356, "pred_gen_anomaly": 0.203, "pred_gen_anomaly_lo": -0.433, "pred_gen_anomaly_hi": 0.861, "pred_gen_anomaly_3mo": 0.246, "has_generation_truth": false, "confidence": "unknown residence time", "match_method": "gww_polygon"}}, {"type": "Feature", "geometry": {"type": "Point", "coordinates": [-111.748531, 42.267774]}, "properties": {"gww_id": 74595, "name": "Oneida", "reservoir": null, "country": "USA", "iso3": "USA", "capacity_mw": 30.0, "latest_month": "2026-05", "area_km2": 1.55, "area_anomaly": 0.042, "area_anomaly_3mo": -0.021, "precip_12mo_anomaly": 0.052, "pred_gen_anomaly": -0.059, "pred_gen_anomaly_lo": -0.579, "pred_gen_anomaly_hi": 0.496, "pred_gen_anomaly_3mo": 0.014, "has_generation_truth": true, "confidence": "short residence time (weak area signal)", "match_method": "hydrolakes_pour"}}, {"type": "Feature", "geometry": {"type": "Point", "coordinates": [-71.7483, 43.1897]}, "properties": {"gww_id": 74642, "name": "EHC West Hopkinton", "reservoir": null, "country": "USA", "iso3": "USA", "capacity_mw": 1.0, "latest_month": "2026-05", "area_km2": 1.43, "area_anomaly": -0.018, "area_anomaly_3mo": 0.083, "precip_12mo_anomaly": -0.128, "pred_gen_anomaly": -0.061, "pred_gen_anomaly_lo": -0.787, "pred_gen_anomaly_hi": 0.625, "pred_gen_anomaly_3mo": 0.005, "has_generation_truth": true, "confidence": "short residence time (weak area signal)", "match_method": "hydrolakes_pour"}}, {"type": "Feature", "geometry": {"type": "Point", "coordinates": [33.14450363, -19.15625]}, "properties": {"gww_id": 89320, "name": "Chicamba", "reservoir": "Revue", "country": "Mozambique", "iso3": "MOZ", "capacity_mw": 38.4, "latest_month": "2026-05", "area_km2": 97.93, "area_anomaly": 0.098, "area_anomaly_3mo": -0.047, "precip_12mo_anomaly": 0.252, "pred_gen_anomaly": 0.098, "pred_gen_anomaly_lo": -0.867, "pred_gen_anomaly_hi": 1.065, "pred_gen_anomaly_3mo": -0.154, "has_generation_truth": false, "confidence": "carry-over storage (validated class)", "match_method": "hydrolakes_pour"}}, {"type": "Feature", "geometry": {"type": "Point", "coordinates": [-67.9119, 51.7849]}, "properties": {"gww_id": 74464, "name": "Hart-Jaune", "reservoir": null, "country": "Canada", "iso3": "CAN", "capacity_mw": 51.0, "latest_month": "2026-05", "area_km2": 1.34, "area_anomaly": -0.139, "area_anomaly_3mo": 0.052, "precip_12mo_anomaly": 0.612, "pred_gen_anomaly": 0.638, "pred_gen_anomaly_lo": -0.101, "pred_gen_anomaly_hi": 0.949, "pred_gen_anomaly_3mo": 0.509, "has_generation_truth": false, "confidence": "short residence time (weak area signal)", "match_method": "hydrolakes_pour"}}, {"type": "Feature", "geometry": {"type": "Point", "coordinates": [-91.9953, 35.5207]}, "properties": {"gww_id": 89428, "name": "Greers Ferry Lake", "reservoir": "Greers Ferry Lake", "country": "USA", "iso3": "USA", "capacity_mw": 96.0, "latest_month": "2026-05", "area_km2": 114.4, "area_anomaly": -0.068, "area_anomaly_3mo": -0.058, "precip_12mo_anomaly": -0.186, "pred_gen_anomaly": -0.393, "pred_gen_anomaly_lo": -1.049, "pred_gen_anomaly_hi": 0.265, "pred_gen_anomaly_3mo": -0.457, "has_generation_truth": true, "confidence": "carry-over storage (validated class)", "match_method": "gww_polygon"}}, {"type": "Feature", "geometry": {"type": "Point", "coordinates": [-8.0912, 41.6917]}, "properties": {"gww_id": 74423, "name": "Salamonde", "reservoir": "Albufeira de Salamonde", "country": "Portugal", "iso3": "PRT", "capacity_mw": 42.0, "latest_month": "2026-05", "area_km2": 1.55, "area_anomaly": 0.018, "area_anomaly_3mo": 0.012, "precip_12mo_anomaly": 0.153, "pred_gen_anomaly": 0.055, "pred_gen_anomaly_lo": -0.521, "pred_gen_anomaly_hi": 0.599, "pred_gen_anomaly_3mo": 0.347, "has_generation_truth": false, "confidence": "short residence time (weak area signal)", "match_method": "hydrolakes_pour"}}, {"type": "Feature", "geometry": {"type": "Point", "coordinates": [-89.4806, 45.5711]}, "properties": {"gww_id": 74081, "name": "Hat Rapids", "reservoir": null, "country": "USA", "iso3": "USA", "capacity_mw": 2.6, "latest_month": "2026-05", "area_km2": 0.97, "area_anomaly": 0.039, "area_anomaly_3mo": -0.053, "precip_12mo_anomaly": 0.132, "pred_gen_anomaly": 0.094, "pred_gen_anomaly_lo": -0.594, "pred_gen_anomaly_hi": 0.769, "pred_gen_anomaly_3mo": 0.125, "has_generation_truth": true, "confidence": "short residence time (weak area signal)", "match_method": "gww_polygon"}}, {"type": "Feature", "geometry": {"type": "Point", "coordinates": [82.4645, 18.5323]}, "properties": {"gww_id": 74173, "name": "MACHKUND", "reservoir": null, "country": "India", "iso3": "IND", "capacity_mw": 120.0, "latest_month": "2026-05", "area_km2": 0.99, "area_anomaly": -0.098, "area_anomaly_3mo": -0.1, "precip_12mo_anomaly": 0.073, "pred_gen_anomaly": -0.063, "pred_gen_anomaly_lo": -0.483, "pred_gen_anomaly_hi": 0.457, "pred_gen_anomaly_3mo": 0.027, "has_generation_truth": false, "confidence": "short residence time (weak area signal)", "match_method": "hydrolakes_pour"}}, {"type": "Feature", "geometry": {"type": "Point", "coordinates": [127.22, 42.73]}, "properties": {"gww_id": 89455, "name": "Baishan", "reservoir": null, "country": "China", "iso3": "CHN", "capacity_mw": 1500.0, "latest_month": "2026-05", "area_km2": 97.79, "area_anomaly": 0.005, "area_anomaly_3mo": 0.008, "precip_12mo_anomaly": 0.101, "pred_gen_anomaly": 0.076, "pred_gen_anomaly_lo": -0.228, "pred_gen_anomaly_hi": 0.433, "pred_gen_anomaly_3mo": 0.109, "has_generation_truth": false, "confidence": "carry-over storage (validated class)", "match_method": "hydrolakes_pour"}}, {"type": "Feature", "geometry": {"type": "Point", "coordinates": [26.47777778, 64.73638889]}, "properties": {"gww_id": 74240, "name": "Utanen", "reservoir": null, "country": "Finland", "iso3": "FIN", "capacity_mw": 58.0, "latest_month": "2026-05", "area_km2": 1.84, "area_anomaly": 0.092, "area_anomaly_3mo": 0.074, "precip_12mo_anomaly": 0.182, "pred_gen_anomaly": 0.101, "pred_gen_anomaly_lo": -0.284, "pred_gen_anomaly_hi": 0.564, "pred_gen_anomaly_3mo": 0.165, "has_generation_truth": false, "confidence": "short residence time (weak area signal)", "match_method": "hydrolakes_pour"}}, {"type": "Feature", "geometry": {"type": "Point", "coordinates": [-111.483872, 36.936614]}, "properties": {"gww_id": 89454, "name": "Glen Canyon Dam", "reservoir": "Lake Powell", "country": "USA", "iso3": "USA", "capacity_mw": 1312.0, "latest_month": "2026-05", "area_km2": 62.55, "area_anomaly": -0.336, "area_anomaly_3mo": -0.321, "precip_12mo_anomaly": 0.094, "pred_gen_anomaly": -0.303, "pred_gen_anomaly_lo": -0.467, "pred_gen_anomaly_hi": -0.142, "pred_gen_anomaly_3mo": -0.304, "has_generation_truth": true, "confidence": "carry-over storage (validated class)", "match_method": "hydrolakes_pour"}}, {"type": "Feature", "geometry": {"type": "Point", "coordinates": [82.5977, 22.604]}, "properties": {"gww_id": 89452, "name": "HASDEOBANGO", "reservoir": "Bango Reservoir", "country": "India", "iso3": "IND", "capacity_mw": 120.0, "latest_month": "2026-05", "area_km2": 123.87, "area_anomaly": 0.1, "area_anomaly_3mo": 0.114, "precip_12mo_anomaly": 0.306, "pred_gen_anomaly": 0.311, "pred_gen_anomaly_lo": -0.383, "pred_gen_anomaly_hi": 1.062, "pred_gen_anomaly_3mo": 0.291, "has_generation_truth": false, "confidence": "carry-over storage (validated class)", "match_method": "hydrolakes_pour"}}, {"type": "Feature", "geometry": {"type": "Point", "coordinates": [-74.7578, 41.4625]}, "properties": {"gww_id": 74306, "name": "Rio", "reservoir": null, "country": "USA", "iso3": "USA", "capacity_mw": 10.8, "latest_month": "2026-05", "area_km2": 1.64, "area_anomaly": 0.058, "area_anomaly_3mo": 0.059, "precip_12mo_anomaly": -0.149, "pred_gen_anomaly": -0.05, "pred_gen_anomaly_lo": -0.566, "pred_gen_anomaly_hi": 0.398, "pred_gen_anomaly_3mo": -0.065, "has_generation_truth": true, "confidence": "short residence time (weak area signal)", "match_method": "hydrolakes_pour"}}, {"type": "Feature", "geometry": {"type": "Point", "coordinates": [-99.1642, 26.5575]}, "properties": {"gww_id": 89434, "name": "Falcon Dam & Power", "reservoir": "Falcon Reservoir", "country": "USA", "iso3": "USA", "capacity_mw": 63.0, "latest_month": "2026-05", "area_km2": 100.18, "area_anomaly": -0.281, "area_anomaly_3mo": -0.344, "precip_12mo_anomaly": 0.087, "pred_gen_anomaly": -0.51, "pred_gen_anomaly_lo": -1.09, "pred_gen_anomaly_hi": 0.231, "pred_gen_anomaly_3mo": -0.532, "has_generation_truth": true, "confidence": "carry-over storage (validated class)", "match_method": "hydrolakes_pour"}}, {"type": "Feature", "geometry": {"type": "Point", "coordinates": [136.4563, 35.5954]}, "properties": {"gww_id": 74312, "name": "Yokoyama", "reservoir": "Okuibiko", "country": "Japan", "iso3": "JPN", "capacity_mw": 70.0, "latest_month": "2026-05", "area_km2": 1.1, "area_anomaly": 0.035, "area_anomaly_3mo": 0.078, "precip_12mo_anomaly": 0.467, "pred_gen_anomaly": 0.492, "pred_gen_anomaly_lo": -0.342, "pred_gen_anomaly_hi": 1.24, "pred_gen_anomaly_3mo": 0.49, "has_generation_truth": false, "confidence": "short residence time (weak area signal)", "match_method": "hydrolakes_pour"}}, {"type": "Feature", "geometry": {"type": "Point", "coordinates": [-82.5086, 36.4982]}, "properties": {"gww_id": 74349, "name": "Fort Patrick Henry", "reservoir": "Fort Patrick Henry Lake", "country": "USA", "iso3": "USA", "capacity_mw": 59.4, "latest_month": "2026-05", "area_km2": 1.37, "area_anomaly": 0.005, "area_anomaly_3mo": 0.013, "precip_12mo_anomaly": -0.088, "pred_gen_anomaly": -0.109, "pred_gen_anomaly_lo": -0.558, "pred_gen_anomaly_hi": 0.302, "pred_gen_anomaly_3mo": -0.2, "has_generation_truth": true, "confidence": "unknown residence time", "match_method": "gww_polygon"}}, {"type": "Feature", "geometry": {"type": "Point", "coordinates": [37.3663, 9.558]}, "properties": {"gww_id": 89634, "name": "Fincha", "reservoir": "Finchaa", "country": "Ethiopia", "iso3": "ETH", "capacity_mw": 134.0, "latest_month": "2026-05", "area_km2": 192.54, "area_anomaly": 0.2, "area_anomaly_3mo": 0.22, "precip_12mo_anomaly": 0.037, "pred_gen_anomaly": 0.182, "pred_gen_anomaly_lo": -0.464, "pred_gen_anomaly_hi": 1.219, "pred_gen_anomaly_3mo": 0.122, "has_generation_truth": false, "confidence": "carry-over storage (validated class)", "match_method": "hydrolakes_pour"}}, {"type": "Feature", "geometry": {"type": "Point", "coordinates": [19.5671, 64.1023]}, "properties": {"gww_id": 73401, "name": "Bjurfors nedre krv", "reservoir": null, "country": "Sweden", "iso3": "SWE", "capacity_mw": 120.0, "latest_month": "2026-05", "area_km2": 1.55, "area_anomaly": -0.007, "area_anomaly_3mo": -0.028, "precip_12mo_anomaly": 0.139, "pred_gen_anomaly": 0.068, "pred_gen_anomaly_lo": -0.326, "pred_gen_anomaly_hi": 0.524, "pred_gen_anomaly_3mo": 0.141, "has_generation_truth": false, "confidence": "short residence time (weak area signal)", "match_method": "hydrolakes_pour"}}, {"type": "Feature", "geometry": {"type": "Point", "coordinates": [-73.957324, 42.712356]}, "properties": {"gww_id": 73393, "name": "Normanskill Hydro Project", "reservoir": null, "country": "USA", "iso3": "USA", "capacity_mw": 1.2, "latest_month": "2026-05", "area_km2": 1.25, "area_anomaly": 0.01, "area_anomaly_3mo": 0.08, "precip_12mo_anomaly": -0.109, "pred_gen_anomaly": -0.028, "pred_gen_anomaly_lo": -0.629, "pred_gen_anomaly_hi": 0.46, "pred_gen_anomaly_3mo": -0.046, "has_generation_truth": true, "confidence": "short residence time (weak area signal)", "match_method": "hydrolakes_pour"}}, {"type": "Feature", "geometry": {"type": "Point", "coordinates": [-81.2172, 34.0533]}, "properties": {"gww_id": 89904, "name": "Saluda Lexington", "reservoir": "Lake Murray", "country": "USA", "iso3": "USA", "capacity_mw": 207.3, "latest_month": "2026-05", "area_km2": 180.16, "area_anomaly": 0.004, "area_anomaly_3mo": 0.003, "precip_12mo_anomaly": -0.113, "pred_gen_anomaly": -0.247, "pred_gen_anomaly_lo": -0.963, "pred_gen_anomaly_hi": 0.392, "pred_gen_anomaly_3mo": -0.32, "has_generation_truth": true, "confidence": "carry-over storage (validated class)", "match_method": "hydrolakes_pour"}}, {"type": "Feature", "geometry": {"type": "Point", "coordinates": [14.4809, -9.7523]}, "properties": {"gww_id": 72221, "name": "Cambambe", "reservoir": null, "country": "Angola", "iso3": "AGO", "capacity_mw": 960.0, "latest_month": "2026-05", "area_km2": 1.93, "area_anomaly": 0.176, "area_anomaly_3mo": 0.164, "precip_12mo_anomaly": -0.038, "pred_gen_anomaly": -0.025, "pred_gen_anomaly_lo": -0.449, "pred_gen_anomaly_hi": 0.717, "pred_gen_anomaly_3mo": -0.006, "has_generation_truth": false, "confidence": "short residence time (weak area signal)", "match_method": "hydrolakes_pour"}}, {"type": "Feature", "geometry": {"type": "Point", "coordinates": [17.48494, 67.729796]}, "properties": {"gww_id": 89903, "name": "Ritsem Ritsem G1 - Ritsem Hydro Power Station Sweden", "reservoir": "Akkajaure", "country": "Sweden", "iso3": "SWE", "capacity_mw": 304.0, "latest_month": "2026-05", "area_km2": 219.17, "area_anomaly": -0.037, "area_anomaly_3mo": 0.038, "precip_12mo_anomaly": 0.095, "pred_gen_anomaly": 0.034, "pred_gen_anomaly_lo": -0.362, "pred_gen_anomaly_hi": 0.506, "pred_gen_anomaly_3mo": 0.163, "has_generation_truth": false, "confidence": "unknown residence time", "match_method": "gww_polygon"}}, {"type": "Feature", "geometry": {"type": "Point", "coordinates": [22.7213, 45.3391]}, "properties": {"gww_id": 72304, "name": "Raul Mare (Retezat) Hydroelectric Power Station Romania - Raul Mare (Retezat) Hydroelectric Power Station Romania", "reservoir": null, "country": "Romania", "iso3": "ROU", "capacity_mw": 335.0, "latest_month": "2026-05", "area_km2": 1.99, "area_anomaly": 0.024, "area_anomaly_3mo": 0.05, "precip_12mo_anomaly": -0.038, "pred_gen_anomaly": 0.025, "pred_gen_anomaly_lo": -0.294, "pred_gen_anomaly_hi": 0.442, "pred_gen_anomaly_3mo": 0.141, "has_generation_truth": false, "confidence": "short residence time (weak area signal)", "match_method": "hydrolakes_pour"}}, {"type": "Feature", "geometry": {"type": "Point", "coordinates": [101.6445, 28.2485]}, "properties": {"gww_id": 72335, "name": "Jinping II", "reservoir": "\u9526\u5c4f\u4e8c\u6c34\u5e93", "country": "China", "iso3": "CHN", "capacity_mw": 8000.0, "latest_month": "2026-05", "area_km2": 0.79, "area_anomaly": -0.052, "area_anomaly_3mo": -0.118, "precip_12mo_anomaly": -0.045, "pred_gen_anomaly": -0.094, "pred_gen_anomaly_lo": -0.521, "pred_gen_anomaly_hi": 0.278, "pred_gen_anomaly_3mo": -0.078, "has_generation_truth": false, "confidence": "unknown residence time", "match_method": "gww_polygon"}}, {"type": "Feature", "geometry": {"type": "Point", "coordinates": [19.796076, 66.954281]}, "properties": {"gww_id": 89898, "name": "Porjus Porjus G11 - Porjus Hydroelectric Power Station Sweden", "reservoir": "Stora Lulevatten", "country": "Sweden", "iso3": "SWE", "capacity_mw": 785.0, "latest_month": "2026-05", "area_km2": 232.28, "area_anomaly": 0.016, "area_anomaly_3mo": -0.312, "precip_12mo_anomaly": 0.142, "pred_gen_anomaly": 0.044, "pred_gen_anomaly_lo": -0.176, "pred_gen_anomaly_hi": 0.52, "pred_gen_anomaly_3mo": -0.036, "has_generation_truth": false, "confidence": "short residence time (weak area signal)", "match_method": "hydrolakes_pour"}}, {"type": "Feature", "geometry": {"type": "Point", "coordinates": [35.5683, 68.8426]}, "properties": {"gww_id": 89891, "name": "Serebryanskaya HPP-1", "reservoir": "\u043e\u0441\u0442\u0440\u043e\u0432 \u0421\u0442\u0430\u0440\u044b\u0439 \u041f\u043e\u0433\u043e\u0441\u0442", "country": "Russia", "iso3": "RUS", "capacity_mw": 204.9, "latest_month": "2026-05", "area_km2": 199.13, "area_anomaly": -0.062, "area_anomaly_3mo": -0.031, "precip_12mo_anomaly": -0.012, "pred_gen_anomaly": 0.036, "pred_gen_anomaly_lo": -0.491, "pred_gen_anomaly_hi": 0.544, "pred_gen_anomaly_3mo": -0.034, "has_generation_truth": false, "confidence": "carry-over storage (validated class)", "match_method": "gww_polygon"}}, {"type": "Feature", "geometry": {"type": "Point", "coordinates": [39.1353, 38.2264]}, "properties": {"gww_id": 89884, "name": "Karakaya Dam", "reservoir": null, "country": "Turkey", "iso3": "TUR", "capacity_mw": 1800.0, "latest_month": "2026-05", "area_km2": 265.44, "area_anomaly": 0.078, "area_anomaly_3mo": 0.084, "precip_12mo_anomaly": 0.404, "pred_gen_anomaly": 0.932, "pred_gen_anomaly_lo": -0.05, "pred_gen_anomaly_hi": 1.59, "pred_gen_anomaly_3mo": 0.621, "has_generation_truth": false, "confidence": "carry-over storage (validated class)", "match_method": "hydrolakes_pour"}}, {"type": "Feature", "geometry": {"type": "Point", "coordinates": [-94.8691, 50.1145]}, "properties": {"gww_id": 89881, "name": "Whitedog Falls", "reservoir": null, "country": "Canada", "iso3": "CAN", "capacity_mw": 68.0, "latest_month": "2026-05", "area_km2": 150.58, "area_anomaly": -0.012, "area_anomaly_3mo": 0.005, "precip_12mo_anomaly": 0.11, "pred_gen_anomaly": 0.051, "pred_gen_anomaly_lo": -0.218, "pred_gen_anomaly_hi": 0.399, "pred_gen_anomaly_3mo": 0.11, "has_generation_truth": false, "confidence": "unknown residence time", "match_method": "gww_polygon"}}, {"type": "Feature", "geometry": {"type": "Point", "coordinates": [-91.8883, 44.9367]}, "properties": {"gww_id": 72412, "name": "Cedar Falls (WI)", "reservoir": "Tainter Lake", "country": "USA", "iso3": "USA", "capacity_mw": 6.0, "latest_month": "2026-05", "area_km2": 1.21, "area_anomaly": 0.022, "area_anomaly_3mo": 0.15, "precip_12mo_anomaly": 0.146, "pred_gen_anomaly": 0.104, "pred_gen_anomaly_lo": -0.459, "pred_gen_anomaly_hi": 0.536, "pred_gen_anomaly_3mo": 0.079, "has_generation_truth": true, "confidence": "short residence time (weak area signal)", "match_method": "hydrolakes_pour"}}, {"type": "Feature", "geometry": {"type": "Point", "coordinates": [38.2978, 57.5275]}, "properties": {"gww_id": 89875, "name": "Uglich HPP", "reservoir": "Rybinsk Reservoir", "country": "Russia", "iso3": "RUS", "capacity_mw": 120.0, "latest_month": "2026-05", "area_km2": 175.26, "area_anomaly": -0.0, "area_anomaly_3mo": 0.071, "precip_12mo_anomaly": -0.112, "pred_gen_anomaly": -0.11, "pred_gen_anomaly_lo": -0.36, "pred_gen_anomaly_hi": 0.249, "pred_gen_anomaly_3mo": -0.106, "has_generation_truth": false, "confidence": "short residence time (weak area signal)", "match_method": "gww_polygon"}}, {"type": "Feature", "geometry": {"type": "Point", "coordinates": [-68.5945, 49.7408]}, "properties": {"gww_id": 89873, "name": "Ren\u00c3\u00a9-L\u00c3\u00a9vesque (Manic-3)", "reservoir": "Manic Trois", "country": "Canada", "iso3": "CAN", "capacity_mw": 1326.0, "latest_month": "2026-05", "area_km2": 209.13, "area_anomaly": 0.013, "area_anomaly_3mo": -0.054, "precip_12mo_anomaly": 0.613, "pred_gen_anomaly": 0.526, "pred_gen_anomaly_lo": -0.175, "pred_gen_anomaly_hi": 0.987, "pred_gen_anomaly_3mo": 0.477, "has_generation_truth": false, "confidence": "carry-over storage (validated class)", "match_method": "hydrolakes_pour"}}, {"type": "Feature", "geometry": {"type": "Point", "coordinates": [5.687, 45.006]}, "properties": {"gww_id": 72338, "name": "Saint georges commiers Saint Georges de Commiers Hydroelectric Power Station France - Saint Georges de Commiers Hydroelectric Power Station France", "reservoir": null, "country": "France", "iso3": "FRA", "capacity_mw": 60.0, "latest_month": "2026-05", "area_km2": 1.52, "area_anomaly": 0.014, "area_anomaly_3mo": -0.002, "precip_12mo_anomaly": -0.037, "pred_gen_anomaly": -0.121, "pred_gen_anomaly_lo": -0.493, "pred_gen_anomaly_hi": 0.219, "pred_gen_anomaly_3mo": 0.046, "has_generation_truth": false, "confidence": "short residence time (weak area signal)", "match_method": "hydrolakes_pour"}}, {"type": "Feature", "geometry": {"type": "Point", "coordinates": [99.1489, 58.6944]}, "properties": {"gww_id": 89910, "name": "Boguchanskaya HPP", "reservoir": "\u0411\u043e\u0433\u0443\u0447\u0430\u043d\u0441\u043a\u043e\u0435 \u0432\u043e\u0434\u043e\u0445\u0440\u0430\u043d\u0438\u043b\u0438\u0449\u0435", "country": "Russia", "iso3": "RUS", "capacity_mw": 5994.0, "latest_month": "2026-05", "area_km2": 250.39, "area_anomaly": 0.38, "area_anomaly_3mo": 0.187, "precip_12mo_anomaly": 0.158, "pred_gen_anomaly": 0.389, "pred_gen_anomaly_lo": -0.151, "pred_gen_anomaly_hi": 0.81, "pred_gen_anomaly_3mo": 0.322, "has_generation_truth": false, "confidence": "unknown residence time", "match_method": "gww_polygon"}}, {"type": "Feature", "geometry": {"type": "Point", "coordinates": [26.71361111, 64.57722222]}, "properties": {"gww_id": 72189, "name": "Nuojua", "reservoir": null, "country": "Finland", "iso3": "FIN", "capacity_mw": 140.0, "latest_month": "2026-05", "area_km2": 1.35, "area_anomaly": 0.022, "area_anomaly_3mo": 0.025, "precip_12mo_anomaly": 0.182, "pred_gen_anomaly": 0.088, "pred_gen_anomaly_lo": -0.269, "pred_gen_anomaly_hi": 0.498, "pred_gen_anomaly_3mo": 0.13, "has_generation_truth": false, "confidence": "short residence time (weak area signal)", "match_method": "gww_polygon"}}, {"type": "Feature", "geometry": {"type": "Point", "coordinates": [31.3894, 66.6692]}, "properties": {"gww_id": 89964, "name": "Iovskaya HPP", "reservoir": "Iovskoye", "country": "Russia", "iso3": "RUS", "capacity_mw": 96.0, "latest_month": "2026-05", "area_km2": 216.03, "area_anomaly": -0.076, "area_anomaly_3mo": -0.048, "precip_12mo_anomaly": 0.095, "pred_gen_anomaly": 0.13, "pred_gen_anomaly_lo": -0.365, "pred_gen_anomaly_hi": 0.588, "pred_gen_anomaly_3mo": 0.089, "has_generation_truth": false, "confidence": "unknown residence time", "match_method": "gww_polygon"}}, {"type": "Feature", "geometry": {"type": "Point", "coordinates": [-121.975182, 40.992295]}, "properties": {"gww_id": 71674, "name": "James B Black", "reservoir": "Pit Six Reservoir", "country": "USA", "iso3": "USA", "capacity_mw": 389.4, "latest_month": "2026-05", "area_km2": 0.84, "area_anomaly": 0.015, "area_anomaly_3mo": 0.024, "precip_12mo_anomaly": -0.08, "pred_gen_anomaly": -0.209, "pred_gen_anomaly_lo": -0.46, "pred_gen_anomaly_hi": 0.141, "pred_gen_anomaly_3mo": -0.116, "has_generation_truth": true, "confidence": "unknown residence time", "match_method": "gww_polygon"}}, {"type": "Feature", "geometry": {"type": "Point", "coordinates": [-92.5763, 36.3635]}, "properties": {"gww_id": 89963, "name": "Bull Shoals", "reservoir": "Bull Shoals Lake", "country": "USA", "iso3": "USA", "capacity_mw": 340.0, "latest_month": "2026-05", "area_km2": 157.15, "area_anomaly": -0.135, "area_anomaly_3mo": -0.07, "precip_12mo_anomaly": -0.153, "pred_gen_anomaly": -0.34, "pred_gen_anomaly_lo": -0.826, "pred_gen_anomaly_hi": 0.289, "pred_gen_anomaly_3mo": -0.386, "has_generation_truth": true, "confidence": "carry-over storage (validated class)", "match_method": "hydrolakes_pour"}}, {"type": "Feature", "geometry": {"type": "Point", "coordinates": [27.33027778, 66.40583333]}, "properties": {"gww_id": 89949, "name": "Seitakorva", "reservoir": "Kemijarvi", "country": "Finland", "iso3": "FIN", "capacity_mw": 144.0, "latest_month": "2026-05", "area_km2": 232.02, "area_anomaly": 0.001, "area_anomaly_3mo": 0.035, "precip_12mo_anomaly": 0.239, "pred_gen_anomaly": 0.153, "pred_gen_anomaly_lo": -0.221, "pred_gen_anomaly_hi": 0.655, "pred_gen_anomaly_3mo": 0.212, "has_generation_truth": false, "confidence": "carry-over storage (validated class)", "match_method": "hydrolakes_pour"}}, {"type": "Feature", "geometry": {"type": "Point", "coordinates": [-92.7784, 16.4018]}, "properties": {"gww_id": 90550, "name": "Belisario Dom\u00c3\u00adnguez (Angostura)", "reservoir": "Angostura Reservoir", "country": "Mexico", "iso3": "MEX", "capacity_mw": 900.0, "latest_month": "2026-05", "area_km2": 427.99, "area_anomaly": 0.022, "area_anomaly_3mo": 0.035, "precip_12mo_anomaly": 0.071, "pred_gen_anomaly": 0.048, "pred_gen_anomaly_lo": -0.32, "pred_gen_anomaly_hi": 0.537, "pred_gen_anomaly_3mo": 0.084, "has_generation_truth": false, "confidence": "carry-over storage (validated class)", "match_method": "hydrolakes_pour"}}, {"type": "Feature", "geometry": {"type": "Point", "coordinates": [-72.561458, 42.608042]}, "properties": {"gww_id": 72017, "name": "Turners Falls", "reservoir": "Montague Power Canal Reservoir", "country": "USA", "iso3": "USA", "capacity_mw": 5.7, "latest_month": "2026-05", "area_km2": 1.34, "area_anomaly": 0.036, "area_anomaly_3mo": 0.074, "precip_12mo_anomaly": -0.113, "pred_gen_anomaly": -0.006, "pred_gen_anomaly_lo": -0.619, "pred_gen_anomaly_hi": 0.497, "pred_gen_anomaly_3mo": -0.027, "has_generation_truth": true, "confidence": "unknown residence time", "match_method": "gww_polygon"}}, {"type": "Feature", "geometry": {"type": "Point", "coordinates": [25.0937, 45.5661]}, "properties": {"gww_id": 65994, "name": "CLABUCET", "reservoir": null, "country": "Romania", "iso3": "ROU", "capacity_mw": 64.0, "latest_month": "2026-05", "area_km2": 0.98, "area_anomaly": 0.166, "area_anomaly_3mo": 0.144, "precip_12mo_anomaly": 0.1, "pred_gen_anomaly": 0.052, "pred_gen_anomaly_lo": -0.411, "pred_gen_anomaly_hi": 0.523, "pred_gen_anomaly_3mo": 0.209, "has_generation_truth": false, "confidence": "unknown residence time", "match_method": "gww_polygon"}}, {"type": "Feature", "geometry": {"type": "Point", "coordinates": [-73.7094, 43.2797]}, "properties": {"gww_id": 72090, "name": "Sherman Island", "reservoir": null, "country": "USA", "iso3": "USA", "capacity_mw": 36.3, "latest_month": "2026-05", "area_km2": 1.1, "area_anomaly": 0.03, "area_anomaly_3mo": 0.162, "precip_12mo_anomaly": -0.096, "pred_gen_anomaly": 0.025, "pred_gen_anomaly_lo": -0.359, "pred_gen_anomaly_hi": 0.463, "pred_gen_anomaly_3mo": -0.016, "has_generation_truth": true, "confidence": "short residence time (weak area signal)", "match_method": "hydrolakes_pour"}}, {"type": "Feature", "geometry": {"type": "Point", "coordinates": [-92.5383, 45.9467]}, "properties": {"gww_id": 72135, "name": "Clam River Dam", "reservoir": null, "country": "USA", "iso3": "USA", "capacity_mw": 1.2, "latest_month": "2026-05", "area_km2": 1.19, "area_anomaly": -0.058, "area_anomaly_3mo": 0.028, "precip_12mo_anomaly": 0.185, "pred_gen_anomaly": 0.142, "pred_gen_anomaly_lo": -0.384, "pred_gen_anomaly_hi": 0.536, "pred_gen_anomaly_3mo": 0.17, "has_generation_truth": true, "confidence": "short residence time (weak area signal)", "match_method": "gww_polygon"}}, {"type": "Feature", "geometry": {"type": "Point", "coordinates": [-78.3102, 47.7685]}, "properties": {"gww_id": 90013, "name": "Rapide-7", "reservoir": "Preissac", "country": "Canada", "iso3": "CAN", "capacity_mw": 67.0, "latest_month": "2026-05", "area_km2": 170.54, "area_anomaly": -0.034, "area_anomaly_3mo": 0.046, "precip_12mo_anomaly": 0.193, "pred_gen_anomaly": 0.257, "pred_gen_anomaly_lo": -0.158, "pred_gen_anomaly_hi": 0.591, "pred_gen_anomaly_3mo": 0.205, "has_generation_truth": false, "confidence": "short residence time (weak area signal)", "match_method": "hydrolakes_pour"}}, {"type": "Feature", "geometry": {"type": "Point", "coordinates": [-85.479469, 43.613001]}, "properties": {"gww_id": 73076, "name": "Rogers", "reservoir": null, "country": "USA", "iso3": "USA", "capacity_mw": 6.8, "latest_month": "2026-05", "area_km2": 1.34, "area_anomaly": 0.008, "area_anomaly_3mo": 0.071, "precip_12mo_anomaly": 0.007, "pred_gen_anomaly": 0.096, "pred_gen_anomaly_lo": -0.521, "pred_gen_anomaly_hi": 0.559, "pred_gen_anomaly_3mo": -0.028, "has_generation_truth": true, "confidence": "unknown residence time", "match_method": "gww_polygon"}}, {"type": "Feature", "geometry": {"type": "Point", "coordinates": [-115.3143, 48.4098]}, "properties": {"gww_id": 89651, "name": "Libby", "reservoir": "Lake Koocanusa", "country": "USA", "iso3": "USA", "capacity_mw": 525.0, "latest_month": "2026-05", "area_km2": 146.87, "area_anomaly": -0.033, "area_anomaly_3mo": -0.096, "precip_12mo_anomaly": 0.042, "pred_gen_anomaly": 0.035, "pred_gen_anomaly_lo": -0.366, "pred_gen_anomaly_hi": 0.385, "pred_gen_anomaly_3mo": 0.048, "has_generation_truth": true, "confidence": "carry-over storage (validated class)", "match_method": "hydrolakes_pour"}}, {"type": "Feature", "geometry": {"type": "Point", "coordinates": [-88.2211, 37.0217]}, "properties": {"gww_id": 90014, "name": "Barkley", "reservoir": "Lake Barkley", "country": "USA", "iso3": "USA", "capacity_mw": 130.0, "latest_month": "2026-05", "area_km2": 180.61, "area_anomaly": -0.011, "area_anomaly_3mo": -0.008, "precip_12mo_anomaly": -0.103, "pred_gen_anomaly": -0.103, "pred_gen_anomaly_lo": -0.645, "pred_gen_anomaly_hi": 0.39, "pred_gen_anomaly_3mo": -0.244, "has_generation_truth": true, "confidence": "short residence time (weak area signal)", "match_method": "gww_polygon"}}, {"type": "Feature", "geometry": {"type": "Point", "coordinates": [-83.4381, 45.0717]}, "properties": {"gww_id": 73140, "name": "Ninth Street Hydropower Project", "reservoir": "Lake Besser", "country": "USA", "iso3": "USA", "capacity_mw": 1.6, "latest_month": "2026-05", "area_km2": 1.01, "area_anomaly": 0.028, "area_anomaly_3mo": 0.248, "precip_12mo_anomaly": 0.107, "pred_gen_anomaly": 0.34, "pred_gen_anomaly_lo": -0.392, "pred_gen_anomaly_hi": 0.702, "pred_gen_anomaly_3mo": 0.141, "has_generation_truth": true, "confidence": "short residence time (weak area signal)", "match_method": "gww_polygon"}}, {"type": "Feature", "geometry": {"type": "Point", "coordinates": [-111.407656, 46.12061]}, "properties": {"gww_id": 71509, "name": "Broadwater Power Project", "reservoir": null, "country": "USA", "iso3": "USA", "capacity_mw": 9.7, "latest_month": "2026-05", "area_km2": 0.89, "area_anomaly": 0.025, "area_anomaly_3mo": -0.06, "precip_12mo_anomaly": 0.019, "pred_gen_anomaly": 0.066, "pred_gen_anomaly_lo": -0.474, "pred_gen_anomaly_hi": 0.456, "pred_gen_anomaly_3mo": 0.018, "has_generation_truth": true, "confidence": "unknown residence time", "match_method": "gww_polygon"}}, {"type": "Feature", "geometry": {"type": "Point", "coordinates": [-78.3005, 36.59943]}, "properties": {"gww_id": 90032, "name": "John H Kerr", "reservoir": "John H. Kerr Reservoir", "country": "USA", "iso3": "USA", "capacity_mw": 474.4, "latest_month": "2026-05", "area_km2": 175.56, "area_anomaly": -0.055, "area_anomaly_3mo": -0.042, "precip_12mo_anomaly": -0.09, "pred_gen_anomaly": -0.365, "pred_gen_anomaly_lo": -0.714, "pred_gen_anomaly_hi": 0.071, "pred_gen_anomaly_3mo": -0.325, "has_generation_truth": true, "confidence": "carry-over storage (validated class)", "match_method": "gww_polygon"}}, {"type": "Feature", "geometry": {"type": "Point", "coordinates": [-75.874669, 43.975801]}, "properties": {"gww_id": 71413, "name": "Watertown", "reservoir": null, "country": "USA", "iso3": "USA", "capacity_mw": 15.3, "latest_month": "2026-05", "area_km2": 0.77, "area_anomaly": 0.086, "area_anomaly_3mo": 0.063, "precip_12mo_anomaly": -0.072, "pred_gen_anomaly": 0.019, "pred_gen_anomaly_lo": -0.448, "pred_gen_anomaly_hi": 0.445, "pred_gen_anomaly_3mo": 0.0, "has_generation_truth": true, "confidence": "unknown residence time", "match_method": "gww_polygon"}}, {"type": "Feature", "geometry": {"type": "Point", "coordinates": [-82.483959, 34.852224]}, "properties": {"gww_id": 73293, "name": "Saluda Dam", "reservoir": null, "country": "USA", "iso3": "USA", "capacity_mw": 2.4, "latest_month": "2026-05", "area_km2": 1.05, "area_anomaly": 0.004, "area_anomaly_3mo": -0.004, "precip_12mo_anomaly": -0.113, "pred_gen_anomaly": -0.19, "pred_gen_anomaly_lo": -0.682, "pred_gen_anomaly_hi": 0.282, "pred_gen_anomaly_3mo": -0.275, "has_generation_truth": true, "confidence": "unknown residence time", "match_method": "gww_polygon"}}, {"type": "Feature", "geometry": {"type": "Point", "coordinates": [-101.06011, 29.449827]}, "properties": {"gww_id": 89642, "name": "Amistad Dam & Power", "reservoir": "Amistad Reservoir", "country": "USA", "iso3": "USA", "capacity_mw": 132.0, "latest_month": "2026-05", "area_km2": 66.15, "area_anomaly": -0.53, "area_anomaly_3mo": -0.54, "precip_12mo_anomaly": 0.087, "pred_gen_anomaly": -0.611, "pred_gen_anomaly_lo": -0.986, "pred_gen_anomaly_hi": -0.107, "pred_gen_anomaly_3mo": -0.635, "has_generation_truth": true, "confidence": "carry-over storage (validated class)", "match_method": "hydrolakes_pour"}}, {"type": "Feature", "geometry": {"type": "Point", "coordinates": [-46.94777778, -21.60277778]}, "properties": {"gww_id": 65926, "name": "EUCLIDES DA CUNHA", "reservoir": null, "country": "BRA", "iso3": "BRA", "capacity_mw": 108.8, "latest_month": "2026-05", "area_km2": 0.68, "area_anomaly": 0.152, "area_anomaly_3mo": 0.122, "precip_12mo_anomaly": -0.062, "pred_gen_anomaly": -0.189, "pred_gen_anomaly_lo": -0.78, "pred_gen_anomaly_hi": 0.561, "pred_gen_anomaly_3mo": -0.205, "has_generation_truth": true, "confidence": "unknown residence time", "match_method": "gww_polygon"}}, {"type": "Feature", "geometry": {"type": "Point", "coordinates": [-93.3086, 36.597]}, "properties": {"gww_id": 89657, "name": "Table Rock", "reservoir": "Table Rock Lake", "country": "USA", "iso3": "USA", "capacity_mw": 200.0, "latest_month": "2026-05", "area_km2": 136.56, "area_anomaly": -0.02, "area_anomaly_3mo": -0.033, "precip_12mo_anomaly": -0.153, "pred_gen_anomaly": -0.243, "pred_gen_anomaly_lo": -0.813, "pred_gen_anomaly_hi": 0.316, "pred_gen_anomaly_3mo": -0.353, "has_generation_truth": true, "confidence": "carry-over storage (validated class)", "match_method": "gww_polygon"}}, {"type": "Feature", "geometry": {"type": "Point", "coordinates": [-72.3356, 44.3606]}, "properties": {"gww_id": 72994, "name": "Marshfield 6", "reservoir": "Mollys Falls Reservoir", "country": "USA", "iso3": "USA", "capacity_mw": 5.0, "latest_month": "2026-05", "area_km2": 1.44, "area_anomaly": -0.052, "area_anomaly_3mo": 0.057, "precip_12mo_anomaly": -0.116, "pred_gen_anomaly": 0.016, "pred_gen_anomaly_lo": -0.514, "pred_gen_anomaly_hi": 0.518, "pred_gen_anomaly_3mo": -0.037, "has_generation_truth": true, "confidence": "short residence time (weak area signal)", "match_method": "hydrolakes_pour"}}, {"type": "Feature", "geometry": {"type": "Point", "coordinates": [15.15301, 46.59257]}, "properties": {"gww_id": 72606, "name": "Vuzenica HE Vuzenica 1 - Vuzenica Hydroelectric Poqwer Plant Slovenia", "reservoir": null, "country": "Slovenia", "iso3": "SVN", "capacity_mw": 55.6, "latest_month": "2026-05", "area_km2": 1.13, "area_anomaly": -0.009, "area_anomaly_3mo": -0.014, "precip_12mo_anomaly": -0.025, "pred_gen_anomaly": -0.116, "pred_gen_anomaly_lo": -0.476, "pred_gen_anomaly_hi": 0.199, "pred_gen_anomaly_3mo": 0.015, "has_generation_truth": false, "confidence": "short residence time (weak area signal)", "match_method": "hydrolakes_pour"}}, {"type": "Feature", "geometry": {"type": "Point", "coordinates": [-123.6002, 48.0022]}, "properties": {"gww_id": 72645, "name": "Glines Hydroelectric Project", "reservoir": null, "country": "USA", "iso3": "USA", "capacity_mw": 16.3, "latest_month": "2026-05", "area_km2": 0.31, "area_anomaly": -0.702, "area_anomaly_3mo": -0.483, "precip_12mo_anomaly": -0.058, "pred_gen_anomaly": -0.642, "pred_gen_anomaly_lo": -0.934, "pred_gen_anomaly_hi": -0.086, "pred_gen_anomaly_3mo": -0.569, "has_generation_truth": true, "confidence": "short residence time (weak area signal)", "match_method": "hydrolakes_pour"}}, {"type": "Feature", "geometry": {"type": "Point", "coordinates": [98.807, 8.9723]}, "properties": {"gww_id": 89798, "name": "Rajjaprabha", "reservoir": "Chiew Larn", "country": "Thailand", "iso3": "THA", "capacity_mw": 240.0, "latest_month": "2026-05", "area_km2": 163.92, "area_anomaly": -0.016, "area_anomaly_3mo": -0.009, "precip_12mo_anomaly": -0.057, "pred_gen_anomaly": 0.001, "pred_gen_anomaly_lo": -0.476, "pred_gen_anomaly_hi": 0.601, "pred_gen_anomaly_3mo": -0.086, "has_generation_truth": false, "confidence": "carry-over storage (validated class)", "match_method": "hydrolakes_pour"}}, {"type": "Feature", "geometry": {"type": "Point", "coordinates": [-93.498266, 47.287206]}, "properties": {"gww_id": 65931, "name": "Prairie River", "reservoir": null, "country": "USA", "iso3": "USA", "capacity_mw": 1.0, "latest_month": "2026-05", "area_km2": 0.74, "area_anomaly": 0.018, "area_anomaly_3mo": -0.024, "precip_12mo_anomaly": 0.141, "pred_gen_anomaly": -0.075, "pred_gen_anomaly_lo": -0.656, "pred_gen_anomaly_hi": 0.587, "pred_gen_anomaly_3mo": 0.046, "has_generation_truth": true, "confidence": "short residence time (weak area signal)", "match_method": "gww_polygon"}}, {"type": "Feature", "geometry": {"type": "Point", "coordinates": [-72.6036, 42.2119]}, "properties": {"gww_id": 72709, "name": "Hadley Falls", "reservoir": "Connecticut River Reservoir", "country": "USA", "iso3": "USA", "capacity_mw": 55.5, "latest_month": "2026-05", "area_km2": 1.28, "area_anomaly": 0.029, "area_anomaly_3mo": 0.075, "precip_12mo_anomaly": -0.114, "pred_gen_anomaly": -0.007, "pred_gen_anomaly_lo": -0.483, "pred_gen_anomaly_hi": 0.531, "pred_gen_anomaly_3mo": -0.05, "has_generation_truth": true, "confidence": "unknown residence time", "match_method": "gww_polygon"}}, {"type": "Feature", "geometry": {"type": "Point", "coordinates": [-135.0435, 60.6984]}, "properties": {"gww_id": 72721, "name": "Whitehorse", "reservoir": null, "country": "Canada", "iso3": "CAN", "capacity_mw": 40.0, "latest_month": "2026-05", "area_km2": 1.36, "area_anomaly": -0.085, "area_anomaly_3mo": 0.022, "precip_12mo_anomaly": 0.221, "pred_gen_anomaly": 0.204, "pred_gen_anomaly_lo": -0.224, "pred_gen_anomaly_hi": 0.534, "pred_gen_anomaly_3mo": 0.176, "has_generation_truth": false, "confidence": "short residence time (weak area signal)", "match_method": "hydrolakes_pour"}}, {"type": "Feature", "geometry": {"type": "Point", "coordinates": [-85.911442, 32.680394]}, "properties": {"gww_id": 89712, "name": "Martin Dam", "reservoir": "Lake Martin", "country": "USA", "iso3": "USA", "capacity_mw": 210.6, "latest_month": "2026-05", "area_km2": 147.09, "area_anomaly": -0.021, "area_anomaly_3mo": -0.019, "precip_12mo_anomaly": -0.133, "pred_gen_anomaly": -0.44, "pred_gen_anomaly_lo": -0.912, "pred_gen_anomaly_hi": 0.158, "pred_gen_anomaly_3mo": -0.438, "has_generation_truth": true, "confidence": "carry-over storage (validated class)", "match_method": "hydrolakes_pour"}}, {"type": "Feature", "geometry": {"type": "Point", "coordinates": [-109.762489, 45.225741]}, "properties": {"gww_id": 72855, "name": "Mystic", "reservoir": null, "country": "USA", "iso3": "USA", "capacity_mw": 12.4, "latest_month": "2026-05", "area_km2": 1.6, "area_anomaly": 0.117, "area_anomaly_3mo": 0.04, "precip_12mo_anomaly": -0.014, "pred_gen_anomaly": 0.054, "pred_gen_anomaly_lo": -0.546, "pred_gen_anomaly_hi": 0.579, "pred_gen_anomaly_3mo": 0.068, "has_generation_truth": true, "confidence": "short residence time (weak area signal)", "match_method": "hydrolakes_pour"}}, {"type": "Feature", "geometry": {"type": "Point", "coordinates": [27.245, -10.752]}, "properties": {"gww_id": 89660, "name": "M'Sha", "reservoir": "Tshangalele", "country": "Democratic Republic of the Congo", "iso3": "COD", "capacity_mw": 68.0, "latest_month": "2026-05", "area_km2": 138.92, "area_anomaly": -0.225, "area_anomaly_3mo": -0.195, "precip_12mo_anomaly": 0.008, "pred_gen_anomaly": -0.378, "pred_gen_anomaly_lo": -0.852, "pred_gen_anomaly_hi": 0.196, "pred_gen_anomaly_3mo": -0.442, "has_generation_truth": false, "confidence": "carry-over storage (validated class)", "match_method": "hydrolakes_pour"}}, {"type": "Feature", "geometry": {"type": "Point", "coordinates": [-85.49888, 42.909408]}, "properties": {"gww_id": 72944, "name": "Cascade Dam", "reservoir": null, "country": "USA", "iso3": "USA", "capacity_mw": 1.6, "latest_month": "2026-05", "area_km2": 1.02, "area_anomaly": 0.087, "area_anomaly_3mo": 0.082, "precip_12mo_anomaly": -0.0, "pred_gen_anomaly": 0.072, "pred_gen_anomaly_lo": -0.684, "pred_gen_anomaly_hi": 0.511, "pred_gen_anomaly_3mo": -0.062, "has_generation_truth": true, "confidence": "short residence time (weak area signal)", "match_method": "hydrolakes_pour"}}, {"type": "Feature", "geometry": {"type": "Point", "coordinates": [-117.323548, 34.307444]}, "properties": {"gww_id": 79467, "name": "Mojave Siphon", "reservoir": null, "country": "USA", "iso3": "USA", "capacity_mw": 32.7, "latest_month": "2026-05", "area_km2": 3.73, "area_anomaly": 0.053, "area_anomaly_3mo": -0.015, "precip_12mo_anomaly": 0.21, "pred_gen_anomaly": -0.039, "pred_gen_anomaly_lo": -0.713, "pred_gen_anomaly_hi": 0.729, "pred_gen_anomaly_3mo": 0.037, "has_generation_truth": true, "confidence": "short residence time (weak area signal)", "match_method": "hydrolakes_pour"}}, {"type": "Feature", "geometry": {"type": "Point", "coordinates": [45.7053, 35.1129]}, "properties": {"gww_id": 88978, "name": "Darbandikhan Dam", "reservoir": null, "country": "Iraq", "iso3": "IRQ", "capacity_mw": 248.0, "latest_month": "2026-05", "area_km2": 101.32, "area_anomaly": 0.536, "area_anomaly_3mo": 0.565, "precip_12mo_anomaly": 0.169, "pred_gen_anomaly": 0.896, "pred_gen_anomaly_lo": -0.202, "pred_gen_anomaly_hi": 1.931, "pred_gen_anomaly_3mo": 0.57, "has_generation_truth": false, "confidence": "carry-over storage (validated class)", "match_method": "hydrolakes_pour"}}, {"type": "Feature", "geometry": {"type": "Point", "coordinates": [-84.3841, 34.0]}, "properties": {"gww_id": 75708, "name": "Morgan Falls", "reservoir": null, "country": "USA", "iso3": "USA", "capacity_mw": 16.8, "latest_month": "2026-05", "area_km2": 1.39, "area_anomaly": 0.011, "area_anomaly_3mo": -0.032, "precip_12mo_anomaly": -0.115, "pred_gen_anomaly": -0.223, "pred_gen_anomaly_lo": -0.633, "pred_gen_anomaly_hi": 0.174, "pred_gen_anomaly_3mo": -0.303, "has_generation_truth": true, "confidence": "short residence time (weak area signal)", "match_method": "hydrolakes_pour"}}, {"type": "Feature", "geometry": {"type": "Point", "coordinates": [-83.5393, 35.9623]}, "properties": {"gww_id": 88952, "name": "Douglas Dam", "reservoir": "Douglas Lake", "country": "USA", "iso3": "USA", "capacity_mw": 150.8, "latest_month": "2026-05", "area_km2": 79.41, "area_anomaly": -0.121, "area_anomaly_3mo": -0.068, "precip_12mo_anomaly": -0.1, "pred_gen_anomaly": -0.339, "pred_gen_anomaly_lo": -0.889, "pred_gen_anomaly_hi": 0.178, "pred_gen_anomaly_3mo": -0.323, "has_generation_truth": true, "confidence": "short residence time (weak area signal)", "match_method": "hydrolakes_pour"}}, {"type": "Feature", "geometry": {"type": "Point", "coordinates": [-85.147, 36.8691]}, "properties": {"gww_id": 90171, "name": "Wolf Creek", "reservoir": "Lake Cumberland", "country": "USA", "iso3": "USA", "capacity_mw": 270.0, "latest_month": "2026-05", "area_km2": 170.79, "area_anomaly": -0.035, "area_anomaly_3mo": -0.025, "precip_12mo_anomaly": -0.08, "pred_gen_anomaly": -0.159, "pred_gen_anomaly_lo": -0.598, "pred_gen_anomaly_hi": 0.423, "pred_gen_anomaly_3mo": -0.259, "has_generation_truth": true, "confidence": "carry-over storage (validated class)", "match_method": "hydrolakes_pour"}}, {"type": "Feature", "geometry": {"type": "Point", "coordinates": [-85.8274, 36.0972]}, "properties": {"gww_id": 88951, "name": "Center Hill", "reservoir": "Center Hill Lake", "country": "USA", "iso3": "USA", "capacity_mw": 157.5, "latest_month": "2026-05", "area_km2": 58.94, "area_anomaly": -0.058, "area_anomaly_3mo": -0.025, "precip_12mo_anomaly": -0.119, "pred_gen_anomaly": -0.264, "pred_gen_anomaly_lo": -0.659, "pred_gen_anomaly_hi": 0.216, "pred_gen_anomaly_3mo": -0.303, "has_generation_truth": true, "confidence": "carry-over storage (validated class)", "match_method": "hydrolakes_pour"}}, {"type": "Feature", "geometry": {"type": "Point", "coordinates": [42.7088, 42.1545]}, "properties": {"gww_id": 65219, "name": "Vartsikhe Cascade Hydroelectric Power Plants Georgia", "reservoir": null, "country": "Georgia", "iso3": "GEO", "capacity_mw": 256.0, "latest_month": "2026-05", "area_km2": 0.85, "area_anomaly": -0.09, "area_anomaly_3mo": -0.125, "precip_12mo_anomaly": 0.149, "pred_gen_anomaly": 0.093, "pred_gen_anomaly_lo": -0.267, "pred_gen_anomaly_hi": 0.65, "pred_gen_anomaly_3mo": 0.04, "has_generation_truth": false, "confidence": "short residence time (weak area signal)", "match_method": "gww_polygon"}}, {"type": "Feature", "geometry": {"type": "Point", "coordinates": [16.88083333, 63.44027778]}, "properties": {"gww_id": 70410, "name": "N\u00c3\u00a4mforsen Namforsen Hydroelectric Power Station Sweden - Namforsen Hydroelectric Power Station Sweden", "reservoir": null, "country": "Sweden", "iso3": "SWE", "capacity_mw": 113.0, "latest_month": "2026-05", "area_km2": 1.14, "area_anomaly": -0.003, "area_anomaly_3mo": 0.022, "precip_12mo_anomaly": 0.085, "pred_gen_anomaly": 0.052, "pred_gen_anomaly_lo": -0.301, "pred_gen_anomaly_hi": 0.422, "pred_gen_anomaly_3mo": 0.074, "has_generation_truth": false, "confidence": "short residence time (weak area signal)", "match_method": "hydrolakes_pour"}}, {"type": "Feature", "geometry": {"type": "Point", "coordinates": [19.818399, 66.885309]}, "properties": {"gww_id": 75765, "name": "Harspr\u00c3\u00a5nget Harspranget G1 - Harspranget Hydroelectric Power Station Sweden", "reservoir": null, "country": "Sweden", "iso3": "SWE", "capacity_mw": 871.0, "latest_month": "2026-05", "area_km2": 2.04, "area_anomaly": 0.006, "area_anomaly_3mo": -0.082, "precip_12mo_anomaly": 0.142, "pred_gen_anomaly": 0.05, "pred_gen_anomaly_lo": -0.382, "pred_gen_anomaly_hi": 0.636, "pred_gen_anomaly_3mo": 0.051, "has_generation_truth": false, "confidence": "short residence time (weak area signal)", "match_method": "hydrolakes_pour"}}, {"type": "Feature", "geometry": {"type": "Point", "coordinates": [-73.84269, 42.80746]}, "properties": {"gww_id": 75883, "name": "Vischer Ferry", "reservoir": "Vischer Ferry", "country": "USA", "iso3": "USA", "capacity_mw": 11.6, "latest_month": "2026-05", "area_km2": 1.98, "area_anomaly": 0.033, "area_anomaly_3mo": 0.07, "precip_12mo_anomaly": -0.104, "pred_gen_anomaly": 0.004, "pred_gen_anomaly_lo": -0.356, "pred_gen_anomaly_hi": 0.377, "pred_gen_anomaly_3mo": 0.004, "has_generation_truth": true, "confidence": "short residence time (weak area signal)", "match_method": "hydrolakes_pour"}}, {"type": "Feature", "geometry": {"type": "Point", "coordinates": [107.0193, 11.8578]}, "properties": {"gww_id": 88945, "name": "Thac Mo", "reservoir": "H\u1ed3 Th\u00e1c M\u01a1", "country": "Vietnam", "iso3": "VNM", "capacity_mw": 150.0, "latest_month": "2026-05", "area_km2": 53.74, "area_anomaly": 0.008, "area_anomaly_3mo": 0.016, "precip_12mo_anomaly": 0.105, "pred_gen_anomaly": 0.054, "pred_gen_anomaly_lo": -0.388, "pred_gen_anomaly_hi": 0.464, "pred_gen_anomaly_3mo": 0.099, "has_generation_truth": false, "confidence": "unknown residence time", "match_method": "gww_polygon"}}, {"type": "Feature", "geometry": {"type": "Point", "coordinates": [-114.174722, 42.628889]}, "properties": {"gww_id": 75912, "name": "Wilson Lake Hydroelectric Project", "reservoir": "Wilson Lake Reservoir", "country": "USA", "iso3": "USA", "capacity_mw": 8.4, "latest_month": "2026-05", "area_km2": 1.94, "area_anomaly": 0.017, "area_anomaly_3mo": 0.05, "precip_12mo_anomaly": 0.05, "pred_gen_anomaly": 0.072, "pred_gen_anomaly_lo": -0.474, "pred_gen_anomaly_hi": 0.494, "pred_gen_anomaly_3mo": 0.065, "has_generation_truth": true, "confidence": "short residence time (weak area signal)", "match_method": "gww_polygon"}}, {"type": "Feature", "geometry": {"type": "Point", "coordinates": [-84.336, 43.9599]}, "properties": {"gww_id": 76036, "name": "Smallwood", "reservoir": null, "country": "USA", "iso3": "USA", "capacity_mw": 1.2, "latest_month": "2026-05", "area_km2": 0.61, "area_anomaly": -0.375, "area_anomaly_3mo": -0.16, "precip_12mo_anomaly": 0.025, "pred_gen_anomaly": -0.074, "pred_gen_anomaly_lo": -0.545, "pred_gen_anomaly_hi": 0.545, "pred_gen_anomaly_3mo": -0.161, "has_generation_truth": true, "confidence": "short residence time (weak area signal)", "match_method": "hydrolakes_pour"}}, {"type": "Feature", "geometry": {"type": "Point", "coordinates": [-83.49768, 36.168176]}, "properties": {"gww_id": 89088, "name": "Cherokee Dam", "reservoir": "Cherokee Lake", "country": "USA", "iso3": "USA", "capacity_mw": 135.0, "latest_month": "2026-05", "area_km2": 85.2, "area_anomaly": -0.065, "area_anomaly_3mo": -0.027, "precip_12mo_anomaly": -0.087, "pred_gen_anomaly": -0.233, "pred_gen_anomaly_lo": -0.663, "pred_gen_anomaly_hi": 0.314, "pred_gen_anomaly_3mo": -0.273, "has_generation_truth": true, "confidence": "carry-over storage (validated class)", "match_method": "hydrolakes_pour"}}, {"type": "Feature", "geometry": {"type": "Point", "coordinates": [1.613, 46.455]}, "properties": {"gww_id": 75610, "name": "Eguzon Eguzon Hydroelectric Power Station France - Eguzon Hydroelectric Power Station France", "reservoir": null, "country": "France", "iso3": "FRA", "capacity_mw": 71.1, "latest_month": "2026-05", "area_km2": 1.97, "area_anomaly": -0.016, "area_anomaly_3mo": 0.007, "precip_12mo_anomaly": 0.013, "pred_gen_anomaly": -0.059, "pred_gen_anomaly_lo": -0.477, "pred_gen_anomaly_hi": 0.333, "pred_gen_anomaly_3mo": 0.06, "has_generation_truth": false, "confidence": "short residence time (weak area signal)", "match_method": "hydrolakes_pour"}}, {"type": "Feature", "geometry": {"type": "Point", "coordinates": [-101.6681, 41.2114]}, "properties": {"gww_id": 89081, "name": "Kingsley", "reservoir": "Lake McConaughy", "country": "USA", "iso3": "USA", "capacity_mw": 50.0, "latest_month": "2026-05", "area_km2": 80.53, "area_anomaly": -0.15, "area_anomaly_3mo": -0.136, "precip_12mo_anomaly": 0.093, "pred_gen_anomaly": -0.244, "pred_gen_anomaly_lo": -0.737, "pred_gen_anomaly_hi": 0.187, "pred_gen_anomaly_3mo": -0.198, "has_generation_truth": true, "confidence": "carry-over storage (validated class)", "match_method": "hydrolakes_pour"}}, {"type": "Feature", "geometry": {"type": "Point", "coordinates": [-75.9825, 46.7173]}, "properties": {"gww_id": 90151, "name": "Mercier", "reservoir": "Baskatong", "country": "Canada", "iso3": "CAN", "capacity_mw": 55.0, "latest_month": "2026-05", "area_km2": 248.57, "area_anomaly": 0.034, "area_anomaly_3mo": -0.032, "precip_12mo_anomaly": 0.095, "pred_gen_anomaly": 0.311, "pred_gen_anomaly_lo": -0.286, "pred_gen_anomaly_hi": 0.827, "pred_gen_anomaly_3mo": 0.065, "has_generation_truth": false, "confidence": "carry-over storage (validated class)", "match_method": "hydrolakes_pour"}}, {"type": "Feature", "geometry": {"type": "Point", "coordinates": [26.01388889, 64.82055556]}, "properties": {"gww_id": 70483, "name": "Montta", "reservoir": null, "country": "Finland", "iso3": "FIN", "capacity_mw": 50.0, "latest_month": "2026-05", "area_km2": 1.08, "area_anomaly": -0.095, "area_anomaly_3mo": 0.031, "precip_12mo_anomaly": 0.189, "pred_gen_anomaly": 0.059, "pred_gen_anomaly_lo": -0.402, "pred_gen_anomaly_hi": 0.525, "pred_gen_anomaly_3mo": 0.14, "has_generation_truth": false, "confidence": "unknown residence time", "match_method": "gww_polygon"}}, {"type": "Feature", "geometry": {"type": "Point", "coordinates": [-73.920785, 43.318906]}, "properties": {"gww_id": 88983, "name": "E J West", "reservoir": "Sacandaga Reservoir", "country": "USA", "iso3": "USA", "capacity_mw": 22.0, "latest_month": "2026-05", "area_km2": 99.23, "area_anomaly": -0.007, "area_anomaly_3mo": 0.016, "precip_12mo_anomaly": -0.092, "pred_gen_anomaly": 0.028, "pred_gen_anomaly_lo": -0.51, "pred_gen_anomaly_hi": 0.498, "pred_gen_anomaly_3mo": 0.04, "has_generation_truth": true, "confidence": "carry-over storage (validated class)", "match_method": "hydrolakes_pour"}}, {"type": "Feature", "geometry": {"type": "Point", "coordinates": [-93.847373, 36.421507]}, "properties": {"gww_id": 89080, "name": "Beaver Dam", "reservoir": "Beaver Lake", "country": "USA", "iso3": "USA", "capacity_mw": 112.0, "latest_month": "2026-05", "area_km2": 80.48, "area_anomaly": -0.005, "area_anomaly_3mo": -0.044, "precip_12mo_anomaly": -0.158, "pred_gen_anomaly": -0.248, "pred_gen_anomaly_lo": -0.867, "pred_gen_anomaly_hi": 0.275, "pred_gen_anomaly_3mo": -0.35, "has_generation_truth": true, "confidence": "carry-over storage (validated class)", "match_method": "hydrolakes_pour"}}, {"type": "Feature", "geometry": {"type": "Point", "coordinates": [74.5268, 15.2761]}, "properties": {"gww_id": 89034, "name": "KALINADI", "reservoir": null, "country": "India", "iso3": "IND", "capacity_mw": 955.0, "latest_month": "2026-05", "area_km2": 63.7, "area_anomaly": -0.157, "area_anomaly_3mo": -0.06, "precip_12mo_anomaly": 0.198, "pred_gen_anomaly": 0.157, "pred_gen_anomaly_lo": -0.334, "pred_gen_anomaly_hi": 0.717, "pred_gen_anomaly_3mo": 0.202, "has_generation_truth": false, "confidence": "carry-over storage (validated class)", "match_method": "hydrolakes_pour"}}, {"type": "Feature", "geometry": {"type": "Point", "coordinates": [146.5099, -42.3763]}, "properties": {"gww_id": 75653, "name": "Liapootah", "reservoir": null, "country": "Australia", "iso3": "AUS", "capacity_mw": 87.3, "latest_month": "2026-05", "area_km2": 2.2, "area_anomaly": 0.022, "area_anomaly_3mo": 0.015, "precip_12mo_anomaly": -0.048, "pred_gen_anomaly": -0.15, "pred_gen_anomaly_lo": -0.58, "pred_gen_anomaly_hi": 0.224, "pred_gen_anomaly_3mo": -0.059, "has_generation_truth": false, "confidence": "short residence time (weak area signal)", "match_method": "hydrolakes_pour"}}, {"type": "Feature", "geometry": {"type": "Point", "coordinates": [22.732917, 45.162083]}, "properties": {"gww_id": 75655, "name": "Cerna Principal", "reservoir": "Ivanu", "country": "Romania", "iso3": "ROU", "capacity_mw": 50.0, "latest_month": "2026-05", "area_km2": 2.35, "area_anomaly": 0.03, "area_anomaly_3mo": 0.049, "precip_12mo_anomaly": -0.033, "pred_gen_anomaly": -0.05, "pred_gen_anomaly_lo": -0.491, "pred_gen_anomaly_hi": 0.532, "pred_gen_anomaly_3mo": 0.105, "has_generation_truth": false, "confidence": "short residence time (weak area signal)", "match_method": "hydrolakes_pour"}}, {"type": "Feature", "geometry": {"type": "Point", "coordinates": [-8.19, 54.5]}, "properties": {"gww_id": 75639, "name": "Erne Scheme", "reservoir": null, "country": "Ireland", "iso3": "IRL", "capacity_mw": 65.0, "latest_month": "2026-05", "area_km2": 1.91, "area_anomaly": 0.042, "area_anomaly_3mo": 0.021, "precip_12mo_anomaly": 0.154, "pred_gen_anomaly": 0.094, "pred_gen_anomaly_lo": -0.328, "pred_gen_anomaly_hi": 0.469, "pred_gen_anomaly_3mo": 0.131, "has_generation_truth": false, "confidence": "short residence time (weak area signal)", "match_method": "hydrolakes_pour"}}, {"type": "Feature", "geometry": {"type": "Point", "coordinates": [124.1983, 8.1336]}, "properties": {"gww_id": 76057, "name": "AGUS 4", "reservoir": null, "country": "Philippines", "iso3": "PHL", "capacity_mw": 158.1, "latest_month": "2026-05", "area_km2": 2.03, "area_anomaly": 0.048, "area_anomaly_3mo": 0.004, "precip_12mo_anomaly": 0.12, "pred_gen_anomaly": -0.037, "pred_gen_anomaly_lo": -0.501, "pred_gen_anomaly_hi": 0.486, "pred_gen_anomaly_3mo": 0.065, "has_generation_truth": false, "confidence": "short residence time (weak area signal)", "match_method": "hydrolakes_pour"}}, {"type": "Feature", "geometry": {"type": "Point", "coordinates": [-91.511111, 44.828056]}, "properties": {"gww_id": 76208, "name": "Dells", "reservoir": null, "country": "USA", "iso3": "USA", "capacity_mw": 13.5, "latest_month": "2026-05", "area_km2": 2.22, "area_anomaly": 0.014, "area_anomaly_3mo": 0.084, "precip_12mo_anomaly": 0.145, "pred_gen_anomaly": 0.122, "pred_gen_anomaly_lo": -0.365, "pred_gen_anomaly_hi": 0.453, "pred_gen_anomaly_3mo": 0.103, "has_generation_truth": true, "confidence": "short residence time (weak area signal)", "match_method": "hydrolakes_pour"}}, {"type": "Feature", "geometry": {"type": "Point", "coordinates": [15.27548, 46.58659]}, "properties": {"gww_id": 76226, "name": "Vuhred HE Vuhred 1 - Vuhred Hydroelectric Poqwer Plant Slovenia", "reservoir": null, "country": "Slovenia", "iso3": "SVN", "capacity_mw": 72.3, "latest_month": "2026-05", "area_km2": 1.63, "area_anomaly": 0.003, "area_anomaly_3mo": -0.021, "precip_12mo_anomaly": -0.025, "pred_gen_anomaly": -0.112, "pred_gen_anomaly_lo": -0.409, "pred_gen_anomaly_hi": 0.204, "pred_gen_anomaly_3mo": 0.013, "has_generation_truth": false, "confidence": "short residence time (weak area signal)", "match_method": "hydrolakes_pour"}}, {"type": "Feature", "geometry": {"type": "Point", "coordinates": [150.5965, -33.8832]}, "properties": {"gww_id": 88875, "name": "Warragamba", "reservoir": "Burragorang", "country": "Australia", "iso3": "AUS", "capacity_mw": 50.0, "latest_month": "2026-05", "area_km2": 73.95, "area_anomaly": 0.121, "area_anomaly_3mo": 0.102, "precip_12mo_anomaly": -0.179, "pred_gen_anomaly": -0.016, "pred_gen_anomaly_lo": -0.714, "pred_gen_anomaly_hi": 0.755, "pred_gen_anomaly_3mo": -0.1, "has_generation_truth": false, "confidence": "carry-over storage (validated class)", "match_method": "hydrolakes_pour"}}, {"type": "Feature", "geometry": {"type": "Point", "coordinates": [18.573706, 66.976846]}, "properties": {"gww_id": 88862, "name": "Seitevare Seitevare G1 - Seitevare Hydroelectric Power Station Sweden", "reservoir": null, "country": "Sweden", "iso3": "SWE", "capacity_mw": 225.0, "latest_month": "2026-05", "area_km2": 65.57, "area_anomaly": -0.166, "area_anomaly_3mo": -0.055, "precip_12mo_anomaly": 0.236, "pred_gen_anomaly": 0.003, "pred_gen_anomaly_lo": -0.452, "pred_gen_anomaly_hi": 0.54, "pred_gen_anomaly_3mo": 0.164, "has_generation_truth": false, "confidence": "carry-over storage (validated class)", "match_method": "hydrolakes_pour"}}, {"type": "Feature", "geometry": {"type": "Point", "coordinates": [-4.673333, 56.889722]}, "properties": {"gww_id": 76252, "name": "Lochaber", "reservoir": null, "country": "United Kingdom", "iso3": "GBR", "capacity_mw": 65.0, "latest_month": "2026-05", "area_km2": 1.62, "area_anomaly": 0.327, "area_anomaly_3mo": 0.141, "precip_12mo_anomaly": 0.172, "pred_gen_anomaly": 0.293, "pred_gen_anomaly_lo": -0.499, "pred_gen_anomaly_hi": 0.709, "pred_gen_anomaly_3mo": 0.238, "has_generation_truth": false, "confidence": "short residence time (weak area signal)", "match_method": "hydrolakes_pour"}}, {"type": "Feature", "geometry": {"type": "Point", "coordinates": [170.4604, -44.0138]}, "properties": {"gww_id": 88861, "name": "Tekapo", "reservoir": "Tekapo", "country": "New Zealand", "iso3": "NZL", "capacity_mw": 179.0, "latest_month": "2026-05", "area_km2": 96.73, "area_anomaly": 0.058, "area_anomaly_3mo": 0.029, "precip_12mo_anomaly": 0.01, "pred_gen_anomaly": 0.043, "pred_gen_anomaly_lo": -0.344, "pred_gen_anomaly_hi": 0.424, "pred_gen_anomaly_3mo": 0.011, "has_generation_truth": false, "confidence": "carry-over storage (validated class)", "match_method": "hydrolakes_pour"}}, {"type": "Feature", "geometry": {"type": "Point", "coordinates": [-78.034628, 40.540042]}, "properties": {"gww_id": 65047, "name": "Warrior Ridge Hydro", "reservoir": null, "country": "USA", "iso3": "USA", "capacity_mw": 2.8, "latest_month": "2026-05", "area_km2": 0.46, "area_anomaly": -0.003, "area_anomaly_3mo": -0.015, "precip_12mo_anomaly": -0.082, "pred_gen_anomaly": -0.162, "pred_gen_anomaly_lo": -0.877, "pred_gen_anomaly_hi": 0.425, "pred_gen_anomaly_3mo": -0.095, "has_generation_truth": true, "confidence": "unknown residence time", "match_method": "gww_polygon"}}, {"type": "Feature", "geometry": {"type": "Point", "coordinates": [-95.2269, 35.8693]}, "properties": {"gww_id": 88892, "name": "Fort Gibson", "reservoir": "Fort Gibson Lake", "country": "USA", "iso3": "USA", "capacity_mw": 44.8, "latest_month": "2026-05", "area_km2": 71.16, "area_anomaly": -0.048, "area_anomaly_3mo": 0.008, "precip_12mo_anomaly": -0.038, "pred_gen_anomaly": -0.008, "pred_gen_anomaly_lo": -0.504, "pred_gen_anomaly_hi": 0.571, "pred_gen_anomaly_3mo": -0.103, "has_generation_truth": true, "confidence": "short residence time (weak area signal)", "match_method": "hydrolakes_pour"}}, {"type": "Feature", "geometry": {"type": "Point", "coordinates": [-97.3667, 31.8694]}, "properties": {"gww_id": 88860, "name": "Whitney", "reservoir": "Lake Whitney", "country": "USA", "iso3": "USA", "capacity_mw": 41.8, "latest_month": "2026-05", "area_km2": 82.75, "area_anomaly": 0.024, "area_anomaly_3mo": 0.049, "precip_12mo_anomaly": 0.063, "pred_gen_anomaly": 0.142, "pred_gen_anomaly_lo": -0.608, "pred_gen_anomaly_hi": 0.932, "pred_gen_anomaly_3mo": 0.092, "has_generation_truth": true, "confidence": "carry-over storage (validated class)", "match_method": "hydrolakes_pour"}}, {"type": "Feature", "geometry": {"type": "Point", "coordinates": [107.633, 27.3744]}, "properties": {"gww_id": 88856, "name": "Gou Pi Tan", "reservoir": "\u6784\u76ae\u6ee9\u6c34\u5e93", "country": "China", "iso3": "CHN", "capacity_mw": 3000.0, "latest_month": "2026-05", "area_km2": 58.45, "area_anomaly": -0.018, "area_anomaly_3mo": -0.029, "precip_12mo_anomaly": 0.24, "pred_gen_anomaly": 0.142, "pred_gen_anomaly_lo": -0.275, "pred_gen_anomaly_hi": 0.525, "pred_gen_anomaly_3mo": 0.126, "has_generation_truth": false, "confidence": "unknown residence time", "match_method": "gww_polygon"}}, {"type": "Feature", "geometry": {"type": "Point", "coordinates": [-86.337547, 33.425878]}, "properties": {"gww_id": 88848, "name": "Logan Martin Dam", "reservoir": "Logan Martin Lake", "country": "USA", "iso3": "USA", "capacity_mw": 128.1, "latest_month": "2026-05", "area_km2": 55.96, "area_anomaly": -0.043, "area_anomaly_3mo": 0.007, "precip_12mo_anomaly": -0.137, "pred_gen_anomaly": -0.312, "pred_gen_anomaly_lo": -0.662, "pred_gen_anomaly_hi": 0.154, "pred_gen_anomaly_3mo": -0.3, "has_generation_truth": true, "confidence": "short residence time (weak area signal)", "match_method": "hydrolakes_pour"}}, {"type": "Feature", "geometry": {"type": "Point", "coordinates": [-86.3289, 41.9439]}, "properties": {"gww_id": 76375, "name": "Berrien Springs", "reservoir": null, "country": "USA", "iso3": "USA", "capacity_mw": 7.2, "latest_month": "2026-05", "area_km2": 2.17, "area_anomaly": 0.023, "area_anomaly_3mo": 0.005, "precip_12mo_anomaly": -0.004, "pred_gen_anomaly": 0.037, "pred_gen_anomaly_lo": -0.55, "pred_gen_anomaly_hi": 0.533, "pred_gen_anomaly_3mo": 0.012, "has_generation_truth": true, "confidence": "short residence time (weak area signal)", "match_method": "hydrolakes_pour"}}, {"type": "Feature", "geometry": {"type": "Point", "coordinates": [-131.633425, 55.344641]}, "properties": {"gww_id": 76298, "name": "Ketchikan", "reservoir": null, "country": "USA", "iso3": "USA", "capacity_mw": 4.2, "latest_month": "2026-05", "area_km2": 2.58, "area_anomaly": 0.035, "area_anomaly_3mo": -0.007, "precip_12mo_anomaly": 0.469, "pred_gen_anomaly": 0.321, "pred_gen_anomaly_lo": -0.145, "pred_gen_anomaly_hi": 0.754, "pred_gen_anomaly_3mo": 0.37, "has_generation_truth": true, "confidence": "short residence time (weak area signal)", "match_method": "hydrolakes_pour"}}, {"type": "Feature", "geometry": {"type": "Point", "coordinates": [111.8743, 1.1472]}, "properties": {"gww_id": 88902, "name": "Batang Al", "reservoir": null, "country": "Malaysia", "iso3": "MYS", "capacity_mw": 103.0, "latest_month": "2026-05", "area_km2": 62.78, "area_anomaly": -0.116, "area_anomaly_3mo": -0.124, "precip_12mo_anomaly": 0.064, "pred_gen_anomaly": -0.353, "pred_gen_anomaly_lo": -0.97, "pred_gen_anomaly_hi": 0.447, "pred_gen_anomaly_3mo": -0.184, "has_generation_truth": false, "confidence": "carry-over storage (validated class)", "match_method": "hydrolakes_pour"}}, {"type": "Feature", "geometry": {"type": "Point", "coordinates": [-120.21811, 38.497914]}, "properties": {"gww_id": 76182, "name": "Salt Springs", "reservoir": null, "country": "USA", "iso3": "USA", "capacity_mw": 42.0, "latest_month": "2026-05", "area_km2": 2.76, "area_anomaly": 0.082, "area_anomaly_3mo": 0.165, "precip_12mo_anomaly": -0.049, "pred_gen_anomaly": 0.024, "pred_gen_anomaly_lo": -0.511, "pred_gen_anomaly_hi": 0.545, "pred_gen_anomaly_3mo": 0.082, "has_generation_truth": true, "confidence": "short residence time (weak area signal)", "match_method": "hydrolakes_pour"}}, {"type": "Feature", "geometry": {"type": "Point", "coordinates": [-114.01443, 48.341521]}, "properties": {"gww_id": 88924, "name": "Hungry Horse", "reservoir": "Hungry Horse", "country": "USA", "iso3": "USA", "capacity_mw": 428.0, "latest_month": "2026-05", "area_km2": 88.43, "area_anomaly": 0.047, "area_anomaly_3mo": 0.013, "precip_12mo_anomaly": -0.039, "pred_gen_anomaly": 0.015, "pred_gen_anomaly_lo": -0.366, "pred_gen_anomaly_hi": 0.445, "pred_gen_anomaly_3mo": 0.029, "has_generation_truth": true, "confidence": "carry-over storage (validated class)", "match_method": "hydrolakes_pour"}}, {"type": "Feature", "geometry": {"type": "Point", "coordinates": [-120.644807, 39.324613]}, "properties": {"gww_id": 76096, "name": "Spaulding 1", "reservoir": "Spaulding Main", "country": "USA", "iso3": "USA", "capacity_mw": 17.3, "latest_month": "2026-05", "area_km2": 2.6, "area_anomaly": 0.076, "area_anomaly_3mo": 0.106, "precip_12mo_anomaly": -0.009, "pred_gen_anomaly": -0.037, "pred_gen_anomaly_lo": -0.54, "pred_gen_anomaly_hi": 0.56, "pred_gen_anomaly_3mo": -0.003, "has_generation_truth": true, "confidence": "short residence time (weak area signal)", "match_method": "hydrolakes_pour"}}, {"type": "Feature", "geometry": {"type": "Point", "coordinates": [96.93305556, 17.96805556]}, "properties": {"gww_id": 88922, "name": "Shwegyin", "reservoir": "Shwegyin Reservoir", "country": "Myanmar", "iso3": "MMR", "capacity_mw": 75.2, "latest_month": "2026-05", "area_km2": 67.05, "area_anomaly": -0.1, "area_anomaly_3mo": -0.081, "precip_12mo_anomaly": 0.297, "pred_gen_anomaly": 0.193, "pred_gen_anomaly_lo": -0.504, "pred_gen_anomaly_hi": 0.868, "pred_gen_anomaly_3mo": 0.167, "has_generation_truth": false, "confidence": "unknown residence time", "match_method": "gww_polygon"}}, {"type": "Feature", "geometry": {"type": "Point", "coordinates": [16.668725, 68.060656]}, "properties": {"gww_id": 70104, "name": "S\u00c3\u00b8rfjord I", "reservoir": null, "country": "Norway", "iso3": "NOR", "capacity_mw": 75.0, "latest_month": "2026-05", "area_km2": 1.37, "area_anomaly": -0.073, "area_anomaly_3mo": 0.015, "precip_12mo_anomaly": 0.032, "pred_gen_anomaly": 0.001, "pred_gen_anomaly_lo": -0.385, "pred_gen_anomaly_hi": 0.56, "pred_gen_anomaly_3mo": 0.041, "has_generation_truth": false, "confidence": "short residence time (weak area signal)", "match_method": "hydrolakes_pour"}}, {"type": "Feature", "geometry": {"type": "Point", "coordinates": [-121.119479, 39.580413]}, "properties": {"gww_id": 76099, "name": "Sly Creek", "reservoir": null, "country": "USA", "iso3": "USA", "capacity_mw": 12.1, "latest_month": "2026-05", "area_km2": 2.16, "area_anomaly": -0.013, "area_anomaly_3mo": 0.012, "precip_12mo_anomaly": -0.009, "pred_gen_anomaly": -0.083, "pred_gen_anomaly_lo": -0.569, "pred_gen_anomaly_hi": 0.295, "pred_gen_anomaly_3mo": -0.02, "has_generation_truth": true, "confidence": "short residence time (weak area signal)", "match_method": "hydrolakes_pour"}}, {"type": "Feature", "geometry": {"type": "Point", "coordinates": [-120.076983, 38.202569]}, "properties": {"gww_id": 76104, "name": "Beardsley", "reservoir": null, "country": "USA", "iso3": "USA", "capacity_mw": 10.0, "latest_month": "2026-05", "area_km2": 2.66, "area_anomaly": 0.164, "area_anomaly_3mo": 0.118, "precip_12mo_anomaly": -0.047, "pred_gen_anomaly": -0.037, "pred_gen_anomaly_lo": -0.611, "pred_gen_anomaly_hi": 0.53, "pred_gen_anomaly_3mo": -0.019, "has_generation_truth": true, "confidence": "short residence time (weak area signal)", "match_method": "hydrolakes_pour"}}, {"type": "Feature", "geometry": {"type": "Point", "coordinates": [-87.8011, 45.5136]}, "properties": {"gww_id": 76123, "name": "Chalk Hill", "reservoir": "Round Island", "country": "USA", "iso3": "USA", "capacity_mw": 19.0, "latest_month": "2026-05", "area_km2": 1.7, "area_anomaly": 0.009, "area_anomaly_3mo": 0.143, "precip_12mo_anomaly": 0.188, "pred_gen_anomaly": 0.192, "pred_gen_anomaly_lo": -0.311, "pred_gen_anomaly_hi": 0.634, "pred_gen_anomaly_3mo": 0.086, "has_generation_truth": true, "confidence": "unknown residence time", "match_method": "gww_polygon"}}, {"type": "Feature", "geometry": {"type": "Point", "coordinates": [13.64173, 64.695063]}, "properties": {"gww_id": 88912, "name": "Tunnsj\u00c3\u00b8", "reservoir": "Tunnssjoon", "country": "Norway", "iso3": "NOR", "capacity_mw": 30.4, "latest_month": "2026-05", "area_km2": 97.45, "area_anomaly": -0.021, "area_anomaly_3mo": 0.029, "precip_12mo_anomaly": -0.105, "pred_gen_anomaly": -0.049, "pred_gen_anomaly_lo": -0.413, "pred_gen_anomaly_hi": 0.403, "pred_gen_anomaly_3mo": -0.106, "has_generation_truth": false, "confidence": "unknown residence time", "match_method": "gww_polygon"}}, {"type": "Feature", "geometry": {"type": "Point", "coordinates": [124.97, 40.46]}, "properties": {"gww_id": 90172, "name": "Shuifeng (Sup'ung)", "reservoir": null, "country": "China", "iso3": "CHN", "capacity_mw": 765.0, "latest_month": "2026-05", "area_km2": 185.67, "area_anomaly": 0.006, "area_anomaly_3mo": 0.066, "precip_12mo_anomaly": 0.215, "pred_gen_anomaly": 0.111, "pred_gen_anomaly_lo": -0.272, "pred_gen_anomaly_hi": 0.553, "pred_gen_anomaly_3mo": 0.225, "has_generation_truth": false, "confidence": "carry-over storage (validated class)", "match_method": "hydrolakes_pour"}}, {"type": "Feature", "geometry": {"type": "Point", "coordinates": [-83.9806, 35.4923]}, "properties": {"gww_id": 76126, "name": "Calderwood", "reservoir": null, "country": "USA", "iso3": "USA", "capacity_mw": 156.6, "latest_month": "2026-05", "area_km2": 1.67, "area_anomaly": 0.014, "area_anomaly_3mo": 0.009, "precip_12mo_anomaly": -0.092, "pred_gen_anomaly": -0.112, "pred_gen_anomaly_lo": -0.497, "pred_gen_anomaly_hi": 0.261, "pred_gen_anomaly_3mo": -0.176, "has_generation_truth": true, "confidence": "short residence time (weak area signal)", "match_method": "hydrolakes_pour"}}, {"type": "Feature", "geometry": {"type": "Point", "coordinates": [-131.517758, 55.381402]}, "properties": {"gww_id": 66125, "name": "Silvis", "reservoir": null, "country": "USA", "iso3": "USA", "capacity_mw": 2.1, "latest_month": "2026-05", "area_km2": 0.97, "area_anomaly": -0.104, "area_anomaly_3mo": -0.064, "precip_12mo_anomaly": 0.469, "pred_gen_anomaly": 0.186, "pred_gen_anomaly_lo": -0.406, "pred_gen_anomaly_hi": 0.714, "pred_gen_anomaly_3mo": 0.275, "has_generation_truth": true, "confidence": "short residence time (weak area signal)", "match_method": "hydrolakes_pour"}}, {"type": "Feature", "geometry": {"type": "Point", "coordinates": [137.3913, 35.2404]}, "properties": {"gww_id": 75603, "name": "Yahagi No.1", "reservoir": "Okuyahagiko", "country": "Japan", "iso3": "JPN", "capacity_mw": 61.0, "latest_month": "2026-05", "area_km2": 1.85, "area_anomaly": 0.045, "area_anomaly_3mo": -0.085, "precip_12mo_anomaly": 0.456, "pred_gen_anomaly": 0.458, "pred_gen_anomaly_lo": -0.319, "pred_gen_anomaly_hi": 1.251, "pred_gen_anomaly_3mo": 0.389, "has_generation_truth": false, "confidence": "short residence time (weak area signal)", "match_method": "hydrolakes_pour"}}, {"type": "Feature", "geometry": {"type": "Point", "coordinates": [-8.2197, 39.854]}, "properties": {"gww_id": 75595, "name": "Bouca Bouca - Bouca Hydroelectric Power Plant Portugal", "reservoir": null, "country": "Portugal", "iso3": "PRT", "capacity_mw": 44.0, "latest_month": "2026-05", "area_km2": 1.61, "area_anomaly": 0.025, "area_anomaly_3mo": -0.004, "precip_12mo_anomaly": 0.167, "pred_gen_anomaly": 0.039, "pred_gen_anomaly_lo": -0.462, "pred_gen_anomaly_hi": 0.608, "pred_gen_anomaly_3mo": 0.279, "has_generation_truth": false, "confidence": "short residence time (weak area signal)", "match_method": "hydrolakes_pour"}}, {"type": "Feature", "geometry": {"type": "Point", "coordinates": [-94.9744, 50.2625]}, "properties": {"gww_id": 90087, "name": "Caribou Falls", "reservoir": "Umfreville", "country": "Canada", "iso3": "CAN", "capacity_mw": 166.0, "latest_month": "2026-05", "area_km2": 211.62, "area_anomaly": -0.005, "area_anomaly_3mo": 0.124, "precip_12mo_anomaly": 0.065, "pred_gen_anomaly": 0.048, "pred_gen_anomaly_lo": -0.318, "pred_gen_anomaly_hi": 0.399, "pred_gen_anomaly_3mo": 0.093, "has_generation_truth": false, "confidence": "short residence time (weak area signal)", "match_method": "gww_polygon"}}, {"type": "Feature", "geometry": {"type": "Point", "coordinates": [14.995905, 62.106128]}, "properties": {"gww_id": 74996, "name": "Langstr\u00c3\u00b6mmen", "reservoir": null, "country": "Sweden", "iso3": "SWE", "capacity_mw": 40.0, "latest_month": "2026-05", "area_km2": 1.78, "area_anomaly": 0.037, "area_anomaly_3mo": 0.066, "precip_12mo_anomaly": 0.02, "pred_gen_anomaly": -0.084, "pred_gen_anomaly_lo": -0.522, "pred_gen_anomaly_hi": 0.473, "pred_gen_anomaly_3mo": -0.031, "has_generation_truth": false, "confidence": "short residence time (weak area signal)", "match_method": "hydrolakes_pour"}}, {"type": "Feature", "geometry": {"type": "Point", "coordinates": [-96.0177, 50.1204]}, "properties": {"gww_id": 89255, "name": "Seven Sisters", "reservoir": "Lac du Bonnet Reservoir", "country": "Canada", "iso3": "CAN", "capacity_mw": 165.0, "latest_month": "2026-05", "area_km2": 116.4, "area_anomaly": -0.002, "area_anomaly_3mo": -0.015, "precip_12mo_anomaly": 0.092, "pred_gen_anomaly": 0.06, "pred_gen_anomaly_lo": -0.244, "pred_gen_anomaly_hi": 0.401, "pred_gen_anomaly_3mo": 0.088, "has_generation_truth": false, "confidence": "short residence time (weak area signal)", "match_method": "hydrolakes_pour"}}, {"type": "Feature", "geometry": {"type": "Point", "coordinates": [-70.0362, 8.8899]}, "properties": {"gww_id": 89253, "name": "Juan Antonio Rodriguez (Pena Larga)", "reservoir": null, "country": "Venezuela", "iso3": "VEN", "capacity_mw": 80.0, "latest_month": "2026-05", "area_km2": 89.79, "area_anomaly": -0.065, "area_anomaly_3mo": -0.026, "precip_12mo_anomaly": 0.007, "pred_gen_anomaly": -0.048, "pred_gen_anomaly_lo": -0.643, "pred_gen_anomaly_hi": 0.543, "pred_gen_anomaly_3mo": -0.051, "has_generation_truth": false, "confidence": "carry-over storage (validated class)", "match_method": "hydrolakes_pour"}}, {"type": "Feature", "geometry": {"type": "Point", "coordinates": [-98.040734, 29.593951]}, "properties": {"gww_id": 70897, "name": "Abbott TP 3", "reservoir": null, "country": "USA", "iso3": "USA", "capacity_mw": 2.8, "latest_month": "2026-05", "area_km2": 0.96, "area_anomaly": 0.113, "area_anomaly_3mo": -0.426, "precip_12mo_anomaly": 0.073, "pred_gen_anomaly": -0.346, "pred_gen_anomaly_lo": -0.994, "pred_gen_anomaly_hi": 0.534, "pred_gen_anomaly_3mo": -0.616, "has_generation_truth": true, "confidence": "unknown residence time", "match_method": "gww_polygon"}}, {"type": "Feature", "geometry": {"type": "Point", "coordinates": [15.87126503, -13.4504317]}, "properties": {"gww_id": 89251, "name": "Gove ", "reservoir": "Gove", "country": "Angola", "iso3": "AGO", "capacity_mw": 320.0, "latest_month": "2026-05", "area_km2": 116.61, "area_anomaly": 0.123, "area_anomaly_3mo": 0.036, "precip_12mo_anomaly": -0.019, "pred_gen_anomaly": -0.108, "pred_gen_anomaly_lo": -0.54, "pred_gen_anomaly_hi": 0.845, "pred_gen_anomaly_3mo": 0.01, "has_generation_truth": false, "confidence": "carry-over storage (validated class)", "match_method": "hydrolakes_pour"}}, {"type": "Feature", "geometry": {"type": "Point", "coordinates": [147.0326, -36.1066]}, "properties": {"gww_id": 89249, "name": "Hume", "reservoir": "Hume", "country": "Australia", "iso3": "AUS", "capacity_mw": 70.0, "latest_month": "2026-05", "area_km2": 89.24, "area_anomaly": -0.104, "area_anomaly_3mo": -0.127, "precip_12mo_anomaly": -0.135, "pred_gen_anomaly": -0.405, "pred_gen_anomaly_lo": -0.755, "pred_gen_anomaly_hi": 0.034, "pred_gen_anomaly_3mo": -0.349, "has_generation_truth": false, "confidence": "carry-over storage (validated class)", "match_method": "hydrolakes_pour"}}, {"type": "Feature", "geometry": {"type": "Point", "coordinates": [-71.3472, -16.2457]}, "properties": {"gww_id": 75126, "name": "Charcani V", "reservoir": null, "country": "Peru", "iso3": "PER", "capacity_mw": 145.0, "latest_month": "2026-05", "area_km2": 1.88, "area_anomaly": 0.124, "area_anomaly_3mo": 0.063, "precip_12mo_anomaly": -0.055, "pred_gen_anomaly": 0.038, "pred_gen_anomaly_lo": -0.543, "pred_gen_anomaly_hi": 0.761, "pred_gen_anomaly_3mo": 0.063, "has_generation_truth": false, "confidence": "short residence time (weak area signal)", "match_method": "hydrolakes_pour"}}, {"type": "Feature", "geometry": {"type": "Point", "coordinates": [76.4328, 31.4107]}, "properties": {"gww_id": 89238, "name": "BHAKRA", "reservoir": "Govind", "country": "India", "iso3": "IND", "capacity_mw": 1379.0, "latest_month": "2026-05", "area_km2": 95.41, "area_anomaly": 0.107, "area_anomaly_3mo": 0.126, "precip_12mo_anomaly": 0.211, "pred_gen_anomaly": 0.176, "pred_gen_anomaly_lo": -0.178, "pred_gen_anomaly_hi": 0.795, "pred_gen_anomaly_3mo": 0.136, "has_generation_truth": false, "confidence": "carry-over storage (validated class)", "match_method": "hydrolakes_pour"}}, {"type": "Feature", "geometry": {"type": "Point", "coordinates": [-96.5692, 33.8181]}, "properties": {"gww_id": 90119, "name": "Denison", "reservoir": "Lake Texoma", "country": "USA", "iso3": "USA", "capacity_mw": 104.3, "latest_month": "2026-05", "area_km2": 277.3, "area_anomaly": 0.018, "area_anomaly_3mo": 0.018, "precip_12mo_anomaly": 0.047, "pred_gen_anomaly": 0.04, "pred_gen_anomaly_lo": -0.538, "pred_gen_anomaly_hi": 0.72, "pred_gen_anomaly_3mo": 0.014, "has_generation_truth": true, "confidence": "carry-over storage (validated class)", "match_method": "hydrolakes_pour"}}, {"type": "Feature", "geometry": {"type": "Point", "coordinates": [1.435, 7.424]}, "properties": {"gww_id": 89274, "name": "Nangbeto", "reservoir": null, "country": "Togo", "iso3": "TGO", "capacity_mw": 65.6, "latest_month": "2026-05", "area_km2": 48.15, "area_anomaly": -0.25, "area_anomaly_3mo": -0.392, "precip_12mo_anomaly": -0.008, "pred_gen_anomaly": -0.469, "pred_gen_anomaly_lo": -0.848, "pred_gen_anomaly_hi": 0.214, "pred_gen_anomaly_3mo": -0.529, "has_generation_truth": false, "confidence": "carry-over storage (validated class)", "match_method": "hydrolakes_pour"}}, {"type": "Feature", "geometry": {"type": "Point", "coordinates": [-118.1939, 51.0486]}, "properties": {"gww_id": 89275, "name": "Revelstoke", "reservoir": "Revelstoke", "country": "Canada", "iso3": "CAN", "capacity_mw": 2480.0, "latest_month": "2026-05", "area_km2": 113.83, "area_anomaly": 0.0, "area_anomaly_3mo": 0.043, "precip_12mo_anomaly": 0.123, "pred_gen_anomaly": 0.112, "pred_gen_anomaly_lo": -0.21, "pred_gen_anomaly_hi": 0.506, "pred_gen_anomaly_3mo": 0.195, "has_generation_truth": false, "confidence": "short residence time (weak area signal)", "match_method": "hydrolakes_pour"}}, {"type": "Feature", "geometry": {"type": "Point", "coordinates": [-122.422274, 40.717455]}, "properties": {"gww_id": 89304, "name": "Shasta", "reservoir": "Shasta Lake", "country": "USA", "iso3": "USA", "capacity_mw": 714.0, "latest_month": "2026-05", "area_km2": 102.74, "area_anomaly": 0.06, "area_anomaly_3mo": 0.086, "precip_12mo_anomaly": -0.087, "pred_gen_anomaly": -0.11, "pred_gen_anomaly_lo": -0.377, "pred_gen_anomaly_hi": 0.243, "pred_gen_anomaly_3mo": -0.013, "has_generation_truth": true, "confidence": "carry-over storage (validated class)", "match_method": "hydrolakes_pour"}}, {"type": "Feature", "geometry": {"type": "Point", "coordinates": [-70.5583, 43.5708]}, "properties": {"gww_id": 74746, "name": "Skelton", "reservoir": null, "country": "USA", "iso3": "USA", "capacity_mw": 16.8, "latest_month": "2026-05", "area_km2": 1.56, "area_anomaly": -0.008, "area_anomaly_3mo": 0.056, "precip_12mo_anomaly": -0.128, "pred_gen_anomaly": 0.001, "pred_gen_anomaly_lo": -0.376, "pred_gen_anomaly_hi": 0.373, "pred_gen_anomaly_3mo": -0.026, "has_generation_truth": true, "confidence": "short residence time (weak area signal)", "match_method": "hydrolakes_pour"}}, {"type": "Feature", "geometry": {"type": "Point", "coordinates": [-71.94889, 43.11055]}, "properties": {"gww_id": 74765, "name": "Jackman", "reservoir": "Jackman Reservoir", "country": "USA", "iso3": "USA", "capacity_mw": 3.2, "latest_month": "2026-05", "area_km2": 1.86, "area_anomaly": 0.037, "area_anomaly_3mo": 0.095, "precip_12mo_anomaly": -0.128, "pred_gen_anomaly": 0.015, "pred_gen_anomaly_lo": -0.607, "pred_gen_anomaly_hi": 0.575, "pred_gen_anomaly_3mo": 0.017, "has_generation_truth": true, "confidence": "short residence time (weak area signal)", "match_method": "hydrolakes_pour"}}, {"type": "Feature", "geometry": {"type": "Point", "coordinates": [106.4557, 23.927]}, "properties": {"gww_id": 89294, "name": "Baise", "reservoir": "\u767e\u8272\u6c34\u5229\u67a2\u7ebd\u6c34\u5e93", "country": "China", "iso3": "CHN", "capacity_mw": 540.0, "latest_month": "2026-05", "area_km2": 79.57, "area_anomaly": 0.207, "area_anomaly_3mo": 0.148, "precip_12mo_anomaly": 0.275, "pred_gen_anomaly": 0.138, "pred_gen_anomaly_lo": -0.298, "pred_gen_anomaly_hi": 0.731, "pred_gen_anomaly_3mo": 0.148, "has_generation_truth": false, "confidence": "unknown residence time", "match_method": "gww_polygon"}}, {"type": "Feature", "geometry": {"type": "Point", "coordinates": [-73.8853, 43.2978]}, "properties": {"gww_id": 74808, "name": "Stewarts Bridge", "reservoir": null, "country": "USA", "iso3": "USA", "capacity_mw": 38.5, "latest_month": "2026-05", "area_km2": 1.78, "area_anomaly": 0.012, "area_anomaly_3mo": 0.041, "precip_12mo_anomaly": -0.092, "pred_gen_anomaly": 0.009, "pred_gen_anomaly_lo": -0.419, "pred_gen_anomaly_hi": 0.362, "pred_gen_anomaly_3mo": 0.01, "has_generation_truth": true, "confidence": "short residence time (weak area signal)", "match_method": "hydrolakes_pour"}}, {"type": "Feature", "geometry": {"type": "Point", "coordinates": [-71.24742, 44.632842]}, "properties": {"gww_id": 74830, "name": "Pontook Hydro Facility", "reservoir": null, "country": "USA", "iso3": "USA", "capacity_mw": 10.5, "latest_month": "2026-05", "area_km2": 1.43, "area_anomaly": 0.042, "area_anomaly_3mo": 0.152, "precip_12mo_anomaly": -0.116, "pred_gen_anomaly": 0.009, "pred_gen_anomaly_lo": -0.43, "pred_gen_anomaly_hi": 0.471, "pred_gen_anomaly_3mo": -0.03, "has_generation_truth": true, "confidence": "short residence time (weak area signal)", "match_method": "gww_polygon"}}, {"type": "Feature", "geometry": {"type": "Point", "coordinates": [-85.1887, 32.918674]}, "properties": {"gww_id": 89285, "name": "West Point (GA)", "reservoir": "West Point Lake", "country": "USA", "iso3": "USA", "capacity_mw": 73.3, "latest_month": "2026-05", "area_km2": 87.81, "area_anomaly": 0.022, "area_anomaly_3mo": 0.012, "precip_12mo_anomaly": -0.127, "pred_gen_anomaly": -0.288, "pred_gen_anomaly_lo": -0.668, "pred_gen_anomaly_hi": 0.218, "pred_gen_anomaly_3mo": -0.326, "has_generation_truth": true, "confidence": "short residence time (weak area signal)", "match_method": "hydrolakes_pour"}}, {"type": "Feature", "geometry": {"type": "Point", "coordinates": [103.65, 28.26]}, "properties": {"gww_id": 89283, "name": "Xiluodu", "reservoir": "\u6eaa\u6d1b\u6e21\u5927\u5e93", "country": "China", "iso3": "CHN", "capacity_mw": 12780.0, "latest_month": "2026-05", "area_km2": 93.66, "area_anomaly": 0.168, "area_anomaly_3mo": 0.168, "precip_12mo_anomaly": 0.02, "pred_gen_anomaly": 0.252, "pred_gen_anomaly_lo": -0.209, "pred_gen_anomaly_hi": 0.8, "pred_gen_anomaly_3mo": 0.332, "has_generation_truth": false, "confidence": "unknown residence time", "match_method": "gww_polygon"}}, {"type": "Feature", "geometry": {"type": "Point", "coordinates": [100.4287, 22.6409]}, "properties": {"gww_id": 90084, "name": "Nuozhadu", "reservoir": "\u7cef\u624e\u6e21\u6c34\u5e93", "country": "China", "iso3": "CHN", "capacity_mw": 5850.0, "latest_month": "2026-05", "area_km2": 191.09, "area_anomaly": 0.196, "area_anomaly_3mo": 0.227, "precip_12mo_anomaly": 0.112, "pred_gen_anomaly": 0.231, "pred_gen_anomaly_lo": -0.223, "pred_gen_anomaly_hi": 0.675, "pred_gen_anomaly_3mo": 0.148, "has_generation_truth": false, "confidence": "unknown residence time", "match_method": "gww_polygon"}}, {"type": "Feature", "geometry": {"type": "Point", "coordinates": [-93.7691, 37.6936]}, "properties": {"gww_id": 89276, "name": "Stockton Hydro", "reservoir": "Stockton Lake", "country": "USA", "iso3": "USA", "capacity_mw": 52.0, "latest_month": "2026-05", "area_km2": 101.84, "area_anomaly": 0.014, "area_anomaly_3mo": -0.021, "precip_12mo_anomaly": -0.047, "pred_gen_anomaly": 0.079, "pred_gen_anomaly_lo": -0.604, "pred_gen_anomaly_hi": 0.804, "pred_gen_anomaly_3mo": -0.115, "has_generation_truth": true, "confidence": "carry-over storage (validated class)", "match_method": "hydrolakes_pour"}}, {"type": "Feature", "geometry": {"type": "Point", "coordinates": [107.51, 24.05]}, "properties": {"gww_id": 89217, "name": "Yantan", "reservoir": null, "country": "China", "iso3": "CHN", "capacity_mw": 1210.0, "latest_month": "2026-05", "area_km2": 73.08, "area_anomaly": -0.021, "area_anomaly_3mo": -0.018, "precip_12mo_anomaly": 0.27, "pred_gen_anomaly": 0.143, "pred_gen_anomaly_lo": -0.271, "pred_gen_anomaly_hi": 0.567, "pred_gen_anomaly_3mo": 0.181, "has_generation_truth": false, "confidence": "short residence time (weak area signal)", "match_method": "hydrolakes_pour"}}, {"type": "Feature", "geometry": {"type": "Point", "coordinates": [7.967539, 58.300155]}, "properties": {"gww_id": 74710, "name": "Steinsfoss", "reservoir": null, "country": "Norway", "iso3": "NOR", "capacity_mw": 110.0, "latest_month": "2026-05", "area_km2": 1.41, "area_anomaly": -0.036, "area_anomaly_3mo": 0.064, "precip_12mo_anomaly": 0.021, "pred_gen_anomaly": 0.059, "pred_gen_anomaly_lo": -0.264, "pred_gen_anomaly_hi": 0.339, "pred_gen_anomaly_3mo": 0.014, "has_generation_truth": false, "confidence": "unknown residence time", "match_method": "gww_polygon"}}, {"type": "Feature", "geometry": {"type": "Point", "coordinates": [-107.191973, 33.153358]}, "properties": {"gww_id": 89216, "name": "Elephant Butte", "reservoir": "Elephant Butte Reservoir", "country": "USA", "iso3": "USA", "capacity_mw": 27.9, "latest_month": "2026-05", "area_km2": 33.5, "area_anomaly": -0.373, "area_anomaly_3mo": -0.349, "precip_12mo_anomaly": 0.064, "pred_gen_anomaly": -0.403, "pred_gen_anomaly_lo": -0.974, "pred_gen_anomaly_hi": 0.112, "pred_gen_anomaly_3mo": -0.401, "has_generation_truth": true, "confidence": "carry-over storage (validated class)", "match_method": "hydrolakes_pour"}}, {"type": "Feature", "geometry": {"type": "Point", "coordinates": [22.532, 44.673]}, "properties": {"gww_id": 89182, "name": "HPP Portile de Fier I", "reservoir": null, "country": "Romania", "iso3": "ROU", "capacity_mw": 2464.8, "latest_month": "2026-05", "area_km2": 105.26, "area_anomaly": -0.012, "area_anomaly_3mo": -0.016, "precip_12mo_anomaly": -0.051, "pred_gen_anomaly": -0.109, "pred_gen_anomaly_lo": -0.258, "pred_gen_anomaly_hi": 0.032, "pred_gen_anomaly_3mo": 0.02, "has_generation_truth": false, "confidence": "short residence time (weak area signal)", "match_method": "gww_polygon"}}, {"type": "Feature", "geometry": {"type": "Point", "coordinates": [125.3975, 41.2897]}, "properties": {"gww_id": 89167, "name": "Huanren", "reservoir": null, "country": "China", "iso3": "CHN", "capacity_mw": 223.0, "latest_month": "2026-05", "area_km2": 72.69, "area_anomaly": -0.117, "area_anomaly_3mo": -0.031, "precip_12mo_anomaly": 0.252, "pred_gen_anomaly": 0.039, "pred_gen_anomaly_lo": -0.399, "pred_gen_anomaly_hi": 0.542, "pred_gen_anomaly_3mo": 0.128, "has_generation_truth": false, "confidence": "carry-over storage (validated class)", "match_method": "hydrolakes_pour"}}, {"type": "Feature", "geometry": {"type": "Point", "coordinates": [176.8162, -38.1141]}, "properties": {"gww_id": 75413, "name": "Matahina", "reservoir": null, "country": "New Zealand", "iso3": "NZL", "capacity_mw": 60.0, "latest_month": "2026-05", "area_km2": 2.34, "area_anomaly": 0.0, "area_anomaly_3mo": -0.048, "precip_12mo_anomaly": -0.016, "pred_gen_anomaly": -0.101, "pred_gen_anomaly_lo": -0.428, "pred_gen_anomaly_hi": 0.386, "pred_gen_anomaly_3mo": -0.103, "has_generation_truth": false, "confidence": "short residence time (weak area signal)", "match_method": "hydrolakes_pour"}}, {"type": "Feature", "geometry": {"type": "Point", "coordinates": [-108.5756, 26.5073]}, "properties": {"gww_id": 89125, "name": "El Fuerte", "reservoir": "Miguel Hidalgo", "country": "Mexico", "iso3": "MEX", "capacity_mw": 59.4, "latest_month": "2026-05", "area_km2": 26.97, "area_anomaly": -0.451, "area_anomaly_3mo": -0.328, "precip_12mo_anomaly": 0.206, "pred_gen_anomaly": -0.459, "pred_gen_anomaly_lo": -1.051, "pred_gen_anomaly_hi": 0.244, "pred_gen_anomaly_3mo": -0.454, "has_generation_truth": false, "confidence": "carry-over storage (validated class)", "match_method": "hydrolakes_pour"}}, {"type": "Feature", "geometry": {"type": "Point", "coordinates": [56.5556, 55.406]}, "properties": {"gww_id": 89185, "name": "Pavlovskaya HPP", "reservoir": null, "country": "Russia", "iso3": "RUS", "capacity_mw": 166.4, "latest_month": "2026-05", "area_km2": 97.12, "area_anomaly": -0.007, "area_anomaly_3mo": -0.017, "precip_12mo_anomaly": 0.028, "pred_gen_anomaly": -0.046, "pred_gen_anomaly_lo": -0.311, "pred_gen_anomaly_hi": 0.278, "pred_gen_anomaly_3mo": 0.019, "has_generation_truth": false, "confidence": "short residence time (weak area signal)", "match_method": "hydrolakes_pour"}}, {"type": "Feature", "geometry": {"type": "Point", "coordinates": [18.68102, 49.25737]}, "properties": {"gww_id": 75466, "name": "Hri\u00c4\u008dov Hricov Hydroelectric Power Plant Slovakia - Hricov Hydroelectric Power Plant Slovakia", "reservoir": null, "country": "Slovakia", "iso3": "SVK", "capacity_mw": 31.5, "latest_month": "2026-05", "area_km2": 2.0, "area_anomaly": -0.017, "area_anomaly_3mo": -0.028, "precip_12mo_anomaly": -0.105, "pred_gen_anomaly": -0.152, "pred_gen_anomaly_lo": -0.436, "pred_gen_anomaly_hi": 0.157, "pred_gen_anomaly_3mo": -0.113, "has_generation_truth": false, "confidence": "short residence time (weak area signal)", "match_method": "hydrolakes_pour"}}, {"type": "Feature", "geometry": {"type": "Point", "coordinates": [-73.8281, 43.2469]}, "properties": {"gww_id": 75585, "name": "Curtis Palmer Hydroelectric", "reservoir": null, "country": "USA", "iso3": "USA", "capacity_mw": 115.0, "latest_month": "2026-05", "area_km2": 1.61, "area_anomaly": -0.05, "area_anomaly_3mo": 0.087, "precip_12mo_anomaly": -0.096, "pred_gen_anomaly": 0.013, "pred_gen_anomaly_lo": -0.323, "pred_gen_anomaly_hi": 0.373, "pred_gen_anomaly_3mo": -0.026, "has_generation_truth": true, "confidence": "unknown residence time", "match_method": "gww_polygon"}}, {"type": "Feature", "geometry": {"type": "Point", "coordinates": [-124.5577, 49.8723]}, "properties": {"gww_id": 89214, "name": "Powell Lake", "reservoir": null, "country": "Canada", "iso3": "CAN", "capacity_mw": 38.0, "latest_month": "2026-05", "area_km2": 122.89, "area_anomaly": -0.005, "area_anomaly_3mo": -0.009, "precip_12mo_anomaly": 0.087, "pred_gen_anomaly": -0.004, "pred_gen_anomaly_lo": -0.552, "pred_gen_anomaly_hi": 0.409, "pred_gen_anomaly_3mo": 0.076, "has_generation_truth": false, "confidence": "carry-over storage (validated class)", "match_method": "hydrolakes_pour"}}, {"type": "Feature", "geometry": {"type": "Point", "coordinates": [-114.025597, 43.425228]}, "properties": {"gww_id": 75302, "name": "Little Wood Hydro Project", "reservoir": "Little Wood River", "country": "USA", "iso3": "USA", "capacity_mw": 2.8, "latest_month": "2026-05", "area_km2": 2.01, "area_anomaly": 0.036, "area_anomaly_3mo": -0.044, "precip_12mo_anomaly": 0.083, "pred_gen_anomaly": -0.003, "pred_gen_anomaly_lo": -0.862, "pred_gen_anomaly_hi": 0.931, "pred_gen_anomaly_3mo": 0.012, "has_generation_truth": true, "confidence": "short residence time (weak area signal)", "match_method": "hydrolakes_pour"}}, {"type": "Feature", "geometry": {"type": "Point", "coordinates": [126.69, 43.72]}, "properties": {"gww_id": 90120, "name": "Fengman", "reservoir": null, "country": "China", "iso3": "CHN", "capacity_mw": 809.0, "latest_month": "2026-05", "area_km2": 217.26, "area_anomaly": -0.009, "area_anomaly_3mo": 0.049, "precip_12mo_anomaly": 0.132, "pred_gen_anomaly": 0.107, "pred_gen_anomaly_lo": -0.262, "pred_gen_anomaly_hi": 0.579, "pred_gen_anomaly_3mo": 0.212, "has_generation_truth": false, "confidence": "carry-over storage (validated class)", "match_method": "hydrolakes_pour"}}, {"type": "Feature", "geometry": {"type": "Point", "coordinates": [14.21800829, -17.39300829]}, "properties": {"gww_id": 89213, "name": "Ruacana", "reservoir": "Calueque", "country": "Namibia", "iso3": "NAM", "capacity_mw": 330.0, "latest_month": "2026-05", "area_km2": 108.05, "area_anomaly": 0.614, "area_anomaly_3mo": 0.577, "precip_12mo_anomaly": -0.014, "pred_gen_anomaly": 0.591, "pred_gen_anomaly_lo": -0.423, "pred_gen_anomaly_hi": 1.821, "pred_gen_anomaly_3mo": 0.625, "has_generation_truth": false, "confidence": "carry-over storage (validated class)", "match_method": "hydrolakes_pour"}}, {"type": "Feature", "geometry": {"type": "Point", "coordinates": [-82.186369, 35.334767]}, "properties": {"gww_id": 75319, "name": "Turner Shoals", "reservoir": "Lake Adger", "country": "USA", "iso3": "USA", "capacity_mw": 5.4, "latest_month": "2026-05", "area_km2": 1.33, "area_anomaly": 0.057, "area_anomaly_3mo": 0.078, "precip_12mo_anomaly": -0.096, "pred_gen_anomaly": -0.173, "pred_gen_anomaly_lo": -0.798, "pred_gen_anomaly_hi": 0.335, "pred_gen_anomaly_3mo": -0.224, "has_generation_truth": true, "confidence": "short residence time (weak area signal)", "match_method": "gww_polygon"}}, {"type": "Feature", "geometry": {"type": "Point", "coordinates": [-92.2401, 36.2491]}, "properties": {"gww_id": 89212, "name": "Norfork", "reservoir": "Norfork Lake", "country": "USA", "iso3": "USA", "capacity_mw": 80.4, "latest_month": "2026-05", "area_km2": 77.81, "area_anomaly": -0.099, "area_anomaly_3mo": -0.077, "precip_12mo_anomaly": -0.158, "pred_gen_anomaly": -0.311, "pred_gen_anomaly_lo": -1.029, "pred_gen_anomaly_hi": 0.341, "pred_gen_anomaly_3mo": -0.388, "has_generation_truth": true, "confidence": "carry-over storage (validated class)", "match_method": "hydrolakes_pour"}}, {"type": "Feature", "geometry": {"type": "Point", "coordinates": [14.106716, 58.986325]}, "properties": {"gww_id": 89211, "name": "Skagern \u00e2\u0080\u0093 gullspang", "reservoir": "Skagern", "country": "Sweden", "iso3": "SWE", "capacity_mw": 40.0, "latest_month": "2026-05", "area_km2": 132.19, "area_anomaly": 0.004, "area_anomaly_3mo": 0.009, "precip_12mo_anomaly": 0.242, "pred_gen_anomaly": 0.102, "pred_gen_anomaly_lo": -0.277, "pred_gen_anomaly_hi": 0.534, "pred_gen_anomaly_3mo": 0.194, "has_generation_truth": false, "confidence": "short residence time (weak area signal)", "match_method": "hydrolakes_pour"}}, {"type": "Feature", "geometry": {"type": "Point", "coordinates": [31.7478, 68.6067]}, "properties": {"gww_id": 90567, "name": "Verkhnetulomskaya HPP", "reservoir": "Kovdozero", "country": "Russia", "iso3": "RUS", "capacity_mw": 268.0, "latest_month": "2026-05", "area_km2": 565.54, "area_anomaly": -0.035, "area_anomaly_3mo": 0.132, "precip_12mo_anomaly": 0.088, "pred_gen_anomaly": 0.12, "pred_gen_anomaly_lo": -0.343, "pred_gen_anomaly_hi": 0.655, "pred_gen_anomaly_3mo": 0.227, "has_generation_truth": false, "confidence": "carry-over storage (validated class)", "match_method": "hydrolakes_pour"}}, {"type": "Feature", "geometry": {"type": "Point", "coordinates": [-111.727874, 46.649026]}, "properties": {"gww_id": 89200, "name": "Canyon Ferry", "reservoir": "Canyon Ferry Lake", "country": "USA", "iso3": "USA", "capacity_mw": 57.6, "latest_month": "2026-05", "area_km2": 127.01, "area_anomaly": 0.019, "area_anomaly_3mo": 0.022, "precip_12mo_anomaly": 0.019, "pred_gen_anomaly": 0.126, "pred_gen_anomaly_lo": -0.295, "pred_gen_anomaly_hi": 0.505, "pred_gen_anomaly_3mo": 0.066, "has_generation_truth": true, "confidence": "carry-over storage (validated class)", "match_method": "gww_polygon"}}, {"type": "Feature", "geometry": {"type": "Point", "coordinates": [-71.73295, 43.59]}, "properties": {"gww_id": 75352, "name": "Newfound Hydroelectric", "reservoir": "Ayers Island Reservoir", "country": "USA", "iso3": "USA", "capacity_mw": 1.4, "latest_month": "2026-05", "area_km2": 1.5, "area_anomaly": 0.031, "area_anomaly_3mo": 0.166, "precip_12mo_anomaly": -0.128, "pred_gen_anomaly": -0.047, "pred_gen_anomaly_lo": -0.588, "pred_gen_anomaly_hi": 0.531, "pred_gen_anomaly_3mo": -0.036, "has_generation_truth": true, "confidence": "short residence time (weak area signal)", "match_method": "hydrolakes_pour"}}, {"type": "Feature", "geometry": {"type": "Point", "coordinates": [-93.537169, 47.234825]}, "properties": {"gww_id": 75383, "name": "Rapids Energy Center", "reservoir": "Pokegama Reservoir", "country": "USA", "iso3": "USA", "capacity_mw": 1.9, "latest_month": "2026-05", "area_km2": 1.76, "area_anomaly": 0.01, "area_anomaly_3mo": -0.008, "precip_12mo_anomaly": 0.132, "pred_gen_anomaly": -0.024, "pred_gen_anomaly_lo": -0.642, "pred_gen_anomaly_hi": 0.609, "pred_gen_anomaly_3mo": 0.086, "has_generation_truth": true, "confidence": "short residence time (weak area signal)", "match_method": "hydrolakes_pour"}}, {"type": "Feature", "geometry": {"type": "Point", "coordinates": [-87.1077, 33.9406]}, "properties": {"gww_id": 89197, "name": "Lewis Smith Dam", "reservoir": "Smith", "country": "USA", "iso3": "USA", "capacity_mw": 181.0, "latest_month": "2026-05", "area_km2": 73.66, "area_anomaly": 0.002, "area_anomaly_3mo": -0.018, "precip_12mo_anomaly": -0.162, "pred_gen_anomaly": -0.299, "pred_gen_anomaly_lo": -0.879, "pred_gen_anomaly_hi": 0.262, "pred_gen_anomaly_3mo": -0.413, "has_generation_truth": true, "confidence": "carry-over storage (validated class)", "match_method": "hydrolakes_pour"}}, {"type": "Feature", "geometry": {"type": "Point", "coordinates": [-113.3583, 37.1854]}, "properties": {"gww_id": 75390, "name": "Quail Creek Hydro Plant #1", "reservoir": null, "country": "USA", "iso3": "USA", "capacity_mw": 2.3, "latest_month": "2026-05", "area_km2": 2.2, "area_anomaly": 0.035, "area_anomaly_3mo": 0.02, "precip_12mo_anomaly": 0.144, "pred_gen_anomaly": -0.055, "pred_gen_anomaly_lo": -0.612, "pred_gen_anomaly_hi": 0.687, "pred_gen_anomaly_3mo": 0.041, "has_generation_truth": true, "confidence": "short residence time (weak area signal)", "match_method": "hydrolakes_pour"}}, {"type": "Feature", "geometry": {"type": "Point", "coordinates": [-121.0591, 39.0096]}, "properties": {"gww_id": 70837, "name": "Combie South", "reservoir": null, "country": "USA", "iso3": "USA", "capacity_mw": 1.5, "latest_month": "2026-05", "area_km2": 0.89, "area_anomaly": 0.005, "area_anomaly_3mo": -0.003, "precip_12mo_anomaly": -0.063, "pred_gen_anomaly": -0.311, "pred_gen_anomaly_lo": -0.813, "pred_gen_anomaly_hi": 0.211, "pred_gen_anomaly_3mo": -0.31, "has_generation_truth": true, "confidence": "unknown residence time", "match_method": "gww_polygon"}}, {"type": "Feature", "geometry": {"type": "Point", "coordinates": [-117.537222, 47.769722]}, "properties": {"gww_id": 71644, "name": "Nine Mile", "reservoir": null, "country": "USA", "iso3": "USA", "capacity_mw": 37.6, "latest_month": "2026-05", "area_km2": 0.98, "area_anomaly": 0.029, "area_anomaly_3mo": 0.034, "precip_12mo_anomaly": 0.076, "pred_gen_anomaly": 0.007, "pred_gen_anomaly_lo": -0.423, "pred_gen_anomaly_hi": 0.447, "pred_gen_anomaly_3mo": 0.055, "has_generation_truth": true, "confidence": "unknown residence time", "match_method": "gww_polygon"}}, {"type": "Feature", "geometry": {"type": "Point", "coordinates": [-91.888374, 45.94794]}, "properties": {"gww_id": 68197, "name": "Trego", "reservoir": "Trego Lake", "country": "USA", "iso3": "USA", "capacity_mw": 1.2, "latest_month": "2026-05", "area_km2": 0.7, "area_anomaly": 0.015, "area_anomaly_3mo": 0.137, "precip_12mo_anomaly": 0.249, "pred_gen_anomaly": -0.019, "pred_gen_anomaly_lo": -0.594, "pred_gen_anomaly_hi": 0.557, "pred_gen_anomaly_3mo": 0.008, "has_generation_truth": true, "confidence": "unknown residence time", "match_method": "gww_polygon"}}, {"type": "Feature", "geometry": {"type": "Point", "coordinates": [-68.70437, 45.647179]}, "properties": {"gww_id": 80102, "name": "Great Lakes Hydro America - ME", "reservoir": null, "country": "USA", "iso3": "USA", "capacity_mw": 138.0, "latest_month": "2026-05", "area_km2": 4.19, "area_anomaly": 0.047, "area_anomaly_3mo": 0.024, "precip_12mo_anomaly": -0.095, "pred_gen_anomaly": 0.052, "pred_gen_anomaly_lo": -0.322, "pred_gen_anomaly_hi": 0.37, "pred_gen_anomaly_3mo": -0.052, "has_generation_truth": true, "confidence": "short residence time (weak area signal)", "match_method": "hydrolakes_pour"}}, {"type": "Feature", "geometry": {"type": "Point", "coordinates": [-113.896, 49.561]}, "properties": {"gww_id": 86901, "name": "Oldman River", "reservoir": null, "country": "Canada", "iso3": "CAN", "capacity_mw": 32.0, "latest_month": "2026-05", "area_km2": 21.64, "area_anomaly": 0.142, "area_anomaly_3mo": 0.034, "precip_12mo_anomaly": -0.001, "pred_gen_anomaly": 0.122, "pred_gen_anomaly_lo": -0.365, "pred_gen_anomaly_hi": 0.575, "pred_gen_anomaly_3mo": 0.047, "has_generation_truth": false, "confidence": "carry-over storage (validated class)", "match_method": "hydrolakes_pour"}}, {"type": "Feature", "geometry": {"type": "Point", "coordinates": [107.26, 26.82]}, "properties": {"gww_id": 80937, "name": "Dahuashui", "reservoir": "Dahuashui Reservoir", "country": "China", "iso3": "CHN", "capacity_mw": 200.0, "latest_month": "2026-05", "area_km2": 3.54, "area_anomaly": -0.068, "area_anomaly_3mo": -0.099, "precip_12mo_anomaly": 0.228, "pred_gen_anomaly": 0.036, "pred_gen_anomaly_lo": -0.543, "pred_gen_anomaly_hi": 0.555, "pred_gen_anomaly_3mo": 0.051, "has_generation_truth": false, "confidence": "unknown residence time", "match_method": "gww_polygon"}}, {"type": "Feature", "geometry": {"type": "Point", "coordinates": [-75.9309, 45.8097]}, "properties": {"gww_id": 86854, "name": "Paugan", "reservoir": null, "country": "Canada", "iso3": "CAN", "capacity_mw": 226.0, "latest_month": "2026-05", "area_km2": 20.33, "area_anomaly": -0.0, "area_anomaly_3mo": 0.001, "precip_12mo_anomaly": 0.093, "pred_gen_anomaly": 0.241, "pred_gen_anomaly_lo": -0.173, "pred_gen_anomaly_hi": 0.675, "pred_gen_anomaly_3mo": 0.058, "has_generation_truth": false, "confidence": "short residence time (weak area signal)", "match_method": "hydrolakes_pour"}}, {"type": "Feature", "geometry": {"type": "Point", "coordinates": [-70.98647, 43.403087]}, "properties": {"gww_id": 80955, "name": "Milton Hydro", "reservoir": "Milton Three Ponds", "country": "USA", "iso3": "USA", "capacity_mw": 1.4, "latest_month": "2026-05", "area_km2": 4.31, "area_anomaly": 0.012, "area_anomaly_3mo": 0.068, "precip_12mo_anomaly": -0.142, "pred_gen_anomaly": -0.059, "pred_gen_anomaly_lo": -0.576, "pred_gen_anomaly_hi": 0.4, "pred_gen_anomaly_3mo": -0.088, "has_generation_truth": true, "confidence": "short residence time (weak area signal)", "match_method": "hydrolakes_pour"}}, {"type": "Feature", "geometry": {"type": "Point", "coordinates": [-122.24, 50.7299]}, "properties": {"gww_id": 86848, "name": "Bridge River 1", "reservoir": "Seton Lake", "country": "Canada", "iso3": "CAN", "capacity_mw": 478.0, "latest_month": "2026-05", "area_km2": 25.11, "area_anomaly": 0.007, "area_anomaly_3mo": -0.023, "precip_12mo_anomaly": 0.153, "pred_gen_anomaly": 0.076, "pred_gen_anomaly_lo": -0.299, "pred_gen_anomaly_hi": 0.45, "pred_gen_anomaly_3mo": 0.171, "has_generation_truth": false, "confidence": "unknown residence time", "match_method": "gww_polygon"}}, {"type": "Feature", "geometry": {"type": "Point", "coordinates": [34.7833, -15.55]}, "properties": {"gww_id": 67525, "name": "Tedzani III", "reservoir": null, "country": "Malawi", "iso3": "MWI", "capacity_mw": 87.8, "latest_month": "2026-05", "area_km2": 0.69, "area_anomaly": 0.07, "area_anomaly_3mo": 0.074, "precip_12mo_anomaly": -0.008, "pred_gen_anomaly": -0.112, "pred_gen_anomaly_lo": -0.683, "pred_gen_anomaly_hi": 0.584, "pred_gen_anomaly_3mo": -0.196, "has_generation_truth": false, "confidence": "unknown residence time", "match_method": "gww_polygon"}}, {"type": "Feature", "geometry": {"type": "Point", "coordinates": [91.2035, 27.2162]}, "properties": {"gww_id": 68378, "name": "Kurichhu Hydro-electric Power Station Bhutan", "reservoir": null, "country": "Bhutan", "iso3": "BTN", "capacity_mw": 60.0, "latest_month": "2026-05", "area_km2": 0.82, "area_anomaly": -0.023, "area_anomaly_3mo": 0.009, "precip_12mo_anomaly": -0.016, "pred_gen_anomaly": 0.207, "pred_gen_anomaly_lo": -0.484, "pred_gen_anomaly_hi": 0.786, "pred_gen_anomaly_3mo": -0.034, "has_generation_truth": false, "confidence": "unknown residence time", "match_method": "gww_polygon"}}, {"type": "Feature", "geometry": {"type": "Point", "coordinates": [78.9007, 16.0869]}, "properties": {"gww_id": 90485, "name": "SRISAILAM", "reservoir": "Srisailam Reservoir", "country": "India", "iso3": "IND", "capacity_mw": 770.0, "latest_month": "2026-05", "area_km2": 98.4, "area_anomaly": -0.285, "area_anomaly_3mo": 0.037, "precip_12mo_anomaly": 0.2, "pred_gen_anomaly": 0.024, "pred_gen_anomaly_lo": -0.441, "pred_gen_anomaly_hi": 0.738, "pred_gen_anomaly_3mo": 0.338, "has_generation_truth": false, "confidence": "short residence time (weak area signal)", "match_method": "hydrolakes_pour"}}, {"type": "Feature", "geometry": {"type": "Point", "coordinates": [-135.12275, 56.986284]}, "properties": {"gww_id": 80125, "name": "Green Lake", "reservoir": null, "country": "USA", "iso3": "USA", "capacity_mw": 18.6, "latest_month": "2026-05", "area_km2": 4.48, "area_anomaly": -0.014, "area_anomaly_3mo": -0.015, "precip_12mo_anomaly": 0.316, "pred_gen_anomaly": 0.256, "pred_gen_anomaly_lo": -0.221, "pred_gen_anomaly_hi": 0.587, "pred_gen_anomaly_3mo": 0.334, "has_generation_truth": true, "confidence": "short residence time (weak area signal)", "match_method": "hydrolakes_pour"}}, {"type": "Feature", "geometry": {"type": "Point", "coordinates": [-120.605, 37.876111]}, "properties": {"gww_id": 80127, "name": "Tulloch", "reservoir": null, "country": "USA", "iso3": "USA", "capacity_mw": 29.9, "latest_month": "2026-05", "area_km2": 3.38, "area_anomaly": 0.033, "area_anomaly_3mo": 0.017, "precip_12mo_anomaly": -0.047, "pred_gen_anomaly": -0.304, "pred_gen_anomaly_lo": -0.75, "pred_gen_anomaly_hi": 0.159, "pred_gen_anomaly_3mo": -0.17, "has_generation_truth": true, "confidence": "short residence time (weak area signal)", "match_method": "hydrolakes_pour"}}, {"type": "Feature", "geometry": {"type": "Point", "coordinates": [-71.2148, 48.4484]}, "properties": {"gww_id": 91648, "name": "Shipshaw", "reservoir": "Saint-Jean", "country": "Canada", "iso3": "CAN", "capacity_mw": 1708.1, "latest_month": "2026-05", "area_km2": 1008.14, "area_anomaly": -0.069, "area_anomaly_3mo": -0.093, "precip_12mo_anomaly": 0.35, "pred_gen_anomaly": 0.424, "pred_gen_anomaly_lo": -0.044, "pred_gen_anomaly_hi": 0.642, "pred_gen_anomaly_3mo": 0.211, "has_generation_truth": false, "confidence": "short residence time (weak area signal)", "match_method": "hydrolakes_pour"}}, {"type": "Feature", "geometry": {"type": "Point", "coordinates": [-88.2353, 46.1592]}, "properties": {"gww_id": 86994, "name": "Way Dam", "reservoir": "Michigamme Reservoir", "country": "USA", "iso3": "USA", "capacity_mw": 1.8, "latest_month": "2026-05", "area_km2": 20.82, "area_anomaly": -0.073, "area_anomaly_3mo": -0.035, "precip_12mo_anomaly": 0.245, "pred_gen_anomaly": 0.252, "pred_gen_anomaly_lo": -0.337, "pred_gen_anomaly_hi": 0.875, "pred_gen_anomaly_3mo": 0.129, "has_generation_truth": true, "confidence": "short residence time (weak area signal)", "match_method": "hydrolakes_pour"}}, {"type": "Feature", "geometry": {"type": "Point", "coordinates": [-69.812168, 45.6603]}, "properties": {"gww_id": 87353, "name": "Brassua Hydroelectric Project", "reservoir": null, "country": "USA", "iso3": "USA", "capacity_mw": 3.6, "latest_month": "2026-05", "area_km2": 35.78, "area_anomaly": 0.012, "area_anomaly_3mo": 0.035, "precip_12mo_anomaly": -0.095, "pred_gen_anomaly": 0.049, "pred_gen_anomaly_lo": -0.556, "pred_gen_anomaly_hi": 0.629, "pred_gen_anomaly_3mo": -0.021, "has_generation_truth": true, "confidence": "carry-over storage (validated class)", "match_method": "hydrolakes_pour"}}, {"type": "Feature", "geometry": {"type": "Point", "coordinates": [24.29625, 45.012083]}, "properties": {"gww_id": 80169, "name": "Govora", "reservoir": null, "country": "Romania", "iso3": "ROU", "capacity_mw": 45.0, "latest_month": "2026-05", "area_km2": 3.69, "area_anomaly": -0.101, "area_anomaly_3mo": -0.102, "precip_12mo_anomaly": 0.066, "pred_gen_anomaly": -0.128, "pred_gen_anomaly_lo": -0.441, "pred_gen_anomaly_hi": 0.377, "pred_gen_anomaly_3mo": -0.019, "has_generation_truth": false, "confidence": "short residence time (weak area signal)", "match_method": "gww_polygon"}}, {"type": "Feature", "geometry": {"type": "Point", "coordinates": [-120.0008, 38.3914]}, "properties": {"gww_id": 80792, "name": "Spicer Meadow Project", "reservoir": null, "country": "USA", "iso3": "USA", "capacity_mw": 5.9, "latest_month": "2026-05", "area_km2": 5.43, "area_anomaly": 0.15, "area_anomaly_3mo": 0.23, "precip_12mo_anomaly": -0.047, "pred_gen_anomaly": -0.053, "pred_gen_anomaly_lo": -0.787, "pred_gen_anomaly_hi": 0.745, "pred_gen_anomaly_3mo": -0.009, "has_generation_truth": true, "confidence": "short residence time (weak area signal)", "match_method": "hydrolakes_pour"}}, {"type": "Feature", "geometry": {"type": "Point", "coordinates": [91.352, 30.18]}, "properties": {"gww_id": 87354, "name": "Pangduo", "reservoir": "\u65c1\u591a\u6c34\u5e93", "country": "China", "iso3": "CHN", "capacity_mw": 160.0, "latest_month": "2026-05", "area_km2": 23.05, "area_anomaly": 0.025, "area_anomaly_3mo": 0.127, "precip_12mo_anomaly": -0.093, "pred_gen_anomaly": 0.026, "pred_gen_anomaly_lo": -0.445, "pred_gen_anomaly_hi": 0.589, "pred_gen_anomaly_3mo": 0.053, "has_generation_truth": false, "confidence": "unknown residence time", "match_method": "gww_polygon"}}, {"type": "Feature", "geometry": {"type": "Point", "coordinates": [-82.090213, 36.523174]}, "properties": {"gww_id": 87355, "name": "South Holston", "reservoir": "South Holston Lake", "country": "USA", "iso3": "USA", "capacity_mw": 38.5, "latest_month": "2026-05", "area_km2": 27.89, "area_anomaly": 0.02, "area_anomaly_3mo": 0.013, "precip_12mo_anomaly": -0.085, "pred_gen_anomaly": -0.088, "pred_gen_anomaly_lo": -0.579, "pred_gen_anomaly_hi": 0.471, "pred_gen_anomaly_3mo": -0.136, "has_generation_truth": true, "confidence": "carry-over storage (validated class)", "match_method": "hydrolakes_pour"}}, {"type": "Feature", "geometry": {"type": "Point", "coordinates": [-119.065227, 39.463569]}, "properties": {"gww_id": 87374, "name": "New Lahontan", "reservoir": "Lahontan", "country": "USA", "iso3": "USA", "capacity_mw": 6.4, "latest_month": "2026-05", "area_km2": 32.26, "area_anomaly": 0.216, "area_anomaly_3mo": 0.187, "precip_12mo_anomaly": -0.033, "pred_gen_anomaly": 0.035, "pred_gen_anomaly_lo": -0.684, "pred_gen_anomaly_hi": 0.574, "pred_gen_anomaly_3mo": -0.01, "has_generation_truth": true, "confidence": "carry-over storage (validated class)", "match_method": "hydrolakes_pour"}}, {"type": "Feature", "geometry": {"type": "Point", "coordinates": [-120.324503, 38.982697]}, "properties": {"gww_id": 80796, "name": "Loon Lake", "reservoir": null, "country": "USA", "iso3": "USA", "capacity_mw": 82.0, "latest_month": "2026-05", "area_km2": 5.25, "area_anomaly": 0.046, "area_anomaly_3mo": 0.109, "precip_12mo_anomaly": -0.049, "pred_gen_anomaly": -0.033, "pred_gen_anomaly_lo": -0.705, "pred_gen_anomaly_hi": 0.588, "pred_gen_anomaly_3mo": 0.04, "has_generation_truth": true, "confidence": "short residence time (weak area signal)", "match_method": "hydrolakes_pour"}}, {"type": "Feature", "geometry": {"type": "Point", "coordinates": [-118.924097, 36.058635]}, "properties": {"gww_id": 80815, "name": "Tulare Success Power Project", "reservoir": "Success Lake", "country": "USA", "iso3": "USA", "capacity_mw": 1.4, "latest_month": "2026-05", "area_km2": 5.4, "area_anomaly": 0.298, "area_anomaly_3mo": 0.362, "precip_12mo_anomaly": -0.101, "pred_gen_anomaly": -0.017, "pred_gen_anomaly_lo": -1.1, "pred_gen_anomaly_hi": 1.419, "pred_gen_anomaly_3mo": 0.063, "has_generation_truth": true, "confidence": "short residence time (weak area signal)", "match_method": "hydrolakes_pour"}}, {"type": "Feature", "geometry": {"type": "Point", "coordinates": [-81.31795, 39.35776]}, "properties": {"gww_id": 86941, "name": "Willow Island Hydroelectric Plant", "reservoir": null, "country": "USA", "iso3": "USA", "capacity_mw": 44.0, "latest_month": "2026-05", "area_km2": 18.11, "area_anomaly": -0.036, "area_anomaly_3mo": 0.041, "precip_12mo_anomaly": -0.03, "pred_gen_anomaly": 0.054, "pred_gen_anomaly_lo": -0.349, "pred_gen_anomaly_hi": 0.462, "pred_gen_anomaly_3mo": 0.009, "has_generation_truth": true, "confidence": "short residence time (weak area signal)", "match_method": "hydrolakes_pour"}}, {"type": "Feature", "geometry": {"type": "Point", "coordinates": [92.216, 22.495]}, "properties": {"gww_id": 90319, "name": "Kaptai Hydro:Unit-1 2 3 4 5", "reservoir": "Barkal", "country": "Bangladesh", "iso3": "BGD", "capacity_mw": 230.0, "latest_month": "2026-05", "area_km2": 237.95, "area_anomaly": -0.083, "area_anomaly_3mo": -0.0, "precip_12mo_anomaly": 0.007, "pred_gen_anomaly": 0.163, "pred_gen_anomaly_lo": -0.489, "pred_gen_anomaly_hi": 0.56, "pred_gen_anomaly_3mo": 0.112, "has_generation_truth": false, "confidence": "carry-over storage (validated class)", "match_method": "hydrolakes_pour"}}, {"type": "Feature", "geometry": {"type": "Point", "coordinates": [35.6978, 68.9869]}, "properties": {"gww_id": 86940, "name": "Serebryanskaya HPP-2", "reservoir": null, "country": "Russia", "iso3": "RUS", "capacity_mw": 150.0, "latest_month": "2026-05", "area_km2": 25.86, "area_anomaly": -0.017, "area_anomaly_3mo": 0.038, "precip_12mo_anomaly": -0.012, "pred_gen_anomaly": 0.071, "pred_gen_anomaly_lo": -0.301, "pred_gen_anomaly_hi": 0.546, "pred_gen_anomaly_3mo": 0.039, "has_generation_truth": false, "confidence": "short residence time (weak area signal)", "match_method": "hydrolakes_pour"}}, {"type": "Feature", "geometry": {"type": "Point", "coordinates": [-86.76, 40.7803]}, "properties": {"gww_id": 80821, "name": "Norway (IN)", "reservoir": "Lake Shafer", "country": "USA", "iso3": "USA", "capacity_mw": 7.3, "latest_month": "2026-05", "area_km2": 3.59, "area_anomaly": 0.005, "area_anomaly_3mo": 0.006, "precip_12mo_anomaly": 0.0, "pred_gen_anomaly": 0.06, "pred_gen_anomaly_lo": -0.57, "pred_gen_anomaly_hi": 0.576, "pred_gen_anomaly_3mo": -0.08, "has_generation_truth": true, "confidence": "short residence time (weak area signal)", "match_method": "hydrolakes_pour"}}, {"type": "Feature", "geometry": {"type": "Point", "coordinates": [170.3551, -44.656]}, "properties": {"gww_id": 86984, "name": "Aviemore", "reservoir": null, "country": "New Zealand", "iso3": "NZL", "capacity_mw": 220.0, "latest_month": "2026-05", "area_km2": 29.49, "area_anomaly": 0.005, "area_anomaly_3mo": -0.019, "precip_12mo_anomaly": -0.027, "pred_gen_anomaly": -0.091, "pred_gen_anomaly_lo": -0.334, "pred_gen_anomaly_hi": 0.169, "pred_gen_anomaly_3mo": -0.107, "has_generation_truth": false, "confidence": "short residence time (weak area signal)", "match_method": "hydrolakes_pour"}}, {"type": "Feature", "geometry": {"type": "Point", "coordinates": [170.0328, -44.2647]}, "properties": {"gww_id": 80791, "name": "Ohau A", "reservoir": null, "country": "New Zealand", "iso3": "NZL", "capacity_mw": 476.0, "latest_month": "2026-05", "area_km2": 4.54, "area_anomaly": -0.027, "area_anomaly_3mo": -0.01, "precip_12mo_anomaly": -0.085, "pred_gen_anomaly": -0.11, "pred_gen_anomaly_lo": -0.366, "pred_gen_anomaly_hi": 0.097, "pred_gen_anomaly_3mo": -0.122, "has_generation_truth": false, "confidence": "unknown residence time", "match_method": "gww_polygon"}}, {"type": "Feature", "geometry": {"type": "Point", "coordinates": [-119.2917, 47.5025]}, "properties": {"gww_id": 80082, "name": "Summer Falls Power Plant", "reservoir": "Billy Clapp Lake", "country": "USA", "iso3": "USA", "capacity_mw": 92.0, "latest_month": "2026-05", "area_km2": 3.97, "area_anomaly": 0.022, "area_anomaly_3mo": 0.024, "precip_12mo_anomaly": 0.016, "pred_gen_anomaly": -0.033, "pred_gen_anomaly_lo": -0.419, "pred_gen_anomaly_hi": 0.345, "pred_gen_anomaly_3mo": 0.046, "has_generation_truth": true, "confidence": "unknown residence time", "match_method": "gww_polygon"}}, {"type": "Feature", "geometry": {"type": "Point", "coordinates": [-73.295321, 41.44842]}, "properties": {"gww_id": 81109, "name": "Shepaug", "reservoir": "Lake Zoar", "country": "USA", "iso3": "USA", "capacity_mw": 67.7, "latest_month": "2026-05", "area_km2": 3.54, "area_anomaly": 0.008, "area_anomaly_3mo": 0.073, "precip_12mo_anomaly": -0.145, "pred_gen_anomaly": -0.095, "pred_gen_anomaly_lo": -0.529, "pred_gen_anomaly_hi": 0.288, "pred_gen_anomaly_3mo": -0.087, "has_generation_truth": true, "confidence": "unknown residence time", "match_method": "gww_polygon"}}, {"type": "Feature", "geometry": {"type": "Point", "coordinates": [-83.2905, 46.315]}, "properties": {"gww_id": 80029, "name": "Red Rock Falls", "reservoir": null, "country": "Canada", "iso3": "CAN", "capacity_mw": 41.0, "latest_month": "2026-05", "area_km2": 4.5, "area_anomaly": 0.016, "area_anomaly_3mo": 0.009, "precip_12mo_anomaly": 0.257, "pred_gen_anomaly": 0.406, "pred_gen_anomaly_lo": -0.184, "pred_gen_anomaly_hi": 0.741, "pred_gen_anomaly_3mo": 0.209, "has_generation_truth": false, "confidence": "short residence time (weak area signal)", "match_method": "hydrolakes_pour"}}, {"type": "Feature", "geometry": {"type": "Point", "coordinates": [36.5967, 37.5009]}, "properties": {"gww_id": 87446, "name": "Sir", "reservoir": "Berke Baraj G\u00f6l\u00fc", "country": "Turkey", "iso3": "TUR", "capacity_mw": 284.0, "latest_month": "2026-05", "area_km2": 40.49, "area_anomaly": 0.12, "area_anomaly_3mo": 0.138, "precip_12mo_anomaly": 0.834, "pred_gen_anomaly": 0.837, "pred_gen_anomaly_lo": -0.121, "pred_gen_anomaly_hi": 1.596, "pred_gen_anomaly_3mo": 0.569, "has_generation_truth": false, "confidence": "short residence time (weak area signal)", "match_method": "gww_polygon"}}, {"type": "Feature", "geometry": {"type": "Point", "coordinates": [21.7462, 39.2361]}, "properties": {"gww_id": 86701, "name": "Plastiras PLASTIRAS - Plastira Hydroelectric Power Plant Greece", "reservoir": "Limni Plastiras", "country": "Greece", "iso3": "GRC", "capacity_mw": 130.0, "latest_month": "2026-05", "area_km2": 23.5, "area_anomaly": 0.045, "area_anomaly_3mo": 0.047, "precip_12mo_anomaly": 0.594, "pred_gen_anomaly": 0.538, "pred_gen_anomaly_lo": -0.305, "pred_gen_anomaly_hi": 1.074, "pred_gen_anomaly_3mo": 0.438, "has_generation_truth": false, "confidence": "carry-over storage (validated class)", "match_method": "hydrolakes_pour"}}, {"type": "Feature", "geometry": {"type": "Point", "coordinates": [-118.7511, 34.461667]}, "properties": {"gww_id": 79985, "name": "Santa Felicia Dam", "reservoir": "Lake Piru", "country": "USA", "iso3": "USA", "capacity_mw": 1.3, "latest_month": "2026-05", "area_km2": 4.4, "area_anomaly": 0.378, "area_anomaly_3mo": 0.433, "precip_12mo_anomaly": 0.108, "pred_gen_anomaly": 0.208, "pred_gen_anomaly_lo": -1.033, "pred_gen_anomaly_hi": 1.502, "pred_gen_anomaly_3mo": 0.397, "has_generation_truth": true, "confidence": "short residence time (weak area signal)", "match_method": "hydrolakes_pour"}}, {"type": "Feature", "geometry": {"type": "Point", "coordinates": [24.7113, 56.7405]}, "properties": {"gww_id": 87449, "name": "Kegums hpp Kegums HPP - Kegums Hydroelectric Power Plant Latvia", "reservoir": null, "country": "Latvia", "iso3": "LVA", "capacity_mw": 240.1, "latest_month": "2026-05", "area_km2": 35.16, "area_anomaly": 0.0, "area_anomaly_3mo": 0.074, "precip_12mo_anomaly": -0.117, "pred_gen_anomaly": -0.205, "pred_gen_anomaly_lo": -0.516, "pred_gen_anomaly_hi": 0.166, "pred_gen_anomaly_3mo": -0.19, "has_generation_truth": false, "confidence": "short residence time (weak area signal)", "match_method": "hydrolakes_pour"}}, {"type": "Feature", "geometry": {"type": "Point", "coordinates": [-78.7276, 46.3784]}, "properties": {"gww_id": 87452, "name": "Otto Holden", "reservoir": null, "country": "Canada", "iso3": "CAN", "capacity_mw": 243.0, "latest_month": "2026-05", "area_km2": 30.28, "area_anomaly": -0.036, "area_anomaly_3mo": 0.018, "precip_12mo_anomaly": 0.317, "pred_gen_anomaly": 0.42, "pred_gen_anomaly_lo": -0.052, "pred_gen_anomaly_hi": 0.767, "pred_gen_anomaly_3mo": 0.341, "has_generation_truth": false, "confidence": "short residence time (weak area signal)", "match_method": "hydrolakes_pour"}}, {"type": "Feature", "geometry": {"type": "Point", "coordinates": [102.9109, 5.0229]}, "properties": {"gww_id": 90314, "name": "Kenyir", "reservoir": "Tasik Kenyir", "country": "Malaysia", "iso3": "MYS", "capacity_mw": 650.0, "latest_month": "2026-05", "area_km2": 336.1, "area_anomaly": -0.016, "area_anomaly_3mo": -0.011, "precip_12mo_anomaly": 0.019, "pred_gen_anomaly": -0.064, "pred_gen_anomaly_lo": -0.539, "pred_gen_anomaly_hi": 0.585, "pred_gen_anomaly_3mo": -0.155, "has_generation_truth": false, "confidence": "carry-over storage (validated class)", "match_method": "hydrolakes_pour"}}, {"type": "Feature", "geometry": {"type": "Point", "coordinates": [-106.8084, 24.5707]}, "properties": {"gww_id": 87472, "name": "Ra\u00c3\u00bal J. Marsal (Comedero)", "reservoir": null, "country": "Mexico", "iso3": "MEX", "capacity_mw": 100.0, "latest_month": "2026-05", "area_km2": 19.43, "area_anomaly": -0.277, "area_anomaly_3mo": -0.193, "precip_12mo_anomaly": 0.093, "pred_gen_anomaly": -0.208, "pred_gen_anomaly_lo": -0.776, "pred_gen_anomaly_hi": 0.302, "pred_gen_anomaly_3mo": -0.3, "has_generation_truth": false, "confidence": "carry-over storage (validated class)", "match_method": "hydrolakes_pour"}}, {"type": "Feature", "geometry": {"type": "Point", "coordinates": [34.3883322, 11.7991678]}, "properties": {"gww_id": 90393, "name": "Roseires", "reservoir": "Roseires Reservoir", "country": "Sudan", "iso3": "SDN", "capacity_mw": 280.0, "latest_month": "2026-05", "area_km2": 367.88, "area_anomaly": 0.305, "area_anomaly_3mo": 0.19, "precip_12mo_anomaly": 0.046, "pred_gen_anomaly": 0.235, "pred_gen_anomaly_lo": -0.383, "pred_gen_anomaly_hi": 0.786, "pred_gen_anomaly_3mo": 0.247, "has_generation_truth": false, "confidence": "short residence time (weak area signal)", "match_method": "hydrolakes_pour"}}, {"type": "Feature", "geometry": {"type": "Point", "coordinates": [-88.5602, 13.6231]}, "properties": {"gww_id": 86692, "name": "15 de Septiembre Hydroelectric Power Plant El Salvador", "reservoir": null, "country": "El Salvador", "iso3": "SLV", "capacity_mw": 180.2, "latest_month": "2026-05", "area_km2": 20.53, "area_anomaly": -0.018, "area_anomaly_3mo": -0.043, "precip_12mo_anomaly": 0.001, "pred_gen_anomaly": -0.176, "pred_gen_anomaly_lo": -0.44, "pred_gen_anomaly_hi": 0.399, "pred_gen_anomaly_3mo": -0.051, "has_generation_truth": false, "confidence": "short residence time (weak area signal)", "match_method": "hydrolakes_pour"}}, {"type": "Feature", "geometry": {"type": "Point", "coordinates": [-6.805412, 41.041734]}, "properties": {"gww_id": 81130, "name": "Saucelle SAUCE II 1 - Saucelle Hydroelectric Power Plant Spain", "reservoir": null, "country": "Spain", "iso3": "ESP", "capacity_mw": 516.4, "latest_month": "2026-05", "area_km2": 4.43, "area_anomaly": 0.01, "area_anomaly_3mo": 0.008, "precip_12mo_anomaly": 0.108, "pred_gen_anomaly": 0.094, "pred_gen_anomaly_lo": -0.323, "pred_gen_anomaly_hi": 0.425, "pred_gen_anomaly_3mo": 0.206, "has_generation_truth": false, "confidence": "short residence time (weak area signal)", "match_method": "hydrolakes_pour"}}, {"type": "Feature", "geometry": {"type": "Point", "coordinates": [106.77, 23.78]}, "properties": {"gww_id": 79891, "name": "Guangxi Youjiang Naji Dam", "reservoir": null, "country": "China", "iso3": "CHN", "capacity_mw": 66.0, "latest_month": "2026-05", "area_km2": 3.97, "area_anomaly": 0.229, "area_anomaly_3mo": 0.165, "precip_12mo_anomaly": 0.275, "pred_gen_anomaly": 0.022, "pred_gen_anomaly_lo": -0.499, "pred_gen_anomaly_hi": 0.865, "pred_gen_anomaly_3mo": 0.074, "has_generation_truth": false, "confidence": "unknown residence time", "match_method": "gww_polygon"}}, {"type": "Feature", "geometry": {"type": "Point", "coordinates": [-74.8831, 44.5133]}, "properties": {"gww_id": 67036, "name": "South Colton", "reservoir": "South Colton Reservoir", "country": "USA", "iso3": "USA", "capacity_mw": 21.0, "latest_month": "2026-05", "area_km2": 0.89, "area_anomaly": 0.07, "area_anomaly_3mo": 0.131, "precip_12mo_anomaly": -0.077, "pred_gen_anomaly": -0.004, "pred_gen_anomaly_lo": -0.452, "pred_gen_anomaly_hi": 0.475, "pred_gen_anomaly_3mo": -0.028, "has_generation_truth": true, "confidence": "unknown residence time", "match_method": "gww_polygon"}}, {"type": "Feature", "geometry": {"type": "Point", "coordinates": [8.849101117, 46.19421678]}, "properties": {"gww_id": 66999, "name": "Gordola", "reservoir": null, "country": "Switzerland", "iso3": "CHE", "capacity_mw": 132.5, "latest_month": "2026-05", "area_km2": 0.85, "area_anomaly": -0.117, "area_anomaly_3mo": -0.032, "precip_12mo_anomaly": 0.017, "pred_gen_anomaly": -0.179, "pred_gen_anomaly_lo": -0.555, "pred_gen_anomaly_hi": 0.264, "pred_gen_anomaly_3mo": -0.011, "has_generation_truth": false, "confidence": "short residence time (weak area signal)", "match_method": "hydrolakes_pour"}}, {"type": "Feature", "geometry": {"type": "Point", "coordinates": [-89.6511, 44.6647]}, "properties": {"gww_id": 86707, "name": "Du Bay", "reservoir": "Eau Pleine", "country": "USA", "iso3": "USA", "capacity_mw": 7.2, "latest_month": "2026-05", "area_km2": 20.64, "area_anomaly": 0.012, "area_anomaly_3mo": 0.007, "precip_12mo_anomaly": 0.084, "pred_gen_anomaly": 0.099, "pred_gen_anomaly_lo": -0.397, "pred_gen_anomaly_hi": 0.537, "pred_gen_anomaly_3mo": 0.053, "has_generation_truth": true, "confidence": "short residence time (weak area signal)", "match_method": "gww_polygon"}}, {"type": "Feature", "geometry": {"type": "Point", "coordinates": [-95.3572, 35.3069]}, "properties": {"gww_id": 90315, "name": "Eufaula Dam", "reservoir": "Eufaula Lake", "country": "USA", "iso3": "USA", "capacity_mw": 90.0, "latest_month": "2026-05", "area_km2": 362.38, "area_anomaly": -0.027, "area_anomaly_3mo": -0.057, "precip_12mo_anomaly": 0.037, "pred_gen_anomaly": -0.268, "pred_gen_anomaly_lo": -0.841, "pred_gen_anomaly_hi": 0.397, "pred_gen_anomaly_3mo": -0.169, "has_generation_truth": true, "confidence": "carry-over storage (validated class)", "match_method": "hydrolakes_pour"}}, {"type": "Feature", "geometry": {"type": "Point", "coordinates": [-93.715168, 34.148427]}, "properties": {"gww_id": 87416, "name": "Narrows (AR)", "reservoir": "Lake Greeson", "country": "USA", "iso3": "USA", "capacity_mw": 25.5, "latest_month": "2026-05", "area_km2": 24.76, "area_anomaly": -0.046, "area_anomaly_3mo": -0.056, "precip_12mo_anomaly": -0.309, "pred_gen_anomaly": -0.635, "pred_gen_anomaly_lo": -1.189, "pred_gen_anomaly_hi": 0.09, "pred_gen_anomaly_3mo": -0.641, "has_generation_truth": true, "confidence": "carry-over storage (validated class)", "match_method": "hydrolakes_pour"}}, {"type": "Feature", "geometry": {"type": "Point", "coordinates": [175.7465, -38.3521]}, "properties": {"gww_id": 80073, "name": "Maraetai", "reservoir": null, "country": "New Zealand", "iso3": "NZL", "capacity_mw": 352.0, "latest_month": "2026-05", "area_km2": 4.26, "area_anomaly": 0.027, "area_anomaly_3mo": 0.024, "precip_12mo_anomaly": -0.016, "pred_gen_anomaly": -0.069, "pred_gen_anomaly_lo": -0.3, "pred_gen_anomaly_hi": 0.272, "pred_gen_anomaly_3mo": -0.079, "has_generation_truth": false, "confidence": "short residence time (weak area signal)", "match_method": "hydrolakes_pour"}}, {"type": "Feature", "geometry": {"type": "Point", "coordinates": [-123.4347, 40.37]}, "properties": {"gww_id": 81020, "name": "Gosselin Hydro Plant", "reservoir": "Ruth Lake", "country": "USA", "iso3": "USA", "capacity_mw": 2.0, "latest_month": "2026-05", "area_km2": 4.24, "area_anomaly": 0.013, "area_anomaly_3mo": 0.011, "precip_12mo_anomaly": -0.123, "pred_gen_anomaly": -0.207, "pred_gen_anomaly_lo": -0.667, "pred_gen_anomaly_hi": 0.182, "pred_gen_anomaly_3mo": -0.141, "has_generation_truth": true, "confidence": "short residence time (weak area signal)", "match_method": "hydrolakes_pour"}}, {"type": "Feature", "geometry": {"type": "Point", "coordinates": [103.83, 34.92]}, "properties": {"gww_id": 86759, "name": "Jiudianxia", "reservoir": "\u4e5d\u7538\u5ce1\u6c34\u5e93", "country": "China", "iso3": "CHN", "capacity_mw": 300.0, "latest_month": "2026-05", "area_km2": 15.61, "area_anomaly": -0.031, "area_anomaly_3mo": 0.036, "precip_12mo_anomaly": 0.348, "pred_gen_anomaly": 0.277, "pred_gen_anomaly_lo": -0.214, "pred_gen_anomaly_hi": 0.869, "pred_gen_anomaly_3mo": 0.225, "has_generation_truth": false, "confidence": "unknown residence time", "match_method": "gww_polygon"}}, {"type": "Feature", "geometry": {"type": "Point", "coordinates": [-84.295601, 35.167712]}, "properties": {"gww_id": 81082, "name": "Apalachia", "reservoir": "Apalachia Lake", "country": "USA", "iso3": "USA", "capacity_mw": 93.6, "latest_month": "2026-05", "area_km2": 3.9, "area_anomaly": 0.024, "area_anomaly_3mo": 0.004, "precip_12mo_anomaly": -0.108, "pred_gen_anomaly": -0.131, "pred_gen_anomaly_lo": -0.551, "pred_gen_anomaly_hi": 0.25, "pred_gen_anomaly_3mo": -0.24, "has_generation_truth": true, "confidence": "short residence time (weak area signal)", "match_method": "hydrolakes_pour"}}, {"type": "Feature", "geometry": {"type": "Point", "coordinates": [18.36424, 49.12745]}, "properties": {"gww_id": 81063, "name": "Nosice Nosice Hydroelectric Power Plant Slovakia - Nosice Hydroelectric Power Plant Slovakia", "reservoir": null, "country": "Slovakia", "iso3": "SVK", "capacity_mw": 67.5, "latest_month": "2026-05", "area_km2": 4.55, "area_anomaly": -0.033, "area_anomaly_3mo": 0.016, "precip_12mo_anomaly": -0.105, "pred_gen_anomaly": -0.16, "pred_gen_anomaly_lo": -0.44, "pred_gen_anomaly_hi": 0.14, "pred_gen_anomaly_3mo": -0.112, "has_generation_truth": false, "confidence": "short residence time (weak area signal)", "match_method": "hydrolakes_pour"}}, {"type": "Feature", "geometry": {"type": "Point", "coordinates": [19.467367, 65.127297]}, "properties": {"gww_id": 80054, "name": "Gallejaur Gallejaur G1 - Gallejour Hydroelectric Power Plant Seweden", "reservoir": null, "country": "Sweden", "iso3": "SWE", "capacity_mw": 214.0, "latest_month": "2026-05", "area_km2": 4.28, "area_anomaly": 0.0, "area_anomaly_3mo": 0.018, "precip_12mo_anomaly": 0.143, "pred_gen_anomaly": 0.109, "pred_gen_anomaly_lo": -0.27, "pred_gen_anomaly_hi": 0.541, "pred_gen_anomaly_3mo": 0.076, "has_generation_truth": false, "confidence": "unknown residence time", "match_method": "gww_polygon"}}, {"type": "Feature", "geometry": {"type": "Point", "coordinates": [-107.337483, 38.453191]}, "properties": {"gww_id": 87438, "name": "Blue Mesa", "reservoir": "Blue Mesa", "country": "USA", "iso3": "USA", "capacity_mw": 86.4, "latest_month": "2026-05", "area_km2": 23.79, "area_anomaly": -0.137, "area_anomaly_3mo": -0.035, "precip_12mo_anomaly": 0.065, "pred_gen_anomaly": -0.135, "pred_gen_anomaly_lo": -0.609, "pred_gen_anomaly_hi": 0.331, "pred_gen_anomaly_3mo": 0.003, "has_generation_truth": true, "confidence": "carry-over storage (validated class)", "match_method": "hydrolakes_pour"}}, {"type": "Feature", "geometry": {"type": "Point", "coordinates": [145.9805, -6.2505]}, "properties": {"gww_id": 86730, "name": "Ramu", "reservoir": null, "country": "Papua New Guinea", "iso3": "PNG", "capacity_mw": 75.0, "latest_month": "2026-05", "area_km2": 18.89, "area_anomaly": -0.058, "area_anomaly_3mo": -0.036, "precip_12mo_anomaly": 0.001, "pred_gen_anomaly": -0.263, "pred_gen_anomaly_lo": -0.724, "pred_gen_anomaly_hi": 0.376, "pred_gen_anomaly_3mo": -0.256, "has_generation_truth": false, "confidence": "carry-over storage (validated class)", "match_method": "hydrolakes_pour"}}, {"type": "Feature", "geometry": {"type": "Point", "coordinates": [-73.113364, 44.641433]}, "properties": {"gww_id": 62579, "name": "Milton", "reservoir": null, "country": "USA", "iso3": "USA", "capacity_mw": 10.4, "latest_month": "2026-05", "area_km2": 0.76, "area_anomaly": 0.022, "area_anomaly_3mo": 0.076, "precip_12mo_anomaly": -0.116, "pred_gen_anomaly": -0.056, "pred_gen_anomaly_lo": -0.574, "pred_gen_anomaly_hi": 0.381, "pred_gen_anomaly_3mo": -0.101, "has_generation_truth": true, "confidence": "unknown residence time", "match_method": "gww_polygon"}}, {"type": "Feature", "geometry": {"type": "Point", "coordinates": [5.860706, 60.44001]}, "properties": {"gww_id": 68473, "name": "Gr\u00c3\u00b8nsdal", "reservoir": null, "country": "Norway", "iso3": "NOR", "capacity_mw": 36.0, "latest_month": "2026-05", "area_km2": 0.8, "area_anomaly": -0.255, "area_anomaly_3mo": -0.158, "precip_12mo_anomaly": -0.053, "pred_gen_anomaly": -0.087, "pred_gen_anomaly_lo": -0.527, "pred_gen_anomaly_hi": 0.303, "pred_gen_anomaly_3mo": -0.091, "has_generation_truth": false, "confidence": "short residence time (weak area signal)", "match_method": "hydrolakes_pour"}}, {"type": "Feature", "geometry": {"type": "Point", "coordinates": [27.15361111, 66.33972222]}, "properties": {"gww_id": 67155, "name": "Pirttikoski", "reservoir": null, "country": "Finland", "iso3": "FIN", "capacity_mw": 110.0, "latest_month": "2026-05", "area_km2": 0.88, "area_anomaly": -0.007, "area_anomaly_3mo": -0.105, "precip_12mo_anomaly": 0.239, "pred_gen_anomaly": 0.022, "pred_gen_anomaly_lo": -0.377, "pred_gen_anomaly_hi": 0.503, "pred_gen_anomaly_3mo": 0.14, "has_generation_truth": false, "confidence": "unknown residence time", "match_method": "gww_polygon"}}, {"type": "Feature", "geometry": {"type": "Point", "coordinates": [-135.2297, 57.0516]}, "properties": {"gww_id": 80473, "name": "Blue Lake Hydro", "reservoir": null, "country": "USA", "iso3": "USA", "capacity_mw": 22.9, "latest_month": "2026-05", "area_km2": 5.66, "area_anomaly": 0.034, "area_anomaly_3mo": -0.007, "precip_12mo_anomaly": 0.316, "pred_gen_anomaly": 0.265, "pred_gen_anomaly_lo": -0.23, "pred_gen_anomaly_hi": 0.674, "pred_gen_anomaly_3mo": 0.294, "has_generation_truth": true, "confidence": "short residence time (weak area signal)", "match_method": "hydrolakes_pour"}}, {"type": "Feature", "geometry": {"type": "Point", "coordinates": [-81.0894, 35.7575]}, "properties": {"gww_id": 81081, "name": "Lookout Shoals", "reservoir": null, "country": "USA", "iso3": "USA", "capacity_mw": 25.8, "latest_month": "2026-05", "area_km2": 3.77, "area_anomaly": -0.023, "area_anomaly_3mo": 0.012, "precip_12mo_anomaly": -0.096, "pred_gen_anomaly": -0.187, "pred_gen_anomaly_lo": -0.565, "pred_gen_anomaly_hi": 0.235, "pred_gen_anomaly_3mo": -0.217, "has_generation_truth": true, "confidence": "short residence time (weak area signal)", "match_method": "hydrolakes_pour"}}, {"type": "Feature", "geometry": {"type": "Point", "coordinates": [-74.046678, 41.848191]}, "properties": {"gww_id": 68402, "name": "Sturgeon", "reservoir": "Sturgeon Pool", "country": "USA", "iso3": "USA", "capacity_mw": 19.2, "latest_month": "2026-05", "area_km2": 0.78, "area_anomaly": 0.013, "area_anomaly_3mo": 0.123, "precip_12mo_anomaly": -0.156, "pred_gen_anomaly": -0.158, "pred_gen_anomaly_lo": -0.671, "pred_gen_anomaly_hi": 0.317, "pred_gen_anomaly_3mo": -0.158, "has_generation_truth": true, "confidence": "unknown residence time", "match_method": "gww_polygon"}}, {"type": "Feature", "geometry": {"type": "Point", "coordinates": [41.2026, 38.1602]}, "properties": {"gww_id": 87493, "name": "Batman Dam", "reservoir": null, "country": "Turkey", "iso3": "TUR", "capacity_mw": 198.0, "latest_month": "2026-05", "area_km2": 44.5, "area_anomaly": 0.087, "area_anomaly_3mo": 0.129, "precip_12mo_anomaly": 0.379, "pred_gen_anomaly": 0.896, "pred_gen_anomaly_lo": -0.128, "pred_gen_anomaly_hi": 1.641, "pred_gen_anomaly_3mo": 0.633, "has_generation_truth": false, "confidence": "carry-over storage (validated class)", "match_method": "hydrolakes_pour"}}, {"type": "Feature", "geometry": {"type": "Point", "coordinates": [8.716276, 58.596229]}, "properties": {"gww_id": 62913, "name": "B\u00c3\u00b8ylefoss", "reservoir": null, "country": "Norway", "iso3": "NOR", "capacity_mw": 65.0, "latest_month": "2026-05", "area_km2": 0.51, "area_anomaly": -0.003, "area_anomaly_3mo": 0.04, "precip_12mo_anomaly": 0.049, "pred_gen_anomaly": 0.033, "pred_gen_anomaly_lo": -0.435, "pred_gen_anomaly_hi": 0.417, "pred_gen_anomaly_3mo": 0.016, "has_generation_truth": false, "confidence": "unknown residence time", "match_method": "gww_polygon"}}, {"type": "Feature", "geometry": {"type": "Point", "coordinates": [-69.619162, 44.563031]}, "properties": {"gww_id": 67773, "name": "Hydro Kennebec Project", "reservoir": "Kennebec River Reservoir", "country": "USA", "iso3": "USA", "capacity_mw": 24.0, "latest_month": "2026-05", "area_km2": 0.68, "area_anomaly": -0.012, "area_anomaly_3mo": 0.025, "precip_12mo_anomaly": -0.102, "pred_gen_anomaly": 0.045, "pred_gen_anomaly_lo": -0.4, "pred_gen_anomaly_hi": 0.529, "pred_gen_anomaly_3mo": -0.14, "has_generation_truth": true, "confidence": "unknown residence time", "match_method": "gww_polygon"}}, {"type": "Feature", "geometry": {"type": "Point", "coordinates": [6.538, 43.878]}, "properties": {"gww_id": 80383, "name": "Castillon Castillon Hydroelectric Power Station France - Castillon Hydroelectric Power Station France", "reservoir": null, "country": "France", "iso3": "FRA", "capacity_mw": 68.0, "latest_month": "2026-05", "area_km2": 4.18, "area_anomaly": -0.004, "area_anomaly_3mo": -0.018, "precip_12mo_anomaly": 0.048, "pred_gen_anomaly": -0.003, "pred_gen_anomaly_lo": -0.48, "pred_gen_anomaly_hi": 0.431, "pred_gen_anomaly_3mo": 0.12, "has_generation_truth": false, "confidence": "short residence time (weak area signal)", "match_method": "hydrolakes_pour"}}, {"type": "Feature", "geometry": {"type": "Point", "coordinates": [-88.2306, 45.3569]}, "properties": {"gww_id": 80570, "name": "Caldron Falls", "reservoir": null, "country": "USA", "iso3": "USA", "capacity_mw": 6.4, "latest_month": "2026-05", "area_km2": 3.87, "area_anomaly": 0.01, "area_anomaly_3mo": 0.058, "precip_12mo_anomaly": 0.116, "pred_gen_anomaly": 0.134, "pred_gen_anomaly_lo": -0.432, "pred_gen_anomaly_hi": 0.619, "pred_gen_anomaly_3mo": 0.087, "has_generation_truth": true, "confidence": "short residence time (weak area signal)", "match_method": "hydrolakes_pour"}}, {"type": "Feature", "geometry": {"type": "Point", "coordinates": [-91.7639, 47.9344]}, "properties": {"gww_id": 87162, "name": "Winton", "reservoir": null, "country": "USA", "iso3": "USA", "capacity_mw": 4.0, "latest_month": "2026-05", "area_km2": 24.17, "area_anomaly": 0.011, "area_anomaly_3mo": -0.042, "precip_12mo_anomaly": 0.213, "pred_gen_anomaly": 0.171, "pred_gen_anomaly_lo": -0.216, "pred_gen_anomaly_hi": 0.622, "pred_gen_anomaly_3mo": 0.215, "has_generation_truth": true, "confidence": "short residence time (weak area signal)", "match_method": "hydrolakes_pour"}}, {"type": "Feature", "geometry": {"type": "Point", "coordinates": [-121.0245, 38.2268]}, "properties": {"gww_id": 87159, "name": "Camanche", "reservoir": null, "country": "USA", "iso3": "USA", "capacity_mw": 10.8, "latest_month": "2026-05", "area_km2": 29.17, "area_anomaly": 0.173, "area_anomaly_3mo": 0.104, "precip_12mo_anomaly": -0.049, "pred_gen_anomaly": -0.051, "pred_gen_anomaly_lo": -0.746, "pred_gen_anomaly_hi": 0.605, "pred_gen_anomaly_3mo": -0.027, "has_generation_truth": true, "confidence": "carry-over storage (validated class)", "match_method": "hydrolakes_pour"}}, {"type": "Feature", "geometry": {"type": "Point", "coordinates": [-111.433937, 40.964828]}, "properties": {"gww_id": 80611, "name": "Echo Dam", "reservoir": "Echo", "country": "USA", "iso3": "USA", "capacity_mw": 4.4, "latest_month": "2026-05", "area_km2": 4.36, "area_anomaly": -0.123, "area_anomaly_3mo": -0.071, "precip_12mo_anomaly": 0.068, "pred_gen_anomaly": -0.079, "pred_gen_anomaly_lo": -0.711, "pred_gen_anomaly_hi": 0.533, "pred_gen_anomaly_3mo": 0.006, "has_generation_truth": true, "confidence": "short residence time (weak area signal)", "match_method": "hydrolakes_pour"}}, {"type": "Feature", "geometry": {"type": "Point", "coordinates": [-72.5146, 42.77165]}, "properties": {"gww_id": 80631, "name": "Vernon Dam", "reservoir": null, "country": "USA", "iso3": "USA", "capacity_mw": 44.9, "latest_month": "2026-05", "area_km2": 3.92, "area_anomaly": 0.03, "area_anomaly_3mo": 0.073, "precip_12mo_anomaly": -0.113, "pred_gen_anomaly": 0.022, "pred_gen_anomaly_lo": -0.319, "pred_gen_anomaly_hi": 0.368, "pred_gen_anomaly_3mo": -0.012, "has_generation_truth": true, "confidence": "short residence time (weak area signal)", "match_method": "hydrolakes_pour"}}, {"type": "Feature", "geometry": {"type": "Point", "coordinates": [16.0706, 63.14623]}, "properties": {"gww_id": 87146, "name": "Kr\u00c3\u00a5ngede Krangede Hydroelectric Power Plant Sweden - Krangede Hydroelectric Power Plant Sweden", "reservoir": null, "country": "Sweden", "iso3": "SWE", "capacity_mw": 250.0, "latest_month": "2026-05", "area_km2": 28.21, "area_anomaly": -0.05, "area_anomaly_3mo": -0.046, "precip_12mo_anomaly": -0.028, "pred_gen_anomaly": -0.038, "pred_gen_anomaly_lo": -0.31, "pred_gen_anomaly_hi": 0.298, "pred_gen_anomaly_3mo": -0.075, "has_generation_truth": false, "confidence": "short residence time (weak area signal)", "match_method": "hydrolakes_pour"}}, {"type": "Feature", "geometry": {"type": "Point", "coordinates": [-70.9975, 44.9439]}, "properties": {"gww_id": 87145, "name": "Aziscohos Hydroelectric Project", "reservoir": null, "country": "USA", "iso3": "USA", "capacity_mw": 6.7, "latest_month": "2026-05", "area_km2": 28.32, "area_anomaly": 0.021, "area_anomaly_3mo": -0.012, "precip_12mo_anomaly": -0.116, "pred_gen_anomaly": 0.032, "pred_gen_anomaly_lo": -0.566, "pred_gen_anomaly_hi": 0.602, "pred_gen_anomaly_3mo": -0.139, "has_generation_truth": true, "confidence": "carry-over storage (validated class)", "match_method": "hydrolakes_pour"}}, {"type": "Feature", "geometry": {"type": "Point", "coordinates": [124.73, 40.35]}, "properties": {"gww_id": 87167, "name": "Taipingwan", "reservoir": null, "country": "China", "iso3": "CHN", "capacity_mw": 190.0, "latest_month": "2026-05", "area_km2": 25.06, "area_anomaly": -0.011, "area_anomaly_3mo": 0.01, "precip_12mo_anomaly": 0.215, "pred_gen_anomaly": 0.074, "pred_gen_anomaly_lo": -0.384, "pred_gen_anomaly_hi": 0.446, "pred_gen_anomaly_3mo": 0.12, "has_generation_truth": false, "confidence": "short residence time (weak area signal)", "match_method": "hydrolakes_pour"}}, {"type": "Feature", "geometry": {"type": "Point", "coordinates": [105.2731, 19.8782]}, "properties": {"gww_id": 87220, "name": "Cua Dat", "reservoir": "H\u1ed3 C\u1eeda \u0110\u1ea1t", "country": "Vietnam", "iso3": "VNM", "capacity_mw": 97.0, "latest_month": "2026-05", "area_km2": 24.75, "area_anomaly": 0.245, "area_anomaly_3mo": 0.187, "precip_12mo_anomaly": 0.27, "pred_gen_anomaly": 0.326, "pred_gen_anomaly_lo": -0.321, "pred_gen_anomaly_hi": 0.848, "pred_gen_anomaly_3mo": 0.277, "has_generation_truth": false, "confidence": "unknown residence time", "match_method": "gww_polygon"}}, {"type": "Feature", "geometry": {"type": "Point", "coordinates": [-117.5041, 49.0302]}, "properties": {"gww_id": 80489, "name": "Seven Mile", "reservoir": null, "country": "Canada", "iso3": "CAN", "capacity_mw": 1633.2, "latest_month": "2026-05", "area_km2": 3.96, "area_anomaly": 0.028, "area_anomaly_3mo": 0.016, "precip_12mo_anomaly": -0.012, "pred_gen_anomaly": 0.038, "pred_gen_anomaly_lo": -0.295, "pred_gen_anomaly_hi": 0.351, "pred_gen_anomaly_3mo": 0.06, "has_generation_truth": false, "confidence": "short residence time (weak area signal)", "match_method": "gww_polygon"}}, {"type": "Feature", "geometry": {"type": "Point", "coordinates": [-74.741349, 43.019113]}, "properties": {"gww_id": 63123, "name": "Beardslee", "reservoir": null, "country": "USA", "iso3": "USA", "capacity_mw": 20.0, "latest_month": "2026-05", "area_km2": 0.65, "area_anomaly": 0.015, "area_anomaly_3mo": 0.033, "precip_12mo_anomaly": -0.092, "pred_gen_anomaly": 0.034, "pred_gen_anomaly_lo": -0.407, "pred_gen_anomaly_hi": 0.457, "pred_gen_anomaly_3mo": -0.039, "has_generation_truth": true, "confidence": "unknown residence time", "match_method": "gww_polygon"}}, {"type": "Feature", "geometry": {"type": "Point", "coordinates": [5.81285, 46.05271]}, "properties": {"gww_id": 80471, "name": "Genissiat GENISSIAT - Genissiat Hydroelectric Power Station France", "reservoir": null, "country": "France", "iso3": "FRA", "capacity_mw": 405.0, "latest_month": "2026-05", "area_km2": 2.65, "area_anomaly": 0.021, "area_anomaly_3mo": 0.001, "precip_12mo_anomaly": 0.027, "pred_gen_anomaly": -0.183, "pred_gen_anomaly_lo": -0.441, "pred_gen_anomaly_hi": 0.115, "pred_gen_anomaly_3mo": -0.02, "has_generation_truth": false, "confidence": "short residence time (weak area signal)", "match_method": "hydrolakes_pour"}}, {"type": "Feature", "geometry": {"type": "Point", "coordinates": [-83.791438, 35.019131]}, "properties": {"gww_id": 87242, "name": "Chatuge", "reservoir": "Chatuge Lake", "country": "USA", "iso3": "USA", "capacity_mw": 13.2, "latest_month": "2026-05", "area_km2": 24.4, "area_anomaly": 0.006, "area_anomaly_3mo": 0.008, "precip_12mo_anomaly": -0.108, "pred_gen_anomaly": -0.168, "pred_gen_anomaly_lo": -0.657, "pred_gen_anomaly_hi": 0.322, "pred_gen_anomaly_3mo": -0.205, "has_generation_truth": true, "confidence": "carry-over storage (validated class)", "match_method": "hydrolakes_pour"}}, {"type": "Feature", "geometry": {"type": "Point", "coordinates": [50.0893, 31.8055]}, "properties": {"gww_id": 87193, "name": "Karoune 3", "reservoir": null, "country": "Iran", "iso3": "IRN", "capacity_mw": 2765.0, "latest_month": "2026-05", "area_km2": 36.83, "area_anomaly": 0.149, "area_anomaly_3mo": 0.136, "precip_12mo_anomaly": -0.006, "pred_gen_anomaly": 0.368, "pred_gen_anomaly_lo": -0.16, "pred_gen_anomaly_hi": 1.107, "pred_gen_anomaly_3mo": 0.275, "has_generation_truth": false, "confidence": "carry-over storage (validated class)", "match_method": "hydrolakes_pour"}}, {"type": "Feature", "geometry": {"type": "Point", "coordinates": [19.819811, 66.6313945]}, "properties": {"gww_id": 87244, "name": "Akkats Akkats Hydroelectric Power Station Sweden - Akkats Hydroelectric Power Station Sweden", "reservoir": null, "country": "Sweden", "iso3": "SWE", "capacity_mw": 149.0, "latest_month": "2026-05", "area_km2": 30.46, "area_anomaly": -0.0, "area_anomaly_3mo": 0.009, "precip_12mo_anomaly": 0.236, "pred_gen_anomaly": 0.196, "pred_gen_anomaly_lo": -0.123, "pred_gen_anomaly_hi": 0.489, "pred_gen_anomaly_3mo": 0.243, "has_generation_truth": false, "confidence": "short residence time (weak area signal)", "match_method": "hydrolakes_pour"}}, {"type": "Feature", "geometry": {"type": "Point", "coordinates": [-96.4115, 18.2324]}, "properties": {"gww_id": 90344, "name": "Temascal", "reservoir": "Presa Miguel Aleman", "country": "Mexico", "iso3": "MEX", "capacity_mw": 354.0, "latest_month": "2026-05", "area_km2": 312.17, "area_anomaly": -0.02, "area_anomaly_3mo": 0.04, "precip_12mo_anomaly": 0.055, "pred_gen_anomaly": 0.006, "pred_gen_anomaly_lo": -0.451, "pred_gen_anomaly_hi": 0.538, "pred_gen_anomaly_3mo": 0.067, "has_generation_truth": false, "confidence": "carry-over storage (validated class)", "match_method": "hydrolakes_pour"}}, {"type": "Feature", "geometry": {"type": "Point", "coordinates": [-110.063973, 42.027013]}, "properties": {"gww_id": 87191, "name": "Fontenelle", "reservoir": "Fontenelle", "country": "USA", "iso3": "USA", "capacity_mw": 10.0, "latest_month": "2026-05", "area_km2": 21.29, "area_anomaly": -0.053, "area_anomaly_3mo": -0.084, "precip_12mo_anomaly": 0.029, "pred_gen_anomaly": -0.04, "pred_gen_anomaly_lo": -0.479, "pred_gen_anomaly_hi": 0.419, "pred_gen_anomaly_3mo": 0.02, "has_generation_truth": true, "confidence": "short residence time (weak area signal)", "match_method": "hydrolakes_pour"}}, {"type": "Feature", "geometry": {"type": "Point", "coordinates": [-92.6469, 45.41167]}, "properties": {"gww_id": 80417, "name": "St Croix Falls", "reservoir": null, "country": "USA", "iso3": "USA", "capacity_mw": 23.2, "latest_month": "2026-05", "area_km2": 3.15, "area_anomaly": 0.023, "area_anomaly_3mo": 0.025, "precip_12mo_anomaly": 0.173, "pred_gen_anomaly": 0.095, "pred_gen_anomaly_lo": -0.349, "pred_gen_anomaly_hi": 0.383, "pred_gen_anomaly_3mo": 0.148, "has_generation_truth": true, "confidence": "short residence time (weak area signal)", "match_method": "hydrolakes_pour"}}, {"type": "Feature", "geometry": {"type": "Point", "coordinates": [-122.533248, 39.586864]}, "properties": {"gww_id": 80537, "name": "Stony Gorge", "reservoir": "Stony Gorge", "country": "USA", "iso3": "USA", "capacity_mw": 5.0, "latest_month": "2026-05", "area_km2": 4.58, "area_anomaly": 0.129, "area_anomaly_3mo": 0.094, "precip_12mo_anomaly": -0.11, "pred_gen_anomaly": -0.181, "pred_gen_anomaly_lo": -0.89, "pred_gen_anomaly_hi": 0.638, "pred_gen_anomaly_3mo": -0.089, "has_generation_truth": true, "confidence": "short residence time (weak area signal)", "match_method": "hydrolakes_pour"}}, {"type": "Feature", "geometry": {"type": "Point", "coordinates": [-71.1824, 49.5077]}, "properties": {"gww_id": 87245, "name": "P\u00c3\u00a9ribonka", "reservoir": null, "country": "Canada", "iso3": "CAN", "capacity_mw": 385.0, "latest_month": "2026-05", "area_km2": 31.61, "area_anomaly": 0.128, "area_anomaly_3mo": -0.006, "precip_12mo_anomaly": 0.507, "pred_gen_anomaly": 0.612, "pred_gen_anomaly_lo": -0.143, "pred_gen_anomaly_hi": 0.89, "pred_gen_anomaly_3mo": 0.55, "has_generation_truth": false, "confidence": "short residence time (weak area signal)", "match_method": "hydrolakes_pour"}}, {"type": "Feature", "geometry": {"type": "Point", "coordinates": [13.67861111, 63.22388889]}, "properties": {"gww_id": 80410, "name": "S\u00c3\u00a4llsj\u00c3\u00b6", "reservoir": null, "country": "Sweden", "iso3": "SWE", "capacity_mw": 160.0, "latest_month": "2026-05", "area_km2": 4.55, "area_anomaly": -0.031, "area_anomaly_3mo": 0.017, "precip_12mo_anomaly": -0.071, "pred_gen_anomaly": -0.08, "pred_gen_anomaly_lo": -0.418, "pred_gen_anomaly_hi": 0.218, "pred_gen_anomaly_3mo": -0.108, "has_generation_truth": false, "confidence": "short residence time (weak area signal)", "match_method": "hydrolakes_pour"}}, {"type": "Feature", "geometry": {"type": "Point", "coordinates": [-74.2063, 41.949]}, "properties": {"gww_id": 87185, "name": "Ashokan", "reservoir": null, "country": "USA", "iso3": "USA", "capacity_mw": 4.6, "latest_month": "2026-05", "area_km2": 31.07, "area_anomaly": 0.009, "area_anomaly_3mo": 0.015, "precip_12mo_anomaly": -0.109, "pred_gen_anomaly": 0.023, "pred_gen_anomaly_lo": -0.586, "pred_gen_anomaly_hi": 0.638, "pred_gen_anomaly_3mo": 0.037, "has_generation_truth": true, "confidence": "carry-over storage (validated class)", "match_method": "hydrolakes_pour"}}, {"type": "Feature", "geometry": {"type": "Point", "coordinates": [49.399, 32.029]}, "properties": {"gww_id": 80549, "name": "Masjed Soleyman", "reservoir": null, "country": "Iran", "iso3": "IRN", "capacity_mw": 2000.0, "latest_month": "2026-05", "area_km2": 4.23, "area_anomaly": 0.011, "area_anomaly_3mo": 0.029, "precip_12mo_anomaly": -0.008, "pred_gen_anomaly": 0.197, "pred_gen_anomaly_lo": -0.274, "pred_gen_anomaly_hi": 0.712, "pred_gen_anomaly_3mo": 0.167, "has_generation_truth": false, "confidence": "short residence time (weak area signal)", "match_method": "hydrolakes_pour"}}, {"type": "Feature", "geometry": {"type": "Point", "coordinates": [110.15, 32.21]}, "properties": {"gww_id": 87178, "name": "Pankou", "reservoir": "\u7af9\u5c71\u53bf\u6c34\u5e93", "country": "China", "iso3": "CHN", "capacity_mw": 513.0, "latest_month": "2026-05", "area_km2": 25.38, "area_anomaly": 0.055, "area_anomaly_3mo": 0.043, "precip_12mo_anomaly": 0.352, "pred_gen_anomaly": 0.267, "pred_gen_anomaly_lo": -0.249, "pred_gen_anomaly_hi": 0.873, "pred_gen_anomaly_3mo": 0.231, "has_generation_truth": false, "confidence": "unknown residence time", "match_method": "gww_polygon"}}, {"type": "Feature", "geometry": {"type": "Point", "coordinates": [25.2394, 56.583]}, "properties": {"gww_id": 87172, "name": "Plavinas hpp Plavinas HPP - Plavinas Hydroelectric Power Plant Latvia", "reservoir": null, "country": "Latvia", "iso3": "LVA", "capacity_mw": 884.0, "latest_month": "2026-05", "area_km2": 25.06, "area_anomaly": -0.021, "area_anomaly_3mo": 0.049, "precip_12mo_anomaly": -0.117, "pred_gen_anomaly": -0.195, "pred_gen_anomaly_lo": -0.521, "pred_gen_anomaly_hi": 0.165, "pred_gen_anomaly_3mo": -0.15, "has_generation_truth": false, "confidence": "short residence time (weak area signal)", "match_method": "hydrolakes_pour"}}, {"type": "Feature", "geometry": {"type": "Point", "coordinates": [-85.664462, 43.437322]}, "properties": {"gww_id": 80528, "name": "Croton", "reservoir": "Croton Dam Pond", "country": "USA", "iso3": "USA", "capacity_mw": 8.9, "latest_month": "2026-05", "area_km2": 4.32, "area_anomaly": -0.001, "area_anomaly_3mo": 0.019, "precip_12mo_anomaly": 0.007, "pred_gen_anomaly": 0.137, "pred_gen_anomaly_lo": -0.409, "pred_gen_anomaly_hi": 0.554, "pred_gen_anomaly_3mo": 0.002, "has_generation_truth": true, "confidence": "short residence time (weak area signal)", "match_method": "gww_polygon"}}, {"type": "Feature", "geometry": {"type": "Point", "coordinates": [127.2338, 40.5662]}, "properties": {"gww_id": 87344, "name": "River Changjin", "reservoir": null, "country": "North Korea", "iso3": "PRK", "capacity_mw": 346.7, "latest_month": "2026-05", "area_km2": 34.29, "area_anomaly": 0.087, "area_anomaly_3mo": 0.071, "precip_12mo_anomaly": 0.159, "pred_gen_anomaly": 0.182, "pred_gen_anomaly_lo": -0.242, "pred_gen_anomaly_hi": 0.719, "pred_gen_anomaly_3mo": 0.23, "has_generation_truth": false, "confidence": "carry-over storage (validated class)", "match_method": "hydrolakes_pour"}}, {"type": "Feature", "geometry": {"type": "Point", "coordinates": [106.764377, 15.059464]}, "properties": {"gww_id": 87285, "name": "Houay Ho", "reservoir": null, "country": "Laos", "iso3": "LAO", "capacity_mw": 157.0, "latest_month": "2026-05", "area_km2": 21.75, "area_anomaly": 0.088, "area_anomaly_3mo": 0.173, "precip_12mo_anomaly": 0.127, "pred_gen_anomaly": 0.284, "pred_gen_anomaly_lo": -0.321, "pred_gen_anomaly_hi": 1.139, "pred_gen_anomaly_3mo": 0.347, "has_generation_truth": false, "confidence": "carry-over storage (validated class)", "match_method": "hydrolakes_pour"}}, {"type": "Feature", "geometry": {"type": "Point", "coordinates": [127.7785, 38.1174]}, "properties": {"gww_id": 87323, "name": "Hwacheon", "reservoir": null, "country": "South Korea", "iso3": "KOR", "capacity_mw": 108.0, "latest_month": "2026-05", "area_km2": 24.31, "area_anomaly": 0.041, "area_anomaly_3mo": 0.072, "precip_12mo_anomaly": 0.12, "pred_gen_anomaly": 0.14, "pred_gen_anomaly_lo": -0.307, "pred_gen_anomaly_hi": 0.708, "pred_gen_anomaly_3mo": 0.232, "has_generation_truth": false, "confidence": "carry-over storage (validated class)", "match_method": "hydrolakes_pour"}}, {"type": "Feature", "geometry": {"type": "Point", "coordinates": [-81.5458, 35.0642]}, "properties": {"gww_id": 67615, "name": "Cherokee Falls", "reservoir": null, "country": "USA", "iso3": "USA", "capacity_mw": 4.3, "latest_month": "2026-05", "area_km2": 0.67, "area_anomaly": 0.072, "area_anomaly_3mo": 0.06, "precip_12mo_anomaly": -0.096, "pred_gen_anomaly": -0.481, "pred_gen_anomaly_lo": -1.057, "pred_gen_anomaly_hi": 0.297, "pred_gen_anomaly_3mo": -0.486, "has_generation_truth": true, "confidence": "unknown residence time", "match_method": "gww_polygon"}}, {"type": "Feature", "geometry": {"type": "Point", "coordinates": [-120.26859, 37.584345]}, "properties": {"gww_id": 87057, "name": "Exchequer", "reservoir": "Lake McClure", "country": "USA", "iso3": "USA", "capacity_mw": 94.5, "latest_month": "2026-05", "area_km2": 22.67, "area_anomaly": 0.263, "area_anomaly_3mo": 0.238, "precip_12mo_anomaly": 0.006, "pred_gen_anomaly": -0.001, "pred_gen_anomaly_lo": -0.674, "pred_gen_anomaly_hi": 0.697, "pred_gen_anomaly_3mo": 0.166, "has_generation_truth": true, "confidence": "carry-over storage (validated class)", "match_method": "hydrolakes_pour"}}, {"type": "Feature", "geometry": {"type": "Point", "coordinates": [-84.27, 36.9614]}, "properties": {"gww_id": 87330, "name": "Laurel Dam", "reservoir": "Laurel Lake", "country": "USA", "iso3": "USA", "capacity_mw": 70.0, "latest_month": "2026-05", "area_km2": 20.38, "area_anomaly": -0.056, "area_anomaly_3mo": -0.082, "precip_12mo_anomaly": -0.078, "pred_gen_anomaly": -0.236, "pred_gen_anomaly_lo": -0.759, "pred_gen_anomaly_hi": 0.293, "pred_gen_anomaly_3mo": -0.288, "has_generation_truth": true, "confidence": "carry-over storage (validated class)", "match_method": "hydrolakes_pour"}}, {"type": "Feature", "geometry": {"type": "Point", "coordinates": [-76.0418, 52.1793]}, "properties": {"gww_id": 80712, "name": "Eastmain-1-A", "reservoir": null, "country": "Canada", "iso3": "CAN", "capacity_mw": 1248.0, "latest_month": "2026-05", "area_km2": 5.7, "area_anomaly": 0.37, "area_anomaly_3mo": 0.153, "precip_12mo_anomaly": 0.496, "pred_gen_anomaly": 0.58, "pred_gen_anomaly_lo": -0.159, "pred_gen_anomaly_hi": 1.059, "pred_gen_anomaly_3mo": 0.382, "has_generation_truth": false, "confidence": "unknown residence time", "match_method": "gww_polygon"}}, {"type": "Feature", "geometry": {"type": "Point", "coordinates": [-116.437172, 43.930462]}, "properties": {"gww_id": 80254, "name": "Black Canyon", "reservoir": null, "country": "USA", "iso3": "USA", "capacity_mw": 22.7, "latest_month": "2026-05", "area_km2": 3.24, "area_anomaly": 0.026, "area_anomaly_3mo": 0.013, "precip_12mo_anomaly": 0.078, "pred_gen_anomaly": 0.068, "pred_gen_anomaly_lo": -0.348, "pred_gen_anomaly_hi": 0.463, "pred_gen_anomaly_3mo": 0.088, "has_generation_truth": true, "confidence": "short residence time (weak area signal)", "match_method": "hydrolakes_pour"}}, {"type": "Feature", "geometry": {"type": "Point", "coordinates": [6.027357341, 46.19139413]}, "properties": {"gww_id": 63330, "name": "Verbois Verbois Hydroelectric Power Plant Switzerland - Verbois Hydroelectric Power Plant Switzerland", "reservoir": null, "country": "Switzerland", "iso3": "CHE", "capacity_mw": 102.8, "latest_month": "2026-05", "area_km2": 0.65, "area_anomaly": 0.028, "area_anomaly_3mo": 0.011, "precip_12mo_anomaly": 0.027, "pred_gen_anomaly": -0.199, "pred_gen_anomaly_lo": -0.492, "pred_gen_anomaly_hi": 0.161, "pred_gen_anomaly_3mo": -0.041, "has_generation_truth": false, "confidence": "unknown residence time", "match_method": "gww_polygon"}}, {"type": "Feature", "geometry": {"type": "Point", "coordinates": [33.18419987, 0.4491334605]}, "properties": {"gww_id": 68012, "name": "Kiira", "reservoir": "Victoria", "country": "Uganda", "iso3": "UGA", "capacity_mw": 380.0, "latest_month": "2026-05", "area_km2": 0.97, "area_anomaly": 0.048, "area_anomaly_3mo": 0.082, "precip_12mo_anomaly": 0.152, "pred_gen_anomaly": 0.013, "pred_gen_anomaly_lo": -0.578, "pred_gen_anomaly_hi": 1.026, "pred_gen_anomaly_3mo": 0.02, "has_generation_truth": false, "confidence": "short residence time (weak area signal)", "match_method": "gww_polygon"}}, {"type": "Feature", "geometry": {"type": "Point", "coordinates": [17.246873, 64.29432]}, "properties": {"gww_id": 87032, "name": "Stenkullafors", "reservoir": null, "country": "Sweden", "iso3": "SWE", "capacity_mw": 58.0, "latest_month": "2026-05", "area_km2": 26.31, "area_anomaly": -0.025, "area_anomaly_3mo": 0.017, "precip_12mo_anomaly": 0.137, "pred_gen_anomaly": 0.093, "pred_gen_anomaly_lo": -0.326, "pred_gen_anomaly_hi": 0.482, "pred_gen_anomaly_3mo": 0.155, "has_generation_truth": false, "confidence": "short residence time (weak area signal)", "match_method": "hydrolakes_pour"}}, {"type": "Feature", "geometry": {"type": "Point", "coordinates": [72.2322, 41.4033]}, "properties": {"gww_id": 80760, "name": "Tash-Kumyr Hydroelectric Power Project Kyrgyzstan", "reservoir": null, "country": "Kyrgyzstan", "iso3": "KGZ", "capacity_mw": 450.0, "latest_month": "2026-05", "area_km2": 3.87, "area_anomaly": -0.03, "area_anomaly_3mo": -0.06, "precip_12mo_anomaly": -0.049, "pred_gen_anomaly": -0.042, "pred_gen_anomaly_lo": -0.426, "pred_gen_anomaly_hi": 0.285, "pred_gen_anomaly_3mo": -0.095, "has_generation_truth": false, "confidence": "short residence time (weak area signal)", "match_method": "hydrolakes_pour"}}, {"type": "Feature", "geometry": {"type": "Point", "coordinates": [148.2463, -35.3986]}, "properties": {"gww_id": 87016, "name": "Blowering", "reservoir": "Blowering Reservoir", "country": "Australia", "iso3": "AUS", "capacity_mw": 70.0, "latest_month": "2026-05", "area_km2": 18.89, "area_anomaly": -0.318, "area_anomaly_3mo": -0.352, "precip_12mo_anomaly": -0.152, "pred_gen_anomaly": -0.504, "pred_gen_anomaly_lo": -0.912, "pred_gen_anomaly_hi": -0.047, "pred_gen_anomaly_3mo": -0.415, "has_generation_truth": false, "confidence": "carry-over storage (validated class)", "match_method": "hydrolakes_pour"}}, {"type": "Feature", "geometry": {"type": "Point", "coordinates": [-92.3333, 46.655]}, "properties": {"gww_id": 66691, "name": "Thomson", "reservoir": null, "country": "USA", "iso3": "USA", "capacity_mw": 84.6, "latest_month": "2026-05", "area_km2": 0.7, "area_anomaly": 0.02, "area_anomaly_3mo": 0.177, "precip_12mo_anomaly": 0.19, "pred_gen_anomaly": 0.076, "pred_gen_anomaly_lo": -0.4, "pred_gen_anomaly_hi": 0.532, "pred_gen_anomaly_3mo": 0.085, "has_generation_truth": true, "confidence": "unknown residence time", "match_method": "gww_polygon"}}, {"type": "Feature", "geometry": {"type": "Point", "coordinates": [-109.170661, 44.508169]}, "properties": {"gww_id": 87006, "name": "Buffalo Bill", "reservoir": "Buffalo Bill", "country": "USA", "iso3": "USA", "capacity_mw": 21.0, "latest_month": "2026-05", "area_km2": 26.51, "area_anomaly": -0.014, "area_anomaly_3mo": -0.026, "precip_12mo_anomaly": -0.01, "pred_gen_anomaly": 0.011, "pred_gen_anomaly_lo": -0.434, "pred_gen_anomaly_hi": 0.378, "pred_gen_anomaly_3mo": -0.044, "has_generation_truth": true, "confidence": "carry-over storage (validated class)", "match_method": "hydrolakes_pour"}}, {"type": "Feature", "geometry": {"type": "Point", "coordinates": [-7.041, 42.311001]}, "properties": {"gww_id": 80722, "name": "PRADA 1", "reservoir": null, "country": "Spain", "iso3": "ESP", "capacity_mw": 66.0, "latest_month": "2026-05", "area_km2": 4.91, "area_anomaly": 0.099, "area_anomaly_3mo": 0.126, "precip_12mo_anomaly": 0.123, "pred_gen_anomaly": 0.178, "pred_gen_anomaly_lo": -0.458, "pred_gen_anomaly_hi": 0.705, "pred_gen_anomaly_3mo": 0.32, "has_generation_truth": false, "confidence": "short residence time (weak area signal)", "match_method": "hydrolakes_pour"}}, {"type": "Feature", "geometry": {"type": "Point", "coordinates": [16.637707, 62.80183]}, "properties": {"gww_id": 80279, "name": "J\u00c3\u00a4rkvissle", "reservoir": null, "country": "Sweden", "iso3": "SWE", "capacity_mw": 96.5, "latest_month": "2026-05", "area_km2": 4.42, "area_anomaly": -0.016, "area_anomaly_3mo": -0.017, "precip_12mo_anomaly": -0.028, "pred_gen_anomaly": -0.012, "pred_gen_anomaly_lo": -0.292, "pred_gen_anomaly_hi": 0.295, "pred_gen_anomaly_3mo": -0.041, "has_generation_truth": false, "confidence": "short residence time (weak area signal)", "match_method": "hydrolakes_pour"}}, {"type": "Feature", "geometry": {"type": "Point", "coordinates": [-111.696689, 42.64455]}, "properties": {"gww_id": 80302, "name": "Soda", "reservoir": "Alexander", "country": "USA", "iso3": "USA", "capacity_mw": 14.6, "latest_month": "2026-05", "area_km2": 4.03, "area_anomaly": 0.031, "area_anomaly_3mo": -0.043, "precip_12mo_anomaly": 0.052, "pred_gen_anomaly": -0.048, "pred_gen_anomaly_lo": -0.6, "pred_gen_anomaly_hi": 0.496, "pred_gen_anomaly_3mo": 0.021, "has_generation_truth": true, "confidence": "short residence time (weak area signal)", "match_method": "hydrolakes_pour"}}, {"type": "Feature", "geometry": {"type": "Point", "coordinates": [-111.395971, 44.418293]}, "properties": {"gww_id": 87293, "name": "Island Park", "reservoir": "Island Park", "country": "USA", "iso3": "USA", "capacity_mw": 4.8, "latest_month": "2026-05", "area_km2": 30.28, "area_anomaly": -0.013, "area_anomaly_3mo": -0.039, "precip_12mo_anomaly": 0.087, "pred_gen_anomaly": 0.021, "pred_gen_anomaly_lo": -0.712, "pred_gen_anomaly_hi": 0.774, "pred_gen_anomaly_3mo": -0.01, "has_generation_truth": true, "confidence": "carry-over storage (validated class)", "match_method": "hydrolakes_pour"}}, {"type": "Feature", "geometry": {"type": "Point", "coordinates": [-72.864663, 42.117112]}, "properties": {"gww_id": 80312, "name": "Cobble Mountain", "reservoir": null, "country": "USA", "iso3": "USA", "capacity_mw": 33.0, "latest_month": "2026-05", "area_km2": 4.06, "area_anomaly": 0.034, "area_anomaly_3mo": 0.068, "precip_12mo_anomaly": -0.116, "pred_gen_anomaly": 0.031, "pred_gen_anomaly_lo": -0.494, "pred_gen_anomaly_hi": 0.565, "pred_gen_anomaly_3mo": 0.087, "has_generation_truth": true, "confidence": "short residence time (weak area signal)", "match_method": "hydrolakes_pour"}}, {"type": "Feature", "geometry": {"type": "Point", "coordinates": [96.30333333, 21.12472222]}, "properties": {"gww_id": 87294, "name": "Kinda", "reservoir": null, "country": "Myanmar", "iso3": "MMR", "capacity_mw": 56.0, "latest_month": "2026-05", "area_km2": 29.51, "area_anomaly": 0.164, "area_anomaly_3mo": 0.232, "precip_12mo_anomaly": 0.176, "pred_gen_anomaly": 0.457, "pred_gen_anomaly_lo": -0.393, "pred_gen_anomaly_hi": 1.045, "pred_gen_anomaly_3mo": 0.414, "has_generation_truth": false, "confidence": "unknown residence time", "match_method": "gww_polygon"}}, {"type": "Feature", "geometry": {"type": "Point", "coordinates": [-75.147734, 43.291861]}, "properties": {"gww_id": 62999, "name": "Prospect", "reservoir": null, "country": "USA", "iso3": "USA", "capacity_mw": 19.0, "latest_month": "2026-05", "area_km2": 0.55, "area_anomaly": 0.01, "area_anomaly_3mo": 0.072, "precip_12mo_anomaly": -0.072, "pred_gen_anomaly": 0.008, "pred_gen_anomaly_lo": -0.498, "pred_gen_anomaly_hi": 0.501, "pred_gen_anomaly_3mo": -0.031, "has_generation_truth": true, "confidence": "unknown residence time", "match_method": "gww_polygon"}}, {"type": "Feature", "geometry": {"type": "Point", "coordinates": [15.2339025, 63.2411585]}, "properties": {"gww_id": 87138, "name": "Midskog Vermunt Hydroelectric Power Plant Austria - Midskog Hydroelectric Power Plant Sweden", "reservoir": null, "country": "Sweden", "iso3": "SWE", "capacity_mw": 155.0, "latest_month": "2026-05", "area_km2": 25.47, "area_anomaly": -0.027, "area_anomaly_3mo": 0.024, "precip_12mo_anomaly": -0.074, "pred_gen_anomaly": -0.141, "pred_gen_anomaly_lo": -0.458, "pred_gen_anomaly_hi": 0.389, "pred_gen_anomaly_3mo": -0.076, "has_generation_truth": false, "confidence": "carry-over storage (validated class)", "match_method": "gww_polygon"}}, {"type": "Feature", "geometry": {"type": "Point", "coordinates": [-51.29666667, 0.852777778]}, "properties": {"gww_id": 87120, "name": "CACHOEIRA CALDEIR\u00c3O", "reservoir": null, "country": "BRA", "iso3": "BRA", "capacity_mw": 297.0, "latest_month": "2026-05", "area_km2": 22.23, "area_anomaly": -0.031, "area_anomaly_3mo": 0.01, "precip_12mo_anomaly": -0.102, "pred_gen_anomaly": -0.225, "pred_gen_anomaly_lo": -0.627, "pred_gen_anomaly_hi": 0.206, "pred_gen_anomaly_3mo": -0.203, "has_generation_truth": true, "confidence": "unknown residence time", "match_method": "gww_polygon"}}, {"type": "Feature", "geometry": {"type": "Point", "coordinates": [6.658841, 59.526995]}, "properties": {"gww_id": 87103, "name": "Kvilldal", "reservoir": null, "country": "Norway", "iso3": "NOR", "capacity_mw": 1570.0, "latest_month": "2026-05", "area_km2": 29.68, "area_anomaly": 0.01, "area_anomaly_3mo": -0.02, "precip_12mo_anomaly": -0.053, "pred_gen_anomaly": -0.008, "pred_gen_anomaly_lo": -0.344, "pred_gen_anomaly_hi": 0.276, "pred_gen_anomaly_3mo": -0.058, "has_generation_truth": false, "confidence": "unknown residence time", "match_method": "gww_polygon"}}, {"type": "Feature", "geometry": {"type": "Point", "coordinates": [-74.98356, 42.502473]}, "properties": {"gww_id": 68005, "name": "Goodyear Lake Plant", "reservoir": null, "country": "USA", "iso3": "USA", "capacity_mw": 1.4, "latest_month": "2026-05", "area_km2": 0.87, "area_anomaly": -0.005, "area_anomaly_3mo": -0.006, "precip_12mo_anomaly": -0.129, "pred_gen_anomaly": -0.142, "pred_gen_anomaly_lo": -0.75, "pred_gen_anomaly_hi": 0.415, "pred_gen_anomaly_3mo": -0.188, "has_generation_truth": true, "confidence": "unknown residence time", "match_method": "gww_polygon"}}, {"type": "Feature", "geometry": {"type": "Point", "coordinates": [12.0677778, 46.1394444]}, "properties": {"gww_id": 67679, "name": "Sospirolo", "reservoir": null, "country": "Italy", "iso3": "ITA", "capacity_mw": 40.0, "latest_month": "2026-05", "area_km2": 1.06, "area_anomaly": 0.021, "area_anomaly_3mo": 0.007, "precip_12mo_anomaly": -0.011, "pred_gen_anomaly": -0.168, "pred_gen_anomaly_lo": -0.639, "pred_gen_anomaly_hi": 0.293, "pred_gen_anomaly_3mo": -0.03, "has_generation_truth": false, "confidence": "short residence time (weak area signal)", "match_method": "hydrolakes_pour"}}, {"type": "Feature", "geometry": {"type": "Point", "coordinates": [-85.0908, 32.7]}, "properties": {"gww_id": 87100, "name": "Bartletts Ferry", "reservoir": "Lake Harding", "country": "USA", "iso3": "USA", "capacity_mw": 173.0, "latest_month": "2026-05", "area_km2": 19.84, "area_anomaly": 0.011, "area_anomaly_3mo": -0.0, "precip_12mo_anomaly": -0.125, "pred_gen_anomaly": -0.2, "pred_gen_anomaly_lo": -0.583, "pred_gen_anomaly_hi": 0.188, "pred_gen_anomaly_3mo": -0.271, "has_generation_truth": true, "confidence": "unknown residence time", "match_method": "gww_polygon"}}, {"type": "Feature", "geometry": {"type": "Point", "coordinates": [41.8697, 41.1696]}, "properties": {"gww_id": 87099, "name": "Deriner Dam", "reservoir": "Derince Baraj G\u00f6l\u00fc", "country": "Turkey", "iso3": "TUR", "capacity_mw": 670.0, "latest_month": "2026-05", "area_km2": 20.29, "area_anomaly": -0.022, "area_anomaly_3mo": 0.009, "precip_12mo_anomaly": 0.117, "pred_gen_anomaly": 0.204, "pred_gen_anomaly_lo": -0.195, "pred_gen_anomaly_hi": 0.667, "pred_gen_anomaly_3mo": 0.157, "has_generation_truth": false, "confidence": "unknown residence time", "match_method": "gww_polygon"}}, {"type": "Feature", "geometry": {"type": "Point", "coordinates": [83.8754, 21.5337]}, "properties": {"gww_id": 90418, "name": "HIRAKUD I&II", "reservoir": "Hirakud Reservoir", "country": "India", "iso3": "IND", "capacity_mw": 347.5, "latest_month": "2026-05", "area_km2": 351.33, "area_anomaly": -0.027, "area_anomaly_3mo": 0.012, "precip_12mo_anomaly": 0.296, "pred_gen_anomaly": 0.166, "pred_gen_anomaly_lo": -0.402, "pred_gen_anomaly_hi": 0.749, "pred_gen_anomaly_3mo": 0.165, "has_generation_truth": false, "confidence": "short residence time (weak area signal)", "match_method": "hydrolakes_pour"}}, {"type": "Feature", "geometry": {"type": "Point", "coordinates": [-119.327, 36.8326]}, "properties": {"gww_id": 86332, "name": "Pine Flat", "reservoir": "Pine Flat Lake", "country": "USA", "iso3": "USA", "capacity_mw": 168.8, "latest_month": "2026-05", "area_km2": 19.87, "area_anomaly": 0.205, "area_anomaly_3mo": 0.165, "precip_12mo_anomaly": -0.035, "pred_gen_anomaly": -0.129, "pred_gen_anomaly_lo": -0.729, "pred_gen_anomaly_hi": 0.515, "pred_gen_anomaly_3mo": -0.041, "has_generation_truth": true, "confidence": "carry-over storage (validated class)", "match_method": "hydrolakes_pour"}}, {"type": "Feature", "geometry": {"type": "Point", "coordinates": [-76.6318, 45.6611]}, "properties": {"gww_id": 86418, "name": "Bryson", "reservoir": null, "country": "Canada", "iso3": "CAN", "capacity_mw": 56.0, "latest_month": "2026-05", "area_km2": 18.79, "area_anomaly": 0.017, "area_anomaly_3mo": 0.0, "precip_12mo_anomaly": 0.273, "pred_gen_anomaly": 0.361, "pred_gen_anomaly_lo": -0.151, "pred_gen_anomaly_hi": 0.755, "pred_gen_anomaly_3mo": 0.196, "has_generation_truth": false, "confidence": "unknown residence time", "match_method": "gww_polygon"}}, {"type": "Feature", "geometry": {"type": "Point", "coordinates": [126.3501, 40.1802]}, "properties": {"gww_id": 86412, "name": "Kangge Youth", "reservoir": "Huichon Reservoir", "country": "North Korea", "iso3": "PRK", "capacity_mw": 225.0, "latest_month": "2026-05", "area_km2": 11.38, "area_anomaly": -0.061, "area_anomaly_3mo": -0.049, "precip_12mo_anomaly": 0.241, "pred_gen_anomaly": 0.07, "pred_gen_anomaly_lo": -0.411, "pred_gen_anomaly_hi": 0.67, "pred_gen_anomaly_3mo": 0.153, "has_generation_truth": false, "confidence": "unknown residence time", "match_method": "gww_polygon"}}, {"type": "Feature", "geometry": {"type": "Point", "coordinates": [16.388557, 61.389765]}, "properties": {"gww_id": 81645, "name": "D\u00c3\u00b6nje", "reservoir": null, "country": "Sweden", "iso3": "SWE", "capacity_mw": 72.0, "latest_month": "2026-05", "area_km2": 5.97, "area_anomaly": 0.009, "area_anomaly_3mo": -0.05, "precip_12mo_anomaly": 0.05, "pred_gen_anomaly": -0.005, "pred_gen_anomaly_lo": -0.294, "pred_gen_anomaly_hi": 0.304, "pred_gen_anomaly_3mo": 0.018, "has_generation_truth": false, "confidence": "short residence time (weak area signal)", "match_method": "hydrolakes_pour"}}, {"type": "Feature", "geometry": {"type": "Point", "coordinates": [20.345341, 66.691226]}, "properties": {"gww_id": 86239, "name": "Messaure Messaure G1 - Messaure Hydroelectric Power Station Sweden", "reservoir": null, "country": "Sweden", "iso3": "SWE", "capacity_mw": 450.0, "latest_month": "2026-05", "area_km2": 21.57, "area_anomaly": 0.012, "area_anomaly_3mo": 0.024, "precip_12mo_anomaly": 0.142, "pred_gen_anomaly": 0.092, "pred_gen_anomaly_lo": -0.221, "pred_gen_anomaly_hi": 0.508, "pred_gen_anomaly_3mo": 0.112, "has_generation_truth": false, "confidence": "short residence time (weak area signal)", "match_method": "hydrolakes_pour"}}, {"type": "Feature", "geometry": {"type": "Point", "coordinates": [-114.903611, 42.841608]}, "properties": {"gww_id": 79577, "name": "Lower Salmon", "reservoir": null, "country": "USA", "iso3": "USA", "capacity_mw": 108.0, "latest_month": "2026-05", "area_km2": 2.93, "area_anomaly": -0.001, "area_anomaly_3mo": 0.009, "precip_12mo_anomaly": 0.05, "pred_gen_anomaly": 0.035, "pred_gen_anomaly_lo": -0.312, "pred_gen_anomaly_hi": 0.317, "pred_gen_anomaly_3mo": 0.027, "has_generation_truth": true, "confidence": "short residence time (weak area signal)", "match_method": "hydrolakes_pour"}}, {"type": "Feature", "geometry": {"type": "Point", "coordinates": [-121.158443, 38.70675]}, "properties": {"gww_id": 87589, "name": "Folsom", "reservoir": "Folsom Lake", "country": "USA", "iso3": "USA", "capacity_mw": 211.3, "latest_month": "2026-05", "area_km2": 41.98, "area_anomaly": 0.111, "area_anomaly_3mo": 0.113, "precip_12mo_anomaly": -0.049, "pred_gen_anomaly": -0.076, "pred_gen_anomaly_lo": -0.606, "pred_gen_anomaly_hi": 0.478, "pred_gen_anomaly_3mo": -0.031, "has_generation_truth": true, "confidence": "carry-over storage (validated class)", "match_method": "hydrolakes_pour"}}, {"type": "Feature", "geometry": {"type": "Point", "coordinates": [7.367182, 58.557967]}, "properties": {"gww_id": 79604, "name": "Skjerka", "reservoir": "Skjerkavatn", "country": "Norway", "iso3": "NOR", "capacity_mw": 206.6, "latest_month": "2026-05", "area_km2": 3.6, "area_anomaly": 0.019, "area_anomaly_3mo": 0.091, "precip_12mo_anomaly": 0.021, "pred_gen_anomaly": 0.059, "pred_gen_anomaly_lo": -0.317, "pred_gen_anomaly_hi": 0.437, "pred_gen_anomaly_3mo": 0.012, "has_generation_truth": false, "confidence": "short residence time (weak area signal)", "match_method": "hydrolakes_pour"}}, {"type": "Feature", "geometry": {"type": "Point", "coordinates": [-67.4012, 45.1554]}, "properties": {"gww_id": 81405, "name": "Domtar - Woodland Mill", "reservoir": null, "country": "USA", "iso3": "USA", "capacity_mw": 18.5, "latest_month": "2026-05", "area_km2": 5.18, "area_anomaly": 0.038, "area_anomaly_3mo": 0.028, "precip_12mo_anomaly": -0.078, "pred_gen_anomaly": 0.032, "pred_gen_anomaly_lo": -0.364, "pred_gen_anomaly_hi": 0.42, "pred_gen_anomaly_3mo": -0.008, "has_generation_truth": true, "confidence": "short residence time (weak area signal)", "match_method": "hydrolakes_pour"}}, {"type": "Feature", "geometry": {"type": "Point", "coordinates": [-117.420556, 47.653611]}, "properties": {"gww_id": 66935, "name": "Monroe Street", "reservoir": "Upper Falls Reservoir", "country": "USA", "iso3": "USA", "capacity_mw": 24.8, "latest_month": "2026-05", "area_km2": 0.49, "area_anomaly": 0.107, "area_anomaly_3mo": 0.078, "precip_12mo_anomaly": 0.084, "pred_gen_anomaly": -0.033, "pred_gen_anomaly_lo": -0.479, "pred_gen_anomaly_hi": 0.495, "pred_gen_anomaly_3mo": -0.029, "has_generation_truth": true, "confidence": "unknown residence time", "match_method": "gww_polygon"}}, {"type": "Feature", "geometry": {"type": "Point", "coordinates": [31.5316, 36.9086]}, "properties": {"gww_id": 79707, "name": "Oymapinar Dam", "reservoir": null, "country": "Turkey", "iso3": "TUR", "capacity_mw": 540.0, "latest_month": "2026-05", "area_km2": 4.69, "area_anomaly": 0.037, "area_anomaly_3mo": 0.052, "precip_12mo_anomaly": 0.61, "pred_gen_anomaly": 1.197, "pred_gen_anomaly_lo": -0.127, "pred_gen_anomaly_hi": 2.114, "pred_gen_anomaly_3mo": 0.873, "has_generation_truth": false, "confidence": "short residence time (weak area signal)", "match_method": "hydrolakes_pour"}}, {"type": "Feature", "geometry": {"type": "Point", "coordinates": [136.6483, 36.2683]}, "properties": {"gww_id": 81418, "name": "Tedorigawa Daiichi", "reservoir": "Tedoriko", "country": "Japan", "iso3": "JPN", "capacity_mw": 250.0, "latest_month": "2026-05", "area_km2": 4.25, "area_anomaly": 0.004, "area_anomaly_3mo": 0.089, "precip_12mo_anomaly": 0.561, "pred_gen_anomaly": 0.414, "pred_gen_anomaly_lo": -0.29, "pred_gen_anomaly_hi": 1.146, "pred_gen_anomaly_3mo": 0.517, "has_generation_truth": false, "confidence": "short residence time (weak area signal)", "match_method": "hydrolakes_pour"}}, {"type": "Feature", "geometry": {"type": "Point", "coordinates": [102.25, 29.34]}, "properties": {"gww_id": 81706, "name": "Long Tou Shi", "reservoir": "\u9f99\u5934\u77f3\u6c34\u5e93", "country": "China", "iso3": "CHN", "capacity_mw": 700.0, "latest_month": "2026-05", "area_km2": 4.51, "area_anomaly": 0.009, "area_anomaly_3mo": 0.039, "precip_12mo_anomaly": 0.036, "pred_gen_anomaly": 0.115, "pred_gen_anomaly_lo": -0.347, "pred_gen_anomaly_hi": 0.641, "pred_gen_anomaly_3mo": 0.082, "has_generation_truth": false, "confidence": "unknown residence time", "match_method": "gww_polygon"}}, {"type": "Feature", "geometry": {"type": "Point", "coordinates": [138.2246, 35.2121]}, "properties": {"gww_id": 79737, "name": "Ikawa", "reservoir": "Ikawako", "country": "Japan", "iso3": "JPN", "capacity_mw": 62.0, "latest_month": "2026-05", "area_km2": 3.57, "area_anomaly": 0.074, "area_anomaly_3mo": -0.014, "precip_12mo_anomaly": 0.461, "pred_gen_anomaly": 0.427, "pred_gen_anomaly_lo": -0.307, "pred_gen_anomaly_hi": 1.172, "pred_gen_anomaly_3mo": 0.422, "has_generation_truth": false, "confidence": "short residence time (weak area signal)", "match_method": "hydrolakes_pour"}}, {"type": "Feature", "geometry": {"type": "Point", "coordinates": [-119.0069, 36.4156]}, "properties": {"gww_id": 81675, "name": "Terminus Hydroelectric Project", "reservoir": "Lake Kaweah", "country": "USA", "iso3": "USA", "capacity_mw": 20.1, "latest_month": "2026-05", "area_km2": 6.51, "area_anomaly": 0.201, "area_anomaly_3mo": 0.213, "precip_12mo_anomaly": -0.101, "pred_gen_anomaly": -0.066, "pred_gen_anomaly_lo": -0.895, "pred_gen_anomaly_hi": 0.961, "pred_gen_anomaly_3mo": 0.019, "has_generation_truth": true, "confidence": "short residence time (weak area signal)", "match_method": "hydrolakes_pour"}}, {"type": "Feature", "geometry": {"type": "Point", "coordinates": [14.1816, 49.6066]}, "properties": {"gww_id": 86465, "name": "Orl\u00c3\u00adk", "reservoir": "Orlick\u00e1 p\u0159ehrada", "country": "Czech Republic", "iso3": "CZE", "capacity_mw": 364.0, "latest_month": "2026-05", "area_km2": 16.4, "area_anomaly": -0.029, "area_anomaly_3mo": -0.011, "precip_12mo_anomaly": -0.082, "pred_gen_anomaly": -0.19, "pred_gen_anomaly_lo": -0.526, "pred_gen_anomaly_hi": 0.134, "pred_gen_anomaly_3mo": -0.092, "has_generation_truth": false, "confidence": "carry-over storage (validated class)", "match_method": "gww_polygon"}}, {"type": "Feature", "geometry": {"type": "Point", "coordinates": [-4.763588, 56.261512]}, "properties": {"gww_id": 68493, "name": "Sloy SLOY SLOY-1 - Loch Sloy Hydroelectric Power Plant UK", "reservoir": null, "country": "United Kingdom", "iso3": "GBR", "capacity_mw": 152.5, "latest_month": "2026-05", "area_km2": 0.75, "area_anomaly": -0.031, "area_anomaly_3mo": -0.047, "precip_12mo_anomaly": 0.119, "pred_gen_anomaly": 0.045, "pred_gen_anomaly_lo": -0.346, "pred_gen_anomaly_hi": 0.463, "pred_gen_anomaly_3mo": 0.045, "has_generation_truth": false, "confidence": "short residence time (weak area signal)", "match_method": "hydrolakes_pour"}}, {"type": "Feature", "geometry": {"type": "Point", "coordinates": [-8.043, 43.403999]}, "properties": {"gww_id": 79716, "name": "EUME 1", "reservoir": null, "country": "Spain", "iso3": "ESP", "capacity_mw": 54.0, "latest_month": "2026-05", "area_km2": 3.3, "area_anomaly": 0.016, "area_anomaly_3mo": 0.029, "precip_12mo_anomaly": 0.133, "pred_gen_anomaly": 0.082, "pred_gen_anomaly_lo": -0.511, "pred_gen_anomaly_hi": 0.599, "pred_gen_anomaly_3mo": 0.354, "has_generation_truth": false, "confidence": "short residence time (weak area signal)", "match_method": "hydrolakes_pour"}}, {"type": "Feature", "geometry": {"type": "Point", "coordinates": [46.8708, 42.9772]}, "properties": {"gww_id": 87536, "name": "Chirkey HPP", "reservoir": null, "country": "Russia", "iso3": "RUS", "capacity_mw": 1000.0, "latest_month": "2026-05", "area_km2": 26.37, "area_anomaly": -0.108, "area_anomaly_3mo": -0.097, "precip_12mo_anomaly": 0.306, "pred_gen_anomaly": 0.164, "pred_gen_anomaly_lo": -0.32, "pred_gen_anomaly_hi": 0.578, "pred_gen_anomaly_3mo": 0.113, "has_generation_truth": false, "confidence": "carry-over storage (validated class)", "match_method": "hydrolakes_pour"}}, {"type": "Feature", "geometry": {"type": "Point", "coordinates": [14.1712, 46.5347]}, "properties": {"gww_id": 79708, "name": "Feistritz-Ludmannsdorf", "reservoir": null, "country": "Austria", "iso3": "AUT", "capacity_mw": 88.0, "latest_month": "2026-05", "area_km2": 3.37, "area_anomaly": -0.049, "area_anomaly_3mo": -0.052, "precip_12mo_anomaly": -0.008, "pred_gen_anomaly": -0.149, "pred_gen_anomaly_lo": -0.444, "pred_gen_anomaly_hi": 0.121, "pred_gen_anomaly_3mo": -0.003, "has_generation_truth": false, "confidence": "short residence time (weak area signal)", "match_method": "hydrolakes_pour"}}, {"type": "Feature", "geometry": {"type": "Point", "coordinates": [-117.836111, 47.834444]}, "properties": {"gww_id": 86423, "name": "Long Lake", "reservoir": "Little Falls Reservoir", "country": "USA", "iso3": "USA", "capacity_mw": 70.0, "latest_month": "2026-05", "area_km2": 19.9, "area_anomaly": 0.003, "area_anomaly_3mo": 0.045, "precip_12mo_anomaly": 0.067, "pred_gen_anomaly": 0.044, "pred_gen_anomaly_lo": -0.291, "pred_gen_anomaly_hi": 0.413, "pred_gen_anomaly_3mo": 0.096, "has_generation_truth": true, "confidence": "short residence time (weak area signal)", "match_method": "gww_polygon"}}, {"type": "Feature", "geometry": {"type": "Point", "coordinates": [-2.784, 40.398998]}, "properties": {"gww_id": 87540, "name": "BUENDIA 1", "reservoir": "Buendia", "country": "Spain", "iso3": "ESP", "capacity_mw": 55.0, "latest_month": "2026-05", "area_km2": 43.39, "area_anomaly": 0.492, "area_anomaly_3mo": 0.54, "precip_12mo_anomaly": 0.239, "pred_gen_anomaly": 0.79, "pred_gen_anomaly_lo": -0.436, "pred_gen_anomaly_hi": 1.918, "pred_gen_anomaly_3mo": 0.731, "has_generation_truth": false, "confidence": "carry-over storage (validated class)", "match_method": "hydrolakes_pour"}}, {"type": "Feature", "geometry": {"type": "Point", "coordinates": [-124.317, 49.7699]}, "properties": {"gww_id": 86482, "name": "Lois Lake", "reservoir": null, "country": "Canada", "iso3": "CAN", "capacity_mw": 37.0, "latest_month": "2026-05", "area_km2": 23.44, "area_anomaly": 0.019, "area_anomaly_3mo": 0.017, "precip_12mo_anomaly": -0.044, "pred_gen_anomaly": -0.12, "pred_gen_anomaly_lo": -0.51, "pred_gen_anomaly_hi": 0.361, "pred_gen_anomaly_3mo": -0.109, "has_generation_truth": false, "confidence": "carry-over storage (validated class)", "match_method": "hydrolakes_pour"}}, {"type": "Feature", "geometry": {"type": "Point", "coordinates": [-73.7183, 47.8929]}, "properties": {"gww_id": 81435, "name": "Chute-Allard", "reservoir": null, "country": "Canada", "iso3": "CAN", "capacity_mw": 62.0, "latest_month": "2026-05", "area_km2": 4.49, "area_anomaly": 0.074, "area_anomaly_3mo": 0.182, "precip_12mo_anomaly": 0.114, "pred_gen_anomaly": 0.196, "pred_gen_anomaly_lo": -0.204, "pred_gen_anomaly_hi": 0.673, "pred_gen_anomaly_3mo": 0.102, "has_generation_truth": false, "confidence": "unknown residence time", "match_method": "gww_polygon"}}, {"type": "Feature", "geometry": {"type": "Point", "coordinates": [-43.87333333, -22.68305556]}, "properties": {"gww_id": 87555, "name": "NILO PE\u00c7ANHA", "reservoir": "Lajes Reservoir", "country": "BRA", "iso3": "BRA", "capacity_mw": 512.0, "latest_month": "2026-05", "area_km2": 24.92, "area_anomaly": -0.004, "area_anomaly_3mo": -0.011, "precip_12mo_anomaly": -0.045, "pred_gen_anomaly": -0.176, "pred_gen_anomaly_lo": -0.709, "pred_gen_anomaly_hi": 0.517, "pred_gen_anomaly_3mo": -0.153, "has_generation_truth": true, "confidence": "carry-over storage (validated class)", "match_method": "hydrolakes_pour"}}, {"type": "Feature", "geometry": {"type": "Point", "coordinates": [-83.440692, 42.214264]}, "properties": {"gww_id": 81592, "name": "French Landing Dam", "reservoir": null, "country": "USA", "iso3": "USA", "capacity_mw": 1.6, "latest_month": "2026-05", "area_km2": 4.67, "area_anomaly": -0.008, "area_anomaly_3mo": 0.037, "precip_12mo_anomaly": 0.023, "pred_gen_anomaly": 0.104, "pred_gen_anomaly_lo": -0.664, "pred_gen_anomaly_hi": 0.688, "pred_gen_anomaly_3mo": 0.034, "has_generation_truth": true, "confidence": "short residence time (weak area signal)", "match_method": "hydrolakes_pour"}}, {"type": "Feature", "geometry": {"type": "Point", "coordinates": [10.478311, 63.113494]}, "properties": {"gww_id": 79660, "name": "H\u00c3\u00a5en", "reservoir": null, "country": "Norway", "iso3": "NOR", "capacity_mw": 30.0, "latest_month": "2026-05", "area_km2": 2.79, "area_anomaly": -0.261, "area_anomaly_3mo": -0.172, "precip_12mo_anomaly": -0.212, "pred_gen_anomaly": -0.299, "pred_gen_anomaly_lo": -0.663, "pred_gen_anomaly_hi": 0.058, "pred_gen_anomaly_3mo": -0.198, "has_generation_truth": false, "confidence": "short residence time (weak area signal)", "match_method": "hydrolakes_pour"}}, {"type": "Feature", "geometry": {"type": "Point", "coordinates": [-71.2125, 48.6987]}, "properties": {"gww_id": 87574, "name": "Jim-Gray", "reservoir": "La Mothe", "country": "Canada", "iso3": "CAN", "capacity_mw": 63.0, "latest_month": "2026-05", "area_km2": 38.68, "area_anomaly": 0.039, "area_anomaly_3mo": 0.025, "precip_12mo_anomaly": 0.35, "pred_gen_anomaly": 0.374, "pred_gen_anomaly_lo": -0.124, "pred_gen_anomaly_hi": 0.81, "pred_gen_anomaly_3mo": 0.221, "has_generation_truth": false, "confidence": "unknown residence time", "match_method": "gww_polygon"}}, {"type": "Feature", "geometry": {"type": "Point", "coordinates": [-74.7828, 41.5717]}, "properties": {"gww_id": 79661, "name": "Swinging Bridge 2", "reservoir": null, "country": "USA", "iso3": "USA", "capacity_mw": 13.0, "latest_month": "2026-05", "area_km2": 3.52, "area_anomaly": 0.101, "area_anomaly_3mo": 0.082, "precip_12mo_anomaly": -0.149, "pred_gen_anomaly": 0.08, "pred_gen_anomaly_lo": -0.586, "pred_gen_anomaly_hi": 0.657, "pred_gen_anomaly_3mo": 0.022, "has_generation_truth": true, "confidence": "short residence time (weak area signal)", "match_method": "hydrolakes_pour"}}, {"type": "Feature", "geometry": {"type": "Point", "coordinates": [-104.0431, 53.321]}, "properties": {"gww_id": 87572, "name": "Nipawin", "reservoir": "Tobin", "country": "Canada", "iso3": "CAN", "capacity_mw": 255.0, "latest_month": "2026-05", "area_km2": 33.59, "area_anomaly": 0.003, "area_anomaly_3mo": -0.114, "precip_12mo_anomaly": 0.111, "pred_gen_anomaly": 0.089, "pred_gen_anomaly_lo": -0.267, "pred_gen_anomaly_hi": 0.535, "pred_gen_anomaly_3mo": 0.066, "has_generation_truth": false, "confidence": "short residence time (weak area signal)", "match_method": "gww_polygon"}}, {"type": "Feature", "geometry": {"type": "Point", "coordinates": [19.11352, 65.295466]}, "properties": {"gww_id": 81571, "name": "Grytfors", "reservoir": null, "country": "Sweden", "iso3": "SWE", "capacity_mw": 37.0, "latest_month": "2026-05", "area_km2": 5.27, "area_anomaly": 0.084, "area_anomaly_3mo": 0.115, "precip_12mo_anomaly": 0.143, "pred_gen_anomaly": 0.119, "pred_gen_anomaly_lo": -0.325, "pred_gen_anomaly_hi": 0.629, "pred_gen_anomaly_3mo": 0.089, "has_generation_truth": false, "confidence": "short residence time (weak area signal)", "match_method": "hydrolakes_pour"}}, {"type": "Feature", "geometry": {"type": "Point", "coordinates": [-99.9943, 17.9505]}, "properties": {"gww_id": 87576, "name": "Carlos Ram\u00c3\u00adrez Ulloa (El Caracol)", "reservoir": null, "country": "Mexico", "iso3": "MEX", "capacity_mw": 600.0, "latest_month": "2026-05", "area_km2": 28.03, "area_anomaly": -0.021, "area_anomaly_3mo": 0.015, "precip_12mo_anomaly": 0.017, "pred_gen_anomaly": -0.092, "pred_gen_anomaly_lo": -0.398, "pred_gen_anomaly_hi": 0.247, "pred_gen_anomaly_3mo": -0.077, "has_generation_truth": false, "confidence": "short residence time (weak area signal)", "match_method": "hydrolakes_pour"}}, {"type": "Feature", "geometry": {"type": "Point", "coordinates": [-122.4247, 46.5347]}, "properties": {"gww_id": 87582, "name": "Mossyrock", "reservoir": null, "country": "USA", "iso3": "USA", "capacity_mw": 300.0, "latest_month": "2026-05", "area_km2": 40.38, "area_anomaly": 0.013, "area_anomaly_3mo": 0.028, "precip_12mo_anomaly": -0.092, "pred_gen_anomaly": -0.055, "pred_gen_anomaly_lo": -0.422, "pred_gen_anomaly_hi": 0.344, "pred_gen_anomaly_3mo": -0.085, "has_generation_truth": true, "confidence": "carry-over storage (validated class)", "match_method": "hydrolakes_pour"}}, {"type": "Feature", "geometry": {"type": "Point", "coordinates": [-105.208889, 40.324167]}, "properties": {"gww_id": 79624, "name": "Carter Hydro", "reservoir": "Carter Lake", "country": "USA", "iso3": "USA", "capacity_mw": 2.6, "latest_month": "2026-05", "area_km2": 4.35, "area_anomaly": 0.018, "area_anomaly_3mo": 0.051, "precip_12mo_anomaly": 0.07, "pred_gen_anomaly": -0.114, "pred_gen_anomaly_lo": -0.775, "pred_gen_anomaly_hi": 0.741, "pred_gen_anomaly_3mo": -0.068, "has_generation_truth": true, "confidence": "short residence time (weak area signal)", "match_method": "hydrolakes_pour"}}, {"type": "Feature", "geometry": {"type": "Point", "coordinates": [-92.847701, 37.9385]}, "properties": {"gww_id": 68648, "name": "Niangua", "reservoir": "Lake Niangua", "country": "USA", "iso3": "USA", "capacity_mw": 3.0, "latest_month": "2026-05", "area_km2": 0.88, "area_anomaly": 0.021, "area_anomaly_3mo": 0.025, "precip_12mo_anomaly": -0.063, "pred_gen_anomaly": -0.232, "pred_gen_anomaly_lo": -1.07, "pred_gen_anomaly_hi": 0.611, "pred_gen_anomaly_3mo": -0.425, "has_generation_truth": true, "confidence": "unknown residence time", "match_method": "gww_polygon"}}, {"type": "Feature", "geometry": {"type": "Point", "coordinates": [19.41, 43.964001]}, "properties": {"gww_id": 79687, "name": "HE Bajina Basta G1 - Bajina Basta Hydroelectric Power Plant Serbia", "reservoir": "Lake Perucac", "country": "Serbia", "iso3": "SRB", "capacity_mw": 364.0, "latest_month": "2026-05", "area_km2": 3.92, "area_anomaly": -0.019, "area_anomaly_3mo": -0.013, "precip_12mo_anomaly": 0.124, "pred_gen_anomaly": 0.113, "pred_gen_anomaly_lo": -0.181, "pred_gen_anomaly_hi": 0.402, "pred_gen_anomaly_3mo": 0.184, "has_generation_truth": false, "confidence": "short residence time (weak area signal)", "match_method": "hydrolakes_pour"}}, {"type": "Feature", "geometry": {"type": "Point", "coordinates": [-68.7256, 49.5576]}, "properties": {"gww_id": 87558, "name": "Outardes-3", "reservoir": "Outardes 2", "country": "Canada", "iso3": "CAN", "capacity_mw": 1549.0, "latest_month": "2026-05", "area_km2": 31.85, "area_anomaly": -0.019, "area_anomaly_3mo": -0.045, "precip_12mo_anomaly": 0.585, "pred_gen_anomaly": 0.396, "pred_gen_anomaly_lo": -0.211, "pred_gen_anomaly_hi": 0.907, "pred_gen_anomaly_3mo": 0.394, "has_generation_truth": false, "confidence": "unknown residence time", "match_method": "gww_polygon"}}, {"type": "Feature", "geometry": {"type": "Point", "coordinates": [-83.804505, 44.561961]}, "properties": {"gww_id": 79673, "name": "Alcona", "reservoir": null, "country": "USA", "iso3": "USA", "capacity_mw": 8.0, "latest_month": "2026-05", "area_km2": 3.75, "area_anomaly": -0.004, "area_anomaly_3mo": 0.081, "precip_12mo_anomaly": 0.048, "pred_gen_anomaly": 0.171, "pred_gen_anomaly_lo": -0.374, "pred_gen_anomaly_hi": 0.517, "pred_gen_anomaly_3mo": 0.049, "has_generation_truth": true, "confidence": "short residence time (weak area signal)", "match_method": "hydrolakes_pour"}}, {"type": "Feature", "geometry": {"type": "Point", "coordinates": [-84.399756, 41.237206]}, "properties": {"gww_id": 79607, "name": "Auglaize Hydro", "reservoir": null, "country": "USA", "iso3": "USA", "capacity_mw": 5.0, "latest_month": "2026-05", "area_km2": 2.75, "area_anomaly": 0.034, "area_anomaly_3mo": 0.034, "precip_12mo_anomaly": 0.017, "pred_gen_anomaly": 0.109, "pred_gen_anomaly_lo": -0.585, "pred_gen_anomaly_hi": 0.639, "pred_gen_anomaly_3mo": -0.037, "has_generation_truth": true, "confidence": "short residence time (weak area signal)", "match_method": "hydrolakes_pour"}}, {"type": "Feature", "geometry": {"type": "Point", "coordinates": [-7.927083333, 32.72708333]}, "properties": {"gww_id": 81441, "name": "Imfout", "reservoir": null, "country": "Morocco", "iso3": "MAR", "capacity_mw": 31.0, "latest_month": "2026-05", "area_km2": 2.39, "area_anomaly": -0.294, "area_anomaly_3mo": -0.152, "precip_12mo_anomaly": 0.366, "pred_gen_anomaly": 0.1, "pred_gen_anomaly_lo": -0.703, "pred_gen_anomaly_hi": 0.92, "pred_gen_anomaly_3mo": 0.22, "has_generation_truth": false, "confidence": "short residence time (weak area signal)", "match_method": "hydrolakes_pour"}}, {"type": "Feature", "geometry": {"type": "Point", "coordinates": [-107.9021, 25.8537]}, "properties": {"gww_id": 87563, "name": "Bacurato", "reservoir": null, "country": "Mexico", "iso3": "MEX", "capacity_mw": 92.0, "latest_month": "2026-05", "area_km2": 21.3, "area_anomaly": -0.136, "area_anomaly_3mo": -0.057, "precip_12mo_anomaly": 0.18, "pred_gen_anomaly": -0.083, "pred_gen_anomaly_lo": -0.779, "pred_gen_anomaly_hi": 0.628, "pred_gen_anomaly_3mo": -0.106, "has_generation_truth": false, "confidence": "carry-over storage (validated class)", "match_method": "hydrolakes_pour"}}, {"type": "Feature", "geometry": {"type": "Point", "coordinates": [-122.2439, 44.1307]}, "properties": {"gww_id": 79672, "name": "Cougar", "reservoir": "South Fork Mckenzie River", "country": "USA", "iso3": "USA", "capacity_mw": 26.0, "latest_month": "2026-05", "area_km2": 2.85, "area_anomaly": -0.2, "area_anomaly_3mo": -0.165, "precip_12mo_anomaly": -0.13, "pred_gen_anomaly": -0.284, "pred_gen_anomaly_lo": -0.6, "pred_gen_anomaly_hi": -0.01, "pred_gen_anomaly_3mo": -0.266, "has_generation_truth": true, "confidence": "short residence time (weak area signal)", "match_method": "hydrolakes_pour"}}, {"type": "Feature", "geometry": {"type": "Point", "coordinates": [6.073856, 59.874602]}, "properties": {"gww_id": 66357, "name": "Bl\u00c3\u00a5falli III H", "reservoir": "Staffivatnet", "country": "Norway", "iso3": "NOR", "capacity_mw": 100.0, "latest_month": "2026-05", "area_km2": 0.73, "area_anomaly": -0.131, "area_anomaly_3mo": -0.016, "precip_12mo_anomaly": -0.053, "pred_gen_anomaly": -0.003, "pred_gen_anomaly_lo": -0.38, "pred_gen_anomaly_hi": 0.287, "pred_gen_anomaly_3mo": -0.051, "has_generation_truth": false, "confidence": "short residence time (weak area signal)", "match_method": "gww_polygon"}}, {"type": "Feature", "geometry": {"type": "Point", "coordinates": [-93.4554, 50.5837]}, "properties": {"gww_id": 81475, "name": "Manitou Falls", "reservoir": null, "country": "Canada", "iso3": "CAN", "capacity_mw": 73.0, "latest_month": "2026-05", "area_km2": 4.76, "area_anomaly": 0.05, "area_anomaly_3mo": 0.077, "precip_12mo_anomaly": 0.062, "pred_gen_anomaly": 0.054, "pred_gen_anomaly_lo": -0.35, "pred_gen_anomaly_hi": 0.422, "pred_gen_anomaly_3mo": 0.09, "has_generation_truth": false, "confidence": "short residence time (weak area signal)", "match_method": "hydrolakes_pour"}}, {"type": "Feature", "geometry": {"type": "Point", "coordinates": [-84.4364, 47.2688]}, "properties": {"gww_id": 87579, "name": "MacKay", "reservoir": null, "country": "Canada", "iso3": "CAN", "capacity_mw": 62.0, "latest_month": "2026-05", "area_km2": 34.01, "area_anomaly": 0.037, "area_anomaly_3mo": 0.067, "precip_12mo_anomaly": 0.337, "pred_gen_anomaly": 0.399, "pred_gen_anomaly_lo": -0.1, "pred_gen_anomaly_hi": 0.814, "pred_gen_anomaly_3mo": 0.37, "has_generation_truth": false, "confidence": "short residence time (weak area signal)", "match_method": "hydrolakes_pour"}}, {"type": "Feature", "geometry": {"type": "Point", "coordinates": [79.2086, 21.4813]}, "properties": {"gww_id": 86326, "name": "PENCH", "reservoir": null, "country": "India", "iso3": "IND", "capacity_mw": 160.0, "latest_month": "2026-05", "area_km2": 21.11, "area_anomaly": 0.163, "area_anomaly_3mo": 0.213, "precip_12mo_anomaly": 0.139, "pred_gen_anomaly": 0.306, "pred_gen_anomaly_lo": -0.344, "pred_gen_anomaly_hi": 0.815, "pred_gen_anomaly_3mo": 0.305, "has_generation_truth": false, "confidence": "short residence time (weak area signal)", "match_method": "hydrolakes_pour"}}, {"type": "Feature", "geometry": {"type": "Point", "coordinates": [-131.356111, 55.615208]}, "properties": {"gww_id": 81498, "name": "Swan Lake", "reservoir": null, "country": "USA", "iso3": "USA", "capacity_mw": 22.6, "latest_month": "2026-05", "area_km2": 5.95, "area_anomaly": 0.031, "area_anomaly_3mo": -0.061, "precip_12mo_anomaly": 0.469, "pred_gen_anomaly": 0.266, "pred_gen_anomaly_lo": -0.185, "pred_gen_anomaly_hi": 0.717, "pred_gen_anomaly_3mo": 0.331, "has_generation_truth": true, "confidence": "short residence time (weak area signal)", "match_method": "hydrolakes_pour"}}, {"type": "Feature", "geometry": {"type": "Point", "coordinates": [13.50875, 63.197917]}, "properties": {"gww_id": 87578, "name": "Hackren", "reservoir": null, "country": "Sweden", "iso3": "SWE", "capacity_mw": 152.0, "latest_month": "2026-05", "area_km2": 28.06, "area_anomaly": -0.07, "area_anomaly_3mo": -0.009, "precip_12mo_anomaly": -0.071, "pred_gen_anomaly": -0.099, "pred_gen_anomaly_lo": -0.517, "pred_gen_anomaly_hi": 0.45, "pred_gen_anomaly_3mo": -0.053, "has_generation_truth": false, "confidence": "carry-over storage (validated class)", "match_method": "gww_polygon"}}, {"type": "Feature", "geometry": {"type": "Point", "coordinates": [-83.3859, 46.4315]}, "properties": {"gww_id": 86458, "name": "Wells", "reservoir": null, "country": "Canada", "iso3": "CAN", "capacity_mw": 285.0, "latest_month": "2026-05", "area_km2": 19.08, "area_anomaly": 0.022, "area_anomaly_3mo": 0.023, "precip_12mo_anomaly": 0.257, "pred_gen_anomaly": 0.386, "pred_gen_anomaly_lo": -0.134, "pred_gen_anomaly_hi": 0.692, "pred_gen_anomaly_3mo": 0.268, "has_generation_truth": false, "confidence": "short residence time (weak area signal)", "match_method": "hydrolakes_pour"}}, {"type": "Feature", "geometry": {"type": "Point", "coordinates": [-103.3475, 53.689]}, "properties": {"gww_id": 68845, "name": "E B Campbell", "reservoir": "Tobin", "country": "Canada", "iso3": "CAN", "capacity_mw": 289.0, "latest_month": "2026-05", "area_km2": 0.72, "area_anomaly": 0.066, "area_anomaly_3mo": 0.15, "precip_12mo_anomaly": 0.111, "pred_gen_anomaly": 0.098, "pred_gen_anomaly_lo": -0.251, "pred_gen_anomaly_hi": 0.646, "pred_gen_anomaly_3mo": 0.047, "has_generation_truth": false, "confidence": "unknown residence time", "match_method": "gww_polygon"}}, {"type": "Feature", "geometry": {"type": "Point", "coordinates": [42.704, 42.3202]}, "properties": {"gww_id": 68723, "name": "Gumati I and II Hydroelectric Power Plants Georgia", "reservoir": null, "country": "Georgia", "iso3": "GEO", "capacity_mw": 68.8, "latest_month": "2026-05", "area_km2": 1.14, "area_anomaly": 0.047, "area_anomaly_3mo": 0.016, "precip_12mo_anomaly": 0.147, "pred_gen_anomaly": 0.231, "pred_gen_anomaly_lo": -0.34, "pred_gen_anomaly_hi": 0.716, "pred_gen_anomaly_3mo": 0.152, "has_generation_truth": false, "confidence": "short residence time (weak area signal)", "match_method": "hydrolakes_pour"}}, {"type": "Feature", "geometry": {"type": "Point", "coordinates": [25.3375, 66.27222222]}, "properties": {"gww_id": 86527, "name": "Petajaskoski / Pet\u00c3\u00a4j\u00c3\u00a4skoski", "reservoir": null, "country": "Finland", "iso3": "FIN", "capacity_mw": 169.0, "latest_month": "2026-05", "area_km2": 22.96, "area_anomaly": 0.011, "area_anomaly_3mo": -0.019, "precip_12mo_anomaly": 0.266, "pred_gen_anomaly": 0.095, "pred_gen_anomaly_lo": -0.211, "pred_gen_anomaly_hi": 0.481, "pred_gen_anomaly_3mo": 0.158, "has_generation_truth": false, "confidence": "short residence time (weak area signal)", "match_method": "hydrolakes_pour"}}, {"type": "Feature", "geometry": {"type": "Point", "coordinates": [-10.66041667, 6.492032466]}, "properties": {"gww_id": 86526, "name": "Mount Coffee", "reservoir": null, "country": "Liberia", "iso3": "LBR", "capacity_mw": 88.0, "latest_month": "2026-05", "area_km2": 7.54, "area_anomaly": 0.136, "area_anomaly_3mo": 0.123, "precip_12mo_anomaly": 0.068, "pred_gen_anomaly": 0.115, "pred_gen_anomaly_lo": -0.391, "pred_gen_anomaly_hi": 0.679, "pred_gen_anomaly_3mo": 0.138, "has_generation_truth": false, "confidence": "short residence time (weak area signal)", "match_method": "hydrolakes_pour"}}, {"type": "Feature", "geometry": {"type": "Point", "coordinates": [18.4971, 42.7338]}, "properties": {"gww_id": 86523, "name": "Trebinje I Hydroelectric Power Plant Bosnia and Herzegovina", "reservoir": "Bilecko Jezero", "country": "Bosnia and Herzegovina", "iso3": "BIH", "capacity_mw": 180.0, "latest_month": "2026-05", "area_km2": 23.11, "area_anomaly": -0.052, "area_anomaly_3mo": 0.036, "precip_12mo_anomaly": 0.205, "pred_gen_anomaly": 0.194, "pred_gen_anomaly_lo": -0.351, "pred_gen_anomaly_hi": 0.604, "pred_gen_anomaly_3mo": 0.166, "has_generation_truth": false, "confidence": "carry-over storage (validated class)", "match_method": "gww_polygon"}}, {"type": "Feature", "geometry": {"type": "Point", "coordinates": [85.555, 23.457]}, "properties": {"gww_id": 86489, "name": "SUBERNREKHA I&II", "reservoir": "Getalsud Reservoir", "country": "India", "iso3": "IND", "capacity_mw": 130.0, "latest_month": "2026-05", "area_km2": 22.7, "area_anomaly": 0.164, "area_anomaly_3mo": 0.201, "precip_12mo_anomaly": 0.374, "pred_gen_anomaly": 0.293, "pred_gen_anomaly_lo": -0.325, "pred_gen_anomaly_hi": 0.845, "pred_gen_anomaly_3mo": 0.252, "has_generation_truth": false, "confidence": "short residence time (weak area signal)", "match_method": "hydrolakes_pour"}}, {"type": "Feature", "geometry": {"type": "Point", "coordinates": [14.89805556, 62.04222222]}, "properties": {"gww_id": 79830, "name": "Krokstr\u00c3\u00b6mmen Krokstrommen Hydroelectric Power Plant Sweden - Krokstrommen Hydroelectric Power Plant Sweden", "reservoir": null, "country": "Sweden", "iso3": "SWE", "capacity_mw": 113.0, "latest_month": "2026-05", "area_km2": 3.75, "area_anomaly": 0.006, "area_anomaly_3mo": 0.012, "precip_12mo_anomaly": 0.02, "pred_gen_anomaly": -0.053, "pred_gen_anomaly_lo": -0.372, "pred_gen_anomaly_hi": 0.362, "pred_gen_anomaly_3mo": 0.029, "has_generation_truth": false, "confidence": "short residence time (weak area signal)", "match_method": "hydrolakes_pour"}}, {"type": "Feature", "geometry": {"type": "Point", "coordinates": [-85.939565, 44.259135]}, "properties": {"gww_id": 81780, "name": "C W Tippy", "reservoir": null, "country": "USA", "iso3": "USA", "capacity_mw": 20.1, "latest_month": "2026-05", "area_km2": 4.46, "area_anomaly": -0.006, "area_anomaly_3mo": -0.02, "precip_12mo_anomaly": 0.027, "pred_gen_anomaly": 0.156, "pred_gen_anomaly_lo": -0.389, "pred_gen_anomaly_hi": 0.561, "pred_gen_anomaly_3mo": 0.059, "has_generation_truth": true, "confidence": "short residence time (weak area signal)", "match_method": "hydrolakes_pour"}}, {"type": "Feature", "geometry": {"type": "Point", "coordinates": [38.7472, 35.8853]}, "properties": {"gww_id": 86520, "name": "Baath Hydroelectric Power Project Syria", "reservoir": null, "country": "Syrian Arab Republic", "iso3": "SYR", "capacity_mw": 75.0, "latest_month": "2026-05", "area_km2": 20.35, "area_anomaly": -0.028, "area_anomaly_3mo": 0.001, "precip_12mo_anomaly": 0.488, "pred_gen_anomaly": 0.826, "pred_gen_anomaly_lo": -0.235, "pred_gen_anomaly_hi": 1.712, "pred_gen_anomaly_3mo": 0.571, "has_generation_truth": false, "confidence": "unknown residence time", "match_method": "gww_polygon"}}, {"type": "Feature", "geometry": {"type": "Point", "coordinates": [-4.68638889, 57.57444444]}, "properties": {"gww_id": 81787, "name": "Luichart", "reservoir": null, "country": "United Kingdom", "iso3": "GBR", "capacity_mw": 34.0, "latest_month": "2026-05", "area_km2": 6.24, "area_anomaly": 0.047, "area_anomaly_3mo": 0.015, "precip_12mo_anomaly": 0.099, "pred_gen_anomaly": 0.142, "pred_gen_anomaly_lo": -0.243, "pred_gen_anomaly_hi": 0.478, "pred_gen_anomaly_3mo": 0.114, "has_generation_truth": false, "confidence": "short residence time (weak area signal)", "match_method": "hydrolakes_pour"}}, {"type": "Feature", "geometry": {"type": "Point", "coordinates": [-71.6579, 43.447219]}, "properties": {"gww_id": 81139, "name": "Eastman Falls", "reservoir": null, "country": "USA", "iso3": "USA", "capacity_mw": 10.6, "latest_month": "2026-05", "area_km2": 2.09, "area_anomaly": 0.145, "area_anomaly_3mo": 0.361, "precip_12mo_anomaly": -0.128, "pred_gen_anomaly": 0.237, "pred_gen_anomaly_lo": -0.436, "pred_gen_anomaly_hi": 0.774, "pred_gen_anomaly_3mo": 0.256, "has_generation_truth": true, "confidence": "short residence time (weak area signal)", "match_method": "hydrolakes_pour"}}, {"type": "Feature", "geometry": {"type": "Point", "coordinates": [46.83, 43.0672]}, "properties": {"gww_id": 79845, "name": "Miatlinskaya HPP", "reservoir": null, "country": "Russia", "iso3": "RUS", "capacity_mw": 264.0, "latest_month": "2026-05", "area_km2": 2.49, "area_anomaly": -0.115, "area_anomaly_3mo": -0.108, "precip_12mo_anomaly": 0.306, "pred_gen_anomaly": 0.201, "pred_gen_anomaly_lo": -0.282, "pred_gen_anomaly_hi": 0.7, "pred_gen_anomaly_3mo": 0.108, "has_generation_truth": false, "confidence": "unknown residence time", "match_method": "gww_polygon"}}, {"type": "Feature", "geometry": {"type": "Point", "coordinates": [33.2531, 49.0748]}, "properties": {"gww_id": 87494, "name": "Kremenchug", "reservoir": "Kremenchuk Reservoir", "country": "Ukraine", "iso3": "UKR", "capacity_mw": 625.0, "latest_month": "2026-05", "area_km2": 38.24, "area_anomaly": -0.032, "area_anomaly_3mo": 0.033, "precip_12mo_anomaly": 0.002, "pred_gen_anomaly": -0.091, "pred_gen_anomaly_lo": -0.33, "pred_gen_anomaly_hi": 0.24, "pred_gen_anomaly_3mo": 0.032, "has_generation_truth": false, "confidence": "short residence time (weak area signal)", "match_method": "hydrolakes_pour"}}, {"type": "Feature", "geometry": {"type": "Point", "coordinates": [-69.71828, 44.763875]}, "properties": {"gww_id": 81131, "name": "Weston Hydro", "reservoir": "Weston", "country": "USA", "iso3": "USA", "capacity_mw": 12.0, "latest_month": "2026-05", "area_km2": 3.63, "area_anomaly": 0.067, "area_anomaly_3mo": 0.127, "precip_12mo_anomaly": -0.102, "pred_gen_anomaly": 0.029, "pred_gen_anomaly_lo": -0.345, "pred_gen_anomaly_hi": 0.381, "pred_gen_anomaly_3mo": -0.015, "has_generation_truth": true, "confidence": "short residence time (weak area signal)", "match_method": "hydrolakes_pour"}}, {"type": "Feature", "geometry": {"type": "Point", "coordinates": [100.77, 22.05]}, "properties": {"gww_id": 87644, "name": "Jing Hong", "reservoir": "\u666f\u6d2a\u6c34\u5e93", "country": "China", "iso3": "CHN", "capacity_mw": 1500.0, "latest_month": "2026-05", "area_km2": 27.17, "area_anomaly": 0.114, "area_anomaly_3mo": 0.11, "precip_12mo_anomaly": 0.117, "pred_gen_anomaly": 0.095, "pred_gen_anomaly_lo": -0.281, "pred_gen_anomaly_hi": 0.594, "pred_gen_anomaly_3mo": 0.06, "has_generation_truth": false, "confidence": "unknown residence time", "match_method": "gww_polygon"}}, {"type": "Feature", "geometry": {"type": "Point", "coordinates": [100.5061, 27.3488]}, "properties": {"gww_id": 86533, "name": "Ahai", "reservoir": "\u963f\u6d77\u6c34\u5e93", "country": "China", "iso3": "CHN", "capacity_mw": 4750.0, "latest_month": "2026-05", "area_km2": 15.95, "area_anomaly": 0.269, "area_anomaly_3mo": 0.328, "precip_12mo_anomaly": -0.033, "pred_gen_anomaly": 0.291, "pred_gen_anomaly_lo": -0.245, "pred_gen_anomaly_hi": 0.932, "pred_gen_anomaly_3mo": 0.281, "has_generation_truth": false, "confidence": "unknown residence time", "match_method": "gww_polygon"}}, {"type": "Feature", "geometry": {"type": "Point", "coordinates": [5.68874, 44.96118]}, "properties": {"gww_id": 81132, "name": "Monteynard MONTEYNARD - Monteyard-Avigonnet Hydroelectric Power Station France", "reservoir": null, "country": "France", "iso3": "FRA", "capacity_mw": 366.0, "latest_month": "2026-05", "area_km2": 4.93, "area_anomaly": 0.102, "area_anomaly_3mo": 0.009, "precip_12mo_anomaly": -0.037, "pred_gen_anomaly": -0.059, "pred_gen_anomaly_lo": -0.464, "pred_gen_anomaly_hi": 0.371, "pred_gen_anomaly_3mo": 0.05, "has_generation_truth": false, "confidence": "short residence time (weak area signal)", "match_method": "hydrolakes_pour"}}, {"type": "Feature", "geometry": {"type": "Point", "coordinates": [30.5118, 50.5883]}, "properties": {"gww_id": 90489, "name": "Kiev", "reservoir": "Kiev Reservoir", "country": "Ukraine", "iso3": "UKR", "capacity_mw": 440.0, "latest_month": "2026-05", "area_km2": 630.01, "area_anomaly": 0.024, "area_anomaly_3mo": -0.022, "precip_12mo_anomaly": -0.004, "pred_gen_anomaly": -0.142, "pred_gen_anomaly_lo": -0.399, "pred_gen_anomaly_hi": 0.173, "pred_gen_anomaly_3mo": -0.051, "has_generation_truth": false, "confidence": "short residence time (weak area signal)", "match_method": "hydrolakes_pour"}}, {"type": "Feature", "geometry": {"type": "Point", "coordinates": [-117.347847, 48.987111]}, "properties": {"gww_id": 66698, "name": "Boundary", "reservoir": "Boundry Reservoir", "country": "USA", "iso3": "USA", "capacity_mw": 1159.7, "latest_month": "2026-05", "area_km2": 0.94, "area_anomaly": -0.025, "area_anomaly_3mo": 0.022, "precip_12mo_anomaly": -0.012, "pred_gen_anomaly": 0.006, "pred_gen_anomaly_lo": -0.384, "pred_gen_anomaly_hi": 0.343, "pred_gen_anomaly_3mo": 0.031, "has_generation_truth": true, "confidence": "short residence time (weak area signal)", "match_method": "hydrolakes_pour"}}, {"type": "Feature", "geometry": {"type": "Point", "coordinates": [-117.5179, 49.4533]}, "properties": {"gww_id": 81791, "name": "Kootenay Canal", "reservoir": null, "country": "Canada", "iso3": "CAN", "capacity_mw": 884.0, "latest_month": "2026-05", "area_km2": 5.03, "area_anomaly": 0.008, "area_anomaly_3mo": -0.041, "precip_12mo_anomaly": 0.053, "pred_gen_anomaly": 0.06, "pred_gen_anomaly_lo": -0.376, "pred_gen_anomaly_hi": 0.399, "pred_gen_anomaly_3mo": 0.091, "has_generation_truth": false, "confidence": "unknown residence time", "match_method": "gww_polygon"}}, {"type": "Feature", "geometry": {"type": "Point", "coordinates": [4.613873653, 9.865293014]}, "properties": {"gww_id": 91611, "name": "Kainji", "reservoir": "Kainji Reservoir", "country": "Nigeria", "iso3": "NGA", "capacity_mw": 520.0, "latest_month": "2026-05", "area_km2": 915.16, "area_anomaly": -0.05, "area_anomaly_3mo": -0.005, "precip_12mo_anomaly": 0.158, "pred_gen_anomaly": 0.196, "pred_gen_anomaly_lo": -0.418, "pred_gen_anomaly_hi": 0.702, "pred_gen_anomaly_3mo": 0.122, "has_generation_truth": false, "confidence": "carry-over storage (validated class)", "match_method": "hydrolakes_pour"}}, {"type": "Feature", "geometry": {"type": "Point", "coordinates": [-83.126719, 40.153328]}, "properties": {"gww_id": 79868, "name": "O'Shaughnessy Hydro", "reservoir": null, "country": "USA", "iso3": "USA", "capacity_mw": 5.2, "latest_month": "2026-05", "area_km2": 3.51, "area_anomaly": 0.056, "area_anomaly_3mo": 0.057, "precip_12mo_anomaly": 0.024, "pred_gen_anomaly": 0.12, "pred_gen_anomaly_lo": -0.586, "pred_gen_anomaly_hi": 0.754, "pred_gen_anomaly_3mo": 0.021, "has_generation_truth": true, "confidence": "short residence time (weak area signal)", "match_method": "hydrolakes_pour"}}, {"type": "Feature", "geometry": {"type": "Point", "coordinates": [-72.58279, 42.159595]}, "properties": {"gww_id": 62555, "name": "Chicopee Hydroelectric Station", "reservoir": "Chicopee River Reservoir", "country": "USA", "iso3": "USA", "capacity_mw": 2.4, "latest_month": "2026-05", "area_km2": 0.31, "area_anomaly": 0.03, "area_anomaly_3mo": 0.496, "precip_12mo_anomaly": -0.122, "pred_gen_anomaly": -0.12, "pred_gen_anomaly_lo": -1.128, "pred_gen_anomaly_hi": 0.65, "pred_gen_anomaly_3mo": -0.207, "has_generation_truth": true, "confidence": "unknown residence time", "match_method": "gww_polygon"}}, {"type": "Feature", "geometry": {"type": "Point", "coordinates": [-72.4464, 43.1375]}, "properties": {"gww_id": 79663, "name": "Bellows Falls", "reservoir": null, "country": "USA", "iso3": "USA", "capacity_mw": 40.8, "latest_month": "2026-05", "area_km2": 2.97, "area_anomaly": 0.031, "area_anomaly_3mo": 0.111, "precip_12mo_anomaly": -0.113, "pred_gen_anomaly": 0.016, "pred_gen_anomaly_lo": -0.341, "pred_gen_anomaly_hi": 0.418, "pred_gen_anomaly_3mo": -0.007, "has_generation_truth": true, "confidence": "short residence time (weak area signal)", "match_method": "hydrolakes_pour"}}, {"type": "Feature", "geometry": {"type": "Point", "coordinates": [125.9744, 40.9022]}, "properties": {"gww_id": 87607, "name": "Laohushao", "reservoir": null, "country": "China", "iso3": "CHN", "capacity_mw": 390.0, "latest_month": "2026-05", "area_km2": 32.72, "area_anomaly": -0.011, "area_anomaly_3mo": 0.018, "precip_12mo_anomaly": 0.176, "pred_gen_anomaly": 0.123, "pred_gen_anomaly_lo": -0.24, "pred_gen_anomaly_hi": 0.49, "pred_gen_anomaly_3mo": 0.193, "has_generation_truth": false, "confidence": "short residence time (weak area signal)", "match_method": "hydrolakes_pour"}}, {"type": "Feature", "geometry": {"type": "Point", "coordinates": [2.22483, 45.24373]}, "properties": {"gww_id": 81779, "name": "Aigle AIGLE 6 - L'Aigle Hydroelectric Generating Station France", "reservoir": null, "country": "France", "iso3": "FRA", "capacity_mw": 360.0, "latest_month": "2026-05", "area_km2": 4.06, "area_anomaly": -0.118, "area_anomaly_3mo": -0.069, "precip_12mo_anomaly": -0.056, "pred_gen_anomaly": -0.171, "pred_gen_anomaly_lo": -0.528, "pred_gen_anomaly_hi": 0.197, "pred_gen_anomaly_3mo": 0.014, "has_generation_truth": false, "confidence": "short residence time (weak area signal)", "match_method": "hydrolakes_pour"}}, {"type": "Feature", "geometry": {"type": "Point", "coordinates": [-119.158936, 37.257045]}, "properties": {"gww_id": 81183, "name": "Portal", "reservoir": "Huntington Lake 1", "country": "USA", "iso3": "USA", "capacity_mw": 10.8, "latest_month": "2026-05", "area_km2": 5.5, "area_anomaly": 0.058, "area_anomaly_3mo": 0.177, "precip_12mo_anomaly": 0.006, "pred_gen_anomaly": -0.238, "pred_gen_anomaly_lo": -0.765, "pred_gen_anomaly_hi": 0.365, "pred_gen_anomaly_3mo": -0.041, "has_generation_truth": true, "confidence": "unknown residence time", "match_method": "gww_polygon"}}, {"type": "Feature", "geometry": {"type": "Point", "coordinates": [-121.270409, 39.238996]}, "properties": {"gww_id": 79504, "name": "Narrows 2", "reservoir": "Harry L. Englebright Lake", "country": "USA", "iso3": "USA", "capacity_mw": 56.9, "latest_month": "2026-05", "area_km2": 2.69, "area_anomaly": 0.013, "area_anomaly_3mo": 0.026, "precip_12mo_anomaly": -0.009, "pred_gen_anomaly": -0.233, "pred_gen_anomaly_lo": -0.652, "pred_gen_anomaly_hi": 0.212, "pred_gen_anomaly_3mo": -0.107, "has_generation_truth": true, "confidence": "short residence time (weak area signal)", "match_method": "hydrolakes_pour"}}, {"type": "Feature", "geometry": {"type": "Point", "coordinates": [-121.190663, 40.175656]}, "properties": {"gww_id": 81741, "name": "Butt Valley", "reservoir": null, "country": "USA", "iso3": "USA", "capacity_mw": 40.0, "latest_month": "2026-05", "area_km2": 6.04, "area_anomaly": 0.007, "area_anomaly_3mo": -0.008, "precip_12mo_anomaly": -0.064, "pred_gen_anomaly": -0.222, "pred_gen_anomaly_lo": -0.677, "pred_gen_anomaly_hi": 0.255, "pred_gen_anomaly_3mo": -0.114, "has_generation_truth": true, "confidence": "unknown residence time", "match_method": "gww_polygon"}}, {"type": "Feature", "geometry": {"type": "Point", "coordinates": [-71.1653, 42.6994]}, "properties": {"gww_id": 79536, "name": "Lawrence Hydroelectric Associates", "reservoir": "Great Stone", "country": "USA", "iso3": "USA", "capacity_mw": 16.3, "latest_month": "2026-05", "area_km2": 2.74, "area_anomaly": 0.071, "area_anomaly_3mo": 0.037, "precip_12mo_anomaly": -0.129, "pred_gen_anomaly": -0.046, "pred_gen_anomaly_lo": -0.324, "pred_gen_anomaly_hi": 0.35, "pred_gen_anomaly_3mo": -0.039, "has_generation_truth": true, "confidence": "short residence time (weak area signal)", "match_method": "hydrolakes_pour"}}, {"type": "Feature", "geometry": {"type": "Point", "coordinates": [4.04938, 45.9869]}, "properties": {"gww_id": 81154, "name": "Villerest Hydroelectric Power Station France - Villerest Hydroelectric Power Station France", "reservoir": null, "country": "France", "iso3": "FRA", "capacity_mw": 58.0, "latest_month": "2026-05", "area_km2": 4.46, "area_anomaly": 0.022, "area_anomaly_3mo": 0.006, "precip_12mo_anomaly": -0.04, "pred_gen_anomaly": -0.184, "pred_gen_anomaly_lo": -0.556, "pred_gen_anomaly_hi": 0.208, "pred_gen_anomaly_3mo": -0.004, "has_generation_truth": false, "confidence": "short residence time (weak area signal)", "match_method": "hydrolakes_pour"}}, {"type": "Feature", "geometry": {"type": "Point", "coordinates": [-98.194733, 29.87056]}, "properties": {"gww_id": 87517, "name": "Canyon", "reservoir": null, "country": "USA", "iso3": "USA", "capacity_mw": 6.0, "latest_month": "2026-05", "area_km2": 23.29, "area_anomaly": -0.219, "area_anomaly_3mo": -0.222, "precip_12mo_anomaly": 0.073, "pred_gen_anomaly": -0.476, "pred_gen_anomaly_lo": -1.25, "pred_gen_anomaly_hi": 0.466, "pred_gen_anomaly_3mo": -0.53, "has_generation_truth": true, "confidence": "carry-over storage (validated class)", "match_method": "hydrolakes_pour"}}, {"type": "Feature", "geometry": {"type": "Point", "coordinates": [-94.1062, 31.060893]}, "properties": {"gww_id": 90289, "name": "Sam Rayburn Dam", "reservoir": "Sam Rayburn Reservoir", "country": "USA", "iso3": "USA", "capacity_mw": 52.0, "latest_month": "2026-05", "area_km2": 354.75, "area_anomaly": -0.131, "area_anomaly_3mo": -0.131, "precip_12mo_anomaly": -0.306, "pred_gen_anomaly": -0.72, "pred_gen_anomaly_lo": -1.454, "pred_gen_anomaly_hi": 0.021, "pred_gen_anomaly_3mo": -0.777, "has_generation_truth": true, "confidence": "carry-over storage (validated class)", "match_method": "hydrolakes_pour"}}, {"type": "Feature", "geometry": {"type": "Point", "coordinates": [-71.8395, 48.7536]}, "properties": {"gww_id": 86219, "name": "Chute-\u00c3\u00a0-la-Savane", "reservoir": null, "country": "Canada", "iso3": "CAN", "capacity_mw": 258.0, "latest_month": "2026-05", "area_km2": 18.36, "area_anomaly": 0.029, "area_anomaly_3mo": -0.057, "precip_12mo_anomaly": 0.496, "pred_gen_anomaly": 0.446, "pred_gen_anomaly_lo": -0.053, "pred_gen_anomaly_hi": 0.802, "pred_gen_anomaly_3mo": 0.478, "has_generation_truth": false, "confidence": "short residence time (weak area signal)", "match_method": "hydrolakes_pour"}}, {"type": "Feature", "geometry": {"type": "Point", "coordinates": [101.61, 23.15]}, "properties": {"gww_id": 79804, "name": "Yunnan Puxiqiao", "reservoir": "\u4e09\u6c5f\u53e3\u6c34\u5e93", "country": "China", "iso3": "CHN", "capacity_mw": 289.0, "latest_month": "2026-05", "area_km2": 2.73, "area_anomaly": 0.165, "area_anomaly_3mo": 0.111, "precip_12mo_anomaly": 0.243, "pred_gen_anomaly": 0.109, "pred_gen_anomaly_lo": -0.337, "pred_gen_anomaly_hi": 0.742, "pred_gen_anomaly_3mo": 0.116, "has_generation_truth": false, "confidence": "unknown residence time", "match_method": "gww_polygon"}}, {"type": "Feature", "geometry": {"type": "Point", "coordinates": [-112.0047, 46.9915]}, "properties": {"gww_id": 86517, "name": "Holter", "reservoir": null, "country": "USA", "iso3": "USA", "capacity_mw": 95.9, "latest_month": "2026-05", "area_km2": 19.51, "area_anomaly": 0.021, "area_anomaly_3mo": 0.003, "precip_12mo_anomaly": 0.019, "pred_gen_anomaly": 0.063, "pred_gen_anomaly_lo": -0.253, "pred_gen_anomaly_hi": 0.401, "pred_gen_anomaly_3mo": 0.045, "has_generation_truth": true, "confidence": "short residence time (weak area signal)", "match_method": "hydrolakes_pour"}}, {"type": "Feature", "geometry": {"type": "Point", "coordinates": [96.333, 19.78]}, "properties": {"gww_id": 85808, "name": "Paunglaung", "reservoir": "Lower Paunglaung Reservoir", "country": "Myanmar", "iso3": "MMR", "capacity_mw": 280.0, "latest_month": "2026-06", "area_km2": 13.8, "area_anomaly": 0.061, "area_anomaly_3mo": 0.14, "precip_12mo_anomaly": 0.282, "pred_gen_anomaly": 0.396, "pred_gen_anomaly_lo": -0.286, "pred_gen_anomaly_hi": 1.188, "pred_gen_anomaly_3mo": 0.326, "has_generation_truth": false, "confidence": "unknown residence time", "match_method": "gww_polygon"}}, {"type": "Feature", "geometry": {"type": "Point", "coordinates": [86.8284, 23.7872]}, "properties": {"gww_id": 88832, "name": "MAITHON", "reservoir": "Maithon Reservoir", "country": "India", "iso3": "IND", "capacity_mw": 63.2, "latest_month": "2026-06", "area_km2": 40.6, "area_anomaly": -0.018, "area_anomaly_3mo": 0.078, "precip_12mo_anomaly": 0.188, "pred_gen_anomaly": 0.22, "pred_gen_anomaly_lo": -0.511, "pred_gen_anomaly_hi": 0.878, "pred_gen_anomaly_3mo": 0.289, "has_generation_truth": false, "confidence": "carry-over storage (validated class)", "match_method": "hydrolakes_pour"}}, {"type": "Feature", "geometry": {"type": "Point", "coordinates": [100.5636, 17.7634]}, "properties": {"gww_id": 90182, "name": "Sirikit", "reservoir": "Sirikit", "country": "Thailand", "iso3": "THA", "capacity_mw": 500.0, "latest_month": "2026-06", "area_km2": 202.13, "area_anomaly": -0.007, "area_anomaly_3mo": 0.035, "precip_12mo_anomaly": 0.238, "pred_gen_anomaly": 0.29, "pred_gen_anomaly_lo": -0.369, "pred_gen_anomaly_hi": 0.87, "pred_gen_anomaly_3mo": 0.28, "has_generation_truth": false, "confidence": "carry-over storage (validated class)", "match_method": "hydrolakes_pour"}}, {"type": "Feature", "geometry": {"type": "Point", "coordinates": [74.9484, 13.6576]}, "properties": {"gww_id": 66977, "name": "VARAHI", "reservoir": null, "country": "India", "iso3": "IND", "capacity_mw": 460.0, "latest_month": "2026-06", "area_km2": 0.71, "area_anomaly": -0.009, "area_anomaly_3mo": 0.129, "precip_12mo_anomaly": 0.098, "pred_gen_anomaly": 0.05, "pred_gen_anomaly_lo": -0.586, "pred_gen_anomaly_hi": 0.522, "pred_gen_anomaly_3mo": -0.007, "has_generation_truth": false, "confidence": "unknown residence time", "match_method": "gww_polygon"}}, {"type": "Feature", "geometry": {"type": "Point", "coordinates": [75.8863, 16.33]}, "properties": {"gww_id": 89645, "name": "ALMATTI DAM", "reservoir": null, "country": "India", "iso3": "IND", "capacity_mw": 290.0, "latest_month": "2026-06", "area_km2": 108.92, "area_anomaly": -0.255, "area_anomaly_3mo": -0.119, "precip_12mo_anomaly": 0.186, "pred_gen_anomaly": -0.008, "pred_gen_anomaly_lo": -0.512, "pred_gen_anomaly_hi": 0.566, "pred_gen_anomaly_3mo": 0.139, "has_generation_truth": false, "confidence": "carry-over storage (validated class)", "match_method": "hydrolakes_pour"}}, {"type": "Feature", "geometry": {"type": "Point", "coordinates": [4.788856991, 9.140309676]}, "properties": {"gww_id": 90027, "name": "Jebba", "reservoir": null, "country": "Nigeria", "iso3": "NGA", "capacity_mw": 578.4, "latest_month": "2026-06", "area_km2": 268.96, "area_anomaly": -0.002, "area_anomaly_3mo": -0.032, "precip_12mo_anomaly": 0.139, "pred_gen_anomaly": 0.059, "pred_gen_anomaly_lo": -0.403, "pred_gen_anomaly_hi": 0.572, "pred_gen_anomaly_3mo": 0.138, "has_generation_truth": false, "confidence": "short residence time (weak area signal)", "match_method": "hydrolakes_pour"}}, {"type": "Feature", "geometry": {"type": "Point", "coordinates": [102.7652778, 18.34972222]}, "properties": {"gww_id": 84708, "name": "Nan Mang 3", "reservoir": null, "country": "Laos", "iso3": "LAO", "capacity_mw": 40.0, "latest_month": "2026-06", "area_km2": 5.2, "area_anomaly": -0.222, "area_anomaly_3mo": -0.152, "precip_12mo_anomaly": 0.227, "pred_gen_anomaly": 0.192, "pred_gen_anomaly_lo": -0.603, "pred_gen_anomaly_hi": 0.685, "pred_gen_anomaly_3mo": 0.192, "has_generation_truth": false, "confidence": "unknown residence time", "match_method": "gww_polygon"}}, {"type": "Feature", "geometry": {"type": "Point", "coordinates": [79.925, 22.9417]}, "properties": {"gww_id": 89609, "name": "BARGI", "reservoir": null, "country": "India", "iso3": "IND", "capacity_mw": 90.0, "latest_month": "2026-06", "area_km2": 103.99, "area_anomaly": -0.259, "area_anomaly_3mo": -0.127, "precip_12mo_anomaly": 0.164, "pred_gen_anomaly": 0.047, "pred_gen_anomaly_lo": -0.611, "pred_gen_anomaly_hi": 0.622, "pred_gen_anomaly_3mo": 0.145, "has_generation_truth": false, "confidence": "carry-over storage (validated class)", "match_method": "hydrolakes_pour"}}, {"type": "Feature", "geometry": {"type": "Point", "coordinates": [108.0383, 12.2852]}, "properties": {"gww_id": 87407, "name": "Buon Tua Srah", "reservoir": "Buon Tua Srah", "country": "Vietnam", "iso3": "VNM", "capacity_mw": 86.0, "latest_month": "2026-06", "area_km2": 21.06, "area_anomaly": 0.26, "area_anomaly_3mo": 0.284, "precip_12mo_anomaly": 0.039, "pred_gen_anomaly": 0.237, "pred_gen_anomaly_lo": -0.526, "pred_gen_anomaly_hi": 0.746, "pred_gen_anomaly_3mo": 0.311, "has_generation_truth": false, "confidence": "unknown residence time", "match_method": "gww_polygon"}}, {"type": "Feature", "geometry": {"type": "Point", "coordinates": [76.7305, 10.3046]}, "properties": {"gww_id": 83128, "name": "SHOLAYAR", "reservoir": null, "country": "India", "iso3": "IND", "capacity_mw": 54.0, "latest_month": "2026-06", "area_km2": 3.47, "area_anomaly": -0.261, "area_anomaly_3mo": -0.179, "precip_12mo_anomaly": 0.033, "pred_gen_anomaly": -0.057, "pred_gen_anomaly_lo": -0.744, "pred_gen_anomaly_hi": 0.492, "pred_gen_anomaly_3mo": -0.053, "has_generation_truth": false, "confidence": "carry-over storage (validated class)", "match_method": "hydrolakes_pour"}}, {"type": "Feature", "geometry": {"type": "Point", "coordinates": [107.863, 14.4084]}, "properties": {"gww_id": 87746, "name": "PleiKrong", "reservoir": "Plei Krong", "country": "Vietnam", "iso3": "VNM", "capacity_mw": 100.0, "latest_month": "2026-06", "area_km2": 19.78, "area_anomaly": -0.242, "area_anomaly_3mo": -0.045, "precip_12mo_anomaly": 0.091, "pred_gen_anomaly": 0.078, "pred_gen_anomaly_lo": -0.597, "pred_gen_anomaly_hi": 0.698, "pred_gen_anomaly_3mo": 0.124, "has_generation_truth": false, "confidence": "unknown residence time", "match_method": "gww_polygon"}}, {"type": "Feature", "geometry": {"type": "Point", "coordinates": [85.0355, 21.2759]}, "properties": {"gww_id": 90215, "name": "RENGALI", "reservoir": null, "country": "India", "iso3": "IND", "capacity_mw": 250.0, "latest_month": "2026-06", "area_km2": 127.12, "area_anomaly": -0.18, "area_anomaly_3mo": -0.098, "precip_12mo_anomaly": 0.149, "pred_gen_anomaly": 0.058, "pred_gen_anomaly_lo": -0.524, "pred_gen_anomaly_hi": 0.59, "pred_gen_anomaly_3mo": 0.143, "has_generation_truth": false, "confidence": "short residence time (weak area signal)", "match_method": "hydrolakes_pour"}}, {"type": "Feature", "geometry": {"type": "Point", "coordinates": [101.65, 16.5362]}, "properties": {"gww_id": 84027, "name": "Chulabhorn", "reservoir": null, "country": "Thailand", "iso3": "THA", "capacity_mw": 40.0, "latest_month": "2026-06", "area_km2": 5.75, "area_anomaly": 0.076, "area_anomaly_3mo": 0.041, "precip_12mo_anomaly": 0.198, "pred_gen_anomaly": 0.179, "pred_gen_anomaly_lo": -0.479, "pred_gen_anomaly_hi": 0.948, "pred_gen_anomaly_3mo": 0.149, "has_generation_truth": false, "confidence": "carry-over storage (validated class)", "match_method": "hydrolakes_pour"}}, {"type": "Feature", "geometry": {"type": "Point", "coordinates": [107.4953, 13.9678]}, "properties": {"gww_id": 87979, "name": "Se San 4", "reservoir": "Sesan 4A", "country": "Vietnam", "iso3": "VNM", "capacity_mw": 360.0, "latest_month": "2026-06", "area_km2": 37.54, "area_anomaly": 0.192, "area_anomaly_3mo": 0.284, "precip_12mo_anomaly": 0.088, "pred_gen_anomaly": 0.329, "pred_gen_anomaly_lo": -0.371, "pred_gen_anomaly_hi": 0.794, "pred_gen_anomaly_3mo": 0.328, "has_generation_truth": false, "confidence": "unknown residence time", "match_method": "gww_polygon"}}, {"type": "Feature", "geometry": {"type": "Point", "coordinates": [94.26027778, 20.47805556]}, "properties": {"gww_id": 87932, "name": "Mone", "reservoir": "Monechaung Reservoir", "country": "Myanmar", "iso3": "MMR", "capacity_mw": 75.0, "latest_month": "2026-06", "area_km2": 17.33, "area_anomaly": -0.189, "area_anomaly_3mo": -0.217, "precip_12mo_anomaly": 0.078, "pred_gen_anomaly": -0.02, "pred_gen_anomaly_lo": -0.654, "pred_gen_anomaly_hi": 0.501, "pred_gen_anomaly_3mo": 0.079, "has_generation_truth": false, "confidence": "unknown residence time", "match_method": "gww_polygon"}}, {"type": "Feature", "geometry": {"type": "Point", "coordinates": [-12.66421445, 10.53161888]}, "properties": {"gww_id": 88673, "name": "Garafiri", "reservoir": null, "country": "Guinea", "iso3": "GIN", "capacity_mw": 75.0, "latest_month": "2026-06", "area_km2": 43.26, "area_anomaly": -0.154, "area_anomaly_3mo": -0.124, "precip_12mo_anomaly": 0.104, "pred_gen_anomaly": 0.096, "pred_gen_anomaly_lo": -0.601, "pred_gen_anomaly_hi": 0.564, "pred_gen_anomaly_3mo": 0.066, "has_generation_truth": false, "confidence": "carry-over storage (validated class)", "match_method": "hydrolakes_pour"}}, {"type": "Feature", "geometry": {"type": "Point", "coordinates": [-87.7586, 45.1136]}, "properties": {"gww_id": 70908, "name": "Potato Rapids", "reservoir": null, "country": "USA", "iso3": "USA", "capacity_mw": 1.3, "latest_month": "2026-07", "area_km2": 0.74, "area_anomaly": 0.075, "area_anomaly_3mo": 0.089, "precip_12mo_anomaly": 0.154, "pred_gen_anomaly": 0.164, "pred_gen_anomaly_lo": -0.314, "pred_gen_anomaly_hi": 0.76, "pred_gen_anomaly_3mo": 0.23, "has_generation_truth": true, "confidence": "short residence time (weak area signal)", "match_method": "hydrolakes_pour"}}, {"type": "Feature", "geometry": {"type": "Point", "coordinates": [-63.0322, 7.8997]}, "properties": {"gww_id": 89461, "name": "Manuel Piar (Tocoma) Hydroelectric Power Plant Venezuela", "reservoir": "Caruachi Reservoir", "country": "Venezuela", "iso3": "VEN", "capacity_mw": 4726.0, "latest_month": "2026-07", "area_km2": 177.95, "area_anomaly": 0.159, "area_anomaly_3mo": 0.143, "precip_12mo_anomaly": -0.019, "pred_gen_anomaly": -0.027, "pred_gen_anomaly_lo": -0.335, "pred_gen_anomaly_hi": 0.663, "pred_gen_anomaly_3mo": 0.004, "has_generation_truth": false, "confidence": "unknown residence time", "match_method": "gww_polygon"}}, {"type": "Feature", "geometry": {"type": "Point", "coordinates": [6.835737551, 9.972595783]}, "properties": {"gww_id": 90066, "name": "Shiroro", "reservoir": null, "country": "Nigeria", "iso3": "NGA", "capacity_mw": 600.0, "latest_month": "2026-07", "area_km2": 141.33, "area_anomaly": -0.14, "area_anomaly_3mo": -0.083, "precip_12mo_anomaly": -0.262, "pred_gen_anomaly": -0.365, "pred_gen_anomaly_lo": -0.765, "pred_gen_anomaly_hi": 0.131, "pred_gen_anomaly_3mo": -0.328, "has_generation_truth": false, "confidence": "carry-over storage (validated class)", "match_method": "hydrolakes_pour"}}, {"type": "Feature", "geometry": {"type": "Point", "coordinates": [-56.4221, -32.8319]}, "properties": {"gww_id": 90628, "name": "DR. GABRIEL TERRA", "reservoir": "Negro Reservoir", "country": "Uruguay", "iso3": "URY", "capacity_mw": 152.0, "latest_month": "2026-07", "area_km2": 721.59, "area_anomaly": -0.064, "area_anomaly_3mo": 0.021, "precip_12mo_anomaly": -0.476, "pred_gen_anomaly": -0.483, "pred_gen_anomaly_lo": -0.942, "pred_gen_anomaly_hi": 0.036, "pred_gen_anomaly_3mo": -0.419, "has_generation_truth": false, "confidence": "carry-over storage (validated class)", "match_method": "hydrolakes_pour"}}, {"type": "Feature", "geometry": {"type": "Point", "coordinates": [146.2632, -41.3505]}, "properties": {"gww_id": 82868, "name": "Devils Gate", "reservoir": "Barrington", "country": "Australia", "iso3": "AUS", "capacity_mw": 60.0, "latest_month": "2026-07", "area_km2": 7.49, "area_anomaly": 0.029, "area_anomaly_3mo": 0.022, "precip_12mo_anomaly": -0.082, "pred_gen_anomaly": -0.163, "pred_gen_anomaly_lo": -0.639, "pred_gen_anomaly_hi": 0.31, "pred_gen_anomaly_3mo": -0.199, "has_generation_truth": false, "confidence": "short residence time (weak area signal)", "match_method": "hydrolakes_pour"}}, {"type": "Feature", "geometry": {"type": "Point", "coordinates": [-85.485944, 42.950642]}, "properties": {"gww_id": 66948, "name": "Ada Dam", "reservoir": null, "country": "USA", "iso3": "USA", "capacity_mw": 1.4, "latest_month": "2026-07", "area_km2": 0.69, "area_anomaly": -0.002, "area_anomaly_3mo": 0.054, "precip_12mo_anomaly": -0.035, "pred_gen_anomaly": -0.25, "pred_gen_anomaly_lo": -0.752, "pred_gen_anomaly_hi": 0.305, "pred_gen_anomaly_3mo": -0.247, "has_generation_truth": true, "confidence": "unknown residence time", "match_method": "gww_polygon"}}, {"type": "Feature", "geometry": {"type": "Point", "coordinates": [-8.231, 41.653]}, "properties": {"gww_id": 81345, "name": "Canicada Canicada - Canicada Hydroelectric Power Plant Portugal", "reservoir": "Albufeira da Canicada", "country": "Portugal", "iso3": "PRT", "capacity_mw": 62.0, "latest_month": "2026-07", "area_km2": 4.63, "area_anomaly": 0.042, "area_anomaly_3mo": 0.037, "precip_12mo_anomaly": 0.143, "pred_gen_anomaly": 0.091, "pred_gen_anomaly_lo": -0.487, "pred_gen_anomaly_hi": 0.663, "pred_gen_anomaly_3mo": 0.233, "has_generation_truth": false, "confidence": "short residence time (weak area signal)", "match_method": "hydrolakes_pour"}}, {"type": "Feature", "geometry": {"type": "Point", "coordinates": [-96.0095, 50.4616]}, "properties": {"gww_id": 84440, "name": "Great Falls", "reservoir": "Lac du Bonnet Reservoir", "country": "Canada", "iso3": "CAN", "capacity_mw": 185.0, "latest_month": "2026-07", "area_km2": 10.15, "area_anomaly": -0.007, "area_anomaly_3mo": -0.103, "precip_12mo_anomaly": 0.122, "pred_gen_anomaly": -0.013, "pred_gen_anomaly_lo": -0.325, "pred_gen_anomaly_hi": 0.302, "pred_gen_anomaly_3mo": 0.04, "has_generation_truth": false, "confidence": "short residence time (weak area signal)", "match_method": "gww_polygon"}}, {"type": "Feature", "geometry": {"type": "Point", "coordinates": [-97.784408, 30.293424]}, "properties": {"gww_id": 78696, "name": "Austin", "reservoir": "Red Bud Isle", "country": "USA", "iso3": "USA", "capacity_mw": 18.0, "latest_month": "2026-07", "area_km2": 2.5, "area_anomaly": 0.003, "area_anomaly_3mo": 0.01, "precip_12mo_anomaly": 0.076, "pred_gen_anomaly": 0.166, "pred_gen_anomaly_lo": -0.702, "pred_gen_anomaly_hi": 1.212, "pred_gen_anomaly_3mo": -0.016, "has_generation_truth": true, "confidence": "short residence time (weak area signal)", "match_method": "gww_polygon"}}, {"type": "Feature", "geometry": {"type": "Point", "coordinates": [-109.421662, 40.914646]}, "properties": {"gww_id": 89564, "name": "Flaming Gorge", "reservoir": "Flaming Gorge", "country": "USA", "iso3": "USA", "capacity_mw": 151.8, "latest_month": "2026-07", "area_km2": 117.5, "area_anomaly": -0.066, "area_anomaly_3mo": -0.028, "precip_12mo_anomaly": 0.116, "pred_gen_anomaly": -0.089, "pred_gen_anomaly_lo": -0.383, "pred_gen_anomaly_hi": 0.365, "pred_gen_anomaly_3mo": -0.044, "has_generation_truth": true, "confidence": "carry-over storage (validated class)", "match_method": "hydrolakes_pour"}}, {"type": "Feature", "geometry": {"type": "Point", "coordinates": [-7.9823, 41.6794]}, "properties": {"gww_id": 78737, "name": "Venda Nova", "reservoir": null, "country": "Portugal", "iso3": "PRT", "capacity_mw": 90.0, "latest_month": "2026-07", "area_km2": 2.98, "area_anomaly": 0.007, "area_anomaly_3mo": -0.003, "precip_12mo_anomaly": 0.143, "pred_gen_anomaly": 0.057, "pred_gen_anomaly_lo": -0.362, "pred_gen_anomaly_hi": 0.576, "pred_gen_anomaly_3mo": 0.2, "has_generation_truth": false, "confidence": "short residence time (weak area signal)", "match_method": "hydrolakes_pour"}}, {"type": "Feature", "geometry": {"type": "Point", "coordinates": [-68.5982, -39.1009]}, "properties": {"gww_id": 87501, "name": "ARROYITO", "reservoir": "Arroyito", "country": "Argentina", "iso3": "ARG", "capacity_mw": 128.0, "latest_month": "2026-07", "area_km2": 38.03, "area_anomaly": 0.001, "area_anomaly_3mo": 0.013, "precip_12mo_anomaly": 0.138, "pred_gen_anomaly": 0.093, "pred_gen_anomaly_lo": -0.245, "pred_gen_anomaly_hi": 0.775, "pred_gen_anomaly_3mo": 0.036, "has_generation_truth": false, "confidence": "short residence time (weak area signal)", "match_method": "hydrolakes_pour"}}, {"type": "Feature", "geometry": {"type": "Point", "coordinates": [99.2359, 14.2336]}, "properties": {"gww_id": 81133, "name": "Tha Thung", "reservoir": null, "country": "Thailand", "iso3": "THA", "capacity_mw": 36.0, "latest_month": "2026-07", "area_km2": 3.41, "area_anomaly": -0.096, "area_anomaly_3mo": -0.102, "precip_12mo_anomaly": 0.17, "pred_gen_anomaly": 0.141, "pred_gen_anomaly_lo": -0.634, "pred_gen_anomaly_hi": 0.719, "pred_gen_anomaly_3mo": 0.075, "has_generation_truth": false, "confidence": "short residence time (weak area signal)", "match_method": "hydrolakes_pour"}}, {"type": "Feature", "geometry": {"type": "Point", "coordinates": [-49.99888889, -22.90194444]}, "properties": {"gww_id": 82131, "name": "SALTO GRANDE (SP)", "reservoir": null, "country": "BRA", "iso3": "BRA", "capacity_mw": 73.8, "latest_month": "2026-07", "area_km2": 5.8, "area_anomaly": 0.016, "area_anomaly_3mo": 0.015, "precip_12mo_anomaly": -0.035, "pred_gen_anomaly": -0.087, "pred_gen_anomaly_lo": -0.529, "pred_gen_anomaly_hi": 0.546, "pred_gen_anomaly_3mo": -0.151, "has_generation_truth": true, "confidence": "short residence time (weak area signal)", "match_method": "hydrolakes_pour"}}, {"type": "Feature", "geometry": {"type": "Point", "coordinates": [118.84, 28.69]}, "properties": {"gww_id": 87812, "name": "Hunanzhen", "reservoir": null, "country": "China", "iso3": "CHN", "capacity_mw": 270.0, "latest_month": "2026-07", "area_km2": 29.78, "area_anomaly": -0.108, "area_anomaly_3mo": -0.057, "precip_12mo_anomaly": -0.159, "pred_gen_anomaly": -0.512, "pred_gen_anomaly_lo": -0.891, "pred_gen_anomaly_hi": 0.051, "pred_gen_anomaly_3mo": -0.456, "has_generation_truth": false, "confidence": "carry-over storage (validated class)", "match_method": "hydrolakes_pour"}}, {"type": "Feature", "geometry": {"type": "Point", "coordinates": [-47.98194444, -18.45111111]}, "properties": {"gww_id": 90065, "name": "THEODOMIRO CARNEIRO SANTIAGO (EMBORCA\u00c7\u00c3O)", "reservoir": null, "country": "BRA", "iso3": "BRA", "capacity_mw": 1192.0, "latest_month": "2026-07", "area_km2": 284.25, "area_anomaly": 0.051, "area_anomaly_3mo": 0.042, "precip_12mo_anomaly": 0.077, "pred_gen_anomaly": -0.031, "pred_gen_anomaly_lo": -0.391, "pred_gen_anomaly_hi": 0.717, "pred_gen_anomaly_3mo": 0.007, "has_generation_truth": true, "confidence": "carry-over storage (validated class)", "match_method": "hydrolakes_pour"}}, {"type": "Feature", "geometry": {"type": "Point", "coordinates": [37.3236, 7.8349]}, "properties": {"gww_id": 87907, "name": "Gilgel Gibe I", "reservoir": "Gilgel Gibe I Reservoir", "country": "Ethiopia", "iso3": "ETH", "capacity_mw": 184.0, "latest_month": "2026-07", "area_km2": 28.87, "area_anomaly": -0.168, "area_anomaly_3mo": -0.059, "precip_12mo_anomaly": 0.031, "pred_gen_anomaly": -0.02, "pred_gen_anomaly_lo": -0.501, "pred_gen_anomaly_hi": 0.439, "pred_gen_anomaly_3mo": -0.033, "has_generation_truth": false, "confidence": "unknown residence time", "match_method": "gww_polygon"}}, {"type": "Feature", "geometry": {"type": "Point", "coordinates": [-83.571947, 44.472624]}, "properties": {"gww_id": 82929, "name": "Cooke", "reservoir": "Five Channels Dam Pond", "country": "USA", "iso3": "USA", "capacity_mw": 15.0, "latest_month": "2026-07", "area_km2": 6.36, "area_anomaly": 0.007, "area_anomaly_3mo": 0.013, "precip_12mo_anomaly": 0.05, "pred_gen_anomaly": 0.062, "pred_gen_anomaly_lo": -0.352, "pred_gen_anomaly_hi": 0.445, "pred_gen_anomaly_3mo": 0.118, "has_generation_truth": true, "confidence": "short residence time (weak area signal)", "match_method": "gww_polygon"}}, {"type": "Feature", "geometry": {"type": "Point", "coordinates": [-116.953889, 47.703333]}, "properties": {"gww_id": 89328, "name": "Post Falls", "reservoir": "Coeur d'Alene Lake", "country": "USA", "iso3": "USA", "capacity_mw": 14.5, "latest_month": "2026-07", "area_km2": 127.14, "area_anomaly": 0.003, "area_anomaly_3mo": 0.002, "precip_12mo_anomaly": 0.066, "pred_gen_anomaly": -0.072, "pred_gen_anomaly_lo": -0.352, "pred_gen_anomaly_hi": 0.245, "pred_gen_anomaly_3mo": 0.029, "has_generation_truth": true, "confidence": "short residence time (weak area signal)", "match_method": "hydrolakes_pour"}}, {"type": "Feature", "geometry": {"type": "Point", "coordinates": [-48.1425, -13.40416667]}, "properties": {"gww_id": 89312, "name": "CANA BRAVA", "reservoir": null, "country": "BRA", "iso3": "BRA", "capacity_mw": 450.0, "latest_month": "2026-07", "area_km2": 108.02, "area_anomaly": 0.062, "area_anomaly_3mo": 0.06, "precip_12mo_anomaly": 0.063, "pred_gen_anomaly": -0.018, "pred_gen_anomaly_lo": -0.443, "pred_gen_anomaly_hi": 0.491, "pred_gen_anomaly_3mo": 0.03, "has_generation_truth": true, "confidence": "short residence time (weak area signal)", "match_method": "hydrolakes_pour"}}, {"type": "Feature", "geometry": {"type": "Point", "coordinates": [-49.19277778, -20.30388889]}, "properties": {"gww_id": 90312, "name": "MARIMBONDO", "reservoir": null, "country": "BRA", "iso3": "BRA", "capacity_mw": 1760.0, "latest_month": "2026-07", "area_km2": 327.93, "area_anomaly": 0.021, "area_anomaly_3mo": 0.044, "precip_12mo_anomaly": -0.042, "pred_gen_anomaly": -0.022, "pred_gen_anomaly_lo": -0.39, "pred_gen_anomaly_hi": 0.409, "pred_gen_anomaly_3mo": -0.053, "has_generation_truth": true, "confidence": "short residence time (weak area signal)", "match_method": "hydrolakes_pour"}}, {"type": "Feature", "geometry": {"type": "Point", "coordinates": [121.109, 15.8107]}, "properties": {"gww_id": 87824, "name": "PANTABANGAN-MASIWAY", "reservoir": null, "country": "Philippines", "iso3": "PHL", "capacity_mw": 132.0, "latest_month": "2026-07", "area_km2": 22.57, "area_anomaly": -0.239, "area_anomaly_3mo": -0.185, "precip_12mo_anomaly": 0.002, "pred_gen_anomaly": -0.202, "pred_gen_anomaly_lo": -0.874, "pred_gen_anomaly_hi": 0.359, "pred_gen_anomaly_3mo": -0.105, "has_generation_truth": false, "confidence": "carry-over storage (validated class)", "match_method": "hydrolakes_pour"}}, {"type": "Feature", "geometry": {"type": "Point", "coordinates": [-84.9025, 42.9528]}, "properties": {"gww_id": 78949, "name": "Webber", "reservoir": null, "country": "USA", "iso3": "USA", "capacity_mw": 4.3, "latest_month": "2026-07", "area_km2": 2.24, "area_anomaly": -0.038, "area_anomaly_3mo": 0.043, "precip_12mo_anomaly": -0.033, "pred_gen_anomaly": -0.028, "pred_gen_anomaly_lo": -0.53, "pred_gen_anomaly_hi": 0.347, "pred_gen_anomaly_3mo": 0.02, "has_generation_truth": true, "confidence": "short residence time (weak area signal)", "match_method": "hydrolakes_pour"}}, {"type": "Feature", "geometry": {"type": "Point", "coordinates": [167.2778, -45.5214]}, "properties": {"gww_id": 89301, "name": "Manapouri", "reservoir": "Manapouri", "country": "New Zealand", "iso3": "NZL", "capacity_mw": 800.0, "latest_month": "2026-07", "area_km2": 146.07, "area_anomaly": 0.03, "area_anomaly_3mo": 0.008, "precip_12mo_anomaly": -0.004, "pred_gen_anomaly": 0.029, "pred_gen_anomaly_lo": -0.209, "pred_gen_anomaly_hi": 0.334, "pred_gen_anomaly_3mo": -0.017, "has_generation_truth": false, "confidence": "unknown residence time", "match_method": "gww_polygon"}}, {"type": "Feature", "geometry": {"type": "Point", "coordinates": [-88.2692, 37.0131]}, "properties": {"gww_id": 90555, "name": "Kentucky Dam", "reservoir": "Kentucky", "country": "USA", "iso3": "USA", "capacity_mw": 218.6, "latest_month": "2026-07", "area_km2": 493.2, "area_anomaly": 0.008, "area_anomaly_3mo": -0.002, "precip_12mo_anomaly": -0.119, "pred_gen_anomaly": -0.03, "pred_gen_anomaly_lo": -0.328, "pred_gen_anomaly_hi": 0.39, "pred_gen_anomaly_3mo": -0.17, "has_generation_truth": true, "confidence": "short residence time (weak area signal)", "match_method": "hydrolakes_pour"}}, {"type": "Feature", "geometry": {"type": "Point", "coordinates": [-104.1047, 21.1979]}, "properties": {"gww_id": 87826, "name": "Alfredo El\u00c3\u00adas Ayub (La Yesca)", "reservoir": "Presa El Caj\u00f3n", "country": "Mexico", "iso3": "MEX", "capacity_mw": 1500.0, "latest_month": "2026-07", "area_km2": 31.56, "area_anomaly": 0.119, "area_anomaly_3mo": 0.174, "precip_12mo_anomaly": -0.099, "pred_gen_anomaly": 0.099, "pred_gen_anomaly_lo": -0.349, "pred_gen_anomaly_hi": 0.539, "pred_gen_anomaly_3mo": 0.127, "has_generation_truth": false, "confidence": "unknown residence time", "match_method": "gww_polygon"}}, {"type": "Feature", "geometry": {"type": "Point", "coordinates": [107.7222, 14.2152]}, "properties": {"gww_id": 79812, "name": "Se San 3", "reservoir": "Sesan 3A Reservoir", "country": "Vietnam", "iso3": "VNM", "capacity_mw": 260.0, "latest_month": "2026-07", "area_km2": 3.35, "area_anomaly": 0.008, "area_anomaly_3mo": 0.058, "precip_12mo_anomaly": 0.077, "pred_gen_anomaly": 0.043, "pred_gen_anomaly_lo": -0.464, "pred_gen_anomaly_hi": 0.709, "pred_gen_anomaly_3mo": 0.041, "has_generation_truth": false, "confidence": "unknown residence time", "match_method": "gww_polygon"}}, {"type": "Feature", "geometry": {"type": "Point", "coordinates": [-78.5761, 47.9336]}, "properties": {"gww_id": 87516, "name": "Rapide-2", "reservoir": null, "country": "Canada", "iso3": "CAN", "capacity_mw": 67.0, "latest_month": "2026-07", "area_km2": 26.36, "area_anomaly": -0.013, "area_anomaly_3mo": -0.035, "precip_12mo_anomaly": 0.133, "pred_gen_anomaly": 0.125, "pred_gen_anomaly_lo": -0.194, "pred_gen_anomaly_hi": 0.435, "pred_gen_anomaly_3mo": 0.198, "has_generation_truth": false, "confidence": "short residence time (weak area signal)", "match_method": "hydrolakes_pour"}}, {"type": "Feature", "geometry": {"type": "Point", "coordinates": [-121.06788, 48.732577]}, "properties": {"gww_id": 87505, "name": "Ross", "reservoir": "Tenmile Island", "country": "USA", "iso3": "USA", "capacity_mw": 450.0, "latest_month": "2026-07", "area_km2": 40.37, "area_anomaly": 0.017, "area_anomaly_3mo": 0.053, "precip_12mo_anomaly": 0.033, "pred_gen_anomaly": -0.004, "pred_gen_anomaly_lo": -0.375, "pred_gen_anomaly_hi": 0.405, "pred_gen_anomaly_3mo": 0.042, "has_generation_truth": true, "confidence": "carry-over storage (validated class)", "match_method": "gww_polygon"}}, {"type": "Feature", "geometry": {"type": "Point", "coordinates": [-106.423043, 36.239886]}, "properties": {"gww_id": 86230, "name": "Abiquiu Dam", "reservoir": "Abiquiu Reservoir", "country": "USA", "iso3": "USA", "capacity_mw": 15.6, "latest_month": "2026-07", "area_km2": 12.11, "area_anomaly": -0.044, "area_anomaly_3mo": -0.034, "precip_12mo_anomaly": 0.002, "pred_gen_anomaly": -0.114, "pred_gen_anomaly_lo": -0.558, "pred_gen_anomaly_hi": 0.399, "pred_gen_anomaly_3mo": -0.136, "has_generation_truth": true, "confidence": "carry-over storage (validated class)", "match_method": "hydrolakes_pour"}}, {"type": "Feature", "geometry": {"type": "Point", "coordinates": [21.1921, 41.8792]}, "properties": {"gww_id": 84323, "name": "Kozjak Hydroelectric Power Plant Macedonia - Kozjak Hydroelectric Power Plant Macedonia", "reservoir": "Kozjak", "country": "North Macedonia", "iso3": "MKD", "capacity_mw": 80.0, "latest_month": "2026-07", "area_km2": 10.23, "area_anomaly": 0.039, "area_anomaly_3mo": 0.055, "precip_12mo_anomaly": 0.343, "pred_gen_anomaly": 0.22, "pred_gen_anomaly_lo": -0.322, "pred_gen_anomaly_hi": 0.605, "pred_gen_anomaly_3mo": 0.269, "has_generation_truth": false, "confidence": "carry-over storage (validated class)", "match_method": "hydrolakes_pour"}}, {"type": "Feature", "geometry": {"type": "Point", "coordinates": [-52.55472222, -26.66777778]}, "properties": {"gww_id": 81826, "name": "QUEBRA QUEIXO", "reservoir": null, "country": "BRA", "iso3": "BRA", "capacity_mw": 121.5, "latest_month": "2026-07", "area_km2": 5.44, "area_anomaly": 0.102, "area_anomaly_3mo": 0.043, "precip_12mo_anomaly": 0.108, "pred_gen_anomaly": 0.002, "pred_gen_anomaly_lo": -0.389, "pred_gen_anomaly_hi": 0.735, "pred_gen_anomaly_3mo": -0.084, "has_generation_truth": true, "confidence": "short residence time (weak area signal)", "match_method": "hydrolakes_pour"}}, {"type": "Feature", "geometry": {"type": "Point", "coordinates": [13.299583, 59.54375]}, "properties": {"gww_id": 84359, "name": "Frykfors Fryken", "reservoir": null, "country": "Sweden", "iso3": "SWE", "capacity_mw": 47.0, "latest_month": "2026-07", "area_km2": 12.26, "area_anomaly": 0.01, "area_anomaly_3mo": 0.014, "precip_12mo_anomaly": 0.214, "pred_gen_anomaly": 0.068, "pred_gen_anomaly_lo": -0.244, "pred_gen_anomaly_hi": 0.503, "pred_gen_anomaly_3mo": 0.178, "has_generation_truth": false, "confidence": "short residence time (weak area signal)", "match_method": "hydrolakes_pour"}}, {"type": "Feature", "geometry": {"type": "Point", "coordinates": [-120.883331, 35.798576]}, "properties": {"gww_id": 86232, "name": "Nacimiento Hydro Project", "reservoir": null, "country": "USA", "iso3": "USA", "capacity_mw": 4.4, "latest_month": "2026-07", "area_km2": 14.18, "area_anomaly": 0.091, "area_anomaly_3mo": 0.124, "precip_12mo_anomaly": -0.006, "pred_gen_anomaly": 0.013, "pred_gen_anomaly_lo": -0.613, "pred_gen_anomaly_hi": 0.754, "pred_gen_anomaly_3mo": -0.034, "has_generation_truth": true, "confidence": "carry-over storage (validated class)", "match_method": "hydrolakes_pour"}}, {"type": "Feature", "geometry": {"type": "Point", "coordinates": [-122.151257, 45.448977]}, "properties": {"gww_id": 72345, "name": "PHP 2", "reservoir": "Bull Run Reservoir", "country": "USA", "iso3": "USA", "capacity_mw": 11.8, "latest_month": "2026-07", "area_km2": 1.36, "area_anomaly": 0.021, "area_anomaly_3mo": -0.005, "precip_12mo_anomaly": -0.08, "pred_gen_anomaly": -0.126, "pred_gen_anomaly_lo": -0.607, "pred_gen_anomaly_hi": 0.333, "pred_gen_anomaly_3mo": -0.11, "has_generation_truth": true, "confidence": "short residence time (weak area signal)", "match_method": "hydrolakes_pour"}}, {"type": "Feature", "geometry": {"type": "Point", "coordinates": [106.7564, 11.7689]}, "properties": {"gww_id": 86238, "name": "Srok Phu Mieng", "reservoir": "H\u1ed3 Srok Phu Mi\u00eang", "country": "Vietnam", "iso3": "VNM", "capacity_mw": 51.0, "latest_month": "2026-07", "area_km2": 10.5, "area_anomaly": -0.151, "area_anomaly_3mo": -0.055, "precip_12mo_anomaly": 0.096, "pred_gen_anomaly": 0.092, "pred_gen_anomaly_lo": -0.536, "pred_gen_anomaly_hi": 0.625, "pred_gen_anomaly_3mo": 0.007, "has_generation_truth": false, "confidence": "unknown residence time", "match_method": "gww_polygon"}}, {"type": "Feature", "geometry": {"type": "Point", "coordinates": [106.8435, 11.9689]}, "properties": {"gww_id": 87697, "name": "Can Don", "reservoir": "H\u1ed3 C\u1ea7n \u0110\u01a1n", "country": "Vietnam", "iso3": "VNM", "capacity_mw": 77.0, "latest_month": "2026-07", "area_km2": 22.84, "area_anomaly": 0.098, "area_anomaly_3mo": 0.145, "precip_12mo_anomaly": 0.096, "pred_gen_anomaly": 0.235, "pred_gen_anomaly_lo": -0.398, "pred_gen_anomaly_hi": 0.898, "pred_gen_anomaly_3mo": 0.166, "has_generation_truth": false, "confidence": "unknown residence time", "match_method": "gww_polygon"}}, {"type": "Feature", "geometry": {"type": "Point", "coordinates": [146.1349, -41.4787]}, "properties": {"gww_id": 79294, "name": "Cethana", "reservoir": "Cethana", "country": "Australia", "iso3": "AUS", "capacity_mw": 117.0, "latest_month": "2026-07", "area_km2": 4.0, "area_anomaly": 0.024, "area_anomaly_3mo": 0.026, "precip_12mo_anomaly": -0.082, "pred_gen_anomaly": -0.187, "pred_gen_anomaly_lo": -0.55, "pred_gen_anomaly_hi": 0.173, "pred_gen_anomaly_3mo": -0.207, "has_generation_truth": false, "confidence": "short residence time (weak area signal)", "match_method": "hydrolakes_pour"}}, {"type": "Feature", "geometry": {"type": "Point", "coordinates": [-67.1908, -38.2143]}, "properties": {"gww_id": 89900, "name": "CASA DE PIEDRA", "reservoir": null, "country": "Argentina", "iso3": "ARG", "capacity_mw": 60.0, "latest_month": "2026-07", "area_km2": 249.88, "area_anomaly": 0.198, "area_anomaly_3mo": 0.188, "precip_12mo_anomaly": -0.012, "pred_gen_anomaly": 0.094, "pred_gen_anomaly_lo": -0.412, "pred_gen_anomaly_hi": 0.885, "pred_gen_anomaly_3mo": 0.157, "has_generation_truth": false, "confidence": "carry-over storage (validated class)", "match_method": "hydrolakes_pour"}}, {"type": "Feature", "geometry": {"type": "Point", "coordinates": [-79.2944, 47.5906]}, "properties": {"gww_id": 81836, "name": "Rapides-des-Quinze", "reservoir": null, "country": "Canada", "iso3": "CAN", "capacity_mw": 103.0, "latest_month": "2026-07", "area_km2": 4.44, "area_anomaly": 0.018, "area_anomaly_3mo": 0.005, "precip_12mo_anomaly": 0.182, "pred_gen_anomaly": 0.212, "pred_gen_anomaly_lo": -0.114, "pred_gen_anomaly_hi": 0.462, "pred_gen_anomaly_3mo": 0.288, "has_generation_truth": false, "confidence": "short residence time (weak area signal)", "match_method": "hydrolakes_pour"}}, {"type": "Feature", "geometry": {"type": "Point", "coordinates": [-45.60055556, -23.41]}, "properties": {"gww_id": 89861, "name": "PARAIBUNA", "reservoir": "Paraibuna", "country": "BRA", "iso3": "BRA", "capacity_mw": 87.0, "latest_month": "2026-07", "area_km2": 125.34, "area_anomaly": -0.039, "area_anomaly_3mo": -0.026, "precip_12mo_anomaly": -0.114, "pred_gen_anomaly": -0.194, "pred_gen_anomaly_lo": -0.821, "pred_gen_anomaly_hi": 0.395, "pred_gen_anomaly_3mo": -0.217, "has_generation_truth": true, "confidence": "unknown residence time", "match_method": "gww_polygon"}}, {"type": "Feature", "geometry": {"type": "Point", "coordinates": [37.68125, -0.8071340459]}, "properties": {"gww_id": 84373, "name": "Kamburu", "reservoir": null, "country": "Kenya", "iso3": "KEN", "capacity_mw": 94.2, "latest_month": "2026-07", "area_km2": 10.25, "area_anomaly": 0.091, "area_anomaly_3mo": -0.009, "precip_12mo_anomaly": 0.18, "pred_gen_anomaly": 0.165, "pred_gen_anomaly_lo": -0.597, "pred_gen_anomaly_hi": 0.97, "pred_gen_anomaly_3mo": 0.337, "has_generation_truth": false, "confidence": "short residence time (weak area signal)", "match_method": "hydrolakes_pour"}}, {"type": "Feature", "geometry": {"type": "Point", "coordinates": [-71.3699, -35.6853]}, "properties": {"gww_id": 87720, "name": "COLBUN", "reservoir": "Colbun", "country": "Chile", "iso3": "CHL", "capacity_mw": 474.0, "latest_month": "2026-07", "area_km2": 32.06, "area_anomaly": -0.067, "area_anomaly_3mo": -0.077, "precip_12mo_anomaly": 0.088, "pred_gen_anomaly": -0.037, "pred_gen_anomaly_lo": -0.358, "pred_gen_anomaly_hi": 0.41, "pred_gen_anomaly_3mo": -0.171, "has_generation_truth": false, "confidence": "short residence time (weak area signal)", "match_method": "hydrolakes_pour"}}, {"type": "Feature", "geometry": {"type": "Point", "coordinates": [13.6882, 9.0594]}, "properties": {"gww_id": 90551, "name": "Lagdo", "reservoir": "Lagdo Reservoir", "country": "Cameroon", "iso3": "CMR", "capacity_mw": 80.0, "latest_month": "2026-07", "area_km2": 399.64, "area_anomaly": -0.085, "area_anomaly_3mo": -0.16, "precip_12mo_anomaly": 0.059, "pred_gen_anomaly": -0.165, "pred_gen_anomaly_lo": -0.754, "pred_gen_anomaly_hi": 0.559, "pred_gen_anomaly_3mo": -0.104, "has_generation_truth": false, "confidence": "carry-over storage (validated class)", "match_method": "hydrolakes_pour"}}, {"type": "Feature", "geometry": {"type": "Point", "coordinates": [99.1291, 14.407]}, "properties": {"gww_id": 90277, "name": "Srinagarind", "reservoir": null, "country": "Thailand", "iso3": "THA", "capacity_mw": 720.0, "latest_month": "2026-07", "area_km2": 340.87, "area_anomaly": 0.045, "area_anomaly_3mo": 0.029, "precip_12mo_anomaly": 0.17, "pred_gen_anomaly": 0.299, "pred_gen_anomaly_lo": -0.328, "pred_gen_anomaly_hi": 1.007, "pred_gen_anomaly_3mo": 0.203, "has_generation_truth": false, "confidence": "carry-over storage (validated class)", "match_method": "gww_polygon"}}, {"type": "Feature", "geometry": {"type": "Point", "coordinates": [-72.7987, 47.4446]}, "properties": {"gww_id": 84250, "name": "La Tuque", "reservoir": null, "country": "Canada", "iso3": "CAN", "capacity_mw": 564.0, "latest_month": "2026-07", "area_km2": 8.84, "area_anomaly": -0.023, "area_anomaly_3mo": -0.001, "precip_12mo_anomaly": 0.067, "pred_gen_anomaly": 0.081, "pred_gen_anomaly_lo": -0.279, "pred_gen_anomaly_hi": 0.435, "pred_gen_anomaly_3mo": 0.111, "has_generation_truth": false, "confidence": "short residence time (weak area signal)", "match_method": "hydrolakes_pour"}}, {"type": "Feature", "geometry": {"type": "Point", "coordinates": [18.673154, 65.403606]}, "properties": {"gww_id": 87683, "name": "Bastusel Bastusel G1 - Bastusel Hydroelectric Power Plant Sweden", "reservoir": "Bastuselet", "country": "Sweden", "iso3": "SWE", "capacity_mw": 100.0, "latest_month": "2026-07", "area_km2": 36.89, "area_anomaly": -0.001, "area_anomaly_3mo": 0.04, "precip_12mo_anomaly": 0.146, "pred_gen_anomaly": 0.132, "pred_gen_anomaly_lo": -0.198, "pred_gen_anomaly_hi": 0.491, "pred_gen_anomaly_3mo": 0.133, "has_generation_truth": false, "confidence": "unknown residence time", "match_method": "gww_polygon"}}, {"type": "Feature", "geometry": {"type": "Point", "coordinates": [112.23, 27.68]}, "properties": {"gww_id": 87599, "name": "Shuifumiao", "reservoir": null, "country": "China", "iso3": "CHN", "capacity_mw": 30.0, "latest_month": "2026-07", "area_km2": 31.6, "area_anomaly": 0.018, "area_anomaly_3mo": 0.031, "precip_12mo_anomaly": 0.002, "pred_gen_anomaly": -0.115, "pred_gen_anomaly_lo": -0.8, "pred_gen_anomaly_hi": 0.76, "pred_gen_anomaly_3mo": 0.05, "has_generation_truth": false, "confidence": "short residence time (weak area signal)", "match_method": "hydrolakes_pour"}}, {"type": "Feature", "geometry": {"type": "Point", "coordinates": [-5.9845018, 41.5260254]}, "properties": {"gww_id": 87665, "name": "Ricobayo RICOBA II1 - Ricobayo Hydroelectric Power Plant Spain", "reservoir": null, "country": "Spain", "iso3": "ESP", "capacity_mw": 326.6, "latest_month": "2026-07", "area_km2": 30.57, "area_anomaly": 0.11, "area_anomaly_3mo": 0.159, "precip_12mo_anomaly": 0.105, "pred_gen_anomaly": 0.072, "pred_gen_anomaly_lo": -0.29, "pred_gen_anomaly_hi": 0.506, "pred_gen_anomaly_3mo": 0.215, "has_generation_truth": false, "confidence": "short residence time (weak area signal)", "match_method": "hydrolakes_pour"}}, {"type": "Feature", "geometry": {"type": "Point", "coordinates": [-122.083188, 45.481708]}, "properties": {"gww_id": 71750, "name": "PHP 1", "reservoir": "Bull Run Reservoir", "country": "USA", "iso3": "USA", "capacity_mw": 23.7, "latest_month": "2026-07", "area_km2": 1.32, "area_anomaly": -0.009, "area_anomaly_3mo": -0.013, "precip_12mo_anomaly": -0.08, "pred_gen_anomaly": -0.11, "pred_gen_anomaly_lo": -0.561, "pred_gen_anomaly_hi": 0.254, "pred_gen_anomaly_3mo": -0.101, "has_generation_truth": true, "confidence": "short residence time (weak area signal)", "match_method": "hydrolakes_pour"}}, {"type": "Feature", "geometry": {"type": "Point", "coordinates": [-111.848525, 41.254331]}, "properties": {"gww_id": 84267, "name": "Pine View Dam", "reservoir": "Pineview", "country": "USA", "iso3": "USA", "capacity_mw": 1.8, "latest_month": "2026-07", "area_km2": 7.81, "area_anomaly": -0.227, "area_anomaly_3mo": -0.041, "precip_12mo_anomaly": 0.13, "pred_gen_anomaly": -0.138, "pred_gen_anomaly_lo": -0.767, "pred_gen_anomaly_hi": 0.551, "pred_gen_anomaly_3mo": -0.041, "has_generation_truth": true, "confidence": "carry-over storage (validated class)", "match_method": "hydrolakes_pour"}}, {"type": "Feature", "geometry": {"type": "Point", "coordinates": [74.8388, 14.1704]}, "properties": {"gww_id": 89951, "name": "LIGANAMAKKI", "reservoir": "Linganamakki", "country": "India", "iso3": "IND", "capacity_mw": 55.0, "latest_month": "2026-07", "area_km2": 104.25, "area_anomaly": -0.274, "area_anomaly_3mo": -0.206, "precip_12mo_anomaly": -0.035, "pred_gen_anomaly": -0.161, "pred_gen_anomaly_lo": -0.884, "pred_gen_anomaly_hi": 0.409, "pred_gen_anomaly_3mo": -0.022, "has_generation_truth": false, "confidence": "carry-over storage (validated class)", "match_method": "hydrolakes_pour"}}, {"type": "Feature", "geometry": {"type": "Point", "coordinates": [-83.0503, 35.6946]}, "properties": {"gww_id": 71912, "name": "Walters", "reservoir": null, "country": "USA", "iso3": "USA", "capacity_mw": 108.0, "latest_month": "2026-07", "area_km2": 0.89, "area_anomaly": -0.038, "area_anomaly_3mo": -0.017, "precip_12mo_anomaly": -0.123, "pred_gen_anomaly": -0.051, "pred_gen_anomaly_lo": -0.314, "pred_gen_anomaly_hi": 0.343, "pred_gen_anomaly_3mo": -0.119, "has_generation_truth": true, "confidence": "short residence time (weak area signal)", "match_method": "hydrolakes_pour"}}, {"type": "Feature", "geometry": {"type": "Point", "coordinates": [145.9828, -42.7405]}, "properties": {"gww_id": 89941, "name": "Gordon", "reservoir": "Gordon", "country": "Australia", "iso3": "AUS", "capacity_mw": 432.0, "latest_month": "2026-07", "area_km2": 232.23, "area_anomaly": 0.089, "area_anomaly_3mo": 0.116, "precip_12mo_anomaly": -0.008, "pred_gen_anomaly": 0.092, "pred_gen_anomaly_lo": -0.422, "pred_gen_anomaly_hi": 0.6, "pred_gen_anomaly_3mo": 0.114, "has_generation_truth": false, "confidence": "carry-over storage (validated class)", "match_method": "hydrolakes_pour"}}, {"type": "Feature", "geometry": {"type": "Point", "coordinates": [17.34, 60.43888889]}, "properties": {"gww_id": 83763, "name": "Untra", "reservoir": null, "country": "Sweden", "iso3": "SWE", "capacity_mw": 42.0, "latest_month": "2026-07", "area_km2": 8.76, "area_anomaly": -0.0, "area_anomaly_3mo": -0.011, "precip_12mo_anomaly": 0.115, "pred_gen_anomaly": 0.026, "pred_gen_anomaly_lo": -0.265, "pred_gen_anomaly_hi": 0.372, "pred_gen_anomaly_3mo": 0.051, "has_generation_truth": false, "confidence": "unknown residence time", "match_method": "gww_polygon"}}, {"type": "Feature", "geometry": {"type": "Point", "coordinates": [-52.60805556, -25.62777778]}, "properties": {"gww_id": 89912, "name": "SALTO SANTIAGO", "reservoir": null, "country": "BRA", "iso3": "BRA", "capacity_mw": 1420.0, "latest_month": "2026-07", "area_km2": 177.76, "area_anomaly": -0.023, "area_anomaly_3mo": -0.053, "precip_12mo_anomaly": 0.052, "pred_gen_anomaly": -0.126, "pred_gen_anomaly_lo": -0.416, "pred_gen_anomaly_hi": 0.489, "pred_gen_anomaly_3mo": -0.147, "has_generation_truth": true, "confidence": "short residence time (weak area signal)", "match_method": "hydrolakes_pour"}}, {"type": "Feature", "geometry": {"type": "Point", "coordinates": [-53.18722222, -29.01527778]}, "properties": {"gww_id": 89923, "name": "PASSO REAL", "reservoir": "Real", "country": "BRA", "iso3": "BRA", "capacity_mw": 158.0, "latest_month": "2026-07", "area_km2": 180.74, "area_anomaly": -0.045, "area_anomaly_3mo": -0.036, "precip_12mo_anomaly": -0.019, "pred_gen_anomaly": -0.241, "pred_gen_anomaly_lo": -0.821, "pred_gen_anomaly_hi": 0.398, "pred_gen_anomaly_3mo": -0.232, "has_generation_truth": true, "confidence": "carry-over storage (validated class)", "match_method": "hydrolakes_pour"}}, {"type": "Feature", "geometry": {"type": "Point", "coordinates": [111.68, 25.95]}, "properties": {"gww_id": 87676, "name": "Shuangpai", "reservoir": null, "country": "China", "iso3": "CHN", "capacity_mw": 150.0, "latest_month": "2026-07", "area_km2": 25.05, "area_anomaly": 0.01, "area_anomaly_3mo": -0.027, "precip_12mo_anomaly": 0.052, "pred_gen_anomaly": 0.05, "pred_gen_anomaly_lo": -0.425, "pred_gen_anomaly_hi": 0.733, "pred_gen_anomaly_3mo": -0.069, "has_generation_truth": false, "confidence": "short residence time (weak area signal)", "match_method": "hydrolakes_pour"}}, {"type": "Feature", "geometry": {"type": "Point", "coordinates": [25.4458, -10.5024]}, "properties": {"gww_id": 89922, "name": "Nzilo", "reservoir": "N'Zilo", "country": "Democratic Republic of the Congo", "iso3": "COD", "capacity_mw": 110.0, "latest_month": "2026-07", "area_km2": 229.24, "area_anomaly": 0.078, "area_anomaly_3mo": 0.033, "precip_12mo_anomaly": 0.008, "pred_gen_anomaly": 0.064, "pred_gen_anomaly_lo": -0.507, "pred_gen_anomaly_hi": 0.859, "pred_gen_anomaly_3mo": -0.043, "has_generation_truth": false, "confidence": "carry-over storage (validated class)", "match_method": "hydrolakes_pour"}}, {"type": "Feature", "geometry": {"type": "Point", "coordinates": [20.652053, 42.940311]}, "properties": {"gww_id": 84031, "name": "Ujmani", "reservoir": null, "country": "Kosovo", "iso3": "XKX", "capacity_mw": 35.0, "latest_month": "2026-07", "area_km2": 9.08, "area_anomaly": 0.004, "area_anomaly_3mo": 0.012, "precip_12mo_anomaly": 0.349, "pred_gen_anomaly": 0.216, "pred_gen_anomaly_lo": -0.238, "pred_gen_anomaly_hi": 0.587, "pred_gen_anomaly_3mo": 0.315, "has_generation_truth": false, "confidence": "carry-over storage (validated class)", "match_method": "hydrolakes_pour"}}, {"type": "Feature", "geometry": {"type": "Point", "coordinates": [-51.99583333, -22.54472222]}, "properties": {"gww_id": 90481, "name": "TAQUARU\u00c7U", "reservoir": "Iepe", "country": "BRA", "iso3": "BRA", "capacity_mw": 525.0, "latest_month": "2026-07", "area_km2": 521.48, "area_anomaly": 0.044, "area_anomaly_3mo": -0.0, "precip_12mo_anomaly": -0.011, "pred_gen_anomaly": -0.052, "pred_gen_anomaly_lo": -0.48, "pred_gen_anomaly_hi": 0.522, "pred_gen_anomaly_3mo": -0.075, "has_generation_truth": true, "confidence": "short residence time (weak area signal)", "match_method": "hydrolakes_pour"}}, {"type": "Feature", "geometry": {"type": "Point", "coordinates": [121.1603, 14.9098]}, "properties": {"gww_id": 86334, "name": "ANGAT", "reservoir": null, "country": "Philippines", "iso3": "PHL", "capacity_mw": 246.0, "latest_month": "2026-07", "area_km2": 7.9, "area_anomaly": -0.374, "area_anomaly_3mo": -0.278, "precip_12mo_anomaly": 0.002, "pred_gen_anomaly": -0.22, "pred_gen_anomaly_lo": -0.813, "pred_gen_anomaly_hi": 0.168, "pred_gen_anomaly_3mo": -0.128, "has_generation_truth": false, "confidence": "carry-over storage (validated class)", "match_method": "hydrolakes_pour"}}, {"type": "Feature", "geometry": {"type": "Point", "coordinates": [-93.4628, 17.4463]}, "properties": {"gww_id": 86343, "name": "\u00c3\u0081ngel Albino Corzo (Pe\u00c3\u00b1itas)", "reservoir": null, "country": "Mexico", "iso3": "MEX", "capacity_mw": 420.0, "latest_month": "2026-07", "area_km2": 17.12, "area_anomaly": -0.073, "area_anomaly_3mo": -0.113, "precip_12mo_anomaly": -0.21, "pred_gen_anomaly": -0.441, "pred_gen_anomaly_lo": -0.762, "pred_gen_anomaly_hi": 0.096, "pred_gen_anomaly_3mo": -0.218, "has_generation_truth": false, "confidence": "short residence time (weak area signal)", "match_method": "hydrolakes_pour"}}, {"type": "Feature", "geometry": {"type": "Point", "coordinates": [-105.3565, 39.9456]}, "properties": {"gww_id": 73607, "name": "Gross Hydro Plant", "reservoir": null, "country": "USA", "iso3": "USA", "capacity_mw": 8.0, "latest_month": "2026-07", "area_km2": 0.97, "area_anomaly": -0.312, "area_anomaly_3mo": -0.292, "precip_12mo_anomaly": 0.047, "pred_gen_anomaly": -0.305, "pred_gen_anomaly_lo": -0.836, "pred_gen_anomaly_hi": 0.315, "pred_gen_anomaly_3mo": -0.278, "has_generation_truth": true, "confidence": "short residence time (weak area signal)", "match_method": "hydrolakes_pour"}}, {"type": "Feature", "geometry": {"type": "Point", "coordinates": [49.607, 32.0549]}, "properties": {"gww_id": 87545, "name": "Shahid Abbaspuor", "reservoir": null, "country": "Iran", "iso3": "IRN", "capacity_mw": 2000.0, "latest_month": "2026-07", "area_km2": 43.74, "area_anomaly": 0.058, "area_anomaly_3mo": -0.001, "precip_12mo_anomaly": -0.02, "pred_gen_anomaly": -0.018, "pred_gen_anomaly_lo": -0.431, "pred_gen_anomaly_hi": 0.409, "pred_gen_anomaly_3mo": -0.013, "has_generation_truth": false, "confidence": "carry-over storage (validated class)", "match_method": "hydrolakes_pour"}}, {"type": "Feature", "geometry": {"type": "Point", "coordinates": [-60.69722222, -11.99722222]}, "properties": {"gww_id": 87795, "name": "RONDON II", "reservoir": null, "country": "BRA", "iso3": "BRA", "capacity_mw": 73.5, "latest_month": "2026-07", "area_km2": 50.04, "area_anomaly": 0.175, "area_anomaly_3mo": 0.097, "precip_12mo_anomaly": -0.012, "pred_gen_anomaly": -0.021, "pred_gen_anomaly_lo": -0.527, "pred_gen_anomaly_hi": 0.635, "pred_gen_anomaly_3mo": -0.089, "has_generation_truth": true, "confidence": "unknown residence time", "match_method": "gww_polygon"}}, {"type": "Feature", "geometry": {"type": "Point", "coordinates": [-121.277334, 44.605837]}, "properties": {"gww_id": 86071, "name": "Round Butte", "reservoir": "Billy Chinook Lake", "country": "USA", "iso3": "USA", "capacity_mw": 372.5, "latest_month": "2026-07", "area_km2": 15.36, "area_anomaly": 0.015, "area_anomaly_3mo": 0.007, "precip_12mo_anomaly": -0.147, "pred_gen_anomaly": -0.15, "pred_gen_anomaly_lo": -0.247, "pred_gen_anomaly_hi": 0.023, "pred_gen_anomaly_3mo": -0.154, "has_generation_truth": true, "confidence": "short residence time (weak area signal)", "match_method": "hydrolakes_pour"}}, {"type": "Feature", "geometry": {"type": "Point", "coordinates": [146.6207, -42.2537]}, "properties": {"gww_id": 82085, "name": "Lake Echo", "reservoir": "Dee Lagoon", "country": "Australia", "iso3": "AUS", "capacity_mw": 32.4, "latest_month": "2026-07", "area_km2": 6.33, "area_anomaly": -0.04, "area_anomaly_3mo": -0.016, "precip_12mo_anomaly": -0.028, "pred_gen_anomaly": -0.118, "pred_gen_anomaly_lo": -0.547, "pred_gen_anomaly_hi": 0.304, "pred_gen_anomaly_3mo": -0.098, "has_generation_truth": false, "confidence": "unknown residence time", "match_method": "gww_polygon"}}, {"type": "Feature", "geometry": {"type": "Point", "coordinates": [-52.74083333, -27.55388889]}, "properties": {"gww_id": 89593, "name": "PASSO FUNDO", "reservoir": "Barragem Passo Fundo", "country": "BRA", "iso3": "BRA", "capacity_mw": 226.0, "latest_month": "2026-07", "area_km2": 120.61, "area_anomaly": -0.007, "area_anomaly_3mo": -0.021, "precip_12mo_anomaly": 0.074, "pred_gen_anomaly": -0.045, "pred_gen_anomaly_lo": -0.531, "pred_gen_anomaly_hi": 0.657, "pred_gen_anomaly_3mo": -0.067, "has_generation_truth": true, "confidence": "carry-over storage (validated class)", "match_method": "hydrolakes_pour"}}, {"type": "Feature", "geometry": {"type": "Point", "coordinates": [-71.604027, 43.27456]}, "properties": {"gww_id": 73737, "name": "Rolfe Canal Hydro", "reservoir": "Contoocook River Reservoir", "country": "USA", "iso3": "USA", "capacity_mw": 4.3, "latest_month": "2026-07", "area_km2": 0.55, "area_anomaly": -0.035, "area_anomaly_3mo": 0.078, "precip_12mo_anomaly": -0.055, "pred_gen_anomaly": 0.045, "pred_gen_anomaly_lo": -0.546, "pred_gen_anomaly_hi": 0.489, "pred_gen_anomaly_3mo": 0.089, "has_generation_truth": true, "confidence": "unknown residence time", "match_method": "gww_polygon"}}, {"type": "Feature", "geometry": {"type": "Point", "coordinates": [-75.1364, 43.8719]}, "properties": {"gww_id": 71146, "name": "Moshier", "reservoir": null, "country": "USA", "iso3": "USA", "capacity_mw": 8.0, "latest_month": "2026-07", "area_km2": 1.11, "area_anomaly": 0.006, "area_anomaly_3mo": 0.011, "precip_12mo_anomaly": 0.019, "pred_gen_anomaly": 0.073, "pred_gen_anomaly_lo": -0.391, "pred_gen_anomaly_hi": 0.498, "pred_gen_anomaly_3mo": 0.047, "has_generation_truth": true, "confidence": "short residence time (weak area signal)", "match_method": "hydrolakes_pour"}}, {"type": "Feature", "geometry": {"type": "Point", "coordinates": [24.0, 54.87414]}, "properties": {"gww_id": 87732, "name": "Kaunohe Kauno KHE------HA1 - Kaunas Hydroelectric Power Plant Lithuania", "reservoir": null, "country": "Lithuania", "iso3": "LTU", "capacity_mw": 101.0, "latest_month": "2026-07", "area_km2": 45.35, "area_anomaly": -0.029, "area_anomaly_3mo": -0.005, "precip_12mo_anomaly": -0.101, "pred_gen_anomaly": -0.048, "pred_gen_anomaly_lo": -0.298, "pred_gen_anomaly_hi": 0.296, "pred_gen_anomaly_3mo": -0.097, "has_generation_truth": false, "confidence": "short residence time (weak area signal)", "match_method": "gww_polygon"}}, {"type": "Feature", "geometry": {"type": "Point", "coordinates": [-84.077367, 34.162279]}, "properties": {"gww_id": 89709, "name": "Buford", "reservoir": "Lake Sidney Lanier", "country": "USA", "iso3": "USA", "capacity_mw": 217.2, "latest_month": "2026-07", "area_km2": 144.52, "area_anomaly": 0.024, "area_anomaly_3mo": -0.01, "precip_12mo_anomaly": -0.16, "pred_gen_anomaly": -0.061, "pred_gen_anomaly_lo": -0.567, "pred_gen_anomaly_hi": 0.485, "pred_gen_anomaly_3mo": -0.265, "has_generation_truth": true, "confidence": "carry-over storage (validated class)", "match_method": "hydrolakes_pour"}}, {"type": "Feature", "geometry": {"type": "Point", "coordinates": [-115.070986, 42.913786]}, "properties": {"gww_id": 72851, "name": "Bliss", "reservoir": "Bliss Reservoir", "country": "USA", "iso3": "USA", "capacity_mw": 75.0, "latest_month": "2026-07", "area_km2": 0.83, "area_anomaly": 0.02, "area_anomaly_3mo": -0.005, "precip_12mo_anomaly": 0.11, "pred_gen_anomaly": -0.014, "pred_gen_anomaly_lo": -0.41, "pred_gen_anomaly_hi": 0.314, "pred_gen_anomaly_3mo": 0.002, "has_generation_truth": true, "confidence": "unknown residence time", "match_method": "gww_polygon"}}, {"type": "Feature", "geometry": {"type": "Point", "coordinates": [-93.194425, 34.570984]}, "properties": {"gww_id": 89684, "name": "Blakely Mountain", "reservoir": "Lake Ouachita", "country": "USA", "iso3": "USA", "capacity_mw": 75.0, "latest_month": "2026-07", "area_km2": 149.0, "area_anomaly": 0.011, "area_anomaly_3mo": -0.022, "precip_12mo_anomaly": -0.176, "pred_gen_anomaly": -0.172, "pred_gen_anomaly_lo": -0.678, "pred_gen_anomaly_hi": 0.439, "pred_gen_anomaly_3mo": -0.372, "has_generation_truth": true, "confidence": "carry-over storage (validated class)", "match_method": "gww_polygon"}}, {"type": "Feature", "geometry": {"type": "Point", "coordinates": [-52.73111111, -27.34416667]}, "properties": {"gww_id": 81567, "name": "MONJOLINHO", "reservoir": null, "country": "BRA", "iso3": "BRA", "capacity_mw": 74.0, "latest_month": "2026-07", "area_km2": 4.64, "area_anomaly": 0.118, "area_anomaly_3mo": 0.177, "precip_12mo_anomaly": 0.074, "pred_gen_anomaly": 0.159, "pred_gen_anomaly_lo": -0.544, "pred_gen_anomaly_hi": 0.868, "pred_gen_anomaly_3mo": 0.126, "has_generation_truth": true, "confidence": "unknown residence time", "match_method": "gww_polygon"}}, {"type": "Feature", "geometry": {"type": "Point", "coordinates": [74.3916, 14.8901]}, "properties": {"gww_id": 86315, "name": "KADRA", "reservoir": null, "country": "India", "iso3": "IND", "capacity_mw": 150.0, "latest_month": "2026-07", "area_km2": 21.82, "area_anomaly": 0.004, "area_anomaly_3mo": -0.009, "precip_12mo_anomaly": 0.014, "pred_gen_anomaly": -0.138, "pred_gen_anomaly_lo": -0.605, "pred_gen_anomaly_hi": 0.358, "pred_gen_anomaly_3mo": 0.027, "has_generation_truth": false, "confidence": "unknown residence time", "match_method": "gww_polygon"}}, {"type": "Feature", "geometry": {"type": "Point", "coordinates": [-107.578745, 37.377715]}, "properties": {"gww_id": 83688, "name": "Vallecito Hydroelectric", "reservoir": "Vallecito", "country": "USA", "iso3": "USA", "capacity_mw": 5.8, "latest_month": "2026-07", "area_km2": 9.04, "area_anomaly": -0.073, "area_anomaly_3mo": 0.048, "precip_12mo_anomaly": 0.039, "pred_gen_anomaly": -0.05, "pred_gen_anomaly_lo": -0.894, "pred_gen_anomaly_hi": 0.702, "pred_gen_anomaly_3mo": 0.051, "has_generation_truth": true, "confidence": "carry-over storage (validated class)", "match_method": "hydrolakes_pour"}}, {"type": "Feature", "geometry": {"type": "Point", "coordinates": [72.6861, 34.0889]}, "properties": {"gww_id": 89641, "name": "Tarbela", "reservoir": "Tarbela", "country": "Pakistan", "iso3": "PAK", "capacity_mw": 3478.0, "latest_month": "2026-07", "area_km2": 199.05, "area_anomaly": 0.012, "area_anomaly_3mo": 0.086, "precip_12mo_anomaly": 0.152, "pred_gen_anomaly": 0.283, "pred_gen_anomaly_lo": -0.11, "pred_gen_anomaly_hi": 0.741, "pred_gen_anomaly_3mo": 0.218, "has_generation_truth": false, "confidence": "short residence time (weak area signal)", "match_method": "hydrolakes_pour"}}, {"type": "Feature", "geometry": {"type": "Point", "coordinates": [18.878073, 64.479423]}, "properties": {"gww_id": 73039, "name": "Tuggen", "reservoir": null, "country": "Sweden", "iso3": "SWE", "capacity_mw": 105.0, "latest_month": "2026-07", "area_km2": 1.4, "area_anomaly": 0.029, "area_anomaly_3mo": 0.08, "precip_12mo_anomaly": 0.136, "pred_gen_anomaly": 0.136, "pred_gen_anomaly_lo": -0.209, "pred_gen_anomaly_hi": 0.425, "pred_gen_anomaly_3mo": 0.114, "has_generation_truth": false, "confidence": "short residence time (weak area signal)", "match_method": "hydrolakes_pour"}}, {"type": "Feature", "geometry": {"type": "Point", "coordinates": [-63.45416667, -8.751944444]}, "properties": {"gww_id": 87943, "name": "SAMUEL", "reservoir": null, "country": "BRA", "iso3": "BRA", "capacity_mw": 216.8, "latest_month": "2026-07", "area_km2": 51.11, "area_anomaly": -0.061, "area_anomaly_3mo": -0.032, "precip_12mo_anomaly": -0.023, "pred_gen_anomaly": -0.217, "pred_gen_anomaly_lo": -0.576, "pred_gen_anomaly_hi": 0.488, "pred_gen_anomaly_3mo": -0.215, "has_generation_truth": true, "confidence": "short residence time (weak area signal)", "match_method": "hydrolakes_pour"}}, {"type": "Feature", "geometry": {"type": "Point", "coordinates": [-119.257764, 46.982514]}, "properties": {"gww_id": 88602, "name": "Quincy Chute", "reservoir": "Potholes", "country": "USA", "iso3": "USA", "capacity_mw": 9.4, "latest_month": "2026-07", "area_km2": 57.68, "area_anomaly": 0.041, "area_anomaly_3mo": 0.031, "precip_12mo_anomaly": 0.013, "pred_gen_anomaly": -0.143, "pred_gen_anomaly_lo": -0.702, "pred_gen_anomaly_hi": 0.457, "pred_gen_anomaly_3mo": 0.0, "has_generation_truth": true, "confidence": "carry-over storage (validated class)", "match_method": "hydrolakes_pour"}}, {"type": "Feature", "geometry": {"type": "Point", "coordinates": [-68.7483, -39.2577]}, "properties": {"gww_id": 90570, "name": "EL CHOCON", "reservoir": "Chocon Reservoir", "country": "Argentina", "iso3": "ARG", "capacity_mw": 1200.0, "latest_month": "2026-07", "area_km2": 693.71, "area_anomaly": -0.022, "area_anomaly_3mo": -0.051, "precip_12mo_anomaly": 0.138, "pred_gen_anomaly": -0.072, "pred_gen_anomaly_lo": -0.266, "pred_gen_anomaly_hi": 0.632, "pred_gen_anomaly_3mo": -0.081, "has_generation_truth": false, "confidence": "carry-over storage (validated class)", "match_method": "hydrolakes_pour"}}, {"type": "Feature", "geometry": {"type": "Point", "coordinates": [145.6461, -41.6997]}, "properties": {"gww_id": 87107, "name": "Mackintosh", "reservoir": "Mackintosh Lake", "country": "Australia", "iso3": "AUS", "capacity_mw": 79.9, "latest_month": "2026-07", "area_km2": 29.18, "area_anomaly": -0.02, "area_anomaly_3mo": 0.015, "precip_12mo_anomaly": -0.068, "pred_gen_anomaly": -0.198, "pred_gen_anomaly_lo": -0.728, "pred_gen_anomaly_hi": 0.245, "pred_gen_anomaly_3mo": -0.2, "has_generation_truth": false, "confidence": "carry-over storage (validated class)", "match_method": "hydrolakes_pour"}}, {"type": "Feature", "geometry": {"type": "Point", "coordinates": [28.41611111, 64.59222222]}, "properties": {"gww_id": 80678, "name": "Seitenoikea", "reservoir": null, "country": "Finland", "iso3": "FIN", "capacity_mw": 39.0, "latest_month": "2026-07", "area_km2": 4.65, "area_anomaly": 0.007, "area_anomaly_3mo": 0.011, "precip_12mo_anomaly": 0.138, "pred_gen_anomaly": 0.092, "pred_gen_anomaly_lo": -0.302, "pred_gen_anomaly_hi": 0.524, "pred_gen_anomaly_3mo": 0.109, "has_generation_truth": false, "confidence": "short residence time (weak area signal)", "match_method": "hydrolakes_pour"}}, {"type": "Feature", "geometry": {"type": "Point", "coordinates": [-92.980833, 41.369722]}, "properties": {"gww_id": 88619, "name": "Red Rock Hydro Plant", "reservoir": "Lake Red Rock", "country": "USA", "iso3": "USA", "capacity_mw": 55.2, "latest_month": "2026-07", "area_km2": 55.38, "area_anomaly": -0.116, "area_anomaly_3mo": -0.112, "precip_12mo_anomaly": 0.069, "pred_gen_anomaly": 0.042, "pred_gen_anomaly_lo": -0.641, "pred_gen_anomaly_hi": 0.717, "pred_gen_anomaly_3mo": 0.029, "has_generation_truth": true, "confidence": "carry-over storage (validated class)", "match_method": "hydrolakes_pour"}}, {"type": "Feature", "geometry": {"type": "Point", "coordinates": [41.6834, 41.3507]}, "properties": {"gww_id": 84798, "name": "Bor\u00c3\u00a7ka Dam", "reservoir": "Bor\u00e7ka Baraj G\u00f6l\u00fc", "country": "Turkey", "iso3": "TUR", "capacity_mw": 300.0, "latest_month": "2026-07", "area_km2": 9.49, "area_anomaly": 0.038, "area_anomaly_3mo": 0.037, "precip_12mo_anomaly": 0.154, "pred_gen_anomaly": 0.158, "pred_gen_anomaly_lo": -0.183, "pred_gen_anomaly_hi": 0.602, "pred_gen_anomaly_3mo": 0.121, "has_generation_truth": false, "confidence": "unknown residence time", "match_method": "gww_polygon"}}, {"type": "Feature", "geometry": {"type": "Point", "coordinates": [103.1899, 12.0752]}, "properties": {"gww_id": 84129, "name": "Stung Atai", "reservoir": null, "country": "Cambodia", "iso3": "KHM", "capacity_mw": 120.0, "latest_month": "2026-07", "area_km2": 10.16, "area_anomaly": 0.436, "area_anomaly_3mo": 0.388, "precip_12mo_anomaly": 0.079, "pred_gen_anomaly": 0.392, "pred_gen_anomaly_lo": -0.442, "pred_gen_anomaly_hi": 1.149, "pred_gen_anomaly_3mo": 0.368, "has_generation_truth": false, "confidence": "unknown residence time", "match_method": "gww_polygon"}}, {"type": "Feature", "geometry": {"type": "Point", "coordinates": [-70.7437, 19.3104]}, "properties": {"gww_id": 83299, "name": "Tavera 1", "reservoir": null, "country": "Dominican Republic", "iso3": "DOM", "capacity_mw": 96.0, "latest_month": "2026-07", "area_km2": 7.04, "area_anomaly": 0.179, "area_anomaly_3mo": 0.092, "precip_12mo_anomaly": 0.283, "pred_gen_anomaly": 0.578, "pred_gen_anomaly_lo": -0.464, "pred_gen_anomaly_hi": 1.598, "pred_gen_anomaly_3mo": 0.379, "has_generation_truth": false, "confidence": "carry-over storage (validated class)", "match_method": "hydrolakes_pour"}}, {"type": "Feature", "geometry": {"type": "Point", "coordinates": [-65.3298, -25.2712]}, "properties": {"gww_id": 88842, "name": "CABRA CORRAL", "reservoir": "General Belgrano", "country": "Argentina", "iso3": "ARG", "capacity_mw": 102.0, "latest_month": "2026-07", "area_km2": 85.23, "area_anomaly": 0.063, "area_anomaly_3mo": 0.055, "precip_12mo_anomaly": 0.36, "pred_gen_anomaly": 0.386, "pred_gen_anomaly_lo": -0.469, "pred_gen_anomaly_hi": 1.25, "pred_gen_anomaly_3mo": 0.581, "has_generation_truth": false, "confidence": "carry-over storage (validated class)", "match_method": "hydrolakes_pour"}}, {"type": "Feature", "geometry": {"type": "Point", "coordinates": [-98.4176, 30.7507]}, "properties": {"gww_id": 88847, "name": "Buchanan Dam (TX)", "reservoir": "Lake Buchanan", "country": "USA", "iso3": "USA", "capacity_mw": 54.9, "latest_month": "2026-07", "area_km2": 85.44, "area_anomaly": 0.109, "area_anomaly_3mo": 0.123, "precip_12mo_anomaly": 0.088, "pred_gen_anomaly": 0.625, "pred_gen_anomaly_lo": -0.504, "pred_gen_anomaly_hi": 1.702, "pred_gen_anomaly_3mo": 0.348, "has_generation_truth": true, "confidence": "carry-over storage (validated class)", "match_method": "hydrolakes_pour"}}, {"type": "Feature", "geometry": {"type": "Point", "coordinates": [-49.09694444, -18.40944444]}, "properties": {"gww_id": 90348, "name": "ITUMBIARA", "reservoir": null, "country": "BRA", "iso3": "BRA", "capacity_mw": 2082.0, "latest_month": "2026-07", "area_km2": 494.81, "area_anomaly": 0.095, "area_anomaly_3mo": 0.073, "precip_12mo_anomaly": 0.061, "pred_gen_anomaly": 0.036, "pred_gen_anomaly_lo": -0.367, "pred_gen_anomaly_hi": 0.736, "pred_gen_anomaly_3mo": 0.049, "has_generation_truth": true, "confidence": "carry-over storage (validated class)", "match_method": "gww_polygon"}}, {"type": "Feature", "geometry": {"type": "Point", "coordinates": [-74.566217, 44.233419]}, "properties": {"gww_id": 87139, "name": "Piercefield", "reservoir": "Raquette Pond", "country": "USA", "iso3": "USA", "capacity_mw": 2.7, "latest_month": "2026-07", "area_km2": 24.74, "area_anomaly": 0.007, "area_anomaly_3mo": -0.007, "precip_12mo_anomaly": 0.025, "pred_gen_anomaly": 0.098, "pred_gen_anomaly_lo": -0.342, "pred_gen_anomaly_hi": 0.444, "pred_gen_anomaly_3mo": 0.06, "has_generation_truth": true, "confidence": "short residence time (weak area signal)", "match_method": "hydrolakes_pour"}}, {"type": "Feature", "geometry": {"type": "Point", "coordinates": [145.9215, -37.222]}, "properties": {"gww_id": 88627, "name": "Eildon", "reservoir": "Eildon", "country": "Australia", "iso3": "AUS", "capacity_mw": 120.0, "latest_month": "2026-07", "area_km2": 62.33, "area_anomaly": -0.067, "area_anomaly_3mo": -0.025, "precip_12mo_anomaly": -0.09, "pred_gen_anomaly": -0.261, "pred_gen_anomaly_lo": -0.844, "pred_gen_anomaly_hi": 0.166, "pred_gen_anomaly_3mo": -0.174, "has_generation_truth": false, "confidence": "carry-over storage (validated class)", "match_method": "hydrolakes_pour"}}, {"type": "Feature", "geometry": {"type": "Point", "coordinates": [46.168, 40.9487]}, "properties": {"gww_id": 88911, "name": "Shamkir", "reservoir": null, "country": "Azerbaijan", "iso3": "AZE", "capacity_mw": 405.0, "latest_month": "2026-07", "area_km2": 94.73, "area_anomaly": 0.115, "area_anomaly_3mo": 0.059, "precip_12mo_anomaly": 0.197, "pred_gen_anomaly": 0.26, "pred_gen_anomaly_lo": -0.217, "pred_gen_anomaly_hi": 0.648, "pred_gen_anomaly_3mo": 0.209, "has_generation_truth": false, "confidence": "short residence time (weak area signal)", "match_method": "hydrolakes_pour"}}, {"type": "Feature", "geometry": {"type": "Point", "coordinates": [37.58766136, -0.8790053027]}, "properties": {"gww_id": 88946, "name": "Masinga", "reservoir": "Tana", "country": "Kenya", "iso3": "KEN", "capacity_mw": 40.0, "latest_month": "2026-07", "area_km2": 95.2, "area_anomaly": 0.29, "area_anomaly_3mo": 0.275, "precip_12mo_anomaly": 0.194, "pred_gen_anomaly": 0.706, "pred_gen_anomaly_lo": -0.508, "pred_gen_anomaly_hi": 1.801, "pred_gen_anomaly_3mo": 0.721, "has_generation_truth": false, "confidence": "carry-over storage (validated class)", "match_method": "hydrolakes_pour"}}, {"type": "Feature", "geometry": {"type": "Point", "coordinates": [75.8988, 11.5484]}, "properties": {"gww_id": 83438, "name": "KUTTIADI", "reservoir": null, "country": "India", "iso3": "IND", "capacity_mw": 225.0, "latest_month": "2026-07", "area_km2": 6.92, "area_anomaly": 0.122, "area_anomaly_3mo": 0.019, "precip_12mo_anomaly": -0.092, "pred_gen_anomaly": -0.118, "pred_gen_anomaly_lo": -0.567, "pred_gen_anomaly_hi": 0.329, "pred_gen_anomaly_3mo": 0.025, "has_generation_truth": false, "confidence": "unknown residence time", "match_method": "gww_polygon"}}, {"type": "Feature", "geometry": {"type": "Point", "coordinates": [20.63055556, 64.74194444]}, "properties": {"gww_id": 70220, "name": "Selsfors", "reservoir": null, "country": "Sweden", "iso3": "SWE", "capacity_mw": 61.0, "latest_month": "2026-07", "area_km2": 1.13, "area_anomaly": -0.026, "area_anomaly_3mo": -0.019, "precip_12mo_anomaly": 0.176, "pred_gen_anomaly": 0.139, "pred_gen_anomaly_lo": -0.192, "pred_gen_anomaly_hi": 0.345, "pred_gen_anomaly_3mo": 0.165, "has_generation_truth": false, "confidence": "short residence time (weak area signal)", "match_method": "hydrolakes_pour"}}, {"type": "Feature", "geometry": {"type": "Point", "coordinates": [-82.4381, 36.4403]}, "properties": {"gww_id": 85942, "name": "Boone Dam", "reservoir": "Boone Lake", "country": "USA", "iso3": "USA", "capacity_mw": 105.9, "latest_month": "2026-07", "area_km2": 13.1, "area_anomaly": 0.107, "area_anomaly_3mo": 0.075, "precip_12mo_anomaly": -0.099, "pred_gen_anomaly": 0.094, "pred_gen_anomaly_lo": -0.331, "pred_gen_anomaly_hi": 0.555, "pred_gen_anomaly_3mo": -0.021, "has_generation_truth": true, "confidence": "short residence time (weak area signal)", "match_method": "hydrolakes_pour"}}, {"type": "Feature", "geometry": {"type": "Point", "coordinates": [-121.089479, 40.268712]}, "properties": {"gww_id": 88927, "name": "Hamilton Branch", "reservoir": "Canyon", "country": "USA", "iso3": "USA", "capacity_mw": 5.3, "latest_month": "2026-07", "area_km2": 103.8, "area_anomaly": 0.024, "area_anomaly_3mo": 0.023, "precip_12mo_anomaly": -0.062, "pred_gen_anomaly": -0.121, "pred_gen_anomaly_lo": -0.74, "pred_gen_anomaly_hi": 0.436, "pred_gen_anomaly_3mo": -0.199, "has_generation_truth": true, "confidence": "unknown residence time", "match_method": "gww_polygon"}}, {"type": "Feature", "geometry": {"type": "Point", "coordinates": [74.7673, 14.2352]}, "properties": {"gww_id": 82304, "name": "SHARAVATHY", "reservoir": "Gerusoppa reservoir", "country": "India", "iso3": "IND", "capacity_mw": 1275.0, "latest_month": "2026-07", "area_km2": 5.99, "area_anomaly": 0.128, "area_anomaly_3mo": 0.063, "precip_12mo_anomaly": -0.035, "pred_gen_anomaly": -0.211, "pred_gen_anomaly_lo": -0.462, "pred_gen_anomaly_hi": 0.283, "pred_gen_anomaly_3mo": -0.053, "has_generation_truth": false, "confidence": "unknown residence time", "match_method": "gww_polygon"}}, {"type": "Feature", "geometry": {"type": "Point", "coordinates": [-104.8038, 21.8395]}, "properties": {"gww_id": 88914, "name": "Aguamilpa Solidaridad", "reservoir": "Agua Milpa", "country": "Mexico", "iso3": "MEX", "capacity_mw": 960.0, "latest_month": "2026-07", "area_km2": 65.72, "area_anomaly": 0.008, "area_anomaly_3mo": 0.005, "precip_12mo_anomaly": -0.095, "pred_gen_anomaly": -0.209, "pred_gen_anomaly_lo": -0.513, "pred_gen_anomaly_hi": 0.32, "pred_gen_anomaly_3mo": -0.075, "has_generation_truth": false, "confidence": "carry-over storage (validated class)", "match_method": "hydrolakes_pour"}}, {"type": "Feature", "geometry": {"type": "Point", "coordinates": [-93.0262, 34.4425]}, "properties": {"gww_id": 87314, "name": "Carpenter", "reservoir": "Lake Hamilton", "country": "USA", "iso3": "USA", "capacity_mw": 56.0, "latest_month": "2026-07", "area_km2": 23.67, "area_anomaly": -0.008, "area_anomaly_3mo": -0.0, "precip_12mo_anomaly": -0.176, "pred_gen_anomaly": -0.137, "pred_gen_anomaly_lo": -0.529, "pred_gen_anomaly_hi": 0.338, "pred_gen_anomaly_3mo": -0.306, "has_generation_truth": true, "confidence": "short residence time (weak area signal)", "match_method": "gww_polygon"}}, {"type": "Feature", "geometry": {"type": "Point", "coordinates": [107.6171, 15.7998]}, "properties": {"gww_id": 83380, "name": "A Vuong", "reservoir": "H\u1ed3 Thu\u1ef7 \u0111i\u1ec7n A V\u01b0\u01a1ng", "country": "Vietnam", "iso3": "VNM", "capacity_mw": 210.0, "latest_month": "2026-07", "area_km2": 5.99, "area_anomaly": 0.223, "area_anomaly_3mo": 0.24, "precip_12mo_anomaly": 0.087, "pred_gen_anomaly": 0.281, "pred_gen_anomaly_lo": -0.496, "pred_gen_anomaly_hi": 0.944, "pred_gen_anomaly_3mo": 0.329, "has_generation_truth": false, "confidence": "unknown residence time", "match_method": "gww_polygon"}}, {"type": "Feature", "geometry": {"type": "Point", "coordinates": [108.6943, 14.3656]}, "properties": {"gww_id": 77561, "name": "Vinh Son", "reservoir": null, "country": "Vietnam", "iso3": "VNM", "capacity_mw": 66.0, "latest_month": "2026-07", "area_km2": 2.03, "area_anomaly": -0.115, "area_anomaly_3mo": -0.053, "precip_12mo_anomaly": 0.06, "pred_gen_anomaly": -0.053, "pred_gen_anomaly_lo": -0.555, "pred_gen_anomaly_hi": 0.52, "pred_gen_anomaly_3mo": -0.048, "has_generation_truth": false, "confidence": "short residence time (weak area signal)", "match_method": "hydrolakes_pour"}}, {"type": "Feature", "geometry": {"type": "Point", "coordinates": [74.5062, 23.5443]}, "properties": {"gww_id": 88233, "name": "MAHI BAJAJ I&II", "reservoir": "Mahi Bajaj Sagar Reservoir", "country": "India", "iso3": "IND", "capacity_mw": 140.0, "latest_month": "2026-07", "area_km2": 64.23, "area_anomaly": 0.011, "area_anomaly_3mo": 0.098, "precip_12mo_anomaly": 0.077, "pred_gen_anomaly": 0.018, "pred_gen_anomaly_lo": -0.512, "pred_gen_anomaly_hi": 0.504, "pred_gen_anomaly_3mo": 0.062, "has_generation_truth": false, "confidence": "unknown residence time", "match_method": "gww_polygon"}}, {"type": "Feature", "geometry": {"type": "Point", "coordinates": [-86.1322, 41.665]}, "properties": {"gww_id": 80265, "name": "Twin Branch", "reservoir": null, "country": "USA", "iso3": "USA", "capacity_mw": 4.8, "latest_month": "2026-07", "area_km2": 3.19, "area_anomaly": 0.016, "area_anomaly_3mo": 0.014, "precip_12mo_anomaly": -0.058, "pred_gen_anomaly": -0.092, "pred_gen_anomaly_lo": -0.536, "pred_gen_anomaly_hi": 0.265, "pred_gen_anomaly_3mo": -0.042, "has_generation_truth": true, "confidence": "short residence time (weak area signal)", "match_method": "hydrolakes_pour"}}, {"type": "Feature", "geometry": {"type": "Point", "coordinates": [69.8644, 41.599]}, "properties": {"gww_id": 77600, "name": "Khodjikent", "reservoir": null, "country": "Uzbekistan", "iso3": "UZB", "capacity_mw": 165.0, "latest_month": "2026-07", "area_km2": 1.97, "area_anomaly": 0.026, "area_anomaly_3mo": 0.021, "precip_12mo_anomaly": 0.026, "pred_gen_anomaly": 0.083, "pred_gen_anomaly_lo": -0.298, "pred_gen_anomaly_hi": 0.513, "pred_gen_anomaly_3mo": 0.099, "has_generation_truth": false, "confidence": "unknown residence time", "match_method": "gww_polygon"}}, {"type": "Feature", "geometry": {"type": "Point", "coordinates": [101.27, 36.06]}, "properties": {"gww_id": 76059, "name": "Nina", "reservoir": null, "country": "China", "iso3": "CHN", "capacity_mw": 160.0, "latest_month": "2026-07", "area_km2": 1.78, "area_anomaly": -0.063, "area_anomaly_3mo": -0.035, "precip_12mo_anomaly": 0.103, "pred_gen_anomaly": -0.025, "pred_gen_anomaly_lo": -0.345, "pred_gen_anomaly_hi": 0.554, "pred_gen_anomaly_3mo": 0.041, "has_generation_truth": false, "confidence": "short residence time (weak area signal)", "match_method": "hydrolakes_pour"}}, {"type": "Feature", "geometry": {"type": "Point", "coordinates": [-88.419518, 37.169636]}, "properties": {"gww_id": 88916, "name": "Smithland Hydroelectric Plant", "reservoir": null, "country": "USA", "iso3": "USA", "capacity_mw": 75.9, "latest_month": "2026-07", "area_km2": 68.83, "area_anomaly": 0.005, "area_anomaly_3mo": -0.005, "precip_12mo_anomaly": -0.057, "pred_gen_anomaly": 0.032, "pred_gen_anomaly_lo": -0.352, "pred_gen_anomaly_hi": 0.559, "pred_gen_anomaly_3mo": -0.018, "has_generation_truth": true, "confidence": "short residence time (weak area signal)", "match_method": "hydrolakes_pour"}}, {"type": "Feature", "geometry": {"type": "Point", "coordinates": [-6.084608, 41.491101]}, "properties": {"gww_id": 76418, "name": "Villalcampo VILLALC 21 - Villalcampo Hydroelectric Power Plant Spain", "reservoir": null, "country": "Spain", "iso3": "ESP", "capacity_mw": 215.8, "latest_month": "2026-07", "area_km2": 1.58, "area_anomaly": 0.022, "area_anomaly_3mo": 0.011, "precip_12mo_anomaly": 0.072, "pred_gen_anomaly": -0.034, "pred_gen_anomaly_lo": -0.304, "pred_gen_anomaly_hi": 0.333, "pred_gen_anomaly_3mo": 0.076, "has_generation_truth": false, "confidence": "short residence time (weak area signal)", "match_method": "hydrolakes_pour"}}, {"type": "Feature", "geometry": {"type": "Point", "coordinates": [110.739, 29.5416]}, "properties": {"gww_id": 87142, "name": "Jiangya Dam", "reservoir": null, "country": "China", "iso3": "CHN", "capacity_mw": 300.0, "latest_month": "2026-07", "area_km2": 22.31, "area_anomaly": 0.019, "area_anomaly_3mo": 0.044, "precip_12mo_anomaly": 0.171, "pred_gen_anomaly": 0.151, "pred_gen_anomaly_lo": -0.43, "pred_gen_anomaly_hi": 0.94, "pred_gen_anomaly_3mo": 0.34, "has_generation_truth": false, "confidence": "carry-over storage (validated class)", "match_method": "hydrolakes_pour"}}, {"type": "Feature", "geometry": {"type": "Point", "coordinates": [13.460305, 63.344498]}, "properties": {"gww_id": 85796, "name": "J\u00c3\u00a4rpstr\u00c3\u00b6mmen", "reservoir": null, "country": "Sweden", "iso3": "SWE", "capacity_mw": 114.0, "latest_month": "2026-07", "area_km2": 16.7, "area_anomaly": 0.01, "area_anomaly_3mo": -0.027, "precip_12mo_anomaly": -0.156, "pred_gen_anomaly": -0.095, "pred_gen_anomaly_lo": -0.374, "pred_gen_anomaly_hi": 0.159, "pred_gen_anomaly_3mo": -0.132, "has_generation_truth": false, "confidence": "unknown residence time", "match_method": "gww_polygon"}}, {"type": "Feature", "geometry": {"type": "Point", "coordinates": [72.1917, 41.3121]}, "properties": {"gww_id": 76688, "name": "Shamaldy-Say Hydroelectric Power Plant Kyrgyzstan", "reservoir": null, "country": "Kyrgyzstan", "iso3": "KGZ", "capacity_mw": 240.0, "latest_month": "2026-07", "area_km2": 2.04, "area_anomaly": 0.023, "area_anomaly_3mo": 0.012, "precip_12mo_anomaly": -0.051, "pred_gen_anomaly": -0.005, "pred_gen_anomaly_lo": -0.284, "pred_gen_anomaly_hi": 0.294, "pred_gen_anomaly_3mo": -0.019, "has_generation_truth": false, "confidence": "short residence time (weak area signal)", "match_method": "hydrolakes_pour"}}, {"type": "Feature", "geometry": {"type": "Point", "coordinates": [-116.2977, 46.5143]}, "properties": {"gww_id": 88745, "name": "Dworshak", "reservoir": "Dworshak Reservoir", "country": "USA", "iso3": "USA", "capacity_mw": 465.0, "latest_month": "2026-07", "area_km2": 61.63, "area_anomaly": 0.021, "area_anomaly_3mo": 0.021, "precip_12mo_anomaly": 0.038, "pred_gen_anomaly": -0.084, "pred_gen_anomaly_lo": -0.468, "pred_gen_anomaly_hi": 0.358, "pred_gen_anomaly_3mo": 0.029, "has_generation_truth": true, "confidence": "carry-over storage (validated class)", "match_method": "hydrolakes_pour"}}, {"type": "Feature", "geometry": {"type": "Point", "coordinates": [-88.070833, 45.872778]}, "properties": {"gww_id": 80551, "name": "Twin Falls (WI)", "reservoir": null, "country": "USA", "iso3": "USA", "capacity_mw": 17.2, "latest_month": "2026-07", "area_km2": 3.34, "area_anomaly": 0.001, "area_anomaly_3mo": 0.038, "precip_12mo_anomaly": 0.267, "pred_gen_anomaly": 0.164, "pred_gen_anomaly_lo": -0.245, "pred_gen_anomaly_hi": 0.499, "pred_gen_anomaly_3mo": 0.186, "has_generation_truth": true, "confidence": "short residence time (weak area signal)", "match_method": "hydrolakes_pour"}}, {"type": "Feature", "geometry": {"type": "Point", "coordinates": [-49.73333333, -23.13055556]}, "properties": {"gww_id": 90325, "name": "CHAVANTES", "reservoir": "Itarare", "country": "BRA", "iso3": "BRA", "capacity_mw": 414.0, "latest_month": "2026-07", "area_km2": 332.7, "area_anomaly": -0.042, "area_anomaly_3mo": -0.039, "precip_12mo_anomaly": -0.04, "pred_gen_anomaly": -0.199, "pred_gen_anomaly_lo": -0.685, "pred_gen_anomaly_hi": 0.424, "pred_gen_anomaly_3mo": -0.233, "has_generation_truth": true, "confidence": "carry-over storage (validated class)", "match_method": "hydrolakes_pour"}}, {"type": "Feature", "geometry": {"type": "Point", "coordinates": [18.841999, 43.272999]}, "properties": {"gww_id": 84961, "name": "Piva_G1 - Piva (Mratinje) Hydroelectric Power Plant Montenegro", "reservoir": null, "country": "Montenegro", "iso3": "MNE", "capacity_mw": 360.0, "latest_month": "2026-07", "area_km2": 10.9, "area_anomaly": -0.039, "area_anomaly_3mo": -0.066, "precip_12mo_anomaly": 0.173, "pred_gen_anomaly": -0.022, "pred_gen_anomaly_lo": -0.358, "pred_gen_anomaly_hi": 0.35, "pred_gen_anomaly_3mo": 0.086, "has_generation_truth": false, "confidence": "carry-over storage (validated class)", "match_method": "hydrolakes_pour"}}, {"type": "Feature", "geometry": {"type": "Point", "coordinates": [-121.220198, 38.63735]}, "properties": {"gww_id": 76864, "name": "Nimbus", "reservoir": null, "country": "USA", "iso3": "USA", "capacity_mw": 13.4, "latest_month": "2026-07", "area_km2": 1.88, "area_anomaly": 0.051, "area_anomaly_3mo": 0.035, "precip_12mo_anomaly": -0.052, "pred_gen_anomaly": -0.184, "pred_gen_anomaly_lo": -0.542, "pred_gen_anomaly_hi": 0.182, "pred_gen_anomaly_3mo": -0.242, "has_generation_truth": true, "confidence": "short residence time (weak area signal)", "match_method": "hydrolakes_pour"}}, {"type": "Feature", "geometry": {"type": "Point", "coordinates": [127.4801, 36.4783]}, "properties": {"gww_id": 88737, "name": "Daecheong", "reservoir": null, "country": "South Korea", "iso3": "KOR", "capacity_mw": 90.0, "latest_month": "2026-07", "area_km2": 52.29, "area_anomaly": 0.064, "area_anomaly_3mo": 0.052, "precip_12mo_anomaly": 0.116, "pred_gen_anomaly": 0.027, "pred_gen_anomaly_lo": -0.444, "pred_gen_anomaly_hi": 0.581, "pred_gen_anomaly_3mo": 0.172, "has_generation_truth": false, "confidence": "carry-over storage (validated class)", "match_method": "hydrolakes_pour"}}, {"type": "Feature", "geometry": {"type": "Point", "coordinates": [98.5221, 24.6594]}, "properties": {"gww_id": 77030, "name": "Yunnan Baoshan Dengke", "reservoir": null, "country": "China", "iso3": "CHN", "capacity_mw": 120.0, "latest_month": "2026-07", "area_km2": 2.05, "area_anomaly": 0.01, "area_anomaly_3mo": 0.014, "precip_12mo_anomaly": 0.105, "pred_gen_anomaly": 0.09, "pred_gen_anomaly_lo": -0.449, "pred_gen_anomaly_hi": 0.836, "pred_gen_anomaly_3mo": 0.149, "has_generation_truth": false, "confidence": "unknown residence time", "match_method": "gww_polygon"}}, {"type": "Feature", "geometry": {"type": "Point", "coordinates": [-100.6699, 18.7015]}, "properties": {"gww_id": 87195, "name": "Mexicana de Hidroelectricidad Mexhidro", "reservoir": null, "country": "Mexico", "iso3": "MEX", "capacity_mw": 30.0, "latest_month": "2026-07", "area_km2": 21.07, "area_anomaly": 0.0, "area_anomaly_3mo": -0.022, "precip_12mo_anomaly": -0.123, "pred_gen_anomaly": -0.271, "pred_gen_anomaly_lo": -0.778, "pred_gen_anomaly_hi": 0.303, "pred_gen_anomaly_3mo": -0.083, "has_generation_truth": false, "confidence": "short residence time (weak area signal)", "match_method": "hydrolakes_pour"}}, {"type": "Feature", "geometry": {"type": "Point", "coordinates": [111.14, 30.47]}, "properties": {"gww_id": 88670, "name": "Geheyan", "reservoir": null, "country": "China", "iso3": "CHN", "capacity_mw": 1200.0, "latest_month": "2026-07", "area_km2": 46.51, "area_anomaly": -0.058, "area_anomaly_3mo": -0.02, "precip_12mo_anomaly": 0.236, "pred_gen_anomaly": 0.091, "pred_gen_anomaly_lo": -0.358, "pred_gen_anomaly_hi": 0.667, "pred_gen_anomaly_3mo": 0.212, "has_generation_truth": false, "confidence": "carry-over storage (validated class)", "match_method": "hydrolakes_pour"}}, {"type": "Feature", "geometry": {"type": "Point", "coordinates": [-71.8742, 44.3356]}, "properties": {"gww_id": 80560, "name": "S C Moore", "reservoir": "Moore Reservoir", "country": "USA", "iso3": "USA", "capacity_mw": 363.2, "latest_month": "2026-07", "area_km2": 4.14, "area_anomaly": 0.013, "area_anomaly_3mo": 0.012, "precip_12mo_anomaly": -0.053, "pred_gen_anomaly": 0.01, "pred_gen_anomaly_lo": -0.315, "pred_gen_anomaly_hi": 0.311, "pred_gen_anomaly_3mo": 0.012, "has_generation_truth": true, "confidence": "short residence time (weak area signal)", "match_method": "gww_polygon"}}, {"type": "Feature", "geometry": {"type": "Point", "coordinates": [25.5063876, -30.62291667]}, "properties": {"gww_id": 90178, "name": "Gariep", "reservoir": "Hendrik Verwoerd", "country": "South Africa", "iso3": "ZAF", "capacity_mw": 360.0, "latest_month": "2026-07", "area_km2": 312.48, "area_anomaly": 0.103, "area_anomaly_3mo": 0.113, "precip_12mo_anomaly": 0.067, "pred_gen_anomaly": 0.166, "pred_gen_anomaly_lo": -0.348, "pred_gen_anomaly_hi": 1.029, "pred_gen_anomaly_3mo": 0.231, "has_generation_truth": false, "confidence": "carry-over storage (validated class)", "match_method": "hydrolakes_pour"}}, {"type": "Feature", "geometry": {"type": "Point", "coordinates": [78.3717, 25.1001]}, "properties": {"gww_id": 88816, "name": "MATATILLA", "reservoir": "Matatila", "country": "India", "iso3": "IND", "capacity_mw": 30.6, "latest_month": "2026-07", "area_km2": 58.98, "area_anomaly": -0.163, "area_anomaly_3mo": -0.191, "precip_12mo_anomaly": -0.077, "pred_gen_anomaly": -0.211, "pred_gen_anomaly_lo": -0.787, "pred_gen_anomaly_hi": 0.436, "pred_gen_anomaly_3mo": 0.025, "has_generation_truth": false, "confidence": "short residence time (weak area signal)", "match_method": "hydrolakes_pour"}}, {"type": "Feature", "geometry": {"type": "Point", "coordinates": [-122.958056, 43.786667]}, "properties": {"gww_id": 80658, "name": "Dorena Hydro-Electric Facility", "reservoir": "Dorena Lake", "country": "USA", "iso3": "USA", "capacity_mw": 7.5, "latest_month": "2026-07", "area_km2": 5.45, "area_anomaly": 0.005, "area_anomaly_3mo": 0.017, "precip_12mo_anomaly": -0.111, "pred_gen_anomaly": -0.14, "pred_gen_anomaly_lo": -0.558, "pred_gen_anomaly_hi": 0.3, "pred_gen_anomaly_3mo": -0.191, "has_generation_truth": true, "confidence": "short residence time (weak area signal)", "match_method": "hydrolakes_pour"}}, {"type": "Feature", "geometry": {"type": "Point", "coordinates": [107.935, 11.336]}, "properties": {"gww_id": 87143, "name": "Ham Thuan - Da Mi", "reservoir": null, "country": "Vietnam", "iso3": "VNM", "capacity_mw": 300.0, "latest_month": "2026-07", "area_km2": 13.62, "area_anomaly": -0.197, "area_anomaly_3mo": -0.172, "precip_12mo_anomaly": 0.061, "pred_gen_anomaly": -0.124, "pred_gen_anomaly_lo": -0.577, "pred_gen_anomaly_hi": 0.331, "pred_gen_anomaly_3mo": -0.116, "has_generation_truth": false, "confidence": "carry-over storage (validated class)", "match_method": "hydrolakes_pour"}}, {"type": "Feature", "geometry": {"type": "Point", "coordinates": [-86.479469, 31.4033]}, "properties": {"gww_id": 83143, "name": "Gantt", "reservoir": null, "country": "USA", "iso3": "USA", "capacity_mw": 3.0, "latest_month": "2026-07", "area_km2": 5.79, "area_anomaly": -0.034, "area_anomaly_3mo": -0.037, "precip_12mo_anomaly": -0.099, "pred_gen_anomaly": -0.014, "pred_gen_anomaly_lo": -0.478, "pred_gen_anomaly_hi": 0.568, "pred_gen_anomaly_3mo": -0.155, "has_generation_truth": true, "confidence": "short residence time (weak area signal)", "match_method": "hydrolakes_pour"}}, {"type": "Feature", "geometry": {"type": "Point", "coordinates": [-75.2486, 6.7812]}, "properties": {"gww_id": 80353, "name": "Troneras Central", "reservoir": null, "country": "Colombia", "iso3": "COL", "capacity_mw": 40.0, "latest_month": "2026-07", "area_km2": 2.67, "area_anomaly": -0.064, "area_anomaly_3mo": -0.011, "precip_12mo_anomaly": 0.072, "pred_gen_anomaly": 0.051, "pred_gen_anomaly_lo": -0.562, "pred_gen_anomaly_hi": 0.726, "pred_gen_anomaly_3mo": 0.037, "has_generation_truth": false, "confidence": "short residence time (weak area signal)", "match_method": "hydrolakes_pour"}}, {"type": "Feature", "geometry": {"type": "Point", "coordinates": [-71.5902, -34.0409]}, "properties": {"gww_id": 88637, "name": "RAPEL", "reservoir": null, "country": "Chile", "iso3": "CHL", "capacity_mw": 378.0, "latest_month": "2026-07", "area_km2": 53.71, "area_anomaly": 0.031, "area_anomaly_3mo": -0.025, "precip_12mo_anomaly": 0.019, "pred_gen_anomaly": -0.215, "pred_gen_anomaly_lo": -0.39, "pred_gen_anomaly_hi": 0.147, "pred_gen_anomaly_3mo": -0.149, "has_generation_truth": false, "confidence": "short residence time (weak area signal)", "match_method": "hydrolakes_pour"}}, {"type": "Feature", "geometry": {"type": "Point", "coordinates": [115.0074, -3.5156]}, "properties": {"gww_id": 88778, "name": "Riam Kanan/pangeran Muhamad Nur", "reservoir": null, "country": "Indonesia", "iso3": "IDN", "capacity_mw": 30.0, "latest_month": "2026-07", "area_km2": 54.57, "area_anomaly": -0.036, "area_anomaly_3mo": 0.007, "precip_12mo_anomaly": 0.093, "pred_gen_anomaly": 0.048, "pred_gen_anomaly_lo": -0.579, "pred_gen_anomaly_hi": 0.657, "pred_gen_anomaly_3mo": 0.119, "has_generation_truth": false, "confidence": "carry-over storage (validated class)", "match_method": "hydrolakes_pour"}}, {"type": "Feature", "geometry": {"type": "Point", "coordinates": [-108.177545, 43.417872]}, "properties": {"gww_id": 88780, "name": "Boysen", "reservoir": "Boysen", "country": "USA", "iso3": "USA", "capacity_mw": 15.0, "latest_month": "2026-07", "area_km2": 59.24, "area_anomaly": -0.138, "area_anomaly_3mo": -0.114, "precip_12mo_anomaly": 0.085, "pred_gen_anomaly": -0.17, "pred_gen_anomaly_lo": -0.661, "pred_gen_anomaly_hi": 0.291, "pred_gen_anomaly_3mo": -0.12, "has_generation_truth": true, "confidence": "carry-over storage (validated class)", "match_method": "hydrolakes_pour"}}, {"type": "Feature", "geometry": {"type": "Point", "coordinates": [119.6066667, -3.44833333]}, "properties": {"gww_id": 77319, "name": "Bakaru", "reservoir": null, "country": "Indonesia", "iso3": "IDN", "capacity_mw": 126.0, "latest_month": "2026-07", "area_km2": 1.28, "area_anomaly": -0.079, "area_anomaly_3mo": -0.098, "precip_12mo_anomaly": 0.011, "pred_gen_anomaly": -0.205, "pred_gen_anomaly_lo": -0.6, "pred_gen_anomaly_hi": 0.296, "pred_gen_anomaly_3mo": -0.098, "has_generation_truth": false, "confidence": "short residence time (weak area signal)", "match_method": "hydrolakes_pour"}}, {"type": "Feature", "geometry": {"type": "Point", "coordinates": [-84.6014, 43.4019]}, "properties": {"gww_id": 65016, "name": "St Louis", "reservoir": null, "country": "USA", "iso3": "USA", "capacity_mw": 0.4, "latest_month": "2026-07", "area_km2": 0.41, "area_anomaly": -0.115, "area_anomaly_3mo": -0.062, "precip_12mo_anomaly": 0.012, "pred_gen_anomaly": -0.007, "pred_gen_anomaly_lo": -0.688, "pred_gen_anomaly_hi": 0.361, "pred_gen_anomaly_3mo": -0.069, "has_generation_truth": true, "confidence": "unknown residence time", "match_method": "gww_polygon"}}, {"type": "Feature", "geometry": {"type": "Point", "coordinates": [-121.7407, 48.5478]}, "properties": {"gww_id": 83263, "name": "Lower Baker", "reservoir": null, "country": "USA", "iso3": "USA", "capacity_mw": 117.4, "latest_month": "2026-07", "area_km2": 7.8, "area_anomaly": -0.021, "area_anomaly_3mo": -0.0, "precip_12mo_anomaly": 0.033, "pred_gen_anomaly": -0.055, "pred_gen_anomaly_lo": -0.356, "pred_gen_anomaly_hi": 0.322, "pred_gen_anomaly_3mo": -0.015, "has_generation_truth": true, "confidence": "short residence time (weak area signal)", "match_method": "hydrolakes_pour"}}, {"type": "Feature", "geometry": {"type": "Point", "coordinates": [-121.990798, 40.847462]}, "properties": {"gww_id": 67750, "name": "Pit 7", "reservoir": null, "country": "USA", "iso3": "USA", "capacity_mw": 112.4, "latest_month": "2026-07", "area_km2": 0.73, "area_anomaly": -0.013, "area_anomaly_3mo": -0.018, "precip_12mo_anomaly": -0.076, "pred_gen_anomaly": -0.147, "pred_gen_anomaly_lo": -0.449, "pred_gen_anomaly_hi": 0.154, "pred_gen_anomaly_3mo": -0.181, "has_generation_truth": true, "confidence": "short residence time (weak area signal)", "match_method": "hydrolakes_pour"}}, {"type": "Feature", "geometry": {"type": "Point", "coordinates": [-44.61666667, -21.32555556]}, "properties": {"gww_id": 88935, "name": "CAMARGOS", "reservoir": null, "country": "BRA", "iso3": "BRA", "capacity_mw": 46.0, "latest_month": "2026-07", "area_km2": 62.63, "area_anomaly": 0.062, "area_anomaly_3mo": 0.087, "precip_12mo_anomaly": -0.033, "pred_gen_anomaly": 0.037, "pred_gen_anomaly_lo": -0.733, "pred_gen_anomaly_hi": 0.921, "pred_gen_anomaly_3mo": 0.05, "has_generation_truth": true, "confidence": "short residence time (weak area signal)", "match_method": "hydrolakes_pour"}}, {"type": "Feature", "geometry": {"type": "Point", "coordinates": [-111.528446, 40.404354]}, "properties": {"gww_id": 83916, "name": "Deer Creek (UT)", "reservoir": "Deer Creek", "country": "USA", "iso3": "USA", "capacity_mw": 4.8, "latest_month": "2026-07", "area_km2": 7.58, "area_anomaly": -0.119, "area_anomaly_3mo": -0.018, "precip_12mo_anomaly": 0.135, "pred_gen_anomaly": -0.088, "pred_gen_anomaly_lo": -0.601, "pred_gen_anomaly_hi": 0.511, "pred_gen_anomaly_3mo": -0.028, "has_generation_truth": true, "confidence": "carry-over storage (validated class)", "match_method": "hydrolakes_pour"}}, {"type": "Feature", "geometry": {"type": "Point", "coordinates": [145.5321, -41.736]}, "properties": {"gww_id": 83031, "name": "Bastyan", "reservoir": "Roseberry", "country": "Australia", "iso3": "AUS", "capacity_mw": 79.9, "latest_month": "2026-07", "area_km2": 6.97, "area_anomaly": 0.03, "area_anomaly_3mo": 0.028, "precip_12mo_anomaly": -0.068, "pred_gen_anomaly": -0.179, "pred_gen_anomaly_lo": -0.593, "pred_gen_anomaly_hi": 0.181, "pred_gen_anomaly_3mo": -0.213, "has_generation_truth": false, "confidence": "short residence time (weak area signal)", "match_method": "hydrolakes_pour"}}, {"type": "Feature", "geometry": {"type": "Point", "coordinates": [78.2322, 24.7635]}, "properties": {"gww_id": 88059, "name": "RAJGHAT (MP)", "reservoir": "Rajghat", "country": "India", "iso3": "IND", "capacity_mw": 45.0, "latest_month": "2026-07", "area_km2": 69.83, "area_anomaly": 0.092, "area_anomaly_3mo": 0.097, "precip_12mo_anomaly": -0.077, "pred_gen_anomaly": 0.084, "pred_gen_anomaly_lo": -0.605, "pred_gen_anomaly_hi": 0.926, "pred_gen_anomaly_3mo": 0.247, "has_generation_truth": false, "confidence": "carry-over storage (validated class)", "match_method": "hydrolakes_pour"}}, {"type": "Feature", "geometry": {"type": "Point", "coordinates": [-49.22916667, -23.21083333]}, "properties": {"gww_id": 90382, "name": "JURUMIRIM", "reservoir": "Barra Bonita", "country": "BRA", "iso3": "BRA", "capacity_mw": 101.0, "latest_month": "2026-07", "area_km2": 380.41, "area_anomaly": -0.023, "area_anomaly_3mo": -0.024, "precip_12mo_anomaly": -0.043, "pred_gen_anomaly": -0.195, "pred_gen_anomaly_lo": -0.819, "pred_gen_anomaly_hi": 0.523, "pred_gen_anomaly_3mo": -0.205, "has_generation_truth": true, "confidence": "carry-over storage (validated class)", "match_method": "hydrolakes_pour"}}, {"type": "Feature", "geometry": {"type": "Point", "coordinates": [142.2883, 43.4437]}, "properties": {"gww_id": 80097, "name": "Takisato", "reservoir": "Kitasatoko", "country": "Japan", "iso3": "JPN", "capacity_mw": 57.0, "latest_month": "2026-07", "area_km2": 4.26, "area_anomaly": 0.017, "area_anomaly_3mo": 0.083, "precip_12mo_anomaly": 0.496, "pred_gen_anomaly": 0.254, "pred_gen_anomaly_lo": -0.201, "pred_gen_anomaly_hi": 0.636, "pred_gen_anomaly_3mo": 0.314, "has_generation_truth": false, "confidence": "short residence time (weak area signal)", "match_method": "hydrolakes_pour"}}, {"type": "Feature", "geometry": {"type": "Point", "coordinates": [20.41638889, 64.77972222]}, "properties": {"gww_id": 70515, "name": "Granfors", "reservoir": null, "country": "Sweden", "iso3": "SWE", "capacity_mw": 40.0, "latest_month": "2026-07", "area_km2": 0.97, "area_anomaly": 0.004, "area_anomaly_3mo": -0.001, "precip_12mo_anomaly": 0.176, "pred_gen_anomaly": 0.12, "pred_gen_anomaly_lo": -0.391, "pred_gen_anomaly_hi": 0.558, "pred_gen_anomaly_3mo": 0.124, "has_generation_truth": false, "confidence": "short residence time (weak area signal)", "match_method": "hydrolakes_pour"}}, {"type": "Feature", "geometry": {"type": "Point", "coordinates": [-114.2339, 47.6777]}, "properties": {"gww_id": 90317, "name": "Kerr", "reservoir": "Flathead Lake", "country": "USA", "iso3": "USA", "capacity_mw": 231.9, "latest_month": "2026-07", "area_km2": 497.47, "area_anomaly": 0.005, "area_anomaly_3mo": 0.007, "precip_12mo_anomaly": -0.076, "pred_gen_anomaly": -0.048, "pred_gen_anomaly_lo": -0.307, "pred_gen_anomaly_hi": 0.188, "pred_gen_anomaly_3mo": 0.002, "has_generation_truth": true, "confidence": "short residence time (weak area signal)", "match_method": "hydrolakes_pour"}}, {"type": "Feature", "geometry": {"type": "Point", "coordinates": [146.5977, -42.4524]}, "properties": {"gww_id": 75411, "name": "Catagunya", "reservoir": "Catagunya", "country": "Australia", "iso3": "AUS", "capacity_mw": 86.3, "latest_month": "2026-07", "area_km2": 2.14, "area_anomaly": 0.072, "area_anomaly_3mo": 0.095, "precip_12mo_anomaly": -0.028, "pred_gen_anomaly": -0.109, "pred_gen_anomaly_lo": -0.506, "pred_gen_anomaly_hi": 0.318, "pred_gen_anomaly_3mo": -0.091, "has_generation_truth": false, "confidence": "short residence time (weak area signal)", "match_method": "hydrolakes_pour"}}, {"type": "Feature", "geometry": {"type": "Point", "coordinates": [145.1359, -41.7238]}, "properties": {"gww_id": 86855, "name": "Reece", "reservoir": "Pieman", "country": "Australia", "iso3": "AUS", "capacity_mw": 238.0, "latest_month": "2026-07", "area_km2": 23.67, "area_anomaly": 0.096, "area_anomaly_3mo": 0.051, "precip_12mo_anomaly": -0.068, "pred_gen_anomaly": -0.149, "pred_gen_anomaly_lo": -0.532, "pred_gen_anomaly_hi": 0.252, "pred_gen_anomaly_3mo": -0.197, "has_generation_truth": false, "confidence": "short residence time (weak area signal)", "match_method": "hydrolakes_pour"}}, {"type": "Feature", "geometry": {"type": "Point", "coordinates": [-40.92, -19.5]}, "properties": {"gww_id": 80940, "name": "MASCARENHAS", "reservoir": null, "country": "BRA", "iso3": "BRA", "capacity_mw": 198.0, "latest_month": "2026-07", "area_km2": 3.51, "area_anomaly": 0.025, "area_anomaly_3mo": 0.028, "precip_12mo_anomaly": 0.039, "pred_gen_anomaly": 0.027, "pred_gen_anomaly_lo": -0.404, "pred_gen_anomaly_hi": 0.611, "pred_gen_anomaly_3mo": 0.026, "has_generation_truth": true, "confidence": "short residence time (weak area signal)", "match_method": "hydrolakes_pour"}}, {"type": "Feature", "geometry": {"type": "Point", "coordinates": [145.6538, -41.8129]}, "properties": {"gww_id": 80100, "name": "Tribute", "reservoir": null, "country": "Australia", "iso3": "AUS", "capacity_mw": 82.8, "latest_month": "2026-07", "area_km2": 3.83, "area_anomaly": 0.051, "area_anomaly_3mo": 0.098, "precip_12mo_anomaly": -0.068, "pred_gen_anomaly": -0.128, "pred_gen_anomaly_lo": -0.551, "pred_gen_anomaly_hi": 0.353, "pred_gen_anomaly_3mo": -0.126, "has_generation_truth": false, "confidence": "unknown residence time", "match_method": "gww_polygon"}}, {"type": "Feature", "geometry": {"type": "Point", "coordinates": [-4.408, 56.699001]}, "properties": {"gww_id": 85993, "name": "Rannoch RANN-1", "reservoir": null, "country": "United Kingdom", "iso3": "GBR", "capacity_mw": 48.0, "latest_month": "2026-07", "area_km2": 18.49, "area_anomaly": -0.008, "area_anomaly_3mo": 0.001, "precip_12mo_anomaly": 0.081, "pred_gen_anomaly": -0.046, "pred_gen_anomaly_lo": -0.377, "pred_gen_anomaly_hi": 0.302, "pred_gen_anomaly_3mo": 0.04, "has_generation_truth": false, "confidence": "unknown residence time", "match_method": "gww_polygon"}}, {"type": "Feature", "geometry": {"type": "Point", "coordinates": [110.2, 19.01]}, "properties": {"gww_id": 87392, "name": "Niululing", "reservoir": null, "country": "China", "iso3": "CHN", "capacity_mw": 80.0, "latest_month": "2026-07", "area_km2": 14.62, "area_anomaly": -0.005, "area_anomaly_3mo": -0.142, "precip_12mo_anomaly": 0.099, "pred_gen_anomaly": -0.141, "pred_gen_anomaly_lo": -0.646, "pred_gen_anomaly_hi": 0.376, "pred_gen_anomaly_3mo": 0.019, "has_generation_truth": false, "confidence": "carry-over storage (validated class)", "match_method": "hydrolakes_pour"}}, {"type": "Feature", "geometry": {"type": "Point", "coordinates": [-57.9385, -31.2751]}, "properties": {"gww_id": 90566, "name": "SALTO GRANDE (MITAD ARGENTINA)", "reservoir": "Grande Reservoir", "country": "Argentina", "iso3": "ARG", "capacity_mw": 1890.0, "latest_month": "2026-07", "area_km2": 544.13, "area_anomaly": 0.001, "area_anomaly_3mo": 0.035, "precip_12mo_anomaly": -0.094, "pred_gen_anomaly": -0.163, "pred_gen_anomaly_lo": -0.589, "pred_gen_anomaly_hi": 0.153, "pred_gen_anomaly_3mo": -0.242, "has_generation_truth": false, "confidence": "short residence time (weak area signal)", "match_method": "hydrolakes_pour"}}, {"type": "Feature", "geometry": {"type": "Point", "coordinates": [105.61, 32.52]}, "properties": {"gww_id": 88052, "name": "Baozhusi", "reservoir": null, "country": "China", "iso3": "CHN", "capacity_mw": 700.0, "latest_month": "2026-07", "area_km2": 41.45, "area_anomaly": 0.071, "area_anomaly_3mo": 0.039, "precip_12mo_anomaly": 0.252, "pred_gen_anomaly": 0.113, "pred_gen_anomaly_lo": -0.203, "pred_gen_anomaly_hi": 0.645, "pred_gen_anomaly_3mo": 0.169, "has_generation_truth": false, "confidence": "carry-over storage (validated class)", "match_method": "hydrolakes_pour"}}, {"type": "Feature", "geometry": {"type": "Point", "coordinates": [26.1029, 46.9386]}, "properties": {"gww_id": 86721, "name": "Hpp stejaru STEJ1 - Bicaz-Stejaru Hydroelectric Power Station Romania", "reservoir": null, "country": "Romania", "iso3": "ROU", "capacity_mw": 208.4, "latest_month": "2026-07", "area_km2": 24.18, "area_anomaly": -0.016, "area_anomaly_3mo": -0.018, "precip_12mo_anomaly": -0.004, "pred_gen_anomaly": -0.186, "pred_gen_anomaly_lo": -0.565, "pred_gen_anomaly_hi": 0.202, "pred_gen_anomaly_3mo": -0.073, "has_generation_truth": false, "confidence": "carry-over storage (validated class)", "match_method": "hydrolakes_pour"}}, {"type": "Feature", "geometry": {"type": "Point", "coordinates": [-46.02138889, -23.1925]}, "properties": {"gww_id": 87989, "name": "JAGUARI", "reservoir": null, "country": "BRA", "iso3": "BRA", "capacity_mw": 27.6, "latest_month": "2026-07", "area_km2": 33.25, "area_anomaly": 0.006, "area_anomaly_3mo": -0.033, "precip_12mo_anomaly": -0.143, "pred_gen_anomaly": -0.361, "pred_gen_anomaly_lo": -1.043, "pred_gen_anomaly_hi": 0.355, "pred_gen_anomaly_3mo": -0.404, "has_generation_truth": true, "confidence": "carry-over storage (validated class)", "match_method": "hydrolakes_pour"}}, {"type": "Feature", "geometry": {"type": "Point", "coordinates": [75.5529, 24.6997]}, "properties": {"gww_id": 90381, "name": "GANDHI SAGAR", "reservoir": "Gandhisagar Reservoir", "country": "India", "iso3": "IND", "capacity_mw": 115.0, "latest_month": "2026-07", "area_km2": 485.26, "area_anomaly": 0.213, "area_anomaly_3mo": 0.339, "precip_12mo_anomaly": 0.035, "pred_gen_anomaly": 0.262, "pred_gen_anomaly_lo": -0.593, "pred_gen_anomaly_hi": 1.094, "pred_gen_anomaly_3mo": 0.484, "has_generation_truth": false, "confidence": "carry-over storage (validated class)", "match_method": "hydrolakes_pour"}}, {"type": "Feature", "geometry": {"type": "Point", "coordinates": [20.6347, 41.3371]}, "properties": {"gww_id": 75194, "name": "Globocica (Crn Drim) Hydroelectric Power Plant Macedonia", "reservoir": null, "country": "North Macedonia", "iso3": "MKD", "capacity_mw": 42.0, "latest_month": "2026-07", "area_km2": 1.76, "area_anomaly": 0.048, "area_anomaly_3mo": 0.02, "precip_12mo_anomaly": 0.362, "pred_gen_anomaly": 0.157, "pred_gen_anomaly_lo": -0.288, "pred_gen_anomaly_hi": 0.647, "pred_gen_anomaly_3mo": 0.287, "has_generation_truth": false, "confidence": "short residence time (weak area signal)", "match_method": "hydrolakes_pour"}}, {"type": "Feature", "geometry": {"type": "Point", "coordinates": [-122.7197, 46.7844]}, "properties": {"gww_id": 75296, "name": "Skookumchuck", "reservoir": null, "country": "USA", "iso3": "USA", "capacity_mw": 1.0, "latest_month": "2026-07", "area_km2": 1.98, "area_anomaly": 0.056, "area_anomaly_3mo": 0.043, "precip_12mo_anomaly": -0.126, "pred_gen_anomaly": -0.072, "pred_gen_anomaly_lo": -1.011, "pred_gen_anomaly_hi": 0.788, "pred_gen_anomaly_3mo": -0.095, "has_generation_truth": true, "confidence": "short residence time (weak area signal)", "match_method": "hydrolakes_pour"}}, {"type": "Feature", "geometry": {"type": "Point", "coordinates": [7.728818, 59.779587]}, "properties": {"gww_id": 87421, "name": "Songa", "reservoir": null, "country": "Norway", "iso3": "NOR", "capacity_mw": 120.0, "latest_month": "2026-07", "area_km2": 36.56, "area_anomaly": 0.006, "area_anomaly_3mo": -0.085, "precip_12mo_anomaly": -0.013, "pred_gen_anomaly": 0.03, "pred_gen_anomaly_lo": -0.338, "pred_gen_anomaly_hi": 0.405, "pred_gen_anomaly_3mo": -0.004, "has_generation_truth": false, "confidence": "unknown residence time", "match_method": "gww_polygon"}}, {"type": "Feature", "geometry": {"type": "Point", "coordinates": [80.8069, 7.1999]}, "properties": {"gww_id": 86773, "name": "Victoria", "reservoir": null, "country": "Sri Lanka", "iso3": "LKA", "capacity_mw": 336.0, "latest_month": "2026-07", "area_km2": 17.8, "area_anomaly": -0.105, "area_anomaly_3mo": -0.049, "precip_12mo_anomaly": 0.331, "pred_gen_anomaly": 0.285, "pred_gen_anomaly_lo": -0.374, "pred_gen_anomaly_hi": 0.858, "pred_gen_anomaly_3mo": 0.246, "has_generation_truth": false, "confidence": "unknown residence time", "match_method": "gww_polygon"}}, {"type": "Feature", "geometry": {"type": "Point", "coordinates": [120.729, 16.3944]}, "properties": {"gww_id": 75328, "name": "BINGA", "reservoir": null, "country": "Philippines", "iso3": "PHL", "capacity_mw": 132.0, "latest_month": "2026-07", "area_km2": 1.41, "area_anomaly": -0.121, "area_anomaly_3mo": -0.071, "precip_12mo_anomaly": -0.148, "pred_gen_anomaly": -0.241, "pred_gen_anomaly_lo": -0.664, "pred_gen_anomaly_hi": 0.243, "pred_gen_anomaly_3mo": -0.061, "has_generation_truth": false, "confidence": "short residence time (weak area signal)", "match_method": "hydrolakes_pour"}}, {"type": "Feature", "geometry": {"type": "Point", "coordinates": [-125.393, 50.0173]}, "properties": {"gww_id": 86778, "name": "Ladore Falls", "reservoir": null, "country": "Canada", "iso3": "CAN", "capacity_mw": 47.0, "latest_month": "2026-07", "area_km2": 23.74, "area_anomaly": -0.013, "area_anomaly_3mo": -0.004, "precip_12mo_anomaly": 0.005, "pred_gen_anomaly": -0.012, "pred_gen_anomaly_lo": -0.344, "pred_gen_anomaly_hi": 0.299, "pred_gen_anomaly_3mo": -0.072, "has_generation_truth": false, "confidence": "short residence time (weak area signal)", "match_method": "hydrolakes_pour"}}, {"type": "Feature", "geometry": {"type": "Point", "coordinates": [-7.9979, 39.4795]}, "properties": {"gww_id": 75075, "name": "Belver", "reservoir": null, "country": "Portugal", "iso3": "PRT", "capacity_mw": 80.7, "latest_month": "2026-07", "area_km2": 1.44, "area_anomaly": 0.036, "area_anomaly_3mo": 0.007, "precip_12mo_anomaly": 0.185, "pred_gen_anomaly": 0.069, "pred_gen_anomaly_lo": -0.33, "pred_gen_anomaly_hi": 0.336, "pred_gen_anomaly_3mo": 0.218, "has_generation_truth": false, "confidence": "short residence time (weak area signal)", "match_method": "hydrolakes_pour"}}, {"type": "Feature", "geometry": {"type": "Point", "coordinates": [17.107241, 66.499046]}, "properties": {"gww_id": 88168, "name": "Rebnisjaure rebnis krv", "reservoir": null, "country": "Sweden", "iso3": "SWE", "capacity_mw": 64.0, "latest_month": "2026-07", "area_km2": 60.72, "area_anomaly": 0.028, "area_anomaly_3mo": -0.058, "precip_12mo_anomaly": 0.143, "pred_gen_anomaly": 0.111, "pred_gen_anomaly_lo": -0.233, "pred_gen_anomaly_hi": 0.438, "pred_gen_anomaly_3mo": 0.069, "has_generation_truth": false, "confidence": "unknown residence time", "match_method": "gww_polygon"}}, {"type": "Feature", "geometry": {"type": "Point", "coordinates": [-47.32527778, -16.21138889]}, "properties": {"gww_id": 87380, "name": "QUEIMADO", "reservoir": null, "country": "BRA", "iso3": "BRA", "capacity_mw": 105.0, "latest_month": "2026-07", "area_km2": 28.74, "area_anomaly": 0.103, "area_anomaly_3mo": 0.118, "precip_12mo_anomaly": 0.086, "pred_gen_anomaly": 0.121, "pred_gen_anomaly_lo": -0.581, "pred_gen_anomaly_hi": 1.088, "pred_gen_anomaly_3mo": 0.131, "has_generation_truth": true, "confidence": "carry-over storage (validated class)", "match_method": "hydrolakes_pour"}}, {"type": "Feature", "geometry": {"type": "Point", "coordinates": [20.223732, 64.832573]}, "properties": {"gww_id": 69457, "name": "Batfors", "reservoir": null, "country": "Sweden", "iso3": "SWE", "capacity_mw": 42.0, "latest_month": "2026-07", "area_km2": 1.14, "area_anomaly": 0.003, "area_anomaly_3mo": 0.034, "precip_12mo_anomaly": 0.176, "pred_gen_anomaly": 0.153, "pred_gen_anomaly_lo": -0.218, "pred_gen_anomaly_hi": 0.395, "pred_gen_anomaly_3mo": 0.18, "has_generation_truth": false, "confidence": "short residence time (weak area signal)", "match_method": "hydrolakes_pour"}}, {"type": "Feature", "geometry": {"type": "Point", "coordinates": [107.4233, 16.4601]}, "properties": {"gww_id": 86961, "name": "Huong Dien", "reservoir": "H\u1ed3 H\u01b0\u01a1ng \u0110i\u1ec1n", "country": "Vietnam", "iso3": "VNM", "capacity_mw": 81.0, "latest_month": "2026-07", "area_km2": 20.79, "area_anomaly": 0.268, "area_anomaly_3mo": 0.259, "precip_12mo_anomaly": 0.109, "pred_gen_anomaly": 0.212, "pred_gen_anomaly_lo": -0.445, "pred_gen_anomaly_hi": 0.765, "pred_gen_anomaly_3mo": 0.204, "has_generation_truth": false, "confidence": "unknown residence time", "match_method": "gww_polygon"}}, {"type": "Feature", "geometry": {"type": "Point", "coordinates": [-74.8866, 5.5606]}, "properties": {"gww_id": 84152, "name": "Miel I", "reservoir": "Aman\u00ed", "country": "Colombia", "iso3": "COL", "capacity_mw": 396.0, "latest_month": "2026-07", "area_km2": 9.56, "area_anomaly": 0.213, "area_anomaly_3mo": 0.224, "precip_12mo_anomaly": 0.049, "pred_gen_anomaly": 0.188, "pred_gen_anomaly_lo": -0.368, "pred_gen_anomaly_hi": 0.792, "pred_gen_anomaly_3mo": 0.156, "has_generation_truth": false, "confidence": "unknown residence time", "match_method": "gww_polygon"}}, {"type": "Feature", "geometry": {"type": "Point", "coordinates": [-146.3033, 61.0828]}, "properties": {"gww_id": 64546, "name": "Solomon Gulch", "reservoir": "Solomon Lake", "country": "USA", "iso3": "USA", "capacity_mw": 12.0, "latest_month": "2026-07", "area_km2": 0.97, "area_anomaly": 0.003, "area_anomaly_3mo": -0.012, "precip_12mo_anomaly": 0.063, "pred_gen_anomaly": 0.163, "pred_gen_anomaly_lo": -0.299, "pred_gen_anomaly_hi": 0.622, "pred_gen_anomaly_3mo": 0.118, "has_generation_truth": true, "confidence": "unknown residence time", "match_method": "gww_polygon"}}, {"type": "Feature", "geometry": {"type": "Point", "coordinates": [-50.34277778, -19.86805556]}, "properties": {"gww_id": 90540, "name": "\u00c1GUA VERMELHA", "reservoir": "Agua Vermelha Reservoir", "country": "BRA", "iso3": "BRA", "capacity_mw": 1396.2, "latest_month": "2026-07", "area_km2": 513.67, "area_anomaly": 0.005, "area_anomaly_3mo": 0.004, "precip_12mo_anomaly": -0.038, "pred_gen_anomaly": -0.06, "pred_gen_anomaly_lo": -0.448, "pred_gen_anomaly_hi": 0.458, "pred_gen_anomaly_3mo": -0.079, "has_generation_truth": true, "confidence": "short residence time (weak area signal)", "match_method": "hydrolakes_pour"}}, {"type": "Feature", "geometry": {"type": "Point", "coordinates": [-54.30055556, -2.816111111]}, "properties": {"gww_id": 88989, "name": "CURU\u00c1-UNA", "reservoir": null, "country": "BRA", "iso3": "BRA", "capacity_mw": 42.8, "latest_month": "2026-07", "area_km2": 77.17, "area_anomaly": -0.008, "area_anomaly_3mo": -0.014, "precip_12mo_anomaly": -0.071, "pred_gen_anomaly": -0.298, "pred_gen_anomaly_lo": -0.818, "pred_gen_anomaly_hi": 0.457, "pred_gen_anomaly_3mo": -0.291, "has_generation_truth": true, "confidence": "short residence time (weak area signal)", "match_method": "hydrolakes_pour"}}, {"type": "Feature", "geometry": {"type": "Point", "coordinates": [-121.491247, 39.531784]}, "properties": {"gww_id": 88197, "name": "Kelly Ridge", "reservoir": "Lake Oroville", "country": "USA", "iso3": "USA", "capacity_mw": 12.0, "latest_month": "2026-07", "area_km2": 49.17, "area_anomaly": 0.127, "area_anomaly_3mo": 0.166, "precip_12mo_anomaly": -0.042, "pred_gen_anomaly": 0.086, "pred_gen_anomaly_lo": -0.398, "pred_gen_anomaly_hi": 0.666, "pred_gen_anomaly_3mo": 0.02, "has_generation_truth": true, "confidence": "carry-over storage (validated class)", "match_method": "hydrolakes_pour"}}, {"type": "Feature", "geometry": {"type": "Point", "coordinates": [-66.4815, -43.6996]}, "properties": {"gww_id": 87975, "name": "FLORENTINO AMEGHINO", "reservoir": "Florentino Ameghino", "country": "Argentina", "iso3": "ARG", "capacity_mw": 60.0, "latest_month": "2026-07", "area_km2": 44.1, "area_anomaly": -0.089, "area_anomaly_3mo": -0.137, "precip_12mo_anomaly": -0.224, "pred_gen_anomaly": -0.488, "pred_gen_anomaly_lo": -0.847, "pred_gen_anomaly_hi": -0.014, "pred_gen_anomaly_3mo": -0.392, "has_generation_truth": false, "confidence": "short residence time (weak area signal)", "match_method": "hydrolakes_pour"}}, {"type": "Feature", "geometry": {"type": "Point", "coordinates": [-41.09666667, -19.45333333]}, "properties": {"gww_id": 83074, "name": "AIMOR\u00c9S", "reservoir": null, "country": "BRA", "iso3": "BRA", "capacity_mw": 330.0, "latest_month": "2026-07", "area_km2": 5.7, "area_anomaly": 0.147, "area_anomaly_3mo": 0.119, "precip_12mo_anomaly": 0.037, "pred_gen_anomaly": 0.043, "pred_gen_anomaly_lo": -0.454, "pred_gen_anomaly_hi": 0.899, "pred_gen_anomaly_3mo": 0.117, "has_generation_truth": true, "confidence": "unknown residence time", "match_method": "gww_polygon"}}, {"type": "Feature", "geometry": {"type": "Point", "coordinates": [19.8224, 42.1033]}, "properties": {"gww_id": 83799, "name": "Koman", "reservoir": "Koman Reservoir", "country": "Albania", "iso3": "ALB", "capacity_mw": 600.0, "latest_month": "2026-07", "area_km2": 7.69, "area_anomaly": 0.021, "area_anomaly_3mo": 0.019, "precip_12mo_anomaly": 0.348, "pred_gen_anomaly": 0.123, "pred_gen_anomaly_lo": -0.249, "pred_gen_anomaly_hi": 0.458, "pred_gen_anomaly_3mo": 0.245, "has_generation_truth": false, "confidence": "short residence time (weak area signal)", "match_method": "hydrolakes_pour"}}, {"type": "Feature", "geometry": {"type": "Point", "coordinates": [-84.863869, 30.708571]}, "properties": {"gww_id": 89099, "name": "J Woodruff", "reservoir": "Lake Seminole", "country": "USA", "iso3": "USA", "capacity_mw": 73.5, "latest_month": "2026-07", "area_km2": 76.05, "area_anomaly": -0.047, "area_anomaly_3mo": -0.052, "precip_12mo_anomaly": -0.15, "pred_gen_anomaly": -0.141, "pred_gen_anomaly_lo": -0.37, "pred_gen_anomaly_hi": 0.326, "pred_gen_anomaly_3mo": -0.182, "has_generation_truth": true, "confidence": "short residence time (weak area signal)", "match_method": "hydrolakes_pour"}}, {"type": "Feature", "geometry": {"type": "Point", "coordinates": [-45.87, -23.37416667]}, "properties": {"gww_id": 86856, "name": "SANTA BRANCA", "reservoir": null, "country": "BRA", "iso3": "BRA", "capacity_mw": 56.0, "latest_month": "2026-07", "area_km2": 15.35, "area_anomaly": -0.005, "area_anomaly_3mo": 0.006, "precip_12mo_anomaly": -0.114, "pred_gen_anomaly": -0.173, "pred_gen_anomaly_lo": -0.801, "pred_gen_anomaly_hi": 0.414, "pred_gen_anomaly_3mo": -0.144, "has_generation_truth": true, "confidence": "short residence time (weak area signal)", "match_method": "hydrolakes_pour"}}, {"type": "Feature", "geometry": {"type": "Point", "coordinates": [-96.2517, 36.1508]}, "properties": {"gww_id": 89105, "name": "Keystone Dam", "reservoir": "Keystone Lake", "country": "USA", "iso3": "USA", "capacity_mw": 70.0, "latest_month": "2026-07", "area_km2": 83.0, "area_anomaly": 0.036, "area_anomaly_3mo": 0.005, "precip_12mo_anomaly": 0.021, "pred_gen_anomaly": 0.105, "pred_gen_anomaly_lo": -0.458, "pred_gen_anomaly_hi": 0.798, "pred_gen_anomaly_3mo": -0.045, "has_generation_truth": true, "confidence": "short residence time (weak area signal)", "match_method": "hydrolakes_pour"}}, {"type": "Feature", "geometry": {"type": "Point", "coordinates": [14.434501, 49.82354]}, "properties": {"gww_id": 85630, "name": "Slapy", "reservoir": null, "country": "Czech Republic", "iso3": "CZE", "capacity_mw": 184.0, "latest_month": "2026-07", "area_km2": 11.94, "area_anomaly": 0.017, "area_anomaly_3mo": 0.019, "precip_12mo_anomaly": -0.168, "pred_gen_anomaly": -0.173, "pred_gen_anomaly_lo": -0.571, "pred_gen_anomaly_hi": 0.127, "pred_gen_anomaly_3mo": -0.101, "has_generation_truth": false, "confidence": "short residence time (weak area signal)", "match_method": "gww_polygon"}}, {"type": "Feature", "geometry": {"type": "Point", "coordinates": [2.00985, 45.15185]}, "properties": {"gww_id": 82446, "name": "Chastang CHASTANG (LE) 1 - Chastang Hydroelectric Generating Station France", "reservoir": null, "country": "France", "iso3": "FRA", "capacity_mw": 323.0, "latest_month": "2026-07", "area_km2": 4.86, "area_anomaly": -0.039, "area_anomaly_3mo": -0.006, "precip_12mo_anomaly": -0.087, "pred_gen_anomaly": -0.185, "pred_gen_anomaly_lo": -0.549, "pred_gen_anomaly_hi": 0.117, "pred_gen_anomaly_3mo": -0.065, "has_generation_truth": false, "confidence": "short residence time (weak area signal)", "match_method": "hydrolakes_pour"}}, {"type": "Feature", "geometry": {"type": "Point", "coordinates": [75.7305, 32.4404]}, "properties": {"gww_id": 88178, "name": "RANJIT SAGAR", "reservoir": null, "country": "India", "iso3": "IND", "capacity_mw": 600.0, "latest_month": "2026-07", "area_km2": 46.51, "area_anomaly": -0.112, "area_anomaly_3mo": 0.031, "precip_12mo_anomaly": 0.251, "pred_gen_anomaly": 0.305, "pred_gen_anomaly_lo": -0.168, "pred_gen_anomaly_hi": 0.902, "pred_gen_anomaly_3mo": 0.306, "has_generation_truth": false, "confidence": "carry-over storage (validated class)", "match_method": "hydrolakes_pour"}}, {"type": "Feature", "geometry": {"type": "Point", "coordinates": [14.701371, 46.628959]}, "properties": {"gww_id": 83798, "name": "Edling Edling-KW - Edling Hydroelectric Power Plant Austria", "reservoir": null, "country": "Austria", "iso3": "AUT", "capacity_mw": 87.0, "latest_month": "2026-08", "area_km2": 8.55, "area_anomaly": -0.013, "area_anomaly_3mo": -0.01, "precip_12mo_anomaly": -0.03, "pred_gen_anomaly": -0.116, "pred_gen_anomaly_lo": -0.479, "pred_gen_anomaly_hi": 0.156, "pred_gen_anomaly_3mo": -0.129, "has_generation_truth": false, "confidence": "short residence time (weak area signal)", "match_method": "hydrolakes_pour"}}, {"type": "Feature", "geometry": {"type": "Point", "coordinates": [-57.4524, -33.056]}, "properties": {"gww_id": 90185, "name": "CONSTITUCI\u00c3\u0093N", "reservoir": null, "country": "Uruguay", "iso3": "URY", "capacity_mw": 333.0, "latest_month": "2026-08", "area_km2": 286.15, "area_anomaly": 0.106, "area_anomaly_3mo": 0.025, "precip_12mo_anomaly": -0.457, "pred_gen_anomaly": -0.412, "pred_gen_anomaly_lo": -0.909, "pred_gen_anomaly_hi": 0.16, "pred_gen_anomaly_3mo": -0.471, "has_generation_truth": false, "confidence": "short residence time (weak area signal)", "match_method": "hydrolakes_pour"}}, {"type": "Feature", "geometry": {"type": "Point", "coordinates": [49.4794, 53.4265]}, "properties": {"gww_id": 92393, "name": "Zhigulevskaya HPP", "reservoir": "Kuybyshev Reservoir", "country": "Russia", "iso3": "RUS", "capacity_mw": 2467.0, "latest_month": "2026-08", "area_km2": 3928.67, "area_anomaly": 0.413, "area_anomaly_3mo": 0.539, "precip_12mo_anomaly": -0.021, "pred_gen_anomaly": 0.335, "pred_gen_anomaly_lo": -0.211, "pred_gen_anomaly_hi": 0.804, "pred_gen_anomaly_3mo": 0.325, "has_generation_truth": false, "confidence": "unknown residence time", "match_method": "gww_polygon"}}, {"type": "Feature", "geometry": {"type": "Point", "coordinates": [-7.2175, 42.39111111]}, "properties": {"gww_id": 66326, "name": "MONTEFURADO 3", "reservoir": "Encoro Montefurado", "country": "Spain", "iso3": "ESP", "capacity_mw": 44.3, "latest_month": "2026-08", "area_km2": 0.49, "area_anomaly": 0.026, "area_anomaly_3mo": 0.049, "precip_12mo_anomaly": 0.154, "pred_gen_anomaly": -0.076, "pred_gen_anomaly_lo": -0.624, "pred_gen_anomaly_hi": 0.513, "pred_gen_anomaly_3mo": -0.093, "has_generation_truth": false, "confidence": "unknown residence time", "match_method": "gww_polygon"}}, {"type": "Feature", "geometry": {"type": "Point", "coordinates": [-120.444335, 38.86429]}, "properties": {"gww_id": 84030, "name": "Union Valley", "reservoir": null, "country": "USA", "iso3": "USA", "capacity_mw": 87.7, "latest_month": "2026-08", "area_km2": 10.02, "area_anomaly": 0.032, "area_anomaly_3mo": 0.029, "precip_12mo_anomaly": -0.044, "pred_gen_anomaly": -0.088, "pred_gen_anomaly_lo": -0.54, "pred_gen_anomaly_hi": 0.401, "pred_gen_anomaly_3mo": -0.097, "has_generation_truth": true, "confidence": "carry-over storage (validated class)", "match_method": "hydrolakes_pour"}}, {"type": "Feature", "geometry": {"type": "Point", "coordinates": [107.0431, 25.0277]}, "properties": {"gww_id": 90480, "name": "Longtan", "reservoir": "\u9f99\u6ee9\u6c34\u5e93", "country": "China", "iso3": "CHN", "capacity_mw": 6300.0, "latest_month": "2026-08", "area_km2": 315.56, "area_anomaly": 0.125, "area_anomaly_3mo": 0.17, "precip_12mo_anomaly": 0.289, "pred_gen_anomaly": 0.396, "pred_gen_anomaly_lo": -0.195, "pred_gen_anomaly_hi": 1.146, "pred_gen_anomaly_3mo": 0.31, "has_generation_truth": false, "confidence": "unknown residence time", "match_method": "gww_polygon"}}, {"type": "Feature", "geometry": {"type": "Point", "coordinates": [119.21, 29.49]}, "properties": {"gww_id": 90501, "name": "Xin'an Jiang", "reservoir": null, "country": "China", "iso3": "CHN", "capacity_mw": 845.0, "latest_month": "2026-08", "area_km2": 444.51, "area_anomaly": -0.015, "area_anomaly_3mo": -0.01, "precip_12mo_anomaly": -0.026, "pred_gen_anomaly": -0.048, "pred_gen_anomaly_lo": -0.457, "pred_gen_anomaly_hi": 0.617, "pred_gen_anomaly_3mo": -0.252, "has_generation_truth": false, "confidence": "carry-over storage (validated class)", "match_method": "hydrolakes_pour"}}, {"type": "Feature", "geometry": {"type": "Point", "coordinates": [109.148, 28.967]}, "properties": {"gww_id": 84117, "name": "Chongqing Youyang County Youchou", "reservoir": null, "country": "China", "iso3": "CHN", "capacity_mw": 120.0, "latest_month": "2026-08", "area_km2": 7.11, "area_anomaly": 0.04, "area_anomaly_3mo": 0.025, "precip_12mo_anomaly": 0.197, "pred_gen_anomaly": 0.02, "pred_gen_anomaly_lo": -0.429, "pred_gen_anomaly_hi": 0.648, "pred_gen_anomaly_3mo": 0.094, "has_generation_truth": false, "confidence": "unknown residence time", "match_method": "gww_polygon"}}, {"type": "Feature", "geometry": {"type": "Point", "coordinates": [-120.31009, 37.522065]}, "properties": {"gww_id": 67805, "name": "McSwain", "reservoir": null, "country": "USA", "iso3": "USA", "capacity_mw": 12.4, "latest_month": "2026-08", "area_km2": 0.72, "area_anomaly": 0.024, "area_anomaly_3mo": -0.003, "precip_12mo_anomaly": 0.009, "pred_gen_anomaly": -0.19, "pred_gen_anomaly_lo": -0.668, "pred_gen_anomaly_hi": 0.279, "pred_gen_anomaly_3mo": -0.236, "has_generation_truth": true, "confidence": "short residence time (weak area signal)", "match_method": "hydrolakes_pour"}}, {"type": "Feature", "geometry": {"type": "Point", "coordinates": [35.98670994, -7.135416667]}, "properties": {"gww_id": 90287, "name": "Mtera", "reservoir": null, "country": "Tanzania", "iso3": "TZA", "capacity_mw": 80.0, "latest_month": "2026-08", "area_km2": 487.6, "area_anomaly": 0.284, "area_anomaly_3mo": 0.273, "precip_12mo_anomaly": 0.011, "pred_gen_anomaly": 0.27, "pred_gen_anomaly_lo": -0.521, "pred_gen_anomaly_hi": 1.443, "pred_gen_anomaly_3mo": 0.265, "has_generation_truth": false, "confidence": "carry-over storage (validated class)", "match_method": "hydrolakes_pour"}}, {"type": "Feature", "geometry": {"type": "Point", "coordinates": [0.06041666667, 6.300676687]}, "properties": {"gww_id": 92429, "name": "Akosombo", "reservoir": "Volta", "country": "Ghana", "iso3": "GHA", "capacity_mw": 1020.0, "latest_month": "2026-08", "area_km2": 2043.94, "area_anomaly": 0.208, "area_anomaly_3mo": -0.255, "precip_12mo_anomaly": 0.106, "pred_gen_anomaly": -0.149, "pred_gen_anomaly_lo": -0.485, "pred_gen_anomaly_hi": 0.552, "pred_gen_anomaly_3mo": -0.156, "has_generation_truth": false, "confidence": "carry-over storage (validated class)", "match_method": "hydrolakes_pour"}}, {"type": "Feature", "geometry": {"type": "Point", "coordinates": [42.8519, 42.589]}, "properties": {"gww_id": 67053, "name": "Lajanuri Hydroelectric Power Plant Georgia", "reservoir": null, "country": "Georgia", "iso3": "GEO", "capacity_mw": 113.0, "latest_month": "2026-08", "area_km2": 1.09, "area_anomaly": 0.071, "area_anomaly_3mo": 0.051, "precip_12mo_anomaly": 0.127, "pred_gen_anomaly": 0.044, "pred_gen_anomaly_lo": -0.482, "pred_gen_anomaly_hi": 0.597, "pred_gen_anomaly_3mo": 0.14, "has_generation_truth": false, "confidence": "unknown residence time", "match_method": "gww_polygon"}}, {"type": "Feature", "geometry": {"type": "Point", "coordinates": [102.65, 25.54]}, "properties": {"gww_id": 69849, "name": "Xiaopengzu Luquan County", "reservoir": null, "country": "China", "iso3": "CHN", "capacity_mw": 44.0, "latest_month": "2026-08", "area_km2": 0.59, "area_anomaly": 0.076, "area_anomaly_3mo": 0.123, "precip_12mo_anomaly": 0.226, "pred_gen_anomaly": 0.238, "pred_gen_anomaly_lo": -0.378, "pred_gen_anomaly_hi": 0.901, "pred_gen_anomaly_3mo": 0.261, "has_generation_truth": false, "confidence": "unknown residence time", "match_method": "gww_polygon"}}, {"type": "Feature", "geometry": {"type": "Point", "coordinates": [-117.7688, 49.343]}, "properties": {"gww_id": 90425, "name": "Arrow Lakes", "reservoir": "Arrow", "country": "Canada", "iso3": "CAN", "capacity_mw": 284.0, "latest_month": "2026-08", "area_km2": 495.46, "area_anomaly": 0.027, "area_anomaly_3mo": 0.005, "precip_12mo_anomaly": 0.098, "pred_gen_anomaly": 0.078, "pred_gen_anomaly_lo": -0.218, "pred_gen_anomaly_hi": 0.411, "pred_gen_anomaly_3mo": 0.081, "has_generation_truth": false, "confidence": "carry-over storage (validated class)", "match_method": "hydrolakes_pour"}}, {"type": "Feature", "geometry": {"type": "Point", "coordinates": [-89.2089, 46.6964]}, "properties": {"gww_id": 71632, "name": "Victoria Dam", "reservoir": null, "country": "USA", "iso3": "USA", "capacity_mw": 12.0, "latest_month": "2026-08", "area_km2": 1.12, "area_anomaly": 0.063, "area_anomaly_3mo": 0.131, "precip_12mo_anomaly": 0.254, "pred_gen_anomaly": 0.152, "pred_gen_anomaly_lo": -0.322, "pred_gen_anomaly_hi": 0.545, "pred_gen_anomaly_3mo": 0.232, "has_generation_truth": true, "confidence": "short residence time (weak area signal)", "match_method": "hydrolakes_pour"}}, {"type": "Feature", "geometry": {"type": "Point", "coordinates": [-118.5705, 52.0759]}, "properties": {"gww_id": 90366, "name": "Mica", "reservoir": "Kinbasket", "country": "Canada", "iso3": "CAN", "capacity_mw": 2746.0, "latest_month": "2026-08", "area_km2": 416.8, "area_anomaly": 0.04, "area_anomaly_3mo": 0.038, "precip_12mo_anomaly": 0.117, "pred_gen_anomaly": 0.11, "pred_gen_anomaly_lo": -0.037, "pred_gen_anomaly_hi": 0.314, "pred_gen_anomaly_3mo": 0.096, "has_generation_truth": false, "confidence": "carry-over storage (validated class)", "match_method": "hydrolakes_pour"}}, {"type": "Feature", "geometry": {"type": "Point", "coordinates": [-69.9934, -40.1901]}, "properties": {"gww_id": 90062, "name": "PIEDRA DEL AGUILA (CPSA)", "reservoir": null, "country": "Argentina", "iso3": "ARG", "capacity_mw": 1400.0, "latest_month": "2026-08", "area_km2": 217.58, "area_anomaly": -0.146, "area_anomaly_3mo": -0.113, "precip_12mo_anomaly": 0.22, "pred_gen_anomaly": 0.131, "pred_gen_anomaly_lo": -0.312, "pred_gen_anomaly_hi": 0.586, "pred_gen_anomaly_3mo": 0.027, "has_generation_truth": false, "confidence": "carry-over storage (validated class)", "match_method": "hydrolakes_pour"}}, {"type": "Feature", "geometry": {"type": "Point", "coordinates": [106.1379, 26.5829]}, "properties": {"gww_id": 83918, "name": "Yingzidu Dam", "reservoir": null, "country": "China", "iso3": "CHN", "capacity_mw": 360.0, "latest_month": "2026-08", "area_km2": 7.95, "area_anomaly": 0.151, "area_anomaly_3mo": 0.058, "precip_12mo_anomaly": 0.262, "pred_gen_anomaly": 0.2, "pred_gen_anomaly_lo": -0.339, "pred_gen_anomaly_hi": 0.847, "pred_gen_anomaly_3mo": 0.279, "has_generation_truth": false, "confidence": "unknown residence time", "match_method": "gww_polygon"}}, {"type": "Feature", "geometry": {"type": "Point", "coordinates": [-117.4842, 49.4601]}, "properties": {"gww_id": 90307, "name": "Upper Bonnington", "reservoir": "Kootenay", "country": "Canada", "iso3": "CAN", "capacity_mw": 171.0, "latest_month": "2026-08", "area_km2": 418.89, "area_anomaly": 0.015, "area_anomaly_3mo": -0.009, "precip_12mo_anomaly": 0.036, "pred_gen_anomaly": 0.018, "pred_gen_anomaly_lo": -0.256, "pred_gen_anomaly_hi": 0.456, "pred_gen_anomaly_3mo": 0.003, "has_generation_truth": false, "confidence": "carry-over storage (validated class)", "match_method": "hydrolakes_pour"}}, {"type": "Feature", "geometry": {"type": "Point", "coordinates": [-6.4701, 42.8427]}, "properties": {"gww_id": 70103, "name": "LAS ONDINAS 1", "reservoir": null, "country": "Spain", "iso3": "ESP", "capacity_mw": 119.0, "latest_month": "2026-08", "area_km2": 1.15, "area_anomaly": -0.045, "area_anomaly_3mo": 0.005, "precip_12mo_anomaly": 0.155, "pred_gen_anomaly": -0.019, "pred_gen_anomaly_lo": -0.362, "pred_gen_anomaly_hi": 0.414, "pred_gen_anomaly_3mo": 0.013, "has_generation_truth": false, "confidence": "short residence time (weak area signal)", "match_method": "hydrolakes_pour"}}, {"type": "Feature", "geometry": {"type": "Point", "coordinates": [-48.38305556, -12.2375]}, "properties": {"gww_id": 90133, "name": "PEIXE ANGICAL", "reservoir": "Reservaorio UHE Peixe Angical", "country": "BRA", "iso3": "BRA", "capacity_mw": 498.8, "latest_month": "2026-08", "area_km2": 234.27, "area_anomaly": 0.013, "area_anomaly_3mo": 0.09, "precip_12mo_anomaly": 0.059, "pred_gen_anomaly": 0.072, "pred_gen_anomaly_lo": -0.423, "pred_gen_anomaly_hi": 0.744, "pred_gen_anomaly_3mo": 0.061, "has_generation_truth": true, "confidence": "unknown residence time", "match_method": "gww_polygon"}}, {"type": "Feature", "geometry": {"type": "Point", "coordinates": [38.5667, 35.8722]}, "properties": {"gww_id": 90422, "name": "Taqba (Al-Thawra) Hydroelectric Power Project Syria", "reservoir": "Assad", "country": "Syrian Arab Republic", "iso3": "SYR", "capacity_mw": 800.0, "latest_month": "2026-08", "area_km2": 627.9, "area_anomaly": 0.034, "area_anomaly_3mo": 0.035, "precip_12mo_anomaly": 0.483, "pred_gen_anomaly": 0.488, "pred_gen_anomaly_lo": -0.137, "pred_gen_anomaly_hi": 1.349, "pred_gen_anomaly_3mo": 0.666, "has_generation_truth": false, "confidence": "carry-over storage (validated class)", "match_method": "hydrolakes_pour"}}, {"type": "Feature", "geometry": {"type": "Point", "coordinates": [-10.42912339, 13.19375]}, "properties": {"gww_id": 90262, "name": "Manantali", "reservoir": null, "country": "Mali", "iso3": "MLI", "capacity_mw": 205.0, "latest_month": "2026-08", "area_km2": 384.37, "area_anomaly": 0.009, "area_anomaly_3mo": 0.001, "precip_12mo_anomaly": 0.023, "pred_gen_anomaly": -0.104, "pred_gen_anomaly_lo": -0.626, "pred_gen_anomaly_hi": 0.602, "pred_gen_anomaly_3mo": 0.029, "has_generation_truth": false, "confidence": "carry-over storage (validated class)", "match_method": "hydrolakes_pour"}}, {"type": "Feature", "geometry": {"type": "Point", "coordinates": [3.0745, 44.9219]}, "properties": {"gww_id": 83997, "name": "Grandval Grandval Hydroelectric Power Plant France - Grandval Hydroelectric Power Plant France", "reservoir": null, "country": "France", "iso3": "FRA", "capacity_mw": 73.1, "latest_month": "2026-08", "area_km2": 5.79, "area_anomaly": -0.163, "area_anomaly_3mo": -0.11, "precip_12mo_anomaly": -0.048, "pred_gen_anomaly": -0.211, "pred_gen_anomaly_lo": -0.58, "pred_gen_anomaly_hi": 0.039, "pred_gen_anomaly_3mo": -0.149, "has_generation_truth": false, "confidence": "carry-over storage (validated class)", "match_method": "hydrolakes_pour"}}, {"type": "Feature", "geometry": {"type": "Point", "coordinates": [-68.9814, -31.5192]}, "properties": {"gww_id": 84040, "name": "CH LOS CARACOLES", "reservoir": "Dique Caracoles", "country": "Argentina", "iso3": "ARG", "capacity_mw": 121.4, "latest_month": "2026-08", "area_km2": 7.95, "area_anomaly": 0.003, "area_anomaly_3mo": 0.017, "precip_12mo_anomaly": 0.226, "pred_gen_anomaly": 0.35, "pred_gen_anomaly_lo": -0.343, "pred_gen_anomaly_hi": 1.075, "pred_gen_anomaly_3mo": 0.153, "has_generation_truth": false, "confidence": "unknown residence time", "match_method": "gww_polygon"}}, {"type": "Feature", "geometry": {"type": "Point", "coordinates": [71.3706, 32.4348]}, "properties": {"gww_id": 90362, "name": "Chashma", "reservoir": null, "country": "Pakistan", "iso3": "PAK", "capacity_mw": 184.0, "latest_month": "2026-08", "area_km2": 377.7, "area_anomaly": 0.285, "area_anomaly_3mo": 0.069, "precip_12mo_anomaly": 0.065, "pred_gen_anomaly": 0.154, "pred_gen_anomaly_lo": -0.415, "pred_gen_anomaly_hi": 0.91, "pred_gen_anomaly_3mo": 0.187, "has_generation_truth": false, "confidence": "short residence time (weak area signal)", "match_method": "hydrolakes_pour"}}, {"type": "Feature", "geometry": {"type": "Point", "coordinates": [69.815, 40.2759]}, "properties": {"gww_id": 90263, "name": "Kairakkum", "reservoir": "Kayrakkumskoye", "country": "Tajikistan", "iso3": "TJK", "capacity_mw": 126.0, "latest_month": "2026-08", "area_km2": 330.57, "area_anomaly": -0.052, "area_anomaly_3mo": -0.017, "precip_12mo_anomaly": -0.065, "pred_gen_anomaly": -0.077, "pred_gen_anomaly_lo": -0.514, "pred_gen_anomaly_hi": 0.392, "pred_gen_anomaly_3mo": -0.007, "has_generation_truth": false, "confidence": "short residence time (weak area signal)", "match_method": "hydrolakes_pour"}}, {"type": "Feature", "geometry": {"type": "Point", "coordinates": [95.358, 23.31]}, "properties": {"gww_id": 90156, "name": "Thaphanseik", "reservoir": null, "country": "Myanmar", "iso3": "MMR", "capacity_mw": 30.0, "latest_month": "2026-08", "area_km2": 329.4, "area_anomaly": 0.18, "area_anomaly_3mo": 0.207, "precip_12mo_anomaly": 0.059, "pred_gen_anomaly": 0.537, "pred_gen_anomaly_lo": -0.545, "pred_gen_anomaly_hi": 1.542, "pred_gen_anomaly_3mo": 0.351, "has_generation_truth": false, "confidence": "carry-over storage (validated class)", "match_method": "hydrolakes_pour"}}, {"type": "Feature", "geometry": {"type": "Point", "coordinates": [-106.8736, 51.2748]}, "properties": {"gww_id": 90320, "name": "Coteau Creek", "reservoir": "Diefenbaker", "country": "Canada", "iso3": "CAN", "capacity_mw": 186.0, "latest_month": "2026-08", "area_km2": 400.23, "area_anomaly": 0.022, "area_anomaly_3mo": 0.039, "precip_12mo_anomaly": 0.021, "pred_gen_anomaly": 0.123, "pred_gen_anomaly_lo": -0.191, "pred_gen_anomaly_hi": 0.523, "pred_gen_anomaly_3mo": 0.131, "has_generation_truth": false, "confidence": "carry-over storage (validated class)", "match_method": "hydrolakes_pour"}}, {"type": "Feature", "geometry": {"type": "Point", "coordinates": [-43.5675, -6.751388889]}, "properties": {"gww_id": 90310, "name": "BOA ESPERAN\u00c7A", "reservoir": "Grajau", "country": "BRA", "iso3": "BRA", "capacity_mw": 237.3, "latest_month": "2026-08", "area_km2": 303.04, "area_anomaly": 0.013, "area_anomaly_3mo": 0.013, "precip_12mo_anomaly": -0.053, "pred_gen_anomaly": -0.151, "pred_gen_anomaly_lo": -0.611, "pred_gen_anomaly_hi": 0.424, "pred_gen_anomaly_3mo": -0.206, "has_generation_truth": true, "confidence": "carry-over storage (validated class)", "match_method": "hydrolakes_pour"}}, {"type": "Feature", "geometry": {"type": "Point", "coordinates": [26.01739187, -15.76458333]}, "properties": {"gww_id": 90229, "name": "Itezhi-Tezhi", "reservoir": null, "country": "Zambia", "iso3": "ZMB", "capacity_mw": 120.0, "latest_month": "2026-08", "area_km2": 333.89, "area_anomaly": 0.012, "area_anomaly_3mo": 0.03, "precip_12mo_anomaly": 0.013, "pred_gen_anomaly": -0.139, "pred_gen_anomaly_lo": -0.531, "pred_gen_anomaly_hi": 0.478, "pred_gen_anomaly_3mo": -0.175, "has_generation_truth": false, "confidence": "carry-over storage (validated class)", "match_method": "hydrolakes_pour"}}, {"type": "Feature", "geometry": {"type": "Point", "coordinates": [100.92, 36.12]}, "properties": {"gww_id": 90059, "name": "Longyangxia", "reservoir": null, "country": "China", "iso3": "CHN", "capacity_mw": 1280.0, "latest_month": "2026-08", "area_km2": 321.56, "area_anomaly": 0.044, "area_anomaly_3mo": 0.03, "precip_12mo_anomaly": -0.029, "pred_gen_anomaly": -0.024, "pred_gen_anomaly_lo": -0.27, "pred_gen_anomaly_hi": 0.428, "pred_gen_anomaly_3mo": 0.04, "has_generation_truth": false, "confidence": "carry-over storage (validated class)", "match_method": "hydrolakes_pour"}}, {"type": "Feature", "geometry": {"type": "Point", "coordinates": [150.4167, 62.0583]}, "properties": {"gww_id": 90323, "name": "Kolymskaya HPP", "reservoir": null, "country": "Russia", "iso3": "RUS", "capacity_mw": 900.0, "latest_month": "2026-08", "area_km2": 437.45, "area_anomaly": 0.015, "area_anomaly_3mo": 0.017, "precip_12mo_anomaly": -0.032, "pred_gen_anomaly": -0.051, "pred_gen_anomaly_lo": -0.269, "pred_gen_anomaly_hi": 0.194, "pred_gen_anomaly_3mo": -0.009, "has_generation_truth": false, "confidence": "short residence time (weak area signal)", "match_method": "hydrolakes_pour"}}, {"type": "Feature", "geometry": {"type": "Point", "coordinates": [44.9737, 34.1115]}, "properties": {"gww_id": 89994, "name": "Hemrin Dam", "reservoir": null, "country": "Iraq", "iso3": "IRQ", "capacity_mw": 50.0, "latest_month": "2026-08", "area_km2": 333.04, "area_anomaly": 0.956, "area_anomaly_3mo": 0.948, "precip_12mo_anomaly": 0.155, "pred_gen_anomaly": 0.782, "pred_gen_anomaly_lo": -0.29, "pred_gen_anomaly_hi": 1.599, "pred_gen_anomaly_3mo": 0.798, "has_generation_truth": false, "confidence": "short residence time (weak area signal)", "match_method": "hydrolakes_pour"}}, {"type": "Feature", "geometry": {"type": "Point", "coordinates": [78.2563, 18.9766]}, "properties": {"gww_id": 90130, "name": "POCHAMPAD", "reservoir": null, "country": "India", "iso3": "IND", "capacity_mw": 36.0, "latest_month": "2026-08", "area_km2": 221.55, "area_anomaly": -0.059, "area_anomaly_3mo": -0.028, "precip_12mo_anomaly": -0.028, "pred_gen_anomaly": -0.054, "pred_gen_anomaly_lo": -0.733, "pred_gen_anomaly_hi": 0.678, "pred_gen_anomaly_3mo": 0.15, "has_generation_truth": false, "confidence": "unknown residence time", "match_method": "gww_polygon"}}, {"type": "Feature", "geometry": {"type": "Point", "coordinates": [-7.54, 39.663898]}, "properties": {"gww_id": 84012, "name": "CEDILLO 1", "reservoir": "Albufeira de Cedillo - Bra\u00e7o do Aravil", "country": "Spain", "iso3": "ESP", "capacity_mw": 473.0, "latest_month": "2026-08", "area_km2": 6.96, "area_anomaly": -0.012, "area_anomaly_3mo": 0.011, "precip_12mo_anomaly": 0.217, "pred_gen_anomaly": 0.021, "pred_gen_anomaly_lo": -0.288, "pred_gen_anomaly_hi": 0.282, "pred_gen_anomaly_3mo": 0.081, "has_generation_truth": false, "confidence": "short residence time (weak area signal)", "match_method": "gww_polygon"}}, {"type": "Feature", "geometry": {"type": "Point", "coordinates": [-74.991389, 44.214444]}, "properties": {"gww_id": 67912, "name": "Upper Newton Falls", "reservoir": null, "country": "USA", "iso3": "USA", "capacity_mw": 1.5, "latest_month": "2026-08", "area_km2": 0.89, "area_anomaly": 0.023, "area_anomaly_3mo": 0.048, "precip_12mo_anomaly": 0.163, "pred_gen_anomaly": 0.202, "pred_gen_anomaly_lo": -0.434, "pred_gen_anomaly_hi": 0.669, "pred_gen_anomaly_3mo": 0.026, "has_generation_truth": true, "confidence": "short residence time (weak area signal)", "match_method": "gww_polygon"}}, {"type": "Feature", "geometry": {"type": "Point", "coordinates": [-72.693616, 41.915312]}, "properties": {"gww_id": 68850, "name": "Rainbow (CT)", "reservoir": null, "country": "USA", "iso3": "USA", "capacity_mw": 8.0, "latest_month": "2026-08", "area_km2": 0.76, "area_anomaly": 0.012, "area_anomaly_3mo": 0.073, "precip_12mo_anomaly": 0.027, "pred_gen_anomaly": 0.088, "pred_gen_anomaly_lo": -0.549, "pred_gen_anomaly_hi": 0.586, "pred_gen_anomaly_3mo": -0.056, "has_generation_truth": true, "confidence": "unknown residence time", "match_method": "gww_polygon"}}, {"type": "Feature", "geometry": {"type": "Point", "coordinates": [-47.69361111, -19.13111111]}, "properties": {"gww_id": 90286, "name": "NOVA PONTE", "reservoir": null, "country": "BRA", "iso3": "BRA", "capacity_mw": 510.0, "latest_month": "2026-08", "area_km2": 258.12, "area_anomaly": -0.047, "area_anomaly_3mo": -0.033, "precip_12mo_anomaly": 0.014, "pred_gen_anomaly": -0.076, "pred_gen_anomaly_lo": -0.488, "pred_gen_anomaly_hi": 0.425, "pred_gen_anomaly_3mo": -0.148, "has_generation_truth": true, "confidence": "carry-over storage (validated class)", "match_method": "hydrolakes_pour"}}, {"type": "Feature", "geometry": {"type": "Point", "coordinates": [114.65, 23.73]}, "properties": {"gww_id": 90246, "name": "Xinfengjiang", "reservoir": null, "country": "China", "iso3": "CHN", "capacity_mw": 292.0, "latest_month": "2026-08", "area_km2": 296.45, "area_anomaly": 0.037, "area_anomaly_3mo": 0.007, "precip_12mo_anomaly": 0.005, "pred_gen_anomaly": 0.222, "pred_gen_anomaly_lo": -0.547, "pred_gen_anomaly_hi": 1.156, "pred_gen_anomaly_3mo": -0.039, "has_generation_truth": false, "confidence": "carry-over storage (validated class)", "match_method": "hydrolakes_pour"}}, {"type": "Feature", "geometry": {"type": "Point", "coordinates": [5.77319, 44.87249]}, "properties": {"gww_id": 69796, "name": "Saint pierre cognet", "reservoir": null, "country": "France", "iso3": "FRA", "capacity_mw": 100.0, "latest_month": "2026-08", "area_km2": 0.87, "area_anomaly": 0.017, "area_anomaly_3mo": 0.066, "precip_12mo_anomaly": -0.046, "pred_gen_anomaly": -0.033, "pred_gen_anomaly_lo": -0.408, "pred_gen_anomaly_hi": 0.191, "pred_gen_anomaly_3mo": -0.054, "has_generation_truth": false, "confidence": "short residence time (weak area signal)", "match_method": "hydrolakes_pour"}}, {"type": "Feature", "geometry": {"type": "Point", "coordinates": [47.0287, 40.79]}, "properties": {"gww_id": 90347, "name": "Mingechevir", "reservoir": "Mingechaurskoye", "country": "Azerbaijan", "iso3": "AZE", "capacity_mw": 402.0, "latest_month": "2026-08", "area_km2": 565.1, "area_anomaly": 0.142, "area_anomaly_3mo": 0.132, "precip_12mo_anomaly": 0.148, "pred_gen_anomaly": 0.379, "pred_gen_anomaly_lo": -0.226, "pred_gen_anomaly_hi": 0.973, "pred_gen_anomaly_3mo": 0.394, "has_generation_truth": false, "confidence": "carry-over storage (validated class)", "match_method": "hydrolakes_pour"}}, {"type": "Feature", "geometry": {"type": "Point", "coordinates": [-7.74, 41.1461]}, "properties": {"gww_id": 84001, "name": "Regua REgua - G1 - Regua Hydroelectric Power Plant Portugal", "reservoir": null, "country": "Portugal", "iso3": "PRT", "capacity_mw": 180.0, "latest_month": "2026-08", "area_km2": 6.95, "area_anomaly": 0.01, "area_anomaly_3mo": 0.01, "precip_12mo_anomaly": 0.17, "pred_gen_anomaly": 0.015, "pred_gen_anomaly_lo": -0.324, "pred_gen_anomaly_hi": 0.316, "pred_gen_anomaly_3mo": 0.02, "has_generation_truth": false, "confidence": "short residence time (weak area signal)", "match_method": "hydrolakes_pour"}}, {"type": "Feature", "geometry": {"type": "Point", "coordinates": [103.996, 21.4971]}, "properties": {"gww_id": 90121, "name": "Son La", "reservoir": "S\u01a1n La Reservoir", "country": "Vietnam", "iso3": "VNM", "capacity_mw": 2400.0, "latest_month": "2026-08", "area_km2": 167.41, "area_anomaly": -0.039, "area_anomaly_3mo": 0.036, "precip_12mo_anomaly": 0.177, "pred_gen_anomaly": 0.209, "pred_gen_anomaly_lo": -0.249, "pred_gen_anomaly_hi": 0.761, "pred_gen_anomaly_3mo": 0.22, "has_generation_truth": false, "confidence": "unknown residence time", "match_method": "gww_polygon"}}, {"type": "Feature", "geometry": {"type": "Point", "coordinates": [-7.212083, 42.11625]}, "properties": {"gww_id": 84104, "name": "Portas Las", "reservoir": null, "country": "Spain", "iso3": "ESP", "capacity_mw": 233.0, "latest_month": "2026-08", "area_km2": 9.01, "area_anomaly": 0.055, "area_anomaly_3mo": 0.076, "precip_12mo_anomaly": 0.153, "pred_gen_anomaly": 0.041, "pred_gen_anomaly_lo": -0.335, "pred_gen_anomaly_hi": 0.581, "pred_gen_anomaly_3mo": 0.065, "has_generation_truth": false, "confidence": "carry-over storage (validated class)", "match_method": "hydrolakes_pour"}}, {"type": "Feature", "geometry": {"type": "Point", "coordinates": [76.80583333, 11.26027778]}, "properties": {"gww_id": 71570, "name": "KUNDAH IV/Pillur", "reservoir": null, "country": "India", "iso3": "IND", "capacity_mw": 100.0, "latest_month": "2026-08", "area_km2": 1.23, "area_anomaly": 0.029, "area_anomaly_3mo": 0.138, "precip_12mo_anomaly": -0.056, "pred_gen_anomaly": -0.008, "pred_gen_anomaly_lo": -0.558, "pred_gen_anomaly_hi": 0.573, "pred_gen_anomaly_3mo": -0.008, "has_generation_truth": false, "confidence": "short residence time (weak area signal)", "match_method": "hydrolakes_pour"}}, {"type": "Feature", "geometry": {"type": "Point", "coordinates": [106.3747, 28.1619]}, "properties": {"gww_id": 70628, "name": "Guizhou Tongzihe Yangjiayuan", "reservoir": null, "country": "China", "iso3": "CHN", "capacity_mw": 40.0, "latest_month": "2026-08", "area_km2": 1.07, "area_anomaly": 0.146, "area_anomaly_3mo": 0.103, "precip_12mo_anomaly": 0.237, "pred_gen_anomaly": 0.094, "pred_gen_anomaly_lo": -0.442, "pred_gen_anomaly_hi": 0.819, "pred_gen_anomaly_3mo": 0.199, "has_generation_truth": false, "confidence": "unknown residence time", "match_method": "gww_polygon"}}, {"type": "Feature", "geometry": {"type": "Point", "coordinates": [-117.4537, 33.8553]}, "properties": {"gww_id": 83818, "name": "Lake Mathews", "reservoir": null, "country": "USA", "iso3": "USA", "capacity_mw": 5.0, "latest_month": "2026-08", "area_km2": 8.6, "area_anomaly": -0.065, "area_anomaly_3mo": 0.015, "precip_12mo_anomaly": 0.181, "pred_gen_anomaly": -0.028, "pred_gen_anomaly_lo": -1.048, "pred_gen_anomaly_hi": 0.808, "pred_gen_anomaly_3mo": 0.048, "has_generation_truth": true, "confidence": "carry-over storage (validated class)", "match_method": "hydrolakes_pour"}}, {"type": "Feature", "geometry": {"type": "Point", "coordinates": [77.0281, 9.9731]}, "properties": {"gww_id": 66102, "name": "PANNIAR", "reservoir": "Kallarkutty Reservoir", "country": "India", "iso3": "IND", "capacity_mw": 30.0, "latest_month": "2026-08", "area_km2": 0.59, "area_anomaly": 0.186, "area_anomaly_3mo": 0.103, "precip_12mo_anomaly": 0.009, "pred_gen_anomaly": -0.157, "pred_gen_anomaly_lo": -0.823, "pred_gen_anomaly_hi": 0.689, "pred_gen_anomaly_3mo": -0.076, "has_generation_truth": false, "confidence": "unknown residence time", "match_method": "gww_polygon"}}, {"type": "Feature", "geometry": {"type": "Point", "coordinates": [110.7486, 24.375]}, "properties": {"gww_id": 84090, "name": "Guangxi Bajiangkou", "reservoir": null, "country": "China", "iso3": "CHN", "capacity_mw": 90.0, "latest_month": "2026-08", "area_km2": 7.64, "area_anomaly": -0.031, "area_anomaly_3mo": 0.047, "precip_12mo_anomaly": 0.089, "pred_gen_anomaly": 0.32, "pred_gen_anomaly_lo": -0.418, "pred_gen_anomaly_hi": 0.956, "pred_gen_anomaly_3mo": 0.16, "has_generation_truth": false, "confidence": "unknown residence time", "match_method": "gww_polygon"}}, {"type": "Feature", "geometry": {"type": "Point", "coordinates": [15.320856, 63.223555]}, "properties": {"gww_id": 84097, "name": "N\u00c3\u00a4verede", "reservoir": null, "country": "Sweden", "iso3": "SWE", "capacity_mw": 111.0, "latest_month": "2026-08", "area_km2": 9.98, "area_anomaly": 0.055, "area_anomaly_3mo": 0.002, "precip_12mo_anomaly": -0.091, "pred_gen_anomaly": -0.017, "pred_gen_anomaly_lo": -0.372, "pred_gen_anomaly_hi": 0.381, "pred_gen_anomaly_3mo": -0.073, "has_generation_truth": false, "confidence": "carry-over storage (validated class)", "match_method": "gww_polygon"}}, {"type": "Feature", "geometry": {"type": "Point", "coordinates": [38.3186, 37.4825]}, "properties": {"gww_id": 90461, "name": "Atat\u00c3\u00bcrk Dam", "reservoir": "Ataturk Dam", "country": "Turkey", "iso3": "TUR", "capacity_mw": 2400.0, "latest_month": "2026-08", "area_km2": 673.84, "area_anomaly": 0.038, "area_anomaly_3mo": 0.031, "precip_12mo_anomaly": 0.437, "pred_gen_anomaly": 0.47, "pred_gen_anomaly_lo": -0.09, "pred_gen_anomaly_hi": 1.021, "pred_gen_anomaly_3mo": 0.545, "has_generation_truth": false, "confidence": "carry-over storage (validated class)", "match_method": "hydrolakes_pour"}}, {"type": "Feature", "geometry": {"type": "Point", "coordinates": [75.9857, 32.5966]}, "properties": {"gww_id": 83834, "name": "CHAMERA-I", "reservoir": null, "country": "India", "iso3": "IND", "capacity_mw": 540.0, "latest_month": "2026-08", "area_km2": 7.81, "area_anomaly": -0.026, "area_anomaly_3mo": -0.012, "precip_12mo_anomaly": 0.13, "pred_gen_anomaly": 0.335, "pred_gen_anomaly_lo": -0.178, "pred_gen_anomaly_hi": 0.751, "pred_gen_anomaly_3mo": 0.29, "has_generation_truth": false, "confidence": "unknown residence time", "match_method": "gww_polygon"}}, {"type": "Feature", "geometry": {"type": "Point", "coordinates": [-42.4, -21.45]}, "properties": {"gww_id": 84231, "name": "BARRA DO BRA\u00daNA", "reservoir": "Barra do Bra\u00fana", "country": "BRA", "iso3": "BRA", "capacity_mw": 39.0, "latest_month": "2026-08", "area_km2": 6.3, "area_anomaly": -0.013, "area_anomaly_3mo": 0.066, "precip_12mo_anomaly": -0.016, "pred_gen_anomaly": -0.082, "pred_gen_anomaly_lo": -0.635, "pred_gen_anomaly_hi": 0.458, "pred_gen_anomaly_3mo": -0.042, "has_generation_truth": true, "confidence": "unknown residence time", "match_method": "gww_polygon"}}, {"type": "Feature", "geometry": {"type": "Point", "coordinates": [34.75208333, -15.89506504]}, "properties": {"gww_id": 66837, "name": "Kapichira I", "reservoir": null, "country": "Malawi", "iso3": "MWI", "capacity_mw": 133.6, "latest_month": "2026-08", "area_km2": 0.7, "area_anomaly": -0.13, "area_anomaly_3mo": -0.121, "precip_12mo_anomaly": -0.004, "pred_gen_anomaly": -0.111, "pred_gen_anomaly_lo": -0.512, "pred_gen_anomaly_hi": 0.467, "pred_gen_anomaly_3mo": -0.091, "has_generation_truth": false, "confidence": "unknown residence time", "match_method": "gww_polygon"}}, {"type": "Feature", "geometry": {"type": "Point", "coordinates": [-50.20175, -21.11694444]}, "properties": {"gww_id": 90620, "name": "NOVA AVANHANDAVA", "reservoir": "Tres Irmaos Reservoir", "country": "BRA", "iso3": "BRA", "capacity_mw": 347.4, "latest_month": "2026-08", "area_km2": 631.16, "area_anomaly": 0.031, "area_anomaly_3mo": 0.027, "precip_12mo_anomaly": -0.061, "pred_gen_anomaly": -0.164, "pred_gen_anomaly_lo": -0.521, "pred_gen_anomaly_hi": 0.423, "pred_gen_anomaly_3mo": -0.142, "has_generation_truth": true, "confidence": "short residence time (weak area signal)", "match_method": "gww_polygon"}}, {"type": "Feature", "geometry": {"type": "Point", "coordinates": [83.347, 49.6588]}, "properties": {"gww_id": 92391, "name": "JSC Bukhtarminskaya", "reservoir": "Zaysan", "country": "Kazakhstan", "iso3": "KAZ", "capacity_mw": 675.0, "latest_month": "2026-08", "area_km2": 4023.65, "area_anomaly": 0.129, "area_anomaly_3mo": 0.161, "precip_12mo_anomaly": 0.216, "pred_gen_anomaly": 0.313, "pred_gen_anomaly_lo": -0.257, "pred_gen_anomaly_hi": 0.895, "pred_gen_anomaly_3mo": 0.284, "has_generation_truth": false, "confidence": "carry-over storage (validated class)", "match_method": "hydrolakes_pour"}}, {"type": "Feature", "geometry": {"type": "Point", "coordinates": [77.6821, 30.4354]}, "properties": {"gww_id": 63486, "name": "DHALIPUR", "reservoir": null, "country": "India", "iso3": "IND", "capacity_mw": 51.0, "latest_month": "2026-08", "area_km2": 0.67, "area_anomaly": 0.163, "area_anomaly_3mo": 0.115, "precip_12mo_anomaly": 0.171, "pred_gen_anomaly": 0.133, "pred_gen_anomaly_lo": -0.67, "pred_gen_anomaly_hi": 1.029, "pred_gen_anomaly_3mo": 0.079, "has_generation_truth": false, "confidence": "unknown residence time", "match_method": "gww_polygon"}}, {"type": "Feature", "geometry": {"type": "Point", "coordinates": [76.6045, 11.3646]}, "properties": {"gww_id": 79879, "name": "PARSEN_S VALLE", "reservoir": null, "country": "India", "iso3": "IND", "capacity_mw": 30.0, "latest_month": "2026-08", "area_km2": 1.55, "area_anomaly": -0.633, "area_anomaly_3mo": -0.459, "precip_12mo_anomaly": -0.056, "pred_gen_anomaly": -0.363, "pred_gen_anomaly_lo": -0.973, "pred_gen_anomaly_hi": 0.305, "pred_gen_anomaly_3mo": -0.374, "has_generation_truth": false, "confidence": "unknown residence time", "match_method": "gww_polygon"}}, {"type": "Feature", "geometry": {"type": "Point", "coordinates": [101.7842, 56.2861]}, "properties": {"gww_id": 92033, "name": "Bratsk HPP", "reservoir": "Ust-Ilimskoye Reservoir", "country": "Russia", "iso3": "RUS", "capacity_mw": 8340.0, "latest_month": "2026-08", "area_km2": 1782.92, "area_anomaly": 0.038, "area_anomaly_3mo": 0.013, "precip_12mo_anomaly": 0.186, "pred_gen_anomaly": 0.217, "pred_gen_anomaly_lo": -0.156, "pred_gen_anomaly_hi": 0.775, "pred_gen_anomaly_3mo": 0.217, "has_generation_truth": false, "confidence": "carry-over storage (validated class)", "match_method": "hydrolakes_pour"}}, {"type": "Feature", "geometry": {"type": "Point", "coordinates": [146.8457, -42.6112]}, "properties": {"gww_id": 82568, "name": "Meadowbank", "reservoir": null, "country": "Australia", "iso3": "AUS", "capacity_mw": 40.0, "latest_month": "2026-08", "area_km2": 5.37, "area_anomaly": -0.025, "area_anomaly_3mo": 0.065, "precip_12mo_anomaly": -0.035, "pred_gen_anomaly": -0.144, "pred_gen_anomaly_lo": -0.639, "pred_gen_anomaly_hi": 0.367, "pred_gen_anomaly_3mo": -0.134, "has_generation_truth": false, "confidence": "short residence time (weak area signal)", "match_method": "hydrolakes_pour"}}, {"type": "Feature", "geometry": {"type": "Point", "coordinates": [-7.7122, 42.628502]}, "properties": {"gww_id": 85612, "name": "BELESAR 1", "reservoir": null, "country": "Spain", "iso3": "ESP", "capacity_mw": 225.0, "latest_month": "2026-08", "area_km2": 9.6, "area_anomaly": -0.151, "area_anomaly_3mo": -0.045, "precip_12mo_anomaly": 0.153, "pred_gen_anomaly": -0.045, "pred_gen_anomaly_lo": -0.439, "pred_gen_anomaly_hi": 0.497, "pred_gen_anomaly_3mo": 0.005, "has_generation_truth": false, "confidence": "short residence time (weak area signal)", "match_method": "hydrolakes_pour"}}, {"type": "Feature", "geometry": {"type": "Point", "coordinates": [-118.5397, 46.5635]}, "properties": {"gww_id": 87519, "name": "Lower Monumental", "reservoir": "Lake Sacajawea", "country": "USA", "iso3": "USA", "capacity_mw": 1413.0, "latest_month": "2026-08", "area_km2": 32.86, "area_anomaly": 0.002, "area_anomaly_3mo": 0.014, "precip_12mo_anomaly": 0.046, "pred_gen_anomaly": -0.074, "pred_gen_anomaly_lo": -0.191, "pred_gen_anomaly_hi": 0.147, "pred_gen_anomaly_3mo": 0.004, "has_generation_truth": true, "confidence": "unknown residence time", "match_method": "gww_polygon"}}, {"type": "Feature", "geometry": {"type": "Point", "coordinates": [101.1480556, 37.59361111]}, "properties": {"gww_id": 82624, "name": "Qinghai Nazixia", "reservoir": null, "country": "China", "iso3": "CHN", "capacity_mw": 87.0, "latest_month": "2026-08", "area_km2": 7.56, "area_anomaly": 0.641, "area_anomaly_3mo": 0.626, "precip_12mo_anomaly": -0.007, "pred_gen_anomaly": 0.286, "pred_gen_anomaly_lo": -0.591, "pred_gen_anomaly_hi": 0.953, "pred_gen_anomaly_3mo": 0.496, "has_generation_truth": false, "confidence": "unknown residence time", "match_method": "gww_polygon"}}, {"type": "Feature", "geometry": {"type": "Point", "coordinates": [13.731379, 61.381645]}, "properties": {"gww_id": 87477, "name": "Tr\u00c3\u00a4ngslet Trangslet G1 - Tr\u00c3\u00a4ngslet Hydroelectric Power Plant Sweden", "reservoir": null, "country": "Sweden", "iso3": "SWE", "capacity_mw": 330.0, "latest_month": "2026-08", "area_km2": 30.03, "area_anomaly": -0.056, "area_anomaly_3mo": -0.05, "precip_12mo_anomaly": 0.071, "pred_gen_anomaly": -0.048, "pred_gen_anomaly_lo": -0.388, "pred_gen_anomaly_hi": 0.447, "pred_gen_anomaly_3mo": 0.062, "has_generation_truth": false, "confidence": "carry-over storage (validated class)", "match_method": "hydrolakes_pour"}}, {"type": "Feature", "geometry": {"type": "Point", "coordinates": [-48.87388889, -25.13944444]}, "properties": {"gww_id": 85602, "name": "GOV. PARIGOT DE SOUZA", "reservoir": null, "country": "BRA", "iso3": "BRA", "capacity_mw": 260.0, "latest_month": "2026-08", "area_km2": 11.73, "area_anomaly": 0.055, "area_anomaly_3mo": -0.008, "precip_12mo_anomaly": -0.055, "pred_gen_anomaly": -0.096, "pred_gen_anomaly_lo": -0.598, "pred_gen_anomaly_hi": 0.652, "pred_gen_anomaly_3mo": -0.212, "has_generation_truth": true, "confidence": "short residence time (weak area signal)", "match_method": "hydrolakes_pour"}}, {"type": "Feature", "geometry": {"type": "Point", "coordinates": [-106.4123, 48.0122]}, "properties": {"gww_id": 91605, "name": "Fort Peck", "reservoir": "Fort Peck", "country": "USA", "iso3": "USA", "capacity_mw": 185.3, "latest_month": "2026-08", "area_km2": 755.1, "area_anomaly": -0.013, "area_anomaly_3mo": -0.011, "precip_12mo_anomaly": 0.009, "pred_gen_anomaly": 0.021, "pred_gen_anomaly_lo": -0.226, "pred_gen_anomaly_hi": 0.285, "pred_gen_anomaly_3mo": 0.019, "has_generation_truth": true, "confidence": "carry-over storage (validated class)", "match_method": "gww_polygon"}}, {"type": "Feature", "geometry": {"type": "Point", "coordinates": [-76.759, 45.2499]}, "properties": {"gww_id": 87566, "name": "Barrett Chute", "reservoir": null, "country": "Canada", "iso3": "CAN", "capacity_mw": 346.0, "latest_month": "2026-08", "area_km2": 28.89, "area_anomaly": -0.007, "area_anomaly_3mo": 0.036, "precip_12mo_anomaly": 0.303, "pred_gen_anomaly": 0.368, "pred_gen_anomaly_lo": -0.089, "pred_gen_anomaly_hi": 0.701, "pred_gen_anomaly_3mo": 0.248, "has_generation_truth": false, "confidence": "short residence time (weak area signal)", "match_method": "hydrolakes_pour"}}, {"type": "Feature", "geometry": {"type": "Point", "coordinates": [-7.3742, 41.1605]}, "properties": {"gww_id": 82626, "name": "Valeira Valeira - G1 - Valeira Hydroelectric Power Plant Portugal", "reservoir": null, "country": "Portugal", "iso3": "PRT", "capacity_mw": 240.0, "latest_month": "2026-08", "area_km2": 5.29, "area_anomaly": 0.013, "area_anomaly_3mo": 0.01, "precip_12mo_anomaly": 0.165, "pred_gen_anomaly": -0.004, "pred_gen_anomaly_lo": -0.379, "pred_gen_anomaly_hi": 0.298, "pred_gen_anomaly_3mo": 0.001, "has_generation_truth": false, "confidence": "short residence time (weak area signal)", "match_method": "hydrolakes_pour"}}, {"type": "Feature", "geometry": {"type": "Point", "coordinates": [-45.03472222, -21.1425]}, "properties": {"gww_id": 85600, "name": "FUNIL (MG)", "reservoir": null, "country": "BRA", "iso3": "BRA", "capacity_mw": 180.0, "latest_month": "2026-08", "area_km2": 11.22, "area_anomaly": 0.066, "area_anomaly_3mo": 0.071, "precip_12mo_anomaly": -0.035, "pred_gen_anomaly": -0.057, "pred_gen_anomaly_lo": -0.519, "pred_gen_anomaly_hi": 0.448, "pred_gen_anomaly_3mo": -0.035, "has_generation_truth": true, "confidence": "short residence time (weak area signal)", "match_method": "hydrolakes_pour"}}, {"type": "Feature", "geometry": {"type": "Point", "coordinates": [121.4537, 16.8293]}, "properties": {"gww_id": 87568, "name": "MAGAT", "reservoir": null, "country": "Philippines", "iso3": "PHL", "capacity_mw": 360.0, "latest_month": "2026-08", "area_km2": 22.13, "area_anomaly": -0.109, "area_anomaly_3mo": -0.14, "precip_12mo_anomaly": 0.141, "pred_gen_anomaly": 0.059, "pred_gen_anomaly_lo": -0.547, "pred_gen_anomaly_hi": 0.57, "pred_gen_anomaly_3mo": -0.107, "has_generation_truth": false, "confidence": "short residence time (weak area signal)", "match_method": "hydrolakes_pour"}}, {"type": "Feature", "geometry": {"type": "Point", "coordinates": [102.22, 29.45]}, "properties": {"gww_id": 82680, "name": "Dagangshan", "reservoir": null, "country": "China", "iso3": "CHN", "capacity_mw": 2600.0, "latest_month": "2026-08", "area_km2": 7.73, "area_anomaly": 0.337, "area_anomaly_3mo": 0.239, "precip_12mo_anomaly": -0.04, "pred_gen_anomaly": 0.261, "pred_gen_anomaly_lo": -0.453, "pred_gen_anomaly_hi": 0.703, "pred_gen_anomaly_3mo": 0.247, "has_generation_truth": false, "confidence": "unknown residence time", "match_method": "gww_polygon"}}, {"type": "Feature", "geometry": {"type": "Point", "coordinates": [7.012965, 58.775692]}, "properties": {"gww_id": 85589, "name": "Solhom", "reservoir": null, "country": "Norway", "iso3": "NOR", "capacity_mw": 200.0, "latest_month": "2026-08", "area_km2": 8.22, "area_anomaly": -0.258, "area_anomaly_3mo": 0.059, "precip_12mo_anomaly": 0.032, "pred_gen_anomaly": 0.011, "pred_gen_anomaly_lo": -0.417, "pred_gen_anomaly_hi": 0.447, "pred_gen_anomaly_3mo": 0.095, "has_generation_truth": false, "confidence": "carry-over storage (validated class)", "match_method": "hydrolakes_pour"}}, {"type": "Feature", "geometry": {"type": "Point", "coordinates": [77.7036, 16.3328]}, "properties": {"gww_id": 87551, "name": "PRIYADARSHNI JURALA", "reservoir": null, "country": "India", "iso3": "IND", "capacity_mw": 234.0, "latest_month": "2026-08", "area_km2": 45.73, "area_anomaly": 0.051, "area_anomaly_3mo": 0.055, "precip_12mo_anomaly": -0.03, "pred_gen_anomaly": -0.057, "pred_gen_anomaly_lo": -0.566, "pred_gen_anomaly_hi": 0.489, "pred_gen_anomaly_3mo": -0.043, "has_generation_truth": false, "confidence": "short residence time (weak area signal)", "match_method": "hydrolakes_pour"}}, {"type": "Feature", "geometry": {"type": "Point", "coordinates": [-54.5687, -25.8766]}, "properties": {"gww_id": 87596, "name": "URUGUA-I", "reservoir": null, "country": "Argentina", "iso3": "ARG", "capacity_mw": 120.0, "latest_month": "2026-08", "area_km2": 36.1, "area_anomaly": -0.001, "area_anomaly_3mo": -0.027, "precip_12mo_anomaly": 0.086, "pred_gen_anomaly": 0.078, "pred_gen_anomaly_lo": -0.562, "pred_gen_anomaly_hi": 0.885, "pred_gen_anomaly_3mo": -0.041, "has_generation_truth": false, "confidence": "carry-over storage (validated class)", "match_method": "hydrolakes_pour"}}, {"type": "Feature", "geometry": {"type": "Point", "coordinates": [100.1605, 35.3195]}, "properties": {"gww_id": 79930, "name": "Qinghai Province Xinghai County Moduo", "reservoir": null, "country": "China", "iso3": "CHN", "capacity_mw": 48.0, "latest_month": "2026-08", "area_km2": 4.35, "area_anomaly": 0.266, "area_anomaly_3mo": 0.21, "precip_12mo_anomaly": -0.041, "pred_gen_anomaly": -0.137, "pred_gen_anomaly_lo": -0.504, "pred_gen_anomaly_hi": 0.448, "pred_gen_anomaly_3mo": 0.03, "has_generation_truth": false, "confidence": "unknown residence time", "match_method": "gww_polygon"}}, {"type": "Feature", "geometry": {"type": "Point", "coordinates": [76.52305556, 11.22916667]}, "properties": {"gww_id": 80053, "name": "KUNDAH V/Avalanchi", "reservoir": null, "country": "India", "iso3": "IND", "capacity_mw": 40.0, "latest_month": "2026-08", "area_km2": 3.52, "area_anomaly": 0.146, "area_anomaly_3mo": 0.352, "precip_12mo_anomaly": -0.056, "pred_gen_anomaly": 0.416, "pred_gen_anomaly_lo": -0.588, "pred_gen_anomaly_hi": 1.573, "pred_gen_anomaly_3mo": 0.36, "has_generation_truth": false, "confidence": "short residence time (weak area signal)", "match_method": "hydrolakes_pour"}}, {"type": "Feature", "geometry": {"type": "Point", "coordinates": [111.2369, 29.6628]}, "properties": {"gww_id": 87299, "name": "Hunan Zaoshi", "reservoir": "\u7682\u5e02\u6c34\u5e93", "country": "China", "iso3": "CHN", "capacity_mw": 120.0, "latest_month": "2026-08", "area_km2": 32.97, "area_anomaly": 0.203, "area_anomaly_3mo": 0.004, "precip_12mo_anomaly": 0.151, "pred_gen_anomaly": 0.01, "pred_gen_anomaly_lo": -0.505, "pred_gen_anomaly_hi": 0.611, "pred_gen_anomaly_3mo": 0.11, "has_generation_truth": false, "confidence": "unknown residence time", "match_method": "gww_polygon"}}, {"type": "Feature", "geometry": {"type": "Point", "coordinates": [71.3582, 34.1642]}, "properties": {"gww_id": 82393, "name": "Warsak", "reservoir": null, "country": "Pakistan", "iso3": "PAK", "capacity_mw": 243.0, "latest_month": "2026-08", "area_km2": 7.82, "area_anomaly": 0.029, "area_anomaly_3mo": 0.028, "precip_12mo_anomaly": 0.038, "pred_gen_anomaly": -0.021, "pred_gen_anomaly_lo": -0.325, "pred_gen_anomaly_hi": 0.463, "pred_gen_anomaly_3mo": 0.106, "has_generation_truth": false, "confidence": "short residence time (weak area signal)", "match_method": "hydrolakes_pour"}}, {"type": "Feature", "geometry": {"type": "Point", "coordinates": [127.6699, 37.9672]}, "properties": {"gww_id": 85776, "name": "Chan Cheon", "reservoir": null, "country": "South Korea", "iso3": "KOR", "capacity_mw": 62.0, "latest_month": "2026-08", "area_km2": 11.7, "area_anomaly": -0.049, "area_anomaly_3mo": -0.026, "precip_12mo_anomaly": 0.161, "pred_gen_anomaly": -0.097, "pred_gen_anomaly_lo": -0.41, "pred_gen_anomaly_hi": 0.301, "pred_gen_anomaly_3mo": 0.018, "has_generation_truth": false, "confidence": "short residence time (weak area signal)", "match_method": "hydrolakes_pour"}}, {"type": "Feature", "geometry": {"type": "Point", "coordinates": [117.1125, 26.0279]}, "properties": {"gww_id": 87302, "name": "Ansha Dam", "reservoir": null, "country": "China", "iso3": "CHN", "capacity_mw": 115.0, "latest_month": "2026-08", "area_km2": 23.4, "area_anomaly": 0.079, "area_anomaly_3mo": 0.069, "precip_12mo_anomaly": -0.066, "pred_gen_anomaly": 0.008, "pred_gen_anomaly_lo": -0.63, "pred_gen_anomaly_hi": 0.776, "pred_gen_anomaly_3mo": -0.118, "has_generation_truth": false, "confidence": "short residence time (weak area signal)", "match_method": "hydrolakes_pour"}}, {"type": "Feature", "geometry": {"type": "Point", "coordinates": [-5.840771406, 34.94256193]}, "properties": {"gww_id": 87333, "name": "Oued El-Makhazine", "reservoir": null, "country": "Morocco", "iso3": "MAR", "capacity_mw": 36.0, "latest_month": "2026-08", "area_km2": 31.7, "area_anomaly": 0.052, "area_anomaly_3mo": 0.046, "precip_12mo_anomaly": 0.661, "pred_gen_anomaly": 0.204, "pred_gen_anomaly_lo": -0.394, "pred_gen_anomaly_hi": 0.836, "pred_gen_anomaly_3mo": 0.326, "has_generation_truth": false, "confidence": "carry-over storage (validated class)", "match_method": "hydrolakes_pour"}}, {"type": "Feature", "geometry": {"type": "Point", "coordinates": [72.1604, 41.1877]}, "properties": {"gww_id": 80224, "name": "Uch-Kurgan Hydroelectric Power Plant Kyrgyzstan", "reservoir": null, "country": "Kyrgyzstan", "iso3": "KGZ", "capacity_mw": 180.0, "latest_month": "2026-08", "area_km2": 2.91, "area_anomaly": -0.041, "area_anomaly_3mo": -0.035, "precip_12mo_anomaly": -0.094, "pred_gen_anomaly": -0.072, "pred_gen_anomaly_lo": -0.37, "pred_gen_anomaly_hi": 0.248, "pred_gen_anomaly_3mo": -0.042, "has_generation_truth": false, "confidence": "short residence time (weak area signal)", "match_method": "hydrolakes_pour"}}, {"type": "Feature", "geometry": {"type": "Point", "coordinates": [-122.43678, 41.932981]}, "properties": {"gww_id": 80156, "name": "Iron Gate", "reservoir": null, "country": "USA", "iso3": "USA", "capacity_mw": 18.0, "latest_month": "2026-08", "area_km2": 0.26, "area_anomaly": -0.884, "area_anomaly_3mo": -0.875, "precip_12mo_anomaly": -0.151, "pred_gen_anomaly": -0.641, "pred_gen_anomaly_lo": -0.857, "pred_gen_anomaly_hi": -0.265, "pred_gen_anomaly_3mo": -0.643, "has_generation_truth": true, "confidence": "short residence time (weak area signal)", "match_method": "hydrolakes_pour"}}, {"type": "Feature", "geometry": {"type": "Point", "coordinates": [107.9243, 12.5305]}, "properties": {"gww_id": 82565, "name": "Buon Kuop", "reservoir": "Buon Kuop", "country": "Vietnam", "iso3": "VNM", "capacity_mw": 280.0, "latest_month": "2026-08", "area_km2": 5.2, "area_anomaly": 0.075, "area_anomaly_3mo": 0.055, "precip_12mo_anomaly": 0.031, "pred_gen_anomaly": 0.067, "pred_gen_anomaly_lo": -0.393, "pred_gen_anomaly_hi": 0.587, "pred_gen_anomaly_3mo": 0.035, "has_generation_truth": false, "confidence": "unknown residence time", "match_method": "gww_polygon"}}, {"type": "Feature", "geometry": {"type": "Point", "coordinates": [-71.4713, -38.0452]}, "properties": {"gww_id": 87370, "name": "PALMUCHO", "reservoir": "Lago Ralco", "country": "Chile", "iso3": "CHL", "capacity_mw": 32.0, "latest_month": "2026-08", "area_km2": 32.44, "area_anomaly": 0.247, "area_anomaly_3mo": 0.184, "precip_12mo_anomaly": 0.168, "pred_gen_anomaly": 0.296, "pred_gen_anomaly_lo": -0.382, "pred_gen_anomaly_hi": 1.107, "pred_gen_anomaly_3mo": 0.107, "has_generation_truth": false, "confidence": "unknown residence time", "match_method": "gww_polygon"}}, {"type": "Feature", "geometry": {"type": "Point", "coordinates": [107.8551, 12.8072]}, "properties": {"gww_id": 80131, "name": "SrePok 4", "reservoir": null, "country": "Vietnam", "iso3": "VNM", "capacity_mw": 80.0, "latest_month": "2026-08", "area_km2": 3.24, "area_anomaly": 0.182, "area_anomaly_3mo": 0.131, "precip_12mo_anomaly": 0.031, "pred_gen_anomaly": 0.1, "pred_gen_anomaly_lo": -0.525, "pred_gen_anomaly_hi": 0.865, "pred_gen_anomaly_3mo": 0.143, "has_generation_truth": false, "confidence": "unknown residence time", "match_method": "gww_polygon"}}, {"type": "Feature", "geometry": {"type": "Point", "coordinates": [-5.18625, 39.145417]}, "properties": {"gww_id": 87378, "name": "Garc\u00c3\u00ada de Sola/PUERTO PENA", "reservoir": "Garcia de Sola", "country": "Spain", "iso3": "ESP", "capacity_mw": 56.0, "latest_month": "2026-08", "area_km2": 23.12, "area_anomaly": 0.002, "area_anomaly_3mo": 0.035, "precip_12mo_anomaly": 0.234, "pred_gen_anomaly": 0.05, "pred_gen_anomaly_lo": -0.412, "pred_gen_anomaly_hi": 0.683, "pred_gen_anomaly_3mo": 0.15, "has_generation_truth": false, "confidence": "carry-over storage (validated class)", "match_method": "hydrolakes_pour"}}, {"type": "Feature", "geometry": {"type": "Point", "coordinates": [106.64, 23.95]}, "properties": {"gww_id": 87413, "name": "Chengbihe", "reservoir": null, "country": "China", "iso3": "CHN", "capacity_mw": 30.0, "latest_month": "2026-08", "area_km2": 32.97, "area_anomaly": 0.028, "area_anomaly_3mo": -0.025, "precip_12mo_anomaly": 0.27, "pred_gen_anomaly": 0.247, "pred_gen_anomaly_lo": -0.637, "pred_gen_anomaly_hi": 1.254, "pred_gen_anomaly_3mo": 0.186, "has_generation_truth": false, "confidence": "carry-over storage (validated class)", "match_method": "hydrolakes_pour"}}, {"type": "Feature", "geometry": {"type": "Point", "coordinates": [37.9094175, -0.6405824964]}, "properties": {"gww_id": 85747, "name": "Kiambere", "reservoir": null, "country": "Kenya", "iso3": "KEN", "capacity_mw": 168.0, "latest_month": "2026-08", "area_km2": 16.42, "area_anomaly": 0.006, "area_anomaly_3mo": 0.082, "precip_12mo_anomaly": 0.164, "pred_gen_anomaly": 0.056, "pred_gen_anomaly_lo": -0.489, "pred_gen_anomaly_hi": 0.702, "pred_gen_anomaly_3mo": 0.176, "has_generation_truth": false, "confidence": "short residence time (weak area signal)", "match_method": "hydrolakes_pour"}}, {"type": "Feature", "geometry": {"type": "Point", "coordinates": [82.9864, 54.8503]}, "properties": {"gww_id": 91619, "name": "Novosibirskaya HPP", "reservoir": "Novosibirskoye", "country": "Russia", "iso3": "RUS", "capacity_mw": 480.0, "latest_month": "2026-08", "area_km2": 1013.42, "area_anomaly": -0.001, "area_anomaly_3mo": 0.01, "precip_12mo_anomaly": 0.058, "pred_gen_anomaly": 0.079, "pred_gen_anomaly_lo": -0.293, "pred_gen_anomaly_hi": 0.587, "pred_gen_anomaly_3mo": 0.059, "has_generation_truth": false, "confidence": "short residence time (weak area signal)", "match_method": "gww_polygon"}}, {"type": "Feature", "geometry": {"type": "Point", "coordinates": [169.9774, -45.8816]}, "properties": {"gww_id": 85726, "name": "Waipori", "reservoir": null, "country": "New Zealand", "iso3": "NZL", "capacity_mw": 83.0, "latest_month": "2026-08", "area_km2": 16.75, "area_anomaly": 0.103, "area_anomaly_3mo": 0.075, "precip_12mo_anomaly": 0.012, "pred_gen_anomaly": 0.151, "pred_gen_anomaly_lo": -0.357, "pred_gen_anomaly_hi": 0.73, "pred_gen_anomaly_3mo": 0.064, "has_generation_truth": false, "confidence": "carry-over storage (validated class)", "match_method": "hydrolakes_pour"}}, {"type": "Feature", "geometry": {"type": "Point", "coordinates": [-8.3188, 39.5429]}, "properties": {"gww_id": 87432, "name": "Castelo bode Castelo Bode - G1 - Castelo do Bode Hydroelectric Power Plant Portugal", "reservoir": null, "country": "Portugal", "iso3": "PRT", "capacity_mw": 159.0, "latest_month": "2026-08", "area_km2": 29.21, "area_anomaly": 0.09, "area_anomaly_3mo": 0.058, "precip_12mo_anomaly": 0.183, "pred_gen_anomaly": 0.062, "pred_gen_anomaly_lo": -0.446, "pred_gen_anomaly_hi": 0.575, "pred_gen_anomaly_3mo": 0.066, "has_generation_truth": false, "confidence": "carry-over storage (validated class)", "match_method": "hydrolakes_pour"}}, {"type": "Feature", "geometry": {"type": "Point", "coordinates": [-53.0475, -27.13972222]}, "properties": {"gww_id": 87372, "name": "FOZ DO CHAPEC\u00d3", "reservoir": "Represa Foz do Chapec\u00f3", "country": "BRA", "iso3": "BRA", "capacity_mw": 855.2, "latest_month": "2026-08", "area_km2": 27.92, "area_anomaly": 0.1, "area_anomaly_3mo": 0.133, "precip_12mo_anomaly": 0.047, "pred_gen_anomaly": 0.218, "pred_gen_anomaly_lo": -0.271, "pred_gen_anomaly_hi": 0.805, "pred_gen_anomaly_3mo": 0.119, "has_generation_truth": true, "confidence": "unknown residence time", "match_method": "gww_polygon"}}, {"type": "Feature", "geometry": {"type": "Point", "coordinates": [-6.56083333, 42.57777778]}, "properties": {"gww_id": 82701, "name": "BARCENA GR 1", "reservoir": null, "country": "Spain", "iso3": "ESP", "capacity_mw": 61.2, "latest_month": "2026-08", "area_km2": 7.81, "area_anomaly": 0.075, "area_anomaly_3mo": 0.07, "precip_12mo_anomaly": 0.155, "pred_gen_anomaly": 0.11, "pred_gen_anomaly_lo": -0.39, "pred_gen_anomaly_hi": 0.57, "pred_gen_anomaly_3mo": 0.106, "has_generation_truth": false, "confidence": "short residence time (weak area signal)", "match_method": "hydrolakes_pour"}}, {"type": "Feature", "geometry": {"type": "Point", "coordinates": [26.1075, 41.5839]}, "properties": {"gww_id": 85538, "name": "IVAILOVGRAD", "reservoir": null, "country": "Bulgaria", "iso3": "BGR", "capacity_mw": 114.0, "latest_month": "2026-08", "area_km2": 13.19, "area_anomaly": 0.049, "area_anomaly_3mo": 0.049, "precip_12mo_anomaly": 0.342, "pred_gen_anomaly": 0.194, "pred_gen_anomaly_lo": -0.287, "pred_gen_anomaly_hi": 0.469, "pred_gen_anomaly_3mo": 0.391, "has_generation_truth": false, "confidence": "short residence time (weak area signal)", "match_method": "hydrolakes_pour"}}, {"type": "Feature", "geometry": {"type": "Point", "coordinates": [-6.832, 42.417]}, "properties": {"gww_id": 63582, "name": "QUERENO GR, 1", "reservoir": null, "country": "Spain", "iso3": "ESP", "capacity_mw": 34.0, "latest_month": "2026-08", "area_km2": 0.59, "area_anomaly": 0.047, "area_anomaly_3mo": 0.04, "precip_12mo_anomaly": 0.155, "pred_gen_anomaly": -0.106, "pred_gen_anomaly_lo": -0.665, "pred_gen_anomaly_hi": 0.483, "pred_gen_anomaly_3mo": -0.116, "has_generation_truth": false, "confidence": "unknown residence time", "match_method": "gww_polygon"}}, {"type": "Feature", "geometry": {"type": "Point", "coordinates": [-123.605225, 47.385072]}, "properties": {"gww_id": 79031, "name": "Wynoochee", "reservoir": null, "country": "USA", "iso3": "USA", "capacity_mw": 12.8, "latest_month": "2026-08", "area_km2": 2.85, "area_anomaly": -0.185, "area_anomaly_3mo": -0.085, "precip_12mo_anomaly": -0.144, "pred_gen_anomaly": -0.285, "pred_gen_anomaly_lo": -0.717, "pred_gen_anomaly_hi": 0.137, "pred_gen_anomaly_3mo": -0.256, "has_generation_truth": true, "confidence": "short residence time (weak area signal)", "match_method": "hydrolakes_pour"}}, {"type": "Feature", "geometry": {"type": "Point", "coordinates": [-4.749091788, 34.16159179]}, "properties": {"gww_id": 87779, "name": "Idress I", "reservoir": null, "country": "Morocco", "iso3": "MAR", "capacity_mw": 41.0, "latest_month": "2026-08", "area_km2": 48.58, "area_anomaly": 0.152, "area_anomaly_3mo": 0.18, "precip_12mo_anomaly": 0.41, "pred_gen_anomaly": 0.2, "pred_gen_anomaly_lo": -0.406, "pred_gen_anomaly_hi": 1.025, "pred_gen_anomaly_3mo": 0.256, "has_generation_truth": false, "confidence": "carry-over storage (validated class)", "match_method": "hydrolakes_pour"}}, {"type": "Feature", "geometry": {"type": "Point", "coordinates": [37.74944561, -0.7952789458]}, "properties": {"gww_id": 79030, "name": "Gitaru", "reservoir": null, "country": "Kenya", "iso3": "KEN", "capacity_mw": 225.0, "latest_month": "2026-08", "area_km2": 2.72, "area_anomaly": -0.026, "area_anomaly_3mo": -0.005, "precip_12mo_anomaly": 0.164, "pred_gen_anomaly": 0.016, "pred_gen_anomaly_lo": -0.421, "pred_gen_anomaly_hi": 0.676, "pred_gen_anomaly_3mo": 0.17, "has_generation_truth": false, "confidence": "short residence time (weak area signal)", "match_method": "hydrolakes_pour"}}, {"type": "Feature", "geometry": {"type": "Point", "coordinates": [42.0309, 42.7584]}, "properties": {"gww_id": 82835, "name": "Inguri (Enguri) Dam Hydroelectric Power Station Georgia", "reservoir": null, "country": "Georgia", "iso3": "GEO", "capacity_mw": 1300.0, "latest_month": "2026-08", "area_km2": 8.91, "area_anomaly": 0.04, "area_anomaly_3mo": -0.062, "precip_12mo_anomaly": 0.112, "pred_gen_anomaly": 0.105, "pred_gen_anomaly_lo": -0.198, "pred_gen_anomaly_hi": 0.457, "pred_gen_anomaly_3mo": 0.102, "has_generation_truth": false, "confidence": "short residence time (weak area signal)", "match_method": "hydrolakes_pour"}}, {"type": "Feature", "geometry": {"type": "Point", "coordinates": [-122.554444, 45.9567]}, "properties": {"gww_id": 85427, "name": "Merwin", "reservoir": null, "country": "USA", "iso3": "USA", "capacity_mw": 136.0, "latest_month": "2026-08", "area_km2": 15.17, "area_anomaly": 0.001, "area_anomaly_3mo": 0.002, "precip_12mo_anomaly": -0.081, "pred_gen_anomaly": -0.076, "pred_gen_anomaly_lo": -0.423, "pred_gen_anomaly_hi": 0.258, "pred_gen_anomaly_3mo": -0.08, "has_generation_truth": true, "confidence": "carry-over storage (validated class)", "match_method": "hydrolakes_pour"}}, {"type": "Feature", "geometry": {"type": "Point", "coordinates": [119.54, 28.21]}, "properties": {"gww_id": 87797, "name": "Jinshuitan", "reservoir": null, "country": "China", "iso3": "CHN", "capacity_mw": 300.0, "latest_month": "2026-08", "area_km2": 27.83, "area_anomaly": -0.049, "area_anomaly_3mo": -0.03, "precip_12mo_anomaly": -0.053, "pred_gen_anomaly": -0.191, "pred_gen_anomaly_lo": -0.623, "pred_gen_anomaly_hi": 0.584, "pred_gen_anomaly_3mo": -0.331, "has_generation_truth": false, "confidence": "carry-over storage (validated class)", "match_method": "hydrolakes_pour"}}, {"type": "Feature", "geometry": {"type": "Point", "coordinates": [105.99, 37.88]}, "properties": {"gww_id": 87806, "name": "Qingtongxia", "reservoir": null, "country": "China", "iso3": "CHN", "capacity_mw": 272.0, "latest_month": "2026-08", "area_km2": 12.07, "area_anomaly": -0.148, "area_anomaly_3mo": -0.125, "precip_12mo_anomaly": 0.049, "pred_gen_anomaly": -0.071, "pred_gen_anomaly_lo": -0.406, "pred_gen_anomaly_hi": 0.322, "pred_gen_anomaly_3mo": -0.022, "has_generation_truth": false, "confidence": "short residence time (weak area signal)", "match_method": "hydrolakes_pour"}}, {"type": "Feature", "geometry": {"type": "Point", "coordinates": [17.145008, 63.821222]}, "properties": {"gww_id": 79086, "name": "Hallby Gulsele", "reservoir": null, "country": "Sweden", "iso3": "SWE", "capacity_mw": 68.0, "latest_month": "2026-08", "area_km2": 3.12, "area_anomaly": -0.023, "area_anomaly_3mo": -0.02, "precip_12mo_anomaly": 0.079, "pred_gen_anomaly": 0.079, "pred_gen_anomaly_lo": -0.23, "pred_gen_anomaly_hi": 0.383, "pred_gen_anomaly_3mo": 0.087, "has_generation_truth": false, "confidence": "short residence time (weak area signal)", "match_method": "hydrolakes_pour"}}, {"type": "Feature", "geometry": {"type": "Point", "coordinates": [0.7463, 42.3161]}, "properties": {"gww_id": 78985, "name": "ESCALES 1", "reservoir": null, "country": "Spain", "iso3": "ESP", "capacity_mw": 35.8, "latest_month": "2026-08", "area_km2": 3.17, "area_anomaly": 0.067, "area_anomaly_3mo": 0.05, "precip_12mo_anomaly": 0.103, "pred_gen_anomaly": -0.014, "pred_gen_anomaly_lo": -0.469, "pred_gen_anomaly_hi": 0.489, "pred_gen_anomaly_3mo": 0.028, "has_generation_truth": false, "confidence": "short residence time (weak area signal)", "match_method": "hydrolakes_pour"}}, {"type": "Feature", "geometry": {"type": "Point", "coordinates": [108.98, 19.02]}, "properties": {"gww_id": 87818, "name": "Daguangba", "reservoir": null, "country": "China", "iso3": "CHN", "capacity_mw": 240.0, "latest_month": "2026-08", "area_km2": 46.16, "area_anomaly": 0.072, "area_anomaly_3mo": -0.02, "precip_12mo_anomaly": -0.039, "pred_gen_anomaly": -0.143, "pred_gen_anomaly_lo": -0.63, "pred_gen_anomaly_hi": 0.53, "pred_gen_anomaly_3mo": -0.124, "has_generation_truth": false, "confidence": "carry-over storage (validated class)", "match_method": "hydrolakes_pour"}}, {"type": "Feature", "geometry": {"type": "Point", "coordinates": [108.9039, 13.0226]}, "properties": {"gww_id": 87821, "name": "Song Ba Ha", "reservoir": null, "country": "Vietnam", "iso3": "VNM", "capacity_mw": 220.0, "latest_month": "2026-08", "area_km2": 34.8, "area_anomaly": 0.092, "area_anomaly_3mo": 0.094, "precip_12mo_anomaly": 0.017, "pred_gen_anomaly": 0.099, "pred_gen_anomaly_lo": -0.347, "pred_gen_anomaly_hi": 0.642, "pred_gen_anomaly_3mo": 0.102, "has_generation_truth": false, "confidence": "unknown residence time", "match_method": "gww_polygon"}}, {"type": "Feature", "geometry": {"type": "Point", "coordinates": [-4.677476537, 33.93125]}, "properties": {"gww_id": 78952, "name": "Allal El-Fassi", "reservoir": null, "country": "Morocco", "iso3": "MAR", "capacity_mw": 240.0, "latest_month": "2026-08", "area_km2": 2.45, "area_anomaly": -0.103, "area_anomaly_3mo": -0.091, "precip_12mo_anomaly": 0.077, "pred_gen_anomaly": -0.127, "pred_gen_anomaly_lo": -0.473, "pred_gen_anomaly_hi": 0.251, "pred_gen_anomaly_3mo": -0.139, "has_generation_truth": false, "confidence": "short residence time (weak area signal)", "match_method": "hydrolakes_pour"}}, {"type": "Feature", "geometry": {"type": "Point", "coordinates": [126.857, 34.9191]}, "properties": {"gww_id": 82870, "name": "Somjingang (Chilbo)", "reservoir": null, "country": "South Korea", "iso3": "KOR", "capacity_mw": 34.0, "latest_month": "2026-08", "area_km2": 5.58, "area_anomaly": 0.023, "area_anomaly_3mo": 0.079, "precip_12mo_anomaly": 0.257, "pred_gen_anomaly": 0.083, "pred_gen_anomaly_lo": -0.467, "pred_gen_anomaly_hi": 0.658, "pred_gen_anomaly_3mo": 0.068, "has_generation_truth": false, "confidence": "unknown residence time", "match_method": "gww_polygon"}}, {"type": "Feature", "geometry": {"type": "Point", "coordinates": [-121.781858, 47.4193]}, "properties": {"gww_id": 82882, "name": "Cedar Falls (WA)", "reservoir": null, "country": "USA", "iso3": "USA", "capacity_mw": 30.0, "latest_month": "2026-08", "area_km2": 7.21, "area_anomaly": 0.006, "area_anomaly_3mo": 0.023, "precip_12mo_anomaly": -0.07, "pred_gen_anomaly": -0.041, "pred_gen_anomaly_lo": -0.561, "pred_gen_anomaly_hi": 0.319, "pred_gen_anomaly_3mo": -0.043, "has_generation_truth": true, "confidence": "short residence time (weak area signal)", "match_method": "hydrolakes_pour"}}, {"type": "Feature", "geometry": {"type": "Point", "coordinates": [113.77, 23.75]}, "properties": {"gww_id": 85377, "name": "Liuxihe", "reservoir": null, "country": "China", "iso3": "CHN", "capacity_mw": 48.0, "latest_month": "2026-08", "area_km2": 11.33, "area_anomaly": 0.03, "area_anomaly_3mo": -0.005, "precip_12mo_anomaly": 0.084, "pred_gen_anomaly": 0.21, "pred_gen_anomaly_lo": -0.678, "pred_gen_anomaly_hi": 1.271, "pred_gen_anomaly_3mo": -0.007, "has_generation_truth": false, "confidence": "carry-over storage (validated class)", "match_method": "hydrolakes_pour"}}, {"type": "Feature", "geometry": {"type": "Point", "coordinates": [-58.73111111, -15.24083333]}, "properties": {"gww_id": 78924, "name": "JAURU", "reservoir": "Vertedouro UHE Jauru", "country": "BRA", "iso3": "BRA", "capacity_mw": 117.9, "latest_month": "2026-08", "area_km2": 2.25, "area_anomaly": 0.033, "area_anomaly_3mo": 0.031, "precip_12mo_anomaly": 0.011, "pred_gen_anomaly": -0.064, "pred_gen_anomaly_lo": -0.471, "pred_gen_anomaly_hi": 0.522, "pred_gen_anomaly_3mo": -0.039, "has_generation_truth": true, "confidence": "unknown residence time", "match_method": "gww_polygon"}}, {"type": "Feature", "geometry": {"type": "Point", "coordinates": [36.27444444, 37.27055556]}, "properties": {"gww_id": 87813, "name": "Aslanta? Dam", "reservoir": null, "country": "Turkey", "iso3": "TUR", "capacity_mw": 138.0, "latest_month": "2026-08", "area_km2": 50.35, "area_anomaly": 0.171, "area_anomaly_3mo": 0.161, "precip_12mo_anomaly": 0.836, "pred_gen_anomaly": 0.655, "pred_gen_anomaly_lo": -0.138, "pred_gen_anomaly_hi": 1.356, "pred_gen_anomaly_3mo": 0.99, "has_generation_truth": false, "confidence": "short residence time (weak area signal)", "match_method": "hydrolakes_pour"}}, {"type": "Feature", "geometry": {"type": "Point", "coordinates": [105.25, 25.96]}, "properties": {"gww_id": 87753, "name": "Guangzhoao Dam", "reservoir": "\u5149\u7167\u6c34\u5e93", "country": "China", "iso3": "CHN", "capacity_mw": 1040.0, "latest_month": "2026-08", "area_km2": 41.62, "area_anomaly": 0.19, "area_anomaly_3mo": 0.09, "precip_12mo_anomaly": 0.279, "pred_gen_anomaly": 0.214, "pred_gen_anomaly_lo": -0.285, "pred_gen_anomaly_hi": 0.87, "pred_gen_anomaly_3mo": 0.17, "has_generation_truth": false, "confidence": "unknown residence time", "match_method": "gww_polygon"}}, {"type": "Feature", "geometry": {"type": "Point", "coordinates": [54.0839, 56.7919]}, "properties": {"gww_id": 90691, "name": "Votkinskaya HPP", "reservoir": "Votkinsk Reservoir", "country": "Russia", "iso3": "RUS", "capacity_mw": 1020.0, "latest_month": "2026-08", "area_km2": 798.95, "area_anomaly": -0.025, "area_anomaly_3mo": 0.008, "precip_12mo_anomaly": -0.004, "pred_gen_anomaly": 0.046, "pred_gen_anomaly_lo": -0.321, "pred_gen_anomaly_hi": 0.575, "pred_gen_anomaly_3mo": 0.011, "has_generation_truth": false, "confidence": "short residence time (weak area signal)", "match_method": "hydrolakes_pour"}}, {"type": "Feature", "geometry": {"type": "Point", "coordinates": [-7.943, 41.924]}, "properties": {"gww_id": 79154, "name": "SALAS", "reservoir": null, "country": "Spain", "iso3": "ESP", "capacity_mw": 53.0, "latest_month": "2026-08", "area_km2": 2.79, "area_anomaly": -0.08, "area_anomaly_3mo": 0.043, "precip_12mo_anomaly": 0.177, "pred_gen_anomaly": 0.116, "pred_gen_anomaly_lo": -0.534, "pred_gen_anomaly_hi": 0.716, "pred_gen_anomaly_3mo": 0.227, "has_generation_truth": false, "confidence": "short residence time (weak area signal)", "match_method": "hydrolakes_pour"}}, {"type": "Feature", "geometry": {"type": "Point", "coordinates": [111.2695, 30.7397]}, "properties": {"gww_id": 87646, "name": "Gezhouba", "reservoir": "Three Gorges Reservoir", "country": "China", "iso3": "CHN", "capacity_mw": 3190.0, "latest_month": "2026-08", "area_km2": 30.03, "area_anomaly": 0.058, "area_anomaly_3mo": 0.018, "precip_12mo_anomaly": 0.113, "pred_gen_anomaly": -0.012, "pred_gen_anomaly_lo": -0.26, "pred_gen_anomaly_hi": 0.236, "pred_gen_anomaly_3mo": 0.033, "has_generation_truth": false, "confidence": "short residence time (weak area signal)", "match_method": "gww_polygon"}}, {"type": "Feature", "geometry": {"type": "Point", "coordinates": [25.3381, 41.6334]}, "properties": {"gww_id": 85532, "name": "KARDZHALI", "reservoir": null, "country": "Bulgaria", "iso3": "BGR", "capacity_mw": 110.0, "latest_month": "2026-08", "area_km2": 14.28, "area_anomaly": 0.067, "area_anomaly_3mo": 0.059, "precip_12mo_anomaly": 0.342, "pred_gen_anomaly": 0.241, "pred_gen_anomaly_lo": -0.347, "pred_gen_anomaly_hi": 0.695, "pred_gen_anomaly_3mo": 0.396, "has_generation_truth": false, "confidence": "carry-over storage (validated class)", "match_method": "hydrolakes_pour"}}, {"type": "Feature", "geometry": {"type": "Point", "coordinates": [32.06041667, 18.66982617]}, "properties": {"gww_id": 91539, "name": "Merowe", "reservoir": "Us Island", "country": "Sudan", "iso3": "SDN", "capacity_mw": 1250.0, "latest_month": "2026-08", "area_km2": 641.51, "area_anomaly": 0.387, "area_anomaly_3mo": 0.347, "precip_12mo_anomaly": 0.042, "pred_gen_anomaly": 0.066, "pred_gen_anomaly_lo": -0.307, "pred_gen_anomaly_hi": 0.789, "pred_gen_anomaly_3mo": 0.083, "has_generation_truth": false, "confidence": "unknown residence time", "match_method": "gww_polygon"}}, {"type": "Feature", "geometry": {"type": "Point", "coordinates": [-46.62333333, -21.57777778]}, "properties": {"gww_id": 87677, "name": "CACONDE", "reservoir": null, "country": "BRA", "iso3": "BRA", "capacity_mw": 80.4, "latest_month": "2026-08", "area_km2": 25.16, "area_anomaly": 0.144, "area_anomaly_3mo": 0.131, "precip_12mo_anomaly": -0.06, "pred_gen_anomaly": 0.022, "pred_gen_anomaly_lo": -0.614, "pred_gen_anomaly_hi": 0.761, "pred_gen_anomaly_3mo": 0.01, "has_generation_truth": true, "confidence": "carry-over storage (validated class)", "match_method": "hydrolakes_pour"}}, {"type": "Feature", "geometry": {"type": "Point", "coordinates": [-6.1404, 41.9781]}, "properties": {"gww_id": 79432, "name": "RIBADELAGO 2", "reservoir": null, "country": "Spain", "iso3": "ESP", "capacity_mw": 35.0, "latest_month": "2026-08", "area_km2": 2.94, "area_anomaly": 0.075, "area_anomaly_3mo": 0.065, "precip_12mo_anomaly": 0.155, "pred_gen_anomaly": 0.033, "pred_gen_anomaly_lo": -0.436, "pred_gen_anomaly_hi": 0.537, "pred_gen_anomaly_3mo": 0.02, "has_generation_truth": false, "confidence": "short residence time (weak area signal)", "match_method": "hydrolakes_pour"}}, {"type": "Feature", "geometry": {"type": "Point", "coordinates": [28.7803, 68.9717]}, "properties": {"gww_id": 79412, "name": "????????? ???", "reservoir": null, "country": "Russia", "iso3": "RUS", "capacity_mw": 30.5, "latest_month": "2026-08", "area_km2": 3.79, "area_anomaly": 0.018, "area_anomaly_3mo": 0.03, "precip_12mo_anomaly": 0.146, "pred_gen_anomaly": 0.112, "pred_gen_anomaly_lo": -0.255, "pred_gen_anomaly_hi": 0.344, "pred_gen_anomaly_3mo": 0.125, "has_generation_truth": false, "confidence": "short residence time (weak area signal)", "match_method": "hydrolakes_pour"}}, {"type": "Feature", "geometry": {"type": "Point", "coordinates": [68.937, 37.8839]}, "properties": {"gww_id": 79410, "name": "Golovnaya", "reservoir": null, "country": "Tajikistan", "iso3": "TJK", "capacity_mw": 210.0, "latest_month": "2026-08", "area_km2": 2.46, "area_anomaly": 0.011, "area_anomaly_3mo": 0.017, "precip_12mo_anomaly": 0.042, "pred_gen_anomaly": -0.014, "pred_gen_anomaly_lo": -0.32, "pred_gen_anomaly_hi": 0.385, "pred_gen_anomaly_3mo": 0.072, "has_generation_truth": false, "confidence": "short residence time (weak area signal)", "match_method": "hydrolakes_pour"}}, {"type": "Feature", "geometry": {"type": "Point", "coordinates": [69.717, 34.641]}, "properties": {"gww_id": 85529, "name": "Naghlu Dam Hydroelectric Power Plant Afghanistan", "reservoir": null, "country": "Afghanistan", "iso3": "AFG", "capacity_mw": 100.0, "latest_month": "2026-08", "area_km2": 14.75, "area_anomaly": -0.096, "area_anomaly_3mo": -0.016, "precip_12mo_anomaly": 0.016, "pred_gen_anomaly": -0.051, "pred_gen_anomaly_lo": -0.422, "pred_gen_anomaly_hi": 0.495, "pred_gen_anomaly_3mo": 0.068, "has_generation_truth": false, "confidence": "short residence time (weak area signal)", "match_method": "hydrolakes_pour"}}, {"type": "Feature", "geometry": {"type": "Point", "coordinates": [-53.23611111, -29.25888889]}, "properties": {"gww_id": 85500, "name": "ITA\u00daBA", "reservoir": null, "country": "BRA", "iso3": "BRA", "capacity_mw": 500.4, "latest_month": "2026-08", "area_km2": 11.05, "area_anomaly": -0.007, "area_anomaly_3mo": 0.001, "precip_12mo_anomaly": -0.017, "pred_gen_anomaly": -0.05, "pred_gen_anomaly_lo": -0.46, "pred_gen_anomaly_hi": 0.595, "pred_gen_anomaly_3mo": -0.183, "has_generation_truth": true, "confidence": "short residence time (weak area signal)", "match_method": "hydrolakes_pour"}}, {"type": "Feature", "geometry": {"type": "Point", "coordinates": [94.41694444, 20.33361111]}, "properties": {"gww_id": 87719, "name": "Kyee ON Kyee Wa", "reservoir": "Kyeeon Kyeewa Reservoir", "country": "Myanmar", "iso3": "MMR", "capacity_mw": 74.0, "latest_month": "2026-08", "area_km2": 35.49, "area_anomaly": 0.089, "area_anomaly_3mo": -0.005, "precip_12mo_anomaly": 0.188, "pred_gen_anomaly": 0.266, "pred_gen_anomaly_lo": -0.52, "pred_gen_anomaly_hi": 1.364, "pred_gen_anomaly_3mo": 0.215, "has_generation_truth": false, "confidence": "unknown residence time", "match_method": "gww_polygon"}}, {"type": "Feature", "geometry": {"type": "Point", "coordinates": [35.0897, 47.8675]}, "properties": {"gww_id": 92039, "name": "Dneipro HPP 2", "reservoir": "Kakhovka Reservoir", "country": "Ukraine", "iso3": "UKR", "capacity_mw": 1881.0, "latest_month": "2026-08", "area_km2": 129.97, "area_anomaly": -0.949, "area_anomaly_3mo": -0.903, "precip_12mo_anomaly": -0.003, "pred_gen_anomaly": -0.508, "pred_gen_anomaly_lo": -0.669, "pred_gen_anomaly_hi": -0.1, "pred_gen_anomaly_3mo": -0.547, "has_generation_truth": false, "confidence": "short residence time (weak area signal)", "match_method": "gww_polygon"}}, {"type": "Feature", "geometry": {"type": "Point", "coordinates": [108.9936, 12.9281]}, "properties": {"gww_id": 87729, "name": "Song Hinh", "reservoir": null, "country": "Vietnam", "iso3": "VNM", "capacity_mw": 70.0, "latest_month": "2026-08", "area_km2": 22.98, "area_anomaly": -0.232, "area_anomaly_3mo": -0.15, "precip_12mo_anomaly": 0.015, "pred_gen_anomaly": -0.095, "pred_gen_anomaly_lo": -0.584, "pred_gen_anomaly_hi": 0.293, "pred_gen_anomaly_3mo": -0.071, "has_generation_truth": false, "confidence": "unknown residence time", "match_method": "gww_polygon"}}, {"type": "Feature", "geometry": {"type": "Point", "coordinates": [1.30694444, 42.12055556]}, "properties": {"gww_id": 79188, "name": "OLIANA 3", "reservoir": null, "country": "Spain", "iso3": "ESP", "capacity_mw": 37.6, "latest_month": "2026-08", "area_km2": 2.64, "area_anomaly": -0.024, "area_anomaly_3mo": -0.0, "precip_12mo_anomaly": 0.106, "pred_gen_anomaly": -0.183, "pred_gen_anomaly_lo": -0.629, "pred_gen_anomaly_hi": 0.382, "pred_gen_anomaly_3mo": -0.121, "has_generation_truth": false, "confidence": "unknown residence time", "match_method": "gww_polygon"}}, {"type": "Feature", "geometry": {"type": "Point", "coordinates": [105.6508, 24.0983]}, "properties": {"gww_id": 82802, "name": "Guangxi Baise Tianlin Dongba", "reservoir": "\u6d1e\u5df4\u6c34\u7535\u7ad9\u6c34\u5e93", "country": "China", "iso3": "CHN", "capacity_mw": 72.0, "latest_month": "2026-08", "area_km2": 6.72, "area_anomaly": 0.289, "area_anomaly_3mo": 0.091, "precip_12mo_anomaly": 0.259, "pred_gen_anomaly": 0.248, "pred_gen_anomaly_lo": -0.463, "pred_gen_anomaly_hi": 1.2, "pred_gen_anomaly_3mo": 0.177, "has_generation_truth": false, "confidence": "unknown residence time", "match_method": "gww_polygon"}}, {"type": "Feature", "geometry": {"type": "Point", "coordinates": [72.3641, 41.4986]}, "properties": {"gww_id": 85488, "name": "Kurpsay Hydroelectric Power Plant Kyrgyzstan", "reservoir": null, "country": "Kyrgyzstan", "iso3": "KGZ", "capacity_mw": 800.0, "latest_month": "2026-08", "area_km2": 9.55, "area_anomaly": 0.011, "area_anomaly_3mo": 0.012, "precip_12mo_anomaly": -0.102, "pred_gen_anomaly": -0.043, "pred_gen_anomaly_lo": -0.217, "pred_gen_anomaly_hi": 0.166, "pred_gen_anomaly_3mo": -0.028, "has_generation_truth": false, "confidence": "short residence time (weak area signal)", "match_method": "hydrolakes_pour"}}, {"type": "Feature", "geometry": {"type": "Point", "coordinates": [127.2803, 37.5286]}, "properties": {"gww_id": 87734, "name": "Paldang", "reservoir": null, "country": "South Korea", "iso3": "KOR", "capacity_mw": 120.0, "latest_month": "2026-08", "area_km2": 31.1, "area_anomaly": -0.064, "area_anomaly_3mo": -0.046, "precip_12mo_anomaly": 0.154, "pred_gen_anomaly": -0.064, "pred_gen_anomaly_lo": -0.454, "pred_gen_anomaly_hi": 0.314, "pred_gen_anomaly_3mo": 0.047, "has_generation_truth": false, "confidence": "short residence time (weak area signal)", "match_method": "hydrolakes_pour"}}, {"type": "Feature", "geometry": {"type": "Point", "coordinates": [-69.8867, 44.7975]}, "properties": {"gww_id": 79172, "name": "Anson Abenaki Hydros", "reservoir": null, "country": "USA", "iso3": "USA", "capacity_mw": 29.0, "latest_month": "2026-08", "area_km2": 2.0, "area_anomaly": 0.011, "area_anomaly_3mo": 0.036, "precip_12mo_anomaly": -0.013, "pred_gen_anomaly": -0.073, "pred_gen_anomaly_lo": -0.391, "pred_gen_anomaly_hi": 0.275, "pred_gen_anomaly_3mo": -0.006, "has_generation_truth": true, "confidence": "short residence time (weak area signal)", "match_method": "hydrolakes_pour"}}, {"type": "Feature", "geometry": {"type": "Point", "coordinates": [-122.1957, 56.0148]}, "properties": {"gww_id": 92027, "name": "G.M. Shrum", "reservoir": "Williston", "country": "Canada", "iso3": "CAN", "capacity_mw": 2730.0, "latest_month": "2026-08", "area_km2": 1671.53, "area_anomaly": 0.005, "area_anomaly_3mo": 0.007, "precip_12mo_anomaly": 0.289, "pred_gen_anomaly": 0.105, "pred_gen_anomaly_lo": -0.158, "pred_gen_anomaly_hi": 0.392, "pred_gen_anomaly_3mo": 0.105, "has_generation_truth": false, "confidence": "carry-over storage (validated class)", "match_method": "hydrolakes_pour"}}, {"type": "Feature", "geometry": {"type": "Point", "coordinates": [-122.535556, 39.0788]}, "properties": {"gww_id": 85376, "name": "Indian Valley Dam Hydro Project", "reservoir": null, "country": "USA", "iso3": "USA", "capacity_mw": 3.7, "latest_month": "2026-08", "area_km2": 13.58, "area_anomaly": 0.368, "area_anomaly_3mo": 0.324, "precip_12mo_anomaly": -0.067, "pred_gen_anomaly": 0.311, "pred_gen_anomaly_lo": -0.636, "pred_gen_anomaly_hi": 1.331, "pred_gen_anomaly_3mo": 0.324, "has_generation_truth": true, "confidence": "carry-over storage (validated class)", "match_method": "hydrolakes_pour"}}, {"type": "Feature", "geometry": {"type": "Point", "coordinates": [85.5104, 42.3311]}, "properties": {"gww_id": 80320, "name": "Chahanwusu Dam", "reservoir": null, "country": "China", "iso3": "CHN", "capacity_mw": 309.0, "latest_month": "2026-08", "area_km2": 3.35, "area_anomaly": 0.052, "area_anomaly_3mo": -0.067, "precip_12mo_anomaly": 0.123, "pred_gen_anomaly": -0.056, "pred_gen_anomaly_lo": -0.385, "pred_gen_anomaly_hi": 0.447, "pred_gen_anomaly_3mo": -0.005, "has_generation_truth": false, "confidence": "unknown residence time", "match_method": "gww_polygon"}}, {"type": "Feature", "geometry": {"type": "Point", "coordinates": [36.8505, 37.6766]}, "properties": {"gww_id": 87274, "name": "Menzelet Dam", "reservoir": null, "country": "Turkey", "iso3": "TUR", "capacity_mw": 248.0, "latest_month": "2026-08", "area_km2": 37.58, "area_anomaly": 0.137, "area_anomaly_3mo": 0.12, "precip_12mo_anomaly": 0.818, "pred_gen_anomaly": 0.525, "pred_gen_anomaly_lo": -0.114, "pred_gen_anomaly_hi": 1.207, "pred_gen_anomaly_3mo": 0.635, "has_generation_truth": false, "confidence": "carry-over storage (validated class)", "match_method": "hydrolakes_pour"}}, {"type": "Feature", "geometry": {"type": "Point", "coordinates": [-75.6456, 45.8396]}, "properties": {"gww_id": 86417, "name": "High Falls (Li\u00c3\u00a8vre)", "reservoir": null, "country": "Canada", "iso3": "CAN", "capacity_mw": 114.1, "latest_month": "2026-08", "area_km2": 16.14, "area_anomaly": -0.026, "area_anomaly_3mo": -0.011, "precip_12mo_anomaly": 0.121, "pred_gen_anomaly": 0.175, "pred_gen_anomaly_lo": -0.144, "pred_gen_anomaly_hi": 0.434, "pred_gen_anomaly_3mo": 0.094, "has_generation_truth": false, "confidence": "short residence time (weak area signal)", "match_method": "hydrolakes_pour"}}, {"type": "Feature", "geometry": {"type": "Point", "coordinates": [-8.035, 41.944]}, "properties": {"gww_id": 81363, "name": "LAS CONCHAS 1", "reservoir": null, "country": "Spain", "iso3": "ESP", "capacity_mw": 49.0, "latest_month": "2026-08", "area_km2": 4.47, "area_anomaly": -0.025, "area_anomaly_3mo": 0.009, "precip_12mo_anomaly": 0.177, "pred_gen_anomaly": 0.015, "pred_gen_anomaly_lo": -0.485, "pred_gen_anomaly_hi": 0.472, "pred_gen_anomaly_3mo": 0.07, "has_generation_truth": false, "confidence": "short residence time (weak area signal)", "match_method": "hydrolakes_pour"}}, {"type": "Feature", "geometry": {"type": "Point", "coordinates": [-4.312, 40.373001]}, "properties": {"gww_id": 81348, "name": "SAN JUAN 1", "reservoir": null, "country": "Spain", "iso3": "ESP", "capacity_mw": 33.0, "latest_month": "2026-08", "area_km2": 4.72, "area_anomaly": 0.124, "area_anomaly_3mo": 0.118, "precip_12mo_anomaly": 0.151, "pred_gen_anomaly": 0.162, "pred_gen_anomaly_lo": -0.453, "pred_gen_anomaly_hi": 0.723, "pred_gen_anomaly_3mo": 0.12, "has_generation_truth": false, "confidence": "short residence time (weak area signal)", "match_method": "hydrolakes_pour"}}, {"type": "Feature", "geometry": {"type": "Point", "coordinates": [107.2377, 31.2625]}, "properties": {"gww_id": 86474, "name": "Sichuan Da County Jiujietan", "reservoir": null, "country": "China", "iso3": "CHN", "capacity_mw": 39.0, "latest_month": "2026-08", "area_km2": 15.95, "area_anomaly": 0.023, "area_anomaly_3mo": 0.03, "precip_12mo_anomaly": 0.398, "pred_gen_anomaly": -0.036, "pred_gen_anomaly_lo": -0.476, "pred_gen_anomaly_hi": 0.529, "pred_gen_anomaly_3mo": 0.104, "has_generation_truth": false, "confidence": "unknown residence time", "match_method": "gww_polygon"}}, {"type": "Feature", "geometry": {"type": "Point", "coordinates": [-6.847, 43.237]}, "properties": {"gww_id": 81199, "name": "SALIME 1 - Salime Hydroelectric Power Plant Spain", "reservoir": null, "country": "Spain", "iso3": "ESP", "capacity_mw": 126.0, "latest_month": "2026-08", "area_km2": 4.11, "area_anomaly": -0.021, "area_anomaly_3mo": -0.014, "precip_12mo_anomaly": 0.149, "pred_gen_anomaly": -0.031, "pred_gen_anomaly_lo": -0.437, "pred_gen_anomaly_hi": 0.419, "pred_gen_anomaly_3mo": -0.0, "has_generation_truth": false, "confidence": "short residence time (weak area signal)", "match_method": "hydrolakes_pour"}}, {"type": "Feature", "geometry": {"type": "Point", "coordinates": [-44.78166667, -18.89444444]}, "properties": {"gww_id": 86490, "name": "RETIRO BAIXO", "reservoir": "Lago de Retiro Baixo", "country": "BRA", "iso3": "BRA", "capacity_mw": 83.7, "latest_month": "2026-08", "area_km2": 18.5, "area_anomaly": 0.14, "area_anomaly_3mo": 0.181, "precip_12mo_anomaly": 0.028, "pred_gen_anomaly": 0.097, "pred_gen_anomaly_lo": -0.49, "pred_gen_anomaly_hi": 0.825, "pred_gen_anomaly_3mo": 0.084, "has_generation_truth": true, "confidence": "unknown residence time", "match_method": "gww_polygon"}}, {"type": "Feature", "geometry": {"type": "Point", "coordinates": [-74.6358, 41.8194]}, "properties": {"gww_id": 81198, "name": "Neversink", "reservoir": null, "country": "USA", "iso3": "USA", "capacity_mw": 25.0, "latest_month": "2026-08", "area_km2": 5.38, "area_anomaly": 0.059, "area_anomaly_3mo": 0.024, "precip_12mo_anomaly": 0.009, "pred_gen_anomaly": 0.141, "pred_gen_anomaly_lo": -0.457, "pred_gen_anomaly_hi": 0.671, "pred_gen_anomaly_3mo": 0.038, "has_generation_truth": true, "confidence": "short residence time (weak area signal)", "match_method": "hydrolakes_pour"}}, {"type": "Feature", "geometry": {"type": "Point", "coordinates": [-79.365703, 40.46439]}, "properties": {"gww_id": 81396, "name": "Conemaugh Hydro Plant", "reservoir": null, "country": "USA", "iso3": "USA", "capacity_mw": 15.0, "latest_month": "2026-08", "area_km2": 3.12, "area_anomaly": 0.34, "area_anomaly_3mo": 0.299, "precip_12mo_anomaly": 0.0, "pred_gen_anomaly": 0.284, "pred_gen_anomaly_lo": -0.408, "pred_gen_anomaly_hi": 1.097, "pred_gen_anomaly_3mo": 0.195, "has_generation_truth": true, "confidence": "short residence time (weak area signal)", "match_method": "hydrolakes_pour"}}, {"type": "Feature", "geometry": {"type": "Point", "coordinates": [6.26967, 44.47095]}, "properties": {"gww_id": 86491, "name": "Serre poncon SERRE PONCON - Serre Poncon Hydroelectric Power Station France", "reservoir": null, "country": "France", "iso3": "FRA", "capacity_mw": 370.0, "latest_month": "2026-08", "area_km2": 23.84, "area_anomaly": 0.001, "area_anomaly_3mo": 0.003, "precip_12mo_anomaly": -0.0, "pred_gen_anomaly": -0.03, "pred_gen_anomaly_lo": -0.335, "pred_gen_anomaly_hi": 0.183, "pred_gen_anomaly_3mo": -0.061, "has_generation_truth": false, "confidence": "carry-over storage (validated class)", "match_method": "hydrolakes_pour"}}, {"type": "Feature", "geometry": {"type": "Point", "coordinates": [21.0255, 39.1845]}, "properties": {"gww_id": 86035, "name": "Pournari", "reservoir": null, "country": "Greece", "iso3": "GRC", "capacity_mw": 334.0, "latest_month": "2026-08", "area_km2": 15.89, "area_anomaly": -0.039, "area_anomaly_3mo": -0.01, "precip_12mo_anomaly": 0.579, "pred_gen_anomaly": 0.267, "pred_gen_anomaly_lo": -0.284, "pred_gen_anomaly_hi": 0.791, "pred_gen_anomaly_3mo": 0.484, "has_generation_truth": false, "confidence": "carry-over storage (validated class)", "match_method": "hydrolakes_pour"}}, {"type": "Feature", "geometry": {"type": "Point", "coordinates": [-101.4115, 47.4945]}, "properties": {"gww_id": 91688, "name": "Garrison", "reservoir": "Fort Berthold Reservoir", "country": "USA", "iso3": "USA", "capacity_mw": 614.0, "latest_month": "2026-08", "area_km2": 1055.45, "area_anomaly": -0.081, "area_anomaly_3mo": -0.068, "precip_12mo_anomaly": 0.096, "pred_gen_anomaly": -0.008, "pred_gen_anomaly_lo": -0.269, "pred_gen_anomaly_hi": 0.38, "pred_gen_anomaly_3mo": 0.005, "has_generation_truth": true, "confidence": "carry-over storage (validated class)", "match_method": "gww_polygon"}}, {"type": "Feature", "geometry": {"type": "Point", "coordinates": [78.4795, 30.3787]}, "properties": {"gww_id": 86529, "name": "TEHRI ST -1", "reservoir": null, "country": "India", "iso3": "IND", "capacity_mw": 1000.0, "latest_month": "2026-08", "area_km2": 24.31, "area_anomaly": 0.031, "area_anomaly_3mo": -0.026, "precip_12mo_anomaly": 0.178, "pred_gen_anomaly": 0.204, "pred_gen_anomaly_lo": -0.342, "pred_gen_anomaly_hi": 0.94, "pred_gen_anomaly_3mo": 0.104, "has_generation_truth": false, "confidence": "carry-over storage (validated class)", "match_method": "hydrolakes_pour"}}, {"type": "Feature", "geometry": {"type": "Point", "coordinates": [103.41, 36.14]}, "properties": {"gww_id": 82135, "name": "Bapanxia", "reservoir": null, "country": "China", "iso3": "CHN", "capacity_mw": 220.0, "latest_month": "2026-08", "area_km2": 4.08, "area_anomaly": -0.013, "area_anomaly_3mo": -0.011, "precip_12mo_anomaly": 0.006, "pred_gen_anomaly": -0.083, "pred_gen_anomaly_lo": -0.369, "pred_gen_anomaly_hi": 0.489, "pred_gen_anomaly_3mo": 0.008, "has_generation_truth": false, "confidence": "short residence time (weak area signal)", "match_method": "hydrolakes_pour"}}, {"type": "Feature", "geometry": {"type": "Point", "coordinates": [-5.889583333, 32.69375]}, "properties": {"gww_id": 86033, "name": "Ahmed El Hansali", "reservoir": "Barrage Ahmed El Hansali", "country": "Morocco", "iso3": "MAR", "capacity_mw": 92.0, "latest_month": "2026-08", "area_km2": 17.39, "area_anomaly": 0.536, "area_anomaly_3mo": 0.496, "precip_12mo_anomaly": 0.369, "pred_gen_anomaly": 0.324, "pred_gen_anomaly_lo": -0.362, "pred_gen_anomaly_hi": 1.08, "pred_gen_anomaly_3mo": 0.407, "has_generation_truth": false, "confidence": "unknown residence time", "match_method": "gww_polygon"}}, {"type": "Feature", "geometry": {"type": "Point", "coordinates": [110.52, 32.68]}, "properties": {"gww_id": 86539, "name": "Huanglongtan", "reservoir": null, "country": "China", "iso3": "CHN", "capacity_mw": 510.0, "latest_month": "2026-08", "area_km2": 18.33, "area_anomaly": 0.086, "area_anomaly_3mo": 0.02, "precip_12mo_anomaly": 0.326, "pred_gen_anomaly": 0.107, "pred_gen_anomaly_lo": -0.327, "pred_gen_anomaly_hi": 0.76, "pred_gen_anomaly_3mo": 0.148, "has_generation_truth": false, "confidence": "carry-over storage (validated class)", "match_method": "hydrolakes_pour"}}, {"type": "Feature", "geometry": {"type": "Point", "coordinates": [-56.1725, 48.1835]}, "properties": {"gww_id": 86547, "name": "Upper Salmon", "reservoir": null, "country": "Canada", "iso3": "CAN", "capacity_mw": 84.0, "latest_month": "2026-08", "area_km2": 21.8, "area_anomaly": 0.011, "area_anomaly_3mo": 0.06, "precip_12mo_anomaly": -0.352, "pred_gen_anomaly": -0.232, "pred_gen_anomaly_lo": -0.584, "pred_gen_anomaly_hi": 0.151, "pred_gen_anomaly_3mo": -0.216, "has_generation_truth": false, "confidence": "unknown residence time", "match_method": "gww_polygon"}}, {"type": "Feature", "geometry": {"type": "Point", "coordinates": [-92.9394, 44.5119]}, "properties": {"gww_id": 81135, "name": "Byllesby", "reservoir": null, "country": "USA", "iso3": "USA", "capacity_mw": 6.9, "latest_month": "2026-08", "area_km2": 4.99, "area_anomaly": -0.022, "area_anomaly_3mo": -0.049, "precip_12mo_anomaly": 0.068, "pred_gen_anomaly": 0.001, "pred_gen_anomaly_lo": -0.741, "pred_gen_anomaly_hi": 0.54, "pred_gen_anomaly_3mo": 0.014, "has_generation_truth": true, "confidence": "short residence time (weak area signal)", "match_method": "hydrolakes_pour"}}, {"type": "Feature", "geometry": {"type": "Point", "coordinates": [-7.6496, 42.414001]}, "properties": {"gww_id": 81121, "name": "S,EST IIG1", "reservoir": "Sil", "country": "Spain", "iso3": "ESP", "capacity_mw": 451.0, "latest_month": "2026-08", "area_km2": 3.83, "area_anomaly": 0.039, "area_anomaly_3mo": 0.028, "precip_12mo_anomaly": 0.154, "pred_gen_anomaly": 0.006, "pred_gen_anomaly_lo": -0.313, "pred_gen_anomaly_hi": 0.342, "pred_gen_anomaly_3mo": -0.009, "has_generation_truth": false, "confidence": "short residence time (weak area signal)", "match_method": "gww_polygon"}}, {"type": "Feature", "geometry": {"type": "Point", "coordinates": [15.0333, -14.7333]}, "properties": {"gww_id": 86405, "name": "Matala", "reservoir": null, "country": "Angola", "iso3": "AGO", "capacity_mw": 40.0, "latest_month": "2026-08", "area_km2": 20.48, "area_anomaly": 0.053, "area_anomaly_3mo": 0.043, "precip_12mo_anomaly": -0.02, "pred_gen_anomaly": -0.133, "pred_gen_anomaly_lo": -0.52, "pred_gen_anomaly_hi": 0.508, "pred_gen_anomaly_3mo": -0.13, "has_generation_truth": false, "confidence": "short residence time (weak area signal)", "match_method": "hydrolakes_pour"}}, {"type": "Feature", "geometry": {"type": "Point", "coordinates": [-51.35805556, -20.37972222]}, "properties": {"gww_id": 91947, "name": "ILHA SOLTEIRA", "reservoir": "Ilha Solteira Reservoir", "country": "BRA", "iso3": "BRA", "capacity_mw": 4995.2, "latest_month": "2026-08", "area_km2": 1064.68, "area_anomaly": 0.004, "area_anomaly_3mo": 0.002, "precip_12mo_anomaly": 0.001, "pred_gen_anomaly": -0.078, "pred_gen_anomaly_lo": -0.376, "pred_gen_anomaly_hi": 0.439, "pred_gen_anomaly_3mo": -0.065, "has_generation_truth": true, "confidence": "short residence time (weak area signal)", "match_method": "gww_polygon"}}, {"type": "Feature", "geometry": {"type": "Point", "coordinates": [28.09792864, -29.45814244]}, "properties": {"gww_id": 86179, "name": "Mohale", "reservoir": null, "country": "Lesotho", "iso3": "LSO", "capacity_mw": 110.0, "latest_month": "2026-08", "area_km2": 19.29, "area_anomaly": 0.411, "area_anomaly_3mo": 0.396, "precip_12mo_anomaly": 0.039, "pred_gen_anomaly": 0.571, "pred_gen_anomaly_lo": -0.505, "pred_gen_anomaly_hi": 1.989, "pred_gen_anomaly_3mo": 0.53, "has_generation_truth": false, "confidence": "carry-over storage (validated class)", "match_method": "hydrolakes_pour"}}, {"type": "Feature", "geometry": {"type": "Point", "coordinates": [56.3289, 58.1146]}, "properties": {"gww_id": 92002, "name": "Kamskaya HPP", "reservoir": "Kama Reservoir", "country": "Russia", "iso3": "RUS", "capacity_mw": 543.0, "latest_month": "2026-08", "area_km2": 1314.12, "area_anomaly": -0.158, "area_anomaly_3mo": -0.114, "precip_12mo_anomaly": -0.006, "pred_gen_anomaly": -0.066, "pred_gen_anomaly_lo": -0.411, "pred_gen_anomaly_hi": 0.438, "pred_gen_anomaly_3mo": -0.062, "has_generation_truth": false, "confidence": "short residence time (weak area signal)", "match_method": "hydrolakes_pour"}}, {"type": "Feature", "geometry": {"type": "Point", "coordinates": [-68.64972222, -31.47472222]}, "properties": {"gww_id": 86194, "name": "QUEBRADA DE ULLUM", "reservoir": null, "country": "Argentina", "iso3": "ARG", "capacity_mw": 45.0, "latest_month": "2026-08", "area_km2": 13.83, "area_anomaly": -0.158, "area_anomaly_3mo": -0.199, "precip_12mo_anomaly": 0.226, "pred_gen_anomaly": -0.068, "pred_gen_anomaly_lo": -0.699, "pred_gen_anomaly_hi": 0.632, "pred_gen_anomaly_3mo": -0.143, "has_generation_truth": false, "confidence": "carry-over storage (validated class)", "match_method": "hydrolakes_pour"}}, {"type": "Feature", "geometry": {"type": "Point", "coordinates": [-47.48944444, -17.34555556]}, "properties": {"gww_id": 86198, "name": "BATALHA", "reservoir": null, "country": "BRA", "iso3": "BRA", "capacity_mw": 52.5, "latest_month": "2026-08", "area_km2": 19.29, "area_anomaly": 0.248, "area_anomaly_3mo": 0.261, "precip_12mo_anomaly": 0.085, "pred_gen_anomaly": 0.315, "pred_gen_anomaly_lo": -0.514, "pred_gen_anomaly_hi": 1.003, "pred_gen_anomaly_3mo": 0.246, "has_generation_truth": true, "confidence": "unknown residence time", "match_method": "gww_polygon"}}, {"type": "Feature", "geometry": {"type": "Point", "coordinates": [-116.835042, 44.971643]}, "properties": {"gww_id": 81813, "name": "Oxbow (OR)", "reservoir": "Oxbow", "country": "USA", "iso3": "USA", "capacity_mw": 190.0, "latest_month": "2026-08", "area_km2": 4.41, "area_anomaly": 0.03, "area_anomaly_3mo": -0.005, "precip_12mo_anomaly": 0.06, "pred_gen_anomaly": -0.064, "pred_gen_anomaly_lo": -0.273, "pred_gen_anomaly_hi": 0.196, "pred_gen_anomaly_3mo": -0.013, "has_generation_truth": true, "confidence": "short residence time (weak area signal)", "match_method": "gww_polygon"}}, {"type": "Feature", "geometry": {"type": "Point", "coordinates": [24.153, 41.6428]}, "properties": {"gww_id": 86145, "name": "Teshel Teshel Hydroelectric Power Plant Bulgaria - Teshel Hydroelectric Power Plant Bulgaria", "reservoir": null, "country": "Bulgaria", "iso3": "BGR", "capacity_mw": 60.0, "latest_month": "2026-08", "area_km2": 19.87, "area_anomaly": -0.036, "area_anomaly_3mo": -0.028, "precip_12mo_anomaly": 0.277, "pred_gen_anomaly": 0.069, "pred_gen_anomaly_lo": -0.447, "pred_gen_anomaly_hi": 0.611, "pred_gen_anomaly_3mo": 0.179, "has_generation_truth": false, "confidence": "carry-over storage (validated class)", "match_method": "hydrolakes_pour"}}, {"type": "Feature", "geometry": {"type": "Point", "coordinates": [43.8542, 34.1943]}, "properties": {"gww_id": 86203, "name": "Samarra Barrage", "reservoir": "\u0628\u062d\u064a\u0631 \u0633\u0645\u0631\u064a\u0629", "country": "Iraq", "iso3": "IRQ", "capacity_mw": 75.0, "latest_month": "2026-08", "area_km2": 9.85, "area_anomaly": 0.037, "area_anomaly_3mo": 0.006, "precip_12mo_anomaly": 0.331, "pred_gen_anomaly": 0.213, "pred_gen_anomaly_lo": -0.296, "pred_gen_anomaly_hi": 0.939, "pred_gen_anomaly_3mo": 0.356, "has_generation_truth": false, "confidence": "unknown residence time", "match_method": "gww_polygon"}}, {"type": "Feature", "geometry": {"type": "Point", "coordinates": [170.3989, -44.6747]}, "properties": {"gww_id": 82081, "name": "Waitaki", "reservoir": null, "country": "New Zealand", "iso3": "NZL", "capacity_mw": 90.0, "latest_month": "2026-08", "area_km2": 6.37, "area_anomaly": -0.003, "area_anomaly_3mo": -0.002, "precip_12mo_anomaly": 0.018, "pred_gen_anomaly": 0.096, "pred_gen_anomaly_lo": -0.276, "pred_gen_anomaly_hi": 0.423, "pred_gen_anomaly_3mo": 0.019, "has_generation_truth": false, "confidence": "short residence time (weak area signal)", "match_method": "hydrolakes_pour"}}, {"type": "Feature", "geometry": {"type": "Point", "coordinates": [43.3756, 56.6506]}, "properties": {"gww_id": 91970, "name": "Nizhegorodskaya HPP", "reservoir": "Gorkovsky Reservoir", "country": "Russia", "iso3": "RUS", "capacity_mw": 520.0, "latest_month": "2026-08", "area_km2": 1232.71, "area_anomaly": -0.053, "area_anomaly_3mo": -0.041, "precip_12mo_anomaly": -0.093, "pred_gen_anomaly": -0.175, "pred_gen_anomaly_lo": -0.352, "pred_gen_anomaly_hi": 0.147, "pred_gen_anomaly_3mo": -0.186, "has_generation_truth": false, "confidence": "short residence time (weak area signal)", "match_method": "gww_polygon"}}, {"type": "Feature", "geometry": {"type": "Point", "coordinates": [96.364, 18.42]}, "properties": {"gww_id": 86276, "name": "Kun", "reservoir": null, "country": "Myanmar", "iso3": "MMR", "capacity_mw": 60.0, "latest_month": "2026-08", "area_km2": 18.88, "area_anomaly": 0.112, "area_anomaly_3mo": 0.105, "precip_12mo_anomaly": 0.36, "pred_gen_anomaly": 0.603, "pred_gen_anomaly_lo": -0.424, "pred_gen_anomaly_hi": 1.841, "pred_gen_anomaly_3mo": 0.441, "has_generation_truth": false, "confidence": "unknown residence time", "match_method": "gww_polygon"}}, {"type": "Feature", "geometry": {"type": "Point", "coordinates": [128.8813, 36.5384]}, "properties": {"gww_id": 86287, "name": "Imha", "reservoir": null, "country": "South Korea", "iso3": "KOR", "capacity_mw": 50.0, "latest_month": "2026-08", "area_km2": 12.88, "area_anomaly": -0.054, "area_anomaly_3mo": -0.036, "precip_12mo_anomaly": 0.099, "pred_gen_anomaly": -0.128, "pred_gen_anomaly_lo": -0.563, "pred_gen_anomaly_hi": 0.358, "pred_gen_anomaly_3mo": -0.05, "has_generation_truth": false, "confidence": "carry-over storage (validated class)", "match_method": "hydrolakes_pour"}}, {"type": "Feature", "geometry": {"type": "Point", "coordinates": [-4.387, 37.276001]}, "properties": {"gww_id": 86291, "name": "IZNAJAR 1", "reservoir": null, "country": "Spain", "iso3": "ESP", "capacity_mw": 77.0, "latest_month": "2026-08", "area_km2": 20.16, "area_anomaly": 0.358, "area_anomaly_3mo": 0.326, "precip_12mo_anomaly": 0.443, "pred_gen_anomaly": 0.362, "pred_gen_anomaly_lo": -0.407, "pred_gen_anomaly_hi": 1.316, "pred_gen_anomaly_3mo": 0.394, "has_generation_truth": false, "confidence": "carry-over storage (validated class)", "match_method": "hydrolakes_pour"}}, {"type": "Feature", "geometry": {"type": "Point", "coordinates": [128.0316, 35.5337]}, "properties": {"gww_id": 86298, "name": "Hapchon", "reservoir": null, "country": "South Korea", "iso3": "KOR", "capacity_mw": 100.0, "latest_month": "2026-08", "area_km2": 13.76, "area_anomaly": -0.135, "area_anomaly_3mo": -0.067, "precip_12mo_anomaly": 0.131, "pred_gen_anomaly": -0.046, "pred_gen_anomaly_lo": -0.531, "pred_gen_anomaly_hi": 0.498, "pred_gen_anomaly_3mo": 0.01, "has_generation_truth": false, "confidence": "carry-over storage (validated class)", "match_method": "hydrolakes_pour"}}, {"type": "Feature", "geometry": {"type": "Point", "coordinates": [-71.6087, -37.9099]}, "properties": {"gww_id": 81542, "name": "PANGUE", "reservoir": null, "country": "Chile", "iso3": "CHL", "capacity_mw": 467.0, "latest_month": "2026-08", "area_km2": 5.54, "area_anomaly": -0.011, "area_anomaly_3mo": 0.02, "precip_12mo_anomaly": 0.168, "pred_gen_anomaly": 0.248, "pred_gen_anomaly_lo": -0.249, "pred_gen_anomaly_hi": 0.881, "pred_gen_anomaly_3mo": 0.059, "has_generation_truth": false, "confidence": "short residence time (weak area signal)", "match_method": "hydrolakes_pour"}}, {"type": "Feature", "geometry": {"type": "Point", "coordinates": [-69.9918, -40.012]}, "properties": {"gww_id": 86317, "name": "H. PICHI PICUN LEUFU", "reservoir": null, "country": "Argentina", "iso3": "ARG", "capacity_mw": 285.0, "latest_month": "2026-08", "area_km2": 19.07, "area_anomaly": -0.012, "area_anomaly_3mo": -0.011, "precip_12mo_anomaly": 0.224, "pred_gen_anomaly": 0.277, "pred_gen_anomaly_lo": -0.223, "pred_gen_anomaly_hi": 0.86, "pred_gen_anomaly_3mo": 0.117, "has_generation_truth": false, "confidence": "short residence time (weak area signal)", "match_method": "gww_polygon"}}, {"type": "Feature", "geometry": {"type": "Point", "coordinates": [-6.3525, 41.379]}, "properties": {"gww_id": 62539, "name": "Picote I / Picote II", "reservoir": null, "country": "Portugal", "iso3": "PRT", "capacity_mw": 440.0, "latest_month": "2026-08", "area_km2": 0.52, "area_anomaly": 0.037, "area_anomaly_3mo": 0.007, "precip_12mo_anomaly": 0.115, "pred_gen_anomaly": -0.058, "pred_gen_anomaly_lo": -0.395, "pred_gen_anomaly_hi": 0.283, "pred_gen_anomaly_3mo": -0.076, "has_generation_truth": false, "confidence": "short residence time (weak area signal)", "match_method": "hydrolakes_pour"}}, {"type": "Feature", "geometry": {"type": "Point", "coordinates": [-55.6678, 48.9254]}, "properties": {"gww_id": 81852, "name": "Grand Falls", "reservoir": null, "country": "Canada", "iso3": "CAN", "capacity_mw": 75.0, "latest_month": "2026-08", "area_km2": 4.42, "area_anomaly": 0.021, "area_anomaly_3mo": 0.083, "precip_12mo_anomaly": -0.342, "pred_gen_anomaly": -0.177, "pred_gen_anomaly_lo": -0.543, "pred_gen_anomaly_hi": 0.199, "pred_gen_anomaly_3mo": -0.185, "has_generation_truth": false, "confidence": "short residence time (weak area signal)", "match_method": "hydrolakes_pour"}}, {"type": "Feature", "geometry": {"type": "Point", "coordinates": [38.0307, 36.8697]}, "properties": {"gww_id": 86029, "name": "Karkam?? Dam", "reservoir": null, "country": "Turkey", "iso3": "TUR", "capacity_mw": 192.0, "latest_month": "2026-08", "area_km2": 17.86, "area_anomaly": 0.052, "area_anomaly_3mo": 0.058, "precip_12mo_anomaly": 0.47, "pred_gen_anomaly": 0.344, "pred_gen_anomaly_lo": -0.161, "pred_gen_anomaly_hi": 1.037, "pred_gen_anomaly_3mo": 0.438, "has_generation_truth": false, "confidence": "short residence time (weak area signal)", "match_method": "hydrolakes_pour"}}, {"type": "Feature", "geometry": {"type": "Point", "coordinates": [107.8768, 12.7524]}, "properties": {"gww_id": 86703, "name": "SrePok 3", "reservoir": null, "country": "Vietnam", "iso3": "VNM", "capacity_mw": 220.0, "latest_month": "2026-08", "area_km2": 18.13, "area_anomaly": 0.01, "area_anomaly_3mo": 0.045, "precip_12mo_anomaly": 0.031, "pred_gen_anomaly": 0.07, "pred_gen_anomaly_lo": -0.398, "pred_gen_anomaly_hi": 0.736, "pred_gen_anomaly_3mo": 0.094, "has_generation_truth": false, "confidence": "unknown residence time", "match_method": "gww_polygon"}}, {"type": "Feature", "geometry": {"type": "Point", "coordinates": [-2.75, 40.493]}, "properties": {"gww_id": 86715, "name": "ENTREPENAS 1", "reservoir": null, "country": "Spain", "iso3": "ESP", "capacity_mw": 37.0, "latest_month": "2026-08", "area_km2": 22.86, "area_anomaly": 0.367, "area_anomaly_3mo": 0.388, "precip_12mo_anomaly": 0.264, "pred_gen_anomaly": 0.68, "pred_gen_anomaly_lo": -0.366, "pred_gen_anomaly_hi": 1.564, "pred_gen_anomaly_3mo": 0.819, "has_generation_truth": false, "confidence": "carry-over storage (validated class)", "match_method": "hydrolakes_pour"}}, {"type": "Feature", "geometry": {"type": "Point", "coordinates": [-7.5353, 40.9871]}, "properties": {"gww_id": 80677, "name": "Vilar tabuaco Vilar-Tabuaco Hydroelectric Power Plant Portugal - Vilar-Tabuaco Hydroelectric Power Plant Portugal", "reservoir": null, "country": "Portugal", "iso3": "PRT", "capacity_mw": 58.0, "latest_month": "2026-08", "area_km2": 4.65, "area_anomaly": 0.05, "area_anomaly_3mo": 0.105, "precip_12mo_anomaly": 0.17, "pred_gen_anomaly": 0.278, "pred_gen_anomaly_lo": -0.438, "pred_gen_anomaly_hi": 0.961, "pred_gen_anomaly_3mo": 0.413, "has_generation_truth": false, "confidence": "short residence time (weak area signal)", "match_method": "hydrolakes_pour"}}, {"type": "Feature", "geometry": {"type": "Point", "coordinates": [92.2956, 55.9367]}, "properties": {"gww_id": 92026, "name": "Krasnoyarsk", "reservoir": "Krasnoyarsk Reservoir", "country": "Russia", "iso3": "RUS", "capacity_mw": 6000.0, "latest_month": "2026-08", "area_km2": 1669.97, "area_anomaly": 0.05, "area_anomaly_3mo": 0.055, "precip_12mo_anomaly": 0.039, "pred_gen_anomaly": 0.122, "pred_gen_anomaly_lo": -0.25, "pred_gen_anomaly_hi": 0.486, "pred_gen_anomaly_3mo": 0.062, "has_generation_truth": false, "confidence": "carry-over storage (validated class)", "match_method": "hydrolakes_pour"}}, {"type": "Feature", "geometry": {"type": "Point", "coordinates": [-45.26194444, -18.2175]}, "properties": {"gww_id": 91678, "name": "TR\u00caS MARIAS", "reservoir": "Tres Marias Reservoir", "country": "BRA", "iso3": "BRA", "capacity_mw": 396.0, "latest_month": "2026-08", "area_km2": 865.85, "area_anomaly": 0.218, "area_anomaly_3mo": 0.206, "precip_12mo_anomaly": 0.029, "pred_gen_anomaly": 0.105, "pred_gen_anomaly_lo": -0.312, "pred_gen_anomaly_hi": 0.892, "pred_gen_anomaly_3mo": 0.09, "has_generation_truth": true, "confidence": "carry-over storage (validated class)", "match_method": "hydrolakes_pour"}}, {"type": "Feature", "geometry": {"type": "Point", "coordinates": [111.2776, 34.2397]}, "properties": {"gww_id": 85900, "name": "Guxian Dam", "reservoir": null, "country": "China", "iso3": "CHN", "capacity_mw": 60.0, "latest_month": "2026-08", "area_km2": 13.89, "area_anomaly": 0.079, "area_anomaly_3mo": 0.039, "precip_12mo_anomaly": 0.59, "pred_gen_anomaly": 0.411, "pred_gen_anomaly_lo": -0.277, "pred_gen_anomaly_hi": 1.026, "pred_gen_anomaly_3mo": 0.365, "has_generation_truth": false, "confidence": "carry-over storage (validated class)", "match_method": "hydrolakes_pour"}}, {"type": "Feature", "geometry": {"type": "Point", "coordinates": [111.43, 39.58]}, "properties": {"gww_id": 87160, "name": "Wanjiazhai", "reservoir": null, "country": "China", "iso3": "CHN", "capacity_mw": 1080.0, "latest_month": "2026-08", "area_km2": 16.44, "area_anomaly": 0.124, "area_anomaly_3mo": 0.063, "precip_12mo_anomaly": 0.11, "pred_gen_anomaly": 0.064, "pred_gen_anomaly_lo": -0.162, "pred_gen_anomaly_hi": 0.321, "pred_gen_anomaly_3mo": 0.108, "has_generation_truth": false, "confidence": "short residence time (weak area signal)", "match_method": "hydrolakes_pour"}}, {"type": "Feature", "geometry": {"type": "Point", "coordinates": [-55.05194444, -28.14083333]}, "properties": {"gww_id": 80609, "name": "PASSO S\u00c3O JO\u00c3O", "reservoir": "Rio Iju\u00ed", "country": "BRA", "iso3": "BRA", "capacity_mw": 77.0, "latest_month": "2026-08", "area_km2": 4.5, "area_anomaly": 0.318, "area_anomaly_3mo": 0.43, "precip_12mo_anomaly": -0.005, "pred_gen_anomaly": 0.304, "pred_gen_anomaly_lo": -0.598, "pred_gen_anomaly_hi": 1.216, "pred_gen_anomaly_3mo": 0.24, "has_generation_truth": true, "confidence": "unknown residence time", "match_method": "gww_polygon"}}, {"type": "Feature", "geometry": {"type": "Point", "coordinates": [-6.464065072, 32.10625]}, "properties": {"gww_id": 87164, "name": "Afourer", "reservoir": null, "country": "Morocco", "iso3": "MAR", "capacity_mw": 84.0, "latest_month": "2026-08", "area_km2": 33.48, "area_anomaly": 0.441, "area_anomaly_3mo": 0.408, "precip_12mo_anomaly": 0.285, "pred_gen_anomaly": 0.481, "pred_gen_anomaly_lo": -0.429, "pred_gen_anomaly_hi": 1.539, "pred_gen_anomaly_3mo": 0.558, "has_generation_truth": false, "confidence": "carry-over storage (validated class)", "match_method": "hydrolakes_pour"}}, {"type": "Feature", "geometry": {"type": "Point", "coordinates": [111.13, 39.06]}, "properties": {"gww_id": 80687, "name": "Tianqiao", "reservoir": null, "country": "China", "iso3": "CHN", "capacity_mw": 128.0, "latest_month": "2026-08", "area_km2": 2.26, "area_anomaly": -0.17, "area_anomaly_3mo": -0.114, "precip_12mo_anomaly": 0.116, "pred_gen_anomaly": 0.041, "pred_gen_anomaly_lo": -0.392, "pred_gen_anomaly_hi": 0.378, "pred_gen_anomaly_3mo": 0.119, "has_generation_truth": false, "confidence": "unknown residence time", "match_method": "gww_polygon"}}, {"type": "Feature", "geometry": {"type": "Point", "coordinates": [103.27, 36.06]}, "properties": {"gww_id": 85893, "name": "Yanguoxia", "reservoir": null, "country": "China", "iso3": "CHN", "capacity_mw": 440.0, "latest_month": "2026-08", "area_km2": 9.44, "area_anomaly": -0.084, "area_anomaly_3mo": -0.081, "precip_12mo_anomaly": 0.003, "pred_gen_anomaly": -0.118, "pred_gen_anomaly_lo": -0.402, "pred_gen_anomaly_hi": 0.358, "pred_gen_anomaly_3mo": -0.06, "has_generation_truth": false, "confidence": "short residence time (weak area signal)", "match_method": "hydrolakes_pour"}}, {"type": "Feature", "geometry": {"type": "Point", "coordinates": [-42.66305556, -19.11472222]}, "properties": {"gww_id": 80514, "name": "PORTO ESTRELA", "reservoir": "Lago da Represa de Porto Estrela", "country": "BRA", "iso3": "BRA", "capacity_mw": 214.0, "latest_month": "2026-08", "area_km2": 2.93, "area_anomaly": -0.117, "area_anomaly_3mo": -0.116, "precip_12mo_anomaly": 0.046, "pred_gen_anomaly": -0.097, "pred_gen_anomaly_lo": -0.597, "pred_gen_anomaly_hi": 0.445, "pred_gen_anomaly_3mo": -0.064, "has_generation_truth": true, "confidence": "unknown residence time", "match_method": "gww_polygon"}}, {"type": "Feature", "geometry": {"type": "Point", "coordinates": [108.61, 23.97]}, "properties": {"gww_id": 87238, "name": "Letan", "reservoir": "\u4e50\u6ee9\u6c34\u5e93", "country": "China", "iso3": "CHN", "capacity_mw": 600.0, "latest_month": "2026-08", "area_km2": 18.61, "area_anomaly": 0.014, "area_anomaly_3mo": 0.017, "precip_12mo_anomaly": 0.277, "pred_gen_anomaly": 0.232, "pred_gen_anomaly_lo": -0.31, "pred_gen_anomaly_hi": 1.055, "pred_gen_anomaly_3mo": 0.159, "has_generation_truth": false, "confidence": "unknown residence time", "match_method": "gww_polygon"}}, {"type": "Feature", "geometry": {"type": "Point", "coordinates": [69.969, 41.627]}, "properties": {"gww_id": 87239, "name": "Charvak", "reservoir": null, "country": "Uzbekistan", "iso3": "UZB", "capacity_mw": 620.0, "latest_month": "2026-08", "area_km2": 34.58, "area_anomaly": 0.049, "area_anomaly_3mo": 0.033, "precip_12mo_anomaly": 0.02, "pred_gen_anomaly": 0.031, "pred_gen_anomaly_lo": -0.311, "pred_gen_anomaly_hi": 0.43, "pred_gen_anomaly_3mo": 0.061, "has_generation_truth": false, "confidence": "carry-over storage (validated class)", "match_method": "hydrolakes_pour"}}, {"type": "Feature", "geometry": {"type": "Point", "coordinates": [0.91314, 42.17969]}, "properties": {"gww_id": 82387, "name": "Talarn Talarn Hydroelectric Power Plant Spain - Talarn Hydroelectric Power Plant Spain", "reservoir": null, "country": "Spain", "iso3": "ESP", "capacity_mw": 37.4, "latest_month": "2026-08", "area_km2": 6.58, "area_anomaly": -0.057, "area_anomaly_3mo": -0.018, "precip_12mo_anomaly": 0.106, "pred_gen_anomaly": -0.139, "pred_gen_anomaly_lo": -0.647, "pred_gen_anomaly_hi": 0.474, "pred_gen_anomaly_3mo": -0.068, "has_generation_truth": false, "confidence": "short residence time (weak area signal)", "match_method": "hydrolakes_pour"}}, {"type": "Feature", "geometry": {"type": "Point", "coordinates": [7.464583333, 12.36458333]}, "properties": {"gww_id": 87267, "name": "Zamfara", "reservoir": null, "country": "Nigeria", "iso3": "NGA", "capacity_mw": 100.0, "latest_month": "2026-08", "area_km2": 30.9, "area_anomaly": -0.08, "area_anomaly_3mo": -0.128, "precip_12mo_anomaly": 0.002, "pred_gen_anomaly": -0.209, "pred_gen_anomaly_lo": -0.904, "pred_gen_anomaly_hi": 0.629, "pred_gen_anomaly_3mo": -0.14, "has_generation_truth": false, "confidence": "carry-over storage (validated class)", "match_method": "hydrolakes_pour"}}, {"type": "Feature", "geometry": {"type": "Point", "coordinates": [47.7622, 52.0481]}, "properties": {"gww_id": 91669, "name": "Saratovskaya HPP", "reservoir": "Saratov Reservoir", "country": "Russia", "iso3": "RUS", "capacity_mw": 1403.0, "latest_month": "2026-08", "area_km2": 1058.9, "area_anomaly": -0.007, "area_anomaly_3mo": 0.001, "precip_12mo_anomaly": -0.018, "pred_gen_anomaly": 0.027, "pred_gen_anomaly_lo": -0.169, "pred_gen_anomaly_hi": 0.265, "pred_gen_anomaly_3mo": -0.004, "has_generation_truth": false, "confidence": "short residence time (weak area signal)", "match_method": "hydrolakes_pour"}}, {"type": "Feature", "geometry": {"type": "Point", "coordinates": [101.88, 27.82]}, "properties": {"gww_id": 85803, "name": "Guandi", "reservoir": null, "country": "China", "iso3": "CHN", "capacity_mw": 2400.0, "latest_month": "2026-08", "area_km2": 12.78, "area_anomaly": 0.23, "area_anomaly_3mo": 0.073, "precip_12mo_anomaly": -0.064, "pred_gen_anomaly": -0.015, "pred_gen_anomaly_lo": -0.383, "pred_gen_anomaly_hi": 0.449, "pred_gen_anomaly_3mo": 0.017, "has_generation_truth": false, "confidence": "unknown residence time", "match_method": "gww_polygon"}}, {"type": "Feature", "geometry": {"type": "Point", "coordinates": [-84.3802, 43.6773]}, "properties": {"gww_id": 82351, "name": "Sanford", "reservoir": null, "country": "USA", "iso3": "USA", "capacity_mw": 3.6, "latest_month": "2026-08", "area_km2": 5.67, "area_anomaly": 0.221, "area_anomaly_3mo": 0.031, "precip_12mo_anomaly": 0.066, "pred_gen_anomaly": -0.082, "pred_gen_anomaly_lo": -0.62, "pred_gen_anomaly_hi": 0.651, "pred_gen_anomaly_3mo": -0.14, "has_generation_truth": true, "confidence": "short residence time (weak area signal)", "match_method": "hydrolakes_pour"}}, {"type": "Feature", "geometry": {"type": "Point", "coordinates": [108.2249, 33.0399]}, "properties": {"gww_id": 85929, "name": "Shiquan Dam", "reservoir": null, "country": "China", "iso3": "CHN", "capacity_mw": 225.0, "latest_month": "2026-08", "area_km2": 11.19, "area_anomaly": -0.018, "area_anomaly_3mo": -0.004, "precip_12mo_anomaly": 0.461, "pred_gen_anomaly": 0.07, "pred_gen_anomaly_lo": -0.275, "pred_gen_anomaly_hi": 0.507, "pred_gen_anomaly_3mo": 0.186, "has_generation_truth": false, "confidence": "short residence time (weak area signal)", "match_method": "hydrolakes_pour"}}, {"type": "Feature", "geometry": {"type": "Point", "coordinates": [-8.193, 42.155998]}, "properties": {"gww_id": 80701, "name": "FRIEIRA", "reservoir": null, "country": "Spain", "iso3": "ESP", "capacity_mw": 130.0, "latest_month": "2026-08", "area_km2": 3.67, "area_anomaly": 0.025, "area_anomaly_3mo": 0.021, "precip_12mo_anomaly": 0.161, "pred_gen_anomaly": 0.019, "pred_gen_anomaly_lo": -0.301, "pred_gen_anomaly_hi": 0.354, "pred_gen_anomaly_3mo": -0.002, "has_generation_truth": false, "confidence": "short residence time (weak area signal)", "match_method": "hydrolakes_pour"}}, {"type": "Feature", "geometry": {"type": "Point", "coordinates": [169.307, -45.1793]}, "properties": {"gww_id": 87069, "name": "Clyde", "reservoir": null, "country": "New Zealand", "iso3": "NZL", "capacity_mw": 432.0, "latest_month": "2026-08", "area_km2": 23.5, "area_anomaly": -0.051, "area_anomaly_3mo": -0.007, "precip_12mo_anomaly": -0.034, "pred_gen_anomaly": 0.027, "pred_gen_anomaly_lo": -0.289, "pred_gen_anomaly_hi": 0.332, "pred_gen_anomaly_3mo": -0.049, "has_generation_truth": false, "confidence": "short residence time (weak area signal)", "match_method": "hydrolakes_pour"}}, {"type": "Feature", "geometry": {"type": "Point", "coordinates": [-51.95611111, -25.64611111]}, "properties": {"gww_id": 82163, "name": "SANTA CLARA (PR)", "reservoir": "Reservat\u00f3rio Santa Clara", "country": "BRA", "iso3": "BRA", "capacity_mw": 120.1, "latest_month": "2026-08", "area_km2": 6.59, "area_anomaly": 0.277, "area_anomaly_3mo": 0.263, "precip_12mo_anomaly": 0.082, "pred_gen_anomaly": 0.196, "pred_gen_anomaly_lo": -0.5, "pred_gen_anomaly_hi": 0.938, "pred_gen_anomaly_3mo": 0.211, "has_generation_truth": true, "confidence": "unknown residence time", "match_method": "gww_polygon"}}, {"type": "Feature", "geometry": {"type": "Point", "coordinates": [102.23, 35.88]}, "properties": {"gww_id": 86716, "name": "Gongboxia", "reservoir": null, "country": "China", "iso3": "CHN", "capacity_mw": 1500.0, "latest_month": "2026-08", "area_km2": 18.73, "area_anomaly": 0.038, "area_anomaly_3mo": 0.05, "precip_12mo_anomaly": -0.023, "pred_gen_anomaly": -0.048, "pred_gen_anomaly_lo": -0.184, "pred_gen_anomaly_hi": 0.368, "pred_gen_anomaly_3mo": 0.022, "has_generation_truth": false, "confidence": "short residence time (weak area signal)", "match_method": "hydrolakes_pour"}}, {"type": "Feature", "geometry": {"type": "Point", "coordinates": [-50.76722222, -19.14555556]}, "properties": {"gww_id": 86027, "name": "SALTO DO RIO VERDINHO", "reservoir": "Reservat\u00f3rio UHE Salto do Rio Verdinho", "country": "BRA", "iso3": "BRA", "capacity_mw": 93.0, "latest_month": "2026-08", "area_km2": 19.57, "area_anomaly": 0.178, "area_anomaly_3mo": 0.25, "precip_12mo_anomaly": 0.038, "pred_gen_anomaly": 0.203, "pred_gen_anomaly_lo": -0.497, "pred_gen_anomaly_hi": 1.011, "pred_gen_anomaly_3mo": 0.094, "has_generation_truth": true, "confidence": "unknown residence time", "match_method": "gww_polygon"}}, {"type": "Feature", "geometry": {"type": "Point", "coordinates": [34.541, 48.5485]}, "properties": {"gww_id": 92003, "name": "Dniprodzerzhynsk", "reservoir": "Kremenchuk Reservoir", "country": "Ukraine", "iso3": "UKR", "capacity_mw": 357.0, "latest_month": "2026-08", "area_km2": 1840.51, "area_anomaly": -0.001, "area_anomaly_3mo": -0.006, "precip_12mo_anomaly": -0.006, "pred_gen_anomaly": 0.006, "pred_gen_anomaly_lo": -0.292, "pred_gen_anomaly_hi": 0.31, "pred_gen_anomaly_3mo": -0.017, "has_generation_truth": false, "confidence": "short residence time (weak area signal)", "match_method": "hydrolakes_pour"}}, {"type": "Feature", "geometry": {"type": "Point", "coordinates": [-7.724, 42.465]}, "properties": {"gww_id": 80973, "name": "Los Peares", "reservoir": null, "country": "Spain", "iso3": "ESP", "capacity_mw": 193.4, "latest_month": "2026-08", "area_km2": 4.32, "area_anomaly": 0.02, "area_anomaly_3mo": 0.016, "precip_12mo_anomaly": 0.153, "pred_gen_anomaly": 0.007, "pred_gen_anomaly_lo": -0.331, "pred_gen_anomaly_hi": 0.442, "pred_gen_anomaly_3mo": -0.01, "has_generation_truth": false, "confidence": "short residence time (weak area signal)", "match_method": "hydrolakes_pour"}}, {"type": "Feature", "geometry": {"type": "Point", "coordinates": [-48.30583333, -13.83416667]}, "properties": {"gww_id": 91687, "name": "SERRA DA MESA", "reservoir": "Serra da Mesa Reservoir", "country": "BRA", "iso3": "BRA", "capacity_mw": 1275.0, "latest_month": "2026-08", "area_km2": 933.53, "area_anomaly": 0.108, "area_anomaly_3mo": 0.118, "precip_12mo_anomaly": 0.063, "pred_gen_anomaly": 0.161, "pred_gen_anomaly_lo": -0.306, "pred_gen_anomaly_hi": 0.859, "pred_gen_anomaly_3mo": 0.122, "has_generation_truth": true, "confidence": "carry-over storage (validated class)", "match_method": "hydrolakes_pour"}}, {"type": "Feature", "geometry": {"type": "Point", "coordinates": [-5.081343294, 6.23125]}, "properties": {"gww_id": 86815, "name": "Taabo", "reservoir": null, "country": "Ivory Coast", "iso3": "CIV", "capacity_mw": 210.0, "latest_month": "2026-08", "area_km2": 28.34, "area_anomaly": 0.029, "area_anomaly_3mo": 0.031, "precip_12mo_anomaly": 0.037, "pred_gen_anomaly": -0.101, "pred_gen_anomaly_lo": -0.471, "pred_gen_anomaly_hi": 0.382, "pred_gen_anomaly_3mo": 0.004, "has_generation_truth": false, "confidence": "short residence time (weak area signal)", "match_method": "hydrolakes_pour"}}, {"type": "Feature", "geometry": {"type": "Point", "coordinates": [-6.822516377, 31.81458333]}, "properties": {"gww_id": 80935, "name": "Hassan I", "reservoir": null, "country": "Morocco", "iso3": "MAR", "capacity_mw": 67.2, "latest_month": "2026-08", "area_km2": 6.3, "area_anomaly": 0.478, "area_anomaly_3mo": 0.431, "precip_12mo_anomaly": 0.283, "pred_gen_anomaly": 0.378, "pred_gen_anomaly_lo": -0.299, "pred_gen_anomaly_hi": 0.839, "pred_gen_anomaly_3mo": 0.463, "has_generation_truth": false, "confidence": "short residence time (weak area signal)", "match_method": "hydrolakes_pour"}}, {"type": "Feature", "geometry": {"type": "Point", "coordinates": [-54.81333333, -28.17694444]}, "properties": {"gww_id": 85973, "name": "S\u00c3O JOS\u00c9", "reservoir": "Represa da UHE S\u00e3o Jos\u00e9", "country": "BRA", "iso3": "BRA", "capacity_mw": 51.0, "latest_month": "2026-08", "area_km2": 16.27, "area_anomaly": 0.15, "area_anomaly_3mo": 0.198, "precip_12mo_anomaly": -0.005, "pred_gen_anomaly": 0.163, "pred_gen_anomaly_lo": -0.566, "pred_gen_anomaly_hi": 0.995, "pred_gen_anomaly_3mo": 0.151, "has_generation_truth": true, "confidence": "unknown residence time", "match_method": "gww_polygon"}}, {"type": "Feature", "geometry": {"type": "Point", "coordinates": [25.64052, 41.61227]}, "properties": {"gww_id": 86923, "name": "Studen kladenets Studen Kladenets Hydroelectric Power Plant Bulgaria - Studen Kladenets Hydroelectric Power Plant Bulgaria", "reservoir": null, "country": "Bulgaria", "iso3": "BGR", "capacity_mw": 85.0, "latest_month": "2026-08", "area_km2": 17.59, "area_anomaly": -0.209, "area_anomaly_3mo": -0.214, "precip_12mo_anomaly": 0.342, "pred_gen_anomaly": 0.026, "pred_gen_anomaly_lo": -0.566, "pred_gen_anomaly_hi": 0.316, "pred_gen_anomaly_3mo": 0.194, "has_generation_truth": false, "confidence": "carry-over storage (validated class)", "match_method": "hydrolakes_pour"}}, {"type": "Feature", "geometry": {"type": "Point", "coordinates": [-51.00444444, -18.72111111]}, "properties": {"gww_id": 86990, "name": "BARRA DOS COQUEIROS", "reservoir": "Reservat\u00f3rio UHE Barra dos Coqueiros", "country": "BRA", "iso3": "BRA", "capacity_mw": 90.0, "latest_month": "2026-08", "area_km2": 24.27, "area_anomaly": 0.207, "area_anomaly_3mo": 0.213, "precip_12mo_anomaly": 0.04, "pred_gen_anomaly": 0.233, "pred_gen_anomaly_lo": -0.495, "pred_gen_anomaly_hi": 1.08, "pred_gen_anomaly_3mo": 0.223, "has_generation_truth": true, "confidence": "unknown residence time", "match_method": "gww_polygon"}}, {"type": "Feature", "geometry": {"type": "Point", "coordinates": [-7.8029, 39.5428]}, "properties": {"gww_id": 82262, "name": "Fratel Fratel - G1 - Fratel Hydroelectric Power Plant Portugal", "reservoir": null, "country": "Portugal", "iso3": "PRT", "capacity_mw": 173.0, "latest_month": "2026-08", "area_km2": 4.76, "area_anomaly": 0.01, "area_anomaly_3mo": 0.015, "precip_12mo_anomaly": 0.217, "pred_gen_anomaly": 0.019, "pred_gen_anomaly_lo": -0.314, "pred_gen_anomaly_hi": 0.325, "pred_gen_anomaly_3mo": 0.071, "has_generation_truth": false, "confidence": "short residence time (weak area signal)", "match_method": "hydrolakes_pour"}}, {"type": "Feature", "geometry": {"type": "Point", "coordinates": [-84.3418, 44.0411]}, "properties": {"gww_id": 80771, "name": "Secord", "reservoir": null, "country": "USA", "iso3": "USA", "capacity_mw": 1.2, "latest_month": "2026-08", "area_km2": 2.34, "area_anomaly": -0.086, "area_anomaly_3mo": 0.015, "precip_12mo_anomaly": 0.066, "pred_gen_anomaly": 0.077, "pred_gen_anomaly_lo": -0.368, "pred_gen_anomaly_hi": 0.526, "pred_gen_anomaly_3mo": 0.106, "has_generation_truth": true, "confidence": "short residence time (weak area signal)", "match_method": "hydrolakes_pour"}}, {"type": "Feature", "geometry": {"type": "Point", "coordinates": [-94.1097, 56.5075]}, "properties": {"gww_id": 87023, "name": "Limestone", "reservoir": null, "country": "Canada", "iso3": "CAN", "capacity_mw": 2330.0, "latest_month": "2026-08", "area_km2": 27.95, "area_anomaly": 0.005, "area_anomaly_3mo": 0.026, "precip_12mo_anomaly": 0.19, "pred_gen_anomaly": 0.141, "pred_gen_anomaly_lo": -0.177, "pred_gen_anomaly_hi": 0.411, "pred_gen_anomaly_3mo": 0.096, "has_generation_truth": false, "confidence": "short residence time (weak area signal)", "match_method": "gww_polygon"}}, {"type": "Feature", "geometry": {"type": "Point", "coordinates": [110.27, 28.72]}, "properties": {"gww_id": 87036, "name": "Fengtan", "reservoir": null, "country": "China", "iso3": "CHN", "capacity_mw": 800.0, "latest_month": "2026-08", "area_km2": 20.54, "area_anomaly": 0.009, "area_anomaly_3mo": 0.028, "precip_12mo_anomaly": 0.176, "pred_gen_anomaly": 0.055, "pred_gen_anomaly_lo": -0.333, "pred_gen_anomaly_hi": 0.636, "pred_gen_anomaly_3mo": 0.179, "has_generation_truth": false, "confidence": "short residence time (weak area signal)", "match_method": "hydrolakes_pour"}}, {"type": "Feature", "geometry": {"type": "Point", "coordinates": [2.21906, 44.94516]}, "properties": {"gww_id": 80709, "name": "St etienne cantales ST ETIENNE CANTALES - Saint Etienne Cantales Hydroelectric Power Station France", "reservoir": null, "country": "France", "iso3": "FRA", "capacity_mw": 103.3, "latest_month": "2026-08", "area_km2": 4.34, "area_anomaly": 0.003, "area_anomaly_3mo": 0.022, "precip_12mo_anomaly": -0.048, "pred_gen_anomaly": -0.142, "pred_gen_anomaly_lo": -0.512, "pred_gen_anomaly_hi": 0.236, "pred_gen_anomaly_3mo": -0.104, "has_generation_truth": false, "confidence": "short residence time (weak area signal)", "match_method": "hydrolakes_pour"}}, {"type": "Feature", "geometry": {"type": "Point", "coordinates": [47.4661, 56.1373]}, "properties": {"gww_id": 91679, "name": "Cheboksarskaya HPP", "reservoir": "Cheboksary", "country": "Russia", "iso3": "RUS", "capacity_mw": 1370.0, "latest_month": "2026-08", "area_km2": 905.09, "area_anomaly": -0.033, "area_anomaly_3mo": -0.032, "precip_12mo_anomaly": -0.058, "pred_gen_anomaly": -0.026, "pred_gen_anomaly_lo": -0.214, "pred_gen_anomaly_hi": 0.224, "pred_gen_anomaly_3mo": -0.042, "has_generation_truth": false, "confidence": "short residence time (weak area signal)", "match_method": "hydrolakes_pour"}}, {"type": "Feature", "geometry": {"type": "Point", "coordinates": [28.82708333, -14.69836621]}, "properties": {"gww_id": 87292, "name": "Mulungushi", "reservoir": null, "country": "Zambia", "iso3": "ZMB", "capacity_mw": 32.0, "latest_month": "2026-08", "area_km2": 27.84, "area_anomaly": 0.586, "area_anomaly_3mo": 0.597, "precip_12mo_anomaly": 0.015, "pred_gen_anomaly": 0.565, "pred_gen_anomaly_lo": -0.355, "pred_gen_anomaly_hi": 1.48, "pred_gen_anomaly_3mo": 0.441, "has_generation_truth": false, "confidence": "short residence time (weak area signal)", "match_method": "hydrolakes_pour"}}, {"type": "Feature", "geometry": {"type": "Point", "coordinates": [115.5, 29.21]}, "properties": {"gww_id": 89993, "name": "Zhelin", "reservoir": null, "country": "China", "iso3": "CHN", "capacity_mw": 180.0, "latest_month": "2026-08", "area_km2": 234.98, "area_anomaly": -0.04, "area_anomaly_3mo": -0.028, "precip_12mo_anomaly": 0.029, "pred_gen_anomaly": -0.16, "pred_gen_anomaly_lo": -0.772, "pred_gen_anomaly_hi": 0.686, "pred_gen_anomaly_3mo": -0.218, "has_generation_truth": false, "confidence": "carry-over storage (validated class)", "match_method": "hydrolakes_pour"}}, {"type": "Feature", "geometry": {"type": "Point", "coordinates": [-120.953341, 39.134259]}, "properties": {"gww_id": 78905, "name": "Rollins", "reservoir": null, "country": "USA", "iso3": "USA", "capacity_mw": 12.1, "latest_month": "2026-08", "area_km2": 2.68, "area_anomaly": 0.053, "area_anomaly_3mo": 0.015, "precip_12mo_anomaly": -0.059, "pred_gen_anomaly": -0.065, "pred_gen_anomaly_lo": -0.455, "pred_gen_anomaly_hi": 0.327, "pred_gen_anomaly_3mo": -0.14, "has_generation_truth": true, "confidence": "short residence time (weak area signal)", "match_method": "hydrolakes_pour"}}, {"type": "Feature", "geometry": {"type": "Point", "coordinates": [22.1253, 40.3305]}, "properties": {"gww_id": 78896, "name": "Polyfyto POLYFYTO - Polyfyto  Hydroelectric Power Plant Greece", "reservoir": null, "country": "Greece", "iso3": "GRC", "capacity_mw": 375.0, "latest_month": "2026-08", "area_km2": 3.39, "area_anomaly": 0.015, "area_anomaly_3mo": 0.013, "precip_12mo_anomaly": 0.42, "pred_gen_anomaly": 0.145, "pred_gen_anomaly_lo": -0.274, "pred_gen_anomaly_hi": 0.553, "pred_gen_anomaly_3mo": 0.301, "has_generation_truth": false, "confidence": "unknown residence time", "match_method": "gww_polygon"}}, {"type": "Feature", "geometry": {"type": "Point", "coordinates": [108.9683, 19.1801]}, "properties": {"gww_id": 75321, "name": "Gezhen Dam", "reservoir": null, "country": "China", "iso3": "CHN", "capacity_mw": 80.0, "latest_month": "2026-08", "area_km2": 2.19, "area_anomaly": 0.089, "area_anomaly_3mo": 0.099, "precip_12mo_anomaly": -0.039, "pred_gen_anomaly": -0.1, "pred_gen_anomaly_lo": -0.587, "pred_gen_anomaly_hi": 0.507, "pred_gen_anomaly_3mo": -0.096, "has_generation_truth": false, "confidence": "unknown residence time", "match_method": "gww_polygon"}}, {"type": "Feature", "geometry": {"type": "Point", "coordinates": [100.82, 26.2]}, "properties": {"gww_id": 83538, "name": "Ludila", "reservoir": null, "country": "China", "iso3": "CHN", "capacity_mw": 2160.0, "latest_month": "2026-08", "area_km2": 7.76, "area_anomaly": 0.299, "area_anomaly_3mo": 0.199, "precip_12mo_anomaly": -0.048, "pred_gen_anomaly": 0.111, "pred_gen_anomaly_lo": -0.451, "pred_gen_anomaly_hi": 0.713, "pred_gen_anomaly_3mo": 0.186, "has_generation_truth": false, "confidence": "unknown residence time", "match_method": "gww_polygon"}}, {"type": "Feature", "geometry": {"type": "Point", "coordinates": [125.4621, 38.5979]}, "properties": {"gww_id": 75208, "name": "Unbong", "reservoir": null, "country": "North Korea", "iso3": "PRK", "capacity_mw": 400.0, "latest_month": "2026-08", "area_km2": 1.75, "area_anomaly": 0.07, "area_anomaly_3mo": -0.016, "precip_12mo_anomaly": 0.152, "pred_gen_anomaly": 0.013, "pred_gen_anomaly_lo": -0.311, "pred_gen_anomaly_hi": 0.6, "pred_gen_anomaly_3mo": 0.039, "has_generation_truth": false, "confidence": "short residence time (weak area signal)", "match_method": "hydrolakes_pour"}}, {"type": "Feature", "geometry": {"type": "Point", "coordinates": [-3.7775, 56.71694444]}, "properties": {"gww_id": 65452, "name": "Clunie Cascade CLUN-1", "reservoir": null, "country": "United Kingdom", "iso3": "GBR", "capacity_mw": 61.0, "latest_month": "2026-08", "area_km2": 0.65, "area_anomaly": 0.032, "area_anomaly_3mo": -0.018, "precip_12mo_anomaly": 0.084, "pred_gen_anomaly": -0.06, "pred_gen_anomaly_lo": -0.376, "pred_gen_anomaly_hi": 0.289, "pred_gen_anomaly_3mo": 0.008, "has_generation_truth": false, "confidence": "unknown residence time", "match_method": "gww_polygon"}}, {"type": "Feature", "geometry": {"type": "Point", "coordinates": [-7.851, 42.3589]}, "properties": {"gww_id": 75017, "name": "VELLE GRUPO 2", "reservoir": null, "country": "Spain", "iso3": "ESP", "capacity_mw": 86.5, "latest_month": "2026-08", "area_km2": 1.53, "area_anomaly": 0.03, "area_anomaly_3mo": 0.031, "precip_12mo_anomaly": 0.158, "pred_gen_anomaly": 0.001, "pred_gen_anomaly_lo": -0.383, "pred_gen_anomaly_hi": 0.389, "pred_gen_anomaly_3mo": -0.014, "has_generation_truth": false, "confidence": "short residence time (weak area signal)", "match_method": "hydrolakes_pour"}}, {"type": "Feature", "geometry": {"type": "Point", "coordinates": [-51.66472222, -26.00944444]}, "properties": {"gww_id": 89273, "name": "GOV. BENTO MUNHOZ", "reservoir": null, "country": "BRA", "iso3": "BRA", "capacity_mw": 1676.0, "latest_month": "2026-08", "area_km2": 107.74, "area_anomaly": 0.127, "area_anomaly_3mo": 0.048, "precip_12mo_anomaly": 0.016, "pred_gen_anomaly": -0.02, "pred_gen_anomaly_lo": -0.461, "pred_gen_anomaly_hi": 0.849, "pred_gen_anomaly_3mo": -0.125, "has_generation_truth": true, "confidence": "carry-over storage (validated class)", "match_method": "hydrolakes_pour"}}, {"type": "Feature", "geometry": {"type": "Point", "coordinates": [-0.304, 42.709]}, "properties": {"gww_id": 74930, "name": "LANUZA 1", "reservoir": null, "country": "Spain", "iso3": "ESP", "capacity_mw": 52.0, "latest_month": "2026-08", "area_km2": 1.39, "area_anomaly": -0.127, "area_anomaly_3mo": -0.085, "precip_12mo_anomaly": 0.112, "pred_gen_anomaly": -0.165, "pred_gen_anomaly_lo": -0.571, "pred_gen_anomaly_hi": 0.315, "pred_gen_anomaly_3mo": -0.1, "has_generation_truth": false, "confidence": "unknown residence time", "match_method": "gww_polygon"}}, {"type": "Feature", "geometry": {"type": "Point", "coordinates": [105.3233, 20.8082]}, "properties": {"gww_id": 89209, "name": "Hoa Binh", "reservoir": null, "country": "Vietnam", "iso3": "VNM", "capacity_mw": 1920.0, "latest_month": "2026-08", "area_km2": 84.93, "area_anomaly": 0.001, "area_anomaly_3mo": -0.007, "precip_12mo_anomaly": 0.189, "pred_gen_anomaly": 0.189, "pred_gen_anomaly_lo": -0.3, "pred_gen_anomaly_hi": 0.67, "pred_gen_anomaly_3mo": 0.197, "has_generation_truth": false, "confidence": "short residence time (weak area signal)", "match_method": "hydrolakes_pour"}}, {"type": "Feature", "geometry": {"type": "Point", "coordinates": [99.3405, 25.5803]}, "properties": {"gww_id": 74928, "name": "Yunnan Gongguoqiao", "reservoir": "Gongguoqiao Reservoir", "country": "China", "iso3": "CHN", "capacity_mw": 1650.0, "latest_month": "2026-08", "area_km2": 1.87, "area_anomaly": 0.173, "area_anomaly_3mo": 0.099, "precip_12mo_anomaly": -0.051, "pred_gen_anomaly": 0.029, "pred_gen_anomaly_lo": -0.441, "pred_gen_anomaly_hi": 0.556, "pred_gen_anomaly_3mo": 0.094, "has_generation_truth": false, "confidence": "unknown residence time", "match_method": "gww_polygon"}}, {"type": "Feature", "geometry": {"type": "Point", "coordinates": [-103.7059, 20.9088]}, "properties": {"gww_id": 83562, "name": "Manuel M. Di\u00c3\u00a9guez (Santa Rosa)", "reservoir": null, "country": "Mexico", "iso3": "MEX", "capacity_mw": 70.0, "latest_month": "2026-08", "area_km2": 5.46, "area_anomaly": -0.188, "area_anomaly_3mo": -0.01, "precip_12mo_anomaly": -0.242, "pred_gen_anomaly": -0.115, "pred_gen_anomaly_lo": -0.56, "pred_gen_anomaly_hi": 0.36, "pred_gen_anomaly_3mo": -0.017, "has_generation_truth": false, "confidence": "short residence time (weak area signal)", "match_method": "hydrolakes_pour"}}, {"type": "Feature", "geometry": {"type": "Point", "coordinates": [20.5054, 41.4936]}, "properties": {"gww_id": 84614, "name": "Spilje Hydroelectric Power Plant Macedonia", "reservoir": null, "country": "North Macedonia", "iso3": "MKD", "capacity_mw": 84.0, "latest_month": "2026-08", "area_km2": 11.28, "area_anomaly": 0.017, "area_anomaly_3mo": 0.018, "precip_12mo_anomaly": 0.3, "pred_gen_anomaly": 0.078, "pred_gen_anomaly_lo": -0.366, "pred_gen_anomaly_hi": 0.576, "pred_gen_anomaly_3mo": 0.247, "has_generation_truth": false, "confidence": "carry-over storage (validated class)", "match_method": "hydrolakes_pour"}}, {"type": "Feature", "geometry": {"type": "Point", "coordinates": [72.259, 33.7793]}, "properties": {"gww_id": 74862, "name": "Ghazi Barotha", "reservoir": "Ghazi Brotha Reservoir II", "country": "Pakistan", "iso3": "PAK", "capacity_mw": 1450.0, "latest_month": "2026-08", "area_km2": 1.71, "area_anomaly": -0.08, "area_anomaly_3mo": -0.077, "precip_12mo_anomaly": 0.048, "pred_gen_anomaly": 0.14, "pred_gen_anomaly_lo": -0.177, "pred_gen_anomaly_hi": 0.537, "pred_gen_anomaly_3mo": 0.136, "has_generation_truth": false, "confidence": "unknown residence time", "match_method": "gww_polygon"}}, {"type": "Feature", "geometry": {"type": "Point", "coordinates": [38.1833, 36.3814]}, "properties": {"gww_id": 89289, "name": "Teshreen (Tishrin) Hydroelectric Power Project Syria", "reservoir": null, "country": "Syrian Arab Republic", "iso3": "SYR", "capacity_mw": 630.0, "latest_month": "2026-08", "area_km2": 144.53, "area_anomaly": -0.019, "area_anomaly_3mo": -0.015, "precip_12mo_anomaly": 0.481, "pred_gen_anomaly": 0.143, "pred_gen_anomaly_lo": -0.208, "pred_gen_anomaly_hi": 0.848, "pred_gen_anomaly_3mo": 0.26, "has_generation_truth": false, "confidence": "short residence time (weak area signal)", "match_method": "hydrolakes_pour"}}, {"type": "Feature", "geometry": {"type": "Point", "coordinates": [-48.37416667, -9.756388889]}, "properties": {"gww_id": 90564, "name": "LAJEADO", "reservoir": "Reservat\u00f3rio UHE Lu\u00eds Eduardo Magalh\u00e3es (Lajeado)", "country": "BRA", "iso3": "BRA", "capacity_mw": 902.5, "latest_month": "2026-08", "area_km2": 611.51, "area_anomaly": 0.041, "area_anomaly_3mo": 0.045, "precip_12mo_anomaly": 0.045, "pred_gen_anomaly": -0.043, "pred_gen_anomaly_lo": -0.3, "pred_gen_anomaly_hi": 0.453, "pred_gen_anomaly_3mo": -0.022, "has_generation_truth": true, "confidence": "unknown residence time", "match_method": "gww_polygon"}}, {"type": "Feature", "geometry": {"type": "Point", "coordinates": [-79.75277778, -0.92833333]}, "properties": {"gww_id": 89302, "name": "Marcel Laniado hidroelectrica", "reservoir": null, "country": "Ecuador", "iso3": "ECU", "capacity_mw": 213.0, "latest_month": "2026-08", "area_km2": 77.79, "area_anomaly": -0.067, "area_anomaly_3mo": -0.078, "precip_12mo_anomaly": 0.125, "pred_gen_anomaly": -0.128, "pred_gen_anomaly_lo": -0.542, "pred_gen_anomaly_hi": 0.557, "pred_gen_anomaly_3mo": -0.015, "has_generation_truth": false, "confidence": "carry-over storage (validated class)", "match_method": "hydrolakes_pour"}}, {"type": "Feature", "geometry": {"type": "Point", "coordinates": [118.08, 26.59]}, "properties": {"gww_id": 84597, "name": "Shaxikou", "reservoir": null, "country": "China", "iso3": "CHN", "capacity_mw": 300.0, "latest_month": "2026-08", "area_km2": 7.88, "area_anomaly": -0.034, "area_anomaly_3mo": -0.017, "precip_12mo_anomaly": -0.078, "pred_gen_anomaly": -0.166, "pred_gen_anomaly_lo": -0.571, "pred_gen_anomaly_hi": 0.394, "pred_gen_anomaly_3mo": -0.284, "has_generation_truth": false, "confidence": "short residence time (weak area signal)", "match_method": "hydrolakes_pour"}}, {"type": "Feature", "geometry": {"type": "Point", "coordinates": [17.716649, 68.090128]}, "properties": {"gww_id": 74917, "name": "B\u00c3\u00a5tsvatn", "reservoir": "Kobbvatnet", "country": "Norway", "iso3": "NOR", "capacity_mw": 30.0, "latest_month": "2026-08", "area_km2": 2.03, "area_anomaly": 0.002, "area_anomaly_3mo": -0.01, "precip_12mo_anomaly": 0.07, "pred_gen_anomaly": 0.108, "pred_gen_anomaly_lo": -0.314, "pred_gen_anomaly_hi": 0.526, "pred_gen_anomaly_3mo": 0.072, "has_generation_truth": false, "confidence": "short residence time (weak area signal)", "match_method": "gww_polygon"}}, {"type": "Feature", "geometry": {"type": "Point", "coordinates": [111.34, 34.83]}, "properties": {"gww_id": 89305, "name": "Sanmexia", "reservoir": null, "country": "China", "iso3": "CHN", "capacity_mw": 400.0, "latest_month": "2026-08", "area_km2": 49.3, "area_anomaly": 0.036, "area_anomaly_3mo": 0.139, "precip_12mo_anomaly": 0.29, "pred_gen_anomaly": 0.382, "pred_gen_anomaly_lo": -0.221, "pred_gen_anomaly_hi": 0.894, "pred_gen_anomaly_3mo": 0.381, "has_generation_truth": false, "confidence": "short residence time (weak area signal)", "match_method": "hydrolakes_pour"}}, {"type": "Feature", "geometry": {"type": "Point", "coordinates": [103.34, 35.93]}, "properties": {"gww_id": 89199, "name": "Liujiaxia", "reservoir": null, "country": "China", "iso3": "CHN", "capacity_mw": 1225.0, "latest_month": "2026-08", "area_km2": 106.82, "area_anomaly": -0.002, "area_anomaly_3mo": -0.01, "precip_12mo_anomaly": 0.003, "pred_gen_anomaly": -0.082, "pred_gen_anomaly_lo": -0.298, "pred_gen_anomaly_hi": 0.352, "pred_gen_anomaly_3mo": -0.012, "has_generation_truth": false, "confidence": "carry-over storage (validated class)", "match_method": "hydrolakes_pour"}}, {"type": "Feature", "geometry": {"type": "Point", "coordinates": [-19.2406, 64.2009]}, "properties": {"gww_id": 83522, "name": "Hrauneyjafoss", "reservoir": "Hrauneyjalon", "country": "Iceland", "iso3": "ISL", "capacity_mw": 210.0, "latest_month": "2026-08", "area_km2": 8.86, "area_anomaly": -0.025, "area_anomaly_3mo": 0.05, "precip_12mo_anomaly": -0.127, "pred_gen_anomaly": -0.112, "pred_gen_anomaly_lo": -0.44, "pred_gen_anomaly_hi": 0.144, "pred_gen_anomaly_3mo": -0.093, "has_generation_truth": false, "confidence": "short residence time (weak area signal)", "match_method": "hydrolakes_pour"}}, {"type": "Feature", "geometry": {"type": "Point", "coordinates": [101.78, 26.82]}, "properties": {"gww_id": 88999, "name": "Ertan", "reservoir": null, "country": "China", "iso3": "CHN", "capacity_mw": 3300.0, "latest_month": "2026-08", "area_km2": 72.22, "area_anomaly": 0.015, "area_anomaly_3mo": -0.005, "precip_12mo_anomaly": -0.06, "pred_gen_anomaly": -0.154, "pred_gen_anomaly_lo": -0.363, "pred_gen_anomaly_hi": 0.281, "pred_gen_anomaly_3mo": -0.146, "has_generation_truth": false, "confidence": "short residence time (weak area signal)", "match_method": "hydrolakes_pour"}}, {"type": "Feature", "geometry": {"type": "Point", "coordinates": [-93.565877, 31.173484]}, "properties": {"gww_id": 90569, "name": "Toledo Bend", "reservoir": "Toledo Bend Reservoir", "country": "USA", "iso3": "USA", "capacity_mw": 81.0, "latest_month": "2026-08", "area_km2": 602.05, "area_anomaly": 0.025, "area_anomaly_3mo": 0.005, "precip_12mo_anomaly": -0.323, "pred_gen_anomaly": -0.418, "pred_gen_anomaly_lo": -0.945, "pred_gen_anomaly_hi": 0.186, "pred_gen_anomaly_3mo": -0.496, "has_generation_truth": true, "confidence": "carry-over storage (validated class)", "match_method": "hydrolakes_pour"}}, {"type": "Feature", "geometry": {"type": "Point", "coordinates": [-50.70805556, -24.0625]}, "properties": {"gww_id": 89014, "name": "GOV. JAYME CANET", "reservoir": "Represa UHE Mau\u00e1", "country": "BRA", "iso3": "BRA", "capacity_mw": 363.1, "latest_month": "2026-08", "area_km2": 79.91, "area_anomaly": 0.101, "area_anomaly_3mo": 0.119, "precip_12mo_anomaly": -0.008, "pred_gen_anomaly": -0.038, "pred_gen_anomaly_lo": -0.484, "pred_gen_anomaly_hi": 0.667, "pred_gen_anomaly_3mo": -0.036, "has_generation_truth": true, "confidence": "unknown residence time", "match_method": "gww_polygon"}}, {"type": "Feature", "geometry": {"type": "Point", "coordinates": [-5.86416667, 42.85138889]}, "properties": {"gww_id": 83497, "name": "BARRIOS DE LUNA 1 (MORA LUNA)", "reservoir": null, "country": "Spain", "iso3": "ESP", "capacity_mw": 38.0, "latest_month": "2026-08", "area_km2": 5.94, "area_anomaly": -0.058, "area_anomaly_3mo": 0.016, "precip_12mo_anomaly": 0.155, "pred_gen_anomaly": -0.001, "pred_gen_anomaly_lo": -0.532, "pred_gen_anomaly_hi": 0.514, "pred_gen_anomaly_3mo": 0.042, "has_generation_truth": false, "confidence": "carry-over storage (validated class)", "match_method": "hydrolakes_pour"}}, {"type": "Feature", "geometry": {"type": "Point", "coordinates": [22.2439, 40.4744]}, "properties": {"gww_id": 75621, "name": "Asomata ASOMATA - Asomata Hydroelectric Power Plant Greece", "reservoir": null, "country": "Greece", "iso3": "GRC", "capacity_mw": 108.0, "latest_month": "2026-08", "area_km2": 1.84, "area_anomaly": 0.012, "area_anomaly_3mo": 0.009, "precip_12mo_anomaly": 0.42, "pred_gen_anomaly": 0.127, "pred_gen_anomaly_lo": -0.267, "pred_gen_anomaly_hi": 0.532, "pred_gen_anomaly_3mo": 0.313, "has_generation_truth": false, "confidence": "short residence time (weak area signal)", "match_method": "hydrolakes_pour"}}, {"type": "Feature", "geometry": {"type": "Point", "coordinates": [-87.7455, 15.0293]}, "properties": {"gww_id": 89092, "name": "Fransisco Morazan (el Cajon)", "reservoir": null, "country": "Honduras", "iso3": "HND", "capacity_mw": 300.0, "latest_month": "2026-08", "area_km2": 72.41, "area_anomaly": 0.075, "area_anomaly_3mo": 0.129, "precip_12mo_anomaly": 0.087, "pred_gen_anomaly": 0.183, "pred_gen_anomaly_lo": -0.321, "pred_gen_anomaly_hi": 0.901, "pred_gen_anomaly_3mo": 0.43, "has_generation_truth": false, "confidence": "carry-over storage (validated class)", "match_method": "hydrolakes_pour"}}, {"type": "Feature", "geometry": {"type": "Point", "coordinates": [114.7954, 26.4441]}, "properties": {"gww_id": 89093, "name": "Wanan Dam", "reservoir": null, "country": "China", "iso3": "CHN", "capacity_mw": 500.0, "latest_month": "2026-08", "area_km2": 77.88, "area_anomaly": 0.023, "area_anomaly_3mo": -0.009, "precip_12mo_anomaly": -0.055, "pred_gen_anomaly": -0.038, "pred_gen_anomaly_lo": -0.561, "pred_gen_anomaly_hi": 0.655, "pred_gen_anomaly_3mo": -0.196, "has_generation_truth": false, "confidence": "short residence time (weak area signal)", "match_method": "hydrolakes_pour"}}, {"type": "Feature", "geometry": {"type": "Point", "coordinates": [73.7501, 21.8301]}, "properties": {"gww_id": 89190, "name": "S.SAROVAR RBPH", "reservoir": null, "country": "India", "iso3": "IND", "capacity_mw": 1450.0, "latest_month": "2026-08", "area_km2": 116.38, "area_anomaly": 0.064, "area_anomaly_3mo": 0.112, "precip_12mo_anomaly": -0.032, "pred_gen_anomaly": 0.194, "pred_gen_anomaly_lo": -0.407, "pred_gen_anomaly_hi": 0.769, "pred_gen_anomaly_3mo": 0.251, "has_generation_truth": false, "confidence": "short residence time (weak area signal)", "match_method": "hydrolakes_pour"}}, {"type": "Feature", "geometry": {"type": "Point", "coordinates": [7.894692, 58.390377]}, "properties": {"gww_id": 83508, "name": "Iveland", "reservoir": null, "country": "Norway", "iso3": "NOR", "capacity_mw": 87.0, "latest_month": "2026-08", "area_km2": 6.9, "area_anomaly": 0.007, "area_anomaly_3mo": 0.007, "precip_12mo_anomaly": 0.058, "pred_gen_anomaly": 0.053, "pred_gen_anomaly_lo": -0.286, "pred_gen_anomaly_hi": 0.426, "pred_gen_anomaly_3mo": 0.033, "has_generation_truth": false, "confidence": "short residence time (weak area signal)", "match_method": "hydrolakes_pour"}}, {"type": "Feature", "geometry": {"type": "Point", "coordinates": [-83.3522, 34.7]}, "properties": {"gww_id": 75542, "name": "Tugalo", "reservoir": null, "country": "USA", "iso3": "USA", "capacity_mw": 67.3, "latest_month": "2026-08", "area_km2": 1.72, "area_anomaly": 0.006, "area_anomaly_3mo": 0.02, "precip_12mo_anomaly": -0.193, "pred_gen_anomaly": -0.181, "pred_gen_anomaly_lo": -0.532, "pred_gen_anomaly_hi": 0.197, "pred_gen_anomaly_3mo": -0.229, "has_generation_truth": true, "confidence": "short residence time (weak area signal)", "match_method": "hydrolakes_pour"}}, {"type": "Feature", "geometry": {"type": "Point", "coordinates": [-7.637797858, 32.47529786]}, "properties": {"gww_id": 89107, "name": "Al-Massira", "reservoir": null, "country": "Morocco", "iso3": "MAR", "capacity_mw": 128.0, "latest_month": "2026-08", "area_km2": 73.58, "area_anomaly": 0.129, "area_anomaly_3mo": 0.121, "precip_12mo_anomaly": 0.349, "pred_gen_anomaly": 0.047, "pred_gen_anomaly_lo": -0.615, "pred_gen_anomaly_hi": 0.809, "pred_gen_anomaly_3mo": 0.041, "has_generation_truth": false, "confidence": "carry-over storage (validated class)", "match_method": "hydrolakes_pour"}}, {"type": "Feature", "geometry": {"type": "Point", "coordinates": [112.36, 34.92]}, "properties": {"gww_id": 89113, "name": "Xiaolangdi", "reservoir": null, "country": "China", "iso3": "CHN", "capacity_mw": 1800.0, "latest_month": "2026-08", "area_km2": 94.4, "area_anomaly": -0.051, "area_anomaly_3mo": -0.039, "precip_12mo_anomaly": 0.293, "pred_gen_anomaly": 0.105, "pred_gen_anomaly_lo": -0.204, "pred_gen_anomaly_hi": 0.522, "pred_gen_anomaly_3mo": 0.247, "has_generation_truth": false, "confidence": "carry-over storage (validated class)", "match_method": "hydrolakes_pour"}}, {"type": "Feature", "geometry": {"type": "Point", "coordinates": [-6.1872, 41.575401]}, "properties": {"gww_id": 75481, "name": "CASTRO II - Castro Hydroelectric Power Plant Spain", "reservoir": null, "country": "Spain", "iso3": "ESP", "capacity_mw": 110.0, "latest_month": "2026-08", "area_km2": 1.01, "area_anomaly": 0.022, "area_anomaly_3mo": 0.004, "precip_12mo_anomaly": 0.115, "pred_gen_anomaly": -0.002, "pred_gen_anomaly_lo": -0.276, "pred_gen_anomaly_hi": 0.344, "pred_gen_anomaly_3mo": -0.025, "has_generation_truth": false, "confidence": "short residence time (weak area signal)", "match_method": "hydrolakes_pour"}}, {"type": "Feature", "geometry": {"type": "Point", "coordinates": [-49.64527778, -3.834166667]}, "properties": {"gww_id": 92108, "name": "TUCURU\u00cd", "reservoir": "Tucurui Reservoir", "country": "BRA", "iso3": "BRA", "capacity_mw": 8535.0, "latest_month": "2026-08", "area_km2": 2193.21, "area_anomaly": -0.026, "area_anomaly_3mo": -0.031, "precip_12mo_anomaly": 0.001, "pred_gen_anomaly": -0.031, "pred_gen_anomaly_lo": -0.326, "pred_gen_anomaly_hi": 0.34, "pred_gen_anomaly_3mo": -0.038, "has_generation_truth": true, "confidence": "short residence time (weak area signal)", "match_method": "hydrolakes_pour"}}, {"type": "Feature", "geometry": {"type": "Point", "coordinates": [-72.575305, 44.309693]}, "properties": {"gww_id": 65306, "name": "Wrightsville Hydro Plant", "reservoir": null, "country": "USA", "iso3": "USA", "capacity_mw": 1.0, "latest_month": "2026-08", "area_km2": 0.66, "area_anomaly": 0.05, "area_anomaly_3mo": 0.075, "precip_12mo_anomaly": 0.021, "pred_gen_anomaly": -0.214, "pred_gen_anomaly_lo": -0.811, "pred_gen_anomaly_hi": 0.473, "pred_gen_anomaly_3mo": -0.198, "has_generation_truth": true, "confidence": "unknown residence time", "match_method": "gww_polygon"}}, {"type": "Feature", "geometry": {"type": "Point", "coordinates": [2.58555, 44.69609]}, "properties": {"gww_id": 75408, "name": "Couesque COUESQUE - Couesque Hydroelectric Power Station France", "reservoir": null, "country": "France", "iso3": "FRA", "capacity_mw": 119.0, "latest_month": "2026-08", "area_km2": 1.53, "area_anomaly": -0.016, "area_anomaly_3mo": 0.023, "precip_12mo_anomaly": -0.048, "pred_gen_anomaly": -0.161, "pred_gen_anomaly_lo": -0.601, "pred_gen_anomaly_hi": 0.178, "pred_gen_anomaly_3mo": -0.141, "has_generation_truth": false, "confidence": "short residence time (weak area signal)", "match_method": "hydrolakes_pour"}}, {"type": "Feature", "geometry": {"type": "Point", "coordinates": [127.4562, 38.8921]}, "properties": {"gww_id": 75548, "name": "Pochon", "reservoir": null, "country": "North Korea", "iso3": "PRK", "capacity_mw": 400.0, "latest_month": "2026-08", "area_km2": 1.24, "area_anomaly": 0.156, "area_anomaly_3mo": 0.099, "precip_12mo_anomaly": 0.199, "pred_gen_anomaly": 0.197, "pred_gen_anomaly_lo": -0.437, "pred_gen_anomaly_hi": 0.927, "pred_gen_anomaly_3mo": 0.151, "has_generation_truth": false, "confidence": "short residence time (weak area signal)", "match_method": "hydrolakes_pour"}}, {"type": "Feature", "geometry": {"type": "Point", "coordinates": [77.8085, 11.8014]}, "properties": {"gww_id": 89306, "name": "METTUR DAM", "reservoir": null, "country": "India", "iso3": "IND", "capacity_mw": 250.0, "latest_month": "2026-08", "area_km2": 86.66, "area_anomaly": -0.151, "area_anomaly_3mo": -0.038, "precip_12mo_anomaly": -0.066, "pred_gen_anomaly": -0.033, "pred_gen_anomaly_lo": -0.483, "pred_gen_anomaly_hi": 0.669, "pred_gen_anomaly_3mo": 0.102, "has_generation_truth": false, "confidence": "carry-over storage (validated class)", "match_method": "hydrolakes_pour"}}, {"type": "Feature", "geometry": {"type": "Point", "coordinates": [-59.47388889, -1.913611111]}, "properties": {"gww_id": 92109, "name": "BALBINA", "reservoir": "Balbina Reservoir", "country": "BRA", "iso3": "BRA", "capacity_mw": 250.0, "latest_month": "2026-08", "area_km2": 1735.17, "area_anomaly": -0.192, "area_anomaly_3mo": -0.13, "precip_12mo_anomaly": -0.048, "pred_gen_anomaly": -0.203, "pred_gen_anomaly_lo": -0.699, "pred_gen_anomaly_hi": 0.277, "pred_gen_anomaly_3mo": -0.224, "has_generation_truth": true, "confidence": "carry-over storage (validated class)", "match_method": "gww_polygon"}}, {"type": "Feature", "geometry": {"type": "Point", "coordinates": [108.6058, 11.8529]}, "properties": {"gww_id": 83606, "name": "Da Nhim", "reservoir": null, "country": "Vietnam", "iso3": "VNM", "capacity_mw": 160.0, "latest_month": "2026-08", "area_km2": 4.58, "area_anomaly": -0.303, "area_anomaly_3mo": -0.23, "precip_12mo_anomaly": 0.023, "pred_gen_anomaly": -0.229, "pred_gen_anomaly_lo": -0.686, "pred_gen_anomaly_hi": 0.241, "pred_gen_anomaly_3mo": -0.207, "has_generation_truth": false, "confidence": "carry-over storage (validated class)", "match_method": "hydrolakes_pour"}}, {"type": "Feature", "geometry": {"type": "Point", "coordinates": [-122.3292, 41.2792]}, "properties": {"gww_id": 73160, "name": "Box Canyon Dam", "reservoir": "Lake Siskiyou", "country": "USA", "iso3": "USA", "capacity_mw": 5.0, "latest_month": "2026-08", "area_km2": 1.55, "area_anomaly": -0.015, "area_anomaly_3mo": -0.003, "precip_12mo_anomaly": -0.082, "pred_gen_anomaly": -0.13, "pred_gen_anomaly_lo": -0.608, "pred_gen_anomaly_hi": 0.27, "pred_gen_anomaly_3mo": -0.129, "has_generation_truth": true, "confidence": "short residence time (weak area signal)", "match_method": "hydrolakes_pour"}}, {"type": "Feature", "geometry": {"type": "Point", "coordinates": [-8.1306, 41.0849]}, "properties": {"gww_id": 84393, "name": "Carrapatelo Carrapatelo - G1 - Carrapatelo Hydroelectric Power Plant Portugal", "reservoir": null, "country": "Portugal", "iso3": "PRT", "capacity_mw": 201.0, "latest_month": "2026-08", "area_km2": 8.64, "area_anomaly": 0.01, "area_anomaly_3mo": 0.007, "precip_12mo_anomaly": 0.17, "pred_gen_anomaly": 0.012, "pred_gen_anomaly_lo": -0.33, "pred_gen_anomaly_hi": 0.317, "pred_gen_anomaly_3mo": 0.02, "has_generation_truth": false, "confidence": "short residence time (weak area signal)", "match_method": "hydrolakes_pour"}}, {"type": "Feature", "geometry": {"type": "Point", "coordinates": [-81.1753, 38.1478]}, "properties": {"gww_id": 73129, "name": "Hawks Nest Hydro", "reservoir": null, "country": "USA", "iso3": "USA", "capacity_mw": 108.2, "latest_month": "2026-08", "area_km2": 1.46, "area_anomaly": 0.03, "area_anomaly_3mo": 0.029, "precip_12mo_anomaly": -0.056, "pred_gen_anomaly": 0.056, "pred_gen_anomaly_lo": -0.329, "pred_gen_anomaly_hi": 0.525, "pred_gen_anomaly_3mo": -0.102, "has_generation_truth": true, "confidence": "unknown residence time", "match_method": "gww_polygon"}}, {"type": "Feature", "geometry": {"type": "Point", "coordinates": [11.48125, 10.32192759]}, "properties": {"gww_id": 89654, "name": "Dadin Kowa", "reservoir": null, "country": "Nigeria", "iso3": "NGA", "capacity_mw": 39.0, "latest_month": "2026-08", "area_km2": 220.98, "area_anomaly": 0.106, "area_anomaly_3mo": -0.0, "precip_12mo_anomaly": -0.181, "pred_gen_anomaly": -0.125, "pred_gen_anomaly_lo": -1.091, "pred_gen_anomaly_hi": 0.772, "pred_gen_anomaly_3mo": -0.088, "has_generation_truth": false, "confidence": "carry-over storage (validated class)", "match_method": "hydrolakes_pour"}}, {"type": "Feature", "geometry": {"type": "Point", "coordinates": [-122.186944, 47.191667]}, "properties": {"gww_id": 84379, "name": "White River (WA)", "reservoir": null, "country": "USA", "iso3": "USA", "capacity_mw": 70.0, "latest_month": "2026-08", "area_km2": 10.21, "area_anomaly": 0.017, "area_anomaly_3mo": 0.026, "precip_12mo_anomaly": -0.067, "pred_gen_anomaly": -0.068, "pred_gen_anomaly_lo": -0.531, "pred_gen_anomaly_hi": 0.345, "pred_gen_anomaly_3mo": -0.067, "has_generation_truth": true, "confidence": "carry-over storage (validated class)", "match_method": "hydrolakes_pour"}}, {"type": "Feature", "geometry": {"type": "Point", "coordinates": [176.0222, -38.3918]}, "properties": {"gww_id": 72780, "name": "Atiamuri", "reservoir": null, "country": "New Zealand", "iso3": "NZL", "capacity_mw": 74.0, "latest_month": "2026-08", "area_km2": 1.32, "area_anomaly": 0.007, "area_anomaly_3mo": 0.026, "precip_12mo_anomaly": 0.0, "pred_gen_anomaly": 0.009, "pred_gen_anomaly_lo": -0.426, "pred_gen_anomaly_hi": 0.428, "pred_gen_anomaly_3mo": -0.061, "has_generation_truth": false, "confidence": "short residence time (weak area signal)", "match_method": "hydrolakes_pour"}}, {"type": "Feature", "geometry": {"type": "Point", "coordinates": [-62.9982, 7.7659]}, "properties": {"gww_id": 92390, "name": "Simon Bolivar (Guri)", "reservoir": "Guri Reservoir", "country": "Venezuela", "iso3": "VEN", "capacity_mw": 8851.0, "latest_month": "2026-08", "area_km2": 2988.2, "area_anomaly": -0.037, "area_anomaly_3mo": 0.013, "precip_12mo_anomaly": -0.012, "pred_gen_anomaly": -0.098, "pred_gen_anomaly_lo": -0.472, "pred_gen_anomaly_hi": 0.482, "pred_gen_anomaly_3mo": -0.078, "has_generation_truth": false, "confidence": "carry-over storage (validated class)", "match_method": "hydrolakes_pour"}}, {"type": "Feature", "geometry": {"type": "Point", "coordinates": [8.881986, 61.140411]}, "properties": {"gww_id": 84394, "name": "Lomen", "reservoir": null, "country": "Norway", "iso3": "NOR", "capacity_mw": 54.5, "latest_month": "2026-08", "area_km2": 10.94, "area_anomaly": -0.024, "area_anomaly_3mo": -0.001, "precip_12mo_anomaly": -0.219, "pred_gen_anomaly": -0.097, "pred_gen_anomaly_lo": -0.409, "pred_gen_anomaly_hi": 0.223, "pred_gen_anomaly_3mo": -0.127, "has_generation_truth": false, "confidence": "unknown residence time", "match_method": "gww_polygon"}}, {"type": "Feature", "geometry": {"type": "Point", "coordinates": [33.5184, 39.2731]}, "properties": {"gww_id": 89713, "name": "Hirfanl? Dam", "reservoir": "Hirfanli", "country": "Turkey", "iso3": "TUR", "capacity_mw": 128.0, "latest_month": "2026-08", "area_km2": 214.87, "area_anomaly": 0.018, "area_anomaly_3mo": -0.007, "precip_12mo_anomaly": 0.647, "pred_gen_anomaly": 0.083, "pred_gen_anomaly_lo": -0.359, "pred_gen_anomaly_hi": 0.723, "pred_gen_anomaly_3mo": 0.127, "has_generation_truth": false, "confidence": "carry-over storage (validated class)", "match_method": "hydrolakes_pour"}}, {"type": "Feature", "geometry": {"type": "Point", "coordinates": [105.0233, 21.7471]}, "properties": {"gww_id": 89870, "name": "Thac Ba", "reservoir": null, "country": "Vietnam", "iso3": "VNM", "capacity_mw": 120.0, "latest_month": "2026-08", "area_km2": 171.28, "area_anomaly": 0.034, "area_anomaly_3mo": 0.089, "precip_12mo_anomaly": 0.235, "pred_gen_anomaly": 0.166, "pred_gen_anomaly_lo": -0.447, "pred_gen_anomaly_hi": 0.941, "pred_gen_anomaly_3mo": 0.3, "has_generation_truth": false, "confidence": "carry-over storage (validated class)", "match_method": "hydrolakes_pour"}}, {"type": "Feature", "geometry": {"type": "Point", "coordinates": [-43.82527778, -22.68666667]}, "properties": {"gww_id": 72455, "name": "PEREIRA PASSOS", "reservoir": "Pereira Passos", "country": "BRA", "iso3": "BRA", "capacity_mw": 99.9, "latest_month": "2026-08", "area_km2": 0.97, "area_anomaly": -0.031, "area_anomaly_3mo": -0.021, "precip_12mo_anomaly": -0.046, "pred_gen_anomaly": -0.157, "pred_gen_anomaly_lo": -0.69, "pred_gen_anomaly_hi": 0.482, "pred_gen_anomaly_3mo": -0.094, "has_generation_truth": true, "confidence": "unknown residence time", "match_method": "gww_polygon"}}, {"type": "Feature", "geometry": {"type": "Point", "coordinates": [28.42048706, -15.80798706]}, "properties": {"gww_id": 83759, "name": "Upper Kafue Gorge", "reservoir": null, "country": "Zambia", "iso3": "ZMB", "capacity_mw": 990.0, "latest_month": "2026-08", "area_km2": 7.3, "area_anomaly": -0.071, "area_anomaly_3mo": -0.066, "precip_12mo_anomaly": 0.021, "pred_gen_anomaly": -0.132, "pred_gen_anomaly_lo": -0.376, "pred_gen_anomaly_hi": 0.484, "pred_gen_anomaly_3mo": -0.112, "has_generation_truth": false, "confidence": "short residence time (weak area signal)", "match_method": "hydrolakes_pour"}}, {"type": "Feature", "geometry": {"type": "Point", "coordinates": [8.394045, 58.951934]}, "properties": {"gww_id": 72219, "name": "Dynjanfoss", "reservoir": null, "country": "Norway", "iso3": "NOR", "capacity_mw": 33.0, "latest_month": "2026-08", "area_km2": 1.09, "area_anomaly": -0.022, "area_anomaly_3mo": -0.009, "precip_12mo_anomaly": 0.078, "pred_gen_anomaly": 0.025, "pred_gen_anomaly_lo": -0.334, "pred_gen_anomaly_hi": 0.378, "pred_gen_anomaly_3mo": 0.074, "has_generation_truth": false, "confidence": "short residence time (weak area signal)", "match_method": "hydrolakes_pour"}}, {"type": "Feature", "geometry": {"type": "Point", "coordinates": [105.22, 32.76]}, "properties": {"gww_id": 84309, "name": "Bikou", "reservoir": null, "country": "China", "iso3": "CHN", "capacity_mw": 352.0, "latest_month": "2026-08", "area_km2": 5.35, "area_anomaly": -0.118, "area_anomaly_3mo": -0.128, "precip_12mo_anomaly": 0.169, "pred_gen_anomaly": -0.097, "pred_gen_anomaly_lo": -0.4, "pred_gen_anomaly_hi": 0.318, "pred_gen_anomaly_3mo": -0.041, "has_generation_truth": false, "confidence": "short residence time (weak area signal)", "match_method": "hydrolakes_pour"}}, {"type": "Feature", "geometry": {"type": "Point", "coordinates": [103.2845, 23.0468]}, "properties": {"gww_id": 72186, "name": "Madushan Dam", "reservoir": "Red River", "country": "China", "iso3": "CHN", "capacity_mw": 288.0, "latest_month": "2026-08", "area_km2": 1.67, "area_anomaly": 0.097, "area_anomaly_3mo": 0.147, "precip_12mo_anomaly": 0.169, "pred_gen_anomaly": 0.261, "pred_gen_anomaly_lo": -0.345, "pred_gen_anomaly_hi": 0.806, "pred_gen_anomaly_3mo": 0.214, "has_generation_truth": false, "confidence": "unknown residence time", "match_method": "gww_polygon"}}, {"type": "Feature", "geometry": {"type": "Point", "coordinates": [73.6416, 33.1373]}, "properties": {"gww_id": 89940, "name": "Mangla", "reservoir": "Mangla", "country": "Pakistan", "iso3": "PAK", "capacity_mw": 1000.0, "latest_month": "2026-08", "area_km2": 268.87, "area_anomaly": 0.072, "area_anomaly_3mo": -0.026, "precip_12mo_anomaly": 0.02, "pred_gen_anomaly": 0.286, "pred_gen_anomaly_lo": -0.312, "pred_gen_anomaly_hi": 1.055, "pred_gen_anomaly_3mo": 0.281, "has_generation_truth": false, "confidence": "carry-over storage (validated class)", "match_method": "hydrolakes_pour"}}, {"type": "Feature", "geometry": {"type": "Point", "coordinates": [-1.362083, 42.80375]}, "properties": {"gww_id": 83757, "name": "Itoiz", "reservoir": "Itoiz Reservoir", "country": "Spain", "iso3": "ESP", "capacity_mw": 198.0, "latest_month": "2026-08", "area_km2": 6.72, "area_anomaly": 0.042, "area_anomaly_3mo": 0.128, "precip_12mo_anomaly": 0.138, "pred_gen_anomaly": 0.163, "pred_gen_anomaly_lo": -0.358, "pred_gen_anomaly_hi": 0.722, "pred_gen_anomaly_3mo": 0.219, "has_generation_truth": false, "confidence": "carry-over storage (validated class)", "match_method": "hydrolakes_pour"}}, {"type": "Feature", "geometry": {"type": "Point", "coordinates": [75.9469, 31.9667]}, "properties": {"gww_id": 89637, "name": "PONG", "reservoir": "Beas", "country": "India", "iso3": "IND", "capacity_mw": 396.0, "latest_month": "2026-08", "area_km2": 207.7, "area_anomaly": 0.057, "area_anomaly_3mo": 0.08, "precip_12mo_anomaly": 0.115, "pred_gen_anomaly": 0.377, "pred_gen_anomaly_lo": -0.24, "pred_gen_anomaly_hi": 1.081, "pred_gen_anomaly_3mo": 0.325, "has_generation_truth": false, "confidence": "carry-over storage (validated class)", "match_method": "hydrolakes_pour"}}, {"type": "Feature", "geometry": {"type": "Point", "coordinates": [105.1033, 24.941]}, "properties": {"gww_id": 89632, "name": "Tianshengqiao 1", "reservoir": null, "country": "China", "iso3": "CHN", "capacity_mw": 1200.0, "latest_month": "2026-08", "area_km2": 131.26, "area_anomaly": 0.159, "area_anomaly_3mo": 0.085, "precip_12mo_anomaly": 0.302, "pred_gen_anomaly": 0.199, "pred_gen_anomaly_lo": -0.339, "pred_gen_anomaly_hi": 0.946, "pred_gen_anomaly_3mo": 0.197, "has_generation_truth": false, "confidence": "carry-over storage (validated class)", "match_method": "hydrolakes_pour"}}, {"type": "Feature", "geometry": {"type": "Point", "coordinates": [113.31, 25.87]}, "properties": {"gww_id": 89608, "name": "Dongjiang", "reservoir": null, "country": "China", "iso3": "CHN", "capacity_mw": 500.0, "latest_month": "2026-08", "area_km2": 141.34, "area_anomaly": 0.027, "area_anomaly_3mo": -0.003, "precip_12mo_anomaly": -0.041, "pred_gen_anomaly": -0.007, "pred_gen_anomaly_lo": -0.562, "pred_gen_anomaly_hi": 0.731, "pred_gen_anomaly_3mo": -0.154, "has_generation_truth": false, "confidence": "carry-over storage (validated class)", "match_method": "hydrolakes_pour"}}, {"type": "Feature", "geometry": {"type": "Point", "coordinates": [-79.8775, 34.9833]}, "properties": {"gww_id": 84530, "name": "Blewett", "reservoir": null, "country": "USA", "iso3": "USA", "capacity_mw": 24.6, "latest_month": "2026-08", "area_km2": 9.42, "area_anomaly": 0.008, "area_anomaly_3mo": -0.037, "precip_12mo_anomaly": -0.155, "pred_gen_anomaly": -0.121, "pred_gen_anomaly_lo": -0.428, "pred_gen_anomaly_hi": 0.269, "pred_gen_anomaly_3mo": -0.183, "has_generation_truth": true, "confidence": "short residence time (weak area signal)", "match_method": "hydrolakes_pour"}}, {"type": "Feature", "geometry": {"type": "Point", "coordinates": [105.9683, 24.1747]}, "properties": {"gww_id": 65616, "name": "Guangxi Wacun", "reservoir": null, "country": "China", "iso3": "CHN", "capacity_mw": 230.0, "latest_month": "2026-08", "area_km2": 1.12, "area_anomaly": 0.331, "area_anomaly_3mo": 0.418, "precip_12mo_anomaly": 0.271, "pred_gen_anomaly": 0.592, "pred_gen_anomaly_lo": -0.574, "pred_gen_anomaly_hi": 1.383, "pred_gen_anomaly_3mo": 0.673, "has_generation_truth": false, "confidence": "unknown residence time", "match_method": "gww_polygon"}}, {"type": "Feature", "geometry": {"type": "Point", "coordinates": [39.1588, 8.4684]}, "properties": {"gww_id": 89431, "name": "Koka", "reservoir": "Koka", "country": "Ethiopia", "iso3": "ETH", "capacity_mw": 43.2, "latest_month": "2026-08", "area_km2": 131.12, "area_anomaly": -0.104, "area_anomaly_3mo": -0.199, "precip_12mo_anomaly": 0.025, "pred_gen_anomaly": -0.364, "pred_gen_anomaly_lo": -0.886, "pred_gen_anomaly_hi": 0.397, "pred_gen_anomaly_3mo": -0.216, "has_generation_truth": false, "confidence": "carry-over storage (validated class)", "match_method": "hydrolakes_pour"}}, {"type": "Feature", "geometry": {"type": "Point", "coordinates": [36.4615, 37.3731]}, "properties": {"gww_id": 83619, "name": "Berke Dam", "reservoir": "Berke Baraj G\u00f6l\u00fc", "country": "Turkey", "iso3": "TUR", "capacity_mw": 510.0, "latest_month": "2026-08", "area_km2": 7.71, "area_anomaly": 0.103, "area_anomaly_3mo": 0.083, "precip_12mo_anomaly": 0.836, "pred_gen_anomaly": 0.154, "pred_gen_anomaly_lo": -0.238, "pred_gen_anomaly_hi": 0.899, "pred_gen_anomaly_3mo": 0.333, "has_generation_truth": false, "confidence": "unknown residence time", "match_method": "gww_polygon"}}, {"type": "Feature", "geometry": {"type": "Point", "coordinates": [-6.730199, 43.477229]}, "properties": {"gww_id": 74245, "name": "Arbon ARBON 1 - ArbonHydroelectric Power Plant Spain", "reservoir": null, "country": "Spain", "iso3": "ESP", "capacity_mw": 56.0, "latest_month": "2026-08", "area_km2": 1.51, "area_anomaly": 0.036, "area_anomaly_3mo": 0.032, "precip_12mo_anomaly": 0.149, "pred_gen_anomaly": 0.015, "pred_gen_anomaly_lo": -0.349, "pred_gen_anomaly_hi": 0.343, "pred_gen_anomaly_3mo": 0.004, "has_generation_truth": false, "confidence": "short residence time (weak area signal)", "match_method": "hydrolakes_pour"}}, {"type": "Feature", "geometry": {"type": "Point", "coordinates": [85.155, 27.59]}, "properties": {"gww_id": 74220, "name": "Kulekhani-I Hydroelectric Power Plant Nepal", "reservoir": null, "country": "Nepal", "iso3": "NPL", "capacity_mw": 60.0, "latest_month": "2026-08", "area_km2": 1.62, "area_anomaly": 0.187, "area_anomaly_3mo": 0.13, "precip_12mo_anomaly": 0.165, "pred_gen_anomaly": 0.195, "pred_gen_anomaly_lo": -0.556, "pred_gen_anomaly_hi": 0.965, "pred_gen_anomaly_3mo": 0.081, "has_generation_truth": false, "confidence": "short residence time (weak area signal)", "match_method": "hydrolakes_pour"}}, {"type": "Feature", "geometry": {"type": "Point", "coordinates": [-8.13244, 39.91727]}, "properties": {"gww_id": 84446, "name": "Cabril Cabril - G1 - Cabril Hydroelectric Power Plant Portugal", "reservoir": null, "country": "Portugal", "iso3": "PRT", "capacity_mw": 108.0, "latest_month": "2026-08", "area_km2": 9.29, "area_anomaly": 0.05, "area_anomaly_3mo": 0.084, "precip_12mo_anomaly": 0.183, "pred_gen_anomaly": 0.111, "pred_gen_anomaly_lo": -0.475, "pred_gen_anomaly_hi": 0.625, "pred_gen_anomaly_3mo": 0.136, "has_generation_truth": false, "confidence": "carry-over storage (validated class)", "match_method": "hydrolakes_pour"}}, {"type": "Feature", "geometry": {"type": "Point", "coordinates": [110.93, 28.78]}, "properties": {"gww_id": 89457, "name": "Wuqiangxi", "reservoir": null, "country": "China", "iso3": "CHN", "capacity_mw": 1395.0, "latest_month": "2026-08", "area_km2": 117.97, "area_anomaly": 0.066, "area_anomaly_3mo": 0.051, "precip_12mo_anomaly": 0.163, "pred_gen_anomaly": 0.138, "pred_gen_anomaly_lo": -0.299, "pred_gen_anomaly_hi": 0.77, "pred_gen_anomaly_3mo": 0.117, "has_generation_truth": false, "confidence": "short residence time (weak area signal)", "match_method": "hydrolakes_pour"}}, {"type": "Feature", "geometry": {"type": "Point", "coordinates": [-39.00194444, -12.5825]}, "properties": {"gww_id": 89463, "name": "PEDRA DO CAVALO", "reservoir": null, "country": "BRA", "iso3": "BRA", "capacity_mw": 160.0, "latest_month": "2026-08", "area_km2": 116.98, "area_anomaly": 0.035, "area_anomaly_3mo": 0.055, "precip_12mo_anomaly": 0.106, "pred_gen_anomaly": 0.123, "pred_gen_anomaly_lo": -0.491, "pred_gen_anomaly_hi": 0.887, "pred_gen_anomaly_3mo": 0.132, "has_generation_truth": true, "confidence": "carry-over storage (validated class)", "match_method": "hydrolakes_pour"}}, {"type": "Feature", "geometry": {"type": "Point", "coordinates": [15.4672, -9.7955]}, "properties": {"gww_id": 89581, "name": "Capanda", "reservoir": null, "country": "Angola", "iso3": "AGO", "capacity_mw": 520.0, "latest_month": "2026-08", "area_km2": 166.67, "area_anomaly": 0.16, "area_anomaly_3mo": 0.146, "precip_12mo_anomaly": -0.034, "pred_gen_anomaly": 0.123, "pred_gen_anomaly_lo": -0.405, "pred_gen_anomaly_hi": 0.897, "pred_gen_anomaly_3mo": 0.178, "has_generation_truth": false, "confidence": "short residence time (weak area signal)", "match_method": "hydrolakes_pour"}}, {"type": "Feature", "geometry": {"type": "Point", "coordinates": [18.242239, 64.717559]}, "properties": {"gww_id": 84438, "name": "Rusfors", "reservoir": null, "country": "Sweden", "iso3": "SWE", "capacity_mw": 45.0, "latest_month": "2026-08", "area_km2": 10.84, "area_anomaly": 0.002, "area_anomaly_3mo": -0.004, "precip_12mo_anomaly": 0.131, "pred_gen_anomaly": 0.145, "pred_gen_anomaly_lo": -0.157, "pred_gen_anomaly_hi": 0.444, "pred_gen_anomaly_3mo": 0.128, "has_generation_truth": false, "confidence": "short residence time (weak area signal)", "match_method": "hydrolakes_pour"}}, {"type": "Feature", "geometry": {"type": "Point", "coordinates": [75.5794, 24.9174]}, "properties": {"gww_id": 89585, "name": "R.P.SAGAR", "reservoir": "Rana Pratap", "country": "India", "iso3": "IND", "capacity_mw": 172.0, "latest_month": "2026-08", "area_km2": 172.99, "area_anomaly": -0.077, "area_anomaly_3mo": -0.048, "precip_12mo_anomaly": -0.077, "pred_gen_anomaly": -0.204, "pred_gen_anomaly_lo": -0.756, "pred_gen_anomaly_hi": 0.378, "pred_gen_anomaly_3mo": -0.089, "has_generation_truth": false, "confidence": "carry-over storage (validated class)", "match_method": "hydrolakes_pour"}}, {"type": "Feature", "geometry": {"type": "Point", "coordinates": [17.8449, 43.3776]}, "properties": {"gww_id": 65905, "name": "Mostar Hydroelectric Power Plant Bosnia and Herzegovina", "reservoir": null, "country": "Bosnia and Herzegovina", "iso3": "BIH", "capacity_mw": 75.0, "latest_month": "2026-08", "area_km2": 0.81, "area_anomaly": 0.066, "area_anomaly_3mo": 0.05, "precip_12mo_anomaly": 0.093, "pred_gen_anomaly": -0.161, "pred_gen_anomaly_lo": -0.517, "pred_gen_anomaly_hi": 0.258, "pred_gen_anomaly_3mo": -0.079, "has_generation_truth": false, "confidence": "unknown residence time", "match_method": "gww_polygon"}}, {"type": "Feature", "geometry": {"type": "Point", "coordinates": [175.5393, -37.9243]}, "properties": {"gww_id": 83669, "name": "Karapiro", "reservoir": null, "country": "New Zealand", "iso3": "NZL", "capacity_mw": 96.0, "latest_month": "2026-08", "area_km2": 7.38, "area_anomaly": 0.036, "area_anomaly_3mo": 0.022, "precip_12mo_anomaly": 0.0, "pred_gen_anomaly": 0.017, "pred_gen_anomaly_lo": -0.394, "pred_gen_anomaly_hi": 0.443, "pred_gen_anomaly_3mo": -0.03, "has_generation_truth": false, "confidence": "short residence time (weak area signal)", "match_method": "hydrolakes_pour"}}, {"type": "Feature", "geometry": {"type": "Point", "coordinates": [100.0913, 24.7043]}, "properties": {"gww_id": 89601, "name": "Xiaowan", "reservoir": null, "country": "China", "iso3": "CHN", "capacity_mw": 5805.0, "latest_month": "2026-08", "area_km2": 114.94, "area_anomaly": -0.046, "area_anomaly_3mo": -0.054, "precip_12mo_anomaly": -0.019, "pred_gen_anomaly": -0.106, "pred_gen_anomaly_lo": -0.393, "pred_gen_anomaly_hi": 0.384, "pred_gen_anomaly_3mo": 0.09, "has_generation_truth": false, "confidence": "unknown residence time", "match_method": "gww_polygon"}}, {"type": "Feature", "geometry": {"type": "Point", "coordinates": [21.936001, 41.404999]}, "properties": {"gww_id": 84404, "name": "TIKVES G1 - Tikves Hydroelectric Power Plant Macedonia", "reservoir": null, "country": "North Macedonia", "iso3": "MKD", "capacity_mw": 116.0, "latest_month": "2026-08", "area_km2": 9.49, "area_anomaly": 0.011, "area_anomaly_3mo": 0.017, "precip_12mo_anomaly": 0.253, "pred_gen_anomaly": 0.037, "pred_gen_anomaly_lo": -0.376, "pred_gen_anomaly_hi": 0.526, "pred_gen_anomaly_3mo": 0.312, "has_generation_truth": false, "confidence": "carry-over storage (validated class)", "match_method": "hydrolakes_pour"}}, {"type": "Feature", "geometry": {"type": "Point", "coordinates": [-131.504344, 56.216403]}, "properties": {"gww_id": 73688, "name": "Tyee Lake Hydroelectric Facility", "reservoir": null, "country": "USA", "iso3": "USA", "capacity_mw": 22.6, "latest_month": "2026-08", "area_km2": 1.86, "area_anomaly": 0.034, "area_anomaly_3mo": 0.09, "precip_12mo_anomaly": 0.433, "pred_gen_anomaly": 0.212, "pred_gen_anomaly_lo": -0.125, "pred_gen_anomaly_hi": 0.603, "pred_gen_anomaly_3mo": 0.308, "has_generation_truth": true, "confidence": "short residence time (weak area signal)", "match_method": "hydrolakes_pour"}}, {"type": "Feature", "geometry": {"type": "Point", "coordinates": [22.318567, 42.707709]}, "properties": {"gww_id": 84724, "name": "HE Vrla 1-4", "reservoir": null, "country": "Serbia", "iso3": "SRB", "capacity_mw": 128.6, "latest_month": "2026-08", "area_km2": 11.48, "area_anomaly": -0.098, "area_anomaly_3mo": -0.043, "precip_12mo_anomaly": 0.181, "pred_gen_anomaly": -0.102, "pred_gen_anomaly_lo": -0.436, "pred_gen_anomaly_hi": 0.241, "pred_gen_anomaly_3mo": 0.058, "has_generation_truth": false, "confidence": "unknown residence time", "match_method": "gww_polygon"}}, {"type": "Feature", "geometry": {"type": "Point", "coordinates": [-44.56694444, -22.52861111]}, "properties": {"gww_id": 87876, "name": "FUNIL (RJ)", "reservoir": null, "country": "BRA", "iso3": "BRA", "capacity_mw": 216.0, "latest_month": "2026-08", "area_km2": 22.51, "area_anomaly": -0.116, "area_anomaly_3mo": -0.109, "precip_12mo_anomaly": -0.104, "pred_gen_anomaly": -0.203, "pred_gen_anomaly_lo": -0.644, "pred_gen_anomaly_hi": 0.293, "pred_gen_anomaly_3mo": -0.183, "has_generation_truth": true, "confidence": "short residence time (weak area signal)", "match_method": "hydrolakes_pour"}}, {"type": "Feature", "geometry": {"type": "Point", "coordinates": [2.874, 44.505]}, "properties": {"gww_id": 75707, "name": "Castelnau lassouts Castelnau-Lassouts Hydroelectric Power Station France - Castelnau-Lassouts Hydroelectric Power Station France", "reservoir": null, "country": "France", "iso3": "FRA", "capacity_mw": 41.5, "latest_month": "2026-08", "area_km2": 1.84, "area_anomaly": 0.055, "area_anomaly_3mo": 0.059, "precip_12mo_anomaly": -0.074, "pred_gen_anomaly": -0.165, "pred_gen_anomaly_lo": -0.607, "pred_gen_anomaly_hi": 0.166, "pred_gen_anomaly_3mo": -0.146, "has_generation_truth": false, "confidence": "short residence time (weak area signal)", "match_method": "hydrolakes_pour"}}, {"type": "Feature", "geometry": {"type": "Point", "coordinates": [-38.31361111, -9.140833333]}, "properties": {"gww_id": 88938, "name": "LUIZ GONZAGA", "reservoir": "Itaparica Reservoir", "country": "BRA", "iso3": "BRA", "capacity_mw": 1479.6, "latest_month": "2026-08", "area_km2": 71.17, "area_anomaly": -0.025, "area_anomaly_3mo": -0.038, "precip_12mo_anomaly": 0.048, "pred_gen_anomaly": -0.049, "pred_gen_anomaly_lo": -0.327, "pred_gen_anomaly_hi": 0.389, "pred_gen_anomaly_3mo": -0.052, "has_generation_truth": true, "confidence": "short residence time (weak area signal)", "match_method": "hydrolakes_pour"}}, {"type": "Feature", "geometry": {"type": "Point", "coordinates": [78.7574, 29.5169]}, "properties": {"gww_id": 88176, "name": "RAMGANGA", "reservoir": null, "country": "India", "iso3": "IND", "capacity_mw": 198.0, "latest_month": "2026-08", "area_km2": 52.41, "area_anomaly": -0.059, "area_anomaly_3mo": -0.015, "precip_12mo_anomaly": 0.211, "pred_gen_anomaly": 0.122, "pred_gen_anomaly_lo": -0.508, "pred_gen_anomaly_hi": 0.917, "pred_gen_anomaly_3mo": 0.129, "has_generation_truth": false, "confidence": "carry-over storage (validated class)", "match_method": "hydrolakes_pour"}}, {"type": "Feature", "geometry": {"type": "Point", "coordinates": [31.4144, 40.04]}, "properties": {"gww_id": 88188, "name": "Sar?yar Dam", "reservoir": null, "country": "Turkey", "iso3": "TUR", "capacity_mw": 160.0, "latest_month": "2026-08", "area_km2": 62.45, "area_anomaly": 0.005, "area_anomaly_3mo": -0.011, "precip_12mo_anomaly": 0.38, "pred_gen_anomaly": 0.211, "pred_gen_anomaly_lo": -0.269, "pred_gen_anomaly_hi": 0.724, "pred_gen_anomaly_3mo": 0.271, "has_generation_truth": false, "confidence": "carry-over storage (validated class)", "match_method": "hydrolakes_pour"}}, {"type": "Feature", "geometry": {"type": "Point", "coordinates": [32.48541667, 15.23807919]}, "properties": {"gww_id": 90625, "name": "Jebel Aulia", "reservoir": "Jebel Aulia Reservoir", "country": "Sudan", "iso3": "SDN", "capacity_mw": 30.4, "latest_month": "2026-08", "area_km2": 757.0, "area_anomaly": 0.042, "area_anomaly_3mo": 0.026, "precip_12mo_anomaly": 0.042, "pred_gen_anomaly": -0.028, "pred_gen_anomaly_lo": -0.687, "pred_gen_anomaly_hi": 0.709, "pred_gen_anomaly_3mo": -0.007, "has_generation_truth": false, "confidence": "short residence time (weak area signal)", "match_method": "hydrolakes_pour"}}, {"type": "Feature", "geometry": {"type": "Point", "coordinates": [2.414154641, 41.96761928]}, "properties": {"gww_id": 77719, "name": "Central de l'embassament de Sau", "reservoir": null, "country": "Spain", "iso3": "ESP", "capacity_mw": 55.6, "latest_month": "2026-08", "area_km2": 3.09, "area_anomaly": 0.121, "area_anomaly_3mo": 0.127, "precip_12mo_anomaly": 0.174, "pred_gen_anomaly": 0.1, "pred_gen_anomaly_lo": -0.457, "pred_gen_anomaly_hi": 0.552, "pred_gen_anomaly_3mo": 0.096, "has_generation_truth": false, "confidence": "short residence time (weak area signal)", "match_method": "hydrolakes_pour"}}, {"type": "Feature", "geometry": {"type": "Point", "coordinates": [107.3671, -6.7004]}, "properties": {"gww_id": 88207, "name": "CirataI & II", "reservoir": null, "country": "Indonesia", "iso3": "IDN", "capacity_mw": 1008.0, "latest_month": "2026-08", "area_km2": 50.81, "area_anomaly": -0.033, "area_anomaly_3mo": -0.026, "precip_12mo_anomaly": 0.078, "pred_gen_anomaly": -0.084, "pred_gen_anomaly_lo": -0.438, "pred_gen_anomaly_hi": 0.534, "pred_gen_anomaly_3mo": -0.073, "has_generation_truth": false, "confidence": "carry-over storage (validated class)", "match_method": "hydrolakes_pour"}}, {"type": "Feature", "geometry": {"type": "Point", "coordinates": [36.8862958, -7.635416667]}, "properties": {"gww_id": 83084, "name": "Kidatu", "reservoir": null, "country": "Tanzania", "iso3": "TZA", "capacity_mw": 204.0, "latest_month": "2026-08", "area_km2": 5.16, "area_anomaly": 0.03, "area_anomaly_3mo": 0.013, "precip_12mo_anomaly": 0.012, "pred_gen_anomaly": -0.05, "pred_gen_anomaly_lo": -0.499, "pred_gen_anomaly_hi": 0.538, "pred_gen_anomaly_3mo": 0.01, "has_generation_truth": false, "confidence": "short residence time (weak area signal)", "match_method": "hydrolakes_pour"}}, {"type": "Feature", "geometry": {"type": "Point", "coordinates": [-48.53111111, -17.98694444]}, "properties": {"gww_id": 88217, "name": "CORUMB\u00c1", "reservoir": null, "country": "BRA", "iso3": "BRA", "capacity_mw": 375.0, "latest_month": "2026-08", "area_km2": 40.98, "area_anomaly": -0.064, "area_anomaly_3mo": -0.055, "precip_12mo_anomaly": 0.081, "pred_gen_anomaly": 0.001, "pred_gen_anomaly_lo": -0.479, "pred_gen_anomaly_hi": 0.58, "pred_gen_anomaly_3mo": 0.026, "has_generation_truth": true, "confidence": "short residence time (weak area signal)", "match_method": "hydrolakes_pour"}}, {"type": "Feature", "geometry": {"type": "Point", "coordinates": [-6.825233, 43.387117]}, "properties": {"gww_id": 77936, "name": "Silvon SILVON 1 - Silvon Hydroelectric Power Plant Spain", "reservoir": null, "country": "Spain", "iso3": "ESP", "capacity_mw": 124.5, "latest_month": "2026-08", "area_km2": 2.25, "area_anomaly": 0.007, "area_anomaly_3mo": 0.029, "precip_12mo_anomaly": 0.149, "pred_gen_anomaly": 0.028, "pred_gen_anomaly_lo": -0.325, "pred_gen_anomaly_hi": 0.33, "pred_gen_anomaly_3mo": 0.013, "has_generation_truth": false, "confidence": "short residence time (weak area signal)", "match_method": "hydrolakes_pour"}}, {"type": "Feature", "geometry": {"type": "Point", "coordinates": [80.6772, 7.6642]}, "properties": {"gww_id": 77652, "name": "Bowatenna", "reservoir": null, "country": "Sri Lanka", "iso3": "LKA", "capacity_mw": 40.0, "latest_month": "2026-08", "area_km2": 2.31, "area_anomaly": -0.032, "area_anomaly_3mo": 0.068, "precip_12mo_anomaly": 0.351, "pred_gen_anomaly": 0.222, "pred_gen_anomaly_lo": -0.453, "pred_gen_anomaly_hi": 0.891, "pred_gen_anomaly_3mo": 0.29, "has_generation_truth": false, "confidence": "short residence time (weak area signal)", "match_method": "hydrolakes_pour"}}, {"type": "Feature", "geometry": {"type": "Point", "coordinates": [112.4443, -8.1606]}, "properties": {"gww_id": 85265, "name": "Sutami / Karangkates - Brantas", "reservoir": null, "country": "Indonesia", "iso3": "IDN", "capacity_mw": 105.0, "latest_month": "2026-08", "area_km2": 11.84, "area_anomaly": -0.005, "area_anomaly_3mo": -0.009, "precip_12mo_anomaly": 0.164, "pred_gen_anomaly": 0.01, "pred_gen_anomaly_lo": -0.56, "pred_gen_anomaly_hi": 0.7, "pred_gen_anomaly_3mo": 0.076, "has_generation_truth": false, "confidence": "short residence time (weak area signal)", "match_method": "hydrolakes_pour"}}, {"type": "Feature", "geometry": {"type": "Point", "coordinates": [20.0431, 42.2514]}, "properties": {"gww_id": 88232, "name": "Fierza", "reservoir": "Fierza Reservoir", "country": "Albania", "iso3": "ALB", "capacity_mw": 500.0, "latest_month": "2026-08", "area_km2": 43.37, "area_anomaly": -0.041, "area_anomaly_3mo": 0.023, "precip_12mo_anomaly": 0.295, "pred_gen_anomaly": 0.03, "pred_gen_anomaly_lo": -0.342, "pred_gen_anomaly_hi": 0.474, "pred_gen_anomaly_3mo": 0.245, "has_generation_truth": false, "confidence": "carry-over storage (validated class)", "match_method": "hydrolakes_pour"}}, {"type": "Feature", "geometry": {"type": "Point", "coordinates": [91.877, 29.97]}, "properties": {"gww_id": 85264, "name": "Zhikong", "reservoir": "\u76f4\u5b54\u6c34\u5e93", "country": "China", "iso3": "CHN", "capacity_mw": 100.0, "latest_month": "2026-08", "area_km2": 12.5, "area_anomaly": 0.073, "area_anomaly_3mo": -0.028, "precip_12mo_anomaly": -0.096, "pred_gen_anomaly": -0.232, "pred_gen_anomaly_lo": -0.577, "pred_gen_anomaly_hi": 0.243, "pred_gen_anomaly_3mo": -0.169, "has_generation_truth": false, "confidence": "unknown residence time", "match_method": "gww_polygon"}}, {"type": "Feature", "geometry": {"type": "Point", "coordinates": [37.3018, 6.8482]}, "properties": {"gww_id": 88600, "name": "Gilgel Gibe III", "reservoir": "OMO 3", "country": "Ethiopia", "iso3": "ETH", "capacity_mw": 1870.0, "latest_month": "2026-08", "area_km2": 60.85, "area_anomaly": 0.353, "area_anomaly_3mo": 0.471, "precip_12mo_anomaly": 0.009, "pred_gen_anomaly": 0.456, "pred_gen_anomaly_lo": -0.282, "pred_gen_anomaly_hi": 0.932, "pred_gen_anomaly_3mo": 0.504, "has_generation_truth": false, "confidence": "unknown residence time", "match_method": "gww_polygon"}}, {"type": "Feature", "geometry": {"type": "Point", "coordinates": [-83.2129, 46.9095]}, "properties": {"gww_id": 88614, "name": "Aubrey Falls", "reservoir": null, "country": "Canada", "iso3": "CAN", "capacity_mw": 162.0, "latest_month": "2026-08", "area_km2": 47.27, "area_anomaly": 0.025, "area_anomaly_3mo": 0.119, "precip_12mo_anomaly": 0.281, "pred_gen_anomaly": 0.272, "pred_gen_anomaly_lo": -0.173, "pred_gen_anomaly_hi": 0.818, "pred_gen_anomaly_3mo": 0.289, "has_generation_truth": false, "confidence": "carry-over storage (validated class)", "match_method": "hydrolakes_pour"}}, {"type": "Feature", "geometry": {"type": "Point", "coordinates": [-7.9504, 41.7686]}, "properties": {"gww_id": 77483, "name": "Paradela Paradela - Paradela Hydroelectric Power Plant Portugal", "reservoir": "Barragem de Paradela", "country": "Portugal", "iso3": "PRT", "capacity_mw": 54.0, "latest_month": "2026-08", "area_km2": 2.53, "area_anomaly": 0.031, "area_anomaly_3mo": 0.017, "precip_12mo_anomaly": 0.177, "pred_gen_anomaly": 0.013, "pred_gen_anomaly_lo": -0.475, "pred_gen_anomaly_hi": 0.66, "pred_gen_anomaly_3mo": 0.155, "has_generation_truth": false, "confidence": "short residence time (weak area signal)", "match_method": "hydrolakes_pour"}}, {"type": "Feature", "geometry": {"type": "Point", "coordinates": [113.259, 23.8017]}, "properties": {"gww_id": 88618, "name": "Feilaixia Dam", "reservoir": null, "country": "China", "iso3": "CHN", "capacity_mw": 140.0, "latest_month": "2026-08", "area_km2": 38.35, "area_anomaly": -0.02, "area_anomaly_3mo": -0.023, "precip_12mo_anomaly": 0.006, "pred_gen_anomaly": 0.079, "pred_gen_anomaly_lo": -0.309, "pred_gen_anomaly_hi": 0.836, "pred_gen_anomaly_3mo": -0.054, "has_generation_truth": false, "confidence": "short residence time (weak area signal)", "match_method": "hydrolakes_pour"}}, {"type": "Feature", "geometry": {"type": "Point", "coordinates": [127.3054, 53.7698]}, "properties": {"gww_id": 92089, "name": "Zeyskaya HPP", "reservoir": "Zeyskoye Reservoir", "country": "Russia", "iso3": "RUS", "capacity_mw": 1330.0, "latest_month": "2026-08", "area_km2": 2293.05, "area_anomaly": 0.042, "area_anomaly_3mo": 0.023, "precip_12mo_anomaly": 0.196, "pred_gen_anomaly": 0.18, "pred_gen_anomaly_lo": -0.175, "pred_gen_anomaly_hi": 0.622, "pred_gen_anomaly_3mo": 0.137, "has_generation_truth": false, "confidence": "carry-over storage (validated class)", "match_method": "hydrolakes_pour"}}, {"type": "Feature", "geometry": {"type": "Point", "coordinates": [125.7837, 38.2021]}, "properties": {"gww_id": 85204, "name": "River Changja", "reservoir": null, "country": "North Korea", "iso3": "PRK", "capacity_mw": 81.0, "latest_month": "2026-08", "area_km2": 13.22, "area_anomaly": 0.041, "area_anomaly_3mo": -0.191, "precip_12mo_anomaly": 0.152, "pred_gen_anomaly": -0.035, "pred_gen_anomaly_lo": -0.581, "pred_gen_anomaly_hi": 0.619, "pred_gen_anomaly_3mo": -0.027, "has_generation_truth": false, "confidence": "carry-over storage (validated class)", "match_method": "hydrolakes_pour"}}, {"type": "Feature", "geometry": {"type": "Point", "coordinates": [117.12, 26.71]}, "properties": {"gww_id": 88144, "name": "Chitan", "reservoir": null, "country": "China", "iso3": "CHN", "capacity_mw": 400.0, "latest_month": "2026-08", "area_km2": 38.61, "area_anomaly": 0.141, "area_anomaly_3mo": 0.09, "precip_12mo_anomaly": -0.083, "pred_gen_anomaly": 0.052, "pred_gen_anomaly_lo": -0.633, "pred_gen_anomaly_hi": 0.941, "pred_gen_anomaly_3mo": -0.162, "has_generation_truth": false, "confidence": "short residence time (weak area signal)", "match_method": "hydrolakes_pour"}}, {"type": "Feature", "geometry": {"type": "Point", "coordinates": [-5.016, 39.373001]}, "properties": {"gww_id": 88021, "name": "CIJARA 1", "reservoir": null, "country": "Spain", "iso3": "ESP", "capacity_mw": 102.0, "latest_month": "2026-08", "area_km2": 47.37, "area_anomaly": 0.273, "area_anomaly_3mo": 0.251, "precip_12mo_anomaly": 0.234, "pred_gen_anomaly": 0.329, "pred_gen_anomaly_lo": -0.291, "pred_gen_anomaly_hi": 0.985, "pred_gen_anomaly_3mo": 0.279, "has_generation_truth": false, "confidence": "carry-over storage (validated class)", "match_method": "hydrolakes_pour"}}, {"type": "Feature", "geometry": {"type": "Point", "coordinates": [0.4870597, 41.2512192]}, "properties": {"gww_id": 78884, "name": "Ribarroja Riba-Roja", "reservoir": "Illa de Maur\u00edcio", "country": "Spain", "iso3": "ESP", "capacity_mw": 315.3, "latest_month": "2026-08", "area_km2": 2.64, "area_anomaly": 0.041, "area_anomaly_3mo": 0.038, "precip_12mo_anomaly": 0.143, "pred_gen_anomaly": -0.124, "pred_gen_anomaly_lo": -0.432, "pred_gen_anomaly_hi": 0.341, "pred_gen_anomaly_3mo": -0.076, "has_generation_truth": false, "confidence": "unknown residence time", "match_method": "gww_polygon"}}, {"type": "Feature", "geometry": {"type": "Point", "coordinates": [0.2, 42.317001]}, "properties": {"gww_id": 85374, "name": "MEDIANO 1", "reservoir": null, "country": "Spain", "iso3": "ESP", "capacity_mw": 66.0, "latest_month": "2026-08", "area_km2": 9.52, "area_anomaly": -0.157, "area_anomaly_3mo": -0.095, "precip_12mo_anomaly": 0.112, "pred_gen_anomaly": -0.166, "pred_gen_anomaly_lo": -0.649, "pred_gen_anomaly_hi": 0.436, "pred_gen_anomaly_3mo": -0.034, "has_generation_truth": false, "confidence": "carry-over storage (validated class)", "match_method": "gww_polygon"}}, {"type": "Feature", "geometry": {"type": "Point", "coordinates": [42.1122, 47.6061]}, "properties": {"gww_id": 92081, "name": "Tsimlyanskaya HPP", "reservoir": "Tsimlyanskoye Reservoir", "country": "Russia", "iso3": "RUS", "capacity_mw": 211.5, "latest_month": "2026-08", "area_km2": 2240.41, "area_anomaly": 0.073, "area_anomaly_3mo": 0.037, "precip_12mo_anomaly": 0.003, "pred_gen_anomaly": 0.153, "pred_gen_anomaly_lo": -0.358, "pred_gen_anomaly_hi": 0.668, "pred_gen_anomaly_3mo": 0.052, "has_generation_truth": false, "confidence": "carry-over storage (validated class)", "match_method": "hydrolakes_pour"}}, {"type": "Feature", "geometry": {"type": "Point", "coordinates": [17.7325, 43.6924]}, "properties": {"gww_id": 85372, "name": "Jablanica Hydroelectric Power Plant Bosnia and Herzegovina", "reservoir": null, "country": "Bosnia and Herzegovina", "iso3": "BIH", "capacity_mw": 180.0, "latest_month": "2026-08", "area_km2": 10.85, "area_anomaly": -0.133, "area_anomaly_3mo": -0.028, "precip_12mo_anomaly": 0.093, "pred_gen_anomaly": -0.133, "pred_gen_anomaly_lo": -0.506, "pred_gen_anomaly_hi": 0.226, "pred_gen_anomaly_3mo": 0.079, "has_generation_truth": false, "confidence": "short residence time (weak area signal)", "match_method": "hydrolakes_pour"}}, {"type": "Feature", "geometry": {"type": "Point", "coordinates": [-102.3561, 55.5284]}, "properties": {"gww_id": 87920, "name": "Island Falls (Sk)", "reservoir": null, "country": "Canada", "iso3": "CAN", "capacity_mw": 111.0, "latest_month": "2026-08", "area_km2": 42.75, "area_anomaly": 0.007, "area_anomaly_3mo": -0.088, "precip_12mo_anomaly": 0.371, "pred_gen_anomaly": 0.254, "pred_gen_anomaly_lo": -0.12, "pred_gen_anomaly_hi": 0.608, "pred_gen_anomaly_3mo": 0.27, "has_generation_truth": false, "confidence": "short residence time (weak area signal)", "match_method": "hydrolakes_pour"}}, {"type": "Feature", "geometry": {"type": "Point", "coordinates": [115.3607, 24.4121]}, "properties": {"gww_id": 87922, "name": "Fengshuba Dam", "reservoir": null, "country": "China", "iso3": "CHN", "capacity_mw": 150.0, "latest_month": "2026-08", "area_km2": 34.07, "area_anomaly": 0.066, "area_anomaly_3mo": 0.011, "precip_12mo_anomaly": -0.001, "pred_gen_anomaly": -0.013, "pred_gen_anomaly_lo": -0.657, "pred_gen_anomaly_hi": 0.913, "pred_gen_anomaly_3mo": -0.215, "has_generation_truth": false, "confidence": "carry-over storage (validated class)", "match_method": "hydrolakes_pour"}}, {"type": "Feature", "geometry": {"type": "Point", "coordinates": [-4.534, 40.424999]}, "properties": {"gww_id": 82971, "name": "BURGUILLO 1", "reservoir": null, "country": "Spain", "iso3": "ESP", "capacity_mw": 49.0, "latest_month": "2026-08", "area_km2": 5.39, "area_anomaly": -0.069, "area_anomaly_3mo": 0.003, "precip_12mo_anomaly": 0.151, "pred_gen_anomaly": 0.004, "pred_gen_anomaly_lo": -0.54, "pred_gen_anomaly_hi": 0.622, "pred_gen_anomaly_3mo": 0.057, "has_generation_truth": false, "confidence": "short residence time (weak area signal)", "match_method": "hydrolakes_pour"}}, {"type": "Feature", "geometry": {"type": "Point", "coordinates": [-6.4699, 41.3009]}, "properties": {"gww_id": 78408, "name": "Bemposta", "reservoir": null, "country": "Portugal", "iso3": "PRT", "capacity_mw": 431.0, "latest_month": "2026-08", "area_km2": 2.5, "area_anomaly": 0.002, "area_anomaly_3mo": -0.008, "precip_12mo_anomaly": 0.115, "pred_gen_anomaly": -0.017, "pred_gen_anomaly_lo": -0.294, "pred_gen_anomaly_hi": 0.284, "pred_gen_anomaly_3mo": -0.039, "has_generation_truth": false, "confidence": "short residence time (weak area signal)", "match_method": "hydrolakes_pour"}}, {"type": "Feature", "geometry": {"type": "Point", "coordinates": [-53.28333333, -29.44944444]}, "properties": {"gww_id": 85370, "name": "DONA FRANCISCA", "reservoir": null, "country": "BRA", "iso3": "BRA", "capacity_mw": 125.0, "latest_month": "2026-08", "area_km2": 12.83, "area_anomaly": 0.033, "area_anomaly_3mo": 0.025, "precip_12mo_anomaly": -0.039, "pred_gen_anomaly": -0.052, "pred_gen_anomaly_lo": -0.556, "pred_gen_anomaly_hi": 0.726, "pred_gen_anomaly_3mo": -0.206, "has_generation_truth": true, "confidence": "short residence time (weak area signal)", "match_method": "hydrolakes_pour"}}, {"type": "Feature", "geometry": {"type": "Point", "coordinates": [101.5122, 23.0353]}, "properties": {"gww_id": 78586, "name": "Yunnan Lixianjiang Shimenkan", "reservoir": "Babian River", "country": "China", "iso3": "CHN", "capacity_mw": 130.0, "latest_month": "2026-08", "area_km2": 2.87, "area_anomaly": 0.07, "area_anomaly_3mo": 0.085, "precip_12mo_anomaly": 0.153, "pred_gen_anomaly": 0.253, "pred_gen_anomaly_lo": -0.354, "pred_gen_anomaly_hi": 0.952, "pred_gen_anomaly_3mo": 0.289, "has_generation_truth": false, "confidence": "unknown residence time", "match_method": "gww_polygon"}}, {"type": "Feature", "geometry": {"type": "Point", "coordinates": [35.33125, 1.897916667]}, "properties": {"gww_id": 85367, "name": "Turkwel", "reservoir": null, "country": "Kenya", "iso3": "KEN", "capacity_mw": 106.0, "latest_month": "2026-08", "area_km2": 17.07, "area_anomaly": 0.037, "area_anomaly_3mo": 0.043, "precip_12mo_anomaly": 0.033, "pred_gen_anomaly": -0.103, "pred_gen_anomaly_lo": -0.543, "pred_gen_anomaly_hi": 0.512, "pred_gen_anomaly_3mo": -0.001, "has_generation_truth": false, "confidence": "carry-over storage (validated class)", "match_method": "hydrolakes_pour"}}, {"type": "Feature", "geometry": {"type": "Point", "coordinates": [69.3048, 40.1924]}, "properties": {"gww_id": 78565, "name": "Farkhad", "reservoir": "\u0424\u0430\u0440\u0445\u0430\u0434\u0441\u043a\u043e\u0435 \u0432\u043e\u0434\u043e\u0445\u0440\u0430\u043d\u0438\u043b\u0435\u0449\u0435", "country": "Uzbekistan", "iso3": "UZB", "capacity_mw": 126.0, "latest_month": "2026-08", "area_km2": 1.46, "area_anomaly": -0.024, "area_anomaly_3mo": 0.056, "precip_12mo_anomaly": -0.056, "pred_gen_anomaly": -0.053, "pred_gen_anomaly_lo": -0.444, "pred_gen_anomaly_hi": 0.288, "pred_gen_anomaly_3mo": 0.004, "has_generation_truth": false, "confidence": "unknown residence time", "match_method": "gww_polygon"}}, {"type": "Feature", "geometry": {"type": "Point", "coordinates": [106.76, 27.32]}, "properties": {"gww_id": 87993, "name": "Wujiangdu", "reservoir": null, "country": "China", "iso3": "CHN", "capacity_mw": 1250.0, "latest_month": "2026-08", "area_km2": 36.13, "area_anomaly": -0.0, "area_anomaly_3mo": 0.012, "precip_12mo_anomaly": 0.232, "pred_gen_anomaly": 0.238, "pred_gen_anomaly_lo": -0.286, "pred_gen_anomaly_hi": 0.851, "pred_gen_anomaly_3mo": 0.277, "has_generation_truth": false, "confidence": "short residence time (weak area signal)", "match_method": "hydrolakes_pour"}}, {"type": "Feature", "geometry": {"type": "Point", "coordinates": [-7.1141, 41.1343]}, "properties": {"gww_id": 82998, "name": "Pocinho Pocinho - G1 - Pocinho Hydroelectric Power Plant Portugal", "reservoir": null, "country": "Portugal", "iso3": "PRT", "capacity_mw": 186.0, "latest_month": "2026-08", "area_km2": 5.24, "area_anomaly": 0.003, "area_anomaly_3mo": 0.011, "precip_12mo_anomaly": 0.161, "pred_gen_anomaly": 0.027, "pred_gen_anomaly_lo": -0.37, "pred_gen_anomaly_hi": 0.314, "pred_gen_anomaly_3mo": 0.031, "has_generation_truth": false, "confidence": "short residence time (weak area signal)", "match_method": "hydrolakes_pour"}}, {"type": "Feature", "geometry": {"type": "Point", "coordinates": [101.6463, 22.8748]}, "properties": {"gww_id": 85336, "name": "Longma Dam", "reservoir": "\u9f99\u9a6c\u6c34\u5e93", "country": "China", "iso3": "CHN", "capacity_mw": 240.0, "latest_month": "2026-08", "area_km2": 11.9, "area_anomaly": 0.151, "area_anomaly_3mo": 0.154, "precip_12mo_anomaly": 0.153, "pred_gen_anomaly": 0.2, "pred_gen_anomaly_lo": -0.331, "pred_gen_anomaly_hi": 0.881, "pred_gen_anomaly_3mo": 0.163, "has_generation_truth": false, "confidence": "unknown residence time", "match_method": "gww_polygon"}}, {"type": "Feature", "geometry": {"type": "Point", "coordinates": [77.8001, 30.5085]}, "properties": {"gww_id": 63834, "name": "KHODRI", "reservoir": null, "country": "India", "iso3": "IND", "capacity_mw": 120.0, "latest_month": "2026-08", "area_km2": 0.62, "area_anomaly": 0.001, "area_anomaly_3mo": 0.115, "precip_12mo_anomaly": 0.155, "pred_gen_anomaly": 0.282, "pred_gen_anomaly_lo": -0.593, "pred_gen_anomaly_hi": 0.994, "pred_gen_anomaly_3mo": 0.093, "has_generation_truth": false, "confidence": "unknown residence time", "match_method": "gww_polygon"}}, {"type": "Feature", "geometry": {"type": "Point", "coordinates": [-72.5302, -37.2441]}, "properties": {"gww_id": 78638, "name": "LAJA 1", "reservoir": null, "country": "Chile", "iso3": "CHL", "capacity_mw": 34.0, "latest_month": "2026-08", "area_km2": 2.8, "area_anomaly": 0.022, "area_anomaly_3mo": 0.067, "precip_12mo_anomaly": 0.197, "pred_gen_anomaly": 0.399, "pred_gen_anomaly_lo": -0.363, "pred_gen_anomaly_hi": 1.2, "pred_gen_anomaly_3mo": 0.118, "has_generation_truth": false, "confidence": "unknown residence time", "match_method": "gww_polygon"}}, {"type": "Feature", "geometry": {"type": "Point", "coordinates": [17.8369, 43.4478]}, "properties": {"gww_id": 77355, "name": "Salakovac Hydroelectric Power Plant Bosnia and Herzegovina", "reservoir": null, "country": "Bosnia and Herzegovina", "iso3": "BIH", "capacity_mw": 210.0, "latest_month": "2026-08", "area_km2": 2.06, "area_anomaly": 0.04, "area_anomaly_3mo": 0.043, "precip_12mo_anomaly": 0.093, "pred_gen_anomaly": -0.081, "pred_gen_anomaly_lo": -0.391, "pred_gen_anomaly_hi": 0.191, "pred_gen_anomaly_3mo": 0.001, "has_generation_truth": false, "confidence": "short residence time (weak area signal)", "match_method": "hydrolakes_pour"}}, {"type": "Feature", "geometry": {"type": "Point", "coordinates": [-51.17111111, -18.8075]}, "properties": {"gww_id": 88635, "name": "SALTO", "reservoir": "Reservat\u00f3rio UHE Salto", "country": "BRA", "iso3": "BRA", "capacity_mw": 116.0, "latest_month": "2026-08", "area_km2": 54.84, "area_anomaly": 0.106, "area_anomaly_3mo": 0.143, "precip_12mo_anomaly": 0.038, "pred_gen_anomaly": 0.142, "pred_gen_anomaly_lo": -0.456, "pred_gen_anomaly_hi": 0.842, "pred_gen_anomaly_3mo": 0.072, "has_generation_truth": true, "confidence": "unknown residence time", "match_method": "gww_polygon"}}, {"type": "Feature", "geometry": {"type": "Point", "coordinates": [13.50228663, 5.381046708]}, "properties": {"gww_id": 88639, "name": "Lom Pangar", "reservoir": "Lac de barrage de Lom Pangar", "country": "Cameroon", "iso3": "CMR", "capacity_mw": 30.0, "latest_month": "2026-08", "area_km2": 40.08, "area_anomaly": -0.481, "area_anomaly_3mo": -0.232, "precip_12mo_anomaly": 0.075, "pred_gen_anomaly": 0.081, "pred_gen_anomaly_lo": -0.78, "pred_gen_anomaly_hi": 0.686, "pred_gen_anomaly_3mo": 0.194, "has_generation_truth": false, "confidence": "unknown residence time", "match_method": "gww_polygon"}}, {"type": "Feature", "geometry": {"type": "Point", "coordinates": [-40.83, -9.429722222]}, "properties": {"gww_id": 92090, "name": "SOBRADINHO", "reservoir": "Sobradinho Reservoir", "country": "BRA", "iso3": "BRA", "capacity_mw": 1050.3, "latest_month": "2026-08", "area_km2": 2602.92, "area_anomaly": 0.114, "area_anomaly_3mo": 0.13, "precip_12mo_anomaly": 0.061, "pred_gen_anomaly": 0.169, "pred_gen_anomaly_lo": -0.27, "pred_gen_anomaly_hi": 0.814, "pred_gen_anomaly_3mo": 0.15, "has_generation_truth": true, "confidence": "carry-over storage (validated class)", "match_method": "hydrolakes_pour"}}, {"type": "Feature", "geometry": {"type": "Point", "coordinates": [24.4621, 41.3355]}, "properties": {"gww_id": 76580, "name": "Platanovrysi PLATANOVRYSI - Platanovrisi Hydroelectric Power Plant Greece", "reservoir": null, "country": "Greece", "iso3": "GRC", "capacity_mw": 116.0, "latest_month": "2026-08", "area_km2": 2.2, "area_anomaly": 0.023, "area_anomaly_3mo": 0.007, "precip_12mo_anomaly": 0.277, "pred_gen_anomaly": 0.0, "pred_gen_anomaly_lo": -0.34, "pred_gen_anomaly_hi": 0.391, "pred_gen_anomaly_3mo": 0.204, "has_generation_truth": false, "confidence": "short residence time (weak area signal)", "match_method": "hydrolakes_pour"}}, {"type": "Feature", "geometry": {"type": "Point", "coordinates": [6.62249, 45.68545]}, "properties": {"gww_id": 76573, "name": "La Bathie - Roseland", "reservoir": null, "country": "France", "iso3": "FRA", "capacity_mw": 546.0, "latest_month": "2026-08", "area_km2": 2.54, "area_anomaly": -0.119, "area_anomaly_3mo": -0.007, "precip_12mo_anomaly": -0.018, "pred_gen_anomaly": -0.186, "pred_gen_anomaly_lo": -0.51, "pred_gen_anomaly_hi": 0.148, "pred_gen_anomaly_3mo": -0.07, "has_generation_truth": false, "confidence": "short residence time (weak area signal)", "match_method": "hydrolakes_pour"}}, {"type": "Feature", "geometry": {"type": "Point", "coordinates": [-50.5, -19.01666667]}, "properties": {"gww_id": 90578, "name": "S\u00c3O SIM\u00c3O", "reservoir": "Sao Simao Reservoir", "country": "BRA", "iso3": "BRA", "capacity_mw": 1710.0, "latest_month": "2026-08", "area_km2": 536.6, "area_anomaly": -0.02, "area_anomaly_3mo": 0.003, "precip_12mo_anomaly": 0.052, "pred_gen_anomaly": 0.108, "pred_gen_anomaly_lo": -0.375, "pred_gen_anomaly_hi": 0.554, "pred_gen_anomaly_3mo": 0.084, "has_generation_truth": true, "confidence": "short residence time (weak area signal)", "match_method": "hydrolakes_pour"}}, {"type": "Feature", "geometry": {"type": "Point", "coordinates": [127.9926, 37.0071]}, "properties": {"gww_id": 88800, "name": "Chungju", "reservoir": null, "country": "South Korea", "iso3": "KOR", "capacity_mw": 400.0, "latest_month": "2026-08", "area_km2": 56.83, "area_anomaly": 0.033, "area_anomaly_3mo": -0.033, "precip_12mo_anomaly": 0.167, "pred_gen_anomaly": -0.041, "pred_gen_anomaly_lo": -0.403, "pred_gen_anomaly_hi": 0.411, "pred_gen_anomaly_3mo": -0.001, "has_generation_truth": false, "confidence": "carry-over storage (validated class)", "match_method": "hydrolakes_pour"}}, {"type": "Feature", "geometry": {"type": "Point", "coordinates": [-51.78888889, -27.52444444]}, "properties": {"gww_id": 88811, "name": "MACHADINHO", "reservoir": null, "country": "BRA", "iso3": "BRA", "capacity_mw": 1140.0, "latest_month": "2026-08", "area_km2": 59.82, "area_anomaly": 0.03, "area_anomaly_3mo": 0.016, "precip_12mo_anomaly": 0.032, "pred_gen_anomaly": 0.02, "pred_gen_anomaly_lo": -0.401, "pred_gen_anomaly_hi": 0.627, "pred_gen_anomaly_3mo": -0.024, "has_generation_truth": true, "confidence": "short residence time (weak area signal)", "match_method": "hydrolakes_pour"}}, {"type": "Feature", "geometry": {"type": "Point", "coordinates": [-6.8849, 39.730301]}, "properties": {"gww_id": 88817, "name": "JM ORIOL 1 - Jose Maria de Oriol (Alcantara) Hydroelectric Power Plant Spain", "reservoir": null, "country": "Spain", "iso3": "ESP", "capacity_mw": 934.0, "latest_month": "2026-08", "area_km2": 58.06, "area_anomaly": 0.017, "area_anomaly_3mo": 0.028, "precip_12mo_anomaly": 0.22, "pred_gen_anomaly": 0.047, "pred_gen_anomaly_lo": -0.3, "pred_gen_anomaly_hi": 0.442, "pred_gen_anomaly_3mo": 0.128, "has_generation_truth": false, "confidence": "carry-over storage (validated class)", "match_method": "hydrolakes_pour"}}, {"type": "Feature", "geometry": {"type": "Point", "coordinates": [69.1237, 38.2674]}, "properties": {"gww_id": 84958, "name": "Baipaza", "reservoir": null, "country": "Tajikistan", "iso3": "TJK", "capacity_mw": 600.0, "latest_month": "2026-08", "area_km2": 8.51, "area_anomaly": -0.011, "area_anomaly_3mo": 0.007, "precip_12mo_anomaly": 0.042, "pred_gen_anomaly": 0.009, "pred_gen_anomaly_lo": -0.255, "pred_gen_anomaly_hi": 0.364, "pred_gen_anomaly_3mo": 0.101, "has_generation_truth": false, "confidence": "short residence time (weak area signal)", "match_method": "hydrolakes_pour"}}, {"type": "Feature", "geometry": {"type": "Point", "coordinates": [105.3985, 22.36]}, "properties": {"gww_id": 88859, "name": "Tuyen Quang", "reservoir": null, "country": "Vietnam", "iso3": "VNM", "capacity_mw": 342.0, "latest_month": "2026-08", "area_km2": 52.17, "area_anomaly": -0.089, "area_anomaly_3mo": -0.049, "precip_12mo_anomaly": 0.203, "pred_gen_anomaly": 0.233, "pred_gen_anomaly_lo": -0.334, "pred_gen_anomaly_hi": 0.716, "pred_gen_anomaly_3mo": 0.18, "has_generation_truth": false, "confidence": "unknown residence time", "match_method": "gww_polygon"}}, {"type": "Feature", "geometry": {"type": "Point", "coordinates": [131.323, 32.195]}, "properties": {"gww_id": 83368, "name": "Hitotsuse", "reservoir": "Hitotsuse", "country": "Japan", "iso3": "JPN", "capacity_mw": 180.0, "latest_month": "2026-08", "area_km2": 6.34, "area_anomaly": 0.157, "area_anomaly_3mo": 0.027, "precip_12mo_anomaly": 0.499, "pred_gen_anomaly": 0.707, "pred_gen_anomaly_lo": -0.329, "pred_gen_anomaly_hi": 1.8, "pred_gen_anomaly_3mo": 0.586, "has_generation_truth": false, "confidence": "carry-over storage (validated class)", "match_method": "hydrolakes_pour"}}, {"type": "Feature", "geometry": {"type": "Point", "coordinates": [24.549583, 65.797083]}, "properties": {"gww_id": 84796, "name": "Isohaara", "reservoir": null, "country": "Finland", "iso3": "FIN", "capacity_mw": 106.0, "latest_month": "2026-08", "area_km2": 12.63, "area_anomaly": 0.012, "area_anomaly_3mo": 0.009, "precip_12mo_anomaly": 0.209, "pred_gen_anomaly": 0.107, "pred_gen_anomaly_lo": -0.068, "pred_gen_anomaly_hi": 0.368, "pred_gen_anomaly_3mo": 0.138, "has_generation_truth": false, "confidence": "short residence time (weak area signal)", "match_method": "hydrolakes_pour"}}, {"type": "Feature", "geometry": {"type": "Point", "coordinates": [118.81, 26.31]}, "properties": {"gww_id": 88905, "name": "Shuikou", "reservoir": null, "country": "China", "iso3": "CHN", "capacity_mw": 1400.0, "latest_month": "2026-08", "area_km2": 69.38, "area_anomaly": 0.062, "area_anomaly_3mo": 0.016, "precip_12mo_anomaly": -0.075, "pred_gen_anomaly": -0.063, "pred_gen_anomaly_lo": -0.467, "pred_gen_anomaly_hi": 0.52, "pred_gen_anomaly_3mo": -0.227, "has_generation_truth": false, "confidence": "short residence time (weak area signal)", "match_method": "hydrolakes_pour"}}, {"type": "Feature", "geometry": {"type": "Point", "coordinates": [111.13, 28.33]}, "properties": {"gww_id": 88909, "name": "Zhexi", "reservoir": null, "country": "China", "iso3": "CHN", "capacity_mw": 948.0, "latest_month": "2026-08", "area_km2": 68.35, "area_anomaly": 0.071, "area_anomaly_3mo": 0.015, "precip_12mo_anomaly": 0.099, "pred_gen_anomaly": 0.055, "pred_gen_anomaly_lo": -0.352, "pred_gen_anomaly_hi": 0.832, "pred_gen_anomaly_3mo": 0.022, "has_generation_truth": false, "confidence": "short residence time (weak area signal)", "match_method": "hydrolakes_pour"}}, {"type": "Feature", "geometry": {"type": "Point", "coordinates": [44.6767, 48.8244]}, "properties": {"gww_id": 92092, "name": "Volzhskaya HPP", "reservoir": "Volgograd Reservoir", "country": "Russia", "iso3": "RUS", "capacity_mw": 2671.0, "latest_month": "2026-08", "area_km2": 2466.43, "area_anomaly": 0.695, "area_anomaly_3mo": 0.823, "precip_12mo_anomaly": -0.047, "pred_gen_anomaly": 0.494, "pred_gen_anomaly_lo": -0.144, "pred_gen_anomaly_hi": 0.864, "pred_gen_anomaly_3mo": 0.47, "has_generation_truth": false, "confidence": "short residence time (weak area signal)", "match_method": "hydrolakes_pour"}}, {"type": "Feature", "geometry": {"type": "Point", "coordinates": [48.1341, 32.4858]}, "properties": {"gww_id": 88917, "name": "Karkheh", "reservoir": null, "country": "Iran", "iso3": "IRN", "capacity_mw": 400.0, "latest_month": "2026-08", "area_km2": 96.05, "area_anomaly": 0.135, "area_anomaly_3mo": -0.085, "precip_12mo_anomaly": 0.089, "pred_gen_anomaly": -0.01, "pred_gen_anomaly_lo": -0.303, "pred_gen_anomaly_hi": 0.769, "pred_gen_anomaly_3mo": -0.196, "has_generation_truth": false, "confidence": "carry-over storage (validated class)", "match_method": "hydrolakes_pour"}}, {"type": "Feature", "geometry": {"type": "Point", "coordinates": [-5.197224225, 34.59375]}, "properties": {"gww_id": 88929, "name": "Al-Wahda", "reservoir": null, "country": "Morocco", "iso3": "MAR", "capacity_mw": 246.0, "latest_month": "2026-08", "area_km2": 108.74, "area_anomaly": 0.213, "area_anomaly_3mo": 0.188, "precip_12mo_anomaly": 0.41, "pred_gen_anomaly": 0.393, "pred_gen_anomaly_lo": -0.323, "pred_gen_anomaly_hi": 1.128, "pred_gen_anomaly_3mo": 0.425, "has_generation_truth": false, "confidence": "carry-over storage (validated class)", "match_method": "hydrolakes_pour"}}, {"type": "Feature", "geometry": {"type": "Point", "coordinates": [33.1943, 36.5285]}, "properties": {"gww_id": 76301, "name": "Gezende Dam", "reservoir": null, "country": "Turkey", "iso3": "TUR", "capacity_mw": 159.0, "latest_month": "2026-08", "area_km2": 2.81, "area_anomaly": 0.079, "area_anomaly_3mo": 0.02, "precip_12mo_anomaly": 0.633, "pred_gen_anomaly": 0.536, "pred_gen_anomaly_lo": -0.187, "pred_gen_anomaly_hi": 1.168, "pred_gen_anomaly_3mo": 0.601, "has_generation_truth": false, "confidence": "short residence time (weak area signal)", "match_method": "hydrolakes_pour"}}, {"type": "Feature", "geometry": {"type": "Point", "coordinates": [69.3481, 38.3717]}, "properties": {"gww_id": 88741, "name": "Nurek", "reservoir": null, "country": "Tajikistan", "iso3": "TJK", "capacity_mw": 3015.0, "latest_month": "2026-08", "area_km2": 81.9, "area_anomaly": -0.007, "area_anomaly_3mo": -0.038, "precip_12mo_anomaly": 0.042, "pred_gen_anomaly": 0.008, "pred_gen_anomaly_lo": -0.242, "pred_gen_anomaly_hi": 0.447, "pred_gen_anomaly_3mo": 0.059, "has_generation_truth": false, "confidence": "carry-over storage (validated class)", "match_method": "hydrolakes_pour"}}, {"type": "Feature", "geometry": {"type": "Point", "coordinates": [-79.0436, 43.1456]}, "properties": {"gww_id": 76803, "name": "Sir Adam Beck 2", "reservoir": "Sir Adam Beck Reservoir", "country": "Canada", "iso3": "CAN", "capacity_mw": 1949.0, "latest_month": "2026-08", "area_km2": 2.9, "area_anomaly": 0.022, "area_anomaly_3mo": -0.007, "precip_12mo_anomaly": 0.185, "pred_gen_anomaly": 0.198, "pred_gen_anomaly_lo": -0.225, "pred_gen_anomaly_hi": 0.632, "pred_gen_anomaly_3mo": 0.188, "has_generation_truth": false, "confidence": "short residence time (weak area signal)", "match_method": "gww_polygon"}}, {"type": "Feature", "geometry": {"type": "Point", "coordinates": [107.389, -6.523]}, "properties": {"gww_id": 88740, "name": "Jatiluhur", "reservoir": null, "country": "Indonesia", "iso3": "IDN", "capacity_mw": 186.0, "latest_month": "2026-08", "area_km2": 67.61, "area_anomaly": -0.037, "area_anomaly_3mo": -0.001, "precip_12mo_anomaly": 0.078, "pred_gen_anomaly": -0.01, "pred_gen_anomaly_lo": -0.557, "pred_gen_anomaly_hi": 0.558, "pred_gen_anomaly_3mo": -0.008, "has_generation_truth": false, "confidence": "carry-over storage (validated class)", "match_method": "hydrolakes_pour"}}, {"type": "Feature", "geometry": {"type": "Point", "coordinates": [2.74042, 44.82942]}, "properties": {"gww_id": 83146, "name": "Sarrans SARRANS - Sarrans Hydroelectric Power Station France", "reservoir": null, "country": "France", "iso3": "FRA", "capacity_mw": 183.0, "latest_month": "2026-08", "area_km2": 5.33, "area_anomaly": -0.111, "area_anomaly_3mo": -0.095, "precip_12mo_anomaly": -0.048, "pred_gen_anomaly": -0.178, "pred_gen_anomaly_lo": -0.526, "pred_gen_anomaly_hi": 0.096, "pred_gen_anomaly_3mo": -0.158, "has_generation_truth": false, "confidence": "short residence time (weak area signal)", "match_method": "hydrolakes_pour"}}, {"type": "Feature", "geometry": {"type": "Point", "coordinates": [10.735525, 47.651451]}, "properties": {"gww_id": 85163, "name": "Ro\u00c3\u009fhaupten", "reservoir": null, "country": "Germany", "iso3": "DEU", "capacity_mw": 45.5, "latest_month": "2026-08", "area_km2": 14.57, "area_anomaly": 0.002, "area_anomaly_3mo": 0.035, "precip_12mo_anomaly": -0.066, "pred_gen_anomaly": -0.099, "pred_gen_anomaly_lo": -0.486, "pred_gen_anomaly_hi": 0.256, "pred_gen_anomaly_3mo": -0.038, "has_generation_truth": false, "confidence": "short residence time (weak area signal)", "match_method": "hydrolakes_pour"}}, {"type": "Feature", "geometry": {"type": "Point", "coordinates": [-74.7614, 44.4553]}, "properties": {"gww_id": 77265, "name": "Stark", "reservoir": null, "country": "USA", "iso3": "USA", "capacity_mw": 41.0, "latest_month": "2026-08", "area_km2": 2.28, "area_anomaly": 0.0, "area_anomaly_3mo": 0.021, "precip_12mo_anomaly": 0.107, "pred_gen_anomaly": 0.214, "pred_gen_anomaly_lo": -0.297, "pred_gen_anomaly_hi": 0.615, "pred_gen_anomaly_3mo": 0.124, "has_generation_truth": true, "confidence": "short residence time (weak area signal)", "match_method": "gww_polygon"}}, {"type": "Feature", "geometry": {"type": "Point", "coordinates": [-86.518307, 31.361146]}, "properties": {"gww_id": 77206, "name": "Point A", "reservoir": null, "country": "USA", "iso3": "USA", "capacity_mw": 5.2, "latest_month": "2026-08", "area_km2": 2.26, "area_anomaly": 0.018, "area_anomaly_3mo": 0.012, "precip_12mo_anomaly": -0.147, "pred_gen_anomaly": -0.092, "pred_gen_anomaly_lo": -0.524, "pred_gen_anomaly_hi": 0.382, "pred_gen_anomaly_3mo": -0.167, "has_generation_truth": true, "confidence": "short residence time (weak area signal)", "match_method": "hydrolakes_pour"}}, {"type": "Feature", "geometry": {"type": "Point", "coordinates": [100.3698, 24.0256]}, "properties": {"gww_id": 77198, "name": "Da Chao Shan", "reservoir": null, "country": "China", "iso3": "CHN", "capacity_mw": 1350.0, "latest_month": "2026-08", "area_km2": 1.19, "area_anomaly": -0.115, "area_anomaly_3mo": -0.103, "precip_12mo_anomaly": -0.005, "pred_gen_anomaly": -0.074, "pred_gen_anomaly_lo": -0.364, "pred_gen_anomaly_hi": 0.416, "pred_gen_anomaly_3mo": -0.017, "has_generation_truth": false, "confidence": "unknown residence time", "match_method": "gww_polygon"}}, {"type": "Feature", "geometry": {"type": "Point", "coordinates": [127.5171, 40.6604]}, "properties": {"gww_id": 85123, "name": "River Pujon", "reservoir": null, "country": "North Korea", "iso3": "PRK", "capacity_mw": 202.3, "latest_month": "2026-08", "area_km2": 13.19, "area_anomaly": -0.026, "area_anomaly_3mo": 0.015, "precip_12mo_anomaly": 0.138, "pred_gen_anomaly": 0.045, "pred_gen_anomaly_lo": -0.322, "pred_gen_anomaly_hi": 0.596, "pred_gen_anomaly_3mo": 0.127, "has_generation_truth": false, "confidence": "carry-over storage (validated class)", "match_method": "hydrolakes_pour"}}, {"type": "Feature", "geometry": {"type": "Point", "coordinates": [5.908, 44.817]}, "properties": {"gww_id": 77180, "name": "Sautet le Sautet (Le) Hydroelectric Power Station France - Sautet (Le) Hydroelectric Power Station France", "reservoir": null, "country": "France", "iso3": "FRA", "capacity_mw": 76.0, "latest_month": "2026-08", "area_km2": 2.69, "area_anomaly": 0.026, "area_anomaly_3mo": 0.02, "precip_12mo_anomaly": -0.046, "pred_gen_anomaly": -0.07, "pred_gen_anomaly_lo": -0.441, "pred_gen_anomaly_hi": 0.253, "pred_gen_anomaly_3mo": -0.092, "has_generation_truth": false, "confidence": "short residence time (weak area signal)", "match_method": "hydrolakes_pour"}}, {"type": "Feature", "geometry": {"type": "Point", "coordinates": [148.1362, -36.2423]}, "properties": {"gww_id": 77116, "name": "Murray 2", "reservoir": null, "country": "Australia", "iso3": "AUS", "capacity_mw": 552.0, "latest_month": "2026-08", "area_km2": 2.63, "area_anomaly": 0.062, "area_anomaly_3mo": 0.04, "precip_12mo_anomaly": -0.195, "pred_gen_anomaly": -0.406, "pred_gen_anomaly_lo": -0.738, "pred_gen_anomaly_hi": -0.016, "pred_gen_anomaly_3mo": -0.259, "has_generation_truth": false, "confidence": "short residence time (weak area signal)", "match_method": "hydrolakes_pour"}}, {"type": "Feature", "geometry": {"type": "Point", "coordinates": [104.1175, 10.7041]}, "properties": {"gww_id": 85058, "name": "Kamchay", "reservoir": "Kamchay Dam Reservoir", "country": "Cambodia", "iso3": "KHM", "capacity_mw": 193.0, "latest_month": "2026-08", "area_km2": 12.82, "area_anomaly": 0.073, "area_anomaly_3mo": 0.075, "precip_12mo_anomaly": -0.061, "pred_gen_anomaly": -0.07, "pred_gen_anomaly_lo": -0.455, "pred_gen_anomaly_hi": 0.453, "pred_gen_anomaly_3mo": -0.056, "has_generation_truth": false, "confidence": "unknown residence time", "match_method": "gww_polygon"}}, {"type": "Feature", "geometry": {"type": "Point", "coordinates": [108.88, 32.6]}, "properties": {"gww_id": 88672, "name": "Ankang", "reservoir": null, "country": "China", "iso3": "CHN", "capacity_mw": 800.0, "latest_month": "2026-08", "area_km2": 44.11, "area_anomaly": 0.023, "area_anomaly_3mo": -0.016, "precip_12mo_anomaly": 0.45, "pred_gen_anomaly": 0.001, "pred_gen_anomaly_lo": -0.246, "pred_gen_anomaly_hi": 0.496, "pred_gen_anomaly_3mo": 0.103, "has_generation_truth": false, "confidence": "short residence time (weak area signal)", "match_method": "hydrolakes_pour"}}, {"type": "Feature", "geometry": {"type": "Point", "coordinates": [104.54, 24.82]}, "properties": {"gww_id": 77068, "name": "Lubuge", "reservoir": null, "country": "China", "iso3": "CHN", "capacity_mw": 834.4, "latest_month": "2026-08", "area_km2": 1.51, "area_anomaly": -0.028, "area_anomaly_3mo": -0.096, "precip_12mo_anomaly": 0.337, "pred_gen_anomaly": 0.191, "pred_gen_anomaly_lo": -0.337, "pred_gen_anomaly_hi": 0.809, "pred_gen_anomaly_3mo": 0.261, "has_generation_truth": false, "confidence": "short residence time (weak area signal)", "match_method": "hydrolakes_pour"}}, {"type": "Feature", "geometry": {"type": "Point", "coordinates": [-1.502917, 39.545417]}, "properties": {"gww_id": 85024, "name": "Contreras", "reservoir": null, "country": "Spain", "iso3": "ESP", "capacity_mw": 75.0, "latest_month": "2026-08", "area_km2": 10.38, "area_anomaly": 0.084, "area_anomaly_3mo": 0.114, "precip_12mo_anomaly": 0.328, "pred_gen_anomaly": 0.176, "pred_gen_anomaly_lo": -0.381, "pred_gen_anomaly_hi": 0.637, "pred_gen_anomaly_3mo": 0.167, "has_generation_truth": false, "confidence": "carry-over storage (validated class)", "match_method": "hydrolakes_pour"}}, {"type": "Feature", "geometry": {"type": "Point", "coordinates": [37.80663303, -0.8107996988]}, "properties": {"gww_id": 77051, "name": "Kindaruma", "reservoir": null, "country": "Kenya", "iso3": "KEN", "capacity_mw": 72.0, "latest_month": "2026-08", "area_km2": 2.2, "area_anomaly": 0.084, "area_anomaly_3mo": 0.066, "precip_12mo_anomaly": 0.164, "pred_gen_anomaly": -0.045, "pred_gen_anomaly_lo": -0.421, "pred_gen_anomaly_hi": 0.697, "pred_gen_anomaly_3mo": 0.089, "has_generation_truth": false, "confidence": "short residence time (weak area signal)", "match_method": "hydrolakes_pour"}}, {"type": "Feature", "geometry": {"type": "Point", "coordinates": [21.499583, 38.890417]}, "properties": {"gww_id": 88716, "name": "Kremasta", "reservoir": null, "country": "Greece", "iso3": "GRC", "capacity_mw": 437.2, "latest_month": "2026-08", "area_km2": 63.44, "area_anomaly": -0.02, "area_anomaly_3mo": -0.008, "precip_12mo_anomaly": 0.579, "pred_gen_anomaly": 0.301, "pred_gen_anomaly_lo": -0.329, "pred_gen_anomaly_hi": 0.754, "pred_gen_anomaly_3mo": 0.433, "has_generation_truth": false, "confidence": "carry-over storage (validated class)", "match_method": "hydrolakes_pour"}}, {"type": "Feature", "geometry": {"type": "Point", "coordinates": [116.5955, 24.662]}, "properties": {"gww_id": 88727, "name": "Mianhutan", "reservoir": null, "country": "China", "iso3": "CHN", "capacity_mw": 600.0, "latest_month": "2026-08", "area_km2": 49.12, "area_anomaly": 0.136, "area_anomaly_3mo": 0.182, "precip_12mo_anomaly": -0.026, "pred_gen_anomaly": 0.182, "pred_gen_anomaly_lo": -0.52, "pred_gen_anomaly_hi": 1.084, "pred_gen_anomaly_3mo": 0.034, "has_generation_truth": false, "confidence": "carry-over storage (validated class)", "match_method": "hydrolakes_pour"}}, {"type": "Feature", "geometry": {"type": "Point", "coordinates": [-2.796, 38.174999]}, "properties": {"gww_id": 84968, "name": "TRANCO DE BEAS 1", "reservoir": null, "country": "Spain", "iso3": "ESP", "capacity_mw": 40.0, "latest_month": "2026-08", "area_km2": 12.56, "area_anomaly": 0.254, "area_anomaly_3mo": 0.251, "precip_12mo_anomaly": 0.239, "pred_gen_anomaly": 0.174, "pred_gen_anomaly_lo": -0.505, "pred_gen_anomaly_hi": 0.778, "pred_gen_anomaly_3mo": 0.166, "has_generation_truth": false, "confidence": "carry-over storage (validated class)", "match_method": "hydrolakes_pour"}}, {"type": "Feature", "geometry": {"type": "Point", "coordinates": [0.274, 41.368999]}, "properties": {"gww_id": 88733, "name": "MEQUINENZA", "reservoir": null, "country": "Spain", "iso3": "ESP", "capacity_mw": 324.0, "latest_month": "2026-08", "area_km2": 51.96, "area_anomaly": 0.026, "area_anomaly_3mo": 0.03, "precip_12mo_anomaly": 0.141, "pred_gen_anomaly": -0.05, "pred_gen_anomaly_lo": -0.33, "pred_gen_anomaly_hi": 0.322, "pred_gen_anomaly_3mo": -0.022, "has_generation_truth": false, "confidence": "short residence time (weak area signal)", "match_method": "hydrolakes_pour"}}, {"type": "Feature", "geometry": {"type": "Point", "coordinates": [19.896293, 66.80939]}, "properties": {"gww_id": 75759, "name": "Ligga Ligga G3 - Ligga Hydroelectric Power Station Sweden", "reservoir": null, "country": "Sweden", "iso3": "SWE", "capacity_mw": 342.0, "latest_month": "2026-08", "area_km2": 2.05, "area_anomaly": 0.042, "area_anomaly_3mo": 0.039, "precip_12mo_anomaly": 0.146, "pred_gen_anomaly": 0.133, "pred_gen_anomaly_lo": -0.177, "pred_gen_anomaly_hi": 0.406, "pred_gen_anomaly_3mo": 0.112, "has_generation_truth": false, "confidence": "short residence time (weak area signal)", "match_method": "hydrolakes_pour"}}, {"type": "Feature", "geometry": {"type": "Point", "coordinates": [28.7616715, -16.52166184]}, "properties": {"gww_id": 92438, "name": "Kariba South Bank", "reservoir": "Kariba Reservoir", "country": "Zimbabwe", "iso3": "ZWE", "capacity_mw": 2130.0, "latest_month": "2026-08", "area_km2": 4802.37, "area_anomaly": 0.026, "area_anomaly_3mo": 0.052, "precip_12mo_anomaly": 0.041, "pred_gen_anomaly": 0.024, "pred_gen_anomaly_lo": -0.3, "pred_gen_anomaly_hi": 0.624, "pred_gen_anomaly_3mo": 0.042, "has_generation_truth": false, "confidence": "carry-over storage (validated class)", "match_method": "gww_polygon"}}]}